gbif_id,lat,lon,datum,monat,jahr
6003686802,52.2886,10.58563,2026-01-18,1,2026
6003688574,52.36343,10.74983,2026-01-17,1,2026
6003689578,52.29028,10.58587,2026-01-18,1,2026
6130356173,52.25538,10.53763,2026-01-20,1,2026
6130376288,52.26942,10.49981,2026-01-15,1,2026
6130568958,52.25367,10.45895,2026-01-11,1,2026
6131234141,52.38729,10.34535,2026-01-18,1,2026
6150263661,52.35408,10.57935,2026-01-21,1,2026
6150366444,52.29079,10.51312,2026-01-03,1,2026
6150601647,52.25551,10.59637,2026-01-17,1,2026
6150627202,52.12114,10.32225,2026-01-13,1,2026
6150629669,52.14336,10.76631,2026-01-16,1,2026
6151051555,52.27562,10.58011,2026-01-25,1,2026
6151160904,52.31748,10.44997,2026-01-28,1,2026
6151209661,52.28684,10.5042,2026-01-03,1,2026
6151396749,52.43072,10.27365,2026-01-27,1,2026
6151587858,52.13607,10.3402,2026-01-16,1,2026
6151672226,52.12211,10.28568,2026-01-16,1,2026
6151700315,52.34361,10.71163,2026-01-01,1,2026
6151961913,52.50171,10.16606,2026-01-16,1,2026
6151987326,52.28601,10.50528,2026-01-18,1,2026
6152287995,52.26763,10.60322,2026-01-16,1,2026
6152312582,52.34702,10.40217,2026-01-19,1,2026
6152322580,52.15443,10.3175,2026-01-14,1,2026
6162912728,52.26804,10.56256,2026-01-21,1,2026
6342028011,52.24994,10.45998,2026-01-24,1,2026
6342263892,52.25676,10.45974,2026-01-24,1,2026
6411104487,52.12115,10.29029,2026-01-16,1,2026
6147202400,52.28883,10.50079,2026-02-06,2,2026
6150354329,52.62932,10.98299,2026-02-10,2,2026
6150388607,52.60473,10.59314,2026-02-12,2,2026
6150565524,52.10139,10.18824,2026-02-09,2,2026
6150801208,52.6316,10.98349,2026-02-10,2,2026
6150980758,52.14811,10.80604,2026-02-15,2,2026
6151098195,52.13217,10.34573,2026-02-10,2,2026
6151543865,52.49778,10.1686,2026-02-09,2,2026
6151640493,52.52254,10.59034,2026-02-12,2,2026
6151865186,52.14601,10.79559,2026-02-15,2,2026
6151899181,52.26848,10.39681,2026-02-07,2,2026
6152061795,52.30164,10.81743,2026-02-01,2,2026
6152075009,52.11885,10.29807,2026-02-08,2,2026
6152123010,52.45791,10.42773,2026-02-03,2,2026
6152223507,52.62689,10.98225,2026-02-10,2,2026
6158739484,52.53001,10.23067,2026-02-09,2,2026
6158744721,52.49052,10.19161,2026-02-09,2,2026
6159157662,52.25676,10.47047,2026-02-10,2,2026
6162844494,52.27095,10.48059,2026-02-18,2,2026
6162873454,52.26803,10.56258,2026-02-22,2,2026
6162940347,52.25891,10.46735,2026-02-13,2,2026
6168935515,52.4892,10.55832,2026-02-25,2,2026
6168991173,52.2805,10.47645,2026-02-20,2,2026
6169011522,52.27743,10.59796,2026-02-27,2,2026
6169035234,52.26668,10.59754,2026-02-28,2,2026
6169056681,52.11044,10.30728,2026-02-25,2,2026
6169090307,52.12201,10.27706,2026-02-23,2,2026
6169374734,52.48249,10.49166,2026-02-28,2,2026
6169536864,52.32386,10.43262,2026-02-15,2,2026
6169589016,52.6023,10.94396,2026-02-21,2,2026
6169604466,52.48885,10.55939,2026-02-25,2,2026
6169629262,52.37164,10.3175,2026-02-24,2,2026
6169667687,52.26317,10.58418,2026-02-27,2,2026
6169698417,52.12535,10.27862,2026-02-23,2,2026
6169765062,52.27842,10.59736,2026-02-27,2,2026
6169956477,52.70151,10.43484,2026-02-22,2,2026
6170068051,52.36188,10.31602,2026-02-24,2,2026
6170148112,52.28192,10.47361,2026-02-23,2,2026
6170177547,52.26555,10.59384,2026-02-28,2,2026
6170267126,52.27258,10.58012,2026-02-27,2,2026
6170360727,52.35327,10.48433,2026-02-15,2,2026
6170525613,52.27235,10.58366,2026-02-27,2,2026
6170551745,52.31882,10.44162,2026-02-21,2,2026
6170878671,52.3076,10.57221,2026-02-28,2,2026
6171299892,52.54577,10.62794,2026-02-27,2,2026
6171616469,52.58172,10.18364,2026-02-25,2,2026
6171617979,52.52782,10.10038,2026-02-26,2,2026
6171633010,52.53001,10.23067,2026-02-23,2,2026
6412232441,52.5985,10.56267,2026-02-12,2,2026
6169479831,52.15109,10.50328,2026-03-07,3,2026
6169596756,52.09839,10.12807,2026-03-04,3,2026
6169923727,52.26728,10.57269,2026-03-04,3,2026
6169929012,52.26289,10.58508,2026-03-04,3,2026
6170040206,52.15413,10.5045,2026-03-07,3,2026
6170050102,52.22513,10.55221,2026-03-05,3,2026
6170241488,52.28403,10.54346,2026-03-05,3,2026
6170295285,52.43653,10.90509,2026-03-08,3,2026
6170316538,52.25623,10.53601,2026-03-04,3,2026
6170329318,52.3973,10.55063,2026-03-07,3,2026
6170429760,52.30913,10.61317,2026-03-08,3,2026
6170526050,52.08748,10.38265,2026-03-05,3,2026
6170545627,52.34355,10.71223,2026-03-07,3,2026
6170595408,52.11101,10.31198,2026-03-07,3,2026
6170971255,52.83711,10.33813,2026-03-01,3,2026
6171058328,52.82138,10.29597,2026-03-01,3,2026
6171619353,52.07362,10.37373,2026-03-07,3,2026
6178158641,52.33432,10.72498,2026-03-11,3,2026
6178165258,52.34333,10.71087,2026-03-14,3,2026
6178168297,52.28077,10.76055,2026-03-15,3,2026
6178387460,52.83587,10.32769,2026-03-01,3,2026
6178719216,52.44342,10.45453,2026-03-07,3,2026
6179290747,52.27704,10.45963,2026-03-13,3,2026
6181725389,52.55838,10.94606,2026-03-16,3,2026
6181725781,52.05958,10.5151,2026-03-20,3,2026
6181725905,52.32359,10.70701,2026-03-22,3,2026
6181733881,52.53001,10.23067,2026-03-16,3,2026
6182401352,52.36149,10.33349,2026-03-29,3,2026
6182404152,52.25882,10.29392,2026-03-18,3,2026
6182421070,52.28391,10.63316,2026-03-19,3,2026
6182433455,52.3402,10.70865,2026-03-16,3,2026
6182437489,52.36541,10.33533,2026-03-17,3,2026
6182444376,52.38089,10.75121,2026-03-27,3,2026
6182454065,52.38027,10.74208,2026-03-27,3,2026
6182505301,52.34987,10.10234,2026-03-27,3,2026
6182508613,52.38515,10.77087,2026-03-11,3,2026
6182542936,52.33851,10.70837,2026-03-28,3,2026
6182558541,52.27254,10.5927,2026-03-19,3,2026
6182586866,52.38551,10.77043,2026-03-11,3,2026
6182598453,52.3436,10.71119,2026-03-14,3,2026
6182614203,52.25652,10.45345,2026-03-11,3,2026
6182640496,52.2946,10.6648,2026-03-13,3,2026
6182710268,52.28303,10.48729,2026-03-11,3,2026
6182715135,52.28226,10.75398,2026-03-27,3,2026
6182728830,52.27581,10.57692,2026-03-18,3,2026
6182729556,52.45124,10.71311,2026-03-14,3,2026
6182731482,52.21807,10.21846,2026-03-22,3,2026
6182745980,52.57255,10.65685,2026-03-17,3,2026
6182757823,52.10326,10.13146,2026-03-16,3,2026
6182762071,52.33836,10.70827,2026-03-28,3,2026
6182808706,52.44555,10.44024,2026-03-29,3,2026
6182813198,52.29026,10.58782,2026-03-24,3,2026
6182836189,52.28561,10.63811,2026-03-19,3,2026
6182868219,52.28855,10.76299,2026-03-19,3,2026
6182907465,52.28612,10.62054,2026-03-22,3,2026
6182945180,52.36352,10.41741,2026-03-23,3,2026
6182955784,52.28852,10.58561,2026-03-24,3,2026
6182956380,52.2889,10.58711,2026-03-24,3,2026
6182962486,52.27397,10.5746,2026-03-18,3,2026
6182967255,52.28443,10.63394,2026-03-19,3,2026
6182984635,52.25892,10.29251,2026-03-18,3,2026
6182986506,52.257,10.45371,2026-03-11,3,2026
6183044172,52.36737,10.41878,2026-03-23,3,2026
6183095487,52.38365,10.24182,2026-03-16,3,2026
6183102246,52.36759,10.42254,2026-03-23,3,2026
6183109114,52.3689,10.31583,2026-03-19,3,2026
6183134377,52.3432,10.72014,2026-03-29,3,2026
6183147578,52.34014,10.70865,2026-03-28,3,2026
6183168547,52.15098,10.77779,2026-03-20,3,2026
6183241611,52.28489,10.61969,2026-03-22,3,2026
6183300557,52.58673,10.12461,2026-03-26,3,2026
6183347782,52.07628,10.5405,2026-03-22,3,2026
6183381789,52.29348,10.40872,2026-03-19,3,2026
6183453030,52.28802,10.50082,2026-03-23,3,2026
6183541320,52.45025,10.45727,2026-03-23,3,2026
6183543205,52.3751,10.74602,2026-03-27,3,2026
6183545464,52.28679,10.62249,2026-03-22,3,2026
6183548220,52.12274,10.13917,2026-03-19,3,2026
6183578988,52.36143,10.33372,2026-03-29,3,2026
6183604913,52.27279,10.57878,2026-03-18,3,2026
6183630808,52.35363,10.4818,2026-03-27,3,2026
6183648335,52.28881,10.58453,2026-03-24,3,2026
6183689323,52.38565,10.77062,2026-03-11,3,2026
6183789217,52.56554,10.67017,2026-03-16,3,2026
6183828597,52.33803,10.71489,2026-03-28,3,2026
6183840622,52.36489,10.41618,2026-03-23,3,2026
6183846439,52.28104,10.75177,2026-03-19,3,2026
6184607711,52.33886,10.71606,2026-03-28,3,2026
6184611910,52.37359,10.70701,2026-03-27,3,2026
6184930804,52.11449,10.14477,2026-03-22,3,2026
6186586510,52.27267,10.57886,2026-03-31,3,2026
6186601568,52.2987,10.35659,2026-03-29,3,2026
6186604135,52.37609,10.43149,2026-03-29,3,2026
6186631504,52.18709,10.54396,2026-03-29,3,2026
6186668107,52.23448,10.81368,2026-03-29,3,2026
6186674658,52.29894,10.35595,2026-03-29,3,2026
6186684082,52.38462,10.72455,2026-03-31,3,2026
6186684977,52.37596,10.42996,2026-03-29,3,2026
6186847298,52.30035,10.34445,2026-03-29,3,2026
6186622706,52.08375,10.86393,2026-04-01,4,2026
6186649327,52.40318,10.79303,2026-04-02,4,2026
6186661870,52.3111,10.55961,2026-04-01,4,2026
6186895343,52.26816,10.59277,2026-04-01,4,2026
6188377563,52.16344,10.84642,2026-04-05,4,2026
6193157403,52.32628,10.58171,2026-04-06,4,2026
6193175809,52.44785,10.45533,2026-04-06,4,2026
6193177438,52.44859,10.45808,2026-04-06,4,2026
6193278632,52.44709,10.46151,2026-04-06,4,2026
6193283176,52.21287,10.76248,2026-04-06,4,2026
6193299582,52.48378,10.51472,2026-04-07,4,2026
6193312326,52.26737,10.59463,2026-04-10,4,2026
6193455407,52.66271,10.99074,2026-04-06,4,2026
6193535634,52.26819,10.60219,2026-04-06,4,2026
6195104170,52.52782,10.10038,2026-04-06,4,2026
6195108098,52.37359,10.79033,2026-04-06,4,2026
6195124419,52.38156,10.75203,2026-04-06,4,2026
6195406893,52.2812,10.80086,2026-04-11,4,2026
6195480152,52.16297,10.37652,2026-04-12,4,2026
6195885543,52.16239,10.37604,2026-04-12,4,2026
6213088163,52.26455,10.58074,2026-04-12,4,2026
6213122673,52.27704,10.45687,2026-04-15,4,2026
6213186279,52.40304,10.40493,2026-04-12,4,2026
6213276713,52.27726,10.45063,2026-04-15,4,2026
6213287852,52.22722,10.51126,2026-04-17,4,2026
6213295933,52.40111,10.40452,2026-04-12,4,2026
6213307584,52.40341,10.40577,2026-04-12,4,2026
6213409480,52.12945,10.34591,2026-04-18,4,2026
6213443150,52.2764,10.45797,2026-04-15,4,2026
6213467508,52.37026,10.32652,2026-04-15,4,2026
6213504428,52.63402,11.04893,2026-04-18,4,2026
6213553255,52.2382,10.64694,2026-04-12,4,2026
6213589327,52.81625,10.96808,2026-04-12,4,2026
6227504428,52.37561,10.41308,2026-04-21,4,2026
6227653529,52.23406,10.4823,2026-04-19,4,2026
6228132570,52.48311,10.50177,2026-04-24,4,2026
6234856187,52.11145,10.3681,2026-04-27,4,2026
6235942682,52.43435,10.66747,2026-04-25,4,2026
6251961410,52.13164,10.43421,2026-04-29,4,2026
6253092067,52.2754,10.46326,2026-04-29,4,2026
6341675673,52.34207,10.70846,2026-04-30,4,2026
6342035895,52.4532,10.45005,2026-04-26,4,2026
6342647583,52.28759,10.43925,2026-04-26,4,2026
6342961877,52.53524,10.12026,2026-04-30,4,2026
6343714778,52.45286,10.44911,2026-04-26,4,2026
6344048028,52.09627,10.32441,2026-04-26,4,2026
6344396838,52.45147,10.44909,2026-04-26,4,2026
6273227980,52.26602,10.48657,2026-05-05,5,2026
6273785978,52.26558,10.49259,2026-05-05,5,2026
6273820483,52.27125,10.56727,2026-05-09,5,2026
6320405376,52.51838,10.94121,2026-05-17,5,2026
6341724552,52.41122,10.20374,2026-05-14,5,2026
6341734053,52.27017,10.57463,2026-05-16,5,2026
6341745702,52.418,10.78996,2026-05-18,5,2026
6341796950,52.19555,10.79216,2026-05-22,5,2026
6341834016,52.24591,10.47167,2026-05-29,5,2026
6341853742,52.26656,10.60681,2026-05-13,5,2026
6341957832,52.35338,10.58085,2026-05-08,5,2026
6341961821,52.21884,10.76104,2026-05-21,5,2026
6342091753,52.4198,10.56433,2026-05-12,5,2026
6342118425,52.27524,10.51326,2026-05-19,5,2026
6342291152,52.29216,10.46388,2026-05-22,5,2026
6342308961,52.23162,10.80156,2026-05-21,5,2026
6342316904,52.24479,10.32528,2026-05-27,5,2026
6342351869,52.27153,10.5779,2026-05-30,5,2026
6342373088,52.10431,10.31051,2026-05-23,5,2026
6342597311,52.28072,10.51333,2026-05-07,5,2026
6342630924,52.21481,10.76855,2026-05-21,5,2026
6342638272,52.27215,10.51877,2026-05-03,5,2026
6342665915,52.44291,10.40155,2026-05-08,5,2026
6342786114,52.09807,10.22601,2026-05-16,5,2026
6342820789,52.4227,10.94487,2026-05-16,5,2026
6342971941,52.09791,10.22568,2026-05-03,5,2026
6342988071,52.26538,10.59493,2026-05-16,5,2026
6343124926,52.28736,10.76882,2026-05-23,5,2026
6343235714,52.27016,10.57463,2026-05-24,5,2026
6343236098,52.14563,10.64372,2026-05-30,5,2026
6343287444,52.6549,10.21829,2026-05-14,5,2026
6343316302,52.2297,10.51277,2026-05-22,5,2026
6343330817,52.37469,10.8213,2026-05-17,5,2026
6343339921,52.26668,10.55105,2026-05-25,5,2026
6343371573,52.22238,10.59549,2026-05-17,5,2026
6343429593,52.45593,10.24859,2026-05-15,5,2026
6343452595,52.26516,10.55109,2026-05-24,5,2026
6343465034,52.271,10.58302,2026-05-15,5,2026
6343500826,52.23641,11.06227,2026-05-13,5,2026
6343592337,52.28616,10.56796,2026-05-20,5,2026
6343641005,52.2717,10.62714,2026-05-02,5,2026
6343959874,52.05152,10.10043,2026-05-16,5,2026
6344070582,52.10267,10.15954,2026-05-16,5,2026
6344085360,52.20107,10.79767,2026-05-22,5,2026
6344207711,52.26606,10.39899,2026-05-13,5,2026
6344336616,52.26901,10.57334,2026-05-06,5,2026
6344438382,52.68533,10.34127,2026-05-03,5,2026
6344474993,52.25042,10.52631,2026-05-28,5,2026
6344531682,52.22925,10.19228,2026-05-14,5,2026
6344532116,52.29252,10.7742,2026-05-23,5,2026
6344616032,52.26621,10.60679,2026-05-13,5,2026
6344710839,52.15865,10.30442,2026-05-03,5,2026
6344769589,52.34372,10.43919,2026-05-15,5,2026
6344831412,52.12109,10.33592,2026-05-07,5,2026
6344919440,52.20965,10.81843,2026-05-22,5,2026
6344944983,52.30571,10.66427,2026-05-23,5,2026
6345020236,52.37802,10.81708,2026-05-17,5,2026
6345029673,52.14497,10.65056,2026-05-30,5,2026
6352379691,52.20811,11.09645,2026-05-31,5,2026
6352563835,52.20772,11.09934,2026-05-31,5,2026
6399838696,52.38484,10.7158,2026-05-30,5,2026
6400010723,52.2769,10.55704,2026-05-31,5,2026
6410548528,52.64343,10.23065,2026-05-15,5,2026
6411594183,52.23361,10.38487,2026-05-27,5,2026
6411780466,52.2081,10.81748,2026-05-15,5,2026
6412397969,52.21622,10.42414,2026-05-10,5,2026
6412553078,52.29317,10.53247,2026-05-30,5,2026
6412785620,52.42573,10.22555,2026-05-09,5,2026
6399054282,52.31345,10.59001,2026-06-03,6,2026
6399181201,52.14753,10.94637,2026-06-07,6,2026
6399234198,52.53181,10.74448,2026-06-08,6,2026
6399255262,52.26969,10.54569,2026-06-12,6,2026
6399568585,52.1487,10.93943,2026-06-07,6,2026
6399615376,52.44053,10.36309,2026-06-13,6,2026
6399888623,52.27757,10.45916,2026-06-10,6,2026
6400735424,52.25624,10.53627,2026-06-14,6,2026
6410531849,52.13121,10.10094,2026-06-20,6,2026
6410540376,52.31305,10.44605,2026-06-11,6,2026
6410551537,52.21119,10.57232,2026-06-19,6,2026
6410566247,52.79715,10.10096,2026-06-06,6,2026
6410569277,52.80288,10.10596,2026-06-17,6,2026
6410594796,52.28685,10.70967,2026-06-15,6,2026
6410622708,52.13228,10.29752,2026-06-02,6,2026
6410635986,52.10981,10.31006,2026-06-13,6,2026
6410645536,52.31738,10.468,2026-06-15,6,2026
6410652006,52.08847,10.11941,2026-06-05,6,2026
6410675704,52.13287,10.13623,2026-06-14,6,2026
6410681777,52.29694,10.82967,2026-06-07,6,2026
6410683278,52.2726,10.58002,2026-06-16,6,2026
6410806417,52.32188,10.42346,2026-06-07,6,2026
6410894438,52.24833,10.51972,2026-06-06,6,2026
6410917726,52.31586,10.58155,2026-06-22,6,2026
6410922510,52.17487,10.8922,2026-06-15,6,2026
6410940635,52.41622,10.39759,2026-06-08,6,2026
6410953489,52.45489,10.46815,2026-06-10,6,2026
6410955365,52.0847,10.37377,2026-06-08,6,2026
6411024689,52.13519,10.80379,2026-06-21,6,2026
6411034128,52.27439,10.52623,2026-06-11,6,2026
6411035414,52.14861,10.93941,2026-06-13,6,2026
6411040958,52.31088,10.46371,2026-06-11,6,2026
6411074400,52.154,10.56697,2026-06-27,6,2026
6411081043,52.41986,10.93546,2026-06-14,6,2026
6411142834,52.57273,10.69946,2026-06-08,6,2026
6411183737,52.43245,10.27531,2026-06-03,6,2026
6411206980,52.27101,10.58297,2026-06-10,6,2026
6411284846,52.30595,10.65462,2026-06-15,6,2026
6411354678,52.15233,10.3512,2026-06-21,6,2026
6411379824,52.31007,10.47944,2026-06-01,6,2026
6411397479,52.11911,10.27844,2026-06-15,6,2026
6411476508,52.27466,10.61494,2026-06-12,6,2026
6411493683,52.18882,10.71301,2026-06-14,6,2026
6411584907,52.4474,10.46377,2026-06-05,6,2026
6411656854,52.31005,10.47945,2026-06-06,6,2026
6411669049,52.08841,10.12051,2026-06-05,6,2026
6411687558,52.34341,10.71097,2026-06-01,6,2026
6411749478,52.2713,10.59613,2026-06-09,6,2026
6411766726,52.37895,10.28553,2026-06-01,6,2026
6411997205,52.12803,10.15551,2026-06-06,6,2026
6412013109,52.12799,10.15545,2026-06-06,6,2026
6412013709,52.12577,10.15808,2026-06-06,6,2026
6412014440,52.14077,10.77402,2026-06-07,6,2026
6412016675,52.23359,10.51807,2026-06-01,6,2026
6412067567,52.41363,10.80921,2026-06-18,6,2026
6412071632,52.12008,10.32338,2026-06-12,6,2026
6412159705,52.41939,10.5612,2026-06-15,6,2026
6412190891,52.13437,10.80327,2026-06-12,6,2026
6412242398,52.3841,10.45687,2026-06-14,6,2026
6412379789,52.08849,10.11726,2026-06-05,6,2026
6412412428,52.27091,10.53301,2026-06-17,6,2026
6412419026,52.4217,10.93984,2026-06-17,6,2026
6412428489,52.26451,10.53349,2026-06-14,6,2026
6412599576,52.27103,10.57746,2026-06-16,6,2026
6412632494,52.19639,10.57949,2026-06-21,6,2026
6412674319,52.45259,11.00304,2026-06-24,6,2026
6412689173,52.38151,10.4141,2026-06-14,6,2026
6412743731,52.13437,10.80332,2026-06-10,6,2026
6412756470,52.24527,10.64212,2026-06-13,6,2026
6412761702,52.26374,10.55532,2026-06-21,6,2026
6412801768,52.25652,10.53481,2026-06-25,6,2026
6412874640,52.31107,10.46142,2026-06-11,6,2026
6412923639,52.12321,10.32901,2026-06-23,6,2026
6413099662,52.83784,10.2567,2026-06-22,6,2026
6413161938,52.83808,10.26556,2026-06-21,6,2026
6413222829,52.1889,10.70596,2026-06-20,6,2026
6413636707,52.84818,10.28301,2026-06-21,6,2026
6413658603,52.26295,10.55768,2026-06-17,6,2026
6413749786,52.27258,10.52305,2026-06-15,6,2026
6413799488,52.83932,10.26807,2026-06-22,6,2026
6413860846,52.26275,10.55672,2026-06-17,6,2026
6422191665,52.83912,10.26545,2026-06-23,6,2026
6422514723,52.32791,10.58155,2026-06-27,6,2026
6422901734,52.27491,10.56073,2026-06-19,6,2026
6422913514,52.32743,10.57925,2026-06-27,6,2026
6423215858,52.32771,10.58141,2026-06-27,6,2026
6424117381,52.12505,10.14844,2026-06-29,6,2026
6424288435,52.15374,10.57075,2026-06-29,6,2026
6424392342,52.26253,10.56288,2026-06-29,6,2026
6430955103,52.26404,10.6021,2026-06-30,6,2026
6431505612,52.40538,10.78563,2026-06-20,6,2026
6431513646,52.40715,10.7923,2026-06-17,6,2026
6479326391,52.83808,10.26655,2026-06-21,6,2026
6423509539,52.26441,10.55578,2026-07-02,7,2026
6423723545,52.73191,10.61794,2026-07-01,7,2026
6424257710,52.48326,10.50668,2026-07-03,7,2026
6424422542,52.28663,10.46581,2026-07-04,7,2026
6424477573,52.28654,10.48352,2026-07-02,7,2026
6424702397,52.30497,10.5663,2026-07-03,7,2026
6431446311,52.24891,10.44305,2026-07-02,7,2026
6441982781,52.2492,10.49582,2026-07-13,7,2026
6447547417,52.08774,10.12785,2026-07-21,7,2026
6447559211,52.30564,10.66712,2026-07-23,7,2026
6447561418,52.42403,10.91752,2026-07-18,7,2026
6447612337,52.46719,10.5197,2026-07-10,7,2026
6447667181,52.34421,10.71481,2026-07-19,7,2026
6447813478,52.40927,10.94214,2026-07-18,7,2026
6447981009,52.34527,10.7132,2026-07-19,7,2026
6448045996,52.41306,10.90725,2026-07-16,7,2026
6448051374,52.58295,10.52007,2026-07-16,7,2026
6448051870,52.26603,10.48717,2026-07-21,7,2026
6448096865,52.08708,10.12859,2026-07-21,7,2026
6448202802,52.41963,10.54846,2026-07-17,7,2026
6448493712,52.41915,10.5592,2026-07-17,7,2026
6448604049,52.16318,10.15706,2026-07-10,7,2026
6448678138,52.12023,10.32438,2026-07-15,7,2026
6448823367,52.4526,11.00314,2026-07-23,7,2026
6448870393,52.46646,10.51637,2026-07-10,7,2026
6448900081,52.2906,10.76646,2026-07-17,7,2026
6448901720,52.39505,10.53288,2026-07-17,7,2026
6448904698,52.37763,10.3592,2026-07-19,7,2026
6448988297,52.05592,10.19512,2026-07-15,7,2026
6449074821,52.3126,10.47204,2026-07-14,7,2026
6449277866,52.41905,10.54993,2026-07-17,7,2026
6449411583,52.28554,10.7623,2026-07-17,7,2026
6449428596,52.06962,10.17766,2026-07-15,7,2026
6449697735,52.39957,10.91244,2026-07-23,7,2026
6449753442,52.48086,10.57701,2026-07-19,7,2026
6451521011,52.11194,10.34075,2026-07-18,7,2026
6451574555,52.11353,10.33346,2026-07-18,7,2026
6451721955,52.11371,10.33447,2026-07-18,7,2026
6451916867,52.22926,10.79724,2026-07-19,7,2026
6452177624,52.24933,10.49606,2026-07-14,7,2026
6452245023,52.26405,10.48598,2026-07-15,7,2026
6469596966,52.28016,10.46125,2026-07-24,7,2026
6469599356,52.08999,10.36164,2026-07-22,7,2026
6469674465,52.09083,10.36337,2026-07-22,7,2026
6470182031,52.27057,10.5817,2026-07-25,7,2026
6470308814,52.09143,10.36414,2026-07-22,7,2026
6470352366,52.25646,10.53535,2026-07-25,7,2026
6470428733,52.1066,10.16818,2026-07-25,7,2026
6480078190,52.11257,10.34006,2026-07-18,7,2026
6480883401,52.27663,10.56071,2026-07-31,7,2026
6480936183,52.25047,10.49374,2026-07-28,7,2026
6486224681,52.23052,10.68308,2026-07-29,7,2026
6487309344,52.15404,10.5002,2026-07-29,7,2026
6479693770,52.38648,10.7158,2026-08-01,8,2026
6479704574,52.31604,10.5794,2026-08-08,8,2026
6479836450,52.38748,10.70735,2026-08-01,8,2026
6479930294,52.38743,10.70503,2026-08-01,8,2026
6480026501,52.25724,10.5375,2026-08-05,8,2026
6480091782,52.07695,10.36397,2026-08-07,8,2026
6480260931,52.11587,10.48139,2026-08-04,8,2026
6481148693,52.38999,10.70626,2026-08-01,8,2026
6485356919,52.49044,10.11326,2026-08-10,8,2026
6485382535,52.44016,10.80026,2026-08-14,8,2026
6485393973,52.62546,10.74342,2026-08-07,8,2026
6485398027,52.23579,10.55997,2026-08-04,8,2026
6485413909,52.80878,10.1608,2026-08-15,8,2026
6485455633,52.47272,10.50861,2026-08-07,8,2026
6485461790,52.46596,10.5064,2026-08-02,8,2026
6485504635,52.44861,10.45803,2026-08-01,8,2026
6485514491,52.50389,10.21066,2026-08-10,8,2026
6485519976,52.42282,10.6528,2026-08-10,8,2026
6485694534,52.19053,10.54499,2026-08-14,8,2026
6485719263,52.50145,10.10269,2026-08-10,8,2026
6485746965,52.4657,10.49028,2026-08-11,8,2026
6485770874,52.62127,10.72583,2026-08-07,8,2026
6485788250,52.44418,10.45241,2026-08-10,8,2026
6485879809,52.26449,10.53347,2026-08-07,8,2026
6486040063,52.46839,10.50083,2026-08-11,8,2026
6486498030,52.11999,10.29749,2026-08-03,8,2026
6486698308,52.2385,10.52708,2026-08-10,8,2026
6487098469,52.44889,10.46439,2026-08-01,8,2026
6487274518,52.097,10.2618,2026-08-04,8,2026
6487297539,52.32403,10.3085,2026-08-02,8,2026
6487354490,52.25557,10.46977,2026-08-06,8,2026
6487394121,52.44822,10.46416,2026-08-01,8,2026
5005767679,52.14422,10.76697,2025-01-02,1,2025
5005984257,52.42865,10.11013,2025-01-01,1,2025
5006088321,52.29035,10.83565,2025-01-02,1,2025
5006111020,52.43389,10.15229,2025-01-01,1,2025
5006170825,52.29179,10.50196,2025-01-04,1,2025
5006231394,52.4084,10.80162,2025-01-05,1,2025
5007114193,52.32493,10.4184,2025-01-02,1,2025
5007440178,52.10757,10.3778,2025-01-06,1,2025
5007568971,52.10789,10.38099,2025-01-06,1,2025
5008451875,52.10848,10.30911,2025-01-02,1,2025
5008593669,52.12539,10.28088,2025-01-12,1,2025
5008612616,52.38496,10.25266,2025-01-06,1,2025
5008662389,52.35012,10.39812,2025-01-06,1,2025
5008726308,52.2565,11.04874,2025-01-08,1,2025
5008729444,52.22836,10.56244,2025-01-08,1,2025
5008735073,52.37085,10.24114,2025-01-12,1,2025
5008757184,52.22823,10.56411,2025-01-08,1,2025
5008766081,52.18296,10.54318,2025-01-12,1,2025
5008799822,52.18367,10.53028,2025-01-11,1,2025
5008848460,52.24986,11.01549,2025-01-06,1,2025
5016961009,52.50256,10.19847,2025-01-11,1,2025
5036705559,52.30693,10.56017,2025-01-11,1,2025
5036727554,52.32587,10.57311,2025-01-12,1,2025
5036969514,52.28888,10.50146,2025-01-10,1,2025
5051275611,52.46296,10.52031,2025-01-18,1,2025
5051283992,52.28607,10.50548,2025-01-16,1,2025
5051326056,52.18206,10.54116,2025-01-13,1,2025
5051328639,52.26019,10.53077,2025-01-17,1,2025
5051328961,52.40577,10.86116,2025-01-19,1,2025
5051335298,52.18187,10.54205,2025-01-13,1,2025
5051339289,52.28993,10.83576,2025-01-17,1,2025
5051340050,52.32403,10.4455,2025-01-15,1,2025
5051340172,52.28644,10.50372,2025-01-16,1,2025
5051378530,52.33069,10.42124,2025-01-19,1,2025
5051385099,52.48281,10.18441,2025-01-19,1,2025
5051390675,52.37054,10.10439,2025-01-19,1,2025
5051404339,52.17985,10.5444,2025-01-13,1,2025
5051415099,52.29973,10.83442,2025-01-16,1,2025
5051418368,52.40723,10.86163,2025-01-19,1,2025
5051427058,52.28619,10.50725,2025-01-16,1,2025
5051455408,52.29175,10.50172,2025-01-19,1,2025
5051464454,52.37139,10.25944,2025-01-19,1,2025
5051468685,52.18243,10.54041,2025-01-13,1,2025
5051523410,52.17956,10.54199,2025-01-13,1,2025
5052507631,52.36136,10.4242,2025-01-22,1,2025
5052509193,52.27143,10.57934,2025-01-21,1,2025
5052545710,52.29948,10.82554,2025-01-26,1,2025
5052547774,52.30094,10.63,2025-01-26,1,2025
5052549981,52.28634,10.48057,2025-01-24,1,2025
5052552032,52.28599,10.48366,2025-01-24,1,2025
5052555899,52.72561,10.4409,2025-01-25,1,2025
5052560179,52.25022,10.4533,2025-01-26,1,2025
5052569745,52.35998,10.42147,2025-01-22,1,2025
5052572122,52.36013,10.42196,2025-01-22,1,2025
5052580467,52.29166,10.53358,2025-01-23,1,2025
5052588740,52.27207,10.57854,2025-01-21,1,2025
5052616466,52.29946,10.82549,2025-01-26,1,2025
5052618645,52.29953,10.82546,2025-01-26,1,2025
5052634071,52.24907,10.45136,2025-01-26,1,2025
5052634833,52.3715,10.25934,2025-01-21,1,2025
5052640308,52.25794,10.71302,2025-01-26,1,2025
5052644510,52.36039,10.42256,2025-01-22,1,2025
5052693336,52.22567,10.45627,2025-01-25,1,2025
5052705855,52.24985,10.44924,2025-01-26,1,2025
5061299163,52.25185,10.44965,2025-01-28,1,2025
5061300215,52.25455,10.45335,2025-01-28,1,2025
5061302195,52.25073,10.44879,2025-01-28,1,2025
5061320099,52.25724,10.45495,2025-01-28,1,2025
5061325066,52.25005,10.4491,2025-01-28,1,2025
5061328125,52.24937,10.45001,2025-01-28,1,2025
5061330184,52.24998,10.45311,2025-01-28,1,2025
5061332142,52.24888,10.4516,2025-01-28,1,2025
5061339767,52.66752,10.65328,2025-01-27,1,2025
5061343046,52.65847,10.71567,2025-01-28,1,2025
5061358232,52.24888,10.45116,2025-01-28,1,2025
5061362214,52.25522,10.45353,2025-01-28,1,2025
5061365804,52.18603,10.55114,2025-01-31,1,2025
5061370457,52.07076,10.20251,2025-01-30,1,2025
5061370792,52.18685,10.55079,2025-01-31,1,2025
5061374434,52.29425,10.62837,2025-01-30,1,2025
5061378405,52.09961,10.26963,2025-01-30,1,2025
5061385844,52.18014,10.55663,2025-01-31,1,2025
5061387560,52.25292,10.65144,2025-01-31,1,2025
5061388724,52.18568,10.5519,2025-01-31,1,2025
5061388730,52.18512,10.55282,2025-01-31,1,2025
5061389546,52.09704,10.26155,2025-01-30,1,2025
5061394585,52.17842,10.54313,2025-01-31,1,2025
5061394714,52.183,10.5564,2025-01-31,1,2025
5061401769,52.18814,10.55086,2025-01-31,1,2025
5061420657,52.24988,10.45326,2025-01-31,1,2025
5061425393,52.07104,10.20106,2025-01-30,1,2025
5061428410,52.30472,10.33722,2025-01-29,1,2025
5061434774,52.24921,10.46139,2025-01-31,1,2025
5062963608,52.30593,10.56059,2025-01-11,1,2025
5063035225,52.45182,10.40416,2025-01-17,1,2025
5063045868,52.45333,10.46475,2025-01-16,1,2025
5063104833,52.2741,10.59323,2025-01-18,1,2025
5063287330,52.25217,10.4549,2025-01-20,1,2025
5063349324,52.42205,10.32958,2025-01-22,1,2025
5063372136,52.26138,10.46393,2025-01-25,1,2025
5063666379,52.10872,10.30551,2025-01-31,1,2025
5087097740,52.30951,10.56783,2025-01-11,1,2025
5087097901,52.36872,10.60899,2025-01-30,1,2025
5135495337,52.30096,10.62928,2025-01-26,1,2025
5135514987,52.33205,10.71264,2025-01-29,1,2025
5135524392,52.48824,10.17938,2025-01-19,1,2025
5135595059,52.48912,10.17651,2025-01-19,1,2025
5135612902,52.33469,10.68547,2025-01-29,1,2025
5897492026,52.25579,10.4559,2025-01-20,1,2025
5897503888,52.41402,10.32869,2025-01-30,1,2025
6163122166,52.26821,10.56342,2025-01-22,1,2025
5061381214,52.42874,10.11015,2025-02-01,2,2025
5061414116,52.38127,10.25351,2025-02-01,2,2025
5061432118,52.42881,10.11051,2025-02-01,2,2025
5061443296,52.33407,10.46527,2025-02-02,2,2025
5061444751,52.43958,10.79787,2025-02-02,2,2025
5061456569,52.38187,10.22753,2025-02-02,2,2025
5061466688,52.38516,10.24511,2025-02-02,2,2025
5061470068,52.36417,10.265,2025-02-03,2,2025
5061486270,52.41888,10.55397,2025-02-04,2,2025
5061504277,52.41974,10.54808,2025-02-04,2,2025
5061514058,52.52385,10.36014,2025-02-07,2,2025
5061516487,52.33446,10.44559,2025-02-04,2,2025
5061528356,52.33658,10.46262,2025-02-02,2,2025
5061541303,52.38382,10.24187,2025-02-04,2,2025
5061566366,52.33622,10.46263,2025-02-02,2,2025
5061574568,52.25129,10.52396,2025-02-05,2,2025
5061616102,52.33708,10.47164,2025-02-09,2,2025
5061618981,52.32224,10.43489,2025-02-08,2,2025
5061631505,52.31866,10.42919,2025-02-08,2,2025
5063634151,52.06554,10.3613,2025-02-01,2,2025
5063647068,52.0792,10.35398,2025-02-01,2,2025
5063674892,52.08098,10.3611,2025-02-01,2,2025
5063703945,52.06508,10.36302,2025-02-02,2,2025
5063707987,52.06681,10.36031,2025-02-01,2,2025
5063749017,52.06603,10.36059,2025-02-02,2,2025
5063786084,52.06718,10.36035,2025-02-02,2,2025
5063929336,52.07648,10.36742,2025-02-01,2,2025
5064020351,52.70792,10.51156,2025-02-08,2,2025
5064023357,52.26828,10.59757,2025-02-08,2,2025
5064046716,52.11204,10.36803,2025-02-09,2,2025
5067412647,52.33612,10.47459,2025-02-09,2,2025
5067420732,52.66087,10.65488,2025-02-10,2,2025
5067441766,52.67009,10.65997,2025-02-10,2,2025
5069947182,52.10504,10.40745,2025-02-16,2,2025
5074702077,52.3524,10.396,2025-02-16,2,2025
5074751241,52.35348,10.39433,2025-02-16,2,2025
5074827043,52.30194,10.34583,2025-02-20,2,2025
5074835272,52.30536,10.66586,2025-02-21,2,2025
5074846983,52.27524,10.46784,2025-02-23,2,2025
5074853563,52.41285,10.93401,2025-02-22,2,2025
5074894267,52.278,10.39749,2025-02-23,2,2025
5074915130,52.49103,10.5725,2025-02-25,2,2025
5074921105,52.48826,10.57735,2025-02-25,2,2025
5074921807,52.06281,10.14989,2025-02-25,2,2025
5074923536,52.0521,10.1029,2025-02-24,2,2025
5074925043,52.48924,10.57727,2025-02-25,2,2025
5074940178,52.48957,10.57349,2025-02-25,2,2025
5074957153,52.48951,10.57384,2025-02-25,2,2025
5074963259,52.38504,10.24476,2025-02-26,2,2025
5074963898,52.48945,10.57184,2025-02-25,2,2025
5074964201,52.46598,10.50677,2025-02-25,2,2025
5074975170,52.38345,10.24421,2025-02-26,2,2025
5074981484,52.46793,10.5152,2025-02-25,2,2025
5074994882,52.13862,10.80514,2025-02-28,2,2025
5075014873,52.1418,10.79723,2025-02-28,2,2025
5075022792,52.14297,10.80475,2025-02-28,2,2025
5075026879,52.13987,10.80504,2025-02-28,2,2025
5075044860,52.14151,10.80598,2025-02-28,2,2025
5075046435,52.46658,10.50887,2025-02-25,2,2025
5076946804,52.28886,10.51226,2025-02-21,2,2025
5086726005,52.25921,10.54799,2025-02-10,2,2025
5087271768,52.40385,10.33622,2025-02-27,2,2025
5135475779,52.58172,10.18364,2025-02-25,2,2025
5135522092,52.52782,10.10038,2025-02-25,2,2025
5135618163,52.31936,10.43922,2025-02-17,2,2025
5889964056,52.41155,10.31898,2025-02-04,2,2025
5897786289,52.08866,10.33963,2025-02-23,2,2025
6163158801,52.62786,10.18525,2025-02-08,2,2025
5074978282,52.25538,10.53789,2025-03-01,3,2025
5074993267,52.14049,10.65937,2025-03-01,3,2025
5075008251,52.14013,10.66052,2025-03-01,3,2025
5075011161,52.13145,10.67685,2025-03-01,3,2025
5075015263,52.14266,10.65797,2025-03-01,3,2025
5075027994,52.28539,10.76524,2025-03-01,3,2025
5075028037,52.19975,10.584,2025-03-01,3,2025
5075029087,52.28042,10.75708,2025-03-01,3,2025
5075035233,52.14258,10.66518,2025-03-01,3,2025
5075043380,52.12966,10.6767,2025-03-01,3,2025
5075053579,52.3875,10.3409,2025-03-02,3,2025
5075094658,52.39252,10.34275,2025-03-02,3,2025
5075098355,52.14014,10.66023,2025-03-01,3,2025
5075103353,52.14296,10.65262,2025-03-01,3,2025
5075112702,52.39044,10.34071,2025-03-02,3,2025
5075118334,52.14065,10.65925,2025-03-01,3,2025
5081632745,52.27823,10.46096,2025-03-04,3,2025
5081649773,52.45301,10.71289,2025-03-04,3,2025
5081663742,52.27707,10.4605,2025-03-04,3,2025
5081679716,52.28011,10.58299,2025-03-04,3,2025
5081682731,52.27698,10.45916,2025-03-04,3,2025
5081693625,52.14886,10.80706,2025-03-06,3,2025
5081705588,52.35047,10.1992,2025-03-06,3,2025
5081724641,52.1479,10.8058,2025-03-06,3,2025
5081732667,52.30472,10.35028,2025-03-06,3,2025
5081737772,52.12506,10.14973,2025-03-07,3,2025
5081738098,52.19188,10.73465,2025-03-07,3,2025
5081739118,52.2471,10.64779,2025-03-07,3,2025
5081744594,52.14923,10.80796,2025-03-06,3,2025
5081745114,52.38379,10.24291,2025-03-07,3,2025
5081759149,52.24735,10.61813,2025-03-09,3,2025
5081774072,52.13618,10.52125,2025-03-09,3,2025
5081796514,52.14478,10.80719,2025-03-08,3,2025
5081807883,52.14702,10.70454,2025-03-07,3,2025
5081858423,52.31258,10.47208,2025-03-09,3,2025
5081859524,52.31279,10.46823,2025-03-09,3,2025
5081889912,52.40681,10.7984,2025-03-08,3,2025
5086306278,52.33806,10.28806,2025-03-10,3,2025
5086366284,52.27549,10.55795,2025-03-13,3,2025
5086366915,52.28684,10.76419,2025-03-12,3,2025
5086389301,52.33917,10.28917,2025-03-10,3,2025
5086395240,52.27585,10.55765,2025-03-13,3,2025
5086405866,52.27582,10.55697,2025-03-12,3,2025
5086412658,52.25635,10.53568,2025-03-11,3,2025
5086422323,52.34056,10.28639,2025-03-10,3,2025
5086428346,52.35056,10.19889,2025-03-10,3,2025
5086429830,52.62549,10.18955,2025-03-15,3,2025
5086432290,52.33917,10.24139,2025-03-16,3,2025
5086437935,52.40404,10.45443,2025-03-15,3,2025
5086444748,52.62519,10.18815,2025-03-15,3,2025
5086448797,52.40747,10.45731,2025-03-15,3,2025
5086455829,52.40401,10.4525,2025-03-15,3,2025
5086458199,52.38542,10.24716,2025-03-16,3,2025
5086459059,52.32445,10.53558,2025-03-12,3,2025
5086462581,52.33379,10.21588,2025-03-15,3,2025
5086463941,52.32429,10.53714,2025-03-12,3,2025
5086476283,52.33778,10.255,2025-03-16,3,2025
5086480702,52.456,10.24668,2025-03-15,3,2025
5086483939,52.28534,10.76197,2025-03-12,3,2025
5086502827,52.26513,10.57977,2025-03-12,3,2025
5086503807,52.40115,10.45577,2025-03-15,3,2025
5086514003,52.28643,10.62863,2025-03-18,3,2025
5086545287,52.34028,10.22667,2025-03-16,3,2025
5086567651,52.27895,10.75208,2025-03-15,3,2025
5086684610,52.50565,10.51765,2025-03-22,3,2025
5086719533,52.36836,10.32719,2025-03-23,3,2025
5086737522,52.36137,10.33353,2025-03-23,3,2025
5086764695,52.36466,10.33288,2025-03-23,3,2025
5086765333,52.26287,10.5849,2025-03-23,3,2025
5086769631,52.78218,10.22831,2025-03-21,3,2025
5086773417,52.36211,10.33457,2025-03-23,3,2025
5086786374,52.26887,10.59079,2025-03-23,3,2025
5087442831,52.26893,10.533,2025-03-02,3,2025
5087621154,52.56328,10.63368,2025-03-09,3,2025
5087784214,52.56411,10.63534,2025-03-09,3,2025
5087790239,52.06969,10.36232,2025-03-15,3,2025
5087841378,52.53959,10.76993,2025-03-15,3,2025
5087989465,52.12072,10.30874,2025-03-14,3,2025
5088004532,52.12065,10.31031,2025-03-14,3,2025
5088021711,52.12664,10.3226,2025-03-14,3,2025
5088040323,52.53481,10.77645,2025-03-15,3,2025
5101215281,52.33641,10.37931,2025-03-23,3,2025
5101270246,52.35407,10.4817,2025-03-25,3,2025
5101312113,52.39701,10.34879,2025-03-26,3,2025
5101315309,52.4327,10.27574,2025-03-26,3,2025
5101331176,52.35044,10.47053,2025-03-25,3,2025
5101333162,52.35311,10.47209,2025-03-25,3,2025
5101334659,52.38377,10.21983,2025-03-26,3,2025
5101350276,52.43033,10.27475,2025-03-26,3,2025
5101384293,52.30466,10.35412,2025-03-29,3,2025
5101388122,52.22229,10.58589,2025-03-29,3,2025
5101398140,52.32944,10.20583,2025-03-29,3,2025
5101398509,52.30472,10.33944,2025-03-28,3,2025
5101416591,52.38478,10.21886,2025-03-26,3,2025
5101424673,52.27864,10.60764,2025-03-26,3,2025
5101443412,52.29832,10.34902,2025-03-29,3,2025
5101443414,52.29847,10.34803,2025-03-29,3,2025
5101502380,52.30127,10.35542,2025-03-29,3,2025
5101503486,52.30157,10.34526,2025-03-29,3,2025
5104326601,52.17639,10.44455,2025-03-16,3,2025
5104333514,52.10653,10.38874,2025-03-15,3,2025
5107655418,52.34945,10.10922,2025-03-31,3,2025
5135447713,52.12362,10.29041,2025-03-14,3,2025
5135454898,52.55016,10.14982,2025-03-09,3,2025
5135457270,52.30459,10.61156,2025-03-06,3,2025
5135466039,52.5692,10.1215,2025-03-03,3,2025
5135466920,52.44126,10.47014,2025-03-23,3,2025
5135523618,52.44126,10.47014,2025-03-19,3,2025
5135580501,52.52782,10.10038,2025-03-20,3,2025
5135607202,52.10817,10.38092,2025-03-15,3,2025
5135630683,52.29731,10.63314,2025-03-24,3,2025
5135709052,52.28201,10.77719,2025-03-30,3,2025
6342429241,52.22249,10.59341,2025-03-25,3,2025
5107655805,52.30472,10.3175,2025-04-01,4,2025
5107667746,52.30194,10.34583,2025-04-01,4,2025
5107775514,52.27673,10.56717,2025-04-03,4,2025
5107778407,52.25278,10.97884,2025-04-03,4,2025
5107802761,52.23257,10.80334,2025-04-05,4,2025
5107901397,52.81618,10.96809,2025-04-06,4,2025
5107931342,52.31897,10.44645,2025-04-03,4,2025
5107958144,52.46316,10.81255,2025-04-06,4,2025
5108740277,52.32113,10.45121,2025-04-09,4,2025
5108800583,52.29944,10.34667,2025-04-09,4,2025
5108800822,52.36432,10.42032,2025-04-09,4,2025
5108809587,52.20341,10.75228,2025-04-09,4,2025
5108810565,52.20406,10.75054,2025-04-09,4,2025
5108822599,52.20415,10.75039,2025-04-09,4,2025
5108843621,52.20522,10.71933,2025-04-09,4,2025
5108888607,52.28,10.58888,2025-04-11,4,2025
5108930467,52.54445,10.24836,2025-04-12,4,2025
5108977634,52.3764,10.4177,2025-04-12,4,2025
5108978626,52.27445,10.58102,2025-04-12,4,2025
5109035906,52.37923,10.42231,2025-04-12,4,2025
5109044452,52.27046,10.28425,2025-04-13,4,2025
5131918666,52.28875,10.58479,2025-04-10,4,2025
5131920252,52.26671,10.60691,2025-04-15,4,2025
5132020800,52.42872,10.11014,2025-04-15,4,2025
5132108522,52.20922,10.81856,2025-04-16,4,2025
5132146466,52.29985,10.55997,2025-04-20,4,2025
5132157545,52.28844,10.46657,2025-04-20,4,2025
5132190323,52.23685,10.63411,2025-04-20,4,2025
5134144824,52.1073,10.26826,2025-04-18,4,2025
5135545882,52.79036,10.12759,2025-04-01,4,2025
5135563719,52.53001,10.23067,2025-04-06,4,2025
5138941878,52.23116,10.5155,2025-04-24,4,2025
5138942055,52.33722,10.28639,2025-04-24,4,2025
5138946906,52.13651,10.67142,2025-04-21,4,2025
5138998433,52.34434,10.44527,2025-04-24,4,2025
5139014054,52.32495,10.4232,2025-04-26,4,2025
5139037400,52.55502,10.6296,2025-04-25,4,2025
5140262357,52.26407,10.48594,2025-04-24,4,2025
5141527166,52.51831,10.94143,2025-04-28,4,2025
5141723542,52.23415,10.80618,2025-04-29,4,2025
5167307522,52.2694,10.60033,2025-04-12,4,2025
6179075007,52.37662,10.72998,2025-04-02,4,2025
5141814987,52.54127,10.34112,2025-05-02,5,2025
5141863327,52.23049,10.55716,2025-05-03,5,2025
5141894078,52.30084,10.81935,2025-05-03,5,2025
5141925368,52.3174,10.45201,2025-05-02,5,2025
5153242097,52.25465,10.45756,2025-05-09,5,2025
5154137723,52.80261,11.06199,2025-05-08,5,2025
5157729543,52.53001,10.23067,2025-05-05,5,2025
5157903685,52.27047,10.5986,2025-05-06,5,2025
5157904533,52.44791,10.45541,2025-05-03,5,2025
5157949072,52.28009,10.58281,2025-05-18,5,2025
5158013619,52.08939,10.1611,2025-05-06,5,2025
5158126851,52.33273,10.11701,2025-05-16,5,2025
5158138178,52.23925,10.97292,2025-05-18,5,2025
5158153521,52.44798,10.45552,2025-05-03,5,2025
5158174942,52.41857,10.80485,2025-05-16,5,2025
5158272677,52.31329,10.46553,2025-05-14,5,2025
5158441043,52.23232,10.56698,2025-05-17,5,2025
5158571549,52.27033,10.57342,2025-05-13,5,2025
5158607411,52.21645,10.55785,2025-05-12,5,2025
5158639949,52.23127,10.56773,2025-05-09,5,2025
5158651984,52.09985,10.3189,2025-05-17,5,2025
5158745434,52.26791,10.60255,2025-05-12,5,2025
5164448097,52.48303,10.14543,2025-05-23,5,2025
5164524665,52.40787,10.48748,2025-05-20,5,2025
5164629787,52.5102,11.00258,2025-05-03,5,2025
5164753054,52.79334,10.43005,2025-05-24,5,2025
5164756227,52.26035,10.45313,2025-05-24,5,2025
5166912805,52.2599,10.45913,2025-05-25,5,2025
5167216962,52.24873,10.46571,2025-05-05,5,2025
5167250112,52.31235,10.53268,2025-05-18,5,2025
5170738434,52.30459,10.61156,2025-05-31,5,2025
5171490478,52.55343,10.32436,2025-05-29,5,2025
5180584005,52.42895,10.10905,2025-06-07,6,2025
5180692819,52.34661,10.13103,2025-06-04,6,2025
5186742476,52.55401,10.32791,2025-06-09,6,2025
5186795217,52.12452,10.28065,2025-06-15,6,2025
5186921448,52.54046,10.34214,2025-06-09,6,2025
5186983570,52.53534,10.34095,2025-06-09,6,2025
5187020813,52.14247,10.77832,2025-06-09,6,2025
5187419406,52.30459,10.61156,2025-06-11,6,2025
5187976566,52.14182,10.9633,2025-06-09,6,2025
5188165984,52.27658,10.45793,2025-06-05,6,2025
5188199419,52.14087,10.96473,2025-06-09,6,2025
5197735673,52.38357,10.41474,2025-06-05,6,2025
5198311896,52.21357,10.76916,2025-06-10,6,2025
5198435871,52.14227,10.96383,2025-06-10,6,2025
5198606830,52.21181,10.77069,2025-06-10,6,2025
5199032463,52.09175,10.34934,2025-06-15,6,2025
5199085819,52.07902,10.20296,2025-06-10,6,2025
5204959497,52.28616,10.58439,2025-06-23,6,2025
5205875703,52.30472,10.84214,2025-06-15,6,2025
5212325825,52.7861,11.11799,2025-06-30,6,2025
5216841227,52.1055,10.32489,2025-06-22,6,2025
5231496832,52.29415,10.53082,2025-06-29,6,2025
5212329127,52.42283,10.94468,2025-07-05,7,2025
5215181489,52.2435,11.07244,2025-07-06,7,2025
5219043549,52.14328,10.72674,2025-07-07,7,2025
5219160706,52.24715,10.75554,2025-07-08,7,2025
5230099940,52.29768,10.50556,2025-07-19,7,2025
5231770131,52.29877,10.68191,2025-07-20,7,2025
5232319439,52.30459,10.61156,2025-07-18,7,2025
5232321396,52.30459,10.61156,2025-07-14,7,2025
5234212026,52.31152,10.55999,2025-07-24,7,2025
5234303533,52.28678,10.48329,2025-07-16,7,2025
5234315227,52.53473,10.33964,2025-07-20,7,2025
5234354838,52.25569,10.52277,2025-07-20,7,2025
5234412753,52.19639,10.57961,2025-07-21,7,2025
5234433833,52.25198,10.83902,2025-07-20,7,2025
5234499079,52.42171,10.93381,2025-07-24,7,2025
5234517245,52.1587,10.54574,2025-07-17,7,2025
5234520567,52.18471,10.80881,2025-07-18,7,2025
5234629028,52.37698,10.41987,2025-07-20,7,2025
5234775474,52.24385,10.65612,2025-07-22,7,2025
5234801902,52.33275,10.60128,2025-07-23,7,2025
5234804240,52.11468,10.32147,2025-07-25,7,2025
5234817229,52.17454,10.80926,2025-07-18,7,2025
5234912339,52.25657,10.53549,2025-07-23,7,2025
5234955423,52.10521,10.34137,2025-07-21,7,2025
5235052339,52.11956,10.29839,2025-07-25,7,2025
5235102946,52.38634,10.53497,2025-07-18,7,2025
5235103431,52.25624,10.75015,2025-07-22,7,2025
5235154264,52.3102,10.55987,2025-07-24,7,2025
5235208574,52.30693,10.56026,2025-07-24,7,2025
5237888889,52.29808,10.50566,2025-07-29,7,2025
5237907621,52.25653,10.60619,2025-07-28,7,2025
5238253778,52.25685,10.60508,2025-07-29,7,2025
5238335635,52.25201,10.60212,2025-07-28,7,2025
5238384693,52.25637,10.60462,2025-07-28,7,2025
5238881317,52.14264,10.64576,2025-07-20,7,2025
5238907428,52.2736,10.95697,2025-07-27,7,2025
5238930355,52.30413,10.54212,2025-07-22,7,2025
5281657464,52.52782,10.10038,2025-07-30,7,2025
5281792432,52.25624,10.53536,2025-07-31,7,2025
5281807978,52.25625,10.60443,2025-07-29,7,2025
5282726055,52.24937,10.67526,2025-07-29,7,2025
5282801661,52.41679,10.71951,2025-07-28,7,2025
5282859017,52.27923,10.4688,2025-07-30,7,2025
5282928949,52.30736,10.55947,2025-07-29,7,2025
5283011159,52.17141,10.55634,2025-07-29,7,2025
5283038156,52.13609,10.47708,2025-07-31,7,2025
5283069086,52.30857,10.55971,2025-07-29,7,2025
5283079722,52.41371,10.74319,2025-07-28,7,2025
5283119945,52.41383,10.91562,2025-07-30,7,2025
5283122366,52.25181,10.42282,2025-07-28,7,2025
5283134701,52.30734,10.56076,2025-07-29,7,2025
5283182646,52.24958,10.67497,2025-07-29,7,2025
5283327690,52.29688,10.55022,2025-07-29,7,2025
5283345140,52.27431,11.00651,2025-07-27,7,2025
5283551356,52.37264,10.24849,2025-07-29,7,2025
5283564653,52.27979,10.46845,2025-07-30,7,2025
5902869445,52.2657,10.57913,2025-07-27,7,2025
6410558009,52.26646,10.6067,2025-07-31,7,2025
6410954323,52.26711,10.54724,2025-07-13,7,2025
6411235513,52.13669,10.47752,2025-07-31,7,2025
6411314431,52.07251,10.13852,2025-07-26,7,2025
6411634582,52.14238,10.76009,2025-07-19,7,2025
6411922770,52.26356,10.58216,2025-07-27,7,2025
6412467859,52.41566,10.72893,2025-07-30,7,2025
5281665353,52.45256,10.71486,2025-08-03,8,2025
5281670356,52.45235,10.71601,2025-08-03,8,2025
5281673901,52.45316,10.73554,2025-08-03,8,2025
5281827181,52.25621,10.59709,2025-08-01,8,2025
5281828530,52.27991,10.47287,2025-08-05,8,2025
5281856265,52.30017,10.62599,2025-08-04,8,2025
5281888755,52.29628,10.50749,2025-08-04,8,2025
5281946217,52.25561,10.59989,2025-08-02,8,2025
5281948875,52.28373,10.47432,2025-08-05,8,2025
5281955284,52.28676,10.50651,2025-08-03,8,2025
5282049516,52.25435,10.60257,2025-08-02,8,2025
5282136940,52.26976,10.48419,2025-08-03,8,2025
5282158359,52.25608,10.6034,2025-08-02,8,2025
5282295116,52.28694,10.50334,2025-08-03,8,2025
5282327856,52.26544,10.57943,2025-08-04,8,2025
5282510973,52.29445,10.50579,2025-08-01,8,2025
5282596565,52.29736,10.50459,2025-08-04,8,2025
5282692230,52.55234,10.3244,2025-08-02,8,2025
5282709961,52.18248,10.54043,2025-08-03,8,2025
5282712987,52.22835,11.01871,2025-08-02,8,2025
5282813758,52.29571,10.62817,2025-08-04,8,2025
5282855976,52.5543,10.32874,2025-08-02,8,2025
5282862635,52.42379,10.94092,2025-08-01,8,2025
5282890257,52.14527,10.78707,2025-08-01,8,2025
5282906163,52.34265,10.70754,2025-08-03,8,2025
5282913337,52.0582,10.19676,2025-08-03,8,2025
5282918846,52.15255,10.34112,2025-08-03,8,2025
5282923703,52.42138,10.93957,2025-08-01,8,2025
5282926082,52.29623,10.61845,2025-08-04,8,2025
5282985832,52.1395,10.64508,2025-08-02,8,2025
5283011390,52.18306,10.54407,2025-08-03,8,2025
5283057797,52.40978,10.79177,2025-08-01,8,2025
5283057867,52.39391,10.52234,2025-08-01,8,2025
5283097979,52.2942,10.61693,2025-08-03,8,2025
5283098010,52.34446,10.71625,2025-08-03,8,2025
5283118980,52.34116,10.70844,2025-08-03,8,2025
5283191137,52.55352,10.32541,2025-08-02,8,2025
5283213753,52.45221,10.71767,2025-08-03,8,2025
5283241334,52.23982,10.59799,2025-08-01,8,2025
5283248506,52.14076,10.65001,2025-08-02,8,2025
5283265532,52.27956,10.46026,2025-08-02,8,2025
5283305350,52.14229,10.65802,2025-08-02,8,2025
5283327964,52.14021,10.65267,2025-08-02,8,2025
5283375241,52.27532,10.55545,2025-08-01,8,2025
5283412887,52.14014,10.6524,2025-08-02,8,2025
5283415902,52.13789,10.6486,2025-08-02,8,2025
5283432470,52.15152,10.33488,2025-08-03,8,2025
5283433873,52.18104,10.54369,2025-08-03,8,2025
5283438031,52.13857,10.8052,2025-08-01,8,2025
5283438386,52.14024,10.80283,2025-08-01,8,2025
5283466696,52.55402,10.32573,2025-08-02,8,2025
5283469267,52.1379,10.64023,2025-08-02,8,2025
5287861255,52.57226,10.28611,2025-08-03,8,2025
5287883630,52.1056,10.34546,2025-08-22,8,2025
5287967425,52.30296,10.44511,2025-08-19,8,2025
5287987390,52.10477,10.27491,2025-08-14,8,2025
5288141202,52.14701,10.55665,2025-08-18,8,2025
5288151085,52.31114,10.46387,2025-08-20,8,2025
5288231277,52.26024,10.56159,2025-08-22,8,2025
5288381752,52.41164,10.79421,2025-08-16,8,2025
5288383402,52.27058,10.53204,2025-08-12,8,2025
5288506140,52.41591,10.60493,2025-08-12,8,2025
5288619108,52.29828,10.53682,2025-08-14,8,2025
5291488134,52.30459,10.61156,2025-08-05,8,2025
5291489472,52.79036,10.12759,2025-08-04,8,2025
5291503187,52.29635,10.61756,2025-08-05,8,2025
5291506537,52.42358,10.70701,2025-08-05,8,2025
5291512161,52.58172,10.18364,2025-08-08,8,2025
5291513257,52.29319,10.62894,2025-08-19,8,2025
5291516036,52.29533,10.62843,2025-08-19,8,2025
5291516413,52.30459,10.61156,2025-08-20,8,2025
5291525407,52.58172,10.18364,2025-08-07,8,2025
5291528369,52.53001,10.23067,2025-08-24,8,2025
5291536519,52.58172,10.18364,2025-08-14,8,2025
5291860015,52.26532,10.57969,2025-08-06,8,2025
5291972853,52.3187,10.43249,2025-08-11,8,2025
5291973921,52.06579,10.38831,2025-08-17,8,2025
5292038723,52.26376,10.58189,2025-08-06,8,2025
5292345259,52.26873,10.55757,2025-08-10,8,2025
5292452013,52.06323,10.38877,2025-08-17,8,2025
5292479833,52.26547,10.57938,2025-08-06,8,2025
5292519776,52.27545,10.55551,2025-08-06,8,2025
5292580756,52.26459,10.58079,2025-08-06,8,2025
5292947347,52.29532,10.50701,2025-08-04,8,2025
5292991342,52.25375,10.6033,2025-08-07,8,2025
5293035369,52.28884,10.50212,2025-08-09,8,2025
5716602819,52.25054,10.49373,2025-08-26,8,2025
5716603293,52.38502,10.25278,2025-08-27,8,2025
5716764790,52.37372,10.71367,2025-08-29,8,2025
5759392897,52.81805,10.14287,2025-08-30,8,2025
5759401387,52.2736,10.79033,2025-08-25,8,2025
5759403781,52.28202,10.80577,2025-08-25,8,2025
5760524477,52.2945,10.50579,2025-08-03,8,2025
5760599052,52.50542,10.33495,2025-08-03,8,2025
5760815327,52.29766,10.50559,2025-08-07,8,2025
5760969802,52.27104,10.59359,2025-08-09,8,2025
5762230627,52.22804,10.57995,2025-08-31,8,2025
5830435560,52.44785,10.45533,2025-08-25,8,2025
5840768312,52.32516,10.41382,2025-08-05,8,2025
5867756186,52.38529,10.71495,2025-08-07,8,2025
5867833927,52.38473,10.7143,2025-08-07,8,2025
5867888453,52.38454,10.71413,2025-08-06,8,2025
5868005997,52.384,10.7124,2025-08-07,8,2025
5868077050,52.40955,10.75585,2025-08-05,8,2025
5868213501,52.40988,10.75653,2025-08-05,8,2025
5868272548,52.38467,10.71349,2025-08-07,8,2025
5868307676,52.38442,10.71588,2025-08-07,8,2025
5901999877,52.28892,10.80755,2025-08-25,8,2025
5902314780,52.236,10.58425,2025-08-17,8,2025
6130364184,52.3852,10.72163,2025-08-07,8,2025
6410590186,52.42162,10.94051,2025-08-06,8,2025
6411366802,52.25877,10.59719,2025-08-10,8,2025
6411529550,52.34345,10.70744,2025-08-03,8,2025
6411663184,52.43896,10.8004,2025-08-29,8,2025
6412548945,52.18614,10.53078,2025-08-07,8,2025
5762206825,52.27266,10.58131,2025-09-07,9,2025
5762220516,52.19911,10.18121,2025-09-02,9,2025
5794832454,52.79036,10.12759,2025-09-06,9,2025
5794834648,52.32359,10.70701,2025-09-06,9,2025
5794835293,52.44126,10.47014,2025-09-02,9,2025
5794836097,52.30459,10.61156,2025-09-04,9,2025
5794845305,52.80241,10.1457,2025-09-06,9,2025
5796846301,52.46795,10.51508,2025-09-06,9,2025
5824385122,52.53001,10.23067,2025-09-08,9,2025
5825063551,52.3403,10.62832,2025-09-13,9,2025
5827485792,52.27126,10.56664,2025-09-08,9,2025
5827889579,52.29477,10.50804,2025-09-04,9,2025
5828182876,52.30342,10.47173,2025-09-14,9,2025
5828420217,52.22704,10.56114,2025-09-14,9,2025
5829107434,52.12093,10.33367,2025-09-19,9,2025
5829110200,52.44853,10.81067,2025-09-19,9,2025
5829118490,52.26256,10.50993,2025-09-18,9,2025
5829121399,52.27199,10.51833,2025-09-16,9,2025
5829122574,52.12713,10.28041,2025-09-17,9,2025
5829192209,52.10291,10.2692,2025-09-17,9,2025
5829214591,52.34309,10.72082,2025-09-17,9,2025
5829223960,52.10276,10.26836,2025-09-17,9,2025
5829241328,52.1224,10.32925,2025-09-19,9,2025
5829251150,52.127,10.28135,2025-09-15,9,2025
5829261384,52.28612,10.5844,2025-09-15,9,2025
5829279725,52.26729,10.56011,2025-09-13,9,2025
5829302940,52.42364,10.94172,2025-09-19,9,2025
5829327330,52.12495,10.2778,2025-09-17,9,2025
5829360376,52.26457,10.58071,2025-09-19,9,2025
5830682070,52.26483,10.53306,2025-09-18,9,2025
5830945144,52.27085,10.53272,2025-09-21,9,2025
5832159434,52.67564,10.72454,2025-09-26,9,2025
5832213232,52.27177,10.47434,2025-09-25,9,2025
5832219573,52.26762,10.8835,2025-09-14,9,2025
5832235833,52.52424,10.61602,2025-09-28,9,2025
5832273918,52.19152,10.79518,2025-09-28,9,2025
5832281792,52.32656,10.57556,2025-09-24,9,2025
5832364223,52.12455,10.2794,2025-09-15,9,2025
5832378552,52.29189,10.35554,2025-09-26,9,2025
5832388285,52.08328,10.37523,2025-09-23,9,2025
5832388343,52.3628,10.26781,2025-09-28,9,2025
5836750727,52.34679,10.71756,2025-09-28,9,2025
5836755384,52.42358,10.95697,2025-09-14,9,2025
5836945155,52.53001,10.23067,2025-09-23,9,2025
5837113836,52.44126,10.47014,2025-09-19,9,2025
5837258342,52.34628,10.70529,2025-09-20,9,2025
5837305969,52.58172,10.18364,2025-09-22,9,2025
5837725981,52.10687,10.3896,2025-09-23,9,2025
5840066466,52.29086,10.5094,2025-09-21,9,2025
5840612653,52.13441,10.80327,2025-09-29,9,2025
5840994671,52.45316,10.44074,2025-09-30,9,2025
5844784974,52.31936,10.43922,2025-09-29,9,2025
5844799504,52.54708,10.15185,2025-09-14,9,2025
5867769259,52.38925,10.7227,2025-09-14,9,2025
5868303659,52.48132,10.73777,2025-09-15,9,2025
5868426046,52.38343,10.71516,2025-09-11,9,2025
5890418283,52.46073,10.48243,2025-09-22,9,2025
5897807903,52.38445,10.71553,2025-09-18,9,2025
5901382781,52.30005,10.81524,2025-09-28,9,2025
5901644381,52.19047,10.54504,2025-09-28,9,2025
5901842656,52.18996,10.79489,2025-09-28,9,2025
5901853214,52.32665,10.57487,2025-09-28,9,2025
5902106661,52.28093,10.4708,2025-09-28,9,2025
5902194798,52.49369,10.77403,2025-09-28,9,2025
5902884213,52.18888,10.54639,2025-09-28,9,2025
5909207745,52.25472,10.52418,2025-09-16,9,2025
5932684600,52.26993,10.57465,2025-09-16,9,2025
6130822920,52.38456,10.71354,2025-09-18,9,2025
6147209109,52.49345,10.73566,2025-09-23,9,2025
6182678458,52.82295,10.13544,2025-09-29,9,2025
6185881815,52.26121,10.46151,2025-09-17,9,2025
6410543649,52.42031,10.94808,2025-09-14,9,2025
6410574237,52.24023,11.0274,2025-09-26,9,2025
6410945512,52.12043,10.33152,2025-09-27,9,2025
6411640535,52.12337,10.28072,2025-09-15,9,2025
6411941697,52.10336,10.27039,2025-09-18,9,2025
6412080748,52.30099,10.82274,2025-09-06,9,2025
6412287698,52.10663,10.28155,2025-09-22,9,2025
6412293428,52.12017,10.32443,2025-09-19,9,2025
6412900402,52.25524,10.25796,2025-09-02,9,2025
5840049178,52.11693,10.35623,2025-10-02,10,2025
5840554505,52.11344,10.33307,2025-10-05,10,2025
5840624818,52.46127,10.94822,2025-10-05,10,2025
5840625615,52.44835,10.45612,2025-10-03,10,2025
5840642585,52.31016,10.56032,2025-10-07,10,2025
5840690439,52.32894,10.44262,2025-10-03,10,2025
5840748602,52.34918,10.7109,2025-10-07,10,2025
5840764408,52.12723,10.28195,2025-10-07,10,2025
5840789337,52.32964,10.72457,2025-10-05,10,2025
5840799878,52.30532,10.66847,2025-10-07,10,2025
5840831486,52.11953,10.28324,2025-10-02,10,2025
5840840205,52.27202,10.51855,2025-10-05,10,2025
5840941529,52.12099,10.28739,2025-10-02,10,2025
5840964702,52.29456,10.62552,2025-10-03,10,2025
5840976714,52.3113,10.46072,2025-10-05,10,2025
5840979845,52.07539,10.32938,2025-10-08,10,2025
5844082382,52.1198,10.28617,2025-10-12,10,2025
5844215641,52.27987,10.51292,2025-10-13,10,2025
5844267181,52.82722,10.22433,2025-10-09,10,2025
5844312444,52.29435,10.62896,2025-10-12,10,2025
5844380361,52.12102,10.29185,2025-10-12,10,2025
5844570021,52.45526,10.80248,2025-10-11,10,2025
5844577712,52.26552,10.5357,2025-10-07,10,2025
5844780016,52.30459,10.61156,2025-10-12,10,2025
5844781295,52.28967,10.77327,2025-10-01,10,2025
5844782636,52.53795,10.15137,2025-10-11,10,2025
5844792269,52.287,10.77188,2025-10-01,10,2025
5844793275,52.77644,10.26827,2025-10-03,10,2025
5844796308,52.34627,10.70528,2025-10-01,10,2025
5844796911,52.29175,10.77162,2025-10-01,10,2025
5844798760,52.39446,10.54627,2025-10-03,10,2025
5844799233,52.50256,10.19847,2025-10-11,10,2025
5844801891,52.53795,10.15137,2025-10-10,10,2025
5844804855,52.27574,10.81078,2025-10-09,10,2025
5844806418,52.53795,10.15137,2025-10-12,10,2025
5844809416,52.53001,10.23067,2025-10-05,10,2025
5857425541,52.27137,10.5174,2025-10-08,10,2025
5857436458,52.12044,10.3242,2025-10-15,10,2025
5857454885,52.28572,10.45167,2025-10-10,10,2025
5857462208,52.28301,10.38997,2025-10-12,10,2025
5857467398,52.11983,10.29269,2025-10-14,10,2025
5857471466,52.22844,10.6823,2025-10-03,10,2025
5857556227,52.58939,10.84943,2025-10-03,10,2025
5857567217,52.23731,10.51932,2025-10-11,10,2025
5857608526,52.79458,10.86382,2025-10-15,10,2025
5857663611,52.12043,10.32486,2025-10-15,10,2025
5857674481,52.47895,10.50341,2025-10-15,10,2025
5857687135,52.60316,10.79641,2025-10-03,10,2025
5857702714,52.75558,10.2634,2025-10-13,10,2025
5857707307,52.05194,10.17142,2025-10-12,10,2025
5867739772,52.38566,10.7149,2025-10-19,10,2025
5867759985,52.22998,10.45341,2025-10-19,10,2025
5867814485,52.3859,10.71562,2025-10-06,10,2025
5867828877,52.56124,10.647,2025-10-16,10,2025
5867857246,52.09838,10.33617,2025-10-12,10,2025
5867871820,52.56288,10.65151,2025-10-16,10,2025
5867888308,52.47209,10.72423,2025-10-21,10,2025
5867900727,52.38674,10.70125,2025-10-10,10,2025
5867911902,52.57574,10.5132,2025-10-15,10,2025
5867936078,52.38509,10.71449,2025-10-06,10,2025
5868029025,52.38123,10.70853,2025-10-09,10,2025
5868140887,52.38594,10.70596,2025-10-10,10,2025
5868158461,52.248,10.46407,2025-10-18,10,2025
5868287468,52.38626,10.70267,2025-10-10,10,2025
5868326089,52.38352,10.71552,2025-10-19,10,2025
5868468555,52.30459,10.61156,2025-10-17,10,2025
5868470865,52.58172,10.18364,2025-10-19,10,2025
5868476952,52.44502,10.45538,2025-10-14,10,2025
5868479422,52.30459,10.61156,2025-10-19,10,2025
5868483479,52.50256,10.19847,2025-10-17,10,2025
5868483571,52.53795,10.15137,2025-10-17,10,2025
5868483813,52.54708,10.15185,2025-10-09,10,2025
5868483963,52.34627,10.70521,2025-10-17,10,2025
5868484757,52.44502,10.45538,2025-10-12,10,2025
5868485812,52.34625,10.70522,2025-10-13,10,2025
5868487589,52.37578,10.72991,2025-10-17,10,2025
5868815596,52.6359,10.72511,2025-10-16,10,2025
5868822389,52.27141,10.5782,2025-10-26,10,2025
5868830747,52.2722,10.58588,2025-10-26,10,2025
5868832675,52.79488,10.11468,2025-10-19,10,2025
5868835377,52.70151,10.43463,2025-10-19,10,2025
5868852142,52.70147,10.43481,2025-10-19,10,2025
5868858395,52.23747,10.51949,2025-10-20,10,2025
5868861398,52.4306,10.27756,2025-10-18,10,2025
5868865603,52.48876,10.55769,2025-10-19,10,2025
5868876152,52.3008,10.8156,2025-10-22,10,2025
5868897621,52.23834,10.53016,2025-10-22,10,2025
5868907600,52.27105,10.57958,2025-10-26,10,2025
5868911202,52.28262,10.3902,2025-10-18,10,2025
5868918067,52.27066,10.577,2025-10-26,10,2025
5868919478,52.12219,10.32695,2025-10-24,10,2025
5868938977,52.25693,10.56314,2025-10-20,10,2025
5868941092,52.27229,10.58134,2025-10-26,10,2025
5868944843,52.34377,10.72356,2025-10-22,10,2025
5868978775,52.25404,10.52856,2025-10-17,10,2025
5868993574,52.78868,10.12717,2025-10-20,10,2025
5869043206,52.26659,10.53337,2025-10-15,10,2025
5871904354,52.34322,10.72116,2025-10-22,10,2025
5871904440,52.79748,10.1133,2025-10-22,10,2025
5871904800,52.55016,10.14982,2025-10-23,10,2025
5871905304,52.53795,10.15137,2025-10-24,10,2025
5871906332,52.53795,10.15137,2025-10-22,10,2025
5871907394,52.79797,10.11959,2025-10-22,10,2025
5871907904,52.79815,10.11916,2025-10-22,10,2025
5871908140,52.58172,10.18364,2025-10-22,10,2025
5871909528,52.3373,10.70972,2025-10-24,10,2025
5871909859,52.55016,10.14982,2025-10-21,10,2025
5871910054,52.25485,10.52403,2025-10-25,10,2025
5871910480,52.34549,10.72401,2025-10-24,10,2025
5871911800,52.34247,10.70829,2025-10-20,10,2025
5871912504,52.58753,10.68449,2025-10-20,10,2025
5871914821,52.57357,10.70701,2025-10-20,10,2025
5871915801,52.79608,10.116,2025-10-22,10,2025
5871916098,52.25335,10.52531,2025-10-25,10,2025
5871917903,52.33651,10.72368,2025-10-21,10,2025
5871918098,52.78902,10.12785,2025-10-20,10,2025
5888991557,52.27304,10.58116,2025-10-26,10,2025
5888991657,52.25454,10.52238,2025-10-25,10,2025
5888991796,52.50256,10.19847,2025-10-30,10,2025
5888996369,52.53795,10.15137,2025-10-29,10,2025
5888996717,52.53001,10.23067,2025-10-27,10,2025
5889000120,52.27319,10.57614,2025-10-26,10,2025
5889000124,52.53795,10.15137,2025-10-28,10,2025
5889004470,52.26582,10.57777,2025-10-25,10,2025
5889288075,52.22933,10.52005,2025-10-22,10,2025
5889635111,52.22011,10.58504,2025-10-26,10,2025
5889777943,52.31247,10.59413,2025-10-26,10,2025
5889796454,52.27988,10.47295,2025-10-29,10,2025
5889822224,52.28317,10.47464,2025-10-29,10,2025
5889858973,52.29347,10.62892,2025-10-29,10,2025
5889925744,52.29367,10.50236,2025-10-25,10,2025
5889995475,52.73363,10.47742,2025-10-26,10,2025
5890012199,52.57239,10.50976,2025-10-15,10,2025
5890088811,52.25101,10.50554,2025-10-25,10,2025
5890169422,52.1733,10.46771,2025-10-22,10,2025
5890175775,52.38481,10.72788,2025-10-22,10,2025
5890190437,52.69346,11.14501,2025-10-29,10,2025
5890256298,52.49361,10.73678,2025-10-25,10,2025
5890264313,52.25777,10.6054,2025-10-30,10,2025
5890303402,52.38256,10.70463,2025-10-10,10,2025
5892590062,52.30875,10.47828,2025-10-29,10,2025
5892739822,52.24892,10.44349,2025-10-07,10,2025
5897091002,52.76836,10.27253,2025-10-30,10,2025
5897432429,52.22172,10.58497,2025-10-26,10,2025
5901195305,52.72581,10.19748,2025-10-29,10,2025
5901232179,52.27282,10.57993,2025-10-26,10,2025
5901282891,52.1681,10.54508,2025-10-21,10,2025
5901381645,52.26776,10.44498,2025-10-09,10,2025
5901512961,52.27155,10.57837,2025-10-26,10,2025
5901543439,52.72656,10.20115,2025-10-29,10,2025
5901587972,52.10598,10.28018,2025-10-12,10,2025
5901612420,52.27245,10.57828,2025-10-31,10,2025
5901625267,52.34555,10.7239,2025-10-24,10,2025
5901654650,52.27215,10.58737,2025-10-26,10,2025
5901797978,52.27265,10.57861,2025-10-25,10,2025
5901820766,52.12446,10.32951,2025-10-25,10,2025
5901840921,52.27221,10.58324,2025-10-26,10,2025
5901897779,52.79591,10.11335,2025-10-19,10,2025
5901961289,52.10673,10.32021,2025-10-29,10,2025
5901991924,52.28898,10.55054,2025-10-08,10,2025
5902129323,52.11596,10.26444,2025-10-06,10,2025
5902155912,52.32174,10.44759,2025-10-30,10,2025
5902194271,52.38732,10.58364,2025-10-09,10,2025
5902302729,52.2722,10.5841,2025-10-26,10,2025
5902431973,52.28275,10.47285,2025-10-08,10,2025
5902510808,52.43319,10.66383,2025-10-24,10,2025
5902688310,52.43277,10.66258,2025-10-24,10,2025
5902807758,52.27225,10.5846,2025-10-26,10,2025
5902857858,52.48155,10.18659,2025-10-12,10,2025
5902949635,52.27249,10.58001,2025-10-26,10,2025
5902969602,52.32564,10.57167,2025-10-08,10,2025
5902969641,52.46459,10.79996,2025-10-19,10,2025
5903173374,52.30483,10.66664,2025-10-11,10,2025
5903189527,52.32974,10.7247,2025-10-12,10,2025
5920403607,52.28679,10.48154,2025-10-29,10,2025
5935388518,52.38458,10.71572,2025-10-19,10,2025
5936169075,52.18417,10.98598,2025-10-13,10,2025
6147312381,52.28043,10.47405,2025-10-29,10,2025
6162769268,52.27543,10.55561,2025-10-17,10,2025
6162999068,52.27152,10.56913,2025-10-31,10,2025
6170879226,52.28047,10.47593,2025-10-02,10,2025
6178336536,52.2702,10.57119,2025-10-18,10,2025
6178820516,52.12083,10.28712,2025-10-12,10,2025
6183352775,52.27255,10.58261,2025-10-26,10,2025
6185209210,52.27222,10.58407,2025-10-31,10,2025
6410534437,52.26102,10.61035,2025-10-22,10,2025
6410731368,52.11765,10.28674,2025-10-22,10,2025
6410833434,52.29308,10.85085,2025-10-31,10,2025
6411139599,52.38485,10.25268,2025-10-27,10,2025
6411158111,52.25659,10.53835,2025-10-20,10,2025
6411229197,52.26011,10.59559,2025-10-11,10,2025
6411238720,52.11904,10.33043,2025-10-11,10,2025
6411359539,52.25875,10.53832,2025-10-23,10,2025
6411453742,52.34356,10.72122,2025-10-22,10,2025
6411670596,52.10928,10.31163,2025-10-03,10,2025
6412051534,52.45182,10.71963,2025-10-18,10,2025
6412079184,52.27812,10.55316,2025-10-29,10,2025
6412316447,52.11715,10.26742,2025-10-06,10,2025
6412509878,52.12294,10.27453,2025-10-19,10,2025
6412579996,52.10656,10.28177,2025-10-12,10,2025
6448387297,52.14661,10.64264,2025-10-12,10,2025
6449718093,52.39577,10.22822,2025-10-12,10,2025
5888992413,52.53001,10.23067,2025-11-02,11,2025
5889001519,52.55016,10.14982,2025-11-01,11,2025
5889004326,52.53795,10.15137,2025-11-01,11,2025
5889491211,52.13738,10.64873,2025-11-02,11,2025
5889561830,52.27257,10.56667,2025-11-02,11,2025
5889971753,52.27255,10.57843,2025-11-02,11,2025
5889992660,52.14726,10.64136,2025-11-02,11,2025
5890172619,52.27243,10.57828,2025-11-02,11,2025
5890230895,52.27228,10.58768,2025-11-03,11,2025
5890340826,52.40958,10.80177,2025-11-03,11,2025
5892256403,52.53001,10.23067,2025-11-09,11,2025
5892259578,52.16793,10.72929,2025-11-03,11,2025
5892261758,52.30459,10.61156,2025-11-04,11,2025
5892262168,52.44126,10.47014,2025-11-07,11,2025
5892263320,52.58172,10.18364,2025-11-05,11,2025
5892266282,52.47416,10.34704,2025-11-03,11,2025
5892482952,52.22966,10.51823,2025-11-09,11,2025
5892489723,52.05878,10.16096,2025-11-08,11,2025
5892675877,52.28092,10.45874,2025-11-05,11,2025
5892705666,52.29539,10.62837,2025-11-03,11,2025
5892889814,52.38446,10.72581,2025-11-07,11,2025
5892896392,52.05913,10.15466,2025-11-08,11,2025
5892907480,52.2535,10.45917,2025-11-10,11,2025
5897000103,52.30459,10.61156,2025-11-13,11,2025
5897161261,52.32336,10.4187,2025-11-13,11,2025
5897306353,52.2566,10.49383,2025-11-19,11,2025
5897352039,52.27619,10.57713,2025-11-03,11,2025
5897444594,52.25905,10.47015,2025-11-17,11,2025
5897450299,52.26393,10.48759,2025-11-19,11,2025
5897450969,52.76836,10.27253,2025-11-04,11,2025
5897582495,52.38501,10.71363,2025-11-07,11,2025
5897710978,52.31888,10.41909,2025-11-13,11,2025
5897819549,52.38173,10.71456,2025-11-17,11,2025
5897870908,52.27541,10.46307,2025-11-12,11,2025
5901169392,52.11366,10.30877,2025-11-18,11,2025
5901173737,52.45182,10.81561,2025-11-16,11,2025
5901180047,52.42543,10.1161,2025-11-21,11,2025
5901184303,52.26742,10.59443,2025-11-07,11,2025
5901191674,52.32695,10.57653,2025-11-02,11,2025
5901210655,52.25959,10.60098,2025-11-02,11,2025
5901250661,52.23009,10.56702,2025-11-03,11,2025
5901250741,52.28007,10.5946,2025-11-05,11,2025
5901274799,52.34683,10.1207,2025-11-16,11,2025
5901274800,52.33948,10.13334,2025-11-16,11,2025
5901287155,52.25073,10.67416,2025-11-12,11,2025
5901323650,52.29748,10.55824,2025-11-06,11,2025
5901330073,52.42737,10.11623,2025-11-21,11,2025
5901348640,52.27234,10.59392,2025-11-06,11,2025
5901375686,52.13658,10.97402,2025-11-12,11,2025
5901411737,52.11685,10.29025,2025-11-28,11,2025
5901413031,52.21171,10.76355,2025-11-16,11,2025
5901440865,52.37528,10.50676,2025-11-19,11,2025
5901447878,52.11961,10.32464,2025-11-11,11,2025
5901533312,52.12092,10.28724,2025-11-05,11,2025
5901591847,52.29619,10.62803,2025-11-13,11,2025
5901619036,52.12118,10.29073,2025-11-05,11,2025
5901620818,52.11402,10.307,2025-11-18,11,2025
5901635979,52.2684,10.59733,2025-11-21,11,2025
5901653020,52.25499,10.59869,2025-11-08,11,2025
5901659436,52.27109,10.59827,2025-11-06,11,2025
5901679313,52.2563,10.56117,2025-11-02,11,2025
5901696038,52.3433,10.12128,2025-11-16,11,2025
5901702289,52.07587,10.33128,2025-11-03,11,2025
5901714097,52.29768,10.3429,2025-11-26,11,2025
5901763238,52.43336,10.89032,2025-11-04,11,2025
5901809058,52.17572,10.83118,2025-11-01,11,2025
5901825011,52.24292,10.75715,2025-11-02,11,2025
5901827656,52.21308,10.76236,2025-11-16,11,2025
5901838801,52.11331,10.29892,2025-11-18,11,2025
5901840684,52.26879,10.59828,2025-11-21,11,2025
5901970227,52.37484,10.50096,2025-11-19,11,2025
5901993985,52.22488,10.55287,2025-11-06,11,2025
5902006570,52.25898,10.60163,2025-11-02,11,2025
5902063186,52.45181,10.81545,2025-11-16,11,2025
5902131917,52.12331,10.32957,2025-11-20,11,2025
5902151683,52.36358,10.42034,2025-11-11,11,2025
5902210285,52.58767,10.49234,2025-11-09,11,2025
5902216866,52.29592,10.50214,2025-11-05,11,2025
5902219265,52.26638,10.59404,2025-11-07,11,2025
5902233828,52.22936,10.74866,2025-11-16,11,2025
5902259493,52.26096,10.59962,2025-11-02,11,2025
5902262525,52.34286,10.12424,2025-11-16,11,2025
5902293730,52.28365,10.47355,2025-11-13,11,2025
5902308200,52.12036,10.28692,2025-11-05,11,2025
5902311361,52.14693,10.88392,2025-11-02,11,2025
5902448437,52.26398,10.59166,2025-11-02,11,2025
5902450525,52.43293,10.89056,2025-11-04,11,2025
5902478393,52.25488,10.52409,2025-11-11,11,2025
5902520763,52.45074,10.56775,2025-11-02,11,2025
5902552323,52.29776,10.34372,2025-11-26,11,2025
5902566096,52.34537,10.12033,2025-11-16,11,2025
5902605813,52.12098,10.32104,2025-11-11,11,2025
5902626137,52.12034,10.32434,2025-11-11,11,2025
5902634125,52.11179,10.31836,2025-11-18,11,2025
5902658991,52.42313,10.24371,2025-11-09,11,2025
5902661287,52.31887,10.44146,2025-11-23,11,2025
5902675668,52.43309,10.89237,2025-11-04,11,2025
5902696094,52.29595,10.53821,2025-11-09,11,2025
5902716534,52.27773,10.57591,2025-11-05,11,2025
5902719812,52.34141,10.12906,2025-11-16,11,2025
5902732143,52.11971,10.32577,2025-11-11,11,2025
5902738025,52.62527,10.75724,2025-11-09,11,2025
5902800762,52.52666,10.52259,2025-11-11,11,2025
5902802273,52.41354,10.91348,2025-11-03,11,2025
5902803835,52.56446,10.62821,2025-11-23,11,2025
5902846007,52.10791,10.31902,2025-11-05,11,2025
5902847545,52.29601,10.62814,2025-11-03,11,2025
5902948564,52.12035,10.28627,2025-11-05,11,2025
5902956311,52.25403,10.60582,2025-11-02,11,2025
5902987957,52.41042,10.80172,2025-11-13,11,2025
5902997862,52.27125,10.53125,2025-11-04,11,2025
5903065249,52.12105,10.32206,2025-11-11,11,2025
5903142267,52.26738,10.59461,2025-11-21,11,2025
5903164697,52.27569,10.58015,2025-11-08,11,2025
5903171165,52.67622,10.11562,2025-11-08,11,2025
5903180147,52.26597,10.59486,2025-11-07,11,2025
5903223501,52.42752,10.10478,2025-11-21,11,2025
5903250286,52.4825,10.52238,2025-11-09,11,2025
5903565523,52.53001,10.23067,2025-11-18,11,2025
5903574130,52.42447,10.1154,2025-11-21,11,2025
5903749280,52.29786,10.62675,2025-11-13,11,2025
5908745614,52.05799,10.15312,2025-11-08,11,2025
5908755111,52.06206,10.15495,2025-11-08,11,2025
5918748464,52.32359,10.45705,2025-11-03,11,2025
5918764671,52.34798,10.44244,2025-11-03,11,2025
5920233649,52.27794,10.45935,2025-11-12,11,2025
5932302795,52.40424,10.33592,2025-11-12,11,2025
5932439935,52.25829,10.47139,2025-11-28,11,2025
5935411292,52.27156,10.56925,2025-11-03,11,2025
6131121654,52.2565,10.45656,2025-11-22,11,2025
6162872208,52.26638,10.589,2025-11-12,11,2025
6334772819,52.17495,10.57954,2025-11-12,11,2025
6411021378,52.55547,10.2162,2025-11-16,11,2025
6411054452,52.29907,10.64809,2025-11-02,11,2025
6411057801,52.30204,10.33486,2025-11-17,11,2025
6411718985,52.33002,10.5925,2025-11-13,11,2025
6411921718,52.11187,10.31789,2025-11-16,11,2025
6412506870,52.1073,10.38086,2025-11-08,11,2025
6412660690,52.12052,10.31136,2025-11-16,11,2025
5908927250,52.4126,10.66517,2025-12-03,12,2025
5909311070,52.26479,10.48602,2025-12-03,12,2025
5918355934,52.5157,10.11005,2025-12-07,12,2025
5918381535,52.30611,10.47785,2025-12-03,12,2025
5918393314,52.26933,10.60028,2025-12-06,12,2025
5918400936,52.26852,10.60169,2025-12-06,12,2025
5918401636,52.36738,10.41871,2025-12-08,12,2025
5918420363,52.09933,10.32309,2025-12-05,12,2025
5918443325,52.36878,10.42035,2025-12-08,12,2025
5918449443,52.35745,10.57779,2025-12-11,12,2025
5918454271,52.29899,10.53123,2025-12-01,12,2025
5918456525,52.2734,10.59836,2025-12-06,12,2025
5918493833,52.12127,10.31072,2025-12-02,12,2025
5918521337,52.1026,10.32208,2025-12-05,12,2025
5918521346,52.10161,10.32446,2025-12-05,12,2025
5918553767,52.36675,10.42207,2025-12-08,12,2025
5918560826,52.33933,10.50127,2025-12-02,12,2025
5918569088,52.36793,10.41823,2025-12-08,12,2025
5918582300,52.11036,10.30777,2025-12-12,12,2025
5920090095,52.17552,10.54057,2025-12-06,12,2025
5920135340,52.3868,10.70125,2025-12-04,12,2025
5931962154,52.53001,10.23067,2025-12-15,12,2025
5931973683,52.51266,10.10575,2025-12-14,12,2025
5931975378,52.51386,10.10398,2025-12-14,12,2025
5931975899,52.53795,10.15137,2025-12-10,12,2025
5931984418,52.51333,10.10483,2025-12-14,12,2025
5932658723,52.3154,10.61564,2025-12-05,12,2025
5935095196,52.53001,10.23067,2025-12-22,12,2025
5935161083,52.31369,10.58997,2025-12-16,12,2025
5935201475,52.27103,10.5969,2025-12-20,12,2025
5935510075,52.17814,10.46027,2025-12-20,12,2025
5935700096,52.16989,10.56211,2025-12-24,12,2025
5935900910,52.16716,10.37988,2025-12-20,12,2025
5936330728,52.27231,10.59389,2025-12-20,12,2025
5937966435,52.53001,10.23067,2025-12-29,12,2025
5938095053,52.28016,10.45416,2025-12-29,12,2025
6130236757,52.26143,10.46223,2025-12-09,12,2025
6147612638,52.28196,10.46522,2025-12-29,12,2025
6150706749,52.53098,10.47028,2025-12-18,12,2025
6150707272,52.26934,10.60018,2025-12-18,12,2025
6150835229,52.12619,10.27967,2025-12-15,12,2025
6150935770,52.27603,10.55681,2025-12-17,12,2025
6151005897,52.38431,10.24308,2025-12-18,12,2025
6151202140,52.12082,10.32342,2025-12-15,12,2025
6151439460,52.26953,10.59773,2025-12-18,12,2025
6151671268,52.27108,10.59687,2025-12-18,12,2025
6151916762,52.26783,10.60283,2025-12-18,12,2025
6152120596,52.38545,10.24648,2025-12-18,12,2025
6162931177,52.27143,10.56505,2025-12-19,12,2025
6410720154,52.09787,10.32349,2025-12-14,12,2025
6411878326,52.2499,10.45313,2025-12-30,12,2025
6412431032,52.10937,10.31163,2025-12-03,12,2025
6412776664,52.32938,10.46616,2025-12-12,12,2025
4516566745,52.29585,10.62818,2024-01-29,1,2024
4516593060,52.29536,10.62894,2024-01-06,1,2024
4516605599,52.42407,10.36761,2024-01-21,1,2024
4516651863,52.30033,10.64152,2024-01-30,1,2024
4516695333,52.32017,10.44025,2024-01-20,1,2024
4516786300,52.23157,10.57779,2024-01-27,1,2024
4516876842,52.29438,10.6284,2024-01-27,1,2024
4519190423,52.18376,10.45797,2024-01-01,1,2024
4855140385,52.41896,10.37753,2024-01-25,1,2024
4880380940,52.36672,10.41987,2024-01-05,1,2024
4881586310,52.36934,10.42091,2024-01-05,1,2024
4881803296,52.105,10.34524,2024-01-05,1,2024
4881936217,52.32263,10.45065,2024-01-24,1,2024
4882444614,52.19715,10.72366,2024-01-26,1,2024
4882665538,52.34605,10.43592,2024-01-23,1,2024
4885409656,52.36869,10.42,2024-01-05,1,2024
4885565239,52.14121,10.77908,2024-01-31,1,2024
4885786699,52.45634,10.35825,2024-01-04,1,2024
4886001571,52.46055,10.36536,2024-01-06,1,2024
4886539894,52.36794,10.42254,2024-01-05,1,2024
4886711468,52.28122,10.45949,2024-01-07,1,2024
4886920568,52.22933,10.56151,2024-01-21,1,2024
4887227531,52.42732,10.92472,2024-01-13,1,2024
4887511688,52.29604,10.62867,2024-01-06,1,2024
4887730375,52.29428,10.6285,2024-01-29,1,2024
4888059187,52.30999,10.47816,2024-01-10,1,2024
4888404697,52.22997,10.5811,2024-01-27,1,2024
4890279009,52.2663,10.55812,2024-01-22,1,2024
4890317853,52.26196,10.51175,2024-01-04,1,2024
4890797141,52.33589,10.46284,2024-01-14,1,2024
4890821188,52.23173,10.57616,2024-01-27,1,2024
4890925340,52.36941,10.42194,2024-01-05,1,2024
4891146745,52.23039,10.57541,2024-01-27,1,2024
5013905087,52.30459,10.61156,2024-01-30,1,2024
5014829552,52.52454,10.12596,2024-01-11,1,2024
5014968373,52.26196,10.59786,2024-01-30,1,2024
5018294848,52.30459,10.61156,2024-01-27,1,2024
5023906959,52.53795,10.15137,2024-01-01,1,2024
5026183598,52.13738,10.67354,2024-01-30,1,2024
5026863731,52.58205,10.16867,2024-01-17,1,2024
5027392515,52.53001,10.23067,2024-01-21,1,2024
5027964221,52.52454,10.12596,2024-01-04,1,2024
6129970550,52.41986,10.3761,2024-01-25,1,2024
6179417454,52.29589,10.62834,2024-01-06,1,2024
4519102251,52.27308,10.598,2024-02-01,2,2024
4519237135,52.41863,10.37605,2024-02-03,2,2024
4519293547,52.42217,10.36814,2024-02-03,2,2024
4519298510,52.22977,10.58128,2024-02-04,2,2024
4522620398,52.24887,10.44161,2024-02-07,2,2024
4522710629,52.27228,10.58235,2024-02-10,2,2024
4522710854,52.41927,10.37464,2024-02-10,2,2024
4522715170,52.41908,10.3728,2024-02-10,2,2024
4522790733,52.29621,10.62328,2024-02-12,2,2024
4528094191,52.30306,10.61242,2024-02-26,2,2024
4880482970,52.26816,10.56333,2024-02-20,2,2024
4880532703,52.28121,10.46241,2024-02-14,2,2024
4880969163,52.27482,10.59822,2024-02-25,2,2024
4881159082,52.27284,10.57967,2024-02-16,2,2024
4881615494,52.55645,10.20075,2024-02-11,2,2024
4882318224,52.3557,10.4258,2024-02-27,2,2024
4882444119,52.45002,10.46544,2024-02-19,2,2024
4882877755,52.67046,10.98604,2024-02-22,2,2024
4882935806,52.49249,10.56913,2024-02-07,2,2024
4883261353,52.62915,10.94087,2024-02-29,2,2024
4883290113,52.22909,10.58132,2024-02-25,2,2024
4883293452,52.26161,10.58793,2024-02-14,2,2024
4885674938,52.46054,10.25017,2024-02-20,2,2024
4885674943,52.36443,10.1227,2024-02-20,2,2024
4885730209,52.23187,10.5152,2024-02-25,2,2024
4885782862,52.22899,10.58161,2024-02-25,2,2024
4885782981,52.35392,10.48076,2024-02-25,2,2024
4885787697,52.28057,10.46522,2024-02-14,2,2024
4886103860,52.26291,10.5851,2024-02-14,2,2024
4886185470,52.41828,10.78162,2024-02-10,2,2024
4886206206,52.27391,10.57473,2024-02-16,2,2024
4886212152,52.35361,10.47871,2024-02-25,2,2024
4886276829,52.16882,10.21179,2024-02-21,2,2024
4886630234,52.66501,10.99324,2024-02-22,2,2024
4886683167,52.35531,10.42608,2024-02-10,2,2024
4886710393,52.2316,10.29163,2024-02-12,2,2024
4887182179,52.09932,10.3061,2024-02-10,2,2024
4887452416,52.29755,10.62484,2024-02-26,2,2024
4887480097,52.43219,10.48889,2024-02-12,2,2024
4887689524,52.26263,10.59296,2024-02-26,2,2024
4887930168,52.22824,10.58021,2024-02-04,2,2024
4888101236,52.29686,10.62322,2024-02-06,2,2024
4888291347,52.12185,10.27608,2024-02-18,2,2024
4891097785,52.35956,10.42193,2024-02-10,2,2024
4901277722,52.05823,10.71392,2024-02-23,2,2024
4935679078,52.29364,10.633,2024-02-06,2,2024
4985628701,52.36363,10.42098,2024-02-24,2,2024
5013353411,52.55016,10.14982,2024-02-28,2,2024
5014953568,52.27442,11.00513,2024-02-11,2,2024
5015092771,52.53001,10.23067,2024-02-13,2,2024
5015421915,52.20895,10.81699,2024-02-02,2,2024
5016333361,52.53001,10.23067,2024-02-17,2,2024
5016418181,52.53795,10.15137,2024-02-24,2,2024
5019575777,52.16793,10.72929,2024-02-15,2,2024
5020403418,52.53001,10.23067,2024-02-24,2,2024
5026263717,52.27446,11.00438,2024-02-11,2,2024
5028170654,52.20937,10.81118,2024-02-02,2,2024
4535718977,52.56804,10.63071,2024-03-04,3,2024
4535957651,52.10673,10.32542,2024-03-03,3,2024
4597085833,52.1791,10.46022,2024-03-17,3,2024
4597107961,52.29873,10.3565,2024-03-17,3,2024
4597246281,52.41675,10.32863,2024-03-05,3,2024
4597303273,52.41278,10.33235,2024-03-05,3,2024
4597372207,52.13059,10.30575,2024-03-09,3,2024
4606800418,52.27475,10.59804,2024-03-29,3,2024
4606811675,52.08296,10.45211,2024-03-29,3,2024
4607479729,52.07979,10.45411,2024-03-29,3,2024
4847088299,52.12941,10.42783,2024-03-19,3,2024
4852715195,52.2774,10.59811,2024-03-14,3,2024
4880529765,52.28571,10.62945,2024-03-11,3,2024
4880793839,52.19187,10.54577,2024-03-11,3,2024
4881292833,52.60375,10.93389,2024-03-17,3,2024
4881328084,52.52599,10.23922,2024-03-07,3,2024
4881357760,52.38437,10.42987,2024-03-01,3,2024
4881539709,52.18589,10.5516,2024-03-15,3,2024
4882249918,52.52739,10.23532,2024-03-07,3,2024
4882316709,52.44692,10.45307,2024-03-10,3,2024
4882573470,52.44532,10.45998,2024-03-10,3,2024
4882588622,52.36676,10.42116,2024-03-31,3,2024
4882667867,52.26395,10.59269,2024-03-08,3,2024
4882674736,52.32352,10.5841,2024-03-24,3,2024
4885908771,52.31891,10.44631,2024-03-09,3,2024
4886093149,52.33883,10.47308,2024-03-31,3,2024
4886231276,52.29239,10.53032,2024-03-17,3,2024
4886231443,52.10039,10.15246,2024-03-29,3,2024
4886455688,52.44597,10.46049,2024-03-10,3,2024
4886773096,52.51291,10.10539,2024-03-03,3,2024
4886940524,52.52279,10.1089,2024-03-03,3,2024
4886972651,52.33712,10.47148,2024-03-31,3,2024
4886975332,52.09924,10.26473,2024-03-12,3,2024
4886988731,52.44334,10.45416,2024-03-10,3,2024
4887741663,52.36717,10.41626,2024-03-19,3,2024
4887814176,52.2002,10.54266,2024-03-11,3,2024
4887826717,52.48826,10.31664,2024-03-07,3,2024
4888260431,52.19302,10.54567,2024-03-11,3,2024
4888389949,52.05893,10.51204,2024-03-09,3,2024
4889072269,52.35682,10.16271,2024-03-19,3,2024
4889264229,52.33575,10.47498,2024-03-31,3,2024
4891061193,52.19077,10.54516,2024-03-11,3,2024
4891210961,52.44715,10.46075,2024-03-10,3,2024
4891276172,52.44276,10.91237,2024-03-27,3,2024
4891306863,52.44626,10.46058,2024-03-25,3,2024
4891325422,52.09837,10.14963,2024-03-03,3,2024
4891337512,52.06996,10.53759,2024-03-17,3,2024
4891339305,52.52771,10.23601,2024-03-07,3,2024
4891383606,52.83795,10.32799,2024-03-18,3,2024
4891401412,52.3935,10.75338,2024-03-26,3,2024
4909289665,52.2965,10.62498,2024-03-19,3,2024
5013191847,52.53804,10.24386,2024-03-03,3,2024
5014648539,52.53001,10.23067,2024-03-02,3,2024
5015204141,52.28173,10.77107,2024-03-29,3,2024
5016213721,52.30395,10.78764,2024-03-31,3,2024
5016857343,52.52782,10.10038,2024-03-08,3,2024
5016903958,52.6172,10.10178,2024-03-30,3,2024
5017004819,52.53622,10.24901,2024-03-31,3,2024
5017165517,52.07362,10.54037,2024-03-16,3,2024
5017240515,52.53001,10.23067,2024-03-05,3,2024
5018463776,52.61681,10.11309,2024-03-27,3,2024
5018566958,52.28798,10.77791,2024-03-29,3,2024
5018595066,52.61681,10.11309,2024-03-19,3,2024
5018983405,52.16341,10.73531,2024-03-01,3,2024
5020451425,52.29507,10.66533,2024-03-30,3,2024
5020629245,52.16793,10.72929,2024-03-06,3,2024
5021467032,52.53001,10.23067,2024-03-29,3,2024
5022996076,52.52964,10.24663,2024-03-02,3,2024
5023256528,52.30459,10.61156,2024-03-19,3,2024
5023389662,52.53001,10.23067,2024-03-09,3,2024
5023659153,52.52782,10.10038,2024-03-30,3,2024
5023960212,52.53001,10.23067,2024-03-03,3,2024
5024371696,52.30459,10.61156,2024-03-14,3,2024
5025906421,52.52782,10.10038,2024-03-06,3,2024
5027683818,52.2818,10.77282,2024-03-29,3,2024
4607009580,52.31297,10.61381,2024-04-03,4,2024
4607219927,52.45437,10.72588,2024-04-07,4,2024
4607229059,52.0983,10.42966,2024-04-07,4,2024
4607314467,52.41595,10.93714,2024-04-03,4,2024
4607580190,52.32413,10.57229,2024-04-09,4,2024
4607611807,52.05174,10.4571,2024-04-07,4,2024
4846900667,52.0798,10.45392,2024-04-13,4,2024
4852782004,52.27968,10.58075,2024-04-12,4,2024
4852942595,52.28324,10.47539,2024-04-23,4,2024
4853111091,52.51828,10.94139,2024-04-27,4,2024
4863752927,52.2713,10.56724,2024-04-27,4,2024
4881333055,52.35254,10.43011,2024-04-11,4,2024
4881455184,52.35008,10.39866,2024-04-28,4,2024
4881600827,52.32859,10.45056,2024-04-27,4,2024
4881668964,52.48288,10.17521,2024-04-03,4,2024
4882003528,52.38413,10.243,2024-04-22,4,2024
4882381843,52.48527,10.18062,2024-04-03,4,2024
4882742665,52.48286,10.17645,2024-04-03,4,2024
4882789044,52.30602,10.47814,2024-04-01,4,2024
4883318586,52.34221,10.29373,2024-04-06,4,2024
4883511139,52.32893,10.45577,2024-04-27,4,2024
4883749087,52.23779,10.52253,2024-04-26,4,2024
4884143119,52.36667,10.42088,2024-04-07,4,2024
4884436982,52.20636,10.81281,2024-04-14,4,2024
4886390276,52.32898,10.22531,2024-04-04,4,2024
4886658460,52.40387,10.40598,2024-04-21,4,2024
4886675666,52.18973,10.624,2024-04-13,4,2024
4887483104,52.36851,10.41983,2024-04-07,4,2024
4887617788,52.40319,10.40513,2024-04-21,4,2024
4887918280,52.26517,10.56587,2024-04-18,4,2024
4887946039,52.33216,10.4227,2024-04-13,4,2024
4888174957,52.36717,10.42195,2024-04-07,4,2024
4888331336,52.33085,10.41974,2024-04-13,4,2024
4889083091,52.4228,10.91489,2024-04-06,4,2024
4910678946,52.07675,10.45752,2024-04-20,4,2024
5012650203,52.26443,11.12395,2024-04-30,4,2024
5014070922,52.37672,10.71077,2024-04-15,4,2024
5016432673,52.33723,10.70578,2024-04-19,4,2024
5019148585,52.44126,10.47014,2024-04-28,4,2024
5024216615,52.31319,10.6137,2024-04-04,4,2024
5025410907,52.16354,10.72812,2024-04-07,4,2024
5759904217,52.32846,10.58155,2024-04-12,4,2024
4854882864,52.29961,10.53194,2024-05-05,5,2024
4855061431,52.27127,10.56721,2024-05-03,5,2024
4863574809,52.3275,10.58386,2024-05-10,5,2024
4863734867,52.14117,10.42947,2024-05-12,5,2024
4863788075,52.29008,10.58768,2024-05-08,5,2024
4867695246,52.30426,10.33504,2024-05-18,5,2024
4872462381,52.27537,10.51312,2024-05-22,5,2024
4872646785,52.2504,10.52641,2024-05-25,5,2024
4882766071,52.30598,10.52586,2024-05-12,5,2024
4882812554,52.25028,10.52722,2024-05-07,5,2024
4884514565,52.38116,10.25336,2024-05-09,5,2024
4887460774,52.39951,10.59806,2024-05-14,5,2024
4887629323,52.25111,10.52667,2024-05-07,5,2024
4887655380,52.33125,10.2157,2024-05-19,5,2024
4887974876,52.25039,10.49282,2024-05-21,5,2024
4888171222,52.27045,10.49867,2024-05-14,5,2024
4888518591,52.28615,10.48385,2024-05-11,5,2024
4888588822,52.39945,10.59805,2024-05-14,5,2024
4888860414,52.19528,10.75452,2024-05-20,5,2024
4890305419,52.27126,10.56722,2024-05-11,5,2024
4930911308,52.68515,10.53712,2024-05-31,5,2024
4932178435,52.18,10.55063,2024-05-24,5,2024
4933452723,52.19367,10.53824,2024-05-24,5,2024
4934333821,52.2381,10.52936,2024-05-31,5,2024
4934645766,52.29796,10.34291,2024-05-26,5,2024
4934954763,52.67222,10.84521,2024-05-31,5,2024
5012705609,52.47416,10.34704,2024-05-09,5,2024
5027187502,52.30459,10.61156,2024-05-27,5,2024
6195909745,52.16368,11.10679,2024-05-14,5,2024
4891808887,52.37984,10.81076,2024-06-05,6,2024
4891983082,52.14535,10.64572,2024-06-10,6,2024
4901398232,52.12945,10.66114,2024-06-16,6,2024
4904115214,52.32208,10.43144,2024-06-23,6,2024
4904192345,52.25066,10.49255,2024-06-27,6,2024
4904300609,52.25053,10.49209,2024-06-27,6,2024
4908406741,52.79236,10.64081,2024-06-25,6,2024
4930540254,52.32735,10.42019,2024-06-08,6,2024
4930778272,52.2753,10.56025,2024-06-19,6,2024
4931212421,52.44427,10.45242,2024-06-23,6,2024
4931214000,52.44714,10.4615,2024-06-23,6,2024
4931573336,52.44334,10.45337,2024-06-23,6,2024
4932755888,52.2565,10.53476,2024-06-09,6,2024
4932806274,52.32734,10.42021,2024-06-10,6,2024
4933034483,52.44785,10.46442,2024-06-23,6,2024
4933840263,52.32467,10.42389,2024-06-08,6,2024
4946420629,52.28903,10.50281,2024-06-12,6,2024
5292614115,52.26603,10.53326,2024-06-22,6,2024
5938358098,52.51603,10.96134,2024-06-08,6,2024
4910667325,52.2357,10.78067,2024-07-18,7,2024
4919192345,52.11365,10.32497,2024-07-28,7,2024
4919583445,52.11049,10.34038,2024-07-28,7,2024
4919589167,52.11216,10.33549,2024-07-28,7,2024
4930423625,52.56346,10.63258,2024-07-03,7,2024
4930543679,52.26514,10.55259,2024-07-19,7,2024
4931570391,52.41791,10.78104,2024-07-19,7,2024
4931585668,52.07241,10.13729,2024-07-23,7,2024
4931812042,52.2737,10.52849,2024-07-22,7,2024
4931870142,52.14076,10.77423,2024-07-25,7,2024
4932370634,52.44127,10.80905,2024-07-27,7,2024
4932814624,52.80743,10.54694,2024-07-13,7,2024
4932859260,52.41284,10.91063,2024-07-28,7,2024
4932912924,52.28508,10.51169,2024-07-16,7,2024
4933333785,52.78674,10.63057,2024-07-12,7,2024
4933560234,52.42907,10.10601,2024-07-27,7,2024
4933605839,52.21441,10.63179,2024-07-24,7,2024
4933639050,52.27617,10.56783,2024-07-18,7,2024
4933863845,52.61364,10.13632,2024-07-28,7,2024
4935219802,52.44756,10.81338,2024-07-27,7,2024
4935350701,52.23434,10.48155,2024-07-27,7,2024
4935381349,52.12995,10.52591,2024-07-26,7,2024
4973799514,52.41015,10.45816,2024-07-13,7,2024
5012785445,52.53001,10.23067,2024-07-27,7,2024
5013101821,52.60226,10.10017,2024-07-07,7,2024
5018631067,52.70262,11.09561,2024-07-06,7,2024
6424003689,52.25538,10.57151,2024-07-11,7,2024
6424380582,52.26364,10.56415,2024-07-14,7,2024
4921473099,52.26962,10.56028,2024-08-06,8,2024
4921535113,52.13007,10.4771,2024-08-04,8,2024
4921564165,52.27367,10.57528,2024-08-01,8,2024
4921817643,52.2717,10.59812,2024-08-05,8,2024
4923811406,52.27244,10.59174,2024-08-10,8,2024
4923870331,52.2727,10.57222,2024-08-07,8,2024
4926049555,52.09815,10.42478,2024-08-17,8,2024
4926169124,52.12268,10.25786,2024-08-17,8,2024
4926322541,52.66626,10.97213,2024-08-18,8,2024
4931271614,52.63631,10.57885,2024-08-09,8,2024
4931435789,52.7621,10.12636,2024-08-07,8,2024
4931596579,52.722,10.44784,2024-08-06,8,2024
4931626159,52.26937,10.54316,2024-08-02,8,2024
4931882744,52.09904,10.12705,2024-08-10,8,2024
4932190369,52.19323,10.54235,2024-08-02,8,2024
4932286924,52.12293,10.25836,2024-08-08,8,2024
4932435692,52.19356,10.54256,2024-08-02,8,2024
4932436013,52.51875,10.37175,2024-08-03,8,2024
4932448381,52.05383,10.19941,2024-08-09,8,2024
4932762595,52.64938,10.99459,2024-08-12,8,2024
4933116044,52.3984,10.52671,2024-08-06,8,2024
4933259459,52.35492,10.42648,2024-08-16,8,2024
4933336667,52.29917,10.26028,2024-08-02,8,2024
4933339172,52.32205,10.43145,2024-08-03,8,2024
4933486748,52.47586,10.40793,2024-08-03,8,2024
4933626734,52.32195,10.4245,2024-08-11,8,2024
4933948403,52.11433,10.34161,2024-08-08,8,2024
4934016424,52.83536,10.98942,2024-08-02,8,2024
4934150594,52.20858,10.52361,2024-08-02,8,2024
4934239965,52.6419,10.57828,2024-08-09,8,2024
4934297300,52.27167,10.59813,2024-08-09,8,2024
4934404660,52.37776,10.42458,2024-08-18,8,2024
4935391598,52.24966,11.01557,2024-08-04,8,2024
4935464246,52.12568,10.29643,2024-08-04,8,2024
4935481256,52.13135,10.88162,2024-08-17,8,2024
4935493048,52.16438,10.54461,2024-08-16,8,2024
4935518086,52.23302,10.48066,2024-08-10,8,2024
4935519805,52.37515,10.42504,2024-08-18,8,2024
4935677831,52.27705,10.45697,2024-08-30,8,2024
4956045856,52.78721,10.16347,2024-08-22,8,2024
4956719887,52.12158,10.29084,2024-08-28,8,2024
4956728712,52.45222,11.0025,2024-08-23,8,2024
4957385109,52.42911,10.10548,2024-08-23,8,2024
4973875495,52.4219,10.37106,2024-08-23,8,2024
5014919197,52.29465,10.62545,2024-08-05,8,2024
5015497600,52.11095,10.21873,2024-08-08,8,2024
5015847373,52.09656,10.22514,2024-08-08,8,2024
5016810573,52.12362,10.20709,2024-08-08,8,2024
5017538451,52.27145,10.5981,2024-08-21,8,2024
5023576819,52.33825,10.71927,2024-08-09,8,2024
5027768547,52.53622,10.24901,2024-08-27,8,2024
5028582637,52.54708,10.15185,2024-08-11,8,2024
5104367653,52.19069,10.46825,2024-08-12,8,2024
5176525368,52.80837,10.16855,2024-08-31,8,2024
6412054616,52.06079,10.20179,2024-08-15,8,2024
4945860358,52.30921,10.55899,2024-09-12,9,2024
4946275398,52.15803,10.4597,2024-09-08,9,2024
4949883881,52.08233,10.22965,2024-09-18,9,2024
4949908404,52.31287,10.61311,2024-09-24,9,2024
4956246744,52.26456,10.5808,2024-09-08,9,2024
4956369481,52.05176,10.17221,2024-09-27,9,2024
4956374114,52.30562,10.66785,2024-09-23,9,2024
4956402154,52.28509,10.63448,2024-09-26,9,2024
4956507371,52.33166,10.22117,2024-09-02,9,2024
4956509211,52.35032,10.47056,2024-09-07,9,2024
4956592895,52.27673,10.3985,2024-09-27,9,2024
4956699137,52.26608,10.39843,2024-09-09,9,2024
4956714572,52.38938,10.41025,2024-09-08,9,2024
4956795730,52.29975,10.55052,2024-09-02,9,2024
4956919808,52.26663,10.58931,2024-09-08,9,2024
4956990439,52.62503,10.18851,2024-09-20,9,2024
4957029152,52.47003,10.5181,2024-09-01,9,2024
4957106916,52.40719,10.48657,2024-09-21,9,2024
4957130422,52.22104,10.57584,2024-09-22,9,2024
4957149186,52.27273,10.57834,2024-09-05,9,2024
4957165188,52.41395,10.90677,2024-09-23,9,2024
4957167678,52.0696,10.17748,2024-09-25,9,2024
4957194151,52.27854,10.46542,2024-09-25,9,2024
4957226465,52.13159,10.2961,2024-09-05,9,2024
4957262578,52.34757,10.20406,2024-09-02,9,2024
4957381305,52.68515,10.53713,2024-09-13,9,2024
4957403591,52.05373,10.17999,2024-09-19,9,2024
4957596008,52.44781,10.45536,2024-09-29,9,2024
4957693986,52.39275,10.40886,2024-09-08,9,2024
4957703292,52.14328,10.72687,2024-09-10,9,2024
4957797397,52.46946,10.51704,2024-09-01,9,2024
4957814056,52.2981,10.5707,2024-09-05,9,2024
4957897268,52.42252,10.9392,2024-09-27,9,2024
4957900779,52.46136,10.55638,2024-09-20,9,2024
4957950603,52.4081,10.80493,2024-09-29,9,2024
4957960324,52.58962,10.8275,2024-09-29,9,2024
4976375622,52.22004,10.48045,2024-09-17,9,2024
4987475849,52.2498,10.49406,2024-09-24,9,2024
5013054436,52.42358,10.79033,2024-09-15,9,2024
5015384287,52.48689,10.17819,2024-09-15,9,2024
5016464733,52.07057,10.38801,2024-09-22,9,2024
5019563554,52.40026,10.72535,2024-09-10,9,2024
5019814168,52.33886,10.71578,2024-09-24,9,2024
5023985848,52.37777,10.81772,2024-09-29,9,2024
5025687976,52.3731,10.82926,2024-09-29,9,2024
5025955051,52.37794,10.81729,2024-09-29,9,2024
5027904420,52.33815,10.7189,2024-09-24,9,2024
5028006586,52.47358,10.20708,2024-09-15,9,2024
5062798109,52.21528,10.73462,2024-09-30,9,2024
5087156146,52.19078,10.46843,2024-09-29,9,2024
5890369567,52.73683,10.47748,2024-09-27,9,2024
6179340741,52.19086,10.46883,2024-09-29,9,2024
6186833589,52.59336,10.32108,2024-09-19,9,2024
6235747531,52.27215,10.58502,2024-09-01,9,2024
6273409638,52.7455,10.46761,2024-09-29,9,2024
6412172782,52.26401,10.59253,2024-09-29,9,2024
4952213641,52.28009,10.47101,2024-10-07,10,2024
4952296533,52.41041,10.36508,2024-10-08,10,2024
4952318226,52.29571,10.62808,2024-10-04,10,2024
4952359603,52.2807,10.46229,2024-10-04,10,2024
4952538478,52.28285,10.47278,2024-10-07,10,2024
4952589395,52.08119,10.34868,2024-10-05,10,2024
4952759185,52.41069,10.3672,2024-10-08,10,2024
4952847211,52.32715,10.34127,2024-10-03,10,2024
4952947485,52.07188,10.35294,2024-10-05,10,2024
4952958231,52.44697,10.80863,2024-10-03,10,2024
4952966655,52.33578,10.33804,2024-10-03,10,2024
4953015380,52.32921,10.34183,2024-10-03,10,2024
4953192604,52.2333,10.80222,2024-10-03,10,2024
4954242635,52.2654,11.11457,2024-10-12,10,2024
4954251172,52.42139,10.3696,2024-10-14,10,2024
4954259270,52.29568,10.62819,2024-10-12,10,2024
4954290291,52.29686,10.62448,2024-10-12,10,2024
4954321403,52.27046,10.59306,2024-10-15,10,2024
4954373277,52.26174,11.1237,2024-10-12,10,2024
4954403406,52.26014,11.11555,2024-10-12,10,2024
4954481768,52.2639,11.10951,2024-10-12,10,2024
4954487028,52.24292,10.81184,2024-10-13,10,2024
4954514297,52.26261,11.10644,2024-10-12,10,2024
4954573088,52.41372,10.35415,2024-10-11,10,2024
4954609031,52.29273,10.62892,2024-10-12,10,2024
4954704996,52.41841,10.36867,2024-10-14,10,2024
4954768911,52.26756,10.60442,2024-10-13,10,2024
4954775938,52.25957,11.12224,2024-10-12,10,2024
4955977567,52.83752,10.15532,2024-10-01,10,2024
4956503645,52.05299,10.17244,2024-10-11,10,2024
4956545578,52.47833,10.76722,2024-10-01,10,2024
4956630474,52.42401,10.94157,2024-10-09,10,2024
4956667043,52.47861,10.74972,2024-10-01,10,2024
4956883721,52.05156,10.20064,2024-10-01,10,2024
4957072794,52.24814,10.52204,2024-10-01,10,2024
4957102625,52.36039,10.42263,2024-10-08,10,2024
4957108419,52.0546,10.17986,2024-10-05,10,2024
4957137675,52.8107,10.16618,2024-10-02,10,2024
4957329447,52.42166,10.94042,2024-10-09,10,2024
4957658245,52.81366,10.16285,2024-10-02,10,2024
4957753012,52.05446,10.17883,2024-10-07,10,2024
4957939856,52.82132,10.13782,2024-10-02,10,2024
4973786291,52.42492,10.32773,2024-10-20,10,2024
4973816473,52.26439,11.11645,2024-10-12,10,2024
4973820899,52.25939,11.12209,2024-10-12,10,2024
4973826084,52.2978,10.62468,2024-10-17,10,2024
4973827971,52.28668,10.77405,2024-10-20,10,2024
4973832465,52.28595,10.76665,2024-10-20,10,2024
4973838657,52.2621,11.12023,2024-10-12,10,2024
4973849156,52.26232,11.1222,2024-10-12,10,2024
4973852239,52.26966,10.59151,2024-10-19,10,2024
4973884406,52.10641,10.3211,2024-10-18,10,2024
4973898803,52.26897,10.59217,2024-10-19,10,2024
4973917585,52.26204,11.12095,2024-10-12,10,2024
4973923983,52.11975,10.16729,2024-10-20,10,2024
4973936448,52.10575,10.31917,2024-10-18,10,2024
4973938672,52.28619,10.77339,2024-10-20,10,2024
4973994566,52.10685,10.32179,2024-10-18,10,2024
4974012363,52.28711,10.77292,2024-10-20,10,2024
4974019911,52.26253,11.12162,2024-10-12,10,2024
4974031998,52.26813,10.59233,2024-10-19,10,2024
4974038118,52.26306,11.11841,2024-10-12,10,2024
4974076460,52.11839,10.16579,2024-10-20,10,2024
4974101754,52.27269,10.57987,2024-10-21,10,2024
4974146385,52.28567,10.76819,2024-10-20,10,2024
4974151558,52.12314,10.15864,2024-10-20,10,2024
4974166345,52.26768,10.55805,2024-10-19,10,2024
4974176537,52.43111,10.31896,2024-10-20,10,2024
4974194928,52.11997,10.16399,2024-10-20,10,2024
4974195037,52.28738,10.76261,2024-10-20,10,2024
4974232870,52.08965,10.34437,2024-10-20,10,2024
4974254258,52.26546,10.60668,2024-10-19,10,2024
4974269630,52.12052,10.1626,2024-10-20,10,2024
4974323134,52.28688,10.76412,2024-10-20,10,2024
4976189692,52.71684,10.4791,2024-10-26,10,2024
4976231163,52.40733,10.45151,2024-10-24,10,2024
4976263132,52.28361,10.47454,2024-10-18,10,2024
4976288832,52.71754,10.47111,2024-10-26,10,2024
4976338375,52.44676,10.62524,2024-10-20,10,2024
4976338731,52.31069,10.61787,2024-10-23,10,2024
4976349322,52.71872,10.45834,2024-10-26,10,2024
4976373789,52.71682,10.48057,2024-10-26,10,2024
4976407983,52.1154,10.2508,2024-10-26,10,2024
4976418132,52.30787,10.5568,2024-10-29,10,2024
4976455709,52.12264,10.32726,2024-10-27,10,2024
4976457309,52.71752,10.45707,2024-10-26,10,2024
4976475994,52.25604,10.59433,2024-10-26,10,2024
4976476047,52.11152,10.23576,2024-10-26,10,2024
4976484465,52.30569,10.55306,2024-10-29,10,2024
4976506435,52.71749,10.48042,2024-10-26,10,2024
4976524218,52.11297,10.23894,2024-10-26,10,2024
4976535883,52.41581,10.32991,2024-10-24,10,2024
4976545337,52.12187,10.32836,2024-10-27,10,2024
4976580566,52.71988,10.45023,2024-10-26,10,2024
4976635014,52.11821,10.24733,2024-10-26,10,2024
4976652193,52.11673,10.2495,2024-10-26,10,2024
4976668855,52.25833,10.53672,2024-10-26,10,2024
4978148523,52.1136,10.23664,2024-10-26,10,2024
4978151682,52.11414,10.24774,2024-10-26,10,2024
4978175222,52.11309,10.24604,2024-10-26,10,2024
4978190537,52.23667,10.78804,2024-10-31,10,2024
4978196645,52.1112,10.23593,2024-10-26,10,2024
4978306994,52.40428,10.36005,2024-10-31,10,2024
4978333783,52.41971,10.37509,2024-10-31,10,2024
4978341551,52.11928,10.16609,2024-10-20,10,2024
4978357338,52.29747,10.62633,2024-10-29,10,2024
4978376142,52.11618,10.25073,2024-10-26,10,2024
4978410114,52.1134,10.24306,2024-10-26,10,2024
4978494707,52.11333,10.23801,2024-10-26,10,2024
4978576968,52.42194,10.37131,2024-10-31,10,2024
4978620905,52.11233,10.24458,2024-10-26,10,2024
4978620906,52.11352,10.2425,2024-10-26,10,2024
4978634942,52.11965,10.24659,2024-10-26,10,2024
4978662256,52.11954,10.16524,2024-10-20,10,2024
4980346845,52.71796,10.48009,2024-10-26,10,2024
4980545876,52.2997,10.62581,2024-10-29,10,2024
4980595107,52.71869,10.4597,2024-10-26,10,2024
4981954361,52.24934,10.46447,2024-10-30,10,2024
4981985453,52.28613,10.76645,2024-10-20,10,2024
4982081728,52.2943,10.33592,2024-10-20,10,2024
4982193597,52.299,10.62589,2024-10-29,10,2024
4982249319,52.40429,10.44972,2024-10-24,10,2024
4985396243,52.27254,10.57856,2024-10-18,10,2024
4985401371,52.45111,10.81599,2024-10-13,10,2024
4985451669,52.29047,10.58759,2024-10-25,10,2024
4985495929,52.53318,10.46165,2024-10-24,10,2024
4985529968,52.27259,10.57845,2024-10-18,10,2024
4985540256,52.27075,10.5328,2024-10-17,10,2024
4985609823,52.42171,10.94077,2024-10-19,10,2024
4985626733,52.31176,10.47528,2024-10-18,10,2024
4985630655,52.12427,10.13741,2024-10-20,10,2024
4985741083,52.19157,11.05326,2024-10-19,10,2024
4985797841,52.39146,10.59218,2024-10-28,10,2024
4985881612,52.44227,10.91408,2024-10-15,10,2024
4985971336,52.30936,10.47718,2024-10-18,10,2024
4986140815,52.45231,10.71664,2024-10-16,10,2024
4986340575,52.30951,10.47487,2024-10-18,10,2024
4986448417,52.28928,10.50706,2024-10-18,10,2024
4986472215,52.40863,10.79188,2024-10-18,10,2024
4986503206,52.29372,10.62867,2024-10-20,10,2024
4986509847,52.45264,10.71347,2024-10-16,10,2024
4986521273,52.39155,10.59269,2024-10-28,10,2024
4986562285,52.26947,10.49681,2024-10-31,10,2024
4986615800,52.45231,10.71786,2024-10-16,10,2024
4986659759,52.45214,10.71634,2024-10-16,10,2024
4987414761,52.28802,10.50757,2024-10-28,10,2024
4987517037,52.26058,10.48442,2024-10-03,10,2024
4987705596,52.12269,10.32752,2024-10-27,10,2024
5007015859,52.28879,10.76306,2024-10-20,10,2024
5007315117,52.26604,11.11515,2024-10-12,10,2024
5012980102,52.30459,10.61156,2024-10-23,10,2024
5013099449,52.30326,10.61235,2024-10-06,10,2024
5013704615,52.52992,10.18615,2024-10-17,10,2024
5013724593,52.29774,10.62594,2024-10-30,10,2024
5013770340,52.30459,10.61156,2024-10-12,10,2024
5013790319,52.2982,10.62546,2024-10-30,10,2024
5014129169,52.28787,10.79076,2024-10-12,10,2024
5014212307,52.53795,10.15137,2024-10-16,10,2024
5015236886,52.33636,10.71892,2024-10-02,10,2024
5015320466,52.30459,10.61156,2024-10-04,10,2024
5015330900,52.30459,10.61156,2024-10-26,10,2024
5015806975,52.31936,10.43922,2024-10-05,10,2024
5015822680,52.3006,10.64175,2024-10-06,10,2024
5015830789,52.52992,10.18615,2024-10-11,10,2024
5015924974,52.55691,10.83361,2024-10-03,10,2024
5016026610,52.52992,10.18615,2024-10-28,10,2024
5016791775,52.53795,10.15137,2024-10-03,10,2024
5016925798,52.33498,10.71455,2024-10-02,10,2024
5017071550,52.58172,10.18364,2024-10-12,10,2024
5017141463,52.30459,10.61156,2024-10-11,10,2024
5017715611,52.29958,10.6253,2024-10-30,10,2024
5017812626,52.53795,10.15137,2024-10-28,10,2024
5017845371,52.5692,10.1215,2024-10-31,10,2024
5018072823,52.30459,10.61156,2024-10-31,10,2024
5018093377,52.29341,10.62874,2024-10-23,10,2024
5019895320,52.5692,10.1215,2024-10-19,10,2024
5020400533,52.31936,10.43922,2024-10-31,10,2024
5021209657,52.52296,10.10721,2024-10-11,10,2024
5021344078,52.30459,10.61156,2024-10-15,10,2024
5021432321,52.29644,10.62393,2024-10-06,10,2024
5021468585,52.51425,10.1079,2024-10-11,10,2024
5021470506,52.52992,10.18615,2024-10-16,10,2024
5021717431,52.31936,10.43922,2024-10-20,10,2024
5021735666,52.52193,10.10831,2024-10-11,10,2024
5022468068,52.29733,10.63281,2024-10-06,10,2024
5023119005,52.50691,10.16702,2024-10-08,10,2024
5023776957,52.60226,10.10017,2024-10-11,10,2024
5024251750,52.2976,10.63368,2024-10-06,10,2024
5024368662,52.5692,10.1215,2024-10-25,10,2024
5024608605,52.33816,10.71974,2024-10-12,10,2024
5024617374,52.30465,10.61107,2024-10-23,10,2024
5024729037,52.30459,10.61156,2024-10-17,10,2024
5024734402,52.28743,10.78719,2024-10-12,10,2024
5024823549,52.29386,10.62857,2024-10-23,10,2024
5024953570,52.30273,10.64552,2024-10-06,10,2024
5024961926,52.52335,10.1076,2024-10-11,10,2024
5025029492,52.29866,10.62588,2024-10-30,10,2024
5025762797,52.30459,10.61156,2024-10-27,10,2024
5025860442,52.29765,10.63644,2024-10-06,10,2024
5026002755,52.30193,10.62515,2024-10-30,10,2024
5026041076,52.29897,10.62524,2024-10-30,10,2024
5026756002,52.55774,10.83203,2024-10-03,10,2024
5027527205,52.3047,10.61092,2024-10-14,10,2024
5027982545,52.52992,10.18615,2024-10-22,10,2024
5028235166,52.29949,10.63973,2024-10-06,10,2024
5028307912,52.29776,10.62677,2024-10-30,10,2024
5052535087,52.19624,11.07337,2024-10-31,10,2024
5062850249,52.40995,10.36779,2024-10-11,10,2024
5062918373,52.28825,10.76312,2024-10-20,10,2024
5062919627,52.23649,10.78788,2024-10-31,10,2024
5063461463,52.2722,10.58631,2024-10-20,10,2024
5063474851,52.27262,10.57849,2024-10-27,10,2024
5087058298,52.26245,10.59031,2024-10-25,10,2024
5087063272,52.27232,10.58604,2024-10-15,10,2024
5087068287,52.28534,10.76857,2024-10-20,10,2024
5087111220,52.29786,10.62553,2024-10-29,10,2024
5087125406,52.28787,10.76487,2024-10-20,10,2024
5087129878,52.27232,10.59425,2024-10-31,10,2024
5087161330,52.30251,10.55644,2024-10-29,10,2024
5087166378,52.29151,10.33113,2024-10-03,10,2024
5087229797,52.27239,10.5908,2024-10-06,10,2024
5104291830,52.28043,10.47609,2024-10-04,10,2024
5133659480,52.42142,10.36945,2024-10-31,10,2024
5205965440,52.2675,10.60413,2024-10-13,10,2024
5218864614,52.26018,10.21063,2024-10-25,10,2024
5237473418,52.25577,10.59752,2024-10-26,10,2024
5840968918,52.83568,10.3421,2024-10-20,10,2024
5857421182,52.55698,10.62228,2024-10-05,10,2024
5857423901,52.4526,10.71501,2024-10-18,10,2024
5857424410,52.48936,10.57187,2024-10-27,10,2024
5857425947,52.10063,10.15258,2024-10-15,10,2024
5857430985,52.4542,10.6997,2024-10-25,10,2024
5857444358,52.71035,10.56368,2024-10-15,10,2024
5857445203,52.69719,10.60918,2024-10-06,10,2024
5857452127,52.53229,10.66317,2024-10-06,10,2024
5857460464,52.81334,10.16329,2024-10-07,10,2024
5857461022,52.41127,10.36265,2024-10-20,10,2024
5857470049,52.62522,10.96323,2024-10-19,10,2024
5857479635,52.65055,11.02597,2024-10-11,10,2024
5857481126,52.26455,10.60687,2024-10-06,10,2024
5857492357,52.30904,10.4772,2024-10-15,10,2024
5857499863,52.43044,10.27714,2024-10-23,10,2024
5857509197,52.2573,10.5637,2024-10-30,10,2024
5857519981,52.52037,10.38099,2024-10-04,10,2024
5857539043,52.35274,10.39283,2024-10-03,10,2024
5857556105,52.4282,10.10499,2024-10-05,10,2024
5857572817,52.53702,10.2635,2024-10-06,10,2024
5857580568,52.41943,10.54996,2024-10-27,10,2024
5857580850,52.71637,10.44638,2024-10-08,10,2024
5857591402,52.10189,10.13221,2024-10-16,10,2024
5857596202,52.68457,10.14158,2024-10-19,10,2024
5857597188,52.46033,10.48221,2024-10-17,10,2024
5857597190,52.39339,10.36097,2024-10-12,10,2024
5857605818,52.2725,10.57833,2024-10-30,10,2024
5857610933,52.35014,10.44257,2024-10-24,10,2024
5857614050,52.53703,10.26348,2024-10-06,10,2024
5857623786,52.65037,11.02572,2024-10-11,10,2024
5857628247,52.67234,10.30833,2024-10-09,10,2024
5857633815,52.46721,10.42249,2024-10-10,10,2024
5857641918,52.68413,10.14119,2024-10-19,10,2024
5857651903,52.39685,10.37421,2024-10-14,10,2024
5857659059,52.1005,10.15227,2024-10-20,10,2024
5857660323,52.5188,10.39786,2024-10-16,10,2024
5857661161,52.35231,10.39175,2024-10-03,10,2024
5857675663,52.2723,10.58263,2024-10-20,10,2024
5857678522,52.30269,10.48846,2024-10-13,10,2024
5857684741,52.10048,10.1524,2024-10-25,10,2024
5857689677,52.46708,10.51841,2024-10-19,10,2024
5867832007,52.27067,10.5329,2024-10-16,10,2024
5867851869,52.30678,10.56747,2024-10-11,10,2024
5897107523,52.26403,11.10482,2024-10-12,10,2024
5901300602,52.08809,10.12792,2024-10-19,10,2024
5902057356,52.2551,10.49902,2024-10-10,10,2024
5932306361,52.29753,10.63498,2024-10-06,10,2024
5935837519,52.12269,10.32864,2024-10-27,10,2024
5936068620,52.44339,10.80034,2024-10-12,10,2024
5938057665,52.11363,10.23485,2024-10-26,10,2024
6163093188,52.27152,10.56918,2024-10-25,10,2024
6411039431,52.31187,10.44904,2024-10-08,10,2024
6411239880,52.45766,10.62522,2024-10-23,10,2024
6411962171,52.25176,10.61153,2024-10-30,10,2024
6412015873,52.09546,10.3375,2024-10-14,10,2024
6412338360,52.22158,11.02398,2024-10-21,10,2024
6412466627,52.42947,10.10627,2024-10-05,10,2024
6412713544,52.41992,10.76906,2024-10-06,10,2024
4978371732,52.4331,10.66366,2024-11-01,11,2024
4978633772,52.26381,10.48283,2024-11-01,11,2024
4980252520,52.27235,10.59425,2024-11-09,11,2024
4980312036,52.27182,10.59815,2024-11-09,11,2024
4980423059,52.31064,10.49363,2024-11-11,11,2024
4980511138,52.26777,10.50399,2024-11-08,11,2024
4980564499,52.27209,10.59536,2024-11-09,11,2024
4981935510,52.26043,10.60592,2024-11-18,11,2024
4981995153,52.35226,10.74042,2024-11-08,11,2024
4982029240,52.3211,10.4417,2024-11-13,11,2024
4982048573,52.29613,10.62831,2024-11-16,11,2024
4982065866,52.28074,10.47465,2024-11-14,11,2024
4982087406,52.26024,10.60512,2024-11-18,11,2024
4982091718,52.28273,10.47526,2024-11-14,11,2024
4982101477,52.27991,10.47284,2024-11-14,11,2024
4982102270,52.07691,10.44897,2024-11-17,11,2024
4982131125,52.28337,10.47443,2024-11-14,11,2024
4982271669,52.29659,10.6282,2024-11-16,11,2024
4982278080,52.27085,10.53287,2024-11-17,11,2024
4985403586,52.84767,10.30897,2024-11-18,11,2024
4985641886,52.39067,10.54623,2024-11-18,11,2024
4985811159,52.36255,10.42389,2024-11-04,11,2024
4985872498,52.37789,10.48302,2024-11-08,11,2024
4986186202,52.25357,10.52191,2024-11-06,11,2024
4986359427,52.30953,10.61029,2024-11-15,11,2024
4986533731,52.76886,10.26956,2024-11-17,11,2024
4987512541,52.17101,10.5637,2024-11-24,11,2024
4987523175,52.12987,10.47729,2024-11-24,11,2024
4987588372,52.27071,10.48688,2024-11-24,11,2024
4987644461,52.30757,10.50721,2024-11-22,11,2024
4989648225,52.35,10.19889,2024-11-25,11,2024
4989727663,52.43538,10.17361,2024-11-26,11,2024
4989795533,52.34639,10.1975,2024-11-25,11,2024
4989926479,52.37022,10.10432,2024-11-26,11,2024
5007132373,52.77081,10.26794,2024-11-16,11,2024
5012698563,52.13738,10.67354,2024-11-03,11,2024
5012976972,52.29321,10.62912,2024-11-16,11,2024
5013417223,52.12778,10.28469,2024-11-28,11,2024
5013719250,52.29359,10.6289,2024-11-16,11,2024
5016657155,52.58172,10.18364,2024-11-02,11,2024
5018208416,52.30459,10.61156,2024-11-01,11,2024
5018284139,52.3452,10.72186,2024-11-09,11,2024
5020550529,52.31936,10.43922,2024-11-03,11,2024
5022640510,52.30147,10.61821,2024-11-16,11,2024
5024896158,52.53795,10.15137,2024-11-05,11,2024
5025388316,52.30459,10.61156,2024-11-02,11,2024
5025962135,52.3095,10.61021,2024-11-16,11,2024
5027603139,52.53795,10.15137,2024-11-06,11,2024
5063707645,52.27444,10.58099,2024-11-09,11,2024
5857432354,52.27265,10.57851,2024-11-01,11,2024
5857435680,52.47009,10.43491,2024-11-02,11,2024
5857468530,52.2728,10.57954,2024-11-01,11,2024
5857586676,52.47633,10.44764,2024-11-02,11,2024
5857599375,52.27249,10.57835,2024-11-01,11,2024
5857607440,52.4756,10.4352,2024-11-02,11,2024
5857637900,52.47796,10.44733,2024-11-02,11,2024
5857651911,52.47007,10.44158,2024-11-02,11,2024
5857659671,52.33475,10.42198,2024-11-02,11,2024
5857705305,52.26996,10.57553,2024-11-01,11,2024
5890404956,52.73602,10.47519,2024-11-01,11,2024
5932249540,52.41757,10.37116,2024-11-18,11,2024
6131630642,52.26649,10.53154,2024-11-10,11,2024
6163090215,52.27328,10.56252,2024-11-12,11,2024
6412641988,52.47505,10.43497,2024-11-02,11,2024
4989719443,52.5148,10.9149,2024-12-03,12,2024
4989728155,52.09683,10.26156,2024-12-01,12,2024
4989737963,52.4469,10.68944,2024-12-01,12,2024
4989766254,52.51388,10.89518,2024-12-03,12,2024
4989775364,52.23705,10.51847,2024-12-07,12,2024
4989783326,52.23964,10.52055,2024-12-07,12,2024
4989784339,52.33458,10.44503,2024-12-06,12,2024
4989793511,52.44333,10.69107,2024-12-01,12,2024
4989800659,52.09724,10.26275,2024-12-01,12,2024
4989809440,52.33567,10.71971,2024-12-05,12,2024
4989853214,52.32464,10.42395,2024-12-08,12,2024
4989860930,52.25472,11.00585,2024-12-08,12,2024
4989903676,52.26344,11.01785,2024-12-08,12,2024
4994296698,52.27235,10.58762,2024-12-01,12,2024
4994322734,52.42972,10.35381,2024-12-01,12,2024
4995547013,52.30188,10.48464,2024-12-13,12,2024
4995595019,52.30597,10.4788,2024-12-13,12,2024
4995602036,52.27777,10.81326,2024-12-12,12,2024
4995631770,52.54245,10.33967,2024-12-14,12,2024
5004946679,52.27234,10.58944,2024-12-23,12,2024
5004948670,52.33722,10.28556,2024-12-22,12,2024
5004948754,52.27221,10.58455,2024-12-23,12,2024
5004974697,52.36892,10.42078,2024-12-30,12,2024
5005047344,52.27402,10.58101,2024-12-23,12,2024
5005177294,52.46358,10.6669,2024-12-20,12,2024
5005197987,52.33639,10.28278,2024-12-22,12,2024
5005202055,52.40679,10.79862,2024-12-24,12,2024
5005221953,52.46757,10.51491,2024-12-31,12,2024
5005298160,52.75339,10.18995,2024-12-21,12,2024
5005319568,52.27137,10.59596,2024-12-23,12,2024
5005323694,52.29191,10.33207,2024-12-26,12,2024
5005368760,52.11644,10.27882,2024-12-25,12,2024
5005381641,52.36648,10.42114,2024-12-30,12,2024
5005381773,52.39783,10.77312,2024-12-28,12,2024
5005757975,52.26905,10.53332,2024-12-22,12,2024
5005824768,52.5416,10.34413,2024-12-25,12,2024
5005902837,52.22049,10.48332,2024-12-20,12,2024
5005903806,52.33694,10.28528,2024-12-22,12,2024
5005911905,52.27229,10.58246,2024-12-23,12,2024
5005934483,52.75178,10.19802,2024-12-21,12,2024
5006028076,52.12223,10.28561,2024-12-28,12,2024
5006095514,52.36851,10.41993,2024-12-30,12,2024
5006108898,52.32261,10.45066,2024-12-22,12,2024
5006473876,52.36833,10.42221,2024-12-30,12,2024
5006473980,52.39512,10.77495,2024-12-28,12,2024
5007174784,52.41098,10.49548,2024-12-21,12,2024
5007414660,52.4079,10.49803,2024-12-21,12,2024
5007566303,52.25945,10.59373,2024-12-31,12,2024
5007742872,52.13306,10.47704,2024-12-24,12,2024
5008047621,52.26109,10.46132,2024-12-16,12,2024
5008112445,52.13103,10.47698,2024-12-24,12,2024
5017040472,52.12777,10.28468,2024-12-31,12,2024
5021522665,52.12281,10.28702,2024-12-30,12,2024
5022109381,52.34633,10.70519,2024-12-31,12,2024
5062869969,52.25908,10.46761,2024-12-09,12,2024
5062886139,52.45321,10.46464,2024-12-25,12,2024
5069975448,52.14267,10.63478,2024-12-01,12,2024
5069997482,52.15104,10.62758,2024-12-01,12,2024
5087121628,52.41149,10.49563,2024-12-21,12,2024
5890403833,52.4491,10.48125,2024-12-29,12,2024
5897620542,52.14166,10.63528,2024-12-24,12,2024
5932248143,52.44982,10.45555,2024-12-25,12,2024
6130915536,52.43182,10.34989,2024-12-05,12,2024
4011553129,52.26556,10.53555,2023-01-01,1,2023
4011928389,52.25474,10.45104,2023-01-03,1,2023
4012028430,52.25347,10.44839,2023-01-03,1,2023
4018133745,52.27317,10.58121,2023-01-01,1,2023
4018210201,52.27457,10.55929,2023-01-14,1,2023
4018363436,52.25586,10.45556,2023-01-17,1,2023
4021947699,52.27792,10.45908,2023-01-23,1,2023
4021975957,52.29148,10.35748,2023-01-17,1,2023
4022062637,52.29436,10.35525,2023-01-17,1,2023
4022080576,52.27319,10.59816,2023-01-21,1,2023
4022087022,52.29413,10.35949,2023-01-17,1,2023
4022238703,52.27759,10.45812,2023-01-23,1,2023
4022308681,52.27236,10.58877,2023-01-21,1,2023
4022374431,52.24391,10.33627,2023-01-21,1,2023
4029003463,52.2622,10.46631,2023-01-30,1,2023
4029103441,52.26066,10.45986,2023-01-30,1,2023
4056430145,52.26827,10.60673,2023-01-16,1,2023
4056511465,52.18935,10.54653,2023-01-08,1,2023
4056524526,52.14628,10.77374,2023-01-18,1,2023
4056603955,52.42755,10.92524,2023-01-09,1,2023
4056657510,52.27039,10.59861,2023-01-03,1,2023
4056683767,52.26265,10.5849,2023-01-03,1,2023
4056831810,52.26591,10.59152,2023-01-09,1,2023
4056898020,52.25961,10.51557,2023-01-07,1,2023
4056911099,52.37278,10.15202,2023-01-02,1,2023
4056943720,52.25323,10.52103,2023-01-04,1,2023
4057034544,52.25156,10.52552,2023-01-29,1,2023
4057224634,52.23466,10.51673,2023-01-01,1,2023
4057320012,52.41355,10.74306,2023-01-02,1,2023
4057321998,52.25083,10.45447,2023-01-06,1,2023
4057333027,52.36721,10.10822,2023-01-03,1,2023
4057408251,52.42166,10.76792,2023-01-13,1,2023
4057435944,52.262,10.58544,2023-01-09,1,2023
4057492955,52.27206,10.58793,2023-01-23,1,2023
4057587784,52.36913,10.10498,2023-01-03,1,2023
4057607346,52.15351,10.77613,2023-01-17,1,2023
4057622952,52.2963,10.62867,2023-01-02,1,2023
4057686979,52.36617,10.10648,2023-01-16,1,2023
4057691773,52.26972,10.60327,2023-01-16,1,2023
4057699348,52.12161,10.15032,2023-01-08,1,2023
4057715480,52.42845,10.9269,2023-01-09,1,2023
4057771447,52.2606,10.45468,2023-01-06,1,2023
4057776696,52.14405,10.76795,2023-01-09,1,2023
4057787605,52.28835,10.19655,2023-01-15,1,2023
4057794172,52.27161,10.51873,2023-01-17,1,2023
4057817348,52.26892,10.59073,2023-01-25,1,2023
4057819234,52.26842,10.60626,2023-01-16,1,2023
4057839504,52.14401,10.76786,2023-01-06,1,2023
4057854906,52.27063,10.5799,2023-01-24,1,2023
4057855625,52.36684,10.10678,2023-01-16,1,2023
4057962919,52.26704,10.58951,2023-01-25,1,2023
4058009426,52.27064,10.59975,2023-01-16,1,2023
4058164835,52.26761,10.58989,2023-01-25,1,2023
4510212820,52.27769,10.55671,2023-01-12,1,2023
4892077452,52.37711,10.60367,2023-01-31,1,2023
5008185655,52.25148,10.44718,2023-01-07,1,2023
5012764077,52.52992,10.18615,2023-01-03,1,2023
5013262116,52.30459,10.61156,2023-01-15,1,2023
5013328026,52.19457,11.05838,2023-01-05,1,2023
5014212492,52.23562,11.07259,2023-01-05,1,2023
5016609259,52.53795,10.15137,2023-01-05,1,2023
5016644359,52.2736,10.79033,2023-01-17,1,2023
5019235462,52.5692,10.1215,2023-01-09,1,2023
5019958882,52.52992,10.18615,2023-01-08,1,2023
5020841676,52.33666,10.73176,2023-01-23,1,2023
5022259106,52.53795,10.15137,2023-01-06,1,2023
5023151886,52.1921,11.05011,2023-01-05,1,2023
5026055174,52.29545,10.62829,2023-01-16,1,2023
5062555283,52.25207,10.44685,2023-01-03,1,2023
6130789225,52.27387,10.5598,2023-01-12,1,2023
6353373451,52.32263,10.45061,2023-01-16,1,2023
4029147809,52.27216,10.51951,2023-02-03,2,2023
4029204969,52.27227,10.58682,2023-02-04,2,2023
4029223966,52.25056,10.4561,2023-02-02,2,2023
4029304201,52.26292,10.58491,2023-02-04,2,2023
4046214146,52.32288,10.70131,2023-02-26,2,2023
4046232188,52.32444,10.70815,2023-02-26,2,2023
4046506134,52.33158,10.71094,2023-02-26,2,2023
4046515194,52.32527,10.69756,2023-02-26,2,2023
4046550155,52.32527,10.69748,2023-02-26,2,2023
4046551114,52.43392,10.66587,2023-02-25,2,2023
4056605113,52.29494,10.63185,2023-02-21,2,2023
4056628167,52.25687,10.4893,2023-02-07,2,2023
4056669062,52.25394,10.51909,2023-02-05,2,2023
4056845202,52.25654,10.45581,2023-02-19,2,2023
4056942334,52.27997,10.58237,2023-02-19,2,2023
4057266002,52.24832,10.52849,2023-02-21,2,2023
4057359422,52.27578,10.80883,2023-02-15,2,2023
4057524984,52.27784,10.57977,2023-02-07,2,2023
4057651601,52.41455,10.7455,2023-02-22,2,2023
4057682160,52.14824,10.78438,2023-02-05,2,2023
4057864017,52.25475,10.45671,2023-02-19,2,2023
4057920075,52.25915,10.52427,2023-02-13,2,2023
4057924871,52.25532,10.45575,2023-02-19,2,2023
4057925077,52.19238,11.05424,2023-02-20,2,2023
4057938077,52.283,10.76657,2023-02-04,2,2023
4057967988,52.29365,10.62874,2023-02-04,2,2023
4058105699,52.27868,10.75664,2023-02-16,2,2023
4058149970,52.12488,10.14761,2023-02-03,2,2023
4058184205,52.42717,10.92534,2023-02-23,2,2023
4058185661,52.41358,10.92388,2023-02-13,2,2023
4058187939,52.27776,10.75434,2023-02-16,2,2023
4058276423,52.25079,10.45617,2023-02-19,2,2023
4058277480,52.17602,10.77969,2023-02-21,2,2023
4058345760,52.25383,10.45444,2023-02-19,2,2023
4158831942,52.26511,10.59824,2023-02-12,2,2023
4159112064,52.26608,10.60041,2023-02-12,2,2023
5012488250,52.55016,10.14982,2023-02-07,2,2023
5012626596,52.39551,10.4667,2023-02-06,2,2023
5013107544,52.37663,10.76113,2023-02-09,2,2023
5014677984,52.29549,10.62924,2023-02-04,2,2023
5014983227,52.39539,10.47039,2023-02-06,2,2023
5015081770,52.52454,10.12596,2023-02-27,2,2023
5015229576,52.40498,10.51141,2023-02-10,2,2023
5016842857,52.55016,10.14982,2023-02-06,2,2023
5017206687,52.40344,10.50915,2023-02-06,2,2023
5018869154,52.32507,10.69795,2023-02-25,2,2023
5018970339,52.55016,10.14982,2023-02-05,2,2023
5020380207,52.2953,10.63099,2023-02-21,2,2023
5023338980,52.52782,10.10038,2023-02-26,2,2023
5024204689,52.34481,10.72479,2023-02-12,2,2023
5025399085,52.31936,10.43922,2023-02-04,2,2023
5025600666,52.39556,10.4661,2023-02-06,2,2023
5025611763,52.55016,10.14982,2023-02-04,2,2023
4054838852,52.27071,10.48688,2023-03-03,3,2023
4062576280,52.2688,10.59801,2023-03-13,3,2023
4062779766,52.25539,10.46535,2023-03-09,3,2023
4062834291,52.27029,10.59798,2023-03-13,3,2023
4062922000,52.25869,10.46847,2023-03-09,3,2023
4067290735,52.23618,10.4136,2023-03-12,3,2023
4121025051,52.07221,10.38459,2023-03-24,3,2023
4121288937,52.0729,10.38368,2023-03-24,3,2023
4121337089,52.06879,10.38701,2023-03-24,3,2023
4127123685,52.06322,10.38865,2023-03-24,3,2023
4156033190,52.25351,10.44866,2023-03-13,3,2023
4156061183,52.25096,10.44159,2023-03-13,3,2023
4156100974,52.25349,10.44831,2023-03-13,3,2023
4156312585,52.43768,11.13817,2023-03-14,3,2023
4156335716,52.4145,10.74553,2023-03-08,3,2023
4156595713,52.4398,10.93631,2023-03-12,3,2023
4156638597,52.27097,10.73133,2023-03-08,3,2023
4156786552,52.08839,10.34414,2023-03-19,3,2023
4157055256,52.27276,10.57883,2023-03-25,3,2023
4157428818,52.72988,10.61898,2023-03-24,3,2023
4158560768,52.25103,10.44097,2023-03-13,3,2023
4158615526,52.1206,10.14456,2023-03-05,3,2023
4158700026,52.2535,10.44824,2023-03-13,3,2023
4158914452,52.28064,10.54974,2023-03-26,3,2023
4159074472,52.22768,10.58593,2023-03-14,3,2023
4159330969,52.28044,10.81258,2023-03-09,3,2023
4159543231,52.29399,10.6291,2023-03-18,3,2023
4159654061,52.41602,10.77451,2023-03-26,3,2023
5013696694,52.50691,10.16702,2023-03-30,3,2023
5015216336,52.15685,10.66136,2023-03-31,3,2023
5019707941,52.30459,10.61156,2023-03-30,3,2023
5021980201,52.55016,10.14982,2023-03-26,3,2023
5022977488,52.29315,10.77774,2023-03-20,3,2023
5024520276,52.55016,10.14982,2023-03-06,3,2023
4076181714,52.27989,10.58186,2023-04-02,4,2023
4076433753,52.6997,10.17704,2023-04-02,4,2023
4103182707,52.26561,10.53587,2023-04-26,4,2023
4121131004,52.19866,10.47713,2023-04-01,4,2023
4156065095,52.23745,10.63708,2023-04-13,4,2023
4156330095,52.16329,10.72779,2023-04-24,4,2023
4156333218,52.18637,10.85542,2023-04-09,4,2023
4156388379,52.16352,10.72793,2023-04-20,4,2023
4156391493,52.16772,10.72705,2023-04-07,4,2023
4156636349,52.09903,10.30723,2023-04-24,4,2023
4156651695,52.48456,10.47961,2023-04-27,4,2023
4157129751,52.2358,10.64706,2023-04-13,4,2023
4157178655,52.40629,10.48432,2023-04-05,4,2023
4157292354,52.23808,10.62549,2023-04-19,4,2023
4157324723,52.24038,10.62472,2023-04-19,4,2023
4157354496,52.2366,10.65036,2023-04-13,4,2023
4157497287,52.13562,10.10389,2023-04-02,4,2023
4157728623,52.23969,10.62734,2023-04-19,4,2023
4157737158,52.23623,10.65066,2023-04-13,4,2023
4157904536,52.183,10.85174,2023-04-09,4,2023
4158580355,52.39815,10.34468,2023-04-30,4,2023
4158922255,52.16382,10.72768,2023-04-17,4,2023
4159572676,52.23631,10.6365,2023-04-13,4,2023
4159941492,52.23569,10.64633,2023-04-13,4,2023
4160667680,52.4639,10.5143,2023-04-30,4,2023
4528193766,52.14174,10.26997,2023-04-29,4,2023
5013314089,52.51507,10.14854,2023-04-05,4,2023
5015574198,52.2736,10.79033,2023-04-02,4,2023
5016282299,52.16346,10.72768,2023-04-18,4,2023
5018091617,52.44126,10.47014,2023-04-07,4,2023
5023535332,52.79036,10.12759,2023-04-06,4,2023
5026278442,52.28207,10.76997,2023-04-02,4,2023
5027870030,52.54359,10.23418,2023-04-10,4,2023
5027929222,52.51507,10.14854,2023-04-14,4,2023
4111877589,52.30378,10.52622,2023-05-06,5,2023
4111886867,52.28736,10.70959,2023-05-07,5,2023
4111948064,52.28702,10.48153,2023-05-08,5,2023
4116172566,52.28656,10.70949,2023-05-07,5,2023
4116335603,52.28642,10.81131,2023-05-03,5,2023
4121018647,52.05763,10.36035,2023-05-20,5,2023
4121240046,52.10519,10.30798,2023-05-21,5,2023
4121323089,52.07993,10.37707,2023-05-18,5,2023
4121365730,52.53569,10.62607,2023-05-15,5,2023
4121456794,52.09925,10.3188,2023-05-21,5,2023
4121465093,52.205,10.80412,2023-05-16,5,2023
4127155232,52.14398,10.7259,2023-05-28,5,2023
4156678917,52.19815,10.72281,2023-05-05,5,2023
4156904440,52.38876,10.27162,2023-05-06,5,2023
4157155866,52.27228,10.55352,2023-05-21,5,2023
4157191031,52.45627,10.88479,2023-05-09,5,2023
4157251330,52.25067,10.45534,2023-05-25,5,2023
4157683002,52.07086,10.17297,2023-05-07,5,2023
4158008796,52.25876,10.49026,2023-05-07,5,2023
4158454594,52.40073,10.22945,2023-05-24,5,2023
4159278588,52.41965,10.76875,2023-05-01,5,2023
4159711496,52.32095,10.4568,2023-05-04,5,2023
4160529271,52.29618,10.62828,2023-05-29,5,2023
5014152609,52.54708,10.15185,2023-05-16,5,2023
5016321961,52.51507,10.14854,2023-05-07,5,2023
5023706907,52.34276,10.72278,2023-05-11,5,2023
5024571651,52.25536,10.53766,2023-05-12,5,2023
4130091517,52.25067,10.45524,2023-06-03,6,2023
4137653118,52.26363,10.60511,2023-06-18,6,2023
4137997892,52.26902,10.53211,2023-06-15,6,2023
4138092714,52.30269,10.55306,2023-06-18,6,2023
4138559154,52.2621,10.46378,2023-06-16,6,2023
4158223193,52.25644,10.53544,2023-06-13,6,2023
4158862782,52.1472,10.55777,2023-06-07,6,2023
4158985924,52.25641,10.53538,2023-06-23,6,2023
4159702958,52.27088,10.52844,2023-06-17,6,2023
4159727675,52.14825,10.55691,2023-06-07,6,2023
4159775433,52.06053,10.51699,2023-06-11,6,2023
4159963097,52.09606,10.13435,2023-06-06,6,2023
4160072022,52.2709,10.52836,2023-06-08,6,2023
4160192665,52.14706,10.55497,2023-06-29,6,2023
4160227323,52.0994,10.30789,2023-06-24,6,2023
4160540649,52.41721,10.21823,2023-06-18,6,2023
4160559462,52.15845,10.54088,2023-06-28,6,2023
4160623965,52.27051,10.57692,2023-06-08,6,2023
4160755139,52.42155,10.90828,2023-06-22,6,2023
4160766074,52.39197,10.21943,2023-06-29,6,2023
4160766083,52.23682,10.89965,2023-06-29,6,2023
4160881520,52.23234,10.56676,2023-06-10,6,2023
4160934549,52.15344,10.54722,2023-06-29,6,2023
4160958626,52.81668,10.31949,2023-06-06,6,2023
4465408956,52.26559,10.5355,2023-06-25,6,2023
4145400931,52.10635,10.38565,2023-07-02,7,2023
4145703883,52.10706,10.38991,2023-07-02,7,2023
4153407948,52.08276,10.36163,2023-07-08,7,2023
4153490529,52.25742,10.45959,2023-07-06,7,2023
4153636268,52.08778,10.35703,2023-07-07,7,2023
4153667718,52.25024,10.49024,2023-07-11,7,2023
4153709954,52.24985,10.48935,2023-07-11,7,2023
4162400709,52.24022,10.70887,2023-07-14,7,2023
4165456669,52.29242,10.34754,2023-07-19,7,2023
4171714278,52.12742,10.26103,2023-07-30,7,2023
4171744405,52.15179,10.35232,2023-07-29,7,2023
4171746034,52.05238,10.45661,2023-07-30,7,2023
4171802416,52.25071,10.4538,2023-07-29,7,2023
4171953863,52.83123,10.18499,2023-07-29,7,2023
4408467231,52.14795,10.55811,2023-07-02,7,2023
4408491495,52.29263,10.83504,2023-07-03,7,2023
4408539276,52.15888,10.53989,2023-07-06,7,2023
4408674283,52.14433,10.76579,2023-07-26,7,2023
4408689674,52.22844,11.01865,2023-07-06,7,2023
4408839561,52.24048,10.7101,2023-07-14,7,2023
4408908551,52.10641,10.34209,2023-07-25,7,2023
4408914854,52.12631,10.14683,2023-07-09,7,2023
4409050558,52.05045,10.17792,2023-07-10,7,2023
4409307312,52.22242,10.47593,2023-07-22,7,2023
4409373525,52.25586,10.53818,2023-07-17,7,2023
4409379187,52.2088,10.28156,2023-07-28,7,2023
4409475824,52.25057,10.46197,2023-07-23,7,2023
4409605729,52.15921,10.54179,2023-07-29,7,2023
4409621430,52.41243,10.91174,2023-07-17,7,2023
4409641550,52.14852,10.55033,2023-07-22,7,2023
4409698509,52.26355,10.56116,2023-07-26,7,2023
4409827092,52.27658,10.56075,2023-07-26,7,2023
4409876494,52.25656,10.53499,2023-07-28,7,2023
4409909300,52.18904,10.83858,2023-07-28,7,2023
4409945688,52.28271,10.778,2023-07-24,7,2023
4409956572,52.14155,10.77119,2023-07-31,7,2023
4410056582,52.41299,10.79139,2023-07-29,7,2023
4410058394,52.18915,10.83823,2023-07-28,7,2023
4410062742,52.15607,10.54584,2023-07-29,7,2023
4410110758,52.41392,10.79259,2023-07-29,7,2023
4410113503,52.38327,10.53009,2023-07-29,7,2023
4410185477,52.45844,10.80697,2023-07-29,7,2023
4431151483,52.26135,11.12125,2023-07-22,7,2023
4597140258,52.11862,10.29473,2023-07-29,7,2023
4854977764,52.42814,10.67274,2023-07-07,7,2023
4855011616,52.19083,10.49387,2023-07-27,7,2023
4946276720,52.74184,10.45354,2023-07-20,7,2023
5013433123,52.26443,11.12395,2023-07-22,7,2023
5014210212,52.17184,10.82425,2023-07-20,7,2023
5014521683,52.30459,10.61156,2023-07-19,7,2023
5023273674,52.25454,10.52238,2023-07-09,7,2023
5026515553,52.30459,10.61156,2023-07-31,7,2023
5027823881,52.57357,10.70701,2023-07-30,7,2023
5028183345,52.53795,10.15137,2023-07-04,7,2023
6179379668,52.2771,10.55835,2023-07-13,7,2023
4171885887,52.44822,10.81151,2023-08-07,8,2023
4172003858,52.29394,10.35759,2023-08-04,8,2023
4172010579,52.27244,10.45142,2023-08-02,8,2023
4172070189,52.25947,10.54753,2023-08-05,8,2023
4172160304,52.41023,10.36608,2023-08-03,8,2023
4177065248,52.26898,10.55786,2023-08-08,8,2023
4177079189,52.30249,10.48491,2023-08-09,8,2023
4177079238,52.3141,10.46589,2023-08-09,8,2023
4177153084,52.26826,10.5518,2023-08-02,8,2023
4177171017,52.30832,10.4772,2023-08-13,8,2023
4177289527,52.45627,10.80215,2023-08-14,8,2023
4177338303,52.23795,10.52325,2023-08-08,8,2023
4177338321,52.41234,10.3283,2023-08-09,8,2023
4177508810,52.45097,10.7868,2023-08-14,8,2023
4177568410,52.25631,10.53497,2023-08-14,8,2023
4399984669,52.40215,10.50861,2023-08-19,8,2023
4400065534,52.32174,10.42372,2023-08-15,8,2023
4400237041,52.40837,10.79216,2023-08-20,8,2023
4400257276,52.22944,10.51278,2023-08-21,8,2023
4400285781,52.32204,10.43096,2023-08-15,8,2023
4400304992,52.24265,10.62152,2023-08-22,8,2023
4400381838,52.09145,10.26542,2023-08-20,8,2023
4400430729,52.26671,10.40311,2023-08-16,8,2023
4405025009,52.27619,10.57697,2023-08-23,8,2023
4405129139,52.32321,10.67398,2023-08-20,8,2023
4405137050,52.45852,10.79961,2023-08-25,8,2023
4405188790,52.43894,10.80107,2023-08-20,8,2023
4405268721,52.40684,10.51078,2023-08-19,8,2023
4405451319,52.25937,10.54831,2023-08-20,8,2023
4407488520,52.28997,10.32921,2023-08-30,8,2023
4407498725,52.29193,10.33299,2023-08-30,8,2023
4408726047,52.28881,10.42298,2023-08-10,8,2023
4408898028,52.26752,10.55556,2023-08-12,8,2023
4409049547,52.39225,10.49636,2023-08-09,8,2023
4409166785,52.17,10.85744,2023-08-08,8,2023
4409187305,52.12601,10.14523,2023-08-18,8,2023
4409229929,52.36419,10.41634,2023-08-25,8,2023
4409539771,52.2381,10.53131,2023-08-01,8,2023
4409643045,52.56809,10.73721,2023-08-02,8,2023
4409661209,52.27246,10.58137,2023-08-04,8,2023
4409704639,52.2934,10.62921,2023-08-16,8,2023
4409776113,52.84751,10.65677,2023-08-03,8,2023
4409846613,52.58054,10.18157,2023-08-18,8,2023
4409869714,52.18874,10.8384,2023-08-07,8,2023
4409971658,52.45222,10.81409,2023-08-12,8,2023
4409977293,52.2305,10.86342,2023-08-07,8,2023
4410054110,52.26382,10.55452,2023-08-17,8,2023
4410087650,52.25552,10.46984,2023-08-06,8,2023
4410092136,52.41506,10.91476,2023-08-18,8,2023
4410108811,52.17801,10.54436,2023-08-29,8,2023
4410120926,52.18864,10.83888,2023-08-07,8,2023
4410125796,52.15419,10.32105,2023-08-02,8,2023
4410145385,52.14093,10.77417,2023-08-01,8,2023
4410182103,52.25669,10.5362,2023-08-17,8,2023
4410219864,52.53592,10.11788,2023-08-23,8,2023
4410226042,52.18592,10.83083,2023-08-21,8,2023
4410235943,52.29692,10.63047,2023-08-24,8,2023
4410380634,52.25326,10.52129,2023-08-31,8,2023
4410406815,52.32968,10.22355,2023-08-12,8,2023
4410420638,52.26224,10.50606,2023-08-09,8,2023
4410460034,52.63795,10.57707,2023-08-18,8,2023
4410467210,52.44071,10.80938,2023-08-23,8,2023
4410518636,52.43281,10.89132,2023-08-29,8,2023
4410589282,52.40376,10.5069,2023-08-19,8,2023
4410638440,52.1906,10.83098,2023-08-10,8,2023
4410644019,52.3658,10.51854,2023-08-19,8,2023
4410684477,52.25054,10.49377,2023-08-28,8,2023
4410703779,52.42206,10.93934,2023-08-15,8,2023
4410708655,52.09921,10.13228,2023-08-24,8,2023
4410710265,52.1064,10.13963,2023-08-24,8,2023
4410712842,52.63974,10.57371,2023-08-18,8,2023
4410731680,52.43503,10.91788,2023-08-19,8,2023
4410743297,52.43338,10.89156,2023-08-29,8,2023
4410778782,52.64285,10.57711,2023-08-18,8,2023
4410793347,52.23641,11.02703,2023-08-27,8,2023
4413449063,52.29137,10.3254,2023-08-30,8,2023
4442698141,52.10631,10.35507,2023-08-18,8,2023
4459717697,52.18868,10.83565,2023-08-21,8,2023
4459794931,52.10586,10.3456,2023-08-29,8,2023
4459914554,52.18834,10.83288,2023-08-21,8,2023
4461678854,52.78962,10.12881,2023-08-20,8,2023
4462008468,52.25476,10.52351,2023-08-30,8,2023
4462081652,52.78939,10.12884,2023-08-20,8,2023
4516517548,52.26212,11.10716,2023-08-25,8,2023
4527949952,52.82957,10.17925,2023-08-04,8,2023
4528195013,52.08847,10.36186,2023-08-22,8,2023
4528224006,52.4081,10.44431,2023-08-23,8,2023
4535799847,52.27637,10.57784,2023-08-09,8,2023
4596743285,52.28195,10.47405,2023-08-14,8,2023
4597308302,52.41027,10.32982,2023-08-09,8,2023
4606629153,52.25745,10.60572,2023-08-20,8,2023
4854784289,52.5958,10.13903,2023-08-13,8,2023
4886934060,52.41148,10.79405,2023-08-20,8,2023
4901845222,52.2563,10.53501,2023-08-07,8,2023
4946286453,52.40974,10.50592,2023-08-19,8,2023
5012762924,52.26443,11.12395,2023-08-25,8,2023
5012794740,52.25536,10.53766,2023-08-07,8,2023
5013079025,52.59012,10.14012,2023-08-02,8,2023
5013313329,52.30459,10.61156,2023-08-21,8,2023
5013487172,52.25536,10.53766,2023-08-25,8,2023
5013923163,52.58172,10.18364,2023-08-27,8,2023
5013932654,52.30459,10.61156,2023-08-05,8,2023
5013937772,52.30459,10.61156,2023-08-20,8,2023
5015329303,52.37359,10.70701,2023-08-30,8,2023
5016716279,52.55016,10.14982,2023-08-04,8,2023
5017641834,52.30459,10.61156,2023-08-16,8,2023
5018265142,52.81805,10.14287,2023-08-21,8,2023
5018802280,52.25536,10.53766,2023-08-28,8,2023
5019294843,52.52454,10.12596,2023-08-15,8,2023
5019308494,52.37109,10.81639,2023-08-12,8,2023
5019691995,52.60226,10.10017,2023-08-31,8,2023
5020696018,52.58205,10.16867,2023-08-22,8,2023
5020964376,52.27852,10.7561,2023-08-28,8,2023
5021145080,52.58205,10.16867,2023-08-18,8,2023
5021438610,52.53804,10.24386,2023-08-05,8,2023
5021515082,52.30459,10.61156,2023-08-04,8,2023
5022867730,52.53804,10.24386,2023-08-15,8,2023
5023015702,52.53795,10.15137,2023-08-29,8,2023
5023125683,52.30459,10.61156,2023-08-24,8,2023
5023215745,52.30459,10.61156,2023-08-31,8,2023
5024570002,52.30459,10.61156,2023-08-14,8,2023
5025156066,52.58205,10.16867,2023-08-17,8,2023
5025560172,52.30459,10.61156,2023-08-09,8,2023
5026008897,52.37964,10.81307,2023-08-13,8,2023
5027006079,52.30459,10.61156,2023-08-26,8,2023
5028564885,52.37617,10.82349,2023-08-13,8,2023
5086262682,52.1261,10.1485,2023-08-07,8,2023
5087006277,52.27602,10.57768,2023-08-21,8,2023
5920021712,52.25583,10.45233,2023-08-13,8,2023
5920178458,52.21785,10.42274,2023-08-04,8,2023
6411649107,52.37674,10.7107,2023-08-19,8,2023
6480462489,52.21279,11.10263,2023-08-25,8,2023
4407500586,52.4241,10.36837,2023-09-01,9,2023
4407537899,52.25509,10.5254,2023-09-03,9,2023
4413780640,52.27288,10.5843,2023-09-10,9,2023
4413832248,52.40963,10.36445,2023-09-15,9,2023
4414038656,52.27238,10.58106,2023-09-09,9,2023
4414095356,52.27269,10.59178,2023-09-10,9,2023
4414102414,52.26779,10.59575,2023-09-10,9,2023
4414118337,52.27281,10.57962,2023-09-09,9,2023
4414126751,52.267,10.59373,2023-09-10,9,2023
4414292851,52.25764,10.55983,2023-09-17,9,2023
4416733159,52.32554,10.41589,2023-09-24,9,2023
4416812194,52.28874,10.33308,2023-09-20,9,2023
4416956049,52.32763,10.71416,2023-09-24,9,2023
4416958361,52.43116,10.32163,2023-09-26,9,2023
4416971140,52.32743,10.71405,2023-09-24,9,2023
4417025602,52.2762,10.57696,2023-09-23,9,2023
4417028744,52.32547,10.41591,2023-09-24,9,2023
4417035081,52.32686,10.71539,2023-09-24,9,2023
4420748465,52.39567,10.29873,2023-09-30,9,2023
4420810994,52.2712,10.57797,2023-09-28,9,2023
4420913951,52.27652,10.57789,2023-09-27,9,2023
4420928049,52.31569,10.60018,2023-09-27,9,2023
4436077022,52.26354,10.49346,2023-09-15,9,2023
4436202124,52.40974,10.36445,2023-09-21,9,2023
4459631119,52.21782,10.76313,2023-09-03,9,2023
4459765273,52.53401,10.1132,2023-09-20,9,2023
4459858607,52.27246,10.58066,2023-09-03,9,2023
4459880787,52.27244,10.58129,2023-09-01,9,2023
4459986569,52.29714,10.63138,2023-09-28,9,2023
4460272138,52.13747,10.14478,2023-09-17,9,2023
4460303820,52.53492,10.11046,2023-09-20,9,2023
4460356420,52.40527,10.77943,2023-09-14,9,2023
4460395425,52.12944,10.15804,2023-09-16,9,2023
4460432881,52.53497,10.11212,2023-09-24,9,2023
4460468163,52.12803,10.15832,2023-09-16,9,2023
4460509707,52.4697,10.51729,2023-09-16,9,2023
4460527298,52.34212,10.49253,2023-09-29,9,2023
4460562729,52.83029,10.16522,2023-09-26,9,2023
4460562945,52.23105,10.79257,2023-09-26,9,2023
4460595158,52.53519,10.11099,2023-09-24,9,2023
4460658676,52.32274,10.45056,2023-09-25,9,2023
4460788530,52.13815,10.1448,2023-09-17,9,2023
4461042575,52.25717,10.45496,2023-09-14,9,2023
4461329061,52.35293,10.4718,2023-09-02,9,2023
4461628118,52.35301,10.50638,2023-09-22,9,2023
4462009266,52.26727,10.5558,2023-09-02,9,2023
4462053511,52.36687,10.42316,2023-09-29,9,2023
4462070026,52.10332,10.32764,2023-09-24,9,2023
4462115952,52.29462,10.62517,2023-09-21,9,2023
4462184354,52.25345,10.44841,2023-09-14,9,2023
4462195223,52.29445,10.56058,2023-09-22,9,2023
4462216522,52.53521,10.11078,2023-09-20,9,2023
4462388144,52.53395,10.1138,2023-09-20,9,2023
4462392687,52.25205,10.51961,2023-09-29,9,2023
4462456763,52.2506,10.49374,2023-09-13,9,2023
4462507629,52.1251,10.15276,2023-09-16,9,2023
4462543314,52.10326,10.32725,2023-09-24,9,2023
4510258196,52.19107,11.04923,2023-09-29,9,2023
4516261301,52.42623,10.32326,2023-09-26,9,2023
4527964031,52.26771,10.59553,2023-09-04,9,2023
4528169099,52.26554,10.53565,2023-09-29,9,2023
4535868893,52.27089,10.48087,2023-09-01,9,2023
4852149774,52.16662,10.54239,2023-09-04,9,2023
4853025829,52.63257,10.17579,2023-09-02,9,2023
4890135187,52.61841,10.11703,2023-09-27,9,2023
4901800076,52.25444,10.55806,2023-09-03,9,2023
4936570578,52.32168,10.42299,2023-09-27,9,2023
5012895324,52.33391,10.71014,2023-09-29,9,2023
5013462137,52.33255,10.7117,2023-09-29,9,2023
5013473845,52.58205,10.16867,2023-09-22,9,2023
5013520559,52.58172,10.18364,2023-09-25,9,2023
5013799006,52.82354,10.20708,2023-09-17,9,2023
5013800398,52.28425,10.80625,2023-09-30,9,2023
5013888744,52.30459,10.61156,2023-09-24,9,2023
5014230364,52.53001,10.23067,2023-09-24,9,2023
5014305044,52.53795,10.15137,2023-09-28,9,2023
5014720307,52.20599,11.08997,2023-09-03,9,2023
5015150787,52.58205,10.16867,2023-09-02,9,2023
5015223461,52.54708,10.15185,2023-09-04,9,2023
5015297545,52.33837,10.71718,2023-09-29,9,2023
5015709531,52.44126,10.47014,2023-09-24,9,2023
5015834551,52.30459,10.61156,2023-09-21,9,2023
5015844192,52.26443,11.12395,2023-09-04,9,2023
5016885050,52.30459,10.61156,2023-09-28,9,2023
5017274543,52.5692,10.1215,2023-09-01,9,2023
5017664532,52.44126,10.47014,2023-09-03,9,2023
5018331851,52.77354,10.45704,2023-09-17,9,2023
5018398909,52.283,10.80603,2023-09-30,9,2023
5018679996,52.53804,10.24386,2023-09-10,9,2023
5019320561,52.28378,10.80525,2023-09-30,9,2023
5019719037,52.30459,10.61156,2023-09-26,9,2023
5020094047,52.32359,10.70701,2023-09-29,9,2023
5020474170,52.20049,11.09166,2023-09-03,9,2023
5021954307,52.82354,10.2904,2023-09-17,9,2023
5023618263,52.25739,10.56022,2023-09-17,9,2023
5023855176,52.82354,10.37372,2023-09-17,9,2023
5024136925,52.3381,10.71881,2023-09-29,9,2023
5024598269,52.55016,10.14982,2023-09-22,9,2023
5026361709,52.3315,10.71338,2023-09-29,9,2023
5027013686,52.5692,10.1215,2023-09-20,9,2023
5027024522,52.44126,10.47014,2023-09-04,9,2023
5027242154,52.27931,10.80077,2023-09-30,9,2023
5086981313,52.41451,10.78039,2023-09-01,9,2023
5292713438,52.26611,10.53306,2023-09-03,9,2023
5897001310,52.69345,10.51162,2023-09-06,9,2023
4420944011,52.46078,10.80703,2023-10-01,10,2023
4421019636,52.46405,10.80811,2023-10-01,10,2023
4421104101,52.34979,10.10703,2023-10-01,10,2023
4424299108,52.61242,10.1265,2023-10-08,10,2023
4424343060,52.61616,10.12125,2023-10-08,10,2023
4424354919,52.25925,10.47003,2023-10-05,10,2023
4424362068,52.61626,10.1216,2023-10-09,10,2023
4424370127,52.3009,10.38046,2023-10-08,10,2023
4424389788,52.41375,10.37552,2023-10-04,10,2023
4424436989,52.27247,10.44992,2023-10-03,10,2023
4424509159,52.29779,10.36413,2023-10-08,10,2023
4424618747,52.25092,10.81976,2023-10-07,10,2023
4430498605,52.29861,10.36429,2023-10-08,10,2023
4430510237,52.25846,10.58074,2023-10-11,10,2023
4430513885,52.21194,10.5302,2023-10-11,10,2023
4430535264,52.45727,10.8031,2023-10-12,10,2023
4430535836,52.29787,10.34562,2023-10-10,10,2023
4430555035,52.25959,10.59696,2023-10-14,10,2023
4430557002,52.27625,10.57766,2023-10-14,10,2023
4430565730,52.27611,10.57697,2023-10-13,10,2023
4430573972,52.26219,10.60105,2023-10-14,10,2023
4430598658,52.27236,10.58151,2023-10-13,10,2023
4430605638,52.26462,10.58066,2023-10-13,10,2023
4430606700,52.26249,10.5903,2023-10-13,10,2023
4430606786,52.27267,10.58112,2023-10-13,10,2023
4430620092,52.50435,10.69931,2023-10-15,10,2023
4430705612,52.67278,10.30814,2023-10-18,10,2023
4430711508,52.74861,10.34183,2023-10-18,10,2023
4430735285,52.29715,10.35571,2023-10-23,10,2023
4430737623,52.29559,10.35787,2023-10-21,10,2023
4430739799,52.30056,10.36399,2023-10-21,10,2023
4430746939,52.2769,10.45672,2023-10-22,10,2023
4430777227,52.19089,10.74332,2023-10-23,10,2023
4430784275,52.29053,10.33027,2023-10-18,10,2023
4430838352,52.42129,10.36986,2023-10-23,10,2023
4430979939,52.40982,10.36301,2023-10-11,10,2023
4430983295,52.45683,10.80385,2023-10-12,10,2023
4430992815,52.29857,10.34089,2023-10-10,10,2023
4430993154,52.2921,10.33296,2023-10-10,10,2023
4430997915,52.25519,10.60622,2023-10-11,10,2023
4431010204,52.29796,10.33686,2023-10-10,10,2023
4431021914,52.29825,10.34076,2023-10-10,10,2023
4431032699,52.27128,10.56639,2023-10-13,10,2023
4431033423,52.45483,10.80431,2023-10-12,10,2023
4431060834,52.27246,10.58105,2023-10-13,10,2023
4431076730,52.2626,10.59028,2023-10-13,10,2023
4431080033,52.27297,10.58131,2023-10-14,10,2023
4431097100,52.50519,10.69977,2023-10-15,10,2023
4431164525,52.22177,10.43343,2023-10-18,10,2023
4431203557,52.27229,10.58486,2023-10-21,10,2023
4431218172,52.41027,10.36564,2023-10-23,10,2023
4431225173,52.41059,10.36421,2023-10-23,10,2023
4431258330,52.29716,10.35548,2023-10-23,10,2023
4431296598,52.29871,10.36812,2023-10-23,10,2023
4436110475,52.42321,10.3702,2023-10-23,10,2023
4436113415,52.26245,10.59031,2023-10-25,10,2023
4436117816,52.2729,10.58141,2023-10-28,10,2023
4436140648,52.25896,10.45982,2023-10-27,10,2023
4436141732,52.0841,10.34631,2023-10-22,10,2023
4436175527,52.08094,10.34877,2023-10-22,10,2023
4436208848,52.21011,10.76162,2023-10-28,10,2023
4436208870,52.21185,10.75472,2023-10-28,10,2023
4436215250,52.21311,10.75961,2023-10-28,10,2023
4436216994,52.21085,10.76046,2023-10-28,10,2023
4436269130,52.45755,10.80807,2023-10-29,10,2023
4436269135,52.45825,10.81755,2023-10-29,10,2023
4436271859,52.45796,10.81748,2023-10-29,10,2023
4436271860,52.45771,10.81873,2023-10-29,10,2023
4436286065,52.29827,10.3511,2023-10-30,10,2023
4436302691,52.28835,10.33899,2023-10-30,10,2023
4436312511,52.45741,10.81882,2023-10-29,10,2023
4436313317,52.46016,10.80866,2023-10-29,10,2023
4436317917,52.4626,10.80867,2023-10-29,10,2023
4436342185,52.45811,10.80261,2023-10-28,10,2023
4436343487,52.29715,10.35573,2023-10-30,10,2023
4436360085,52.23001,10.7988,2023-10-07,10,2023
4436372106,52.29853,10.36533,2023-10-08,10,2023
4436400234,52.45521,10.81233,2023-10-29,10,2023
4436400235,52.45744,10.80811,2023-10-29,10,2023
4436430845,52.4651,10.80569,2023-10-28,10,2023
4436444148,52.26712,10.58962,2023-10-22,10,2023
4436445873,52.26998,10.55423,2023-10-08,10,2023
4436451123,52.2115,10.76003,2023-10-28,10,2023
4436464620,52.0967,10.3394,2023-10-22,10,2023
4436465314,52.45879,10.80721,2023-10-29,10,2023
4436465440,52.28675,10.34774,2023-10-30,10,2023
4438639248,52.30154,10.35933,2023-10-21,10,2023
4438697437,52.2983,10.35208,2023-10-30,10,2023
4438706352,52.28793,10.35802,2023-10-30,10,2023
4438859940,52.29998,10.35,2023-10-30,10,2023
4438884261,52.2671,11.13943,2023-10-23,10,2023
4438912052,52.61518,10.12563,2023-10-08,10,2023
4459414871,52.29981,10.62517,2023-10-15,10,2023
4459757235,52.29632,10.62826,2023-10-18,10,2023
4459827156,52.44666,10.62743,2023-10-08,10,2023
4460011615,52.24674,10.51591,2023-10-11,10,2023
4460086075,52.44803,10.79975,2023-10-16,10,2023
4460157117,52.83511,10.10492,2023-10-07,10,2023
4460233240,52.29491,10.62757,2023-10-12,10,2023
4460320674,52.5354,10.46132,2023-10-15,10,2023
4460333019,52.27559,10.47239,2023-10-10,10,2023
4460380094,52.32908,10.20982,2023-10-03,10,2023
4460512581,52.27112,10.53298,2023-10-11,10,2023
4460541480,52.3112,10.56222,2023-10-31,10,2023
4460607938,52.23593,11.05579,2023-10-07,10,2023
4460646029,52.43734,10.91417,2023-10-03,10,2023
4460678030,52.36676,10.31191,2023-10-06,10,2023
4460704827,52.26439,10.59461,2023-10-01,10,2023
4460777387,52.44447,10.64792,2023-10-02,10,2023
4460824407,52.29758,10.62436,2023-10-15,10,2023
4460853783,52.1246,10.14018,2023-10-07,10,2023
4461039807,52.08839,10.11762,2023-10-31,10,2023
4461108366,52.26976,10.53596,2023-10-08,10,2023
4461286724,52.60135,10.96353,2023-10-04,10,2023
4461666123,52.56169,10.2065,2023-10-01,10,2023
4461668101,52.19156,10.74352,2023-10-23,10,2023
4461684522,52.37206,10.71395,2023-10-17,10,2023
4461704199,52.36726,10.42051,2023-10-29,10,2023
4461844183,52.21905,10.772,2023-10-11,10,2023
4461849644,52.31027,10.55954,2023-10-31,10,2023
4461947742,52.45713,10.52155,2023-10-07,10,2023
4462154838,52.26285,10.5471,2023-10-02,10,2023
4462221953,52.09743,10.12768,2023-10-08,10,2023
4462405540,52.26625,10.54977,2023-10-03,10,2023
4462432364,52.23192,10.51528,2023-10-03,10,2023
4462451941,52.42235,10.5135,2023-10-08,10,2023
4518980146,52.30279,10.34434,2023-10-10,10,2023
4535607935,52.3516,10.10769,2023-10-01,10,2023
4597251453,52.29936,10.36346,2023-10-21,10,2023
4597267415,52.60774,10.12027,2023-10-08,10,2023
4599780262,52.26161,10.45888,2023-10-05,10,2023
4607139761,52.09825,10.42495,2023-10-14,10,2023
4607318386,52.27976,10.54123,2023-10-24,10,2023
4607378239,52.27071,10.48688,2023-10-31,10,2023
4851905330,52.75992,10.26074,2023-10-11,10,2023
4852913152,52.2727,10.58013,2023-10-27,10,2023
4853041229,52.61834,10.11187,2023-10-24,10,2023
4855070413,52.29881,10.35192,2023-10-30,10,2023
4855105368,52.73635,10.32261,2023-10-03,10,2023
4855227279,52.27083,10.58575,2023-10-21,10,2023
4855293366,52.26761,10.60465,2023-10-14,10,2023
4880565229,52.3032,10.55795,2023-10-31,10,2023
4880897150,52.26257,10.5917,2023-10-01,10,2023
4880954646,52.18703,10.48061,2023-10-27,10,2023
4881250950,52.45,10.8,2023-10-22,10,2023
4881374173,52.08848,10.12063,2023-10-31,10,2023
4881437415,52.3804,10.81787,2023-10-10,10,2023
4882026957,52.75977,10.34235,2023-10-18,10,2023
4884758722,52.45858,10.81666,2023-10-29,10,2023
4884766385,52.08849,10.12021,2023-10-31,10,2023
4884791506,52.42205,10.51117,2023-10-08,10,2023
4884879423,52.3384,10.47182,2023-10-30,10,2023
4890163471,52.30935,10.55915,2023-10-31,10,2023
4890286013,52.5317,10.74351,2023-10-14,10,2023
4891000401,52.56321,10.15578,2023-10-15,10,2023
4901872634,52.25471,10.60546,2023-10-11,10,2023
4923655174,52.19177,10.80081,2023-10-13,10,2023
4931543723,52.46349,10.72387,2023-10-23,10,2023
4932657701,52.18183,10.54947,2023-10-25,10,2023
4933361990,52.46121,10.73036,2023-10-23,10,2023
4934694756,52.42042,10.73128,2023-10-10,10,2023
4945940177,52.27213,10.59556,2023-10-14,10,2023
4952983959,52.28189,10.46431,2023-10-22,10,2023
4956899583,52.63423,10.57749,2023-10-29,10,2023
4980408389,52.26566,11.12531,2023-10-23,10,2023
5012626805,52.30459,10.61156,2023-10-23,10,2023
5012637988,52.26443,11.12395,2023-10-23,10,2023
5012706418,52.53795,10.15137,2023-10-25,10,2023
5012769092,52.30459,10.61156,2023-10-12,10,2023
5012782852,52.30459,10.61156,2023-10-10,10,2023
5012891003,52.30459,10.61156,2023-10-30,10,2023
5012895229,52.30459,10.61156,2023-10-28,10,2023
5012916620,52.30459,10.61156,2023-10-15,10,2023
5013059084,52.16793,10.72929,2023-10-17,10,2023
5013130686,52.16356,10.72783,2023-10-24,10,2023
5013138676,52.30459,10.61156,2023-10-25,10,2023
5013139335,52.58172,10.18364,2023-10-31,10,2023
5013158249,52.82354,10.37372,2023-10-03,10,2023
5013218309,52.52992,10.18615,2023-10-30,10,2023
5013225714,52.16355,10.72806,2023-10-20,10,2023
5013390109,52.34113,10.7081,2023-10-26,10,2023
5013717258,52.53795,10.15137,2023-10-07,10,2023
5013903835,52.58172,10.18364,2023-10-30,10,2023
5014018449,52.53795,10.15137,2023-10-13,10,2023
5014123049,52.53795,10.15137,2023-10-28,10,2023
5014206526,52.16331,10.72784,2023-10-30,10,2023
5014351317,52.34675,10.70443,2023-10-26,10,2023
5014767923,52.16331,10.72784,2023-10-21,10,2023
5015058353,52.57357,10.87365,2023-10-29,10,2023
5015320922,52.58641,10.84533,2023-10-29,10,2023
5015369388,52.59336,10.83988,2023-10-29,10,2023
5015525139,52.30459,10.61156,2023-10-02,10,2023
5015592126,52.32109,10.24275,2023-10-02,10,2023
5015698865,52.53795,10.15137,2023-10-15,10,2023
5015748466,52.34207,10.70996,2023-10-27,10,2023
5015750632,52.34201,10.70682,2023-10-26,10,2023
5015799927,52.52992,10.18615,2023-10-31,10,2023
5016142680,52.34103,10.70871,2023-10-17,10,2023
5016740284,52.23492,11.07496,2023-10-22,10,2023
5016817716,52.34205,10.71072,2023-10-27,10,2023
5016895573,52.33917,10.71038,2023-10-24,10,2023
5016917806,52.58701,10.84281,2023-10-29,10,2023
5017104855,52.13738,10.67354,2023-10-20,10,2023
5017254101,52.33555,10.71252,2023-10-17,10,2023
5017340668,52.61931,10.10167,2023-10-25,10,2023
5017586580,52.22075,11.01292,2023-10-23,10,2023
5017645672,52.16793,10.72929,2023-10-19,10,2023
5018056228,52.37753,10.70946,2023-10-31,10,2023
5018065590,52.3416,10.71139,2023-10-13,10,2023
5018113670,52.23375,11.07617,2023-10-22,10,2023
5018191899,52.50256,10.19847,2023-10-25,10,2023
5018368216,52.21171,10.51521,2023-10-11,10,2023
5018493533,52.60226,10.10017,2023-10-23,10,2023
5018524116,52.24254,11.06931,2023-10-22,10,2023
5018908617,52.33939,10.72338,2023-10-31,10,2023
5019069080,52.50256,10.19847,2023-10-24,10,2023
5019435220,52.58172,10.18364,2023-10-17,10,2023
5019775415,52.58534,10.86595,2023-10-29,10,2023
5019831264,52.22562,11.06735,2023-10-22,10,2023
5020460471,52.34067,10.70973,2023-10-26,10,2023
5020470297,52.58172,10.18364,2023-10-23,10,2023
5020686999,52.34028,10.71892,2023-10-12,10,2023
5020791860,52.50256,10.19847,2023-10-26,10,2023
5020939214,52.34085,10.70948,2023-10-13,10,2023
5020960152,52.54047,10.12108,2023-10-27,10,2023
5021316107,52.34105,10.70789,2023-10-25,10,2023
5021446193,52.34378,10.70762,2023-10-12,10,2023
5021494933,52.2258,11.05208,2023-10-22,10,2023
5021983853,52.34753,10.66338,2023-10-12,10,2023
5022097037,52.57357,10.70701,2023-10-06,10,2023
5022629385,52.36826,10.71299,2023-10-31,10,2023
5022839203,52.34657,10.71008,2023-10-31,10,2023
5022870651,52.34084,10.70963,2023-10-13,10,2023
5023214877,52.3407,10.68966,2023-10-27,10,2023
5023637641,52.13738,10.67354,2023-10-18,10,2023
5023667489,52.34125,10.70637,2023-10-26,10,2023
5023831540,52.34133,10.70716,2023-10-26,10,2023
5024146752,52.22623,11.06913,2023-10-22,10,2023
5024782993,52.58172,10.18364,2023-10-29,10,2023
5025038029,52.55774,10.18385,2023-10-30,10,2023
5025364832,52.31741,10.22733,2023-10-02,10,2023
5025586783,52.3352,10.73398,2023-10-31,10,2023
5026509599,52.34101,10.70878,2023-10-05,10,2023
5027323154,52.58172,10.18364,2023-10-28,10,2023
5027418426,52.34791,10.65704,2023-10-12,10,2023
5027666188,52.34069,10.70994,2023-10-27,10,2023
5028066948,52.53804,10.24386,2023-10-06,10,2023
5087010429,52.29992,10.3632,2023-10-21,10,2023
5087013467,52.28281,10.47446,2023-10-22,10,2023
5087041520,52.30045,10.36412,2023-10-21,10,2023
5104255128,52.30378,10.35378,2023-10-21,10,2023
5133295052,52.26634,10.58906,2023-10-13,10,2023
5197437635,52.27264,10.57851,2023-10-29,10,2023
5219266499,52.26934,10.59239,2023-10-05,10,2023
5283453294,52.29124,10.34536,2023-10-08,10,2023
5762072255,52.13799,10.64051,2023-10-27,10,2023
5838072126,52.46123,10.80736,2023-10-28,10,2023
5857421171,52.44131,10.91277,2023-10-25,10,2023
5857438773,52.23874,10.52443,2023-10-29,10,2023
5857448307,52.08865,10.11811,2023-10-31,10,2023
5857460447,52.50519,10.83132,2023-10-15,10,2023
5857481105,52.75336,10.14091,2023-10-31,10,2023
5857486663,52.30829,10.47818,2023-10-21,10,2023
5857492907,52.08872,10.11724,2023-10-31,10,2023
5857505870,52.05082,10.17477,2023-10-29,10,2023
5857544730,52.29693,10.58409,2023-10-22,10,2023
5857557160,52.3726,10.12357,2023-10-28,10,2023
5857567326,52.267,10.55024,2023-10-29,10,2023
5857585278,52.38707,10.46908,2023-10-10,10,2023
5857589397,52.23578,10.75659,2023-10-22,10,2023
5857590999,52.26442,10.40719,2023-10-31,10,2023
5857593926,52.56997,10.14265,2023-10-15,10,2023
5857605263,52.37193,10.37215,2023-10-22,10,2023
5857622649,52.23895,10.52336,2023-10-28,10,2023
5857640173,52.35355,10.56767,2023-10-25,10,2023
5857641114,52.33885,10.47337,2023-10-30,10,2023
5857643978,52.38715,10.47002,2023-10-10,10,2023
5857649163,52.42194,10.50945,2023-10-08,10,2023
5857651609,52.33879,10.47202,2023-10-30,10,2023
5857653795,52.37034,10.36776,2023-10-22,10,2023
5857654598,52.23544,11.05627,2023-10-07,10,2023
5857664853,52.31121,10.47794,2023-10-21,10,2023
5868848675,52.25516,10.46425,2023-10-22,10,2023
5889678751,52.45918,10.80865,2023-10-29,10,2023
5889804781,52.45114,10.80978,2023-10-29,10,2023
5935265945,52.29918,10.35045,2023-10-30,10,2023
5935300802,52.42408,10.36763,2023-10-04,10,2023
5935455504,52.30327,10.34346,2023-10-10,10,2023
6178786374,52.22221,10.55774,2023-10-21,10,2023
6274193623,52.46318,10.81193,2023-10-01,10,2023
6343861604,52.22259,10.59549,2023-10-08,10,2023
6411686450,52.741,10.15707,2023-10-31,10,2023
6411719841,52.12839,10.13999,2023-10-08,10,2023
6411731751,52.65071,10.10267,2023-10-14,10,2023
6412863459,52.3669,10.42046,2023-10-29,10,2023
4438755194,52.46043,10.81712,2023-11-05,11,2023
4438761635,52.3219,10.4284,2023-11-04,11,2023
4438778807,52.45202,10.71695,2023-11-03,11,2023
4438794884,52.32192,10.42901,2023-11-04,11,2023
4438848980,52.45494,10.80223,2023-11-05,11,2023
4438866902,52.46234,10.80895,2023-11-05,11,2023
4438924916,52.45741,10.80819,2023-11-05,11,2023
4438932107,52.45185,10.71848,2023-11-03,11,2023
4438964486,52.45528,10.80789,2023-11-05,11,2023
4438979506,52.27318,10.59318,2023-11-04,11,2023
4438983107,52.27266,10.57999,2023-11-04,11,2023
4438985999,52.25342,10.4596,2023-11-07,11,2023
4438988223,52.40959,10.36362,2023-11-05,11,2023
4439029767,52.44892,10.81103,2023-11-05,11,2023
4439037345,52.27227,10.58419,2023-11-04,11,2023
4440673187,52.18825,10.74803,2023-11-12,11,2023
4440673188,52.18843,10.74882,2023-11-12,11,2023
4440696145,52.1879,10.74895,2023-11-14,11,2023
4440699920,52.27265,10.58032,2023-11-08,11,2023
4440740294,52.25052,10.44675,2023-11-13,11,2023
4440769405,52.18793,10.74724,2023-11-12,11,2023
4440799594,52.18869,10.74878,2023-11-12,11,2023
4440840190,52.26454,10.5324,2023-11-11,11,2023
4440972727,52.29603,10.62811,2023-11-14,11,2023
4440982690,52.18935,10.74911,2023-11-14,11,2023
4440983670,52.29448,10.61521,2023-11-12,11,2023
4440992114,52.189,10.74822,2023-11-14,11,2023
4442465953,52.29617,10.62801,2023-11-21,11,2023
4442479952,52.31019,10.4722,2023-11-19,11,2023
4442517329,52.29606,10.62805,2023-11-16,11,2023
4442552177,52.32102,10.45965,2023-11-19,11,2023
4442552293,52.31295,10.4683,2023-11-19,11,2023
4442596545,52.27527,10.46277,2023-11-20,11,2023
4442644346,52.29677,10.62697,2023-11-16,11,2023
4442648571,52.29805,10.63791,2023-11-17,11,2023
4442666575,52.27262,10.57992,2023-11-21,11,2023
4442688118,52.32077,10.41542,2023-11-16,11,2023
4442722751,52.29703,10.63018,2023-11-17,11,2023
4442725630,52.27241,10.59352,2023-11-21,11,2023
4453681192,52.29898,10.36489,2023-11-06,11,2023
4453695253,52.27229,10.58401,2023-11-21,11,2023
4453744404,52.29548,10.62854,2023-11-21,11,2023
4453766175,52.28058,10.46164,2023-11-23,11,2023
4453786152,52.28055,10.46106,2023-11-23,11,2023
4453793844,52.2707,10.59798,2023-11-26,11,2023
4453813132,52.29542,10.62828,2023-11-21,11,2023
4453834040,52.27938,10.47135,2023-11-25,11,2023
4458378559,52.28347,10.47489,2023-11-25,11,2023
4458380414,52.30521,10.63467,2023-11-17,11,2023
4460021104,52.26639,10.59412,2023-11-17,11,2023
4460090858,52.34947,10.39625,2023-11-26,11,2023
4460090934,52.30275,10.623,2023-11-27,11,2023
4460130247,52.34851,10.45221,2023-11-27,11,2023
4460216481,52.35037,10.39829,2023-11-26,11,2023
4460352173,52.26712,10.59388,2023-11-17,11,2023
4460352180,52.27118,10.59654,2023-11-17,11,2023
4460479437,52.35317,10.39472,2023-11-26,11,2023
4460539040,52.2684,10.5978,2023-11-17,11,2023
4460580333,52.35148,10.39078,2023-11-26,11,2023
4460743681,52.35211,10.3916,2023-11-26,11,2023
4460803744,52.5031,10.68371,2023-11-24,11,2023
4460804053,52.25665,10.52051,2023-11-26,11,2023
4460979382,52.26825,10.59691,2023-11-17,11,2023
4461022266,52.41262,10.1011,2023-11-12,11,2023
4462092860,52.05151,10.17285,2023-11-19,11,2023
4462114502,52.33311,10.544,2023-11-14,11,2023
4462244113,52.26636,10.5975,2023-11-17,11,2023
4462290687,52.06882,10.19227,2023-11-27,11,2023
4462489561,52.26797,10.59602,2023-11-17,11,2023
4506214295,52.27071,10.48688,2023-11-14,11,2023
4516236193,52.41154,10.36415,2023-11-05,11,2023
4516236261,52.41168,10.37426,2023-11-12,11,2023
4606624997,52.304,10.61583,2023-11-17,11,2023
4855022847,52.29747,10.36205,2023-11-06,11,2023
4855176202,52.29702,10.62956,2023-11-16,11,2023
4855322108,52.29727,10.63373,2023-11-17,11,2023
4880547385,52.38171,10.10708,2023-11-13,11,2023
4881078012,52.42578,10.37842,2023-11-12,11,2023
4884429622,52.34167,10.53912,2023-11-09,11,2023
4884635975,52.10404,10.17448,2023-11-18,11,2023
4885665937,52.45956,10.51994,2023-11-21,11,2023
4886206957,52.27128,10.53338,2023-11-21,11,2023
4886395702,52.29587,10.62837,2023-11-02,11,2023
4886745190,52.306,10.64408,2023-11-04,11,2023
4886815406,52.44199,10.91328,2023-11-16,11,2023
4887025163,52.37279,10.34038,2023-11-12,11,2023
4890905899,52.36602,10.41975,2023-11-20,11,2023
4890917275,52.2753,10.60812,2023-11-12,11,2023
4891096907,52.25043,10.52657,2023-11-04,11,2023
4891486360,52.16181,10.15486,2023-11-10,11,2023
4901190627,52.30252,10.62351,2023-11-27,11,2023
4982257246,52.6322,10.17725,2023-11-10,11,2023
4987497107,52.27262,10.59308,2023-11-21,11,2023
4987689491,52.29707,10.63265,2023-11-17,11,2023
4987836248,52.30226,10.62329,2023-11-27,11,2023
5012585820,52.17184,10.82425,2023-11-15,11,2023
5012651538,52.32359,10.70701,2023-11-06,11,2023
5012652386,52.16694,10.82865,2023-11-15,11,2023
5012969824,52.33836,10.7186,2023-11-03,11,2023
5013010909,52.53795,10.15137,2023-11-01,11,2023
5013174135,52.30459,10.61156,2023-11-05,11,2023
5013220425,52.13738,10.67354,2023-11-04,11,2023
5013289203,52.53795,10.15137,2023-11-05,11,2023
5013299327,52.50691,10.16702,2023-11-18,11,2023
5013379970,52.34631,10.72141,2023-11-07,11,2023
5013417161,52.30459,10.61156,2023-11-21,11,2023
5013423069,52.33882,10.71293,2023-11-03,11,2023
5013424575,52.52992,10.18615,2023-11-12,11,2023
5013762087,52.5692,10.1215,2023-11-16,11,2023
5013793029,52.13738,10.67354,2023-11-16,11,2023
5013796121,52.13738,10.67354,2023-11-07,11,2023
5014166055,52.53795,10.15137,2023-11-03,11,2023
5014289916,52.30459,10.61156,2023-11-17,11,2023
5014455648,52.52992,10.18615,2023-11-07,11,2023
5014620897,52.52992,10.18615,2023-11-11,11,2023
5014860133,52.33311,10.70812,2023-11-13,11,2023
5014950777,52.14653,10.65334,2023-11-16,11,2023
5014977928,52.32359,10.70701,2023-11-27,11,2023
5015159847,52.52992,10.18615,2023-11-08,11,2023
5015205924,52.30306,10.6222,2023-11-28,11,2023
5015423053,52.16579,10.8266,2023-11-15,11,2023
5015559487,52.30459,10.61156,2023-11-12,11,2023
5015687875,52.145,10.6515,2023-11-16,11,2023
5015732999,52.34372,10.72373,2023-11-10,11,2023
5016022572,52.30306,10.62323,2023-11-28,11,2023
5016089256,52.34512,10.72164,2023-11-07,11,2023
5016094738,52.52992,10.18615,2023-11-02,11,2023
5016159089,52.53795,10.15137,2023-11-10,11,2023
5016196209,52.53001,10.23067,2023-11-11,11,2023
5016499381,52.17184,10.82425,2023-11-22,11,2023
5017197602,52.55016,10.14982,2023-11-07,11,2023
5017353466,52.34578,10.72407,2023-11-08,11,2023
5017378434,52.5692,10.1215,2023-11-15,11,2023
5017421030,52.16718,10.82239,2023-11-22,11,2023
5017764555,52.1484,10.65173,2023-11-16,11,2023
5017810419,52.17562,10.6579,2023-11-16,11,2023
5017853099,52.34183,10.66057,2023-11-11,11,2023
5017885252,52.16587,10.82477,2023-11-22,11,2023
5018198605,52.13738,10.67354,2023-11-08,11,2023
5018301994,52.33043,10.71724,2023-11-02,11,2023
5018449186,52.58172,10.18364,2023-11-12,11,2023
5018491883,52.34202,10.7081,2023-11-09,11,2023
5018586194,52.32324,10.71072,2023-11-13,11,2023
5019243481,52.30459,10.61156,2023-11-02,11,2023
5019473831,52.14658,10.65222,2023-11-16,11,2023
5019491511,52.34304,10.70811,2023-11-13,11,2023
5019504795,52.33144,10.71972,2023-11-02,11,2023
5019519965,52.17361,10.70701,2023-11-12,11,2023
5019579962,52.16375,10.73126,2023-11-15,11,2023
5019769181,52.16371,10.73292,2023-11-15,11,2023
5020152768,52.2336,10.73589,2023-11-12,11,2023
5020437320,52.54047,10.12108,2023-11-11,11,2023
5020933193,52.53001,10.23067,2023-11-03,11,2023
5020940305,52.52992,10.18615,2023-11-05,11,2023
5020966168,52.34179,10.7078,2023-11-03,11,2023
5021439313,52.34127,10.70864,2023-11-21,11,2023
5021501977,52.16331,10.72784,2023-11-14,11,2023
5022109423,52.5692,10.1215,2023-11-17,11,2023
5022121337,52.16356,10.72783,2023-11-12,11,2023
5022450953,52.34043,10.70922,2023-11-09,11,2023
5022744865,52.53001,10.23067,2023-11-26,11,2023
5023900121,52.33821,10.71775,2023-11-27,11,2023
5024450467,52.16356,10.72783,2023-11-06,11,2023
5024702149,52.34275,10.70802,2023-11-27,11,2023
5024723238,52.33487,10.72128,2023-11-27,11,2023
5024802590,52.33301,10.72086,2023-11-13,11,2023
5024838888,52.34698,10.72431,2023-11-21,11,2023
5026317617,52.23725,10.73403,2023-11-12,11,2023
5026539457,52.1494,10.65263,2023-11-16,11,2023
5026552202,52.1505,10.65271,2023-11-16,11,2023
5026659612,52.15173,10.65312,2023-11-08,11,2023
5026705469,52.34328,10.70799,2023-11-29,11,2023
5027131072,52.3435,10.72315,2023-11-10,11,2023
5027234510,52.32155,10.70751,2023-11-27,11,2023
5027733637,52.53795,10.15137,2023-11-04,11,2023
5027863427,52.3481,10.72616,2023-11-06,11,2023
5062588288,52.29741,10.36076,2023-11-06,11,2023
5086992518,52.28352,10.47436,2023-11-25,11,2023
5087032536,52.30235,10.62368,2023-11-27,11,2023
5219126549,52.26223,10.60311,2023-11-19,11,2023
5857456095,52.36452,10.42143,2023-11-02,11,2023
5857657533,52.3147,10.64355,2023-11-03,11,2023
6171013283,52.28429,10.55969,2023-11-07,11,2023
6411576753,52.35603,10.36579,2023-11-19,11,2023
4465751475,52.29566,10.62816,2023-12-12,12,2023
4500615020,52.25542,10.59977,2023-12-17,12,2023
4500840966,52.25574,10.59915,2023-12-17,12,2023
4500892951,52.25554,10.59984,2023-12-17,12,2023
4506260793,52.25524,10.59804,2023-12-17,12,2023
4507657635,52.31026,10.53457,2023-12-27,12,2023
4507658619,52.30951,10.52833,2023-12-27,12,2023
4507889687,52.31157,10.53371,2023-12-27,12,2023
4507912564,52.26437,10.5325,2023-12-27,12,2023
4510112455,52.28319,10.47411,2023-12-30,12,2023
4510347495,52.31871,10.43298,2023-12-25,12,2023
4510361434,52.27071,10.48688,2023-12-23,12,2023
4516422552,52.40622,10.33557,2023-12-09,12,2023
4855011712,52.25375,10.45882,2023-12-12,12,2023
4880753109,52.29921,10.62387,2023-12-20,12,2023
4881616993,52.36052,10.42248,2023-12-28,12,2023
4881682661,52.36065,10.42117,2023-12-28,12,2023
4882016570,52.29609,10.6282,2023-12-19,12,2023
4882175223,52.28751,10.48072,2023-12-12,12,2023
4884758026,52.18967,10.11969,2023-12-29,12,2023
4884855499,52.39788,10.53346,2023-12-06,12,2023
4884911043,52.39385,10.52408,2023-12-29,12,2023
4885066720,52.39054,10.52514,2023-12-29,12,2023
4885936300,52.3626,10.42109,2023-12-28,12,2023
4886000407,52.35173,10.43125,2023-12-23,12,2023
4887298791,52.39498,10.52135,2023-12-29,12,2023
4887355848,52.37771,10.4233,2023-12-31,12,2023
4887890427,52.28529,10.47855,2023-12-12,12,2023
4890424831,52.28578,10.4808,2023-12-12,12,2023
4890558678,52.37059,10.12867,2023-12-28,12,2023
4891251673,52.36178,10.41987,2023-12-28,12,2023
4901901755,52.31005,10.53154,2023-12-27,12,2023
4982074307,52.29789,10.62508,2023-12-20,12,2023
4982145928,52.31001,10.5298,2023-12-27,12,2023
5015466746,52.53795,10.15137,2023-12-01,12,2023
5015646889,52.53795,10.15137,2023-12-29,12,2023
5016218246,52.17361,10.54037,2023-12-01,12,2023
5017420105,52.15677,10.66071,2023-12-07,12,2023
5017453123,52.3248,10.72331,2023-12-23,12,2023
5019648762,52.26196,10.59786,2023-12-17,12,2023
5022435799,52.16151,10.74301,2023-12-02,12,2023
5023865896,52.53795,10.15137,2023-12-30,12,2023
5024848459,52.62342,10.70734,2023-12-06,12,2023
5027800951,52.30844,10.53302,2023-12-26,12,2023
5062695410,52.30858,10.53156,2023-12-17,12,2023
5087038520,52.30913,10.52854,2023-12-27,12,2023
3455604027,52.2828,10.47492,2022-01-15,1,2022
3455704747,52.26351,10.40326,2022-01-18,1,2022
3456458073,52.28389,10.47532,2022-01-15,1,2022
3456486204,52.29806,10.36661,2022-01-19,1,2022
3456561472,52.24966,10.44737,2022-01-08,1,2022
3456790045,52.26311,10.40098,2022-01-10,1,2022
3457004561,52.24918,10.4474,2022-01-08,1,2022
3457129121,52.26349,10.40333,2022-01-18,1,2022
3457148532,52.20645,10.74445,2022-01-02,1,2022
3457204354,52.29416,10.36196,2022-01-20,1,2022
3466004853,52.19929,10.74665,2022-01-02,1,2022
3466007800,52.29017,10.32994,2022-01-06,1,2022
3466114948,52.30047,10.37369,2022-01-19,1,2022
3466204881,52.29254,10.36504,2022-01-19,1,2022
3466253742,52.50542,10.68779,2022-01-23,1,2022
3466424379,52.33773,10.7203,2022-01-25,1,2022
3466453588,52.2818,10.47316,2022-01-22,1,2022
3723458508,52.28552,10.76841,2022-01-25,1,2022
3723632540,52.28181,10.77278,2022-01-25,1,2022
3723771695,52.12629,10.14534,2022-01-29,1,2022
3723786242,52.28722,10.76636,2022-01-25,1,2022
3723868566,52.28757,10.76507,2022-01-25,1,2022
3724151690,52.28547,10.76846,2022-01-25,1,2022
3724152508,52.12376,10.14561,2022-01-29,1,2022
3732170609,52.27708,10.77651,2022-01-28,1,2022
3733368720,52.28187,10.76772,2022-01-13,1,2022
3823298413,52.28332,10.77615,2022-01-13,1,2022
3859090890,52.26601,10.39841,2022-01-10,1,2022
3995092769,52.28262,10.76478,2022-01-20,1,2022
3995203241,52.28206,10.7643,2022-01-20,1,2022
3995212732,52.28491,10.7679,2022-01-20,1,2022
3995565394,52.28225,10.7741,2022-01-13,1,2022
3995988616,52.26901,10.72233,2022-01-19,1,2022
3996558855,52.28383,10.76674,2022-01-20,1,2022
3996675572,52.26615,10.72271,2022-01-19,1,2022
3997238502,52.28609,10.76718,2022-01-25,1,2022
4507810587,52.24388,10.52198,2022-01-28,1,2022
4510015590,52.07398,10.53163,2022-01-16,1,2022
4994418503,52.07411,10.53133,2022-01-16,1,2022
5013464485,52.33861,10.71609,2022-01-02,1,2022
5014043002,52.77354,10.54036,2022-01-28,1,2022
5017036280,52.27304,10.58116,2022-01-01,1,2022
5017599004,52.25107,10.45383,2022-01-15,1,2022
5021131066,52.40397,10.45855,2022-01-13,1,2022
5023533487,52.61681,10.11309,2022-01-08,1,2022
3466105760,52.24832,10.52851,2022-02-02,2,2022
3468788572,52.32361,10.41888,2022-02-05,2,2022
3468856837,52.25422,10.44098,2022-02-05,2,2022
3469002495,52.25486,10.45137,2022-02-05,2,2022
3698070501,52.28111,10.46833,2022-02-19,2,2022
3698090475,52.28111,10.46472,2022-02-19,2,2022
3822682628,52.28266,10.76325,2022-02-02,2,2022
3822690584,52.28251,10.76379,2022-02-02,2,2022
3822693595,52.28286,10.76471,2022-02-02,2,2022
3822694552,52.2823,10.76401,2022-02-02,2,2022
3822701521,52.26934,10.72364,2022-02-03,2,2022
3822702611,52.26852,10.72186,2022-02-03,2,2022
3822723518,52.26851,10.72264,2022-02-03,2,2022
3822740503,52.28156,10.81479,2022-02-04,2,2022
3822877625,52.28367,10.76359,2022-02-05,2,2022
3822999885,52.29546,10.6164,2022-02-11,2,2022
3823009183,52.28427,10.78104,2022-02-23,2,2022
3823145660,52.28064,10.81338,2022-02-04,2,2022
3823172759,52.26485,10.75381,2022-02-11,2,2022
3823190548,52.28025,10.81203,2022-02-04,2,2022
3825535502,52.26848,10.7226,2022-02-03,2,2022
3825723555,52.28115,10.81716,2022-02-04,2,2022
3826258803,52.13339,10.13027,2022-02-11,2,2022
3826356584,52.28075,10.81355,2022-02-04,2,2022
3826359835,52.06137,10.15633,2022-02-11,2,2022
3826725359,52.29845,10.62721,2022-02-26,2,2022
3995017735,52.27004,10.72744,2022-02-09,2,2022
3995019726,52.21117,10.78787,2022-02-24,2,2022
3995028357,52.28169,10.77165,2022-02-21,2,2022
3995141744,52.28358,10.76181,2022-02-05,2,2022
3995201786,52.28023,10.81334,2022-02-04,2,2022
3996059809,52.28153,10.76196,2022-02-15,2,2022
3996220568,52.28353,10.76258,2022-02-05,2,2022
3996369777,52.28686,10.76422,2022-02-21,2,2022
3996493489,52.30061,10.61957,2022-02-12,2,2022
3996654768,52.2491,10.91961,2022-02-19,2,2022
3996670574,52.2087,10.80383,2022-02-24,2,2022
3996903008,52.24645,10.75425,2022-02-11,2,2022
3997076241,52.30292,10.61262,2022-02-05,2,2022
4459333117,52.26448,10.75408,2022-02-08,2,2022
4987586520,52.32103,10.41995,2022-02-23,2,2022
4987751756,52.13472,10.1171,2022-02-27,2,2022
5017650353,52.34814,10.4428,2022-02-13,2,2022
5018305301,52.51235,10.24349,2022-02-05,2,2022
5018573019,52.52992,10.18615,2022-02-19,2,2022
5024357889,52.28449,10.77199,2022-02-13,2,2022
5026569506,52.28204,10.80532,2022-02-13,2,2022
5027035752,52.61681,10.11309,2022-02-12,2,2022
5027703051,52.2954,10.6288,2022-02-05,2,2022
5027871675,52.30316,10.61197,2022-02-05,2,2022
6178366899,52.28072,10.46522,2022-02-05,2,2022
3747349518,52.29086,10.61261,2022-03-24,3,2022
3823474438,52.23293,10.80333,2022-03-02,3,2022
3823566536,52.22775,10.78562,2022-03-23,3,2022
3825595472,52.05165,10.12519,2022-03-23,3,2022
3826430743,52.12748,10.14579,2022-03-07,3,2022
3826663567,52.27784,10.77662,2022-03-22,3,2022
3995121006,52.24969,11.02614,2022-03-05,3,2022
3995203267,52.4283,10.87967,2022-03-19,3,2022
3996665433,52.05751,10.16613,2022-03-05,3,2022
3997055562,52.42799,10.87936,2022-03-19,3,2022
4880835332,52.26873,10.73383,2022-03-03,3,2022
5013254326,52.29776,10.63077,2022-03-16,3,2022
5016253677,52.53804,10.24386,2022-03-24,3,2022
5019980724,52.29797,10.63214,2022-03-16,3,2022
5020061771,52.51235,10.24349,2022-03-27,3,2022
5022948132,52.2976,10.63034,2022-03-24,3,2022
5023289150,52.53804,10.24386,2022-03-20,3,2022
5024390556,52.30033,10.61335,2022-03-23,3,2022
5025630253,52.44126,10.47014,2022-03-11,3,2022
5027205113,52.53804,10.24386,2022-03-26,3,2022
5027675074,52.53804,10.24386,2022-03-19,3,2022
5104241621,52.26709,11.11671,2022-03-16,3,2022
3772582021,52.27138,10.49845,2022-04-30,4,2022
3822985759,52.34282,10.75794,2022-04-14,4,2022
3822997750,52.24792,10.4498,2022-04-13,4,2022
3823887090,52.59806,10.13972,2022-04-17,4,2022
3824148338,52.57833,10.18472,2022-04-22,4,2022
3824238059,52.29869,10.64706,2022-04-03,4,2022
3824243333,52.2962,10.62301,2022-04-08,4,2022
3824345744,52.23102,10.73983,2022-04-13,4,2022
3824426637,52.23409,10.72874,2022-04-13,4,2022
3824431901,52.30145,10.62567,2022-04-29,4,2022
3824573725,52.27444,10.57056,2022-04-24,4,2022
3826130250,52.26085,10.45566,2022-04-08,4,2022
3826481772,52.06958,10.17761,2022-04-26,4,2022
3826565783,52.29425,10.6291,2022-04-27,4,2022
3826637324,52.22978,10.81581,2022-04-08,4,2022
3826647382,52.21321,10.81158,2022-04-08,4,2022
3826781005,52.26995,10.58884,2022-04-16,4,2022
3826809368,52.20789,10.80502,2022-04-08,4,2022
3827116722,52.24692,10.74895,2022-04-12,4,2022
5012891890,52.53804,10.24386,2022-04-23,4,2022
5015139114,52.29708,10.62382,2022-04-07,4,2022
5019880518,52.30872,10.61146,2022-04-09,4,2022
5022002514,52.29645,10.62717,2022-04-21,4,2022
5022813631,52.52454,10.12596,2022-04-08,4,2022
5024021308,52.29519,10.6282,2022-04-30,4,2022
5024679496,52.28167,10.77288,2022-04-15,4,2022
5027245038,52.37359,10.45705,2022-04-07,4,2022
5760575524,52.82528,10.23722,2022-04-06,4,2022
3772913154,52.2849,10.51001,2022-05-05,5,2022
3773554620,52.2589,10.45994,2022-05-04,5,2022
3773696222,52.28388,10.51239,2022-05-09,5,2022
3784807660,52.27132,10.56738,2022-05-13,5,2022
3785087734,52.27128,10.56714,2022-05-14,5,2022
3802380770,52.32927,10.71353,2022-05-21,5,2022
3802469673,52.28116,10.46922,2022-05-25,5,2022
3802508357,52.25196,10.51246,2022-05-22,5,2022
3802520153,52.25952,10.45367,2022-05-23,5,2022
3802748780,52.27974,10.4735,2022-05-25,5,2022
3823288151,52.28186,10.76579,2022-05-24,5,2022
3823561448,52.27139,10.56722,2022-05-29,5,2022
3823698576,52.17672,10.52069,2022-05-17,5,2022
3823786075,52.40864,10.80175,2022-05-21,5,2022
3824395518,52.38321,10.53032,2022-05-05,5,2022
3825751160,52.44167,10.38343,2022-05-01,5,2022
3825807118,52.29646,10.62627,2022-05-14,5,2022
3825934296,52.27222,10.545,2022-05-29,5,2022
3826468295,52.16359,10.72773,2022-05-05,5,2022
3827288234,52.519,11.00238,2022-05-26,5,2022
3858370563,52.35608,10.10262,2022-05-26,5,2022
3859073264,52.28331,10.47488,2022-05-25,5,2022
3860467405,52.26825,10.54758,2022-05-28,5,2022
3860467756,52.28876,10.50092,2022-05-30,5,2022
3902127896,52.26398,10.55664,2022-05-26,5,2022
3902355301,52.26658,10.55478,2022-05-26,5,2022
3906783485,52.26529,10.56528,2022-05-21,5,2022
3995815146,52.23751,10.74416,2022-05-26,5,2022
3996684982,52.2796,10.7583,2022-05-28,5,2022
4116076515,52.2597,10.51406,2022-05-05,5,2022
5012529782,52.37323,10.8324,2022-05-27,5,2022
5019573360,52.28822,10.50713,2022-05-15,5,2022
5019955878,52.52454,10.12596,2022-05-15,5,2022
5020203995,52.29687,10.62476,2022-05-06,5,2022
5021161369,52.29687,10.62571,2022-05-14,5,2022
3873101113,52.24839,10.52319,2022-06-10,6,2022
3904371541,52.26175,10.5977,2022-06-05,6,2022
3904461539,52.58599,10.79308,2022-06-14,6,2022
3904612357,52.26887,10.5476,2022-06-05,6,2022
3905938292,52.26558,10.59067,2022-06-03,6,2022
3905954387,52.25654,10.53487,2022-06-04,6,2022
3906158499,52.16376,10.72803,2022-06-20,6,2022
3906672795,52.30554,10.62309,2022-06-19,6,2022
3906720305,52.30103,10.62893,2022-06-17,6,2022
4157480472,52.20213,10.54445,2022-06-08,6,2022
4903788094,52.2548,10.45104,2022-06-07,6,2022
5013187076,52.51235,10.24349,2022-06-23,6,2022
5020851852,52.26196,10.59786,2022-06-19,6,2022
5021458559,52.30872,10.61146,2022-06-17,6,2022
5024083729,52.82276,10.60572,2022-06-16,6,2022
5028160062,52.30872,10.61146,2022-06-19,6,2022
3872984072,52.25011,10.44822,2022-07-10,7,2022
3873227176,52.27208,10.57883,2022-07-13,7,2022
3873820751,52.25288,10.42326,2022-07-21,7,2022
3881452562,52.4402,10.80018,2022-07-25,7,2022
3881650507,52.27236,10.57845,2022-07-30,7,2022
3906051797,52.3932,10.53431,2022-07-16,7,2022
3907388099,52.47816,10.42294,2022-07-17,7,2022
3995311447,52.16792,10.72726,2022-07-06,7,2022
3996507244,52.13363,10.15941,2022-07-31,7,2022
4596795822,52.28547,10.4781,2022-07-21,7,2022
4901395826,52.10119,10.35254,2022-07-24,7,2022
5019223379,52.44126,10.47014,2022-07-03,7,2022
5022252376,52.29634,10.62808,2022-07-23,7,2022
3881629609,52.27267,10.57981,2022-08-02,8,2022
3881709465,52.27265,10.58122,2022-08-02,8,2022
3888830676,52.06893,10.52826,2022-08-06,8,2022
3902263802,52.32377,10.45933,2022-08-21,8,2022
3902399551,52.60559,10.9323,2022-08-20,8,2022
3902555613,52.43889,10.80051,2022-08-19,8,2022
3902906022,52.44147,10.80085,2022-08-25,8,2022
3904741260,52.22891,10.56518,2022-08-04,8,2022
3904972708,52.25802,10.55953,2022-08-12,8,2022
3904982550,52.21156,10.76346,2022-08-12,8,2022
3905003888,52.19579,10.74615,2022-08-14,8,2022
3905057463,52.27065,10.54616,2022-08-07,8,2022
3905091912,52.05937,10.15672,2022-08-13,8,2022
3905278734,52.2725,10.28472,2022-08-19,8,2022
3905335196,52.31251,10.47291,2022-08-27,8,2022
3905409484,52.27454,10.48229,2022-08-24,8,2022
3905638797,52.22839,10.57779,2022-08-28,8,2022
3905701332,52.12942,10.66425,2022-08-27,8,2022
3905769570,52.24816,10.46652,2022-08-27,8,2022
3905857830,52.24846,10.46823,2022-08-30,8,2022
3906076634,52.1854,10.96767,2022-08-08,8,2022
3906351314,52.26382,10.27674,2022-08-07,8,2022
3906417232,52.1384,10.65747,2022-08-27,8,2022
3906476503,52.24739,10.46392,2022-08-16,8,2022
3906669871,52.23256,10.56922,2022-08-28,8,2022
3906700078,52.35773,10.98112,2022-08-24,8,2022
3906728847,52.17599,11.14543,2022-08-09,8,2022
3906739179,52.46742,10.5193,2022-08-28,8,2022
3906804577,52.44858,10.88041,2022-08-28,8,2022
3906804605,52.26669,10.58921,2022-08-28,8,2022
3906879828,52.58111,10.18472,2022-08-30,8,2022
3907032998,52.22867,10.58148,2022-08-07,8,2022
3907096005,52.46926,10.51702,2022-08-28,8,2022
3907175368,52.39191,10.21922,2022-08-15,8,2022
3907196188,52.22805,10.57739,2022-08-19,8,2022
3907199614,52.34666,10.72505,2022-08-17,8,2022
3907242446,52.26704,10.58977,2022-08-28,8,2022
3907264525,52.30061,10.62344,2022-08-30,8,2022
3907378174,52.26637,10.5941,2022-08-28,8,2022
3907393292,52.27172,10.57907,2022-08-13,8,2022
3907459113,52.60543,10.93421,2022-08-20,8,2022
3907509805,52.10831,10.10453,2022-08-26,8,2022
3907543662,52.06863,10.52809,2022-08-14,8,2022
3915694508,52.58149,10.1843,2022-08-25,8,2022
3995286721,52.2775,10.29444,2022-08-21,8,2022
3995666569,52.47308,10.52861,2022-08-28,8,2022
3995828681,52.27279,10.57895,2022-08-21,8,2022
3996720041,52.32977,10.58464,2022-08-27,8,2022
3996835101,52.58075,10.1956,2022-08-04,8,2022
4440655844,52.08989,10.10965,2022-08-30,8,2022
4440806025,52.08865,10.11406,2022-08-30,8,2022
4597244807,52.12061,10.28769,2022-08-09,8,2022
4956964205,52.27174,10.57911,2022-08-16,8,2022
5014208414,52.30872,10.61146,2022-08-14,8,2022
5014870726,52.30872,10.61146,2022-08-20,8,2022
5016100178,52.17361,10.54037,2022-08-21,8,2022
5018262643,52.57266,10.51496,2022-08-01,8,2022
5022797964,52.30872,10.61146,2022-08-30,8,2022
5022823833,52.30872,10.61146,2022-08-04,8,2022
5023190003,52.59447,10.28261,2022-08-29,8,2022
5023215422,52.29895,10.61331,2022-08-20,8,2022
5023867380,52.30872,10.61146,2022-08-18,8,2022
6411194787,52.16304,10.48467,2022-08-30,8,2022
3903637465,52.28379,10.47093,2022-09-06,9,2022
3912056290,52.25224,10.45315,2022-09-15,9,2022
3912158728,52.29464,10.33566,2022-09-14,9,2022
3912189185,52.25175,10.46301,2022-09-13,9,2022
3912305700,52.59861,10.61417,2022-09-17,9,2022
3912311601,52.25556,10.46977,2022-09-13,9,2022
3912353464,52.24928,10.46421,2022-09-15,9,2022
3912357315,52.26561,10.53576,2022-09-19,9,2022
3915291855,52.44931,10.66486,2022-09-16,9,2022
3915319266,52.27511,10.46266,2022-09-22,9,2022
3915353211,52.27696,10.45733,2022-09-22,9,2022
3915403857,52.29332,10.35825,2022-09-16,9,2022
3915490828,52.26908,10.54678,2022-09-07,9,2022
3915507901,52.27781,10.45519,2022-09-22,9,2022
3915543631,52.45325,10.79568,2022-09-24,9,2022
3915645104,52.28044,10.47612,2022-09-26,9,2022
3915646594,52.29501,10.33868,2022-09-23,9,2022
3915647557,52.25356,10.45871,2022-09-27,9,2022
3915701389,52.61736,10.1175,2022-09-12,9,2022
3915706355,52.27071,10.48688,2022-09-24,9,2022
3915712344,52.28012,10.47088,2022-09-26,9,2022
3915739437,52.28079,10.47053,2022-09-26,9,2022
3923256804,52.44959,10.81268,2022-09-28,9,2022
3923284989,52.25072,10.462,2022-09-29,9,2022
3923291612,52.29974,10.37336,2022-09-16,9,2022
3923299822,52.44461,10.82052,2022-09-28,9,2022
3923317089,52.27874,10.46294,2022-09-30,9,2022
3923332777,52.2514,10.46156,2022-09-27,9,2022
3923400810,52.25379,10.52284,2022-09-28,9,2022
3923414115,52.25629,10.59799,2022-09-27,9,2022
3923432835,52.2479,10.52637,2022-09-28,9,2022
3923489034,52.24851,10.46269,2022-09-29,9,2022
3923523833,52.45021,10.81404,2022-09-28,9,2022
3923543877,52.44117,10.83182,2022-09-28,9,2022
3923544251,52.24928,10.46481,2022-09-29,9,2022
3923558114,52.2773,10.46149,2022-09-30,9,2022
3923566772,52.24623,10.4684,2022-09-27,9,2022
3923635011,52.30908,10.55381,2022-09-30,9,2022
3923662083,52.30756,10.55541,2022-09-30,9,2022
3925072686,52.61968,10.11142,2022-09-27,9,2022
3925124637,52.29167,10.33119,2022-09-14,9,2022
3947693907,52.2483,10.46392,2022-09-29,9,2022
3985631862,52.30873,10.56385,2022-09-30,9,2022
3985675800,52.29945,10.33969,2022-09-23,9,2022
3994070572,52.28669,10.48151,2022-09-26,9,2022
3994120530,52.24847,10.46265,2022-09-29,9,2022
3994141572,52.25064,10.46073,2022-09-29,9,2022
3994204548,52.25391,10.4583,2022-09-27,9,2022
3994210560,52.30434,10.55344,2022-09-30,9,2022
3994246559,52.30178,10.34012,2022-09-23,9,2022
3994335537,52.28601,10.48145,2022-09-26,9,2022
3995009855,52.79509,10.86734,2022-09-17,9,2022
3995010892,52.17415,10.85993,2022-09-13,9,2022
3995058236,52.39784,10.88768,2022-09-26,9,2022
3995073382,52.26363,10.51031,2022-09-26,9,2022
3995099319,52.29772,10.60919,2022-09-29,9,2022
3995180591,52.32625,10.65068,2022-09-30,9,2022
3995182956,52.42385,10.93993,2022-09-24,9,2022
3995183208,52.41946,10.95245,2022-09-27,9,2022
3995246815,52.25218,10.44731,2022-09-25,9,2022
3995290687,52.14867,10.14716,2022-09-20,9,2022
3995299115,52.25464,10.52397,2022-09-24,9,2022
3995313931,52.12644,10.14987,2022-09-18,9,2022
3995360513,52.79392,10.8655,2022-09-28,9,2022
3995372333,52.23132,10.67866,2022-09-28,9,2022
3995397808,52.2886,10.76301,2022-09-13,9,2022
3995407945,52.2707,10.51714,2022-09-26,9,2022
3995444986,52.79502,10.86765,2022-09-18,9,2022
3995467182,52.41449,10.91386,2022-09-19,9,2022
3995527121,52.29816,10.34026,2022-09-25,9,2022
3995537205,52.12429,10.13785,2022-09-25,9,2022
3995577346,52.79492,10.86859,2022-09-18,9,2022
3995587528,52.41439,10.93337,2022-09-10,9,2022
3995648296,52.46144,10.55671,2022-09-30,9,2022
3995731899,52.3353,10.63893,2022-09-25,9,2022
3995743151,52.41288,10.90745,2022-09-22,9,2022
3995806794,52.12379,10.14223,2022-09-25,9,2022
3995833630,52.12352,10.13909,2022-09-25,9,2022
3995852454,52.79474,10.86107,2022-09-18,9,2022
3995875735,52.12475,10.14861,2022-09-25,9,2022
3995876033,52.29001,10.43745,2022-09-29,9,2022
3995951285,52.46617,10.41541,2022-09-26,9,2022
3995977959,52.25606,10.45293,2022-09-25,9,2022
3995978162,52.46442,10.4077,2022-09-26,9,2022
3996038082,52.22769,10.67741,2022-09-21,9,2022
3996038189,52.46969,10.98818,2022-09-23,9,2022
3996051333,52.12523,10.14669,2022-09-28,9,2022
3996077174,52.43281,10.8901,2022-09-26,9,2022
3996078046,52.42276,10.91501,2022-09-09,9,2022
3996081407,52.29066,10.43431,2022-09-29,9,2022
3996106140,52.57121,10.26165,2022-09-10,9,2022
3996159937,52.28587,10.7667,2022-09-13,9,2022
3996165264,52.29439,10.62365,2022-09-21,9,2022
3996296950,52.23944,10.52833,2022-09-08,9,2022
3996360695,52.41304,10.92047,2022-09-11,9,2022
3996416398,52.24861,10.51944,2022-09-27,9,2022
3996429959,52.25297,10.44605,2022-09-25,9,2022
3996459231,52.30026,10.34394,2022-09-25,9,2022
3996463706,52.28171,10.77254,2022-09-21,9,2022
3996465777,52.50692,10.697,2022-09-23,9,2022
3996477145,52.12479,10.13853,2022-09-25,9,2022
3996477265,52.43636,10.89144,2022-09-26,9,2022
3996481011,52.25585,10.45233,2022-09-25,9,2022
3996501258,52.24914,10.45318,2022-09-25,9,2022
3996518178,52.10173,10.13255,2022-09-25,9,2022
3996556681,52.7954,10.86209,2022-09-18,9,2022
3996580925,52.80734,10.87129,2022-09-22,9,2022
3996583378,52.12347,10.14469,2022-09-25,9,2022
3996635969,52.25662,10.53589,2022-09-29,9,2022
3996650526,52.31032,10.5599,2022-09-30,9,2022
3996667565,52.22823,10.67709,2022-09-28,9,2022
3996696459,52.25458,10.45039,2022-09-25,9,2022
3996696804,52.29546,10.62902,2022-09-29,9,2022
3996727355,52.30265,10.62314,2022-09-26,9,2022
3996727356,52.29693,10.62048,2022-09-26,9,2022
3996757201,52.36336,10.41753,2022-09-25,9,2022
3996847331,52.17386,10.86138,2022-09-13,9,2022
3996848255,52.24007,10.52673,2022-09-26,9,2022
3996963728,52.41279,10.93018,2022-09-10,9,2022
3996989544,52.41352,10.92311,2022-09-30,9,2022
3996993484,52.28045,10.77947,2022-09-11,9,2022
3996999880,52.17349,10.86024,2022-09-13,9,2022
3997026389,52.79384,10.86514,2022-09-28,9,2022
3997090116,52.12351,10.1365,2022-09-20,9,2022
3997101974,52.25306,10.59773,2022-09-24,9,2022
3997103882,52.24641,10.52384,2022-09-29,9,2022
3997151090,52.79474,10.86772,2022-09-17,9,2022
3997151275,52.16355,10.73284,2022-09-20,9,2022
3997161004,52.43053,10.87987,2022-09-26,9,2022
3997161300,52.12647,10.14495,2022-09-30,9,2022
3997177832,52.26374,10.51034,2022-09-17,9,2022
3997193679,52.25343,10.52549,2022-09-20,9,2022
3997203353,52.42379,10.93973,2022-09-10,9,2022
3997210755,52.47072,10.47907,2022-09-29,9,2022
3997235551,52.27027,10.51645,2022-09-23,9,2022
3997267220,52.13211,10.7591,2022-09-29,9,2022
3997297987,52.13636,10.17389,2022-09-20,9,2022
3997351488,52.41911,10.92286,2022-09-11,9,2022
3997356222,52.05088,10.17808,2022-09-29,9,2022
3997358676,52.25491,10.52442,2022-09-20,9,2022
3997369664,52.42266,10.9409,2022-09-10,9,2022
3997426725,52.44323,10.91272,2022-09-25,9,2022
3997578943,52.42389,10.93972,2022-09-29,9,2022
3997581862,52.28404,10.77275,2022-09-13,9,2022
3997650054,52.22929,10.67772,2022-09-28,9,2022
4006618572,52.4436,10.80414,2022-09-16,9,2022
4009767530,52.28834,10.32617,2022-09-14,9,2022
4009770540,52.2356,11.05995,2022-09-11,9,2022
4015173631,52.29115,10.33075,2022-09-14,9,2022
4057425772,52.24847,10.51965,2022-09-29,9,2022
4057714346,52.2963,10.62292,2022-09-29,9,2022
4116053410,52.29891,10.36788,2022-09-16,9,2022
4116120447,52.28438,10.47434,2022-09-06,9,2022
4440615602,52.28683,10.4814,2022-09-26,9,2022
4606534101,52.61937,10.11262,2022-09-27,9,2022
4901433702,52.28682,10.33165,2022-09-14,9,2022
4945655296,52.44662,10.8081,2022-09-24,9,2022
5012438121,52.30872,10.61146,2022-09-29,9,2022
5012532456,52.2736,10.45705,2022-09-16,9,2022
5012592073,52.53001,10.23067,2022-09-18,9,2022
5012670904,52.83888,10.27422,2022-09-14,9,2022
5012705028,52.44126,10.47014,2022-09-14,9,2022
5012809877,52.36641,10.32828,2022-09-05,9,2022
5013204480,52.37182,10.83049,2022-09-30,9,2022
5013776131,52.28735,10.4703,2022-09-16,9,2022
5013907771,52.3358,10.71312,2022-09-28,9,2022
5014006642,52.32359,10.70701,2022-09-28,9,2022
5015171061,52.53795,10.15137,2022-09-28,9,2022
5015211212,52.33688,10.71473,2022-09-28,9,2022
5015262152,52.58746,10.83025,2022-09-25,9,2022
5015570428,52.53795,10.15137,2022-09-24,9,2022
5015890454,52.30872,10.61146,2022-09-21,9,2022
5016121990,52.44126,10.47014,2022-09-12,9,2022
5016425254,52.53795,10.15137,2022-09-23,9,2022
5016661438,52.53795,10.15137,2022-09-30,9,2022
5017008657,52.58172,10.18364,2022-09-04,9,2022
5017418256,52.30872,10.61146,2022-09-27,9,2022
5018803638,52.53795,10.15137,2022-09-27,9,2022
5019307009,52.53795,10.15137,2022-09-26,9,2022
5019615890,52.52454,10.12596,2022-09-17,9,2022
5019763348,52.53795,10.15137,2022-09-29,9,2022
5021994543,52.37226,10.82973,2022-09-23,9,2022
5022343214,52.34338,10.71926,2022-09-24,9,2022
5022613785,52.48442,10.55258,2022-09-25,9,2022
5025999164,52.33854,10.71572,2022-09-24,9,2022
5026196941,52.58205,10.16867,2022-09-16,9,2022
5028313230,52.37331,10.82919,2022-09-30,9,2022
5028516500,52.83888,10.27422,2022-09-09,9,2022
5062569089,52.61881,10.11365,2022-09-27,9,2022
5857644273,52.43973,10.83833,2022-09-27,9,2022
6178491021,52.43888,10.80047,2022-09-09,9,2022
6410549267,52.12573,10.14174,2022-09-20,9,2022
6410882394,52.32595,10.65044,2022-09-30,9,2022
6410981756,52.41355,10.92386,2022-09-30,9,2022
6411012170,52.12426,10.13745,2022-09-20,9,2022
6411945087,52.28054,10.77934,2022-09-28,9,2022
6412895310,52.19266,10.82336,2022-09-30,9,2022
3923227321,52.28265,10.46922,2022-10-02,10,2022
3923230521,52.27598,10.57673,2022-10-03,10,2022
3923236514,52.27943,10.47107,2022-10-03,10,2022
3923269463,52.28164,10.47286,2022-10-03,10,2022
3923270511,52.29455,10.33748,2022-10-03,10,2022
3923275514,52.27622,10.5779,2022-10-03,10,2022
3923303490,52.28534,10.47911,2022-10-02,10,2022
3923354296,52.2756,10.58022,2022-10-01,10,2022
3923393415,52.44904,10.8115,2022-10-02,10,2022
3923449550,52.29863,10.34619,2022-10-03,10,2022
3923607532,52.29849,10.34749,2022-10-03,10,2022
3923618411,52.28302,10.47413,2022-10-02,10,2022
3923658413,52.49874,10.70972,2022-10-02,10,2022
3923737516,52.28124,10.47319,2022-10-02,10,2022
3923744663,52.27273,10.59015,2022-10-03,10,2022
3924994842,52.29543,10.36356,2022-10-05,10,2022
3924995138,52.27222,10.58767,2022-10-07,10,2022
3925030897,52.32169,10.42111,2022-10-05,10,2022
3925036192,52.27219,10.58285,2022-10-07,10,2022
3925044871,52.32131,10.41559,2022-10-05,10,2022
3925086733,52.27312,10.57646,2022-10-03,10,2022
3925103118,52.26224,10.58847,2022-10-07,10,2022
3925122011,52.45136,10.79509,2022-10-06,10,2022
3925124994,52.70218,10.25824,2022-10-04,10,2022
3925156054,52.27244,10.59072,2022-10-07,10,2022
3925161709,52.45572,10.80829,2022-10-02,10,2022
3925212701,52.28092,10.46219,2022-10-11,10,2022
3925214436,52.22256,10.59109,2022-10-09,10,2022
3925214533,52.25354,10.45888,2022-10-10,10,2022
3925238828,52.29245,10.35722,2022-10-05,10,2022
3925248464,52.2223,10.59175,2022-10-09,10,2022
3925248465,52.22216,10.59073,2022-10-09,10,2022
3925261737,52.25366,10.59731,2022-10-09,10,2022
3925263422,52.27254,10.59052,2022-10-09,10,2022
3925264468,52.22221,10.58989,2022-10-09,10,2022
3925278123,52.2761,10.57697,2022-10-07,10,2022
3925295466,52.22117,10.58949,2022-10-09,10,2022
3925333491,52.22227,10.59257,2022-10-09,10,2022
3925339453,52.27635,10.57773,2022-10-09,10,2022
3925357460,52.27265,10.59023,2022-10-09,10,2022
3925365474,52.55483,10.21619,2022-10-09,10,2022
3925389516,52.22257,10.58966,2022-10-09,10,2022
3925397726,52.28235,10.47414,2022-10-11,10,2022
3925410634,52.28095,10.47268,2022-10-11,10,2022
3925434797,52.29545,10.36347,2022-10-05,10,2022
3925459753,52.27243,10.59051,2022-10-03,10,2022
3925507639,52.28484,10.47405,2022-10-11,10,2022
3947067632,52.22992,10.7362,2022-10-16,10,2022
3947069515,52.46187,10.80973,2022-10-15,10,2022
3947069677,52.2395,10.6181,2022-10-16,10,2022
3947072762,52.25068,10.44279,2022-10-16,10,2022
3947073590,52.25346,10.45084,2022-10-16,10,2022
3947084419,52.28719,10.63569,2022-10-22,10,2022
3947126014,52.25213,10.46062,2022-10-19,10,2022
3947130366,52.35234,10.82922,2022-10-14,10,2022
3947131859,52.36011,10.82412,2022-10-16,10,2022
3947133510,52.46244,10.81543,2022-10-15,10,2022
3947137703,52.2404,10.61872,2022-10-16,10,2022
3947151399,52.45984,10.80652,2022-10-22,10,2022
3947154403,52.18302,10.54322,2022-10-22,10,2022
3947199827,52.35907,10.82473,2022-10-16,10,2022
3947210530,52.46292,10.81408,2022-10-15,10,2022
3947211384,52.34827,10.82672,2022-10-14,10,2022
3947211845,52.35887,10.82671,2022-10-16,10,2022
3947215068,52.25294,10.45977,2022-10-19,10,2022
3947215346,52.34507,10.83658,2022-10-14,10,2022
3947216349,52.35058,10.82835,2022-10-14,10,2022
3947217387,52.34975,10.82824,2022-10-14,10,2022
3947221675,52.22946,10.7359,2022-10-16,10,2022
3947240406,52.28716,10.63003,2022-10-22,10,2022
3947244521,52.32139,10.42322,2022-10-23,10,2022
3947265197,52.2525,10.46002,2022-10-10,10,2022
3947269679,52.27257,10.58925,2022-10-16,10,2022
3947269798,52.26261,10.46845,2022-10-17,10,2022
3947277723,52.23999,10.61807,2022-10-16,10,2022
3947282711,52.23959,10.61698,2022-10-16,10,2022
3947289436,52.28695,10.63477,2022-10-22,10,2022
3947306448,52.28608,10.63391,2022-10-22,10,2022
3947309224,52.54598,10.23959,2022-10-13,10,2022
3947316383,52.27629,10.57765,2022-10-22,10,2022
3947316386,52.28799,10.62996,2022-10-22,10,2022
3947326453,52.28585,10.63059,2022-10-22,10,2022
3947374473,52.46138,10.81684,2022-10-15,10,2022
3947386251,52.54743,10.24026,2022-10-13,10,2022
3947387567,52.27619,10.57964,2022-10-22,10,2022
3947390141,52.51107,10.56051,2022-10-12,10,2022
3947405227,52.54435,10.24393,2022-10-13,10,2022
3947411817,52.25304,10.44792,2022-10-17,10,2022
3947475992,52.24888,10.46499,2022-10-10,10,2022
3947491596,52.29438,10.5306,2022-10-23,10,2022
3947499015,52.25613,10.45541,2022-10-10,10,2022
3947510698,52.25198,10.60132,2022-10-16,10,2022
3947511374,52.46247,10.80863,2022-10-22,10,2022
3947515489,52.46242,10.81684,2022-10-15,10,2022
3947540451,52.46137,10.80956,2022-10-22,10,2022
3947546920,52.13685,10.6536,2022-10-05,10,2022
3947548594,52.29267,10.52958,2022-10-23,10,2022
3947564873,52.46171,10.81188,2022-10-02,10,2022
3947597243,52.55564,10.21475,2022-10-13,10,2022
3947603992,52.25448,10.45779,2022-10-10,10,2022
3947605921,52.28226,10.46959,2022-10-02,10,2022
3947609121,52.27704,10.45896,2022-10-20,10,2022
3947641876,52.29813,10.34399,2022-10-03,10,2022
3947658143,52.28039,10.45963,2022-10-20,10,2022
3947687391,52.34283,10.83647,2022-10-14,10,2022
3947709098,52.81452,10.75338,2022-10-19,10,2022
3947739290,52.54734,10.2382,2022-10-13,10,2022
3947749387,52.34152,10.83346,2022-10-14,10,2022
3947750799,52.25661,10.453,2022-10-17,10,2022
3947767319,52.16743,10.80913,2022-10-09,10,2022
3947767696,52.27261,10.59047,2022-10-16,10,2022
3947778698,52.22929,10.73449,2022-10-16,10,2022
3947790384,52.28548,10.63293,2022-10-22,10,2022
3947792719,52.23293,10.73641,2022-10-16,10,2022
3947826826,52.36028,10.82528,2022-10-16,10,2022
3947830095,52.2537,10.45872,2022-10-19,10,2022
3947842415,52.28761,10.63519,2022-10-22,10,2022
3960985065,52.28918,10.32908,2022-10-28,10,2022
3960997067,52.29257,10.33808,2022-10-28,10,2022
3961003648,52.25456,10.45043,2022-10-16,10,2022
3961004278,52.25497,10.45792,2022-10-30,10,2022
3961009907,52.25045,10.45584,2022-10-27,10,2022
3961013698,52.62234,10.24552,2022-10-10,10,2022
3961063447,52.32556,10.57576,2022-10-31,10,2022
3961135016,52.2921,10.33302,2022-10-28,10,2022
3961148080,52.29097,10.33111,2022-10-28,10,2022
3961194402,52.15098,10.6362,2022-10-30,10,2022
3961196999,52.25649,10.56285,2022-10-28,10,2022
3961225686,52.35998,10.83098,2022-10-16,10,2022
3961251031,52.2567,10.55707,2022-10-28,10,2022
3961294431,52.15368,10.62896,2022-10-30,10,2022
3961298327,52.25286,10.45922,2022-10-30,10,2022
3961364168,52.24867,10.45259,2022-10-27,10,2022
3961381014,52.25376,10.45893,2022-10-27,10,2022
3961414416,52.25669,10.45564,2022-10-30,10,2022
3961498422,52.22569,10.51518,2022-10-31,10,2022
3961498425,52.32649,10.57307,2022-10-31,10,2022
3963368897,52.23546,10.7379,2022-10-13,10,2022
3963548620,52.21383,10.80956,2022-10-29,10,2022
3966587585,52.2828,10.47408,2022-10-25,10,2022
3985614879,52.28934,10.32803,2022-10-23,10,2022
3985624869,52.24259,10.61805,2022-10-16,10,2022
3985639073,52.21015,10.71439,2022-10-11,10,2022
3985669893,52.29101,10.33279,2022-10-23,10,2022
3985685836,52.32223,10.67,2022-10-04,10,2022
3985704897,52.24105,10.61954,2022-10-16,10,2022
3985736873,52.27071,10.48688,2022-10-06,10,2022
3986074876,52.25741,10.46096,2022-10-16,10,2022
3986177942,52.29429,10.33567,2022-10-23,10,2022
3988495565,52.46145,10.81165,2022-10-02,10,2022
3988591565,52.6656,10.96134,2022-10-03,10,2022
3988595575,52.29886,10.34704,2022-10-03,10,2022
3988604565,52.29116,10.35863,2022-10-05,10,2022
3988609610,52.29595,10.34015,2022-10-03,10,2022
3988609611,52.29553,10.36455,2022-10-05,10,2022
3988640539,52.44888,10.81367,2022-10-02,10,2022
3988645573,52.27245,10.59046,2022-10-03,10,2022
3994296569,52.26026,10.47548,2022-10-30,10,2022
3995059529,52.26927,10.59759,2022-10-03,10,2022
3995275635,52.46172,10.47545,2022-10-02,10,2022
3995329966,52.134,10.16006,2022-10-02,10,2022
3995351643,52.23006,10.51016,2022-10-02,10,2022
3995352109,52.25559,10.45374,2022-10-07,10,2022
3995354191,52.27093,10.59331,2022-10-03,10,2022
3995373227,52.14356,10.65142,2022-10-05,10,2022
3995412282,52.25569,10.55461,2022-10-09,10,2022
3995468353,52.22988,10.56742,2022-10-10,10,2022
3995483388,52.26975,10.5899,2022-10-03,10,2022
3995483880,52.25067,10.45803,2022-10-07,10,2022
3995511305,52.25725,10.5598,2022-10-02,10,2022
3995511312,52.39938,10.5547,2022-10-02,10,2022
3995545982,52.26751,10.59773,2022-10-03,10,2022
3995613650,52.24979,10.46007,2022-10-07,10,2022
3995649991,52.27065,10.58629,2022-10-03,10,2022
3995685797,52.23027,10.51186,2022-10-02,10,2022
3995715796,52.26746,10.59774,2022-10-03,10,2022
3995715959,52.22767,10.55891,2022-10-06,10,2022
3995755545,52.10654,10.34432,2022-10-03,10,2022
3995787251,52.27079,10.58173,2022-10-03,10,2022
3995787253,52.2711,10.58277,2022-10-03,10,2022
3995907767,52.29415,10.62884,2022-10-09,10,2022
3995917537,52.20052,10.54511,2022-10-13,10,2022
3995958622,52.26345,10.59166,2022-10-03,10,2022
3995958827,52.32494,10.53992,2022-10-09,10,2022
3995982344,52.30515,10.61043,2022-10-11,10,2022
3995987097,52.12898,10.51064,2022-10-10,10,2022
3996003787,52.19008,10.83937,2022-10-14,10,2022
3996006820,52.13427,10.15884,2022-10-02,10,2022
3996027847,52.22534,10.50985,2022-10-02,10,2022
3996036408,52.13349,10.16056,2022-10-02,10,2022
3996051994,52.2952,10.62884,2022-10-04,10,2022
3996062440,52.29759,10.63095,2022-10-06,10,2022
3996193497,52.31426,10.61382,2022-10-16,10,2022
3996252001,52.30334,10.61099,2022-10-01,10,2022
3996299679,52.2671,10.55067,2022-10-03,10,2022
3996300044,52.2275,10.55852,2022-10-06,10,2022
3996315021,52.2401,10.52675,2022-10-12,10,2022
3996330936,52.61011,10.22007,2022-10-09,10,2022
3996449935,52.2432,10.52269,2022-10-02,10,2022
3996491337,52.38172,10.25508,2022-10-01,10,2022
3996528364,52.29507,10.62936,2022-10-12,10,2022
3996535464,52.29452,10.62417,2022-10-04,10,2022
3996535681,52.14348,10.65176,2022-10-05,10,2022
3996551702,52.48628,10.55537,2022-10-03,10,2022
3996644347,52.25833,10.56052,2022-10-09,10,2022
3996655622,52.29808,10.36404,2022-10-02,10,2022
3996728068,52.30365,10.61219,2022-10-03,10,2022
3996768048,52.27075,10.59677,2022-10-03,10,2022
3996788372,52.10578,10.34277,2022-10-01,10,2022
3996937129,52.2972,10.36125,2022-10-02,10,2022
3996943722,52.23444,10.5125,2022-10-07,10,2022
3997008595,52.43255,10.88926,2022-10-02,10,2022
3997074020,52.20299,10.15033,2022-10-02,10,2022
3997092602,52.29821,10.63265,2022-10-06,10,2022
3997121813,52.2388,10.52367,2022-10-02,10,2022
3997154126,52.13343,10.15912,2022-10-02,10,2022
3997184736,52.30257,10.64567,2022-10-06,10,2022
3997206664,52.14555,10.64564,2022-10-05,10,2022
3997207058,52.20578,10.79795,2022-10-09,10,2022
3997229734,52.79098,10.12848,2022-10-09,10,2022
3997236847,52.45338,10.81107,2022-10-02,10,2022
3997257989,52.38072,10.71057,2022-10-13,10,2022
3997265181,52.3411,10.1555,2022-10-03,10,2022
3997303186,52.29898,10.62627,2022-10-07,10,2022
3997319079,52.25818,10.55369,2022-10-09,10,2022
3997344960,52.21497,10.50823,2022-10-06,10,2022
3997353883,52.30354,10.64399,2022-10-06,10,2022
3997355890,52.4582,10.80869,2022-10-02,10,2022
3997355999,52.17104,10.85423,2022-10-03,10,2022
3997423805,52.13502,10.15782,2022-10-02,10,2022
3997430221,52.24539,10.92363,2022-10-15,10,2022
3997486506,52.26362,10.51044,2022-10-04,10,2022
3997486878,52.42174,10.76938,2022-10-07,10,2022
3997509755,52.45516,10.80755,2022-10-02,10,2022
3997547946,52.25654,10.52038,2022-10-12,10,2022
3997549656,52.40953,10.76801,2022-10-07,10,2022
3997639401,52.24695,10.46756,2022-10-07,10,2022
3997680715,52.24991,11.0141,2022-10-03,10,2022
4006516597,52.45359,10.8111,2022-10-22,10,2022
4006659567,52.34195,10.83386,2022-10-14,10,2022
4006778555,52.15034,10.62784,2022-10-05,10,2022
4055913278,52.1407,10.774,2022-10-27,10,2022
4055921245,52.27268,10.57992,2022-10-17,10,2022
4056209628,52.05182,10.17001,2022-10-14,10,2022
4056395504,52.38345,10.71845,2022-10-13,10,2022
4056438886,52.14533,10.79223,2022-10-19,10,2022
4056521195,52.25813,10.50536,2022-10-23,10,2022
4056549291,52.10678,10.34411,2022-10-23,10,2022
4056566167,52.52325,10.67509,2022-10-31,10,2022
4056632733,52.28175,10.76442,2022-10-01,10,2022
4056675971,52.35426,10.42781,2022-10-22,10,2022
4056687050,52.37639,10.71158,2022-10-13,10,2022
4056687098,52.7707,10.6253,2022-10-15,10,2022
4056697022,52.39505,10.52294,2022-10-04,10,2022
4056754470,52.26871,10.54665,2022-10-03,10,2022
4056766950,52.65249,10.93297,2022-10-31,10,2022
4056768451,52.3057,10.35525,2022-10-09,10,2022
4056810472,52.23148,10.57783,2022-10-02,10,2022
4056811741,52.27819,10.58041,2022-10-24,10,2022
4056840663,52.55696,10.93892,2022-10-23,10,2022
4056846342,52.45177,10.79513,2022-10-06,10,2022
4056855399,52.23048,10.55674,2022-10-09,10,2022
4056879522,52.07205,10.13817,2022-10-31,10,2022
4056889575,52.3943,10.52459,2022-10-04,10,2022
4057054664,52.15762,10.82765,2022-10-16,10,2022
4057208797,52.16389,10.72776,2022-10-26,10,2022
4057323726,52.27075,10.53262,2022-10-22,10,2022
4057384666,52.15181,10.80185,2022-10-31,10,2022
4091933491,52.28377,10.47115,2022-10-02,10,2022
4155823993,52.54756,10.47134,2022-10-28,10,2022
4155907766,52.46216,10.47589,2022-10-30,10,2022
4156034098,52.68786,10.59785,2022-10-30,10,2022
4156104908,52.45932,10.47263,2022-10-30,10,2022
4156114847,52.13348,10.12891,2022-10-09,10,2022
4156130816,52.17557,10.79674,2022-10-31,10,2022
4156144752,52.46351,10.47787,2022-10-30,10,2022
4156158902,52.65161,10.93565,2022-10-31,10,2022
4156229396,52.17125,10.85133,2022-10-30,10,2022
4156264979,52.69149,10.60578,2022-10-30,10,2022
4156277359,52.1926,10.84387,2022-10-30,10,2022
4156926278,52.19433,10.52544,2022-10-03,10,2022
4177191549,52.25227,10.45936,2022-10-19,10,2022
4506398742,52.10106,10.35313,2022-10-21,10,2022
4525015672,52.29019,10.32963,2022-10-28,10,2022
4527972724,52.27126,10.48122,2022-10-20,10,2022
4528174706,52.34314,10.83488,2022-10-14,10,2022
4597244861,52.05764,10.34941,2022-10-16,10,2022
4597254930,52.10034,10.35027,2022-10-21,10,2022
4606525268,52.28147,10.50985,2022-10-01,10,2022
4606536002,52.2814,10.50759,2022-10-01,10,2022
4606538184,52.51069,10.56449,2022-10-12,10,2022
4606566286,52.27071,10.48688,2022-10-14,10,2022
4606968102,52.27975,10.54135,2022-10-26,10,2022
4855114095,52.45806,10.81336,2022-10-22,10,2022
4855463322,52.25058,10.45563,2022-10-27,10,2022
4880211676,52.16853,10.85208,2022-10-03,10,2022
4883023509,52.09951,10.26909,2022-10-07,10,2022
4933154204,52.25672,10.49917,2022-10-05,10,2022
4946274514,52.46063,10.80898,2022-10-15,10,2022
4952836897,52.27967,10.54108,2022-10-18,10,2022
4987667437,52.49821,10.56168,2022-10-12,10,2022
5012504811,52.30872,10.61146,2022-10-20,10,2022
5012596073,52.30872,10.61146,2022-10-24,10,2022
5012728047,52.4513,10.724,2022-10-17,10,2022
5012802121,52.30872,10.61146,2022-10-14,10,2022
5012891832,52.30872,10.61146,2022-10-12,10,2022
5012940011,52.31363,10.61565,2022-10-16,10,2022
5013119266,52.55016,10.14982,2022-10-28,10,2022
5013168796,52.60226,10.10017,2022-10-02,10,2022
5013267824,52.44915,10.70693,2022-10-16,10,2022
5013449857,52.32359,10.70701,2022-10-15,10,2022
5013455152,52.81805,10.14287,2022-10-26,10,2022
5013473353,52.52454,10.12596,2022-10-03,10,2022
5013562814,52.30872,10.61146,2022-10-05,10,2022
5013726554,52.44126,10.47014,2022-10-16,10,2022
5013754041,52.31363,10.61565,2022-10-25,10,2022
5013998917,52.52454,10.12596,2022-10-15,10,2022
5014511749,52.30872,10.61146,2022-10-11,10,2022
5014515413,52.52454,10.12596,2022-10-16,10,2022
5014729484,52.35851,10.85574,2022-10-01,10,2022
5014801161,52.25107,10.45383,2022-10-22,10,2022
5014941457,52.30872,10.61146,2022-10-06,10,2022
5015074258,52.58205,10.16867,2022-10-14,10,2022
5015682759,52.26196,10.59786,2022-10-03,10,2022
5015701183,52.72355,10.54036,2022-10-28,10,2022
5015777024,52.30872,10.61146,2022-10-03,10,2022
5015936763,52.30872,10.61146,2022-10-01,10,2022
5015958835,52.30872,10.61146,2022-10-21,10,2022
5016121811,52.58205,10.16867,2022-10-29,10,2022
5016456287,52.50256,10.19847,2022-10-28,10,2022
5016478010,52.266,10.57479,2022-10-08,10,2022
5016812961,52.47358,10.70701,2022-10-16,10,2022
5016826413,52.60226,10.10017,2022-10-16,10,2022
5016870244,52.58172,10.18364,2022-10-03,10,2022
5017937517,52.30872,10.61146,2022-10-10,10,2022
5018085884,52.4533,10.70772,2022-10-16,10,2022
5018221032,52.30872,10.61146,2022-10-23,10,2022
5018573860,52.58205,10.16867,2022-10-08,10,2022
5018833479,52.30872,10.61146,2022-10-08,10,2022
5018956837,52.58205,10.16867,2022-10-10,10,2022
5019199408,52.44126,10.47014,2022-10-11,10,2022
5019258991,52.30872,10.61146,2022-10-15,10,2022
5019299187,52.32359,10.70701,2022-10-02,10,2022
5019363741,52.53795,10.15137,2022-10-12,10,2022
5019584402,52.26196,10.59786,2022-10-09,10,2022
5019661795,52.44126,10.47014,2022-10-14,10,2022
5019737554,52.30872,10.61146,2022-10-29,10,2022
5019766525,52.45202,10.7175,2022-10-17,10,2022
5019828504,52.2955,10.62888,2022-10-11,10,2022
5019876825,52.62356,10.12376,2022-10-01,10,2022
5020152475,52.2736,10.45705,2022-10-30,10,2022
5020227208,52.37006,10.82353,2022-10-17,10,2022
5020455262,52.44126,10.47014,2022-10-12,10,2022
5020664024,52.58172,10.18364,2022-10-09,10,2022
5020887305,52.52454,10.12596,2022-10-07,10,2022
5022359120,52.58205,10.16867,2022-10-15,10,2022
5022789453,52.58205,10.16867,2022-10-16,10,2022
5022959876,52.34281,10.69232,2022-10-15,10,2022
5023093504,52.53795,10.15137,2022-10-16,10,2022
5023282693,52.31363,10.61565,2022-10-24,10,2022
5023504989,52.36906,10.81906,2022-10-17,10,2022
5023931840,52.26651,10.57199,2022-10-09,10,2022
5024574360,52.2736,10.54037,2022-10-19,10,2022
5024623875,52.45233,10.71632,2022-10-17,10,2022
5025047119,52.58667,10.84671,2022-10-03,10,2022
5025371989,52.36936,10.81614,2022-10-17,10,2022
5025457246,52.54708,10.15185,2022-10-11,10,2022
5025466646,52.7483,10.53274,2022-10-28,10,2022
5026142871,52.77354,10.54036,2022-10-28,10,2022
5027118822,52.30872,10.61146,2022-10-09,10,2022
5027241335,52.45215,10.71782,2022-10-17,10,2022
5027322185,52.33269,10.7244,2022-10-15,10,2022
5027375591,52.53795,10.15137,2022-10-09,10,2022
5028043519,52.58719,10.84876,2022-10-03,10,2022
5028338157,52.26416,10.56358,2022-10-10,10,2022
5028566618,52.44126,10.47014,2022-10-08,10,2022
5028623295,52.45122,10.70644,2022-10-16,10,2022
5062559094,52.10156,10.35322,2022-10-21,10,2022
5141732260,52.44085,10.52765,2022-10-07,10,2022
5167703444,52.54453,10.24244,2022-10-13,10,2022
5292213608,52.46207,10.80818,2022-10-22,10,2022
5857433149,52.27272,10.57869,2022-10-17,10,2022
5857434888,52.25555,10.52296,2022-10-18,10,2022
5857518218,52.27274,10.57873,2022-10-15,10,2022
5857562057,52.25545,10.53605,2022-10-19,10,2022
5857572503,52.264,10.60122,2022-10-19,10,2022
5857581107,52.29545,10.5824,2022-10-17,10,2022
5857634440,52.45131,10.61814,2022-10-31,10,2022
5857642165,52.27135,10.5877,2022-10-18,10,2022
5857667117,52.65024,10.93424,2022-10-29,10,2022
5857689649,52.55792,10.9374,2022-10-23,10,2022
6147657072,52.42627,10.93172,2022-10-16,10,2022
6236408597,52.09895,10.35066,2022-10-21,10,2022
6411298422,52.46897,10.49825,2022-10-30,10,2022
6412587261,52.26347,10.58208,2022-10-17,10,2022
3961072572,52.27707,10.45693,2022-11-01,11,2022
3961156629,52.24845,10.41496,2022-11-01,11,2022
3961456575,52.2482,10.4248,2022-11-01,11,2022
3963310301,52.24906,10.52883,2022-11-07,11,2022
3963404185,52.28297,10.47336,2022-11-01,11,2022
3963586368,52.27077,10.53281,2022-11-08,11,2022
3963636957,52.5047,10.69231,2022-11-05,11,2022
3966466261,52.27266,10.58004,2022-11-14,11,2022
3966652847,52.41279,10.37438,2022-11-10,11,2022
3966696854,52.25581,10.48719,2022-11-10,11,2022
3985635267,52.25411,10.45706,2022-11-18,11,2022
3985678032,52.27062,10.59803,2022-11-14,11,2022
3985832336,52.25577,10.45586,2022-11-18,11,2022
3985848007,52.25379,10.45432,2022-11-26,11,2022
3985904259,52.25303,10.4237,2022-11-27,11,2022
3985953888,52.32182,10.41318,2022-11-24,11,2022
3985954051,52.2525,10.44613,2022-11-26,11,2022
3986055253,52.25402,10.45754,2022-11-18,11,2022
3986252305,52.25245,10.45968,2022-11-18,11,2022
3988653759,52.25516,10.45629,2022-11-30,11,2022
3994139605,52.26165,10.46297,2022-11-09,11,2022
3994177663,52.10614,10.37833,2022-11-13,11,2022
3996116375,52.25737,10.57726,2022-11-10,11,2022
3996250312,52.26155,10.58359,2022-11-10,11,2022
4028601921,52.25323,10.52082,2022-11-07,11,2022
4028704052,52.20889,10.54306,2022-11-06,11,2022
4028727075,52.28205,10.47213,2022-11-01,11,2022
4056491972,52.26145,10.5835,2022-11-28,11,2022
4056574161,52.14081,10.7742,2022-11-04,11,2022
4056630703,52.207,11.02841,2022-11-05,11,2022
4056687677,52.24889,10.4673,2022-11-13,11,2022
4056716957,52.53846,10.46955,2022-11-15,11,2022
4056718865,52.3024,10.56072,2022-11-04,11,2022
4056729307,52.29431,10.62884,2022-11-23,11,2022
4056748772,52.41424,10.91545,2022-11-15,11,2022
4056753482,52.27876,10.59718,2022-11-24,11,2022
4056758760,52.26156,10.58354,2022-11-15,11,2022
4056767047,52.31416,10.4714,2022-11-12,11,2022
4056802797,52.70414,10.45901,2022-11-14,11,2022
4056921696,52.2953,10.62841,2022-11-24,11,2022
4057115517,52.2216,10.55974,2022-11-27,11,2022
4067386532,52.71662,10.45598,2022-11-03,11,2022
4067574488,52.26019,11.09105,2022-11-06,11,2022
4408296442,52.20479,10.79881,2022-11-03,11,2022
4424292537,52.28096,10.46208,2022-11-12,11,2022
4506380755,52.33525,10.57189,2022-11-26,11,2022
4884201658,52.28009,10.77836,2022-11-22,11,2022
5012465254,52.26011,11.09395,2022-11-06,11,2022
5012765454,52.27016,11.05052,2022-11-06,11,2022
5012832766,52.30872,10.61146,2022-11-03,11,2022
5013077235,52.30872,10.61146,2022-11-07,11,2022
5013223216,52.2345,11.12091,2022-11-06,11,2022
5013654765,52.53795,10.15137,2022-11-01,11,2022
5015062980,52.25107,10.45383,2022-11-20,11,2022
5015599544,52.30872,10.61146,2022-11-13,11,2022
5015910574,52.37203,10.82914,2022-11-04,11,2022
5016427613,52.28184,10.77299,2022-11-13,11,2022
5016672327,52.26196,10.59786,2022-11-27,11,2022
5016761483,52.30872,10.61146,2022-11-11,11,2022
5016855252,52.5692,10.1215,2022-11-04,11,2022
5017184797,52.81805,10.14287,2022-11-05,11,2022
5017294706,52.53795,10.15137,2022-11-08,11,2022
5017323365,52.34844,10.19435,2022-11-13,11,2022
5017853216,52.06953,10.20599,2022-11-08,11,2022
5018389314,52.58172,10.18364,2022-11-11,11,2022
5018798964,52.81805,10.14287,2022-11-14,11,2022
5020427029,52.28186,10.76945,2022-11-13,11,2022
5021222697,52.29534,10.62837,2022-11-23,11,2022
5021303270,52.28632,10.8081,2022-11-12,11,2022
5024288195,52.27955,10.80475,2022-11-12,11,2022
5024430975,52.56224,10.1951,2022-11-06,11,2022
5024656308,52.28505,10.81212,2022-11-12,11,2022
5024855057,52.29275,10.77241,2022-11-13,11,2022
5025128346,52.29597,10.62854,2022-11-23,11,2022
5027206382,52.33301,10.70303,2022-11-05,11,2022
5215892373,52.28327,10.47385,2022-11-01,11,2022
5868005148,52.73782,10.47457,2022-11-05,11,2022
6411045359,52.2909,10.79611,2022-11-24,11,2022
6411281491,52.20452,10.79815,2022-11-03,11,2022
6412195024,52.37664,10.81941,2022-11-13,11,2022
6412250517,52.36043,10.42109,2022-11-13,11,2022
6412406007,52.50994,10.69577,2022-11-15,11,2022
6412518812,52.2831,10.77926,2022-11-08,11,2022
3988455271,52.2498,10.46483,2022-12-06,12,2022
3988507113,52.25622,10.45465,2022-12-04,12,2022
3988632300,52.24939,10.46483,2022-12-06,12,2022
3988793052,52.27239,10.58102,2022-12-03,12,2022
3994038189,52.27253,10.5784,2022-12-12,12,2022
3994067123,52.2477,10.46158,2022-12-06,12,2022
3994128949,52.28118,10.47427,2022-12-09,12,2022
3994244915,52.28533,10.47883,2022-12-09,12,2022
3994247890,52.28142,10.47506,2022-12-09,12,2022
4009736209,52.26273,10.40397,2022-12-26,12,2022
4009760253,52.25902,10.45977,2022-12-27,12,2022
4009784168,52.26248,10.40433,2022-12-26,12,2022
4009812144,52.26506,10.4046,2022-12-26,12,2022
4011580642,52.27071,10.48688,2022-12-23,12,2022
4011673910,52.09498,10.1261,2022-12-30,12,2022
4056167742,52.28413,10.76733,2022-12-09,12,2022
4056251806,52.25602,10.52119,2022-12-07,12,2022
4056322494,52.28061,10.77945,2022-12-08,12,2022
4056331596,52.28004,10.77836,2022-12-08,12,2022
4056471242,52.12628,10.14543,2022-12-06,12,2022
4056700882,52.28561,10.76961,2022-12-15,12,2022
4056712034,52.25323,10.52149,2022-12-07,12,2022
4057010355,52.22276,10.55241,2022-12-25,12,2022
4057029299,52.50768,10.69627,2022-12-12,12,2022
4057048223,52.28166,10.77339,2022-12-09,12,2022
4057067598,52.06262,10.15566,2022-12-01,12,2022
4057101411,52.53574,10.47485,2022-12-05,12,2022
4057113737,52.27383,10.55985,2022-12-08,12,2022
4057154136,52.28392,10.76321,2022-12-13,12,2022
4057164263,52.4503,10.81293,2022-12-25,12,2022
4057205587,52.2845,10.76855,2022-12-09,12,2022
4057205917,52.28117,10.76167,2022-12-13,12,2022
4057279424,52.50808,10.69665,2022-12-12,12,2022
4057313869,52.09828,10.12816,2022-12-24,12,2022
4057945801,52.16386,10.72769,2022-12-24,12,2022
4096636431,52.62222,10.10967,2022-12-25,12,2022
4408319538,52.1639,10.72796,2022-12-21,12,2022
4510024768,52.28419,10.39077,2022-12-30,12,2022
4510025777,52.10694,10.38703,2022-12-30,12,2022
4510257754,52.27343,10.44866,2022-12-24,12,2022
4510313783,52.26157,10.47119,2022-12-29,12,2022
5013219876,52.61681,10.11309,2022-12-18,12,2022
5017114152,52.61681,10.11309,2022-12-20,12,2022
5022030411,52.50691,10.16702,2022-12-31,12,2022
5062549172,52.26505,10.40803,2022-12-26,12,2022
5101334619,52.30272,10.5562,2022-12-25,12,2022
6178728938,52.62563,10.14829,2022-12-26,12,2022
3017959674,52.27041,10.5915,2021-01-01,1,2021
3018027944,52.18264,10.48211,2021-01-02,1,2021
3018082245,52.25927,10.45941,2021-01-06,1,2021
3018093621,52.27055,10.59168,2021-01-01,1,2021
3018135992,52.27606,10.46597,2021-01-04,1,2021
3031658157,52.276,10.46506,2021-01-04,1,2021
3031782023,52.10636,10.4078,2021-01-17,1,2021
3031889839,52.22483,10.55355,2021-01-25,1,2021
3031913850,52.25785,10.46033,2021-01-14,1,2021
3031945787,52.25373,10.44052,2021-01-26,1,2021
3031987623,52.10632,10.37512,2021-01-23,1,2021
3031987730,52.26363,10.48618,2021-01-24,1,2021
3032054365,52.2521,10.44802,2021-01-20,1,2021
3039153787,52.19964,10.78145,2021-01-23,1,2021
3058812661,52.24558,10.46764,2021-01-17,1,2021
3061561494,52.27034,10.59181,2021-01-01,1,2021
3061724504,52.20927,10.76504,2021-01-05,1,2021
4510007437,52.25559,10.52151,2021-01-18,1,2021
4510010442,52.19541,10.78627,2021-01-23,1,2021
4510034453,52.27366,10.45366,2021-01-13,1,2021
4510054434,52.20253,10.75955,2021-01-23,1,2021
4510200455,52.10654,10.40789,2021-01-17,1,2021
4510212428,52.25916,10.45975,2021-01-06,1,2021
4510256417,52.26318,10.40043,2021-01-02,1,2021
4510283465,52.26979,10.49034,2021-01-19,1,2021
4900959593,52.25091,10.44771,2021-01-20,1,2021
5012962014,52.66243,10.30475,2021-01-24,1,2021
5014593654,52.1921,11.05011,2021-01-05,1,2021
5014750018,52.52454,10.12596,2021-01-09,1,2021
5015001578,52.4855,10.18065,2021-01-24,1,2021
5016658377,52.4855,10.18065,2021-01-08,1,2021
5020489904,52.53795,10.15137,2021-01-01,1,2021
5021381291,52.53001,10.23067,2021-01-17,1,2021
5025599998,52.32359,10.62369,2021-01-01,1,2021
5026602122,52.52992,10.18615,2021-01-05,1,2021
5028539919,52.77644,10.26827,2021-01-16,1,2021
5062499059,52.27599,10.46589,2021-01-28,1,2021
6129816041,52.25105,10.44261,2021-01-26,1,2021
3039289502,52.23304,10.51756,2021-02-05,2,2021
3044669870,52.12739,10.56307,2021-02-20,2,2021
3044728009,52.26926,10.59785,2021-02-23,2,2021
3044775043,52.18722,10.47917,2021-02-13,2,2021
3044857238,52.11697,10.40046,2021-02-25,2,2021
3044928196,52.11867,10.39982,2021-02-25,2,2021
3052843334,52.26543,10.59914,2021-02-20,2,2021
3058709193,52.0575,10.51067,2021-02-28,2,2021
3058774233,52.08598,10.43615,2021-02-28,2,2021
4510293444,52.08375,10.87073,2021-02-20,2,2021
5018873508,52.53795,10.15137,2021-02-04,2,2021
5019069390,52.25683,10.52187,2021-02-07,2,2021
5019259610,52.53795,10.15137,2021-02-09,2,2021
5019792371,52.26196,10.59786,2021-02-20,2,2021
5021093222,52.57357,10.70701,2021-02-16,2,2021
5062494006,52.25458,10.52275,2021-02-07,2,2021
5889921407,52.23025,10.51229,2021-02-05,2,2021
3067723596,52.11024,10.29911,2021-03-20,3,2021
3067752144,52.05949,10.51192,2021-03-21,3,2021
3067859916,52.32469,10.42386,2021-03-20,3,2021
3068072924,52.32342,10.417,2021-03-20,3,2021
3070378179,52.0651,10.38529,2021-03-30,3,2021
3070394528,52.06715,10.38423,2021-03-30,3,2021
3070664609,52.07112,10.38302,2021-03-30,3,2021
3070687756,52.44845,10.4562,2021-03-28,3,2021
3070697595,52.27052,10.59767,2021-03-10,3,2021
3723922532,52.26315,10.75376,2021-03-04,3,2021
3996664325,52.38333,10.53028,2021-03-14,3,2021
4510257444,52.25993,10.46825,2021-03-05,3,2021
5013700449,52.44126,10.47014,2021-03-13,3,2021
5013842489,52.54359,10.23418,2021-03-18,3,2021
5014686678,52.26196,10.59786,2021-03-28,3,2021
5016643650,52.32851,10.70039,2021-03-21,3,2021
5019573291,52.44126,10.47014,2021-03-08,3,2021
5020165624,52.53001,10.23067,2021-03-22,3,2021
5028225450,52.52964,10.24663,2021-03-22,3,2021
5062474980,52.44508,10.45965,2021-03-28,3,2021
3090654419,52.11088,10.44321,2021-04-11,4,2021
3097185817,52.31368,10.61178,2021-04-17,4,2021
3097192536,52.34374,10.70045,2021-04-21,4,2021
3097218490,52.32994,10.58329,2021-04-21,4,2021
3097270214,52.25892,10.45973,2021-04-19,4,2021
3108993564,52.26678,10.60236,2021-04-23,4,2021
3723642183,52.28177,10.77279,2021-04-04,4,2021
5016607271,52.79036,10.12759,2021-04-04,4,2021
5017488673,52.54359,10.23418,2021-04-01,4,2021
5019547447,52.27304,10.58116,2021-04-25,4,2021
5020002803,52.36164,10.67073,2021-04-15,4,2021
5022426654,52.53804,10.24386,2021-04-01,4,2021
5023100540,52.34296,10.72061,2021-04-18,4,2021
3124695930,52.26054,10.45855,2021-05-25,5,2021
3124738310,52.07162,10.36064,2021-05-26,5,2021
3302184877,52.47872,10.91313,2021-05-29,5,2021
3723508797,52.26973,10.73472,2021-05-06,5,2021
3995437693,52.38661,10.51637,2021-05-30,5,2021
5013851371,52.52964,10.24663,2021-05-24,5,2021
5014131030,52.30568,10.61666,2021-05-14,5,2021
5017643665,52.27858,10.57455,2021-05-19,5,2021
5867808987,52.41227,10.65887,2021-05-17,5,2021
3307180561,52.46107,10.9265,2021-06-08,6,2021
3307355629,52.25005,10.49103,2021-06-15,6,2021
3307531548,52.25055,10.4937,2021-06-15,6,2021
3314233030,52.27883,10.60208,2021-06-20,6,2021
3320871901,52.1981,10.76284,2021-06-26,6,2021
3320902869,52.19799,10.76195,2021-06-26,6,2021
3325833525,52.28234,10.47168,2021-06-27,6,2021
5012749063,52.30568,10.61666,2021-06-03,6,2021
5016486852,52.2736,10.45705,2021-06-27,6,2021
5018056453,52.30568,10.61666,2021-06-05,6,2021
5023728792,52.44126,10.47014,2021-06-01,6,2021
5141732259,52.27092,10.57735,2021-06-06,6,2021
5216221340,52.20241,10.75812,2021-06-26,6,2021
3327672268,52.27145,10.48037,2021-07-12,7,2021
3328098539,52.27288,10.57702,2021-07-14,7,2021
3330621813,52.26524,10.53516,2021-07-17,7,2021
3330781965,52.3137,10.61171,2021-07-17,7,2021
3333139739,52.32238,10.44602,2021-07-23,7,2021
3333258952,52.32172,10.42382,2021-07-23,7,2021
3333322562,52.24404,10.4681,2021-07-15,7,2021
3723920616,52.16847,10.85294,2021-07-22,7,2021
3995622502,52.3393,10.19299,2021-07-25,7,2021
4080515406,52.26891,10.55758,2021-07-23,7,2021
4420856376,52.27071,10.48688,2021-07-25,7,2021
4855287421,52.25071,10.49396,2021-07-14,7,2021
5012825339,52.44126,10.47014,2021-07-23,7,2021
5016560593,52.34373,10.71587,2021-07-14,7,2021
5018089507,52.26196,10.59786,2021-07-18,7,2021
5021102431,52.2878,10.51378,2021-07-05,7,2021
5086871979,52.25075,10.49204,2021-07-19,7,2021
3335078296,52.44504,10.80596,2021-08-03,8,2021
3335264302,52.27071,10.48688,2021-08-03,8,2021
3337582898,52.07122,10.38744,2021-08-11,8,2021
3338007106,52.06575,10.38827,2021-08-11,8,2021
3338134257,52.06745,10.38813,2021-08-11,8,2021
3343783676,52.09362,10.34327,2021-08-15,8,2021
3344142805,52.25036,10.49266,2021-08-24,8,2021
3355379488,52.27708,10.45674,2021-08-31,8,2021
3723873859,52.28175,10.77393,2021-08-29,8,2021
3822719431,52.28261,10.77857,2021-08-29,8,2021
3826257524,52.29662,10.61623,2021-08-20,8,2021
3860323634,52.27287,10.58127,2021-08-13,8,2021
3996165409,52.28259,10.78208,2021-08-09,8,2021
3996184308,52.11286,10.20603,2021-08-03,8,2021
3997176165,52.51245,10.5693,2021-08-23,8,2021
5013930497,52.29521,10.61711,2021-08-20,8,2021
5016978164,52.41415,10.93761,2021-08-26,8,2021
5017180351,52.09299,10.1274,2021-08-01,8,2021
5018180623,52.53804,10.24386,2021-08-30,8,2021
5018284809,52.26196,10.59786,2021-08-31,8,2021
5018347278,52.32359,10.70701,2021-08-29,8,2021
5018580391,52.44126,10.47014,2021-08-11,8,2021
5018916921,52.29521,10.61711,2021-08-31,8,2021
5023044576,52.58172,10.18364,2021-08-31,8,2021
5024437494,52.42329,10.94317,2021-08-26,8,2021
5024995403,52.44126,10.47014,2021-08-26,8,2021
5025528685,52.59012,10.14012,2021-08-07,8,2021
5086868038,52.27533,10.4598,2021-08-31,8,2021
6423782669,52.35152,10.50708,2021-08-31,8,2021
6423788687,52.38327,10.52983,2021-08-31,8,2021
3355272912,52.71533,10.47261,2021-09-04,9,2021
3355322961,52.71521,10.4699,2021-09-04,9,2021
3355337886,52.71566,10.47236,2021-09-04,9,2021
3355567936,52.71708,10.47298,2021-09-04,9,2021
3355599969,52.71623,10.48161,2021-09-04,9,2021
3355619581,52.32943,10.41677,2021-09-01,9,2021
3355702010,52.2669,10.5344,2021-09-05,9,2021
3355730513,52.33002,10.4176,2021-09-01,9,2021
3355777076,52.26555,10.53567,2021-09-05,9,2021
3355786436,52.53425,10.62498,2021-09-07,9,2021
3383835279,52.45141,10.59281,2021-09-10,9,2021
3383987624,52.27603,10.57683,2021-09-12,9,2021
3384039405,52.50491,10.70283,2021-09-11,9,2021
3384044702,52.45169,10.81181,2021-09-21,9,2021
3384118813,52.26802,10.50713,2021-09-21,9,2021
3384315520,52.50688,10.70027,2021-09-11,9,2021
3384322669,52.27271,10.58118,2021-09-12,9,2021
3384446589,52.25646,10.59586,2021-09-19,9,2021
3384459589,52.2563,10.59836,2021-09-19,9,2021
3384502441,52.27243,10.45028,2021-09-26,9,2021
3384556395,52.27563,10.46253,2021-09-27,9,2021
3384897867,52.57652,10.66034,2021-09-30,9,2021
3384951964,52.21417,10.50942,2021-09-14,9,2021
3384952072,52.44676,10.80819,2021-09-15,9,2021
3384968611,52.27269,10.5911,2021-09-12,9,2021
3384980933,52.21432,10.51052,2021-09-14,9,2021
3385044410,52.23001,10.79069,2021-09-17,9,2021
3385082889,52.31984,10.41724,2021-09-13,9,2021
3385195267,52.23148,10.80077,2021-09-17,9,2021
3398746834,52.27664,10.45877,2021-09-14,9,2021
3407987603,52.29487,10.58092,2021-09-20,9,2021
3723338459,52.17382,10.86008,2021-09-02,9,2021
3723341209,52.17325,10.85793,2021-09-02,9,2021
3723784315,52.17036,10.85612,2021-09-04,9,2021
3731705197,52.28209,10.77546,2021-09-23,9,2021
3731835472,52.17215,10.85624,2021-09-04,9,2021
3732470051,52.16956,10.85263,2021-09-21,9,2021
3732694752,52.17123,10.85652,2021-09-02,9,2021
3733403433,52.1744,10.86133,2021-09-02,9,2021
3743013453,52.57957,10.18095,2021-09-18,9,2021
3823000338,52.17099,10.85646,2021-09-04,9,2021
3827188357,52.17129,10.85648,2021-09-02,9,2021
3858220844,52.2759,10.41306,2021-09-26,9,2021
3872887482,52.27092,10.54209,2021-09-12,9,2021
3915278361,52.84988,10.65387,2021-09-04,9,2021
3947659485,52.71383,10.47245,2021-09-04,9,2021
3995539412,52.28155,10.77566,2021-09-23,9,2021
3995822496,52.39292,10.52328,2021-09-01,9,2021
3995897603,52.40776,10.49804,2021-09-14,9,2021
3996104294,52.40329,10.46658,2021-09-14,9,2021
3996183616,52.09593,10.13168,2021-09-25,9,2021
3996272801,52.39291,10.52358,2021-09-01,9,2021
3996273548,52.47384,10.22967,2021-09-18,9,2021
3996282164,52.26875,10.59768,2021-09-23,9,2021
3996685466,52.39459,10.52369,2021-09-01,9,2021
3996770013,52.17216,10.85611,2021-09-21,9,2021
3996839332,52.41627,10.45361,2021-09-04,9,2021
3997125798,52.81171,10.25957,2021-09-12,9,2021
4416694394,52.25614,10.59656,2021-09-19,9,2021
4525049616,52.27355,10.44814,2021-09-30,9,2021
4528132560,52.10071,10.35407,2021-09-18,9,2021
4606570860,52.71534,10.48141,2021-09-04,9,2021
4606571499,52.3139,10.47182,2021-09-05,9,2021
4855271594,52.41191,10.43301,2021-09-19,9,2021
4946261694,52.31184,10.47563,2021-09-05,9,2021
4987682457,52.29236,10.33409,2021-09-08,9,2021
5012514433,52.53001,10.23067,2021-09-12,9,2021
5013187570,52.52454,10.12596,2021-09-19,9,2021
5013269720,52.77644,10.26827,2021-09-12,9,2021
5014316219,52.44126,10.47014,2021-09-23,9,2021
5014684577,52.52454,10.12596,2021-09-25,9,2021
5014773206,52.58172,10.18364,2021-09-14,9,2021
5014996801,52.53795,10.15137,2021-09-20,9,2021
5015706921,52.59007,10.85015,2021-09-12,9,2021
5015819023,52.64144,10.25887,2021-09-10,9,2021
5016478369,52.53795,10.15137,2021-09-11,9,2021
5016756994,52.2878,10.51378,2021-09-16,9,2021
5017335304,52.45643,10.35354,2021-09-14,9,2021
5017737367,52.52454,10.12596,2021-09-26,9,2021
5019717932,52.44126,10.47014,2021-09-24,9,2021
5020480156,52.53622,10.24901,2021-09-25,9,2021
5020556168,52.53795,10.15137,2021-09-09,9,2021
5020772255,52.53795,10.15137,2021-09-12,9,2021
5024275979,52.19173,10.86231,2021-09-05,9,2021
5024521764,52.32359,10.70701,2021-09-12,9,2021
5025691455,52.53804,10.24386,2021-09-19,9,2021
5025796326,52.53795,10.15137,2021-09-30,9,2021
5025974188,52.52454,10.12596,2021-09-11,9,2021
5026785104,52.44126,10.47014,2021-09-25,9,2021
5027784965,52.53001,10.23067,2021-09-19,9,2021
5027847707,52.53622,10.24901,2021-09-12,9,2021
5086871063,52.27246,10.59059,2021-09-12,9,2021
5086910016,52.28092,10.47171,2021-09-03,9,2021
6410684494,52.27067,10.57984,2021-09-20,9,2021
6411430305,52.05014,10.1782,2021-09-13,9,2021
6423827338,52.07422,10.37563,2021-09-28,9,2021
6423898549,52.4003,10.51641,2021-09-13,9,2021
6424184665,52.40039,10.5197,2021-09-13,9,2021
6424417540,52.40019,10.51707,2021-09-13,9,2021
3384777450,52.79527,10.86738,2021-10-04,10,2021
3385193578,52.45062,10.81728,2021-10-05,10,2021
3391314860,52.30807,10.47768,2021-10-10,10,2021
3391544706,52.13834,10.63872,2021-10-08,10,2021
3391657939,52.79553,10.86112,2021-10-11,10,2021
3391822342,52.26876,10.59899,2021-10-14,10,2021
3398731115,52.27276,10.57862,2021-10-16,10,2021
3398734009,52.26209,10.46231,2021-10-15,10,2021
3398893633,52.27704,10.45656,2021-10-20,10,2021
3399106426,52.27859,10.4606,2021-10-28,10,2021
3399167035,52.27,10.59757,2021-10-15,10,2021
3399264082,52.30892,10.47743,2021-10-24,10,2021
3399329546,52.28032,10.47433,2021-10-20,10,2021
3399340998,52.30867,10.47794,2021-10-24,10,2021
3399348626,52.27967,10.47074,2021-10-20,10,2021
3399348699,52.28684,10.48168,2021-10-20,10,2021
3399380367,52.32451,10.42161,2021-10-18,10,2021
3399392348,52.26216,10.46496,2021-10-27,10,2021
3455660660,52.1363,10.51767,2021-10-23,10,2021
3455859271,52.27999,10.47308,2021-10-20,10,2021
3469036422,52.26564,10.59756,2021-10-30,10,2021
3731938662,52.28198,10.78321,2021-10-05,10,2021
3759088738,52.28341,10.47486,2021-10-20,10,2021
3823390451,52.17438,10.86114,2021-10-09,10,2021
3915499455,52.5147,10.69876,2021-10-16,10,2021
3915734479,52.5139,10.7049,2021-10-16,10,2021
3995092690,52.32444,10.42124,2021-10-18,10,2021
3995148164,52.40755,10.5642,2021-10-12,10,2021
3995187653,52.54406,10.56944,2021-10-17,10,2021
3995460285,52.39207,10.5181,2021-10-26,10,2021
3995770854,52.49336,10.56412,2021-10-24,10,2021
3996331617,52.47118,10.43351,2021-10-03,10,2021
3996682826,52.24123,10.75812,2021-10-11,10,2021
3996762465,52.17069,10.8513,2021-10-13,10,2021
3997059648,52.54952,10.49044,2021-10-10,10,2021
4022312438,52.26552,10.53558,2021-10-24,10,2021
4606529713,52.26766,10.60468,2021-10-15,10,2021
4987583964,52.62404,10.14128,2021-10-20,10,2021
5012596923,52.56224,10.1951,2021-10-09,10,2021
5012944808,52.52454,10.12596,2021-10-24,10,2021
5013041721,52.56224,10.1951,2021-10-18,10,2021
5013345430,52.59106,10.16119,2021-10-11,10,2021
5013388390,52.77644,10.26827,2021-10-16,10,2021
5013455052,52.37412,10.82168,2021-10-11,10,2021
5013728239,52.31936,10.43922,2021-10-16,10,2021
5014243123,52.31936,10.43922,2021-10-07,10,2021
5014502628,52.58205,10.16867,2021-10-10,10,2021
5014886982,52.54708,10.15185,2021-10-27,10,2021
5014970118,52.56224,10.1951,2021-10-17,10,2021
5015043417,52.77644,10.26827,2021-10-09,10,2021
5015096407,52.17184,10.82425,2021-10-24,10,2021
5015880969,52.54708,10.15185,2021-10-24,10,2021
5016317271,52.54708,10.15185,2021-10-25,10,2021
5016333618,52.2878,10.51378,2021-10-12,10,2021
5017378473,52.54047,10.12108,2021-10-25,10,2021
5018316471,52.33257,10.70834,2021-10-02,10,2021
5019957146,52.33826,10.71923,2021-10-24,10,2021
5020768258,52.30861,10.56979,2021-10-23,10,2021
5021284143,52.54708,10.15185,2021-10-20,10,2021
5021857858,52.37185,10.82378,2021-10-11,10,2021
5022210352,52.54359,10.23418,2021-10-30,10,2021
5022830377,52.54359,10.23418,2021-10-29,10,2021
5023188842,52.05015,10.17814,2021-10-28,10,2021
5023721504,52.56224,10.1951,2021-10-24,10,2021
5023828811,52.77644,10.26827,2021-10-10,10,2021
5024820447,52.59106,10.16119,2021-10-10,10,2021
5026481401,52.53804,10.24386,2021-10-09,10,2021
5026492285,52.53795,10.15137,2021-10-19,10,2021
5027271729,52.53804,10.24386,2021-10-30,10,2021
5028491562,52.53622,10.24901,2021-10-10,10,2021
5108077536,52.12758,10.51343,2021-10-23,10,2021
5215138413,52.11752,10.14502,2021-10-23,10,2021
5837760321,52.22006,11.04081,2021-10-30,10,2021
5867779532,52.38417,10.71512,2021-10-29,10,2021
5868426196,52.38361,10.71632,2021-10-06,10,2021
6179472397,52.12751,10.50871,2021-10-23,10,2021
6424631447,52.48963,10.56073,2021-10-24,10,2021
3408010086,52.28093,10.47108,2021-11-02,11,2021
3408041104,52.2828,10.47526,2021-11-02,11,2021
3408075165,52.25811,10.46077,2021-11-03,11,2021
3415373210,52.28172,10.4725,2021-11-08,11,2021
3415431090,52.30021,10.35601,2021-11-10,11,2021
3415448205,52.23309,10.51551,2021-11-13,11,2021
3415465185,52.3024,10.35531,2021-11-10,11,2021
3415510271,52.28299,10.47392,2021-11-18,11,2021
3415525670,52.24806,10.46398,2021-11-09,11,2021
3415559832,52.25878,10.52435,2021-11-16,11,2021
3415585882,52.25583,10.45688,2021-11-21,11,2021
3415589693,52.25776,10.46363,2021-11-17,11,2021
3415619416,52.30283,10.58804,2021-11-14,11,2021
3415636226,52.23304,10.51761,2021-11-13,11,2021
3415664872,52.25886,10.45976,2021-11-21,11,2021
3415692786,52.30211,10.35394,2021-11-10,11,2021
3415759321,52.30324,10.58182,2021-11-14,11,2021
3415775973,52.25314,10.52377,2021-11-16,11,2021
3415800568,52.22469,10.51504,2021-11-13,11,2021
3415853543,52.27966,10.47081,2021-11-02,11,2021
3415908510,52.27234,10.57845,2021-11-07,11,2021
3415922360,52.303,10.57969,2021-11-14,11,2021
3416030103,52.25162,10.44704,2021-11-17,11,2021
3416036220,52.28019,10.46439,2021-11-08,11,2021
3416070889,52.2495,10.45839,2021-11-09,11,2021
3416101992,52.23242,10.51549,2021-11-13,11,2021
3416125535,52.25923,10.52174,2021-11-16,11,2021
3416182573,52.27185,10.47443,2021-11-18,11,2021
3416206290,52.30088,10.58863,2021-11-14,11,2021
3416209643,52.28153,10.4608,2021-11-18,11,2021
3416228806,52.23133,10.51546,2021-11-13,11,2021
3455461169,52.26493,10.53415,2021-11-21,11,2021
3456683200,52.2756,10.46276,2021-11-12,11,2021
3456767357,52.2496,10.45934,2021-11-09,11,2021
3456898608,52.27071,10.48688,2021-11-14,11,2021
3456930564,52.29496,10.35863,2021-11-10,11,2021
3456958268,52.09855,10.33791,2021-11-28,11,2021
3723505739,52.17395,10.86143,2021-11-16,11,2021
3724122651,52.28251,10.78505,2021-11-08,11,2021
3733380426,52.27442,10.77002,2021-11-16,11,2021
3759201731,52.28872,10.33558,2021-11-07,11,2021
3947420478,52.28173,10.47225,2021-11-08,11,2021
3996542756,52.48304,10.50143,2021-11-11,11,2021
4430379696,52.28195,10.47276,2021-11-02,11,2021
5012956203,52.3383,10.71742,2021-11-14,11,2021
5013089960,52.38042,10.70981,2021-11-24,11,2021
5014633481,52.27304,10.58116,2021-11-21,11,2021
5015225948,52.5692,10.1215,2021-11-22,11,2021
5015383697,52.11184,10.53811,2021-11-13,11,2021
5016656546,52.07374,10.20031,2021-11-01,11,2021
5017036849,52.32359,10.70701,2021-11-24,11,2021
5017670159,52.07101,10.17177,2021-11-01,11,2021
5018938327,52.33682,10.71819,2021-11-17,11,2021
5018975683,52.52454,10.12596,2021-11-20,11,2021
5020274210,52.0501,10.1784,2021-11-01,11,2021
5020318984,52.07036,10.20021,2021-11-01,11,2021
5020474556,52.44126,10.47014,2021-11-10,11,2021
5020501606,52.05266,10.17419,2021-11-19,11,2021
5022631928,52.37298,10.77089,2021-11-06,11,2021
5023391030,52.08815,10.20766,2021-11-14,11,2021
5023833001,52.07021,10.20081,2021-11-01,11,2021
5026473375,52.37359,10.70701,2021-11-24,11,2021
5867851129,52.38428,10.7253,2021-11-21,11,2021
6130544823,52.26198,10.5886,2021-11-21,11,2021
6131480417,52.25773,10.51988,2021-11-16,11,2021
6179518980,52.29042,10.33437,2021-11-07,11,2021
3455524744,52.27597,10.46382,2021-12-10,12,2021
3455585122,52.32173,10.42571,2021-12-20,12,2021
3455600425,52.28222,10.47377,2021-12-13,12,2021
3455648950,52.27234,10.58901,2021-12-04,12,2021
3455724688,52.0949,10.16155,2021-12-09,12,2021
3455874209,52.28922,10.5877,2021-12-02,12,2021
3455921497,52.29877,10.3474,2021-12-31,12,2021
3456160871,52.2825,10.4731,2021-12-13,12,2021
3456183898,52.29017,10.58794,2021-12-02,12,2021
3456297221,52.30315,10.34801,2021-12-31,12,2021
3456412473,52.25334,10.52162,2021-12-06,12,2021
3456483058,52.30094,10.35968,2021-12-31,12,2021
3456573070,52.09417,10.16179,2021-12-09,12,2021
3456589770,52.28195,10.47184,2021-12-13,12,2021
3456645932,52.27592,10.46335,2021-12-10,12,2021
3456739116,52.29032,10.33456,2021-12-28,12,2021
3456770326,52.32532,10.41656,2021-12-20,12,2021
3456965661,52.28688,10.48212,2021-12-13,12,2021
3457064784,52.286,10.48239,2021-12-13,12,2021
3457074111,52.25997,10.47004,2021-12-05,12,2021
3457084608,52.30466,10.35038,2021-12-31,12,2021
3465967687,52.27581,10.46384,2021-12-31,12,2021
3924994467,52.20395,10.76267,2021-12-11,12,2021
3996734791,52.26851,10.60185,2021-12-20,12,2021
4510061599,52.27372,10.44801,2021-12-23,12,2021
4510221626,52.29196,10.58517,2021-12-02,12,2021
4510271586,52.28294,10.51205,2021-12-23,12,2021
5013269467,52.26196,10.59786,2021-12-19,12,2021
5021064479,52.53795,10.15137,2021-12-09,12,2021
5024114860,52.32836,10.65413,2021-12-15,12,2021
5028453402,52.37676,10.75958,2021-12-08,12,2021
5028472446,52.37644,10.75897,2021-12-08,12,2021
6130805474,52.27071,10.48688,2021-12-17,12,2021
2543083154,52.32469,10.42398,2020-01-01,1,2020
2550008581,52.08921,10.20893,2020-01-05,1,2020
2550010501,52.26109,10.4619,2020-01-04,1,2020
2550025622,52.26004,10.4695,2020-01-04,1,2020
2550065553,52.25901,10.46072,2020-01-04,1,2020
2550126054,52.08765,10.20653,2020-01-05,1,2020
2557747356,52.24339,10.5226,2020-01-10,1,2020
2557784837,52.28108,10.47578,2020-01-12,1,2020
2557787690,52.28138,10.47448,2020-01-12,1,2020
2557816632,52.27905,10.47222,2020-01-16,1,2020
2557817570,52.27715,10.46014,2020-01-16,1,2020
2557817706,52.28155,10.46438,2020-01-16,1,2020
2563480119,52.32382,10.41175,2020-01-01,1,2020
2563487315,52.27961,10.46631,2020-01-16,1,2020
2563503737,52.28268,10.46716,2020-01-18,1,2020
2563503750,52.28152,10.46908,2020-01-18,1,2020
2563503977,52.27954,10.46257,2020-01-18,1,2020
2563517720,52.17328,10.44934,2020-01-19,1,2020
2563518105,52.16996,10.44638,2020-01-19,1,2020
2563518178,52.16991,10.44654,2020-01-19,1,2020
2563555907,52.28597,10.4806,2020-01-22,1,2020
2563556042,52.28216,10.46875,2020-01-22,1,2020
2563556583,52.28085,10.47241,2020-01-22,1,2020
2563653651,52.28695,10.50845,2020-01-30,1,2020
2573834503,52.27979,10.46451,2020-01-25,1,2020
2574071532,52.25998,10.468,2020-01-04,1,2020
2574135651,52.25297,10.52379,2020-01-31,1,2020
2574225526,52.25983,10.46903,2020-01-04,1,2020
2984363348,52.05757,10.3888,2020-01-12,1,2020
2984405353,52.17141,10.44624,2020-01-19,1,2020
2984417355,52.17232,10.44601,2020-01-19,1,2020
2984491349,52.17271,10.447,2020-01-19,1,2020
2984494353,52.17334,10.44829,2020-01-19,1,2020
2984515358,52.17385,10.44819,2020-01-19,1,2020
2984515359,52.10831,10.38102,2020-01-20,1,2020
2984524354,52.05918,10.37265,2020-01-12,1,2020
2984528345,52.17004,10.45032,2020-01-19,1,2020
2984549340,52.17208,10.44915,2020-01-19,1,2020
4510045379,52.28869,10.50065,2020-01-27,1,2020
5013625687,52.26196,10.59786,2020-01-01,1,2020
5015986166,52.53795,10.15137,2020-01-28,1,2020
5017636238,52.27304,10.58116,2020-01-11,1,2020
5019959401,52.24535,10.46727,2020-01-18,1,2020
5024122608,52.47174,10.23646,2020-01-07,1,2020
5027816241,52.25739,10.56022,2020-01-25,1,2020
5028253716,52.53795,10.15137,2020-01-29,1,2020
2573921191,52.2534,10.44358,2020-02-05,2,2020
2573925156,52.25301,10.4461,2020-02-05,2,2020
2573927173,52.25493,10.45096,2020-02-05,2,2020
2573931443,52.27219,10.59533,2020-02-09,2,2020
2573998049,52.25637,10.53497,2020-02-04,2,2020
2574028488,52.27251,10.58111,2020-02-09,2,2020
2574097031,52.27116,10.48125,2020-02-14,2,2020
2574194200,52.25707,10.45367,2020-02-05,2,2020
2574257081,52.28503,10.47765,2020-02-14,2,2020
2576254503,52.27752,10.4536,2020-02-27,2,2020
2576285802,52.06369,10.51165,2020-02-29,2,2020
2576308806,52.06336,10.51191,2020-02-29,2,2020
2576390297,52.27536,10.43677,2020-02-27,2,2020
2984369352,52.45649,10.88409,2020-02-06,2,2020
2984375357,52.10695,10.355,2020-02-08,2,2020
2984413350,52.27236,10.59825,2020-02-29,2,2020
2984530360,52.10333,10.34555,2020-02-08,2,2020
5013026028,52.3323,10.7064,2020-02-09,2,2020
5014712444,52.4787,10.1433,2020-02-28,2,2020
5014971858,52.58205,10.16867,2020-02-24,2,2020
5019677106,52.57511,10.3407,2020-02-09,2,2020
5020116476,52.4787,10.1433,2020-02-29,2,2020
5020225468,52.26196,10.59786,2020-02-29,2,2020
5020676935,52.57315,10.24969,2020-02-25,2,2020
5021736210,52.55016,10.14982,2020-02-14,2,2020
5022326454,52.33321,10.7092,2020-02-09,2,2020
5025774646,52.53795,10.15137,2020-02-10,2,2020
5028509108,52.53795,10.15137,2020-02-12,2,2020
2579367408,52.27542,10.46434,2020-03-09,3,2020
2580133430,52.26702,10.60682,2020-03-15,3,2020
2580140436,52.27307,10.59827,2020-03-15,3,2020
2580251498,52.26406,10.46799,2020-03-14,3,2020
2596046516,52.0832,10.87845,2020-03-22,3,2020
2596067366,52.27602,10.57747,2020-03-21,3,2020
2596123053,52.46558,10.47904,2020-03-26,3,2020
2596135121,52.47393,10.48108,2020-03-26,3,2020
2596188917,52.44736,10.46078,2020-03-24,3,2020
2596287844,52.44687,10.46243,2020-03-24,3,2020
2596334596,52.25671,11.04126,2020-03-28,3,2020
4525068537,52.27725,10.45735,2020-03-07,3,2020
5012717029,52.47592,10.3444,2020-03-14,3,2020
5016816000,52.32997,10.71524,2020-03-21,3,2020
5017618962,52.53795,10.15137,2020-03-09,3,2020
5017926447,52.55016,10.14982,2020-03-03,3,2020
5018451497,52.32536,10.53693,2020-03-28,3,2020
5018661657,52.54359,10.23418,2020-03-21,3,2020
5018921172,52.79036,10.12759,2020-03-28,3,2020
5019786810,52.77644,10.26827,2020-03-18,3,2020
5020404161,52.55954,10.2126,2020-03-15,3,2020
5022069956,52.58172,10.18364,2020-03-11,3,2020
5022435525,52.80241,10.1457,2020-03-18,3,2020
5023463228,52.44184,10.79627,2020-03-01,3,2020
5024721253,52.2708,10.68659,2020-03-15,3,2020
5028429174,52.28178,10.76849,2020-03-22,3,2020
5028432613,52.58205,10.16867,2020-03-02,3,2020
6130111512,52.2595,10.46988,2020-03-08,3,2020
2596409180,52.27016,10.59542,2020-04-01,4,2020
2597925957,52.52572,10.93913,2020-04-08,4,2020
2597937705,52.27071,10.48688,2020-04-07,4,2020
2597942961,52.53259,10.937,2020-04-08,4,2020
2597955915,52.52475,10.93956,2020-04-08,4,2020
2603304436,52.70868,10.36008,2020-04-12,4,2020
2609156608,52.26761,10.60267,2020-04-01,4,2020
2609293204,52.32263,10.45059,2020-04-22,4,2020
2611311540,52.41981,10.32839,2020-04-30,4,2020
2611424704,52.28744,10.81052,2020-04-26,4,2020
2984356356,52.1917,10.97322,2020-04-08,4,2020
2984415349,52.52483,10.93946,2020-04-06,4,2020
2984431369,52.08924,10.44644,2020-04-27,4,2020
2984543351,52.20908,10.81654,2020-04-08,4,2020
5013751924,52.52454,10.12596,2020-04-10,4,2020
5020447254,52.77644,10.26827,2020-04-06,4,2020
5023801641,52.51909,10.13846,2020-04-10,4,2020
5028262537,52.30673,10.68668,2020-04-11,4,2020
5920090705,52.10769,10.37813,2020-04-07,4,2020
2619885975,52.29617,10.54926,2020-05-02,5,2020
2620119946,52.29081,10.84403,2020-05-03,5,2020
2620126345,52.2691,10.9028,2020-05-03,5,2020
2626629771,52.28339,10.46983,2020-05-19,5,2020
2634229862,52.44822,10.45599,2020-05-22,5,2020
2984370359,52.26949,10.89731,2020-05-03,5,2020
3723601798,52.26963,10.72381,2020-05-23,5,2020
5017839167,52.37359,10.79033,2020-05-16,5,2020
5021412369,52.29487,10.63903,2020-05-16,5,2020
2641293858,52.44529,10.40552,2020-06-06,6,2020
2641556386,52.57223,10.67471,2020-06-09,6,2020
2641624530,52.26767,10.57691,2020-06-08,6,2020
2814003498,52.10805,10.38604,2020-06-28,6,2020
2814072596,52.10723,10.38277,2020-06-28,6,2020
2984515396,52.26545,10.53303,2020-06-08,6,2020
2984517380,52.21786,10.42255,2020-06-06,6,2020
2992704438,52.11697,10.3808,2020-06-10,6,2020
3925456369,52.20876,10.33934,2020-06-25,6,2020
5016321738,52.47416,10.34704,2020-06-07,6,2020
5019017047,52.68054,10.53656,2020-06-16,6,2020
5020584057,52.52454,10.12596,2020-06-16,6,2020
5028529357,52.68338,10.12253,2020-06-02,6,2020
2814161395,52.26414,10.55327,2020-07-04,7,2020
2823150988,52.09195,10.3583,2020-07-19,7,2020
2850623758,52.26414,10.55326,2020-07-11,7,2020
2984447401,52.10737,10.37362,2020-07-26,7,2020
2984461406,52.09136,10.35919,2020-07-19,7,2020
2984544417,52.10642,10.37485,2020-07-26,7,2020
2984558412,52.25035,10.49394,2020-07-16,7,2020
3328041357,52.10524,10.40608,2020-07-04,7,2020
4018591366,52.26563,10.53583,2020-07-05,7,2020
5013234902,52.26196,10.59786,2020-07-18,7,2020
5013243851,52.61272,10.13942,2020-07-30,7,2020
5013692774,52.58172,10.18364,2020-07-23,7,2020
5015185328,52.33054,10.71752,2020-07-28,7,2020
5017740680,52.33861,10.71658,2020-07-29,7,2020
5019019702,52.29639,10.71166,2020-07-05,7,2020
5020255320,52.28807,10.81041,2020-07-30,7,2020
5027103937,52.28906,10.80605,2020-07-30,7,2020
5932755799,52.8022,10.10118,2020-07-11,7,2020
6411327794,52.4435,10.53189,2020-07-28,7,2020
2850714413,52.26403,10.55304,2020-08-12,8,2020
2850759178,52.27724,10.45515,2020-08-17,8,2020
2850814435,52.28828,10.48114,2020-08-19,8,2020
2856551299,52.44871,10.45368,2020-08-25,8,2020
2984468447,52.10642,10.32437,2020-08-19,8,2020
2984531433,52.10444,10.38847,2020-08-03,8,2020
4901850008,52.65845,10.95553,2020-08-20,8,2020
5014731586,52.58172,10.18364,2020-08-22,8,2020
5016175745,52.28427,10.80624,2020-08-23,8,2020
5018021246,52.44126,10.47014,2020-08-04,8,2020
5020211154,52.38611,10.72478,2020-08-06,8,2020
5022224047,52.2884,10.80991,2020-08-23,8,2020
5215764318,52.19355,10.49262,2020-08-30,8,2020
5217090318,52.1924,10.49489,2020-08-30,8,2020
5217249325,52.26154,10.46216,2020-08-02,8,2020
2862372602,52.46965,10.51396,2020-09-04,9,2020
2862484607,52.46969,10.51516,2020-09-04,9,2020
2862642314,52.27699,10.4583,2020-09-09,9,2020
2864668732,52.63959,10.57398,2020-09-17,9,2020
2868127008,52.63741,10.58068,2020-09-17,9,2020
2868189656,52.27886,10.4265,2020-09-19,9,2020
2868199384,52.30825,10.58393,2020-09-21,9,2020
2873759716,52.26489,10.46707,2020-09-25,9,2020
2873831058,52.28198,10.46832,2020-09-26,9,2020
2873892616,52.26438,10.44567,2020-09-22,9,2020
2882942979,52.27022,10.57602,2020-09-29,9,2020
2882950939,52.27242,10.57828,2020-09-28,9,2020
2901689516,52.26116,10.46152,2020-09-07,9,2020
3070933308,52.24194,10.71216,2020-09-20,9,2020
3383963537,52.26973,10.48157,2020-09-09,9,2020
5013461218,52.58551,10.14732,2020-09-19,9,2020
5014980125,52.58569,10.13669,2020-09-19,9,2020
5015440518,52.22361,10.70701,2020-09-20,9,2020
5015655920,52.44126,10.47014,2020-09-06,9,2020
5015672084,52.77644,10.26827,2020-09-14,9,2020
5015836612,52.15363,10.62281,2020-09-12,9,2020
5016223005,52.44126,10.47014,2020-09-17,9,2020
5017345709,52.56224,10.1951,2020-09-21,9,2020
5017751878,52.5692,10.1215,2020-09-09,9,2020
5020520976,52.5564,10.10454,2020-09-30,9,2020
5021273814,52.26196,10.59786,2020-09-29,9,2020
5022906514,52.44126,10.47014,2020-09-10,9,2020
5026984330,52.77644,10.26827,2020-09-23,9,2020
5027554703,52.58205,10.16867,2020-09-12,9,2020
5027635141,52.21098,10.7702,2020-09-12,9,2020
5027929916,52.58172,10.18364,2020-09-15,9,2020
5028269877,52.53795,10.15137,2020-09-28,9,2020
5028356012,52.54708,10.15185,2020-09-01,9,2020
5217381330,52.25003,10.49462,2020-09-01,9,2020
2883013133,52.27022,10.57601,2020-10-04,10,2020
2883065360,52.32197,10.42709,2020-10-05,10,2020
2883095557,52.32258,10.4368,2020-10-05,10,2020
2883209377,52.3232,10.44435,2020-10-05,10,2020
2898253244,52.26133,10.46452,2020-10-15,10,2020
2898257870,52.19682,10.74984,2020-10-11,10,2020
2898395693,52.25066,10.44736,2020-10-06,10,2020
2898479875,52.12092,10.28682,2020-10-11,10,2020
2901557762,52.61203,10.14541,2020-10-16,10,2020
2901577747,52.79853,10.10812,2020-10-16,10,2020
2901578284,52.24752,10.45218,2020-10-22,10,2020
2901598204,52.21917,11.0225,2020-10-21,10,2020
2901800783,52.7445,10.13211,2020-10-16,10,2020
2901881311,52.2622,10.46525,2020-10-22,10,2020
2901924303,52.25728,10.45548,2020-10-22,10,2020
2963744818,52.25657,10.59867,2020-10-25,10,2020
2963773803,52.25606,10.59853,2020-10-25,10,2020
2963791935,52.2621,10.46794,2020-10-26,10,2020
2963815123,52.28051,10.58435,2020-10-28,10,2020
2963840807,52.25794,10.59426,2020-10-25,10,2020
2963842898,52.25875,10.469,2020-10-26,10,2020
2963951150,52.28003,10.59133,2020-10-28,10,2020
2980807547,52.26486,10.60215,2020-10-25,10,2020
2980835565,52.11301,10.33437,2020-10-25,10,2020
2980856526,52.12036,10.28634,2020-10-11,10,2020
2981063513,52.12113,10.28626,2020-10-11,10,2020
2984359491,52.1147,10.32094,2020-10-24,10,2020
2984362522,52.2511,10.49276,2020-10-26,10,2020
2984372521,52.11337,10.32494,2020-10-24,10,2020
2984387530,52.11332,10.33363,2020-10-24,10,2020
2984399533,52.07927,10.50811,2020-10-31,10,2020
2984434500,52.11838,10.30656,2020-10-24,10,2020
2984444524,52.26698,10.55001,2020-10-25,10,2020
2984447497,52.24874,10.46019,2020-10-22,10,2020
2984452509,52.29305,10.33555,2020-10-17,10,2020
2984454539,52.07999,10.50385,2020-10-31,10,2020
2984490502,52.11791,10.30205,2020-10-24,10,2020
2984493515,52.11608,10.31035,2020-10-24,10,2020
2984519530,52.2513,10.49349,2020-10-27,10,2020
2984525494,52.11132,10.3382,2020-10-24,10,2020
2984534488,52.29842,10.34096,2020-10-17,10,2020
2984572029,52.26947,10.50421,2020-10-20,10,2020
2988572759,52.11367,10.33137,2020-10-24,10,2020
2992814523,52.26581,10.4759,2020-10-19,10,2020
3061581473,52.19998,10.74697,2020-10-11,10,2020
3061589474,52.20278,10.75793,2020-10-11,10,2020
3061646442,52.26001,10.60413,2020-10-25,10,2020
3061682443,52.19873,10.75103,2020-10-11,10,2020
3061721496,52.26497,10.6064,2020-10-25,10,2020
3384510354,52.10284,10.32291,2020-10-03,10,2020
3391375372,52.25883,10.47911,2020-10-19,10,2020
3391520393,52.27211,10.59676,2020-10-28,10,2020
3398916524,52.11462,10.32301,2020-10-24,10,2020
3723820460,52.19982,10.82589,2020-10-09,10,2020
3732751174,52.26324,10.75386,2020-10-25,10,2020
3732889268,52.19973,10.82836,2020-10-09,10,2020
3733023442,52.27975,10.77863,2020-10-27,10,2020
3733340738,52.28134,10.77766,2020-10-26,10,2020
3733418526,52.28274,10.7767,2020-10-07,10,2020
3733426455,52.28281,10.78377,2020-10-29,10,2020
3915354341,52.33672,10.47315,2020-10-19,10,2020
3996612097,52.28447,10.77172,2020-10-07,10,2020
4067159444,52.25369,10.44896,2020-10-09,10,2020
4410763394,52.12598,10.15701,2020-10-25,10,2020
4410785871,52.1279,10.15448,2020-10-25,10,2020
4410803072,52.12638,10.15312,2020-10-25,10,2020
4436256405,52.11555,10.31255,2020-10-24,10,2020
4499640004,52.3,10.6,2020-10-24,10,2020
4506431417,52.11554,10.31249,2020-10-24,10,2020
4535597426,52.29662,10.33572,2020-10-17,10,2020
4596759503,52.11655,10.30837,2020-10-24,10,2020
4599963442,52.43613,10.8284,2020-10-10,10,2020
5007632580,52.25656,10.59822,2020-10-25,10,2020
5007809300,52.2511,10.44707,2020-10-22,10,2020
5012519129,52.44126,10.47014,2020-10-01,10,2020
5012958717,52.32122,10.91707,2020-10-20,10,2020
5013848656,52.44126,10.47014,2020-10-16,10,2020
5014037127,52.77644,10.26827,2020-10-22,10,2020
5014562038,52.31864,10.92778,2020-10-20,10,2020
5015258142,52.58205,10.16867,2020-10-17,10,2020
5016390582,52.61681,10.11309,2020-10-24,10,2020
5016523781,52.51434,10.22954,2020-10-03,10,2020
5016635245,52.51434,10.22954,2020-10-31,10,2020
5016748294,52.34578,10.86544,2020-10-18,10,2020
5017033888,52.55016,10.14982,2020-10-19,10,2020
5017232904,52.5882,10.85145,2020-10-23,10,2020
5017790424,52.58551,10.84761,2020-10-23,10,2020
5017878498,52.3236,10.87365,2020-10-18,10,2020
5018185009,52.32359,10.70701,2020-10-15,10,2020
5018455938,52.44126,10.47014,2020-10-27,10,2020
5018745156,52.34419,10.87298,2020-10-18,10,2020
5018972089,52.58205,10.16867,2020-10-18,10,2020
5019611803,52.50691,10.16702,2020-10-09,10,2020
5019635127,52.44126,10.47014,2020-10-03,10,2020
5020116348,52.26196,10.59786,2020-10-03,10,2020
5020367790,52.24581,10.46749,2020-10-17,10,2020
5020455057,52.58863,10.83737,2020-10-25,10,2020
5021114378,52.48442,10.55258,2020-10-25,10,2020
5021505591,52.58569,10.13669,2020-10-24,10,2020
5021630803,52.44126,10.47014,2020-10-02,10,2020
5022112773,52.54047,10.12108,2020-10-25,10,2020
5022125395,52.55016,10.14982,2020-10-26,10,2020
5023008989,52.55016,10.14982,2020-10-31,10,2020
5023355558,52.54047,10.12108,2020-10-19,10,2020
5024172268,52.52992,10.18615,2020-10-30,10,2020
5024419881,52.55016,10.14982,2020-10-12,10,2020
5024502303,52.07207,10.52864,2020-10-31,10,2020
5024811895,52.57357,10.87365,2020-10-23,10,2020
5025062041,52.44126,10.47014,2020-10-28,10,2020
5025093649,52.2878,10.51378,2020-10-24,10,2020
5025357221,52.5564,10.10454,2020-10-20,10,2020
5025678013,52.37231,10.67719,2020-10-09,10,2020
5025886953,52.55016,10.14982,2020-10-11,10,2020
5026650172,52.53795,10.15137,2020-10-16,10,2020
5027271449,52.31936,10.43922,2020-10-20,10,2020
5027384481,52.52992,10.18615,2020-10-31,10,2020
5028172195,52.33995,10.88343,2020-10-18,10,2020
5932304127,52.11519,10.31335,2020-10-24,10,2020
2980820883,52.10494,10.40567,2020-11-01,11,2020
2980833237,52.21422,10.51128,2020-11-05,11,2020
2980838159,52.25954,10.45956,2020-11-04,11,2020
2980842971,52.27752,10.46221,2020-11-02,11,2020
2981023948,52.27195,10.48016,2020-11-02,11,2020
2984353528,52.10374,10.41134,2020-11-01,11,2020
2984373496,52.1068,10.40589,2020-11-01,11,2020
2984390515,52.10441,10.40691,2020-11-01,11,2020
2984403977,52.28028,10.47226,2020-11-11,11,2020
2984405509,52.10473,10.40913,2020-11-01,11,2020
2984408544,52.10504,10.4055,2020-11-01,11,2020
2984408704,52.13617,10.51755,2020-11-07,11,2020
2984418613,52.10157,10.13232,2020-11-07,11,2020
2984442039,52.28398,10.46829,2020-11-11,11,2020
2984449922,52.28051,10.47619,2020-11-11,11,2020
2984477952,52.2812,10.47079,2020-11-11,11,2020
2984482535,52.10461,10.40652,2020-11-02,11,2020
2984490518,52.10447,10.40569,2020-11-01,11,2020
2984502538,52.10485,10.40677,2020-11-01,11,2020
2984565741,52.2504,10.49403,2020-11-04,11,2020
2984568569,52.10242,10.13116,2020-11-07,11,2020
2988267927,52.27949,10.46423,2020-11-13,11,2020
2988291930,52.25587,10.45247,2020-11-13,11,2020
2988313138,52.10632,10.3861,2020-11-14,11,2020
2988341915,52.25474,10.45099,2020-11-13,11,2020
2988354788,52.10589,10.40745,2020-11-01,11,2020
2988354996,52.27248,10.49359,2020-11-14,11,2020
2988388604,52.26178,10.46742,2020-11-20,11,2020
2988402819,52.25622,10.46914,2020-11-23,11,2020
2988452575,52.07284,10.35811,2020-11-21,11,2020
2988480928,52.25433,10.45034,2020-11-13,11,2020
2988503115,52.27886,10.41592,2020-11-15,11,2020
2988556704,52.26592,10.53585,2020-11-22,11,2020
2988617632,52.15731,10.35592,2020-11-21,11,2020
2988663431,52.28282,10.47259,2020-11-19,11,2020
2988668641,52.07284,10.35679,2020-11-21,11,2020
2988671023,52.27344,10.49157,2020-11-26,11,2020
2988672596,52.07164,10.3623,2020-11-21,11,2020
2988703595,52.07257,10.36018,2020-11-21,11,2020
2992666936,52.27839,10.46168,2020-11-30,11,2020
2992691588,52.28256,10.47478,2020-11-19,11,2020
2992843954,52.15761,10.35521,2020-11-21,11,2020
2992859558,52.26745,10.498,2020-11-26,11,2020
2992859941,52.07203,10.35887,2020-11-21,11,2020
2999031560,52.28105,10.47173,2020-11-19,11,2020
2999191627,52.10989,10.36918,2020-11-23,11,2020
3013891569,52.10461,10.38012,2020-11-14,11,2020
3058869374,52.28075,10.47277,2020-11-11,11,2020
3058950619,52.28272,10.47589,2020-11-19,11,2020
3079580029,52.10477,10.38636,2020-11-14,11,2020
3079602403,52.6281,10.18879,2020-11-13,11,2020
3384741277,52.30206,10.49922,2020-11-15,11,2020
3398738547,52.13636,10.51967,2020-11-07,11,2020
3499523415,52.26196,10.58883,2020-11-28,11,2020
3723392534,52.17111,10.85595,2020-11-25,11,2020
3723619540,52.26332,10.72419,2020-11-21,11,2020
3723910506,52.17174,10.85532,2020-11-27,11,2020
3759189480,52.10588,10.38531,2020-11-14,11,2020
3759866824,52.26379,10.55451,2020-11-14,11,2020
3947177398,52.25717,10.45441,2020-11-13,11,2020
3995229472,52.23618,11.07262,2020-11-09,11,2020
4510043453,52.25023,10.89149,2020-11-17,11,2020
4607046669,52.25303,10.52555,2020-11-25,11,2020
4933111676,52.29123,10.18617,2020-11-25,11,2020
5013412848,52.28167,10.76227,2020-11-01,11,2020
5013768060,52.26196,10.59786,2020-11-07,11,2020
5014385981,52.3285,10.70057,2020-11-28,11,2020
5014446241,52.56224,10.1951,2020-11-15,11,2020
5015262559,52.55774,10.18385,2020-11-04,11,2020
5015781815,52.2736,10.45705,2020-11-01,11,2020
5017839920,52.56224,10.1951,2020-11-19,11,2020
5018444924,52.31936,10.43922,2020-11-01,11,2020
5018699861,52.58002,10.1306,2020-11-07,11,2020
5019135370,52.26196,10.59786,2020-11-14,11,2020
5019227002,52.54708,10.15185,2020-11-04,11,2020
5019392982,52.5692,10.1215,2020-11-06,11,2020
5020709151,52.25107,10.45383,2020-11-15,11,2020
5020943299,52.53795,10.15137,2020-11-02,11,2020
5022847795,52.32359,10.70701,2020-11-28,11,2020
5022953938,52.54708,10.15185,2020-11-09,11,2020
5023408211,52.56224,10.1951,2020-11-01,11,2020
5023616807,52.2736,10.79033,2020-11-01,11,2020
5024898792,52.77644,10.26827,2020-11-03,11,2020
5027998759,52.28483,10.7781,2020-11-01,11,2020
5133115970,52.10478,10.38528,2020-11-14,11,2020
5889879921,52.25433,10.45072,2020-11-13,11,2020
5938584560,52.07178,10.35816,2020-11-21,11,2020
6130034722,52.07175,10.3571,2020-11-21,11,2020
6130772150,52.1028,10.41324,2020-11-01,11,2020
6170939084,52.10772,10.3869,2020-11-27,11,2020
2992682139,52.26891,10.50229,2020-12-03,12,2020
2999135667,52.27719,10.4606,2020-12-04,12,2020
3005076857,52.11172,10.36868,2020-12-13,12,2020
3005079852,52.11856,10.39864,2020-12-13,12,2020
3005089782,52.27386,10.55969,2020-12-12,12,2020
3005114651,52.28122,10.4709,2020-12-11,12,2020
3005129735,52.2743,10.55914,2020-12-12,12,2020
3005150630,52.27121,10.48118,2020-12-11,12,2020
3005210612,52.28038,10.47442,2020-12-11,12,2020
3008384984,52.29055,10.6164,2020-12-21,12,2020
3008417794,52.26874,10.5975,2020-12-18,12,2020
3008423121,52.26186,10.46322,2020-12-24,12,2020
3008430838,52.26864,10.60158,2020-12-17,12,2020
3008470796,52.2876,10.61947,2020-12-19,12,2020
3008483041,52.25992,10.46917,2020-12-23,12,2020
3008494956,52.27911,10.59667,2020-12-22,12,2020
3008539771,52.28536,10.62035,2020-12-19,12,2020
3013866245,52.11876,10.30303,2020-12-31,12,2020
3013892680,52.32341,10.41159,2020-12-25,12,2020
3013900178,52.07287,10.5058,2020-12-30,12,2020
3013905959,52.285,10.62503,2020-12-28,12,2020
3013919718,52.27036,10.56306,2020-12-26,12,2020
3013938261,52.26847,10.48183,2020-12-31,12,2020
3013944016,52.10309,10.39253,2020-12-28,12,2020
3013963157,52.2898,10.58466,2020-12-30,12,2020
3014054249,52.11843,10.30646,2020-12-31,12,2020
3014056963,52.2776,10.43534,2020-12-28,12,2020
3014085171,52.28857,10.58617,2020-12-30,12,2020
3018128605,52.10543,10.39576,2020-12-28,12,2020
3031855167,52.2676,10.60472,2020-12-25,12,2020
3058688614,52.26256,10.60125,2020-12-25,12,2020
3058864645,52.28542,10.77236,2020-12-26,12,2020
3455246903,52.11666,10.37927,2020-12-13,12,2020
3455274897,52.07235,10.51122,2020-12-30,12,2020
4080554349,52.28749,10.61952,2020-12-19,12,2020
4137735395,52.26657,10.60684,2020-12-20,12,2020
4414399626,52.0528,10.21184,2020-12-25,12,2020
4510016444,52.43111,10.65787,2020-12-19,12,2020
4510045448,52.28911,10.58691,2020-12-30,12,2020
4510212423,52.43302,10.66315,2020-12-19,12,2020
4510280439,52.26218,10.46218,2020-12-22,12,2020
4510281441,52.2601,10.45981,2020-12-31,12,2020
4606566394,52.28021,10.46084,2020-12-04,12,2020
4993783232,52.0725,10.50838,2020-12-30,12,2020
5013276265,52.53795,10.15137,2020-12-31,12,2020
5013678770,52.26761,10.57636,2020-12-04,12,2020
5014025216,52.44126,10.47014,2020-12-19,12,2020
5014782307,52.53795,10.15137,2020-12-23,12,2020
5014786126,52.37359,10.70701,2020-12-27,12,2020
5016016644,52.44126,10.47014,2020-12-30,12,2020
5016294035,52.44126,10.47014,2020-12-18,12,2020
5017232428,52.63186,10.35266,2020-12-13,12,2020
5017682747,52.44126,10.47014,2020-12-29,12,2020
5018905081,52.26196,10.59786,2020-12-27,12,2020
5019321529,52.45855,10.17594,2020-12-19,12,2020
5019542611,52.34649,10.72446,2020-12-08,12,2020
5021417881,52.53795,10.15137,2020-12-06,12,2020
5021930920,52.60226,10.10017,2020-12-13,12,2020
5022148088,52.36779,10.71915,2020-12-27,12,2020
5022607553,52.0844,10.52276,2020-12-28,12,2020
5022701360,52.34033,10.71676,2020-12-12,12,2020
5025258008,52.53795,10.15137,2020-12-05,12,2020
5026668214,52.34549,10.72498,2020-12-08,12,2020
5026782577,52.55535,10.12371,2020-12-12,12,2020
5027003290,52.54047,10.12108,2020-12-10,12,2020
5027475162,52.58205,10.16867,2020-12-08,12,2020
5027986206,52.44126,10.47014,2020-12-21,12,2020
5028131524,52.07362,10.54037,2020-12-28,12,2020
5062502975,52.28599,10.62192,2020-12-19,12,2020
5135475397,52.44126,10.47014,2020-12-20,12,2020
5890184453,52.2801,10.62415,2020-12-24,12,2020
1990532307,52.26557,10.53519,2019-01-19,1,2019
1990535065,52.43128,10.72143,2019-01-19,1,2019
2244204822,52.27246,10.58088,2019-01-01,1,2019
5015145940,52.53795,10.15137,2019-01-01,1,2019
5015583968,52.53795,10.15137,2019-01-27,1,2019
5015702724,52.55016,10.14982,2019-01-19,1,2019
5020487113,52.53795,10.15137,2019-01-12,1,2019
5022463251,52.61681,10.11309,2019-01-18,1,2019
5022686655,52.53795,10.15137,2019-01-10,1,2019
5027670643,52.53795,10.15137,2019-01-11,1,2019
5020344319,52.33401,10.24732,2019-02-16,2,2019
5023099967,52.54359,10.23418,2019-02-19,2,2019
5028138209,52.10817,10.38092,2019-02-03,2,2019
5012795265,52.54359,10.23418,2019-03-18,3,2019
5016404359,52.53795,10.15137,2019-03-16,3,2019
5017610019,52.55016,10.14982,2019-03-28,3,2019
5024337259,52.44126,10.47014,2019-04-07,4,2019
5013679913,52.3672,10.33099,2019-05-26,5,2019
5015085350,52.36641,10.32828,2019-05-26,5,2019
5021325711,52.55016,10.14982,2019-05-13,5,2019
6131347791,52.31105,10.53339,2019-05-30,5,2019
5022963318,52.37359,10.20709,2019-07-19,7,2019
2397599002,52.84955,10.54309,2019-08-28,8,2019
2988300383,52.27042,10.58019,2019-08-23,8,2019
2988347390,52.12121,10.28791,2019-08-25,8,2019
2988375380,52.1078,10.40886,2019-08-25,8,2019
2988482387,52.23173,10.51817,2019-08-13,8,2019
2988533382,52.09824,10.39097,2019-08-31,8,2019
2988609382,52.10756,10.40673,2019-08-25,8,2019
3383868398,52.10935,10.3429,2019-08-25,8,2019
4855046890,52.27559,10.57654,2019-08-23,8,2019
5017166668,52.55016,10.14982,2019-08-22,8,2019
5022322043,52.44126,10.47014,2019-08-27,8,2019
5024170392,52.77644,10.26827,2019-08-25,8,2019
5024588759,52.58172,10.18364,2019-08-30,8,2019
5025876416,52.56224,10.1951,2019-08-26,8,2019
5028385823,52.32391,10.4429,2019-08-20,8,2019
2397658263,52.27284,10.58132,2019-09-01,9,2019
2423174582,52.19698,10.74929,2019-09-21,9,2019
2988286388,52.0711,10.38367,2019-09-22,9,2019
2988305386,52.25062,10.49377,2019-09-24,9,2019
2988311388,52.0568,10.38872,2019-09-22,9,2019
2988331398,52.06593,10.38753,2019-09-22,9,2019
2988341389,52.14965,10.32987,2019-09-29,9,2019
2988368406,52.10648,10.37891,2019-09-20,9,2019
2988375395,52.06132,10.38884,2019-09-22,9,2019
2988589385,52.09863,10.42925,2019-09-15,9,2019
3018069372,52.10626,10.37512,2019-09-20,9,2019
3109080340,52.07388,10.38332,2019-09-22,9,2019
4982309379,52.19692,10.75017,2019-09-21,9,2019
5012531191,52.53001,10.23067,2019-09-08,9,2019
5013127073,52.44126,10.47014,2019-09-10,9,2019
5016842035,52.44126,10.47014,2019-09-24,9,2019
5017918736,52.77644,10.26827,2019-09-22,9,2019
5019124031,52.53795,10.15137,2019-09-05,9,2019
5019455714,52.61681,10.11309,2019-09-11,9,2019
5021148439,52.44126,10.47014,2019-09-26,9,2019
5021826569,52.34511,10.72676,2019-09-26,9,2019
5024262064,52.55016,10.14982,2019-09-28,9,2019
2429352154,52.73733,10.46288,2019-10-03,10,2019
2429361845,52.71677,10.47694,2019-10-03,10,2019
2429361991,52.72079,10.46947,2019-10-03,10,2019
2429361993,52.72045,10.47076,2019-10-03,10,2019
2429362003,52.72235,10.47022,2019-10-03,10,2019
2429362593,52.71741,10.48036,2019-10-03,10,2019
2429364096,52.72224,10.47144,2019-10-03,10,2019
2429556470,52.2736,10.60133,2019-10-12,10,2019
2429591034,52.26536,10.60217,2019-10-13,10,2019
2429591058,52.25689,10.59741,2019-10-13,10,2019
2429591230,52.25645,10.59828,2019-10-13,10,2019
2429591251,52.27531,10.55538,2019-10-14,10,2019
2429591604,52.25623,10.59733,2019-10-13,10,2019
2429591636,52.2559,10.59863,2019-10-13,10,2019
2429593929,52.26911,10.51731,2019-10-12,10,2019
2444963908,52.19901,10.75,2019-10-19,10,2019
2444984647,52.19722,10.74857,2019-10-19,10,2019
2444996707,52.26277,10.58639,2019-10-16,10,2019
2444999746,52.19749,10.75074,2019-10-19,10,2019
2445018497,52.19689,10.74997,2019-10-19,10,2019
2445018498,52.19773,10.74967,2019-10-19,10,2019
2445077925,52.19788,10.74853,2019-10-19,10,2019
2445110865,52.1997,10.75109,2019-10-19,10,2019
2447857180,52.20138,10.75537,2019-10-19,10,2019
2451718475,52.25078,10.46279,2019-10-27,10,2019
2456512907,52.265,10.53252,2019-10-27,10,2019
2542910334,52.20032,10.75443,2019-10-19,10,2019
2542910343,52.19989,10.752,2019-10-19,10,2019
2542910365,52.20172,10.7543,2019-10-19,10,2019
2898260350,52.21378,10.75834,2019-10-07,10,2019
2988290412,52.25666,10.59757,2019-10-13,10,2019
2988324408,52.05715,10.3891,2019-10-19,10,2019
2988334396,52.10481,10.38018,2019-10-19,10,2019
2988568400,52.25076,10.49422,2019-10-14,10,2019
2988598417,52.09891,10.42969,2019-10-09,10,2019
3731994709,52.28042,10.7739,2019-10-10,10,2019
3732380775,52.26316,10.75379,2019-10-23,10,2019
3996710813,52.52311,10.10038,2019-10-27,10,2019
4080547319,52.72009,10.47551,2019-10-03,10,2019
4410771368,52.12513,10.15369,2019-10-25,10,2019
4524953372,52.72137,10.46659,2019-10-03,10,2019
4607373358,52.19889,10.75131,2019-10-19,10,2019
5012469886,52.56224,10.1951,2019-10-17,10,2019
5012515538,52.44126,10.47014,2019-10-13,10,2019
5012755268,52.23575,10.65393,2019-10-07,10,2019
5013302642,52.58172,10.18364,2019-10-31,10,2019
5013496060,52.49929,10.35848,2019-10-14,10,2019
5013594720,52.47416,10.34704,2019-10-14,10,2019
5013684214,52.23704,10.65537,2019-10-07,10,2019
5013785389,52.33107,10.69631,2019-10-03,10,2019
5014036753,52.55016,10.14982,2019-10-08,10,2019
5014812438,52.2736,10.54037,2019-10-20,10,2019
5015091039,52.33423,10.24714,2019-10-29,10,2019
5015443944,52.43553,10.83726,2019-10-27,10,2019
5015674292,52.47515,10.16831,2019-10-09,10,2019
5015888614,52.26196,10.59786,2019-10-05,10,2019
5015965103,52.58205,10.16867,2019-10-19,10,2019
5016012260,52.58205,10.16867,2019-10-26,10,2019
5016293352,52.59447,10.28261,2019-10-25,10,2019
5016459441,52.31936,10.43922,2019-10-13,10,2019
5016479192,52.55016,10.14982,2019-10-26,10,2019
5016660506,52.47358,10.20708,2019-10-09,10,2019
5016975066,52.52454,10.12596,2019-10-10,10,2019
5017236537,52.2736,10.79033,2019-10-26,10,2019
5018100205,52.33807,10.73189,2019-10-21,10,2019
5018170704,52.52454,10.12596,2019-10-12,10,2019
5018367672,52.55016,10.14982,2019-10-22,10,2019
5018513218,52.44648,10.61728,2019-10-07,10,2019
5018685899,52.56224,10.1951,2019-10-18,10,2019
5018889336,52.58205,10.16867,2019-10-09,10,2019
5020340934,52.58551,10.14732,2019-10-10,10,2019
5020466561,52.56253,10.10477,2019-10-14,10,2019
5020525070,52.56224,10.1951,2019-10-12,10,2019
5021066123,52.53795,10.15137,2019-10-07,10,2019
5021213222,52.27996,10.58727,2019-10-20,10,2019
5021604027,52.56224,10.1951,2019-10-19,10,2019
5021644446,52.28389,10.88357,2019-10-06,10,2019
5021734252,52.32359,10.70701,2019-10-25,10,2019
5021890467,52.22361,10.62369,2019-10-07,10,2019
5022104937,52.58172,10.18364,2019-10-09,10,2019
5022860785,52.31498,10.66702,2019-10-08,10,2019
5022948030,52.49929,10.35848,2019-10-17,10,2019
5023477627,52.55016,10.14982,2019-10-11,10,2019
5023569847,52.42358,10.87365,2019-10-27,10,2019
5024326849,52.47416,10.34704,2019-10-13,10,2019
5024834513,52.57374,10.16773,2019-10-09,10,2019
5025464011,52.44126,10.47014,2019-10-17,10,2019
5025634908,52.2733,10.57589,2019-10-20,10,2019
5025766391,52.52454,10.12596,2019-10-20,10,2019
5026339162,52.58205,10.16867,2019-10-23,10,2019
5027494756,52.53795,10.15137,2019-10-22,10,2019
5028245876,52.58569,10.13669,2019-10-28,10,2019
5028283372,52.31523,10.66681,2019-10-25,10,2019
6479408733,52.2626,11.049,2019-10-19,10,2019
2451686288,52.26799,10.55741,2019-11-01,11,2019
2451754038,52.25949,10.46419,2019-11-07,11,2019
2456523456,52.28196,10.47108,2019-11-08,11,2019
2456525087,52.28228,10.47049,2019-11-08,11,2019
2456525495,52.2835,10.47016,2019-11-08,11,2019
2456531685,52.27955,10.46606,2019-11-08,11,2019
2460028116,52.28203,10.47043,2019-11-16,11,2019
2460030127,52.27988,10.47311,2019-11-16,11,2019
2460058493,52.28221,10.47201,2019-11-16,11,2019
2460099865,52.28015,10.47483,2019-11-16,11,2019
2460118662,52.26207,10.46787,2019-11-20,11,2019
2460156308,52.25604,10.46915,2019-11-15,11,2019
2465139463,52.25157,10.52546,2019-11-24,11,2019
2465139654,52.28436,10.47721,2019-11-25,11,2019
2465148481,52.24867,10.46538,2019-11-22,11,2019
2465152850,52.28621,10.48081,2019-11-25,11,2019
2465154948,52.25392,10.44958,2019-11-28,11,2019
2465156499,52.27889,10.47131,2019-11-23,11,2019
2465172875,52.24781,10.52765,2019-11-24,11,2019
2465175535,52.28446,10.47462,2019-11-08,11,2019
2465176648,52.25023,10.45607,2019-11-22,11,2019
2465179623,52.25068,10.46385,2019-11-22,11,2019
2465182115,52.26169,10.46368,2019-11-28,11,2019
2465187714,52.24987,10.4536,2019-11-28,11,2019
2465188932,52.24945,10.52708,2019-11-24,11,2019
2465192682,52.28447,10.47443,2019-11-08,11,2019
2465195414,52.28476,10.48134,2019-11-30,11,2019
2465197716,52.2826,10.47049,2019-11-16,11,2019
2465209702,52.28356,10.47144,2019-11-23,11,2019
2465223102,52.24447,10.46716,2019-11-22,11,2019
2465229626,52.25204,10.4628,2019-11-22,11,2019
2465236393,52.25685,10.46394,2019-11-22,11,2019
2465240751,52.28666,10.48143,2019-11-25,11,2019
2465248692,52.28053,10.47081,2019-11-23,11,2019
2465256461,52.25966,10.45994,2019-11-28,11,2019
2465264405,52.28685,10.48174,2019-11-25,11,2019
2465269178,52.25897,10.46009,2019-11-28,11,2019
2465276266,52.28131,10.47173,2019-11-30,11,2019
2465308944,52.28179,10.47105,2019-11-23,11,2019
2465336131,52.2573,10.47028,2019-11-15,11,2019
2465346579,52.26707,10.55011,2019-11-01,11,2019
2465359298,52.27998,10.46448,2019-11-08,11,2019
2542913285,52.28015,10.47158,2019-11-23,11,2019
2542957075,52.28063,10.47124,2019-11-30,11,2019
2542962103,52.2815,10.47275,2019-11-30,11,2019
2576289219,52.26062,10.47235,2019-11-20,11,2019
4855279938,52.82146,10.103,2019-11-22,11,2019
5012884875,52.53795,10.15137,2019-11-22,11,2019
5013763232,52.34369,10.72372,2019-11-24,11,2019
5014464510,52.37359,10.70701,2019-11-04,11,2019
5014602451,52.34005,10.70553,2019-11-03,11,2019
5015711084,52.53795,10.15137,2019-11-23,11,2019
5016512320,52.32359,10.62369,2019-11-01,11,2019
5017125501,52.36867,10.71836,2019-11-04,11,2019
5017302987,52.61681,10.11309,2019-11-17,11,2019
5020365092,52.53795,10.15137,2019-11-21,11,2019
5022915824,52.53795,10.15137,2019-11-16,11,2019
5023146879,52.3391,10.70974,2019-11-03,11,2019
5023352853,52.43184,10.83756,2019-11-17,11,2019
5025006249,52.3208,10.66054,2019-11-10,11,2019
5025593910,52.61681,10.11309,2019-11-14,11,2019
5027409659,52.61681,10.11309,2019-11-13,11,2019
5028104029,52.33972,10.70974,2019-11-03,11,2019
5028439251,52.33978,10.70674,2019-11-03,11,2019
2465178324,52.26723,10.49787,2019-12-03,12,2019
2465281795,52.35733,10.50787,2019-12-01,12,2019
2465283900,52.28492,10.47474,2019-12-04,12,2019
2465302347,52.34457,10.50517,2019-12-01,12,2019
2465369873,52.35043,10.50365,2019-12-01,12,2019
2465377806,52.34802,10.50464,2019-12-01,12,2019
2518022194,52.27757,10.45439,2019-12-12,12,2019
2518024467,52.25721,10.47092,2019-12-06,12,2019
2518039362,52.27802,10.458,2019-12-12,12,2019
2518128133,52.25695,10.46484,2019-12-06,12,2019
2518128559,52.25938,10.47038,2019-12-06,12,2019
2518154112,52.28005,10.46085,2019-12-12,12,2019
2529294953,52.28272,10.46982,2019-12-19,12,2019
2529305967,52.28233,10.46979,2019-12-19,12,2019
2529317679,52.28188,10.47131,2019-12-19,12,2019
2529338817,52.2827,10.472,2019-12-19,12,2019
2529346253,52.25503,10.46559,2019-12-08,12,2019
2540773917,52.28397,10.47209,2019-12-23,12,2019
2540829455,52.27245,10.58086,2019-12-25,12,2019
2540842086,52.27607,10.5775,2019-12-25,12,2019
2540847558,52.28586,10.48388,2019-12-23,12,2019
2540869586,52.27611,10.57746,2019-12-25,12,2019
2540874752,52.28216,10.46957,2019-12-23,12,2019
2540881021,52.28558,10.47987,2019-12-23,12,2019
2540904112,52.27246,10.5785,2019-12-25,12,2019
2542985817,52.25937,10.46903,2019-12-06,12,2019
2542991051,52.26435,10.46631,2019-12-08,12,2019
2543023561,52.22386,10.51297,2019-12-26,12,2019
2543023844,52.22484,10.51366,2019-12-26,12,2019
2543024675,52.30235,10.48332,2019-12-26,12,2019
2543036489,52.28173,10.46057,2019-12-28,12,2019
2543038413,52.28067,10.4647,2019-12-28,12,2019
2543040515,52.28028,10.45758,2019-12-28,12,2019
2543072029,52.28585,10.48063,2019-12-30,12,2019
2543072893,52.28686,10.48183,2019-12-30,12,2019
2543074065,52.28646,10.48157,2019-12-30,12,2019
2550031561,52.27938,10.4719,2019-12-30,12,2019
2557730759,52.22513,10.51323,2019-12-26,12,2019
2557731530,52.26404,10.55983,2019-12-31,12,2019
2984352350,52.22491,10.51341,2019-12-20,12,2019
2984366333,52.22498,10.51356,2019-12-20,12,2019
2984373346,52.10257,10.33399,2019-12-28,12,2019
2984386339,52.10682,10.3253,2019-12-28,12,2019
2984386340,52.109,10.3707,2019-12-29,12,2019
2984409356,52.1041,10.39136,2019-12-27,12,2019
2984428338,52.09882,10.33775,2019-12-28,12,2019
2984434346,52.10432,10.39353,2019-12-27,12,2019
2984443340,52.10691,10.37393,2019-12-29,12,2019
2984457344,52.10354,10.38708,2019-12-27,12,2019
2984482334,52.10809,10.32268,2019-12-28,12,2019
2984486341,52.10422,10.39348,2019-12-27,12,2019
2984490358,52.11038,10.31785,2019-12-28,12,2019
2984509340,52.10562,10.33054,2019-12-28,12,2019
2984512338,52.10399,10.33307,2019-12-28,12,2019
2984513343,52.10373,10.38898,2019-12-27,12,2019
2984523342,52.10469,10.37958,2019-12-29,12,2019
2984525336,52.10414,10.39019,2019-12-27,12,2019
2984538349,52.10363,10.38768,2019-12-27,12,2019
2984539344,52.11894,10.39822,2019-12-29,12,2019
2984543336,52.23113,10.51555,2019-12-20,12,2019
2984557357,52.10456,10.38278,2019-12-27,12,2019
2984561346,52.10434,10.38174,2019-12-27,12,2019
4510023347,52.28086,10.45574,2019-12-12,12,2019
4510301352,52.25516,10.46368,2019-12-06,12,2019
4510306365,52.22892,10.51623,2019-12-26,12,2019
4606560441,52.28439,10.4748,2019-12-04,12,2019
5014295667,52.44126,10.47014,2019-12-28,12,2019
5024786313,52.58172,10.18364,2019-12-25,12,2019
5025857515,52.4506,10.81854,2019-12-01,12,2019
5026655867,52.53795,10.15137,2019-12-20,12,2019
5027573013,52.25683,10.52187,2019-12-21,12,2019
5293119186,52.35148,10.50666,2019-12-01,12,2019
6171226331,52.10387,10.38381,2019-12-27,12,2019
6178481023,52.28244,10.47202,2019-12-04,12,2019
1802791159,52.32326,10.41954,2018-01-08,1,2018
1807286583,52.2694,10.53321,2018-01-30,1,2018
2244338545,52.21599,10.75291,2018-01-14,1,2018
2244338547,52.21074,10.75479,2018-01-14,1,2018
2244338548,52.21247,10.75863,2018-01-14,1,2018
5012821397,52.53795,10.15137,2018-01-04,1,2018
5013504442,52.52454,10.12596,2018-01-23,1,2018
5015053415,52.47416,10.34704,2018-01-26,1,2018
5016125073,52.52454,10.12596,2018-01-05,1,2018
5018679657,52.58205,10.16867,2018-01-21,1,2018
5021950842,52.53795,10.15137,2018-01-01,1,2018
5022061023,52.53795,10.15137,2018-01-22,1,2018
5023159421,52.53795,10.15137,2018-01-19,1,2018
5026067900,52.53795,10.15137,2018-01-05,1,2018
5026198753,52.53795,10.15137,2018-01-31,1,2018
5014420219,52.54921,10.3123,2018-02-06,2,2018
5023486252,52.58205,10.16867,2018-02-23,2,2018
5012673033,52.56224,10.1951,2018-03-10,3,2018
5018529308,52.61681,10.11309,2018-03-24,3,2018
5026748621,52.80241,10.1457,2018-03-11,3,2018
1838035285,52.27316,10.59291,2018-04-08,4,2018
1839231487,52.4069,10.79731,2018-04-21,4,2018
1891287605,52.26777,10.60684,2018-04-08,4,2018
5012545073,52.61681,10.11309,2018-04-18,4,2018
5013944480,52.44126,10.47014,2018-04-07,4,2018
1847508711,52.27113,10.57769,2018-05-13,5,2018
5022814479,52.29318,10.53163,2018-05-14,5,2018
1883502894,52.27226,10.58141,2018-07-11,7,2018
1890090027,52.27242,10.57826,2018-07-30,7,2018
5017023522,52.58172,10.18364,2018-08-06,8,2018
5018523863,52.68338,10.12253,2018-08-15,8,2018
5020053674,52.79036,10.12759,2018-08-19,8,2018
5020976159,52.58172,10.18364,2018-08-08,8,2018
5023895708,52.62457,10.36855,2018-08-22,8,2018
3915461315,52.23852,10.62674,2018-09-02,9,2018
5016119683,52.47013,10.47701,2018-09-26,9,2018
5016696537,52.44126,10.47014,2018-09-19,9,2018
5021395130,52.57374,10.16773,2018-09-28,9,2018
5024902296,52.44126,10.47014,2018-09-27,9,2018
5025417839,52.58172,10.18364,2018-09-09,9,2018
5025493957,52.45855,10.17594,2018-09-30,9,2018
1920805459,52.19745,10.74974,2018-10-06,10,2018
1920806000,52.20622,10.74531,2018-10-06,10,2018
1931500126,52.26495,10.53405,2018-10-14,10,2018
1931500143,52.25482,10.52387,2018-10-14,10,2018
1931500318,52.26448,10.53363,2018-10-14,10,2018
1933544515,52.20485,10.74996,2018-10-06,10,2018
3109310320,52.20408,10.75048,2018-10-06,10,2018
5012466020,52.58172,10.18364,2018-10-21,10,2018
5012630676,52.53001,10.23067,2018-10-28,10,2018
5013018090,52.58205,10.16867,2018-10-31,10,2018
5013380458,52.58205,10.16867,2018-10-27,10,2018
5013862019,52.44126,10.47014,2018-10-15,10,2018
5014372790,52.55016,10.14982,2018-10-25,10,2018
5015665670,52.61681,10.11309,2018-10-10,10,2018
5016192297,52.77644,10.26827,2018-10-14,10,2018
5018475032,52.44126,10.47014,2018-10-19,10,2018
5019475872,52.55016,10.14982,2018-10-16,10,2018
5019918922,52.44126,10.47014,2018-10-22,10,2018
5022456291,52.77644,10.26827,2018-10-13,10,2018
5023396661,52.77644,10.26827,2018-10-18,10,2018
5023416225,52.61681,10.11309,2018-10-12,10,2018
5023961665,52.58172,10.18364,2018-10-07,10,2018
5027782771,52.58205,10.16867,2018-10-28,10,2018
5012861209,52.06953,10.20599,2018-11-17,11,2018
5023031763,52.52454,10.12596,2018-11-14,11,2018
6479178046,52.13929,10.63456,2018-11-07,11,2018
5012676104,52.55016,10.14982,2018-12-13,12,2018
5014927159,52.55016,10.14982,2018-12-31,12,2018
5016682267,52.53795,10.15137,2018-12-10,12,2018
5023171882,52.53795,10.15137,2018-12-25,12,2018
5023420946,52.50691,10.16702,2018-12-10,12,2018
1453369533,52.26968,10.59069,2017-01-21,1,2017
1668795390,52.23075,10.79377,2017-01-06,1,2017
1668795392,52.22656,10.79181,2017-01-06,1,2017
5014931634,52.58205,10.16867,2017-01-01,1,2017
5017877927,52.58172,10.18364,2017-01-06,1,2017
5019220072,52.56224,10.1951,2017-01-29,1,2017
5019468182,52.53795,10.15137,2017-01-11,1,2017
5021782916,52.53795,10.15137,2017-01-14,1,2017
5021884385,52.53795,10.15137,2017-01-07,1,2017
5022029712,52.53795,10.15137,2017-01-13,1,2017
5022173303,52.58205,10.16867,2017-01-25,1,2017
5022306592,52.51507,10.14854,2017-01-22,1,2017
5024514388,52.53795,10.15137,2017-01-22,1,2017
5015837338,52.59447,10.28261,2017-02-26,2,2017
5024755369,52.53795,10.15137,2017-02-01,2,2017
5026357950,52.58205,10.16867,2017-02-12,2,2017
5028594025,52.58205,10.16867,2017-02-11,2,2017
5014147300,52.55016,10.14982,2017-03-01,3,2017
5019637253,52.58172,10.18364,2017-03-16,3,2017
5024541039,52.52454,10.12596,2017-04-21,4,2017
5025434527,52.3236,11.04029,2017-04-04,4,2017
1571171114,52.26521,10.60156,2017-06-21,6,2017
5018693238,52.82206,10.21287,2017-06-06,6,2017
5013156205,52.5564,10.10454,2017-07-03,7,2017
5015501077,52.58172,10.18364,2017-07-30,7,2017
5016224988,52.44126,10.47014,2017-07-18,7,2017
5017521218,52.58172,10.18364,2017-07-21,7,2017
5020641020,52.38253,10.41945,2017-07-20,7,2017
1640055974,52.26307,10.55507,2017-08-26,8,2017
5014032443,52.58172,10.18364,2017-08-20,8,2017
5016353222,52.77644,10.26827,2017-08-02,8,2017
5017401337,52.55016,10.14982,2017-08-22,8,2017
5019724495,52.58172,10.18364,2017-08-26,8,2017
5024785420,52.47368,10.36049,2017-08-23,8,2017
5026587715,52.53795,10.15137,2017-08-04,8,2017
5027210254,52.77644,10.26827,2017-08-03,8,2017
1668878079,52.2002,10.75409,2017-09-30,9,2017
1668878091,52.1968,10.74947,2017-09-30,9,2017
1668878139,52.20195,10.75683,2017-09-30,9,2017
2244337942,52.19704,10.75044,2017-09-30,9,2017
2244337943,52.19984,10.7531,2017-09-30,9,2017
2244337945,52.20091,10.75442,2017-09-30,9,2017
5012475444,52.44126,10.47014,2017-09-23,9,2017
5013088424,52.56224,10.1951,2017-09-22,9,2017
5013265525,52.44126,10.47014,2017-09-17,9,2017
5016007391,52.3236,11.04029,2017-09-19,9,2017
5017587581,52.58172,10.18364,2017-09-01,9,2017
5018484892,52.58172,10.18364,2017-09-09,9,2017
5018877855,52.58172,10.18364,2017-09-16,9,2017
5020936707,52.3236,10.95697,2017-09-27,9,2017
5021750907,52.53795,10.15137,2017-09-30,9,2017
5022148933,52.53795,10.15137,2017-09-07,9,2017
5022397492,52.56224,10.1951,2017-09-15,9,2017
5023942646,52.45285,10.32344,2017-09-14,9,2017
5024038932,52.3236,11.04029,2017-09-25,9,2017
5025248129,52.53795,10.15137,2017-09-16,9,2017
5025987217,52.3236,11.04029,2017-09-28,9,2017
6133522304,52.19963,10.75229,2017-09-30,9,2017
1668897091,52.27238,10.58086,2017-10-01,10,2017
1668897092,52.27325,10.59281,2017-10-01,10,2017
1668897095,52.27157,10.57854,2017-10-01,10,2017
1668897145,52.27264,10.59142,2017-10-01,10,2017
1891359396,52.27284,10.58126,2017-10-01,10,2017
2244337989,52.27275,10.5795,2017-10-01,10,2017
2244337990,52.27223,10.58288,2017-10-01,10,2017
2901802305,52.26548,10.53565,2017-10-08,10,2017
5012721313,52.77644,10.26827,2017-10-02,10,2017
5013545480,52.58172,10.18364,2017-10-03,10,2017
5013579854,52.77644,10.26827,2017-10-01,10,2017
5014826097,52.58569,10.13669,2017-10-13,10,2017
5016205437,52.45855,10.17594,2017-10-12,10,2017
5017164664,52.80852,10.53228,2017-10-29,10,2017
5017947584,52.27304,10.58116,2017-10-09,10,2017
5018039743,52.5692,10.1215,2017-10-21,10,2017
5019200078,52.56224,10.1951,2017-10-18,10,2017
5019435388,52.58205,10.16867,2017-10-27,10,2017
5020830050,52.80811,10.53256,2017-10-29,10,2017
5023331512,52.56224,10.1951,2017-10-10,10,2017
5024259610,52.27304,10.58116,2017-10-15,10,2017
5024511155,52.27304,10.58116,2017-10-16,10,2017
5025550389,52.57374,10.16773,2017-10-14,10,2017
5026877532,52.53591,10.14952,2017-10-13,10,2017
5014883482,52.3236,11.04029,2017-11-14,11,2017
5018502277,52.53795,10.15137,2017-11-25,11,2017
5019274354,52.58205,10.16867,2017-11-12,11,2017
5020220409,52.45855,10.17594,2017-11-04,11,2017
5021214710,52.5692,10.1215,2017-11-11,11,2017
5021228432,52.53795,10.15137,2017-11-05,11,2017
5023172093,52.5692,10.1215,2017-11-17,11,2017
5027465812,52.53795,10.15137,2017-11-10,11,2017
1802766320,52.27006,10.58874,2017-12-29,12,2017
5017629167,52.58205,10.16867,2017-12-22,12,2017
5019592594,52.53795,10.15137,2017-12-27,12,2017
5019666893,52.53795,10.15137,2017-12-03,12,2017
5022936235,52.53795,10.15137,2017-12-23,12,2017
5026095894,52.47416,10.34704,2017-12-28,12,2017
1249277909,52.26872,10.53287,2016-01-25,1,2016
5019103096,52.55016,10.14982,2016-01-27,1,2016
5022830995,52.57374,10.16773,2016-01-30,1,2016
5016717034,52.59447,10.28261,2016-02-17,2,2016
5016903838,52.5815,10.32427,2016-02-20,2,2016
5027913921,52.58172,10.18364,2016-02-06,2,2016
1265538715,52.10689,10.39168,2016-03-17,3,2016
5024693360,52.55016,10.14982,2016-03-12,3,2016
5027448901,52.07056,10.52546,2016-03-08,3,2016
2988905521,52.28992,10.99712,2016-05-15,5,2016
2988908520,52.36869,10.99318,2016-05-16,5,2016
5021219061,52.44126,10.47014,2016-05-14,5,2016
5014669170,52.53795,10.15137,2016-06-02,6,2016
5020012771,52.53795,10.15137,2016-06-03,6,2016
5021230407,52.53795,10.15137,2016-06-25,6,2016
5025869540,52.51507,10.14854,2016-06-12,6,2016
5024465906,52.74279,10.46611,2016-07-07,7,2016
5013094480,52.58172,10.18364,2016-08-15,8,2016
5016252430,52.77644,10.26827,2016-08-13,8,2016
5021083431,52.44126,10.47014,2016-08-19,8,2016
2988905519,52.28983,10.99712,2016-09-07,9,2016
2988910484,52.36866,10.99318,2016-09-08,9,2016
2988916471,52.36736,10.96961,2016-09-08,9,2016
5013088269,52.77644,10.26827,2016-09-18,9,2016
5014096488,52.59012,10.14012,2016-09-03,9,2016
5023157613,52.58172,10.18364,2016-09-16,9,2016
5023506030,52.84368,10.40823,2016-09-25,9,2016
5025461358,52.58172,10.18364,2016-09-02,9,2016
1453146223,52.31741,10.45203,2016-10-16,10,2016
1453149282,52.19747,10.74895,2016-10-17,10,2016
1453149362,52.19865,10.75105,2016-10-17,10,2016
1453149370,52.19921,10.75966,2016-10-17,10,2016
1453179722,52.26756,10.60333,2016-10-29,10,2016
1453181700,52.26644,10.53148,2016-10-30,10,2016
1668794429,52.26556,10.53524,2016-10-23,10,2016
1891356120,52.19797,10.7506,2016-10-17,10,2016
2898514305,52.27219,10.58401,2016-10-04,10,2016
2988906512,52.36869,10.99318,2016-10-24,10,2016
2988908511,52.28997,10.99712,2016-10-25,10,2016
5014128669,52.58172,10.18364,2016-10-30,10,2016
5015370175,52.58172,10.18364,2016-10-08,10,2016
5017856185,52.45855,10.17594,2016-10-23,10,2016
5018159909,52.47416,10.34704,2016-10-29,10,2016
5018861487,52.57374,10.16773,2016-10-28,10,2016
5020204718,52.5692,10.1215,2016-10-30,10,2016
5021538978,52.56224,10.1951,2016-10-22,10,2016
5021849361,52.5564,10.10454,2016-10-07,10,2016
5025083653,52.5564,10.10454,2016-10-19,10,2016
5025902612,52.53795,10.15137,2016-10-02,10,2016
1453216839,52.27313,10.57616,2016-11-13,11,2016
5012707886,52.58172,10.18364,2016-11-19,11,2016
5012817622,52.51507,10.14854,2016-11-05,11,2016
5014473874,52.57374,10.16773,2016-11-04,11,2016
5015554157,52.53795,10.15137,2016-11-06,11,2016
5016066221,52.53795,10.15137,2016-11-20,11,2016
5016225285,52.51507,10.14854,2016-11-11,11,2016
5017237670,52.51507,10.14854,2016-11-30,11,2016
5017837011,52.58205,10.16867,2016-11-12,11,2016
5018884971,52.58551,10.14732,2016-11-27,11,2016
5019051198,52.58205,10.16867,2016-11-04,11,2016
5019185029,52.58205,10.16867,2016-11-13,11,2016
5021427701,52.58569,10.13669,2016-11-13,11,2016
5024188940,52.53795,10.15137,2016-11-26,11,2016
5020624777,52.53795,10.15137,2016-12-11,12,2016
5021172497,52.53795,10.15137,2016-12-24,12,2016
5023249838,52.45855,10.17594,2016-12-06,12,2016
5023897230,52.59012,10.14012,2016-12-31,12,2016
5024452680,52.53795,10.15137,2016-12-23,12,2016
5017132091,52.58569,10.13669,2015-01-24,1,2015
5018996837,52.58172,10.18364,2015-01-01,1,2015
5022673103,52.58205,10.16867,2015-01-23,1,2015
5028159690,52.58205,10.16867,2015-01-21,1,2015
5013035544,52.68338,10.12253,2015-02-22,2,2015
5014057647,52.58569,10.13669,2015-02-01,2,2015
5012780362,52.56224,10.1951,2015-03-01,3,2015
5013568149,52.69499,10.25,2015-04-12,4,2015
5024358555,52.58172,10.18364,2015-04-26,4,2015
5025229965,52.77644,10.26827,2015-04-19,4,2015
5012947751,52.77644,10.26827,2015-05-23,5,2015
5022939380,52.77354,10.20708,2015-05-25,5,2015
5023656435,52.51507,10.14854,2015-05-08,5,2015
5026184949,52.47416,10.34704,2015-05-14,5,2015
5027945394,52.27304,10.58116,2015-05-31,5,2015
5024701333,52.51507,10.14854,2015-06-26,6,2015
4516606305,52.26553,10.53561,2015-07-17,7,2015
1143526480,52.26556,10.53562,2015-08-29,8,2015
5014872589,52.59012,10.14012,2015-08-06,8,2015
5018366619,52.78782,10.62206,2015-08-29,8,2015
5024939888,52.58172,10.18364,2015-08-04,8,2015
1143548869,52.26294,10.55617,2015-09-20,9,2015
1143548934,52.26339,10.55477,2015-09-20,9,2015
1143549050,52.26702,10.55001,2015-09-20,9,2015
1143553131,52.27997,10.54531,2015-09-25,9,2015
1143556426,52.20041,10.75353,2015-09-27,9,2015
1143556468,52.2009,10.74974,2015-09-27,9,2015
1640028637,52.20356,10.76082,2015-09-27,9,2015
3947738304,52.28011,10.5473,2015-09-25,9,2015
5013021419,52.45855,10.17594,2015-09-25,9,2015
5013468331,52.44126,10.47014,2015-09-18,9,2015
5014137617,52.56224,10.1951,2015-09-20,9,2015
5014146841,52.78317,10.27166,2015-09-09,9,2015
5017702835,52.58172,10.18364,2015-09-13,9,2015
5018426418,52.57356,10.20708,2015-09-27,9,2015
5019629125,52.5564,10.10454,2015-09-23,9,2015
5020219568,52.77644,10.26827,2015-09-12,9,2015
5021521389,52.58172,10.18364,2015-09-30,9,2015
5021868294,52.56224,10.1951,2015-09-30,9,2015
5022345104,52.58569,10.13669,2015-09-26,9,2015
5022978403,52.77644,10.26827,2015-09-02,9,2015
5025341924,52.53795,10.15137,2015-09-06,9,2015
1668789452,52.26555,10.53575,2015-10-17,10,2015
5014830359,52.51507,10.14854,2015-10-09,10,2015
5014856207,52.5564,10.10454,2015-10-04,10,2015
5015565520,52.77644,10.26827,2015-10-03,10,2015
5018809581,52.56224,10.1951,2015-10-25,10,2015
5019447239,52.53591,10.14952,2015-10-07,10,2015
5019601444,52.77644,10.26827,2015-10-04,10,2015
5020862049,52.51507,10.14854,2015-10-23,10,2015
5021402953,52.47416,10.34704,2015-10-02,10,2015
5024048593,52.58172,10.18364,2015-10-23,10,2015
5024087717,52.47368,10.36049,2015-10-02,10,2015
5024923857,52.56224,10.1951,2015-10-01,10,2015
5028444634,52.5564,10.10454,2015-10-28,10,2015
2244211882,52.27264,10.59113,2015-11-08,11,2015
5013814568,52.5564,10.10454,2015-11-06,11,2015
5014846485,52.56224,10.1951,2015-11-07,11,2015
5014964892,52.47416,10.34704,2015-11-14,11,2015
5016118633,52.57374,10.16773,2015-11-21,11,2015
5016981663,52.58205,10.16867,2015-11-07,11,2015
5017543753,52.58205,10.16867,2015-12-18,12,2015
5017855601,52.58569,10.13669,2015-12-31,12,2015
5018394456,52.27304,10.58116,2015-12-27,12,2015
5018745160,52.57374,10.16773,2015-12-18,12,2015
5019376344,52.58172,10.18364,2015-12-24,12,2015
5027982781,52.57374,10.16773,2015-12-06,12,2015
