id,lat,lon,ph,sand,clay,silt,cec,humus,stickstoff
A20901_4184,52.2525,10.46,5.2,38.4,24.4,37.2,30.7,71.3,6.71
A20955_4138,52.3875,10.345,5.4,57.8,13.2,29.0,27.4,70.9,6.07
A20942_4232,52.355,10.58,5.3,46.6,20.1,33.3,30.1,76.3,7.23
A20902_4239,52.255,10.5975,5.1,40.0,25.5,34.5,31.0,84.8,7.11
A20848_4129,52.12,10.3225,5.2,21.8,29.2,49.0,27.4,79.2,5.62
A20910_4232,52.275,10.58,5.6,37.5,27.3,35.1,30.6,81.6,6.91
A20927_4180,52.3175,10.45,5.9,50.7,21.4,27.9,29.5,62.0,7.09
A20972_4109,52.43,10.2725,6.0,51.9,20.8,27.3,24.2,59.8,6.32
A20849_4114,52.1225,10.285,5.2,21.6,29.1,49.3,27.2,74.5,5.82
A20937_4285,52.3425,10.7125,5.0,53.1,15.5,31.4,29.4,74.6,6.98
A21001_4066,52.5025,10.165,5.6,61.7,15.8,22.5,26.0,66.3,5.58
A20914_4202,52.285,10.505,5.3,41.0,27.3,31.7,28.5,86.4,7.13
A20907_4241,52.2675,10.6025,5.1,37.6,22.5,39.9,32.3,67.0,7.21
A20939_4161,52.3475,10.4025,6.3,52.5,19.0,28.5,30.5,50.6,5.94
A20907_4225,52.2675,10.5625,5.8,36.9,23.7,39.4,31.3,68.2,6.98
A20900_4184,52.25,10.46,5.3,36.8,23.7,39.5,30.3,77.0,6.74
A20903_4184,52.2575,10.46,6.2,40.4,23.2,36.4,32.0,58.2,6.4
A20848_4116,52.12,10.29,5.3,23.5,34.8,41.7,27.8,61.9,5.69
A20916_4200,52.29,10.5,5.7,41.9,26.2,31.9,30.1,64.3,6.56
A21052_4393,52.63,10.9825,6.0,63.2,12.6,24.2,27.8,58.0,6.51
A21042_4237,52.605,10.5925,6.1,67.8,12.8,19.5,26.9,57.4,6.44
A20841_4075,52.1025,10.1875,6.0,18.4,29.2,52.4,25.6,49.4,5.89
A21053_4393,52.6325,10.9825,4.7,63.6,13.9,22.5,28.3,83.1,7.52
A20859_4322,52.1475,10.805,5.9,39.3,25.5,35.2,31.5,61.4,6.1
A20853_4138,52.1325,10.345,5.9,20.3,28.5,51.3,29.0,58.9,5.93
A20999_4067,52.4975,10.1675,6.0,63.2,15.3,21.5,25.6,58.9,5.66
A21009_4236,52.5225,10.59,6.0,61.4,16.2,22.4,27.8,55.9,6.9
A20858_4318,52.145,10.795,6.4,32.9,28.2,38.9,29.5,55.8,6.15
A20907_4159,52.2675,10.3975,6.2,33.7,25.1,41.2,31.7,54.8,6.43
A20921_4327,52.3025,10.8175,5.7,49.4,20.7,29.9,30.3,59.6,8.04
A20848_4119,52.12,10.2975,5.3,22.6,31.1,46.3,27.7,64.7,5.72
A20983_4171,52.4575,10.4275,5.4,66.3,14.9,18.9,26.7,67.5,6.19
A21051_4393,52.6275,10.9825,5.2,62.6,13.1,24.3,27.8,62.7,6.67
A21012_4092,52.53,10.23,5.3,66.9,13.9,19.2,25.5,79.0,6.13
A20996_4077,52.49,10.1925,6.3,65.2,14.7,20.1,26.2,64.4,5.62
A20903_4188,52.2575,10.47,5.7,40.4,24.7,35.0,30.6,65.1,6.61
A20908_4192,52.27,10.48,6.4,42.8,23.2,34.0,28.7,54.0,5.39
A20904_4187,52.26,10.4675,5.9,40.1,24.0,35.8,31.6,59.9,6.78
A20996_4223,52.49,10.5575,5.4,63.7,13.0,23.4,27.9,74.3,6.28
A20911_4239,52.2775,10.5975,5.3,38.4,21.2,40.4,29.9,74.9,6.57
A20907_4239,52.2675,10.5975,5.2,37.1,24.8,38.1,31.8,70.1,7.06
A20844_4123,52.11,10.3075,5.3,17.6,32.1,50.4,27.0,70.5,5.1
A20849_4111,52.1225,10.2775,5.2,18.8,26.1,55.1,27.5,82.4,6.16
A20993_4197,52.4825,10.4925,5.1,58.6,15.9,25.5,27.3,67.2,4.8
A20930_4173,52.325,10.4325,6.0,56.4,19.4,24.2,30.3,67.8,7.04
A20996_4224,52.49,10.56,5.0,63.9,12.7,23.4,27.2,80.9,6.33
A20949_4127,52.3725,10.3175,6.4,53.6,12.7,33.8,27.2,52.6,5.48
A20905_4234,52.2625,10.585,5.3,39.4,26.1,34.6,30.5,87.7,8.59
A20850_4111,52.125,10.2775,5.2,18.4,26.0,55.6,27.9,81.4,5.97
A21081_4174,52.7025,10.435,5.0,60.1,10.3,29.7,29.6,89.2,5.39
A20945_4126,52.3625,10.315,5.4,52.6,18.7,28.7,27.2,69.6,5.89
A20913_4189,52.2825,10.4725,5.2,45.9,20.2,33.9,32.1,81.1,5.74
A20906_4238,52.265,10.595,5.1,42.2,22.3,35.5,31.0,78.8,6.91
A20941_4194,52.3525,10.485,6.2,50.5,20.6,28.9,28.4,53.7,5.99
A20928_4177,52.32,10.4425,6.0,51.4,20.9,27.7,28.9,61.7,7.06
A20923_4229,52.3075,10.5725,5.3,38.7,27.7,33.6,32.0,59.8,6.09
A21018_4251,52.545,10.6275,5.2,61.2,13.3,25.6,28.5,71.0,7.27
A21033_4073,52.5825,10.1825,5.3,67.7,16.9,15.5,26.0,63.3,5.09
A21011_4040,52.5275,10.1,5.1,58.9,15.4,25.7,26.1,64.8,6.48
A21039_4225,52.5975,10.5625,5.3,65.1,12.9,22.0,29.1,77.5,7.88
A20860_4201,52.15,10.5025,5.2,24.0,28.4,47.5,30.3,79.5,6.14
A20839_4051,52.0975,10.1275,5.5,17.1,23.9,59.0,28.6,53.0,5.98
A20862_4202,52.155,10.505,5.8,23.5,28.6,47.9,31.3,61.1,6.44
A20890_4221,52.225,10.5525,6.2,35.3,25.2,39.5,28.7,53.5,8.31
A20975_4362,52.4375,10.905,5.0,56.3,17.5,26.3,30.3,87.2,8.94
A20924_4245,52.31,10.6125,6.3,43.2,20.5,36.2,31.1,55.7,7.5
A20844_4125,52.11,10.3125,5.3,17.3,33.7,49.0,28.5,79.3,5.37
A21135_4135,52.8375,10.3375,5.2,49.7,18.4,32.0,25.6,86.4,5.0
A21129_4118,52.8225,10.295,4.8,56.1,18.8,25.1,25.2,90.8,4.97
A20934_4290,52.335,10.725,4.9,53.2,17.8,28.9,28.3,79.8,7.13
A20937_4284,52.3425,10.71,5.0,55.1,15.5,29.5,29.7,78.8,7.07
A20912_4304,52.28,10.76,5.2,37.6,19.9,42.4,31.0,81.3,7.18
A21134_4131,52.835,10.3275,5.2,48.2,21.1,30.7,25.4,95.9,5.27
A20977_4182,52.4425,10.455,5.2,65.7,14.3,20.0,26.9,69.1,7.29
A20911_4184,52.2775,10.46,5.2,45.4,20.4,34.2,31.6,69.8,6.3
A21023_4378,52.5575,10.945,6.0,63.8,10.5,25.7,29.1,71.3,9.69
A20824_4206,52.06,10.515,5.6,24.8,27.9,47.3,30.4,61.7,8.2
A20929_4283,52.3225,10.7075,5.2,52.1,16.2,31.7,30.3,72.8,7.41
A20945_4133,52.3625,10.3325,5.2,50.7,18.8,30.4,27.4,76.2,5.94
A20904_4118,52.26,10.295,5.0,31.1,21.0,47.9,29.9,68.1,5.93
A20914_4253,52.285,10.6325,5.1,41.8,21.6,36.6,31.1,77.5,8.06
A20936_4283,52.34,10.7075,5.0,54.1,16.3,29.6,29.3,63.1,7.56
A20946_4134,52.365,10.335,5.3,49.4,15.4,35.2,28.9,74.7,6.34
A20952_4300,52.38,10.75,4.9,49.9,16.0,34.1,29.2,66.9,6.54
A20952_4297,52.38,10.7425,4.9,53.8,11.6,34.6,28.0,74.9,6.93
A20940_4041,52.35,10.1025,5.3,41.7,21.4,37.0,28.6,71.6,6.31
A20954_4308,52.385,10.77,4.9,50.1,14.3,35.6,27.9,71.9,6.67
A20935_4283,52.3375,10.7075,5.0,54.3,16.7,29.0,29.5,71.1,6.59
A20909_4237,52.2725,10.5925,5.0,36.8,24.8,38.4,31.5,78.0,6.75
A20903_4181,52.2575,10.4525,6.3,33.5,23.6,42.8,32.0,56.3,6.24
A20918_4266,52.295,10.665,5.3,47.5,20.2,32.3,30.9,76.2,8.0
A20913_4195,52.2825,10.4875,5.9,38.9,24.0,37.1,30.1,65.7,6.1
A20913_4302,52.2825,10.755,5.2,40.4,19.8,39.9,30.8,73.9,7.16
A20910_4231,52.275,10.5775,5.6,37.5,27.3,35.1,30.6,81.6,6.91
A20980_4285,52.45,10.7125,4.8,56.5,15.5,28.1,30.1,77.4,6.58
A20887_4087,52.2175,10.2175,6.1,15.3,23.2,61.5,29.8,49.7,5.52
A21029_4263,52.5725,10.6575,5.4,59.7,12.1,28.2,27.1,63.2,6.48
A20841_4053,52.1025,10.1325,5.5,17.7,24.1,58.2,30.1,64.0,5.63
A20978_4176,52.445,10.44,5.2,66.4,12.8,20.8,26.9,62.1,4.63
A20916_4235,52.29,10.5875,5.7,43.2,19.6,37.1,28.2,56.7,6.42
A20914_4255,52.285,10.6375,5.3,41.3,22.3,36.4,31.2,82.0,7.89
A20915_4305,52.2875,10.7625,6.1,33.4,23.4,43.2,30.0,60.9,6.15
A20914_4248,52.285,10.62,5.1,43.9,20.8,35.4,31.8,80.5,8.77
A20945_4167,52.3625,10.4175,5.1,60.1,15.7,24.2,28.6,58.9,5.74
A20910_4230,52.275,10.575,5.5,37.8,26.9,35.3,30.8,103.1,7.25
A20914_4254,52.285,10.635,5.1,41.8,21.6,36.6,31.1,77.5,8.06
A20904_4117,52.26,10.2925,5.0,31.3,20.8,47.9,29.1,70.5,6.15
A20947_4168,52.3675,10.42,5.2,61.1,13.1,25.8,27.7,65.3,5.48
A20953_4097,52.3825,10.2425,5.6,54.8,17.9,27.3,27.0,64.3,5.99
A20947_4169,52.3675,10.4225,5.1,60.6,15.0,24.4,27.8,66.1,5.54
A20948_4126,52.37,10.315,5.3,50.1,13.9,36.0,27.1,74.5,6.16
A20937_4288,52.3425,10.72,5.0,54.6,17.0,28.4,30.2,70.7,6.59
A20831_4216,52.0775,10.54,5.2,23.3,27.9,48.9,28.9,62.3,6.94
A20915_4200,52.2875,10.5,5.4,42.1,28.3,29.6,29.6,64.9,6.65
A20980_4183,52.45,10.4575,4.7,64.1,14.4,21.5,28.5,83.2,5.63
A20950_4298,52.375,10.745,5.0,52.5,13.7,33.9,29.7,71.5,6.32
A20915_4249,52.2875,10.6225,5.1,47.3,20.2,32.5,32.4,83.4,8.14
A20849_4056,52.1225,10.14,5.0,21.6,27.2,51.2,29.7,75.7,5.7
A20915_4255,52.2875,10.6375,5.6,41.0,21.7,37.3,31.7,65.7,8.51
A20941_4193,52.3525,10.4825,5.2,49.4,20.8,29.8,29.6,72.5,6.34
A20935_4286,52.3375,10.715,4.9,54.6,16.2,29.2,28.5,65.3,6.25
A20946_4166,52.365,10.415,6.0,59.4,13.5,27.0,29.0,54.0,6.18
A20912_4301,52.28,10.7525,5.2,39.6,19.9,40.5,31.0,74.0,7.23
A20936_4286,52.34,10.715,4.9,50.2,15.3,34.6,29.8,75.2,7.05
A20949_4283,52.3725,10.7075,5.0,49.3,17.5,33.1,28.4,92.4,6.76
A20846_4058,52.115,10.145,5.3,17.4,27.6,55.0,28.5,76.6,6.14
A20919_4143,52.2975,10.3575,5.1,34.0,21.5,44.5,29.5,75.7,6.03
A20950_4173,52.375,10.4325,5.6,55.2,14.2,30.6,27.3,47.6,5.22
A20875_4218,52.1875,10.545,5.1,34.5,23.8,41.7,30.0,63.3,8.01
A20894_4325,52.235,10.8125,5.1,23.8,26.6,49.6,28.4,84.0,6.22
A20920_4142,52.3,10.355,5.1,36.1,20.5,43.3,29.5,75.8,5.82
A20954_4290,52.385,10.725,5.1,50.9,14.2,34.9,29.6,79.9,7.84
A20950_4172,52.375,10.43,5.0,56.3,17.2,26.5,27.2,67.5,5.65
A20920_4138,52.3,10.345,5.2,38.5,21.5,40.0,31.1,75.2,6.09
A20834_4346,52.085,10.865,6.7,32.8,21.4,45.8,29.6,74.7,7.16
A20961_4317,52.4025,10.7925,5.1,50.5,18.1,31.4,30.4,65.2,6.13
A20924_4224,52.31,10.56,5.2,43.4,24.5,32.1,30.1,80.0,6.82
A20907_4237,52.2675,10.5925,5.1,37.5,26.4,36.1,31.9,72.6,7.16
A20865_4339,52.1625,10.8475,5.0,23.2,30.2,46.6,27.9,73.6,5.23
A20931_4233,52.3275,10.5825,5.2,39.6,21.5,38.9,31.2,70.9,6.34
A20979_4182,52.4475,10.455,4.8,64.6,14.4,21.0,27.8,95.0,5.83
A20979_4183,52.4475,10.4575,4.8,64.6,14.4,21.0,27.8,95.0,5.83
A20979_4185,52.4475,10.4625,4.7,62.6,13.4,24.1,28.8,65.9,5.64
A20885_4305,52.2125,10.7625,5.3,25.2,28.6,46.2,29.4,77.9,5.89
A20994_4206,52.485,10.515,5.7,68.6,11.7,19.7,28.0,68.1,5.97
A20907_4238,52.2675,10.595,5.2,38.4,24.9,36.8,32.0,75.2,7.1
A21065_4396,52.6625,10.99,4.7,56.1,13.1,30.8,28.4,76.2,7.02
A20949_4316,52.3725,10.79,4.9,52.1,16.4,31.5,31.0,70.9,6.01
A20953_4301,52.3825,10.7525,5.1,47.4,16.5,36.1,28.6,70.9,6.52
A20912_4320,52.28,10.8,5.7,51.1,18.8,30.1,30.5,80.4,8.14
A20865_4151,52.1625,10.3775,5.3,20.2,28.7,51.1,30.9,76.6,6.02
A20865_4150,52.1625,10.375,5.3,20.2,28.7,51.1,30.9,76.6,6.02
A20906_4232,52.265,10.58,6.1,38.2,26.1,35.8,31.5,66.2,7.64
A20911_4183,52.2775,10.4575,5.5,43.4,21.1,35.5,30.4,69.7,6.3
A20961_4162,52.4025,10.405,5.3,56.8,16.4,26.8,28.3,74.4,7.43
A20911_4180,52.2775,10.45,6.5,41.0,22.2,36.8,31.6,54.2,7.32
A20960_4162,52.4,10.405,5.3,56.6,15.0,28.4,27.5,66.1,6.49
A20852_4138,52.13,10.345,6.0,19.6,28.7,51.7,29.7,52.0,6.49
A20948_4131,52.37,10.3275,5.1,52.0,14.1,33.9,28.4,76.3,5.75
A21054_4420,52.635,11.05,4.8,58.4,12.5,29.1,28.5,73.2,6.76
A20895_4259,52.2375,10.6475,5.1,36.7,22.5,40.8,31.4,87.2,7.3
A21126_4387,52.815,10.9675,5.8,58.3,15.6,26.2,29.4,73.4,8.63
A20950_4165,52.375,10.4125,6.2,58.6,17.0,24.4,27.6,53.5,5.35
A20993_4201,52.4825,10.5025,5.1,60.0,15.4,24.7,27.9,69.7,4.6
A20845_4147,52.1125,10.3675,6.2,16.0,27.2,56.8,27.7,51.6,5.92
A20974_4267,52.435,10.6675,5.5,58.3,17.3,24.4,28.1,60.0,6.99
A20853_4174,52.1325,10.435,6.2,24.4,30.8,44.9,30.0,64.0,6.64
A20910_4185,52.275,10.4625,5.3,41.5,20.2,38.3,31.6,79.7,6.75
A20937_4283,52.3425,10.7075,5.0,54.1,15.2,30.7,30.1,70.5,7.06
A20981_4180,52.4525,10.45,4.7,63.1,13.6,23.3,26.2,67.4,5.26
A20915_4176,52.2875,10.44,5.4,41.3,24.0,34.7,31.2,70.2,6.13
A21014_4048,52.535,10.12,5.3,62.7,16.2,21.1,26.6,77.7,5.94
A20839_4130,52.0975,10.325,5.3,19.9,29.4,50.7,28.0,62.8,6.09
A20906_4197,52.265,10.4925,6.2,38.9,26.3,34.8,30.6,55.1,6.42
A20908_4227,52.27,10.5675,5.9,36.9,24.5,38.6,30.5,70.7,6.6
A21007_4376,52.5175,10.94,4.8,58.4,15.3,26.3,29.3,78.3,7.04
A20964_4081,52.41,10.2025,5.6,60.4,14.6,25.0,25.6,60.7,6.22
A20878_4317,52.195,10.7925,5.0,20.4,29.4,50.2,26.7,71.4,5.71
A20907_4243,52.2675,10.6075,5.4,37.0,23.0,40.1,30.7,66.2,7.41
A20941_4232,52.3525,10.58,5.2,47.6,19.0,33.4,30.0,72.5,6.86
A20888_4304,52.22,10.76,5.2,23.6,30.6,45.9,27.8,69.9,5.73
A20968_4226,52.42,10.565,5.0,62.9,12.1,25.0,28.6,85.3,6.82
A20893_4321,52.2325,10.8025,5.0,29.0,28.6,42.4,28.0,69.1,6.63
A20898_4130,52.245,10.325,5.7,22.4,25.8,51.8,30.6,53.3,6.05
A20842_4124,52.105,10.31,5.3,17.2,35.1,47.8,27.8,94.6,6.17
A20912_4205,52.28,10.5125,5.7,39.1,28.9,32.1,27.0,74.3,7.68
A20886_4307,52.215,10.7675,5.2,24.7,29.0,46.3,28.9,77.5,5.89
A20977_4161,52.4425,10.4025,5.1,64.6,11.8,23.6,26.5,63.8,5.57
A20839_4090,52.0975,10.225,6.8,18.4,27.2,54.5,26.1,46.8,4.99
A20915_4308,52.2875,10.77,5.2,35.1,24.0,40.9,30.6,85.9,5.89
A20858_4257,52.145,10.6425,5.2,26.9,28.8,44.3,28.5,78.3,5.54
A21062_4087,52.655,10.2175,5.1,68.3,10.9,20.8,28.4,93.8,4.91
A20892_4205,52.23,10.5125,5.7,37.2,24.9,37.9,29.6,67.2,9.36
A20950_4329,52.375,10.8225,5.0,45.4,16.7,37.9,31.1,85.8,6.75
A20907_4220,52.2675,10.55,5.6,34.4,26.0,39.5,27.8,80.3,6.44
A20889_4238,52.2225,10.595,6.4,32.0,21.9,46.2,32.7,55.4,8.33
A20982_4099,52.455,10.2475,5.6,64.1,15.3,20.6,27.2,71.2,5.57
A20908_4233,52.27,10.5825,5.2,37.7,28.7,33.6,31.0,73.9,7.66
A20895_4425,52.2375,11.0625,4.9,34.3,23.1,42.6,32.4,76.5,6.67
A20821_4040,52.0525,10.1,5.3,18.9,28.5,52.6,27.9,68.2,5.69
A20841_4064,52.1025,10.16,5.7,15.8,25.2,59.0,28.3,55.6,5.85
A20880_4319,52.2,10.7975,5.0,21.1,29.5,49.5,27.0,66.9,5.48
A20906_4160,52.265,10.4,5.8,36.6,23.9,39.4,31.0,57.0,6.61
A20892_4077,52.23,10.1925,6.8,25.5,23.3,51.2,28.4,48.6,5.77
A20917_4310,52.2925,10.775,5.1,34.3,23.1,42.6,30.0,77.8,6.1
A20906_4243,52.265,10.6075,6.2,39.7,22.8,37.4,31.3,53.6,6.86
A20863_4122,52.1575,10.305,5.9,21.5,32.3,46.2,30.6,66.5,6.77
A20937_4176,52.3425,10.44,6.2,47.6,19.1,33.3,33.2,78.8,6.59
A20848_4134,52.12,10.335,5.1,23.2,30.7,46.1,27.5,68.3,6.22
A20884_4327,52.21,10.8175,5.1,22.8,24.8,52.4,26.7,66.5,6.27
A20922_4266,52.305,10.665,5.4,47.5,19.5,33.1,32.6,70.7,7.57
A20951_4327,52.3775,10.8175,5.0,46.6,16.0,37.3,30.3,71.0,6.79
A20858_4260,52.145,10.65,5.3,21.1,27.8,51.1,28.6,97.2,5.92
A20883_4439,52.2075,11.0975,5.0,31.4,16.7,51.9,31.5,68.2,6.5
A20883_4440,52.2075,11.1,5.0,31.4,16.7,51.9,31.5,68.2,6.5
A20954_4286,52.385,10.715,5.0,50.1,15.0,35.0,30.6,79.4,6.75
A21057_4092,52.6425,10.23,6.0,65.9,14.1,20.0,27.8,68.2,6.18
A20886_4308,52.215,10.77,5.2,23.4,28.6,47.9,29.5,72.0,5.88
A20893_4154,52.2325,10.385,6.5,30.8,23.8,45.4,31.1,52.7,5.41
A20883_4327,52.2075,10.8175,5.4,20.5,24.2,55.3,26.5,57.0,5.99
A20886_4170,52.215,10.425,6.4,36.4,22.4,41.2,30.1,48.8,6.29
A20917_4213,52.2925,10.5325,5.3,45.2,23.2,31.5,30.4,88.0,7.76
A20970_4090,52.425,10.225,5.3,62.2,16.3,21.5,24.8,80.4,7.2
A20925_4236,52.3125,10.59,5.1,43.3,22.1,34.7,31.2,65.8,6.24
A20859_4379,52.1475,10.9475,6.2,23.7,25.1,51.2,30.9,63.0,6.92
A21013_4298,52.5325,10.745,4.6,62.6,12.1,25.2,26.6,75.2,6.63
A20859_4376,52.1475,10.94,6.4,19.4,29.2,51.4,28.4,50.3,5.23
A20976_4145,52.44,10.3625,5.6,67.2,12.3,20.5,28.0,66.4,5.81
A20852_4040,52.13,10.1,5.3,19.5,31.9,48.5,28.4,79.4,6.01
A20925_4178,52.3125,10.445,6.1,49.0,21.0,30.0,28.9,52.5,6.11
A20884_4229,52.21,10.5725,5.6,33.6,23.0,43.3,32.6,78.9,7.86
A20915_4284,52.2875,10.71,6.3,42.5,23.3,34.2,31.7,46.0,8.03
A20844_4124,52.11,10.31,5.4,18.1,32.6,49.3,28.2,77.3,5.24
A20927_4187,52.3175,10.4675,6.2,47.8,25.4,26.8,29.6,60.9,6.67
A20835_4048,52.0875,10.12,5.4,18.9,27.9,53.3,30.3,67.4,5.45
A20853_4054,52.1325,10.135,5.2,21.2,27.4,51.5,29.6,66.7,5.68
A20919_4332,52.2975,10.83,5.8,50.7,20.0,29.4,30.2,61.7,8.15
A20929_4169,52.3225,10.4225,5.6,52.1,19.6,28.3,30.8,59.7,5.97
A20899_4208,52.2475,10.52,5.9,37.0,25.4,37.6,28.6,62.1,9.01
A20926_4233,52.315,10.5825,5.4,39.9,24.8,35.3,31.8,75.7,6.75
A20870_4357,52.175,10.8925,5.0,18.8,26.0,55.2,28.7,83.5,7.15
A20982_4187,52.455,10.4675,4.9,63.9,12.4,23.7,28.0,71.2,5.72
A20834_4150,52.085,10.375,5.2,24.8,28.1,47.1,26.8,66.4,6.24
A20924_4185,52.31,10.4625,5.8,50.1,18.8,31.0,29.5,58.8,6.14
A20968_4374,52.42,10.935,4.8,53.8,17.2,28.9,31.3,76.3,7.97
A21029_4280,52.5725,10.7,4.8,61.1,12.8,26.2,27.1,70.9,6.67
A20973_4110,52.4325,10.275,5.5,52.1,20.8,27.1,24.5,59.3,5.71
A20922_4262,52.305,10.655,5.2,47.1,18.5,34.4,31.7,71.4,8.25
A20848_4111,52.12,10.2775,5.2,22.7,29.2,48.0,26.7,73.0,5.86
A20910_4246,52.275,10.615,6.5,39.2,20.3,40.4,29.0,51.5,6.43
A20876_4285,52.19,10.7125,6.7,22.9,25.1,52.0,29.4,46.1,5.26
A20979_4186,52.4475,10.465,4.7,62.3,14.1,23.5,28.1,72.7,5.87
A20909_4238,52.2725,10.595,5.0,36.4,25.3,38.3,32.0,81.3,7.87
A20952_4114,52.38,10.285,5.5,54.7,14.5,30.8,26.4,85.6,7.62
A20851_4062,52.1275,10.155,5.2,19.5,27.6,52.9,29.9,82.7,5.76
A20850_4063,52.125,10.1575,5.1,19.3,28.2,52.5,30.5,83.9,5.85
A20856_4310,52.14,10.775,6.5,28.3,33.3,38.4,30.5,58.3,6.33
A20893_4207,52.2325,10.5175,6.0,35.6,26.5,37.9,29.3,61.0,9.6
A20965_4324,52.4125,10.81,5.7,50.9,18.3,30.8,30.7,64.0,6.5
A20968_4224,52.42,10.56,4.9,63.2,12.1,24.7,28.3,75.5,6.97
A20954_4183,52.385,10.4575,5.4,47.4,18.1,34.5,27.4,66.9,5.62
A20835_4047,52.0875,10.1175,5.4,20.2,30.7,49.2,31.0,84.2,5.58
A20969_4376,52.4225,10.94,4.9,56.6,16.8,26.6,32.1,78.2,8.4
A20981_4401,52.4525,11.0025,6.3,56.2,18.5,25.3,31.0,56.5,7.04
A20953_4166,52.3825,10.415,5.6,58.4,16.7,24.9,27.1,54.1,5.24
A20898_4257,52.245,10.6425,6.2,39.3,24.7,36.0,31.6,53.2,7.31
A20905_4222,52.2625,10.555,5.2,38.0,25.9,36.1,30.5,80.1,7.44
A20849_4132,52.1225,10.33,5.4,21.0,29.7,49.4,30.0,59.0,5.79
A21135_4103,52.8375,10.2575,5.0,53.8,19.5,26.7,25.6,87.6,5.54
A21135_4106,52.8375,10.265,4.9,45.9,19.7,34.4,25.9,97.4,5.26
A20876_4282,52.19,10.705,6.6,22.8,25.9,51.3,29.1,55.2,5.3
A21139_4113,52.8475,10.2825,4.8,50.8,20.1,29.1,22.5,88.7,5.01
A20905_4223,52.2625,10.5575,5.1,37.5,26.4,36.1,28.8,76.2,7.43
A21136_4107,52.84,10.2675,4.9,44.1,21.6,34.3,25.5,83.4,5.01
A21136_4106,52.84,10.265,4.9,44.1,21.6,34.3,25.5,83.4,5.01
A20910_4224,52.275,10.56,5.4,37.2,24.3,38.5,28.8,86.4,6.32
A20931_4232,52.3275,10.58,5.2,39.6,21.5,38.9,31.2,70.9,6.34
A20850_4059,52.125,10.1475,5.1,20.6,28.9,50.4,30.1,75.9,5.35
A20905_4225,52.2625,10.5625,5.9,38.1,22.6,39.3,29.7,66.8,6.53
A20906_4241,52.265,10.6025,5.0,40.6,22.6,36.8,30.9,73.8,6.66
A20963_4317,52.4075,10.7925,5.0,50.9,14.9,34.2,29.1,78.6,7.12
A20906_4222,52.265,10.555,5.6,37.5,26.5,36.1,28.2,90.3,7.04
A21093_4247,52.7325,10.6175,5.5,62.7,13.0,24.4,27.2,71.9,6.51
A20993_4203,52.4825,10.5075,5.0,64.2,12.6,23.2,28.2,67.7,5.11
A20915_4193,52.2875,10.4825,6.1,44.7,21.1,34.2,32.2,63.4,5.17
A20922_4227,52.305,10.5675,5.0,39.5,28.0,32.5,30.9,71.5,6.82
A20900_4177,52.25,10.4425,5.8,36.7,24.8,38.5,31.2,68.5,6.32
A20971_4044,52.4275,10.11,5.1,43.8,22.6,33.6,26.3,66.6,5.93
A20916_4334,52.29,10.835,5.2,48.2,20.9,30.9,30.3,64.7,7.82
A20974_4061,52.435,10.1525,4.9,57.7,20.7,21.6,25.4,81.8,5.84
A20917_4201,52.2925,10.5025,5.2,41.5,29.5,29.0,32.2,73.4,6.47
A20963_4321,52.4075,10.8025,4.9,52.8,17.2,30.0,30.1,75.5,7.77
A20930_4167,52.325,10.4175,5.7,53.3,17.4,29.4,30.7,56.7,5.7
A20843_4124,52.1075,10.31,5.3,17.2,34.9,47.9,27.3,81.4,5.86
A20850_4112,52.125,10.28,5.2,18.4,26.0,55.6,27.9,81.4,5.97
A20954_4101,52.385,10.2525,6.4,58.6,13.9,27.5,25.9,59.4,5.8
A20940_4159,52.35,10.3975,6.1,50.4,20.7,28.9,31.1,63.0,5.8
A20903_4419,52.2575,11.0475,4.9,28.8,19.7,51.5,32.7,72.4,6.43
A20891_4225,52.2275,10.5625,5.3,39.2,24.6,36.1,31.3,81.1,7.24
A20948_4096,52.37,10.24,5.4,55.3,15.0,29.6,28.2,68.7,7.02
A20873_4217,52.1825,10.5425,5.2,33.6,27.8,38.6,30.1,69.8,7.99
A20873_4212,52.1825,10.53,5.5,38.8,24.1,37.0,31.5,68.8,6.59
A20900_4406,52.25,11.015,4.9,27.3,19.3,53.3,31.5,84.0,5.76
A21001_4079,52.5025,10.1975,6.0,74.1,10.6,15.3,26.1,63.8,5.63
A20923_4224,52.3075,10.56,5.0,42.6,26.1,31.3,31.5,82.7,6.57
A20930_4229,52.325,10.5725,5.0,40.3,26.1,33.6,30.1,90.9,5.95
A20916_4201,52.29,10.5025,5.4,42.8,27.9,29.3,30.2,71.4,6.66
A20985_4208,52.4625,10.52,4.9,61.1,15.1,23.7,26.5,69.9,5.81
A20873_4216,52.1825,10.54,5.3,40.3,26.1,33.6,31.2,74.6,7.95
A20962_4344,52.405,10.86,5.8,52.2,18.5,29.3,31.0,56.8,6.81
A20930_4178,52.325,10.445,6.0,54.2,20.5,25.3,29.1,67.7,7.5
A20932_4168,52.33,10.42,5.8,48.3,24.1,27.6,32.0,69.7,6.3
A20993_4074,52.4825,10.185,5.4,57.1,20.8,22.1,24.5,78.1,5.98
A20948_4042,52.37,10.105,5.5,51.6,21.0,27.4,26.4,66.7,5.63
A20872_4218,52.18,10.545,5.2,31.0,28.8,40.2,30.9,73.5,7.53
A20920_4334,52.3,10.835,5.1,49.5,20.0,30.5,30.2,66.3,8.73
A20963_4345,52.4075,10.8625,4.9,48.2,17.2,34.6,31.0,78.7,7.51
A20949_4104,52.3725,10.26,5.6,56.2,14.1,29.7,26.1,64.5,6.46
A20872_4217,52.18,10.5425,5.2,31.0,28.8,40.2,30.9,73.5,7.53
A20945_4170,52.3625,10.425,5.0,56.8,15.5,27.7,28.1,77.4,6.07
A20920_4330,52.3,10.825,5.6,51.5,20.3,28.2,29.9,53.8,8.57
A20920_4252,52.3,10.63,5.2,47.3,19.3,33.4,30.9,78.1,8.06
A20915_4192,52.2875,10.48,5.9,45.2,21.1,33.6,32.3,56.7,5.08
A20914_4193,52.285,10.4825,5.3,42.6,21.5,36.0,32.2,71.0,5.92
A21090_4176,52.725,10.44,5.9,63.9,9.2,26.9,30.0,69.6,7.47
A20900_4181,52.25,10.4525,5.3,38.9,21.9,39.2,30.7,72.2,6.8
A20944_4169,52.36,10.4225,5.0,59.7,15.9,24.4,29.5,73.9,6.23
A20903_4285,52.2575,10.7125,6.1,38.1,24.7,37.2,28.9,63.6,7.53
A20890_4183,52.225,10.4575,6.6,28.2,25.6,46.2,30.9,44.6,5.74
A20900_4180,52.25,10.45,5.4,38.6,22.6,38.8,31.8,73.6,6.54
A20901_4180,52.2525,10.45,5.3,36.3,22.3,41.4,31.5,74.6,6.71
A20902_4181,52.255,10.4525,5.3,35.0,22.5,42.5,30.6,68.8,6.32
A20903_4182,52.2575,10.455,5.8,40.1,23.5,36.4,32.2,69.2,5.9
A21067_4261,52.6675,10.6525,4.8,60.9,11.0,28.0,26.0,62.2,5.68
A21063_4286,52.6575,10.715,4.9,57.2,13.6,29.2,26.0,67.8,6.44
A20874_4220,52.185,10.55,5.2,36.3,24.0,39.7,29.6,61.9,8.13
A20828_4081,52.07,10.2025,5.6,16.8,28.6,54.6,26.4,69.4,5.87
A20875_4220,52.1875,10.55,5.1,36.6,24.0,39.4,29.7,61.5,7.6
A20918_4251,52.295,10.6275,5.3,43.9,21.0,35.1,31.6,89.2,7.91
A20840_4108,52.1,10.27,5.4,21.6,28.6,49.8,27.0,78.9,5.98
A20872_4223,52.18,10.5575,5.9,28.5,27.7,43.8,30.7,61.1,7.11
A20901_4261,52.2525,10.6525,6.4,39.4,24.6,36.0,28.9,56.1,7.81
A20874_4221,52.185,10.5525,5.7,32.9,25.4,41.7,29.6,54.8,6.87
A20839_4105,52.0975,10.2625,5.3,20.0,31.6,48.4,27.6,79.1,5.73
A20873_4223,52.1825,10.5575,6.0,28.8,27.3,43.9,31.2,61.7,6.89
A20828_4080,52.07,10.2,5.5,16.9,27.2,55.9,25.7,45.1,5.23
A20922_4135,52.305,10.3375,5.9,29.7,23.4,46.9,29.5,60.5,6.0
A20900_4185,52.25,10.4625,5.2,36.1,23.9,40.0,30.0,76.3,6.84
A20922_4224,52.305,10.56,5.1,45.5,22.4,32.1,31.6,84.2,6.84
A20981_4162,52.4525,10.405,5.1,67.4,11.6,21.0,25.9,76.7,5.0
A20981_4186,52.4525,10.465,4.8,62.9,13.5,23.6,28.3,63.9,5.54
A20910_4237,52.275,10.5925,5.1,36.2,25.3,38.5,28.7,84.6,7.57
A20901_4182,52.2525,10.455,5.3,38.9,22.7,38.4,30.9,77.9,6.8
A20969_4132,52.4225,10.33,5.2,59.8,12.1,28.1,28.4,79.4,6.52
A20905_4186,52.2625,10.465,5.9,42.8,22.4,34.7,31.8,58.4,6.31
A20843_4122,52.1075,10.305,5.3,20.4,33.1,46.5,26.4,85.5,5.91
A20924_4227,52.31,10.5675,5.2,40.9,26.3,32.8,31.4,75.6,6.88
A20947_4244,52.3675,10.61,6.3,55.1,13.6,31.2,32.1,48.8,6.14
A20933_4285,52.3325,10.7125,5.0,54.6,16.6,28.9,29.0,70.1,6.86
A20995_4072,52.4875,10.18,5.3,64.0,16.5,19.5,24.6,76.5,5.88
A20996_4071,52.49,10.1775,5.7,62.5,18.1,19.4,25.1,56.8,5.3
A20934_4274,52.335,10.685,6.4,45.9,22.6,31.5,29.7,50.9,7.59
A20902_4182,52.255,10.455,5.3,37.4,22.0,40.6,29.7,83.9,6.43
A20966_4131,52.415,10.3275,5.2,59.1,13.9,27.1,28.6,87.2,6.55
A20953_4101,52.3825,10.2525,6.0,53.0,18.8,28.2,26.6,52.4,5.06
A20972_4044,52.43,10.11,5.1,44.5,22.4,33.2,26.2,68.4,5.81
A20934_4186,52.335,10.465,5.8,56.1,18.6,25.3,28.7,57.1,6.87
A20953_4091,52.3825,10.2275,5.8,54.5,14.8,30.7,26.7,64.3,7.68
A20954_4098,52.385,10.245,5.5,58.8,13.3,27.9,26.8,73.7,5.63
A20946_4106,52.365,10.265,5.3,57.1,14.7,28.1,27.6,76.6,6.22
A20968_4222,52.42,10.555,5.1,57.0,14.7,28.3,28.8,79.9,6.65
A20968_4219,52.42,10.5475,5.4,59.5,14.3,26.2,28.3,63.0,6.39
A21010_4144,52.525,10.36,5.7,62.7,16.6,20.7,26.9,64.3,5.62
A20934_4178,52.335,10.445,5.9,54.8,22.9,22.3,31.1,65.5,7.1
A20935_4185,52.3375,10.4625,5.8,57.0,19.1,23.8,29.2,56.5,6.73
A20954_4097,52.385,10.2425,5.5,56.9,14.8,28.3,26.0,69.5,5.64
A20934_4185,52.335,10.4625,5.8,56.1,18.6,25.3,28.7,57.1,6.87
A20901_4210,52.2525,10.525,5.4,37.5,24.9,37.7,29.1,92.1,8.89
A20935_4189,52.3375,10.4725,5.8,55.1,19.4,25.5,28.4,56.3,7.03
A20929_4174,52.3225,10.435,6.1,51.6,21.4,27.1,29.3,61.6,6.71
A20927_4172,52.3175,10.43,6.2,41.8,26.4,31.8,30.2,56.5,6.36
A20826_4145,52.065,10.3625,5.2,20.9,30.5,48.6,26.9,78.5,5.86
A20832_4142,52.08,10.355,5.1,22.5,33.5,44.0,27.7,68.7,5.47
A20832_4144,52.08,10.36,5.1,22.5,32.7,44.7,27.6,69.9,5.37
A20827_4144,52.0675,10.36,5.4,21.3,32.1,46.6,26.8,75.0,6.18
A20826_4144,52.065,10.36,5.4,21.1,31.1,47.8,26.7,83.6,6.13
A20831_4147,52.0775,10.3675,5.1,21.4,31.6,47.0,27.8,64.2,5.66
A21083_4205,52.7075,10.5125,5.5,62.9,12.3,24.7,27.8,70.5,4.74
A20934_4190,52.335,10.475,6.0,55.1,19.6,25.3,29.0,59.0,7.64
A21064_4262,52.66,10.655,4.8,61.5,12.7,25.8,27.1,73.7,5.84
A21068_4264,52.67,10.66,4.8,62.0,10.7,27.3,26.7,70.4,5.47
A20842_4163,52.105,10.4075,5.2,20.7,29.8,49.5,30.7,77.4,6.1
A20941_4158,52.3525,10.395,5.9,50.0,20.6,29.4,29.4,62.9,5.59
A20921_4138,52.3025,10.345,5.2,36.6,23.6,39.8,31.3,75.2,5.95
A20910_4187,52.275,10.4675,5.4,41.3,20.4,38.4,31.4,64.9,6.17
A20965_4374,52.4125,10.935,4.9,50.4,20.0,29.5,31.0,79.2,8.07
A20911_4159,52.2775,10.3975,5.9,36.1,22.6,41.2,31.6,58.7,6.6
A20996_4229,52.49,10.5725,5.1,61.9,15.9,22.2,27.3,80.5,5.69
A20995_4231,52.4875,10.5775,5.5,64.9,14.3,20.9,27.7,63.7,6.19
A20825_4060,52.0625,10.15,5.3,18.5,26.9,54.6,30.3,71.0,5.49
A20821_4041,52.0525,10.1025,5.3,17.6,29.2,53.1,27.7,70.9,5.75
A20996_4231,52.49,10.5775,5.0,60.7,17.2,22.1,26.6,83.8,5.87
A20996_4230,52.49,10.575,5.0,60.7,17.2,22.1,26.6,83.8,5.87
A20986_4203,52.465,10.5075,5.2,65.1,14.5,20.4,26.0,65.4,5.25
A20953_4098,52.3825,10.245,5.7,53.9,17.7,28.4,27.1,61.1,5.07
A20987_4206,52.4675,10.515,5.2,63.9,13.9,22.2,25.8,73.5,5.0
A20855_4322,52.1375,10.805,5.8,42.2,21.7,36.0,30.6,65.2,5.94
A20857_4319,52.1425,10.7975,6.6,38.0,24.2,37.8,30.6,51.8,6.02
A20857_4322,52.1425,10.805,5.8,37.0,23.9,39.0,31.2,60.6,5.9
A20856_4322,52.14,10.805,5.7,40.9,22.0,37.1,30.5,65.4,5.86
A20987_4204,52.4675,10.51,5.2,64.1,13.7,22.2,26.1,59.4,5.3
A20962_4134,52.405,10.335,6.1,67.0,11.1,21.9,28.5,55.3,6.98
A20928_4176,52.32,10.44,6.1,50.5,21.7,27.8,29.2,56.5,6.78
A20965_4128,52.4125,10.32,5.7,52.1,14.5,33.4,29.7,54.7,6.12
A20835_4136,52.0875,10.34,5.2,20.2,30.6,49.2,26.6,66.8,5.04
A21051_4074,52.6275,10.185,5.1,59.4,15.1,25.6,27.1,76.6,5.8
A20856_4264,52.14,10.66,5.3,24.8,28.9,46.4,26.9,92.2,6.37
A20853_4271,52.1325,10.6775,5.1,27.0,29.2,43.8,29.5,74.6,5.94
A20857_4263,52.1425,10.6575,5.3,20.0,28.4,51.6,27.7,94.4,6.3
A20914_4306,52.285,10.765,5.2,39.3,21.0,39.7,31.5,83.1,6.78
A20880_4234,52.2,10.585,6.4,32.5,22.6,44.8,30.6,56.1,8.75
A20912_4303,52.28,10.7575,5.2,38.7,20.4,40.9,31.3,82.1,7.08
A20857_4266,52.1425,10.665,5.3,39.7,22.2,38.1,31.9,77.8,8.02
A20852_4271,52.13,10.6775,5.7,26.6,29.4,44.0,27.0,61.0,5.35
A20955_4136,52.3875,10.34,5.1,56.9,12.5,30.6,28.4,64.2,6.72
A20957_4137,52.3925,10.3425,5.4,58.4,12.0,29.5,28.7,59.0,6.72
A20857_4261,52.1425,10.6525,5.3,19.9,28.0,52.1,28.0,95.6,6.45
A20956_4136,52.39,10.34,5.2,58.3,11.9,29.8,27.5,68.6,7.06
A20981_4285,52.4525,10.7125,4.8,63.3,12.0,24.7,30.6,79.8,7.49
A20912_4233,52.28,10.5825,5.7,38.5,24.4,37.1,29.4,58.4,6.57
A20860_4323,52.15,10.8075,5.4,38.8,24.5,36.7,31.3,65.4,6.59
A20940_4080,52.35,10.2,5.6,53.1,21.9,25.0,26.3,59.4,5.23
A20922_4140,52.305,10.35,5.2,38.0,22.4,39.6,29.8,72.5,5.67
A20850_4060,52.125,10.15,5.1,21.0,28.4,50.6,30.3,71.9,5.46
A20877_4294,52.1925,10.735,5.3,19.3,29.2,51.5,27.0,84.0,6.18
A20899_4247,52.2475,10.6175,5.0,40.3,24.4,35.3,30.3,79.8,7.56
A20854_4208,52.135,10.52,5.4,21.8,30.6,47.6,30.7,72.7,6.8
A20858_4323,52.145,10.8075,5.2,38.7,22.9,38.4,30.9,72.8,6.04
A20859_4282,52.1475,10.705,6.6,30.4,31.6,38.0,29.8,61.5,7.87
A20925_4189,52.3125,10.4725,5.9,50.8,20.5,28.7,29.3,57.8,7.4
A20925_4187,52.3125,10.4675,5.8,49.7,19.2,31.1,29.7,51.5,6.68
A20963_4319,52.4075,10.7975,5.1,51.4,16.8,31.7,30.8,73.2,7.2
A20935_4115,52.3375,10.2875,5.3,38.1,19.6,42.3,29.5,73.7,6.71
A20910_4223,52.275,10.5575,5.4,37.2,24.3,38.5,28.8,86.4,6.32
A20915_4306,52.2875,10.765,5.2,34.0,23.8,42.1,30.1,88.1,5.91
A21050_4076,52.625,10.19,5.2,62.9,14.9,22.2,27.6,85.4,5.54
A20962_4182,52.405,10.455,5.0,62.1,13.7,24.2,26.7,70.8,5.35
A21050_4075,52.625,10.1875,5.2,62.6,15.0,22.4,27.5,84.0,5.67
A20963_4183,52.4075,10.4575,5.0,61.3,12.7,26.1,26.2,69.7,5.53
A20962_4181,52.405,10.4525,5.0,64.4,12.3,23.3,26.8,78.8,5.52
A20954_4099,52.385,10.2475,5.5,58.8,13.3,27.9,26.8,73.7,5.63
A20934_4086,52.335,10.215,5.2,54.6,17.4,28.0,26.9,76.6,5.47
A20935_4102,52.3375,10.255,6.4,50.4,16.9,32.6,28.7,66.7,6.76
A20914_4305,52.285,10.7625,5.6,38.5,21.5,40.0,30.5,79.2,6.66
A20960_4182,52.4,10.455,5.2,59.9,14.2,25.9,27.4,71.8,5.79
A20915_4251,52.2875,10.6275,5.2,40.3,22.1,37.6,31.3,87.2,7.92
A20936_4091,52.34,10.2275,5.7,57.1,15.0,27.9,28.4,70.5,5.36
A21002_4207,52.505,10.5175,5.3,65.3,11.6,23.2,26.1,65.6,5.7
A20947_4131,52.3675,10.3275,5.1,52.9,15.0,32.1,28.2,66.2,5.91
A20946_4133,52.365,10.3325,5.2,49.9,15.8,34.3,27.2,72.4,6.33
A21113_4091,52.7825,10.2275,4.8,46.7,16.6,36.8,24.4,85.3,5.52
A20945_4134,52.3625,10.335,5.2,50.7,18.8,30.4,27.4,76.2,5.94
A20908_4236,52.27,10.59,5.1,37.0,27.8,35.2,32.3,75.6,7.01
A21025_4253,52.5625,10.6325,5.7,61.4,13.3,25.3,26.9,58.6,6.16
A21026_4254,52.565,10.635,5.4,58.5,13.2,28.3,26.9,66.6,6.09
A20828_4145,52.07,10.3625,5.2,20.9,31.1,48.0,26.9,73.4,5.8
A21016_4308,52.54,10.77,4.8,64.6,11.9,23.4,27.6,67.1,6.44
A20848_4123,52.12,10.3075,5.2,21.7,31.5,46.8,27.0,70.4,5.43
A20848_4124,52.12,10.31,5.3,21.1,31.7,47.2,27.2,68.3,5.89
A20851_4129,52.1275,10.3225,6.3,18.1,29.1,52.8,27.3,52.1,5.74
A21014_4311,52.535,10.7775,4.9,64.5,11.8,23.6,27.5,69.9,6.93
A20935_4152,52.3375,10.38,5.7,44.2,20.7,35.1,30.4,62.6,5.51
A20942_4193,52.355,10.4825,5.7,49.6,22.2,28.2,28.2,53.9,5.81
A20959_4140,52.3975,10.35,5.6,64.6,10.0,25.4,27.4,63.6,7.32
A20940_4188,52.35,10.47,5.8,43.2,24.3,32.5,31.1,59.5,5.83
A20941_4189,52.3525,10.4725,6.1,46.1,22.7,31.2,31.5,50.0,5.75
A20954_4088,52.385,10.22,5.6,56.2,12.5,31.3,26.6,74.8,7.34
A20972_4110,52.43,10.275,6.0,51.9,20.8,27.3,24.2,59.8,6.32
A20922_4142,52.305,10.355,5.1,41.0,20.2,38.8,29.1,78.4,5.75
A20889_4234,52.2225,10.585,5.3,35.8,22.0,42.2,31.9,75.7,8.64
A20922_4136,52.305,10.34,5.3,28.5,23.5,48.0,30.0,78.1,6.16
A20919_4140,52.2975,10.35,5.1,35.8,21.9,42.2,30.4,78.7,6.01
A20919_4139,52.2975,10.3475,5.1,35.8,21.9,42.2,30.4,78.7,6.01
A20921_4142,52.3025,10.355,5.2,40.4,20.0,39.6,29.9,78.9,6.01
A20843_4155,52.1075,10.3875,6.0,18.1,26.6,55.3,29.4,68.0,6.08
A20849_4116,52.1225,10.29,5.2,19.3,26.6,54.1,28.1,72.4,5.67
A21020_4060,52.55,10.15,6.1,66.9,13.4,19.7,30.4,62.4,5.71
A20922_4245,52.305,10.6125,6.2,43.2,20.1,36.7,30.2,67.0,8.35
A21028_4049,52.57,10.1225,6.1,65.1,16.5,18.4,26.4,63.1,6.39
A20977_4188,52.4425,10.47,5.2,62.7,14.4,22.9,27.7,73.3,7.14
A20919_4253,52.2975,10.6325,5.2,46.9,21.1,32.0,31.5,75.5,7.89
A20983_4099,52.4575,10.2475,5.5,66.4,14.7,18.9,27.0,80.1,5.77
A20913_4311,52.2825,10.7775,5.0,42.4,23.1,34.5,30.8,80.7,7.67
A20889_4237,52.2225,10.5925,5.5,32.7,21.6,45.7,32.4,68.6,8.26
A20901_4392,52.2525,10.98,5.0,39.4,18.6,41.9,31.7,71.0,6.6
A20928_4179,52.32,10.4475,6.2,52.4,21.0,26.7,29.3,56.7,7.67
A20985_4325,52.4625,10.8125,4.7,59.5,14.9,25.5,29.0,70.3,7.29
A20928_4180,52.32,10.45,5.8,51.8,20.1,28.1,30.2,62.9,7.02
A20920_4139,52.3,10.3475,5.1,36.1,21.7,42.2,30.5,77.6,6.24
A20946_4168,52.365,10.42,5.1,59.2,15.4,25.3,28.1,69.5,6.14
A20881_4301,52.2025,10.7525,5.3,24.7,30.1,45.2,28.7,67.5,6.51
A20882_4300,52.205,10.75,5.4,24.9,30.0,45.1,29.2,67.0,7.04
A20882_4288,52.205,10.72,5.4,25.7,27.5,46.8,27.6,76.9,5.74
A20912_4236,52.28,10.59,5.7,39.5,23.4,37.2,29.3,54.1,7.03
A21018_4099,52.545,10.2475,5.2,64.6,14.8,20.6,25.6,77.7,5.69
A20951_4167,52.3775,10.4175,5.3,56.8,17.3,25.8,27.1,76.9,5.31
A20952_4169,52.38,10.4225,4.9,56.1,17.6,26.3,26.1,74.0,5.42
A20908_4114,52.27,10.285,6.6,35.0,19.9,45.0,29.5,54.7,6.31
A20920_4224,52.3,10.56,5.6,45.6,20.9,33.5,30.2,60.3,6.65
A20895_4254,52.2375,10.635,5.2,38.1,23.0,38.9,31.3,85.2,7.38
A20843_4107,52.1075,10.2675,5.9,20.7,33.4,45.9,28.5,55.0,5.6
A21116_4051,52.79,10.1275,4.8,68.3,11.1,20.6,28.1,96.3,5.43
A20892_4206,52.23,10.515,5.6,35.9,26.0,38.1,29.8,75.3,9.37
A20855_4269,52.1375,10.6725,5.3,23.2,24.3,52.4,27.2,84.6,6.35
A20938_4178,52.345,10.445,5.5,47.3,21.8,30.9,32.4,78.7,6.55
A20930_4169,52.325,10.4225,5.7,56.1,17.7,26.2,30.1,65.7,6.26
A21022_4252,52.555,10.63,5.6,60.3,13.3,26.5,26.9,70.5,6.88
A21007_4377,52.5175,10.9425,4.9,58.5,15.3,26.2,29.5,79.4,6.81
A20894_4322,52.235,10.805,4.9,28.5,28.6,42.9,28.5,72.2,6.4
A20908_4240,52.27,10.6,5.0,38.8,22.6,38.5,31.2,68.1,8.19
A20951_4292,52.3775,10.73,5.2,48.7,16.6,34.7,27.7,65.9,6.64
A21017_4136,52.5425,10.34,5.9,72.8,9.8,17.3,26.8,61.1,7.29
A20892_4223,52.23,10.5575,5.1,34.7,29.0,36.3,30.2,69.8,7.48
A20920_4328,52.3,10.82,6.1,47.2,20.4,32.4,29.3,60.4,8.23
A20927_4181,52.3175,10.4525,5.9,50.7,21.4,27.9,29.5,62.0,7.09
A20902_4183,52.255,10.4575,5.6,39.5,23.0,37.5,30.4,66.9,6.13
A21121_4425,52.8025,11.0625,5.1,64.8,13.2,21.9,29.7,69.0,8.48
A20908_4239,52.27,10.5975,5.1,37.3,25.2,37.5,32.2,72.7,7.31
A20933_4047,52.3325,10.1175,5.7,48.2,19.2,32.5,28.7,65.6,5.67
A20896_4389,52.24,10.9725,6.3,42.5,22.1,35.3,32.4,65.8,6.92
A20925_4186,52.3125,10.465,5.8,49.7,19.2,31.1,29.7,51.5,6.68
A20893_4227,52.2325,10.5675,5.4,35.2,28.6,36.2,30.4,79.0,7.64
A20887_4223,52.2175,10.5575,6.4,29.6,23.3,47.1,31.9,56.8,8.02
A20840_4128,52.1,10.32,5.2,22.2,26.2,51.6,28.2,79.5,6.76
A20993_4058,52.4825,10.145,5.2,58.3,19.0,22.7,27.9,71.4,6.52
A20963_4195,52.4075,10.4875,5.0,56.5,17.6,25.9,28.9,66.2,6.28
A21004_4401,52.51,11.0025,4.9,64.3,13.7,22.1,29.4,87.7,6.66
A21117_4172,52.7925,10.43,4.7,69.9,11.9,18.2,24.9,79.2,5.55
A20904_4181,52.26,10.4525,5.9,41.6,22.0,36.4,32.1,65.5,6.4
A20904_4184,52.26,10.46,5.9,41.4,23.6,35.0,32.2,58.9,6.33
A20899_4186,52.2475,10.465,5.8,41.0,23.0,36.0,30.3,57.9,5.82
A20925_4213,52.3125,10.5325,5.5,44.3,25.1,30.6,29.3,66.1,7.16
A21021_4130,52.5525,10.325,5.4,64.9,12.1,23.0,28.3,77.7,6.12
A20939_4052,52.3475,10.13,5.1,44.6,19.4,36.0,26.9,71.8,5.93
A21022_4131,52.555,10.3275,5.2,69.8,10.1,20.1,29.1,93.4,5.96
A21016_4137,52.54,10.3425,5.4,73.3,9.1,17.6,27.8,78.5,7.49
A20885_4308,52.2125,10.77,5.2,23.7,29.1,47.2,28.7,77.9,5.99
A20832_4081,52.08,10.2025,5.3,21.3,28.3,50.4,28.2,65.0,5.23
A20922_4337,52.305,10.8425,6.4,48.7,21.1,30.2,28.0,48.2,7.17
A20842_4130,52.105,10.325,5.5,19.6,32.0,48.3,28.9,68.6,4.65
A20897_4429,52.2425,11.0725,4.9,30.8,22.2,47.1,31.7,79.5,7.22
A20857_4291,52.1425,10.7275,6.7,31.3,33.4,35.3,29.8,47.8,7.76
A20899_4302,52.2475,10.755,5.3,29.3,31.6,39.1,28.3,79.6,6.62
A20919_4202,52.2975,10.505,5.8,42.1,27.9,30.0,32.7,60.0,6.19
A20920_4273,52.3,10.6825,5.3,51.5,15.5,33.0,32.2,83.0,7.61
A20925_4224,52.3125,10.56,5.4,42.5,26.3,31.2,31.2,77.6,6.23
A20902_4209,52.255,10.5225,5.4,38.2,25.2,36.6,28.8,91.0,9.11
A20901_4336,52.2525,10.84,6.5,40.0,22.2,37.8,28.5,58.9,7.61
A20969_4374,52.4225,10.935,4.9,54.3,17.4,28.2,32.3,72.4,8.14
A20874_4324,52.185,10.81,5.1,24.6,24.4,51.0,27.4,78.0,5.36
A20951_4168,52.3775,10.42,4.9,57.2,16.6,26.3,26.3,78.1,5.5
A20933_4241,52.3325,10.6025,5.1,36.8,22.2,41.0,30.6,91.1,7.09
A20846_4129,52.115,10.3225,5.3,18.4,30.0,51.6,27.8,73.6,5.59
A20870_4324,52.175,10.81,5.1,28.3,29.2,42.4,28.7,76.1,7.34
A20842_4137,52.105,10.3425,5.4,20.1,32.7,47.1,28.2,65.5,5.69
A20902_4300,52.255,10.75,6.6,30.5,30.1,39.4,29.5,70.6,9.2
A20903_4242,52.2575,10.605,5.1,44.4,23.5,32.1,30.7,90.1,6.68
A20901_4241,52.2525,10.6025,5.2,38.9,25.6,35.5,31.0,76.8,7.36
A20857_4258,52.1425,10.645,5.3,25.3,27.3,47.5,27.8,89.9,5.79
A20909_4383,52.2725,10.9575,5.2,40.6,21.5,37.9,29.2,68.7,8.65
A20902_4242,52.255,10.605,5.2,44.9,24.4,30.6,30.4,86.1,6.95
A20900_4270,52.25,10.675,5.8,37.0,24.3,38.7,29.4,64.5,7.04
A20912_4188,52.28,10.47,5.3,45.8,19.8,34.4,32.1,81.8,5.93
A20854_4191,52.135,10.4775,5.5,20.9,30.4,48.7,29.3,76.0,6.12
A20965_4297,52.4125,10.7425,5.9,50.4,12.7,36.9,27.2,49.9,6.39
A20966_4366,52.415,10.915,4.7,48.2,19.5,32.3,29.4,74.7,7.84
A20901_4169,52.2525,10.4225,6.5,32.6,23.5,43.9,31.2,60.3,5.64
A20919_4220,52.2975,10.55,5.3,47.7,19.0,33.4,32.7,81.2,7.64
A20910_4403,52.275,11.0075,5.1,27.3,22.9,49.8,30.8,60.7,7.11
A20949_4099,52.3725,10.2475,5.9,57.1,13.5,29.5,26.7,57.3,5.67
A20912_4187,52.28,10.4675,5.3,45.8,19.8,34.4,32.1,81.8,5.93
A20855_4191,52.1375,10.4775,6.0,20.7,30.4,48.9,28.9,63.3,5.66
A20857_4304,52.1425,10.76,6.6,28.3,33.6,38.2,31.9,59.6,6.69
A20905_4233,52.2625,10.5825,5.5,39.4,26.1,34.5,31.5,80.9,8.01
A20981_4286,52.4525,10.715,4.9,62.1,12.5,25.4,30.1,82.9,7.7
A20981_4294,52.4525,10.735,5.9,62.4,15.6,22.1,28.0,59.2,7.73
A20912_4189,52.28,10.4725,5.2,45.0,21.1,33.9,32.0,88.9,6.11
A20920_4250,52.3,10.625,5.1,47.1,17.9,34.9,30.8,88.4,8.28
A20919_4203,52.2975,10.5075,6.0,41.7,27.8,30.5,31.7,58.0,6.81
A20902_4240,52.255,10.6,5.2,38.9,24.8,36.3,30.8,84.8,7.09
A20913_4190,52.2825,10.475,5.1,42.5,22.3,35.2,32.2,88.6,5.8
A20902_4241,52.255,10.6025,5.2,38.9,24.8,36.3,30.8,84.8,7.09
A20918_4202,52.295,10.505,6.2,41.6,29.0,29.4,32.6,58.8,6.42
A20970_4376,52.425,10.94,4.8,57.1,17.4,25.4,31.3,85.2,8.25
A21022_4132,52.555,10.33,5.2,68.4,11.5,20.1,28.5,95.0,6.12
A20823_4079,52.0575,10.1975,5.1,21.1,24.4,54.5,27.8,75.1,5.67
A20918_4247,52.295,10.6175,5.8,40.2,22.3,37.4,28.2,68.1,7.96
A20856_4258,52.14,10.645,5.3,25.7,23.2,51.1,28.3,88.6,5.87
A20873_4218,52.1825,10.545,5.2,33.6,27.8,38.6,30.1,69.8,7.99
A20964_4317,52.41,10.7925,5.0,50.6,15.3,34.1,29.8,78.0,6.38
A20958_4209,52.395,10.5225,5.1,60.3,17.7,22.0,28.0,78.1,5.97
A20938_4286,52.345,10.715,5.0,51.6,16.7,31.6,29.6,80.4,6.47
A20981_4287,52.4525,10.7175,4.9,62.1,12.5,25.4,30.1,82.9,7.7
A20896_4239,52.24,10.5975,6.5,36.1,27.3,36.5,32.6,65.8,7.02
A20856_4260,52.14,10.65,5.3,24.6,26.4,49.0,28.0,85.4,5.83
A20912_4184,52.28,10.46,5.2,46.5,20.5,33.1,30.7,70.8,6.55
A20856_4261,52.14,10.6525,5.2,25.4,27.1,47.4,27.9,88.3,5.86
A20855_4259,52.1375,10.6475,5.3,24.9,22.4,52.7,28.0,88.1,5.87
A20861_4134,52.1525,10.335,6.1,22.1,29.4,48.4,29.7,55.7,5.49
A20856_4321,52.14,10.8025,6.6,40.7,21.6,37.7,30.4,54.6,5.92
A21022_4130,52.555,10.325,5.2,69.7,10.4,19.9,29.2,91.4,6.07
A20855_4256,52.1375,10.64,5.3,29.7,25.7,44.6,27.9,93.0,6.29
A21029_4114,52.5725,10.285,5.4,68.7,13.6,17.7,25.6,60.8,5.84
A20921_4178,52.3025,10.445,5.8,44.3,23.5,32.2,30.1,72.1,5.62
A20842_4110,52.105,10.275,5.7,20.0,31.3,48.7,28.1,49.0,5.54
A20924_4186,52.31,10.465,5.8,50.1,18.8,31.0,29.5,58.8,6.14
A20904_4225,52.26,10.5625,5.8,37.7,22.4,39.9,28.7,66.8,7.13
A20965_4318,52.4125,10.795,5.2,52.4,16.6,31.0,29.6,72.4,6.97
A20966_4242,52.415,10.605,5.8,57.9,15.7,26.3,29.2,65.4,6.93
A20919_4215,52.2975,10.5375,5.3,47.6,18.5,33.9,31.9,84.1,6.83
A20919_4247,52.2975,10.6175,6.3,41.7,22.6,35.7,27.9,65.0,8.53
A20917_4252,52.2925,10.63,5.3,42.6,21.7,35.7,31.9,86.3,7.75
A20927_4173,52.3175,10.4325,6.2,41.8,26.4,31.8,30.2,56.5,6.36
A20826_4155,52.065,10.3875,5.2,21.3,30.8,47.9,27.2,72.3,5.84
A20906_4233,52.265,10.5825,6.1,38.2,26.1,35.8,31.5,66.2,7.64
A20907_4223,52.2675,10.5575,5.2,35.4,25.9,38.7,30.2,94.7,7.53
A20825_4156,52.0625,10.39,6.7,24.1,28.4,47.5,28.2,65.6,6.33
A20949_4285,52.3725,10.7125,4.9,49.2,18.8,32.0,28.9,76.8,6.37
A21127_4057,52.8175,10.1425,4.8,52.8,22.0,25.2,26.0,81.5,5.64
A20909_4316,52.2725,10.79,6.5,48.5,20.3,31.1,29.6,59.4,8.62
A20913_4322,52.2825,10.805,5.2,50.3,18.8,30.8,30.9,75.3,8.06
A21002_4134,52.505,10.335,6.2,66.5,14.8,18.8,26.9,53.0,5.83
A20908_4237,52.27,10.5925,5.1,38.0,25.9,36.1,32.3,70.8,6.88
A20891_4232,52.2275,10.58,5.4,40.0,21.8,38.2,31.3,77.3,6.99
A20930_4166,52.325,10.415,5.7,51.7,18.2,30.2,30.4,66.0,6.19
A20954_4285,52.385,10.7125,5.0,50.5,14.5,35.0,30.7,70.0,6.71
A20916_4323,52.29,10.8075,5.0,50.4,19.0,30.6,30.2,76.1,7.19
A20894_4234,52.235,10.585,6.4,31.0,27.8,41.2,31.8,59.1,7.88
A20954_4289,52.385,10.7225,5.0,50.8,14.8,34.5,29.6,72.5,7.13
A20904_4239,52.26,10.5975,5.1,43.8,24.0,32.2,31.3,79.6,6.62
A20874_4212,52.185,10.53,6.4,38.6,24.7,36.7,32.4,56.8,6.65
A20880_4072,52.2,10.18,6.8,23.2,22.7,54.1,28.3,44.1,6.73
A21121_4058,52.8025,10.145,5.0,47.1,20.2,32.8,30.1,87.0,4.86
A20936_4251,52.34,10.6275,5.0,46.7,17.4,35.9,29.2,65.9,6.8
A20909_4227,52.2725,10.5675,6.1,37.2,24.2,38.6,29.9,67.6,6.65
A20921_4189,52.3025,10.4725,6.4,44.2,23.9,31.9,29.2,54.5,6.5
A20891_4224,52.2275,10.56,5.3,39.2,24.6,36.1,31.3,81.1,7.24
A20848_4133,52.12,10.3325,5.1,23.2,30.7,46.1,27.5,68.3,6.22
A20979_4324,52.4475,10.81,5.4,64.1,13.5,22.5,28.3,70.0,6.73
A20851_4112,52.1275,10.28,5.2,17.5,26.2,56.3,27.8,74.2,5.75
A20841_4108,52.1025,10.27,5.5,19.1,35.4,45.5,29.7,76.6,5.6
A20841_4107,52.1025,10.2675,5.4,19.6,33.4,47.0,28.7,68.2,5.7
A20851_4113,52.1275,10.2825,5.2,17.5,26.2,56.3,27.8,74.2,5.75
A20907_4224,52.2675,10.56,5.2,37.1,23.9,39.0,30.8,86.0,7.3
A21070_4290,52.675,10.725,4.9,60.8,12.8,26.4,29.1,85.2,5.96
A20907_4353,52.2675,10.8825,5.1,31.3,23.9,44.8,30.7,87.1,6.34
A21010_4246,52.525,10.615,5.1,64.5,14.5,21.1,26.8,68.0,6.19
A20877_4318,52.1925,10.795,5.1,20.2,28.3,51.5,27.0,73.6,5.39
A20931_4230,52.3275,10.575,5.0,41.8,22.2,36.0,30.3,70.4,6.13
A20917_4142,52.2925,10.355,5.1,38.9,19.2,41.9,30.1,82.1,5.99
A20833_4150,52.0825,10.375,5.3,23.0,31.8,45.2,27.7,70.5,5.54
A20945_4107,52.3625,10.2675,5.1,57.1,13.8,29.2,27.5,99.1,6.83
A20939_4287,52.3475,10.7175,5.1,56.3,16.0,27.7,27.9,60.3,6.72
A20969_4383,52.4225,10.9575,6.1,58.0,15.8,26.2,31.5,60.1,7.31
A20843_4156,52.1075,10.39,6.5,18.2,26.6,55.2,29.8,65.9,5.95
A20981_4176,52.4525,10.44,5.3,62.3,14.3,23.4,25.9,65.5,4.82
A21019_4061,52.5475,10.1525,6.2,70.0,12.9,17.2,30.7,59.2,5.71
A20956_4289,52.39,10.7225,5.2,50.0,15.7,34.4,29.8,70.9,7.05
A20993_4295,52.4825,10.7375,6.2,61.9,11.9,26.3,28.3,51.5,6.89
A20953_4286,52.3825,10.715,5.0,47.6,17.0,35.4,29.0,77.9,6.24
A20984_4193,52.46,10.4825,4.9,64.1,13.4,22.5,26.9,67.4,5.79
A20920_4326,52.3,10.815,5.1,48.8,20.4,30.8,29.2,62.8,8.04
A20876_4218,52.19,10.545,5.2,39.7,23.3,37.1,31.2,74.4,8.22
A20876_4318,52.19,10.795,5.0,19.5,29.7,50.8,26.3,70.6,5.85
A20997_4310,52.4925,10.775,5.9,57.5,16.2,26.3,30.0,63.6,8.19
A20876_4219,52.19,10.5475,5.2,39.7,25.1,35.2,30.8,74.8,8.16
A20997_4294,52.4925,10.735,5.0,61.6,11.9,26.5,27.6,69.4,6.5
A21129_4054,52.8225,10.135,5.0,52.7,20.4,26.8,26.3,76.0,5.42
A20904_4185,52.26,10.4625,5.9,41.4,23.6,35.0,32.2,58.9,6.33
A20896_4411,52.24,11.0275,4.9,29.6,25.0,45.4,31.9,80.7,5.69
A20849_4112,52.1225,10.28,5.2,18.8,26.1,55.1,27.5,82.4,6.16
A20920_4329,52.3,10.8225,5.8,51.7,19.0,29.3,29.1,62.4,8.4
A20843_4113,52.1075,10.2825,6.0,19.4,31.0,49.6,27.7,61.2,5.52
A20848_4130,52.12,10.325,5.2,21.8,29.2,49.0,27.4,79.2,5.62
A20902_4103,52.255,10.2575,6.6,30.7,24.6,44.7,28.4,46.8,5.19
A20847_4142,52.1175,10.355,6.7,19.1,26.3,54.6,28.7,50.3,6.47
A20845_4133,52.1125,10.3325,5.3,22.8,29.6,47.6,28.8,81.1,5.78
A20985_4379,52.4625,10.9475,6.1,62.5,12.1,25.4,31.3,75.7,7.55
A20932_4177,52.33,10.4425,6.0,52.5,23.7,23.9,31.4,78.0,7.47
A20932_4290,52.33,10.725,4.9,53.5,17.8,28.7,30.2,69.0,7.0
A20922_4267,52.305,10.6675,5.3,46.1,19.6,34.3,32.4,73.3,8.53
A20848_4113,52.12,10.2825,5.2,23.1,30.0,46.9,26.4,78.1,5.98
A20848_4115,52.12,10.2875,5.4,24.2,32.3,43.5,26.6,68.4,6.22
A20918_4250,52.295,10.625,5.3,42.8,22.5,34.7,30.7,91.6,8.13
A20925_4184,52.3125,10.46,6.1,52.4,18.7,28.9,30.3,58.1,6.32
A20848_4114,52.12,10.285,5.4,24.2,32.3,43.5,26.6,68.4,6.22
A21131_4090,52.8275,10.225,4.9,44.8,22.3,32.9,25.5,93.4,4.92
A20918_4252,52.295,10.63,5.3,43.3,21.8,34.9,31.7,84.7,8.22
A20848_4117,52.12,10.2925,5.3,24.2,33.7,42.1,27.5,61.5,5.91
A20982_4321,52.455,10.8025,5.0,59.6,15.4,25.0,29.1,75.5,7.74
A20916_4309,52.29,10.7725,5.2,33.3,22.9,43.8,31.5,83.6,5.94
A20915_4309,52.2875,10.7725,5.2,33.7,22.9,43.4,31.8,85.2,6.79
A20917_4309,52.2925,10.7725,5.1,34.3,23.1,42.6,30.0,77.8,6.1
A20958_4219,52.395,10.5475,6.1,60.2,14.2,25.6,28.4,56.5,6.66
A20910_4324,52.275,10.81,5.0,49.7,21.2,29.2,29.1,85.3,7.91
A20913_4156,52.2825,10.39,5.7,38.4,19.8,41.8,31.0,67.1,6.05
A20891_4273,52.2275,10.6825,5.5,32.1,23.1,44.8,33.4,68.3,6.21
A21036_4340,52.59,10.85,4.8,58.9,13.7,27.5,27.0,75.6,5.61
A21118_4346,52.795,10.865,4.9,60.6,13.4,26.0,28.6,88.1,6.86
A20992_4201,52.48,10.5025,4.9,59.1,15.2,25.7,27.2,75.6,5.28
A21041_4319,52.6025,10.7975,4.6,63.8,13.1,23.2,26.9,73.8,6.51
A21102_4105,52.755,10.2625,5.1,63.6,12.8,23.6,26.7,60.0,5.35
A20821_4069,52.0525,10.1725,5.1,23.1,30.8,46.1,27.7,62.2,5.92
A20892_4181,52.23,10.4525,6.6,37.3,24.6,38.1,31.0,50.1,6.5
A21024_4259,52.56,10.6475,5.6,57.5,12.5,30.0,27.4,60.1,6.12
A20839_4134,52.0975,10.335,5.4,19.9,31.6,48.5,27.6,57.9,6.36
A21025_4261,52.5625,10.6525,5.4,56.5,12.1,31.4,28.9,65.7,6.07
A20989_4290,52.4725,10.725,6.0,63.2,12.5,24.3,27.6,65.1,6.75
A20955_4280,52.3875,10.7,5.5,56.2,14.3,29.5,30.1,51.8,7.53
A21030_4205,52.575,10.5125,5.1,62.8,11.1,26.1,27.3,69.1,6.4
A20952_4283,52.38,10.7075,5.1,48.9,17.2,33.8,29.8,78.1,6.07
A20954_4282,52.385,10.705,5.1,51.7,14.5,33.8,29.8,81.3,6.89
A20955_4281,52.3875,10.7025,5.7,53.3,15.0,31.7,29.3,55.6,6.75
A20938_4282,52.345,10.705,5.1,53.4,15.6,31.0,29.8,72.7,7.49
A20950_4292,52.375,10.73,5.1,48.5,18.1,33.3,27.9,67.9,6.2
A21054_4290,52.635,10.725,4.8,56.8,11.9,31.3,26.3,74.9,5.88
A20909_4234,52.2725,10.585,5.1,37.1,28.3,34.6,30.7,77.4,8.03
A21118_4046,52.795,10.115,5.7,58.2,12.0,29.8,30.6,72.2,5.11
A20972_4111,52.43,10.2775,5.5,51.5,20.7,27.8,25.1,74.7,6.39
A20849_4131,52.1225,10.3275,5.2,17.7,29.2,53.1,28.0,65.0,5.31
A20903_4225,52.2575,10.5625,5.3,38.9,22.3,38.8,29.1,81.4,7.59
A20938_4289,52.345,10.7225,5.0,49.4,16.9,33.8,29.8,68.7,6.51
A21115_4051,52.7875,10.1275,4.9,69.5,11.4,19.1,28.5,94.5,4.97
A21119_4048,52.7975,10.12,4.8,58.7,12.6,28.7,28.7,93.9,5.6
A20935_4284,52.3375,10.71,5.0,55.6,16.1,28.3,29.0,72.0,6.24
A20938_4290,52.345,10.725,5.1,50.2,16.6,33.2,30.1,77.8,6.83
A21035_4274,52.5875,10.685,4.8,55.3,10.2,34.5,26.6,77.3,7.23
A21029_4283,52.5725,10.7075,4.7,56.1,16.5,27.4,27.3,77.2,5.88
A20935_4289,52.3375,10.7225,4.9,52.4,17.3,30.3,28.4,65.4,6.58
A20906_4231,52.265,10.5775,5.8,37.7,26.3,36.0,31.3,57.5,7.25
A20888_4234,52.22,10.585,5.4,39.3,21.9,38.8,31.6,77.7,8.13
A20925_4238,52.3125,10.595,6.3,43.0,20.7,36.3,30.1,63.0,5.91
A21093_4191,52.7325,10.4775,5.0,61.9,9.6,28.4,28.7,84.0,4.78
A21029_4204,52.5725,10.51,5.2,62.8,11.1,26.1,28.1,63.1,5.7
A20869_4187,52.1725,10.4675,6.4,32.6,27.8,39.5,28.9,63.3,6.39
A20954_4291,52.385,10.7275,5.0,49.5,14.5,36.0,29.7,78.7,8.6
A21077_4458,52.6925,11.145,4.7,56.7,13.5,29.8,30.2,80.7,6.56
A20997_4295,52.4925,10.7375,5.0,61.9,12.2,26.0,27.6,69.7,6.59
A20953_4282,52.3825,10.705,5.0,48.9,16.7,34.4,28.2,82.3,6.27
A20924_4191,52.31,10.4775,6.0,48.1,20.0,31.9,29.2,62.0,6.99
A21107_4109,52.7675,10.2725,4.7,50.5,16.7,32.7,27.4,88.4,6.04
A21090_4079,52.725,10.1975,4.8,60.5,10.9,28.6,26.3,81.9,4.99
A21091_4080,52.7275,10.2,4.7,55.8,12.5,31.7,23.8,79.0,4.87
A20917_4251,52.2925,10.6275,6.3,40.6,20.1,39.3,31.6,61.1,7.97
A20842_4112,52.105,10.28,5.4,18.9,33.8,47.3,26.6,70.3,6.24
A20909_4235,52.2725,10.5875,5.1,37.1,28.3,34.6,30.7,77.4,8.03
A20850_4132,52.125,10.33,5.9,21.6,31.1,47.4,28.6,60.5,5.61
A20843_4128,52.1075,10.32,5.3,20.1,32.4,47.6,28.2,77.2,5.25
A20916_4220,52.29,10.55,5.6,43.9,23.3,32.9,30.4,84.7,7.18
A20846_4106,52.115,10.265,5.2,24.9,31.9,43.2,29.0,80.0,5.89
A20929_4179,52.3225,10.4475,6.4,53.2,20.0,26.8,29.6,56.6,7.55
A20993_4075,52.4825,10.1875,5.3,55.3,20.7,24.0,24.2,86.7,5.95
A20986_4320,52.465,10.8,5.4,62.7,12.8,24.6,29.3,69.7,6.46
A20911_4324,52.2775,10.81,5.1,51.3,17.7,30.9,29.6,83.3,8.36
A20874_4394,52.185,10.985,6.5,31.4,22.0,46.6,30.4,55.0,7.28
A20912_4190,52.28,10.475,5.2,41.7,22.8,35.5,31.8,86.1,6.21
A20909_4228,52.2725,10.57,6.0,36.9,25.4,37.7,28.6,64.6,6.72
A20908_4228,52.27,10.57,5.8,36.4,25.6,38.0,29.6,66.8,6.77
A20904_4244,52.26,10.61,5.0,42.5,24.5,33.1,31.4,75.6,6.75
A20847_4115,52.1175,10.2875,5.3,23.1,32.1,44.7,27.2,88.3,6.29
A20917_4340,52.2925,10.85,6.2,48.8,19.4,31.9,30.4,60.2,7.3
A20904_4238,52.26,10.595,5.1,43.8,24.0,32.2,31.3,79.6,6.62
A20848_4132,52.12,10.33,5.1,21.9,32.0,46.1,27.2,74.1,5.98
A20981_4288,52.4525,10.72,5.0,63.7,13.5,22.8,30.1,77.8,7.2
A20847_4107,52.1175,10.2675,5.2,24.6,29.7,45.8,28.6,73.7,5.8
A20849_4110,52.1225,10.275,5.2,21.1,27.3,51.6,27.8,79.1,6.22
A20859_4257,52.1475,10.6425,5.3,27.5,29.3,43.2,29.2,88.4,6.1
A20964_4321,52.41,10.8025,5.0,50.8,17.4,31.8,29.7,70.6,7.5
A20867_4292,52.1675,10.73,6.0,30.6,22.8,46.7,32.5,68.6,6.68
A20990_4139,52.475,10.3475,5.7,66.6,15.2,18.2,25.7,68.4,5.13
A20892_4207,52.23,10.5175,5.6,35.9,26.0,38.1,29.8,75.3,9.37
A20824_4064,52.06,10.16,5.3,19.3,27.6,53.1,28.0,61.0,6.15
A20912_4183,52.28,10.4575,5.2,46.5,20.5,33.1,30.7,70.8,6.55
A20824_4062,52.06,10.155,5.4,19.0,29.5,51.5,30.2,75.5,6.11
A20929_4167,52.3225,10.4175,5.9,46.5,19.0,34.5,31.2,56.5,5.74
A20904_4188,52.26,10.47,5.8,40.1,24.0,35.8,31.3,57.7,6.95
A20928_4168,52.32,10.42,5.8,46.5,17.3,36.2,30.4,57.0,6.18
A20845_4124,52.1125,10.31,5.2,20.1,32.9,47.0,28.1,75.7,5.61
A20981_4326,52.4525,10.815,4.8,64.2,13.2,22.6,28.4,74.2,6.95
A20970_4046,52.425,10.115,5.1,46.1,24.0,29.9,26.0,65.3,5.9
A20931_4231,52.3275,10.5775,5.1,40.0,20.7,39.3,31.5,68.9,6.21
A20904_4240,52.26,10.6,5.1,45.2,23.5,31.2,30.8,82.2,6.44
A20892_4227,52.23,10.5675,5.3,34.8,28.2,37.0,30.2,77.0,6.85
A20912_4238,52.28,10.595,5.5,38.7,23.5,37.7,30.6,69.0,6.85
A20939_4048,52.3475,10.12,5.4,47.0,19.5,33.6,27.8,64.4,4.87
A20936_4053,52.34,10.1325,5.2,45.5,21.5,33.1,27.5,67.0,6.12
A20971_4046,52.4275,10.115,5.1,45.9,23.3,30.8,25.6,65.9,5.77
A20845_4123,52.1125,10.3075,5.2,20.1,32.9,47.0,28.1,75.7,5.61
A20847_4116,52.1175,10.29,5.3,23.1,33.7,43.1,27.2,78.0,6.19
A20950_4203,52.375,10.5075,5.7,55.7,15.0,29.2,28.6,56.6,6.48
A20846_4123,52.115,10.3075,5.3,20.4,32.9,46.7,27.6,69.7,5.7
A20903_4224,52.2575,10.56,5.2,36.8,25.1,38.1,28.9,82.2,8.52
A20937_4049,52.3425,10.1225,5.4,42.0,23.2,34.7,27.5,67.4,6.09
A20919_4137,52.2975,10.3425,5.2,38.8,21.4,39.8,31.2,91.5,5.96
A20973_4356,52.4325,10.89,4.8,56.9,15.0,28.0,29.9,74.3,8.02
A20870_4332,52.175,10.83,5.0,22.0,25.4,52.6,27.7,62.5,5.7
A20897_4303,52.2425,10.7575,5.2,28.5,31.9,39.6,27.6,81.4,6.5
A20845_4120,52.1125,10.3,5.1,22.3,33.1,44.6,27.1,73.1,6.05
A20950_4200,52.375,10.5,6.2,53.7,17.5,28.9,28.0,49.0,6.26
A20904_4241,52.26,10.6025,5.2,43.6,24.9,31.6,30.9,77.5,6.74
A20945_4168,52.3625,10.42,5.1,60.1,15.7,24.2,28.6,58.9,5.74
A21035_4197,52.5875,10.4925,5.0,61.3,13.5,25.1,27.0,77.6,6.35
A20918_4201,52.295,10.5025,5.4,41.2,29.4,29.4,32.5,71.6,7.34
A20892_4299,52.23,10.7475,5.2,22.5,28.4,49.0,25.2,78.1,5.78
A20937_4050,52.3425,10.125,5.2,41.9,23.3,34.8,27.5,80.9,6.48
A20859_4354,52.1475,10.885,5.8,23.9,26.7,49.5,27.6,57.0,5.86
A20906_4237,52.265,10.5925,5.1,43.6,22.2,34.1,32.2,77.1,6.65
A20980_4227,52.45,10.5675,4.9,58.5,16.1,25.4,29.5,79.2,7.34
A20938_4048,52.345,10.12,5.2,42.9,21.7,35.4,28.1,72.7,5.94
A20848_4128,52.12,10.32,5.2,21.7,29.1,49.1,27.6,69.5,5.42
A20845_4127,52.1125,10.3175,5.3,18.1,28.4,53.4,28.3,72.7,5.89
A20969_4097,52.4225,10.2425,5.2,53.7,19.8,26.5,26.8,72.6,6.32
A20973_4357,52.4325,10.8925,4.8,56.9,15.0,28.0,29.9,74.3,8.02
A20937_4052,52.3425,10.13,5.1,41.6,22.9,35.5,27.7,81.1,6.38
A21050_4303,52.625,10.7575,4.7,55.6,14.8,29.6,24.9,80.2,5.24
A21011_4209,52.5275,10.5225,5.2,66.0,14.1,19.9,26.6,76.5,5.42
A20965_4365,52.4125,10.9125,4.8,45.4,19.6,34.9,28.8,79.2,7.44
A21026_4251,52.565,10.6275,5.1,62.0,13.9,24.1,27.7,73.3,6.61
A20919_4251,52.2975,10.6275,5.2,47.9,17.6,34.5,31.4,84.4,8.13
A21070_4046,52.675,10.115,5.2,66.9,10.0,23.1,26.5,74.8,5.07
A20971_4042,52.4275,10.105,5.0,49.7,18.8,31.5,26.7,67.8,6.36
A20823_4061,52.0575,10.1525,5.3,17.4,27.7,54.9,29.9,68.1,5.4
A20825_4062,52.0625,10.155,5.2,18.6,26.9,54.5,30.1,72.0,5.32
A20929_4183,52.3225,10.4575,5.6,50.8,18.8,30.4,30.1,76.4,7.87
A20903_4189,52.2575,10.4725,5.7,40.4,24.7,35.0,30.6,65.1,6.61
A20903_4183,52.2575,10.4575,6.0,40.5,23.4,36.1,31.7,60.1,6.04
A20907_4236,52.2675,10.59,5.1,37.5,26.4,36.1,31.9,72.6,7.16
A20870_4232,52.175,10.58,6.4,26.4,25.6,48.0,31.8,51.9,7.13
A21022_4086,52.555,10.215,5.1,71.3,14.1,14.6,27.8,90.3,5.91
A20920_4259,52.3,10.6475,5.2,45.7,19.6,34.8,32.9,86.4,7.98
A20921_4134,52.3025,10.335,5.9,40.0,23.7,36.3,30.1,70.0,6.42
A20932_4237,52.33,10.5925,5.1,38.7,20.6,40.7,31.8,77.3,6.29
A20848_4125,52.12,10.3125,5.3,20.8,32.8,46.5,27.0,70.0,5.42
A20965_4266,52.4125,10.665,6.2,61.1,14.6,24.3,27.8,65.8,6.09
A21006_4044,52.515,10.11,5.2,59.6,14.2,26.3,27.6,69.3,6.65
A20922_4191,52.305,10.4775,6.3,43.3,23.1,33.6,30.4,52.0,6.56
A20947_4167,52.3675,10.4175,5.5,59.5,13.0,27.4,27.8,63.7,5.51
A20840_4129,52.1,10.3225,5.2,19.3,29.0,51.6,27.6,75.2,6.21
A20943_4231,52.3575,10.5775,6.2,47.4,18.4,34.2,28.8,49.5,7.78
A20909_4239,52.2725,10.5975,5.0,36.4,25.3,38.3,32.0,81.3,7.87
A20849_4124,52.1225,10.31,5.4,14.7,26.7,58.6,27.7,54.7,5.36
A20841_4129,52.1025,10.3225,5.5,21.5,31.8,46.7,27.9,68.7,6.19
A20841_4130,52.1025,10.325,5.6,20.8,33.1,46.1,27.1,70.6,5.79
A20936_4201,52.34,10.5025,5.8,49.4,21.7,28.9,29.7,57.8,7.78
A21005_4042,52.5125,10.105,5.2,57.3,13.6,29.1,27.4,65.6,7.01
A21006_4042,52.515,10.105,5.2,59.4,13.3,27.2,27.0,67.8,7.15
A20926_4246,52.315,10.615,6.2,45.2,20.0,34.9,32.7,58.4,7.1
A20871_4184,52.1775,10.46,5.4,23.4,28.3,48.3,29.8,76.2,6.14
A20867_4152,52.1675,10.38,5.3,20.5,28.8,50.6,30.0,70.1,5.99
A20905_4185,52.2625,10.4625,5.9,42.8,22.4,34.7,31.8,58.4,6.31
A20913_4186,52.2825,10.465,6.0,46.2,19.9,33.9,30.3,60.1,5.31
A21012_4188,52.53,10.47,5.0,65.3,15.1,19.6,25.6,78.7,6.15
A20909_4226,52.2725,10.565,6.1,37.2,24.2,38.6,29.9,67.6,6.65
A20839_4129,52.0975,10.3225,5.5,19.9,29.2,50.9,27.4,61.2,6.62
A20932_4186,52.33,10.465,6.3,52.4,21.0,26.6,27.9,58.8,6.65
A20970_4147,52.425,10.3675,5.9,67.7,10.5,21.8,27.6,64.3,5.99
A20920_4257,52.3,10.6425,5.3,47.8,20.3,31.9,31.5,88.3,8.02
A20893_4231,52.2325,10.5775,5.8,30.4,26.1,43.5,33.2,66.7,7.32
A20874_4183,52.185,10.4575,6.5,27.7,24.9,47.5,29.7,65.0,7.12
A20968_4151,52.42,10.3775,6.1,62.3,12.3,25.3,29.4,54.9,7.74
A20929_4180,52.3225,10.45,6.3,54.8,20.5,24.7,29.8,67.0,7.59
A20879_4289,52.1975,10.7225,5.3,26.1,26.0,47.9,27.5,66.8,6.05
A20938_4174,52.345,10.435,5.8,51.8,18.3,29.9,33.2,71.5,6.98
A20856_4312,52.14,10.78,6.7,29.2,32.6,38.2,30.2,58.1,6.35
A20983_4143,52.4575,10.3575,5.2,60.7,18.4,20.9,25.6,88.7,5.5
A20984_4146,52.46,10.365,4.9,58.8,17.2,24.0,25.9,60.3,5.07
A20892_4225,52.23,10.5625,5.3,34.5,29.1,36.4,30.2,75.5,6.75
A20892_4232,52.23,10.58,5.4,33.2,25.8,41.1,32.4,76.8,7.68
A20893_4230,52.2325,10.575,5.3,31.4,25.0,43.6,33.1,77.5,7.5
A20948_4169,52.37,10.4225,6.0,61.0,14.4,24.6,28.7,44.9,5.54
A20892_4230,52.23,10.575,5.3,31.0,25.0,44.1,31.9,78.8,7.25
A21010_4050,52.525,10.125,6.2,45.8,18.9,35.2,27.9,60.0,6.05
A20905_4239,52.2625,10.5975,5.2,43.7,24.4,31.9,31.2,75.6,6.25
A21033_4067,52.5825,10.1675,5.5,68.1,13.9,18.0,26.3,69.7,5.78
A20968_4150,52.42,10.375,5.5,61.4,13.5,25.1,29.4,61.1,7.36
A20967_4150,52.4175,10.375,6.0,61.9,12.8,25.3,28.8,54.5,6.89
A20969_4147,52.4225,10.3675,5.3,67.2,10.1,22.6,28.3,68.5,6.24
A20892_4233,52.23,10.5825,5.4,33.2,25.8,41.1,32.4,76.8,7.68
A20968_4149,52.42,10.3725,5.4,62.0,11.5,26.5,28.4,67.2,6.59
A20918_4249,52.295,10.6225,5.3,42.8,22.5,34.7,30.7,91.6,8.13
A20921_4245,52.3025,10.6125,6.3,43.4,21.0,35.6,29.6,65.0,8.76
A20912_4185,52.28,10.4625,5.2,45.3,21.0,33.7,31.5,66.4,6.36
A20910_4239,52.275,10.5975,5.7,38.3,22.6,39.1,31.2,63.2,6.92
A21023_4080,52.5575,10.2,6.0,71.6,13.0,15.5,28.1,60.3,6.59
A20942_4170,52.355,10.425,5.4,57.8,15.4,26.8,31.0,71.9,6.87
A20980_4186,52.45,10.465,4.7,62.7,14.8,22.6,28.2,67.4,5.81
A21068_4394,52.67,10.985,4.7,56.1,12.3,31.6,27.9,66.8,6.86
A20997_4228,52.4925,10.57,5.4,64.7,12.9,22.4,26.7,62.7,5.46
A21052_4376,52.63,10.94,5.0,63.1,12.7,24.2,27.3,77.1,7.62
A20905_4235,52.2625,10.5875,5.2,42.5,22.8,34.7,30.7,88.6,7.25
A20984_4100,52.46,10.25,5.5,66.5,14.3,19.2,27.9,68.4,6.12
A20893_4206,52.2325,10.515,6.0,35.6,26.5,37.9,29.3,61.0,9.6
A20942_4192,52.355,10.48,6.3,53.8,16.8,29.4,30.2,48.9,5.75
A20912_4186,52.28,10.465,5.3,45.9,20.4,33.6,32.2,78.7,5.83
A20941_4191,52.3525,10.4775,5.4,44.9,25.1,30.0,31.1,64.5,5.59
A20868_4085,52.17,10.2125,5.3,21.6,27.4,51.0,29.1,102.3,5.78
A21066_4397,52.665,10.9925,4.7,55.2,12.7,32.1,28.0,72.3,6.85
A20893_4117,52.2325,10.2925,5.0,26.3,24.3,49.5,29.2,64.3,6.59
A20840_4122,52.1,10.305,6.1,20.8,30.6,48.7,27.7,66.6,7.15
A20919_4250,52.2975,10.625,5.2,48.0,17.6,34.4,31.1,81.4,8.26
A20973_4196,52.4325,10.49,5.4,64.9,12.8,22.3,29.6,60.0,6.31
A20905_4237,52.2625,10.5925,5.1,43.8,24.4,31.8,31.5,84.7,6.88
A20919_4249,52.2975,10.6225,5.2,48.0,17.6,34.4,31.1,81.4,8.26
A20823_4286,52.0575,10.715,6.8,28.5,31.5,40.0,30.1,60.7,8.95
A20917_4253,52.2925,10.6325,5.3,42.6,21.7,35.7,31.9,86.3,7.75
A20910_4402,52.275,11.005,5.1,27.3,22.9,49.8,30.8,60.7,7.11
A20884_4324,52.21,10.81,5.2,21.8,25.5,52.7,26.4,68.1,6.01
A21027_4252,52.5675,10.63,5.2,60.8,12.7,26.5,27.8,78.2,6.63
A20843_4130,52.1075,10.325,5.4,18.8,31.7,49.5,28.4,72.8,4.8
A20872_4184,52.18,10.46,5.3,27.4,25.7,46.9,31.4,73.2,6.73
A20967_4131,52.4175,10.3275,5.4,60.0,12.7,27.3,29.4,77.5,5.68
A20852_4122,52.13,10.305,6.9,16.7,27.4,56.0,26.4,53.8,6.1
A20833_4181,52.0825,10.4525,5.3,26.0,28.5,45.5,28.4,63.6,6.92
A20832_4182,52.08,10.455,6.0,26.2,27.1,46.7,28.6,52.8,6.62
A20852_4171,52.13,10.4275,6.8,24.4,31.0,44.6,28.9,72.3,6.11
A20914_4252,52.285,10.63,5.1,41.7,23.1,35.2,31.0,79.6,7.9
A20877_4218,52.1925,10.545,5.3,37.5,23.0,39.6,32.1,75.3,8.29
A21010_4096,52.525,10.24,5.3,70.7,12.5,16.8,26.3,80.9,5.94
A20954_4172,52.385,10.43,5.1,52.2,18.9,28.9,26.8,70.7,5.46
A21011_4094,52.5275,10.235,5.1,68.2,12.9,18.9,26.2,80.9,5.69
A20979_4181,52.4475,10.4525,5.0,61.2,13.3,25.5,27.0,80.1,5.97
A20978_4184,52.445,10.46,5.4,63.5,15.0,21.5,28.4,68.1,5.86
A20929_4234,52.3225,10.585,5.2,43.3,23.6,33.1,29.1,72.7,6.23
A20936_4189,52.34,10.4725,5.8,52.8,20.0,27.2,29.9,56.5,6.46
A20840_4061,52.1,10.1525,5.5,17.2,24.4,58.4,29.1,49.0,5.98
A21009_4044,52.5225,10.11,5.2,60.4,13.0,26.7,27.6,71.1,6.55
A20840_4106,52.1,10.265,5.4,20.3,31.2,48.6,26.1,73.9,5.4
A20880_4217,52.2,10.5425,5.6,35.5,24.4,40.2,32.8,71.8,8.15
A20995_4127,52.4875,10.3175,5.5,57.0,15.6,27.5,25.7,79.5,6.08
A20824_4205,52.06,10.5125,5.3,24.1,29.2,46.6,29.8,72.3,8.21
A20943_4065,52.3575,10.1625,6.3,54.8,16.5,28.7,26.9,51.5,5.57
A20979_4184,52.4475,10.46,4.8,64.8,13.6,21.5,28.2,85.0,5.72
A20977_4365,52.4425,10.9125,5.3,60.0,13.5,26.5,31.1,95.4,7.95
A20839_4060,52.0975,10.15,5.9,17.5,25.1,57.4,28.1,56.1,5.9
A20828_4215,52.07,10.5375,5.3,23.5,27.2,49.3,29.5,70.7,7.12
A21135_4131,52.8375,10.3275,5.1,49.4,19.9,30.7,25.3,95.9,5.08
A21015_4098,52.5375,10.245,5.5,71.9,10.7,17.5,26.8,58.9,5.84
A20913_4308,52.2825,10.77,5.2,38.3,20.5,41.2,31.8,82.2,7.3
A20922_4315,52.305,10.7875,5.1,49.3,20.3,30.4,29.6,70.3,7.2
A21014_4100,52.535,10.25,5.2,71.7,10.4,17.9,26.2,72.3,5.85
A20829_4216,52.0725,10.54,5.9,23.7,27.1,49.2,28.7,58.0,7.49
A21047_4045,52.6175,10.1125,5.8,69.8,15.2,15.0,26.4,70.1,6.43
A20915_4311,52.2875,10.7775,5.0,32.6,23.3,44.2,31.6,87.0,7.19
A20865_4294,52.1625,10.735,6.6,30.4,25.9,43.7,31.4,49.6,6.4
A21012_4099,52.53,10.2475,5.2,63.8,15.5,20.7,26.3,79.1,5.2
A20913_4309,52.2825,10.7725,5.1,42.6,22.5,35.0,31.0,83.1,7.92
A20925_4246,52.3125,10.615,6.4,44.7,20.0,35.3,32.1,58.1,7.23
A20982_4290,52.455,10.725,5.3,62.5,14.4,23.1,28.7,75.5,8.21
A20839_4172,52.0975,10.43,6.6,26.1,29.0,44.9,31.1,47.3,6.42
A20966_4375,52.415,10.9375,4.9,53.2,18.2,28.6,31.0,76.7,8.24
A20821_4183,52.0525,10.4575,6.5,24.7,28.4,46.9,30.0,52.8,7.7
A20931_4180,52.3275,10.45,5.8,52.3,21.8,25.9,29.8,75.2,7.72
A20993_4070,52.4825,10.175,5.3,56.6,18.7,24.7,24.4,76.5,6.21
A20994_4072,52.485,10.18,5.3,58.3,20.4,21.3,24.2,83.4,6.16
A20993_4071,52.4825,10.1775,5.3,57.5,20.4,22.1,24.6,79.4,6.42
A20937_4117,52.3425,10.2925,6.6,49.3,19.7,31.1,28.3,64.6,7.22
A20932_4182,52.33,10.455,5.9,51.1,22.7,26.3,29.7,73.4,6.73
A20883_4325,52.2075,10.8125,5.3,21.8,23.4,54.8,27.1,63.4,5.97
A20932_4090,52.33,10.225,5.5,54.8,16.1,29.1,27.1,66.1,5.15
A20962_4162,52.405,10.405,5.4,58.8,15.0,26.2,28.2,78.6,5.98
A20876_4250,52.19,10.625,6.5,33.3,26.6,40.1,29.6,58.5,8.25
A20906_4226,52.265,10.565,5.8,37.3,22.1,40.6,30.6,67.9,6.5
A20933_4169,52.3325,10.4225,5.6,46.3,24.9,28.9,33.5,63.4,6.05
A20969_4366,52.4225,10.915,6.2,50.9,17.2,31.9,31.0,52.7,7.05
A20831_4183,52.0775,10.4575,5.5,26.7,28.0,45.3,28.3,62.5,6.46
A20906_4450,52.265,11.125,4.9,36.6,20.3,43.1,30.7,74.9,8.36
A20951_4284,52.3775,10.71,5.0,49.5,17.1,33.4,30.0,74.7,6.48
A20935_4282,52.3375,10.705,5.0,54.9,15.9,29.2,29.4,70.5,6.49
A20925_4245,52.3125,10.6125,5.9,42.9,21.3,35.8,31.0,62.8,7.23
A20865_4291,52.1625,10.7275,6.7,31.3,26.1,42.6,31.5,53.5,7.08
A20931_4234,52.3275,10.585,5.1,39.4,20.3,40.3,30.2,71.2,6.17
A20922_4134,52.305,10.335,5.9,29.7,23.4,46.9,29.5,60.5,6.0
A20922_4210,52.305,10.525,5.6,43.4,25.1,31.5,30.6,70.8,7.57
A20952_4101,52.38,10.2525,5.8,54.6,18.9,26.5,26.9,58.6,5.02
A20960_4239,52.4,10.5975,5.2,59.0,15.9,25.1,29.6,74.3,7.7
A20932_4086,52.33,10.215,5.2,58.7,15.1,26.2,27.0,68.2,6.56
A20914_4194,52.285,10.485,5.5,42.9,21.8,35.3,32.3,75.8,5.61
A20878_4302,52.195,10.755,5.2,20.8,32.4,46.8,27.2,74.4,5.61
A21074_4215,52.685,10.5375,5.1,63.3,10.8,25.9,27.9,80.0,6.35
A20872_4220,52.18,10.55,5.2,31.2,28.2,40.6,29.8,74.6,7.87
A20877_4215,52.1925,10.5375,5.3,32.7,28.2,39.1,33.0,82.7,8.98
A21069_4338,52.6725,10.845,6.2,63.2,13.0,23.9,27.3,46.6,6.0
A20865_4443,52.1625,11.1075,5.5,36.4,18.6,44.9,30.4,81.2,7.31
A20952_4324,52.38,10.81,5.3,45.4,18.6,36.0,31.0,67.4,6.09
A20858_4258,52.145,10.645,5.2,25.0,27.4,47.5,27.9,82.1,5.41
A20852_4264,52.13,10.66,5.3,25.4,30.4,44.2,27.9,86.0,6.56
A20929_4173,52.3225,10.4325,6.1,53.0,22.4,24.7,29.3,55.9,6.8
A21117_4256,52.7925,10.64,5.7,70.8,10.7,18.5,27.0,66.8,6.48
A20931_4168,52.3275,10.42,6.0,46.8,23.4,29.9,31.4,70.7,6.5
A20977_4181,52.4425,10.4525,5.2,65.7,14.3,20.0,26.9,69.1,7.29
A20930_4170,52.325,10.425,6.1,57.3,16.9,25.8,30.5,66.6,6.33
A21006_4385,52.515,10.9625,5.1,59.3,16.0,24.7,29.0,79.3,8.58
A20894_4312,52.235,10.78,5.0,23.1,29.9,46.9,26.1,74.5,5.39
A20845_4130,52.1125,10.325,5.3,21.2,30.1,48.7,28.6,74.8,5.89
A20844_4136,52.11,10.34,5.3,20.4,31.1,48.5,27.8,80.7,5.69
A20845_4134,52.1125,10.335,5.4,21.7,30.1,48.2,28.4,81.6,5.81
A20965_4364,52.4125,10.91,4.8,50.4,17.4,32.2,28.9,82.3,7.82
A20914_4205,52.285,10.5125,5.4,40.6,28.1,31.4,28.5,78.1,7.76
A21115_4252,52.7875,10.63,5.3,66.6,13.0,20.4,25.1,66.2,5.61
A20972_4042,52.43,10.105,5.0,49.1,18.6,32.2,26.5,68.7,6.07
A21045_4055,52.6125,10.1375,5.0,70.4,11.3,18.3,26.6,94.7,5.32
A20979_4325,52.4475,10.8125,5.1,64.4,13.6,22.0,28.0,80.8,6.86
A20852_4210,52.13,10.525,5.3,23.7,30.5,45.8,28.7,75.2,6.08
A20964_4183,52.41,10.4575,5.0,61.9,12.5,25.6,26.0,69.0,5.58
A21041_4040,52.6025,10.1,6.1,64.1,17.8,18.1,26.1,67.7,5.42
A20902_4229,52.255,10.5725,5.7,38.7,26.6,34.7,30.0,75.9,6.94
A20905_4226,52.2625,10.565,6.1,38.7,21.8,39.5,29.1,71.1,6.9
A20908_4224,52.27,10.56,5.5,37.1,23.7,39.2,30.5,84.6,6.39
A20852_4191,52.13,10.4775,6.0,20.9,29.0,50.1,27.1,58.9,5.97
A20909_4229,52.2725,10.5725,5.9,37.2,27.3,35.5,30.0,66.1,6.94
A20849_4103,52.1225,10.2575,5.2,17.4,22.6,60.0,29.2,71.6,5.78
A21067_4389,52.6675,10.9725,4.8,58.9,12.6,28.5,27.9,73.3,6.59
A21055_4232,52.6375,10.58,5.1,71.8,9.9,18.2,26.1,77.1,7.0
A21105_4051,52.7625,10.1275,4.7,43.9,19.9,36.2,29.4,90.1,4.85
A21089_4179,52.7225,10.4475,5.2,66.1,8.5,25.4,31.1,90.2,6.14
A20840_4051,52.1,10.1275,6.5,17.0,22.9,60.1,30.1,49.8,6.0
A20877_4217,52.1925,10.5425,5.3,37.5,23.0,39.6,32.1,75.3,8.29
A21008_4149,52.52,10.3725,5.4,69.8,11.8,18.3,25.0,62.4,6.42
A20822_4080,52.055,10.2,5.2,18.5,31.8,49.7,27.1,83.4,5.53
A21060_4398,52.65,10.995,4.8,64.4,10.6,25.0,31.0,80.9,8.58
A20959_4211,52.3975,10.5275,5.4,59.3,16.1,24.5,28.2,65.2,5.77
A20920_4104,52.3,10.26,6.4,40.6,24.1,35.2,30.1,58.6,5.68
A20990_4163,52.475,10.4075,5.0,58.3,15.6,26.1,27.8,70.2,5.15
A20929_4170,52.3225,10.425,5.9,52.1,19.5,28.4,30.5,57.3,5.92
A20846_4137,52.115,10.3425,5.4,23.2,27.8,49.0,27.9,57.2,5.62
A21134_4396,52.835,10.99,5.6,67.6,11.4,21.0,30.2,77.9,7.71
A21057_4231,52.6425,10.5775,5.0,70.1,11.5,18.4,27.4,80.3,6.95
A20951_4170,52.3775,10.425,4.9,56.6,16.0,27.3,26.1,76.5,5.56
A20850_4119,52.125,10.2975,6.8,17.9,29.4,52.7,29.0,52.1,5.82
A20853_4353,52.1325,10.8825,6.7,29.7,25.2,45.2,31.5,49.2,6.51
A20950_4170,52.375,10.425,5.0,56.7,16.1,27.2,26.9,70.0,5.44
A21115_4065,52.7875,10.1625,5.0,56.6,18.0,25.5,23.4,97.6,5.12
A20969_4148,52.4225,10.37,5.4,63.8,10.8,25.4,28.8,68.8,6.43
A20844_4087,52.11,10.2175,5.4,19.4,27.3,53.3,26.9,80.7,5.64
A20849_4083,52.1225,10.2075,6.7,16.4,25.3,58.2,28.5,53.2,6.57
A20935_4288,52.3375,10.72,4.9,52.4,17.3,30.3,28.4,65.4,6.58
A21123_4067,52.8075,10.1675,4.8,39.0,22.7,38.3,23.9,107.6,5.02
A20824_4081,52.06,10.2025,5.3,17.8,30.0,52.2,28.1,80.2,5.91
A20863_4184,52.1575,10.46,6.2,26.9,29.0,44.1,29.0,53.4,7.38
A20833_4092,52.0825,10.23,6.8,19.7,27.6,52.7,27.5,53.5,5.98
A20933_4088,52.3325,10.22,5.2,53.4,17.9,28.7,26.4,79.0,5.51
A20906_4159,52.265,10.3975,5.8,36.6,23.9,39.4,31.0,57.0,6.61
A20956_4164,52.39,10.41,5.7,55.9,18.7,25.4,27.4,58.4,5.94
A20920_4220,52.3,10.55,5.5,47.4,19.5,33.1,31.3,62.2,6.46
A20988_4207,52.47,10.5175,5.1,65.6,12.6,21.8,26.9,77.5,5.47
A20888_4230,52.22,10.575,6.0,38.9,21.3,39.8,30.2,57.9,6.77
A20966_4363,52.415,10.9075,4.9,53.1,16.8,30.1,29.1,78.1,7.44
A20828_4071,52.07,10.1775,6.7,19.2,29.3,51.5,25.6,51.1,5.93
A20911_4186,52.2775,10.465,5.6,43.2,21.6,35.1,31.3,49.3,6.23
A20939_4082,52.3475,10.205,5.7,51.1,21.0,27.8,26.5,63.5,5.27
A20821_4072,52.0525,10.18,5.1,23.7,33.0,43.3,27.7,61.2,6.01
A20957_4164,52.3925,10.41,5.1,54.2,20.2,25.6,27.9,84.6,6.09
A20919_4228,52.2975,10.57,5.7,38.7,26.9,34.4,28.6,58.3,6.61
A20985_4223,52.4625,10.5575,5.2,66.0,11.9,22.1,27.8,70.1,5.04
A20963_4322,52.4075,10.805,4.9,52.8,17.2,30.0,30.1,75.5,7.77
A21036_4331,52.59,10.8275,4.7,58.4,14.5,27.1,27.0,83.4,5.63
A20888_4192,52.22,10.48,5.2,34.6,26.9,38.6,31.1,74.6,6.86
A20995_4071,52.4875,10.1775,5.3,59.3,19.4,21.2,24.7,77.2,6.11
A20828_4155,52.07,10.3875,5.3,22.2,29.7,48.0,27.0,82.4,6.12
A20949_4332,52.3725,10.83,4.8,44.2,22.5,33.3,27.7,80.6,6.05
A20989_4083,52.4725,10.2075,6.3,62.4,18.0,19.5,25.9,56.9,5.36
A20886_4294,52.215,10.735,5.3,24.1,29.4,46.5,29.7,78.7,6.19
A21095_4191,52.7375,10.4775,5.0,61.3,10.4,28.3,28.1,84.0,4.8
A20876_4188,52.19,10.47,5.5,30.9,23.8,45.2,29.9,75.4,7.02
A21037_4128,52.5925,10.32,5.5,68.4,11.0,20.7,27.1,69.6,6.27
A21098_4187,52.745,10.4675,4.8,60.1,10.4,29.5,26.6,87.7,5.49
A20964_4146,52.41,10.365,5.3,65.0,11.3,23.7,28.4,77.9,6.75
A20832_4139,52.08,10.3475,5.3,21.3,34.7,44.1,28.2,77.3,5.56
A20964_4147,52.41,10.3675,5.3,63.6,10.8,25.6,28.6,89.1,7.15
A20931_4137,52.3275,10.3425,5.2,41.2,21.9,36.9,28.4,74.4,5.95
A20829_4141,52.0725,10.3525,5.4,19.9,34.8,45.2,26.6,81.6,6.47
A20979_4323,52.4475,10.8075,5.8,64.8,13.7,21.5,30.2,61.9,6.53
A20934_4135,52.335,10.3375,5.7,41.5,22.4,36.1,27.3,65.1,6.59
A20932_4137,52.33,10.3425,5.2,41.5,21.3,37.2,27.7,80.4,6.09
A20906_4446,52.265,11.115,5.1,40.6,18.7,40.7,30.8,80.0,8.32
A20905_4449,52.2625,11.1225,5.0,38.3,19.2,42.5,29.9,73.1,8.46
A20904_4446,52.26,11.115,5.0,39.8,18.5,41.7,30.8,84.9,8.34
A20906_4444,52.265,11.11,5.1,40.5,19.4,40.1,30.2,85.4,7.81
A20905_4443,52.2625,11.1075,5.1,39.8,18.0,42.2,30.6,80.7,8.21
A20965_4142,52.4125,10.355,5.6,64.4,11.6,24.0,28.3,68.9,5.92
A20967_4147,52.4175,10.3675,6.1,63.5,10.7,25.7,29.1,60.0,6.09
A20907_4242,52.2675,10.605,5.1,37.1,22.6,40.3,31.0,80.1,8.01
A20904_4449,52.26,11.1225,4.8,38.1,18.8,43.1,30.5,76.8,8.22
A21135_4062,52.8375,10.155,5.0,52.0,17.3,30.7,24.6,77.2,4.99
A20970_4377,52.425,10.9425,4.8,57.1,17.4,25.4,31.3,85.2,8.25
A20991_4300,52.4775,10.75,5.5,60.9,16.0,23.1,29.2,71.2,8.22
A20821_4080,52.0525,10.2,5.3,19.7,31.8,48.5,27.9,78.5,5.51
A20822_4072,52.055,10.18,5.1,23.6,25.1,51.3,28.0,60.5,6.5
A21124_4066,52.81,10.165,4.8,36.3,22.6,41.1,23.8,111.0,4.77
A21125_4065,52.8125,10.1625,4.8,35.9,24.3,39.8,25.2,108.4,4.71
A21129_4055,52.8225,10.1375,5.5,52.1,20.0,27.9,25.6,51.3,5.35
A20970_4131,52.425,10.3275,6.1,53.9,13.5,32.6,28.8,48.9,6.21
A20906_4447,52.265,11.1175,5.0,38.3,18.5,43.2,30.0,78.6,8.53
A20905_4450,52.2625,11.125,4.9,37.7,18.5,43.8,30.8,75.0,8.58
A20915_4310,52.2875,10.775,5.1,33.0,23.6,43.3,31.8,85.6,7.22
A20914_4307,52.285,10.7675,5.2,39.3,21.0,39.7,31.5,83.1,6.78
A20905_4448,52.2625,11.12,5.0,38.3,19.2,42.5,29.9,73.1,8.46
A20848_4067,52.12,10.1675,5.2,15.1,25.0,59.9,30.0,67.7,5.96
A20842_4128,52.105,10.32,5.7,19.9,30.4,49.7,28.3,60.8,4.87
A20914_4309,52.285,10.7725,5.1,41.9,22.3,35.8,32.2,81.6,7.69
A20843_4129,52.1075,10.3225,5.4,18.8,31.7,49.5,28.4,72.8,4.8
A20905_4447,52.2625,11.1175,5.0,38.8,18.6,42.6,30.1,75.1,8.28
A20847_4066,52.1175,10.165,5.3,13.9,24.5,61.6,28.8,65.9,5.67
A20849_4063,52.1225,10.1575,5.2,18.9,25.8,55.3,30.3,72.1,5.52
A20972_4128,52.43,10.32,5.4,50.5,17.9,31.7,28.9,72.6,5.54
A20848_4066,52.12,10.165,5.2,15.1,25.0,59.9,29.2,65.5,6.19
A20848_4065,52.12,10.1625,5.2,16.3,24.8,58.8,29.7,70.7,5.69
A20903_4449,52.2575,11.1225,4.8,37.5,18.4,44.1,30.8,82.1,8.0
A21087_4192,52.7175,10.48,5.0,58.4,11.1,30.4,28.7,81.6,5.06
A20963_4181,52.4075,10.4525,5.0,60.8,13.2,26.1,26.1,69.6,5.56
A21087_4188,52.7175,10.47,5.0,61.6,9.0,29.4,30.3,86.5,4.81
A20979_4250,52.4475,10.625,5.4,53.9,19.8,26.2,30.0,84.3,6.07
A20924_4247,52.31,10.6175,6.4,45.0,19.5,35.5,31.8,59.6,7.58
A21087_4183,52.7175,10.4575,4.9,62.7,9.7,27.6,29.9,83.5,5.02
A20846_4100,52.115,10.25,5.2,20.7,28.3,51.0,28.1,80.1,5.46
A20923_4223,52.3075,10.5575,5.0,42.6,25.2,32.3,31.2,82.0,6.78
A20902_4238,52.255,10.595,6.2,39.7,26.3,34.0,31.9,55.0,7.3
A20845_4094,52.1125,10.235,5.2,20.0,28.1,51.9,28.4,67.4,5.91
A20922_4221,52.305,10.5525,5.0,46.6,20.9,32.5,31.8,86.7,7.1
A20845_4096,52.1125,10.24,5.1,20.0,31.0,49.0,28.7,82.8,5.43
A20966_4132,52.415,10.33,5.2,59.1,13.9,27.1,28.6,87.2,6.55
A21088_4180,52.72,10.45,5.1,65.3,9.4,25.3,30.0,92.0,5.37
A20847_4099,52.1175,10.2475,5.2,20.2,29.2,50.6,28.0,77.9,5.57
A20847_4100,52.1175,10.25,5.2,21.0,28.2,50.9,28.1,76.8,5.46
A20845_4095,52.1125,10.2375,5.2,19.6,30.7,49.7,28.5,74.4,5.51
A20846_4099,52.115,10.2475,5.2,19.7,30.7,49.6,28.9,81.5,5.36
A20845_4098,52.1125,10.245,5.2,18.6,32.0,49.4,29.0,84.0,5.23
A20895_4315,52.2375,10.7875,5.0,27.1,29.5,43.4,26.0,72.0,5.74
A20844_4094,52.11,10.235,5.3,17.3,29.3,53.4,28.7,64.0,5.68
A20962_4144,52.405,10.36,5.8,65.2,11.2,23.6,28.7,68.1,6.6
A20845_4097,52.1125,10.2425,5.1,20.0,31.0,49.0,28.7,82.8,5.43
A20969_4149,52.4225,10.3725,5.4,63.8,10.8,25.4,28.8,68.8,6.43
A20848_4099,52.12,10.2475,5.2,21.3,28.3,50.4,28.2,73.1,5.55
A21087_4184,52.7175,10.46,5.0,62.3,9.6,28.1,29.7,83.8,5.26
A20900_4186,52.25,10.465,5.2,36.1,23.9,40.0,30.0,76.3,6.84
A20918_4134,52.295,10.335,5.2,40.8,19.6,39.6,30.9,72.7,6.32
A20962_4180,52.405,10.45,5.0,64.4,12.3,23.3,26.8,78.8,5.52
A20980_4326,52.45,10.815,4.8,62.8,13.7,23.4,28.9,74.1,6.77
A21013_4185,52.5325,10.4625,5.2,61.4,16.2,22.3,26.4,71.2,6.15
A20850_4055,52.125,10.1375,5.1,18.6,29.0,52.4,29.3,81.2,5.72
A20877_4421,52.1925,11.0525,4.8,32.2,24.7,43.1,29.3,81.9,7.02
A20957_4237,52.3925,10.5925,5.2,54.9,17.5,27.6,29.0,76.7,7.62
A20977_4366,52.4425,10.915,5.1,59.8,13.5,26.7,31.0,92.7,7.14
A20924_4190,52.31,10.475,6.2,48.7,19.8,31.5,29.6,59.2,6.73
A20916_4305,52.29,10.7625,6.5,32.2,22.1,45.8,28.9,56.4,6.1
A21012_4074,52.53,10.185,6.1,68.4,13.7,18.0,29.2,62.2,5.59
A20915_4316,52.2875,10.79,5.0,48.3,22.5,29.2,29.5,87.2,7.95
A21023_4333,52.5575,10.8325,5.0,64.0,13.1,22.9,28.9,83.4,8.05
A20934_4286,52.335,10.715,4.9,54.6,16.9,28.5,30.3,68.7,6.82
A21009_4043,52.5225,10.1075,5.2,59.6,14.5,25.9,28.1,69.3,6.89
A21006_4043,52.515,10.1075,5.2,58.3,13.2,28.5,28.0,70.6,6.77
A21003_4067,52.5075,10.1675,5.7,61.7,15.9,22.4,25.7,62.0,5.77
A20922_4244,52.305,10.61,6.2,43.2,20.1,36.7,30.2,67.0,8.35
A20915_4315,52.2875,10.7875,5.0,48.3,22.5,29.2,29.5,87.2,7.95
A20921_4258,52.3025,10.645,5.2,48.6,19.7,31.7,32.0,88.2,8.33
A20919_4255,52.2975,10.6375,5.2,47.5,20.4,32.2,32.0,75.7,7.86
A20921_4250,52.3025,10.625,5.9,47.7,17.0,35.3,31.3,62.3,7.52
A20920_4256,52.3,10.64,5.3,47.8,20.8,31.3,31.6,89.2,7.96
A20878_4429,52.195,11.0725,5.1,24.1,24.4,51.5,30.5,73.0,6.61
A20905_4236,52.2625,10.59,5.2,42.5,22.8,34.7,30.7,88.6,7.25
A20921_4223,52.3025,10.5575,4.9,45.7,20.9,33.4,31.4,81.3,6.93
A20917_4132,52.2925,10.33,5.1,35.8,19.9,44.3,31.0,76.6,6.25
A20909_4236,52.2725,10.59,5.0,35.9,27.2,36.9,31.1,77.6,7.48
A20849_4064,52.1225,10.16,5.2,19.0,27.1,53.9,29.8,72.3,5.72
A21134_4137,52.835,10.3425,5.2,46.4,19.0,34.6,25.3,94.4,5.09
A21023_4249,52.5575,10.6225,5.2,63.5,12.4,24.0,26.4,72.4,6.37
A20982_4280,52.455,10.7,4.9,61.3,12.3,26.4,31.3,82.0,7.88
A21084_4225,52.71,10.5625,5.1,51.7,18.1,30.3,26.1,82.6,5.73
A21079_4244,52.6975,10.61,5.2,59.9,11.2,28.9,25.7,75.6,5.89
A21013_4265,52.5325,10.6625,4.8,63.3,11.0,25.7,27.4,70.4,6.6
A20965_4145,52.4125,10.3625,5.1,60.7,12.4,26.9,28.5,82.4,6.46
A21050_4385,52.625,10.9625,4.8,64.3,13.1,22.6,29.1,75.8,7.54
A21060_4410,52.65,11.025,4.7,60.6,13.5,25.9,29.2,79.6,6.53
A21008_4152,52.52,10.38,5.4,65.0,14.1,20.9,25.5,71.0,6.08
A20941_4157,52.3525,10.3925,5.9,49.4,22.5,28.1,30.4,64.7,5.7
A21015_4105,52.5375,10.2625,5.1,66.9,12.0,21.1,25.3,80.0,5.62
A20968_4220,52.42,10.55,5.4,59.5,14.3,26.2,28.3,63.0,6.39
A21087_4179,52.7175,10.4475,5.1,65.7,9.1,25.3,29.2,71.2,5.22
A21074_4057,52.685,10.1425,5.2,60.5,16.9,22.6,26.1,86.5,5.11
A20957_4144,52.3925,10.36,5.9,63.4,11.6,25.0,29.4,65.8,7.37
A20940_4177,52.35,10.4425,6.0,49.4,18.2,32.4,30.9,53.1,6.05
A21069_4123,52.6725,10.3075,5.0,61.8,10.0,28.1,24.6,80.5,5.73
A20987_4169,52.4675,10.4225,4.9,59.8,12.4,27.8,28.4,64.5,5.26
A21074_4056,52.685,10.14,5.0,59.6,19.8,20.6,26.0,94.6,5.45
A20959_4150,52.3975,10.375,6.0,57.7,16.4,25.9,28.1,71.7,7.34
A21086_4178,52.715,10.445,5.1,64.4,8.4,27.3,29.7,89.3,5.44
A21008_4159,52.52,10.3975,5.2,58.9,15.2,25.9,25.4,76.8,6.0
A20921_4195,52.3025,10.4875,5.8,45.4,24.9,29.7,31.4,68.3,6.85
A20987_4207,52.4675,10.5175,5.1,63.7,13.8,22.5,26.2,78.4,4.97
A20923_4227,52.3075,10.5675,5.0,41.4,27.3,31.3,32.7,68.0,6.3
A20906_4442,52.265,11.105,6.5,41.1,18.5,40.4,30.2,60.2,8.03
A20835_4051,52.0875,10.1275,5.6,18.1,26.0,55.9,28.9,48.0,5.22
A20919_4254,52.2975,10.635,5.2,46.9,21.1,32.0,31.5,75.5,7.89
A20925_4180,52.3125,10.45,6.0,49.2,20.6,30.2,29.2,57.0,6.16
A20983_4250,52.4575,10.625,5.1,58.8,14.4,26.8,30.0,76.7,6.71
A20838_4135,52.095,10.3375,5.6,24.0,33.4,42.6,26.6,58.4,6.42
A20889_4410,52.2225,11.025,6.2,36.5,23.4,40.1,28.3,59.3,7.91
A20972_4043,52.43,10.1075,5.1,44.2,21.8,34.0,26.6,69.4,5.84
A20968_4308,52.42,10.77,6.1,48.5,20.0,31.5,27.4,66.3,6.61
A20906_4193,52.265,10.4825,6.4,43.4,24.5,32.2,29.9,54.8,6.58
A20904_4242,52.26,10.605,5.1,42.6,26.5,30.9,31.3,76.4,6.8
A20941_4296,52.3525,10.74,5.9,51.9,19.8,28.3,33.0,56.7,6.88
A20831_4180,52.0775,10.45,5.3,25.7,27.9,46.5,28.7,60.7,6.19
A21139_4124,52.8475,10.31,4.8,51.8,19.4,28.8,22.8,88.6,4.64
A20901_4209,52.2525,10.5225,5.4,37.5,24.9,37.7,29.1,92.1,8.89
A20924_4244,52.31,10.61,5.7,43.8,20.7,35.5,30.5,66.0,7.39
A20921_4247,52.3025,10.6175,5.7,47.3,16.5,36.2,29.3,73.4,7.53
A20988_4174,52.47,10.435,5.0,61.2,13.1,25.7,29.3,68.6,5.52
A20991_4179,52.4775,10.4475,5.1,59.7,14.9,25.5,27.3,58.5,4.66
A20990_4174,52.475,10.435,5.1,54.9,15.8,29.3,27.5,63.5,5.21
A20988_4177,52.47,10.4425,5.0,60.3,13.2,26.6,27.4,63.2,5.33
A20934_4169,52.335,10.4225,5.9,47.0,25.1,27.8,32.4,64.7,5.87
A21094_4190,52.735,10.475,4.9,61.1,10.3,28.7,29.1,80.6,4.91
A20967_4148,52.4175,10.37,6.1,63.5,10.7,25.7,29.1,60.0,6.09
A20909_4225,52.2725,10.5625,5.3,36.7,24.7,38.6,30.7,86.8,6.9
A21006_4366,52.515,10.915,4.8,59.6,15.8,24.6,30.5,88.8,6.97
A20979_4276,52.4475,10.69,5.0,62.4,11.3,26.2,29.9,79.2,6.72
A21006_4358,52.515,10.895,4.9,62.4,12.4,25.2,30.7,83.1,7.0
A20895_4207,52.2375,10.5175,5.6,35.5,26.9,37.6,31.2,65.1,9.87
A20977_4276,52.4425,10.69,4.9,63.5,12.5,24.0,29.0,73.4,6.54
A20934_4288,52.335,10.72,5.0,52.4,18.4,29.1,28.3,67.4,6.54
A20902_4402,52.255,11.005,5.0,30.2,20.4,49.3,31.2,90.4,6.01
A20905_4407,52.2625,11.0175,4.9,25.2,20.8,54.0,32.0,69.4,6.06
A20972_4142,52.43,10.355,6.1,68.1,12.7,19.1,27.9,59.3,6.57
A20921_4194,52.3025,10.485,5.8,45.4,24.9,29.7,31.4,68.3,6.85
A20922_4192,52.305,10.48,6.3,43.3,23.1,33.6,30.4,52.0,6.56
A20911_4325,52.2775,10.8125,5.0,51.7,17.7,30.7,30.0,85.7,7.77
A20935_4114,52.3375,10.285,5.3,38.1,19.6,42.3,29.5,73.7,6.71
A20985_4267,52.4625,10.6675,4.8,59.0,13.7,27.3,30.8,72.2,7.5
A20935_4113,52.3375,10.2825,5.5,38.2,19.4,42.4,30.1,67.5,6.56
A21101_4076,52.7525,10.19,4.9,62.9,9.8,27.3,25.7,84.1,4.83
A20917_4133,52.2925,10.3325,5.2,42.6,18.2,39.2,31.1,70.8,6.41
A20847_4112,52.1175,10.28,5.2,22.6,31.4,46.0,26.7,87.1,6.13
A20959_4309,52.3975,10.7725,5.0,47.9,17.5,34.6,28.9,79.5,6.15
A21017_4138,52.5425,10.345,6.0,72.5,10.8,16.7,27.7,60.0,7.26
A20888_4193,52.22,10.4825,5.1,35.1,26.7,38.1,31.1,76.8,6.91
A21101_4079,52.7525,10.1975,5.0,57.2,16.0,26.8,25.8,97.4,4.89
A20958_4310,52.395,10.775,4.8,50.0,18.2,31.8,29.3,68.8,5.95
A20964_4198,52.41,10.495,4.9,54.4,18.5,27.1,28.7,64.1,6.11
A20963_4199,52.4075,10.4975,5.0,54.9,17.4,27.7,29.1,67.8,6.29
A20904_4237,52.26,10.5925,5.0,43.3,23.1,33.6,31.8,76.8,6.87
A20853_4191,52.1325,10.4775,6.1,19.9,31.3,48.7,28.0,54.1,5.66
A20849_4115,52.1225,10.2875,5.2,21.6,29.1,49.3,27.2,74.5,5.82
A20857_4254,52.1425,10.635,5.2,27.4,23.9,48.6,29.0,93.1,5.44
A20860_4251,52.15,10.6275,6.2,25.6,26.0,48.5,29.8,58.7,5.79
A20965_4198,52.4125,10.495,4.9,58.2,16.1,25.7,28.2,60.9,6.31
A20980_4192,52.45,10.48,5.4,64.1,14.5,21.4,28.2,60.4,5.61
A20980_4182,52.45,10.455,4.7,62.9,14.4,22.7,28.3,87.7,5.54
A20973_4140,52.4325,10.35,5.3,68.6,12.8,18.6,27.3,68.3,5.41
A20902_4180,52.255,10.45,6.1,34.9,23.0,42.2,31.2,53.1,6.16
A20901_4179,52.2525,10.4475,5.4,35.9,23.1,41.0,31.8,75.8,6.75
A20917_4143,52.2925,10.3575,5.1,36.5,20.5,43.0,29.5,80.3,5.7
A20918_4142,52.295,10.355,5.0,36.0,18.9,45.1,30.0,79.5,6.26
A20918_4144,52.295,10.36,5.0,36.0,19.7,44.4,29.4,76.3,5.92
A20905_4187,52.2625,10.4675,5.9,41.7,23.1,35.2,32.0,59.1,6.58
A20949_4061,52.3725,10.1525,6.3,60.5,16.2,23.2,27.0,60.5,6.51
A20901_4208,52.2525,10.52,5.8,35.5,22.8,41.7,28.6,74.5,7.83
A20894_4207,52.235,10.5175,5.6,35.3,26.6,38.1,30.0,79.1,9.48
A20900_4182,52.25,10.455,5.3,38.9,21.9,39.2,30.7,72.2,6.8
A20947_4043,52.3675,10.1075,6.2,51.1,20.4,28.5,26.6,48.5,5.56
A20946_4043,52.365,10.1075,5.5,47.8,20.5,31.7,27.7,58.6,5.38
A20908_4241,52.27,10.6025,5.2,37.7,23.2,39.1,31.2,69.2,7.44
A20849_4060,52.1225,10.15,5.1,19.3,26.8,53.9,30.6,71.6,5.29
A20971_4371,52.4275,10.9275,4.8,54.6,18.4,27.1,31.6,77.3,7.73
A20904_4182,52.26,10.455,5.9,41.6,22.0,36.4,32.1,65.5,6.4
A20915_4079,52.2875,10.1975,5.2,30.2,24.0,45.8,28.1,64.7,5.8
A20946_4042,52.365,10.105,5.0,47.3,19.9,32.8,28.0,61.8,5.72
A20951_4241,52.3775,10.6025,6.4,54.4,18.1,27.5,29.4,42.3,6.08
A20878_4423,52.195,11.0575,5.0,24.3,20.8,54.9,29.5,77.7,6.6
A20894_4429,52.235,11.0725,4.8,29.6,19.7,50.8,31.5,71.1,6.7
A20935_4293,52.3375,10.7325,4.8,52.4,16.3,31.3,29.1,78.8,7.05
A20877_4420,52.1925,11.05,5.4,33.6,24.7,41.8,30.2,70.8,7.34
A20929_4281,52.3225,10.7025,5.2,51.7,18.0,30.2,29.4,78.3,8.14
A20930_4283,52.325,10.7075,5.1,50.7,16.7,32.6,30.2,75.5,7.02
A20933_4284,52.3325,10.71,5.0,54.9,16.0,29.1,29.8,74.3,6.58
A20930_4279,52.325,10.6975,5.3,51.0,20.3,28.7,29.7,82.0,6.52
A20974_4266,52.435,10.665,5.7,58.2,17.3,24.5,28.0,57.8,6.72
A20918_4253,52.295,10.6325,5.3,43.3,21.8,34.9,31.7,84.7,8.22
A20902_4208,52.255,10.52,5.9,36.0,24.4,39.6,29.7,72.2,7.75
A20911_4232,52.2775,10.58,5.4,39.5,25.4,35.1,29.9,85.5,6.33
A20877_4422,52.1925,11.055,5.0,27.2,20.5,52.3,28.8,75.8,6.3
A20913_4307,52.2825,10.7675,5.3,39.2,20.8,40.0,31.5,85.1,6.99
A20911_4303,52.2775,10.7575,5.9,39.2,21.6,39.2,30.7,58.4,6.9
A20965_4370,52.4125,10.925,4.8,45.8,18.8,35.4,30.5,72.4,7.76
A20911_4302,52.2775,10.755,5.6,38.8,22.7,38.5,31.1,64.7,6.77
A20870_4312,52.175,10.78,6.6,31.1,27.0,41.9,29.1,55.6,5.72
A20906_4239,52.265,10.5975,5.0,42.2,21.4,36.5,30.8,76.5,6.61
A20906_4240,52.265,10.6,5.0,42.2,21.4,36.5,30.8,76.5,6.61
A20958_4187,52.395,10.4675,5.4,58.9,16.9,24.2,27.9,59.2,6.26
A20951_4304,52.3775,10.76,4.9,51.9,14.9,33.2,28.5,66.9,6.43
A20958_4188,52.395,10.47,5.1,58.2,17.1,24.7,28.0,71.9,6.01
A20962_4205,52.405,10.5125,5.1,61.0,15.3,23.7,29.6,70.4,6.37
A20961_4204,52.4025,10.51,5.0,61.0,16.4,22.6,28.8,77.1,6.38
A20958_4186,52.395,10.465,5.3,59.1,15.4,25.5,27.9,59.1,6.2
A20902_4186,52.255,10.465,5.4,38.3,23.2,38.5,30.8,66.7,6.02
A20903_4187,52.2575,10.4675,5.5,39.2,24.4,36.4,31.7,74.4,6.1
A20894_4165,52.235,10.4125,6.1,35.0,24.5,40.5,29.6,53.9,5.25
A20829_4154,52.0725,10.385,5.1,21.3,30.5,48.2,27.2,72.7,6.07
A20829_4153,52.0725,10.3825,5.9,23.8,28.7,47.5,28.1,54.0,5.45
A20825_4155,52.0625,10.3875,5.3,23.9,28.8,47.3,29.2,66.3,6.17
A20975_4455,52.4375,11.1375,5.5,53.1,13.9,33.1,31.6,80.3,8.12
A20976_4375,52.44,10.9375,6.0,58.9,14.2,26.9,31.5,70.2,7.55
A20908_4293,52.27,10.7325,5.3,41.5,22.5,36.0,30.7,73.8,8.53
A20835_4138,52.0875,10.345,5.4,20.0,32.3,47.7,27.1,71.8,5.06
A21092_4248,52.73,10.62,5.3,62.5,13.0,24.6,26.4,74.6,6.5
A20900_4176,52.25,10.44,5.8,34.2,24.1,41.7,30.8,78.0,6.35
A20848_4058,52.12,10.145,5.2,18.2,28.0,53.8,30.1,81.4,5.84
A20891_4234,52.2275,10.585,5.5,34.7,22.4,42.8,32.3,72.2,7.49
A20912_4325,52.28,10.8125,5.3,50.4,18.5,31.2,30.0,69.1,7.53
A20966_4310,52.415,10.775,5.3,48.8,18.2,33.0,29.9,85.2,6.44
A20863_4265,52.1575,10.6625,6.9,19.6,33.9,46.5,29.8,56.6,7.3
A20917_4311,52.2925,10.7775,5.1,33.6,23.7,42.7,31.6,76.3,6.15
A21080_4071,52.7,10.1775,5.0,67.3,11.0,21.7,24.7,87.1,5.51
A20879_4191,52.1975,10.4775,5.4,35.9,27.1,37.1,31.1,77.5,6.83
A20895_4255,52.2375,10.6375,5.2,38.1,23.0,38.9,31.3,85.2,7.38
A20875_4342,52.1875,10.855,4.9,12.1,27.1,60.7,28.9,70.5,7.15
A20867_4291,52.1675,10.7275,5.9,30.9,23.0,46.1,31.8,71.3,6.57
A20840_4123,52.1,10.3075,6.2,22.1,27.4,50.5,28.5,65.5,7.25
A20994_4192,52.485,10.48,5.0,61.5,14.3,24.2,27.9,79.6,5.3
A20894_4259,52.235,10.6475,6.4,37.7,24.3,37.9,31.1,58.0,6.8
A20963_4194,52.4075,10.485,5.0,55.2,18.6,26.2,29.1,67.7,5.91
A20895_4250,52.2375,10.625,5.3,40.6,25.1,34.4,32.8,85.6,7.04
A20896_4250,52.24,10.625,5.2,39.9,24.5,35.6,31.8,78.2,7.11
A20895_4260,52.2375,10.65,5.3,37.5,22.9,39.5,31.0,69.6,6.64
A20854_4042,52.135,10.105,5.2,24.2,27.4,48.4,30.9,66.0,6.06
A20896_4251,52.24,10.6275,5.2,38.5,25.4,36.1,31.9,72.1,7.73
A20894_4260,52.235,10.65,5.6,38.8,22.2,39.0,30.8,63.3,6.8
A20873_4341,52.1825,10.8525,4.9,22.5,27.7,49.8,27.6,68.4,6.94
A20866_4291,52.165,10.7275,6.6,30.3,24.7,45.0,31.8,51.5,6.89
A20986_4206,52.465,10.515,4.8,63.7,13.8,22.5,25.5,67.0,5.38
A20857_4108,52.1425,10.27,6.7,20.5,26.3,53.2,29.2,49.9,6.3
A21006_4059,52.515,10.1475,5.2,64.3,15.0,20.7,25.4,69.7,5.76
A21017_4094,52.5425,10.235,5.2,68.9,12.0,19.1,24.9,72.5,5.43
A20915_4325,52.2875,10.8125,4.8,46.2,21.7,32.1,30.3,82.5,7.46
A20823_4144,52.0575,10.36,5.4,23.1,30.0,46.9,27.2,77.2,7.16
A20842_4123,52.105,10.3075,5.3,17.7,34.6,47.7,27.2,93.9,5.99
A20832_4151,52.08,10.3775,5.3,21.9,30.9,47.2,27.3,66.6,5.48
A21014_4250,52.535,10.625,5.0,62.3,12.8,25.0,27.0,68.8,7.1
A20882_4322,52.205,10.805,5.1,23.0,26.6,50.4,27.7,68.6,5.4
A20858_4290,52.145,10.725,6.6,30.3,33.0,36.7,29.8,55.2,8.16
A20983_4354,52.4575,10.885,5.0,60.8,15.6,23.6,31.5,79.9,7.69
A20828_4069,52.07,10.1725,6.8,19.6,29.1,51.3,27.3,48.9,5.55
A20960_4092,52.4,10.23,5.1,50.0,18.5,31.5,25.6,77.7,6.17
A20928_4183,52.32,10.4575,5.4,52.3,18.7,29.1,29.7,79.2,8.59
A20937_4289,52.3425,10.7225,4.9,51.5,17.6,30.9,29.5,83.2,7.09
A20905_4242,52.2625,10.605,5.1,41.1,24.5,34.4,31.1,79.1,6.69
A20921_4221,52.3025,10.5525,5.0,47.4,20.5,32.1,31.2,84.2,7.21
A20824_4207,52.06,10.5175,5.6,24.8,27.9,47.3,30.4,61.7,8.2
A20838_4054,52.095,10.135,5.6,16.4,23.6,60.0,29.1,52.3,5.77
A20967_4087,52.4175,10.2175,5.8,54.2,16.2,29.6,24.4,53.8,5.97
A20969_4363,52.4225,10.9075,5.0,57.9,14.4,27.7,28.9,73.5,8.08
A20957_4088,52.3925,10.22,5.3,57.5,12.8,29.7,27.2,69.4,7.8
A20895_4360,52.2375,10.9,6.6,44.4,23.2,32.4,30.4,49.1,7.81
A20861_4219,52.1525,10.5475,6.0,27.8,29.6,42.7,29.1,59.3,7.86
A21127_4128,52.8175,10.32,4.9,47.0,21.3,31.7,24.2,95.0,5.01
A20833_4145,52.0825,10.3625,5.0,20.9,32.2,46.9,26.6,67.3,5.72
A20835_4143,52.0875,10.3575,5.2,18.9,31.4,49.7,27.1,81.7,5.58
A20896_4284,52.24,10.71,5.5,34.7,24.3,41.0,30.2,61.3,5.84
A20917_4139,52.2925,10.3475,5.1,42.5,18.5,39.0,30.7,77.3,6.07
A20851_4104,52.1275,10.26,5.2,15.6,28.5,55.9,28.1,67.5,5.91
A20861_4141,52.1525,10.3525,5.9,21.8,28.8,49.4,27.1,67.5,5.32
A21132_4074,52.83,10.185,4.8,54.4,21.3,24.3,26.6,86.4,5.68
A20858_4306,52.145,10.765,6.7,28.0,33.6,38.4,31.6,62.5,6.61
A20843_4137,52.1075,10.3425,5.9,21.2,31.2,47.6,27.8,53.5,5.47
A20851_4059,52.1275,10.1475,5.6,21.3,29.2,49.5,29.8,55.2,5.45
A20820_4071,52.05,10.1775,5.1,23.7,33.0,43.3,27.6,63.0,6.32
A20889_4190,52.2225,10.475,6.3,30.3,26.3,43.4,31.5,47.3,6.28
A20864_4217,52.16,10.5425,5.6,27.8,28.9,43.3,27.7,79.7,7.52
A20859_4220,52.1475,10.55,6.1,29.3,29.2,41.4,29.2,69.2,8.28
A20905_4224,52.2625,10.56,5.1,37.5,26.4,36.1,28.8,76.2,7.43
A20876_4335,52.19,10.8375,5.0,18.7,27.5,53.9,26.0,72.5,5.46
A20965_4317,52.4125,10.7925,5.1,51.6,16.1,32.3,28.9,80.2,7.11
A20862_4218,52.155,10.545,5.8,28.3,29.1,42.6,28.1,70.0,7.79
A20953_4212,52.3825,10.53,6.3,58.6,14.6,26.8,27.2,54.6,5.73
A20983_4323,52.4575,10.8075,5.1,62.0,14.0,24.0,28.6,74.9,7.47
A20847_4118,52.1175,10.295,5.6,22.0,32.2,45.8,27.5,59.3,5.83
A20971_4269,52.4275,10.6725,5.7,63.5,13.5,23.0,28.4,55.9,6.95
A20876_4198,52.19,10.495,6.1,28.9,27.8,43.3,30.2,57.3,6.67
A21097_4181,52.7425,10.4525,5.0,60.7,9.1,30.2,30.1,91.2,4.99
A20869_4330,52.1725,10.825,5.0,22.3,26.2,51.5,28.6,62.6,7.15
A20918_4143,52.295,10.3575,5.0,36.0,18.9,45.1,30.0,79.5,6.26
A20909_4181,52.2725,10.4525,6.4,43.4,21.5,35.1,32.2,55.8,7.61
A20908_4223,52.27,10.5575,5.2,34.9,25.9,39.3,30.4,85.6,6.48
A20926_4186,52.315,10.465,6.2,51.6,19.6,28.7,30.0,59.6,6.94
A20907_4221,52.2675,10.5525,5.4,34.6,25.7,39.7,28.9,86.5,6.57
A20983_4321,52.4575,10.8025,5.0,60.2,15.1,24.7,29.3,75.6,7.45
A20965_4131,52.4125,10.3275,5.5,54.5,14.1,31.4,29.2,66.9,6.03
A20961_4203,52.4025,10.5075,5.0,58.5,17.3,24.2,28.7,70.9,6.65
A20929_4172,52.3225,10.43,6.3,51.9,20.7,27.4,30.2,56.5,6.52
A20897_4249,52.2425,10.6225,5.2,38.4,25.3,36.3,31.6,78.3,7.56
A20837_4106,52.0925,10.265,6.6,20.6,30.4,49.0,26.5,45.8,4.42
A20929_4270,52.3225,10.675,6.3,46.0,21.5,32.5,28.6,61.6,7.19
A20983_4320,52.4575,10.8,5.0,62.0,13.8,24.2,29.4,71.8,7.28
A20963_4204,52.4075,10.51,5.0,60.4,15.1,24.5,28.4,71.9,6.09
A20916_4132,52.29,10.33,5.2,41.9,18.0,40.2,31.1,77.6,6.4
A20916_4169,52.29,10.4225,6.2,33.6,22.7,43.7,30.6,64.7,5.57
A20907_4222,52.2675,10.555,5.4,34.6,25.7,39.7,28.9,86.5,6.57
A20957_4199,52.3925,10.4975,6.0,56.3,16.8,27.0,28.9,55.5,6.49
A20868_4343,52.17,10.8575,5.1,20.5,34.1,45.4,27.4,67.9,5.59
A20850_4058,52.125,10.145,5.1,20.6,28.9,50.4,30.1,75.9,5.35
A20946_4167,52.365,10.4175,5.0,60.0,14.9,25.1,28.7,69.4,6.3
A21027_4295,52.5675,10.7375,4.6,54.6,13.9,31.5,26.7,75.0,5.95
A21139_4263,52.8475,10.6575,5.6,59.4,11.6,29.0,26.6,72.1,5.57
A20875_4335,52.1875,10.8375,5.1,22.8,25.0,52.1,25.6,72.4,5.77
A20892_4345,52.23,10.8625,6.6,38.8,20.8,40.5,29.7,56.5,7.62
A20902_4188,52.255,10.47,5.9,39.3,24.1,36.5,30.4,55.4,5.85
A20871_4218,52.1775,10.545,5.2,34.0,30.5,35.5,30.7,72.1,7.43
A20875_4336,52.1875,10.84,4.9,20.8,28.8,50.3,27.4,74.6,6.07
A21014_4047,52.535,10.1175,5.3,64.4,16.4,19.2,25.2,62.4,6.14
A20874_4332,52.185,10.83,5.2,23.3,25.4,51.3,25.3,75.5,6.12
A20919_4252,52.2975,10.63,5.3,47.6,18.6,33.8,31.6,81.1,8.4
A20932_4089,52.33,10.2225,5.5,54.8,16.1,29.1,27.1,66.1,5.15
A21055_4231,52.6375,10.5775,5.3,69.1,12.3,18.6,25.9,79.1,7.01
A20962_4203,52.405,10.5075,4.9,60.7,15.1,24.2,29.3,75.3,6.45
A20876_4332,52.19,10.83,5.0,20.2,26.4,53.4,26.0,85.4,5.27
A20840_4053,52.1,10.1325,6.0,17.1,22.5,60.4,29.7,54.3,5.54
A20843_4056,52.1075,10.14,5.3,15.2,25.4,59.3,30.6,73.5,5.08
A21056_4229,52.64,10.5725,5.0,69.7,11.6,18.7,25.9,84.0,7.01
A20974_4367,52.435,10.9175,4.8,58.5,16.1,25.4,31.1,87.4,8.25
A20895_4411,52.2375,11.0275,5.0,31.0,21.7,47.3,32.0,89.9,7.23
A20917_4130,52.2925,10.325,5.5,35.2,20.0,44.8,31.2,64.1,5.37
A20875_4334,52.1875,10.835,5.1,22.8,25.0,52.1,25.6,72.4,5.77
A20875_4333,52.1875,10.8325,5.2,22.9,24.3,52.8,25.5,81.7,5.74
A21116_4052,52.79,10.13,4.9,69.3,11.6,19.1,29.0,96.9,5.9
A21132_4072,52.83,10.18,4.9,56.4,16.3,27.3,26.0,89.0,5.78
A20835_4145,52.0875,10.3625,5.2,19.7,30.5,49.8,25.8,69.4,5.83
A20963_4178,52.4075,10.445,6.1,64.7,12.9,22.4,28.0,41.9,6.05
A20911_4231,52.2775,10.5775,5.5,39.5,25.2,35.3,29.5,85.3,6.38
A20964_4132,52.41,10.33,5.6,63.5,12.9,23.6,28.7,62.0,6.65
A20964_4202,52.41,10.505,5.0,58.3,16.7,25.0,28.0,67.1,6.17
A21036_4056,52.59,10.14,6.0,67.9,18.1,13.9,25.7,55.9,5.78
A20948_4327,52.37,10.8175,5.0,50.1,19.2,30.7,31.3,82.5,6.24
A20952_4325,52.38,10.8125,5.3,45.4,18.6,36.0,31.0,67.4,6.09
A20915_4133,52.2875,10.3325,5.1,34.1,19.5,46.4,31.8,72.1,6.39
A20931_4286,52.3275,10.715,5.1,54.8,15.4,29.8,29.2,76.1,6.95
A20972_4129,52.43,10.3225,5.4,50.5,17.9,31.7,28.9,72.6,5.54
A20958_4119,52.395,10.2975,5.5,53.7,16.3,30.0,26.9,77.1,6.11
A20887_4305,52.2175,10.7625,5.1,24.7,30.4,44.9,28.1,69.0,5.85
A21014_4045,52.535,10.1125,5.5,67.1,13.8,19.2,26.0,55.0,5.57
A20855_4058,52.1375,10.145,5.2,22.2,24.8,53.0,29.3,78.7,5.69
A21014_4044,52.535,10.11,5.5,67.1,13.8,19.2,26.0,55.0,5.57
A20852_4063,52.13,10.1575,5.3,20.1,27.5,52.4,30.4,70.1,5.57
A20851_4063,52.1275,10.1575,5.2,19.5,27.6,52.9,29.9,82.7,5.76
A20937_4197,52.3425,10.4925,5.3,47.5,24.8,27.7,28.2,74.7,7.66
A21132_4066,52.83,10.165,4.9,58.3,15.1,26.6,25.5,85.0,6.25
A20892_4317,52.23,10.7925,4.9,27.6,28.5,43.8,25.7,70.7,5.93
A20941_4203,52.3525,10.5075,5.4,46.9,20.8,32.3,28.1,75.8,7.41
A20841_4131,52.1025,10.3275,5.3,21.9,31.2,46.9,27.3,78.7,5.54
A20918_4224,52.295,10.56,5.9,42.7,23.2,34.1,31.3,55.1,6.9
A21014_4046,52.535,10.115,5.6,67.1,14.1,18.8,25.5,51.6,5.71
A20850_4061,52.125,10.1525,5.1,19.2,29.0,51.8,30.7,75.3,5.43
A20876_4420,52.19,11.05,5.7,34.9,25.2,39.9,29.1,70.9,7.17
A20970_4129,52.425,10.3225,6.0,52.6,15.9,31.5,28.8,50.8,6.38
A21053_4070,52.6325,10.175,5.2,60.3,13.1,26.6,27.9,86.4,5.87
A21047_4047,52.6175,10.1175,5.2,66.1,16.7,17.3,27.3,76.5,6.26
A20934_4284,52.335,10.71,5.0,57.1,17.0,26.0,29.8,69.1,6.63
A21129_4083,52.8225,10.2075,6.1,45.7,19.8,34.5,25.1,51.1,5.25
A20914_4322,52.285,10.805,4.9,50.0,18.6,31.4,30.4,72.3,6.76
A20882_4436,52.205,11.09,5.3,31.4,18.3,50.2,30.5,78.2,6.83
A20935_4287,52.3375,10.7175,5.0,54.4,17.9,27.7,28.6,65.2,6.22
A21109_4183,52.7725,10.4575,5.1,60.7,12.6,26.6,27.0,88.8,6.68
A20880_4437,52.2,11.0925,5.3,26.4,19.8,53.8,30.4,69.1,6.57
A21129_4116,52.8225,10.29,4.7,55.7,19.5,24.8,24.6,102.3,5.07
A21129_4149,52.8225,10.3725,5.0,60.0,17.8,22.2,22.7,101.9,5.21
A21077_4205,52.6925,10.5125,6.1,67.0,11.4,21.6,27.0,60.1,5.58
A20984_4323,52.46,10.8075,5.0,61.2,15.0,23.8,28.9,74.8,7.53
A20986_4323,52.465,10.8075,4.9,60.0,14.2,25.7,28.6,69.2,6.88
A20940_4043,52.35,10.1075,5.3,40.4,21.0,38.6,28.1,66.4,6.23
A21045_4051,52.6125,10.1275,5.3,70.4,11.8,17.8,26.5,72.4,5.73
A21046_4048,52.615,10.12,5.5,66.8,17.4,15.7,27.3,76.2,6.12
A21047_4049,52.6175,10.1225,5.1,70.3,11.9,17.8,27.2,86.7,5.69
A20920_4152,52.3,10.38,5.4,34.1,24.5,41.3,30.4,67.7,6.24
A20966_4150,52.415,10.375,6.0,63.7,11.7,24.6,29.5,55.5,7.35
A20909_4180,52.2725,10.45,6.3,44.9,20.9,34.2,32.0,54.3,7.83
A20919_4146,52.2975,10.365,5.1,35.5,22.5,42.0,29.5,75.1,6.13
A20903_4232,52.2575,10.58,6.0,39.4,25.5,35.2,31.0,60.6,7.15
A20919_4138,52.2975,10.345,5.2,37.8,21.1,41.1,30.8,90.2,5.86
A20905_4240,52.2625,10.6,5.2,43.7,24.4,31.9,31.2,75.6,6.25
A21002_4280,52.505,10.7,4.6,65.3,11.9,22.8,27.2,68.6,6.2
A21099_4137,52.7475,10.3425,4.9,63.6,9.7,26.7,26.5,90.1,4.86
A20919_4142,52.2975,10.355,5.1,35.0,21.0,44.1,29.6,75.7,6.12
A20920_4146,52.3,10.365,5.1,34.8,22.8,42.4,30.0,74.0,6.1
A20876_4297,52.19,10.7425,5.2,22.4,32.0,45.6,26.5,73.2,6.0
A20964_4145,52.41,10.3625,6.1,65.4,11.6,23.0,29.3,62.7,6.82
A20983_4322,52.4575,10.805,5.1,62.0,14.0,24.0,28.6,74.9,7.47
A20919_4136,52.2975,10.34,5.2,36.5,22.0,41.5,31.2,74.6,6.5
A20919_4135,52.2975,10.3375,5.2,36.5,22.0,41.5,31.2,74.6,6.5
A20982_4322,52.455,10.805,5.0,59.6,15.4,25.0,29.1,75.5,7.74
A20889_4173,52.2225,10.4325,6.0,33.9,24.1,42.1,30.9,58.3,5.57
A20919_4147,52.2975,10.3675,5.4,36.6,21.3,42.1,29.7,63.8,6.02
A20834_4139,52.085,10.3475,5.1,22.3,32.5,45.2,28.2,80.9,5.65
A20832_4140,52.08,10.35,5.3,21.3,34.7,44.1,28.2,77.3,5.56
A20884_4305,52.21,10.7625,5.2,25.7,28.7,45.6,30.0,78.5,6.11
A20885_4302,52.2125,10.755,5.3,26.9,28.6,44.5,30.1,87.5,6.08
A20885_4304,52.2125,10.76,5.3,26.0,28.1,45.9,29.5,74.0,5.92
A20884_4304,52.21,10.76,5.3,25.1,28.3,46.6,28.8,78.5,6.41
A20983_4327,52.4575,10.8175,5.0,63.3,14.1,22.7,28.7,74.4,6.92
A20915_4136,52.2875,10.34,5.1,40.5,20.2,39.3,31.5,77.9,6.34
A20983_4328,52.4575,10.82,6.0,67.5,12.4,20.1,29.3,47.4,6.73
A20985_4323,52.4625,10.8075,4.8,59.6,14.9,25.5,28.9,79.5,7.49
A20892_4320,52.23,10.8,4.9,29.9,28.6,41.6,28.1,69.8,6.6
A20982_4325,52.455,10.8125,4.9,63.1,13.9,23.0,28.6,76.0,7.2
A20984_4324,52.46,10.81,4.9,62.1,15.4,22.6,28.4,74.4,7.25
A20986_4322,52.465,10.805,5.1,59.4,13.8,26.8,29.5,70.3,6.9
A20908_4222,52.27,10.555,5.2,34.9,25.9,39.3,30.4,85.6,6.48
A20839_4136,52.0975,10.34,5.5,25.0,32.8,42.3,27.5,58.8,6.49
A20915_4139,52.2875,10.3475,5.1,44.9,18.3,36.8,30.6,74.6,5.9
A21046_4049,52.615,10.1225,5.3,72.8,11.1,16.1,27.3,83.0,6.23
A20921_4144,52.3025,10.36,5.1,36.7,22.5,40.9,30.0,75.3,5.78
A20919_4141,52.2975,10.3525,5.1,35.6,20.9,43.5,30.3,76.6,5.98
A20915_4143,52.2875,10.3575,5.3,32.1,20.3,47.6,29.5,74.8,5.36
A20920_4140,52.3,10.35,5.1,36.5,21.0,42.5,30.3,75.5,6.15
A20907_4456,52.2675,11.14,4.7,33.4,19.8,46.9,31.7,72.7,6.76
A21046_4050,52.615,10.125,5.1,71.5,11.6,16.9,27.5,87.6,5.68
A20979_4251,52.4475,10.6275,5.4,53.9,19.8,26.2,30.0,84.3,6.07
A21014_4185,52.535,10.4625,5.2,60.6,16.9,22.5,24.8,62.7,5.92
A20932_4084,52.33,10.21,5.6,59.1,14.9,26.0,28.3,60.6,5.94
A20924_4225,52.31,10.5625,5.3,42.4,26.0,31.6,31.0,76.0,6.99
A20894_4422,52.235,11.055,4.9,33.2,23.0,43.8,31.6,74.2,7.57
A20975_4366,52.4375,10.915,6.1,57.5,17.0,25.5,30.6,79.7,8.72
A20947_4125,52.3675,10.3125,5.3,49.9,17.8,32.2,26.8,86.5,6.09
A20978_4259,52.445,10.6475,5.0,57.1,14.7,28.2,31.5,74.5,6.62
A20850_4056,52.125,10.14,5.1,21.4,28.4,50.2,30.0,75.5,5.64
A21041_4385,52.6025,10.9625,5.5,64.7,12.4,23.0,30.4,82.3,8.83
A21025_4083,52.5625,10.2075,5.1,65.0,15.6,19.4,27.0,87.5,6.06
A20877_4297,52.1925,10.7425,5.4,21.4,30.8,47.8,27.4,106.1,6.46
A20949_4286,52.3725,10.715,4.9,48.4,19.3,32.3,28.9,82.8,6.29
A20888_4309,52.22,10.7725,5.3,20.1,33.1,46.8,28.6,91.2,6.63
A20983_4209,52.4575,10.5225,4.9,65.9,12.9,21.2,27.2,76.5,5.6
A20969_4205,52.4225,10.5125,5.3,57.3,16.5,26.3,28.7,77.6,6.01
A20920_4145,52.3,10.3625,5.1,36.8,21.5,41.7,29.5,77.1,5.85
A21043_4048,52.6075,10.12,5.6,67.5,16.1,16.4,25.5,74.9,5.84
A20905_4184,52.2625,10.46,6.3,43.0,22.2,34.7,31.5,49.5,6.93
A21104_4104,52.76,10.26,4.8,63.3,12.5,24.2,25.4,82.5,5.24
A20920_4141,52.3,10.3525,5.1,36.5,21.0,42.5,30.3,75.5,6.15
A21095_4129,52.7375,10.3225,4.8,59.3,10.7,30.0,26.1,88.1,5.24
A20908_4234,52.27,10.585,5.2,37.7,28.7,33.6,31.0,73.9,7.66
A20952_4327,52.38,10.8175,5.0,47.2,16.0,36.8,30.1,74.3,6.66
A21104_4137,52.76,10.3425,4.8,58.4,13.6,28.0,28.1,84.8,4.91
A20969_4204,52.4225,10.51,5.2,57.5,16.6,26.0,28.8,85.2,6.51
A21013_4297,52.5325,10.7425,4.7,63.3,13.7,22.9,25.9,82.1,6.45
A21025_4062,52.5625,10.155,5.4,60.4,13.7,26.0,30.1,88.2,6.37
A20877_4320,52.1925,10.8,5.2,20.9,31.8,47.3,27.9,79.6,5.92
A20873_4220,52.1825,10.55,5.2,34.3,25.4,40.3,30.5,67.5,8.18
A20984_4292,52.46,10.73,6.0,61.2,14.2,24.6,27.6,53.6,7.5
A21054_4231,52.635,10.5775,5.3,72.1,11.0,16.9,26.6,72.8,7.48
A21035_4338,52.5875,10.845,4.7,59.9,12.3,27.7,28.3,83.4,5.88
A21037_4336,52.5925,10.84,4.8,59.1,13.3,27.5,27.0,87.5,5.45
A20894_4430,52.235,11.075,4.9,30.9,20.1,49.0,31.6,71.2,6.9
A20936_4284,52.34,10.71,4.9,55.2,15.9,28.9,29.4,73.2,7.45
A21035_4337,52.5875,10.8425,4.7,59.7,12.5,27.9,27.8,85.7,6.12
A20934_4285,52.335,10.7125,5.0,57.1,17.0,26.0,29.8,69.1,6.63
A21048_4041,52.62,10.1025,5.8,68.9,15.3,15.9,26.4,67.7,5.74
A20885_4206,52.2125,10.515,6.1,35.7,25.6,38.6,31.4,55.3,8.84
A20897_4428,52.2425,11.07,4.9,30.3,21.7,48.0,31.9,80.5,7.2
A20936_4289,52.34,10.7225,5.0,52.3,18.3,29.4,28.2,69.8,7.0
A21034_4346,52.585,10.865,5.9,62.9,12.0,25.1,28.7,67.4,6.79
A20890_4427,52.225,11.0675,5.0,25.5,23.8,50.7,31.6,76.1,6.67
A20936_4288,52.34,10.72,4.9,54.8,17.9,27.3,29.6,73.8,6.83
A20938_4283,52.345,10.7075,5.0,54.3,15.9,29.8,29.5,79.0,6.6
A20890_4421,52.225,11.0525,5.0,28.1,23.3,48.6,31.8,82.4,6.52
A20939_4265,52.3475,10.6625,5.4,46.0,18.6,35.4,28.8,63.7,5.97
A20947_4285,52.3675,10.7125,5.0,50.3,19.1,30.7,28.3,85.8,6.79
A20936_4276,52.34,10.69,5.5,53.0,17.3,29.7,30.0,70.1,7.73
A20890_4428,52.225,11.07,5.0,25.8,24.5,49.7,31.6,86.7,6.64
A21023_4074,52.5575,10.185,6.1,69.7,13.1,17.2,31.4,61.1,5.56
A20934_4294,52.335,10.735,4.9,55.9,16.8,27.4,29.7,79.3,7.23
A20939_4263,52.3475,10.6575,5.2,43.6,18.2,38.2,27.8,60.3,5.54
A20916_4138,52.29,10.345,5.1,42.9,17.7,39.5,30.9,84.2,6.34
A21002_4333,52.505,10.8325,5.3,67.2,14.0,18.8,28.3,71.3,6.6
A21101_4056,52.7525,10.14,4.7,62.6,13.9,23.5,27.1,100.6,4.89
A20820_4070,52.05,10.175,5.4,22.9,31.5,45.6,27.8,57.3,5.48
A20919_4234,52.2975,10.585,6.2,39.6,25.1,35.2,28.9,59.0,6.52
A20949_4049,52.3725,10.1225,6.4,54.4,20.9,24.8,25.4,53.8,5.51
A20955_4188,52.3875,10.47,5.5,58.7,15.5,25.7,27.4,59.1,6.26
A20894_4303,52.235,10.7575,5.2,22.9,28.9,48.3,26.0,75.4,5.86
A20906_4163,52.265,10.4075,6.2,35.5,24.1,40.4,29.6,60.3,5.69
A21028_4057,52.57,10.1425,5.6,56.4,18.3,25.2,27.9,65.3,6.47
A20949_4149,52.3725,10.3725,6.1,54.7,19.9,25.4,27.9,73.9,6.46
A20896_4209,52.24,10.5225,5.8,35.0,24.0,41.0,30.1,66.0,8.79
A20941_4227,52.3525,10.5675,5.9,51.0,17.4,31.6,28.7,56.7,6.89
A20894_4423,52.235,11.0575,5.1,36.0,19.0,45.0,31.7,78.3,7.78
A20921_4137,52.3025,10.3425,5.2,36.6,23.6,39.8,31.3,75.2,5.95
A20889_4223,52.2225,10.5575,5.2,37.7,26.3,36.0,29.2,80.2,8.59
A21096_4063,52.74,10.1575,4.9,58.2,13.0,28.8,25.8,87.2,5.03
A20851_4056,52.1275,10.14,5.1,22.1,29.0,48.9,30.3,68.8,5.8
A20984_4327,52.46,10.8175,4.9,62.7,14.0,23.3,28.9,82.4,7.15
A20929_4171,52.3225,10.4275,5.9,52.1,19.5,28.4,30.5,57.3,5.92
A20985_4324,52.4625,10.81,4.8,59.6,14.9,25.5,28.9,79.5,7.49
A20982_4323,52.455,10.8075,5.0,62.0,13.7,24.3,28.2,72.7,7.5
A20875_4299,52.1875,10.7475,5.3,24.6,32.0,43.4,25.6,68.7,5.3
A20875_4300,52.1875,10.75,5.3,24.6,32.0,43.4,25.6,68.7,5.3
A20900_4179,52.25,10.4475,5.7,37.4,22.5,40.1,31.5,66.9,6.17
A20876_4300,52.19,10.75,5.4,20.2,32.2,47.5,27.5,85.4,6.21
A20918_4246,52.295,10.615,6.4,41.2,22.1,36.7,28.1,65.2,9.02
A20876_4299,52.19,10.7475,5.4,19.7,32.7,47.6,27.7,78.5,6.7
A20924_4189,52.31,10.4725,6.2,48.7,19.8,31.5,29.6,59.2,6.73
A20928_4184,52.32,10.46,5.7,50.1,19.3,30.6,29.6,73.4,7.88
A20928_4166,52.32,10.415,6.3,46.1,17.8,36.2,30.4,58.4,5.81
A20922_4254,52.305,10.635,6.5,48.4,19.2,32.3,32.6,63.4,7.14
A20921_4249,52.3025,10.6225,5.2,47.5,17.2,35.4,30.5,83.7,8.2
A20939_4181,52.3475,10.4525,5.8,49.7,19.0,31.3,30.8,58.0,5.5
A20941_4156,52.3525,10.39,5.9,49.4,22.5,28.1,30.4,64.7,5.7
A21001_4273,52.5025,10.6825,4.8,64.7,10.4,24.9,27.4,71.5,6.74
A20965_4040,52.4125,10.1,5.2,52.5,23.3,24.2,25.7,81.0,5.98
A20933_4218,52.3325,10.545,5.1,37.4,24.7,37.9,29.5,70.6,6.67
A20828_4077,52.07,10.1925,6.9,14.8,27.0,58.2,26.6,45.4,5.21
A20965_4146,52.4125,10.365,5.1,60.7,12.4,26.9,28.5,82.4,6.46
A20965_4150,52.4125,10.375,6.0,63.7,13.4,22.9,28.9,63.5,6.97
A20922_4246,52.305,10.615,6.2,43.1,19.9,36.9,30.8,71.0,7.91
A20919_4145,52.2975,10.3625,5.1,36.1,21.9,42.0,29.7,75.6,5.77
A20953_4043,52.3825,10.1075,6.5,55.2,18.6,26.2,26.1,64.5,5.53
A20970_4151,52.425,10.3775,6.0,64.2,12.7,23.1,29.2,61.1,6.96
A20937_4216,52.3425,10.54,5.2,41.3,23.3,35.4,30.7,82.1,7.07
A20842_4070,52.105,10.175,5.9,18.6,29.9,51.5,26.4,48.2,5.32
A20984_4208,52.46,10.52,5.0,64.4,12.0,23.6,27.9,72.0,5.76
A20922_4258,52.305,10.645,5.2,49.1,19.7,31.2,32.6,82.4,8.39
A20949_4136,52.3725,10.34,5.2,46.7,19.7,33.6,28.0,67.8,6.13
A20910_4243,52.275,10.6075,6.4,36.9,21.2,41.9,31.5,63.1,6.93
A21053_4071,52.6325,10.1775,5.2,60.4,13.3,26.3,27.6,86.7,5.9
A20867_4331,52.1675,10.8275,5.0,24.6,29.4,46.0,30.8,60.0,6.05
A20939_4289,52.3475,10.7225,5.1,56.6,15.5,27.9,28.4,67.7,6.59
A20936_4285,52.34,10.7125,4.9,50.2,15.3,34.6,29.8,75.2,7.05
A20933_4283,52.3325,10.7075,5.0,54.9,16.0,29.1,29.8,74.3,6.58
A20859_4261,52.1475,10.6525,5.3,22.5,27.4,50.1,27.6,96.3,5.78
A20866_4331,52.165,10.8275,4.9,27.2,25.9,47.0,31.2,60.8,6.82
A20858_4261,52.145,10.6525,5.3,20.6,28.8,50.6,28.3,96.8,5.93
A20867_4329,52.1675,10.8225,5.2,29.1,30.2,40.7,29.0,68.6,6.04
A20870_4263,52.175,10.6575,6.6,30.8,28.5,40.7,31.2,53.9,7.39
A20937_4264,52.3425,10.66,5.2,46.4,19.5,34.2,29.8,75.4,6.74
A20866_4330,52.165,10.825,5.6,28.7,28.8,42.5,30.5,54.8,6.09
A20932_4287,52.33,10.7175,5.0,53.4,16.0,30.6,28.1,67.7,6.56
A20929_4284,52.3225,10.71,5.1,50.7,16.6,32.7,30.7,72.5,7.51
A20933_4288,52.3325,10.72,4.9,52.8,18.3,29.0,29.0,73.3,6.7
A20869_4283,52.1725,10.7075,6.3,30.0,28.2,41.8,31.0,59.1,6.7
A20866_4293,52.165,10.7325,6.7,28.6,24.7,46.7,32.7,51.4,6.8
A20865_4293,52.1625,10.7325,6.6,31.8,26.4,41.8,32.0,51.6,6.45
A20893_4294,52.2325,10.735,5.1,26.6,27.2,46.2,27.2,74.2,5.43
A20934_4289,52.335,10.7225,5.0,52.4,18.4,29.1,28.3,67.4,6.54
A20939_4290,52.3475,10.725,5.1,56.4,15.7,28.0,28.6,70.4,6.57
A20895_4294,52.2375,10.735,5.4,26.0,24.9,49.1,28.3,79.2,6.41
A20860_4261,52.15,10.6525,6.1,22.6,29.2,48.2,27.6,59.7,5.9
A20861_4261,52.1525,10.6525,6.3,25.0,29.1,45.9,29.1,61.6,7.51
A20919_4144,52.2975,10.36,5.1,34.0,21.5,44.5,29.5,75.7,6.03
A20905_4241,52.2625,10.6025,5.2,41.7,25.7,32.6,31.3,80.9,6.5
A20946_4169,52.365,10.4225,5.1,59.2,15.4,25.3,28.1,69.5,6.14
A20926_4257,52.315,10.6425,5.1,51.1,19.5,29.4,30.3,91.6,7.0
A20942_4146,52.355,10.365,5.7,51.1,18.3,30.5,29.7,52.4,5.66
A20924_4211,52.31,10.5275,5.3,44.9,25.4,29.7,30.6,73.1,7.78
A20902_4184,52.255,10.46,5.6,39.5,23.0,37.5,30.4,66.9,6.13
A20944_4168,52.36,10.42,5.2,61.1,14.9,24.0,29.1,64.4,5.54
A20876_4048,52.19,10.12,6.7,21.6,24.0,54.4,27.6,44.0,5.31
A20959_4213,52.3975,10.5325,5.4,58.7,16.8,24.5,28.5,68.1,5.68
A20958_4210,52.395,10.525,5.5,59.8,16.8,23.4,27.8,61.1,5.96
A20956_4210,52.39,10.525,5.2,58.4,19.0,22.6,27.7,74.1,6.89
A20951_4169,52.3775,10.4225,4.9,57.2,16.6,26.3,26.3,78.1,5.5
A20914_4192,52.285,10.48,5.3,42.6,21.5,36.0,32.2,71.0,5.92
A20930_4289,52.325,10.7225,4.9,47.9,16.6,35.5,30.4,73.9,6.86
A20865_4297,52.1625,10.7425,6.7,29.5,25.2,45.3,32.8,50.9,5.98
A21049_4283,52.6225,10.7075,4.9,59.1,12.9,28.1,25.8,80.4,6.26
A20914_4190,52.285,10.475,5.7,43.9,20.8,35.3,32.2,58.7,5.46
A20905_4160,52.2625,10.4,5.6,34.9,23.8,41.3,30.8,63.5,6.18
A20883_4298,52.2075,10.745,6.3,26.4,28.7,44.9,28.8,63.2,6.43
A20918_4145,52.295,10.3625,4.9,34.0,22.5,43.4,30.5,75.2,5.91
A20880_4299,52.2,10.7475,5.3,25.3,28.9,45.8,30.1,82.5,5.84
A20920_4149,52.3,10.3725,5.0,29.1,24.0,46.9,30.0,70.8,6.04
A20917_4146,52.2925,10.365,5.1,37.2,23.8,39.1,30.7,70.3,6.07
A21002_4275,52.505,10.6875,4.7,64.7,11.6,23.7,28.0,68.1,6.15
A20851_4058,52.1275,10.145,5.2,22.3,29.3,48.4,29.5,55.6,5.69
A20915_4307,52.2875,10.7675,5.2,35.1,24.0,40.9,30.6,85.9,5.89
A20911_4311,52.2775,10.7775,5.0,41.3,23.3,35.4,30.6,77.5,8.71
A20913_4310,52.2825,10.775,5.0,42.4,23.1,34.5,30.8,80.7,7.67
A20913_4306,52.2825,10.765,5.3,39.2,20.8,40.0,31.5,85.1,6.99
A20908_4289,52.27,10.7225,6.4,39.8,23.2,37.0,31.1,58.5,8.51
A20906_4289,52.265,10.7225,5.4,41.5,22.7,35.8,31.4,79.3,8.11
A20898_4209,52.245,10.5225,5.8,36.1,24.5,39.4,29.8,64.4,7.52
A20830_4213,52.075,10.5325,5.1,23.2,28.9,47.9,29.9,68.5,6.41
A21109_4216,52.7725,10.54,4.9,51.6,16.0,32.4,26.4,78.8,5.21
A20962_4183,52.405,10.4575,5.0,61.6,13.7,24.7,26.4,68.5,5.47
A20929_4168,52.3225,10.42,5.4,47.5,19.0,33.4,30.3,58.5,5.64
A20902_4176,52.255,10.44,5.8,32.6,24.8,42.6,31.2,70.3,5.8
A20913_4305,52.2825,10.7625,5.2,38.6,20.0,41.4,31.6,83.2,6.9
A20907_4289,52.2675,10.7225,5.5,40.1,21.8,38.1,31.1,69.9,9.25
A20913_4326,52.2825,10.815,4.8,51.8,19.1,29.1,29.5,78.3,7.76
A20914_4312,52.285,10.78,5.6,42.1,23.0,34.9,30.3,66.1,7.32
A20906_4302,52.265,10.755,6.7,34.3,25.8,39.9,31.5,53.6,9.06
A20912_4327,52.28,10.8175,5.7,51.3,18.9,29.8,28.8,71.6,7.26
A20853_4052,52.1325,10.13,5.3,21.3,26.3,52.4,29.6,72.2,5.44
A20825_4063,52.0625,10.1575,5.4,20.5,28.5,51.0,28.3,55.7,5.39
A20908_4291,52.27,10.7275,5.6,38.8,23.6,37.6,30.7,79.8,9.06
A20884_4315,52.21,10.7875,5.3,22.4,25.9,51.7,29.3,78.2,5.94
A20920_4248,52.3,10.62,5.1,49.1,17.0,33.9,29.5,74.2,8.27
A20900_4368,52.25,10.92,6.3,52.7,20.7,26.5,29.1,56.4,8.27
A20883_4322,52.2075,10.805,5.1,22.0,27.2,50.8,25.1,71.4,5.64
A20854_4047,52.135,10.1175,5.3,20.4,28.2,51.4,29.8,67.2,5.34
A21005_4097,52.5125,10.2425,6.2,65.4,13.6,21.0,26.4,54.9,6.14
A20916_4245,52.29,10.6125,5.1,43.9,21.5,34.6,30.4,86.0,8.36
A20891_4314,52.2275,10.785,5.0,20.8,33.6,45.7,26.3,84.8,6.14
A20821_4050,52.0525,10.125,5.8,14.5,25.5,60.0,29.1,53.5,6.83
A20900_4410,52.25,11.025,4.8,20.8,23.5,55.7,31.7,85.7,6.18
A20971_4352,52.4275,10.88,5.0,57.2,14.1,28.8,30.0,87.4,8.46
A20823_4066,52.0575,10.165,5.2,20.8,27.8,51.4,27.6,67.1,6.05
A20907_4294,52.2675,10.735,5.4,40.8,21.7,37.5,31.6,79.5,8.15
A20920_4245,52.3,10.6125,6.4,43.1,22.5,34.3,29.5,64.6,8.49
A20907_4447,52.2675,11.1175,5.0,39.7,17.9,42.5,30.9,79.7,8.19
A20937_4303,52.3425,10.7575,4.9,55.0,17.3,27.7,28.6,73.6,6.78
A20899_4180,52.2475,10.45,6.5,34.1,23.9,42.0,31.7,51.8,5.79
A21039_4056,52.5975,10.14,5.2,71.8,11.9,16.3,26.0,75.0,5.76
A20919_4259,52.2975,10.6475,5.2,46.2,19.4,34.4,32.2,91.3,7.87
A20892_4296,52.23,10.74,5.2,22.9,28.2,48.9,25.7,74.9,5.67
A20894_4291,52.235,10.7275,5.2,27.0,28.6,44.3,28.7,66.3,5.47
A20892_4326,52.23,10.815,5.0,22.5,25.3,52.2,29.8,86.7,5.81
A20885_4325,52.2125,10.8125,5.3,23.6,26.6,49.8,26.1,74.2,6.07
A20899_4300,52.2475,10.75,5.3,27.8,26.7,45.5,28.2,72.3,6.96
A20923_4245,52.3075,10.6125,6.3,43.0,20.5,36.5,31.0,57.4,7.62
A20949_4183,52.3725,10.4575,6.3,54.5,16.6,28.9,29.2,58.1,5.82
A21130_4095,52.825,10.2375,5.0,45.3,22.4,32.2,25.3,102.0,4.89
A20914_4204,52.285,10.51,5.4,40.6,28.1,31.4,28.5,78.1,7.76
A20932_4285,52.33,10.7125,5.0,55.0,15.8,29.2,28.6,72.4,6.62
A20871_4208,52.1775,10.52,6.4,34.2,27.3,38.5,31.5,59.3,8.09
A20977_4153,52.4425,10.3825,5.3,60.7,13.1,26.3,27.1,67.2,5.8
A21008_4401,52.52,11.0025,5.2,62.2,13.9,23.9,30.0,82.7,6.8
A20942_4041,52.355,10.1025,5.2,46.6,21.1,32.3,28.1,63.4,5.46
A20906_4223,52.265,10.5575,5.3,38.5,25.6,35.9,30.2,96.0,7.14
A20949_4333,52.3725,10.8325,4.8,42.8,22.8,34.4,28.4,73.9,5.97
A21034_4317,52.585,10.7925,4.8,59.2,11.8,29.1,26.9,81.2,6.76
A20906_4236,52.265,10.59,5.1,43.6,22.2,34.1,32.2,77.1,6.65
A20922_4249,52.305,10.6225,6.0,45.9,16.9,37.2,32.4,70.3,7.6
A20881_4218,52.2025,10.545,5.3,33.4,25.4,41.2,32.4,76.4,8.52
A20957_4214,52.3925,10.535,5.5,58.6,17.7,23.7,27.4,61.8,6.19
A20853_4064,52.1325,10.16,5.3,20.6,28.4,51.0,29.3,60.9,6.2
A20840_4141,52.1,10.3525,5.2,21.9,30.1,48.0,29.3,79.2,5.53
A20828_4211,52.07,10.5275,5.2,23.4,31.5,45.1,29.7,73.0,6.5
A20892_4226,52.23,10.565,5.3,34.5,29.1,36.4,30.2,75.5,6.75
A20878_4298,52.195,10.745,5.4,21.1,30.6,48.3,28.6,100.4,6.81
A20824_4063,52.06,10.1575,5.4,20.9,29.8,49.3,28.1,69.3,5.68
A20891_4231,52.2275,10.5775,5.6,39.5,21.0,39.5,31.3,70.7,6.81
A20852_4266,52.13,10.665,5.4,24.5,30.4,45.1,28.4,83.4,5.9
A20899_4187,52.2475,10.4675,5.4,40.9,23.1,36.0,30.2,73.6,6.49
A20874_4387,52.185,10.9675,5.1,31.8,19.3,48.9,30.1,77.1,8.02
A20906_4111,52.265,10.2775,5.3,28.3,22.7,49.0,27.0,57.3,5.6
A20855_4263,52.1375,10.6575,5.2,25.9,28.0,46.1,27.5,88.0,5.99
A20893_4228,52.2325,10.57,5.3,31.4,25.1,43.5,30.7,76.1,7.25
A20943_4392,52.3575,10.98,6.0,49.5,17.7,32.7,30.4,72.7,7.18
A20870_4458,52.175,11.145,5.2,39.8,19.0,41.1,30.8,76.1,8.06
A20987_4208,52.4675,10.52,4.9,61.8,13.7,24.5,26.1,68.9,5.72
A20979_4352,52.4475,10.88,5.5,56.6,18.4,25.0,32.8,90.5,8.2
A20891_4233,52.2275,10.5825,5.4,40.0,21.8,38.2,31.3,77.3,6.99
A20920_4249,52.3,10.6225,5.1,48.6,17.2,34.2,30.4,82.7,7.9
A20827_4211,52.0675,10.5275,5.3,22.2,29.5,48.3,30.0,80.6,6.53
A21033_4074,52.5825,10.185,5.3,69.1,14.7,16.2,25.5,71.3,5.84
A20911_4118,52.2775,10.295,6.6,38.6,22.2,39.2,28.6,48.9,5.16
A20989_4211,52.4725,10.5275,5.2,65.4,11.4,23.2,27.8,60.8,6.06
A20932_4234,52.33,10.585,5.2,39.7,20.7,39.6,29.7,79.6,6.25
A20836_4044,52.09,10.11,5.4,17.7,27.0,55.3,30.9,77.0,5.55
A20835_4046,52.0875,10.115,5.4,20.2,30.7,49.2,31.0,84.2,5.58
A21029_4206,52.5725,10.515,5.2,63.4,13.3,23.3,27.6,70.3,6.02
A21038_4113,52.595,10.2825,6.2,70.1,11.9,18.0,27.5,62.9,6.08
A20914_4188,52.285,10.47,6.5,45.5,20.2,34.4,30.3,52.5,5.33
A20901_4181,52.2525,10.4525,5.3,36.3,21.6,42.1,31.0,73.7,6.45
A20901_4185,52.2525,10.4625,5.4,38.6,24.3,37.1,30.2,64.9,6.19
A21039_4246,52.5975,10.615,5.6,65.4,12.0,22.6,27.4,58.3,6.5
A20980_4266,52.45,10.665,4.9,60.7,13.8,25.5,31.3,73.2,6.89
A20911_4182,52.2775,10.455,5.5,43.4,21.1,35.5,30.4,69.7,6.3
A20918_4135,52.295,10.3375,5.2,41.4,18.9,39.7,30.8,72.3,6.34
A20901_4183,52.2525,10.4575,5.3,38.9,22.7,38.4,30.9,77.9,6.8
A20980_4325,52.45,10.8125,4.9,64.0,13.2,22.8,27.5,68.2,7.18
A20911_4185,52.2775,10.4625,5.3,43.1,21.0,36.0,31.2,70.8,6.78
A20903_4239,52.2575,10.5975,5.1,45.6,23.2,31.2,30.5,85.9,6.63
A20899_4185,52.2475,10.4625,6.2,38.0,23.1,38.9,30.6,55.3,5.86
A20898_4187,52.245,10.4675,5.5,39.5,23.6,36.9,30.7,65.2,5.76
A20924_4222,52.31,10.555,5.2,42.9,24.6,32.5,29.8,82.6,6.64
A20923_4222,52.3075,10.555,5.0,42.6,25.2,32.3,31.2,82.0,6.78
A21048_4045,52.62,10.1125,5.5,71.4,12.3,16.4,26.5,85.4,5.78
A20923_4226,52.3075,10.565,5.0,41.4,27.3,31.3,32.7,68.0,6.3
A20920_4136,52.3,10.34,5.3,38.8,20.4,40.8,30.8,81.0,6.19
A20921_4136,52.3025,10.34,5.3,32.4,24.4,43.2,30.5,82.5,6.1
A21118_4347,52.795,10.8675,4.9,60.6,13.4,26.0,28.6,88.1,6.86
A20870_4344,52.175,10.86,4.9,18.6,31.2,50.2,26.8,77.0,5.9
A20959_4355,52.3975,10.8875,5.0,48.3,18.0,33.7,30.7,80.0,7.58
A20919_4244,52.2975,10.61,6.3,43.2,20.0,36.8,28.3,62.8,8.9
A20930_4260,52.325,10.65,6.6,49.4,18.8,31.8,29.0,45.5,7.17
A20968_4381,52.42,10.9525,4.9,57.3,15.9,26.8,31.0,78.2,7.47
A20859_4059,52.1475,10.1475,5.2,22.3,27.0,50.7,27.9,75.5,5.47
A20851_4060,52.1275,10.15,5.6,21.3,29.2,49.5,29.8,55.2,5.45
A20893_4271,52.2325,10.6775,5.2,38.5,22.1,39.4,31.7,68.9,6.26
A20966_4373,52.415,10.9325,4.9,51.5,18.7,29.8,30.6,75.0,8.14
A20934_4256,52.335,10.64,5.1,44.6,16.0,39.4,29.6,74.4,7.25
A20965_4363,52.4125,10.9075,4.9,51.4,18.6,30.0,29.7,73.7,7.4
A20850_4057,52.125,10.1425,5.1,21.8,28.8,49.3,30.3,69.2,5.51
A21118_4344,52.795,10.86,5.7,58.7,13.7,27.6,28.6,66.8,6.33
A20916_4175,52.29,10.4375,5.5,40.4,24.5,35.1,31.3,68.8,6.09
A20986_4166,52.465,10.415,4.8,63.1,13.7,23.2,25.8,71.0,5.47
A20986_4163,52.465,10.4075,4.9,64.7,12.2,23.0,26.5,68.3,5.28
A20988_4395,52.47,10.9875,6.0,62.5,13.9,23.5,29.9,55.5,6.96
A20916_4174,52.29,10.435,5.3,40.4,24.1,35.5,31.3,76.3,5.8
A21028_4105,52.57,10.2625,5.0,67.6,12.3,20.1,25.5,77.7,6.07
A20896_4211,52.24,10.5275,5.9,37.5,24.7,37.8,29.7,68.7,7.72
A20965_4368,52.4125,10.92,4.7,46.2,18.9,34.9,30.3,73.3,7.65
A20901_4178,52.2525,10.445,5.4,35.9,23.1,41.0,31.8,75.8,6.75
A21003_4279,52.5075,10.6975,4.6,66.4,10.4,23.1,27.7,71.1,6.03
A20975_4357,52.4375,10.8925,5.8,55.4,17.4,27.2,31.5,78.0,8.69
A21118_4345,52.795,10.8625,4.9,59.1,14.1,26.8,28.7,85.6,6.77
A21123_4349,52.8075,10.8725,4.9,59.5,15.1,25.4,30.1,77.7,6.92
A20849_4058,52.1225,10.145,5.1,20.8,28.0,51.2,30.5,72.7,5.44
A20919_4248,52.2975,10.62,5.1,48.3,19.6,32.0,30.0,79.3,8.35
A20870_4345,52.175,10.8625,4.9,18.3,31.9,49.8,26.7,80.5,5.72
A20965_4372,52.4125,10.93,4.8,46.9,19.2,34.0,31.3,76.3,8.03
A20965_4369,52.4125,10.9225,4.7,46.2,18.9,34.9,30.3,73.3,7.65
A20912_4312,52.28,10.78,5.0,41.6,23.4,35.0,30.4,74.2,8.5
A20869_4344,52.1725,10.86,5.0,17.8,32.0,50.3,26.7,66.3,5.95
A20849_4055,52.1225,10.1375,5.1,19.8,28.1,52.1,28.5,78.7,5.77
A20901_4239,52.2525,10.5975,5.1,38.6,26.4,35.0,31.0,81.5,7.41
A20899_4210,52.2475,10.525,5.7,37.1,23.5,39.5,29.6,66.7,8.74
A20972_4352,52.43,10.88,6.0,56.9,13.5,29.5,30.0,62.8,8.05
A20988_4192,52.47,10.48,4.7,59.5,15.2,25.3,27.4,71.8,5.95
A20853_4304,52.1325,10.76,6.8,31.7,31.1,37.2,31.1,59.2,6.97
A20855_4070,52.1375,10.175,5.4,21.1,27.9,51.0,29.8,61.7,6.26
A20968_4369,52.42,10.9225,5.8,52.0,18.4,29.6,29.6,64.4,7.33
A20892_4271,52.23,10.6775,5.3,39.0,20.4,40.6,31.1,70.6,7.0
A20915_4130,52.2875,10.325,5.1,36.5,20.2,43.3,31.0,75.8,6.02
A20894_4424,52.235,11.06,4.9,35.9,21.2,43.0,32.8,71.7,6.82
A20920_4147,52.3,10.3675,5.3,36.8,21.7,41.6,29.7,59.5,6.76
A20909_4183,52.2725,10.4575,6.4,43.0,20.7,36.3,32.2,54.2,7.23
A21136_4110,52.84,10.275,4.9,43.4,21.3,35.3,24.5,102.6,5.36
A20915_4188,52.2875,10.47,6.4,45.3,19.3,35.4,29.9,53.0,5.83
A21035_4332,52.5875,10.83,4.7,61.5,12.5,26.0,27.8,75.7,6.19
A20877_4329,52.1925,10.8225,5.1,21.9,26.9,51.2,27.5,58.9,5.86
A20913_4188,52.2825,10.47,5.2,45.9,20.2,33.9,32.1,81.1,5.74
A20999_4284,52.4975,10.71,4.8,63.0,11.8,25.2,28.8,74.8,6.47
A20929_4166,52.3225,10.415,5.9,46.5,19.0,34.5,31.2,56.5,5.74
A21081_4103,52.7025,10.2575,5.2,48.5,19.1,32.4,28.5,84.3,5.34
A20889_4236,52.2225,10.59,5.4,34.3,22.4,43.3,32.0,76.2,8.74
A20888_4236,52.22,10.59,5.4,33.1,22.6,44.2,31.9,77.0,8.72
A20892_4294,52.23,10.735,5.2,24.6,27.9,47.4,27.6,67.3,5.63
A20896_4247,52.24,10.6175,5.2,38.1,24.7,37.2,32.4,95.6,7.29
A20915_4254,52.2875,10.635,5.6,41.0,21.7,37.3,31.7,65.7,8.51
A20941_4332,52.3525,10.83,5.0,47.5,17.4,35.2,31.6,85.1,6.21
A20944_4330,52.36,10.825,5.0,49.9,18.0,32.0,30.4,78.9,5.93
A20985_4326,52.4625,10.815,5.3,60.2,14.5,25.3,29.0,66.9,6.92
A20939_4331,52.3475,10.8275,5.9,46.8,17.9,35.3,29.3,66.3,6.3
A20944_4331,52.36,10.8275,5.0,49.9,18.0,32.0,30.4,78.9,5.93
A20938_4335,52.345,10.8375,5.1,44.0,21.3,34.6,31.5,87.5,7.05
A20940_4331,52.35,10.8275,5.8,48.7,17.4,33.9,29.8,64.3,6.68
A20915_4252,52.2875,10.63,5.1,40.6,20.8,38.6,31.1,75.5,8.29
A21018_4096,52.545,10.24,5.3,70.4,11.9,17.7,25.8,65.5,5.3
A20985_4327,52.4625,10.8175,5.1,62.5,14.7,22.8,29.4,62.3,7.14
A21019_4096,52.5475,10.24,5.4,72.1,11.1,16.8,25.9,60.4,5.67
A21004_4224,52.51,10.56,5.2,63.4,15.2,21.5,26.7,68.4,6.36
A21018_4098,52.545,10.245,5.3,66.7,14.2,19.1,26.1,68.1,5.9
A20855_4261,52.1375,10.6525,5.2,24.7,26.3,49.0,27.4,84.2,5.79
A20937_4335,52.3425,10.8375,5.7,49.8,22.6,27.5,31.5,73.1,6.92
A21126_4301,52.815,10.7525,5.7,60.6,12.9,26.5,26.5,60.3,6.52
A21019_4095,52.5475,10.2375,5.4,70.5,12.1,17.4,26.4,69.1,5.46
A20937_4333,52.3425,10.8325,5.1,45.0,23.1,31.8,31.5,86.4,7.4
A20867_4324,52.1675,10.81,5.8,34.4,27.3,38.3,30.3,59.2,5.95
A20893_4295,52.2325,10.7375,5.1,26.6,27.2,46.2,27.2,74.2,5.43
A20917_4135,52.2925,10.3375,5.1,41.6,19.0,39.3,31.3,68.0,6.39
A20930_4230,52.325,10.575,5.1,39.6,26.6,33.8,30.5,83.7,6.67
A20860_4254,52.15,10.635,5.3,27.6,28.1,44.3,28.8,102.1,5.45
A20944_4332,52.36,10.83,5.0,46.0,19.7,34.3,30.1,79.4,5.49
A20861_4252,52.1525,10.63,5.5,28.3,25.8,45.9,30.7,87.7,7.48
A20899_4181,52.2475,10.4525,6.5,33.5,23.3,43.2,30.5,48.5,6.39
A20890_4206,52.225,10.515,5.7,40.2,22.5,37.3,30.0,60.7,9.07
A20931_4229,52.3275,10.5725,4.9,42.7,21.4,35.8,30.2,71.0,6.16
A20894_4295,52.235,10.7375,5.3,27.4,27.3,45.2,27.1,73.7,5.12
A20886_4324,52.215,10.81,5.2,21.7,24.5,53.8,26.0,73.5,6.08
A20916_4131,52.29,10.3275,5.1,35.3,19.3,45.4,31.5,65.4,6.09
A20897_4247,52.2425,10.6175,5.1,37.2,26.0,36.8,31.5,95.0,7.42
A20884_4286,52.21,10.715,5.4,26.5,30.8,42.7,28.3,75.7,5.4
A20929_4268,52.3225,10.67,6.0,46.3,22.7,31.0,28.7,61.2,7.01
A20896_4248,52.24,10.62,5.2,38.1,24.7,37.2,32.4,95.6,7.29
A21066_4385,52.665,10.9625,4.8,62.3,11.7,26.1,30.4,75.1,6.62
A20918_4136,52.295,10.34,5.2,41.4,18.9,39.7,30.8,72.3,6.34
A20918_4146,52.295,10.365,5.0,33.8,22.3,43.9,30.2,77.2,6.01
A20904_4190,52.26,10.475,6.1,43.4,23.6,33.0,31.1,56.7,7.12
A20985_4190,52.4625,10.475,4.9,63.9,13.0,23.1,27.6,77.9,5.96
A20854_4064,52.135,10.16,5.4,21.7,28.6,49.7,30.3,69.6,5.97
A20892_4204,52.23,10.51,6.0,37.3,24.9,37.8,29.0,62.9,9.19
A20900_4183,52.25,10.4575,5.4,38.6,22.1,39.3,30.5,75.8,7.02
A20960_4222,52.4,10.555,6.0,57.9,14.4,27.6,27.6,58.1,6.59
A20908_4235,52.27,10.5875,5.7,37.9,27.1,35.0,31.9,67.4,6.47
A20843_4138,52.1075,10.345,5.9,21.2,31.2,47.6,27.8,53.5,5.47
A20880_4218,52.2,10.545,5.3,35.1,24.8,40.1,32.8,87.2,8.76
A20930_4216,52.325,10.54,5.9,36.9,25.8,37.3,29.6,71.1,6.15
A20852_4204,52.13,10.51,5.4,20.6,29.2,50.2,27.4,77.3,6.18
A20876_4336,52.19,10.84,4.8,17.9,27.6,54.5,27.2,78.1,5.92
A20891_4223,52.2275,10.5575,5.2,38.5,25.0,36.5,30.7,74.7,7.44
A21044_4088,52.61,10.22,5.0,73.0,10.5,16.5,25.8,91.9,5.52
A20897_4209,52.2425,10.5225,5.3,35.7,24.3,40.0,30.0,81.2,9.08
A20953_4102,52.3825,10.255,6.0,53.0,18.8,28.2,26.6,52.4,5.06
A20995_4222,52.4875,10.555,5.5,64.7,13.7,21.7,28.7,66.6,5.94
A20881_4060,52.2025,10.15,6.7,19.0,25.7,55.3,27.8,58.0,7.74
A20882_4319,52.205,10.7975,5.0,23.2,30.1,46.7,26.7,65.7,5.82
A20981_4324,52.4525,10.81,5.1,64.4,13.6,22.1,27.5,77.2,7.96
A20952_4284,52.38,10.71,5.1,48.9,17.2,33.8,29.8,78.1,6.07
A20936_4062,52.34,10.155,6.2,51.8,17.5,30.8,28.4,54.6,6.39
A20920_4251,52.3,10.6275,5.1,47.1,17.9,34.9,30.8,88.4,8.28
A20886_4203,52.215,10.5075,6.0,34.3,26.9,38.8,30.0,59.7,8.88
A20868_4342,52.17,10.855,5.6,21.8,26.1,52.1,27.5,57.1,5.39
A20854_4063,52.135,10.1575,5.5,22.0,28.4,49.6,30.2,62.5,6.16
A20898_4369,52.245,10.9225,6.0,51.6,22.5,25.9,30.4,64.4,7.89
A20983_4324,52.4575,10.81,5.0,62.8,14.3,22.9,28.8,73.2,7.48
A20937_4334,52.3425,10.835,5.1,44.0,22.7,33.2,31.5,80.1,7.12
A20821_4068,52.0525,10.17,5.1,21.5,30.5,48.0,27.0,61.7,5.85
A20953_4287,52.3825,10.7175,5.1,46.1,17.5,36.4,30.1,70.2,6.32
A20858_4317,52.145,10.7925,6.4,32.9,28.2,38.9,29.5,55.8,6.15
A21009_4270,52.5225,10.675,4.7,64.6,9.5,25.9,28.6,73.3,5.86
A20951_4285,52.3775,10.7125,5.1,48.5,17.8,33.7,29.0,75.9,6.59
A21108_4250,52.77,10.625,5.2,58.8,13.1,28.1,26.3,86.2,6.4
A21061_4373,52.6525,10.9325,5.0,63.6,13.2,23.1,28.1,72.8,6.9
A21023_4376,52.5575,10.94,5.2,65.5,10.8,23.8,28.6,88.2,9.18
A20863_4331,52.1575,10.8275,5.1,19.1,28.1,52.8,29.4,72.7,6.42
A20861_4321,52.1525,10.8025,6.6,33.8,25.4,40.9,32.1,51.4,6.57
A21019_4189,52.5475,10.4725,5.1,64.8,14.0,21.2,25.5,63.6,5.91
A21075_4239,52.6875,10.5975,5.2,61.7,11.2,27.1,26.8,79.1,6.57
A20984_4189,52.46,10.4725,4.8,61.7,12.4,25.8,27.9,70.8,5.57
A20870_4319,52.175,10.7975,5.2,29.4,28.7,41.9,29.0,72.4,6.77
A20985_4191,52.4625,10.4775,4.9,63.9,15.3,20.8,27.0,81.1,5.45
A21061_4374,52.6525,10.935,5.0,60.4,13.2,26.4,28.4,68.8,6.71
A20868_4341,52.17,10.8525,5.1,22.6,25.2,52.2,27.4,63.1,5.76
A21077_4242,52.6925,10.605,5.1,60.4,10.6,29.0,25.2,89.7,6.6
A20877_4338,52.1925,10.845,4.8,19.0,30.7,50.3,27.1,67.2,5.71
A20878_4210,52.195,10.525,6.3,33.2,28.2,38.6,31.9,57.7,7.97
A20823_4140,52.0575,10.35,5.4,20.7,29.4,49.8,27.6,80.3,5.86
A20840_4140,52.1,10.35,5.2,21.5,28.6,49.9,28.4,77.8,5.33
A21004_4226,52.51,10.565,5.2,62.6,15.5,21.8,27.8,77.2,6.24
A20983_4325,52.4575,10.8125,4.9,62.9,14.0,23.1,28.7,76.4,7.14
A20867_4341,52.1675,10.8525,4.9,24.2,31.9,43.9,27.7,71.9,5.31
A20999_4225,52.4975,10.5625,5.1,66.9,16.0,17.1,26.3,80.7,6.28
A20981_4290,52.4525,10.725,5.1,62.7,14.5,22.8,29.1,76.9,7.03
A20980_4283,52.45,10.7075,4.9,63.2,12.0,24.8,29.9,88.0,7.04
A20943_4342,52.3575,10.855,6.2,45.2,21.5,33.3,31.4,55.4,7.27
A21089_4216,52.7225,10.54,5.2,55.7,12.7,31.6,30.2,84.8,5.6
A20906_4230,52.265,10.575,5.8,37.3,25.6,37.1,30.2,56.6,7.06
A20989_4283,52.4725,10.7075,5.4,63.4,13.5,23.0,29.7,63.6,6.72
A20981_4283,52.4525,10.7075,4.8,60.0,13.7,26.3,30.7,83.2,7.0
A21049_4050,52.6225,10.125,5.9,70.1,13.9,16.0,29.3,70.3,5.68
A20948_4329,52.37,10.8225,4.9,48.9,19.4,31.7,31.3,86.4,5.81
A20937_4277,52.3425,10.6925,6.2,53.8,16.3,29.9,30.8,56.1,6.35
A20948_4328,52.37,10.82,5.0,50.0,18.4,31.5,31.2,85.0,6.21
A21035_4339,52.5875,10.8475,4.8,59.5,13.3,27.2,27.9,78.9,6.02
A20948_4326,52.37,10.815,5.1,50.5,19.6,29.9,31.0,80.3,6.45
A21099_4213,52.7475,10.5325,5.6,47.4,17.8,34.8,27.8,65.3,6.58
A20933_4290,52.3325,10.725,5.0,53.2,17.4,29.5,30.7,79.4,7.19
A21035_4340,52.5875,10.85,4.8,59.5,13.3,27.2,27.9,78.9,6.02
A20906_4225,52.265,10.5625,5.3,37.7,22.6,39.7,31.2,87.4,7.23
A20976_4211,52.44,10.5275,5.9,62.5,13.9,23.6,28.5,73.5,6.97
A21018_4097,52.545,10.2425,5.3,70.4,11.9,17.7,25.8,65.5,5.3
A20918_4233,52.295,10.5825,5.7,42.8,20.7,36.5,30.3,58.9,6.69
A21060_4374,52.65,10.935,5.0,61.0,13.5,25.4,28.3,78.0,6.94
A21023_4375,52.5575,10.9375,5.2,65.5,10.8,23.8,28.6,88.2,9.18
A20971_4373,52.4275,10.9325,5.0,54.1,17.4,28.5,30.3,80.7,8.19
A20988_4199,52.47,10.4975,5.0,65.8,13.0,21.2,26.7,85.0,6.15
A20899_4166,52.2475,10.415,6.5,33.9,22.9,43.2,29.6,58.3,5.52
A20899_4170,52.2475,10.425,6.5,34.9,24.0,41.1,30.0,54.7,5.95
A21002_4277,52.505,10.6925,4.7,64.3,11.9,23.8,28.0,69.3,6.13
A20929_4165,52.3225,10.4125,6.3,46.2,18.4,35.4,31.1,55.5,5.69
A20842_4151,52.105,10.3775,5.4,20.1,25.6,54.3,29.1,64.0,5.8
A20903_4231,52.2575,10.5775,5.7,38.7,26.2,35.1,29.6,80.3,7.13
A20884_4217,52.21,10.5425,5.3,34.8,28.1,37.1,31.2,73.8,9.45
A21015_4188,52.5375,10.47,5.1,62.4,15.6,22.0,25.6,67.2,5.87
A20921_4224,52.3025,10.56,5.0,45.4,22.2,32.4,31.3,81.7,7.2
A20912_4239,52.28,10.5975,5.7,40.5,21.0,38.5,30.0,59.1,7.12
A21082_4184,52.705,10.46,5.0,56.9,13.9,29.1,28.0,82.4,5.36
A20889_4224,52.2225,10.56,5.2,38.6,26.7,34.7,30.7,85.0,8.05
A21087_4182,52.7175,10.455,5.0,63.7,8.7,27.7,29.3,85.1,5.05
A20904_4436,52.26,11.09,5.5,37.8,22.7,39.5,32.8,73.2,8.8
A20882_4320,52.205,10.8,5.0,22.7,29.6,47.7,26.9,67.7,5.72
A20934_4229,52.335,10.5725,6.5,41.6,23.2,35.2,29.8,59.5,6.14
A20912_4311,52.28,10.7775,5.0,41.2,23.8,35.1,30.5,74.8,8.31
A20904_4438,52.26,11.095,5.0,38.4,20.8,40.8,32.5,86.8,8.23
A20908_4420,52.27,11.05,4.9,39.3,19.3,41.4,32.2,86.1,7.35
A20894_4448,52.235,11.12,5.7,41.9,24.3,33.8,33.1,65.7,7.12
A20939_4078,52.3475,10.195,6.0,52.2,20.2,27.6,27.2,75.6,5.48
A20828_4082,52.07,10.205,5.5,16.2,28.0,55.7,28.0,71.6,5.84
A20915_4323,52.2875,10.8075,4.9,51.2,20.1,28.7,30.0,65.7,7.02
A20912_4322,52.28,10.805,4.9,50.8,18.6,30.6,30.6,84.0,8.24
A21025_4078,52.5625,10.195,5.7,70.3,12.8,17.0,30.2,67.5,5.32
A20914_4325,52.285,10.8125,4.8,50.6,19.1,30.3,29.8,82.3,7.66
A20933_4281,52.3325,10.7025,5.0,53.1,16.3,30.6,29.9,81.4,6.84
A21095_4190,52.7375,10.475,5.0,61.3,10.4,28.3,28.1,84.0,4.8
A20916_4318,52.29,10.795,5.0,48.4,22.2,29.4,30.6,72.6,7.14
A20951_4328,52.3775,10.82,5.0,46.6,16.0,37.3,30.3,71.0,6.79
A21004_4278,52.51,10.695,4.6,65.2,10.1,24.7,27.3,66.9,6.07
A20913_4312,52.2825,10.78,5.1,41.6,23.5,34.8,30.0,77.1,8.44
A20906_4162,52.265,10.405,6.3,34.2,23.6,42.2,30.1,51.8,5.74
A20914_4308,52.285,10.77,5.2,39.1,20.9,40.1,31.5,81.8,7.12
A20889_4221,52.2225,10.5525,5.3,36.4,25.3,38.3,29.0,77.5,8.62
A21014_4190,52.535,10.475,5.0,62.4,16.1,21.5,25.9,67.2,5.91
A20912_4305,52.28,10.7625,5.4,39.1,20.9,40.0,31.7,86.3,6.76
A21049_4044,52.6225,10.11,5.3,70.4,13.3,16.2,27.8,91.6,5.8
A20914_4156,52.285,10.39,5.7,39.4,18.3,42.3,30.9,60.4,6.11
A20909_4179,52.2725,10.4475,6.4,44.1,21.4,34.5,31.5,52.0,7.73
A20905_4188,52.2625,10.47,6.1,42.8,23.6,33.6,31.6,51.4,7.22
A20921_4222,52.3025,10.555,5.0,47.4,20.5,32.1,31.2,84.2,7.21
A21050_4059,52.625,10.1475,5.0,66.9,11.0,22.1,29.1,87.0,5.72
A20910_4186,52.275,10.465,5.3,41.5,20.2,38.3,31.6,79.7,6.75
A20843_4163,52.1075,10.4075,6.1,20.0,30.0,50.0,31.5,56.4,5.42
A20901_4176,52.2525,10.44,5.4,36.0,23.6,40.4,31.8,81.0,6.45
A20843_4150,52.1075,10.375,6.2,19.3,26.6,54.1,28.6,63.5,5.74
A20880_4313,52.2,10.7825,5.3,19.8,30.1,50.1,27.6,72.5,6.11
A20884_4306,52.21,10.765,5.3,22.5,27.7,49.7,28.6,78.7,5.86
A20878_4315,52.195,10.7875,5.1,20.4,27.8,51.8,28.0,69.8,5.47
A20881_4304,52.2025,10.76,5.3,25.0,27.1,47.9,28.5,78.6,6.66
A21065_4122,52.6625,10.305,6.0,59.5,11.4,29.0,25.8,53.5,5.71
A20929_4249,52.3225,10.6225,6.5,46.6,19.1,34.2,31.9,59.0,6.68
A20851_4225,52.1275,10.5625,6.5,31.8,28.2,40.1,29.7,59.8,8.22
A20847_4160,52.1175,10.4,6.3,21.2,26.7,52.1,31.0,67.0,5.8
A20823_4204,52.0575,10.51,5.3,24.3,29.1,46.7,29.4,74.2,7.8
A20834_4348,52.085,10.87,5.6,29.6,19.3,51.1,32.2,85.8,7.47
A20844_4120,52.11,10.3,5.2,20.0,31.4,48.6,26.8,72.3,5.73
A20826_4154,52.065,10.385,5.2,21.3,30.8,47.9,27.2,72.3,5.84
A20827_4154,52.0675,10.385,5.3,21.5,29.8,48.7,26.6,77.0,6.07
A20828_4153,52.07,10.3825,5.2,24.6,26.6,48.8,27.7,72.4,5.95
A20931_4280,52.3275,10.7,5.1,52.2,19.3,28.5,30.3,83.0,6.72
A20844_4177,52.11,10.4425,6.6,23.9,29.7,46.4,31.4,53.5,6.52
A20937_4280,52.3425,10.7,5.3,53.5,15.7,30.9,30.6,75.6,7.88
A20932_4233,52.33,10.5825,5.2,39.7,20.7,39.6,29.7,79.6,6.25
A20945_4268,52.3625,10.67,5.2,50.7,17.0,32.2,30.3,76.7,6.61
A20904_4183,52.26,10.4575,5.9,41.5,22.1,36.4,31.6,63.9,6.27
A20829_4144,52.0725,10.36,5.1,21.3,30.6,48.2,26.9,66.4,5.92
A20991_4365,52.4775,10.9125,5.9,59.9,14.4,25.7,28.7,70.3,7.13
A20908_4294,52.27,10.735,5.9,42.2,22.9,34.9,31.5,62.9,7.89
A20955_4207,52.3875,10.5175,6.1,59.5,14.8,25.7,27.5,48.9,6.42
A20922_4247,52.305,10.6175,6.4,47.9,16.7,35.4,31.9,70.9,7.47
A20965_4264,52.4125,10.66,6.2,59.9,15.8,24.2,28.2,57.5,6.01
A20984_4371,52.46,10.9275,6.2,58.6,13.9,27.5,31.5,63.8,7.42
A20912_4241,52.28,10.6025,6.3,41.8,20.5,37.7,29.2,51.8,6.3
A20879_4305,52.1975,10.7625,5.2,19.8,27.8,52.4,27.2,80.6,5.96
A20881_4303,52.2025,10.7575,5.2,24.6,29.4,46.0,29.1,71.6,7.18
A20929_4178,52.3225,10.445,5.9,51.9,20.3,27.8,30.5,61.2,6.98
A20936_4077,52.34,10.1925,5.7,54.1,15.9,30.1,26.1,52.9,5.97
A20937_4286,52.3425,10.715,4.9,50.1,17.6,32.3,30.2,75.8,6.86
A20827_4155,52.0675,10.3875,5.3,21.1,29.7,49.3,26.7,78.5,5.94
A20837_4137,52.0925,10.3425,5.1,24.2,34.3,41.4,27.0,89.6,5.59
A20919_4246,52.2975,10.615,6.3,41.7,22.6,35.7,27.9,65.0,8.53
A20913_4313,52.2825,10.7825,5.6,44.0,23.2,32.8,29.7,57.5,7.88
A20837_4051,52.0925,10.1275,5.2,17.8,22.8,59.4,28.9,73.6,5.11
A20910_4184,52.275,10.46,5.3,44.3,20.2,35.4,31.3,73.9,6.99
A21086_4189,52.715,10.4725,5.0,56.9,11.0,32.1,29.1,79.8,5.08
A21086_4188,52.715,10.47,5.1,57.0,10.7,32.3,30.0,84.6,4.94
A21087_4189,52.7175,10.4725,5.0,60.2,10.2,29.6,29.2,81.8,5.03
A21086_4193,52.715,10.4825,5.0,56.3,9.6,34.2,29.1,72.6,5.11
A20932_4167,52.33,10.4175,5.7,53.5,19.0,27.5,30.5,66.0,5.64
A20981_4237,52.4525,10.5925,6.0,61.7,16.5,21.8,28.1,61.8,6.41
A21002_4281,52.505,10.7025,4.6,65.3,11.9,22.8,27.2,68.6,6.2
A20981_4325,52.4525,10.8125,5.1,64.4,13.6,22.1,27.5,77.2,7.96
A21003_4280,52.5075,10.7,4.6,65.5,10.5,24.0,27.7,69.7,5.92
A20903_4238,52.2575,10.595,5.2,43.5,23.7,32.8,31.4,81.6,6.56
A21031_4264,52.5775,10.66,5.1,60.5,11.6,28.0,24.8,64.4,6.21
A20886_4204,52.215,10.51,6.2,34.6,26.6,38.8,31.7,58.3,9.0
A20892_4316,52.23,10.79,4.9,27.6,28.5,43.8,25.7,70.7,5.93
A20928_4167,52.32,10.4175,5.8,46.2,17.5,36.3,30.5,60.2,6.18
A20893_4320,52.2325,10.8,4.9,29.7,28.7,41.6,28.0,70.0,6.61
A20918_4232,52.295,10.58,5.5,43.2,20.7,36.0,29.9,66.6,7.02
A20869_4343,52.1725,10.8575,5.1,19.8,34.6,45.6,27.6,68.6,5.59
A20869_4342,52.1725,10.855,5.5,22.2,27.2,50.6,27.9,61.1,5.44
A20910_4165,52.275,10.4125,6.3,36.2,25.5,38.3,31.0,50.3,6.67
A21140_4262,52.85,10.655,5.4,55.2,12.9,31.9,26.9,92.3,5.54
A20957_4209,52.3925,10.5225,5.2,58.4,17.3,24.3,27.9,77.9,6.26
A20961_4187,52.4025,10.4675,4.8,60.9,14.8,24.3,27.3,67.8,5.87
A20838_4053,52.095,10.1325,5.2,16.2,22.9,60.9,29.3,61.9,5.66
A20990_4092,52.475,10.23,6.1,67.1,12.9,20.0,25.8,77.3,6.18
A20967_4181,52.4175,10.4525,4.9,59.3,14.8,25.8,26.1,69.6,5.11
A21125_4104,52.8125,10.26,4.8,45.1,22.6,32.3,24.7,106.8,5.49
A20840_4142,52.1,10.355,5.2,22.3,29.2,48.5,29.2,73.5,5.89
A20965_4173,52.4125,10.4325,5.1,57.0,16.8,26.2,27.0,80.8,6.02
A20917_4134,52.2925,10.335,5.1,41.6,19.0,39.3,31.3,68.0,6.39
A20983_4141,52.4575,10.3525,5.6,64.6,18.0,17.5,28.3,69.3,5.98
A20877_4345,52.1925,10.8625,6.4,18.9,22.3,58.8,27.1,53.3,6.02
A21087_4193,52.7175,10.4825,4.9,59.6,10.7,29.7,28.8,74.2,5.19
A20960_4207,52.4,10.5175,4.9,56.6,19.9,23.6,28.9,76.7,6.07
A20960_4208,52.4,10.52,4.9,58.2,19.1,22.8,28.6,75.0,6.08
A20980_4327,52.45,10.8175,4.9,62.6,13.3,24.0,30.6,77.9,6.86
A20855_4255,52.1375,10.6375,5.4,29.4,24.9,45.6,28.8,95.5,6.48
A20855_4207,52.1375,10.5175,5.3,21.9,31.9,46.1,30.5,68.0,6.9
A21006_4280,52.515,10.7,4.8,60.2,12.6,27.3,27.7,79.8,6.07
A21006_4282,52.515,10.705,4.6,59.4,12.0,28.6,27.3,80.4,6.16
A20930_4168,52.325,10.42,5.7,53.3,17.4,29.4,30.7,56.7,5.7
A20963_4226,52.4075,10.565,6.1,55.9,15.5,28.5,29.2,46.6,7.31
A21018_4228,52.545,10.57,5.8,63.6,14.0,22.5,27.0,73.9,6.73
A20957_4207,52.3925,10.5175,5.2,58.0,17.8,24.1,28.0,82.8,6.36
A20997_4226,52.4925,10.565,5.0,62.8,12.6,24.5,27.0,91.9,6.0
A20988_4173,52.47,10.4325,5.0,61.8,12.6,25.6,29.7,64.5,5.46
A20896_4303,52.24,10.7575,5.2,28.6,32.9,38.4,26.8,79.3,6.51
A21020_4196,52.55,10.49,4.9,61.8,14.7,23.6,27.9,65.8,5.2
A21050_4057,52.625,10.1425,5.0,66.8,13.8,19.4,29.1,88.4,5.82
A21036_4064,52.59,10.16,4.9,77.7,10.7,11.6,24.9,79.9,5.32
A20923_4228,52.3075,10.57,5.0,40.2,27.3,32.5,32.9,69.2,6.58
A20949_4330,52.3725,10.825,4.9,49.3,19.7,31.0,29.9,81.3,6.23
A20851_4205,52.1275,10.5125,5.4,21.3,29.5,49.2,29.2,75.0,6.16
A20847_4058,52.1175,10.145,5.2,17.0,27.4,55.6,29.1,82.6,6.02
A20888_4416,52.22,11.04,6.3,34.3,21.2,44.4,29.7,53.1,6.83
A20851_4203,52.1275,10.5075,5.4,21.6,30.3,48.1,29.7,73.6,6.18
A20903_4185,52.2575,10.4625,6.2,40.4,23.2,36.4,32.0,58.2,6.4
A20921_4235,52.3025,10.5875,5.7,43.6,24.2,32.3,30.1,64.9,6.84
A20921_4233,52.3025,10.5825,5.2,43.4,23.9,32.7,30.5,68.2,7.92
A20921_4232,52.3025,10.58,5.2,43.4,23.9,32.7,30.5,68.2,7.92
A20920_4235,52.3,10.5875,5.5,42.5,25.6,31.9,29.0,67.3,6.81
A20913_4184,52.2825,10.46,6.0,45.5,21.1,33.4,29.5,57.3,5.93
A20839_4135,52.0975,10.3375,5.3,23.5,32.6,43.9,27.8,73.5,6.3
A20913_4314,52.2825,10.785,5.6,44.0,23.2,32.8,29.7,57.5,7.88
A20910_4308,52.275,10.77,6.6,44.6,21.2,34.2,29.6,57.1,8.27
A20915_4134,52.2875,10.335,5.2,35.7,18.6,45.6,31.4,70.5,6.38
A20845_4215,52.1125,10.5375,5.3,27.8,26.8,45.4,29.6,65.4,7.4
A20829_4080,52.0725,10.2,5.5,17.0,27.0,56.0,25.9,56.6,5.21
A20821_4070,52.0525,10.175,5.1,23.1,30.8,46.1,27.7,62.2,5.92
A20949_4308,52.3725,10.77,5.1,49.8,17.4,32.8,29.8,66.9,7.0
A20835_4083,52.0875,10.2075,5.7,24.4,25.0,50.7,28.2,56.8,6.57
A20916_4134,52.29,10.335,5.1,41.3,17.2,41.5,31.2,69.3,6.43
A20838_4065,52.095,10.1625,6.2,15.8,23.0,61.2,27.6,58.1,5.42
A20921_4139,52.3025,10.3475,5.2,36.7,23.2,40.0,30.6,76.1,6.11
A20920_4144,52.3,10.36,5.1,36.8,21.5,41.7,29.5,77.1,5.85
A20882_4305,52.205,10.7625,5.2,25.1,28.2,46.7,30.0,73.9,6.73
A20917_4234,52.2925,10.585,5.8,41.8,19.3,38.8,29.9,58.6,6.51
A20913_4205,52.2825,10.5125,5.3,40.0,28.2,31.7,27.9,83.1,7.78
A20931_4262,52.3275,10.655,5.8,46.4,20.2,33.4,31.1,62.6,7.59
A20836_4084,52.09,10.21,6.0,21.2,25.7,53.0,26.1,47.9,5.77
A20930_4165,52.325,10.4125,6.1,50.1,19.7,30.2,30.6,68.1,6.13
A20913_4187,52.2825,10.4675,5.9,46.2,19.8,34.0,31.5,58.6,5.18
A20869_4180,52.1725,10.45,5.3,27.4,26.3,46.3,29.1,75.8,6.66
A20868_4179,52.17,10.4475,5.3,24.9,28.1,47.0,28.4,74.4,6.9
A20869_4178,52.1725,10.445,5.6,21.8,27.0,51.2,30.1,68.4,5.88
A20868_4178,52.17,10.445,5.3,22.0,29.1,48.9,28.9,70.5,6.54
A20869_4179,52.1725,10.4475,5.4,24.0,27.6,48.4,30.5,69.4,6.49
A20870_4179,52.175,10.4475,5.3,25.3,27.2,47.4,29.8,70.2,6.26
A20868_4180,52.17,10.45,5.3,24.9,28.1,47.0,28.4,74.4,6.9
A20989_4095,52.4725,10.2375,6.1,68.7,13.2,18.1,26.4,65.6,7.15
A20901_4177,52.2525,10.4425,5.3,36.4,22.2,41.4,30.6,70.5,6.6
A20911_4181,52.2775,10.4525,5.6,43.6,20.7,35.7,30.8,70.1,6.77
A20825_4205,52.0625,10.5125,5.2,24.0,30.0,46.0,30.1,70.9,8.01
A20910_4175,52.275,10.4375,5.6,43.4,21.3,35.3,31.1,65.8,8.13
A20841_4138,52.1025,10.345,5.3,22.6,31.3,46.1,28.8,63.2,5.47
A20991_4057,52.4775,10.1425,5.2,56.7,18.7,24.6,26.4,67.9,6.23
A21030_4136,52.575,10.34,5.4,69.2,11.4,19.4,27.9,89.6,6.09
A21029_4100,52.5725,10.25,5.3,66.9,14.2,18.9,26.9,72.1,5.37
A20906_4187,52.265,10.4675,6.3,46.0,19.9,34.0,30.7,57.4,6.08
A20833_4351,52.0825,10.8775,6.6,31.2,19.5,49.4,30.8,70.3,6.47
A20986_4192,52.465,10.48,4.8,63.2,15.2,21.7,27.1,67.9,5.65
A20990_4192,52.475,10.48,5.0,60.2,15.4,24.4,27.8,75.4,5.71
A20903_4417,52.2575,11.0425,4.9,30.4,19.8,49.8,32.5,74.2,6.57
A20903_4416,52.2575,11.04,4.9,30.4,19.8,49.8,32.5,74.2,6.57
A20990_4138,52.475,10.345,5.7,66.6,15.2,18.2,25.7,68.4,5.13
A20932_4286,52.33,10.715,5.0,53.4,16.0,30.6,28.1,67.7,6.56
A21024_4085,52.56,10.2125,5.3,67.1,14.8,18.1,27.5,88.3,5.72
A20977_4319,52.4425,10.7975,5.6,64.3,12.3,23.4,28.4,68.4,6.46
A20908_4238,52.27,10.595,5.1,38.0,25.9,36.1,32.3,70.8,6.88
A21010_4376,52.525,10.94,4.8,57.8,14.4,27.8,29.2,84.3,6.99
A21013_4375,52.5325,10.9375,5.0,58.4,16.9,24.8,28.8,86.1,8.66
A21083_4144,52.7075,10.36,5.2,59.9,12.3,27.8,28.7,85.9,4.67
A20968_4131,52.42,10.3275,5.3,57.9,12.6,29.6,30.2,74.1,5.55
A20915_4324,52.2875,10.81,4.8,51.0,19.7,29.3,29.5,74.7,7.15
A20877_4389,52.1925,10.9725,6.3,37.4,20.8,41.9,29.3,58.1,7.29
A20836_4179,52.09,10.4475,6.6,28.9,27.7,43.4,30.8,56.8,6.84
A21008_4055,52.52,10.1375,5.9,67.2,14.1,18.7,26.4,53.3,5.18
A20923_4275,52.3075,10.6875,5.3,47.6,20.2,32.3,31.6,73.2,7.62
A20918_4220,52.295,10.55,5.3,45.8,20.6,33.6,31.5,80.3,7.94
A20916_4338,52.29,10.845,5.8,47.4,20.9,31.7,28.9,62.4,7.51
A20908_4361,52.27,10.9025,4.9,37.5,20.0,42.5,29.6,77.1,7.06
A20908_4359,52.27,10.8975,5.0,40.6,23.8,35.5,30.6,69.5,7.29
A20908_4290,52.27,10.725,5.6,38.8,23.6,37.6,30.7,79.8,9.06
A20918_4256,52.295,10.64,5.3,44.1,22.2,33.7,31.3,79.4,8.3
A20978_4162,52.445,10.405,5.1,63.8,11.0,25.2,26.3,68.8,5.71
A21029_4270,52.5725,10.675,5.0,57.1,13.0,29.9,25.3,57.6,6.27
A20847_4152,52.1175,10.38,5.8,20.2,28.5,51.3,30.0,59.7,6.84
A20884_4136,52.21,10.34,5.6,14.4,24.4,61.2,29.9,69.4,5.6
A21072_4215,52.68,10.5375,5.9,61.4,11.0,27.6,28.8,73.5,7.53
A21073_4049,52.6825,10.1225,5.0,62.9,15.7,21.5,25.5,89.6,4.76
A20837_4143,52.0925,10.3575,5.1,22.6,29.3,48.2,27.2,82.1,5.41
A20843_4149,52.1075,10.3725,5.8,17.9,28.0,54.1,27.9,61.8,5.3
A20837_4144,52.0925,10.36,5.1,22.6,29.3,48.2,27.2,82.1,5.41
A20842_4162,52.105,10.405,5.1,19.5,29.6,50.8,31.1,69.4,5.71
A21045_4056,52.6125,10.14,4.9,69.2,11.9,18.9,26.6,97.6,5.37
A20919_4285,52.2975,10.7125,5.8,46.5,22.6,30.8,31.7,61.1,8.02
A20916_4322,52.29,10.805,4.9,51.5,19.4,29.1,30.0,72.6,7.2
A21121_4040,52.8025,10.1,5.4,56.3,12.3,31.4,27.9,70.0,5.67
A20977_4213,52.4425,10.5325,5.1,62.6,15.3,22.1,28.0,64.9,6.17
A20842_4155,52.105,10.3875,5.5,18.2,25.7,56.2,30.5,74.4,6.42
A21063_4382,52.6575,10.955,4.7,56.5,11.5,32.0,28.9,78.2,6.66
A20877_4197,52.1925,10.4925,5.4,29.4,27.6,43.0,30.8,76.8,6.83
A20877_4198,52.1925,10.495,6.5,29.8,28.1,42.1,30.3,54.0,7.05
A20988_4206,52.47,10.515,5.4,66.8,12.8,20.4,26.9,67.0,6.22
A21056_4230,52.64,10.575,5.2,68.7,12.1,19.2,26.5,81.7,6.7
A20912_4171,52.28,10.4275,6.5,38.1,21.0,40.8,31.8,56.8,6.03
A20923_4234,52.3075,10.585,5.0,40.7,25.3,34.0,30.7,71.3,6.95
A20906_4178,52.265,10.445,6.2,34.5,23.5,42.0,30.3,59.2,7.4
A20897_4285,52.2425,10.7125,5.9,34.3,24.5,41.2,30.5,52.5,6.05
A21034_4059,52.585,10.1475,5.8,67.7,14.5,17.8,26.2,69.7,6.03
A21034_4055,52.585,10.1375,5.7,68.8,14.3,16.9,25.8,62.8,6.03
A20889_4283,52.2225,10.7075,6.6,27.5,29.4,43.1,29.1,44.8,5.41
A20861_4249,52.1525,10.6225,6.7,29.6,24.2,46.2,30.4,52.0,7.13
A20884_4308,52.21,10.77,5.2,22.9,27.9,49.1,29.0,77.8,6.52
A20929_4175,52.3225,10.4375,6.1,51.6,21.4,27.1,29.3,61.6,6.71
A20879_4300,52.1975,10.75,5.3,21.0,29.5,49.5,28.0,89.5,6.52
A21045_4058,52.6125,10.145,4.9,67.7,12.6,19.7,26.5,87.4,5.42
A20912_4234,52.28,10.585,5.7,38.5,24.4,37.1,29.4,58.4,6.57
A20912_4237,52.28,10.5925,5.7,39.5,23.4,37.2,29.3,54.1,7.03
A20846_4128,52.115,10.32,5.4,19.0,30.1,51.0,28.2,72.8,5.84
A20832_4203,52.08,10.5075,5.5,23.4,30.5,46.1,29.9,58.3,5.96
A20847_4123,52.1175,10.3075,5.3,19.6,31.0,49.4,28.4,69.4,5.95
A20899_4184,52.2475,10.46,6.2,38.0,23.1,38.9,30.6,55.3,5.86
A20832_4202,52.08,10.505,6.0,23.2,29.7,47.1,29.3,53.2,5.65
A20847_4121,52.1175,10.3025,5.2,19.6,31.6,48.9,27.9,68.3,5.95
A20846_4124,52.115,10.31,5.3,20.1,32.6,47.3,27.6,72.0,5.99
A20845_4135,52.1125,10.3375,5.4,21.7,30.1,48.2,28.4,81.6,5.81
A20906_4190,52.265,10.475,6.4,45.5,21.1,33.4,29.8,50.2,6.18
A20904_4192,52.26,10.48,6.4,40.2,25.8,33.9,30.5,57.5,7.06
A20880_4330,52.2,10.825,5.1,21.0,26.6,52.5,28.0,74.4,5.89
A20880_4331,52.2,10.8275,5.1,21.0,26.6,52.5,28.0,74.4,5.89
A20851_4061,52.1275,10.1525,5.8,20.3,28.5,51.2,29.8,53.2,5.26
A20846_4125,52.115,10.3125,5.3,20.1,32.6,47.3,27.6,72.0,5.99
A20919_4134,52.2975,10.335,5.3,28.6,23.3,48.1,30.7,77.8,6.51
A20974_4331,52.435,10.8275,5.9,62.6,14.1,23.3,29.8,70.2,7.25
A20928_4367,52.32,10.9175,5.4,37.3,23.6,39.1,33.0,84.6,6.65
A20927_4371,52.3175,10.9275,5.1,38.8,24.1,37.1,31.5,83.2,7.18
A21006_4092,52.515,10.23,6.2,64.4,14.5,21.1,27.3,65.8,5.66
A20938_4346,52.345,10.865,6.5,46.2,23.3,30.5,33.0,52.3,8.13
A21035_4341,52.5875,10.8525,4.7,59.5,13.0,27.5,28.4,74.3,6.33
A21034_4339,52.585,10.8475,4.8,60.1,12.1,27.9,28.4,74.6,5.81
A20929_4349,52.3225,10.8725,6.3,49.0,20.0,30.9,29.3,59.5,7.28
A20938_4349,52.345,10.8725,5.7,42.8,21.8,35.4,32.0,69.2,7.84
A21035_4335,52.5875,10.8375,4.8,60.9,12.2,26.9,27.8,83.2,6.13
A20829_4211,52.0725,10.5275,5.3,22.3,31.1,46.6,30.8,70.6,7.16
A20949_4271,52.3725,10.6775,6.4,52.9,14.8,32.3,29.0,56.3,6.98
A20936_4353,52.34,10.8825,5.0,40.2,19.7,40.1,32.0,80.2,7.01
A20903_4240,52.2575,10.6,5.1,45.1,22.2,32.7,30.5,85.8,6.35
A20841_4165,52.1025,10.4125,6.1,20.8,31.0,48.2,31.9,54.4,5.48
A20843_4162,52.1075,10.405,6.0,19.0,28.3,52.6,30.7,58.4,5.7
A20842_4164,52.105,10.41,5.2,20.7,29.8,49.5,30.7,77.4,6.1
A20854_4207,52.135,10.5175,5.3,19.8,30.3,49.8,30.0,67.8,6.86
A20914_4187,52.285,10.4675,6.5,45.1,20.1,34.8,29.8,51.2,5.52
A20841_4052,52.1025,10.13,5.6,18.3,23.6,58.1,30.3,58.8,6.21
A20829_4143,52.0725,10.3575,5.3,21.1,30.9,48.0,27.0,73.2,6.23
A20912_4166,52.28,10.415,6.3,35.4,23.4,41.2,32.5,54.6,6.56
A20842_4154,52.105,10.385,5.6,19.0,26.0,55.0,30.0,77.4,5.7
A20863_4142,52.1575,10.355,6.1,22.1,29.3,48.5,30.6,64.8,5.52
A20829_4145,52.0725,10.3625,5.1,21.6,30.3,48.1,27.0,67.8,5.53
A20844_4148,52.11,10.37,5.8,17.6,27.5,55.0,28.0,64.0,5.23
A20842_4152,52.105,10.38,5.4,20.1,25.6,54.3,29.1,64.0,5.8
A21051_4076,52.6275,10.19,5.1,59.4,15.9,24.6,27.3,82.4,5.73
A20921_4200,52.3025,10.5,5.5,41.3,27.0,31.8,31.2,76.9,7.46
A20855_4208,52.1375,10.52,5.3,21.9,31.9,46.1,30.5,68.0,6.9
A20905_4290,52.2625,10.725,5.4,42.0,23.0,35.0,31.7,74.1,8.03
A20900_4357,52.25,10.8925,6.5,46.1,22.2,31.7,29.0,60.1,8.09
A20916_4074,52.29,10.185,5.5,20.7,23.2,56.1,25.8,56.1,5.0
A21032_4052,52.58,10.13,6.0,64.5,16.7,18.9,26.4,63.1,5.69
A20914_4311,52.285,10.7775,5.0,41.1,24.1,34.8,30.9,90.7,7.89
A20847_4159,52.1175,10.3975,6.3,21.2,26.7,52.1,31.0,67.0,5.8
A20916_4247,52.29,10.6175,5.0,42.8,23.1,34.1,31.2,81.1,8.33
A20915_4248,52.2875,10.62,5.2,41.1,22.3,36.7,31.7,84.5,7.98
A20848_4121,52.12,10.3025,5.4,21.2,31.9,46.9,28.1,57.6,4.98
A20829_4202,52.0725,10.505,6.4,26.7,28.9,44.4,29.5,55.3,6.65
A20914_4250,52.285,10.625,5.1,42.9,23.6,33.4,32.7,81.3,8.17
A20908_4225,52.27,10.5625,5.5,36.3,24.2,39.4,30.8,82.1,6.6
A20841_4157,52.1025,10.3925,5.2,20.3,26.0,53.7,30.3,73.5,6.21
A20911_4174,52.2775,10.435,6.1,42.0,20.3,37.7,31.5,56.4,7.52
A20842_4158,52.105,10.395,5.4,18.2,26.8,54.9,30.4,82.1,6.51
A20829_4204,52.0725,10.51,6.6,26.5,29.7,43.8,29.5,56.2,7.15
A20821_4085,52.0525,10.2125,5.4,17.9,34.5,47.6,28.2,89.1,6.72
A20972_4263,52.43,10.6575,5.2,59.4,16.7,23.8,30.0,86.0,7.26
A20829_4203,52.0725,10.5075,6.4,26.7,28.9,44.4,29.5,55.3,6.65
A21053_4141,52.6325,10.3525,5.6,68.1,8.8,23.1,26.7,80.0,5.92
A20983_4070,52.4575,10.175,5.7,62.1,14.4,23.5,24.3,58.8,5.62
A20947_4288,52.3675,10.72,5.6,50.7,19.0,30.2,29.1,62.0,6.58
A20834_4209,52.085,10.5225,5.3,24.0,30.4,45.7,28.8,82.4,5.73
A20936_4287,52.34,10.7175,4.9,51.8,17.4,30.8,29.2,81.5,6.93
A21022_4049,52.555,10.1225,6.1,71.2,13.6,15.2,25.3,62.8,5.85
A20914_4249,52.285,10.6225,5.1,42.9,23.6,33.4,32.7,81.3,8.17
A20912_4250,52.28,10.625,5.3,43.8,23.7,32.4,30.7,79.5,6.76
A20973_4289,52.4325,10.7225,5.1,56.9,20.7,22.3,27.9,93.0,6.62
A20934_4099,52.335,10.2475,6.3,49.5,19.3,31.2,28.0,53.4,6.27
A20947_4132,52.3675,10.33,5.1,52.9,15.0,32.1,28.2,66.2,5.91
A20949_4083,52.3725,10.2075,6.2,57.7,16.3,26.0,25.7,51.1,6.06
A21140_4217,52.85,10.5425,5.1,64.2,9.2,26.6,27.1,77.1,5.37
A20843_4164,52.1075,10.41,6.1,20.0,30.0,50.0,31.5,56.4,5.42
A20839_4156,52.0975,10.39,5.2,22.9,26.8,50.3,29.1,76.2,6.9
A20844_4137,52.11,10.3425,5.4,20.4,30.9,48.6,28.2,84.4,5.33
A20930_4177,52.325,10.4425,5.6,52.6,20.0,27.4,29.7,74.1,7.18
A20830_4153,52.075,10.3825,5.1,26.0,29.7,44.3,27.3,68.7,6.03
A20938_4291,52.345,10.7275,5.0,49.0,17.6,33.4,29.4,72.7,7.12
A21095_4185,52.7375,10.4625,5.0,63.0,8.9,28.1,31.5,81.9,5.59
A21087_4191,52.7175,10.4775,5.0,58.4,11.1,30.4,28.7,81.6,5.06
A21088_4188,52.72,10.47,5.0,60.1,9.9,30.0,29.2,79.7,4.87
A21089_4188,52.7225,10.47,5.0,60.7,9.5,29.9,30.0,86.0,4.69
A21089_4189,52.7225,10.4725,5.1,59.6,10.8,29.6,29.1,90.0,5.29
A20909_4241,52.2725,10.6025,5.9,38.8,22.9,38.3,30.5,58.6,7.19
A20880_4300,52.2,10.75,5.3,25.3,28.9,45.8,30.1,82.5,5.84
A20879_4299,52.1975,10.7475,5.3,21.0,29.5,49.5,28.0,89.5,6.52
A20881_4302,52.2025,10.755,5.1,24.3,29.8,45.9,29.0,77.4,6.93
A20880_4302,52.2,10.755,5.1,24.1,29.2,46.7,26.7,73.4,6.16
A20880_4301,52.2,10.7525,5.4,24.2,29.3,46.5,28.5,73.1,5.76
A20886_4303,52.215,10.7575,5.2,26.5,28.6,44.9,29.2,81.0,6.11
A20840_4172,52.1,10.43,6.6,25.7,29.0,45.3,30.4,49.7,6.8
A20912_4310,52.28,10.775,5.0,42.4,23.5,34.0,30.3,78.0,8.41
A21009_4040,52.5225,10.1,5.1,58.3,15.3,26.4,26.8,62.5,7.26
A21088_4190,52.72,10.475,5.0,60.1,9.8,30.1,30.1,79.7,4.85
A20850_4062,52.125,10.155,5.1,19.3,28.2,52.5,30.5,83.9,5.85
A21089_4187,52.7225,10.4675,5.0,61.3,9.3,29.4,29.5,88.1,4.59
A20894_4262,52.235,10.655,5.2,39.6,21.8,38.6,30.7,81.3,7.17
A21000_4143,52.5,10.3575,5.7,68.0,13.0,19.0,26.1,74.0,5.56
A20895_4262,52.2375,10.655,5.5,37.2,23.6,39.2,30.6,62.0,6.66
A20932_4279,52.33,10.6975,5.1,53.7,16.9,29.4,29.8,84.8,6.98
A20974_4335,52.435,10.8375,5.6,61.7,13.1,25.2,29.8,72.9,7.43
A20990_4067,52.475,10.1675,5.4,55.8,16.5,27.7,26.2,62.2,5.18
A20912_4235,52.28,10.5875,6.2,39.2,24.1,36.7,28.9,55.7,6.83
A20914_4353,52.285,10.8825,5.2,31.6,29.7,38.6,29.0,79.9,6.3
A20889_4249,52.2225,10.6225,6.5,31.8,26.8,41.3,31.8,55.2,8.5
A20926_4267,52.315,10.6675,5.4,45.3,20.1,34.6,30.1,73.1,8.39
A20969_4349,52.4225,10.8725,6.3,56.9,15.3,27.8,28.8,46.5,7.74
A21029_4067,52.5725,10.1675,5.3,59.4,11.6,29.0,26.9,78.7,6.25
A20904_4186,52.26,10.465,6.0,41.8,23.9,34.4,31.9,53.9,6.19
A20903_4186,52.2575,10.465,6.0,40.6,23.5,35.9,31.8,59.1,6.31
A20904_4189,52.26,10.4725,5.8,40.1,24.0,35.8,31.3,57.7,6.95
A21129_4041,52.8225,10.1025,5.0,59.4,19.5,21.1,26.7,70.3,5.93
A20936_4282,52.34,10.705,5.0,54.1,16.3,29.6,29.3,63.1,7.56
A20947_4287,52.3675,10.7175,5.1,51.3,18.7,30.1,28.8,76.5,6.88
A20973_4335,52.4325,10.8375,5.1,57.5,15.5,27.1,30.3,73.1,6.95
A20928_4264,52.32,10.66,5.2,46.7,20.7,32.6,29.1,74.3,8.3
A20943_4203,52.3575,10.5075,5.2,45.7,21.4,32.9,28.0,67.9,6.95
A20938_4202,52.345,10.505,6.0,46.6,22.7,30.7,28.8,61.7,7.25
A20940_4201,52.35,10.5025,5.6,46.3,22.5,31.2,28.4,66.1,6.64
A20939_4202,52.3475,10.505,5.3,43.5,24.3,32.1,28.0,70.3,6.76
A20914_4189,52.285,10.4725,5.7,43.9,20.8,35.3,32.2,58.7,5.46
A20921_4193,52.3025,10.4825,6.0,45.1,25.0,29.9,32.0,58.0,7.45
A20906_4224,52.265,10.56,5.3,37.7,22.6,39.7,31.2,87.4,7.23
A20841_4134,52.1025,10.335,5.3,19.8,30.8,49.4,27.4,79.5,6.01
A20842_4157,52.105,10.3925,5.5,18.7,25.5,55.9,30.2,77.6,5.61
A20840_4135,52.1,10.3375,5.4,23.3,31.3,45.4,28.2,69.5,6.27
A20841_4155,52.1025,10.3875,5.2,19.9,26.2,53.9,29.6,72.9,6.56
A20844_4127,52.11,10.3175,5.3,18.2,31.2,50.6,28.1,77.3,5.03
A20842_4132,52.105,10.33,5.3,19.8,33.1,47.1,27.8,83.7,5.2
A20842_4133,52.105,10.3325,5.3,19.8,33.1,47.1,27.8,83.7,5.2
A20841_4156,52.1025,10.39,5.2,19.7,25.5,54.8,30.4,69.6,6.31
A20842_4156,52.105,10.39,5.5,18.2,25.7,56.2,30.5,74.4,6.42
A20848_4159,52.12,10.3975,6.5,20.1,26.7,53.3,31.0,49.3,5.89
A20842_4153,52.105,10.3825,5.3,18.7,25.6,55.6,30.0,77.7,5.85
A20902_4185,52.255,10.4625,5.3,38.3,23.2,38.5,30.3,67.1,6.27
A20886_4301,52.215,10.7525,5.3,26.6,28.4,45.0,29.9,79.0,6.2
A20884_4302,52.21,10.755,5.3,25.8,26.8,47.4,28.9,74.2,6.23
A20885_4303,52.2125,10.7575,5.3,26.0,28.1,45.9,29.5,74.0,5.92
A21020_4125,52.55,10.3125,6.0,68.6,13.1,18.3,28.9,80.1,6.51
A21050_4147,52.625,10.3675,5.6,68.1,8.2,23.7,26.6,73.2,6.12
A20895_4251,52.2375,10.6275,5.3,40.6,25.1,34.4,32.8,85.6,7.04
A20988_4191,52.47,10.4775,4.9,59.3,15.3,25.4,27.4,76.5,5.84
A20882_4298,52.205,10.745,5.3,25.2,29.7,45.0,28.1,73.7,6.29
A20892_4318,52.23,10.795,5.5,28.2,29.0,42.7,26.0,58.6,5.76
A20891_4317,52.2275,10.7925,5.1,23.5,27.0,49.5,26.8,66.0,5.73
A20929_4416,52.3225,11.04,4.9,47.1,18.0,34.9,30.7,84.6,7.63
A21129_4085,52.8225,10.2125,5.1,57.0,16.9,26.1,25.7,65.7,5.73
A20953_4168,52.3825,10.42,5.6,57.1,17.0,25.9,27.0,51.8,5.03
A20929_4383,52.3225,10.9575,4.9,30.1,23.7,46.2,29.2,73.0,6.63
A20981_4129,52.4525,10.3225,5.3,62.3,16.4,21.2,26.2,74.9,4.82
A21123_4213,52.8075,10.5325,6.4,63.8,13.0,23.3,26.7,65.7,6.23
A21033_4130,52.5825,10.325,5.3,69.6,12.0,18.4,29.8,88.4,6.38
A20843_4157,52.1075,10.3925,6.5,18.2,26.6,55.2,29.8,65.9,5.95
A20828_4210,52.07,10.525,5.2,23.4,31.4,45.2,30.4,69.3,7.13
A20947_4397,52.3675,10.9925,6.0,48.6,24.7,26.7,31.0,83.7,9.69
A20948_4397,52.37,10.9925,5.3,52.6,19.0,28.4,30.9,82.7,9.99
A21097_4186,52.7425,10.465,4.9,61.5,9.2,29.3,27.5,82.3,4.64
A20947_4388,52.3675,10.97,6.5,50.7,22.2,27.1,30.5,63.1,8.86
A21137_4163,52.8425,10.4075,5.1,59.9,14.1,26.0,26.3,75.9,4.71
A20880_4304,52.2,10.76,5.2,23.7,28.3,48.0,26.6,72.8,6.95
A21078_4100,52.695,10.25,5.1,57.5,15.6,26.9,27.3,85.3,5.03
A21109_4083,52.7725,10.2075,4.8,57.1,14.2,28.7,24.6,92.5,4.77
A21115_4249,52.7875,10.6225,5.5,63.4,12.7,23.8,25.2,70.5,5.95
A21113_4109,52.7825,10.2725,4.9,56.0,15.7,28.3,25.7,82.0,6.15
A21029_4083,52.5725,10.2075,5.9,67.9,13.7,18.4,27.2,61.8,5.5
A20914_4191,52.285,10.4775,5.6,43.1,21.4,35.5,32.1,64.1,5.91
A20895_4298,52.2375,10.745,5.3,22.2,29.2,48.6,27.2,79.9,6.26
A21129_4242,52.8225,10.605,5.4,63.9,11.2,24.9,23.9,73.6,6.03
A20991_4169,52.4775,10.4225,5.0,56.3,14.0,29.7,26.6,68.9,5.5
A20930_4184,52.325,10.46,5.7,48.7,20.9,30.4,28.7,70.9,6.54
A21042_4373,52.605,10.9325,5.6,63.3,12.6,24.1,29.2,68.9,8.72
A20916_4133,52.29,10.3325,5.1,41.3,17.2,41.5,31.2,69.3,6.43
A20916_4143,52.29,10.3575,5.1,37.5,21.7,40.8,29.7,81.2,5.97
A20845_4082,52.1125,10.205,5.3,16.1,26.4,57.5,26.9,65.4,5.65
A21005_4228,52.5125,10.57,5.1,59.6,13.1,27.3,27.5,72.9,6.37
