id,lat,lon,ph,cec,sand,clay,silt,humus,stickstoff
F52.99_10.302,52.99,10.302,5.45,23.35,68.3,11.85,19.85,53.25,3.62
F51.818_10.225,51.818,10.225,5.1,26.9,17.1,27.4,55.5,103.05,4.8
F51.77_10.557,51.77,10.557,4.7,31.3,27.6,23.2,49.2,115.8,6.03
F51.819_10.225,51.819,10.225,4.95,26.65,16.5,29.7,53.75,106.75,4.45
F52.25_10.675,52.25,10.675,5.85,24.1,37.0,23.4,39.6,46.9,4.49
F51.855_10.574,51.855,10.574,5.05,29.9,20.2,26.5,53.25,88.7,4.76
F51.584_10.328,51.584,10.328,5.3,23.5,32.5,20.6,46.85,61.15,3.47
F52.058_9.445,52.058,9.445,5.3,21.8,18.25,26.0,55.75,55.3,4.2
F53.147_9.902,53.147,9.902,5.85,21.05,48.35,12.55,39.15,51.3,4.17
F52.139_10.645,52.139,10.645,5.35,24.0,27.15,24.7,48.1,61.45,3.83
F52.344_10.716,52.344,10.716,5.0,24.4,52.15,16.25,31.55,61.5,4.24
F53.257_10.274,53.257,10.274,5.15,22.45,66.2,8.3,25.55,75.0,3.67
F52.138_10.649,52.138,10.649,5.2,23.3,23.6,26.65,49.7,57.0,3.9
F53.234_10.38,53.234,10.38,5.75,26.05,60.4,14.1,25.5,61.1,4.59
F53.269_10.192,53.269,10.192,5.45,21.65,63.45,13.0,23.55,59.3,4.45
F53.496_10.236,53.496,10.236,5.05,20.05,68.25,9.15,22.55,69.15,4.76
F53.105_9.925,53.105,9.925,5.75,25.05,72.8,7.05,20.15,54.65,3.74
F51.82_9.56,51.82,9.56,4.65,31.05,17.75,28.85,53.35,96.25,4.89
F52.216_11.83,52.216,11.83,6.55,25.65,68.75,12.55,18.7,57.4,5.93
F52.217_11.83,52.217,11.83,6.4,25.65,67.3,13.4,19.3,64.2,6.06
F52.218_11.83,52.218,11.83,6.4,25.65,67.3,13.4,19.3,64.2,6.06
F52.217_11.831,52.217,11.831,6.4,25.65,67.3,13.4,19.3,64.2,6.06
F52.395_9.173,52.395,9.173,5.15,24.65,37.15,17.95,44.9,59.85,4.0
F52.396_9.173,52.396,9.173,5.15,24.65,37.15,17.95,44.9,59.85,4.0
F53.023_9.12,53.023,9.12,5.1,22.15,63.9,10.55,25.6,58.85,3.84
F53.258_9.563,53.258,9.563,5.15,23.8,65.55,10.0,24.45,69.75,3.56
F51.712_9.696,51.712,9.696,4.6,26.45,18.75,28.3,52.95,103.7,4.85
F52.461_10.948,52.461,10.948,6.1,28.35,64.6,11.25,24.15,84.8,6.83
F53.237_9.824,53.237,9.824,5.65,27.3,66.95,10.8,22.2,51.05,3.9
F51.906_9.83,51.906,9.83,4.85,26.2,17.4,23.35,59.25,69.2,4.27
F51.558_10.093,51.558,10.093,5.75,23.35,17.5,15.0,67.5,48.0,3.6
F52.133_9.347,52.133,9.347,5.4,22.75,18.8,23.9,57.25,53.65,4.96
F52.13_9.374,52.13,9.374,5.3,21.35,17.85,31.65,50.5,61.1,4.36
F53.137_9.904,53.137,9.904,5.75,21.75,73.05,8.05,18.9,62.9,3.65
F52.503_11.441,52.503,11.441,4.7,24.0,71.35,11.05,17.6,55.55,3.66
F53.16_11.347,53.16,11.347,5.4,24.8,78.4,7.8,13.85,59.4,4.6
F52.494_10.737,52.494,10.737,4.9,24.0,61.35,11.65,27.0,50.95,4.47
F52.129_9.36,52.129,9.36,5.4,23.6,15.8,28.9,55.3,62.45,4.42
F52.902_9.55,52.902,9.55,5.3,23.9,63.0,11.75,25.25,68.85,4.27
F53.075_11.018,53.075,11.018,5.05,21.85,59.95,10.85,29.2,58.5,3.71
F53.199_10.266,53.199,10.266,5.05,21.7,67.75,9.95,22.3,61.55,3.39
F53.181_9.87,53.181,9.87,5.1,22.3,55.4,14.25,30.4,74.2,4.05
F53.087_11.246,53.087,11.246,4.95,24.4,75.25,7.9,16.9,73.25,4.26
F51.809_10.267,51.809,10.267,4.4,30.4,23.85,24.65,51.55,133.7,5.85
F53.156_9.819,53.156,9.819,5.55,24.85,69.7,11.45,18.85,63.45,3.8
F52.117_9.593,52.117,9.593,5.3,25.8,17.05,26.45,56.45,62.05,4.25
F51.771_9.689,51.771,9.689,5.8,23.5,22.4,25.7,51.9,50.85,4.25
F53.273_10.273,53.273,10.273,4.95,22.5,54.55,14.65,30.8,55.25,3.91
F53.163_9.982,53.163,9.982,5.4,22.5,48.0,14.55,37.4,76.35,4.42
F53.27_9.85,53.27,9.85,5.05,22.65,51.0,14.3,34.7,62.15,3.61
F52.175_9.445,52.175,9.445,5.25,21.9,18.65,25.7,55.65,57.25,4.33
F53.156_9.826,53.156,9.826,5.7,24.7,71.45,10.45,18.15,66.15,4.25
F53.181_9.869,53.181,9.869,5.1,23.15,66.8,10.15,23.05,77.4,3.92
F53.15_9.823,53.15,9.823,5.85,24.1,75.75,7.8,16.45,72.1,4.39
F52.221_10.587,52.221,10.587,5.4,27.45,34.75,21.2,44.1,61.95,5.56
F53.135_9.777,53.135,9.777,5.3,22.5,49.5,13.25,37.25,74.85,3.25
F51.98_10.432,51.98,10.432,5.6,22.9,18.85,37.0,44.05,61.6,4.49
F52.126_9.412,52.126,9.412,5.35,22.85,18.65,27.0,54.35,62.05,3.95
F52.164_9.386,52.164,9.386,4.95,26.05,13.9,22.05,64.1,75.0,4.71
F51.619_10.265,51.619,10.265,5.25,24.05,34.95,20.7,44.35,55.95,3.51
F53.21_10.42,53.21,10.42,5.35,21.85,60.5,12.1,27.45,54.9,4.25
F53.354_9.923,53.354,9.923,5.3,21.2,66.9,10.1,23.0,73.25,4.77
F53.353_10.434,53.353,10.434,5.7,24.95,51.75,18.45,29.8,67.7,5.37
F53.407_9.541,53.407,9.541,5.8,22.3,67.95,10.15,21.9,68.25,4.28
F53.21_10.348,53.21,10.348,5.5,25.05,60.25,13.25,26.45,76.9,5.09
F53.235_9.822,53.235,9.822,5.5,28.15,67.9,10.7,21.45,65.8,4.13
F53.122_9.929,53.122,9.929,5.45,22.4,73.5,8.0,18.5,62.35,4.66
F53.002_10.8,53.002,10.8,5.15,22.55,67.0,10.45,22.55,56.75,4.17
F52.676_10.116,52.676,10.116,5.2,19.75,67.65,9.5,22.85,53.0,3.37
F51.684_9.448,51.684,9.448,4.95,22.05,18.6,27.6,53.75,73.5,3.71
F53.244_10.203,53.244,10.203,5.35,23.05,62.05,10.6,27.35,66.2,4.41
F52.981_9.272,52.981,9.272,5.6,23.45,75.65,6.9,17.5,71.25,4.77
F53.137_10.108,53.137,10.108,5.75,25.25,71.6,10.5,17.9,52.3,3.65
F52.248_9.153,52.248,9.153,4.9,22.9,14.7,24.95,60.35,74.05,4.25
F51.568_9.954,51.568,9.954,5.35,23.0,32.7,28.15,39.15,56.3,4.54
F51.529_9.002,51.529,9.002,4.95,23.85,15.1,25.7,59.15,56.65,3.97
F51.875_10.211,51.875,10.211,4.7,27.15,19.8,29.0,51.2,89.7,5.04
F53.151_9.075,53.151,9.075,5.45,22.45,68.7,10.45,20.9,75.1,5.57
F53.221_9.243,53.221,9.243,5.45,23.3,76.95,7.55,15.55,64.05,4.29
F51.717_11.082,51.717,11.082,5.45,24.15,20.15,27.6,52.2,51.85,3.92
F51.718_11.081,51.718,11.081,5.45,24.15,20.15,27.6,52.2,51.85,3.92
F53.175_9.97,53.175,9.97,5.75,23.3,48.2,13.65,38.2,54.2,4.01
F53.165_9.966,53.165,9.966,5.55,21.5,47.8,15.1,37.15,70.3,3.63
F52.887_10.094,52.887,10.094,4.85,20.6,54.35,16.45,29.2,53.5,4.75
F52.496_9.702,52.496,9.702,5.3,21.35,57.45,19.1,23.5,51.9,3.88
F53.407_10.235,53.407,10.235,5.85,28.2,57.15,14.8,28.05,89.85,4.96
F53.161_9.967,53.161,9.967,5.75,20.45,62.2,11.85,25.95,62.0,3.71
F53.036_9.873,53.036,9.873,5.05,22.05,71.55,8.6,19.85,75.1,3.41
F53.168_9.96,53.168,9.96,5.5,22.1,41.25,16.2,42.5,65.6,3.69
F53.346_10.065,53.346,10.065,5.2,23.1,70.35,8.3,21.3,63.75,3.95
F53.145_9.822,53.145,9.822,5.75,22.15,49.95,12.45,37.6,56.9,4.02
F52.423_10.939,52.423,10.939,4.9,26.8,58.5,15.4,26.15,68.0,5.58
F52.462_9.864,52.462,9.864,5.25,22.85,48.1,26.65,25.25,56.9,3.75
F52.707_9.645,52.707,9.645,5.15,22.9,57.25,14.6,28.2,57.65,3.7
F53.104_9.845,53.104,9.845,5.2,24.75,65.8,8.5,25.7,72.35,3.41
F51.685_11.073,51.685,11.073,5.15,25.7,19.3,28.35,52.35,80.65,4.47
F52.141_9.359,52.141,9.359,5.25,21.45,15.95,26.95,57.1,67.15,4.34
F52.465_9.931,52.465,9.931,5.05,22.1,50.05,20.3,29.65,50.6,3.81
F52.463_9.864,52.463,9.864,5.25,22.85,48.1,26.65,25.25,56.9,3.75
F52.598_10.052,52.598,10.052,5.4,21.35,72.45,11.1,16.4,55.45,3.6
F52.537_9.703,52.537,9.703,5.45,23.7,48.75,21.95,29.3,62.75,3.82
F53.125_9.764,53.125,9.764,5.2,22.25,71.45,9.05,19.55,71.2,3.39
F51.94_10.206,51.94,10.206,5.45,26.45,17.5,30.55,51.95,61.25,4.55
F53.285_10.551,53.285,10.551,5.15,22.85,60.85,15.3,23.8,70.1,3.95
F52.985_11.888,52.985,11.888,5.15,23.15,80.85,8.0,11.1,66.55,6.02
F53.311_11.541,53.311,11.541,5.85,24.35,80.2,6.3,13.5,54.4,5.9
F53.082_9.187,53.082,9.187,5.4,21.25,69.1,9.5,21.45,61.25,4.25
F53.313_11.538,53.313,11.538,5.7,24.45,79.8,6.65,13.55,59.7,5.91
F53.311_11.537,53.311,11.537,5.9,22.85,80.25,6.7,13.05,43.55,5.48
F53.458_9.839,53.458,9.839,5.25,23.85,61.95,9.2,28.8,52.75,3.56
F53.308_11.54,53.308,11.54,5.75,23.45,80.6,6.2,13.15,47.9,5.82
F51.505_11.918,51.505,11.918,5.4,26.7,28.8,22.0,49.2,58.9,5.42
F53.222_9.955,53.222,9.955,5.0,23.25,49.5,12.75,37.7,72.75,4.15
F52.427_10.302,52.427,10.302,5.8,24.1,45.95,18.9,35.15,38.8,3.81
F52.679_10.451,52.679,10.451,5.0,21.75,64.5,11.0,24.55,59.45,3.56
F53.234_10.812,53.234,10.812,5.1,21.2,58.65,12.85,28.45,58.5,3.44
F53.311_10.466,53.311,10.466,5.55,24.45,62.3,16.65,21.05,68.25,4.78
F52.533_10.462,52.533,10.462,5.25,21.9,62.2,15.2,22.55,52.45,4.06
F53.052_9.914,53.052,9.914,5.8,24.05,68.75,10.0,21.25,62.2,4.27
F52.579_9.331,52.579,9.331,5.25,21.85,54.85,14.8,30.4,55.0,3.79
F51.705_11.254,51.705,11.254,5.4,28.25,15.3,28.05,56.65,52.35,5.25
F51.767_10.342,51.767,10.342,4.45,31.4,23.75,22.6,53.7,144.7,6.1
F53.42_11.353,53.42,11.353,5.45,23.45,76.65,6.9,16.5,65.6,4.3
F51.837_10.399,51.837,10.399,4.55,33.0,23.3,26.3,50.45,124.25,5.78
F52.931_9.472,52.931,9.472,5.25,19.85,70.7,8.05,21.2,67.95,5.16
F53.404_11.408,53.404,11.408,5.45,24.15,78.7,8.0,13.25,71.2,4.45
F52.498_9.347,52.498,9.347,5.25,20.55,57.65,15.2,27.25,60.7,3.91
F52.368_11.278,52.368,11.278,4.75,26.25,60.35,15.15,24.5,58.1,5.08
F52.991_11.338,52.991,11.338,6.1,24.15,77.8,8.45,13.8,45.25,5.46
F51.715_11.217,51.715,11.217,5.5,27.7,15.75,25.6,58.65,69.4,5.43
F52.102_9.449,52.102,9.449,5.05,21.7,13.1,26.6,60.3,61.35,4.24
F52.332_9.871,52.332,9.871,5.4,20.9,40.15,23.35,36.5,39.8,3.4
F53.2_10.613,53.2,10.613,5.25,22.45,59.6,13.55,26.85,75.65,5.42
F53.066_9.222,53.066,9.222,5.45,21.85,67.8,11.9,20.25,58.15,3.77
F53.311_11.535,53.311,11.535,5.75,24.5,80.65,6.6,12.75,43.55,4.99
F53.173_10.374,53.173,10.374,6.0,23.45,58.05,13.8,28.15,46.7,4.22
F53.154_10.42,53.154,10.42,4.95,23.05,55.55,12.65,31.75,63.8,3.73
F53.147_10.451,53.147,10.451,5.35,21.75,61.2,14.45,24.35,61.95,4.17
F53.166_10.44,53.166,10.44,5.3,21.85,64.45,12.4,23.15,76.7,5.5
F53.194_10.411,53.194,10.411,5.7,22.25,61.3,11.7,27.0,64.3,5.43
F53.032_10.936,53.032,10.936,5.05,22.5,52.45,14.1,33.45,54.7,3.67
F53.032_10.935,53.032,10.935,5.05,21.7,55.2,13.8,30.9,54.8,3.57
F53.031_10.936,53.031,10.936,5.05,22.5,52.45,14.1,33.45,54.7,3.67
F53.204_9.15,53.204,9.15,5.2,24.6,68.2,8.3,23.55,73.65,3.79
F53.219_10.271,53.219,10.271,4.85,23.5,54.0,17.05,29.0,75.35,3.81
F53.167_9.907,53.167,9.907,4.95,20.45,44.15,17.4,38.45,84.4,3.88
F51.517_10.151,51.517,10.151,5.3,21.8,45.2,20.3,34.45,57.0,3.75
F51.778_10.535,51.778,10.535,4.95,32.9,25.85,21.5,52.65,117.25,6.22
F53.223_10.411,53.223,10.411,5.5,23.6,63.85,12.0,24.2,62.5,5.52
F51.833_10.306,51.833,10.306,4.4,30.25,24.0,26.7,49.25,126.8,6.03
F51.84_10.339,51.84,10.339,4.45,31.0,24.25,25.6,50.05,131.25,6.07
F52.322_10.424,52.322,10.424,5.65,24.9,52.35,19.2,28.45,47.4,3.97
F53.073_10.2,53.073,10.2,4.95,21.35,66.0,13.5,20.5,73.75,4.8
F53.107_9.825,53.107,9.825,4.95,22.4,66.0,13.45,20.55,76.0,3.38
F53.222_10.821,53.222,10.821,4.9,23.3,57.95,12.35,29.65,60.8,3.51
F51.952_9.2,51.952,9.2,5.05,24.15,12.9,23.8,63.3,72.7,3.95
F52.098_9.899,52.098,9.899,5.3,21.5,23.8,29.1,47.1,54.7,4.22
F53.132_10.119,53.132,10.119,5.45,23.85,71.1,9.15,19.7,51.05,3.62
F51.53_9.002,51.53,9.002,4.95,23.85,15.1,25.7,59.15,56.65,3.97
F52.892_10.087,52.892,10.087,4.85,22.15,71.1,11.2,17.7,60.55,3.81
F51.879_10.574,51.879,10.574,5.85,22.1,25.95,31.25,42.8,51.4,4.46
F52.065_10.003,52.065,10.003,5.25,22.9,19.5,31.15,49.35,64.65,4.99
F51.502_10.169,51.502,10.169,6.55,24.65,36.7,23.9,39.4,39.75,4.1
F51.518_10.151,51.518,10.151,5.3,21.8,45.2,20.3,34.45,57.0,3.75
F52.282_10.474,52.282,10.474,5.15,26.4,42.4,22.1,35.5,68.85,3.92
F52.172_9.408,52.172,9.408,4.95,21.2,16.8,29.15,54.1,63.9,3.95
F52.124_9.374,52.124,9.374,5.3,21.5,17.55,29.4,53.0,76.55,4.2
F52.303_9.281,52.303,9.281,5.05,22.75,19.4,32.35,48.3,76.45,4.45
F52.318_9.301,52.318,9.301,6.6,22.3,26.3,29.65,44.05,37.1,3.71
F52.129_9.359,52.129,9.359,5.4,23.6,15.8,28.9,55.3,62.45,4.42
F51.725_10.617,51.725,10.617,4.8,29.75,22.8,27.8,49.4,111.1,5.49
F52.528_9.366,52.528,9.366,5.35,21.3,61.65,13.25,25.1,58.95,3.12
F51.65_9.596,51.65,9.596,5.15,22.45,19.45,28.7,51.85,68.3,4.02
F51.908_9.791,51.908,9.791,5.25,24.0,15.45,30.8,53.75,68.95,4.73
F53.228_10.498,53.228,10.498,5.35,21.55,59.35,15.0,25.65,62.0,3.77
F52.616_10.122,52.616,10.122,5.15,21.75,71.9,10.1,18.0,68.0,3.75
F52.58_9.845,52.58,9.845,6.25,22.9,74.35,9.25,16.45,48.7,3.81
F52.128_9.372,52.128,9.372,5.3,22.7,18.95,31.45,49.6,81.1,4.5
F52.934_9.309,52.934,9.309,5.35,20.4,64.2,9.4,26.45,54.65,3.35
F52.13_9.373,52.13,9.373,5.3,21.35,17.85,31.65,50.5,61.1,4.36
F53.221_10.415,53.221,10.415,5.85,23.25,63.15,11.9,24.95,65.1,5.45
F52.458_10.819,52.458,10.819,6.05,24.75,69.1,10.7,20.2,36.0,4.42
F51.592_9.447,51.592,9.447,5.3,24.1,18.65,25.2,56.15,66.6,3.94
F52.179_9.375,52.179,9.375,4.85,25.15,15.55,26.4,58.05,75.75,4.63
F53.083_10.654,53.083,10.654,6.0,21.4,67.7,9.65,22.65,43.0,4.11
F53.156_9.825,53.156,9.825,5.35,25.2,69.7,11.75,18.55,89.8,3.96
F53.155_9.96,53.155,9.96,5.0,21.15,41.15,15.95,42.85,81.7,3.73
F53.156_9.82,53.156,9.82,5.55,24.85,69.7,11.45,18.85,63.45,3.8
F53.126_9.899,53.126,9.899,5.1,22.95,76.1,7.8,16.1,70.45,4.35
F53.129_9.824,53.129,9.824,5.8,23.3,66.9,10.45,22.6,50.25,3.46
F53.206_9.137,53.206,9.137,5.4,24.45,72.5,7.9,19.55,68.5,4.0
F53.125_9.084,53.125,9.084,5.15,22.95,73.9,7.15,19.0,68.2,4.32
F52.933_9.302,52.933,9.302,5.4,20.05,61.15,9.55,29.3,63.0,3.63
F53.431_11.343,53.431,11.343,5.25,23.2,77.05,7.55,15.45,97.05,4.01
F53.114_9.882,53.114,9.882,5.5,24.85,68.65,9.5,21.85,69.25,4.57
F52.264_11.124,52.264,11.124,4.85,25.9,37.85,17.85,44.3,60.0,5.67
F52.46_9.192,52.46,9.192,6.3,21.3,37.35,21.85,40.8,54.7,3.62
F52.59_10.079,52.59,10.079,5.75,20.65,69.4,12.4,18.2,47.6,3.6
F53.151_10.464,53.151,10.464,5.65,22.05,62.45,13.25,24.25,55.2,5.41
F53.221_10.428,53.221,10.428,5.25,22.3,62.75,11.75,25.55,66.35,4.18
F53.116_9.833,53.116,9.833,5.0,23.65,66.75,10.25,22.95,63.95,3.19
F53.458_11.244,53.458,11.244,5.95,21.9,76.0,8.0,15.95,52.35,3.79
F53.157_9.944,53.157,9.944,4.9,22.15,62.5,12.4,25.1,100.45,3.65
F52.291_10.345,52.291,10.345,5.1,25.7,42.65,18.3,39.05,66.15,4.38
F53.024_11.833,53.024,11.833,5.2,25.75,78.25,8.8,13.0,68.1,5.45
F52.03_10.204,52.03,10.204,5.15,21.9,19.2,31.15,49.65,52.75,4.13
F52.08_10.086,52.08,10.086,5.6,23.65,16.95,32.8,50.2,49.35,4.12
F52.273_10.593,52.273,10.593,5.0,25.55,36.55,24.65,38.8,60.55,4.78
F52.189_10.749,52.189,10.749,5.35,21.65,24.25,32.0,43.75,51.95,3.75
F52.296_10.628,52.296,10.628,5.3,27.15,43.85,20.45,35.65,69.05,5.38
F52.295_10.629,52.295,10.629,5.3,27.15,43.85,20.45,35.65,69.05,5.38
F52.761_9.689,52.761,9.689,6.25,22.4,55.8,21.6,22.65,49.0,3.63
F52.76_9.672,52.76,9.672,4.9,23.8,64.4,17.8,17.85,57.3,3.73
F52.13_9.846,52.13,9.846,5.1,21.6,15.05,31.75,53.2,60.55,3.94
F53.301_11.159,53.301,11.159,6.2,26.95,70.05,11.7,18.25,69.65,5.2
F52.072_9.968,52.072,9.968,5.05,24.35,18.85,30.7,50.4,82.95,4.68
F52.305_10.612,52.305,10.612,6.3,27.35,43.4,19.55,37.05,51.35,5.67
F52.172_10.824,52.172,10.824,5.0,23.75,24.0,29.8,46.2,53.2,4.34
F52.844_9.465,52.844,9.465,5.8,20.3,69.65,7.65,22.7,45.9,3.29
F52.753_9.671,52.753,9.671,5.0,24.1,60.7,16.9,22.4,55.3,3.83
F52.764_9.682,52.764,9.682,6.25,21.8,57.8,20.1,22.1,46.75,3.42
F52.308_10.555,52.308,10.555,5.05,26.5,42.3,25.15,32.6,57.1,4.51
F53.27_9.757,53.27,9.757,5.2,23.4,68.85,10.4,20.75,84.45,3.81
F52.978_9.842,52.978,9.842,5.1,19.85,73.9,7.4,18.75,58.7,4.42
F52.287_9.437,52.287,9.437,4.65,23.25,15.85,26.95,57.2,82.9,4.21
F53.121_10.82,53.121,10.82,5.15,20.1,58.25,16.55,25.15,64.6,3.81
F51.976_9.681,51.976,9.681,5.3,23.45,17.2,25.15,57.65,62.7,4.21
F53.147_9.91,53.147,9.91,5.65,20.6,50.65,13.15,36.2,60.3,3.62
F53.107_9.919,53.107,9.919,5.2,22.75,51.2,13.25,35.55,66.7,3.67
F53.065_10.812,53.065,10.812,5.65,22.85,63.35,10.7,25.95,51.05,4.5
F53.058_9.885,53.058,9.885,5.4,23.5,73.35,8.75,17.9,58.9,3.87
F53.107_9.92,53.107,9.92,5.15,22.75,72.15,9.05,18.85,70.55,3.71
F52.123_10.145,52.123,10.145,5.15,24.1,19.65,28.95,51.4,61.9,3.73
F52.897_10.092,52.897,10.092,5.4,22.0,60.65,15.1,24.2,49.45,3.96
F52.124_10.136,52.124,10.136,5.1,23.5,17.7,29.5,52.8,63.8,4.17
F52.424_10.94,52.424,10.94,4.85,26.85,58.2,16.25,25.5,72.5,5.49
F53.266_10.689,53.266,10.689,5.2,21.1,58.4,13.4,28.2,56.35,3.94
F53.222_10.703,53.222,10.703,5.8,22.55,60.45,15.2,24.3,69.65,6.12
F52.838_10.341,52.838,10.341,5.35,20.8,47.5,19.65,32.9,70.15,3.77
F52.429_9.929,52.429,9.929,5.15,22.55,45.9,26.55,27.5,56.15,3.79
F51.924_9.79,51.924,9.79,5.8,23.3,20.55,21.8,57.65,50.7,4.16
F52.324_10.707,52.324,10.707,5.1,24.75,51.9,15.95,32.15,55.2,4.5
F53.167_10.006,53.167,10.006,5.2,21.65,48.15,13.2,38.65,67.4,4.05
F52.542_9.83,52.542,9.83,5.35,21.5,58.75,13.7,27.55,59.4,4.0
F52.914_9.673,52.914,9.673,5.2,19.85,45.45,14.1,40.45,55.65,4.22
F53.145_9.91,53.145,9.91,5.65,21.35,51.1,10.6,38.35,49.95,3.54
F53.212_10.337,53.212,10.337,5.5,25.0,59.05,13.35,27.55,62.25,4.32
F53.212_10.334,53.212,10.334,5.35,24.75,60.0,14.1,25.95,68.35,5.04
F52.282_10.473,52.282,10.473,5.2,26.25,46.1,19.75,34.15,63.35,3.87
F52.271_10.452,52.271,10.452,6.5,26.7,44.45,20.6,35.0,44.05,5.41
F53.257_10.434,53.257,10.434,5.95,24.55,71.7,10.15,18.15,56.8,4.72
F52.967_10.246,52.967,10.246,4.95,21.05,69.1,12.3,18.6,68.25,3.31
F52.272_10.591,52.272,10.591,5.1,26.55,37.15,27.05,35.8,56.55,4.84
F53.257_10.435,53.257,10.435,5.95,24.55,71.7,10.15,18.15,56.8,4.72
F52.358_10.584,52.358,10.584,6.3,25.5,46.4,17.15,36.45,43.05,4.2
F52.276_10.578,52.276,10.578,5.65,26.55,37.2,27.3,35.45,67.7,4.88
F52.223_10.59,52.223,10.59,5.4,27.55,34.05,21.9,44.05,58.25,5.5
F52.291_10.543,52.291,10.543,5.35,26.25,45.15,23.3,31.55,69.45,5.59
F52.394_10.593,52.394,10.593,5.2,24.65,58.2,15.85,25.95,52.6,4.84
F52.546_10.24,52.546,10.24,5.3,20.45,72.0,10.95,17.05,45.5,3.46
F53.222_10.803,53.222,10.803,5.1,20.45,58.7,13.9,27.4,66.8,3.54
F52.282_10.47,52.282,10.47,5.2,26.25,46.1,19.75,34.15,63.35,3.87
F52.267_10.689,52.267,10.689,6.0,24.7,38.75,23.8,37.45,43.0,5.21
F52.348_10.827,52.348,10.827,5.9,23.95,47.25,17.8,34.95,43.85,4.09
F51.607_10.531,51.607,10.531,4.75,27.5,23.7,31.25,45.05,91.9,4.38
F53.227_10.075,53.227,10.075,5.05,21.3,44.45,18.6,36.95,64.0,4.22
F52.682_10.303,52.682,10.303,5.35,19.3,61.65,10.35,28.05,50.8,3.74
F52.35_10.828,52.35,10.828,5.15,25.05,45.2,17.05,37.7,54.7,4.25
F52.174_9.92,52.174,9.92,5.35,24.15,24.7,26.15,49.1,55.7,3.65
F52.133_9.839,52.133,9.839,5.2,21.7,14.35,34.1,51.6,58.2,3.9
F52.251_9.475,52.251,9.475,5.05,23.8,17.85,31.95,50.25,63.05,4.26
F53.168_10.331,53.168,10.331,5.05,21.95,57.75,13.8,28.45,52.3,3.65
F52.079_9.922,52.079,9.922,5.15,22.0,18.9,30.6,50.5,58.1,3.96
F53.106_9.913,53.106,9.913,4.95,22.6,70.05,8.65,21.3,83.05,3.21
F52.049_10.168,52.049,10.168,5.2,21.65,19.55,31.15,49.3,49.55,4.11
F53.166_9.971,53.166,9.971,5.35,21.35,44.25,16.1,39.6,72.4,3.78
F53.057_9.887,53.057,9.887,5.2,23.05,70.6,8.95,20.5,65.3,3.62
F52.839_10.038,52.839,10.038,5.7,20.05,70.25,9.7,20.05,41.0,4.0
F52.711_9.235,52.711,9.235,5.85,22.25,58.3,11.75,29.95,49.1,3.41
F51.763_11.274,51.763,11.274,6.9,26.75,11.9,26.6,61.55,38.7,4.76
F53.321_10.292,53.321,10.292,5.75,27.8,56.15,15.75,28.1,71.45,4.81
F52.255_9.567,52.255,9.567,5.15,19.8,21.05,27.65,51.3,56.85,4.17
F51.777_10.631,51.777,10.631,4.5,32.6,24.85,23.0,52.15,120.45,5.92
F52.309_10.611,52.309,10.611,5.7,27.85,43.55,20.55,35.85,53.35,5.39
F51.636_9.475,51.636,9.475,5.35,22.65,21.85,26.8,51.35,65.8,4.17
F52.27_11.051,52.27,11.051,4.9,25.85,39.7,18.2,42.1,63.5,5.0
F51.674_10.957,51.674,10.957,5.95,29.95,24.65,25.8,49.55,62.45,4.57
F53.328_11.483,53.328,11.483,5.45,23.8,71.5,7.05,21.45,79.3,5.68
F52.715_10.473,52.715,10.473,5.05,23.8,56.95,10.55,32.5,69.6,3.43
F52.304_10.328,52.304,10.328,6.45,24.05,48.75,19.95,31.35,39.7,3.97
F51.607_11.289,51.607,11.289,5.5,27.15,14.4,25.25,60.35,50.3,5.22
F51.727_11.214,51.727,11.214,6.9,25.55,12.0,29.15,58.85,48.9,5.18
F53.168_9.946,53.168,9.946,5.0,22.85,38.55,17.3,44.15,71.8,3.54
F52.495_9.381,52.495,9.381,5.35,22.7,51.95,17.85,30.2,61.45,4.51
F51.513_9.641,51.513,9.641,4.75,23.7,18.4,24.55,57.0,83.7,4.2
F53.173_9.874,53.173,9.874,5.1,20.65,51.85,12.3,35.85,80.85,3.77
F53.13_10.08,53.13,10.08,5.1,24.25,49.4,15.2,35.4,78.4,3.21
F51.546_9.678,51.546,9.678,4.75,23.25,21.65,25.4,52.95,76.35,4.21
F51.988_10.473,51.988,10.473,5.35,23.85,24.3,28.55,47.15,64.25,4.22
F51.741_10.37,51.741,10.37,4.75,28.75,22.4,26.35,51.3,115.6,5.04
F52.309_10.477,52.309,10.477,6.05,25.35,47.95,20.0,32.05,51.3,4.6
F52.592_11.297,52.592,11.297,4.9,25.35,61.4,12.4,26.25,55.7,4.6
F53.214_11.026,53.214,11.026,5.5,22.4,71.95,12.45,15.6,75.05,4.29
F52.384_10.715,52.384,10.715,5.0,25.6,51.6,14.0,34.45,67.05,4.45
F53.289_10.697,53.289,10.697,5.45,20.6,61.65,16.85,21.5,73.55,3.7
F52.283_10.474,52.283,10.474,5.15,26.4,42.4,22.1,35.5,68.85,3.92
F52.27_10.724,52.27,10.724,6.55,27.4,40.2,22.65,37.15,45.9,5.34
F52.864_9.69,52.864,9.69,5.35,23.75,54.25,12.7,33.0,66.65,4.33
F51.751_9.824,51.751,9.824,4.8,23.95,18.75,27.6,53.65,66.5,4.01
F51.666_11.172,51.666,11.172,5.3,26.9,19.75,23.5,56.8,58.55,4.96
F51.817_10.579,51.817,10.579,4.65,30.45,30.2,21.7,48.05,104.15,5.38
F51.839_10.581,51.839,10.581,5.1,29.15,23.15,28.9,47.95,107.0,5.12
F51.818_10.579,51.818,10.579,4.65,30.45,30.2,21.7,48.05,104.15,5.38
F52.637_10.581,52.637,10.581,5.3,21.7,69.15,11.35,19.55,49.95,4.82
F51.697_10.668,51.697,10.668,4.6,29.3,22.2,29.35,48.45,99.55,5.92
F53.215_9.908,53.215,9.908,5.1,25.2,52.4,12.45,35.15,78.9,3.92
F51.808_10.273,51.808,10.273,4.45,30.75,24.35,25.35,50.35,130.4,6.04
F51.774_10.374,51.774,10.374,4.75,31.7,24.4,25.05,50.6,132.75,5.92
F51.675_10.959,51.675,10.959,5.95,29.95,24.65,25.8,49.55,62.45,4.57
F51.754_9.508,51.754,9.508,5.15,30.2,17.05,24.55,58.3,90.35,4.63
F51.782_10.268,51.782,10.268,4.4,29.6,23.1,26.0,50.9,131.9,5.63
F53.276_10.713,53.276,10.713,5.25,20.4,60.0,17.55,22.5,66.55,4.11
F51.562_9.541,51.562,9.541,5.05,23.55,23.65,21.85,54.55,61.4,4.42
F51.765_10.734,51.765,10.734,4.9,29.35,19.75,24.6,55.65,93.0,5.47
F51.772_10.426,51.772,10.426,4.55,32.4,25.9,23.0,51.05,124.1,6.18
F51.881_9.338,51.881,9.338,6.2,22.1,16.85,27.85,55.3,54.35,4.48
F51.77_11.266,51.77,11.266,7.05,27.05,12.0,25.8,62.2,41.6,4.91
F52.51_9.687,52.51,9.687,5.8,22.75,55.25,16.8,28.0,42.6,3.68
F51.659_9.513,51.659,9.513,5.05,22.55,17.35,25.65,57.0,68.65,4.22
F52.987_10.251,52.987,10.251,5.1,21.35,69.85,10.05,20.1,70.0,4.6
F52.995_10.569,52.995,10.569,5.6,24.7,67.4,8.6,24.05,47.7,4.25
F51.838_10.544,51.838,10.544,4.55,30.3,25.2,28.45,46.3,120.15,5.59
F51.961_10.576,51.961,10.576,5.5,24.7,22.6,26.1,51.3,49.3,5.0
F51.963_10.569,51.963,10.569,5.35,25.05,19.5,26.2,54.3,53.9,4.2
F52.85_10.543,52.85,10.543,5.2,21.7,65.15,8.3,26.55,54.2,3.84
F52.131_9.625,52.131,9.625,4.6,25.25,15.15,22.8,62.05,79.3,4.99
F52.197_10.75,52.197,10.75,5.35,22.5,20.6,29.55,49.85,68.9,4.54
F52.198_10.749,52.198,10.749,5.35,22.5,20.6,29.55,49.85,68.9,4.54
F51.866_10.585,51.866,10.585,4.85,29.0,19.8,28.3,51.9,84.35,5.03
F51.621_9.441,51.621,9.441,6.4,22.5,27.05,25.4,47.55,43.5,3.49
F51.771_9.448,51.771,9.448,4.75,25.6,16.15,24.85,59.0,81.2,4.46
F52.696_11.457,52.696,11.457,5.6,25.3,73.1,8.7,18.15,51.8,5.63
F52.125_10.154,52.125,10.154,5.15,24.35,18.05,29.65,52.3,62.35,3.79
F52.774_9.73,52.774,9.73,4.95,20.9,48.55,17.8,33.65,53.05,3.56
F51.874_10.624,51.874,10.624,5.15,25.75,22.75,28.55,48.7,72.6,4.65
F53.19_10.893,53.19,10.893,5.35,23.85,55.9,12.0,32.1,54.4,3.92
F51.812_9.644,51.812,9.644,4.5,25.1,18.45,21.75,59.8,86.95,4.06
F52.949_10.568,52.949,10.568,5.35,22.3,67.75,10.5,21.75,47.75,3.91
F53.137_10.793,53.137,10.793,5.2,21.2,57.85,14.95,27.2,56.25,3.79
F52.01_9.911,52.01,9.911,5.5,25.25,15.35,26.95,57.7,61.3,4.48
F52.471_11.672,52.471,11.672,4.6,24.45,68.0,8.85,23.15,67.65,4.46
F53.346_10.125,53.346,10.125,5.05,21.7,59.9,10.4,29.65,75.55,3.9
F52.14_9.34,52.14,9.34,5.35,21.25,17.85,24.4,57.75,59.3,4.16
F52.099_9.876,52.099,9.876,5.05,23.0,16.7,28.8,54.5,49.65,4.18
F51.639_10.39,51.639,10.39,5.45,24.75,25.95,25.25,48.9,66.35,4.35
F52.157_10.736,52.157,10.736,6.8,25.45,29.7,28.15,42.2,43.55,4.35
F52.908_10.382,52.908,10.382,4.85,21.55,60.45,10.6,29.05,75.45,3.42
F52.99_11.345,52.99,11.345,6.15,24.65,76.4,8.25,15.35,46.45,4.95
F52.991_10.298,52.991,10.298,5.3,23.0,69.05,12.05,18.95,51.65,3.71
F52.493_9.584,52.493,9.584,5.25,22.8,53.2,22.1,24.7,66.65,3.81
F53.461_9.244,53.461,9.244,5.35,22.3,71.0,11.2,17.8,76.7,4.24
F53.475_9.152,53.475,9.152,5.15,21.8,73.25,6.45,20.3,71.15,4.49
F51.778_10.688,51.778,10.688,4.8,32.55,27.45,19.45,53.1,118.0,5.86
F53.456_11.725,53.456,11.725,5.55,23.5,69.55,7.5,23.0,71.9,4.96
F51.672_11.286,51.672,11.286,5.3,25.85,15.55,22.9,61.5,55.1,4.9
F52.823_11.507,52.823,11.507,5.3,24.15,74.25,10.0,15.75,52.35,4.43
F53.079_9.552,53.079,9.552,5.3,20.45,73.85,7.4,18.75,61.8,3.65
F52.197_10.749,52.197,10.749,5.35,22.5,20.6,29.55,49.85,68.9,4.54
F51.829_9.904,51.829,9.904,5.15,23.9,22.35,24.25,53.35,76.9,4.07
F52.866_10.22,52.866,10.22,5.3,22.05,55.0,16.1,28.95,48.1,4.33
F51.835_10.582,51.835,10.582,4.85,29.6,22.35,28.1,49.55,109.3,5.27
F51.838_10.594,51.838,10.594,4.6,29.4,20.5,25.6,53.9,111.8,5.52
F51.832_10.579,51.832,10.579,4.65,29.15,21.55,27.1,51.3,122.7,5.38
F51.816_10.579,51.816,10.579,4.65,30.45,30.2,21.7,48.05,104.15,5.38
F53.097_10.852,53.097,10.852,5.4,23.8,65.05,12.2,22.75,53.6,3.38
F52.651_10.47,52.651,10.47,6.15,22.4,65.5,8.4,26.1,40.55,4.08
F52.706_10.51,52.706,10.51,5.3,21.75,63.4,11.5,25.05,54.8,3.17
F52.608_10.567,52.608,10.567,5.35,24.0,64.25,13.3,22.45,58.8,5.07
F52.263_10.555,52.263,10.555,5.2,26.05,38.3,25.65,36.05,65.65,5.37
F52.201_10.75,52.201,10.75,5.45,23.1,23.7,29.6,46.7,55.75,3.95
F52.118_10.763,52.118,10.763,6.9,24.65,38.45,24.75,36.8,36.9,5.0
F52.015_10.609,52.015,10.609,6.9,25.75,29.0,27.8,43.2,34.55,5.52
F53.069_11.438,53.069,11.438,5.75,23.95,65.8,9.15,25.0,41.5,4.44
F52.971_10.275,52.971,10.275,6.05,21.35,72.35,10.7,17.0,44.75,3.44
F51.869_10.6,51.869,10.6,4.8,28.7,22.15,26.0,51.85,118.1,5.63
F53.325_11.545,53.325,11.545,5.45,23.4,77.3,7.4,15.25,69.65,5.03
F53.317_11.547,53.317,11.547,5.85,23.5,78.3,6.85,14.9,53.75,5.95
F51.903_10.182,51.903,10.182,5.7,23.7,17.95,26.05,55.95,47.0,4.01
F51.717_11.079,51.717,11.079,5.35,24.15,20.45,29.05,50.5,49.15,3.96
F53.29_10.925,53.29,10.925,5.85,24.35,67.5,14.65,17.85,62.6,5.03
F53.129_9.904,53.129,9.904,5.2,21.9,73.7,9.6,16.65,70.95,3.44
F53.492_11.899,53.492,11.899,5.75,24.05,64.95,9.45,25.6,81.55,6.18
F53.087_11.1,53.087,11.1,5.95,26.3,73.65,9.95,16.4,46.45,4.87
F51.919_9.938,51.919,9.938,5.4,22.7,22.65,25.55,51.8,58.4,4.14
F51.948_9.257,51.948,9.257,5.35,22.65,11.8,26.85,61.35,66.25,4.09
F53.14_10.21,53.14,10.21,5.65,21.0,74.05,9.1,16.9,52.8,4.52
F53.198_10.857,53.198,10.857,5.25,25.45,63.1,13.9,23.0,62.85,4.39
F51.717_11.214,51.717,11.214,5.5,27.6,15.55,26.15,58.3,56.5,5.32
F51.68_10.048,51.68,10.048,5.25,24.05,26.95,29.65,43.45,50.45,3.94
F51.904_10.72,51.904,10.72,6.8,24.75,22.95,27.05,50.0,39.7,4.61
F52.263_10.557,52.263,10.557,5.15,24.65,37.75,26.2,36.05,61.75,5.11
F51.538_10.049,51.538,10.049,5.25,24.65,33.65,32.6,33.75,73.7,4.69
F51.519_10.162,51.519,10.162,5.85,24.65,42.25,17.5,40.25,41.4,3.79
F53.099_9.849,53.099,9.849,5.2,21.9,64.6,10.5,24.95,76.2,4.0
F53.199_10.857,53.199,10.857,5.25,25.45,63.1,13.9,23.0,62.85,4.39
F52.386_9.705,52.386,9.705,5.55,23.65,50.2,24.55,25.3,51.15,3.81
F51.979_9.769,51.979,9.769,5.25,21.8,16.85,28.5,54.7,67.1,4.39
F53.215_10.427,53.215,10.427,5.35,21.95,61.5,12.25,26.2,62.35,4.18
F53.476_10.68,53.476,10.68,6.1,22.95,65.55,14.1,20.35,53.95,4.2
F52.264_10.582,52.264,10.582,5.5,25.6,39.5,25.85,34.65,65.25,5.71
F53.273_10.261,53.273,10.261,5.6,23.0,64.35,12.6,23.1,52.75,4.0
F52.176_9.445,52.176,9.445,5.25,21.9,18.65,25.7,55.65,57.25,4.33
F52.53_10.231,52.53,10.231,5.25,21.05,66.65,13.7,19.6,57.85,3.88
F51.601_10.155,51.601,10.155,6.65,23.25,37.35,18.0,44.65,32.3,3.31
F51.673_11.149,51.673,11.149,5.2,25.15,18.35,21.85,59.75,45.35,4.0
F51.737_11.097,51.737,11.097,5.65,27.0,16.05,29.2,54.75,58.75,5.58
F53.1_10.9,53.1,10.9,5.15,23.4,65.0,12.55,22.35,67.7,3.65
F51.873_9.304,51.873,9.304,4.85,27.9,13.3,23.5,63.2,69.35,4.24
F51.516_10.152,51.516,10.152,5.3,21.8,45.2,20.3,34.45,57.0,3.75
F51.841_10.645,51.841,10.645,5.5,30.1,19.5,26.7,53.8,78.7,5.25
F51.844_10.654,51.844,10.654,4.85,25.35,21.1,25.55,53.4,90.0,4.67
F51.667_10.923,51.667,10.923,5.25,30.0,18.0,29.15,52.8,79.3,5.06
F51.592_10.034,51.592,10.034,5.4,23.2,31.7,27.9,40.45,51.0,4.3
F51.507_10.154,51.507,10.154,5.2,24.85,39.7,18.65,41.65,58.85,3.88
F51.521_10.169,51.521,10.169,5.95,23.7,32.35,23.3,44.3,42.0,3.79
F51.509_10.155,51.509,10.155,5.2,23.85,41.8,18.05,40.1,56.95,3.65
F51.916_9.939,51.916,9.939,5.25,21.45,23.35,23.1,53.5,59.15,4.13
F51.501_10.147,51.501,10.147,5.25,25.65,36.45,17.55,46.0,52.7,4.21
F52.126_10.397,52.126,10.397,6.7,25.15,20.45,32.6,46.95,51.5,3.73
F51.501_10.151,51.501,10.151,5.3,25.05,37.65,17.8,44.5,53.5,3.6
F51.508_10.154,51.508,10.154,5.2,24.85,39.7,18.65,41.65,58.85,3.88
F51.501_10.148,51.501,10.148,5.25,25.65,36.45,17.55,46.0,52.7,4.21
F51.515_10.152,51.515,10.152,5.25,21.65,45.0,20.7,34.25,53.6,3.85
F53.157_9.963,53.157,9.963,5.1,20.85,48.05,14.35,37.6,68.25,3.83
F52.089_9.974,52.089,9.974,5.2,23.3,19.35,28.9,51.75,52.25,4.13
F51.853_10.55,51.853,10.55,4.9,26.8,22.15,29.5,48.35,101.85,5.55
F51.861_9.833,51.861,9.833,6.55,25.7,16.0,27.6,56.4,35.1,4.24
F53.0_9.841,53.0,9.841,5.3,22.55,66.25,10.55,23.2,48.65,3.51
F51.516_10.153,51.516,10.153,5.15,22.05,44.35,18.0,37.65,56.7,3.67
F53.256_10.809,53.256,10.809,5.35,21.65,53.35,15.2,31.35,56.7,3.69
F52.979_9.842,52.979,9.842,5.1,19.85,73.9,7.4,18.75,58.7,4.42
F51.971_9.677,51.971,9.677,5.2,25.3,15.85,28.2,55.9,65.05,4.17
F51.518_10.152,51.518,10.152,5.3,21.8,45.2,20.3,34.45,57.0,3.75
F52.239_9.579,52.239,9.579,5.2,22.95,22.4,30.65,46.95,73.1,4.04
F53.176_9.951,53.176,9.951,5.0,20.55,45.1,15.55,39.3,76.9,3.63
F53.149_9.909,53.149,9.909,5.25,21.5,48.5,12.8,38.7,71.25,3.48
F52.388_10.295,52.388,10.295,5.7,23.65,56.85,13.6,29.55,63.95,5.16
F51.553_11.306,51.553,11.306,5.3,25.25,17.35,25.05,57.65,50.55,3.96
F51.646_11.125,51.646,11.125,5.15,22.4,23.25,27.9,48.85,49.95,3.83
F53.423_10.645,53.423,10.645,6.0,22.85,56.2,19.05,24.8,54.4,4.32
F52.138_9.662,52.138,9.662,5.25,23.1,23.3,27.7,49.0,55.35,3.83
F51.691_11.208,51.691,11.208,5.0,25.45,16.3,28.55,55.15,58.05,4.05
F53.208_10.463,53.208,10.463,5.55,21.75,67.6,12.55,19.85,51.0,4.0
F52.421_10.37,52.421,10.37,5.45,23.4,64.5,10.4,25.1,53.9,4.25
F52.602_10.1,52.602,10.1,6.1,21.9,65.9,16.3,17.8,50.85,3.62
F52.072_10.361,52.072,10.361,5.2,21.9,20.65,31.1,48.3,49.2,4.1
F51.812_9.368,51.812,9.368,5.2,26.1,11.55,29.85,58.6,70.2,4.41
F52.088_9.936,52.088,9.936,5.2,20.95,15.55,31.15,53.3,53.0,3.98
F51.851_10.547,51.851,10.547,4.7,28.15,21.65,28.7,49.65,89.75,5.36
F52.69_9.755,52.69,9.755,5.1,22.6,73.9,9.3,16.85,53.1,3.83
F52.848_10.283,52.848,10.283,4.9,19.1,57.75,17.75,24.5,71.6,3.52
F53.219_10.393,53.219,10.393,5.6,23.6,59.9,14.85,25.35,57.5,4.65
F53.346_9.874,53.346,9.874,5.15,22.8,65.85,11.7,22.45,81.1,4.14
F53.069_11.43,53.069,11.43,5.05,23.5,67.95,9.6,22.5,61.65,4.46
F53.312_9.306,53.312,9.306,5.65,21.2,73.15,8.65,18.25,75.65,4.09
F53.019_9.715,53.019,9.715,5.55,20.1,70.6,10.8,18.55,53.35,3.55
F53.308_10.443,53.308,10.443,5.55,24.65,63.8,15.8,20.4,72.65,4.29
F53.325_9.965,53.325,9.965,5.1,23.5,58.0,10.25,31.8,76.35,3.79
F52.115_11.645,52.115,11.645,6.0,24.77,25.4,28.03,46.57,57.4,4.44
F53.334_9.974,53.334,9.974,5.5,20.8,62.47,9.57,27.97,55.6,3.21
F51.876_10.651,51.876,10.651,4.77,23.8,21.17,29.1,49.7,65.4,4.21
F53.084_9.322,53.084,9.322,5.53,18.93,70.33,10.8,18.87,53.3,3.81
F52.133_9.119,52.133,9.119,5.87,21.13,16.83,27.57,55.67,45.87,3.97
F51.772_10.353,51.772,10.353,4.67,29.77,25.83,25.73,48.4,109.37,5.32
F53.179_10.0,53.179,10.0,5.93,18.93,73.33,9.6,17.13,63.27,4.28
F52.574_10.168,52.574,10.168,5.17,18.77,58.2,11.67,30.13,53.37,3.43
F53.464_11.565,53.464,11.565,5.53,19.93,72.03,7.5,20.43,45.87,3.86
F51.729_10.94,51.729,10.94,5.4,23.17,24.67,26.4,48.97,47.1,3.71
F53.424_9.867,53.424,9.867,4.8,19.27,41.43,15.87,42.7,61.3,3.26
F52.571_10.078,52.571,10.078,5.8,17.97,67.4,15.87,16.77,38.3,2.76
F51.834_9.881,51.834,9.881,5.3,21.07,24.03,25.93,50.0,48.3,3.99
F52.205_9.029,52.205,9.029,6.03,20.07,23.6,21.43,54.93,37.03,3.3
F51.903_10.447,51.903,10.447,5.67,21.5,23.43,34.93,41.67,47.5,3.5
F52.192_9.083,52.192,9.083,6.13,21.83,51.1,15.57,33.3,50.8,3.01
F53.313_10.556,53.313,10.556,5.73,19.67,58.4,18.33,23.27,76.1,3.96
F52.336_9.869,52.336,9.869,5.1,18.87,39.77,27.4,32.83,37.27,2.97
F51.919_9.777,51.919,9.777,5.27,20.97,22.1,30.1,47.77,43.47,3.77
F52.242_9.464,52.242,9.464,5.1,21.8,20.0,25.5,54.5,50.23,3.36
F53.21_10.86,53.21,10.86,5.33,22.0,60.47,12.03,27.53,47.83,3.16
F52.383_10.53,52.383,10.53,6.43,20.0,57.2,16.13,26.63,31.23,2.98
F51.514_10.866,51.514,10.866,5.33,22.57,15.37,22.5,62.13,39.07,3.13
F52.306_10.355,52.306,10.355,5.2,21.3,38.73,20.9,40.3,46.03,3.13
F52.459_9.862,52.459,9.862,5.5,20.97,41.57,30.2,28.23,44.63,3.25
F51.717_10.619,51.717,10.619,5.33,27.5,25.13,29.9,45.0,79.33,5.24
F53.312_10.193,53.312,10.193,5.37,19.9,68.87,12.7,18.43,57.27,4.02
F51.876_10.036,51.876,10.036,5.3,21.33,20.27,23.7,55.97,41.07,2.64
F52.581_10.196,52.581,10.196,5.7,19.4,69.5,14.17,16.37,35.47,2.92
F52.311_10.461,52.311,10.461,6.27,22.73,51.37,19.7,28.93,40.3,3.56
F52.674_9.693,52.674,9.693,6.13,22.13,51.83,19.13,29.03,37.0,3.34
F53.242_11.053,53.242,11.053,5.87,20.8,72.73,11.07,16.2,46.17,3.76
F53.038_9.787,53.038,9.787,5.1,18.63,66.03,13.93,20.03,59.8,3.66
F53.162_9.957,53.162,9.957,5.27,21.07,59.23,14.57,26.23,63.13,3.41
F51.999_10.296,51.999,10.296,5.3,19.53,19.1,31.4,49.5,40.83,3.12
F52.335_10.721,52.335,10.721,5.07,21.37,51.1,19.77,29.1,51.17,3.45
F52.135_9.346,52.135,9.346,5.43,20.47,19.27,25.33,55.47,42.9,3.67
F52.992_11.315,52.992,11.315,5.2,22.7,76.8,8.47,14.7,61.0,4.73
F53.496_10.287,53.496,10.287,5.27,17.07,66.37,11.4,22.2,46.17,3.88
F53.454_9.683,53.454,9.683,5.13,18.73,57.0,10.37,32.53,61.97,4.34
F52.092_11.406,52.092,11.406,7.07,23.87,13.0,25.13,61.87,34.97,4.06
F52.996_10.561,52.996,10.561,5.4,21.17,62.47,10.27,27.3,61.23,3.61
F53.159_9.906,53.159,9.906,5.13,18.6,46.73,16.97,36.27,63.23,3.52
F52.457_9.273,52.457,9.273,5.6,21.37,68.63,12.3,19.07,47.97,3.92
F53.226_10.41,53.226,10.41,5.4,21.77,65.03,11.7,23.27,60.13,4.28
F52.968_10.475,52.968,10.475,5.2,18.3,66.77,9.33,23.87,52.83,3.37
F52.384_9.691,52.384,9.691,5.8,20.97,47.83,21.5,30.63,42.07,3.88
F52.795_9.768,52.795,9.768,5.77,20.9,48.73,16.67,34.63,41.23,3.58
F52.593_10.84,52.593,10.84,4.9,20.03,58.43,12.87,28.63,48.2,2.99
F52.172_10.856,52.172,10.856,5.67,19.87,21.63,26.9,51.5,33.23,3.01
F51.656_10.644,51.656,10.644,4.73,25.83,23.73,26.43,49.87,86.13,4.8
F52.098_10.226,52.098,10.226,6.93,20.27,18.67,30.47,50.9,28.7,2.68
F52.303_10.623,52.303,10.623,5.27,25.17,47.93,17.4,34.7,62.77,4.93
F52.516_9.125,52.516,9.125,5.87,19.2,53.6,15.57,30.87,38.2,3.29
F52.606_10.932,52.606,10.932,4.9,22.53,61.53,13.03,25.43,50.83,4.89
F51.717_11.081,51.717,11.081,5.5,21.47,20.57,27.6,51.83,43.3,3.36
F53.257_10.441,53.257,10.441,5.57,21.4,71.3,10.3,18.43,55.43,3.68
F53.187_9.992,53.187,9.992,5.5,20.17,73.13,8.97,17.93,65.87,4.35
F51.583_11.066,51.583,11.066,5.57,21.67,20.0,28.93,51.07,52.63,4.32
F52.453_10.796,52.453,10.796,5.4,22.33,61.6,14.07,24.37,43.77,3.61
F53.477_10.112,53.477,10.112,5.8,26.57,53.83,17.77,28.4,110.87,4.54
F51.702_10.666,51.702,10.666,4.77,27.4,24.07,29.03,46.9,88.03,5.37
F52.88_10.616,52.88,10.616,5.3,19.9,55.83,12.37,31.8,59.63,3.31
F52.169_9.764,52.169,9.764,5.83,18.97,21.8,25.0,53.23,31.7,2.68
F52.338_11.849,52.338,11.849,6.53,24.9,71.13,12.67,16.17,37.13,3.72
F52.326_10.576,52.326,10.576,5.07,21.7,41.1,22.1,36.8,43.57,3.23
F52.279_10.752,52.279,10.752,6.57,22.9,41.37,22.27,36.33,33.3,3.71
F52.822_9.602,52.822,9.602,4.97,19.77,65.7,10.77,23.53,40.8,3.38
F51.737_9.035,51.737,9.035,4.83,21.07,19.43,23.1,57.47,57.53,3.56
F51.568_10.086,51.568,10.086,5.4,20.13,31.17,21.77,47.1,37.53,3.25
F51.602_10.873,51.602,10.873,5.17,25.93,19.4,29.47,51.13,55.43,4.56
F51.678_9.5,51.678,9.5,5.03,20.63,23.67,25.3,51.1,55.63,3.83
F53.275_10.719,53.275,10.719,5.4,17.87,60.93,16.2,22.83,38.6,2.89
F53.147_9.858,53.147,9.858,5.1,19.07,72.53,8.63,18.83,74.8,3.79
F51.534_9.53,51.534,9.53,5.27,20.1,24.83,27.57,47.57,55.1,3.98
F52.835_9.313,52.835,9.313,5.87,19.2,67.37,10.2,22.4,45.43,2.82
F52.428_9.864,52.428,9.864,5.47,19.67,38.77,32.27,28.93,38.6,3.35
F53.23_10.414,53.23,10.414,5.53,20.93,67.17,11.8,21.03,75.0,5.36
F52.43_9.865,52.43,9.865,5.57,19.43,40.0,30.6,29.37,36.97,3.17
F52.296_10.549,52.296,10.549,5.43,24.17,44.7,21.57,33.73,50.47,4.66
F53.058_11.427,53.058,11.427,5.83,20.87,69.47,9.6,20.9,40.1,3.57
F53.085_10.318,53.085,10.318,5.0,20.33,65.67,10.23,24.1,62.3,3.04
F52.609_10.456,52.609,10.456,5.57,20.1,60.93,14.27,24.8,33.57,3.22
F52.353_9.728,52.353,9.728,5.77,20.4,52.1,23.93,23.97,38.13,3.46
F51.517_9.005,51.517,9.005,4.97,18.83,18.97,25.5,55.53,58.87,3.3
F51.812_10.369,51.812,10.369,4.67,30.07,23.27,26.33,50.47,97.43,5.38
F52.86_11.093,52.86,11.093,5.03,23.83,61.2,12.97,25.87,54.43,4.4
F52.301_10.819,52.301,10.819,6.27,21.6,46.07,21.43,32.5,39.77,4.39
F53.212_10.436,53.212,10.436,5.37,19.17,58.9,13.17,27.93,57.6,3.56
F51.901_10.456,51.901,10.456,5.73,20.7,23.67,33.97,42.33,49.03,3.61
F53.195_11.342,53.195,11.342,5.87,22.33,73.47,10.63,15.9,41.87,5.27
F52.271_10.567,52.271,10.567,6.0,22.43,36.47,24.43,39.1,44.63,3.96
F51.869_11.948,51.869,11.948,5.17,24.13,60.8,16.1,23.07,60.3,4.28
F53.449_10.295,53.449,10.295,5.73,23.3,57.5,13.6,28.9,58.63,5.28
F52.524_9.914,52.524,9.914,5.93,19.8,57.33,22.37,20.27,34.23,3.34
F52.53_10.186,52.53,10.186,6.27,20.57,71.0,13.27,15.7,36.47,3.12
F53.133_10.227,53.133,10.227,6.07,19.9,71.33,7.87,20.77,38.4,3.51
F51.592_10.752,51.592,10.752,5.17,20.3,26.47,35.4,38.13,49.23,3.6
F53.274_10.747,53.274,10.747,5.57,17.63,67.03,14.17,18.77,49.43,3.64
F52.873_9.949,52.873,9.949,5.87,18.97,67.8,13.4,18.77,35.93,3.34
F53.141_10.235,53.141,10.235,5.37,18.33,61.77,10.8,27.43,41.47,2.96
F52.144_10.726,52.144,10.726,6.7,23.57,30.77,31.7,37.5,32.03,4.17
F52.171_10.856,52.171,10.856,5.67,19.87,21.63,26.9,51.5,33.23,3.01
F53.029_9.393,53.029,9.393,5.43,20.2,75.2,7.77,17.1,45.7,3.65
F53.257_10.809,53.257,10.809,5.37,19.13,51.03,17.33,31.57,44.17,3.04
F53.373_11.624,53.373,11.624,5.53,19.37,75.13,7.2,17.7,59.9,4.08
F53.088_11.872,53.088,11.872,5.07,20.07,77.5,8.13,14.37,42.27,4.16
F52.977_9.288,52.977,9.288,5.47,20.8,71.03,11.43,17.53,56.17,3.68
F51.992_10.046,51.992,10.046,5.43,21.03,18.43,32.97,48.63,44.1,3.81
F53.278_10.714,53.278,10.714,5.2,17.93,59.43,17.2,23.37,49.63,2.99
F52.293_10.774,52.293,10.774,5.2,21.47,34.87,22.77,42.4,44.23,3.18
F52.362_9.645,52.362,9.645,5.73,21.97,33.4,25.97,40.63,36.9,2.98
F51.588_11.471,51.588,11.471,6.43,24.23,11.5,28.83,59.67,33.9,4.32
F53.195_10.35,53.195,10.35,5.33,21.07,60.0,13.2,26.77,48.23,3.39
F53.032_9.269,53.032,9.269,5.27,19.47,52.9,14.7,32.4,46.4,3.63
F53.166_9.967,53.166,9.967,5.2,19.67,43.03,17.2,39.73,56.17,3.63
F51.72_9.969,51.72,9.969,6.4,22.3,37.33,25.97,36.73,49.8,3.66
F52.287_10.787,52.287,10.787,5.63,22.87,44.37,21.63,34.07,36.53,4.12
F51.543_9.526,51.543,9.526,5.07,19.37,19.23,23.27,57.5,48.43,3.95
F53.069_9.695,53.069,9.695,5.73,19.17,75.97,7.27,16.73,42.53,3.88
F52.519_10.008,52.519,10.008,5.3,20.07,56.23,18.57,25.17,46.7,3.85
F52.383_10.065,52.383,10.065,5.7,19.7,48.17,20.77,31.03,45.2,2.7
F52.458_11.931,52.458,11.931,5.13,22.0,69.33,13.33,17.37,43.37,4.15
F52.185_9.342,52.185,9.342,5.23,21.17,16.77,25.57,57.63,58.6,4.06
F51.538_9.513,51.538,9.513,5.03,19.6,22.3,29.53,48.13,50.3,3.85
F53.02_10.465,53.02,10.465,5.2,21.8,65.0,12.5,22.57,56.53,3.51
F51.831_10.74,51.831,10.74,5.83,23.13,20.67,31.27,48.07,47.3,3.7
F51.771_10.678,51.771,10.678,4.83,30.8,27.83,20.7,51.47,92.43,5.24
F53.102_9.833,53.102,9.833,5.4,19.83,63.97,11.97,24.1,57.4,3.54
F51.657_11.16,51.657,11.16,5.33,22.53,18.93,27.17,53.9,40.13,4.01
F52.084_9.938,52.084,9.938,5.33,18.27,18.97,35.33,45.67,42.63,3.53
F52.437_10.914,52.437,10.914,5.17,24.57,58.27,16.43,25.3,56.1,5.23
F52.907_11.885,52.907,11.885,6.23,23.33,75.33,10.03,14.6,29.5,3.53
F51.804_10.274,51.804,10.274,4.53,28.93,24.6,25.7,49.73,107.77,5.16
F51.506_10.157,51.506,10.157,5.2,22.47,42.33,18.97,38.63,46.5,3.06
F51.729_10.939,51.729,10.939,5.4,23.17,24.67,26.4,48.97,47.1,3.71
F53.375_10.946,53.375,10.946,5.43,20.77,61.2,13.57,25.23,52.07,3.81
F53.257_10.44,53.257,10.44,5.57,21.4,71.3,10.3,18.43,55.43,3.68
F53.364_9.983,53.364,9.983,5.77,21.2,60.6,10.87,28.47,48.0,3.41
F52.109_11.273,52.109,11.273,6.83,25.8,35.3,22.5,42.17,34.0,4.48
F52.069_10.528,52.069,10.528,5.3,22.77,24.6,31.2,44.23,43.23,3.38
F52.114_10.307,52.114,10.307,5.27,21.1,20.03,34.8,45.17,50.43,3.33
F53.361_10.201,53.361,10.201,6.1,24.47,57.57,13.37,29.07,53.57,3.84
F52.339_11.677,52.339,11.677,4.83,22.53,72.3,10.23,17.5,49.7,3.46
F52.188_9.607,52.188,9.607,5.2,20.67,21.47,26.3,52.23,40.23,2.94
F52.33_10.585,52.33,10.585,5.27,21.63,38.93,21.0,40.03,44.53,3.36
F51.691_10.359,51.691,10.359,6.0,25.43,22.97,25.37,51.63,75.57,4.59
F51.833_10.823,51.833,10.823,5.3,20.87,21.17,31.4,47.43,39.97,3.54
F51.782_9.433,51.782,9.433,5.57,18.3,19.1,29.23,51.67,43.43,2.98
F53.143_9.917,53.143,9.917,5.7,18.87,52.07,11.27,36.63,42.93,3.77
F53.078_9.962,53.078,9.962,5.8,20.23,69.2,9.6,21.23,46.23,3.55
F53.223_10.392,53.223,10.392,5.53,21.4,64.97,13.43,21.67,47.83,3.7
F53.117_9.033,53.117,9.033,5.4,20.63,65.77,13.0,21.2,79.2,5.37
F52.083_10.027,52.083,10.027,6.53,23.2,25.77,32.13,42.1,36.0,3.17
F51.743_10.959,51.743,10.959,5.53,24.53,22.03,28.1,49.87,53.23,3.57
F52.027_10.469,52.027,10.469,6.77,22.27,25.47,28.33,46.17,33.53,3.8
F51.697_9.355,51.697,9.355,5.07,19.43,19.37,26.33,54.33,55.77,3.83
F52.687_9.803,52.687,9.803,5.2,21.17,65.37,15.3,19.33,43.07,3.22
F53.159_11.181,53.159,11.181,5.27,20.47,72.57,11.1,16.37,53.17,3.9
F52.436_9.776,52.436,9.776,5.8,20.73,53.17,23.2,23.63,46.17,3.91
F52.887_11.443,52.887,11.443,5.03,23.0,65.73,8.8,25.43,56.13,3.89
F52.233_10.569,52.233,10.569,5.47,23.53,31.13,25.67,43.2,51.17,4.04
F51.947_10.511,51.947,10.511,6.87,21.53,24.53,32.83,42.63,33.93,2.75
F53.184_10.512,53.184,10.512,5.4,20.17,61.4,12.33,26.27,54.8,3.54
F53.157_9.962,53.157,9.962,5.27,18.7,44.63,16.73,38.63,66.7,3.31
F52.228_10.58,52.228,10.58,5.43,24.47,39.2,21.63,39.17,47.9,3.67
F51.535_9.959,51.535,9.959,5.4,20.07,34.37,28.63,36.97,48.47,3.1
F52.434_9.373,52.434,9.373,6.23,20.8,49.93,18.2,31.9,31.3,2.92
F52.251_9.586,52.251,9.586,5.27,19.37,20.8,27.77,51.43,42.17,3.76
F53.093_9.824,53.093,9.824,4.93,21.07,59.77,14.0,26.2,67.7,3.84
F53.436_9.664,53.436,9.664,5.27,18.6,70.5,11.2,18.3,70.87,5.07
F51.844_9.387,51.844,9.387,4.93,22.27,14.23,27.87,57.97,66.17,3.61
F52.924_9.457,52.924,9.457,5.3,17.6,67.13,9.47,23.4,45.2,3.23
F51.591_10.423,51.591,10.423,5.67,23.37,21.7,33.23,45.03,48.4,3.93
F53.133_10.76,53.133,10.76,5.27,18.9,64.03,13.23,22.73,64.07,3.19
F52.264_10.277,52.264,10.277,5.97,20.0,26.27,24.8,48.9,30.57,2.76
F52.607_10.025,52.607,10.025,5.6,21.73,72.2,12.03,15.8,43.23,2.82
F52.495_9.771,52.495,9.771,5.63,20.97,57.53,19.33,23.13,58.67,3.81
F51.69_11.271,51.69,11.271,5.37,25.07,18.13,30.0,51.83,42.43,4.12
F53.13_9.905,53.13,9.905,5.23,19.6,73.53,10.07,16.4,60.57,3.51
F52.367_9.83,52.367,9.83,5.27,22.33,43.53,21.27,35.23,49.9,4.38
F52.448_10.455,52.448,10.455,4.97,20.17,62.53,16.0,21.43,64.23,3.14
F53.174_10.024,53.174,10.024,5.3,19.23,72.93,9.93,17.1,54.83,4.0
F52.557_9.293,52.557,9.293,5.87,19.27,72.43,7.93,19.63,39.0,2.73
F52.446_9.95,52.446,9.95,5.93,19.67,50.97,24.7,24.27,32.03,3.05
F51.691_11.125,51.691,11.125,5.27,20.1,21.77,23.83,54.4,51.93,3.28
F53.144_9.823,53.144,9.823,5.77,20.1,51.47,12.5,36.03,47.8,4.07
F51.518_9.557,51.518,9.557,4.77,22.57,21.53,26.63,51.83,51.37,3.53
F52.276_9.787,52.276,9.787,5.83,20.33,28.23,26.8,44.97,45.43,3.12
F52.337_9.87,52.337,9.87,5.1,18.87,39.77,27.4,32.83,37.27,2.97
F52.383_9.764,52.383,9.764,5.33,19.33,48.63,20.9,30.5,55.37,3.9
F51.805_10.448,51.805,10.448,4.87,28.77,21.83,27.4,50.77,83.5,4.88
F52.59_10.14,52.59,10.14,6.07,18.33,67.83,17.07,15.0,36.5,3.34
F53.257_10.451,53.257,10.451,5.33,21.83,69.37,9.9,20.73,59.13,3.92
F52.534_9.82,52.534,9.82,5.83,19.7,54.97,21.63,23.43,41.67,3.54
F53.215_10.308,53.215,10.308,6.1,21.47,62.5,10.63,26.87,45.8,3.29
F53.282_10.706,53.282,10.706,5.47,18.77,58.37,16.5,25.13,52.2,3.19
F53.157_9.828,53.157,9.828,5.73,21.73,71.43,10.7,17.87,54.43,4.43
F53.222_10.414,53.222,10.414,5.57,20.6,63.03,12.93,24.07,54.3,4.83
F53.233_9.953,53.233,9.953,5.2,20.47,50.13,15.43,34.43,54.93,3.42
F52.762_9.99,52.762,9.99,4.9,19.53,58.2,16.27,25.57,45.0,2.89
F52.37_10.824,52.37,10.824,5.03,22.67,48.77,18.83,32.37,46.53,3.14
F53.28_10.777,53.28,10.777,5.47,18.8,61.53,15.97,22.57,58.23,3.35
F52.908_9.438,52.908,9.438,5.43,18.33,68.07,10.2,21.73,52.97,4.48
F51.711_9.483,51.711,9.483,4.9,24.17,18.0,25.03,56.97,67.8,4.07
F53.144_9.835,53.144,9.835,5.03,19.9,59.3,10.2,30.47,59.23,3.86
F52.415_10.018,52.415,10.018,5.2,19.57,48.27,23.47,28.27,41.47,3.24
F53.374_10.948,53.374,10.948,5.43,20.77,61.2,13.57,25.23,52.07,3.81
F51.569_9.912,51.569,9.912,6.47,22.3,36.4,25.77,37.8,30.37,3.12
F51.801_9.663,51.801,9.663,5.0,21.7,22.7,30.53,46.77,53.53,3.03
F51.725_10.614,51.725,10.614,4.93,27.63,24.2,29.63,46.17,73.57,5.02
F52.456_10.885,52.456,10.885,5.8,23.97,60.53,15.43,24.03,58.47,5.16
F52.993_10.589,52.993,10.589,5.4,21.9,64.57,11.23,24.23,44.9,3.36
F52.103_10.328,52.103,10.328,5.33,20.93,21.57,32.03,46.37,56.2,3.83
F52.341_10.706,52.341,10.706,5.13,22.67,52.33,17.67,30.0,40.7,3.62
F52.331_11.625,52.331,11.625,5.83,22.7,52.43,16.17,31.4,35.2,4.43
F53.457_10.631,53.457,10.631,5.4,19.33,56.83,17.53,25.63,55.63,3.59
F52.239_10.528,52.239,10.528,6.0,23.3,36.23,25.3,38.53,43.57,4.55
F53.001_11.603,53.001,11.603,5.43,22.53,75.97,10.3,13.77,47.07,4.2
F53.042_11.433,53.042,11.433,5.8,21.73,72.07,9.53,18.4,47.73,3.97
F52.2_10.754,52.2,10.754,5.27,18.63,24.47,30.4,45.13,50.17,3.42
F51.882_10.541,51.882,10.541,5.53,20.23,26.7,26.8,46.53,43.43,3.45
F52.342_9.754,52.342,9.754,6.0,20.07,45.33,22.87,31.8,43.7,3.27
F53.14_10.876,53.14,10.876,5.27,19.9,52.9,15.6,31.5,37.73,3.01
F51.507_11.924,51.507,11.924,5.47,24.23,26.53,21.03,52.43,46.57,4.42
F53.241_10.432,53.241,10.432,5.4,22.33,65.87,13.03,21.13,52.63,3.77
F52.216_9.528,52.216,9.528,5.07,21.9,13.4,29.37,57.3,57.77,4.04
F51.84_10.108,51.84,10.108,5.6,19.6,19.77,29.5,50.73,35.2,3.23
F53.021_11.691,53.021,11.691,5.3,23.63,71.9,10.27,17.83,48.5,4.56
F51.593_9.424,51.593,9.424,5.5,21.6,25.1,23.53,51.37,43.23,3.87
F53.145_9.898,53.145,9.898,5.37,18.8,70.43,10.13,19.47,42.07,3.82
F52.389_10.723,52.389,10.723,5.33,22.93,48.8,17.3,33.97,43.53,3.85
F52.498_9.293,52.498,9.293,6.0,19.93,64.4,12.47,23.1,37.33,2.94
F52.288_10.358,52.288,10.358,5.37,21.57,30.13,21.77,48.1,42.03,2.88
F53.469_10.05,53.469,10.05,6.0,27.63,42.37,20.77,36.9,79.87,5.62
F52.179_9.349,52.179,9.349,5.2,19.23,26.5,27.03,46.47,46.07,3.73
F51.727_10.941,51.727,10.941,5.47,22.07,22.37,24.53,53.1,37.63,3.75
F53.115_9.814,53.115,9.814,4.93,19.0,66.63,10.33,23.03,65.7,3.32
F51.687_10.308,51.687,10.308,5.23,20.37,30.87,26.77,42.43,51.5,3.14
F53.057_10.564,53.057,10.564,5.17,20.37,62.3,11.03,26.63,60.13,3.78
F52.228_9.036,52.228,9.036,5.2,19.83,18.73,22.67,58.6,49.6,3.65
F53.136_10.237,53.136,10.237,5.03,18.8,56.63,11.6,31.77,48.87,3.02
F52.464_9.868,52.464,9.868,5.37,20.87,45.5,26.63,27.87,47.7,3.37
F52.107_9.947,52.107,9.947,6.77,20.83,19.8,29.6,50.6,35.07,2.81
F52.517_9.63,52.517,9.63,5.4,19.47,51.8,19.67,28.5,39.47,3.45
F52.096_9.336,52.096,9.336,5.23,18.6,20.1,28.63,51.27,55.87,3.68
F51.716_10.662,51.716,10.662,5.0,26.07,24.3,28.07,47.63,90.83,5.36
F52.082_11.221,52.082,11.221,4.97,25.77,34.23,22.77,43.0,40.63,3.5
F53.308_11.539,53.308,11.539,5.93,21.67,79.67,7.07,13.27,41.37,4.09
F52.253_9.482,52.253,9.482,4.83,24.97,16.5,26.67,56.9,62.83,4.25
F52.002_9.854,52.002,9.854,6.17,19.53,18.13,28.7,53.2,36.03,3.48
F52.267_10.56,52.267,10.56,5.4,23.33,36.37,23.33,40.3,54.3,4.13
F52.839_10.274,52.839,10.274,5.03,18.4,41.87,21.77,36.37,59.37,3.36
F51.824_10.457,51.824,10.457,4.87,25.43,26.53,29.07,44.4,90.77,4.57
F51.923_9.078,51.923,9.078,6.03,19.27,17.43,29.63,52.93,41.8,3.75
F52.342_10.294,52.342,10.294,6.13,22.4,50.33,21.97,27.67,41.2,3.62
F52.32_9.481,52.32,9.481,6.33,20.37,33.9,22.17,43.97,37.17,3.32
F53.078_10.201,53.078,10.201,5.0,17.97,70.53,10.47,19.0,58.0,4.01
F51.575_9.427,51.575,9.427,5.9,20.47,25.73,24.77,49.5,41.93,3.26
F53.24_11.214,53.24,11.214,5.47,20.9,77.23,7.5,15.23,71.3,4.78
F51.609_10.53,51.609,10.53,4.77,26.6,24.0,29.37,46.67,80.0,4.22
F52.239_9.609,52.239,9.609,5.23,18.53,22.5,28.57,48.93,44.13,3.52
F52.195_10.755,52.195,10.755,5.4,18.57,21.07,33.53,45.4,51.57,3.21
F52.408_10.564,52.408,10.564,6.23,22.07,55.23,16.43,28.33,28.0,3.76
F51.971_11.614,51.971,11.614,6.97,23.07,35.0,25.47,39.5,29.73,3.37
F51.535_9.96,51.535,9.96,5.3,20.03,32.7,28.7,38.63,53.5,3.2
F53.154_10.256,53.154,10.256,5.4,18.5,55.8,12.87,31.33,42.57,2.65
F51.564_10.158,51.564,10.158,6.27,20.8,43.9,25.73,30.37,44.47,3.33
F52.281_10.513,52.281,10.513,5.87,21.73,38.77,28.63,32.67,49.77,4.25
F51.94_11.404,51.94,11.404,7.3,24.1,16.5,23.7,59.73,34.4,3.26
F51.796_11.672,51.796,11.672,5.73,24.53,21.17,25.97,52.9,44.17,4.58
F53.283_10.705,53.283,10.705,5.4,18.27,59.73,15.73,24.53,52.73,3.28
F52.282_11.313,52.282,11.313,4.9,21.63,52.77,15.27,31.97,48.07,3.87
F52.036_10.409,52.036,10.409,5.37,24.23,26.2,31.47,42.27,42.17,3.64
F51.619_10.442,51.619,10.442,5.3,20.17,27.87,25.97,46.17,44.73,3.36
F52.407_10.487,52.407,10.487,5.07,21.1,56.6,17.7,25.7,49.2,3.24
F53.166_9.952,53.166,9.952,5.13,19.23,40.0,17.27,42.7,54.77,3.54
F53.043_11.422,53.043,11.422,6.1,22.53,71.33,9.87,18.8,34.4,3.6
F52.499_9.715,52.499,9.715,5.37,19.57,55.3,19.1,25.57,40.77,3.32
F52.51_10.857,52.51,10.857,4.8,21.37,57.53,16.77,25.67,45.53,3.7
F53.435_9.857,53.435,9.857,4.9,17.7,49.67,14.33,36.0,56.53,3.29
F52.361_9.788,52.361,9.788,5.33,19.23,40.77,22.03,37.2,47.47,3.46
F51.624_10.374,51.624,10.374,6.43,21.33,28.5,28.4,43.13,30.13,2.95
F51.929_10.504,51.929,10.504,5.73,20.9,25.83,32.43,41.7,42.5,3.42
F53.476_10.599,53.476,10.599,6.2,19.17,68.03,12.47,19.47,50.0,2.94
F53.283_10.319,53.283,10.319,6.1,20.93,65.1,13.8,21.1,48.9,3.53
F53.489_9.878,53.489,9.878,5.63,26.07,36.03,26.73,37.23,99.23,6.25
F53.219_10.423,53.219,10.423,5.33,19.43,62.6,11.27,26.1,51.1,3.98
F52.988_9.536,52.988,9.536,5.63,21.8,74.83,8.97,16.23,48.23,3.77
F53.253_11.99,53.253,11.99,5.4,21.2,74.2,7.63,18.13,53.13,4.16
F53.127_9.901,53.127,9.901,5.33,20.27,74.9,9.1,16.0,56.2,3.84
F52.338_10.732,52.338,10.732,4.97,21.37,49.13,17.67,33.17,46.57,3.91
F52.575_10.088,52.575,10.088,6.27,18.3,68.73,14.7,16.57,40.47,3.09
F53.22_11.35,53.22,11.35,6.0,21.57,73.9,8.33,17.77,35.13,3.42
F51.618_11.228,51.618,11.228,6.73,22.2,16.67,28.2,55.13,29.27,3.18
F52.227_10.561,52.227,10.561,5.43,23.53,39.73,24.97,35.27,50.1,4.04
F52.046_10.203,52.046,10.203,5.33,19.3,18.97,31.87,49.13,46.67,3.3
F52.3_10.551,52.3,10.551,5.63,23.77,45.6,21.87,32.5,36.73,3.7
F51.819_9.373,51.819,9.373,5.27,22.13,12.87,30.5,56.63,49.57,3.7
F52.366_9.27,52.366,9.27,6.17,22.2,40.67,18.73,40.57,38.9,3.46
F53.131_9.755,53.131,9.755,5.3,19.1,73.87,8.4,17.73,62.83,3.56
F53.355_9.719,53.355,9.719,5.17,19.07,72.5,8.77,18.7,58.33,3.77
F52.061_10.517,52.061,10.517,5.27,23.07,25.53,29.17,45.3,45.07,4.26
F53.033_9.223,53.033,9.223,5.17,20.67,63.77,14.53,21.73,58.7,3.48
F52.48_9.467,52.48,9.467,5.23,22.23,53.5,19.5,27.03,42.83,3.63
F51.783_11.962,51.783,11.962,6.2,21.43,52.93,18.93,28.13,32.8,3.39
F52.432_9.893,52.432,9.893,5.6,19.3,48.73,22.8,28.5,39.63,3.39
F51.737_11.014,51.737,11.014,5.57,22.97,21.93,27.77,50.27,40.57,3.63
F52.431_9.232,52.431,9.232,5.77,20.8,40.5,21.3,38.17,37.07,3.58
F52.92_9.999,52.92,9.999,5.57,21.0,74.37,9.83,15.8,44.93,3.84
F52.282_10.766,52.282,10.766,5.33,22.9,39.9,19.57,40.53,52.0,3.67
F52.252_10.52,52.252,10.52,5.9,22.93,34.2,23.93,41.83,48.37,4.61
F53.273_11.544,53.273,11.544,5.7,20.5,76.57,6.97,16.47,39.37,3.68
F51.652_11.119,51.652,11.119,5.37,22.43,22.03,29.07,48.93,41.87,4.2
F52.323_10.582,52.323,10.582,5.2,21.87,38.73,27.23,34.0,47.03,3.0
F53.44_9.928,53.44,9.928,5.07,18.3,48.03,16.57,35.37,65.9,3.68
F53.39_11.055,53.39,11.055,5.6,19.8,65.1,12.77,22.2,56.57,4.32
F52.451_10.724,52.451,10.724,5.2,21.87,58.23,16.4,25.33,46.57,3.74
F52.02_10.353,52.02,10.353,6.2,21.33,22.77,31.03,46.2,36.27,3.42
F53.406_10.235,53.406,10.235,5.87,26.8,57.1,15.13,27.77,78.73,4.33
F52.823_9.239,52.823,9.239,5.2,18.83,59.23,13.07,27.73,59.53,3.28
F53.167_10.391,53.167,10.391,5.4,20.37,66.97,13.37,19.67,54.23,4.25
F53.13_9.913,53.13,9.913,5.8,20.43,72.13,9.83,18.0,56.0,4.39
F51.715_11.21,51.715,11.21,5.57,26.53,17.17,26.53,56.3,59.67,4.65
F51.734_9.602,51.734,9.602,4.63,23.27,19.83,25.37,54.8,72.2,4.03
F52.282_10.783,52.282,10.783,5.7,23.1,44.43,21.83,33.73,35.93,4.15
F52.312_9.682,52.312,9.682,5.67,19.47,40.6,23.7,35.67,45.1,3.26
F51.839_10.58,51.839,10.58,5.13,27.67,23.43,28.47,48.07,90.0,4.71
F51.507_9.984,51.507,9.984,5.7,22.33,31.93,24.97,43.07,30.07,2.79
F52.304_10.354,52.304,10.354,5.23,21.5,38.17,21.8,40.03,45.8,3.15
F51.738_9.825,51.738,9.825,5.13,22.73,21.77,33.8,44.4,51.97,3.91
F52.371_9.819,52.371,9.819,5.6,21.63,52.2,19.7,28.2,39.97,4.7
F53.14_9.933,53.14,9.933,5.33,19.73,46.23,14.23,39.57,74.13,3.74
F52.501_9.24,52.501,9.24,5.1,21.23,59.77,14.7,25.53,47.77,3.53
F52.494_9.277,52.494,9.277,5.53,18.77,63.07,16.17,20.8,44.47,3.16
F53.288_10.699,53.288,10.699,5.5,18.27,59.83,17.73,22.43,55.27,3.47
F52.374_9.815,52.374,9.815,5.77,20.8,52.5,18.8,28.73,42.03,3.98
F53.194_10.342,53.194,10.342,5.37,21.43,62.8,11.57,25.6,48.3,3.86
F52.107_10.374,52.107,10.374,6.27,21.47,20.63,27.1,52.27,42.07,2.97
F52.626_10.041,52.626,10.041,5.47,19.2,71.67,12.27,16.03,43.97,3.48
F51.87_10.56,51.87,10.56,5.43,20.6,25.73,30.77,43.53,51.67,3.71
F51.616_9.594,51.616,9.594,5.07,18.77,24.07,30.63,45.27,45.73,3.87
F52.432_9.944,52.432,9.944,5.23,19.37,45.73,28.27,25.97,39.8,3.13
F51.682_9.766,51.682,9.766,4.9,23.33,23.0,27.87,49.17,67.17,4.1
F51.708_10.794,51.708,10.794,4.8,23.1,20.03,28.27,51.7,80.5,4.25
F51.545_9.506,51.545,9.506,4.97,19.6,21.8,29.23,48.97,48.53,3.82
F52.795_10.868,52.795,10.868,5.0,21.17,59.0,13.8,27.23,51.37,4.14
F53.388_9.747,53.388,9.747,5.27,19.7,74.67,9.0,16.33,66.23,3.45
F52.091_9.039,52.091,9.039,5.87,21.97,11.87,25.77,62.4,45.53,4.15
F51.964_10.51,51.964,10.51,5.67,22.27,23.13,30.33,46.5,36.67,3.74
F51.952_10.533,51.952,10.533,5.77,21.67,22.63,28.63,48.77,47.87,3.17
F51.799_11.427,51.799,11.427,7.27,25.33,15.9,24.57,59.53,37.03,4.0
F53.123_9.874,53.123,9.874,5.57,21.23,69.07,10.5,20.4,54.57,4.07
F52.383_9.402,52.383,9.402,6.17,21.03,39.17,21.73,39.13,37.03,3.04
F52.062_9.018,52.062,9.018,5.97,22.67,18.47,27.9,53.63,54.7,4.03
F52.537_9.851,52.537,9.851,5.13,19.13,61.37,17.9,20.77,42.2,3.4
F52.341_10.69,52.341,10.69,6.6,23.47,49.87,19.87,30.27,29.17,3.61
F51.502_9.179,51.502,9.179,6.5,21.57,33.3,29.1,37.6,28.4,2.79
F52.89_10.837,52.89,10.837,6.2,19.37,58.33,14.17,27.5,33.9,3.93
F53.195_9.981,53.195,9.981,5.23,19.5,69.0,9.07,21.93,56.57,3.92
F51.587_9.612,51.587,9.612,5.33,17.0,23.67,27.43,48.9,61.23,3.72
F52.356_9.779,52.356,9.779,5.37,19.57,39.23,24.03,36.77,43.57,3.31
F53.431_9.865,53.431,9.865,4.9,17.9,47.07,13.13,39.83,75.9,3.47
F52.264_9.611,52.264,9.611,5.8,19.73,21.87,24.8,53.33,33.47,3.04
F52.48_9.277,52.48,9.277,5.37,20.27,62.23,15.2,22.6,50.4,3.1
F51.595_10.602,51.595,10.602,5.53,23.33,26.13,29.8,44.03,52.17,4.16
F52.94_9.075,52.94,9.075,5.6,23.8,58.8,13.5,27.7,76.4,4.99
F53.243_10.71,53.243,10.71,5.43,17.57,56.7,13.93,29.43,65.3,3.28
F51.745_10.897,51.745,10.897,5.53,21.47,21.03,27.8,51.13,69.57,4.31
F52.272_10.598,52.272,10.598,5.2,23.43,35.83,26.03,38.1,45.6,4.13
F52.321_9.766,52.321,9.766,5.83,21.07,44.3,24.27,31.43,36.53,3.17
F52.299_10.356,52.299,10.356,5.2,21.2,34.53,21.0,44.43,44.53,3.1
F53.349_9.612,53.349,9.612,5.4,19.8,73.9,8.57,17.6,71.6,3.68
F52.338_9.872,52.338,9.872,5.03,19.37,39.1,25.4,35.47,35.07,2.93
F51.679_10.193,51.679,10.193,5.27,22.3,32.23,21.4,46.4,46.47,3.4
F52.321_10.433,52.321,10.433,6.13,21.33,51.37,23.8,24.87,33.33,3.32
F52.515_10.699,52.515,10.699,4.87,20.53,57.6,14.1,28.3,49.37,3.21
F52.525_10.126,52.525,10.126,6.33,20.73,44.5,20.3,35.13,34.57,3.35
F52.073_10.006,52.073,10.006,5.57,20.53,25.03,31.53,43.4,36.57,3.24
F52.19_9.608,52.19,9.608,5.67,20.67,23.03,25.33,51.63,33.6,2.94
F52.472_9.426,52.472,9.426,5.33,22.67,48.43,22.7,28.87,45.6,3.97
F52.534_9.72,52.534,9.72,5.33,22.0,46.17,23.83,30.0,45.47,3.53
F52.297_10.624,52.297,10.624,5.33,24.43,48.2,17.1,34.7,56.23,4.86
F52.223_10.526,52.223,10.526,6.27,22.53,36.4,24.6,39.0,35.03,5.03
F52.17_9.38,52.17,9.38,4.7,23.1,17.43,26.43,56.17,66.47,4.29
F52.388_9.703,52.388,9.703,5.83,22.9,49.9,21.9,28.2,45.37,3.76
F53.063_11.821,53.063,11.821,5.47,22.7,76.33,8.57,15.07,37.63,3.73
F51.752_9.926,51.752,9.926,6.63,21.43,31.17,22.0,46.83,32.43,2.87
F52.133_9.351,52.133,9.351,5.33,19.4,17.8,26.53,55.7,46.8,3.76
F51.689_11.213,51.689,11.213,5.13,22.27,16.2,28.33,55.47,44.43,3.36
F52.934_10.28,52.934,10.28,5.77,19.9,61.03,8.63,30.3,43.67,3.19
F51.506_11.972,51.506,11.972,6.2,23.0,27.53,22.77,49.73,38.1,4.02
F52.093_9.909,52.093,9.909,5.5,18.7,23.13,32.77,44.1,45.77,3.27
F53.166_9.926,53.166,9.926,5.13,19.1,66.5,11.43,22.03,67.83,3.25
F51.881_10.541,51.881,10.541,5.83,20.2,24.9,28.7,46.43,40.93,3.35
F53.091_10.582,53.091,10.582,5.33,19.0,66.7,10.77,22.53,52.43,3.3
F51.874_10.651,51.874,10.651,4.8,24.2,20.87,27.3,51.83,75.93,4.18
F52.486_9.441,52.486,9.441,5.77,21.8,50.5,21.83,27.67,42.3,3.34
F52.366_10.328,52.366,10.328,5.33,20.23,50.87,17.6,31.57,42.33,3.4
F51.578_10.137,51.578,10.137,6.67,22.6,48.1,23.63,28.23,32.03,3.6
F51.771_11.865,51.771,11.865,6.47,21.33,38.53,22.13,39.3,36.03,5.37
F51.563_10.71,51.563,10.71,5.27,20.47,19.2,30.4,50.37,38.77,2.95
F53.175_10.998,53.175,10.998,5.13,20.73,54.1,11.7,34.23,40.13,3.27
F52.003_9.655,52.003,9.655,5.33,20.1,20.93,28.57,50.47,48.13,4.68
F52.4_10.598,52.4,10.598,5.27,21.87,57.6,17.77,24.6,40.6,3.79
F52.304_10.335,52.304,10.335,6.03,21.57,28.17,23.97,47.87,38.83,3.37
F51.96_9.207,51.96,9.207,5.03,21.97,14.47,26.67,58.9,54.03,3.83
F52.298_10.352,52.298,10.352,5.13,21.5,33.9,21.87,44.23,46.1,3.24
F53.11_9.926,53.11,9.926,5.43,20.53,73.27,8.57,18.13,50.6,4.22
F53.255_10.31,53.255,10.31,5.33,19.5,65.57,10.3,24.13,54.4,3.23
F52.211_9.901,52.211,9.901,5.8,20.1,19.87,27.77,52.33,33.2,2.79
F51.839_10.108,51.839,10.108,5.6,19.6,19.77,29.5,50.73,35.2,3.23
F52.097_10.043,52.097,10.043,6.73,22.47,21.9,28.43,49.63,33.63,3.3
F51.76_9.983,51.76,9.983,6.63,20.27,30.9,22.13,46.87,33.57,2.83
F53.216_10.335,53.216,10.335,5.67,22.13,60.33,14.77,24.97,53.23,4.3
F51.642_9.446,51.642,9.446,5.33,18.93,24.37,31.2,44.4,42.73,3.36
F52.252_10.453,52.252,10.453,5.4,23.17,35.9,22.27,41.87,45.57,3.41
F51.54_11.443,51.54,11.443,5.17,23.97,17.2,25.33,57.43,42.0,3.68
F52.337_10.473,52.337,10.473,5.9,21.7,53.9,20.77,25.33,35.6,3.8
F53.11_10.443,53.11,10.443,5.87,19.27,56.6,11.97,31.43,37.47,2.91
F52.072_10.004,52.072,10.004,5.17,21.33,21.9,32.07,46.03,37.5,3.69
F53.294_9.813,53.294,9.813,5.13,17.43,71.63,10.17,18.23,50.8,3.62
F52.979_11.186,52.979,11.186,6.43,24.0,64.07,13.37,22.6,31.83,4.01
F51.691_10.357,51.691,10.357,6.0,25.43,22.97,25.37,51.63,75.57,4.59
F52.444_10.532,52.444,10.532,5.2,21.4,60.97,16.83,22.2,37.43,3.56
F53.076_11.262,53.076,11.262,5.07,23.43,74.77,8.2,17.07,58.83,4.41
F53.273_10.176,53.273,10.176,5.03,20.47,54.13,12.67,33.2,51.83,3.41
F52.702_10.258,52.702,10.258,5.4,19.7,46.63,19.2,34.13,53.13,3.35
F52.415_10.37,52.415,10.37,6.1,22.27,61.7,12.07,26.23,39.9,3.61
F52.1_10.319,52.1,10.319,5.3,21.73,22.1,30.5,47.4,46.9,3.49
F51.925_10.494,51.925,10.494,5.83,21.17,27.77,31.27,40.97,44.33,3.94
F52.138_10.657,52.138,10.657,5.33,21.17,26.6,27.6,45.77,46.8,3.11
F52.323_9.765,52.323,9.765,5.83,21.07,44.3,24.27,31.43,36.53,3.17
F53.22_10.49,53.22,10.49,6.17,20.3,60.57,12.33,27.1,41.23,3.11
F52.696_9.805,52.696,9.805,5.53,19.27,73.13,11.43,15.43,42.33,3.4
F53.166_9.968,53.166,9.968,5.27,19.67,44.83,17.53,37.63,60.37,3.64
F51.58_10.092,51.58,10.092,5.33,20.0,35.7,18.3,46.03,40.37,2.9
F53.145_9.902,53.145,9.902,5.57,18.8,70.8,10.13,19.07,43.3,4.18
F51.782_9.73,51.782,9.73,5.03,21.9,22.77,28.37,48.87,52.37,3.9
F52.011_9.651,52.011,9.651,5.33,20.8,21.87,27.2,50.9,51.93,4.34
F53.126_9.767,53.126,9.767,5.33,19.93,69.47,8.7,21.83,54.77,4.03
F53.209_9.879,53.209,9.879,5.23,20.7,68.83,12.93,18.23,59.47,3.89
F53.132_10.231,53.132,10.231,5.2,20.17,70.33,7.9,21.77,48.43,3.9
F51.571_10.098,51.571,10.098,5.87,19.4,30.17,22.3,47.53,33.6,2.99
F53.178_10.378,53.178,10.378,5.43,20.13,62.63,13.03,24.33,40.6,3.79
F51.556_10.835,51.556,10.835,5.63,20.97,20.23,27.8,52.0,32.1,3.01
F52.586_10.137,52.586,10.137,5.73,18.3,69.2,13.63,17.17,40.9,3.29
F52.23_10.513,52.23,10.513,5.83,23.2,35.93,25.33,38.7,40.8,5.25
F52.291_10.332,52.291,10.332,5.17,22.67,39.37,19.0,41.67,45.63,3.45
F52.268_10.552,52.268,10.552,5.53,21.83,33.6,26.47,39.93,52.67,4.04
F51.983_9.679,51.983,9.679,5.33,19.67,19.53,28.17,52.3,50.8,3.8
F51.512_10.168,51.512,10.168,6.2,21.3,48.0,19.9,32.1,33.3,3.16
F52.268_11.568,52.268,11.568,6.1,27.27,45.13,19.1,35.8,48.8,4.62
F52.984_11.89,52.984,11.89,5.23,21.1,79.6,9.0,11.4,58.43,5.0
F51.611_11.284,51.611,11.284,5.37,25.7,14.67,20.9,64.43,53.67,4.29
F51.656_11.349,51.656,11.349,5.53,24.27,11.07,25.87,63.1,53.23,4.89
F51.508_11.235,51.508,11.235,5.3,21.97,19.33,24.13,56.53,40.8,3.39
F53.147_9.908,53.147,9.908,5.67,18.3,52.13,12.97,34.9,48.33,3.64
F52.524_9.874,52.524,9.874,5.73,20.07,59.23,18.17,22.6,36.4,3.67
F52.317_10.452,52.317,10.452,6.0,23.17,49.7,22.27,28.03,42.67,3.64
F52.332_9.732,52.332,9.732,5.3,18.47,45.43,27.27,27.3,42.93,3.5
F51.787_10.295,51.787,10.295,4.63,27.9,23.93,25.1,50.97,104.6,4.88
F52.462_9.86,52.462,9.86,5.7,20.97,46.67,26.23,27.1,41.7,3.24
F52.059_10.157,52.059,10.157,5.47,20.57,20.7,32.03,47.3,41.37,3.36
F52.354_9.728,52.354,9.728,5.77,20.4,52.1,23.93,23.97,38.13,3.46
F52.268_10.603,52.268,10.603,5.2,23.53,36.63,23.2,40.17,46.3,4.14
F53.328_11.488,53.328,11.488,5.57,20.7,70.0,7.9,22.07,69.5,4.29
F53.48_10.51,53.48,10.51,5.27,19.03,54.2,20.2,25.6,62.7,2.93
F52.609_10.029,52.609,10.029,5.1,18.07,70.67,12.03,17.3,62.87,2.79
F53.323_10.909,53.323,10.909,6.0,21.23,63.53,14.3,22.2,48.4,3.6
F52.354_9.781,52.354,9.781,5.2,19.47,29.93,22.27,47.87,44.27,3.66
F51.871_11.375,51.871,11.375,5.9,23.93,19.03,29.6,51.37,52.87,5.12
F52.495_10.03,52.495,10.03,5.63,18.27,55.87,19.0,25.13,36.2,2.97
F53.091_9.422,53.091,9.422,5.23,17.8,61.13,14.57,24.27,46.73,2.94
F51.674_10.251,51.674,10.251,5.23,21.83,28.67,28.33,43.0,46.27,3.07
F53.245_10.712,53.245,10.712,5.37,17.63,56.6,14.0,29.4,58.6,3.36
F52.379_9.774,52.379,9.774,5.33,19.27,51.67,18.87,29.4,52.27,3.39
F51.804_9.646,51.804,9.646,4.77,21.97,20.57,26.53,52.9,62.87,3.73
F53.256_10.435,53.256,10.435,5.97,21.8,71.6,10.07,18.37,45.53,3.88
F52.026_10.47,52.026,10.47,5.63,23.03,25.1,26.97,47.9,43.7,3.78
F52.231_10.516,52.231,10.516,6.07,23.53,34.1,27.63,38.3,39.53,5.9
F51.552_9.161,51.552,9.161,6.57,22.13,30.67,27.07,42.27,29.63,3.0
F53.191_10.026,53.191,10.026,5.47,20.4,72.1,9.5,18.4,56.67,4.25
F51.812_10.358,51.812,10.358,4.87,29.33,22.87,26.23,50.9,103.83,5.22
F52.324_10.443,52.324,10.443,5.67,22.1,52.1,20.3,27.6,47.03,3.91
F52.276_10.413,52.276,10.413,6.47,22.43,35.13,25.53,39.33,35.77,3.58
F53.217_10.546,53.217,10.546,5.3,19.03,59.57,15.87,24.57,48.6,3.11
F53.132_10.112,53.132,10.112,5.23,21.7,69.2,8.1,22.7,50.73,3.75
F53.367_11.492,53.367,11.492,5.8,23.0,79.4,7.8,12.83,52.37,3.77
F52.054_10.014,52.054,10.014,5.33,19.77,19.13,26.33,54.53,39.27,2.74
F52.07_10.201,52.07,10.201,5.67,18.83,16.87,30.43,52.7,42.87,3.64
F53.152_9.889,53.152,9.889,5.03,20.27,71.53,10.1,18.33,65.43,3.61
F52.301_9.528,52.301,9.528,6.53,20.8,23.67,24.4,51.93,38.37,3.08
F53.147_10.949,53.147,10.949,5.6,20.93,57.43,15.37,27.2,38.07,3.43
F53.027_11.15,53.027,11.15,6.23,24.93,68.83,11.63,19.6,35.63,4.04
F52.149_10.939,52.149,10.939,5.27,21.57,18.8,30.57,50.63,48.83,3.11
F53.217_10.88,53.217,10.88,5.9,21.73,59.77,12.53,27.77,46.33,3.57
F52.847_11.73,52.847,11.73,4.9,23.93,61.83,13.6,24.57,50.17,3.78
F51.57_10.072,51.57,10.072,5.17,18.43,21.33,10.2,68.47,46.03,3.02
F52.188_9.606,52.188,9.606,5.2,20.67,21.47,26.3,52.23,40.23,2.94
F53.179_9.958,53.179,9.958,5.47,19.3,49.23,14.2,36.53,48.37,4.02
F52.065_10.001,52.065,10.001,5.47,19.73,22.43,33.8,43.73,46.73,3.85
F52.601_10.964,52.601,10.964,5.63,23.53,64.2,12.1,23.77,52.93,4.97
F51.773_9.553,51.773,9.553,4.67,27.0,18.23,28.17,53.6,88.7,4.51
F51.663_11.133,51.663,11.133,5.4,22.47,19.4,34.77,45.83,39.53,3.19
F52.223_10.595,52.223,10.595,6.57,24.8,31.77,20.97,47.3,37.03,4.28
F53.107_10.359,53.107,10.359,4.97,18.13,59.9,14.0,26.1,59.9,2.68
F52.443_9.199,52.443,9.199,5.43,20.23,33.67,21.5,44.87,44.3,3.12
F53.147_9.803,53.147,9.803,5.43,21.67,52.73,11.63,35.6,62.97,3.52
F53.016_11.568,53.016,11.568,6.0,22.27,75.1,9.93,14.97,42.33,3.9
F52.393_9.782,52.393,9.782,5.37,20.07,45.53,25.97,28.53,52.87,3.97
F52.364_9.788,52.364,9.788,5.37,18.97,44.43,21.83,33.77,47.37,3.6
F52.233_11.336,52.233,11.336,6.67,22.3,51.07,18.83,30.1,34.17,3.65
F53.127_9.798,53.127,9.798,5.03,18.73,45.9,14.87,39.2,61.77,3.68
F52.099_11.214,52.099,11.214,5.13,26.1,27.07,23.2,49.73,49.67,3.87
F52.912_9.064,52.912,9.064,5.33,19.67,55.93,13.63,30.43,61.23,4.08
F52.253_10.448,52.253,10.448,6.17,23.33,34.6,23.2,42.27,33.47,3.12
F51.774_9.689,51.774,9.689,5.5,20.33,27.27,28.67,44.07,43.77,3.76
F51.911_10.604,51.911,10.604,6.83,21.97,26.33,33.33,40.37,30.33,2.75
F52.127_9.361,52.127,9.361,5.37,20.87,18.1,30.43,51.43,55.33,3.56
F52.359_9.473,52.359,9.473,6.47,19.93,39.8,22.93,37.23,31.1,3.2
F53.28_10.37,53.28,10.37,5.77,22.83,68.27,11.03,20.67,54.0,3.66
F52.354_9.782,52.354,9.782,5.2,19.47,40.43,23.5,36.1,42.93,3.68
F52.499_10.71,52.499,10.71,4.83,21.43,62.07,12.67,25.27,40.73,3.25
F52.33_11.553,52.33,11.553,4.97,23.1,60.73,12.37,26.93,42.13,3.81
F52.257_9.557,52.257,9.557,5.23,17.7,21.8,28.3,49.87,58.1,3.54
F52.382_9.691,52.382,9.691,5.73,20.6,50.9,20.57,28.47,41.73,3.92
F51.627_10.622,51.627,10.622,5.17,22.77,22.47,32.97,44.63,63.8,3.92
F52.002_9.855,52.002,9.855,6.17,19.53,18.13,28.7,53.2,36.03,3.48
F51.878_10.518,51.878,10.518,4.83,27.17,22.43,27.3,50.27,87.37,4.47
F53.182_9.19,53.182,9.19,5.33,19.27,74.6,7.23,18.17,52.07,2.91
F51.741_10.348,51.741,10.348,4.93,24.63,24.77,27.47,47.77,93.57,5.09
F53.176_9.886,53.176,9.886,5.1,17.53,43.57,16.77,39.67,64.57,3.5
F52.102_9.774,52.102,9.774,5.87,20.17,21.93,22.57,55.5,36.47,3.01
F52.319_10.439,52.319,10.439,6.27,21.67,49.27,21.4,29.33,33.93,3.65
F52.052_10.1,52.052,10.1,5.37,20.67,19.17,30.57,50.23,38.0,3.04
F51.545_9.531,51.545,9.531,5.37,19.93,20.1,23.43,56.5,43.7,3.94
F53.28_11.539,53.28,11.539,5.3,20.37,76.93,7.23,15.8,60.53,3.28
F53.374_10.946,53.374,10.946,5.43,20.77,61.2,13.57,25.23,52.07,3.81
F52.536_10.249,52.536,10.249,5.3,19.03,71.77,9.93,18.3,39.73,3.09
F52.48_9.465,52.48,9.465,5.23,22.37,52.17,20.63,27.2,49.77,3.24
F52.448_10.456,52.448,10.456,4.97,20.17,62.53,16.0,21.43,64.23,3.14
F53.237_9.63,53.237,9.63,5.93,20.83,66.63,9.53,23.83,64.97,4.94
F53.199_9.157,53.199,9.157,5.3,23.03,72.47,7.6,19.93,72.27,3.01
F52.415_10.075,52.415,10.075,6.3,19.3,56.3,18.43,25.2,33.93,3.06
F53.286_10.756,53.286,10.756,6.27,20.63,59.4,17.33,23.27,45.93,3.46
F52.138_9.77,52.138,9.77,6.07,19.9,20.0,25.7,54.3,30.1,3.06
F53.429_10.421,53.429,10.421,5.8,17.5,61.37,14.67,23.93,42.57,2.9
F52.502_10.704,52.502,10.704,4.73,20.5,62.23,12.83,24.97,44.37,3.28
F53.087_9.89,53.087,9.89,5.47,20.5,65.17,10.77,24.13,46.47,3.59
F52.261_10.459,52.261,10.459,5.97,23.37,39.87,23.8,36.33,37.63,3.49
F52.287_9.225,52.287,9.225,5.17,19.4,20.13,30.4,49.47,67.5,3.79
F51.729_10.932,51.729,10.932,5.4,20.8,19.03,26.1,54.87,45.5,3.53
F52.308_10.584,52.308,10.584,5.1,23.03,38.57,27.23,34.17,40.3,3.92
F52.458_10.818,52.458,10.818,5.1,21.77,62.67,14.0,23.33,45.03,3.52
F51.738_11.096,51.738,11.096,5.67,24.87,16.9,28.47,54.63,46.67,4.37
F53.291_9.709,53.291,9.709,5.63,20.57,76.03,7.2,16.77,59.8,3.78
F52.775_9.537,52.775,9.537,5.47,20.67,56.07,15.87,28.1,47.63,3.87
F52.191_9.896,52.191,9.896,5.17,22.5,19.93,25.03,55.07,45.97,3.25
F53.482_10.7,53.482,10.7,5.53,19.57,62.17,15.3,22.57,70.67,2.97
F53.154_10.255,53.154,10.255,5.0,18.47,56.73,13.1,30.13,45.07,2.93
F53.16_10.42,53.16,10.42,5.07,19.77,53.7,13.9,32.4,51.3,3.24
F51.607_9.394,51.607,9.394,5.97,20.9,26.03,29.43,44.57,36.17,3.11
F51.572_10.077,51.572,10.077,5.23,18.7,37.2,18.53,44.27,47.47,3.14
F51.942_9.697,51.942,9.697,4.67,22.83,17.33,26.13,56.5,68.73,4.18
F52.14_9.607,52.14,9.607,4.8,21.23,13.07,30.3,56.63,66.53,3.76
F52.751_9.501,52.751,9.501,6.0,19.83,56.5,16.8,26.7,42.9,3.27
F52.938_9.251,52.938,9.251,5.33,18.23,65.83,14.37,19.77,48.43,3.49
F52.372_9.818,52.372,9.818,5.63,21.07,52.37,19.13,28.5,45.0,4.47
F53.373_11.54,53.373,11.54,5.6,20.03,73.87,7.33,18.77,54.07,3.8
F52.929_9.529,52.929,9.529,5.63,17.33,49.53,13.77,36.7,40.63,4.1
F53.096_10.851,53.096,10.851,5.27,20.93,63.5,14.1,22.43,51.77,3.21
F53.227_10.392,53.227,10.392,5.43,21.53,65.23,12.33,22.47,54.37,3.72
F52.533_10.07,52.533,10.07,6.3,21.83,60.57,19.2,20.23,37.57,3.31
F53.123_11.304,53.123,11.304,5.97,22.17,68.43,12.77,18.77,40.9,3.44
F52.607_11.867,52.607,11.867,6.1,23.17,74.63,12.17,13.17,38.0,4.04
F52.871_11.964,52.871,11.964,5.27,22.27,68.27,12.57,19.17,49.77,4.91
F52.1_11.275,52.1,11.275,6.43,26.07,26.27,25.17,48.57,45.03,4.77
F53.439_9.801,53.439,9.801,5.87,19.53,54.8,10.3,34.9,52.6,3.51
F53.266_10.491,53.266,10.491,5.23,20.03,55.47,13.0,31.53,58.1,3.2
F51.505_11.919,51.505,11.919,5.47,23.8,28.93,21.2,49.87,46.63,4.66
F53.143_9.824,53.143,9.824,5.17,20.13,49.8,13.93,36.2,56.6,3.85
F53.148_10.662,53.148,10.662,5.97,20.23,59.7,13.37,26.93,50.57,3.42
F53.256_10.439,53.256,10.439,5.83,21.43,71.23,10.17,18.6,49.8,3.88
F51.533_10.852,51.533,10.852,5.6,22.97,19.57,26.2,54.2,31.23,3.05
F53.298_9.826,53.298,9.826,5.07,17.9,70.77,10.6,18.63,67.5,3.67
F52.701_10.564,52.701,10.564,5.2,19.67,51.37,17.1,31.5,43.47,3.12
F53.234_10.433,53.234,10.433,5.67,22.93,64.17,13.13,22.67,44.4,3.84
F53.227_10.422,53.227,10.422,5.43,20.93,63.63,13.7,22.67,55.7,4.43
F51.888_10.755,51.888,10.755,6.73,22.33,21.47,27.53,51.0,34.6,3.54
F52.504_10.699,52.504,10.699,4.73,20.2,63.27,13.3,23.4,42.2,3.25
F52.44_9.226,52.44,9.226,5.17,20.73,34.2,23.97,41.83,43.63,3.19
F52.399_10.598,52.399,10.598,5.27,21.87,57.6,17.77,24.6,40.6,3.79
F51.869_10.559,51.869,10.559,5.53,21.6,24.8,26.57,48.63,55.53,3.63
F52.291_9.527,52.291,9.527,6.6,20.8,27.53,25.9,46.53,31.2,3.01
F52.126_10.008,52.126,10.008,5.5,21.33,18.8,25.9,55.33,48.13,3.25
F53.16_9.964,53.16,9.964,5.17,18.87,64.93,12.5,22.5,74.5,3.18
F52.283_9.032,52.283,9.032,5.6,21.57,44.0,16.23,39.73,49.53,3.81
F51.802_10.457,51.802,10.457,4.67,29.07,21.73,27.27,50.97,92.0,4.85
F52.201_10.545,52.201,10.545,5.4,23.87,33.87,26.43,39.73,55.73,4.53
F52.314_10.466,52.314,10.466,6.3,22.07,49.9,21.57,28.5,41.97,3.82
F53.163_11.139,53.163,11.139,6.03,21.73,68.47,10.67,20.9,42.07,3.38
F53.223_10.457,53.223,10.457,5.63,20.97,54.17,15.8,30.03,48.23,3.82
F53.135_10.34,53.135,10.34,5.03,18.9,55.8,18.17,26.03,48.9,2.92
F52.611_10.021,52.611,10.021,5.13,18.27,72.8,10.13,17.07,46.77,2.92
F52.052_9.026,52.052,9.026,5.5,22.1,14.17,20.83,65.0,47.43,4.12
F53.086_11.086,53.086,11.086,5.77,22.37,74.43,9.9,15.7,44.87,4.21
F52.993_11.624,52.993,11.624,5.63,21.8,72.43,10.83,16.73,40.93,3.8
F52.257_9.481,52.257,9.481,4.73,25.53,16.73,25.6,57.63,73.4,4.17
F51.875_10.592,51.875,10.592,4.77,27.4,23.13,26.33,50.57,83.93,5.07
F52.444_10.457,52.444,10.457,5.1,21.6,63.8,15.57,20.67,59.23,3.58
F51.503_10.014,51.503,10.014,6.53,20.13,37.13,34.7,28.17,34.63,3.39
F52.806_9.56,52.806,9.56,5.17,20.23,57.93,13.7,28.43,47.43,3.34
F52.251_11.675,52.251,11.675,6.7,23.17,46.57,21.4,32.0,40.27,4.19
F51.863_10.581,51.863,10.581,4.87,25.93,19.73,25.63,54.63,76.6,4.28
F52.432_9.943,52.432,9.943,5.23,19.37,45.73,28.27,25.97,39.8,3.13
F52.646_9.004,52.646,9.004,5.9,19.67,61.3,15.5,23.23,45.27,2.96
F52.343_10.719,52.343,10.719,5.1,21.7,49.8,17.5,32.7,40.1,3.66
F52.133_9.954,52.133,9.954,6.7,19.83,26.5,26.83,46.67,35.37,3.1
F53.113_10.856,53.113,10.856,5.17,19.7,63.17,11.9,24.93,72.27,3.59
F51.542_9.656,51.542,9.656,5.1,18.6,23.97,24.93,51.1,58.07,4.21
F52.091_9.771,52.091,9.771,6.07,20.7,21.87,25.67,52.47,34.8,3.21
F52.694_9.49,52.694,9.49,6.07,19.77,58.33,16.3,25.37,35.4,3.04
F52.292_9.46,52.292,9.46,5.17,18.27,21.6,31.57,46.83,44.53,3.48
F52.533_10.099,52.533,10.099,5.2,18.73,59.87,15.37,24.77,39.8,3.29
F52.957_10.372,52.957,10.372,5.17,18.9,67.8,11.7,20.5,42.7,2.99
F53.214_10.269,53.214,10.269,5.03,20.03,61.13,14.0,24.87,69.63,3.28
F52.445_9.746,52.445,9.746,5.77,21.07,55.6,21.97,22.47,49.2,3.48
F52.236_10.781,52.236,10.781,5.2,19.3,23.93,32.2,43.87,39.83,3.03
F51.524_10.312,51.524,10.312,5.7,22.33,28.1,23.13,48.8,41.7,3.88
F51.736_11.019,51.736,11.019,5.37,23.1,23.5,28.33,48.13,41.03,3.76
F52.333_10.724,52.333,10.724,4.97,20.9,51.27,19.33,29.37,48.63,3.68
F52.143_9.361,52.143,9.361,5.3,19.1,18.0,27.53,54.43,53.47,3.82
F52.137_9.354,52.137,9.354,5.33,19.43,18.93,26.67,54.4,48.53,3.76
F53.157_9.964,53.157,9.964,5.13,18.67,49.1,14.87,36.03,56.27,3.44
F51.52_10.835,51.52,10.835,6.03,24.4,24.5,27.2,48.3,35.93,3.69
F51.573_11.881,51.573,11.881,6.97,23.6,21.73,25.9,52.37,36.13,4.75
F52.358_9.481,52.358,9.481,6.4,20.53,40.73,23.6,35.67,41.17,3.13
F51.852_10.672,51.852,10.672,5.27,23.13,19.6,27.7,52.63,78.9,4.27
F52.277_10.455,52.277,10.455,5.57,22.33,41.87,21.9,36.27,41.37,3.23
F53.118_9.817,53.118,9.817,5.07,17.6,67.57,10.7,21.73,61.5,3.4
F52.317_9.405,52.317,9.405,5.33,21.0,18.5,28.4,53.07,48.27,3.51
F52.023_10.213,52.023,10.213,5.23,19.43,16.43,34.43,49.1,42.0,3.49
F52.003_9.654,52.003,9.654,5.33,20.1,20.93,28.57,50.47,48.13,4.68
F51.876_11.405,51.876,11.405,7.23,21.53,9.37,25.97,64.63,31.67,3.67
F52.072_10.006,52.072,10.006,5.2,20.13,22.7,32.4,44.93,40.6,3.16
F53.134_9.795,53.134,9.795,5.2,18.13,47.57,12.93,39.43,61.33,3.48
F52.298_10.364,52.298,10.364,5.13,20.83,34.27,23.23,42.53,47.17,3.14
F52.003_9.86,52.003,9.86,5.93,19.67,18.0,30.87,51.13,40.57,3.58
F51.545_9.526,51.545,9.526,5.1,18.87,19.1,23.3,57.6,51.23,4.27
F51.652_9.474,51.652,9.474,5.07,19.53,21.73,24.73,53.53,55.33,3.82
F51.73_10.992,51.73,10.992,5.27,21.1,17.53,27.93,54.5,55.87,4.29
F52.871_10.086,52.871,10.086,5.37,18.2,46.73,21.33,31.93,60.73,3.62
F53.117_9.036,53.117,9.036,5.37,20.53,65.47,12.97,21.53,80.67,5.1
F52.387_9.977,52.387,9.977,6.07,21.27,48.83,27.1,24.1,33.17,3.26
F53.275_10.713,53.275,10.713,5.3,18.2,59.47,16.17,24.37,36.77,3.0
F52.414_10.376,52.414,10.376,6.13,22.13,63.1,11.83,25.03,34.87,3.75
F52.311_10.464,52.311,10.464,5.97,22.4,51.03,19.63,29.3,38.9,3.61
F52.187_9.607,52.187,9.607,5.3,20.67,22.1,26.9,50.97,44.07,2.96
F51.998_9.847,51.998,9.847,5.77,19.6,21.07,30.77,48.2,44.5,4.0
F53.237_10.706,53.237,10.706,5.43,18.67,56.5,13.13,30.37,58.63,3.31
F53.228_9.865,53.228,9.865,5.23,23.6,69.87,11.67,18.43,61.83,4.18
F51.857_10.628,51.857,10.628,4.67,26.57,21.3,24.5,54.1,77.17,4.37
F52.787_10.163,52.787,10.163,5.13,17.37,54.33,18.43,27.27,64.8,3.74
F53.254_10.356,53.254,10.356,5.9,21.97,65.23,10.8,23.97,49.33,3.76
F51.65_11.023,51.65,11.023,5.73,21.1,18.33,30.37,51.33,37.27,3.45
F52.374_10.207,52.374,10.207,6.3,20.13,57.0,16.8,26.23,32.1,2.94
F52.254_9.061,52.254,9.061,5.73,19.97,28.87,21.03,50.13,42.13,3.03
F53.275_10.746,53.275,10.746,5.57,17.57,68.27,12.77,18.97,54.27,3.54
F51.856_10.675,51.856,10.675,5.67,21.87,22.83,26.47,50.67,57.6,3.5
F52.17_10.32,52.17,10.32,5.83,24.1,18.4,26.4,55.17,41.43,3.95
F52.121_10.336,52.121,10.336,5.4,20.6,23.47,32.43,44.1,34.47,3.28
F52.627_10.095,52.627,10.095,6.0,20.77,66.13,14.23,19.7,44.27,2.93
F52.284_10.512,52.284,10.512,5.43,21.47,39.5,28.07,32.4,52.6,4.4
F53.054_10.817,53.054,10.817,5.6,20.47,61.13,11.17,27.73,42.57,3.27
F51.738_11.218,51.738,11.218,6.7,24.5,13.3,24.77,61.93,36.97,4.27
F52.517_10.62,52.517,10.62,5.07,20.7,65.57,14.43,20.0,41.17,3.55
F52.256_10.599,52.256,10.599,5.2,23.37,38.3,25.2,36.5,47.63,4.16
F52.393_10.534,52.393,10.534,5.3,20.27,57.63,19.23,23.13,43.5,3.08
F53.14_9.969,53.14,9.969,5.03,18.53,62.53,13.13,24.33,65.7,3.53
F52.757_9.309,52.757,9.309,5.73,19.43,68.97,10.1,20.97,39.83,3.08
F53.18_9.952,53.18,9.952,5.13,16.8,65.47,13.1,21.47,61.43,3.21
F53.099_10.338,53.099,10.338,5.0,19.93,65.13,10.53,24.4,62.17,4.02
F51.502_9.542,51.502,9.542,4.8,21.47,23.93,23.73,52.33,59.1,3.65
F52.255_10.524,52.255,10.524,5.5,22.47,37.63,26.07,36.3,57.1,5.16
F51.742_10.892,51.742,10.892,5.63,21.8,22.57,29.97,47.47,58.33,3.87
F51.564_10.155,51.564,10.155,6.43,21.07,47.23,19.93,32.8,32.53,3.13
F51.812_10.352,51.812,10.352,5.1,30.67,23.33,25.9,50.73,91.83,5.15
F51.68_11.258,51.68,11.258,5.37,23.0,19.03,22.0,58.97,49.13,4.25
F52.574_10.707,52.574,10.707,5.03,21.13,55.17,16.53,28.33,44.23,3.18
F52.096_11.286,52.096,11.286,6.23,24.5,24.6,24.67,50.77,58.8,5.2
F53.156_9.822,53.156,9.822,5.6,22.2,69.77,11.6,18.63,55.13,3.99
F51.785_9.906,51.785,9.906,6.63,21.73,34.6,25.77,39.63,45.23,3.35
F51.812_11.15,51.812,11.15,6.9,25.67,16.7,26.1,57.23,33.5,3.6
F51.727_10.996,51.727,10.996,5.27,21.93,18.0,26.43,55.6,54.2,3.93
F52.337_9.869,52.337,9.869,5.1,18.87,39.77,27.4,32.83,37.27,2.97
F52.313_10.466,52.313,10.466,5.87,21.97,48.3,20.93,30.77,35.5,3.69
F52.637_11.83,52.637,11.83,6.23,22.6,75.67,9.37,14.97,38.4,3.79
F52.196_9.304,52.196,9.304,5.13,19.07,24.13,28.03,47.83,52.9,3.79
F52.445_9.214,52.445,9.214,5.33,19.2,32.47,28.03,39.47,44.07,3.48
F52.449_10.812,52.449,10.812,5.27,22.67,62.8,14.1,23.1,47.37,3.67
F52.683_9.744,52.683,9.744,5.53,20.6,65.73,12.6,21.67,43.03,3.8
F52.258_10.581,52.258,10.581,6.1,22.33,38.33,25.87,35.83,35.5,4.18
F53.265_10.492,53.265,10.492,5.23,19.67,62.0,13.27,24.7,52.5,3.09
F53.348_9.926,53.348,9.926,5.0,18.5,48.8,13.13,38.03,51.5,3.5
F52.05_10.486,52.05,10.486,6.73,21.57,26.83,27.33,45.83,35.1,3.35
F52.474_10.347,52.474,10.347,5.8,19.0,66.17,14.37,19.47,41.83,2.81
F53.233_10.815,53.233,10.815,4.97,19.1,55.43,14.7,29.87,49.17,2.83
F52.285_10.51,52.285,10.51,5.53,21.8,40.17,27.7,32.13,51.63,4.44
F52.207_9.195,52.207,9.195,4.97,21.43,17.37,22.7,59.93,60.53,3.81
F53.277_10.697,53.277,10.697,5.23,18.5,58.13,14.67,27.17,47.7,3.37
F52.229_10.513,52.229,10.513,5.83,23.2,35.93,25.33,38.7,40.8,5.25
F53.142_9.919,53.142,9.919,5.7,18.87,52.07,11.27,36.63,42.93,3.77
F51.653_10.729,51.653,10.729,4.77,27.0,22.3,27.73,50.0,72.33,4.75
F52.215_10.508,52.215,10.508,6.07,23.67,33.93,26.6,39.5,37.97,4.77
F51.508_11.896,51.508,11.896,5.4,22.67,19.87,23.07,57.07,47.2,4.37
F52.485_9.673,52.485,9.673,5.27,19.17,49.07,22.2,28.7,53.5,3.43
F52.28_10.805,52.28,10.805,4.97,23.63,50.13,17.83,32.07,48.07,4.54
F51.787_11.092,51.787,11.092,5.93,22.97,16.13,28.2,55.67,43.7,4.73
F52.547_10.152,52.547,10.152,5.87,21.23,69.33,12.83,17.87,46.9,3.74
F52.324_10.459,52.324,10.459,5.8,21.6,47.93,22.33,29.73,45.37,3.5
F51.808_11.04,51.808,11.04,6.33,24.23,15.9,23.57,60.53,44.93,3.84
F51.733_9.608,51.733,9.608,4.67,22.87,22.4,24.1,53.47,69.8,4.38
F53.154_9.829,53.154,9.829,5.43,21.63,72.2,10.77,17.0,63.7,4.55
F52.019_10.466,52.019,10.466,6.87,21.67,27.83,26.23,45.93,33.13,3.86
F53.141_10.23,53.141,10.23,5.07,19.13,61.23,11.13,27.7,46.97,3.19
F53.196_9.152,53.196,9.152,5.6,23.27,70.53,8.97,20.47,67.43,3.49
F52.614_10.014,52.614,10.014,5.17,18.0,73.1,10.23,16.7,50.47,2.99
F52.39_9.768,52.39,9.768,5.37,19.33,43.77,26.47,29.8,46.93,4.67
F51.501_11.909,51.501,11.909,5.4,22.33,26.1,21.23,52.67,48.67,5.11
F51.817_11.193,51.817,11.193,6.03,24.9,16.9,23.67,59.43,50.13,4.43
F51.822_10.798,51.822,10.798,5.37,21.1,25.07,30.7,44.2,44.83,3.38
F52.335_9.321,52.335,9.321,5.27,20.97,28.93,28.37,42.7,48.47,3.67
F51.774_10.624,51.774,10.624,4.57,30.27,28.4,23.5,48.17,99.23,5.25
F53.26_10.431,53.26,10.431,5.77,20.37,72.67,10.4,16.97,50.6,4.12
F51.769_9.028,51.769,9.028,4.87,23.87,15.53,32.57,51.9,64.07,3.82
F53.042_11.432,53.042,11.432,5.8,21.73,72.07,9.53,18.4,47.73,3.97
F53.058_11.426,53.058,11.426,5.83,20.87,69.47,9.6,20.9,40.1,3.57
F52.329_10.714,52.329,10.714,5.03,21.1,52.97,17.73,29.3,51.8,3.59
F53.238_10.622,53.238,10.622,5.7,19.37,65.67,12.13,22.2,44.27,3.75
F53.182_10.542,53.182,10.542,5.97,21.4,64.53,11.53,23.93,49.93,3.34
F52.345_9.078,52.345,9.078,5.27,20.87,42.03,16.67,41.33,62.17,3.98
F52.274_10.957,52.274,10.957,6.07,22.2,41.1,20.9,38.03,33.07,4.18
F52.654_10.023,52.654,10.023,5.33,19.53,68.03,13.8,18.17,47.7,2.92
F52.456_10.354,52.456,10.354,5.7,19.83,60.6,18.63,20.77,34.87,2.86
F53.115_10.12,53.115,10.12,5.5,19.83,52.7,16.1,31.2,45.0,4.13
F51.589_10.582,51.589,10.582,5.33,21.33,30.27,30.03,39.7,48.8,3.57
F52.687_10.583,52.687,10.583,6.3,20.63,60.5,11.07,28.47,37.37,3.44
F51.608_11.354,51.608,11.354,5.5,22.83,17.93,24.9,57.2,53.77,3.94
F52.443_9.761,52.443,9.761,5.53,21.03,54.87,21.03,24.1,47.47,3.79
F51.537_10.947,51.537,10.947,5.6,23.03,17.2,27.03,55.77,34.47,3.44
F52.135_9.352,52.135,9.352,5.37,19.13,19.37,25.87,54.77,46.77,3.93
F52.52_9.921,52.52,9.921,5.7,19.7,53.37,23.13,23.53,39.23,3.19
F53.12_9.906,53.12,9.906,5.83,22.67,70.07,9.87,20.07,60.73,4.64
F51.774_9.411,51.774,9.411,5.73,19.5,22.37,24.63,53.0,34.4,3.17
F52.09_9.362,52.09,9.362,6.43,18.53,34.87,22.03,43.13,33.37,2.69
F52.255_9.644,52.255,9.644,6.0,20.43,21.33,25.0,53.7,29.73,2.64
F52.261_10.603,52.261,10.603,5.27,23.03,42.23,24.4,33.4,42.83,3.57
F52.06_10.779,52.06,10.779,6.77,21.1,44.37,22.87,32.73,34.7,3.89
F53.195_10.447,53.195,10.447,5.6,19.3,67.8,12.47,19.73,41.47,3.0
F53.271_10.686,53.271,10.686,5.3,18.63,57.37,14.83,27.77,42.1,3.1
F52.287_9.029,52.287,9.029,6.0,22.73,41.07,18.9,40.03,59.67,4.5
F52.282_10.754,52.282,10.754,5.8,23.37,39.7,20.37,39.97,35.83,3.26
F53.361_10.427,53.361,10.427,5.77,20.13,53.67,18.8,27.5,53.53,3.48
F53.275_10.962,53.275,10.962,5.57,21.83,69.93,11.03,19.03,53.9,3.56
F53.328_9.96,53.328,9.96,5.07,21.17,57.97,10.37,31.63,69.47,3.14
F52.959_11.333,52.959,11.333,6.13,23.23,74.57,9.7,15.73,43.6,4.21
F52.359_9.785,52.359,9.785,5.33,19.37,40.2,22.43,37.37,45.77,3.48
F52.401_10.229,52.401,10.229,5.77,19.33,46.4,18.83,34.8,31.67,3.03
F51.592_10.596,51.592,10.596,5.53,24.07,27.03,29.6,43.37,57.73,4.0
F52.351_9.766,52.351,9.766,5.2,18.8,43.53,25.67,30.83,44.27,3.57
F53.274_10.714,53.274,10.714,5.3,18.2,59.47,16.17,24.37,36.77,3.0
F51.674_11.04,51.674,11.04,5.6,20.37,18.93,26.37,54.67,49.97,3.66
F52.249_10.443,52.249,10.443,5.87,22.47,36.1,25.27,38.63,38.63,3.18
F51.683_9.915,51.683,9.915,5.83,20.9,33.17,31.0,35.83,38.83,3.38
F51.965_10.419,51.965,10.419,5.43,19.47,26.23,32.23,41.57,43.0,3.72
F52.232_9.035,52.232,9.035,5.53,19.53,15.23,26.73,58.03,49.4,3.54
F53.273_9.868,53.273,9.868,5.13,22.1,63.53,13.03,23.4,69.3,3.71
F53.397_11.299,53.397,11.299,5.57,22.0,69.3,10.93,19.7,63.73,3.39
F53.261_11.512,53.261,11.512,5.93,23.6,77.13,8.63,14.23,36.0,3.34
F52.682_9.729,52.682,9.729,6.17,21.63,56.87,16.57,26.57,44.23,3.97
F51.583_10.444,51.583,10.444,5.5,23.57,27.87,33.67,38.47,53.8,3.43
F51.873_10.558,51.873,10.558,5.43,20.83,23.03,26.13,50.83,54.4,3.48
F53.307_10.992,53.307,10.992,5.87,19.73,70.9,11.43,17.63,52.07,4.09
F51.705_11.241,51.705,11.241,5.4,24.97,16.57,29.7,53.73,62.6,4.28
F52.25_10.526,52.25,10.526,5.43,22.67,37.23,26.4,36.37,57.9,5.27
F51.706_11.248,51.706,11.248,5.5,25.37,16.67,29.33,53.93,58.57,4.57
F53.168_10.989,53.168,10.989,5.17,20.37,55.5,14.3,30.17,47.93,2.92
F52.987_10.592,52.987,10.592,5.53,20.27,65.4,10.63,23.97,57.73,3.2
F51.719_10.974,51.719,10.974,5.27,22.73,18.77,24.43,56.8,52.43,4.07
F52.189_10.838,52.189,10.838,5.03,20.3,20.57,29.8,49.63,39.07,2.99
F52.167_10.809,52.167,10.809,5.4,22.77,34.17,29.3,36.63,37.2,3.32
F52.529_9.88,52.529,9.88,5.37,19.3,62.07,16.07,21.87,42.77,3.92
F53.099_10.129,53.099,10.129,5.3,18.97,64.67,11.53,23.77,45.7,3.36
F51.691_9.511,51.691,9.511,5.67,20.5,22.07,26.77,51.13,53.57,3.86
F53.278_10.701,53.278,10.701,5.43,19.57,58.93,15.43,25.67,57.0,4.45
F53.148_9.908,53.148,9.908,5.3,19.27,49.97,12.6,37.43,58.2,3.37
F53.135_10.8,53.135,10.8,5.3,18.67,60.5,15.73,23.8,50.13,2.87
F53.471_10.047,53.471,10.047,6.17,26.3,48.3,18.37,33.33,79.4,4.85
F53.179_10.995,53.179,10.995,5.33,22.3,56.9,12.83,30.27,50.1,3.78
F53.461_11.572,53.461,11.572,5.7,20.4,71.97,7.27,20.77,50.77,3.84
F53.234_10.807,53.234,10.807,5.13,19.0,56.63,13.97,29.37,44.6,2.92
F53.156_9.077,53.156,9.077,5.33,18.73,69.57,10.77,19.6,70.6,4.4
F52.298_9.601,52.298,9.601,6.67,20.4,23.57,25.37,51.07,32.7,3.0
F53.219_9.803,53.219,9.803,5.3,21.57,65.67,10.33,24.0,80.63,4.24
F51.822_10.783,51.822,10.783,5.3,22.03,23.5,28.53,47.93,45.63,3.12
F52.383_9.761,52.383,9.761,5.3,19.3,47.53,20.97,31.5,53.13,3.71
F51.65_9.433,51.65,9.433,5.5,18.83,22.67,26.7,50.63,39.4,3.6
F51.535_9.361,51.535,9.361,5.4,20.4,28.03,27.73,44.2,49.8,3.17
F51.515_11.921,51.515,11.921,5.8,22.97,31.23,23.57,45.2,43.8,4.2
F52.229_10.192,52.229,10.192,6.93,20.13,23.33,23.97,52.7,30.17,3.33
F51.686_11.306,51.686,11.306,5.17,22.6,17.27,23.33,59.33,47.43,3.46
F51.983_10.546,51.983,10.546,6.93,21.93,25.53,29.4,44.97,38.83,3.89
F52.286_10.767,52.286,10.767,5.3,23.07,40.23,19.87,39.93,48.1,3.59
F53.069_10.001,53.069,10.001,5.13,18.67,68.83,9.67,21.47,59.03,3.39
F52.717_10.473,52.717,10.473,5.1,21.3,58.97,12.4,28.63,55.23,3.01
F52.127_10.004,52.127,10.004,5.67,21.5,20.47,25.7,53.8,42.1,3.2
F52.274_10.601,52.274,10.601,5.2,22.27,37.37,23.77,38.9,46.83,4.04
F52.388_9.701,52.388,9.701,5.83,22.9,49.9,21.9,28.2,45.37,3.76
F53.054_10.203,53.054,10.203,5.0,17.2,65.03,11.9,23.03,63.3,4.51
F52.505_11.443,52.505,11.443,5.23,21.67,68.9,11.63,19.5,48.2,3.16
F51.522_9.993,51.522,9.993,5.23,21.97,29.93,25.23,44.87,48.57,3.72
F52.11_11.271,52.11,11.271,6.83,25.57,33.67,21.77,44.6,39.7,4.53
F52.293_10.629,52.293,10.629,6.4,24.2,39.47,20.87,39.67,41.5,4.68
F52.012_9.652,52.012,9.652,5.33,20.8,21.87,27.2,50.9,51.93,4.34
F51.635_10.955,51.635,10.955,5.13,22.97,19.03,27.6,53.33,64.63,3.92
F52.271_9.408,52.271,9.408,5.37,19.73,20.37,30.7,48.97,46.4,3.34
F51.847_9.516,51.847,9.516,5.07,21.3,14.1,25.83,60.03,46.43,3.92
F51.902_10.407,51.902,10.407,5.5,22.13,22.53,32.1,45.43,51.37,4.15
F52.941_9.258,52.941,9.258,5.17,18.93,63.0,15.0,22.0,50.6,3.61
F52.083_11.236,52.083,11.236,5.0,25.53,32.9,23.4,43.73,42.0,3.52
F52.444_11.849,52.444,11.849,5.63,22.37,69.43,13.47,17.1,38.13,3.15
F52.264_11.105,52.264,11.105,6.57,22.87,41.0,17.97,41.07,30.17,3.67
F52.934_9.299,52.934,9.299,5.3,17.4,66.7,8.9,24.4,49.17,3.08
F52.562_10.195,52.562,10.195,5.77,22.0,69.83,13.13,17.03,38.23,2.7
F52.529_9.716,52.529,9.716,5.4,20.43,45.83,24.13,30.03,41.33,3.31
F52.164_11.107,52.164,11.107,5.4,23.87,27.9,21.73,50.37,40.3,3.72
F52.242_9.066,52.242,9.066,5.67,18.93,20.6,27.0,52.4,43.37,3.07
F53.433_9.844,53.433,9.844,5.03,19.73,43.47,15.97,40.53,54.3,3.6
F51.783_11.706,51.783,11.706,5.6,24.3,21.67,24.43,53.93,48.47,4.42
F53.176_10.779,53.176,10.779,5.7,19.17,61.27,13.17,25.53,57.1,3.83
F52.29_10.588,52.29,10.588,5.8,23.47,41.7,21.0,37.27,33.37,3.81
F53.14_10.473,53.14,10.473,5.83,19.5,61.7,11.03,27.3,43.0,3.59
F53.053_9.315,53.053,9.315,5.3,18.3,70.13,9.03,20.83,45.33,3.13
F52.382_9.713,52.382,9.713,5.87,20.03,54.3,19.6,26.1,35.63,3.23
F52.113_9.536,52.113,9.536,5.13,19.83,14.9,29.7,55.37,47.57,3.23
F53.345_9.922,53.345,9.922,5.1,18.33,50.0,13.7,36.3,54.07,3.58
F51.537_10.817,51.537,10.817,5.53,21.67,17.3,27.0,55.7,44.47,3.53
F52.11_9.998,52.11,9.998,6.83,22.77,18.97,29.43,51.6,50.77,2.89
F51.687_9.541,51.687,9.541,4.97,20.37,20.53,25.1,54.4,59.23,3.81
F52.355_9.781,52.355,9.781,5.23,19.57,39.0,23.03,38.0,46.1,3.46
F53.139_9.889,53.139,9.889,5.13,19.43,69.27,9.83,20.93,55.2,3.32
F51.949_10.516,51.949,10.516,5.4,21.7,21.67,29.87,48.47,52.0,3.23
F52.533_10.071,52.533,10.071,6.3,21.83,60.57,19.2,20.23,37.57,3.31
F52.882_9.315,52.882,9.315,5.17,20.27,57.07,15.9,27.07,49.4,3.4
F53.224_9.876,53.224,9.876,5.23,22.9,66.37,10.63,23.03,68.57,3.56
F52.538_10.244,52.538,10.244,5.6,18.57,72.23,10.1,17.7,37.63,3.06
F52.302_10.499,52.302,10.499,5.63,23.93,40.3,27.43,32.3,47.63,4.25
F52.982_9.272,52.982,9.272,5.27,19.3,69.73,8.9,21.33,53.97,3.5
F51.501_11.036,51.501,11.036,5.2,24.37,15.9,22.37,61.7,43.57,4.11
F52.505_10.703,52.505,10.703,4.73,20.0,62.93,13.57,23.53,43.4,3.39
F53.092_10.866,53.092,10.866,5.2,21.27,65.3,13.8,20.9,58.7,3.27
F51.652_11.203,51.652,11.203,5.27,20.63,21.17,29.57,49.23,37.07,3.17
F52.165_9.897,52.165,9.897,6.6,20.17,20.77,27.27,51.97,35.07,3.29
F52.388_9.702,52.388,9.702,5.83,22.9,49.9,21.9,28.2,45.37,3.76
F52.247_10.464,52.247,10.464,5.9,22.67,39.67,23.93,36.47,36.4,3.23
F52.142_10.797,52.142,10.797,6.73,21.4,37.43,24.83,37.77,29.97,3.06
F51.745_9.519,51.745,9.519,4.87,25.0,20.53,24.27,55.2,66.17,4.04
F51.697_10.878,51.697,10.878,6.07,28.6,16.8,36.37,46.83,51.5,4.58
F51.755_9.386,51.755,9.386,5.87,21.07,20.9,25.33,53.77,61.0,3.58
F52.968_11.844,52.968,11.844,5.9,22.67,78.67,9.97,11.37,41.97,4.27
F52.59_10.828,52.59,10.828,4.83,20.13,57.6,14.13,28.27,49.27,3.08
F52.68_9.847,52.68,9.847,5.53,20.3,72.57,11.27,16.2,45.77,3.31
F52.507_10.697,52.507,10.697,4.73,20.5,64.53,11.63,23.77,41.13,3.25
F53.159_9.907,53.159,9.907,5.13,18.6,46.73,16.97,36.27,63.23,3.52
F52.276_10.58,52.276,10.58,5.7,24.43,36.43,28.53,34.97,56.33,4.05
F51.736_11.363,51.736,11.363,7.17,25.63,12.77,24.73,62.5,31.4,4.3
F51.524_9.279,51.524,9.279,6.47,23.1,23.07,25.8,51.1,45.0,3.56
F53.072_9.81,53.072,9.81,5.43,22.03,59.47,16.1,24.43,70.7,4.69
F52.137_9.921,52.137,9.921,6.6,20.23,25.3,26.83,47.87,35.77,3.07
F53.387_9.614,53.387,9.614,5.27,20.13,60.77,11.07,28.17,80.6,3.93
F53.028_11.488,53.028,11.488,5.93,22.63,71.4,10.93,17.63,41.3,4.21
F51.777_10.331,51.777,10.331,5.53,29.07,21.63,25.2,53.17,92.53,5.08
F53.253_10.502,53.253,10.502,5.37,19.67,56.07,16.83,27.17,62.5,3.12
F52.093_9.382,52.093,9.382,6.4,19.1,42.5,15.93,41.57,42.97,2.72
F52.229_9.034,52.229,9.034,5.13,19.87,15.13,26.93,57.97,59.17,3.76
F52.298_10.506,52.298,10.506,5.9,24.63,41.13,28.23,30.67,38.83,3.44
F53.148_9.907,53.148,9.907,5.67,19.1,47.87,12.4,39.7,42.23,3.61
F52.283_10.475,52.283,10.475,5.27,23.23,41.07,23.3,35.63,53.07,3.15
F53.141_9.886,53.141,9.886,5.2,18.97,68.4,10.03,21.63,51.57,3.78
F52.137_10.674,52.137,10.674,5.37,20.33,23.43,25.43,51.1,44.93,3.16
F53.219_9.963,53.219,9.963,5.0,20.67,58.9,14.23,26.83,84.57,3.74
F52.874_9.31,52.874,9.31,5.43,21.57,49.4,13.37,37.23,54.13,3.82
F53.193_9.979,53.193,9.979,5.33,19.1,70.6,9.27,20.13,56.0,3.75
F52.483_10.145,52.483,10.145,5.53,19.77,57.63,19.27,23.1,39.43,3.65
F52.264_10.56,52.264,10.56,5.93,22.4,37.4,23.13,39.43,41.0,3.75
F53.157_9.969,53.157,9.969,5.33,18.23,47.17,15.0,37.8,55.6,3.48
F52.474_9.457,52.474,9.457,5.37,22.77,50.03,20.43,29.5,42.57,3.25
F52.313_10.59,52.313,10.59,5.23,23.73,42.1,23.07,34.87,40.9,3.44
F52.135_9.353,52.135,9.353,5.37,19.13,19.37,25.87,54.77,46.77,3.93
F52.249_9.581,52.249,9.581,5.3,19.27,20.5,29.8,49.73,40.73,3.5
F52.617_10.113,52.617,10.113,5.87,19.13,68.7,15.1,16.2,46.93,3.95
F52.588_11.702,52.588,11.702,6.23,25.63,65.9,11.9,22.2,40.93,5.31
F52.433_10.89,52.433,10.89,5.1,22.37,53.0,16.13,30.83,49.97,4.44
F51.839_10.109,51.839,10.109,5.6,19.6,19.77,29.5,50.73,35.2,3.23
F52.124_9.405,52.124,9.405,5.47,20.33,22.33,33.87,43.8,49.73,3.58
F51.869_10.566,51.869,10.566,4.87,23.9,23.17,27.5,49.33,68.87,4.04
F52.765_9.991,52.765,9.991,5.03,19.5,50.87,19.43,29.7,48.0,2.93
F52.554_9.478,52.554,9.478,5.57,19.9,54.67,17.97,27.37,41.47,3.14
F51.731_9.982,51.731,9.982,6.43,19.07,31.43,30.33,38.23,30.07,3.26
F51.558_10.712,51.558,10.712,5.47,20.77,22.1,25.97,51.97,40.53,2.97
F52.594_10.283,52.594,10.283,6.27,21.0,69.33,11.4,19.23,43.73,4.41
F52.333_10.117,52.333,10.117,5.8,20.03,47.9,19.4,32.7,37.87,3.01
F51.716_11.2,51.716,11.2,5.33,25.57,15.77,25.73,58.47,48.37,4.37
F52.592_9.866,52.592,9.866,5.23,20.33,68.47,14.63,16.9,53.2,3.4
F51.758_9.321,51.758,9.321,5.97,23.2,16.13,27.4,56.47,44.97,3.78
F52.4_10.486,52.4,10.486,5.0,21.07,54.27,19.1,26.63,64.43,3.54
F52.262_10.588,52.262,10.588,5.27,23.23,42.0,23.77,34.23,45.87,3.61
F52.186_9.604,52.186,9.604,5.3,19.9,21.77,26.87,51.33,40.37,2.95
F52.001_9.855,52.001,9.855,6.17,19.53,18.13,28.7,53.2,36.03,3.48
F51.515_9.922,51.515,9.922,6.07,19.77,35.17,26.2,38.63,30.97,3.19
F51.588_10.582,51.588,10.582,5.4,21.27,29.33,28.97,41.67,48.83,3.47
F51.964_10.901,51.964,10.901,6.73,22.53,19.37,29.83,50.77,34.2,3.69
F53.436_10.152,53.436,10.152,6.23,24.83,43.63,19.7,36.7,60.6,4.93
F53.45_9.67,53.45,9.67,5.37,18.3,73.2,8.53,18.27,61.8,3.46
F53.221_10.413,53.221,10.413,5.43,20.2,62.2,12.2,25.63,50.53,4.76
F53.309_11.538,53.309,11.538,5.93,21.67,79.67,7.07,13.27,41.37,4.09
F52.498_10.727,52.498,10.727,5.2,21.5,60.43,13.4,26.17,47.07,3.44
F53.175_10.025,53.175,10.025,5.57,21.4,72.1,10.53,17.37,60.67,4.48
F52.441_10.47,52.441,10.47,5.37,21.53,62.6,14.7,22.73,43.03,4.09
F53.164_11.028,53.164,11.028,5.23,21.17,54.63,12.57,32.83,70.03,3.38
F53.462_9.874,53.462,9.874,4.93,19.23,47.03,14.07,38.9,63.07,3.68
F52.154_10.623,52.154,10.623,6.83,22.37,30.97,24.63,44.4,36.63,3.47
F52.33_10.418,52.33,10.418,5.77,22.03,50.53,21.03,28.47,43.13,3.19
F52.141_10.429,52.141,10.429,5.93,23.17,35.37,17.53,47.1,65.63,3.5
F51.974_10.001,51.974,10.001,5.4,20.2,18.37,32.6,49.1,47.63,4.12
F51.748_10.575,51.748,10.575,4.87,29.6,27.6,23.07,49.3,91.1,5.29
F52.276_10.577,52.276,10.577,5.7,24.43,36.43,28.53,34.97,56.33,4.05
F52.236_10.654,52.236,10.654,5.6,22.6,37.6,23.17,39.27,40.07,3.44
F52.18_11.838,52.18,11.838,5.37,24.97,66.4,12.43,21.17,52.5,4.76
F53.211_10.334,53.211,10.334,5.63,21.5,58.9,15.2,25.9,51.03,4.37
F52.937_9.258,52.937,9.258,5.17,18.63,63.53,14.17,22.37,56.93,3.41
F52.26_10.459,52.26,10.459,5.93,23.37,40.1,22.73,37.17,39.73,3.52
F52.243_9.626,52.243,9.626,5.4,19.23,21.73,23.6,54.67,31.67,2.94
F51.521_10.185,51.521,10.185,6.63,21.5,41.83,16.77,41.43,30.37,2.89
F52.391_9.777,52.391,9.777,5.37,18.83,44.67,26.3,28.97,45.67,4.27
F53.104_10.841,53.104,10.841,5.23,17.8,62.5,13.2,24.27,67.47,3.75
F52.268_11.569,52.268,11.569,5.27,27.33,45.13,19.07,35.77,53.17,4.93
F53.187_9.933,53.187,9.933,5.0,16.53,43.4,19.5,37.1,76.6,3.75
F52.441_9.82,52.441,9.82,5.8,21.5,51.37,25.3,23.4,36.93,3.78
F51.562_9.911,51.562,9.911,5.8,22.6,36.63,24.5,38.83,39.9,3.25
F51.78_10.994,51.78,10.994,5.47,25.4,23.73,25.57,50.63,45.93,4.41
F52.262_11.12,52.262,11.12,4.93,22.63,37.5,18.13,44.33,46.97,4.11
F52.72_10.471,52.72,10.471,5.1,21.13,58.6,12.47,28.93,52.03,2.9
F52.547_9.308,52.547,9.308,5.63,20.53,69.33,12.53,18.13,47.5,3.97
F52.216_9.527,52.216,9.527,5.07,21.9,13.4,29.37,57.3,57.77,4.04
F53.05_11.411,53.05,11.411,5.2,21.43,73.63,9.1,17.3,61.77,3.49
F52.103_10.327,52.103,10.327,5.33,20.93,21.57,32.03,46.37,56.2,3.83
F52.273_10.591,52.273,10.591,5.17,22.6,35.5,27.07,37.43,47.43,4.06
F52.146_9.356,52.146,9.356,5.17,20.0,18.4,29.6,52.0,50.9,3.77
F51.742_10.891,51.742,10.891,5.63,21.8,22.57,29.97,47.47,58.33,3.87
F51.777_9.546,51.777,9.546,4.53,25.73,17.83,29.67,52.5,88.67,4.47
F52.119_10.002,52.119,10.002,5.93,21.33,21.3,27.33,51.37,36.93,2.79
F51.545_9.53,51.545,9.53,5.57,18.8,19.53,23.6,56.87,45.37,3.97
F51.753_11.082,51.753,11.082,6.53,24.73,17.13,28.93,53.9,39.03,4.17
F52.591_11.297,52.591,11.297,5.03,22.83,58.1,14.57,27.37,43.97,4.12
F53.017_11.565,53.017,11.565,5.4,22.17,74.0,9.8,16.17,52.57,4.1
F52.688_9.947,52.688,9.947,5.1,18.43,64.8,14.67,20.5,69.0,3.23
F51.72_10.973,51.72,10.973,5.2,22.93,19.6,25.07,55.33,44.53,3.98
F51.534_11.308,51.534,11.308,5.6,24.77,14.6,22.13,63.23,40.0,3.82
F53.14_10.22,53.14,10.22,5.67,18.17,72.43,8.9,18.73,43.4,4.16
F51.881_10.477,51.881,10.477,5.47,20.87,24.73,32.87,42.4,70.2,3.59
F53.2_11.335,53.2,11.335,5.17,20.97,72.77,8.77,18.47,50.57,4.44
F51.564_10.156,51.564,10.156,6.43,21.07,47.23,19.93,32.8,32.53,3.13
F53.32_11.52,53.32,11.52,5.33,21.67,76.43,8.07,15.53,64.1,4.43
F52.597_10.091,52.597,10.091,5.8,19.37,70.53,14.3,15.17,43.63,3.16
F53.202_9.529,53.202,9.529,5.3,22.13,71.97,7.5,20.53,69.3,4.85
F52.99_9.81,52.99,9.81,5.23,17.73,63.6,13.03,23.4,57.93,3.29
F52.332_9.725,52.332,9.725,5.2,19.93,42.03,22.07,35.9,41.83,3.46
F52.197_10.751,52.197,10.751,5.43,18.4,21.73,32.0,46.27,55.57,3.46
F53.136_9.781,53.136,9.781,5.27,20.57,51.4,12.2,36.37,61.9,3.37
F53.139_9.787,53.139,9.787,5.33,19.07,52.03,11.83,36.17,59.87,3.41
F51.569_10.84,51.569,10.84,5.33,22.73,19.37,29.53,51.13,43.0,3.26
F51.507_10.142,51.507,10.142,5.13,19.93,39.43,19.87,40.67,45.8,3.26
F51.871_10.472,51.871,10.472,4.9,22.57,26.03,31.67,42.3,75.97,3.94
F53.178_10.026,53.178,10.026,5.33,20.67,70.43,10.43,19.13,74.17,4.43
F52.706_9.787,52.706,9.787,5.8,18.3,69.93,12.03,18.03,40.87,3.61
F52.732_10.019,52.732,10.019,4.77,17.47,58.87,19.2,21.97,43.77,2.76
F52.935_9.231,52.935,9.231,5.3,21.77,56.27,13.9,29.87,56.17,3.59
F51.509_11.921,51.509,11.921,5.63,23.37,21.1,27.67,51.27,46.17,4.33
F53.148_9.083,53.148,9.083,5.3,19.53,70.5,9.77,19.83,68.0,4.27
F52.911_11.871,52.911,11.871,5.97,21.67,70.57,12.6,16.83,53.13,3.72
F52.033_10.309,52.033,10.309,6.27,20.27,23.17,31.3,45.57,32.7,3.0
F52.211_10.572,52.211,10.572,5.63,24.57,32.63,23.83,43.47,45.53,3.84
F52.387_10.516,52.387,10.516,6.23,21.13,57.87,15.77,26.37,28.6,3.16
F52.703_9.803,52.703,9.803,5.53,19.57,70.5,11.83,17.67,52.67,3.4
F53.113_9.371,53.113,9.371,5.13,18.67,70.67,10.53,18.77,58.67,3.57
F52.939_10.16,52.939,10.16,5.03,20.43,72.23,12.57,15.2,50.53,3.38
F52.458_9.865,52.458,9.865,5.57,20.9,42.23,30.53,27.23,45.57,3.25
F53.444_9.923,53.444,9.923,4.97,18.47,48.4,15.17,36.43,55.53,3.51
F52.818_10.143,52.818,10.143,5.2,20.53,50.47,21.47,28.03,46.53,3.6
F52.412_10.328,52.412,10.328,5.53,22.03,54.5,14.87,30.63,38.6,3.35
F53.225_9.783,53.225,9.783,5.4,20.5,69.47,8.3,22.17,59.53,4.19
F52.347_10.725,52.347,10.725,5.0,21.63,50.5,15.73,33.73,37.43,3.42
F53.159_11.347,53.159,11.347,5.53,22.13,77.13,8.5,14.4,46.6,3.81
F52.258_10.56,52.258,10.56,5.3,22.63,35.73,25.77,38.5,53.1,4.6
F53.373_9.707,53.373,9.707,6.03,17.1,72.27,8.33,19.37,62.5,2.99
F52.263_9.2,52.263,9.2,4.6,23.13,19.0,23.67,57.3,94.53,4.74
F52.251_10.462,52.251,10.462,5.43,23.3,37.57,24.87,37.53,41.2,3.26
F53.018_9.021,53.018,9.021,5.53,21.8,55.97,15.33,28.7,66.73,4.08
F52.437_9.49,52.437,9.49,6.0,23.2,48.93,23.2,27.9,43.03,3.86
F52.493_9.467,52.493,9.467,5.67,22.07,53.17,17.27,29.53,41.23,2.86
F53.342_10.504,53.342,10.504,6.03,24.6,50.8,22.5,26.7,57.4,3.99
F51.96_10.226,51.96,10.226,6.83,22.1,19.3,29.87,50.83,30.47,3.05
F53.166_9.961,53.166,9.961,5.17,19.77,43.33,16.9,39.77,56.8,3.55
F52.804_10.002,52.804,10.002,5.1,20.0,47.0,19.0,34.0,42.83,3.97
F51.562_9.91,51.562,9.91,5.8,22.6,36.63,24.5,38.83,39.9,3.25
F53.475_10.112,53.475,10.112,5.83,26.33,44.83,19.7,35.47,84.4,4.64
F53.235_10.21,53.235,10.21,5.47,22.27,61.87,10.47,27.67,44.03,4.08
F52.266_10.398,52.266,10.398,5.97,22.2,35.8,23.6,40.57,36.43,3.58
F53.193_10.426,53.193,10.426,5.63,19.87,61.37,13.27,25.4,46.97,4.08
F53.454_9.919,53.454,9.919,5.23,17.37,51.07,14.0,34.87,50.67,3.19
F51.736_11.008,51.736,11.008,5.37,22.4,18.63,24.5,56.87,45.93,3.64
F51.749_10.576,51.749,10.576,4.53,28.9,27.17,23.07,49.77,98.3,5.29
F53.079_10.2,53.079,10.2,5.0,17.97,70.53,10.47,19.0,58.0,4.01
F52.279_10.801,52.279,10.801,6.23,23.5,49.83,17.53,32.57,38.5,4.32
F52.767_9.715,52.767,9.715,5.37,18.0,47.17,16.97,35.9,37.73,2.94
F53.316_10.904,53.316,10.904,5.63,19.87,69.73,11.8,18.47,54.57,3.67
F52.13_9.972,52.13,9.972,6.67,21.13,25.23,28.17,46.63,39.33,2.96
F51.509_9.883,51.509,9.883,6.67,20.5,36.13,27.67,36.2,30.6,2.99
F52.306_10.655,52.306,10.655,5.27,23.57,45.8,18.23,36.0,46.2,4.68
F51.843_11.982,51.843,11.982,6.83,23.0,50.43,20.23,29.33,31.1,3.51
F52.14_9.904,52.14,9.904,5.33,19.2,21.8,28.87,49.33,40.77,4.04
F51.686_11.308,51.686,11.308,5.27,22.57,17.97,23.97,58.07,41.43,3.45
F53.154_9.937,53.154,9.937,5.0,18.9,64.23,13.3,22.47,58.57,3.45
F51.643_10.648,51.643,10.648,4.87,25.37,27.37,27.87,44.8,75.53,4.34
F53.224_9.809,53.224,9.809,5.5,24.17,65.6,8.87,25.53,54.13,4.06
F51.744_10.643,51.744,10.643,4.67,31.67,24.57,22.8,52.63,89.3,4.84
F51.685_10.267,51.685,10.267,5.4,21.97,31.7,23.8,44.5,44.77,3.11
F52.588_10.087,52.588,10.087,5.73,19.43,69.4,14.53,16.07,46.37,3.63
F52.255_10.458,52.255,10.458,5.63,23.33,38.37,23.83,37.8,42.03,3.24
F51.781_10.988,51.781,10.988,5.4,25.23,26.43,20.07,53.53,47.27,3.98
F52.569_10.121,52.569,10.121,6.2,18.63,65.33,16.0,18.63,39.67,3.25
F53.382_9.327,53.382,9.327,5.77,20.53,74.2,9.97,15.87,76.73,4.63
F52.658_11.1,52.658,11.1,6.13,24.2,58.07,14.13,27.8,44.4,4.92
F52.26_9.494,52.26,9.494,4.63,20.73,16.57,28.67,54.83,67.53,3.74
F53.264_9.901,53.264,9.901,5.67,23.0,67.73,9.13,23.13,53.13,3.56
F52.316_10.582,52.316,10.582,5.17,22.53,41.43,26.1,32.47,59.83,3.45
F53.137_9.833,53.137,9.833,5.03,20.77,66.17,11.57,22.27,70.4,3.38
F53.46_9.877,53.46,9.877,4.97,18.87,44.1,14.73,41.2,57.57,3.74
F51.682_9.495,51.682,9.495,5.03,20.2,24.13,26.43,49.4,53.53,3.76
F52.12_11.643,52.12,11.643,6.23,24.23,25.07,27.93,47.0,54.83,4.27
F52.336_10.713,52.336,10.713,5.0,21.6,53.77,17.7,28.57,45.77,3.44
F51.898_10.775,51.898,10.775,6.67,22.13,22.27,23.83,53.9,25.43,3.34
F52.389_9.935,52.389,9.935,5.3,18.9,45.3,25.5,29.23,42.53,3.35
F52.287_10.71,52.287,10.71,6.47,23.73,41.77,23.07,35.2,31.0,4.27
F51.773_9.548,51.773,9.548,5.1,25.93,18.93,29.47,51.6,71.73,4.41
F53.123_10.29,53.123,10.29,4.83,19.1,52.5,15.9,31.63,59.97,2.73
F53.058_11.449,53.058,11.449,5.13,21.23,67.93,9.63,22.47,44.9,3.84
F53.296_10.728,53.296,10.728,6.07,19.17,57.3,18.7,24.03,48.67,3.43
F53.26_10.43,53.26,10.43,5.77,20.37,72.67,10.4,16.97,50.6,4.12
F51.733_10.619,51.733,10.619,4.6,28.07,23.03,28.77,48.23,93.17,5.04
F53.265_10.295,53.265,10.295,5.13,17.9,62.73,11.93,25.33,47.57,2.84
F52.199_10.181,52.199,10.181,7.0,21.27,19.87,24.43,55.7,30.4,3.79
F51.896_10.396,51.896,10.396,5.23,23.87,21.1,30.77,48.1,58.77,3.96
F51.541_9.989,51.541,9.989,6.63,20.8,34.4,30.5,35.13,32.07,3.49
F53.145_9.079,53.145,9.079,5.27,19.6,70.4,9.47,20.13,65.43,4.09
F51.682_9.767,51.682,9.767,4.9,23.33,23.0,27.87,49.17,67.17,4.1
F52.137_9.35,52.137,9.35,5.37,19.43,19.1,27.13,53.77,48.03,3.86
F52.307_9.322,52.307,9.322,6.27,20.7,26.23,33.23,40.57,33.93,3.67
F51.87_10.043,51.87,10.043,5.4,22.47,23.63,27.07,49.33,37.4,2.79
F52.358_10.981,52.358,10.981,6.07,22.8,48.67,17.23,34.03,40.0,4.02
F51.825_9.542,51.825,9.542,4.6,24.4,15.53,27.33,57.2,72.6,3.72
F53.281_10.248,53.281,10.248,5.33,19.5,63.33,11.8,24.83,48.53,3.87
F52.661_9.249,52.661,9.249,6.03,20.5,57.47,13.1,29.43,42.27,2.92
F52.932_9.296,52.932,9.296,5.2,17.1,67.43,8.27,24.27,51.43,3.16
F52.474_10.023,52.474,10.023,5.43,18.13,56.27,20.77,22.93,45.13,3.36
F52.37_9.821,52.37,9.821,5.7,22.17,51.93,20.1,27.97,40.6,4.82
F52.342_10.661,52.342,10.661,5.2,22.0,43.8,20.9,35.33,38.63,3.94
F51.721_10.96,51.721,10.96,5.27,21.23,20.87,25.6,53.53,55.4,4.05
F53.247_10.712,53.247,10.712,5.43,18.17,55.97,14.7,29.33,60.03,3.3
F51.672_11.133,51.672,11.133,5.23,22.6,19.6,28.77,51.63,45.3,4.33
F53.014_10.635,53.014,10.635,5.9,21.37,63.7,10.67,25.63,41.87,3.95
F51.57_10.713,51.57,10.713,5.1,21.1,23.13,29.5,47.37,37.17,2.81
F51.811_10.229,51.811,10.229,5.0,23.63,15.4,28.9,55.67,65.03,3.9
F53.138_10.305,53.138,10.305,6.1,19.3,53.67,14.03,32.3,38.97,2.74
F53.41_10.865,53.41,10.865,5.87,20.97,59.07,16.17,24.77,61.6,4.74
F52.194_9.181,52.194,9.181,6.37,18.2,35.07,16.83,48.07,35.47,3.59
F52.497_9.954,52.497,9.954,5.5,19.4,54.9,18.63,26.47,33.47,3.52
F51.501_10.16,51.501,10.16,5.23,22.03,46.57,17.77,35.67,43.93,3.18
F53.288_10.781,53.288,10.781,6.0,27.0,52.3,20.4,27.3,50.23,3.93
F52.783_10.272,52.783,10.272,4.93,19.33,54.53,16.93,28.53,54.33,4.01
F52.345_10.722,52.345,10.722,5.1,21.63,48.5,17.5,34.0,39.7,3.62
F52.247_9.961,52.247,9.961,6.77,19.43,15.47,23.6,60.93,26.87,2.77
F51.877_9.302,51.877,9.302,4.8,23.53,15.33,25.17,59.43,58.03,3.72
F51.723_10.616,51.723,10.616,4.77,27.73,24.03,28.07,47.9,76.13,5.43
F51.93_10.504,51.93,10.504,5.87,21.4,26.5,33.3,40.17,41.83,3.5
F52.097_10.128,52.097,10.128,5.33,21.07,16.5,22.6,60.93,38.1,2.95
F53.387_9.725,53.387,9.725,5.33,18.27,70.47,8.23,21.3,65.7,3.78
F51.557_9.962,51.557,9.962,5.9,19.27,36.83,29.17,34.0,31.5,2.8
F52.184_9.609,52.184,9.609,5.4,20.0,22.5,27.67,49.83,32.7,2.8
F53.273_10.714,53.273,10.714,5.3,18.2,59.47,16.17,24.37,36.77,3.0
F51.501_10.158,51.501,10.158,5.23,22.03,46.57,17.77,35.67,43.93,3.18
F51.795_10.476,51.795,10.476,4.5,31.53,26.8,23.23,49.97,94.73,5.23
F52.932_9.292,52.932,9.292,5.33,20.63,73.1,7.3,19.6,45.9,3.08
F53.459_10.718,53.459,10.718,5.53,20.63,59.2,17.4,23.37,50.57,3.2
F51.96_10.575,51.96,10.575,5.47,22.63,20.4,27.6,52.0,51.87,3.78
F51.847_11.041,51.847,11.041,5.67,23.23,13.87,24.3,61.83,44.3,3.94
F53.16_10.459,53.16,10.459,5.73,18.97,64.63,10.3,25.07,51.87,4.28
F53.235_9.955,53.235,9.955,4.97,19.13,45.57,18.17,36.23,70.93,3.23
F52.134_9.96,52.134,9.96,5.97,20.63,24.87,27.0,48.07,36.4,2.74
F52.337_10.732,52.337,10.732,4.93,21.4,51.03,17.03,31.93,44.0,3.92
F52.186_9.606,52.186,9.606,5.3,19.9,21.77,26.87,51.33,40.37,2.95
F52.28_10.758,52.28,10.758,5.27,23.4,38.53,21.57,39.9,47.47,3.61
F52.285_10.62,52.285,10.62,5.17,23.5,41.73,21.43,36.87,46.1,5.03
F52.431_10.322,52.431,10.322,5.5,21.03,50.93,18.17,30.87,40.63,2.77
F51.745_10.74,51.745,10.74,4.73,23.77,20.6,29.7,49.67,75.17,4.33
F51.752_10.966,51.752,10.966,5.57,22.57,17.33,31.77,50.9,50.37,3.87
F51.886_9.554,51.886,9.554,5.33,21.23,14.37,26.43,59.23,47.37,4.06
F53.18_10.463,53.18,10.463,5.3,18.07,63.57,12.47,23.97,57.2,3.49
F51.533_10.02,51.533,10.02,5.3,19.73,36.13,29.4,34.47,51.77,3.96
F52.366_9.735,52.366,9.735,5.77,21.9,46.9,20.33,32.73,38.67,3.61
F52.28_10.583,52.28,10.583,5.8,22.53,37.27,24.53,38.2,34.17,3.61
F52.572_10.675,52.572,10.675,5.03,20.43,55.67,13.7,30.7,36.0,3.55
F52.27_9.681,52.27,9.681,5.27,19.57,28.57,25.8,45.67,44.1,2.99
F53.225_9.965,53.225,9.965,5.03,19.4,60.63,13.8,25.6,79.53,3.81
F52.156_9.411,52.156,9.411,5.0,18.73,20.03,28.83,51.13,54.67,3.68
F53.162_11.027,53.162,11.027,5.07,21.3,52.7,11.07,36.17,71.33,3.72
F51.634_10.027,51.634,10.027,5.63,20.23,36.47,29.57,33.97,37.77,3.33
F51.85_10.281,51.85,10.281,4.7,24.37,16.97,27.2,55.83,96.3,4.72
F51.736_11.012,51.736,11.012,5.37,22.07,18.77,25.3,55.93,44.9,3.53
F53.233_10.441,53.233,10.441,5.4,21.13,59.77,13.63,26.6,54.1,3.66
F52.355_9.78,52.355,9.78,5.37,19.57,39.23,24.03,36.77,43.57,3.31
F52.79_10.129,52.79,10.129,4.93,20.6,66.63,12.5,20.87,66.77,4.18
F51.752_9.606,51.752,9.606,4.63,24.4,18.67,24.6,56.77,81.5,4.41
F53.117_10.082,53.117,10.082,5.3,21.17,50.77,12.5,36.73,60.4,3.67
F52.682_9.744,52.682,9.744,5.53,20.6,65.73,12.6,21.67,43.03,3.8
F53.178_9.871,53.178,9.871,5.13,19.2,46.87,13.87,39.27,62.37,3.99
F52.253_10.46,52.253,10.46,5.63,23.33,38.37,23.83,37.8,42.03,3.24
F52.895_10.092,52.895,10.092,5.0,17.83,53.93,16.53,29.53,47.37,3.32
F52.089_10.446,52.089,10.446,6.7,23.07,29.17,28.73,42.13,34.1,3.4
F53.451_9.882,53.451,9.882,5.13,17.97,47.77,12.73,39.53,67.9,3.5
F52.271_10.583,52.271,10.583,5.3,23.73,37.0,29.4,33.6,47.67,4.36
F51.724_10.618,51.724,10.618,4.83,27.9,23.87,28.2,47.9,88.37,4.91
F53.05_11.462,53.05,11.462,5.97,23.77,72.43,9.37,18.2,52.7,4.87
F51.89_9.479,51.89,9.479,5.33,21.23,14.07,27.03,58.9,60.37,4.0
F52.995_10.446,52.995,10.446,5.4,21.1,68.03,10.03,21.9,49.4,3.13
F52.229_9.039,52.229,9.039,5.43,19.13,20.17,22.83,57.0,44.9,3.44
F52.793_9.664,52.793,9.664,5.57,20.2,49.83,18.97,31.2,36.8,2.7
F53.016_9.113,53.016,9.113,5.33,21.07,60.7,12.47,26.83,52.87,3.73
F51.526_9.986,51.526,9.986,5.23,20.5,29.5,27.7,42.8,53.37,3.61
F52.131_9.401,52.131,9.401,5.4,21.67,23.67,32.1,44.17,48.33,3.5
F51.786_10.973,51.786,10.973,5.47,23.87,18.4,24.83,56.77,49.07,4.11
F51.572_11.845,51.572,11.845,6.9,21.6,23.47,23.87,52.63,41.5,3.95
F51.718_11.593,51.718,11.593,7.2,19.63,10.6,28.1,61.33,36.67,4.44
F51.677_11.196,51.677,11.196,5.3,22.27,16.7,25.6,57.73,37.5,3.75
F51.501_9.33,51.501,9.33,5.33,22.9,23.27,30.3,46.43,46.87,3.08
F52.187_9.606,52.187,9.606,5.3,20.67,22.1,26.9,50.97,44.07,2.96
F52.186_9.609,52.186,9.609,5.3,20.67,22.1,26.9,50.97,44.07,2.96
F52.446_9.768,52.446,9.768,5.73,21.33,57.1,18.47,24.37,46.9,3.23
F52.279_9.173,52.279,9.173,4.8,21.37,18.63,28.97,52.4,66.77,3.49
F51.503_10.221,51.503,10.221,5.47,20.03,39.17,20.37,40.47,34.87,2.93
F53.267_10.597,53.267,10.597,5.33,19.43,55.7,14.67,29.63,48.53,2.88
F51.513_10.883,51.513,10.883,5.47,24.1,17.87,26.1,56.03,43.07,3.25
F52.363_9.837,52.363,9.837,5.4,22.07,45.83,22.23,31.97,47.43,4.09
F52.19_9.604,52.19,9.604,5.5,20.4,22.47,28.57,48.93,33.83,3.02
F53.242_10.708,53.242,10.708,5.43,17.57,56.7,13.93,29.43,65.3,3.28
F51.746_10.801,51.746,10.801,5.13,26.87,17.13,28.63,54.23,69.83,4.7
F52.499_9.353,52.499,9.353,5.43,19.23,58.63,17.5,23.83,71.47,3.06
F52.457_9.274,52.457,9.274,5.6,21.37,68.63,12.3,19.07,47.97,3.92
F52.4_10.517,52.4,10.517,5.0,21.0,55.2,20.53,24.27,43.03,3.36
F53.064_10.594,53.064,10.594,5.53,19.73,65.93,9.67,24.4,56.97,4.37
F51.538_9.381,51.538,9.381,6.03,21.03,27.8,26.6,45.63,30.27,3.15
F52.569_10.094,52.569,10.094,5.8,17.73,65.93,17.23,16.8,36.7,3.27
F53.158_9.822,53.158,9.822,5.3,21.93,68.1,12.47,19.43,79.3,3.98
F53.241_10.604,53.241,10.604,6.07,19.5,65.7,11.17,23.1,46.77,3.73
F53.256_10.438,53.256,10.438,5.83,21.43,71.23,10.17,18.6,49.8,3.88
F52.074_9.943,52.074,9.943,5.0,19.3,24.43,32.7,42.87,52.93,3.8
F52.449_10.665,52.449,10.665,5.07,22.97,59.07,16.03,24.9,49.57,3.62
F52.372_9.819,52.372,9.819,5.63,21.07,52.37,19.13,28.5,45.0,4.47
F52.613_10.016,52.613,10.016,5.1,17.8,72.43,10.6,16.93,54.7,2.91
F52.727_9.821,52.727,9.821,5.13,18.77,64.8,14.83,20.37,52.93,2.79
F53.01_11.549,53.01,11.549,6.03,22.8,73.33,10.1,16.57,40.93,3.68
F52.365_9.739,52.365,9.739,5.77,20.9,45.63,19.93,34.4,41.9,3.35
F51.658_11.351,51.658,11.351,6.53,25.77,16.13,25.77,58.07,51.67,4.52
F53.247_9.844,53.247,9.844,5.53,22.77,69.57,9.67,20.8,52.27,3.54
F52.948_10.484,52.948,10.484,6.0,19.3,66.13,9.07,24.77,36.07,3.52
F52.612_10.021,52.612,10.021,5.13,18.27,72.8,10.13,17.07,46.77,2.92
F52.471_9.775,52.471,9.775,5.9,20.3,61.27,15.7,23.03,55.33,3.18
F52.49_9.674,52.49,9.674,5.9,19.93,49.4,20.7,29.93,36.8,3.54
F52.13_9.12,52.13,9.12,5.97,21.57,17.1,24.13,58.77,45.83,3.79
F51.995_9.992,51.995,9.992,5.63,19.87,18.93,33.8,47.27,48.83,3.94
F51.734_11.032,51.734,11.032,5.13,22.17,21.43,27.5,51.07,40.77,3.76
F52.796_10.339,52.796,10.339,4.83,17.27,44.37,20.23,35.37,64.5,3.74
F53.198_11.047,53.198,11.047,5.47,21.07,75.0,8.97,16.03,51.6,3.84
F52.537_9.773,52.537,9.773,5.53,18.43,67.13,13.5,19.37,41.23,2.89
F51.718_10.97,51.718,10.97,5.33,23.33,19.07,23.3,57.63,53.73,4.04
F52.906_9.286,52.906,9.286,5.43,22.03,55.5,13.8,30.7,57.07,3.72
F53.396_9.529,53.396,9.529,5.17,19.27,66.4,11.8,21.73,64.8,3.96
F52.359_10.856,52.359,10.856,6.5,22.07,43.3,22.53,34.17,33.03,3.51
F51.746_9.527,51.746,9.527,5.33,24.0,18.53,25.5,56.0,59.87,4.04
F51.836_10.581,51.836,10.581,4.8,27.9,22.5,26.77,50.77,87.1,4.74
F52.303_10.622,52.303,10.622,5.27,25.17,47.93,17.4,34.7,62.77,4.93
F52.327_10.42,52.327,10.42,6.27,22.57,49.7,21.7,28.57,46.83,3.39
F51.862_10.307,51.862,10.307,4.43,27.3,22.27,27.93,49.8,106.8,4.99
F53.355_10.355,53.355,10.355,5.97,26.23,45.47,22.67,31.87,71.93,4.97
F53.365_9.834,53.365,9.834,4.93,18.73,64.07,12.0,23.93,66.33,3.39
F53.114_9.371,53.114,9.371,5.23,18.43,71.97,9.93,18.1,56.13,3.43
F52.214_10.509,52.214,10.509,6.07,23.67,33.93,26.6,39.5,37.97,4.77
F52.005_9.843,52.005,9.843,5.1,18.97,14.77,32.1,53.17,46.2,3.73
F52.845_10.264,52.845,10.264,5.17,17.73,44.77,21.4,33.83,63.93,3.34
F53.156_9.821,53.156,9.821,5.6,22.2,69.77,11.6,18.63,55.13,3.99
F53.148_11.57,53.148,11.57,6.1,21.07,74.47,9.03,16.53,30.1,3.84
F51.859_10.277,51.859,10.277,4.53,24.4,16.3,24.27,59.4,91.17,4.47
F52.282_9.172,52.282,9.172,5.53,19.83,18.73,29.5,51.8,40.5,3.35
F52.844_9.345,52.844,9.345,5.53,18.93,69.67,10.4,19.93,46.23,2.94
F51.744_9.998,51.744,9.998,5.8,19.9,29.03,27.33,43.63,40.13,3.15
F51.586_11.907,51.586,11.907,6.77,23.6,30.07,22.03,47.9,35.83,4.61
F51.849_9.893,51.849,9.893,5.03,21.1,18.87,26.83,54.37,54.77,3.92
F52.14_9.356,52.14,9.356,5.37,18.97,18.77,27.6,53.63,51.8,3.73
F51.736_10.742,51.736,10.742,4.77,25.13,19.63,30.13,50.27,83.1,4.12
F52.135_9.877,52.135,9.877,6.47,20.7,20.73,30.47,48.77,34.3,3.37
F52.575_9.043,52.575,9.043,5.63,21.3,49.3,17.2,33.5,54.9,3.03
F52.43_9.517,52.43,9.517,6.07,21.33,46.3,20.27,33.43,37.2,2.95
F52.167_11.686,52.167,11.686,5.8,26.3,41.17,28.37,30.47,76.6,4.62
F52.28_10.473,52.28,10.473,5.27,23.07,43.7,21.47,34.87,61.47,3.28
F53.469_11.568,53.469,11.568,5.73,20.77,67.23,9.33,23.43,63.4,3.66
F53.101_11.453,53.101,11.453,6.03,21.43,74.13,10.73,15.13,40.37,3.81
F53.491_10.657,53.491,10.657,6.27,20.07,66.33,11.83,21.83,38.3,3.14
F52.288_10.326,52.288,10.326,5.2,22.9,32.8,20.93,46.2,45.9,3.43
F51.947_9.957,51.947,9.957,5.43,20.77,16.5,34.83,48.67,47.43,4.04
F53.042_10.466,53.042,10.466,5.3,18.9,65.8,9.87,24.27,61.9,3.35
F52.455_10.812,52.455,10.812,5.07,21.97,62.1,14.3,23.6,44.9,3.78
F53.115_9.372,53.115,9.372,5.17,18.13,69.93,9.57,20.53,50.6,3.17
F51.677_10.299,51.677,10.299,5.2,20.57,33.77,25.6,40.67,36.93,3.23
F52.239_10.973,52.239,10.973,6.4,23.6,42.3,21.47,36.17,37.8,4.02
F52.453_10.715,52.453,10.715,4.97,22.97,60.57,12.57,26.9,51.33,4.32
F52.605_10.934,52.605,10.934,5.73,22.03,62.17,13.0,24.83,42.33,4.69
F51.536_9.919,51.536,9.919,5.9,22.83,36.2,28.03,35.73,47.9,3.78
F52.277_10.458,52.277,10.458,5.27,23.13,43.6,21.27,35.13,42.33,3.46
F51.528_9.004,51.528,9.004,5.03,20.8,18.03,25.43,56.53,43.53,3.71
F52.188_9.604,52.188,9.604,5.2,19.6,20.5,28.87,50.63,39.97,2.99
F51.836_9.369,51.836,9.369,4.93,22.57,15.67,26.9,57.43,69.27,3.69
F53.266_10.367,53.266,10.367,5.4,21.77,67.47,12.33,20.2,47.5,3.69
F52.674_9.874,52.674,9.874,5.57,18.2,73.6,11.23,15.17,43.43,2.95
F52.98_10.098,52.98,10.098,5.23,24.23,72.53,9.67,17.77,59.67,4.55
F52.272_10.45,52.272,10.45,6.57,24.1,43.33,21.43,35.3,36.93,4.24
F52.37_9.814,52.37,9.814,5.5,21.3,51.73,17.73,30.53,47.4,3.96
F52.889_10.502,52.889,10.502,5.1,19.3,64.17,11.77,24.07,43.1,2.63
F52.12_10.0,52.12,10.0,6.8,21.43,21.4,27.63,50.93,37.2,2.95
F52.636_9.291,52.636,9.291,5.33,21.93,43.47,15.17,41.37,51.2,3.69
F53.327_9.503,53.327,9.503,5.87,20.83,75.7,6.3,17.97,59.13,3.62
F53.148_10.284,53.148,10.284,5.4,18.27,50.87,20.53,28.57,51.1,3.02
F53.272_10.442,53.272,10.442,5.97,23.43,66.93,14.03,19.03,49.13,3.97
F52.214_10.511,52.214,10.511,6.3,23.73,34.1,26.47,39.43,42.87,4.9
F53.136_9.782,53.136,9.782,5.27,20.57,51.4,12.2,36.37,61.9,3.37
F53.333_10.002,53.333,10.002,5.97,20.93,69.8,9.9,20.27,49.03,4.34
F52.773_11.714,52.773,11.714,5.07,22.37,75.67,8.77,15.57,42.67,4.43
F53.169_9.938,53.169,9.938,5.1,20.03,43.7,16.0,40.33,67.77,3.41
F52.303_10.472,52.303,10.472,6.53,22.53,43.37,24.27,32.33,36.37,3.3
F52.104_9.093,52.104,9.093,5.77,22.4,17.47,23.73,58.8,46.0,4.03
F53.236_9.842,53.236,9.842,5.43,23.63,72.2,8.7,19.07,58.67,3.21
F53.102_9.879,53.102,9.879,5.2,21.53,70.37,8.4,21.27,81.17,3.96
F51.815_11.774,51.815,11.774,6.67,23.17,25.83,23.73,50.43,39.5,4.05
F53.311_9.2,53.311,9.2,5.4,21.23,79.0,8.37,12.63,82.1,4.42
F53.203_9.879,53.203,9.879,5.13,17.97,63.9,15.67,20.43,77.47,4.31
F52.164_9.894,52.164,9.894,5.4,20.53,18.07,24.23,57.7,52.43,3.23
F51.544_9.531,51.544,9.531,5.13,19.37,19.97,23.57,56.4,47.03,4.16
F51.542_9.533,51.542,9.533,5.2,20.43,19.03,23.37,57.6,60.77,4.29
F51.781_9.433,51.781,9.433,5.9,19.17,16.0,29.87,54.13,43.93,3.51
F53.276_10.416,53.276,10.416,5.57,22.9,62.3,13.57,24.13,83.67,5.21
F52.928_11.405,52.928,11.405,5.0,22.47,77.9,9.23,12.87,53.17,3.87
F51.996_9.849,51.996,9.849,6.1,19.0,22.77,29.33,47.9,42.97,4.02
F53.267_10.432,53.267,10.432,5.43,22.13,66.5,12.2,21.3,64.73,4.39
F52.455_9.971,52.455,9.971,6.13,19.03,56.2,21.07,22.73,35.63,3.21
F52.228_10.578,52.228,10.578,5.7,24.3,38.47,21.43,40.07,41.07,3.57
F52.328_10.584,52.328,10.584,5.27,21.63,38.93,21.0,40.03,44.53,3.36
F53.124_9.914,53.124,9.914,5.83,21.47,70.5,9.73,19.73,47.43,4.47
F52.389_9.781,52.389,9.781,5.3,19.47,44.83,23.53,31.63,44.63,4.46
F51.91_9.162,51.91,9.162,4.9,19.5,14.03,26.53,59.43,68.67,3.8
F52.811_11.164,52.811,11.164,6.4,24.0,65.93,11.17,22.9,32.1,3.7
F51.817_10.975,51.817,10.975,5.1,24.23,22.7,22.67,54.63,45.93,3.77
F52.083_9.952,52.083,9.952,4.9,19.6,20.87,31.17,47.97,62.8,3.89
F52.085_10.374,52.085,10.374,5.23,20.1,26.17,30.1,43.73,38.4,3.68
F52.985_11.88,52.985,11.88,5.23,21.47,79.9,7.73,12.4,55.07,4.7
F51.867_10.579,51.867,10.579,4.9,25.97,20.1,27.1,52.83,76.7,4.51
F51.827_9.569,51.827,9.569,4.67,26.73,18.07,28.3,53.6,75.23,3.83
F52.876_10.122,52.876,10.122,5.5,21.7,70.07,12.67,17.23,49.73,4.44
F53.068_9.246,53.068,9.246,5.3,18.97,68.4,9.43,22.17,53.9,3.33
F52.385_9.695,52.385,9.695,5.83,21.03,49.43,21.43,29.13,42.03,3.84
F52.299_9.415,52.299,9.415,5.17,22.07,16.57,29.83,53.63,50.0,3.7
F52.707_9.656,52.707,9.656,5.1,20.33,53.83,18.3,27.87,50.53,3.11
F52.586_10.147,52.586,10.147,5.9,18.43,68.0,14.23,17.73,43.37,3.41
F52.878_9.313,52.878,9.313,5.6,19.23,56.57,15.8,27.63,48.13,2.94
F52.222_10.595,52.222,10.595,5.6,25.0,32.57,21.13,46.3,42.47,4.26
F53.397_9.791,53.397,9.791,5.57,17.7,55.3,10.17,34.53,39.17,3.19
F51.945_9.185,51.945,9.185,4.9,23.07,14.4,27.67,57.93,65.67,4.35
F52.298_10.537,52.298,10.537,5.37,24.23,46.53,20.83,32.63,51.13,4.15
F52.261_10.465,52.261,10.465,6.07,23.1,40.37,24.43,35.2,34.4,3.37
F53.303_9.729,53.303,9.729,5.4,21.13,72.2,7.33,20.5,73.87,3.8
F52.515_10.149,52.515,10.149,5.27,18.77,63.8,15.03,21.17,41.23,3.29
F52.02_11.905,52.02,11.905,5.07,22.2,56.0,16.9,27.1,48.6,4.19
F53.276_10.704,53.276,10.704,5.33,18.43,58.7,16.57,24.7,56.23,3.37
F51.633_11.262,51.633,11.262,5.4,22.57,16.97,30.0,53.07,34.33,3.38
F53.256_10.81,53.256,10.81,5.37,19.13,51.03,17.33,31.57,44.17,3.04
F52.407_10.511,52.407,10.511,5.03,21.03,59.23,16.13,24.67,41.8,3.12
F53.155_9.825,53.155,9.825,5.63,22.3,72.13,11.77,16.13,61.87,4.6
F53.439_9.913,53.439,9.913,5.57,17.37,47.93,14.03,38.03,46.6,3.52
F52.28_10.587,52.28,10.587,6.3,22.8,37.83,24.17,38.0,32.63,3.68
F53.158_10.554,53.158,10.554,5.47,21.27,63.47,9.73,26.8,54.17,3.3
F52.382_10.414,52.382,10.414,5.7,21.3,56.7,18.67,24.67,35.17,2.9
F52.716_10.472,52.716,10.472,5.1,21.3,58.97,12.4,28.63,55.23,3.01
F51.623_9.451,51.623,9.451,5.3,18.73,28.93,30.97,40.07,33.37,2.86
F52.342_9.883,52.342,9.883,5.5,19.9,25.9,25.87,48.23,37.7,2.81
F51.787_11.719,51.787,11.719,5.63,23.53,21.53,23.9,54.6,53.03,4.75
F53.275_10.688,53.275,10.688,5.43,19.17,56.67,16.2,27.13,36.27,3.3
F52.303_10.445,52.303,10.445,5.9,22.37,44.27,22.87,32.83,44.47,3.08
F52.427_9.947,52.427,9.947,6.1,19.03,49.8,24.77,25.43,33.03,3.11
F51.655_10.424,51.655,10.424,4.73,26.13,23.77,27.07,49.13,95.6,4.21
F52.289_9.588,52.289,9.588,6.57,21.3,22.9,29.73,47.4,31.27,2.94
F53.163_9.955,53.163,9.955,5.2,19.67,41.77,17.57,40.6,62.4,3.29
F53.156_9.964,53.156,9.964,5.13,18.67,49.1,14.87,36.03,56.27,3.44
F52.333_10.721,52.333,10.721,5.07,21.37,51.1,19.77,29.1,51.17,3.45
F52.306_10.526,52.306,10.526,5.7,23.63,42.17,26.87,31.0,47.4,4.66
F52.351_9.744,52.351,9.744,5.33,19.97,47.87,25.6,26.47,51.63,3.94
F53.224_10.396,53.224,10.396,5.5,22.77,65.33,11.0,23.67,54.33,3.9
F52.483_9.384,52.483,9.384,5.77,22.3,48.53,21.37,30.03,78.83,4.46
F52.59_9.035,52.59,9.035,5.43,20.3,54.1,15.27,30.7,52.17,2.9
F52.485_9.692,52.485,9.692,6.13,18.97,56.0,19.4,24.6,49.33,3.69
F52.289_9.225,52.289,9.225,5.17,19.4,20.13,30.4,49.47,67.5,3.79
F52.239_10.627,52.239,10.627,5.3,23.03,39.53,25.13,35.33,49.93,4.01
F52.85_10.654,52.85,10.654,5.4,19.0,55.27,13.03,31.73,51.23,3.03
F52.365_9.737,52.365,9.737,5.77,21.9,46.9,20.33,32.73,38.67,3.61
F51.853_10.672,51.853,10.672,5.47,23.4,19.5,26.87,53.63,67.17,4.16
F51.943_10.444,51.943,10.444,5.53,21.0,25.6,29.6,44.8,41.33,4.04
F53.293_10.287,53.293,10.287,5.77,22.33,64.8,11.73,23.43,54.53,3.87
F51.505_10.159,51.505,10.159,5.2,22.47,42.33,18.97,38.63,46.5,3.06
F53.409_10.218,53.409,10.218,6.33,25.5,50.73,17.37,31.8,61.0,4.7
F52.331_9.555,52.331,9.555,5.2,22.3,30.97,26.03,43.03,47.87,3.25
F52.218_9.646,52.218,9.646,6.63,19.1,21.73,24.33,53.93,31.83,2.71
F52.99_9.86,52.99,9.86,5.03,22.4,71.0,10.33,18.73,51.53,3.46
F51.546_10.087,51.546,10.087,5.83,21.23,39.23,35.13,25.63,34.9,3.67
F53.1_9.851,53.1,9.851,5.2,20.17,65.13,11.47,23.4,58.8,3.63
F51.978_9.252,51.978,9.252,5.9,22.53,26.5,26.03,47.47,48.3,4.41
F51.738_11.231,51.738,11.231,6.4,21.6,14.73,24.0,61.27,40.57,5.03
F52.177_10.521,52.177,10.521,6.23,21.8,34.17,27.53,38.3,36.67,3.96
F52.155_11.497,52.155,11.497,6.2,24.33,26.73,23.33,49.93,34.43,4.2
F52.191_9.895,52.191,9.895,5.13,22.37,19.6,26.4,54.03,42.67,3.49
F53.244_10.819,53.244,10.819,5.23,20.0,52.97,16.77,30.3,39.13,3.27
F53.22_9.965,53.22,9.965,5.0,20.43,60.5,14.57,24.97,83.43,3.66
F52.429_9.862,52.429,9.862,5.47,19.67,38.77,32.27,28.93,38.6,3.35
F52.342_9.436,52.342,9.436,5.47,20.23,34.47,26.9,38.67,44.37,3.22
F52.934_9.253,52.934,9.253,5.17,18.73,61.03,13.8,25.17,57.2,3.51
F53.309_11.529,53.309,11.529,5.43,20.87,79.0,7.07,13.97,62.9,4.13
F53.075_11.14,53.075,11.14,6.07,23.87,74.57,9.27,16.17,43.83,4.03
F53.013_11.362,53.013,11.362,5.2,20.93,73.97,11.27,14.77,69.57,3.46
F52.063_9.601,52.063,9.601,5.33,20.4,23.3,31.97,44.7,56.27,3.59
F52.811_10.166,52.811,10.166,5.0,18.57,37.07,27.17,35.73,75.97,3.28
F52.582_10.184,52.582,10.184,5.4,18.37,67.57,15.53,16.9,38.33,2.56
F52.422_9.857,52.422,9.857,5.27,21.7,45.7,26.37,27.93,62.1,3.57
F52.09_9.9,52.09,9.9,5.23,19.03,22.47,29.53,48.0,47.3,3.71
F52.555_9.687,52.555,9.687,5.97,22.63,48.6,22.7,28.7,36.1,2.92
F51.569_10.839,51.569,10.839,5.27,21.23,18.73,30.17,51.1,40.2,3.15
F51.917_10.476,51.917,10.476,5.53,19.97,25.4,37.03,37.63,51.5,3.4
F53.016_10.697,53.016,10.697,5.5,22.97,69.53,10.57,19.9,61.03,3.92
F53.167_10.991,53.167,10.991,5.13,20.43,52.87,14.17,33.0,40.6,3.21
F52.708_9.68,52.708,9.68,5.0,20.27,59.93,15.27,24.77,54.2,3.04
F51.833_10.582,51.833,10.582,4.87,27.63,22.63,28.0,49.37,88.43,4.76
F51.812_10.963,51.812,10.963,5.1,23.4,20.23,20.8,59.0,60.43,3.78
F52.369_9.821,52.369,9.821,5.3,22.4,51.07,18.27,30.7,46.6,4.52
F53.239_10.623,53.239,10.623,5.43,19.47,64.33,12.23,23.4,50.7,4.02
F52.768_10.57,52.768,10.57,6.07,19.57,61.33,10.87,27.77,32.83,2.95
F52.894_9.626,52.894,9.626,5.27,19.67,49.93,15.13,34.93,62.3,4.76
F51.8_9.113,51.8,9.113,6.1,20.4,15.4,27.33,57.27,57.37,3.78
F52.801_9.291,52.801,9.291,5.7,20.2,66.33,12.23,21.4,50.0,3.32
F51.904_9.028,51.904,9.028,4.87,22.6,18.03,26.47,55.5,60.93,3.92
F52.056_11.647,52.056,11.647,6.23,23.63,30.37,22.7,46.93,44.43,4.28
F52.167_9.195,52.167,9.195,6.37,19.57,33.87,28.7,37.43,33.57,3.19
F51.773_10.349,51.773,10.349,4.67,29.3,24.93,24.93,50.1,100.97,5.2
F52.391_9.761,52.391,9.761,5.3,20.6,49.93,20.63,29.47,49.33,4.36
F53.225_10.422,53.225,10.422,5.43,19.93,64.23,14.0,21.77,55.27,4.1
F53.031_9.257,53.031,9.257,5.4,18.87,64.47,13.33,22.17,50.63,3.77
F51.639_11.086,51.639,11.086,5.37,21.07,26.1,26.33,47.57,47.13,2.76
F52.957_11.842,52.957,11.842,5.97,23.5,73.6,11.77,14.63,36.27,4.09
F51.677_10.048,51.677,10.048,5.27,21.0,31.1,31.33,37.6,40.3,3.19
F52.47_10.988,52.47,10.988,6.13,23.83,61.9,13.6,24.5,32.87,3.78
F52.55_10.15,52.55,10.15,6.2,22.07,66.33,13.6,20.03,39.33,3.05
F53.478_10.111,53.478,10.111,5.8,26.57,53.83,17.77,28.4,110.87,4.54
F52.109_11.279,52.109,11.279,6.8,25.03,35.17,21.63,43.23,41.07,4.6
F53.463_9.936,53.463,9.936,5.17,17.57,51.5,15.73,32.77,61.67,3.51
F52.274_10.588,52.274,10.588,5.17,22.6,35.5,27.07,37.43,47.43,4.06
F52.262_10.464,52.262,10.464,6.07,23.1,40.37,24.43,35.2,34.4,3.37
F53.016_9.258,53.016,9.258,5.07,18.17,69.7,10.13,20.17,45.7,3.13
F53.175_9.958,53.175,9.958,5.1,19.0,46.17,15.87,38.0,65.83,3.58
F52.089_9.773,52.089,9.773,6.73,20.8,21.5,25.57,52.93,29.63,3.08
F53.14_9.839,53.14,9.839,5.13,20.17,62.3,11.0,26.67,64.87,3.64
F52.503_10.198,52.503,10.198,6.1,19.2,74.23,10.1,15.67,35.77,2.93
F52.102_9.88,52.102,9.88,5.03,19.53,19.63,30.43,49.93,46.37,3.93
F53.495_10.678,53.495,10.678,5.37,21.87,67.33,12.23,20.47,52.03,3.15
F51.727_11.005,51.727,11.005,5.27,22.03,21.43,29.83,48.73,61.63,3.96
F52.949_9.467,52.949,9.467,5.37,17.1,72.67,9.43,17.9,40.37,3.17
F51.676_10.048,51.676,10.048,5.27,21.0,31.1,31.33,37.6,40.3,3.19
F52.116_9.772,52.116,9.772,6.73,20.97,22.27,26.97,50.77,29.1,2.95
F52.267_10.589,52.267,10.589,5.7,24.3,40.17,24.5,35.3,42.0,3.4
F51.856_9.324,51.856,9.324,4.8,25.5,18.57,26.1,55.33,98.8,4.53
F53.178_10.464,53.178,10.464,5.33,18.5,64.23,11.73,24.03,60.6,3.59
F52.699_9.686,52.699,9.686,5.2,19.43,63.7,16.1,20.2,47.53,3.04
F53.373_11.457,53.373,11.457,6.0,22.2,77.67,8.57,13.77,40.87,4.6
F52.324_11.04,52.324,11.04,5.03,22.53,47.53,15.4,37.03,44.47,4.48
F53.043_9.904,53.043,9.904,5.6,21.3,49.63,14.23,36.13,51.13,3.59
F52.047_10.024,52.047,10.024,5.73,20.47,20.87,25.7,53.43,31.77,2.93
F53.243_9.718,53.243,9.718,4.97,21.5,46.63,18.07,35.3,65.73,4.06
F53.271_10.687,53.271,10.687,5.3,18.63,57.37,14.83,27.77,42.1,3.1
F52.951_10.558,52.951,10.558,5.23,19.83,64.9,10.33,24.73,42.23,3.28
F52.026_10.468,52.026,10.468,6.27,22.43,24.7,27.3,48.0,34.97,3.82
F52.262_10.598,52.262,10.598,5.23,23.23,43.63,24.17,32.13,44.6,3.45
F53.2_10.615,53.2,10.615,5.23,19.37,59.33,12.6,28.07,52.8,3.62
F52.196_9.99,52.196,9.99,5.3,22.63,12.17,24.67,63.13,49.07,3.24
F52.369_10.718,52.369,10.718,5.67,22.57,49.77,19.77,30.47,40.6,3.86
F52.218_9.205,52.218,9.205,6.0,19.37,22.5,28.13,49.37,40.83,3.66
F51.548_10.696,51.548,10.696,5.2,20.83,25.63,26.83,47.57,33.33,3.6
F53.12_9.035,53.12,9.035,5.43,23.53,66.2,12.77,21.07,73.37,4.72
F51.724_9.997,51.724,9.997,5.33,19.8,34.97,26.9,38.17,50.93,3.74
F53.156_9.817,53.156,9.817,5.53,21.87,70.07,11.2,18.7,61.5,4.11
F52.28_10.471,52.28,10.471,5.27,23.07,43.7,21.47,34.87,61.47,3.28
F53.264_10.685,53.264,10.685,5.23,19.27,54.47,16.5,29.03,38.6,2.86
F52.953_10.554,52.953,10.554,5.4,18.37,70.27,8.33,21.33,39.97,3.03
F53.164_9.966,53.164,9.966,5.57,19.4,48.47,15.43,36.17,60.0,3.35
F53.145_9.372,53.145,9.372,5.07,19.03,68.67,12.03,19.27,55.4,3.11
F53.201_9.248,53.201,9.248,5.77,19.53,75.83,7.5,16.67,46.2,3.57
F51.814_10.716,51.814,10.716,5.47,24.37,17.63,27.83,54.53,71.93,4.12
F53.187_10.424,53.187,10.424,5.4,20.4,63.9,12.87,23.23,56.9,4.93
F52.263_10.556,52.263,10.556,5.3,24.27,37.27,25.93,36.8,53.5,4.76
F52.934_9.232,52.934,9.232,5.3,21.77,56.27,13.9,29.87,56.17,3.59
F53.229_9.964,53.229,9.964,5.27,19.5,60.53,13.03,26.43,65.17,3.76
F52.654_9.938,52.654,9.938,5.23,19.87,70.73,12.17,17.07,44.0,2.83
F52.289_10.501,52.289,10.501,5.5,23.5,41.23,27.93,30.83,40.23,4.09
F52.578_9.847,52.578,9.847,5.9,21.0,67.8,14.97,17.27,42.6,3.32
F51.847_10.441,51.847,10.441,4.67,27.27,22.97,30.03,47.0,93.03,5.12
F52.364_9.84,52.364,9.84,5.4,21.83,44.13,21.7,34.17,47.23,4.08
F52.077_9.931,52.077,9.931,5.23,19.87,20.3,31.4,48.3,43.03,3.43
F52.293_10.532,52.293,10.532,5.43,23.87,43.9,24.23,31.83,58.77,4.4
F53.155_10.221,53.155,10.221,5.23,18.87,70.83,9.73,19.37,60.37,4.06
F52.039_10.197,52.039,10.197,5.2,19.47,17.67,33.7,48.63,53.93,3.62
F51.724_10.617,51.724,10.617,4.83,27.9,23.87,28.2,47.9,88.37,4.91
F52.434_9.91,52.434,9.91,5.23,20.63,43.13,25.27,31.6,46.83,3.38
F51.847_9.53,51.847,9.53,5.13,22.0,14.57,26.33,59.1,47.17,3.79
F52.288_10.63,52.288,10.63,5.23,24.67,39.33,21.47,39.2,43.67,4.76
F53.393_10.453,53.393,10.453,5.37,24.47,58.3,12.83,28.87,70.6,3.59
F52.918_11.468,52.918,11.468,5.97,23.03,77.37,8.43,14.2,40.4,4.17
F52.174_10.861,52.174,10.861,5.13,20.5,17.87,32.33,49.87,35.5,3.05
F53.332_10.009,53.332,10.009,5.8,19.77,70.3,9.67,20.03,50.77,3.64
F51.532_9.691,51.532,9.691,4.93,19.5,21.4,26.73,51.8,57.07,3.82
F52.88_10.185,52.88,10.185,4.97,19.63,66.07,14.17,19.77,46.5,3.69
F52.484_10.025,52.484,10.025,5.47,18.53,61.33,18.87,19.8,40.87,3.06
F53.294_10.232,53.294,10.232,5.47,19.27,66.77,12.87,20.37,60.8,4.09
F51.64_9.957,51.64,9.957,5.6,20.47,29.1,27.4,43.5,44.0,3.69
F52.378_9.776,52.378,9.776,5.33,19.27,51.67,18.87,29.4,52.27,3.39
F52.28_10.464,52.28,10.464,5.33,23.1,44.5,20.9,34.57,47.9,3.19
F53.188_10.922,53.188,10.922,5.57,20.63,58.03,13.4,28.6,44.5,3.23
F51.741_10.903,51.741,10.903,5.6,22.17,22.53,30.83,46.7,63.73,4.24
F52.27_10.599,52.27,10.599,5.13,22.77,38.03,23.13,38.77,45.83,4.2
F51.932_10.507,51.932,10.507,5.73,21.17,25.3,33.43,41.27,43.17,3.56
F51.747_10.671,51.747,10.671,4.6,28.07,23.07,28.07,48.83,98.17,4.73
F51.575_9.461,51.575,9.461,6.47,19.3,24.07,25.27,50.7,29.4,2.96
F51.777_11.193,51.777,11.193,6.53,25.13,18.9,29.07,52.07,42.0,4.76
F51.917_9.942,51.917,9.942,5.33,19.33,19.93,25.5,54.6,51.77,3.65
F51.763_9.765,51.763,9.765,5.6,20.13,26.87,27.53,45.63,36.7,3.77
F51.541_9.517,51.541,9.517,5.03,20.37,21.7,26.17,52.13,47.9,3.85
F53.234_10.379,53.234,10.379,5.77,23.27,60.03,14.77,25.2,48.53,4.0
F52.271_10.598,52.271,10.598,5.2,23.43,35.83,26.03,38.1,45.6,4.13
F51.526_10.012,51.526,10.012,6.27,21.17,34.37,29.87,35.77,42.27,3.6
F53.249_9.716,53.249,9.716,5.0,20.07,65.07,12.67,22.27,54.07,3.54
F52.974_9.541,52.974,9.541,5.43,21.47,76.0,8.43,15.53,46.97,3.74
F53.268_10.687,53.268,10.687,5.27,18.5,56.6,14.4,29.0,43.23,3.15
F52.242_9.633,52.242,9.633,5.27,19.4,24.83,26.73,48.43,30.9,2.92
F52.042_10.003,52.042,10.003,5.57,20.5,19.07,25.67,55.23,44.63,3.27
F53.257_10.437,53.257,10.437,5.83,21.43,71.23,10.17,18.6,49.8,3.88
F51.847_10.321,51.847,10.321,4.4,28.4,24.83,25.43,49.73,110.27,5.45
F51.713_11.207,51.713,11.207,5.4,25.17,20.1,24.3,55.6,53.07,3.83
F52.283_10.47,52.283,10.47,5.27,23.0,44.4,21.1,34.5,48.4,3.08
F52.582_10.169,52.582,10.169,6.27,18.63,65.83,14.37,19.77,38.63,3.01
F53.168_9.942,53.168,9.942,5.07,19.93,44.8,15.93,39.27,60.73,3.34
F53.177_9.955,53.177,9.955,5.07,18.2,45.27,16.83,37.87,62.87,3.54
F52.331_10.72,52.331,10.72,4.97,21.93,51.17,19.6,29.27,51.93,3.56
F52.457_9.276,52.457,9.276,5.57,20.73,67.93,12.33,19.7,51.17,3.45
F53.224_10.422,53.224,10.422,5.43,19.93,64.23,14.0,21.77,55.27,4.1
F51.911_10.644,51.911,10.644,5.33,21.23,25.37,31.77,42.8,54.23,3.6
F52.986_11.886,52.986,11.886,5.2,21.03,79.63,8.9,11.4,60.7,4.81
F52.463_10.812,52.463,10.812,4.83,22.0,59.03,14.87,26.03,43.53,3.85
F52.11_11.663,52.11,11.663,6.33,26.67,27.63,25.5,46.83,47.87,4.49
F52.234_10.518,52.234,10.518,5.7,23.9,33.9,27.67,38.43,49.5,5.92
