art,gbif_id,datum,lat,lon,unsicherheit_m,ort
steinpilz,6411160693,2026-06-18,52.98983,10.30229,13.0,LSG Ellerndorfer Wacholderheide
steinpilz,6448666906,2026-07-15,53.03928,9.91211,3.0,HK Soltau
steinpilz,6449043449,2026-07-17,52.25135,9.59629,25.0,H Wennigsen (Deister)
steinpilz,6480620791,2026-07-28,53.22122,9.24349,8.0,
steinpilz,6485814925,2026-07-31,51.99866,9.67818,59.0,Duinger Wald mit Doberg und Weenzer Bruch - N2000
steinpilz,6480561735,2026-08-02,52.97801,10.24937,9.0,
steinpilz,5282724682,2025-07-31,51.81835,10.22456,4.0,GÖ Bad Grund
steinpilz,5282837503,2025-07-28,51.77002,10.55702,4.0,Nationalpark Harz - N2000
steinpilz,5283053064,2025-07-31,51.81851,10.2246,11.0,GÖ Bad Grund
steinpilz,5283182646,2025-07-29,52.24958,10.67497,30.0,"LSG Feld- und Waldflur von Weddel, Klein Schöppenstedt, Dest"
steinpilz,6411761376,2025-07-26,51.85486,10.57394,,GS Bad Harzburg
steinpilz,5282005941,2025-08-02,51.58422,10.32791,,
steinpilz,5282746185,2025-08-02,52.05837,9.44543,15.0,HM Hameln-Pyrmont (Landkreis)
steinpilz,5282933186,2025-08-10,53.14684,9.90154,,LG VSG Lüneburger Heide
steinpilz,5282985832,2025-08-02,52.1395,10.64508,,Asse - N2000
steinpilz,5283098010,2025-08-03,52.34446,10.71625,13.0,LSG Beienroder Holz
steinpilz,5283277076,2025-08-02,53.25711,10.27352,5.0,LG LSG Lüneburger Heide
steinpilz,5283415902,2025-08-02,52.13789,10.6486,,Asse - N2000
steinpilz,5283549828,2025-08-01,53.23354,10.37957,3.0,Ilmenau mit Nebenbächen - N2000
steinpilz,5287895438,2025-08-14,53.26854,10.19199,30.0,Gewässersystem der Luhe und unteren Neetze - N2000
steinpilz,5288446694,2025-08-11,53.49646,10.23602,3.0,HH Hamburg (Kreisfreie Stadt)
steinpilz,5901417520,2025-08-15,53.10498,9.92544,8.0,LG VSG Lüneburger Heide
steinpilz,5902563210,2025-08-15,53.1048,9.92548,16.0,LG VSG Lüneburger Heide
steinpilz,5832130506,2025-09-25,51.82,9.56,,HOL Holzminden (Landkreis)
steinpilz,5832134375,2025-09-26,52.21624,11.83018,13.0,JL Jerichower Land (Landkreis)
steinpilz,5832146300,2025-09-24,52.21739,11.83004,14.0,JL Jerichower Land (Landkreis)
steinpilz,5832194573,2025-09-24,52.21743,11.83012,14.0,JL Jerichower Land (Landkreis)
steinpilz,5832195833,2025-09-24,52.21729,11.83012,14.0,JL Jerichower Land (Landkreis)
steinpilz,5832262760,2025-09-23,52.21766,11.83025,51.0,JL Jerichower Land (Landkreis)
steinpilz,5832274406,2025-09-26,52.21707,11.83066,59.0,JL Jerichower Land (Landkreis)
steinpilz,5832304983,2025-09-28,52.39547,9.17307,120.0,Schaumburger Wald - N2000
steinpilz,5832368447,2025-09-28,52.39577,9.17267,19.0,Schaumburger Wald - N2000
steinpilz,5832377453,2025-09-26,53.43568,9.62194,12.0,STD Stade (Landkreis)
steinpilz,5832399908,2025-09-24,52.21745,11.83003,8.0,JL Jerichower Land (Landkreis)
steinpilz,5837137335,2025-09-21,52.44976,9.14762,250.0,Klosterwald Loccum
steinpilz,5889473789,2025-09-12,53.02291,9.12019,4.0,
steinpilz,5901459201,2025-09-20,53.25758,9.56304,,ROW Rotenburg (Wümme) (Landkreis)
steinpilz,5840097392,2025-10-01,51.71237,9.69622,3.0,
steinpilz,5840624818,2025-10-05,52.46127,10.94822,5.0,Grabensystem Drömling - N2000
steinpilz,5840748615,2025-10-07,53.23716,9.82378,3.0,WL Harburg (Landkreis)
steinpilz,5840937592,2025-10-08,51.9064,9.82964,3.0,HOL Holzminden (Landkreis)
steinpilz,5843940704,2025-10-11,53.43577,9.90666,,
steinpilz,5844119197,2025-10-11,51.55781,10.09293,,
steinpilz,5844801923,2025-10-02,52.13311,9.34665,250.0,Hameln Wehlbach-Wald
steinpilz,5868071148,2025-10-09,52.13019,9.37361,,
steinpilz,5868844997,2025-10-22,53.13679,9.904,15.0,HK Bispingen
steinpilz,5888996361,2025-10-26,52.27304,10.58116,250.0,Riddagshausen Naturschutzgebiet
steinpilz,5889258017,2025-10-31,52.50272,11.44115,,
steinpilz,5890046576,2025-10-31,53.16027,11.34689,61.0,
steinpilz,5890086787,2025-10-31,53.15997,11.34651,31.0,
steinpilz,5890256298,2025-10-25,52.49361,10.73678,145.0,
steinpilz,5890400503,2025-10-29,52.12871,9.35976,,
steinpilz,5892261339,2025-10-22,52.90248,9.55038,250.0,Grundloses Moor und Grundloser See bei Walsrode
steinpilz,5901232179,2025-10-26,52.27282,10.57993,,Riddagshäuser Teiche - N2000
steinpilz,5901464643,2025-10-06,53.07519,11.01829,4.0,Drawehn - N2000
steinpilz,5901552317,2025-10-05,53.19906,10.26609,14.0,LG Lüneburg (Landkreis)
steinpilz,5901591652,2025-10-22,53.18084,9.86993,15.0,LG VSG Lüneburger Heide
steinpilz,5901720599,2025-10-05,53.08657,11.24567,5.0,BSR Niedersächsische Elbtalaue
steinpilz,5902144104,2025-10-19,51.80908,10.26672,4.0,GÖ Göttingen (Landkreis)
steinpilz,5902199843,2025-10-24,53.15629,9.81931,28.0,HK - Camp Reinsehlen
steinpilz,5902200100,2025-10-22,53.18088,9.86966,30.0,LG VSG Lüneburger Heide
steinpilz,5902489090,2025-10-19,52.11746,9.5927,,LSG Osterwald - Saupark
steinpilz,5902554879,2025-10-19,51.77088,9.68852,,Ilme - N2000
steinpilz,5902599857,2025-10-29,53.27339,10.27312,776.0,LG Reppenstedt
steinpilz,5902789991,2025-10-30,53.16283,9.98224,4.0,HK Bispingen
steinpilz,5903072804,2025-10-08,53.27026,9.85016,,LSG Büsenbachtal
steinpilz,5903245865,2025-10-09,52.17491,9.44515,7.0,LSG Süntel
steinpilz,5903261646,2025-10-24,53.15627,9.82599,3.0,HK - Camp Reinsehlen
steinpilz,6137474429,2025-10-22,53.18064,9.86856,250.0,Haus Ehrhorn & Umgebung
steinpilz,6137482052,2025-10-24,53.15017,9.82332,250.0,Camp Reinsehlen
steinpilz,6170882685,2025-10-26,52.22087,10.58729,910.0,
steinpilz,6170931074,2025-10-31,53.13536,9.77653,20.0,
steinpilz,5892357697,2025-11-05,51.98042,10.43156,129.0,
steinpilz,5892531384,2025-11-06,52.12572,9.41183,4.0,
steinpilz,5892835343,2025-11-10,52.16355,9.38649,53.0,
steinpilz,5897672490,2025-11-14,51.61925,10.26484,,
steinpilz,5897737902,2025-11-14,51.61925,10.26484,,
steinpilz,5898617787,2025-11-15,53.07177,10.00297,15.0,GHR-Schule Bispingen
steinpilz,5901346190,2025-11-20,52.21761,11.83007,26.0,JL Möser
steinpilz,5901642149,2025-11-10,53.21,10.42,1000.0,LG NSG Ilmenauniederung mit Tiergarten
steinpilz,5901665616,2025-11-15,53.35394,9.92299,2.0,WL Rosengarten
steinpilz,5901901034,2025-11-23,53.35253,10.43434,,LG Brietlingen
steinpilz,5902100474,2025-11-05,53.4074,9.54098,7.0,STD Sauensiek
steinpilz,5902443461,2025-11-14,53.21006,10.34796,,LG Südergellersen
steinpilz,5902866512,2025-11-17,53.23506,9.82229,14.0,WL Handeloh
steinpilz,5903052088,2025-11-17,53.12181,9.9289,2.0,HK Bispingen
steinpilz,5903093695,2025-11-10,53.00168,10.8005,4.0,UE Rosche
steinpilz,5903171165,2025-11-08,52.67622,10.11562,109.0,CE Celle (Landkreis)
steinpilz,5903188018,2025-11-09,51.68423,9.44789,,LSG Solling
steinpilz,5903569257,2025-11-17,53.24437,10.20293,250.0,"Luhmühlen, Große Heide, nördl. Turnierplatz"
steinpilz,5920434583,2025-11-12,52.9815,9.27185,9.0,
steinpilz,6410868303,2025-11-21,53.13728,10.1079,3.0,LG Soderstorf
steinpilz,6411602874,2025-11-16,53.35414,9.92341,,WL Rosengarten
steinpilz,6423513503,2024-07-15,52.24809,9.1529,,LSG Bückeberge
steinpilz,4931528267,2024-08-04,51.56824,9.95404,130.0,GÖ LSG Leinetal
steinpilz,4933242532,2024-08-14,51.529,9.00239,5.0,NSG Hammerbachtal
steinpilz,4936966286,2024-08-29,51.87525,10.21063,26132.0,
steinpilz,4946217922,2024-09-16,53.151,9.07512,3.0,
steinpilz,4946312023,2024-09-13,53.22133,9.24348,4.0,
steinpilz,4952525053,2024-09-28,51.7174,11.08179,513.0,
steinpilz,4952622754,2024-09-28,51.71762,11.08115,543.0,
steinpilz,4956331913,2024-09-24,53.1751,9.96991,,LG VSG Lüneburger Heide
steinpilz,4956401040,2024-09-24,53.16468,9.96627,28.0,LG VSG Lüneburger Heide
steinpilz,4956423781,2024-09-05,52.88705,10.09432,8.0,LSG Südheide im Landkreis Celle
steinpilz,4956511938,2024-09-27,52.49603,9.70177,4.0,Bissendorfer Moor - N2000
steinpilz,4956592777,2024-09-26,53.40674,10.2353,,Zollenspieker/Kiebitzbrack - N2000
steinpilz,4956697739,2024-09-25,53.16132,9.96711,1.0,LG VSG Lüneburger Heide
steinpilz,4956822705,2024-09-29,53.03571,9.87278,5.0,Lüneburger Heide - N2000
steinpilz,4956862431,2024-09-24,53.16832,9.96044,,LG VSG Lüneburger Heide
steinpilz,4957324790,2024-09-29,53.34625,10.06451,10.0,LSG Buchwedel und Umgebung
steinpilz,4957632166,2024-09-27,53.14516,9.8221,1.0,HK - Camp Reinsehlen
steinpilz,4957897268,2024-09-27,52.42252,10.9392,10.0,LSG Velpker Schweiz
steinpilz,4957904990,2024-09-29,52.46192,9.86364,15.0,H Isernhagen LSG Obere Wietze
steinpilz,4957938365,2024-09-25,52.70658,9.64451,110.0,HK Heidekreis (Landkreis)
steinpilz,4957950458,2024-09-28,53.10403,9.84498,3.0,LG VSG Lüneburger Heide
steinpilz,4994047339,2024-09-28,51.68468,11.07304,31.0,
steinpilz,5008205197,2024-09-21,52.1413,9.35881,,
steinpilz,5016001454,2024-09-22,52.44976,9.14762,250.0,Klosterwald Loccum
steinpilz,5022755021,2024-09-29,52.46462,9.93061,250.0,Oldhorster Moor
steinpilz,5023896165,2024-09-29,52.46332,9.86434,250.0,Lohner Wald
steinpilz,5024026201,2024-09-30,52.59806,10.05158,250.0,Celle - Bogenplatz SC Wietzenbruch
steinpilz,5025469179,2024-09-29,52.46332,9.86434,250.0,Lohner Wald
steinpilz,5026312389,2024-09-21,52.53689,9.70311,250.0,Henjeskamp
steinpilz,5027533904,2024-09-29,52.46332,9.86434,250.0,Lohner Wald
steinpilz,5166801525,2024-09-22,53.12456,9.76442,15.0,
steinpilz,5176969464,2024-09-21,51.94024,10.20551,6.0,
steinpilz,4954393943,2024-10-13,53.28498,10.55074,2.0,
steinpilz,4954425703,2024-10-12,52.98464,11.88818,415.0,
steinpilz,4954463949,2024-10-11,53.31111,11.54139,61.0,
steinpilz,4954497621,2024-10-03,53.08162,9.18695,32.0,
steinpilz,4954602862,2024-10-11,53.31264,11.53836,61.0,
steinpilz,4954671903,2024-10-11,53.31058,11.53727,31.0,
steinpilz,4956414588,2024-10-02,53.45799,9.83889,3.0,Fischbeker Heide - N2000
steinpilz,4973871206,2024-10-19,53.30764,11.5397,,
steinpilz,4973932535,2024-10-19,51.50531,11.91801,89.0,
steinpilz,4974242819,2024-10-18,53.22158,9.95508,1163.0,
steinpilz,4976264838,2024-10-25,52.42667,10.30159,2476.0,
steinpilz,4976445492,2024-10-26,52.67908,10.45078,26004.0,
steinpilz,4976532680,2024-10-24,53.23398,10.81236,2.0,
steinpilz,4976663661,2024-10-24,53.3109,10.46618,2.0,
steinpilz,4985495929,2024-10-24,52.53318,10.46165,,GF Gifhorn (Landkreis)
steinpilz,4985529968,2024-10-18,52.27259,10.57845,15.0,VSG Riddagshäuser Teiche
steinpilz,4986219626,2024-10-19,53.05177,9.9138,3.0,LG VSG Lüneburger Heide
steinpilz,4986618096,2024-10-16,52.57882,9.33079,5.0,LSG Grinder Wald
steinpilz,4993802903,2024-10-19,51.70482,11.25411,32.0,
steinpilz,5013494630,2024-10-13,51.76667,10.34195,250.0,"Buntenbock, Waldgebiet"
steinpilz,5014904735,2024-10-08,52.90248,9.55038,250.0,Grundloses Moor und Grundloser See bei Walsrode
steinpilz,5015967018,2024-10-05,52.53689,9.70311,250.0,Henjeskamp
steinpilz,5017348566,2024-10-04,53.42038,11.35265,250.0,Waldgebiet bei Kraak
steinpilz,5018594787,2024-10-12,51.83695,10.39942,250.0,Brandkopf mit Schalker Teich
steinpilz,5019766029,2024-10-06,52.93105,9.47159,250.0,"Lehrdetal mit Wald zwischen Wassermühle Stellichte, Gross He"
steinpilz,5019868974,2024-10-04,53.40372,11.40753,250.0,Waldgebiet östl. Jasnitz
steinpilz,5020805863,2024-10-17,52.4977,9.34668,250.0,Steinhuder Meer Nordufer bei der Alten Moorhütte
steinpilz,5023880044,2024-10-23,52.36751,11.27803,250.0,Calvörder Berge (nordost)
steinpilz,5027011334,2024-10-26,52.44976,9.14762,250.0,Klosterwald Loccum
steinpilz,5158250224,2024-10-10,52.99074,11.3382,5.0,VSG Nemitzer Heide
steinpilz,5167858787,2024-10-05,51.71737,11.23507,26164.0,
steinpilz,5168023591,2024-10-04,51.71484,11.21684,26164.0,
steinpilz,5168234810,2024-10-20,52.10222,9.44903,258.0,
steinpilz,5176415464,2024-10-03,52.33212,9.87129,35.0,
steinpilz,5176545446,2024-10-29,53.1999,10.6132,31.0,
steinpilz,5176649469,2024-10-15,53.06608,9.22241,,
steinpilz,5177173388,2024-10-11,53.31146,11.53498,31.0,
steinpilz,5896998664,2024-10-22,53.1735,10.37372,250.0,TK25 Blatt 2828/1 - Embsen / Melbeck
steinpilz,5896998711,2024-10-23,53.15382,10.42026,250.0,"Melbeck, Wald zwischen B4 und L233 bzw. Forellenbachtal"
steinpilz,5896999010,2024-10-18,53.14728,10.45102,250.0,Naturschutzgebiet Forellenbachtal
steinpilz,5897003987,2024-10-21,53.16615,10.43974,250.0,"Melbeck, Wald südöstlich des Campingplatzes"
steinpilz,5897010724,2024-10-11,53.19414,10.41096,250.0,"Melbeck, östlich B 4"
steinpilz,5901268552,2024-10-10,53.03186,10.93606,,Drawehn - N2000
steinpilz,5901276792,2024-10-10,53.03201,10.93547,,Drawehn - N2000
steinpilz,5901722447,2024-10-10,53.0314,10.93628,,Drawehn - N2000
steinpilz,5902984741,2024-10-10,53.03212,10.93494,,Drawehn - N2000
steinpilz,6399403500,2024-10-03,53.20441,9.15025,3.0,
steinpilz,4982010113,2024-11-17,53.21899,10.27141,2.0,
steinpilz,4985685252,2024-11-10,53.16694,9.90739,4.0,LG VSG Lüneburger Heide
steinpilz,5016303602,2024-11-16,53.42038,11.35265,250.0,Waldgebiet bei Kraak
steinpilz,4506239995,2023-07-31,51.51696,10.15134,45.0,
steinpilz,4596738273,2023-07-22,51.77766,10.53469,,
steinpilz,4171754511,2023-08-05,53.22264,10.4109,,
steinpilz,4177171017,2023-08-13,52.30832,10.4772,12.0,
steinpilz,4177371100,2023-08-13,51.83258,10.30604,4.0,
steinpilz,4177412068,2023-08-13,51.84036,10.33863,14.0,
steinpilz,4400016800,2023-08-13,51.84035,10.33893,16.0,
steinpilz,4400065534,2023-08-15,52.32174,10.42372,16.0,
steinpilz,4409159375,2023-08-02,53.07293,10.19986,,LG Lüneburg (Landkreis)
steinpilz,4409520204,2023-08-05,53.10668,9.82536,25.0,LG VSG Lüneburger Heide
steinpilz,4410455347,2023-08-12,53.222,10.82062,12.0,LG Bleckede
steinpilz,4458594081,2023-08-13,51.95177,9.19975,2103.0,
steinpilz,4459469040,2023-08-14,52.09763,9.89868,,HI VSG Hildesheimer Wald
steinpilz,4460242085,2023-08-19,53.13241,10.11875,4.0,LG LSG Lüneburger Heide
steinpilz,4460578426,2023-08-16,51.52954,9.00196,6.0,NSG Hammerbachtal
steinpilz,4461031708,2023-08-05,52.89201,10.08697,14.0,Örtze mit Nebenbächen - N2000
steinpilz,4461328283,2023-08-16,51.87924,10.57442,,GS Bad Harzburg
steinpilz,4461558520,2023-08-19,52.06516,10.00283,7.0,HI LSG Bad Salzdetfurth
steinpilz,4462190784,2023-08-16,51.52937,9.00213,5.0,NSG Hammerbachtal
steinpilz,4506238040,2023-08-04,51.50199,10.16927,1565.0,
steinpilz,4506402057,2023-08-05,51.51799,10.15119,282.0,
steinpilz,4506413061,2023-08-03,51.5168,10.15122,13.0,
steinpilz,4596743285,2023-08-14,52.28195,10.47405,205.0,
steinpilz,4852751246,2023-08-13,51.84033,10.33889,21.0,
steinpilz,5014376696,2023-08-10,52.17211,9.4075,250.0,Süntel: Süd
steinpilz,5021073575,2023-08-17,52.12361,9.37388,250.0,TK25 Blatt 3822/3 - Weser / Hameln
steinpilz,5168070559,2023-08-13,52.30265,9.28098,322.0,
steinpilz,5168174558,2023-08-13,52.31763,9.30092,548.0,
steinpilz,5176599392,2023-08-17,52.12903,9.35928,,
steinpilz,4414408703,2023-09-16,51.72507,10.61668,266.0,
steinpilz,4461764518,2023-09-21,52.52794,9.36554,207.0,LSG Schneerener Geest - Eisenberg
steinpilz,4462547888,2023-09-29,51.65023,9.59618,6.0,LSG Solling
steinpilz,5014706934,2023-09-10,53.42038,11.35265,250.0,Waldgebiet bei Kraak
steinpilz,5015185851,2023-09-30,51.90777,9.79086,250.0,Mailerplatz im Hagental
steinpilz,5017993055,2023-09-25,53.22768,10.49771,250.0,"Bilmer Strauch, südl. B216"
steinpilz,5020721110,2023-09-10,52.46332,9.86434,250.0,Lohner Wald
steinpilz,4424362068,2023-10-09,52.61626,10.1216,10.0,
steinpilz,4430775819,2023-10-22,52.58,9.84517,6.0,
steinpilz,4431026988,2023-10-13,52.12837,9.37187,,
steinpilz,4431064959,2023-10-13,52.1283,9.37186,,
steinpilz,4436180642,2023-10-25,52.93417,9.30863,,
steinpilz,4436189194,2023-10-30,52.13031,9.37324,,
steinpilz,4436270946,2023-10-30,53.22139,10.41507,,
steinpilz,4436271860,2023-10-29,52.45771,10.81873,,
steinpilz,4438750229,2023-10-22,52.23617,10.47519,26068.0,
steinpilz,4461587287,2023-10-07,51.59162,9.44724,,Holzapetal - N2000
steinpilz,4535806947,2023-10-06,52.17884,9.37528,11.0,
steinpilz,4597366094,2023-10-31,53.08314,10.65392,25940.0,
steinpilz,4880494083,2023-10-29,53.15565,9.8249,14.0,HK - Camp Reinsehlen
steinpilz,4882596724,2023-10-29,53.1548,9.95966,7.0,LG VSG Lüneburger Heide
steinpilz,4884709724,2023-10-28,53.15569,9.8202,14.0,HK - Camp Reinsehlen
steinpilz,4885060526,2023-10-29,53.12627,9.89922,28.0,LG VSG Lüneburger Heide
steinpilz,4891265569,2023-10-29,53.12893,9.82392,114.0,LG VSG Lüneburger Heide
steinpilz,4925895296,2023-10-22,53.20643,9.13695,4.0,
steinpilz,4926107051,2023-10-26,53.12476,9.08371,4.0,
steinpilz,4926332371,2023-10-28,52.93344,9.30216,5.0,
steinpilz,5012974763,2023-10-19,52.44976,9.14762,250.0,Klosterwald Loccum
steinpilz,5013024278,2023-10-28,53.15017,9.82332,250.0,Camp Reinsehlen
steinpilz,5013576860,2023-10-29,53.43081,11.34281,250.0,Kraaker Mühlenbach östl. von Moraas
steinpilz,5014217471,2023-10-30,53.11412,9.88152,250.0,Lüneburger Heide- nördl. Bockheber
steinpilz,5014393566,2023-10-29,53.42038,11.35265,250.0,Waldgebiet bei Kraak
steinpilz,5014790120,2023-10-23,52.26443,11.12395,250.0,Bartenslebener Forst
steinpilz,5014895722,2023-10-18,52.45988,9.19221,250.0,Mischwald beim Denkhaus in Loccum
steinpilz,5016680227,2023-10-29,52.59049,10.07851,250.0,Westercelle Süd bis Bennebostel
steinpilz,5016758722,2023-10-30,53.15058,10.46396,250.0,Ilmenau Bienenbüttel-Grünhagen
steinpilz,5017283744,2023-10-03,53.22099,10.42791,250.0,"Tiergarten, Lüneburg"
steinpilz,5019855924,2023-10-28,53.11587,9.83294,250.0,Heideflächen östlich Schneverdingen
steinpilz,5022679289,2023-10-07,52.53689,9.70311,250.0,Henjeskamp
steinpilz,5023286299,2023-10-08,53.45808,11.24365,250.0,Viezer Heide (TÜP) und umgebender Wald
steinpilz,5023534561,2023-10-30,53.15653,9.944,250.0,Waldgebiete westl. Wilsede
steinpilz,5024799011,2023-10-13,52.12361,9.37388,250.0,TK25 Blatt 3822/3 - Weser / Hameln
steinpilz,5025099383,2023-10-30,52.12361,9.37388,250.0,TK25 Blatt 3822/3 - Weser / Hameln
steinpilz,5025356213,2023-10-21,52.53689,9.70311,250.0,Henjeskamp
steinpilz,5027136863,2023-10-15,53.15382,10.42026,250.0,"Melbeck, Wald zwischen B4 und L233 bzw. Forellenbachtal"
steinpilz,5283453294,2023-10-08,52.29124,10.34536,,LSG Staatsforst Sophiental und angrenzende Forste
steinpilz,5935444001,2023-10-22,53.02411,11.83253,3.0,
steinpilz,4438809799,2023-11-05,52.02966,10.2035,,
steinpilz,4438813467,2023-11-04,52.07992,10.08562,,
steinpilz,4438979506,2023-11-04,52.27318,10.59318,7.0,
steinpilz,4440982690,2023-11-14,52.18935,10.74911,,
steinpilz,4442465953,2023-11-21,52.29617,10.62801,38.0,
steinpilz,4461734327,2023-11-21,52.29545,10.6285,59.0,LSG Schapener Forst
steinpilz,4507609291,2023-11-21,52.29616,10.628,4.0,
steinpilz,4925997958,2023-11-11,52.76073,9.6888,3.0,
steinpilz,4926076082,2023-11-11,52.76028,9.67187,11.0,
steinpilz,5014533676,2023-11-12,52.1297,9.84593,250.0,Hildesheimer Wald: Nord
steinpilz,5018698422,2023-11-04,52.44976,9.14762,250.0,Klosterwald Loccum
steinpilz,5019947679,2023-11-11,53.30104,11.15872,250.0,Nationales Naturerbe Lübtheener Heide
steinpilz,5020772927,2023-11-22,52.072,9.96838,250.0,Hildesheimer Wald: Süd
steinpilz,5020801351,2023-11-21,52.30459,10.61156,250.0,BS-NO
steinpilz,5022169004,2023-11-02,53.40713,10.23547,25.0,TK25 Blatt 2527/3 - Elbe / Kirchwerder / Neuengamme
steinpilz,5022811039,2023-11-15,52.17184,10.82425,250.0,Elm Eitzum
steinpilz,5154512246,2023-11-02,52.84398,9.46547,25972.0,
steinpilz,5166770549,2023-11-11,52.75337,9.67145,3.0,
steinpilz,6188396872,2023-11-11,52.76375,9.68186,10.0,
steinpilz,3923662083,2022-09-30,52.30756,10.55541,195.0,
steinpilz,3994157579,2022-09-30,53.27046,9.75699,174.0,
steinpilz,3995107824,2022-09-01,52.97754,9.8419,230.0,HK Heidekreis (Landkreis)
steinpilz,3995120246,2022-09-25,52.2868,9.43655,4.0,LSG Norddeister
steinpilz,3995176079,2022-09-10,53.12081,10.82022,,Buchen- und Eichenwälder in der Göhrde (mit Breeser Grund) -
steinpilz,3995343484,2022-09-18,51.97593,9.68093,12.0,NSG Duinger Wald
steinpilz,3995514483,2022-09-25,52.28682,9.43666,7.0,LSG Norddeister
steinpilz,3995522233,2022-09-28,53.14734,9.91013,,LG VSG Lüneburger Heide
steinpilz,3995572339,2022-09-21,53.10718,9.91941,7.0,LG VSG Lüneburger Heide
steinpilz,3996021046,2022-09-15,53.06545,10.81213,25.0,UE Uelzen (Landkreis)
steinpilz,3996171337,2022-09-25,53.05801,9.88484,25.0,LG VSG Lüneburger Heide
steinpilz,3996465592,2022-09-21,53.1069,9.9196,12.0,LG VSG Lüneburger Heide
steinpilz,3996583378,2022-09-25,52.12347,10.14469,28.0,HI LSG Vorholzer Bergland
steinpilz,3996849382,2022-09-11,52.89749,10.09212,8.0,Übungsplatz Munster
steinpilz,3997090116,2022-09-20,52.12351,10.1365,36.0,HI LSG Vorholzer Bergland
steinpilz,3997101587,2022-09-18,51.97598,9.68073,48.0,HI Hildesheim (Landkreis)
steinpilz,3997203353,2022-09-10,52.42379,10.93973,195.0,LSG Velpker Schweiz
steinpilz,3997231216,2022-09-17,53.266,10.68874,25.0,LG Lüneburg (Landkreis)
steinpilz,4133614531,2022-09-25,53.22241,10.70264,330.0,
steinpilz,4440776646,2022-09-13,52.83782,10.34065,2555.0,
steinpilz,4935712229,2022-09-23,52.42898,9.92943,2619.0,
steinpilz,5013009716,2022-09-25,51.92364,9.79049,250.0,TK25 Blatt 4024/4 - Delligsen / Kaierde
steinpilz,5014006642,2022-09-28,52.32359,10.70701,250.0,TK25 Blatt 3630/3 - Lehre
steinpilz,5014356946,2022-09-15,53.16673,10.00609,250.0,Döhler Fuhren
steinpilz,5014677743,2022-09-25,52.54154,9.83,250.0,Sprillgehege
steinpilz,5022828086,2022-09-25,52.59049,10.07851,250.0,Westercelle Süd bis Bennebostel
steinpilz,5026988220,2022-09-24,52.53689,9.70311,250.0,Henjeskamp
steinpilz,6411502689,2022-09-23,52.91424,9.67326,,HK Heidekreis (Landkreis)
steinpilz,6411550427,2022-09-30,53.1449,9.91041,8.0,LG VSG Lüneburger Heide
steinpilz,6412167509,2022-09-30,53.21165,10.33659,4.0,NSG Hasenburger Bachtal
steinpilz,6412662311,2022-09-30,53.21162,10.33422,5.0,LG LSG Lüneburger Heide
steinpilz,3923269463,2022-10-03,52.28164,10.47286,65.0,
steinpilz,3923508584,2022-10-03,52.27139,10.45204,26068.0,
steinpilz,3925001953,2022-10-06,53.25656,10.43351,87.0,
steinpilz,3925057242,2022-10-08,52.96734,10.24609,43.0,
steinpilz,3925156054,2022-10-07,52.27244,10.59072,58.0,
steinpilz,3925189837,2022-10-05,53.25746,10.4349,8.0,
steinpilz,3925206471,2022-10-09,52.35785,10.58355,26068.0,
steinpilz,3925339453,2022-10-09,52.27635,10.57773,9.0,
steinpilz,3925471380,2022-10-09,52.369,10.52155,26068.0,
steinpilz,3925474467,2022-10-09,52.2226,10.58981,19.0,
steinpilz,3925480454,2022-10-09,52.29067,10.54273,26068.0,
steinpilz,3925483415,2022-10-09,52.39432,10.59323,26068.0,
steinpilz,3947309224,2022-10-13,52.54598,10.23959,365.0,
steinpilz,3947417988,2022-10-09,53.222,10.80328,1560.0,
steinpilz,3947605921,2022-10-02,52.28226,10.46959,263.0,
steinpilz,3947723682,2022-10-16,52.2669,10.68915,26068.0,
steinpilz,3947758410,2022-10-14,52.34799,10.82705,,
steinpilz,3985616881,2022-10-22,51.60655,10.53132,8.0,
steinpilz,3988500579,2022-10-07,53.2274,10.07485,4.0,
steinpilz,3988593579,2022-10-04,52.68211,10.3032,26004.0,
steinpilz,3988600594,2022-10-14,52.34995,10.82836,,
steinpilz,3995366351,2022-10-13,52.17377,9.9198,25.0,HI NSG Mastberg und Innersteaue
steinpilz,3995400438,2022-10-10,52.13295,9.83947,25.0,Hildesheimer Wald - N2000
steinpilz,3995537465,2022-10-14,52.25141,9.47465,5.0,NSG Köllnischfeld
steinpilz,3995955425,2022-10-11,53.16792,10.33088,25.0,LG LSG Lüneburger Heide
steinpilz,3996062578,2022-10-07,52.07873,9.92245,25.0,HI VSG Hildesheimer Wald
steinpilz,3996256377,2022-10-13,53.10624,9.9133,25.0,LG VSG Lüneburger Heide
steinpilz,3996472390,2022-10-07,52.04937,10.16759,59.0,HI LSG Hainberg
steinpilz,3996528364,2022-10-12,52.29507,10.62936,25.0,LSG Schapener Forst
steinpilz,3996641515,2022-10-12,53.16636,9.97058,13.0,LG VSG Lüneburger Heide
steinpilz,3996954646,2022-10-11,53.05724,9.88679,25.0,LG VSG Lüneburger Heide
steinpilz,4015218659,2022-10-04,52.83919,10.03754,25972.0,
steinpilz,4126680296,2022-10-16,52.71063,9.23486,,
steinpilz,4176935735,2022-10-06,51.76324,11.2742,26164.0,
steinpilz,4440808400,2022-10-03,51.54128,9.9158,11002.0,
steinpilz,5014636614,2022-10-05,53.32055,10.29247,250.0,"Radbruch, Froschteiche"
steinpilz,5014767089,2022-10-23,52.25471,9.56703,250.0,Deister Ostseite
steinpilz,5017774479,2022-10-18,53.45808,11.24365,250.0,Viezer Heide (TÜP) und umgebender Wald
steinpilz,5022876631,2022-10-08,52.53689,9.70311,250.0,Henjeskamp
steinpilz,5023383626,2022-10-06,51.77705,10.6307,250.0,Elbingerode im Harz
steinpilz,5026847514,2022-10-11,52.1297,9.84593,250.0,Hildesheimer Wald: Nord
steinpilz,5027807013,2022-10-12,52.30872,10.61146,250.0,Braunschweig Nord-Ost
steinpilz,4159961254,2022-11-01,51.63569,9.47457,,KS Kassel (Landkreis)
steinpilz,5013357586,2022-11-06,52.27016,11.05052,250.0,Lappwald bei Walbeck
steinpilz,5019060368,2021-02-06,51.67367,10.95698,250.0,TK25 Blatt 4331/2 - Harz / Allrode
steinpilz,5017601453,2021-08-23,53.32821,11.48344,250.0,Schlosspark Ludwigslust
steinpilz,3355272912,2021-09-04,52.71533,10.47261,19.0,
steinpilz,3355723445,2021-09-08,52.30403,10.32776,1648.0,
steinpilz,4458344039,2021-09-12,51.60728,11.28921,26164.0,
steinpilz,4516219071,2021-09-13,51.727,11.21377,26164.0,
steinpilz,5017205828,2021-09-03,53.16782,9.94567,250.0,Wilseder Berg u. umgebende Heideflächen
steinpilz,5017658387,2021-09-11,52.44976,9.14762,250.0,Klosterwald Loccum
steinpilz,5017985258,2021-09-04,52.49511,9.38095,250.0,Steinhuder Meer (Ostufer)
steinpilz,5021825210,2021-09-04,51.5126,9.64108,250.0,Bramwald - Nördlicher Teil (ohne NSG Totenberg)
steinpilz,5022303049,2021-09-03,52.17211,9.4075,250.0,Süntel: Süd
steinpilz,5025480303,2021-09-04,53.17349,9.87379,250.0,TK25 Blatt 2825/1 - Lüneburger Heide
steinpilz,5176822319,2021-09-04,53.12958,10.08033,3.0,
steinpilz,6423746673,2021-09-05,51.54643,9.67795,6.0,GÖ Göttingen (Landkreis) oud
steinpilz,6424094362,2021-09-09,51.98842,10.47318,16.0,GS Goslar (Landkreis)
steinpilz,6424533680,2021-09-03,51.74083,10.37028,,Osterode am Harz (ehem. Landkreis)
steinpilz,3399264082,2021-10-24,52.30892,10.47743,73.0,
steinpilz,4516185708,2021-10-02,52.59151,11.29693,4.0,
steinpilz,5018064024,2021-10-26,53.21441,11.02607,250.0,Stixer Wanderdüne
steinpilz,5024391976,2021-10-16,52.77644,10.26827,250.0,"Aschauteiche, nördlich"
steinpilz,5867779532,2021-10-29,52.38417,10.71512,90.0,
steinpilz,6424232427,2021-10-10,53.28872,10.69688,5.0,LG Lüneburg (Landkreis)
steinpilz,3415798758,2021-11-18,52.2832,10.47427,146.0,
steinpilz,3456160871,2021-12-13,52.2825,10.4731,257.0,
steinpilz,3723601798,2020-05-23,52.26963,10.72381,25.0,LSG Roter Berg mit Lenebruch
steinpilz,2826278438,2020-07-28,52.86361,9.68995,5.0,
steinpilz,5018222759,2020-07-11,51.75057,9.82375,250.0,Höhenzug Ahlsburg
steinpilz,5026527699,2020-08-28,51.66563,11.17164,250.0,4. Hammer
steinpilz,2864737871,2020-09-13,51.81692,10.57918,17.0,
steinpilz,2864803748,2020-09-13,51.83881,10.58106,9.0,
steinpilz,2864811923,2020-09-13,51.81759,10.57914,11.0,
steinpilz,2868318731,2020-09-17,52.6374,10.58077,20.0,
steinpilz,2980998525,2020-09-15,51.6965,10.66776,4.0,
steinpilz,3031663021,2020-09-12,53.21518,9.90823,100.0,
steinpilz,4855126915,2020-09-12,51.80773,10.27271,61.0,
steinpilz,5016448591,2020-09-21,51.77365,10.37374,250.0,TK25 Blatt 4228/1 - Harz / Buntenbock / Riefensbeek
steinpilz,5018122704,2020-09-08,51.67549,10.95922,250.0,Krugberg Allrode
steinpilz,5019428576,2020-09-13,51.7536,9.50798,250.0,Neuhaus
steinpilz,5021239907,2020-09-19,52.44976,9.14762,250.0,Klosterwald Loccum
steinpilz,5022737496,2020-09-28,51.67367,10.95698,250.0,TK25 Blatt 4331/2 - Harz / Allrode
steinpilz,5023096740,2020-09-20,51.77365,10.37374,250.0,TK25 Blatt 4228/1 - Harz / Buntenbock / Riefensbeek
steinpilz,5025286846,2020-09-06,51.78153,10.26843,25.0,TK25 Blatt 4127/2 - Harz / Lautenthal
steinpilz,4057916687,2020-10-31,53.27604,10.71254,,Elbe - Bleckede
steinpilz,5012636286,2020-10-22,51.56233,9.54099,250.0,TK25 Blatt 4424/1 - Adelebsen / Offensen
steinpilz,5016034930,2020-10-31,53.27604,10.71254,25.0,TK25 Blatt 2730/1 - Elbe / Bleckede / Breetze
steinpilz,5016854671,2020-10-06,52.4977,9.34668,250.0,Steinhuder Meer Nordufer bei der Alten Moorhütte
steinpilz,5021050612,2020-10-14,51.67367,10.95698,250.0,TK25 Blatt 4331/2 - Harz / Allrode
steinpilz,5021161202,2020-10-15,51.67367,10.95698,250.0,TK25 Blatt 4331/2 - Harz / Allrode
steinpilz,5023044981,2020-10-21,52.44976,9.14762,250.0,Klosterwald Loccum
steinpilz,5024545529,2020-10-15,51.76471,10.73403,250.0,Zwischen Drei Annen Hohne und Neuehütte
steinpilz,5028040257,2020-10-03,51.77208,10.42649,25.0,TK25 Blatt 4228/2 - Harz / Altenau (Süd)
steinpilz,5028196466,2020-10-22,51.76471,10.73403,250.0,Zwischen Drei Annen Hohne und Neuehütte
steinpilz,2981052191,2020-11-05,51.88078,9.3375,26132.0,
steinpilz,2984491788,2020-11-09,51.7699,11.26623,26164.0,
steinpilz,2988307096,2020-11-15,52.50968,9.68721,15.0,
steinpilz,4596854767,2020-11-30,51.65937,9.51304,2869.0,
steinpilz,5013474116,2020-11-05,52.98749,10.2512,250.0,Lintzel Blauer Waldpfad
steinpilz,5022777923,2020-11-10,52.99537,10.56876,25.0,ESK Oldenstadt-Ripdorf-Hafen Bahnbrücke - UE
steinpilz,5024104748,2020-11-07,51.56012,9.90161,250.0,Reinhausen (Gleichen)
steinpilz,6424464504,2020-11-07,51.83802,10.54376,8.0,GS Goslar (Landkreis)
steinpilz,2999106960,2020-12-05,51.96143,10.57586,958.0,
steinpilz,2999166144,2020-12-05,51.96316,10.56943,12.0,
steinpilz,2397599002,2019-08-28,52.84955,10.54309,9.0,
steinpilz,5024536952,2019-09-28,52.00149,9.65973,250.0,Bruchsee: Wallensen-Duingen
steinpilz,5028049651,2019-09-27,52.13075,9.62505,250.0,Osterwald
steinpilz,2445070609,2019-10-19,52.19727,10.75017,17.0,
steinpilz,2445077925,2019-10-19,52.19788,10.74853,15.0,
steinpilz,2465346520,2019-10-31,51.86562,10.58451,24.0,
steinpilz,2802618482,2019-10-01,51.6207,9.44068,26164.0,
steinpilz,2802941478,2019-10-01,51.77055,9.44762,26164.0,
steinpilz,4091642318,2019-10-15,52.69638,11.45719,24.0,
steinpilz,4410771368,2019-10-25,52.12513,10.15369,,HI LSG Vorholzer Bergland
steinpilz,4410784221,2019-10-25,52.1249,10.15387,,HI LSG Vorholzer Bergland
steinpilz,4519074361,2019-10-15,52.69633,11.45722,8.0,
steinpilz,5012955192,2019-10-13,52.77403,9.73011,250.0,Ostenholz - Osterheide
steinpilz,5013154022,2019-10-31,51.87365,10.6237,250.0,TK25 Blatt 4129/2 - Harz / Bad Harzburg (Ost)
steinpilz,5013254983,2019-10-18,53.1897,10.89264,25.0,TK25 Blatt 2831/1 - Lüneburger Heide / Ventschau
steinpilz,5015201115,2019-10-27,51.81221,9.64423,250.0,MTB 4123/4/4 Waldgebiet Solling
steinpilz,5019316809,2019-10-25,52.25471,9.56703,250.0,Deister Ostseite
steinpilz,5023558260,2019-10-05,52.94905,10.56765,250.0,Uelzen Hambrocker Runde
steinpilz,5025814840,2019-10-19,53.15382,10.42026,250.0,"Melbeck, Wald zwischen B4 und L233 bzw. Forellenbachtal"
steinpilz,5026380461,2019-10-29,52.39751,9.68988,250.0,"diekholzen,hildesheimer wald"
steinpilz,5026411736,2019-10-03,53.1368,10.79263,250.0,Kellerberg - Göhrde
steinpilz,5026428910,2019-10-13,51.56012,9.90161,250.0,Reinhausen (Gleichen)
steinpilz,5028022858,2019-10-22,52.00962,9.91061,25.0,TK25 Blatt 4024/4 - Delligsen / Kaierde
steinpilz,6321025484,2019-10-14,52.47101,11.67243,14.0,
steinpilz,6412321656,2019-10-13,53.34594,10.1254,32.0,LSG Buchwedel und Umgebung
steinpilz,5022690524,2018-10-12,52.1396,9.34044,250.0,Weserbergland bei Hameln
steinpilz,3995327461,2017-08-20,52.09909,9.87613,25.0,Hildesheimer Wald - N2000
steinpilz,1668877139,2017-09-25,51.63929,10.39024,5.0,
steinpilz,1668878120,2017-09-30,52.15708,10.73636,26100.0,
steinpilz,5015057860,2017-09-22,52.9083,10.38201,250.0,Bahnsen Hochspannungstrasse Heideflächen
steinpilz,5020509340,2017-09-11,52.98968,11.34459,250.0,Wendland: Nemitzer Heide
steinpilz,5021042028,2017-09-19,52.99113,10.29762,250.0,Ellerndorfer Wacholderheide - UE
steinpilz,5024608691,2017-09-27,52.49266,9.5836,250.0,Wald an der Auter bei Osterwald
steinpilz,5026093606,2017-09-17,53.46108,9.24431,250.0,Stüh bei Bremervörde
steinpilz,5026287744,2017-09-16,53.47528,9.15234,250.0,Wald am Vorwerk bei Bremervörde
steinpilz,1668892215,2017-10-03,51.77786,10.68804,5.0,
steinpilz,5016812081,2017-10-01,53.45627,11.7249,250.0,Waldgebiet zw. Garwitz und Malchow
steinpilz,5020396747,2017-10-14,51.67197,11.28613,250.0,Ellrichstal
steinpilz,5022645240,2017-10-21,52.82284,11.50738,250.0,"Heiligenfelde, Mühlenberg und Kiesgrube"
steinpilz,5022952444,2017-10-01,53.07856,9.5521,250.0,Trochel zwischen Hemslingen und Brockel
steinpilz,5016564373,2017-11-04,53.15017,9.82332,250.0,Camp Reinsehlen
steinpilz,1453149372,2016-10-17,52.19742,10.7495,5.0,
steinpilz,5018327701,2016-10-23,51.82944,9.90375,250.0,Waldgebiet am Aussichtsturm Altendorfer Berg
steinpilz,5022586280,2016-10-13,52.86556,10.22046,250.0,Oberohe - Kieselgurgruben und Heidefläche
steinpilz,1453187156,2016-11-01,51.83487,10.58161,5.0,
steinpilz,1453187202,2016-11-01,51.8382,10.59359,5.0,
steinpilz,1453187209,2016-11-01,51.83155,10.57904,5.0,
steinpilz,1671717106,2016-11-01,51.81562,10.57924,5.0,
steinpilz,5025508548,2015-08-07,53.09743,10.85215,250.0,Breeser Grund / Göhrde
steinpilz,1143530363,2015-09-02,52.35707,10.70993,26068.0,
steinpilz,1143548428,2015-09-19,52.65123,10.4696,26004.0,
steinpilz,1143548472,2015-09-19,52.70623,10.50958,26004.0,
steinpilz,1143548508,2015-09-19,52.60836,10.56728,26004.0,
steinpilz,1143548934,2015-09-20,52.26339,10.55477,88.0,
steinpilz,1143556468,2015-09-27,52.2009,10.74974,308.0,
steinpilz,1143556530,2015-09-27,52.11751,10.76344,26100.0,
steinpilz,1143556653,2015-09-27,52.01496,10.60883,26100.0,
steinpilz,5013833330,2015-09-18,53.06897,11.43843,250.0,Höhbeck - Trockenrasen / Sendemasten
steinpilz,5014503975,2015-09-25,52.86556,10.22046,250.0,Oberohe - Kieselgurgruben und Heidefläche
steinpilz,5015124843,2015-09-22,52.97118,10.27462,250.0,Ellerndorf Heide Schießbahn Nord
steinpilz,5020419654,2015-09-17,52.98968,11.34459,250.0,Wendland: Nemitzer Heide
steinpilz,5022978403,2015-09-02,52.77644,10.26827,250.0,"Aschauteiche, nördlich"
steinpilz,1671716585,2015-10-03,51.86926,10.59978,71.0,
steinpilz,5014428289,2015-10-10,53.32457,11.54526,250.0,Waldgebiet westl. LWL-Grabower Heide
steinpilz,5018943629,2015-10-10,53.31675,11.5474,250.0,Ludwigsluster-Grabower Heide
sommersteinpilz,6352341531,2026-06-01,51.90274,10.18162,9.0,
sommersteinpilz,6400003363,2026-06-12,51.71657,11.07927,654.0,
sommersteinpilz,6410637609,2026-06-20,53.2897,10.9247,3.0,Elbeniederung zwischen Schnackenburg und Geesthacht - N2000
sommersteinpilz,6410744928,2026-06-17,53.12907,9.90428,6.0,HK Bispingen
sommersteinpilz,6411156216,2026-06-21,53.49197,11.89883,,LUP Rom
sommersteinpilz,6411471586,2026-06-10,53.08725,11.09972,4.0,DAN Dannenberg (Elbe)
sommersteinpilz,6411713169,2026-06-11,52.63131,10.09736,5.0,CE Celle
sommersteinpilz,6411788488,2026-06-21,52.98412,9.84099,7.0,HK Soltau
sommersteinpilz,6412036297,2026-06-09,51.91916,9.93808,118.0,HI Freden (Leine)
sommersteinpilz,6412039941,2026-06-08,51.94787,9.25726,9.0,LIP Lügde
sommersteinpilz,6412170630,2026-06-09,53.14,10.21,1000.0,Oldendorfer Totenstatt
sommersteinpilz,6412492767,2026-06-14,53.19818,10.85664,29.0,LG Tosterglope
sommersteinpilz,6412572523,2026-06-15,51.71697,11.21429,,HZ Ballenstedt
sommersteinpilz,6412758645,2026-06-21,52.98405,9.84103,,HK Soltau
sommersteinpilz,6412891455,2026-06-14,51.67973,10.04821,,NSG Husumer Tal
sommersteinpilz,6413530539,2026-06-22,51.90372,10.72036,26132.0,
sommersteinpilz,6413860846,2026-06-17,52.26275,10.55672,13.0,
sommersteinpilz,6448678138,2026-07-15,52.12023,10.32438,,SZ Salzgitter Gebhardshagen
sommersteinpilz,6448684219,2026-07-16,52.99467,9.85741,40.0,HK Soltau
sommersteinpilz,6449278092,2026-07-14,51.87231,10.56363,,GS Bad Harzburg
sommersteinpilz,6451594538,2026-07-19,52.04105,10.48481,9.0,
sommersteinpilz,5206497442,2025-06-22,51.53799,10.0492,1472.0,
sommersteinpilz,5206576932,2025-06-18,51.51864,10.16155,3.0,
sommersteinpilz,5206680589,2025-06-21,53.09869,9.84887,75.0,
sommersteinpilz,5230260787,2025-06-16,53.47176,9.69115,,
sommersteinpilz,5282690863,2025-07-28,53.19851,10.85661,,LG Lüneburg (Landkreis)
sommersteinpilz,5283555964,2025-07-29,52.38567,9.70467,10.0,H Hannover Georgengarten
sommersteinpilz,6410552390,2025-07-27,51.97861,9.76948,8.0,HI Alfeld (Leine)
sommersteinpilz,6410591741,2025-07-27,53.21462,10.42739,11.0,LG NSG Ilmenauniederung mit Tiergarten
sommersteinpilz,6410698342,2025-07-26,51.8853,10.54415,,GS Bad Harzburg
sommersteinpilz,6411170447,2025-07-28,53.19852,10.85661,,LG Lüneburg (Landkreis)
sommersteinpilz,6411645229,2025-07-27,51.59277,9.95801,4.0,GÖ Bovenden
sommersteinpilz,6411942513,2025-07-29,53.19852,10.85661,,LG Lüneburg (Landkreis)
sommersteinpilz,6412065035,2025-07-31,53.18374,11.10907,45.0,BSR Niedersächsische Elbtalaue
sommersteinpilz,6412294687,2025-07-27,51.97854,9.76946,9.0,HI Alfeld (Leine)
sommersteinpilz,5282008908,2025-08-01,53.22557,10.91019,,
sommersteinpilz,5283221328,2025-08-02,53.47572,10.68048,,RZ Herzogtum Lauenburg (Landkreis)
sommersteinpilz,5292038723,2025-08-06,52.26376,10.58189,23.0,
sommersteinpilz,5293323874,2025-08-06,52.26381,10.58186,6.0,
sommersteinpilz,5897010107,2025-08-01,53.15382,10.42026,250.0,"Melbeck, Wald zwischen B4 und L233 bzw. Forellenbachtal"
sommersteinpilz,6411849430,2025-08-07,53.27336,10.26081,4.0,Laubwälder am Einemhof und Kranichmoor - N2000
sommersteinpilz,5902471224,2025-09-20,52.17591,9.44513,5.0,LSG Süntel
sommersteinpilz,5888996681,2025-11-02,52.53001,10.23067,250.0,NSG Bohlenbruch
sommersteinpilz,4901784425,2024-06-24,51.60065,10.15526,12.0,
sommersteinpilz,4931806653,2024-06-21,52.36111,9.82833,,Hannover
sommersteinpilz,5014496204,2024-06-22,51.67319,11.14941,250.0,NSG S-AH 176 Oberes Selketal
sommersteinpilz,5025464703,2024-06-10,51.73724,11.09671,250.0,Silgenberg
sommersteinpilz,6262217794,2024-06-30,53.1,10.9,,"DE, Niedersachsen, Göhrde"
sommersteinpilz,6412822652,2024-06-06,52.98373,9.8412,,HK Heidekreis (Landkreis)
sommersteinpilz,4945598946,2024-07-19,51.87293,9.30389,,
sommersteinpilz,5087096568,2024-07-19,51.51591,10.15203,4.0,
sommersteinpilz,4921731827,2024-08-04,51.84104,10.64479,9.0,
sommersteinpilz,4921866249,2024-08-04,51.84385,10.6544,10.0,
sommersteinpilz,5015454304,2024-08-04,52.13075,9.62505,250.0,Osterwald
sommersteinpilz,5021072562,2024-08-31,51.66692,10.92265,250.0,Stiege Steinbornstraße Mittelbach
sommersteinpilz,5104303649,2024-08-02,51.59172,10.03436,12.0,
sommersteinpilz,5108035237,2024-08-05,51.50665,10.15375,240.0,
sommersteinpilz,4127164979,2023-05-24,51.52127,10.16918,24.0,
sommersteinpilz,4145522535,2023-06-17,51.50852,10.15492,335.0,
sommersteinpilz,4440996359,2023-06-06,51.91589,9.93859,2569.0,
sommersteinpilz,5015239848,2023-06-11,53.47871,9.88641,25.0,TK25 Blatt 2525/1 - Neugraben-Fischbek
sommersteinpilz,5901273382,2023-06-11,53.47873,9.88651,,Hamburg
sommersteinpilz,4145728212,2023-07-03,51.50113,10.14705,23.0,
sommersteinpilz,4145739718,2023-07-02,52.12633,10.39713,1899.0,
sommersteinpilz,4153564000,2023-07-10,51.5013,10.15069,256.0,
sommersteinpilz,4153702670,2023-07-07,51.50809,10.15361,726.0,
sommersteinpilz,4153715638,2023-07-07,51.51595,10.15178,1355.0,
sommersteinpilz,4162025607,2023-07-12,51.50082,10.14753,130.0,
sommersteinpilz,4162035180,2023-07-12,51.51501,10.15153,244.0,
sommersteinpilz,4165443688,2023-07-08,53.15716,9.96339,185.0,
sommersteinpilz,4408880868,2023-07-05,52.08917,9.97445,,LSG Röderhofer Teiche und Egenstedter Forst
sommersteinpilz,4440635826,2023-07-11,51.85302,10.54988,20.0,
sommersteinpilz,4525240877,2023-07-04,51.86102,9.83285,26132.0,
sommersteinpilz,4855284491,2023-07-16,52.99987,9.84093,27.0,
sommersteinpilz,5017568288,2023-07-10,52.09486,9.92649,250.0,Wald südöstlich Diekholzen
sommersteinpilz,5020523130,2023-07-22,52.26443,11.12395,250.0,Bartenslebener Forst
sommersteinpilz,5108059811,2023-07-12,51.51618,10.15259,13.0,
sommersteinpilz,6411197120,2023-07-10,53.25624,10.80913,5.0,LG Bleckede
sommersteinpilz,6411389668,2023-07-25,52.97914,9.84195,29.0,HK Heidekreis (Landkreis)
sommersteinpilz,6412208463,2023-07-09,51.97058,9.677,16.0,HI Hildesheim (Landkreis)
sommersteinpilz,4171992257,2023-08-05,51.51774,10.15156,2546.0,
sommersteinpilz,4177150784,2023-08-13,52.2392,9.5795,173.0,
sommersteinpilz,4177171911,2023-08-11,53.25514,10.42786,43.0,
sommersteinpilz,4177214624,2023-08-04,51.50724,10.15361,48.0,
sommersteinpilz,4177489514,2023-08-13,52.30297,9.28122,322.0,
sommersteinpilz,4407065961,2023-08-26,53.17618,9.95136,106.0,
sommersteinpilz,4409570881,2023-08-28,53.14887,9.90886,5.0,LG VSG Lüneburger Heide
sommersteinpilz,4524922137,2023-08-26,52.38822,10.29452,680.0,
sommersteinpilz,5012468138,2023-08-16,51.55304,11.3063,25.0,TK25 Blatt 4433/2 - Harz / Wippra
sommersteinpilz,5018347749,2023-08-30,51.64627,11.1251,250.0,Wald nordwestlich Harzgerode
sommersteinpilz,5018715489,2023-08-11,53.42345,10.64541,250.0,Kiesgrube südöstlich Zweedorf
sommersteinpilz,5020940147,2023-08-12,53.16615,10.43974,250.0,"Melbeck, Wald südöstlich des Campingplatzes"
sommersteinpilz,5023422492,2023-08-25,52.26443,11.12395,250.0,Bartenslebener Forst
sommersteinpilz,5025415098,2023-08-05,53.23697,10.44336,250.0,"Kaltenmoor, Lüneburg"
sommersteinpilz,5026975681,2023-08-27,52.13775,9.66159,250.0,Wald beim Kloster Wülfinghausen
sommersteinpilz,4420828861,2023-09-01,51.69061,11.20772,19.0,
sommersteinpilz,5024981762,2023-09-27,53.20766,10.46334,250.0,"Wendisch-Evern, Felder im Süden"
sommersteinpilz,5104255085,2023-09-09,52.27233,10.58093,5.0,
sommersteinpilz,4430838352,2023-10-23,52.42129,10.36986,497.0,
sommersteinpilz,5015970759,2022-09-03,53.32821,11.48344,250.0,Schlosspark Ludwigslust
sommersteinpilz,5019151669,2022-10-02,52.60226,10.10017,250.0,Altenceller Feld - Brache und Aufforstungen
sommersteinpilz,5013393352,2021-02-06,51.67549,10.95922,250.0,Krugberg Allrode
sommersteinpilz,5017091029,2021-03-14,51.67367,10.95698,250.0,TK25 Blatt 4331/2 - Harz / Allrode
sommersteinpilz,3124738310,2021-05-26,52.07162,10.36064,8.0,
sommersteinpilz,5013051178,2021-06-12,51.92364,9.79049,250.0,TK25 Blatt 4024/4 - Delligsen / Kaierde
sommersteinpilz,5018337916,2021-06-23,51.76477,11.35489,250.0,Siebersteinsbachtal
sommersteinpilz,3328153387,2021-07-08,51.81234,9.36802,15.0,
sommersteinpilz,5013334345,2021-07-18,53.23697,10.44336,250.0,"Kaltenmoor, Lüneburg"
sommersteinpilz,5018876266,2021-08-23,53.32821,11.48344,250.0,Schlosspark Ludwigslust
sommersteinpilz,5014669180,2020-06-25,51.67549,10.95922,250.0,Krugberg Allrode
sommersteinpilz,6424685460,2020-06-25,52.08828,9.93567,25.0,Hildesheimer Wald - N2000
sommersteinpilz,5015884337,2020-07-11,51.75057,9.82375,250.0,Höhenzug Ahlsburg
sommersteinpilz,5027423089,2020-07-02,51.85126,10.54749,250.0,Radau mit Radauwasserfall
sommersteinpilz,5023267349,2020-08-28,51.66563,11.17164,250.0,4. Hammer
marone,6413374457,2026-06-19,52.68986,9.75505,252.0,
marone,6413755844,2026-06-21,52.8482,10.28282,4.0,
marone,5283452256,2025-07-29,53.21912,10.39274,7.0,LG LSG Lüneburger Heide
marone,5282052417,2025-08-05,53.34645,9.87381,18.0,
marone,5288588980,2025-08-12,53.0695,11.43005,22.0,DAN Elbufer-Drawehn NP
marone,5292036595,2025-08-08,53.31187,9.30573,7.0,
marone,5828288112,2025-08-09,53.01923,9.71455,,
marone,5830446390,2025-09-22,53.30791,10.44279,191.0,
marone,5832140509,2025-09-25,53.32496,9.96494,5.0,LSG Klecker Wald und Umgebung
marone,5832205641,2025-09-25,51.82746,9.56929,,HOL Holzminden (Landkreis)
marone,5832223787,2025-09-24,53.38669,9.72475,,LSG Estetal und Umgebung
marone,5832232510,2025-09-26,53.43571,9.62193,13.0,STD Stade (Landkreis)
marone,5832396957,2025-09-28,52.39646,9.17322,10.0,Schaumburger Wald - N2000
marone,5836867686,2025-09-21,52.44976,9.14762,250.0,Klosterwald Loccum
marone,5840764002,2025-09-30,52.18046,11.83777,,JL Jerichower Land (Landkreis)
marone,5839918624,2025-10-03,51.69095,11.12497,,
marone,5840049357,2025-10-03,51.65453,10.42409,,
marone,5840844067,2025-10-03,51.68174,9.76643,,LSG Solling
marone,5840975856,2025-10-03,51.68189,9.76656,,LSG Solling
marone,5844147339,2025-10-10,52.13504,9.34636,,
marone,5844240149,2025-10-10,52.13514,9.34629,,
marone,5867742047,2025-10-18,53.1145,9.37136,10.0,
marone,5867753416,2025-10-18,52.42218,9.74939,170.0,
marone,5867820172,2025-10-10,53.01441,10.635,25940.0,
marone,5867926242,2025-10-16,51.91665,9.94226,9.0,
marone,5867987781,2025-10-20,52.89466,11.45753,6.0,
marone,5867994547,2025-10-10,52.64588,9.00388,1328.0,
marone,5868042667,2025-10-19,53.13634,9.78164,50.0,
marone,5868062087,2025-10-18,53.49532,10.67766,2.0,
marone,5868115856,2025-10-11,53.11267,9.37127,8.0,
marone,5868243696,2025-10-17,52.67991,9.84675,1480.0,
marone,5868385276,2025-10-16,52.33854,11.67705,,
marone,5868931615,2025-10-25,53.20904,9.87882,7.0,WL Undeloh
marone,5868932523,2025-10-24,53.15577,9.82181,3.0,HK - Camp Reinsehlen
marone,5868934636,2025-10-19,52.2785,9.17281,12.0,LSG Bückeberge
marone,5871914821,2025-10-20,52.57357,10.70701,250.0,TK25 Blatt 3430/1 - Stüde / Grußendorf (Nord)
marone,5888991827,2025-10-20,52.92352,9.4572,250.0,TK25 Blatt 3022/4 - Groß Heins / Idsingen / Lehrden
marone,5889404750,2025-10-31,53.13604,9.78131,50.0,
marone,5889507758,2025-10-23,52.10212,9.88025,15.0,
marone,5889509789,2025-10-19,52.88719,11.44267,1556.0,
marone,5889549234,2025-10-24,52.76155,9.98953,93.0,
marone,5889570362,2025-10-30,52.08234,11.22102,,
marone,5889616358,2025-10-23,53.17453,10.02469,11.0,
marone,5889850643,2025-10-22,52.13747,9.3504,,
marone,5889866304,2025-10-23,53.31343,10.55586,25908.0,
marone,5890456900,2025-10-31,53.15928,11.34662,31.0,
marone,5892262721,2025-10-22,52.90248,9.55038,250.0,Grundloses Moor und Grundloser See bei Walsrode
marone,5896997707,2025-10-26,53.10691,10.35891,250.0,Süsing Mitte UE
marone,5897004337,2025-10-31,53.15783,10.55401,250.0,Solchstorf SW - UE
marone,5897006549,2025-10-31,53.1836,10.51181,250.0,Bienenbüttel - Forst Jungfrau
marone,5901588125,2025-10-29,52.88873,10.50159,,UE Suderburg
marone,5901961250,2025-10-28,52.21755,11.83026,5.0,JL Möser
marone,5902408523,2025-10-23,53.17381,10.02416,14.0,WL Egestorf
marone,5902741326,2025-10-22,53.18088,9.86966,30.0,LG VSG Lüneburger Heide
marone,5902817188,2025-10-19,51.77372,9.6893,,Ilme - N2000
marone,6131294060,2025-10-18,53.09128,10.58213,2956.0,
marone,6137485753,2025-10-22,53.18064,9.86856,250.0,Haus Ehrhorn & Umgebung
marone,6320787317,2025-10-16,52.77344,11.71421,3.0,
marone,6411650309,2025-10-19,53.03059,9.25748,,VER Langwedel
marone,5888998176,2025-11-02,52.45988,9.19221,250.0,Mischwald beim Denkhaus in Loccum
marone,5889491114,2025-11-01,51.78734,11.09227,61.0,
marone,5889830585,2025-11-02,52.93444,9.25312,238.0,
marone,5889943641,2025-11-03,52.52886,9.71647,9.0,
marone,5892368334,2025-11-05,52.53366,9.71977,21.0,
marone,5892384130,2025-11-09,53.36491,9.8341,16.0,
marone,5892538282,2025-11-05,52.13513,9.35196,,
marone,5892604137,2025-11-06,53.13304,10.76028,25940.0,
marone,5892826698,2025-11-09,52.93654,9.25766,246.0,
marone,5892948733,2025-11-04,52.93848,9.25135,313.0,
marone,5898618060,2025-11-15,53.06889,10.00127,15.0,GHR-Schule Bispingen
marone,5901187504,2025-11-08,53.11324,10.85609,4.0,DAN Göhrde Gemeindefreies Gebiet
marone,5901569092,2025-11-20,52.21772,11.83004,27.0,JL Möser
marone,5901716899,2025-11-23,53.18674,9.93274,4.0,WL Undeloh
marone,5901763238,2025-11-04,52.43336,10.89032,6.0,WOB Wolfsburg (Kreisfreie Stadt)
marone,5902057298,2025-11-02,52.46379,9.8681,9.0,H Isernhagen LSG Obere Wietze
marone,5902153397,2025-11-20,52.21781,11.83029,7.0,JL Möser
marone,5902171571,2025-11-06,53.05751,11.44936,7.0,DAN Höhbeck
marone,5902262440,2025-11-13,53.20268,9.8794,4.0,WL Undeloh
marone,5902297405,2025-11-20,52.21722,11.83034,7.0,JL Möser
marone,5902384320,2025-11-20,52.21782,11.83037,64.0,JL Möser
marone,5902500639,2025-11-20,52.76675,9.71537,14.0,HK Osterheide
marone,5902627858,2025-11-20,52.21789,11.83003,7.0,JL Möser
marone,5902731370,2025-11-05,53.32818,9.9604,,LSG Klecker Wald und Umgebung
marone,5902778056,2025-11-20,52.21779,11.83019,4.0,JL Möser
marone,5903129210,2025-11-18,52.11405,10.30697,,Kammmolch-Biotop Tagebau Haverlahwiese - N2000
marone,5903201598,2025-11-20,52.21464,11.79366,1.0,JL Möser
marone,5903220239,2025-11-20,52.21789,11.83007,13.0,JL Möser
marone,5903225517,2025-11-20,52.21739,11.83015,31.0,JL Möser
marone,5903572392,2025-11-17,53.24437,10.20293,250.0,"Luhmühlen, Große Heide, nördl. Turnierplatz"
marone,5908815133,2025-11-28,53.26532,10.2947,31.0,
marone,6137474093,2025-11-10,51.78271,11.96156,250.0,Elsdorfer Sandkiete
marone,6412524231,2025-11-11,53.09141,9.42224,,Wümmeniederung - N2000
marone,6412605819,2025-11-16,53.4499,9.66996,80.0,STD Buxtehude
marone,4952233992,2024-09-29,53.14476,9.37164,3.0,
marone,4952984748,2024-09-28,53.14534,9.07888,3.0,
marone,4956785091,2024-09-29,52.99181,11.31521,375.0,DAN Lüchow-Dannenberg (Landkreis)
marone,4957029346,2024-09-30,52.45776,9.86452,16.0,H Isernhagen LSG Obere Wietze
marone,5013408314,2024-09-29,52.46332,9.86434,250.0,Lohner Wald
marone,5016185269,2024-09-29,52.46332,9.86434,250.0,Lohner Wald
marone,5017005910,2024-09-29,52.46462,9.93061,250.0,Oldhorster Moor
marone,5020305635,2024-09-29,52.46332,9.86434,250.0,Lohner Wald
marone,5027190747,2024-09-01,51.75057,9.82375,250.0,Höhenzug Ahlsburg
marone,4952987539,2024-10-08,53.24717,9.84415,,
marone,4954290728,2024-10-12,52.98583,11.88575,37.0,
marone,4954350624,2024-10-12,53.30866,11.53835,31.0,
marone,4954487170,2024-10-12,53.30797,11.53852,31.0,
marone,4954596312,2024-10-12,52.98619,11.88558,107.0,
marone,4954630842,2024-10-09,51.8125,10.96306,176.0,
marone,4954699068,2024-10-12,52.98431,11.88965,399.0,
marone,4957142358,2024-10-02,53.43051,9.86457,5.0,Niedersachsen
marone,4957227342,2024-10-02,53.31076,9.19968,,LSG Untere Bade und Geest
marone,4973795628,2024-10-08,53.27993,11.53899,,
marone,4973927661,2024-10-18,53.21924,9.96342,1939.0,
marone,4973938948,2024-10-21,53.1314,9.75487,40.0,
marone,4974052291,2024-10-18,53.23518,9.95523,1620.0,
marone,4974114863,2024-10-19,51.73605,11.36273,26164.0,
marone,4974142801,2024-10-12,52.98543,11.8802,3299.0,
marone,4974164894,2024-10-18,53.21977,9.96544,1129.0,
marone,4974177891,2024-10-18,53.22909,9.96401,1728.0,
marone,4974304307,2024-10-19,53.25744,10.80875,394.0,
marone,4976448912,2024-10-18,53.22498,9.965,1285.0,
marone,4976599478,2024-10-24,53.23335,10.81478,2.0,
marone,4976625360,2024-10-24,52.13505,9.35198,,
marone,4978486819,2024-10-28,53.26072,11.51231,,
marone,4980632571,2024-10-17,53.05313,9.31507,,
marone,4985648052,2024-10-31,52.08333,11.23611,,BK Börde (Landkreis)
marone,4986003522,2024-10-05,53.28253,10.70525,3.0,Elbe - Bleckede
marone,4986039250,2024-10-16,53.21432,10.26904,,LG Lüneburg (Landkreis)
marone,5016391755,2024-10-12,52.53689,9.70311,250.0,Henjeskamp
marone,5016641557,2024-10-22,53.45351,9.6829,250.0,Buxtehude - Estetal
marone,5018390184,2024-10-26,52.44976,9.14762,250.0,Klosterwald Loccum
marone,5018567161,2024-10-05,52.51636,9.12495,250.0,Nordic Walking Pfad Leese
marone,5019939714,2024-10-04,53.42038,11.35265,250.0,Waldgebiet bei Kraak
marone,5020359684,2024-10-04,53.40372,11.40753,250.0,Waldgebiet östl. Jasnitz
marone,5020791579,2024-10-13,52.25471,9.56703,250.0,Deister Ostseite
marone,5020931332,2024-10-09,52.93105,9.47159,250.0,"Lehrdetal mit Wald zwischen Wassermühle Stellichte, Gross He"
marone,5021046133,2024-10-05,52.53689,9.70311,250.0,Henjeskamp
marone,5022921269,2024-10-23,52.36751,11.27803,250.0,Calvörder Berge (nordost)
marone,5024851266,2024-10-12,51.83695,10.39942,250.0,Brandkopf mit Schalker Teich
marone,5025340104,2024-10-17,52.4977,9.34668,250.0,Steinhuder Meer Nordufer bei der Alten Moorhütte
marone,5027758696,2024-10-11,52.60226,10.10017,250.0,Altenceller Feld - Brache und Aufforstungen
marone,5180743480,2024-10-20,52.20933,11.73869,1.0,JL Jerichower Land (Landkreis)
marone,5897002727,2024-10-21,53.16615,10.43974,250.0,"Melbeck, Wald südöstlich des Campingplatzes"
marone,5897003938,2024-10-24,53.22099,10.42791,250.0,"Tiergarten, Lüneburg"
marone,5897005271,2024-10-23,53.15382,10.42026,250.0,"Melbeck, Wald zwischen B4 und L233 bzw. Forellenbachtal"
marone,6411164931,2024-10-07,52.95914,11.33264,13.0,DAN Lüchow-Dannenberg (Landkreis)
marone,5013079484,2024-11-16,53.42038,11.35265,250.0,Waldgebiet bei Kraak
marone,5027804378,2024-11-16,52.4977,9.34668,250.0,Steinhuder Meer Nordufer bei der Alten Moorhütte
marone,5897004562,2024-11-10,53.2531,10.50224,250.0,Bilmer Strauch
marone,5897010376,2024-11-17,53.1836,10.51181,250.0,Bienenbüttel - Forst Jungfrau
marone,5104292989,2024-12-01,53.13207,10.11213,2.0,
marone,5897008513,2024-12-01,53.15501,10.40188,250.0,"Melbeck, Melbecker Heide"
marone,4409335542,2023-07-30,53.16,10.42,1000.0,LG LSG Lüneburger Heide
marone,4430953767,2023-07-30,52.40042,10.48605,1067.0,
marone,4177468310,2023-08-12,51.73383,9.60178,157.0,
marone,4400359887,2023-08-18,52.13473,9.34575,,
marone,4405166034,2023-08-22,51.50594,10.15674,16.0,
marone,4410068592,2023-08-12,53.48425,10.25766,,RZ Herzogtum Lauenburg (Landkreis)
marone,4410069166,2023-08-16,53.14088,9.88563,3.0,LG VSG Lüneburger Heide
marone,4410215245,2023-08-02,52.99,9.86,1000.0,HK Heidekreis (Landkreis)
marone,4430938830,2023-08-10,52.88243,9.31516,,
marone,4438783856,2023-08-16,52.16988,9.38044,14.0,
marone,4438888857,2023-08-16,52.16999,9.38017,12.0,
marone,4438939864,2023-08-12,51.73403,9.60203,157.0,
marone,4525003200,2023-08-13,51.84031,10.3392,19.0,
marone,4925867177,2023-08-05,53.18197,9.19037,4.0,
marone,4926091149,2023-08-03,53.14527,9.07886,3.0,
marone,4950078092,2023-08-20,53.22389,9.80917,,
marone,5016228221,2023-08-20,53.24437,10.20293,250.0,"Luhmühlen, Große Heide, nördl. Turnierplatz"
marone,5019120250,2023-08-12,53.16615,10.43974,250.0,"Melbeck, Wald südöstlich des Campingplatzes"
marone,5022785762,2023-08-18,53.15382,10.42026,250.0,"Melbeck, Wald zwischen B4 und L233 bzw. Forellenbachtal"
marone,5023080885,2023-08-12,53.4786,9.88583,25.0,TK25 Blatt 2525/1 - Neugraben-Fischbek
marone,5023555593,2023-08-08,53.09948,10.33785,250.0,Süsing
marone,5025041602,2023-08-12,53.14728,10.45102,250.0,Naturschutzgebiet Forellenbachtal
marone,5026471386,2023-08-04,53.15382,10.42026,250.0,"Melbeck, Wald zwischen B4 und L233 bzw. Forellenbachtal"
marone,5028112560,2023-08-18,52.12361,9.37388,250.0,TK25 Blatt 3822/3 - Weser / Hameln
marone,5104279969,2023-08-18,53.26667,10.43226,37.0,
marone,4407373553,2023-09-01,51.63321,11.26181,26164.0,
marone,4414247695,2023-09-16,51.72417,10.61762,5.0,
marone,4416758618,2023-09-15,51.85017,10.28083,1344.0,
marone,4421058925,2023-09-30,53.22241,10.70264,330.0,
marone,4438675957,2023-09-14,52.68774,9.94675,4.0,
marone,5012907114,2023-09-10,52.46332,9.86434,250.0,Lohner Wald
marone,5016530167,2023-09-24,53.15382,10.42026,250.0,"Melbeck, Wald zwischen B4 und L233 bzw. Forellenbachtal"
marone,5019697576,2023-09-10,53.42038,11.35265,250.0,Waldgebiet bei Kraak
marone,5022343057,2023-09-27,53.13998,9.96941,250.0,Oberhaverbecker Forst
marone,5027501749,2023-09-12,51.8171,10.97483,250.0,Heers
marone,4424389788,2023-10-04,52.41375,10.37552,395.0,
marone,4424509159,2023-10-08,52.29779,10.36413,19.0,
marone,4430529901,2023-10-11,52.15586,9.41113,8.0,
marone,4430538479,2023-10-04,53.07592,11.26157,8.0,
marone,4430591973,2023-10-14,53.26577,10.49113,15.0,
marone,4431166497,2023-10-18,52.79569,10.33943,26004.0,
marone,4431236453,2023-10-21,52.95321,10.55355,101.0,
marone,4431289788,2023-10-22,52.59196,9.86578,8.0,
marone,4436198959,2023-10-28,52.41517,10.36955,511.0,
marone,4436200902,2023-10-30,52.13043,9.37305,,
marone,4436206611,2023-10-27,52.93437,9.29869,6.0,
marone,4436269135,2023-10-29,52.45825,10.81755,,
marone,4436400234,2023-10-29,52.45521,10.81233,,
marone,4438697437,2023-10-30,52.2983,10.35208,15.0,
marone,4438858082,2023-10-06,53.45129,9.88227,137.0,
marone,4438942716,2023-10-30,53.14847,10.66224,283.0,
marone,4460620727,2023-10-08,53.27313,10.71372,14.0,LG Bleckede
marone,4460837771,2023-10-31,53.26833,10.68677,7.0,LG Bleckede
marone,4461460513,2023-10-12,53.20152,9.52917,4.0,Wümmeniederung - N2000
marone,4462312901,2023-10-17,53.31989,11.51962,14.0,LUP Ludwigslust-Parchim (Landkreis)
marone,4462338011,2023-10-11,52.05429,10.01351,5.0,HI LSG Bad Salzdetfurth
marone,4462471761,2023-10-11,52.92003,9.9986,5.0,HK Heidekreis (Landkreis)
marone,4524977417,2023-10-01,53.43548,9.85681,15.0,
marone,4525088476,2023-10-05,53.29286,10.28694,88.0,
marone,4882708549,2023-10-29,53.12893,9.82392,114.0,LG VSG Lüneburger Heide
marone,4887230303,2023-10-28,53.15541,9.82529,5.0,HK - Camp Reinsehlen
marone,4890517943,2023-10-29,53.15565,9.8249,14.0,HK - Camp Reinsehlen
marone,4890808016,2023-10-29,53.1548,9.95966,7.0,LG VSG Lüneburger Heide
marone,4891009312,2023-10-29,53.1262,9.8994,14.0,LG VSG Lüneburger Heide
marone,5012577435,2023-10-18,52.45988,9.19221,250.0,Mischwald beim Denkhaus in Loccum
marone,5013606353,2023-10-14,53.09948,10.33785,250.0,Süsing
marone,5016414656,2023-10-30,53.15653,9.944,250.0,Waldgebiete westl. Wilsede
marone,5016594157,2023-10-28,53.11587,9.83294,250.0,Heideflächen östlich Schneverdingen
marone,5018493533,2023-10-23,52.60226,10.10017,250.0,Altenceller Feld - Brache und Aufforstungen
marone,5018800438,2023-10-29,53.42038,11.35265,250.0,Waldgebiet bei Kraak
marone,5019205694,2023-10-03,53.22099,10.42791,250.0,"Tiergarten, Lüneburg"
marone,5019746566,2023-10-08,53.09902,10.12922,250.0,Rehrhofer Heide
marone,5020470652,2023-10-11,53.15783,10.55401,250.0,Solchstorf SW - UE
marone,5020508476,2023-10-08,52.46462,9.93061,250.0,Oldhorster Moor
marone,5020873559,2023-10-28,53.15017,9.82332,250.0,Camp Reinsehlen
marone,5021893681,2023-10-21,52.53689,9.70311,250.0,Henjeskamp
marone,5022245367,2023-10-23,53.15501,10.40188,250.0,"Melbeck, Melbecker Heide"
marone,5022551935,2023-10-19,52.44976,9.14762,250.0,Klosterwald Loccum
marone,5022719380,2023-10-30,53.11412,9.88152,250.0,Lüneburger Heide- nördl. Bockheber
marone,5022739755,2023-10-23,52.26443,11.12395,250.0,Bartenslebener Forst
marone,5022881253,2023-10-08,52.46332,9.86434,250.0,Lohner Wald
marone,5023542571,2023-10-15,53.15382,10.42026,250.0,"Melbeck, Wald zwischen B4 und L233 bzw. Forellenbachtal"
marone,5023837618,2023-10-23,53.15382,10.42026,250.0,"Melbeck, Wald zwischen B4 und L233 bzw. Forellenbachtal"
marone,5025371770,2023-10-30,52.12361,9.37388,250.0,TK25 Blatt 3822/3 - Weser / Hameln
marone,5025714840,2023-10-08,53.45808,11.24365,250.0,Viezer Heide (TÜP) und umgebender Wald
marone,5026910561,2023-10-07,52.53689,9.70311,250.0,Henjeskamp
marone,5104255128,2023-10-21,52.30378,10.35378,16.0,
marone,4438895506,2023-11-03,52.13518,9.35299,,
marone,4440865935,2023-11-12,52.18855,10.7486,,
marone,4453921367,2023-11-22,53.20032,10.61504,138.0,
marone,4459788076,2023-11-08,53.14176,9.91929,7.0,LG VSG Lüneburger Heide
marone,5014188819,2023-11-25,52.45988,9.19221,250.0,Mischwald beim Denkhaus in Loccum
marone,5015435669,2023-11-02,52.43438,9.70889,250.0,"Godshorn Gärten, Wege und Wiesen"
marone,5017557279,2023-11-11,53.30104,11.15872,250.0,Nationales Naturerbe Lübtheener Heide
marone,5017958057,2023-11-03,52.12361,9.37388,250.0,TK25 Blatt 3822/3 - Weser / Hameln
marone,5018146953,2023-11-04,52.44976,9.14762,250.0,Klosterwald Loccum
marone,5023321594,2023-11-21,52.30459,10.61156,250.0,BS-NO
marone,5028436372,2023-11-01,53.15382,10.42026,250.0,"Melbeck, Wald zwischen B4 und L233 bzw. Forellenbachtal"
marone,6353222008,2023-11-02,52.10015,11.27497,717.0,
marone,6412510041,2023-11-04,53.08564,11.09078,20.0,DAN Lüchow-Dannenberg (Landkreis)
marone,3912005744,2022-09-16,53.15898,11.18148,8.0,
marone,3915537598,2022-09-24,51.84651,10.32142,8.0,
marone,3995400150,2022-09-25,51.77264,9.54753,104.0,HOL Solling-Vogler NP
marone,3995528105,2022-09-17,53.26373,10.68537,25.0,LG Lüneburg (Landkreis)
marone,3995882387,2022-09-18,53.25277,11.99001,6.0,PR Prignitz (Landkreis)
marone,3996077174,2022-09-26,52.43281,10.8901,8.0,WOB Wolfsburg (Kreisfreie Stadt)
marone,3996145076,2022-09-18,53.23401,10.80708,25.0,LG LSG Lüneburger Heide
marone,3996429990,2022-09-25,53.26087,10.81277,171.0,LG Lüneburg (Landkreis)
marone,3996625926,2022-09-18,53.25268,11.99029,567.0,PR Prignitz (Landkreis)
marone,3997075149,2022-09-25,53.17984,10.46334,8.0,NSG Dieksbeck
marone,3997365404,2022-09-30,53.21136,10.33449,7.0,LG LSG Lüneburger Heide
marone,3997433824,2022-09-25,53.1785,10.46412,,NSG Dieksbeck
marone,5013373081,2022-09-25,51.92364,9.79049,250.0,TK25 Blatt 4024/4 - Delligsen / Kaierde
marone,5013562139,2022-09-20,52.54154,9.83,250.0,Sprillgehege
marone,5019643996,2022-09-25,52.54154,9.83,250.0,Sprillgehege
marone,5020109411,2022-09-24,52.53689,9.70311,250.0,Henjeskamp
marone,5027678595,2022-09-15,53.16673,10.00609,250.0,Döhler Fuhren
marone,6412108244,2022-09-29,52.52859,9.87984,13.0,FFH Trunnenmoor
marone,3923350454,2022-10-03,53.43859,9.80055,,
marone,3923393415,2022-10-02,52.44904,10.8115,207.0,
marone,3925063257,2022-10-09,53.46154,9.87374,10.0,
marone,3925272645,2022-10-11,53.29395,10.23179,24.0,
marone,3947077890,2022-10-18,51.81178,10.36878,33.0,
marone,3947291079,2022-10-19,52.25258,10.45984,25.0,
marone,3947316386,2022-10-22,52.28799,10.62996,9.0,
marone,3947360224,2022-10-21,53.22531,9.78326,175.0,
marone,3947488255,2022-10-11,52.41525,10.01771,283.0,
marone,3947575617,2022-10-16,52.94807,10.4836,25972.0,
marone,3961492437,2022-10-31,52.32569,10.57575,9.0,
marone,3988601291,2022-10-22,51.65014,11.02336,57.0,
marone,3994190542,2022-10-02,53.46123,11.57229,4.0,
marone,3995866706,2022-10-16,53.14005,9.83899,28.0,LG VSG Lüneburger Heide
marone,3997416356,2022-10-16,53.13665,9.83296,25.0,LG VSG Lüneburger Heide
marone,3997696739,2022-10-13,52.07413,9.94308,25.0,HI LSG Beuster und Kalte Beuster
marone,4039355762,2022-10-08,52.38998,9.76787,2213.0,
marone,4127014628,2022-10-01,53.22241,10.70264,330.0,
marone,4158452187,2022-10-15,52.28151,9.17202,30.0,LSG Bückeberge
marone,4440887674,2022-10-21,51.78694,10.29519,1250.0,
marone,4926160112,2022-10-16,53.15642,9.07739,16.0,
marone,4931625091,2022-10-31,53.3271,9.5029,1.0,ROW Rotenburg (Wümme) (Landkreis)
marone,5013825641,2022-10-08,52.53689,9.70311,250.0,Henjeskamp
marone,5014515413,2022-10-16,52.52454,10.12596,250.0,Wathlingen - Kaliberg
marone,5016970176,2022-10-18,53.45808,11.24365,250.0,Viezer Heide (TÜP) und umgebender Wald
marone,5017488502,2022-10-15,52.00149,9.65973,250.0,Bruchsee: Wallensen-Duingen
marone,5018789405,2022-10-23,52.25471,9.56703,250.0,Deister Ostseite
marone,5020227208,2022-10-17,52.37006,10.82353,25.0,TK25 Blatt 3630/2 - Wolfsburg / Detmerode / Barnstorf
marone,5023143883,2022-10-23,53.45853,10.71804,250.0,Waldgebiet südwestlich Leisterförde
marone,5023814080,2022-10-23,53.1235,10.2904,250.0,TK25 Blatt 2827/4 - Lüneburger Heide / Betzendorf
marone,5025764387,2022-10-15,52.52454,10.12596,250.0,Wathlingen - Kaliberg
marone,5026961356,2022-10-13,51.7487,10.57606,250.0,Achtermannshöhe und Umgebung
marone,6411971631,2022-10-16,53.14019,9.93306,7.0,LG VSG Lüneburger Heide
marone,5013144372,2022-11-13,53.22349,10.45703,250.0,TK25 Blatt 2728/4 - Lüneburg / Wendisch Evern
marone,5016232507,2022-11-06,52.90248,9.55038,250.0,Grundloses Moor und Grundloser See bei Walsrode
marone,5017184797,2022-11-05,52.81805,10.14287,250.0,Misselhorner Heide und angrenzender Wald
marone,5018154005,2022-11-21,53.135,10.34046,250.0,Süsing-Nord
marone,5022582129,2022-11-27,53.15501,10.40188,250.0,"Melbeck, Melbecker Heide"
marone,5024288195,2022-11-12,52.27955,10.80475,25.0,TK25 Blatt 3730/2 - Lauingen / Königslutter am Elm
marone,5025845857,2022-11-06,52.27016,11.05052,250.0,Lappwald bei Walbeck
marone,3330503396,2021-01-02,52.0225,10.21312,366.0,
marone,5021280278,2021-02-07,51.67367,10.95698,250.0,TK25 Blatt 4331/2 - Harz / Allrode
marone,3355507634,2021-07-21,51.80377,10.27365,,
marone,3355238619,2021-09-02,53.11972,9.90581,65.0,
marone,3384709484,2021-09-11,52.49781,10.72665,6611.0,
marone,3384968611,2021-09-12,52.27269,10.5911,10.0,
marone,3456801308,2021-09-04,52.7145,10.47269,14.0,
marone,3731835472,2021-09-04,52.17215,10.85624,5.0,LSG Elm
marone,3733403433,2021-09-02,52.1744,10.86133,5.0,LSG Elm
marone,3823000338,2021-09-04,52.17099,10.85646,8.0,LSG Elm
marone,3823004706,2021-09-04,52.17208,10.85576,5.0,LSG Elm
marone,3915488430,2021-09-05,53.23571,9.84186,174.0,
marone,5014089420,2021-09-26,52.54154,9.83,250.0,Sprillgehege
marone,5015917871,2021-09-26,52.52357,9.8738,250.0,TK25 Blatt 3425/3 - Burgwedel / Kleinburgwedel
marone,5017568225,2021-09-26,52.55419,9.47798,250.0,Klostertannen Mariensee
marone,5017606693,2021-09-25,52.52454,10.12596,250.0,Wathlingen - Kaliberg
marone,5018719301,2021-09-04,53.01953,10.46482,250.0,Bobenwald
marone,5019295360,2021-09-11,52.44976,9.14762,250.0,Klosterwald Loccum
marone,5021307060,2021-09-19,52.52357,9.8738,250.0,TK25 Blatt 3425/3 - Burgwedel / Kleinburgwedel
marone,5022513626,2021-09-26,52.52454,10.12596,250.0,Wathlingen - Kaliberg
marone,5023331398,2021-09-03,53.16782,9.94567,250.0,Wilseder Berg u. umgebende Heideflächen
marone,5023758254,2021-09-04,53.17349,9.87379,250.0,TK25 Blatt 2825/1 - Lüneburger Heide
marone,5026392061,2021-09-14,52.45643,10.35354,250.0,Oker - Totarm südlich Meinersen
marone,5027410410,2021-09-04,52.49511,9.38095,250.0,Steinhuder Meer (Ostufer)
marone,5027647655,2021-09-12,52.53001,10.23067,250.0,NSG Bohlenbruch
marone,5027817290,2021-09-26,52.54154,9.83,250.0,Sprillgehege
marone,6424417540,2021-09-13,52.40019,10.51707,11.0,LSG Papenteich und Schweineholz
marone,3408112141,2021-10-28,53.34902,9.61238,38399.0,
marone,3731938662,2021-10-05,52.28198,10.78321,13.0,LSG Mittlere Schunter
marone,3733027273,2021-10-05,52.28188,10.78313,4.0,LSG Mittlere Schunter
marone,3823278759,2021-10-07,52.46231,9.86017,25.0,H Isernhagen LSG Obere Wietze
marone,3858228857,2021-10-02,52.59138,11.29705,4.0,
marone,3912123432,2021-10-02,53.21911,9.8028,464.0,
marone,4976229409,2021-10-01,51.57247,10.07683,15.0,
marone,5018050749,2021-10-09,52.29908,9.41534,250.0,Deister Westseite
marone,5022913782,2021-10-08,53.29385,9.81337,250.0,Lohberge
marone,5023381077,2021-10-16,52.77644,10.26827,250.0,"Aschauteiche, nördlich"
marone,5026832199,2021-10-26,53.19756,11.04743,250.0,Binnendüne und Kiefernwald bei Kaarßen
marone,5027158232,2021-10-26,53.1235,11.30407,250.0,NSG Binnendünen bei Klein Schmölen und NSG Löcknitztal-Altla
marone,3415582633,2021-11-14,51.80449,9.64646,41.0,
marone,5019326388,2021-11-07,52.7267,9.8211,250.0,Gut Sunder und umliegender Wald
marone,5020998380,2021-12-13,53.42038,11.35265,250.0,Waldgebiet bei Kraak
marone,5019508136,2020-07-23,51.74425,10.64283,250.0,Kramershai
marone,5022776961,2020-07-11,52.95395,10.56172,250.0,Uelzen Hasenberg
marone,5025509712,2020-07-27,51.77156,10.35324,25.0,TK25 Blatt 4228/1 - Harz / Buntenbock / Riefensbeek
marone,2864602014,2020-09-13,51.83954,10.10842,31.0,
marone,5013831661,2020-09-13,52.90248,9.55038,250.0,Grundloses Moor und Grundloser See bei Walsrode
marone,5014330378,2020-09-29,53.46918,11.56832,250.0,Friedrichsmoor und Waldlewitz
marone,5014885238,2020-09-19,52.44976,9.14762,250.0,Klosterwald Loccum
marone,5017318272,2020-09-14,52.77644,10.26827,250.0,"Aschauteiche, nördlich"
marone,5022715775,2020-09-19,52.50065,9.24019,250.0,Rehburger Moor und Rehburger Wald
marone,5024450862,2020-09-27,52.54154,9.83,250.0,Sprillgehege
marone,5026166872,2020-09-17,52.44126,10.47014,250.0,NSG Viehmoor (Leiferde)
marone,5026972310,2020-09-13,51.7536,9.50798,250.0,Neuhaus
marone,6424680659,2020-09-13,52.49502,10.02994,12.0,LSG Burgdorfer Holz
marone,3118205708,2020-10-10,52.33095,11.62526,3020.0,
marone,3330506393,2020-10-20,52.84734,11.73037,8.0,
marone,4156467121,2020-10-30,53.48033,10.50961,37.0,RZ Herzogtum Lauenburg (Landkreis)
marone,5014194609,2020-10-28,53.27072,10.68691,25.0,TK25 Blatt 2730/1 - Elbe / Bleckede / Breetze
marone,5021114378,2020-10-25,52.48442,10.55258,250.0,Gifhorn
marone,5022935641,2020-10-27,52.44126,10.47014,250.0,NSG Viehmoor (Leiferde)
marone,5023360560,2020-10-24,52.38296,9.40203,250.0,haste mysta
marone,5024427249,2020-10-21,52.44976,9.14762,250.0,Klosterwald Loccum
marone,5025210157,2020-10-10,53.45808,11.24365,250.0,Viezer Heide (TÜP) und umgebender Wald
marone,5026698242,2020-10-31,52.87688,9.65085,250.0,Lönsgrab & Tietlinger Wacholderhain und Umgebung
marone,5028499411,2020-10-07,51.67367,10.95698,250.0,TK25 Blatt 4331/2 - Harz / Allrode
marone,2984371578,2020-11-07,51.83861,10.1082,122.0,
marone,2984509584,2020-11-07,52.88038,10.61576,25972.0,
marone,2988518099,2020-11-15,52.49912,9.71487,17.0,
marone,2988725718,2020-11-22,53.11844,9.81656,50.0,
marone,2992691588,2020-11-19,52.28256,10.47478,7.0,
marone,2992713557,2020-11-06,51.70492,11.24117,24.0,
marone,3915480393,2020-11-22,52.54713,9.30809,24.0,
marone,3947400390,2020-11-02,52.50974,10.85737,11482.0,
marone,3988544356,2020-11-08,53.11547,9.81444,15.0,
marone,5012447584,2020-11-10,53.48201,10.70049,250.0,Waldgebiet nördlich Gartenschläger Eck
marone,5013592557,2020-11-03,52.79293,9.66434,250.0,Heide bei Krelingen
marone,5014075742,2020-11-07,53.04181,10.46561,250.0,Brennholz - Ebstorf - UE
marone,5016886221,2020-11-21,52.99326,10.58873,250.0,Ripdorf Wald - UE - Landesforst 2120-2123
marone,5021338900,2020-11-15,52.97118,10.27462,250.0,Ellerndorf Heide Schießbahn Nord
marone,5022267850,2020-11-05,52.98749,10.2512,250.0,Lintzel Blauer Waldpfad
marone,5025510802,2020-11-08,53.28772,10.69905,25.0,TK25 Blatt 2730/1 - Elbe / Bleckede / Breetze
marone,5026870232,2020-11-07,52.95691,10.37178,250.0,Mönchsbruch und Unteres Häsebachtal UE
marone,5018632231,2020-12-18,53.21744,10.54628,250.0,Barendorf - Forst Birken
marone,5020603135,2020-12-05,52.7079,9.67955,250.0,"Essel, Waldbrandstelle nahe A7"
marone,3972967247,2019-08-29,51.58,10.09167,,Göttingen
marone,3972967248,2019-08-29,51.58,10.09167,,Göttingen
marone,3972980285,2019-08-29,51.58,10.09167,,Göttingen
marone,3972999912,2019-08-29,51.58,10.09167,,Göttingen
marone,3973005400,2019-08-29,51.58,10.09167,,Göttingen
marone,3973007376,2019-08-29,51.58,10.09167,,Göttingen
marone,3973042345,2019-08-29,51.58,10.09167,,Göttingen
marone,3973094642,2019-08-29,51.58,10.09167,,Göttingen
marone,3973094643,2019-08-29,51.58,10.09167,,Göttingen
marone,3974712549,2019-08-29,51.58,10.09167,,Göttingen
marone,3974741311,2019-08-29,51.58,10.09167,,Göttingen
marone,3974805516,2019-08-29,51.58,10.09167,,Göttingen
marone,3974805517,2019-08-29,51.58,10.09167,,Göttingen
marone,3974823575,2019-08-29,51.58,10.09167,,Göttingen
marone,3976382482,2019-08-29,51.58,10.09167,,Göttingen
marone,3976541212,2019-08-29,51.58,10.09167,,Göttingen
marone,3976541213,2019-08-29,51.58,10.09167,,Göttingen
marone,3976577662,2019-08-29,51.58,10.09167,,Göttingen
marone,3976583491,2019-08-29,51.58,10.09167,,Göttingen
marone,3976590310,2019-08-29,51.58,10.09167,,Göttingen
marone,3976598565,2019-08-29,51.58,10.09167,,Göttingen
marone,3976751204,2019-08-29,51.58,10.09167,,Göttingen
marone,3976751205,2019-08-29,51.58,10.09167,,Göttingen
marone,3977930353,2019-08-29,51.58,10.09167,,Göttingen
marone,3977940215,2019-08-29,51.58,10.09167,,Göttingen
marone,3978033430,2019-08-29,51.58,10.09167,,Göttingen
marone,3978037321,2019-08-29,51.58,10.09167,,Göttingen
marone,3978037322,2019-08-29,51.58,10.09167,,Göttingen
marone,5024736062,2019-08-25,51.82365,10.45706,250.0,TK25 Blatt 4128/4 - Harz / Altenau / Okerstausee
marone,2423175055,2019-09-16,51.80535,10.44764,125.0,
marone,5016994992,2019-09-27,52.13075,9.62505,250.0,Osterwald
marone,5017292538,2019-09-27,52.25471,9.56703,250.0,Deister Ostseite
marone,5027043029,2019-09-28,52.00149,9.65973,250.0,Bruchsee: Wallensen-Duingen
marone,2444999746,2019-10-19,52.19749,10.75074,18.0,
marone,2456514188,2019-10-31,51.86677,10.57909,17.0,
marone,2574227364,2019-10-14,51.84363,9.38747,,
marone,2818536362,2019-10-01,51.77746,9.54629,,
marone,3457078300,2019-10-25,52.12729,9.36113,,
marone,3724095568,2019-10-25,51.94155,9.69654,10.0,HOL Holzminden (Landkreis)
marone,5016629247,2019-10-03,53.1368,10.79263,250.0,Kellerberg - Göhrde
marone,5017365348,2019-10-07,52.93415,10.27994,250.0,Kiehnmoor mit Heideflächen
marone,5020305223,2019-10-22,53.15382,10.42026,250.0,"Melbeck, Wald zwischen B4 und L233 bzw. Forellenbachtal"
marone,5020314482,2019-10-18,53.23736,10.70621,25.0,TK25 Blatt 2730/3 - Ostheide / Ellringen / Dahlem
marone,5021121032,2019-10-19,53.27499,10.71312,25.0,TK25 Blatt 2730/1 - Elbe / Bleckede / Breetze
marone,5024960373,2019-10-25,52.25471,9.56703,250.0,Deister Ostseite
marone,5025410598,2019-10-02,52.2568,9.4806,250.0,Nienstedter Pass Kammweg zwischen Pass und Annaturm
marone,5027421420,2019-10-01,52.29189,9.46026,250.0,Deister Nordostseite
marone,5027847167,2019-10-27,51.81221,9.64423,250.0,MTB 4123/4/4 Waldgebiet Solling
marone,5014598360,2019-11-03,52.44047,9.22618,250.0,Mischwald bei Bad Rehburg
marone,5022472645,2019-11-03,52.44478,9.21362,250.0,Bad Rehburg Laubwald
marone,5027366220,2018-10-28,52.53001,10.23067,250.0,NSG Bohlenbruch
marone,5027510513,2018-10-22,51.88073,10.47678,250.0,Waldhaus Oker südöstlich der Oker
marone,5013481685,2018-11-30,52.25471,9.56703,250.0,Deister Ostseite
marone,5017043881,2018-11-04,51.87143,11.37495,250.0,NSG Hakel (Kleiner Hakel) + Feld
marone,5017296750,2018-11-18,53.27776,10.71371,25.0,TK25 Blatt 2730/1 - Elbe / Bleckede / Breetze
marone,2988921830,2017-07-14,53.085,10.31806,,"Wettenbostel, NWR Süsing - 09ÜK_07"
marone,5012595577,2017-08-20,52.3452,9.07754,250.0,Schaumburger Wald bei Hespe
marone,5017583601,2017-08-17,52.13075,9.62505,250.0,Osterwald
marone,1920851270,2017-09-30,52.19676,10.74943,5.0,
marone,4442671506,2017-09-29,52.31689,9.40545,122.0,
marone,5013986362,2017-09-30,53.07856,9.5521,250.0,Trochel zwischen Hemslingen und Brockel
marone,5014660032,2017-09-09,53.46918,11.56832,250.0,Friedrichsmoor und Waldlewitz
marone,5015077071,2017-09-06,51.6156,9.59433,25.0,Pfeifengrund und Klinik Lippoldsberg
marone,5019534146,2017-09-09,52.43079,9.23152,250.0,Wald bei Bad Rehburg
marone,5021159059,2017-09-27,52.49266,9.5836,250.0,Wald an der Auter bei Osterwald
marone,5021572574,2017-09-10,52.44976,9.14762,250.0,Klosterwald Loccum
marone,5022293596,2017-09-17,53.46108,9.24431,250.0,Stüh bei Bremervörde
marone,5022883604,2017-09-09,53.01344,11.36227,250.0,Gartower Forst westl. B493
marone,5023221019,2017-09-22,52.9083,10.38201,250.0,Bahnsen Hochspannungstrasse Heideflächen
marone,5026582996,2017-09-24,52.55419,9.47798,250.0,Klostertannen Mariensee
marone,2234818867,2017-10-03,51.77128,10.67826,5.0,
marone,5017426312,2017-10-28,51.65311,10.72933,250.0,"Benneckenstein, Waldschlösschen u. südl. Umgeb."
marone,5020850270,2017-10-21,52.82284,11.50738,250.0,"Heiligenfelde, Mühlenberg und Kiesgrube"
marone,5022049365,2017-10-01,52.77644,10.26827,250.0,"Aschauteiche, nördlich"
marone,5027134296,2017-10-01,53.45627,11.7249,250.0,Waldgebiet zw. Garwitz und Malchow
marone,1920848738,2016-08-23,51.77301,10.34881,5.0,
marone,5025035733,2016-08-24,51.77366,10.6237,250.0,TK25 Blatt 4229/2 - Harz / Schierke
marone,2988912534,2016-10-23,53.05423,10.81672,,"Hohenzethen, RF Hohenfier - 07ÜL_02"
marone,5027749673,2016-10-18,52.42989,9.80392,250.0,Hannover Bothfeld Robinienweg
marone,5028598686,2016-10-23,51.82944,9.90375,250.0,Waldgebiet am Aussichtsturm Altendorfer Berg
marone,1453187211,2016-11-01,51.83593,10.58085,5.0,
marone,1143548324,2015-09-19,52.76847,10.56999,26004.0,
marone,1143556617,2015-09-27,52.06027,10.77932,26100.0,
marone,5013432244,2015-09-25,52.86556,10.22046,250.0,Oberohe - Kieselgurgruben und Heidefläche
marone,5015006454,2015-09-22,52.97118,10.27462,250.0,Ellerndorf Heide Schießbahn Nord
marone,5019948135,2015-09-09,52.78317,10.27166,250.0,Drellen-Immenbusch - Obere Aschauteiche
marone,5024248947,2015-09-19,53.1235,11.30407,250.0,NSG Binnendünen bei Klein Schmölen und NSG Löcknitztal-Altla
marone,5076810225,2015-09-12,51.74694,10.67104,773.0,
marone,5016187074,2015-10-10,53.32457,11.54526,250.0,Waldgebiet westl. LWL-Grabower Heide
marone,5017942393,2015-10-04,53.26696,10.59719,250.0,Buckelgräberfeld Boltersen
marone,5023643577,2015-10-10,53.27327,11.54386,250.0,Grabower Forst bei Grabow-West
marone,5026099892,2015-10-10,52.33543,9.32122,250.0,Waldgebiet bei Beckedorf
marone,6137472783,2015-10-23,53.1867,9.99241,250.0,Undeloh - Heide südöstlich
pfifferling,6412807735,2026-06-23,53.17579,9.88573,,LG VSG Lüneburger Heide
pfifferling,6412846631,2026-06-21,53.2732,10.17635,3.0,WL Garstedt
pfifferling,6422256081,2026-06-28,51.65226,9.47395,,
pfifferling,6424680698,2026-06-24,52.9771,9.28754,272.0,FFH Poggenmoor
pfifferling,6424474671,2026-07-05,53.07861,10.20017,25.0,Gewässersystem der Luhe und unteren Neetze - N2000
pfifferling,6424568428,2026-07-05,53.07861,10.20017,25.0,Gewässersystem der Luhe und unteren Neetze - N2000
pfifferling,6447638772,2026-07-23,52.8663,10.22355,5.0,CE Faßberg
pfifferling,6447657943,2026-07-07,53.13881,9.80074,,LSG Höpener Heide und Höpener Berg
pfifferling,6447939630,2026-07-23,53.39717,9.81451,6.0,LSG Rosengarten - Kiekeberg - Stuvenwald
pfifferling,6448407311,2026-07-23,52.86634,10.22358,4.0,CE Faßberg
pfifferling,6448849785,2026-07-23,52.86646,10.22338,6.0,CE Faßberg
pfifferling,6467839328,2026-07-08,51.9329,10.23152,10.0,Gläsener Berg
pfifferling,6479303270,2026-08-02,52.97278,10.24699,6.0,
pfifferling,6479603797,2026-08-02,52.9606,10.24742,600.0,
pfifferling,5230888006,2025-07-10,53.38191,9.3272,25908.0,
pfifferling,5231829399,2025-07-16,53.1539,9.93743,8.0,
pfifferling,5282521205,2025-07-29,53.30912,11.52873,,
pfifferling,5283483446,2025-07-28,53.14269,9.91693,2.0,LG VSG Lüneburger Heide
pfifferling,5282378460,2025-08-01,52.8231,9.23898,29.0,
pfifferling,5283187435,2025-08-03,53.12968,9.90462,10.0,LG VSG Lüneburger Heide
pfifferling,5897006517,2025-08-01,53.15382,10.42026,250.0,"Melbeck, Wald zwischen B4 und L233 bzw. Forellenbachtal"
pfifferling,5829250340,2025-09-16,53.25539,10.31007,16.0,LG LSG Lüneburger Heide
pfifferling,4890453779,2024-01-01,53.15152,9.88917,3.0,LG VSG Lüneburger Heide
pfifferling,4901438318,2024-06-22,51.54188,9.6563,,
pfifferling,4901815930,2024-06-22,53.16575,9.96115,8.0,
pfifferling,4931090820,2024-06-22,53.16569,9.96111,3.0,LG VSG Lüneburger Heide
pfifferling,4910667325,2024-07-18,52.2357,10.78067,,
pfifferling,4910993243,2024-07-18,53.16601,9.96113,15.0,
pfifferling,4921487596,2024-07-31,51.56777,10.08583,684.0,
pfifferling,4931237620,2024-07-16,53.15954,9.96374,3.0,LG VSG Lüneburger Heide
pfifferling,4931456217,2024-07-12,53.25615,10.80994,278.0,LG Bleckede
pfifferling,4931643050,2024-07-13,53.10197,9.83283,,HK Schneverdingen Pietzmoor
pfifferling,4932725223,2024-07-05,53.14,10.22,,Oldendorfer Totenstatt
pfifferling,4933609940,2024-07-17,52.25259,9.48239,4.0,NSG Köllnischfeld
pfifferling,4935276065,2024-07-13,53.17725,9.95506,5.0,LG VSG Lüneburger Heide
pfifferling,5017585632,2024-07-31,53.37348,11.62351,250.0,TK25 Blatt 2635/2 - Neustadt-Glewe / Brenz / Blievenstorf
pfifferling,5026751244,2024-07-03,52.61153,10.02065,25.0,TK25 Blatt 3326/3 - Aller / Celle
pfifferling,4922002710,2024-08-04,51.84121,10.64497,7.0,
pfifferling,4934607616,2024-08-21,51.80138,9.66336,,LSG Solling
pfifferling,5016346022,2024-08-17,52.61337,10.01596,250.0,Wald Alter Kanal Celle
pfifferling,5027188814,2024-08-04,52.13075,9.62505,250.0,Osterwald
pfifferling,4956212186,2024-09-26,52.53674,9.85089,29.0,H Hannover (Region)
pfifferling,4957960324,2024-09-29,52.58962,10.8275,3.0,GF Gifhorn (Landkreis)
pfifferling,5023031840,2024-09-01,51.75057,9.82375,250.0,Höhenzug Ahlsburg
pfifferling,4957137675,2024-10-02,52.8107,10.16618,6.0,Heiden und Magerrasen in der Südheide - N2000
pfifferling,4985463200,2024-10-03,53.24308,10.70973,14.0,LG Lüneburg (Landkreis)
pfifferling,5013408380,2024-10-12,51.83695,10.39942,250.0,Brandkopf mit Schalker Teich
pfifferling,5025566366,2024-10-12,52.53689,9.70311,250.0,Henjeskamp
pfifferling,5076811869,2024-10-02,53.01642,9.2577,4.0,
pfifferling,4989637413,2024-11-26,53.17841,9.87128,3.0,LG VSG Lüneburger Heide
pfifferling,5026383881,2024-12-31,52.46332,9.86434,250.0,Lohner Wald
pfifferling,5076793213,2024-12-25,52.44368,10.45651,1112.0,
pfifferling,4409525228,2023-07-28,53.15576,9.96396,,LG VSG Lüneburger Heide
pfifferling,4410058394,2023-07-28,52.18915,10.83823,28.0,LSG Elm
pfifferling,5020370822,2023-07-26,53.15382,10.42026,250.0,"Melbeck, Wald zwischen B4 und L233 bzw. Forellenbachtal"
pfifferling,5027801576,2023-07-30,53.19251,10.42561,250.0,Deutsch Evern - Friedhof
pfifferling,5076749987,2023-07-25,53.43961,9.92797,79.0,
pfifferling,4177153084,2023-08-02,52.26826,10.5518,157.0,
pfifferling,4399997854,2023-08-13,51.63375,10.0275,227.0,
pfifferling,4405479864,2023-08-27,53.22241,10.70264,330.0,
pfifferling,4409024505,2023-08-06,52.09,9.9,,HI Diekholzen (Kern)
pfifferling,4409892691,2023-08-03,53.07758,10.20144,,Gewässersystem der Luhe und unteren Neetze - N2000
pfifferling,4409920902,2023-08-31,53.25612,10.8098,550.0,LG Bleckede
pfifferling,4410098661,2023-08-02,53.45953,9.87661,5.0,HH Hamburg (Kreisfreie Stadt)
pfifferling,4410139690,2023-08-25,53.27403,10.71368,7.0,LG Bleckede
pfifferling,4410525180,2023-08-05,52.89547,10.09184,7.0,LSG Südheide im Landkreis Celle
pfifferling,4410526365,2023-08-19,52.06516,10.00283,7.0,HI LSG Bad Salzdetfurth
pfifferling,4410666317,2023-08-19,53.14743,9.85797,8.0,LG VSG Lüneburger Heide
pfifferling,4410738779,2023-08-19,53.14746,9.85812,5.0,LG VSG Lüneburger Heide
pfifferling,4410892164,2023-08-31,53.22,10.49,1000.0,LG LSG Lüneburger Heide
pfifferling,4458780502,2023-08-30,51.73304,9.60844,6373.0,
pfifferling,4606580548,2023-08-07,53.25618,10.43531,150.0,
pfifferling,4606805922,2023-08-04,53.22241,10.70264,330.0,
pfifferling,4888758368,2023-08-08,51.76887,9.02821,,HX Höxter (Kreis)
pfifferling,5012858298,2023-08-25,52.26443,11.12395,250.0,Bartenslebener Forst
pfifferling,5019877004,2023-08-07,53.19414,10.41096,250.0,"Melbeck, östlich B 4"
pfifferling,5023536146,2023-08-05,53.2341,10.4328,250.0,"Lüneburg, Waldfriedhof"
pfifferling,5076711981,2023-08-30,53.14752,11.56966,2900.0,
pfifferling,5076758982,2023-08-16,52.8436,9.34534,4.0,
pfifferling,5171475477,2023-08-27,51.65556,10.64416,,Bergwiesen und Wolfsbachtal bei Hohegeiß - N2000
pfifferling,4430455227,2023-09-07,53.16806,10.9889,3679.0,
pfifferling,4597260430,2023-09-22,52.13332,9.35121,,
pfifferling,4854975622,2023-09-16,51.72338,10.61619,4.0,
pfifferling,4855280748,2023-09-06,51.682,9.49516,28.0,
pfifferling,4887090678,2023-09-30,53.27456,10.96204,739.0,Niedersächsische Mittelelbe - N2000
pfifferling,4889956615,2023-09-12,52.25973,9.49409,4.0,LSG Norddeister
pfifferling,5012515223,2023-09-25,53.21744,10.54628,250.0,Barendorf - Forst Birken
pfifferling,5013521543,2023-09-24,53.40372,11.40753,250.0,Waldgebiet östl. Jasnitz
pfifferling,5020367375,2023-09-22,52.12361,9.37388,250.0,TK25 Blatt 3822/3 - Weser / Hameln
pfifferling,5020929933,2023-09-10,53.42038,11.35265,250.0,Waldgebiet bei Kraak
pfifferling,5021507782,2023-09-05,51.73724,11.09671,250.0,Silgenberg
pfifferling,5021941140,2023-09-10,52.46332,9.86434,250.0,Lohner Wald
pfifferling,4431029991,2023-10-14,51.65173,11.20321,26164.0,
pfifferling,4436212605,2023-10-24,52.93272,9.302,5.0,
pfifferling,4438732121,2023-10-21,53.29097,9.70906,25908.0,
pfifferling,4438866279,2023-10-22,52.50173,10.70447,26036.0,
pfifferling,4460138721,2023-10-15,53.24517,10.71218,5.0,LG Lüneburg (Landkreis)
pfifferling,4460854131,2023-10-08,53.17456,10.99795,33.0,Drawehn - N2000
pfifferling,4880338834,2023-10-18,52.01053,9.65103,24.0,HI Duinger Teiche
pfifferling,4881474814,2023-10-15,51.97607,9.68113,16.0,NSG Duinger Wald
pfifferling,4885680336,2023-10-29,53.12627,9.89922,28.0,LG VSG Lüneburger Heide
pfifferling,4886186304,2023-10-18,52.01056,9.65083,8.0,HI Duinger Teiche
pfifferling,4886597782,2023-10-22,51.53174,9.69086,23.0,GÖ Göttingen (Landkreis)
pfifferling,4890616582,2023-10-29,53.1548,9.95966,7.0,LG VSG Lüneburger Heide
pfifferling,4890932863,2023-10-15,51.97592,9.68094,16.0,NSG Duinger Wald
pfifferling,5014344377,2023-10-30,53.15653,9.944,250.0,Waldgebiete westl. Wilsede
pfifferling,5015369388,2023-10-29,52.59336,10.83988,25.0,TK25 Blatt 3431/1 - Tülau / Voitze
pfifferling,5017624945,2023-10-29,53.19414,10.41096,250.0,"Melbeck, östlich B 4"
pfifferling,5017961041,2023-10-11,53.15783,10.55401,250.0,Solchstorf SW - UE
pfifferling,5023197295,2023-10-21,52.53689,9.70311,250.0,Henjeskamp
pfifferling,5026159660,2023-10-08,53.45808,11.24365,250.0,Viezer Heide (TÜP) und umgebender Wald
pfifferling,5076758216,2023-10-30,52.65836,11.10026,3299.0,
pfifferling,4460657706,2023-11-26,51.75228,9.60553,,LSG Solling
pfifferling,4855504674,2023-11-11,51.62718,10.62221,48.0,
pfifferling,5076831571,2023-11-15,52.93895,10.16,,
pfifferling,4885467229,2023-12-28,52.07715,9.93063,,HI VSG Hildesheimer Wald
pfifferling,4887728198,2023-12-09,51.98279,9.67892,24.0,HI Hildesheim (Landkreis)
pfifferling,4890476057,2023-12-28,52.07718,9.93065,,HI VSG Hildesheimer Wald
pfifferling,3995499503,2022-09-23,53.24375,10.81871,14.0,LG LSG Lüneburger Heide
pfifferling,5016590940,2022-09-25,52.54154,9.83,250.0,Sprillgehege
pfifferling,3732295356,2021-07-01,53.17472,9.95788,7.0,LG VSG Lüneburger Heide
pfifferling,3997316619,2021-09-03,51.74111,10.37,,Osterode am Harz (ehem. Landkreis)
pfifferling,5012855189,2021-09-03,52.17211,9.4075,250.0,Süntel: Süd
pfifferling,5025759886,2021-09-19,52.52357,9.8738,250.0,TK25 Blatt 3425/3 - Burgwedel / Kleinburgwedel
pfifferling,5020658579,2021-10-16,52.77644,10.26827,250.0,"Aschauteiche, nördlich"
pfifferling,5026171122,2020-06-07,53.18012,9.95155,250.0,Lüneburger Heide (allgemein)
pfifferling,5028046690,2020-06-07,53.18012,9.95155,250.0,Lüneburger Heide (allgemein)
pfifferling,5014161249,2020-07-06,53.45808,11.24365,250.0,Viezer Heide (TÜP) und umgebender Wald
pfifferling,5020449896,2020-07-17,51.75057,9.82375,250.0,Höhenzug Ahlsburg
pfifferling,4058360153,2020-10-25,53.2746,10.71881,,LG Lüneburg (Landkreis)
pfifferling,5024995381,2020-10-25,53.27459,10.71881,25.0,TK25 Blatt 2730/1 - Elbe / Bleckede / Breetze
pfifferling,2423177647,2019-09-16,51.84672,10.44084,314.0,
pfifferling,2641590324,2017-06-27,52.76503,9.99071,,
pfifferling,1668878109,2017-09-30,52.20024,10.75394,30.0,
pfifferling,5013029650,2017-09-10,52.44976,9.14762,250.0,Klosterwald Loccum
pfifferling,5017460923,2017-09-07,52.98968,11.34459,250.0,Wendland: Nemitzer Heide
pfifferling,5019627433,2017-09-16,53.47528,9.15234,250.0,Wald am Vorwerk bei Bremervörde
pfifferling,5020177079,2017-09-30,53.07856,9.5521,250.0,Trochel zwischen Hemslingen und Brockel
pfifferling,5023379391,2017-09-09,52.43079,9.23152,250.0,Wald bei Bad Rehburg
pfifferling,5023612472,2017-09-11,52.98968,11.34459,250.0,Wendland: Nemitzer Heide
pfifferling,3996572662,2017-10-24,51.82461,9.54155,100.0,HOL Solling-Vogler NP
pfifferling,5027267066,2017-10-21,52.82284,11.50738,250.0,"Heiligenfelde, Mühlenberg und Kiesgrube"
pfifferling,2988908807,2016-09-23,52.3756,9.74028,,"Schneverdingen-Ehrhorn, NWR Bullenberge - 08ÜK_F"
pfifferling,5026534736,2016-10-23,51.82944,9.90375,250.0,Waldgebiet am Aussichtsturm Altendorfer Berg
pfifferling,5013953955,2015-08-07,53.09743,10.85215,250.0,Breeser Grund / Göhrde
pfifferling,5027262112,2015-08-21,52.67355,9.8738,250.0,TK25 Blatt 3325/1 - Aller / Winsen (West) / Hornbostel
pfifferling,5021281393,2015-09-17,52.98968,11.34459,250.0,Wendland: Nemitzer Heide
pfifferling,5022103831,2015-09-15,52.96829,10.47546,250.0,Bohlsen Steinbecktal
pfifferling,5027329851,2015-10-10,53.32457,11.54526,250.0,Waldgebiet westl. LWL-Grabower Heide
birkenpilz,5897009704,2025-08-01,53.15382,10.42026,250.0,"Melbeck, Wald zwischen B4 und L233 bzw. Forellenbachtal"
birkenpilz,5830500176,2025-09-22,51.63949,11.08584,4.0,
birkenpilz,5836702734,2025-09-17,51.94869,10.51638,250.0,Krähenholz bei Goslar
birkenpilz,5837086305,2025-09-26,52.53689,9.70311,250.0,Henjeskamp
birkenpilz,5840313440,2025-10-04,52.21576,9.5278,7.0,
birkenpilz,5844797465,2025-10-03,52.77644,10.26827,250.0,"Aschauteiche, nördlich"
birkenpilz,5844813772,2025-10-05,52.53001,10.23067,250.0,NSG Bohlenbruch
birkenpilz,5867962848,2025-10-20,53.11523,9.37168,11.0,
birkenpilz,5871904538,2025-10-24,52.97351,9.54051,250.0,TK25 Blatt 3023/1 - Lüneburger Heide / Visselhövede (West)
birkenpilz,5871912387,2025-10-14,51.78271,11.96156,250.0,Elsdorfer Sandkiete
birkenpilz,5871914487,2025-10-01,52.19566,9.30356,250.0,Hohenstein/Süntel
birkenpilz,5871917088,2025-10-21,52.90248,9.55038,250.0,Grundloses Moor und Grundloser See bei Walsrode
birkenpilz,5888994429,2025-10-03,52.00149,9.65973,250.0,Bruchsee: Wallensen-Duingen
birkenpilz,5889002263,2025-10-01,52.22886,9.03917,250.0,Besucherbergwerkwerk Kleinenbremen
birkenpilz,5889002264,2025-10-20,52.92352,9.4572,250.0,TK25 Blatt 3022/4 - Groß Heins / Idsingen / Lehrden
birkenpilz,5889367278,2025-10-31,52.50463,11.44321,,
birkenpilz,5892260354,2025-10-22,52.90248,9.55038,250.0,Grundloses Moor und Grundloser See bei Walsrode
birkenpilz,6137486166,2025-10-22,53.18064,9.86856,250.0,Haus Ehrhorn & Umgebung
birkenpilz,6353081484,2025-10-07,51.85728,10.62764,,
birkenpilz,5888992413,2025-11-02,52.53001,10.23067,250.0,NSG Bohlenbruch
birkenpilz,5890315273,2025-11-02,51.68726,10.30802,,
birkenpilz,5890401529,2025-11-02,51.68726,10.30808,,
birkenpilz,5890409389,2025-11-02,51.68727,10.30797,,
birkenpilz,5892268999,2025-11-09,52.53001,10.23067,250.0,NSG Bohlenbruch
birkenpilz,5014425328,2024-09-23,52.21577,9.52683,250.0,Steinbruch Springe
birkenpilz,5015653146,2024-09-27,52.04969,10.48556,25.0,TK25 Blatt 3928/2 - Flachstöckheim / Groß Flöthe
birkenpilz,5020332791,2024-09-21,52.53689,9.70311,250.0,Henjeskamp
birkenpilz,5023110146,2024-09-29,52.46332,9.86434,250.0,Lohner Wald
birkenpilz,5023331209,2024-09-29,52.46462,9.93061,250.0,Oldhorster Moor
birkenpilz,5027638707,2024-09-29,53.06427,10.59382,250.0,Klein Bünstorfer Heide - UE
birkenpilz,6320349629,2024-09-28,51.71735,11.08119,531.0,
birkenpilz,4974065790,2024-10-12,52.26209,11.12025,8.0,
birkenpilz,4974068802,2024-10-15,51.5017,10.31365,1414.0,
birkenpilz,4986515616,2024-10-03,53.24233,10.7082,3.0,LG Lüneburg (Landkreis)
birkenpilz,5013800185,2024-10-20,52.43281,9.60123,250.0,Stadtpark Garbsen
birkenpilz,5015233813,2024-10-12,52.53689,9.70311,250.0,Henjeskamp
birkenpilz,5020737452,2024-10-12,53.45351,9.6829,250.0,Buxtehude - Estetal
birkenpilz,5022509965,2024-10-19,53.45351,9.6829,250.0,Buxtehude - Estetal
birkenpilz,5023712786,2024-10-17,52.4977,9.34668,250.0,Steinhuder Meer Nordufer bei der Alten Moorhütte
birkenpilz,5023776957,2024-10-11,52.60226,10.10017,250.0,Altenceller Feld - Brache und Aufforstungen
birkenpilz,5026085820,2024-10-03,52.45721,9.27564,250.0,Meerbruchswiesen
birkenpilz,5026880799,2024-10-05,52.53689,9.70311,250.0,Henjeskamp
birkenpilz,4165343687,2023-07-20,52.33533,9.78962,699.0,
birkenpilz,4506378029,2023-08-02,51.5137,10.18368,33.0,
birkenpilz,5013567276,2023-08-18,53.15382,10.42026,250.0,"Melbeck, Wald zwischen B4 und L233 bzw. Forellenbachtal"
birkenpilz,5020523769,2023-08-05,53.2341,10.4328,250.0,"Lüneburg, Waldfriedhof"
birkenpilz,4417055549,2023-09-25,53.20063,9.24783,1185.0,
birkenpilz,4438643991,2023-09-16,51.72391,10.61672,6.0,
birkenpilz,4438778016,2023-09-16,51.73298,10.61855,898.0,
birkenpilz,4925827085,2023-09-30,53.19564,9.15231,4.0,
birkenpilz,5015150787,2023-09-02,52.58205,10.16867,250.0,Bockelskamp - Teiche
birkenpilz,5019560266,2023-09-27,52.59049,10.07851,250.0,Westercelle Süd bis Bennebostel
birkenpilz,5024856172,2023-09-27,52.57451,10.08776,250.0,Bennebosteler Wald
birkenpilz,5025416812,2023-09-10,52.46332,9.86434,250.0,Lohner Wald
birkenpilz,4424436989,2023-10-03,52.27247,10.44992,20.0,
birkenpilz,4436203235,2023-10-14,51.7449,10.74016,171.0,
birkenpilz,4436443511,2023-10-24,52.93231,9.29636,5.0,
birkenpilz,4507814228,2023-10-21,52.95341,10.5537,50.0,
birkenpilz,4525054357,2023-10-15,52.50375,10.69901,43.0,
birkenpilz,4607429551,2023-10-14,53.26462,10.49163,15.0,
birkenpilz,4891812795,2023-10-21,53.23721,9.6305,25908.0,
birkenpilz,4891814667,2023-10-21,53.355,9.71943,25908.0,
birkenpilz,5013218309,2023-10-30,52.52992,10.18615,250.0,Fuhsefelder - Wathlingen-Bröckel
birkenpilz,5014397360,2023-10-28,53.15017,9.82332,250.0,Camp Reinsehlen
birkenpilz,5014473123,2023-10-28,53.11587,9.83294,250.0,Heideflächen östlich Schneverdingen
birkenpilz,5016837407,2023-10-19,52.44976,9.14762,250.0,Klosterwald Loccum
birkenpilz,5019668717,2023-10-08,52.46462,9.93061,250.0,Oldhorster Moor
birkenpilz,5022090917,2023-10-07,52.53689,9.70311,250.0,Henjeskamp
birkenpilz,5023288411,2023-10-21,52.53689,9.70311,250.0,Henjeskamp
birkenpilz,5023667489,2023-10-26,52.34125,10.70637,25.0,TK25 Blatt 3630/3 - Lehre
birkenpilz,5024561010,2023-10-03,52.71352,9.81388,250.0,Meißendorfer Teiche
birkenpilz,6274193623,2023-10-01,52.46318,10.81193,,
birkenpilz,4516749593,2023-11-04,51.6106,11.28445,26164.0,
birkenpilz,5014762821,2023-11-04,52.44976,9.14762,250.0,Klosterwald Loccum
birkenpilz,5024074365,2023-11-04,52.59049,10.07851,250.0,Westercelle Süd bis Bennebostel
birkenpilz,5014841124,2022-09-15,53.16673,10.00609,250.0,Döhler Fuhren
birkenpilz,5016775078,2022-09-20,52.54154,9.83,250.0,Sprillgehege
birkenpilz,5026334427,2022-09-14,52.83888,10.27422,250.0,Unterlüß / Süll
birkenpilz,5027582979,2022-09-25,51.92364,9.79049,250.0,TK25 Blatt 4024/4 - Delligsen / Kaierde
birkenpilz,3925103118,2022-10-07,52.26224,10.58847,27.0,
birkenpilz,3925124994,2022-10-04,52.70218,10.25824,,
birkenpilz,3925389516,2022-10-09,52.22257,10.58966,,
birkenpilz,4076290179,2022-10-03,51.51368,10.18407,4.0,
birkenpilz,5021152109,2022-10-02,52.60226,10.10017,250.0,Altenceller Feld - Brache und Aufforstungen
birkenpilz,5022677060,2022-10-15,52.00149,9.65973,250.0,Bruchsee: Wallensen-Duingen
birkenpilz,5023133861,2022-10-16,52.44126,10.47014,250.0,NSG Viehmoor (Leiferde)
birkenpilz,5024804958,2022-10-11,52.44126,10.47014,250.0,NSG Viehmoor (Leiferde)
birkenpilz,5026515855,2022-10-05,53.32055,10.29247,250.0,"Radbruch, Froschteiche"
birkenpilz,5027729927,2022-10-09,51.81164,10.35792,250.0,Hausherzberger Teiche
birkenpilz,6195287471,2022-10-31,52.10861,11.27909,74.0,
birkenpilz,5013910894,2022-11-06,52.27016,11.05052,250.0,Lappwald bei Walbeck
birkenpilz,3343783676,2021-08-15,52.09362,10.34327,9.0,
birkenpilz,5012636711,2021-08-31,53.2341,10.4328,250.0,"Lüneburg, Waldfriedhof"
birkenpilz,5018180623,2021-08-30,52.53804,10.24386,250.0,Paulmannshavekost - NABU-Fläche
birkenpilz,3384502441,2021-09-26,52.27243,10.45028,20.0,
birkenpilz,5017350448,2021-09-23,52.44126,10.47014,250.0,NSG Viehmoor (Leiferde)
birkenpilz,5017374412,2021-09-01,51.74805,10.57467,25.0,TK25 Blatt 4229/3 - Harz / St. Andreasberg
birkenpilz,5021229712,2021-09-07,52.87115,10.0856,250.0,Wietzer Berg
birkenpilz,5023674916,2021-09-03,53.16782,9.94567,250.0,Wilseder Berg u. umgebende Heideflächen
birkenpilz,5025523666,2021-09-28,52.44647,9.7343,250.0,Langenhagen Friedhof Karl-Kellner-Straße
birkenpilz,5026872967,2021-09-04,52.49511,9.38095,250.0,Steinhuder Meer (Ostufer)
birkenpilz,5014189886,2021-10-03,51.92456,10.49447,250.0,Okerniederung südl. B6n
birkenpilz,5026481401,2021-10-09,52.53804,10.24386,250.0,Paulmannshavekost - NABU-Fläche
birkenpilz,5027275497,2021-10-16,52.77644,10.26827,250.0,"Aschauteiche, nördlich"
birkenpilz,5021793207,2021-11-06,52.29189,9.46026,250.0,Deister Nordostseite
birkenpilz,2864591947,2020-09-13,51.83946,10.57962,19.0,
birkenpilz,2901578774,2020-09-09,51.61752,11.22847,26164.0,
birkenpilz,4904140380,2020-09-13,51.83935,10.10896,122.0,
birkenpilz,4935900289,2020-09-28,52.42843,9.86448,19.0,
birkenpilz,4936415146,2020-09-28,52.42902,9.86184,1525.0,
birkenpilz,5012880690,2020-09-12,51.66563,11.17164,250.0,4. Hammer
birkenpilz,5017868335,2020-09-14,51.67549,10.95922,250.0,Krugberg Allrode
birkenpilz,5022149426,2020-09-10,51.56012,9.90161,250.0,Reinhausen (Gleichen)
birkenpilz,5022632469,2020-09-19,52.44976,9.14762,250.0,Klosterwald Loccum
birkenpilz,5028205230,2020-09-12,52.58205,10.16867,250.0,Bockelskamp - Teiche
birkenpilz,2963823980,2020-10-25,51.93008,10.50357,198.0,
birkenpilz,2984557502,2020-10-25,51.93185,10.50696,10.0,
birkenpilz,5015097176,2020-10-07,53.24686,10.71165,25.0,TK25 Blatt 2730/3 - Ostheide / Ellringen / Dahlem
birkenpilz,5020652588,2020-10-17,52.71352,9.81388,250.0,Meißendorfer Teiche
birkenpilz,5024049427,2020-10-03,53.27083,10.68556,25.0,TK25 Blatt 2730/1 - Elbe / Bleckede / Breetze
birkenpilz,5025023886,2020-10-06,53.27588,10.70398,25.0,TK25 Blatt 2730/1 - Elbe / Bleckede / Breetze
birkenpilz,2988452575,2020-11-21,52.07284,10.35811,174.0,
birkenpilz,5013795595,2020-11-10,53.42677,10.63778,25.0,Kiesgrube südöstlich Zweedorf
birkenpilz,5028189775,2020-11-03,53.21701,10.87965,25.0,TK25 Blatt 2731/3 - Elbe / Neu Darchau / Walmsburg
birkenpilz,5027909665,2019-08-25,52.77644,10.26827,250.0,"Aschauteiche, nördlich"
birkenpilz,2423175267,2019-09-16,51.80535,10.44764,125.0,
birkenpilz,5021690258,2019-09-22,52.77644,10.26827,250.0,"Aschauteiche, nördlich"
birkenpilz,5027280758,2019-09-24,51.95209,10.53349,250.0,Vienenburger Kiesteiche b. Goslar
birkenpilz,2429361993,2019-10-03,52.72045,10.47076,12.0,
birkenpilz,2444986025,2019-10-18,52.32509,9.96537,66.0,
birkenpilz,5016801817,2019-10-28,51.5237,11.95683,250.0,TK25 Blatt 4437/4 - Halle (Saale)-Nord
birkenpilz,5026587021,2019-10-27,51.81221,9.64423,250.0,MTB 4123/4/4 Waldgebiet Solling
birkenpilz,5028330478,2019-10-19,52.58205,10.16867,250.0,Bockelskamp - Teiche
birkenpilz,5028413088,2019-10-22,51.78487,9.90608,250.0,TK25 Blatt 4124/2 - Eimen / Wenzen
birkenpilz,5018977765,2018-09-30,52.26251,9.19985,250.0,Obernkirchener Steinbruch
birkenpilz,5023661145,2018-09-09,52.49511,9.38095,250.0,Steinhuder Meer (Ostufer)
birkenpilz,5022250984,2018-10-27,52.58205,10.16867,250.0,Bockelskamp - Teiche
birkenpilz,5027223903,2018-10-13,52.77644,10.26827,250.0,"Aschauteiche, nördlich"
birkenpilz,5024823416,2017-07-30,52.98651,10.59215,250.0,Uelzen Haspelbiotop am O-See
birkenpilz,5015125692,2017-08-27,53.19069,10.02614,250.0,Sudermühlenhof und Heide
birkenpilz,2563561287,2017-09-08,51.80185,10.45696,244.0,
birkenpilz,5015575087,2017-09-17,53.46108,9.24431,250.0,Stüh bei Bremervörde
birkenpilz,5016691608,2017-09-16,53.47528,9.15234,250.0,Wald am Vorwerk bei Bremervörde
birkenpilz,5018528883,2017-09-05,51.59136,10.42285,25.0,TK25 Blatt 4428/2 - Eichsfeld / Bockelnhagen
birkenpilz,5019129201,2017-09-21,52.99113,10.29762,250.0,Ellerndorfer Wacholderheide - UE
birkenpilz,5024671579,2017-09-23,52.01997,10.35308,250.0,NSG Mittleres Innerstetal mit Kanstein bei Upen
birkenpilz,1668897092,2017-10-01,52.27325,10.59281,45.0,
birkenpilz,5017557679,2017-10-01,53.07856,9.5521,250.0,Trochel zwischen Hemslingen und Brockel
birkenpilz,5021333996,2017-10-12,52.45855,10.17594,250.0,Uetze - Ehemalige Kiesteiche
birkenpilz,5022771020,2017-10-01,51.95209,10.53349,250.0,Vienenburger Kiesteiche b. Goslar
birkenpilz,5024584082,2017-10-01,53.45627,11.7249,250.0,Waldgebiet zw. Garwitz und Malchow
birkenpilz,5026019340,2017-10-01,52.77644,10.26827,250.0,"Aschauteiche, nördlich"
birkenpilz,5027136952,2016-07-31,52.36397,9.84962,25.0,Südhang Ortsberg und NSG Schiefer Holzer Berg
birkenpilz,5019562447,2016-08-22,51.74058,10.90346,250.0,Talsperre Wendefurth
birkenpilz,1453145742,2016-10-16,53.26408,9.90136,31.0,
birkenpilz,1453179722,2016-10-29,52.26756,10.60333,44.0,
birkenpilz,5023258302,2016-10-13,52.86556,10.22046,250.0,Oberohe - Kieselgurgruben und Heidefläche
birkenpilz,5023440953,2016-10-15,51.92456,10.49447,250.0,Okerniederung südl. B6n
birkenpilz,5026440411,2016-10-10,51.91853,10.45102,250.0,Gewerbegebiet Gutenberg/Goslar
birkenpilz,5014146841,2015-09-09,52.78317,10.27166,250.0,Drellen-Immenbusch - Obere Aschauteiche
birkenpilz,5022329038,2015-09-23,53.23527,10.20973,250.0,"Luhmühlen, Turniergelände"
birkenpilz,1306573504,2015-10-03,51.87478,10.59184,150.0,
birkenpilz,5015876572,2015-10-12,51.90171,10.40708,250.0,Trüllketal Goslar
birkenpilz,5026322097,2015-10-29,51.92456,10.49447,250.0,Okerniederung südl. B6n
schwefelporling,6003696962,2026-01-16,52.28281,9.03214,250.0,Bückeburger Niederung
schwefelporling,6151051555,2026-01-25,52.27562,10.58011,6.0,Riddagshäuser Teiche - N2000
schwefelporling,6159233337,2026-01-27,52.38227,9.71269,367.0,
schwefelporling,6151311394,2026-02-10,52.90596,9.28606,4.0,VER Verden (Aller)
schwefelporling,6151671900,2026-02-10,52.90599,9.28599,6.0,VER Verden (Aller)
schwefelporling,6170619607,2026-03-06,52.3212,9.76618,12.0,H NSG Alte Leine
schwefelporling,6178886964,2026-03-11,52.15846,11.72029,591.0,
schwefelporling,6182537617,2026-03-24,51.54279,9.5261,1.0,KS Hofgeismar
schwefelporling,6182715135,2026-03-27,52.28226,10.75398,7.0,FFH Rieseberg
schwefelporling,6182720963,2026-03-26,53.26003,10.43096,5.0,LG Lüneburg (Stadt)
schwefelporling,6183241611,2026-03-22,52.28489,10.61969,4.0,"Pfeifengras-Wiese bei Schapen, Schapener Forst - N2000"
schwefelporling,6186674658,2026-03-29,52.29894,10.35595,4.0,LSG Staatsforst Sophiental und angrenzende Forste
schwefelporling,6193175809,2026-04-06,52.44785,10.45533,4.0,NSG Viehmoor
schwefelporling,6227813381,2026-04-20,52.30713,9.32216,12.0,SHG Apelern
schwefelporling,6227955383,2026-04-24,52.42731,9.42414,,H Wunstorf
schwefelporling,6235369009,2026-04-26,51.67661,10.04824,,
schwefelporling,6273470316,2026-04-26,51.51483,9.92206,419.0,
schwefelporling,6341983053,2026-04-28,52.36505,9.73679,3.0,H Hannover Maschpark
schwefelporling,6343053398,2026-04-26,52.31183,9.68183,,LSG Ihmeniederung
schwefelporling,6343428187,2026-04-29,53.46858,10.04872,,NSG Heuckenlock
schwefelporling,6344219324,2026-04-05,51.51672,9.91891,3.0,GÖ Göttinger Kiessee
schwefelporling,6273210499,2026-05-02,51.67588,10.04779,,
schwefelporling,6273227980,2026-05-05,52.26602,10.48657,14.0,
schwefelporling,6273448658,2026-05-09,53.1566,11.12173,3.0,
schwefelporling,6273503811,2026-05-08,52.38197,9.69119,,
schwefelporling,6273820483,2026-05-09,52.27125,10.56727,,
schwefelporling,6273848001,2026-05-10,51.57314,9.91004,6.0,
schwefelporling,6274050941,2026-05-09,52.27125,10.56722,7.0,
schwefelporling,6274144707,2026-05-09,52.3342,9.74184,3.0,
schwefelporling,6321237807,2026-05-12,53.47208,10.02092,25876.0,
schwefelporling,6334141557,2026-05-22,53.36105,10.42678,13.0,
schwefelporling,6334162911,2026-05-22,52.51658,10.61954,1117.0,
schwefelporling,6334597482,2026-05-20,52.39072,9.77681,12.0,
schwefelporling,6341679337,2026-05-21,51.72499,10.25054,10.0,GÖ Osterode am Harz
schwefelporling,6341707614,2026-05-27,51.89619,10.39583,18.0,GS Goslar
schwefelporling,6341734053,2026-05-16,52.27017,10.57463,,BS Braunschweig NSG Riddagshausen
schwefelporling,6341747368,2026-05-18,52.42173,9.85695,48.0,LSG Altwarmbüchener See
schwefelporling,6341779939,2026-05-24,53.2248,10.42238,,LG NSG Ilmenauniederung mit Tiergarten
schwefelporling,6341813698,2026-05-29,51.54599,10.08724,4.0,"FFH Seeanger, Retlake, Suhletal"
schwefelporling,6341866897,2026-05-23,53.04222,11.43256,,DAN Höhbeck
schwefelporling,6341906890,2026-05-14,52.36556,9.72195,4.0,H Hannover Calenberger Neustadt
schwefelporling,6341999902,2026-05-08,52.12981,9.97232,11.0,HI Hildesheim (Kern)
schwefelporling,6342015038,2026-05-11,53.33274,10.00215,16.0,WL Seevetal
schwefelporling,6342023063,2026-05-12,52.25438,9.06072,7.0,LSG Harrl
schwefelporling,6342042928,2026-05-23,53.39283,10.45307,18.0,Elbe mit Hohem Elbufer von Tesperhude bis Lauenburg mit angr
schwefelporling,6342063361,2026-05-24,52.10991,11.66328,,MD Magdeburg Prester
schwefelporling,6342075828,2026-05-28,53.24324,10.41784,,LG Lüneburg Kaltenmoor
schwefelporling,6342087260,2026-05-21,52.18572,9.6044,,H Wisentgehege Springe
schwefelporling,6342092038,2026-05-17,53.42925,10.42067,3.0,RZ Geesthacht
schwefelporling,6342095680,2026-05-22,52.96845,11.84415,15.0,Elbdeichhinterland - N2000
schwefelporling,6342118425,2026-05-19,52.27524,10.51326,6.0,BS Braunschweig Nordstadt-Schunteraue
schwefelporling,6342287203,2026-05-29,52.43372,9.3725,8.0,H Wunstorf
schwefelporling,6342291152,2026-05-22,52.29216,10.46388,,BS Braunschweig Lehndorf-Watenbüttel
schwefelporling,6342301661,2026-05-31,52.01157,9.65201,23.0,HI Duinger Teiche
schwefelporling,6342340143,2026-05-03,53.28831,10.78138,,Elbe - Bleckede
schwefelporling,6342392838,2026-05-14,51.56417,10.15805,3.0,GÖ Seeburg
schwefelporling,6342419313,2026-05-03,53.47052,10.04704,28.0,NSG Heuckenlock
schwefelporling,6342445890,2026-05-23,53.46292,9.93589,7.0,NSG Heimfelder Holz
schwefelporling,6342548662,2026-05-24,51.85561,10.67494,,HZ Ilsenburg (Harz)
schwefelporling,6342597311,2026-05-07,52.28072,10.51333,94.0,BS Braunschweig Nordstadt-Schunteraue
schwefelporling,6342619281,2026-05-30,53.04215,11.43261,5.0,DAN Höhbeck
schwefelporling,6342630342,2026-05-26,52.89411,9.62614,34.0,HK Walsrode
schwefelporling,6342649076,2026-05-19,51.81231,11.14998,4.0,HZ Quedlinburg
schwefelporling,6342678157,2026-05-13,51.52862,9.94658,6.0,GÖ Göttingen-Oststadt
schwefelporling,6342685174,2026-05-15,52.41538,10.07497,10.0,LSG Burgdorfer Holz
schwefelporling,6342706615,2026-05-16,53.08842,11.8724,9.0,PR Prignitz (Landkreis)
schwefelporling,6342747402,2026-05-03,53.47449,10.06185,,Hamburger Unterelbe - N2000
schwefelporling,6342761143,2026-05-27,53.07289,11.4299,4.0,DAN Höhbeck
schwefelporling,6342786114,2026-05-16,52.09807,10.22601,3.0,WF Baddeckenstedt
schwefelporling,6342797320,2026-05-05,52.0961,9.3362,13.0,LSG Hamelner Stadtforsten (Südwest)
schwefelporling,6342801993,2026-05-10,53.4893,9.87815,3.0,NSG Moorgürtel
schwefelporling,6342812696,2026-05-14,53.29304,10.72602,577.0,Elbe - Bleckede
schwefelporling,6342873353,2026-05-21,51.5482,10.69616,10.0,Hunnengrube - Katzenschwanz - Sattelköpfe - N2000
schwefelporling,6342971941,2026-05-03,52.09791,10.22568,28.0,WF Baddeckenstedt
schwefelporling,6342986329,2026-05-14,52.43239,9.94264,9.0,FFH Altwarmbüchener Moor
schwefelporling,6342997434,2026-05-24,52.18978,9.60797,4.0,H Wisentgehege Springe
schwefelporling,6343052573,2026-05-22,51.92283,9.07848,6.0,LIP Blomberg
schwefelporling,6343055966,2026-05-21,53.28128,10.24793,6.0,WL Vierhöfen
schwefelporling,6343074496,2026-05-25,52.41538,10.07487,11.0,LSG Burgdorfer Holz
schwefelporling,6343235714,2026-05-24,52.27016,10.57463,7.0,BS Braunschweig NSG Riddagshausen
schwefelporling,6343244356,2026-05-31,52.01157,9.65206,8.0,HI Duinger Teiche
schwefelporling,6343311015,2026-05-22,52.29216,10.46388,14.0,BS Braunschweig Lehndorf-Watenbüttel
schwefelporling,6343316302,2026-05-22,52.2297,10.51277,4.0,BS Braunschweig-Süd
schwefelporling,6343339921,2026-05-25,52.26668,10.55105,,LSG Prinz-Albrecht-Park
schwefelporling,6343371573,2026-05-17,52.22238,10.59549,8.0,BS Braunschweig  Südstadt-Rautheim-Mascherode
schwefelporling,6343452595,2026-05-24,52.26516,10.55109,,LSG Prinz-Albrecht-Park
schwefelporling,6343465034,2026-05-15,52.271,10.58302,3.0,Riddagshäuser Teiche - N2000
schwefelporling,6343465865,2026-05-20,52.52028,9.92136,4.0,H Burgwedel
schwefelporling,6343495579,2026-05-24,52.18574,9.60439,4.0,H Wisentgehege Springe
schwefelporling,6343622913,2026-05-15,52.48282,9.38436,2.0,NSG Totes Moor
schwefelporling,6343681453,2026-05-05,52.39417,9.8138,8.0,H Hannover Groß-Buchholz
schwefelporling,6343779386,2026-05-30,53.36276,10.19828,,WL Winsen an der Luhe
schwefelporling,6343808950,2026-05-25,51.94046,10.2218,5.0,GS Langelsheim
schwefelporling,6343813039,2026-05-27,53.07292,11.42994,,DAN Höhbeck
schwefelporling,6343829058,2026-05-01,53.37185,10.53347,52.0,Elbe mit Hohem Elbufer von Tesperhude bis Lauenburg mit angr
schwefelporling,6343839369,2026-05-30,52.60748,11.86744,25.0,SDL Stendal (Stadt)
schwefelporling,6343847705,2026-05-22,52.92096,9.23427,5.0,VER Verden (Aller)
schwefelporling,6343885244,2026-05-17,52.36286,9.83745,56.0,H Hannover Tiergarten
schwefelporling,6343948997,2026-05-28,51.50306,10.01421,,GÖ Gleichen
schwefelporling,6343959874,2026-05-16,52.05152,10.10043,7.0,HI Bockenem
schwefelporling,6344014800,2026-05-03,52.32125,9.76626,8.0,H NSG Alte Leine
schwefelporling,6344063839,2026-05-24,52.18979,9.60798,4.0,H Wisentgehege Springe
schwefelporling,6344100154,2026-05-23,51.75966,9.98316,11.0,NOM Northeim
schwefelporling,6344101079,2026-05-23,53.16616,9.96764,5.0,HK Bispingen
schwefelporling,6344151019,2026-05-24,53.24604,10.41668,,LG Lüneburg Altstadt
schwefelporling,6344180802,2026-05-24,51.71914,10.97394,31.0,Bodetal und Laubwälder des Harzrandes bei Thale - N2000
schwefelporling,6344225035,2026-05-20,52.8706,11.96417,55.0,Elbaue Werben und Alte Elbe Kannenberg - N2000
schwefelporling,6344336616,2026-05-06,52.26901,10.57334,1.0,BS Braunschweig  Wabe-Schunter-Beberbach
schwefelporling,6344396558,2026-05-23,51.61887,10.44174,,"Sieber, Oder, Rhume - N2000"
schwefelporling,6344402953,2026-05-17,51.56423,10.15809,,GÖ Seeburg
schwefelporling,6344426417,2026-05-28,51.65156,11.11875,30.0,Selketal und Bergwiesen bei Stiege - N2000
schwefelporling,6344446986,2026-05-04,53.43598,10.15155,4.0,Kirchwerder Wiesen - N2000
schwefelporling,6344454586,2026-05-31,53.06938,9.69454,5.0,HK Neuenkirchen
schwefelporling,6344464030,2026-05-16,51.81089,10.22887,3.0,GÖ Bad Grund
schwefelporling,6344474993,2026-05-28,52.25042,10.52631,,BS Braunschweig Mitte
schwefelporling,6344531682,2026-05-14,52.22925,10.19228,,HI Söhlde
schwefelporling,6344532116,2026-05-23,52.29252,10.7742,6.0,FFH Rieseberg
schwefelporling,6344571985,2026-05-24,52.18711,9.60607,4.0,H Wisentgehege Springe
schwefelporling,6344603630,2026-05-27,52.12981,9.97244,3.0,HI Hildesheim (Kern)
schwefelporling,6344617224,2026-05-18,52.17514,9.93743,9.0,HI Hildesheim (Kern)
schwefelporling,6344627224,2026-05-04,53.43563,9.66441,,LSG Este- und Goldbecktal
schwefelporling,6344631190,2026-05-19,53.24621,10.41652,15.0,LG Lüneburg Altstadt
schwefelporling,6344710839,2026-05-03,52.15865,10.30442,4.0,SZ Salzgittersee
schwefelporling,6344729579,2026-05-16,51.56169,9.9106,547.0,GÖ Westpark / Pfalz-Grona-Park
schwefelporling,6344736823,2026-05-23,53.1408,10.49009,18.0,UE Bienenbüttel
schwefelporling,6344779129,2026-05-11,51.62268,9.45051,,KS Bad Karlshafen
schwefelporling,6344785062,2026-05-29,53.48415,10.25549,32.0,RZ Börnsen
schwefelporling,6344813475,2026-05-14,52.29064,9.52695,15.0,H Barsinghausen
schwefelporling,6344831412,2026-05-07,52.12109,10.33592,4.0,LSG Waldgürtel zwischen Salzgitter-Osterlinde und Salzgitter
schwefelporling,6344854553,2026-05-24,52.18978,9.60797,4.0,H Wisentgehege Springe
schwefelporling,6344861456,2026-05-22,53.19261,9.97932,4.0,WL Undeloh
schwefelporling,6344922169,2026-05-21,51.51987,10.83504,14.0,Pfaffenköpfe - N2000
schwefelporling,6344927178,2026-05-17,53.48416,10.25655,16.0,RZ Börnsen
schwefelporling,6344974844,2026-05-19,52.01944,10.46595,4.0,GS Liebenburg
schwefelporling,6345005455,2026-05-29,52.02592,10.46828,9.0,LSG Bauerngehölz Lah
schwefelporling,6345035755,2026-05-19,51.57764,10.13669,,GÖ Seeanger
schwefelporling,6352253883,2026-05-14,52.28175,11.31349,11.0,
schwefelporling,6352699717,2026-05-23,52.35683,9.76999,,
schwefelporling,6352759046,2026-05-30,53.04216,11.43275,4.0,
schwefelporling,6400010723,2026-05-31,52.2769,10.55704,4.0,
schwefelporling,6400565576,2026-05-24,52.34699,9.74437,4.0,
schwefelporling,6410748721,2026-05-30,52.93372,9.23165,5.0,VER Verden (Aller)
schwefelporling,6410770528,2026-05-10,52.35855,9.73701,9.0,H Maschsee
schwefelporling,6410795738,2026-05-23,53.31229,10.19349,,WL Winsen an der Luhe
schwefelporling,6410961726,2026-05-31,52.2084,11.74449,16.0,MD Magdeburg Lostau
schwefelporling,6411069352,2026-05-24,52.18754,9.60633,,H Wisentgehege Springe
schwefelporling,6411117034,2026-05-10,53.0843,9.32216,,ROW Ahausen
schwefelporling,6411160311,2026-05-31,51.7725,9.55289,,HOL Holzminden
schwefelporling,6411603352,2026-05-10,51.75321,11.08229,,HZ Thale
schwefelporling,6411611455,2026-05-27,52.21765,9.20528,,LSG Wesergebirge
schwefelporling,6412100903,2026-05-31,53.3324,10.00894,5.0,WL Seevetal
schwefelporling,6412209151,2026-05-10,51.96448,10.51017,3.0,LSG Harly
schwefelporling,6412419181,2026-05-30,53.34796,9.92627,5.0,LSG Klecker Wald und Umgebung
schwefelporling,6412553078,2026-05-30,52.29317,10.53247,,LSG Schunteraue
schwefelporling,6486650359,2026-05-25,53.11447,9.43747,14.0,ROW Rotenburg (Wümme)
schwefelporling,6399054282,2026-06-03,52.31345,10.59001,10.0,
schwefelporling,6399255262,2026-06-12,52.26969,10.54569,84.0,
schwefelporling,6399568585,2026-06-07,52.1487,10.93943,12.0,
schwefelporling,6399681268,2026-06-01,53.4775,10.17861,,
schwefelporling,6399949493,2026-06-06,53.39691,9.79101,31.0,
schwefelporling,6400225317,2026-06-03,51.67713,11.19591,,
schwefelporling,6400518725,2026-06-07,51.58852,10.5819,,
schwefelporling,6410551537,2026-06-19,52.21119,10.57232,11.0,"LSG Nieder- und Oberdahlumer Holz, Lagholz, Hötzumer Forst, "
schwefelporling,6410582480,2026-06-04,52.36663,9.73415,31.0,H Hannover Maschpark
schwefelporling,6410594796,2026-06-15,52.28685,10.70967,15.0,WF Cremlingen
schwefelporling,6410608528,2026-06-13,52.34967,9.81841,3.0,H Hannover Kirchrode
schwefelporling,6410660557,2026-06-07,52.1855,9.3423,4.0,LSG Hessisch Oldendorfer Wesertal/Nord
schwefelporling,6410703930,2026-06-09,53.36447,9.98316,24.0,WL Seevetal
schwefelporling,6410839683,2026-06-14,53.40926,10.21793,4.0,HH Hamburg Kirchwerder
schwefelporling,6410917726,2026-06-22,52.31586,10.58155,3.0,BS Braunschweig LSG Querumer Holz und angrenzende Landschaft
schwefelporling,6410955365,2026-06-08,52.0847,10.37377,17.0,SZ Salzgitter Engerode
schwefelporling,6411035414,2026-06-13,52.14861,10.93941,,HE Schöningen (gemeindefreies Gebiet)
schwefelporling,6411040958,2026-06-11,52.31088,10.46371,17.0,BS Braunschweig Lehndorf-Watenbüttel
schwefelporling,6411097647,2026-06-17,52.0523,9.02627,,LIP Dörentrup
schwefelporling,6411109738,2026-06-14,52.07914,9.92198,20.0,HI VSG Hildesheimer Wald
schwefelporling,6411126171,2026-06-11,53.43294,9.84432,10.0,WL Neu Wulmstorf
schwefelporling,6411206980,2026-06-10,52.27101,10.58297,7.0,Riddagshäuser Teiche - N2000
schwefelporling,6411222897,2026-06-04,53.477,10.11214,138.0,Die Reit - N2000 (A)
schwefelporling,6411255508,2026-06-19,51.5361,9.91889,5.0,GÖ Göttingen-Weststadt
schwefelporling,6411284846,2026-06-15,52.30595,10.65462,9.0,LSG Essehofer Holz
schwefelporling,6411316683,2026-06-08,51.6971,9.35522,,NSG Buchenwaelder zwischen Wildburg und Heineberg
schwefelporling,6411475398,2026-06-18,53.1659,9.92615,5.0,LG VSG Lüneburger Heide
schwefelporling,6411517842,2026-06-02,51.7148,11.20968,,Burgesroth und Laubwälder bei Ballenstedt - N2000
schwefelporling,6411534601,2026-06-04,53.16192,11.0271,3.0,DAN Hitzacker (Elbe)
schwefelporling,6411562967,2026-06-05,51.59139,9.95363,,GÖ Bovenden
schwefelporling,6411617241,2026-06-18,51.58289,10.44414,,Ellersystem - Weilröder Wald - Sülzensee - N2000
schwefelporling,6411620787,2026-06-09,53.36438,9.9833,5.0,WL Seevetal
schwefelporling,6411703348,2026-06-07,51.58852,10.5819,,GÖ NSG Priorteich/ Sachsenstein
schwefelporling,6411874634,2026-06-06,53.22481,10.42238,8.0,LG NSG Ilmenauniederung mit Tiergarten
schwefelporling,6411955787,2026-06-07,51.91915,9.77709,4.0,HOL Delligsen
schwefelporling,6412016675,2026-06-01,52.23359,10.51807,5.0,BS Braunschweig-Süd
schwefelporling,6412023145,2026-06-03,51.86851,10.56589,14.0,GS Bad Harzburg
schwefelporling,6412057352,2026-06-05,52.12653,9.9202,4.0,HI Neuhof
schwefelporling,6412142184,2026-06-06,52.97961,10.09798,106.0,NSG Tal der Kleinen Örtze
schwefelporling,6412190891,2026-06-12,52.13437,10.80327,5.0,WF Schöppenstedt
schwefelporling,6412200108,2026-06-02,51.67677,10.29908,3.0,GÖ Hörden am Harz
schwefelporling,6412303602,2026-06-17,51.86311,10.58138,,GS Bad Harzburg
schwefelporling,6412320801,2026-06-21,52.16419,9.89446,,HI NSG Lange Dreisch und Osterberg
schwefelporling,6412412428,2026-06-17,52.27091,10.53301,,BS Braunschweig Nordstadt-Schunteraue
schwefelporling,6412425260,2026-06-17,52.45479,9.97074,4.0,H Burgdorf
schwefelporling,6412427707,2026-06-12,51.75236,9.92583,5.0,NOM Northeim
schwefelporling,6412478979,2026-06-07,51.58843,10.58197,7.0,GÖ NSG Priorteich/ Sachsenstein
schwefelporling,6412480464,2026-06-04,52.242,9.63258,400.0,H Wennigsen (Deister)
schwefelporling,6412521141,2026-06-15,51.71312,11.20701,,Burgesroth und Laubwälder bei Ballenstedt - N2000
schwefelporling,6412578484,2026-06-12,53.39752,9.71397,,"Este, Bötersheimer Heide, Glüsinger Bruch und Osterbruch - N"
schwefelporling,6412599576,2026-06-16,52.27103,10.57746,5.0,Riddagshäuser Teiche - N2000
schwefelporling,6412673565,2026-06-21,52.16509,9.8974,,HI NSG Lange Dreisch und Osterberg
schwefelporling,6412733570,2026-06-03,52.36669,9.73423,26.0,H Hannover Maschpark
schwefelporling,6412743731,2026-06-10,52.13437,10.80332,15.0,WF Schöppenstedt
schwefelporling,6412874640,2026-06-11,52.31107,10.46142,,BS Braunschweig Lehndorf-Watenbüttel
schwefelporling,6413749786,2026-06-15,52.27258,10.52305,8.0,
schwefelporling,6449227001,2026-06-01,52.18371,9.60725,,H Wisentgehege Springe
schwefelporling,6451793134,2026-06-06,53.29972,10.44723,217.0,
schwefelporling,6486451343,2026-06-13,52.1486,10.9394,,HE Schöningen (gemeindefreies Gebiet)
schwefelporling,6447694997,2026-07-17,53.14471,9.91028,,HK Bispingen
schwefelporling,6447954966,2026-07-23,52.44316,11.53068,8.0,SAW Gardelegen
schwefelporling,6448056377,2026-07-17,51.83506,10.64179,,HZ Ilsenburg (Harz)
schwefelporling,6448172097,2026-07-17,51.853,10.67214,7.0,HZ Ilsenburg (Harz)
schwefelporling,6448874019,2026-07-24,53.14661,9.90823,8.0,HK Bispingen
schwefelporling,6449726866,2026-07-05,53.10128,9.80639,,HK Schneverdingen
schwefelporling,6480907816,2026-07-04,53.40038,9.84179,9.0,
schwefelporling,6485775435,2026-07-28,52.31854,10.02692,12.0,H Sehnde-Dolgen
schwefelporling,6487009331,2026-07-28,52.28498,9.19529,8.0,SHG Stadthagen
schwefelporling,6479704574,2026-08-08,52.31604,10.5794,2.0,
schwefelporling,6479707006,2026-08-07,52.76131,9.54527,61.0,
schwefelporling,6485412428,2026-08-15,53.35855,10.42502,11.0,LG Brietlingen
schwefelporling,6485440776,2026-08-07,51.7256,10.97426,5.0,Bodetal und Laubwälder des Harzrandes bei Thale - N2000
schwefelporling,6485441061,2026-08-14,51.72564,10.97429,4.0,Bodetal und Laubwälder des Harzrandes bei Thale - N2000
schwefelporling,6485522743,2026-08-10,52.36607,9.73514,18.0,H Hannover Maschpark
schwefelporling,6485798192,2026-08-04,52.37809,9.77605,,H Hannover Eilenriede Nord
schwefelporling,6485798654,2026-08-11,53.21162,10.33404,3.0,LG Südergellersen
schwefelporling,6486022377,2026-08-15,52.35555,9.7807,4.0,H Hannover Waldheim
schwefelporling,6486024434,2026-08-05,53.1467,9.90815,,HK Bispingen
schwefelporling,6486263785,2026-08-13,51.72563,10.97421,5.0,Bodetal und Laubwälder des Harzrandes bei Thale - N2000
schwefelporling,6486569981,2026-08-08,51.66239,11.12696,5.0,Selketal und Bergwiesen bei Stiege - N2000
schwefelporling,6486712354,2026-08-08,52.29242,9.48798,5.0,H Barsinghausen
schwefelporling,6486772706,2026-08-04,52.44908,9.14829,16.0,Sündern bei Loccum - N2000
schwefelporling,6486847552,2026-08-04,52.44909,9.14837,10.0,Sündern bei Loccum - N2000
schwefelporling,6486984731,2026-08-07,51.57298,9.97901,4.0,GÖ Göttingen-Nikolausberg
schwefelporling,6487092721,2026-08-05,53.41152,10.00028,18.0,LSG Höpen
schwefelporling,5008665552,2025-01-06,53.16576,9.95216,2.0,LG VSG Lüneburger Heide
schwefelporling,5051427058,2025-01-16,52.28619,10.50725,7.0,LSG Okertalaue
schwefelporling,5051468685,2025-01-13,52.18243,10.54041,,LSG Lechlumer Holz und angrenzende Forste
schwefelporling,5087169768,2025-01-01,53.26581,10.36734,2.0,
schwefelporling,5221798319,2025-01-26,52.25145,11.67456,250.0,Ohreniederung bei Glindenberg
schwefelporling,5063745885,2025-02-02,51.52925,9.92415,,
schwefelporling,5067451838,2025-02-10,52.43152,9.89266,16.0,LSG Altwarmbüchener Moor - Ahltener Wald
schwefelporling,5075014873,2025-02-28,52.1418,10.79723,,WF Wolfenbüttel (Landkreis)
schwefelporling,5135550157,2025-02-15,52.28281,9.03214,250.0,Bückeburger Niederung
schwefelporling,5086462536,2025-03-15,51.94456,9.18489,211.0,NSG Waelder bei Blomberg
schwefelporling,5086567651,2025-03-15,52.27895,10.75208,,FFH Rieseberg
schwefelporling,6412563271,2025-03-09,53.34221,10.504,4.0,NSG Fehlingsbleck
schwefelporling,5107836441,2025-04-05,53.19502,10.44731,,LG Lüneburg (Landkreis)
schwefelporling,5134128329,2025-04-18,52.21319,9.7092,26068.0,
schwefelporling,5135614142,2025-04-11,51.86851,11.94824,250.0,NSG Diebziger Busch
schwefelporling,5138940826,2025-04-24,53.01696,11.56546,,DAN Elbufer-Drawehn NP
schwefelporling,5138998433,2025-04-24,52.34434,10.44527,,GIF - Nördliche Okeraue
schwefelporling,5139028158,2025-04-26,52.36727,9.73312,98.0,Hannover
schwefelporling,5139028649,2025-04-25,52.26407,9.61074,,LSG Norddeister
schwefelporling,5139038016,2025-04-26,52.13305,9.95403,4.0,HI Hildesheim (Kern)
schwefelporling,5139047468,2025-04-27,52.35543,9.78085,6.0,H Hannover Eilenriede Süd
schwefelporling,5139127322,2025-04-27,51.88607,10.57796,8.0,GS Bad Harzburg
schwefelporling,5139160363,2025-04-26,52.28928,9.58846,5.0,LSG Calenberger Börde
schwefelporling,5140037907,2025-04-23,52.70427,9.24673,2733.0,
schwefelporling,5140546168,2025-04-26,52.3839,9.69057,12.0,
schwefelporling,5141511891,2025-04-27,52.09122,9.03902,,NSG Almetal
schwefelporling,5141514104,2025-04-28,52.27636,9.78709,3.0,NSG Alte Leine
schwefelporling,5141543343,2025-04-30,52.3594,9.7853,,H Hannover Eilenriede Süd
schwefelporling,5141708336,2025-05-03,52.35282,9.72846,,Hannover
schwefelporling,5141720724,2025-05-03,52.3365,9.86951,12.0,"FFH Bockmerholz, Gaim"
schwefelporling,5141798486,2025-05-03,52.33649,9.86938,15.0,"FFH Bockmerholz, Gaim"
schwefelporling,5141807534,2025-05-02,51.52359,9.27871,,HX Höxter (Kreis)
schwefelporling,5141826077,2025-05-02,51.53432,9.53003,3.0,KS Kassel (Landkreis)
schwefelporling,5141894078,2025-05-03,52.30084,10.81935,29.0,LSG Mittlere Schunter
schwefelporling,5150222438,2025-05-01,52.24662,9.96072,25.0,TK25 Blatt 3725/4 - Harsum
schwefelporling,5153242097,2025-05-09,52.25465,10.45756,7.0,
schwefelporling,5154218937,2025-05-06,51.50317,10.22069,7.0,
schwefelporling,5154280707,2025-05-12,51.75452,9.38618,5.0,
schwefelporling,5157699487,2025-05-11,53.44935,10.29506,25.0,TK25 Blatt 2527/2 - Börnsen / Escheburg
schwefelporling,5157729543,2025-05-05,52.53001,10.23067,250.0,NSG Bohlenbruch
schwefelporling,5157859612,2025-05-06,53.25739,10.44028,5.0,LG Lüneburg (Landkreis)
schwefelporling,5157878604,2025-05-06,53.25739,10.44051,42.0,LG Lüneburg (Landkreis)
schwefelporling,5157903685,2025-05-06,52.27047,10.5986,4.0,VSG Riddagshäuser Teiche
schwefelporling,5157939706,2025-05-14,52.21805,9.64613,11.0,LSG Süd-Deister
schwefelporling,5157949072,2025-05-18,52.28009,10.58281,11.0,VSG Riddagshäuser Teiche
schwefelporling,5157956789,2025-05-15,51.81746,11.19283,,HZ Harz (Landkreis)
schwefelporling,5157988832,2025-05-14,53.15785,9.82216,3.0,HK - Camp Reinsehlen
schwefelporling,5158067286,2025-05-11,53.374,10.94599,14.0,LUP Ludwigslust-Parchim (Landkreis)
schwefelporling,5158126851,2025-05-16,52.33273,10.11701,3.0,H Lehrte
schwefelporling,5158138178,2025-05-18,52.23925,10.97292,8.0,"LSG St. Annenberg mit Lübbensteinen, Heidberg und angrenzend"
schwefelporling,5158251795,2025-05-15,52.35537,9.78055,5.0,H Hannover Eilenriede Süd
schwefelporling,5158272677,2025-05-14,52.31329,10.46553,,BS Braunschweig Okeraue
schwefelporling,5158319808,2025-05-15,51.85244,10.67153,2.0,"Rohnberg, Westerberg und Köhlerholz bei Ilsenburg - N2000"
schwefelporling,5158323506,2025-05-05,52.34222,9.8835,11.0,LSG Kronsberg
schwefelporling,5158332377,2025-05-11,51.85277,10.67212,12.0,"Rohnberg, Westerberg und Köhlerholz bei Ilsenburg - N2000"
schwefelporling,5158365744,2025-05-15,52.38177,9.71933,8.0,H Hannover Welfengarten
schwefelporling,5158387649,2025-05-06,51.64994,9.43338,,Hannoversche Klippen - N2000
schwefelporling,5158391259,2025-05-11,53.37456,10.94603,6.0,LUP Ludwigslust-Parchim (Landkreis)
schwefelporling,5158416201,2025-05-06,51.7772,11.1927,,HZ Harz (Landkreis)
schwefelporling,5158455287,2025-05-11,53.37398,10.9483,26.0,LUP Ludwigslust-Parchim (Landkreis)
schwefelporling,5158532700,2025-05-14,51.94976,10.53037,,Vienenburger Kiesteiche
schwefelporling,5158571549,2025-05-13,52.27033,10.57342,,BS Braunschweig NSG Riddagshausen
schwefelporling,5158651984,2025-05-17,52.09985,10.3189,4.0,SZ Salzgitter Haverlahwiese
schwefelporling,5164005427,2025-05-20,52.53331,10.07082,25.0,TK25 Blatt 3426/3 - Burgdorf / Ehlershausen
schwefelporling,5164422078,2025-05-23,52.40023,9.75987,4.0,Hannover
schwefelporling,5164448097,2025-05-23,52.48303,10.14543,9.0,NSG Schilfbruch
schwefelporling,5164475534,2025-05-21,51.78121,11.30851,,Aschersleben-Staßfurt (Landkreis)
schwefelporling,5164483890,2025-05-20,52.53296,10.07044,4.0,LSG Burgdorfer Holz
schwefelporling,5164633566,2025-05-21,53.22312,10.39207,93.0,LG Lüneburg (Landkreis)
schwefelporling,5164699411,2025-05-22,52.3366,9.86911,14.0,"FFH Bockmerholz, Gaim"
schwefelporling,5164716869,2025-05-24,51.9598,10.22632,7.0,GS Goslar (Landkreis)
schwefelporling,5164786058,2025-05-24,52.45479,9.97117,2.0,H Burgdorf
schwefelporling,5166912805,2025-05-25,52.2599,10.45913,32.0,
schwefelporling,5170993876,2025-05-29,52.63025,10.0528,,CE Celle (Landkreis)
schwefelporling,5171029951,2025-05-28,52.90845,9.43809,4.0,NSG Lehrdetal
schwefelporling,5171031084,2025-05-30,52.11341,9.53629,10.0,LSG Randbereiche des Ith
schwefelporling,5171085849,2025-05-29,52.42717,9.9475,15.0,LSG Altwarmbüchener Moor - Ahltener Wald
schwefelporling,5171203684,2025-05-27,52.35066,9.74359,,LSG Obere Leine
schwefelporling,5171315060,2025-05-29,52.37003,9.82081,11.0,H Hannover Hermann-Löns-Park
schwefelporling,5171583272,2025-05-29,51.85266,10.67193,14.0,"Rohnberg, Westerberg und Köhlerholz bei Ilsenburg - N2000"
schwefelporling,5176813802,2025-05-31,53.22137,10.41277,2.0,
schwefelporling,5180644802,2025-05-26,51.53779,9.38121,60.0,Dingel und Eberschützer Klippen - N2000
schwefelporling,5198366614,2025-05-29,52.04691,10.02382,26100.0,
schwefelporling,6161821236,2025-05-29,52.43195,9.94374,250.0,"Wald, Feldflur und Teiche zwischen Beinhorn und Kolshorn"
schwefelporling,6195799960,2025-05-14,52.10995,11.27057,508.0,
schwefelporling,5177149242,2025-06-01,53.49472,10.24028,,
schwefelporling,5180388817,2025-06-08,51.50847,11.8965,16.0,Dölauer Heide und Lindbusch bei Halle - N2000
schwefelporling,5180568215,2025-06-04,53.19495,11.34154,,LUP Ludwigslust-Parchim (Landkreis)
schwefelporling,5180607308,2025-06-07,53.19481,9.98115,14.0,LG VSG Lüneburger Heide
schwefelporling,5180639672,2025-06-06,51.56372,9.98118,5.0,GÖ Göttingen-Nikolausberg
schwefelporling,5180657626,2025-06-02,53.14672,9.90806,2.0,LG VSG Lüneburger Heide
schwefelporling,5180801961,2025-06-03,52.13791,9.77,18.0,HI Hildesheim (Landkreis)
schwefelporling,5180803217,2025-06-05,53.14671,9.90802,3.0,LG VSG Lüneburger Heide
schwefelporling,5180814401,2025-06-03,53.24068,10.43156,,LG Lüneburg (Landkreis)
schwefelporling,5180891034,2025-06-04,52.30118,9.5283,10.0,H Hannover (Region)
schwefelporling,5180925593,2025-06-06,53.1467,9.90785,26.0,LG VSG Lüneburger Heide
schwefelporling,5186794265,2025-06-15,52.37882,9.77376,,Hannover
schwefelporling,5186914540,2025-06-09,51.50942,9.88306,3.0,GÖ Rosdorf
schwefelporling,5187270249,2025-06-15,52.44572,9.95035,5.0,H Burgdorf
schwefelporling,5187332162,2025-06-14,53.13184,10.23149,,LG LSG Lüneburger Heide
schwefelporling,5198977797,2025-06-17,51.81491,11.77435,26132.0,
schwefelporling,5199142804,2025-06-11,51.9402,11.40356,2799.0,
schwefelporling,5205070721,2025-06-24,52.3317,9.72495,,LSG Obere Leine
schwefelporling,5206433955,2025-06-19,52.18967,9.60437,15.0,
schwefelporling,5216485061,2025-06-25,52.36609,9.73476,9.0,
schwefelporling,5288599479,2025-06-07,52.34743,9.74712,,H Maschsee
schwefelporling,5903105676,2025-06-09,51.83439,9.88137,5.0,"LSG Hube, Greener Wald und Luhberg"
schwefelporling,5938174319,2025-06-07,51.71661,10.61881,398.0,
schwefelporling,6399529500,2025-06-02,51.72671,10.94112,655.0,
schwefelporling,6399659830,2025-06-02,51.72671,10.94112,655.0,
schwefelporling,6400624564,2025-06-05,51.72671,10.94112,655.0,
schwefelporling,6411583132,2025-06-16,51.59192,10.59599,12.0,GÖ NSG Priorteich/ Sachsenstein
schwefelporling,6413595108,2025-06-06,52.11006,9.99784,2938.0,
schwefelporling,5221712421,2025-07-08,51.82119,11.93467,250.0,"Wulfen, Ortslage Nord-Ost"
schwefelporling,5234238449,2025-07-19,51.53441,10.41114,3.0,EIC Eichsfeld (Landkreis)
schwefelporling,5234479820,2025-07-20,53.45614,9.85279,23.0,HH Hamburg (Kreisfreie Stadt)
schwefelporling,5234545244,2025-07-24,52.81146,11.16443,,SAW Salzwedel
schwefelporling,5234823439,2025-07-22,53.22,11.35,1000.0,LUP Ludwigslust-Parchim (Landkreis)
schwefelporling,5234965907,2025-07-24,53.10761,9.80684,37.0,Lüneburger Heide - N2000
schwefelporling,5234974755,2025-07-16,52.45233,9.76201,4.0,Hannover
schwefelporling,5238865413,2025-07-19,51.70804,10.79446,250.0,Rappbodevorsperre
schwefelporling,5283234832,2025-07-30,51.66745,9.37454,,HX Höxter (Kreis)
schwefelporling,5283341262,2025-07-29,52.1858,9.60446,,H Wisentgehege Springe
schwefelporling,5283402198,2025-07-28,53.13466,10.80021,73.0,Drawehn - N2000
schwefelporling,5283402274,2025-07-29,52.11575,9.7716,11.0,FFH Leineaue unter dem Rammelsberg
schwefelporling,5283463040,2025-07-31,51.73645,11.01161,16.0,Bodetal und Laubwälder des Harzrandes bei Thale - N2000
schwefelporling,5282709961,2025-08-03,52.18248,10.54043,,LSG Lechlumer Holz und angrenzende Forste
schwefelporling,5282863306,2025-08-10,52.26779,11.56862,3.0,BK Börde (Landkreis)
schwefelporling,5282923873,2025-08-03,51.82202,10.78303,3.0,HZ Harz (Landkreis)
schwefelporling,5282992609,2025-08-03,52.04581,10.20278,4.0,"WF LSG Hainberg, Wohldenberg, Braune Heide, Klein Rhüdener H"
schwefelporling,5283396782,2025-08-10,52.26773,11.56819,9.0,BK Börde (Landkreis)
schwefelporling,5287854285,2025-08-17,52.29835,9.60052,,LSG Calenberger Börde
schwefelporling,5287907729,2025-08-21,51.50111,11.03639,,MSH Mansfeld-Südharz (Landkreis)
schwefelporling,5287919421,2025-08-14,52.35444,9.72806,14.0,Hannover
schwefelporling,5287967425,2025-08-19,52.30296,10.44511,4.0,BS Braunschweig (Kreisfreie Stadt)
schwefelporling,5288003759,2025-08-15,53.39048,11.05463,,LUP Ludwigslust-Parchim (Landkreis)
schwefelporling,5288040968,2025-08-15,51.8758,10.03645,,NOM Northeim (Landkreis)
schwefelporling,5288217543,2025-08-19,52.57524,9.04316,5.0,LSG Schierholz
schwefelporling,5288619108,2025-08-14,52.29828,10.53682,,LSG Schunteraue
schwefelporling,5292049698,2025-08-12,52.37676,9.82625,8.0,
schwefelporling,5292354719,2025-08-07,51.56179,9.91043,,
schwefelporling,5293035369,2025-08-09,52.28884,10.50212,35.0,
schwefelporling,5716602819,2025-08-26,52.25054,10.49373,9.0,BS Braunschweig (Kreisfreie Stadt)
schwefelporling,5759399201,2025-08-29,52.28281,9.03214,250.0,Bückeburger Niederung
schwefelporling,5759719016,2025-08-25,52.36428,9.72354,6.0,
schwefelporling,5760348998,2025-08-24,52.35443,9.72806,5.0,
schwefelporling,5760674888,2025-08-28,51.67767,9.49975,8.0,
schwefelporling,5762230627,2025-08-31,52.22804,10.57995,29.0,NSG Mascheroder und Rautheimer Holz
schwefelporling,5828817222,2025-08-26,51.97135,11.61382,26132.0,
schwefelporling,5830435560,2025-08-25,52.44785,10.45533,,
schwefelporling,5902630411,2025-08-19,51.56373,10.15456,143.0,GÖ Seeburg
schwefelporling,5762127050,2025-09-02,51.93543,9.09663,5.0,LIP Lippe (Kreis)
schwefelporling,5762206825,2025-09-07,52.27266,10.58131,,VSG Riddagshäuser Teiche
schwefelporling,5762220516,2025-09-02,52.19911,10.18121,,HI Hildesheim (Landkreis)
schwefelporling,5762280983,2025-09-01,52.61522,10.0952,13.0,CE Celle (Landkreis)
schwefelporling,5794835293,2025-09-02,52.44126,10.47014,250.0,NSG Viehmoor (Leiferde)
schwefelporling,5796890714,2025-09-10,52.36504,9.73679,3.0,H Hannover Maschpark
schwefelporling,5796905566,2025-09-11,53.11299,9.96322,,HK Heidekreis (Landkreis)
schwefelporling,5796911424,2025-09-10,52.36,9.83,1000.0,H Hannover Tiergarten
schwefelporling,5796965891,2025-09-06,53.34458,9.92231,5.0,LSG Klecker Wald und Umgebung
schwefelporling,5797001618,2025-09-11,52.36444,9.83991,15.0,H Hannover Tiergarten
schwefelporling,5797003326,2025-09-11,51.87703,9.30161,6.0,LIP Lügde
schwefelporling,5797022274,2025-09-08,52.39266,9.78188,9.0,H Hannover Eilenriede Nord
schwefelporling,5797118018,2025-09-14,51.53669,10.94687,34.0,NDH Nordhausen (Landkreis)
schwefelporling,5797165022,2025-09-05,53.21389,10.38778,,LG Lüneburg (Landkreis)
schwefelporling,5826180958,2025-09-10,52.35269,9.74504,250.0,Hannover - Maschsee
schwefelporling,5827451555,2025-09-04,53.11689,9.03591,84.0,
schwefelporling,5827485792,2025-09-08,52.27126,10.56664,9.0,
schwefelporling,5827614141,2025-09-04,52.27516,9.80878,7.0,
schwefelporling,5827776773,2025-09-14,51.84687,11.04115,9.0,
schwefelporling,5827853836,2025-09-14,52.38663,9.9772,9.0,
schwefelporling,5828182876,2025-09-14,52.30342,10.47173,10.0,
schwefelporling,5828221130,2025-09-14,52.39198,9.76305,9.0,
schwefelporling,5828420217,2025-09-14,52.22704,10.56114,118.0,
schwefelporling,5829121399,2025-09-16,52.27199,10.51833,4.0,BS Braunschweig (Kreisfreie Stadt)
schwefelporling,5829127416,2025-09-19,53.19374,10.34183,13.0,NSG Hasenburger Bachtal
schwefelporling,5829226787,2025-09-14,52.18657,9.60609,29.0,H Wisentgehege Springe
schwefelporling,5829279725,2025-09-13,52.26729,10.56011,,LSG Prinz-Albrecht-Park
schwefelporling,5829319315,2025-09-05,52.12,10.0,1000.0,HI LSG Vorholzer Bergland (West)
schwefelporling,5829347958,2025-09-15,52.86377,9.60801,,HK Heidekreis (Landkreis)
schwefelporling,5829368607,2025-09-15,51.51665,9.9189,6.0,GÖ Göttinger Kiessee
schwefelporling,5829370531,2025-09-16,53.02817,11.48822,24.0,DAN Elbufer-Drawehn NP
schwefelporling,5832250137,2025-09-28,52.38333,9.76142,4.0,H Hannover Eilenriede Nord
schwefelporling,5832353700,2025-09-27,53.14835,9.90772,3.0,LG VSG Lüneburger Heide
schwefelporling,5837112366,2025-09-20,52.00183,9.85497,25.0,Südhang Ortsberg und NSG Schiefer Holzer Berg
schwefelporling,5837648139,2025-09-21,52.35438,9.7809,6.0,
schwefelporling,5838324436,2025-09-28,51.50669,11.92399,60.0,
schwefelporling,5839923816,2025-09-14,51.83102,10.79197,,
schwefelporling,5840255841,2025-09-08,51.54193,10.10322,344.0,
schwefelporling,5840711636,2025-09-19,51.86923,10.55908,4.0,GS Bad Harzburg
schwefelporling,5840785368,2025-09-29,52.35802,9.48072,3.0,LSG Benther Berg - Südaue
schwefelporling,5840823037,2025-09-30,53.01816,9.02132,2.0,VER Verden (Landkreis)
schwefelporling,5843959695,2025-09-15,52.38795,9.70316,415.0,
schwefelporling,5844799504,2025-09-14,52.54708,10.15185,250.0,Wathlingen - Naturkontaktstation
schwefelporling,5867769259,2025-09-14,52.38925,10.7227,80.0,
schwefelporling,5868195911,2025-09-12,52.364,9.78823,31.0,
schwefelporling,5868303659,2025-09-15,52.48132,10.73777,27.0,
schwefelporling,5871914683,2025-09-28,52.46332,9.86434,250.0,Lohner Wald
schwefelporling,5892385627,2025-09-20,52.00096,9.85473,3758.0,
schwefelporling,5902582192,2025-09-20,52.359,9.47259,,H Hannover (Region)
schwefelporling,5908916883,2025-09-04,51.51668,9.91886,3.0,
schwefelporling,5909207745,2025-09-16,52.25472,10.52418,27.0,
schwefelporling,5909271381,2025-09-17,51.50146,11.90907,15.0,
schwefelporling,5932430364,2025-09-05,52.14633,9.35573,,
schwefelporling,5932684600,2025-09-16,52.26993,10.57465,,
schwefelporling,6182587690,2025-09-14,52.11444,11.62954,,MD Magdeburg (Kreisfreie Stadt)
schwefelporling,5840584163,2025-10-08,52.03922,10.19682,11.0,"WF LSG Hainberg, Wohldenberg, Braune Heide, Klein Rhüdener H"
schwefelporling,5840607098,2025-10-07,52.36512,9.73684,93.0,H Hannover Maschpark
schwefelporling,5840625615,2025-10-03,52.44835,10.45612,7.0,NSG Viehmoor
schwefelporling,5840840205,2025-10-05,52.27202,10.51855,8.0,BS Braunschweig (Kreisfreie Stadt)
schwefelporling,5840853969,2025-10-03,52.44839,10.45649,4.0,NSG Viehmoor
schwefelporling,5840870644,2025-10-02,52.91098,11.87056,3.0,Elbdeichhinterland - N2000
schwefelporling,5841015238,2025-10-02,52.44079,9.8201,12.0,H Isernhagen LSG Obere Wietze
schwefelporling,5868483813,2025-10-09,52.54708,10.15185,250.0,Wathlingen - Naturkontaktstation
schwefelporling,5871910054,2025-10-25,52.25485,10.52403,25.0,Bürgerpark Braunschweig
schwefelporling,5892260985,2025-10-18,52.28281,9.03214,250.0,Bückeburger Niederung
schwefelporling,5892739822,2025-10-07,52.24892,10.44349,15.0,
schwefelporling,5892859575,2025-10-14,51.50871,11.92053,244.0,
schwefelporling,5892908166,2025-10-01,52.62685,10.09492,4.0,
schwefelporling,6320883937,2025-10-02,51.79864,11.4269,26164.0,
schwefelporling,5892266282,2025-11-03,52.47416,10.34704,250.0,Meinersen Naturlehrpfad Oker
schwefelporling,5897265374,2025-11-12,52.49478,9.33077,2342.0,
schwefelporling,5901253902,2025-11-28,52.38869,9.78146,14.0,H Hannover Eilenriede Nord
schwefelporling,5903164697,2025-11-08,52.27569,10.58015,20.0,Riddagshäuser Teiche - N2000
schwefelporling,5903959613,2025-11-06,51.53251,10.01953,904.0,
schwefelporling,5918332347,2025-12-02,53.14008,10.47322,39.0,LSG Süsing
schwefelporling,6003690867,2025-12-12,52.28281,9.03214,250.0,Bückeburger Niederung
schwefelporling,4886071015,2024-01-03,53.2857,10.75606,7.0,Elbe - Bleckede
schwefelporling,4886555214,2024-01-22,53.28576,10.75611,5.0,Elbe - Bleckede
schwefelporling,4886874470,2024-01-03,53.2857,10.75606,7.0,Elbe - Bleckede
schwefelporling,4596833806,2024-03-02,51.50769,11.80277,26196.0,
schwefelporling,4935636869,2024-03-15,53.1758,10.77874,,
schwefelporling,4846832751,2024-04-11,52.09222,11.67558,9.0,
schwefelporling,4847088450,2024-04-13,51.78664,11.71912,7.0,
schwefelporling,4847221000,2024-04-13,52.20529,9.02886,7.0,
schwefelporling,4851990915,2024-04-18,51.90066,10.45603,16.0,
schwefelporling,4852091543,2024-04-21,52.13425,9.95993,8.0,
schwefelporling,4852594678,2024-04-28,52.33656,9.86932,,
schwefelporling,4863752927,2024-04-27,52.2713,10.56724,,
schwefelporling,4880983157,2024-04-07,51.64615,9.45574,,KS Kassel (Landkreis)
schwefelporling,4881451761,2024-04-27,52.47137,9.77501,7.0,LSG Wietzetal
schwefelporling,4883318586,2024-04-06,52.34221,10.29373,7.0,PE Peine (Landkreis)
schwefelporling,4887293607,2024-04-07,51.64562,9.45669,,KS Kassel (Landkreis)
schwefelporling,4888393548,2024-04-13,52.11867,10.00223,3.0,HI LSG Vorholzer Bergland (West)
schwefelporling,4889357754,2024-04-13,51.9785,9.25229,3.0,Emmertal - N2000
schwefelporling,4889396644,2024-04-22,53.22206,10.41407,,LG LSG Lüneburger Heide
schwefelporling,4889461572,2024-04-26,52.49343,9.46712,5.0,H Hannover (Region)
schwefelporling,4931611769,2024-04-18,52.92827,11.40485,11.0,NSG Planken und Schletauer Post
schwefelporling,4854798735,2024-05-05,53.15987,10.45929,25940.0,
schwefelporling,4854882864,2024-05-05,52.29961,10.53194,29.0,
schwefelporling,4855061431,2024-05-03,52.27127,10.56721,16.0,
schwefelporling,4855369796,2024-05-05,52.11413,11.64244,913.0,
schwefelporling,4855382438,2024-05-01,51.87636,10.65123,29.0,
schwefelporling,4855451744,2024-05-04,52.34163,9.75433,1100.0,
schwefelporling,4863403810,2024-05-06,51.5386,9.93721,35.0,
schwefelporling,4863471226,2024-05-11,53.101,11.45304,,
schwefelporling,4863574305,2024-05-10,52.0929,9.38151,49.0,
schwefelporling,4863574809,2024-05-10,52.3275,10.58386,,
schwefelporling,4863734867,2024-05-12,52.14117,10.42947,5.0,
schwefelporling,4863768064,2024-05-11,51.73625,11.00841,176.0,
schwefelporling,4863788075,2024-05-08,52.29008,10.58768,16.0,
schwefelporling,4863845913,2024-05-09,53.43944,9.91263,,
schwefelporling,4863914692,2024-05-14,51.87405,10.65085,52.0,
schwefelporling,4867649754,2024-05-19,51.52633,9.98561,,
schwefelporling,4867695246,2024-05-18,52.30426,10.33504,34.0,
schwefelporling,4867922218,2024-05-20,51.5385,9.93731,7.0,
schwefelporling,4867964216,2024-05-12,52.3507,9.76612,,
schwefelporling,4872287901,2024-05-26,51.91533,9.15259,4.0,
schwefelporling,4872462381,2024-05-22,52.27537,10.51312,,
schwefelporling,4872646785,2024-05-25,52.2504,10.52641,,
schwefelporling,4881693169,2024-05-09,53.24936,9.71585,30.0,WL Harburg (Landkreis)
schwefelporling,4881805209,2024-05-14,52.12979,9.9724,5.0,HI Hildesheim (Kern)
schwefelporling,4881849029,2024-05-12,51.86944,10.55889,,GS Bad Harzburg
schwefelporling,4881906074,2024-05-09,53.38678,9.61397,8.0,LSG Lietberg
schwefelporling,4882276509,2024-05-18,51.54474,9.53079,4.0,KS Kassel (Landkreis)
schwefelporling,4882558148,2024-05-01,52.35695,9.77032,,LSG Alte Bult
schwefelporling,4882727676,2024-05-19,51.80637,10.23515,,GÖ Göttingen (Landkreis)
schwefelporling,4882766071,2024-05-12,52.30598,10.52586,11.0,LSG Schunteraue
schwefelporling,4882812554,2024-05-07,52.25028,10.52722,,BS Braunschweig (Kreisfreie Stadt)
schwefelporling,4883496800,2024-05-12,53.47787,10.11125,12.0,Die Reit - N2000 (A)
schwefelporling,4883588871,2024-05-08,52.25128,9.58628,4.0,LSG Norddeister
schwefelporling,4883712504,2024-05-03,51.51721,9.00494,,HX Höxter (Kreis)
schwefelporling,4883938585,2024-05-01,52.35538,9.78036,,H Hannover Eilenriede Süd
schwefelporling,4884105203,2024-05-21,52.35538,9.7809,,H Hannover Eilenriede Süd
schwefelporling,4884145033,2024-05-10,53.0377,9.78749,3.0,HK Heidekreis (Landkreis)
schwefelporling,4884420063,2024-05-20,51.53791,9.93474,83.0,GÖ Göttingen (Stadt)
schwefelporling,4885137701,2024-05-18,53.45444,9.91883,16.0,Hamburg
schwefelporling,4885166557,2024-05-11,52.37167,9.8185,7.0,H Hannover Hermann-Löns-Park
schwefelporling,4885312582,2024-05-15,52.09009,9.36203,6.0,LSG Hamel und Herksbach mit Liethberg
schwefelporling,4886876251,2024-05-08,52.04163,10.0028,5.0,"LSG Riehe, Alme, Gehbeek und Subeek"
schwefelporling,4887165811,2024-05-19,52.07252,10.00635,6.0,HI LSG Bad Salzdetfurth
schwefelporling,4887167890,2024-05-01,52.39341,9.70084,,Hannover
schwefelporling,4887352745,2024-05-08,52.1357,9.95959,15.0,HI LSG Innersteniederung südlich Hildesheim einschließlich d
schwefelporling,4887355137,2024-05-17,52.5186,10.0084,14.0,H Burgdorf
schwefelporling,4887460774,2024-05-14,52.39951,10.59806,3.0,LSG Martinsbüttel
schwefelporling,4887489032,2024-05-12,51.88222,10.54066,,GS Bad Harzburg
schwefelporling,4887629323,2024-05-07,52.25111,10.52667,,BS Braunschweig (Kreisfreie Stadt)
schwefelporling,4887655389,2024-05-19,51.89829,9.17092,,LIP Lippe (Kreis)
schwefelporling,4887748216,2024-05-20,52.33167,9.72485,5.0,LSG Obere Leine
schwefelporling,4888036896,2024-05-09,53.38672,9.61396,5.0,LSG Lietberg
schwefelporling,4888210986,2024-05-17,52.18826,9.07802,24.0,SHG Schaumburg (Landkreis)
schwefelporling,4888257497,2024-05-13,53.48414,10.2569,,RZ Herzogtum Lauenburg (Landkreis)
schwefelporling,4888306132,2024-05-19,51.53784,9.93521,20.0,GÖ Göttingen (Stadt)
schwefelporling,4888540707,2024-05-09,53.42417,9.86695,581.0,LSG Rosengarten - Kiekeberg - Stuvenwald
schwefelporling,4888588822,2024-05-14,52.39945,10.59805,5.0,LSG Martinsbüttel
schwefelporling,4888860414,2024-05-20,52.19528,10.75452,5.0,LSG Elm
schwefelporling,4889078877,2024-05-13,53.48414,10.2569,,RZ Herzogtum Lauenburg (Landkreis)
schwefelporling,4889129553,2024-05-08,51.71818,11.59311,4.0,SLK Salzlandkreis (Landkreis)
schwefelporling,4889299352,2024-05-11,52.10355,9.09343,,LIP Lippe (Kreis)
schwefelporling,4889339428,2024-05-20,53.23435,10.37927,6.0,NSG Hasenburger Bachtal
schwefelporling,4889392257,2024-05-09,52.37783,9.72593,6.0,Hannover
schwefelporling,4890104934,2024-05-01,52.2868,9.02857,4.0,LSG Bückeburger Niederung
schwefelporling,4890305419,2024-05-11,52.27126,10.56722,6.0,LSG Prinz-Albrecht-Park
schwefelporling,4890468444,2024-05-18,52.09417,11.43639,,BK Börde (Landkreis)
schwefelporling,4890492492,2024-05-13,53.16632,9.96712,2.0,LG VSG Lüneburger Heide
schwefelporling,4890537741,2024-05-20,51.54492,9.50579,,KS Kassel (Landkreis)
schwefelporling,4891529091,2024-05-06,51.71995,10.97347,49.0,Bodetal und Laubwälder des Harzrandes bei Thale - N2000
schwefelporling,4931924246,2024-05-29,51.52835,9.00404,14.0,NSG Hammerbachtal
schwefelporling,4933436918,2024-05-25,52.1257,10.00769,5.0,HI LSG Vorholzer Bergland (West)
schwefelporling,4933725834,2024-05-30,53.23041,10.41385,5.0,LG LSG Lüneburger Heide
schwefelporling,4934333821,2024-05-31,52.2381,10.52936,,BS Braunschweig (Kreisfreie Stadt)
schwefelporling,4934471916,2024-05-25,51.81201,10.35173,4.0,Harz - Clausthal-Zellerfeld
schwefelporling,4934695684,2024-05-30,53.23036,10.41383,14.0,LG LSG Lüneburger Heide
schwefelporling,4935071394,2024-05-15,52.09013,9.36202,,LSG Hamel und Herksbach mit Liethberg
schwefelporling,4954274831,2024-05-01,53.46891,10.04987,74.0,
schwefelporling,4957897083,2024-05-12,52.11999,11.64316,10.0,MD Magdeburg (Kreisfreie Stadt)
schwefelporling,4989847848,2024-05-18,52.4196,11.97421,6.0,Elbaue zwischen Derben und Schönhausen - N2000
schwefelporling,5012705609,2024-05-09,52.47416,10.34704,250.0,Meinersen Naturlehrpfad Oker
schwefelporling,5020867936,2024-05-09,51.60709,9.39374,250.0,NSG Stahlberg und Hölleberg bei Deisel
schwefelporling,5020917793,2024-05-05,51.78069,10.98753,250.0,Teufelsmauer zwischen Großvater und Hamburger Mauer
schwefelporling,5087013020,2024-05-21,53.1379,10.30515,15.0,
schwefelporling,5087039963,2024-05-19,52.19135,9.89514,,
schwefelporling,6159153702,2024-05-02,52.38875,9.745,,
schwefelporling,6187991812,2024-05-03,52.10867,11.27289,420.0,
schwefelporling,6195864460,2024-05-20,52.09624,11.28632,239.0,
schwefelporling,6195909745,2024-05-14,52.16368,11.10679,197.0,
schwefelporling,4875080976,2024-06-01,52.33661,9.73818,43.0,
schwefelporling,4875168902,2024-06-01,53.13913,9.78661,30.0,
schwefelporling,4900952047,2024-06-14,51.68886,11.21271,22.0,
schwefelporling,4908379683,2024-06-07,52.13675,9.3543,,
schwefelporling,4930511284,2024-06-02,52.98761,9.53608,,ROW Rotenburg (Wümme) (Landkreis)
schwefelporling,4930540254,2024-06-08,52.32735,10.42019,15.0,BS Braunschweiger Rieselfelder
schwefelporling,4931124746,2024-06-19,52.20071,9.4672,13.0,HM Hameln-Pyrmont (Landkreis)
schwefelporling,4932806274,2024-06-10,52.32734,10.42021,10.0,BS Braunschweiger Rieselfelder
schwefelporling,4932990063,2024-06-26,53.22701,10.42182,,LG Lüneburg (Landkreis)
schwefelporling,4933004849,2024-06-08,51.74099,10.34811,,GÖ Göttingen (Landkreis)
schwefelporling,4933881722,2024-06-07,52.08261,9.95227,5.0,HI VSG Hildesheimer Wald
schwefelporling,4933885966,2024-06-02,53.11002,10.44312,3.0,LSG Süsing
schwefelporling,4934135713,2024-06-04,51.73675,9.03485,,HX Höxter (Kreis)
schwefelporling,4934308200,2024-06-03,51.88111,10.54148,5.0,GS Bad Harzburg
schwefelporling,4934865862,2024-06-02,52.75692,9.30885,7.0,NI Nienburg/Weser (Landkreis)
schwefelporling,5024917155,2024-06-08,52.28281,9.03214,250.0,Bückeburger Niederung
schwefelporling,4908474829,2024-07-13,53.13963,10.49054,14.0,
schwefelporling,4930631379,2024-07-28,51.50923,11.32672,,MSH Mansfeld-Südharz (Landkreis)
schwefelporling,4934741556,2024-07-13,52.06493,10.00099,15.0,HI LSG Bad Salzdetfurth
schwefelporling,4935384030,2024-07-27,52.24924,9.58101,5.0,LSG Norddeister
schwefelporling,5025209398,2024-07-09,51.87649,11.40542,250.0,Heißer Grund
schwefelporling,4921817643,2024-08-05,52.2717,10.59812,20.0,
schwefelporling,4923678947,2024-08-11,52.05588,11.64679,4.0,
schwefelporling,4926024239,2024-08-18,52.99251,11.62426,4.0,
schwefelporling,4930409834,2024-08-10,53.36109,10.20065,4.0,WL Winsen an der Luhe
schwefelporling,4930413583,2024-08-10,52.1156,9.77163,3.0,FFH Leineaue unter dem Rammelsberg
schwefelporling,4931293473,2024-08-04,52.00272,9.65509,6.0,HI Duinger Teiche
schwefelporling,4931767183,2024-08-19,52.8796,10.1846,36.0,Heiden und Magerrasen in der Südheide - N2000
schwefelporling,4932047930,2024-08-04,52.02818,10.61016,,WF Wolfenbüttel (Landkreis)
schwefelporling,4932284726,2024-08-16,52.37689,9.82617,5.0,Hannover
schwefelporling,4932496262,2024-08-04,52.00275,9.65512,12.0,HI Duinger Teiche
schwefelporling,4932497553,2024-08-20,53.02663,11.14951,7.0,DAN Lüchow-Dannenberg (Landkreis)
schwefelporling,4932693017,2024-08-15,53.16341,11.13888,13.0,BSR Niedersächsische Elbtalaue
schwefelporling,4932807276,2024-08-10,52.40042,9.75885,4.0,Hannover
schwefelporling,4932995283,2024-08-21,53.26019,10.43024,4.0,LG Lüneburg (Landkreis)
schwefelporling,4933469834,2024-08-18,52.99251,11.62426,5.0,Aland-Elbe-Niederung nördlich Seehausen - N2000
schwefelporling,4933999071,2024-08-07,52.40046,9.75886,3.0,Hannover
schwefelporling,4934132002,2024-08-08,52.93982,9.07487,93.0,VER Verden (Landkreis)
schwefelporling,4934297300,2024-08-09,52.27167,10.59813,4.0,VSG Riddagshäuser Teiche
schwefelporling,4935445976,2024-08-10,51.99034,9.82438,37.0,HI Alfeld (Leine)
schwefelporling,4935489086,2024-08-07,53.38635,9.97963,5.0,WL Harburg (Landkreis)
schwefelporling,4935503607,2024-08-10,52.1156,9.7716,5.0,FFH Leineaue unter dem Rammelsberg
schwefelporling,4935807555,2024-08-25,52.38797,9.70121,,
schwefelporling,4936794075,2024-08-31,52.15267,11.95047,8.0,
schwefelporling,4950132219,2024-08-23,52.38094,9.76927,5.0,
schwefelporling,4956103914,2024-08-28,52.1699,11.64032,93.0,MD Magdeburg (Kreisfreie Stadt)
schwefelporling,4957538281,2024-08-31,53.10239,9.87928,5.0,LG VSG Lüneburger Heide
schwefelporling,5017538451,2024-08-21,52.27145,10.5981,25.0,TK25 Blatt 3729/2 - Braunschweig (Ost) / Weddel / Hordorf
schwefelporling,5018507433,2024-08-16,53.09995,9.85056,250.0,Möhrer Moor und Hof Möhr bei Schneverdingen
schwefelporling,5134913096,2024-08-04,52.44345,9.19875,69.0,
schwefelporling,5759963169,2024-08-17,51.57168,11.84541,20.0,
schwefelporling,6411042849,2024-08-23,53.05019,11.46205,13.0,DAN Höhbeck
schwefelporling,4946061677,2024-09-08,51.77094,11.86456,,
schwefelporling,4946129640,2024-09-03,53.11693,9.03263,4.0,
schwefelporling,4952778434,2024-09-28,51.52105,10.18457,1382.0,
schwefelporling,4956247150,2024-09-09,51.67899,10.19284,34.0,GÖ Göttingen (Landkreis)
schwefelporling,4956400768,2024-09-23,52.45725,9.2732,44.0,NI NSG Meerbruch
schwefelporling,4956455288,2024-09-04,52.99,9.81,1000.0,HK Heidekreis (Landkreis)
schwefelporling,4956608715,2024-09-15,51.57493,9.46108,4.0,KS Kassel (Landkreis)
schwefelporling,4956656679,2024-09-13,52.3097,10.58677,800.0,BS Braunschweig (Kreisfreie Stadt)
schwefelporling,4956699137,2024-09-09,52.26608,10.39843,16.0,LSG Aue-Dummbruchgraben und Pferdekoppel - Wüstung Glinde
schwefelporling,4956701761,2024-09-26,53.40605,10.23547,,Zollenspieker/Kiebitzbrack - N2000
schwefelporling,4956795730,2024-09-02,52.29975,10.55052,6.0,BS Braunschweig (Kreisfreie Stadt)
schwefelporling,4956919808,2024-09-08,52.26663,10.58931,5.0,VSG Riddagshäuser Teiche
schwefelporling,4957106916,2024-09-21,52.40719,10.48657,2.0,Maaßel - N2000
schwefelporling,4957158165,2024-09-05,53.32811,11.48752,,Schloßpark Ludwigslust - N2000
schwefelporling,4957400013,2024-09-13,52.55699,9.29287,18.0,NI Nienburg/Weser (Landkreis)
schwefelporling,4957523138,2024-09-25,53.14837,9.90791,,LG VSG Lüneburger Heide
schwefelporling,4957596008,2024-09-29,52.44781,10.45536,9.0,NSG Viehmoor
schwefelporling,4957712031,2024-09-13,51.71072,9.48284,15.0,LSG Solling
schwefelporling,4957718692,2024-09-11,51.9825,10.54611,,GS Goslar (Landkreis)
schwefelporling,4957896752,2024-09-23,52.4571,9.27352,,NI NSG Meerbruch
schwefelporling,4957935604,2024-09-29,52.20715,9.19472,10.0,NSG Kamm des Wesergebirges
schwefelporling,5027453457,2024-09-01,53.32821,11.48344,250.0,Schlosspark Ludwigslust
schwefelporling,5212522116,2024-09-14,51.64049,9.9569,4.0,NOM Nörten-Hardenberg
schwefelporling,6188010494,2024-09-11,52.09893,11.21393,1398.0,
schwefelporling,6344893117,2024-09-26,53.40601,10.23543,,HH Hamburg (Kreisfreie Stadt)
schwefelporling,4952628046,2024-10-02,52.27573,9.81414,,
schwefelporling,4957178262,2024-10-01,51.57074,10.09822,18.0,GÖ Göttingen (Landkreis)
schwefelporling,4957307043,2024-10-09,52.97855,11.18558,4.0,DAN Lüchow-Dannenberg (Landkreis)
schwefelporling,4976348970,2024-10-02,51.50732,9.98437,7.0,
schwefelporling,4976555648,2024-10-26,51.68582,11.30628,204.0,
schwefelporling,4986448417,2024-10-18,52.28928,10.50706,98.0,LSG Okertalaue
schwefelporling,5014530879,2024-10-04,53.40372,11.40753,250.0,Waldgebiet östl. Jasnitz
schwefelporling,5087059250,2024-10-13,52.33362,9.79312,9.0,
schwefelporling,6342831670,2024-10-23,53.22564,10.40955,129.0,LG Lüneburg (Stadt)
schwefelporling,4980312036,2024-11-09,52.27182,10.59815,5.0,
schwefelporling,4982102192,2024-11-16,51.8434,11.98241,,
schwefelporling,4993873629,2024-11-29,52.27556,9.8137,87.0,
schwefelporling,5020091602,2023-01-08,52.00539,9.84258,25.0,Himmelberg - Adamishütte
schwefelporling,5020552233,2023-01-03,52.33135,9.55519,250.0,Levester Holz
schwefelporling,5020841676,2023-01-23,52.33666,10.73176,25.0,TK25 Blatt 3630/3 - Lehre
schwefelporling,4157055256,2023-03-25,52.27276,10.57883,3.0,VSG Riddagshäuser Teiche
schwefelporling,5015883973,2023-03-19,52.13054,9.40112,250.0,NSG Schweineberg
schwefelporling,4126869396,2023-04-23,52.77467,9.5375,8.0,
schwefelporling,4127128887,2023-05-29,53.44408,9.92299,7.0,
schwefelporling,4127155232,2023-05-28,52.14398,10.7259,9.0,
schwefelporling,4157044333,2023-05-21,53.16558,9.95192,,LG VSG Lüneburger Heide
schwefelporling,4157191031,2023-05-09,52.45627,10.88479,8.0,Drömling - N2000 (A)
schwefelporling,4157840678,2023-05-22,53.16378,11.0281,5.0,Elbeniederung zwischen Schnackenburg und Geesthacht - N2000
schwefelporling,4158454594,2023-05-24,52.40073,10.22945,5.0,"LSG Blumenhagener Moor, Schwarzwasserniederung, Wendesser Mo"
schwefelporling,4158649799,2023-05-18,52.48425,10.02522,35.0,H Hannover (Region)
schwefelporling,4158901109,2023-05-19,51.54524,9.52996,,KS Kassel (Landkreis)
schwefelporling,4159777121,2023-05-14,52.3701,9.81415,11.0,H Hannover Hermann-Löns-Park
schwefelporling,4160148575,2023-05-24,51.78574,10.97269,5.0,Wernigerode (ehem. Landkreis)
schwefelporling,4160302889,2023-05-27,51.54379,9.53098,41.0,KS Kassel (Landkreis)
schwefelporling,4160305960,2023-05-23,53.04218,11.43268,7.0,DAN Elbufer-Drawehn NP
schwefelporling,4160378198,2023-05-28,52.30273,9.73374,,Hannover
schwefelporling,4171154458,2023-05-20,51.50688,10.1416,31.0,
schwefelporling,5014833363,2023-05-18,51.86998,10.04317,25.0,TK25 Blatt 4126/1 - Bad Gandersheim
schwefelporling,5020002998,2023-05-27,53.04256,11.42158,250.0,Laascher Insel
schwefelporling,5026668114,2023-05-20,52.43676,9.48961,250.0,Naturschutzgebiet Wadebruch
schwefelporling,4137889856,2023-06-07,52.22851,9.03427,15.0,
schwefelporling,4137997892,2023-06-15,52.26902,10.53211,29.0,
schwefelporling,4138411235,2023-06-19,52.33195,9.73235,9.0,
schwefelporling,4138559154,2023-06-16,52.2621,10.46378,15.0,
schwefelporling,4158259639,2023-06-01,52.14044,9.90361,13.0,HI LSG Rottsberghang
schwefelporling,4158824430,2023-06-01,52.69929,9.68629,,HK Heidekreis (Landkreis)
schwefelporling,4159702958,2023-06-17,52.27088,10.52844,37.0,BS Braunschweig (Kreisfreie Stadt)
schwefelporling,4159775433,2023-06-11,52.06053,10.51699,9.0,LSG Oderwald (Süd)
schwefelporling,4160010503,2023-06-10,52.1354,9.87679,30.0,HI Hildesheim (Landkreis)
schwefelporling,4160072022,2023-06-08,52.2709,10.52836,35.0,BS Braunschweig (Kreisfreie Stadt)
schwefelporling,4160394138,2023-06-08,51.71908,10.97363,,Wernigerode (ehem. Landkreis)
schwefelporling,4160395362,2023-06-16,53.48447,10.25647,38.0,RZ Herzogtum Lauenburg (Landkreis)
schwefelporling,4160623965,2023-06-08,52.27051,10.57692,302.0,VSG Riddagshäuser Teiche
schwefelporling,4160890858,2023-06-24,53.22806,9.86541,4.0,LG VSG Lüneburger Heide
schwefelporling,4160959775,2023-06-24,53.228,9.8654,6.0,LG VSG Lüneburger Heide
schwefelporling,4408035742,2023-07-01,53.4841,10.25688,72.0,RZ Herzogtum Lauenburg (Landkreis)
schwefelporling,4409405028,2023-07-27,52.19427,9.18146,22.0,SHG Schaumburg (Landkreis)
schwefelporling,4409532848,2023-07-20,52.19437,9.18127,5.0,SHG Schaumburg (Landkreis)
schwefelporling,4409913091,2023-07-27,51.79498,10.47616,259.0,GS Goslar (Landkreis)
schwefelporling,4409913961,2023-07-30,52.44235,9.75244,25.0,Hannover
schwefelporling,4410058613,2023-07-29,52.87322,9.94912,500.0,Großes Moor bei Becklingen - N2000
schwefelporling,4410113503,2023-07-29,52.38327,10.53009,4.0,GF Gifhorn (Landkreis)
schwefelporling,4400257276,2023-08-21,52.22944,10.51278,,
schwefelporling,4405417649,2023-08-27,51.56917,10.83852,12.0,
schwefelporling,4409438466,2023-08-28,52.85999,11.09307,11.0,SAW Altmarkkreis Salzwedel (Landkreis)
schwefelporling,4409627949,2023-08-02,51.79496,10.47613,5.0,GS Goslar (Landkreis)
schwefelporling,4409691812,2023-08-15,51.73645,11.01162,25.0,Quedlinburg (ehem. Landkreis)
schwefelporling,4410456556,2023-08-09,52.37692,9.82621,253.0,Hannover
schwefelporling,4410464242,2023-08-16,52.47164,9.42553,8.0,Steinhuder Meer - Wunstorfer Moor
schwefelporling,4410545585,2023-08-10,52.47445,10.02326,5.0,LSG Burgdorfer Holz
schwefelporling,4410684477,2023-08-28,52.25054,10.49377,6.0,BS Braunschweig (Kreisfreie Stadt)
schwefelporling,4460771953,2023-08-29,53.46595,10.30812,8.0,RZ Herzogtum Lauenburg (Landkreis)
schwefelporling,4461952524,2023-08-29,53.10391,10.84084,28.0,Buchen- und Eichenwälder in der Göhrde (mit Breeser Grund) -
schwefelporling,4516689700,2023-08-10,51.57281,11.88128,26196.0,
schwefelporling,4854784289,2023-08-13,52.5958,10.13903,4.0,
schwefelporling,5016154095,2023-08-09,52.44493,9.74618,250.0,"Langenhagen, Eichenpark (Stadtpark)"
schwefelporling,5024238581,2023-08-09,52.44262,9.76092,250.0,Stadtwald Langenhagen
schwefelporling,4414038656,2023-09-09,52.27238,10.58106,7.0,
schwefelporling,4420810994,2023-09-28,52.2712,10.57797,14.0,
schwefelporling,4459832401,2023-09-02,52.43408,9.9103,5.0,FFH Altwarmbüchener Moor
schwefelporling,4459911184,2023-09-03,52.35804,9.48065,5.0,LSG Benther Berg - Südaue
schwefelporling,4460411883,2023-09-20,53.43364,11.18486,10.0,LUP Ludwigslust-Parchim (Landkreis)
schwefelporling,4460504800,2023-09-29,51.52599,10.01213,,GÖ Kerstlingeröder Feld
schwefelporling,4461440866,2023-09-02,51.56401,10.15589,6.0,GÖ Göttingen (Landkreis)
schwefelporling,4461459537,2023-09-05,51.73557,11.0186,9.0,Quedlinburg (ehem. Landkreis)
schwefelporling,4462062272,2023-09-18,52.13689,9.95135,48.0,HI Hohnsensee
schwefelporling,4462070026,2023-09-24,52.10332,10.32764,,Kammmolch-Biotop Tagebau Haverlahwiese - N2000
schwefelporling,4462392687,2023-09-29,52.25205,10.51961,7.0,BS Braunschweig (Kreisfreie Stadt)
schwefelporling,4462456763,2023-09-13,52.2506,10.49374,4.0,BS Braunschweig (Kreisfreie Stadt)
schwefelporling,4462543314,2023-09-24,52.10326,10.32725,5.0,Kammmolch-Biotop Tagebau Haverlahwiese - N2000
schwefelporling,4522719609,2023-09-29,51.52599,10.01213,,
schwefelporling,5024355861,2023-09-22,51.72382,9.99726,250.0,Northeim - Verbuschtes ehemaliges Motocross-Gelände
schwefelporling,4420849703,2023-10-02,53.02921,9.39311,193.0,
schwefelporling,4438706352,2023-10-30,52.28793,10.35802,20.0,
schwefelporling,4438776422,2023-10-29,52.22267,10.52572,26068.0,
schwefelporling,4460826351,2023-10-04,51.82742,9.87042,,NOM Northeim (Landkreis)
schwefelporling,4461108366,2023-10-08,52.26976,10.53596,100.0,BS Braunschweig (Kreisfreie Stadt)
schwefelporling,4461286724,2023-10-04,52.60135,10.96353,4.0,SAW Altmarkkreis Salzwedel (Landkreis)
schwefelporling,4461955408,2023-10-05,51.7739,9.41082,5.0,HX Höxter
schwefelporling,4462154838,2023-10-02,52.26285,10.5471,2.0,BS Braunschweig (Kreisfreie Stadt)
schwefelporling,4462177618,2023-10-04,51.82368,11.70751,18.0,Bernburg (ehem. Landkreis)
schwefelporling,4462221953,2023-10-08,52.09743,10.12768,,HI Hildesheim (Landkreis)
schwefelporling,4462405540,2023-10-03,52.26625,10.54977,31.0,BS Braunschweig (Kreisfreie Stadt)
schwefelporling,4462565860,2023-10-02,52.36231,9.64457,4.0,LSG Calenberger Börde
schwefelporling,4881472448,2023-10-22,53.15613,9.81719,,HK - Camp Reinsehlen
schwefelporling,5186770415,2023-10-03,51.77486,9.40661,94.0,HX Höxter
schwefelporling,6343861604,2023-10-08,52.22259,10.59549,,BS Braunschweig  Südstadt-Rautheim-Mascherode
schwefelporling,4453757317,2023-11-12,52.636,9.29081,6.0,
schwefelporling,4518984171,2023-11-04,51.71952,9.96875,,
schwefelporling,4881306921,2023-11-02,53.28574,10.75601,5.0,Elbe - Bleckede
schwefelporling,4891096907,2023-11-04,52.25043,10.52657,4.0,BS Braunschweig (Kreisfreie Stadt)
schwefelporling,5014166055,2023-11-03,52.53795,10.15137,250.0,Wathlingen - Ort
schwefelporling,5015560054,2023-12-10,51.52306,10.872,250.0,Steigerthal und Umfeld
schwefelporling,3859090890,2022-01-10,52.26601,10.39841,8.0,
schwefelporling,3892524467,2022-04-30,52.3651,9.73876,11.0,
schwefelporling,3772626330,2022-05-07,51.56873,9.91155,88.0,
schwefelporling,3772913154,2022-05-05,52.2849,10.51001,305.0,
schwefelporling,3773696222,2022-05-09,52.28388,10.51239,79.0,
schwefelporling,3784639495,2022-05-09,52.4279,9.74105,40.0,
schwefelporling,3784807660,2022-05-13,52.27132,10.56738,9.0,
schwefelporling,3784961996,2022-05-15,52.19053,9.89563,61.0,
schwefelporling,3785082632,2022-05-14,52.3715,9.81875,12.0,
schwefelporling,3785087734,2022-05-14,52.27128,10.56714,,
schwefelporling,3802294909,2022-05-19,52.38274,9.76399,5.0,
schwefelporling,3802380770,2022-05-21,52.32927,10.71353,20.0,
schwefelporling,3802388592,2022-05-20,51.54124,9.98924,,
schwefelporling,3802411945,2022-05-22,53.27341,9.86834,53.0,
schwefelporling,3802486456,2022-05-24,52.33204,9.74044,24.0,
schwefelporling,3802508357,2022-05-22,52.25196,10.51246,10.0,
schwefelporling,3802560720,2022-05-25,52.124,9.40518,13.0,
schwefelporling,3802748780,2022-05-25,52.27974,10.4735,20.0,
schwefelporling,3823231850,2022-05-08,52.09731,10.04341,16.0,Innerstetal von Langelsheim bis Groß Düngen - N2000
schwefelporling,3823239242,2022-05-15,52.935,9.23111,,VER Verden (Landkreis)
schwefelporling,3823281329,2022-05-18,52.24343,9.62601,,LSG Norddeister
schwefelporling,3823288151,2022-05-24,52.28186,10.76579,5.0,FFH Rieseberg
schwefelporling,3823561448,2022-05-29,52.27139,10.56722,,BS Braunschweig Julius Kühn-Institut (JKI)
schwefelporling,3823596277,2022-05-26,51.85937,10.27728,59.0,GS Goslar (Landkreis)
schwefelporling,3823649048,2022-05-12,52.30791,9.47782,,WL Barsinghausen Egestorf
schwefelporling,3823698576,2022-05-17,52.17672,10.52069,21.0,WF Wolfenbüttel
schwefelporling,3824057931,2022-05-24,52.45075,9.88469,5.0,H Isernhagen
schwefelporling,3824154213,2022-05-29,51.51823,9.5569,7.0,KS Kassel (Landkreis)
schwefelporling,3824421603,2022-05-18,52.34223,9.4362,4.0,LSG Benther Berg - Südaue
schwefelporling,3824457083,2022-05-24,52.09728,10.04337,5.0,Innerstetal von Langelsheim bis Groß Düngen - N2000
schwefelporling,3824479579,2022-05-17,52.17652,10.52093,,LSG Nördliche Okeraue
schwefelporling,3825789945,2022-05-10,51.72916,10.93902,4.0,Wernigerode (ehem. Landkreis)
schwefelporling,3825934296,2022-05-29,52.27222,10.545,,BS Braunschweig (Kreisfreie Stadt)
schwefelporling,3826308719,2022-05-07,52.49929,9.35262,,LSG Steinhuder Meer
schwefelporling,3827101914,2022-05-22,53.0421,11.43225,1.0,DAN Elbufer-Drawehn NP
schwefelporling,3827225826,2022-05-08,52.09725,10.04334,5.0,Innerstetal von Langelsheim bis Groß Düngen - N2000
schwefelporling,3827290571,2022-05-08,52.09729,10.04337,5.0,Innerstetal von Langelsheim bis Groß Düngen - N2000
schwefelporling,3827341315,2022-05-28,51.86208,10.30746,6.0,GS Goslar (Landkreis)
schwefelporling,3827408671,2022-05-06,51.53534,9.36086,236.0,KS Kassel (Landkreis)
schwefelporling,3827421207,2022-05-26,51.50169,9.17933,52.0,HX Höxter (Kreis)
schwefelporling,3827512748,2022-05-22,51.83275,10.82304,5.0,Wernigerode (ehem. Landkreis)
schwefelporling,3858439469,2022-05-28,51.53535,9.95946,10.0,
schwefelporling,3859073264,2022-05-25,52.28331,10.47488,164.0,
schwefelporling,3860274496,2022-05-29,51.73056,9.98194,,
schwefelporling,3860436832,2022-05-30,51.69047,11.27113,280.0,
schwefelporling,3860467405,2022-05-28,52.26825,10.54758,,
schwefelporling,3860467756,2022-05-30,52.28876,10.50092,,
schwefelporling,3860778798,2022-05-20,51.53815,9.93594,8.0,
schwefelporling,3905914975,2022-05-01,52.23222,9.03472,25.0,MI Minden-Lübbecke (Landkreis)
schwefelporling,3906618378,2022-05-20,52.22782,9.0362,25.0,MI Minden-Lübbecke (Landkreis)
schwefelporling,3995376232,2022-05-30,53.17763,10.37794,25.0,NSG Barnstedt-Melbecker Bach
schwefelporling,3996684982,2022-05-28,52.2796,10.7583,6.0,FFH Rieseberg
schwefelporling,4155857665,2022-05-18,51.72111,10.95995,,Wernigerode (ehem. Landkreis)
schwefelporling,4157731365,2022-05-29,52.3204,9.20632,,SHG Schaumburg (Landkreis)
schwefelporling,4171988826,2022-05-15,53.44915,10.29534,80.0,
schwefelporling,4442592760,2022-05-31,51.99527,9.99168,1244.0,
schwefelporling,4461927202,2022-05-21,51.77972,10.99404,117.0,Wernigerode (ehem. Landkreis)
schwefelporling,4507810251,2022-05-25,51.94683,9.95741,1336.0,
schwefelporling,5015170433,2022-05-10,51.78296,11.7055,250.0,Aderstedter Saaleauwald
schwefelporling,5016472911,2022-05-28,51.99166,10.0464,250.0,"Harplage, Höhenzug nördlich von Lamspringe"
schwefelporling,3858406663,2022-06-05,51.73829,11.21804,3192.0,
schwefelporling,3858476180,2022-06-03,51.62669,10.4684,1.0,
schwefelporling,3859414627,2022-06-06,51.81409,10.71617,3.0,
schwefelporling,3859647631,2022-06-05,52.02717,10.46883,231.0,
schwefelporling,3860467117,2022-06-02,52.1788,9.34914,9.0,
schwefelporling,3860676873,2022-06-08,51.84894,9.89287,24.0,
schwefelporling,3904310485,2022-06-17,52.16979,10.32039,511.0,SZ Salzgitter (Kreisfreie Stadt)
schwefelporling,3904426851,2022-06-07,51.97445,10.00083,,HI Hildesheim (Landkreis)
schwefelporling,3904519226,2022-06-22,51.54491,9.52589,,KS Kassel (Landkreis)
schwefelporling,3904612357,2022-06-05,52.26887,10.5476,5.0,BS Braunschweig (Kreisfreie Stadt)
schwefelporling,3904647431,2022-06-16,53.15544,10.22061,93.0,LG Lüneburg (Landkreis)
schwefelporling,3904689830,2022-06-15,52.07223,10.00589,3.0,HI LSG Bad Salzdetfurth
schwefelporling,3904764372,2022-06-15,52.07229,10.00449,11.0,HI LSG Bad Salzdetfurth
schwefelporling,3905034783,2022-06-01,52.08262,10.02738,20.0,HI Hildesheim (Landkreis)
schwefelporling,3905300077,2022-06-02,53.47783,10.11131,4.0,HH Hamburg (Kreisfreie Stadt)
schwefelporling,3905753401,2022-06-04,52.12668,10.00405,10.0,HI LSG Vorholzer Bergland (West)
schwefelporling,3906158811,2022-06-22,51.69749,10.87826,5.0,Wernigerode (ehem. Landkreis)
schwefelporling,3906645996,2022-06-04,51.7998,9.11329,58.0,HX Höxter (Kreis)
schwefelporling,3995421183,2022-06-08,53.18194,10.54156,25.0,LG Lüneburg (Landkreis)
schwefelporling,3995575123,2022-06-06,51.50142,9.33025,30.0,KS Kassel (Landkreis)
schwefelporling,4158803197,2022-06-19,51.91045,9.16226,,Schwalenberger Wald - N2000
schwefelporling,5027853192,2022-06-10,53.2544,10.35637,250.0,Landwehr Brockwinkel-Reppenstedt
schwefelporling,3873227176,2022-07-13,52.27208,10.57883,64.0,
schwefelporling,3873920576,2022-07-10,51.7383,11.09635,17.0,
schwefelporling,3881491760,2022-07-27,52.38126,9.76891,7.0,
schwefelporling,3881650507,2022-07-30,52.27236,10.57845,15.0,
schwefelporling,3889180482,2022-07-27,52.18734,9.60696,75.0,
schwefelporling,3905672488,2022-07-31,51.55159,9.16111,900.0,HX Höxter (Kreis)
schwefelporling,3906051797,2022-07-16,52.3932,10.53431,,GF Gifhorn (Landkreis)
schwefelporling,3906084560,2022-07-28,51.58611,11.90736,21.0,Saalkreis (ehem. Landkreis)
schwefelporling,3907059181,2022-07-25,52.2425,9.06639,25.0,LSG Harrl
schwefelporling,3995050211,2022-07-17,52.00278,9.6552,24.0,HI Duinger Teiche
schwefelporling,3995634425,2022-07-17,52.00306,9.65424,48.0,HI Duinger Teiche
schwefelporling,3997035693,2022-07-27,52.33774,11.84878,,Ohrekreis (ehem. Landkreis)
schwefelporling,3997166230,2022-07-22,53.16644,9.96714,14.0,LG VSG Lüneburger Heide
schwefelporling,3881629609,2022-08-02,52.27267,10.57981,93.0,
schwefelporling,3881709465,2022-08-02,52.27265,10.58122,,
schwefelporling,3888830676,2022-08-06,52.06893,10.52826,24.0,
schwefelporling,3889280484,2022-08-08,52.38276,9.76851,,
schwefelporling,3892382823,2022-08-12,53.25721,10.45125,174.0,
schwefelporling,3892412072,2022-08-10,52.39065,9.76071,165.0,
schwefelporling,3902263802,2022-08-21,52.32377,10.45933,,
schwefelporling,3902264851,2022-08-25,52.37168,9.81862,7.0,
schwefelporling,3902399551,2022-08-20,52.60559,10.9323,,
schwefelporling,3902814968,2022-08-22,51.71568,11.20048,41.0,
schwefelporling,3902981081,2022-08-25,52.37476,9.75741,8.0,
schwefelporling,3904342222,2022-08-01,51.71814,10.96997,542.0,Wernigerode (ehem. Landkreis)
schwefelporling,3904486237,2022-08-02,51.56928,10.83946,5.0,Südharz - N2000
schwefelporling,3904669299,2022-08-19,52.22818,10.57776,560.0,BS Braunschweig (Kreisfreie Stadt)
schwefelporling,3904716186,2022-08-01,53.1425,11.24855,4.0,LUP Ludwigslust-Parchim (Landkreis)
schwefelporling,3904729876,2022-08-21,52.60874,10.02887,5.0,CE Celle (Landkreis)
schwefelporling,3904787959,2022-08-21,52.60744,10.02543,5.0,CE Celle (Landkreis)
schwefelporling,3904857219,2022-08-14,52.36134,9.78767,,Hannover
schwefelporling,3904972708,2022-08-12,52.25802,10.55953,10.0,BS Braunschweig (Kreisfreie Stadt)
schwefelporling,3905057463,2022-08-07,52.27065,10.54616,10.0,BS Braunschweig (Kreisfreie Stadt)
schwefelporling,3905065669,2022-08-03,51.73382,11.03245,5.0,Quedlinburg (ehem. Landkreis)
schwefelporling,3905091912,2022-08-13,52.05937,10.15672,7.0,HI LSG Hainberg
schwefelporling,3905269586,2022-08-21,52.33744,9.81133,295.0,Hannover
schwefelporling,3905278734,2022-08-19,52.2725,10.28472,,PE Peine (Landkreis)
schwefelporling,3905311255,2022-08-23,51.78472,11.12978,30.0,Quedlinburg (ehem. Landkreis)
schwefelporling,3905396181,2022-08-15,51.54286,9.52604,6.0,KS Kassel (Landkreis)
schwefelporling,3905508218,2022-08-11,51.56939,10.83997,79.0,Südharz - N2000
schwefelporling,3905527022,2022-08-23,53.2973,9.28038,5.0,ROW Rotenburg (Wümme) (Landkreis)
schwefelporling,3905635266,2022-08-21,52.61432,10.01416,5.0,CE Celle (Landkreis)
schwefelporling,3905638797,2022-08-28,52.22839,10.57779,24.0,NSG Mascheroder und Rautheimer Holz
schwefelporling,3905718388,2022-08-07,53.06284,11.8207,15.0,PR Prignitz (Landkreis)
schwefelporling,3905814113,2022-08-07,52.1358,9.95965,247.0,HI LSG Innersteniederung südlich Hildesheim einschließlich d
schwefelporling,3905892961,2022-08-09,52.53306,10.09861,,Brand - N2000
schwefelporling,3906148898,2022-08-02,53.21905,10.42288,5.0,LG NSG Ilmenauniederung mit Tiergarten
schwefelporling,3906174858,2022-08-21,52.61094,10.0213,5.0,CE Celle (Landkreis)
schwefelporling,3906351314,2022-08-07,52.26382,10.27674,252.0,LSG Münstedter Holz
schwefelporling,3906417232,2022-08-27,52.1384,10.65747,4.0,Asse - N2000
schwefelporling,3906476503,2022-08-16,52.24739,10.46392,,"LSG Timmerlaher Busch, Gleidinger Holz und angrenzende Lands"
schwefelporling,3906669871,2022-08-28,52.23256,10.56922,7.0,NSG Mascheroder und Rautheimer Holz
schwefelporling,3906700078,2022-08-24,52.35773,10.98112,8.0,HE Helmstedt (Landkreis)
schwefelporling,3906715799,2022-08-21,51.72891,10.94042,16.0,Wernigerode (ehem. Landkreis)
schwefelporling,3906770024,2022-08-13,52.05936,10.15669,5.0,HI LSG Hainberg
schwefelporling,3906798473,2022-08-24,52.36193,9.82493,900.0,Hannover
schwefelporling,3906804605,2022-08-28,52.26669,10.58921,10.0,VSG Riddagshäuser Teiche
schwefelporling,3906825124,2022-08-31,52.4435,11.84887,423.0,SDL Stendal (Landkreis)
schwefelporling,3906879828,2022-08-30,52.58111,10.18472,,CE Celle (Landkreis)
schwefelporling,3906881663,2022-08-24,52.36682,9.82996,24.0,Tiergarten - N2000
schwefelporling,3907064163,2022-08-20,51.75799,9.32098,,HX Höxter
schwefelporling,3907167546,2022-08-02,53.2,11.33501,5.0,LUP Ludwigslust-Parchim (Landkreis)
schwefelporling,3907170436,2022-08-02,53.20035,11.33485,35.0,LUP Ludwigslust-Parchim (Landkreis)
schwefelporling,3907199614,2022-08-17,52.34666,10.72505,40.0,Beienroder Holz - N2000
schwefelporling,3907254817,2022-08-07,52.13571,9.95982,8.0,HI LSG Innersteniederung südlich Hildesheim einschließlich d
schwefelporling,3907310545,2022-08-25,52.37416,9.81526,1000.0,H Hannover Hermann-Löns-Park
schwefelporling,3907353323,2022-08-07,51.64169,9.44634,3.0,HOL Solling-Vogler NP
schwefelporling,3907369700,2022-08-28,52.37845,9.75839,53.0,Hannover
schwefelporling,3907393292,2022-08-13,52.27172,10.57907,81.0,VSG Riddagshäuser Teiche
schwefelporling,3907404431,2022-08-07,52.13565,9.95996,12.0,HI LSG Innersteniederung südlich Hildesheim einschließlich d
schwefelporling,3907412477,2022-08-21,52.35433,9.72786,27.0,Hannover
schwefelporling,3907417771,2022-08-29,52.32024,9.48053,180.0,H Hannover (Region)
schwefelporling,3907459113,2022-08-20,52.60543,10.93421,,LSG Ohretal bei Altendorf
schwefelporling,3907509805,2022-08-26,52.10831,10.10453,20.0,HI Hildesheim (Landkreis)
schwefelporling,3907539298,2022-08-20,52.02891,9.3417,6.0,HM Hameln-Pyrmont (Landkreis)
schwefelporling,3907617142,2022-08-25,52.27052,9.40807,10.0,LSG Süd-Deister
schwefelporling,3915694508,2022-08-25,52.58149,10.1843,35.0,
schwefelporling,3995562133,2022-08-04,51.87383,10.55892,60.0,GS Bad Harzburg
schwefelporling,3996000964,2022-08-05,51.52434,10.3117,150.0,GÖ Göttingen (Landkreis)
schwefelporling,3996720041,2022-08-27,52.32977,10.58464,,BS Braunschweig LSG Querumer Holz und angrenzende Landschaft
schwefelporling,3996835101,2022-08-04,52.58075,10.1956,4.0,"Aller (mit Barnbruch), untere Leine, untere Oker - N2000"
schwefelporling,4956964205,2022-08-16,52.27174,10.57911,9.0,VSG Riddagshäuser Teiche
schwefelporling,5015564098,2022-08-01,52.44493,9.74618,250.0,"Langenhagen, Eichenpark (Stadtpark)"
schwefelporling,5021051831,2022-08-23,51.7877,11.14254,250.0,Quedlinburg Stadtgebiet
schwefelporling,5023190003,2022-08-29,52.59447,10.28261,250.0,NSG Allerdreckwiesen
schwefelporling,5026074792,2022-08-26,52.45262,9.35287,25.0,TK25 Blatt 3522/1 - Steinhuder Meer (Ost) / Steinhude
schwefelporling,5204916969,2022-08-31,52.45306,9.35313,8.0,H Wunsdorf Schmetterlingsfarm Steinhude
schwefelporling,6169015006,2022-08-04,51.58277,11.06613,,MSH Südharz
schwefelporling,3902870161,2022-09-03,52.1429,9.36062,,
schwefelporling,3903163042,2022-09-09,52.6939,9.48969,,
schwefelporling,3912041855,2022-09-14,52.25709,9.55738,12.0,
schwefelporling,3912056290,2022-09-15,52.25224,10.45315,19.0,
schwefelporling,3912109504,2022-09-04,53.0958,10.85092,130.0,
schwefelporling,3915291855,2022-09-16,52.44931,10.66486,32.0,
schwefelporling,3915462709,2022-09-02,53.22433,10.42234,1107.0,
schwefelporling,3915712344,2022-09-26,52.28012,10.47088,146.0,
schwefelporling,3923406695,2022-09-10,51.50787,11.23485,269.0,
schwefelporling,3923459040,2022-09-30,53.25719,10.43683,87.0,
schwefelporling,3966412219,2022-09-11,51.50167,11.93917,,
schwefelporling,3995010648,2022-09-04,52.08903,9.77298,24.0,HI Hildesheim (Landkreis)
schwefelporling,3995182258,2022-09-09,51.90419,9.02828,6.0,Beller Holz - N2000
schwefelporling,3995225077,2022-09-13,52.34736,11.48536,8.0,Ohrekreis (ehem. Landkreis)
schwefelporling,3995299115,2022-09-24,52.25464,10.52397,26.0,BS Braunschweig (Kreisfreie Stadt)
schwefelporling,3995303521,2022-09-03,52.18448,9.6091,,Hallerbruch - N2000
schwefelporling,3995420961,2022-09-12,52.09167,11.40583,,Bördekreis (ehem. Landkreis)
schwefelporling,3995466933,2022-09-11,52.55479,9.68654,,H Hannover (Region)
schwefelporling,3995487137,2022-09-09,51.57538,9.4607,78.0,KS Kassel (Landkreis)
schwefelporling,3995577695,2022-09-22,53.27439,10.74672,25.0,LG LSG Lüneburger Heide
schwefelporling,3995827019,2022-09-09,51.57542,9.46052,66.0,KS Kassel (Landkreis)
schwefelporling,3996080516,2022-09-11,52.51705,9.62968,9.0,H Hannover (Region)
schwefelporling,3996092076,2022-09-05,51.59528,10.60194,15.0,GÖ NSG Priorteich/ Sachsenstein
schwefelporling,3996097493,2022-09-13,53.19521,10.34995,5.0,LG Lüneburg (Landkreis)
schwefelporling,3996097610,2022-09-14,53.22417,10.39562,5.0,Ilmenau mit Nebenbächen - N2000
schwefelporling,3996159937,2022-09-13,52.28587,10.7667,,FFH Rieseberg
schwefelporling,3996252724,2022-09-05,51.59527,10.60184,8.0,GÖ NSG Priorteich/ Sachsenstein
schwefelporling,3996296950,2022-09-08,52.23944,10.52833,,BS Braunschweig (Kreisfreie Stadt)
schwefelporling,3996334015,2022-09-25,52.28881,9.2247,3.0,LSG Bückeberge
schwefelporling,3996756930,2022-09-22,53.27483,10.74639,25.0,LG LSG Lüneburger Heide
schwefelporling,3996828310,2022-09-09,53.0924,10.86609,18.0,Drawehn - N2000
schwefelporling,3996963567,2022-09-08,52.18572,9.60876,21.0,Hallerbruch - N2000
schwefelporling,3996976870,2022-09-08,52.18749,9.60671,79.0,Hallerbruch - N2000
schwefelporling,3997007315,2022-09-02,51.88984,9.47858,48.0,NSG Heinsener Klippen
schwefelporling,3997051178,2022-09-25,52.23889,9.6094,7.0,LSG Norddeister
schwefelporling,3997103903,2022-09-29,52.02647,10.46961,433.0,LSG Bauerngehölz Lah
schwefelporling,3997130792,2022-09-11,51.50219,9.54166,25.0,KS Kassel (Landkreis)
schwefelporling,3997133405,2022-09-11,53.18675,10.42381,6.0,LG NSG Ilmenauniederung mit Tiergarten
schwefelporling,3997235551,2022-09-23,52.27027,10.51645,,BS Braunschweig (Kreisfreie Stadt)
schwefelporling,3997259876,2022-09-05,51.59505,10.60181,,GÖ NSG Priorteich/ Sachsenstein
schwefelporling,3997266774,2022-09-25,52.28722,9.22525,3.0,LSG Bückeberge
schwefelporling,3997333981,2022-09-24,52.06218,9.01797,5.0,LIP Lippe (Kreis)
schwefelporling,3997358676,2022-09-20,52.25491,10.52442,6.0,BS Braunschweig (Kreisfreie Stadt)
schwefelporling,3997379133,2022-09-04,53.3964,9.5293,4.0,STD Stade (Landkreis)
schwefelporling,3997426812,2022-09-22,53.05652,10.56364,5.0,Lohn - N2000
schwefelporling,3997593052,2022-09-28,52.4798,9.46675,6.0,LSG Mittlere Leine
schwefelporling,3997642666,2022-09-25,53.23314,9.95278,7.0,LG VSG Lüneburger Heide
schwefelporling,4009767530,2022-09-14,52.28834,10.32617,5.0,
schwefelporling,4056181886,2022-09-24,52.0618,9.0181,15.0,LIP Lippe (Kreis)
schwefelporling,4056490307,2022-09-28,52.09278,9.90917,,HI Diekholzen (Kern)
schwefelporling,4056733355,2022-09-30,52.47974,9.4649,5.0,LSG Mittlere Leine
schwefelporling,4158703247,2022-09-15,52.16738,9.19483,5.0,HM Hameln-Pyrmont (Landkreis)
schwefelporling,4159804968,2022-09-11,51.79947,11.73113,139.0,Bernburg (ehem. Landkreis)
schwefelporling,4461345430,2022-09-10,53.15392,9.82853,,HK - Camp Reinsehlen
schwefelporling,4506239763,2022-09-08,51.50062,10.16049,8.0,
schwefelporling,4525242925,2022-09-01,52.84528,10.26443,2924.0,
schwefelporling,5017303995,2022-09-03,53.32821,11.48344,250.0,Schlosspark Ludwigslust
schwefelporling,5017958195,2022-09-04,52.58172,10.18364,250.0,Wienhausen - Kloster
schwefelporling,5024956876,2022-09-05,52.36641,10.32828,250.0,LSG Meerdorfer Holz
schwefelporling,5027173428,2022-09-03,52.12361,9.37388,250.0,TK25 Blatt 3822/3 - Weser / Hameln
schwefelporling,3923230521,2022-10-03,52.27598,10.57673,12.0,
schwefelporling,3923354296,2022-10-01,52.2756,10.58022,12.0,
schwefelporling,3925017802,2022-10-05,53.25724,10.43663,9.0,
schwefelporling,3947760089,2022-10-12,53.49574,10.28689,671.0,
schwefelporling,3947796529,2022-10-23,52.25522,9.64424,8.0,
schwefelporling,3961498422,2022-10-31,52.22569,10.51518,6.0,
schwefelporling,3996650298,2022-10-13,52.20052,10.54511,25.0,LSG Lechlumer Holz und angrenzende Forste
schwefelporling,3997344960,2022-10-06,52.21497,10.50823,7.0,BS Braunschweig (Kreisfreie Stadt)
schwefelporling,3997446910,2022-10-03,53.15854,9.90571,25.0,LG VSG Lüneburger Heide
schwefelporling,4056438008,2022-10-06,52.16923,9.76369,31.0,HI Wülfingener Teiche
schwefelporling,4056443740,2022-10-02,52.19592,9.99044,4.0,LSG Borsumer Holz
schwefelporling,4056477978,2022-10-02,52.18714,9.60617,5.0,Hallerbruch - N2000
schwefelporling,4056595476,2022-10-12,52.18719,9.60604,12.0,Hallerbruch - N2000
schwefelporling,4056599212,2022-10-02,52.7159,9.82465,6.0,CE Meißendorfer Teiche / Bannetzer Moor
schwefelporling,4056768451,2022-10-09,52.3057,10.35525,14.0,LSG Staatsforst Sophiental und angrenzende Forste
schwefelporling,4056800518,2022-10-06,51.5745,9.42665,17.0,KS Kassel (Landkreis)
schwefelporling,4889246439,2022-10-24,52.13,9.12,1000.0,Niedersachsen
schwefelporling,5014567765,2022-10-13,52.0912,9.77093,250.0,Gronau (L) Kiessee TK25 Bl.3924/2
schwefelporling,5234343791,2022-10-03,51.74639,9.52698,5.0,HOL Holzminden (Landkreis)
schwefelporling,5024649235,2022-11-27,52.28281,9.03214,250.0,Bückeburger Niederung
schwefelporling,6411025539,2022-11-09,53.13942,9.88888,25.0,LG VSG Lüneburger Heide
schwefelporling,3039256092,2021-01-31,52.03281,10.30891,6.0,
schwefelporling,3044844808,2021-01-20,51.92857,10.50395,198.0,
schwefelporling,5018389367,2021-02-07,51.67549,10.95922,250.0,Krugberg Allrode
schwefelporling,3314193412,2021-04-01,52.21073,9.90119,51.0,
schwefelporling,3113396804,2021-05-13,52.4296,9.51694,8.0,
schwefelporling,3124695930,2021-05-25,52.26054,10.45855,15.0,
schwefelporling,3995437693,2021-05-30,52.38661,10.51637,6.0,GF Gifhorn (Landkreis)
schwefelporling,5022654525,2021-05-30,53.04256,11.42158,250.0,Laascher Insel
schwefelporling,3302345053,2021-06-04,52.27403,10.58819,1425.0,
schwefelporling,3302534178,2021-06-05,52.338,9.87245,624.0,
schwefelporling,3307531548,2021-06-15,52.25055,10.4937,3.0,
schwefelporling,3314215241,2021-06-22,51.73023,10.99162,4.0,
schwefelporling,3824044550,2021-06-12,51.72736,10.99639,,Quedlinburg (ehem. Landkreis)
schwefelporling,3873637467,2021-06-13,53.27619,10.41594,58.0,
schwefelporling,3904949152,2021-06-04,53.07226,9.80975,,HK Heidekreis (Landkreis)
schwefelporling,3996611241,2021-06-01,52.87639,10.12222,,CE Naturpark Südheide (oude grens - gebied delete)
schwefelporling,3997134370,2021-06-17,51.99896,10.29613,574.0,"LSG Wullwinkel, Finken-, Mäde- und Westerberg"
schwefelporling,3997280294,2021-06-11,51.87345,10.55845,5.0,GS Goslar (Landkreis)
schwefelporling,3997306415,2021-06-07,52.38794,9.70177,,Hannover
schwefelporling,5016012625,2021-06-17,52.38479,9.69504,250.0,Graft
schwefelporling,5017595420,2021-06-07,51.74382,9.9979,250.0,Klosterberg
schwefelporling,5141732259,2021-06-06,52.27092,10.57735,,VSG Riddagshäuser Teiche
schwefelporling,3324331320,2021-07-13,51.72516,10.61413,5.0,Braunlage
schwefelporling,3325585022,2021-07-04,51.87109,10.47224,500.0,
schwefelporling,3343928714,2021-08-25,52.18829,9.60449,18761.0,
schwefelporling,3355799329,2021-08-30,53.17933,10.99546,671.0,
schwefelporling,3859102776,2021-08-21,52.16705,11.68619,,
schwefelporling,3915384362,2021-08-06,52.6537,10.02344,8.0,
schwefelporling,3995520259,2021-08-22,51.69087,9.51075,8.0,LSG Solling
schwefelporling,3997096311,2021-08-06,53.14835,9.90689,5.0,LG VSG Lüneburger Heide
schwefelporling,5018673122,2021-08-04,51.55728,9.96237,250.0,Göttingen - Forstbotanischer Garten
schwefelporling,5020479422,2021-08-23,53.40227,11.50215,25.0,TK25 Blatt 2535/3 - Wöbbelin / Lewitzhof
schwefelporling,3355730513,2021-09-01,52.33002,10.4176,19.0,
schwefelporling,3355785421,2021-09-08,52.29106,10.33205,690.0,
schwefelporling,3384951964,2021-09-14,52.21417,10.50942,10.0,
schwefelporling,3385068648,2021-09-19,52.274,9.80924,31.0,
schwefelporling,3858220844,2021-09-26,52.2759,10.41306,27.0,
schwefelporling,3873013503,2021-09-07,51.65825,11.35052,7.0,
schwefelporling,3995027401,2021-09-02,51.54192,9.53321,133.0,KS Kassel (Landkreis)
schwefelporling,3995236383,2021-09-04,52.2544,9.61855,,H Hannover (Region) oud
schwefelporling,3995238751,2021-09-02,51.54192,9.53321,133.0,KS Kassel (Landkreis)
schwefelporling,3995519974,2021-09-01,53.05817,11.42711,5.0,DAN Elbufer-Drawehn NP
schwefelporling,3995822532,2021-09-12,51.68657,9.54128,10.0,LSG Solling
schwefelporling,5015872050,2021-09-18,52.2727,9.8096,25.0,Koldinger Teiche
schwefelporling,5025782711,2021-09-05,52.73151,10.01885,250.0,Örtze zwischen Eversen und Wolthausen
schwefelporling,5026599062,2021-09-03,53.16782,9.94567,250.0,Wilseder Berg u. umgebende Heideflächen
schwefelporling,3773105468,2021-10-16,52.32115,10.43326,711.0,
schwefelporling,3995148164,2021-10-12,52.40755,10.5642,5.0,GF Gifhorn (Landkreis)
schwefelporling,5015700188,2021-10-16,52.31936,10.43922,250.0,Braunschweiger Rieselfelder
schwefelporling,5015033631,2021-11-21,52.27304,10.58116,250.0,Riddagshausen Naturschutzgebiet
schwefelporling,3457199801,2021-12-28,52.32315,9.76511,175.0,
schwefelporling,3824013375,2021-12-19,52.13692,9.92091,25.0,HI Hildesheim (Kern)
schwefelporling,2984431369,2020-04-27,52.08924,10.44644,9.0,
schwefelporling,4516172319,2020-04-10,51.79632,11.67245,9.0,
schwefelporling,2619885975,2020-05-02,52.29617,10.54926,16.0,
schwefelporling,2619889632,2020-05-03,52.26956,9.68149,794.0,
schwefelporling,2620137129,2020-05-07,52.36868,9.82094,8.0,
schwefelporling,2620209936,2020-05-07,52.3688,9.82097,8.0,
schwefelporling,2626575784,2020-05-15,51.52176,9.99282,471.0,
schwefelporling,2626629771,2020-05-19,52.28339,10.46983,,
schwefelporling,2626665956,2020-05-19,52.18581,9.60613,1023.0,
schwefelporling,3079550828,2020-05-22,51.53542,9.95969,7.0,
schwefelporling,3399099160,2020-05-01,52.39347,9.70089,9.0,
schwefelporling,4600018396,2020-05-09,52.39139,9.70056,,
schwefelporling,5016361710,2020-05-19,52.18818,9.60666,250.0,Wisentgehege Springe
schwefelporling,5027643233,2020-05-09,53.47497,10.11188,250.0,Die Reit
schwefelporling,2641556386,2020-06-09,52.57223,10.67471,10.0,
schwefelporling,2984515396,2020-06-08,52.26545,10.53303,60.0,
schwefelporling,5014497027,2020-06-21,51.67367,11.0403,250.0,TK25 Blatt 4332/1 - Harz / Friedrichsbrunn
schwefelporling,5016094496,2020-06-11,52.21577,9.52683,250.0,Steinbruch Springe
schwefelporling,5016321738,2020-06-07,52.47416,10.34704,250.0,Meinersen Naturlehrpfad Oker
schwefelporling,5019898134,2020-06-13,52.063,9.60102,250.0,"Thüster Berg: Kahnstein, Kalksteinbruch 1"
schwefelporling,5024468715,2020-06-29,52.1396,9.34044,250.0,Weserbergland bei Hameln
schwefelporling,5025346031,2020-06-13,53.1235,11.30407,250.0,NSG Binnendünen bei Klein Schmölen und NSG Löcknitztal-Altla
schwefelporling,5027205246,2020-06-24,51.67549,10.95922,250.0,Krugberg Allrode
schwefelporling,4518955353,2020-07-27,51.75458,11.97739,27.0,
schwefelporling,2850759178,2020-08-17,52.27724,10.45515,,
schwefelporling,3892448327,2020-08-19,52.16705,11.68614,,
schwefelporling,5014731586,2020-08-22,52.58172,10.18364,250.0,Wienhausen - Kloster
schwefelporling,2862642314,2020-09-09,52.27699,10.4583,9.0,
schwefelporling,2868199384,2020-09-21,52.30825,10.58393,5.0,
schwefelporling,2963784599,2020-09-18,51.74452,9.51863,153.0,
schwefelporling,5015271812,2020-09-28,51.51697,9.921,250.0,Göttingen - Kiessee und Umgebung
schwefelporling,5015527474,2020-09-02,53.05401,10.20252,250.0,Lopautal
schwefelporling,5015836612,2020-09-12,52.15363,10.62281,250.0,Nordwesthang Asse
schwefelporling,5021326404,2020-09-17,51.51697,9.921,250.0,Göttingen - Kiessee und Umgebung
schwefelporling,5028356012,2020-09-01,52.54708,10.15185,250.0,Wathlingen - Naturkontaktstation
schwefelporling,4935475539,2020-10-06,52.37809,9.77598,,H Hannover Eilenriede Nord
schwefelporling,5020116348,2020-10-03,52.26196,10.59786,250.0,Buchhorst Braunschweig
schwefelporling,2980833237,2020-11-05,52.21422,10.51128,6.0,
schwefelporling,5020909489,2020-12-03,52.37167,9.81834,250.0,Hannover Hermann Löns Park
schwefelporling,5025233527,2020-12-03,52.35269,9.74504,250.0,Hannover - Maschsee
schwefelporling,3915485320,2019-06-10,51.53807,9.51261,14.0,
schwefelporling,5015575453,2019-06-14,51.51141,9.95464,250.0,Göttingen - Geismar
schwefelporling,5022963318,2019-07-19,52.37359,10.20709,250.0,TK25 Blatt 3627/1 - Oelerse / Abbensen / Stederdorf
schwefelporling,2834202107,2019-08-23,51.75169,10.96573,25.0,Wernigerode (ehem. Landkreis)
schwefelporling,2843134443,2019-08-28,51.75169,10.96573,25.0,Wernigerode (ehem. Landkreis)
schwefelporling,5028385823,2019-08-20,52.32391,10.4429,250.0,Hülperode
schwefelporling,2422967899,2019-09-04,52.38783,9.70101,24.0,
schwefelporling,2609079757,2019-09-20,51.87022,10.55999,40.0,
schwefelporling,2834662399,2019-09-02,51.58731,9.61201,100.0,KS Kassel (Landkreis)
schwefelporling,2988305386,2019-09-24,52.25062,10.49377,5.0,
schwefelporling,2988589381,2019-09-09,52.03615,10.40899,10.0,
schwefelporling,5015824468,2019-09-14,52.44976,9.14762,250.0,Klosterwald Loccum
schwefelporling,5019124031,2019-09-05,52.53795,10.15137,250.0,Wathlingen - Ort
schwefelporling,2429344576,2019-10-02,51.81917,9.37278,,
schwefelporling,2429593929,2019-10-12,52.26911,10.51731,5.0,
schwefelporling,2445150345,2019-10-03,51.73661,11.0145,838.0,
schwefelporling,4519015363,2019-10-01,51.50594,11.97166,10.0,
schwefelporling,5016459441,2019-10-13,52.31936,10.43922,250.0,Braunschweiger Rieselfelder
schwefelporling,2465188932,2019-11-24,52.24945,10.52708,27.0,
schwefelporling,2557731530,2019-12-31,52.26404,10.55983,11.0,
schwefelporling,2984443340,2019-12-29,52.10691,10.37393,10.0,
schwefelporling,2984543336,2019-12-20,52.23113,10.51555,7.0,
schwefelporling,5023904829,2018-01-26,52.47416,10.34704,250.0,Meinersen Naturlehrpfad Oker
schwefelporling,2840365450,2018-04-30,51.84704,9.51583,100.0,HOL Solling-Vogler NP
schwefelporling,1847508711,2018-05-13,52.27113,10.57769,15.0,
schwefelporling,5022814479,2018-05-14,52.29318,10.53163,250.0,"Braunschweig, Dowesee"
schwefelporling,5025206569,2018-05-20,52.11483,11.64534,250.0,Rotehornpark
schwefelporling,5025234502,2018-06-29,52.65386,9.93794,25.0,TK25 Blatt 3325/2 - Aller / Winsen (Ost) / Stedden
schwefelporling,1883502894,2018-07-11,52.27226,10.58141,15.0,
schwefelporling,1890090027,2018-07-30,52.27242,10.57826,10.0,
schwefelporling,5023451046,2018-07-11,53.28283,10.31889,250.0,"Deutschland, Niedersachsen, Mechtersen"
schwefelporling,4599711323,2018-08-04,52.38111,9.76944,,
schwefelporling,5017023522,2018-08-06,52.58172,10.18364,250.0,Wienhausen - Kloster
schwefelporling,5020240000,2018-08-25,51.54057,9.51691,250.0,Urwald Sababurg
schwefelporling,5020976159,2018-08-08,52.58172,10.18364,250.0,Wienhausen - Kloster
schwefelporling,3915461315,2018-09-02,52.23852,10.62674,20.0,
schwefelporling,5014707566,2018-09-08,52.44976,9.14762,250.0,Klosterwald Loccum
schwefelporling,5025417839,2018-09-09,52.58172,10.18364,250.0,Wienhausen - Kloster
schwefelporling,1931500143,2018-10-14,52.25482,10.52387,8.0,
schwefelporling,5027310061,2018-10-10,52.61681,10.11309,250.0,Celle - Obere Allerniederung
schwefelporling,3873662309,2017-06-03,51.96374,10.90112,5.0,
schwefelporling,4507620243,2017-08-12,52.36552,9.26952,8.0,
schwefelporling,5026587715,2017-08-04,52.53795,10.15137,250.0,Wathlingen - Ort
schwefelporling,5014013138,2017-09-03,52.18816,9.60651,25.0,TK25 Blatt 3823/2 - Eldagsen
schwefelporling,5024259610,2017-10-15,52.27304,10.58116,250.0,Riddagshausen Naturschutzgebiet
schwefelporling,5024511155,2017-10-16,52.27304,10.58116,250.0,Riddagshausen Naturschutzgebiet
schwefelporling,5027517068,2017-10-17,52.11483,11.64534,250.0,Rotehornpark
schwefelporling,5026095894,2017-12-28,52.47416,10.34704,250.0,Meinersen Naturlehrpfad Oker
schwefelporling,1946339736,2016-05-20,52.35151,9.75915,122.0,
schwefelporling,5019633873,2016-05-29,53.16695,10.39101,250.0,Melbecker Bach bis Kolkhagen LG
schwefelporling,5021664461,2016-05-27,52.00177,9.85435,25.0,Südhang Ortsberg und NSG Schiefer Holzer Berg
schwefelporling,5023916168,2016-05-28,52.00281,9.86017,250.0,Südhang Ortsberg und NSG Schiefer Holzer Berg
schwefelporling,5012634844,2016-06-10,53.30665,10.99156,250.0,Forst Bohldamm und Sückauer Moor
schwefelporling,1847579217,2016-08-06,52.35156,9.75536,1277.0,
schwefelporling,1883935401,2016-08-30,51.50495,11.91896,263.0,
schwefelporling,2832809498,2016-09-10,51.84728,9.53005,100.0,HOL Solling-Vogler NP
schwefelporling,5015452544,2016-09-01,53.01644,10.69656,250.0,Wipperautal zw. Oetzen und Dörmte
schwefelporling,5018501878,2016-09-01,51.98644,9.83247,25.0,TK25 Blatt 4025/1 - Leine / Förste / Wispenstein / Hörsum
schwefelporling,5023448989,2016-09-02,51.98946,9.83745,250.0,Antonia -Teich
schwefelporling,5017592917,2016-10-04,52.0861,9.78089,250.0,Gronau (L)
schwefelporling,5025902612,2016-10-02,52.53795,10.15137,250.0,Wathlingen - Ort
schwefelporling,5013051633,2015-05-31,51.55808,10.71218,250.0,Woffleben: Eichbühl - Queste - Seethenholz
schwefelporling,5015482122,2015-05-29,53.42347,10.12375,250.0,TK25 Blatt 2526/4 - Elbe / Fliegenberg
schwefelporling,5024417937,2015-05-24,51.94667,10.51091,250.0,Mergelgrube Krähenholz
schwefelporling,5027945394,2015-05-31,52.27304,10.58116,250.0,Riddagshausen Naturschutzgebiet
schwefelporling,5024603232,2015-06-13,53.0012,11.60259,250.0,Alandniederung mit Weichholzaue - Wanzer
schwefelporling,5024701333,2015-06-26,52.51507,10.14854,250.0,Wathlinger Forst
schwefelporling,5028050970,2015-06-02,51.53651,10.81673,250.0,NSG 'Rüdigsdorfer Schweiz' und Umfeld
schwefelporling,5012438325,2015-07-27,52.19162,9.08322,250.0,Rinteln umgebung
schwefelporling,5013887173,2015-09-27,53.27579,10.80379,250.0,Garten in Alt Garge
schwefelporling,5015510067,2015-09-16,52.1023,9.77408,250.0,Gronauer Masch TK25 Bl.3824/4
schwefelporling,5016162675,2015-09-27,53.27712,10.80915,250.0,Untere Mittelelbe bei Alt Garge
schwefelporling,5025341924,2015-09-06,52.53795,10.15137,250.0,Wathlingen - Ort
schwefelporling,5021402953,2015-10-02,52.47416,10.34704,250.0,Meinersen Naturlehrpfad Oker
schwefelporling,5024839174,2015-11-08,51.9959,9.84856,250.0,Entdeckerturm Langenholzen
schwefelporling,5027671191,2015-11-08,51.9959,9.84856,250.0,Entdeckerturm Langenholzen
parasol,6334073590,2026-05-24,52.68263,9.74362,116.0,
parasol,6334493795,2026-05-23,52.6825,9.74374,82.0,
parasol,6410596975,2026-06-16,52.70727,9.6557,3.0,HK Hademstorf
parasol,6410715463,2026-06-21,52.80138,9.29114,4.0,NI Hassel (Weser)
parasol,6412450806,2026-06-17,53.28009,10.36966,,LG Lüneburg Ochtmissen
parasol,6412689173,2026-06-14,52.38151,10.4141,3.0,LSG Okertal
parasol,6413827872,2026-06-18,52.75086,9.50099,,
parasol,6449798356,2026-07-15,53.34824,9.91934,12.0,LSG Klecker Wald und Umgebung
parasol,5180587942,2025-06-05,53.3035,9.72892,,WL Harburg (Landkreis)
parasol,5206109922,2025-06-14,53.11991,9.03479,3.0,
parasol,5230099940,2025-07-19,52.29768,10.50556,,
parasol,5230906498,2025-07-22,53.21032,10.85952,8.0,
parasol,5238907428,2025-07-27,52.2736,10.95697,250.0,TK25 Blatt 3731/2 - Barmke / Rottorf / Mariental
parasol,5283279635,2025-07-29,53.15684,9.96949,6.0,LG VSG Lüneburger Heide
parasol,6195104126,2025-07-27,53.39729,11.29872,25.0,TK25 Blatt 2633/2 - Strohkirchen / Bresegard b. Picher
parasol,6333898948,2025-07-27,51.74172,10.89152,154.0,
parasol,5281657641,2025-08-03,52.79467,9.76839,250.0,Truppenübungsplatz Bergen
parasol,5281665353,2025-08-03,52.45256,10.71486,25.0,TK25 Blatt 3530/1 - Oßloh / Weyhausen / Tappenbeck
parasol,5282939728,2025-08-01,52.63712,11.83025,2.0,SDL Stendal (Landkreis)
parasol,5282979302,2025-08-01,53.22388,9.87595,5.0,LG VSG Lüneburger Heide
parasol,5283013385,2025-08-07,53.16318,9.95544,50.0,LG VSG Lüneburger Heide
parasol,5291488841,2025-08-17,53.38804,9.74693,250.0,Appel
parasol,5291491479,2025-08-05,52.30459,10.61156,250.0,BS-NO
parasol,5291510290,2025-08-15,53.21594,10.33488,250.0,"Heiligenthal im SW, Tal Hasenburger Bach"
parasol,5291512161,2025-08-08,52.58172,10.18364,250.0,Wienhausen - Kloster
parasol,5291525407,2025-08-07,52.58172,10.18364,250.0,Wienhausen - Kloster
parasol,5291536519,2025-08-14,52.58172,10.18364,250.0,Wienhausen - Kloster
parasol,5292174916,2025-08-10,53.12662,9.90131,3.0,
parasol,5292525696,2025-08-10,52.1867,10.09851,10685.0,
parasol,5760815327,2025-08-07,52.29766,10.50559,,
parasol,5844779896,2025-08-11,52.56851,10.09434,250.0,Klosterhofwald
parasol,5898658524,2025-08-07,51.74229,10.89114,10.0,Talsperre Wendefurth
parasol,6234241583,2025-08-18,53.1793,9.95815,951.0,
parasol,6411206703,2025-08-07,53.27332,10.26094,3.0,Laubwälder am Einemhof und Kranichmoor - N2000
parasol,5829189585,2025-09-16,52.96647,11.82087,9.0,Elbdeichhinterland - N2000
parasol,5830723741,2025-09-21,51.70938,11.01735,107.0,
parasol,5832128926,2025-09-27,53.14105,10.22984,,LG LSG Lüneburger Heide
parasol,5837305969,2025-09-22,52.58172,10.18364,250.0,Wienhausen - Kloster
parasol,5844018132,2025-09-27,52.68711,9.80328,386.0,
parasol,5844807046,2025-09-30,52.70569,9.78724,250.0,Bannetzer Moor
parasol,5844361294,2025-10-02,51.78224,9.72955,12.0,
parasol,5867711383,2025-10-20,52.89586,11.45998,4.0,
parasol,5868469809,2025-10-18,52.28281,9.03214,250.0,Bückeburger Niederung
parasol,5868486023,2025-10-19,51.87768,10.51821,25.0,TK25 Blatt 4129/1 - Harz / Bad Harzburg
parasol,5871907347,2025-10-23,52.49848,9.2925,25.0,Mardorf
parasol,5871914517,2025-10-22,52.58172,10.18364,250.0,Wienhausen - Kloster
parasol,5871916979,2025-10-26,52.60233,10.08337,250.0,Fuhseniederung nördl B3
parasol,5888991796,2025-10-30,52.50256,10.19847,250.0,Bröckel - Süden
parasol,5888993385,2025-10-31,52.59049,10.07851,250.0,Westercelle Süd bis Bennebostel
parasol,5888996717,2025-10-27,52.53001,10.23067,250.0,NSG Bohlenbruch
parasol,5888998493,2025-10-27,53.45351,9.6829,250.0,Buxtehude - Estetal
parasol,5889001130,2025-10-31,52.57051,10.07755,250.0,Nienhagen - B 3 Richtung Celle
parasol,5889002353,2025-10-26,52.27304,10.58116,250.0,Riddagshausen Naturschutzgebiet
parasol,5889561923,2025-10-31,53.1623,9.95651,30.0,
parasol,5889603357,2025-10-17,51.55568,10.8346,4.0,
parasol,5890089569,2025-10-26,52.68209,9.74423,310.0,
parasol,5890090286,2025-10-30,53.25572,10.43898,254.0,
parasol,5890092600,2025-10-24,52.35352,9.78214,,
parasol,5890212827,2025-10-31,52.68171,9.72916,386.0,
parasol,5890277671,2025-10-28,52.53395,9.81964,,
parasol,5892869528,2025-10-15,52.87811,9.3127,9.0,
parasol,5901220160,2025-10-23,53.17758,10.02579,14.0,WL Egestorf
parasol,5901616028,2025-10-23,53.17758,10.02579,14.0,WL Egestorf
parasol,5918603605,2025-10-23,53.15743,9.96395,14.0,HK Bispingen
parasol,6137474991,2025-10-23,53.15704,9.96185,250.0,Molthorst
parasol,6137480128,2025-10-24,53.15017,9.82332,250.0,Camp Reinsehlen
parasol,6182911063,2025-10-24,53.15644,9.82103,28.0,HK - Camp Reinsehlen
parasol,6398822332,2025-10-19,52.88804,11.45284,5.0,
parasol,6413608747,2025-10-29,52.15481,11.49721,,
parasol,5888994424,2025-11-02,52.53001,10.23067,250.0,NSG Bohlenbruch
parasol,5892261460,2025-11-06,52.7267,9.8211,250.0,Gut Sunder und umliegender Wald
parasol,5892261941,2025-11-03,52.60233,10.08337,250.0,Fuhseniederung nördl B3
parasol,5892558745,2025-11-07,52.69551,9.80502,2667.0,
parasol,5897001432,2025-11-09,52.02036,11.90461,250.0,Lübser Heuberg
parasol,5920016494,2025-11-12,52.98165,9.27185,7.0,
parasol,4875318975,2024-06-02,52.84371,9.34525,6.0,
parasol,4930713705,2024-06-23,52.49722,9.90211,4.0,H Hannover (Region)
parasol,4931481143,2024-06-22,53.14724,10.94864,9.0,Drawehn - N2000
parasol,4932898025,2024-06-26,53.11451,10.11988,6.0,LG Soderstorf Heide am Rehrhofer Weg
parasol,5016233739,2024-06-29,52.58967,9.03502,25.0,TK25 Blatt 3420/1 - Steyerberg / Wellie
parasol,5016522384,2024-06-18,52.70253,9.80309,250.0,Meißendorfer Teiche Süd - Ochsentrift
parasol,5024703770,2024-06-17,51.95955,10.57457,25.0,TK25 Blatt 4029/1 - Vienenburg / Lengde
parasol,5025878690,2024-06-21,53.15017,9.82332,250.0,Camp Reinsehlen
parasol,5025896977,2024-06-26,53.49113,10.6569,250.0,Büchener Sander
parasol,4931942819,2024-07-27,52.38295,10.0648,5.0,LSG Gelbe Riede
parasol,5015151328,2024-07-13,52.59728,10.09139,250.0,Westlich Altencelle bis Fuhse und Burg
parasol,5028439218,2024-07-24,53.37348,11.5402,250.0,TK25 Blatt 2635/1 - Hohes Feld / Neustadt-Glewe (West)
parasol,4956045856,2024-08-22,52.78721,10.16347,73.0,LSG Südheide im Landkreis Celle
parasol,5017200735,2024-08-03,51.80835,11.04011,25.0,TK25 Blatt 4132/3 - Harz / Westerhausen / Börnecke
parasol,4946327591,2024-09-11,53.14847,9.083,3.0,
parasol,4950108786,2024-09-20,53.03201,9.2691,27.0,
parasol,4950169673,2024-09-24,53.12607,9.76741,15.0,
parasol,4950258346,2024-09-22,51.50073,10.15771,59.0,
parasol,4956456629,2024-09-22,53.03315,9.22329,6.0,LSG Haberloher Holz
parasol,4957595721,2024-09-27,53.14069,10.23538,5.0,Kronsbergheide
parasol,4957890502,2024-09-23,52.49725,9.90209,4.0,H Hannover (Region)
parasol,4986102540,2024-09-25,53.28018,10.77698,4.0,LG Bleckede
parasol,5015674328,2024-09-29,52.59728,10.09139,250.0,Westlich Altencelle bis Fuhse und Burg
parasol,5015868668,2024-09-29,53.08517,10.60398,250.0,Bad Bevensen Herzzentrum
parasol,5016041781,2024-09-27,53.08517,10.60398,250.0,Bad Bevensen Herzzentrum
parasol,5022288866,2024-09-29,52.46462,9.93061,250.0,Oldhorster Moor
parasol,5023665225,2024-09-26,53.08517,10.60398,250.0,Bad Bevensen Herzzentrum
parasol,5025628654,2024-09-25,53.08517,10.60398,250.0,Bad Bevensen Herzzentrum
parasol,5025761563,2024-09-30,52.59806,10.05158,250.0,Celle - Bogenplatz SC Wietzenbruch
parasol,5026894621,2024-09-29,51.91664,10.47615,250.0,Sudmerberg
parasol,4952393308,2024-10-04,53.29784,9.82633,4.0,
parasol,4954290291,2024-10-12,52.29686,10.62448,31.0,
parasol,4954609031,2024-10-12,52.29273,10.62892,31.0,
parasol,4973808617,2024-10-19,52.95667,11.8417,,
parasol,4976341970,2024-10-26,51.68615,11.30799,264.0,
parasol,4982185673,2024-10-29,51.72748,11.00495,,
parasol,4985473656,2024-10-19,53.28187,10.70572,11.0,Elbe - Bleckede
parasol,4985609823,2024-10-19,52.42171,10.94077,15.0,LSG Velpker Schweiz
parasol,4986271117,2024-10-15,53.16877,9.93807,2.0,LG VSG Lüneburger Heide
parasol,4986617529,2024-10-05,53.27746,10.69684,280.0,LG Bleckede
parasol,5014097213,2024-10-08,52.24159,9.46373,250.0,Deister südostseite
parasol,5014212307,2024-10-16,52.53795,10.15137,250.0,Wathlingen - Ort
parasol,5015682505,2024-10-05,52.51636,9.12495,250.0,Nordic Walking Pfad Leese
parasol,5015885597,2024-10-11,51.68536,10.26745,250.0,NSG Gipskarstlandschaft Hainholz
parasol,5016582475,2024-10-03,52.44262,9.76092,250.0,Stadtwald Langenhagen
parasol,5017845371,2024-10-31,52.5692,10.1215,250.0,Nienhagen - Felder B 214
parasol,5017901320,2024-10-07,52.93105,9.47159,250.0,"Lehrdetal mit Wald zwischen Wassermühle Stellichte, Gross He"
parasol,5017971133,2024-10-16,51.56982,10.71304,250.0,Bischofferode: Neue Kelle + Kriegswiesen
parasol,5018097187,2024-10-05,52.53689,9.70311,250.0,Henjeskamp
parasol,5019347665,2024-10-20,52.16656,11.6433,250.0,Zoo Magdeburg mit Park
parasol,5019489833,2024-10-27,51.74616,10.80129,25.0,TK25 Blatt 4230/4 - Harz / Königshütte
parasol,5019556563,2024-10-06,51.85557,9.32428,250.0,Lügde - Köterberg am Köterberghaus
parasol,5019997180,2024-10-21,52.00771,10.38809,250.0,Liebenburg Othfresen
parasol,5023582558,2024-10-15,52.60233,10.08337,250.0,Fuhseniederung nördl B3
parasol,5023656210,2024-10-04,53.42038,11.35265,250.0,Waldgebiet bei Kraak
parasol,5024408479,2024-10-23,52.36751,11.27803,250.0,Calvörder Berge (nordost)
parasol,5024656095,2024-10-17,52.59049,10.07851,250.0,Westercelle Süd bis Bennebostel
parasol,5024734402,2024-10-12,52.28743,10.78719,25.0,TK25 Blatt 3730/2 - Lauingen / Königslutter am Elm
parasol,5025886171,2024-10-12,52.58172,10.18364,250.0,Wienhausen - Kloster
parasol,5026286165,2024-10-26,52.44976,9.14762,250.0,Klosterwald Loccum
parasol,5027546049,2024-10-12,52.2929,10.62884,25.0,BS-NO
parasol,5134664374,2024-10-11,51.5326,10.852,,
parasol,5153050751,2024-10-25,52.35133,9.78125,298.0,
parasol,5897000196,2024-10-21,53.16615,10.43974,250.0,"Melbeck, Wald südöstlich des Campingplatzes"
parasol,5897003096,2024-10-26,53.22099,10.42791,250.0,"Tiergarten, Lüneburg"
parasol,5897007932,2024-10-16,53.22741,10.3922,250.0,Oedemer Busch
parasol,5897107523,2024-10-12,52.26403,11.10482,7.0,
parasol,6133379464,2024-10-12,51.74298,10.95938,1453.0,
parasol,6133390199,2024-10-12,52.23289,11.33615,674.0,
parasol,6163345755,2024-10-17,51.60183,10.87262,,
parasol,4980330152,2024-11-08,52.89034,10.83723,3.0,
parasol,5012949301,2024-11-26,52.70253,9.80309,250.0,Meißendorfer Teiche Süd - Ochsentrift
parasol,5013713576,2024-11-10,51.99808,9.84685,25.0,Südhang Ortsberg und NSG Schiefer Holzer Berg
parasol,5018284139,2024-11-09,52.3452,10.72186,25.0,TK25 Blatt 3630/3 - Lehre
parasol,5018432800,2024-11-18,52.49447,9.27747,25.0,Mardorf
parasol,5020213302,2024-11-06,52.6949,9.68617,250.0,Rasthof Allertal (A7)
parasol,5024190166,2024-11-10,52.59049,10.07851,250.0,Westercelle Süd bis Bennebostel
parasol,5897002714,2024-11-17,53.1836,10.51181,250.0,Bienenbüttel - Forst Jungfrau
parasol,4127352310,2023-05-29,52.84353,9.34521,5.0,
parasol,5018114995,2023-05-17,52.59049,10.07851,250.0,Westercelle Süd bis Bennebostel
parasol,5014521683,2023-07-19,52.30459,10.61156,250.0,BS-NO
parasol,5015697125,2023-07-04,51.53351,11.30773,250.0,Grillenberg Harz
parasol,4171445483,2023-08-08,53.07456,11.13981,3.0,
parasol,4171783152,2023-08-01,53.24085,10.60411,15.0,
parasol,4177074628,2023-08-03,53.28647,10.73349,13003.0,
parasol,4177079238,2023-08-09,52.3141,10.46589,15.0,
parasol,4177338303,2023-08-08,52.23795,10.52325,28.0,
parasol,4177338321,2023-08-09,52.41234,10.3283,25.0,
parasol,4177391931,2023-08-13,51.96042,9.20667,32.0,
parasol,4400434850,2023-08-20,53.2116,10.43552,51.0,
parasol,4405116518,2023-08-13,52.0844,9.93762,31.0,
parasol,4405268721,2023-08-19,52.40684,10.51078,6.0,
parasol,4407197726,2023-08-05,51.51576,10.15224,49.0,
parasol,4407281752,2023-08-19,51.56129,10.30852,4000.0,
parasol,4409846613,2023-08-18,52.58054,10.18157,,CE Celle (Landkreis)
parasol,4409858211,2023-08-09,53.0776,9.96241,,HK Heidekreis (Landkreis)
parasol,4461678854,2023-08-20,52.78962,10.12881,115.0,LSG Südheide im Landkreis Celle
parasol,4506236022,2023-08-04,51.5123,10.16781,11.0,
parasol,5012550803,2023-08-04,53.15501,10.40188,250.0,"Melbeck, Melbecker Heide"
parasol,5013079025,2023-08-02,52.59012,10.14012,250.0,Celle - Allerniederung bei Osterloh
parasol,5014825593,2023-08-17,51.94667,10.51091,250.0,Mergelgrube Krähenholz
parasol,5018637199,2023-08-18,53.15382,10.42026,250.0,"Melbeck, Wald zwischen B4 und L233 bzw. Forellenbachtal"
parasol,5021010004,2023-08-10,52.70253,9.80309,250.0,Meißendorfer Teiche Süd - Ochsentrift
parasol,5025718254,2023-08-13,51.82215,10.79811,250.0,Ostharz Wernigerode
parasol,5025830544,2023-08-04,53.15382,10.42026,250.0,"Melbeck, Wald zwischen B4 und L233 bzw. Forellenbachtal"
parasol,5027967368,2023-08-10,52.70253,9.80309,250.0,Meißendorfer Teiche Süd - Ochsentrift
parasol,5028102144,2023-08-14,52.70569,9.78724,250.0,Bannetzer Moor
parasol,5028147662,2023-08-13,53.13383,9.79547,250.0,Höpen Idyll
parasol,4416887985,2023-09-15,52.14005,9.35631,,
parasol,4416958361,2023-09-26,52.43116,10.32163,100.0,
parasol,4925918159,2023-09-30,53.1988,9.15695,4.0,
parasol,5013520559,2023-09-25,52.58172,10.18364,250.0,Wienhausen - Kloster
parasol,5013888744,2023-09-24,52.30459,10.61156,250.0,BS-NO
parasol,5014703532,2023-09-09,52.45988,9.19221,250.0,Mischwald beim Denkhaus in Loccum
parasol,5016217451,2023-09-27,52.59049,10.07851,250.0,Westercelle Süd bis Bennebostel
parasol,5018703602,2023-09-15,52.12361,9.37388,250.0,TK25 Blatt 3822/3 - Weser / Hameln
parasol,5019147794,2023-09-10,52.46332,9.86434,250.0,Lohner Wald
parasol,5023146390,2023-09-27,52.56851,10.09434,250.0,Klosterhofwald
parasol,5027242154,2023-09-30,52.27931,10.80077,25.0,TK25 Blatt 3730/2 - Lauingen / Königslutter am Elm
parasol,4430493237,2023-10-10,52.48688,9.28642,2012.0,
parasol,4430510237,2023-10-11,52.25846,10.58074,13.0,
parasol,4430597192,2023-10-14,51.73551,10.74175,26164.0,
parasol,4430606786,2023-10-13,52.27267,10.58112,,
parasol,4430630341,2023-10-14,51.70169,10.66581,26164.0,
parasol,4431060791,2023-10-13,52.27273,10.58111,6.0,
parasol,4431071290,2023-10-14,51.64291,10.64756,26164.0,
parasol,4431229827,2023-10-22,52.57822,9.84713,75.0,
parasol,4436117816,2023-10-28,52.2729,10.58141,3.0,
parasol,4436308105,2023-10-24,52.93166,9.29196,6.0,
parasol,4436415070,2023-10-18,53.0681,9.24574,5087.0,
parasol,4436474141,2023-10-30,52.83485,9.31268,5.0,
parasol,4438734671,2023-10-30,53.14847,10.66224,283.0,
parasol,4460646029,2023-10-03,52.43734,10.91417,4.0,GIF Rühen LSG Drömling
parasol,4461098707,2023-10-11,53.1335,10.22739,4.0,LG Lüneburg (Landkreis)
parasol,4507562234,2023-10-21,52.95135,10.55787,101.0,
parasol,4516318991,2023-10-14,51.89776,10.77515,26132.0,
parasol,4516476567,2023-10-14,51.83101,10.74013,9.0,
parasol,4516481493,2023-10-14,51.8878,10.75467,2700.0,
parasol,4881213345,2023-10-29,53.1788,9.99964,28.0,WL Egestorf
parasol,4881364920,2023-10-28,53.15706,9.82825,14.0,HK - Camp Reinsehlen
parasol,4882084439,2023-10-29,53.15485,9.96041,28.0,LG VSG Lüneburger Heide
parasol,4882274936,2023-10-28,53.1435,9.82305,14.0,HK - Camp Reinsehlen
parasol,4885336944,2023-10-29,53.15565,9.8249,14.0,HK - Camp Reinsehlen
parasol,4888216360,2023-10-29,53.1262,9.8994,14.0,LG VSG Lüneburger Heide
parasol,4890736313,2023-10-29,53.14346,9.82352,14.0,HK - Camp Reinsehlen
parasol,4935494745,2023-10-25,51.54028,11.4429,5.0,Gipskarstlandschaft Pölsfeld und Breiter Fleck im Südharz - 
parasol,5013139335,2023-10-31,52.58172,10.18364,250.0,Wienhausen - Kloster
parasol,5013377570,2023-10-24,52.58824,10.08725,250.0,Wiesen und Wäldchen südlich Celle
parasol,5013733565,2023-10-17,51.56012,9.90161,250.0,Großer Leinebusch
parasol,5014107167,2023-10-30,53.15653,9.944,250.0,Waldgebiete westl. Wilsede
parasol,5015708900,2023-10-24,52.92352,9.4572,250.0,TK25 Blatt 3022/4 - Groß Heins / Idsingen / Lehrden
parasol,5016990073,2023-10-02,52.30459,10.61156,250.0,BS-NO
parasol,5017254101,2023-10-17,52.33555,10.71252,25.0,TK25 Blatt 3630/3 - Lehre
parasol,5017901724,2023-10-18,52.45988,9.19221,250.0,Mischwald beim Denkhaus in Loccum
parasol,5018841084,2023-10-11,52.1297,9.84593,250.0,Hildesheimer Wald: Nord
parasol,5019401833,2023-10-08,51.63432,10.72163,250.0,Rothesütte und Umgebung
parasol,5021319460,2023-10-10,52.47982,9.2774,25.0,TK25 Blatt 3521/2 - Steinhuder Meer (West) / Mardorf
parasol,5021827498,2023-10-25,52.30459,10.61156,250.0,BS-NO
parasol,5021909857,2023-10-08,52.46462,9.93061,250.0,Oldhorster Moor
parasol,5023188990,2023-10-28,53.15017,9.82332,250.0,Camp Reinsehlen
parasol,5023214877,2023-10-27,52.3407,10.68966,25.0,TK25 Blatt 3630/3 - Lehre
parasol,5024048246,2023-10-10,52.12361,9.37388,250.0,TK25 Blatt 3822/3 - Weser / Hameln
parasol,5024093346,2023-10-23,53.15501,10.40188,250.0,"Melbeck, Melbecker Heide"
parasol,5024168350,2023-10-23,52.26443,11.12395,250.0,Bartenslebener Forst
parasol,5024440122,2023-10-15,52.30459,10.61156,250.0,BS-NO
parasol,5024546166,2023-10-29,53.19414,10.41096,250.0,"Melbeck, östlich B 4"
parasol,5027193851,2023-10-17,52.58172,10.18364,250.0,Wienhausen - Kloster
parasol,5027763577,2023-10-31,52.1297,9.84593,250.0,Hildesheimer Wald: Nord
parasol,5028064052,2023-10-29,52.59049,10.07851,250.0,Westercelle Süd bis Bennebostel
parasol,5028254892,2023-10-30,52.58172,10.18364,250.0,Wienhausen - Kloster
parasol,5086980486,2023-10-22,53.28647,10.73349,13062.0,
parasol,4440681318,2023-11-08,53.4761,10.59947,,
parasol,4891888010,2023-11-12,51.67213,11.13312,50.0,
parasol,4926198673,2023-11-18,53.01593,9.11329,6.0,
parasol,5012651538,2023-11-06,52.32359,10.70701,250.0,TK25 Blatt 3630/3 - Lehre
parasol,5013424575,2023-11-12,52.52992,10.18615,250.0,Fuhsefelder - Wathlingen-Bröckel
parasol,5013540175,2023-11-15,52.17184,10.82425,250.0,Elm Eitzum
parasol,5014455648,2023-11-07,52.52992,10.18615,250.0,Fuhsefelder - Wathlingen-Bröckel
parasol,5015205924,2023-11-28,52.30306,10.6222,25.0,BS-NO
parasol,5016089256,2023-11-07,52.34512,10.72164,25.0,TK25 Blatt 3630/3 - Lehre
parasol,5016652615,2023-11-04,52.44976,9.14762,250.0,Klosterwald Loccum
parasol,5017853099,2023-11-11,52.34183,10.66057,25.0,TK25 Blatt 3629/4 - Hondelage / Dibbesdorf / Wendhausen
parasol,5018449186,2023-11-12,52.58172,10.18364,250.0,Wienhausen - Kloster
parasol,5019504795,2023-11-02,52.33144,10.71972,25.0,TK25 Blatt 3630/3 - Lehre
parasol,5019889424,2023-11-20,52.45988,9.19221,250.0,Mischwald beim Denkhaus in Loccum
parasol,5020933193,2023-11-03,52.53001,10.23067,250.0,NSG Bohlenbruch
parasol,5022323077,2023-11-06,52.59049,10.07851,250.0,Westercelle Süd bis Bennebostel
parasol,5024662325,2023-11-02,52.43438,9.70889,250.0,"Godshorn Gärten, Wege und Wiesen"
parasol,5024723238,2023-11-27,52.33487,10.72128,25.0,TK25 Blatt 3630/3 - Lehre
parasol,5024938669,2023-11-04,52.44558,9.7679,250.0,Wietzeblick
parasol,5025659459,2023-11-22,52.072,9.96838,250.0,Hildesheimer Wald: Süd
parasol,5026399400,2023-11-02,52.30459,10.61156,250.0,BS-NO
parasol,5026466089,2023-11-13,52.33301,10.72086,25.0,TK25 Blatt 3630/3 - Lehre
parasol,5027406664,2023-11-05,52.52992,10.18615,250.0,Fuhsefelder - Wathlingen-Bröckel
parasol,5028278026,2023-11-07,52.13738,10.67354,250.0,Asse Nordhang
parasol,3995914706,2022-07-10,53.2384,10.62238,28.0,LG Lüneburg (Landkreis)
parasol,3996206309,2022-07-13,53.23895,10.62252,57.0,LG Lüneburg (Landkreis)
parasol,5014208414,2022-08-14,52.30872,10.61146,250.0,Braunschweig Nord-Ost
parasol,3915502085,2022-09-21,52.13989,9.60722,12.0,
parasol,3915543631,2022-09-24,52.45325,10.79568,,
parasol,3915577819,2022-09-25,51.78162,9.43282,3.0,
parasol,3915631514,2022-09-24,53.24278,9.71778,1298.0,
parasol,3915655676,2022-09-25,51.78125,9.43285,11.0,
parasol,3923332777,2022-09-27,52.2514,10.46156,189.0,
parasol,3923550134,2022-09-27,52.26109,10.60282,553.0,
parasol,3923684530,2022-09-23,53.16732,10.9914,3833.0,
parasol,3994208550,2022-09-25,52.35629,9.77879,244.0,
parasol,3995058184,2022-09-25,52.48612,9.44069,4.0,Steinhuder Meer - N2000
parasol,3995352854,2022-09-11,53.14016,10.87587,,Buchen- und Eichenwälder in der Göhrde (mit Breeser Grund) -
parasol,3995378746,2022-09-23,53.16441,9.96649,49.0,LG VSG Lüneburger Heide
parasol,3995399957,2022-09-23,52.10656,9.94671,21.0,NSG Schwarze Heide
parasol,3995572198,2022-09-20,51.74503,10.89744,5.0,Wernigerode (ehem. Landkreis)
parasol,3995657414,2022-09-24,53.08708,9.88974,25.0,LG VSG Lüneburger Heide
parasol,3995942445,2022-09-25,52.48611,9.44069,4.0,Steinhuder Meer - N2000
parasol,3996038189,2022-09-23,52.46969,10.98818,4.0,Ohre-Drömling
parasol,3996356884,2022-09-20,51.74503,10.89739,5.0,Wernigerode (ehem. Landkreis)
parasol,3996449706,2022-09-30,51.69088,10.35712,30.0,Osterode am Harz (ehem. Landkreis)
parasol,3996465777,2022-09-23,52.50692,10.697,5.0,GF Gifhorn (Landkreis)
parasol,3996569903,2022-09-20,51.74501,10.89744,5.0,Wernigerode (ehem. Landkreis)
parasol,3996625394,2022-09-13,52.5367,9.77256,32.0,H Hannover (Region)
parasol,3996637777,2022-09-21,53.11042,9.92619,14.0,LG VSG Lüneburger Heide
parasol,3996696804,2022-09-29,52.29546,10.62902,25.0,LSG Schapener Forst
parasol,3996727355,2022-09-26,52.30265,10.62314,25.0,LSG Schapener Forst
parasol,3997151090,2022-09-17,52.79474,10.86772,4.0,SAW Altmarkkreis Salzwedel (Landkreis)
parasol,3997261082,2022-09-25,52.48614,9.44067,4.0,Steinhuder Meer - N2000
parasol,3997402347,2022-09-09,53.09232,10.86602,12.0,Drawehn - N2000
parasol,3997433647,2022-09-24,51.72852,10.93247,7.0,Wernigerode (ehem. Landkreis)
parasol,5012454592,2022-09-25,52.59049,10.07851,250.0,Westercelle Süd bis Bennebostel
parasol,5013755754,2022-09-30,52.44558,9.7679,250.0,Wietzeblick
parasol,5013907771,2022-09-28,52.3358,10.71312,25.0,TK25 Blatt 3630/3 - Lehre
parasol,5015344086,2022-09-26,53.14082,10.23507,250.0,Amelinghausen Kronsbergheide
parasol,5017294089,2022-09-30,53.14502,9.89842,250.0,Heideflächen westl. von Nieder-Haverbeck
parasol,5017418256,2022-09-27,52.30872,10.61146,250.0,Braunschweig Nord-Ost
parasol,5020000207,2022-09-16,53.45688,10.63099,250.0,Angelteiche bei Witzeeze (Elbe-Lübeck-Kanal)
parasol,5022067075,2022-09-27,51.74414,10.6886,250.0,Elend (Harz)
parasol,5022343214,2022-09-24,52.34338,10.71926,25.0,TK25 Blatt 3630/3 - Lehre
parasol,5024501638,2022-09-29,52.30872,10.61146,250.0,Braunschweig Nord-Ost
parasol,5027137521,2022-09-30,51.69065,10.35891,250.0,Lonau
parasol,5027997903,2022-09-24,52.53689,9.70311,250.0,Henjeskamp
parasol,5028089213,2022-09-26,52.43637,9.77557,250.0,Truppenübungsplatz Hannover
parasol,6411123373,2022-09-30,52.99245,11.20778,46.0,DAN Lüchow-Dannenberg (Landkreis)
parasol,6412830364,2022-09-28,53.08608,11.086,8.0,DAN Lüchow-Dannenberg (Landkreis)
parasol,3923371631,2022-10-04,53.27177,10.44154,10.0,
parasol,3923419373,2022-10-02,52.6606,9.24919,1899.0,
parasol,3923658413,2022-10-02,52.49874,10.70972,18.0,
parasol,3947122624,2022-10-16,52.99468,10.44611,25972.0,
parasol,3947178292,2022-10-13,53.25579,10.4382,43.0,
parasol,3947217640,2022-10-16,53.1267,9.79752,20.0,
parasol,3947218648,2022-10-20,53.01584,11.56798,13.0,
parasol,3947307493,2022-10-22,52.38902,9.93524,6.0,
parasol,3947411817,2022-10-17,52.25304,10.44792,20.0,
parasol,3947463558,2022-10-22,51.60858,10.53023,6.0,
parasol,3947594871,2022-10-07,52.48512,9.6918,31.0,
parasol,3947623549,2022-10-15,51.56265,10.70988,283.0,
parasol,3947767319,2022-10-09,52.16743,10.80913,,
parasol,3988598555,2022-10-09,52.16739,10.80902,,
parasol,3995800765,2022-10-03,53.05808,9.88495,25.0,LG VSG Lüneburger Heide
parasol,3995932200,2022-10-03,53.15912,9.90699,7.0,LG VSG Lüneburger Heide
parasol,3996813481,2022-10-16,53.14354,9.83466,5.0,LG VSG Lüneburger Heide
parasol,4524923014,2022-10-02,53.4644,11.56454,10.0,
parasol,5012728047,2022-10-17,52.4513,10.724,25.0,TK25 Blatt 3530/1 - Oßloh / Weyhausen / Tappenbeck
parasol,5013549726,2022-10-04,52.94905,10.56765,250.0,Uelzen Hambrocker Runde
parasol,5014311938,2022-10-11,52.1297,9.84593,250.0,Hildesheimer Wald: Nord
parasol,5014729484,2022-10-01,52.35851,10.85574,25.0,TK25 Blatt 3631/1 - Hehlingen / Volkmarsdorf
parasol,5016062107,2022-10-02,52.12361,9.37388,250.0,TK25 Blatt 3822/3 - Weser / Hameln
parasol,5018441631,2022-10-29,51.77674,10.33061,25.0,TK25 Blatt 4227/2 - Lerbach (Nord)
parasol,5018894498,2022-10-03,53.42713,11.62388,250.0,Lewitz
parasol,5021371940,2022-10-03,52.06609,11.82251,250.0,Flugsanddüne Gommern
parasol,5023379070,2022-10-08,52.53689,9.70311,250.0,Henjeskamp
parasol,5023655538,2022-10-23,53.1235,10.2904,250.0,TK25 Blatt 2827/4 - Lüneburger Heide / Betzendorf
parasol,5027322185,2022-10-15,52.33269,10.7244,25.0,TK25 Blatt 3630/3 - Lehre
parasol,5027927704,2022-10-05,53.32055,10.29247,250.0,"Radbruch, Froschteiche"
parasol,4075726202,2022-11-06,51.50471,10.15936,31.0,
parasol,5017332193,2022-11-17,53.15017,9.82332,250.0,Camp Reinsehlen
parasol,5018389314,2022-11-11,52.58172,10.18364,250.0,Wienhausen - Kloster
parasol,5019119493,2022-11-14,53.15017,9.82332,250.0,Camp Reinsehlen
parasol,5020394492,2022-11-07,51.76477,11.35489,250.0,TK25 Blatt 4233/4 - Harz / Meisdorf
parasol,5023369838,2022-11-15,53.15017,9.82332,250.0,Camp Reinsehlen
parasol,5025783064,2022-11-05,53.2531,10.50224,250.0,Bilmer Strauch
parasol,5020455905,2021-02-09,52.45081,9.99226,250.0,Burgdorf
parasol,3337615759,2021-08-14,52.48471,9.67349,16.0,
parasol,3343953663,2021-08-24,52.92917,9.52918,5.0,
parasol,3343982726,2021-08-19,52.87413,9.31011,5.0,
parasol,3355657336,2021-08-30,53.02137,11.69066,122.0,
parasol,3860323634,2021-08-13,52.27287,10.58127,19.0,
parasol,3995988435,2021-08-15,53.04348,9.90382,25.0,LG VSG Lüneburger Heide
parasol,5012788885,2021-08-27,53.14502,9.89842,250.0,Heideflächen westl. von Nieder-Haverbeck
parasol,5017083123,2021-08-16,52.8218,9.60179,250.0,Forstgebiet zw. Düshorn u. Hodenhagen NO (TK 3123/4)
parasol,5023044576,2021-08-31,52.58172,10.18364,250.0,Wienhausen - Kloster
parasol,5024178163,2021-08-17,52.80576,9.56032,250.0,Forst zw. Düshorn u. Hodenhagen NW (TK 3123/3)
parasol,5024995403,2021-08-26,52.44126,10.47014,250.0,NSG Viehmoor (Leiferde)
parasol,5025131200,2021-08-23,53.36725,11.49207,25.0,TK25 Blatt 2634/2 - Neu Lüblow
parasol,5026608261,2021-08-17,53.14502,9.89842,250.0,Heideflächen westl. von Nieder-Haverbeck
parasol,6424519670,2021-08-24,53.21517,10.30802,202.0,LG Lüneburg (Landkreis)
parasol,6480731122,2021-08-25,52.50518,10.464,1842.0,
parasol,3355245515,2021-09-01,53.14541,9.90241,15.0,
parasol,3355337886,2021-09-04,52.71566,10.47236,18.0,
parasol,3355362664,2021-09-02,51.90318,10.44687,567.0,
parasol,3355567936,2021-09-04,52.71708,10.47298,12.0,
parasol,3384391554,2021-09-10,52.49027,9.67372,,
parasol,3384683526,2021-09-11,52.50549,10.70332,8.0,
parasol,3384755250,2021-09-25,52.91204,9.06367,,
parasol,3391385137,2021-09-09,51.66314,11.13333,,
parasol,3399454733,2021-09-28,53.2399,11.21351,6.0,
parasol,3915278361,2021-09-04,52.84988,10.65387,,
parasol,3915294359,2021-09-07,51.65617,11.34941,8.0,
parasol,3915384381,2021-09-04,53.32311,10.9086,363.0,
parasol,3995642680,2021-09-01,53.05781,11.42617,5.0,DAN Elbufer-Drawehn NP
parasol,3996119737,2021-09-25,53.11659,10.08189,25.0,HK Heidekreis (Landkreis)
parasol,5012441653,2021-09-01,53.13591,10.23709,25.0,"Amelinghausen, Begrüßungsheide an der B209"
parasol,5012587463,2021-09-05,52.90693,11.88464,25.0,Haltepunkt Natur gegenüber Abbendorf
parasol,5014260000,2021-09-27,52.70253,9.80309,250.0,Meißendorfer Teiche Süd - Ochsentrift
parasol,5014773206,2021-09-14,52.58172,10.18364,250.0,Wienhausen - Kloster
parasol,5015293309,2021-09-22,52.8218,9.60179,250.0,Forstgebiet zw. Düshorn u. Hodenhagen NO (TK 3123/4)
parasol,5016338556,2021-09-20,53.37348,11.45688,250.0,TK25 Blatt 2634/2 - Neu Lüblow
parasol,5016440954,2021-09-04,53.31639,10.90384,25.0,TK25 Blatt 2631/3 - Preten
parasol,5017775267,2021-09-02,53.15414,10.25555,25.0,Marxener Paradies
parasol,5018167483,2021-09-03,53.16782,9.94567,250.0,Wilseder Berg u. umgebende Heideflächen
parasol,5018177655,2021-09-25,53.37347,9.70715,250.0,TK25 Blatt 2624/1 - Hollenstedt / Appel
parasol,5018764149,2021-09-07,53.1235,9.87379,250.0,TK25 Blatt 2825/3 - Lüneburger Heide östl. Schneverdingen
parasol,5020480156,2021-09-25,52.53622,10.24901,250.0,Paulmannshavekost - Wald
parasol,5020870621,2021-09-04,53.14785,10.28434,25.0,TK25 Blatt 2827/4 - Lüneburger Heide / Betzendorf
parasol,5021559242,2021-09-25,52.70253,9.80309,250.0,Meißendorfer Teiche Süd - Ochsentrift
parasol,5024052503,2021-09-27,53.14502,9.89842,250.0,Heideflächen westl. von Nieder-Haverbeck
parasol,5026493224,2021-09-26,52.55419,9.47798,250.0,Klostertannen Mariensee
parasol,5027847707,2021-09-12,52.53622,10.24901,250.0,Paulmannshavekost - Wald
parasol,3385040006,2021-10-01,51.56993,10.07151,4.0,
parasol,3391314860,2021-10-10,52.30807,10.47768,15.0,
parasol,3398930879,2021-10-23,51.96517,10.41943,10.0,
parasol,3785041160,2021-10-24,53.14729,9.80283,12.0,
parasol,3915499455,2021-10-16,52.5147,10.69876,7.0,
parasol,5022054836,2021-10-10,53.14502,9.89842,250.0,Heideflächen westl. von Nieder-Haverbeck
parasol,5028491562,2021-10-10,52.53622,10.24901,250.0,Paulmannshavekost - Wald
parasol,5015225948,2021-11-22,52.5692,10.1215,250.0,Nienhagen - Felder B 214
parasol,5023833001,2021-11-01,52.07021,10.20081,25.0,TK25 Blatt 3927/1 - Baddeckenstedt
parasol,5023311132,2020-06-20,53.00983,11.54944,250.0,Feldflur südlich Gummern
parasol,3915455360,2020-07-19,52.495,9.7714,24.0,
parasol,5012772397,2020-07-31,53.29635,10.72825,250.0,Biosphaerium Elbtalaue - Schloss Bleckede
parasol,5013692774,2020-07-23,52.58172,10.18364,250.0,Wienhausen - Kloster
parasol,5020672197,2020-07-10,52.67359,9.69264,25.0,TK25 Blatt 3324/1 - Aller / Buchholz / Marklendorf
parasol,6411327794,2020-07-28,52.4435,10.53189,,GF Gifhorn (Landkreis)
parasol,5021676357,2020-08-22,51.66563,11.17164,250.0,4. Hammer
parasol,5025196325,2020-08-16,51.77366,10.79034,250.0,TK25 Blatt 4230/2 - Harz / Elbingerode
parasol,2862581725,2020-09-05,53.41022,10.86546,10.0,
parasol,2874002548,2020-09-15,51.71645,10.66224,4.0,
parasol,3113416999,2020-09-17,53.15433,10.25548,90.0,
parasol,5013461218,2020-09-19,52.58551,10.14732,250.0,Bockelskamp - Felder
parasol,5013742879,2020-09-26,52.8218,9.60179,250.0,Forstgebiet zw. Düshorn u. Hodenhagen NO (TK 3123/4)
parasol,5018688131,2020-09-13,51.59238,10.75226,250.0,Braunsteinhaus und Umgebung
parasol,5021655156,2020-09-07,52.80576,9.56032,250.0,Forst zw. Düshorn u. Hodenhagen NW (TK 3123/3)
parasol,5022837435,2020-09-12,51.65745,11.16007,25.0,TK25 Blatt 4332/2 - Harz nördl. Harzgerode
parasol,5024493635,2020-09-19,52.58569,10.13669,250.0,Theewinkel / Wienhausen
parasol,5027929916,2020-09-15,52.58172,10.18364,250.0,Wienhausen - Kloster
parasol,2883088045,2020-10-04,53.19256,10.90116,11.0,
parasol,2898253244,2020-10-15,52.26133,10.46452,4.0,
parasol,2898521253,2020-10-13,51.8363,9.36896,,
parasol,2901516244,2020-10-21,51.65554,11.34866,8.0,
parasol,2901696098,2020-10-20,51.70645,11.24798,604.0,
parasol,2901698155,2020-10-21,52.94068,9.2577,203.0,
parasol,2963750809,2020-10-24,52.91808,11.46834,488.0,
parasol,2963914693,2020-10-24,51.58816,11.47103,9.0,
parasol,2980843704,2020-10-31,51.91058,10.60415,1342.0,
parasol,2981061835,2020-10-31,53.11625,9.79098,12.0,
parasol,2999171666,2020-10-23,51.60822,11.35441,,
parasol,3859826565,2020-10-18,51.63537,10.9551,4000.0,
parasol,3915354341,2020-10-19,52.33672,10.47315,10.0,
parasol,3915392346,2020-10-16,52.32276,10.5822,763.0,
parasol,3915405343,2020-10-18,52.80447,10.00245,172.0,
parasol,3915428342,2020-10-17,51.76259,9.76452,24.0,
parasol,3996272638,2020-10-23,52.52447,9.91445,86.0,H Hannover (Region) oud
parasol,4058338559,2020-10-06,53.27582,10.7041,,Elbe - Bleckede
parasol,4121441278,2020-10-22,52.13269,9.11895,308.0,
parasol,4121465300,2020-10-22,52.13268,9.11896,315.0,
parasol,4127005113,2020-10-22,52.13287,9.1193,272.0,
parasol,5016769002,2020-10-16,51.67415,10.25076,250.0,Krücker - Waldgebiet west. Hörden am Harz
parasol,5019440231,2020-10-25,53.12999,9.9131,250.0,Tütsberg
parasol,5019738701,2020-10-06,53.27582,10.7041,25.0,TK25 Blatt 2730/1 - Elbe / Bleckede / Breetze
parasol,5021518514,2020-10-30,51.67367,10.95698,250.0,TK25 Blatt 4331/2 - Harz / Allrode
parasol,5024341805,2020-10-22,52.77644,10.26827,250.0,"Aschauteiche, nördlich"
parasol,5025796013,2020-10-17,52.58205,10.16867,250.0,Bockelskamp - Teiche
parasol,5027856575,2020-10-13,51.67415,10.25076,250.0,Krücker - Waldgebiet west. Hörden am Harz
parasol,5086891732,2020-10-15,52.62569,10.04119,,
parasol,3061582469,2020-11-08,51.73791,11.23099,,
parasol,3384741277,2020-11-15,52.30206,10.49922,25.0,
parasol,5016413423,2020-11-28,52.58824,10.08725,250.0,Wiesen und Wäldchen südlich Celle
parasol,5023210000,2020-11-25,52.99639,10.56052,250.0,Hohekamp Ilmenautal LF 2124 - UE
parasol,3995752607,2019-07-23,52.45857,9.86156,25.0,H Isernhagen LSG Obere Wietze
parasol,5012661570,2019-07-21,53.35461,10.35542,250.0,Handorf: südlich Ilmenau
parasol,2397551650,2019-08-25,53.12151,9.81247,8.0,
parasol,2845193003,2019-08-23,51.75169,10.96573,25.0,Wernigerode (ehem. Landkreis)
parasol,3996639038,2019-08-29,51.59314,9.42356,100.0,KS Kassel (Landkreis)
parasol,5024588759,2019-08-30,52.58172,10.18364,250.0,Wienhausen - Kloster
parasol,2429556470,2019-10-12,52.2736,10.60133,35.0,
parasol,2429588672,2019-10-11,52.4297,9.86484,,
parasol,2429591636,2019-10-13,52.2559,10.59863,24.0,
parasol,2445000577,2019-10-12,52.58756,11.70209,263.0,
parasol,2445064678,2019-10-19,51.73833,9.8248,64.0,
parasol,3915319331,2019-10-16,52.94901,9.4671,16.0,
parasol,3915324338,2019-10-10,52.45791,11.93055,16.0,
parasol,4056909747,2019-10-25,53.28521,10.72096,,Elbe - Bleckede
parasol,4057864023,2019-10-27,53.27454,10.68821,,LG Lüneburg (Landkreis)
parasol,4599733352,2019-10-03,51.67988,11.2577,6.0,
parasol,5012755268,2019-10-07,52.23575,10.65393,25.0,TK25 Blatt 3729/4 - Hötzum / Sickte / Cremlingen
parasol,5013309712,2019-10-18,52.70253,9.80309,250.0,Meißendorfer Teiche Süd - Ochsentrift
parasol,5013893284,2019-10-15,52.70253,9.80309,250.0,Meißendorfer Teiche Süd - Ochsentrift
parasol,5014881723,2019-10-23,53.12447,9.91422,25.0,Tütsberg
parasol,5015474396,2019-10-13,52.77403,9.73011,250.0,Ostenholz - Osterheide
parasol,5016195426,2019-10-09,52.49734,9.95425,25.0,TK25 Blatt 3525/2 - Burgdorf / Schillerslage
parasol,5016867163,2019-10-12,53.09289,9.82444,250.0,Pietzmoor
parasol,5018100205,2019-10-21,52.33807,10.73189,25.0,TK25 Blatt 3630/3 - Lehre
parasol,5018141816,2019-10-21,53.18849,10.92236,25.0,TK25 Blatt 2831/2 - Wendland / Wietzetze
parasol,5018392627,2019-10-07,52.93415,10.27994,250.0,Kiehnmoor mit Heideflächen
parasol,5018689067,2019-10-02,51.90171,10.40708,250.0,Trüllketal Goslar
parasol,5019270899,2019-10-13,52.47357,9.4572,250.0,TK25 Blatt 3522/2 - Leine / Bordenau
parasol,5019479336,2019-10-25,53.12999,9.9131,250.0,Tütsberg
parasol,5020148551,2019-10-25,53.14502,9.89842,250.0,Heideflächen westl. von Nieder-Haverbeck
parasol,5021213222,2019-10-20,52.27996,10.58727,25.0,TK25 Blatt 3729/2 - Braunschweig (Ost) / Weddel / Hordorf
parasol,5024249345,2019-10-27,53.27454,10.68821,25.0,TK25 Blatt 2730/1 - Elbe / Bleckede / Breetze
parasol,5024342557,2019-10-20,52.70253,9.80309,250.0,Meißendorfer Teiche Süd - Ochsentrift
parasol,5025664855,2019-10-14,52.47416,10.34704,250.0,Meinersen Naturlehrpfad Oker
parasol,5026570399,2019-10-17,51.96733,10.45255,250.0,Morgensternteiche nodöstl. Hahndorf
parasol,5027186857,2019-10-15,51.62367,10.37374,250.0,TK25 Blatt 4328/3 - Harz / Scharzfeld
parasol,5027241248,2019-10-13,52.44126,10.47014,250.0,NSG Viehmoor (Leiferde)
parasol,5027736150,2019-10-25,53.28521,10.72096,25.0,TK25 Blatt 2730/1 - Elbe / Bleckede / Breetze
parasol,5028245876,2019-10-28,52.58569,10.13669,250.0,Theewinkel / Wienhausen
parasol,2465196680,2019-11-10,51.68268,9.91487,8.0,
parasol,2465359298,2019-11-08,52.27998,10.46448,25.0,
parasol,5017125501,2019-11-04,52.36867,10.71836,25.0,TK25 Blatt 3630/1 - Wolfsburg / Ehmen / Mörse
parasol,5027891396,2019-11-24,52.58824,10.08725,250.0,Wiesen und Wäldchen südlich Celle
parasol,3994987549,2018-10-18,53.16831,9.94234,100.0,Lüneburger Heide - N2000
parasol,5012466020,2018-10-21,52.58172,10.18364,250.0,Wienhausen - Kloster
parasol,5015106148,2018-10-16,51.91113,10.64378,250.0,Unteres Eckertal L85 bis Altfeld
parasol,5028053354,2018-11-04,52.32988,11.55341,250.0,Colbitzer Lindenwald
parasol,5013156205,2017-07-03,52.5564,10.10454,250.0,Nienhagen - ganzer Ort
parasol,5015501077,2017-07-30,52.58172,10.18364,250.0,Wienhausen - Kloster
parasol,5017521218,2017-07-21,52.58172,10.18364,250.0,Wienhausen - Kloster
parasol,5021082722,2017-07-23,51.51276,10.88339,250.0,"NSG Alter Stolberg, Goldbörnchen u. Umgebung"
parasol,5014032443,2017-08-20,52.58172,10.18364,250.0,Wienhausen - Kloster
parasol,5017401337,2017-08-22,52.55016,10.14982,250.0,Wathlingen - Fuhse
parasol,5021907471,2017-08-02,51.51276,10.88339,250.0,"NSG Alter Stolberg, Goldbörnchen u. Umgebung"
parasol,5024746473,2017-08-07,51.51371,10.86608,250.0,Haselhai bei Steigerthal
parasol,5025145507,2017-08-09,51.88182,10.21562,25.0,Feldflur südwestlich Seesen
parasol,5013115733,2017-09-30,51.91664,10.47615,250.0,Sudmerberg
parasol,5016007391,2017-09-19,52.3236,11.04029,250.0,TK25 Blatt 3632/3 - Grasleben (Nds.) / Döhren / Weferlingen
parasol,5016802715,2017-09-27,53.42713,11.62388,250.0,Lewitz
parasol,5017368572,2017-09-27,53.44288,11.61701,250.0,Friedrichsmoorer Karpfenteiche
parasol,5017587581,2017-09-01,52.58172,10.18364,250.0,Wienhausen - Kloster
parasol,5018484892,2017-09-09,52.58172,10.18364,250.0,Wienhausen - Kloster
parasol,5021488166,2017-09-09,53.01344,11.36227,250.0,Gartower Forst westl. B493
parasol,5022146891,2017-09-16,52.58172,10.18364,250.0,Wienhausen - Kloster
parasol,5025248129,2017-09-16,52.53795,10.15137,250.0,Wathlingen - Ort
parasol,5026295148,2017-09-23,52.44126,10.47014,250.0,NSG Viehmoor (Leiferde)
parasol,5027928821,2017-09-17,52.44126,10.47014,250.0,NSG Viehmoor (Leiferde)
parasol,5028143488,2017-09-29,51.91853,10.45102,250.0,Gewerbegebiet Gutenberg/Goslar
parasol,1898824566,2017-10-27,51.51482,11.92051,,
parasol,3996746512,2017-10-19,51.88581,9.55391,10.0,HOL Solling-Vogler NP
parasol,5014826097,2017-10-13,52.58569,10.13669,250.0,Theewinkel / Wienhausen
parasol,5014836905,2017-10-14,51.91664,10.47615,250.0,Sudmerberg
parasol,5015977762,2017-10-14,51.67197,11.28613,250.0,Ellrichstal
parasol,5020353852,2017-10-03,52.58172,10.18364,250.0,Wienhausen - Kloster
parasol,5020542085,2017-10-21,52.82284,11.50738,250.0,"Heiligenfelde, Mühlenberg und Kiesgrube"
parasol,5023308966,2017-10-01,53.45627,11.7249,250.0,Waldgebiet zw. Garwitz und Malchow
parasol,5024626943,2017-10-10,52.33543,9.32122,250.0,Waldgebiet bei Beckedorf
parasol,5026343805,2017-11-04,53.15017,9.82332,250.0,Camp Reinsehlen
parasol,5013094480,2016-08-15,52.58172,10.18364,250.0,Wienhausen - Kloster
parasol,5014096488,2016-09-03,52.59012,10.14012,250.0,Celle - Allerniederung bei Osterloh
parasol,5016704265,2016-09-19,53.24236,11.05333,25.0,Laaver Heide
parasol,5023157613,2016-09-16,52.58172,10.18364,250.0,Wienhausen - Kloster
parasol,1453146223,2016-10-16,52.31741,10.45203,5.0,
parasol,5015176349,2016-10-30,52.58172,10.18364,250.0,Wienhausen - Kloster
parasol,5015370175,2016-10-08,52.58172,10.18364,250.0,Wienhausen - Kloster
parasol,5019538122,2016-10-30,51.55808,10.71218,250.0,Woffleben: Eichbühl - Queste - Seethenholz
parasol,5021538978,2016-10-22,52.56224,10.1951,250.0,Eicklingen Kiesteiche
parasol,5021542400,2016-10-23,51.82944,9.90375,250.0,Waldgebiet am Aussichtsturm Altendorfer Berg
parasol,5023572484,2016-10-14,52.33543,9.32122,250.0,Waldgebiet bei Beckedorf
parasol,5023639226,2016-10-28,52.57374,10.16773,250.0,Wienhausen - Wald
parasol,1453187206,2016-11-01,51.83313,10.58177,5.0,
parasol,5025698821,2016-11-04,52.57374,10.16773,250.0,Wienhausen - Wald
parasol,5014872589,2015-08-06,52.59012,10.14012,250.0,Celle - Allerniederung bei Osterloh
parasol,5022122273,2015-08-09,53.23257,10.44143,25.0,"Lüneburg,Tiergartenkamp"
parasol,5024939888,2015-08-04,52.58172,10.18364,250.0,Wienhausen - Kloster
parasol,1143548295,2015-09-19,52.70132,10.56441,26004.0,
parasol,1143548365,2015-09-19,52.60948,10.45628,26004.0,
parasol,1143548869,2015-09-20,52.26294,10.55617,50.0,
parasol,3915305304,2015-09-19,52.68704,10.58267,26004.0,
parasol,5016278275,2015-09-19,53.1235,11.30407,250.0,NSG Binnendünen bei Klein Schmölen und NSG Löcknitztal-Altla
parasol,5017702835,2015-09-13,52.58172,10.18364,250.0,Wienhausen - Kloster
parasol,5021416319,2015-09-18,53.0503,11.41102,250.0,"Kiefernwald, Teiche, Wiesen zwischen Brünkendorf und Laasche"
parasol,5021521389,2015-09-30,52.58172,10.18364,250.0,Wienhausen - Kloster
parasol,5022345104,2015-09-26,52.58569,10.13669,250.0,Theewinkel / Wienhausen
parasol,5024302013,2015-09-10,53.0503,11.41102,250.0,"Kiefernwald, Teiche, Wiesen zwischen Brünkendorf und Laasche"
parasol,5025952905,2015-09-18,52.44126,10.47014,250.0,NSG Viehmoor (Leiferde)
parasol,5025962548,2015-09-19,53.27771,10.7013,25.0,TK25 Blatt 2730/1 - Elbe / Bleckede / Breetze
parasol,5026916458,2015-09-20,52.00281,9.86017,250.0,Südhang Ortsberg und NSG Schiefer Holzer Berg
parasol,5027048651,2015-09-13,53.04256,11.42158,250.0,Laascher Insel
parasol,5028225297,2015-09-15,51.94326,10.44448,250.0,Grauhöferteiche
parasol,5017213583,2015-10-01,51.684,9.8459,250.0,Deponie Blankenhagen
parasol,5023797425,2015-10-03,51.684,9.8459,250.0,Deponie Blankenhagen
parasol,5026690655,2015-10-23,52.58172,10.18364,250.0,Wienhausen - Kloster
parasol,6137478699,2015-10-23,53.1867,9.99241,250.0,Undeloh - Heide südöstlich
hexenroehrling,6399838696,2026-05-30,52.38484,10.7158,4.0,
hexenroehrling,6399071581,2026-06-07,52.0672,11.24185,,
hexenroehrling,6399503397,2026-06-15,53.16988,9.09139,4.0,
hexenroehrling,6400614743,2026-06-06,51.82113,10.79153,936.0,
hexenroehrling,6481475412,2026-08-02,52.97792,10.24966,7.0,
hexenroehrling,5238220302,2025-07-26,51.72067,10.27803,5.0,
hexenroehrling,5291979685,2025-08-08,53.2432,10.43459,8.0,
hexenroehrling,5759409918,2025-08-31,53.46918,11.56832,250.0,Friedrichsmoor und Waldlewitz
hexenroehrling,5830944653,2025-09-17,53.38639,9.8727,3.0,
hexenroehrling,5837129083,2025-09-22,52.45988,9.19221,250.0,Mischwald beim Denkhaus in Loccum
hexenroehrling,5871907404,2025-09-28,52.46332,9.86434,250.0,Lohner Wald
hexenroehrling,5844781876,2025-10-02,52.13311,9.34665,250.0,Hameln Wehlbach-Wald
hexenroehrling,5867881372,2025-10-17,53.4509,9.85152,25876.0,
hexenroehrling,5889005006,2025-10-20,52.92352,9.4572,250.0,TK25 Blatt 3022/4 - Groß Heins / Idsingen / Lehrden
hexenroehrling,5889429126,2025-10-19,52.13037,9.37355,,
hexenroehrling,5890098148,2025-10-23,51.50136,11.92691,1.0,
hexenroehrling,5890098167,2025-10-11,53.22514,9.22076,4.0,
hexenroehrling,6137478575,2025-10-22,53.18064,9.86856,250.0,Haus Ehrhorn & Umgebung
hexenroehrling,5893031539,2025-11-04,52.07002,11.28408,,
hexenroehrling,5897359538,2025-11-12,53.29319,10.25757,15.0,
hexenroehrling,4855152649,2024-05-05,53.14801,10.78576,4.0,
hexenroehrling,5013192146,2024-07-20,51.63955,11.14933,250.0,Stadtfriedhof Harzgerode
hexenroehrling,4987475849,2024-09-24,52.2498,10.49406,4.0,
hexenroehrling,5017785027,2024-09-01,53.32821,11.48344,250.0,Schlosspark Ludwigslust
hexenroehrling,4976349322,2024-10-26,52.71872,10.45834,6.0,
hexenroehrling,4976512611,2024-10-26,52.71675,10.47909,9.0,
hexenroehrling,4978306994,2024-10-31,52.40428,10.36005,,
hexenroehrling,4987390890,2024-10-12,51.68933,11.28999,26164.0,
hexenroehrling,5021924471,2024-10-12,51.83695,10.39942,250.0,Brandkopf mit Schalker Teich
hexenroehrling,5026444943,2024-10-04,53.42038,11.35265,250.0,Waldgebiet bei Kraak
hexenroehrling,5153280005,2024-10-17,52.95882,9.7549,25972.0,
hexenroehrling,5897006768,2024-10-18,53.14728,10.45102,250.0,Naturschutzgebiet Forellenbachtal
hexenroehrling,6320842359,2024-10-07,51.8125,10.96306,176.0,
hexenroehrling,5017018050,2024-11-09,52.45988,9.19221,250.0,Mischwald beim Denkhaus in Loccum
hexenroehrling,5019373951,2024-11-16,53.42038,11.35265,250.0,Waldgebiet bei Kraak
hexenroehrling,5890404956,2024-11-01,52.73602,10.47519,181.0,
hexenroehrling,5896996119,2024-11-10,53.2531,10.50224,250.0,Bilmer Strauch
hexenroehrling,4120928931,2023-05-23,51.52015,10.15304,31.0,
hexenroehrling,4121161609,2023-05-20,53.21112,10.78781,10.0,
hexenroehrling,5022661172,2023-06-28,51.90777,9.79086,250.0,Mailerplatz im Hagental
hexenroehrling,4153915429,2023-07-10,51.51783,10.1514,15.0,
hexenroehrling,4162074234,2023-07-12,51.77281,10.53326,,
hexenroehrling,4165443689,2023-07-09,53.16704,9.945,370.0,
hexenroehrling,4518969957,2023-07-29,51.84858,10.64618,6919.0,
hexenroehrling,4535872805,2023-07-05,52.34366,9.7285,9.0,
hexenroehrling,4607519172,2023-07-19,53.15241,9.96084,4.0,
hexenroehrling,5012713457,2023-07-30,53.19251,10.42561,250.0,Deutsch Evern - Friedhof
hexenroehrling,5019760374,2023-07-14,51.731,10.025,25.0,TK25 Blatt 4226/3 - Rhume / Northeim / Langenholtensen
hexenroehrling,4177065248,2023-08-08,52.26898,10.55786,394.0,
hexenroehrling,4407065821,2023-08-13,52.14823,9.90069,12.0,
hexenroehrling,4522567844,2023-08-24,53.1558,9.92451,,
hexenroehrling,4535799847,2023-08-09,52.27637,10.57784,9.0,
hexenroehrling,4855115341,2023-08-05,53.13472,9.80754,40.0,
hexenroehrling,5012791865,2023-08-11,53.42345,10.64541,250.0,Kiesgrube südöstlich Zweedorf
hexenroehrling,5017391107,2023-08-26,51.75411,10.67794,250.0,Elendstal
hexenroehrling,5020964376,2023-08-28,52.27852,10.7561,25.0,TK25 Blatt 3730/2 - Lauingen / Königslutter am Elm
hexenroehrling,5027958758,2023-08-08,53.09948,10.33785,250.0,Süsing
hexenroehrling,5231372483,2023-08-13,51.52529,10.03372,26196.0,
hexenroehrling,4416722641,2023-09-16,51.72417,10.61765,4.0,
hexenroehrling,4416742720,2023-09-16,51.72407,10.61762,7.0,
hexenroehrling,4416956049,2023-09-24,52.32763,10.71416,11.0,
hexenroehrling,4516444648,2023-09-08,52.48942,11.70041,2307.0,
hexenroehrling,5016469799,2023-09-10,53.43081,11.34281,250.0,Kraaker Mühlenbach östl. von Moraas
hexenroehrling,5016469835,2023-09-10,52.44976,9.14762,250.0,Klosterwald Loccum
hexenroehrling,5022672798,2023-09-09,52.45988,9.19221,250.0,Mischwald beim Denkhaus in Loccum
hexenroehrling,5027950400,2023-09-24,53.40372,11.40753,250.0,Waldgebiet östl. Jasnitz
hexenroehrling,4430571823,2023-10-14,51.7465,10.7446,9.0,
hexenroehrling,4438830142,2023-10-01,53.44585,9.84966,9.0,
hexenroehrling,4438858261,2023-10-23,53.27014,10.27564,877.0,
hexenroehrling,4438913223,2023-10-22,52.58782,10.93847,26036.0,
hexenroehrling,4853012401,2023-10-06,52.61576,10.02065,7.0,
hexenroehrling,4925837473,2023-10-08,53.20023,9.17833,4.0,
hexenroehrling,5012672100,2023-10-29,53.42038,11.35265,250.0,Waldgebiet bei Kraak
hexenroehrling,5012784831,2023-10-08,53.45808,11.24365,250.0,Viezer Heide (TÜP) und umgebender Wald
hexenroehrling,5016588844,2023-10-21,52.53689,9.70311,250.0,Henjeskamp
hexenroehrling,5017969226,2023-10-08,53.09902,10.12922,250.0,Rehrhofer Heide
hexenroehrling,5019997489,2023-10-28,53.15017,9.82332,250.0,Camp Reinsehlen
hexenroehrling,5022594351,2023-10-07,52.53689,9.70311,250.0,Henjeskamp
hexenroehrling,5022628998,2023-10-30,53.15653,9.944,250.0,Waldgebiete westl. Wilsede
hexenroehrling,4438881205,2023-11-04,52.0782,10.08765,,
hexenroehrling,4516274730,2023-11-04,51.64977,11.3453,26164.0,
hexenroehrling,5025657630,2023-11-11,53.30104,11.15872,250.0,Nationales Naturerbe Lübtheener Heide
hexenroehrling,4952434651,2022-02-20,53.20259,9.13616,,
hexenroehrling,3902127896,2022-05-26,52.26398,10.55664,164.0,
hexenroehrling,4442436619,2022-05-31,51.98851,9.99477,1432.0,
hexenroehrling,4525260247,2022-06-15,51.95616,9.86726,1606.0,
hexenroehrling,3902734506,2022-08-14,53.0909,9.95374,244.0,
hexenroehrling,5019442156,2022-08-14,53.12999,9.9131,250.0,Tütsberg
hexenroehrling,5023585069,2022-08-14,53.12999,9.9131,250.0,Tütsberg
hexenroehrling,5827907694,2022-08-14,53.1111,9.91039,260.0,
hexenroehrling,3915701389,2022-09-12,52.61736,10.1175,4.0,
hexenroehrling,4440986844,2022-09-03,52.82496,10.27473,3248.0,
hexenroehrling,5024160887,2022-09-25,52.54154,9.83,250.0,Sprillgehege
hexenroehrling,5028516500,2022-09-09,52.83888,10.27422,250.0,Unterlüß / Süll
hexenroehrling,3925030897,2022-10-05,52.32169,10.42111,21.0,
hexenroehrling,3925031761,2022-10-04,52.7684,10.22751,26004.0,
hexenroehrling,3925147254,2022-10-08,52.12568,9.36233,,
hexenroehrling,3925264468,2022-10-09,52.22221,10.58989,15.0,
hexenroehrling,3947081661,2022-10-16,52.61581,10.02103,4.0,
hexenroehrling,3947211384,2022-10-14,52.34827,10.82672,,
hexenroehrling,3947272934,2022-10-08,52.96902,10.24562,83.0,
hexenroehrling,3947568979,2022-10-10,52.94283,10.2425,456.0,
hexenroehrling,3947629669,2022-10-16,51.65991,11.28487,26164.0,
hexenroehrling,3961214107,2022-10-28,52.2917,10.33305,4.0,
hexenroehrling,3961440316,2022-10-29,53.14184,10.86963,1735.0,
hexenroehrling,3986188869,2022-10-16,53.13241,9.80865,25.0,
hexenroehrling,4127071789,2022-10-21,53.22241,10.70264,330.0,
hexenroehrling,5013932037,2022-10-11,52.1297,9.84593,250.0,Hildesheimer Wald: Nord
hexenroehrling,5018070911,2022-10-08,52.53689,9.70311,250.0,Henjeskamp
hexenroehrling,5018269244,2022-10-08,52.12361,9.37388,250.0,TK25 Blatt 3822/3 - Weser / Hameln
hexenroehrling,5022721025,2022-10-23,52.25471,9.56703,250.0,Deister Ostseite
hexenroehrling,5024861012,2022-10-08,52.53689,9.70311,250.0,Henjeskamp
hexenroehrling,5027715594,2022-10-23,53.1235,10.2904,250.0,TK25 Blatt 2827/4 - Lüneburger Heide / Betzendorf
hexenroehrling,3963404185,2022-11-01,52.28297,10.47336,97.0,
hexenroehrling,3963623670,2022-11-01,52.28261,10.47305,29.0,
hexenroehrling,5013636976,2022-11-06,52.27016,11.05052,250.0,Lappwald bei Walbeck
hexenroehrling,5016855252,2022-11-04,52.5692,10.1215,250.0,Nienhagen - Felder B 214
hexenroehrling,5017067427,2021-01-10,52.33543,9.32122,250.0,Waldgebiet bei Beckedorf
hexenroehrling,5024617103,2021-02-06,51.67549,10.95922,250.0,Krugberg Allrode
hexenroehrling,3301987224,2021-06-01,51.96312,10.56969,2419.0,
hexenroehrling,5026712649,2021-07-15,53.36184,11.12677,250.0,Große Heide bei Goldenitz
hexenroehrling,5014368813,2021-08-27,53.14502,9.89842,250.0,Heideflächen westl. von Nieder-Haverbeck
hexenroehrling,5020360536,2021-09-04,52.49511,9.38095,250.0,Steinhuder Meer (Ostufer)
hexenroehrling,5021640015,2021-09-11,52.44976,9.14762,250.0,Klosterwald Loccum
hexenroehrling,5025044374,2021-09-03,53.16782,9.94567,250.0,Wilseder Berg u. umgebende Heideflächen
hexenroehrling,5027165761,2021-09-03,52.16693,9.42631,25.0,Süntel: Süd
hexenroehrling,5015823398,2021-11-06,52.29189,9.46026,250.0,Deister Nordostseite
hexenroehrling,5020501606,2021-11-19,52.05266,10.17419,25.0,TK25 Blatt 3927/1 - Baddeckenstedt
hexenroehrling,2814003498,2020-06-28,52.10805,10.38604,263.0,
hexenroehrling,5020543964,2020-07-02,51.85126,10.54749,250.0,Radau mit Radauwasserfall
hexenroehrling,5013174868,2020-09-11,52.43345,9.74911,250.0,Langenhagen: Langenforth
hexenroehrling,5015107254,2020-09-06,51.8581,10.31458,25.0,TK25 Blatt 4127/2 - Harz / Lautenthal
hexenroehrling,5017817208,2020-10-13,51.67549,10.95922,250.0,Krugberg Allrode
hexenroehrling,5016846940,2020-11-07,53.04181,10.46561,250.0,Brennholz - Ebstorf - UE
hexenroehrling,5023582777,2020-11-08,53.28592,10.70172,25.0,TK25 Blatt 2730/1 - Elbe / Bleckede / Breetze
hexenroehrling,5025064725,2020-11-05,52.98749,10.2512,250.0,Lintzel Blauer Waldpfad
hexenroehrling,5013389940,2019-10-25,52.25471,9.56703,250.0,Deister Ostseite
hexenroehrling,5023805594,2019-10-27,51.81221,9.64423,250.0,MTB 4123/4/4 Waldgebiet Solling
hexenroehrling,5025460817,2019-11-02,52.98749,10.2512,250.0,Lintzel Blauer Waldpfad
hexenroehrling,5027480596,2017-05-20,51.75121,10.27483,250.0,Waldgebiet westlich Lerbach
hexenroehrling,4438933304,2017-06-04,51.73788,10.61483,1376.0,
hexenroehrling,5176918611,2017-08-04,51.68756,10.7842,26164.0,
hexenroehrling,3017960867,2017-10-16,53.4283,9.84654,,
hexenroehrling,5020729528,2017-10-08,53.27724,10.43425,250.0,"Adendorf, Kirchwald"
hexenroehrling,5021053201,2017-10-21,52.82284,11.50738,250.0,"Heiligenfelde, Mühlenberg und Kiesgrube"
hexenroehrling,5026938015,2017-10-08,53.27726,10.44079,250.0,"Adendorf, zwischen Kirchweg und Bahn"
hexenroehrling,5014614942,2016-06-11,51.74165,11.07199,250.0,Elzeberg
hexenroehrling,2988906456,2016-07-10,53.0752,10.28526,,"Wettenbostel, NWR Süsing - 09ÜK_F"
hexenroehrling,5026607901,2016-10-23,51.82944,9.90375,250.0,Waldgebiet am Aussichtsturm Altendorfer Berg
hexenroehrling,1143548996,2015-09-20,52.26339,10.55477,88.0,
hexenroehrling,1831107187,2015-09-19,52.63222,10.56311,26004.0,
hexenroehrling,2005273561,2015-09-02,52.24809,10.67157,26068.0,
hexenroehrling,5023174448,2015-09-20,53.2488,10.69177,25.0,TK25 Blatt 2730/1 - Elbe / Bleckede / Breetze
hexenroehrling,5027119309,2015-09-28,52.9083,10.38201,250.0,Bahnsen Hochspannungstrasse Heideflächen
hexenroehrling,5016624601,2015-10-04,53.26696,10.59719,250.0,Buckelgräberfeld Boltersen
netzhexe,6341860108,2026-05-30,52.13077,9.33922,7.0,HM Hameln
netzhexe,6398714358,2026-06-13,52.33617,9.75874,31.0,
netzhexe,6400842649,2026-06-03,51.82335,11.70637,4.0,
netzhexe,6410695739,2026-06-28,52.00259,9.65228,6.0,HI Duinger Teiche
netzhexe,6410713620,2026-06-02,52.20908,9.47313,4.0,HM Bad Münder am Deister
netzhexe,6411114650,2026-06-17,52.13323,9.98047,3.0,HI Hildesheim (Kern)
netzhexe,6411195742,2026-06-27,52.40344,9.91429,6.0,LSG Altwarmbüchener Moor - Ahltener Wald
netzhexe,6411229117,2026-06-08,52.04924,10.08684,29.0,HI Bockenem
netzhexe,6411335717,2026-06-21,52.19274,9.29051,6.0,Uhu-Brutplätze im Weserbergland - N2000
netzhexe,6411594230,2026-06-15,51.58623,10.6396,,Grünes Band Thüringen
netzhexe,6412146500,2026-06-25,52.18506,9.89508,8.0,HI LSG Giesener Berge und Teiche
netzhexe,6412580206,2026-06-18,51.82346,11.70678,,Sachsen-Anhalt - FH Anhalt: Campus Bernburg
netzhexe,6412862706,2026-06-28,52.00252,9.6524,11.0,HI Duinger Teiche
netzhexe,6424042539,2026-06-28,52.09723,9.32594,4.0,LSG Hamelner Stadtforsten (Südwest)
netzhexe,6424095619,2026-06-27,51.98745,9.24947,10.0,HM Bad Pyrmont
netzhexe,6424117381,2026-06-29,52.12505,10.14844,6.0,HI LSG Vorholzer Bergland
netzhexe,6431752516,2026-06-27,51.9867,9.25054,40.0,
netzhexe,6423897577,2026-07-04,52.15923,9.52913,,NSG Saupark
netzhexe,6448988297,2026-07-15,52.05592,10.19512,19.0,HI LSG Hainberg
netzhexe,6449428596,2026-07-15,52.06962,10.17766,10.0,HI Holle
netzhexe,6451521011,2026-07-18,52.11194,10.34075,8.0,
netzhexe,6479163170,2026-07-29,52.95201,10.55237,1358.0,
netzhexe,5180659803,2025-06-03,51.79616,11.15583,70.0,HZ Harz (Landkreis)
netzhexe,5186862471,2025-06-13,51.96075,10.53614,10.0,GS Goslar (Landkreis)
netzhexe,5198902793,2025-06-11,51.8235,11.70715,4.0,
netzhexe,5199033855,2025-06-11,52.03685,10.38445,10.0,
netzhexe,5199250415,2025-06-15,52.11475,9.48348,61.0,
netzhexe,6130230446,2025-06-09,52.14694,9.90837,5.0,
netzhexe,5234318735,2025-07-23,51.74238,11.48941,,Aschersleben-Staßfurt (Landkreis)
netzhexe,5234340196,2025-07-23,51.74238,11.48941,,Aschersleben-Staßfurt (Landkreis)
netzhexe,5234377073,2025-07-23,51.81024,9.73353,,NOM Northeim (Landkreis)
netzhexe,5234405629,2025-07-23,52.18876,9.46109,5.0,HM Hameln-Pyrmont (Landkreis)
netzhexe,5234412753,2025-07-21,52.19639,10.57961,11.0,WF Wolfenbüttel
netzhexe,5234498854,2025-07-23,51.5408,9.93846,,GÖ Göttingen Zentralcampus
netzhexe,5234804240,2025-07-25,52.11468,10.32147,12.0,LSG Waldgürtel zwischen Salzgitter-Osterlinde und Salzgitter
netzhexe,5234912339,2025-07-23,52.25657,10.53549,9.0,BS Braunschweig (Kreisfreie Stadt)
netzhexe,5235080644,2025-07-22,51.50722,10.27032,9.0,GÖ Duderstadt
netzhexe,5235103431,2025-07-22,52.25624,10.75015,,HE Helmstedt (Landkreis)
netzhexe,5235147022,2025-07-23,52.86522,9.56764,,LSG Böhmetal
netzhexe,5237904302,2025-07-26,51.57583,9.9498,4.0,
netzhexe,5238285978,2025-07-24,51.56084,9.96582,,
netzhexe,5282691928,2025-07-29,51.99759,10.4268,12.0,GS Goslar (Landkreis)
netzhexe,5282732121,2025-07-28,51.88336,10.65071,,"Rohnberg, Westerberg und Köhlerholz bei Ilsenburg - N2000"
netzhexe,5282754560,2025-07-28,51.88336,10.65071,,"Rohnberg, Westerberg und Köhlerholz bei Ilsenburg - N2000"
netzhexe,5282801661,2025-07-28,52.41679,10.71951,,WOB Wolfsburg (Kreisfreie Stadt)
netzhexe,5282859017,2025-07-30,52.27923,10.4688,61.0,BS Braunschweig (Kreisfreie Stadt)
netzhexe,5282918334,2025-07-29,51.99762,10.4267,18.0,GS Goslar (Landkreis)
netzhexe,5283179418,2025-07-30,52.10546,9.29682,,HM Hameln
netzhexe,5283333485,2025-07-28,51.88531,10.54413,,GS Bad Harzburg
netzhexe,5283447539,2025-07-31,51.58871,9.95999,7.0,GÖ Plesseforst
netzhexe,5283519539,2025-07-31,52.02007,10.1821,,HI Hildesheim (Landkreis)
netzhexe,5283552527,2025-07-29,52.18729,9.07784,,SHG Schaumburg (Landkreis)
netzhexe,5283564653,2025-07-30,52.27979,10.46845,6.0,BS Braunschweig (Kreisfreie Stadt)
netzhexe,5889811787,2025-07-29,51.64668,9.80172,26164.0,
netzhexe,6400481710,2025-07-26,52.25877,9.52476,18.0,
netzhexe,6412010604,2025-07-28,51.59128,9.95442,12.0,GÖ Plesseforst
netzhexe,6412467859,2025-07-30,52.41566,10.72893,,WOB Wolfsburg (Kreisfreie Stadt)
netzhexe,6412649661,2025-07-31,53.26201,10.38203,,LG Lüneburg (Landkreis)
netzhexe,5281669868,2025-08-02,51.74546,9.10901,25.0,"Hinnenburger Forst, südl. Emder Höhe"
netzhexe,5281768635,2025-08-03,51.52883,10.2269,,
netzhexe,5281775033,2025-08-02,52.13232,9.3723,,
netzhexe,5282712987,2025-08-02,52.22835,11.01871,3.0,HE Helmstedt (Landkreis)
netzhexe,5282815827,2025-08-03,51.56776,9.95307,5.0,GÖ Plesseforst
netzhexe,5282890257,2025-08-01,52.14527,10.78707,,WF Wolfenbüttel (Landkreis)
netzhexe,5282913337,2025-08-03,52.0582,10.19676,10.0,"WF LSG Hainberg, Wohldenberg, Braune Heide, Klein Rhüdener H"
netzhexe,5283216398,2025-08-03,51.68562,9.01634,,HX Höxter (Kreis)
netzhexe,5283237013,2025-08-01,52.14526,10.78711,,WF Wolfenbüttel (Landkreis)
netzhexe,5283438386,2025-08-01,52.14024,10.80283,,"LSG Lah, Küblinger Trift und angrenzende Landschaftsteile"
netzhexe,5291796414,2025-08-09,52.04682,10.37836,5.0,
netzhexe,5292865539,2025-08-10,51.8239,10.89957,6.0,
netzhexe,5292880860,2025-08-09,52.14837,9.8991,8.0,
netzhexe,5760835030,2025-08-02,51.58467,10.32803,,
netzhexe,5868077050,2025-08-05,52.40955,10.75585,12.0,
netzhexe,5832280949,2025-09-25,52.44358,9.7969,,Hannover
netzhexe,4875314526,2024-06-01,52.3712,9.70029,863.0,
netzhexe,4891783019,2024-06-05,51.93278,10.44254,9159.0,
netzhexe,4931208948,2024-06-09,52.14744,9.94158,,HI Hildesheim (Kern)
netzhexe,4933180871,2024-06-28,53.43598,9.99535,16.0,Hamburg
netzhexe,5021017380,2024-06-20,51.56933,11.4937,250.0,Benndorf Ortslage
netzhexe,5021168294,2024-06-20,51.58202,11.49138,250.0,Klostermansfeld Friedhof und Umgebung
netzhexe,5062778648,2024-06-29,52.52817,9.74989,3.0,
netzhexe,4919280423,2024-07-14,51.69036,10.8552,4.0,
netzhexe,4919514557,2024-07-26,52.34684,9.71577,59.0,
netzhexe,4931617214,2024-07-13,52.13411,9.97965,25.0,HI Hildesheim (Kern)
netzhexe,4931774543,2024-07-13,52.06482,10.00417,7.0,Hildesheimer Wald - N2000
netzhexe,4931956604,2024-07-23,52.35991,9.74605,,Hannover
netzhexe,4932370634,2024-07-27,52.44127,10.80905,,WOB Wolfsburg (Kreisfreie Stadt)
netzhexe,4932791894,2024-07-14,52.35247,9.87116,,Hannover
netzhexe,4932992187,2024-07-19,52.41791,10.78107,8.0,WOB Wolfsburg (Kreisfreie Stadt)
netzhexe,4933228975,2024-07-07,52.00745,9.69661,20.0,HI Hildesheim (Landkreis)
netzhexe,4933487845,2024-07-11,51.64974,9.38423,7.0,HOL Holzminden (Landkreis)
netzhexe,4935350701,2024-07-27,52.23434,10.48155,,BS Braunschweig (Kreisfreie Stadt)
netzhexe,5006793608,2024-07-13,52.16702,9.03161,426.0,
netzhexe,5282921199,2024-07-24,52.38267,9.71098,48.0,H Hannover Georgengarten
netzhexe,5889668832,2024-07-27,52.44127,10.80905,,
netzhexe,6424380582,2024-07-14,52.26364,10.56415,5.0,BS Braunschweig (Kreisfreie Stadt)
netzhexe,4921464930,2024-08-05,52.17518,9.32684,10.0,
netzhexe,4923729747,2024-08-08,51.71878,11.23632,20.0,
netzhexe,4924050483,2024-08-07,52.27274,10.57227,14.0,
netzhexe,4931626159,2024-08-02,52.26937,10.54316,,BS Braunschweig (Kreisfreie Stadt)
netzhexe,4932448381,2024-08-09,52.05383,10.19941,10.0,"WF LSG Hainberg, Wohldenberg, Braune Heide, Klein Rhüdener H"
netzhexe,4935382557,2024-08-03,52.36,9.74605,,Hannover
netzhexe,4935439761,2024-08-04,51.92442,10.401,,GS Goslar (Landkreis)
netzhexe,4935464246,2024-08-04,52.12568,10.29643,,SZ Salzgitter (Kreisfreie Stadt)
netzhexe,4956040564,2024-08-28,52.39548,9.70422,,Hannover
netzhexe,5014814078,2024-08-04,52.13075,9.62505,250.0,Osterwald
netzhexe,5014940684,2024-08-17,52.13075,9.62505,250.0,Osterwald
netzhexe,5016810573,2024-08-08,52.12362,10.20709,250.0,TK25 Blatt 3827/3 - Burgdorf (Baddeckenstedt)
netzhexe,5022077471,2024-08-06,52.31195,9.60071,250.0,Gehrden
netzhexe,5022981880,2024-08-13,51.57891,10.60747,250.0,Walkenried Karstgebiet
netzhexe,5028442695,2024-08-04,52.06026,9.64841,250.0,"Thüster Berg,Kansteinhütte"
netzhexe,5062833326,2024-08-06,52.35269,9.7474,14.0,
netzhexe,4952808183,2024-09-27,52.19994,9.93777,26100.0,
netzhexe,5028055411,2024-09-23,51.90824,10.42784,250.0,Goslar Stadtgebiet
netzhexe,5205884441,2024-09-18,52.08227,10.22959,5.0,
netzhexe,4954301537,2024-10-01,51.58782,9.87158,,
netzhexe,5013099449,2024-10-06,52.30326,10.61235,25.0,BS-NO
netzhexe,5017302135,2024-10-04,52.30459,10.61156,250.0,BS-NO
netzhexe,5023073954,2024-10-04,52.30459,10.61156,250.0,BS-NO
netzhexe,5019644429,2024-11-03,51.81932,9.50098,25.0,TK25 Blatt 4123/3 - Solling / Holzminden (West)
netzhexe,4120851309,2023-05-22,51.5584,9.96475,2.0,
netzhexe,4121200284,2023-05-18,51.5584,9.9647,4.0,
netzhexe,4121418531,2023-05-20,52.03794,10.31742,5.0,
netzhexe,4157670167,2023-05-18,51.5584,9.9647,5.0,GÖ Göttingen (Stadt)
netzhexe,4157746547,2023-05-18,51.55836,9.96467,5.0,GÖ Göttingen (Stadt)
netzhexe,4159909815,2023-05-30,51.90431,10.41258,,GS Goslar (Landkreis)
netzhexe,4160559462,2023-06-28,52.15845,10.54088,66.0,WF Wolfenbüttel
netzhexe,4160615622,2023-06-30,51.50275,9.9718,4.0,GÖ LSG Leinetal
netzhexe,4160721565,2023-06-30,51.50275,9.97182,3.0,GÖ LSG Leinetal
netzhexe,5022498722,2023-06-21,51.80424,9.11126,250.0,Nieheim - Kernstadt
netzhexe,4145703883,2023-07-02,52.10706,10.38991,9.0,
netzhexe,4153404948,2023-07-06,51.55865,9.95086,32.0,
netzhexe,4153442430,2023-07-06,51.55705,9.94837,24.0,
netzhexe,4153490529,2023-07-06,52.25742,10.45959,16.0,
netzhexe,4153606058,2023-07-10,52.33609,9.78987,242.0,
netzhexe,4153666049,2023-07-05,52.32693,9.68681,15.0,
netzhexe,4153683666,2023-07-07,51.68922,9.91326,9.0,
netzhexe,4153892084,2023-07-09,51.78123,9.37323,8.0,
netzhexe,4153961160,2023-07-05,51.55943,9.96016,32.0,
netzhexe,4153966035,2023-07-09,51.5067,10.00295,17.0,
netzhexe,4162263692,2023-07-10,52.33683,9.79433,242.0,
netzhexe,4162461954,2023-07-16,51.72184,11.25311,3.0,
netzhexe,4408207062,2023-07-06,51.57484,9.46088,19.0,KS Kassel (Landkreis)
netzhexe,4408539276,2023-07-06,52.15888,10.53989,,LSG Wallanlagen der Stadt Wolfenbüttel
netzhexe,4408689674,2023-07-06,52.22844,11.01865,15.0,HE Helmstedt (Landkreis)
netzhexe,4408821699,2023-07-03,51.975,10.71571,283.0,Halberstadt (ehem. Landkreis)
netzhexe,4409376656,2023-07-13,52.24004,9.61898,,LSG Norddeister
netzhexe,4409391435,2023-07-11,52.03235,10.20758,30.0,"WF LSG Hainberg, Wohldenberg, Braune Heide, Klein Rhüdener H"
netzhexe,4512048192,2023-07-14,51.92738,10.06566,1365.0,
netzhexe,4527957938,2023-07-10,52.3357,9.79431,66.0,
netzhexe,4935142637,2023-07-02,52.13691,9.92191,7.0,HI Hildesheim (Kern)
netzhexe,5022815961,2023-07-07,51.87143,11.37495,250.0,NSG Hakel (Kleiner Hakel) + Feld
netzhexe,5026661778,2023-07-07,51.88652,9.86215,25.0,TK25 Blatt 4125/1 - Brunsen / Stroit / Naensen
netzhexe,5026891254,2023-07-07,51.87574,11.37598,25.0,NSG Hakel (Kleiner Hakel) + Feld
netzhexe,4171838091,2023-08-05,51.73651,9.03531,72.0,
netzhexe,4405129139,2023-08-20,52.32321,10.67398,,
netzhexe,4405451319,2023-08-20,52.25937,10.54831,44.0,
netzhexe,4408725945,2023-08-07,52.29087,9.52352,100.0,WL Barsinghausen Egestorf
netzhexe,4410090986,2023-08-31,52.20204,9.56033,6.0,H Hannover (Region)
netzhexe,4438777959,2023-08-18,52.37055,9.69213,,
netzhexe,4506411029,2023-08-02,51.5139,10.18455,7.0,
netzhexe,4516227884,2023-08-21,52.37996,9.67658,,
netzhexe,4516318939,2023-08-18,51.50237,11.94519,20.0,
netzhexe,4535852838,2023-08-19,52.18543,9.89645,12.0,
netzhexe,5017126885,2023-08-19,52.44352,9.7967,250.0,Garten mit Teich
netzhexe,5018671802,2023-08-27,52.13775,9.66159,250.0,Wald beim Kloster Wülfinghausen
netzhexe,5023827508,2023-08-15,53.22099,10.42791,250.0,"Tiergarten, Lüneburg"
netzhexe,5231617781,2023-08-18,52.10068,9.39893,,
netzhexe,6412199879,2023-08-01,53.22614,10.80908,166.0,LG Bleckede
netzhexe,6412685398,2023-08-22,52.38833,9.7061,4.0,Hannover
netzhexe,4535868893,2023-09-01,52.27089,10.48087,28.0,
netzhexe,5026362364,2023-10-15,53.14852,10.47684,250.0,"Bienenbüttel, Ilmenau-Vierenbachtal, Hohnstorf"
netzhexe,3996511842,2022-07-14,52.26632,9.05722,25.0,SHG Schaumburg (Landkreis)
netzhexe,3905193467,2022-08-02,52.13224,9.34296,9.0,HM Hameln
netzhexe,4855031996,2022-08-30,52.08612,10.08659,3812.0,
netzhexe,4006618572,2022-09-16,52.4436,10.80414,,
netzhexe,5012571632,2021-02-07,51.67367,10.95698,250.0,TK25 Blatt 4331/2 - Harz / Allrode
netzhexe,3307355629,2021-06-15,52.25005,10.49103,3.0,
netzhexe,3307363636,2021-06-14,51.72192,11.25262,5.0,
netzhexe,3320871901,2021-06-26,52.1981,10.76284,17.0,
netzhexe,3325536101,2021-07-05,52.21252,10.51302,789.0,
netzhexe,3327672268,2021-07-12,52.27145,10.48037,8.0,
netzhexe,3330712242,2021-07-20,51.552,9.94916,24.0,
netzhexe,3330719633,2021-07-16,51.54361,9.94933,16.0,
netzhexe,3335104011,2021-07-23,52.05092,9.6409,3655.0,
netzhexe,3335185968,2021-07-23,52.05092,9.6409,3655.0,
netzhexe,4516657775,2021-07-19,51.78622,10.96247,,
netzhexe,4855287421,2021-07-14,52.25071,10.49396,11.0,
netzhexe,5013622240,2021-07-23,52.0627,9.59896,25.0,TK25 Blatt 3923/2 - Salzhemmendorf / Oldendorf
netzhexe,5013692089,2021-07-10,51.8174,9.89742,25.0,NSG Altendorfer Berg
netzhexe,5018726730,2021-07-13,51.89183,9.85341,25.0,Stroit
netzhexe,5019965037,2021-07-13,51.96118,10.05169,250.0,Heber; Klosterforst
netzhexe,5020246832,2021-07-06,52.29107,9.52448,25.0,Feldmark nordöstlich von Egestorf/Deister mit div. Deisterbä
netzhexe,5021102431,2021-07-05,52.2878,10.51378,250.0,Braunschweig
netzhexe,3384952072,2021-09-15,52.44676,10.80819,176.0,
netzhexe,5013751773,2021-09-08,52.34075,9.65007,25.0,TK25 Blatt 3623/4 - Gehrden / Ronnenberg
netzhexe,5015168782,2021-09-04,52.49511,9.38095,250.0,Steinhuder Meer (Ostufer)
netzhexe,5023262125,2021-09-07,51.89184,9.85341,25.0,Stroit
netzhexe,5086881055,2021-09-12,52.27601,10.57689,14.0,
netzhexe,2803053926,2020-06-20,51.69523,9.86782,372.0,
netzhexe,2803160421,2020-06-24,51.9222,10.42283,751.0,
netzhexe,2984381401,2020-06-24,52.04629,10.37909,8.0,
netzhexe,3925456369,2020-06-25,52.20876,10.33934,385.0,
netzhexe,2823253709,2020-07-17,52.31984,9.55417,65.0,
netzhexe,2984558412,2020-07-16,52.25035,10.49394,5.0,
netzhexe,4527952408,2020-08-29,52.35186,9.74848,7.0,
netzhexe,4930485602,2020-08-29,52.02831,9.34049,30.0,HM Hameln-Pyrmont (Landkreis)
netzhexe,5023309615,2020-08-29,51.58315,10.00169,25.0,TK25 Blatt 4426/1 - Roringen / Waake / Holzerode
netzhexe,2860041506,2020-09-03,51.81616,10.24188,1414.0,
netzhexe,5022460079,2020-10-03,51.67367,10.95698,250.0,TK25 Blatt 4331/2 - Harz / Allrode
netzhexe,5023382129,2020-10-26,51.67367,10.95698,250.0,TK25 Blatt 4331/2 - Harz / Allrode
netzhexe,3995166001,2019-06-16,51.63239,9.31154,5.0,HX Höxter (Kreis)
netzhexe,5027859741,2019-06-19,52.33872,9.87714,25.0,TK25 Blatt 3625/3 - Hannover / Wülferode
netzhexe,5024405551,2017-07-10,51.98649,9.83254,25.0,Antonia -Teich
netzhexe,5022150413,2017-08-02,51.5222,10.90633,250.0,"Stempeda, NSG Alter Stolberg, Königskopf,"
netzhexe,5018430489,2016-06-07,51.98656,9.83276,25.0,TK25 Blatt 4025/1 - Leine / Förste / Wispenstein / Hörsum
netzhexe,3947738304,2015-09-25,52.28011,10.5473,5.0,
netzhexe,5027236417,2015-09-05,51.74279,11.09817,250.0,Rumberg
reizker,6479231679,2026-07-26,53.09303,10.5835,1506.0,
reizker,5837829164,2025-09-28,52.05166,10.98178,1075239.0,
reizker,5868039023,2025-10-17,52.42257,11.69213,,
reizker,5871915829,2025-10-14,51.78271,11.96156,250.0,Elsdorfer Sandkiete
reizker,5889424302,2025-10-31,52.50126,11.44508,,
reizker,5889995475,2025-10-26,52.73363,10.47742,20.0,
reizker,5892259985,2025-10-22,52.90248,9.55038,250.0,Grundloses Moor und Grundloser See bei Walsrode
reizker,6137480398,2025-10-22,53.18064,9.86856,250.0,Haus Ehrhorn & Umgebung
reizker,6183618346,2025-10-22,53.18173,9.86983,14.0,LG VSG Lüneburger Heide
reizker,5901329377,2025-11-16,53.14607,9.81594,5.0,HK - Camp Reinsehlen
reizker,4946709352,2024-09-14,53.03121,9.26844,3.0,
reizker,4976580566,2024-10-26,52.71988,10.45023,9.0,
reizker,4980595107,2024-10-26,52.71869,10.4597,9.0,
reizker,4985395528,2024-10-08,53.27035,10.68387,4.0,LG Bleckede
reizker,4985664817,2024-10-14,53.26647,10.68467,14.0,LG Bleckede
reizker,4986546498,2024-10-08,53.27163,10.6843,5.0,LG Bleckede
reizker,5017561582,2024-10-07,52.93105,9.47159,250.0,"Lehrdetal mit Wald zwischen Wassermühle Stellichte, Gross He"
reizker,5018092691,2024-10-17,52.4977,9.34668,250.0,Steinhuder Meer Nordufer bei der Alten Moorhütte
reizker,5024353246,2024-10-23,52.36751,11.27803,250.0,Calvörder Berge (nordost)
reizker,5087169491,2024-10-30,53.03171,9.26877,15.0,
reizker,5897006567,2024-10-11,53.19414,10.41096,250.0,"Melbeck, östlich B 4"
reizker,6398599225,2024-10-22,51.50173,11.89387,8.0,
reizker,5014171422,2024-11-16,52.4977,9.34668,250.0,Steinhuder Meer Nordufer bei der Alten Moorhütte
reizker,5023699277,2024-11-16,53.42038,11.35265,250.0,Waldgebiet bei Kraak
reizker,5037090260,2024-11-16,52.90816,10.3113,25972.0,
reizker,5896995931,2024-11-17,53.1836,10.51181,250.0,Bienenbüttel - Forst Jungfrau
reizker,5023222668,2023-08-18,53.15382,10.42026,250.0,"Melbeck, Wald zwischen B4 und L233 bzw. Forellenbachtal"
reizker,5025202824,2023-08-05,53.2341,10.4328,250.0,"Lüneburg, Waldfriedhof"
reizker,5025758405,2023-09-12,51.8171,10.97483,250.0,Heers
reizker,5025818924,2023-09-24,53.40372,11.40753,250.0,Waldgebiet östl. Jasnitz
reizker,4461193292,2023-10-24,53.27032,10.68336,7.0,LG Bleckede
reizker,5012637794,2023-10-29,53.19414,10.41096,250.0,"Melbeck, östlich B 4"
reizker,5014283335,2023-10-28,53.15017,9.82332,250.0,Camp Reinsehlen
reizker,5016637362,2023-10-29,53.42038,11.35265,250.0,Waldgebiet bei Kraak
reizker,5017092881,2023-10-29,53.23711,9.87837,250.0,Inzmühlener Moor & Umgebung
reizker,5017625726,2023-10-24,53.19414,10.41096,250.0,"Melbeck, östlich B 4"
reizker,5017979653,2023-10-11,53.15783,10.55401,250.0,Solchstorf SW - UE
reizker,5018231806,2023-10-15,53.15382,10.42026,250.0,"Melbeck, Wald zwischen B4 und L233 bzw. Forellenbachtal"
reizker,5019816977,2023-10-08,53.45808,11.24365,250.0,Viezer Heide (TÜP) und umgebender Wald
reizker,5023548526,2023-10-11,53.2341,10.4328,250.0,"Lüneburg, Waldfriedhof"
reizker,5026143555,2023-10-21,52.53689,9.70311,250.0,Henjeskamp
reizker,4925933282,2023-11-05,53.21805,9.18929,4.0,
reizker,4925950717,2023-11-06,53.15774,9.08413,3.0,
reizker,5021398930,2023-11-11,53.30104,11.15872,250.0,Nationales Naturerbe Lübtheener Heide
reizker,5027728547,2023-11-01,53.15382,10.42026,250.0,"Melbeck, Wald zwischen B4 und L233 bzw. Forellenbachtal"
reizker,5027742997,2023-12-25,53.40372,11.40753,250.0,Waldgebiet östl. Jasnitz
reizker,3995318914,2022-09-11,53.23617,10.70964,25.0,LG Lüneburg (Landkreis)
reizker,3925183192,2022-10-07,52.50451,11.34293,26036.0,
reizker,3925365474,2022-10-09,52.55483,10.21619,168.0,
reizker,3947456896,2022-10-08,52.9704,10.24552,51.0,
reizker,3947597243,2022-10-13,52.55564,10.21475,150.0,
reizker,3947748056,2022-10-11,53.29287,10.23172,87.0,
reizker,3985738902,2022-10-23,53.10908,10.99727,8070.0,
reizker,3996553003,2022-10-13,53.17777,10.46335,25.0,NSG Dieksbeck
reizker,5016730973,2022-10-18,53.45808,11.24365,250.0,Viezer Heide (TÜP) und umgebender Wald
reizker,5022099222,2022-11-06,52.27016,11.05052,250.0,Lappwald bei Walbeck
reizker,5026259975,2022-11-03,53.18649,10.36843,250.0,Am alten Werk
reizker,5015715742,2021-09-04,52.49511,9.38095,250.0,Steinhuder Meer (Ostufer)
reizker,5018671690,2021-09-19,52.52357,9.8738,250.0,TK25 Blatt 3425/3 - Burgwedel / Kleinburgwedel
reizker,5019217382,2021-10-26,53.1235,11.30407,250.0,NSG Binnendünen bei Klein Schmölen und NSG Löcknitztal-Altla
reizker,4058058782,2020-10-06,53.27625,10.69774,,LG Lüneburg (Landkreis)
reizker,4058206104,2020-10-31,53.27606,10.71271,,Elbe - Bleckede
reizker,4058279836,2020-10-03,53.27089,10.68605,,LG Lüneburg (Landkreis)
reizker,4058376937,2020-10-06,53.27563,10.70443,,Elbe - Bleckede
reizker,5015933055,2020-10-31,53.27606,10.71271,25.0,TK25 Blatt 2730/1 - Elbe / Bleckede / Breetze
reizker,5016863266,2020-10-03,53.27089,10.68605,25.0,TK25 Blatt 2730/1 - Elbe / Bleckede / Breetze
reizker,5017783943,2020-10-06,52.4977,9.34668,250.0,Steinhuder Meer Nordufer bei der Alten Moorhütte
reizker,5018075405,2020-10-10,53.45808,11.24365,250.0,Viezer Heide (TÜP) und umgebender Wald
reizker,5021929948,2020-10-06,53.27625,10.69774,25.0,TK25 Blatt 2730/1 - Elbe / Bleckede / Breetze
reizker,2988672596,2020-11-21,52.07164,10.3623,174.0,
reizker,2992874983,2020-11-21,52.07196,10.35871,9.0,
reizker,4057774267,2020-11-08,53.27621,10.7128,,Elbe - Bleckede
reizker,5015471566,2020-11-08,53.27621,10.7128,25.0,TK25 Blatt 2730/1 - Elbe / Bleckede / Breetze
reizker,5022743832,2020-11-03,52.79293,9.66434,250.0,Heide bei Krelingen
reizker,4058251379,2020-12-25,53.26016,10.68971,,LG Lüneburg (Landkreis)
reizker,5024187149,2020-12-25,53.26016,10.68971,25.0,TK25 Blatt 2730/1 - Elbe / Bleckede / Breetze
reizker,5014462691,2019-10-27,53.27459,10.68839,25.0,TK25 Blatt 2730/1 - Elbe / Bleckede / Breetze
reizker,5015838968,2019-10-17,53.26238,10.71846,25.0,TK25 Blatt 2730/1 - Elbe / Bleckede / Breetze
reizker,5023084093,2019-10-20,53.27578,10.69454,25.0,TK25 Blatt 2730/1 - Elbe / Bleckede / Breetze
reizker,5025604883,2019-10-21,51.5237,11.95683,250.0,TK25 Blatt 4437/4 - Halle (Saale)-Nord
reizker,5016139343,2019-11-23,53.19251,10.50131,250.0,Elbeseitenkanal Wulfsdorf-Wendisch Evern
reizker,5021964529,2019-11-18,51.5237,11.95683,250.0,TK25 Blatt 4437/4 - Halle (Saale)-Nord
reizker,1668892189,2017-10-03,51.76951,10.67763,5.0,
reizker,5013964184,2017-10-18,52.26595,11.78575,250.0,Niegripper See mit angrenzendem Altkanal
reizker,5024940702,2017-10-21,52.82284,11.50738,250.0,"Heiligenfelde, Mühlenberg und Kiesgrube"
reizker,5027059815,2017-11-04,53.15017,9.82332,250.0,Camp Reinsehlen
reizker,1453187132,2016-11-01,51.83644,10.58053,5.0,
reizker,1305114850,2015-09-19,52.69261,10.46414,25988.0,
krauseglucke,5087120810,2025-01-11,53.26013,10.48679,2.0,
krauseglucke,5135464099,2025-01-20,53.45351,9.6829,250.0,Buxtehude - Estetal
krauseglucke,5902070299,2025-08-25,53.18673,10.4249,,LG NSG Ilmenauniederung mit Tiergarten
krauseglucke,5796946992,2025-09-10,53.48167,10.24972,,RZ Herzogtum Lauenburg (Landkreis)
krauseglucke,5797122039,2025-09-10,53.01163,10.74121,800.0,UE Uelzen (Landkreis)
krauseglucke,5827479572,2025-09-14,51.71594,11.07898,522.0,
krauseglucke,5827792320,2025-09-10,53.48163,10.24968,25.0,
krauseglucke,5827881632,2025-09-13,53.01636,9.27358,2.0,
krauseglucke,5837349186,2025-09-26,52.53689,9.70311,250.0,Henjeskamp
krauseglucke,5837904563,2025-09-21,53.21634,9.23195,17.0,
krauseglucke,5838297890,2025-09-21,53.21636,9.23204,3.0,
krauseglucke,5902390924,2025-09-10,51.87011,10.04592,,NOM Northeim (Landkreis)
krauseglucke,6147209109,2025-09-23,52.49345,10.73566,139.0,
krauseglucke,5840796394,2025-10-05,53.3987,9.01226,57.0,ROW Rotenburg (Wümme) (Landkreis)
krauseglucke,5844267181,2025-10-09,52.82722,10.22433,3.0,
krauseglucke,5844804829,2025-10-02,52.13311,9.34665,250.0,Hameln Wehlbach-Wald
krauseglucke,5868198400,2025-10-18,53.49513,10.67727,2.0,
krauseglucke,5901819782,2025-10-19,52.65001,9.63307,,HK Heidekreis (Landkreis)
krauseglucke,5902225593,2025-10-08,51.86139,10.58058,35.0,GS Bad Harzburg
krauseglucke,5902398957,2025-10-29,52.75255,9.96636,4.0,CE Celle (Landkreis)
krauseglucke,5902400259,2025-10-08,53.42651,9.87063,8.0,LSG Rosengarten - Kiekeberg - Stuvenwald
krauseglucke,5902555074,2025-10-05,53.22018,10.56197,17.0,LG LSG Lüneburger Heide
krauseglucke,5903047499,2025-10-07,53.27921,10.94536,14.0,BSR Niedersächsische Elbtalaue
krauseglucke,5903060087,2025-10-08,53.40271,9.01017,14.0,ROW Rotenburg (Wümme) (Landkreis)
krauseglucke,6159145540,2025-10-30,52.93352,9.25761,452.0,
krauseglucke,6171230226,2025-10-10,53.01638,9.2608,3.0,
krauseglucke,6411216827,2025-10-13,53.03891,10.00709,8.0,HK Heidekreis (Landkreis)
krauseglucke,5888994600,2025-11-02,52.45988,9.19221,250.0,Mischwald beim Denkhaus in Loccum
krauseglucke,5892503852,2025-11-04,53.26669,10.39859,29.0,
krauseglucke,5897211641,2025-11-19,53.21662,9.22813,25.0,
krauseglucke,5901292674,2025-11-09,53.0427,10.96458,16.0,DAN Zernien
krauseglucke,5901362798,2025-11-07,53.06082,11.44394,5.0,DAN Höhbeck
krauseglucke,5901983890,2025-11-09,53.04266,10.96433,5.0,DAN Zernien
krauseglucke,5902210285,2025-11-09,52.58767,10.49234,,GIF Ummern
krauseglucke,5902873168,2025-11-26,52.49793,10.02584,9.0,LSG Burgdorfer Holz
krauseglucke,6159218958,2025-11-02,52.93537,9.25217,95.0,
krauseglucke,5918308007,2025-12-10,53.16269,10.35739,12.0,LG Embsen
krauseglucke,4957599138,2024-09-26,53.06756,11.00397,,Drawehn - N2000
krauseglucke,6195286228,2024-09-19,52.06668,11.2434,490.0,
krauseglucke,4954754291,2024-10-12,52.98642,11.88672,170.0,
krauseglucke,4957494871,2024-10-02,52.3244,11.32265,5.0,BK Börde (Landkreis)
krauseglucke,4976285806,2024-10-26,52.71679,10.47902,8.0,
krauseglucke,4976671740,2024-10-12,52.98543,11.8802,3299.0,
krauseglucke,4981931574,2024-10-30,53.02573,9.26293,20.0,
krauseglucke,4985405560,2024-10-15,52.75866,9.91091,,Übungsplatz Bergen
krauseglucke,4985881612,2024-10-15,52.44227,10.91408,,GIF Rühen LSG Drömling
krauseglucke,4986471417,2024-10-03,53.24246,10.70812,5.0,LG Lüneburg (Landkreis)
krauseglucke,5014673967,2024-10-12,52.53689,9.70311,250.0,Henjeskamp
krauseglucke,5023290471,2024-10-04,53.40372,11.40753,250.0,Waldgebiet östl. Jasnitz
krauseglucke,5023379759,2024-10-26,52.44976,9.14762,250.0,Klosterwald Loccum
krauseglucke,5897009169,2024-10-11,53.19414,10.41096,250.0,"Melbeck, östlich B 4"
krauseglucke,4985783864,2024-11-21,53.30467,9.75738,12.0,WL Harburg (Landkreis)
krauseglucke,4986518959,2024-11-18,53.11776,9.81786,,Lüneburger Heide - N2000
krauseglucke,4994110934,2024-11-29,53.0566,9.3149,106.0,
krauseglucke,5896995971,2024-11-25,53.19414,10.41096,250.0,"Melbeck, östlich B 4"
krauseglucke,4989605267,2024-12-07,53.34842,10.06488,5.0,LSG Buchwedel und Umgebung
krauseglucke,4995577889,2024-12-10,52.49678,10.03443,5.0,LSG Burgdorfer Holz
krauseglucke,5062899121,2024-12-25,53.11534,9.81448,25.0,
krauseglucke,5135639335,2024-12-31,53.25207,10.06263,250.0,Toppenstedter Wald
krauseglucke,4177508810,2023-08-14,52.45097,10.7868,,
krauseglucke,4405288795,2023-08-22,51.50698,10.15362,519.0,
krauseglucke,4407530355,2023-09-01,52.13123,9.33217,,
krauseglucke,4407573618,2023-09-03,53.42513,9.67345,,
krauseglucke,4413754270,2023-09-08,53.19205,10.96268,2859.0,
krauseglucke,4413854333,2023-09-03,53.42477,9.67311,,
krauseglucke,4420713778,2023-09-17,53.29947,9.84843,,
krauseglucke,4438937080,2023-09-28,53.23478,9.84191,175.0,
krauseglucke,4459626545,2023-09-29,52.89212,10.0933,11.0,LSG Südheide im Landkreis Celle
krauseglucke,4459799045,2023-09-04,53.24259,9.89344,7.0,LG VSG Lüneburger Heide
krauseglucke,4460737919,2023-09-04,51.65842,10.67711,,Bergwiesen und Wolfsbachtal bei Hohegeiß - N2000
krauseglucke,4926284406,2023-09-23,53.14093,9.36876,4.0,
krauseglucke,5012583845,2023-09-24,53.40372,11.40753,250.0,Waldgebiet östl. Jasnitz
krauseglucke,5013893877,2023-09-01,52.12361,9.37388,250.0,TK25 Blatt 3822/3 - Weser / Hameln
krauseglucke,5023407837,2023-09-24,52.53001,10.23067,250.0,NSG Bohlenbruch
krauseglucke,5025636609,2023-09-09,52.45988,9.19221,250.0,Mischwald beim Denkhaus in Loccum
krauseglucke,4430542903,2023-10-03,52.74575,10.35022,809.0,
krauseglucke,4430586020,2023-10-14,52.27193,11.36439,4.0,
krauseglucke,4431229840,2023-10-22,53.05564,9.31923,25.0,
krauseglucke,4436449909,2023-10-22,52.48399,9.6759,7.0,
krauseglucke,4438818046,2023-10-06,51.51081,10.18221,2000.0,
krauseglucke,4438995337,2023-10-29,53.28118,10.1545,,
krauseglucke,4460925545,2023-10-06,53.03348,11.45074,,DAN Elbufer-Drawehn NP
krauseglucke,4461851106,2023-10-03,53.44397,9.88801,7.0,LSG Rosengarten - Kiekeberg - Stuvenwald
krauseglucke,4887994739,2023-10-29,53.12838,9.82444,28.0,LG VSG Lüneburger Heide
krauseglucke,5013374122,2023-10-18,52.45988,9.19221,250.0,Mischwald beim Denkhaus in Loccum
krauseglucke,5016000526,2023-10-23,53.15382,10.42026,250.0,"Melbeck, Wald zwischen B4 und L233 bzw. Forellenbachtal"
krauseglucke,5017881072,2023-10-28,53.11587,9.83294,250.0,Heideflächen östlich Schneverdingen
krauseglucke,5018342119,2023-10-07,52.53689,9.70311,250.0,Henjeskamp
krauseglucke,5020549649,2023-10-21,52.53689,9.70311,250.0,Henjeskamp
krauseglucke,5021089207,2023-10-14,53.09948,10.33785,250.0,Süsing
krauseglucke,5021494933,2023-10-22,52.2258,11.05208,25.0,TK25 Blatt 3732/3 - Helmstedt
krauseglucke,5024981262,2023-10-29,53.2814,10.15537,25.0,TK25 Blatt 2726/2 - Lüneburger Heide / Toppenstedt
krauseglucke,5028193821,2023-10-25,52.92466,9.58097,250.0,Ebbingen Wald zwischen Fahlbecke und Ostermoor
krauseglucke,4440653189,2023-11-11,51.62667,10.62312,24.0,
krauseglucke,4442379113,2023-11-12,52.63604,9.293,12.0,
krauseglucke,4442515510,2023-11-18,51.56549,9.97043,6.0,
krauseglucke,4460217964,2023-11-26,52.46265,9.87609,15.0,H Isernhagen LSG Obere Wietze
krauseglucke,4926207550,2023-11-01,53.14715,9.08362,12.0,
krauseglucke,5019688592,2023-11-26,52.46332,9.86434,250.0,Lohner Wald
krauseglucke,4925965011,2023-12-23,53.19179,9.18195,3.0,
krauseglucke,3994326491,2022-08-20,51.70821,11.24292,22.0,
krauseglucke,3912189185,2022-09-13,52.25175,10.46301,155.0,
krauseglucke,3912353464,2022-09-15,52.24928,10.46421,40.0,
krauseglucke,3915322995,2022-09-19,52.48325,9.67339,6.0,
krauseglucke,3923291612,2022-09-16,52.29974,10.37336,4.0,
krauseglucke,3923453761,2022-09-13,52.61445,10.01583,4.0,
krauseglucke,3923523833,2022-09-28,52.45021,10.81404,,
krauseglucke,3966630223,2022-09-11,51.51347,11.93847,1740.0,
krauseglucke,3995009855,2022-09-17,52.79509,10.86734,13.0,SAW Altmarkkreis Salzwedel (Landkreis)
krauseglucke,3995227148,2022-09-18,52.10357,9.89852,10.0,HI VSG Hildesheimer Wald
krauseglucke,3995282896,2022-09-13,52.0478,10.1722,48.0,HI LSG Hainberg
krauseglucke,3995303772,2022-09-10,53.065,10.83033,16.0,UE Uelzen (Landkreis)
krauseglucke,3995319067,2022-09-12,53.19749,10.83245,25.0,LG LSG Lüneburger Heide
krauseglucke,3995360513,2022-09-28,52.79392,10.8655,27.0,SAW Altmarkkreis Salzwedel (Landkreis)
krauseglucke,3995428252,2022-09-28,52.45021,10.81404,,"LSG Wolfsburger Moor, Butterberg und Lerchenberg"
krauseglucke,3995451120,2022-09-18,53.25276,11.99007,,PR Prignitz (Landkreis)
krauseglucke,3995487292,2022-09-10,53.06636,10.82595,74.0,UE Uelzen (Landkreis)
krauseglucke,3995514500,2022-09-24,53.24342,10.68153,5.0,LG Lüneburg (Landkreis)
krauseglucke,3995638884,2022-09-24,53.24342,10.68153,5.0,LG Lüneburg (Landkreis)
krauseglucke,3995883185,2022-09-25,52.2415,9.61469,10.0,LSG Norddeister
krauseglucke,3996174503,2022-09-10,53.14337,10.86946,5.0,Drawehn - N2000
krauseglucke,3996466029,2022-09-28,52.28645,9.21925,7.0,LSG Bückeberge
krauseglucke,3996480436,2022-09-15,53.22875,10.80674,23.0,LG LSG Lüneburger Heide
krauseglucke,3996696648,2022-09-27,52.4699,9.89026,5.0,H Isernhagen
krauseglucke,3996798664,2022-09-13,52.04771,10.17254,5.0,HI LSG Hainberg
krauseglucke,3996912757,2022-09-26,53.11735,9.83566,6.0,LG VSG Lüneburger Heide
krauseglucke,3997104309,2022-09-22,52.63214,9.65834,10.0,HK Heidekreis (Landkreis)
krauseglucke,3997142951,2022-09-30,53.21118,10.33526,9.0,LG LSG Lüneburger Heide
krauseglucke,3997157148,2022-09-18,52.10358,9.8987,20.0,HI VSG Hildesheimer Wald
krauseglucke,3997261181,2022-09-25,53.1793,10.46354,9.0,NSG Dieksbeck
krauseglucke,3997391319,2022-09-25,53.07633,9.98855,4.0,HK Heidekreis (Landkreis)
krauseglucke,3997423606,2022-09-30,51.57182,9.73847,9.0,GÖ Göttingen (Landkreis)
krauseglucke,3997510973,2022-09-18,52.28664,9.21961,6.0,LSG Bückeberge
krauseglucke,3997641767,2022-09-22,52.09131,9.32484,,LSG Hamelner Stadtforsten (Südwest)
krauseglucke,4440805669,2022-09-20,52.84063,10.32045,1589.0,
krauseglucke,4442407658,2022-09-20,52.76592,10.48916,10286.0,
krauseglucke,5013204480,2022-09-30,52.37182,10.83049,25.0,TK25 Blatt 3630/2 - Wolfsburg / Detmerode / Barnstorf
krauseglucke,5017678370,2022-09-25,52.54154,9.83,250.0,Sprillgehege
krauseglucke,5019023540,2022-09-18,52.53001,10.23067,250.0,NSG Bohlenbruch
krauseglucke,5021994543,2022-09-23,52.37226,10.82973,25.0,TK25 Blatt 3630/2 - Wolfsburg / Detmerode / Barnstorf
krauseglucke,5025467341,2022-09-15,53.16673,10.00609,250.0,Döhler Fuhren
krauseglucke,5027048045,2022-09-24,52.53689,9.70311,250.0,Henjeskamp
krauseglucke,5027337390,2022-09-17,52.44976,9.14762,250.0,Klosterwald Loccum
krauseglucke,3925087190,2022-10-07,52.58229,11.26077,231.0,
krauseglucke,3925161709,2022-10-02,52.45572,10.80829,,
krauseglucke,3925455075,2022-10-05,51.52154,11.91621,26196.0,
krauseglucke,3947405227,2022-10-13,52.54435,10.24393,378.0,
krauseglucke,3947475992,2022-10-10,52.24888,10.46499,37.0,
krauseglucke,3947710579,2022-10-23,51.69176,11.25302,13.0,
krauseglucke,3947799507,2022-10-23,53.23571,9.84186,175.0,
krauseglucke,3961135016,2022-10-28,52.2921,10.33302,4.0,
krauseglucke,3995107141,2022-10-02,53.19004,10.01769,5.0,WL Egestorf
krauseglucke,3995280151,2022-10-13,53.10423,9.91324,25.0,LG VSG Lüneburger Heide
krauseglucke,3995477386,2022-10-02,52.45572,10.80829,,"LSG Wolfsburger Moor, Butterberg und Lerchenberg"
krauseglucke,3995876258,2022-10-02,53.18414,10.44323,64.0,LG Lüneburg (Landkreis)
krauseglucke,3996104677,2022-10-08,52.54233,9.56666,,LSG Moorgeest
krauseglucke,3996158133,2022-10-14,53.14312,10.35427,25.0,LG LSG Lüneburger Heide
krauseglucke,3996171615,2022-10-03,53.2385,10.81147,28.0,LG LSG Lüneburger Heide
krauseglucke,3996374818,2022-10-07,53.21109,10.3483,7.0,LG LSG Lüneburger Heide
krauseglucke,3996466228,2022-10-03,53.23567,10.32435,16.0,LG LSG Lüneburger Heide
krauseglucke,3996854037,2022-10-03,52.04763,10.1723,16.0,HI LSG Hainberg
krauseglucke,3997488365,2022-10-07,52.59677,11.29756,,SAW Altmarkkreis Salzwedel (Landkreis)
krauseglucke,4056395472,2022-10-03,52.81566,9.66782,16.0,HK Heidekreis (Landkreis)
krauseglucke,4056438914,2022-10-22,53.16566,10.36388,25.0,LG Lüneburg (Landkreis)
krauseglucke,4056566167,2022-10-31,52.52325,10.67509,4.0,LSG Ostheide
krauseglucke,4056576839,2022-10-16,53.00256,10.99481,25.0,DAN Lüchow-Dannenberg (Landkreis)
krauseglucke,4056613205,2022-10-10,53.22826,10.39151,4.0,LG LSG Lüneburger Heide
krauseglucke,4056687098,2022-10-15,52.7707,10.6253,20.0,GF Gifhorn (Landkreis)
krauseglucke,4056745655,2022-10-22,53.44566,9.86179,4.0,Hamburg
krauseglucke,4056766950,2022-10-31,52.65249,10.93297,,SAW Altmarkkreis Salzwedel (Landkreis)
krauseglucke,4056808589,2022-10-16,52.40524,9.16301,4.0,Schaumburger Wald - N2000
krauseglucke,4056840663,2022-10-23,52.55696,10.93892,72.0,LSG Lütjes Moor
krauseglucke,4056847603,2022-10-20,52.08542,9.92298,,Hildesheimer Wald - N2000
krauseglucke,4056889728,2022-10-19,53.13776,9.80959,32.0,Lüneburger Heide - N2000
krauseglucke,4057626121,2022-10-16,52.43373,9.51197,,LSG Garbsener Moorgeest
krauseglucke,4127411495,2022-10-30,53.24651,10.71905,61.0,
krauseglucke,4158565297,2022-10-15,52.28156,9.17195,34.0,LSG Bückeberge
krauseglucke,4892235750,2022-10-22,53.28658,9.17365,,
krauseglucke,5013386264,2022-10-23,53.1235,10.2904,250.0,TK25 Blatt 2827/4 - Lüneburger Heide / Betzendorf
krauseglucke,5018789193,2022-10-08,52.44262,9.76092,250.0,Stadtwald Langenhagen
krauseglucke,5022408368,2022-10-19,52.46462,9.93061,250.0,Oldhorster Moor
krauseglucke,5026858546,2022-10-22,53.1735,10.37372,250.0,TK25 Blatt 2828/1 - Embsen / Melbeck
krauseglucke,5027954496,2022-10-08,52.53689,9.70311,250.0,Henjeskamp
krauseglucke,6412334679,2022-10-03,52.44766,10.06348,,LSG Burgdorfer Holz
krauseglucke,4056491949,2022-11-27,52.57678,9.03984,16.0,LSG Schierholz
krauseglucke,4056802797,2022-11-14,52.70414,10.45901,4.0,GF Gifhorn (Landkreis)
krauseglucke,4056874779,2022-11-11,53.22102,9.97833,14.0,LG VSG Lüneburger Heide
krauseglucke,4067386532,2022-11-03,52.71662,10.45598,151.0,
krauseglucke,5021270924,2022-11-26,53.22099,10.42791,250.0,"Tiergarten, Lüneburg"
krauseglucke,5868005148,2022-11-05,52.73782,10.47457,178.0,
krauseglucke,3988586894,2022-12-02,53.17447,10.68256,184.0,
krauseglucke,4057101411,2022-12-05,52.53574,10.47485,6.0,GF Gifhorn (Landkreis)
krauseglucke,6410741412,2022-12-29,53.1734,9.87244,5.0,LG VSG Lüneburger Heide
krauseglucke,5023731597,2021-02-06,51.7065,11.23644,250.0,Kunstteich Ballenstedt
krauseglucke,3915368367,2021-09-04,52.71452,10.47265,20.0,
krauseglucke,5015706921,2021-09-12,52.59007,10.85015,25.0,TK25 Blatt 3431/1 - Tülau / Voitze
krauseglucke,5018409896,2021-09-19,52.52357,9.8738,250.0,TK25 Blatt 3425/3 - Burgwedel / Kleinburgwedel
krauseglucke,5026192139,2021-09-26,52.54154,9.83,250.0,Sprillgehege
krauseglucke,3384777450,2021-10-04,52.79527,10.86738,8.0,
krauseglucke,3408201953,2021-10-28,53.39265,9.58685,39213.0,
krauseglucke,3915734479,2021-10-16,52.5139,10.7049,31.0,
krauseglucke,3995028899,2021-10-03,53.1471,10.70447,5.0,LG Lüneburg (Landkreis)
krauseglucke,3997059648,2021-10-10,52.54952,10.49044,9.0,GF Gifhorn (Landkreis)
krauseglucke,3907350816,2021-11-03,53.05741,10.57269,5.0,NSG Der Lohn
krauseglucke,3947420477,2021-11-04,53.15278,9.46056,,
krauseglucke,5019814116,2021-11-23,53.32348,9.95711,250.0,TK25 Blatt 2625/4 - Jesteburg / Bendestorf
krauseglucke,2882974749,2020-09-28,53.19225,10.0174,707.0,
krauseglucke,5016052855,2020-09-05,51.7065,11.23644,250.0,Kunstteich Ballenstedt
krauseglucke,5020300767,2020-09-23,53.32348,9.95711,250.0,TK25 Blatt 2625/4 - Jesteburg / Bendestorf
krauseglucke,5025582678,2020-09-27,52.52357,9.8738,250.0,TK25 Blatt 3425/3 - Burgwedel / Kleinburgwedel
krauseglucke,2901705026,2020-10-17,51.50029,11.91884,4.0,
krauseglucke,2980848779,2020-10-31,51.70702,11.23668,1.0,
krauseglucke,2984519530,2020-10-27,52.2513,10.49349,9.0,
krauseglucke,2984364033,2020-11-12,51.81007,9.36844,15.0,
krauseglucke,2988464404,2019-09-01,51.87315,10.55515,9.0,
krauseglucke,2429351454,2019-10-02,53.11659,9.81341,25.0,
krauseglucke,2429355125,2019-10-02,53.11656,9.81366,25.0,
krauseglucke,2429362593,2019-10-03,52.71741,10.48036,18.0,
krauseglucke,2429364096,2019-10-03,52.72224,10.47144,10.0,
krauseglucke,4129794740,2019-10-03,53.20314,10.67819,174.0,
krauseglucke,4606510409,2019-10-12,52.58822,11.69999,263.0,
krauseglucke,5014526280,2019-10-27,51.81221,9.64423,250.0,MTB 4123/4/4 Waldgebiet Solling
krauseglucke,5018205180,2019-10-27,52.95954,9.32294,25.0,TK25 Blatt 3021/2 - Walle / Holtum (Geest) / Scharnhorst
krauseglucke,5016921703,2018-09-11,52.98255,10.49229,250.0,Uelzen Stadtwald West
krauseglucke,5026207221,2018-09-08,52.44976,9.14762,250.0,Klosterwald Loccum
krauseglucke,5022731630,2017-09-17,53.46108,9.24431,250.0,Stüh bei Bremervörde
krauseglucke,2988917822,2017-10-27,53.13417,9.39583,,"Rotenburg (Wümme), NWR Weichel, Luhne - 04ÜK_F"
krauseglucke,5016516085,2017-10-21,52.82284,11.50738,250.0,"Heiligenfelde, Mühlenberg und Kiesgrube"
krauseglucke,5023608138,2017-10-20,52.70219,11.45732,250.0,Kalbescher Werder bei Vienau
krauseglucke,3996302734,2016-11-05,52.12159,9.9355,25.0,HI Hildesheim (Kern)
