art,gbif_id,datum,lat,lon,monat,hoehe,regen_reife,regen_frisch,regentage,tage_seit_regen,regen_60,bilanz_14,bilanz_60,temp,bt07,bf07,bt728,bf728,frosttage,min_temp,min_boden,tage_vorhanden,tage_lang,tage_et0
steinpilz,6411160693,2026-06-18,52.98983,10.30229,6,82.0,51.1,0.6,10,4,164.7,1.0,-42.9,15.0,15.5,0.177,14.5,0.155,,,,15,,
steinpilz,5282724682,2025-07-31,51.81835,10.22456,7,382.0,50.3,10.1,10,0,216.3,15.0,-11.9,16.8,15.6,0.366,15.7,0.351,,,,15,,
steinpilz,5282837503,2025-07-28,51.77002,10.55702,7,818.0,52.0,19.9,13,0,198.5,29.2,-10.6,14.4,13.9,0.385,13.7,0.372,,,,15,,
steinpilz,5283053064,2025-07-31,51.81851,10.2246,7,382.0,50.3,10.1,10,0,216.3,15.0,-11.9,16.8,15.6,0.366,15.7,0.351,,,,15,,
steinpilz,5283182646,2025-07-29,52.24958,10.67497,7,138.0,49.5,8.7,10,2,136.4,11.2,-111.4,18.3,18.4,0.256,18.2,0.19,,,,15,,
steinpilz,6411761376,2025-07-26,51.85486,10.57394,7,528.0,59.0,9.2,14,1,216.5,22.4,-7.2,16.2,16.2,0.373,16.0,0.361,,,,15,,
steinpilz,5282005941,2025-08-02,51.58422,10.32791,8,238.0,31.2,13.4,8,0,135.5,-7.6,-102.4,17.9,16.8,0.237,16.8,0.171,,,,15,,
steinpilz,5282746185,2025-08-02,52.05837,9.44543,8,149.0,23.8,18.0,9,1,134.9,-5.4,-109.8,17.8,16.6,0.3,16.7,0.227,,,,15,,
steinpilz,5282933186,2025-08-10,53.14684,9.90154,8,93.0,70.3,0.5,10,5,199.1,25.5,-23.6,16.5,17.8,0.16,17.1,0.18,,,,15,,
steinpilz,5282985832,2025-08-02,52.1395,10.64508,8,200.0,30.1,17.9,9,0,152.6,-2.1,-95.3,18.1,16.9,0.301,17.0,0.247,,,,15,,
steinpilz,5283098010,2025-08-03,52.34446,10.71625,8,109.0,35.0,21.6,11,1,164.0,12.0,-74.2,17.8,16.9,0.248,17.0,0.209,,,,15,,
steinpilz,5283277076,2025-08-02,53.25711,10.27352,8,70.0,64.4,25.0,11,1,199.5,46.8,-30.1,17.9,16.6,0.238,16.5,0.219,,,,15,,
steinpilz,5283415902,2025-08-02,52.13789,10.6486,8,200.0,30.1,17.9,9,0,152.6,-2.1,-95.3,18.1,16.9,0.301,17.0,0.247,,,,15,,
steinpilz,5283549828,2025-08-01,53.23354,10.37957,8,28.0,64.8,21.4,11,0,193.1,43.0,-41.9,18.2,16.9,0.237,17.0,0.221,,,,15,,
steinpilz,5287895438,2025-08-14,53.26854,10.19199,8,22.0,35.9,0.0,6,10,180.5,-19.0,-44.5,18.6,21.2,0.054,19.3,0.116,,,,15,,
steinpilz,5288446694,2025-08-11,53.49646,10.23602,8,12.0,58.6,0.3,9,7,186.3,11.7,-37.8,16.8,17.7,0.368,17.2,0.416,,,,15,,
steinpilz,5901417520,2025-08-15,53.10498,9.92544,8,90.0,22.0,1.8,6,11,174.2,-32.2,-46.9,18.8,21.1,0.084,19.6,0.142,,,,15,,
steinpilz,5832130506,2025-09-25,51.82,9.56,9,412.0,36.1,3.5,9,0,119.9,7.4,-57.6,13.0,12.5,0.215,13.4,0.234,,,,15,,
steinpilz,5832134375,2025-09-26,52.21624,11.83018,9,95.0,24.0,4.1,9,5,101.7,-9.1,-103.3,15.1,13.2,0.252,14.2,0.221,,,,15,,
steinpilz,5832146300,2025-09-24,52.21739,11.83004,9,97.0,19.7,7.8,9,3,99.1,-10.4,-108.2,15.9,15.5,0.254,15.9,0.221,,,,15,,
steinpilz,5832262760,2025-09-23,52.21766,11.83025,9,99.0,20.2,7.8,9,2,107.6,-9.8,-100.1,16.3,16.3,0.256,16.4,0.22,,,,15,,
steinpilz,5832274406,2025-09-26,52.21707,11.83066,9,95.0,24.0,4.1,9,5,101.7,-9.1,-103.3,15.1,13.2,0.252,14.2,0.221,,,,15,,
steinpilz,5832304983,2025-09-28,52.39547,9.17307,9,79.0,20.5,3.7,4,2,63.5,-12.6,-133.6,14.8,13.0,0.164,13.6,0.171,,,,15,,
steinpilz,5832368447,2025-09-28,52.39577,9.17267,9,79.0,20.5,3.7,4,2,63.5,-12.6,-133.6,14.8,13.0,0.164,13.6,0.171,,,,15,,
steinpilz,5832377453,2025-09-26,53.43568,9.62194,9,46.0,26.8,0.0,5,8,122.1,-5.9,-54.1,14.1,12.7,0.276,13.6,0.278,,,,15,,
steinpilz,5837137335,2025-09-21,52.44976,9.14762,9,75.0,17.1,7.5,4,3,83.1,-15.8,-120.9,16.9,16.9,0.261,16.6,0.176,,,,15,,
steinpilz,5889473789,2025-09-12,53.02291,9.12019,9,26.0,10.2,2.1,3,11,145.9,-29.6,-48.8,17.3,16.6,0.233,16.8,0.219,,,,15,,
steinpilz,5901459201,2025-09-20,53.25758,9.56304,9,40.0,26.9,7.0,6,2,136.9,-2.7,-45.5,16.0,15.9,0.223,15.6,0.177,,,,15,,
steinpilz,5840097392,2025-10-01,51.71237,9.69622,10,454.0,22.3,2.4,5,5,87.8,-2.2,-81.7,11.6,10.1,0.327,10.6,0.29,,,,15,,
steinpilz,5840624818,2025-10-05,52.46127,10.94822,10,57.0,3.0,15.4,3,1,70.3,-11.7,-112.3,11.5,10.0,0.226,11.1,0.236,,,,15,,
steinpilz,5840748615,2025-10-07,53.23716,9.82378,10,59.0,0.2,40.4,4,2,97.4,13.5,-73.4,11.2,10.7,0.224,11.1,0.207,,,,15,,
steinpilz,5840937592,2025-10-08,51.9064,9.82964,10,382.0,25.5,4.7,6,4,76.9,8.6,-83.6,9.4,9.7,0.31,9.8,0.254,,,,15,,
steinpilz,5843940704,2025-10-11,53.43577,9.90666,10,99.0,34.3,2.2,5,6,95.2,15.0,-57.8,11.9,13.0,0.375,12.8,0.362,,,,15,,
steinpilz,5844119197,2025-10-11,51.55781,10.09293,10,241.0,20.6,3.0,4,6,113.0,4.3,-41.7,11.0,12.4,0.334,12.2,0.308,,,,15,,
steinpilz,5844801923,2025-10-02,52.13311,9.34665,10,115.0,13.7,3.9,4,6,85.0,-12.5,-92.8,12.8,11.4,0.252,12.2,0.218,,,,15,,
steinpilz,5868071148,2025-10-09,52.13019,9.37361,10,207.0,33.3,5.6,9,4,92.4,16.9,-70.4,11.2,11.7,0.306,11.8,0.22,,,,15,,
steinpilz,5868844997,2025-10-22,53.13679,9.904,10,96.0,5.8,7.8,5,1,107.3,-1.0,-17.0,11.1,9.3,0.245,10.0,0.235,,,,15,,
steinpilz,5888996361,2025-10-26,52.27304,10.58116,10,75.0,20.1,14.0,7,0,111.2,17.8,-13.6,10.2,10.5,0.333,11.0,0.289,,,,15,,
steinpilz,5889258017,2025-10-31,52.50272,11.44115,10,85.0,23.2,15.1,8,1,107.2,21.8,-5.9,9.1,8.5,0.369,9.3,0.349,,,,15,,
steinpilz,5890046576,2025-10-31,53.16027,11.34689,10,19.0,26.8,16.0,7,1,111.0,27.6,1.7,9.0,8.5,0.488,9.3,0.476,,,,15,,
steinpilz,5890256298,2025-10-25,52.49361,10.73678,10,86.0,16.1,4.0,5,4,97.6,4.0,-27.0,10.7,10.6,0.323,10.8,0.293,,,,15,,
steinpilz,5890400503,2025-10-29,52.12871,9.35976,10,165.0,19.5,23.0,12,1,132.9,29.0,25.0,9.2,8.2,0.367,9.0,0.339,,,,15,,
steinpilz,5892261339,2025-10-22,52.90248,9.55038,10,68.0,8.0,7.6,5,1,112.9,0.9,-7.5,11.4,9.7,0.261,10.4,0.257,,,,15,,
steinpilz,5901232179,2025-10-26,52.27282,10.57993,10,75.0,20.1,14.0,7,0,111.2,17.8,-13.6,10.2,10.5,0.333,11.0,0.289,,,,15,,
steinpilz,5901464643,2025-10-06,53.07519,11.01829,10,53.0,0.7,31.0,3,0,80.8,1.8,-98.5,10.9,9.6,0.146,10.8,0.126,,,,15,,
steinpilz,5901552317,2025-10-05,53.19906,10.26609,10,91.0,0.5,25.2,2,1,84.9,-5.7,-97.9,11.5,10.1,0.125,11.3,0.091,,,,15,,
steinpilz,5901591652,2025-10-22,53.18084,9.86993,10,81.0,6.6,12.8,5,1,109.0,5.0,-16.6,11.1,9.3,0.24,10.0,0.222,,,,15,,
steinpilz,5901720599,2025-10-05,53.08657,11.24567,10,46.0,0.1,27.0,2,0,76.2,-4.4,-104.0,11.7,10.4,0.339,11.6,0.368,,,,15,,
steinpilz,5902144104,2025-10-19,51.80908,10.26672,10,531.0,44.4,9.2,12,2,182.8,42.8,71.1,8.5,7.8,0.404,8.6,0.403,,,,15,,
steinpilz,5902199843,2025-10-24,53.15629,9.81931,10,70.0,6.7,16.2,6,1,116.3,8.1,-4.7,10.8,9.9,0.251,10.2,0.24,,,,15,,
steinpilz,5902489090,2025-10-19,52.11746,9.5927,10,181.0,10.4,2.2,6,99,88.7,-1.9,-47.1,11.3,9.9,0.285,10.9,0.236,,,,15,,
steinpilz,5902554879,2025-10-19,51.77088,9.68852,10,182.0,11.1,2.1,3,14,97.2,-0.1,-29.2,11.0,9.9,0.309,10.8,0.302,,,,15,,
steinpilz,5902599857,2025-10-29,53.27339,10.27312,10,34.0,23.0,19.0,9,1,101.6,28.0,-14.6,9.4,8.9,0.251,9.5,0.209,,,,15,,
steinpilz,5902789991,2025-10-30,53.16283,9.98224,10,109.0,31.2,18.8,10,0,122.3,36.9,15.7,8.9,8.4,0.265,9.0,0.243,,,,15,,
steinpilz,5903072804,2025-10-08,53.27026,9.85016,10,54.0,28.5,13.5,5,3,97.9,16.1,-69.9,11.4,11.5,0.241,11.5,0.219,,,,15,,
steinpilz,5903245865,2025-10-09,52.17491,9.44515,10,140.0,24.4,5.2,8,5,78.9,7.5,-82.6,11.1,11.6,0.311,11.7,0.232,,,,15,,
steinpilz,5903261646,2025-10-24,53.15627,9.82599,10,70.0,6.7,16.2,6,1,116.3,8.1,-4.7,10.8,9.9,0.251,10.2,0.24,,,,15,,
steinpilz,6137474429,2025-10-22,53.18064,9.86856,10,81.0,6.6,12.8,5,1,109.0,5.0,-16.6,11.1,9.3,0.24,10.0,0.222,,,,15,,
steinpilz,6137482052,2025-10-24,53.15017,9.82332,10,70.0,6.7,16.2,6,1,116.3,8.1,-4.7,10.8,9.9,0.251,10.2,0.24,,,,15,,
steinpilz,6170882685,2025-10-26,52.22087,10.58729,10,108.0,13.9,13.2,7,0,114.9,11.0,-10.1,10.1,10.4,0.335,10.8,0.293,,,,15,,
marone,5832205641,2025-09-25,51.82746,9.56929,9,412.0,36.1,3.5,9,0,119.9,7.4,-57.6,13.0,12.5,0.215,13.4,0.234,,,,15,,
marone,5832232510,2025-09-26,53.43571,9.62193,9,46.0,26.8,0.0,5,8,122.1,-5.9,-54.1,14.1,12.7,0.276,13.6,0.278,,,,15,,
marone,5832396957,2025-09-28,52.39646,9.17322,9,79.0,20.5,3.7,4,2,63.5,-12.6,-133.6,14.8,13.0,0.164,13.6,0.171,,,,15,,
marone,5836867686,2025-09-21,52.44976,9.14762,9,75.0,17.1,7.5,4,3,83.1,-15.8,-120.9,16.9,16.9,0.261,16.6,0.176,,,,15,,
marone,5868932523,2025-10-24,53.15577,9.82181,10,70.0,6.7,16.2,6,1,116.3,8.1,-4.7,10.8,9.9,0.251,10.2,0.24,,,,15,,
marone,5890456900,2025-10-31,53.15928,11.34662,10,19.0,26.8,16.0,7,1,111.0,27.6,1.7,9.0,8.5,0.488,9.3,0.476,,,,15,,
marone,5892262721,2025-10-22,52.90248,9.55038,10,68.0,8.0,7.6,5,1,112.9,0.9,-7.5,11.4,9.7,0.261,10.4,0.257,,,,15,,
marone,5902741326,2025-10-22,53.18088,9.86966,10,81.0,6.6,12.8,5,1,109.0,5.0,-16.6,11.1,9.3,0.24,10.0,0.222,,,,15,,
marone,5902817188,2025-10-19,51.77372,9.6893,10,182.0,11.1,2.1,3,14,97.2,-0.1,-29.2,11.0,9.9,0.309,10.8,0.302,,,,15,,
marone,6137485753,2025-10-22,53.18064,9.86856,10,81.0,6.6,12.8,5,1,109.0,5.0,-16.6,11.1,9.3,0.24,10.0,0.222,,,,15,,
pfifferling,5897006517,2025-08-01,53.15382,10.42026,8,28.0,64.8,21.4,11,0,193.1,43.0,-41.9,18.2,16.9,0.237,17.0,0.221,,,,15,,
birkenpilz,5897009704,2025-08-01,53.15382,10.42026,8,28.0,64.8,21.4,11,0,193.1,43.0,-41.9,18.2,16.9,0.237,17.0,0.221,,,,15,,
birkenpilz,5889367278,2025-10-31,52.50463,11.44321,10,85.0,23.2,15.1,8,1,107.2,21.8,-5.9,9.1,8.5,0.369,9.3,0.349,,,,15,,
birkenpilz,5892260354,2025-10-22,52.90248,9.55038,10,68.0,8.0,7.6,5,1,112.9,0.9,-7.5,11.4,9.7,0.261,10.4,0.257,,,,15,,
birkenpilz,6137486166,2025-10-22,53.18064,9.86856,10,81.0,6.6,12.8,5,1,109.0,5.0,-16.6,11.1,9.3,0.24,10.0,0.222,,,,15,,
parasol,5292174916,2025-08-10,53.12662,9.90131,8,93.0,70.3,0.5,10,5,199.1,25.5,-23.6,16.5,17.8,0.16,17.1,0.18,,,,15,,
parasol,5889002353,2025-10-26,52.27304,10.58116,10,75.0,20.1,14.0,7,0,111.2,17.8,-13.6,10.2,10.5,0.333,11.0,0.289,,,,15,,
parasol,6137480128,2025-10-24,53.15017,9.82332,10,70.0,6.7,16.2,6,1,116.3,8.1,-4.7,10.8,9.9,0.251,10.2,0.24,,,,15,,
parasol,6182911063,2025-10-24,53.15644,9.82103,10,70.0,6.7,16.2,6,1,116.3,8.1,-4.7,10.8,9.9,0.251,10.2,0.24,,,,15,,
parasol,5013692774,2020-07-23,52.58172,10.18364,7,41.0,25.3,2.7,6,8,162.6,-23.2,-60.7,16.9,18.3,0.177,17.9,0.185,,,,15,,
parasol,5020672197,2020-07-10,52.67359,9.69264,7,31.0,34.6,24.9,11,0,189.0,11.8,-23.5,17.8,16.3,0.247,16.4,0.213,,,,15,,
parasol,6411327794,2020-07-28,52.4435,10.53189,7,63.0,12.3,13.9,7,2,152.3,-27.5,-72.6,18.0,19.2,0.275,18.6,0.261,,,,15,,
parasol,5021676357,2020-08-22,51.66563,11.17164,8,308.0,41.7,8.9,8,0,123.1,-5.1,-109.9,22.3,20.4,0.297,19.9,0.235,,,,15,,
parasol,5025196325,2020-08-16,51.77366,10.79034,8,508.0,8.2,24.6,5,1,115.3,-25.2,-109.4,20.9,21.4,0.239,20.5,0.2,,,,15,,
parasol,2862581725,2020-09-05,53.41022,10.86546,9,19.0,28.1,13.0,8,0,113.7,5.4,-96.5,16.5,16.1,0.334,16.5,0.298,,,,15,,
parasol,3113416999,2020-09-17,53.15433,10.25548,9,88.0,17.2,0.0,4,11,87.7,-19.4,-118.1,16.1,17.3,0.172,17.0,0.17,,,,15,,
parasol,5013461218,2020-09-19,52.58551,10.14732,9,39.0,11.0,0.2,2,10,98.0,-28.0,-108.4,16.2,16.7,0.17,16.9,0.18,,,,15,,
parasol,5013742879,2020-09-26,52.8218,9.60179,9,48.0,0.1,19.6,2,0,108.9,-21.3,-83.5,15.7,14.7,0.176,15.1,0.18,,,,15,,
parasol,5018688131,2020-09-13,51.59238,10.75226,9,325.0,18.1,0.2,6,9,142.3,-17.7,-62.7,14.7,15.2,0.288,15.1,0.297,,,,15,,
parasol,5021655156,2020-09-07,52.80576,9.56032,9,44.0,38.0,5.9,10,4,137.1,10.8,-69.0,15.6,15.2,0.228,15.7,0.206,,,,15,,
parasol,5024493635,2020-09-19,52.58569,10.13669,9,39.0,11.0,0.2,2,10,98.0,-28.0,-108.4,16.2,16.7,0.17,16.9,0.18,,,,15,,
parasol,5027929916,2020-09-15,52.58172,10.18364,9,41.0,24.6,0.0,4,6,108.8,-12.8,-101.9,16.5,17.2,0.198,16.9,0.189,,,,15,,
parasol,2883088045,2020-10-04,53.19256,10.90116,10,84.0,25.7,7.5,4,1,86.8,3.8,-94.8,13.9,13.3,0.229,13.5,0.224,,,,15,,
parasol,2898253244,2020-10-15,52.26133,10.46452,10,86.0,26.5,14.4,11,0,137.0,19.8,-11.1,11.6,9.9,0.353,10.9,0.317,,,,15,,
parasol,2898521253,2020-10-13,51.8363,9.36896,10,280.0,27.0,7.8,9,1,138.3,14.4,0.7,11.0,9.7,0.377,10.7,0.35,,,,15,,
parasol,2901516244,2020-10-21,51.65554,11.34866,10,238.0,57.5,3.4,9,5,154.6,46.8,24.8,8.4,8.0,0.399,8.5,0.394,,,,15,,
parasol,2901696098,2020-10-20,51.70645,11.24798,10,294.0,55.8,3.9,8,3,148.1,44.3,8.4,9.0,8.2,0.401,8.9,0.393,,,,15,,
parasol,2901698155,2020-10-21,52.94068,9.2577,10,46.0,30.9,10.2,9,0,125.9,26.0,6.7,9.8,9.7,0.365,10.1,0.36,,,,15,,
parasol,2963750809,2020-10-24,52.91808,11.46834,10,25.0,17.6,13.2,7,1,138.7,15.7,22.6,10.3,11.3,0.383,11.3,0.37,,,,15,,
parasol,2963914693,2020-10-24,51.58816,11.47103,10,248.0,39.4,6.1,7,1,136.6,30.1,10.1,9.3,10.7,0.379,10.6,0.369,,,,15,,
parasol,2980843704,2020-10-31,51.91058,10.60415,10,213.0,26.6,18.7,8,1,166.9,27.3,50.9,11.2,10.4,0.387,10.8,0.374,,,,15,,
parasol,2981061835,2020-10-31,53.11625,9.79098,10,90.0,21.8,26.6,9,1,130.7,35.5,30.1,10.9,10.3,0.265,10.7,0.246,,,,15,,
parasol,2999171666,2020-10-23,51.60822,11.35441,10,329.0,55.3,6.7,8,0,149.5,47.3,23.7,8.9,9.8,0.388,9.7,0.383,,,,15,,
parasol,3859826565,2020-10-18,51.63537,10.9551,10,464.0,41.5,20.7,9,2,153.1,49.1,24.7,7.7,6.8,0.399,7.7,0.388,,,,15,,
parasol,3915354341,2020-10-19,52.33672,10.47315,10,76.0,36.8,4.3,11,4,125.4,25.2,-9.4,10.1,9.1,0.357,9.9,0.332,,,,15,,
parasol,3915392346,2020-10-16,52.32276,10.5822,10,85.0,30.7,10.5,10,1,133.8,21.5,-8.8,11.3,9.5,0.357,10.5,0.325,,,,15,,
parasol,3915405343,2020-10-18,52.80447,10.00245,10,87.0,30.7,3.7,9,7,125.0,18.3,0.4,9.8,8.7,0.249,9.5,0.243,,,,15,,
parasol,3915428342,2020-10-17,51.76259,9.76452,10,235.0,27.1,10.4,10,3,105.3,22.4,-22.4,9.1,7.8,0.375,8.8,0.36,,,,15,,
parasol,3996272638,2020-10-23,52.52447,9.91445,10,63.0,17.1,12.6,8,1,129.3,14.3,9.7,10.1,10.8,0.25,10.8,0.233,,,,15,,
parasol,4121441278,2020-10-22,52.13269,9.11895,10,199.0,24.2,10.8,11,0,121.4,21.0,2.2,9.3,9.6,0.366,9.7,0.354,,,,15,,
parasol,5016769002,2020-10-16,51.67415,10.25076,10,259.0,32.9,16.0,10,2,124.6,31.7,-10.1,10.1,8.4,0.388,9.4,0.379,,,,15,,
parasol,5019440231,2020-10-25,53.12999,9.9131,10,85.0,18.1,11.2,9,0,122.4,14.7,12.7,9.9,11.5,0.248,11.4,0.229,,,,15,,
parasol,5021518514,2020-10-30,51.67367,10.95698,10,454.0,28.2,14.6,9,0,160.0,30.2,55.6,8.7,8.6,0.394,9.2,0.385,,,,15,,
parasol,5024341805,2020-10-22,52.77644,10.26827,10,78.0,29.3,11.1,8,0,142.1,25.5,24.2,9.6,9.8,0.245,10.0,0.23,,,,15,,
parasol,5025796013,2020-10-17,52.58205,10.16867,10,39.0,30.0,7.5,10,2,122.7,19.4,-11.2,10.8,9.4,0.247,10.2,0.235,,,,15,,
parasol,5027856575,2020-10-13,51.67415,10.25076,10,259.0,30.3,4.2,8,4,144.4,14.6,3.7,11.0,9.7,0.385,10.7,0.372,,,,15,,
parasol,5086891732,2020-10-15,52.62569,10.04119,10,36.0,25.9,9.2,9,0,129.5,15.3,-7.7,11.5,9.5,0.252,10.5,0.238,,,,15,,
parasol,3061582469,2020-11-08,51.73791,11.23099,11,197.0,29.4,0.0,6,6,140.3,13.7,31.4,10.4,8.5,0.361,9.7,0.361,,,,15,,
parasol,3384741277,2020-11-15,52.30206,10.49922,11,80.0,13.3,1.7,2,13,119.2,3.0,33.2,9.2,8.1,0.336,8.4,0.329,,,,15,,
parasol,5016413423,2020-11-28,52.58824,10.08725,11,40.0,12.1,1.7,3,11,99.4,4.8,42.3,7.9,6.0,0.235,6.9,0.234,,,,15,,
parasol,5023210000,2020-11-25,52.99639,10.56052,11,58.0,11.7,1.4,6,99,129.3,4.5,74.4,7.9,5.6,0.233,6.8,0.228,,,,15,,
parasol,3995752607,2019-07-23,52.45857,9.86156,7,77.0,36.2,3.1,5,10,108.8,-11.4,-143.3,18.0,20.5,0.231,19.3,0.214,,,,15,,
parasol,5012661570,2019-07-21,53.35461,10.35542,7,5.0,21.0,4.5,5,1,109.9,-24.7,-124.8,16.8,18.6,0.392,17.7,0.368,,,,15,,
parasol,2397551650,2019-08-25,53.12151,9.81247,8,106.0,35.5,0.0,4,7,125.8,-16.2,-110.2,18.0,18.8,0.161,18.1,0.178,,,,15,,
parasol,2845193003,2019-08-23,51.75169,10.96573,8,363.0,41.8,0.0,7,5,93.5,-15.3,-161.2,18.2,18.6,0.251,18.2,0.178,,,,15,,
parasol,3996639038,2019-08-29,51.59314,9.42356,8,119.0,26.7,1.9,4,11,127.1,-25.0,-102.4,20.1,22.8,0.209,21.6,0.24,,,,15,,
parasol,5024588759,2019-08-30,52.58172,10.18364,8,41.0,10.2,2.3,3,12,85.2,-42.1,-150.9,20.9,24.0,0.108,23.0,0.138,,,,15,,
parasol,2429556470,2019-10-12,52.2736,10.60133,10,78.0,88.0,7.5,11,3,161.0,73.2,5.2,11.6,11.2,0.385,11.3,0.376,,,,15,,
parasol,2429588672,2019-10-11,52.4297,9.86484,10,62.0,71.8,13.5,11,2,137.6,63.7,-20.7,12.0,10.8,0.382,11.2,0.369,,,,15,,
parasol,2429591636,2019-10-13,52.2559,10.59863,10,95.0,92.8,1.9,10,4,159.2,72.2,4.3,11.8,12.6,0.381,12.2,0.373,,,,15,,
parasol,2445000577,2019-10-12,52.58756,11.70209,10,39.0,61.5,5.6,10,3,114.9,45.1,-47.1,11.6,11.0,0.372,11.1,0.36,,,,15,,
parasol,2445064678,2019-10-19,51.73833,9.8248,10,315.0,19.9,31.8,9,1,153.8,30.8,18.6,12.3,14.0,0.39,14.1,0.379,,,,15,,
parasol,3915319331,2019-10-16,52.94901,9.4671,10,66.0,43.7,32.4,10,0,190.0,57.5,52.0,11.8,14.1,0.398,13.7,0.394,,,,15,,
parasol,3915324338,2019-10-10,52.45791,11.93055,10,58.0,72.1,11.6,11,1,120.9,63.5,-45.4,11.7,9.6,0.484,10.5,0.474,,,,15,,
parasol,4056909747,2019-10-25,53.28521,10.72096,10,11.0,55.9,0.0,9,5,173.4,38.9,55.1,13.7,12.5,0.48,12.7,0.481,,,,15,,
parasol,4057864023,2019-10-27,53.27454,10.68821,10,33.0,46.6,2.0,8,7,173.6,30.0,60.1,13.7,12.8,0.467,13.0,0.47,,,,15,,
parasol,4599733352,2019-10-03,51.67988,11.2577,10,323.0,28.0,16.8,9,0,111.6,17.5,-66.1,12.9,12.5,0.377,13.1,0.346,,,,15,,
parasol,5012755268,2019-10-07,52.23575,10.65393,10,135.0,80.5,23.3,11,2,154.5,82.0,-16.3,12.4,9.8,0.401,11.1,0.387,,,,15,,
parasol,5013309712,2019-10-18,52.70253,9.80309,10,39.0,34.1,45.2,10,0,178.6,59.7,35.8,12.7,15.0,0.269,14.8,0.259,,,,15,,
parasol,5013893284,2019-10-15,52.70253,9.80309,10,39.0,55.5,2.4,10,6,142.4,37.7,-4.4,12.2,14.3,0.25,13.8,0.242,,,,15,,
parasol,5014881723,2019-10-23,53.12447,9.91422,10,94.0,65.0,15.9,11,2,204.0,64.5,80.2,13.1,12.0,0.282,12.4,0.282,,,,15,,
parasol,5016195426,2019-10-09,52.49734,9.95425,10,61.0,85.1,12.8,13,1,149.6,78.0,-12.1,12.2,9.9,0.277,10.6,0.266,,,,15,,
parasol,5016867163,2019-10-12,53.09289,9.82444,10,89.0,82.7,17.9,11,0,176.5,83.3,31.8,10.9,10.5,0.264,10.7,0.25,,,,15,,
parasol,5018100205,2019-10-21,52.33807,10.73189,10,121.0,27.9,9.3,8,1,150.6,15.0,10.6,13.9,13.7,0.387,14.0,0.372,,,,15,,
parasol,5018141816,2019-10-21,53.18849,10.92236,10,55.0,38.7,18.4,11,1,167.4,39.2,35.0,12.9,12.8,0.287,13.2,0.275,,,,15,,
parasol,5018689067,2019-10-02,51.90171,10.40708,10,366.0,29.0,43.0,10,0,141.4,46.6,-29.9,12.6,12.6,0.367,13.1,0.288,,,,15,,
parasol,5019270899,2019-10-13,52.47357,9.4572,10,52.0,77.8,4.9,11,4,144.8,61.1,-11.1,12.3,12.7,0.374,12.5,0.36,,,,15,,
parasol,5019479336,2019-10-25,53.12999,9.9131,10,85.0,75.0,0.3,9,4,204.3,58.5,87.1,13.4,12.2,0.269,12.5,0.273,,,,15,,
parasol,5020148551,2019-10-25,53.14502,9.89842,10,85.0,75.0,0.3,9,4,204.3,58.5,87.1,13.4,12.2,0.269,12.5,0.273,,,,15,,
parasol,5021213222,2019-10-20,52.27996,10.58727,10,82.0,23.8,10.3,7,2,167.7,11.5,25.4,13.3,14.1,0.383,14.3,0.371,,,,15,,
parasol,5024342557,2019-10-20,52.70253,9.80309,10,39.0,52.6,20.9,10,0,191.0,54.2,53.4,13.1,13.8,0.282,14.1,0.271,,,,15,,
parasol,5025664855,2019-10-14,52.47416,10.34704,10,56.0,67.3,1.2,9,6,131.2,45.8,-20.1,12.3,13.9,0.374,13.4,0.366,,,,15,,
parasol,5026570399,2019-10-17,51.96733,10.45255,10,251.0,37.1,22.1,8,0,147.4,35.3,-6.3,12.4,15.3,0.349,14.8,0.341,,,,15,,
parasol,5027186857,2019-10-15,51.62367,10.37374,10,248.0,67.6,1.1,10,5,167.4,49.5,28.1,11.6,13.7,0.379,13.0,0.38,,,,15,,
parasol,5027241248,2019-10-13,52.44126,10.47014,10,52.0,83.5,2.5,10,4,141.7,63.4,-12.0,12.1,12.8,0.374,12.5,0.363,,,,15,,
parasol,5028245876,2019-10-28,52.58569,10.13669,10,38.0,47.6,2.7,6,8,181.9,31.3,67.5,13.7,12.6,0.241,13.1,0.246,,,,15,,
parasol,2465196680,2019-11-10,51.68268,9.91487,11,174.0,23.3,9.4,10,1,181.1,23.3,98.2,6.5,6.2,0.399,7.5,0.39,,,,15,,
parasol,2465359298,2019-11-08,52.27998,10.46448,11,96.0,15.0,14.0,8,2,171.9,15.7,77.4,8.6,8.8,0.38,9.5,0.362,,,,15,,
parasol,5017125501,2019-11-04,52.36867,10.71836,11,120.0,2.2,14.1,4,0,152.9,0.6,51.9,10.1,7.4,0.356,8.2,0.337,,,,15,,
parasol,5027891396,2019-11-24,52.58824,10.08725,11,40.0,21.9,1.5,5,5,206.4,17.0,147.2,4.3,5.0,0.263,5.6,0.265,,,,15,,
parasol,3994987549,2018-10-18,53.16831,9.94234,10,161.0,3.0,1.4,1,99,64.5,-25.8,-90.0,14.8,16.2,0.082,16.3,0.05,,,,15,,
parasol,5012466020,2018-10-21,52.58172,10.18364,10,41.0,2.7,0.8,1,99,52.9,-23.1,-100.8,13.9,12.5,0.096,13.7,0.087,,,,15,,
parasol,5015106148,2018-10-16,51.91113,10.64378,10,213.0,3.8,0.0,1,99,71.1,-28.4,-103.1,14.4,16.2,0.192,15.6,0.192,,,,15,,
parasol,5028053354,2018-11-04,52.32988,11.55341,11,94.0,10.5,0.0,4,99,49.4,-4.7,-74.4,8.7,8.4,0.249,9.2,0.235,,,,15,,
parasol,5013156205,2017-07-03,52.5564,10.10454,7,43.0,23.0,32.1,8,2,146.5,6.5,-55.7,18.1,16.9,0.267,16.8,0.248,,,,15,,
parasol,5015501077,2017-07-30,52.58172,10.18364,7,41.0,92.4,3.6,10,4,239.4,48.6,37.6,18.6,17.8,0.294,17.4,0.3,,,,15,,
parasol,5017521218,2017-07-21,52.58172,10.18364,7,41.0,37.1,5.4,8,1,159.3,-5.4,-53.9,18.1,19.2,0.242,18.4,0.242,,,,15,,
parasol,5021082722,2017-07-23,51.51276,10.88339,7,275.0,44.3,11.6,8,0,118.1,5.6,-103.7,17.9,19.3,0.337,18.6,0.312,,,,15,,
parasol,5014032443,2017-08-20,52.58172,10.18364,8,41.0,29.9,26.8,7,0,265.3,15.0,80.9,17.6,18.4,0.274,18.3,0.276,,,,15,,
parasol,5017401337,2017-08-22,52.55016,10.14982,8,41.0,50.4,6.8,7,2,263.7,17.9,83.3,17.3,17.1,0.277,17.3,0.281,,,,15,,
parasol,5021907471,2017-08-02,51.51276,10.88339,8,275.0,82.6,10.1,9,1,187.1,45.0,-22.2,18.5,19.1,0.367,18.1,0.366,,,,15,,
parasol,5024746473,2017-08-07,51.51371,10.86608,8,280.0,84.2,1.8,8,4,178.4,42.3,-29.9,17.9,18.4,0.331,18.2,0.329,,,,15,,
parasol,5025145507,2017-08-09,51.88182,10.21562,8,282.0,57.4,0.0,6,4,269.8,8.8,79.0,18.0,17.1,0.348,17.1,0.355,,,,15,,
parasol,5013115733,2017-09-30,51.91664,10.47615,9,303.0,15.7,6.8,7,3,129.3,1.2,-13.0,12.1,13.6,0.354,13.3,0.344,,,,15,,
parasol,5016007391,2017-09-19,52.3236,11.04029,9,132.0,16.4,2.7,7,11,216.9,-12.2,51.8,13.6,12.5,0.351,13.1,0.346,,,,15,,
parasol,5016802715,2017-09-27,53.42713,11.62388,9,34.0,12.1,6.8,6,3,163.6,-5.7,21.4,12.5,13.5,0.357,13.5,0.355,,,,15,,
parasol,5017368572,2017-09-27,53.44288,11.61701,9,34.0,12.1,6.8,6,3,163.6,-5.7,21.4,12.5,13.5,0.357,13.5,0.355,,,,15,,
parasol,5017587581,2017-09-01,52.58172,10.18364,9,41.0,28.7,5.7,6,2,217.6,-6.6,34.4,17.3,18.5,0.226,18.4,0.226,,,,15,,
parasol,5018484892,2017-09-09,52.58172,10.18364,9,41.0,9.2,25.8,8,0,227.9,-1.5,55.6,16.5,15.3,0.237,15.6,0.222,,,,15,,
parasol,5022146891,2017-09-16,52.58172,10.18364,9,41.0,30.5,12.8,9,3,219.2,10.6,49.7,14.2,14.0,0.265,14.5,0.264,,,,15,,
parasol,5025248129,2017-09-16,52.53795,10.15137,9,46.0,30.5,12.8,9,3,219.2,10.6,49.7,14.2,14.0,0.265,14.5,0.264,,,,15,,
parasol,5026295148,2017-09-23,52.44126,10.47014,9,52.0,19.0,2.8,7,10,194.1,-7.3,35.8,12.9,12.5,0.368,12.9,0.373,,,,15,,
parasol,5027928821,2017-09-17,52.44126,10.47014,9,52.0,27.8,6.5,8,4,237.0,1.5,69.0,14.0,13.5,0.371,14.0,0.37,,,,15,,
parasol,5028143488,2017-09-29,51.91853,10.45102,9,234.0,6.9,7.5,6,2,122.7,-7.8,-24.9,12.3,13.3,0.346,13.2,0.333,,,,15,,
parasol,1898824566,2017-10-27,51.51482,11.92051,10,84.0,10.8,10.8,6,2,102.9,1.6,-13.4,13.5,12.2,0.312,12.7,0.279,,,,15,,
parasol,3996746512,2017-10-19,51.88581,9.55391,10,191.0,35.3,0.0,5,9,134.8,16.2,23.3,12.6,14.2,0.362,13.9,0.373,,,,15,,
parasol,5014826097,2017-10-13,52.58569,10.13669,10,38.0,40.1,7.8,13,3,144.2,27.2,22.0,12.9,12.5,0.273,12.6,0.277,,,,15,,
parasol,5014836905,2017-10-14,51.91664,10.47615,10,303.0,50.6,0.5,9,6,127.0,32.3,6.6,11.4,11.5,0.382,11.4,0.391,,,,15,,
parasol,5020353852,2017-10-03,52.58172,10.18364,10,41.0,15.0,16.0,8,1,146.0,10.9,8.2,13.6,14.6,0.281,14.7,0.283,,,,15,,
parasol,5024626943,2017-10-10,52.33543,9.32122,10,138.0,45.1,16.6,10,0,186.0,43.6,64.9,12.5,11.1,0.407,11.7,0.407,,,,15,,
parasol,5013094480,2016-08-15,52.58172,10.18364,8,41.0,14.9,1.4,7,13,88.6,-26.4,-129.0,17.1,16.8,0.194,16.9,0.181,,,,15,,
parasol,5014096488,2016-09-03,52.59012,10.14012,9,39.0,9.1,0.1,3,13,64.4,-46.2,-153.6,20.8,19.9,0.117,20.1,0.132,,,,15,,
parasol,5016704265,2016-09-19,53.24236,11.05333,9,12.0,1.8,9.1,3,2,88.2,-36.4,-107.7,19.8,19.7,0.289,19.9,0.281,,,,15,,
parasol,5023157613,2016-09-16,52.58172,10.18364,9,41.0,7.8,0.5,2,12,59.4,-43.6,-154.2,20.9,22.9,0.101,22.1,0.115,,,,15,,
parasol,1453146223,2016-10-16,52.31741,10.45203,10,71.0,10.0,2.4,5,99,67.8,-3.9,-90.6,9.8,9.6,0.292,10.2,0.25,,,,15,,
parasol,5015176349,2016-10-30,52.58172,10.18364,10,41.0,34.7,0.9,7,6,65.8,25.3,-51.2,9.2,9.5,0.234,9.8,0.222,,,,15,,
parasol,5015370175,2016-10-08,52.58172,10.18364,10,41.0,8.3,1.4,3,7,37.8,-18.7,-138.5,14.2,12.2,0.173,13.2,0.114,,,,15,,
parasol,5019538122,2016-10-30,51.55808,10.71218,10,279.0,40.8,0.0,6,5,107.2,32.0,3.4,8.1,8.8,0.382,9.1,0.381,,,,15,,
parasol,5021538978,2016-10-22,52.56224,10.1951,10,42.0,10.8,24.7,9,1,60.4,22.8,-85.1,9.0,10.0,0.228,10.8,0.169,,,,15,,
parasol,5023572484,2016-10-14,52.33543,9.32122,10,138.0,15.4,2.1,5,12,47.8,-0.2,-112.8,9.9,8.6,0.28,9.9,0.234,,,,15,,
parasol,5023639226,2016-10-28,52.57374,10.16773,10,50.0,34.0,3.5,8,4,65.9,26.4,-55.7,9.1,8.6,0.236,9.1,0.223,,,,15,,
parasol,5025698821,2016-11-04,52.57374,10.16773,11,50.0,15.7,1.3,4,11,61.2,8.7,-42.5,8.1,8.5,0.222,9.3,0.214,,,,15,,
parasol,5014872589,2015-08-06,52.59012,10.14012,8,39.0,21.4,0.8,3,10,135.1,-38.7,-100.2,18.4,20.7,0.19,19.3,0.206,,,,15,,
parasol,5022122273,2015-08-09,53.23257,10.44143,8,52.0,25.1,3.3,7,11,143.1,-28.6,-84.0,18.2,21.4,0.166,20.4,0.175,,,,15,,
parasol,5024939888,2015-08-04,52.58172,10.18364,8,41.0,22.8,0.8,4,8,135.1,-35.5,-101.2,18.3,18.6,0.21,17.7,0.22,,,,15,,
parasol,5017702835,2015-09-13,52.58172,10.18364,9,41.0,22.3,6.0,5,0,185.3,-7.2,-14.3,15.9,15.1,0.24,15.1,0.243,,,,15,,
parasol,5021521389,2015-09-30,52.58172,10.18364,9,41.0,27.1,0.0,5,8,175.2,2.2,8.6,13.2,12.7,0.238,13.2,0.248,,,,15,,
parasol,5022345104,2015-09-26,52.58569,10.13669,9,38.0,43.4,0.9,8,4,177.6,18.9,4.7,14.4,13.5,0.261,13.9,0.263,,,,15,,
parasol,5024302013,2015-09-10,53.0503,11.41102,9,34.0,35.6,3.8,7,0,154.8,1.8,-50.8,16.2,14.2,0.452,14.8,0.439,,,,15,,
parasol,5025952905,2015-09-18,52.44126,10.47014,9,52.0,27.0,16.6,7,1,186.8,12.2,-9.0,14.8,15.9,0.39,15.9,0.37,,,,15,,
parasol,5025962548,2015-09-19,53.27771,10.7013,9,29.0,25.4,13.6,10,0,166.6,9.9,-14.8,14.6,15.0,0.483,15.3,0.473,,,,15,,
parasol,5026916458,2015-09-20,52.00281,9.86017,9,200.0,30.3,12.4,9,1,200.6,15.1,22.1,13.7,13.8,0.386,14.1,0.369,,,,15,,
parasol,5027048651,2015-09-13,53.04256,11.42158,9,25.0,18.2,12.1,7,0,143.3,-6.4,-65.7,16.0,15.0,0.377,15.1,0.366,,,,15,,
parasol,5028225297,2015-09-15,51.94326,10.44448,9,208.0,29.6,12.5,8,1,200.8,12.3,9.7,14.1,15.1,0.36,15.2,0.348,,,,15,,
parasol,5017213583,2015-10-01,51.684,9.8459,10,240.0,18.0,0.0,4,9,167.9,-6.7,10.0,11.8,11.0,0.346,11.7,0.354,,,,15,,
parasol,5023797425,2015-10-03,51.684,9.8459,10,240.0,12.7,0.0,3,11,167.9,-12.4,16.2,11.3,10.5,0.336,11.1,0.346,,,,15,,
parasol,5026690655,2015-10-23,52.58172,10.18364,10,41.0,37.7,0.7,6,7,148.1,26.7,43.9,7.5,9.1,0.267,9.2,0.276,,,,15,,
steinpilz,5892835343,2025-11-10,52.16355,9.38649,11,353.0,21.5,3.6,7,9,135.6,14.2,55.6,7.4,6.3,0.335,7.1,0.327,,,,15,,
steinpilz,5892531384,2025-11-06,52.12572,9.41183,11,216.0,38.8,0.7,9,5,133.7,25.7,40.6,9.0,9.1,0.35,9.4,0.341,,,,15,,
steinpilz,6170931074,2025-10-31,53.13536,9.77653,10,84.0,37.7,19.4,10,1,151.3,43.6,45.4,9.0,8.4,0.282,9.0,0.269,,,,15,,
marone,5889404750,2025-10-31,53.13604,9.78131,10,84.0,37.7,19.4,10,1,151.3,43.6,45.4,9.0,8.4,0.282,9.0,0.269,,,,15,,
steinpilz,5892357697,2025-11-05,51.98042,10.43156,11,292.0,49.1,2.0,8,4,110.1,32.1,3.2,10.2,10.2,0.327,10.3,0.313,,,,15,,
steinpilz,5901642149,2025-11-10,53.21,10.42,11,37.0,23.3,0.1,4,11,105.8,11.9,17.8,8.9,8.1,0.229,8.9,0.23,,,,15,,
steinpilz,5898617787,2025-11-15,53.07177,10.00297,11,102.0,6.6,28.8,4,0,129.0,25.6,53.6,8.7,8.2,0.264,8.8,0.254,,,,15,,
marone,5898618060,2025-11-15,53.06889,10.00127,11,102.0,6.6,28.8,4,0,129.0,25.6,53.6,8.7,8.2,0.264,8.8,0.254,,,,15,,
steinpilz,5897672490,2025-11-14,51.61925,10.26484,11,233.0,16.3,1.6,5,12,180.6,8.1,110.7,8.0,7.3,0.385,7.5,0.383,,,,15,,
steinpilz,5901346190,2025-11-20,52.21761,11.83007,11,99.0,22.5,9.1,8,0,110.6,24.0,39.6,6.2,4.8,0.383,6.1,0.35,,,,15,,
marone,5901569092,2025-11-20,52.21772,11.83004,11,99.0,22.5,9.1,8,0,110.6,24.0,39.6,6.2,4.8,0.383,6.1,0.35,,,,15,,
marone,5902297405,2025-11-20,52.21722,11.83034,11,99.0,22.5,9.1,8,0,110.6,24.0,39.6,6.2,4.8,0.383,6.1,0.35,,,,15,,
marone,5903201598,2025-11-20,52.21464,11.79366,11,99.0,22.5,9.1,8,0,110.6,24.0,39.6,6.2,4.8,0.383,6.1,0.35,,,,15,,
steinpilz,5901665616,2025-11-15,53.35394,9.92299,11,62.0,5.7,36.2,4,0,138.9,31.6,65.0,9.0,8.3,0.26,8.8,0.257,,,,15,,
steinpilz,5902100474,2025-11-05,53.4074,9.54098,11,42.0,58.2,1.5,8,4,141.9,47.0,49.7,9.8,9.7,0.384,9.9,0.386,,,,15,,
steinpilz,5901901034,2025-11-23,53.35253,10.43434,11,17.0,41.3,7.7,6,3,132.4,41.8,69.1,4.8,1.6,0.268,3.1,0.272,,,,15,,
steinpilz,5902443461,2025-11-14,53.21006,10.34796,11,52.0,3.1,21.5,3,0,122.4,13.8,41.4,9.0,8.5,0.239,8.8,0.231,,,,15,,
steinpilz,5902866512,2025-11-17,53.23506,9.82229,11,55.0,2.5,39.9,4,1,158.5,32.6,88.2,8.0,7.2,0.281,8.0,0.275,,,,15,,
steinpilz,5903093695,2025-11-10,53.00168,10.8005,11,82.0,21.4,0.5,4,9,112.5,11.2,24.9,8.3,7.1,0.215,8.0,0.217,,,,15,,
steinpilz,5903052088,2025-11-17,53.12181,9.9289,11,83.0,3.1,35.4,5,1,147.9,28.9,77.9,8.0,7.1,0.28,8.0,0.274,,,,15,,
steinpilz,5903171165,2025-11-08,52.67622,10.11562,11,79.0,42.5,0.1,7,9,136.2,30.8,47.1,8.8,8.5,0.229,9.1,0.229,,,,15,,
steinpilz,5903188018,2025-11-09,51.68423,9.44789,11,333.0,44.8,1.9,8,8,161.7,36.3,85.6,7.5,7.2,0.356,7.8,0.354,,,,15,,
steinpilz,5903569257,2025-11-17,53.24437,10.20293,11,36.0,1.7,39.7,4,1,129.4,31.4,53.9,8.2,7.3,0.264,8.0,0.244,,,,15,,
marone,5903572392,2025-11-17,53.24437,10.20293,11,36.0,1.7,39.7,4,1,129.4,31.4,53.9,8.2,7.3,0.264,8.0,0.244,,,,15,,
steinpilz,5920434583,2025-11-12,52.9815,9.27185,11,51.0,15.5,3.1,5,13,133.1,7.8,54.1,9.3,8.1,0.381,8.8,0.379,,,,15,,
parasol,5920016494,2025-11-12,52.98165,9.27185,11,51.0,15.5,3.1,5,13,133.1,7.8,54.1,9.3,8.1,0.381,8.8,0.379,,,,15,,
steinpilz,6410868303,2025-11-21,53.13728,10.1079,11,71.0,42.2,8.6,6,1,140.4,44.2,77.4,5.5,3.0,0.277,4.5,0.276,,,,15,,
steinpilz,6411602874,2025-11-16,53.35414,9.92341,11,62.0,2.9,40.0,4,0,140.3,33.0,68.6,8.5,7.8,0.272,8.4,0.268,,,,15,,
steinpilz,6423513503,2024-07-15,52.24809,9.1529,7,289.0,32.8,14.2,8,3,184.9,-6.5,-29.5,16.1,18.2,0.338,17.8,0.318,,,,15,,
steinpilz,4933242532,2024-08-14,51.529,9.00239,8,216.0,22.7,13.4,7,0,216.7,-17.0,-6.1,19.8,20.5,0.33,19.7,0.329,,,,15,,
steinpilz,4931528267,2024-08-04,51.56824,9.95404,8,285.0,46.5,31.7,10,0,185.8,22.3,-43.4,19.3,20.3,0.361,19.8,0.362,,,,15,,
steinpilz,4946217922,2024-09-16,53.151,9.07512,9,13.0,27.9,0.4,5,5,121.6,-14.3,-85.3,17.3,12.9,0.674,14.3,0.665,,,,15,,
steinpilz,4952525053,2024-09-28,51.7174,11.08179,9,424.0,20.1,23.0,6,0,158.9,11.1,-43.2,14.0,14.1,0.309,14.6,0.258,,,,15,,
steinpilz,4952622754,2024-09-28,51.71762,11.08115,9,424.0,20.1,23.0,6,0,158.9,11.1,-43.2,14.0,14.1,0.309,14.6,0.258,,,,15,,
steinpilz,4994047339,2024-09-28,51.68468,11.07304,9,424.0,20.1,23.0,6,0,158.9,11.1,-43.2,14.0,14.1,0.309,14.6,0.258,,,,15,,
birkenpilz,6320349629,2024-09-28,51.71735,11.08119,9,424.0,20.1,23.0,6,0,158.9,11.1,-43.2,14.0,14.1,0.309,14.6,0.258,,,,15,,
steinpilz,4956331913,2024-09-24,53.1751,9.96991,9,95.0,22.4,2.6,5,13,134.6,-8.5,-62.4,14.3,16.1,0.201,16.2,0.207,,,,15,,
steinpilz,4956401040,2024-09-24,53.16468,9.96627,9,95.0,22.4,2.6,5,13,134.6,-8.5,-62.4,14.3,16.1,0.201,16.2,0.207,,,,15,,
steinpilz,4956862431,2024-09-24,53.16832,9.96044,9,95.0,22.4,2.6,5,13,134.6,-8.5,-62.4,14.3,16.1,0.201,16.2,0.207,,,,15,,
steinpilz,4946312023,2024-09-13,53.22133,9.24348,9,32.0,21.3,23.9,6,2,139.3,-1.9,-75.2,18.2,15.7,0.255,16.9,0.239,,,,15,,
steinpilz,4956423781,2024-09-05,52.88705,10.09432,9,63.0,11.1,14.8,3,1,139.9,-32.7,-90.5,20.2,21.1,0.116,20.3,0.11,,,,15,,
steinpilz,4956592777,2024-09-26,53.40674,10.2353,9,15.0,1.2,19.3,4,0,138.2,-11.6,-55.5,14.5,15.3,0.439,15.6,0.432,,,,15,,
schwefelporling,4956701761,2024-09-26,53.40605,10.23547,9,15.0,1.2,19.3,4,0,138.2,-11.6,-55.5,14.5,15.3,0.439,15.6,0.432,,,,15,,
steinpilz,4956511938,2024-09-27,52.49603,9.70177,9,58.0,5.8,26.8,5,0,105.8,-0.1,-90.9,15.1,15.4,0.358,15.8,0.342,,,,15,,
steinpilz,4956697739,2024-09-25,53.16132,9.96711,9,130.0,20.7,11.5,5,0,138.0,-0.0,-57.8,14.1,15.7,0.207,16.0,0.205,,,,15,,
steinpilz,4956822705,2024-09-29,53.03571,9.87278,9,91.0,20.6,14.7,5,2,158.1,4.6,-28.0,14.5,13.4,0.272,14.3,0.259,,,,15,,
steinpilz,4957324790,2024-09-29,53.34625,10.06451,9,69.0,15.1,14.6,6,2,135.1,-0.8,-50.0,14.4,13.6,0.256,14.3,0.238,,,,15,,
steinpilz,4957904990,2024-09-29,52.46192,9.86364,9,72.0,13.6,26.4,6,2,116.8,8.0,-75.6,14.9,14.0,0.388,14.7,0.365,,,,15,,
steinpilz,5022755021,2024-09-29,52.46462,9.93061,9,72.0,13.6,26.4,6,2,116.8,8.0,-75.6,14.9,14.0,0.388,14.7,0.365,,,,15,,
steinpilz,5023896165,2024-09-29,52.46332,9.86434,9,72.0,13.6,26.4,6,2,116.8,8.0,-75.6,14.9,14.0,0.388,14.7,0.365,,,,15,,
marone,5013408314,2024-09-29,52.46332,9.86434,9,72.0,13.6,26.4,6,2,116.8,8.0,-75.6,14.9,14.0,0.388,14.7,0.365,,,,15,,
marone,5017005910,2024-09-29,52.46462,9.93061,9,72.0,13.6,26.4,6,2,116.8,8.0,-75.6,14.9,14.0,0.388,14.7,0.365,,,,15,,
birkenpilz,5023110146,2024-09-29,52.46332,9.86434,9,72.0,13.6,26.4,6,2,116.8,8.0,-75.6,14.9,14.0,0.388,14.7,0.365,,,,15,,
birkenpilz,5023331209,2024-09-29,52.46462,9.93061,9,72.0,13.6,26.4,6,2,116.8,8.0,-75.6,14.9,14.0,0.388,14.7,0.365,,,,15,,
parasol,5022288866,2024-09-29,52.46462,9.93061,9,72.0,13.6,26.4,6,2,116.8,8.0,-75.6,14.9,14.0,0.388,14.7,0.365,,,,15,,
steinpilz,4957897268,2024-09-27,52.42252,10.9392,9,76.0,0.4,39.4,4,0,118.1,5.6,-86.4,15.1,15.2,0.358,15.6,0.341,,,,15,,
steinpilz,4957632166,2024-09-27,53.14516,9.8221,9,72.0,7.9,23.1,6,0,162.0,-1.0,-29.7,14.5,15.0,0.233,15.3,0.217,,,,15,,
steinpilz,4957938365,2024-09-25,52.70658,9.64451,9,41.0,13.3,12.4,4,0,137.7,-6.7,-59.1,14.6,16.0,0.212,16.3,0.207,,,,15,,
steinpilz,4957950458,2024-09-28,53.10403,9.84498,9,89.0,9.1,25.3,7,0,165.7,3.0,-23.5,14.5,14.2,0.245,14.9,0.226,,,,15,,
steinpilz,5016001454,2024-09-22,52.44976,9.14762,9,75.0,23.7,1.5,4,11,113.8,-9.8,-89.1,15.1,16.4,0.333,16.3,0.335,,,,15,,
steinpilz,5008205197,2024-09-21,52.1413,9.35881,9,186.0,33.7,2.0,5,10,150.1,2.2,-43.9,14.8,15.5,0.334,15.3,0.336,,,,15,,
steinpilz,5026312389,2024-09-21,52.53689,9.70311,9,81.0,31.9,0.0,3,10,139.4,-5.5,-66.7,15.6,16.4,0.22,16.3,0.224,,,,15,,
birkenpilz,5020332791,2024-09-21,52.53689,9.70311,9,81.0,31.9,0.0,3,10,139.4,-5.5,-66.7,15.6,16.4,0.22,16.3,0.224,,,,15,,
steinpilz,5166801525,2024-09-22,53.12456,9.76442,9,67.0,35.2,3.0,5,3,133.8,2.3,-68.0,15.1,16.5,0.222,16.3,0.226,,,,15,,
steinpilz,5176969464,2024-09-21,51.94024,10.20551,9,324.0,53.0,1.1,6,8,214.8,19.2,11.1,14.4,15.0,0.337,14.9,0.335,,,,15,,
steinpilz,5024026201,2024-09-30,52.59806,10.05158,9,43.0,25.5,6.2,4,3,150.7,-0.8,-41.5,15.0,13.3,0.268,14.1,0.254,,,,15,,
parasol,5025761563,2024-09-30,52.59806,10.05158,9,43.0,25.5,6.2,4,3,150.7,-0.8,-41.5,15.0,13.3,0.268,14.1,0.254,,,,15,,
steinpilz,4954425703,2024-10-12,52.98464,11.88818,10,39.0,30.7,15.9,6,2,120.8,25.8,-55.2,11.0,12.0,0.274,12.4,0.265,,,,15,,
marone,4954290728,2024-10-12,52.98583,11.88575,10,39.0,30.7,15.9,6,2,120.8,25.8,-55.2,11.0,12.0,0.274,12.4,0.265,,,,15,,
marone,4954699068,2024-10-12,52.98431,11.88965,10,39.0,30.7,15.9,6,2,120.8,25.8,-55.2,11.0,12.0,0.274,12.4,0.265,,,,15,,
marone,4974142801,2024-10-12,52.98543,11.8802,10,39.0,30.7,15.9,6,2,120.8,25.8,-55.2,11.0,12.0,0.274,12.4,0.265,,,,15,,
steinpilz,4954393943,2024-10-13,53.28498,10.55074,10,42.0,34.3,19.5,7,0,167.0,33.7,11.7,10.6,11.5,0.487,12.0,0.483,,,,15,,
steinpilz,4954463949,2024-10-11,53.31111,11.54139,10,39.0,28.1,24.7,7,1,134.4,31.4,-36.1,11.0,11.6,0.267,11.9,0.261,,,,15,,
steinpilz,4954602862,2024-10-11,53.31264,11.53836,10,39.0,28.1,24.7,7,1,134.4,31.4,-36.1,11.0,11.6,0.267,11.9,0.261,,,,15,,
steinpilz,4954671903,2024-10-11,53.31058,11.53727,10,39.0,28.1,24.7,7,1,134.4,31.4,-36.1,11.0,11.6,0.267,11.9,0.261,,,,15,,
steinpilz,5177173388,2024-10-11,53.31146,11.53498,10,39.0,28.1,24.7,7,1,134.4,31.4,-36.1,11.0,11.6,0.267,11.9,0.261,,,,15,,
steinpilz,4954497621,2024-10-03,53.08162,9.18695,10,16.0,31.8,14.0,8,2,121.6,17.1,-53.9,13.8,11.6,0.398,12.6,0.403,,,,15,,
steinpilz,4973871206,2024-10-19,53.30764,11.5397,10,43.0,29.2,0.5,4,6,131.2,11.1,-23.0,10.6,10.3,0.24,10.6,0.248,,,,15,,
steinpilz,4956414588,2024-10-02,53.45799,9.83889,10,55.0,25.2,22.3,6,1,142.2,18.4,-34.0,13.8,11.8,0.394,12.7,0.383,,,,15,,
steinpilz,4973932535,2024-10-19,51.50531,11.91801,10,114.0,29.8,0.6,6,6,119.3,8.3,-52.3,11.5,10.9,0.345,11.3,0.341,,,,15,,
steinpilz,4974242819,2024-10-18,53.22158,9.95508,10,109.0,45.9,0.6,4,5,175.7,27.0,28.2,10.4,9.8,0.255,10.2,0.257,,,,15,,
marone,4973927661,2024-10-18,53.21924,9.96342,10,109.0,45.9,0.6,4,5,175.7,27.0,28.2,10.4,9.8,0.255,10.2,0.257,,,,15,,
marone,4974052291,2024-10-18,53.23518,9.95523,10,109.0,45.9,0.6,4,5,175.7,27.0,28.2,10.4,9.8,0.255,10.2,0.257,,,,15,,
marone,4974164894,2024-10-18,53.21977,9.96544,10,109.0,45.9,0.6,4,5,175.7,27.0,28.2,10.4,9.8,0.255,10.2,0.257,,,,15,,
marone,4974177891,2024-10-18,53.22909,9.96401,10,109.0,45.9,0.6,4,5,175.7,27.0,28.2,10.4,9.8,0.255,10.2,0.257,,,,15,,
marone,4976448912,2024-10-18,53.22498,9.965,10,109.0,45.9,0.6,4,5,175.7,27.0,28.2,10.4,9.8,0.255,10.2,0.257,,,,15,,
steinpilz,4976264838,2024-10-25,52.42667,10.30159,10,64.0,11.1,2.1,5,12,147.0,-5.6,13.7,11.3,12.4,0.374,12.7,0.377,,,,15,,
steinpilz,4976532680,2024-10-24,53.23398,10.81236,10,81.0,22.2,8.8,4,2,155.2,12.8,19.8,11.0,12.2,0.468,12.5,0.464,,,,15,,
marone,4976599478,2024-10-24,53.23335,10.81478,10,81.0,22.2,8.8,4,2,155.2,12.8,19.8,11.0,12.2,0.468,12.5,0.464,,,,15,,
steinpilz,4976663661,2024-10-24,53.3109,10.46618,10,19.0,23.6,8.0,5,2,172.0,13.9,36.3,10.8,12.0,0.242,12.2,0.236,,,,15,,
steinpilz,4985495929,2024-10-24,52.53318,10.46165,10,59.0,16.4,3.9,5,5,176.0,1.8,40.1,11.3,12.6,0.247,12.8,0.248,,,,15,,
steinpilz,4986618096,2024-10-16,52.57882,9.33079,10,70.0,29.1,4.4,5,3,148.4,13.5,-1.4,10.6,9.5,0.266,10.4,0.271,,,,15,,
steinpilz,4985529968,2024-10-18,52.27259,10.57845,10,75.0,30.1,0.0,4,5,146.0,10.1,-7.9,10.8,10.3,0.374,10.7,0.377,,,,15,,
steinpilz,4986219626,2024-10-19,53.05177,9.9138,10,111.0,33.3,2.4,5,6,159.4,17.1,14.4,10.7,10.5,0.256,10.8,0.265,,,,15,,
steinpilz,4993802903,2024-10-19,51.70482,11.25411,10,297.0,41.5,0.0,8,6,152.0,22.1,-3.8,10.8,10.4,0.358,10.7,0.361,,,,15,,
steinpilz,5013494630,2024-10-13,51.76667,10.34195,10,576.0,49.6,31.2,11,0,272.9,66.2,132.1,8.5,9.4,0.417,10.0,0.419,,,,15,,
steinpilz,5015967018,2024-10-05,52.53689,9.70311,10,81.0,65.3,5.5,9,3,154.9,45.1,-21.7,12.8,11.2,0.281,12.0,0.28,,,,15,,
marone,5021046133,2024-10-05,52.53689,9.70311,10,81.0,65.3,5.5,9,3,154.9,45.1,-21.7,12.8,11.2,0.281,12.0,0.28,,,,15,,
birkenpilz,5026880799,2024-10-05,52.53689,9.70311,10,81.0,65.3,5.5,9,3,154.9,45.1,-21.7,12.8,11.2,0.281,12.0,0.28,,,,15,,
parasol,5018097187,2024-10-05,52.53689,9.70311,10,81.0,65.3,5.5,9,3,154.9,45.1,-21.7,12.8,11.2,0.281,12.0,0.28,,,,15,,
steinpilz,5017348566,2024-10-04,53.42038,11.35265,10,47.0,41.4,16.5,8,3,131.3,29.9,-52.6,13.0,10.7,0.378,11.6,0.369,,,,15,,
steinpilz,5019868974,2024-10-04,53.40372,11.40753,10,47.0,41.4,16.5,8,3,131.3,29.9,-52.6,13.0,10.7,0.378,11.6,0.369,,,,15,,
marone,5019939714,2024-10-04,53.42038,11.35265,10,47.0,41.4,16.5,8,3,131.3,29.9,-52.6,13.0,10.7,0.378,11.6,0.369,,,,15,,
marone,5020359684,2024-10-04,53.40372,11.40753,10,47.0,41.4,16.5,8,3,131.3,29.9,-52.6,13.0,10.7,0.378,11.6,0.369,,,,15,,
schwefelporling,5014530879,2024-10-04,53.40372,11.40753,10,47.0,41.4,16.5,8,3,131.3,29.9,-52.6,13.0,10.7,0.378,11.6,0.369,,,,15,,
parasol,5023656210,2024-10-04,53.42038,11.35265,10,47.0,41.4,16.5,8,3,131.3,29.9,-52.6,13.0,10.7,0.378,11.6,0.369,,,,15,,
steinpilz,5014904735,2024-10-08,52.90248,9.55038,10,68.0,55.9,2.1,7,7,138.3,34.9,-27.6,11.9,11.2,0.259,11.5,0.27,,,,15,,
steinpilz,5018594787,2024-10-12,51.83695,10.39942,10,587.0,56.0,31.5,11,2,279.5,72.2,135.0,8.7,10.0,0.407,10.4,0.405,,,,15,,
marone,5024851266,2024-10-12,51.83695,10.39942,10,587.0,56.0,31.5,11,2,279.5,72.2,135.0,8.7,10.0,0.407,10.4,0.405,,,,15,,
pfifferling,5013408380,2024-10-12,51.83695,10.39942,10,587.0,56.0,31.5,11,2,279.5,72.2,135.0,8.7,10.0,0.407,10.4,0.405,,,,15,,
steinpilz,5019766029,2024-10-06,52.93105,9.47159,10,37.0,57.3,0.1,7,5,147.8,32.9,-21.5,12.2,10.7,0.276,11.5,0.282,,,,15,,
steinpilz,5020805863,2024-10-17,52.4977,9.34668,10,63.0,26.3,0.5,3,4,153.5,7.2,11.9,10.9,10.0,0.389,10.6,0.397,,,,15,,
marone,5025340104,2024-10-17,52.4977,9.34668,10,63.0,26.3,0.5,3,4,153.5,7.2,11.9,10.9,10.0,0.389,10.6,0.397,,,,15,,
birkenpilz,5023712786,2024-10-17,52.4977,9.34668,10,63.0,26.3,0.5,3,4,153.5,7.2,11.9,10.9,10.0,0.389,10.6,0.397,,,,15,,
steinpilz,5023880044,2024-10-23,52.36751,11.27803,10,110.0,19.1,3.7,5,10,145.4,2.7,1.4,11.6,13.1,0.368,13.0,0.373,,,,15,,
marone,5022921269,2024-10-23,52.36751,11.27803,10,110.0,19.1,3.7,5,10,145.4,2.7,1.4,11.6,13.1,0.368,13.0,0.373,,,,15,,
parasol,5024408479,2024-10-23,52.36751,11.27803,10,110.0,19.1,3.7,5,10,145.4,2.7,1.4,11.6,13.1,0.368,13.0,0.373,,,,15,,
steinpilz,5158250224,2024-10-10,52.99074,11.3382,10,28.0,45.4,23.7,9,0,137.3,46.9,-39.7,11.9,12.0,0.264,12.3,0.256,,,,15,,
steinpilz,5027011334,2024-10-26,52.44976,9.14762,10,75.0,11.7,0.0,4,5,134.7,-6.4,7.6,11.9,12.3,0.382,12.5,0.385,,,,15,,
marone,5018390184,2024-10-26,52.44976,9.14762,10,75.0,11.7,0.0,4,5,134.7,-6.4,7.6,11.9,12.3,0.382,12.5,0.385,,,,15,,
parasol,5026286165,2024-10-26,52.44976,9.14762,10,75.0,11.7,0.0,4,5,134.7,-6.4,7.6,11.9,12.3,0.382,12.5,0.385,,,,15,,
steinpilz,5176415464,2024-10-03,52.33212,9.87129,10,88.0,27.5,23.4,9,1,120.7,22.1,-60.6,14.0,11.9,0.39,12.9,0.381,,,,15,,
steinpilz,5168234810,2024-10-20,52.10222,9.44903,10,170.0,35.2,6.1,5,1,150.7,23.5,14.6,11.1,11.2,0.377,11.2,0.382,,,,15,,
steinpilz,5176545446,2024-10-29,53.1999,10.6132,10,38.0,8.2,3.2,4,7,160.5,-4.2,41.4,11.7,11.1,0.239,11.3,0.243,,,,15,,
steinpilz,5176649469,2024-10-15,53.06608,9.22241,10,16.0,45.5,4.6,6,2,136.9,30.0,-12.1,10.5,9.9,0.4,10.9,0.405,,,,15,,
steinpilz,5896998711,2024-10-23,53.15382,10.42026,10,82.0,31.1,8.4,6,1,170.4,21.8,31.8,11.1,12.5,0.238,12.6,0.231,,,,15,,
marone,5897005271,2024-10-23,53.15382,10.42026,10,82.0,31.1,8.4,6,1,170.4,21.8,31.8,11.1,12.5,0.238,12.6,0.231,,,,15,,
schwefelporling,6342831670,2024-10-23,53.22564,10.40955,10,82.0,31.1,8.4,6,1,170.4,21.8,31.8,11.1,12.5,0.238,12.6,0.231,,,,15,,
steinpilz,5896998664,2024-10-22,53.1735,10.37372,10,42.0,32.9,9.1,7,0,170.8,23.8,28.8,11.4,12.6,0.235,12.4,0.229,,,,15,,
steinpilz,5897003987,2024-10-21,53.16615,10.43974,10,38.0,33.3,4.2,6,0,166.4,19.2,22.4,11.4,12.0,0.23,11.8,0.23,,,,15,,
marone,5897002727,2024-10-21,53.16615,10.43974,10,38.0,33.3,4.2,6,0,166.4,19.2,22.4,11.4,12.0,0.23,11.8,0.23,,,,15,,
parasol,5897000196,2024-10-21,53.16615,10.43974,10,38.0,33.3,4.2,6,0,166.4,19.2,22.4,11.4,12.0,0.23,11.8,0.23,,,,15,,
steinpilz,5901268552,2024-10-10,53.03186,10.93606,10,102.0,42.3,23.3,8,0,153.3,44.4,-16.3,11.3,11.6,0.259,11.8,0.252,,,,15,,
steinpilz,5901276792,2024-10-10,53.03201,10.93547,10,102.0,42.3,23.3,8,0,153.3,44.4,-16.3,11.3,11.6,0.259,11.8,0.252,,,,15,,
steinpilz,5901722447,2024-10-10,53.0314,10.93628,10,102.0,42.3,23.3,8,0,153.3,44.4,-16.3,11.3,11.6,0.259,11.8,0.252,,,,15,,
steinpilz,5897010724,2024-10-11,53.19414,10.41096,10,31.0,28.7,24.9,7,1,190.4,31.8,27.8,10.8,11.5,0.251,11.8,0.24,,,,15,,
steinpilz,5896999010,2024-10-18,53.14728,10.45102,10,43.0,31.3,2.0,5,5,168.2,13.7,17.6,10.2,9.8,0.245,10.1,0.244,,,,15,,
steinpilz,6399403500,2024-10-03,53.20441,9.15025,10,27.0,32.9,15.1,9,2,129.2,19.6,-45.3,13.7,11.5,0.397,12.5,0.399,,,,15,,
steinpilz,4985685252,2024-11-10,53.16694,9.90739,11,147.0,9.5,0.0,2,13,121.6,2.0,42.0,8.2,6.6,0.238,7.6,0.24,,,,15,,
steinpilz,4982010113,2024-11-17,53.21899,10.27141,11,95.0,9.5,4.4,3,0,102.7,6.8,32.3,6.7,7.5,0.26,8.0,0.255,,,,15,,
steinpilz,5016303602,2024-11-16,53.42038,11.35265,11,47.0,4.8,2.0,1,5,109.5,0.2,38.6,6.5,6.8,0.338,7.3,0.317,,,,15,,
marone,5013079484,2024-11-16,53.42038,11.35265,11,47.0,4.8,2.0,1,5,109.5,0.2,38.6,6.5,6.8,0.338,7.3,0.317,,,,15,,
steinpilz,4506239995,2023-07-31,51.51696,10.15134,7,194.0,44.2,20.4,10,0,171.7,17.2,-83.4,16.9,16.7,0.38,16.5,0.348,,,,15,,
steinpilz,4596738273,2023-07-22,51.77766,10.53469,7,737.0,21.5,12.8,10,1,195.4,-27.1,-39.6,17.0,15.0,0.295,15.3,0.27,,,,15,,
steinpilz,4177171017,2023-08-13,52.30832,10.4772,8,65.0,68.3,4.0,9,1,243.9,23.4,3.9,17.7,18.0,0.349,17.4,0.345,,,,15,,
steinpilz,4171754511,2023-08-05,53.22264,10.4109,8,25.0,77.7,14.1,12,2,216.2,53.0,-35.1,16.8,17.2,0.284,17.0,0.273,,,,15,,
sommersteinpilz,5025415098,2023-08-05,53.23697,10.44336,8,25.0,77.7,14.1,12,2,216.2,53.0,-35.1,16.8,17.2,0.284,17.0,0.273,,,,15,,
pfifferling,5023536146,2023-08-05,53.2341,10.4328,8,25.0,77.7,14.1,12,2,216.2,53.0,-35.1,16.8,17.2,0.284,17.0,0.273,,,,15,,
birkenpilz,5020523769,2023-08-05,53.2341,10.4328,8,25.0,77.7,14.1,12,2,216.2,53.0,-35.1,16.8,17.2,0.284,17.0,0.273,,,,15,,
steinpilz,4177371100,2023-08-13,51.83258,10.30604,8,481.0,85.4,2.2,11,4,287.4,47.6,72.5,14.8,15.5,0.371,14.9,0.372,,,,15,,
steinpilz,4177412068,2023-08-13,51.84036,10.33863,8,481.0,85.4,2.2,11,4,287.4,47.6,72.5,14.8,15.5,0.371,14.9,0.372,,,,15,,
marone,4525003200,2023-08-13,51.84031,10.3392,8,481.0,85.4,2.2,11,4,287.4,47.6,72.5,14.8,15.5,0.371,14.9,0.372,,,,15,,
steinpilz,4400065534,2023-08-15,52.32174,10.42372,8,67.0,53.5,8.7,10,3,248.6,13.2,12.6,18.2,19.6,0.34,18.7,0.335,,,,15,,
steinpilz,4409159375,2023-08-02,53.07293,10.19986,8,83.0,62.6,39.0,15,0,211.4,63.2,-42.3,16.3,17.2,0.282,17.0,0.262,,,,15,,
steinpilz,4409520204,2023-08-05,53.10668,9.82536,8,96.0,82.3,27.0,14,2,227.1,72.7,-16.7,16.3,16.7,0.297,16.6,0.288,,,,15,,
steinpilz,4410455347,2023-08-12,53.222,10.82062,8,88.0,68.2,4.0,10,0,224.0,29.7,-4.6,17.0,16.7,0.47,16.4,0.468,,,,15,,
steinpilz,4458594081,2023-08-13,51.95177,9.19975,8,232.0,78.8,5.0,10,1,225.3,39.4,-7.6,16.5,17.0,0.373,16.4,0.371,,,,15,,
parasol,4177391931,2023-08-13,51.96042,9.20667,8,232.0,78.8,5.0,10,1,225.3,39.4,-7.6,16.5,17.0,0.373,16.4,0.371,,,,15,,
steinpilz,4459469040,2023-08-14,52.09763,9.89868,8,204.0,62.4,10.4,10,0,234.7,25.2,-8.2,17.2,18.2,0.335,17.5,0.316,,,,15,,
steinpilz,4460242085,2023-08-19,53.13241,10.11875,8,73.0,10.7,45.6,6,0,301.7,9.6,88.1,18.1,20.1,0.232,19.3,0.234,,,,15,,
steinpilz,4460578426,2023-08-16,51.52954,9.00196,8,243.0,56.9,9.3,11,1,252.2,23.6,29.6,16.7,18.8,0.385,18.1,0.384,,,,15,,
steinpilz,4462190784,2023-08-16,51.52937,9.00213,8,243.0,56.9,9.3,11,1,252.2,23.6,29.6,16.7,18.8,0.385,18.1,0.384,,,,15,,
steinpilz,4461328283,2023-08-16,51.87924,10.57442,8,315.0,32.6,16.7,10,0,228.7,2.5,-0.8,17.2,19.5,0.343,18.5,0.328,,,,15,,
steinpilz,4461558520,2023-08-19,52.06516,10.00283,8,195.0,31.6,26.6,10,1,266.6,10.8,34.9,18.5,20.4,0.38,19.7,0.352,,,,15,,
pfifferling,4410526365,2023-08-19,52.06516,10.00283,8,195.0,31.6,26.6,10,1,266.6,10.8,34.9,18.5,20.4,0.38,19.7,0.352,,,,15,,
steinpilz,4461031708,2023-08-05,52.89201,10.08697,8,61.0,74.8,37.1,14,2,227.7,74.2,-22.0,16.6,17.0,0.288,16.9,0.273,,,,15,,
pfifferling,4410525180,2023-08-05,52.89547,10.09184,8,61.0,74.8,37.1,14,2,227.7,74.2,-22.0,16.6,17.0,0.288,16.9,0.273,,,,15,,
steinpilz,4506238040,2023-08-04,51.50199,10.16927,8,200.0,53.8,28.0,12,1,199.7,38.9,-49.2,16.7,17.1,0.399,16.9,0.385,,,,15,,
sommersteinpilz,4177214624,2023-08-04,51.50724,10.15361,8,200.0,53.8,28.0,12,1,199.7,38.9,-49.2,16.7,17.1,0.399,16.9,0.385,,,,15,,
parasol,4506236022,2023-08-04,51.5123,10.16781,8,200.0,53.8,28.0,12,1,199.7,38.9,-49.2,16.7,17.1,0.399,16.9,0.385,,,,15,,
steinpilz,4506402057,2023-08-05,51.51799,10.15119,8,199.0,57.9,18.5,12,2,201.4,31.8,-46.0,16.8,17.0,0.399,16.8,0.387,,,,15,,
sommersteinpilz,4171992257,2023-08-05,51.51774,10.15156,8,199.0,57.9,18.5,12,2,201.4,31.8,-46.0,16.8,17.0,0.399,16.8,0.387,,,,15,,
parasol,4407197726,2023-08-05,51.51576,10.15224,8,199.0,57.9,18.5,12,2,201.4,31.8,-46.0,16.8,17.0,0.399,16.8,0.387,,,,15,,
steinpilz,4506413061,2023-08-03,51.5168,10.15122,8,196.0,53.0,35.1,12,0,198.5,45.0,-52.4,16.7,17.2,0.397,17.1,0.381,,,,15,,
steinpilz,4596743285,2023-08-14,52.28195,10.47405,8,101.0,53.9,7.2,10,2,220.2,12.3,-17.7,17.8,18.8,0.343,18.0,0.332,,,,15,,
steinpilz,5014376696,2023-08-10,52.17211,9.4075,8,257.0,89.4,5.7,13,3,216.2,52.0,-25.4,16.3,15.9,0.376,16.0,0.369,,,,15,,
steinpilz,5021073575,2023-08-17,52.12361,9.37388,8,141.0,25.7,27.8,11,0,246.2,8.1,21.5,17.4,19.1,0.379,18.6,0.367,,,,15,,
steinpilz,5176599392,2023-08-17,52.12903,9.35928,8,141.0,25.7,27.8,11,0,246.2,8.1,21.5,17.4,19.1,0.379,18.6,0.367,,,,15,,
steinpilz,5168070559,2023-08-13,52.30265,9.28098,8,238.0,72.5,4.2,11,1,233.5,31.9,-1.5,16.6,17.3,0.365,16.8,0.364,,,,15,,
steinpilz,5168174558,2023-08-13,52.31763,9.30092,8,238.0,72.5,4.2,11,1,233.5,31.9,-1.5,16.6,17.3,0.365,16.8,0.364,,,,15,,
sommersteinpilz,4177489514,2023-08-13,52.30297,9.28122,8,238.0,72.5,4.2,11,1,233.5,31.9,-1.5,16.6,17.3,0.365,16.8,0.364,,,,15,,
steinpilz,4461764518,2023-09-21,52.52794,9.36554,9,55.0,40.6,4.5,4,0,214.0,1.7,33.0,19.2,18.6,0.22,18.2,0.214,,,,15,,
steinpilz,4414408703,2023-09-16,51.72507,10.61668,9,576.0,7.6,16.7,2,3,244.8,-22.9,72.4,17.3,15.7,0.343,15.9,0.334,,,,15,,
marone,4414247695,2023-09-16,51.72417,10.61762,9,576.0,7.6,16.7,2,3,244.8,-22.9,72.4,17.3,15.7,0.343,15.9,0.334,,,,15,,
pfifferling,4854975622,2023-09-16,51.72338,10.61619,9,576.0,7.6,16.7,2,3,244.8,-22.9,72.4,17.3,15.7,0.343,15.9,0.334,,,,15,,
birkenpilz,4438643991,2023-09-16,51.72391,10.61672,9,576.0,7.6,16.7,2,3,244.8,-22.9,72.4,17.3,15.7,0.343,15.9,0.334,,,,15,,
birkenpilz,4438778016,2023-09-16,51.73298,10.61855,9,576.0,7.6,16.7,2,3,244.8,-22.9,72.4,17.3,15.7,0.343,15.9,0.334,,,,15,,
steinpilz,4462547888,2023-09-29,51.65023,9.59618,9,288.0,13.2,3.4,3,0,179.8,-19.7,5.5,16.3,15.0,0.308,15.0,0.317,,,,15,,
steinpilz,5014706934,2023-09-10,53.42038,11.35265,9,47.0,13.1,0.0,4,10,196.1,-30.7,5.6,17.5,19.9,0.264,19.1,0.288,,,,15,,
marone,5019697576,2023-09-10,53.42038,11.35265,9,47.0,13.1,0.0,4,10,196.1,-30.7,5.6,17.5,19.9,0.264,19.1,0.288,,,,15,,
pfifferling,5020929933,2023-09-10,53.42038,11.35265,9,47.0,13.1,0.0,4,10,196.1,-30.7,5.6,17.5,19.9,0.264,19.1,0.288,,,,15,,
steinpilz,5015185851,2023-09-30,51.90777,9.79086,9,201.0,14.7,0.5,3,9,154.1,-20.9,-21.3,16.5,15.7,0.315,15.8,0.326,,,,15,,
steinpilz,5017993055,2023-09-25,53.22768,10.49771,9,71.0,23.9,21.0,5,2,193.2,6.8,18.7,17.1,16.5,0.186,16.9,0.173,,,,15,,
pfifferling,5012515223,2023-09-25,53.21744,10.54628,9,71.0,23.9,21.0,5,2,193.2,6.8,18.7,17.1,16.5,0.186,16.9,0.173,,,,15,,
steinpilz,5020721110,2023-09-10,52.46332,9.86434,9,72.0,21.0,0.0,3,10,207.3,-25.2,5.9,17.8,20.2,0.29,19.3,0.311,,,,15,,
marone,5012907114,2023-09-10,52.46332,9.86434,9,72.0,21.0,0.0,3,10,207.3,-25.2,5.9,17.8,20.2,0.29,19.3,0.311,,,,15,,
pfifferling,5021941140,2023-09-10,52.46332,9.86434,9,72.0,21.0,0.0,3,10,207.3,-25.2,5.9,17.8,20.2,0.29,19.3,0.311,,,,15,,
birkenpilz,5025416812,2023-09-10,52.46332,9.86434,9,72.0,21.0,0.0,3,10,207.3,-25.2,5.9,17.8,20.2,0.29,19.3,0.311,,,,15,,
parasol,5019147794,2023-09-10,52.46332,9.86434,9,72.0,21.0,0.0,3,10,207.3,-25.2,5.9,17.8,20.2,0.29,19.3,0.311,,,,15,,
steinpilz,4424362068,2023-10-09,52.61626,10.1216,10,43.0,5.0,17.0,6,0,120.8,-5.1,-39.7,16.0,14.7,0.226,15.2,0.208,,,,15,,
steinpilz,4431026988,2023-10-13,52.12837,9.37187,10,196.0,24.8,23.5,6,0,146.1,22.6,-6.9,15.7,15.5,0.379,15.4,0.359,,,,15,,
steinpilz,5024799011,2023-10-13,52.12361,9.37388,10,196.0,24.8,23.5,6,0,146.1,22.6,-6.9,15.7,15.5,0.379,15.4,0.359,,,,15,,
steinpilz,4430775819,2023-10-22,52.58,9.84517,10,39.0,59.7,32.0,9,2,172.4,72.4,34.6,11.8,8.7,0.274,9.7,0.267,,,,15,,
parasol,4431229827,2023-10-22,52.57822,9.84713,10,39.0,59.7,32.0,9,2,172.4,72.4,34.6,11.8,8.7,0.274,9.7,0.267,,,,15,,
steinpilz,4436180642,2023-10-25,52.93417,9.30863,10,59.0,74.4,4.8,9,0,146.8,61.5,19.1,10.9,10.1,0.408,10.6,0.409,,,,15,,
steinpilz,4436189194,2023-10-30,52.13031,9.37324,10,207.0,46.1,23.4,10,0,181.0,56.3,61.3,9.6,10.0,0.411,10.4,0.41,,,,15,,
steinpilz,5025099383,2023-10-30,52.12361,9.37388,10,207.0,46.1,23.4,10,0,181.0,56.3,61.3,9.6,10.0,0.411,10.4,0.41,,,,15,,
marone,4436200902,2023-10-30,52.13043,9.37305,10,207.0,46.1,23.4,10,0,181.0,56.3,61.3,9.6,10.0,0.411,10.4,0.41,,,,15,,
marone,5025371770,2023-10-30,52.12361,9.37388,10,207.0,46.1,23.4,10,0,181.0,56.3,61.3,9.6,10.0,0.411,10.4,0.41,,,,15,,
steinpilz,4436271860,2023-10-29,52.45771,10.81873,10,82.0,34.3,20.2,8,0,175.6,41.0,47.6,9.5,10.7,0.406,11.1,0.397,,,,15,,
marone,4436269135,2023-10-29,52.45825,10.81755,10,82.0,34.3,20.2,8,0,175.6,41.0,47.6,9.5,10.7,0.406,11.1,0.397,,,,15,,
marone,4436400234,2023-10-29,52.45521,10.81233,10,82.0,34.3,20.2,8,0,175.6,41.0,47.6,9.5,10.7,0.406,11.1,0.397,,,,15,,
steinpilz,4436270946,2023-10-30,53.22139,10.41507,10,29.0,41.7,12.5,9,1,193.6,41.8,75.3,9.3,10.1,0.277,10.5,0.27,,,,15,,
steinpilz,4535806947,2023-10-06,52.17884,9.37528,10,309.0,4.7,7.4,4,3,89.3,-16.8,-72.3,14.4,14.2,0.334,14.4,0.325,,,,15,,
steinpilz,4461587287,2023-10-07,51.59162,9.44724,10,198.0,7.9,0.7,2,4,112.6,-22.8,-55.8,14.9,14.7,0.318,14.9,0.303,,,,15,,
steinpilz,4880494083,2023-10-29,53.15565,9.8249,10,74.0,41.7,22.0,10,0,185.3,51.5,68.6,8.8,9.9,0.284,10.2,0.281,,,,15,,
marone,4890517943,2023-10-29,53.15565,9.8249,10,74.0,41.7,22.0,10,0,185.3,51.5,68.6,8.8,9.9,0.284,10.2,0.281,,,,15,,
parasol,4885336944,2023-10-29,53.15565,9.8249,10,74.0,41.7,22.0,10,0,185.3,51.5,68.6,8.8,9.9,0.284,10.2,0.281,,,,15,,
steinpilz,4882596724,2023-10-29,53.1548,9.95966,10,142.0,48.3,20.7,9,0,182.6,57.1,65.4,8.7,9.8,0.287,10.2,0.283,,,,15,,
marone,4890808016,2023-10-29,53.1548,9.95966,10,142.0,48.3,20.7,9,0,182.6,57.1,65.4,8.7,9.8,0.287,10.2,0.283,,,,15,,
pfifferling,4890616582,2023-10-29,53.1548,9.95966,10,142.0,48.3,20.7,9,0,182.6,57.1,65.4,8.7,9.8,0.287,10.2,0.283,,,,15,,
parasol,4881213345,2023-10-29,53.1788,9.99964,10,142.0,48.3,20.7,9,0,182.6,57.1,65.4,8.7,9.8,0.287,10.2,0.283,,,,15,,
parasol,4882084439,2023-10-29,53.15485,9.96041,10,142.0,48.3,20.7,9,0,182.6,57.1,65.4,8.7,9.8,0.287,10.2,0.283,,,,15,,
steinpilz,4885060526,2023-10-29,53.12627,9.89922,10,112.0,41.7,22.0,10,0,185.3,51.5,68.5,8.8,9.9,0.284,10.2,0.281,,,,15,,
marone,4891009312,2023-10-29,53.1262,9.8994,10,112.0,41.7,22.0,10,0,185.3,51.5,68.5,8.8,9.9,0.284,10.2,0.281,,,,15,,
pfifferling,4885680336,2023-10-29,53.12627,9.89922,10,112.0,41.7,22.0,10,0,185.3,51.5,68.5,8.8,9.9,0.284,10.2,0.281,,,,15,,
parasol,4888216360,2023-10-29,53.1262,9.8994,10,112.0,41.7,22.0,10,0,185.3,51.5,68.5,8.8,9.9,0.284,10.2,0.281,,,,15,,
steinpilz,4884709724,2023-10-28,53.15569,9.8202,10,75.0,53.3,14.6,10,1,176.8,55.4,59.0,8.8,9.7,0.28,10.2,0.28,,,,15,,
steinpilz,5013024278,2023-10-28,53.15017,9.82332,10,75.0,53.3,14.6,10,1,176.8,55.4,59.0,8.8,9.7,0.28,10.2,0.28,,,,15,,
marone,4887230303,2023-10-28,53.15541,9.82529,10,75.0,53.3,14.6,10,1,176.8,55.4,59.0,8.8,9.7,0.28,10.2,0.28,,,,15,,
marone,5020873559,2023-10-28,53.15017,9.82332,10,75.0,53.3,14.6,10,1,176.8,55.4,59.0,8.8,9.7,0.28,10.2,0.28,,,,15,,
birkenpilz,5014397360,2023-10-28,53.15017,9.82332,10,75.0,53.3,14.6,10,1,176.8,55.4,59.0,8.8,9.7,0.28,10.2,0.28,,,,15,,
parasol,4881364920,2023-10-28,53.15706,9.82825,10,75.0,53.3,14.6,10,1,176.8,55.4,59.0,8.8,9.7,0.28,10.2,0.28,,,,15,,
parasol,5023188990,2023-10-28,53.15017,9.82332,10,75.0,53.3,14.6,10,1,176.8,55.4,59.0,8.8,9.7,0.28,10.2,0.28,,,,15,,
steinpilz,4891265569,2023-10-29,53.12893,9.82392,10,105.0,41.7,22.0,10,0,185.3,51.5,68.6,8.8,9.9,0.284,10.2,0.281,,,,15,,
marone,4882708549,2023-10-29,53.12893,9.82392,10,105.0,41.7,22.0,10,0,185.3,51.5,68.6,8.8,9.9,0.284,10.2,0.281,,,,15,,
parasol,4890736313,2023-10-29,53.14346,9.82352,10,105.0,41.7,22.0,10,0,185.3,51.5,68.6,8.8,9.9,0.284,10.2,0.281,,,,15,,
steinpilz,4926107051,2023-10-26,53.12476,9.08371,10,33.0,73.8,14.1,10,0,162.9,72.6,41.2,10.3,10.2,0.717,10.5,0.72,,,,15,,
steinpilz,4925895296,2023-10-22,53.20643,9.13695,10,28.0,57.4,38.3,11,1,164.7,78.6,35.9,11.3,8.4,0.403,9.4,0.408,,,,15,,
steinpilz,4926332371,2023-10-28,52.93344,9.30216,10,72.0,44.9,24.5,9,0,158.7,55.1,38.2,9.5,10.4,0.411,10.9,0.411,,,,15,,
steinpilz,5014217471,2023-10-30,53.11412,9.88152,10,96.0,42.5,16.2,10,1,183.7,46.4,68.2,9.1,10.0,0.287,10.3,0.284,,,,15,,
marone,5022719380,2023-10-30,53.11412,9.88152,10,96.0,42.5,16.2,10,1,183.7,46.4,68.2,9.1,10.0,0.287,10.3,0.284,,,,15,,
steinpilz,5013576860,2023-10-29,53.43081,11.34281,10,39.0,35.5,17.2,8,0,188.0,40.5,70.8,8.7,9.7,0.399,10.1,0.39,,,,15,,
steinpilz,5014393566,2023-10-29,53.42038,11.35265,10,47.0,35.5,17.2,8,0,188.0,40.5,70.7,8.7,9.7,0.399,10.1,0.39,,,,15,,
marone,5018800438,2023-10-29,53.42038,11.35265,10,47.0,35.5,17.2,8,0,188.0,40.5,70.7,8.7,9.7,0.399,10.1,0.39,,,,15,,
steinpilz,5012974763,2023-10-19,52.44976,9.14762,10,75.0,62.2,22.1,8,0,171.1,62.1,22.8,13.1,10.0,0.393,11.7,0.39,,,,15,,
marone,5022551935,2023-10-19,52.44976,9.14762,10,75.0,62.2,22.1,8,0,171.1,62.1,22.8,13.1,10.0,0.393,11.7,0.39,,,,15,,
birkenpilz,5016837407,2023-10-19,52.44976,9.14762,10,75.0,62.2,22.1,8,0,171.1,62.1,22.8,13.1,10.0,0.393,11.7,0.39,,,,15,,
steinpilz,5014790120,2023-10-23,52.26443,11.12395,10,156.0,42.9,13.9,8,2,123.5,37.4,-18.1,11.3,9.0,0.393,9.7,0.387,,,,15,,
marone,5022739755,2023-10-23,52.26443,11.12395,10,156.0,42.9,13.9,8,2,123.5,37.4,-18.1,11.3,9.0,0.393,9.7,0.387,,,,15,,
parasol,5024168350,2023-10-23,52.26443,11.12395,10,156.0,42.9,13.9,8,2,123.5,37.4,-18.1,11.3,9.0,0.393,9.7,0.387,,,,15,,
steinpilz,5014895722,2023-10-18,52.45988,9.19221,10,88.0,62.3,1.1,6,4,151.5,40.1,3.1,13.5,11.1,0.273,12.4,0.276,,,,15,,
marone,5012577435,2023-10-18,52.45988,9.19221,10,88.0,62.3,1.1,6,4,151.5,40.1,3.1,13.5,11.1,0.273,12.4,0.276,,,,15,,
parasol,5017901724,2023-10-18,52.45988,9.19221,10,88.0,62.3,1.1,6,4,151.5,40.1,3.1,13.5,11.1,0.273,12.4,0.276,,,,15,,
steinpilz,5016758722,2023-10-30,53.15058,10.46396,10,18.0,42.9,13.9,9,1,189.4,44.4,71.6,9.2,10.1,0.281,10.4,0.276,,,,15,,
steinpilz,5016680227,2023-10-29,52.59049,10.07851,10,42.0,39.5,19.8,10,0,167.0,45.5,45.5,9.5,10.6,0.289,11.0,0.285,,,,15,,
parasol,5028064052,2023-10-29,52.59049,10.07851,10,42.0,39.5,19.8,10,0,167.0,45.5,45.5,9.5,10.6,0.289,11.0,0.285,,,,15,,
steinpilz,5017283744,2023-10-03,53.22099,10.42791,10,39.0,26.4,2.4,6,4,126.3,-5.0,-45.4,16.7,16.8,0.165,16.8,0.164,,,,15,,
marone,5019205694,2023-10-03,53.22099,10.42791,10,39.0,26.4,2.4,6,4,126.3,-5.0,-45.4,16.7,16.8,0.165,16.8,0.164,,,,15,,
steinpilz,5019855924,2023-10-28,53.11587,9.83294,10,102.0,53.3,14.6,10,1,176.8,55.4,59.0,8.8,9.7,0.28,10.2,0.28,,,,15,,
marone,5016594157,2023-10-28,53.11587,9.83294,10,102.0,53.3,14.6,10,1,176.8,55.4,59.0,8.8,9.7,0.28,10.2,0.28,,,,15,,
birkenpilz,5014473123,2023-10-28,53.11587,9.83294,10,102.0,53.3,14.6,10,1,176.8,55.4,59.0,8.8,9.7,0.28,10.2,0.28,,,,15,,
parasol,4882274936,2023-10-28,53.1435,9.82305,10,102.0,53.3,14.6,10,1,176.8,55.4,59.0,8.8,9.7,0.28,10.2,0.28,,,,15,,
steinpilz,5022679289,2023-10-07,52.53689,9.70311,10,81.0,7.2,1.4,2,4,106.9,-21.5,-61.9,16.1,15.8,0.199,16.0,0.187,,,,15,,
marone,5026910561,2023-10-07,52.53689,9.70311,10,81.0,7.2,1.4,2,4,106.9,-21.5,-61.9,16.1,15.8,0.199,16.0,0.187,,,,15,,
birkenpilz,5022090917,2023-10-07,52.53689,9.70311,10,81.0,7.2,1.4,2,4,106.9,-21.5,-61.9,16.1,15.8,0.199,16.0,0.187,,,,15,,
steinpilz,5023286299,2023-10-08,53.45808,11.24365,10,29.0,8.8,23.1,5,1,140.8,6.2,-19.5,15.2,14.2,0.216,14.9,0.184,,,,15,,
marone,5025714840,2023-10-08,53.45808,11.24365,10,29.0,8.8,23.1,5,1,140.8,6.2,-19.5,15.2,14.2,0.216,14.9,0.184,,,,15,,
pfifferling,5026159660,2023-10-08,53.45808,11.24365,10,29.0,8.8,23.1,5,1,140.8,6.2,-19.5,15.2,14.2,0.216,14.9,0.184,,,,15,,
steinpilz,5023534561,2023-10-30,53.15653,9.944,10,141.0,45.6,17.2,9,1,182.0,50.7,66.1,9.1,10.0,0.287,10.3,0.285,,,,15,,
marone,5016414656,2023-10-30,53.15653,9.944,10,141.0,45.6,17.2,9,1,182.0,50.7,66.1,9.1,10.0,0.287,10.3,0.285,,,,15,,
pfifferling,5014344377,2023-10-30,53.15653,9.944,10,141.0,45.6,17.2,9,1,182.0,50.7,66.1,9.1,10.0,0.287,10.3,0.285,,,,15,,
parasol,5014107167,2023-10-30,53.15653,9.944,10,141.0,45.6,17.2,9,1,182.0,50.7,66.1,9.1,10.0,0.287,10.3,0.285,,,,15,,
steinpilz,5027136863,2023-10-15,53.15382,10.42026,10,82.0,38.7,47.0,9,0,180.9,63.0,30.6,14.6,14.1,0.286,14.6,0.279,,,,15,,
marone,5023542571,2023-10-15,53.15382,10.42026,10,82.0,38.7,47.0,9,0,180.9,63.0,30.6,14.6,14.1,0.286,14.6,0.279,,,,15,,
steinpilz,5025356213,2023-10-21,52.53689,9.70311,10,81.0,66.4,30.5,9,1,179.6,77.6,39.0,12.1,8.4,0.271,9.7,0.263,,,,15,,
marone,5021893681,2023-10-21,52.53689,9.70311,10,81.0,66.4,30.5,9,1,179.6,77.6,39.0,12.1,8.4,0.271,9.7,0.263,,,,15,,
pfifferling,5023197295,2023-10-21,52.53689,9.70311,10,81.0,66.4,30.5,9,1,179.6,77.6,39.0,12.1,8.4,0.271,9.7,0.263,,,,15,,
birkenpilz,5023288411,2023-10-21,52.53689,9.70311,10,81.0,66.4,30.5,9,1,179.6,77.6,39.0,12.1,8.4,0.271,9.7,0.263,,,,15,,
steinpilz,5283453294,2023-10-08,52.29124,10.34536,10,71.0,8.7,7.7,2,0,127.0,-14.4,-42.9,16.1,15.4,0.339,15.8,0.323,,,,15,,
steinpilz,5935444001,2023-10-22,53.02411,11.83253,10,29.0,31.4,21.7,7,2,143.5,34.0,6.0,11.1,8.1,0.388,9.2,0.384,,,,15,,
steinpilz,4438979506,2023-11-04,52.27318,10.59318,11,80.0,34.6,3.5,10,4,162.7,22.5,42.7,10.9,10.8,0.397,11.3,0.405,,,,15,,
steinpilz,4438809799,2023-11-05,52.02966,10.2035,11,205.0,33.4,9.5,11,0,174.1,26.8,52.9,10.4,9.9,0.395,10.5,0.395,,,,15,,
steinpilz,4438813467,2023-11-04,52.07992,10.08562,11,221.0,43.4,5.8,11,3,189.2,33.3,68.9,10.7,10.4,0.392,11.0,0.395,,,,15,,
steinpilz,4440982690,2023-11-14,52.18935,10.74911,11,283.0,19.7,27.9,9,1,168.3,34.6,80.0,7.7,6.1,0.4,7.0,0.397,,,,15,,
steinpilz,5014533676,2023-11-12,52.1297,9.84593,11,244.0,28.4,25.4,10,1,219.8,38.5,123.7,8.7,7.2,0.395,8.3,0.393,,,,15,,
steinpilz,4442465953,2023-11-21,52.29617,10.62801,11,101.0,33.9,26.0,11,1,194.4,50.1,115.6,7.2,6.8,0.408,7.6,0.415,,,,15,,
steinpilz,4461734327,2023-11-21,52.29545,10.6285,11,101.0,33.9,26.0,11,1,194.4,50.1,115.6,7.2,6.8,0.408,7.6,0.415,,,,15,,
steinpilz,5020801351,2023-11-21,52.30459,10.61156,11,101.0,33.9,26.0,11,1,194.4,50.1,115.6,7.2,6.8,0.408,7.6,0.415,,,,15,,
marone,5023321594,2023-11-21,52.30459,10.61156,11,101.0,33.9,26.0,11,1,194.4,50.1,115.6,7.2,6.8,0.408,7.6,0.415,,,,15,,
steinpilz,4925997958,2023-11-11,52.76073,9.6888,11,30.0,40.0,26.3,13,0,203.7,52.4,112.3,9.9,8.6,0.29,9.5,0.291,,,,15,,
steinpilz,4926076082,2023-11-11,52.76028,9.67187,11,30.0,40.0,26.3,13,0,203.7,52.4,112.3,9.9,8.6,0.29,9.5,0.291,,,,15,,
steinpilz,5166770549,2023-11-11,52.75337,9.67145,11,30.0,40.0,26.3,13,0,203.7,52.4,112.3,9.9,8.6,0.29,9.5,0.291,,,,15,,
steinpilz,6188396872,2023-11-11,52.76375,9.68186,11,30.0,40.0,26.3,13,0,203.7,52.4,112.3,9.9,8.6,0.29,9.5,0.291,,,,15,,
steinpilz,5018698422,2023-11-04,52.44976,9.14762,11,75.0,37.7,7.3,12,0,214.3,28.2,95.1,11.2,11.0,0.4,11.5,0.405,,,,15,,
marone,5018146953,2023-11-04,52.44976,9.14762,11,75.0,37.7,7.3,12,0,214.3,28.2,95.1,11.2,11.0,0.4,11.5,0.405,,,,15,,
birkenpilz,5014762821,2023-11-04,52.44976,9.14762,11,75.0,37.7,7.3,12,0,214.3,28.2,95.1,11.2,11.0,0.4,11.5,0.405,,,,15,,
parasol,5016652615,2023-11-04,52.44976,9.14762,11,75.0,37.7,7.3,12,0,214.3,28.2,95.1,11.2,11.0,0.4,11.5,0.405,,,,15,,
steinpilz,5019947679,2023-11-11,53.30104,11.15872,11,28.0,36.1,9.9,13,2,191.3,34.4,104.1,9.3,8.3,0.272,9.1,0.271,,,,15,,
marone,5017557279,2023-11-11,53.30104,11.15872,11,28.0,36.1,9.9,13,2,191.3,34.4,104.1,9.3,8.3,0.272,9.1,0.271,,,,15,,
steinpilz,5020772927,2023-11-22,52.072,9.96838,11,299.0,55.9,13.7,12,2,205.0,61.1,130.0,5.7,5.1,0.405,6.1,0.411,,,,15,,
parasol,5025659459,2023-11-22,52.072,9.96838,11,299.0,55.9,13.7,12,2,205.0,61.1,130.0,5.7,5.1,0.405,6.1,0.411,,,,15,,
steinpilz,5022169004,2023-11-02,53.40713,10.23547,11,15.0,54.2,11.6,11,1,183.6,54.8,74.7,10.0,10.2,0.498,10.5,0.502,,,,15,,
steinpilz,5022811039,2023-11-15,52.17184,10.82425,11,230.0,31.2,17.8,9,0,174.6,36.0,86.5,8.3,6.9,0.403,7.8,0.401,,,,15,,
parasol,5013540175,2023-11-15,52.17184,10.82425,11,230.0,31.2,17.8,9,0,174.6,36.0,86.5,8.3,6.9,0.403,7.8,0.401,,,,15,,
steinpilz,3923662083,2022-09-30,52.30756,10.55541,9,95.0,24.8,15.4,7,2,72.4,14.0,-126.9,11.1,10.8,0.33,11.7,0.279,,,,15,,
steinpilz,3994157579,2022-09-30,53.27046,9.75699,9,72.0,39.4,21.4,9,3,130.2,39.4,-55.6,10.7,10.3,0.284,11.0,0.274,,,,15,,
steinpilz,3995107824,2022-09-01,52.97754,9.8419,9,59.0,7.8,0.2,2,6,66.2,-46.2,-178.8,19.7,18.8,0.217,19.3,0.181,,,,15,,
steinpilz,3995120246,2022-09-25,52.2868,9.43655,9,308.0,18.9,4.3,8,1,79.6,-4.5,-122.1,11.7,10.7,0.344,11.2,0.299,,,,15,,
steinpilz,3995176079,2022-09-10,53.12081,10.82022,9,93.0,6.2,31.0,6,0,69.0,-6.2,-173.1,17.1,17.2,0.181,17.7,0.141,,,,15,,
steinpilz,3995343484,2022-09-18,51.97593,9.68093,9,244.0,20.3,17.7,10,0,122.1,1.5,-103.2,15.8,13.9,0.288,15.1,0.22,,,,15,,
steinpilz,3995522233,2022-09-28,53.14734,9.91013,9,103.0,39.0,25.5,10,1,144.0,42.8,-46.0,11.1,11.1,0.273,11.8,0.257,,,,15,,
steinpilz,3995572339,2022-09-21,53.10718,9.91941,9,92.0,44.6,9.9,10,2,113.8,26.1,-99.6,13.6,11.2,0.247,12.2,0.21,,,,15,,
steinpilz,3996465592,2022-09-21,53.1069,9.9196,9,92.0,44.6,9.9,10,2,113.8,26.1,-99.6,13.6,11.2,0.247,12.2,0.21,,,,15,,
parasol,3996637777,2022-09-21,53.11042,9.92619,9,92.0,44.6,9.9,10,2,113.8,26.1,-99.6,13.6,11.2,0.247,12.2,0.21,,,,15,,
steinpilz,3996021046,2022-09-15,53.06545,10.81213,9,89.0,31.7,7.8,9,2,70.2,-0.6,-165.4,16.4,15.8,0.207,16.4,0.155,,,,15,,
steinpilz,3996171337,2022-09-25,53.05801,9.88484,9,92.0,29.6,16.5,8,1,105.9,19.0,-96.2,12.6,11.8,0.243,12.3,0.229,,,,15,,
steinpilz,3996583378,2022-09-25,52.12347,10.14469,9,178.0,26.4,1.1,10,6,73.9,-3.1,-139.5,12.8,12.1,0.302,12.6,0.249,,,,15,,
steinpilz,3996849382,2022-09-11,52.89749,10.09212,9,84.0,6.2,23.8,5,1,70.3,-17.7,-177.7,17.3,17.2,0.181,17.9,0.099,,,,15,,
steinpilz,3997090116,2022-09-20,52.12351,10.1365,9,169.0,20.0,17.6,13,1,82.0,4.4,-142.6,14.8,12.7,0.291,14.0,0.206,,,,15,,
steinpilz,3997203353,2022-09-10,52.42379,10.93973,9,78.0,3.2,26.9,5,2,47.5,-17.1,-206.9,17.9,18.6,0.225,19.0,0.169,,,,15,,
steinpilz,3997231216,2022-09-17,53.266,10.68874,9,61.0,52.7,18.1,8,0,101.5,34.2,-117.4,15.8,14.8,0.43,15.7,0.376,,,,15,,
marone,3995528105,2022-09-17,53.26373,10.68537,9,61.0,52.7,18.1,8,0,101.5,34.2,-117.4,15.8,14.8,0.43,15.7,0.376,,,,15,,
steinpilz,4133614531,2022-09-25,53.22241,10.70264,9,38.0,26.3,10.0,8,1,100.4,8.1,-96.3,12.7,11.8,0.239,12.3,0.221,,,,15,,
steinpilz,4440776646,2022-09-13,52.83782,10.34065,9,132.0,26.0,12.0,6,0,81.9,-8.2,-166.5,17.2,16.5,0.195,17.2,0.085,,,,15,,
steinpilz,4935712229,2022-09-23,52.42898,9.92943,9,72.0,30.0,2.2,9,5,81.5,0.7,-139.2,13.5,11.7,0.325,12.6,0.26,,,,15,,
steinpilz,5013009716,2022-09-25,51.92364,9.79049,9,194.0,24.1,1.5,9,7,93.3,-2.4,-106.5,12.2,11.4,0.314,12.0,0.267,,,,15,,
marone,5013373081,2022-09-25,51.92364,9.79049,9,194.0,24.1,1.5,9,7,93.3,-2.4,-106.5,12.2,11.4,0.314,12.0,0.267,,,,15,,
birkenpilz,5027582979,2022-09-25,51.92364,9.79049,9,194.0,24.1,1.5,9,7,93.3,-2.4,-106.5,12.2,11.4,0.314,12.0,0.267,,,,15,,
steinpilz,5014006642,2022-09-28,52.32359,10.70701,9,102.0,33.5,15.8,10,0,89.9,24.0,-110.2,11.6,11.9,0.336,12.7,0.304,,,,15,,
parasol,5013907771,2022-09-28,52.3358,10.71312,9,102.0,33.5,15.8,10,0,89.9,24.0,-110.2,11.6,11.9,0.336,12.7,0.304,,,,15,,
steinpilz,5014356946,2022-09-15,53.16673,10.00609,9,99.0,32.9,5.4,7,2,105.0,-1.7,-123.6,16.3,15.7,0.205,16.2,0.17,,,,15,,
marone,5027678595,2022-09-15,53.16673,10.00609,9,99.0,32.9,5.4,7,2,105.0,-1.7,-123.6,16.3,15.7,0.205,16.2,0.17,,,,15,,
birkenpilz,5014841124,2022-09-15,53.16673,10.00609,9,99.0,32.9,5.4,7,2,105.0,-1.7,-123.6,16.3,15.7,0.205,16.2,0.17,,,,15,,
steinpilz,5014677743,2022-09-25,52.54154,9.83,9,53.0,22.5,8.2,9,1,71.8,2.2,-138.7,13.0,12.2,0.217,12.7,0.193,,,,15,,
marone,5019643996,2022-09-25,52.54154,9.83,9,53.0,22.5,8.2,9,1,71.8,2.2,-138.7,13.0,12.2,0.217,12.7,0.193,,,,15,,
pfifferling,5016590940,2022-09-25,52.54154,9.83,9,53.0,22.5,8.2,9,1,71.8,2.2,-138.7,13.0,12.2,0.217,12.7,0.193,,,,15,,
steinpilz,5022828086,2022-09-25,52.59049,10.07851,9,42.0,26.6,10.6,9,1,84.3,9.0,-125.7,13.0,12.2,0.218,12.6,0.183,,,,15,,
parasol,5012454592,2022-09-25,52.59049,10.07851,9,42.0,26.6,10.6,9,1,84.3,9.0,-125.7,13.0,12.2,0.218,12.6,0.183,,,,15,,
steinpilz,5026988220,2022-09-24,52.53689,9.70311,9,81.0,21.8,7.2,8,0,80.8,-0.4,-135.3,13.1,11.8,0.236,12.4,0.214,,,,15,,
marone,5020109411,2022-09-24,52.53689,9.70311,9,81.0,21.8,7.2,8,0,80.8,-0.4,-135.3,13.1,11.8,0.236,12.4,0.214,,,,15,,
parasol,5027997903,2022-09-24,52.53689,9.70311,9,81.0,21.8,7.2,8,0,80.8,-0.4,-135.3,13.1,11.8,0.236,12.4,0.214,,,,15,,
steinpilz,6411502689,2022-09-23,52.91424,9.67326,9,64.0,32.5,0.4,8,4,73.5,2.7,-137.9,13.3,11.4,0.339,12.2,0.294,,,,15,,
steinpilz,6411550427,2022-09-30,53.1449,9.91041,9,103.0,45.7,19.3,10,3,133.8,43.7,-51.8,10.5,10.2,0.279,10.9,0.266,,,,15,,
parasol,5017294089,2022-09-30,53.14502,9.89842,9,103.0,45.7,19.3,10,3,133.8,43.7,-51.8,10.5,10.2,0.279,10.9,0.266,,,,15,,
steinpilz,6412167509,2022-09-30,53.21165,10.33659,9,40.0,30.1,13.5,9,3,103.7,20.6,-83.0,10.7,10.5,0.27,11.2,0.255,,,,15,,
steinpilz,6412662311,2022-09-30,53.21162,10.33422,9,40.0,30.1,13.5,9,3,103.7,20.6,-83.0,10.7,10.5,0.27,11.2,0.255,,,,15,,
marone,3997365404,2022-09-30,53.21136,10.33449,9,40.0,30.1,13.5,9,3,103.7,20.6,-83.0,10.7,10.5,0.27,11.2,0.255,,,,15,,
steinpilz,3923269463,2022-10-03,52.28164,10.47286,10,96.0,25.0,5.0,6,2,81.4,5.5,-109.4,11.1,10.8,0.341,11.3,0.289,,,,15,,
steinpilz,3925001953,2022-10-06,53.25656,10.43351,10,24.0,36.4,0.6,7,5,116.8,14.8,-57.2,11.6,12.4,0.256,12.4,0.255,,,,15,,
steinpilz,3925057242,2022-10-08,52.96734,10.24609,10,97.0,44.2,1.0,7,7,118.3,23.6,-55.2,11.2,12.6,0.234,12.7,0.235,,,,15,,
steinpilz,3925156054,2022-10-07,52.27244,10.59072,10,85.0,25.8,1.1,7,5,77.0,1.6,-104.0,11.6,12.7,0.344,12.8,0.334,,,,15,,
birkenpilz,3925103118,2022-10-07,52.26224,10.58847,10,85.0,25.8,1.1,7,5,77.0,1.6,-104.0,11.6,12.7,0.344,12.8,0.334,,,,15,,
steinpilz,3925189837,2022-10-05,53.25746,10.4349,10,25.0,35.4,1.6,7,4,116.8,15.3,-58.4,11.4,11.8,0.262,11.9,0.258,,,,15,,
schwefelporling,3925017802,2022-10-05,53.25724,10.43663,10,25.0,35.4,1.6,7,4,116.8,15.3,-58.4,11.4,11.8,0.262,11.9,0.258,,,,15,,
steinpilz,3947309224,2022-10-13,52.54598,10.23959,10,56.0,13.2,0.2,2,11,112.8,-13.0,-48.7,11.6,10.7,0.207,11.3,0.208,,,,15,,
steinpilz,3925339453,2022-10-09,52.27635,10.57773,10,92.0,25.3,1.8,7,7,77.7,2.2,-97.5,11.2,12.4,0.332,12.6,0.327,,,,15,,
steinpilz,3925474467,2022-10-09,52.2226,10.58981,10,102.0,27.7,1.6,5,7,87.0,4.7,-88.8,11.0,12.0,0.318,12.3,0.316,,,,15,,
birkenpilz,3925389516,2022-10-09,52.22257,10.58966,10,102.0,27.7,1.6,5,7,87.0,4.7,-88.8,11.0,12.0,0.318,12.3,0.316,,,,15,,
steinpilz,3947417988,2022-10-09,53.222,10.80328,10,99.0,22.4,2.0,4,8,118.8,1.1,-42.8,11.5,12.5,0.466,12.8,0.468,,,,15,,
steinpilz,3947605921,2022-10-02,52.28226,10.46959,10,102.0,29.1,5.2,7,1,81.0,9.5,-113.5,11.0,10.5,0.341,11.3,0.282,,,,15,,
steinpilz,3947758410,2022-10-14,52.34799,10.82705,10,122.0,7.8,0.6,2,13,97.6,-17.9,-57.2,11.9,11.1,0.299,11.4,0.302,,,,15,,
steinpilz,3988600594,2022-10-14,52.34995,10.82836,10,122.0,7.8,0.6,2,13,97.6,-17.9,-57.2,11.9,11.1,0.299,11.4,0.302,,,,15,,
steinpilz,3985616881,2022-10-22,51.60655,10.53132,10,427.0,31.5,9.9,8,0,166.1,23.6,43.6,10.9,11.6,0.383,11.9,0.367,,,,15,,
parasol,3947463558,2022-10-22,51.60858,10.53023,10,427.0,31.5,9.9,8,0,166.1,23.6,43.6,10.9,11.6,0.383,11.9,0.367,,,,15,,
steinpilz,3988500579,2022-10-07,53.2274,10.07485,10,114.0,55.7,0.0,8,5,151.2,33.8,-18.4,11.6,12.7,0.254,12.6,0.259,,,,15,,
steinpilz,3995366351,2022-10-13,52.17377,9.9198,10,95.0,10.2,0.0,2,12,78.2,-16.4,-88.8,11.4,10.6,0.286,11.2,0.292,,,,15,,
steinpilz,3995537465,2022-10-14,52.25141,9.47465,10,242.0,8.0,0.6,2,13,80.3,-16.6,-75.5,11.4,10.7,0.317,11.1,0.313,,,,15,,
steinpilz,3995400438,2022-10-10,52.13295,9.83947,10,256.0,26.8,0.7,4,9,83.9,2.8,-87.0,10.3,11.2,0.325,11.5,0.325,,,,15,,
steinpilz,3995955425,2022-10-11,53.16792,10.33088,10,52.0,25.7,2.1,5,10,113.8,3.8,-46.3,11.3,11.8,0.238,12.2,0.238,,,,15,,
steinpilz,3996062578,2022-10-07,52.07873,9.92245,10,185.0,28.1,0.3,4,6,95.6,3.6,-86.1,11.1,12.3,0.334,12.4,0.326,,,,15,,
steinpilz,3996256377,2022-10-13,53.10624,9.9133,10,104.0,21.9,1.6,5,11,145.3,-0.9,-7.2,11.3,10.7,0.226,11.2,0.226,,,,15,,
steinpilz,3996472390,2022-10-07,52.04937,10.16759,10,198.0,24.3,0.2,3,6,81.8,-1.0,-101.3,11.2,12.4,0.333,12.5,0.32,,,,15,,
steinpilz,3996528364,2022-10-12,52.29507,10.62936,10,108.0,15.2,0.1,5,10,77.8,-10.7,-86.3,11.1,11.0,0.32,11.7,0.318,,,,15,,
steinpilz,5027807013,2022-10-12,52.30872,10.61146,10,108.0,15.2,0.1,5,10,77.8,-10.7,-86.3,11.1,11.0,0.32,11.7,0.318,,,,15,,
steinpilz,3996641515,2022-10-12,53.16636,9.97058,10,122.0,19.8,1.3,6,11,144.9,-3.0,-9.3,11.1,10.8,0.234,11.4,0.24,,,,15,,
steinpilz,3996954646,2022-10-11,53.05724,9.88679,10,97.0,31.6,3.1,6,10,132.8,10.7,-29.6,11.2,11.7,0.224,12.2,0.223,,,,15,,
steinpilz,4126680296,2022-10-16,52.71063,9.23486,10,28.0,2.9,4.2,1,2,99.1,-17.7,-54.3,12.4,11.9,0.333,12.1,0.319,,,,15,,
steinpilz,5014636614,2022-10-05,53.32055,10.29247,10,9.0,43.1,1.9,8,4,127.5,23.1,-48.7,11.6,12.2,0.259,12.1,0.251,,,,15,,
birkenpilz,5026515855,2022-10-05,53.32055,10.29247,10,9.0,43.1,1.9,8,4,127.5,23.1,-48.7,11.6,12.2,0.259,12.1,0.251,,,,15,,
parasol,5027927704,2022-10-05,53.32055,10.29247,10,9.0,43.1,1.9,8,4,127.5,23.1,-48.7,11.6,12.2,0.259,12.1,0.251,,,,15,,
steinpilz,5014767089,2022-10-23,52.25471,9.56703,10,159.0,4.6,5.2,3,2,89.8,-10.9,-44.0,12.5,12.5,0.354,12.8,0.317,,,,15,,
marone,5018789405,2022-10-23,52.25471,9.56703,10,159.0,4.6,5.2,3,2,89.8,-10.9,-44.0,12.5,12.5,0.354,12.8,0.317,,,,15,,
schwefelporling,3947796529,2022-10-23,52.25522,9.64424,10,159.0,4.6,5.2,3,2,89.8,-10.9,-44.0,12.5,12.5,0.354,12.8,0.317,,,,15,,
steinpilz,5017774479,2022-10-18,53.45808,11.24365,10,29.0,2.5,6.0,2,1,124.0,-14.1,-9.5,12.4,12.9,0.21,12.5,0.204,,,,15,,
marone,5016970176,2022-10-18,53.45808,11.24365,10,29.0,2.5,6.0,2,1,124.0,-14.1,-9.5,12.4,12.9,0.21,12.5,0.204,,,,15,,
steinpilz,5022876631,2022-10-08,52.53689,9.70311,10,81.0,47.6,1.7,8,7,96.8,26.3,-85.2,11.5,12.8,0.233,13.0,0.233,,,,15,,
marone,5013825641,2022-10-08,52.53689,9.70311,10,81.0,47.6,1.7,8,7,96.8,26.3,-85.2,11.5,12.8,0.233,13.0,0.233,,,,15,,
parasol,5023379070,2022-10-08,52.53689,9.70311,10,81.0,47.6,1.7,8,7,96.8,26.3,-85.2,11.5,12.8,0.233,13.0,0.233,,,,15,,
steinpilz,5026847514,2022-10-11,52.1297,9.84593,10,244.0,25.5,0.7,3,10,83.9,1.7,-83.5,10.3,10.8,0.321,11.4,0.321,,,,15,,
parasol,5014311938,2022-10-11,52.1297,9.84593,10,244.0,25.5,0.7,3,10,83.9,1.7,-83.5,10.3,10.8,0.321,11.4,0.321,,,,15,,
steinpilz,5023383626,2022-10-06,51.77705,10.6307,10,751.0,29.2,2.1,6,5,113.6,10.4,-36.7,8.0,9.1,0.362,9.0,0.352,,,,15,,
steinpilz,5013357586,2022-11-06,52.27016,11.05052,11,144.0,0.8,2.9,1,99,88.7,-15.9,-9.6,13.1,10.4,0.308,11.5,0.3,,,,15,,
marone,5025845857,2022-11-06,52.27016,11.05052,11,144.0,0.8,2.9,1,99,88.7,-15.9,-9.6,13.1,10.4,0.308,11.5,0.3,,,,15,,
birkenpilz,5013910894,2022-11-06,52.27016,11.05052,11,144.0,0.8,2.9,1,99,88.7,-15.9,-9.6,13.1,10.4,0.308,11.5,0.3,,,,15,,
steinpilz,4159961254,2022-11-01,51.63569,9.47457,11,118.0,22.2,0.2,4,11,120.5,4.8,13.2,14.0,14.4,0.354,14.2,0.361,,,,15,,
steinpilz,5019060368,2021-02-06,51.67367,10.95698,2,454.0,33.4,19.6,12,0,148.5,48.8,133.1,-0.6,0.2,0.407,0.0,0.408,,,,15,,
sommersteinpilz,5013393352,2021-02-06,51.67549,10.95922,2,454.0,33.4,19.6,12,0,148.5,48.8,133.1,-0.6,0.2,0.407,0.0,0.408,,,,15,,
steinpilz,5017601453,2021-08-23,53.32821,11.48344,8,45.0,31.0,15.5,6,1,148.1,5.0,-59.2,17.3,16.5,0.216,16.5,0.148,,,,15,,
sommersteinpilz,5018876266,2021-08-23,53.32821,11.48344,8,45.0,31.0,15.5,6,1,148.1,5.0,-59.2,17.3,16.5,0.216,16.5,0.148,,,,15,,
steinpilz,3355723445,2021-09-08,52.30403,10.32776,9,75.0,34.1,0.2,5,10,101.0,-2.6,-92.0,15.7,16.1,0.335,16.1,0.343,,,,15,,
schwefelporling,3355785421,2021-09-08,52.29106,10.33205,9,75.0,34.1,0.2,5,10,101.0,-2.6,-92.0,15.7,16.1,0.335,16.1,0.343,,,,15,,
steinpilz,3355272912,2021-09-04,52.71533,10.47261,9,111.0,42.3,0.2,6,6,136.6,7.6,-51.0,15.5,16.3,0.224,16.2,0.224,,,,15,,
marone,3456801308,2021-09-04,52.7145,10.47269,9,111.0,42.3,0.2,6,6,136.6,7.6,-51.0,15.5,16.3,0.224,16.2,0.224,,,,15,,
parasol,3355337886,2021-09-04,52.71566,10.47236,9,111.0,42.3,0.2,6,6,136.6,7.6,-51.0,15.5,16.3,0.224,16.2,0.224,,,,15,,
parasol,3355567936,2021-09-04,52.71708,10.47298,9,111.0,42.3,0.2,6,6,136.6,7.6,-51.0,15.5,16.3,0.224,16.2,0.224,,,,15,,
steinpilz,5017205828,2021-09-03,53.16782,9.94567,9,159.0,53.9,0.0,8,5,185.4,20.7,4.3,15.4,16.0,0.235,15.9,0.237,,,,15,,
marone,5023331398,2021-09-03,53.16782,9.94567,9,159.0,53.9,0.0,8,5,185.4,20.7,4.3,15.4,16.0,0.235,15.9,0.237,,,,15,,
birkenpilz,5023674916,2021-09-03,53.16782,9.94567,9,159.0,53.9,0.0,8,5,185.4,20.7,4.3,15.4,16.0,0.235,15.9,0.237,,,,15,,
schwefelporling,5026599062,2021-09-03,53.16782,9.94567,9,159.0,53.9,0.0,8,5,185.4,20.7,4.3,15.4,16.0,0.235,15.9,0.237,,,,15,,
parasol,5018167483,2021-09-03,53.16782,9.94567,9,159.0,53.9,0.0,8,5,185.4,20.7,4.3,15.4,16.0,0.235,15.9,0.237,,,,15,,
steinpilz,5017658387,2021-09-11,52.44976,9.14762,9,75.0,31.7,10.9,4,1,153.8,4.1,-32.2,16.7,18.1,0.292,17.6,0.292,,,,15,,
marone,5019295360,2021-09-11,52.44976,9.14762,9,75.0,31.7,10.9,4,1,153.8,4.1,-32.2,16.7,18.1,0.292,17.6,0.292,,,,15,,
steinpilz,5021825210,2021-09-04,51.5126,9.64108,9,395.0,56.4,0.7,7,5,144.2,23.7,-30.2,14.2,14.7,0.382,14.4,0.385,,,,15,,
steinpilz,5017985258,2021-09-04,52.49511,9.38095,9,42.0,59.3,0.0,6,6,149.9,23.8,-30.0,16.2,16.8,0.374,16.6,0.385,,,,15,,
marone,5027410410,2021-09-04,52.49511,9.38095,9,42.0,59.3,0.0,6,6,149.9,23.8,-30.0,16.2,16.8,0.374,16.6,0.385,,,,15,,
birkenpilz,5026872967,2021-09-04,52.49511,9.38095,9,42.0,59.3,0.0,6,6,149.9,23.8,-30.0,16.2,16.8,0.374,16.6,0.385,,,,15,,
steinpilz,5022303049,2021-09-03,52.17211,9.4075,9,257.0,57.0,0.3,8,5,164.2,21.5,-17.6,15.7,15.8,0.385,15.6,0.382,,,,15,,
pfifferling,5012855189,2021-09-03,52.17211,9.4075,9,257.0,57.0,0.3,8,5,164.2,21.5,-17.6,15.7,15.8,0.385,15.6,0.382,,,,15,,
steinpilz,5025480303,2021-09-04,53.17349,9.87379,9,87.0,49.6,0.0,7,6,181.6,16.3,1.7,15.2,16.0,0.218,16.0,0.228,,,,15,,
marone,5023758254,2021-09-04,53.17349,9.87379,9,87.0,49.6,0.0,7,6,181.6,16.3,1.7,15.2,16.0,0.218,16.0,0.228,,,,15,,
steinpilz,6423746673,2021-09-05,51.54643,9.67795,9,339.0,61.6,0.0,7,6,148.1,27.2,-29.7,14.9,15.5,0.368,15.4,0.377,,,,15,,
steinpilz,5176822319,2021-09-04,53.12958,10.08033,9,104.0,51.0,0.3,8,6,183.5,17.8,1.9,15.2,16.0,0.234,16.0,0.239,,,,15,,
steinpilz,6424094362,2021-09-09,51.98842,10.47318,9,202.0,72.8,0.0,5,10,149.9,39.0,-37.4,15.1,16.0,0.315,15.8,0.329,,,,15,,
steinpilz,6424533680,2021-09-03,51.74083,10.37028,9,504.0,97.6,1.6,8,4,239.6,70.0,80.5,13.6,13.9,0.4,13.5,0.406,,,,15,,
pfifferling,3997316619,2021-09-03,51.74111,10.37,9,504.0,97.6,1.6,8,4,239.6,70.0,80.5,13.6,13.9,0.4,13.5,0.406,,,,15,,
steinpilz,4516185708,2021-10-02,52.59151,11.29693,10,138.0,20.8,5.9,5,3,129.5,-0.0,-20.2,14.5,14.6,0.328,15.2,0.309,,,,15,,
marone,3858228857,2021-10-02,52.59138,11.29705,10,138.0,20.8,5.9,5,3,129.5,-0.0,-20.2,14.5,14.6,0.328,15.2,0.309,,,,15,,
steinpilz,3399264082,2021-10-24,52.30892,10.47743,10,69.0,15.8,15.4,7,2,114.0,13.7,0.9,9.7,10.0,0.364,10.5,0.349,,,,15,,
steinpilz,5018064024,2021-10-26,53.21441,11.02607,10,33.0,30.2,1.1,6,4,112.2,13.9,9.1,10.2,9.2,0.483,10.2,0.48,,,,15,,
marone,5026832199,2021-10-26,53.19756,11.04743,10,33.0,30.2,1.1,6,4,112.2,13.9,9.1,10.2,9.2,0.483,10.2,0.48,,,,15,,
steinpilz,5024391976,2021-10-16,52.77644,10.26827,10,78.0,19.9,7.9,7,1,122.8,7.7,5.2,10.8,9.4,0.243,10.0,0.221,,,,15,,
marone,5023381077,2021-10-16,52.77644,10.26827,10,78.0,19.9,7.9,7,1,122.8,7.7,5.2,10.8,9.4,0.243,10.0,0.221,,,,15,,
pfifferling,5020658579,2021-10-16,52.77644,10.26827,10,78.0,19.9,7.9,7,1,122.8,7.7,5.2,10.8,9.4,0.243,10.0,0.221,,,,15,,
birkenpilz,5027275497,2021-10-16,52.77644,10.26827,10,78.0,19.9,7.9,7,1,122.8,7.7,5.2,10.8,9.4,0.243,10.0,0.221,,,,15,,
steinpilz,6424232427,2021-10-10,53.28872,10.69688,10,26.0,32.3,0.0,6,5,134.5,7.3,8.6,13.2,10.6,0.473,11.8,0.47,,,,15,,
steinpilz,5867779532,2021-10-29,52.38417,10.71512,10,102.0,20.8,0.8,3,7,86.9,3.9,-21.0,10.3,9.6,0.359,9.8,0.364,,,,15,,
steinpilz,3415798758,2021-11-18,52.2832,10.47427,11,96.0,26.1,1.7,2,13,88.1,19.0,12.2,6.8,6.7,0.354,7.4,0.356,,,,15,,
steinpilz,3456160871,2021-12-13,52.2825,10.4731,12,97.0,18.6,5.3,8,1,82.8,19.0,41.0,2.6,2.6,0.357,3.1,0.353,,,,15,,
steinpilz,2826278438,2020-07-28,52.86361,9.68995,7,54.0,7.8,18.9,6,2,197.4,-24.3,-16.2,17.4,18.1,0.309,17.5,0.287,,,,15,,
steinpilz,3723601798,2020-05-23,52.26963,10.72381,5,110.0,5.4,12.5,2,1,57.6,-28.6,-125.6,12.4,15.2,0.201,13.8,0.204,,,,15,,
steinpilz,5018222759,2020-07-11,51.75057,9.82375,7,316.0,23.9,8.6,10,3,126.9,-17.5,-76.2,16.5,15.4,0.319,15.5,0.283,,,,15,,
sommersteinpilz,5015884337,2020-07-11,51.75057,9.82375,7,316.0,23.9,8.6,10,3,126.9,-17.5,-76.2,16.5,15.4,0.319,15.5,0.283,,,,15,,
steinpilz,5026527699,2020-08-28,51.66563,11.17164,8,308.0,45.7,6.9,7,0,126.4,4.8,-97.9,19.1,16.8,0.241,17.4,0.234,,,,15,,
sommersteinpilz,5023267349,2020-08-28,51.66563,11.17164,8,308.0,45.7,6.9,7,0,126.4,4.8,-97.9,19.1,16.8,0.241,17.4,0.234,,,,15,,
steinpilz,2868318731,2020-09-17,52.6374,10.58077,9,77.0,24.3,0.1,4,12,105.7,-12.8,-104.6,16.5,17.6,0.18,17.3,0.188,,,,15,,
steinpilz,2864737871,2020-09-13,51.81692,10.57918,9,649.0,23.8,2.6,7,8,162.8,-5.8,-21.2,13.2,14.3,0.346,13.9,0.349,,,,15,,
steinpilz,2864803748,2020-09-13,51.83881,10.58106,9,649.0,23.8,2.6,7,8,162.8,-5.8,-21.2,13.2,14.3,0.346,13.9,0.349,,,,15,,
steinpilz,2864811923,2020-09-13,51.81759,10.57914,9,649.0,23.8,2.6,7,8,162.8,-5.8,-21.2,13.2,14.3,0.346,13.9,0.349,,,,15,,
birkenpilz,2864591947,2020-09-13,51.83946,10.57962,9,649.0,23.8,2.6,7,8,162.8,-5.8,-21.2,13.2,14.3,0.346,13.9,0.349,,,,15,,
steinpilz,2980998525,2020-09-15,51.6965,10.66776,9,521.0,19.0,0.0,4,10,145.6,-16.8,-43.8,14.8,15.3,0.318,14.9,0.331,,,,15,,
parasol,2874002548,2020-09-15,51.71645,10.66224,9,521.0,19.0,0.0,4,10,145.6,-16.8,-43.8,14.8,15.3,0.318,14.9,0.331,,,,15,,
steinpilz,3031663021,2020-09-12,53.21518,9.90823,9,78.0,26.7,1.8,5,6,134.1,-4.8,-68.0,15.1,15.2,0.233,15.3,0.222,,,,15,,
steinpilz,4855126915,2020-09-12,51.80773,10.27271,9,512.0,27.5,2.9,9,7,178.2,-0.8,-8.5,13.4,13.6,0.367,13.5,0.373,,,,15,,
steinpilz,5016448591,2020-09-21,51.77365,10.37374,9,506.0,4.0,0.0,2,99,160.2,-39.3,-27.6,15.4,15.2,0.289,15.2,0.313,,,,15,,
steinpilz,5018122704,2020-09-08,51.67549,10.95922,9,443.0,26.5,3.6,8,3,137.3,-3.7,-64.2,14.2,13.7,0.323,13.9,0.3,,,,15,,
steinpilz,5019428576,2020-09-13,51.7536,9.50798,9,376.0,16.8,0.5,4,8,128.7,-15.4,-60.5,14.5,15.1,0.294,15.0,0.299,,,,15,,
marone,5026972310,2020-09-13,51.7536,9.50798,9,376.0,16.8,0.5,4,8,128.7,-15.4,-60.5,14.5,15.1,0.294,15.0,0.299,,,,15,,
steinpilz,5021239907,2020-09-19,52.44976,9.14762,9,75.0,8.4,0.0,2,14,124.2,-32.1,-79.3,16.2,16.8,0.268,17.0,0.28,,,,15,,
marone,5014885238,2020-09-19,52.44976,9.14762,9,75.0,8.4,0.0,2,14,124.2,-32.1,-79.3,16.2,16.8,0.268,17.0,0.28,,,,15,,
birkenpilz,5022632469,2020-09-19,52.44976,9.14762,9,75.0,8.4,0.0,2,14,124.2,-32.1,-79.3,16.2,16.8,0.268,17.0,0.28,,,,15,,
steinpilz,5023096740,2020-09-20,51.77365,10.37374,9,506.0,4.1,0.0,2,99,160.4,-38.2,-27.3,15.0,15.7,0.298,15.5,0.32,,,,15,,
steinpilz,5025286846,2020-09-06,51.78153,10.26843,9,544.0,38.4,18.4,13,1,190.8,27.3,3.0,13.3,12.8,0.392,13.3,0.39,,,,15,,
steinpilz,5022737496,2020-09-28,51.67367,10.95698,9,454.0,4.9,37.0,4,2,133.4,2.3,-53.6,14.4,12.1,0.293,13.1,0.265,,,,15,,
steinpilz,4057916687,2020-10-31,53.27604,10.71254,10,31.0,24.6,19.9,9,1,132.1,30.2,28.5,11.3,10.8,0.484,11.1,0.471,,,,15,,
steinpilz,5012636286,2020-10-22,51.56233,9.54099,10,336.0,19.2,8.4,9,2,97.3,12.7,-26.1,9.0,9.2,0.347,9.4,0.327,,,,15,,
steinpilz,5021050612,2020-10-14,51.67367,10.95698,10,454.0,20.4,24.3,7,0,165.1,27.4,27.5,9.3,8.3,0.369,9.2,0.351,,,,15,,
steinpilz,5016854671,2020-10-06,52.4977,9.34668,10,63.0,23.5,3.4,4,10,116.9,1.0,-44.2,13.8,13.2,0.364,13.7,0.361,,,,15,,
steinpilz,5021161202,2020-10-15,51.67367,10.95698,10,454.0,20.5,37.3,8,0,163.0,41.3,26.8,9.0,7.6,0.377,8.7,0.363,,,,15,,
steinpilz,5023044981,2020-10-21,52.44976,9.14762,10,75.0,29.0,7.6,10,0,112.0,21.7,-14.4,9.8,9.3,0.365,9.7,0.357,,,,15,,
marone,5024427249,2020-10-21,52.44976,9.14762,10,75.0,29.0,7.6,10,0,112.0,21.7,-14.4,9.8,9.3,0.365,9.7,0.357,,,,15,,
steinpilz,5024545529,2020-10-15,51.76471,10.73403,10,529.0,28.9,54.6,9,0,203.8,68.0,76.3,8.7,7.4,0.398,8.5,0.393,,,,15,,
steinpilz,5028040257,2020-10-03,51.77208,10.42649,10,617.0,36.1,3.7,6,7,174.7,8.4,9.0,12.5,11.2,0.372,11.4,0.372,,,,15,,
steinpilz,5028196466,2020-10-22,51.76471,10.73403,10,529.0,77.2,6.5,9,1,181.0,70.8,69.0,7.5,7.9,0.403,8.0,0.407,,,,15,,
steinpilz,2988307096,2020-11-15,52.50968,9.68721,11,52.0,8.2,3.1,4,13,100.0,-0.9,15.7,9.5,8.6,0.348,8.8,0.345,,,,15,,
marone,2988518099,2020-11-15,52.49912,9.71487,11,52.0,8.2,3.1,4,13,100.0,-0.9,15.7,9.5,8.6,0.348,8.8,0.345,,,,15,,
steinpilz,4596854767,2020-11-30,51.65937,9.51304,11,256.0,10.1,1.3,6,99,102.4,4.8,52.9,4.3,2.7,0.345,4.2,0.345,,,,15,,
steinpilz,5013474116,2020-11-05,52.98749,10.2512,11,92.0,36.6,6.3,9,3,115.8,29.0,19.7,11.4,11.3,0.258,11.7,0.252,,,,15,,
marone,5022267850,2020-11-05,52.98749,10.2512,11,92.0,36.6,6.3,9,3,115.8,29.0,19.7,11.4,11.3,0.258,11.7,0.252,,,,15,,
steinpilz,5022777923,2020-11-10,52.99537,10.56876,11,43.0,25.0,0.0,4,8,118.2,12.9,28.7,9.7,7.2,0.235,8.4,0.237,,,,15,,
steinpilz,5024104748,2020-11-07,51.56012,9.90161,11,165.0,31.5,0.0,7,5,102.6,17.3,3.5,9.9,8.9,0.374,9.9,0.372,,,,15,,
steinpilz,6424464504,2020-11-07,51.83802,10.54376,11,597.0,41.3,0.0,7,5,197.5,29.4,105.3,8.3,7.9,0.391,8.6,0.398,,,,15,,
steinpilz,2999106960,2020-12-05,51.96143,10.57586,12,194.0,5.6,2.4,2,4,103.8,0.2,43.0,3.8,2.4,0.328,3.6,0.322,,,,15,,
steinpilz,2999166144,2020-12-05,51.96316,10.56943,12,194.0,5.6,2.4,2,4,103.8,0.2,43.0,3.8,2.4,0.328,3.6,0.322,,,,15,,
steinpilz,2397599002,2019-08-28,52.84955,10.54309,8,72.0,18.0,3.8,4,1,86.2,-33.3,-154.0,19.8,23.4,0.104,22.0,0.129,,,,15,,
steinpilz,5024536952,2019-09-28,52.00149,9.65973,9,171.0,6.7,18.4,5,1,74.2,-5.9,-108.3,13.6,14.7,0.298,14.8,0.248,,,,15,,
marone,5027043029,2019-09-28,52.00149,9.65973,9,171.0,6.7,18.4,5,1,74.2,-5.9,-108.3,13.6,14.7,0.298,14.8,0.248,,,,15,,
steinpilz,5028049651,2019-09-27,52.13075,9.62505,9,368.0,8.3,13.8,5,0,78.3,-8.2,-99.7,12.5,13.4,0.267,13.3,0.209,,,,15,,
marone,5016994992,2019-09-27,52.13075,9.62505,9,368.0,8.3,13.8,5,0,78.3,-8.2,-99.7,12.5,13.4,0.267,13.3,0.209,,,,15,,
steinpilz,2445070609,2019-10-19,52.19727,10.75017,10,325.0,25.4,19.0,7,1,157.6,23.2,17.2,11.6,13.2,0.367,13.3,0.354,,,,15,,
marone,2444999746,2019-10-19,52.19749,10.75074,10,325.0,25.4,19.0,7,1,157.6,23.2,17.2,11.6,13.2,0.367,13.3,0.354,,,,15,,
steinpilz,2445077925,2019-10-19,52.19788,10.74853,10,321.0,25.4,19.0,7,1,157.6,23.2,17.1,11.6,13.2,0.367,13.3,0.354,,,,15,,
steinpilz,2465346520,2019-10-31,51.86562,10.58451,10,554.0,17.9,0.1,4,4,184.2,1.6,91.4,9.1,6.7,0.374,8.3,0.375,,,,15,,
steinpilz,5013154022,2019-10-31,51.87365,10.6237,10,554.0,17.9,0.1,4,4,184.2,1.6,91.4,9.1,6.7,0.374,8.3,0.375,,,,15,,
marone,2456514188,2019-10-31,51.86677,10.57909,10,554.0,17.9,0.1,4,4,184.2,1.6,91.4,9.1,6.7,0.374,8.3,0.375,,,,15,,
steinpilz,4091642318,2019-10-15,52.69638,11.45719,10,32.0,49.1,1.4,8,7,110.4,28.7,-42.6,12.1,14.5,0.36,14.0,0.352,,,,15,,
steinpilz,4410771368,2019-10-25,52.12513,10.15369,10,173.0,40.8,0.0,6,5,168.7,18.4,42.8,14.3,12.9,0.374,13.2,0.373,,,,15,,
steinpilz,5012955192,2019-10-13,52.77403,9.73011,10,59.0,87.7,6.8,13,4,162.3,75.3,13.7,11.7,12.2,0.261,12.0,0.25,,,,15,,
parasol,5015474396,2019-10-13,52.77403,9.73011,10,59.0,87.7,6.8,13,4,162.3,75.3,13.7,11.7,12.2,0.261,12.0,0.25,,,,15,,
steinpilz,5013254983,2019-10-18,53.1897,10.89264,10,51.0,23.3,35.9,10,0,158.9,40.8,19.2,12.0,14.2,0.271,14.0,0.261,,,,15,,
steinpilz,5015201115,2019-10-27,51.81221,9.64423,10,348.0,51.3,2.8,7,7,185.9,35.4,77.7,13.2,12.0,0.363,12.5,0.365,,,,15,,
marone,5027847167,2019-10-27,51.81221,9.64423,10,348.0,51.3,2.8,7,7,185.9,35.4,77.7,13.2,12.0,0.363,12.5,0.365,,,,15,,
birkenpilz,5026587021,2019-10-27,51.81221,9.64423,10,348.0,51.3,2.8,7,7,185.9,35.4,77.7,13.2,12.0,0.363,12.5,0.365,,,,15,,
steinpilz,5019316809,2019-10-25,52.25471,9.56703,10,159.0,44.4,0.0,7,5,159.9,23.3,36.8,14.4,12.8,0.378,13.1,0.378,,,,15,,
marone,5024960373,2019-10-25,52.25471,9.56703,10,159.0,44.4,0.0,7,5,159.9,23.3,36.8,14.4,12.8,0.378,13.1,0.378,,,,15,,
steinpilz,5023558260,2019-10-05,52.94905,10.56765,10,60.0,64.9,18.2,12,1,126.7,59.1,-42.2,13.3,11.2,0.286,12.1,0.263,,,,15,,
steinpilz,5025814840,2019-10-19,53.15382,10.42026,10,82.0,18.4,46.9,10,0,168.4,46.2,27.1,12.2,13.8,0.276,13.8,0.267,,,,15,,
steinpilz,5026411736,2019-10-03,53.1368,10.79263,10,79.0,39.1,38.5,7,1,136.5,52.0,-34.8,13.7,12.7,0.269,13.4,0.228,,,,15,,
marone,5016629247,2019-10-03,53.1368,10.79263,10,79.0,39.1,38.5,7,1,136.5,52.0,-34.8,13.7,12.7,0.269,13.4,0.228,,,,15,,
steinpilz,5026380461,2019-10-29,52.39751,9.68988,10,54.0,39.1,2.8,8,9,154.9,22.8,38.8,13.0,12.2,0.349,12.8,0.348,,,,15,,
steinpilz,5028022858,2019-10-22,52.00962,9.91061,10,272.0,59.0,7.0,9,2,176.2,46.1,48.2,13.5,12.6,0.394,12.9,0.386,,,,15,,
steinpilz,6321025484,2019-10-14,52.47101,11.67243,10,117.0,62.4,1.1,9,5,114.8,40.7,-47.5,12.0,13.9,0.35,13.3,0.332,,,,15,,
steinpilz,5026428910,2019-10-13,51.56012,9.90161,10,165.0,57.8,4.7,11,4,133.6,42.1,-11.4,11.4,12.0,0.383,11.6,0.372,,,,15,,
steinpilz,6412321656,2019-10-13,53.34594,10.1254,10,57.0,75.8,14.5,10,1,156.2,73.3,13.9,11.0,11.7,0.261,11.5,0.245,,,,15,,
steinpilz,5022690524,2018-10-12,52.1396,9.34044,10,189.0,9.5,0.0,2,10,71.7,-16.4,-87.3,11.7,12.6,0.263,12.6,0.257,,,,15,,
steinpilz,3995327461,2017-08-20,52.09909,9.87613,8,199.0,32.9,19.6,8,2,260.8,11.6,80.5,16.8,17.8,0.367,17.6,0.362,,,,15,,
steinpilz,1668877139,2017-09-25,51.63929,10.39024,9,279.0,45.7,15.4,8,0,204.0,37.3,52.4,11.5,12.0,0.374,12.1,0.376,,,,15,,
steinpilz,5015057860,2017-09-22,52.9083,10.38201,9,101.0,44.2,2.0,8,8,207.7,20.1,59.9,12.6,12.2,0.238,12.5,0.238,,,,15,,
marone,5023221019,2017-09-22,52.9083,10.38201,9,101.0,44.2,2.0,8,8,207.7,20.1,59.9,12.6,12.2,0.238,12.5,0.238,,,,15,,
steinpilz,5020509340,2017-09-11,52.98968,11.34459,9,27.0,49.5,14.2,7,2,256.2,27.6,84.0,16.1,15.3,0.254,15.6,0.237,,,,15,,
pfifferling,5023612472,2017-09-11,52.98968,11.34459,9,27.0,49.5,14.2,7,2,256.2,27.6,84.0,16.1,15.3,0.254,15.6,0.237,,,,15,,
steinpilz,5021042028,2017-09-19,52.99113,10.29762,9,87.0,51.2,6.0,10,1,214.7,28.3,61.1,13.2,12.2,0.25,12.8,0.245,,,,15,,
steinpilz,5024608691,2017-09-27,52.49266,9.5836,9,61.0,18.7,13.6,9,1,140.6,8.6,-9.1,12.7,13.7,0.346,13.8,0.337,,,,15,,
marone,5021159059,2017-09-27,52.49266,9.5836,9,61.0,18.7,13.6,9,1,140.6,8.6,-9.1,12.7,13.7,0.346,13.8,0.337,,,,15,,
steinpilz,5026093606,2017-09-17,53.46108,9.24431,9,38.0,55.2,4.4,7,4,208.2,30.4,58.0,13.7,13.1,0.392,13.6,0.394,,,,15,,
marone,5022293596,2017-09-17,53.46108,9.24431,9,38.0,55.2,4.4,7,4,208.2,30.4,58.0,13.7,13.1,0.392,13.6,0.394,,,,15,,
birkenpilz,5015575087,2017-09-17,53.46108,9.24431,9,38.0,55.2,4.4,7,4,208.2,30.4,58.0,13.7,13.1,0.392,13.6,0.394,,,,15,,
steinpilz,5026287744,2017-09-16,53.47528,9.15234,9,30.0,52.2,15.1,9,0,210.6,37.9,58.8,13.9,13.5,0.69,13.9,0.689,,,,15,,
pfifferling,5019627433,2017-09-16,53.47528,9.15234,9,30.0,52.2,15.1,9,0,210.6,37.9,58.8,13.9,13.5,0.69,13.9,0.689,,,,15,,
birkenpilz,5016691608,2017-09-16,53.47528,9.15234,9,30.0,52.2,15.1,9,0,210.6,37.9,58.8,13.9,13.5,0.69,13.9,0.689,,,,15,,
steinpilz,5020396747,2017-10-14,51.67197,11.28613,10,354.0,41.5,0.9,8,4,115.6,24.1,-8.9,11.2,11.6,0.372,11.6,0.375,,,,15,,
parasol,5015977762,2017-10-14,51.67197,11.28613,10,354.0,41.5,0.9,8,4,115.6,24.1,-8.9,11.2,11.6,0.372,11.6,0.375,,,,15,,
steinpilz,5016812081,2017-10-01,53.45627,11.7249,10,58.0,12.8,13.9,8,0,156.1,4.1,18.5,13.0,14.3,0.379,14.3,0.376,,,,15,,
marone,5027134296,2017-10-01,53.45627,11.7249,10,58.0,12.8,13.9,8,0,156.1,4.1,18.5,13.0,14.3,0.379,14.3,0.376,,,,15,,
birkenpilz,5024584082,2017-10-01,53.45627,11.7249,10,58.0,12.8,13.9,8,0,156.1,4.1,18.5,13.0,14.3,0.379,14.3,0.376,,,,15,,
parasol,5023308966,2017-10-01,53.45627,11.7249,10,58.0,12.8,13.9,8,0,156.1,4.1,18.5,13.0,14.3,0.379,14.3,0.376,,,,15,,
steinpilz,1668892215,2017-10-03,51.77786,10.68804,10,831.0,14.8,16.8,9,0,164.8,15.0,46.8,9.5,10.6,0.396,10.7,0.396,,,,15,,
marone,2234818867,2017-10-03,51.77128,10.67826,10,831.0,14.8,16.8,9,0,164.8,15.0,46.8,9.5,10.6,0.396,10.7,0.396,,,,15,,
steinpilz,5022645240,2017-10-21,52.82284,11.50738,10,50.0,13.7,4.7,6,0,124.7,0.3,12.3,13.2,13.5,0.368,13.9,0.371,,,,15,,
marone,5020850270,2017-10-21,52.82284,11.50738,10,50.0,13.7,4.7,6,0,124.7,0.3,12.3,13.2,13.5,0.368,13.9,0.371,,,,15,,
pfifferling,5027267066,2017-10-21,52.82284,11.50738,10,50.0,13.7,4.7,6,0,124.7,0.3,12.3,13.2,13.5,0.368,13.9,0.371,,,,15,,
parasol,5020542085,2017-10-21,52.82284,11.50738,10,50.0,13.7,4.7,6,0,124.7,0.3,12.3,13.2,13.5,0.368,13.9,0.371,,,,15,,
steinpilz,5022952444,2017-10-01,53.07856,9.5521,10,46.0,18.5,17.9,8,1,143.5,15.5,7.6,13.3,14.6,0.275,14.5,0.267,,,,15,,
birkenpilz,5017557679,2017-10-01,53.07856,9.5521,10,46.0,18.5,17.9,8,1,143.5,15.5,7.6,13.3,14.6,0.275,14.5,0.267,,,,15,,
steinpilz,5016564373,2017-11-04,53.15017,9.82332,11,69.0,39.8,13.2,10,2,189.2,42.2,113.0,9.9,8.7,0.266,9.4,0.269,,,,15,,
parasol,5026343805,2017-11-04,53.15017,9.82332,11,69.0,39.8,13.2,10,2,189.2,42.2,113.0,9.9,8.7,0.266,9.4,0.269,,,,15,,
steinpilz,1453149372,2016-10-17,52.19742,10.7495,10,324.0,10.8,3.1,6,6,81.5,-0.4,-64.9,8.0,8.5,0.326,8.9,0.295,,,,15,,
steinpilz,5018327701,2016-10-23,51.82944,9.90375,10,301.0,19.9,22.1,6,1,107.8,30.7,-21.2,7.1,7.4,0.392,8.5,0.368,,,,15,,
marone,5028598686,2016-10-23,51.82944,9.90375,10,301.0,19.9,22.1,6,1,107.8,30.7,-21.2,7.1,7.4,0.392,8.5,0.368,,,,15,,
pfifferling,5026534736,2016-10-23,51.82944,9.90375,10,301.0,19.9,22.1,6,1,107.8,30.7,-21.2,7.1,7.4,0.392,8.5,0.368,,,,15,,
parasol,5021542400,2016-10-23,51.82944,9.90375,10,301.0,19.9,22.1,6,1,107.8,30.7,-21.2,7.1,7.4,0.392,8.5,0.368,,,,15,,
steinpilz,5022586280,2016-10-13,52.86556,10.22046,10,78.0,13.2,2.3,5,11,39.9,-4.6,-122.2,10.8,8.9,0.169,10.3,0.092,,,,15,,
birkenpilz,5023258302,2016-10-13,52.86556,10.22046,10,78.0,13.2,2.3,5,11,39.9,-4.6,-122.2,10.8,8.9,0.169,10.3,0.092,,,,15,,
steinpilz,1453187156,2016-11-01,51.83487,10.58161,11,605.0,47.2,2.0,8,8,128.5,41.7,35.8,6.3,8.1,0.371,8.2,0.37,,,,15,,
steinpilz,1453187202,2016-11-01,51.8382,10.59359,11,605.0,47.2,2.0,8,8,128.5,41.7,35.8,6.3,8.1,0.371,8.2,0.37,,,,15,,
steinpilz,1453187209,2016-11-01,51.83155,10.57904,11,605.0,47.2,2.0,8,8,128.5,41.7,35.8,6.3,8.1,0.371,8.2,0.37,,,,15,,
steinpilz,1671717106,2016-11-01,51.81562,10.57924,11,605.0,47.2,2.0,8,8,128.5,41.7,35.8,6.3,8.1,0.371,8.2,0.37,,,,15,,
marone,1453187211,2016-11-01,51.83593,10.58085,11,605.0,47.2,2.0,8,8,128.5,41.7,35.8,6.3,8.1,0.371,8.2,0.37,,,,15,,
parasol,1453187206,2016-11-01,51.83313,10.58177,11,605.0,47.2,2.0,8,8,128.5,41.7,35.8,6.3,8.1,0.371,8.2,0.37,,,,15,,
steinpilz,5025508548,2015-08-07,53.09743,10.85215,8,92.0,26.5,2.2,5,11,139.2,-31.8,-94.4,18.2,21.6,0.179,20.1,0.194,,,,15,,
pfifferling,5013953955,2015-08-07,53.09743,10.85215,8,92.0,26.5,2.2,5,11,139.2,-31.8,-94.4,18.2,21.6,0.179,20.1,0.194,,,,15,,
steinpilz,1143556468,2015-09-27,52.2009,10.74974,9,312.0,36.7,0.0,8,5,164.2,12.2,-3.7,12.6,11.7,0.356,12.1,0.357,,,,15,,
steinpilz,1143548934,2015-09-20,52.26339,10.55477,9,93.0,31.3,9.0,8,1,180.7,11.3,-7.3,14.3,14.4,0.388,14.8,0.376,,,,15,,
parasol,1143548869,2015-09-20,52.26294,10.55617,9,93.0,31.3,9.0,8,1,180.7,11.3,-7.3,14.3,14.4,0.388,14.8,0.376,,,,15,,
steinpilz,5013833330,2015-09-18,53.06897,11.43843,9,67.0,29.4,12.5,9,1,144.2,10.1,-52.8,14.6,15.6,0.481,15.5,0.463,,,,15,,
parasol,5021416319,2015-09-18,53.0503,11.41102,9,67.0,29.4,12.5,9,1,144.2,10.1,-52.8,14.6,15.6,0.481,15.5,0.463,,,,15,,
steinpilz,5020419654,2015-09-17,52.98968,11.34459,9,27.0,27.6,20.2,10,0,165.9,16.2,-33.4,14.9,16.1,0.271,15.9,0.251,,,,15,,
pfifferling,5021281393,2015-09-17,52.98968,11.34459,9,27.0,27.6,20.2,10,0,165.9,16.2,-33.4,14.9,16.1,0.271,15.9,0.251,,,,15,,
steinpilz,5015124843,2015-09-22,52.97118,10.27462,9,96.0,29.8,12.0,9,0,223.5,16.6,54.0,14.0,13.6,0.264,14.0,0.261,,,,15,,
marone,5015006454,2015-09-22,52.97118,10.27462,9,96.0,29.8,12.0,9,0,223.5,16.6,54.0,14.0,13.6,0.264,14.0,0.261,,,,15,,
steinpilz,5014503975,2015-09-25,52.86556,10.22046,9,78.0,38.1,8.0,9,3,221.3,22.1,55.5,14.1,13.2,0.261,13.5,0.26,,,,15,,
marone,5013432244,2015-09-25,52.86556,10.22046,9,78.0,38.1,8.0,9,3,221.3,22.1,55.5,14.1,13.2,0.261,13.5,0.26,,,,15,,
steinpilz,5022978403,2015-09-02,52.77644,10.26827,9,78.0,27.9,9.2,7,1,245.4,-6.2,35.8,18.3,18.8,0.25,18.6,0.243,,,,15,,
steinpilz,5014428289,2015-10-10,53.32457,11.54526,10,61.0,2.6,14.2,3,2,135.7,-4.4,-0.4,10.5,10.9,0.243,11.5,0.226,,,,15,,
steinpilz,5018943629,2015-10-10,53.31675,11.5474,10,61.0,2.6,14.2,3,2,135.7,-4.4,-0.4,10.5,10.9,0.243,11.5,0.226,,,,15,,
marone,5016187074,2015-10-10,53.32457,11.54526,10,61.0,2.6,14.2,3,2,135.7,-4.4,-0.4,10.5,10.9,0.243,11.5,0.226,,,,15,,
marone,5023643577,2015-10-10,53.27327,11.54386,10,61.0,2.6,14.2,3,2,135.7,-4.4,-0.4,10.5,10.9,0.243,11.5,0.226,,,,15,,
pfifferling,5027329851,2015-10-10,53.32457,11.54526,10,61.0,2.6,14.2,3,2,135.7,-4.4,-0.4,10.5,10.9,0.243,11.5,0.226,,,,15,,
steinpilz,1671716585,2015-10-03,51.86926,10.59978,10,561.0,9.0,0.0,3,11,162.5,-14.1,15.6,9.3,8.7,0.313,9.2,0.325,,,,15,,
birkenpilz,1306573504,2015-10-03,51.87478,10.59184,10,561.0,9.0,0.0,3,11,162.5,-14.1,15.6,9.3,8.7,0.313,9.2,0.325,,,,15,,
sommersteinpilz,6352341531,2026-06-01,51.90274,10.18162,6,198.0,12.3,18.9,6,1,173.2,-32.6,-8.4,16.2,16.2,0.193,15.2,0.231,,,,15,,
sommersteinpilz,6400003363,2026-06-12,51.71657,11.07927,6,414.0,30.5,7.6,11,0,183.3,-17.0,-13.0,15.2,14.2,0.261,13.9,0.273,,,,15,,
sommersteinpilz,6411156216,2026-06-21,53.49197,11.89883,6,63.0,29.1,7.8,11,2,121.2,-16.5,-88.5,16.5,19.8,0.173,17.3,0.149,,,,15,,
sommersteinpilz,6410744928,2026-06-17,53.12907,9.90428,6,104.0,55.0,5.8,11,3,154.8,13.0,-46.7,14.3,14.5,0.186,14.2,0.129,,,,15,,
sommersteinpilz,6410637609,2026-06-20,53.2897,10.9247,6,30.0,34.3,10.0,9,1,145.4,-10.8,-68.4,16.4,18.2,0.349,16.2,0.307,,,,15,,
sommersteinpilz,6411471586,2026-06-10,53.08725,11.09972,6,13.0,30.4,10.9,6,1,145.4,-18.6,-56.6,16.5,16.3,0.316,15.6,0.285,,,,15,,
sommersteinpilz,6412036297,2026-06-09,51.91916,9.93808,6,180.0,34.4,5.1,8,0,175.5,-23.7,-25.1,16.7,16.4,0.157,15.8,0.14,,,,15,,
sommersteinpilz,6411713169,2026-06-11,52.63131,10.09736,6,55.0,40.6,8.9,11,0,168.6,-8.6,-39.3,16.4,16.7,0.101,16.3,0.049,,,,15,,
sommersteinpilz,6411788488,2026-06-21,52.98412,9.84099,6,61.0,32.5,7.3,10,1,162.6,-13.6,-44.4,16.3,19.6,0.234,17.7,0.252,,,,15,,
sommersteinpilz,6412170630,2026-06-09,53.14,10.21,6,43.0,31.3,16.0,9,0,163.9,-10.6,-31.3,16.2,15.3,0.183,14.9,0.101,,,,15,,
sommersteinpilz,6412572523,2026-06-15,51.71697,11.21429,6,268.0,19.8,8.2,9,2,185.7,-24.3,-13.6,14.5,13.4,0.26,13.3,0.263,,,,15,,
schwefelporling,6412521141,2026-06-15,51.71312,11.20701,6,268.0,19.8,8.2,9,2,185.7,-24.3,-13.6,14.5,13.4,0.26,13.3,0.263,,,,15,,
sommersteinpilz,6412039941,2026-06-08,51.94787,9.25726,6,222.0,41.8,6.2,7,2,194.6,-10.1,6.6,16.2,15.0,0.328,14.8,0.315,,,,15,,
sommersteinpilz,6412492767,2026-06-14,53.19818,10.85664,6,61.0,35.1,22.2,10,0,163.8,5.8,-42.0,15.3,14.2,0.195,14.2,0.115,,,,15,,
sommersteinpilz,6412891455,2026-06-14,51.67973,10.04821,6,154.0,53.3,19.7,13,1,220.0,22.1,18.9,15.3,14.7,0.204,14.5,0.176,,,,15,,
sommersteinpilz,6413860846,2026-06-17,52.26275,10.55672,6,95.0,36.0,2.2,10,5,175.2,-16.5,-40.2,15.8,16.7,0.12,16.0,0.156,,,,15,,
sommersteinpilz,5206497442,2025-06-22,51.53799,10.0492,6,443.0,16.8,0.0,3,12,140.9,-47.7,-68.6,15.8,17.2,0.15,15.9,0.18,,,,15,,
sommersteinpilz,5206576932,2025-06-18,51.51864,10.16155,6,275.0,35.7,0.8,6,8,144.2,-21.2,-61.6,16.6,19.0,0.16,17.3,0.184,,,,15,,
sommersteinpilz,5206680589,2025-06-21,53.09869,9.84887,6,85.0,30.4,0.1,5,6,102.6,-32.3,-118.7,16.6,18.6,0.071,17.5,0.099,,,,15,,
sommersteinpilz,5230260787,2025-06-16,53.47176,9.69115,6,7.0,54.3,1.2,8,6,152.9,2.5,-38.3,15.4,16.9,0.283,15.7,0.305,,,,15,,
sommersteinpilz,5282690863,2025-07-28,53.19851,10.85661,7,52.0,69.1,22.4,11,1,205.4,47.5,-32.5,18.5,18.1,0.27,17.7,0.241,,,,15,,
sommersteinpilz,5283555964,2025-07-29,52.38567,9.70467,7,58.0,51.5,15.4,10,2,180.5,19.3,-72.9,18.9,18.9,0.277,18.9,0.191,,,,15,,
sommersteinpilz,6410552390,2025-07-27,51.97861,9.76948,7,231.0,38.7,21.1,11,0,176.9,10.5,-75.0,18.2,18.4,0.219,18.1,0.163,,,,15,,
sommersteinpilz,6410591741,2025-07-27,53.21462,10.42739,7,39.0,59.3,25.0,12,0,192.2,40.9,-45.4,18.7,18.3,0.251,18.2,0.199,,,,15,,
sommersteinpilz,6411645229,2025-07-27,51.59277,9.95801,7,230.0,35.4,21.2,12,0,145.8,4.8,-105.5,18.4,18.8,0.189,18.3,0.171,,,,15,,
sommersteinpilz,6410698342,2025-07-26,51.8853,10.54415,7,257.0,48.9,4.0,13,5,130.3,3.3,-109.3,17.8,18.2,0.282,17.9,0.252,,,,15,,
sommersteinpilz,6411942513,2025-07-29,53.19852,10.85661,7,52.0,80.3,11.9,12,2,204.9,48.9,-33.0,18.3,18.1,0.261,17.7,0.25,,,,15,,
sommersteinpilz,6412065035,2025-07-31,53.18374,11.10907,7,14.0,76.1,14.8,13,0,201.5,48.3,-39.3,18.3,17.6,0.458,17.6,0.45,,,,15,,
sommersteinpilz,5283221328,2025-08-02,53.47572,10.68048,8,22.0,61.5,34.0,13,1,213.8,52.8,-12.8,17.9,16.7,0.232,16.6,0.214,,,,15,,
sommersteinpilz,5282008908,2025-08-01,53.22557,10.91019,8,25.0,77.4,13.8,13,1,223.1,47.5,-16.9,18.2,17.2,0.448,17.2,0.436,,,,15,,
sommersteinpilz,5292038723,2025-08-06,52.26376,10.58189,8,86.0,37.9,10.1,11,2,146.2,1.7,-96.1,17.3,17.1,0.278,17.0,0.202,,,,15,,
sommersteinpilz,5897010107,2025-08-01,53.15382,10.42026,8,82.0,69.6,21.8,13,0,200.5,48.3,-30.2,18.0,16.7,0.24,16.7,0.218,,,,15,,
sommersteinpilz,6411849430,2025-08-07,53.27336,10.26081,8,23.0,56.1,7.6,11,3,203.1,20.4,-21.2,17.1,16.8,0.212,16.5,0.206,,,,15,,
parasol,6411206703,2025-08-07,53.27332,10.26094,8,23.0,56.1,7.6,11,3,203.1,20.4,-21.2,17.1,16.8,0.212,16.5,0.206,,,,15,,
sommersteinpilz,5902471224,2025-09-20,52.17591,9.44513,9,143.0,25.9,7.7,7,2,114.9,-5.2,-75.4,16.0,15.9,0.257,15.5,0.164,,,,15,,
sommersteinpilz,5888996681,2025-11-02,52.53001,10.23067,11,58.0,40.0,9.7,11,3,112.4,35.1,5.6,9.7,9.1,0.254,9.3,0.239,,,,15,,
birkenpilz,5888992413,2025-11-02,52.53001,10.23067,11,58.0,40.0,9.7,11,3,112.4,35.1,5.6,9.7,9.1,0.254,9.3,0.239,,,,15,,
parasol,5888994424,2025-11-02,52.53001,10.23067,11,58.0,40.0,9.7,11,3,112.4,35.1,5.6,9.7,9.1,0.254,9.3,0.239,,,,15,,
sommersteinpilz,4931806653,2024-06-21,52.36111,9.82833,6,72.0,20.3,17.6,7,0,110.8,-16.0,-103.1,15.3,17.5,0.289,16.7,0.245,,,,15,,
sommersteinpilz,5014496204,2024-06-22,51.67319,11.14941,6,340.0,19.4,8.4,8,3,154.2,-26.6,-52.3,15.0,16.5,0.282,15.6,0.234,,,,15,,
sommersteinpilz,4901784425,2024-06-24,51.60065,10.15526,6,239.0,28.0,6.0,7,3,137.1,-17.2,-72.6,15.7,17.4,0.333,16.7,0.275,,,,15,,
sommersteinpilz,5025464703,2024-06-10,51.73724,11.09671,6,222.0,64.4,1.4,8,8,139.5,17.6,-54.3,14.9,15.3,0.281,15.0,0.307,,,,15,,
sommersteinpilz,6262217794,2024-06-30,53.1,10.9,6,116.0,23.8,27.4,7,0,190.1,-8.9,-44.8,18.7,21.6,0.202,20.5,0.189,,,,15,,
sommersteinpilz,6412822652,2024-06-06,52.98373,9.8412,6,61.0,53.6,4.2,9,6,155.2,8.4,-43.0,15.7,16.0,0.362,15.7,0.367,,,,15,,
sommersteinpilz,4945598946,2024-07-19,51.87293,9.30389,7,293.0,19.5,3.9,6,7,194.8,-35.8,-17.1,18.3,18.9,0.313,18.2,0.294,,,,15,,
sommersteinpilz,5087096568,2024-07-19,51.51591,10.15203,7,201.0,24.6,6.3,5,3,194.0,-29.8,-21.3,18.5,19.1,0.329,18.3,0.318,,,,15,,
sommersteinpilz,4921866249,2024-08-04,51.84385,10.6544,8,401.0,49.6,26.2,10,2,173.3,22.5,-47.7,18.3,19.4,0.361,18.9,0.358,,,,15,,
sommersteinpilz,4921731827,2024-08-04,51.84104,10.64479,8,428.0,49.6,26.2,10,2,173.3,22.5,-47.8,18.3,19.4,0.361,18.9,0.358,,,,15,,
pfifferling,4922002710,2024-08-04,51.84121,10.64497,8,428.0,49.6,26.2,10,2,173.3,22.5,-47.8,18.3,19.4,0.361,18.9,0.358,,,,15,,
sommersteinpilz,5015454304,2024-08-04,52.13075,9.62505,8,368.0,48.1,14.1,9,2,164.1,9.0,-56.7,17.9,19.1,0.339,18.5,0.33,,,,15,,
pfifferling,5027188814,2024-08-04,52.13075,9.62505,8,368.0,48.1,14.1,9,2,164.1,9.0,-56.7,17.9,19.1,0.339,18.5,0.33,,,,15,,
sommersteinpilz,5021072562,2024-08-31,51.66692,10.92265,8,523.0,8.6,3.6,4,1,128.0,-41.5,-100.2,18.2,18.8,0.218,18.6,0.242,,,,15,,
sommersteinpilz,5108035237,2024-08-05,51.50665,10.15375,8,269.0,62.9,17.4,8,1,191.9,25.0,-38.2,18.9,19.9,0.373,19.6,0.372,,,,15,,
sommersteinpilz,5104303649,2024-08-02,51.59172,10.03436,8,301.0,46.6,22.4,8,0,176.6,11.5,-49.2,19.2,19.7,0.364,19.1,0.367,,,,15,,
sommersteinpilz,4127164979,2023-05-24,51.52127,10.16918,5,221.0,23.7,3.4,6,13,125.0,-18.2,-20.5,12.9,14.0,0.297,13.1,0.298,,,,15,,
sommersteinpilz,4145522535,2023-06-17,51.50852,10.15492,6,269.0,12.6,1.8,3,9,75.4,-59.7,-138.9,17.6,18.0,0.206,17.3,0.216,,,,15,,
sommersteinpilz,4440996359,2023-06-06,51.91589,9.93859,6,177.0,3.5,0.5,2,99,67.4,-56.0,-111.2,13.7,15.9,0.162,14.9,0.203,,,,15,,
sommersteinpilz,4145728212,2023-07-03,51.50113,10.14705,7,295.0,68.2,10.4,7,2,131.9,20.6,-106.3,18.9,17.1,0.342,17.0,0.329,,,,15,,
sommersteinpilz,5015239848,2023-06-11,53.47871,9.88641,6,6.0,0.6,0.0,0,99,63.4,-70.6,-143.2,16.1,20.3,0.276,18.4,0.309,,,,15,,
sommersteinpilz,5901273382,2023-06-11,53.47873,9.88651,6,6.0,0.6,0.0,0,99,63.4,-70.6,-143.2,16.1,20.3,0.276,18.4,0.309,,,,15,,
sommersteinpilz,4145739718,2023-07-02,52.12633,10.39713,7,102.0,79.1,13.0,9,2,120.2,32.3,-119.6,19.7,18.5,0.302,18.5,0.281,,,,15,,
sommersteinpilz,4153564000,2023-07-10,51.5013,10.15069,7,283.0,20.1,0.6,5,5,122.3,-42.6,-127.5,18.5,19.4,0.318,18.4,0.317,,,,15,,
sommersteinpilz,4153702670,2023-07-07,51.50809,10.15361,7,276.0,35.6,6.6,6,2,132.6,-16.7,-111.6,17.7,17.1,0.34,16.7,0.328,,,,15,,
sommersteinpilz,4153715638,2023-07-07,51.51595,10.15178,7,276.0,35.6,6.6,6,2,132.6,-16.7,-111.6,17.7,17.1,0.34,16.7,0.328,,,,15,,
sommersteinpilz,4162025607,2023-07-12,51.50082,10.14753,7,293.0,17.9,2.3,5,7,109.3,-44.5,-146.8,18.9,21.1,0.299,19.8,0.31,,,,15,,
sommersteinpilz,4162035180,2023-07-12,51.51501,10.15153,7,201.0,17.9,2.3,5,7,109.3,-44.4,-146.3,18.9,21.1,0.299,19.8,0.31,,,,15,,
sommersteinpilz,5108059811,2023-07-12,51.51618,10.15259,7,201.0,17.9,2.3,5,7,109.3,-44.4,-146.3,18.9,21.1,0.299,19.8,0.31,,,,15,,
sommersteinpilz,4165443688,2023-07-08,53.15716,9.96339,7,145.0,29.2,6.4,8,3,157.2,-24.3,-99.3,18.0,17.8,0.213,17.2,0.194,,,,15,,
sommersteinpilz,4408880868,2023-07-05,52.08917,9.97445,7,155.0,85.2,3.2,9,4,118.0,28.9,-128.2,18.7,18.1,0.263,18.1,0.24,,,,15,,
sommersteinpilz,4440635826,2023-07-11,51.85302,10.54988,7,451.0,26.2,4.2,8,1,151.7,-28.7,-83.5,17.4,19.7,0.287,18.4,0.296,,,,15,,
sommersteinpilz,4855284491,2023-07-16,52.99987,9.84093,7,76.0,26.6,16.2,8,1,115.4,-26.4,-151.4,19.5,20.7,0.286,20.1,0.251,,,,15,,
sommersteinpilz,5017568288,2023-07-10,52.09486,9.92649,7,154.0,16.9,1.2,7,9,111.8,-47.8,-145.9,19.2,21.2,0.211,19.9,0.217,,,,15,,
sommersteinpilz,5020523130,2023-07-22,52.26443,11.12395,7,156.0,21.8,10.6,5,1,121.1,-38.9,-147.0,20.3,18.6,0.234,18.8,0.212,,,,15,,
sommersteinpilz,6411389668,2023-07-25,52.97914,9.84195,7,65.0,39.0,17.8,12,1,131.0,0.0,-135.0,18.1,17.0,0.327,17.2,0.279,,,,15,,
sommersteinpilz,6411197120,2023-07-10,53.25624,10.80913,7,73.0,31.0,5.4,8,0,98.3,-27.5,-166.0,18.8,20.1,0.405,18.9,0.394,,,,15,,
sommersteinpilz,6412208463,2023-07-09,51.97058,9.677,7,288.0,20.0,0.0,5,4,99.7,-45.1,-150.6,18.6,19.2,0.293,18.1,0.288,,,,15,,
sommersteinpilz,4177150784,2023-08-13,52.2392,9.5795,8,269.0,78.9,1.6,10,7,224.1,34.7,-9.0,16.1,16.8,0.344,16.2,0.336,,,,15,,
sommersteinpilz,4177171911,2023-08-11,53.25514,10.42786,8,23.0,73.9,6.5,9,3,231.7,38.3,-4.2,16.8,16.3,0.256,16.2,0.253,,,,15,,
sommersteinpilz,4407065961,2023-08-26,53.17618,9.95136,8,109.0,35.0,9.9,6,2,255.2,-1.2,50.7,19.9,19.5,0.238,19.4,0.24,,,,15,,
sommersteinpilz,4409570881,2023-08-28,53.14887,9.90886,8,104.0,38.6,5.5,6,4,248.3,-2.2,45.9,19.4,18.4,0.243,18.6,0.239,,,,15,,
sommersteinpilz,4524922137,2023-08-26,52.38822,10.29452,8,66.0,27.4,5.8,7,1,179.0,-15.2,-43.8,21.1,20.9,0.341,20.8,0.342,,,,15,,
sommersteinpilz,5012468138,2023-08-16,51.55304,11.3063,8,389.0,32.9,18.1,12,1,178.8,3.4,-60.1,17.3,19.4,0.325,18.4,0.313,,,,15,,
sommersteinpilz,5018347749,2023-08-30,51.64627,11.1251,8,377.0,36.0,6.5,7,0,157.5,-3.6,-61.9,18.7,16.6,0.273,17.2,0.288,,,,15,,
sommersteinpilz,5018715489,2023-08-11,53.42345,10.64541,8,11.0,64.2,8.4,10,3,220.0,31.5,-10.7,16.8,16.1,0.474,16.2,0.466,,,,15,,
sommersteinpilz,5020940147,2023-08-12,53.16615,10.43974,8,38.0,59.3,1.7,11,4,244.1,18.9,15.0,16.8,16.7,0.248,16.4,0.253,,,,15,,
marone,5019120250,2023-08-12,53.16615,10.43974,8,38.0,59.3,1.7,11,4,244.1,18.9,15.0,16.8,16.7,0.248,16.4,0.253,,,,15,,
sommersteinpilz,5023422492,2023-08-25,52.26443,11.12395,8,156.0,84.4,3.3,6,0,236.1,36.0,5.4,21.3,21.6,0.292,21.1,0.312,,,,15,,
pfifferling,5012858298,2023-08-25,52.26443,11.12395,8,156.0,84.4,3.3,6,0,236.1,36.0,5.4,21.3,21.6,0.292,21.1,0.312,,,,15,,
sommersteinpilz,5026975681,2023-08-27,52.13775,9.66159,8,210.0,32.6,14.6,5,2,210.5,1.8,-6.0,20.0,19.4,0.343,19.4,0.338,,,,15,,
sommersteinpilz,4420828861,2023-09-01,51.69061,11.20772,9,368.0,6.2,20.3,7,0,160.8,-20.1,-65.0,18.5,15.1,0.265,15.9,0.26,,,,15,,
sommersteinpilz,5024981762,2023-09-27,53.20766,10.46334,9,54.0,42.1,0.1,4,4,166.0,4.9,-8.9,16.6,15.3,0.191,15.9,0.172,,,,15,,
sommersteinpilz,5104255085,2023-09-09,52.27233,10.58093,9,83.0,21.1,0.0,3,9,216.1,-25.3,9.0,17.8,19.8,0.302,19.0,0.32,,,,15,,
schwefelporling,4414038656,2023-09-09,52.27238,10.58106,9,83.0,21.1,0.0,3,9,216.1,-25.3,9.0,17.8,19.8,0.302,19.0,0.32,,,,15,,
sommersteinpilz,4430838352,2023-10-23,52.42129,10.36986,10,58.0,55.5,17.3,8,3,174.6,53.2,36.6,11.8,9.4,0.397,10.2,0.397,,,,15,,
sommersteinpilz,5015970759,2022-09-03,53.32821,11.48344,9,45.0,4.4,0.0,1,99,59.8,-46.1,-193.6,19.0,18.0,0.103,18.3,0.079,,,,15,,
schwefelporling,5017303995,2022-09-03,53.32821,11.48344,9,45.0,4.4,0.0,1,99,59.8,-46.1,-193.6,19.0,18.0,0.103,18.3,0.079,,,,15,,
sommersteinpilz,5019151669,2022-10-02,52.60226,10.10017,10,39.0,42.5,12.3,10,1,104.6,31.5,-86.5,10.9,10.1,0.27,10.7,0.247,,,,15,,
birkenpilz,5021152109,2022-10-02,52.60226,10.10017,10,39.0,42.5,12.3,10,1,104.6,31.5,-86.5,10.9,10.1,0.27,10.7,0.247,,,,15,,
sommersteinpilz,5017091029,2021-03-14,51.67367,10.95698,3,454.0,11.9,16.1,7,1,165.5,12.1,126.3,2.3,2.6,0.375,2.6,0.367,,,,15,,
sommersteinpilz,3124738310,2021-05-26,52.07162,10.36064,5,231.0,26.7,6.1,11,7,122.4,-10.2,-28.3,11.1,11.7,0.292,11.2,0.273,,,,15,,
sommersteinpilz,5013051178,2021-06-12,51.92364,9.79049,6,194.0,15.3,9.1,7,3,163.6,-29.5,-4.5,16.7,17.6,0.372,16.5,0.362,,,,15,,
sommersteinpilz,5018337916,2021-06-23,51.76477,11.35489,6,134.0,2.6,26.9,2,2,120.2,-38.8,-93.5,20.4,22.2,0.267,21.1,0.251,,,,15,,
sommersteinpilz,3328153387,2021-07-08,51.81234,9.36802,7,275.0,26.0,11.5,9,2,184.8,-10.4,-21.2,17.8,17.8,0.347,17.1,0.334,,,,15,,
sommersteinpilz,5013334345,2021-07-18,53.23697,10.44336,7,43.0,38.0,0.0,7,4,163.0,-18.7,-66.2,20.3,22.1,0.186,21.1,0.185,,,,15,,
sommersteinpilz,6424685460,2020-06-25,52.08828,9.93567,6,215.0,88.2,0.1,7,7,156.3,37.0,-46.4,18.0,18.6,0.304,17.7,0.324,,,,15,,
sommersteinpilz,5014669180,2020-06-25,51.67549,10.95922,6,443.0,91.2,0.9,7,7,155.7,40.3,-33.8,16.9,16.3,0.317,15.5,0.348,,,,15,,
sommersteinpilz,5027423089,2020-07-02,51.85126,10.54749,7,452.0,17.1,14.3,8,1,207.2,-24.1,20.0,16.9,17.4,0.312,17.0,0.299,,,,15,,
marone,6413374457,2026-06-19,52.68986,9.75505,6,42.0,46.9,2.7,12,5,172.5,-4.1,-34.3,16.0,17.5,0.144,16.0,0.142,,,,15,,
marone,6413755844,2026-06-21,52.8482,10.28282,6,106.0,33.9,8.4,9,0,172.5,-13.2,-44.4,16.7,20.3,0.124,18.2,0.105,,,,15,,
marone,5283452256,2025-07-29,53.21912,10.39274,7,44.0,61.6,22.6,13,2,186.0,41.0,-48.0,18.2,18.1,0.245,17.8,0.227,,,,15,,
marone,5282052417,2025-08-05,53.34645,9.87381,8,97.0,75.6,16.8,14,1,205.6,54.4,-10.3,16.7,16.4,0.258,16.1,0.231,,,,15,,
marone,5292036595,2025-08-08,53.31187,9.30573,8,32.0,66.6,3.3,11,4,197.4,28.2,-13.0,16.8,17.0,0.193,16.6,0.162,,,,15,,
marone,5830446390,2025-09-22,53.30791,10.44279,9,21.0,23.1,0.2,5,4,113.2,-12.1,-73.1,15.9,16.2,0.195,16.2,0.191,,,,15,,
marone,5828288112,2025-08-09,53.01923,9.71455,8,77.0,58.6,1.3,10,4,196.2,15.3,-25.0,16.8,17.7,0.166,17.0,0.165,,,,15,,
marone,5288588980,2025-08-12,53.0695,11.43005,8,68.0,32.8,0.0,7,8,208.7,-18.4,-34.4,17.6,18.8,0.319,18.0,0.371,,,,15,,
marone,5832223787,2025-09-24,53.38669,9.72475,9,34.0,38.6,0.6,6,6,126.2,7.0,-52.6,14.6,14.6,0.304,15.0,0.293,,,,15,,
marone,5832140509,2025-09-25,53.32496,9.96494,9,64.0,36.8,0.0,4,7,117.1,2.7,-66.0,14.4,13.6,0.196,14.3,0.191,,,,15,,
marone,5839918624,2025-10-03,51.69095,11.12497,10,430.0,17.4,0.4,4,7,97.2,-11.5,-88.2,11.3,9.2,0.305,10.2,0.296,,,,15,,
marone,5840764002,2025-09-30,52.18046,11.83777,9,82.0,18.8,0.1,6,9,91.6,-16.5,-107.9,14.4,12.8,0.217,13.3,0.219,,,,15,,
marone,5840844067,2025-10-03,51.68174,9.76643,10,383.0,19.6,1.1,4,7,83.2,-8.0,-95.2,11.1,9.3,0.252,10.3,0.187,,,,15,,
marone,5840975856,2025-10-03,51.68189,9.76656,10,383.0,19.6,1.1,4,7,83.2,-8.0,-95.2,11.1,9.3,0.252,10.3,0.187,,,,15,,
marone,5840049357,2025-10-03,51.65453,10.42409,10,428.0,20.9,0.8,4,7,153.9,-5.4,-13.2,11.1,9.8,0.343,10.6,0.345,,,,15,,
marone,5844147339,2025-10-10,52.13504,9.34636,10,135.0,28.3,4.4,7,6,93.0,12.3,-64.7,11.2,12.0,0.329,12.0,0.272,,,,15,,
marone,5867742047,2025-10-18,53.1145,9.37136,10,32.0,37.0,2.1,4,12,100.7,24.7,-34.3,12.1,11.5,0.213,12.2,0.204,,,,15,,
marone,5867753416,2025-10-18,52.42218,9.74939,10,50.0,23.4,3.2,7,14,74.6,11.6,-69.4,12.2,11.7,0.267,12.5,0.237,,,,15,,
marone,5867926242,2025-10-16,51.91665,9.94226,10,199.0,19.9,2.5,4,12,80.4,6.8,-57.5,11.2,11.7,0.29,12.0,0.271,,,,15,,
marone,5867987781,2025-10-20,52.89466,11.45753,10,38.0,9.9,0.8,3,14,81.5,-5.2,-53.5,11.3,9.6,0.359,10.7,0.357,,,,15,,
parasol,5867711383,2025-10-20,52.89586,11.45998,10,38.0,9.9,0.8,3,14,81.5,-5.2,-53.5,11.3,9.6,0.359,10.7,0.357,,,,15,,
marone,5867994547,2025-10-10,52.64588,9.00388,10,53.0,34.5,2.6,7,6,86.2,14.0,-77.6,12.3,13.0,0.234,12.9,0.205,,,,15,,
marone,5868042667,2025-10-19,53.13634,9.78164,10,90.0,14.7,1.9,6,13,102.0,2.3,-30.5,11.4,10.2,0.225,11.1,0.217,,,,15,,
marone,5868115856,2025-10-11,53.11267,9.37127,10,35.0,37.5,1.9,4,5,99.1,17.5,-60.1,12.2,13.2,0.235,13.0,0.215,,,,15,,
marone,5868243696,2025-10-17,52.67991,9.84675,10,31.0,33.6,4.6,8,12,102.5,22.5,-36.8,12.3,12.3,0.238,12.7,0.233,,,,15,,
marone,5868062087,2025-10-18,53.49532,10.67766,10,37.0,38.3,1.1,4,13,98.1,24.1,-32.5,11.7,10.8,0.223,11.6,0.226,,,,15,,
marone,5868385276,2025-10-16,52.33854,11.67705,10,89.0,23.6,1.3,6,9,98.7,7.1,-46.4,11.8,12.4,0.444,12.7,0.445,,,,15,,
marone,5868931615,2025-10-25,53.20904,9.87882,10,68.0,14.3,16.7,7,0,120.7,16.9,1.0,10.4,10.3,0.255,10.5,0.236,,,,15,,
marone,5868934636,2025-10-19,52.2785,9.17281,10,239.0,19.2,3.2,11,7,109.4,8.3,-24.8,10.6,9.3,0.335,10.1,0.302,,,,15,,
marone,5871914821,2025-10-20,52.57357,10.70701,10,94.0,9.4,5.5,5,0,95.7,0.6,-37.1,11.2,9.4,0.218,10.3,0.204,,,,15,,
marone,5888991827,2025-10-20,52.92352,9.4572,10,56.0,11.3,4.1,6,14,107.8,1.0,-17.2,11.6,9.8,0.259,10.7,0.256,,,,15,,
birkenpilz,5889002264,2025-10-20,52.92352,9.4572,10,56.0,11.3,4.1,6,14,107.8,1.0,-17.2,11.6,9.8,0.259,10.7,0.256,,,,15,,
marone,5889507758,2025-10-23,52.10212,9.88025,10,176.0,10.2,10.5,7,3,107.6,4.8,-20.5,11.0,9.7,0.299,10.2,0.246,,,,15,,
marone,5889549234,2025-10-24,52.76155,9.98953,10,65.0,11.8,11.7,5,1,135.7,7.8,13.3,11.1,10.1,0.258,10.4,0.247,,,,15,,
marone,5889509789,2025-10-19,52.88719,11.44267,10,53.0,16.4,0.7,4,13,80.9,0.9,-56.3,11.5,10.2,0.362,11.2,0.357,,,,15,,
marone,5889570362,2025-10-30,52.08234,11.22102,10,210.0,14.4,14.5,8,0,101.9,10.5,-19.9,9.6,8.8,0.339,9.4,0.304,,,,15,,
marone,5889616358,2025-10-23,53.17453,10.02469,10,64.0,2.9,17.0,4,0,97.0,5.6,-25.7,10.9,9.0,0.215,9.6,0.195,,,,15,,
marone,5902408523,2025-10-23,53.17381,10.02416,10,64.0,2.9,17.0,4,0,97.0,5.6,-25.7,10.9,9.0,0.215,9.6,0.195,,,,15,,
parasol,5901220160,2025-10-23,53.17758,10.02579,10,64.0,2.9,17.0,4,0,97.0,5.6,-25.7,10.9,9.0,0.215,9.6,0.195,,,,15,,
parasol,5918603605,2025-10-23,53.15743,9.96395,10,64.0,2.9,17.0,4,0,97.0,5.6,-25.7,10.9,9.0,0.215,9.6,0.195,,,,15,,
parasol,6137474991,2025-10-23,53.15704,9.96185,10,64.0,2.9,17.0,4,0,97.0,5.6,-25.7,10.9,9.0,0.215,9.6,0.195,,,,15,,
marone,5896997707,2025-10-26,53.10691,10.35891,10,110.0,12.0,11.9,7,0,119.3,9.6,-0.6,9.9,10.1,0.229,10.4,0.184,,,,15,,
marone,5889850643,2025-10-22,52.13747,9.3504,10,166.0,11.8,7.8,10,2,107.8,6.0,-14.9,11.0,9.6,0.318,10.2,0.282,,,,15,,
marone,5897004337,2025-10-31,53.15783,10.55401,10,65.0,25.0,16.9,10,1,107.1,27.5,-5.0,8.9,8.4,0.261,9.0,0.238,,,,15,,
marone,5901588125,2025-10-29,52.88873,10.50159,10,74.0,19.7,14.8,8,1,101.9,20.0,-16.0,9.3,8.6,0.225,9.3,0.17,,,,15,,
marone,5897006549,2025-10-31,53.1836,10.51181,10,66.0,25.0,16.9,10,1,107.1,27.5,-5.0,8.9,8.4,0.261,9.0,0.238,,,,15,,
marone,5901961250,2025-10-28,52.21755,11.83026,10,99.0,11.2,20.2,6,0,106.0,14.4,-17.4,9.8,9.5,0.315,10.3,0.269,,,,15,,
marone,6131294060,2025-10-18,53.09128,10.58213,10,48.0,34.4,1.2,4,12,86.6,20.7,-54.8,11.8,11.0,0.171,11.9,0.157,,,,15,,
marone,6411650309,2025-10-19,53.03059,9.25748,10,55.0,8.8,1.6,3,13,94.2,-4.5,-33.6,11.7,10.5,0.363,11.4,0.349,,,,15,,
marone,6320787317,2025-10-16,52.77344,11.71421,10,41.0,27.8,1.0,5,11,74.7,11.3,-72.9,11.9,12.4,0.319,12.7,0.308,,,,15,,
marone,5888998176,2025-11-02,52.45988,9.19221,11,88.0,37.3,9.8,12,3,121.4,32.1,11.8,10.1,9.6,0.262,9.8,0.255,,,,15,,
marone,5889491114,2025-11-01,51.78734,11.09227,11,197.0,25.0,10.3,6,0,131.6,16.3,16.5,9.5,8.7,0.362,9.0,0.322,,,,15,,
marone,5889830585,2025-11-02,52.93444,9.25312,11,39.0,44.5,13.1,12,3,139.3,44.1,37.3,9.7,9.3,0.395,9.7,0.391,,,,15,,
marone,5892368334,2025-11-05,52.53366,9.71977,11,90.0,34.6,1.7,9,6,115.0,21.5,14.5,10.1,9.8,0.238,10.0,0.24,,,,15,,
marone,5889943641,2025-11-03,52.52886,9.71647,11,88.0,40.9,3.4,11,4,117.3,30.2,12.6,10.0,9.5,0.254,9.7,0.249,,,,15,,
marone,5892384130,2025-11-09,53.36491,9.8341,11,112.0,39.0,0.5,5,8,143.0,28.0,60.1,9.0,9.2,0.359,9.6,0.364,,,,15,,
marone,5892538282,2025-11-05,52.13513,9.35196,11,149.0,43.5,1.7,10,4,140.6,31.8,48.0,9.2,9.2,0.367,9.4,0.361,,,,15,,
marone,5892826698,2025-11-09,52.93654,9.25766,11,47.0,35.9,1.6,8,10,136.9,25.8,50.6,9.3,9.2,0.371,9.8,0.373,,,,15,,
marone,5892948733,2025-11-04,52.93848,9.25135,11,50.0,52.3,5.6,12,5,140.5,44.7,43.1,10.0,9.7,0.389,10.0,0.388,,,,15,,
marone,5901187504,2025-11-08,53.11324,10.85609,11,90.0,38.1,0.0,6,7,102.5,25.9,9.2,8.6,8.8,0.223,9.4,0.221,,,,15,,
marone,5901716899,2025-11-23,53.18674,9.93274,11,123.0,46.3,5.9,7,3,161.0,45.0,100.3,4.4,1.4,0.27,2.9,0.274,,,,15,,
marone,5901763238,2025-11-04,52.43336,10.89032,11,74.0,40.3,3.0,7,5,113.5,27.4,8.5,10.2,9.7,0.332,9.9,0.29,,,,15,,
marone,5902057298,2025-11-02,52.46379,9.8681,11,81.0,41.6,11.0,12,3,115.5,38.1,8.5,9.8,9.3,0.371,9.7,0.351,,,,15,,
marone,5902171571,2025-11-06,53.05751,11.44936,11,47.0,40.6,0.2,7,5,102.4,27.2,5.7,9.5,9.4,0.468,9.8,0.466,,,,15,,
marone,5902262440,2025-11-13,53.20268,9.8794,11,71.0,14.0,1.5,3,12,134.3,3.7,55.3,9.2,8.4,0.245,8.8,0.242,,,,15,,
marone,5903129210,2025-11-18,52.11405,10.30697,11,189.0,8.8,20.2,7,0,111.6,17.1,31.4,8.2,7.4,0.35,8.3,0.323,,,,15,,
marone,5902500639,2025-11-20,52.76675,9.71537,11,68.0,27.8,11.6,8,0,152.6,32.2,85.3,6.5,4.5,0.29,5.9,0.289,,,,15,,
marone,5902731370,2025-11-05,53.32818,9.9604,11,66.0,45.4,1.1,8,6,129.3,33.8,34.3,9.7,9.8,0.261,9.9,0.269,,,,15,,
marone,5908815133,2025-11-28,53.26532,10.2947,11,62.0,58.8,2.3,8,8,147.9,55.3,93.8,2.9,2.1,0.24,2.5,0.236,,,,15,,
marone,6137474093,2025-11-10,51.78271,11.96156,11,74.0,18.5,1.5,5,9,131.3,6.6,34.8,8.7,7.1,0.337,8.1,0.335,,,,15,,
marone,6412524231,2025-11-11,53.09141,9.42224,11,32.0,23.8,3.0,6,10,135.7,15.6,52.9,9.3,8.1,0.236,8.9,0.229,,,,15,,
marone,6412605819,2025-11-16,53.4499,9.66996,11,23.0,3.6,34.5,4,1,145.3,28.6,75.2,8.6,7.9,0.391,8.5,0.381,,,,15,,
marone,4952984748,2024-09-28,53.14534,9.07888,9,12.0,3.1,26.6,6,1,114.0,-1.2,-72.7,15.0,14.4,0.662,15.3,0.647,,,,15,,
marone,4952233992,2024-09-29,53.14476,9.37164,9,51.0,16.9,16.3,5,2,109.7,2.7,-75.7,14.8,13.6,0.275,14.4,0.263,,,,15,,
marone,4956785091,2024-09-29,52.99181,11.31521,9,39.0,17.7,23.1,5,2,108.2,6.0,-96.0,15.3,14.0,0.26,14.9,0.232,,,,15,,
marone,4957029346,2024-09-30,52.45776,9.86452,9,74.0,24.4,16.5,6,3,117.7,8.7,-73.4,14.9,13.4,0.392,14.1,0.376,,,,15,,
marone,4952987539,2024-10-08,53.24717,9.84415,10,52.0,47.3,5.7,7,0,157.5,30.3,-8.1,11.5,10.7,0.247,11.1,0.249,,,,15,,
marone,5027190747,2024-09-01,51.75057,9.82375,9,316.0,11.8,17.7,5,1,162.6,-22.5,-61.4,18.4,19.1,0.277,18.7,0.279,,,,15,,
pfifferling,5023031840,2024-09-01,51.75057,9.82375,9,316.0,11.8,17.7,5,1,162.6,-22.5,-61.4,18.4,19.1,0.277,18.7,0.279,,,,15,,
marone,4954350624,2024-10-12,53.30866,11.53835,10,41.0,27.7,20.1,6,2,134.4,27.7,-33.2,10.5,11.5,0.272,11.8,0.265,,,,15,,
marone,4954487170,2024-10-12,53.30797,11.53852,10,41.0,27.7,20.1,6,2,134.4,27.7,-33.2,10.5,11.5,0.272,11.8,0.265,,,,15,,
marone,4954630842,2024-10-09,51.8125,10.96306,10,283.0,40.8,25.2,10,0,158.5,46.5,-13.2,11.2,10.8,0.388,11.1,0.374,,,,15,,
marone,4957142358,2024-10-02,53.43051,9.86457,10,121.0,25.2,22.3,6,1,142.2,18.4,-34.2,13.8,11.8,0.394,12.7,0.383,,,,15,,
marone,4973795628,2024-10-08,53.27993,11.53899,10,44.0,64.0,5.4,8,0,131.9,48.0,-47.4,11.6,10.8,0.367,11.3,0.362,,,,15,,
marone,4957227342,2024-10-02,53.31076,9.19968,10,44.0,29.7,13.9,7,1,141.8,14.1,-34.8,14.1,12.0,0.273,12.9,0.266,,,,15,,
marone,4973938948,2024-10-21,53.1314,9.75487,10,78.0,44.3,4.9,6,8,174.6,31.1,32.8,11.7,12.5,0.248,12.2,0.252,,,,15,,
marone,4974304307,2024-10-19,53.25744,10.80875,10,67.0,35.0,0.1,4,6,151.7,16.2,2.6,10.7,10.4,0.466,10.7,0.472,,,,15,,
marone,4978486819,2024-10-28,53.26072,11.51231,10,45.0,6.4,3.0,3,6,146.6,-6.8,18.7,11.4,10.6,0.232,11.2,0.235,,,,15,,
marone,4980632571,2024-10-17,53.05313,9.31507,10,39.0,41.1,0.2,4,4,121.4,20.7,-26.7,10.5,9.6,0.387,10.2,0.395,,,,15,,
marone,4976625360,2024-10-24,52.13505,9.35198,10,149.0,19.6,6.1,5,3,166.1,8.8,44.2,10.9,11.9,0.389,12.2,0.39,,,,15,,
marone,4985648052,2024-10-31,52.08333,11.23611,10,202.0,2.5,1.1,1,99,122.7,-12.2,3.2,12.5,12.0,0.351,12.2,0.351,,,,15,,
marone,4986003522,2024-10-05,53.28253,10.70525,10,33.0,51.0,3.5,8,4,138.1,28.8,-40.7,12.5,10.5,0.484,11.5,0.482,,,,15,,
parasol,4986617529,2024-10-05,53.27746,10.69684,10,33.0,51.0,3.5,8,4,138.1,28.8,-40.7,12.5,10.5,0.484,11.5,0.482,,,,15,,
marone,4986039250,2024-10-16,53.21432,10.26904,10,101.0,27.3,3.7,5,3,151.1,11.3,-1.2,10.1,9.2,0.252,10.2,0.251,,,,15,,
marone,5016391755,2024-10-12,52.53689,9.70311,10,81.0,39.6,23.5,7,2,175.0,42.7,16.8,11.0,12.0,0.277,12.4,0.277,,,,15,,
pfifferling,5025566366,2024-10-12,52.53689,9.70311,10,81.0,39.6,23.5,7,2,175.0,42.7,16.8,11.0,12.0,0.277,12.4,0.277,,,,15,,
birkenpilz,5015233813,2024-10-12,52.53689,9.70311,10,81.0,39.6,23.5,7,2,175.0,42.7,16.8,11.0,12.0,0.277,12.4,0.277,,,,15,,
marone,5016641557,2024-10-22,53.45351,9.6829,10,18.0,48.7,9.7,8,0,154.3,41.0,18.8,11.6,12.8,0.38,12.5,0.383,,,,15,,
marone,5018567161,2024-10-05,52.51636,9.12495,10,33.0,50.4,1.2,8,4,129.4,25.7,-40.7,12.8,11.3,0.394,12.2,0.394,,,,15,,
parasol,5015682505,2024-10-05,52.51636,9.12495,10,33.0,50.4,1.2,8,4,129.4,25.7,-40.7,12.8,11.3,0.394,12.2,0.394,,,,15,,
marone,5020791579,2024-10-13,52.25471,9.56703,10,159.0,43.0,9.5,7,3,159.4,32.9,7.5,10.8,11.7,0.391,12.1,0.388,,,,15,,
marone,5020931332,2024-10-09,52.93105,9.47159,10,37.0,51.2,11.0,7,0,145.4,39.4,-18.9,11.9,11.7,0.257,11.9,0.265,,,,15,,
marone,5027758696,2024-10-11,52.60226,10.10017,10,39.0,25.5,24.0,6,1,168.5,27.7,4.1,11.6,12.3,0.271,12.5,0.266,,,,15,,
birkenpilz,5023776957,2024-10-11,52.60226,10.10017,10,39.0,25.5,24.0,6,1,168.5,27.7,4.1,11.6,12.3,0.271,12.5,0.266,,,,15,,
marone,5180743480,2024-10-20,52.20933,11.73869,10,48.0,29.1,0.1,4,7,133.0,7.9,-26.4,11.7,11.5,0.361,11.6,0.365,,,,15,,
marone,5897003938,2024-10-24,53.22099,10.42791,10,39.0,22.6,12.2,4,2,180.5,16.9,44.3,10.9,12.1,0.244,12.3,0.234,,,,15,,
marone,6411164931,2024-10-07,52.95914,11.33264,10,25.0,62.5,1.4,8,6,119.0,40.7,-64.2,12.1,10.7,0.259,11.5,0.262,,,,15,,
marone,5027804378,2024-11-16,52.4977,9.34668,11,63.0,4.4,6.5,3,3,109.7,3.5,39.2,6.8,7.6,0.385,8.1,0.379,,,,15,,
marone,5897004562,2024-11-10,53.2531,10.50224,11,87.0,5.9,0.1,3,99,125.1,-2.2,42.8,8.6,7.1,0.219,8.1,0.218,,,,15,,
marone,5897010376,2024-11-17,53.1836,10.51181,11,66.0,11.7,5.5,3,0,118.7,10.3,49.1,6.5,7.2,0.255,7.6,0.247,,,,15,,
parasol,5897002714,2024-11-17,53.1836,10.51181,11,66.0,11.7,5.5,3,0,118.7,10.3,49.1,6.5,7.2,0.255,7.6,0.247,,,,15,,
marone,5104292989,2024-12-01,53.13207,10.11213,12,63.0,48.1,5.3,11,3,124.2,44.7,76.0,4.0,4.4,0.276,5.5,0.283,,,,15,,
marone,5897008513,2024-12-01,53.15501,10.40188,12,67.0,46.6,3.3,7,3,114.6,40.8,65.2,4.3,4.7,0.274,5.8,0.281,,,,15,,
marone,4409335542,2023-07-30,53.16,10.42,7,69.0,50.4,50.4,13,2,186.6,54.5,-74.4,17.0,16.9,0.279,16.8,0.264,,,,15,,
pfifferling,5027801576,2023-07-30,53.19251,10.42561,7,69.0,50.4,50.4,13,2,186.6,54.5,-74.4,17.0,16.9,0.279,16.8,0.264,,,,15,,
marone,4430953767,2023-07-30,52.40042,10.48605,7,86.0,35.1,21.3,9,1,180.8,3.9,-84.9,18.0,17.7,0.35,17.6,0.291,,,,15,,
marone,4177468310,2023-08-12,51.73383,9.60178,8,373.0,75.1,8.9,12,0,200.6,39.0,-32.8,16.1,16.0,0.371,15.7,0.365,,,,15,,
marone,4400359887,2023-08-18,52.13473,9.34575,8,120.0,22.7,18.9,9,1,243.5,-4.6,20.8,17.6,19.2,0.38,18.6,0.372,,,,15,,
marone,4405166034,2023-08-22,51.50594,10.15674,8,261.0,56.5,8.4,9,0,224.4,13.2,0.7,19.7,21.7,0.378,20.8,0.389,,,,15,,
marone,4410068592,2023-08-12,53.48425,10.25766,8,39.0,75.2,2.4,10,4,235.1,37.2,12.0,16.7,16.2,0.472,16.0,0.475,,,,15,,
marone,4410215245,2023-08-02,52.99,9.86,8,80.0,61.2,36.6,14,0,202.4,59.5,-49.1,16.4,17.3,0.399,17.0,0.381,,,,15,,
marone,4410069166,2023-08-16,53.14088,9.88563,8,107.0,38.7,0.6,8,4,234.9,-6.0,16.7,17.4,19.6,0.22,18.6,0.224,,,,15,,
marone,4430938830,2023-08-10,52.88243,9.31516,8,31.0,93.6,3.0,12,5,248.4,55.2,9.2,16.7,16.6,0.383,16.6,0.383,,,,15,,
marone,4438783856,2023-08-16,52.16988,9.38044,8,412.0,46.3,5.8,10,1,239.8,8.3,20.5,15.7,17.8,0.358,16.9,0.352,,,,15,,
marone,4925867177,2023-08-05,53.18197,9.19037,8,58.0,103.4,36.9,13,0,287.4,103.1,44.4,16.5,16.7,0.417,16.5,0.418,,,,15,,
marone,4926091149,2023-08-03,53.14527,9.07886,8,12.0,74.3,55.4,12,0,255.5,91.4,10.3,16.6,17.2,0.718,16.9,0.708,,,,15,,
marone,4950078092,2023-08-20,53.22389,9.80917,8,76.0,15.1,45.4,6,1,304.7,14.3,94.9,18.4,20.0,0.263,19.3,0.262,,,,15,,
marone,5016228221,2023-08-20,53.24437,10.20293,8,36.0,14.0,43.1,6,1,251.4,9.5,31.9,18.8,20.7,0.234,20.0,0.236,,,,15,,
marone,5022785762,2023-08-18,53.15382,10.42026,8,82.0,19.3,35.1,7,1,270.6,7.7,51.6,17.9,19.8,0.219,19.1,0.226,,,,15,,
birkenpilz,5013567276,2023-08-18,53.15382,10.42026,8,82.0,19.3,35.1,7,1,270.6,7.7,51.6,17.9,19.8,0.219,19.1,0.226,,,,15,,
parasol,5018637199,2023-08-18,53.15382,10.42026,8,82.0,19.3,35.1,7,1,270.6,7.7,51.6,17.9,19.8,0.219,19.1,0.226,,,,15,,
marone,5023080885,2023-08-12,53.4786,9.88583,8,6.0,78.7,11.7,11,0,257.9,49.6,34.0,16.8,16.4,0.461,16.2,0.461,,,,15,,
marone,5025041602,2023-08-12,53.14728,10.45102,8,43.0,59.3,1.7,11,4,244.1,18.9,14.9,16.8,16.7,0.248,16.4,0.253,,,,15,,
marone,5023555593,2023-08-08,53.09948,10.33785,8,105.0,100.1,16.7,13,0,233.6,77.9,-8.7,16.2,16.7,0.275,16.6,0.266,,,,15,,
marone,5026471386,2023-08-04,53.15382,10.42026,8,82.0,87.7,29.9,14,0,229.0,79.8,-21.3,16.6,17.1,0.29,16.9,0.279,,,,15,,
parasol,5012550803,2023-08-04,53.15501,10.40188,8,82.0,87.7,29.9,14,0,229.0,79.8,-21.3,16.6,17.1,0.29,16.9,0.279,,,,15,,
parasol,5025830544,2023-08-04,53.15382,10.42026,8,82.0,87.7,29.9,14,0,229.0,79.8,-21.3,16.6,17.1,0.29,16.9,0.279,,,,15,,
marone,5028112560,2023-08-18,52.12361,9.37388,8,141.0,18.7,27.9,10,1,246.5,0.5,23.1,17.6,19.2,0.385,18.6,0.376,,,,15,,
marone,5104279969,2023-08-18,53.26667,10.43226,8,32.0,18.5,32.9,4,1,254.5,4.6,33.6,18.0,19.9,0.216,19.2,0.215,,,,15,,
marone,4421058925,2023-09-30,53.22241,10.70264,9,38.0,5.0,5.1,2,1,161.3,-27.1,-15.2,17.3,16.2,0.181,16.2,0.184,,,,15,,
marone,4416758618,2023-09-15,51.85017,10.28083,9,455.0,3.2,27.8,3,2,260.9,-15.3,80.7,17.9,17.0,0.343,17.2,0.338,,,,15,,
marone,4438675957,2023-09-14,52.68774,9.94675,9,51.0,8.7,18.9,3,1,236.1,-16.1,50.0,18.6,19.1,0.197,19.2,0.203,,,,15,,
marone,5016530167,2023-09-24,53.15382,10.42026,9,82.0,23.1,13.9,5,1,204.9,-1.5,31.0,17.4,16.8,0.184,17.2,0.178,,,,15,,
marone,5027501749,2023-09-12,51.8171,10.97483,9,192.0,12.5,1.0,4,11,181.6,-33.7,-29.7,18.2,19.8,0.256,19.3,0.272,,,,15,,
marone,5022343057,2023-09-27,53.13998,9.96941,9,104.0,29.0,0.1,4,4,187.8,-7.1,15.6,16.3,15.0,0.21,15.6,0.19,,,,15,,
marone,4424389788,2023-10-04,52.41375,10.37552,10,59.0,10.0,8.3,4,1,132.4,-14.6,-43.2,16.7,16.5,0.341,16.7,0.335,,,,15,,
marone,4424509159,2023-10-08,52.29779,10.36413,10,90.0,8.6,7.1,2,0,121.4,-14.8,-49.3,16.2,15.5,0.343,15.9,0.329,,,,15,,
marone,4430529901,2023-10-11,52.15586,9.41113,10,239.0,8.6,16.3,4,2,125.2,-2.3,-31.2,15.7,15.2,0.349,15.0,0.334,,,,15,,
marone,4430538479,2023-10-04,53.07592,11.26157,10,35.0,8.2,2.0,3,12,133.5,-21.8,-37.9,16.6,16.3,0.445,16.5,0.443,,,,15,,
marone,4430591973,2023-10-14,53.26577,10.49113,10,82.0,38.7,39.7,9,0,183.8,55.0,31.0,15.2,14.6,0.284,14.8,0.271,,,,15,,
birkenpilz,4607429551,2023-10-14,53.26462,10.49163,10,82.0,38.7,39.7,9,0,183.8,55.0,31.0,15.2,14.6,0.284,14.8,0.271,,,,15,,
marone,4431236453,2023-10-21,52.95321,10.55355,10,39.0,53.3,33.3,8,1,161.4,68.4,25.5,11.3,7.7,0.273,9.0,0.267,,,,15,,
birkenpilz,4507814228,2023-10-21,52.95341,10.5537,10,39.0,53.3,33.3,8,1,161.4,68.4,25.5,11.3,7.7,0.273,9.0,0.267,,,,15,,
parasol,4507562234,2023-10-21,52.95135,10.55787,10,39.0,53.3,33.3,8,1,161.4,68.4,25.5,11.3,7.7,0.273,9.0,0.267,,,,15,,
marone,4431289788,2023-10-22,52.59196,9.86578,10,49.0,54.7,31.2,9,2,160.8,66.7,24.0,11.7,8.6,0.274,9.6,0.267,,,,15,,
marone,4436198959,2023-10-28,52.41517,10.36955,10,60.0,41.0,23.5,8,0,190.9,50.0,64.1,9.7,10.5,0.403,11.1,0.402,,,,15,,
marone,4436206611,2023-10-27,52.93437,9.29869,10,67.0,52.5,21.3,9,0,154.6,58.6,31.7,10.1,10.6,0.409,11.1,0.409,,,,15,,
marone,4438697437,2023-10-30,52.2983,10.35208,10,93.0,35.7,20.3,11,1,173.8,42.2,47.5,10.1,10.7,0.409,11.1,0.409,,,,15,,
schwefelporling,4438706352,2023-10-30,52.28793,10.35802,10,93.0,35.7,20.3,11,1,173.8,42.2,47.5,10.1,10.7,0.409,11.1,0.409,,,,15,,
marone,4438858082,2023-10-06,53.45129,9.88227,10,88.0,20.0,7.0,6,1,124.5,-0.5,-36.9,15.7,15.3,0.412,15.6,0.399,,,,15,,
marone,4438942716,2023-10-30,53.14847,10.66224,10,74.0,38.8,11.8,8,1,173.9,38.1,55.0,9.2,10.2,0.284,10.5,0.284,,,,15,,
parasol,4438734671,2023-10-30,53.14847,10.66224,10,74.0,38.8,11.8,8,1,173.9,38.1,55.0,9.2,10.2,0.284,10.5,0.284,,,,15,,
marone,4460620727,2023-10-08,53.27313,10.71372,10,35.0,9.5,23.1,6,1,132.4,5.6,-32.6,15.8,14.7,0.445,15.4,0.419,,,,15,,
marone,4460837771,2023-10-31,53.26833,10.68677,10,56.0,43.7,18.0,9,0,171.0,49.8,53.6,9.5,10.2,0.498,10.7,0.497,,,,15,,
marone,4461460513,2023-10-12,53.20152,9.52917,10,53.0,32.6,31.4,10,0,127.5,41.8,-25.8,15.7,14.9,0.277,15.1,0.261,,,,15,,
marone,4462338011,2023-10-11,52.05429,10.01351,10,190.0,10.0,29.0,4,2,139.1,8.8,-24.8,16.1,15.2,0.349,15.2,0.327,,,,15,,
marone,4462312901,2023-10-17,53.31989,11.51962,10,60.0,47.4,11.0,8,3,159.0,37.1,11.5,13.0,11.7,0.277,12.8,0.272,,,,15,,
marone,4462471761,2023-10-11,52.92003,9.9986,10,71.0,18.9,11.7,8,2,115.0,6.2,-40.8,15.8,14.7,0.233,14.7,0.205,,,,15,,
marone,4524977417,2023-10-01,53.43548,9.85681,10,94.0,14.9,4.0,6,8,122.3,-15.0,-45.4,16.8,16.0,0.327,16.0,0.329,,,,15,,
marone,4525088476,2023-10-05,53.29286,10.28694,10,13.0,22.5,4.1,6,0,112.6,-3.9,-55.0,16.2,15.8,0.188,16.2,0.182,,,,15,,
marone,5013606353,2023-10-14,53.09948,10.33785,10,105.0,33.7,38.3,10,0,175.1,48.8,22.3,15.0,14.7,0.283,14.8,0.269,,,,15,,
marone,5018493533,2023-10-23,52.60226,10.10017,10,39.0,56.4,22.6,8,3,152.5,60.1,19.0,11.5,9.2,0.282,9.9,0.279,,,,15,,
marone,5019746566,2023-10-08,53.09902,10.12922,10,75.0,5.5,16.6,5,1,137.0,-4.6,-24.9,15.4,14.5,0.208,15.1,0.186,,,,15,,
marone,5020470652,2023-10-11,53.15783,10.55401,10,65.0,28.3,15.5,8,2,138.3,19.2,-20.0,15.7,14.3,0.263,14.5,0.242,,,,15,,
pfifferling,5017961041,2023-10-11,53.15783,10.55401,10,65.0,28.3,15.5,8,2,138.3,19.2,-20.0,15.7,14.3,0.263,14.5,0.242,,,,15,,
marone,5020508476,2023-10-08,52.46462,9.93061,10,73.0,6.1,7.1,4,0,122.2,-16.4,-43.3,16.0,15.2,0.307,15.7,0.286,,,,15,,
marone,5022881253,2023-10-08,52.46332,9.86434,10,73.0,6.1,7.1,4,0,122.2,-16.4,-43.3,16.0,15.2,0.307,15.7,0.286,,,,15,,
birkenpilz,5019668717,2023-10-08,52.46462,9.93061,10,73.0,6.1,7.1,4,0,122.2,-16.4,-43.3,16.0,15.2,0.307,15.7,0.286,,,,15,,
parasol,5021909857,2023-10-08,52.46462,9.93061,10,73.0,6.1,7.1,4,0,122.2,-16.4,-43.3,16.0,15.2,0.307,15.7,0.286,,,,15,,
marone,5022245367,2023-10-23,53.15501,10.40188,10,67.0,69.9,25.0,9,3,177.0,77.8,46.0,10.7,8.2,0.278,9.1,0.277,,,,15,,
marone,5023837618,2023-10-23,53.15382,10.42026,10,67.0,69.9,25.0,9,3,177.0,77.8,46.0,10.7,8.2,0.278,9.1,0.277,,,,15,,
parasol,5024093346,2023-10-23,53.15501,10.40188,10,67.0,69.9,25.0,9,3,177.0,77.8,46.0,10.7,8.2,0.278,9.1,0.277,,,,15,,
marone,5104255128,2023-10-21,52.30378,10.35378,10,89.0,48.5,25.2,8,1,158.2,53.1,14.3,12.3,8.8,0.394,10.0,0.393,,,,15,,
marone,4438895506,2023-11-03,52.13518,9.35299,11,152.0,54.8,8.7,11,2,189.1,49.7,74.1,10.4,10.7,0.406,11.0,0.411,,,,15,,
marone,5017958057,2023-11-03,52.12361,9.37388,11,152.0,54.8,8.7,11,2,189.1,49.7,74.1,10.4,10.7,0.406,11.0,0.411,,,,15,,
marone,4440865935,2023-11-12,52.18855,10.7486,11,267.0,25.2,23.5,9,1,179.6,34.6,89.0,8.4,6.7,0.39,7.8,0.39,,,,15,,
marone,4453921367,2023-11-22,53.20032,10.61504,11,55.0,24.7,26.4,9,2,215.3,43.1,148.7,6.6,6.0,0.29,6.9,0.294,,,,15,,
marone,4459788076,2023-11-08,53.14176,9.91929,11,108.0,39.0,14.2,13,3,206.2,41.6,112.2,9.5,8.7,0.278,9.4,0.281,,,,15,,
marone,5014188819,2023-11-25,52.45988,9.19221,11,88.0,68.4,10.3,10,1,249.8,70.8,179.5,6.5,6.0,0.289,7.0,0.295,,,,15,,
marone,5015435669,2023-11-02,52.43438,9.70889,11,55.0,66.6,13.6,12,1,193.7,66.0,72.9,10.9,11.1,0.41,11.3,0.407,,,,15,,
parasol,5024662325,2023-11-02,52.43438,9.70889,11,55.0,66.6,13.6,12,1,193.7,66.0,72.9,10.9,11.1,0.41,11.3,0.407,,,,15,,
marone,5028436372,2023-11-01,53.15382,10.42026,11,82.0,49.8,12.7,10,1,191.5,51.1,77.2,9.6,10.0,0.286,10.3,0.282,,,,15,,
marone,6353222008,2023-11-02,52.10015,11.27497,11,183.0,46.2,7.4,10,2,149.0,40.8,25.3,10.5,10.9,0.402,11.2,0.401,,,,15,,
marone,6412510041,2023-11-04,53.08564,11.09078,11,15.0,23.7,6.5,9,4,176.8,17.7,67.5,10.3,10.1,0.489,10.6,0.495,,,,15,,
marone,3912005744,2022-09-16,53.15898,11.18148,9,33.0,36.0,10.6,5,0,77.3,7.8,-148.9,16.5,15.9,0.416,16.6,0.361,,,,15,,
marone,3915537598,2022-09-24,51.84651,10.32142,9,539.0,73.6,1.0,11,4,134.4,51.1,-49.8,10.6,9.0,0.386,9.6,0.374,,,,15,,
marone,3995400150,2022-09-25,51.77264,9.54753,9,434.0,35.6,1.5,8,5,96.6,11.9,-94.2,10.9,9.9,0.344,10.5,0.324,,,,15,,
marone,3995882387,2022-09-18,53.25277,11.99001,9,73.0,35.6,21.5,7,0,108.1,19.8,-113.2,15.3,14.1,0.293,15.0,0.247,,,,15,,
marone,3996077174,2022-09-26,52.43281,10.8901,9,76.0,24.4,4.6,7,8,73.5,0.3,-132.0,12.7,12.1,0.33,12.7,0.294,,,,15,,
marone,3996145076,2022-09-18,53.23401,10.80708,9,83.0,52.9,22.2,9,0,105.8,40.8,-108.9,15.3,14.0,0.441,15.1,0.384,,,,15,,
marone,3996429990,2022-09-25,53.26087,10.81277,9,24.0,30.2,9.4,8,1,112.7,11.4,-80.5,12.9,12.0,0.464,12.6,0.448,,,,15,,
marone,3997075149,2022-09-25,53.17984,10.46334,9,40.0,27.9,10.6,8,1,96.2,10.8,-103.5,12.6,11.8,0.246,12.3,0.234,,,,15,,
marone,3997433824,2022-09-25,53.1785,10.46412,9,40.0,27.9,10.6,8,1,96.2,10.8,-103.5,12.6,11.8,0.246,12.3,0.234,,,,15,,
marone,5013562139,2022-09-20,52.54154,9.83,9,53.0,17.9,13.9,9,2,66.9,1.1,-154.8,14.8,12.5,0.217,13.6,0.169,,,,15,,
birkenpilz,5016775078,2022-09-20,52.54154,9.83,9,53.0,17.9,13.9,9,2,66.9,1.1,-154.8,14.8,12.5,0.217,13.6,0.169,,,,15,,
marone,6412108244,2022-09-29,52.52859,9.87984,9,61.0,27.5,27.1,11,1,85.5,30.4,-112.6,11.1,10.9,0.256,11.9,0.224,,,,15,,
marone,3923393415,2022-10-02,52.44904,10.8115,10,85.0,30.7,6.7,8,1,94.8,13.2,-95.5,10.9,10.4,0.364,11.1,0.325,,,,15,,
marone,3925063257,2022-10-09,53.46154,9.87374,10,52.0,38.1,1.2,6,8,119.4,17.0,-44.8,11.5,12.7,0.366,12.8,0.37,,,,15,,
marone,3923350454,2022-10-03,53.43859,9.80055,10,55.0,30.0,14.1,7,2,122.7,22.9,-50.5,11.1,10.7,0.402,11.1,0.398,,,,15,,
marone,3925272645,2022-10-11,53.29395,10.23179,10,29.0,32.6,1.8,6,10,129.3,9.7,-33.8,11.7,12.1,0.225,12.6,0.223,,,,15,,
marone,3947077890,2022-10-18,51.81178,10.36878,10,572.0,5.3,17.0,5,0,156.2,0.8,33.2,10.8,12.1,0.355,11.6,0.34,,,,15,,
marone,3947291079,2022-10-19,52.25258,10.45984,10,105.0,3.9,8.5,3,1,88.6,-12.6,-58.3,12.8,14.1,0.318,13.9,0.287,,,,15,,
marone,3947316386,2022-10-22,52.28799,10.62996,10,97.0,12.0,4.6,4,4,90.8,-5.2,-45.9,12.5,13.1,0.342,13.3,0.304,,,,15,,
marone,3947360224,2022-10-21,53.22531,9.78326,10,70.0,11.0,3.4,5,1,124.8,-5.8,-5.3,11.9,12.5,0.251,12.7,0.248,,,,15,,
marone,3947488255,2022-10-11,52.41525,10.01771,10,74.0,30.0,0.7,4,10,96.1,5.4,-74.7,11.3,12.0,0.338,12.5,0.335,,,,15,,
marone,3988601291,2022-10-22,51.65014,11.02336,10,441.0,27.6,5.2,4,1,123.5,15.2,2.9,10.5,11.2,0.378,11.5,0.364,,,,15,,
marone,3961492437,2022-10-31,52.32569,10.57575,10,108.0,11.0,0.0,3,9,84.1,-9.0,-33.3,14.7,14.6,0.304,14.3,0.302,,,,15,,
marone,3994190542,2022-10-02,53.46123,11.57229,10,56.0,23.1,13.0,9,1,114.8,12.7,-65.9,10.9,10.5,0.237,11.1,0.206,,,,15,,
parasol,4524923014,2022-10-02,53.4644,11.56454,10,56.0,23.1,13.0,9,1,114.8,12.7,-65.9,10.9,10.5,0.237,11.1,0.206,,,,15,,
marone,3995866706,2022-10-16,53.14005,9.83899,10,105.0,10.6,4.0,4,14,139.3,-9.1,-3.0,12.0,11.6,0.236,11.7,0.228,,,,15,,
marone,3997416356,2022-10-16,53.13665,9.83296,10,105.0,10.6,4.0,4,14,139.3,-9.1,-3.0,12.0,11.6,0.236,11.7,0.228,,,,15,,
parasol,3947217640,2022-10-16,53.1267,9.79752,10,105.0,10.6,4.0,4,14,139.3,-9.1,-3.0,12.0,11.6,0.236,11.7,0.228,,,,15,,
parasol,3996813481,2022-10-16,53.14354,9.83466,10,105.0,10.6,4.0,4,14,139.3,-9.1,-3.0,12.0,11.6,0.236,11.7,0.228,,,,15,,
marone,3997696739,2022-10-13,52.07413,9.94308,10,185.0,5.8,0.0,1,12,95.9,-19.5,-65.0,10.8,10.2,0.301,10.8,0.305,,,,15,,
marone,4039355762,2022-10-08,52.38998,9.76787,10,77.0,36.2,1.0,6,6,101.7,12.8,-81.6,11.7,13.0,0.329,13.2,0.321,,,,15,,
marone,4127014628,2022-10-01,53.22241,10.70264,10,38.0,26.1,12.0,7,0,107.2,15.2,-74.1,10.8,10.2,0.268,11.0,0.255,,,,15,,
marone,4158452187,2022-10-15,52.28151,9.17202,10,209.0,10.9,2.5,4,14,101.8,-12.1,-53.7,12.1,11.5,0.325,11.7,0.319,,,,15,,
marone,4440887674,2022-10-21,51.78694,10.29519,10,511.0,11.3,24.0,7,0,176.5,16.5,60.7,10.3,11.5,0.382,11.5,0.368,,,,15,,
marone,4926160112,2022-10-16,53.15642,9.07739,10,15.0,8.6,4.0,4,6,128.2,-11.6,-14.9,12.4,11.5,0.641,11.5,0.625,,,,15,,
marone,4931625091,2022-10-31,53.3271,9.5029,10,37.0,15.6,0.0,4,11,136.5,-0.4,32.5,13.7,13.8,0.235,13.6,0.24,,,,15,,
marone,5020227208,2022-10-17,52.37006,10.82353,10,133.0,2.0,1.0,0,99,95.1,-23.2,-51.7,12.8,12.9,0.301,12.6,0.296,,,,15,,
marone,5017488502,2022-10-15,52.00149,9.65973,10,171.0,6.5,1.0,1,14,82.1,-16.5,-67.1,11.6,11.2,0.325,11.3,0.323,,,,15,,
birkenpilz,5022677060,2022-10-15,52.00149,9.65973,10,171.0,6.5,1.0,1,14,82.1,-16.5,-67.1,11.6,11.2,0.325,11.3,0.323,,,,15,,
marone,5014515413,2022-10-16,52.52454,10.12596,10,110.0,3.9,2.2,2,99,99.1,-19.2,-51.5,12.5,12.0,0.206,12.2,0.198,,,,15,,
marone,5023143883,2022-10-23,53.45853,10.71804,10,41.0,12.6,14.3,7,1,137.1,8.2,15.8,12.3,12.2,0.248,12.5,0.24,,,,15,,
marone,5023814080,2022-10-23,53.1235,10.2904,10,125.0,7.0,3.1,4,99,117.1,-8.8,-5.4,12.1,12.2,0.234,12.5,0.228,,,,15,,
parasol,5023655538,2022-10-23,53.1235,10.2904,10,125.0,7.0,3.1,4,99,117.1,-8.8,-5.4,12.1,12.2,0.234,12.5,0.228,,,,15,,
marone,5025764387,2022-10-15,52.52454,10.12596,10,110.0,9.4,2.2,3,14,99.5,-13.8,-53.3,12.3,11.6,0.205,11.7,0.2,,,,15,,
marone,5026961356,2022-10-13,51.7487,10.57606,10,772.0,17.1,0.9,5,12,136.1,-1.9,9.5,8.2,7.9,0.346,8.3,0.349,,,,15,,
marone,6411971631,2022-10-16,53.14019,9.93306,10,119.0,4.9,5.0,4,2,129.3,-13.6,-10.4,12.0,11.6,0.247,11.7,0.245,,,,15,,
marone,5013144372,2022-11-13,53.22349,10.45703,11,44.0,4.9,0.0,2,99,83.8,-10.6,1.3,10.9,9.9,0.209,10.7,0.215,,,,15,,
marone,5016232507,2022-11-06,52.90248,9.55038,11,68.0,8.6,3.7,4,13,133.4,-4.6,42.8,13.0,10.7,0.235,11.5,0.237,,,,15,,
marone,5018154005,2022-11-21,53.135,10.34046,11,82.0,17.7,2.8,4,4,80.3,10.9,10.5,6.1,2.3,0.248,4.4,0.234,,,,15,,
marone,5017184797,2022-11-05,52.81805,10.14287,11,80.0,2.5,3.3,1,99,111.9,-11.2,19.8,13.1,11.1,0.208,12.0,0.195,,,,15,,
marone,5024288195,2022-11-12,52.27955,10.80475,11,101.0,3.1,0.3,1,99,79.2,-14.8,-13.9,11.7,10.8,0.273,11.2,0.275,,,,15,,
marone,5022582129,2022-11-27,53.15501,10.40188,11,67.0,22.3,5.6,6,2,63.7,22.6,-1.2,3.6,3.7,0.252,4.2,0.247,,,,15,,
marone,3330503396,2021-01-02,52.0225,10.21312,1,266.0,22.2,1.0,8,10,47.0,15.9,12.9,3.7,2.0,0.368,2.9,0.369,,,,15,,
marone,5021280278,2021-02-07,51.67367,10.95698,2,454.0,38.1,31.7,12,0,166.8,65.7,151.5,-1.2,0.3,0.407,0.1,0.409,,,,15,,
schwefelporling,5018389367,2021-02-07,51.67549,10.95922,2,454.0,38.1,31.7,12,0,166.8,65.7,151.5,-1.2,0.3,0.407,0.1,0.409,,,,15,,
marone,3355238619,2021-09-02,53.11972,9.90581,9,108.0,58.0,0.6,9,4,189.9,26.4,8.6,15.5,15.8,0.26,15.7,0.253,,,,15,,
marone,3355507634,2021-07-21,51.80377,10.27365,7,561.0,41.4,0.7,10,7,230.6,1.0,36.5,16.4,16.8,0.37,16.3,0.382,,,,15,,
marone,3384968611,2021-09-12,52.27269,10.5911,9,80.0,21.6,6.0,4,2,125.6,-10.6,-60.3,16.6,18.3,0.319,17.7,0.313,,,,15,,
marone,3731835472,2021-09-04,52.17215,10.85624,9,220.0,55.1,0.0,8,5,148.4,20.9,-44.0,15.4,15.8,0.356,15.7,0.354,,,,15,,
marone,3823000338,2021-09-04,52.17099,10.85646,9,220.0,55.1,0.0,8,5,148.4,20.9,-44.0,15.4,15.8,0.356,15.7,0.354,,,,15,,
marone,3733403433,2021-09-02,52.1744,10.86133,9,246.0,47.7,11.2,9,3,150.7,25.6,-43.9,15.7,15.3,0.379,15.3,0.345,,,,15,,
marone,3915488430,2021-09-05,53.23571,9.84186,9,54.0,49.2,0.0,7,7,189.0,15.5,10.1,15.2,15.9,0.218,15.9,0.227,,,,15,,
marone,5014089420,2021-09-26,52.54154,9.83,9,53.0,8.5,2.8,2,11,118.1,-15.2,-39.1,15.6,15.2,0.216,15.0,0.218,,,,15,,
marone,5015917871,2021-09-26,52.52357,9.8738,9,48.0,8.5,2.8,2,11,118.1,-15.2,-39.1,15.6,15.2,0.216,15.0,0.218,,,,15,,
marone,5017606693,2021-09-25,52.52454,10.12596,9,110.0,9.5,2.0,3,10,105.9,-15.5,-54.5,15.7,14.7,0.215,14.8,0.216,,,,15,,
marone,5017568225,2021-09-26,52.55419,9.47798,9,61.0,12.3,3.1,4,11,133.5,-11.3,-26.0,15.5,15.2,0.21,15.1,0.211,,,,15,,
parasol,5026493224,2021-09-26,52.55419,9.47798,9,61.0,12.3,3.1,4,11,133.5,-11.3,-26.0,15.5,15.2,0.21,15.1,0.211,,,,15,,
marone,5021307060,2021-09-19,52.52357,9.8738,9,48.0,15.0,2.3,3,4,121.6,-15.7,-49.2,16.7,16.1,0.239,16.3,0.23,,,,15,,
pfifferling,5025759886,2021-09-19,52.52357,9.8738,9,48.0,15.0,2.3,3,4,121.6,-15.7,-49.2,16.7,16.1,0.239,16.3,0.23,,,,15,,
marone,5018719301,2021-09-04,53.01953,10.46482,9,103.0,40.4,0.3,8,6,144.8,6.6,-43.5,15.5,16.2,0.234,16.2,0.237,,,,15,,
marone,5026392061,2021-09-14,52.45643,10.35354,9,54.0,1.7,2.2,2,99,98.1,-35.7,-85.5,16.8,18.3,0.318,18.1,0.301,,,,15,,
marone,5022513626,2021-09-26,52.52454,10.12596,9,110.0,8.2,2.4,2,11,105.8,-16.2,-52.6,15.7,15.3,0.213,15.1,0.214,,,,15,,
marone,5027647655,2021-09-12,52.53001,10.23067,9,58.0,15.2,5.8,4,2,112.0,-17.6,-73.2,16.8,18.5,0.205,17.9,0.198,,,,15,,
parasol,5027847707,2021-09-12,52.53622,10.24901,9,58.0,15.2,5.8,4,2,112.0,-17.6,-73.2,16.8,18.5,0.205,17.9,0.198,,,,15,,
marone,6424417540,2021-09-13,52.40019,10.51707,9,80.0,5.0,4.0,3,14,85.5,-30.4,-101.9,16.9,18.4,0.32,18.0,0.311,,,,15,,
marone,3823278759,2021-10-07,52.46231,9.86017,10,74.0,18.0,3.4,8,10,110.4,-6.2,-29.2,14.5,13.5,0.345,13.8,0.328,,,,15,,
marone,3731938662,2021-10-05,52.28198,10.78321,10,118.0,15.3,13.3,4,0,131.0,1.6,-12.9,14.4,13.4,0.314,13.9,0.299,,,,15,,
marone,3912123432,2021-10-02,53.21911,9.8028,10,77.0,19.3,8.9,5,3,177.3,2.3,42.0,14.3,14.1,0.257,14.6,0.243,,,,15,,
marone,4976229409,2021-10-01,51.57247,10.07683,10,256.0,8.8,7.6,5,2,132.4,-11.3,-15.2,13.7,14.3,0.321,14.7,0.305,,,,15,,
parasol,3385040006,2021-10-01,51.56993,10.07151,10,256.0,8.8,7.6,5,2,132.4,-11.3,-15.2,13.7,14.3,0.321,14.7,0.305,,,,15,,
marone,5027158232,2021-10-26,53.1235,11.30407,10,30.0,30.3,2.0,6,4,121.7,15.0,18.2,10.2,9.2,0.478,10.2,0.473,,,,15,,
marone,5022913782,2021-10-08,53.29385,9.81337,10,97.0,27.8,2.1,7,9,146.9,4.6,19.9,14.0,12.7,0.24,13.2,0.24,,,,15,,
marone,5018050749,2021-10-09,52.29908,9.41534,10,289.0,21.5,0.2,7,7,117.4,-3.9,-15.3,12.5,10.8,0.344,11.7,0.331,,,,15,,
marone,3415582633,2021-11-14,51.80449,9.64646,11,317.0,19.1,1.9,6,10,85.4,12.5,15.7,6.4,5.2,0.364,6.2,0.368,,,,15,,
marone,5019326388,2021-11-07,52.7267,9.8211,11,52.0,6.7,16.2,5,0,106.3,9.3,16.9,9.6,8.2,0.262,9.0,0.249,,,,15,,
marone,5019508136,2020-07-23,51.74425,10.64283,7,706.0,29.5,1.6,5,7,167.9,-15.3,-23.8,14.3,15.6,0.336,14.9,0.349,,,,15,,
marone,5020998380,2021-12-13,53.42038,11.35265,12,47.0,30.1,4.4,7,1,122.3,30.2,86.2,1.9,2.5,0.364,2.8,0.361,,,,15,,
marone,2864602014,2020-09-13,51.83954,10.10842,9,201.0,20.0,0.6,5,8,104.3,-13.8,-91.7,14.9,15.4,0.299,15.3,0.295,,,,15,,
birkenpilz,4904140380,2020-09-13,51.83935,10.10896,9,201.0,20.0,0.6,5,8,104.3,-13.8,-91.7,14.9,15.4,0.299,15.3,0.295,,,,15,,
marone,5025509712,2020-07-27,51.77156,10.35324,7,586.0,18.3,19.3,6,0,271.2,-11.1,75.1,15.4,16.0,0.332,15.5,0.332,,,,15,,
marone,5013831661,2020-09-13,52.90248,9.55038,9,68.0,27.4,0.3,6,9,102.1,-5.7,-98.9,15.4,15.5,0.237,15.5,0.235,,,,15,,
marone,5022776961,2020-07-11,52.95395,10.56172,7,56.0,30.2,25.4,11,1,179.0,9.6,-36.5,16.9,15.5,0.231,15.8,0.193,,,,15,,
marone,5022715775,2020-09-19,52.50065,9.24019,9,62.0,6.0,0.0,2,99,117.2,-33.9,-84.6,16.2,16.8,0.166,16.9,0.184,,,,15,,
marone,5014330378,2020-09-29,53.46918,11.56832,9,45.0,16.1,21.9,3,3,106.3,3.5,-85.6,14.3,12.6,0.227,13.3,0.2,,,,15,,
marone,5017318272,2020-09-14,52.77644,10.26827,9,78.0,29.4,0.3,5,5,118.1,-5.0,-89.7,15.5,16.3,0.195,16.1,0.178,,,,15,,
marone,5024450862,2020-09-27,52.54154,9.83,9,53.0,0.0,22.3,1,1,109.2,-18.4,-86.4,15.7,14.4,0.172,15.0,0.167,,,,15,,
marone,5026166872,2020-09-17,52.44126,10.47014,9,52.0,26.7,0.0,4,12,113.0,-11.4,-97.8,16.9,17.9,0.257,17.6,0.262,,,,15,,
marone,6424680659,2020-09-13,52.49502,10.02994,9,64.0,23.7,0.1,5,8,100.1,-12.1,-106.5,15.9,16.4,0.207,16.4,0.196,,,,15,,
marone,3118205708,2020-10-10,52.33095,11.62526,10,69.0,29.4,13.2,7,2,114.4,20.2,-55.1,12.4,12.0,0.466,12.8,0.435,,,,15,,
marone,3330506393,2020-10-20,52.84734,11.73037,10,51.0,26.1,2.9,7,5,124.3,14.0,-1.4,9.9,9.2,0.475,10.0,0.469,,,,15,,
marone,4156467121,2020-10-30,53.48033,10.50961,10,74.0,20.2,22.0,9,0,129.6,28.0,26.8,10.8,10.4,0.253,10.8,0.231,,,,15,,
marone,5021114378,2020-10-25,52.48442,10.55258,10,55.0,24.0,8.0,11,2,134.7,16.8,15.4,10.5,12.1,0.356,12.0,0.329,,,,15,,
marone,5014194609,2020-10-28,53.27072,10.68691,10,35.0,19.5,10.4,9,2,115.1,14.8,5.4,10.7,11.3,0.475,11.7,0.462,,,,15,,
marone,5022935641,2020-10-27,52.44126,10.47014,10,52.0,23.8,9.4,10,1,130.6,18.4,13.4,10.7,12.2,0.367,12.3,0.343,,,,15,,
marone,5023360560,2020-10-24,52.38296,9.40203,10,51.0,15.3,9.1,10,3,104.4,9.3,-16.9,10.2,11.4,0.366,11.3,0.348,,,,15,,
marone,5025210157,2020-10-10,53.45808,11.24365,10,29.0,31.0,19.0,8,2,120.6,30.4,-35.6,12.0,11.2,0.249,11.8,0.225,,,,15,,
marone,5028499411,2020-10-07,51.67367,10.95698,10,454.0,41.9,9.3,7,0,141.3,27.4,-20.1,11.0,11.1,0.343,11.7,0.323,,,,15,,
marone,5026698242,2020-10-31,52.87688,9.65085,10,48.0,27.5,26.5,10,1,133.9,41.3,32.7,11.0,10.7,0.393,11.0,0.379,,,,15,,
marone,2984371578,2020-11-07,51.83861,10.1082,11,209.0,34.6,0.0,8,5,118.8,20.5,21.7,10.2,8.9,0.379,9.9,0.381,,,,15,,
marone,2988725718,2020-11-22,53.11844,9.81656,11,113.0,10.6,8.8,8,5,140.7,10.9,79.8,7.9,7.6,0.256,8.3,0.242,,,,15,,
marone,2992691588,2020-11-19,52.28256,10.47478,11,96.0,2.7,9.8,3,2,132.7,1.6,54.5,8.5,10.2,0.344,10.3,0.326,,,,15,,
marone,2992713557,2020-11-06,51.70492,11.24117,11,323.0,30.7,0.2,6,4,142.8,16.0,32.7,10.8,10.4,0.381,11.0,0.379,,,,15,,
marone,3915480393,2020-11-22,52.54713,9.30809,11,47.0,11.1,3.6,5,5,112.8,4.2,45.1,8.8,8.3,0.239,9.0,0.231,,,,15,,
marone,5013592557,2020-11-03,52.79293,9.66434,11,44.0,48.3,8.5,12,1,130.2,42.5,30.8,12.3,12.3,0.281,12.3,0.274,,,,15,,
marone,5012447584,2020-11-10,53.48201,10.70049,11,43.0,28.6,0.0,5,8,121.9,16.8,34.3,9.9,8.0,0.243,9.0,0.245,,,,15,,
marone,3988544356,2020-11-08,53.11547,9.81444,11,115.0,43.7,0.2,7,6,123.0,31.5,32.2,10.4,8.7,0.241,9.8,0.242,,,,15,,
marone,5016886221,2020-11-21,52.99326,10.58873,11,63.0,7.6,4.1,5,99,129.8,2.7,66.0,7.9,8.1,0.236,9.0,0.224,,,,15,,
marone,5014075742,2020-11-07,53.04181,10.46561,11,94.0,35.6,0.3,6,5,119.2,23.0,25.2,11.0,10.2,0.249,10.8,0.248,,,,15,,
marone,5021338900,2020-11-15,52.97118,10.27462,11,96.0,9.7,3.9,4,13,119.8,2.7,41.6,8.9,8.0,0.231,8.3,0.223,,,,15,,
marone,5025510802,2020-11-08,53.28772,10.69905,11,29.0,36.3,0.5,6,6,127.1,23.6,34.4,10.8,9.3,0.47,10.5,0.469,,,,15,,
marone,5026870232,2020-11-07,52.95691,10.37178,11,71.0,35.4,0.4,6,5,116.3,22.6,21.5,10.8,10.1,0.246,10.8,0.242,,,,15,,
marone,5018632231,2020-12-18,53.21744,10.54628,12,113.0,9.5,3.2,6,99,85.2,9.2,50.8,3.8,5.4,0.249,5.3,0.243,,,,15,,
marone,5020603135,2020-12-05,52.7079,9.67955,12,45.0,9.4,5.2,5,0,109.2,8.8,63.1,4.3,3.0,0.249,4.1,0.243,,,,15,,
marone,3972967247,2019-08-29,51.58,10.09167,8,263.0,12.7,9.5,5,0,113.4,-31.0,-113.9,19.7,22.3,0.185,21.0,0.217,,,,15,,
marone,5024736062,2019-08-25,51.82365,10.45706,8,526.0,23.0,0.7,5,7,122.0,-26.1,-97.2,16.3,17.6,0.275,16.8,0.283,,,,15,,
marone,2423175055,2019-09-16,51.80535,10.44764,9,540.0,13.8,9.7,6,0,120.8,-8.1,-77.2,12.3,13.2,0.306,13.3,0.27,,,,15,,
pfifferling,2423177647,2019-09-16,51.84672,10.44084,9,540.0,13.8,9.7,6,0,120.8,-8.1,-77.2,12.3,13.2,0.306,13.3,0.27,,,,15,,
birkenpilz,2423175267,2019-09-16,51.80535,10.44764,9,540.0,13.8,9.7,6,0,120.8,-8.1,-77.2,12.3,13.2,0.306,13.3,0.27,,,,15,,
marone,2574227364,2019-10-14,51.84363,9.38747,10,230.0,73.9,5.9,12,0,160.2,60.5,21.0,11.6,13.0,0.383,12.6,0.376,,,,15,,
marone,5017292538,2019-09-27,52.25471,9.56703,9,159.0,10.2,15.5,5,0,79.6,-6.1,-107.5,14.0,14.7,0.27,14.7,0.207,,,,15,,
marone,2818536362,2019-10-01,51.77746,9.54629,10,474.0,27.2,36.0,8,0,141.4,38.2,-18.0,11.8,12.3,0.366,12.5,0.298,,,,15,,
marone,3457078300,2019-10-25,52.12729,9.36113,10,158.0,57.8,0.0,8,5,188.8,38.0,72.8,13.9,12.5,0.392,12.8,0.396,,,,15,,
marone,5020305223,2019-10-22,53.15382,10.42026,10,82.0,59.8,17.7,11,1,181.6,60.4,48.9,13.2,12.4,0.285,12.8,0.278,,,,15,,
marone,3724095568,2019-10-25,51.94155,9.69654,10,334.0,56.3,0.0,7,5,183.1,36.0,65.5,13.7,12.5,0.38,12.8,0.379,,,,15,,
marone,5017365348,2019-10-07,52.93415,10.27994,10,70.0,76.8,14.3,11,2,139.5,70.2,-26.8,12.1,9.2,0.265,10.3,0.251,,,,15,,
parasol,5018392627,2019-10-07,52.93415,10.27994,10,70.0,76.8,14.3,11,2,139.5,70.2,-26.8,12.1,9.2,0.265,10.3,0.251,,,,15,,
marone,5021121032,2019-10-19,53.27499,10.71312,10,32.0,20.6,35.3,11,0,163.6,36.9,27.1,12.2,13.8,0.488,13.8,0.485,,,,15,,
marone,5020314482,2019-10-18,53.23736,10.70621,10,63.0,28.1,31.7,11,0,160.0,41.6,21.5,12.0,14.1,0.489,13.8,0.484,,,,15,,
marone,5025410598,2019-10-02,52.2568,9.4806,10,370.0,18.6,33.5,9,0,112.5,25.4,-54.0,12.2,12.5,0.366,12.9,0.29,,,,15,,
marone,5027421420,2019-10-01,52.29189,9.46026,10,185.0,18.1,24.9,8,0,104.6,14.7,-70.2,13.7,14.3,0.351,14.5,0.265,,,,15,,
marone,5013481685,2018-11-30,52.25471,9.56703,11,159.0,9.9,1.3,5,5,68.8,4.4,6.6,2.3,2.9,0.336,3.8,0.317,,,,15,,
marone,5014598360,2019-11-03,52.44047,9.22618,11,90.0,17.7,10.1,5,1,186.1,11.1,84.3,10.6,7.4,0.254,8.5,0.251,,,,15,,
marone,5022472645,2019-11-03,52.44478,9.21362,11,90.0,17.7,10.1,5,1,186.1,11.1,84.3,10.6,7.4,0.254,8.5,0.251,,,,15,,
marone,5027366220,2018-10-28,52.53001,10.23067,10,58.0,10.7,3.2,5,4,59.6,-4.1,-76.4,11.5,9.6,0.18,10.9,0.098,,,,15,,
marone,5027510513,2018-10-22,51.88073,10.47678,10,293.0,1.1,4.6,3,0,79.3,-23.4,-77.4,14.2,11.4,0.171,12.8,0.188,,,,15,,
marone,5012595577,2017-08-20,52.3452,9.07754,8,76.0,33.0,16.5,7,2,239.7,9.6,56.0,17.3,18.4,0.38,18.1,0.376,,,,15,,
marone,5017296750,2018-11-18,53.27776,10.71371,11,39.0,15.4,0.0,4,6,49.0,6.9,-38.6,8.4,6.7,0.408,8.4,0.353,,,,15,,
marone,2988921830,2017-07-14,53.085,10.31806,7,116.0,72.3,20.3,9,2,193.8,51.8,-11.7,16.2,16.6,0.252,16.6,0.227,,,,15,,
marone,5017043881,2018-11-04,51.87143,11.37495,11,211.0,13.0,0.0,3,11,55.1,-1.6,-72.0,7.9,7.3,0.237,8.2,0.187,,,,15,,
marone,5017583601,2017-08-17,52.13075,9.62505,8,368.0,36.7,6.8,7,2,226.3,3.5,47.9,15.9,16.1,0.386,15.6,0.39,,,,15,,
marone,1920851270,2017-09-30,52.19676,10.74943,9,324.0,16.9,10.2,6,2,146.4,5.9,7.4,11.8,13.3,0.374,13.1,0.353,,,,15,,
marone,4442671506,2017-09-29,52.31689,9.40545,9,198.0,15.7,4.5,7,3,142.8,-0.3,-0.2,12.7,13.9,0.368,13.9,0.369,,,,15,,
marone,5013986362,2017-09-30,53.07856,9.5521,9,46.0,16.3,18.2,7,0,142.8,14.2,6.3,13.2,14.5,0.268,14.4,0.256,,,,15,,
pfifferling,5020177079,2017-09-30,53.07856,9.5521,9,46.0,16.3,18.2,7,0,142.8,14.2,6.3,13.2,14.5,0.268,14.4,0.256,,,,15,,
marone,5014660032,2017-09-09,53.46918,11.56832,9,45.0,10.1,31.0,7,0,234.2,5.4,72.5,15.9,14.7,0.242,15.0,0.221,,,,15,,
marone,5015077071,2017-09-06,51.6156,9.59433,9,255.0,33.3,2.6,5,4,233.2,-4.2,63.4,16.1,14.3,0.37,14.8,0.368,,,,15,,
marone,5021572574,2017-09-10,52.44976,9.14762,9,75.0,15.7,23.9,7,1,195.1,3.6,23.3,16.3,15.3,0.364,15.6,0.347,,,,15,,
pfifferling,5013029650,2017-09-10,52.44976,9.14762,9,75.0,15.7,23.9,7,1,195.1,3.6,23.3,16.3,15.3,0.364,15.6,0.347,,,,15,,
marone,5019534146,2017-09-09,52.43079,9.23152,9,62.0,14.7,28.1,8,0,198.2,7.0,25.6,16.6,15.4,0.353,15.7,0.335,,,,15,,
pfifferling,5023379391,2017-09-09,52.43079,9.23152,9,62.0,14.7,28.1,8,0,198.2,7.0,25.6,16.6,15.4,0.353,15.7,0.335,,,,15,,
marone,5022883604,2017-09-09,53.01344,11.36227,9,32.0,24.8,23.4,6,0,258.0,11.1,88.8,16.6,15.2,0.466,15.5,0.454,,,,15,,
parasol,5021488166,2017-09-09,53.01344,11.36227,9,32.0,24.8,23.4,6,0,258.0,11.1,88.8,16.6,15.2,0.466,15.5,0.454,,,,15,,
marone,5026582996,2017-09-24,52.55419,9.47798,9,61.0,20.9,2.6,7,6,141.6,-4.9,-13.3,12.8,13.1,0.228,13.3,0.225,,,,15,,
marone,5022049365,2017-10-01,52.77644,10.26827,10,78.0,21.6,9.8,8,1,152.2,11.1,16.6,13.0,14.5,0.278,14.5,0.276,,,,15,,
birkenpilz,5026019340,2017-10-01,52.77644,10.26827,10,78.0,21.6,9.8,8,1,152.2,11.1,16.6,13.0,14.5,0.278,14.5,0.276,,,,15,,
marone,5017426312,2017-10-28,51.65311,10.72933,10,530.0,12.7,6.7,6,0,121.8,5.5,39.5,11.0,9.6,0.385,10.0,0.382,,,,15,,
marone,5025035733,2016-08-24,51.77366,10.6237,8,768.0,9.4,3.7,4,3,86.5,-28.2,-101.1,13.7,16.2,0.262,15.4,0.247,,,,15,,
marone,1920848738,2016-08-23,51.77301,10.34881,8,586.0,5.9,9.5,4,2,84.5,-26.0,-106.8,14.1,16.2,0.28,15.7,0.265,,,,15,,
marone,2988912534,2016-10-23,53.05423,10.81672,10,93.0,16.2,6.0,7,2,59.8,11.1,-75.8,8.2,8.5,0.228,9.6,0.189,,,,15,,
marone,5027749673,2016-10-18,52.42989,9.80392,10,54.0,4.4,6.7,5,99,47.5,-6.1,-108.4,10.1,11.2,0.271,11.4,0.216,,,,15,,
marone,5019948135,2015-09-09,52.78317,10.27166,9,83.0,35.1,6.8,6,3,234.0,5.0,39.9,16.3,14.4,0.245,15.0,0.237,,,,15,,
birkenpilz,5014146841,2015-09-09,52.78317,10.27166,9,83.0,35.1,6.8,6,3,234.0,5.0,39.9,16.3,14.4,0.245,15.0,0.237,,,,15,,
marone,5024248947,2015-09-19,53.1235,11.30407,9,30.0,35.7,13.7,10,0,156.5,19.1,-36.9,14.8,15.3,0.486,15.6,0.474,,,,15,,
parasol,5016278275,2015-09-19,53.1235,11.30407,9,30.0,35.7,13.7,10,0,156.5,19.1,-36.9,14.8,15.3,0.486,15.6,0.474,,,,15,,
marone,5017942393,2015-10-04,53.26696,10.59719,10,49.0,7.8,0.0,1,12,147.7,-15.5,1.1,11.5,10.8,0.429,11.4,0.439,,,,15,,
marone,5076810225,2015-09-12,51.74694,10.67104,9,617.0,31.1,0.8,6,7,165.3,-1.9,-23.1,13.1,11.9,0.356,12.3,0.354,,,,15,,
marone,5026099892,2015-10-10,52.33543,9.32122,10,138.0,7.4,16.6,4,1,190.6,2.0,60.8,11.5,12.8,0.367,13.0,0.35,,,,15,,
marone,6137472783,2015-10-23,53.1867,9.99241,10,69.0,38.3,0.0,6,7,156.2,26.9,59.1,7.5,9.2,0.267,9.2,0.277,,,,15,,
parasol,6137478699,2015-10-23,53.1867,9.99241,10,69.0,38.3,0.0,6,7,156.2,26.9,59.1,7.5,9.2,0.267,9.2,0.277,,,,15,,
pfifferling,6412846631,2026-06-21,53.2732,10.17635,6,38.0,28.5,15.8,9,1,145.7,-10.3,-68.5,16.6,20.0,0.12,17.8,0.11,,,,15,,
pfifferling,6412807735,2026-06-23,53.17579,9.88573,6,95.0,39.3,3.8,9,3,154.9,-14.6,-61.1,16.9,21.8,0.127,19.8,0.127,,,,15,,
pfifferling,6422256081,2026-06-28,51.65226,9.47395,6,180.0,19.7,0.3,4,12,199.3,-49.4,-21.4,21.3,24.1,0.177,21.4,0.195,,,,15,,
pfifferling,6424680698,2026-06-24,52.9771,9.28754,6,43.0,19.5,1.0,8,11,159.9,-39.1,-50.0,17.7,21.7,0.239,19.8,0.26,,,,15,,
pfifferling,6424474671,2026-07-05,53.07861,10.20017,7,71.0,47.0,14.7,9,0,220.9,-2.9,-0.5,20.5,17.5,0.221,17.6,0.177,,,,15,,
pfifferling,5231829399,2025-07-16,53.1539,9.93743,7,137.0,27.0,9.2,8,1,159.1,-18.4,-70.8,17.6,17.4,0.185,17.1,0.143,,,,15,,
pfifferling,5282521205,2025-07-29,53.30912,11.52873,7,50.0,84.2,4.7,11,4,210.3,43.1,-35.0,18.6,18.6,0.239,18.1,0.236,,,,15,,
pfifferling,5282378460,2025-08-01,52.8231,9.23898,8,28.0,34.6,31.8,11,0,194.7,21.4,-25.1,18.4,17.0,0.311,17.2,0.254,,,,15,,
pfifferling,5283483446,2025-07-28,53.14269,9.91693,7,113.0,66.9,23.0,11,1,189.0,46.3,-36.9,18.2,18.0,0.254,17.7,0.225,,,,15,,
pfifferling,5283187435,2025-08-03,53.12968,9.90462,8,98.0,54.2,24.0,13,0,202.7,40.4,-15.4,17.2,15.9,0.234,16.1,0.214,,,,15,,
pfifferling,5829250340,2025-09-16,53.25539,10.31007,9,62.0,9.5,13.0,5,1,146.6,-20.0,-48.5,16.5,15.1,0.138,15.4,0.127,,,,15,,
pfifferling,4890453779,2024-01-01,53.15152,9.88917,1,81.0,109.3,9.4,14,3,271.2,112.2,246.1,6.1,5.7,0.275,5.9,0.278,,,,15,,
pfifferling,4901438318,2024-06-22,51.54188,9.6563,6,182.0,26.4,8.6,7,3,150.1,-15.8,-46.9,14.7,16.8,0.345,15.9,0.289,,,,15,,
pfifferling,4901815930,2024-06-22,53.16575,9.96115,6,125.0,51.5,9.7,10,1,180.2,14.4,-31.8,14.3,16.7,0.263,16.0,0.252,,,,15,,
pfifferling,4910993243,2024-07-18,53.16601,9.96113,7,122.0,15.7,10.2,7,1,227.9,-34.0,16.1,17.9,18.3,0.225,18.0,0.206,,,,15,,
pfifferling,4910667325,2024-07-18,52.2357,10.78067,7,264.0,13.0,12.4,6,2,180.7,-33.7,-36.1,18.0,18.5,0.267,17.9,0.245,,,,15,,
pfifferling,4931237620,2024-07-16,53.15954,9.96374,7,131.0,20.4,6.7,8,0,224.0,-30.3,8.3,17.3,18.9,0.212,18.5,0.197,,,,15,,
pfifferling,4921487596,2024-07-31,51.56777,10.08583,7,301.0,44.9,2.1,6,4,158.8,-13.2,-70.4,19.6,19.7,0.369,19.1,0.365,,,,15,,
pfifferling,4931456217,2024-07-12,53.25615,10.80994,7,73.0,44.6,6.2,9,8,209.0,-3.9,-22.6,18.0,19.8,0.426,18.8,0.43,,,,15,,
pfifferling,4931643050,2024-07-13,53.10197,9.83283,7,91.0,50.9,8.4,10,1,219.2,6.8,-2.3,17.0,19.3,0.218,18.6,0.213,,,,15,,
pfifferling,4932725223,2024-07-05,53.14,10.22,7,42.0,41.8,16.7,9,1,200.9,5.6,-20.5,17.6,15.7,0.264,16.2,0.237,,,,15,,
pfifferling,4933609940,2024-07-17,52.25259,9.48239,7,294.0,21.8,8.2,8,1,180.1,-26.1,-30.5,16.6,17.8,0.35,17.4,0.33,,,,15,,
pfifferling,4935276065,2024-07-13,53.17725,9.95506,7,110.0,44.0,7.0,9,1,218.4,-1.8,-3.9,17.1,19.3,0.202,18.7,0.201,,,,15,,
pfifferling,5026751244,2024-07-03,52.61153,10.02065,7,48.0,13.7,34.3,8,1,173.1,-9.7,-57.8,18.7,18.3,0.236,18.7,0.212,,,,15,,
pfifferling,5017585632,2024-07-31,53.37348,11.62351,7,54.0,14.5,10.4,5,3,153.7,-33.3,-75.6,19.2,19.2,0.303,18.7,0.28,,,,15,,
pfifferling,4934607616,2024-08-21,51.80138,9.66336,8,234.0,15.7,11.2,7,3,166.8,-21.2,-55.5,19.3,18.6,0.351,18.8,0.33,,,,15,,
pfifferling,5016346022,2024-08-17,52.61337,10.01596,8,47.0,22.8,16.0,6,0,184.9,-15.6,-51.5,20.7,22.2,0.18,21.7,0.174,,,,15,,
pfifferling,4957960324,2024-09-29,52.58962,10.8275,9,92.0,10.2,18.3,5,2,110.8,-4.7,-86.1,14.9,13.9,0.394,14.7,0.376,,,,15,,
pfifferling,4956212186,2024-09-26,52.53674,9.85089,9,54.0,1.3,25.0,4,0,134.4,-6.0,-65.0,14.8,15.7,0.237,16.0,0.229,,,,15,,
pfifferling,4957137675,2024-10-02,52.8107,10.16618,10,117.0,28.8,25.4,10,0,169.4,24.7,-15.4,14.0,11.8,0.274,12.8,0.261,,,,15,,
pfifferling,4985463200,2024-10-03,53.24308,10.70973,10,64.0,31.2,23.3,8,2,142.9,26.3,-39.6,13.6,11.2,0.485,12.3,0.483,,,,15,,
birkenpilz,4986515616,2024-10-03,53.24233,10.7082,10,64.0,31.2,23.3,8,2,142.9,26.3,-39.6,13.6,11.2,0.485,12.3,0.483,,,,15,,
pfifferling,4989637413,2024-11-26,53.17841,9.87128,11,78.0,30.0,18.3,12,0,134.9,38.9,79.6,5.4,5.2,0.277,5.3,0.281,,,,15,,
pfifferling,5076811869,2024-10-02,53.01642,9.2577,10,51.0,33.9,19.2,8,1,124.0,23.2,-55.0,14.2,12.1,0.407,13.1,0.408,,,,15,,
pfifferling,5026383881,2024-12-31,52.46332,9.86434,12,72.0,23.0,0.1,5,9,115.6,17.0,87.9,4.6,2.5,0.349,3.6,0.344,,,,15,,
pfifferling,5076793213,2024-12-25,52.44368,10.45651,12,55.0,18.7,9.5,8,3,116.0,21.6,84.0,5.0,4.5,0.377,5.3,0.363,,,,15,,
pfifferling,4410058394,2023-07-28,52.18915,10.83823,7,243.0,54.9,12.2,10,0,163.6,10.5,-102.7,18.1,17.6,0.276,17.5,0.229,,,,15,,
pfifferling,5020370822,2023-07-26,53.15382,10.42026,7,82.0,48.3,17.6,11,0,136.2,10.3,-132.8,17.7,16.7,0.24,16.9,0.202,,,,15,,
pfifferling,4409525228,2023-07-28,53.15576,9.96396,7,149.0,38.6,39.9,12,0,173.3,29.6,-83.9,17.1,16.3,0.263,16.3,0.228,,,,15,,
pfifferling,5076749987,2023-07-25,53.43961,9.92797,7,100.0,40.4,28.5,12,1,152.3,13.9,-110.7,18.0,16.8,0.465,16.8,0.431,,,,15,,
pfifferling,4177153084,2023-08-02,52.26826,10.5518,8,97.0,46.0,31.6,10,0,197.8,31.3,-62.0,17.6,18.2,0.364,17.9,0.297,,,,15,,
pfifferling,4399997854,2023-08-13,51.63375,10.0275,8,226.0,67.4,1.3,11,4,205.4,20.9,-33.0,17.0,17.5,0.356,17.0,0.349,,,,15,,
pfifferling,4405479864,2023-08-27,53.22241,10.70264,8,38.0,46.7,10.3,6,2,241.3,8.7,30.1,20.1,19.5,0.22,19.5,0.217,,,,15,,
pfifferling,4409024505,2023-08-06,52.09,9.9,8,174.0,101.4,15.1,12,0,219.9,70.0,-39.0,17.1,17.3,0.384,17.2,0.35,,,,15,,
pfifferling,4410098661,2023-08-02,53.45953,9.87661,8,71.0,69.1,42.8,14,0,217.0,73.0,-32.9,16.5,17.2,0.497,16.9,0.489,,,,15,,
pfifferling,4409892691,2023-08-03,53.07758,10.20144,8,59.0,69.8,40.5,15,0,223.0,72.9,-26.5,16.3,17.0,0.284,16.9,0.269,,,,15,,
pfifferling,4409920902,2023-08-31,53.25612,10.8098,8,73.0,51.6,8.6,7,0,213.9,16.4,5.9,18.7,16.8,0.451,17.5,0.43,,,,15,,
pfifferling,4410139690,2023-08-25,53.27403,10.71368,8,32.0,49.2,6.6,6,0,226.4,6.9,12.4,20.5,20.4,0.449,20.0,0.452,,,,15,,
pfifferling,4410666317,2023-08-19,53.14743,9.85797,8,90.0,14.0,26.5,7,0,260.5,-5.9,49.0,18.1,20.0,0.239,19.2,0.24,,,,15,,
pfifferling,4410892164,2023-08-31,53.22,10.49,8,53.0,40.9,15.6,6,0,221.4,13.3,13.1,18.3,16.6,0.237,17.2,0.221,,,,15,,
pfifferling,4606580548,2023-08-07,53.25618,10.43531,8,28.0,84.0,10.4,11,1,225.9,55.4,-20.3,16.8,17.1,0.281,17.0,0.274,,,,15,,
pfifferling,4606805922,2023-08-04,53.22241,10.70264,8,38.0,69.0,37.9,14,1,212.4,68.2,-37.3,16.7,17.2,0.288,17.1,0.276,,,,15,,
pfifferling,4888758368,2023-08-08,51.76887,9.02821,8,254.0,104.9,20.6,13,0,257.3,86.1,16.6,15.5,15.6,0.41,15.7,0.406,,,,15,,
pfifferling,5019877004,2023-08-07,53.19414,10.41096,8,31.0,103.1,11.9,13,1,236.9,76.8,-6.9,16.6,16.9,0.283,16.8,0.277,,,,15,,
pfifferling,5076711981,2023-08-30,53.14752,11.56966,8,42.0,30.7,5.7,6,3,204.4,-9.9,-8.8,19.5,17.8,0.254,18.3,0.252,,,,15,,
pfifferling,5076758982,2023-08-16,52.8436,9.34534,8,23.0,46.2,0.0,7,4,241.6,-0.7,15.5,17.8,19.8,0.351,18.9,0.354,,,,15,,
pfifferling,5171475477,2023-08-27,51.65556,10.64416,8,427.0,27.0,19.9,6,1,247.6,-1.8,37.4,19.5,18.7,0.332,18.8,0.331,,,,15,,
pfifferling,4430455227,2023-09-07,53.16806,10.9889,9,62.0,23.3,0.0,5,7,213.3,-19.8,12.6,17.7,18.3,0.22,17.8,0.234,,,,15,,
pfifferling,4597260430,2023-09-22,52.13332,9.35121,9,135.0,35.3,5.8,5,1,207.0,0.5,30.9,18.4,17.4,0.358,17.5,0.355,,,,15,,
pfifferling,5020367375,2023-09-22,52.12361,9.37388,9,135.0,35.3,5.8,5,1,207.0,0.5,30.9,18.4,17.4,0.358,17.5,0.355,,,,15,,
pfifferling,4855280748,2023-09-06,51.682,9.49516,9,286.0,29.8,0.0,5,5,214.0,-11.6,14.2,16.6,16.4,0.356,15.9,0.357,,,,15,,
pfifferling,4887090678,2023-09-30,53.27456,10.96204,9,21.0,6.8,6.0,3,1,166.9,-23.5,-7.4,17.2,15.8,0.409,15.9,0.414,,,,15,,
pfifferling,4889956615,2023-09-12,52.25973,9.49409,9,300.0,7.5,4.9,3,0,195.7,-32.9,6.2,17.5,19.6,0.289,18.8,0.305,,,,15,,
pfifferling,5013521543,2023-09-24,53.40372,11.40753,9,49.0,37.1,6.6,4,2,224.4,5.1,50.5,17.5,17.0,0.166,17.4,0.171,,,,15,,
pfifferling,5021507782,2023-09-05,51.73724,11.09671,9,222.0,24.9,0.5,6,4,160.5,-19.3,-67.2,17.6,16.6,0.309,16.5,0.275,,,,15,,
pfifferling,4436212605,2023-10-24,52.93272,9.302,10,61.0,74.0,4.0,9,4,145.0,60.0,16.2,11.3,9.8,0.409,10.4,0.408,,,,15,,
birkenpilz,4436443511,2023-10-24,52.93231,9.29636,10,61.0,74.0,4.0,9,4,145.0,60.0,16.2,11.3,9.8,0.409,10.4,0.408,,,,15,,
parasol,4436308105,2023-10-24,52.93166,9.29196,10,61.0,74.0,4.0,9,4,145.0,60.0,16.2,11.3,9.8,0.409,10.4,0.408,,,,15,,
pfifferling,4460138721,2023-10-15,53.24517,10.71218,10,71.0,36.4,35.1,10,1,169.1,48.9,17.1,14.6,14.2,0.495,14.6,0.494,,,,15,,
pfifferling,4460854131,2023-10-08,53.17456,10.99795,10,72.0,11.1,21.5,5,1,156.1,5.6,-8.6,15.7,14.8,0.452,15.4,0.442,,,,15,,
pfifferling,4880338834,2023-10-18,52.01053,9.65103,10,184.0,50.7,0.8,6,4,120.1,27.7,-31.0,13.0,10.8,0.392,12.2,0.39,,,,15,,
pfifferling,4886597782,2023-10-22,51.53174,9.69086,10,320.0,24.3,29.4,8,2,110.3,33.7,-30.5,11.9,9.7,0.375,10.4,0.357,,,,15,,
pfifferling,4881474814,2023-10-15,51.97607,9.68113,10,244.0,27.9,23.7,7,1,139.8,24.6,-17.5,14.9,15.0,0.393,15.3,0.389,,,,15,,
pfifferling,5017624945,2023-10-29,53.19414,10.41096,10,31.0,41.1,18.9,9,0,192.4,47.7,73.4,8.9,9.9,0.278,10.3,0.273,,,,15,,
parasol,5024546166,2023-10-29,53.19414,10.41096,10,31.0,41.1,18.9,9,0,192.4,47.7,73.4,8.9,9.9,0.278,10.3,0.273,,,,15,,
pfifferling,5015369388,2023-10-29,52.59336,10.83988,10,98.0,33.4,21.6,8,0,175.1,41.6,49.5,9.4,10.6,0.407,11.0,0.4,,,,15,,
pfifferling,5076758216,2023-10-30,52.65836,11.10026,10,41.0,38.2,13.8,10,1,148.0,39.0,23.3,9.6,10.7,0.407,11.1,0.402,,,,15,,
pfifferling,4460657706,2023-11-26,51.75228,9.60553,11,401.0,55.8,15.6,11,2,209.8,65.0,147.8,4.5,3.5,0.399,4.9,0.406,,,,15,,
pfifferling,4855504674,2023-11-11,51.62718,10.62221,11,468.0,48.9,21.4,13,0,218.7,61.8,136.7,7.0,6.0,0.415,7.0,0.418,,,,15,,
pfifferling,5076831571,2023-11-15,52.93895,10.16,11,81.0,30.5,11.4,13,0,181.4,31.1,98.9,8.3,7.1,0.28,8.0,0.279,,,,15,,
pfifferling,4885467229,2023-12-28,52.07715,9.93063,12,196.0,75.1,15.5,8,2,254.3,83.9,220.3,5.9,6.2,0.415,6.2,0.422,,,,15,,
pfifferling,4887728198,2023-12-09,51.98279,9.67892,12,233.0,35.6,10.0,12,0,243.0,41.8,196.7,-0.2,0.5,0.387,1.3,0.387,,,,15,,
pfifferling,3732295356,2021-07-01,53.17472,9.95788,7,130.0,25.8,41.8,6,0,230.5,12.4,35.0,19.5,19.2,0.173,18.6,0.143,,,,15,,
pfifferling,3995499503,2022-09-23,53.24375,10.81871,9,69.0,54.8,0.0,8,5,104.7,24.2,-96.7,13.3,11.7,0.462,12.4,0.435,,,,15,,
pfifferling,5026171122,2020-06-07,53.18012,9.95155,6,109.0,10.1,16.5,5,2,75.5,-29.9,-119.2,14.3,15.9,0.147,15.2,0.123,,,,15,,
pfifferling,5014161249,2020-07-06,53.45808,11.24365,7,29.0,16.0,13.9,7,0,96.4,-30.4,-127.4,18.9,17.7,0.17,17.5,0.1,,,,15,,
pfifferling,5020449896,2020-07-17,51.75057,9.82375,7,316.0,13.5,18.0,8,1,144.1,-14.4,-61.3,15.4,15.3,0.321,15.1,0.289,,,,15,,
pfifferling,4058360153,2020-10-25,53.2746,10.71881,10,28.0,23.2,10.2,10,0,122.7,18.3,9.8,10.4,11.8,0.473,11.6,0.456,,,,15,,
pfifferling,2641590324,2017-06-27,52.76503,9.99071,6,70.0,10.6,18.1,6,1,122.6,-24.7,-77.6,18.0,18.2,0.181,17.9,0.147,,,,15,,
pfifferling,1668878109,2017-09-30,52.20024,10.75394,9,264.0,16.9,10.2,6,2,146.4,5.7,5.9,12.2,13.7,0.374,13.5,0.353,,,,15,,
pfifferling,5017460923,2017-09-07,52.98968,11.34459,9,27.0,37.2,15.8,5,1,266.7,12.7,91.4,17.1,15.7,0.226,16.0,0.214,,,,15,,
pfifferling,3996572662,2017-10-24,51.82461,9.54155,10,332.0,11.9,13.9,7,1,177.6,8.6,80.2,12.7,11.2,0.385,11.8,0.38,,,,15,,
pfifferling,2988908807,2016-09-23,52.3756,9.74028,9,56.0,9.5,0.4,2,6,70.1,-33.4,-123.8,19.3,16.9,0.235,17.5,0.184,,,,15,,
pfifferling,5027262112,2015-08-21,52.67355,9.8738,8,35.0,82.5,24.7,9,3,269.6,62.7,49.9,20.3,18.4,0.295,18.7,0.29,,,,15,,
pfifferling,5022103831,2015-09-15,52.96829,10.47546,9,69.0,21.0,17.9,7,0,200.1,7.9,10.6,14.6,15.1,0.247,15.2,0.235,,,,15,,
birkenpilz,5830500176,2025-09-22,51.63949,11.08584,9,424.0,34.9,8.0,8,1,127.3,7.7,-60.8,14.5,15.0,0.307,14.8,0.269,,,,15,,
birkenpilz,5836702734,2025-09-17,51.94869,10.51638,9,198.0,18.2,14.2,5,1,82.3,-13.3,-129.5,16.4,15.1,0.205,15.4,0.146,,,,15,,
birkenpilz,5837086305,2025-09-26,52.53689,9.70311,9,81.0,26.1,6.7,7,0,81.0,-4.4,-110.5,14.8,13.4,0.084,14.2,0.107,,,,15,,
birkenpilz,5840313440,2025-10-04,52.21576,9.5278,10,309.0,7.9,15.6,3,0,76.4,-5.4,-95.5,10.9,9.4,0.249,10.4,0.196,,,,15,,
birkenpilz,5844797465,2025-10-03,52.77644,10.26827,10,78.0,2.4,0.0,0,99,52.6,-31.6,-137.7,12.6,11.0,0.124,11.9,0.144,,,,15,,
birkenpilz,5844813772,2025-10-05,52.53001,10.23067,10,58.0,4.1,19.4,4,1,67.0,-6.7,-113.9,11.6,10.0,0.136,11.1,0.148,,,,15,,
birkenpilz,5867962848,2025-10-20,53.11523,9.37168,10,32.0,7.7,2.0,3,14,101.6,-4.9,-28.0,11.7,9.8,0.213,10.7,0.205,,,,15,,
birkenpilz,5871904538,2025-10-24,52.97351,9.54051,10,56.0,7.7,16.2,5,1,112.2,9.0,-4.5,11.0,10.1,0.385,10.5,0.377,,,,15,,
birkenpilz,5871914487,2025-10-01,52.19566,9.30356,10,229.0,21.9,3.6,7,5,85.7,-5.1,-93.4,13.2,12.0,0.241,12.6,0.196,,,,15,,
birkenpilz,5888994429,2025-10-03,52.00149,9.65973,10,171.0,9.8,1.5,4,7,63.4,-20.4,-123.5,12.5,11.2,0.244,12.1,0.196,,,,15,,
birkenpilz,5871917088,2025-10-21,52.90248,9.55038,10,68.0,9.2,7.2,6,0,112.8,1.9,-9.4,11.6,9.8,0.261,10.5,0.257,,,,15,,
birkenpilz,5871912387,2025-10-14,51.78271,11.96156,10,74.0,34.2,2.9,7,6,116.0,17.2,-48.5,11.5,12.8,0.324,13.2,0.31,,,,15,,
birkenpilz,5889002263,2025-10-01,52.22886,9.03917,10,129.0,13.1,6.4,6,2,72.7,-13.3,-116.7,14.0,13.1,0.187,13.7,0.183,,,,15,,
birkenpilz,6353081484,2025-10-07,51.85728,10.62764,10,563.0,5.2,24.1,5,3,93.9,8.8,-67.2,8.2,8.3,0.318,8.7,0.278,,,,15,,
birkenpilz,5890315273,2025-11-02,51.68726,10.30802,11,263.0,53.5,22.3,12,0,211.4,63.3,119.3,8.5,7.9,0.408,8.2,0.41,,,,15,,
birkenpilz,5892268999,2025-11-09,52.53001,10.23067,11,58.0,30.4,1.8,7,10,110.3,20.2,21.2,8.9,8.0,0.219,8.6,0.215,,,,15,,
birkenpilz,5014425328,2024-09-23,52.21577,9.52683,9,321.0,23.2,7.9,4,0,140.2,0.5,-47.1,13.0,14.6,0.337,14.6,0.339,,,,15,,
birkenpilz,5015653146,2024-09-27,52.04969,10.48556,9,148.0,7.1,32.4,7,0,165.0,6.5,-40.7,14.8,15.4,0.337,15.8,0.313,,,,15,,
birkenpilz,4974065790,2024-10-12,52.26209,11.12025,10,154.0,33.7,15.2,6,2,136.8,29.5,-30.0,10.7,11.7,0.394,12.1,0.386,,,,15,,
parasol,5897107523,2024-10-12,52.26403,11.10482,10,154.0,33.7,15.2,6,2,136.8,29.5,-30.0,10.7,11.7,0.394,12.1,0.386,,,,15,,
birkenpilz,5027638707,2024-09-29,53.06427,10.59382,9,31.0,10.8,14.7,4,2,145.8,-6.6,-48.0,14.5,13.5,0.263,14.3,0.245,,,,15,,
parasol,5015868668,2024-09-29,53.08517,10.60398,9,31.0,10.8,14.7,4,2,145.8,-6.6,-48.0,14.5,13.5,0.263,14.3,0.245,,,,15,,
birkenpilz,4974068802,2024-10-15,51.5017,10.31365,10,206.0,47.6,7.6,10,1,165.5,38.1,13.4,10.1,9.5,0.397,10.5,0.394,,,,15,,
birkenpilz,5013800185,2024-10-20,52.43281,9.60123,10,59.0,25.7,8.0,5,1,145.7,14.4,1.0,11.7,11.8,0.368,11.8,0.371,,,,15,,
birkenpilz,5020737452,2024-10-12,53.45351,9.6829,10,18.0,27.0,36.3,6,2,158.5,42.0,4.8,10.6,11.6,0.391,11.9,0.391,,,,15,,
birkenpilz,5022509965,2024-10-19,53.45351,9.6829,10,18.0,49.1,1.6,6,6,155.2,32.1,12.6,10.8,10.6,0.38,10.8,0.387,,,,15,,
birkenpilz,5026085820,2024-10-03,52.45721,9.27564,10,39.0,38.5,25.6,9,2,157.3,35.8,-18.0,13.9,11.8,0.275,12.7,0.268,,,,15,,
birkenpilz,4506378029,2023-08-02,51.5137,10.18368,8,196.0,52.6,26.2,13,0,184.6,34.1,-68.7,17.1,17.8,0.389,17.4,0.361,,,,15,,
birkenpilz,4165343687,2023-07-20,52.33533,9.78962,7,67.0,12.9,1.8,5,5,125.0,-58.0,-148.7,20.6,20.6,0.244,20.1,0.241,,,,15,,
birkenpilz,4417055549,2023-09-25,53.20063,9.24783,9,39.0,10.7,6.4,6,2,196.8,-19.1,26.4,17.2,16.2,0.36,16.6,0.353,,,,15,,
birkenpilz,4925827085,2023-09-30,53.19564,9.15231,9,31.0,10.6,13.1,5,1,144.0,-11.3,-25.2,17.0,15.8,0.354,15.9,0.356,,,,15,,
parasol,4925918159,2023-09-30,53.1988,9.15695,9,31.0,10.6,13.1,5,1,144.0,-11.3,-25.2,17.0,15.8,0.354,15.9,0.356,,,,15,,
birkenpilz,5015150787,2023-09-02,52.58205,10.16867,9,39.0,14.6,13.3,7,2,226.8,-16.0,13.0,18.5,15.8,0.248,16.3,0.241,,,,15,,
birkenpilz,4424436989,2023-10-03,52.27247,10.44992,10,74.0,11.3,7.8,3,0,126.6,-15.9,-51.4,17.0,17.1,0.329,17.0,0.321,,,,15,,
birkenpilz,5019560266,2023-09-27,52.59049,10.07851,9,42.0,37.3,0.2,6,5,193.4,2.7,17.1,16.6,15.3,0.223,15.9,0.22,,,,15,,
birkenpilz,5024856172,2023-09-27,52.57451,10.08776,9,42.0,37.3,0.2,6,5,193.4,2.7,17.1,16.6,15.3,0.223,15.9,0.22,,,,15,,
parasol,5016217451,2023-09-27,52.59049,10.07851,9,42.0,37.3,0.2,6,5,193.4,2.7,17.1,16.6,15.3,0.223,15.9,0.22,,,,15,,
parasol,5023146390,2023-09-27,52.56851,10.09434,9,42.0,37.3,0.2,6,5,193.4,2.7,17.1,16.6,15.3,0.223,15.9,0.22,,,,15,,
birkenpilz,4436203235,2023-10-14,51.7449,10.74016,10,488.0,38.5,13.4,7,0,131.9,25.7,-25.7,13.7,14.2,0.377,14.2,0.345,,,,15,,
birkenpilz,4525054357,2023-10-15,52.50375,10.69901,10,89.0,31.3,23.2,8,1,181.4,28.3,22.7,15.2,14.9,0.375,15.3,0.355,,,,15,,
birkenpilz,5013218309,2023-10-30,52.52992,10.18615,10,43.0,42.3,16.4,10,0,179.4,45.0,56.8,9.9,10.7,0.29,11.1,0.29,,,,15,,
birkenpilz,5024561010,2023-10-03,52.71352,9.81388,10,32.0,13.0,2.4,5,10,113.0,-17.4,-56.6,16.6,16.7,0.183,16.7,0.183,,,,15,,
birkenpilz,5023667489,2023-10-26,52.34125,10.70637,10,100.0,41.6,10.3,9,0,143.7,35.3,9.6,10.6,11.1,0.401,11.3,0.401,,,,15,,
birkenpilz,6274193623,2023-10-01,52.46318,10.81193,10,87.0,7.8,6.3,4,2,178.0,-21.9,-3.4,17.4,16.6,0.292,16.6,0.29,,,,15,,
birkenpilz,5024074365,2023-11-04,52.59049,10.07851,11,42.0,34.6,8.3,11,0,170.0,27.9,57.1,11.0,10.8,0.277,11.4,0.283,,,,15,,
birkenpilz,5026334427,2022-09-14,52.83888,10.27422,9,118.0,32.3,5.8,6,1,79.8,-6.7,-167.2,17.1,16.4,0.193,16.8,0.09,,,,15,,
birkenpilz,3925124994,2022-10-04,52.70218,10.25824,10,72.0,33.1,13.5,7,3,110.6,24.0,-72.2,10.9,10.9,0.258,11.1,0.249,,,,15,,
birkenpilz,4076290179,2022-10-03,51.51368,10.18407,10,195.0,22.7,9.8,7,2,107.0,8.9,-73.2,10.2,10.1,0.37,10.7,0.347,,,,15,,
birkenpilz,5023133861,2022-10-16,52.44126,10.47014,10,52.0,6.1,1.4,2,14,84.2,-17.9,-68.5,12.5,12.1,0.304,12.2,0.301,,,,15,,
birkenpilz,5027729927,2022-10-09,51.81164,10.35792,10,568.0,34.2,3.3,9,6,140.8,17.6,-8.9,8.9,10.1,0.364,10.3,0.365,,,,15,,
birkenpilz,5024804958,2022-10-11,52.44126,10.47014,10,52.0,26.1,0.6,4,9,83.5,1.0,-87.4,11.4,11.9,0.314,12.5,0.313,,,,15,,
birkenpilz,6195287471,2022-10-31,52.10861,11.27909,10,164.0,20.7,0.2,1,13,89.7,2.2,-24.8,14.1,13.9,0.353,13.7,0.363,,,,15,,
birkenpilz,3343783676,2021-08-15,52.09362,10.34327,8,201.0,24.2,0.1,6,5,112.6,-26.6,-106.1,18.0,19.2,0.266,18.4,0.25,,,,15,,
birkenpilz,5012636711,2021-08-31,53.2341,10.4328,8,49.0,38.3,20.5,11,2,154.7,26.2,-42.2,15.8,15.6,0.227,15.8,0.169,,,,15,,
birkenpilz,5018180623,2021-08-30,52.53804,10.24386,8,55.0,33.8,33.4,11,0,150.7,34.2,-42.1,16.2,15.6,0.246,15.9,0.222,,,,15,,
birkenpilz,3384502441,2021-09-26,52.27243,10.45028,9,74.0,10.7,2.5,3,11,114.1,-14.0,-47.6,15.5,15.1,0.299,15.0,0.292,,,,15,,
birkenpilz,5017350448,2021-09-23,52.44126,10.47014,9,52.0,18.5,2.3,4,8,101.0,-9.5,-67.8,16.2,14.3,0.322,14.8,0.318,,,,15,,
birkenpilz,5021229712,2021-09-07,52.87115,10.0856,9,101.0,33.2,0.0,4,9,155.9,-2.0,-25.3,15.1,15.4,0.203,15.5,0.213,,,,15,,
birkenpilz,5017374412,2021-09-01,51.74805,10.57467,9,762.0,64.2,59.5,10,2,268.0,98.0,113.2,12.3,12.0,0.417,12.0,0.42,,,,15,,
birkenpilz,5025523666,2021-09-28,52.44647,9.7343,9,59.0,10.8,9.1,5,1,127.0,-6.8,-27.4,15.5,16.1,0.326,15.9,0.311,,,,15,,
birkenpilz,5014189886,2021-10-03,51.92456,10.49447,10,181.0,11.5,1.8,3,4,181.9,-18.2,32.3,14.6,14.0,0.295,14.5,0.296,,,,15,,
birkenpilz,5026481401,2021-10-09,52.53804,10.24386,10,55.0,25.0,1.1,7,4,113.0,-0.5,-24.6,14.0,12.0,0.237,13.0,0.23,,,,15,,
birkenpilz,5021793207,2021-11-06,52.29189,9.46026,11,185.0,2.9,12.1,4,2,82.9,1.0,-7.5,9.0,8.1,0.369,9.0,0.346,,,,15,,
birkenpilz,4935900289,2020-09-28,52.42843,9.86448,9,76.0,0.7,23.0,1,2,101.0,-15.5,-91.4,15.3,14.0,0.276,14.7,0.253,,,,15,,
birkenpilz,4936415146,2020-09-28,52.42902,9.86184,9,76.0,0.7,23.0,1,2,101.0,-15.5,-91.4,15.3,14.0,0.276,14.7,0.253,,,,15,,
birkenpilz,5012880690,2020-09-12,51.66563,11.17164,9,308.0,18.4,0.8,5,12,124.5,-17.9,-83.5,15.1,15.1,0.254,15.0,0.256,,,,15,,
parasol,5022837435,2020-09-12,51.65745,11.16007,9,308.0,18.4,0.8,5,12,124.5,-17.9,-83.5,15.1,15.1,0.254,15.0,0.256,,,,15,,
birkenpilz,5017868335,2020-09-14,51.67549,10.95922,9,443.0,15.7,0.0,4,9,115.5,-21.3,-84.5,14.8,15.3,0.248,14.9,0.28,,,,15,,
birkenpilz,5022149426,2020-09-10,51.56012,9.90161,9,165.0,22.0,0.7,7,5,97.0,-12.1,-109.7,15.1,15.4,0.324,15.5,0.305,,,,15,,
birkenpilz,5028205230,2020-09-12,52.58205,10.16867,9,39.0,24.3,3.3,6,3,116.2,-8.1,-94.2,15.8,16.0,0.209,16.1,0.193,,,,15,,
birkenpilz,2963823980,2020-10-25,51.93008,10.50357,10,171.0,35.5,17.6,7,2,123.6,34.9,-7.4,10.5,12.1,0.363,11.9,0.354,,,,15,,
birkenpilz,2984557502,2020-10-25,51.93185,10.50696,10,171.0,35.5,17.6,7,2,123.6,34.9,-7.4,10.5,12.1,0.363,11.9,0.354,,,,15,,
birkenpilz,5020652588,2020-10-17,52.71352,9.81388,10,32.0,32.7,5.3,9,9,127.7,20.3,-0.2,10.5,9.0,0.253,9.7,0.244,,,,15,,
birkenpilz,5015097176,2020-10-07,53.24686,10.71165,10,67.0,34.1,11.8,8,0,92.1,21.9,-73.9,13.2,12.8,0.457,13.3,0.438,,,,15,,
birkenpilz,5024049427,2020-10-03,53.27083,10.68556,10,32.0,25.5,8.6,5,0,80.4,4.5,-100.0,13.9,13.1,0.454,13.2,0.444,,,,15,,
birkenpilz,5025023886,2020-10-06,53.27588,10.70398,10,26.0,26.6,14.9,7,1,87.7,15.9,-82.5,13.5,13.0,0.453,13.4,0.438,,,,15,,
parasol,4058338559,2020-10-06,53.27582,10.7041,10,26.0,26.6,14.9,7,1,87.7,15.9,-82.5,13.5,13.0,0.453,13.4,0.438,,,,15,,
birkenpilz,5013795595,2020-11-10,53.42677,10.63778,11,14.0,27.6,0.0,4,8,120.6,15.7,33.4,10.0,8.0,0.468,9.2,0.469,,,,15,,
birkenpilz,2988452575,2020-11-21,52.07284,10.35811,11,228.0,5.3,1.3,3,99,123.8,-6.2,43.8,7.4,7.8,0.328,8.7,0.316,,,,15,,
birkenpilz,5028189775,2020-11-03,53.21701,10.87965,11,21.0,41.2,10.5,11,1,128.7,36.5,27.7,12.2,12.3,0.274,12.2,0.263,,,,15,,
birkenpilz,5027909665,2019-08-25,52.77644,10.26827,8,78.0,32.4,0.0,4,7,104.2,-22.2,-142.3,18.5,19.9,0.139,19.0,0.136,,,,15,,
birkenpilz,5021690258,2019-09-22,52.77644,10.26827,9,78.0,13.8,0.0,6,99,83.0,-22.2,-130.4,13.7,12.8,0.142,13.0,0.108,,,,15,,
birkenpilz,5027280758,2019-09-24,51.95209,10.53349,9,150.0,8.7,3.1,4,8,66.4,-26.5,-147.8,14.3,13.6,0.231,13.8,0.186,,,,15,,
birkenpilz,2429361993,2019-10-03,52.72045,10.47076,10,103.0,36.5,34.7,7,1,135.4,44.6,-38.5,13.6,13.0,0.267,13.6,0.223,,,,15,,
birkenpilz,2444986025,2019-10-18,52.32509,9.96537,10,69.0,36.8,33.6,9,0,154.2,48.8,9.8,13.0,15.3,0.387,15.2,0.378,,,,15,,
birkenpilz,5016801817,2019-10-28,51.5237,11.95683,10,81.0,13.3,3.3,4,10,116.3,-4.0,-13.6,13.9,12.2,0.33,13.1,0.323,,,,15,,
birkenpilz,5028330478,2019-10-19,52.58205,10.16867,10,39.0,18.2,31.4,8,1,152.1,27.6,9.9,13.1,14.7,0.271,14.8,0.264,,,,15,,
birkenpilz,5028413088,2019-10-22,51.78487,9.90608,10,105.0,49.1,4.7,9,2,157.9,33.8,32.1,13.6,12.8,0.391,13.1,0.385,,,,15,,
birkenpilz,5018977765,2018-09-30,52.26251,9.19985,9,369.0,25.2,0.5,4,6,80.7,-12.0,-115.0,12.6,10.2,0.283,11.1,0.246,,,,15,,
birkenpilz,5023661145,2018-09-09,52.49511,9.38095,9,42.0,14.3,8.2,5,3,67.7,-20.8,-172.4,17.3,18.4,0.248,18.6,0.23,,,,15,,
birkenpilz,5022250984,2018-10-27,52.58205,10.16867,10,39.0,6.1,7.8,5,3,59.6,-6.1,-78.2,12.5,10.4,0.169,11.5,0.094,,,,15,,
birkenpilz,5027223903,2018-10-13,52.77644,10.26827,10,78.0,13.4,0.0,4,11,61.1,-15.3,-109.3,12.4,14.0,0.121,13.5,0.063,,,,15,,
birkenpilz,5024823416,2017-07-30,52.98651,10.59215,7,46.0,105.6,10.8,11,0,283.9,71.8,88.8,18.0,17.2,0.292,16.9,0.292,,,,15,,
birkenpilz,5015125692,2017-08-27,53.19069,10.02614,8,62.0,24.3,3.6,7,7,268.1,-11.7,99.7,16.5,16.1,0.237,16.0,0.246,,,,15,,
birkenpilz,2563561287,2017-09-08,51.80185,10.45696,9,572.0,20.5,13.4,7,0,335.8,-1.7,177.5,14.4,12.8,0.357,13.2,0.343,,,,15,,
birkenpilz,5019129201,2017-09-21,52.99113,10.29762,9,87.0,46.1,5.1,10,3,206.0,24.1,56.0,12.7,12.0,0.245,12.4,0.243,,,,15,,
birkenpilz,5018528883,2017-09-05,51.59136,10.42285,9,342.0,14.0,1.6,3,5,259.2,-26.0,81.0,15.9,14.7,0.37,15.3,0.364,,,,15,,
birkenpilz,5024671579,2017-09-23,52.01997,10.35308,9,147.0,12.0,1.3,6,9,214.3,-16.7,55.4,12.5,12.3,0.322,12.6,0.323,,,,15,,
birkenpilz,1668897092,2017-10-01,52.27325,10.59281,10,80.0,20.8,10.1,7,1,154.4,9.6,11.7,13.0,14.6,0.388,14.6,0.377,,,,15,,
birkenpilz,5022771020,2017-10-01,51.95209,10.53349,10,150.0,25.0,6.5,8,6,125.9,9.9,-21.7,13.0,14.2,0.368,14.2,0.357,,,,15,,
birkenpilz,5021333996,2017-10-12,52.45855,10.17594,10,53.0,38.1,8.3,10,2,137.7,26.4,12.9,12.9,12.2,0.279,12.5,0.283,,,,15,,
birkenpilz,5027136952,2016-07-31,52.36397,9.84962,7,58.0,20.7,8.4,7,3,136.4,-28.4,-87.4,21.3,20.9,0.28,20.7,0.222,,,,15,,
birkenpilz,1453145742,2016-10-16,53.26408,9.90136,10,45.0,11.5,2.2,6,14,56.0,-3.2,-91.2,9.9,9.9,0.199,10.5,0.169,,,,15,,
birkenpilz,1453179722,2016-10-29,52.26756,10.60333,10,100.0,40.5,1.2,10,5,94.6,31.5,-20.5,8.8,8.9,0.368,9.3,0.354,,,,15,,
birkenpilz,5019562447,2016-08-22,51.74058,10.90346,8,343.0,4.1,7.4,3,2,84.2,-33.2,-125.8,16.1,17.3,0.218,17.0,0.234,,,,15,,
birkenpilz,5026440411,2016-10-10,51.91853,10.45102,10,234.0,27.9,5.1,7,7,93.6,12.9,-64.5,11.9,9.8,0.339,11.0,0.302,,,,15,,
birkenpilz,5023440953,2016-10-15,51.92456,10.49447,10,181.0,35.6,4.1,10,12,98.3,26.4,-52.3,9.4,9.0,0.343,9.8,0.318,,,,15,,
birkenpilz,5022329038,2015-09-23,53.23527,10.20973,9,37.0,34.5,8.6,8,1,212.8,18.3,46.3,14.3,13.5,0.265,13.9,0.26,,,,15,,
birkenpilz,5015876572,2015-10-12,51.90171,10.40708,10,366.0,20.4,7.7,4,3,205.1,6.6,82.2,9.7,10.0,0.381,11.0,0.361,,,,15,,
birkenpilz,5026322097,2015-10-29,51.92456,10.49447,10,181.0,25.7,0.2,5,10,130.9,17.9,43.5,8.1,9.0,0.359,9.4,0.366,,,,15,,
schwefelporling,6003696962,2026-01-16,52.28281,9.03214,1,48.0,37.8,5.7,7,2,96.8,38.5,71.4,0.3,1.1,0.385,0.4,0.376,,,,15,,
schwefelporling,6151051555,2026-01-25,52.27562,10.58011,1,79.0,8.3,2.5,4,11,65.4,4.5,42.0,-0.5,-1.4,0.338,0.4,0.337,,,,15,,
schwefelporling,6159233337,2026-01-27,52.38227,9.71269,1,56.0,5.8,9.6,3,1,83.4,8.5,59.0,1.2,-0.9,0.331,0.4,0.333,,,,15,,
schwefelporling,6151311394,2026-02-10,52.90596,9.28606,2,23.0,7.3,2.7,4,99,66.6,5.2,45.3,-1.5,-0.0,0.384,-0.2,0.377,,,,15,,
schwefelporling,6170619607,2026-03-06,52.3212,9.76618,3,56.0,23.8,0.0,3,11,102.2,2.6,63.7,8.6,7.9,0.316,7.5,0.344,,,,15,,
schwefelporling,6178886964,2026-03-11,52.15846,11.72029,3,46.0,0.0,2.8,1,99,79.9,-22.1,35.1,7.9,5.1,0.266,4.4,0.302,,,,15,,
schwefelporling,6182537617,2026-03-24,51.54279,9.5261,3,323.0,25.5,0.4,4,8,116.6,1.3,54.3,6.2,5.1,0.289,5.2,0.303,,,,15,,
schwefelporling,6182715135,2026-03-27,52.28226,10.75398,3,132.0,13.6,7.5,7,1,102.9,-4.2,35.4,6.2,5.5,0.268,5.5,0.293,,,,15,,
schwefelporling,6183241611,2026-03-22,52.28489,10.61969,3,103.0,16.5,2.6,6,8,95.5,-6.0,35.1,7.4,6.2,0.24,6.0,0.238,,,,15,,
schwefelporling,6186674658,2026-03-29,52.29894,10.35595,3,85.0,11.5,6.4,4,1,105.4,-7.7,35.3,6.2,6.0,0.183,5.8,0.208,,,,15,,
schwefelporling,6182720963,2026-03-26,53.26003,10.43096,3,27.0,18.8,3.3,4,10,99.0,-2.7,38.2,6.6,6.0,0.16,5.9,0.198,,,,15,,
schwefelporling,6227813381,2026-04-20,52.30713,9.32216,4,81.0,11.5,15.4,6,0,111.6,-9.4,2.5,9.2,10.6,0.269,10.1,0.263,,,,15,,
schwefelporling,6193175809,2026-04-06,52.44785,10.45533,4,57.0,13.7,3.1,5,7,103.6,-12.3,21.1,6.8,8.0,0.257,7.2,0.277,,,,15,,
schwefelporling,6227955383,2026-04-24,52.42731,9.42414,4,54.0,20.6,0.1,5,4,103.1,-15.3,-13.2,9.8,9.2,0.324,9.2,0.316,,,,15,,
schwefelporling,6235369009,2026-04-26,51.67661,10.04824,4,174.0,40.6,0.0,3,7,89.8,0.5,-37.0,9.7,9.3,0.2,8.6,0.184,,,,15,,
schwefelporling,6273470316,2026-04-26,51.51483,9.92206,4,147.0,28.4,0.0,3,6,75.8,-11.9,-51.5,10.0,9.8,0.201,9.1,0.195,,,,15,,
schwefelporling,6341983053,2026-04-28,52.36505,9.73679,4,53.0,10.6,0.0,2,8,62.7,-33.0,-69.0,10.3,12.1,0.095,10.8,0.132,,,,15,,
schwefelporling,6343053398,2026-04-26,52.31183,9.68183,4,64.0,15.5,0.0,3,6,70.9,-23.5,-54.1,10.0,10.1,0.15,9.2,0.14,,,,15,,
schwefelporling,6343428187,2026-04-29,53.46858,10.04872,4,3.0,15.4,0.0,2,9,73.1,-26.4,-53.4,9.5,10.4,0.26,9.6,0.312,,,,15,,
schwefelporling,6344219324,2026-04-05,51.51672,9.91891,4,161.0,22.3,2.0,5,6,103.3,-2.8,25.4,5.7,7.0,0.178,5.6,0.165,,,,15,,
schwefelporling,6273210499,2026-05-02,51.67588,10.04779,5,174.0,37.7,0.0,2,13,88.7,-10.7,-52.8,9.9,11.7,0.125,10.6,0.17,,,,15,,
schwefelporling,6273227980,2026-05-05,52.26602,10.48657,5,74.0,0.0,6.7,2,0,76.7,-51.4,-76.1,12.2,17.6,0.066,14.8,0.147,,,,15,,
schwefelporling,6273448658,2026-05-09,53.1566,11.12173,5,9.0,8.1,15.1,3,3,104.1,-26.3,-40.3,11.4,12.0,0.353,11.8,0.312,,,,15,,
schwefelporling,6273503811,2026-05-08,52.38197,9.69119,5,49.0,3.7,49.5,4,1,115.9,1.6,-32.6,12.5,14.6,0.236,14.3,0.178,,,,15,,
schwefelporling,6273820483,2026-05-09,52.27125,10.56727,5,81.0,8.5,36.1,4,2,111.9,-4.9,-36.4,12.0,12.8,0.268,12.8,0.193,,,,15,,
schwefelporling,6274144707,2026-05-09,52.3342,9.74184,5,52.0,9.3,45.9,4,2,126.1,3.8,-21.0,12.6,12.8,0.271,12.7,0.21,,,,15,,
schwefelporling,6273848001,2026-05-10,51.57314,9.91004,5,141.0,49.2,6.3,4,3,138.2,5.9,-8.8,12.0,12.0,0.298,11.8,0.249,,,,15,,
schwefelporling,6334141557,2026-05-22,53.36105,10.42678,5,15.0,39.8,10.3,9,2,128.1,8.4,-32.6,10.9,13.6,0.145,12.3,0.115,,,,15,,
schwefelporling,6334597482,2026-05-20,52.39072,9.77681,5,76.0,83.3,24.7,10,0,160.4,72.5,3.2,10.2,11.9,0.284,11.4,0.286,,,,15,,
schwefelporling,6334162911,2026-05-22,52.51658,10.61954,5,57.0,45.3,13.0,7,2,139.9,16.8,-22.9,11.1,13.6,0.143,12.2,0.14,,,,15,,
schwefelporling,6341679337,2026-05-21,51.72499,10.25054,5,228.0,46.9,16.7,9,1,177.3,28.3,26.9,9.7,11.3,0.299,10.6,0.303,,,,15,,
schwefelporling,6341734053,2026-05-16,52.27017,10.57463,5,75.0,72.2,19.9,8,2,142.9,54.1,-10.3,11.3,8.8,0.327,9.0,0.28,,,,15,,
schwefelporling,6341747368,2026-05-18,52.42173,9.85695,5,57.0,90.8,8.3,10,0,141.4,64.3,-13.8,10.5,10.4,0.319,10.3,0.296,,,,15,,
schwefelporling,6341707614,2026-05-27,51.89619,10.39583,5,400.0,32.3,0.0,8,7,199.5,-23.2,32.1,13.4,17.8,0.189,15.6,0.259,,,,15,,
schwefelporling,6341779939,2026-05-24,53.2248,10.42238,5,27.0,48.1,0.2,9,4,124.1,2.7,-46.5,12.3,16.2,0.148,14.5,0.15,,,,15,,
schwefelporling,6344151019,2026-05-24,53.24604,10.41668,5,27.0,48.1,0.2,9,4,124.1,2.7,-46.5,12.3,16.2,0.148,14.5,0.15,,,,15,,
schwefelporling,6341813698,2026-05-29,51.54599,10.08724,5,202.0,19.1,4.7,4,0,174.1,-36.7,-2.8,14.7,17.5,0.174,16.0,0.236,,,,15,,
schwefelporling,6341866897,2026-05-23,53.04222,11.43256,5,16.0,38.3,9.1,6,3,106.1,1.2,-59.9,12.3,15.3,0.362,13.7,0.323,,,,15,,
schwefelporling,6341906890,2026-05-14,52.36556,9.72195,5,50.0,53.5,28.4,8,0,126.4,38.4,-26.0,12.3,10.5,0.318,10.8,0.279,,,,15,,
schwefelporling,6341999902,2026-05-08,52.12981,9.97232,5,104.0,5.1,40.1,4,1,108.3,-6.4,-45.2,12.1,14.1,0.217,13.7,0.168,,,,15,,
schwefelporling,6342015038,2026-05-11,53.33274,10.00215,5,18.0,24.9,6.4,3,0,101.6,-17.5,-44.4,11.7,10.3,0.161,10.4,0.104,,,,15,,
schwefelporling,6342023063,2026-05-12,52.25438,9.06072,5,101.0,40.3,12.9,6,0,138.4,6.9,-7.4,12.0,10.5,0.298,10.6,0.242,,,,15,,
schwefelporling,6342042928,2026-05-23,53.39283,10.45307,5,37.0,36.3,6.2,8,3,109.4,-0.1,-50.9,11.6,14.7,0.363,13.2,0.327,,,,15,,
schwefelporling,6342063361,2026-05-24,52.10991,11.66328,5,46.0,36.8,0.2,9,4,139.6,-14.3,-35.2,13.3,18.6,0.249,16.7,0.318,,,,15,,
schwefelporling,6342075828,2026-05-28,53.24324,10.41784,5,15.0,25.9,0.0,6,8,115.6,-33.5,-70.8,14.6,19.7,0.07,17.3,0.132,,,,15,,
schwefelporling,6342087260,2026-05-21,52.18572,9.6044,5,107.0,54.3,20.9,11,1,161.5,39.7,2.9,9.9,11.6,0.288,10.7,0.271,,,,15,,
schwefelporling,6342092038,2026-05-17,53.42925,10.42067,5,74.0,40.0,13.0,8,3,97.8,14.3,-53.2,10.5,9.2,0.403,9.5,0.333,,,,15,,
schwefelporling,6342095680,2026-05-22,52.96845,11.84415,5,21.0,26.6,9.3,8,2,104.5,-8.7,-57.4,11.6,15.1,0.083,13.0,0.06,,,,15,,
schwefelporling,6342118425,2026-05-19,52.27524,10.51326,5,73.0,77.8,8.0,9,1,135.6,50.0,-27.3,10.4,11.6,0.229,10.7,0.248,,,,15,,
schwefelporling,6342291152,2026-05-22,52.29216,10.46388,5,86.0,43.7,8.5,7,2,140.8,9.6,-27.4,11.4,14.8,0.171,13.2,0.23,,,,15,,
schwefelporling,6342287203,2026-05-29,52.43372,9.3725,5,58.0,32.4,8.7,6,0,162.3,-16.7,-18.1,15.3,18.4,0.162,17.3,0.229,,,,15,,
schwefelporling,6342301661,2026-05-31,52.01157,9.65201,5,199.0,24.6,17.1,6,0,170.9,-20.7,-15.9,16.4,19.1,0.122,17.3,0.154,,,,15,,
schwefelporling,6342340143,2026-05-03,53.28831,10.78138,5,12.0,22.2,0.9,2,13,71.9,-25.3,-66.2,9.9,12.6,0.267,11.0,0.316,,,,15,,
schwefelporling,6342392838,2026-05-14,51.56417,10.15805,5,156.0,62.9,32.9,8,0,169.9,57.1,30.7,11.1,9.3,0.351,9.4,0.334,,,,15,,
schwefelporling,6342419313,2026-05-03,53.47052,10.04704,5,4.0,13.7,1.6,2,13,72.0,-33.7,-66.8,10.6,15.2,0.163,12.5,0.302,,,,15,,
schwefelporling,6342445890,2026-05-23,53.46292,9.93589,5,70.0,33.1,5.2,9,3,99.7,-4.2,-62.3,11.9,15.3,0.294,13.3,0.276,,,,15,,
schwefelporling,6342597311,2026-05-07,52.28072,10.51333,5,71.0,0.0,43.6,4,0,113.6,-9.4,-36.7,12.4,16.3,0.165,14.9,0.159,,,,15,,
schwefelporling,6342619281,2026-05-30,53.04215,11.43261,5,16.0,11.3,1.0,2,10,95.3,-53.2,-94.6,16.5,18.8,0.281,17.0,0.301,,,,15,,
schwefelporling,6342548662,2026-05-24,51.85561,10.67494,5,290.0,63.7,0.8,10,4,232.2,19.8,76.1,11.7,15.3,0.321,13.7,0.348,,,,15,,
schwefelporling,6342630342,2026-05-26,52.89411,9.62614,5,39.0,43.2,0.0,8,6,127.8,-5.8,-40.7,13.0,17.0,0.278,15.2,0.294,,,,15,,
schwefelporling,6342685174,2026-05-15,52.41538,10.07497,5,60.0,60.4,24.7,8,1,130.9,43.8,-19.7,11.7,9.7,0.335,9.9,0.273,,,,15,,
schwefelporling,6342678157,2026-05-13,51.52862,9.94658,5,169.0,58.8,21.2,7,0,152.4,35.8,5.8,11.5,9.7,0.323,9.8,0.299,,,,15,,
schwefelporling,6342649076,2026-05-19,51.81231,11.14998,5,130.0,81.0,3.5,10,4,169.6,49.8,13.6,10.0,10.6,0.312,10.3,0.305,,,,15,,
schwefelporling,6342706615,2026-05-16,53.08842,11.8724,5,32.0,41.7,15.7,6,2,122.1,17.4,-25.7,11.1,8.9,0.309,9.2,0.215,,,,15,,
schwefelporling,6342747402,2026-05-03,53.47449,10.06185,5,0.0,14.9,0.6,2,13,72.3,-34.5,-66.8,10.6,15.2,0.192,12.6,0.279,,,,15,,
schwefelporling,6342761143,2026-05-27,53.07289,11.4299,5,26.0,27.4,0.1,4,7,120.7,-31.1,-56.0,14.6,19.3,0.302,17.0,0.291,,,,15,,
schwefelporling,6342786114,2026-05-16,52.09807,10.22601,5,131.0,60.3,22.0,9,2,135.5,44.4,-17.9,11.0,8.4,0.337,8.8,0.285,,,,15,,
schwefelporling,6342797320,2026-05-05,52.0961,9.3362,5,234.0,0.0,10.3,2,1,85.8,-40.8,-52.3,10.7,13.7,0.144,12.1,0.211,,,,15,,
schwefelporling,6342801993,2026-05-10,53.4893,9.87815,5,4.0,13.0,0.2,3,4,89.6,-40.9,-57.0,12.6,13.4,0.05,12.4,0.041,,,,15,,
schwefelporling,6342873353,2026-05-21,51.5482,10.69616,5,275.0,46.7,15.0,10,1,182.5,26.3,34.5,9.3,10.8,0.316,10.2,0.326,,,,15,,
schwefelporling,6342812696,2026-05-14,53.29304,10.72602,5,10.0,24.2,27.2,7,0,107.0,7.8,-41.8,11.5,10.0,0.413,10.2,0.339,,,,15,,
schwefelporling,6342986329,2026-05-14,52.43239,9.94264,5,76.0,45.1,39.5,8,0,130.5,42.4,-18.1,11.9,10.0,0.325,10.1,0.262,,,,15,,
schwefelporling,6342971941,2026-05-03,52.09791,10.22568,5,131.0,22.4,0.0,2,13,73.5,-29.1,-74.8,10.3,13.7,0.116,12.0,0.149,,,,15,,
schwefelporling,6342997434,2026-05-24,52.18978,9.60797,5,92.0,63.4,1.4,10,4,161.5,20.8,-4.1,11.7,15.5,0.268,13.8,0.254,,,,15,,
schwefelporling,6343495579,2026-05-24,52.18574,9.60439,5,92.0,63.4,1.4,10,4,161.5,20.8,-4.1,11.7,15.5,0.268,13.8,0.254,,,,15,,
schwefelporling,6344571985,2026-05-24,52.18711,9.60607,5,92.0,63.4,1.4,10,4,161.5,20.8,-4.1,11.7,15.5,0.268,13.8,0.254,,,,15,,
schwefelporling,6411069352,2026-05-24,52.18754,9.60633,5,92.0,63.4,1.4,10,4,161.5,20.8,-4.1,11.7,15.5,0.268,13.8,0.254,,,,15,,
schwefelporling,6343052573,2026-05-22,51.92283,9.07848,5,146.0,56.5,11.1,8,2,173.1,30.0,23.8,9.9,12.0,0.329,11.0,0.335,,,,15,,
schwefelporling,6343074496,2026-05-25,52.41538,10.07487,5,60.0,62.7,0.0,8,5,146.6,14.5,-23.9,12.8,17.6,0.225,15.9,0.236,,,,15,,
schwefelporling,6343055966,2026-05-21,53.28128,10.24793,5,22.0,29.4,16.7,9,1,123.9,5.8,-37.4,10.4,12.2,0.163,11.1,0.154,,,,15,,
schwefelporling,6343235714,2026-05-24,52.27016,10.57463,5,75.0,64.3,0.5,7,4,157.6,17.9,-11.6,12.3,16.3,0.194,14.2,0.228,,,,15,,
schwefelporling,6343452595,2026-05-24,52.26516,10.55109,5,75.0,64.3,0.5,7,4,157.6,17.9,-11.6,12.3,16.3,0.194,14.2,0.228,,,,15,,
schwefelporling,6343316302,2026-05-22,52.2297,10.51277,5,78.0,43.7,8.5,7,2,140.8,9.6,-27.3,11.4,14.8,0.171,13.2,0.23,,,,15,,
schwefelporling,6343371573,2026-05-17,52.22238,10.59549,5,83.0,72.3,11.8,9,3,147.1,48.7,-6.0,10.5,7.0,0.327,5.3,0.305,,,,15,,
schwefelporling,6343339921,2026-05-25,52.26668,10.55105,5,93.0,51.4,0.0,7,5,137.3,0.9,-40.2,13.2,19.3,0.134,16.7,0.209,,,,15,,
schwefelporling,6343465034,2026-05-15,52.271,10.58302,5,88.0,61.8,29.8,8,1,145.2,51.7,-6.1,11.7,9.4,0.327,9.5,0.272,,,,15,,
schwefelporling,6343465865,2026-05-20,52.52028,9.92136,5,64.0,77.5,22.5,11,0,163.8,64.5,5.5,10.0,11.1,0.207,10.5,0.213,,,,15,,
schwefelporling,6343622913,2026-05-15,52.48282,9.38436,5,38.0,62.3,22.8,9,1,154.8,46.5,11.1,11.6,9.9,0.385,10.1,0.388,,,,15,,
schwefelporling,6343681453,2026-05-05,52.39417,9.8138,5,60.0,0.0,10.1,2,0,77.5,-45.6,-68.3,12.0,16.3,0.123,14.2,0.186,,,,15,,
schwefelporling,6343779386,2026-05-30,53.36276,10.19828,5,7.0,16.5,1.5,5,10,114.0,-44.8,-75.3,16.0,19.2,0.058,16.9,0.088,,,,15,,
schwefelporling,6343808950,2026-05-25,51.94046,10.2218,5,234.0,55.1,0.0,7,5,182.9,9.3,24.0,11.6,15.5,0.286,13.8,0.297,,,,15,,
schwefelporling,6343829058,2026-05-01,53.37185,10.53347,5,30.0,17.9,0.0,2,11,69.1,-25.8,-61.4,9.3,10.0,0.274,9.2,0.336,,,,15,,
schwefelporling,6343847705,2026-05-22,52.92096,9.23427,5,26.0,41.7,15.7,9,2,134.8,17.9,-20.7,10.7,13.0,0.288,12.0,0.28,,,,15,,
schwefelporling,6343839369,2026-05-30,52.60748,11.86744,5,35.0,6.8,1.4,2,10,101.3,-58.7,-86.9,16.8,20.0,0.201,18.2,0.291,,,,15,,
schwefelporling,6343885244,2026-05-17,52.36286,9.83745,5,72.0,85.7,15.4,9,3,143.4,64.0,-15.7,11.1,9.7,0.328,10.0,0.278,,,,15,,
schwefelporling,6343948997,2026-05-28,51.50306,10.01421,5,252.0,21.6,0.0,3,8,147.9,-35.7,-33.5,13.9,18.4,0.173,16.8,0.237,,,,15,,
schwefelporling,6343959874,2026-05-16,52.05152,10.10043,5,223.0,62.9,18.2,9,2,139.2,43.2,-14.7,10.8,8.3,0.341,8.7,0.297,,,,15,,
schwefelporling,6344014800,2026-05-03,52.32125,9.76626,5,57.0,12.4,0.0,2,13,63.7,-41.9,-85.0,11.3,16.0,0.081,13.6,0.147,,,,15,,
schwefelporling,6344100154,2026-05-23,51.75966,9.98316,5,161.0,47.9,13.5,8,3,176.7,18.3,17.6,11.3,14.2,0.261,13.0,0.258,,,,15,,
schwefelporling,6344101079,2026-05-23,53.16616,9.96764,5,121.0,34.7,9.3,10,3,129.5,2.4,-34.8,11.2,14.3,0.185,12.8,0.154,,,,15,,
schwefelporling,6344180802,2026-05-24,51.71914,10.97394,5,287.0,48.3,1.0,10,4,207.4,3.1,44.2,11.7,14.6,0.339,12.9,0.346,,,,15,,
schwefelporling,6344225035,2026-05-20,52.8706,11.96417,5,26.0,38.0,8.4,8,0,112.8,6.9,-42.7,10.6,11.8,0.343,10.8,0.328,,,,15,,
schwefelporling,6344336616,2026-05-06,52.26901,10.57334,5,77.0,0.0,37.9,3,0,105.2,-15.4,-43.3,11.8,16.3,0.147,14.7,0.151,,,,15,,
schwefelporling,6344396558,2026-05-23,51.61887,10.44174,5,286.0,38.3,10.0,9,3,168.3,6.6,17.5,10.5,13.3,0.301,12.1,0.293,,,,15,,
schwefelporling,6344402953,2026-05-17,51.56423,10.15809,5,156.0,87.9,10.7,9,3,167.2,63.5,22.1,10.4,8.4,0.335,8.7,0.316,,,,15,,
schwefelporling,6344426417,2026-05-28,51.65156,11.11875,5,345.0,25.7,0.0,5,7,169.1,-30.7,0.2,13.2,16.3,0.282,14.7,0.318,,,,15,,
schwefelporling,6344446986,2026-05-04,53.43598,10.15155,5,1.0,13.5,0.6,1,14,72.3,-37.9,-69.0,11.1,16.4,0.188,13.7,0.275,,,,15,,
schwefelporling,6344454586,2026-05-31,53.06938,9.69454,5,62.0,24.0,4.3,6,2,104.1,-30.9,-81.6,15.8,17.7,0.087,16.3,0.104,,,,15,,
schwefelporling,6344464030,2026-05-16,51.81089,10.22887,5,375.0,77.7,28.5,11,2,193.0,72.1,52.3,10.0,7.0,0.4,7.6,0.401,,,,15,,
schwefelporling,6344474993,2026-05-28,52.25042,10.52631,5,78.0,20.9,0.0,4,8,130.9,-42.0,-59.8,15.4,22.6,0.089,19.6,0.184,,,,15,,
schwefelporling,6344532116,2026-05-23,52.29252,10.7742,5,126.0,39.6,8.9,7,3,141.2,4.7,-18.3,11.5,14.9,0.23,13.2,0.247,,,,15,,
schwefelporling,6344531682,2026-05-14,52.22925,10.19228,5,71.0,46.9,32.8,8,0,126.8,35.9,-28.1,12.1,10.3,0.312,10.4,0.253,,,,15,,
schwefelporling,6344627224,2026-05-04,53.43563,9.66441,5,28.0,11.2,10.7,2,1,88.1,-26.5,-50.2,10.3,14.5,0.122,12.3,0.199,,,,15,,
schwefelporling,6344631190,2026-05-19,53.24621,10.41652,5,15.0,57.3,11.3,11,1,117.0,31.5,-43.3,9.9,10.9,0.176,10.3,0.167,,,,15,,
schwefelporling,6344603630,2026-05-27,52.12981,9.97244,5,104.0,27.1,0.0,5,7,132.6,-30.0,-52.6,14.3,20.5,0.135,18.2,0.194,,,,15,,
schwefelporling,6344617224,2026-05-18,52.17514,9.93743,5,97.0,73.9,3.9,9,4,124.6,42.9,-38.2,10.5,10.3,0.292,10.1,0.274,,,,15,,
schwefelporling,6344710839,2026-05-03,52.15865,10.30442,5,82.0,15.8,0.0,2,13,68.4,-36.5,-80.8,10.7,14.8,0.096,12.7,0.147,,,,15,,
schwefelporling,6344729579,2026-05-16,51.56169,9.9106,5,158.0,79.1,14.9,9,2,161.0,54.9,9.9,11.0,8.5,0.342,9.1,0.309,,,,15,,
schwefelporling,6344779129,2026-05-11,51.62268,9.45051,5,133.0,43.8,18.4,6,0,144.7,16.4,0.8,12.3,11.1,0.331,11.2,0.259,,,,15,,
schwefelporling,6344736823,2026-05-23,53.1408,10.49009,5,21.0,37.5,9.3,8,3,119.9,3.7,-46.8,11.5,14.7,0.175,13.2,0.15,,,,15,,
schwefelporling,6344785062,2026-05-29,53.48415,10.25549,5,45.0,17.6,0.9,5,9,105.9,-42.2,-78.3,15.3,18.7,0.215,16.7,0.278,,,,15,,
schwefelporling,6344813475,2026-05-14,52.29064,9.52695,5,76.0,53.1,40.7,8,0,151.9,54.6,10.7,11.0,9.1,0.362,9.2,0.338,,,,15,,
schwefelporling,6344831412,2026-05-07,52.12109,10.33592,5,142.0,0.0,40.3,4,0,106.8,-11.3,-43.5,11.9,14.9,0.203,14.1,0.161,,,,15,,
schwefelporling,6344861456,2026-05-22,53.19261,9.97932,5,77.0,33.6,10.7,10,2,127.6,4.5,-31.7,10.5,12.7,0.194,11.6,0.18,,,,15,,
schwefelporling,6344922169,2026-05-21,51.51987,10.83504,5,233.0,47.2,15.5,10,1,163.6,27.1,12.8,9.2,10.5,0.304,9.8,0.321,,,,15,,
schwefelporling,6344927178,2026-05-17,53.48416,10.25655,5,37.0,37.9,12.9,8,3,100.1,11.6,-53.4,10.6,9.3,0.365,9.6,0.283,,,,15,,
schwefelporling,6352253883,2026-05-14,52.28175,11.31349,5,109.0,44.8,26.4,7,0,132.1,29.8,-16.3,11.8,9.8,0.28,9.8,0.204,,,,15,,
schwefelporling,6345035755,2026-05-19,51.57764,10.13669,5,167.0,92.8,5.7,9,1,172.1,63.5,24.3,9.8,9.8,0.307,9.6,0.303,,,,15,,
schwefelporling,6344974844,2026-05-19,52.01944,10.46595,5,119.0,75.0,5.5,10,1,139.9,45.9,-23.0,10.1,10.6,0.273,10.1,0.272,,,,15,,
schwefelporling,6345005455,2026-05-29,52.02592,10.46828,5,110.0,15.0,7.0,5,0,142.8,-43.9,-51.4,16.0,21.7,0.099,19.4,0.159,,,,15,,
schwefelporling,6410748721,2026-05-30,52.93372,9.23165,5,34.0,30.9,5.8,5,1,114.1,-19.9,-64.9,15.4,17.6,0.165,16.3,0.232,,,,15,,
schwefelporling,6400565576,2026-05-24,52.34699,9.74437,5,56.0,60.7,1.7,10,4,165.3,16.7,-3.0,12.4,16.6,0.283,15.1,0.278,,,,15,,
schwefelporling,6400010723,2026-05-31,52.2769,10.55704,5,81.0,13.9,18.3,5,0,143.8,-34.6,-54.2,17.4,21.4,0.107,19.7,0.179,,,,15,,
schwefelporling,6352699717,2026-05-23,52.35683,9.76999,5,58.0,54.7,13.0,8,3,163.9,23.9,-5.5,12.0,15.7,0.263,14.2,0.25,,,,15,,
schwefelporling,6410770528,2026-05-10,52.35855,9.73701,5,57.0,45.8,7.7,4,3,116.1,1.6,-34.6,12.9,12.1,0.291,12.3,0.224,,,,15,,
schwefelporling,6411117034,2026-05-10,53.0843,9.32216,5,25.0,26.5,1.0,2,4,104.8,-22.1,-40.4,11.6,10.8,0.196,10.8,0.15,,,,15,,
schwefelporling,6410961726,2026-05-31,52.2084,11.74449,5,53.0,5.6,4.8,3,0,112.5,-58.1,-76.1,17.6,20.4,0.121,18.7,0.165,,,,15,,
schwefelporling,6410795738,2026-05-23,53.31229,10.19349,5,12.0,39.5,6.3,8,3,129.2,3.0,-36.1,11.7,15.1,0.121,13.1,0.11,,,,15,,
schwefelporling,6411160311,2026-05-31,51.7725,9.55289,5,446.0,18.5,21.0,4,0,155.9,-18.8,-17.3,14.6,15.4,0.251,14.4,0.288,,,,15,,
schwefelporling,6411603352,2026-05-10,51.75321,11.08229,5,140.0,41.2,14.8,4,3,154.3,9.4,4.4,12.0,12.0,0.311,12.0,0.258,,,,15,,
schwefelporling,6411611455,2026-05-27,52.21765,9.20528,5,166.0,41.5,0.0,8,7,154.3,-11.7,-15.3,13.9,18.6,0.203,16.8,0.248,,,,15,,
schwefelporling,6412100903,2026-05-31,53.3324,10.00894,5,22.0,20.5,1.9,4,11,100.4,-41.1,-87.9,16.2,18.9,0.06,16.7,0.057,,,,15,,
schwefelporling,6412209151,2026-05-10,51.96448,10.51017,5,150.0,49.5,7.7,4,3,135.0,9.1,-14.6,12.0,11.5,0.316,11.6,0.242,,,,15,,
schwefelporling,6412419181,2026-05-30,53.34796,9.92627,5,89.0,22.8,1.9,5,10,101.0,-37.2,-85.0,15.6,19.5,0.052,16.9,0.058,,,,15,,
schwefelporling,6399054282,2026-06-03,52.31345,10.59001,6,79.0,14.5,20.0,5,0,165.0,-32.1,-33.4,17.9,18.1,0.187,17.1,0.18,,,,15,,
schwefelporling,6412553078,2026-05-30,52.29317,10.53247,5,68.0,11.1,4.0,4,1,126.6,-51.6,-71.7,16.9,21.8,0.107,20.0,0.161,,,,15,,
schwefelporling,6399255262,2026-06-12,52.26969,10.54569,6,87.0,48.0,10.2,12,0,174.8,1.9,-34.9,16.6,16.9,0.141,16.5,0.167,,,,15,,
schwefelporling,6399681268,2026-06-01,53.4775,10.17861,6,3.0,13.6,0.8,3,12,93.9,-50.9,-97.8,17.1,18.9,0.223,17.5,0.278,,,,15,,
schwefelporling,6399568585,2026-06-07,52.1487,10.93943,6,259.0,25.2,10.5,7,3,167.3,-28.9,-30.5,16.9,16.1,0.19,15.3,0.167,,,,15,,
schwefelporling,6399949493,2026-06-06,53.39691,9.79101,6,53.0,1.6,28.8,5,1,128.8,-32.7,-61.0,16.8,16.2,0.207,15.3,0.169,,,,15,,
schwefelporling,6400518725,2026-06-07,51.58852,10.5819,6,306.0,25.7,11.3,9,0,200.2,-22.9,14.2,16.1,15.2,0.286,14.7,0.264,,,,15,,
schwefelporling,6412478979,2026-06-07,51.58843,10.58197,6,306.0,25.7,11.3,9,0,200.2,-22.9,14.2,16.1,15.2,0.286,14.7,0.264,,,,15,,
schwefelporling,6400225317,2026-06-03,51.67713,11.19591,6,347.0,11.9,17.8,7,1,176.4,-34.8,-12.8,16.9,16.0,0.286,14.8,0.293,,,,15,,
schwefelporling,6410594796,2026-06-15,52.28685,10.70967,6,105.0,41.4,8.6,11,3,199.7,-3.8,-6.7,15.5,15.2,0.168,15.0,0.161,,,,15,,
schwefelporling,6411284846,2026-06-15,52.30595,10.65462,6,105.0,41.4,8.6,11,3,199.7,-3.8,-6.7,15.5,15.2,0.168,15.0,0.161,,,,15,,
schwefelporling,6410582480,2026-06-04,52.36663,9.73415,6,59.0,19.5,12.3,5,0,160.0,-33.6,-39.9,18.3,19.1,0.183,18.7,0.193,,,,15,,
schwefelporling,6410551537,2026-06-19,52.21119,10.57232,6,96.0,26.6,2.6,9,7,159.9,-26.7,-50.6,16.2,17.2,0.167,15.1,0.163,,,,15,,
schwefelporling,6410660557,2026-06-07,52.1855,9.3423,6,250.0,35.2,20.7,8,1,192.4,-3.2,7.0,16.4,15.5,0.285,15.2,0.22,,,,15,,
schwefelporling,6410608528,2026-06-13,52.34967,9.81841,6,73.0,39.8,13.6,12,0,196.1,-0.7,-12.6,16.4,16.5,0.151,16.2,0.176,,,,15,,
schwefelporling,6410839683,2026-06-14,53.40926,10.21793,6,2.0,37.7,17.2,12,0,141.9,6.6,-58.8,15.3,14.7,0.385,14.7,0.29,,,,15,,
schwefelporling,6410703930,2026-06-09,53.36447,9.98316,6,31.0,25.2,21.3,7,0,144.3,-12.1,-47.6,16.4,15.7,0.232,15.4,0.155,,,,15,,
schwefelporling,6410917726,2026-06-22,52.31586,10.58155,6,99.0,23.0,12.3,9,1,190.8,-25.1,-30.7,18.1,23.0,0.14,20.3,0.15,,,,15,,
schwefelporling,6410955365,2026-06-08,52.0847,10.37377,6,157.0,32.8,4.0,8,4,163.2,-29.9,-44.6,17.8,16.8,0.237,16.3,0.182,,,,15,,
schwefelporling,6411040958,2026-06-11,52.31088,10.46371,6,67.0,46.7,7.7,8,2,169.2,-4.4,-41.1,16.7,17.2,0.173,16.7,0.159,,,,15,,
schwefelporling,6412874640,2026-06-11,52.31107,10.46142,6,67.0,46.7,7.7,8,2,169.2,-4.4,-41.1,16.7,17.2,0.173,16.7,0.159,,,,15,,
schwefelporling,6411035414,2026-06-13,52.14861,10.93941,6,259.0,33.2,7.8,10,1,170.7,-13.6,-32.4,15.3,15.6,0.146,15.0,0.148,,,,15,,
schwefelporling,6411097647,2026-06-17,52.0523,9.02627,6,239.0,43.9,7.7,13,4,193.5,6.7,3.8,13.9,14.3,0.256,13.8,0.221,,,,15,,
schwefelporling,6411109738,2026-06-14,52.07914,9.92198,6,185.0,31.0,9.2,12,2,173.2,-13.0,-33.2,15.3,15.1,0.16,14.8,0.143,,,,15,,
schwefelporling,6411126171,2026-06-11,53.43294,9.84432,6,105.0,40.5,14.1,8,0,137.2,-0.1,-58.2,15.7,15.4,0.257,15.3,0.155,,,,15,,
schwefelporling,6411206980,2026-06-10,52.27101,10.58297,6,88.0,41.9,16.1,9,1,194.0,-1.6,-8.6,16.6,16.3,0.197,15.8,0.17,,,,15,,
schwefelporling,6411222897,2026-06-04,53.477,10.11214,6,7.0,1.2,14.9,2,0,107.4,-49.5,-88.1,17.9,18.3,0.256,17.2,0.278,,,,15,,
schwefelporling,6411255508,2026-06-19,51.5361,9.91889,6,148.0,29.8,10.6,10,3,208.7,-13.5,-4.6,16.1,17.3,0.219,15.8,0.186,,,,15,,
schwefelporling,6411316683,2026-06-08,51.6971,9.35522,6,293.0,52.7,4.0,7,3,194.1,-3.1,-1.9,16.2,15.1,0.243,14.6,0.202,,,,15,,
schwefelporling,6411475398,2026-06-18,53.1659,9.92615,6,141.0,54.1,2.7,11,4,155.9,7.8,-48.3,14.7,15.5,0.184,14.7,0.143,,,,15,,
schwefelporling,6411517842,2026-06-02,51.7148,11.20968,6,294.0,12.0,18.0,7,0,175.3,-34.2,-12.0,16.6,15.8,0.278,14.7,0.296,,,,15,,
schwefelporling,6411534601,2026-06-04,53.16192,11.0271,6,50.0,2.8,17.6,3,0,132.6,-44.6,-61.7,17.6,17.4,0.297,16.2,0.311,,,,15,,
schwefelporling,6411617241,2026-06-18,51.58289,10.44414,6,313.0,41.8,13.7,13,2,213.3,6.8,19.3,14.5,14.6,0.318,13.6,0.277,,,,15,,
schwefelporling,6411562967,2026-06-05,51.59139,9.95363,6,231.0,38.8,14.3,7,1,202.0,-13.0,3.7,17.4,16.7,0.263,16.5,0.211,,,,15,,
schwefelporling,6411874634,2026-06-06,53.22481,10.42238,6,27.0,5.0,24.0,6,1,132.8,-37.5,-69.2,17.6,17.4,0.098,16.6,0.115,,,,15,,
schwefelporling,6412016675,2026-06-01,52.23359,10.51807,6,72.0,13.9,22.1,6,0,147.6,-31.4,-53.1,17.8,20.3,0.132,19.2,0.181,,,,15,,
schwefelporling,6411955787,2026-06-07,51.91915,9.77709,6,236.0,22.9,11.3,7,3,185.4,-30.2,-9.6,17.0,16.0,0.19,15.4,0.149,,,,15,,
schwefelporling,6412023145,2026-06-03,51.86851,10.56589,6,335.0,16.2,13.3,6,2,201.6,-36.3,13.5,17.1,17.3,0.184,16.1,0.205,,,,15,,
schwefelporling,6412057352,2026-06-05,52.12653,9.9202,6,124.0,14.5,11.7,6,1,142.6,-42.0,-61.7,18.1,17.3,0.232,17.1,0.189,,,,15,,
schwefelporling,6412190891,2026-06-12,52.13437,10.80327,6,127.0,27.9,8.5,10,0,162.8,-18.6,-36.0,15.9,15.5,0.165,14.9,0.163,,,,15,,
schwefelporling,6412200108,2026-06-02,51.67677,10.29908,6,228.0,26.2,23.4,8,0,185.6,-13.8,1.5,16.7,16.2,0.216,15.0,0.244,,,,15,,
schwefelporling,6412142184,2026-06-06,52.97961,10.09798,6,74.0,10.0,24.8,7,1,141.6,-29.8,-57.7,17.2,16.0,0.219,15.2,0.185,,,,15,,
schwefelporling,6412303602,2026-06-17,51.86311,10.58138,6,435.0,28.8,9.4,11,1,227.4,-11.1,33.2,13.7,13.7,0.18,13.0,0.19,,,,15,,
schwefelporling,6412320801,2026-06-21,52.16419,9.89446,6,142.0,13.2,7.2,9,1,143.6,-39.7,-81.4,17.9,23.0,0.097,20.0,0.15,,,,15,,
schwefelporling,6412673565,2026-06-21,52.16509,9.8974,6,142.0,13.2,7.2,9,1,143.6,-39.7,-81.4,17.9,23.0,0.097,20.0,0.15,,,,15,,
schwefelporling,6412412428,2026-06-17,52.27091,10.53301,6,80.0,36.0,2.2,10,5,175.2,-16.5,-40.1,15.8,16.7,0.12,16.0,0.156,,,,15,,
schwefelporling,6412425260,2026-06-17,52.45479,9.97074,6,60.0,38.1,3.5,12,4,186.7,-10.2,-20.2,15.3,15.5,0.206,14.8,0.175,,,,15,,
schwefelporling,6412480464,2026-06-04,52.242,9.63258,6,126.0,17.9,11.4,6,0,175.9,-34.7,-17.6,17.7,17.6,0.214,17.1,0.184,,,,15,,
schwefelporling,6412427707,2026-06-12,51.75236,9.92583,6,117.0,57.5,17.3,11,0,218.6,20.9,20.5,15.6,15.1,0.167,15.0,0.156,,,,15,,
schwefelporling,6412599576,2026-06-16,52.27103,10.57746,6,75.0,44.7,4.9,11,4,198.3,-3.8,-8.7,15.4,15.2,0.163,14.9,0.159,,,,15,,
schwefelporling,6412578484,2026-06-12,53.39752,9.71397,6,21.0,36.9,29.7,10,0,156.4,15.8,-33.8,15.3,14.5,0.292,14.5,0.191,,,,15,,
schwefelporling,6412743731,2026-06-10,52.13437,10.80332,6,127.0,25.8,4.9,8,6,159.1,-29.1,-39.9,16.3,16.0,0.183,15.3,0.169,,,,15,,
schwefelporling,6412733570,2026-06-03,52.36669,9.73423,6,62.0,28.2,14.8,5,3,152.6,-22.6,-47.2,18.2,19.8,0.165,19.1,0.192,,,,15,,
schwefelporling,6413749786,2026-06-15,52.27258,10.52305,6,73.0,36.5,7.4,12,3,176.0,-11.4,-37.6,15.9,16.2,0.128,16.0,0.16,,,,15,,
schwefelporling,5051427058,2025-01-16,52.28619,10.50725,1,75.0,49.9,0.3,8,7,167.8,44.2,138.3,1.1,-0.2,0.344,0.7,0.336,,,,15,,
schwefelporling,5051468685,2025-01-13,52.18243,10.54041,1,96.0,57.5,6.6,7,3,171.9,57.3,140.5,1.2,0.2,0.373,1.7,0.373,,,,15,,
schwefelporling,5008665552,2025-01-06,53.16576,9.95216,1,140.0,11.4,25.6,5,0,153.0,32.6,129.5,3.0,2.1,0.28,2.6,0.278,,,,15,,
schwefelporling,5221798319,2025-01-26,52.25145,11.67456,1,41.0,0.2,17.5,4,0,116.6,11.7,91.0,0.8,1.7,0.479,1.1,0.476,,,,15,,
schwefelporling,5087169768,2025-01-01,53.26581,10.36734,1,32.0,15.6,5.7,4,0,103.5,15.7,77.5,4.9,3.0,0.268,3.7,0.276,,,,15,,
schwefelporling,5067451838,2025-02-10,52.43152,9.89266,2,59.0,16.5,0.0,3,11,154.1,7.8,127.7,2.5,1.4,0.336,1.8,0.348,,,,15,,
schwefelporling,5063745885,2025-02-02,51.52925,9.92415,2,148.0,30.9,4.2,8,3,142.4,26.3,117.2,3.3,3.4,0.388,4.0,0.39,,,,15,,
schwefelporling,5075014873,2025-02-28,52.1418,10.79723,2,133.0,2.1,10.5,3,2,103.0,1.5,68.5,1.4,4.1,0.353,2.9,0.34,,,,15,,
schwefelporling,5135550157,2025-02-15,52.28281,9.03214,2,48.0,3.9,3.5,3,4,122.5,-0.9,94.5,0.6,0.8,0.355,1.6,0.358,,,,15,,
schwefelporling,5086567651,2025-03-15,52.27895,10.75208,3,106.0,0.5,0.2,0,99,50.6,-21.7,-0.2,4.6,2.4,0.334,2.5,0.348,,,,15,,
schwefelporling,5086462536,2025-03-15,51.94456,9.18489,3,257.0,0.3,0.3,0,99,69.7,-21.6,18.5,3.9,1.6,0.296,1.9,0.301,,,,15,,
schwefelporling,6412563271,2025-03-09,53.34221,10.504,3,10.0,8.5,0.0,2,10,42.1,-9.3,-0.2,6.1,6.1,0.446,5.6,0.451,,,,15,,
schwefelporling,5107836441,2025-04-05,53.19502,10.44731,4,37.0,11.5,0.0,1,6,23.5,-21.9,-64.4,8.1,7.9,0.186,7.4,0.196,,,,15,,
schwefelporling,5135614142,2025-04-11,51.86851,11.94824,4,70.0,8.9,0.1,2,12,34.2,-22.9,-59.3,7.7,7.3,0.426,7.2,0.446,,,,15,,
schwefelporling,5138940826,2025-04-24,53.01696,11.56546,4,32.0,14.1,9.3,4,2,50.8,-14.6,-66.2,12.2,11.6,0.447,11.1,0.434,,,,15,,
schwefelporling,5138998433,2025-04-24,52.34434,10.44527,4,77.0,24.3,10.4,6,1,63.8,-5.3,-59.8,12.4,12.5,0.179,11.6,0.136,,,,15,,
schwefelporling,5139028649,2025-04-25,52.26407,9.61074,4,75.0,22.1,10.6,7,1,47.0,-6.2,-78.5,12.0,12.1,0.184,11.2,0.149,,,,15,,
schwefelporling,5139038016,2025-04-26,52.13305,9.95403,4,78.0,37.6,3.6,9,5,66.0,0.7,-67.9,12.2,12.2,0.241,11.6,0.158,,,,15,,
schwefelporling,5139028158,2025-04-26,52.36727,9.73312,4,54.0,20.0,5.5,8,3,46.3,-14.9,-85.3,12.6,13.2,0.163,12.3,0.179,,,,15,,
schwefelporling,5140546168,2025-04-26,52.3839,9.69057,4,54.0,20.0,5.5,8,3,46.3,-14.9,-85.3,12.6,13.2,0.163,12.3,0.179,,,,15,,
schwefelporling,5139047468,2025-04-27,52.35543,9.78085,4,83.0,29.4,1.2,8,4,49.7,-11.0,-85.5,12.6,12.8,0.164,12.2,0.131,,,,15,,
schwefelporling,5139160363,2025-04-26,52.28928,9.58846,4,83.0,24.7,8.0,7,2,46.7,-6.8,-81.2,12.1,12.1,0.184,11.4,0.15,,,,15,,
schwefelporling,5139127322,2025-04-27,51.88607,10.57796,4,312.0,42.2,4.6,10,4,76.7,10.3,-45.9,10.8,10.1,0.329,9.9,0.325,,,,15,,
schwefelporling,5140037907,2025-04-23,52.70427,9.24673,4,25.0,18.2,6.3,7,0,48.4,-10.4,-69.4,11.1,10.4,0.384,10.1,0.385,,,,15,,
schwefelporling,5141511891,2025-04-27,52.09122,9.03902,4,189.0,36.1,1.9,8,4,60.7,2.6,-60.8,10.9,10.6,0.316,10.1,0.3,,,,15,,
schwefelporling,5141514104,2025-04-28,52.27636,9.78709,4,63.0,21.3,0.5,8,5,31.3,-21.4,-106.3,12.5,13.6,0.103,12.7,0.146,,,,15,,
schwefelporling,5141543343,2025-04-30,52.3594,9.7853,4,65.0,28.0,0.0,7,7,40.7,-15.5,-105.0,12.6,14.5,0.124,12.7,0.132,,,,15,,
schwefelporling,5141708336,2025-05-03,52.35282,9.72846,5,54.0,24.7,0.2,3,10,51.4,-26.0,-103.0,13.7,17.9,0.07,15.3,0.149,,,,15,,
schwefelporling,5141720724,2025-05-03,52.3365,9.86951,5,91.0,17.2,0.3,4,10,40.7,-33.8,-115.7,13.8,18.4,0.054,15.5,0.131,,,,15,,
schwefelporling,5141798486,2025-05-03,52.33649,9.86938,5,91.0,17.2,0.3,4,10,40.7,-33.8,-115.7,13.8,18.4,0.054,15.5,0.131,,,,15,,
schwefelporling,5141894078,2025-05-03,52.30084,10.81935,5,91.0,20.8,8.6,4,0,57.8,-15.7,-82.2,12.1,13.7,0.2,12.5,0.264,,,,15,,
schwefelporling,5141807534,2025-05-02,51.52359,9.27871,5,189.0,36.5,0.0,7,8,62.2,-6.4,-76.3,11.3,12.3,0.311,11.1,0.344,,,,15,,
schwefelporling,5150222438,2025-05-01,52.24662,9.96072,5,80.0,17.8,0.0,7,13,27.2,-26.9,-122.0,12.4,14.6,0.143,12.9,0.152,,,,15,,
schwefelporling,5141826077,2025-05-02,51.53432,9.53003,5,346.0,37.9,2.1,8,8,61.7,-2.2,-74.5,10.6,11.8,0.26,10.5,0.298,,,,15,,
schwefelporling,5153242097,2025-05-09,52.25465,10.45756,5,98.0,1.8,0.4,0,99,54.7,-53.7,-103.4,13.1,13.4,0.033,13.5,0.143,,,,15,,
schwefelporling,5154218937,2025-05-06,51.50317,10.22069,5,264.0,21.1,17.6,6,3,73.0,-4.7,-66.8,11.3,11.6,0.305,11.4,0.317,,,,15,,
schwefelporling,5154280707,2025-05-12,51.75452,9.38618,5,87.0,3.9,0.0,2,99,48.9,-50.0,-110.6,13.1,13.3,0.114,12.0,0.184,,,,15,,
schwefelporling,5157699487,2025-05-11,53.44935,10.29506,5,12.0,3.9,0.2,3,99,73.4,-46.7,-74.0,12.0,11.5,0.267,11.0,0.336,,,,15,,
schwefelporling,5157903685,2025-05-06,52.27047,10.5986,5,96.0,8.2,2.6,2,13,48.5,-35.3,-94.4,12.1,13.2,0.139,12.8,0.225,,,,15,,
schwefelporling,5157729543,2025-05-05,52.53001,10.23067,5,58.0,11.8,0.8,2,13,55.0,-38.4,-96.4,13.1,16.4,0.032,14.9,0.058,,,,15,,
schwefelporling,5157859612,2025-05-06,53.25739,10.44028,5,42.0,11.4,1.0,3,12,57.7,-36.5,-88.9,12.4,14.3,0.041,13.8,0.089,,,,15,,
schwefelporling,5157878604,2025-05-06,53.25739,10.44051,5,42.0,11.4,1.0,3,12,57.7,-36.5,-88.9,12.4,14.3,0.041,13.8,0.089,,,,15,,
schwefelporling,5157939706,2025-05-14,52.21805,9.64613,5,130.0,2.4,0.0,1,99,66.0,-56.8,-106.9,13.2,15.3,0.034,13.6,0.138,,,,15,,
schwefelporling,5157949072,2025-05-18,52.28009,10.58281,5,87.0,1.5,9.6,3,1,58.0,-41.3,-111.3,11.3,13.3,0.133,12.9,0.168,,,,15,,
schwefelporling,5157956789,2025-05-15,51.81746,11.19283,5,117.0,8.0,0.1,1,12,38.1,-48.4,-132.8,12.7,15.0,0.064,13.6,0.149,,,,15,,
schwefelporling,5158067286,2025-05-11,53.374,10.94599,5,42.0,4.6,0.1,2,99,57.7,-45.8,-88.9,11.7,11.7,0.129,11.0,0.191,,,,15,,
schwefelporling,5158391259,2025-05-11,53.37456,10.94603,5,42.0,4.6,0.1,2,99,57.7,-45.8,-88.9,11.7,11.7,0.129,11.0,0.191,,,,15,,
schwefelporling,5158455287,2025-05-11,53.37398,10.9483,5,42.0,4.6,0.1,2,99,57.7,-45.8,-88.9,11.7,11.7,0.129,11.0,0.191,,,,15,,
schwefelporling,5157988832,2025-05-14,53.15785,9.82216,5,82.0,2.7,0.0,1,99,55.0,-53.0,-112.2,12.5,14.5,0.041,12.8,0.083,,,,15,,
schwefelporling,5158126851,2025-05-16,52.33273,10.11701,5,74.0,2.4,3.3,2,0,41.3,-54.5,-142.7,12.9,16.2,0.03,15.0,0.144,,,,15,,
schwefelporling,5158138178,2025-05-18,52.23925,10.97292,5,109.0,0.8,8.4,3,2,50.8,-45.6,-121.7,11.5,13.4,0.107,12.9,0.146,,,,15,,
schwefelporling,5158251795,2025-05-15,52.35537,9.78055,5,83.0,0.7,0.0,0,99,41.0,-62.1,-145.6,14.1,17.2,0.093,15.8,0.13,,,,15,,
schwefelporling,5158272677,2025-05-14,52.31329,10.46553,5,71.0,1.6,0.0,0,99,47.1,-58.5,-128.1,13.5,16.5,0.014,14.5,0.146,,,,15,,
schwefelporling,5158319808,2025-05-15,51.85244,10.67153,5,308.0,9.6,0.4,1,12,61.1,-40.9,-99.4,11.4,12.0,0.182,11.3,0.252,,,,15,,
schwefelporling,5158323506,2025-05-05,52.34222,9.8835,5,79.0,15.5,0.5,3,12,40.9,-35.8,-117.2,13.8,17.4,0.04,16.0,0.131,,,,15,,
schwefelporling,5158332377,2025-05-11,51.85277,10.67212,5,303.0,9.6,0.0,1,8,62.0,-40.3,-86.7,11.7,10.3,0.246,9.9,0.285,,,,15,,
schwefelporling,5158365744,2025-05-15,52.38177,9.71933,5,64.0,1.6,0.0,0,99,41.1,-60.6,-144.6,13.9,18.0,0.09,16.3,0.148,,,,15,,
schwefelporling,5158387649,2025-05-06,51.64994,9.43338,5,182.0,27.0,14.5,6,3,73.5,-2.2,-67.8,11.4,12.1,0.196,11.7,0.24,,,,15,,
schwefelporling,5158571549,2025-05-13,52.27033,10.57342,5,75.0,3.0,0.0,1,99,48.7,-51.0,-111.0,12.5,13.6,0.092,12.4,0.181,,,,15,,
schwefelporling,5158416201,2025-05-06,51.7772,11.1927,5,158.0,11.8,12.0,4,3,51.9,-23.4,-96.9,12.3,14.0,0.188,13.5,0.152,,,,15,,
schwefelporling,5158532700,2025-05-14,51.94976,10.53037,5,154.0,4.8,0.0,2,99,55.1,-47.6,-103.8,12.0,12.2,0.15,11.5,0.228,,,,15,,
schwefelporling,5164422078,2025-05-23,52.40023,9.75987,5,52.0,2.4,1.8,1,99,45.2,-59.0,-150.5,13.8,15.1,0.126,14.9,0.147,,,,15,,
schwefelporling,5164005427,2025-05-20,52.53331,10.07082,5,41.0,1.2,8.6,1,3,74.9,-49.9,-111.2,13.1,14.2,0.088,13.6,0.052,,,,15,,
schwefelporling,5164483890,2025-05-20,52.53296,10.07044,5,41.0,1.2,8.6,1,3,74.9,-49.9,-111.2,13.1,14.2,0.088,13.6,0.052,,,,15,,
schwefelporling,5158651984,2025-05-17,52.09985,10.3189,5,184.0,4.0,6.3,3,0,59.7,-48.1,-128.9,12.2,14.9,0.081,14.3,0.144,,,,15,,
schwefelporling,5164448097,2025-05-23,52.48303,10.14543,5,63.0,12.7,2.3,3,6,71.7,-45.7,-115.4,13.1,14.1,0.087,13.8,0.055,,,,15,,
schwefelporling,5164475534,2025-05-21,51.78121,11.30851,5,134.0,8.1,2.0,3,4,55.1,-45.6,-122.8,12.2,13.1,0.162,12.4,0.147,,,,15,,
schwefelporling,5164633566,2025-05-21,53.22312,10.39207,5,26.0,3.6,1.0,1,5,61.0,-55.4,-119.9,13.1,14.7,0.056,13.8,0.093,,,,15,,
schwefelporling,5164699411,2025-05-22,52.3366,9.86911,5,91.0,8.7,0.6,3,5,50.1,-54.6,-146.6,13.9,15.0,0.144,14.5,0.131,,,,15,,
schwefelporling,5164716869,2025-05-24,51.9598,10.22632,5,183.0,11.4,5.7,5,1,90.4,-39.0,-88.7,11.9,12.0,0.174,11.7,0.163,,,,15,,
schwefelporling,5164786058,2025-05-24,52.45479,9.97117,5,60.0,5.0,2.1,2,99,52.8,-54.8,-138.9,13.3,14.3,0.139,13.9,0.147,,,,15,,
schwefelporling,5170993876,2025-05-29,52.63025,10.0528,5,41.0,35.8,19.5,8,0,105.7,4.5,-92.4,13.3,14.2,0.165,13.5,0.068,,,,15,,
schwefelporling,5166912805,2025-05-25,52.2599,10.45913,5,86.0,16.8,13.2,5,0,82.9,-28.6,-109.5,13.3,14.6,0.12,14.2,0.142,,,,15,,
schwefelporling,5171029951,2025-05-28,52.90845,9.43809,5,42.0,14.5,26.4,7,0,98.4,-7.9,-81.7,12.6,12.6,0.2,12.2,0.137,,,,15,,
schwefelporling,5171031084,2025-05-30,52.11341,9.53629,5,160.0,23.0,17.4,7,2,71.3,-8.9,-118.5,13.0,14.1,0.232,13.0,0.151,,,,15,,
schwefelporling,5171085849,2025-05-29,52.42717,9.9475,5,58.0,17.4,20.7,7,0,80.9,-13.9,-115.5,13.3,14.0,0.231,13.5,0.148,,,,15,,
schwefelporling,6161821236,2025-05-29,52.43195,9.94374,5,58.0,17.4,20.7,7,0,80.9,-13.9,-115.5,13.3,14.0,0.231,13.5,0.148,,,,15,,
schwefelporling,5171203684,2025-05-27,52.35066,9.74359,5,56.0,8.7,13.8,6,0,68.3,-34.2,-132.5,13.6,13.5,0.165,13.6,0.151,,,,15,,
schwefelporling,5171315060,2025-05-29,52.37003,9.82081,5,57.0,21.3,16.9,8,0,74.0,-14.1,-129.5,13.6,14.5,0.198,13.9,0.134,,,,15,,
schwefelporling,5171583272,2025-05-29,51.85266,10.67193,5,303.0,35.8,13.0,9,1,107.5,4.8,-64.9,11.6,12.6,0.315,11.9,0.275,,,,15,,
schwefelporling,5176813802,2025-05-31,53.22137,10.41277,5,28.0,22.8,15.9,8,3,86.5,-11.3,-106.0,13.9,15.3,0.189,14.2,0.104,,,,15,,
schwefelporling,5180644802,2025-05-26,51.53779,9.38121,5,167.0,3.5,13.3,4,1,97.9,-38.6,-79.2,12.3,12.9,0.136,12.7,0.146,,,,15,,
schwefelporling,6195799960,2025-05-14,52.10995,11.27057,5,161.0,7.1,0.0,1,11,52.5,-52.5,-118.0,13.0,15.0,0.107,13.8,0.143,,,,15,,
schwefelporling,5177149242,2025-06-01,53.49472,10.24028,6,24.0,49.3,19.4,10,0,129.7,20.6,-52.6,13.9,15.5,0.411,14.3,0.32,,,,15,,
schwefelporling,5180568215,2025-06-04,53.19495,11.34154,6,24.0,40.3,13.3,9,3,78.8,-1.0,-125.0,15.0,17.8,0.145,16.3,0.094,,,,15,,
schwefelporling,5180607308,2025-06-07,53.19481,9.98115,6,88.0,39.4,8.7,11,1,122.1,-2.7,-72.1,15.2,16.4,0.098,15.8,0.083,,,,15,,
schwefelporling,5180388817,2025-06-08,51.50847,11.8965,6,92.0,28.6,11.0,6,1,97.2,-18.0,-124.7,17.4,18.2,0.197,17.5,0.148,,,,15,,
schwefelporling,5180639672,2025-06-06,51.56372,9.98118,6,330.0,42.7,12.8,9,0,140.3,7.1,-55.1,14.8,16.3,0.254,15.6,0.165,,,,15,,
schwefelporling,5180657626,2025-06-02,53.14672,9.90806,6,93.0,51.2,6.3,11,0,119.9,9.6,-73.9,13.8,15.8,0.177,14.7,0.131,,,,15,,
schwefelporling,5180803217,2025-06-05,53.14671,9.90802,6,93.0,54.0,6.0,12,3,122.4,10.4,-75.1,14.3,16.8,0.117,15.8,0.118,,,,15,,
schwefelporling,5180801961,2025-06-03,52.13791,9.77,6,90.0,34.2,6.7,7,2,104.3,-12.2,-98.8,14.7,17.3,0.158,15.8,0.15,,,,15,,
schwefelporling,5180814401,2025-06-03,53.24068,10.43156,6,36.0,37.4,6.4,9,2,92.7,-8.6,-104.4,14.6,17.0,0.13,15.7,0.101,,,,15,,
schwefelporling,5180925593,2025-06-06,53.1467,9.90785,6,93.0,53.0,9.1,12,0,129.0,12.4,-69.6,14.7,16.6,0.119,15.8,0.114,,,,15,,
schwefelporling,5180891034,2025-06-04,52.30118,9.5283,6,67.0,34.8,16.3,8,2,84.3,-1.3,-116.8,14.9,17.7,0.195,16.1,0.15,,,,15,,
schwefelporling,5186794265,2025-06-15,52.37882,9.77376,6,55.0,46.8,0.7,8,5,114.7,-15.0,-110.0,17.5,19.0,0.172,17.2,0.148,,,,15,,
schwefelporling,5186914540,2025-06-09,51.50942,9.88306,6,168.0,50.6,24.0,10,1,159.3,26.3,-32.2,15.1,14.9,0.297,14.6,0.195,,,,15,,
schwefelporling,5187270249,2025-06-15,52.44572,9.95035,6,64.0,35.9,0.5,8,5,96.9,-26.1,-124.0,17.2,18.2,0.194,16.6,0.159,,,,15,,
schwefelporling,5187332162,2025-06-14,53.13184,10.23149,6,57.0,37.4,0.0,8,4,139.2,-23.1,-65.2,16.0,16.0,0.149,14.4,0.138,,,,15,,
schwefelporling,5199142804,2025-06-11,51.9402,11.40356,6,76.0,33.4,11.3,8,1,103.0,-7.7,-103.1,16.4,15.5,0.216,15.3,0.153,,,,15,,
schwefelporling,5206433955,2025-06-19,52.18967,9.60437,6,101.0,27.1,0.3,6,9,89.8,-35.7,-138.2,17.1,20.7,0.117,19.1,0.147,,,,15,,
schwefelporling,5205070721,2025-06-24,52.3317,9.72495,6,78.0,6.2,5.5,3,1,80.3,-62.6,-167.6,19.3,21.4,0.111,20.4,0.148,,,,15,,
schwefelporling,5288599479,2025-06-07,52.34743,9.74712,6,53.0,37.0,10.6,10,1,94.3,-5.8,-118.6,16.3,17.6,0.166,16.8,0.162,,,,15,,
schwefelporling,5216485061,2025-06-25,52.36609,9.73476,6,59.0,1.3,8.7,2,2,95.9,-66.8,-155.3,19.9,22.7,0.111,21.2,0.159,,,,15,,
schwefelporling,5938174319,2025-06-07,51.71661,10.61881,6,567.0,52.4,26.0,11,0,159.2,37.9,-18.6,12.5,13.2,0.32,12.6,0.236,,,,15,,
schwefelporling,6400624564,2025-06-05,51.72671,10.94112,6,344.0,42.2,12.2,9,0,110.1,8.6,-72.6,13.3,15.3,0.266,14.3,0.25,,,,15,,
schwefelporling,5903105676,2025-06-09,51.83439,9.88137,6,254.0,25.5,20.6,10,1,93.4,-5.9,-101.7,15.5,15.6,0.22,15.2,0.153,,,,15,,
schwefelporling,6399529500,2025-06-02,51.72671,10.94112,6,344.0,34.3,14.0,8,1,98.2,1.8,-83.3,12.8,14.7,0.28,13.5,0.252,,,,15,,
schwefelporling,6413595108,2025-06-06,52.11006,9.99784,6,94.0,47.8,6.6,9,0,110.9,0.5,-101.5,15.7,18.2,0.136,17.1,0.144,,,,15,,
schwefelporling,6411583132,2025-06-16,51.59192,10.59599,6,309.0,66.6,2.2,7,6,157.1,15.9,-32.9,15.2,16.1,0.323,15.0,0.357,,,,15,,
schwefelporling,5221712421,2025-07-08,51.82119,11.93467,7,59.0,3.7,11.1,2,1,72.3,-67.5,-207.4,21.8,22.7,0.124,22.7,0.147,,,,15,,
schwefelporling,5234238449,2025-07-19,51.53441,10.41114,7,222.0,24.7,11.4,8,3,121.5,-18.4,-118.4,17.0,17.6,0.213,16.8,0.155,,,,15,,
schwefelporling,5234545244,2025-07-24,52.81146,11.16443,7,26.0,52.8,30.8,11,1,187.4,36.1,-67.5,18.7,19.5,0.317,19.1,0.288,,,,15,,
schwefelporling,5234823439,2025-07-22,53.22,11.35,7,50.0,40.2,29.0,10,0,184.3,20.8,-64.0,18.4,19.3,0.183,18.7,0.114,,,,15,,
schwefelporling,5234479820,2025-07-20,53.45614,9.85279,7,69.0,39.7,17.9,9,2,217.6,8.2,-2.0,17.8,18.8,0.268,18.1,0.214,,,,15,,
schwefelporling,5238865413,2025-07-19,51.70804,10.79446,7,484.0,56.3,12.6,10,1,156.2,16.2,-75.3,15.8,16.3,0.318,15.7,0.24,,,,15,,
schwefelporling,5283234832,2025-07-30,51.66745,9.37454,7,103.0,27.8,10.1,8,3,132.7,-14.1,-119.6,18.6,18.8,0.182,18.6,0.151,,,,15,,
schwefelporling,5234965907,2025-07-24,53.10761,9.80684,7,93.0,40.4,30.9,10,1,190.3,25.9,-34.6,18.1,19.1,0.219,18.6,0.208,,,,15,,
schwefelporling,5234974755,2025-07-16,52.45233,9.76201,7,50.0,25.9,21.3,8,0,149.3,-13.1,-98.3,18.8,19.1,0.19,18.7,0.136,,,,15,,
schwefelporling,5283402198,2025-07-28,53.13466,10.80021,7,95.0,62.3,28.1,11,1,211.9,45.6,-26.4,18.5,18.1,0.257,17.7,0.215,,,,15,,
schwefelporling,5283402274,2025-07-29,52.11575,9.7716,7,93.0,54.7,9.3,10,2,148.5,17.0,-104.6,18.2,18.2,0.284,18.1,0.198,,,,15,,
schwefelporling,5283341262,2025-07-29,52.1858,9.60446,7,107.0,42.1,8.4,10,2,135.0,4.2,-112.2,18.0,18.1,0.288,17.9,0.222,,,,15,,
schwefelporling,5283463040,2025-07-31,51.73645,11.01161,7,254.0,33.7,3.6,8,4,121.3,-15.6,-134.8,17.9,17.0,0.266,17.1,0.224,,,,15,,
schwefelporling,5282709961,2025-08-03,52.18248,10.54043,8,96.0,31.8,18.4,9,1,175.9,4.5,-69.2,17.8,16.8,0.277,17.0,0.229,,,,15,,
schwefelporling,5282923873,2025-08-03,51.82202,10.78303,8,381.0,28.4,8.2,9,1,141.1,-10.2,-95.8,16.3,15.3,0.315,15.3,0.282,,,,15,,
schwefelporling,5282863306,2025-08-10,52.26779,11.56862,8,51.0,32.0,0.0,8,6,133.3,-23.1,-126.4,18.3,19.7,0.293,18.6,0.292,,,,15,,
schwefelporling,5283396782,2025-08-10,52.26773,11.56819,8,51.0,32.0,0.0,8,6,133.3,-23.1,-126.4,18.3,19.7,0.293,18.6,0.292,,,,15,,
schwefelporling,5282992609,2025-08-03,52.04581,10.20278,8,217.0,34.4,17.3,11,1,163.9,5.4,-84.7,17.6,16.3,0.302,16.5,0.254,,,,15,,
schwefelporling,5287854285,2025-08-17,52.29835,9.60052,8,123.0,14.8,0.7,3,13,156.3,-42.5,-83.6,19.5,21.1,0.159,20.4,0.206,,,,15,,
schwefelporling,5287907729,2025-08-21,51.50111,11.03639,8,325.0,3.0,0.0,1,99,95.5,-62.0,-152.8,19.9,18.3,0.155,18.5,0.189,,,,15,,
schwefelporling,5287967425,2025-08-19,52.30296,10.44511,8,74.0,2.8,0.3,1,99,133.5,-61.6,-115.7,20.7,23.2,0.096,22.3,0.171,,,,15,,
schwefelporling,5287919421,2025-08-14,52.35444,9.72806,8,58.0,27.1,0.0,5,10,144.5,-30.0,-100.8,19.4,22.2,0.11,20.3,0.202,,,,15,,
schwefelporling,5288003759,2025-08-15,53.39048,11.05463,8,37.0,18.4,0.1,5,11,183.8,-38.7,-44.4,18.9,20.8,0.146,19.5,0.225,,,,15,,
schwefelporling,5288040968,2025-08-15,51.8758,10.03645,8,128.0,34.8,0.0,5,10,155.7,-22.5,-88.0,18.8,20.5,0.159,19.2,0.232,,,,15,,
schwefelporling,5288619108,2025-08-14,52.29828,10.53682,8,70.0,31.2,0.0,6,10,136.1,-27.6,-113.9,19.7,24.0,0.098,21.5,0.152,,,,15,,
schwefelporling,5288217543,2025-08-19,52.57524,9.04316,8,32.0,1.9,1.0,1,99,130.5,-58.8,-98.8,19.9,21.0,0.148,20.5,0.189,,,,15,,
schwefelporling,5292049698,2025-08-12,52.37676,9.82625,8,59.0,24.9,0.0,6,8,142.6,-29.5,-110.9,18.3,20.8,0.125,19.3,0.179,,,,15,,
schwefelporling,5293035369,2025-08-09,52.28884,10.50212,8,73.0,36.2,0.0,7,7,149.7,-12.7,-101.3,17.7,18.9,0.187,17.8,0.182,,,,15,,
schwefelporling,5716602819,2025-08-26,52.25054,10.49373,8,90.0,0.8,1.9,1,99,118.4,-58.4,-119.0,19.3,17.5,0.102,18.2,0.164,,,,15,,
schwefelporling,5292354719,2025-08-07,51.56179,9.91043,8,158.0,33.8,12.2,10,2,122.4,-4.4,-128.8,17.0,16.8,0.211,16.6,0.167,,,,15,,
schwefelporling,5759719016,2025-08-25,52.36428,9.72354,8,53.0,1.2,0.8,0,99,154.8,-56.7,-77.0,19.3,17.8,0.105,18.6,0.211,,,,15,,
schwefelporling,5759399201,2025-08-29,52.28281,9.03214,8,48.0,2.1,2.8,1,99,122.7,-45.0,-101.7,17.7,18.1,0.131,17.7,0.177,,,,15,,
schwefelporling,5760348998,2025-08-24,52.35443,9.72806,8,58.0,0.9,1.0,0,99,139.6,-56.6,-91.1,19.4,17.8,0.117,18.3,0.203,,,,15,,
schwefelporling,5760674888,2025-08-28,51.67767,9.49975,8,239.0,2.9,11.4,3,0,118.9,-35.2,-105.9,17.0,15.0,0.203,15.0,0.176,,,,15,,
schwefelporling,5762230627,2025-08-31,52.22804,10.57995,8,107.0,2.5,11.2,3,2,125.3,-36.8,-98.1,17.1,18.6,0.162,17.9,0.157,,,,15,,
schwefelporling,5830435560,2025-08-25,52.44785,10.45533,8,57.0,0.4,1.2,0,99,148.3,-58.8,-80.8,19.0,17.3,0.129,18.0,0.174,,,,15,,
schwefelporling,5902630411,2025-08-19,51.56373,10.15456,8,161.0,10.8,0.7,2,12,110.2,-50.0,-134.9,19.6,19.9,0.171,19.7,0.183,,,,15,,
schwefelporling,5762206825,2025-09-07,52.27266,10.58131,9,75.0,11.7,8.6,3,2,120.8,-29.1,-94.2,18.1,18.9,0.16,18.6,0.153,,,,15,,
schwefelporling,5762220516,2025-09-02,52.19911,10.18121,9,80.0,10.7,0.8,2,4,146.3,-38.5,-73.3,17.5,18.9,0.157,18.7,0.148,,,,15,,
schwefelporling,5762127050,2025-09-02,51.93543,9.09663,9,149.0,10.0,4.6,3,6,105.8,-32.5,-99.7,16.6,18.1,0.149,17.8,0.169,,,,15,,
schwefelporling,5762280983,2025-09-01,52.61522,10.0952,9,41.0,4.9,4.6,5,99,128.7,-38.6,-86.2,17.4,18.9,0.067,18.4,0.117,,,,15,,
schwefelporling,5796890714,2025-09-10,52.36504,9.73679,9,53.0,9.9,2.5,5,13,124.0,-34.2,-85.6,19.0,18.9,0.113,19.1,0.192,,,,15,,
schwefelporling,5826180958,2025-09-10,52.35269,9.74504,9,53.0,9.9,2.5,5,13,124.0,-34.2,-85.6,19.0,18.9,0.113,19.1,0.192,,,,15,,
schwefelporling,5796905566,2025-09-11,53.11299,9.96322,9,83.0,22.2,2.2,5,6,177.2,-17.6,-14.3,17.3,16.3,0.109,16.4,0.091,,,,15,,
schwefelporling,5794835293,2025-09-02,52.44126,10.47014,9,52.0,9.5,0.2,3,4,144.9,-38.9,-69.2,17.6,18.5,0.18,18.3,0.152,,,,15,,
schwefelporling,5796911424,2025-09-10,52.36,9.83,9,71.0,8.9,0.7,6,99,117.6,-36.6,-92.5,18.9,18.9,0.107,18.9,0.175,,,,15,,
schwefelporling,5797003326,2025-09-11,51.87703,9.30161,9,257.0,8.9,4.3,5,0,118.2,-29.5,-81.2,17.4,16.6,0.167,16.7,0.144,,,,15,,
schwefelporling,5797001618,2025-09-11,52.36444,9.83991,9,83.0,7.7,3.4,6,99,106.8,-33.5,-102.5,18.5,18.3,0.113,18.5,0.182,,,,15,,
schwefelporling,5796965891,2025-09-06,53.34458,9.92231,9,71.0,10.8,5.1,7,1,154.4,-27.8,-40.7,17.2,18.0,0.094,17.8,0.131,,,,15,,
schwefelporling,5797022274,2025-09-08,52.39266,9.78188,9,73.0,7.0,1.4,5,99,128.3,-40.0,-82.7,18.6,19.2,0.125,18.7,0.179,,,,15,,
schwefelporling,5797165022,2025-09-05,53.21389,10.38778,9,38.0,20.2,6.5,6,0,173.3,-17.6,-28.5,17.1,18.2,0.134,17.8,0.108,,,,15,,
schwefelporling,5797118018,2025-09-14,51.53669,10.94687,9,312.0,12.0,20.5,5,2,127.1,-5.3,-68.7,15.1,13.2,0.322,13.6,0.289,,,,15,,
schwefelporling,5827451555,2025-09-04,53.11689,9.03591,9,7.0,4.9,4.7,3,3,165.6,-34.6,-33.4,17.2,18.2,0.336,17.6,0.31,,,,15,,
schwefelporling,5827485792,2025-09-08,52.27126,10.56664,9,81.0,12.1,8.1,3,3,119.3,-29.8,-95.4,18.3,18.6,0.164,18.3,0.155,,,,15,,
schwefelporling,5827614141,2025-09-04,52.27516,9.80878,9,57.0,6.6,2.8,4,7,117.9,-38.9,-95.3,17.8,18.8,0.149,18.3,0.182,,,,15,,
schwefelporling,5827776773,2025-09-14,51.84687,11.04115,9,195.0,15.5,4.2,4,9,82.5,-25.4,-139.9,17.0,15.6,0.227,15.9,0.184,,,,15,,
schwefelporling,5827853836,2025-09-14,52.38663,9.9772,9,59.0,7.5,6.8,5,3,102.6,-30.3,-102.4,17.4,16.0,0.185,16.4,0.222,,,,15,,
schwefelporling,5828182876,2025-09-14,52.30342,10.47173,9,70.0,10.3,9.9,5,3,113.9,-25.9,-94.4,17.7,16.1,0.183,16.8,0.147,,,,15,,
schwefelporling,5828420217,2025-09-14,52.22704,10.56114,9,101.0,10.6,13.7,5,3,117.4,-21.3,-88.4,17.2,15.7,0.202,16.2,0.164,,,,15,,
schwefelporling,5828221130,2025-09-14,52.39198,9.76305,9,71.0,6.5,6.2,5,3,106.8,-32.5,-98.7,17.9,16.7,0.133,17.4,0.198,,,,15,,
schwefelporling,4855451744,2024-05-04,52.34163,9.75433,5,57.0,15.9,0.6,5,10,134.4,-24.2,10.1,10.6,15.5,0.321,14.1,0.345,,,,15,,
schwefelporling,4863403810,2024-05-06,51.5386,9.93721,5,161.0,12.6,6.4,4,0,133.2,-21.4,9.6,10.7,14.1,0.318,13.3,0.319,,,,15,,
schwefelporling,4863471226,2024-05-11,53.101,11.45304,5,29.0,9.9,0.0,3,7,122.4,-46.8,-20.3,15.1,14.1,0.386,13.5,0.401,,,,15,,
schwefelporling,4863574305,2024-05-10,52.0929,9.38151,5,71.0,7.8,0.3,4,5,145.5,-38.2,16.5,13.5,13.1,0.27,12.5,0.283,,,,15,,
schwefelporling,4863574809,2024-05-10,52.3275,10.58386,5,95.0,4.1,0.2,2,99,107.9,-48.6,-34.8,14.4,14.0,0.281,13.5,0.297,,,,15,,
schwefelporling,4855061431,2024-05-03,52.27127,10.56721,5,81.0,23.8,0.8,4,9,114.4,-16.8,-12.9,10.0,15.7,0.3,13.9,0.323,,,,15,,
schwefelporling,4855369796,2024-05-05,52.11413,11.64244,5,56.0,9.2,1.9,4,10,86.7,-37.0,-51.5,11.6,17.1,0.334,15.5,0.369,,,,15,,
schwefelporling,4855382438,2024-05-01,51.87636,10.65123,5,361.0,34.8,1.4,9,11,130.8,1.4,16.9,6.8,11.6,0.316,9.9,0.336,,,,15,,
schwefelporling,4863734867,2024-05-12,52.14117,10.42947,5,101.0,3.7,0.0,1,99,120.3,-48.8,-27.4,14.8,14.5,0.227,13.8,0.256,,,,15,,
schwefelporling,4863788075,2024-05-08,52.29008,10.58768,5,79.0,10.2,1.1,4,14,114.5,-36.8,-22.6,12.9,14.4,0.263,14.0,0.288,,,,15,,
schwefelporling,4863768064,2024-05-11,51.73625,11.00841,5,246.0,8.5,0.3,3,4,110.8,-40.7,-30.9,13.7,13.2,0.217,12.5,0.257,,,,15,,
schwefelporling,4863845913,2024-05-09,53.43944,9.91263,5,83.0,13.9,0.0,3,4,118.6,-34.6,-9.1,13.2,13.7,0.397,13.3,0.406,,,,15,,
schwefelporling,4888540707,2024-05-09,53.42417,9.86695,5,83.0,13.9,0.0,3,4,118.6,-34.6,-9.1,13.2,13.7,0.397,13.3,0.406,,,,15,,
schwefelporling,4863914692,2024-05-14,51.87405,10.65085,5,394.0,8.0,0.3,2,7,132.4,-42.1,-9.6,13.5,14.4,0.214,13.2,0.241,,,,15,,
schwefelporling,4867649754,2024-05-19,51.52633,9.98561,5,365.0,9.6,14.5,7,0,142.7,-29.7,-10.1,13.9,15.5,0.266,14.6,0.253,,,,15,,
schwefelporling,4867695246,2024-05-18,52.30426,10.33504,5,72.0,3.5,2.0,2,99,113.5,-59.0,-57.8,15.9,18.4,0.212,17.1,0.238,,,,15,,
schwefelporling,4867922218,2024-05-20,51.5385,9.93731,5,161.0,12.6,10.5,7,1,143.7,-32.4,-14.5,14.9,16.1,0.28,15.3,0.252,,,,15,,
schwefelporling,4884420063,2024-05-20,51.53791,9.93474,5,161.0,12.6,10.5,7,1,143.7,-32.4,-14.5,14.9,16.1,0.28,15.3,0.252,,,,15,,
schwefelporling,4867964216,2024-05-12,52.3507,9.76612,5,67.0,4.7,0.0,1,7,134.1,-48.0,-8.6,14.8,14.7,0.265,13.9,0.29,,,,15,,
schwefelporling,4872287901,2024-05-26,51.91533,9.15259,5,146.0,37.9,20.9,7,1,175.8,0.6,9.0,16.3,15.7,0.348,15.0,0.29,,,,15,,
schwefelporling,4872462381,2024-05-22,52.27537,10.51312,5,73.0,2.0,30.5,3,0,136.4,-32.3,-40.8,16.6,17.3,0.25,16.7,0.208,,,,15,,
schwefelporling,4872646785,2024-05-25,52.2504,10.52641,5,78.0,10.9,30.3,5,0,125.8,-24.4,-59.5,17.3,17.3,0.3,16.5,0.232,,,,15,,
schwefelporling,4881693169,2024-05-09,53.24936,9.71585,5,58.0,16.9,0.1,5,4,136.1,-32.2,7.3,13.2,13.4,0.205,13.2,0.204,,,,15,,
schwefelporling,4881805209,2024-05-14,52.12979,9.9724,5,104.0,2.4,0.0,1,99,126.1,-54.1,-24.7,15.0,15.8,0.201,14.5,0.24,,,,15,,
schwefelporling,4881849029,2024-05-12,51.86944,10.55889,5,302.0,6.0,0.0,2,99,131.0,-42.8,-11.5,14.0,13.4,0.231,12.8,0.255,,,,15,,
schwefelporling,4881906074,2024-05-09,53.38678,9.61397,5,77.0,18.3,0.0,4,4,149.5,-30.1,21.7,13.1,13.3,0.335,13.0,0.336,,,,15,,
schwefelporling,4882276509,2024-05-18,51.54474,9.53079,5,278.0,8.3,6.9,5,2,179.3,-40.0,25.4,14.7,17.1,0.235,16.0,0.254,,,,15,,
schwefelporling,4882558148,2024-05-01,52.35695,9.77032,5,59.0,33.4,0.0,7,7,134.1,-2.7,15.8,8.8,12.4,0.354,10.9,0.368,,,,15,,
schwefelporling,4883938585,2024-05-01,52.35538,9.78036,5,59.0,33.4,0.0,7,7,134.1,-2.7,15.8,8.8,12.4,0.354,10.9,0.368,,,,15,,
schwefelporling,4882727676,2024-05-19,51.80637,10.23515,5,298.0,3.8,12.5,5,0,166.1,-40.3,10.7,14.8,17.2,0.18,16.2,0.209,,,,15,,
schwefelporling,4882766071,2024-05-12,52.30598,10.52586,5,78.0,3.5,0.0,2,99,122.7,-51.4,-24.5,15.3,14.7,0.232,14.0,0.272,,,,15,,
schwefelporling,4882812554,2024-05-07,52.25028,10.52722,5,78.0,9.7,2.6,3,12,116.5,-33.2,-18.1,12.5,15.4,0.272,14.7,0.3,,,,15,,
schwefelporling,4887629323,2024-05-07,52.25111,10.52667,5,78.0,9.7,2.6,3,12,116.5,-33.2,-18.1,12.5,15.4,0.272,14.7,0.3,,,,15,,
schwefelporling,4883496800,2024-05-12,53.47787,10.11125,5,16.0,7.0,0.0,1,7,116.5,-47.2,-20.5,14.7,14.1,0.401,13.4,0.415,,,,15,,
schwefelporling,4883588871,2024-05-08,52.25128,9.58628,5,121.0,11.4,3.7,4,3,139.4,-28.3,10.1,12.3,13.5,0.277,13.2,0.298,,,,15,,
schwefelporling,4883712504,2024-05-03,51.51721,9.00494,5,263.0,35.3,4.8,7,9,145.4,4.1,34.1,8.6,13.1,0.342,11.7,0.353,,,,15,,
schwefelporling,4884105203,2024-05-21,52.35538,9.7809,5,83.0,1.8,3.0,2,99,124.2,-60.7,-49.1,16.4,17.9,0.217,17.0,0.228,,,,15,,
schwefelporling,4884145033,2024-05-10,53.0377,9.78749,5,96.0,12.4,0.1,2,5,147.9,-38.5,16.7,13.8,13.7,0.2,13.2,0.2,,,,15,,
schwefelporling,4885137701,2024-05-18,53.45444,9.91883,5,73.0,4.8,0.2,1,13,115.5,-59.8,-46.5,15.5,18.7,0.293,16.9,0.351,,,,15,,
schwefelporling,4885166557,2024-05-11,52.37167,9.8185,5,58.0,4.9,0.0,1,6,134.2,-47.0,-5.4,14.5,14.3,0.278,13.6,0.298,,,,15,,
schwefelporling,4885312582,2024-05-15,52.09009,9.36203,5,67.0,5.3,0.0,2,10,142.1,-52.3,-6.8,15.3,16.6,0.219,15.0,0.255,,,,15,,
schwefelporling,4886876251,2024-05-08,52.04163,10.0028,5,122.0,14.6,2.9,4,13,132.6,-26.6,2.6,12.1,13.7,0.223,13.3,0.262,,,,15,,
schwefelporling,4887165811,2024-05-19,52.07252,10.00635,5,160.0,2.9,11.9,2,0,140.9,-44.2,-20.9,15.1,17.4,0.195,16.3,0.194,,,,15,,
schwefelporling,4887167890,2024-05-01,52.39341,9.70084,5,57.0,35.2,1.7,10,6,141.7,1.6,25.3,8.8,12.2,0.367,10.8,0.376,,,,15,,
schwefelporling,4887352745,2024-05-08,52.1357,9.95959,5,108.0,10.2,2.0,3,13,127.4,-32.6,-5.3,12.4,13.9,0.246,13.5,0.279,,,,15,,
schwefelporling,4887355137,2024-05-17,52.5186,10.0084,5,56.0,5.0,0.3,2,12,127.1,-59.6,-40.7,16.0,18.9,0.099,17.1,0.123,,,,15,,
schwefelporling,4887460774,2024-05-14,52.39951,10.59806,5,95.0,7.1,0.0,2,9,129.7,-53.2,-26.3,15.7,16.1,0.238,14.9,0.27,,,,15,,
schwefelporling,4888588822,2024-05-14,52.39945,10.59805,5,95.0,7.1,0.0,2,9,129.7,-53.2,-26.3,15.7,16.1,0.238,14.9,0.27,,,,15,,
schwefelporling,4887489032,2024-05-12,51.88222,10.54066,5,283.0,6.0,0.0,2,99,131.0,-42.5,-10.2,13.8,13.2,0.231,12.5,0.255,,,,15,,
schwefelporling,4887655389,2024-05-19,51.89829,9.17092,5,269.0,3.7,12.3,4,0,155.4,-41.4,1.7,15.2,16.9,0.235,16.0,0.247,,,,15,,
schwefelporling,4887748216,2024-05-20,52.33167,9.72485,5,78.0,1.9,7.0,2,1,149.7,-54.6,-17.7,15.7,17.6,0.233,16.7,0.245,,,,15,,
schwefelporling,4888210986,2024-05-17,52.18826,9.07802,5,59.0,4.7,1.6,3,99,161.4,-52.7,6.4,15.2,17.7,0.234,16.2,0.264,,,,15,,
schwefelporling,4888257497,2024-05-13,53.48414,10.2569,5,52.0,13.9,0.0,2,8,126.1,-42.1,-14.4,14.8,14.7,0.372,13.7,0.387,,,,15,,
schwefelporling,4888306132,2024-05-19,51.53784,9.93521,5,153.0,9.6,14.5,7,0,142.7,-30.9,-13.8,14.8,16.3,0.266,15.5,0.253,,,,15,,
schwefelporling,4888860414,2024-05-20,52.19528,10.75452,5,319.0,1.7,5.9,3,1,118.5,-54.4,-46.4,14.6,16.8,0.164,15.7,0.211,,,,15,,
schwefelporling,4889299352,2024-05-11,52.10355,9.09343,5,134.0,5.1,0.0,1,99,157.1,-43.7,28.1,14.0,13.2,0.305,12.5,0.314,,,,15,,
schwefelporling,4889129553,2024-05-08,51.71818,11.59311,5,149.0,9.2,11.7,4,1,105.8,-26.3,-38.5,13.0,14.2,0.269,14.0,0.27,,,,15,,
schwefelporling,4889339428,2024-05-20,53.23435,10.37927,5,34.0,0.3,14.8,2,1,153.6,-51.8,-15.1,15.8,19.1,0.074,17.6,0.104,,,,15,,
schwefelporling,4889392257,2024-05-09,52.37783,9.72593,5,66.0,13.6,0.2,5,4,144.1,-32.3,11.6,13.2,13.8,0.308,13.4,0.317,,,,15,,
schwefelporling,4890104934,2024-05-01,52.2868,9.02857,5,49.0,49.5,0.6,7,5,154.0,15.4,39.2,8.7,12.2,0.352,10.6,0.369,,,,15,,
schwefelporling,4890305419,2024-05-11,52.27126,10.56722,5,81.0,3.7,0.0,2,99,114.5,-50.0,-29.2,14.7,14.2,0.239,13.6,0.264,,,,15,,
schwefelporling,4890468444,2024-05-18,52.09417,11.43639,5,114.0,0.8,0.9,0,99,94.0,-60.7,-78.7,15.7,18.2,0.175,16.8,0.207,,,,15,,
schwefelporling,4890492492,2024-05-13,53.16632,9.96712,5,119.0,6.3,0.0,1,8,131.1,-50.1,-10.0,14.7,14.9,0.153,13.9,0.177,,,,15,,
schwefelporling,4890537741,2024-05-20,51.54492,9.50579,5,329.0,11.0,6.5,5,1,182.6,-39.4,25.0,15.0,16.3,0.249,15.7,0.245,,,,15,,
schwefelporling,4891529091,2024-05-06,51.71995,10.97347,5,289.0,8.9,4.1,6,12,109.6,-30.8,-19.5,11.0,14.5,0.24,13.5,0.288,,,,15,,
schwefelporling,4931924246,2024-05-29,51.52835,9.00404,5,261.0,67.5,28.5,11,0,214.3,48.2,51.4,14.9,15.0,0.381,14.6,0.364,,,,15,,
schwefelporling,4933436918,2024-05-25,52.1257,10.00769,5,147.0,11.3,23.5,5,1,126.1,-27.0,-51.9,16.7,16.6,0.316,15.9,0.233,,,,15,,
schwefelporling,4933725834,2024-05-30,53.23041,10.41385,5,19.0,48.3,30.8,9,0,191.1,20.7,2.5,17.2,17.1,0.218,16.8,0.159,,,,15,,
schwefelporling,4934333821,2024-05-31,52.2381,10.52936,5,84.0,46.9,24.9,10,0,143.2,20.0,-48.5,16.7,16.8,0.335,16.6,0.283,,,,15,,
schwefelporling,4934471916,2024-05-25,51.81201,10.35173,5,579.0,21.4,36.4,8,0,187.6,3.1,29.9,14.7,14.5,0.348,13.9,0.288,,,,15,,
schwefelporling,4954274831,2024-05-01,53.46891,10.04987,5,5.0,23.7,0.0,7,5,111.1,-13.4,-0.8,8.6,12.1,0.465,10.5,0.474,,,,15,,
schwefelporling,4957897083,2024-05-12,52.11999,11.64316,5,50.0,2.9,0.0,1,99,86.6,-53.0,-65.1,15.6,15.4,0.296,14.6,0.328,,,,15,,
schwefelporling,4989847848,2024-05-18,52.4196,11.97421,5,38.0,5.6,0.6,2,13,83.0,-59.1,-96.2,16.2,18.8,0.194,17.4,0.228,,,,15,,
schwefelporling,5012705609,2024-05-09,52.47416,10.34704,5,56.0,10.5,0.2,4,4,125.8,-39.2,-12.2,13.7,14.3,0.284,13.9,0.298,,,,15,,
schwefelporling,5020867936,2024-05-09,51.60709,9.39374,5,222.0,9.6,4.1,6,99,174.5,-30.6,49.1,12.5,12.6,0.307,12.2,0.31,,,,15,,
schwefelporling,5020917793,2024-05-05,51.78069,10.98753,5,231.0,11.1,4.8,5,10,108.8,-27.7,-21.9,10.2,14.9,0.25,13.6,0.291,,,,15,,
schwefelporling,5087013020,2024-05-21,53.1379,10.30515,5,99.0,0.0,10.3,3,2,132.8,-58.5,-40.6,16.2,18.6,0.092,17.4,0.11,,,,15,,
schwefelporling,5087039963,2024-05-19,52.19135,9.89514,5,105.0,2.2,6.0,3,99,135.5,-54.5,-33.7,15.6,18.0,0.189,16.9,0.222,,,,15,,
schwefelporling,6159153702,2024-05-02,52.38875,9.745,5,60.0,31.9,0.0,9,7,141.7,-6.6,22.0,9.6,14.0,0.357,12.2,0.371,,,,15,,
schwefelporling,6187991812,2024-05-03,52.10867,11.27289,5,166.0,27.7,1.5,6,9,93.9,-13.5,-36.0,9.9,15.5,0.284,13.7,0.306,,,,15,,
schwefelporling,6195864460,2024-05-20,52.09624,11.28632,5,137.0,0.3,5.0,2,0,97.3,-57.1,-76.4,15.6,17.6,0.211,16.6,0.213,,,,15,,
schwefelporling,6195909745,2024-05-14,52.16368,11.10679,5,184.0,3.8,0.0,2,99,99.4,-53.6,-54.0,15.1,15.5,0.2,14.3,0.242,,,,15,,
schwefelporling,4875080976,2024-06-01,52.33661,9.73818,6,53.0,34.5,19.2,9,3,142.5,2.5,-46.7,16.5,16.7,0.34,16.3,0.305,,,,15,,
schwefelporling,4875168902,2024-06-01,53.13913,9.78661,6,82.0,60.4,24.7,11,1,175.0,33.9,-17.7,16.6,16.5,0.266,16.2,0.246,,,,15,,
schwefelporling,4900952047,2024-06-14,51.68886,11.21271,6,368.0,35.6,4.2,6,9,159.9,-11.3,-33.8,13.7,13.4,0.227,13.5,0.254,,,,15,,
schwefelporling,4908379683,2024-06-07,52.13675,9.3543,6,161.0,40.7,2.8,9,8,129.9,-3.7,-52.8,15.0,14.6,0.326,14.5,0.323,,,,15,,
schwefelporling,4930540254,2024-06-08,52.32735,10.42019,6,71.0,53.9,3.3,9,3,134.5,7.6,-67.8,16.0,15.5,0.333,15.4,0.344,,,,15,,
schwefelporling,4930511284,2024-06-02,52.98761,9.53608,6,47.0,71.9,8.7,9,2,178.8,29.9,-13.9,16.5,16.3,0.394,16.0,0.384,,,,15,,
schwefelporling,4931124746,2024-06-19,52.20071,9.4672,6,126.0,16.8,11.4,8,1,123.2,-22.6,-74.3,13.8,15.7,0.306,15.0,0.265,,,,15,,
schwefelporling,4932806274,2024-06-10,52.32734,10.42021,6,71.0,46.7,5.6,8,0,139.0,4.1,-64.6,15.4,15.2,0.307,15.2,0.325,,,,15,,
schwefelporling,4933004849,2024-06-08,51.74099,10.34811,6,417.0,48.5,7.0,8,3,175.3,11.7,0.6,13.7,13.5,0.351,13.3,0.353,,,,15,,
schwefelporling,4932990063,2024-06-26,53.22701,10.42182,6,31.0,31.9,0.5,8,5,158.5,-22.7,-69.6,16.5,19.1,0.216,18.0,0.222,,,,15,,
schwefelporling,4933881722,2024-06-07,52.08261,9.95227,6,328.0,33.2,2.9,11,8,122.6,-8.4,-57.5,14.2,14.1,0.307,14.1,0.281,,,,15,,
schwefelporling,4933885966,2024-06-02,53.11002,10.44312,6,79.0,66.8,28.8,11,2,178.8,45.4,-15.5,16.5,16.4,0.259,16.2,0.23,,,,15,,
schwefelporling,4934308200,2024-06-03,51.88111,10.54148,6,285.0,72.8,26.7,11,1,170.3,55.4,-10.5,15.0,14.8,0.374,14.7,0.343,,,,15,,
schwefelporling,4934135713,2024-06-04,51.73675,9.03485,6,211.0,81.5,11.3,10,3,197.2,51.6,27.2,14.5,14.4,0.383,14.1,0.377,,,,15,,
schwefelporling,4934865862,2024-06-02,52.75692,9.30885,6,27.0,53.8,14.9,10,1,160.0,17.2,-30.6,16.6,16.7,0.366,16.3,0.351,,,,15,,
parasol,4875318975,2024-06-02,52.84371,9.34525,6,27.0,53.8,14.9,10,1,160.0,17.2,-30.6,16.6,16.7,0.366,16.3,0.351,,,,15,,
schwefelporling,5024917155,2024-06-08,52.28281,9.03214,6,48.0,34.7,2.9,8,7,135.2,-13.4,-57.4,15.6,15.1,0.328,15.0,0.323,,,,15,,
schwefelporling,4908474829,2024-07-13,53.13963,10.49054,7,23.0,38.6,8.7,8,1,189.3,-5.5,-37.8,17.4,19.8,0.207,19.1,0.207,,,,15,,
schwefelporling,4930631379,2024-07-28,51.50923,11.32672,7,197.0,19.2,30.2,6,1,150.8,-15.0,-88.5,20.1,19.4,0.304,19.3,0.231,,,,15,,
schwefelporling,4934741556,2024-07-13,52.06493,10.00099,7,186.0,32.5,21.4,8,1,175.5,0.8,-45.8,17.4,19.8,0.281,18.9,0.265,,,,15,,
schwefelporling,4935384030,2024-07-27,52.24924,9.58101,7,155.0,20.0,18.7,6,0,171.4,-20.6,-53.5,19.4,19.6,0.333,19.4,0.289,,,,15,,
schwefelporling,5025209398,2024-07-09,51.87649,11.40542,7,137.0,35.8,3.2,6,3,161.9,-24.4,-73.3,19.1,18.2,0.287,17.4,0.249,,,,15,,
schwefelporling,4921817643,2024-08-05,52.2717,10.59812,8,78.0,44.4,24.0,10,1,166.6,13.4,-69.1,19.3,20.4,0.349,20.2,0.338,,,,15,,
schwefelporling,4923678947,2024-08-11,52.05588,11.64679,8,102.0,28.5,1.0,3,9,114.9,-30.3,-135.8,20.4,21.1,0.303,20.5,0.287,,,,15,,
schwefelporling,4926024239,2024-08-18,52.99251,11.62426,8,18.0,11.6,6.6,5,1,141.3,-36.2,-96.4,20.6,21.9,0.401,21.4,0.411,,,,15,,
schwefelporling,4930409834,2024-08-10,53.36109,10.20065,8,7.0,19.1,3.9,6,6,155.6,-33.6,-73.4,19.3,20.0,0.198,19.7,0.18,,,,15,,
schwefelporling,4930413583,2024-08-10,52.1156,9.77163,8,93.0,49.0,8.0,7,3,175.3,1.0,-57.9,19.6,19.7,0.346,19.3,0.338,,,,15,,
schwefelporling,4931293473,2024-08-04,52.00272,9.65509,8,184.0,37.2,22.9,9,2,172.5,4.8,-59.2,19.3,20.3,0.355,19.9,0.35,,,,15,,
schwefelporling,4931767183,2024-08-19,52.8796,10.1846,8,74.0,11.6,15.6,6,2,167.1,-22.1,-61.0,19.8,20.2,0.163,20.5,0.136,,,,15,,
schwefelporling,4932047930,2024-08-04,52.02818,10.61016,8,107.0,63.2,30.1,8,0,172.8,36.6,-64.3,19.8,20.8,0.35,20.3,0.341,,,,15,,
schwefelporling,4932497553,2024-08-20,53.02663,11.14951,8,13.0,5.2,5.2,4,3,138.2,-43.4,-98.5,20.5,20.4,0.154,20.5,0.138,,,,15,,
schwefelporling,4932284726,2024-08-16,52.37689,9.82617,8,61.0,13.9,1.6,3,14,145.3,-40.5,-93.2,20.7,22.3,0.298,21.5,0.288,,,,15,,
schwefelporling,4932549812,2024-08-17,53.334,9.97363,8,45.0,13.1,22.0,8,1,164.0,-15.2,-61.6,19.7,20.6,0.19,20.3,0.184,,,,15,,
schwefelporling,4932693017,2024-08-15,53.16341,11.13888,8,14.0,21.1,2.3,6,8,168.4,-34.3,-70.7,20.2,21.1,0.359,20.3,0.374,,,,15,,
schwefelporling,4932807276,2024-08-10,52.40042,9.75885,8,52.0,30.3,6.9,5,3,167.6,-19.2,-68.2,19.8,20.1,0.317,19.8,0.302,,,,15,,
schwefelporling,4932995283,2024-08-21,53.26019,10.43024,8,27.0,18.5,8.6,8,0,149.2,-22.3,-78.8,19.6,19.0,0.175,19.3,0.143,,,,15,,
schwefelporling,4933999071,2024-08-07,52.40046,9.75886,8,52.0,32.2,4.7,5,0,171.5,-20.6,-64.4,19.6,20.5,0.331,20.1,0.311,,,,15,,
schwefelporling,4934132002,2024-08-08,52.93982,9.07487,8,11.0,24.7,5.8,7,1,221.1,-26.1,-4.3,19.2,19.8,0.319,19.4,0.31,,,,15,,
schwefelporling,4934297300,2024-08-09,52.27167,10.59813,8,78.0,61.9,3.4,8,5,169.8,10.6,-63.7,19.7,19.9,0.338,19.7,0.323,,,,15,,
schwefelporling,4935445976,2024-08-10,51.99034,9.82438,8,99.0,50.5,9.7,8,3,180.9,4.3,-53.3,19.9,20.0,0.346,19.7,0.335,,,,15,,
schwefelporling,4935489086,2024-08-07,53.38635,9.97963,8,22.0,18.7,5.8,6,3,170.7,-31.4,-52.7,18.7,19.7,0.324,19.3,0.314,,,,15,,
schwefelporling,4935807555,2024-08-25,52.38797,9.70121,8,54.0,12.1,2.9,5,7,159.2,-36.9,-71.2,20.2,19.6,0.33,19.3,0.325,,,,15,,
schwefelporling,4936794075,2024-08-31,52.15267,11.95047,8,67.0,8.4,29.9,4,1,113.8,-20.5,-136.3,20.8,21.5,0.212,21.3,0.224,,,,15,,
schwefelporling,4950132219,2024-08-23,52.38094,9.76927,8,61.0,17.1,3.6,4,2,151.0,-30.4,-83.8,20.3,18.8,0.349,18.8,0.329,,,,15,,
schwefelporling,4956103914,2024-08-28,52.1699,11.64032,8,47.0,10.8,2.2,4,11,162.0,-45.5,-79.7,20.8,21.1,0.357,20.7,0.363,,,,15,,
schwefelporling,4957538281,2024-08-31,53.10239,9.87928,8,104.0,27.7,2.8,5,6,150.2,-18.0,-69.1,18.5,19.2,0.167,19.0,0.171,,,,15,,
schwefelporling,5017538451,2024-08-21,52.27145,10.5981,8,79.0,30.7,4.0,6,4,167.2,-18.6,-69.1,20.3,19.8,0.327,19.9,0.31,,,,15,,
schwefelporling,5018507433,2024-08-16,53.09995,9.85056,8,91.0,15.0,24.2,8,0,182.6,-12.5,-44.8,19.7,20.9,0.173,20.4,0.165,,,,15,,
schwefelporling,5134913096,2024-08-04,52.44345,9.19875,8,109.0,51.1,11.4,8,0,188.7,5.3,-46.6,19.9,21.0,0.212,20.4,0.212,,,,15,,
schwefelporling,5759963169,2024-08-17,51.57168,11.84541,8,129.0,12.7,2.3,4,13,154.6,-47.7,-107.0,21.8,24.3,0.214,23.3,0.232,,,,15,,
schwefelporling,6411042849,2024-08-23,53.05019,11.46205,8,16.0,10.0,3.8,3,2,124.5,-39.2,-112.1,20.2,19.0,0.406,19.1,0.386,,,,15,,
schwefelporling,4946061677,2024-09-08,51.77094,11.86456,9,71.0,10.2,0.2,3,4,91.9,-54.6,-171.6,22.5,24.7,0.167,23.7,0.179,,,,15,,
schwefelporling,4946129640,2024-09-03,53.11693,9.03263,9,12.0,8.9,0.5,4,13,128.7,-44.1,-95.9,19.4,19.9,0.579,19.2,0.591,,,,15,,
schwefelporling,4952778434,2024-09-28,51.52105,10.18457,9,194.0,18.2,17.2,7,0,190.2,1.9,-5.5,14.6,14.5,0.372,15.1,0.347,,,,15,,
schwefelporling,4956247150,2024-09-09,51.67899,10.19284,9,264.0,36.6,31.2,5,0,206.4,11.9,-23.9,20.9,21.6,0.316,21.4,0.284,,,,15,,
schwefelporling,4956400768,2024-09-23,52.45725,9.2732,9,38.0,16.2,7.8,3,0,138.8,-9.7,-60.0,14.9,16.4,0.212,16.4,0.214,,,,15,,
schwefelporling,4957896752,2024-09-23,52.4571,9.27352,9,38.0,16.2,7.8,3,0,138.8,-9.7,-60.0,14.9,16.4,0.212,16.4,0.214,,,,15,,
schwefelporling,4956455288,2024-09-04,52.99,9.81,9,80.0,13.3,9.9,6,0,155.4,-29.7,-67.9,19.4,19.7,0.296,19.4,0.302,,,,15,,
schwefelporling,4956608715,2024-09-15,51.57493,9.46108,9,207.0,43.3,1.0,6,4,180.7,1.1,-29.8,17.0,12.9,0.359,14.2,0.338,,,,15,,
schwefelporling,4956656679,2024-09-13,52.3097,10.58677,9,81.0,49.0,7.8,6,2,181.6,7.0,-47.0,18.7,16.4,0.353,17.6,0.329,,,,15,,
schwefelporling,4956699137,2024-09-09,52.26608,10.39843,9,71.0,23.3,28.7,5,0,162.7,-5.1,-71.8,21.0,22.1,0.262,21.8,0.244,,,,15,,
schwefelporling,4956919808,2024-09-08,52.26663,10.58931,9,95.0,25.5,9.5,5,0,165.0,-23.6,-71.6,20.9,22.3,0.264,21.6,0.265,,,,15,,
schwefelporling,4956795730,2024-09-02,52.29975,10.55052,9,77.0,5.8,3.0,3,3,118.1,-49.0,-119.5,20.0,20.8,0.22,20.2,0.255,,,,15,,
schwefelporling,4957106916,2024-09-21,52.40719,10.48657,9,84.0,36.6,0.1,3,10,125.2,-2.3,-87.9,15.8,16.3,0.329,16.1,0.331,,,,15,,
schwefelporling,4957158165,2024-09-05,53.32811,11.48752,9,48.0,5.4,1.4,3,6,110.0,-53.4,-126.4,20.5,21.1,0.114,20.2,0.129,,,,15,,
schwefelporling,4957400013,2024-09-13,52.55699,9.29287,9,46.0,14.4,16.1,5,2,151.1,-17.0,-68.2,18.5,16.2,0.228,17.4,0.208,,,,15,,
schwefelporling,4957523138,2024-09-25,53.14837,9.90791,9,99.0,20.7,11.5,5,0,138.0,-0.0,-57.7,14.1,15.7,0.207,16.0,0.205,,,,15,,
schwefelporling,4957596008,2024-09-29,52.44781,10.45536,9,57.0,8.3,21.2,5,1,125.0,-3.5,-72.7,15.0,14.0,0.386,14.8,0.361,,,,15,,
schwefelporling,4957712031,2024-09-13,51.71072,9.48284,9,402.0,35.6,14.9,5,2,165.5,7.1,-40.9,17.0,14.0,0.371,15.4,0.341,,,,15,,
schwefelporling,4957718692,2024-09-11,51.9825,10.54611,9,132.0,36.1,33.8,8,0,197.7,14.5,-39.0,20.5,19.9,0.268,20.4,0.209,,,,15,,
schwefelporling,4957935604,2024-09-29,52.20715,9.19472,9,294.0,15.3,24.1,6,2,127.0,10.1,-50.3,13.6,12.6,0.393,13.4,0.377,,,,15,,
schwefelporling,5027453457,2024-09-01,53.32821,11.48344,9,45.0,4.4,4.2,4,2,117.2,-44.3,-115.4,19.2,20.1,0.131,19.8,0.143,,,,15,,
schwefelporling,5212522116,2024-09-14,51.64049,9.9569,9,185.0,49.6,12.4,8,2,190.6,15.4,-28.6,17.9,14.1,0.383,15.6,0.353,,,,15,,
schwefelporling,6188010494,2024-09-11,52.09893,11.21393,9,211.0,19.7,34.1,5,0,150.0,-1.5,-90.9,20.7,20.0,0.301,20.6,0.274,,,,15,,
schwefelporling,4952628046,2024-10-02,52.27573,9.81414,10,59.0,23.1,26.9,9,0,125.8,20.2,-58.1,14.3,12.4,0.388,13.4,0.372,,,,15,,
schwefelporling,4957178262,2024-10-01,51.57074,10.09822,10,220.0,29.3,26.0,9,0,199.5,23.4,11.8,14.3,12.6,0.386,13.4,0.367,,,,15,,
schwefelporling,4957307043,2024-10-09,52.97855,11.18558,10,14.0,52.8,14.9,8,0,129.7,45.4,-49.2,11.9,11.5,0.247,11.8,0.241,,,,15,,
schwefelporling,4976348970,2024-10-02,51.50732,9.98437,10,291.0,31.1,16.7,9,0,139.7,18.6,-42.7,13.6,11.8,0.399,12.7,0.394,,,,15,,
schwefelporling,4976555648,2024-10-26,51.68582,11.30628,10,326.0,10.4,0.0,3,13,153.1,-9.6,19.3,11.4,12.3,0.338,12.5,0.337,,,,15,,
parasol,4976341970,2024-10-26,51.68615,11.30799,10,326.0,10.4,0.0,3,13,153.1,-9.6,19.3,11.4,12.3,0.338,12.5,0.337,,,,15,,
schwefelporling,4986448417,2024-10-18,52.28928,10.50706,10,71.0,29.6,0.3,4,5,151.6,9.7,-2.8,10.9,10.5,0.37,10.8,0.37,,,,15,,
schwefelporling,5087059250,2024-10-13,52.33362,9.79312,10,68.0,38.9,9.7,7,3,135.9,28.3,-20.8,11.2,12.0,0.393,12.5,0.388,,,,15,,
schwefelporling,4980312036,2024-11-09,52.27182,10.59815,11,78.0,3.4,0.0,2,99,109.9,-6.0,22.7,8.6,6.7,0.341,7.9,0.346,,,,15,,
schwefelporling,4982102192,2024-11-16,51.8434,11.98241,11,52.0,1.4,1.6,1,99,106.8,-4.7,23.8,6.0,6.5,0.445,7.3,0.435,,,,15,,
schwefelporling,4993873629,2024-11-29,52.27556,9.8137,11,59.0,37.8,11.4,10,2,124.4,37.6,69.5,5.7,7.4,0.356,7.5,0.328,,,,15,,
schwefelporling,5020091602,2023-01-08,52.00539,9.84258,1,294.0,33.4,8.0,12,0,117.3,31.3,88.8,8.2,7.2,0.381,7.4,0.373,,,,15,,
schwefelporling,5020552233,2023-01-03,52.33135,9.55519,1,49.0,50.3,23.3,14,1,135.9,63.9,102.7,8.1,8.8,0.397,8.2,0.394,,,,15,,
schwefelporling,5020841676,2023-01-23,52.33666,10.73176,1,114.0,38.1,6.8,10,1,141.1,36.3,112.2,3.8,0.7,0.382,2.1,0.388,,,,15,,
schwefelporling,4157055256,2023-03-25,52.27276,10.57883,3,75.0,25.9,9.3,8,0,148.9,11.1,93.5,7.9,9.7,0.374,9.0,0.37,,,,15,,
schwefelporling,4126869396,2023-04-23,52.77467,9.5375,4,44.0,26.0,4.9,5,0,148.9,-5.7,51.7,9.6,11.3,0.229,10.4,0.239,,,,15,,
schwefelporling,5015883973,2023-03-19,52.13054,9.40112,3,225.0,62.4,4.2,11,5,142.3,50.2,98.4,4.3,6.5,0.38,6.0,0.389,,,,15,,
schwefelporling,4127155232,2023-05-28,52.14398,10.7259,5,96.0,3.5,0.0,2,99,69.2,-48.4,-88.4,13.0,13.6,0.236,13.3,0.246,,,,15,,
schwefelporling,4127128887,2023-05-29,53.44408,9.92299,5,90.0,12.5,0.0,3,6,93.3,-43.3,-75.4,13.4,14.7,0.383,14.0,0.357,,,,15,,
schwefelporling,4157044333,2023-05-21,53.16558,9.95192,5,140.0,6.2,59.7,3,0,169.4,11.9,18.5,13.2,13.4,0.116,12.7,0.153,,,,15,,
schwefelporling,4157191031,2023-05-09,52.45627,10.88479,5,57.0,18.0,1.9,4,4,126.5,-22.4,-1.1,10.0,12.1,0.303,11.3,0.296,,,,15,,
schwefelporling,4157840678,2023-05-22,53.16378,11.0281,5,24.0,1.8,0.1,0,99,82.7,-58.8,-78.5,14.6,14.7,0.316,13.4,0.354,,,,15,,
schwefelporling,4158454594,2023-05-24,52.40073,10.22945,5,94.0,16.3,4.3,4,13,91.0,-28.6,-64.3,13.7,14.6,0.287,13.8,0.29,,,,15,,
schwefelporling,4158649799,2023-05-18,52.48425,10.02522,5,62.0,28.0,0.6,4,7,103.4,-22.0,-43.1,12.9,13.7,0.164,13.3,0.184,,,,15,,
schwefelporling,4159777121,2023-05-14,52.3701,9.81415,5,59.0,16.7,7.9,4,3,109.6,-21.8,-28.2,12.3,14.3,0.326,13.4,0.303,,,,15,,
schwefelporling,4158901109,2023-05-19,51.54524,9.52996,5,276.0,28.9,0.6,4,8,145.1,-16.4,8.8,12.2,11.5,0.321,11.4,0.324,,,,15,,
schwefelporling,4160148575,2023-05-24,51.78574,10.97269,5,278.0,11.5,4.0,4,13,119.6,-29.2,-21.6,12.3,13.5,0.253,12.7,0.272,,,,15,,
schwefelporling,4160302889,2023-05-27,51.54379,9.53098,5,281.0,17.2,1.2,5,5,121.8,-30.8,-29.8,12.3,13.4,0.318,13.0,0.298,,,,15,,
schwefelporling,4160378198,2023-05-28,52.30273,9.73374,5,65.0,7.8,0.0,3,6,83.9,-44.2,-77.2,13.1,13.6,0.306,13.3,0.284,,,,15,,
schwefelporling,4160305960,2023-05-23,53.04218,11.43268,5,16.0,3.4,6.1,3,0,75.8,-50.5,-88.1,15.1,15.6,0.312,14.4,0.34,,,,15,,
schwefelporling,4171154458,2023-05-20,51.50688,10.1416,5,213.0,30.5,0.0,3,9,139.9,-14.2,1.7,11.9,11.0,0.325,10.9,0.33,,,,15,,
schwefelporling,5014833363,2023-05-18,51.86998,10.04317,5,137.0,19.4,1.0,4,7,135.0,-26.5,-1.5,12.3,12.2,0.303,12.0,0.309,,,,15,,
schwefelporling,5020002998,2023-05-27,53.04256,11.42158,5,25.0,6.2,0.8,1,4,67.0,-50.9,-104.5,14.5,15.7,0.337,15.0,0.331,,,,15,,
schwefelporling,5026668114,2023-05-20,52.43676,9.48961,5,40.0,14.3,0.1,3,9,96.6,-34.8,-51.1,13.0,12.5,0.285,12.3,0.3,,,,15,,
schwefelporling,4137997892,2023-06-15,52.26902,10.53211,6,76.0,7.8,0.0,1,8,62.0,-67.2,-155.9,18.1,20.3,0.199,19.2,0.205,,,,15,,
schwefelporling,4137889856,2023-06-07,52.22851,9.03427,6,181.0,0.4,0.0,0,99,80.8,-57.9,-101.0,13.8,16.2,0.215,15.0,0.249,,,,15,,
schwefelporling,4138411235,2023-06-19,52.33195,9.73235,6,79.0,3.3,7.9,2,3,57.2,-67.3,-170.1,19.9,20.6,0.177,19.4,0.187,,,,15,,
schwefelporling,4138559154,2023-06-16,52.2621,10.46378,6,88.0,7.8,2.0,2,9,57.8,-64.9,-162.9,18.4,20.0,0.194,19.1,0.2,,,,15,,
schwefelporling,4158259639,2023-06-01,52.14044,9.90361,6,201.0,7.6,0.0,3,10,69.1,-46.5,-99.2,13.4,15.6,0.206,14.5,0.217,,,,15,,
schwefelporling,4158824430,2023-06-01,52.69929,9.68629,6,32.0,4.6,0.0,3,99,82.7,-52.1,-98.3,14.1,15.8,0.132,14.8,0.153,,,,15,,
schwefelporling,4159702958,2023-06-17,52.27088,10.52844,6,80.0,7.7,2.0,2,10,57.8,-66.2,-164.9,18.7,19.6,0.198,18.8,0.197,,,,15,,
schwefelporling,4159775433,2023-06-11,52.06053,10.51699,6,156.0,0.2,0.3,0,99,54.0,-70.4,-144.7,17.0,19.9,0.169,18.0,0.19,,,,15,,
schwefelporling,4160010503,2023-06-10,52.1354,9.87679,6,117.0,0.0,1.6,1,99,69.8,-67.4,-122.7,16.1,19.8,0.157,17.8,0.176,,,,15,,
schwefelporling,4160394138,2023-06-08,51.71908,10.97363,6,312.0,0.4,7.9,2,0,88.1,-57.0,-93.6,14.6,15.8,0.142,14.5,0.209,,,,15,,
schwefelporling,4160072022,2023-06-08,52.2709,10.52836,6,80.0,0.2,7.5,1,1,80.0,-57.2,-111.7,15.4,17.5,0.209,16.1,0.224,,,,15,,
schwefelporling,4160395362,2023-06-16,53.48447,10.25647,6,37.0,0.4,4.6,1,0,43.4,-74.4,-187.2,18.2,20.5,0.282,19.5,0.299,,,,15,,
schwefelporling,4160623965,2023-06-08,52.27051,10.57692,6,76.0,0.0,4.1,1,1,76.4,-61.1,-116.4,15.3,17.4,0.204,16.0,0.223,,,,15,,
schwefelporling,4408035742,2023-07-01,53.4841,10.25688,7,52.0,41.9,19.8,9,0,84.1,1.3,-166.4,19.7,19.0,0.43,18.9,0.407,,,,15,,
schwefelporling,4160890858,2023-06-24,53.22806,9.86541,6,62.0,6.4,35.2,5,1,123.2,-32.2,-116.2,20.1,21.3,0.17,20.2,0.143,,,,15,,
schwefelporling,4409405028,2023-07-27,52.19427,9.18146,7,71.0,19.4,30.0,11,0,144.0,-6.4,-121.0,17.6,16.5,0.328,16.8,0.273,,,,15,,
schwefelporling,4409532848,2023-07-20,52.19437,9.18127,7,71.0,12.4,4.4,7,5,113.9,-55.1,-153.3,20.2,19.6,0.281,19.2,0.257,,,,15,,
schwefelporling,4409913091,2023-07-27,51.79498,10.47616,7,619.0,28.4,37.7,13,0,228.1,18.0,-4.8,14.5,13.8,0.35,13.9,0.302,,,,15,,
schwefelporling,4409913961,2023-07-30,52.44235,9.75244,7,61.0,30.9,24.7,10,1,177.0,3.5,-91.5,17.8,17.6,0.349,17.5,0.277,,,,15,,
schwefelporling,4410058613,2023-07-29,52.87322,9.94912,7,74.0,47.8,31.7,13,1,167.7,30.9,-95.3,17.4,16.9,0.249,16.9,0.192,,,,15,,
schwefelporling,4410113503,2023-07-29,52.38327,10.53009,7,81.0,38.8,20.3,9,0,179.2,5.2,-86.7,18.4,17.8,0.346,17.7,0.281,,,,15,,
schwefelporling,4400257276,2023-08-21,52.22944,10.51278,8,78.0,48.1,1.0,6,4,243.9,-1.3,15.6,19.8,21.7,0.363,21.0,0.349,,,,15,,
schwefelporling,4409438466,2023-08-28,52.85999,11.09307,8,54.0,44.8,11.2,5,3,184.8,7.0,-34.1,20.6,19.6,0.33,19.7,0.323,,,,15,,
schwefelporling,4405417649,2023-08-27,51.56917,10.83852,8,392.0,31.8,19.0,5,1,188.1,-0.9,-40.2,20.4,19.8,0.249,19.9,0.249,,,,15,,
schwefelporling,4409627949,2023-08-02,51.79496,10.47613,8,619.0,66.4,75.3,15,0,316.0,106.2,93.9,13.5,14.7,0.405,14.3,0.387,,,,15,,
schwefelporling,4409691812,2023-08-15,51.73645,11.01162,8,254.0,41.6,16.3,10,0,171.6,8.7,-67.1,17.4,19.1,0.284,18.1,0.289,,,,15,,
schwefelporling,4410456556,2023-08-09,52.37692,9.82621,8,61.0,80.3,9.5,11,3,248.3,44.7,-1.9,17.0,17.0,0.379,17.0,0.376,,,,15,,
schwefelporling,5024238581,2023-08-09,52.44262,9.76092,8,61.0,80.3,9.5,11,3,248.3,44.7,-1.9,17.0,17.0,0.379,17.0,0.376,,,,15,,
schwefelporling,4410464242,2023-08-16,52.47164,9.42553,8,50.0,61.8,0.8,7,4,248.4,15.9,22.4,18.1,20.3,0.355,19.4,0.36,,,,15,,
schwefelporling,4410545585,2023-08-10,52.47445,10.02326,8,59.0,94.6,5.3,12,2,271.3,54.8,22.5,17.0,16.7,0.257,16.8,0.254,,,,15,,
schwefelporling,4410684477,2023-08-28,52.25054,10.49377,8,90.0,40.6,5.7,5,3,177.8,-1.1,-43.9,20.6,19.6,0.311,19.8,0.309,,,,15,,
schwefelporling,4460771953,2023-08-29,53.46595,10.30812,8,55.0,38.9,3.5,5,5,223.6,-1.8,24.1,18.9,17.9,0.467,18.1,0.458,,,,15,,
schwefelporling,4461952524,2023-08-29,53.10391,10.84084,8,92.0,62.1,6.3,6,2,238.9,22.1,29.8,19.5,18.4,0.24,18.7,0.231,,,,15,,
schwefelporling,4854784289,2023-08-13,52.5958,10.13903,8,48.0,90.4,5.0,10,1,296.0,48.4,59.2,17.4,17.8,0.243,17.3,0.247,,,,15,,
schwefelporling,5016154095,2023-08-09,52.44493,9.74618,8,60.0,83.7,8.6,12,3,243.5,47.7,-7.7,16.9,17.0,0.385,17.0,0.378,,,,15,,
schwefelporling,4420810994,2023-09-28,52.2712,10.57797,9,75.0,11.6,0.0,3,6,177.4,-27.0,-5.9,16.9,15.8,0.329,16.0,0.335,,,,15,,
schwefelporling,4459832401,2023-09-02,52.43408,9.9103,9,68.0,9.7,17.1,6,2,217.2,-16.7,4.6,18.2,15.8,0.357,16.3,0.341,,,,15,,
schwefelporling,4459911184,2023-09-03,52.35804,9.48065,9,52.0,17.7,3.7,5,4,183.1,-21.8,-27.3,17.6,15.6,0.364,15.9,0.356,,,,15,,
schwefelporling,4460411883,2023-09-20,53.43364,11.18486,9,30.0,41.4,0.5,1,7,222.7,-2.7,47.8,18.8,17.6,0.184,17.3,0.189,,,,15,,
schwefelporling,4460504800,2023-09-29,51.52599,10.01213,9,364.0,4.5,0.9,2,8,150.1,-31.1,-25.7,15.6,14.8,0.308,14.8,0.31,,,,15,,
schwefelporling,4461440866,2023-09-02,51.56401,10.15589,9,161.0,24.9,14.4,9,1,209.0,-4.6,-4.8,18.2,15.6,0.362,16.2,0.347,,,,15,,
schwefelporling,4461459537,2023-09-05,51.73557,11.0186,9,296.0,18.5,0.9,6,4,139.1,-24.7,-80.5,17.2,16.2,0.31,16.1,0.283,,,,15,,
schwefelporling,4462062272,2023-09-18,52.13689,9.95135,9,76.0,22.8,4.5,3,1,201.7,-19.5,11.5,19.4,17.2,0.377,17.4,0.369,,,,15,,
schwefelporling,4462070026,2023-09-24,52.10332,10.32764,9,169.0,31.8,10.8,6,3,173.5,2.7,-13.6,17.8,17.1,0.329,17.5,0.334,,,,15,,
schwefelporling,4462543314,2023-09-24,52.10326,10.32725,9,169.0,31.8,10.8,6,3,173.5,2.7,-13.6,17.8,17.1,0.329,17.5,0.334,,,,15,,
schwefelporling,4462392687,2023-09-29,52.25205,10.51961,9,76.0,12.2,0.5,3,7,162.2,-25.3,-19.4,17.4,16.3,0.315,16.2,0.321,,,,15,,
schwefelporling,4462456763,2023-09-13,52.2506,10.49374,9,90.0,9.9,34.4,4,0,201.3,-2.1,1.5,18.8,20.3,0.283,20.0,0.29,,,,15,,
schwefelporling,5024355861,2023-09-22,51.72382,9.99726,9,211.0,24.8,6.6,4,1,198.3,-11.2,10.2,18.5,18.0,0.327,18.0,0.328,,,,15,,
schwefelporling,4420849703,2023-10-02,53.02921,9.39311,10,47.0,13.3,8.4,6,3,115.3,-11.6,-55.2,16.9,16.5,0.349,16.4,0.347,,,,15,,
schwefelporling,4460826351,2023-10-04,51.82742,9.87042,10,130.0,14.8,5.1,3,1,123.4,-12.9,-49.6,15.6,15.6,0.299,15.9,0.291,,,,15,,
schwefelporling,4461108366,2023-10-08,52.26976,10.53596,10,80.0,9.1,9.0,4,0,126.3,-12.7,-45.1,16.1,15.3,0.352,15.8,0.331,,,,15,,
schwefelporling,4461286724,2023-10-04,52.60135,10.96353,10,80.0,8.4,8.5,3,1,173.2,-15.6,-0.2,16.4,16.2,0.3,16.5,0.288,,,,15,,
schwefelporling,4461955408,2023-10-05,51.7739,9.41082,10,91.0,11.6,6.3,4,2,134.4,-13.2,-34.7,16.1,15.7,0.334,16.1,0.329,,,,15,,
schwefelporling,4462154838,2023-10-02,52.26285,10.5471,10,80.0,11.1,0.5,2,10,131.2,-23.2,-48.2,17.1,17.1,0.323,16.8,0.32,,,,15,,
schwefelporling,4462177618,2023-10-04,51.82368,11.70751,10,87.0,3.2,6.1,2,1,146.5,-26.9,-40.6,17.2,16.9,0.317,17.2,0.291,,,,15,,
schwefelporling,4462221953,2023-10-08,52.09743,10.12768,10,118.0,8.9,7.0,2,0,127.3,-16.2,-43.3,15.9,15.2,0.318,15.5,0.297,,,,15,,
schwefelporling,4462405540,2023-10-03,52.26625,10.54977,10,83.0,11.3,7.8,3,0,126.6,-15.9,-51.4,17.0,17.1,0.329,17.0,0.321,,,,15,,
schwefelporling,4462565860,2023-10-02,52.36231,9.64457,10,82.0,12.0,2.1,3,11,122.0,-21.4,-53.7,17.1,17.0,0.299,16.8,0.301,,,,15,,
schwefelporling,4881472448,2023-10-22,53.15613,9.81719,10,77.0,62.9,31.1,11,2,173.9,77.2,43.2,10.8,7.9,0.281,8.9,0.279,,,,15,,
schwefelporling,5186770415,2023-10-03,51.77486,9.40661,10,92.0,11.6,5.4,4,0,137.0,-16.7,-36.1,16.6,16.9,0.322,16.9,0.327,,,,15,,
schwefelporling,6343861604,2023-10-08,52.22259,10.59549,10,80.0,8.6,8.0,2,0,122.2,-14.2,-49.2,15.8,15.0,0.361,15.4,0.348,,,,15,,
schwefelporling,4453757317,2023-11-12,52.636,9.29081,11,61.0,27.7,25.6,11,1,193.5,38.5,99.8,9.7,8.2,0.408,9.3,0.408,,,,15,,
schwefelporling,4518984171,2023-11-04,51.71952,9.96875,11,114.0,40.1,4.9,10,3,141.2,30.2,22.0,10.8,10.6,0.394,11.2,0.395,,,,15,,
schwefelporling,4881306921,2023-11-02,53.28574,10.75601,11,12.0,55.2,10.0,11,2,174.5,54.0,61.2,10.0,10.2,0.498,10.6,0.499,,,,15,,
schwefelporling,4891096907,2023-11-04,52.25043,10.52657,11,78.0,37.0,3.6,11,4,165.7,24.6,45.7,11.1,10.9,0.394,11.4,0.4,,,,15,,
schwefelporling,5014166055,2023-11-03,52.53795,10.15137,11,46.0,49.7,6.4,11,2,179.8,41.7,62.5,11.0,11.3,0.287,11.6,0.294,,,,15,,
parasol,5020933193,2023-11-03,52.53001,10.23067,11,46.0,49.7,6.4,11,2,179.8,41.7,62.5,11.0,11.3,0.287,11.6,0.294,,,,15,,
schwefelporling,5015560054,2023-12-10,51.52306,10.872,12,236.0,33.9,14.8,11,0,213.6,45.1,169.9,-0.5,0.7,0.365,0.9,0.356,,,,15,,
schwefelporling,3859090890,2022-01-10,52.26601,10.39841,1,71.0,26.8,9.6,11,1,89.5,29.8,66.8,5.6,2.6,0.384,3.6,0.379,,,,15,,
schwefelporling,3892524467,2022-04-30,52.3651,9.73876,4,58.0,10.8,0.0,2,6,72.2,-32.3,-54.1,9.4,10.6,0.282,10.2,0.262,,,,15,,
schwefelporling,3772626330,2022-05-07,51.56873,9.91155,5,139.0,11.8,1.9,2,12,83.3,-30.4,-49.8,10.6,12.4,0.245,11.3,0.264,,,,15,,
schwefelporling,3772913154,2022-05-05,52.2849,10.51001,5,70.0,14.7,0.4,2,10,72.3,-27.2,-62.0,10.4,11.8,0.249,11.0,0.253,,,,15,,
schwefelporling,3773696222,2022-05-09,52.28388,10.51239,5,72.0,14.3,1.1,3,14,73.4,-31.8,-70.5,11.3,13.3,0.221,12.3,0.238,,,,15,,
schwefelporling,3784807660,2022-05-13,52.27132,10.56738,5,81.0,1.8,4.3,3,99,86.6,-46.9,-64.3,13.2,15.5,0.218,14.4,0.227,,,,15,,
schwefelporling,3784639495,2022-05-09,52.4279,9.74105,5,52.0,3.0,0.3,1,99,72.4,-43.3,-72.6,11.2,13.4,0.187,12.3,0.211,,,,15,,
schwefelporling,3784961996,2022-05-15,52.19053,9.89563,5,113.0,3.5,2.2,2,8,58.6,-51.5,-100.6,14.1,17.0,0.148,15.7,0.176,,,,15,,
schwefelporling,3785082632,2022-05-14,52.3715,9.81875,5,57.0,0.3,2.9,2,99,58.3,-50.7,-97.5,13.7,16.5,0.175,15.2,0.189,,,,15,,
schwefelporling,3785087734,2022-05-14,52.27128,10.56714,5,81.0,1.8,4.3,3,99,82.2,-47.7,-71.8,13.5,15.7,0.223,14.5,0.225,,,,15,,
schwefelporling,3802294909,2022-05-19,52.38274,9.76399,5,77.0,3.2,7.8,4,2,58.4,-52.0,-112.7,16.4,18.5,0.189,16.8,0.184,,,,15,,
schwefelporling,3802380770,2022-05-21,52.32927,10.71353,5,105.0,8.7,6.4,6,99,78.9,-47.8,-91.6,16.7,18.1,0.284,16.9,0.24,,,,15,,
schwefelporling,3802388592,2022-05-20,51.54124,9.98924,5,262.0,10.5,12.3,5,0,98.6,-36.9,-64.6,16.1,17.6,0.238,16.1,0.206,,,,15,,
schwefelporling,3802486456,2022-05-24,52.33204,9.74044,5,57.0,17.3,2.5,5,4,82.6,-43.2,-92.1,17.2,17.8,0.238,17.1,0.191,,,,15,,
schwefelporling,3802508357,2022-05-22,52.25196,10.51246,5,78.0,7.8,3.5,5,99,74.8,-51.2,-95.5,16.6,18.1,0.286,17.0,0.217,,,,15,,
schwefelporling,3802411945,2022-05-22,53.27341,9.86834,5,59.0,12.7,19.1,6,1,89.6,-25.2,-74.2,15.5,17.3,0.197,16.5,0.12,,,,15,,
schwefelporling,3802560720,2022-05-25,52.124,9.40518,5,199.0,19.3,2.5,7,5,84.2,-35.9,-82.4,16.1,15.7,0.26,15.3,0.232,,,,15,,
schwefelporling,3802748780,2022-05-25,52.27974,10.4735,5,92.0,11.3,2.2,6,99,77.0,-48.3,-98.7,16.8,16.7,0.27,16.2,0.218,,,,15,,
schwefelporling,3859073264,2022-05-25,52.28331,10.47488,5,92.0,11.3,2.2,6,99,77.0,-48.3,-98.7,16.8,16.7,0.27,16.2,0.218,,,,15,,
schwefelporling,3823239242,2022-05-15,52.935,9.23111,5,21.0,2.7,0.7,1,99,59.7,-48.4,-98.0,13.2,15.0,0.258,14.0,0.273,,,,15,,
schwefelporling,3823231850,2022-05-08,52.09731,10.04341,5,88.0,5.0,1.6,4,99,67.7,-37.5,-68.3,10.4,12.7,0.21,11.7,0.22,,,,15,,
schwefelporling,3823281329,2022-05-18,52.24343,9.62601,5,121.0,4.1,9.8,4,1,71.7,-44.8,-90.9,15.1,16.3,0.202,15.1,0.209,,,,15,,
schwefelporling,3823288151,2022-05-24,52.28186,10.76579,5,158.0,14.7,5.2,8,0,82.1,-42.0,-92.1,16.8,17.2,0.262,16.5,0.218,,,,15,,
schwefelporling,3823561448,2022-05-29,52.27139,10.56722,5,81.0,14.1,12.0,8,1,102.3,-33.4,-80.1,15.8,14.8,0.286,14.8,0.233,,,,15,,
schwefelporling,3823649048,2022-05-12,52.30791,9.47782,5,81.0,0.9,3.1,2,99,72.8,-47.3,-75.2,12.6,15.6,0.171,14.0,0.194,,,,15,,
schwefelporling,3823596277,2022-05-26,51.85937,10.27728,5,311.0,24.0,6.6,7,2,127.9,-23.8,-37.9,15.2,14.2,0.342,14.0,0.322,,,,15,,
schwefelporling,3823698576,2022-05-17,52.17672,10.52069,5,76.0,6.6,6.7,5,1,73.7,-45.5,-88.3,14.8,15.9,0.212,15.1,0.188,,,,15,,
schwefelporling,3824057931,2022-05-24,52.45075,9.88469,5,60.0,13.5,3.7,7,4,84.5,-47.3,-94.9,17.3,17.9,0.227,17.3,0.167,,,,15,,
schwefelporling,3824154213,2022-05-29,51.51823,9.5569,5,389.0,36.9,7.1,10,5,130.9,-10.1,-39.5,14.6,13.5,0.284,13.5,0.227,,,,15,,
schwefelporling,3824421603,2022-05-18,52.34223,9.4362,5,68.0,4.0,8.6,4,1,75.7,-47.6,-88.5,15.3,16.9,0.167,15.4,0.183,,,,15,,
schwefelporling,3824457083,2022-05-24,52.09728,10.04337,5,88.0,25.3,3.7,8,4,89.6,-32.0,-80.1,16.7,17.2,0.247,16.5,0.183,,,,15,,
schwefelporling,3825789945,2022-05-10,51.72916,10.93902,5,417.0,7.9,6.4,2,3,86.7,-32.5,-47.9,10.8,11.7,0.248,10.5,0.238,,,,15,,
schwefelporling,3825934296,2022-05-29,52.27222,10.545,5,81.0,10.1,12.4,8,1,87.5,-37.6,-95.5,16.1,15.1,0.287,15.1,0.223,,,,15,,
schwefelporling,3826308719,2022-05-07,52.49929,9.35262,5,49.0,9.5,3.0,3,0,73.7,-30.9,-61.2,10.8,13.2,0.193,12.0,0.23,,,,15,,
schwefelporling,3827101914,2022-05-22,53.0421,11.43225,5,17.0,13.7,6.2,5,1,54.9,-39.7,-112.1,16.3,17.9,0.384,16.9,0.328,,,,15,,
schwefelporling,3827341315,2022-05-28,51.86208,10.30746,5,427.0,34.4,19.7,9,0,187.4,2.9,32.1,13.8,12.9,0.346,12.7,0.312,,,,15,,
schwefelporling,3827421207,2022-05-26,51.50169,9.17933,5,236.0,27.1,4.6,4,2,119.4,-24.3,-49.9,15.9,15.3,0.282,14.9,0.211,,,,15,,
schwefelporling,3827408671,2022-05-06,51.53534,9.36086,5,132.0,18.3,0.0,2,6,93.3,-24.2,-40.9,10.3,11.7,0.238,10.8,0.243,,,,15,,
schwefelporling,3827512748,2022-05-22,51.83275,10.82304,5,344.0,14.9,14.1,5,2,114.0,-32.8,-52.2,16.1,17.5,0.251,16.3,0.208,,,,15,,
schwefelporling,3858439469,2022-05-28,51.53535,9.95946,5,220.0,21.8,4.0,6,8,106.3,-31.9,-67.3,15.8,15.1,0.279,14.8,0.231,,,,15,,
schwefelporling,3860274496,2022-05-29,51.73056,9.98194,5,168.0,21.3,10.8,8,0,109.1,-24.0,-66.6,15.8,14.5,0.289,14.5,0.248,,,,15,,
schwefelporling,3860436832,2022-05-30,51.69047,11.27113,5,310.0,28.2,13.1,9,1,91.8,-15.7,-94.1,15.3,13.8,0.278,14.0,0.251,,,,15,,
schwefelporling,3860467405,2022-05-28,52.26825,10.54758,5,93.0,10.0,11.4,7,0,86.4,-40.4,-95.4,16.4,15.8,0.278,15.5,0.221,,,,15,,
schwefelporling,3860467756,2022-05-30,52.28876,10.50092,5,73.0,10.9,12.7,9,2,88.6,-34.2,-95.0,15.8,14.4,0.294,14.5,0.227,,,,15,,
schwefelporling,3860778798,2022-05-20,51.53815,9.93594,5,153.0,10.5,12.3,5,0,98.6,-36.7,-64.1,16.1,17.6,0.238,16.1,0.206,,,,15,,
schwefelporling,3905914975,2022-05-01,52.23222,9.03472,5,173.0,12.9,0.0,3,6,75.2,-27.9,-53.4,9.3,9.9,0.328,9.5,0.321,,,,15,,
schwefelporling,3906618378,2022-05-20,52.22782,9.0362,5,195.0,5.0,10.1,4,0,90.7,-43.9,-72.8,15.9,17.4,0.234,15.9,0.245,,,,15,,
schwefelporling,3995376232,2022-05-30,53.17763,10.37794,5,40.0,34.4,11.5,11,1,98.1,-7.1,-77.8,15.1,13.4,0.197,13.6,0.116,,,,15,,
schwefelporling,3996684982,2022-05-28,52.2796,10.7583,5,149.0,16.0,10.3,9,0,90.0,-34.4,-91.6,16.0,15.4,0.26,15.1,0.222,,,,15,,
schwefelporling,4155857665,2022-05-18,51.72111,10.95995,5,292.0,13.6,8.4,4,2,92.4,-36.1,-66.1,15.1,15.6,0.187,14.5,0.217,,,,15,,
schwefelporling,4157731365,2022-05-29,52.3204,9.20632,5,82.0,20.3,16.9,8,0,112.9,-21.0,-65.2,15.8,14.4,0.328,14.5,0.264,,,,15,,
schwefelporling,4171988826,2022-05-15,53.44915,10.29534,5,7.0,1.9,2.6,3,99,57.5,-45.4,-92.5,12.5,14.5,0.327,13.5,0.334,,,,15,,
schwefelporling,4442592760,2022-05-31,51.99527,9.99168,5,227.0,16.4,7.3,7,2,104.1,-30.4,-71.0,14.6,13.2,0.274,13.3,0.216,,,,15,,
schwefelporling,4461927202,2022-05-21,51.77972,10.99404,5,206.0,10.8,13.0,5,1,92.3,-38.3,-73.7,16.2,17.8,0.22,16.4,0.192,,,,15,,
schwefelporling,4507810251,2022-05-25,51.94683,9.95741,5,274.0,23.2,4.2,8,1,91.5,-30.2,-75.9,16.0,15.8,0.26,15.3,0.214,,,,15,,
schwefelporling,5015170433,2022-05-10,51.78296,11.7055,5,61.0,3.5,0.0,1,6,41.6,-52.5,-113.8,13.0,15.0,0.226,13.8,0.175,,,,15,,
schwefelporling,5016472911,2022-05-28,51.99166,10.0464,5,253.0,24.7,5.9,7,1,101.4,-26.7,-69.8,15.5,14.9,0.264,14.6,0.21,,,,15,,
schwefelporling,3858406663,2022-06-05,51.73829,11.21804,6,185.0,16.0,3.5,6,7,72.3,-37.7,-131.3,14.3,14.7,0.285,13.8,0.241,,,,15,,
schwefelporling,3858476180,2022-06-03,51.62669,10.4684,6,292.0,36.3,2.7,9,5,145.6,-9.2,-32.3,12.3,11.5,0.346,11.3,0.327,,,,15,,
schwefelporling,3859414627,2022-06-06,51.81409,10.71617,6,355.0,22.4,3.3,8,8,129.4,-26.1,-53.3,12.6,14.5,0.272,13.3,0.23,,,,15,,
schwefelporling,3859647631,2022-06-05,52.02717,10.46883,6,110.0,16.4,0.9,5,8,77.4,-40.8,-125.3,14.4,15.1,0.262,14.2,0.208,,,,15,,
schwefelporling,3860467117,2022-06-02,52.1788,9.34914,6,243.0,24.5,9.2,9,1,102.5,-16.2,-75.2,13.5,11.8,0.314,12.1,0.264,,,,15,,
schwefelporling,3860676873,2022-06-08,51.84894,9.89287,6,297.0,13.8,4.9,5,3,61.1,-35.7,-131.8,13.4,15.8,0.289,14.7,0.257,,,,15,,
schwefelporling,3904310485,2022-06-17,52.16979,10.32039,6,86.0,8.4,0.1,3,8,49.4,-58.3,-179.0,17.5,17.9,0.226,17.2,0.219,,,,15,,
schwefelporling,3904426851,2022-06-07,51.97445,10.00083,6,299.0,16.4,5.1,6,2,74.2,-33.4,-120.9,13.8,16.0,0.274,14.8,0.232,,,,15,,
schwefelporling,3904519226,2022-06-22,51.54491,9.52589,6,314.0,8.2,20.7,5,2,96.4,-40.0,-134.2,17.7,19.7,0.198,18.6,0.193,,,,15,,
schwefelporling,3904612357,2022-06-05,52.26887,10.5476,6,91.0,20.2,0.7,6,4,69.0,-37.3,-132.7,14.5,15.4,0.272,14.4,0.239,,,,15,,
schwefelporling,3904647431,2022-06-16,53.15544,10.22061,6,43.0,11.1,1.4,4,10,70.4,-50.1,-139.6,16.1,17.7,0.11,16.7,0.111,,,,15,,
schwefelporling,3905034783,2022-06-01,52.08262,10.02738,6,150.0,18.0,7.5,9,0,92.0,-30.2,-91.9,14.6,13.2,0.259,13.3,0.196,,,,15,,
schwefelporling,3904689830,2022-06-15,52.07223,10.00589,6,185.0,11.2,9.0,5,2,75.5,-42.3,-140.8,16.2,17.8,0.215,16.8,0.188,,,,15,,
schwefelporling,3904764372,2022-06-15,52.07229,10.00449,6,185.0,11.2,9.0,5,2,75.5,-42.3,-140.8,16.2,17.8,0.215,16.8,0.188,,,,15,,
schwefelporling,3905300077,2022-06-02,53.47783,10.11131,6,16.0,35.3,10.4,10,1,110.4,-2.3,-65.3,13.9,11.9,0.47,12.1,0.435,,,,15,,
schwefelporling,3905753401,2022-06-04,52.12668,10.00405,6,163.0,21.7,8.6,8,3,87.4,-26.2,-110.0,13.9,14.4,0.258,13.7,0.198,,,,15,,
schwefelporling,3906158811,2022-06-22,51.69749,10.87826,6,469.0,6.0,18.6,5,2,94.9,-41.2,-122.3,16.3,18.0,0.244,17.0,0.231,,,,15,,
schwefelporling,3906645996,2022-06-04,51.7998,9.11329,6,211.0,26.6,2.4,8,4,99.3,-22.3,-84.5,12.9,12.7,0.339,12.1,0.316,,,,15,,
schwefelporling,3995421183,2022-06-08,53.18194,10.54156,6,46.0,31.3,7.0,10,2,86.4,-13.9,-112.6,14.0,16.9,0.174,15.7,0.18,,,,15,,
schwefelporling,3995575123,2022-06-06,51.50142,9.33025,6,292.0,17.8,12.9,7,1,110.3,-24.5,-86.7,14.0,15.6,0.262,14.4,0.214,,,,15,,
schwefelporling,4158803197,2022-06-19,51.91045,9.16226,6,197.0,14.4,1.7,6,14,60.6,-46.8,-153.4,17.2,18.6,0.221,17.3,0.237,,,,15,,
schwefelporling,5027853192,2022-06-10,53.2544,10.35637,6,46.0,26.9,1.8,7,4,70.6,-23.3,-129.0,14.1,17.5,0.125,16.4,0.136,,,,15,,
schwefelporling,3873227176,2022-07-13,52.27208,10.57883,7,80.0,24.5,2.1,4,6,96.0,-36.8,-167.4,18.6,18.2,0.261,17.6,0.198,,,,15,,
schwefelporling,3873920576,2022-07-10,51.7383,11.09635,7,201.0,4.6,13.9,2,3,80.8,-47.1,-185.2,19.3,18.2,0.227,18.5,0.182,,,,15,,
schwefelporling,3881650507,2022-07-30,52.27236,10.57845,7,75.0,11.4,2.5,5,9,83.0,-59.4,-196.4,20.6,20.5,0.264,20.1,0.199,,,,15,,
schwefelporling,3881491760,2022-07-27,52.38126,9.76891,7,61.0,10.2,6.2,3,1,78.5,-55.6,-193.1,20.7,21.3,0.241,21.1,0.169,,,,15,,
schwefelporling,3889180482,2022-07-27,52.18734,9.60696,7,95.0,6.9,4.7,4,1,75.7,-59.1,-189.0,20.3,20.6,0.26,20.5,0.178,,,,15,,
schwefelporling,3905672488,2022-07-31,51.55159,9.16111,7,188.0,12.4,9.2,5,1,84.6,-46.1,-180.7,20.3,19.3,0.27,19.1,0.209,,,,15,,
schwefelporling,3906051797,2022-07-16,52.3932,10.53431,7,79.0,20.6,5.8,3,0,91.0,-38.7,-174.8,18.2,19.2,0.208,18.6,0.177,,,,15,,
schwefelporling,3906084560,2022-07-28,51.58611,11.90736,7,137.0,4.9,4.4,4,99,50.9,-66.3,-234.5,21.4,21.9,0.23,21.8,0.241,,,,15,,
schwefelporling,3907059181,2022-07-25,52.2425,9.06639,7,142.0,22.4,9.5,5,0,116.0,-36.7,-134.7,20.2,22.1,0.247,21.3,0.197,,,,15,,
schwefelporling,3995050211,2022-07-17,52.00278,9.6552,7,184.0,15.3,0.7,3,10,77.3,-41.9,-171.6,17.2,18.8,0.235,18.1,0.221,,,,15,,
schwefelporling,3995634425,2022-07-17,52.00306,9.65424,7,184.0,15.3,0.7,3,10,77.3,-41.9,-171.6,17.2,18.8,0.235,18.1,0.221,,,,15,,
schwefelporling,3997035693,2022-07-27,52.33774,11.84878,7,48.0,11.5,4.3,4,4,59.6,-58.3,-226.5,21.3,21.7,0.354,21.6,0.334,,,,15,,
schwefelporling,3997166230,2022-07-22,53.16644,9.96714,7,119.0,9.0,9.4,5,1,120.6,-43.7,-123.9,18.3,21.7,0.106,20.2,0.099,,,,15,,
schwefelporling,3881629609,2022-08-02,52.27267,10.57981,8,75.0,8.5,4.9,5,12,82.7,-56.8,-197.6,20.9,20.2,0.278,19.7,0.212,,,,15,,
schwefelporling,3881709465,2022-08-02,52.27265,10.58122,8,75.0,8.5,4.9,5,12,82.7,-56.8,-197.6,20.9,20.2,0.278,19.7,0.212,,,,15,,
schwefelporling,3888830676,2022-08-06,52.06893,10.52826,8,170.0,13.3,2.1,5,7,83.1,-50.1,-198.8,20.6,21.9,0.255,21.5,0.193,,,,15,,
schwefelporling,3889280484,2022-08-08,52.38276,9.76851,8,78.0,32.4,6.3,4,3,98.3,-23.2,-177.6,20.0,21.2,0.272,20.8,0.227,,,,15,,
schwefelporling,3892382823,2022-08-12,53.25721,10.45125,8,49.0,10.0,0.0,4,12,80.6,-53.8,-188.8,20.1,21.4,0.083,20.2,0.066,,,,15,,
schwefelporling,3892412072,2022-08-10,52.39065,9.76071,8,70.0,36.5,0.0,4,5,92.0,-26.8,-183.9,19.9,20.5,0.227,20.5,0.179,,,,15,,
schwefelporling,3902264851,2022-08-25,52.37168,9.81862,8,58.0,1.6,0.1,0,99,83.8,-66.8,-187.2,22.6,22.9,0.186,22.3,0.194,,,,15,,
schwefelporling,3902981081,2022-08-25,52.37476,9.75741,8,58.0,1.6,0.1,0,99,83.8,-66.8,-187.2,22.6,22.9,0.186,22.3,0.194,,,,15,,
schwefelporling,3907310545,2022-08-25,52.37416,9.81526,8,58.0,1.6,0.1,0,99,83.8,-66.8,-187.2,22.6,22.9,0.186,22.3,0.194,,,,15,,
schwefelporling,3902263802,2022-08-21,52.32377,10.45933,8,65.0,1.2,3.1,2,99,66.5,-62.3,-211.0,22.1,22.8,0.178,22.6,0.175,,,,15,,
schwefelporling,3902399551,2022-08-20,52.60559,10.9323,8,69.0,1.0,7.4,3,0,53.0,-54.6,-224.3,21.5,23.0,0.246,22.6,0.187,,,,15,,
schwefelporling,3907459113,2022-08-20,52.60543,10.93421,8,69.0,1.0,7.4,3,0,53.0,-54.6,-224.3,21.5,23.0,0.246,22.6,0.187,,,,15,,
schwefelporling,3902814968,2022-08-22,51.71568,11.20048,8,322.0,4.5,6.4,4,3,77.5,-50.6,-189.7,20.8,19.7,0.178,19.6,0.197,,,,15,,
schwefelporling,3904342222,2022-08-01,51.71814,10.96997,8,299.0,19.1,22.8,6,2,106.7,-29.2,-165.0,20.8,18.7,0.23,18.7,0.189,,,,15,,
schwefelporling,3904486237,2022-08-02,51.56928,10.83946,8,396.0,18.1,11.0,3,3,87.9,-40.6,-181.3,20.4,19.7,0.268,19.2,0.216,,,,15,,
schwefelporling,3904669299,2022-08-19,52.22818,10.57776,8,108.0,2.0,2.1,2,99,67.8,-61.6,-209.4,21.3,23.4,0.174,22.6,0.184,,,,15,,
schwefelporling,3904716186,2022-08-01,53.1425,11.24855,8,19.0,1.5,3.3,1,0,46.4,-64.2,-231.1,21.1,19.9,0.359,19.6,0.3,,,,15,,
schwefelporling,3904857219,2022-08-14,52.36134,9.78767,8,80.0,9.1,0.0,2,9,93.7,-58.1,-186.7,21.2,22.7,0.21,21.7,0.218,,,,15,,
schwefelporling,3904729876,2022-08-21,52.60874,10.02887,8,60.0,2.0,0.7,1,99,77.3,-63.5,-192.6,22.0,22.9,0.085,22.7,0.093,,,,15,,
schwefelporling,3904787959,2022-08-21,52.60744,10.02543,8,60.0,2.0,0.7,1,99,77.3,-63.5,-192.6,22.0,22.9,0.085,22.7,0.093,,,,15,,
schwefelporling,3905635266,2022-08-21,52.61432,10.01416,8,60.0,2.0,0.7,1,99,77.3,-63.5,-192.6,22.0,22.9,0.085,22.7,0.093,,,,15,,
schwefelporling,3906174858,2022-08-21,52.61094,10.0213,8,60.0,2.0,0.7,1,99,77.3,-63.5,-192.6,22.0,22.9,0.085,22.7,0.093,,,,15,,
schwefelporling,3904972708,2022-08-12,52.25802,10.55953,8,85.0,6.6,0.0,3,99,79.1,-59.6,-200.9,20.8,21.2,0.214,20.5,0.194,,,,15,,
schwefelporling,3905057463,2022-08-07,52.27065,10.54616,8,86.0,8.2,1.9,5,99,85.0,-54.1,-191.4,20.3,21.5,0.252,21.1,0.201,,,,15,,
schwefelporling,3905065669,2022-08-03,51.73382,11.03245,8,427.0,40.2,1.7,6,4,105.2,-25.5,-163.2,19.6,18.8,0.252,18.2,0.197,,,,15,,
schwefelporling,3905091912,2022-08-13,52.05937,10.15672,8,200.0,30.3,0.2,3,8,95.0,-34.4,-181.0,20.0,20.5,0.22,19.8,0.224,,,,15,,
schwefelporling,3905269586,2022-08-21,52.33744,9.81133,8,73.0,0.3,1.3,0,99,87.2,-65.5,-185.9,21.7,22.7,0.198,22.3,0.205,,,,15,,
schwefelporling,3905278734,2022-08-19,52.2725,10.28472,8,76.0,3.0,1.9,1,99,98.7,-60.7,-172.6,21.6,24.0,0.172,23.1,0.201,,,,15,,
schwefelporling,3905311255,2022-08-23,51.78472,11.12978,8,134.0,4.4,1.5,3,99,62.8,-55.9,-210.8,21.3,20.9,0.205,20.8,0.181,,,,15,,
schwefelporling,5021051831,2022-08-23,51.7877,11.14254,8,134.0,4.4,1.5,3,99,62.8,-55.9,-210.8,21.3,20.9,0.205,20.8,0.181,,,,15,,
schwefelporling,3905396181,2022-08-15,51.54286,9.52604,8,323.0,9.8,2.8,3,10,90.9,-54.7,-180.5,20.5,21.9,0.21,21.1,0.225,,,,15,,
schwefelporling,3905508218,2022-08-11,51.56939,10.83997,8,396.0,13.3,0.0,2,12,78.6,-54.8,-198.4,19.9,20.1,0.191,19.7,0.212,,,,15,,
schwefelporling,3905527022,2022-08-23,53.2973,9.28038,8,26.0,12.3,2.0,3,7,96.3,-49.6,-144.5,21.6,20.8,0.158,20.4,0.119,,,,15,,
schwefelporling,3905638797,2022-08-28,52.22839,10.57779,8,119.0,3.0,2.1,2,99,45.7,-54.1,-222.7,21.7,22.1,0.16,21.7,0.19,,,,15,,
schwefelporling,3906669871,2022-08-28,52.23256,10.56922,8,119.0,3.0,2.1,2,99,45.7,-54.1,-222.7,21.7,22.1,0.16,21.7,0.19,,,,15,,
schwefelporling,3905718388,2022-08-07,53.06284,11.8207,8,33.0,6.9,2.4,3,13,42.0,-58.0,-243.6,20.5,22.2,0.223,21.7,0.175,,,,15,,
schwefelporling,3905814113,2022-08-07,52.1358,9.95965,8,108.0,30.8,7.4,5,2,96.6,-23.2,-179.5,19.7,20.5,0.29,20.2,0.268,,,,15,,
schwefelporling,3905892961,2022-08-09,52.53306,10.09861,8,63.0,19.5,0.0,3,4,80.0,-40.9,-193.4,19.6,20.4,0.179,20.3,0.16,,,,15,,
schwefelporling,3906351314,2022-08-07,52.26382,10.27674,8,97.0,23.4,2.9,5,8,108.1,-36.8,-163.5,20.2,21.4,0.273,20.9,0.226,,,,15,,
schwefelporling,3906148898,2022-08-02,53.21905,10.42288,8,17.0,17.2,7.2,6,2,86.4,-42.4,-182.6,20.1,19.9,0.128,19.3,0.075,,,,15,,
schwefelporling,3906417232,2022-08-27,52.1384,10.65747,8,216.0,2.6,7.2,2,1,49.6,-50.6,-216.7,21.5,22.2,0.158,21.7,0.165,,,,15,,
schwefelporling,3906476503,2022-08-16,52.24739,10.46392,8,98.0,1.9,0.1,1,99,75.8,-67.5,-205.2,21.8,23.8,0.172,22.7,0.18,,,,15,,
schwefelporling,3906715799,2022-08-21,51.72891,10.94042,8,409.0,5.2,10.2,4,2,98.7,-48.1,-167.2,20.2,20.1,0.157,19.8,0.184,,,,15,,
schwefelporling,3906700078,2022-08-24,52.35773,10.98112,8,101.0,8.2,0.0,3,5,49.8,-55.2,-219.7,22.0,21.2,0.233,21.0,0.211,,,,15,,
schwefelporling,3906798473,2022-08-24,52.36193,9.82493,8,70.0,1.6,0.0,0,99,84.6,-67.1,-186.6,22.4,22.6,0.191,22.0,0.198,,,,15,,
schwefelporling,3906881663,2022-08-24,52.36682,9.82996,8,70.0,1.6,0.0,0,99,84.6,-67.1,-186.6,22.4,22.6,0.191,22.0,0.198,,,,15,,
schwefelporling,3906804605,2022-08-28,52.26669,10.58921,8,92.0,2.8,2.7,2,99,51.4,-53.3,-216.0,21.8,22.1,0.203,21.8,0.211,,,,15,,
schwefelporling,3906825124,2022-08-31,52.4435,11.84887,8,41.0,16.8,0.5,5,4,52.1,-32.0,-208.2,20.6,20.1,0.421,20.4,0.384,,,,15,,
schwefelporling,3906879828,2022-08-30,52.58111,10.18472,8,48.0,5.3,5.6,2,3,67.7,-46.3,-191.8,21.3,21.5,0.128,21.7,0.095,,,,15,,
schwefelporling,3907064163,2022-08-20,51.75799,9.32098,8,350.0,0.5,2.0,1,99,78.8,-59.1,-168.7,19.8,20.7,0.255,20.2,0.228,,,,15,,
schwefelporling,3907167546,2022-08-02,53.2,11.33501,8,34.0,3.4,13.6,2,1,50.2,-51.4,-229.3,20.7,20.4,0.131,19.8,0.073,,,,15,,
schwefelporling,3907199614,2022-08-17,52.34666,10.72505,8,111.0,3.6,1.9,1,12,64.3,-63.6,-217.5,22.3,24.0,0.18,22.9,0.181,,,,15,,
schwefelporling,3907353323,2022-08-07,51.64169,9.44634,8,145.0,22.6,3.8,4,2,96.7,-34.1,-168.4,20.1,21.2,0.283,20.8,0.234,,,,15,,
schwefelporling,3907369700,2022-08-28,52.37845,9.75839,8,75.0,2.2,9.5,2,2,90.0,-52.1,-179.2,22.4,23.7,0.176,23.3,0.165,,,,15,,
schwefelporling,3907393292,2022-08-13,52.27172,10.57907,8,80.0,7.8,0.0,3,99,65.8,-59.3,-217.1,21.0,21.8,0.197,20.9,0.199,,,,15,,
schwefelporling,3907412477,2022-08-21,52.35433,9.72786,8,58.0,2.0,1.6,2,99,82.8,-63.4,-186.5,21.6,22.6,0.193,22.1,0.193,,,,15,,
schwefelporling,3907417771,2022-08-29,52.32024,9.48053,8,64.0,5.6,8.2,3,3,71.5,-46.5,-190.3,21.5,22.0,0.192,22.0,0.164,,,,15,,
schwefelporling,3907509805,2022-08-26,52.10831,10.10453,8,103.0,3.1,4.0,2,0,87.7,-59.2,-179.7,22.1,22.9,0.162,22.1,0.181,,,,15,,
schwefelporling,3907539298,2022-08-20,52.02891,9.3417,8,139.0,1.0,1.8,1,99,67.1,-61.9,-189.9,20.8,22.3,0.196,21.8,0.201,,,,15,,
schwefelporling,3907617142,2022-08-25,52.27052,9.40807,8,175.0,6.6,0.2,3,99,73.6,-60.9,-185.1,22.2,22.2,0.205,21.5,0.196,,,,15,,
schwefelporling,3915694508,2022-08-25,52.58149,10.1843,8,48.0,1.4,0.2,0,99,64.9,-67.0,-203.3,22.9,22.9,0.079,22.2,0.104,,,,15,,
schwefelporling,3995562133,2022-08-04,51.87383,10.55892,8,291.0,32.9,2.7,7,5,104.3,-26.4,-164.4,19.7,20.4,0.299,19.6,0.241,,,,15,,
schwefelporling,3996000964,2022-08-05,51.52434,10.3117,8,272.0,42.0,7.4,7,0,135.7,-15.0,-133.2,20.2,21.3,0.28,20.4,0.229,,,,15,,
schwefelporling,3996720041,2022-08-27,52.32977,10.58464,8,100.0,3.5,2.1,1,99,51.9,-54.3,-215.7,22.4,22.6,0.201,22.0,0.188,,,,15,,
schwefelporling,3996835101,2022-08-04,52.58075,10.1956,8,42.0,15.3,1.3,4,5,82.7,-48.2,-195.3,20.5,22.2,0.164,21.0,0.124,,,,15,,
schwefelporling,4956964205,2022-08-16,52.27174,10.57911,8,80.0,2.9,0.2,1,99,65.9,-67.0,-216.4,21.8,23.7,0.18,22.5,0.189,,,,15,,
schwefelporling,5015564098,2022-08-01,52.44493,9.74618,8,60.0,14.0,22.5,5,0,89.6,-31.1,-183.1,20.8,19.9,0.268,19.6,0.185,,,,15,,
schwefelporling,5023190003,2022-08-29,52.59447,10.28261,8,44.0,1.8,7.4,2,2,66.7,-49.4,-195.6,21.7,22.5,0.104,22.3,0.078,,,,15,,
schwefelporling,5026074792,2022-08-26,52.45262,9.35287,8,40.0,2.8,9.2,2,0,79.1,-50.9,-169.6,22.4,22.3,0.199,21.6,0.238,,,,15,,
schwefelporling,5204916969,2022-08-31,52.45306,9.35313,8,40.0,11.2,0.0,2,5,68.6,-43.2,-174.6,20.7,19.9,0.242,20.3,0.235,,,,15,,
schwefelporling,6169015006,2022-08-04,51.58277,11.06613,8,423.0,25.5,1.5,5,5,74.9,-39.9,-198.6,19.8,20.2,0.293,19.4,0.248,,,,15,,
schwefelporling,3902870161,2022-09-03,52.1429,9.36062,9,205.0,13.6,0.0,3,7,77.7,-41.6,-166.7,19.3,18.1,0.217,18.4,0.194,,,,15,,
schwefelporling,5027173428,2022-09-03,52.12361,9.37388,9,205.0,13.6,0.0,3,7,77.7,-41.6,-166.7,19.3,18.1,0.217,18.4,0.194,,,,15,,
schwefelporling,3903163042,2022-09-09,52.6939,9.48969,9,28.0,3.7,6.9,3,1,66.1,-41.5,-182.9,18.8,19.7,0.12,19.8,0.081,,,,15,,
schwefelporling,3912041855,2022-09-14,52.25709,9.55738,9,156.0,7.2,4.4,3,5,77.2,-33.0,-161.1,17.4,16.5,0.286,17.0,0.208,,,,15,,
schwefelporling,3912056290,2022-09-15,52.25224,10.45315,9,104.0,18.9,3.7,6,4,47.1,-21.5,-197.4,17.5,16.7,0.287,17.4,0.197,,,,15,,
schwefelporling,3915291855,2022-09-16,52.44931,10.66486,9,68.0,44.2,5.4,8,6,73.6,7.2,-169.0,17.0,16.2,0.254,17.0,0.176,,,,15,,
schwefelporling,3912109504,2022-09-04,53.0958,10.85092,9,102.0,5.9,0.0,2,8,49.2,-47.0,-200.4,18.9,18.0,0.134,18.3,0.13,,,,15,,
schwefelporling,3915462709,2022-09-02,53.22433,10.42234,9,27.0,10.2,1.0,3,6,61.0,-40.8,-189.1,19.3,18.0,0.128,18.7,0.076,,,,15,,
schwefelporling,3915712344,2022-09-26,52.28012,10.47088,9,99.0,25.8,2.5,7,7,62.8,-0.9,-147.2,12.7,12.5,0.288,13.1,0.253,,,,15,,
schwefelporling,3923459040,2022-09-30,53.25719,10.43683,9,28.0,28.5,16.1,8,2,110.9,21.5,-77.9,10.8,10.6,0.259,11.3,0.24,,,,15,,
schwefelporling,3923406695,2022-09-10,51.50787,11.23485,9,253.0,5.0,15.0,4,0,88.5,-28.2,-170.3,17.8,18.8,0.21,19.1,0.171,,,,15,,
schwefelporling,3966412219,2022-09-11,51.50167,11.93917,9,99.0,1.0,15.4,1,3,65.2,-31.2,-190.8,18.3,18.8,0.26,19.2,0.197,,,,15,,
schwefelporling,3995010648,2022-09-04,52.08903,9.77298,9,79.0,13.7,0.0,1,9,89.9,-44.4,-161.7,19.3,18.4,0.187,18.5,0.178,,,,15,,
schwefelporling,3995182258,2022-09-09,51.90419,9.02828,9,267.0,11.2,12.2,4,0,56.1,-24.9,-188.2,18.1,19.3,0.214,19.2,0.193,,,,15,,
schwefelporling,3995225077,2022-09-13,52.34736,11.48536,9,76.0,28.5,1.3,2,5,79.8,-14.7,-159.9,17.4,17.3,0.308,17.7,0.248,,,,15,,
schwefelporling,3995299115,2022-09-24,52.25464,10.52397,9,81.0,32.3,0.6,8,5,62.6,2.4,-151.7,13.2,12.2,0.299,12.8,0.247,,,,15,,
schwefelporling,3995303521,2022-09-03,52.18448,9.6091,9,110.0,17.8,0.0,2,8,73.8,-38.8,-178.4,19.5,18.3,0.215,18.6,0.185,,,,15,,
schwefelporling,3995420961,2022-09-12,52.09167,11.40583,9,109.0,17.4,2.4,3,4,63.4,-26.5,-180.8,17.6,17.8,0.283,18.3,0.213,,,,15,,
schwefelporling,3995466933,2022-09-11,52.55479,9.68654,9,63.0,2.9,10.6,3,2,69.8,-36.4,-182.9,18.0,18.1,0.195,18.6,0.136,,,,15,,
schwefelporling,3995487137,2022-09-09,51.57538,9.4607,9,209.0,6.2,13.6,5,0,65.6,-28.8,-180.1,18.3,19.8,0.2,19.6,0.19,,,,15,,
schwefelporling,3995577695,2022-09-22,53.27439,10.74672,9,30.0,72.8,1.2,9,4,104.7,44.8,-99.5,13.4,11.6,0.463,12.6,0.426,,,,15,,
schwefelporling,3996756930,2022-09-22,53.27483,10.74639,9,30.0,72.8,1.2,9,4,104.7,44.8,-99.5,13.4,11.6,0.463,12.6,0.426,,,,15,,
schwefelporling,3996080516,2022-09-11,52.51705,9.62968,9,59.0,4.6,8.6,4,3,70.0,-37.4,-185.5,18.2,18.3,0.299,18.9,0.229,,,,15,,
schwefelporling,3996092076,2022-09-05,51.59528,10.60194,9,304.0,14.0,0.4,2,9,65.0,-40.4,-188.5,18.6,18.3,0.171,18.2,0.172,,,,15,,
schwefelporling,3996097493,2022-09-13,53.19521,10.34995,9,57.0,29.6,12.3,6,0,75.8,-1.7,-160.4,16.7,16.0,0.228,16.5,0.167,,,,15,,
schwefelporling,3996097610,2022-09-14,53.22417,10.39562,9,37.0,34.8,8.2,6,1,89.8,0.0,-146.1,16.7,16.2,0.211,16.5,0.146,,,,15,,
schwefelporling,3996159937,2022-09-13,52.28587,10.7667,9,172.0,16.0,5.6,5,3,48.0,-23.7,-196.0,17.4,16.9,0.296,17.5,0.208,,,,15,,
schwefelporling,3996296950,2022-09-08,52.23944,10.52833,9,89.0,4.6,10.9,3,0,39.0,-36.2,-219.8,19.3,20.2,0.18,20.1,0.172,,,,15,,
schwefelporling,3996334015,2022-09-25,52.28881,9.2247,9,190.0,27.4,7.9,8,1,83.2,7.4,-123.3,12.4,11.5,0.34,12.1,0.299,,,,15,,
schwefelporling,3997266774,2022-09-25,52.28722,9.22525,9,190.0,27.4,7.9,8,1,83.2,7.4,-123.3,12.4,11.5,0.34,12.1,0.299,,,,15,,
schwefelporling,3996828310,2022-09-09,53.0924,10.86609,9,100.0,5.5,24.3,5,0,61.3,-15.5,-183.6,17.6,17.7,0.161,18.1,0.134,,,,15,,
parasol,3997402347,2022-09-09,53.09232,10.86602,9,100.0,5.5,24.3,5,0,61.3,-15.5,-183.6,17.6,17.7,0.161,18.1,0.134,,,,15,,
schwefelporling,3996963567,2022-09-08,52.18572,9.60876,9,109.0,16.5,6.1,4,13,69.1,-27.9,-180.9,18.9,19.7,0.194,19.6,0.18,,,,15,,
schwefelporling,3996976870,2022-09-08,52.18749,9.60671,9,109.0,16.5,6.1,4,13,69.1,-27.9,-180.9,18.9,19.7,0.194,19.6,0.18,,,,15,,
schwefelporling,3997007315,2022-09-02,51.88984,9.47858,9,199.0,14.5,0.1,3,6,95.4,-36.7,-141.6,18.7,17.3,0.228,17.8,0.23,,,,15,,
schwefelporling,3997051178,2022-09-25,52.23889,9.6094,9,200.0,21.0,2.4,7,7,84.5,-6.0,-122.6,12.7,11.8,0.311,12.3,0.255,,,,15,,
schwefelporling,3997103903,2022-09-29,52.02647,10.46961,9,115.0,29.9,16.5,8,1,75.5,19.1,-127.0,11.3,11.5,0.307,12.4,0.256,,,,15,,
schwefelporling,3997133405,2022-09-11,53.18675,10.42381,9,36.0,6.8,27.4,5,1,68.4,-10.9,-171.5,16.9,16.7,0.202,17.2,0.139,,,,15,,
schwefelporling,3997130792,2022-09-11,51.50219,9.54166,9,400.0,1.2,9.7,4,3,82.6,-34.6,-153.9,16.6,17.4,0.227,17.9,0.191,,,,15,,
schwefelporling,3997235551,2022-09-23,52.27027,10.51645,9,76.0,33.0,0.8,9,4,63.8,1.6,-155.6,13.5,11.9,0.309,12.7,0.242,,,,15,,
schwefelporling,3997333981,2022-09-24,52.06218,9.01797,9,254.0,30.5,1.3,9,4,71.7,4.7,-132.7,12.4,11.0,0.35,11.7,0.315,,,,15,,
schwefelporling,3997358676,2022-09-20,52.25491,10.52442,9,81.0,24.1,20.6,10,1,64.2,11.9,-161.5,15.0,12.9,0.301,14.2,0.223,,,,15,,
schwefelporling,3997379133,2022-09-04,53.3964,9.5293,9,49.0,2.1,0.0,0,99,87.9,-53.0,-145.7,18.9,17.6,0.255,17.8,0.245,,,,15,,
schwefelporling,3997426812,2022-09-22,53.05652,10.56364,9,83.0,41.7,5.1,10,3,72.2,17.8,-138.1,13.3,11.1,0.229,12.0,0.188,,,,15,,
schwefelporling,3997593052,2022-09-28,52.4798,9.46675,9,52.0,30.1,28.1,9,0,102.3,33.6,-106.2,11.8,11.7,0.368,12.6,0.334,,,,15,,
schwefelporling,4009767530,2022-09-14,52.28834,10.32617,9,88.0,12.5,6.5,5,3,63.1,-26.0,-180.8,17.8,17.1,0.288,17.7,0.208,,,,15,,
schwefelporling,3997642666,2022-09-25,53.23314,9.95278,9,118.0,34.9,9.7,8,1,127.8,18.0,-68.9,12.6,11.8,0.256,12.3,0.25,,,,15,,
schwefelporling,4056490307,2022-09-28,52.09278,9.90917,9,161.0,27.3,22.8,9,0,121.0,24.6,-79.1,11.1,11.4,0.314,12.3,0.269,,,,15,,
schwefelporling,4056733355,2022-09-30,52.47974,9.4649,9,49.0,33.6,23.0,8,2,86.7,31.7,-117.7,11.2,10.7,0.379,11.6,0.349,,,,15,,
schwefelporling,4158703247,2022-09-15,52.16738,9.19483,9,59.0,12.7,2.7,7,6,81.8,-28.2,-153.2,17.4,16.2,0.309,16.8,0.25,,,,15,,
schwefelporling,4159804968,2022-09-11,51.79947,11.73113,9,68.0,4.7,16.9,3,3,55.4,-27.5,-201.7,18.3,18.9,0.258,19.4,0.18,,,,15,,
schwefelporling,4461345430,2022-09-10,53.15392,9.82853,9,69.0,5.4,19.2,5,2,94.4,-21.4,-147.1,17.2,17.6,0.168,18.0,0.109,,,,15,,
schwefelporling,4506239763,2022-09-08,51.50062,10.16049,9,230.0,4.9,8.1,3,0,81.0,-36.1,-166.8,18.6,19.7,0.185,19.4,0.187,,,,15,,
schwefelporling,5017958195,2022-09-04,52.58172,10.18364,9,41.0,9.5,0.0,2,8,52.8,-50.0,-204.0,19.9,19.1,0.127,19.2,0.097,,,,15,,
schwefelporling,4525242925,2022-09-01,52.84528,10.26443,9,113.0,8.0,0.1,3,5,62.4,-47.2,-199.4,19.9,19.2,0.118,19.8,0.058,,,,15,,
schwefelporling,5024956876,2022-09-05,52.36641,10.32828,9,93.0,8.0,0.0,2,10,53.0,-50.6,-206.7,19.9,19.5,0.21,19.4,0.191,,,,15,,
schwefelporling,3923230521,2022-10-03,52.27598,10.57673,10,79.0,21.0,8.7,7,1,78.8,5.6,-109.6,10.9,10.4,0.363,11.0,0.333,,,,15,,
schwefelporling,3923354296,2022-10-01,52.2756,10.58022,10,79.0,33.1,9.4,7,0,74.8,17.6,-120.6,10.7,10.2,0.354,11.2,0.32,,,,15,,
schwefelporling,3947760089,2022-10-12,53.49574,10.28689,10,55.0,21.8,1.8,5,11,140.4,-0.6,-14.2,11.5,11.2,0.452,11.8,0.451,,,,15,,
schwefelporling,3961498422,2022-10-31,52.22569,10.51518,10,74.0,15.4,0.1,4,13,89.9,-5.0,-28.8,14.7,14.7,0.316,14.5,0.314,,,,15,,
schwefelporling,3996650298,2022-10-13,52.20052,10.54511,10,116.0,11.4,0.0,2,11,87.0,-14.7,-74.0,11.1,10.4,0.297,11.0,0.302,,,,15,,
schwefelporling,3997344960,2022-10-06,52.21497,10.50823,10,74.0,21.5,1.3,4,8,83.5,-3.0,-101.4,11.7,12.7,0.327,12.7,0.297,,,,15,,
schwefelporling,3997446910,2022-10-03,53.15854,9.90571,10,138.0,41.8,15.1,9,2,147.7,36.3,-28.8,10.7,10.4,0.281,10.8,0.277,,,,15,,
parasol,3995932200,2022-10-03,53.15912,9.90699,10,138.0,41.8,15.1,9,2,147.7,36.3,-28.8,10.7,10.4,0.281,10.8,0.277,,,,15,,
schwefelporling,4056438008,2022-10-06,52.16923,9.76369,10,69.0,26.6,0.9,5,5,78.6,1.3,-106.9,11.7,12.7,0.355,12.7,0.333,,,,15,,
schwefelporling,4056443740,2022-10-02,52.19592,9.99044,10,115.0,31.9,8.4,8,1,81.4,14.9,-116.4,11.0,10.5,0.342,11.3,0.266,,,,15,,
schwefelporling,4056477978,2022-10-02,52.18714,9.60617,10,98.0,27.9,5.8,7,1,85.3,10.0,-105.5,10.6,10.1,0.363,10.8,0.315,,,,15,,
schwefelporling,4056595476,2022-10-12,52.18719,9.60604,10,98.0,13.2,0.1,2,11,83.7,-12.2,-80.1,10.8,10.5,0.308,11.3,0.301,,,,15,,
schwefelporling,4056599212,2022-10-02,52.7159,9.82465,10,35.0,44.3,14.5,8,1,96.4,36.2,-95.3,10.8,10.2,0.278,10.7,0.261,,,,15,,
schwefelporling,4056768451,2022-10-09,52.3057,10.35525,10,82.0,30.3,1.4,5,8,86.5,6.2,-91.3,11.6,12.7,0.341,13.0,0.336,,,,15,,
schwefelporling,4056800518,2022-10-06,51.5745,9.42665,10,134.0,34.0,0.3,5,5,106.7,9.4,-72.2,11.2,12.3,0.355,12.4,0.337,,,,15,,
schwefelporling,4889246439,2022-10-24,52.13,9.12,10,178.0,9.5,6.4,4,3,115.5,-4.0,-9.4,12.5,12.0,0.355,12.4,0.334,,,,15,,
schwefelporling,5014567765,2022-10-13,52.0912,9.77093,10,74.0,5.3,0.1,1,12,83.9,-20.7,-78.4,11.2,10.5,0.315,11.0,0.317,,,,15,,
schwefelporling,5234343791,2022-10-03,51.74639,9.52698,10,398.0,26.0,10.0,8,1,102.0,14.0,-74.4,9.7,9.5,0.377,10.1,0.361,,,,15,,
schwefelporling,6411025539,2022-11-09,53.13942,9.88888,11,85.0,2.1,2.4,3,99,126.0,-12.2,40.0,12.4,10.2,0.213,10.6,0.212,,,,15,,
schwefelporling,5024649235,2022-11-27,52.28281,9.03214,11,48.0,35.3,7.2,7,2,93.8,34.8,18.0,5.2,5.2,0.369,5.6,0.357,,,,15,,
schwefelporling,3039256092,2021-01-31,52.03281,10.30891,1,132.0,24.3,23.9,9,1,117.9,40.1,90.9,1.7,0.9,0.384,1.8,0.375,,,,15,,
schwefelporling,3044844808,2021-01-20,51.92857,10.50395,1,176.0,27.1,13.0,8,1,93.4,33.0,64.4,0.8,1.1,0.373,1.4,0.37,,,,15,,
schwefelporling,3113396804,2021-05-13,52.4296,9.51694,5,47.0,23.2,30.0,11,1,110.6,14.0,-20.1,10.6,13.2,0.347,11.8,0.323,,,,15,,
schwefelporling,3314193412,2021-04-01,52.21073,9.90119,4,70.0,8.9,0.0,1,5,114.4,-21.2,41.0,7.4,9.6,0.307,8.8,0.323,,,,15,,
schwefelporling,3995437693,2021-05-30,52.38661,10.51637,5,76.0,28.9,13.2,10,2,137.7,-3.2,-13.8,11.9,11.9,0.373,11.6,0.352,,,,15,,
schwefelporling,3124695930,2021-05-25,52.26054,10.45855,5,92.0,39.9,13.3,11,0,134.5,12.6,-14.4,12.1,12.5,0.328,12.0,0.313,,,,15,,
schwefelporling,5022654525,2021-05-30,53.04256,11.42158,5,25.0,28.7,6.2,7,3,124.6,-10.9,-27.0,12.1,12.4,0.467,11.9,0.455,,,,15,,
schwefelporling,3302345053,2021-06-04,52.27403,10.58819,6,77.0,29.1,1.1,7,7,136.8,-24.1,-25.4,13.8,16.3,0.306,14.5,0.323,,,,15,,
schwefelporling,3307531548,2021-06-15,52.25055,10.4937,6,90.0,25.2,1.8,5,9,128.4,-31.0,-56.7,18.4,18.4,0.302,17.6,0.315,,,,15,,
schwefelporling,3302534178,2021-06-05,52.338,9.87245,6,90.0,32.1,15.7,8,0,155.1,-4.7,-9.2,14.3,17.8,0.3,16.0,0.311,,,,15,,
schwefelporling,3314215241,2021-06-22,51.73023,10.99162,6,287.0,6.6,24.6,4,1,133.3,-35.4,-70.1,19.7,22.3,0.258,20.7,0.254,,,,15,,
schwefelporling,3824044550,2021-06-12,51.72736,10.99639,6,354.0,42.8,8.1,7,0,167.5,-2.8,2.3,16.0,16.4,0.378,15.3,0.375,,,,15,,
schwefelporling,3904949152,2021-06-04,53.07226,9.80975,6,96.0,43.5,0.7,8,7,172.0,-6.8,15.8,13.5,16.4,0.213,14.5,0.232,,,,15,,
schwefelporling,3873637467,2021-06-13,53.27619,10.41594,6,12.0,17.5,1.3,3,7,145.6,-41.5,-30.5,17.8,19.2,0.121,18.0,0.133,,,,15,,
schwefelporling,3996611241,2021-06-01,52.87639,10.12222,6,62.0,45.4,0.0,11,4,163.9,-1.1,14.2,11.9,13.2,0.235,12.1,0.229,,,,15,,
schwefelporling,3997134370,2021-06-17,51.99896,10.29613,6,214.0,39.7,0.1,6,8,143.8,-17.5,-42.2,18.4,18.3,0.272,17.1,0.279,,,,15,,
schwefelporling,3997306415,2021-06-07,52.38794,9.70177,6,54.0,26.5,22.5,8,1,151.6,-2.1,-13.7,15.0,18.4,0.321,17.0,0.315,,,,15,,
schwefelporling,3997280294,2021-06-11,51.87345,10.55845,6,304.0,61.1,17.5,6,2,173.8,25.6,8.3,16.1,17.6,0.356,16.4,0.322,,,,15,,
schwefelporling,5016012625,2021-06-17,52.38479,9.69504,6,57.0,32.2,0.0,5,9,138.1,-27.9,-53.9,18.9,19.2,0.262,17.9,0.284,,,,15,,
schwefelporling,5017595420,2021-06-07,51.74382,9.9979,6,200.0,22.2,22.0,8,1,159.5,-6.5,-2.6,14.7,17.8,0.326,16.3,0.316,,,,15,,
schwefelporling,5141732259,2021-06-06,52.27092,10.57735,6,75.0,25.9,25.8,8,0,153.7,0.4,-9.4,14.6,18.1,0.313,16.4,0.318,,,,15,,
schwefelporling,3324331320,2021-07-13,51.72516,10.61413,7,553.0,56.4,11.5,12,2,259.3,29.6,69.9,15.7,15.9,0.403,15.2,0.408,,,,15,,
schwefelporling,3325585022,2021-07-04,51.87109,10.47224,7,335.0,57.6,10.0,7,3,216.1,18.6,13.9,17.6,17.0,0.332,16.9,0.262,,,,15,,
schwefelporling,3355799329,2021-08-30,53.17933,10.99546,8,23.0,48.3,25.3,12,1,154.7,43.5,-40.0,15.8,15.3,0.487,15.6,0.479,,,,15,,
schwefelporling,3859102776,2021-08-21,52.16705,11.68619,8,45.0,10.1,2.6,4,5,118.1,-39.5,-103.3,19.0,18.2,0.333,18.3,0.298,,,,15,,
schwefelporling,3995520259,2021-08-22,51.69087,9.51075,8,284.0,19.0,15.2,7,0,153.4,-7.6,-32.6,16.7,15.9,0.352,15.8,0.319,,,,15,,
schwefelporling,3915384362,2021-08-06,52.6537,10.02344,8,57.0,15.4,16.1,7,0,128.8,-22.3,-98.0,18.7,18.0,0.187,17.9,0.148,,,,15,,
schwefelporling,3997096311,2021-08-06,53.14835,9.90689,8,101.0,17.9,29.3,9,0,160.3,-3.1,-60.1,17.9,17.2,0.194,17.2,0.141,,,,15,,
schwefelporling,5018673122,2021-08-04,51.55728,9.96237,8,231.0,5.8,11.2,5,0,124.7,-34.9,-90.3,17.8,17.1,0.312,17.0,0.297,,,,15,,
schwefelporling,3355730513,2021-09-01,52.33002,10.4176,9,70.0,41.7,15.0,9,2,126.0,21.8,-70.8,16.3,15.5,0.365,15.6,0.303,,,,15,,
schwefelporling,5020479422,2021-08-23,53.40227,11.50215,8,38.0,33.3,11.2,7,1,145.6,3.2,-60.6,17.2,16.5,0.224,16.4,0.174,,,,15,,
parasol,5025131200,2021-08-23,53.36725,11.49207,8,38.0,33.3,11.2,7,1,145.6,3.2,-60.6,17.2,16.5,0.224,16.4,0.174,,,,15,,
schwefelporling,3384951964,2021-09-14,52.21417,10.50942,9,73.0,4.1,0.7,1,4,111.6,-35.6,-72.1,16.8,18.2,0.298,17.9,0.294,,,,15,,
schwefelporling,3385068648,2021-09-19,52.274,9.80924,9,60.0,13.5,2.0,3,4,132.2,-18.1,-41.2,16.5,16.0,0.332,16.3,0.31,,,,15,,
schwefelporling,3858220844,2021-09-26,52.2759,10.41306,9,71.0,10.7,2.5,3,11,114.1,-14.0,-47.6,15.5,15.1,0.299,15.0,0.292,,,,15,,
schwefelporling,3873013503,2021-09-07,51.65825,11.35052,9,210.0,64.9,0.0,7,8,150.7,29.7,-41.6,14.8,15.6,0.35,15.5,0.358,,,,15,,
schwefelporling,3995027401,2021-09-02,51.54192,9.53321,9,287.0,60.6,3.6,8,3,160.1,30.6,-17.4,15.3,14.9,0.4,14.8,0.394,,,,15,,
schwefelporling,3995236383,2021-09-04,52.2544,9.61855,9,86.0,59.7,0.0,7,6,153.1,23.7,-33.1,15.7,16.1,0.364,16.0,0.365,,,,15,,
schwefelporling,3995519974,2021-09-01,53.05817,11.42711,9,41.0,48.9,12.9,10,2,163.3,28.6,-35.8,16.1,15.8,0.494,15.8,0.488,,,,15,,
parasol,3995642680,2021-09-01,53.05781,11.42617,9,41.0,48.9,12.9,10,2,163.3,28.6,-35.8,16.1,15.8,0.494,15.8,0.488,,,,15,,
schwefelporling,3995822532,2021-09-12,51.68657,9.54128,9,286.0,14.4,5.7,4,2,132.1,-16.7,-40.5,16.0,17.3,0.333,16.9,0.332,,,,15,,
schwefelporling,5015872050,2021-09-18,52.2727,9.8096,9,61.0,6.9,8.6,3,3,132.2,-19.0,-42.4,16.6,16.3,0.331,16.7,0.308,,,,15,,
schwefelporling,5025782711,2021-09-05,52.73151,10.01885,9,55.0,50.5,0.0,6,7,153.4,14.7,-30.9,15.6,16.1,0.226,16.2,0.235,,,,15,,
schwefelporling,3773105468,2021-10-16,52.32115,10.43326,10,68.0,20.4,8.7,7,1,120.1,8.5,-2.7,11.2,9.5,0.35,10.2,0.322,,,,15,,
schwefelporling,5015700188,2021-10-16,52.31936,10.43922,10,68.0,20.4,8.7,7,1,120.1,8.5,-2.7,11.2,9.5,0.35,10.2,0.322,,,,15,,
schwefelporling,3995148164,2021-10-12,52.40755,10.5642,10,70.0,18.9,5.2,7,0,115.6,-0.6,-17.7,12.2,10.2,0.331,11.2,0.321,,,,15,,
schwefelporling,5015033631,2021-11-21,52.27304,10.58116,11,75.0,1.4,3.8,2,99,97.2,-3.2,25.7,6.9,7.5,0.363,7.9,0.362,,,,15,,
schwefelporling,3457199801,2021-12-28,52.32315,9.76511,12,57.0,24.7,4.5,5,4,82.1,24.9,53.9,2.7,-0.8,0.379,0.4,0.367,,,,15,,
schwefelporling,3824013375,2021-12-19,52.13692,9.92091,12,116.0,9.6,2.7,5,7,74.1,8.4,37.9,4.1,6.7,0.359,6.6,0.352,,,,15,,
schwefelporling,2984431369,2020-04-27,52.08924,10.44644,4,104.0,1.3,0.0,0,99,64.1,-52.9,-80.9,10.6,12.8,0.15,12.0,0.184,,,,15,,
schwefelporling,4516172319,2020-04-10,51.79632,11.67245,4,79.0,4.2,0.0,2,99,95.9,-33.0,-13.5,7.4,11.0,0.22,9.7,0.247,,,,15,,
schwefelporling,2619885975,2020-05-02,52.29617,10.54926,5,71.0,2.7,23.8,5,0,76.0,-27.0,-76.5,11.9,12.4,0.242,12.1,0.206,,,,15,,
schwefelporling,2619889632,2020-05-03,52.26956,9.68149,5,95.0,4.1,14.8,6,1,70.3,-31.7,-78.8,11.4,11.6,0.271,11.4,0.216,,,,15,,
schwefelporling,2626575784,2020-05-15,51.52176,9.99282,5,377.0,18.3,0.2,5,4,48.1,-19.7,-111.1,8.2,8.3,0.226,8.6,0.221,,,,15,,
schwefelporling,2620137129,2020-05-07,52.36868,9.82094,5,60.0,24.8,2.5,6,5,59.2,-18.4,-102.2,11.3,10.5,0.293,10.4,0.229,,,,15,,
schwefelporling,2626629771,2020-05-19,52.28339,10.46983,5,83.0,4.5,0.1,1,99,41.9,-43.1,-135.7,11.0,12.2,0.203,11.3,0.211,,,,15,,
schwefelporling,3079550828,2020-05-22,51.53542,9.95969,5,220.0,4.8,6.2,3,0,51.1,-34.1,-123.1,11.5,14.2,0.223,12.8,0.233,,,,15,,
schwefelporling,3399099160,2020-05-01,52.39347,9.70089,5,57.0,0.1,19.1,4,0,80.0,-36.4,-71.8,12.0,13.1,0.187,12.6,0.155,,,,15,,
schwefelporling,2626665956,2020-05-19,52.18581,9.60613,5,108.0,1.9,0.5,1,99,39.2,-45.1,-134.1,10.6,11.5,0.201,10.7,0.215,,,,15,,
schwefelporling,5016361710,2020-05-19,52.18818,9.60666,5,108.0,1.9,0.5,1,99,39.2,-45.1,-134.1,10.6,11.5,0.201,10.7,0.215,,,,15,,
schwefelporling,4600018396,2020-05-09,52.39139,9.70056,5,55.0,25.3,0.0,6,7,55.6,-21.1,-113.4,11.5,11.9,0.235,11.2,0.182,,,,15,,
schwefelporling,2641556386,2020-06-09,52.57223,10.67471,6,60.0,16.4,3.5,4,3,70.2,-39.5,-140.5,15.3,14.9,0.183,14.9,0.103,,,,15,,
schwefelporling,5027643233,2020-05-09,53.47497,10.11188,5,1.0,28.4,0.0,5,7,59.5,-15.1,-97.5,10.8,11.6,0.366,10.9,0.328,,,,15,,
schwefelporling,2984515396,2020-06-08,52.26545,10.53303,6,84.0,8.2,13.0,5,3,71.4,-35.3,-132.8,14.9,15.5,0.259,15.3,0.183,,,,15,,
schwefelporling,5014497027,2020-06-21,51.67367,11.0403,6,469.0,70.2,23.7,8,3,154.8,46.4,-32.6,15.8,16.2,0.386,15.4,0.391,,,,15,,
schwefelporling,5016094496,2020-06-11,52.21577,9.52683,6,321.0,23.2,6.4,5,3,67.9,-24.9,-127.0,13.5,13.2,0.278,12.7,0.204,,,,15,,
schwefelporling,5016321738,2020-06-07,52.47416,10.34704,6,56.0,5.3,18.2,5,1,69.9,-33.0,-133.6,14.9,16.2,0.253,15.8,0.206,,,,15,,
schwefelporling,5019898134,2020-06-13,52.063,9.60102,6,266.0,23.0,13.6,4,0,74.6,-17.8,-124.0,14.7,15.8,0.261,14.5,0.206,,,,15,,
schwefelporling,5024468715,2020-06-29,52.1396,9.34044,6,189.0,25.2,2.3,5,11,145.5,-30.2,-62.2,18.6,20.1,0.247,19.2,0.257,,,,15,,
schwefelporling,5025346031,2020-06-13,53.1235,11.30407,6,30.0,20.0,14.9,4,2,87.0,-21.0,-118.1,16.1,16.9,0.424,15.6,0.382,,,,15,,
schwefelporling,5027205246,2020-06-24,51.67549,10.95922,6,443.0,91.9,0.0,7,6,154.8,40.4,-33.2,16.6,16.0,0.341,15.3,0.365,,,,15,,
schwefelporling,4518955353,2020-07-27,51.75458,11.97739,7,83.0,15.0,5.6,4,1,107.0,-37.7,-131.8,19.1,20.1,0.226,19.5,0.223,,,,15,,
schwefelporling,2850759178,2020-08-17,52.27724,10.45515,8,91.0,2.8,19.0,4,0,107.3,-47.5,-136.2,23.4,24.1,0.25,23.5,0.18,,,,15,,
schwefelporling,3892448327,2020-08-19,52.16705,11.68614,8,45.0,6.6,28.3,4,1,97.0,-32.9,-157.3,23.9,23.1,0.365,22.8,0.312,,,,15,,
schwefelporling,5014731586,2020-08-22,52.58172,10.18364,8,41.0,30.8,0.6,5,4,107.5,-31.9,-129.1,24.0,22.5,0.148,22.1,0.107,,,,15,,
schwefelporling,2862642314,2020-09-09,52.27699,10.4583,9,93.0,39.7,5.0,10,4,116.8,7.6,-104.5,16.3,16.2,0.301,16.3,0.217,,,,15,,
schwefelporling,2868199384,2020-09-21,52.30825,10.58393,9,86.0,3.3,0.0,1,99,96.1,-40.5,-117.1,16.6,16.1,0.23,16.6,0.244,,,,15,,
schwefelporling,5015271812,2020-09-28,51.51697,9.921,9,147.0,2.9,23.0,5,2,90.6,-13.6,-101.5,15.4,14.0,0.247,14.9,0.227,,,,15,,
schwefelporling,2963784599,2020-09-18,51.74452,9.51863,9,339.0,12.3,0.1,2,13,115.2,-24.9,-74.9,15.7,16.6,0.253,16.4,0.277,,,,15,,
schwefelporling,5015527474,2020-09-02,53.05401,10.20252,9,81.0,30.0,0.6,6,7,118.7,-8.7,-94.7,17.5,16.4,0.173,16.7,0.118,,,,15,,
schwefelporling,5015836612,2020-09-12,52.15363,10.62281,9,103.0,21.9,2.1,6,7,107.2,-13.7,-112.5,15.9,16.1,0.249,16.1,0.204,,,,15,,
schwefelporling,5021326404,2020-09-17,51.51697,9.921,9,147.0,8.9,0.2,3,13,87.9,-30.2,-121.3,16.7,17.8,0.231,17.4,0.261,,,,15,,
schwefelporling,5028356012,2020-09-01,52.54708,10.15185,9,41.0,33.8,3.9,7,4,124.4,-4.9,-95.4,18.4,17.0,0.201,17.3,0.145,,,,15,,
schwefelporling,4935475539,2020-10-06,52.37809,9.77598,10,62.0,27.6,4.0,5,10,115.9,3.0,-56.5,13.9,13.8,0.328,14.2,0.315,,,,15,,
schwefelporling,5020116348,2020-10-03,52.26196,10.59786,10,99.0,27.8,5.1,4,0,110.0,-0.6,-79.0,14.3,13.5,0.334,13.7,0.323,,,,15,,
schwefelporling,2980833237,2020-11-05,52.21422,10.51128,11,71.0,36.4,8.5,7,3,127.9,28.6,20.3,11.9,11.5,0.374,11.9,0.364,,,,15,,
schwefelporling,5020909489,2020-12-03,52.37167,9.81834,12,58.0,4.9,4.9,5,2,92.2,2.8,39.5,4.7,3.4,0.346,4.8,0.335,,,,15,,
schwefelporling,5025233527,2020-12-03,52.35269,9.74504,12,53.0,5.1,5.1,5,2,86.0,3.2,33.0,4.7,3.4,0.344,4.7,0.333,,,,15,,
schwefelporling,5015575453,2019-06-14,51.51141,9.95464,6,183.0,27.4,23.1,8,2,150.7,-11.1,-41.8,18.1,17.1,0.337,16.3,0.295,,,,15,,
schwefelporling,3915485320,2019-06-10,51.53807,9.51261,6,318.0,14.9,13.4,8,3,122.7,-28.3,-60.9,16.7,17.6,0.304,16.8,0.285,,,,15,,
schwefelporling,5022963318,2019-07-19,52.37359,10.20709,7,69.0,33.8,2.1,5,6,122.8,-11.2,-123.3,16.6,17.6,0.29,17.2,0.24,,,,15,,
schwefelporling,2834202107,2019-08-23,51.75169,10.96573,8,363.0,41.8,0.0,7,5,93.5,-15.3,-161.2,18.2,18.6,0.251,18.2,0.178,,,,15,,
schwefelporling,2843134443,2019-08-28,51.75169,10.96573,8,363.0,16.8,9.5,6,1,102.9,-31.3,-143.9,19.5,22.4,0.179,21.0,0.166,,,,15,,
schwefelporling,5028385823,2019-08-20,52.32391,10.4429,8,70.0,18.1,5.7,6,2,74.5,-31.2,-182.0,19.3,18.4,0.238,18.4,0.185,,,,15,,
schwefelporling,2422967899,2019-09-04,52.38783,9.70101,9,54.0,2.9,2.3,2,99,86.4,-51.3,-149.2,20.9,19.7,0.215,20.2,0.196,,,,15,,
schwefelporling,2609079757,2019-09-20,51.87022,10.55999,9,297.0,11.6,2.7,4,4,72.8,-21.0,-142.2,13.1,12.4,0.247,13.3,0.173,,,,15,,
schwefelporling,2834662399,2019-09-02,51.58731,9.61201,9,200.0,3.0,1.0,1,99,115.5,-50.6,-101.9,20.0,20.7,0.212,20.7,0.208,,,,15,,
schwefelporling,2988305386,2019-09-24,52.25062,10.49377,9,90.0,12.5,0.8,4,8,65.5,-23.2,-140.9,14.3,14.1,0.227,14.2,0.189,,,,15,,
schwefelporling,2988589381,2019-09-09,52.03615,10.40899,9,177.0,5.3,2.2,5,99,74.7,-40.3,-156.1,19.0,15.9,0.224,16.7,0.189,,,,15,,
schwefelporling,5015824468,2019-09-14,52.44976,9.14762,9,75.0,7.0,5.6,5,7,61.9,-28.1,-165.4,16.1,15.7,0.245,16.0,0.215,,,,15,,
schwefelporling,5019124031,2019-09-05,52.53795,10.15137,9,46.0,2.9,2.4,3,99,80.0,-50.1,-150.4,21.0,18.7,0.132,19.4,0.137,,,,15,,
schwefelporling,2429344576,2019-10-02,51.81917,9.37278,10,189.0,22.6,45.7,8,0,137.9,41.7,-28.0,13.2,13.4,0.383,13.7,0.331,,,,15,,
schwefelporling,2429593929,2019-10-12,52.26911,10.51731,10,80.0,79.9,6.7,11,3,141.1,63.8,-14.8,11.9,11.5,0.381,11.5,0.37,,,,15,,
schwefelporling,2445150345,2019-10-03,51.73661,11.0145,10,245.0,24.5,23.0,10,0,124.2,19.0,-62.1,13.3,12.7,0.338,13.4,0.234,,,,15,,
schwefelporling,5016459441,2019-10-13,52.31936,10.43922,10,67.0,89.9,1.7,10,4,145.0,68.8,-9.8,12.2,12.7,0.367,12.3,0.357,,,,15,,
schwefelporling,2557731530,2019-12-31,52.26404,10.55983,12,95.0,19.1,0.1,5,7,111.0,10.6,80.0,5.0,2.4,0.373,3.4,0.382,,,,15,,
schwefelporling,4519015363,2019-10-01,51.50594,11.97166,10,127.0,25.4,11.9,9,0,103.4,4.4,-94.2,14.4,15.2,0.299,15.4,0.214,,,,15,,
schwefelporling,2465188932,2019-11-24,52.24945,10.52708,11,80.0,18.6,1.4,5,6,178.8,13.1,115.2,4.3,4.7,0.376,5.5,0.372,,,,15,,
schwefelporling,5023904829,2018-01-26,52.47416,10.34704,1,56.0,26.3,9.0,8,0,162.2,29.0,136.4,2.9,4.4,0.385,4.2,0.382,,,,15,,
schwefelporling,2984543336,2019-12-20,52.23113,10.51555,12,74.0,32.7,2.2,11,6,96.2,25.4,57.5,5.7,6.2,0.387,6.1,0.39,,,,15,,
schwefelporling,2984443340,2019-12-29,52.10691,10.37393,12,117.0,18.5,0.6,7,5,99.4,9.4,63.3,5.8,3.2,0.375,4.4,0.368,,,,15,,
schwefelporling,2840365450,2018-04-30,51.84704,9.51583,4,206.0,10.0,0.8,2,4,126.4,-35.8,10.8,13.6,11.7,0.327,11.2,0.326,,,,15,,
schwefelporling,1847508711,2018-05-13,52.27113,10.57769,5,75.0,1.0,12.4,1,3,99.7,-45.2,-58.6,14.7,16.8,0.249,15.6,0.242,,,,15,,
schwefelporling,5022814479,2018-05-14,52.29318,10.53163,5,68.0,6.7,0.6,2,4,86.4,-54.5,-78.7,15.3,17.3,0.191,16.0,0.226,,,,15,,
schwefelporling,5025206569,2018-05-20,52.11483,11.64534,5,45.0,20.8,2.0,3,4,83.4,-37.4,-92.8,16.3,15.6,0.336,15.4,0.309,,,,15,,
schwefelporling,5025234502,2018-06-29,52.65386,9.93794,6,41.0,17.6,0.0,4,7,49.3,-35.6,-208.2,17.5,18.4,0.152,17.2,0.093,,,,15,,
schwefelporling,1890090027,2018-07-30,52.27242,10.57826,7,75.0,2.5,6.4,3,1,48.3,-71.8,-224.1,23.5,26.4,0.166,24.7,0.161,,,,15,,
schwefelporling,1883502894,2018-07-11,52.27226,10.58141,7,90.0,0.1,10.7,2,1,55.1,-62.0,-204.3,18.5,18.4,0.192,18.5,0.178,,,,15,,
schwefelporling,5023451046,2018-07-11,53.28283,10.31889,7,17.0,0.0,22.0,2,0,53.9,-49.1,-214.7,17.9,18.3,0.091,18.3,0.085,,,,15,,
schwefelporling,4599711323,2018-08-04,52.38111,9.76944,8,61.0,5.7,2.9,4,99,61.5,-71.3,-213.1,25.1,26.2,0.187,24.8,0.186,,,,15,,
schwefelporling,5020240000,2018-08-25,51.54057,9.51691,8,329.0,10.6,2.7,3,11,48.0,-41.4,-229.2,19.0,20.5,0.196,20.5,0.174,,,,15,,
schwefelporling,5017023522,2018-08-06,52.58172,10.18364,8,41.0,5.2,0.1,2,8,57.3,-75.9,-228.4,25.5,26.1,0.08,25.4,0.073,,,,15,,
schwefelporling,5020976159,2018-08-08,52.58172,10.18364,8,41.0,5.2,0.3,2,10,57.2,-77.8,-229.8,25.9,26.1,0.08,25.0,0.071,,,,15,,
schwefelporling,3915461315,2018-09-02,52.23852,10.62674,9,108.0,6.6,3.0,3,6,43.5,-40.9,-229.7,18.2,17.6,0.241,17.9,0.174,,,,15,,
schwefelporling,5014707566,2018-09-08,52.44976,9.14762,9,75.0,14.7,3.9,4,2,79.2,-27.6,-173.1,17.2,19.3,0.22,19.2,0.186,,,,15,,
schwefelporling,5025417839,2018-09-09,52.58172,10.18364,9,41.0,10.5,2.4,3,10,41.7,-34.1,-221.7,17.7,19.3,0.118,19.4,0.047,,,,15,,
schwefelporling,1931500143,2018-10-14,52.25482,10.52387,10,81.0,8.5,0.0,3,12,59.8,-21.4,-117.0,13.3,15.4,0.212,14.7,0.202,,,,15,,
schwefelporling,5027310061,2018-10-10,52.61681,10.11309,10,37.0,7.2,2.5,4,8,61.3,-19.1,-110.5,11.9,12.3,0.161,12.6,0.133,,,,15,,
schwefelporling,3873662309,2017-06-03,51.96374,10.90112,6,212.0,16.6,4.7,4,0,116.8,-38.4,-49.0,17.0,18.9,0.194,17.9,0.217,,,,15,,
schwefelporling,4507620243,2017-08-12,52.36552,9.26952,8,53.0,13.8,28.5,7,0,225.5,-2.7,35.5,17.9,16.5,0.362,16.8,0.361,,,,15,,
schwefelporling,5026587715,2017-08-04,52.53795,10.15137,8,46.0,90.9,10.3,11,1,228.1,54.8,28.2,18.9,20.3,0.262,19.7,0.263,,,,15,,
schwefelporling,5014013138,2017-09-03,52.18816,9.60651,9,97.0,13.1,4.3,5,4,213.5,-24.6,35.7,16.4,17.1,0.318,17.2,0.316,,,,15,,
schwefelporling,5024259610,2017-10-15,52.27304,10.58116,10,75.0,47.7,1.3,10,5,145.5,29.1,26.4,12.4,13.5,0.385,13.2,0.392,,,,15,,
schwefelporling,5027517068,2017-10-17,52.11483,11.64534,10,45.0,25.6,0.0,5,7,110.0,2.9,-17.2,13.1,14.0,0.43,13.8,0.435,,,,15,,
schwefelporling,5024511155,2017-10-16,52.27304,10.58116,10,75.0,46.5,0.0,9,6,142.1,26.0,23.7,12.7,14.1,0.377,13.7,0.387,,,,15,,
schwefelporling,5026095894,2017-12-28,52.47416,10.34704,12,56.0,9.0,1.8,3,14,161.8,6.0,133.0,4.1,5.6,0.369,5.9,0.373,,,,15,,
schwefelporling,1946339736,2016-05-20,52.35151,9.75915,5,58.0,4.7,1.2,1,99,78.0,-56.5,-83.4,14.7,12.5,0.249,12.2,0.259,,,,15,,
schwefelporling,5019633873,2016-05-29,53.16695,10.39101,5,42.0,32.9,12.0,7,0,102.7,2.6,-68.4,14.4,15.4,0.231,14.9,0.195,,,,15,,
schwefelporling,5021664461,2016-05-27,52.00177,9.85435,5,222.0,12.4,10.3,4,3,88.7,-21.5,-76.0,12.9,14.9,0.295,14.0,0.258,,,,15,,
schwefelporling,5023916168,2016-05-28,52.00281,9.86017,5,200.0,21.8,0.7,4,4,87.2,-21.0,-80.3,13.1,14.9,0.306,14.1,0.263,,,,15,,
schwefelporling,1847579217,2016-08-06,52.35156,9.75536,8,61.0,27.0,5.7,9,9,116.7,-13.0,-101.1,19.5,18.3,0.303,18.3,0.241,,,,15,,
schwefelporling,5012634844,2016-06-10,53.30665,10.99156,6,30.0,36.8,0.4,5,9,99.6,-21.3,-96.6,18.8,19.2,0.323,18.5,0.35,,,,15,,
schwefelporling,1883935401,2016-08-30,51.50495,11.91896,8,119.0,5.8,3.2,3,10,74.0,-47.6,-154.4,20.2,22.5,0.177,21.6,0.211,,,,15,,
schwefelporling,2832809498,2016-09-10,51.84728,9.53005,9,244.0,18.2,0.0,3,6,72.9,-29.8,-125.5,19.4,18.8,0.28,18.5,0.242,,,,15,,
schwefelporling,5018501878,2016-09-01,51.98644,9.83247,9,109.0,11.4,0.1,3,11,62.1,-45.0,-151.4,20.5,21.5,0.219,21.1,0.221,,,,15,,
schwefelporling,5015452544,2016-09-01,53.01644,10.69656,9,47.0,15.0,0.1,5,5,87.0,-38.3,-124.1,20.1,20.8,0.162,20.6,0.152,,,,15,,
schwefelporling,5023448989,2016-09-02,51.98946,9.83745,9,109.0,11.5,0.0,3,12,60.3,-44.5,-152.9,20.7,20.8,0.217,20.6,0.219,,,,15,,
schwefelporling,5017592917,2016-10-04,52.0861,9.78089,10,81.0,1.4,17.8,4,2,58.7,-11.1,-122.4,15.5,15.2,0.265,16.0,0.207,,,,15,,
schwefelporling,5025902612,2016-10-02,52.53795,10.15137,10,46.0,0.6,7.9,2,1,41.6,-23.0,-146.1,16.0,16.4,0.13,16.9,0.105,,,,15,,
schwefelporling,5013051633,2015-05-31,51.55808,10.71218,5,279.0,3.5,4.2,2,1,65.5,-37.8,-99.1,11.7,11.9,0.283,11.5,0.276,,,,15,,
schwefelporling,5015482122,2015-05-29,53.42347,10.12375,5,0.0,13.0,7.9,6,1,105.3,-20.6,-50.6,11.3,12.2,0.424,11.8,0.42,,,,15,,
schwefelporling,5027945394,2015-05-31,52.27304,10.58116,5,75.0,1.6,5.7,1,1,58.6,-42.1,-111.9,12.3,12.8,0.248,12.2,0.263,,,,15,,
schwefelporling,5024417937,2015-05-24,51.94667,10.51091,5,174.0,4.6,0.5,2,99,100.4,-41.3,-52.0,12.0,12.4,0.259,11.7,0.271,,,,15,,
schwefelporling,5024603232,2015-06-13,53.0012,11.60259,6,18.0,7.2,7.7,3,0,69.5,-49.7,-130.8,16.5,17.4,0.333,16.2,0.363,,,,15,,
schwefelporling,5024701333,2015-06-26,52.51507,10.14854,6,55.0,24.4,7.7,8,3,75.0,-16.3,-126.0,15.2,15.0,0.207,14.5,0.153,,,,15,,
schwefelporling,5028050970,2015-06-02,51.53651,10.81673,6,303.0,4.5,5.9,3,3,52.8,-34.6,-115.0,11.8,12.4,0.255,11.5,0.246,,,,15,,
schwefelporling,5012438325,2015-07-27,52.19162,9.08322,7,58.0,30.3,26.0,9,0,147.0,6.0,-80.3,19.0,18.9,0.35,18.8,0.331,,,,15,,
schwefelporling,5013887173,2015-09-27,53.27579,10.80379,9,14.0,36.4,0.8,7,5,141.9,13.0,-25.0,14.1,13.2,0.47,13.6,0.468,,,,15,,
schwefelporling,5016162675,2015-09-27,53.27712,10.80915,9,14.0,36.4,0.8,7,5,141.9,13.0,-25.0,14.1,13.2,0.47,13.6,0.468,,,,15,,
schwefelporling,5015510067,2015-09-16,52.1023,9.77408,9,76.0,17.5,22.2,8,0,218.0,8.9,29.9,14.4,15.3,0.368,15.4,0.351,,,,15,,
schwefelporling,5021402953,2015-10-02,52.47416,10.34704,10,56.0,12.8,0.0,3,10,175.2,-12.9,12.3,12.4,11.7,0.284,12.4,0.295,,,,15,,
schwefelporling,5025341924,2015-09-06,52.53795,10.15137,9,46.0,31.5,11.3,7,0,205.8,-0.3,-0.9,17.7,16.1,0.252,17.0,0.245,,,,15,,
schwefelporling,5024839174,2015-11-08,51.9959,9.84856,11,150.0,0.2,5.9,3,99,101.2,-5.2,28.0,9.7,10.0,0.355,9.8,0.351,,,,15,,
parasol,6334073590,2026-05-24,52.68263,9.74362,5,29.0,47.9,0.7,8,4,133.5,3.5,-32.4,12.2,15.9,0.183,14.4,0.181,,,,15,,
parasol,6334493795,2026-05-23,52.6825,9.74374,5,39.0,35.4,13.3,8,3,133.5,6.0,-29.9,11.6,14.8,0.185,13.3,0.184,,,,15,,
parasol,6410596975,2026-06-16,52.70727,9.6557,6,37.0,51.7,5.2,12,5,173.9,8.3,-21.6,15.0,14.5,0.188,14.4,0.121,,,,15,,
parasol,6410715463,2026-06-21,52.80138,9.29114,6,19.0,30.2,7.2,10,1,172.7,-16.7,-31.7,16.8,20.0,0.197,18.0,0.225,,,,15,,
parasol,6413827872,2026-06-18,52.75086,9.50099,6,22.0,51.1,1.0,10,7,171.8,2.7,-26.4,15.2,15.8,0.302,14.9,0.301,,,,15,,
parasol,6412689173,2026-06-14,52.38151,10.4141,6,76.0,43.3,10.6,10,1,162.2,1.3,-45.7,15.8,15.6,0.184,15.5,0.174,,,,15,,
parasol,6412450806,2026-06-17,53.28009,10.36966,6,18.0,50.2,6.3,10,3,156.5,6.5,-53.0,14.8,15.0,0.163,14.4,0.109,,,,15,,
parasol,5180587942,2025-06-05,53.3035,9.72892,6,59.0,55.8,4.1,10,8,108.1,13.5,-75.3,13.9,16.3,0.144,15.4,0.151,,,,15,,
parasol,5206109922,2025-06-14,53.11991,9.03479,6,7.0,45.7,0.0,8,4,114.0,-10.3,-86.3,16.1,16.3,0.461,14.6,0.347,,,,15,,
parasol,5230906498,2025-07-22,53.21032,10.85952,7,66.0,59.2,20.8,11,0,200.4,31.9,-37.6,18.2,18.9,0.178,18.5,0.119,,,,15,,
parasol,5230099940,2025-07-19,52.29768,10.50556,7,71.0,32.9,25.1,8,1,149.1,1.9,-108.8,18.4,18.8,0.275,18.4,0.168,,,,15,,
parasol,5238907428,2025-07-27,52.2736,10.95697,7,115.0,41.5,14.1,9,0,166.2,7.3,-81.2,18.5,18.3,0.284,18.0,0.228,,,,15,,
parasol,5283279635,2025-07-29,53.15684,9.96949,7,145.0,74.4,23.6,12,0,193.3,56.6,-31.1,17.9,17.7,0.236,17.5,0.214,,,,15,,
parasol,6333898948,2025-07-27,51.74172,10.89152,7,454.0,39.5,19.5,11,0,148.2,8.4,-92.2,17.3,17.3,0.268,16.9,0.237,,,,15,,
parasol,6195104126,2025-07-27,53.39729,11.29872,7,35.0,61.4,17.3,12,0,214.1,33.2,-27.2,18.7,18.2,0.265,18.0,0.221,,,,15,,
parasol,5281657641,2025-08-03,52.79467,9.76839,8,59.0,61.7,20.5,11,0,208.7,42.2,-17.3,17.6,16.1,0.235,16.2,0.211,,,,15,,
parasol,5281665353,2025-08-03,52.45256,10.71486,8,58.0,42.2,20.0,10,0,194.3,20.2,-37.5,17.7,16.6,0.305,16.7,0.264,,,,15,,
parasol,5282979302,2025-08-01,53.22388,9.87595,8,66.0,58.9,30.6,13,0,206.2,47.8,-15.5,17.8,16.4,0.246,16.4,0.221,,,,15,,
parasol,5283013385,2025-08-07,53.16318,9.95544,8,146.0,67.5,8.4,12,2,216.4,34.5,-0.8,16.5,16.4,0.231,16.1,0.219,,,,15,,
parasol,5282939728,2025-08-01,52.63712,11.83025,8,59.0,56.5,19.2,10,0,177.0,28.2,-75.5,18.7,17.8,0.309,17.9,0.284,,,,15,,
parasol,5291488841,2025-08-17,53.38804,9.74693,8,39.0,20.7,0.1,4,12,191.6,-34.9,-18.3,18.6,20.7,0.159,19.6,0.232,,,,15,,
parasol,5291491479,2025-08-05,52.30459,10.61156,8,74.0,37.8,13.5,12,1,150.7,5.7,-91.7,17.4,17.1,0.27,17.0,0.199,,,,15,,
parasol,5291510290,2025-08-15,53.21594,10.33488,8,31.0,21.9,0.6,5,11,174.4,-35.6,-54.1,19.2,22.6,0.04,20.4,0.108,,,,15,,
parasol,5291512161,2025-08-08,52.58172,10.18364,8,41.0,45.3,1.2,8,4,172.0,1.3,-66.8,17.4,17.6,0.187,17.1,0.184,,,,15,,
parasol,5291536519,2025-08-14,52.58172,10.18364,8,41.0,34.4,0.0,5,10,166.3,-21.0,-72.1,19.0,21.4,0.069,19.9,0.131,,,,15,,
parasol,5291525407,2025-08-07,52.58172,10.18364,8,41.0,39.1,7.3,8,3,183.8,1.2,-54.2,17.4,17.2,0.213,16.9,0.187,,,,15,,
parasol,5760815327,2025-08-07,52.29766,10.50559,8,71.0,39.8,5.2,8,5,157.1,-1.0,-91.3,17.4,17.4,0.231,17.2,0.19,,,,15,,
parasol,5844779896,2025-08-11,52.56851,10.09434,8,45.0,25.2,0.1,6,7,138.6,-25.5,-108.2,17.6,18.8,0.101,17.9,0.157,,,,15,,
parasol,5898658524,2025-08-07,51.74229,10.89114,8,459.0,30.3,9.5,8,2,131.1,-7.4,-108.8,15.7,15.4,0.33,15.2,0.291,,,,15,,
parasol,6234241583,2025-08-18,53.1793,9.95815,8,94.0,9.2,0.6,2,13,195.7,-52.7,-24.1,19.3,21.8,0.056,20.6,0.097,,,,15,,
parasol,5829189585,2025-09-16,52.96647,11.82087,9,21.0,34.8,15.1,7,1,169.6,9.5,-26.7,16.7,15.1,0.204,15.5,0.151,,,,15,,
parasol,5837305969,2025-09-22,52.58172,10.18364,9,41.0,25.1,1.9,5,6,91.3,-9.9,-101.1,16.3,16.4,0.179,16.4,0.163,,,,15,,
parasol,5832128926,2025-09-27,53.14105,10.22984,9,57.0,22.1,1.0,4,9,111.2,-10.9,-74.0,14.1,12.0,0.135,12.8,0.141,,,,15,,
parasol,5830723741,2025-09-21,51.70938,11.01735,9,495.0,22.3,8.0,6,0,105.6,-8.3,-90.7,15.1,15.7,0.324,15.2,0.306,,,,15,,
parasol,5844018132,2025-09-27,52.68711,9.80328,9,43.0,40.4,1.8,7,11,108.1,7.0,-81.6,14.6,12.5,0.122,13.3,0.151,,,,15,,
parasol,5844807046,2025-09-30,52.70569,9.78724,9,30.0,13.1,0.6,5,14,97.9,-20.7,-89.9,14.2,13.2,0.095,13.5,0.143,,,,15,,
parasol,5844361294,2025-10-02,51.78224,9.72955,10,334.0,16.0,4.3,6,2,81.1,-7.7,-91.7,12.1,10.5,0.283,11.3,0.25,,,,15,,
parasol,5871907347,2025-10-23,52.49848,9.2925,10,51.0,4.6,12.1,5,0,86.6,1.2,-36.1,11.8,10.4,0.37,10.9,0.355,,,,15,,
parasol,5868486023,2025-10-19,51.87768,10.51821,10,445.0,26.3,8.1,12,2,139.9,22.9,21.2,9.4,8.5,0.39,9.3,0.378,,,,15,,
parasol,5871914517,2025-10-22,52.58172,10.18364,10,41.0,6.3,15.2,5,0,91.1,6.7,-36.8,11.4,9.3,0.228,10.0,0.205,,,,15,,
parasol,5871916979,2025-10-26,52.60233,10.08337,10,41.0,13.8,15.4,7,0,94.0,14.3,-25.0,10.5,10.6,0.247,10.9,0.235,,,,15,,
parasol,5888993385,2025-10-31,52.59049,10.07851,10,42.0,31.0,15.7,10,1,108.1,31.9,-1.3,9.5,8.6,0.271,9.2,0.259,,,,15,,
parasol,5889001130,2025-10-31,52.57051,10.07755,10,42.0,31.0,15.7,10,1,108.1,31.9,-1.3,9.5,8.6,0.271,9.2,0.259,,,,15,,
parasol,5888991796,2025-10-30,52.50256,10.19847,10,50.0,31.2,25.4,9,0,120.1,41.0,5.2,9.6,8.8,0.257,9.3,0.238,,,,15,,
parasol,5888996717,2025-10-27,52.53001,10.23067,10,58.0,19.9,17.4,8,0,108.4,22.0,-8.6,10.0,9.8,0.239,10.5,0.215,,,,15,,
parasol,5888998493,2025-10-27,53.45351,9.6829,10,18.0,12.7,22.1,7,0,115.5,21.2,6.0,9.8,9.7,0.379,10.3,0.353,,,,15,,
parasol,5889561923,2025-10-31,53.1623,9.95651,10,133.0,36.8,22.3,10,1,140.9,46.0,34.7,8.8,8.4,0.282,9.0,0.27,,,,15,,
parasol,5889603357,2025-10-17,51.55568,10.8346,10,293.0,20.9,1.8,4,12,145.3,7.9,20.8,10.4,10.4,0.357,10.8,0.361,,,,15,,
parasol,5890089569,2025-10-26,52.68209,9.74423,10,33.0,12.7,19.8,9,0,136.7,17.4,16.8,10.5,10.7,0.261,11.1,0.243,,,,15,,
parasol,5890090286,2025-10-30,53.25572,10.43898,10,29.0,25.4,21.2,10,0,111.2,32.4,-1.5,9.3,8.6,0.257,9.2,0.229,,,,15,,
parasol,5890092600,2025-10-24,52.35352,9.78214,10,81.0,7.9,7.5,5,0,80.3,-0.8,-48.1,11.5,10.4,0.317,10.8,0.275,,,,15,,
parasol,5890212827,2025-10-31,52.68171,9.72916,10,27.0,33.6,13.8,11,1,145.5,32.4,35.3,9.4,8.9,0.276,9.5,0.266,,,,15,,
parasol,5890277671,2025-10-28,52.53395,9.81964,10,42.0,16.9,28.9,10,0,109.9,31.1,-5.8,9.8,9.5,0.268,10.2,0.255,,,,15,,
parasol,5892869528,2025-10-15,52.87811,9.3127,10,30.0,40.1,1.5,5,9,94.5,24.3,-45.6,12.1,13.2,0.334,13.3,0.328,,,,15,,
parasol,6398822332,2025-10-19,52.88804,11.45284,10,37.0,16.4,0.7,4,13,80.9,0.9,-56.2,11.5,10.2,0.362,11.2,0.357,,,,15,,
parasol,6413608747,2025-10-29,52.15481,11.49721,10,116.0,15.1,19.2,7,1,107.6,17.0,-14.0,9.5,8.8,0.325,9.6,0.28,,,,15,,
parasol,5892261460,2025-11-06,52.7267,9.8211,11,52.0,53.2,0.7,8,7,153.1,39.8,56.4,9.7,9.9,0.256,10.1,0.267,,,,15,,
parasol,5892558745,2025-11-07,52.69551,9.80502,11,40.0,32.5,0.0,7,8,141.2,18.5,46.2,9.4,9.5,0.241,10.0,0.249,,,,15,,
parasol,5892261941,2025-11-03,52.60233,10.08337,11,41.0,45.3,4.4,11,4,110.5,36.1,7.5,10.0,9.4,0.265,9.7,0.265,,,,15,,
parasol,5897001432,2025-11-09,52.02036,11.90461,11,78.0,38.8,0.3,5,8,127.5,26.1,31.2,8.5,7.4,0.317,8.4,0.314,,,,15,,
parasol,4930713705,2024-06-23,52.49722,9.90211,6,58.0,28.2,7.0,8,2,123.3,-16.8,-93.5,15.5,17.8,0.345,17.0,0.308,,,,15,,
parasol,4932898025,2024-06-26,53.11451,10.11988,6,70.0,36.2,0.4,8,5,161.4,-17.6,-62.0,16.2,18.7,0.246,17.6,0.253,,,,15,,
parasol,4931481143,2024-06-22,53.14724,10.94864,6,50.0,37.9,6.7,7,1,167.2,-7.0,-54.0,15.1,17.4,0.253,16.7,0.245,,,,15,,
parasol,5016233739,2024-06-29,52.58967,9.03502,6,52.0,43.0,0.8,7,8,135.5,-17.8,-93.3,18.4,21.6,0.177,20.1,0.193,,,,15,,
parasol,5025878690,2024-06-21,53.15017,9.82332,6,69.0,40.0,17.9,9,0,173.0,10.2,-37.0,14.0,16.4,0.262,15.6,0.251,,,,15,,
parasol,5016522384,2024-06-18,52.70253,9.80309,6,39.0,22.3,21.0,7,0,145.6,-6.5,-64.6,14.4,15.9,0.222,15.2,0.202,,,,15,,
parasol,5024703770,2024-06-17,51.95955,10.57457,6,176.0,10.3,3.6,4,7,131.5,-40.5,-70.7,14.6,15.5,0.242,14.8,0.24,,,,15,,
parasol,5025896977,2024-06-26,53.49113,10.6569,6,26.0,29.6,0.5,5,5,138.9,-26.4,-89.4,16.6,19.1,0.217,17.9,0.222,,,,15,,
parasol,4931942819,2024-07-27,52.38295,10.0648,7,64.0,18.1,11.5,6,0,169.2,-30.2,-59.2,19.8,19.8,0.366,19.7,0.344,,,,15,,
parasol,5015151328,2024-07-13,52.59728,10.09139,7,38.0,38.5,19.4,8,1,189.9,2.7,-44.8,18.0,20.2,0.218,19.4,0.212,,,,15,,
parasol,5028439218,2024-07-24,53.37348,11.5402,7,51.0,30.6,19.9,6,1,190.6,-10.0,-36.2,19.9,20.9,0.187,20.3,0.173,,,,15,,
parasol,4956045856,2024-08-22,52.78721,10.16347,8,90.0,19.4,7.4,6,1,163.4,-21.4,-67.0,19.5,18.1,0.206,18.6,0.165,,,,15,,
parasol,5017200735,2024-08-03,51.80835,11.04011,8,156.0,37.8,25.5,6,1,148.0,4.6,-92.8,20.1,20.5,0.349,19.9,0.345,,,,15,,
parasol,4946327591,2024-09-11,53.14847,9.083,9,14.0,6.1,24.6,6,0,127.7,-19.7,-88.6,19.7,19.1,0.622,19.6,0.596,,,,15,,
parasol,4950108786,2024-09-20,53.03201,9.2691,9,52.0,24.0,3.4,5,1,112.7,-11.4,-88.4,16.0,15.7,0.357,15.6,0.36,,,,15,,
parasol,4950169673,2024-09-24,53.12607,9.76741,9,68.0,23.0,11.0,4,1,144.8,0.1,-52.7,14.5,16.4,0.222,16.4,0.221,,,,15,,
parasol,4956456629,2024-09-22,53.03315,9.22329,9,54.0,24.1,2.5,5,11,93.6,-9.0,-107.5,15.3,16.7,0.342,16.5,0.345,,,,15,,
parasol,4957595721,2024-09-27,53.14069,10.23538,9,59.0,14.4,31.1,6,0,182.8,13.3,-11.6,14.4,14.8,0.24,15.2,0.218,,,,15,,
parasol,4950258346,2024-09-22,51.50073,10.15771,9,247.0,45.9,4.2,6,3,177.1,15.1,-27.4,14.1,15.7,0.341,15.5,0.343,,,,15,,
parasol,4957890502,2024-09-23,52.49725,9.90209,9,58.0,26.5,5.6,3,0,110.2,-2.9,-94.1,14.8,16.7,0.312,16.6,0.317,,,,15,,
parasol,4986102540,2024-09-25,53.28018,10.77698,9,27.0,12.6,14.5,3,0,124.5,-6.0,-76.5,14.4,15.5,0.444,15.9,0.438,,,,15,,
parasol,5015674328,2024-09-29,52.59728,10.09139,9,38.0,12.3,18.8,4,2,150.1,-1.4,-43.5,15.0,13.9,0.266,14.7,0.247,,,,15,,
parasol,5016041781,2024-09-27,53.08517,10.60398,9,63.0,0.5,24.3,4,0,145.0,-8.5,-54.4,14.7,14.9,0.237,15.3,0.224,,,,15,,
parasol,5023665225,2024-09-26,53.08517,10.60398,9,63.0,0.7,18.8,3,0,151.0,-13.2,-49.8,14.4,15.2,0.223,15.5,0.213,,,,15,,
parasol,5025628654,2024-09-25,53.08517,10.60398,9,63.0,12.3,10.8,3,0,146.4,-10.3,-55.7,14.2,15.6,0.211,15.9,0.209,,,,15,,
parasol,4954290291,2024-10-12,52.29686,10.62448,10,107.0,30.3,13.9,6,2,167.9,24.3,1.9,10.9,11.9,0.39,12.4,0.382,,,,15,,
parasol,4954609031,2024-10-12,52.29273,10.62892,10,107.0,30.3,13.9,6,2,167.9,24.3,1.9,10.9,11.9,0.39,12.4,0.382,,,,15,,
parasol,4952393308,2024-10-04,53.29784,9.82633,10,98.0,25.0,18.6,7,3,137.1,15.3,-38.3,13.0,10.8,0.274,11.7,0.273,,,,15,,
parasol,5026894621,2024-09-29,51.91664,10.47615,9,303.0,14.8,17.1,7,2,177.2,2.4,-12.0,13.7,13.3,0.365,14.0,0.338,,,,15,,
parasol,4973808617,2024-10-19,52.95667,11.8417,10,34.0,28.8,0.1,4,9,112.1,9.3,-48.6,11.0,10.6,0.252,10.9,0.258,,,,15,,
parasol,4982185673,2024-10-29,51.72748,11.00495,10,444.0,3.6,1.4,1,99,160.6,-11.8,49.9,11.4,11.1,0.317,11.1,0.32,,,,15,,
parasol,4985473656,2024-10-19,53.28187,10.70572,10,29.0,35.0,0.1,4,6,151.7,16.2,2.7,10.7,10.4,0.466,10.7,0.472,,,,15,,
parasol,4985609823,2024-10-19,52.42171,10.94077,10,86.0,31.0,0.0,5,6,140.0,11.2,-12.1,11.0,10.5,0.375,10.8,0.388,,,,15,,
parasol,4986271117,2024-10-15,53.16877,9.93807,10,155.0,47.0,5.6,5,2,170.4,34.0,21.1,10.1,9.4,0.275,10.4,0.274,,,,15,,
parasol,5014212307,2024-10-16,52.53795,10.15137,10,46.0,27.2,4.1,5,3,167.0,12.0,14.4,10.5,9.4,0.272,10.4,0.282,,,,15,,
parasol,5014097213,2024-10-08,52.24159,9.46373,10,232.0,59.6,2.8,9,6,157.4,40.6,-2.0,11.6,10.9,0.388,11.3,0.394,,,,15,,
parasol,5015885597,2024-10-11,51.68536,10.26745,10,268.0,41.8,45.7,11,1,209.7,68.1,43.4,10.7,11.5,0.403,11.9,0.402,,,,15,,
parasol,5016582475,2024-10-03,52.44262,9.76092,10,62.0,33.9,28.4,9,2,129.1,33.6,-51.2,14.0,11.9,0.398,12.9,0.394,,,,15,,
parasol,5017845371,2024-10-31,52.5692,10.1215,10,40.0,7.5,2.7,4,9,157.1,-4.1,41.3,12.6,11.8,0.242,12.1,0.244,,,,15,,
parasol,5017971133,2024-10-16,51.56982,10.71304,10,228.0,38.8,7.9,9,3,155.0,29.9,3.6,9.4,8.3,0.39,9.4,0.387,,,,15,,
parasol,5017901320,2024-10-07,52.93105,9.47159,10,37.0,57.3,1.3,8,6,137.5,35.2,-29.8,12.0,10.6,0.265,11.3,0.276,,,,15,,
parasol,5019347665,2024-10-20,52.16656,11.6433,10,55.0,27.7,0.0,4,7,152.6,7.2,-3.8,11.5,11.3,0.465,11.4,0.468,,,,15,,
parasol,5019489833,2024-10-27,51.74616,10.80129,10,507.0,13.3,0.0,4,6,180.3,-2.6,70.6,10.1,9.9,0.346,10.3,0.349,,,,15,,
parasol,5019556563,2024-10-06,51.85557,9.32428,10,483.0,71.3,0.3,9,5,156.0,50.5,0.3,9.9,8.6,0.399,9.5,0.401,,,,15,,
parasol,5019997180,2024-10-21,52.00771,10.38809,10,166.0,30.9,5.6,9,2,183.4,16.6,35.9,12.0,12.4,0.345,12.0,0.341,,,,15,,
parasol,5023582558,2024-10-15,52.60233,10.08337,10,41.0,43.3,5.6,6,2,163.1,30.5,10.2,10.7,10.0,0.276,11.0,0.279,,,,15,,
parasol,5024656095,2024-10-17,52.59049,10.07851,10,42.0,30.2,0.3,4,4,158.3,10.9,7.2,10.7,9.6,0.259,10.2,0.265,,,,15,,
parasol,5024734402,2024-10-12,52.28743,10.78719,10,107.0,36.1,14.7,7,2,167.6,31.6,2.0,10.7,11.5,0.386,11.9,0.378,,,,15,,
parasol,5025886171,2024-10-12,52.58172,10.18364,10,41.0,36.0,21.4,6,2,169.6,37.0,7.1,11.1,12.0,0.278,12.4,0.278,,,,15,,
parasol,5134664374,2024-10-11,51.5326,10.852,10,317.0,24.8,32.7,10,1,148.2,38.3,-19.5,10.3,11.0,0.391,11.5,0.378,,,,15,,
parasol,5153050751,2024-10-25,52.35133,9.78125,10,61.0,10.0,2.7,4,6,128.4,-5.5,-2.5,11.3,12.3,0.36,12.6,0.357,,,,15,,
parasol,5897003096,2024-10-26,53.22099,10.42791,10,39.0,17.4,0.1,3,4,175.4,0.0,44.5,11.0,11.5,0.244,11.9,0.236,,,,15,,
parasol,5897007932,2024-10-16,53.22741,10.3922,10,51.0,29.7,3.9,6,3,180.9,14.3,28.7,10.0,9.1,0.252,10.0,0.25,,,,15,,
parasol,6133379464,2024-10-12,51.74298,10.95938,10,451.0,41.4,11.2,10,2,172.6,36.0,13.7,9.3,10.5,0.391,10.8,0.376,,,,15,,
parasol,6133390199,2024-10-12,52.23289,11.33615,10,91.0,34.6,13.8,7,2,143.7,28.9,-24.8,10.8,11.9,0.398,12.2,0.393,,,,15,,
parasol,6163345755,2024-10-17,51.60183,10.87262,10,553.0,43.7,3.0,10,4,187.3,31.9,48.9,7.9,7.1,0.376,7.8,0.372,,,,15,,
parasol,4980330152,2024-11-08,52.89034,10.83723,11,58.0,4.4,0.1,1,11,135.5,-4.9,48.6,9.2,7.0,0.208,8.2,0.214,,,,15,,
parasol,5012949301,2024-11-26,52.70253,9.80309,11,39.0,36.8,13.3,9,2,125.0,40.1,66.9,5.9,5.8,0.272,5.9,0.269,,,,15,,
parasol,5013713576,2024-11-10,51.99808,9.84685,11,203.0,2.6,0.0,1,99,122.5,-6.2,43.1,7.9,6.1,0.34,7.3,0.345,,,,15,,
parasol,5018284139,2024-11-09,52.3452,10.72186,11,98.0,3.3,0.0,1,99,98.2,-6.1,10.1,8.8,6.9,0.349,8.1,0.354,,,,15,,
parasol,5018432800,2024-11-18,52.49447,9.27747,11,50.0,11.6,6.1,5,1,127.5,10.4,57.8,6.6,7.2,0.25,7.8,0.237,,,,15,,
parasol,5020213302,2024-11-06,52.6949,9.68617,11,29.0,3.8,0.0,1,99,132.7,-6.9,40.6,9.7,7.9,0.239,9.2,0.243,,,,15,,
parasol,5024190166,2024-11-10,52.59049,10.07851,11,42.0,3.2,0.0,1,99,105.7,-5.2,22.5,8.3,6.5,0.236,7.7,0.236,,,,15,,
parasol,4127352310,2023-05-29,52.84353,9.34521,5,23.0,14.0,0.0,2,7,105.4,-40.0,-65.5,13.1,13.6,0.325,13.2,0.332,,,,15,,
parasol,5018114995,2023-05-17,52.59049,10.07851,5,42.0,23.2,0.2,4,6,102.9,-27.4,-43.6,13.1,14.5,0.181,13.8,0.19,,,,15,,
parasol,5014521683,2023-07-19,52.30459,10.61156,7,74.0,20.1,9.3,6,0,150.5,-44.0,-118.4,20.5,20.2,0.283,19.8,0.263,,,,15,,
parasol,5015697125,2023-07-04,51.53351,11.30773,7,251.0,61.7,4.1,7,3,97.1,7.8,-149.4,18.4,17.2,0.3,17.0,0.257,,,,15,,
parasol,4171445483,2023-08-08,53.07456,11.13981,8,14.0,81.4,12.0,12,0,193.7,51.9,-52.3,16.9,17.2,0.27,17.4,0.271,,,,15,,
parasol,4171783152,2023-08-01,53.24085,10.60411,8,30.0,50.8,31.2,14,0,192.2,40.8,-64.0,16.7,17.2,0.49,17.0,0.473,,,,15,,
parasol,4177079238,2023-08-09,52.3141,10.46589,8,68.0,84.7,10.4,12,3,239.9,49.8,-10.7,17.1,17.1,0.377,17.1,0.368,,,,15,,
parasol,4177338303,2023-08-08,52.23795,10.52325,8,71.0,63.6,8.8,11,1,212.8,27.2,-38.3,17.1,17.3,0.383,17.4,0.369,,,,15,,
parasol,4400434850,2023-08-20,53.2116,10.43552,8,48.0,18.6,35.8,5,1,256.0,7.0,36.9,18.7,20.8,0.232,19.9,0.23,,,,15,,
parasol,4177338321,2023-08-09,52.41234,10.3283,8,62.0,71.6,7.4,11,3,218.7,33.6,-30.2,17.1,17.2,0.386,17.2,0.381,,,,15,,
parasol,4405116518,2023-08-13,52.0844,9.93762,8,256.0,62.5,4.1,9,1,228.3,18.4,-16.3,17.0,17.5,0.336,16.9,0.32,,,,15,,
parasol,4405268721,2023-08-19,52.40684,10.51078,8,80.0,22.7,29.7,7,2,275.0,2.6,46.8,19.2,21.0,0.375,20.2,0.365,,,,15,,
parasol,4407281752,2023-08-19,51.56129,10.30852,8,172.0,51.1,12.2,11,2,249.0,11.9,20.4,18.8,21.2,0.381,20.1,0.367,,,,15,,
parasol,4409858211,2023-08-09,53.0776,9.96241,8,96.0,88.8,8.7,14,3,231.8,59.2,-4.2,16.0,16.2,0.267,16.2,0.262,,,,15,,
parasol,4409846613,2023-08-18,52.58054,10.18157,8,48.0,15.7,19.7,8,1,260.1,-13.1,31.1,18.6,20.3,0.243,19.7,0.243,,,,15,,
parasol,4461678854,2023-08-20,52.78962,10.12881,8,67.0,12.9,27.2,7,1,295.1,-7.5,77.6,18.9,20.9,0.246,20.1,0.247,,,,15,,
parasol,5013079025,2023-08-02,52.59012,10.14012,8,39.0,55.1,50.6,12,0,251.6,62.9,-11.0,17.3,18.0,0.29,17.7,0.273,,,,15,,
parasol,5014825593,2023-08-17,51.94667,10.51091,8,174.0,25.2,34.1,10,0,212.4,10.7,-30.4,18.2,20.3,0.348,19.7,0.312,,,,15,,
parasol,5021010004,2023-08-10,52.70253,9.80309,8,39.0,116.7,5.8,14,4,276.8,80.1,29.2,16.8,16.7,0.253,16.7,0.246,,,,15,,
parasol,5025718254,2023-08-13,51.82215,10.79811,8,322.0,65.8,6.7,9,1,194.0,23.9,-44.2,16.7,17.3,0.304,16.7,0.293,,,,15,,
parasol,5028102144,2023-08-14,52.70569,9.78724,8,30.0,88.6,5.3,11,2,282.1,47.6,47.2,17.5,18.7,0.218,18.0,0.215,,,,15,,
parasol,5028147662,2023-08-13,53.13383,9.79547,8,110.0,70.2,3.3,11,1,237.9,31.4,16.1,16.6,17.1,0.245,16.6,0.245,,,,15,,
parasol,4416958361,2023-09-26,52.43116,10.32163,9,72.0,50.6,0.5,6,5,180.9,14.7,-2.2,17.0,15.9,0.347,16.5,0.348,,,,15,,
parasol,4416887985,2023-09-15,52.14005,9.35631,9,176.0,3.2,32.9,3,2,206.9,-8.3,21.5,18.4,17.9,0.339,18.0,0.339,,,,15,,
parasol,5018703602,2023-09-15,52.12361,9.37388,9,176.0,3.2,32.9,3,2,206.9,-8.3,21.5,18.4,17.9,0.339,18.0,0.339,,,,15,,
parasol,5013520559,2023-09-25,52.58172,10.18364,9,41.0,49.5,7.7,6,3,202.3,20.5,23.0,17.4,16.7,0.226,17.1,0.23,,,,15,,
parasol,5013888744,2023-09-24,52.30459,10.61156,9,74.0,34.4,6.1,5,2,201.4,1.0,17.3,17.8,16.9,0.34,17.4,0.341,,,,15,,
parasol,5014703532,2023-09-09,52.45988,9.19221,9,88.0,11.8,0.0,3,10,174.3,-34.0,-28.5,17.8,19.6,0.194,18.8,0.219,,,,15,,
parasol,5027242154,2023-09-30,52.27931,10.80077,9,102.0,6.4,0.7,3,99,146.0,-29.7,-33.9,17.2,15.9,0.256,15.9,0.291,,,,15,,
parasol,4430493237,2023-10-10,52.48688,9.28642,10,46.0,6.3,20.7,4,1,126.7,1.0,-30.5,16.3,15.0,0.383,15.2,0.377,,,,15,,
parasol,5021319460,2023-10-10,52.47982,9.2774,10,46.0,6.3,20.7,4,1,126.7,1.0,-30.5,16.3,15.0,0.383,15.2,0.377,,,,15,,
parasol,4430510237,2023-10-11,52.25846,10.58074,10,86.0,14.2,26.2,5,2,158.2,11.3,-7.3,16.3,15.1,0.368,15.1,0.352,,,,15,,
parasol,4430606786,2023-10-13,52.27267,10.58112,10,75.0,37.9,17.0,7,0,164.1,27.5,1.7,16.0,15.3,0.389,15.4,0.368,,,,15,,
parasol,4436117816,2023-10-28,52.2729,10.58141,10,75.0,34.2,20.3,10,1,170.1,40.0,40.8,9.5,10.4,0.406,11.1,0.404,,,,15,,
parasol,4460646029,2023-10-03,52.43734,10.91417,10,59.0,11.9,6.5,4,0,173.5,-16.3,-5.9,17.1,17.0,0.298,17.1,0.288,,,,15,,
parasol,4436474141,2023-10-30,52.83485,9.31268,10,17.0,49.0,17.5,10,1,173.4,52.4,54.3,9.9,10.6,0.41,11.0,0.408,,,,15,,
parasol,4461098707,2023-10-11,53.1335,10.22739,10,52.0,21.0,13.6,7,2,148.9,10.5,-6.7,15.6,14.3,0.249,14.5,0.222,,,,15,,
parasol,4516476567,2023-10-14,51.83101,10.74013,10,345.0,29.6,17.7,6,0,129.8,16.9,-35.1,15.3,15.6,0.359,15.6,0.308,,,,15,,
parasol,4516481493,2023-10-14,51.8878,10.75467,10,201.0,34.3,18.8,5,0,123.7,20.5,-45.7,15.8,15.8,0.361,15.8,0.309,,,,15,,
parasol,4935494745,2023-10-25,51.54028,11.4429,10,302.0,30.9,11.3,7,0,108.5,21.7,-35.5,10.9,10.5,0.361,11.0,0.325,,,,15,,
parasol,5013139335,2023-10-31,52.58172,10.18364,10,41.0,48.8,11.6,11,1,176.3,47.0,55.0,10.2,10.8,0.293,11.2,0.293,,,,15,,
parasol,5013377570,2023-10-24,52.58824,10.08725,10,40.0,64.4,5.1,8,0,149.7,50.4,18.9,11.4,9.9,0.286,10.4,0.282,,,,15,,
parasol,5013733565,2023-10-17,51.56012,9.90161,10,165.0,32.5,5.5,7,3,91.2,12.8,-64.4,13.4,12.2,0.367,13.4,0.347,,,,15,,
parasol,5016990073,2023-10-02,52.30459,10.61156,10,74.0,8.0,0.3,2,10,134.1,-26.8,-45.7,17.1,17.0,0.327,16.8,0.328,,,,15,,
parasol,5017254101,2023-10-17,52.33555,10.71252,10,101.0,40.5,8.5,7,3,114.0,24.1,-44.2,13.9,12.6,0.393,13.8,0.389,,,,15,,
parasol,5015708900,2023-10-24,52.92352,9.4572,10,56.0,71.8,3.0,9,4,138.1,57.3,10.6,11.1,9.6,0.29,10.1,0.291,,,,15,,
parasol,5018841084,2023-10-11,52.1297,9.84593,10,244.0,9.8,23.9,4,2,125.0,4.1,-36.0,15.7,14.8,0.341,14.7,0.316,,,,15,,
parasol,5019401833,2023-10-08,51.63432,10.72163,10,584.0,15.6,10.4,5,0,150.3,-1.3,-8.9,13.4,12.3,0.354,12.9,0.335,,,,15,,
parasol,5021827498,2023-10-25,52.30459,10.61156,10,74.0,46.5,8.0,10,0,154.2,35.0,18.0,11.1,10.5,0.402,10.9,0.401,,,,15,,
parasol,5023214877,2023-10-27,52.3407,10.68966,10,79.0,32.7,16.7,9,0,149.4,33.6,17.3,10.2,10.8,0.402,11.4,0.401,,,,15,,
parasol,5024048246,2023-10-10,52.12361,9.37388,10,141.0,8.0,16.9,4,1,125.2,-1.4,-32.0,15.5,14.7,0.343,14.8,0.327,,,,15,,
parasol,5024440122,2023-10-15,52.30459,10.61156,10,74.0,40.1,22.2,9,1,157.7,35.1,-2.0,15.2,14.9,0.392,15.3,0.385,,,,15,,
parasol,5027193851,2023-10-17,52.58172,10.18364,10,41.0,36.7,20.5,7,3,143.5,33.3,-8.0,13.9,12.4,0.275,13.7,0.269,,,,15,,
parasol,5027763577,2023-10-31,52.1297,9.84593,10,244.0,65.1,14.7,11,1,187.3,66.7,64.5,9.5,9.8,0.41,10.2,0.405,,,,15,,
parasol,5028254892,2023-10-30,52.58172,10.18364,10,41.0,42.3,16.4,10,0,179.4,45.0,56.8,9.9,10.7,0.29,11.1,0.29,,,,15,,
parasol,4891888010,2023-11-12,51.67213,11.13312,11,343.0,16.8,7.0,8,1,143.6,9.3,42.8,8.3,7.4,0.362,8.4,0.35,,,,15,,
parasol,4440681318,2023-11-08,53.4761,10.59947,11,42.0,33.8,13.2,12,3,207.2,35.5,113.5,9.7,9.0,0.271,9.7,0.274,,,,15,,
parasol,4926198673,2023-11-18,53.01593,9.11329,11,46.0,54.1,7.8,12,0,220.0,52.2,143.0,7.7,6.9,0.409,7.8,0.411,,,,15,,
parasol,5012651538,2023-11-06,52.32359,10.70701,11,102.0,35.6,10.3,11,1,166.7,30.6,51.9,10.7,10.2,0.395,10.8,0.398,,,,15,,
parasol,5013424575,2023-11-12,52.52992,10.18615,11,43.0,31.1,29.1,11,1,221.6,45.6,128.8,9.8,8.1,0.283,9.2,0.284,,,,15,,
parasol,5014455648,2023-11-07,52.52992,10.18615,11,43.0,34.9,17.9,12,2,197.7,38.4,91.7,10.7,10.0,0.278,10.6,0.284,,,,15,,
parasol,5015205924,2023-11-28,52.30306,10.6222,11,81.0,49.3,19.9,11,0,222.3,61.7,156.6,4.9,3.2,0.409,4.5,0.412,,,,15,,
parasol,5016089256,2023-11-07,52.34512,10.72164,11,98.0,35.3,10.2,11,2,166.7,30.2,55.0,10.6,10.1,0.39,10.7,0.395,,,,15,,
parasol,5017853099,2023-11-11,52.34183,10.66057,11,110.0,28.8,17.3,9,0,184.0,30.2,83.9,9.9,8.9,0.395,9.8,0.396,,,,15,,
parasol,5018449186,2023-11-12,52.58172,10.18364,11,41.0,31.1,29.1,11,1,221.6,45.6,128.8,9.8,8.1,0.283,9.2,0.284,,,,15,,
parasol,5019504795,2023-11-02,52.33144,10.71972,11,113.0,44.0,13.1,11,1,156.4,43.6,32.4,10.8,11.1,0.407,11.4,0.41,,,,15,,
parasol,5019889424,2023-11-20,52.45988,9.19221,11,88.0,46.8,31.8,11,0,244.8,68.7,165.6,7.9,7.4,0.298,8.0,0.3,,,,15,,
parasol,5022323077,2023-11-06,52.59049,10.07851,11,42.0,37.5,15.4,12,1,182.1,38.6,74.8,10.8,10.0,0.278,10.7,0.28,,,,15,,
parasol,5024723238,2023-11-27,52.33487,10.72128,11,106.0,50.0,23.0,11,0,208.8,65.4,141.2,5.4,3.7,0.408,5.1,0.412,,,,15,,
parasol,5024938669,2023-11-04,52.44558,9.7679,11,74.0,37.2,9.3,11,0,202.6,30.5,86.4,11.1,10.9,0.399,11.5,0.404,,,,15,,
parasol,5026466089,2023-11-13,52.33301,10.72086,11,111.0,27.7,21.2,9,0,157.6,34.2,60.5,9.2,7.6,0.401,8.7,0.402,,,,15,,
parasol,5027406664,2023-11-05,52.52992,10.18615,11,43.0,35.0,16.2,11,0,195.9,36.4,83.9,11.0,10.3,0.286,11.0,0.289,,,,15,,
parasol,5026399400,2023-11-02,52.30459,10.61156,11,74.0,48.9,8.7,11,2,161.8,44.1,38.4,10.7,11.0,0.407,11.3,0.412,,,,15,,
parasol,5028278026,2023-11-07,52.13738,10.67354,11,194.0,47.2,7.8,11,2,170.5,39.6,58.5,10.5,9.8,0.389,10.5,0.392,,,,15,,
parasol,3995914706,2022-07-10,53.2384,10.62238,7,49.0,33.5,13.7,5,3,125.7,-13.4,-120.8,18.7,17.3,0.382,17.5,0.323,,,,15,,
parasol,3996206309,2022-07-13,53.23895,10.62252,7,41.0,44.2,0.2,4,6,123.2,-17.0,-127.1,18.2,18.1,0.374,17.5,0.327,,,,15,,
parasol,5014208414,2022-08-14,52.30872,10.61146,8,73.0,5.3,0.0,2,99,65.7,-63.3,-218.5,21.3,22.7,0.185,21.6,0.195,,,,15,,
parasol,3915502085,2022-09-21,52.13989,9.60722,9,237.0,17.9,7.7,10,2,86.1,-5.3,-134.6,14.0,11.9,0.29,13.1,0.206,,,,15,,
parasol,3915577819,2022-09-25,51.78162,9.43282,9,171.0,35.8,1.8,7,5,90.7,11.5,-104.3,12.0,10.8,0.353,11.5,0.339,,,,15,,
parasol,3915655676,2022-09-25,51.78125,9.43285,9,171.0,35.8,1.8,7,5,90.7,11.5,-104.3,12.0,10.8,0.353,11.5,0.339,,,,15,,
parasol,3923332777,2022-09-27,52.2514,10.46156,9,100.0,25.8,15.5,8,0,75.8,13.8,-131.1,12.3,12.4,0.293,13.1,0.255,,,,15,,
parasol,3915543631,2022-09-24,52.45325,10.79568,9,86.0,28.1,1.1,8,6,71.9,-1.0,-138.5,13.2,11.9,0.33,12.5,0.276,,,,15,,
parasol,3915631514,2022-09-24,53.24278,9.71778,9,111.0,31.7,9.3,8,0,109.3,13.2,-92.3,12.9,11.6,0.257,12.1,0.25,,,,15,,
parasol,3923550134,2022-09-27,52.26109,10.60282,9,108.0,27.5,12.4,8,0,70.3,12.9,-134.4,12.1,12.2,0.328,12.8,0.306,,,,15,,
parasol,5017418256,2022-09-27,52.30872,10.61146,9,108.0,27.5,12.4,8,0,70.3,12.9,-134.4,12.1,12.2,0.328,12.8,0.306,,,,15,,
parasol,3994208550,2022-09-25,52.35629,9.77879,9,78.0,23.5,4.0,8,1,101.0,-3.1,-113.3,13.2,12.4,0.31,12.9,0.236,,,,15,,
parasol,3995058184,2022-09-25,52.48612,9.44069,9,39.0,25.6,6.3,6,1,63.3,4.3,-137.7,13.3,12.5,0.375,13.0,0.364,,,,15,,
parasol,3923684530,2022-09-23,53.16732,10.9914,9,78.0,37.3,0.1,9,7,88.8,6.6,-114.7,13.3,11.6,0.238,12.2,0.217,,,,15,,
parasol,3995352854,2022-09-11,53.14016,10.87587,9,82.0,2.9,31.4,6,1,70.0,-9.2,-169.1,16.8,16.6,0.198,17.3,0.149,,,,15,,
parasol,3995399957,2022-09-23,52.10656,9.94671,9,131.0,30.9,4.6,10,3,89.1,2.8,-129.8,13.3,11.6,0.298,12.5,0.214,,,,15,,
parasol,3995657414,2022-09-24,53.08708,9.88974,9,91.0,37.4,13.6,8,0,123.7,23.3,-80.9,12.7,11.5,0.245,12.0,0.231,,,,15,,
parasol,3995572198,2022-09-20,51.74503,10.89744,9,395.0,29.7,11.8,8,1,114.3,11.6,-92.2,13.1,10.9,0.353,11.9,0.31,,,,15,,
parasol,3995378746,2022-09-23,53.16441,9.96649,9,124.0,36.2,0.2,8,5,109.0,7.3,-98.0,12.9,11.2,0.258,11.8,0.252,,,,15,,
parasol,3996038189,2022-09-23,52.46969,10.98818,9,58.0,29.0,0.5,8,5,74.9,-2.4,-142.4,13.3,11.4,0.345,12.4,0.29,,,,15,,
parasol,3996465777,2022-09-23,52.50692,10.697,9,84.0,54.7,0.3,9,5,87.0,23.6,-132.7,13.5,11.7,0.331,12.6,0.261,,,,15,,
parasol,3996449706,2022-09-30,51.69088,10.35712,9,373.0,45.0,21.6,8,2,124.2,44.7,-59.5,9.0,8.8,0.39,9.9,0.382,,,,15,,
parasol,5027137521,2022-09-30,51.69065,10.35891,9,373.0,45.0,21.6,8,2,124.2,44.7,-59.5,9.0,8.8,0.39,9.9,0.382,,,,15,,
parasol,3996625394,2022-09-13,52.5367,9.77256,9,46.0,12.3,3.4,4,4,72.1,-32.3,-176.7,17.9,16.8,0.223,17.3,0.164,,,,15,,
parasol,3996696804,2022-09-29,52.29546,10.62902,9,108.0,26.3,15.4,8,1,72.5,15.8,-126.4,11.0,11.1,0.343,12.1,0.311,,,,15,,
parasol,5024501638,2022-09-29,52.30872,10.61146,9,108.0,26.3,15.4,8,1,72.5,15.8,-126.4,11.0,11.1,0.343,12.1,0.311,,,,15,,
parasol,3996727355,2022-09-26,52.30265,10.62314,9,78.0,27.5,2.5,7,7,60.4,1.4,-147.3,12.4,12.2,0.326,12.8,0.306,,,,15,,
parasol,3997151090,2022-09-17,52.79474,10.86772,9,59.0,30.9,10.9,8,0,74.2,4.5,-152.8,16.0,14.9,0.198,15.8,0.155,,,,15,,
parasol,3997433647,2022-09-24,51.72852,10.93247,9,349.0,39.0,0.4,5,6,111.9,11.2,-86.4,11.5,10.0,0.304,10.6,0.283,,,,15,,
parasol,5013755754,2022-09-30,52.44558,9.7679,9,74.0,23.5,24.6,9,2,85.3,23.3,-117.0,10.9,10.6,0.39,11.5,0.367,,,,15,,
parasol,5015344086,2022-09-26,53.14082,10.23507,9,59.0,27.5,16.1,9,2,109.0,17.6,-86.0,12.1,11.7,0.241,12.3,0.226,,,,15,,
parasol,5020000207,2022-09-16,53.45688,10.63099,9,15.0,35.8,16.6,7,0,95.6,13.8,-125.3,16.1,15.4,0.227,16.0,0.209,,,,15,,
parasol,5022067075,2022-09-27,51.74414,10.6886,9,493.0,30.9,10.7,7,0,126.8,18.7,-52.3,10.1,10.2,0.353,10.7,0.34,,,,15,,
parasol,5022343214,2022-09-24,52.34338,10.71926,9,108.0,37.6,1.1,9,5,76.2,8.6,-135.2,13.2,12.1,0.335,12.7,0.292,,,,15,,
parasol,5028089213,2022-09-26,52.43637,9.77557,9,56.0,23.4,7.0,9,2,101.6,1.6,-111.6,12.8,12.3,0.341,12.9,0.301,,,,15,,
parasol,6411123373,2022-09-30,52.99245,11.20778,9,18.0,29.9,11.2,9,3,140.5,16.0,-44.5,11.0,10.9,0.249,11.7,0.224,,,,15,,
parasol,6412830364,2022-09-28,53.08608,11.086,9,17.0,26.4,10.4,8,1,100.5,11.8,-85.6,11.7,11.5,0.473,12.3,0.45,,,,15,,
parasol,3923371631,2022-10-04,53.27177,10.44154,10,23.0,26.9,10.4,7,3,119.3,15.5,-56.2,11.1,11.2,0.266,11.4,0.26,,,,15,,
parasol,3923419373,2022-10-02,52.6606,9.24919,10,26.0,54.0,11.3,8,1,101.3,42.0,-91.7,11.0,10.8,0.386,11.3,0.365,,,,15,,
parasol,3923658413,2022-10-02,52.49874,10.70972,10,82.0,36.1,8.8,8,0,114.9,20.8,-78.0,10.9,10.4,0.373,11.2,0.334,,,,15,,
parasol,3947178292,2022-10-13,53.25579,10.4382,10,26.0,14.7,1.2,4,12,120.3,-8.9,-33.2,11.6,10.9,0.221,11.4,0.225,,,,15,,
parasol,3947218648,2022-10-20,53.01584,11.56798,10,18.0,1.5,2.1,0,99,89.0,-18.9,-43.0,12.4,13.3,0.435,13.3,0.423,,,,15,,
parasol,3947307493,2022-10-22,52.38902,9.93524,10,86.0,6.4,3.5,4,4,105.8,-11.4,-33.3,12.5,13.2,0.348,13.3,0.318,,,,15,,
parasol,3947411817,2022-10-17,52.25304,10.44792,10,94.0,2.4,2.0,2,99,83.0,-21.9,-68.8,12.8,13.0,0.291,12.8,0.279,,,,15,,
parasol,3947594871,2022-10-07,52.48512,9.6918,10,48.0,45.8,0.7,6,6,89.1,22.4,-97.8,11.7,12.9,0.363,13.0,0.359,,,,15,,
parasol,3947623549,2022-10-15,51.56265,10.70988,10,316.0,7.8,12.0,4,0,112.7,-1.1,-30.5,10.4,9.9,0.321,10.0,0.309,,,,15,,
parasol,3947767319,2022-10-09,52.16743,10.80913,10,204.0,25.2,1.8,6,8,78.9,2.6,-94.5,10.9,11.8,0.308,12.2,0.306,,,,15,,
parasol,3995800765,2022-10-03,53.05808,9.88495,10,92.0,41.8,15.9,8,2,133.5,36.1,-46.6,10.9,10.5,0.267,10.8,0.257,,,,15,,
parasol,5012728047,2022-10-17,52.4513,10.724,10,60.0,2.6,3.8,2,99,114.5,-19.0,-34.5,12.7,12.7,0.317,12.5,0.315,,,,15,,
parasol,5014729484,2022-10-01,52.35851,10.85574,10,125.0,41.0,10.3,7,0,95.6,26.4,-97.0,10.8,10.3,0.348,11.2,0.308,,,,15,,
parasol,5013549726,2022-10-04,52.94905,10.56765,10,60.0,28.9,12.2,7,3,106.8,18.5,-68.5,11.0,11.2,0.254,11.3,0.246,,,,15,,
parasol,5018441631,2022-10-29,51.77674,10.33061,10,546.0,37.6,0.2,7,4,176.0,20.2,77.4,12.3,12.0,0.378,11.8,0.378,,,,15,,
parasol,5016062107,2022-10-02,52.12361,9.37388,10,141.0,29.5,6.7,8,1,69.5,13.7,-118.0,10.3,9.8,0.359,10.5,0.308,,,,15,,
parasol,5021371940,2022-10-03,52.06609,11.82251,10,54.0,15.7,9.9,5,2,90.6,-1.8,-97.8,11.3,10.8,0.464,11.5,0.432,,,,15,,
parasol,5018894498,2022-10-03,53.42713,11.62388,10,34.0,24.3,15.5,6,2,127.3,16.7,-48.0,10.9,10.8,0.335,11.3,0.29,,,,15,,
parasol,5027322185,2022-10-15,52.33269,10.7244,10,113.0,9.7,1.2,5,14,89.3,-14.9,-64.4,12.2,11.8,0.309,11.9,0.305,,,,15,,
parasol,4075726202,2022-11-06,51.50471,10.15936,11,274.0,0.9,2.2,1,99,118.8,-15.6,23.7,12.4,10.0,0.33,11.1,0.329,,,,15,,
parasol,5017332193,2022-11-17,53.15017,9.82332,11,69.0,4.2,19.7,5,0,118.2,11.7,43.5,9.0,7.1,0.221,8.4,0.213,,,,15,,
parasol,5018389314,2022-11-11,52.58172,10.18364,11,41.0,3.7,1.2,2,99,96.2,-14.3,3.2,12.7,11.3,0.193,11.5,0.195,,,,15,,
parasol,5019119493,2022-11-14,53.15017,9.82332,11,69.0,4.5,0.0,3,99,115.8,-10.0,37.5,10.1,9.0,0.204,10.0,0.207,,,,15,,
parasol,5020394492,2022-11-07,51.76477,11.35489,11,134.0,5.7,1.5,2,6,100.9,-13.4,-4.5,13.3,10.0,0.312,11.0,0.31,,,,15,,
parasol,5023369838,2022-11-15,53.15017,9.82332,11,69.0,4.4,0.0,3,99,114.5,-10.0,37.3,9.9,8.5,0.204,9.4,0.207,,,,15,,
parasol,5025783064,2022-11-05,53.2531,10.50224,11,87.0,10.3,2.2,4,12,125.6,-3.9,33.4,13.2,11.1,0.219,11.9,0.221,,,,15,,
parasol,3337615759,2021-08-14,52.48471,9.67349,8,61.0,30.4,0.6,6,4,130.6,-18.7,-87.5,17.9,18.6,0.303,18.1,0.266,,,,15,,
parasol,5020455905,2021-02-09,52.45081,9.99226,2,57.0,52.6,23.3,12,1,170.3,70.7,147.3,-1.1,0.8,0.398,1.5,0.407,,,,15,,
parasol,3343953663,2021-08-24,52.92917,9.52918,8,62.0,41.2,16.8,9,2,174.5,18.1,-16.7,17.2,16.9,0.383,16.7,0.365,,,,15,,
parasol,3343982726,2021-08-19,52.87413,9.31011,8,35.0,29.4,24.3,9,2,169.7,11.3,-26.8,17.5,17.0,0.347,17.2,0.337,,,,15,,
parasol,3355657336,2021-08-30,53.02137,11.69066,8,36.0,44.9,30.6,12,0,193.9,42.9,-6.1,16.0,15.3,0.285,15.6,0.278,,,,15,,
parasol,3860323634,2021-08-13,52.27287,10.58127,8,75.0,32.6,3.6,7,7,147.9,-14.4,-75.4,18.0,18.4,0.31,18.0,0.282,,,,15,,
parasol,3995988435,2021-08-15,53.04348,9.90382,8,101.0,49.1,1.1,6,5,163.1,4.6,-49.6,17.3,18.2,0.213,17.7,0.213,,,,15,,
parasol,5012788885,2021-08-27,53.14502,9.89842,8,84.0,45.2,13.3,9,0,204.8,23.5,19.9,16.1,15.6,0.227,16.0,0.212,,,,15,,
parasol,5017083123,2021-08-16,52.8218,9.60179,8,48.0,28.3,10.2,7,0,157.9,-6.7,-52.9,17.5,18.4,0.227,18.1,0.228,,,,15,,
parasol,5023044576,2021-08-31,52.58172,10.18364,8,41.0,35.6,26.6,10,1,133.0,27.6,-61.9,16.2,15.8,0.256,15.9,0.233,,,,15,,
parasol,5024178163,2021-08-17,52.80576,9.56032,8,44.0,24.8,11.7,8,1,149.9,-8.9,-58.5,17.8,18.5,0.198,18.3,0.184,,,,15,,
parasol,5024995403,2021-08-26,52.44126,10.47014,8,52.0,23.8,4.4,7,4,121.4,-15.1,-81.2,17.8,17.2,0.306,17.2,0.256,,,,15,,
parasol,5026608261,2021-08-17,53.14502,9.89842,8,84.0,45.2,24.8,8,0,197.1,27.4,-5.5,17.1,17.8,0.188,17.7,0.18,,,,15,,
parasol,6424519670,2021-08-24,53.21517,10.30802,8,62.0,30.4,12.0,7,2,163.6,0.8,-39.5,17.3,16.9,0.2,16.9,0.126,,,,15,,
parasol,3355362664,2021-09-02,51.90318,10.44687,9,300.0,94.1,25.9,8,3,211.9,91.8,39.7,14.3,14.1,0.411,14.0,0.414,,,,15,,
parasol,3355245515,2021-09-01,53.14541,9.90241,9,86.0,49.9,6.9,9,3,185.5,25.0,2.0,15.5,15.6,0.256,15.5,0.24,,,,15,,
parasol,3384391554,2021-09-10,52.49027,9.67372,9,50.0,36.4,6.5,5,0,122.7,6.2,-63.8,16.2,17.3,0.296,16.9,0.306,,,,15,,
parasol,3384683526,2021-09-11,52.50549,10.70332,9,88.0,27.1,3.6,5,12,102.8,-7.0,-87.7,16.5,17.9,0.296,17.3,0.297,,,,15,,
parasol,3384755250,2021-09-25,52.91204,9.06367,9,24.0,21.2,3.1,5,10,145.9,-1.5,-7.7,15.6,14.5,0.361,14.6,0.362,,,,15,,
parasol,3391385137,2021-09-09,51.66314,11.13333,9,399.0,56.1,0.1,6,10,125.6,20.9,-54.1,14.4,15.3,0.326,15.0,0.345,,,,15,,
parasol,3399454733,2021-09-28,53.2399,11.21351,9,34.0,12.7,8.5,4,1,143.1,-3.1,-3.9,15.2,15.8,0.245,15.6,0.24,,,,15,,
parasol,3915278361,2021-09-04,52.84988,10.65387,9,96.0,50.5,0.3,8,6,152.0,16.6,-38.3,15.4,16.2,0.232,16.2,0.231,,,,15,,
parasol,3915294359,2021-09-07,51.65617,11.34941,9,218.0,64.9,0.0,7,8,150.7,29.7,-41.6,14.8,15.6,0.35,15.5,0.358,,,,15,,
parasol,3915384381,2021-09-04,53.32311,10.9086,9,11.0,44.5,0.0,8,6,134.1,10.4,-58.0,15.6,16.1,0.461,16.0,0.464,,,,15,,
parasol,5016440954,2021-09-04,53.31639,10.90384,9,11.0,44.5,0.0,8,6,134.1,10.4,-58.0,15.6,16.1,0.461,16.0,0.464,,,,15,,
parasol,3996119737,2021-09-25,53.11659,10.08189,9,89.0,17.7,3.0,5,10,158.4,-4.0,10.2,14.9,13.9,0.231,14.1,0.226,,,,15,,
parasol,5012441653,2021-09-01,53.13591,10.23709,9,67.0,42.2,7.7,10,3,167.7,17.8,-20.8,15.6,15.6,0.261,15.6,0.244,,,,15,,
parasol,5012587463,2021-09-05,52.90693,11.88464,9,21.0,52.1,0.0,8,6,186.5,17.0,-7.8,15.6,15.8,0.257,15.9,0.269,,,,15,,
parasol,5014260000,2021-09-27,52.70253,9.80309,9,39.0,13.2,9.9,5,0,149.2,-3.6,-5.1,15.6,16.0,0.231,15.6,0.226,,,,15,,
parasol,5015293309,2021-09-22,52.8218,9.60179,9,48.0,24.8,0.8,5,7,155.9,-4.0,-4.6,16.2,14.4,0.251,14.8,0.257,,,,15,,
parasol,5014773206,2021-09-14,52.58172,10.18364,9,41.0,4.0,2.3,2,4,107.1,-33.1,-75.3,16.9,18.4,0.212,18.0,0.2,,,,15,,
parasol,5016338556,2021-09-20,53.37348,11.45688,9,31.0,18.8,1.9,3,5,123.4,-9.9,-42.9,16.1,15.2,0.227,15.6,0.207,,,,15,,
parasol,5017775267,2021-09-02,53.15414,10.25555,9,76.0,49.7,2.2,10,4,164.1,19.4,-26.1,15.6,16.0,0.253,15.9,0.234,,,,15,,
parasol,5018177655,2021-09-25,53.37347,9.70715,9,33.0,17.7,3.4,3,10,167.1,-3.9,24.4,15.1,14.0,0.356,14.2,0.353,,,,15,,
parasol,5018764149,2021-09-07,53.1235,9.87379,9,96.0,37.0,0.0,5,9,179.1,3.1,3.8,15.0,15.5,0.196,15.5,0.212,,,,15,,
parasol,5020480156,2021-09-25,52.53622,10.24901,9,57.0,11.6,2.2,3,10,109.8,-13.2,-51.4,15.7,14.6,0.213,14.8,0.212,,,,15,,
parasol,5020870621,2021-09-04,53.14785,10.28434,9,118.0,46.3,0.0,8,6,155.7,12.2,-32.7,15.4,16.2,0.225,16.2,0.228,,,,15,,
parasol,5021559242,2021-09-25,52.70253,9.80309,9,39.0,14.7,2.9,5,10,143.1,-9.3,-15.1,15.6,14.6,0.228,14.7,0.229,,,,15,,
parasol,3391314860,2021-10-10,52.30807,10.47768,10,70.0,26.6,0.0,6,5,111.2,-0.6,-27.1,13.4,10.9,0.321,12.1,0.298,,,,15,,
parasol,5024052503,2021-09-27,53.14502,9.89842,9,84.0,15.1,11.6,4,0,169.3,1.9,26.9,15.0,15.4,0.228,15.1,0.216,,,,15,,
parasol,3398930879,2021-10-23,51.96517,10.41943,10,230.0,21.9,12.8,7,1,139.6,15.3,23.1,9.4,10.1,0.346,10.6,0.327,,,,15,,
parasol,3785041160,2021-10-24,53.14729,9.80283,10,81.0,27.8,28.4,8,2,140.5,39.5,36.4,9.7,9.8,0.265,10.4,0.255,,,,15,,
parasol,3915499455,2021-10-16,52.5147,10.69876,10,81.0,19.7,5.1,5,4,116.4,4.5,-5.2,11.1,9.6,0.365,10.3,0.347,,,,15,,
parasol,5022054836,2021-10-10,53.14502,9.89842,10,84.0,24.7,0.0,7,11,131.2,-0.3,6.8,12.8,10.8,0.223,11.7,0.221,,,,15,,
parasol,5028491562,2021-10-10,52.53622,10.24901,10,57.0,25.7,0.1,7,5,111.2,-0.9,-24.8,13.4,11.1,0.236,12.1,0.231,,,,15,,
parasol,5015225948,2021-11-22,52.5692,10.1215,11,40.0,4.5,3.1,2,99,94.1,0.5,26.5,7.1,7.6,0.237,8.1,0.235,,,,15,,
parasol,5023833001,2021-11-01,52.07021,10.20081,11,181.0,11.6,3.4,3,0,58.4,-6.7,-52.7,10.8,11.3,0.321,11.3,0.325,,,,15,,
parasol,5023311132,2020-06-20,53.00983,11.54944,6,18.0,30.3,9.8,6,2,113.7,-13.4,-95.9,17.7,19.5,0.418,18.6,0.387,,,,15,,
parasol,3915455360,2020-07-19,52.495,9.7714,7,60.0,39.3,0.1,9,4,142.6,-6.5,-75.6,16.5,17.6,0.324,17.0,0.315,,,,15,,
parasol,5012772397,2020-07-31,53.29635,10.72825,7,10.0,17.4,1.2,4,5,170.9,-37.4,-51.1,18.0,18.2,0.407,17.8,0.363,,,,15,,
schwefelporling,5829127416,2025-09-19,53.19374,10.34183,9,53.0,17.6,3.7,7,4,147.3,-16.7,-41.9,16.0,15.5,0.162,15.3,0.132,0,13.6,14.1,15,61,61
schwefelporling,5829279725,2025-09-13,52.26729,10.56011,9,98.0,9.8,9.1,4,2,124.3,-28.2,-84.1,18.0,16.6,0.165,17.2,0.146,0,14.6,14.2,15,61,61
schwefelporling,5829121399,2025-09-16,52.27199,10.51833,9,75.0,17.4,16.5,7,0,105.8,-12.0,-104.3,17.3,15.3,0.237,16.0,0.153,0,14.6,14.2,15,61,61
schwefelporling,5909207745,2025-09-16,52.25472,10.52418,9,75.0,17.4,16.5,7,0,105.8,-12.0,-104.3,17.3,15.3,0.237,16.0,0.153,0,14.6,14.2,15,61,61
schwefelporling,5829226787,2025-09-14,52.18657,9.60609,9,101.0,5.7,6.9,4,1,97.7,-31.7,-99.8,17.1,15.9,0.162,16.4,0.154,0,14.3,14.4,15,61,61
schwefelporling,5829370531,2025-09-16,53.02817,11.48822,9,20.0,25.1,9.0,10,1,153.4,-5.4,-39.1,16.5,14.8,0.452,15.3,0.402,0,13.6,13.8,15,61,61
schwefelporling,5829319315,2025-09-05,52.12,10.0,9,108.0,14.8,3.0,5,7,126.2,-31.8,-89.6,17.7,19.3,0.128,18.6,0.143,0,13.6,14.4,15,61,61
schwefelporling,5829347958,2025-09-15,52.86377,9.60801,9,48.0,16.2,31.4,7,0,152.0,7.1,-38.7,16.6,15.0,0.152,15.5,0.123,0,13.7,13.7,15,61,61
schwefelporling,5829368607,2025-09-15,51.51665,9.9189,9,154.0,8.5,23.7,7,0,110.9,-10.9,-100.2,16.9,15.5,0.215,15.9,0.152,0,13.9,14.1,15,61,61
schwefelporling,5832250137,2025-09-28,52.38333,9.76142,9,75.0,20.2,6.8,6,2,75.5,-9.4,-118.8,15.2,13.7,0.103,14.3,0.17,0,11.4,12.5,15,61,61
schwefelporling,5832353700,2025-09-27,53.14835,9.90772,9,99.0,24.6,1.5,6,9,105.7,-7.7,-80.1,14.1,12.1,0.161,12.9,0.14,0,10.2,11.0,15,61,61
schwefelporling,5837648139,2025-09-21,52.35438,9.7809,9,83.0,19.2,6.3,5,3,88.7,-13.9,-111.5,17.0,16.9,0.275,16.7,0.232,0,14.3,14.3,15,61,61
schwefelporling,5837112366,2025-09-20,52.00183,9.85497,9,222.0,42.6,2.5,8,4,132.8,5.9,-63.5,15.8,15.9,0.279,15.5,0.174,0,13.3,13.6,15,61,61
schwefelporling,5892385627,2025-09-20,52.00096,9.85473,9,222.0,42.6,2.5,8,4,132.8,5.9,-63.5,15.8,15.9,0.279,15.5,0.174,0,13.3,13.6,15,61,61
schwefelporling,5838324436,2025-09-28,51.50669,11.92399,9,114.0,16.1,14.7,6,2,80.4,-6.0,-126.6,15.3,12.3,0.211,13.2,0.202,0,9.4,10.1,15,61,61
schwefelporling,5839923816,2025-09-14,51.83102,10.79197,9,257.0,12.1,4.6,6,9,85.7,-26.3,-125.3,16.3,14.8,0.236,15.2,0.199,0,13.8,13.7,15,61,61
schwefelporling,5840255841,2025-09-08,51.54193,10.10322,9,208.0,29.6,5.6,5,3,124.9,-11.5,-88.2,17.3,17.3,0.188,17.1,0.176,0,13.6,13.5,15,61,61
schwefelporling,5840711636,2025-09-19,51.86923,10.55908,9,302.0,22.3,7.4,7,1,90.8,-9.6,-105.1,15.6,15.4,0.235,15.1,0.199,0,13.4,13.7,15,61,61
schwefelporling,5840785368,2025-09-29,52.35802,9.48072,9,52.0,25.6,5.0,5,3,93.1,-4.6,-94.9,14.6,13.0,0.15,13.4,0.182,0,10.6,11.6,15,61,61
schwefelporling,5840823037,2025-09-30,53.01816,9.02132,9,10.0,9.8,0.9,3,14,62.8,-22.4,-122.0,14.4,13.5,0.156,13.8,0.197,0,10.8,11.5,15,61,61
schwefelporling,5843959695,2025-09-15,52.38795,9.70316,9,54.0,10.4,10.4,6,0,105.9,-23.9,-99.9,17.7,16.2,0.153,16.9,0.197,0,14.8,14.8,15,61,61
schwefelporling,5844799504,2025-09-14,52.54708,10.15185,9,41.0,6.2,3.5,2,9,107.2,-33.8,-91.3,17.2,15.9,0.11,16.3,0.1,0,14.1,13.9,15,61,61
schwefelporling,5867769259,2025-09-14,52.38925,10.7227,9,103.0,11.6,2.9,3,9,114.2,-31.8,-92.9,17.6,16.1,0.182,16.6,0.152,0,14.5,14.4,15,61,61
schwefelporling,5868195911,2025-09-12,52.364,9.78823,9,78.0,5.1,3.5,5,99,105.6,-37.4,-102.7,18.2,17.8,0.123,18.1,0.187,0,15.3,15.7,15,61,61
schwefelporling,5868303659,2025-09-15,52.48132,10.73777,9,69.0,17.9,19.0,4,0,135.6,-7.0,-64.1,17.2,15.5,0.222,15.9,0.205,0,14.3,14.2,15,61,61
schwefelporling,5871914683,2025-09-28,52.46332,9.86434,9,72.0,19.5,5.5,6,2,66.1,-10.2,-122.5,14.7,12.7,0.169,13.3,0.202,0,10.7,11.7,15,61,61
schwefelporling,5902582192,2025-09-20,52.359,9.47259,9,54.0,27.8,7.8,7,2,116.9,-5.2,-79.6,16.6,16.4,0.269,16.1,0.189,0,14.0,14.1,15,61,61
schwefelporling,5908916883,2025-09-04,51.51668,9.91886,9,161.0,30.1,1.5,4,6,136.9,-15.9,-79.1,16.7,17.7,0.184,17.2,0.154,0,12.4,13.5,15,61,61
schwefelporling,5909271381,2025-09-17,51.50146,11.90907,9,144.0,16.2,7.2,4,1,88.1,-22.3,-135.7,17.1,16.2,0.159,16.6,0.194,0,14.7,14.8,15,61,61
schwefelporling,5932430364,2025-09-05,52.14633,9.35573,9,194.0,9.3,1.7,5,4,134.3,-34.2,-67.5,16.9,17.9,0.158,17.5,0.174,0,12.9,13.5,15,61,61
schwefelporling,5932684600,2025-09-16,52.26993,10.57465,9,80.0,17.2,21.3,7,1,111.1,-7.1,-97.6,16.9,15.1,0.274,15.6,0.2,0,14.3,14.0,15,61,61
schwefelporling,6182587690,2025-09-14,52.11444,11.62954,9,60.0,18.3,7.8,5,3,120.8,-19.4,-100.8,17.8,16.6,0.279,17.2,0.272,0,15.0,14.6,15,61,61
schwefelporling,5840584163,2025-10-08,52.03922,10.19682,10,172.0,17.1,4.9,7,4,80.7,-3.2,-95.8,11.0,11.2,0.316,11.4,0.274,0,7.7,8.6,15,61,61
schwefelporling,5840607098,2025-10-07,52.36512,9.73684,10,53.0,9.5,19.9,7,3,69.5,0.9,-110.8,12.0,11.2,0.254,11.9,0.199,0,8.9,9.7,15,61,61
schwefelporling,5840625615,2025-10-03,52.44835,10.45612,10,64.0,1.4,0.0,0,99,50.7,-32.5,-139.5,12.9,11.1,0.225,12.2,0.209,0,8.0,9.0,15,61,61
schwefelporling,5840840205,2025-10-05,52.27202,10.51855,10,75.0,5.4,12.1,5,1,67.7,-12.8,-122.0,11.9,10.6,0.162,12.0,0.176,0,8.6,9.6,15,61,61
schwefelporling,5840870644,2025-10-02,52.91098,11.87056,10,26.0,2.3,0.0,0,99,80.2,-32.3,-106.5,13.3,12.2,0.065,13.0,0.132,0,8.2,9.1,15,61,61
schwefelporling,5841015238,2025-10-02,52.44079,9.8201,10,66.0,14.0,2.3,5,6,53.5,-16.2,-134.0,13.7,12.5,0.152,13.4,0.21,0,8.7,9.6,15,61,61
schwefelporling,5868483813,2025-10-09,52.54708,10.15185,10,41.0,21.6,6.1,6,5,72.5,3.4,-95.9,11.7,12.2,0.224,12.1,0.179,0,8.0,8.7,15,61,61
schwefelporling,5871910054,2025-10-25,52.25485,10.52403,10,81.0,23.1,5.1,9,4,99.7,12.0,-28.4,10.9,10.7,0.299,11.0,0.248,0,6.2,6.3,15,61,61
schwefelporling,5892260985,2025-10-18,52.28281,9.03214,10,48.0,32.5,4.7,9,6,91.4,22.6,-51.2,12.0,11.2,0.302,12.0,0.269,0,6.8,8.6,15,61,61
parasol,5868469809,2025-10-18,52.28281,9.03214,10,48.0,32.5,4.7,9,6,91.4,22.6,-51.2,12.0,11.2,0.302,12.0,0.269,0,6.8,8.6,15,61,61
schwefelporling,5892739822,2025-10-07,52.24892,10.44349,10,107.0,4.4,15.1,6,3,70.7,-8.1,-112.7,11.5,11.0,0.201,11.8,0.179,0,8.6,9.6,15,61,61
schwefelporling,5892859575,2025-10-14,51.50871,11.92053,10,110.0,27.7,5.2,8,1,94.8,13.7,-66.5,11.4,12.5,0.31,12.9,0.282,0,7.9,8.2,15,61,61
schwefelporling,5892908166,2025-10-01,52.62685,10.09492,10,47.0,6.6,0.0,2,99,52.4,-26.4,-135.8,13.9,12.8,0.07,13.4,0.15,0,8.3,9.2,15,61,61
schwefelporling,5892266282,2025-11-03,52.47416,10.34704,11,56.0,43.4,2.1,10,4,111.7,30.8,6.2,10.0,9.6,0.362,9.9,0.35,0,7.0,7.8,15,61,61
schwefelporling,5897265374,2025-11-12,52.49478,9.33077,11,50.0,11.0,5.1,6,13,104.8,4.2,22.4,9.8,8.5,0.373,9.1,0.366,0,7.8,7.2,15,61,61
schwefelporling,5901253902,2025-11-28,52.38869,9.78146,11,75.0,37.6,2.6,10,8,116.7,34.0,62.0,3.2,1.9,0.363,2.5,0.368,3,-1.3,-0.6,15,61,61
schwefelporling,5903164697,2025-11-08,52.27569,10.58015,11,79.0,36.2,0.0,5,9,119.5,22.8,25.8,8.7,7.8,0.323,8.7,0.326,0,4.6,4.5,15,61,61
schwefelporling,5903959613,2025-11-06,51.53251,10.01953,11,369.0,40.4,0.8,9,5,114.6,27.9,25.5,8.0,8.1,0.29,8.5,0.252,0,4.7,5.7,15,61,61
schwefelporling,5918332347,2025-12-02,53.14008,10.47322,12,43.0,20.0,0.2,6,12,147.3,13.6,100.8,2.6,5.0,0.209,4.9,0.22,3,-2.1,-0.4,15,61,61
schwefelporling,6003690867,2025-12-12,52.28281,9.03214,12,48.0,21.7,5.8,5,3,129.3,20.5,85.2,7.1,8.8,0.38,8.4,0.372,0,2.2,2.6,15,61,61
schwefelporling,4886071015,2024-01-03,53.2857,10.75606,1,12.0,76.0,31.0,13,0,249.8,99.0,223.4,6.4,6.2,0.489,6.5,0.485,0,2.4,2.7,15,61,61
schwefelporling,4886555214,2024-01-22,53.28576,10.75611,1,12.0,9.6,6.3,5,0,218.6,9.5,195.9,-0.6,-0.3,0.469,0.4,0.472,9,-6.3,-2.8,15,61,61
schwefelporling,4935636869,2024-03-15,53.1758,10.77874,3,55.0,3.2,3.5,3,0,141.4,-12.9,89.4,7.1,8.2,0.219,7.4,0.223,0,3.0,3.9,15,61,61
schwefelporling,4846832751,2024-04-11,52.09222,11.67558,4,48.0,29.4,2.2,7,7,95.0,-3.3,1.9,12.9,14.7,0.45,13.7,0.464,0,8.7,8.2,15,61,61
schwefelporling,4847088450,2024-04-13,51.78664,11.71912,4,65.0,21.9,0.0,7,9,90.2,-17.7,-11.4,14.0,14.5,0.305,13.7,0.32,0,10.3,10.0,15,61,61
schwefelporling,4847221000,2024-04-13,52.20529,9.02886,4,80.0,35.4,1.0,9,5,141.1,3.5,52.8,12.9,13.3,0.374,12.8,0.381,0,9.0,9.0,15,61,61
schwefelporling,4851990915,2024-04-18,51.90066,10.45603,4,288.0,7.6,16.2,7,0,132.6,-15.3,33.7,11.4,9.6,0.349,10.1,0.339,0,4.3,6.0,15,61,61
schwefelporling,4852091543,2024-04-21,52.13425,9.95993,4,103.0,16.6,16.9,6,2,129.9,-3.1,26.2,10.7,7.2,0.376,8.2,0.356,0,4.6,6.4,15,61,61
schwefelporling,4852594678,2024-04-28,52.33656,9.86932,4,91.0,39.5,3.7,9,4,134.1,11.0,23.5,7.6,7.9,0.37,7.7,0.37,0,3.9,5.9,15,61,61
schwefelporling,4863752927,2024-04-27,52.2713,10.56724,4,81.0,24.5,7.8,8,3,113.4,-0.9,2.4,7.3,6.7,0.37,6.8,0.367,0,2.8,5.1,15,61,61
schwefelporling,4880983157,2024-04-07,51.64615,9.45574,4,98.0,85.5,6.3,11,3,205.4,63.4,129.7,10.6,11.9,0.401,10.9,0.402,0,4.4,5.5,15,61,61
schwefelporling,4887293607,2024-04-07,51.64562,9.45669,4,98.0,85.5,6.3,11,3,205.4,63.4,129.7,10.6,11.9,0.401,10.9,0.402,0,4.4,5.5,15,61,61
schwefelporling,4888393548,2024-04-13,52.11867,10.00223,4,101.0,33.5,0.5,6,9,122.2,-1.2,28.9,13.1,13.7,0.343,13.0,0.354,0,9.3,9.3,15,61,61
schwefelporling,4883318586,2024-04-06,52.34221,10.29373,4,76.0,48.4,10.0,10,2,170.8,31.0,91.6,10.0,11.2,0.403,10.6,0.407,0,4.9,5.8,15,61,61
schwefelporling,4881451761,2024-04-27,52.47137,9.77501,4,54.0,32.1,15.4,8,2,138.4,16.1,32.6,7.6,6.8,0.386,7.0,0.386,0,3.8,5.7,15,61,61
schwefelporling,4889357754,2024-04-13,51.9785,9.25229,4,99.0,40.0,0.3,8,6,144.5,8.5,59.9,12.5,13.0,0.367,12.4,0.376,0,8.6,8.6,15,61,61
schwefelporling,4889396644,2024-04-22,53.22206,10.41407,4,24.0,25.6,10.0,7,3,129.2,2.3,31.3,9.5,6.7,0.256,7.4,0.247,0,3.5,5.5,15,61,61
schwefelporling,4889461572,2024-04-26,52.49343,9.46712,4,44.0,34.8,19.6,8,0,146.4,23.8,43.1,8.0,6.4,0.379,7.0,0.373,0,4.3,5.9,15,61,61
schwefelporling,4931611769,2024-04-18,52.92827,11.40485,4,41.0,13.5,6.8,6,3,117.3,-17.6,17.7,12.5,10.9,0.223,11.2,0.223,0,6.1,7.6,15,61,61
schwefelporling,4854882864,2024-05-05,52.29961,10.53194,5,88.0,10.8,3.4,4,11,123.1,-30.4,-8.5,11.5,16.1,0.286,14.7,0.32,0,3.6,5.5,15,61,61
steinpilz,inat246919735,2024-10-12,52.61807,10.24278,10,48.0,40.5,20.6,6,2,185.5,40.9,23.7,11.1,11.9,0.279,12.3,0.279,0,8.3,8.6,15,61,61
marone,inat95543340,2021-09-20,52.30405,10.55814,9,94.0,16.2,1.3,3,5,106.4,-16.1,-69.0,16.8,15.7,0.32,16.2,0.3,0,12.3,13.5,15,61,61
steinpilz,inat138120676,2022-10-09,52.21475,10.36749,10,83.0,34.4,1.4,5,7,90.3,10.5,-86.6,11.4,12.5,0.333,12.8,0.327,0,7.6,9.1,15,61,61
marone,inat138942657,2022-10-15,52.33398,10.71069,10,92.0,9.7,1.2,5,14,89.3,-14.8,-64.3,12.2,11.8,0.309,11.9,0.305,0,9.6,9.6,15,61,61
marone,inat177723882,2023-08-10,52.52202,10.39621,8,68.0,95.1,4.5,10,2,223.0,55.9,-24.1,17.0,16.6,0.257,16.7,0.26,0,15.1,15.3,15,61,61
marone,inat179012187,2023-08-18,52.51952,10.38789,8,61.0,16.6,24.4,6,1,249.3,-7.2,21.3,18.5,20.4,0.247,19.7,0.241,0,15.1,15.8,15,61,61
marone,inat179024656,2023-08-18,52.51536,10.39127,8,61.0,16.6,24.4,6,1,249.3,-7.2,21.3,18.5,20.4,0.247,19.7,0.241,0,15.1,15.8,15,61,61
marone,inat178665820,2023-08-15,52.52019,10.38092,8,51.0,52.5,11.3,8,0,233.7,16.5,1.1,18.0,19.4,0.229,18.6,0.23,0,15.1,15.8,15,61,61
birkenpilz,inat60166355,2020-09-17,52.63957,10.57393,9,79.0,24.3,0.1,4,12,105.7,-12.8,-104.7,16.5,17.6,0.18,17.3,0.188,0,13.3,14.0,15,61,61
birkenpilz,inat138518793,2022-10-12,52.26293,10.62846,10,89.0,15.2,0.1,5,10,77.8,-10.7,-86.3,11.1,11.0,0.32,11.7,0.318,0,7.3,8.8,15,61,61
birkenpilz,inat93374889,2021-09-02,52.2778,10.45484,9,76.0,53.4,7.1,9,3,133.5,26.2,-60.3,16.2,15.9,0.382,15.8,0.353,0,13.5,14.2,15,61,61
birkenpilz,inat97463066,2021-10-07,52.26511,10.53269,10,84.0,15.3,11.2,6,2,115.5,-2.1,-28.3,14.6,13.7,0.324,14.1,0.301,0,11.4,12.0,15,61,61
birkenpilz,inat139023335,2022-10-16,52.23318,10.73832,10,194.0,5.3,1.9,3,99,80.0,-17.8,-69.1,11.9,11.6,0.277,11.7,0.283,0,9.0,8.9,15,61,61
birkenpilz,inat186851434,2023-10-09,52.61731,10.12074,10,50.0,5.0,17.0,6,0,120.8,-5.1,-39.7,16.0,14.7,0.226,15.2,0.208,0,13.0,13.7,15,61,61
birkenpilz,inat187108311,2023-10-10,52.3003,10.34514,10,88.0,9.0,20.5,3,1,134.9,1.7,-30.1,16.3,15.0,0.356,15.3,0.338,0,13.2,13.9,15,61,61
birkenpilz,inat248027968,2024-10-18,52.2235,10.54153,10,79.0,29.6,0.3,4,5,151.6,9.7,-2.8,10.9,10.5,0.37,10.8,0.37,0,7.2,7.9,15,61,61
birkenpilz,inat249227643,2024-10-26,52.71569,10.46275,10,106.0,14.4,0.0,4,4,180.0,-3.1,49.1,11.2,11.8,0.24,12.1,0.241,0,7.1,8.1,15,61,61
birkenpilz,inat255026687,2024-11-16,52.77342,10.27014,11,77.0,5.2,3.3,3,5,129.1,1.6,58.9,6.1,7.0,0.221,7.4,0.188,0,3.9,5.1,15,61,61
birkenpilz,inat303732801,2025-08-04,52.2265,10.54551,8,84.0,33.3,16.7,9,2,165.9,6.2,-82.2,17.7,17.2,0.226,17.2,0.189,0,15.4,16.1,15,61,61
birkenpilz,inat320598409,2025-10-13,52.18343,10.98606,10,112.0,17.0,1.7,6,9,76.3,-1.8,-82.4,11.2,12.9,0.299,12.8,0.246,0,7.5,8.7,15,61,61
birkenpilz,inat322377486,2025-10-22,52.17331,10.46739,10,95.0,13.3,6.9,6,2,91.9,4.7,-42.1,11.3,9.6,0.294,10.3,0.254,0,5.8,6.3,15,61,61
schwefelporling,inat11494256,2018-04-27,52.29235,10.50112,4,68.0,25.0,4.5,6,13,101.2,-12.6,-12.2,13.7,12.8,0.338,12.7,0.339,0,9.0,10.5,15,61,61
schwefelporling,inat11494274,2018-04-27,52.29383,10.50275,4,68.0,25.0,4.5,6,13,101.2,-12.6,-12.2,13.7,12.8,0.338,12.7,0.339,0,9.0,10.5,15,61,61
schwefelporling,inat18485031,2017-06-06,52.16152,10.55054,6,88.0,15.0,15.8,6,0,110.5,-27.3,-56.7,17.2,17.1,0.242,16.6,0.231,0,12.9,14.1,15,61,61
schwefelporling,inat33198425,2019-09-22,52.06329,10.3887,9,170.0,10.1,0.0,3,6,58.1,-28.4,-164.1,14.2,12.9,0.248,13.5,0.19,0,10.9,11.8,15,61,61
schwefelporling,inat40701810,2019-08-18,52.14796,10.66687,8,101.0,11.9,11.4,6,0,90.2,-33.2,-168.2,19.3,18.2,0.204,18.4,0.162,0,15.8,17.1,15,61,61
schwefelporling,inat48635465,2020-06-06,52.28924,10.50308,6,76.0,5.8,18.6,6,1,71.2,-30.7,-132.1,14.9,16.6,0.223,16.0,0.177,0,11.8,12.6,15,61,61
schwefelporling,inat67463511,2021-01-02,52.22423,10.51466,1,77.0,30.3,0.9,7,9,62.0,24.4,31.1,4.4,2.6,0.367,3.6,0.365,0,1.2,1.5,15,61,61
schwefelporling,inat80842513,2021-05-29,52.27131,10.57792,5,75.0,32.8,15.9,11,1,136.3,4.4,-13.2,11.5,11.7,0.362,11.4,0.334,0,10.5,11.0,15,61,61
schwefelporling,inat82037240,2021-06-07,52.26878,10.53219,6,76.0,19.3,22.1,7,1,148.5,-10.4,-17.6,15.1,18.7,0.311,17.2,0.318,0,10.6,11.4,15,61,61
schwefelporling,inat82511197,2021-06-10,52.23459,10.51829,6,76.0,31.8,2.9,6,4,142.7,-18.7,-30.3,16.5,18.5,0.362,17.5,0.356,0,10.6,11.4,15,61,61
schwefelporling,inat83134474,2021-06-15,52.23448,10.51836,6,76.0,25.2,1.8,5,9,128.4,-31.0,-56.6,18.4,18.4,0.302,17.6,0.315,0,14.5,15.7,15,61,61
schwefelporling,inat91752272,2021-08-19,52.20852,10.51228,8,74.0,14.8,9.2,6,3,147.3,-22.8,-57.8,17.9,17.8,0.266,17.9,0.254,0,14.5,15.2,15,61,61
schwefelporling,inat91752845,2021-08-19,52.20798,10.51233,8,74.0,14.8,9.2,6,3,147.3,-22.8,-57.8,17.9,17.8,0.266,17.9,0.254,0,14.5,15.2,15,61,61
schwefelporling,inat162705988,2023-03-24,52.06287,10.38877,3,176.0,34.8,7.9,10,1,129.9,17.5,70.4,8.2,10.1,0.35,9.2,0.352,0,1.0,2.0,15,61,61
schwefelporling,inat162912948,2023-05-21,52.25037,10.52642,5,78.0,12.1,0.0,2,10,92.4,-38.4,-57.4,13.2,12.9,0.27,12.4,0.295,0,9.4,10.6,15,61,61
schwefelporling,inat164416949,2023-05-29,52.24492,10.49826,5,86.0,6.2,0.0,3,99,83.9,-46.4,-81.5,13.4,13.9,0.28,13.5,0.277,0,9.4,10.6,15,61,61
schwefelporling,inat164994818,2023-06-01,52.27977,10.75831,6,149.0,12.7,0.0,3,10,77.2,-43.2,-97.1,14.0,15.3,0.223,14.4,0.254,0,9.3,10.5,15,61,61
schwefelporling,inat179988362,2023-08-21,52.22956,10.51275,8,78.0,48.1,1.0,6,4,243.9,-1.3,15.6,19.8,21.7,0.363,21.0,0.349,0,15.0,16.0,15,61,61
schwefelporling,inat209284560,2024-04-25,52.2932,10.53246,4,68.0,26.6,9.6,7,1,124.3,3.9,16.7,8.2,6.2,0.382,6.9,0.384,0,3.6,5.5,15,61,61
schwefelporling,inat213968633,2024-05-06,52.38336,10.53002,5,81.0,12.4,6.8,4,1,131.2,-26.5,-2.3,12.0,15.9,0.299,14.9,0.32,0,3.6,5.6,15,61,61
schwefelporling,inat219530727,2024-05-31,52.61464,10.24928,5,49.0,49.1,32.8,11,0,171.0,28.8,-22.7,16.9,16.8,0.247,16.6,0.214,0,14.3,15.1,15,61,61
schwefelporling,inat307693940,2025-08-19,52.16798,10.31625,8,82.0,2.6,0.8,1,99,170.8,-59.4,-74.9,20.0,21.1,0.138,20.8,0.187,0,16.0,16.7,15,61,61
schwefelporling,inat245741924,2024-10-05,52.44776,10.45533,10,57.0,48.0,5.4,7,3,136.2,27.3,-47.5,13.0,11.5,0.393,12.3,0.391,0,9.3,10.4,15,61,61
schwefelporling,inat329695348,2025-12-06,52.18239,10.54055,12,96.0,3.8,1.5,2,99,106.8,-2.1,59.2,3.5,3.9,0.259,4.6,0.27,2,-1.0,-0.8,15,61,61
schwefelporling,inat340036879,2026-02-24,52.07576,10.45381,2,129.0,38.3,15.3,9,1,106.6,44.0,81.2,2.9,3.5,0.346,2.2,0.298,6,-2.3,-1.0,15,61,61
schwefelporling,inat345109598,2026-03-25,52.33234,10.59381,3,109.0,24.8,3.1,7,0,103.2,1.3,37.0,7.3,7.0,0.155,6.4,0.213,0,4.5,3.9,15,61,61
schwefelporling,inat356426687,2026-04-16,52.25753,10.53765,4,90.0,8.9,3.8,6,6,90.9,-28.6,-19.3,9.5,10.5,0.137,9.5,0.178,0,7.1,7.2,15,61,61
schwefelporling,inat352924417,2026-04-24,52.25513,10.45792,4,91.0,27.5,0.0,7,4,82.2,-11.5,-42.7,10.0,9.5,0.175,9.6,0.148,0,5.6,7.2,15,61,61
schwefelporling,inat363673391,2026-05-21,52.28876,10.51057,5,73.0,43.1,13.9,8,1,140.8,18.0,-25.2,10.7,13.5,0.186,12.3,0.237,0,6.4,7.7,15,61,61
schwefelporling,inat365032007,2026-05-25,52.25963,10.56827,5,81.0,64.5,0.0,7,5,154.2,15.7,-17.9,12.7,17.5,0.181,15.2,0.217,0,5.9,7.2,15,61,61
parasol,inat34591101,2019-10-19,52.16558,10.53953,10,83.0,21.7,19.5,6,1,142.7,18.1,-5.4,13.1,14.5,0.363,14.6,0.348,0,6.6,8.0,15,61,61
parasol,inat6979962,2017-07-09,52.46533,10.47887,7,68.0,48.2,3.1,8,8,126.1,5.8,-86.4,17.4,19.0,0.32,18.2,0.325,0,15.2,15.6,15,61,61
parasol,inat52667823,2019-10-02,52.76521,10.16576,10,91.0,21.7,56.4,8,0,148.2,50.6,-26.2,13.8,13.9,0.263,14.3,0.2,0,9.8,11.2,15,61,61
parasol,inat93735998,2021-09-05,52.3086,10.47793,9,79.0,48.8,0.1,7,6,121.1,13.5,-71.4,15.7,16.1,0.323,16.1,0.326,0,13.7,14.2,15,61,61
parasol,inat137144491,2022-10-01,52.39005,10.52653,10,92.0,35.6,8.8,9,0,80.5,19.6,-117.1,10.9,10.4,0.354,11.3,0.306,0,7.6,9.1,15,61,61
parasol,inat137516637,2022-10-04,52.39521,10.5244,10,89.0,21.6,10.0,7,2,85.2,7.2,-101.3,11.3,11.3,0.354,11.6,0.329,0,7.6,9.1,15,61,61
parasol,inat94114139,2021-09-08,52.29213,10.33415,9,103.0,39.0,0.0,5,9,118.3,2.4,-73.2,15.6,16.0,0.334,16.0,0.345,0,13.6,14.2,15,61,61
parasol,inat176952481,2023-08-06,52.40394,10.33615,8,60.0,73.1,18.9,12,0,221.2,47.2,-32.4,17.6,17.8,0.403,17.6,0.397,0,15.4,15.5,15,61,61
parasol,inat178362738,2023-08-14,52.51224,10.3854,8,53.0,66.4,7.5,8,2,230.5,27.3,-4.2,17.7,18.5,0.233,17.8,0.234,0,15.1,15.8,15,61,61
parasol,inat179145001,2023-08-19,52.42425,10.80909,8,60.0,22.2,35.1,7,2,313.9,7.3,84.4,19.1,21.0,0.362,20.1,0.338,0,15.2,16.0,15,61,61
parasol,inat185566866,2023-09-30,52.41122,10.46608,9,87.0,8.6,1.2,3,13,159.2,-26.9,-21.8,17.4,16.2,0.333,16.3,0.34,0,14.2,14.5,15,61,61
parasol,inat187504085,2023-10-14,52.2588,10.58078,10,86.0,37.8,23.3,8,0,167.5,33.4,6.0,15.7,15.4,0.393,15.5,0.379,0,12.7,13.6,15,61,61
parasol,inat188408682,2023-10-21,52.27037,10.5809,10,81.0,50.2,21.0,10,1,149.1,50.8,3.9,12.0,8.5,0.394,9.8,0.393,0,6.7,7.6,15,61,61
parasol,inat188999044,2023-10-26,52.61614,10.3461,10,74.0,66.2,14.9,9,0,178.2,65.2,50.6,10.3,10.6,0.286,10.9,0.287,0,6.1,7.0,15,61,61
parasol,inat192375592,2023-11-27,52.30261,10.62291,11,78.0,45.9,24.4,11,0,218.0,62.8,150.3,5.3,3.5,0.408,4.8,0.411,0,0.3,1.4,15,61,61
parasol,inat198808156,2021-09-17,52.28094,10.59203,9,80.0,6.4,10.0,5,2,127.8,-20.9,-49.7,16.8,17.1,0.331,17.2,0.31,0,13.6,14.7,15,61,61
parasol,inat221796840,2024-06-10,52.33814,10.46098,6,66.0,46.7,5.6,8,0,139.0,4.1,-64.6,15.4,15.2,0.307,15.2,0.325,0,12.4,13.7,15,61,61
parasol,inat245537747,2024-10-04,52.22226,10.44064,10,82.0,34.7,21.7,9,2,141.8,28.9,-42.7,13.4,11.4,0.38,12.3,0.365,0,9.5,10.9,15,61,61
parasol,inat246775284,2024-10-11,52.30264,10.55259,10,86.0,28.4,29.5,6,1,157.3,36.1,-11.7,11.6,12.2,0.381,12.6,0.368,0,9.0,10.2,15,61,61
parasol,inat247125205,2024-10-13,52.38255,10.41241,10,63.0,42.8,12.0,6,0,158.2,34.7,-1.3,11.1,11.9,0.4,12.4,0.397,0,8.6,9.0,15,61,61
parasol,inat248643097,2024-10-20,52.44731,10.62536,10,61.0,23.6,0.5,4,10,130.8,4.2,-19.6,11.6,11.5,0.362,11.5,0.369,0,7.0,8.2,15,61,61
parasol,inat259535582,2024-10-26,52.81243,10.14489,10,113.0,16.5,0.0,5,7,164.0,-0.6,34.2,11.2,11.8,0.242,12.1,0.24,0,7.1,7.7,15,61,61
parasol,inat303718988,2025-08-04,52.29709,10.6252,8,111.0,32.4,20.4,12,0,149.7,8.9,-93.0,17.4,16.9,0.258,16.9,0.194,0,15.1,15.9,15,61,61
parasol,inat305255788,2025-08-08,52.61629,10.12176,8,43.0,49.2,1.1,8,4,146.2,5.1,-96.7,17.5,17.5,0.189,17.0,0.205,0,15.7,15.9,15,61,61
parasol,inat315048350,2025-09-19,52.30259,10.4828,9,68.0,30.3,5.4,8,3,103.0,-4.0,-99.7,16.6,15.8,0.27,15.8,0.167,0,14.1,14.1,15,61,61
parasol,inat320703382,2025-10-13,52.30964,10.49964,10,71.0,20.7,4.2,8,9,70.5,3.7,-92.9,12.0,13.4,0.272,13.4,0.227,0,8.4,9.6,15,61,61
parasol,inat324509470,2025-11-02,52.1395,10.64924,11,218.0,34.0,13.8,9,1,112.1,32.1,3.1,8.8,8.2,0.362,8.5,0.322,0,4.8,5.6,15,61,61
