{"type": "FeatureCollection", "features": [{"type": "Feature", "properties": {"name": "ohne Namen", "stufe": "mild", "art": ""}, "geometry": {"type": "Polygon", "coordinates": [[[10.5741308, 52.2724267], [10.573953, 52.2724089], [10.5737285, 52.2722945], [10.5737741, 52.2721596], [10.5738034, 52.2720759], [10.5740262, 52.272051], [10.574078, 52.2720021], [10.5741146, 52.2720056], [10.5741636, 52.272061], [10.5743423, 52.2720564], [10.5745474, 52.2720615], [10.5745869, 52.2720926], [10.5746128, 52.2722385], [10.5744326, 52.2723497], [10.5741308, 52.2724267]]]}}, {"type": "Feature", "properties": {"name": "ohne Namen", "stufe": "mild", "art": ""}, "geometry": {"type": "Polygon", "coordinates": [[[10.5528494, 52.489719], [10.5529251, 52.4897961], [10.5531385, 52.4898593], [10.5534168, 52.489892], [10.5535969, 52.4898789], [10.5536695, 52.4898054], [10.5536695, 52.489727], [10.5534807, 52.4896225], [10.5531708, 52.4896138], [10.5529777, 52.4896585], [10.5528494, 52.489719]]]}}, {"type": "Feature", "properties": {"name": "Düvels Kamp", "stufe": "streng", "art": "Naturschutzgebiet"}, "geometry": {"type": "Polygon", "coordinates": [[[10.1547408, 52.4201723], [10.1543894, 52.4202178], [10.1536073, 52.4203258], [10.1535507, 52.4203819], [10.153494, 52.4204488], [10.1526234, 52.4205553], [10.1537757, 52.4225698], [10.1507179, 52.4230179], [10.1508668, 52.4233992], [10.1569236, 52.4225949], [10.1566181, 52.4219315], [10.1574973, 52.4217708], [10.1564846, 52.4199768], [10.1564552, 52.4199711], [10.1558919, 52.4200576], [10.1557108, 52.4201006], [10.1555659, 52.4201118], [10.1554774, 52.4200877], [10.1547408, 52.4201723]]]}}, {"type": "Feature", "properties": {"name": "Kalksteinbruch am Lohlberg", "stufe": "streng", "art": "Naturschutzgebiet"}, "geometry": {"type": "Polygon", "coordinates": [[[10.8836944, 52.0868546], [10.8828704, 52.0870814], [10.8823297, 52.0872923], [10.8818576, 52.0874189], [10.8813254, 52.0874928], [10.8807246, 52.087556], [10.8802611, 52.0875824], [10.8792054, 52.0875455], [10.8775661, 52.0874611], [10.8773944, 52.08744], [10.8771712, 52.0871025], [10.8771712, 52.0869021], [10.8783986, 52.0866595], [10.8788964, 52.0865276], [10.8790338, 52.0864854], [10.8792655, 52.0864538], [10.8794887, 52.086438], [10.8798406, 52.086438], [10.8806903, 52.0864696], [10.8813512, 52.0864591], [10.8818061, 52.086401], [10.8821151, 52.0863114], [10.8821002, 52.0857085], [10.8822316, 52.0857085], [10.8822396, 52.0857085], [10.8823211, 52.0863114], [10.8824584, 52.0863536], [10.8833253, 52.0864063], [10.8837228, 52.086434], [10.8836944, 52.0868546]]]}}, {"type": "Feature", "properties": {"name": "Allerdreckwiesen", "stufe": "streng", "art": "Naturschutzgebiet"}, "geometry": {"type": "Polygon", "coordinates": [[[10.2585441, 52.5933599], [10.2615578, 52.5929667], [10.2613176, 52.5954662], [10.2610615, 52.5981321], [10.2701175, 52.603227], [10.2753741, 52.6036172], [10.2841907, 52.6041356], [10.282657, 52.6003199], [10.2850376, 52.6008268], [10.2873323, 52.6013338], [10.2915477, 52.6022862], [10.2923388, 52.6008099], [10.2972954, 52.5975563], [10.3020731, 52.594203], [10.3056167, 52.5935934], [10.3071332, 52.5931213], [10.3074777, 52.5908356], [10.306052, 52.5903879], [10.3070608, 52.588564], [10.3080255, 52.588612], [10.3087365, 52.5864029], [10.3125506, 52.5863596], [10.3108702, 52.583518], [10.3105384, 52.5812713], [10.3022037, 52.5816752], [10.3021576, 52.581489], [10.296311, 52.5818157], [10.2962694, 52.5817707], [10.2956362, 52.5818072], [10.2956916, 52.5820796], [10.2947765, 52.582411], [10.2935333, 52.5826778], [10.2932236, 52.5825795], [10.292327, 52.5827677], [10.291874, 52.5813523], [10.2882089, 52.5828323], [10.2881391, 52.5824718], [10.286619, 52.5829671], [10.2859119, 52.5833125], [10.2854874, 52.5834018], [10.2852233, 52.5836354], [10.2847241, 52.5838488], [10.284567, 52.5838516], [10.2830274, 52.5833993], [10.2819533, 52.5832173], [10.278639, 52.5827699], [10.2783711, 52.5848945], [10.2757518, 52.5848453], [10.2736188, 52.5872453], [10.2705438, 52.5889413], [10.2614904, 52.58893], [10.2606071, 52.590299], [10.2585441, 52.5933599]]]}}, {"type": "Feature", "properties": {"name": "Luhberg", "stufe": "streng", "art": "nature_reserve"}, "geometry": {"type": "Polygon", "coordinates": [[[10.2152359, 52.3450582], [10.2153123, 52.3451139], [10.2146915, 52.3461662], [10.2141749, 52.3471948], [10.2150226, 52.3473654], [10.2154505, 52.3464231], [10.2157098, 52.3464642], [10.2172003, 52.3461456], [10.2176301, 52.3462112], [10.2178206, 52.3456596], [10.2173864, 52.34559], [10.2177373, 52.345244], [10.2186685, 52.345346], [10.2190078, 52.3451219], [10.2158066, 52.3446026], [10.2159078, 52.3443468], [10.215043, 52.3446974], [10.2148842, 52.3448937], [10.2152359, 52.3450582]]]}}, {"type": "Feature", "properties": {"name": "ohne Namen", "stufe": "streng", "art": "nature_reserve"}, "geometry": {"type": "Polygon", "coordinates": [[[10.5001818, 52.0923333], [10.5014184, 52.0927385], [10.5032981, 52.0907479], [10.5001457, 52.0906356], [10.5001818, 52.0923333]]]}}, {"type": "Feature", "properties": {"name": "ohne Namen", "stufe": "mild", "art": "Munitionsbelastetes Gebiet"}, "geometry": {"type": "Polygon", "coordinates": [[[10.7637484, 52.6213957], [10.7637987, 52.6212958], [10.7638468, 52.6212136], [10.7638872, 52.6211444], [10.7650371, 52.6191036], [10.7689058, 52.6122373], [10.7744279, 52.6022974], [10.7755062, 52.6004672], [10.7768035, 52.5981614], [10.7781676, 52.5957673], [10.7785821, 52.595029], [10.7808333, 52.5910187], [10.7816998, 52.5894513], [10.7804181, 52.5884178], [10.7778829, 52.5865003], [10.7766297, 52.5855365], [10.7757728, 52.5849039], [10.774871, 52.5842208], [10.7742863, 52.5838026], [10.7739455, 52.5835118], [10.7737416, 52.5831499], [10.7708528, 52.5796131], [10.7671313, 52.5803584], [10.7635753, 52.5789339], [10.7632775, 52.5769768], [10.7598185, 52.5774746], [10.7586352, 52.5777097], [10.7603655, 52.5813836], [10.7578387, 52.5824942], [10.7573174, 52.5820582], [10.7567137, 52.5819321], [10.7551768, 52.5806765], [10.7531614, 52.5817635], [10.7525578, 52.5819833], [10.7515416, 52.5819622], [10.7506458, 52.5819725], [10.7499564, 52.5822198], [10.748955, 52.5825791], [10.7478386, 52.583], [10.7469692, 52.5839771], [10.7467617, 52.5843712], [10.7465528, 52.5846755], [10.7462042, 52.5850098], [10.7460707, 52.5851377], [10.7455597, 52.5857587], [10.7454714, 52.5857356], [10.7452789, 52.5856852], [10.7450672, 52.5860397], [10.744821, 52.5862827], [10.744577, 52.5864255], [10.7385388, 52.5893141], [10.738291, 52.5894072], [10.7380507, 52.5894184], [10.7349683, 52.5892097], [10.7346727, 52.5892275], [10.7188367, 52.5975328], [10.7159598, 52.5991329], [10.7158332, 52.5992592], [10.7158016, 52.5994239], [10.7158694, 52.5995968], [10.7183336, 52.6019171], [10.7006268, 52.6001957], [10.7002691, 52.602365], [10.6997393, 52.6042459], [10.6973077, 52.6043892], [10.6934803, 52.6046416], [10.6935795, 52.6047204], [10.695567, 52.6063008], [10.6928803, 52.6063678], [10.6969626, 52.6111099], [10.6972189, 52.6113552], [10.6975541, 52.6116759], [10.6992212, 52.6127994], [10.7007147, 52.6138143], [10.7009417, 52.6146944], [10.7010257, 52.6150365], [10.7016157, 52.6167566], [10.7035231, 52.6167856], [10.7061413, 52.6168589], [10.7079308, 52.6169698], [10.7103579, 52.6172119], [10.7131968, 52.6174604], [10.7134761, 52.6174882], [10.7169061, 52.6177645], [10.7180691, 52.617901], [10.7247466, 52.6188663], [10.7248403, 52.6189566], [10.7251432, 52.6189896], [10.7337007, 52.6187921], [10.7379831, 52.6186484], [10.7401121, 52.6185906], [10.7422394, 52.6185422], [10.7426687, 52.6187342], [10.7429483, 52.6189699], [10.7433934, 52.6196267], [10.7464318, 52.6199441], [10.7476222, 52.6200446], [10.7512198, 52.6202835], [10.7637484, 52.6213957]]]}}, {"type": "Feature", "properties": {"name": "Erlengrund", "stufe": "streng", "art": "nature_reserve"}, "geometry": {"type": "Polygon", "coordinates": [[[10.773841, 52.4006748], [10.7736955, 52.4005409], [10.7735226, 52.4003935], [10.7733607, 52.4002043], [10.7732208, 52.4000235], [10.77324, 52.399903], [10.7740879, 52.4000503], [10.7741401, 52.4002713], [10.7740742, 52.4005693], [10.7742252, 52.4007887], [10.7739096, 52.4008389], [10.773841, 52.4006748]]]}}, {"type": "Feature", "properties": {"name": "Biotop", "stufe": "streng", "art": "nature_reserve"}, "geometry": {"type": "Polygon", "coordinates": [[[10.1341215, 52.1894194], [10.1339621, 52.1899343], [10.1336977, 52.1903157], [10.1334994, 52.190492], [10.1332505, 52.1905707], [10.1331105, 52.1906041], [10.1325623, 52.1909163], [10.1322746, 52.1909521], [10.1319324, 52.1910784], [10.131738, 52.1911714], [10.1313725, 52.1915218], [10.1312668, 52.1916407], [10.1311648, 52.1915842], [10.1311687, 52.1914984], [10.1320024, 52.1908973], [10.1320836, 52.1908216], [10.1322762, 52.1906685], [10.1324913, 52.1905092], [10.1330244, 52.1901374], [10.1334525, 52.1898381], [10.1339973, 52.1894384], [10.1341215, 52.1894194]]]}}, {"type": "Feature", "properties": {"name": "Lappwald", "stufe": "streng", "art": "Naturschutzgebiet"}, "geometry": {"type": "Polygon", "coordinates": [[[11.0141163, 52.2576905], [11.0149961, 52.2591024], [11.0155004, 52.2599298], [11.016305, 52.2612498], [11.019094, 52.265728], [11.0206926, 52.2681508], [11.0215294, 52.2692473], [11.028532, 52.269964], [11.0363245, 52.2721554], [11.0423112, 52.272162], [11.0429871, 52.2719388], [11.0431832, 52.2718324], [11.0472975, 52.2696275], [11.0535795, 52.2665894], [11.0507782, 52.264372], [11.0517191, 52.2621931], [11.0564168, 52.2587359], [11.0559166, 52.2570547], [11.0520094, 52.2537236], [11.0522191, 52.2534184], [11.0517809, 52.2531709], [11.051338, 52.2529657], [11.0486734, 52.2515891], [11.0479438, 52.2512475], [11.0439205, 52.2495463], [11.0426009, 52.2489946], [11.0371506, 52.2473721], [11.036464, 52.2482786], [11.0358739, 52.2488829], [11.0356486, 52.249277], [11.034801, 52.2507746], [11.0344899, 52.2510965], [11.0340929, 52.2509914], [11.0338461, 52.2507812], [11.0298228, 52.2520948], [11.0276663, 52.2528436], [11.0206282, 52.2560552], [11.0199308, 52.2563113], [11.0141163, 52.2576905]]]}}, {"type": "Feature", "properties": {"name": "Naturschutzgebiet Lutterlandbruch", "stufe": "streng", "art": "Naturschutzgebiet"}, "geometry": {"type": "Polygon", "coordinates": [[[10.8432141, 52.2836176], [10.8436732, 52.2831041], [10.8441764, 52.2824938], [10.8445038, 52.2821599], [10.8449772, 52.2819371], [10.8457146, 52.2814964], [10.8465637, 52.2808101], [10.8465523, 52.280364], [10.8465669, 52.2789721], [10.8465747, 52.2781978], [10.8465706, 52.2767137], [10.8448304, 52.2764799], [10.8442225, 52.2772697], [10.8440046, 52.2772755], [10.8417416, 52.2773049], [10.8413885, 52.2779958], [10.8399006, 52.2781415], [10.8389521, 52.2784267], [10.8387348, 52.2785147], [10.8383151, 52.2787826], [10.837873, 52.2790928], [10.8371675, 52.2796267], [10.8369191, 52.2798468], [10.8363347, 52.2802746], [10.8362811, 52.2804166], [10.8364164, 52.2821774], [10.8368158, 52.2835524], [10.8364296, 52.2839725], [10.8290932, 52.2867027], [10.8296353, 52.288655], [10.8296693, 52.289017], [10.8296813, 52.2892754], [10.8299394, 52.2894801], [10.8294014, 52.2899663], [10.8316563, 52.2913297], [10.831846, 52.2914432], [10.8330981, 52.2921351], [10.8337724, 52.2915212], [10.8339312, 52.2915781], [10.8362401, 52.2892774], [10.8376073, 52.2880444], [10.8392909, 52.2870478], [10.8401368, 52.2865536], [10.8410969, 52.2859682], [10.8415949, 52.2854015], [10.8421745, 52.2847424], [10.8432141, 52.2836176]]]}}, {"type": "Feature", "properties": {"name": "Salzwiese Seckertrift", "stufe": "streng", "art": "Naturschutzgebiet"}, "geometry": {"type": "Polygon", "coordinates": [[[10.9148801, 52.074424], [10.9162474, 52.0749595], [10.9171486, 52.0742539], [10.9208715, 52.0731905], [10.9219202, 52.0742061], [10.9226364, 52.0735598], [10.9204558, 52.0711858], [10.9213141, 52.0708362], [10.9194472, 52.0691298], [10.9180096, 52.0693787], [10.9191334, 52.070701], [10.9147856, 52.0719714], [10.9158494, 52.0736346], [10.9148801, 52.074424]]]}}, {"type": "Feature", "properties": {"name": "Heeseberg", "stufe": "streng", "art": "Naturschutzgebiet"}, "geometry": {"type": "Polygon", "coordinates": [[[10.8590104, 52.0811107], [10.8604065, 52.081039], [10.8602884, 52.0804769], [10.8616134, 52.0801027], [10.8616778, 52.0796], [10.8616, 52.0793972], [10.8613881, 52.0792093], [10.8594999, 52.0782252], [10.8589715, 52.0778296], [10.8588937, 52.077762], [10.8595294, 52.0775724], [10.8598754, 52.0779252], [10.8607283, 52.0783851], [10.8612755, 52.0783851], [10.862284, 52.0787247], [10.8628526, 52.0794285], [10.8629009, 52.0795571], [10.8627172, 52.0807332], [10.8626944, 52.0808643], [10.8652183, 52.080495], [10.8676672, 52.0810505], [10.8676806, 52.0811774], [10.8707464, 52.0817115], [10.8710468, 52.0815187], [10.8746785, 52.082084], [10.8747429, 52.0828389], [10.872117, 52.0829016], [10.8718917, 52.0828785], [10.8675653, 52.0836861], [10.8676028, 52.0839103], [10.8649474, 52.0844311], [10.8644593, 52.083912], [10.8640677, 52.0841246], [10.8636492, 52.0841526], [10.8628982, 52.084263], [10.8622572, 52.0843026], [10.8619058, 52.0842251], [10.861478, 52.084488], [10.8613868, 52.0845877], [10.8612594, 52.0845539], [10.8611762, 52.0841378], [10.853363, 52.0842103], [10.8528829, 52.084652], [10.852502, 52.0846223], [10.8524215, 52.0842597], [10.8520514, 52.0841444], [10.8516437, 52.0838081], [10.8518046, 52.0837587], [10.8514398, 52.0833334], [10.855034, 52.0823445], [10.8540577, 52.0810687], [10.8576974, 52.079764], [10.8590104, 52.0811107]]]}}, {"type": "Feature", "properties": {"name": "Naturschutzgebiet Schnuckenheide", "stufe": "streng", "art": "Naturschutzgebiet"}, "geometry": {"type": "Polygon", "coordinates": [[[10.5402511, 52.7185463], [10.5420315, 52.7185489], [10.5418971, 52.7182631], [10.5420196, 52.7182886], [10.5434472, 52.7184771], [10.5450782, 52.7187125], [10.5464114, 52.7189107], [10.5474077, 52.7190582], [10.5481629, 52.719164], [10.5482699, 52.7191587], [10.5483228, 52.7191565], [10.5497439, 52.7193138], [10.5513067, 52.7194477], [10.5512606, 52.717973], [10.5510392, 52.717974], [10.5509261, 52.7170845], [10.5512065, 52.7170889], [10.5513245, 52.7171041], [10.5514427, 52.7171192], [10.5514451, 52.7170388], [10.551535, 52.7165503], [10.5475245, 52.716009], [10.5461998, 52.7158049], [10.5427725, 52.7152152], [10.5426534, 52.7153756], [10.5442504, 52.7156357], [10.5441239, 52.71593], [10.5443834, 52.7163427], [10.5442904, 52.7167292], [10.542034, 52.716354], [10.541955, 52.7163405], [10.5418429, 52.7163213], [10.5419988, 52.7160823], [10.5410665, 52.715939], [10.5414482, 52.7168485], [10.5402511, 52.7185463]]]}}, {"type": "Feature", "properties": {"name": "Viehmoor", "stufe": "streng", "art": "Naturschutzgebiet"}, "geometry": {"type": "Polygon", "coordinates": [[[10.4615641, 52.4520289], [10.4710255, 52.4492202], [10.4725651, 52.4507931], [10.4783452, 52.45026], [10.4791728, 52.4484748], [10.4793037, 52.4476736], [10.4803069, 52.4476216], [10.4827041, 52.4463482], [10.4826387, 52.4441909], [10.4831555, 52.4433143], [10.483108, 52.4428413], [10.4844579, 52.4426788], [10.4855555, 52.4424039], [10.4855789, 52.439456], [10.4844214, 52.4389856], [10.481162, 52.4355395], [10.4800126, 52.4355786], [10.4796654, 52.4353257], [10.4718772, 52.436559], [10.4690735, 52.4372779], [10.4653307, 52.4382022], [10.4595215, 52.439503], [10.4567856, 52.4400806], [10.4484103, 52.4418413], [10.4489137, 52.4437958], [10.449713, 52.4473113], [10.4546814, 52.4492473], [10.4568767, 52.4502263], [10.4585735, 52.4508233], [10.4615641, 52.4520289]]]}}, {"type": "Feature", "properties": {"name": "Auflandeteich Groß Bülten-Adenstedt", "stufe": "streng", "art": "Naturschutzgebiet"}, "geometry": {"type": "Polygon", "coordinates": [[[10.1761832, 52.2538099], [10.1765408, 52.253856], [10.1782117, 52.2540716], [10.1792444, 52.2542534], [10.1810082, 52.2546885], [10.1845961, 52.2556172], [10.1868716, 52.2564249], [10.187334, 52.2565903], [10.1874065, 52.2566157], [10.1876665, 52.2566901], [10.1879972, 52.2567962], [10.1881908, 52.2568554], [10.1885738, 52.2567518], [10.1895013, 52.2564852], [10.190397, 52.2561257], [10.1902395, 52.2556014], [10.1892886, 52.2529067], [10.1888551, 52.2528882], [10.1875042, 52.251836], [10.1865969, 52.2512558], [10.1849184, 52.2505461], [10.1850061, 52.2500462], [10.1823779, 52.2498579], [10.1802508, 52.2490741], [10.1798324, 52.248426], [10.1777456, 52.2484846], [10.1775713, 52.2498191], [10.1771796, 52.2500806], [10.1763231, 52.2504113], [10.1756184, 52.2511299], [10.1755747, 52.2511727], [10.175581, 52.2517089], [10.1753101, 52.2521486], [10.1751022, 52.2527002], [10.1752408, 52.2529741], [10.17561, 52.2531174], [10.1757407, 52.2533202], [10.1761832, 52.2538099]]]}}, {"type": "Feature", "properties": {"name": "Fahle Heide", "stufe": "streng", "art": "Naturschutzgebiet"}, "geometry": {"type": "Polygon", "coordinates": [[[10.4919297, 52.4641027], [10.4921528, 52.4640684], [10.4926464, 52.4639899], [10.4934188, 52.4639638], [10.4941269, 52.4639246], [10.4949209, 52.46382], [10.4960152, 52.4637285], [10.4967233, 52.4638331], [10.4974314, 52.4639507], [10.4983326, 52.4637546], [10.4998776, 52.4634016], [10.5004784, 52.463467], [10.5007359, 52.4635977], [10.5006715, 52.4638592], [10.5009513, 52.4642787], [10.5011707, 52.4643858], [10.5023219, 52.464304], [10.5028975, 52.4643882], [10.5033397, 52.4644386], [10.5038549, 52.4641703], [10.5036172, 52.4634061], [10.5036514, 52.4633792], [10.5045703, 52.4639005], [10.5047959, 52.4643908], [10.5049834, 52.4650221], [10.5050507, 52.4652487], [10.5057608, 52.465956], [10.5058164, 52.4660855], [10.5058361, 52.4662236], [10.5058406, 52.4662828], [10.5058215, 52.4664368], [10.5057834, 52.466563], [10.5057674, 52.4666161], [10.5055151, 52.4670039], [10.5052888, 52.4672422], [10.5048865, 52.4675252], [10.504311, 52.4679722], [10.5040376, 52.4681302], [10.5039108, 52.4681754], [10.5032611, 52.4683908], [10.502949, 52.4685253], [10.502751, 52.4685624], [10.5025661, 52.468569], [10.5018603, 52.4684226], [10.5014153, 52.4683333], [10.5012861, 52.4683242], [10.5011447, 52.4683352], [10.5005704, 52.4684386], [10.4999739, 52.4687191], [10.4996335, 52.4688211], [10.4992737, 52.4689008], [10.4988328, 52.4689617], [10.4983507, 52.4689366], [10.4976726, 52.4688813], [10.4969093, 52.4689197], [10.496304, 52.4689457], [10.4957059, 52.468965], [10.4949354, 52.4690218], [10.4942913, 52.4689964], [10.4938835, 52.4688902], [10.4934451, 52.4687368], [10.4930024, 52.4685433], [10.4926718, 52.4683852], [10.4905425, 52.4684453], [10.4898278, 52.4701774], [10.490002, 52.4702242], [10.4917869, 52.4746993], [10.4906662, 52.4747492], [10.4884346, 52.4752198], [10.4874311, 52.4753153], [10.4867702, 52.4754564], [10.4860921, 52.4756969], [10.4857431, 52.475879], [10.485457, 52.4761047], [10.4850938, 52.4765311], [10.4848733, 52.4769516], [10.4846565, 52.4772186], [10.4843844, 52.4774236], [10.4838695, 52.4777883], [10.4836701, 52.4779667], [10.4835954, 52.4780818], [10.4835356, 52.4784415], [10.4834023, 52.4793626], [10.4833258, 52.4795513], [10.4831878, 52.4796579], [10.4829759, 52.4797304], [10.4827369, 52.4797564], [10.4824614, 52.4797548], [10.4821625, 52.4797217], [10.4814744, 52.4794975], [10.4803501, 52.4793981], [10.4801362, 52.4793467], [10.4800067, 52.4792361], [10.4799008, 52.4790315], [10.4798945, 52.4788008], [10.4799347, 52.4785759], [10.4800443, 52.478409], [10.4800347, 52.4783202], [10.4789756, 52.4779305], [10.4787579, 52.4777423], [10.4786012, 52.4775783], [10.4784161, 52.4774576], [10.4781286, 52.4773478], [10.4776807, 52.4773019], [10.4773196, 52.4774155], [10.4763316, 52.4778901], [10.4759744, 52.4780051], [10.4755587, 52.4780353], [10.47511, 52.4779951], [10.4742322, 52.4777188], [10.4735611, 52.4772443], [10.4730956, 52.4770846], [10.4718176, 52.4768961], [10.4711286, 52.4765706], [10.4703345, 52.4766482], [10.4696534, 52.476821], [10.4690765, 52.4770458], [10.4677587, 52.4774012], [10.4671064, 52.4775633], [10.4664541, 52.4775946], [10.4655639, 52.4776015], [10.4653907, 52.4778826], [10.4652782, 52.4780651], [10.4649086, 52.4786206], [10.4623601, 52.4785751], [10.4617336, 52.4785674], [10.461639, 52.4785143], [10.461179, 52.4783201], [10.4609504, 52.4781785], [10.4605789, 52.4780501], [10.4600197, 52.4778485], [10.4595852, 52.4777799], [10.4589439, 52.4777305], [10.4584774, 52.4777979], [10.45789, 52.4776312], [10.4576379, 52.4774042], [10.4576221, 52.4771555], [10.4578109, 52.4769307], [10.4578109, 52.4767059], [10.4580995, 52.4766496], [10.4581592, 52.4766422], [10.4585748, 52.4765909], [10.4584912, 52.476424], [10.45852, 52.4759516], [10.4586371, 52.4740296], [10.4609326, 52.4718979], [10.4584397, 52.46982], [10.4600196, 52.4695019], [10.4606624, 52.4692094], [10.4612635, 52.4688572], [10.4616609, 52.4686863], [10.4618635, 52.4686198], [10.4621869, 52.468589], [10.4628678, 52.4685223], [10.4646596, 52.4683469], [10.4655151, 52.4682561], [10.4672856, 52.4681412], [10.4681229, 52.4680586], [10.4685845, 52.4680112], [10.4688195, 52.4679124], [10.4692018, 52.467631], [10.4694879, 52.467373], [10.4703248, 52.4670798], [10.4707463, 52.4668348], [10.4712556, 52.4665513], [10.4721496, 52.4664015], [10.473411, 52.4663633], [10.4738547, 52.4663099], [10.4743101, 52.4662551], [10.4748294, 52.4661831], [10.475313, 52.466116], [10.4757941, 52.4660269], [10.4763239, 52.4659805], [10.4767514, 52.4659061], [10.4774739, 52.4657344], [10.4778468, 52.4656007], [10.4782777, 52.4654181], [10.4787881, 52.4652039], [10.4792907, 52.4650616], [10.4798914, 52.4649286], [10.4810767, 52.4648282], [10.4819911, 52.4647726], [10.4830745, 52.4646983], [10.4842609, 52.4645957], [10.4849847, 52.4645411], [10.4856157, 52.464492], [10.4859311, 52.4644503], [10.4854955, 52.4648587], [10.4855623, 52.4652179], [10.4856298, 52.4654024], [10.4865888, 52.4653272], [10.4874663, 52.4653108], [10.4877799, 52.4652793], [10.487763, 52.4649826], [10.4877931, 52.4648624], [10.4877393, 52.4647454], [10.4877069, 52.4646018], [10.4875691, 52.4640208], [10.4873358, 52.4639443], [10.4875456, 52.4637784], [10.4878861, 52.4635495], [10.4881796, 52.4633162], [10.4883675, 52.4632105], [10.488791, 52.463447], [10.4890538, 52.4636157], [10.4891125, 52.4636882], [10.4891394, 52.4637214], [10.4893345, 52.4640153], [10.4893754, 52.4642022], [10.4894312, 52.464457], [10.4900071, 52.4644475], [10.4912356, 52.4643331], [10.4918989, 52.464122], [10.4919297, 52.4641027]]]}}, {"type": "Feature", "properties": {"name": "Gifhorner Heide", "stufe": "streng", "art": "nature_reserve"}, "geometry": {"type": "Polygon", "coordinates": [[[10.5127151, 52.466229], [10.5148089, 52.4662751], [10.5156148, 52.4663199], [10.5163872, 52.4663356], [10.5162618, 52.467112], [10.5195191, 52.4671422], [10.5189749, 52.4698706], [10.517262, 52.4697676], [10.5143993, 52.4696336], [10.5122248, 52.4695872], [10.5107182, 52.4694448], [10.5097325, 52.469], [10.5093356, 52.4688131], [10.5086508, 52.4685537], [10.5080963, 52.468301], [10.5071569, 52.4678808], [10.5068138, 52.4677625], [10.5063337, 52.467621], [10.5061014, 52.4675239], [10.5058189, 52.4673222], [10.505753, 52.4671913], [10.5056612, 52.4670139], [10.5057834, 52.466563], [10.5058215, 52.4664368], [10.5058406, 52.4662828], [10.5058361, 52.4662236], [10.5058164, 52.4660855], [10.5057608, 52.465956], [10.5050507, 52.4652487], [10.5059004, 52.4653177], [10.5059528, 52.4649133], [10.507924, 52.4651552], [10.5107003, 52.4646641], [10.5104259, 52.465916], [10.5104259, 52.466282], [10.5127151, 52.466229]]]}}, {"type": "Feature", "properties": {"name": "Heideblütental", "stufe": "mild", "art": "Landschaftsschutzgebiet"}, "geometry": {"type": "Polygon", "coordinates": [[[10.5548974, 52.816191], [10.5550268, 52.8160678], [10.5551739, 52.8133117], [10.5553431, 52.8133183], [10.5555434, 52.8133825], [10.5565946, 52.8137079], [10.5563808, 52.8138112], [10.5582829, 52.8146461], [10.5585661, 52.8148692], [10.5588272, 52.8151638], [10.5593573, 52.8150787], [10.5597391, 52.8152424], [10.5597421, 52.8153865], [10.5586048, 52.8160164], [10.558419, 52.8160638], [10.5582998, 52.8165638], [10.5582917, 52.8165955], [10.5582077, 52.8169254], [10.5575513, 52.8169334], [10.5567012, 52.8168464], [10.555771, 52.816801], [10.5549683, 52.8167863], [10.5548927, 52.8167412], [10.5549557, 52.8166652], [10.5548974, 52.816191]]]}}, {"type": "Feature", "properties": {"name": "Gagelstrauchbestand bei Vorhop", "stufe": "streng", "art": "Naturschutzgebiet"}, "geometry": {"type": "Polygon", "coordinates": [[[10.6739354, 52.6248916], [10.6750684, 52.6255771], [10.6766507, 52.6265288], [10.6800862, 52.6286724], [10.681722, 52.6277051], [10.6836529, 52.6265632], [10.6774327, 52.6227668], [10.6755028, 52.623932], [10.6739354, 52.6248916]]]}}, {"type": "Feature", "properties": {"name": "Insektenhotel Rühme", "stufe": "mild", "art": "Geschützter Biotop"}, "geometry": {"type": "Polygon", "coordinates": [[[10.5227091, 52.3130484], [10.5231428, 52.3131214], [10.5231336, 52.3131629], [10.523213, 52.3131726], [10.5233734, 52.3131921], [10.5233881, 52.3131523], [10.524123, 52.3132573], [10.5230059, 52.3133517], [10.5227091, 52.3130484]]]}}, {"type": "Feature", "properties": {"name": "Bornriethmoor", "stufe": "streng", "art": "Naturschutzgebiet"}, "geometry": {"type": "Polygon", "coordinates": [[[10.1101462, 52.7797403], [10.1056492, 52.7738766], [10.103865, 52.7715498], [10.1034478, 52.7710315], [10.1026377, 52.7702295], [10.1016586, 52.7694565], [10.1007943, 52.7689199], [10.0999663, 52.7683783], [10.0992559, 52.7678875], [10.0985315, 52.7674335], [10.0977814, 52.7673476], [10.0970216, 52.7674428], [10.0964448, 52.7677251], [10.0962334, 52.7674983], [10.0956519, 52.7668387], [10.095188, 52.766319], [10.092224, 52.7667085], [10.0921198, 52.766804], [10.0914804, 52.7693316], [10.0911812, 52.7695928], [10.0921659, 52.7711498], [10.0931839, 52.7727263], [10.0951478, 52.7758907], [10.0951464, 52.7770742], [10.0952127, 52.7775792], [10.0985488, 52.7793067], [10.0991154, 52.7800616], [10.1000526, 52.7815117], [10.1009396, 52.7812132], [10.1026325, 52.7807946], [10.1059022, 52.780099], [10.1101462, 52.7797403]]]}}, {"type": "Feature", "properties": {"name": "Hoppenriethe", "stufe": "streng", "art": "Naturschutzgebiet"}, "geometry": {"type": "Polygon", "coordinates": [[[10.2069553, 52.7145734], [10.2070625, 52.7139672], [10.2072073, 52.7136533], [10.2016676, 52.7150364], [10.203056, 52.7157309], [10.2036377, 52.7153715], [10.2040519, 52.7156415], [10.204542, 52.7156718], [10.2061035, 52.7164171], [10.2069536, 52.7167425], [10.2082348, 52.7173716], [10.2093544, 52.7166532], [10.2095398, 52.716506], [10.2108152, 52.7170362], [10.2119631, 52.7168741], [10.2125306, 52.7164883], [10.2126633, 52.7163884], [10.2147396, 52.7165366], [10.2155059, 52.7156226], [10.2163547, 52.7157338], [10.2161889, 52.7148368], [10.2158243, 52.7136322], [10.214995, 52.7133688], [10.2148346, 52.7147226], [10.2069553, 52.7145734]]]}}, {"type": "Feature", "properties": {"name": "Bachtäler des Lappwaldes", "stufe": "streng", "art": "Naturschutzgebiet"}, "geometry": {"type": "Polygon", "coordinates": [[[11.0659015, 52.2756751], [11.0653329, 52.2754497], [11.0646739, 52.2751834], [11.063235, 52.2745899], [11.0631894, 52.2745631], [11.0631521, 52.2745122], [11.0631242, 52.2743512], [11.0631011, 52.2742387], [11.0630452, 52.2735527], [11.063051, 52.2734766], [11.0631882, 52.2730194], [11.0630544, 52.2729929], [11.0625617, 52.2729389], [11.0622844, 52.2728926], [11.0621461, 52.2728527], [11.0615501, 52.2725886], [11.0610944, 52.2723891], [11.0607495, 52.2722182], [11.060243, 52.2719024], [11.0598096, 52.2715847], [11.0592778, 52.2710923], [11.0586769, 52.2704934], [11.0584018, 52.270241], [11.0589506, 52.2700593], [11.0595243, 52.2699109], [11.0600332, 52.2698071], [11.0604743, 52.2697604], [11.0611263, 52.2697058], [11.0612342, 52.2695987], [11.0608029, 52.2692437], [11.0602025, 52.2687399], [11.059862, 52.2684428], [11.0597122, 52.2682571], [11.0596655, 52.2681958], [11.0607634, 52.2677483], [11.0622268, 52.26729], [11.0626666, 52.2673145], [11.0628915, 52.2673357], [11.0631741, 52.2673357], [11.0634818, 52.2672925], [11.0638243, 52.2672139], [11.0644184, 52.2671464], [11.064918, 52.2671361], [11.0653056, 52.2671708], [11.0654428, 52.2670557], [11.0655177, 52.2669497], [11.0656113, 52.2668185], [11.0656738, 52.2667812], [11.0657803, 52.266756], [11.0659318, 52.2667223], [11.0661634, 52.2666808], [11.0670314, 52.2664418], [11.0675136, 52.2661805], [11.0678662, 52.2658503], [11.0696614, 52.2634045], [11.0696304, 52.2631441], [11.0704491, 52.2619706], [11.0669198, 52.2606797], [11.0661434, 52.2603425], [11.0652405, 52.2602317], [11.0642705, 52.26039], [11.0638441, 52.2604646], [11.0646071, 52.2590895], [11.0650358, 52.2588928], [11.0661047, 52.2574272], [11.0759636, 52.2600378], [11.0763543, 52.2601175], [11.0792384, 52.2596037], [11.079458, 52.2594021], [11.0792003, 52.2540538], [11.0792003, 52.2529633], [11.0790494, 52.251538], [11.0772685, 52.251341], [11.0772258, 52.250923], [11.0763905, 52.250569], [11.0773617, 52.246403], [11.0714241, 52.2450344], [11.0695566, 52.2446006], [11.0685059, 52.2444299], [11.0660835, 52.2436687], [11.0641475, 52.2427729], [11.0606509, 52.2435527], [11.061942, 52.2452655], [11.058751, 52.2500743], [11.0553046, 52.2491423], [11.0520556, 52.2537195], [11.0559493, 52.2570297], [11.0564795, 52.2587462], [11.0517823, 52.2622], [11.050818, 52.2643731], [11.0536548, 52.266595], [11.0473215, 52.2696359], [11.0438968, 52.2715162], [11.0429366, 52.2719989], [11.0423656, 52.272197], [11.0370362, 52.2721893], [11.0364486, 52.2722772], [11.0349123, 52.2719231], [11.0287702, 52.2702307], [11.0264831, 52.2742393], [11.026074, 52.2747439], [11.0251884, 52.2755613], [11.0250615, 52.2770079], [11.0266712, 52.2771607], [11.027827, 52.2786145], [11.0282557, 52.2790602], [11.0283838, 52.2793216], [11.0284694, 52.279557], [11.0285122, 52.2798978], [11.0285766, 52.2803314], [11.0286628, 52.2806211], [11.0288347, 52.2809368], [11.0297908, 52.2826388], [11.0315931, 52.281927], [11.0318232, 52.2818157], [11.0320376, 52.2816956], [11.0322174, 52.2815156], [11.0327838, 52.2808436], [11.0337653, 52.279848], [11.0343955, 52.2792829], [11.0350255, 52.2788024], [11.0359578, 52.2781423], [11.0365906, 52.2777975], [11.0375128, 52.2773388], [11.0388244, 52.276758], [11.0398957, 52.2763985], [11.040452, 52.2762283], [11.0409937, 52.2761107], [11.0415209, 52.2760275], [11.041812, 52.275942], [11.0420341, 52.2758515], [11.042245, 52.2757452], [11.042429, 52.2756352], [11.0425421, 52.2755313], [11.0427289, 52.2753676], [11.0439519, 52.2755072], [11.0464843, 52.2755991], [11.0479421, 52.275704], [11.0486375, 52.2758237], [11.0493076, 52.2751426], [11.0495755, 52.2749262], [11.0517084, 52.2730833], [11.051997, 52.2730113], [11.05241, 52.272752], [11.0524307, 52.2726002], [11.0538525, 52.2727366], [11.0547837, 52.272992], [11.0557073, 52.2733141], [11.0574488, 52.2735707], [11.057986, 52.2735707], [11.0586066, 52.273623], [11.0590343, 52.2736884], [11.0597415, 52.2738523], [11.0602552, 52.2739833], [11.060586, 52.2741139], [11.0614112, 52.2745467], [11.0617066, 52.2747147], [11.0622295, 52.2749106], [11.0624032, 52.2748133], [11.062768, 52.2746289], [11.062867, 52.2746028], [11.0630405, 52.2745922], [11.0630924, 52.2746181], [11.0641126, 52.2750515], [11.06584, 52.2757627], [11.0659015, 52.2756751]]]}}, {"type": "Feature", "properties": {"name": "ohne Namen", "stufe": "mild", "art": "Landschaftsschutzgebiet"}, "geometry": {"type": "Polygon", "coordinates": [[[10.5438128, 52.4904787], [10.5441928, 52.4902474], [10.5439301, 52.4901163], [10.5437722, 52.4902732], [10.5436648, 52.4903623], [10.5435036, 52.4904351], [10.5433547, 52.490488], [10.5432289, 52.4905347], [10.5430571, 52.4905819], [10.5428747, 52.4906178], [10.542732, 52.4906367], [10.5425295, 52.4906586], [10.5424607, 52.4906803], [10.5424102, 52.4907178], [10.542359, 52.490771], [10.5423436, 52.4908279], [10.5423206, 52.490906], [10.542278, 52.4911631], [10.5427093, 52.4910459], [10.5433896, 52.4908845], [10.5438309, 52.4906182], [10.5438128, 52.4904787]]]}}, {"type": "Feature", "properties": {"name": "Derenmoor", "stufe": "streng", "art": "Naturschutzgebiet"}, "geometry": {"type": "Polygon", "coordinates": [[[10.6800244, 52.499728], [10.6794093, 52.4988219], [10.6793577, 52.4987442], [10.6811, 52.4984289], [10.6811854, 52.498395], [10.6811933, 52.4983177], [10.6811854, 52.4982718], [10.6812409, 52.4982404], [10.6830249, 52.497907], [10.6842393, 52.4977113], [10.6852935, 52.5003636], [10.6859116, 52.5019472], [10.6863438, 52.5030491], [10.686551, 52.5033981], [10.6868826, 52.5038588], [10.6873064, 52.5043576], [10.6904429, 52.5079356], [10.691375, 52.508951], [10.6931324, 52.5114428], [10.6935477, 52.5119518], [10.6937132, 52.5119977], [10.6938424, 52.5120047], [10.6962568, 52.5120762], [10.6948885, 52.5136597], [10.6940528, 52.514748], [10.6988835, 52.5155074], [10.6981412, 52.517287], [10.6980234, 52.5174749], [10.6976764, 52.517823], [10.6971074, 52.5175666], [10.6968185, 52.5173227], [10.6962114, 52.5170106], [10.6957067, 52.5168876], [10.6941429, 52.5181274], [10.6939954, 52.5182443], [10.6894548, 52.5140019], [10.688693, 52.5131098], [10.6883357, 52.5127053], [10.6873402, 52.5114374], [10.6870813, 52.5111132], [10.6847484, 52.5079297], [10.6825631, 52.5051246], [10.6815248, 52.5035872], [10.6815274, 52.5028502], [10.6814836, 52.5020612], [10.6814567, 52.50189], [10.6814018, 52.5017753], [10.6811675, 52.5014184], [10.6809359, 52.501072], [10.680724, 52.5007587], [10.6800244, 52.499728]]]}}, {"type": "Feature", "properties": {"name": "Naturschutzgebiet Wendesser Moor", "stufe": "streng", "art": "Naturschutzgebiet"}, "geometry": {"type": "Polygon", "coordinates": [[[10.205586, 52.3607029], [10.208352, 52.3551554], [10.2164256, 52.3567293], [10.2169064, 52.3575219], [10.2227052, 52.3585311], [10.221484, 52.3619538], [10.2179204, 52.3636326], [10.2145502, 52.3623442], [10.2135829, 52.3621225], [10.205586, 52.3607029]]]}}, {"type": "Feature", "properties": {"name": "ohne Namen", "stufe": "mild", "art": "Wasserschutzgebiet"}, "geometry": {"type": "Polygon", "coordinates": [[[10.7194005, 52.4790307], [10.7190294, 52.4783051], [10.7187291, 52.4772035], [10.7181693, 52.4755741], [10.7175388, 52.4754721], [10.7173633, 52.4759478], [10.7118955, 52.4766885], [10.7117271, 52.4763147], [10.7078683, 52.477379], [10.708341, 52.4793426], [10.7097108, 52.4795594], [10.7102237, 52.4797801], [10.7107181, 52.4799561], [10.7110439, 52.4800162], [10.7126909, 52.4800904], [10.7128964, 52.4800864], [10.7137534, 52.4800233], [10.7159701, 52.4796692], [10.7159863, 52.4806054], [10.7162034, 52.4805993], [10.7162068, 52.4797752], [10.7163125, 52.4796112], [10.7178591, 52.4792638], [10.7194005, 52.4790307]]]}}, {"type": "Feature", "properties": {"name": "Schweimker Moor und Lüderbruch", "stufe": "streng", "art": "Naturschutzgebiet"}, "geometry": {"type": "Polygon", "coordinates": [[[10.6497305, 52.769602], [10.6497864, 52.7697197], [10.6500214, 52.7705716], [10.6616986, 52.7734048], [10.6616533, 52.7734728], [10.6615646, 52.7736064], [10.6615068, 52.7736934], [10.6614433, 52.773789], [10.660379, 52.7753908], [10.6601012, 52.7758151], [10.6597708, 52.7763198], [10.6598306, 52.7763361], [10.662993, 52.7771985], [10.6575517, 52.7790537], [10.6594555, 52.7812852], [10.663909, 52.7820992], [10.6636208, 52.7829187], [10.6637015, 52.7830263], [10.6632804, 52.7839129], [10.6581663, 52.7830043], [10.6546876, 52.7841358], [10.6570874, 52.786745], [10.6620152, 52.7920225], [10.6597133, 52.7915867], [10.6562183, 52.790937], [10.6526555, 52.7902893], [10.651362, 52.7900537], [10.6498962, 52.7897867], [10.6490625, 52.7896169], [10.6490013, 52.7896054], [10.643913, 52.7886907], [10.6418681, 52.7883077], [10.6404735, 52.7880505], [10.6393663, 52.7878464], [10.6388079, 52.7877434], [10.6385858, 52.7877067], [10.6384995, 52.7876973], [10.6384536, 52.7876918], [10.638469, 52.7877244], [10.6406746, 52.7923913], [10.6283762, 52.7900983], [10.6246365, 52.7919936], [10.6256983, 52.7944244], [10.6246427, 52.79425], [10.618082, 52.7930575], [10.6177786, 52.7926853], [10.6110814, 52.7916951], [10.6107426, 52.7921484], [10.610031, 52.7919924], [10.6086815, 52.7940817], [10.6082344, 52.7940588], [10.6081907, 52.7941509], [10.6077457, 52.795089], [10.607715, 52.7951093], [10.6066764, 52.7957952], [10.6057164, 52.7958414], [10.6016952, 52.7960346], [10.6020896, 52.7955159], [10.599984, 52.7948024], [10.5997909, 52.7931538], [10.599198, 52.7932135], [10.5990767, 52.7932052], [10.5949561, 52.7909041], [10.5944134, 52.7905725], [10.5943299, 52.7905489], [10.5954529, 52.7893005], [10.5961031, 52.7894886], [10.5985672, 52.7871684], [10.597499, 52.7869084], [10.5980751, 52.7861594], [10.5980923, 52.7861638], [10.5988159, 52.7863475], [10.5997825, 52.786313], [10.6001105, 52.7862071], [10.6002563, 52.7857674], [10.6006849, 52.7852619], [10.6007606, 52.7851704], [10.6018007, 52.7854114], [10.6025725, 52.7849917], [10.6051097, 52.7855703], [10.6056368, 52.785112], [10.6058965, 52.7846094], [10.6025568, 52.783796], [10.6026244, 52.7837203], [10.6038121, 52.78239], [10.6012691, 52.7817324], [10.6009975, 52.7816622], [10.5991517, 52.7811849], [10.5991138, 52.7809908], [10.5990458, 52.7808994], [10.5990127, 52.7804735], [10.5989293, 52.7801081], [10.598852, 52.7797696], [10.5988347, 52.7795624], [10.5974978, 52.779462], [10.5972499, 52.779622], [10.5954896, 52.7795472], [10.5955751, 52.7789498], [10.5960455, 52.7752282], [10.5989366, 52.7766859], [10.599073, 52.7766535], [10.5993598, 52.7764859], [10.5995809, 52.7762687], [10.5998645, 52.7758438], [10.6000793, 52.7753809], [10.6002359, 52.7749548], [10.6005865, 52.774119], [10.6023022, 52.7749317], [10.6031726, 52.7757629], [10.6041902, 52.7755507], [10.6051533, 52.776536], [10.6074128, 52.775918], [10.610019, 52.778647], [10.6102461, 52.7788356], [10.6226667, 52.7758569], [10.6314989, 52.7727191], [10.6335751, 52.7702878], [10.6397715, 52.7708592], [10.6403049, 52.7710621], [10.6415412, 52.771165], [10.6416444, 52.7710697], [10.6425401, 52.7708777], [10.6429238, 52.7708506], [10.6431201, 52.7707352], [10.6436554, 52.7695215], [10.6437152, 52.7693771], [10.6444441, 52.7677185], [10.6458163, 52.7679495], [10.6462294, 52.7680446], [10.6476976, 52.7686496], [10.6495665, 52.769382], [10.6486915, 52.7695805], [10.6446779, 52.7710339], [10.6448627, 52.7711144], [10.6423237, 52.7720646], [10.6406061, 52.7726979], [10.6404833, 52.772703], [10.6368319, 52.7720579], [10.6366545, 52.7720568], [10.6347364, 52.7722558], [10.6345719, 52.7722983], [10.6339252, 52.7727477], [10.633855, 52.7727175], [10.6319221, 52.7741294], [10.6300798, 52.7748001], [10.6301167, 52.7748739], [10.6276886, 52.7758006], [10.6239411, 52.777265], [10.618586, 52.7780698], [10.6082786, 52.7795698], [10.6083211, 52.7796738], [10.6108065, 52.7793161], [10.6108859, 52.7793742], [10.6141918, 52.7788913], [10.6141585, 52.7788041], [10.6152118, 52.7786365], [10.6240853, 52.7773376], [10.6321494, 52.7741965], [10.6346689, 52.7723575], [10.636684, 52.7721418], [10.636952, 52.7721429], [10.6405036, 52.7727589], [10.6406717, 52.7727499], [10.6428282, 52.7719785], [10.6454817, 52.7710037], [10.6488245, 52.7697325], [10.6497305, 52.769602]]]}}, {"type": "Feature", "properties": {"name": "Naturschutzgebiet Rieseberg", "stufe": "streng", "art": "Naturschutzgebiet"}, "geometry": {"type": "Polygon", "coordinates": [[[10.7600819, 52.285077], [10.7581134, 52.2849604], [10.7578776, 52.2849495], [10.7547167, 52.284817], [10.7545824, 52.2847962], [10.7545153, 52.2847674], [10.7542937, 52.284544], [10.7542504, 52.2844961], [10.7533536, 52.2833972], [10.7533193, 52.2833649], [10.7515208, 52.2816762], [10.7514878, 52.2816007], [10.7514747, 52.2814922], [10.7517542, 52.278329], [10.7517617, 52.2782438], [10.7547093, 52.2776068], [10.755327, 52.2779192], [10.7576422, 52.2791445], [10.7577274, 52.2791837], [10.7601784, 52.2804494], [10.7602849, 52.2805155], [10.761984, 52.2813507], [10.7620864, 52.2813358], [10.7626529, 52.2816656], [10.7628104, 52.2816884], [10.7629801, 52.2816956], [10.7645217, 52.2816909], [10.764814, 52.2816959], [10.7649421, 52.2816435], [10.7678435, 52.2817181], [10.7746777, 52.2818743], [10.7749866, 52.2822732], [10.7753995, 52.2827062], [10.7757715, 52.2831114], [10.7761889, 52.2834834], [10.7774913, 52.2843635], [10.7778802, 52.2846391], [10.7780331, 52.2848311], [10.7781587, 52.2852062], [10.7782981, 52.285554], [10.7786154, 52.2861814], [10.7787979, 52.2864414], [10.7819304, 52.2891396], [10.7840279, 52.2892857], [10.7842076, 52.2900732], [10.7828476, 52.2899307], [10.7819563, 52.2909236], [10.7810558, 52.2917311], [10.7800872, 52.2927227], [10.7796682, 52.2930265], [10.7795639, 52.2930728], [10.7794918, 52.2929959], [10.7790773, 52.2931429], [10.7793816, 52.2936403], [10.7796854, 52.2941433], [10.7790846, 52.2942713], [10.778765, 52.2937602], [10.7785204, 52.2933554], [10.775848, 52.2938414], [10.7753794, 52.2938516], [10.7752133, 52.2937896], [10.771763, 52.2925605], [10.7711722, 52.2933696], [10.7712578, 52.2934927], [10.7712942, 52.2935756], [10.7713298, 52.293663], [10.7719847, 52.2947383], [10.7717541, 52.2947733], [10.7711077, 52.2937234], [10.7709226, 52.2937644], [10.7702353, 52.2927094], [10.7701799, 52.2926203], [10.7694154, 52.2919298], [10.7691139, 52.2917365], [10.7688285, 52.2915555], [10.7682871, 52.2913316], [10.7670384, 52.2908235], [10.7667347, 52.2907013], [10.7650258, 52.2922863], [10.7625058, 52.2921879], [10.7628357, 52.2918171], [10.7617629, 52.2904193], [10.7610387, 52.289051], [10.7593435, 52.2889735], [10.7592657, 52.287284], [10.7602796, 52.2872643], [10.7602823, 52.2872069], [10.7600819, 52.285077]]]}}, {"type": "Feature", "properties": {"name": "Rieseberger Moor", "stufe": "streng", "art": "Naturschutzgebiet"}, "geometry": {"type": "Polygon", "coordinates": [[[10.8069433, 52.2923298], [10.8067153, 52.2922043], [10.8063278, 52.2920066], [10.8059067, 52.2918048], [10.8056121, 52.2915945], [10.8053105, 52.2914858], [10.8023474, 52.2907212], [10.8014381, 52.2907671], [10.8016393, 52.2898057], [10.8009231, 52.288257], [10.8007273, 52.2879108], [10.8000071, 52.2869698], [10.7998542, 52.286914], [10.7983388, 52.2851716], [10.798259, 52.285124], [10.796358, 52.2847294], [10.7983911, 52.281126], [10.8009231, 52.2819858], [10.8021033, 52.2797837], [10.8036375, 52.2805254], [10.8049116, 52.2792225], [10.804131, 52.2788334], [10.8043319, 52.2786332], [10.8055433, 52.2792411], [10.806231, 52.2786094], [10.8081852, 52.279569], [10.8082876, 52.2796008], [10.8089858, 52.2802366], [10.8085298, 52.2806961], [10.8120241, 52.2824133], [10.8133105, 52.2830261], [10.8136781, 52.2831463], [10.815848, 52.2838272], [10.8170853, 52.2842155], [10.8175014, 52.2843412], [10.8172882, 52.2846105], [10.8177781, 52.2847294], [10.8174723, 52.2852347], [10.8181399, 52.2853923], [10.8172315, 52.28681], [10.8177191, 52.2869542], [10.8173569, 52.2875161], [10.8162258, 52.2881054], [10.8154919, 52.2883727], [10.8152305, 52.2886395], [10.8146965, 52.2895831], [10.8168104, 52.290181], [10.8162401, 52.2909771], [10.8158335, 52.2915349], [10.8157913, 52.2930434], [10.8157101, 52.2931984], [10.8156417, 52.2941286], [10.8163378, 52.2956332], [10.8158818, 52.2962775], [10.8115473, 52.2947569], [10.8118209, 52.2944698], [10.810001, 52.2938005], [10.809474, 52.2944091], [10.8078647, 52.2938407], [10.8073765, 52.294359], [10.807571, 52.2944091], [10.8082214, 52.2971485], [10.808098, 52.2972798], [10.8080229, 52.2975783], [10.8079143, 52.297543], [10.807917, 52.2976456], [10.8092809, 52.2981344], [10.8084494, 52.2990054], [10.8090985, 52.3014231], [10.8088893, 52.3016298], [10.8091816, 52.3026893], [10.8091146, 52.3028107], [10.8093184, 52.3037685], [10.8093882, 52.3037619], [10.8095035, 52.3043442], [10.8093452, 52.3044901], [10.8091333, 52.304846], [10.8090448, 52.3048362], [10.8089322, 52.3027893], [10.8090046, 52.3027975], [10.8089671, 52.3026237], [10.8088973, 52.3025974], [10.8087122, 52.3018053], [10.8084789, 52.30172], [10.807693, 52.2981491], [10.8078781, 52.2979704], [10.8077306, 52.2974897], [10.8074838, 52.297411], [10.8069232, 52.2948454], [10.80706, 52.2946896], [10.8069769, 52.2945928], [10.807009, 52.2943976], [10.8070071, 52.2929876], [10.8069433, 52.2923298]]]}}, {"type": "Feature", "properties": {"name": "FKK-Sportpark Wolfsburg", "stufe": "mild", "art": ""}, "geometry": {"type": "Polygon", "coordinates": [[[10.7725067, 52.3594368], [10.7716311, 52.3597296], [10.7709375, 52.3599805], [10.7697883, 52.35995], [10.769752, 52.3596972], [10.7694728, 52.3597269], [10.7691711, 52.3597361], [10.7688383, 52.3596991], [10.7684764, 52.3596271], [10.7686057, 52.3595023], [10.7692918, 52.3580513], [10.7694636, 52.3580549], [10.770095, 52.3581383], [10.7702398, 52.3581383], [10.771163, 52.3579947], [10.7725067, 52.3594368]]]}}, {"type": "Feature", "properties": {"name": "ohne Namen", "stufe": "mild", "art": ""}, "geometry": {"type": "Polygon", "coordinates": [[[10.8590894, 52.345868], [10.8591774, 52.3458797], [10.8597169, 52.3458576], [10.8597197, 52.3458157], [10.859724, 52.3457511], [10.8597377, 52.345538], [10.8597395, 52.3454067], [10.8597405, 52.3453316], [10.859731, 52.345098], [10.8590326, 52.3451366], [10.859068, 52.3458418], [10.8590894, 52.345868]]]}}, {"type": "Feature", "properties": {"name": "Südliche Düpenwiesen", "stufe": "streng", "art": "Naturschutzgebiet"}, "geometry": {"type": "Polygon", "coordinates": [[[10.7226474, 52.4262756], [10.7295472, 52.4263506], [10.7305795, 52.4264305], [10.7312431, 52.4265604], [10.7315544, 52.4267303], [10.7344715, 52.4292886], [10.7358724, 52.4314965], [10.7359134, 52.4319311], [10.7357977, 52.4323049], [10.7354744, 52.4328584], [10.7351307, 52.4335584], [10.7348211, 52.4346344], [10.7324661, 52.4344893], [10.7289275, 52.434381], [10.7253746, 52.4343646], [10.7249446, 52.4345403], [10.7223455, 52.4346757], [10.7226474, 52.4262756]]]}}, {"type": "Feature", "properties": {"name": "NSG Düpenwiesen", "stufe": "streng", "art": "Naturschutzgebiet"}, "geometry": {"type": "Polygon", "coordinates": [[[10.7337261, 52.4413418], [10.7335997, 52.441282], [10.7328667, 52.4411744], [10.7321229, 52.4410988], [10.7309902, 52.4411534], [10.7286708, 52.4416942], [10.7283197, 52.4417336], [10.7276729, 52.4417674], [10.7266102, 52.4419364], [10.7196986, 52.4432675], [10.7135362, 52.4445237], [10.7144333, 52.4388611], [10.7143838, 52.4387461], [10.7148984, 52.4355961], [10.7149671, 52.4355333], [10.7150701, 52.4354705], [10.7151645, 52.4354548], [10.7222198, 52.4349211], [10.725498, 52.4347167], [10.7297172, 52.4347417], [10.7318069, 52.4349037], [10.7322931, 52.4349684], [10.7347981, 52.4351866], [10.7349216, 52.4351973], [10.7350143, 52.4352199], [10.7350288, 52.4352531], [10.7350471, 52.4354021], [10.7350323, 52.4354902], [10.7349753, 52.4358377], [10.7349799, 52.4361326], [10.7350133, 52.4362248], [10.7350814, 52.4363274], [10.7351888, 52.4364121], [10.7353709, 52.4365175], [10.7356244, 52.4366652], [10.7357351, 52.4367351], [10.7358608, 52.4368569], [10.7359591, 52.4369898], [10.7359979, 52.4370772], [10.7360589, 52.437238], [10.7360374, 52.4375389], [10.7359888, 52.4377147], [10.7351789, 52.4410856], [10.7348553, 52.4411486], [10.7339894, 52.4412979], [10.7337864, 52.4413282], [10.7337261, 52.4413418]]]}}, {"type": "Feature", "properties": {"name": "NSG Barnbruch", "stufe": "streng", "art": "Naturschutzgebiet"}, "geometry": {"type": "Polygon", "coordinates": [[[10.7167217, 52.452426], [10.7143176, 52.4526794], [10.7107428, 52.4531217], [10.6863457, 52.45571], [10.6870977, 52.458149], [10.6870049, 52.4583303], [10.6788099, 52.4590972], [10.6794523, 52.4610972], [10.670431, 52.4634586], [10.6684672, 52.4639648], [10.6660458, 52.4646235], [10.6639648, 52.4651775], [10.662062, 52.4658244], [10.6620673, 52.466083], [10.6619608, 52.4663809], [10.6616034, 52.4664955], [10.6611521, 52.4662854], [10.6605941, 52.4661136], [10.6601832, 52.4661047], [10.6597979, 52.4662376], [10.6596883, 52.466402], [10.6596373, 52.4665475], [10.6595808, 52.4666973], [10.6592273, 52.4670515], [10.6587142, 52.4673881], [10.6586861, 52.4673745], [10.6578817, 52.4667969], [10.6538387, 52.4640388], [10.6318543, 52.4510874], [10.6262405, 52.447744], [10.6262154, 52.4475226], [10.6275307, 52.446492], [10.6276358, 52.4460089], [10.6271091, 52.4457073], [10.6254144, 52.4448566], [10.6248371, 52.4445457], [10.6247434, 52.4442464], [10.6247047, 52.4439499], [10.6254653, 52.4419603], [10.6283981, 52.4394058], [10.6299173, 52.437585], [10.6296644, 52.4331194], [10.6296598, 52.4330377], [10.6365062, 52.4314123], [10.6411187, 52.4304796], [10.6423039, 52.4308365], [10.6437962, 52.4340529], [10.6483109, 52.4331005], [10.6471092, 52.4378257], [10.6492292, 52.437721], [10.6518896, 52.4378507], [10.6524835, 52.4356708], [10.6559816, 52.4364846], [10.6549671, 52.4390593], [10.6567619, 52.4394425], [10.6558546, 52.4419117], [10.6564717, 52.4420457], [10.6555055, 52.4446042], [10.6566622, 52.4448627], [10.6554601, 52.4482389], [10.655409, 52.4483853], [10.6566407, 52.4490175], [10.6578401, 52.4496621], [10.6580578, 52.449728], [10.6581283, 52.4497376], [10.6602161, 52.4496359], [10.664915, 52.4494071], [10.6706828, 52.4360545], [10.6710264, 52.4361748], [10.6719861, 52.4365099], [10.6728306, 52.4367652], [10.673726, 52.437009], [10.6744629, 52.4371955], [10.6750291, 52.4373241], [10.6760651, 52.4375409], [10.6759949, 52.4383713], [10.6771261, 52.4384036], [10.6775263, 52.4386254], [10.6782155, 52.439266], [10.6780407, 52.4393705], [10.6780404, 52.4395685], [10.6785137, 52.4398787], [10.6788944, 52.4400284], [10.6793425, 52.4401128], [10.6797406, 52.4401156], [10.6801105, 52.4401499], [10.6808197, 52.4403424], [10.6814361, 52.4404652], [10.6818215, 52.4400715], [10.6852447, 52.441092], [10.6857316, 52.4406625], [10.6862873, 52.4407436], [10.6865776, 52.4407122], [10.6866057, 52.4406266], [10.6870366, 52.440658], [10.6872239, 52.4407008], [10.6875969, 52.4407021], [10.6877376, 52.4406738], [10.6880747, 52.4406402], [10.6879435, 52.4400833], [10.6882286, 52.4396326], [10.6899498, 52.4391215], [10.690685, 52.439435], [10.691115, 52.4399183], [10.691264, 52.4404662], [10.6919279, 52.4405804], [10.6922149, 52.4404766], [10.6928275, 52.4405448], [10.6927844, 52.4410378], [10.6931791, 52.4411199], [10.6934069, 52.4409489], [10.694267, 52.4406517], [10.6952815, 52.4404653], [10.6955887, 52.439036], [10.6982907, 52.4388067], [10.6980892, 52.4402704], [10.6984027, 52.4402092], [10.6987538, 52.4413786], [10.6980015, 52.4415315], [10.6984394, 52.4425099], [10.6990421, 52.4425098], [10.699155, 52.4427696], [10.6967393, 52.4431747], [10.6982439, 52.447609], [10.7033346, 52.4465053], [10.7102112, 52.4451728], [10.7130719, 52.444666], [10.7135362, 52.4445237], [10.7196986, 52.4432675], [10.7276729, 52.4417674], [10.7283197, 52.4417336], [10.7286708, 52.4416942], [10.7309902, 52.4411534], [10.7321229, 52.4410988], [10.7328667, 52.4411744], [10.7335997, 52.441282], [10.7337261, 52.4413418], [10.7335978, 52.4413969], [10.7334419, 52.4415015], [10.7332873, 52.4416396], [10.7332048, 52.4417706], [10.7332061, 52.4418776], [10.7332572, 52.4422848], [10.7333017, 52.4424669], [10.7333397, 52.4427128], [10.7334222, 52.4429124], [10.7336449, 52.4432877], [10.7337679, 52.4434365], [10.7336573, 52.4434275], [10.7330214, 52.4435535], [10.7324524, 52.4443244], [10.7315056, 52.4451023], [10.7310386, 52.4454412], [10.730782, 52.4455032], [10.7304078, 52.4456465], [10.7314519, 52.4458425], [10.7317873, 52.445896], [10.731847, 52.446057], [10.7326287, 52.4460152], [10.7328355, 52.4461173], [10.7328318, 52.4461204], [10.7329618, 52.4460972], [10.7330673, 52.4461028], [10.7332395, 52.4462505], [10.7333059, 52.4463459], [10.7333659, 52.4465573], [10.7325976, 52.4466992], [10.7324142, 52.4467503], [10.7322125, 52.4468424], [10.7320265, 52.4469403], [10.7319116, 52.4470198], [10.7316682, 52.4471846], [10.7313866, 52.4471317], [10.731272, 52.4470808], [10.731136, 52.4470752], [10.7309602, 52.4470377], [10.7308651, 52.4470038], [10.7307951, 52.4469579], [10.7306655, 52.4468662], [10.730601, 52.4468314], [10.7305865, 52.4465548], [10.7307336, 52.4463814], [10.7307955, 52.4462944], [10.7295086, 52.4455857], [10.7293543, 52.4458972], [10.7292599, 52.4460621], [10.7292101, 52.4461068], [10.7291761, 52.4461802], [10.7291656, 52.4463208], [10.7291846, 52.4464292], [10.7292499, 52.4465807], [10.7293061, 52.4468135], [10.729252, 52.447116], [10.7291027, 52.4474641], [10.7291446, 52.447504], [10.7292356, 52.4475119], [10.7292154, 52.4477547], [10.7292154, 52.4479655], [10.7292337, 52.4480916], [10.7292513, 52.4481661], [10.7294735, 52.4483951], [10.7295219, 52.4484732], [10.7295273, 52.4485662], [10.7295132, 52.4485821], [10.7296174, 52.4485811], [10.7324072, 52.4487455], [10.7357366, 52.4497877], [10.7358247, 52.4498001], [10.7363649, 52.4497385], [10.7364411, 52.4499673], [10.7361035, 52.4500106], [10.7308197, 52.450581], [10.7274324, 52.4509592], [10.7257122, 52.4511646], [10.7256841, 52.4511651], [10.7244167, 52.4513235], [10.7202586, 52.4517957], [10.7202651, 52.4520424], [10.7167217, 52.452426]]]}}, {"type": "Feature", "properties": {"name": "Ostheide", "stufe": "mild", "art": "Landschaftsschutzgebiet"}, "geometry": {"type": "Polygon", "coordinates": [[[10.6150626, 52.5575227], [10.614531, 52.5569357], [10.619645, 52.5552275], [10.6201865, 52.5558896], [10.6150626, 52.5575227]]]}}, {"type": "Feature", "properties": {"name": "Zwergbirkenmoor bei Schafwedel", "stufe": "streng", "art": "Naturschutzgebiet"}, "geometry": {"type": "Polygon", "coordinates": [[[10.7214443, 52.8314727], [10.7212828, 52.8282838], [10.7224926, 52.8272681], [10.7224478, 52.8288962], [10.72239, 52.8293708], [10.7223509, 52.8301334], [10.7232253, 52.8302479], [10.7224185, 52.8314852], [10.7214443, 52.8314727]]]}}, {"type": "Feature", "properties": {"name": "Krähenholz Betreten Verboten", "stufe": "streng", "art": "nature_reserve"}, "geometry": {"type": "Polygon", "coordinates": [[[10.5877196, 52.1012234], [10.5895035, 52.1012603], [10.5893965, 52.1024785], [10.5876431, 52.1024555], [10.5877196, 52.1012234]]]}}, {"type": "Feature", "properties": {"name": "Sandbeekswiese", "stufe": "streng", "art": "Sandbeekswiese"}, "geometry": {"type": "Polygon", "coordinates": [[[10.633699, 52.2869658], [10.6302985, 52.2881949], [10.6302915, 52.287929], [10.6302808, 52.2877715], [10.6302754, 52.2876435], [10.6299874, 52.2861211], [10.6314948, 52.2857273], [10.6318113, 52.286016], [10.6319293, 52.2860948], [10.6321975, 52.2862589], [10.6323906, 52.2863672], [10.6324818, 52.2864394], [10.6324979, 52.286528], [10.6325462, 52.2866002], [10.6326642, 52.2866559], [10.6330773, 52.2868134], [10.6332597, 52.2868922], [10.633485, 52.2869349], [10.633699, 52.2869658]]]}}, {"type": "Feature", "properties": {"name": "Eddesser Seewiesen", "stufe": "streng", "art": "Naturschutzgebiet"}, "geometry": {"type": "Polygon", "coordinates": [[[10.2267513, 52.4265071], [10.2251901, 52.4276385], [10.2233742, 52.427773], [10.2223616, 52.4275557], [10.2214396, 52.4270383], [10.2208173, 52.4265968], [10.2201837, 52.425762], [10.2190015, 52.4241097], [10.2186394, 52.4235681], [10.2180794, 52.42244], [10.2176627, 52.4212161], [10.2177159, 52.4201523], [10.2179159, 52.4194595], [10.2183279, 52.4186471], [10.2188359, 52.418108], [10.2196639, 52.4175273], [10.2202399, 52.4172175], [10.2205559, 52.4171223], [10.2220519, 52.417337], [10.2249039, 52.4178103], [10.2286279, 52.4184275], [10.2282559, 52.423682], [10.2267513, 52.4265071]]]}}, {"type": "Feature", "properties": {"name": "Masch", "stufe": "mild", "art": ""}, "geometry": {"type": "Polygon", "coordinates": [[[10.630327, 52.4910941], [10.6303831, 52.4912427], [10.6306984, 52.4912392], [10.6312393, 52.4912327], [10.6313352, 52.4912153], [10.6324549, 52.4912153], [10.6324991, 52.4911894], [10.632509, 52.4911459], [10.6324007, 52.4910024], [10.6322668, 52.4908138], [10.630327, 52.4910941]]]}}, {"type": "Feature", "properties": {"name": "Bohlenbruch", "stufe": "streng", "art": "Naturschutzgebiet"}, "geometry": {"type": "Polygon", "coordinates": [[[10.2230768, 52.5386798], [10.2199058, 52.5302212], [10.2232216, 52.5296659], [10.2259106, 52.5280635], [10.2272029, 52.5264543], [10.2274943, 52.5264008], [10.2335, 52.5258235], [10.2324728, 52.5246091], [10.235104, 52.5242109], [10.2346669, 52.5231905], [10.2356938, 52.5230068], [10.239429, 52.5223502], [10.2405219, 52.5250812], [10.2457569, 52.5314709], [10.2388124, 52.5343855], [10.2372434, 52.5350867], [10.2301511, 52.5369848], [10.223815, 52.538606], [10.2236089, 52.5386415], [10.2230768, 52.5386798]]]}}, {"type": "Feature", "properties": {"name": "NSG Ilkerbruch", "stufe": "streng", "art": "Naturschutzgebiet"}, "geometry": {"type": "Polygon", "coordinates": [[[10.667557, 52.4344939], [10.6651743, 52.433674], [10.6644683, 52.4332802], [10.6641541, 52.4331747], [10.6636635, 52.4331037], [10.6591981, 52.4314659], [10.6580756, 52.4311], [10.655354, 52.4303704], [10.6522547, 52.429772], [10.6513793, 52.4274991], [10.6515523, 52.4270794], [10.651937, 52.4266467], [10.652163, 52.4261603], [10.6520676, 52.4239755], [10.6635152, 52.4225956], [10.6635081, 52.4227571], [10.663967, 52.4227764], [10.6640553, 52.4234136], [10.6648072, 52.4232543], [10.6648213, 52.4224944], [10.6655202, 52.4227119], [10.6674546, 52.4232586], [10.6674405, 52.4236138], [10.6682135, 52.4235105], [10.6690113, 52.4237193], [10.6720965, 52.4243026], [10.6722059, 52.4243285], [10.6697526, 52.4311193], [10.6696396, 52.4313561], [10.6694737, 52.4314529], [10.669046, 52.4316808], [10.668816, 52.4319018], [10.667557, 52.4344939]]]}}, {"type": "Feature", "properties": {"name": "Obere Allerniederung bei Celle", "stufe": "streng", "art": "Naturschutzgebiet"}, "geometry": {"type": "Polygon", "coordinates": [[[10.1019887, 52.6131699], [10.101952, 52.6128793], [10.1027395, 52.6126845], [10.1033875, 52.6126947], [10.1034394, 52.6126196], [10.1046695, 52.6128336], [10.1047918, 52.6130301], [10.1055614, 52.6131306], [10.1068346, 52.6131437], [10.1070504, 52.613515], [10.1072405, 52.6136039], [10.1074211, 52.6136301], [10.1076143, 52.6136162], [10.1077008, 52.6136162], [10.1077734, 52.6136263], [10.1091365, 52.6132594], [10.110532, 52.612886], [10.1108377, 52.6128249], [10.1116721, 52.612043], [10.1122044, 52.6119142], [10.1129238, 52.6118487], [10.1132439, 52.6118246], [10.1137714, 52.6117817], [10.114804, 52.6116365], [10.1184408, 52.6104073], [10.118334, 52.6099378], [10.1190715, 52.6097772], [10.1191064, 52.609431], [10.12016, 52.6091131], [10.1201651, 52.6092614], [10.1211061, 52.6088351], [10.1214774, 52.6084923], [10.1216757, 52.6080321], [10.121808, 52.6077324], [10.1220979, 52.6072475], [10.1228405, 52.607334], [10.1234356, 52.6074545], [10.1237103, 52.607507], [10.1237993, 52.6070696], [10.1233517, 52.6067638], [10.122843, 52.6064394], [10.1215689, 52.6055236], [10.1213069, 52.6052625], [10.1212128, 52.6051251], [10.1212058, 52.6049418], [10.1218773, 52.6049387], [10.1224647, 52.6049712], [10.1230649, 52.6050083], [10.1236346, 52.60507], [10.1242704, 52.6051951], [10.124952, 52.6053326], [10.1254555, 52.6054901], [10.1257556, 52.605623], [10.1263304, 52.605921], [10.1270018, 52.6063937], [10.1273426, 52.6067442], [10.1276529, 52.6071288], [10.127869, 52.6075056], [10.1279581, 52.6077697], [10.1280318, 52.6082176], [10.1280216, 52.608596], [10.1280038, 52.6088802], [10.1280672, 52.608944], [10.1278995, 52.6108705], [10.1278425, 52.6115254], [10.1278231, 52.6117485], [10.1264673, 52.6127216], [10.1265536, 52.6136301], [10.126122, 52.6141891], [10.1257192, 52.6153421], [10.1241079, 52.6160933], [10.1241036, 52.6174909], [10.1241443, 52.618584], [10.1220792, 52.6186458], [10.1220487, 52.6184791], [10.1196479, 52.6185285], [10.1197089, 52.6188743], [10.119007, 52.6188743], [10.1186611, 52.6188249], [10.118122, 52.6185099], [10.1177761, 52.6182382], [10.117298, 52.6181085], [10.1171149, 52.6182691], [10.117125, 52.6186705], [10.1174709, 52.6194672], [10.1208585, 52.6204615], [10.1211942, 52.6206777], [10.1225433, 52.6216301], [10.122762, 52.6217397], [10.1272892, 52.622148], [10.1273134, 52.6229621], [10.1265403, 52.6229991], [10.1234884, 52.6231906], [10.1234368, 52.6230605], [10.1228757, 52.6229622], [10.1224873, 52.6227526], [10.1222247, 52.622567], [10.1216277, 52.622174], [10.1214694, 52.622102], [10.1210306, 52.6221959], [10.1201279, 52.6223749], [10.1197215, 52.6221304], [10.1189518, 52.6220758], [10.1184123, 52.622257], [10.1180864, 52.622305], [10.115814, 52.6213465], [10.1149274, 52.6209655], [10.1153986, 52.6204774], [10.1137297, 52.6201106], [10.1135427, 52.6203988], [10.1135809, 52.6204127], [10.1143313, 52.6207459], [10.1148842, 52.6210157], [10.1155065, 52.6212766], [10.1156593, 52.621341], [10.1124421, 52.6215648], [10.1128521, 52.6227176], [10.1104568, 52.6227657], [10.1095361, 52.622639], [10.1091045, 52.6231019], [10.1069609, 52.6232111], [10.1061912, 52.6230845], [10.1059394, 52.6230888], [10.1049827, 52.6232111], [10.1048173, 52.6229185], [10.1045583, 52.6229054], [10.104249, 52.623067], [10.1049396, 52.6245385], [10.1042706, 52.6246783], [10.1036232, 52.6247831], [10.1032204, 52.6246695], [10.1026737, 52.624687], [10.1024866, 52.6246084], [10.1024075, 52.6243246], [10.1015084, 52.6242591], [10.1011055, 52.6239272], [10.1007315, 52.6238967], [10.0995014, 52.6246695], [10.0989547, 52.6248311], [10.0983289, 52.6248573], [10.0977894, 52.6258092], [10.0974514, 52.6258179], [10.0958473, 52.6261978], [10.0945956, 52.6264816], [10.091596, 52.62701], [10.0902725, 52.6272981], [10.0896179, 52.6273636], [10.0891503, 52.6263987], [10.0916752, 52.625652], [10.0913658, 52.6246826], [10.0962717, 52.6239447], [10.0963292, 52.6238006], [10.0962932, 52.6236609], [10.0962932, 52.623198], [10.0969766, 52.6219229], [10.0971205, 52.6213683], [10.0971924, 52.6208748], [10.0971924, 52.6204425], [10.0970881, 52.6201303], [10.0972176, 52.6199076], [10.1004258, 52.6185101], [10.1013034, 52.6180472], [10.1015479, 52.6178201], [10.1017925, 52.6174619], [10.1021835, 52.6155862], [10.1022039, 52.6147555], [10.1019887, 52.6131699]]]}}, {"type": "Feature", "properties": {"name": "Heiliger Hain", "stufe": "streng", "art": "Naturschutzgebiet"}, "geometry": {"type": "Polygon", "coordinates": [[[10.5869679, 52.6387654], [10.5819526, 52.6377708], [10.5806391, 52.6374479], [10.5816087, 52.6364841], [10.5815256, 52.6360671], [10.5789814, 52.6358178], [10.5787339, 52.6349461], [10.5750568, 52.6354239], [10.5727443, 52.6367781], [10.57212, 52.637234], [10.5754987, 52.6368094], [10.575601, 52.6379096], [10.5746234, 52.6385189], [10.5746094, 52.6387289], [10.5750372, 52.6389632], [10.5740131, 52.6394982], [10.5727074, 52.6401236], [10.5723826, 52.6402956], [10.5723751, 52.6404622], [10.5711087, 52.6412821], [10.5702942, 52.6418658], [10.5702135, 52.6420609], [10.5802542, 52.6432359], [10.5809654, 52.6421023], [10.5831989, 52.6424593], [10.5869679, 52.6387654]]]}}, {"type": "Feature", "properties": {"name": "Bornbruchsmoor", "stufe": "streng", "art": "Naturschutzgebiet"}, "geometry": {"type": "Polygon", "coordinates": [[[10.7226208, 52.6819083], [10.7198729, 52.6820825], [10.7138852, 52.6822594], [10.7117573, 52.682309], [10.7104629, 52.6826214], [10.7104023, 52.6830974], [10.7096081, 52.6831764], [10.7095808, 52.6826361], [10.7091503, 52.6822134], [10.7070981, 52.6818312], [10.707083, 52.6815666], [10.7061463, 52.6815059], [10.7061099, 52.6809638], [10.7063949, 52.6809381], [10.7075195, 52.6808149], [10.7074922, 52.6801331], [10.7083107, 52.6798281], [10.7113026, 52.6786372], [10.7103447, 52.6781189], [10.7099688, 52.6776245], [10.7106054, 52.6771981], [10.7105912, 52.6771608], [10.7120948, 52.6766075], [10.7129623, 52.6763916], [10.7129167, 52.6763557], [10.7126632, 52.6761556], [10.7141438, 52.6754834], [10.7153888, 52.6764372], [10.7202267, 52.6739026], [10.7168559, 52.6732758], [10.7184777, 52.6727612], [10.719816, 52.6723815], [10.7217089, 52.6718401], [10.7269138, 52.6703514], [10.7275777, 52.6704212], [10.7278111, 52.6699507], [10.7292297, 52.6675977], [10.7317882, 52.6677025], [10.7311516, 52.6705279], [10.7303907, 52.6734909], [10.7293328, 52.673603], [10.7282567, 52.673796], [10.7270957, 52.6741269], [10.7261833, 52.6745625], [10.724704, 52.6745919], [10.7243842, 52.6760044], [10.7243418, 52.6762277], [10.723774, 52.678251], [10.7234254, 52.6794713], [10.7232314, 52.6794456], [10.7232011, 52.6795614], [10.7226208, 52.6819083]]]}}, {"type": "Feature", "properties": {"name": "Schilfbruch", "stufe": "streng", "art": "Naturschutzgebiet"}, "geometry": {"type": "Polygon", "coordinates": [[[10.1590821, 52.4765425], [10.1591372, 52.4764998], [10.15925, 52.4764124], [10.1592555, 52.476322], [10.1590262, 52.4757488], [10.1584209, 52.4739048], [10.1579507, 52.4726111], [10.1580754, 52.4726146], [10.1581391, 52.4726663], [10.1583953, 52.4729273], [10.1585896, 52.4729641], [10.158824, 52.4729421], [10.1589703, 52.4728789], [10.1591472, 52.4727963], [10.1593543, 52.4726754], [10.1595538, 52.4725593], [10.1599944, 52.4724361], [10.1602275, 52.4723962], [10.1606812, 52.4721963], [10.1608516, 52.4721613], [10.1610435, 52.4720576], [10.161315, 52.4718695], [10.1618014, 52.4715575], [10.1620465, 52.4714029], [10.1623636, 52.471319], [10.1627059, 52.4713061], [10.1634172, 52.4696422], [10.1633455, 52.4695811], [10.1587916, 52.4693452], [10.1585094, 52.4697161], [10.1582914, 52.4700131], [10.1563764, 52.4712255], [10.1561958, 52.4711702], [10.1549477, 52.4709399], [10.1536482, 52.4706815], [10.1533116, 52.4706135], [10.1531566, 52.4706435], [10.1529161, 52.4706791], [10.1525579, 52.4706779], [10.1516484, 52.4707391], [10.1509057, 52.4707796], [10.1503359, 52.4707281], [10.149282, 52.4706289], [10.1480174, 52.4705128], [10.1467134, 52.4703781], [10.1468533, 52.4708142], [10.1472478, 52.4722086], [10.1474624, 52.4729722], [10.145008, 52.4727772], [10.1440481, 52.4727009], [10.1410677, 52.4724872], [10.1400765, 52.4724064], [10.1397649, 52.4723999], [10.1398251, 52.4726228], [10.1398847, 52.4728172], [10.139961, 52.473059], [10.1400836, 52.4732814], [10.1401895, 52.473461], [10.1404049, 52.4736587], [10.1412569, 52.4742307], [10.1423988, 52.4750186], [10.1436635, 52.4758862], [10.1446551, 52.4765804], [10.1447818, 52.47666], [10.144926, 52.4768156], [10.1448838, 52.4769872], [10.1444249, 52.4770107], [10.1409968, 52.4774195], [10.1371955, 52.4778556], [10.1355804, 52.4780471], [10.1330448, 52.478333], [10.1314213, 52.4785055], [10.1313613, 52.4784529], [10.1299009, 52.4772265], [10.1289928, 52.4775015], [10.1270224, 52.4781148], [10.1251179, 52.4787179], [10.124446, 52.478943], [10.124115, 52.4790983], [10.1230265, 52.479784], [10.1215738, 52.4807014], [10.1212443, 52.4809137], [10.1210833, 52.4810151], [10.1209847, 52.4811207], [10.1207232, 52.481556], [10.1204098, 52.4820963], [10.1215037, 52.4826899], [10.1234304, 52.4837131], [10.1243506, 52.4842085], [10.1251325, 52.484629], [10.1255515, 52.4848676], [10.1258354, 52.4850028], [10.1260083, 52.485063], [10.1263209, 52.4851028], [10.1268212, 52.4851694], [10.1275967, 52.4850336], [10.1280584, 52.4849626], [10.1281984, 52.4849565], [10.1295111, 52.4851104], [10.1306596, 52.4852421], [10.1313335, 52.4852451], [10.1326199, 52.4852851], [10.1341166, 52.4853279], [10.1343886, 52.4853015], [10.1375057, 52.4848911], [10.1391007, 52.4846664], [10.1408548, 52.4844165], [10.1429272, 52.4841302], [10.1433764, 52.4840307], [10.1435434, 52.4840101], [10.1436446, 52.4840091], [10.1455873, 52.4836764], [10.1472238, 52.4834037], [10.1492131, 52.4830658], [10.1506091, 52.4828334], [10.1528157, 52.4824695], [10.1546773, 52.482166], [10.1563179, 52.4819074], [10.1579778, 52.4816391], [10.160631, 52.4812279], [10.1602814, 52.4802278], [10.1596454, 52.4784079], [10.1589889, 52.4765453], [10.1590821, 52.4765425]]]}}, {"type": "Feature", "properties": {"name": "Mittlere Ohreaue", "stufe": "streng", "art": "Naturschutzgebiet"}, "geometry": {"type": "Polygon", "coordinates": [[[10.8469193, 52.6860559], [10.8485915, 52.6867928], [10.848654, 52.6864214], [10.8486744, 52.6862881], [10.8487053, 52.6861578], [10.848681, 52.6860759], [10.8486523, 52.686013], [10.8486035, 52.6859663], [10.8485388, 52.6859167], [10.8483957, 52.6858587], [10.8482163, 52.6858046], [10.8481417, 52.6857646], [10.8481194, 52.6857301], [10.8481231, 52.6856952], [10.8481717, 52.6856121], [10.8482678, 52.6855441], [10.8483495, 52.6855049], [10.8484271, 52.685491], [10.8485259, 52.6854863], [10.8485992, 52.6854947], [10.848826, 52.6856842], [10.8489458, 52.6856855], [10.8489613, 52.6854352], [10.8490786, 52.6853764], [10.8491914, 52.68521], [10.849388, 52.6849315], [10.8494696, 52.68484], [10.849634, 52.6845398], [10.8498125, 52.6842014], [10.8499484, 52.683965], [10.8500734, 52.6837193], [10.8501973, 52.6835686], [10.8503135, 52.6834845], [10.8504865, 52.6833855], [10.8507774, 52.6832448], [10.8510527, 52.6831012], [10.8511649, 52.6830457], [10.8513394, 52.6829828], [10.8514633, 52.6829555], [10.8518125, 52.6829596], [10.8520722, 52.6829428], [10.8521626, 52.6829129], [10.8522387, 52.6828643], [10.8522956, 52.6827304], [10.8523452, 52.6825492], [10.852438, 52.6822818], [10.8526029, 52.6819911], [10.8527005, 52.6818376], [10.8527822, 52.6817243], [10.8528169, 52.6816826], [10.8529178, 52.681605], [10.8537319, 52.6810256], [10.8533168, 52.6808168], [10.8531507, 52.6805851], [10.8531333, 52.6805442], [10.8531871, 52.6804611], [10.8532887, 52.6803993], [10.8533813, 52.6803726], [10.8536292, 52.6803212], [10.853743, 52.6802798], [10.8538705, 52.6802145], [10.8541027, 52.6800399], [10.8545281, 52.6797515], [10.85482, 52.6795127], [10.8548748, 52.6794517], [10.8548884, 52.6795274], [10.8549925, 52.6795258], [10.8551223, 52.679394], [10.8553529, 52.6794252], [10.8552378, 52.6795378], [10.8552305, 52.6796107], [10.8553943, 52.6796651], [10.8555039, 52.6796697], [10.8558082, 52.6795985], [10.8559254, 52.6795365], [10.8559267, 52.6794447], [10.8558802, 52.6793314], [10.8557517, 52.6791277], [10.8556755, 52.6790497], [10.8560037, 52.6790509], [10.8560854, 52.6787663], [10.8562269, 52.6786627], [10.8563893, 52.6785621], [10.8566447, 52.6784441], [10.8570951, 52.6782566], [10.8573977, 52.6781442], [10.8577517, 52.6780183], [10.8578996, 52.6779432], [10.8580568, 52.6778426], [10.8581252, 52.677737], [10.8582137, 52.6775381], [10.8582378, 52.6773699], [10.8582316, 52.6771009], [10.8581884, 52.6768198], [10.8584046, 52.6767595], [10.8585864, 52.6768706], [10.8587698, 52.6768962], [10.8589238, 52.6768431], [10.8590022, 52.6766045], [10.8587999, 52.6763797], [10.85892, 52.6762638], [10.8589841, 52.6760558], [10.8590224, 52.6757322], [10.8590104, 52.6753272], [10.8590123, 52.675248], [10.8590703, 52.6751426], [10.8592379, 52.6750419], [10.8594241, 52.6750105], [10.8596728, 52.6749812], [10.8598925, 52.6748796], [10.8600217, 52.6747351], [10.8600796, 52.6746256], [10.860118, 52.674549], [10.8601186, 52.6743179], [10.8601221, 52.6741564], [10.8601356, 52.6741055], [10.860257, 52.6740213], [10.8603739, 52.673953], [10.8606485, 52.6739202], [10.8608856, 52.673983], [10.8609674, 52.6740703], [10.8609231, 52.6741312], [10.860888, 52.6741634], [10.8609794, 52.6742284], [10.8610722, 52.674208], [10.8614889, 52.673964], [10.8615474, 52.6739187], [10.8615395, 52.6738555], [10.8615545, 52.6738395], [10.8615961, 52.6738388], [10.8616694, 52.6738472], [10.8617959, 52.6738832], [10.8618659, 52.6739359], [10.8619408, 52.6739822], [10.8619977, 52.673975], [10.8620628, 52.6739138], [10.8621297, 52.6737703], [10.8621264, 52.6736944], [10.8620607, 52.6736194], [10.8620586, 52.6735688], [10.8620572, 52.6735372], [10.8621138, 52.6735204], [10.8621869, 52.6735256], [10.8622291, 52.6735376], [10.8622258, 52.673582], [10.8621879, 52.6736712], [10.8622165, 52.6737309], [10.8623258, 52.6737292], [10.8624292, 52.6737118], [10.8626674, 52.6735561], [10.8628022, 52.6735413], [10.8629443, 52.6734536], [10.8629283, 52.673324], [10.8630039, 52.6732627], [10.8631849, 52.6732345], [10.8632414, 52.6732146], [10.863254, 52.6731448], [10.8631678, 52.6730765], [10.8630884, 52.6730461], [10.8631635, 52.6729262], [10.8634254, 52.6728397], [10.8635163, 52.6728953], [10.8635638, 52.6729104], [10.8636003, 52.6729098], [10.8636617, 52.6728835], [10.8636161, 52.6727924], [10.8635712, 52.6727171], [10.8635698, 52.6726823], [10.8636159, 52.6726658], [10.8636703, 52.6727187], [10.8637297, 52.6727684], [10.863824, 52.6727828], [10.8639222, 52.6727654], [10.8639881, 52.6727232], [10.8640165, 52.6726563], [10.8639732, 52.6726158], [10.8639155, 52.6726072], [10.8638407, 52.6725641], [10.8637748, 52.6724828], [10.8638149, 52.6724474], [10.8639076, 52.6724206], [10.863991, 52.6724224], [10.8641707, 52.6724861], [10.8643348, 52.6725468], [10.8646059, 52.6724317], [10.8647443, 52.6723789], [10.864804, 52.6723146], [10.8648962, 52.6722784], [10.8650361, 52.6722603], [10.8651037, 52.6722593], [10.8652308, 52.6723079], [10.8653265, 52.6723539], [10.8654395, 52.6724376], [10.8655075, 52.672446], [10.8656348, 52.6723775], [10.8658432, 52.6722571], [10.8663399, 52.6721796], [10.8664445, 52.6719469], [10.8665187, 52.6719033], [10.866606, 52.6718734], [10.8666511, 52.6718316], [10.8666688, 52.6717585], [10.8666148, 52.671715], [10.8665308, 52.6716973], [10.8663686, 52.6716809], [10.8665724, 52.6710857], [10.866711, 52.6710391], [10.8666779, 52.6709953], [10.8666248, 52.6709709], [10.8666828, 52.6708655], [10.8667914, 52.6708479], [10.8668103, 52.6708033], [10.8667885, 52.6707815], [10.8668068, 52.670721], [10.8669579, 52.6707218], [10.8669977, 52.67068], [10.8669687, 52.6706109], [10.8671807, 52.6704524], [10.8675314, 52.6703709], [10.8674966, 52.6702891], [10.867619, 52.670227], [10.8680232, 52.670303], [10.868219, 52.6702524], [10.8682946, 52.6701942], [10.8683216, 52.6701197], [10.8682565, 52.6700574], [10.8683718, 52.6699543], [10.8685693, 52.6699448], [10.8685645, 52.6698309], [10.8686267, 52.6698236], [10.8687028, 52.6698984], [10.8687178, 52.6700058], [10.8687883, 52.6700712], [10.8689242, 52.6700849], [10.8691465, 52.6700465], [10.8692575, 52.6699625], [10.8693189, 52.6699362], [10.869409, 52.6699727], [10.8694595, 52.6699371], [10.8693838, 52.6698718], [10.86931, 52.6698508], [10.8693082, 52.6698065], [10.8693231, 52.6697905], [10.8697265, 52.6698474], [10.8699549, 52.6697077], [10.8700469, 52.6695448], [10.8701488, 52.6694925], [10.8703535, 52.6695304], [10.870342, 52.6693818], [10.8705394, 52.6692489], [10.8707251, 52.6693283], [10.8706304, 52.6691841], [10.870767, 52.6690902], [10.8709978, 52.6690314], [10.8709004, 52.6689475], [10.8710616, 52.668698], [10.870786, 52.6685852], [10.8707746, 52.6684398], [10.8707891, 52.6684142], [10.871073, 52.6683559], [10.8709037, 52.6682921], [10.8709074, 52.6682572], [10.87103, 52.6682015], [10.8713468, 52.6683041], [10.8712718, 52.6680109], [10.8714848, 52.6678777], [10.8716717, 52.6677418], [10.8719564, 52.6674587], [10.8722706, 52.667134], [10.8725809, 52.6668394], [10.872852, 52.666604], [10.8729581, 52.6665295], [10.8733951, 52.6662756], [10.8740311, 52.6659268], [10.8743318, 52.6657733], [10.8744967, 52.6657327], [10.8747351, 52.6657552], [10.8750651, 52.6658006], [10.8752699, 52.6658417], [10.8754419, 52.6658453], [10.8755648, 52.6657958], [10.8756644, 52.6656898], [10.8762609, 52.6651485], [10.8772271, 52.6642451], [10.8777542, 52.6637872], [10.8780652, 52.6634619], [10.8780245, 52.6632409], [10.8779269, 52.6630304], [10.8778765, 52.6628254], [10.8778638, 52.6626514], [10.8778736, 52.6625152], [10.8778824, 52.6623567], [10.8778803, 52.6621858], [10.8777612, 52.6619597], [10.8776623, 52.6617175], [10.8776364, 52.6615995], [10.8776098, 52.6614638], [10.8775663, 52.6609358], [10.8775324, 52.6603886], [10.8775015, 52.6600304], [10.877511, 52.6598878], [10.8775585, 52.6597826], [10.8776126, 52.6597089], [10.877956, 52.6597035], [10.8781124, 52.659587], [10.8782127, 52.6593765], [10.8782188, 52.6592751], [10.8779844, 52.6592725], [10.877905, 52.6592421], [10.8781864, 52.6591268], [10.878304, 52.6590774], [10.8783142, 52.6589506], [10.878254, 52.6588819], [10.8781968, 52.6588829], [10.8781621, 52.6589246], [10.8781743, 52.6589655], [10.8781024, 52.6589888], [10.8780398, 52.6589867], [10.8779235, 52.6589442], [10.8778632, 52.6588755], [10.877952, 52.6587601], [10.8781599, 52.6586302], [10.8782058, 52.6586073], [10.8782698, 52.6586443], [10.8782936, 52.6587135], [10.8783485, 52.6587791], [10.878463, 52.6587773], [10.8786521, 52.6586952], [10.8787743, 52.6586299], [10.8787724, 52.6585856], [10.8786461, 52.658556], [10.8786036, 52.6585345], [10.8785844, 52.6584525], [10.8786543, 52.6583833], [10.8787851, 52.6582768], [10.8788567, 52.6581237], [10.8788074, 52.6579471], [10.8787843, 52.6578937], [10.8788583, 52.6577975], [10.8789921, 52.6576403], [10.8789965, 52.6575009], [10.8791232, 52.6574198], [10.8791242, 52.6573216], [10.8790811, 52.6572875], [10.8789764, 52.6572733], [10.8789347, 52.657274], [10.8789, 52.6571922], [10.8791507, 52.6570894], [10.879273, 52.6570273], [10.8793005, 52.6569414], [10.8793099, 52.6567956], [10.8792868, 52.6567422], [10.8793051, 52.6566849], [10.8793773, 52.6566679], [10.8794978, 52.656685], [10.8796111, 52.6566579], [10.8797559, 52.6565131], [10.8798555, 52.6564071], [10.879868, 52.6563341], [10.8797411, 52.6562886], [10.8796071, 52.6561989], [10.8795646, 52.6561806], [10.8793987, 52.6561959], [10.8793467, 52.6561967], [10.8792719, 52.6561536], [10.8790741, 52.6561535], [10.8789922, 52.6560662], [10.8790051, 52.6560027], [10.8791099, 52.6557762], [10.8792043, 52.6556703], [10.8792861, 52.6556341], [10.879394, 52.6556008], [10.8795444, 52.6555889], [10.8796783, 52.6556754], [10.8798503, 52.655679], [10.8799486, 52.6556648], [10.8801218, 52.6555765], [10.8803257, 52.6554752], [10.8803926, 52.6554583], [10.8806093, 52.655534], [10.88085, 52.6555618], [10.8809331, 52.6555573], [10.8809201, 52.6554974], [10.8809267, 52.6554086], [10.8809412, 52.6553831], [10.8810394, 52.6553423], [10.8810981, 52.6552527], [10.8812535, 52.6549938], [10.8812388, 52.6548927], [10.8811475, 52.6548277], [10.8811201, 52.6547964], [10.881106, 52.6547112], [10.8812557, 52.65456], [10.8813401, 52.6544637], [10.8815143, 52.6543976], [10.8816431, 52.6543671], [10.8818664, 52.654354], [10.8820044, 52.6542948], [10.8820482, 52.6542245], [10.8820387, 52.6541233], [10.8819295, 52.6540048], [10.8818955, 52.653942], [10.8818816, 52.6538599], [10.8819532, 52.65371], [10.8820079, 52.6535521], [10.8820305, 52.6534726], [10.8820955, 52.6534114], [10.8820713, 52.6533326], [10.881975, 52.6532708], [10.8818455, 52.6531652], [10.8817647, 52.6531032], [10.8817451, 52.6530085], [10.88196, 52.6529228], [10.8820664, 52.6528546], [10.8820303, 52.6527412], [10.8819058, 52.6526292], [10.8818979, 52.6525686], [10.8819915, 52.6524436], [10.8821185, 52.652372], [10.8822371, 52.6523447], [10.8824197, 52.6524748], [10.8824927, 52.6524768], [10.8825324, 52.6524319], [10.8825359, 52.6523938], [10.882744, 52.6523905], [10.882818, 52.6524147], [10.8828694, 52.6524012], [10.8828875, 52.6523376], [10.8828856, 52.6522933], [10.882966, 52.6522255], [10.883028, 52.6520947], [10.8830576, 52.6520563], [10.8831299, 52.6520425], [10.8832249, 52.6520726], [10.8832717, 52.6520719], [10.883311, 52.6520174], [10.8833757, 52.6519467], [10.8834667, 52.6518851], [10.8834847, 52.6518184], [10.8833024, 52.6516946], [10.8831692, 52.6516239], [10.8832322, 52.6515153], [10.8833967, 52.6515887], [10.8835473, 52.6515799], [10.8836445, 52.6515404], [10.8836418, 52.6514771], [10.883376, 52.6513484], [10.8834967, 52.6512515], [10.8837132, 52.6513224], [10.8839644, 52.6513533], [10.8840702, 52.6513927], [10.8842783, 52.6515097], [10.8843129, 52.651468], [10.8843763, 52.6513689], [10.8843721, 52.6512708], [10.8842622, 52.6511364], [10.8843527, 52.6510621], [10.8843286, 52.6507428], [10.8844432, 52.6506238], [10.8845683, 52.6505078], [10.884914, 52.6503156], [10.88501, 52.6502475], [10.8851897, 52.6501909], [10.8853399, 52.6501726], [10.8855242, 52.6502204], [10.8857267, 52.6500873], [10.8857653, 52.6500171], [10.8858257, 52.6498483], [10.8861964, 52.6496335], [10.8864478, 52.6494762], [10.8867111, 52.6493042], [10.8869916, 52.64917], [10.8876579, 52.6489282], [10.8879383, 52.6487908], [10.8882842, 52.6486048], [10.8885536, 52.6484549], [10.8890489, 52.6482317], [10.8894018, 52.6480868], [10.8895441, 52.6480544], [10.8899507, 52.6479466], [10.8901348, 52.6478709], [10.8903457, 52.6476934], [10.8908131, 52.647306], [10.8912909, 52.6469185], [10.891713, 52.6465698], [10.8917622, 52.6465026], [10.8917987, 52.6462633], [10.8918377, 52.6462025], [10.8919821, 52.6461717], [10.8922416, 52.6462752], [10.8924163, 52.646342], [10.8924996, 52.6463439], [10.8926476, 52.6461547], [10.8927903, 52.6459625], [10.8929824, 52.6459531], [10.8930689, 52.6459074], [10.8931479, 52.645808], [10.8931868, 52.645744], [10.8933142, 52.6456818], [10.8933062, 52.6456155], [10.8932772, 52.6455463], [10.8933816, 52.6455541], [10.8935684, 52.6456619], [10.8937282, 52.6457449], [10.8937919, 52.6457755], [10.8939224, 52.6457829], [10.8940244, 52.6457338], [10.8940879, 52.6455175], [10.8940813, 52.6453656], [10.8940631, 52.6453058], [10.8940093, 52.6452655], [10.893942, 52.6452729], [10.8938501, 52.6453155], [10.8938025, 52.6452973], [10.8937636, 52.6452409], [10.8940366, 52.6451732], [10.8942092, 52.6451926], [10.8942943, 52.6450922], [10.8941558, 52.6450184], [10.8940534, 52.6449377], [10.8937724, 52.6449391], [10.8938502, 52.6448112], [10.8939099, 52.6447469], [10.8941983, 52.6447961], [10.8943432, 52.644778], [10.8944282, 52.6448178], [10.8945398, 52.6448698], [10.8946783, 52.6448233], [10.8948216, 52.6447672], [10.8949667, 52.6447522], [10.8949627, 52.6446604], [10.8949058, 52.6445474], [10.8949023, 52.6444683], [10.8947733, 52.6443722], [10.8947496, 52.6443061], [10.8949106, 52.6441769], [10.8949329, 52.644091], [10.8949902, 52.6440933], [10.8951404, 52.6441954], [10.8952185, 52.6441973], [10.8955046, 52.6440724], [10.8957107, 52.6440248], [10.8958381, 52.6440829], [10.8958825, 52.6441455], [10.8959825, 52.6441724], [10.8960682, 52.6441077], [10.8960681, 52.6439842], [10.896154, 52.6439259], [10.8962451, 52.6438642], [10.8962431, 52.64382], [10.8959717, 52.6436818], [10.8958925, 52.6436546], [10.8959281, 52.6435147], [10.8960429, 52.6434021], [10.8962435, 52.6433482], [10.8963526, 52.6433433], [10.8963915, 52.6433997], [10.8964311, 52.6434719], [10.8965099, 52.6434896], [10.8965872, 52.6434725], [10.8967398, 52.6432706], [10.8967961, 52.6432238], [10.897028, 52.6431695], [10.8971558, 52.6431167], [10.8971744, 52.6430658], [10.897151, 52.643006], [10.897044, 52.6429381], [10.8970627, 52.6428903], [10.8971456, 52.6427623], [10.8971907, 52.6426001], [10.8971473, 52.6424394], [10.8970598, 52.6423426], [10.8969893, 52.6422773], [10.8969706, 52.6422048], [10.8969778, 52.6421318], [10.8970294, 52.6420012], [10.8970792, 52.6419497], [10.8972824, 52.6418341], [10.8975316, 52.6417003], [10.8978615, 52.6415051], [10.8981662, 52.6413324], [10.8983005, 52.6411878], [10.8983422, 52.6409497], [10.8983585, 52.6407246], [10.8983165, 52.6405971], [10.8982087, 52.6403898], [10.8980908, 52.6401923], [10.8980083, 52.6400891], [10.8980288, 52.6399622], [10.8981982, 52.6396682], [10.8985835, 52.6389763], [10.8987417, 52.6386635], [10.8988654, 52.6383955], [10.8990572, 52.6380176], [10.8991593, 52.6378514], [10.8994899, 52.6376751], [10.90007, 52.6373714], [10.9003992, 52.6371635], [10.900704, 52.6368239], [10.9009376, 52.6365701], [10.9011497, 52.6363007], [10.9012779, 52.6361372], [10.9013648, 52.6360772], [10.901662, 52.6359712], [10.9020301, 52.6358196], [10.9023054, 52.6356886], [10.9023849, 52.6356018], [10.9025338, 52.6354348], [10.9025874, 52.6352313], [10.9025756, 52.6349592], [10.9025425, 52.6344617], [10.9025544, 52.6342558], [10.9025599, 52.6341417], [10.9026152, 52.6339794], [10.9029854, 52.6332769], [10.9031666, 52.6328966], [10.9031942, 52.6326935], [10.9031638, 52.6324724], [10.903347, 52.6320168], [10.9034632, 52.631578], [10.9036448, 52.6310875], [10.9037774, 52.6308087], [10.9039011, 52.6305439], [10.9039642, 52.6303181], [10.9039348, 52.630002], [10.9038441, 52.629709], [10.9035817, 52.6290601], [10.9035304, 52.6289565], [10.9037992, 52.6285564], [10.9042221, 52.6279924], [10.9045645, 52.6274892], [10.9048219, 52.6271875], [10.9050676, 52.6269746], [10.9053331, 52.6268595], [10.9057761, 52.6267574], [10.9059811, 52.6267319], [10.9068065, 52.6266901], [10.9072114, 52.6266709], [10.9079756, 52.6266555], [10.9083232, 52.626634], [10.9085074, 52.6265614], [10.9088689, 52.6263815], [10.909797, 52.6259024], [10.9107224, 52.6254094], [10.9113883, 52.6250504], [10.9120081, 52.624708], [10.9133009, 52.6240048], [10.9136461, 52.6238093], [10.9135354, 52.6236559], [10.9134736, 52.6235525], [10.9133881, 52.6233816], [10.9133232, 52.6232054], [10.9132968, 52.623076], [10.9133601, 52.6228597], [10.9135143, 52.6225786], [10.9137913, 52.6220106], [10.914064, 52.6214167], [10.9142413, 52.6209516], [10.91455, 52.6201583], [10.9148101, 52.6194443], [10.9150068, 52.618944], [10.9150381, 52.6188264], [10.9154994, 52.6186701], [10.91566, 52.6184174], [10.9162015, 52.618467], [10.9162763, 52.6184739], [10.9164155, 52.6182089], [10.9164517, 52.6180848], [10.9164756, 52.6179166], [10.9165438, 52.6177876], [10.9167236, 52.6174966], [10.9168738, 52.6172441], [10.9171607, 52.616907], [10.917369, 52.6167928], [10.9176316, 52.6167316], [10.9179056, 52.6166933], [10.9183299, 52.6166421], [10.9186964, 52.6165792], [10.9191761, 52.6164859], [10.9195465, 52.6163913], [10.9198439, 52.6162946], [10.9202521, 52.6161139], [10.9205793, 52.6159357], [10.9208912, 52.6158135], [10.9211779, 52.6157075], [10.9214173, 52.6155928], [10.9217254, 52.6155024], [10.922179, 52.6154064], [10.9227382, 52.6153023], [10.9230826, 52.6152081], [10.9236343, 52.6150978], [10.9240511, 52.614996], [10.9244107, 52.6149395], [10.9245505, 52.6149246], [10.9249918, 52.6149079], [10.9252415, 52.614907], [10.9247971, 52.6146198], [10.9237537, 52.6139552], [10.9233841, 52.613711], [10.923057, 52.6132478], [10.9227197, 52.6134084], [10.9220269, 52.6136223], [10.9217704, 52.6141773], [10.9216758, 52.6143941], [10.9215356, 52.6145167], [10.9215015, 52.6144508], [10.9205735, 52.6149946], [10.9206119, 52.6150414], [10.920382, 52.6151351], [10.91999, 52.6152111], [10.9195153, 52.6152979], [10.9192846, 52.6153745], [10.918907, 52.6154946], [10.9187196, 52.6152538], [10.9169994, 52.6157629], [10.9171637, 52.6160705], [10.9162116, 52.6163044], [10.9157239, 52.6164263], [10.916682, 52.6170449], [10.9162357, 52.6171882], [10.9154799, 52.6173904], [10.9154185, 52.6174136], [10.9155065, 52.617523], [10.9156459, 52.6174986], [10.9157626, 52.6176708], [10.9158195, 52.6176635], [10.9158768, 52.6177829], [10.9157734, 52.6177973], [10.9157704, 52.617848], [10.9154901, 52.6179823], [10.9152815, 52.6178495], [10.9152392, 52.6177141], [10.9152736, 52.6176692], [10.9153713, 52.6176423], [10.9154076, 52.6176417], [10.9154564, 52.6175681], [10.9154081, 52.6174138], [10.9150794, 52.6175109], [10.9146627, 52.6176158], [10.9137357, 52.6178302], [10.9129996, 52.6180067], [10.9136935, 52.6182931], [10.9147058, 52.6187219], [10.9147429, 52.6187371], [10.9144955, 52.6190292], [10.9128825, 52.6192579], [10.9129824, 52.6198775], [10.9130162, 52.6200574], [10.9130258, 52.6204431], [10.9130043, 52.6207854], [10.9128523, 52.6211171], [10.9126669, 52.6213987], [10.9125208, 52.6216259], [10.9125077, 52.6218034], [10.9124944, 52.6219752], [10.9124555, 52.6221563], [10.9123004, 52.6222981], [10.9121182, 52.622415], [10.9119723, 52.6225281], [10.9119105, 52.6227824], [10.9117085, 52.6231593], [10.9115258, 52.6235041], [10.9113098, 52.6237989], [10.9111304, 52.6240747], [10.9110159, 52.624314], [10.9109037, 52.6244836], [10.9106975, 52.6246484], [10.9103359, 52.6248252], [10.9099076, 52.6250252], [10.9095372, 52.6252401], [10.9091818, 52.6254422], [10.9090386, 52.6255002], [10.9088278, 52.6255574], [10.908673, 52.6255852], [10.9085211, 52.6255623], [10.9085371, 52.6256919], [10.9082988, 52.625835], [10.9077969, 52.6260172], [10.9074206, 52.6260961], [10.9070547, 52.626178], [10.9066225, 52.6262641], [10.9061587, 52.6263666], [10.905607, 52.6264799], [10.9053083, 52.6265512], [10.9051582, 52.6265694], [10.904685, 52.6265739], [10.9041224, 52.6265576], [10.9039039, 52.626558], [10.9038001, 52.6269237], [10.9037464, 52.6271253], [10.9034785, 52.6280256], [10.9032557, 52.6287649], [10.9030383, 52.6295092], [10.9028018, 52.629527], [10.9025018, 52.6310071], [10.9026792, 52.6310169], [10.9025576, 52.6314526], [10.9022347, 52.6326456], [10.901859, 52.633459], [10.9013813, 52.634563], [10.9006059, 52.6352815], [10.8993699, 52.6364198], [10.8983621, 52.6370597], [10.8977802, 52.6374435], [10.897558, 52.6375991], [10.8973858, 52.638789], [10.8972208, 52.6399061], [10.8970829, 52.641048], [10.8970045, 52.641642], [10.8974637, 52.6416694], [10.8972454, 52.6417964], [10.8970263, 52.6419044], [10.8969077, 52.6420519], [10.8968626, 52.6422109], [10.8968927, 52.6423054], [10.8970398, 52.6424582], [10.8970929, 52.642603], [10.8970483, 52.6427747], [10.8969401, 52.6429189], [10.8968396, 52.6430028], [10.8965959, 52.6431428], [10.8964848, 52.6432218], [10.8963725, 52.6432743], [10.8960524, 52.6433332], [10.8958899, 52.6434277], [10.895811, 52.6435271], [10.8957833, 52.6437301], [10.8957379, 52.6438828], [10.8956534, 52.643976], [10.8955508, 52.6440093], [10.8951455, 52.6440253], [10.8948241, 52.6440557], [10.8945593, 52.6439492], [10.8941158, 52.6442855], [10.8935801, 52.644655], [10.8932407, 52.6448725], [10.8927748, 52.6451719], [10.8920665, 52.6456423], [10.8915907, 52.6459538], [10.8918248, 52.6460735], [10.8916892, 52.6461865], [10.8915947, 52.6462893], [10.8915584, 52.6464134], [10.8915369, 52.6465182], [10.8912595, 52.6468436], [10.8907763, 52.6472249], [10.8903227, 52.6475931], [10.8900568, 52.6478253], [10.8899447, 52.6478809], [10.8894965, 52.6479894], [10.888615, 52.6483561], [10.8881113, 52.6486269], [10.8879134, 52.648744], [10.88778, 52.6487905], [10.8875103, 52.6488138], [10.8863885, 52.6488728], [10.8853391, 52.6489212], [10.8851781, 52.6489522], [10.8841466, 52.6495385], [10.8833692, 52.6499814], [10.8827191, 52.6503568], [10.8819866, 52.6507547], [10.8818441, 52.6509532], [10.8814658, 52.6515244], [10.8809915, 52.6522379], [10.8805515, 52.6529034], [10.8804096, 52.6531127], [10.8801059, 52.6535576], [10.8797325, 52.6541255], [10.8793949, 52.6546279], [10.8791255, 52.6550215], [10.8789301, 52.6553222], [10.8785681, 52.655863], [10.8783782, 52.6561709], [10.8781243, 52.6565612], [10.8774903, 52.6575125], [10.8768945, 52.6584305], [10.8764158, 52.6591663], [10.8761211, 52.6595803], [10.8761082, 52.6596438], [10.876428, 52.660788], [10.8765054, 52.661135], [10.8766633, 52.6616612], [10.8762585, 52.6621773], [10.8758158, 52.6627827], [10.8754465, 52.6632792], [10.875333, 52.6634251], [10.875082, 52.6637646], [10.8749144, 52.6639857], [10.8748553, 52.6640627], [10.8747792, 52.6641114], [10.8747128, 52.6642612], [10.8746537, 52.6643413], [10.8745894, 52.6644215], [10.8745171, 52.6645556], [10.874375, 52.6647636], [10.8743273, 52.6648657], [10.874224, 52.6650075], [10.8739067, 52.6655033], [10.8740808, 52.6655543], [10.8742251, 52.6656407], [10.8742443, 52.6657259], [10.8740311, 52.665829], [10.8736276, 52.6660127], [10.8729827, 52.6663964], [10.8726731, 52.666585], [10.872123, 52.667116], [10.8716629, 52.6675602], [10.8714753, 52.6677515], [10.8712195, 52.66786], [10.8707897, 52.6680378], [10.8705983, 52.6681896], [10.8705771, 52.6683039], [10.8705569, 52.6684404], [10.870574, 52.668839], [10.87034, 52.6690928], [10.870102, 52.6692498], [10.8698166, 52.6693968], [10.8695954, 52.6694604], [10.8693355, 52.6694708], [10.8689346, 52.669474], [10.8687738, 52.6694892], [10.8686245, 52.6695295], [10.8683999, 52.6696344], [10.868223, 52.6697607], [10.8680295, 52.669865], [10.8677329, 52.6699932], [10.8673192, 52.6701833], [10.8667032, 52.6699049], [10.866565, 52.6698375], [10.8662925, 52.6699937], [10.8658487, 52.6702128], [10.8652154, 52.6705046], [10.8646286, 52.6707892], [10.8639197, 52.6711398], [10.8629861, 52.6715977], [10.8613547, 52.6724243], [10.8608232, 52.6726872], [10.8599157, 52.6731478], [10.8596052, 52.6733173], [10.8590727, 52.6740222], [10.8587964, 52.6743843], [10.85812, 52.6752595], [10.8578347, 52.6756534], [10.857062, 52.676715], [10.8568034, 52.6768805], [10.8561675, 52.6773622], [10.8555058, 52.6778474], [10.8549198, 52.6782539], [10.8540975, 52.6788841], [10.8536727, 52.6791852], [10.8534726, 52.6793793], [10.8531045, 52.6796668], [10.8525141, 52.6801161], [10.8517731, 52.6807007], [10.8511401, 52.6812026], [10.8503737, 52.6818034], [10.8498247, 52.6822489], [10.8493158, 52.682657], [10.8488775, 52.6830089], [10.8484653, 52.6836105], [10.8480691, 52.6842195], [10.8473928, 52.6852273], [10.8468697, 52.6860405], [10.8469193, 52.6860559]]]}}, {"type": "Feature", "properties": {"name": "NSG Nördliche Okeraue zwischen Hülperode und Neubrück", "stufe": "streng", "art": "Naturschutzgebiet"}, "geometry": {"type": "Polygon", "coordinates": [[[10.4165028, 52.3582173], [10.4169259, 52.3582491], [10.4181983, 52.358443], [10.4180759, 52.3586252], [10.4177815, 52.3591329], [10.4176496, 52.3593818], [10.4158845, 52.3590843], [10.4154064, 52.3596798], [10.4169774, 52.3604647], [10.4167256, 52.3607293], [10.416155, 52.3613449], [10.4158242, 52.3616913], [10.4154029, 52.3621196], [10.4150075, 52.3625096], [10.4147436, 52.3627601], [10.4142405, 52.3630609], [10.4137057, 52.3633432], [10.413172, 52.3636587], [10.4130506, 52.3637505], [10.4128339, 52.3640195], [10.4124485, 52.3644806], [10.4122763, 52.3646824], [10.4120261, 52.3651182], [10.4117099, 52.3656784], [10.4114101, 52.3661433], [10.4113473, 52.3663676], [10.4112319, 52.3668922], [10.4111352, 52.367269], [10.411046, 52.36776], [10.4109819, 52.3680651], [10.4109166, 52.3683322], [10.4108098, 52.3686379], [10.4108612, 52.369032], [10.4109143, 52.3694784], [10.4108925, 52.3695262], [10.4121798, 52.3709091], [10.4128083, 52.3716102], [10.4127705, 52.3716439], [10.4131154, 52.3719822], [10.4138562, 52.3720637], [10.4138981, 52.3719158], [10.4141794, 52.3717222], [10.4142921, 52.3716019], [10.4144929, 52.3713189], [10.4152079, 52.3701119], [10.4153158, 52.3698395], [10.4154248, 52.3696051], [10.4160387, 52.3696073], [10.4161394, 52.3688689], [10.4161763, 52.368537], [10.4169215, 52.3684652], [10.4167897, 52.3676871], [10.4167887, 52.3676722], [10.4167794, 52.3676247], [10.4163276, 52.3675873], [10.4160961, 52.3676377], [10.4151263, 52.3679251], [10.4151028, 52.3676734], [10.4151247, 52.3673877], [10.4150397, 52.3670368], [10.4149714, 52.3668474], [10.414989, 52.3666665], [10.4150615, 52.3665039], [10.4151499, 52.3663554], [10.4153599, 52.3661198], [10.4156379, 52.3658217], [10.4157637, 52.3656252], [10.415839, 52.3654293], [10.4158952, 52.3652431], [10.4161537, 52.3650688], [10.4161227, 52.3645655], [10.4161437, 52.3645594], [10.4162942, 52.364147], [10.4163861, 52.3640768], [10.416422, 52.3640535], [10.4164208, 52.3640523], [10.4169919, 52.3635705], [10.4171171, 52.3635923], [10.4171196, 52.3635906], [10.4175069, 52.3636567], [10.4176693, 52.3635191], [10.4178089, 52.3633906], [10.4178535, 52.3633246], [10.4179119, 52.3631644], [10.4179992, 52.3629691], [10.41818, 52.3626704], [10.4182617, 52.3626142], [10.4186731, 52.3626297], [10.4188993, 52.3626666], [10.4189418, 52.3626735], [10.4190627, 52.3626945], [10.4190649, 52.3626944], [10.4192027, 52.3626847], [10.4196775, 52.3623865], [10.4197161, 52.362339], [10.4197149, 52.3623002], [10.419602, 52.3622197], [10.4194365, 52.3621624], [10.4192646, 52.3621154], [10.4190601, 52.3620912], [10.4189365, 52.3620927], [10.4188233, 52.3621023], [10.4187121, 52.362075], [10.4190431, 52.3618747], [10.4192052, 52.3617193], [10.4198329, 52.3613824], [10.4199335, 52.3613108], [10.4201565, 52.3611762], [10.4207941, 52.3607209], [10.4208845, 52.3606563], [10.4208848, 52.3606561], [10.4217822, 52.3597864], [10.4220213, 52.3595361], [10.4220814, 52.3594684], [10.4228566, 52.3586105], [10.423393, 52.3580191], [10.4237831, 52.3575911], [10.4241514, 52.3572062], [10.4243477, 52.3570326], [10.4248251, 52.3566606], [10.4260833, 52.3555706], [10.426506, 52.3551898], [10.4271468, 52.3553105], [10.4274125, 52.3548792], [10.4275444, 52.3546518], [10.4273309, 52.3546132], [10.4284831, 52.353934], [10.4292771, 52.3534659], [10.4291329, 52.3534281], [10.429442, 52.3531425], [10.4297951, 52.3528957], [10.4298995, 52.3527613], [10.4300515, 52.352417], [10.4302942, 52.3519955], [10.4304471, 52.3517695], [10.4306432, 52.3517169], [10.4307931, 52.3514963], [10.4314786, 52.351634], [10.4316641, 52.3513654], [10.4317454, 52.351377], [10.4324182, 52.3514946], [10.4329326, 52.3502319], [10.4329961, 52.35008], [10.4329987, 52.3500737], [10.4331865, 52.3500819], [10.4332033, 52.3500959], [10.4332035, 52.3500959], [10.4334235, 52.3501741], [10.4337855, 52.3503219], [10.4340839, 52.3504229], [10.4345997, 52.3505213], [10.4347174, 52.3505579], [10.4351309, 52.3503769], [10.4356356, 52.350133], [10.4358603, 52.3498782], [10.4361728, 52.3494558], [10.4365083, 52.3489048], [10.4367776, 52.3483499], [10.4370268, 52.3478755], [10.4370994, 52.3477372], [10.4373959, 52.3474197], [10.4379437, 52.3468328], [10.4382458, 52.3465675], [10.4384588, 52.346194], [10.438586, 52.346045], [10.4386616, 52.3459823], [10.4387747, 52.3458762], [10.4389678, 52.3457265], [10.4394082, 52.3454167], [10.4398427, 52.3451689], [10.4402321, 52.3449644], [10.4407136, 52.3447254], [10.440967, 52.3446367], [10.4412601, 52.3445761], [10.4415307, 52.3445395], [10.4419491, 52.3445106], [10.4422057, 52.3445217], [10.4425801, 52.3445742], [10.4428354, 52.3445426], [10.4444295, 52.344252], [10.445253, 52.3440926], [10.4453007, 52.3435059], [10.4452355, 52.3434339], [10.4452734, 52.3430953], [10.4453643, 52.3428844], [10.4453868, 52.3427172], [10.4452633, 52.3425732], [10.4450558, 52.3424375], [10.4445773, 52.342714], [10.4433158, 52.3430814], [10.443134, 52.3429837], [10.4428203, 52.3426499], [10.4440899, 52.342292], [10.4443108, 52.3420764], [10.4441352, 52.3420156], [10.4440546, 52.3419262], [10.4439904, 52.3418604], [10.4439466, 52.3417087], [10.443952, 52.3416373], [10.4440868, 52.3414835], [10.4442894, 52.341267], [10.444612, 52.3409206], [10.4449086, 52.3406126], [10.4450994, 52.3405104], [10.4453664, 52.3403644], [10.4456188, 52.3402472], [10.4457146, 52.3400891], [10.4459226, 52.3398012], [10.4460619, 52.3395474], [10.4463284, 52.3391494], [10.4465668, 52.3387232], [10.4467453, 52.3384832], [10.4468412, 52.3383299], [10.4469681, 52.3381714], [10.4469672, 52.3381704], [10.4463604, 52.3376319], [10.4456805, 52.336903], [10.4452518, 52.337089], [10.4434518, 52.3357266], [10.4421901, 52.3366509], [10.4420701, 52.3365429], [10.4419973, 52.3364535], [10.4419691, 52.3363016], [10.442006, 52.3360063], [10.4420023, 52.3358922], [10.4419836, 52.3357926], [10.441786, 52.3354478], [10.4416283, 52.3351358], [10.4415781, 52.3350223], [10.4415973, 52.3348984], [10.441634, 52.3348314], [10.4417628, 52.3347347], [10.4421133, 52.3345306], [10.4423491, 52.3343803], [10.4425937, 52.3342632], [10.4428347, 52.3341556], [10.4430707, 52.3340101], [10.443276, 52.3338791], [10.4434283, 52.3337869], [10.443667, 52.3337269], [10.4437968, 52.3336587], [10.4438495, 52.3336105], [10.4438621, 52.3335909], [10.4439343, 52.3335275], [10.4443874, 52.3332908], [10.4443969, 52.3332858], [10.4447313, 52.3331111], [10.4454713, 52.3335216], [10.4454092, 52.3335606], [10.4450262, 52.333801], [10.4452989, 52.3339419], [10.4454263, 52.3340077], [10.445609, 52.334102], [10.4461241, 52.3337388], [10.4461896, 52.3336926], [10.4462243, 52.3337015], [10.4462531, 52.3337089], [10.4463259, 52.3336637], [10.446495, 52.3335588], [10.4465065, 52.3335517], [10.4465069, 52.3335507], [10.4466719, 52.3334378], [10.4473379, 52.3330301], [10.4483833, 52.3324751], [10.449192, 52.3320419], [10.4492644, 52.33201], [10.4492654, 52.3320197], [10.4493969, 52.3319838], [10.4495337, 52.3318923], [10.4496341, 52.3317583], [10.4498164, 52.3315635], [10.44992, 52.3313139], [10.4500517, 52.3306403], [10.4500358, 52.3306429], [10.4481893, 52.3309499], [10.4480989, 52.3309639], [10.4479022, 52.330932], [10.4477524, 52.3308354], [10.4477221, 52.330774], [10.4475562, 52.3308017], [10.4469988, 52.3308954], [10.4469804, 52.3308985], [10.4471387, 52.3304449], [10.4471166, 52.3304451], [10.4471618, 52.3303716], [10.4472335, 52.3302305], [10.4473815, 52.3300884], [10.4476813, 52.3299211], [10.4482077, 52.3296808], [10.4489248, 52.3294382], [10.4493733, 52.3291522], [10.4495183, 52.3289166], [10.4495144, 52.3287998], [10.4493169, 52.3285918], [10.4492726, 52.3284053], [10.4493031, 52.3281712], [10.4495624, 52.3279342], [10.4500491, 52.3276477], [10.4509546, 52.3273326], [10.4506387, 52.3270092], [10.4503679, 52.3268957], [10.450059, 52.3267826], [10.449525, 52.3267891], [10.4491459, 52.3268639], [10.4483357, 52.3265933], [10.4473082, 52.3260922], [10.4470687, 52.3259689], [10.4469009, 52.3258862], [10.446595, 52.3258666], [10.4463532, 52.3254721], [10.4460298, 52.324915], [10.4458657, 52.3243802], [10.4459332, 52.3242848], [10.445746, 52.3241627], [10.4452468, 52.3238502], [10.4446755, 52.3234672], [10.443726, 52.3245799], [10.4432555, 52.3244731], [10.4427329, 52.3253078], [10.4423303, 52.3259357], [10.44142, 52.3273023], [10.4408906, 52.3280887], [10.4406327, 52.3285151], [10.4404809, 52.3288594], [10.4404255, 52.3290646], [10.4404101, 52.3293073], [10.4404123, 52.3298542], [10.4404091, 52.3307104], [10.4405828, 52.3307986], [10.4406352, 52.3309787], [10.4406489, 52.3311592], [10.4407286, 52.3312249], [10.4407423, 52.3313356], [10.4413122, 52.3311973], [10.4414605, 52.3311727], [10.4416475, 52.3311932], [10.4418361, 52.3312595], [10.4418499, 52.3313765], [10.4432337, 52.3311514], [10.4456036, 52.330742], [10.4468661, 52.3305311], [10.4466905, 52.3309472], [10.4444138, 52.33133], [10.4444151, 52.3313329], [10.4432765, 52.3315244], [10.4415373, 52.3318169], [10.441524, 52.3319106], [10.4410119, 52.3319946], [10.4411268, 52.3326638], [10.4407661, 52.3333886], [10.4407697, 52.3333897], [10.4410704, 52.3333846], [10.4410566, 52.3334866], [10.4411564, 52.3336982], [10.4411383, 52.3337468], [10.4411249, 52.3337826], [10.4410982, 52.3338244], [10.441097, 52.3338264], [10.4408319, 52.3339402], [10.4405975, 52.3340408], [10.4407668, 52.3342051], [10.440629, 52.3342562], [10.4405797, 52.3343107], [10.4405298, 52.3345272], [10.4401872, 52.3345011], [10.4396783, 52.334464], [10.4396734, 52.3344879], [10.4396662, 52.3345233], [10.4397116, 52.3346163], [10.4396808, 52.3348205], [10.4397665, 52.3351953], [10.4398061, 52.3353074], [10.4398628, 52.3354417], [10.4401009, 52.335561], [10.4401014, 52.3355635], [10.44031, 52.3356569], [10.4408003, 52.3358559], [10.4406524, 52.3360418], [10.4389604, 52.3358199], [10.4389475, 52.3358553], [10.4387657, 52.3362452], [10.438797, 52.3362665], [10.4392811, 52.3365956], [10.4393648, 52.3366126], [10.4394911, 52.336659], [10.4395337, 52.33669], [10.439572, 52.336739], [10.4395844, 52.3368678], [10.4400772, 52.3368574], [10.4402563, 52.3368742], [10.440328, 52.3369304], [10.440387, 52.3370724], [10.4404189, 52.3373383], [10.4404021, 52.3375383], [10.4403414, 52.3377266], [10.4400072, 52.3384602], [10.4399063, 52.3384777], [10.4396179, 52.3385279], [10.4395683, 52.3388103], [10.4394777, 52.3392955], [10.4393871, 52.3397809], [10.4392725, 52.3397206], [10.437999, 52.3391576], [10.436984, 52.3387173], [10.4365694, 52.3385335], [10.4362989, 52.3387691], [10.4357698, 52.3385557], [10.4357672, 52.338558], [10.4356358, 52.3384924], [10.435521, 52.3384219], [10.4354565, 52.3383957], [10.4353678, 52.3383743], [10.4352199, 52.3383416], [10.4347839, 52.3390063], [10.4344378, 52.3395021], [10.4342066, 52.3397672], [10.4339738, 52.3399843], [10.4338701, 52.340107], [10.4326593, 52.3411768], [10.4325642, 52.3411869], [10.4323017, 52.3410912], [10.4322017, 52.3411778], [10.4320592, 52.3413849], [10.4319428, 52.3415428], [10.4323184, 52.34168], [10.4320312, 52.3419592], [10.4318459, 52.3422058], [10.4317143, 52.3423737], [10.4316496, 52.342415], [10.4315843, 52.3424412], [10.4314698, 52.3424561], [10.4313566, 52.3424109], [10.4313557, 52.342412], [10.4313459, 52.3424082], [10.4310526, 52.3427204], [10.430971, 52.342696], [10.4308242, 52.3428476], [10.430931, 52.3428929], [10.4304748, 52.3434041], [10.4304738, 52.3434038], [10.4303899, 52.3435098], [10.4293703, 52.3430333], [10.4290106, 52.3434605], [10.4289664, 52.343513], [10.4291267, 52.3443099], [10.4291987, 52.3445013], [10.4293056, 52.3448308], [10.4292914, 52.345327], [10.4290665, 52.3453283], [10.4290687, 52.3453426], [10.4290776, 52.3454007], [10.4290851, 52.3454494], [10.4290875, 52.3454492], [10.4291398, 52.3457079], [10.4292884, 52.3465812], [10.4291287, 52.3466878], [10.4291189, 52.3468639], [10.429055, 52.3470501], [10.4290113, 52.347141], [10.428815, 52.3473146], [10.4286554, 52.3474212], [10.4284423, 52.3475569], [10.428275, 52.3476683], [10.428007, 52.3479046], [10.4279103, 52.3480389], [10.4279289, 52.3481338], [10.4279789, 52.3482379], [10.4279816, 52.3483234], [10.4279846, 52.3484138], [10.4279158, 52.3484479], [10.4278088, 52.3485015], [10.4275849, 52.3485538], [10.4275848, 52.3485564], [10.4273174, 52.3486136], [10.426743, 52.348712], [10.4264586, 52.3487724], [10.4260835, 52.3488278], [10.4257747, 52.34889], [10.4255244, 52.3489455], [10.4251404, 52.3490281], [10.4246772, 52.3491595], [10.4243325, 52.3493241], [10.4242462, 52.3493806], [10.4240953, 52.3495498], [10.4240217, 52.3496744], [10.4239864, 52.3498312], [10.4239866, 52.3498318], [10.4239973, 52.350013], [10.4239629, 52.3500193], [10.4239536, 52.350021], [10.423899, 52.3499977], [10.4237713, 52.3499843], [10.4237325, 52.3500717], [10.4237421, 52.3502199], [10.4237734, 52.3503559], [10.4238498, 52.3504479], [10.423851, 52.3504839], [10.4239533, 52.3505499], [10.4239559, 52.3505515], [10.4240271, 52.3505567], [10.4240486, 52.3508472], [10.4239643, 52.3509636], [10.4238882, 52.3509683], [10.4238421, 52.3510938], [10.4237664, 52.3512754], [10.4236835, 52.3515951], [10.4236535, 52.3518713], [10.4235339, 52.3520154], [10.4234552, 52.3521081], [10.4228022, 52.3526304], [10.4227926, 52.3526331], [10.4227019, 52.3529529], [10.422537, 52.3532592], [10.4224522, 52.3535218], [10.4222879, 52.3537235], [10.4221283, 52.3538349], [10.4218825, 52.3539187], [10.4215887, 52.3539602], [10.4212588, 52.353969], [10.4212582, 52.3539697], [10.4209294, 52.3539573], [10.4208055, 52.3540461], [10.4208584, 52.3540916], [10.4211258, 52.3541403], [10.4210202, 52.3542762], [10.420602, 52.3545571], [10.4203637, 52.3547282], [10.4203561, 52.3547305], [10.4199911, 52.354958], [10.419867, 52.3550396], [10.4195665, 52.3553027], [10.4194517, 52.3554277], [10.4192093, 52.355775], [10.4188047, 52.356374], [10.4189454, 52.3563947], [10.4189878, 52.3564009], [10.4189835, 52.3565149], [10.4192223, 52.3569195], [10.4192171, 52.3570068], [10.4191641, 52.3570827], [10.4189543, 52.3572113], [10.4188541, 52.3572974], [10.4185836, 52.3576328], [10.41717, 52.3573976], [10.4165028, 52.3582173]]]}}, {"type": "Feature", "properties": {"name": "NSG Okeraue bei Didderse", "stufe": "streng", "art": "Naturschutzgebiet"}, "geometry": {"type": "Polygon", "coordinates": [[[10.3957993, 52.4023693], [10.3957933, 52.4023703], [10.395627, 52.402986], [10.3955443, 52.4033109], [10.3954499, 52.4038519], [10.3952645, 52.4050419], [10.3951535, 52.4056456], [10.394941, 52.406862], [10.3947846, 52.4077959], [10.3946009, 52.4087471], [10.3946568, 52.4087578], [10.3946579, 52.4087624], [10.3951504, 52.4088736], [10.3970798, 52.4093509], [10.39782, 52.4095411], [10.3988147, 52.4098476], [10.3992334, 52.4099781], [10.3994087, 52.4096825], [10.3998169, 52.4094972], [10.3997937, 52.4093162], [10.4002997, 52.4090884], [10.4004324, 52.4088949], [10.4004017, 52.4086256], [10.4010094, 52.4084786], [10.4010565, 52.4083796], [10.4013167, 52.4082352], [10.4012425, 52.4078088], [10.4012345, 52.4077397], [10.4012086, 52.4077336], [10.4012045, 52.4076402], [10.4012074, 52.4075852], [10.4012143, 52.4075452], [10.4012203, 52.4075144], [10.4012298, 52.4074822], [10.4012429, 52.4074521], [10.4012582, 52.4074213], [10.4012861, 52.4073803], [10.4013152, 52.4073435], [10.4013423, 52.407314], [10.4013569, 52.4072974], [10.4013786, 52.4072773], [10.401408, 52.407254], [10.4014445, 52.4072271], [10.4014727, 52.407206], [10.4014805, 52.4071676], [10.4015747, 52.4070423], [10.4016529, 52.4067451], [10.4016579, 52.4066086], [10.4018513, 52.4065552], [10.401972, 52.4062582], [10.4020749, 52.4062797], [10.4023107, 52.4058052], [10.4033216, 52.4060074], [10.40333, 52.4060091], [10.4035076, 52.4060411], [10.4035091, 52.406038], [10.4035251, 52.4060068], [10.4042261, 52.4061348], [10.4055685, 52.4063889], [10.4055783, 52.4063907], [10.4055812, 52.406379], [10.4057195, 52.4062718], [10.4058881, 52.4061449], [10.4060909, 52.4059913], [10.4062503, 52.4058695], [10.4063396, 52.4058013], [10.4063556, 52.4058242], [10.4067531, 52.405554], [10.406821, 52.4048429], [10.4069994, 52.4031233], [10.4055808, 52.4031521], [10.4040637, 52.4031421], [10.4040474, 52.4031321], [10.4039844, 52.403091], [10.4039356, 52.4030552], [10.4038945, 52.4030198], [10.4038528, 52.4029814], [10.4038086, 52.4029414], [10.4037708, 52.4029078], [10.4037154, 52.4028521], [10.403689, 52.4028275], [10.403665, 52.4028064], [10.4036363, 52.4027853], [10.4035791, 52.4027475], [10.4034304, 52.4026543], [10.4033722, 52.4026222], [10.4032736, 52.4025642], [10.4032403, 52.4025453], [10.4032012, 52.4025265], [10.4031656, 52.4025084], [10.4031431, 52.4024965], [10.4031181, 52.4024811], [10.4030859, 52.4024573], [10.4030655, 52.4024404], [10.4030547, 52.4024291], [10.403039, 52.4024122], [10.4030232, 52.4023924], [10.4030133, 52.4023754], [10.4030032, 52.4023505], [10.402998, 52.4023356], [10.4029941, 52.4023221], [10.402993, 52.4022872], [10.402995, 52.4022771], [10.4029982, 52.4022685], [10.4030037, 52.4022556], [10.4030092, 52.4022463], [10.4030215, 52.4022283], [10.4030383, 52.4022089], [10.4030589, 52.4021923], [10.4030759, 52.4021792], [10.4030987, 52.4021646], [10.4031308, 52.4021471], [10.403171, 52.4021252], [10.4032026, 52.402109], [10.4032514, 52.4020872], [10.4033055, 52.4020637], [10.4034301, 52.4020174], [10.4034354, 52.4020126], [10.4037399, 52.4019465], [10.4039967, 52.4018411], [10.4040069, 52.4018349], [10.4042064, 52.4017136], [10.4043394, 52.4015131], [10.4044381, 52.401404], [10.4044439, 52.4012959], [10.4043276, 52.4011439], [10.4043056, 52.4011036], [10.4042937, 52.401082], [10.4042387, 52.4009815], [10.4042325, 52.4009703], [10.4041698, 52.4008559], [10.4040078, 52.4007271], [10.4034125, 52.400416], [10.4034766, 52.4001923], [10.4035364, 52.4002052], [10.4035528, 52.4002088], [10.4035598, 52.40021], [10.4035655, 52.400211], [10.4035723, 52.4002115], [10.403582, 52.4002117], [10.403587, 52.4002114], [10.403592, 52.4002108], [10.4035968, 52.40021], [10.4036025, 52.4002087], [10.4036088, 52.4002068], [10.4036161, 52.4002038], [10.4036235, 52.4001997], [10.4036302, 52.4001954], [10.4036355, 52.400191], [10.4036382, 52.4001888], [10.4037159, 52.4000202], [10.4037554, 52.3998038], [10.403757, 52.3997902], [10.4037845, 52.3995477], [10.403784, 52.3995321], [10.403783, 52.3995023], [10.4038558, 52.3993871], [10.4038627, 52.3993763], [10.4038614, 52.3993384], [10.4038563, 52.3991775], [10.4039629, 52.3990227], [10.4042559, 52.3988885], [10.404366, 52.3988418], [10.4045083, 52.3983513], [10.4047266, 52.3974289], [10.4047294, 52.3974167], [10.4047278, 52.3974152], [10.4047294, 52.3973983], [10.4047411, 52.3972752], [10.4046866, 52.3972758], [10.4047084, 52.3970873], [10.40472, 52.3969981], [10.4048658, 52.3970038], [10.4048787, 52.3969207], [10.4048973, 52.3968056], [10.4049171, 52.3966613], [10.4049411, 52.3964707], [10.4049567, 52.3963679], [10.4051984, 52.3963786], [10.405196, 52.3963044], [10.4051922, 52.3962574], [10.4051879, 52.396231], [10.4051884, 52.3962103], [10.4051783, 52.3961425], [10.4049133, 52.3960474], [10.4049093, 52.3959824], [10.4049462, 52.3959844], [10.4057192, 52.3959996], [10.4060576, 52.3955273], [10.4076718, 52.395589], [10.4076989, 52.3953783], [10.4077558, 52.3949885], [10.4077695, 52.3948868], [10.4078517, 52.3943559], [10.407204, 52.3943067], [10.4072304, 52.3943539], [10.4071718, 52.3943689], [10.4071368, 52.3943193], [10.4068067, 52.3942324], [10.406532, 52.3940918], [10.4061612, 52.3939369], [10.4060098, 52.3939074], [10.4060226, 52.3938694], [10.4059847, 52.393852], [10.4054601, 52.3935993], [10.4056967, 52.393264], [10.4056288, 52.3931413], [10.4055717, 52.3930387], [10.4054422, 52.3928664], [10.4052662, 52.3927805], [10.4053714, 52.3926848], [10.4057137, 52.3923921], [10.4058272, 52.3922581], [10.4058699, 52.3922083], [10.4059574, 52.3920989], [10.4061149, 52.3919201], [10.4062307, 52.3917846], [10.4063006, 52.3917081], [10.4064597, 52.3915421], [10.4064992, 52.3915003], [10.406549, 52.3914512], [10.4065827, 52.3914123], [10.4066528, 52.3913437], [10.4067695, 52.3912367], [10.4068807, 52.3911398], [10.408081, 52.3902402], [10.4084024, 52.3902984], [10.4087814, 52.3903724], [10.4089286, 52.3900909], [10.4089956, 52.3899698], [10.4090818, 52.3898123], [10.409116, 52.3897513], [10.4092266, 52.3895616], [10.4095948, 52.3896271], [10.4098411, 52.3896727], [10.4102465, 52.3897108], [10.4114864, 52.3871759], [10.4121488, 52.3858154], [10.4120982, 52.3858089], [10.4121237, 52.3857525], [10.4122919, 52.3853981], [10.4123389, 52.3852998], [10.4120524, 52.3852355], [10.4117964, 52.38518], [10.4118608, 52.3849674], [10.4115918, 52.3849057], [10.4115547, 52.384986], [10.4114302, 52.3849939], [10.4115753, 52.384679], [10.4116344, 52.3845592], [10.4116812, 52.3844559], [10.4119293, 52.3839364], [10.4120166, 52.3837499], [10.4120898, 52.3835971], [10.4121075, 52.3835596], [10.4120484, 52.3835445], [10.4097299, 52.3830664], [10.4097443, 52.3830173], [10.4097634, 52.3829524], [10.4097882, 52.3829404], [10.4098956, 52.3827523], [10.4099751, 52.3826143], [10.4099991, 52.3825689], [10.4101331, 52.3823392], [10.410259, 52.3821201], [10.4103783, 52.3819214], [10.4104909, 52.3817301], [10.4106592, 52.3814472], [10.4107977, 52.3812163], [10.4109312, 52.3812408], [10.4110478, 52.3810497], [10.4122764, 52.3813137], [10.412167, 52.3814933], [10.4126145, 52.3815994], [10.4128901, 52.3816636], [10.4129608, 52.3815798], [10.4135177, 52.3809877], [10.4139463, 52.3795789], [10.4142646, 52.3784975], [10.4142824, 52.3784981], [10.4143392, 52.378508], [10.4145912, 52.3776753], [10.4146844, 52.3773957], [10.4151452, 52.3764138], [10.4153011, 52.3760653], [10.4152359, 52.376055], [10.4152404, 52.3760453], [10.4140227, 52.3758352], [10.4140344, 52.3757832], [10.4140469, 52.3757374], [10.4140555, 52.375713], [10.4140619, 52.3756958], [10.414073, 52.3756771], [10.4140874, 52.3756548], [10.4140984, 52.37564], [10.4141165, 52.3756174], [10.4141368, 52.375595], [10.4141526, 52.3755806], [10.4141754, 52.3755625], [10.4141924, 52.3755487], [10.4142113, 52.3755321], [10.4142238, 52.3755186], [10.414233, 52.3755047], [10.4142401, 52.3754931], [10.4142468, 52.3754797], [10.4142591, 52.3754461], [10.4142675, 52.3754194], [10.4142841, 52.3753536], [10.4142983, 52.37525], [10.4143021, 52.375225], [10.4143071, 52.3751978], [10.414311, 52.3751855], [10.4143152, 52.3751764], [10.41432, 52.375167], [10.4143286, 52.375154], [10.4143347, 52.375148], [10.4143429, 52.3751424], [10.4143491, 52.3751385], [10.4143811, 52.3751189], [10.414651, 52.3746266], [10.4147806, 52.3745044], [10.4149855, 52.3743117], [10.4152175, 52.3740934], [10.4155694, 52.3737625], [10.4156996, 52.3736418], [10.4156562, 52.3736352], [10.4158264, 52.3734876], [10.4160701, 52.3732735], [10.4162811, 52.3730912], [10.4163287, 52.3730507], [10.4163469, 52.3730348], [10.416357, 52.373024], [10.4163682, 52.373011], [10.4164444, 52.3729145], [10.4165073, 52.3728388], [10.4166487, 52.3726702], [10.4167755, 52.3725167], [10.4168316, 52.3724476], [10.4168906, 52.372434], [10.4166754, 52.3721933], [10.4159473, 52.3723875], [10.4153417, 52.3725489], [10.4145616, 52.3727551], [10.4144949, 52.3724199], [10.4144741, 52.3723136], [10.4143497, 52.3723304], [10.4139224, 52.3723241], [10.4137119, 52.3722845], [10.4128239, 52.3721764], [10.4128061, 52.3721763], [10.4128084, 52.372181], [10.4128139, 52.3721897], [10.4128228, 52.3722024], [10.4128369, 52.3722193], [10.4128537, 52.372237], [10.4128977, 52.372285], [10.4129062, 52.3722977], [10.4129123, 52.3723127], [10.4129247, 52.3723631], [10.4129743, 52.3725759], [10.4130135, 52.3727445], [10.4130508, 52.3728889], [10.4130789, 52.3730034], [10.4131111, 52.373135], [10.4128522, 52.3730938], [10.4128506, 52.3732251], [10.4128542, 52.3733756], [10.412854, 52.3734049], [10.4128501, 52.3734285], [10.4128071, 52.3735788], [10.4127685, 52.3737205], [10.4127299, 52.3737181], [10.4127225, 52.3737401], [10.4126592, 52.3738759], [10.4125724, 52.3740396], [10.4125198, 52.3741472], [10.4123289, 52.3741181], [10.4121689, 52.3743276], [10.4120985, 52.3744205], [10.4120334, 52.374499], [10.4120211, 52.374517], [10.4120123, 52.3745335], [10.411931, 52.3747243], [10.4118929, 52.3748082], [10.4118475, 52.3749214], [10.4115874, 52.3748789], [10.4111374, 52.3748036], [10.4109359, 52.3747711], [10.4101569, 52.3751264], [10.4099249, 52.3752333], [10.4098732, 52.3752561], [10.4098111, 52.3752846], [10.4097675, 52.3753058], [10.4097423, 52.3753204], [10.4096898, 52.3753538], [10.40961, 52.3754033], [10.4085338, 52.3760143], [10.4075685, 52.3766112], [10.4066856, 52.377173], [10.4065312, 52.3772828], [10.4065298, 52.3773297], [10.4065217, 52.3773363], [10.4065107, 52.3773496], [10.4064741, 52.3774139], [10.4062576, 52.3777561], [10.4061154, 52.3779768], [10.4059046, 52.378311], [10.4057769, 52.3785101], [10.4057058, 52.3786223], [10.4056204, 52.3787581], [10.405607, 52.3787775], [10.4056003, 52.3787883], [10.4055927, 52.3788034], [10.4055851, 52.3788213], [10.4055777, 52.3788464], [10.4055672, 52.3788814], [10.4055529, 52.3789472], [10.4055468, 52.3789744], [10.405527, 52.3790474], [10.4055019, 52.3791322], [10.4054565, 52.3792865], [10.40541, 52.3794369], [10.4053351, 52.3796846], [10.4052737, 52.3798815], [10.4052371, 52.3800118], [10.4052063, 52.3801092], [10.4051641, 52.3802488], [10.4051341, 52.3803575], [10.4050724, 52.3805538], [10.4049808, 52.3808638], [10.4049532, 52.380949], [10.4048963, 52.381138], [10.4048115, 52.3814058], [10.4047665, 52.3815647], [10.4047229, 52.3816979], [10.404646, 52.381955], [10.4046141, 52.3820538], [10.4046089, 52.3820738], [10.40459, 52.3821846], [10.4045884, 52.3821996], [10.4045918, 52.3822144], [10.4046053, 52.3822522], [10.4047281, 52.3825575], [10.4048402, 52.3828294], [10.4049026, 52.3829877], [10.4049898, 52.3831993], [10.4051352, 52.3835578], [10.4052266, 52.38379], [10.4053365, 52.3840576], [10.4053885, 52.3841904], [10.4054516, 52.3843402], [10.4055694, 52.3846363], [10.4056527, 52.384835], [10.4057096, 52.384977], [10.4057539, 52.3850857], [10.4057879, 52.3851644], [10.4058058, 52.3852134], [10.4058225, 52.3852625], [10.4058278, 52.3852838], [10.4058312, 52.3853152], [10.4058357, 52.38542], [10.4058406, 52.3855012], [10.4058483, 52.3856716], [10.4058467, 52.3856945], [10.4058454, 52.3857259], [10.4058405, 52.3857909], [10.4058334, 52.3859001], [10.4058211, 52.3860636], [10.4057962, 52.386417], [10.4057792, 52.3866141], [10.4057676, 52.3868005], [10.4057406, 52.387161], [10.4057187, 52.3874623], [10.4057018, 52.3876644], [10.4056928, 52.387783], [10.4056824, 52.387935], [10.4056733, 52.3880507], [10.4056699, 52.38809], [10.4056671, 52.3881121], [10.4056612, 52.3881465], [10.4056555, 52.3881778], [10.4056461, 52.3882208], [10.4056011, 52.3883841], [10.4055615, 52.3885307], [10.405543, 52.3886094], [10.4055305, 52.3886581], [10.4055222, 52.3886889], [10.4054865, 52.3887399], [10.4053843, 52.388826], [10.4052062, 52.3889815], [10.4049371, 52.3892094], [10.4048032, 52.3893259], [10.4047634, 52.3893592], [10.4046192, 52.3894793], [10.4045011, 52.3895806], [10.4044217, 52.3896493], [10.4042797, 52.3897687], [10.4040923, 52.3899243], [10.40403, 52.3899807], [10.4039391, 52.3900574], [10.4038482, 52.3901334], [10.4037108, 52.390247], [10.4035882, 52.3903519], [10.4034723, 52.3904489], [10.4033416, 52.3905546], [10.4032485, 52.3906342], [10.4031054, 52.3907543], [10.403181, 52.3907862], [10.4031767, 52.3907899], [10.4032598, 52.3908167], [10.4025759, 52.3913557], [10.4019616, 52.3919029], [10.4018171, 52.3920353], [10.4008506, 52.3931948], [10.4004843, 52.3936537], [10.3997338, 52.3945829], [10.399772, 52.3945894], [10.3997715, 52.3945901], [10.39978, 52.3945884], [10.3993864, 52.3950648], [10.3993362, 52.3951255], [10.3989838, 52.3955526], [10.3988941, 52.395656], [10.3986733, 52.395812], [10.3984343, 52.3958887], [10.398379, 52.3959065], [10.3982521, 52.395937], [10.3978074, 52.3960439], [10.3976966, 52.3960805], [10.3975273, 52.3961363], [10.3974856, 52.39615], [10.3974759, 52.3961612], [10.3973511, 52.3963051], [10.3972892, 52.3964024], [10.3972804, 52.3964196], [10.3972621, 52.3964131], [10.3972619, 52.396414], [10.3972569, 52.3964419], [10.3972491, 52.3964898], [10.3971581, 52.3964873], [10.397158, 52.3964495], [10.397035, 52.3964303], [10.396985, 52.3968047], [10.3969512, 52.3970255], [10.3969408, 52.3971034], [10.3968989, 52.3973635], [10.396863, 52.397593], [10.3968098, 52.3979018], [10.3967551, 52.3982377], [10.3967537, 52.3982455], [10.3967652, 52.3983409], [10.3967895, 52.398818], [10.3968545, 52.3994025], [10.396895, 52.39951], [10.3970299, 52.3996619], [10.3971159, 52.3997382], [10.3973413, 52.3998151], [10.3975567, 52.3998693], [10.3975407, 52.39988], [10.397416, 52.4001068], [10.3972783, 52.4003631], [10.397195, 52.4005138], [10.3971492, 52.4005958], [10.3970447, 52.4007939], [10.3968759, 52.4010998], [10.3968285, 52.401186], [10.3966665, 52.4014868], [10.3964888, 52.4018097], [10.3964005, 52.4017948], [10.3962701, 52.401785], [10.3962313, 52.4017899], [10.396122, 52.4018038], [10.3960397, 52.4018445], [10.3959149, 52.4020108], [10.3958384, 52.402239], [10.3958308, 52.4022425], [10.3958018, 52.4023581], [10.3957993, 52.4023693]]]}}, {"type": "Feature", "properties": {"name": "NSG Okeraue bei Volkse", "stufe": "streng", "art": "Naturschutzgebiet"}, "geometry": {"type": "Polygon", "coordinates": [[[10.3428258, 52.4741271], [10.3433503, 52.4737871], [10.3452007, 52.4726926], [10.3453365, 52.4727112], [10.3453955, 52.4728648], [10.3456785, 52.4730609], [10.3462861, 52.4732598], [10.3462911, 52.4735533], [10.3467729, 52.4735805], [10.3479673, 52.4735733], [10.3481542, 52.4733737], [10.3481206, 52.4730926], [10.3480225, 52.4727299], [10.3477288, 52.4720874], [10.3474086, 52.4716306], [10.348374, 52.4706053], [10.3493968, 52.469519], [10.3492445, 52.4694442], [10.3490905, 52.4691008], [10.3488631, 52.4683456], [10.3484412, 52.4668731], [10.3482321, 52.46616], [10.3480147, 52.465692], [10.3472491, 52.464231], [10.346798, 52.4633564], [10.3456535, 52.4610818], [10.3478132, 52.4609587], [10.3474107, 52.4599793], [10.3491879, 52.4597495], [10.3499192, 52.459694], [10.351344, 52.4580988], [10.3525646, 52.4580691], [10.3528172, 52.4577827], [10.3534931, 52.4578073], [10.3542838, 52.4575104], [10.3551272, 52.4560245], [10.3552776, 52.4556552], [10.354979, 52.455594], [10.3550507, 52.4554231], [10.3556268, 52.4555195], [10.3570623, 52.455747], [10.3583653, 52.4559007], [10.3586823, 52.4555336], [10.3596713, 52.4544918], [10.3603644, 52.4537668], [10.3602686, 52.4536926], [10.3601734, 52.4536077], [10.3601338, 52.4534731], [10.3602787, 52.4533056], [10.3606291, 52.4532748], [10.3613687, 52.4532247], [10.3617539, 52.4532064], [10.3622748, 52.4528184], [10.3623068, 52.4528112], [10.3636278, 52.4525199], [10.3665059, 52.4519153], [10.3672502, 52.4504883], [10.3674369, 52.4500226], [10.3671327, 52.4499826], [10.3645213, 52.449409], [10.3638579, 52.448024], [10.3661746, 52.4477481], [10.3671407, 52.4480812], [10.3678616, 52.4475722], [10.3681091, 52.4466548], [10.3716192, 52.4470912], [10.3736631, 52.4460999], [10.3738336, 52.4460154], [10.3742613, 52.4458043], [10.3747567, 52.4455723], [10.3750499, 52.4452889], [10.375428, 52.4447776], [10.3762187, 52.4447919], [10.3762303, 52.4444676], [10.3772197, 52.4445022], [10.3782211, 52.4445173], [10.3795133, 52.4445235], [10.3790649, 52.4443092], [10.3784476, 52.4425113], [10.3780789, 52.4414312], [10.378129, 52.4403051], [10.3797618, 52.4396866], [10.379642, 52.4395539], [10.3840605, 52.4379916], [10.3845243, 52.4373774], [10.3846457, 52.4371898], [10.3848568, 52.4368513], [10.3850129, 52.4366388], [10.3851864, 52.4363872], [10.3847444, 52.4365171], [10.3843889, 52.4365641], [10.3838868, 52.4365224], [10.3835203, 52.4358076], [10.3835001, 52.435424], [10.3834647, 52.4350656], [10.3834645, 52.4342069], [10.3834659, 52.434055], [10.3857042, 52.4344276], [10.3863328, 52.4345112], [10.3864138, 52.4344962], [10.3869621, 52.4336848], [10.3874449, 52.4329195], [10.3880234, 52.4320132], [10.3890831, 52.4303914], [10.3895303, 52.4297213], [10.389823, 52.4292827], [10.3898653, 52.4292193], [10.3896775, 52.4291889], [10.386476, 52.4286456], [10.3870353, 52.4275404], [10.3867407, 52.4274882], [10.3872325, 52.4266871], [10.3856958, 52.4264253], [10.3858791, 52.4261839], [10.3891801, 52.4258725], [10.3891819, 52.4258724], [10.3891355, 52.4250068], [10.3904074, 52.4235608], [10.3913573, 52.4224125], [10.3902507, 52.4221794], [10.390223, 52.4221519], [10.3903751, 52.4217563], [10.390419, 52.4215939], [10.390441, 52.4214766], [10.3915841, 52.4209253], [10.3929089, 52.4211472], [10.3929944, 52.4211548], [10.3930864, 52.4211501], [10.3932472, 52.4211188], [10.3934169, 52.4210478], [10.3936553, 52.4207632], [10.3938781, 52.420503], [10.3940592, 52.4203322], [10.3953924, 52.4206037], [10.3961374, 52.4194149], [10.3960845, 52.4193774], [10.3962618, 52.4190988], [10.3945237, 52.4184466], [10.3950964, 52.4177743], [10.3956279, 52.4164865], [10.3958334, 52.4165042], [10.3959248, 52.4160069], [10.3960542, 52.4154257], [10.3961008, 52.4151916], [10.396199, 52.4149967], [10.3963235, 52.4147943], [10.3963533, 52.4147641], [10.3964596, 52.414658], [10.3965534, 52.4145634], [10.3966618, 52.4144494], [10.3966935, 52.4144176], [10.3967119, 52.414264], [10.3967183, 52.414244], [10.3967441, 52.4141731], [10.3967654, 52.41411], [10.3967803, 52.4140642], [10.3967878, 52.4140449], [10.3967977, 52.4140255], [10.3968111, 52.4140053], [10.3971833, 52.4140337], [10.3972634, 52.4138844], [10.3972435, 52.4138818], [10.3972622, 52.4138452], [10.3972755, 52.4138236], [10.3973021, 52.4137805], [10.3973245, 52.4137496], [10.3973481, 52.4137201], [10.3973512, 52.4137164], [10.397339, 52.4137027], [10.3977312, 52.4131921], [10.3981467, 52.4126887], [10.3983834, 52.4124072], [10.398564, 52.4121463], [10.3985868, 52.4121506], [10.3989006, 52.4116958], [10.3992132, 52.411192], [10.3992546, 52.411126], [10.3991398, 52.4111246], [10.3991184, 52.4110849], [10.3990386, 52.4109233], [10.3989919, 52.410922], [10.39901, 52.4108552], [10.3990167, 52.4108199], [10.3989541, 52.4107094], [10.3990043, 52.4104143], [10.3990128, 52.4103523], [10.3990252, 52.4102532], [10.3990357, 52.4101984], [10.3979084, 52.4098612], [10.3974354, 52.4097189], [10.3964302, 52.4094721], [10.3946678, 52.40905], [10.3946038, 52.4093434], [10.39421, 52.4115278], [10.394547, 52.4123698], [10.3944114, 52.4128271], [10.393967, 52.4130885], [10.393864, 52.4131896], [10.3937611, 52.4132928], [10.3933182, 52.4137213], [10.3920125, 52.4135073], [10.3919804, 52.4135415], [10.3919793, 52.4135414], [10.3917961, 52.4136834], [10.3917425, 52.4137261], [10.3916297, 52.4138123], [10.3915512, 52.4138753], [10.391361, 52.414023], [10.3911266, 52.4142113], [10.3909922, 52.4143156], [10.3908944, 52.4143945], [10.3907634, 52.4144945], [10.3909193, 52.4145547], [10.3907737, 52.4146748], [10.3905165, 52.4148798], [10.3903913, 52.4149775], [10.3903163, 52.4150392], [10.3902933, 52.4150522], [10.3902243, 52.4150837], [10.3901806, 52.4150692], [10.3901557, 52.4150874], [10.3900894, 52.4151359], [10.389962, 52.415238], [10.3897547, 52.4153981], [10.3896089, 52.4155104], [10.3894651, 52.4156119], [10.3893509, 52.4156903], [10.3890584, 52.4158885], [10.3888974, 52.4159996], [10.3887044, 52.4161317], [10.3884601, 52.4163036], [10.3883025, 52.416411], [10.3880386, 52.4165882], [10.3877131, 52.4168132], [10.3874905, 52.4169706], [10.3872247, 52.417162], [10.3869886, 52.4173325], [10.3867637, 52.4174928], [10.3863517, 52.4173763], [10.3852159, 52.4170579], [10.385182, 52.4170576], [10.3851429, 52.4170745], [10.3842263, 52.4179152], [10.3838726, 52.4182529], [10.3832628, 52.418877], [10.3831214, 52.4190279], [10.3829628, 52.4192145], [10.3828915, 52.4192859], [10.3828519, 52.4193235], [10.3828163, 52.4193594], [10.3827896, 52.4193863], [10.3826899, 52.4194886], [10.3826823, 52.4194981], [10.3826758, 52.4195124], [10.3826726, 52.4195232], [10.3826665, 52.4195539], [10.3826594, 52.4195861], [10.3826383, 52.4196941], [10.3825828, 52.4199737], [10.3825502, 52.4201246], [10.3825307, 52.4202454], [10.3825267, 52.4202661], [10.3825204, 52.4202883], [10.3824967, 52.4203535], [10.3824513, 52.4204674], [10.3823694, 52.4206482], [10.3822583, 52.4209006], [10.3821135, 52.4212311], [10.3820218, 52.4214319], [10.3819577, 52.4215839], [10.381913, 52.4216843], [10.3817988, 52.4219525], [10.381716, 52.4221382], [10.3815756, 52.4224623], [10.381496, 52.4226416], [10.381471, 52.4227011], [10.381459, 52.4227284], [10.3814497, 52.4227295], [10.3813964, 52.4229566], [10.3811793, 52.4234737], [10.3811186, 52.4238302], [10.3810807, 52.424173], [10.3810492, 52.4243239], [10.3810061, 52.4245499], [10.3808556, 52.4247296], [10.3808363, 52.424753], [10.380796, 52.4248084], [10.3807488, 52.4248806], [10.3806085, 52.4250728], [10.3804983, 52.4252733], [10.38033, 52.4252383], [10.3802352, 52.4251766], [10.3801119, 52.4251169], [10.3799813, 52.4250801], [10.3796615, 52.4250371], [10.3794648, 52.425], [10.3792393, 52.4253142], [10.3788614, 52.4254307], [10.37862, 52.425579], [10.3784585, 52.4257422], [10.3782659, 52.4259002], [10.3781297, 52.4260699], [10.3780788, 52.4261385], [10.3779646, 52.4264698], [10.3779758, 52.4269102], [10.3783949, 52.4274055], [10.3790481, 52.42778], [10.379659, 52.4278216], [10.3801627, 52.4276988], [10.3804101, 52.4286952], [10.3802477, 52.4291114], [10.3797863, 52.4299198], [10.3794087, 52.4308553], [10.3793978, 52.4309036], [10.3795416, 52.4320315], [10.379466, 52.4324768], [10.3794523, 52.4332008], [10.3796581, 52.433501], [10.379977, 52.4337058], [10.3802906, 52.4337635], [10.3806044, 52.4338154], [10.3806714, 52.4338557], [10.3809487, 52.4341007], [10.3810735, 52.4341734], [10.3815658, 52.4346485], [10.3815716, 52.4347233], [10.3814713, 52.4349483], [10.3801454, 52.4353542], [10.3792543, 52.4354189], [10.3791513, 52.435398], [10.3787993, 52.4358474], [10.3772149, 52.4378893], [10.3765345, 52.4375779], [10.3751722, 52.4378633], [10.3743321, 52.4383216], [10.3732616, 52.4387377], [10.3727662, 52.4384463], [10.3720779, 52.438059], [10.371968, 52.4379972], [10.3718298, 52.4379525], [10.3700142, 52.4385227], [10.3688642, 52.4384836], [10.3684506, 52.4385819], [10.3682039, 52.4386461], [10.3677928, 52.4387514], [10.367603, 52.438805], [10.3671655, 52.4389613], [10.3670688, 52.4390059], [10.366688, 52.4391872], [10.3663451, 52.439346], [10.3661494, 52.439436], [10.3659595, 52.4395224], [10.365803, 52.439597], [10.3651885, 52.4398823], [10.3648105, 52.4401156], [10.3646508, 52.4402366], [10.3645152, 52.4403409], [10.3643657, 52.4404518], [10.3642551, 52.4405372], [10.3638798, 52.4408205], [10.363832, 52.440861], [10.3638194, 52.4408683], [10.3638067, 52.4408748], [10.3637571, 52.4408918], [10.3620907, 52.4414026], [10.3609832, 52.4418683], [10.3606588, 52.4420219], [10.3605154, 52.4421034], [10.3589446, 52.4430688], [10.3581576, 52.4435566], [10.3579858, 52.4436641], [10.357838, 52.4437536], [10.3571982, 52.4440955], [10.3565914, 52.4444056], [10.3564534, 52.4444743], [10.3563086, 52.444548], [10.356058, 52.4446757], [10.3558799, 52.4447676], [10.3556212, 52.4448997], [10.3553362, 52.445045], [10.3550902, 52.4451698], [10.3549833, 52.4452252], [10.3548919, 52.4452708], [10.3547074, 52.4453653], [10.3545281, 52.4454558], [10.3544426, 52.4454995], [10.3543797, 52.4455296], [10.3540521, 52.4456946], [10.3538371, 52.4458048], [10.3536833, 52.4458886], [10.3536347, 52.4459135], [10.3536514, 52.4459137], [10.3527387, 52.4463549], [10.3523534, 52.4467428], [10.3517884, 52.4473083], [10.3511503, 52.4479533], [10.3506292, 52.4484721], [10.3501301, 52.4489676], [10.3499976, 52.449119], [10.3507373, 52.4492832], [10.3506648, 52.4493857], [10.3506502, 52.4493868], [10.3504499, 52.4496458], [10.3505288, 52.4496677], [10.3502792, 52.4499787], [10.3501585, 52.4501274], [10.3495617, 52.4509047], [10.3492279, 52.4513659], [10.3491276, 52.4515473], [10.3486751, 52.4525782], [10.3480381, 52.4540096], [10.3479202, 52.4543575], [10.3472206, 52.4542361], [10.3466884, 52.4541451], [10.3463479, 52.4541398], [10.3462155, 52.4541165], [10.3460999, 52.4542715], [10.3460176, 52.4543818], [10.3459626, 52.4544545], [10.3458683, 52.4545789], [10.3456944, 52.4548121], [10.3454053, 52.4552106], [10.3453255, 52.4553142], [10.3452392, 52.4554314], [10.3452594, 52.4554324], [10.3452238, 52.4554741], [10.3463813, 52.4555377], [10.3462578, 52.4558243], [10.346151, 52.4560752], [10.3460856, 52.4562272], [10.3460159, 52.4563921], [10.3459232, 52.4566086], [10.3458044, 52.456886], [10.3457469, 52.4570286], [10.3456771, 52.4571906], [10.3455505, 52.4574824], [10.3454655, 52.457681], [10.3453662, 52.457909], [10.3453181, 52.4580239], [10.3439976, 52.4579373], [10.343686, 52.4580554], [10.3433745, 52.4580679], [10.3431233, 52.4581487], [10.3428322, 52.4582095], [10.3423552, 52.4584251], [10.3419886, 52.4586224], [10.3417783, 52.4587332], [10.3416392, 52.4588054], [10.3414713, 52.4588929], [10.3411908, 52.4590381], [10.3410231, 52.4590914], [10.3409599, 52.459013], [10.3405353, 52.4591419], [10.3396136, 52.4591723], [10.338985, 52.4594684], [10.3386044, 52.459589], [10.3385051, 52.4596265], [10.3379878, 52.4597829], [10.3377804, 52.4598351], [10.3376761, 52.4598632], [10.3377832, 52.4609672], [10.3378399, 52.4615259], [10.3382984, 52.4615286], [10.338468, 52.4617253], [10.3386546, 52.4619117], [10.3387363, 52.4619712], [10.3389018, 52.4620764], [10.339104, 52.4621485], [10.3390344, 52.4630031], [10.3384313, 52.4632822], [10.338302, 52.4634374], [10.338267, 52.4636347], [10.3383598, 52.463918], [10.338612, 52.4642348], [10.339232, 52.464727], [10.3397025, 52.4651418], [10.3399292, 52.4653882], [10.3401464, 52.465601], [10.3404509, 52.4657791], [10.3405359, 52.4659223], [10.3394286, 52.4662944], [10.3382378, 52.4666662], [10.3385477, 52.4672086], [10.3388304, 52.4676714], [10.3401106, 52.469749], [10.3406089, 52.4705518], [10.3412701, 52.4716542], [10.3420014, 52.4728417], [10.3425055, 52.4736343], [10.3428258, 52.4741271]]]}}, {"type": "Feature", "properties": {"name": "Heerter See und Waldgebiet Heerter Strauchholz", "stufe": "streng", "art": "Naturschutzgebiet"}, "geometry": {"type": "Polygon", "coordinates": [[[10.3963077, 52.1069031], [10.3967142, 52.1064788], [10.396741, 52.1061988], [10.3964835, 52.1059385], [10.3959793, 52.1055497], [10.3959632, 52.1044195], [10.3958452, 52.1042746], [10.3953409, 52.1041823], [10.3951371, 52.1039714], [10.3949922, 52.1036848], [10.3947347, 52.1035793], [10.3948098, 52.1031081], [10.3926265, 52.1030554], [10.3922617, 52.1031312], [10.3914303, 52.1031938], [10.3851485, 52.1029302], [10.3845155, 52.1029533], [10.383845, 52.1030257], [10.3830564, 52.1032119], [10.3824261, 52.1034327], [10.3802454, 52.1043635], [10.3795373, 52.1046073], [10.3762382, 52.1055497], [10.368602, 52.1099135], [10.3682747, 52.1134715], [10.3681594, 52.1144911], [10.3693664, 52.1145141], [10.3709382, 52.1145833], [10.3726655, 52.1147744], [10.3787863, 52.1171428], [10.3789392, 52.1173849], [10.3863126, 52.120328], [10.3869617, 52.1206821], [10.3876376, 52.1216373], [10.4006839, 52.1197829], [10.4006195, 52.1193564], [10.4017065, 52.1189596], [10.4005551, 52.1159553], [10.3979514, 52.1088609], [10.3963077, 52.1069031]]]}}, {"type": "Feature", "properties": {"name": "Kalksteinbruch und Halbtrockenrasen am Eich-Berg bei Hemkenrode", "stufe": "streng", "art": "Naturschutzgebiet"}, "geometry": {"type": "Polygon", "coordinates": [[[10.7124372, 52.2206417], [10.7124686, 52.2203569], [10.7118373, 52.220305], [10.7117332, 52.2203572], [10.7116279, 52.2203998], [10.7115191, 52.2205015], [10.7114417, 52.2205936], [10.7113585, 52.2205239], [10.711386, 52.220303], [10.7121608, 52.2199586], [10.7131968, 52.2199194], [10.7133578, 52.2199291], [10.7135243, 52.2199426], [10.7136818, 52.2199687], [10.7144196, 52.2201429], [10.7156659, 52.2204339], [10.7167934, 52.2207783], [10.7166741, 52.2208803], [10.7149624, 52.2204108], [10.7148305, 52.2205609], [10.7168877, 52.2214248], [10.7171641, 52.2211651], [10.7171735, 52.2209245], [10.7176634, 52.2210631], [10.7184298, 52.2212055], [10.7196735, 52.2213517], [10.7195699, 52.2216326], [10.7187313, 52.221623], [10.7187313, 52.2218635], [10.7191961, 52.2218558], [10.7191898, 52.2220982], [10.7195762, 52.2220732], [10.7199122, 52.2222137], [10.7204493, 52.222154], [10.7205466, 52.2225215], [10.7191082, 52.2224638], [10.7185397, 52.2226119], [10.7184298, 52.2226639], [10.7187187, 52.2231718], [10.7177639, 52.2234758], [10.7180026, 52.2237317], [10.7177744, 52.2240041], [10.7176403, 52.2239416], [10.7171451, 52.2238003], [10.7167176, 52.2236623], [10.7165282, 52.223567], [10.7163689, 52.2234652], [10.7161758, 52.223314], [10.7160685, 52.2232023], [10.7159022, 52.2230117], [10.715634, 52.2228999], [10.7149938, 52.2227408], [10.71473, 52.2226235], [10.7134603, 52.222167], [10.7136198, 52.2220111], [10.7141969, 52.2221111], [10.7152423, 52.2224321], [10.7155034, 52.2224538], [10.7156554, 52.2223216], [10.7157118, 52.2222284], [10.7157608, 52.2221114], [10.7157576, 52.221967], [10.7157113, 52.2218041], [10.7156435, 52.2216533], [10.7155471, 52.2215233], [10.7154009, 52.2213834], [10.7153027, 52.2213003], [10.7151832, 52.2212446], [10.7150001, 52.2208687], [10.7140887, 52.2211959], [10.7138001, 52.2211782], [10.7135268, 52.221122], [10.7132154, 52.2210439], [10.712987, 52.2209581], [10.7127877, 52.2208412], [10.7123397, 52.2206337], [10.7124372, 52.2206417]]]}}, {"type": "Feature", "properties": {"name": "Weddeler Teich", "stufe": "streng", "art": "Naturschutzgebiet"}, "geometry": {"type": "Polygon", "coordinates": [[[10.6332939, 52.2681586], [10.6329732, 52.2682082], [10.6316406, 52.2683442], [10.6298637, 52.268635], [10.6284853, 52.2688491], [10.6280698, 52.268924], [10.627814, 52.2689609], [10.6276177, 52.2668806], [10.6303891, 52.2653912], [10.6337178, 52.2653527], [10.6364106, 52.2655545], [10.6364106, 52.2657035], [10.6376746, 52.2658044], [10.6400612, 52.2657659], [10.6411211, 52.2659918], [10.6332939, 52.2681586]]]}}, {"type": "Feature", "properties": {"name": "Talniederung im Barnstorfer Wald", "stufe": "streng", "art": "Naturschutzgebiet"}, "geometry": {"type": "Polygon", "coordinates": [[[10.8276032, 52.3531536], [10.8284391, 52.3543191], [10.828679, 52.3548074], [10.8291587, 52.3552957], [10.8296562, 52.3556809], [10.8300419, 52.3557925], [10.8301964, 52.3557925], [10.8303509, 52.3557925], [10.830411, 52.3558292], [10.8304823, 52.3558546], [10.8313529, 52.355879], [10.8324455, 52.3558708], [10.8324811, 52.3556267], [10.8329519, 52.3554775], [10.8333739, 52.3549892], [10.8337603, 52.3542621], [10.835044, 52.3543706], [10.8358347, 52.3542139], [10.8358257, 52.3564161], [10.8364264, 52.3564565], [10.8368701, 52.357374], [10.834674, 52.3567472], [10.8341872, 52.3578444], [10.832309, 52.3577446], [10.8323345, 52.3573101], [10.8321705, 52.3571554], [10.8320045, 52.3570463], [10.8316641, 52.3569615], [10.8308011, 52.3568518], [10.8304542, 52.3568105], [10.8299389, 52.3568776], [10.8295745, 52.35693], [10.8294162, 52.3569554], [10.8290219, 52.3568162], [10.8286397, 52.3566507], [10.8282803, 52.3565541], [10.8280163, 52.3565211], [10.8276644, 52.3564582], [10.8276215, 52.3563219], [10.8276215, 52.3561647], [10.8275611, 52.3559026], [10.826709, 52.3553661], [10.8260965, 52.35471], [10.826219, 52.3544108], [10.8265205, 52.3535667], [10.8259018, 52.3532981], [10.8251889, 52.3532521], [10.8242089, 52.3533518], [10.8231097, 52.3531523], [10.8223433, 52.3530027], [10.8221297, 52.3525653], [10.8214608, 52.3525174], [10.8212931, 52.3527551], [10.8206734, 52.3526486], [10.8203038, 52.3525929], [10.8189145, 52.3524618], [10.8186248, 52.3524192], [10.818437, 52.3523766], [10.8183029, 52.3523046], [10.8182117, 52.3522489], [10.8180937, 52.3521801], [10.8180025, 52.3521506], [10.8178094, 52.3521506], [10.8153525, 52.3524782], [10.8154651, 52.3526388], [10.8155498, 52.3527533], [10.8144883, 52.3528838], [10.8129901, 52.3531159], [10.8123591, 52.3529369], [10.8096662, 52.3525438], [10.8095321, 52.3529271], [10.8089742, 52.3528518], [10.8090459, 52.3524817], [10.8093081, 52.3511943], [10.8143126, 52.3520498], [10.8145379, 52.3520531], [10.814849, 52.3520334], [10.8145291, 52.3510031], [10.8150204, 52.3509916], [10.8149131, 52.3504542], [10.8155881, 52.3503613], [10.8157822, 52.3509326], [10.8163082, 52.3509882], [10.8172952, 52.3510144], [10.8173435, 52.3510504], [10.8174454, 52.3511291], [10.8182769, 52.3513158], [10.81847, 52.3513158], [10.8187543, 52.3513158], [10.8190172, 52.3513158], [10.81928, 52.3512765], [10.8193981, 52.3512405], [10.8195, 52.3512077], [10.8197038, 52.3511586], [10.8202073, 52.3510693], [10.8207553, 52.349258], [10.8213185, 52.3492089], [10.822386, 52.3512962], [10.8227799, 52.3519054], [10.8230995, 52.3520826], [10.8231317, 52.3521514], [10.8231961, 52.3521907], [10.8235018, 52.3522923], [10.8242797, 52.3525184], [10.8245694, 52.3525839], [10.8248416, 52.3525972], [10.8250575, 52.3525708], [10.8258407, 52.3526461], [10.8259373, 52.3526953], [10.8262967, 52.35281], [10.8276032, 52.3531536]]]}}, {"type": "Feature", "properties": {"name": "Lammer Holz", "stufe": "streng", "art": "Naturschutzgebiet"}, "geometry": {"type": "Polygon", "coordinates": [[[10.4638701, 52.2778512], [10.4655242, 52.2764413], [10.4663022, 52.2759317], [10.4641764, 52.2746506], [10.4637613, 52.2747507], [10.4635299, 52.2748333], [10.4619677, 52.2749798], [10.4569127, 52.275225], [10.4549661, 52.2753197], [10.4541453, 52.2753582], [10.4498863, 52.2755757], [10.4499848, 52.2767353], [10.450403, 52.2767393], [10.450407, 52.2772526], [10.452486, 52.2773021], [10.4524757, 52.2774136], [10.4536627, 52.277558], [10.4553385, 52.2778789], [10.4560744, 52.2781688], [10.4576736, 52.2774463], [10.4594828, 52.2771684], [10.4638056, 52.2778412], [10.4638701, 52.2778512]]]}}, {"type": "Feature", "properties": {"name": "Ohreaue bei Altendorf und Brome", "stufe": "streng", "art": "Naturschutzgebiet"}, "geometry": {"type": "Polygon", "coordinates": [[[10.9456015, 52.6036747], [10.9462894, 52.603735], [10.9492426, 52.6040412], [10.9495765, 52.6040779], [10.9499574, 52.6040697], [10.9501585, 52.6039883], [10.950577, 52.6036446], [10.9511067, 52.6034067], [10.9527938, 52.6027225], [10.9530406, 52.6026655], [10.9534027, 52.6025629], [10.9535408, 52.6024326], [10.9539177, 52.6022208], [10.9542355, 52.6021125], [10.9546472, 52.6019748], [10.9550254, 52.6018266], [10.9555592, 52.6015651], [10.9558354, 52.6014918], [10.9561318, 52.601478], [10.9573281, 52.6011253], [10.9577116, 52.6010023], [10.9577519, 52.6008858], [10.9577988, 52.6007881], [10.9576111, 52.6006178], [10.9576097, 52.6004769], [10.9577546, 52.6001315], [10.9579276, 52.5997055], [10.9578994, 52.5994986], [10.9579316, 52.5992184], [10.9578203, 52.5990856], [10.9578484, 52.5990197], [10.9580174, 52.5988657], [10.9581475, 52.5986433], [10.9583869, 52.5984433], [10.9581822, 52.598369], [10.9582341, 52.598327], [10.9583643, 52.5982731], [10.958516, 52.5981734], [10.958595, 52.5980746], [10.958627, 52.5979787], [10.958632, 52.5978985], [10.9585748, 52.5977642], [10.9585395, 52.5976747], [10.9584444, 52.5974643], [10.9583325, 52.5972119], [10.9582435, 52.597013], [10.9581541, 52.5968216], [10.9579291, 52.5963128], [10.9578835, 52.5962107], [10.9578246, 52.5960818], [10.95769, 52.5957806], [10.9576055, 52.5955942], [10.9573246, 52.5955588], [10.9569708, 52.5955152], [10.9565271, 52.5954604], [10.9562741, 52.5954276], [10.9556656, 52.5953521], [10.9551011, 52.5952807], [10.9550223, 52.5949472], [10.9549896, 52.5948068], [10.9550292, 52.5945795], [10.9550339, 52.5944907], [10.9549417, 52.5943107], [10.9549495, 52.5942376], [10.954866, 52.5940582], [10.9547329, 52.5938795], [10.9546735, 52.5938301], [10.9546227, 52.5937683], [10.9544825, 52.5935539], [10.9544301, 52.5935027], [10.9542935, 52.5934421], [10.9541888, 52.5933908], [10.9539589, 52.593329], [10.9538823, 52.5932939], [10.9538174, 52.5932488], [10.9537088, 52.5931975], [10.953642, 52.5931775], [10.9534351, 52.5931647], [10.9532772, 52.5931728], [10.9530372, 52.5931301], [10.9529579, 52.5931001], [10.9529107, 52.5930754], [10.9528406, 52.5930356], [10.9527065, 52.5929599], [10.9525326, 52.5928863], [10.9521686, 52.5928066], [10.951956, 52.5928041], [10.9518653, 52.5928366], [10.9516573, 52.5928636], [10.9514846, 52.5928541], [10.9513071, 52.5929268], [10.9511703, 52.5929383], [10.9511632, 52.5924925], [10.9501273, 52.5924723], [10.9495785, 52.5924565], [10.9486662, 52.5922486], [10.9486388, 52.5922291], [10.9484475, 52.5921699], [10.9481916, 52.5921137], [10.9479708, 52.592084], [10.9474786, 52.5920187], [10.9470244, 52.5919491], [10.9465412, 52.591859], [10.9461746, 52.5917927], [10.9459019, 52.5917275], [10.944932, 52.5914013], [10.9442648, 52.5911818], [10.9436619, 52.5909815], [10.943382, 52.5908922], [10.9430372, 52.5907322], [10.9429048, 52.5906854], [10.9420499, 52.5902992], [10.9414706, 52.5899366], [10.9409236, 52.5898178], [10.9401728, 52.589654], [10.9397609, 52.5895609], [10.9395316, 52.5895891], [10.9412187, 52.5933605], [10.9412187, 52.5943413], [10.9413904, 52.5950778], [10.9419671, 52.5965913], [10.9431875, 52.5969514], [10.9433565, 52.597753], [10.9430051, 52.5984486], [10.9447351, 52.5990066], [10.9484392, 52.5962036], [10.948686, 52.5962965], [10.9502792, 52.5962345], [10.9503651, 52.5969286], [10.9490669, 52.5970264], [10.9489006, 52.5976161], [10.9547639, 52.5985089], [10.9551233, 52.5963584], [10.9576473, 52.5963225], [10.9582856, 52.5977383], [10.9583607, 52.5979045], [10.9583473, 52.5979631], [10.9582239, 52.5981114], [10.9579343, 52.5982711], [10.9577304, 52.598535], [10.9576258, 52.5987175], [10.9573764, 52.5989879], [10.9573978, 52.5991655], [10.9574595, 52.5992665], [10.9574756, 52.59969], [10.9573281, 52.6000077], [10.9571859, 52.6003971], [10.9571645, 52.6006268], [10.957253, 52.6008174], [10.957143, 52.6008679], [10.9560406, 52.601197], [10.9554639, 52.601298], [10.9546834, 52.6016466], [10.9537232, 52.6019708], [10.9533048, 52.6022053], [10.9530044, 52.6023845], [10.9526208, 52.6024578], [10.9502953, 52.6034141], [10.9498259, 52.6037627], [10.9496194, 52.6038034], [10.9467575, 52.6035053], [10.9467307, 52.6036079], [10.9456323, 52.603502], [10.9448746, 52.6034189], [10.9446117, 52.6033554], [10.9412, 52.6029221], [10.9396993, 52.6028692], [10.9388356, 52.6025466], [10.9383032, 52.6023894], [10.9379008, 52.6021483], [10.9376809, 52.6018266], [10.937579, 52.601684], [10.9372705, 52.6016197], [10.9369554, 52.601601], [10.9361722, 52.6016995], [10.9360018, 52.6017044], [10.9355606, 52.6016441], [10.9354037, 52.6016409], [10.9351824, 52.601684], [10.9350644, 52.6017451], [10.9349424, 52.6018738], [10.9347613, 52.6020775], [10.9343375, 52.602343], [10.9339929, 52.6025026], [10.9338695, 52.6027828], [10.9338748, 52.6031567], [10.9339473, 52.6034654], [10.9339486, 52.6036079], [10.9337769, 52.6038384], [10.9334229, 52.6040396], [10.933101, 52.6043124], [10.9327, 52.6048255], [10.932456, 52.6052173], [10.9324613, 52.6054291], [10.9323379, 52.6056522], [10.9322038, 52.6057581], [10.9319906, 52.6058102], [10.9304604, 52.6054893], [10.9301237, 52.6054724], [10.9300071, 52.6054665], [10.9300393, 52.6057581], [10.9294009, 52.605719], [10.9294841, 52.6070188], [10.928675, 52.6069105], [10.9286165, 52.6085749], [10.9269655, 52.6084685], [10.9269735, 52.6091436], [10.9271608, 52.6091687], [10.9273437, 52.6092913], [10.9277688, 52.609559], [10.928901, 52.6102938], [10.9293714, 52.6106014], [10.9295494, 52.6107135], [10.9298019, 52.6108717], [10.9300567, 52.6110321], [10.9302276, 52.6111515], [10.931017, 52.6103522], [10.9314649, 52.6102878], [10.9315775, 52.610186], [10.9315024, 52.6098098], [10.9324948, 52.6084465], [10.9328346, 52.6079612], [10.9331904, 52.6074433], [10.9342848, 52.6058194], [10.9341462, 52.6057938], [10.9330733, 52.605484], [10.9333371, 52.6053997], [10.9336133, 52.6050544], [10.9339486, 52.6047873], [10.9340519, 52.6046635], [10.9341954, 52.6043222], [10.9343818, 52.6041259], [10.934595, 52.6038832], [10.9346768, 52.6037211], [10.9342691, 52.6033473], [10.9341028, 52.6031518], [10.9341136, 52.6027918], [10.9343281, 52.6025328], [10.9348807, 52.6022395], [10.9352267, 52.601904], [10.9354573, 52.6017916], [10.9360528, 52.6018437], [10.9367126, 52.6017916], [10.9372035, 52.6017802], [10.9374341, 52.6018567], [10.9378016, 52.6022167], [10.938153, 52.6024318], [10.9383729, 52.6025051], [10.9390193, 52.6027364], [10.9391776, 52.6028569], [10.9391883, 52.603041], [10.9402451, 52.6031013], [10.9403819, 52.6029547], [10.940752, 52.6029579], [10.9413582, 52.6030101], [10.9442429, 52.6033701], [10.9447297, 52.6034947], [10.9446385, 52.6035835], [10.9456015, 52.6036747]]]}}, {"type": "Feature", "properties": {"name": "Bokeler Heide", "stufe": "streng", "art": "Naturschutzgebiet"}, "geometry": {"type": "Polygon", "coordinates": [[[10.5670217, 52.795486], [10.5659539, 52.7933153], [10.5604135, 52.7947036], [10.564908, 52.7894198], [10.5651561, 52.7891596], [10.5678409, 52.790082], [10.5675217, 52.7905521], [10.5704232, 52.7917294], [10.5701285, 52.7921023], [10.5699958, 52.7922097], [10.5688328, 52.7936025], [10.5686945, 52.7937683], [10.5670217, 52.795486]]]}}, {"type": "Feature", "properties": {"name": "Weesener Bach", "stufe": "streng", "art": "Naturschutzgebiet"}, "geometry": {"type": "Polygon", "coordinates": [[[10.2157591, 52.8157019], [10.2211579, 52.8133124], [10.2233283, 52.8122727], [10.2223502, 52.812072], [10.2229262, 52.8106281], [10.2233111, 52.8106824], [10.2239143, 52.8090922], [10.2220266, 52.8088402], [10.2195617, 52.8103828], [10.2161226, 52.8124956], [10.2138227, 52.8139289], [10.2116735, 52.8152142], [10.2121719, 52.8154076], [10.2098667, 52.8167583], [10.209854, 52.8168282], [10.2097919, 52.8184417], [10.2120725, 52.8184042], [10.211893, 52.8219807], [10.2117167, 52.8223025], [10.2113099, 52.8228094], [10.2116172, 52.8235005], [10.2118192, 52.8242091], [10.2118386, 52.8249894], [10.2118115, 52.8253117], [10.2108152, 52.8257997], [10.210719, 52.8263541], [10.2102923, 52.8266759], [10.2102045, 52.8269381], [10.2101801, 52.8272449], [10.2094172, 52.8273265], [10.2105244, 52.827823], [10.2077289, 52.8286143], [10.207129, 52.8285659], [10.2065258, 52.828438], [10.2062435, 52.8283682], [10.2058842, 52.8281549], [10.2055505, 52.8280115], [10.2052105, 52.827963], [10.204864, 52.8279708], [10.2043507, 52.8279592], [10.2041293, 52.8280832], [10.2039144, 52.8281976], [10.2036246, 52.8281842], [10.2034823, 52.8281384], [10.2034258, 52.8280999], [10.2034043, 52.828058], [10.203401, 52.8279727], [10.2032882, 52.8279158], [10.203138, 52.8279068], [10.2027017, 52.8279592], [10.2024546, 52.8280735], [10.2021839, 52.8281924], [10.2017713, 52.8282635], [10.2013767, 52.8283178], [10.2008409, 52.8283391], [10.2005425, 52.8284612], [10.2003661, 52.828688], [10.2001608, 52.8287985], [10.1998432, 52.8287946], [10.1996346, 52.8287384], [10.1995063, 52.8287171], [10.1992496, 52.8287481], [10.1991502, 52.8287539], [10.198993, 52.8287151], [10.1988069, 52.8287791], [10.1987075, 52.8288508], [10.1985085, 52.8288586], [10.198393, 52.828907], [10.1981813, 52.8289012], [10.1978669, 52.8287961], [10.19782, 52.8286623], [10.1974723, 52.8279553], [10.1953485, 52.8280677], [10.1954126, 52.8288218], [10.1952325, 52.8291591], [10.1947644, 52.8297713], [10.1921858, 52.8289743], [10.1921824, 52.8288668], [10.1920387, 52.8282972], [10.189096, 52.8286323], [10.1885806, 52.8286902], [10.1868532, 52.8288818], [10.1854319, 52.8290641], [10.1841679, 52.8292308], [10.1838471, 52.8292172], [10.1836257, 52.8290912], [10.1828814, 52.8287791], [10.181951, 52.8286143], [10.1791856, 52.8282751], [10.1777836, 52.8280982], [10.1749539, 52.8282344], [10.172243, 52.8283624], [10.1694837, 52.8284869], [10.1672018, 52.8285896], [10.1649911, 52.8286561], [10.1641475, 52.8286827], [10.1634138, 52.8287081], [10.1618321, 52.8288707], [10.1612801, 52.828795], [10.1588975, 52.8284257], [10.1587468, 52.8284002], [10.1582478, 52.8284235], [10.157912, 52.8284496], [10.1560541, 52.8287936], [10.1546612, 52.8290581], [10.1510089, 52.8297517], [10.1501856, 52.8299929], [10.1478442, 52.8308272], [10.1456635, 52.8315886], [10.1453783, 52.8316787], [10.1426742, 52.8323297], [10.14174, 52.8325516], [10.1426736, 52.8340769], [10.1412524, 52.8341874], [10.1411754, 52.8343153], [10.140813, 52.8347566], [10.1393022, 52.834841], [10.1393307, 52.8347282], [10.1386473, 52.8347592], [10.1373468, 52.8348885], [10.1358178, 52.8349581], [10.1353814, 52.8349975], [10.1343484, 52.8350344], [10.1320032, 52.8352321], [10.1319326, 52.8354123], [10.1316085, 52.8353852], [10.1314096, 52.8354239], [10.1313262, 52.8356139], [10.1311722, 52.8356313], [10.1309894, 52.835579], [10.1307327, 52.8353135], [10.1307744, 52.8350034], [10.1307905, 52.8348987], [10.130675, 52.8348444], [10.1303766, 52.8348832], [10.1301456, 52.8350072], [10.1298761, 52.8350964], [10.129674, 52.8351604], [10.1295428, 52.8351297], [10.1294703, 52.8350461], [10.1293886, 52.8348981], [10.1297596, 52.8346874], [10.1299457, 52.834481], [10.1300949, 52.83417], [10.128371, 52.8339114], [10.1275715, 52.8341919], [10.1263012, 52.8345857], [10.1251302, 52.835076], [10.1238854, 52.8356449], [10.1232678, 52.8359133], [10.1230898, 52.835953], [10.1227818, 52.8360034], [10.1225268, 52.8359753], [10.1219268, 52.835892], [10.1193891, 52.8355528], [10.1170433, 52.8352651], [10.1166461, 52.8361478], [10.1163542, 52.8368455], [10.1162194, 52.837217], [10.1155265, 52.8370775], [10.1144747, 52.8368501], [10.1138662, 52.8367306], [10.1135342, 52.8367063], [10.1130722, 52.8368188], [10.1126772, 52.8368973], [10.1123359, 52.8368866], [10.1118434, 52.8368275], [10.1117616, 52.8368226], [10.1120343, 52.8374069], [10.1123074, 52.8380513], [10.1100855, 52.8377956], [10.1086317, 52.8376348], [10.1071824, 52.837479], [10.1054415, 52.8388972], [10.1054028, 52.8389606], [10.1053406, 52.8389686], [10.1027803, 52.8390581], [10.1023359, 52.8391017], [10.1020488, 52.8392044], [10.1017724, 52.8392011], [10.1013666, 52.839251], [10.101173, 52.839281], [10.1010174, 52.8392858], [10.1010482, 52.839612], [10.0997998, 52.8396773], [10.098989, 52.8397158], [10.0984845, 52.8397364], [10.098507, 52.8398333], [10.0979435, 52.8402737], [10.0980428, 52.8404008], [10.0976868, 52.840514], [10.0976295, 52.8405852], [10.0974835, 52.8405299], [10.0971258, 52.8409844], [10.0968367, 52.8408581], [10.096266, 52.8410541], [10.0956821, 52.8412014], [10.0953822, 52.8412295], [10.0952282, 52.8412053], [10.0950966, 52.8419484], [10.0957447, 52.8420259], [10.0962035, 52.8420666], [10.0967296, 52.8421383], [10.0970328, 52.8422401], [10.0974771, 52.8425482], [10.0979132, 52.8423232], [10.0980795, 52.842145], [10.0984765, 52.8420348], [10.0996418, 52.841601], [10.100046, 52.8414123], [10.1007984, 52.8410466], [10.1011585, 52.8406976], [10.1014393, 52.8405512], [10.1017392, 52.8405251], [10.1023215, 52.8406036], [10.1027081, 52.8406656], [10.1031059, 52.8406549], [10.1037716, 52.8404854], [10.1048863, 52.8402806], [10.1064461, 52.8400963], [10.1073072, 52.8402237], [10.1083542, 52.8405666], [10.1104263, 52.8407328], [10.1111159, 52.8408904], [10.1121209, 52.8412061], [10.1128566, 52.8414554], [10.113483, 52.8415291], [10.1147047, 52.8414191], [10.116099, 52.8412259], [10.1167334, 52.8412012], [10.1171759, 52.8411839], [10.1185368, 52.8411363], [10.1199379, 52.8411112], [10.1205456, 52.8410698], [10.1215414, 52.8405251], [10.1222909, 52.8401047], [10.1230556, 52.8397184], [10.1244752, 52.8389006], [10.1261754, 52.8379138], [10.1271876, 52.8372579], [10.130692, 52.8370537], [10.1325431, 52.8369115], [10.1319527, 52.8365968], [10.1311924, 52.8362151], [10.1313271, 52.835967], [10.1317634, 52.8357615], [10.1319152, 52.8357953], [10.1320749, 52.8356828], [10.1323794, 52.8358517], [10.1324564, 52.835904], [10.1328815, 52.8364311], [10.1338889, 52.8366259], [10.1347102, 52.8363623], [10.1358294, 52.8359618], [10.1356253, 52.8356987], [10.1354982, 52.8353588], [10.1357886, 52.8353136], [10.1361538, 52.8353053], [10.1363898, 52.8353835], [10.1366053, 52.8354849], [10.1366824, 52.8355945], [10.1368525, 52.8355877], [10.1373267, 52.8354986], [10.1376403, 52.8354212], [10.137897, 52.8353761], [10.1383545, 52.8353057], [10.1386117, 52.8352795], [10.1388534, 52.83523], [10.1391864, 52.835254], [10.139534, 52.8354561], [10.1401578, 52.8357124], [10.1405707, 52.8358946], [10.1408485, 52.8359303], [10.1409658, 52.8359275], [10.1412943, 52.8357809], [10.1415575, 52.8356617], [10.1418025, 52.8356603], [10.1421019, 52.835626], [10.1422857, 52.8354986], [10.1424195, 52.8354259], [10.1428097, 52.8354205], [10.1431139, 52.835421], [10.1432113, 52.8353492], [10.1433564, 52.8352026], [10.1435969, 52.8349874], [10.1437965, 52.8349792], [10.1441255, 52.8349655], [10.1444464, 52.8348857], [10.1445868, 52.8347956], [10.1446813, 52.8346927], [10.1449013, 52.8344885], [10.1450851, 52.8342953], [10.145169, 52.8341459], [10.1452995, 52.8341132], [10.1456264, 52.8346407], [10.1459405, 52.8345919], [10.1483054, 52.8335761], [10.1483501, 52.8335563], [10.1488833, 52.8339365], [10.1508199, 52.8334761], [10.1513738, 52.8333736], [10.1546149, 52.833043], [10.157617, 52.8328595], [10.162064, 52.8328084], [10.1643673, 52.8329691], [10.1662444, 52.8330825], [10.1690409, 52.833533], [10.1697991, 52.8336966], [10.1705308, 52.8339217], [10.171979, 52.8343822], [10.1722262, 52.8345002], [10.1733848, 52.8350218], [10.173943, 52.8352072], [10.1742505, 52.8352687], [10.1744574, 52.835291], [10.174852, 52.835258], [10.1772694, 52.8348956], [10.1779769, 52.8348054], [10.1786807, 52.8347109], [10.1796567, 52.8345773], [10.1801167, 52.8345058], [10.1809347, 52.8343275], [10.1822852, 52.8340445], [10.1831741, 52.8338359], [10.1841906, 52.833608], [10.1854397, 52.8333343], [10.1867698, 52.8330445], [10.1881289, 52.8327362], [10.1901468, 52.8322732], [10.192757, 52.8317049], [10.1940985, 52.8313992], [10.1947506, 52.8312359], [10.1954272, 52.8310893], [10.1993357, 52.8307954], [10.2033385, 52.8306189], [10.2043647, 52.8305659], [10.2057315, 52.8304832], [10.2069797, 52.8303529], [10.2106641, 52.8295837], [10.2101013, 52.8284197], [10.2109903, 52.827993], [10.2114917, 52.8280095], [10.2118366, 52.8280349], [10.2119103, 52.8279468], [10.2114406, 52.8276243], [10.2122403, 52.8270048], [10.2129912, 52.8274571], [10.213184, 52.827305], [10.2134903, 52.827135], [10.2139236, 52.8271569], [10.214223, 52.8271555], [10.2145588, 52.8271007], [10.2149898, 52.8266292], [10.2140167, 52.8262862], [10.2136786, 52.8260016], [10.2136194, 52.8254976], [10.2137195, 52.8241069], [10.2138862, 52.822817], [10.2143532, 52.8221317], [10.2160877, 52.8211037], [10.2162085, 52.8209954], [10.2162184, 52.8208468], [10.2159111, 52.8203629], [10.2150026, 52.8204508], [10.2146588, 52.8191401], [10.2147076, 52.8189872], [10.2149075, 52.8188545], [10.2152368, 52.8185792], [10.2155072, 52.8183693], [10.2159296, 52.818239], [10.2145238, 52.8167306], [10.2156315, 52.8166916], [10.2167547, 52.8166821], [10.2157591, 52.8157019]]]}}, {"type": "Feature", "properties": {"name": "Müsse", "stufe": "streng", "art": "Naturschutzgebiet"}, "geometry": {"type": "Polygon", "coordinates": [[[10.3193654, 52.5861832], [10.3163456, 52.5832895], [10.314662, 52.5813843], [10.3146188, 52.5811493], [10.314618, 52.5808884], [10.3148152, 52.5803902], [10.3151839, 52.5798719], [10.3159312, 52.5788724], [10.3193286, 52.5749445], [10.319672, 52.5742177], [10.3196904, 52.5736214], [10.3189726, 52.5713707], [10.3227843, 52.57194], [10.3240245, 52.5721297], [10.3263793, 52.5722757], [10.3274801, 52.5729466], [10.3282099, 52.5737982], [10.3282681, 52.57391], [10.3286943, 52.5756672], [10.328955, 52.5757381], [10.3300588, 52.577907], [10.330298, 52.5783635], [10.3307548, 52.578915], [10.333355, 52.5778492], [10.3339315, 52.5811974], [10.3347008, 52.5854423], [10.3319516, 52.5854687], [10.3313705, 52.5857005], [10.3292501, 52.5864171], [10.325356, 52.5860641], [10.3193654, 52.5861832]]]}}, {"type": "Feature", "properties": {"name": "Brand", "stufe": "streng", "art": "Naturschutzgebiet"}, "geometry": {"type": "Polygon", "coordinates": [[[10.1077892, 52.5373089], [10.089768, 52.5355955], [10.0833535, 52.5351885], [10.0808937, 52.5348613], [10.081921, 52.5305466], [10.0822892, 52.5287138], [10.0835416, 52.5277947], [10.0845557, 52.5276978], [10.0870785, 52.5277998], [10.0870953, 52.5279782], [10.0929119, 52.5283199], [10.0998433, 52.5286666], [10.0951318, 52.5270042], [10.0943362, 52.5243399], [10.0920603, 52.5244838], [10.0919481, 52.5226036], [10.0921241, 52.5221854], [10.0927778, 52.522114], [10.0942781, 52.5222109], [10.0956205, 52.5222797], [10.0959612, 52.5221498], [10.096142, 52.5219389], [10.0964057, 52.5218469], [10.0962516, 52.520949], [10.0959998, 52.5205974], [10.0958338, 52.5205794], [10.0951019, 52.5209148], [10.0936381, 52.5210878], [10.0930602, 52.5212375], [10.0926039, 52.5211996], [10.0928617, 52.5208661], [10.0923609, 52.5203792], [10.0923461, 52.5202711], [10.0925002, 52.520006], [10.0923698, 52.5195462], [10.0927491, 52.5189259], [10.0927402, 52.5184391], [10.0934929, 52.5177647], [10.0935995, 52.5175862], [10.0936232, 52.5172219], [10.0935462, 52.5169533], [10.0965865, 52.5149246], [10.0970665, 52.514609], [10.1006906, 52.5121889], [10.10155, 52.511637], [10.1017692, 52.5116424], [10.1040332, 52.5102159], [10.1054941, 52.5097776], [10.1052244, 52.5093069], [10.1072374, 52.5086617], [10.1083843, 52.5109446], [10.1107622, 52.5105506], [10.1101791, 52.5093626], [10.1099492, 52.5088853], [10.1095332, 52.5079666], [10.111874, 52.5072995], [10.1126474, 52.5103187], [10.1130178, 52.5117038], [10.1135808, 52.5138101], [10.1154656, 52.5209952], [10.1162923, 52.5241451], [10.118589, 52.5326418], [10.1181406, 52.5327692], [10.1178431, 52.5324684], [10.1143525, 52.5341829], [10.1116828, 52.5354611], [10.107865, 52.5373143], [10.1077892, 52.5373089]]]}}, {"type": "Feature", "properties": {"name": "Rössenbergheide-Külsenmoor", "stufe": "streng", "art": "Naturschutzgebiet"}, "geometry": {"type": "Polygon", "coordinates": [[[10.5760428, 52.6696663], [10.5754112, 52.669334], [10.5759095, 52.6691585], [10.574782, 52.6679827], [10.5722103, 52.6684687], [10.5712716, 52.6672151], [10.5705341, 52.6672334], [10.5697815, 52.6676045], [10.5688784, 52.6673003], [10.5682764, 52.66657], [10.5705338, 52.6659002], [10.5710817, 52.6659572], [10.5712881, 52.6644674], [10.5695067, 52.6644027], [10.5695753, 52.6638724], [10.5678939, 52.6637507], [10.5682349, 52.6633113], [10.5678801, 52.6629671], [10.5679653, 52.6624937], [10.5685755, 52.6625195], [10.568766, 52.6616774], [10.5690547, 52.6608283], [10.5699088, 52.6608836], [10.5701805, 52.6602162], [10.5706221, 52.6602341], [10.5714465, 52.6582697], [10.5686667, 52.6578717], [10.5674919, 52.6606122], [10.5635044, 52.6599667], [10.5603967, 52.6635213], [10.5548221, 52.6614567], [10.5538676, 52.6611189], [10.5573528, 52.6590873], [10.5572769, 52.6589215], [10.5558211, 52.6586836], [10.5544832, 52.6584608], [10.5550844, 52.6569602], [10.5550015, 52.6569467], [10.5543431, 52.6568395], [10.5536201, 52.6567157], [10.5534136, 52.6559612], [10.5541172, 52.6560394], [10.5553745, 52.6561756], [10.5559283, 52.6550021], [10.5568939, 52.6527371], [10.5575118, 52.6509473], [10.559765, 52.6518973], [10.5630133, 52.6526139], [10.56368, 52.6544083], [10.5637603, 52.6548222], [10.5640962, 52.6549103], [10.5648919, 52.6544205], [10.5674922, 52.6528951], [10.5677364, 52.6527815], [10.5731974, 52.652573], [10.5751791, 52.6524878], [10.5787773, 52.6524752], [10.5784334, 52.6535727], [10.5808461, 52.6539256], [10.5820038, 52.6540457], [10.5823204, 52.6538836], [10.5830143, 52.6538757], [10.583109, 52.6534869], [10.5833432, 52.6524679], [10.5852367, 52.6524928], [10.5849797, 52.6529804], [10.5855245, 52.6531035], [10.5854147, 52.6535151], [10.5853167, 52.6535688], [10.5852788, 52.6535895], [10.5833494, 52.6539136], [10.5829635, 52.655], [10.5824886, 52.6552341], [10.582312, 52.6559194], [10.5843482, 52.6564495], [10.5844903, 52.6563868], [10.5847455, 52.655462], [10.5848449, 52.6553821], [10.5867801, 52.6552201], [10.5864342, 52.6561654], [10.5871011, 52.65657], [10.5862678, 52.6567274], [10.5879384, 52.6601593], [10.5875126, 52.6602776], [10.5817968, 52.6614021], [10.5811724, 52.6621748], [10.5786617, 52.6655426], [10.5777085, 52.6666968], [10.5780597, 52.6673114], [10.5777687, 52.6677069], [10.5788524, 52.6680477], [10.5776985, 52.6695263], [10.5760428, 52.6696663]]]}}, {"type": "Feature", "properties": {"name": "Niederungsbereich Oerrelbach", "stufe": "streng", "art": "Naturschutzgebiet"}, "geometry": {"type": "Polygon", "coordinates": [[[10.5731974, 52.652573], [10.5751791, 52.6524878], [10.5787773, 52.6524752], [10.5784334, 52.6535727], [10.5808461, 52.6539256], [10.5820038, 52.6540457], [10.5823204, 52.6538836], [10.5830143, 52.6538757], [10.5831196, 52.6535106], [10.5833838, 52.6524458], [10.5850002, 52.6525313], [10.5849797, 52.6529804], [10.5855245, 52.6531035], [10.5854147, 52.6535151], [10.5853167, 52.6535688], [10.5852788, 52.6535895], [10.5833494, 52.6539136], [10.5829635, 52.655], [10.5824886, 52.6552341], [10.582312, 52.6559194], [10.5843482, 52.6564495], [10.5844903, 52.6563868], [10.5847455, 52.655462], [10.5848449, 52.6553821], [10.5867801, 52.6552201], [10.5875517, 52.6527274], [10.585425, 52.6524882], [10.5866741, 52.6496638], [10.589032, 52.6498915], [10.589237, 52.6495095], [10.5889343, 52.6495158], [10.5884959, 52.6494271], [10.5880158, 52.6492752], [10.5868258, 52.6492435], [10.586135, 52.6492097], [10.5854582, 52.6495568], [10.5845027, 52.6500222], [10.5841511, 52.6507996], [10.5816617, 52.6503777], [10.5793258, 52.6507867], [10.5804488, 52.6467655], [10.5823033, 52.643423], [10.5831989, 52.6424593], [10.5809654, 52.6421023], [10.5802542, 52.6432359], [10.5702135, 52.6420609], [10.5702942, 52.6418658], [10.5711087, 52.6412821], [10.5723751, 52.6404622], [10.5689721, 52.6391833], [10.5620927, 52.6433012], [10.5668143, 52.6466741], [10.5700987, 52.6502134], [10.5702893, 52.6504162], [10.5706811, 52.6508331], [10.5731974, 52.652573]]]}}, {"type": "Feature", "properties": {"name": "Feuchtbiotop Lessien", "stufe": "streng", "art": "Feuchtbiotop"}, "geometry": {"type": "Polygon", "coordinates": [[[10.7594961, 52.5570263], [10.7596347, 52.5568149], [10.7598542, 52.556491], [10.7607346, 52.5565057], [10.7610723, 52.5565113], [10.7607174, 52.5570095], [10.7594961, 52.5570263]]]}}, {"type": "Feature", "properties": {"name": "Frehmbeck", "stufe": "streng", "art": "nature_reserve"}, "geometry": {"type": "Polygon", "coordinates": [[[10.3463209, 52.6593176], [10.3458601, 52.6609959], [10.3473865, 52.6612881], [10.3455391, 52.6621098], [10.3450849, 52.6615758], [10.3438339, 52.6609618], [10.3418671, 52.6602996], [10.3411368, 52.6597075], [10.3397051, 52.6585671], [10.3391647, 52.6582943], [10.3387578, 52.6580013], [10.3389153, 52.6577948], [10.3393123, 52.6582113], [10.3397814, 52.6583784], [10.340082, 52.6584813], [10.3405166, 52.6584293], [10.3415465, 52.65799], [10.3421581, 52.6578371], [10.3425845, 52.6578517], [10.343062, 52.6580356], [10.3432927, 52.6582959], [10.3433838, 52.6585123], [10.3436065, 52.6588165], [10.3439659, 52.6589841], [10.3444326, 52.6591158], [10.3462109, 52.6592249], [10.3463209, 52.6593176]]]}}, {"type": "Feature", "properties": {"name": "Barnstorfer Wald", "stufe": "streng", "art": "Naturschutzgebiet"}, "geometry": {"type": "Polygon", "coordinates": [[[10.8171438, 52.3594396], [10.8187088, 52.3553689], [10.8202726, 52.3555614], [10.8212931, 52.3527551], [10.8214608, 52.3525174], [10.8221297, 52.3525653], [10.8223433, 52.3530027], [10.8242089, 52.3533518], [10.8251889, 52.3532521], [10.8259018, 52.3532981], [10.8265205, 52.3535667], [10.826219, 52.3544108], [10.8260965, 52.35471], [10.826709, 52.3553661], [10.8275611, 52.3559026], [10.8276215, 52.3561647], [10.8276215, 52.3563219], [10.8276644, 52.3564582], [10.8280163, 52.3565211], [10.8282803, 52.3565541], [10.8286397, 52.3566507], [10.8290219, 52.3568162], [10.8294162, 52.3569554], [10.8295745, 52.35693], [10.8299389, 52.3568776], [10.8304542, 52.3568105], [10.8308011, 52.3568518], [10.8316641, 52.3569615], [10.8320045, 52.3570463], [10.8321705, 52.3571554], [10.8323345, 52.3573101], [10.832309, 52.3577446], [10.8341872, 52.3578444], [10.834674, 52.3567472], [10.8368701, 52.357374], [10.8376707, 52.3586574], [10.8379403, 52.3587901], [10.8424786, 52.3594871], [10.8462819, 52.3589378], [10.8452816, 52.3616211], [10.8456214, 52.3616936], [10.8446607, 52.3642023], [10.8413742, 52.3618725], [10.8409417, 52.3629432], [10.8374011, 52.3656391], [10.8408666, 52.3701003], [10.840888, 52.3702772], [10.8399063, 52.3708471], [10.8397293, 52.3713613], [10.8401129, 52.371959], [10.832769, 52.3734213], [10.8327046, 52.3735965], [10.8363765, 52.3767716], [10.8280081, 52.3804048], [10.8248162, 52.3811154], [10.8243951, 52.3806864], [10.8236361, 52.3810245], [10.8218336, 52.379727], [10.8203302, 52.3806299], [10.8202055, 52.3808812], [10.821729, 52.3821886], [10.8225285, 52.3816053], [10.8231126, 52.3820751], [10.822362, 52.3826396], [10.8218256, 52.382773], [10.8207326, 52.383256], [10.8201029, 52.3836818], [10.8211416, 52.3843865], [10.820176, 52.3849856], [10.8183548, 52.3864459], [10.8181812, 52.3867376], [10.8180755, 52.3870059], [10.8173946, 52.3870205], [10.8172752, 52.3869258], [10.817137, 52.3868306], [10.8168685, 52.3868023], [10.8167609, 52.3868744], [10.8167198, 52.3870087], [10.8167633, 52.3871143], [10.8165784, 52.3871809], [10.8163773, 52.3872005], [10.8161293, 52.3871082], [10.8159259, 52.3871241], [10.8159582, 52.3873105], [10.8157074, 52.3874706], [10.815348, 52.3874755], [10.8151535, 52.3875722], [10.8147244, 52.3875657], [10.8139747, 52.3873135], [10.813677, 52.380878], [10.8136234, 52.3791654], [10.8132992, 52.3759137], [10.8101499, 52.3764309], [10.8106725, 52.3665046], [10.8111156, 52.3586442], [10.81154, 52.3586604], [10.8171438, 52.3594396]]]}}, {"type": "Feature", "properties": {"name": "ohne Namen", "stufe": "mild", "art": "Wasserschutzgebiet"}, "geometry": {"type": "Polygon", "coordinates": [[[10.638568, 52.5217929], [10.6408413, 52.5203052], [10.639564, 52.5196102], [10.6410536, 52.5186264], [10.641478, 52.514434], [10.6403806, 52.5143144], [10.6406236, 52.5114415], [10.6413209, 52.5113696], [10.6407094, 52.5093258], [10.641793, 52.509156], [10.6409883, 52.5049048], [10.6416964, 52.5049897], [10.6396794, 52.5000328], [10.6458163, 52.4997127], [10.6461167, 52.498204], [10.6487131, 52.4981909], [10.6532621, 52.4967801], [10.6510413, 52.4962902], [10.6516743, 52.4955782], [10.6517386, 52.4952777], [10.6518996, 52.495036], [10.6520712, 52.4949054], [10.6523609, 52.4947356], [10.6526828, 52.4946245], [10.6528652, 52.494422], [10.6531227, 52.4941803], [10.6534767, 52.4941411], [10.6539059, 52.4941477], [10.6543028, 52.4941215], [10.6546032, 52.4939582], [10.6547642, 52.4938145], [10.654968, 52.4937688], [10.6551933, 52.4938015], [10.6554508, 52.4935467], [10.6557083, 52.4934749], [10.655998, 52.4935467], [10.65647, 52.493808], [10.656513, 52.4939517], [10.6565344, 52.4940301], [10.6565666, 52.4941607], [10.6565881, 52.4943959], [10.6568241, 52.4945461], [10.6571352, 52.4946049], [10.6574464, 52.4945331], [10.6579614, 52.4942653], [10.6593561, 52.4936251], [10.6619847, 52.4927694], [10.6622958, 52.4927171], [10.662446, 52.4928804], [10.6636047, 52.4928412], [10.6637657, 52.4929457], [10.6645381, 52.492704], [10.6645381, 52.4925669], [10.6673598, 52.4924689], [10.6713188, 52.4923186], [10.6739366, 52.4921227], [10.6758034, 52.4920508], [10.6776917, 52.4916066], [10.6778312, 52.4925734], [10.6778741, 52.4942326], [10.6777882, 52.4954933], [10.6776488, 52.4965253], [10.6774342, 52.4973287], [10.6772089, 52.4980733], [10.6787753, 52.49791], [10.678904, 52.4982693], [10.6791508, 52.4985828], [10.6793577, 52.4987442], [10.6794093, 52.4988219], [10.6800244, 52.499728], [10.680724, 52.5007587], [10.6809359, 52.501072], [10.6811675, 52.5014184], [10.6814018, 52.5017753], [10.6814567, 52.50189], [10.6814836, 52.5020612], [10.6815248, 52.5035872], [10.6825631, 52.5051246], [10.6847484, 52.5079297], [10.6870813, 52.5111132], [10.6883357, 52.5127053], [10.688693, 52.5131098], [10.6894548, 52.5140019], [10.6938981, 52.5181618], [10.6939954, 52.5182443], [10.6948372, 52.5192152], [10.6949414, 52.5194062], [10.6962337, 52.5208228], [10.6971134, 52.5218252], [10.6999755, 52.5225012], [10.6991923, 52.5237611], [10.7030761, 52.52491], [10.6994443, 52.5304273], [10.7013001, 52.5311738], [10.7016448, 52.5312944], [10.7018261, 52.5313467], [10.702476, 52.534138], [10.7000952, 52.5342579], [10.698334, 52.5327685], [10.6978726, 52.5327424], [10.6974542, 52.5328207], [10.6939566, 52.5375064], [10.693903, 52.53765], [10.6940961, 52.5376826], [10.6930087, 52.5400953], [10.6928086, 52.540221], [10.6912341, 52.5436983], [10.6907755, 52.5447323], [10.6906481, 52.5449304], [10.6893539, 52.5446254], [10.6886136, 52.5457803], [10.6883132, 52.5457672], [10.6877446, 52.5470264], [10.6867897, 52.5469612], [10.6865752, 52.5477963], [10.685593, 52.5476793], [10.685668, 52.547797], [10.6862829, 52.5487625], [10.6811893, 52.5501906], [10.6813824, 52.5504059], [10.6786011, 52.5511421], [10.6795869, 52.5528283], [10.6797236, 52.5531164], [10.6797024, 52.5531807], [10.6795825, 52.5532579], [10.6788018, 52.5534294], [10.678401, 52.55351], [10.6734645, 52.5544961], [10.6731001, 52.554201], [10.6728503, 52.5540232], [10.6725258, 52.5537603], [10.6723046, 52.5535767], [10.6721337, 52.5533704], [10.6719543, 52.5531291], [10.6713188, 52.5533872], [10.6709003, 52.553061], [10.6705999, 52.5531132], [10.6654923, 52.5533589], [10.6617786, 52.5535741], [10.6617272, 52.5533447], [10.6613241, 52.5522321], [10.656749, 52.5525457], [10.6558478, 52.5505298], [10.6555903, 52.5503994], [10.6555581, 52.5502363], [10.6555796, 52.5498775], [10.6554186, 52.5493751], [10.6531978, 52.5445536], [10.6507623, 52.5449582], [10.6423275, 52.5361328], [10.6349373, 52.5279321], [10.6346154, 52.5276776], [10.6426835, 52.5250862], [10.638568, 52.5217929]]]}}, {"type": "Feature", "properties": {"name": "Gilder Meerbergsmoor", "stufe": "streng", "art": "Naturschutzgebiet"}, "geometry": {"type": "Polygon", "coordinates": [[[10.440343, 52.4735992], [10.4406863, 52.472864], [10.439989, 52.4728738], [10.4391468, 52.4726483], [10.438385, 52.4723281], [10.4377788, 52.4722889], [10.4371726, 52.4721287], [10.4369527, 52.4719261], [10.4360139, 52.470472], [10.4354882, 52.4702824], [10.4353756, 52.4699459], [10.4341525, 52.4703674], [10.4343939, 52.4708347], [10.4339862, 52.4711353], [10.4339862, 52.4714883], [10.4343134, 52.4716974], [10.4342759, 52.471949], [10.434131, 52.472083], [10.4337662, 52.4722104], [10.4335678, 52.4725339], [10.4336858, 52.4729555], [10.4336214, 52.473194], [10.4337877, 52.4733803], [10.4344636, 52.4734064], [10.435515, 52.4734946], [10.4367006, 52.4733214], [10.4373014, 52.4733737], [10.4386479, 52.4735371], [10.4393989, 52.4736221], [10.4400748, 52.4736744], [10.440343, 52.4735992]]]}}, {"type": "Feature", "properties": {"name": "Henneckenmoor bei Scheuen", "stufe": "streng", "art": "Naturschutzgebiet"}, "geometry": {"type": "Polygon", "coordinates": [[[10.1333293, 52.6934009], [10.1356284, 52.6916365], [10.1301826, 52.6850027], [10.1291736, 52.6850808], [10.1288625, 52.6850854], [10.1285705, 52.6849843], [10.1248777, 52.681859], [10.1208061, 52.6794556], [10.1195294, 52.6800931], [10.1167828, 52.6816931], [10.1196045, 52.6840671], [10.1188964, 52.6845062], [10.1195723, 52.6849224], [10.1163107, 52.6868833], [10.1234293, 52.689878], [10.1333293, 52.6934009]]]}}, {"type": "Feature", "properties": {"name": "Herzogsberge", "stufe": "streng", "art": "Naturschutzgebiet"}, "geometry": {"type": "Polygon", "coordinates": [[[10.6409462, 52.2486525], [10.6371387, 52.2500324], [10.6368933, 52.2500939], [10.6350935, 52.2503788], [10.6347646, 52.2504272], [10.634783, 52.2502885], [10.6332126, 52.2498222], [10.6316412, 52.2493554], [10.6302273, 52.2489354], [10.6302279, 52.2489186], [10.6302541, 52.2481866], [10.6294468, 52.2479822], [10.628567, 52.2477531], [10.625571, 52.2470404], [10.6255509, 52.2460873], [10.6247256, 52.2461089], [10.6233266, 52.2471967], [10.6231314, 52.2471581], [10.6222002, 52.2469741], [10.615473, 52.2475593], [10.6121682, 52.246955], [10.6138168, 52.242348], [10.6144903, 52.2424823], [10.6143594, 52.2425224], [10.6149763, 52.242979], [10.6167251, 52.243319], [10.6168994, 52.2429552], [10.6169584, 52.2428213], [10.6138562, 52.2422381], [10.6145882, 52.2401923], [10.6160438, 52.2400342], [10.6188001, 52.2410751], [10.6207752, 52.2367229], [10.6225186, 52.2372288], [10.6248039, 52.2330236], [10.6248753, 52.2330389], [10.6277222, 52.2334803], [10.6279743, 52.2335132], [10.6305999, 52.233797], [10.6311592, 52.2338923], [10.6312098, 52.2339207], [10.6312568, 52.2339567], [10.6312748, 52.2340311], [10.6355765, 52.2345893], [10.6359265, 52.2346409], [10.6362079, 52.2346974], [10.6365035, 52.2347332], [10.6367231, 52.2347511], [10.6368326, 52.2346915], [10.6383614, 52.2348393], [10.6384665, 52.2348427], [10.6403785, 52.2350312], [10.6420851, 52.2381062], [10.642132, 52.2382451], [10.6421835, 52.2383555], [10.642697, 52.2396879], [10.6438102, 52.2425766], [10.6442778, 52.2437899], [10.6446559, 52.2443531], [10.6420956, 52.2452324], [10.6418639, 52.2453948], [10.6418217, 52.2454664], [10.6411076, 52.2479012], [10.6409462, 52.2486525]]]}}, {"type": "Feature", "properties": {"name": "Nieder- und Oberdahlumer Holz, Lagholz, Hötzumer Forst, Obersickter Holz und angrenzende Landschaftsteile", "stufe": "mild", "art": "Landschaftsschutzgebiet"}, "geometry": {"type": "Polygon", "coordinates": [[[10.6302541, 52.2481866], [10.6302279, 52.2489186], [10.6302273, 52.2489354], [10.6316412, 52.2493554], [10.6314631, 52.2497031], [10.6304023, 52.2498], [10.6301663, 52.2497918], [10.6299316, 52.2497885], [10.6275391, 52.24991], [10.6271008, 52.2499277], [10.6269509, 52.249897], [10.6194863, 52.2483662], [10.6149846, 52.2475401], [10.6121475, 52.2470181], [10.6119936, 52.2469815], [10.6105543, 52.2468213], [10.6128857, 52.242046], [10.6123558, 52.241946], [10.609298, 52.2413646], [10.6091313, 52.2413365], [10.6081305, 52.2411602], [10.6076594, 52.2411225], [10.6073215, 52.2411476], [10.6070069, 52.2412079], [10.6051408, 52.2419514], [10.6048063, 52.242127], [10.6044967, 52.2424742], [10.6042929, 52.2426935], [10.6041883, 52.2427723], [10.6040997, 52.2428043], [10.6040005, 52.2428035], [10.6035766, 52.2428074], [10.6034089, 52.2428466], [10.6034055, 52.242899], [10.6033831, 52.2429326], [10.6033394, 52.2429563], [10.6032636, 52.2429756], [10.6029839, 52.2430554], [10.6029183, 52.2430811], [10.6027567, 52.2431733], [10.6027266, 52.2431884], [10.6015572, 52.2435085], [10.6003992, 52.2438117], [10.6002525, 52.2438304], [10.6000786, 52.2438327], [10.5988643, 52.2437464], [10.5985083, 52.2437348], [10.5984286, 52.2437275], [10.5983747, 52.2437213], [10.5982673, 52.2436751], [10.5980186, 52.2435606], [10.5975768, 52.2435719], [10.5976627, 52.2432369], [10.598403, 52.2432763], [10.5996368, 52.2433485], [10.5997714, 52.2433611], [10.5997885, 52.2429084], [10.5991076, 52.2427594], [10.5999225, 52.2420655], [10.6005684, 52.2412255], [10.6075263, 52.2404011], [10.6090593, 52.2394922], [10.6094402, 52.2393805], [10.6096977, 52.2393739], [10.6098137, 52.2393877], [10.609937, 52.2391506], [10.6125408, 52.2396597], [10.6159499, 52.2332688], [10.6132752, 52.2327696], [10.6134133, 52.2325068], [10.6132355, 52.2324848], [10.6131712, 52.2324815], [10.610674, 52.2322696], [10.6076071, 52.2320182], [10.607033, 52.2319712], [10.6068693, 52.2319665], [10.606632, 52.2319534], [10.6049274, 52.2317948], [10.6048597, 52.2317899], [10.6032604, 52.23167], [10.6024571, 52.2316051], [10.6020628, 52.2315656], [10.6011494, 52.2315124], [10.6011267, 52.2309144], [10.6010621, 52.2303902], [10.6006844, 52.2290489], [10.6005426, 52.2286383], [10.6003244, 52.2280062], [10.6003871, 52.2275556], [10.6004758, 52.2269173], [10.6005171, 52.2266205], [10.5999853, 52.2256432], [10.5990104, 52.2239934], [10.5989233, 52.2238053], [10.5987999, 52.2236147], [10.5981994, 52.2227606], [10.5974982, 52.2224006], [10.5973672, 52.2223397], [10.5957904, 52.2222627], [10.5944676, 52.2218357], [10.5935438, 52.2217027], [10.5930928, 52.2218627], [10.5930446, 52.2219036], [10.5928819, 52.2220417], [10.5925509, 52.2226256], [10.592035, 52.2227096], [10.5909692, 52.2227436], [10.5899033, 52.2228166], [10.5891864, 52.2226906], [10.5885055, 52.2225226], [10.5880346, 52.2223046], [10.5875267, 52.2220916], [10.5869128, 52.2219696], [10.5864329, 52.2219886], [10.5861559, 52.2220306], [10.585678, 52.2220226], [10.585406, 52.2219466], [10.5847591, 52.2217557], [10.5843562, 52.2215417], [10.5834789, 52.2211761], [10.5829684, 52.2209737], [10.5824595, 52.2208517], [10.5822205, 52.2208207], [10.5819855, 52.2206838], [10.5815826, 52.2204048], [10.5812707, 52.2204888], [10.5809917, 52.2205958], [10.5808647, 52.2207717], [10.5806357, 52.2209817], [10.5803728, 52.2211227], [10.5803008, 52.2213477], [10.5799428, 52.2216216], [10.5793099, 52.2218476], [10.579087, 52.2220226], [10.578966, 52.2222136], [10.578693, 52.2225375], [10.5782911, 52.2226525], [10.5779001, 52.2229225], [10.5775492, 52.2230795], [10.5768823, 52.2231974], [10.5764134, 52.2234105], [10.5763106, 52.2235104], [10.5757282, 52.2231812], [10.5751436, 52.2225032], [10.5753431, 52.2217943], [10.574233, 52.2213528], [10.5740279, 52.2212075], [10.5740111, 52.2210394], [10.5741203, 52.2208825], [10.5745117, 52.2205783], [10.5739978, 52.2197003], [10.5739123, 52.2195044], [10.5738624, 52.2187088], [10.5738104, 52.2183385], [10.5738252, 52.2182756], [10.5738641, 52.2182136], [10.5743073, 52.2177231], [10.5745554, 52.2174248], [10.5746748, 52.2172654], [10.5747391, 52.2170937], [10.5747619, 52.2170115], [10.5747539, 52.2169146], [10.5746962, 52.2167798], [10.574542, 52.2165637], [10.5735254, 52.2156418], [10.5733053, 52.2155007], [10.5715637, 52.2150847], [10.5721978, 52.2143318], [10.5727204, 52.2134389], [10.5722054, 52.2126996], [10.5720841, 52.2124208], [10.5719967, 52.211874], [10.5720553, 52.2112549], [10.5723293, 52.2105805], [10.5724312, 52.2105587], [10.5727316, 52.2105324], [10.572914, 52.2105159], [10.5737313, 52.210492], [10.574695, 52.2104666], [10.5749096, 52.2104535], [10.5750812, 52.2104337], [10.5752797, 52.2103844], [10.5755909, 52.2103056], [10.5756284, 52.2103713], [10.5756219, 52.2104721], [10.575621, 52.2104853], [10.5752135, 52.2117896], [10.5914855, 52.2180197], [10.5992593, 52.2198663], [10.6059603, 52.2199306], [10.604385, 52.2224599], [10.6044903, 52.2224857], [10.6045191, 52.2224917], [10.604806, 52.2225557], [10.6050466, 52.2226126], [10.6052828, 52.2222756], [10.6053375, 52.2222915], [10.6056529, 52.2218591], [10.6057642, 52.2216758], [10.605846, 52.2215354], [10.6059748, 52.2215304], [10.6097088, 52.2229988], [10.6096709, 52.2233781], [10.6096441, 52.2235835], [10.6084875, 52.2235504], [10.6098345, 52.2240888], [10.6101486, 52.2242148], [10.6101765, 52.2242255], [10.6112285, 52.224646], [10.6126062, 52.2250832], [10.6123842, 52.2253463], [10.6130225, 52.2255566], [10.6132553, 52.2256223], [10.6137351, 52.2256861], [10.6163648, 52.2260756], [10.6166978, 52.2261174], [10.6173403, 52.2256852], [10.6181074, 52.2251598], [10.618017, 52.2255703], [10.6252544, 52.2269982], [10.6252184, 52.2278988], [10.626554, 52.2281801], [10.6327473, 52.2294843], [10.6330062, 52.2294588], [10.6372119, 52.230387], [10.63731, 52.2304466], [10.6374119, 52.2304828], [10.6375353, 52.2305156], [10.6387584, 52.2307686], [10.6389588, 52.2308288], [10.6388418, 52.2319355], [10.6385836, 52.2340271], [10.6385359, 52.2343591], [10.6523731, 52.2356735], [10.6527631, 52.236252], [10.6529278, 52.2364525], [10.6532568, 52.2369065], [10.653599, 52.2373883], [10.6537106, 52.2376091], [10.6535477, 52.2375892], [10.6535973, 52.2376522], [10.653632, 52.2377313], [10.6536536, 52.2378766], [10.6536766, 52.2387659], [10.642697, 52.2396879], [10.6421835, 52.2383555], [10.642132, 52.2382451], [10.6420851, 52.2381062], [10.6403785, 52.2350312], [10.6384665, 52.2348427], [10.6383614, 52.2348393], [10.6368326, 52.2346915], [10.6367231, 52.2347511], [10.6365035, 52.2347332], [10.6362079, 52.2346974], [10.6359265, 52.2346409], [10.6355765, 52.2345893], [10.6312748, 52.2340311], [10.6312568, 52.2339567], [10.6312098, 52.2339207], [10.6311592, 52.2338923], [10.6305999, 52.233797], [10.6279743, 52.2335132], [10.6277222, 52.2334803], [10.6248753, 52.2330389], [10.6248039, 52.2330236], [10.6225186, 52.2372288], [10.6207752, 52.2367229], [10.6188001, 52.2410751], [10.6160438, 52.2400342], [10.6145882, 52.2401923], [10.6138562, 52.2422381], [10.6169584, 52.2428213], [10.6167251, 52.243319], [10.6149763, 52.242979], [10.6143594, 52.2425224], [10.6144903, 52.2424823], [10.6138168, 52.242348], [10.6121682, 52.246955], [10.615473, 52.2475593], [10.6222002, 52.2469741], [10.6231314, 52.2471581], [10.6233266, 52.2471967], [10.6247256, 52.2461089], [10.6255509, 52.2460873], [10.625571, 52.2470404], [10.6275188, 52.2475213], [10.6294468, 52.2479822], [10.6302541, 52.2481866]]]}}, {"type": "Feature", "properties": {"name": "Steinbruch Baddeckenstedt", "stufe": "streng", "art": "Naturschutzgebiet"}, "geometry": {"type": "Polygon", "coordinates": [[[10.2273431, 52.0905236], [10.2270189, 52.0907055], [10.227094, 52.0907582], [10.2271798, 52.090956], [10.2272155, 52.0911961], [10.2272469, 52.0912823], [10.2273917, 52.0913894], [10.2299573, 52.0924678], [10.2303164, 52.0922263], [10.2304119, 52.0921326], [10.2314539, 52.0926271], [10.2315196, 52.0925792], [10.2312177, 52.0923412], [10.2310923, 52.0921249], [10.2310001, 52.0919126], [10.2309394, 52.0914707], [10.2313669, 52.0912579], [10.2321999, 52.0910993], [10.2329439, 52.0909449], [10.232901, 52.0905192], [10.2328221, 52.0902178], [10.2318765, 52.0903475], [10.2319059, 52.0904467], [10.2315689, 52.0904887], [10.2306613, 52.0904204], [10.2305058, 52.090043], [10.2298513, 52.0901204], [10.2298942, 52.0902177], [10.2292773, 52.0903017], [10.2291539, 52.090216], [10.2273431, 52.0905236]]]}}, {"type": "Feature", "properties": {"name": "ohne Namen", "stufe": "mild", "art": ""}, "geometry": {"type": "Polygon", "coordinates": [[[10.2939603, 52.11338], [10.2957166, 52.1137697], [10.2980286, 52.113888], [10.2983033, 52.1140019], [10.3015076, 52.1144408], [10.3025994, 52.1145269], [10.3032719, 52.1145298], [10.305383, 52.1143852], [10.3078143, 52.1141129], [10.3088608, 52.1139679], [10.3104292, 52.1135789], [10.3113677, 52.1132681], [10.3137054, 52.1122331], [10.3161327, 52.1111198], [10.3171005, 52.1106375], [10.3179454, 52.110267], [10.319523, 52.1093802], [10.3206817, 52.1086423], [10.3218404, 52.1080097], [10.3229562, 52.1074298], [10.3233951, 52.1072828], [10.3238433, 52.1070505], [10.3240291, 52.1069554], [10.3249348, 52.1068819], [10.3255647, 52.1067592], [10.3262669, 52.1066145], [10.3265634, 52.1065946], [10.3267311, 52.1066543], [10.3268408, 52.1067976], [10.3270321, 52.1070844], [10.3272618, 52.1073588], [10.3274906, 52.1075336], [10.3277452, 52.1076849], [10.3278918, 52.1077288], [10.3280966, 52.1073437], [10.3283967, 52.1069536], [10.3289035, 52.1065861], [10.3295244, 52.1063212], [10.3303076, 52.105939], [10.3321918, 52.1046675], [10.3327967, 52.1041004], [10.3332381, 52.1035781], [10.3343338, 52.1023028], [10.334506, 52.1019089], [10.3347949, 52.1009754], [10.3349907, 52.1005687], [10.3354639, 52.0997565], [10.3356932, 52.099411], [10.3358928, 52.0991981], [10.3361215, 52.0990369], [10.3363864, 52.0988893], [10.3367724, 52.0987517], [10.3370635, 52.0986905], [10.3371903, 52.0986639], [10.3369331, 52.098508], [10.3360641, 52.0982872], [10.3362299, 52.0981351], [10.3364578, 52.0979785], [10.3367215, 52.0978363], [10.3369664, 52.0977365], [10.3373229, 52.0976258], [10.3375831, 52.0975704], [10.3378862, 52.0975296], [10.338178, 52.0975063], [10.3384702, 52.097496], [10.3389368, 52.0975081], [10.3393136, 52.0975395], [10.3395178, 52.0974329], [10.3383892, 52.0970412], [10.3366569, 52.0964985], [10.3362079, 52.0968913], [10.3316946, 52.0964815], [10.3299487, 52.0962638], [10.3294551, 52.0965076], [10.3287309, 52.0965011], [10.3285378, 52.0962275], [10.3289026, 52.0958419], [10.3296, 52.0955651], [10.3298689, 52.0950598], [10.3280431, 52.0947456], [10.3267284, 52.094541], [10.326549, 52.0945237], [10.3264157, 52.0945762], [10.3260827, 52.0947541], [10.3256789, 52.094922], [10.3256262, 52.0949859], [10.3255614, 52.0950424], [10.3254649, 52.0951257], [10.3253609, 52.0952387], [10.3252267, 52.095448], [10.3250927, 52.0956593], [10.3247624, 52.0961037], [10.3244482, 52.0965495], [10.3233939, 52.098584], [10.3229046, 52.1007281], [10.3226131, 52.1013445], [10.3224583, 52.1017501], [10.3222884, 52.1021538], [10.3217477, 52.1028023], [10.3210267, 52.1032979], [10.3198423, 52.103804], [10.3182115, 52.1043944], [10.3172495, 52.1048005], [10.314904, 52.1057905], [10.3129152, 52.1068512], [10.3119111, 52.1073867], [10.3099158, 52.1083511], [10.3066236, 52.108983], [10.3049609, 52.1088832], [10.3046699, 52.1089547], [10.3044518, 52.1090099], [10.3041286, 52.1089858], [10.3038979, 52.1090385], [10.3034914, 52.1090421], [10.3029764, 52.1091937], [10.3022897, 52.1095626], [10.3028901, 52.1099837], [10.3007926, 52.1099244], [10.2982177, 52.1103988], [10.2971448, 52.1111368], [10.2966302, 52.1116252], [10.2962007, 52.1120329], [10.2957465, 52.1122295], [10.2956592, 52.1122675], [10.2955407, 52.1123712], [10.2951815, 52.112601], [10.2950449, 52.1126856], [10.2945345, 52.1130074], [10.2939603, 52.11338]]]}}, {"type": "Feature", "properties": {"name": "ohne Namen", "stufe": "mild", "art": ""}, "geometry": {"type": "Polygon", "coordinates": [[[10.0637723, 52.3591177], [10.0638602, 52.3589261], [10.0645629, 52.3580501], [10.0646049, 52.3579978], [10.0652118, 52.3572412], [10.0618165, 52.3562338], [10.061632, 52.3562598], [10.0611484, 52.3561978], [10.0607192, 52.3561093], [10.0604403, 52.355975], [10.0601667, 52.3557358], [10.0600122, 52.3555298], [10.0594433, 52.3554653], [10.0593608, 52.3554564], [10.0591716, 52.355436], [10.0577742, 52.3550609], [10.0542959, 52.3547914], [10.0549874, 52.352882], [10.0527152, 52.3527351], [10.0530884, 52.3516631], [10.053146, 52.3514673], [10.0553012, 52.3516115], [10.0554165, 52.3516205], [10.0568446, 52.3474881], [10.0589819, 52.3476219], [10.0590241, 52.3476245], [10.0591555, 52.3470756], [10.0599879, 52.3471248], [10.0601422, 52.3462144], [10.0597442, 52.3462098], [10.0598946, 52.3445661], [10.0602003, 52.3445661], [10.0603337, 52.3440678], [10.0605795, 52.3432464], [10.0612925, 52.3431772], [10.0614287, 52.3427165], [10.0607802, 52.3426502], [10.0609515, 52.3417336], [10.0615933, 52.3417661], [10.0619129, 52.3398087], [10.0619182, 52.3397836], [10.0619843, 52.3397843], [10.0621114, 52.3397855], [10.0659925, 52.3398246], [10.0723144, 52.3403244], [10.0731459, 52.3388708], [10.0770217, 52.3399229], [10.0798883, 52.3345075], [10.0799818, 52.3343488], [10.0803746, 52.3346118], [10.0821142, 52.3357635], [10.0830707, 52.3364252], [10.0814003, 52.3396966], [10.0825021, 52.3392918], [10.0831589, 52.3391941], [10.0842518, 52.3392863], [10.0856498, 52.3394519], [10.0875869, 52.3397746], [10.0881436, 52.3398923], [10.0888622, 52.3402643], [10.0900794, 52.3405059], [10.0907401, 52.3406756], [10.0920201, 52.3408607], [10.0929716, 52.3410495], [10.0935872, 52.3411184], [10.0939971, 52.3411765], [10.0950882, 52.3415711], [10.0968692, 52.3419975], [10.0960922, 52.3432577], [10.1036297, 52.3451404], [10.1050506, 52.3455363], [10.1070923, 52.3448777], [10.1072204, 52.3449445], [10.107378, 52.3449705], [10.1074181, 52.3451122], [10.1081936, 52.345827], [10.1082261, 52.3459263], [10.1083778, 52.3461845], [10.10873, 52.3464493], [10.1091578, 52.3466617], [10.1096484, 52.3468491], [10.110689, 52.3472485], [10.1114824, 52.3475007], [10.1117711, 52.3476154], [10.11197, 52.347758], [10.1121176, 52.3480047], [10.1121954, 52.348956], [10.1120654, 52.3492666], [10.1118171, 52.3495458], [10.1116462, 52.3497379], [10.1112191, 52.3501426], [10.1111611, 52.3502834], [10.1103373, 52.3506301], [10.1095695, 52.3508395], [10.1079455, 52.3501322], [10.1078988, 52.3501742], [10.1075708, 52.3504692], [10.1088534, 52.3510178], [10.1077946, 52.3515716], [10.107631, 52.3516889], [10.107446, 52.351804], [10.1073389, 52.3521993], [10.1073551, 52.3523501], [10.1079388, 52.3536095], [10.1073328, 52.3539077], [10.1074997, 52.3544154], [10.1043982, 52.3548887], [10.1040916, 52.3548318], [10.1034382, 52.3547817], [10.1030498, 52.3547924], [10.1018063, 52.3549152], [10.101304, 52.3549409], [10.0957513, 52.3555115], [10.0937015, 52.355724], [10.0933478, 52.3558042], [10.0928965, 52.3559603], [10.0927066, 52.3560183], [10.0925578, 52.356045], [10.0921291, 52.3560593], [10.0915583, 52.3560636], [10.091233, 52.3560622], [10.0909231, 52.3560891], [10.0905151, 52.3561451], [10.0901595, 52.356224], [10.0899095, 52.3562884], [10.0897017, 52.3563273], [10.0894912, 52.3563388], [10.089245, 52.3563304], [10.0889515, 52.3563029], [10.0885119, 52.3562197], [10.0882516, 52.3561858], [10.0880153, 52.356177], [10.0868617, 52.3561621], [10.0866642, 52.3561716], [10.0864666, 52.3561891], [10.0862378, 52.3562202], [10.0861104, 52.3562303], [10.0859852, 52.3562274], [10.0858591, 52.3562023], [10.085185, 52.3570315], [10.0637723, 52.3591177]]]}}, {"type": "Feature", "properties": {"name": "ohne Namen", "stufe": "mild", "art": ""}, "geometry": {"type": "Polygon", "coordinates": [[[10.0636858, 52.3593585], [10.063385, 52.360183], [10.0640535, 52.3633205], [10.0683364, 52.3663341], [10.0702525, 52.3677623], [10.0706318, 52.3676593], [10.0712499, 52.367847], [10.0742966, 52.3671557], [10.076614, 52.366743], [10.0789529, 52.3664023], [10.0826329, 52.3660158], [10.089038, 52.3654], [10.1069135, 52.363675], [10.1070234, 52.3632896], [10.1075724, 52.3627468], [10.1083449, 52.3621702], [10.1087226, 52.3615937], [10.1088716, 52.3612873], [10.1089309, 52.3612576], [10.1095325, 52.3605416], [10.1096339, 52.3603862], [10.1094763, 52.3596068], [10.1092204, 52.3585902], [10.1090821, 52.3582853], [10.1051814, 52.3583414], [10.1006744, 52.3584341], [10.0980846, 52.3588128], [10.0974334, 52.3563441], [10.0973794, 52.3561279], [10.0899347, 52.3568262], [10.0636858, 52.3593585]]]}}, {"type": "Feature", "properties": {"name": "ohne Namen", "stufe": "mild", "art": "Schutzgebiet"}, "geometry": {"type": "Polygon", "coordinates": [[[10.5127572, 52.2399652], [10.5143001, 52.2396286], [10.5146056, 52.2398369], [10.5149053, 52.2399886], [10.5155354, 52.240282], [10.5153161, 52.2407022], [10.5151221, 52.241074], [10.5148441, 52.2416066], [10.5147539, 52.2417232], [10.5132325, 52.2413738], [10.5131936, 52.2411931], [10.5131281, 52.2410669], [10.5129342, 52.240701], [10.5128269, 52.2403988], [10.5127572, 52.2399652]]]}}, {"type": "Feature", "properties": {"name": "Remlinger Heerse", "stufe": "streng", "art": "Naturschutzgebiet"}, "geometry": {"type": "Polygon", "coordinates": [[[10.6568393, 52.1313685], [10.6565321, 52.1308238], [10.6565202, 52.1300171], [10.6563308, 52.1295302], [10.65584, 52.128834], [10.6557862, 52.128738], [10.6557508, 52.1286431], [10.6558431, 52.1286026], [10.656122, 52.1284939], [10.6563956, 52.1284083], [10.6569355, 52.1282862], [10.6569681, 52.128414], [10.6573183, 52.1297881], [10.6584601, 52.1295464], [10.6588257, 52.1294489], [10.6591798, 52.1293468], [10.6595606, 52.1292118], [10.6597055, 52.1291789], [10.6598763, 52.1291479], [10.66014, 52.1291097], [10.6604726, 52.129034], [10.6607247, 52.1289516], [10.6608964, 52.128866], [10.6611002, 52.1287244], [10.661229, 52.1286322], [10.6613255, 52.1285762], [10.6614266, 52.128542], [10.6619639, 52.1284544], [10.6620604, 52.1286454], [10.6632827, 52.1283905], [10.6633801, 52.1283687], [10.663423, 52.128349], [10.663541, 52.1281711], [10.6635678, 52.1281349], [10.6646139, 52.1279736], [10.6647641, 52.1279538], [10.6648875, 52.1279143], [10.6651772, 52.1277496], [10.6653917, 52.127608], [10.6660937, 52.1271259], [10.666378, 52.1269744], [10.6664638, 52.1269777], [10.6664048, 52.1270304], [10.6653641, 52.1277911], [10.6666095, 52.127967], [10.6667964, 52.1279854], [10.6678371, 52.1280809], [10.667939, 52.1280743], [10.6680463, 52.1280579], [10.6683154, 52.1279966], [10.6684057, 52.1280776], [10.6685728, 52.128158], [10.6687284, 52.1282173], [10.6688724, 52.1282522], [10.6690227, 52.1283016], [10.669055, 52.1289635], [10.6637886, 52.1296125], [10.6568393, 52.1313685]]]}}, {"type": "Feature", "properties": {"name": "Landschaftsschutzgebiet \"Schandelaher Wohld und Pfeifengraswiese Wohld\"", "stufe": "mild", "art": "Landschaftsschutzgebiet"}, "geometry": {"type": "Polygon", "coordinates": [[[10.6774838, 52.2902507], [10.6791549, 52.286027], [10.6792085, 52.2859121], [10.6792688, 52.2857993], [10.6793432, 52.2857131], [10.6795345, 52.2854554], [10.6831134, 52.2861376], [10.6833331, 52.2861661], [10.6835883, 52.2861881], [10.6837829, 52.2861796], [10.6839116, 52.2861429], [10.6840232, 52.2860956], [10.6840625, 52.2859982], [10.6843326, 52.2849484], [10.6844119, 52.2846485], [10.6845736, 52.2846656], [10.6846342, 52.2846976], [10.6847247, 52.284724], [10.6885065, 52.2852876], [10.6889712, 52.2858837], [10.6902654, 52.2860592], [10.6905631, 52.2861702], [10.6929226, 52.2865058], [10.6942937, 52.286701], [10.694448, 52.2867258], [10.6944516, 52.2867729], [10.6945117, 52.2868412], [10.7008901, 52.2867697], [10.7009075, 52.2868183], [10.7009247, 52.2869915], [10.7011516, 52.2869992], [10.7012251, 52.2871543], [10.7012938, 52.2877843], [10.7015118, 52.2908854], [10.7018908, 52.2961729], [10.7019109, 52.2963485], [10.7116803, 52.296033], [10.7116963, 52.2961889], [10.711709, 52.296313], [10.7117909, 52.2963112], [10.711944, 52.2964173], [10.711986, 52.2968403], [10.7120154, 52.2972586], [10.7120491, 52.2976728], [10.7120858, 52.2980868], [10.7121562, 52.2989693], [10.7122252, 52.299744], [10.7123639, 52.3014005], [10.7123729, 52.3015132], [10.7124303, 52.3022333], [10.7124665, 52.3026467], [10.712481, 52.3030616], [10.6951392, 52.3017313], [10.6950332, 52.3006814], [10.6897831, 52.3002084], [10.6897311, 52.2999494], [10.6800382, 52.2993188], [10.6784329, 52.2968832], [10.6762267, 52.2940393], [10.6771235, 52.2941682], [10.6771582, 52.2940054], [10.6772183, 52.2938742], [10.677241, 52.2937179], [10.6772329, 52.2936227], [10.6772098, 52.293517], [10.6768805, 52.2929304], [10.676829, 52.2927519], [10.6768118, 52.2925944], [10.6768376, 52.2924107], [10.6775958, 52.2902705], [10.6774838, 52.2902507]]]}}, {"type": "Feature", "properties": {"name": "Landschaftsschutzgebiet „Buchhorst“", "stufe": "mild", "art": "Landschaftsschutzgebiet"}, "geometry": {"type": "Polygon", "coordinates": [[[10.58966, 52.2507295], [10.5902795, 52.2507083], [10.5909415, 52.2506916], [10.591733, 52.250726], [10.5921847, 52.2507387], [10.5925322, 52.2507534], [10.5929001, 52.2507638], [10.5930537, 52.2507586], [10.5936777, 52.2507411], [10.5961892, 52.2506711], [10.5964391, 52.2506762], [10.5967614, 52.250703], [10.5973146, 52.2506948], [10.5974381, 52.250693], [10.5986242, 52.2506755], [10.5989862, 52.2506701], [10.6000554, 52.2507521], [10.6001961, 52.2507658], [10.6010238, 52.2508349], [10.6042917, 52.2514946], [10.6046647, 52.2516134], [10.6066865, 52.2521627], [10.6077896, 52.2525039], [10.6088637, 52.2528131], [10.6086255, 52.253665], [10.6085938, 52.2538247], [10.6090373, 52.2538566], [10.6089427, 52.2540775], [10.6095275, 52.2541519], [10.6109209, 52.2543078], [10.6108028, 52.2548152], [10.6108247, 52.2549222], [10.6117494, 52.2550538], [10.6115563, 52.255985], [10.6126091, 52.2560044], [10.6125825, 52.2562796], [10.6129697, 52.2562937], [10.6120264, 52.2605164], [10.6123393, 52.264732], [10.6119453, 52.2650394], [10.6115974, 52.2661409], [10.6099269, 52.2657803], [10.5965518, 52.2625382], [10.5935367, 52.2618326], [10.5919257, 52.2615703], [10.5899082, 52.2613441], [10.5884819, 52.2612582], [10.5804267, 52.2609461], [10.5804711, 52.2608692], [10.5807445, 52.2608827], [10.5807815, 52.2607968], [10.5833932, 52.2608361], [10.5863641, 52.2609386], [10.5863034, 52.2610734], [10.5878416, 52.2610928], [10.5880565, 52.2610136], [10.5884885, 52.2609012], [10.5887536, 52.2608298], [10.5893582, 52.2605198], [10.5895429, 52.2603506], [10.5851721, 52.258787], [10.5849861, 52.2587221], [10.5857018, 52.2578516], [10.5859641, 52.2575518], [10.5879813, 52.2551629], [10.588458, 52.2545933], [10.5885846, 52.2543041], [10.58966, 52.2507295]]]}}, {"type": "Feature", "properties": {"name": "Landschaftsschutzgebiet „Feld- und Waldflur südwestlich Weddel“", "stufe": "mild", "art": "Landschaftsschutzgebiet"}, "geometry": {"type": "Polygon", "coordinates": [[[10.6115974, 52.2661409], [10.6119453, 52.2650394], [10.6123393, 52.264732], [10.6126193, 52.264827], [10.6139401, 52.264457], [10.6138529, 52.2634526], [10.6198684, 52.2637981], [10.6199272, 52.265011], [10.6197707, 52.265207], [10.6176678, 52.2675182], [10.6145528, 52.2668477], [10.6115974, 52.2661409]]]}}, {"type": "Feature", "properties": {"name": "Beienroder Holz", "stufe": "streng", "art": "Naturschutzgebiet"}, "geometry": {"type": "Polygon", "coordinates": [[[10.6924772, 52.3380804], [10.6921864, 52.3379777], [10.6918538, 52.337863], [10.6915426, 52.3377122], [10.6913602, 52.3375811], [10.6911993, 52.3374106], [10.6910556, 52.3372666], [10.6909311, 52.3371419], [10.6908239, 52.3370519], [10.6908023, 52.3370337], [10.6907068, 52.3369118], [10.6923259, 52.335576], [10.6927061, 52.3352623], [10.6931438, 52.3348794], [10.6936006, 52.3344108], [10.6939181, 52.3340832], [10.6941858, 52.3337873], [10.6942684, 52.3336638], [10.6944146, 52.3331524], [10.6944391, 52.3330739], [10.6946164, 52.3330283], [10.6947824, 52.3329923], [10.6948518, 52.3329388], [10.6950443, 52.3321401], [10.6958663, 52.3321725], [10.6968051, 52.3283796], [10.6982803, 52.3284911], [10.7027006, 52.3248224], [10.6996959, 52.320413], [10.7018173, 52.3201726], [10.7018882, 52.3198488], [10.7018508, 52.3195349], [10.7080594, 52.3187987], [10.7094783, 52.3186325], [10.7096835, 52.3184234], [10.7141164, 52.3142194], [10.7143224, 52.3139937], [10.7158464, 52.3126557], [10.7159408, 52.3125728], [10.7174684, 52.3111182], [10.7200169, 52.3128013], [10.7224631, 52.3169366], [10.717155, 52.3175711], [10.7198721, 52.3219961], [10.7250702, 52.3209633], [10.7263201, 52.323029], [10.7318661, 52.3218682], [10.7319364, 52.3219699], [10.7320651, 52.322101], [10.7322261, 52.3222125], [10.7324943, 52.3231896], [10.732505, 52.3233339], [10.7324621, 52.3236093], [10.7319286, 52.3285517], [10.7293832, 52.3277993], [10.7257423, 52.3292842], [10.7264598, 52.3305019], [10.7265567, 52.3306576], [10.7281321, 52.333118], [10.7283337, 52.3334008], [10.7303002, 52.3365562], [10.7315585, 52.336606], [10.7318935, 52.3387741], [10.7301559, 52.3388528], [10.7300779, 52.3388561], [10.7300752, 52.3396148], [10.7282433, 52.3403916], [10.7311911, 52.3425498], [10.7312727, 52.3428152], [10.7313009, 52.3429033], [10.7313097, 52.3431137], [10.731281, 52.3432465], [10.7304307, 52.3453358], [10.7303706, 52.3454709], [10.7302025, 52.3458488], [10.7268164, 52.3469052], [10.7262165, 52.34907], [10.7227249, 52.3481127], [10.7223212, 52.3480297], [10.7220355, 52.347984], [10.7218234, 52.3479525], [10.7215635, 52.3479246], [10.7213038, 52.3479248], [10.7210471, 52.3479314], [10.7178242, 52.3482014], [10.7180107, 52.343982], [10.7195288, 52.3435329], [10.7158327, 52.3388692], [10.714277, 52.3371124], [10.7032692, 52.3371451], [10.7004368, 52.3371353], [10.6943321, 52.3364371], [10.6924772, 52.3380804]]]}}, {"type": "Feature", "properties": {"name": "Sandmagerrasen um den Schlossberg", "stufe": "mild", "art": "Naturdenkmal"}, "geometry": {"type": "Polygon", "coordinates": [[[10.5315892, 52.312775], [10.5303779, 52.3115756], [10.5320873, 52.3109651], [10.5325157, 52.3109791], [10.533472, 52.3109991], [10.5335203, 52.3106859], [10.5334221, 52.3098635], [10.5339116, 52.3099608], [10.5342331, 52.310191], [10.5345126, 52.3103618], [10.5349221, 52.3105446], [10.5354432, 52.3106951], [10.535741, 52.3107686], [10.5356475, 52.3108979], [10.5367523, 52.3113181], [10.5362132, 52.3118731], [10.5352627, 52.31235], [10.5339581, 52.3129325], [10.5324818, 52.3128852], [10.5315892, 52.312775]]]}}, {"type": "Feature", "properties": {"name": "Bullenteich", "stufe": "mild", "art": "Naturdenkmal"}, "geometry": {"type": "Polygon", "coordinates": [[[10.5277908, 52.2920096], [10.5281843, 52.2916613], [10.528332, 52.291506], [10.5284309, 52.2913421], [10.5285253, 52.2911176], [10.5299317, 52.2908825], [10.5302302, 52.2908148], [10.5303111, 52.2909232], [10.5317599, 52.2905171], [10.5317963, 52.2902547], [10.53297, 52.2901534], [10.5332091, 52.2901328], [10.5333856, 52.2909883], [10.5332304, 52.2911038], [10.5330687, 52.2912243], [10.531508, 52.291928], [10.5308548, 52.2922251], [10.5308118, 52.2922161], [10.5307269, 52.2922182], [10.530625, 52.2922479], [10.5305571, 52.2922791], [10.530548, 52.2923054], [10.5305457, 52.2923248], [10.5304155, 52.2923563], [10.530234, 52.2923621], [10.5298812, 52.2923221], [10.5290653, 52.2922296], [10.5277908, 52.2920096]]]}}, {"type": "Feature", "properties": {"name": "Langenbrügger Moor", "stufe": "streng", "art": "Naturschutzgebiet"}, "geometry": {"type": "Polygon", "coordinates": [[[10.7271677, 52.8009371], [10.7265615, 52.8016977], [10.7266688, 52.8019474], [10.7263148, 52.8020155], [10.7267654, 52.8032219], [10.7241154, 52.8046878], [10.7287207, 52.8060741], [10.7281253, 52.806319], [10.728128, 52.8064033], [10.7282272, 52.8064762], [10.7288361, 52.8067795], [10.7285035, 52.8083052], [10.7266501, 52.8087608], [10.7276237, 52.8103821], [10.7290882, 52.8102232], [10.7333529, 52.8111862], [10.7330418, 52.8099865], [10.732044, 52.8075221], [10.7351339, 52.8075934], [10.7355738, 52.8063319], [10.7354665, 52.8062574], [10.7381272, 52.8002252], [10.7364938, 52.7994298], [10.7362926, 52.7994322], [10.7360204, 52.7985298], [10.7359265, 52.7983108], [10.7355215, 52.7976589], [10.735154, 52.7972072], [10.7304937, 52.799622], [10.7271677, 52.8009371]]]}}, {"type": "Feature", "properties": {"name": "Lünsholz", "stufe": "streng", "art": "Naturschutzgebiet"}, "geometry": {"type": "Polygon", "coordinates": [[[10.3206018, 52.8383866], [10.322527, 52.8376871], [10.3291869, 52.8412434], [10.3364074, 52.8424569], [10.346396, 52.8389071], [10.3375903, 52.8322184], [10.328511, 52.8306935], [10.33203, 52.8341888], [10.3304744, 52.8347268], [10.3276098, 52.8340786], [10.3257108, 52.832348], [10.3264886, 52.8303759], [10.3133485, 52.8281541], [10.3206018, 52.8383866]]]}}, {"type": "Feature", "properties": {"name": "Mehlkamp und Heinenkamp", "stufe": "streng", "art": "Naturschutzgebiet"}, "geometry": {"type": "Polygon", "coordinates": [[[10.5958067, 52.3403885], [10.5970862, 52.3404408], [10.5970902, 52.3409855], [10.6000236, 52.3409031], [10.6000655, 52.3410967], [10.6009553, 52.3410819], [10.6010153, 52.3408344], [10.6013799, 52.3397445], [10.6017129, 52.3384056], [10.6020008, 52.3374937], [10.6021158, 52.3372877], [10.6024428, 52.3370588], [10.6029387, 52.3369368], [10.6036846, 52.3368408], [10.6049914, 52.3365099], [10.605132, 52.336448], [10.6054079, 52.3343792], [10.6054143, 52.3343311], [10.6078271, 52.3346077], [10.6067204, 52.3315085], [10.6062941, 52.3303367], [10.6062477, 52.3299599], [10.6058885, 52.3287798], [10.6056048, 52.3280991], [10.6053118, 52.3281394], [10.6025997, 52.3285299], [10.601685, 52.3300234], [10.6009435, 52.3300335], [10.5990129, 52.3285725], [10.5990176, 52.3284012], [10.5989048, 52.3283093], [10.5979593, 52.3329991], [10.5978504, 52.3336313], [10.5998513, 52.3336231], [10.6010366, 52.3338494], [10.601814, 52.3339567], [10.6011995, 52.3369917], [10.5987213, 52.3364413], [10.5974654, 52.3361623], [10.5974096, 52.3361525], [10.5973669, 52.336145], [10.5966512, 52.336156], [10.5958067, 52.3403885]]]}}, {"type": "Feature", "properties": {"name": "Bullenkuhle", "stufe": "streng", "art": "Naturschutzgebiet"}, "geometry": {"type": "Polygon", "coordinates": [[[10.514828, 52.8135905], [10.5156326, 52.8134089], [10.5161369, 52.8130652], [10.5165097, 52.812848], [10.5168611, 52.8127021], [10.5180708, 52.8123859], [10.5179501, 52.8131236], [10.5182075, 52.8139406], [10.5182022, 52.81414], [10.5181619, 52.8142276], [10.5160296, 52.8140103], [10.5157453, 52.8136683], [10.514828, 52.8135905]]]}}, {"type": "Feature", "properties": {"name": "Kranichsmoorsee", "stufe": "streng", "art": "Naturschutzgebiet"}, "geometry": {"type": "Polygon", "coordinates": [[[10.6113861, 52.4386521], [10.6127393, 52.4398923], [10.6136593, 52.4406314], [10.6155208, 52.4419328], [10.6170174, 52.4428402], [10.6204292, 52.4448528], [10.6207859, 52.4450457], [10.6210327, 52.4447662], [10.622178, 52.4428239], [10.6176209, 52.4404826], [10.6120202, 52.4379684], [10.6113861, 52.4386521]]]}}, {"type": "Feature", "properties": {"name": "Obere Ohre / Landwehr von Rade", "stufe": "streng", "art": "Naturschutzgebiet"}, "geometry": {"type": "Polygon", "coordinates": [[[10.7948023, 52.7198066], [10.7944992, 52.7197623], [10.7948935, 52.7188996], [10.7936838, 52.7186836], [10.7939118, 52.7182985], [10.7930535, 52.7181523], [10.7938528, 52.7173643], [10.7920933, 52.7170735], [10.7925975, 52.7165812], [10.7930642, 52.7159605], [10.7938501, 52.7147841], [10.7961005, 52.715153], [10.7961166, 52.7147273], [10.7965699, 52.7140172], [10.7968461, 52.7138303], [10.7981041, 52.7134826], [10.7986727, 52.7134257], [10.7994318, 52.713468], [10.8004054, 52.7136386], [10.801084, 52.7136678], [10.8018404, 52.7135882], [10.80246, 52.7135444], [10.8032218, 52.7135866], [10.8045307, 52.7137393], [10.80511, 52.7138872], [10.8065182, 52.7145274], [10.8068374, 52.7145778], [10.8073229, 52.7145956], [10.8095357, 52.7152033], [10.8099729, 52.7152586], [10.8110055, 52.7152813], [10.8112442, 52.7152716], [10.8143797, 52.7149775], [10.8161876, 52.7148962], [10.8165497, 52.7149385], [10.8173892, 52.715179], [10.8183843, 52.7153252], [10.8237728, 52.7167599], [10.823915, 52.7167745], [10.8240733, 52.7167144], [10.8250067, 52.7163683], [10.826844, 52.716136], [10.8271095, 52.7161311], [10.8289307, 52.716651], [10.8293974, 52.7162692], [10.8299339, 52.7155673], [10.8300921, 52.7152553], [10.8301458, 52.7150701], [10.8302304, 52.7149831], [10.8300809, 52.7146171], [10.830379, 52.7141332], [10.8308686, 52.7133082], [10.8311689, 52.7127785], [10.8311347, 52.7121427], [10.8311814, 52.7120063], [10.831426, 52.711581], [10.8318606, 52.710881], [10.8320685, 52.7107494], [10.8329457, 52.7105752], [10.8334021, 52.7097681], [10.8336483, 52.7094734], [10.8339247, 52.7092465], [10.8353797, 52.7083738], [10.8354005, 52.7083509], [10.8356179, 52.7077915], [10.8358326, 52.7071972], [10.8359059, 52.7068987], [10.8359046, 52.7066107], [10.8358474, 52.706251], [10.835384, 52.7056427], [10.8345287, 52.7048512], [10.8335181, 52.7037898], [10.8332155, 52.7035811], [10.8328936, 52.703425], [10.833188, 52.7022454], [10.8332731, 52.702048], [10.8332702, 52.7020198], [10.8331098, 52.7018601], [10.8330315, 52.7016963], [10.8330436, 52.7009998], [10.8332187, 52.7002647], [10.8332107, 52.7002234], [10.8328368, 52.6996118], [10.8327747, 52.6994763], [10.832793, 52.6993631], [10.8328456, 52.6992269], [10.8329939, 52.6989413], [10.8347863, 52.6973632], [10.8350738, 52.697324], [10.835731, 52.6973122], [10.8357537, 52.697307], [10.8360563, 52.6971307], [10.8363219, 52.6969724], [10.836565, 52.6968191], [10.8368851, 52.696494], [10.8369719, 52.6961491], [10.8370108, 52.6958657], [10.8375429, 52.6954908], [10.8376015, 52.6954495], [10.8381314, 52.6950862], [10.8383475, 52.6949266], [10.8385635, 52.6947506], [10.8390905, 52.6945872], [10.8395049, 52.6946346], [10.8399187, 52.6946352], [10.8402977, 52.69448], [10.8404738, 52.6943891], [10.8409261, 52.6940253], [10.841349, 52.6937899], [10.8415718, 52.6934115], [10.8417642, 52.6928464], [10.8419213, 52.6923848], [10.8420509, 52.6919489], [10.843025, 52.6911889], [10.8434892, 52.6908146], [10.8428702, 52.6908209], [10.8428621, 52.6907332], [10.8452868, 52.6885449], [10.8452439, 52.6881319], [10.8464938, 52.6866231], [10.8467701, 52.6860232], [10.8485789, 52.6867905], [10.8484197, 52.6872863], [10.8483932, 52.6873789], [10.8483602, 52.6874332], [10.8482846, 52.6874823], [10.8482067, 52.6875113], [10.8479416, 52.6875802], [10.847639, 52.6876605], [10.8475678, 52.6876932], [10.8473554, 52.6878489], [10.8471581, 52.6879916], [10.8467112, 52.688324], [10.846512, 52.6884756], [10.8464016, 52.6885319], [10.8462702, 52.6886219], [10.8462264, 52.6886488], [10.8461977, 52.6886753], [10.8461946, 52.6887076], [10.8462253, 52.6889866], [10.8462689, 52.689366], [10.8462324, 52.6898599], [10.8462133, 52.6900297], [10.8461708, 52.6902379], [10.8461521, 52.6903164], [10.8461065, 52.6903577], [10.8459626, 52.6904191], [10.8456211, 52.6905708], [10.8455511, 52.6905951], [10.8454668, 52.6905985], [10.8451732, 52.6905606], [10.8450057, 52.6906104], [10.8448783, 52.6906515], [10.844691, 52.6906011], [10.8444512, 52.6904594], [10.8440312, 52.6904947], [10.84399, 52.69052], [10.8439475, 52.690653], [10.8439138, 52.6907401], [10.8438863, 52.690773], [10.8437183, 52.6909056], [10.8435954, 52.6910013], [10.8435257, 52.6910569], [10.8433831, 52.6911699], [10.8432056, 52.6913077], [10.8427705, 52.6916511], [10.8425244, 52.6918438], [10.8424369, 52.6919124], [10.8423814, 52.6919616], [10.8423572, 52.6919994], [10.842316, 52.6921273], [10.8422756, 52.6922492], [10.8422087, 52.6924493], [10.8420827, 52.6928362], [10.8420382, 52.6929771], [10.8419809, 52.6931472], [10.8418753, 52.6933375], [10.8417677, 52.6935257], [10.8416629, 52.693715], [10.841523, 52.6939407], [10.8414855, 52.6940039], [10.8413518, 52.6941164], [10.8411546, 52.6941404], [10.8410287, 52.6942315], [10.8409845, 52.6943753], [10.8408488, 52.6944653], [10.8405016, 52.6946158], [10.8404834, 52.6947281], [10.8401356, 52.69486], [10.8397941, 52.6948335], [10.839414, 52.6948051], [10.839196, 52.6947869], [10.839141, 52.6947842], [10.8390879, 52.6947873], [10.8390468, 52.694801], [10.838743, 52.6949105], [10.8386324, 52.6950054], [10.8386075, 52.6950879], [10.8384963, 52.6951799], [10.8383876, 52.6952034], [10.8383193, 52.6952484], [10.8382814, 52.6953764], [10.8381314, 52.6954154], [10.8379328, 52.6955411], [10.8377893, 52.6955854], [10.8377057, 52.6956353], [10.8375371, 52.6957847], [10.8373209, 52.6959816], [10.8373025, 52.6960246], [10.8372895, 52.696263], [10.8373845, 52.6963283], [10.8373332, 52.6965101], [10.8372806, 52.6966913], [10.8372881, 52.696943], [10.8373009, 52.6972175], [10.8369645, 52.6973087], [10.8368564, 52.6973602], [10.8364597, 52.6975374], [10.8362884, 52.6977773], [10.8363928, 52.698095], [10.8363387, 52.6985105], [10.836323, 52.698646], [10.8361942, 52.6988197], [10.8359012, 52.6988954], [10.8355551, 52.6988803], [10.8351938, 52.6988855], [10.8348225, 52.6990001], [10.8345528, 52.6991275], [10.834271, 52.6993657], [10.8340946, 52.6995705], [10.8336159, 52.7000076], [10.8336575, 52.7001022], [10.8336349, 52.7003497], [10.8334488, 52.7005585], [10.8334252, 52.7006974], [10.833376, 52.7008947], [10.8333376, 52.7010345], [10.8333223, 52.7011089], [10.8333038, 52.7013549], [10.833298, 52.7014895], [10.8333126, 52.7016717], [10.8333248, 52.7017453], [10.8333555, 52.7017871], [10.8335358, 52.7019642], [10.8335588, 52.7020032], [10.8335633, 52.7020416], [10.8335601, 52.7020803], [10.8335302, 52.7021839], [10.8334802, 52.7023538], [10.8334218, 52.7025508], [10.8333516, 52.7027905], [10.8332596, 52.7030947], [10.833197, 52.7033062], [10.8331913, 52.7033422], [10.8332092, 52.7033767], [10.833448, 52.7035124], [10.8337422, 52.7037675], [10.8342685, 52.7042312], [10.8347499, 52.704675], [10.8352875, 52.7051767], [10.8356922, 52.7055594], [10.8358228, 52.7056814], [10.8358916, 52.7057607], [10.836137, 52.706156], [10.8363291, 52.7065544], [10.8364622, 52.7068002], [10.8366441, 52.7072149], [10.8365308, 52.707424], [10.8364594, 52.7075077], [10.8362965, 52.7076964], [10.8361337, 52.7080737], [10.8360855, 52.7081867], [10.8359156, 52.7083315], [10.8358857, 52.7084664], [10.8356576, 52.7086127], [10.8354878, 52.7086997], [10.8347532, 52.7090752], [10.834383, 52.7093268], [10.8339804, 52.7096087], [10.8337297, 52.7100121], [10.8336653, 52.7101158], [10.8334655, 52.7105123], [10.8333935, 52.7105918], [10.8332417, 52.7108925], [10.8330495, 52.7112805], [10.8326066, 52.7111512], [10.8322917, 52.7110596], [10.8322737, 52.7111456], [10.8321749, 52.7113155], [10.832019, 52.71151], [10.8318402, 52.7116718], [10.8318415, 52.7117542], [10.8317141, 52.7119364], [10.8315658, 52.7120879], [10.8315621, 52.7121553], [10.8316951, 52.7122412], [10.8316019, 52.7123086], [10.8315644, 52.7124453], [10.8315802, 52.7125422], [10.8316488, 52.7127498], [10.831579, 52.7128712], [10.8311948, 52.7135486], [10.8310054, 52.7138806], [10.8310254, 52.713943], [10.8309856, 52.7141148], [10.8309287, 52.7141756], [10.830818, 52.7141758], [10.8307518, 52.7142163], [10.8307265, 52.7143397], [10.8306223, 52.7144371], [10.8305377, 52.7145829], [10.8305392, 52.7146684], [10.8306417, 52.7148037], [10.8307934, 52.7148746], [10.8308678, 52.7150784], [10.8307065, 52.7151682], [10.8305363, 52.7152713], [10.8303847, 52.7154993], [10.8302294, 52.7157318], [10.8297229, 52.7162309], [10.8292541, 52.7166339], [10.8286839, 52.7169969], [10.8283584, 52.7170891], [10.8279381, 52.7171627], [10.8274901, 52.7172661], [10.8270983, 52.7172775], [10.826158, 52.7173695], [10.8259076, 52.717421], [10.825361, 52.7175648], [10.8249278, 52.7177241], [10.8244964, 52.717839], [10.8241846, 52.7178677], [10.8238916, 52.7178669], [10.8234271, 52.7177788], [10.8229154, 52.717671], [10.8226229, 52.7175544], [10.821837, 52.7172575], [10.8212302, 52.7170019], [10.8205096, 52.7167363], [10.8198152, 52.7164997], [10.8191435, 52.7163121], [10.8182412, 52.7160787], [10.8176321, 52.7159719], [10.8168337, 52.7158474], [10.816189, 52.7157591], [10.81534, 52.7156522], [10.8143806, 52.7155956], [10.8138988, 52.715612], [10.8136476, 52.7155977], [10.8131498, 52.7156221], [10.8128559, 52.7156652], [10.8127709, 52.7156596], [10.8123345, 52.7156135], [10.8120216, 52.7156249], [10.8117585, 52.7156565], [10.8113271, 52.7156666], [10.8106397, 52.7157312], [10.8104753, 52.7157255], [10.8095765, 52.7156227], [10.8091819, 52.7155987], [10.808739, 52.7154599], [10.8085699, 52.7154282], [10.8084323, 52.7153886], [10.807919, 52.7152522], [10.8075935, 52.7151723], [10.8074359, 52.7151435], [10.8070861, 52.7150431], [10.8066529, 52.714947], [10.8065498, 52.7149105], [10.8064236, 52.7148439], [10.8062331, 52.7147035], [10.8058688, 52.7145099], [10.8057819, 52.7144706], [10.8056603, 52.7144306], [10.8055456, 52.7143716], [10.8047672, 52.7140257], [10.8043452, 52.7138769], [10.8039077, 52.7137689], [10.8035603, 52.7136952], [10.8031738, 52.7136229], [10.8023571, 52.7135987], [10.8019151, 52.7137089], [10.8010191, 52.713804], [10.8005879, 52.7138117], [10.8003355, 52.7137752], [10.7996979, 52.7136254], [10.7994402, 52.7135899], [10.7989745, 52.713571], [10.7986993, 52.7135801], [10.7984166, 52.7135919], [10.7982395, 52.7136168], [10.7977505, 52.7137438], [10.7973129, 52.7138673], [10.7969, 52.7139969], [10.7968382, 52.714035], [10.7966659, 52.7142534], [10.7964678, 52.7145541], [10.7963372, 52.7147973], [10.7963138, 52.7149236], [10.7963672, 52.7157217], [10.7964285, 52.7163587], [10.7964431, 52.7164942], [10.7964703, 52.7166967], [10.7964969, 52.7168745], [10.7960351, 52.7172603], [10.7957266, 52.717654], [10.7955826, 52.7178895], [10.795456, 52.7181779], [10.7951537, 52.7188585], [10.7949587, 52.7192762], [10.7948023, 52.7198066]]]}}, {"type": "Feature", "properties": {"name": "LSG Parkgebiet Richmond", "stufe": "mild", "art": "nature_reserve"}, "geometry": {"type": "Polygon", "coordinates": [[[10.5252209, 52.2400915], [10.5250975, 52.2403444], [10.5245771, 52.2411098], [10.5243947, 52.241596], [10.5242338, 52.241977], [10.5241587, 52.2421675], [10.5241104, 52.2422759], [10.5240514, 52.2424007], [10.523928, 52.2425321], [10.5237564, 52.2426767], [10.5235472, 52.2428508], [10.5231073, 52.243373], [10.5230215, 52.2435373], [10.5280258, 52.2443689], [10.5276885, 52.2432515], [10.5274445, 52.2423727], [10.5273253, 52.2413094], [10.527351, 52.2409465], [10.5274247, 52.2408329], [10.5275195, 52.2401018], [10.5275199, 52.240084], [10.5275922, 52.2386001], [10.5275052, 52.2383307], [10.5272619, 52.2381973], [10.5268514, 52.2381321], [10.5264091, 52.2380517], [10.526115, 52.2379135], [10.5258951, 52.2376241], [10.5258163, 52.2379497], [10.5258807, 52.2380285], [10.5258968, 52.2381074], [10.5258914, 52.2382322], [10.525591, 52.2388235], [10.5255749, 52.2389319], [10.5256017, 52.2391487], [10.5256017, 52.2392965], [10.5255427, 52.2395364], [10.5254354, 52.2397564], [10.5252209, 52.2400915]]]}}, {"type": "Feature", "properties": {"name": "Quell- und Durchströmungsmoor mit Kleingewässern bei Dalle", "stufe": "streng", "art": "Naturschutzgebiet"}, "geometry": {"type": "Polygon", "coordinates": [[[10.3079921, 52.7837007], [10.3059161, 52.7833908], [10.3059104, 52.7841062], [10.3058919, 52.7849336], [10.3109854, 52.7857577], [10.3137481, 52.7861794], [10.316382, 52.7868251], [10.3175086, 52.7873734], [10.317176, 52.7875453], [10.3183508, 52.7880449], [10.3203571, 52.7903677], [10.3220898, 52.7898324], [10.3209847, 52.788272], [10.3212637, 52.7881357], [10.3168756, 52.7846838], [10.3165805, 52.7845897], [10.3081745, 52.78324], [10.3079921, 52.7837007]]]}}, {"type": "Feature", "properties": {"name": "Soltauquelle", "stufe": "streng", "art": "Naturschutzgebiet"}, "geometry": {"type": "Polygon", "coordinates": [[[10.8201586, 52.0905979], [10.8203349, 52.0907483], [10.8223848, 52.0901583], [10.8229199, 52.0890916], [10.8228609, 52.0890488], [10.8224639, 52.089282], [10.8224418, 52.0892696], [10.8203128, 52.0904731], [10.820345, 52.0904912], [10.8201586, 52.0905979]]]}}, {"type": "Feature", "properties": {"name": "Oberer Gosebach", "stufe": "streng", "art": "Naturschutzgebiet"}, "geometry": {"type": "Polygon", "coordinates": [[[10.6497305, 52.769602], [10.6498587, 52.769584], [10.6498021, 52.7694978], [10.6496692, 52.7693682], [10.6495665, 52.769382], [10.6486915, 52.7695805], [10.6446779, 52.7710339], [10.6448627, 52.7711144], [10.6423237, 52.7720646], [10.6406061, 52.7726979], [10.6404833, 52.772703], [10.6368319, 52.7720579], [10.6366545, 52.7720568], [10.6347364, 52.7722558], [10.6345719, 52.7722983], [10.6339252, 52.7727477], [10.633855, 52.7727175], [10.6319221, 52.7741294], [10.6300798, 52.7748001], [10.6301167, 52.7748739], [10.6276886, 52.7758006], [10.6239411, 52.777265], [10.618586, 52.7780698], [10.6082786, 52.7795698], [10.6083211, 52.7796738], [10.6108065, 52.7793161], [10.6108859, 52.7793742], [10.6141918, 52.7788913], [10.6141585, 52.7788041], [10.6152118, 52.7786365], [10.6240853, 52.7773376], [10.6321494, 52.7741965], [10.6346689, 52.7723575], [10.636684, 52.7721418], [10.636952, 52.7721429], [10.6405036, 52.7727589], [10.6406717, 52.7727499], [10.6428282, 52.7719785], [10.6454817, 52.7710037], [10.6488245, 52.7697325], [10.6497305, 52.769602]]]}}, {"type": "Feature", "properties": {"name": "ohne Namen", "stufe": "streng", "art": "Kernzone"}, "geometry": {"type": "Polygon", "coordinates": [[[11.1123342, 52.4411514], [11.1120066, 52.4412835], [11.1094035, 52.4423889], [11.108123, 52.4429257], [11.106887, 52.4434325], [11.1039768, 52.444654], [11.1016373, 52.4456308], [11.1004285, 52.446238], [11.1005337, 52.4462532], [11.1009561, 52.4463944], [11.1019695, 52.4467461], [11.1021609, 52.4472869], [11.1026351, 52.4485717], [11.1028584, 52.4492458], [11.1030491, 52.4497891], [11.1032094, 52.4502146], [11.1040987, 52.4500952], [11.1045116, 52.4499647], [11.1045726, 52.4499102], [11.1046985, 52.4498489], [11.106108, 52.4493273], [11.1128306, 52.4468137], [11.113912, 52.4464133], [11.1136489, 52.4454939], [11.1102722, 52.4467246], [11.1101763, 52.4463888], [11.1099011, 52.4454908], [11.1100636, 52.4454329], [11.1111103, 52.4450071], [11.1124495, 52.4444707], [11.1127745, 52.4443443], [11.1119742, 52.4425724], [11.1125274, 52.4423425], [11.1123342, 52.4411514]]]}}, {"type": "Feature", "properties": {"name": "Böckwitz-Jahrstedter Drömling", "stufe": "streng", "art": "Naturschutzgebiet-Kernzone"}, "geometry": {"type": "Polygon", "coordinates": [[[11.0091272, 52.4964236], [11.0085715, 52.4968116], [11.0073023, 52.4977262], [11.0062395, 52.4984843], [11.00587, 52.4987575], [11.0050722, 52.49934], [11.0047354, 52.4995795], [11.0041583, 52.4999984], [11.0033882, 52.5005496], [11.0027914, 52.5009788], [11.0025414, 52.5011606], [11.0017481, 52.5017354], [11.0014809, 52.5019235], [11.0008703, 52.5023711], [10.9996424, 52.5032486], [10.9992712, 52.5035204], [10.9981051, 52.5043611], [10.9971423, 52.5050512], [10.9963085, 52.5056558], [10.9960374, 52.505849], [10.995372, 52.506327], [10.9951286, 52.5065046], [10.9948451, 52.50671], [10.9930388, 52.5080115], [10.9927383, 52.5082262], [10.9918788, 52.5088424], [10.9915654, 52.5090667], [10.9903818, 52.5099214], [10.9897515, 52.510371], [10.989457, 52.5105858], [10.9885505, 52.5112402], [10.9883109, 52.5114165], [10.9865215, 52.5127019], [10.98615, 52.5129694], [10.9852796, 52.5135978], [10.9849913, 52.5138055], [10.9831325, 52.5151364], [10.9828248, 52.5153644], [10.9820121, 52.5159515], [10.9816841, 52.5161869], [10.9809021, 52.5167505], [10.980045, 52.5173627], [10.9798984, 52.5174671], [10.9799586, 52.5175366], [10.979945, 52.5175756], [10.9807494, 52.5179546], [10.9816796, 52.5183791], [10.9822475, 52.5186374], [10.9834516, 52.519197], [10.9849745, 52.5198771], [10.986786, 52.5207014], [10.9873885, 52.5209956], [10.9876829, 52.5208043], [10.9885256, 52.5201965], [10.9895366, 52.5194722], [10.9912639, 52.5182232], [10.9918675, 52.5177986], [10.9923798, 52.5174035], [10.9927337, 52.5175827], [10.9930464, 52.5177456], [10.9946897, 52.5185744], [10.9956188, 52.5190531], [10.9977267, 52.5201242], [10.998386, 52.5205009], [10.9996911, 52.5211507], [11.0005206, 52.520509], [11.0018977, 52.5194675], [11.0028394, 52.5187425], [11.0038787, 52.5179761], [11.0046936, 52.5173595], [11.0047754, 52.5174108], [11.0054353, 52.5169277], [11.0064472, 52.5161527], [11.0071804, 52.5155899], [11.0079355, 52.5150108], [11.0086757, 52.5144285], [11.0093803, 52.5138912], [11.010523, 52.5130104], [11.0120529, 52.5118402], [11.0127123, 52.5113297], [11.0135175, 52.5107147], [11.0139407, 52.5103682], [11.0146604, 52.5098158], [11.0162959, 52.5085589], [11.0164674, 52.5084095], [11.0170214, 52.5068538], [11.01753, 52.5053371], [11.0179202, 52.5042478], [11.0187611, 52.5017952], [11.0191652, 52.500525], [11.0192857, 52.5001923], [11.0197395, 52.4989394], [11.0198455, 52.4986394], [11.0187602, 52.4990264], [11.0179109, 52.4993479], [11.0175625, 52.4994967], [11.0168095, 52.4998359], [11.0165582, 52.4996795], [11.0161671, 52.4994771], [11.0156919, 52.499277], [11.0148009, 52.4988773], [11.0135277, 52.4983174], [11.0123916, 52.4978251], [11.0101779, 52.496871], [11.0091577, 52.4964374], [11.0091272, 52.4964236]]]}}, {"type": "Feature", "properties": {"name": "Bartenslebener Forst", "stufe": "streng", "art": "Naturschutzgebiet"}, "geometry": {"type": "Polygon", "coordinates": [[[11.1237625, 52.2612796], [11.1235441, 52.2612128], [11.1233677, 52.2611037], [11.1230864, 52.2608847], [11.1229319, 52.2607156], [11.122848, 52.2604892], [11.1226655, 52.2600408], [11.1214964, 52.2566388], [11.1203154, 52.2567435], [11.1196231, 52.2568529], [11.1179562, 52.2572275], [11.1172426, 52.2575114], [11.1170648, 52.2576174], [11.1167162, 52.2578383], [11.1162161, 52.2582474], [11.1161317, 52.2584198], [11.116015, 52.2586925], [11.1159109, 52.2591899], [11.1156268, 52.2600107], [11.1136299, 52.2601501], [11.1131281, 52.259879], [11.11284, 52.2597791], [11.1124517, 52.2596959], [11.1120124, 52.259738], [11.1115359, 52.2598311], [11.111209, 52.2599747], [11.1108114, 52.2601727], [11.109998, 52.2605418], [11.1093881, 52.260713], [11.1082158, 52.2609732], [11.1075154, 52.2610028], [11.106979, 52.2610689], [11.1064693, 52.261219], [11.106258, 52.261369], [11.1059899, 52.2613855], [11.1053199, 52.2615203], [11.1050663, 52.2614959], [11.1050041, 52.2616544], [11.1050286, 52.261895], [11.1051381, 52.2620711], [11.1055057, 52.2623626], [11.105963, 52.2626823], [11.1064199, 52.2629717], [11.1074238, 52.2635595], [11.1077193, 52.2636819], [11.108082, 52.2637656], [11.1105888, 52.2643945], [11.1125203, 52.2648854], [11.1152219, 52.265619], [11.1154169, 52.2657789], [11.1156611, 52.2659565], [11.1159127, 52.2661937], [11.1161387, 52.2664774], [11.1162972, 52.2666988], [11.1165288, 52.2672111], [11.1167111, 52.2675978], [11.1168657, 52.267854], [11.1169505, 52.268172], [11.1169979, 52.2684857], [11.1169971, 52.2688222], [11.117019, 52.2692183], [11.1170337, 52.269633], [11.1170356, 52.2698802], [11.1230543, 52.2699453], [11.1223565, 52.2725542], [11.1238076, 52.2718208], [11.1240548, 52.2716108], [11.12438, 52.2713942], [11.1247313, 52.2711968], [11.1250899, 52.2710079], [11.1255511, 52.2708777], [11.1267264, 52.2705022], [11.1274596, 52.2702284], [11.1281843, 52.2699973], [11.129019, 52.2696603], [11.1304887, 52.269137], [11.1311174, 52.2688484], [11.1315919, 52.2686491], [11.1319064, 52.2684144], [11.1325978, 52.2678432], [11.1333152, 52.2672738], [11.1335027, 52.2670724], [11.1336213, 52.2669273], [11.1336928, 52.2664048], [11.1336819, 52.2660717], [11.1337743, 52.265796], [11.134365, 52.2653858], [11.135676, 52.2644405], [11.1372549, 52.263345], [11.1376908, 52.2630336], [11.1378473, 52.2628707], [11.1378403, 52.2626881], [11.1376096, 52.2621905], [11.1374591, 52.2619287], [11.1374424, 52.2616792], [11.137613, 52.2613772], [11.1381561, 52.2609368], [11.1387646, 52.2605745], [11.1391079, 52.2603838], [11.1328188, 52.2565024], [11.1239575, 52.2613726], [11.1237625, 52.2612796]]]}}, {"type": "Feature", "properties": {"name": "Rehm", "stufe": "streng", "art": "Naturschutzgebiet"}, "geometry": {"type": "Polygon", "coordinates": [[[11.097172, 52.2909682], [11.096581, 52.2901638], [11.0968383, 52.2892216], [11.0916753, 52.2886832], [11.0908389, 52.2885986], [11.0907882, 52.289265], [11.0903146, 52.2892917], [11.0896696, 52.2893187], [11.0888299, 52.2892825], [11.0879419, 52.2892576], [11.086502, 52.2893032], [11.0843526, 52.2901707], [11.0836301, 52.2909616], [11.0828447, 52.2918003], [11.0846225, 52.2947214], [11.0849679, 52.2952538], [11.0852763, 52.2956482], [11.0855929, 52.2960248], [11.0857629, 52.2962008], [11.085897, 52.2963147], [11.0871582, 52.2966469], [11.0884366, 52.2970067], [11.0892075, 52.2971396], [11.0897545, 52.295821], [11.093973, 52.2964388], [11.0967769, 52.2962766], [11.0970908, 52.2956415], [11.0972681, 52.2951884], [11.0974294, 52.2941679], [11.097906, 52.292082], [11.097172, 52.2909682]]]}}, {"type": "Feature", "properties": {"name": "Beetzendorfer Bruchwald und Tangelnscher Bach", "stufe": "streng", "art": "Naturschutzgebiet"}, "geometry": {"type": "Polygon", "coordinates": [[[11.0600472, 52.6916552], [11.0583526, 52.6908037], [11.0580644, 52.6908582], [11.0571481, 52.6899466], [11.0569802, 52.6898245], [11.0567712, 52.6897027], [11.0565332, 52.6895474], [11.056257, 52.6894149], [11.055932, 52.6892674], [11.0557831, 52.6891438], [11.0556285, 52.6889836], [11.0554578, 52.6887542], [11.0554242, 52.6885754], [11.0554416, 52.6884312], [11.0558215, 52.6884331], [11.0561433, 52.6883856], [11.056634, 52.6882609], [11.05754, 52.6881019], [11.0580561, 52.6880852], [11.0583414, 52.6883598], [11.059387, 52.6881115], [11.059459, 52.6877492], [11.059861, 52.6876687], [11.0604866, 52.6875653], [11.0598942, 52.6868939], [11.0597315, 52.68666], [11.0596118, 52.6865507], [11.0594929, 52.6864318], [11.0592836, 52.6863184], [11.0590421, 52.6862462], [11.0580543, 52.6863856], [11.0572898, 52.6860481], [11.0557521, 52.6865515], [11.054997, 52.6864404], [11.0544905, 52.6871048], [11.0544102, 52.6871423], [11.05197, 52.687807], [11.0505094, 52.688776], [11.048486, 52.689459], [11.0481169, 52.6887731], [11.0478487, 52.6887136], [11.0474865, 52.6884726], [11.0472866, 52.688485], [11.0470875, 52.6884817], [11.0470057, 52.6883772], [11.0469398, 52.688239], [11.0468282, 52.688123], [11.0465294, 52.6878982], [11.0411155, 52.6908448], [11.0412442, 52.6911744], [11.0413991, 52.691424], [11.0415925, 52.691562], [11.0418159, 52.6917053], [11.0424399, 52.6919789], [11.0427108, 52.6919743], [11.042936, 52.691989], [11.0432976, 52.6920661], [11.0436701, 52.6921545], [11.0439216, 52.6922548], [11.0439553, 52.6923444], [11.0436485, 52.692994], [11.0436419, 52.6931495], [11.0437056, 52.6932371], [11.0438609, 52.6933838], [11.0441624, 52.6936339], [11.0445638, 52.6938371], [11.0450804, 52.6940744], [11.0457208, 52.694403], [11.045913, 52.6940468], [11.0483354, 52.6943269], [11.0490361, 52.694565], [11.0487466, 52.6953383], [11.049454, 52.6955193], [11.0495894, 52.6956928], [11.0496965, 52.6957431], [11.0499085, 52.6957897], [11.0497716, 52.6961789], [11.0507567, 52.6963666], [11.0505582, 52.6969514], [11.0528224, 52.697416], [11.0529696, 52.6974918], [11.0530942, 52.6977366], [11.0532837, 52.6979729], [11.0535037, 52.6981021], [11.0538119, 52.6981945], [11.0540809, 52.6982399], [11.0548348, 52.6983071], [11.0552113, 52.698382], [11.055931, 52.6985332], [11.0566506, 52.6987765], [11.056942, 52.6989181], [11.0572683, 52.6990291], [11.057571, 52.6991618], [11.0578801, 52.6993204], [11.0582432, 52.6995479], [11.0584993, 52.6998061], [11.0581839, 52.6988218], [11.0585858, 52.6985767], [11.0587518, 52.6985724], [11.0589555, 52.69856], [11.0591184, 52.6985304], [11.0593311, 52.698486], [11.0594582, 52.6984219], [11.0596401, 52.6983037], [11.0599944, 52.698229], [11.0602239, 52.6983488], [11.0603988, 52.6984058], [11.0646106, 52.6986564], [11.0648884, 52.6986805], [11.0651329, 52.698683], [11.0655673, 52.6987297], [11.0656821, 52.6987901], [11.0658231, 52.6988541], [11.0659739, 52.6988486], [11.06622, 52.6989044], [11.0665396, 52.6990271], [11.0667594, 52.699103], [11.0671308, 52.6991374], [11.0674398, 52.6991089], [11.0676207, 52.6981454], [11.0685505, 52.6983538], [11.0703557, 52.6978703], [11.0702555, 52.6977151], [11.0701729, 52.697469], [11.0701522, 52.697288], [11.0701146, 52.6971635], [11.0714853, 52.6971153], [11.0712391, 52.6963214], [11.0710481, 52.6963031], [11.0710175, 52.6951082], [11.0702793, 52.6951546], [11.070273, 52.6948636], [11.0680083, 52.6950048], [11.0677491, 52.6949994], [11.0674954, 52.6949323], [11.0660417, 52.6946496], [11.0661953, 52.6937117], [11.0661542, 52.6935805], [11.0656139, 52.6932965], [11.0652834, 52.693167], [11.0637404, 52.6938024], [11.0600472, 52.6916552]]]}}, {"type": "Feature", "properties": {"name": "Velpker Schweiz", "stufe": "mild", "art": ""}, "geometry": {"type": "Polygon", "coordinates": [[[10.9289704, 52.4119082], [10.9269542, 52.4119199], [10.9256837, 52.4095238], [10.9210274, 52.409694], [10.9193537, 52.4096547], [10.9179483, 52.4093275], [10.9129158, 52.4096801], [10.9126252, 52.4122999], [10.9131632, 52.4164018], [10.9145746, 52.4167961], [10.91844, 52.4164836], [10.9227263, 52.4178145], [10.9259846, 52.4182163], [10.9284424, 52.4194633], [10.9315266, 52.4210281], [10.9319457, 52.4221358], [10.9311074, 52.4235274], [10.9293053, 52.4239047], [10.9298612, 52.4252793], [10.9309887, 52.4261636], [10.9352402, 52.426737], [10.9398738, 52.4213263], [10.9392689, 52.4194449], [10.934669, 52.4199005], [10.9321599, 52.419636], [10.9304829, 52.4195198], [10.9232148, 52.4172962], [10.9247468, 52.4160553], [10.9248558, 52.415967], [10.926459, 52.4138173], [10.9266703, 52.4135825], [10.9289704, 52.4119082]]]}}, {"type": "Feature", "properties": {"name": "LSG Timmerlaher Busch - Gleidinger Holz und angrenzende Landschaftsteile", "stufe": "mild", "art": "nature_reserve"}, "geometry": {"type": "Polygon", "coordinates": [[[10.4370595, 52.2540585], [10.4369236, 52.2539367], [10.4365075, 52.2535203], [10.4363677, 52.2533251], [10.4362382, 52.2530058], [10.435681, 52.2513322], [10.4355641, 52.2509294], [10.4355136, 52.2506765], [10.4354807, 52.2504826], [10.4354264, 52.2498301], [10.4354013, 52.2495914], [10.4354287, 52.2494028], [10.435624, 52.2489637], [10.434882, 52.2488688], [10.4348005, 52.2480769], [10.4347799, 52.2480009], [10.4349901, 52.2479395], [10.4384473, 52.2472322], [10.4385526, 52.2471811], [10.4486856, 52.2449948], [10.4540597, 52.2449733], [10.4542207, 52.2449601], [10.4551407, 52.2449552], [10.4659923, 52.2448327], [10.4654843, 52.2432903], [10.4679645, 52.2434388], [10.470433, 52.2434926], [10.4677296, 52.2470453], [10.4655203, 52.2464516], [10.4653391, 52.2466799], [10.4649082, 52.2473948], [10.4633211, 52.2495258], [10.4655059, 52.2499672], [10.4650728, 52.2505363], [10.4640059, 52.2507898], [10.4621667, 52.2510367], [10.4582043, 52.254396], [10.4548217, 52.2568478], [10.4543898, 52.257637], [10.4536415, 52.2570722], [10.4484384, 52.2566477], [10.4471526, 52.256733], [10.4471158, 52.256785], [10.4440893, 52.2571492], [10.4450154, 52.2556807], [10.438094, 52.2554892], [10.438034, 52.2544638], [10.4380141, 52.2544273], [10.4379538, 52.2544087], [10.4373336, 52.2542031], [10.4370595, 52.2540585]]]}}, {"type": "Feature", "properties": {"name": "ohne Namen", "stufe": "mild", "art": ""}, "geometry": {"type": "Polygon", "coordinates": [[[10.5414391, 52.3338385], [10.5416179, 52.3338405], [10.5422167, 52.3341882], [10.5425834, 52.3332806], [10.5430524, 52.3321232], [10.542943, 52.3319962], [10.5421723, 52.331856], [10.5421284, 52.332001], [10.5421086, 52.3320552], [10.5422826, 52.3322448], [10.5422567, 52.3324298], [10.5420269, 52.332736], [10.5415679, 52.3332248], [10.5415249, 52.3333717], [10.5416108, 52.3335028], [10.5416108, 52.3337021], [10.5414391, 52.3338385]]]}}, {"type": "Feature", "properties": {"name": "ohne Namen", "stufe": "streng", "art": "nature_reserve"}, "geometry": {"type": "Polygon", "coordinates": [[[10.6251377, 52.2945033], [10.6253426, 52.2945229], [10.6260733, 52.2945926], [10.6262793, 52.2939469], [10.6253437, 52.2938367], [10.6251377, 52.2945033]]]}}, {"type": "Feature", "properties": {"name": "Hohnstedter Holz", "stufe": "streng", "art": "Naturschutzgebiet"}, "geometry": {"type": "Polygon", "coordinates": [[[10.7127334, 52.3848298], [10.7122478, 52.3843575], [10.7145257, 52.3826813], [10.7147732, 52.3827657], [10.7241414, 52.384362], [10.7241687, 52.3844454], [10.7246424, 52.3851082], [10.7247501, 52.3855247], [10.7243475, 52.3856873], [10.7245027, 52.3862899], [10.7253653, 52.3860874], [10.7263067, 52.3859057], [10.726389, 52.3860372], [10.7263904, 52.3874969], [10.7263939, 52.3876393], [10.7264771, 52.3877117], [10.7275484, 52.3882778], [10.7277294, 52.3883362], [10.727826, 52.3883395], [10.7279722, 52.3883171], [10.7283316, 52.3880093], [10.7291952, 52.3876165], [10.7295639, 52.3875293], [10.7297516, 52.3874309], [10.7301661, 52.3873244], [10.7303519, 52.3871791], [10.7300286, 52.386322], [10.7295361, 52.3864946], [10.7293645, 52.385999], [10.7284257, 52.3860481], [10.7282111, 52.3847679], [10.7277574, 52.3847476], [10.7274349, 52.3846926], [10.7270186, 52.3845057], [10.7269323, 52.3844067], [10.7270329, 52.3843523], [10.7269086, 52.3842218], [10.7266425, 52.3838569], [10.7262155, 52.3831913], [10.7269172, 52.380308], [10.7263217, 52.3792985], [10.7262735, 52.3794171], [10.7261931, 52.3795671], [10.7261656, 52.3796215], [10.7260464, 52.3798943], [10.7258857, 52.3800662], [10.7256754, 52.3802206], [10.7254274, 52.3803303], [10.725091, 52.3804203], [10.7247495, 52.3813615], [10.724551, 52.3816863], [10.7239763, 52.3813321], [10.7232615, 52.381145], [10.7232596, 52.3808811], [10.7220841, 52.3807863], [10.7218882, 52.380681], [10.7218788, 52.3805557], [10.7219964, 52.3803622], [10.7223403, 52.3792858], [10.7216304, 52.3789395], [10.7219689, 52.3788498], [10.7213023, 52.3781783], [10.7207841, 52.3783009], [10.720629, 52.378363], [10.7205503, 52.3783161], [10.7202248, 52.377659], [10.7202557, 52.3775919], [10.7202085, 52.3774654], [10.7202461, 52.3771576], [10.7202461, 52.3768956], [10.7202407, 52.3766959], [10.7198276, 52.3757134], [10.7196882, 52.3754121], [10.7195433, 52.3751927], [10.7185509, 52.3738762], [10.7182773, 52.3735094], [10.7181108, 52.3732515], [10.7179383, 52.3730543], [10.7175386, 52.3728318], [10.7184313, 52.3719411], [10.7160135, 52.3710072], [10.7154064, 52.3719753], [10.7144243, 52.3713225], [10.7137322, 52.371265], [10.7129825, 52.3712178], [10.7119546, 52.3711845], [10.7117079, 52.3713948], [10.7103589, 52.3713755], [10.7094473, 52.3713196], [10.7088441, 52.3714025], [10.7082612, 52.3715935], [10.7077563, 52.3715975], [10.7076386, 52.3713405], [10.7068447, 52.3714785], [10.7063375, 52.3714785], [10.7056986, 52.3715555], [10.7043835, 52.3716967], [10.7044987, 52.3719373], [10.7016942, 52.3722384], [10.7014409, 52.3720133], [10.7006605, 52.3722047], [10.7005514, 52.3721994], [10.7003435, 52.3722725], [10.7002224, 52.3723143], [10.6999725, 52.3723617], [10.6986468, 52.373004], [10.6971576, 52.3738145], [10.6966615, 52.3739968], [10.696399, 52.3739511], [10.6962654, 52.3737225], [10.6967639, 52.3728293], [10.6967604, 52.3726137], [10.6967042, 52.3724415], [10.69653, 52.3723443], [10.696412, 52.3723183], [10.6959964, 52.3723708], [10.6957925, 52.3725251], [10.6954055, 52.3737051], [10.6949995, 52.3740717], [10.6952779, 52.3741225], [10.6957782, 52.3742135], [10.6960921, 52.3742372], [10.6967715, 52.3744101], [10.6966004, 52.3746991], [10.6964229, 52.3747836], [10.6960667, 52.3747767], [10.6956831, 52.375088], [10.6952985, 52.3753794], [10.6943473, 52.3756479], [10.6939203, 52.3758509], [10.6933174, 52.3759229], [10.6931074, 52.3759339], [10.6924449, 52.3760904], [10.6914517, 52.3762698], [10.6915312, 52.3767089], [10.6915347, 52.3774487], [10.6916336, 52.3778417], [10.6912827, 52.3781638], [10.6918484, 52.3783042], [10.6915748, 52.3786269], [10.6915284, 52.3789008], [10.6914941, 52.3789591], [10.691269, 52.3800183], [10.6912742, 52.3800953], [10.6913332, 52.3801641], [10.6915173, 52.3803399], [10.6915936, 52.3804124], [10.6919684, 52.3807688], [10.6923739, 52.3811563], [10.6926153, 52.3813757], [10.692717, 52.3815063], [10.6930659, 52.3822401], [10.6931303, 52.3823776], [10.6932704, 52.3825991], [10.6932974, 52.3826712], [10.6936937, 52.3836879], [10.6938731, 52.3838523], [10.695189, 52.3848628], [10.6953965, 52.3852917], [10.6961874, 52.38536], [10.6964134, 52.3855244], [10.6966925, 52.3853965], [10.6970948, 52.3853638], [10.6974328, 52.3852099], [10.6969821, 52.3851019], [10.696848, 52.3850135], [10.6974998, 52.384781], [10.6978678, 52.3844154], [10.6980992, 52.3842695], [10.6983893, 52.3843726], [10.6987041, 52.3841491], [10.6991816, 52.3839101], [10.6993983, 52.3837197], [10.6998345, 52.3836849], [10.7004434, 52.3835078], [10.7005695, 52.3833498], [10.7022492, 52.3825506], [10.7032156, 52.3829179], [10.7045211, 52.3824474], [10.7063055, 52.3848792], [10.7067776, 52.3853016], [10.7070962, 52.3853405], [10.7070994, 52.3853409], [10.7081094, 52.3852813], [10.7085722, 52.3851864], [10.7088453, 52.3850984], [10.7091678, 52.3850475], [10.709695, 52.3851933], [10.7098541, 52.3853982], [10.7100123, 52.3854571], [10.7100956, 52.3856026], [10.7105308, 52.3858462], [10.7106558, 52.3859074], [10.7107524, 52.3859401], [10.7113025, 52.385912], [10.7115187, 52.3858981], [10.7116077, 52.3858929], [10.7118344, 52.385801], [10.7121872, 52.3855452], [10.7122037, 52.3849283], [10.7124451, 52.3848301], [10.7127334, 52.3848298]]]}}, {"type": "Feature", "properties": {"name": "Südheide im Gebiet der Stadt Celle", "stufe": "mild", "art": ""}, "geometry": {"type": "Polygon", "coordinates": [[[10.1610633, 52.7163239], [10.1641035, 52.7153256], [10.1638574, 52.7125123], [10.1750142, 52.7100913], [10.1739576, 52.7079021], [10.1716886, 52.7053727], [10.1718381, 52.7034392], [10.1718961, 52.7029756], [10.1730246, 52.7003694], [10.1735487, 52.6987984], [10.1695392, 52.6968382], [10.1690475, 52.6968965], [10.1702259, 52.6960476], [10.1709668, 52.6954743], [10.1695632, 52.6948031], [10.1682828, 52.6941568], [10.1722806, 52.6915727], [10.172403, 52.6914652], [10.1728339, 52.6913917], [10.1763117, 52.6912974], [10.1789289, 52.6837684], [10.1766803, 52.6824737], [10.1759982, 52.6843605], [10.1759668, 52.684439], [10.1702914, 52.6839169], [10.1698686, 52.6839605], [10.1698113, 52.6847838], [10.1665877, 52.6845214], [10.1670824, 52.686117], [10.1671141, 52.6861983], [10.1680888, 52.6871325], [10.1685361, 52.687574], [10.1683694, 52.6876264], [10.1656344, 52.6886965], [10.1589733, 52.6911642], [10.1584869, 52.6913595], [10.1596575, 52.6925545], [10.1595134, 52.6926967], [10.1589876, 52.6930939], [10.157455, 52.6940282], [10.1535577, 52.6916258], [10.1522039, 52.6923894], [10.1517113, 52.6919889], [10.1507282, 52.6925211], [10.1509817, 52.6927347], [10.1486444, 52.6941625], [10.1523911, 52.6964083], [10.1515784, 52.6975995], [10.1493043, 52.6987041], [10.1487232, 52.7001787], [10.1487524, 52.7026591], [10.1488186, 52.7027893], [10.1489417, 52.7030313], [10.1494029, 52.7047833], [10.1498865, 52.7056599], [10.1502147, 52.7062547], [10.1525074, 52.7076209], [10.1567898, 52.7068855], [10.1610633, 52.7163239]]]}}, {"type": "Feature", "properties": {"name": "Thuner Sundern", "stufe": "streng", "art": "Naturschutzgebiet"}, "geometry": {"type": "Polygon", "coordinates": [[[10.5127881, 52.3569831], [10.5143369, 52.3571091], [10.5145769, 52.3570941], [10.5146608, 52.3567311], [10.5147068, 52.3563951], [10.5151148, 52.3564491], [10.5156267, 52.3564791], [10.5156397, 52.3567271], [10.5156467, 52.3568651], [10.5184283, 52.3568801], [10.5192251, 52.3569521], [10.520347, 52.3573261], [10.5216408, 52.3573831], [10.5221097, 52.3570481], [10.5224027, 52.3565942], [10.5234465, 52.3543624], [10.5248543, 52.3527866], [10.5258272, 52.3516957], [10.5259892, 52.3515847], [10.5246548, 52.3513464], [10.5243015, 52.3517975], [10.5223381, 52.3510963], [10.5197746, 52.3509472], [10.5153447, 52.3500747], [10.5151009, 52.3514784], [10.5149068, 52.3526321], [10.5148078, 52.3529764], [10.5124724, 52.3569694], [10.5127881, 52.3569831]]]}}, {"type": "Feature", "properties": {"name": "ohne Namen", "stufe": "mild", "art": "Naturdenkmal Ziegeleiteich"}, "geometry": {"type": "Polygon", "coordinates": [[[10.564056, 52.3010535], [10.564624, 52.3010137], [10.5652286, 52.3006303], [10.5658955, 52.3004885], [10.5658977, 52.2999814], [10.5654018, 52.2996139], [10.5645936, 52.2997895], [10.5641459, 52.2999475], [10.563566, 52.3000722], [10.5630568, 52.3002149], [10.5630179, 52.3005301], [10.5633527, 52.3008082], [10.564056, 52.3010535]]]}}, {"type": "Feature", "properties": {"name": "ohne Namen", "stufe": "mild", "art": ""}, "geometry": {"type": "Polygon", "coordinates": [[[10.6206127, 52.4618506], [10.6199091, 52.4600767], [10.6197241, 52.4598979], [10.6195129, 52.4594544], [10.6188825, 52.459533], [10.6171356, 52.4592413], [10.6150735, 52.4589226], [10.6146226, 52.4588581], [10.6137484, 52.4587474], [10.6128651, 52.4586341], [10.6119045, 52.4585081], [10.611943, 52.4584431], [10.6115126, 52.4583779], [10.6114399, 52.4584637], [10.6113425, 52.4584474], [10.6111098, 52.4584082], [10.6104211, 52.4592004], [10.6096789, 52.4599602], [10.6095901, 52.4600514], [10.6078833, 52.4619232], [10.6141309, 52.462304], [10.6201665, 52.4625503], [10.6205295, 52.4621604], [10.6206127, 52.4618506]]]}}, {"type": "Feature", "properties": {"name": "Lengeder Teiche", "stufe": "streng", "art": "Naturschutzgebiet"}, "geometry": {"type": "Polygon", "coordinates": [[[10.3087175, 52.1986264], [10.3089255, 52.1984798], [10.3092405, 52.1982027], [10.3096142, 52.1979459], [10.3102334, 52.1974923], [10.3107168, 52.1971505], [10.311235, 52.1967183], [10.3119633, 52.1960241], [10.3126229, 52.1954869], [10.3126188, 52.1954371], [10.3125379, 52.195396], [10.3121867, 52.1953812], [10.3115829, 52.1953754], [10.3104805, 52.1953249], [10.3096883, 52.1952934], [10.3085817, 52.1952871], [10.307914, 52.1953279], [10.3071056, 52.1954065], [10.3063328, 52.1955069], [10.305176, 52.1956815], [10.3031246, 52.1960936], [10.3007909, 52.1966404], [10.3004415, 52.1966976], [10.2997, 52.1968832], [10.29951, 52.1969664], [10.2993636, 52.1971513], [10.2992468, 52.1972641], [10.2991607, 52.197531], [10.2990284, 52.1980269], [10.2989691, 52.198312], [10.2988711, 52.1984552], [10.2986639, 52.1986065], [10.2963087, 52.1999862], [10.2958927, 52.2002651], [10.2955579, 52.2009345], [10.2936823, 52.2028007], [10.2937037, 52.2028514], [10.2963683, 52.2035687], [10.2974308, 52.2038547], [10.2979544, 52.2039794], [10.2992213, 52.2043013], [10.2994757, 52.2043485], [10.299517, 52.2043507], [10.2996564, 52.2043095], [10.2997355, 52.2041586], [10.3001119, 52.2037436], [10.3009518, 52.2029449], [10.3014791, 52.2024435], [10.3019109, 52.2020328], [10.3020585, 52.2018924], [10.3022365, 52.201788], [10.3027075, 52.201613], [10.3056712, 52.2004531], [10.306019, 52.2002984], [10.3067983, 52.1998054], [10.3077873, 52.1992183], [10.3082504, 52.1989236], [10.3087175, 52.1986264]]]}}, {"type": "Feature", "properties": {"name": "Lengeder Teiche", "stufe": "streng", "art": "Naturschutzgebiet"}, "geometry": {"type": "Polygon", "coordinates": [[[10.3143214, 52.1989414], [10.3143677, 52.1989023], [10.3144693, 52.1989058], [10.3152088, 52.1991019], [10.316037, 52.1982184], [10.3156354, 52.1970324], [10.315173, 52.1964993], [10.3153995, 52.1962234], [10.3147778, 52.1960048], [10.3129335, 52.1953692], [10.3127883, 52.1956063], [10.3121511, 52.1960973], [10.3111308, 52.1970343], [10.310615, 52.1975117], [10.3101437, 52.197838], [10.3097991, 52.19807], [10.3095355, 52.1982873], [10.3093023, 52.1985294], [10.3092733, 52.1986473], [10.3093305, 52.1987964], [10.3094566, 52.1989447], [10.3097708, 52.1991651], [10.3101158, 52.199365], [10.3108715, 52.1997612], [10.3113605, 52.2000042], [10.3117203, 52.2001181], [10.312031, 52.2003447], [10.3124103, 52.2007171], [10.3129406, 52.2008897], [10.313489, 52.2010683], [10.3150443, 52.1993137], [10.3146571, 52.1991588], [10.3143612, 52.1990345], [10.314317, 52.1989958], [10.3143214, 52.1989414]]]}}, {"type": "Feature", "properties": {"name": "Lengeder Teiche", "stufe": "streng", "art": "Naturschutzgebiet"}, "geometry": {"type": "Polygon", "coordinates": [[[10.3476958, 52.2108045], [10.3472721, 52.2090526], [10.347149, 52.2084163], [10.3471093, 52.208287], [10.3468834, 52.2080971], [10.3464617, 52.2079016], [10.3462052, 52.2078179], [10.3458055, 52.2077517], [10.3408962, 52.2071967], [10.3380142, 52.2068334], [10.3375529, 52.2066107], [10.3355302, 52.2058972], [10.3353239, 52.2059519], [10.3315579, 52.2047281], [10.3308813, 52.2047113], [10.3304001, 52.2047745], [10.3300305, 52.204844], [10.3297237, 52.2049956], [10.3294098, 52.2052537], [10.3285782, 52.2065536], [10.3286258, 52.2068764], [10.3287813, 52.2071423], [10.3289943, 52.2073761], [10.3292901, 52.2075575], [10.3297552, 52.2077621], [10.3305861, 52.2080802], [10.3322191, 52.2087073], [10.3322643, 52.2087663], [10.3323317, 52.208822], [10.3324464, 52.2088693], [10.332661, 52.2089447], [10.3329565, 52.209002], [10.3333427, 52.2090193], [10.3330794, 52.209373], [10.332424, 52.2101889], [10.3345415, 52.2109912], [10.3345528, 52.2110247], [10.336741, 52.2118724], [10.3378462, 52.2122974], [10.338847, 52.2126826], [10.3391416, 52.2125363], [10.3394722, 52.2115468], [10.3398736, 52.2110974], [10.3400014, 52.2110947], [10.3402493, 52.2111723], [10.3406228, 52.2114561], [10.3409001, 52.2116235], [10.3440881, 52.2124983], [10.3454211, 52.2128641], [10.3456151, 52.2129535], [10.3458145, 52.2130971], [10.3459643, 52.2132166], [10.3462085, 52.2133409], [10.346665, 52.2135952], [10.3470698, 52.2138207], [10.3474895, 52.214021], [10.3477741, 52.2141251], [10.3479577, 52.2141373], [10.3481395, 52.2141207], [10.3482156, 52.2140716], [10.3482657, 52.2139128], [10.348277, 52.2136633], [10.3481966, 52.2133601], [10.3479188, 52.2121103], [10.3479487, 52.2119389], [10.3479288, 52.2117519], [10.3476958, 52.2108045]]]}}, {"type": "Feature", "properties": {"name": "Gutspark Destedt", "stufe": "mild", "art": "Landschaftsschutzgebiet"}, "geometry": {"type": "Polygon", "coordinates": [[[10.7136339, 52.2406272], [10.7131021, 52.240585], [10.7130873, 52.240661], [10.7128629, 52.2407097], [10.7126501, 52.240518], [10.7119256, 52.2404162], [10.7118477, 52.2397593], [10.7136339, 52.2406272]]]}}, {"type": "Feature", "properties": {"name": "Gutspark Destedt", "stufe": "mild", "art": "Landschaftsschutzgebiet"}, "geometry": {"type": "Polygon", "coordinates": [[[10.7118477, 52.2397593], [10.7100292, 52.2397391], [10.7100231, 52.2397997], [10.7098442, 52.2399099], [10.7092677, 52.2401234], [10.7072369, 52.2409034], [10.7118477, 52.2397593]]]}}, {"type": "Feature", "properties": {"name": "Gutspark Destedt", "stufe": "mild", "art": "Landschaftsschutzgebiet"}, "geometry": {"type": "Polygon", "coordinates": [[[10.7085457, 52.2420118], [10.7086437, 52.2419863], [10.7093107, 52.2420311], [10.709465, 52.2420358], [10.7096254, 52.2420115], [10.7097804, 52.2419774], [10.7099995, 52.2418885], [10.7101033, 52.2418642], [10.710709, 52.2418826], [10.7108088, 52.2418696], [10.710959, 52.2418269], [10.7111212, 52.2418589], [10.7113133, 52.2418798], [10.7117655, 52.2418892], [10.7128856, 52.2419121], [10.7129733, 52.2419057], [10.7130948, 52.2418924], [10.7085457, 52.2420118]]]}}, {"type": "Feature", "properties": {"name": "Gutspark Destedt", "stufe": "mild", "art": "Landschaftsschutzgebiet"}, "geometry": {"type": "Polygon", "coordinates": [[[10.7136339, 52.2406272], [10.713658, 52.2406718], [10.713944, 52.241266], [10.7130948, 52.2418924], [10.7136339, 52.2406272]]]}}, {"type": "Feature", "properties": {"name": "Naturpark Elm-Lappwald", "stufe": "mild", "art": "Naturpark"}, "geometry": {"type": "Polygon", "coordinates": [[[10.8777268, 52.3181123], [10.8755816, 52.3178803], [10.8737535, 52.3186673], [10.8690156, 52.3195697], [10.8613938, 52.3195697], [10.8615676, 52.3182409], [10.8616513, 52.3173976], [10.8584756, 52.3171301], [10.8551797, 52.3154511], [10.8540014, 52.3152116], [10.850459, 52.3147008], [10.844983, 52.3135359], [10.8371467, 52.3122241], [10.8344687, 52.3125652], [10.8301343, 52.3130112], [10.8250703, 52.3140868], [10.8182897, 52.3148739], [10.8103246, 52.3157449], [10.8064792, 52.3155561], [10.8067712, 52.3135516], [10.8047971, 52.3134887], [10.7999047, 52.3139294], [10.7927995, 52.3144482], [10.7856583, 52.3166887], [10.7805085, 52.3132099], [10.7780623, 52.3130682], [10.7742429, 52.3112789], [10.7659774, 52.3075215], [10.7589993, 52.3041628], [10.7466054, 52.3023311], [10.7429747, 52.3010347], [10.7414298, 52.3000112], [10.7356191, 52.2957595], [10.7286839, 52.2967043], [10.7253685, 52.2964867], [10.7250896, 52.2964671], [10.7232269, 52.2963426], [10.7227994, 52.2962959], [10.7227545, 52.2962467], [10.7226786, 52.2962142], [10.7231736, 52.2938172], [10.7234311, 52.2801086], [10.7199378, 52.2759232], [10.7193799, 52.2733394], [10.7192941, 52.2724885], [10.7190194, 52.2719318], [10.7185902, 52.2718583], [10.7155776, 52.2721577], [10.7106595, 52.2724098], [10.7088227, 52.2658022], [10.7083936, 52.2637903], [10.7079387, 52.2622406], [10.7066512, 52.2606751], [10.7044454, 52.2587996], [10.7017331, 52.2566193], [10.6990037, 52.2552427], [10.6870635, 52.2536781], [10.680197, 52.2530476], [10.6720431, 52.2521543], [10.672086, 52.250867], [10.672086, 52.2471886], [10.6717867, 52.2441633], [10.6692547, 52.2354647], [10.6691259, 52.2343872], [10.670628, 52.2299451], [10.670628, 52.2250032], [10.6709284, 52.2166427], [10.6722588, 52.206019], [10.6733316, 52.1874476], [10.6734175, 52.1858163], [10.6727737, 52.1823957], [10.6700272, 52.175501], [10.6754345, 52.174343], [10.6837601, 52.1719217], [10.6861633, 52.1716322], [10.6912703, 52.171369], [10.6916994, 52.1678683], [10.6917423, 52.1656835], [10.6913132, 52.16313], [10.7031149, 52.1623666], [10.7028574, 52.1588915], [10.7027716, 52.1569169], [10.7019133, 52.1523092], [10.6983942, 52.1463052], [10.6941027, 52.1407219], [10.6892532, 52.1340051], [10.691914, 52.13361], [10.6938881, 52.1332412], [10.6968922, 52.1334256], [10.7022137, 52.1329251], [10.7058186, 52.1327144], [10.7122559, 52.1330041], [10.7189507, 52.1335573], [10.7264179, 52.1339788], [10.738563, 52.1335046], [10.7468027, 52.1330568], [10.7560724, 52.1324773], [10.7646984, 52.1335837], [10.7737965, 52.1363232], [10.776586, 52.1357437], [10.783667, 52.1343739], [10.7897181, 52.1340578], [10.7990736, 52.1335837], [10.803451, 52.1335046], [10.8070129, 52.1331885], [10.8094591, 52.1331358], [10.810017, 52.1331885], [10.8109612, 52.133531], [10.8121199, 52.1340315], [10.8134073, 52.13469], [10.814609, 52.1350325], [10.8172697, 52.135533], [10.8235354, 52.1359544], [10.8269257, 52.135533], [10.8315176, 52.1350325], [10.8367533, 52.1350061], [10.8442635, 52.13469], [10.8522457, 52.133689], [10.8632887, 52.1324423], [10.868696, 52.1314412], [10.8786953, 52.1304665], [10.8825577, 52.1289122], [10.8849609, 52.127753], [10.8888233, 52.1261195], [10.8910549, 52.1253027], [10.8934582, 52.1253554], [10.8969343, 52.1255135], [10.9135855, 52.1234584], [10.9145296, 52.1229051], [10.9156454, 52.1226679], [10.9217394, 52.1227206], [10.9268892, 52.1227206], [10.9304512, 52.1228524], [10.9359444, 52.1230895], [10.9456003, 52.1228787], [10.9470594, 52.1229578], [10.9483898, 52.123274], [10.9489906, 52.1235901], [10.9513939, 52.1246177], [10.9534109, 52.1254872], [10.954398, 52.126383], [10.9490271, 52.132308], [10.9539195, 52.1315967], [10.9591551, 52.1308459], [10.9681223, 52.1301398], [10.9821949, 52.1391249], [10.9804819, 52.1401812], [10.9788451, 52.1415118], [10.9773023, 52.1427923], [10.9770013, 52.1431552], [10.9767696, 52.1435308], [10.9766451, 52.1438626], [10.9765094, 52.144176], [10.9763104, 52.1445612], [10.9761076, 52.1448897], [10.9759236, 52.1452828], [10.9758147, 52.1459886], [10.9758544, 52.1473955], [10.9758147, 52.1475933], [10.9755368, 52.1478715], [10.9745911, 52.148652], [10.9743572, 52.1489311], [10.9740976, 52.1493152], [10.9729742, 52.1513942], [10.9713633, 52.1539019], [10.96929, 52.1567797], [10.9680143, 52.1586289], [10.9677917, 52.1590025], [10.9676404, 52.1592947], [10.9674913, 52.1595767], [10.9672692, 52.160148], [10.9671871, 52.1604133], [10.9667918, 52.1608105], [10.966749, 52.1613313], [10.9668005, 52.1616367], [10.9669893, 52.1621053], [10.9671696, 52.1625001], [10.9673498, 52.1628898], [10.96644, 52.1631846], [10.9667722, 52.1635368], [10.9691265, 52.1660329], [10.9724039, 52.1692595], [10.8777268, 52.3181123]]]}}, {"type": "Feature", "properties": {"name": "Naturpark Elm-Lappwald", "stufe": "mild", "art": "Naturpark"}, "geometry": {"type": "Polygon", "coordinates": [[[10.9733534, 52.1701483], [10.9733438, 52.1701385], [10.973334, 52.1701285], [10.9732922, 52.170147], [10.9724214, 52.1692485], [10.9724039, 52.1692595], [10.9733534, 52.1701483]]]}}, {"type": "Feature", "properties": {"name": "Naturpark Elm-Lappwald", "stufe": "mild", "art": "Naturpark"}, "geometry": {"type": "Polygon", "coordinates": [[[10.9762162, 52.1755866], [10.9761874, 52.1755376], [10.9761407, 52.175464], [10.9760982, 52.1753909], [10.976077, 52.1753544], [10.9760469, 52.1753026], [10.9759808, 52.1751888], [10.9757675, 52.1748219], [10.9754631, 52.174298], [10.9752388, 52.1739139], [10.9750527, 52.1737139], [10.9752629, 52.1736533], [10.9754609, 52.1735963], [10.9755624, 52.1735672], [10.975603, 52.1735555], [10.9756444, 52.1735435], [10.9757237, 52.1735207], [10.9757592, 52.1734992], [10.9760449, 52.1733252], [10.9759554, 52.1732529], [10.9754315, 52.1728206], [10.9754223, 52.172813], [10.9752171, 52.1726264], [10.9751252, 52.1725429], [10.9750419, 52.1724672], [10.9749075, 52.1723449], [10.9747419, 52.1721575], [10.974671, 52.1720773], [10.974056, 52.1711943], [10.9738615, 52.1709015], [10.973386, 52.1701816], [10.9733764, 52.1701717], [10.973364, 52.1701591], [10.9733534, 52.1701483], [10.9762162, 52.1755866]]]}}, {"type": "Feature", "properties": {"name": "Naturpark Elm-Lappwald", "stufe": "mild", "art": "Naturpark"}, "geometry": {"type": "Polygon", "coordinates": [[[10.9762162, 52.1755866], [10.9764578, 52.1755643], [10.9784993, 52.1753753], [10.9785053, 52.1753809], [10.978555, 52.175422], [10.9762162, 52.1755866]]]}}, {"type": "Feature", "properties": {"name": "Naturpark Elm-Lappwald", "stufe": "mild", "art": "Naturpark"}, "geometry": {"type": "Polygon", "coordinates": [[[10.978555, 52.175422], [10.978756, 52.1753306], [10.9792387, 52.1757145], [10.9795648, 52.1759949], [10.980396, 52.1771592], [10.9804848, 52.177275], [10.9809046, 52.1778227], [10.9809394, 52.1778954], [10.9815668, 52.1787477], [10.9817602, 52.1791374], [10.9817764, 52.1792292], [10.9817809, 52.180778], [10.982783, 52.1807922], [10.9826059, 52.1818411], [10.9825923, 52.1819211], [10.9825683, 52.1820638], [10.9826542, 52.1821193], [10.9827044, 52.1821407], [10.9828901, 52.1821992], [10.9843462, 52.182762], [10.9844051, 52.1828539], [10.9844066, 52.1828561], [10.9844316, 52.182884], [10.9844811, 52.1829392], [10.9846889, 52.1830605], [10.9848455, 52.1831353], [10.9848987, 52.1831534], [10.9851799, 52.1832492], [10.9853541, 52.1833201], [10.9854096, 52.1833517], [10.9856433, 52.1834844], [10.985736, 52.1835358], [10.9859117, 52.1836948], [10.9860034, 52.1837298], [10.9861327, 52.183738], [10.9862471, 52.1837453], [10.9863184, 52.1837643], [10.9863691, 52.1837777], [10.9864195, 52.1837417], [10.9865353, 52.1836592], [10.9871145, 52.1832463], [10.9871877, 52.1831941], [10.9872212, 52.1831703], [10.9873321, 52.1830912], [10.9883687, 52.1823522], [10.9885977, 52.1821889], [10.9887115, 52.1821078], [10.9887918, 52.1820506], [10.9889711, 52.18208], [10.989572, 52.181879], [10.9896006, 52.1818679], [10.978555, 52.175422]]]}}, {"type": "Feature", "properties": {"name": "Naturpark Elm-Lappwald", "stufe": "mild", "art": "Naturpark"}, "geometry": {"type": "Polygon", "coordinates": [[[10.9896006, 52.1818679], [10.9902529, 52.1829084], [10.9907751, 52.1837389], [10.9908198, 52.18381], [10.9911008, 52.1842568], [10.9929154, 52.1842736], [10.9930129, 52.1842745], [10.9937107, 52.1842809], [10.9938216, 52.184282], [10.9941568, 52.1842851], [10.9950458, 52.1842936], [10.9974937, 52.1843169], [10.9977833, 52.1843197], [10.9983881, 52.1843255], [10.9984238, 52.1848647], [10.9984556, 52.1853455], [10.9984769, 52.1856671], [10.9984994, 52.1860062], [10.9985238, 52.186375], [10.9985497, 52.1867667], [10.9985831, 52.1872709], [11.0009268, 52.187051], [11.0015687, 52.1869908], [11.0016344, 52.1869847], [11.0026889, 52.1868857], [11.0031157, 52.1868456], [11.0036445, 52.186796], [11.0038383, 52.1867778], [11.0039206, 52.1867701], [11.0039485, 52.1867675], [11.0040671, 52.1867563], [11.0040895, 52.1867542], [11.0041405, 52.1867494], [11.0041709, 52.1867465], [11.0042063, 52.1867434], [11.0047116, 52.1866958], [11.0050946, 52.1882229], [11.0055261, 52.1881745], [11.0052045, 52.1868926], [11.005145, 52.1866552], [11.005178, 52.186652], [11.006071, 52.1902203], [11.0060388, 52.1902269], [11.0061447, 52.1903137], [11.0061764, 52.1903072], [11.0069695, 52.1924068], [11.0078438, 52.19398], [11.0078849, 52.1941329], [11.0079113, 52.1942317], [11.0079216, 52.1942705], [11.0085758, 52.1967166], [11.0085882, 52.1967189], [11.0086971, 52.1967377], [11.0087251, 52.1967426], [11.0087841, 52.1967528], [11.0088199, 52.1967604], [11.0091482, 52.1968304], [11.0092254, 52.1969291], [11.0092892, 52.1970177], [11.0093335, 52.1970772], [11.009351, 52.1971008], [11.0093802, 52.197131], [11.0095985, 52.1974123], [11.0096379, 52.197463], [11.0098706, 52.1977628], [11.0100101, 52.1978421], [11.0103318, 52.1980159], [11.0111921, 52.198046], [11.0111786, 52.1983417], [11.0111199, 52.1986129], [11.0114824, 52.1987925], [11.012974, 52.1995315], [11.0130028, 52.1995451], [11.0131448, 52.1995275], [11.0134812, 52.1994868], [10.9896006, 52.1818679]]]}}, {"type": "Feature", "properties": {"name": "Naturpark Elm-Lappwald", "stufe": "mild", "art": "Naturpark"}, "geometry": {"type": "Polygon", "coordinates": [[[11.0316707, 52.212243], [11.0285085, 52.2110747], [11.0270736, 52.2105241], [11.0267222, 52.2103975], [11.0261214, 52.2101132], [11.0257705, 52.209877], [11.0261884, 52.2095209], [11.0264632, 52.2093427], [11.0284374, 52.2085025], [11.023164, 52.2066341], [11.0232391, 52.2060215], [11.0234555, 52.2051505], [11.0212055, 52.2050004], [11.0221397, 52.202363], [11.0222978, 52.2022546], [11.0246987, 52.2010846], [11.0235032, 52.2002931], [11.0226935, 52.1998458], [11.0220532, 52.1996456], [11.0210024, 52.1991836], [11.0203415, 52.1989967], [11.0192736, 52.1986917], [11.0175439, 52.1982337], [11.016924, 52.1982267], [11.0165761, 52.1982877], [11.0164811, 52.1983487], [11.0157112, 52.1988137], [11.0151152, 52.1990977], [11.0146242, 52.1992769], [11.0139705, 52.1994084], [11.0134776, 52.1995077], [11.0134812, 52.1994868], [11.0316707, 52.212243]]]}}, {"type": "Feature", "properties": {"name": "Naturpark Elm-Lappwald", "stufe": "mild", "art": "Naturpark"}, "geometry": {"type": "Polygon", "coordinates": [[[11.0451818, 52.2164183], [11.0450553, 52.2162337], [11.0448566, 52.2152819], [11.0446072, 52.2145251], [11.043373, 52.2139989], [11.0429583, 52.2138225], [11.0383567, 52.2118183], [11.0373269, 52.2113867], [11.0355184, 52.2120688], [11.0332285, 52.2114735], [11.0328671, 52.2114856], [11.0318408, 52.2121319], [11.0316707, 52.212243], [11.0451818, 52.2164183]]]}}, {"type": "Feature", "properties": {"name": "Naturpark Elm-Lappwald", "stufe": "mild", "art": "Naturpark"}, "geometry": {"type": "Polygon", "coordinates": [[[11.0751968, 52.2198652], [11.0748943, 52.2198534], [11.0745444, 52.2198324], [11.069163, 52.2194966], [11.0636228, 52.2191757], [11.0617975, 52.2190592], [11.0601989, 52.2189229], [11.058764, 52.2187326], [11.0580858, 52.2186889], [11.0549561, 52.2182473], [11.0527774, 52.2178426], [11.0451818, 52.2164183], [11.0751968, 52.2198652]]]}}, {"type": "Feature", "properties": {"name": "Naturpark Elm-Lappwald", "stufe": "mild", "art": "Naturpark"}, "geometry": {"type": "Polygon", "coordinates": [[[11.0862502, 52.2286435], [11.085604, 52.2282773], [11.0849604, 52.2279101], [11.0836869, 52.2271685], [11.0811613, 52.2257451], [11.0771788, 52.2235047], [11.0762706, 52.2218993], [11.0754254, 52.2203103], [11.07531, 52.2200887], [11.0751968, 52.2198652], [11.0862502, 52.2286435]]]}}, {"type": "Feature", "properties": {"name": "Naturpark Elm-Lappwald", "stufe": "mild", "art": "Naturpark"}, "geometry": {"type": "Polygon", "coordinates": [[[11.0789317, 52.2389924], [11.0789626, 52.2389401], [11.0787749, 52.2387718], [11.0786848, 52.2385994], [11.0786788, 52.2382673], [11.0787159, 52.2381494], [11.0787518, 52.2380295], [11.0788178, 52.2378633], [11.0789342, 52.2376747], [11.0793237, 52.2371609], [11.0793658, 52.2370958], [11.0794608, 52.236991], [11.079767, 52.2365863], [11.0797401, 52.2365717], [11.0799787, 52.2361597], [11.0792424, 52.2359626], [11.0792824, 52.2357392], [11.0792787, 52.2355837], [11.0793803, 52.2353049], [11.079457, 52.2351485], [11.0795857, 52.2348878], [11.0799479, 52.2344199], [11.0802926, 52.2341135], [11.0806453, 52.2339632], [11.0807392, 52.2339057], [11.0808653, 52.2337341], [11.0811369, 52.2335421], [11.0813105, 52.2333644], [11.081404, 52.2333135], [11.0815881, 52.2331608], [11.0817267, 52.2331016], [11.0820137, 52.23298], [11.0822913, 52.2327515], [11.0824604, 52.2325986], [11.0826371, 52.2323986], [11.0828635, 52.2322521], [11.083039, 52.2320992], [11.0831777, 52.2320184], [11.0832292, 52.2319554], [11.0833037, 52.2318657], [11.0832381, 52.2315289], [11.083242, 52.2313884], [11.0833299, 52.231347], [11.0834527, 52.2312345], [11.0834574, 52.2310565], [11.0836175, 52.2308828], [11.0838611, 52.2307294], [11.0843848, 52.2301557], [11.0847694, 52.2297326], [11.0856288, 52.229092], [11.0859247, 52.2288715], [11.086126, 52.2287218], [11.0862502, 52.2286435], [11.0789317, 52.2389924]]]}}, {"type": "Feature", "properties": {"name": "Naturpark Elm-Lappwald", "stufe": "mild", "art": "Naturpark"}, "geometry": {"type": "Polygon", "coordinates": [[[11.0787204, 52.2393633], [11.0788387, 52.2392203], [11.0788795, 52.239149], [11.0789317, 52.2389924], [11.0787204, 52.2393633]]]}}, {"type": "Feature", "properties": {"name": "Naturpark Elm-Lappwald", "stufe": "mild", "art": "Naturpark"}, "geometry": {"type": "Polygon", "coordinates": [[[11.0562413, 52.2587271], [11.0558978, 52.2570206], [11.0522163, 52.2535551], [11.0553008, 52.2490215], [11.0560731, 52.2478763], [11.0568631, 52.2467193], [11.0578257, 52.2453387], [11.058822, 52.2438832], [11.0597055, 52.242584], [11.0595475, 52.2422783], [11.058948, 52.2409761], [11.0587141, 52.2405272], [11.0600891, 52.2406666], [11.0614205, 52.2407968], [11.0637264, 52.2410254], [11.0660373, 52.2412512], [11.0695041, 52.2416008], [11.0697986, 52.2416606], [11.0701173, 52.2417641], [11.0703801, 52.2418505], [11.0707986, 52.2420348], [11.0733263, 52.2432196], [11.0742249, 52.2424078], [11.0750985, 52.2416131], [11.0764891, 52.2403595], [11.0768212, 52.2400603], [11.0769692, 52.2399239], [11.0772568, 52.2396036], [11.0774199, 52.2395488], [11.0777337, 52.2395334], [11.0781312, 52.239494], [11.0783939, 52.2394612], [11.0562413, 52.2587271]]]}}, {"type": "Feature", "properties": {"name": "Naturpark Elm-Lappwald", "stufe": "mild", "art": "Naturpark"}, "geometry": {"type": "Polygon", "coordinates": [[[11.0288403, 52.2701408], [11.0321308, 52.2710228], [11.0349948, 52.2718564], [11.036335, 52.2722646], [11.0370336, 52.2722356], [11.0403942, 52.2720999], [11.0423969, 52.2721573], [11.0427506, 52.2719721], [11.0436479, 52.2715013], [11.0472628, 52.2695978], [11.0502166, 52.2680699], [11.0531978, 52.2664845], [11.0506804, 52.2645775], [11.0517491, 52.2622795], [11.0543679, 52.2602124], [11.0562413, 52.2587271], [11.0288403, 52.2701408]]]}}, {"type": "Feature", "properties": {"name": "Naturpark Elm-Lappwald", "stufe": "mild", "art": "Naturpark"}, "geometry": {"type": "Polygon", "coordinates": [[[11.0253273, 52.2755071], [11.026062, 52.2745543], [11.0262967, 52.2741992], [11.0288403, 52.2701408], [11.0253273, 52.2755071]]]}}, {"type": "Feature", "properties": {"name": "Naturpark Elm-Lappwald", "stufe": "mild", "art": "Naturpark"}, "geometry": {"type": "Polygon", "coordinates": [[[11.0229682, 52.2790383], [11.0232411, 52.278914], [11.0243415, 52.2777157], [11.0250756, 52.2769332], [11.0253273, 52.2755071], [11.0229682, 52.2790383]]]}}, {"type": "Feature", "properties": {"name": "Naturpark Elm-Lappwald", "stufe": "mild", "art": "Naturpark"}, "geometry": {"type": "Polygon", "coordinates": [[[11.0142378, 52.2863853], [11.01589, 52.2851689], [11.0163877, 52.284778], [11.0190013, 52.2828584], [11.0216862, 52.2805968], [11.0226095, 52.2797918], [11.0229682, 52.2790383], [11.0142378, 52.2863853]]]}}, {"type": "Feature", "properties": {"name": "Naturpark Elm-Lappwald", "stufe": "mild", "art": "Naturpark"}, "geometry": {"type": "Polygon", "coordinates": [[[11.0117798, 52.2906834], [11.0117981, 52.290585], [11.0117228, 52.2881973], [11.0118205, 52.28799], [11.0119305, 52.2878394], [11.0142378, 52.2863853], [11.0117798, 52.2906834]]]}}, {"type": "Feature", "properties": {"name": "Naturpark Elm-Lappwald", "stufe": "mild", "art": "Naturpark"}, "geometry": {"type": "Polygon", "coordinates": [[[11.0117798, 52.2906834], [11.0124393, 52.2910606], [11.0143309, 52.2921773], [11.0148709, 52.2925009], [11.0155188, 52.29288], [11.0161618, 52.293252], [11.0172334, 52.2938805], [11.0188577, 52.2948219], [11.0218803, 52.2965968], [11.0222398, 52.2968018], [11.0227779, 52.2966853], [11.0229036, 52.2967151], [11.0117798, 52.2906834]]]}}, {"type": "Feature", "properties": {"name": "Naturpark Elm-Lappwald", "stufe": "mild", "art": "Naturpark"}, "geometry": {"type": "Polygon", "coordinates": [[[11.02956, 52.2981764], [11.0286845, 52.2980233], [11.0278611, 52.2979203], [11.0274435, 52.2978748], [11.0266461, 52.2978173], [11.0265504, 52.2977005], [11.0264857, 52.2977306], [11.0262242, 52.2975636], [11.0260458, 52.29747], [11.0258517, 52.2973884], [11.0237441, 52.2970569], [11.0235747, 52.2970328], [11.023351, 52.2969612], [11.0231394, 52.2968506], [11.0229928, 52.2967911], [11.0229036, 52.2967151], [11.02956, 52.2981764]]]}}, {"type": "Feature", "properties": {"name": "Naturpark Elm-Lappwald", "stufe": "mild", "art": "Naturpark"}, "geometry": {"type": "Polygon", "coordinates": [[[11.0311215, 52.2985516], [11.0308607, 52.298476], [11.0304924, 52.2983871], [11.0298565, 52.2982283], [11.02956, 52.2981764], [11.0311215, 52.2985516]]]}}, {"type": "Feature", "properties": {"name": "Naturpark Elm-Lappwald", "stufe": "mild", "art": "Naturpark"}, "geometry": {"type": "Polygon", "coordinates": [[[11.033613, 52.2994296], [11.0333289, 52.2993024], [11.0328633, 52.2991346], [11.0321053, 52.2988587], [11.0318448, 52.2987626], [11.0311215, 52.2985516], [11.033613, 52.2994296]]]}}, {"type": "Feature", "properties": {"name": "Naturpark Elm-Lappwald", "stufe": "mild", "art": "Naturpark"}, "geometry": {"type": "Polygon", "coordinates": [[[11.0191127, 52.3215891], [11.0198523, 52.3210039], [11.0199281, 52.3205628], [11.0200687, 52.3197323], [11.0201445, 52.319226], [11.0208445, 52.3188215], [11.0219036, 52.3181992], [11.022644, 52.3177707], [11.0240232, 52.3173706], [11.0253024, 52.3169925], [11.0254695, 52.3168495], [11.0251723, 52.3163721], [11.0257233, 52.3159779], [11.0259888, 52.3157751], [11.0266505, 52.3151617], [11.0269679, 52.3150134], [11.0273852, 52.3148696], [11.026975, 52.3145371], [11.0281006, 52.3140419], [11.0284352, 52.3137837], [11.0288671, 52.3140161], [11.0307513, 52.3130899], [11.0326145, 52.312108], [11.0315735, 52.311505], [11.0327892, 52.3108226], [11.0329075, 52.3106779], [11.0329366, 52.3103222], [11.0331018, 52.3097078], [11.0340723, 52.3099245], [11.0360345, 52.3102616], [11.0366895, 52.3091606], [11.0367576, 52.308999], [11.0369775, 52.3082294], [11.0370986, 52.3077609], [11.0372774, 52.3071532], [11.0372324, 52.3071442], [11.0373366, 52.3067769], [11.037471, 52.3061508], [11.0373036, 52.3061223], [11.0371059, 52.3061225], [11.0368853, 52.305849], [11.0368028, 52.3056745], [11.0367657, 52.3055089], [11.0366766, 52.3052621], [11.0365484, 52.3050101], [11.0364427, 52.3048692], [11.0363452, 52.3047681], [11.0362104, 52.3046569], [11.0358615, 52.3044889], [11.035715, 52.3043805], [11.035479, 52.3041398], [11.0354085, 52.3039983], [11.035466, 52.3038291], [11.0354718, 52.3037101], [11.0355274, 52.3035798], [11.0356318, 52.3034264], [11.0357371, 52.3032367], [11.0358192, 52.3031438], [11.0360196, 52.3029831], [11.0360876, 52.3028985], [11.0364547, 52.3027295], [11.0367336, 52.3027252], [11.036922, 52.3027376], [11.0371836, 52.3024938], [11.0373684, 52.3023108], [11.0377011, 52.3019659], [11.0366337, 52.3011081], [11.0356559, 52.3004295], [11.0351432, 52.3001247], [11.0344621, 52.2997626], [11.0342137, 52.2996946], [11.033613, 52.2994296], [11.0191127, 52.3215891]]]}}, {"type": "Feature", "properties": {"name": "Naturpark Elm-Lappwald", "stufe": "mild", "art": "Naturpark"}, "geometry": {"type": "Polygon", "coordinates": [[[10.9954418, 52.3356685], [10.9971505, 52.3358401], [10.9986936, 52.3359904], [10.9997458, 52.336096], [11.0018047, 52.3362848], [11.0026886, 52.334791], [11.0029855, 52.334252], [11.0040157, 52.332133], [11.00448, 52.3312762], [11.0047468, 52.3307306], [10.9998802, 52.3298232], [11.00106, 52.3274494], [11.0056832, 52.3289689], [11.0062946, 52.3277568], [11.0065551, 52.3272313], [11.0072745, 52.3270791], [11.0087285, 52.3267593], [11.0091616, 52.3281987], [11.0125581, 52.3279652], [11.0122925, 52.3260311], [11.0123559, 52.326008], [11.013949, 52.3256665], [11.0148408, 52.3249264], [11.0165231, 52.3235936], [11.0181493, 52.322343], [11.0189711, 52.3216958], [11.0191127, 52.3215891], [10.9954418, 52.3356685]]]}}, {"type": "Feature", "properties": {"name": "Naturpark Elm-Lappwald", "stufe": "mild", "art": "Naturpark"}, "geometry": {"type": "Polygon", "coordinates": [[[10.9912635, 52.335285], [10.9905745, 52.3361756], [10.9942167, 52.3365992], [10.9946264, 52.3360943], [10.9950916, 52.3362216], [10.9954418, 52.3356685], [10.9912635, 52.335285]]]}}, {"type": "Feature", "properties": {"name": "Naturpark Elm-Lappwald", "stufe": "mild", "art": "Naturpark"}, "geometry": {"type": "Polygon", "coordinates": [[[10.9769935, 52.330003], [10.9771142, 52.3301366], [10.9773457, 52.3303929], [10.9776425, 52.3307214], [10.9785883, 52.3317687], [10.9785617, 52.3319193], [10.9784515, 52.3325425], [10.9783468, 52.3331344], [10.978337, 52.3331897], [10.9784166, 52.3332824], [10.9784353, 52.3331778], [10.9792484, 52.3333969], [10.9796237, 52.3334981], [10.9799719, 52.3335919], [10.9801972, 52.3336526], [10.9815107, 52.3340066], [10.98262, 52.3343056], [10.9830007, 52.3344082], [10.9830013, 52.3344083], [10.9830962, 52.3344339], [10.9834078, 52.3345179], [10.9835765, 52.3344811], [10.9841661, 52.3345401], [10.9859284, 52.3347166], [10.9864243, 52.3347662], [10.9864801, 52.3347718], [10.987231, 52.334847], [10.9879079, 52.3349147], [10.9879332, 52.3349168], [10.9879208, 52.3349319], [10.9769935, 52.330003]]]}}, {"type": "Feature", "properties": {"name": "Naturpark Elm-Lappwald", "stufe": "mild", "art": "Naturpark"}, "geometry": {"type": "Polygon", "coordinates": [[[10.968719, 52.3427919], [10.9686946, 52.3425502], [10.9685982, 52.3422909], [10.9685286, 52.3421651], [10.9684867, 52.3420892], [10.9684068, 52.3419447], [10.9681662, 52.3416258], [10.9681231, 52.3415687], [10.9676218, 52.3409795], [10.9673674, 52.3406682], [10.9671374, 52.3403866], [10.9671935, 52.3403718], [10.9672763, 52.3403498], [10.9673139, 52.3403398], [10.96714, 52.3400799], [10.9671032, 52.3400114], [10.9670537, 52.3399193], [10.9670104, 52.3398386], [10.9671595, 52.3398748], [10.9677063, 52.3396334], [10.9680977, 52.3394606], [10.968776, 52.3391611], [10.9694374, 52.3388691], [10.9692873, 52.3385667], [10.9691337, 52.3382574], [10.9691194, 52.3382285], [10.969104, 52.3381975], [10.9690898, 52.3381689], [10.9689227, 52.3378322], [10.9685387, 52.3370585], [10.9683973, 52.3367735], [10.9682391, 52.3364549], [10.9681551, 52.3362858], [10.9674268, 52.3364627], [10.9673824, 52.3364103], [10.9673993, 52.3364061], [10.9673409, 52.3350321], [10.9672509, 52.3329143], [10.9672346, 52.3329235], [10.9672642, 52.3328775], [10.9673914, 52.3326799], [10.9674074, 52.3326549], [10.9674318, 52.3326171], [10.9680212, 52.3322712], [10.9685205, 52.3319614], [10.9688882, 52.331716], [10.9691753, 52.331504], [10.9692699, 52.3314329], [10.9693447, 52.3313763], [10.9696986, 52.3310867], [10.9702702, 52.330518], [10.9705418, 52.3301768], [10.9705577, 52.3301549], [10.9705713, 52.3301579], [10.9705946, 52.3301631], [10.9706183, 52.3301683], [10.9707706, 52.3302019], [10.9708456, 52.3302184], [10.9708637, 52.3302224], [10.9709699, 52.3301729], [10.9712654, 52.3301078], [10.9713923, 52.3300799], [10.9714155, 52.3300748], [10.9715088, 52.3300542], [10.968719, 52.3427919]]]}}, {"type": "Feature", "properties": {"name": "Naturpark Elm-Lappwald", "stufe": "mild", "art": "Naturpark"}, "geometry": {"type": "Polygon", "coordinates": [[[10.9687622, 52.3432592], [10.9687142, 52.3430364], [10.9687147, 52.3430155], [10.968715, 52.3429981], [10.9687154, 52.3429735], [10.968719, 52.3427919], [10.9687622, 52.3432592]]]}}, {"type": "Feature", "properties": {"name": "Naturpark Elm-Lappwald", "stufe": "mild", "art": "Naturpark"}, "geometry": {"type": "Polygon", "coordinates": [[[10.9593358, 52.3480275], [10.9594158, 52.3480338], [10.9594702, 52.3477711], [10.9600628, 52.3471381], [10.9617133, 52.3465231], [10.9617834, 52.3464594], [10.9618124, 52.3464332], [10.9619015, 52.346495], [10.9624143, 52.3465366], [10.962483, 52.346568], [10.9626873, 52.3466948], [10.9629293, 52.3467822], [10.9630125, 52.3468357], [10.9633148, 52.346944], [10.9636926, 52.3470417], [10.9641568, 52.3472428], [10.9642314, 52.3472915], [10.964342, 52.3473636], [10.9646389, 52.3474683], [10.9648963, 52.3475574], [10.9651898, 52.3477049], [10.9653237, 52.3477722], [10.9655937, 52.3478004], [10.9657002, 52.3478138], [10.9659917, 52.3478507], [10.9662735, 52.3478748], [10.9664098, 52.3478009], [10.966736, 52.3478219], [10.9675091, 52.3479527], [10.9678339, 52.3480213], [10.967793, 52.3475095], [10.9677173, 52.3465626], [10.9677097, 52.3464669], [10.9677238, 52.3463244], [10.9677573, 52.346192], [10.9682924, 52.3451473], [10.9686308, 52.3444424], [10.968655, 52.3443698], [10.9686684, 52.3443296], [10.9687674, 52.3440327], [10.9688562, 52.3437002], [10.9687988, 52.3434308], [10.9687622, 52.3432592], [10.9593358, 52.3480275]]]}}, {"type": "Feature", "properties": {"name": "Naturpark Elm-Lappwald", "stufe": "mild", "art": "Naturpark"}, "geometry": {"type": "Polygon", "coordinates": [[[10.9482038, 52.3478891], [10.9482447, 52.3478732], [10.9482992, 52.3478518], [10.9483754, 52.347822], [10.9484753, 52.3477984], [10.9487407, 52.3477143], [10.9490492, 52.3475875], [10.9494612, 52.3473878], [10.949717, 52.3472537], [10.9499785, 52.3471005], [10.9502477, 52.3469116], [10.9504847, 52.3467092], [10.9505741, 52.3466308], [10.9509403, 52.3463096], [10.9509858, 52.3463335], [10.9510523, 52.3463687], [10.9510997, 52.3463937], [10.9531593, 52.3468287], [10.9531608, 52.3468258], [10.954295, 52.3470636], [10.9547064, 52.3471252], [10.9551868, 52.3472512], [10.955523, 52.347379], [10.9559815, 52.3474633], [10.9566748, 52.3475446], [10.9570916, 52.3476305], [10.9576574, 52.3477619], [10.9581125, 52.3478735], [10.959251, 52.3480437], [10.9592567, 52.3480212], [10.9593358, 52.3480275], [10.9482038, 52.3478891]]]}}, {"type": "Feature", "properties": {"name": "Naturpark Elm-Lappwald", "stufe": "mild", "art": "Naturpark"}, "geometry": {"type": "Polygon", "coordinates": [[[10.9452386, 52.3434041], [10.9452641, 52.3434178], [10.9453722, 52.3434745], [10.9456687, 52.3436307], [10.9470528, 52.3443596], [10.9471812, 52.3444866], [10.9474442, 52.3453607], [10.9474556, 52.3453987], [10.9475679, 52.3457723], [10.9477082, 52.346239], [10.9479723, 52.3471172], [10.9481033, 52.347553], [10.9481423, 52.3476833], [10.9481823, 52.3478173], [10.9482038, 52.3478891], [10.9452386, 52.3434041]]]}}, {"type": "Feature", "properties": {"name": "Naturpark Elm-Lappwald", "stufe": "mild", "art": "Naturpark"}, "geometry": {"type": "Polygon", "coordinates": [[[10.9412157, 52.3331076], [10.9414116, 52.3331997], [10.9418148, 52.3333892], [10.9418347, 52.3333986], [10.9420204, 52.3334859], [10.942703, 52.3338067], [10.9437611, 52.3343041], [10.943863, 52.3343519], [10.9438945, 52.3343668], [10.9441503, 52.3344871], [10.9446367, 52.3347158], [10.9449366, 52.3348569], [10.9450469, 52.3349087], [10.9460577, 52.335384], [10.9461809, 52.3354425], [10.9455975, 52.336047], [10.945473, 52.3361416], [10.9469594, 52.3361711], [10.948331, 52.3361982], [10.9478227, 52.3377023], [10.9476135, 52.3383215], [10.9475979, 52.3383676], [10.9474455, 52.3388179], [10.9474238, 52.338882], [10.9474172, 52.3389016], [10.9473939, 52.3389706], [10.9472242, 52.3394728], [10.9471244, 52.3397684], [10.9470348, 52.3400336], [10.9468541, 52.3405684], [10.9469842, 52.3405606], [10.9475089, 52.3405288], [10.9485025, 52.3404687], [10.9489117, 52.3404439], [10.9490039, 52.3404383], [10.9485673, 52.340867], [10.9484523, 52.341184], [10.9482083, 52.3422131], [10.9481588, 52.3424219], [10.9481253, 52.3424614], [10.9454302, 52.3433625], [10.9454197, 52.3433649], [10.9452909, 52.3433928], [10.9452386, 52.3434041], [10.9412157, 52.3331076]]]}}, {"type": "Feature", "properties": {"name": "Naturpark Elm-Lappwald", "stufe": "mild", "art": "Naturpark"}, "geometry": {"type": "Polygon", "coordinates": [[[10.9285864, 52.329686], [10.9282294, 52.3300814], [10.9273236, 52.3310846], [10.92694, 52.3315094], [10.9269095, 52.3316129], [10.9269499, 52.3329326], [10.9269708, 52.3336122], [10.9269941, 52.3343699], [10.9278057, 52.3344189], [10.9278926, 52.3344241], [10.9304737, 52.3345792], [10.932353, 52.3344289], [10.9325817, 52.3344106], [10.9347373, 52.3342399], [10.936139, 52.3341277], [10.9377097, 52.333812], [10.9388557, 52.3335817], [10.9412157, 52.3331076], [10.9285864, 52.329686]]]}}, {"type": "Feature", "properties": {"name": "Naturpark Elm-Lappwald", "stufe": "mild", "art": "Naturpark"}, "geometry": {"type": "Polygon", "coordinates": [[[10.9274517, 52.3284004], [10.9285497, 52.3296441], [10.9285802, 52.3296788], [10.9285864, 52.329686], [10.9274517, 52.3284004]]]}}, {"type": "Feature", "properties": {"name": "Naturpark Elm-Lappwald", "stufe": "mild", "art": "Naturpark"}, "geometry": {"type": "Polygon", "coordinates": [[[10.9078527, 52.3323178], [10.9082917, 52.3315843], [10.9084343, 52.3303963], [10.9085333, 52.3300668], [10.9117325, 52.3302184], [10.9119111, 52.3302269], [10.9143524, 52.3303425], [10.9172463, 52.3304796], [10.9174771, 52.3304905], [10.9178699, 52.3305091], [10.9198349, 52.3306021], [10.9203873, 52.3306282], [10.9238301, 52.3307911], [10.923866, 52.3308031], [10.9241643, 52.3308926], [10.924229, 52.3307649], [10.9244272, 52.3303729], [10.9244341, 52.3303593], [10.924529, 52.3301718], [10.9245924, 52.3301519], [10.9250536, 52.3300077], [10.9256988, 52.3297151], [10.9263931, 52.3293081], [10.9270361, 52.3289311], [10.9273594, 52.3287415], [10.9274517, 52.3284004], [10.9078527, 52.3323178]]]}}, {"type": "Feature", "properties": {"name": "Naturpark Elm-Lappwald", "stufe": "mild", "art": "Naturpark"}, "geometry": {"type": "Polygon", "coordinates": [[[10.8777268, 52.3181123], [10.8777491, 52.3181171], [10.8784494, 52.3182684], [10.8794939, 52.318494], [10.8803743, 52.3186841], [10.8805284, 52.3187174], [10.8812439, 52.3188719], [10.8815792, 52.3189443], [10.8826283, 52.3191708], [10.8827503, 52.3191972], [10.8834067, 52.3193389], [10.8840928, 52.3194871], [10.8844176, 52.3195572], [10.8844323, 52.3195604], [10.8852279, 52.3189524], [10.8858653, 52.3184653], [10.8872794, 52.3180793], [10.8882807, 52.3183511], [10.8885893, 52.3184558], [10.8887575, 52.318513], [10.8893234, 52.3188084], [10.8898703, 52.3196524], [10.8903003, 52.3204043], [10.8906829, 52.3204331], [10.8925264, 52.3203249], [10.8947297, 52.3201955], [10.8953527, 52.320159], [10.8953683, 52.320158], [10.8955535, 52.3201472], [10.8969013, 52.320068], [10.8985413, 52.3201738], [10.8993309, 52.3213088], [10.899331, 52.3213089], [10.899376, 52.3213736], [10.9003809, 52.3228163], [10.9014275, 52.3243361], [10.9016292, 52.3246207], [10.9017367, 52.3247723], [10.9017758, 52.3248275], [10.9018781, 52.3249689], [10.9018834, 52.3249761], [10.9045254, 52.3242443], [10.906073, 52.3238156], [10.9065153, 52.323693], [10.9085368, 52.323133], [10.9085399, 52.3231378], [10.9088151, 52.3235772], [10.9089318, 52.323776], [10.9092446, 52.3244444], [10.9090778, 52.3249598], [10.9089428, 52.325377], [10.9085071, 52.3263511], [10.9082545, 52.3266713], [10.9080809, 52.3272406], [10.9080705, 52.3272745], [10.9080614, 52.3273043], [10.9076776, 52.3285634], [10.9072768, 52.3298781], [10.9068739, 52.3311994], [10.9067474, 52.3316141], [10.9064644, 52.3325433], [10.9066733, 52.3330992], [10.9066799, 52.3331167], [10.9069477, 52.3338295], [10.8777268, 52.3181123]]]}}, {"type": "Feature", "properties": {"name": "Naturpark Wendland.Elbe", "stufe": "mild", "art": "Naturpark"}, "geometry": {"type": "Polygon", "coordinates": [[[10.7386029, 53.1284143], [10.7916338, 53.1633354], [10.7951405, 53.1840037], [10.7846205, 53.1840037], [10.7916338, 53.2207618], [10.7285138, 53.2354562], [10.7331893, 53.2452496], [10.6718227, 53.2490965], [10.6724071, 53.2592364], [10.6971175, 53.2664876], [10.6944181, 53.2669921], [10.6889602, 53.2680718], [10.6811738, 53.2697235], [10.6659782, 53.2871962], [10.6686868, 53.2918875], [10.6718227, 53.2973272], [10.7184956, 53.2846148], [10.8222125, 53.2562941], [10.8302352, 53.2541648], [10.8142425, 53.245342], [10.8475175, 53.2307282], [10.8434479, 53.2185463], [10.8656915, 53.2238683], [10.8730133, 53.2326226], [10.880871, 53.2280612], [10.8657285, 53.2082665], [10.8787701, 53.2100102], [10.8842849, 53.2268622], [10.8840649, 53.2280195], [10.8890554, 53.2318854], [10.9069398, 53.2271259], [10.9051045, 53.2231914], [10.9358243, 53.2038443], [10.9483382, 53.2068925], [10.9560981, 53.1996513], [10.9563026, 53.1997054], [10.956918, 53.199765], [10.9796599, 53.1859963], [10.9727177, 53.1729407], [10.9839689, 53.1689228], [10.9859577, 53.1712529], [10.9892355, 53.175093], [11.0035453, 53.1677995], [11.0292134, 53.1547137], [11.0177227, 53.1448075], [11.0284788, 53.1404753], [11.0310328, 53.1394465], [11.028975, 53.1358356], [11.0328253, 53.1320567], [11.0435074, 53.131417], [11.0459715, 53.1212839], [11.0503, 53.103478], [11.0572216, 53.1010442], [11.0610552, 53.1008387], [11.0781794, 53.0991135], [11.0835879, 53.0957368], [11.084332, 53.0964694], [11.0851154, 53.0969497], [11.0872322, 53.0979255], [11.0922313, 53.1000784], [11.0941879, 53.1009149], [11.0980308, 53.1025496], [11.0994833, 53.1031714], [11.1019715, 53.104149], [11.1040623, 53.1083095], [11.1051947, 53.1081298], [11.1072408, 53.1078051], [11.1085761, 53.1074844], [11.1098397, 53.1069331], [11.1102957, 53.1076565], [11.1110954, 53.1082474], [11.1113059, 53.1094912], [11.1124447, 53.1117866], [11.1187979, 53.1109088], [11.1198168, 53.11088], [11.1216224, 53.1110235], [11.1253087, 53.1112151], [11.1239622, 53.1081454], [11.126068, 53.1084162], [11.1262232, 53.1083642], [11.1317635, 53.1073763], [11.1348181, 53.1071428], [11.1345634, 53.1061028], [11.1355451, 53.1037947], [11.1464334, 53.1040626], [11.1571619, 53.1019536], [11.1575737, 53.1004199], [11.1540979, 53.0949253], [11.16005, 53.0951207], [11.1685161, 53.0934373], [11.1726443, 53.0932266], [11.1868831, 53.0891806], [11.1939521, 53.0871503], [11.1975796, 53.086499], [11.1984043, 53.0862238], [11.2012278, 53.0850439], [11.2040376, 53.0847163], [11.2045009, 53.084833], [11.2049642, 53.0848599], [11.2048895, 53.0851876], [11.2051436, 53.0852998], [11.2053753, 53.0851472], [11.2056368, 53.0851068], [11.2058909, 53.0855421], [11.206541, 53.0855287], [11.2065709, 53.0858608], [11.2066232, 53.0862064], [11.2135133, 53.0864039], [11.213334, 53.0869694], [11.2168627, 53.0872008], [11.2226519, 53.0859315], [11.2209992, 53.0826021], [11.2180156, 53.0810559], [11.2175329, 53.0805376], [11.2183959, 53.0802213], [11.2187176, 53.0803443], [11.219522, 53.0800719], [11.2198145, 53.0800807], [11.2211016, 53.0798962], [11.2209261, 53.0794482], [11.2237816, 53.0790201], [11.2297497, 53.078722], [11.2410422, 53.0784239], [11.240096, 53.0689868], [11.238921, 53.0692915], [11.2405809, 53.0659764], [11.2391502, 53.06606], [11.2355471, 53.0638254], [11.2520439, 53.0618354], [11.2716183, 53.0640265], [11.2765325, 53.0644045], [11.2789765, 53.0649261], [11.2799695, 53.0626642], [11.2939807, 53.0644396], [11.293893, 53.0625324], [11.2945365, 53.0625412], [11.2942586, 53.0616974], [11.297447, 53.0619963], [11.2965695, 53.0614513], [11.3027158, 53.0602821], [11.3069199, 53.0589799], [11.3469977, 53.048407], [11.358009, 53.0481269], [11.3631038, 53.0451617], [11.367522, 53.043191], [11.3755693, 53.0420779], [11.3844319, 53.040995], [11.3859968, 53.0279882], [11.3892296, 53.0136933], [11.3898124, 53.0113346], [11.3905743, 53.0108109], [11.4393164, 53.0201828], [11.4410799, 53.0165184], [11.4494054, 53.0119434], [11.454525, 53.0120227], [11.4658547, 53.0084724], [11.4718934, 53.0050914], [11.4767568, 53.0050145], [11.4808943, 53.0118853], [11.4897527, 53.0085008], [11.4932315, 53.0110879], [11.5092029, 53.002971], [11.509356, 53.0029407], [10.7386029, 53.1284143]]]}}, {"type": "Feature", "properties": {"name": "Naturpark Wendland.Elbe", "stufe": "mild", "art": "Naturpark"}, "geometry": {"type": "Polygon", "coordinates": [[[10.7548041, 53.1233007], [10.7496755, 53.1231755], [10.7445779, 53.1230233], [10.7386029, 53.1284143], [10.7548041, 53.1233007]]]}}, {"type": "Feature", "properties": {"name": "Naturpark Wendland.Elbe", "stufe": "mild", "art": "Naturpark"}, "geometry": {"type": "Polygon", "coordinates": [[[10.7960124, 53.0940983], [10.7892509, 53.0957849], [10.7890787, 53.0958233], [10.7841329, 53.0955591], [10.7825921, 53.0954626], [10.7831548, 53.0958608], [10.7817394, 53.0959939], [10.7813679, 53.0960512], [10.7813296, 53.0955161], [10.7812417, 53.0955137], [10.7790542, 53.0955818], [10.7785243, 53.0955841], [10.7772157, 53.0957044], [10.7757338, 53.0958885], [10.7740061, 53.0961609], [10.7688943, 53.0970051], [10.7679139, 53.0973488], [10.7678378, 53.0975361], [10.7677571, 53.0995276], [10.76773, 53.0996182], [10.7625555, 53.1023229], [10.7624532, 53.1026547], [10.7624273, 53.1028737], [10.7627266, 53.1032064], [10.7642357, 53.1050308], [10.7644251, 53.1052178], [10.76773, 53.1076695], [10.7686783, 53.1080119], [10.7699314, 53.1083126], [10.7706814, 53.1085088], [10.7716468, 53.1087957], [10.7725688, 53.1091477], [10.7733527, 53.1095021], [10.7736001, 53.1096591], [10.7739689, 53.1099508], [10.7757384, 53.111786], [10.7765506, 53.1130012], [10.776558, 53.1139442], [10.7764905, 53.1140497], [10.7741353, 53.1134468], [10.7738932, 53.1133943], [10.7726531, 53.1131881], [10.7718956, 53.1130238], [10.7684813, 53.1121597], [10.7673703, 53.1118921], [10.7669169, 53.1118427], [10.7657419, 53.1117883], [10.765241, 53.1117676], [10.764268, 53.1117314], [10.762289, 53.1116332], [10.7550758, 53.1110955], [10.7525803, 53.1163129], [10.7505817, 53.1211291], [10.7549014, 53.1214292], [10.7549533, 53.1233028], [10.7548041, 53.1233007], [10.7960124, 53.0940983]]]}}, {"type": "Feature", "properties": {"name": "Naturpark Wendland.Elbe", "stufe": "mild", "art": "Naturpark"}, "geometry": {"type": "Polygon", "coordinates": [[[10.8287288, 53.0784357], [10.8252845, 53.0799224], [10.8231028, 53.0809253], [10.8213691, 53.0818182], [10.8189534, 53.0828361], [10.8165168, 53.0838279], [10.816099, 53.0840234], [10.8157259, 53.0841979], [10.8145461, 53.0848848], [10.8124684, 53.0862776], [10.8109456, 53.0873495], [10.8098807, 53.0880164], [10.8085049, 53.0888793], [10.8031527, 53.091824], [10.8023818, 53.0921409], [10.7994553, 53.0931358], [10.7968307, 53.0938567], [10.7960124, 53.0940983], [10.8287288, 53.0784357]]]}}, {"type": "Feature", "properties": {"name": "Naturpark Wendland.Elbe", "stufe": "mild", "art": "Naturpark"}, "geometry": {"type": "Polygon", "coordinates": [[[10.8311126, 53.0774288], [10.8302495, 53.0765568], [10.8278043, 53.0775567], [10.8287288, 53.0784357], [10.8311126, 53.0774288]]]}}, {"type": "Feature", "properties": {"name": "Naturpark Wendland.Elbe", "stufe": "mild", "art": "Naturpark"}, "geometry": {"type": "Polygon", "coordinates": [[[10.8337999, 53.0769602], [10.8335133, 53.0769388], [10.8323864, 53.0770538], [10.8319765, 53.0771408], [10.8314766, 53.0773437], [10.8311126, 53.0774288], [10.8337999, 53.0769602]]]}}, {"type": "Feature", "properties": {"name": "Naturpark Wendland.Elbe", "stufe": "mild", "art": "Naturpark"}, "geometry": {"type": "Polygon", "coordinates": [[[10.8399496, 53.0441666], [10.8401976, 53.0455742], [10.8409494, 53.0479735], [10.8414235, 53.0497209], [10.8414694, 53.0507278], [10.8414994, 53.0527116], [10.8415374, 53.0544474], [10.8415684, 53.0559012], [10.8415053, 53.057698], [10.8414193, 53.057888], [10.8391307, 53.0613233], [10.8374618, 53.06399], [10.8370909, 53.0649802], [10.836703, 53.0655401], [10.836484, 53.06609], [10.836023, 53.0680008], [10.8360224, 53.0680032], [10.8399496, 53.0441666]]]}}, {"type": "Feature", "properties": {"name": "Naturpark Wendland.Elbe", "stufe": "mild", "art": "Naturpark"}, "geometry": {"type": "Polygon", "coordinates": [[[10.8360224, 53.0680032], [10.8353241, 53.0709465], [10.8344298, 53.0743181], [10.8337999, 53.0769602], [10.8360224, 53.0680032]]]}}, {"type": "Feature", "properties": {"name": "Naturpark Wendland.Elbe", "stufe": "mild", "art": "Naturpark"}, "geometry": {"type": "Polygon", "coordinates": [[[10.8905382, 53.0177281], [10.886516, 53.0179557], [10.8846353, 53.0180517], [10.8831065, 53.0181157], [10.8822449, 53.0181427], [10.8822372, 53.018057], [10.8821724, 53.0180529], [10.8797691, 53.0179557], [10.8747291, 53.0177453], [10.8719517, 53.0191355], [10.8719535, 53.0249291], [10.8716012, 53.0266536], [10.8711065, 53.0271082], [10.8716093, 53.0288054], [10.8712156, 53.0366496], [10.8656609, 53.0379643], [10.8659198, 53.0398091], [10.8634073, 53.0401021], [10.8622186, 53.0403508], [10.8610533, 53.0408462], [10.8609974, 53.0438848], [10.8558125, 53.0429547], [10.8488763, 53.0436927], [10.8486577, 53.0437028], [10.8461269, 53.0438201], [10.8399496, 53.0441666], [10.8905382, 53.0177281]]]}}, {"type": "Feature", "properties": {"name": "Naturpark Wendland.Elbe", "stufe": "mild", "art": "Naturpark"}, "geometry": {"type": "Polygon", "coordinates": [[[10.8890487, 53.006044], [10.8890196, 53.0061841], [10.8890487, 53.006471], [10.8889541, 53.0072789], [10.8888631, 53.0075876], [10.8885939, 53.0080758], [10.888321, 53.0085794], [10.8882446, 53.0091924], [10.8882518, 53.0095252], [10.8882482, 53.0097901], [10.8882867, 53.0099222], [10.8883683, 53.0102017], [10.8885138, 53.0106045], [10.8886339, 53.0110205], [10.8886885, 53.011316], [10.8887249, 53.0119969], [10.8887023, 53.0121193], [10.8885558, 53.0129133], [10.8886138, 53.0132713], [10.8889547, 53.0134053], [10.8891827, 53.0139202], [10.8896436, 53.0145192], [10.8894609, 53.0148619], [10.8903299, 53.0157597], [10.8904138, 53.0160157], [10.8904858, 53.0165674], [10.8904749, 53.0175667], [10.8905382, 53.0177281], [10.8890487, 53.006044]]]}}, {"type": "Feature", "properties": {"name": "Naturpark Wendland.Elbe", "stufe": "mild", "art": "Naturpark"}, "geometry": {"type": "Polygon", "coordinates": [[[10.8926033, 52.9984297], [10.8916085, 52.9994929], [10.8911758, 52.9999988], [10.8908924, 53.00033], [10.8906094, 53.0006609], [10.8904367, 53.0008627], [10.8900987, 53.0012571], [10.8895975, 53.0018419], [10.8882269, 53.003303], [10.8880635, 53.0033854], [10.8881165, 53.0039171], [10.8882844, 53.0041724], [10.8883771, 53.0042947], [10.888492, 53.0044223], [10.8886334, 53.0046004], [10.8890575, 53.004954], [10.8891061, 53.005047], [10.8886069, 53.0051427], [10.8887, 53.0052619], [10.8890487, 53.006044], [10.8926033, 52.9984297]]]}}, {"type": "Feature", "properties": {"name": "Naturpark Wendland.Elbe", "stufe": "mild", "art": "Naturpark"}, "geometry": {"type": "Polygon", "coordinates": [[[10.8450405, 52.9740171], [10.8448591, 52.9741444], [10.8442762, 52.9744414], [10.8434583, 52.9746894], [10.8428064, 52.9749753], [10.8425285, 52.9751403], [10.8424335, 52.9753423], [10.8422925, 52.9759332], [10.8420605, 52.9765052], [10.8417106, 52.9767721], [10.8415006, 52.9771731], [10.8417336, 52.9772231], [10.8413846, 52.9789849], [10.8410806, 52.9790269], [10.8411276, 52.9793508], [10.8414066, 52.9797858], [10.8416885, 52.9799538], [10.8423174, 52.9801947], [10.8431103, 52.9806027], [10.8434362, 52.9805187], [10.8441371, 52.9806907], [10.84493, 52.9808157], [10.8490154, 52.9812507], [10.8502512, 52.9814756], [10.851232, 52.9817006], [10.8532397, 52.9822506], [10.8547805, 52.9826475], [10.8558053, 52.9829565], [10.85765, 52.9838144], [10.8585599, 52.9843214], [10.8590038, 52.9846723], [10.8591478, 52.9848103], [10.8595857, 52.9852223], [10.8602636, 52.9856762], [10.8616633, 52.9864352], [10.8622223, 52.9867021], [10.8630641, 52.9869121], [10.863881, 52.9870841], [10.863927, 52.9872361], [10.8633681, 52.988182], [10.8629721, 52.9887009], [10.8628781, 52.9890939], [10.8629231, 52.9902767], [10.863347, 52.9914746], [10.8639279, 52.9925315], [10.8643738, 52.9929394], [10.8646058, 52.9929814], [10.8648763, 52.9929698], [10.8655866, 52.9929394], [10.8719787, 52.9927715], [10.8729605, 52.9927865], [10.8750472, 52.9928555], [10.876415, 52.9928015], [10.8776283, 52.9928135], [10.8796955, 52.9936082], [10.8802376, 52.9939115], [10.883014, 52.9941318], [10.8854487, 52.9943017], [10.8858522, 52.9945102], [10.8903823, 52.9968529], [10.8909973, 52.9972834], [10.8915119, 52.9977744], [10.8918292, 52.9980115], [10.8921933, 52.9982587], [10.8923979, 52.9983395], [10.8926033, 52.9984297], [10.8450405, 52.9740171]]]}}, {"type": "Feature", "properties": {"name": "Naturpark Wendland.Elbe", "stufe": "mild", "art": "Naturpark"}, "geometry": {"type": "Polygon", "coordinates": [[[10.8681237, 52.9632038], [10.8681687, 52.9628948], [10.8602599, 52.9620519], [10.8584842, 52.9617809], [10.8572704, 52.9615399], [10.8566205, 52.9613879], [10.8562216, 52.9612889], [10.8544259, 52.960781], [10.853514, 52.960499], [10.853281, 52.960797], [10.8520432, 52.9624448], [10.8511113, 52.9633597], [10.8505274, 52.9640926], [10.8503174, 52.9645276], [10.8502004, 52.9652595], [10.8498775, 52.9655424], [10.8498995, 52.9660604], [10.8498285, 52.9672012], [10.8496655, 52.9681321], [10.8493625, 52.9686091], [10.8489916, 52.9688801], [10.8487096, 52.969132], [10.8485236, 52.969441], [10.8483227, 52.9701009], [10.8481967, 52.9705239], [10.8472868, 52.9718477], [10.8466709, 52.9726146], [10.8464699, 52.9728586], [10.845701, 52.9736105], [10.8450405, 52.9740171], [10.8681237, 52.9632038]]]}}, {"type": "Feature", "properties": {"name": "Naturpark Wendland.Elbe", "stufe": "mild", "art": "Naturpark"}, "geometry": {"type": "Polygon", "coordinates": [[[10.873232, 52.9605681], [10.873257, 52.9607241], [10.873164, 52.9612051], [10.873164, 52.961811], [10.8735379, 52.9637568], [10.873232, 52.9605681]]]}}, {"type": "Feature", "properties": {"name": "Naturpark Wendland.Elbe", "stufe": "mild", "art": "Naturpark"}, "geometry": {"type": "Polygon", "coordinates": [[[10.8627806, 52.9292204], [10.8572059, 52.9317893], [10.8542893, 52.9333421], [10.8565949, 52.934174], [10.8528375, 52.9366607], [10.8522956, 52.9369777], [10.8519176, 52.9371946], [10.8521086, 52.9372676], [10.8521326, 52.9377746], [10.8517826, 52.9381945], [10.8518286, 52.9388734], [10.8518286, 52.9398803], [10.8534173, 52.942825], [10.8559748, 52.9474525], [10.8560278, 52.9475515], [10.8560798, 52.9476395], [10.8562428, 52.9477385], [10.8567327, 52.9478385], [10.8569427, 52.9479215], [10.8570827, 52.9483034], [10.8573856, 52.9495433], [10.8591113, 52.9503442], [10.8592283, 52.9504432], [10.8593543, 52.9510991], [10.8598361, 52.9536098], [10.8598541, 52.9537358], [10.8598921, 52.9540098], [10.8601411, 52.9557806], [10.8601861, 52.9559066], [10.860445, 52.9560086], [10.860724, 52.9561196], [10.8644334, 52.9572714], [10.8646973, 52.9573704], [10.8652013, 52.9575574], [10.8695486, 52.9591673], [10.872952, 52.9604261], [10.873232, 52.9605681], [10.8627806, 52.9292204]]]}}, {"type": "Feature", "properties": {"name": "Naturpark Wendland.Elbe", "stufe": "mild", "art": "Naturpark"}, "geometry": {"type": "Polygon", "coordinates": [[[10.8045875, 52.8974038], [10.8062792, 52.8985367], [10.8073441, 52.8992157], [10.8089668, 52.9003185], [10.8098267, 52.9009555], [10.8102206, 52.9011695], [10.8106865, 52.9012834], [10.8127592, 52.9016264], [10.8129722, 52.9014164], [10.814392, 52.9016454], [10.814155, 52.9020384], [10.8136141, 52.9025993], [10.8136131, 52.9027823], [10.8134241, 52.9031372], [10.8133041, 52.9033892], [10.8133031, 52.9035722], [10.813563, 52.9064259], [10.813697, 52.9067268], [10.8139069, 52.9070128], [10.8144359, 52.9077267], [10.8159596, 52.9095765], [10.8157506, 52.9097295], [10.8167818, 52.9108345], [10.8175613, 52.9107634], [10.8178403, 52.9107514], [10.8183384, 52.9111324], [10.8185034, 52.9116534], [10.8191641, 52.9116133], [10.819372, 52.9116553], [10.819512, 52.9118383], [10.819786, 52.9123762], [10.8198539, 52.9126322], [10.8198239, 52.9136581], [10.8198909, 52.9138261], [10.8200759, 52.9141081], [10.8208857, 52.915054], [10.8212327, 52.9154089], [10.8216956, 52.9158059], [10.8215066, 52.9160008], [10.8225505, 52.9166798], [10.8234103, 52.9170767], [10.8277576, 52.9189336], [10.8304552, 52.9200444], [10.831479, 52.9203984], [10.8320049, 52.9217953], [10.8319919, 52.9221232], [10.8324558, 52.9227292], [10.8330647, 52.9233211], [10.8336936, 52.923786], [10.8339736, 52.923912], [10.8353734, 52.924362], [10.8358873, 52.924503], [10.8366812, 52.9248129], [10.837569, 52.9249689], [10.8381049, 52.9250379], [10.8430512, 52.9261858], [10.8429582, 52.9264108], [10.8428622, 52.9265708], [10.8422113, 52.9276617], [10.8423522, 52.9295194], [10.8424232, 52.9297604], [10.8426332, 52.9298024], [10.8428661, 52.9312972], [10.8431691, 52.9318582], [10.8471605, 52.9307903], [10.8498491, 52.9301184], [10.8529166, 52.9275587], [10.8547174, 52.9259649], [10.8555992, 52.9268188], [10.8564711, 52.9276167], [10.8607264, 52.9286956], [10.8614783, 52.9289706], [10.8627806, 52.9292204], [10.8045875, 52.8974038]]]}}, {"type": "Feature", "properties": {"name": "Naturpark Wendland.Elbe", "stufe": "mild", "art": "Naturpark"}, "geometry": {"type": "Polygon", "coordinates": [[[10.8414707, 52.8522187], [10.8394228, 52.853649], [10.8353095, 52.8537259], [10.8326829, 52.8538479], [10.8324049, 52.8543588], [10.831976, 52.8551598], [10.8322069, 52.8551868], [10.8321539, 52.8565296], [10.8319679, 52.8566816], [10.8325249, 52.8569606], [10.8328478, 52.8571245], [10.8330738, 52.8575095], [10.8332498, 52.8592839], [10.8332667, 52.8607141], [10.8323518, 52.861755], [10.8319919, 52.861698], [10.83127, 52.861553], [10.8304561, 52.861481], [10.8296662, 52.861492], [10.8290783, 52.861843], [10.8267947, 52.8624159], [10.8248949, 52.8632848], [10.8234081, 52.8639677], [10.8227073, 52.8643607], [10.8225899, 52.8643881], [10.8207485, 52.8648186], [10.8192618, 52.8650246], [10.8176052, 52.8650979], [10.8169756, 52.8650531], [10.8157011, 52.86506], [10.8139808, 52.8650182], [10.8120603, 52.8651736], [10.811061, 52.8653485], [10.8076136, 52.8655664], [10.8052319, 52.8662913], [10.8037191, 52.8669363], [10.8042181, 52.8671342], [10.8050829, 52.8674892], [10.8137815, 52.8713918], [10.8154652, 52.8735426], [10.8172619, 52.8759043], [10.8208464, 52.8760833], [10.8246805, 52.876159], [10.8247035, 52.8761595], [10.8255041, 52.8761758], [10.8267994, 52.8802799], [10.8270713, 52.8814398], [10.8253916, 52.8814888], [10.8250916, 52.8815157], [10.8246217, 52.8819657], [10.8236818, 52.8831326], [10.8229119, 52.8833165], [10.8232329, 52.8840145], [10.8236678, 52.8849524], [10.8228499, 52.8851203], [10.822359, 52.8853873], [10.8203273, 52.8861692], [10.8183456, 52.8865891], [10.8172277, 52.8868791], [10.8169448, 52.8869511], [10.8148231, 52.88797], [10.8147011, 52.888031], [10.8136293, 52.8886529], [10.813283, 52.8888563], [10.8131103, 52.8889578], [10.8125244, 52.8893358], [10.8116795, 52.8900837], [10.8105297, 52.8904767], [10.8098578, 52.8907966], [10.808231, 52.8932763], [10.8073351, 52.8945732], [10.8045875, 52.8974038], [10.8414707, 52.8522187]]]}}, {"type": "Feature", "properties": {"name": "Naturpark Wendland.Elbe", "stufe": "mild", "art": "Naturpark"}, "geometry": {"type": "Polygon", "coordinates": [[[10.8835666, 52.8469111], [10.883416, 52.846956], [10.8833124, 52.8470822], [10.8831903, 52.847055], [10.8829913, 52.8470408], [10.8823476, 52.8470348], [10.8817173, 52.8470277], [10.8815097, 52.8470075], [10.8813378, 52.8470499], [10.880032, 52.8471741], [10.8793101, 52.8472695], [10.8785439, 52.8473761], [10.8774722, 52.8476103], [10.8769383, 52.847746], [10.8768602, 52.8485696], [10.8767699, 52.8494755], [10.8756079, 52.8497065], [10.8747058, 52.8498818], [10.8746031, 52.8507193], [10.8744242, 52.8513958], [10.8743757, 52.8522095], [10.874257, 52.8525003], [10.8741822, 52.8527164], [10.8730398, 52.8534181], [10.8723008, 52.8538724], [10.8719346, 52.8540844], [10.8708947, 52.8545666], [10.8700169, 52.8549719], [10.8691193, 52.8553876], [10.8675006, 52.8555756], [10.8660104, 52.8557468], [10.8658805, 52.8556634], [10.8654207, 52.8555736], [10.8646231, 52.8554242], [10.8638908, 52.8552879], [10.8636106, 52.8552137], [10.8611726, 52.8541975], [10.8592052, 52.8534011], [10.8596164, 52.8527827], [10.8604053, 52.8516164], [10.8578116, 52.8515634], [10.856968, 52.8516702], [10.8547205, 52.8519172], [10.8543256, 52.8520732], [10.8534397, 52.8525502], [10.8532287, 52.8526342], [10.8528108, 52.8526762], [10.8523939, 52.8526462], [10.8519289, 52.8525472], [10.851628, 52.8527451], [10.8508141, 52.8523182], [10.8504202, 52.8521612], [10.8505142, 52.8519672], [10.8494953, 52.8516233], [10.8490064, 52.8516232], [10.8488904, 52.8518752], [10.8484485, 52.8517762], [10.8483737, 52.8516194], [10.8479808, 52.8514515], [10.8475404, 52.8514166], [10.8469019, 52.8514492], [10.8460758, 52.8514746], [10.8456036, 52.8515042], [10.8414707, 52.8522187], [10.8835666, 52.8469111]]]}}, {"type": "Feature", "properties": {"name": "Naturpark Wendland.Elbe", "stufe": "mild", "art": "Naturpark"}, "geometry": {"type": "Polygon", "coordinates": [[[10.9063408, 52.8543315], [10.9064137, 52.8544183], [10.9063292, 52.8545349], [10.9062167, 52.8546162], [10.9061981, 52.8546505], [10.9062326, 52.854704], [10.906277, 52.8547457], [10.9063957, 52.8548062], [10.9064187, 52.8548094], [10.9066208, 52.8547676], [10.9067608, 52.8546365], [10.9067839, 52.8546376], [10.9070329, 52.8547339], [10.9071011, 52.8547473], [10.9072004, 52.8548313], [10.906915, 52.8549127], [10.9068131, 52.8548559], [10.906682, 52.8548811], [10.9066102, 52.8549036], [10.9064232, 52.8548929], [10.9063629, 52.8548977], [10.9062902, 52.8549491], [10.9063124, 52.8549924], [10.9063665, 52.8550352], [10.9063505, 52.8550818], [10.906269, 52.8551069], [10.9060962, 52.8551107], [10.9059039, 52.8551524], [10.9058516, 52.855139], [10.9058463, 52.8551107], [10.9059615, 52.8549897], [10.9060457, 52.8549287], [10.9060643, 52.8548704], [10.9060155, 52.8548485], [10.9059296, 52.8548458], [10.9058879, 52.8548147], [10.9058675, 52.8547543], [10.9057195, 52.8546569], [10.9056399, 52.8546316], [10.9056, 52.8546866], [10.9055577, 52.8548017], [10.9054319, 52.8549146], [10.9053413, 52.854917], [10.9049312, 52.8547882], [10.9048174, 52.854704], [10.9046933, 52.8546708], [10.9046054, 52.8547115], [10.9045524, 52.8549673], [10.9045453, 52.8550828], [10.9044797, 52.8551802], [10.9043973, 52.8551893], [10.9042768, 52.8551701], [10.9042068, 52.855199], [10.9042103, 52.8552535], [10.9042457, 52.8553103], [10.9041748, 52.8553852], [10.9040304, 52.8554146], [10.9038434, 52.8554039], [10.9037885, 52.8553242], [10.9038239, 52.8552653], [10.9039266, 52.8551608], [10.9039125, 52.8549121], [10.9038083, 52.8548235], [10.9036218, 52.8547077], [10.9036499, 52.8545889], [10.9035722, 52.8544152], [10.9034871, 52.8543743], [10.903349, 52.854369], [10.9032523, 52.8543872], [10.9031809, 52.8544243], [10.9031273, 52.8545686], [10.9033737, 52.8546612], [10.9033755, 52.8546863], [10.9032558, 52.8548196], [10.9031087, 52.8548752], [10.9029155, 52.8548971], [10.9027631, 52.8548897], [10.9027259, 52.8548276], [10.9027321, 52.8547013], [10.9026759, 52.8546011], [10.9024923, 52.8545856], [10.9021859, 52.8545366], [10.9019952, 52.8546373], [10.9018459, 52.8546593], [10.9017258, 52.8546569], [10.9017608, 52.8547412], [10.9018344, 52.8548196], [10.9017806, 52.8550105], [10.9017993, 52.8550766], [10.9018076, 52.8551437], [10.9017525, 52.8551962], [10.9016421, 52.855212], [10.9015399, 52.8551739], [10.9014329, 52.8550397], [10.9013675, 52.8549583], [10.9010594, 52.8548366], [10.9007033, 52.8547937], [10.9004917, 52.8548372], [10.9001975, 52.8548876], [10.9000642, 52.8548932], [10.8998863, 52.8548817], [10.8996997, 52.8548553], [10.8994556, 52.8547912], [10.8993599, 52.8548078], [10.8992779, 52.8548432], [10.8992545, 52.8548765], [10.89927, 52.855065], [10.8993524, 52.8550754], [10.8994644, 52.8550706], [10.8996437, 52.8551156], [10.8996864, 52.8551754], [10.8996792, 52.8552594], [10.8996006, 52.8553149], [10.8994588, 52.8553722], [10.899368, 52.8554289], [10.899349, 52.8555037], [10.8993645, 52.8556435], [10.8992973, 52.8557598], [10.899255, 52.8557803], [10.8991162, 52.8557682], [10.8989231, 52.8556985], [10.8988336, 52.855639], [10.8987739, 52.8555329], [10.8987086, 52.8555266], [10.8984605, 52.8555535], [10.8983425, 52.8555309], [10.8982631, 52.8554368], [10.8981109, 52.8554348], [10.8980363, 52.8554386], [10.8979701, 52.8554921], [10.8980223, 52.8555529], [10.8981924, 52.855668], [10.8981955, 52.8557714], [10.8981586, 52.8558318], [10.8979412, 52.8559284], [10.897886, 52.856043], [10.8977963, 52.856131], [10.8975005, 52.856186], [10.8973715, 52.8561559], [10.8973142, 52.8560577], [10.8973295, 52.8559526], [10.8972305, 52.8558824], [10.8970338, 52.8558416], [10.8968904, 52.8558401], [10.8964557, 52.8559158], [10.8962901, 52.8559572], [10.8961436, 52.855987], [10.8960172, 52.8558797], [10.8959813, 52.8558742], [10.8959206, 52.8558939], [10.8958304, 52.8559027], [10.8957438, 52.8559317], [10.8956849, 52.8559189], [10.8956465, 52.8558673], [10.8956209, 52.8558336], [10.8955432, 52.8558308], [10.8955148, 52.8557959], [10.8955656, 52.8557511], [10.8954935, 52.8556564], [10.8955562, 52.8556029], [10.895496, 52.855565], [10.8954504, 52.8554503], [10.8954328, 52.8553323], [10.8954144, 52.8552115], [10.8953277, 52.8545967], [10.8952914, 52.8543546], [10.8952036, 52.8537301], [10.8951559, 52.8533961], [10.8953504, 52.8533705], [10.8952118, 52.8530627], [10.8946851, 52.8518562], [10.8941183, 52.8505577], [10.8930699, 52.8481546], [10.8929519, 52.8480128], [10.8919598, 52.8473791], [10.8908168, 52.8466477], [10.8907509, 52.8458482], [10.8847635, 52.845832], [10.8842169, 52.8463663], [10.8837085, 52.8468722], [10.8835666, 52.8469111], [10.9063408, 52.8543315]]]}}, {"type": "Feature", "properties": {"name": "Naturpark Wendland.Elbe", "stufe": "mild", "art": "Naturpark"}, "geometry": {"type": "Polygon", "coordinates": [[[10.9299727, 52.8532324], [10.9294424, 52.8533689], [10.9292415, 52.8533351], [10.9289827, 52.8532691], [10.9288174, 52.8532676], [10.928672, 52.8533063], [10.9285774, 52.8533284], [10.9284938, 52.8533226], [10.9284755, 52.8533104], [10.9284045, 52.8531846], [10.9283399, 52.8529802], [10.9283381, 52.8528784], [10.9283158, 52.8528544], [10.928258, 52.8528344], [10.9281172, 52.8528719], [10.9279285, 52.8529283], [10.9278918, 52.8529669], [10.9278966, 52.853025], [10.927915, 52.853072], [10.9279333, 52.8531069], [10.9279327, 52.8531895], [10.9276931, 52.8534403], [10.9275968, 52.8534561], [10.9274999, 52.8534029], [10.9274988, 52.8532824], [10.9275904, 52.8531429], [10.9275663, 52.8530661], [10.927498, 52.853033], [10.9273959, 52.8530202], [10.9272793, 52.853033], [10.9270376, 52.8530993], [10.9269393, 52.8531892], [10.9268043, 52.8533116], [10.926687, 52.8534168], [10.9264058, 52.8536355], [10.9263432, 52.8536959], [10.9262796, 52.8537681], [10.9262122, 52.8537984], [10.9260674, 52.8538212], [10.9256035, 52.8538187], [10.9255274, 52.8538007], [10.9254754, 52.8537704], [10.9254465, 52.8537158], [10.9253833, 52.8536955], [10.9251993, 52.8536959], [10.9248352, 52.8537149], [10.9247097, 52.8536884], [10.9246529, 52.8536384], [10.9245142, 52.8534418], [10.9244574, 52.8533895], [10.9243481, 52.8533483], [10.9242455, 52.8533373], [10.9240519, 52.8533319], [10.9238223, 52.8532989], [10.9237437, 52.8532842], [10.923632, 52.8532953], [10.9235623, 52.8533578], [10.9235617, 52.8534128], [10.9235338, 52.8534721], [10.9234712, 52.8535204], [10.9234365, 52.8535366], [10.9233382, 52.8535366], [10.9231003, 52.8534959], [10.9229284, 52.8534807], [10.9226013, 52.8534168], [10.9224628, 52.8534104], [10.9221355, 52.85344], [10.9219274, 52.8534264], [10.9217674, 52.8533971], [10.9216952, 52.8534011], [10.9216381, 52.8534239], [10.9215401, 52.8535145], [10.9214736, 52.8535884], [10.9213667, 52.8536064], [10.9212696, 52.8535954], [10.9209474, 52.8535015], [10.9207249, 52.8534334], [10.9205189, 52.8533995], [10.9201621, 52.8533613], [10.9199898, 52.8533534], [10.9198665, 52.8533863], [10.9197397, 52.8534077], [10.9195187, 52.8533819], [10.9192139, 52.8533978], [10.9187694, 52.8533777], [10.9184692, 52.8533374], [10.9182411, 52.8533353], [10.9180135, 52.8533913], [10.9177258, 52.8535045], [10.9175872, 52.8535495], [10.9173345, 52.8535966], [10.9171875, 52.8535762], [10.917091, 52.8535366], [10.9170451, 52.8535089], [10.9169002, 52.8534184], [10.916737, 52.8533341], [10.9166161, 52.8532974], [10.9164166, 52.8532176], [10.9163099, 52.8531611], [10.9162605, 52.8531259], [10.9161301, 52.8530874], [10.9157755, 52.8530608], [10.9156056, 52.8530904], [10.9154158, 52.8531479], [10.915218, 52.8531754], [10.9151513, 52.8531596], [10.9151018, 52.8531081], [10.9151035, 52.8529841], [10.9150745, 52.8529145], [10.9149705, 52.8528528], [10.9148525, 52.8528229], [10.9146764, 52.8527429], [10.9145172, 52.8527301], [10.9144226, 52.852751], [10.9143159, 52.8528427], [10.9142311, 52.8530287], [10.9143524, 52.8531735], [10.9143561, 52.853264], [10.9143374, 52.8532804], [10.9142091, 52.8532934], [10.9140227, 52.8532668], [10.9139575, 52.8532354], [10.9138816, 52.8531804], [10.9137745, 52.8531312], [10.9136317, 52.8531275], [10.9131094, 52.8531933], [10.9130428, 52.8532136], [10.9128313, 52.8533477], [10.9127405, 52.8533494], [10.9126609, 52.8534156], [10.9126515, 52.8534665], [10.912714, 52.8536785], [10.9127421, 52.8538055], [10.9126927, 52.8538907], [10.9125772, 52.8539301], [10.912467, 52.8539308], [10.912364, 52.8539212], [10.9122464, 52.8539497], [10.9120405, 52.8540779], [10.9119566, 52.8541514], [10.9117051, 52.8542213], [10.9114649, 52.8542362], [10.9112944, 52.8542792], [10.9111448, 52.8543558], [10.9110069, 52.8543884], [10.9109591, 52.8543878], [10.9108912, 52.8543491], [10.9108392, 52.8542481], [10.9107751, 52.8542274], [10.9105919, 52.8542141], [10.9105038, 52.8542296], [10.9104049, 52.8542735], [10.9103633, 52.8543235], [10.9103261, 52.8544145], [10.9102225, 52.8545348], [10.91021, 52.8545891], [10.9101324, 52.8546261], [10.9100374, 52.854599], [10.9100234, 52.8545761], [10.9100221, 52.8545424], [10.9100474, 52.854469], [10.9100018, 52.8544466], [10.9097199, 52.8544434], [10.9096551, 52.854388], [10.9096401, 52.8543101], [10.909641, 52.8542047], [10.9095832, 52.8541563], [10.909509, 52.8541239], [10.90939, 52.8541175], [10.9093386, 52.8541261], [10.9091261, 52.8542566], [10.9090776, 52.8542904], [10.9089476, 52.8543254], [10.9088266, 52.8543302], [10.9087991, 52.8543272], [10.9087389, 52.8542775], [10.9085847, 52.8541121], [10.908447, 52.8540579], [10.9083807, 52.8540515], [10.9083146, 52.8540812], [10.908146, 52.8542202], [10.9080343, 52.8542678], [10.9079457, 52.8542341], [10.9078597, 52.8540864], [10.9077182, 52.8540139], [10.9076027, 52.853981], [10.907523, 52.8539826], [10.9074468, 52.8540045], [10.907343, 52.85408], [10.9073674, 52.8541635], [10.9073493, 52.8541892], [10.9072638, 52.8542015], [10.907009, 52.854156], [10.9066195, 52.8542635], [10.906471, 52.8542644], [10.9064059, 52.8542999], [10.9063886, 52.8543355], [10.9063408, 52.8543315], [10.9299727, 52.8532324]]]}}, {"type": "Feature", "properties": {"name": "Naturpark Wendland.Elbe", "stufe": "mild", "art": "Naturpark"}, "geometry": {"type": "Polygon", "coordinates": [[[10.9414155, 52.8538187], [10.9412739, 52.8537934], [10.941208, 52.8537635], [10.9410577, 52.853657], [10.9409949, 52.8536166], [10.9406447, 52.8534965], [10.9406414, 52.8534756], [10.9408227, 52.8532994], [10.9408532, 52.8532752], [10.9407909, 52.8531469], [10.9406025, 52.8531063], [10.9405328, 52.8530943], [10.9404221, 52.8531121], [10.9403604, 52.8531342], [10.9402622, 52.8531231], [10.9401842, 52.85309], [10.9401421, 52.8530344], [10.9401102, 52.8529745], [10.9400522, 52.852869], [10.9400346, 52.8528125], [10.9399312, 52.8527298], [10.9396598, 52.8528811], [10.9392714, 52.8529958], [10.939061, 52.8530542], [10.9389894, 52.853075], [10.938665, 52.853166], [10.9386602, 52.8531519], [10.9384776, 52.8531123], [10.9385148, 52.8530021], [10.938754, 52.8529277], [10.9389418, 52.8528661], [10.9390207, 52.8528294], [10.9390676, 52.8527741], [10.9390575, 52.8526921], [10.9389939, 52.852614], [10.9389337, 52.8525691], [10.938865, 52.8525414], [10.9387766, 52.8525264], [10.9386846, 52.8525379], [10.9385132, 52.8526445], [10.9382628, 52.8528143], [10.9381992, 52.8528893], [10.9381819, 52.8529027], [10.9381453, 52.8528934], [10.9378679, 52.8527695], [10.937786, 52.8527136], [10.9376735, 52.8526893], [10.9371427, 52.8526358], [10.936821, 52.8526294], [10.9363394, 52.8527073], [10.9361083, 52.8527518], [10.9359651, 52.8527881], [10.9355785, 52.8528277], [10.9355516, 52.8528469], [10.9356267, 52.8529149], [10.93562, 52.8529446], [10.9355593, 52.8529772], [10.9354283, 52.8529719], [10.9352761, 52.8529452], [10.9351345, 52.8529481], [10.9350893, 52.8529673], [10.9350984, 52.8530097], [10.9352039, 52.853051], [10.9352588, 52.8530946], [10.935253, 52.8531179], [10.9351991, 52.8531516], [10.9350536, 52.8531772], [10.9345991, 52.8531452], [10.9344546, 52.8530993], [10.9343958, 52.8530823], [10.9341264, 52.8530907], [10.9339712, 52.8531103], [10.9339397, 52.853184], [10.9339981, 52.853433], [10.933999, 52.8535684], [10.9338854, 52.8536297], [10.9338131, 52.8536692], [10.9336866, 52.853752], [10.9335957, 52.853779], [10.9334591, 52.8537533], [10.9334614, 52.8536805], [10.9335324, 52.8535999], [10.933521, 52.8535156], [10.9334606, 52.8534767], [10.9333913, 52.8534965], [10.9333397, 52.853566], [10.9332656, 52.8536685], [10.9330635, 52.8537224], [10.9329468, 52.8536977], [10.932872, 52.8536427], [10.9329078, 52.8535116], [10.9329117, 52.8534628], [10.9328252, 52.8534024], [10.932693, 52.8533848], [10.9324205, 52.8533593], [10.9320689, 52.8532866], [10.9319495, 52.8532738], [10.9317887, 52.8532738], [10.9316728, 52.8532719], [10.9315492, 52.8534035], [10.9315072, 52.8534946], [10.9313733, 52.8535206], [10.931192, 52.8534764], [10.9307044, 52.8532962], [10.9306172, 52.8532594], [10.9304287, 52.8531914], [10.9302937, 52.8531941], [10.9299727, 52.8532324], [10.9414155, 52.8538187]]]}}, {"type": "Feature", "properties": {"name": "Naturpark Wendland.Elbe", "stufe": "mild", "art": "Naturpark"}, "geometry": {"type": "Polygon", "coordinates": [[[10.9739648, 52.8772318], [10.973767, 52.8774405], [10.9736244, 52.8775287], [10.973456, 52.8775674], [10.9731689, 52.8776099], [10.9726668, 52.8776834], [10.9721044, 52.8777663], [10.9717913, 52.8778183], [10.9714611, 52.8778759], [10.9712175, 52.8779165], [10.9710633, 52.8779541], [10.9706328, 52.8780818], [10.9702789, 52.8781909], [10.9699617, 52.8782867], [10.9697804, 52.8783419], [10.9696348, 52.8783999], [10.9693277, 52.8785577], [10.969129, 52.8786567], [10.9687533, 52.8788361], [10.9685446, 52.8789382], [10.9680513, 52.8791854], [10.9677269, 52.8793584], [10.9677689, 52.8791877], [10.9678265, 52.8790911], [10.9678523, 52.8785813], [10.9679118, 52.8784677], [10.9681043, 52.8781863], [10.9681214, 52.8781088], [10.9680275, 52.8779008], [10.9681284, 52.8777041], [10.9682099, 52.8775795], [10.9683081, 52.8775002], [10.9682577, 52.8774449], [10.9681233, 52.8773871], [10.9680624, 52.8773826], [10.9680377, 52.8773579], [10.9681905, 52.8771133], [10.9683668, 52.8769359], [10.9684258, 52.87677], [10.9684026, 52.8767104], [10.9682026, 52.8765707], [10.9681503, 52.876462], [10.968148, 52.8763698], [10.9680101, 52.8758197], [10.9679464, 52.8757038], [10.9678037, 52.8755632], [10.967717, 52.8755267], [10.9677333, 52.8754512], [10.9677884, 52.8753806], [10.9677628, 52.8753496], [10.9676781, 52.8752945], [10.9676125, 52.8752741], [10.9674968, 52.8752036], [10.966938, 52.8751208], [10.9667887, 52.8750755], [10.9665343, 52.8749955], [10.9663191, 52.8748669], [10.9660521, 52.8745383], [10.9653822, 52.8740424], [10.9647973, 52.8739544], [10.9645243, 52.8739284], [10.9643623, 52.8736194], [10.9645503, 52.8733065], [10.9649462, 52.8731915], [10.9652932, 52.8730815], [10.9652012, 52.8729135], [10.9647833, 52.8726006], [10.9645393, 52.8727265], [10.9643203, 52.8727835], [10.9633825, 52.8719636], [10.9632095, 52.8717077], [10.9629796, 52.8712697], [10.9628626, 52.8712007], [10.9622837, 52.8710857], [10.9618887, 52.8710407], [10.9613068, 52.8710287], [10.9607979, 52.8709567], [10.960007, 52.8708417], [10.9594961, 52.8707127], [10.9594971, 52.8705962], [10.9594981, 52.8704868], [10.9595011, 52.8700368], [10.9593382, 52.8698808], [10.9590852, 52.8697358], [10.9587592, 52.8697928], [10.9584113, 52.8698348], [10.9579234, 52.8695109], [10.9578784, 52.8693659], [10.9579254, 52.8689999], [10.9582743, 52.8689199], [10.9585313, 52.8689039], [10.9584413, 52.867943], [10.9582564, 52.8678741], [10.9580024, 52.8676341], [10.9570745, 52.8674321], [10.9567046, 52.8670921], [10.9572191, 52.8668331], [10.9571295, 52.8667803], [10.9570783, 52.8667627], [10.9569832, 52.8666821], [10.956939, 52.8666064], [10.9569813, 52.8665351], [10.9569754, 52.8664954], [10.9568185, 52.8663904], [10.9567682, 52.8663616], [10.9565799, 52.8663654], [10.9565142, 52.8663935], [10.9564705, 52.8664259], [10.9564168, 52.8664409], [10.9560563, 52.8664738], [10.955889, 52.8664571], [10.9558102, 52.8664315], [10.9557551, 52.8663881], [10.9557349, 52.8661949], [10.9557336, 52.8661738], [10.9557299, 52.8661115], [10.9557456, 52.8660618], [10.9557394, 52.8659376], [10.9557615, 52.8658226], [10.9557299, 52.8655008], [10.9557073, 52.8653854], [10.9556527, 52.8653403], [10.9554832, 52.8652959], [10.9553993, 52.8652507], [10.955368, 52.8652129], [10.9553548, 52.8651292], [10.955378, 52.865095], [10.955447, 52.8650402], [10.9554921, 52.8649886], [10.9554773, 52.864933], [10.9553401, 52.8648967], [10.9552304, 52.8649184], [10.9551202, 52.8648782], [10.9549769, 52.8647955], [10.954916, 52.8647988], [10.9547521, 52.864839], [10.9544707, 52.8647533], [10.9542976, 52.8646007], [10.9542643, 52.8644824], [10.9542724, 52.8643386], [10.9541927, 52.864169], [10.9542156, 52.8640225], [10.9541927, 52.8639789], [10.9539861, 52.8638414], [10.953946, 52.8637881], [10.9539225, 52.8636787], [10.9538749, 52.8635851], [10.953805, 52.8634932], [10.9537278, 52.8634443], [10.95356, 52.8633744], [10.9534772, 52.8633102], [10.9533899, 52.8631157], [10.9533206, 52.8630937], [10.9531239, 52.8631161], [10.9529833, 52.8631478], [10.9528289, 52.8630674], [10.9526661, 52.863012], [10.9524082, 52.8628587], [10.9523629, 52.8628467], [10.9522684, 52.862841], [10.9521948, 52.8628258], [10.9521691, 52.8627867], [10.9521853, 52.8627731], [10.952277, 52.8627219], [10.9523858, 52.8626767], [10.9524093, 52.8626361], [10.9524194, 52.8625787], [10.9523486, 52.862466], [10.95235, 52.8623761], [10.9522864, 52.8623253], [10.9521537, 52.8622954], [10.9520166, 52.8622832], [10.9519825, 52.8622575], [10.9519277, 52.8621326], [10.9519034, 52.862038], [10.9518116, 52.8618643], [10.9517581, 52.8618285], [10.9513572, 52.8617773], [10.9512725, 52.861718], [10.9512311, 52.8615987], [10.9511732, 52.8615982], [10.9510669, 52.8616512], [10.950937, 52.861691], [10.9508641, 52.8616602], [10.9507209, 52.8614894], [10.9506944, 52.8614373], [10.9507154, 52.8613966], [10.9508374, 52.8612872], [10.9508614, 52.8612472], [10.9508603, 52.8612309], [10.9508178, 52.861181], [10.9507987, 52.861172], [10.9507306, 52.8611564], [10.9506235, 52.8611551], [10.9505236, 52.8611692], [10.9503272, 52.8612265], [10.950216, 52.861236], [10.9501657, 52.8612352], [10.9501588, 52.8611769], [10.9501666, 52.8611216], [10.9500896, 52.8609425], [10.9502681, 52.8609448], [10.9503799, 52.8609253], [10.9504152, 52.8608928], [10.950424, 52.8608572], [10.9503793, 52.8608359], [10.9500863, 52.8608882], [10.9500741, 52.8608359], [10.9501174, 52.860778], [10.9503503, 52.8606905], [10.9504116, 52.8606394], [10.9504094, 52.8606224], [10.9503316, 52.8605741], [10.950139, 52.8605341], [10.9500407, 52.8604862], [10.9499651, 52.8604775], [10.949836, 52.8605151], [10.9497825, 52.8605165], [10.9497366, 52.8604868], [10.9497118, 52.8604402], [10.949735, 52.8604055], [10.9498244, 52.8603605], [10.9499552, 52.8603492], [10.9500402, 52.8603286], [10.9503089, 52.8602443], [10.9502951, 52.8602029], [10.9502107, 52.8601926], [10.9499769, 52.8602539], [10.9498961, 52.8601033], [10.9498542, 52.86009], [10.9496478, 52.860099], [10.9495336, 52.8601246], [10.9495015, 52.860116], [10.9494056, 52.8600342], [10.9494116, 52.8599131], [10.9493702, 52.8598587], [10.9492609, 52.8597901], [10.9492802, 52.8597401], [10.9493735, 52.8596572], [10.9493387, 52.8596125], [10.9492234, 52.8595828], [10.9491086, 52.8595719], [10.9490402, 52.8595512], [10.9490113, 52.8595269], [10.9492074, 52.8594336], [10.9492162, 52.8594139], [10.9491853, 52.8593653], [10.9490551, 52.8592813], [10.9487488, 52.8592516], [10.9485325, 52.8591983], [10.9484243, 52.8591517], [10.9484695, 52.8591134], [10.9485705, 52.85911], [10.9486798, 52.8590204], [10.9487499, 52.8589831], [10.9488674, 52.8588974], [10.9488719, 52.8588618], [10.9488553, 52.8588481], [10.9487631, 52.8588271], [10.9484706, 52.8588121], [10.9483448, 52.8588195], [10.9480995, 52.858832], [10.947847, 52.8588383], [10.9477642, 52.8588158], [10.9476219, 52.8587462], [10.9477107, 52.8586552], [10.9477825, 52.8586332], [10.947836, 52.8586322], [10.9478741, 52.8585679], [10.9477902, 52.8584649], [10.9476997, 52.8584649], [10.9475176, 52.8586915], [10.9474403, 52.8586389], [10.9473848, 52.8585048], [10.9473485, 52.8584527], [10.9472146, 52.858393], [10.9471075, 52.858373], [10.9469773, 52.8583633], [10.9469486, 52.8583466], [10.9469546, 52.8583256], [10.9469874, 52.8582694], [10.9470868, 52.8581604], [10.9470848, 52.8581211], [10.9469607, 52.8580431], [10.9466726, 52.8577978], [10.9464935, 52.8576572], [10.9464268, 52.857591], [10.9462097, 52.8573768], [10.946032, 52.8573076], [10.9457892, 52.8572376], [10.9455209, 52.8571918], [10.945222, 52.8570997], [10.9451027, 52.8570669], [10.9450651, 52.8570453], [10.9449573, 52.856801], [10.9449351, 52.8566823], [10.9448878, 52.8565765], [10.9447397, 52.8564294], [10.9446937, 52.8563417], [10.9447035, 52.8562941], [10.9447329, 52.8562208], [10.944681, 52.8561426], [10.9445287, 52.856022], [10.9444771, 52.8559685], [10.9443097, 52.8558442], [10.9441529, 52.855768], [10.9439752, 52.8557464], [10.9438105, 52.8557505], [10.9435954, 52.8558038], [10.9434592, 52.8557743], [10.943294, 52.8557019], [10.9430704, 52.8555079], [10.943052, 52.8553969], [10.9431653, 52.8552445], [10.9431568, 52.8551565], [10.9431177, 52.8551035], [10.9430971, 52.8550801], [10.9429581, 52.8549658], [10.9425987, 52.8547663], [10.9424174, 52.8546657], [10.9423626, 52.85463], [10.9422745, 52.854553], [10.9421434, 52.8544528], [10.9420742, 52.8543815], [10.9420712, 52.854287], [10.9420892, 52.8541843], [10.9420788, 52.8540957], [10.942086, 52.8540494], [10.9421075, 52.8540142], [10.9421036, 52.8539689], [10.9421209, 52.8538938], [10.9421043, 52.853858], [10.9420524, 52.8538428], [10.9417657, 52.8538137], [10.9414155, 52.8538187], [10.9739648, 52.8772318]]]}}, {"type": "Feature", "properties": {"name": "Naturpark Wendland.Elbe", "stufe": "mild", "art": "Naturpark"}, "geometry": {"type": "Polygon", "coordinates": [[[10.9887924, 52.8937104], [10.988668, 52.8932629], [10.9885663, 52.892907], [10.9885726, 52.8927757], [10.9886331, 52.8925545], [10.9887529, 52.8920681], [10.9888062, 52.8919527], [10.9891171, 52.8914927], [10.9894084, 52.8910559], [10.9897863, 52.8904874], [10.9899889, 52.8901779], [10.9902623, 52.8897725], [10.990283, 52.8897028], [10.9902572, 52.8895567], [10.9901309, 52.8890082], [10.9899965, 52.8884257], [10.989917, 52.8880808], [10.9898398, 52.8878048], [10.9897066, 52.8874899], [10.9896297, 52.8873051], [10.9893834, 52.8868436], [10.9892001, 52.8865013], [10.9889629, 52.8860553], [10.9888911, 52.8858846], [10.9887921, 52.8857464], [10.9880684, 52.885111], [10.9871296, 52.8842823], [10.9869256, 52.8841066], [10.986882, 52.8840505], [10.9868283, 52.8839807], [10.9868106, 52.8838851], [10.9865234, 52.8834624], [10.9861777, 52.8829462], [10.9858131, 52.8824014], [10.9856451, 52.8821267], [10.9853862, 52.8817699], [10.985332, 52.8817292], [10.9851791, 52.8816873], [10.984325, 52.8814446], [10.9835416, 52.8812123], [10.9833129, 52.8811365], [10.9831906, 52.8810757], [10.9828856, 52.8808925], [10.9826004, 52.8807028], [10.9822492, 52.8804979], [10.9809515, 52.8797256], [10.9804635, 52.8794341], [10.9804045, 52.8793849], [10.9794648, 52.8783414], [10.9793876, 52.8782915], [10.979269, 52.8782614], [10.9781831, 52.878323], [10.9776712, 52.878555], [10.9772313, 52.878349], [10.9764424, 52.878555], [10.9757925, 52.878189], [10.9754905, 52.878231], [10.9749741, 52.8777225], [10.9748437, 52.8775941], [10.9739648, 52.8772318], [10.9887924, 52.8937104]]]}}, {"type": "Feature", "properties": {"name": "Naturpark Wendland.Elbe", "stufe": "mild", "art": "Naturpark"}, "geometry": {"type": "Polygon", "coordinates": [[[10.9923755, 52.9062218], [10.9932364, 52.9049761], [10.9933064, 52.9047091], [10.9932824, 52.9042012], [10.9930254, 52.9034423], [10.9922336, 52.9022864], [10.9916707, 52.9018364], [10.9908558, 52.9013445], [10.9893381, 52.9000776], [10.9892771, 52.8999976], [10.9890331, 52.8996967], [10.9889881, 52.8994717], [10.9891041, 52.8985368], [10.9891361, 52.8982278], [10.9893941, 52.8982318], [10.9895791, 52.8982318], [10.989745, 52.8975679], [10.9897711, 52.896591], [10.9894481, 52.89632], [10.9891682, 52.8961411], [10.9890082, 52.8952332], [10.9892032, 52.8951992], [10.9893361, 52.8947982], [10.9889304, 52.8942164], [10.9887924, 52.8937104], [10.9923755, 52.9062218]]]}}, {"type": "Feature", "properties": {"name": "Naturpark Wendland.Elbe", "stufe": "mild", "art": "Naturpark"}, "geometry": {"type": "Polygon", "coordinates": [[[10.9978699, 52.9106064], [10.9977176, 52.9105685], [10.9976872, 52.9103997], [10.9976256, 52.9099356], [10.9975086, 52.9097216], [10.9972757, 52.9095686], [10.9970877, 52.9095386], [10.9967238, 52.9096376], [10.9963398, 52.9097366], [10.9961769, 52.9096946], [10.9960849, 52.9095806], [10.9960849, 52.9088747], [10.9960849, 52.9087637], [10.9960459, 52.9084247], [10.9959439, 52.9081197], [10.9958979, 52.9079058], [10.9958979, 52.9075818], [10.995711, 52.9073448], [10.99529, 52.9070629], [10.9951031, 52.9070169], [10.9948701, 52.9070249], [10.9943572, 52.9070319], [10.9934003, 52.9069899], [10.9928864, 52.9068489], [10.9923533, 52.9064789], [10.9923755, 52.9062218], [10.9978699, 52.9106064]]]}}, {"type": "Feature", "properties": {"name": "Naturpark Wendland.Elbe", "stufe": "mild", "art": "Naturpark"}, "geometry": {"type": "Polygon", "coordinates": [[[11.0127879, 52.9097612], [11.0124583, 52.9101204], [11.0120558, 52.9101255], [11.0117787, 52.9098805], [11.0117041, 52.9099905], [11.0114306, 52.9101154], [11.0108588, 52.9100955], [11.0100383, 52.9098905], [11.0099554, 52.9100605], [11.0100135, 52.9104103], [11.0101212, 52.9105153], [11.0101709, 52.9106502], [11.0100466, 52.9107552], [11.0095825, 52.9107802], [11.0089029, 52.9107002], [11.0087372, 52.9107302], [11.0088698, 52.9109201], [11.0088035, 52.911085], [11.0081404, 52.9114199], [11.0075686, 52.9116298], [11.0072288, 52.9115499], [11.0067816, 52.9112266], [11.0064769, 52.9114414], [11.0061379, 52.9115015], [11.005463, 52.9113684], [11.0051092, 52.9113384], [11.0046839, 52.9115383], [11.0041628, 52.9115743], [11.0037723, 52.9115163], [11.0033839, 52.9112674], [11.003289, 52.9111024], [11.0031221, 52.9110995], [11.0028107, 52.9113353], [11.0024912, 52.9114733], [11.0021469, 52.9114982], [11.0017473, 52.9112283], [11.0015465, 52.9112624], [11.0012182, 52.9115072], [11.000736, 52.9114743], [10.9999737, 52.9111994], [10.9995392, 52.9108763], [10.9986375, 52.9107975], [10.9978699, 52.9106064], [11.0127879, 52.9097612]]]}}, {"type": "Feature", "properties": {"name": "Naturpark Wendland.Elbe", "stufe": "mild", "art": "Naturpark"}, "geometry": {"type": "Polygon", "coordinates": [[[11.0291355, 52.9119381], [11.0287615, 52.9119797], [11.0282153, 52.9120404], [11.027883, 52.9120441], [11.0275838, 52.911996], [11.0270259, 52.9117972], [11.0265129, 52.9115858], [11.0262704, 52.9115274], [11.0252102, 52.9113387], [11.0248118, 52.9112689], [11.0244398, 52.9111993], [11.0235865, 52.9110477], [11.0217559, 52.9105306], [11.020847, 52.9104616], [11.0202631, 52.9103886], [11.0196812, 52.9103466], [11.0196222, 52.9105146], [11.0195152, 52.9108236], [11.0173936, 52.9105686], [11.0169986, 52.9104846], [11.0163677, 52.9102016], [11.0160244, 52.9102016], [11.0145634, 52.9102204], [11.0138248, 52.9101225], [11.0131734, 52.9099271], [11.0129471, 52.9096864], [11.0127879, 52.9097612], [11.0291355, 52.9119381]]]}}, {"type": "Feature", "properties": {"name": "Naturpark Wendland.Elbe", "stufe": "mild", "art": "Naturpark"}, "geometry": {"type": "Polygon", "coordinates": [[[11.0391457, 52.9134005], [11.0384519, 52.9133723], [11.0381256, 52.9133187], [11.0375327, 52.9131583], [11.0373492, 52.9130289], [11.03705, 52.9126814], [11.03684, 52.9124374], [11.0366853, 52.9122986], [11.0362789, 52.9120204], [11.0359097, 52.9118289], [11.0352846, 52.9115419], [11.0349211, 52.911455], [11.0337488, 52.9114485], [11.0334104, 52.911486], [11.0328611, 52.9115318], [11.0323317, 52.9115829], [11.0291355, 52.9119381], [11.0391457, 52.9134005]]]}}, {"type": "Feature", "properties": {"name": "Naturpark Wendland.Elbe", "stufe": "mild", "art": "Naturpark"}, "geometry": {"type": "Polygon", "coordinates": [[[11.0535073, 52.9114385], [11.0527623, 52.9116723], [11.052349, 52.9117802], [11.0518, 52.9118739], [11.0505616, 52.912016], [11.0501812, 52.9120641], [11.0494911, 52.9121463], [11.0481765, 52.9123027], [11.0473894, 52.9123781], [11.0471035, 52.9124152], [11.0459705, 52.9125623], [11.0456059, 52.912602], [11.0453142, 52.9126355], [11.044447, 52.9127201], [11.0436763, 52.9127738], [11.0430858, 52.9128392], [11.0424635, 52.912948], [11.0419326, 52.9130716], [11.0413214, 52.9132286], [11.0409386, 52.9133023], [11.04042, 52.9133645], [11.0402218, 52.9133724], [11.0398482, 52.9133913], [11.0391457, 52.9134005], [11.0535073, 52.9114385]]]}}, {"type": "Feature", "properties": {"name": "Naturpark Wendland.Elbe", "stufe": "mild", "art": "Naturpark"}, "geometry": {"type": "Polygon", "coordinates": [[[11.0759786, 52.912371], [11.0753671, 52.9122357], [11.0749018, 52.9121365], [11.0747896, 52.9120968], [11.0746836, 52.9120593], [11.0739569, 52.911818], [11.0735863, 52.9116155], [11.0732975, 52.9114276], [11.0728278, 52.9111196], [11.0722976, 52.9107753], [11.0721154, 52.9106821], [11.0718258, 52.910583], [11.0715638, 52.9104977], [11.070714, 52.9102243], [11.069783, 52.9099247], [11.0687847, 52.9096042], [11.0685629, 52.909534], [11.0682923, 52.9094412], [11.0678443, 52.9093618], [11.0638597, 52.9093354], [11.063104, 52.9093377], [11.0630531, 52.9093406], [11.0627979, 52.9093549], [11.0605734, 52.9096048], [11.0600909, 52.9096617], [11.0597428, 52.9097355], [11.0591919, 52.9098786], [11.0586418, 52.9100198], [11.057429, 52.9103347], [11.0569793, 52.9104498], [11.0563456, 52.9106119], [11.0550228, 52.9109977], [11.0543539, 52.9111966], [11.0540104, 52.9112962], [11.0535073, 52.9114385], [11.0759786, 52.912371]]]}}, {"type": "Feature", "properties": {"name": "Naturpark Wendland.Elbe", "stufe": "mild", "art": "Naturpark"}, "geometry": {"type": "Polygon", "coordinates": [[[11.0804755, 52.9125712], [11.0801147, 52.9127841], [11.079697, 52.9129791], [11.0794797, 52.9130101], [11.0792994, 52.9130118], [11.0788761, 52.9129773], [11.0785701, 52.912929], [11.0781696, 52.9128566], [11.0759786, 52.912371], [11.0804755, 52.9125712]]]}}, {"type": "Feature", "properties": {"name": "Naturpark Wendland.Elbe", "stufe": "mild", "art": "Naturpark"}, "geometry": {"type": "Polygon", "coordinates": [[[11.0904395, 52.9133099], [11.0898432, 52.9131935], [11.0896493, 52.9131466], [11.0894864, 52.9130873], [11.0893235, 52.9130139], [11.0891606, 52.9129623], [11.0888969, 52.9129546], [11.0886281, 52.9129625], [11.0884383, 52.9129554], [11.0882485, 52.912911], [11.0881148, 52.9128225], [11.0877276, 52.9125572], [11.0873813, 52.9123744], [11.0868636, 52.9123715], [11.086386, 52.9125116], [11.0860503, 52.9126661], [11.08588, 52.9127542], [11.0854693, 52.9128437], [11.0851114, 52.9129203], [11.0847713, 52.9130273], [11.0843204, 52.9131082], [11.0841345, 52.913095], [11.0835219, 52.9130577], [11.0831602, 52.9130844], [11.0828805, 52.9130986], [11.0822651, 52.9129712], [11.0813087, 52.9124979], [11.0811016, 52.9124515], [11.0809175, 52.9124561], [11.0807125, 52.9124857], [11.0804755, 52.9125712], [11.0904395, 52.9133099]]]}}, {"type": "Feature", "properties": {"name": "Naturpark Wendland.Elbe", "stufe": "mild", "art": "Naturpark"}, "geometry": {"type": "Polygon", "coordinates": [[[11.0964703, 52.910104], [11.0965801, 52.9102197], [11.0972639, 52.9105395], [11.0976708, 52.9110469], [11.0982194, 52.9113683], [11.0983772, 52.9116128], [11.098519, 52.9122004], [11.0986374, 52.9124728], [11.0986533, 52.9125112], [11.098728, 52.9126916], [11.098659, 52.9126709], [11.0985554, 52.9126397], [11.0982111, 52.9125809], [11.0979043, 52.9125548], [11.0975491, 52.9125343], [11.0972145, 52.9125371], [11.0968354, 52.9125753], [11.096187, 52.9126174], [11.0958115, 52.9126142], [11.0954039, 52.9125921], [11.0949972, 52.9125861], [11.0947097, 52.91262], [11.0942716, 52.9127162], [11.094185, 52.9127257], [11.0933231, 52.9128298], [11.0929757, 52.9128667], [11.0926523, 52.9128987], [11.0924487, 52.9129468], [11.0923415, 52.9129851], [11.0921905, 52.913057], [11.0920983, 52.913115], [11.0918994, 52.9132147], [11.0917701, 52.913287], [11.0915741, 52.9133445], [11.0913541, 52.913383], [11.0911152, 52.9133843], [11.0907033, 52.9133403], [11.0904788, 52.9133147], [11.0904395, 52.9133099], [11.0964703, 52.910104]]]}}, {"type": "Feature", "properties": {"name": "Naturpark Wendland.Elbe", "stufe": "mild", "art": "Naturpark"}, "geometry": {"type": "Polygon", "coordinates": [[[11.0959412, 52.9086914], [11.0959111, 52.908803], [11.0958904, 52.90888], [11.0960027, 52.909051], [11.0961026, 52.9094175], [11.0964028, 52.9098853], [11.0964703, 52.910104], [11.0959412, 52.9086914]]]}}, {"type": "Feature", "properties": {"name": "Naturpark Wendland.Elbe", "stufe": "mild", "art": "Naturpark"}, "geometry": {"type": "Polygon", "coordinates": [[[11.1462116, 52.8999014], [11.145817, 52.8998227], [11.1446066, 52.8995173], [11.1431491, 52.8991495], [11.1425635, 52.8990017], [11.1418288, 52.8988313], [11.1411379, 52.8986711], [11.1388471, 52.8981397], [11.1387498, 52.8981129], [11.137512, 52.8977722], [11.1365457, 52.897717], [11.1348627, 52.8976208], [11.1340446, 52.8975759], [11.1309181, 52.8974043], [11.1269617, 52.8971753], [11.1245729, 52.8970503], [11.1229921, 52.8969675], [11.1221659, 52.8969207], [11.1190844, 52.8967461], [11.1190083, 52.896838], [11.118302, 52.8968589], [11.1177892, 52.8967901], [11.1173106, 52.8965976], [11.1170821, 52.896684], [11.1152858, 52.8962898], [11.1115021, 52.8955143], [11.1059819, 52.8963758], [11.1013668, 52.8971272], [11.0971872, 52.897796], [11.0944391, 52.8990873], [11.0932751, 52.8995795], [11.0934011, 52.900012], [11.0934768, 52.9002622], [11.0937497, 52.9012143], [11.0938205, 52.9014598], [11.0938579, 52.9015945], [11.0942569, 52.9029497], [11.0943378, 52.9032399], [11.094454, 52.903633], [11.0951858, 52.9061403], [11.0953025, 52.9065075], [11.09538, 52.9067829], [11.0958134, 52.9082384], [11.0958599, 52.9084291], [11.0959412, 52.9086914], [11.1462116, 52.8999014]]]}}, {"type": "Feature", "properties": {"name": "Naturpark Wendland.Elbe", "stufe": "mild", "art": "Naturpark"}, "geometry": {"type": "Polygon", "coordinates": [[[11.1547638, 52.9064202], [11.1552084, 52.9060727], [11.1559765, 52.9054988], [11.1559977, 52.9053615], [11.1559363, 52.905186], [11.1557931, 52.9050414], [11.155479, 52.9048361], [11.1553173, 52.9047106], [11.1550744, 52.9036246], [11.1549732, 52.9032104], [11.1549676, 52.9031874], [11.1546697, 52.9018997], [11.1545929, 52.9018809], [11.1545511, 52.9018708], [11.1545418, 52.9018685], [11.1545241, 52.9018642], [11.1544378, 52.9018431], [11.1542688, 52.9018018], [11.1524983, 52.9013695], [11.1502373, 52.9008175], [11.1462116, 52.8999014], [11.1547638, 52.9064202]]]}}, {"type": "Feature", "properties": {"name": "Naturpark Wendland.Elbe", "stufe": "mild", "art": "Naturpark"}, "geometry": {"type": "Polygon", "coordinates": [[[11.1875524, 52.9005724], [11.1863665, 52.9006175], [11.1852496, 52.9008344], [11.1798131, 52.9016892], [11.1771091, 52.9021744], [11.1623114, 52.9047851], [11.1589419, 52.9054125], [11.157928, 52.9056007], [11.1570451, 52.9057788], [11.1558017, 52.9061442], [11.1875524, 52.9005724]]]}}, {"type": "Feature", "properties": {"name": "Naturpark Wendland.Elbe", "stufe": "mild", "art": "Naturpark"}, "geometry": {"type": "Polygon", "coordinates": [[[11.2045734, 52.8993839], [11.2000899, 52.8998939], [11.1970978, 52.900228], [11.1952364, 52.900343], [11.1907911, 52.9004866], [11.1886689, 52.90053], [11.1875524, 52.9005724], [11.2045734, 52.8993839]]]}}, {"type": "Feature", "properties": {"name": "Naturpark Wendland.Elbe", "stufe": "mild", "art": "Naturpark"}, "geometry": {"type": "Polygon", "coordinates": [[[11.2173431, 52.8979907], [11.2158808, 52.8981382], [11.2126315, 52.8985034], [11.2106124, 52.8987135], [11.2057299, 52.8992514], [11.2045734, 52.8993839], [11.2173431, 52.8979907]]]}}, {"type": "Feature", "properties": {"name": "Naturpark Wendland.Elbe", "stufe": "mild", "art": "Naturpark"}, "geometry": {"type": "Polygon", "coordinates": [[[11.2229888, 52.8917866], [11.2220358, 52.8920873], [11.2208602, 52.892291], [11.219704, 52.8924173], [11.2193926, 52.8925539], [11.2192128, 52.8927102], [11.2191921, 52.8929178], [11.2193328, 52.8934178], [11.2197068, 52.8954489], [11.2198685, 52.8964011], [11.2205275, 52.8976443], [11.2229888, 52.8917866]]]}}, {"type": "Feature", "properties": {"name": "Naturpark Wendland.Elbe", "stufe": "mild", "art": "Naturpark"}, "geometry": {"type": "Polygon", "coordinates": [[[11.2306909, 52.8913894], [11.2302598, 52.8913957], [11.2290677, 52.891374], [11.2274495, 52.8913041], [11.2265123, 52.8912855], [11.225243, 52.8912433], [11.224773, 52.8912777], [11.224346, 52.8913478], [11.22368, 52.8915097], [11.2229888, 52.8917866], [11.2306909, 52.8913894]]]}}, {"type": "Feature", "properties": {"name": "Naturpark Wendland.Elbe", "stufe": "mild", "art": "Naturpark"}, "geometry": {"type": "Polygon", "coordinates": [[[11.2512571, 52.8792764], [11.2503135, 52.8793265], [11.2497661, 52.8793466], [11.2493059, 52.8793411], [11.2484208, 52.8793169], [11.2478078, 52.8791709], [11.2472349, 52.8790343], [11.2467755, 52.8788911], [11.2460689, 52.8787511], [11.2457998, 52.8786553], [11.2456103, 52.8786297], [11.245371, 52.8786194], [11.2445705, 52.8785837], [11.24427, 52.8785832], [11.2439546, 52.8786137], [11.2436976, 52.8786251], [11.2431516, 52.8787198], [11.2426891, 52.8788003], [11.2420074, 52.8789019], [11.2416899, 52.8789685], [11.2410108, 52.8790646], [11.2396455, 52.8792556], [11.2390202, 52.8795014], [11.2388853, 52.8796091], [11.2384785, 52.8799995], [11.2379362, 52.8802818], [11.2378378, 52.8803648], [11.2377721, 52.8804557], [11.2377512, 52.8805576], [11.2377774, 52.88067], [11.237725, 52.8807891], [11.2376831, 52.8809223], [11.2376661, 52.8813545], [11.2377089, 52.8817495], [11.2377646, 52.8822471], [11.2377399, 52.8823014], [11.2376877, 52.8823511], [11.2376752, 52.8823808], [11.2377287, 52.8824976], [11.2377926, 52.8829128], [11.2379444, 52.8835508], [11.2379334, 52.8838006], [11.2379583, 52.8839643], [11.2379968, 52.8840538], [11.2380079, 52.8841787], [11.237959, 52.8844033], [11.2378629, 52.8846596], [11.2373372, 52.8856693], [11.237097, 52.8860907], [11.2368915, 52.8865832], [11.236594, 52.8871873], [11.2361669, 52.8880542], [11.2359577, 52.8883906], [11.2357658, 52.8885308], [11.2352982, 52.8888647], [11.2343638, 52.8892081], [11.2319708, 52.8904353], [11.2315773, 52.8906415], [11.230877, 52.8910189], [11.2306909, 52.8913894], [11.2512571, 52.8792764]]]}}, {"type": "Feature", "properties": {"name": "Naturpark Wendland.Elbe", "stufe": "mild", "art": "Naturpark"}, "geometry": {"type": "Polygon", "coordinates": [[[11.3138985, 52.8782303], [11.3138532, 52.8782155], [11.3136922, 52.8782482], [11.3104006, 52.8780029], [11.3065353, 52.8777135], [11.3066051, 52.8771589], [11.3028689, 52.8763876], [11.2998839, 52.8757713], [11.2954458, 52.8748502], [11.2946571, 52.8764191], [11.2932784, 52.879064], [11.2945445, 52.8793225], [11.294334, 52.879984], [11.2940353, 52.8805935], [11.2938498, 52.8807122], [11.2941007, 52.8811364], [11.2945177, 52.8813195], [11.29462, 52.8816722], [11.2945127, 52.8818058], [11.2947082, 52.8820049], [11.2947735, 52.8820248], [11.2949869, 52.8823874], [11.2949972, 52.8828548], [11.2951283, 52.8829735], [11.2949972, 52.8832308], [11.2949562, 52.883592], [11.2950831, 52.8837349], [11.2948291, 52.8841357], [11.2948817, 52.8843282], [11.294513, 52.8843776], [11.2936905, 52.8862752], [11.2942902, 52.8871608], [11.2909952, 52.8877284], [11.2917159, 52.8887428], [11.2912708, 52.8889414], [11.2907417, 52.8890303], [11.2895445, 52.8884852], [11.2888332, 52.8879008], [11.2886702, 52.8878708], [11.2884613, 52.8878858], [11.2878308, 52.8880894], [11.2876012, 52.8883763], [11.2870441, 52.8884562], [11.2868097, 52.8887603], [11.286184, 52.8888354], [11.2860236, 52.8887861], [11.2859896, 52.8886107], [11.2856203, 52.8884656], [11.2849282, 52.8881389], [11.2843985, 52.8880841], [11.283667, 52.8878515], [11.283368, 52.8877489], [11.2824355, 52.8880943], [11.282175, 52.8880701], [11.2815853, 52.8882194], [11.2812721, 52.8882342], [11.2810514, 52.8878868], [11.2805288, 52.8879125], [11.2802983, 52.8877467], [11.2801445, 52.8875958], [11.279853, 52.8877574], [11.2791177, 52.8880082], [11.278285, 52.8878188], [11.2772027, 52.8876365], [11.2763987, 52.8874745], [11.2746524, 52.8861579], [11.2725476, 52.8845498], [11.2709032, 52.8833437], [11.2707533, 52.8831178], [11.2708399, 52.881536], [11.2691523, 52.8810235], [11.2685179, 52.8808033], [11.2672541, 52.8801088], [11.2657059, 52.8800674], [11.2648489, 52.8800482], [11.2639112, 52.8802225], [11.2633053, 52.8802185], [11.2617975, 52.8799895], [11.2605035, 52.8799325], [11.2598026, 52.8799202], [11.258898, 52.8799462], [11.2584827, 52.879908], [11.2580328, 52.8798297], [11.2577761, 52.8797739], [11.2575884, 52.8797156], [11.257327, 52.8796833], [11.2568763, 52.879544], [11.2564838, 52.8794541], [11.2559427, 52.8793355], [11.2553099, 52.8791967], [11.2550125, 52.8791645], [11.2543011, 52.8791851], [11.253802, 52.8792], [11.2527606, 52.87924], [11.2519439, 52.8792409], [11.2512571, 52.8792764], [11.3138985, 52.8782303]]]}}, {"type": "Feature", "properties": {"name": "Naturpark Wendland.Elbe", "stufe": "mild", "art": "Naturpark"}, "geometry": {"type": "Polygon", "coordinates": [[[11.3844869, 52.9014981], [11.3841339, 52.9013623], [11.3824151, 52.9011526], [11.381398, 52.9010252], [11.3792687, 52.9007522], [11.3768895, 52.900417], [11.376007, 52.9003019], [11.3747647, 52.9001777], [11.3740317, 52.8997428], [11.3721955, 52.8987421], [11.3708234, 52.8979272], [11.3705745, 52.8977012], [11.3697386, 52.8971783], [11.3687618, 52.8970333], [11.3666001, 52.8966523], [11.3651747, 52.8963781], [11.3648242, 52.8963168], [11.363427, 52.8960377], [11.3632641, 52.8945375], [11.3626901, 52.8941992], [11.3628627, 52.8940736], [11.361167, 52.8931117], [11.360816, 52.8932687], [11.3605501, 52.8931237], [11.3602951, 52.8929827], [11.3584254, 52.8919638], [11.3565197, 52.8910559], [11.355392, 52.8905578], [11.3543665, 52.8901739], [11.3537173, 52.8899735], [11.3529786, 52.8897526], [11.3510004, 52.8891532], [11.3498471, 52.8888055], [11.3487054, 52.8885858], [11.3484424, 52.8885689], [11.3479721, 52.888464], [11.3470016, 52.8884369], [11.3458031, 52.8884022], [11.3448548, 52.8884069], [11.3409865, 52.8885166], [11.3396403, 52.8885425], [11.3382867, 52.8884552], [11.3371772, 52.8883498], [11.3371452, 52.8881429], [11.3368961, 52.8865299], [11.3357397, 52.8860966], [11.3340097, 52.8854656], [11.3298152, 52.8839388], [11.3289567, 52.8836292], [11.3279186, 52.8832435], [11.3278134, 52.8833147], [11.3262016, 52.8827344], [11.3248932, 52.882272], [11.3236241, 52.8818036], [11.3236754, 52.8817372], [11.3230161, 52.8815533], [11.3188444, 52.8803899], [11.3165534, 52.8793727], [11.3146406, 52.878532], [11.3143569, 52.8784206], [11.3844869, 52.9014981]]]}}, {"type": "Feature", "properties": {"name": "Naturpark Wendland.Elbe", "stufe": "mild", "art": "Naturpark"}, "geometry": {"type": "Polygon", "coordinates": [[[11.4100297, 52.9058216], [11.4099916, 52.9057586], [11.4099367, 52.9056858], [11.4097731, 52.9055479], [11.4090575, 52.9050467], [11.4083588, 52.9045443], [11.4081054, 52.9043928], [11.4079259, 52.9042962], [11.407765, 52.9042183], [11.4074006, 52.9040848], [11.4072832, 52.9040407], [11.4071882, 52.9040101], [11.407047, 52.9040712], [11.4053397, 52.9038867], [11.4051295, 52.9038255], [11.404167, 52.9037564], [11.4033101, 52.9036799], [11.4029895, 52.9036502], [11.4028236, 52.9036386], [11.4027048, 52.9036608], [11.4018974, 52.9035936], [11.3997794, 52.9033701], [11.3979723, 52.9032052], [11.3980699, 52.9025459], [11.3980558, 52.9025087], [11.3980318, 52.9024744], [11.397959, 52.902459], [11.3974647, 52.9024147], [11.3969048, 52.9023843], [11.3958163, 52.9023328], [11.3936622, 52.9022226], [11.3937462, 52.9017518], [11.3922668, 52.9017532], [11.3918676, 52.9017619], [11.3913753, 52.9018125], [11.391152, 52.901838], [11.3908949, 52.9018962], [11.3902093, 52.9021766], [11.3897961, 52.9023681], [11.3886647, 52.9028943], [11.3875213, 52.9033927], [11.3864612, 52.9036662], [11.3853969, 52.9038974], [11.3847861, 52.9037604], [11.3863494, 52.9022989], [11.3844869, 52.9014981], [11.4100297, 52.9058216]]]}}, {"type": "Feature", "properties": {"name": "Naturpark Wendland.Elbe", "stufe": "mild", "art": "Naturpark"}, "geometry": {"type": "Polygon", "coordinates": [[[11.4145911, 52.9103044], [11.4144474, 52.910022], [11.4141799, 52.9093556], [11.4138794, 52.9089342], [11.413383, 52.9085432], [11.4129023, 52.9081547], [11.4121406, 52.9075026], [11.4120241, 52.9074049], [11.4119077, 52.9073088], [11.4116823, 52.9071189], [11.4113391, 52.9068044], [11.4111008, 52.9065861], [11.4110824, 52.9065715], [11.411065, 52.9065595], [11.4108332, 52.9064132], [11.4105573, 52.9062168], [11.4100297, 52.9058216], [11.4145911, 52.9103044]]]}}, {"type": "Feature", "properties": {"name": "Naturpark Wendland.Elbe", "stufe": "mild", "art": "Naturpark"}, "geometry": {"type": "Polygon", "coordinates": [[[11.4331986, 52.9201445], [11.4330571, 52.9199326], [11.4329089, 52.9197443], [11.4328021, 52.9196785], [11.4325592, 52.9196529], [11.4318903, 52.9197012], [11.4312132, 52.9197719], [11.4303178, 52.919853], [11.4295831, 52.9199329], [11.427592, 52.9199446], [11.4262207, 52.9200598], [11.4258842, 52.9200788], [11.4257664, 52.9198237], [11.4256323, 52.9195633], [11.4254594, 52.9192518], [11.4253376, 52.9190333], [11.4251124, 52.9186964], [11.4249557, 52.9184412], [11.4248773, 52.9183229], [11.4247468, 52.9181913], [11.4242525, 52.9177238], [11.4241625, 52.9175336], [11.4242227, 52.9171378], [11.4241509, 52.9170369], [11.4241181, 52.9169269], [11.4238184, 52.91672], [11.4234847, 52.9165029], [11.4229651, 52.9160155], [11.4228047, 52.915887], [11.421253, 52.9146973], [11.4196608, 52.9135981], [11.4187825, 52.9130456], [11.4178673, 52.9125238], [11.4174544, 52.9122782], [11.4167545, 52.911876], [11.4160141, 52.9114119], [11.4158142, 52.9112927], [11.4152999, 52.9109598], [11.4150778, 52.9107714], [11.4145911, 52.9103044], [11.4331986, 52.9201445]]]}}, {"type": "Feature", "properties": {"name": "Naturpark Wendland.Elbe", "stufe": "mild", "art": "Naturpark"}, "geometry": {"type": "Polygon", "coordinates": [[[11.4391666, 52.9241866], [11.4385062, 52.9237199], [11.438103, 52.9234], [11.4377391, 52.923137], [11.4375702, 52.9230149], [11.4368529, 52.9225788], [11.4355916, 52.9220062], [11.4346888, 52.9213195], [11.433847, 52.9209514], [11.433644, 52.9208038], [11.4335178, 52.9206461], [11.4331986, 52.9201445], [11.4391666, 52.9241866]]]}}, {"type": "Feature", "properties": {"name": "Naturpark Wendland.Elbe", "stufe": "mild", "art": "Naturpark"}, "geometry": {"type": "Polygon", "coordinates": [[[11.5050657, 52.9410638], [11.502278, 52.9411803], [11.4995834, 52.9413562], [11.4955332, 52.9415423], [11.4915568, 52.9416312], [11.4848131, 52.9400292], [11.4818648, 52.9394387], [11.4797569, 52.9393542], [11.4783572, 52.9393232], [11.4768414, 52.9392352], [11.473039, 52.9389722], [11.4706623, 52.9387852], [11.4703584, 52.9387283], [11.4694965, 52.9384573], [11.4685427, 52.9381063], [11.4672639, 52.9375804], [11.4651252, 52.9367904], [11.4640544, 52.9363365], [11.4609339, 52.9353446], [11.4584213, 52.9345926], [11.4546049, 52.9334147], [11.45407, 52.9331898], [11.4502279, 52.9310644], [11.4493571, 52.9305482], [11.445161, 52.9279593], [11.5050657, 52.9410638]]]}}, {"type": "Feature", "properties": {"name": "Naturpark Wendland.Elbe", "stufe": "mild", "art": "Naturpark"}, "geometry": {"type": "Polygon", "coordinates": [[[11.4987022, 52.9758676], [11.4971213, 52.9717416], [11.4961301, 52.9686941], [11.4958346, 52.9683743], [11.4930937, 52.9612145], [11.4925142, 52.9598058], [11.4953786, 52.9555178], [11.496827, 52.9533665], [11.4975589, 52.9522803], [11.4982864, 52.951204], [11.4985208, 52.9508436], [11.5017849, 52.9459762], [11.5034568, 52.9434878], [11.5049166, 52.9412995], [11.5050657, 52.9410638], [11.4987022, 52.9758676]]]}}, {"type": "Feature", "properties": {"name": "Naturpark Wendland.Elbe", "stufe": "mild", "art": "Naturpark"}, "geometry": {"type": "Polygon", "coordinates": [[[11.5012326, 52.9823027], [11.5003346, 52.9799787], [11.4991385, 52.9769941], [11.4987022, 52.9758676], [11.5012326, 52.9823027]]]}}, {"type": "Feature", "properties": {"name": "Naturpark Wendland.Elbe", "stufe": "mild", "art": "Naturpark"}, "geometry": {"type": "Polygon", "coordinates": [[[11.5012326, 52.9823027], [11.5019513, 52.9841624], [11.502798, 52.9889872], [11.5028607, 52.989442], [11.5028489, 52.9918991], [11.5036507, 52.9928914], [11.5048031, 52.9943733], [11.5055617, 52.9953598], [11.5061238, 52.9969394], [11.5062504, 52.9977357], [11.5062719, 52.9984168], [11.5063907, 52.9994252], [11.5064304, 52.9995989], [11.5075106, 53.0008966], [11.5081275, 53.0015793], [11.5092937, 53.0028099], [11.5093287, 53.0028692], [11.509356, 53.0029407], [11.5012326, 52.9823027]]]}}, {"type": "Feature", "properties": {"name": "Braunschweiger Okeraue", "stufe": "streng", "art": "Naturschutzgebiet"}, "geometry": {"type": "Polygon", "coordinates": [[[10.4694347, 52.3123942], [10.4696218, 52.3122698], [10.4704771, 52.3117011], [10.4710633, 52.3111863], [10.4717004, 52.3105262], [10.4728795, 52.3099344], [10.4730955, 52.3095688], [10.4737984, 52.3093824], [10.4736392, 52.3091674], [10.4743049, 52.3089737], [10.4744245, 52.3091544], [10.4747003, 52.309452], [10.4749478, 52.3096216], [10.4750741, 52.3097648], [10.4753598, 52.3098918], [10.4757601, 52.3099151], [10.4760852, 52.3098749], [10.4764883, 52.3097246], [10.4768969, 52.3095479], [10.4772705, 52.3090917], [10.4772497, 52.3085997], [10.4771874, 52.3081792], [10.4782027, 52.3074084], [10.4773995, 52.3061087], [10.4776757, 52.3060859], [10.4780566, 52.3059728], [10.4782268, 52.30602], [10.4785125, 52.3060993], [10.478772, 52.305902], [10.4790751, 52.305785], [10.4787093, 52.3052812], [10.4786004, 52.3051011], [10.4785736, 52.3048463], [10.4807216, 52.3037326], [10.4827286, 52.3026681], [10.4829967, 52.3025918], [10.4843433, 52.3021771], [10.4857134, 52.3027328], [10.4860325, 52.3032502], [10.4862665, 52.3036096], [10.4880231, 52.3030478], [10.4874636, 52.3016168], [10.4880739, 52.301501], [10.4882835, 52.3015236], [10.4886884, 52.3015834], [10.488964, 52.3015954], [10.4892872, 52.3014623], [10.4894617, 52.3012343], [10.4895846, 52.3011961], [10.4901341, 52.3013319], [10.4907396, 52.3016824], [10.4909745, 52.3021212], [10.4912266, 52.3022727], [10.4916188, 52.3022899], [10.4919766, 52.3023768], [10.4920563, 52.3024322], [10.4920326, 52.3025929], [10.4914141, 52.3028776], [10.4903108, 52.3032597], [10.4901271, 52.3034015], [10.4900245, 52.3035715], [10.4894861, 52.3040795], [10.4894298, 52.3042738], [10.4895623, 52.3044148], [10.4899125, 52.3044721], [10.4901539, 52.3044468], [10.4904086, 52.304492], [10.4905938, 52.3046773], [10.4903164, 52.3053175], [10.4902557, 52.3057223], [10.4903322, 52.3059367], [10.4907466, 52.3067445], [10.4909698, 52.3069119], [10.4912162, 52.3069987], [10.4916455, 52.3070305], [10.4919311, 52.3070131], [10.4922271, 52.3069074], [10.4923793, 52.3067927], [10.4924679, 52.3067259], [10.4925284, 52.3065561], [10.4925127, 52.3060109], [10.4926229, 52.3057608], [10.4931804, 52.3054611], [10.4937356, 52.305389], [10.4943415, 52.3053972], [10.4949259, 52.3054749], [10.4951687, 52.305611], [10.4951507, 52.3060206], [10.4952283, 52.3063175], [10.4954239, 52.3065415], [10.4957105, 52.306725], [10.4961106, 52.3067917], [10.4968648, 52.306793], [10.4976973, 52.3066838], [10.4979336, 52.3066165], [10.498268, 52.3066227], [10.4983889, 52.3065583], [10.4986243, 52.3063063], [10.4990518, 52.3059306], [10.4992637, 52.3052904], [10.4993567, 52.3050129], [10.4994354, 52.3048887], [10.4995514, 52.3047828], [10.4998305, 52.3046865], [10.500121, 52.304613], [10.500403, 52.3042183], [10.5005942, 52.303869], [10.5007946, 52.3035541], [10.5008151, 52.3034148], [10.5008054, 52.3026534], [10.4989134, 52.3020226], [10.4991064, 52.3008699], [10.4994042, 52.3007382], [10.5007521, 52.300653], [10.5013353, 52.3005181], [10.5016429, 52.3003589], [10.5017634, 52.3002463], [10.500667, 52.2999154], [10.5003509, 52.2993999], [10.4987789, 52.2989245], [10.4991008, 52.2985223], [10.4995914, 52.2982542], [10.4999555, 52.2982298], [10.5008807, 52.2983134], [10.5013341, 52.2981692], [10.5029126, 52.2983544], [10.5021319, 52.2978478], [10.5009614, 52.2972229], [10.5001093, 52.2968115], [10.4998883, 52.2966248], [10.4998111, 52.2964365], [10.5004219, 52.2960848], [10.5012145, 52.2962443], [10.5016556, 52.2962134], [10.5019156, 52.2959672], [10.502177, 52.2958001], [10.5023181, 52.2955957], [10.502379, 52.2954321], [10.5023404, 52.2951978], [10.5020196, 52.2947935], [10.5016768, 52.2945407], [10.5014707, 52.2944124], [10.5014243, 52.2941716], [10.5020574, 52.293597], [10.5035057, 52.2932052], [10.5036257, 52.2928589], [10.5037203, 52.2925349], [10.5036938, 52.2923787], [10.5036087, 52.2922827], [10.5034895, 52.2922214], [10.5033061, 52.2921705], [10.5031131, 52.292152], [10.5027329, 52.2921763], [10.5022033, 52.2922573], [10.5019479, 52.2923186], [10.5016793, 52.2923394], [10.5014986, 52.2923558], [10.5012519, 52.2923614], [10.5008546, 52.2923463], [10.5005841, 52.2922735], [10.5005085, 52.2921612], [10.5004366, 52.2918928], [10.500429, 52.2916325], [10.5005747, 52.2914127], [10.5007411, 52.2912982], [10.5009322, 52.2911142], [10.5010476, 52.2908435], [10.501005, 52.2904863], [10.5010452, 52.2902201], [10.5012462, 52.2899916], [10.5013503, 52.289894], [10.5015346, 52.2897212], [10.5017782, 52.2895375], [10.5021021, 52.2894869], [10.5024468, 52.2893321], [10.5025206, 52.2893264], [10.502478, 52.2891427], [10.5021588, 52.2890227], [10.5018798, 52.2890415], [10.5014803, 52.288946], [10.5009837, 52.2889446], [10.5005794, 52.2889923], [10.5001585, 52.2891123], [10.4999528, 52.2892092], [10.4997069, 52.2893365], [10.4990681, 52.2891097], [10.4984458, 52.2894522], [10.4982073, 52.2895099], [10.4980418, 52.2896907], [10.4980477, 52.2899221], [10.4981393, 52.2901878], [10.4983728, 52.2904283], [10.4979687, 52.2903369], [10.4961352, 52.2897392], [10.4955404, 52.2910748], [10.4944824, 52.2908976], [10.4943242, 52.2911992], [10.4943172, 52.2914183], [10.4943169, 52.2914266], [10.4943993, 52.2917257], [10.4945687, 52.2920159], [10.4947394, 52.2922218], [10.4949646, 52.2924173], [10.4951547, 52.2925742], [10.4951765, 52.2926986], [10.4951595, 52.2927838], [10.4947636, 52.2930801], [10.4944465, 52.293308], [10.4941877, 52.2935769], [10.4940567, 52.293713], [10.4939199, 52.2940551], [10.4938061, 52.2944053], [10.4935077, 52.2953048], [10.4934556, 52.2956202], [10.4935004, 52.295829], [10.4935851, 52.2959927], [10.4936638, 52.2961415], [10.4935974, 52.2962457], [10.4913506, 52.2964743], [10.486805, 52.2969367], [10.4870487, 52.2972425], [10.4819271, 52.2993654], [10.4817817, 52.2994264], [10.4804073, 52.3002001], [10.4794457, 52.3007413], [10.4796627, 52.3008855], [10.4776535, 52.3016093], [10.4758161, 52.3025524], [10.4747788, 52.3018617], [10.4747511, 52.301834], [10.4737766, 52.3022387], [10.4723983, 52.3029775], [10.4728217, 52.3032317], [10.4724055, 52.303756], [10.4734398, 52.3040936], [10.4734081, 52.3041357], [10.4734041, 52.30426], [10.4730865, 52.3046299], [10.4721674, 52.3057153], [10.4718748, 52.3055387], [10.4707378, 52.3058112], [10.4704144, 52.3062142], [10.4701098, 52.306944], [10.4697804, 52.3072196], [10.4692302, 52.3075313], [10.4686303, 52.3078343], [10.4685044, 52.3077986], [10.4680832, 52.3080555], [10.4670905, 52.3090793], [10.4668533, 52.3097618], [10.4654185, 52.3101442], [10.4655042, 52.3102617], [10.4654804, 52.3104448], [10.4644379, 52.3107395], [10.4640506, 52.3109897], [10.4639025, 52.3111486], [10.4638132, 52.3112897], [10.4637125, 52.3114498], [10.4636756, 52.3116042], [10.4638091, 52.3116773], [10.4645434, 52.3117626], [10.4651612, 52.3117876], [10.4694347, 52.3123942]]]}}, {"type": "Feature", "properties": {"name": "Braunschweiger Okeraue", "stufe": "streng", "art": "Naturschutzgebiet"}, "geometry": {"type": "Polygon", "coordinates": [[[10.4605794, 52.3122336], [10.4611611, 52.3121737], [10.4623059, 52.3122116], [10.4622993, 52.3124554], [10.4634966, 52.3123597], [10.4659239, 52.3126389], [10.4683321, 52.3129158], [10.4632753, 52.3152442], [10.4630826, 52.3154239], [10.4631804, 52.3160913], [10.4632706, 52.3167071], [10.4634419, 52.3178763], [10.4634044, 52.3181812], [10.4632113, 52.3184796], [10.4621528, 52.3192849], [10.4609663, 52.3201875], [10.4602251, 52.3207513], [10.4585774, 52.3219566], [10.4584275, 52.3222372], [10.4584846, 52.322494], [10.4595766, 52.3243992], [10.4596092, 52.3245968], [10.4596186, 52.3249842], [10.4590554, 52.3257512], [10.4582616, 52.3262986], [10.4577253, 52.3263478], [10.4563362, 52.3254005], [10.4559554, 52.3254038], [10.4554566, 52.3258299], [10.455478, 52.3261741], [10.4559934, 52.3264405], [10.4566544, 52.3268916], [10.4570365, 52.3272508], [10.4571526, 52.3278586], [10.4567788, 52.3284486], [10.4563006, 52.3287596], [10.4552418, 52.3290339], [10.4548698, 52.3290809], [10.4509123, 52.3296964], [10.4502295, 52.3297384], [10.4496302, 52.329777], [10.4489973, 52.3298614], [10.4477854, 52.3300343], [10.4476703, 52.3300325], [10.4481939, 52.3297807], [10.4486144, 52.3296338], [10.4492496, 52.3294083], [10.4494298, 52.3292824], [10.4495328, 52.3292037], [10.4495929, 52.3290988], [10.4496873, 52.3289415], [10.4496873, 52.3288845], [10.4496873, 52.3287998], [10.4496358, 52.3287054], [10.4495757, 52.3286215], [10.4494212, 52.3284956], [10.4493955, 52.3283959], [10.4494126, 52.3283068], [10.4495071, 52.3281651], [10.4495843, 52.328055], [10.4497989, 52.3279081], [10.450065, 52.3277508], [10.4503997, 52.3276091], [10.4506658, 52.3274885], [10.4511511, 52.3273567], [10.4509963, 52.3271889], [10.4509722, 52.3271628], [10.4508064, 52.3270744], [10.4502221, 52.3267855], [10.4495002, 52.3267222], [10.4490501, 52.3267388], [10.4488332, 52.3266619], [10.4465204, 52.3255911], [10.4460502, 52.3249724], [10.4458992, 52.3245247], [10.4459377, 52.3243499], [10.4481479, 52.3241663], [10.4487951, 52.3239458], [10.4494297, 52.3231454], [10.4495296, 52.3230374], [10.4498905, 52.3226474], [10.4498992, 52.3225606], [10.4512898, 52.3209632], [10.4523985, 52.3197298], [10.45243, 52.3195203], [10.4522799, 52.3190944], [10.4523186, 52.3189387], [10.4523544, 52.3188321], [10.4526681, 52.3179605], [10.4522763, 52.3178133], [10.4520797, 52.3177448], [10.4514489, 52.3175251], [10.4523957, 52.3165559], [10.4527947, 52.3166483], [10.454119, 52.316955], [10.4546092, 52.3165894], [10.4551379, 52.3161562], [10.4565639, 52.3150303], [10.4567977, 52.3148637], [10.4572372, 52.3145531], [10.4579049, 52.3140789], [10.4581127, 52.3139747], [10.4582665, 52.3139122], [10.4584324, 52.3138646], [10.4585117, 52.313842], [10.4586048, 52.3138265], [10.4587218, 52.3138465], [10.4588581, 52.31388], [10.4589655, 52.3139335], [10.4590977, 52.313996], [10.4592025, 52.3140551], [10.4594874, 52.3136831], [10.4605794, 52.3122336]]]}}, {"type": "Feature", "properties": {"name": "Breites Moor", "stufe": "streng", "art": "Naturschutzgebiet"}, "geometry": {"type": "Polygon", "coordinates": [[[10.186281, 52.7074752], [10.1804913, 52.7045446], [10.1729723, 52.7007263], [10.1721078, 52.7028382], [10.175903, 52.7052744], [10.1815432, 52.7089586], [10.1837289, 52.7103863], [10.186281, 52.7074752]]]}}, {"type": "Feature", "properties": {"name": "Breites Moor", "stufe": "streng", "art": "Naturschutzgebiet"}, "geometry": {"type": "Polygon", "coordinates": [[[10.1759433, 52.7019122], [10.1808746, 52.704388], [10.1812195, 52.7029531], [10.1815976, 52.7015185], [10.1822413, 52.6988241], [10.1829532, 52.6959277], [10.1838041, 52.6925643], [10.1759991, 52.6920411], [10.1763117, 52.6912974], [10.1728339, 52.6913917], [10.172403, 52.6914652], [10.1722806, 52.6915727], [10.1759433, 52.7019122]]]}}, {"type": "Feature", "properties": {"name": "Breites Moor", "stufe": "streng", "art": "Naturschutzgebiet"}, "geometry": {"type": "Polygon", "coordinates": [[[10.1702259, 52.6960476], [10.1690475, 52.6968965], [10.1695392, 52.6968382], [10.1735487, 52.6987984], [10.1730246, 52.7003694], [10.1759433, 52.7019122], [10.1702259, 52.6960476]]]}}, {"type": "Feature", "properties": {"name": "Lutter", "stufe": "streng", "art": "Naturschutzgebiet"}, "geometry": {"type": "Polygon", "coordinates": [[[10.3214738, 52.7281831], [10.3217661, 52.7283537], [10.3221108, 52.7284571], [10.3224728, 52.7286122], [10.3229899, 52.7286812], [10.3237137, 52.7287329], [10.325127, 52.7287329], [10.3258165, 52.7289225], [10.3260922, 52.7289742], [10.3264462, 52.7290135], [10.327021, 52.7291657], [10.3275726, 52.7292823], [10.3295221, 52.7294912], [10.3300564, 52.7296464], [10.3300736, 52.7298704], [10.3300391, 52.7307839], [10.3305907, 52.7312665], [10.3283156, 52.7316457], [10.3319868, 52.7332486], [10.3339861, 52.7341965], [10.334934, 52.7345929], [10.3353821, 52.7349893], [10.3355717, 52.7352479], [10.3358475, 52.7354202], [10.3360715, 52.7354202], [10.3364163, 52.7353168], [10.3367265, 52.7357822], [10.3371229, 52.7369542], [10.3374446, 52.7376091], [10.3377262, 52.7377815], [10.3378123, 52.7379711], [10.337933, 52.7381089], [10.3382087, 52.7382296], [10.3385362, 52.7383158], [10.3387348, 52.7383502], [10.3388303, 52.7385531], [10.3389319, 52.7387837], [10.3389843, 52.7391086], [10.3387775, 52.7392465], [10.3384673, 52.739212], [10.3380881, 52.7392982], [10.3371057, 52.739281], [10.3365369, 52.7392637], [10.3357958, 52.7393154], [10.3357958, 52.7398497], [10.3359337, 52.7405047], [10.3362956, 52.742728], [10.3363301, 52.7430038], [10.3364852, 52.7435553], [10.3364507, 52.7439518], [10.3362611, 52.7453823], [10.3360715, 52.7455719], [10.3357096, 52.7458994], [10.3355717, 52.7460028], [10.3351925, 52.7462096], [10.334934, 52.7462441], [10.334934, 52.7466577], [10.3343135, 52.7466577], [10.3318396, 52.7467592], [10.3291361, 52.7464946], [10.327833, 52.7463475], [10.3271264, 52.7462958], [10.3264025, 52.7460717], [10.3254028, 52.7458821], [10.3240757, 52.7456581], [10.3240585, 52.7451755], [10.3231967, 52.7450031], [10.3223866, 52.7448825], [10.3205597, 52.7445378], [10.3203184, 52.7445378], [10.3200254, 52.7445378], [10.3198013, 52.7445722], [10.3196117, 52.7446412], [10.3191981, 52.7447618], [10.3188189, 52.7447618], [10.3186465, 52.744555], [10.3183363, 52.7444171], [10.3170264, 52.7439345], [10.3165266, 52.743969], [10.3160612, 52.7439518], [10.315389, 52.7439001], [10.3120626, 52.7436415], [10.3119075, 52.7449859], [10.3130795, 52.745141], [10.313045, 52.745727], [10.3126658, 52.7475195], [10.3126314, 52.7475195], [10.3124762, 52.7476057], [10.311873, 52.7481227], [10.3114421, 52.748433], [10.3112353, 52.7486053], [10.3105459, 52.7491396], [10.310046, 52.7492603], [10.3094256, 52.749829], [10.3093566, 52.7498635], [10.3090464, 52.7500703], [10.3087189, 52.7503978], [10.3084949, 52.7506219], [10.3082363, 52.7509321], [10.3079089, 52.7513802], [10.3077365, 52.7515526], [10.3074607, 52.7516732], [10.3073176, 52.7516852], [10.3072539, 52.7516905], [10.3070298, 52.7518456], [10.307116, 52.7520179], [10.3073228, 52.7521731], [10.307702, 52.7524661], [10.3080467, 52.7525867], [10.3107182, 52.7533278], [10.3103388, 52.7539861], [10.3101322, 52.7543447], [10.315165, 52.7567749], [10.3159061, 52.7568783], [10.316337, 52.7568611], [10.3169057, 52.7568094], [10.3173194, 52.7568094], [10.3176124, 52.7568611], [10.3180778, 52.7568956], [10.3185259, 52.7568956], [10.3185776, 52.7568611], [10.3190257, 52.7567232], [10.3196289, 52.7565336], [10.319853, 52.7563957], [10.3201977, 52.7561717], [10.3205597, 52.7561717], [10.3208871, 52.7562406], [10.3211284, 52.7563957], [10.3213697, 52.7565681], [10.3216972, 52.7568956], [10.3219213, 52.7571713], [10.3224728, 52.7576884], [10.3228347, 52.7577401], [10.322852, 52.7575333], [10.3228003, 52.757292], [10.3229209, 52.7570852], [10.3229726, 52.7568783], [10.322783, 52.7567577], [10.3223349, 52.7565336], [10.3221281, 52.7562062], [10.3221281, 52.756051], [10.3219902, 52.7556891], [10.3218006, 52.7556201], [10.321387, 52.7554995], [10.3200426, 52.754879], [10.3198875, 52.7549135], [10.3193877, 52.7549824], [10.3191291, 52.7549307], [10.3187327, 52.7548446], [10.3177158, 52.7543792], [10.3175607, 52.7534312], [10.3170953, 52.7532072], [10.3142343, 52.7524316], [10.3138551, 52.7508459], [10.313924, 52.7505185], [10.314286, 52.7505012], [10.3165783, 52.7503978], [10.3173539, 52.7503978], [10.3176641, 52.7503633], [10.3178537, 52.7502427], [10.3180261, 52.7500186], [10.3182673, 52.7499669], [10.318681, 52.7499842], [10.3190013, 52.7500671], [10.3189223, 52.7503289], [10.3192498, 52.7505185], [10.3213353, 52.7514836], [10.3213008, 52.750708], [10.3211629, 52.7500703], [10.3219213, 52.7499842], [10.3222487, 52.7499842], [10.3225073, 52.749898], [10.322783, 52.7497773], [10.322852, 52.7497429], [10.3228692, 52.749605], [10.323076, 52.7494671], [10.3233346, 52.7494671], [10.3237999, 52.7494671], [10.3242308, 52.7495533], [10.3247823, 52.7495877], [10.3252305, 52.7497256], [10.3261956, 52.749829], [10.3263163, 52.7500014], [10.3266438, 52.7502944], [10.3268851, 52.750191], [10.3274021, 52.7500359], [10.3276607, 52.7500703], [10.3279192, 52.7502255], [10.3281605, 52.7502255], [10.328419, 52.7500703], [10.3287637, 52.7497946], [10.3289361, 52.7495877], [10.3291429, 52.7495705], [10.3295566, 52.7496222], [10.3311939, 52.749536], [10.3312456, 52.7495016], [10.3314352, 52.7492947], [10.3318316, 52.7488122], [10.3320729, 52.7485364], [10.3323832, 52.7481744], [10.3327623, 52.7480883], [10.3331071, 52.7480883], [10.3333656, 52.7481055], [10.3339171, 52.7481572], [10.3347444, 52.7478987], [10.3349512, 52.7477608], [10.3351581, 52.747554], [10.3354166, 52.7475367], [10.3356751, 52.7476574], [10.3357958, 52.7478125], [10.3360026, 52.7481227], [10.3363646, 52.7485709], [10.3367437, 52.7490017], [10.3370712, 52.7491913], [10.3372263, 52.7492947], [10.3376055, 52.7497773], [10.3378468, 52.7499325], [10.338157, 52.7501393], [10.3384328, 52.750415], [10.338812, 52.750777], [10.3391222, 52.7510355], [10.3394152, 52.7513975], [10.339622, 52.7519145], [10.3397082, 52.7522075], [10.3397944, 52.7525178], [10.3397772, 52.7527763], [10.3397427, 52.7530865], [10.3397255, 52.7533451], [10.339691, 52.753707], [10.3395876, 52.754], [10.3394669, 52.7542241], [10.339329, 52.7544481], [10.3392084, 52.7546722], [10.3391567, 52.7547756], [10.3390705, 52.7549652], [10.3389499, 52.7552065], [10.3389499, 52.755241], [10.3387603, 52.7554823], [10.3386913, 52.7556546], [10.3386224, 52.7559649], [10.3386569, 52.7563096], [10.3387603, 52.7565681], [10.3388809, 52.7568783], [10.3389326, 52.7570852], [10.3390705, 52.7576712], [10.3391395, 52.7579814], [10.3391395, 52.7583606], [10.3391395, 52.7585846], [10.3391395, 52.7587225], [10.3389154, 52.7593085], [10.3387947, 52.7596015], [10.3387086, 52.7597567], [10.3384845, 52.7601014], [10.3381398, 52.7604805], [10.3373987, 52.761394], [10.3371919, 52.7615491], [10.3360543, 52.7615836], [10.3358303, 52.7626177], [10.3356234, 52.763152], [10.3355373, 52.7634967], [10.33552, 52.7635484], [10.3354166, 52.7640483], [10.3353994, 52.7643757], [10.3353994, 52.7646515], [10.3353994, 52.7649618], [10.3353994, 52.7653754], [10.3354855, 52.7655822], [10.3357268, 52.7660476], [10.3360543, 52.7663578], [10.3363128, 52.7666164], [10.3365024, 52.7669266], [10.336692, 52.7671507], [10.3369161, 52.7677539], [10.3369333, 52.7678056], [10.3370023, 52.7680297], [10.3372091, 52.7685122], [10.337278, 52.7687363], [10.337347, 52.7693223], [10.3374159, 52.7696498], [10.3382432, 52.7700462], [10.3384328, 52.7702703], [10.3387775, 52.7707356], [10.3386396, 52.7711148], [10.3318489, 52.7745274], [10.3310905, 52.7741482], [10.3301253, 52.7746481], [10.3298323, 52.7745619], [10.3296255, 52.7744757], [10.3293497, 52.7743206], [10.3292636, 52.7743551], [10.3289361, 52.7744068], [10.3285397, 52.7744757], [10.3282122, 52.7744929], [10.3279537, 52.7745274], [10.3275917, 52.7746308], [10.3273332, 52.7746653], [10.3272298, 52.7747859], [10.326661, 52.7752685], [10.3261439, 52.7756477], [10.325782, 52.7759235], [10.3253511, 52.7764233], [10.3252132, 52.7766818], [10.3250581, 52.7771472], [10.3248685, 52.7773023], [10.3242997, 52.7775781], [10.3239033, 52.7777332], [10.3236103, 52.7779917], [10.3230416, 52.7784226], [10.3220591, 52.7789052], [10.3229899, 52.7801806], [10.3231794, 52.7803013], [10.3237827, 52.7800945], [10.3250926, 52.7795946], [10.3252132, 52.7796119], [10.3254028, 52.7796808], [10.3255752, 52.7799393], [10.3257475, 52.7799738], [10.3259888, 52.7799566], [10.3263508, 52.7798704], [10.3265748, 52.7797842], [10.3267299, 52.7796808], [10.3269195, 52.779474], [10.3270919, 52.7788018], [10.3271953, 52.7783192], [10.3274711, 52.778233], [10.3277813, 52.7781986], [10.3280743, 52.7781986], [10.3284707, 52.7781986], [10.329005, 52.7779917], [10.3294187, 52.7777504], [10.3296944, 52.7775436], [10.3300564, 52.7773885], [10.3305217, 52.7770266], [10.3307975, 52.7765957], [10.3310043, 52.7762854], [10.3316248, 52.7759235], [10.3330209, 52.7758028], [10.333762, 52.7757856], [10.3351581, 52.7754754], [10.3353649, 52.7754064], [10.3362956, 52.7756477], [10.336761, 52.7757339], [10.3371919, 52.775665], [10.3375193, 52.7754926], [10.3386741, 52.7756305], [10.3391567, 52.7756305], [10.3395876, 52.7754926], [10.3396048, 52.7750617], [10.3396048, 52.7744757], [10.3394842, 52.7739759], [10.3393808, 52.7736484], [10.3393808, 52.7732175], [10.3398633, 52.7731141], [10.3400357, 52.7729245], [10.3404838, 52.7728039], [10.3408802, 52.7725626], [10.3417248, 52.7725281], [10.3421212, 52.7725453], [10.34269, 52.7727349], [10.3431208, 52.77289], [10.3436034, 52.7734243], [10.3438964, 52.7736829], [10.3447754, 52.7743723], [10.346723, 52.775889], [10.3471022, 52.7763371], [10.3474297, 52.7765612], [10.348257, 52.7767163], [10.3497048, 52.7770438], [10.350377, 52.7772506], [10.350894, 52.7773368], [10.3519109, 52.7793361], [10.3511181, 52.7796808], [10.3512043, 52.7797842], [10.3514973, 52.7801117], [10.3516696, 52.780284], [10.3520143, 52.7805598], [10.3523246, 52.7807666], [10.3529278, 52.7809045], [10.3567713, 52.7840586], [10.3563059, 52.7843688], [10.3564611, 52.7845584], [10.3567024, 52.7847997], [10.3569264, 52.7850927], [10.3570815, 52.7852306], [10.3572711, 52.7853857], [10.3574607, 52.7855926], [10.3575297, 52.7858339], [10.3575469, 52.7861096], [10.3575814, 52.7864543], [10.3576848, 52.786575], [10.3577882, 52.7867473], [10.3579778, 52.7869542], [10.3581501, 52.7871955], [10.3583742, 52.7874368], [10.3585466, 52.7877987], [10.3585983, 52.7880228], [10.3586844, 52.7883502], [10.3588223, 52.7885915], [10.3588913, 52.7885915], [10.3592015, 52.7886432], [10.3594773, 52.7886949], [10.3597875, 52.7887639], [10.3599254, 52.7888673], [10.3600633, 52.7890396], [10.3602701, 52.7892982], [10.3604424, 52.7894878], [10.3606665, 52.7896946], [10.3609423, 52.7899704], [10.3610629, 52.790091], [10.3613732, 52.7904012], [10.3614766, 52.7905047], [10.3617523, 52.790746], [10.3618558, 52.7909011], [10.3622349, 52.7913492], [10.3623728, 52.7915043], [10.3625969, 52.7917284], [10.3628726, 52.7920386], [10.3634414, 52.7924867], [10.3638895, 52.7928314], [10.3676641, 52.7928142], [10.3673711, 52.792504], [10.3669919, 52.7922454], [10.3668196, 52.7920903], [10.3665438, 52.7918146], [10.3663542, 52.7917284], [10.3661129, 52.7918146], [10.3658199, 52.7918663], [10.3654924, 52.7917456], [10.3649064, 52.7911596], [10.3646307, 52.7907977], [10.3644238, 52.7903668], [10.3638723, 52.7896946], [10.3637172, 52.7894878], [10.363338, 52.7892292], [10.3630278, 52.7889535], [10.3626831, 52.7885226], [10.3624418, 52.7882985], [10.3620971, 52.7881089], [10.3617523, 52.7875746], [10.3612353, 52.7871782], [10.3609078, 52.7869542], [10.3608216, 52.7866267], [10.3609423, 52.7861441], [10.361804, 52.7838173], [10.3618385, 52.7836277], [10.3616145, 52.7835243], [10.3608044, 52.7833864], [10.3595634, 52.7831796], [10.3597186, 52.7829728], [10.3598047, 52.7827832], [10.3597013, 52.7825764], [10.3595634, 52.7824729], [10.3590809, 52.7822317], [10.357185, 52.7810596], [10.356892, 52.7808011], [10.3560129, 52.7802151], [10.3553063, 52.7796636], [10.3546858, 52.779181], [10.3540653, 52.7786984], [10.3539102, 52.778595], [10.3534793, 52.7785088], [10.3533992, 52.7780397], [10.3531702, 52.7776357], [10.3528619, 52.7773036], [10.3525659, 52.7769748], [10.3522901, 52.7768197], [10.3516179, 52.7764923], [10.3511008, 52.7762165], [10.3502046, 52.7757684], [10.349791, 52.7755615], [10.3496358, 52.7753892], [10.349429, 52.7751307], [10.3490326, 52.7749411], [10.3485845, 52.7747859], [10.3475331, 52.7742689], [10.3466886, 52.7740448], [10.3464473, 52.7739759], [10.3458239, 52.7739685], [10.3452929, 52.7737933], [10.345245, 52.7730032], [10.345305, 52.7727389], [10.3453804, 52.7725735], [10.344845, 52.7720795], [10.3438562, 52.7714292], [10.3432391, 52.7710361], [10.342643, 52.7705236], [10.3424773, 52.7699963], [10.3422591, 52.7698738], [10.342035, 52.7698394], [10.3417075, 52.7697532], [10.3406562, 52.7697015], [10.3405339, 52.7694335], [10.3404364, 52.7692385], [10.3399002, 52.7687754], [10.3398393, 52.7685317], [10.3398515, 52.7683001], [10.3399977, 52.7680198], [10.3394371, 52.7675201], [10.3394858, 52.7671058], [10.3392421, 52.766338], [10.3388942, 52.7657438], [10.3424006, 52.7668923], [10.3424197, 52.7668463], [10.3428606, 52.7657842], [10.338913, 52.7645099], [10.3393152, 52.7639736], [10.340347, 52.7631441], [10.3412259, 52.7630728], [10.341511, 52.7628828], [10.341606, 52.7627878], [10.3418673, 52.762574], [10.3421286, 52.7621464], [10.3423661, 52.7618376], [10.3426037, 52.7616476], [10.3427224, 52.7615288], [10.3430075, 52.7611487], [10.3430787, 52.7606024], [10.3429837, 52.7602936], [10.3427462, 52.7600323], [10.3426512, 52.759676], [10.3426037, 52.7592959], [10.3426512, 52.7587733], [10.3429837, 52.7584883], [10.34334, 52.7581082], [10.3438864, 52.7577756], [10.3443852, 52.7574668], [10.3451454, 52.7564216], [10.3455254, 52.7561128], [10.345763, 52.7561128], [10.3462143, 52.7561128], [10.3463093, 52.7563741], [10.3462618, 52.7565879], [10.3462381, 52.7574906], [10.3465944, 52.7586783], [10.347212, 52.7593672], [10.3478533, 52.7597947], [10.3490886, 52.7609587], [10.3505376, 52.7622652], [10.3519628, 52.7633341], [10.3567374, 52.7674911], [10.3580914, 52.7686313], [10.3593029, 52.7696052], [10.3600868, 52.7703891], [10.3608008, 52.7708393], [10.3611795, 52.771078], [10.3614645, 52.7716718], [10.3619396, 52.7719807], [10.3625572, 52.7725032], [10.3637212, 52.7727408], [10.3645526, 52.7732396], [10.3660966, 52.7740235], [10.3677831, 52.7752587], [10.3694222, 52.7765415], [10.3705624, 52.7773966], [10.3724627, 52.7790357], [10.3731278, 52.7795345], [10.3742918, 52.7804372], [10.375527, 52.7811973], [10.3758596, 52.7815061], [10.3762871, 52.7819337], [10.376596, 52.7822425], [10.3770235, 52.7827413], [10.3774986, 52.7831926], [10.3775936, 52.7834064], [10.3779262, 52.783834], [10.3782825, 52.7842378], [10.3788051, 52.7846892], [10.379589, 52.785188], [10.3800641, 52.7856156], [10.3814418, 52.7872784], [10.3835322, 52.78944], [10.383651, 52.78963], [10.383936, 52.7899864], [10.3841498, 52.7902001], [10.3842923, 52.7902001], [10.3841023, 52.7899388], [10.3841498, 52.7898201], [10.3843636, 52.7897251], [10.3844586, 52.7895113], [10.3847437, 52.789535], [10.3852187, 52.7898201], [10.3852662, 52.7900814], [10.3851, 52.7903664], [10.3850049, 52.7907465], [10.3851253, 52.7909], [10.3853024, 52.7911201], [10.3857176, 52.7914116], [10.3860654, 52.7915326], [10.3863827, 52.7916491], [10.3865965, 52.7917204], [10.38704, 52.7919076], [10.3874044, 52.7920289], [10.3880692, 52.792053], [10.388093, 52.792053], [10.3882118, 52.7922668], [10.3885503, 52.7923984], [10.3889091, 52.7925149], [10.3896695, 52.7921239], [10.3902862, 52.7923409], [10.3906563, 52.7924827], [10.3909863, 52.7926046], [10.3910623, 52.7925043], [10.3911573, 52.7924093], [10.3914186, 52.792148], [10.3916561, 52.7916967], [10.3916324, 52.7914354], [10.3915611, 52.7912216], [10.391181, 52.7906752], [10.3911573, 52.7906277], [10.3910385, 52.7903427], [10.3909197, 52.7900814], [10.3906347, 52.7897013], [10.3903972, 52.7893687], [10.3902784, 52.7890362], [10.3900646, 52.7890124], [10.3898508, 52.7890124], [10.3895182, 52.7890124], [10.3891619, 52.7891312], [10.3889006, 52.7892025], [10.3885443, 52.7892975], [10.3882355, 52.7893212], [10.3879505, 52.7895588], [10.3877604, 52.7898201], [10.3873329, 52.7897963], [10.3869765, 52.7897013], [10.3865965, 52.7893212], [10.3862639, 52.789155], [10.3858839, 52.7889412], [10.3854325, 52.7886324], [10.383936, 52.7873971], [10.3810855, 52.7851167], [10.3798028, 52.7839528], [10.3792089, 52.7833114], [10.3793277, 52.782385], [10.3790901, 52.7819812], [10.3765009, 52.7798195], [10.3758121, 52.7789881], [10.3750757, 52.7782755], [10.3728428, 52.776779], [10.3691609, 52.774071], [10.3682107, 52.7732871], [10.3684245, 52.7728833], [10.3677831, 52.7726695], [10.3672368, 52.7719807], [10.3647901, 52.7692014], [10.3643625, 52.7693202], [10.3603718, 52.7663984], [10.3560248, 52.7634291], [10.3549559, 52.762574], [10.3536494, 52.7615525], [10.3527705, 52.7606261], [10.3521291, 52.7599135], [10.3516778, 52.7593197], [10.3523429, 52.7589871], [10.3525567, 52.7586308], [10.3545045, 52.7581557], [10.3555022, 52.7580844], [10.3558823, 52.7578944], [10.3565474, 52.7578231], [10.3636974, 52.7575143], [10.3676406, 52.7573243], [10.3710137, 52.7572055], [10.3709187, 52.7564216], [10.370016, 52.7564216], [10.3691609, 52.7562078], [10.3636974, 52.755899], [10.3584002, 52.7556615], [10.3503475, 52.7578706], [10.3470932, 52.7543075], [10.3469032, 52.7539274], [10.3467844, 52.7530723], [10.3467606, 52.7519083], [10.3452166, 52.7519796], [10.344599, 52.7512432], [10.3440289, 52.7506494], [10.3438389, 52.7504356], [10.3438389, 52.7502589], [10.3438389, 52.7500555], [10.3437676, 52.7490341], [10.3423899, 52.7465161], [10.3420336, 52.7447583], [10.3415347, 52.7438557], [10.3415347, 52.742858], [10.3417248, 52.7419553], [10.3422236, 52.741599], [10.3421523, 52.7413852], [10.3418198, 52.7413615], [10.3414397, 52.741314], [10.3414397, 52.7410527], [10.3420811, 52.740245], [10.3423186, 52.7395324], [10.3409884, 52.7391761], [10.3403945, 52.7391523], [10.3396819, 52.7392711], [10.3395631, 52.7392473], [10.339088, 52.7389385], [10.3389537, 52.7387735], [10.3388695, 52.7385938], [10.3388635, 52.7383683], [10.3391095, 52.7383877], [10.3393018, 52.7382972], [10.3393493, 52.7381309], [10.3393493, 52.7379409], [10.3390168, 52.7378221], [10.3388267, 52.7376558], [10.3387317, 52.7374183], [10.3387792, 52.7369907], [10.3390405, 52.7365394], [10.3397769, 52.7362543], [10.3401095, 52.7358505], [10.3395156, 52.7347103], [10.3392543, 52.7334513], [10.3412259, 52.7334038], [10.338898, 52.7277978], [10.3389693, 52.7274652], [10.3397056, 52.7273227], [10.3411071, 52.7267764], [10.3412734, 52.7268239], [10.3415585, 52.7269902], [10.3419385, 52.7274652], [10.3422473, 52.7279166], [10.3427937, 52.7281779], [10.3433163, 52.7281304], [10.3436013, 52.7281304], [10.3465706, 52.730482], [10.3481859, 52.7297694], [10.3491836, 52.7304583], [10.3498249, 52.7299357], [10.3507989, 52.730387], [10.351559, 52.7307671], [10.3524617, 52.7314084], [10.352921, 52.7316199], [10.3540232, 52.7303857], [10.3527467, 52.7297456], [10.3522241, 52.7295319], [10.3536494, 52.7278216], [10.3545045, 52.7275365], [10.3536019, 52.7267526], [10.3547896, 52.72623], [10.354552, 52.7261112], [10.3538869, 52.7257074], [10.3524854, 52.7245672], [10.3517728, 52.7240921], [10.3511314, 52.7235933], [10.3505376, 52.7228332], [10.3496112, 52.7222631], [10.3497537, 52.7219068], [10.3494924, 52.7211466], [10.3502525, 52.7195551], [10.3500862, 52.7189375], [10.3541482, 52.7177023], [10.3569275, 52.7206953], [10.3621059, 52.719365], [10.3636499, 52.7212416], [10.3630982, 52.7220165], [10.363066, 52.7222931], [10.3631418, 52.7227617], [10.3632691, 52.7230985], [10.3634675, 52.7236341], [10.3638399, 52.7239734], [10.3644185, 52.7244395], [10.3643388, 52.7249235], [10.3654138, 52.7263998], [10.3655817, 52.7271725], [10.3655145, 52.7277436], [10.3653466, 52.7285834], [10.3656153, 52.7291209], [10.3638685, 52.7304311], [10.3651786, 52.7340928], [10.3656153, 52.7337904], [10.367127, 52.7333537], [10.3675301, 52.733656], [10.3693442, 52.7349998], [10.3699153, 52.7355709], [10.3704192, 52.7363099], [10.3707887, 52.7376537], [10.3678997, 52.7379224], [10.3711918, 52.7416849], [10.371427, 52.7422224], [10.3718637, 52.7445404], [10.3754582, 52.7446075], [10.3754582, 52.7447083], [10.3752567, 52.7451114], [10.3751559, 52.745313], [10.3751223, 52.7457833], [10.3750215, 52.7461528], [10.3746856, 52.7465896], [10.3746856, 52.7468919], [10.3744168, 52.7473622], [10.3739129, 52.747631], [10.3733754, 52.7477653], [10.3728715, 52.7479669], [10.3726028, 52.7480005], [10.37267, 52.7484708], [10.3729387, 52.7492434], [10.3730395, 52.7500497], [10.3732746, 52.7509903], [10.3736106, 52.7524012], [10.3739129, 52.753577], [10.3741145, 52.7543497], [10.3745512, 52.7551895], [10.3751223, 52.7565332], [10.3755254, 52.756634], [10.3761973, 52.7568356], [10.3766676, 52.7569028], [10.3772723, 52.7570036], [10.3776418, 52.7571715], [10.3779441, 52.7573059], [10.3783137, 52.7575075], [10.3787168, 52.7577426], [10.3791871, 52.758045], [10.3795902, 52.7582801], [10.3800269, 52.758616], [10.3803629, 52.7586832], [10.3810012, 52.758952], [10.3813371, 52.7592207], [10.3818746, 52.7595231], [10.3822777, 52.7597582], [10.382748, 52.7599262], [10.3832183, 52.7601614], [10.3840582, 52.7601614], [10.3844949, 52.7601614], [10.3850324, 52.7601614], [10.3853011, 52.7602621], [10.3855699, 52.7606653], [10.385973, 52.761102], [10.3863089, 52.7614043], [10.3866113, 52.7615387], [10.3869136, 52.7616395], [10.3871488, 52.7617402], [10.3873503, 52.7619754], [10.3876527, 52.7622106], [10.3878206, 52.7622106], [10.3881902, 52.7622106], [10.3886941, 52.7622106], [10.3889292, 52.7624121], [10.389366, 52.7625465], [10.3899034, 52.7626809], [10.3904745, 52.7627816], [10.3929269, 52.7627145], [10.3932628, 52.7627145], [10.3938339, 52.7627816], [10.3942706, 52.7628824], [10.3951776, 52.7628488], [10.3957151, 52.7635879], [10.4009893, 52.7637223], [10.4013924, 52.7634871], [10.4046174, 52.7638902], [10.4047854, 52.7641254], [10.4051549, 52.7641926], [10.4068682, 52.7641926], [10.4070697, 52.7640246], [10.4073721, 52.7637559], [10.4077416, 52.7637223], [10.4079096, 52.7639238], [10.4079768, 52.7642934], [10.4080776, 52.7644949], [10.4083799, 52.7644949], [10.4087494, 52.7644949], [10.4093205, 52.7646965], [10.410026, 52.7648309], [10.4112689, 52.7655027], [10.4119072, 52.765973], [10.4137213, 52.7656371], [10.4130494, 52.7645285], [10.4129822, 52.7642598], [10.413083, 52.763991], [10.4133517, 52.7637895], [10.4139564, 52.7637559], [10.4170806, 52.763084], [10.4197681, 52.7623113], [10.4231611, 52.7623785], [10.4253446, 52.7623785], [10.4267556, 52.7627145], [10.4272931, 52.7625465], [10.4276626, 52.7623449], [10.4278642, 52.7620426], [10.4277298, 52.7617402], [10.427629, 52.7616731], [10.4272259, 52.7616395], [10.4272259, 52.7613707], [10.4274274, 52.7610684], [10.4270579, 52.7609004], [10.4265876, 52.7608668], [10.4262181, 52.7610012], [10.4259829, 52.7610012], [10.425647, 52.7607324], [10.4220861, 52.7610012], [10.4199025, 52.7613371], [10.4176181, 52.7614379], [10.4113361, 52.7625465], [10.4097236, 52.7628152], [10.3978987, 52.7623449], [10.3959839, 52.7622442], [10.3945058, 52.7622106], [10.3938003, 52.762009], [10.3927253, 52.7618746], [10.3912136, 52.761841], [10.3863089, 52.758784], [10.3858722, 52.7583137], [10.3800605, 52.7546856], [10.3792879, 52.7545512], [10.378448, 52.7545848], [10.3760293, 52.7500497], [10.376802, 52.7471942], [10.3875855, 52.7492434], [10.3855363, 52.7472614], [10.3907097, 52.7471942], [10.3903066, 52.7466232], [10.392255, 52.7464888], [10.3923894, 52.7461192], [10.3935987, 52.7460857], [10.3943378, 52.7460857], [10.3953792, 52.7460857], [10.3958495, 52.7461864], [10.3964878, 52.746388], [10.3971597, 52.7465896], [10.3981003, 52.7466567], [10.3983354, 52.7467575], [10.3986378, 52.7469927], [10.3989737, 52.7471271], [10.3995448, 52.7471942], [10.4000151, 52.7472278], [10.4008214, 52.7473958], [10.4012917, 52.7474966], [10.401594, 52.7476646], [10.4022323, 52.7477989], [10.4027698, 52.7480677], [10.4024002, 52.748538], [10.4030721, 52.7489075], [10.4035424, 52.7491427], [10.403744, 52.7493106], [10.4040463, 52.7497138], [10.4045502, 52.7498145], [10.4048862, 52.7497474], [10.4050205, 52.7476981], [10.4047518, 52.747463], [10.4043151, 52.7471271], [10.4038112, 52.7471271], [10.4021987, 52.7467575], [10.400351, 52.746388], [10.3988393, 52.7459513], [10.3971932, 52.7454474], [10.3969581, 52.7451786], [10.3967229, 52.7451786], [10.3961518, 52.7452122], [10.3959503, 52.7454474], [10.3955808, 52.7454474], [10.3950097, 52.7451786], [10.394069, 52.7451114], [10.3930948, 52.7450443], [10.3917511, 52.7448427], [10.3914823, 52.7446411], [10.3909113, 52.7446075], [10.3905753, 52.7444732], [10.3902394, 52.7443724], [10.3898699, 52.7445404], [10.3898699, 52.7452794], [10.3887613, 52.7453802], [10.3883917, 52.7450443], [10.3825803, 52.7445771], [10.3744518, 52.7369818], [10.3742825, 52.7351006], [10.3675973, 52.7311029], [10.3668129, 52.7296607], [10.3214738, 52.7281831]]]}}, {"type": "Feature", "properties": {"name": "Lutter", "stufe": "streng", "art": "Naturschutzgebiet"}, "geometry": {"type": "Polygon", "coordinates": [[[10.3809287, 52.7354165], [10.3805114, 52.7347779], [10.3798975, 52.7345745], [10.3795231, 52.7344082], [10.3788028, 52.7339323], [10.3786675, 52.7338725], [10.3785299, 52.7338393], [10.3780493, 52.7337066], [10.3777713, 52.7336088], [10.3775839, 52.7335075], [10.3774018, 52.7333641], [10.3771375, 52.7333282], [10.3768926, 52.7332744], [10.3765075, 52.7331654], [10.3761049, 52.7330708], [10.3757474, 52.7329771], [10.3755658, 52.7329039], [10.3753771, 52.7327854], [10.3751612, 52.7323929], [10.3750443, 52.732423], [10.3748698, 52.7324197], [10.3743871, 52.732306], [10.3742844, 52.7322595], [10.3739822, 52.7322064], [10.3738446, 52.7321933], [10.3736659, 52.7321638], [10.3732814, 52.732052], [10.3730197, 52.7319798], [10.372426, 52.731805], [10.372086, 52.7316762], [10.3717219, 52.7315453], [10.3713623, 52.7313836], [10.3711396, 52.7312488], [10.3706844, 52.7309273], [10.3705776, 52.7308231], [10.3705498, 52.7307693], [10.3701797, 52.7306995], [10.3701417, 52.7306923], [10.3692921, 52.7305374], [10.3686142, 52.7303345], [10.3683367, 52.7302355], [10.3678802, 52.730077], [10.3670357, 52.7297647], [10.3668129, 52.7296607], [10.3809287, 52.7354165]]]}}, {"type": "Feature", "properties": {"name": "Lutter", "stufe": "streng", "art": "Naturschutzgebiet"}, "geometry": {"type": "Polygon", "coordinates": [[[10.3809287, 52.7354165], [10.3835879, 52.734899], [10.3838902, 52.735067], [10.3827144, 52.737217], [10.3923109, 52.7384757], [10.401594, 52.7397365], [10.4064315, 52.7395013], [10.4074729, 52.7395013], [10.4080776, 52.7392998], [10.4093205, 52.7406099], [10.4095557, 52.7406099], [10.4117393, 52.7397365], [10.412176, 52.7397365], [10.4124447, 52.7398373], [10.4138892, 52.7404419], [10.414897, 52.7405091], [10.4154681, 52.7407107], [10.4157369, 52.7409794], [10.4159049, 52.7411474], [10.4162072, 52.7412482], [10.4164759, 52.7412482], [10.4164759, 52.7411138], [10.4164759, 52.7409458], [10.4163416, 52.7407443], [10.4160728, 52.7404755], [10.4162072, 52.7403412], [10.4165095, 52.7402404], [10.4168455, 52.7401396], [10.4211454, 52.7400388], [10.4217501, 52.7400388], [10.4223548, 52.7401396], [10.4227915, 52.740274], [10.4231275, 52.7403748], [10.4233626, 52.7403748], [10.4240009, 52.7404419], [10.4242025, 52.7404755], [10.4244712, 52.7406099], [10.4248407, 52.7406771], [10.4252439, 52.7407107], [10.4263189, 52.7407107], [10.4265876, 52.7404419], [10.4272931, 52.7403748], [10.4282673, 52.7402068], [10.4289727, 52.7399716], [10.4289727, 52.7396693], [10.428872, 52.7394341], [10.4286032, 52.7394341], [10.4280993, 52.7395349], [10.4266884, 52.7397701], [10.4252439, 52.7396021], [10.4245384, 52.7395349], [10.423497, 52.7392998], [10.4219517, 52.739031], [10.4190962, 52.738863], [10.4186931, 52.7387959], [10.4180548, 52.7389638], [10.4170806, 52.7390982], [10.4140236, 52.7389974], [10.4117728, 52.738863], [10.4116721, 52.7383927], [10.4114033, 52.7383927], [10.4107986, 52.7384263], [10.4090182, 52.738292], [10.4080776, 52.7381576], [10.4077752, 52.738124], [10.4075401, 52.7384599], [10.4064315, 52.7383927], [10.4047518, 52.7383927], [10.4023667, 52.7379224], [10.400156, 52.7377631], [10.3940355, 52.7365115], [10.3919862, 52.7365115], [10.3911464, 52.7362092], [10.3902058, 52.735974], [10.3895003, 52.735806], [10.3885261, 52.7357724], [10.3881566, 52.7357724], [10.3877199, 52.7356717], [10.3871152, 52.7351006], [10.3866113, 52.7346303], [10.3853347, 52.7343951], [10.3847636, 52.7343279], [10.3842597, 52.7342607], [10.3836215, 52.7341264], [10.3831176, 52.733992], [10.3826472, 52.7337568], [10.3812027, 52.7332529], [10.3807996, 52.7330178], [10.3800941, 52.7328834], [10.3795902, 52.7327154], [10.3788512, 52.7324131], [10.3779106, 52.7323123], [10.3764739, 52.7320468], [10.3759635, 52.7318801], [10.3738833, 52.7310618], [10.3733754, 52.7308678], [10.3728772, 52.7305838], [10.3722332, 52.7301959], [10.3705906, 52.7294763], [10.3698975, 52.7294612], [10.3690328, 52.7294147], [10.3676027, 52.7290352], [10.3675917, 52.7286777], [10.367609, 52.7283635], [10.3676541, 52.7276623], [10.3676981, 52.7271389], [10.3678661, 52.7267358], [10.3678325, 52.7261983], [10.3673165, 52.7254407], [10.3670798, 52.7248361], [10.367127, 52.7237795], [10.3658505, 52.7237795], [10.3656153, 52.7237124], [10.3654473, 52.7235444], [10.3654473, 52.7233428], [10.3657497, 52.7224694], [10.3664887, 52.7217639], [10.3668919, 52.7217303], [10.3676981, 52.7219319], [10.3687059, 52.7218983], [10.3697473, 52.7218983], [10.3709903, 52.721596], [10.3719645, 52.721596], [10.3728379, 52.7217639], [10.374652, 52.7222006], [10.3751223, 52.7222006], [10.3766004, 52.7220327], [10.3769699, 52.7217639], [10.3776082, 52.7205546], [10.3875183, 52.7237459], [10.3940355, 52.7208569], [10.3782465, 52.7158515], [10.3824121, 52.7138023], [10.3828152, 52.7138023], [10.3839574, 52.7141382], [10.3848308, 52.7144405], [10.3851332, 52.7138359], [10.3896683, 52.7133655], [10.3919191, 52.7132312], [10.395828, 52.712802], [10.3961975, 52.712724], [10.3962399, 52.7130143], [10.3962041, 52.7133873], [10.3957851, 52.7138012], [10.398332, 52.7147236], [10.3996526, 52.7153909], [10.4006842, 52.715573], [10.4022202, 52.7158797], [10.4066658, 52.7171941], [10.4077309, 52.7172949], [10.4109115, 52.7182888], [10.4108756, 52.7190281], [10.4117784, 52.7190955], [10.4135355, 52.7175344], [10.4129915, 52.7172798], [10.4118592, 52.7169167], [10.4104728, 52.7165233], [10.4101369, 52.7163293], [10.4098118, 52.7159251], [10.4090058, 52.7152954], [10.4075737, 52.7145077], [10.4067632, 52.7103367], [10.4062821, 52.7104208], [10.4057596, 52.7104376], [10.4052035, 52.710353], [10.4048876, 52.7102782], [10.4044495, 52.7101742], [10.403478, 52.7099], [10.4023331, 52.7096703], [10.4014796, 52.7094243], [10.4011101, 52.7092617], [10.399148, 52.7083581], [10.3985884, 52.7081586], [10.3980443, 52.708022], [10.3976398, 52.7079245], [10.3972602, 52.7077219], [10.3969581, 52.7075376], [10.3966773, 52.7073664], [10.3964971, 52.7072158], [10.3964686, 52.7068722], [10.3964618, 52.7065471], [10.3964284, 52.706137], [10.3967614, 52.7059977], [10.3973716, 52.7057491], [10.3986162, 52.7051877], [10.3991499, 52.7049732], [10.3995417, 52.7048963], [10.4000325, 52.7048464], [10.4010642, 52.7047472], [10.403435, 52.7045196], [10.404073, 52.7044085], [10.4051135, 52.7041713], [10.4052531, 52.70413], [10.4051898, 52.7037421], [10.403079, 52.7037562], [10.4031135, 52.7039269], [10.4015738, 52.7038743], [10.4015213, 52.7033596], [10.4012057, 52.7033726], [10.4008321, 52.703443], [10.4002467, 52.7040623], [10.3999601, 52.7040447], [10.3993768, 52.7034554], [10.3987962, 52.7033108], [10.394573, 52.7024812], [10.3956855, 52.7014225], [10.3944804, 52.7010475], [10.3956785, 52.6997606], [10.3943437, 52.6995315], [10.3923741, 52.7015447], [10.391869, 52.7011272], [10.3909448, 52.7012383], [10.3889183, 52.7023533], [10.3861001, 52.7013085], [10.3808461, 52.7064956], [10.3783482, 52.7067944], [10.3751133, 52.7071302], [10.3749414, 52.7071566], [10.3743952, 52.7064765], [10.3723998, 52.7056213], [10.3715565, 52.705455], [10.370906, 52.7039497], [10.3704357, 52.7030763], [10.3701728, 52.7026851], [10.3707381, 52.7021693], [10.3714771, 52.701531], [10.3721826, 52.7010607], [10.3731232, 52.7005904], [10.3738623, 52.7005232], [10.3745677, 52.7004224], [10.3753404, 52.6999857], [10.3755755, 52.6991459], [10.3736607, 52.699717], [10.3723841, 52.7003216], [10.3712418, 52.7009516], [10.3701774, 52.7017033], [10.3694911, 52.7021769], [10.3688467, 52.7023709], [10.3683972, 52.7023091], [10.3667472, 52.7027718], [10.365416, 52.7024956], [10.3609634, 52.7012731], [10.357822, 52.6990029], [10.3540858, 52.6998481], [10.3542843, 52.700223], [10.351489, 52.7008927], [10.3501788, 52.7008927], [10.3494733, 52.7005904], [10.3473905, 52.7007248], [10.3473905, 52.6996498], [10.3452741, 52.698306], [10.3454757, 52.6962232], [10.3467187, 52.6963576], [10.3475249, 52.6960889], [10.350246, 52.6961896], [10.350414, 52.6936701], [10.3478273, 52.6933342], [10.3445687, 52.693435], [10.3442234, 52.6907508], [10.3423851, 52.6908147], [10.3411757, 52.6905123], [10.34, 52.6903108], [10.3395968, 52.690042], [10.338757, 52.6899412], [10.3378885, 52.6892954], [10.3401679, 52.6883959], [10.3413751, 52.6879517], [10.3410906, 52.6875564], [10.3407714, 52.6876295], [10.340803, 52.6871758], [10.3405039, 52.6872538], [10.338966, 52.6877582], [10.3379309, 52.6878994], [10.3372554, 52.6882481], [10.3366739, 52.68795], [10.3360023, 52.6876233], [10.3359351, 52.6872202], [10.3362039, 52.686817], [10.3361367, 52.6861452], [10.3355612, 52.6859062], [10.3351807, 52.6849819], [10.3350502, 52.6849809], [10.3340214, 52.6838781], [10.3349161, 52.6836867], [10.3359245, 52.6837058], [10.3339384, 52.6812989], [10.331773, 52.6797797], [10.3275043, 52.6796041], [10.323604, 52.6794437], [10.323363, 52.6793169], [10.3234383, 52.6790569], [10.3239422, 52.6786874], [10.3246813, 52.6784186], [10.3253196, 52.6782843], [10.3263274, 52.6780155], [10.3275309, 52.6776883], [10.3258571, 52.6773101], [10.3250172, 52.6775116], [10.3239422, 52.6775116], [10.3228337, 52.6775116], [10.3220314, 52.6774444], [10.3213313, 52.6772158], [10.3204366, 52.6767454], [10.3207845, 52.6758319], [10.3162829, 52.6746226], [10.3164173, 52.6744546], [10.3165853, 52.6741523], [10.3166189, 52.6737491], [10.3166525, 52.6731109], [10.3163837, 52.6729093], [10.3160814, 52.6728421], [10.3158798, 52.6732452], [10.3155775, 52.6734132], [10.3152415, 52.6736148], [10.3143009, 52.6737491], [10.313629, 52.6739171], [10.3129572, 52.6736484], [10.3115798, 52.6730437], [10.3104041, 52.6723046], [10.3095642, 52.6717671], [10.3104712, 52.6715656], [10.3106728, 52.670289], [10.3083548, 52.6703226], [10.3060033, 52.6688445], [10.3067759, 52.6679039], [10.3070575, 52.6665839], [10.3049895, 52.6670396], [10.2994405, 52.660665], [10.3041221, 52.659707], [10.304626, 52.6585985], [10.2978065, 52.6591024], [10.2942456, 52.6556422], [10.294044, 52.6552727], [10.2936745, 52.6533915], [10.2930698, 52.6500993], [10.2927338, 52.6488227], [10.292801, 52.6483524], [10.3809287, 52.7354165]]]}}, {"type": "Feature", "properties": {"name": "Lutter", "stufe": "streng", "art": "Naturschutzgebiet"}, "geometry": {"type": "Polygon", "coordinates": [[[10.292801, 52.6483524], [10.2929216, 52.6481486], [10.292732, 52.6479934], [10.2923356, 52.6478728], [10.2922149, 52.6476143], [10.2921287, 52.6475626], [10.2916806, 52.6475281], [10.2914738, 52.6474419], [10.2912497, 52.6470627], [10.2911808, 52.6469076], [10.2910946, 52.6467697], [10.2908533, 52.6465974], [10.2902845, 52.6465629], [10.2899398, 52.6465457], [10.2896468, 52.6465284], [10.2893883, 52.6464078], [10.2893883, 52.6461837], [10.2895089, 52.645839], [10.2895089, 52.6456494], [10.2892332, 52.6456494], [10.2873589, 52.6471431], [10.292801, 52.6483524]]]}}, {"type": "Feature", "properties": {"name": "Lutter", "stufe": "streng", "art": "Naturschutzgebiet"}, "geometry": {"type": "Polygon", "coordinates": [[[10.2873589, 52.6471431], [10.2868214, 52.6481173], [10.2861159, 52.6490579], [10.2862503, 52.6493602], [10.2865526, 52.6504352], [10.2869894, 52.651443], [10.2869222, 52.6519805], [10.2866198, 52.6526188], [10.2870229, 52.6531563], [10.2872917, 52.653593], [10.2872245, 52.6543321], [10.2870901, 52.6554743], [10.287762, 52.6558102], [10.2891393, 52.6563813], [10.2905503, 52.6570532], [10.2914237, 52.6576578], [10.2923643, 52.6585313], [10.2951862, 52.6611852], [10.2989487, 52.6645781], [10.2998893, 52.6654179], [10.3007291, 52.6662242], [10.3014346, 52.6667281], [10.3021736, 52.6672656], [10.3031814, 52.6676351], [10.3043006, 52.6681016], [10.3047881, 52.6682989], [10.3048405, 52.6684745], [10.3047962, 52.6686651], [10.3048915, 52.6688046], [10.3050741, 52.6689328], [10.3055741, 52.6691712], [10.3059429, 52.669465], [10.3060555, 52.6696472], [10.305909, 52.6698458], [10.3056338, 52.6700874], [10.3051677, 52.6705873], [10.3051946, 52.6707874], [10.3052571, 52.6709484], [10.305082, 52.6710265], [10.3060692, 52.6714599], [10.3065689, 52.6716787], [10.3068039, 52.6717925], [10.3068978, 52.6718999], [10.3069836, 52.6720397], [10.306946, 52.6721617], [10.3068361, 52.672287], [10.3065418, 52.6723913], [10.3051971, 52.6726742], [10.3056674, 52.6733796], [10.3060369, 52.6742866], [10.3061713, 52.6749585], [10.3051971, 52.6751265], [10.3056674, 52.6762351], [10.306608, 52.6763358], [10.3072138, 52.6774487], [10.3083884, 52.6790569], [10.3090939, 52.6795944], [10.3008299, 52.6807702], [10.3003596, 52.6823827], [10.299251, 52.6824835], [10.2994526, 52.6833905], [10.2964963, 52.6861116], [10.2914573, 52.6865483], [10.2915581, 52.6877241], [10.2922635, 52.6883287], [10.2937417, 52.6896389], [10.294044, 52.690042], [10.2921963, 52.6923936], [10.2936745, 52.69236], [10.2944135, 52.6948123], [10.2962948, 52.6947451], [10.2991502, 52.697231], [10.2968994, 52.6974662], [10.2979744, 52.6982724], [10.2990158, 52.6991795], [10.2994861, 52.6997841], [10.3004268, 52.7006576], [10.3018713, 52.7015646], [10.303383, 52.7022701], [10.3048947, 52.7028412], [10.3065744, 52.7032779], [10.3096986, 52.7040841], [10.3110759, 52.7044201], [10.3128435, 52.703809], [10.313876, 52.7034564], [10.3119829, 52.6999857], [10.3079517, 52.7001537], [10.3075486, 52.6991795], [10.3067759, 52.6988435], [10.3053721, 52.6946118], [10.3090267, 52.6943084], [10.3089931, 52.6938717], [10.303383, 52.6942412], [10.3027783, 52.6919568], [10.299251, 52.6918897], [10.3014682, 52.6882952], [10.3013338, 52.6867163], [10.2997213, 52.6864811], [10.2997549, 52.6858428], [10.3071119, 52.6853389], [10.3072463, 52.686985], [10.3077502, 52.6871866], [10.3077502, 52.68806], [10.3102697, 52.688228], [10.3106746, 52.6867866], [10.3111095, 52.6852381], [10.3106728, 52.6851374], [10.3103705, 52.6830882], [10.3151407, 52.682685], [10.3151407, 52.6819124], [10.3184665, 52.683021], [10.3187741, 52.6847304], [10.316686, 52.6848686], [10.3162829, 52.6862124], [10.3220274, 52.6860108], [10.3217725, 52.6876329], [10.2873589, 52.6471431]]]}}, {"type": "Feature", "properties": {"name": "Lutter", "stufe": "streng", "art": "Naturschutzgebiet"}, "geometry": {"type": "Polygon", "coordinates": [[[10.3217725, 52.6876329], [10.3253776, 52.6885294], [10.3247867, 52.6892598], [10.325457, 52.6894914], [10.326474, 52.68958], [10.3297026, 52.6855899], [10.3298444, 52.685494], [10.3301126, 52.6856402], [10.3333056, 52.6894548], [10.3324647, 52.6900886], [10.331575, 52.6904908], [10.3306488, 52.6908442], [10.3308804, 52.6910026], [10.33138, 52.691417], [10.3313069, 52.6921239], [10.3315872, 52.6923067], [10.3322331, 52.6923067], [10.3328059, 52.6922701], [10.3314743, 52.6951465], [10.3312825, 52.6955607], [10.3308438, 52.6965478], [10.3295885, 52.699229], [10.3299785, 52.6991315], [10.330405, 52.6989], [10.3310632, 52.6986562], [10.3315263, 52.6985466], [10.332355, 52.6984003], [10.3330253, 52.6983637], [10.3337444, 52.6988269], [10.3340003, 52.6985466], [10.3340856, 52.6982784], [10.3353653, 52.6982175], [10.3365596, 52.6982541], [10.3360715, 52.6989673], [10.3374159, 52.6989156], [10.3395014, 52.6988983], [10.3400185, 52.6990535], [10.3406734, 52.7012596], [10.3413973, 52.7014837], [10.3415007, 52.7018456], [10.3414145, 52.7023799], [10.3406217, 52.7022937], [10.3395014, 52.7021214], [10.3388292, 52.7020524], [10.3382087, 52.7020524], [10.3368127, 52.7019145], [10.3365714, 52.7018284], [10.3351236, 52.7016905], [10.3337792, 52.701656], [10.3322108, 52.7016388], [10.3315386, 52.7014664], [10.3301598, 52.7015698], [10.3301253, 52.7016905], [10.3302977, 52.7020524], [10.3306079, 52.7023454], [10.3310388, 52.7026212], [10.3315042, 52.7027418], [10.3337103, 52.7025867], [10.33552, 52.7023454], [10.3367782, 52.7022765], [10.3377089, 52.7022937], [10.3385362, 52.7023282], [10.3393463, 52.7024833], [10.3407596, 52.7026901], [10.3411732, 52.7029142], [10.3413111, 52.7031727], [10.3413628, 52.7034657], [10.3410251, 52.7036217], [10.340277, 52.7046205], [10.3384673, 52.7072231], [10.3381226, 52.7077574], [10.3376227, 52.7083778], [10.3367641, 52.709143], [10.3362611, 52.7092913], [10.3354378, 52.7094981], [10.3352221, 52.7097729], [10.3348478, 52.7096705], [10.3345636, 52.7095662], [10.3340669, 52.7095196], [10.332895, 52.709718], [10.3342113, 52.7104804], [10.3322417, 52.7140793], [10.3329504, 52.7140908], [10.3316805, 52.7156897], [10.3303128, 52.7156865], [10.3303727, 52.7180826], [10.3309182, 52.7180814], [10.331063, 52.7181583], [10.3309354, 52.7200117], [10.3297634, 52.7201841], [10.3267694, 52.720581], [10.3246676, 52.7205385], [10.3237508, 52.7205199], [10.3235322, 52.7205155], [10.3233884, 52.7215696], [10.3224211, 52.7212355], [10.3228229, 52.7227288], [10.322197, 52.7228039], [10.3228003, 52.7248204], [10.3202626, 52.7251651], [10.3217725, 52.6876329]]]}}, {"type": "Feature", "properties": {"name": "Lutter", "stufe": "streng", "art": "Naturschutzgebiet"}, "geometry": {"type": "Polygon", "coordinates": [[[10.3202626, 52.7251651], [10.3210597, 52.7275478], [10.3213167, 52.7279421], [10.3214738, 52.7281831], [10.3202626, 52.7251651]]]}}, {"type": "Feature", "properties": {"name": "Lachte", "stufe": "streng", "art": "Naturschutzgebiet"}, "geometry": {"type": "Polygon", "coordinates": [[[10.292801, 52.6483524], [10.2929216, 52.6481486], [10.292732, 52.6479934], [10.2923356, 52.6478728], [10.2922149, 52.6476143], [10.2921287, 52.6475626], [10.2916806, 52.6475281], [10.2914738, 52.6474419], [10.2912497, 52.6470627], [10.2911808, 52.6469076], [10.2910946, 52.6467697], [10.2908533, 52.6465974], [10.2902845, 52.6465629], [10.2899398, 52.6465457], [10.2896468, 52.6465284], [10.2893883, 52.6464078], [10.2893883, 52.6461837], [10.2895089, 52.645839], [10.2895089, 52.6456494], [10.2892332, 52.6456494], [10.2873589, 52.6471431], [10.292801, 52.6483524]]]}}, {"type": "Feature", "properties": {"name": "Lachte", "stufe": "streng", "art": "Naturschutzgebiet"}, "geometry": {"type": "Polygon", "coordinates": [[[10.2873589, 52.6471431], [10.2867878, 52.6467399], [10.2860151, 52.6464712], [10.2853097, 52.6461688], [10.284705, 52.6460345], [10.2837644, 52.6459001], [10.2828238, 52.6457321], [10.2821183, 52.6455306], [10.2815136, 52.6452954], [10.2807074, 52.6449931], [10.2812798, 52.6443686], [10.2804458, 52.643773], [10.2873589, 52.6471431]]]}}, {"type": "Feature", "properties": {"name": "Lachte", "stufe": "streng", "art": "Naturschutzgebiet"}, "geometry": {"type": "Polygon", "coordinates": [[[10.2804458, 52.643773], [10.2810627, 52.6435175], [10.280954, 52.6434102], [10.2800074, 52.6437585], [10.278689, 52.6428535], [10.2786568, 52.6427412], [10.277688, 52.6419743], [10.278123, 52.6414798], [10.2777126, 52.641322], [10.276747, 52.6410209], [10.2759665, 52.6407979], [10.2742875, 52.6402478], [10.2738583, 52.6400622], [10.2740756, 52.6397285], [10.2734533, 52.6396765], [10.2732173, 52.6392191], [10.2731152, 52.6387111], [10.2804458, 52.643773]]]}}, {"type": "Feature", "properties": {"name": "Lachte", "stufe": "streng", "art": "Naturschutzgebiet"}, "geometry": {"type": "Polygon", "coordinates": [[[10.2731152, 52.6387111], [10.2738181, 52.6375572], [10.273008, 52.6367776], [10.2721176, 52.6364943], [10.2713746, 52.6374628], [10.2701703, 52.6371877], [10.2697894, 52.6377037], [10.2687111, 52.6374059], [10.2683732, 52.6376419], [10.2669838, 52.6372545], [10.2675256, 52.6366229], [10.2674559, 52.636548], [10.2678153, 52.6359441], [10.2673593, 52.6356218], [10.2672359, 52.6349496], [10.2670401, 52.6349056], [10.2660665, 52.6348812], [10.2653155, 52.6349414], [10.2656776, 52.6346842], [10.2664742, 52.6342594], [10.2662274, 52.6342024], [10.2657124, 52.6344238], [10.2650714, 52.634891], [10.2619171, 52.6340559], [10.2619949, 52.6343001], [10.2619761, 52.6345784], [10.2618474, 52.6349349], [10.2618661, 52.6352475], [10.261724, 52.6355242], [10.2621075, 52.6357195], [10.2607343, 52.6369599], [10.2604204, 52.6365692], [10.2596211, 52.6355177], [10.2611285, 52.6347884], [10.2600771, 52.6340624], [10.2597874, 52.6341601], [10.2584892, 52.6331085], [10.2575451, 52.6334406], [10.2560699, 52.6322652], [10.2553833, 52.6313129], [10.2548119, 52.6301342], [10.2547476, 52.629921], [10.2545705, 52.6296442], [10.2537391, 52.6289995], [10.2509361, 52.6270312], [10.2497265, 52.6264386], [10.2498606, 52.626196], [10.250102, 52.6262676], [10.2504829, 52.6258427], [10.2511749, 52.6256701], [10.2512875, 52.6255235], [10.2525026, 52.6257954], [10.2535191, 52.6253607], [10.2553296, 52.6270572], [10.2545652, 52.6273959], [10.2566278, 52.6293886], [10.2577785, 52.6298038], [10.258559, 52.6302629], [10.2583981, 52.6304257], [10.2594495, 52.6311094], [10.2596426, 52.6310443], [10.2631563, 52.6326364], [10.2641702, 52.6329424], [10.2649212, 52.6323857], [10.2674492, 52.6335496], [10.2674545, 52.6336107], [10.2674304, 52.6336823], [10.2663065, 52.6341499], [10.2665439, 52.6342048], [10.2676168, 52.6337678], [10.2677885, 52.6337678], [10.2679843, 52.6337336], [10.2695695, 52.6343196], [10.2717501, 52.6351042], [10.2728257, 52.635516], [10.2735633, 52.6358221], [10.2747032, 52.6363804], [10.2752987, 52.6368069], [10.2775326, 52.6385544], [10.2789384, 52.6396879], [10.2784261, 52.6402413], [10.2792898, 52.6406075], [10.27955, 52.6408728], [10.2799952, 52.6415482], [10.2803412, 52.6420348], [10.2804646, 52.6423978], [10.2806738, 52.6425231], [10.2810413, 52.6429495], [10.2810976, 52.6433011], [10.2812117, 52.643424], [10.281657, 52.6432032], [10.2824816, 52.6436526], [10.2832847, 52.6439236], [10.2834284, 52.6438509], [10.2846649, 52.6441994], [10.2847213, 52.6440546], [10.2861696, 52.6441978], [10.2878863, 52.6446405], [10.288648, 52.6448488], [10.2892917, 52.6451189], [10.2896136, 52.6445916], [10.2902681, 52.6449529], [10.2909359, 52.6454737], [10.291864, 52.6461198], [10.2922314, 52.6465429], [10.2923643, 52.6465048], [10.2925211, 52.6464013], [10.2950692, 52.646787], [10.2971828, 52.6469823], [10.2982879, 52.6469628], [10.3004873, 52.6468196], [10.3026103, 52.6466727], [10.3046876, 52.6465397], [10.3063559, 52.6463053], [10.3071767, 52.6462825], [10.3080028, 52.646289], [10.3112912, 52.6464388], [10.3150356, 52.6465722], [10.3161299, 52.6466536], [10.3171223, 52.646914], [10.3190052, 52.6476853], [10.3213763, 52.648691], [10.3181523, 52.6493387], [10.3191581, 52.6504712], [10.3205797, 52.6521749], [10.3217626, 52.6525524], [10.3212744, 52.6530357], [10.3224063, 52.6534229], [10.3230768, 52.6529022], [10.3235355, 52.6527119], [10.3239539, 52.6526598], [10.3247505, 52.6528941], [10.3252038, 52.6524743], [10.3261802, 52.6526842], [10.3266227, 52.6527167], [10.3274515, 52.6527851], [10.3279102, 52.6529836], [10.327819, 52.6531333], [10.3281033, 52.6532553], [10.3284173, 52.6534924], [10.3285154, 52.6538425], [10.3284593, 52.6539975], [10.3283255, 52.6541049], [10.3282034, 52.6542244], [10.3282803, 52.6543468], [10.3285538, 52.6544236], [10.3289039, 52.6545611], [10.3287792, 52.6546652], [10.2731152, 52.6387111]]]}}, {"type": "Feature", "properties": {"name": "Lachte", "stufe": "streng", "art": "Naturschutzgebiet"}, "geometry": {"type": "Polygon", "coordinates": [[[10.3287792, 52.6546652], [10.3286652, 52.6547344], [10.3279021, 52.6546026], [10.3277948, 52.6544057], [10.3280197, 52.6541085], [10.328231, 52.654007], [10.328357, 52.6538995], [10.3282683, 52.6535812], [10.3280617, 52.6533969], [10.3275065, 52.6532561], [10.3267956, 52.6531805], [10.3264261, 52.653128], [10.3259844, 52.6530975], [10.3255793, 52.6531268], [10.3252146, 52.6532146], [10.324941, 52.6533025], [10.3246375, 52.6532528], [10.3244041, 52.6531185], [10.3240233, 52.6530969], [10.3238289, 52.6531725], [10.3235811, 52.6534311], [10.3233831, 52.6536814], [10.3231654, 52.6538346], [10.3227845, 52.6539013], [10.3220925, 52.6538932], [10.321489, 52.653833], [10.320901, 52.6536403], [10.3203914, 52.6533295], [10.3199703, 52.6528967], [10.3195602, 52.6530429], [10.319461, 52.6530782], [10.31945, 52.6530822], [10.3188359, 52.6524964], [10.3181389, 52.6518674], [10.3180584, 52.6513922], [10.3177983, 52.6509887], [10.3173101, 52.65066], [10.3175595, 52.6504045], [10.3162748, 52.6498333], [10.3157598, 52.6494461], [10.3152126, 52.6489025], [10.3144401, 52.648014], [10.3144017, 52.6476806], [10.3132931, 52.647311], [10.3126212, 52.647311], [10.311815, 52.6476134], [10.3111431, 52.647647], [10.3103369, 52.6477477], [10.3086572, 52.647479], [10.307515, 52.647479], [10.3061713, 52.6475798], [10.3040549, 52.6476134], [10.3018041, 52.6477141], [10.2998221, 52.6476134], [10.2978737, 52.6479829], [10.2966307, 52.6480501], [10.2955221, 52.6482181], [10.2947495, 52.6485876], [10.2940104, 52.6486212], [10.2933385, 52.6484532], [10.292801, 52.6483524], [10.3287792, 52.6546652]]]}}, {"type": "Feature", "properties": {"name": "Lachte", "stufe": "streng", "art": "Naturschutzgebiet"}, "geometry": {"type": "Polygon", "coordinates": [[[10.3915124, 52.6785734], [10.3899845, 52.6781303], [10.3905398, 52.6775416], [10.3905907, 52.6771188], [10.3900167, 52.675229], [10.3893287, 52.6744167], [10.3899744, 52.6740956], [10.386514, 52.6719185], [10.3855589, 52.6712916], [10.384883, 52.6708589], [10.3834426, 52.6707093], [10.3806719, 52.6704295], [10.3806102, 52.6695496], [10.3800561, 52.6691591], [10.379355, 52.6687022], [10.378435, 52.6680727], [10.3774345, 52.6673424], [10.3769758, 52.6671569], [10.3762838, 52.6671634], [10.3760451, 52.6671716], [10.3759137, 52.6671146], [10.3760719, 52.6668186], [10.3746457, 52.6669832], [10.3737062, 52.6670333], [10.3731993, 52.6668039], [10.372754, 52.6662672], [10.3713378, 52.6652245], [10.3696814, 52.66508], [10.3666259, 52.6648101], [10.3673041, 52.664275], [10.3671093, 52.6642103], [10.3605438, 52.6620375], [10.3537828, 52.6598528], [10.3535843, 52.6596853], [10.353996, 52.6593566], [10.3542495, 52.6587783], [10.353772, 52.6586229], [10.3532986, 52.6586091], [10.3527904, 52.6585847], [10.3518905, 52.658596], [10.3515593, 52.658634], [10.3513604, 52.6585424], [10.3515941, 52.6584789], [10.3519602, 52.6584561], [10.3524933, 52.6584647], [10.3530063, 52.6584822], [10.3534006, 52.6585082], [10.3538364, 52.6585145], [10.3547618, 52.6587693], [10.3559366, 52.657432], [10.3596035, 52.6587539], [10.360639, 52.6590399], [10.3624742, 52.6591223], [10.3638788, 52.6591565], [10.3661464, 52.6592192], [10.3661053, 52.660801], [10.3679498, 52.6614069], [10.3678978, 52.6615973], [10.3688154, 52.6620326], [10.3693537, 52.6617808], [10.3696173, 52.6616652], [10.3726218, 52.6600347], [10.3731745, 52.6597347], [10.3734437, 52.6598225], [10.3758939, 52.6603124], [10.3757279, 52.6645831], [10.3767906, 52.6658628], [10.3780551, 52.6654512], [10.3794521, 52.6663634], [10.3807792, 52.6664012], [10.3821415, 52.666625], [10.3823583, 52.666054], [10.3824873, 52.6660635], [10.3835792, 52.6660884], [10.3857604, 52.6659749], [10.388818, 52.6658628], [10.389572, 52.6667441], [10.3900606, 52.6672668], [10.3904675, 52.6678428], [10.3906088, 52.6680318], [10.3914284, 52.6690591], [10.3922924, 52.6700911], [10.3931014, 52.671058], [10.3938371, 52.6719852], [10.3929327, 52.6724591], [10.3918289, 52.6730298], [10.390557, 52.6736954], [10.3906026, 52.6737365], [10.3915124, 52.6785734]]]}}, {"type": "Feature", "properties": {"name": "Lachte", "stufe": "streng", "art": "Naturschutzgebiet"}, "geometry": {"type": "Polygon", "coordinates": [[[10.3906026, 52.6737365], [10.3910489, 52.6741293], [10.3910655, 52.6742158], [10.3909743, 52.6742386], [10.390918, 52.6742793], [10.3909448, 52.6743606], [10.3911889, 52.674463], [10.391221, 52.6745704], [10.3910413, 52.6746728], [10.3907678, 52.6747054], [10.3906122, 52.6747168], [10.3907056, 52.6749028], [10.3908829, 52.6750645], [10.3907114, 52.6753364], [10.3906535, 52.6755963], [10.3908563, 52.6757218], [10.3909045, 52.6759397], [10.3913364, 52.6762975], [10.3914329, 52.6764797], [10.3914785, 52.6767968], [10.3914168, 52.6769692], [10.391213, 52.6770732], [10.3911969, 52.6771171], [10.3914061, 52.6771627], [10.3913364, 52.6773139], [10.3912935, 52.6773595], [10.3915295, 52.6773887], [10.3916931, 52.6774505], [10.3916743, 52.6776408], [10.391897, 52.677792], [10.3920633, 52.6779579], [10.3915124, 52.6785734], [10.3906026, 52.6737365]]]}}, {"type": "Feature", "properties": {"name": "Lachte", "stufe": "streng", "art": "Naturschutzgebiet"}, "geometry": {"type": "Polygon", "coordinates": [[[10.3387578, 52.6580013], [10.3372032, 52.6574004], [10.3359956, 52.6567381], [10.3353159, 52.6563521], [10.3334793, 52.6559004], [10.3316499, 52.6555187], [10.3310135, 52.6551371], [10.3302832, 52.6549836], [10.3299782, 52.6549589], [10.3297314, 52.6550191], [10.3292743, 52.6548581], [10.3289106, 52.6547311], [10.3290501, 52.6546278], [10.3297448, 52.6548222], [10.3301946, 52.6547806], [10.3307264, 52.6547589], [10.3308695, 52.6546813], [10.3315457, 52.6548818], [10.3323068, 52.6550276], [10.3346948, 52.6554093], [10.3375709, 52.6559148], [10.3402246, 52.6563929], [10.3424138, 52.656792], [10.3463004, 52.6575519], [10.3503417, 52.6583458], [10.3515177, 52.6587831], [10.3512543, 52.6589583], [10.3510856, 52.6589925], [10.3493293, 52.6589056], [10.3491479, 52.6589206], [10.348887, 52.6590033], [10.3478107, 52.6594173], [10.3463209, 52.6593176], [10.3462109, 52.6592249], [10.3444326, 52.6591158], [10.3439659, 52.6589841], [10.3436065, 52.6588165], [10.3433838, 52.6585123], [10.3432927, 52.6582959], [10.343062, 52.6580356], [10.3425845, 52.6578517], [10.3421581, 52.6578371], [10.3415465, 52.65799], [10.3405166, 52.6584293], [10.340082, 52.6584813], [10.3397814, 52.6583784], [10.3393123, 52.6582113], [10.3389153, 52.6577948], [10.3387578, 52.6580013]]]}}, {"type": "Feature", "properties": {"name": "Lachte", "stufe": "streng", "art": "Naturschutzgebiet"}, "geometry": {"type": "Polygon", "coordinates": [[[10.1864334, 52.6305147], [10.1865014, 52.6297484], [10.186598, 52.6294961], [10.1869145, 52.6286479], [10.187003, 52.6280552], [10.1854125, 52.6280211], [10.1855251, 52.6278941], [10.1866436, 52.6279445], [10.187223, 52.6279478], [10.1924828, 52.627842], [10.1927912, 52.6278648], [10.2045125, 52.6290549], [10.2113253, 52.6297907], [10.2134871, 52.6274887], [10.2143615, 52.6276026], [10.2161586, 52.6270458], [10.2186209, 52.6266616], [10.222789, 52.6264825], [10.2263135, 52.6263392], [10.2321017, 52.6261569], [10.2316078, 52.6250159], [10.232027, 52.6250182], [10.2335423, 52.624408], [10.2343943, 52.6239418], [10.2354315, 52.6235834], [10.2357511, 52.6235159], [10.2359873, 52.6235185], [10.2362123, 52.6235658], [10.2367402, 52.6237893], [10.2370838, 52.6238034], [10.2373496, 52.6237044], [10.2376106, 52.6232554], [10.2378038, 52.6231406], [10.2380768, 52.6230904], [10.2389094, 52.6231438], [10.239426, 52.6231162], [10.2408863, 52.622847], [10.241777, 52.6225717], [10.2420315, 52.6225078], [10.2420856, 52.6225129], [10.2425506, 52.6226817], [10.2437854, 52.6229868], [10.2444077, 52.6231447], [10.244865, 52.6225113], [10.2432355, 52.6221181], [10.2423303, 52.6220872], [10.2421211, 52.6223086], [10.2420134, 52.6223381], [10.2416034, 52.6224503], [10.2406955, 52.6226294], [10.2393503, 52.6228687], [10.2389453, 52.6228875], [10.2380723, 52.62285], [10.2376538, 52.6229135], [10.2373883, 52.6230308], [10.2372301, 52.623148], [10.2371281, 52.6233059], [10.2370369, 52.623415], [10.2369806, 52.6234606], [10.2368331, 52.6234834], [10.2365622, 52.623415], [10.2361438, 52.6232636], [10.2358085, 52.6232473], [10.2353659, 52.6232962], [10.2347758, 52.6232294], [10.2339953, 52.6232164], [10.2331585, 52.6232603], [10.2322546, 52.6231333], [10.2316511, 52.6231268], [10.2319032, 52.6244001], [10.2317932, 52.6244782], [10.2306908, 52.624304], [10.2302454, 52.6242757], [10.2299921, 52.624304], [10.2293597, 52.6245508], [10.2291509, 52.624561], [10.2286004, 52.6244742], [10.2275087, 52.6241835], [10.2272471, 52.6240469], [10.2267092, 52.6239699], [10.2257326, 52.6237188], [10.2250665, 52.6236431], [10.2246642, 52.6236893], [10.224262, 52.6239798], [10.2241092, 52.6243648], [10.2228796, 52.6245168], [10.221566, 52.624672], [10.219962, 52.6247404], [10.2188516, 52.6246753], [10.2175802, 52.6248511], [10.2172476, 52.6241705], [10.2166414, 52.6242324], [10.2129132, 52.6241966], [10.2056175, 52.6240891], [10.195334, 52.624913], [10.1924425, 52.6245352], [10.1918471, 52.6245059], [10.1913589, 52.6245287], [10.190742, 52.6247404], [10.1905596, 52.6248641], [10.190168, 52.625053], [10.189181, 52.6252191], [10.188666, 52.6251605], [10.1882368, 52.6251474], [10.1879954, 52.6252419], [10.1868689, 52.6259745], [10.1859784, 52.626336], [10.1853561, 52.6269416], [10.1859355, 52.6274594], [10.1853642, 52.6277427], [10.1852435, 52.6278941], [10.1851577, 52.6280129], [10.184935, 52.628008], [10.1837763, 52.6289621], [10.1823655, 52.6294602], [10.1801929, 52.6297891], [10.1771325, 52.6299552], [10.1754346, 52.629864], [10.1732728, 52.6300496], [10.1705557, 52.6300903], [10.1672888, 52.6296898], [10.16554, 52.6295889], [10.1642364, 52.6297484], [10.1616937, 52.6293837], [10.1608622, 52.629413], [10.1597464, 52.6295628], [10.1584107, 52.6299373], [10.1574933, 52.6300805], [10.156045, 52.6301554], [10.1544946, 52.6296768], [10.1536846, 52.6293609], [10.1524079, 52.6282929], [10.15082, 52.6275147], [10.149951, 52.6261992], [10.1495862, 52.6260071], [10.1443613, 52.6248674], [10.137704, 52.6234118], [10.1356333, 52.6237114], [10.1353651, 52.6235876], [10.1349789, 52.6232848], [10.1346731, 52.6232294], [10.1343244, 52.623402], [10.1339757, 52.6237895], [10.1334071, 52.6238937], [10.1319453, 52.623402], [10.131889, 52.6232962], [10.1313847, 52.6230812], [10.1310441, 52.6228858], [10.1307008, 52.6225455], [10.1302019, 52.6225586], [10.1295394, 52.6226318], [10.1293677, 52.6226742], [10.1294321, 52.6228989], [10.1293194, 52.6231219], [10.1293543, 52.6232994], [10.128952, 52.6233857], [10.1286167, 52.6232587], [10.1279408, 52.6232033], [10.1279274, 52.6229559], [10.1273453, 52.6230552], [10.1269993, 52.6230796], [10.1264736, 52.6231057], [10.1268813, 52.6232408], [10.127356, 52.6233238], [10.1280507, 52.6233238], [10.1285014, 52.6233825], [10.1287454, 52.6234834], [10.1288715, 52.6235778], [10.1291075, 52.6236723], [10.1291397, 52.6238335], [10.1319641, 52.6251018], [10.1338175, 52.6258703], [10.1343539, 52.6260217], [10.1350486, 52.626336], [10.1354134, 52.6263881], [10.1356494, 52.6263669], [10.1367518, 52.626178], [10.1373821, 52.6261553], [10.1380607, 52.6262611], [10.1404811, 52.6268637], [10.1864334, 52.6305147]]]}}, {"type": "Feature", "properties": {"name": "Lachte", "stufe": "streng", "art": "Naturschutzgebiet"}, "geometry": {"type": "Polygon", "coordinates": [[[10.1864334, 52.6305147], [10.1863359, 52.6307249], [10.1862556, 52.630935], [10.186103, 52.6311719], [10.1859856, 52.631283], [10.1858001, 52.6314156], [10.1856306, 52.6315062], [10.1854776, 52.6315705], [10.1853066, 52.6316089], [10.1850664, 52.631627], [10.1845768, 52.6316423], [10.184087, 52.6316525], [10.1837777, 52.6316608], [10.1834685, 52.6316743], [10.1832801, 52.6317024], [10.1829726, 52.6317734], [10.1826812, 52.6318077], [10.1823121, 52.6318324], [10.1817457, 52.6318694], [10.1806341, 52.631938], [10.1799482, 52.6320076], [10.1794166, 52.63206], [10.1789106, 52.6321069], [10.1783186, 52.6321547], [10.1775894, 52.6322142], [10.1753211, 52.6324303], [10.1739486, 52.6325486], [10.1732964, 52.6325917], [10.1728244, 52.6326277], [10.1725638, 52.6326878], [10.1722716, 52.6326907], [10.1717227, 52.6327433], [10.171071, 52.6328072], [10.1704532, 52.6328552], [10.1700673, 52.6328904], [10.169766, 52.6328777], [10.1691202, 52.6328422], [10.1686293, 52.6328105], [10.1679416, 52.6326551], [10.1674227, 52.6325399], [10.1670162, 52.6324497], [10.1666795, 52.6323955], [10.1662317, 52.6323406], [10.1658644, 52.6322947], [10.1654285, 52.6322402], [10.1650682, 52.6322027], [10.1628727, 52.6319449], [10.1618723, 52.6318292], [10.1628761, 52.6311027], [10.1617202, 52.6309571], [10.1607227, 52.6312755], [10.1598212, 52.631321], [10.1597089, 52.6311309], [10.1594409, 52.6312462], [10.1591349, 52.63138], [10.1586529, 52.6315207], [10.1580893, 52.6316675], [10.1573124, 52.6318739], [10.1570807, 52.6318918], [10.1568225, 52.6318787], [10.1566495, 52.6318385], [10.1562257, 52.6317433], [10.1559649, 52.631636], [10.1557638, 52.6315071], [10.1553299, 52.6320083], [10.1543972, 52.6320122], [10.1535629, 52.6319994], [10.1532709, 52.6320127], [10.1530399, 52.6320568], [10.1528692, 52.6321056], [10.1524891, 52.632036], [10.1515048, 52.6318782], [10.1513159, 52.6318853], [10.1510726, 52.6317883], [10.1507002, 52.6316873], [10.1504934, 52.6316683], [10.1502743, 52.6315083], [10.1504408, 52.6313027], [10.1504359, 52.6311144], [10.1506383, 52.630966], [10.1507702, 52.6307502], [10.1506392, 52.630673], [10.1504492, 52.6306382], [10.1500268, 52.6304331], [10.1496056, 52.6301076], [10.1492195, 52.629808], [10.148651, 52.6294421], [10.1483284, 52.6292674], [10.1472154, 52.6287864], [10.1478331, 52.6287386], [10.146917, 52.6283917], [10.1444335, 52.6274428], [10.1426988, 52.6271823], [10.1426251, 52.6269947], [10.1404811, 52.6268637], [10.1864334, 52.6305147]]]}}, {"type": "Feature", "properties": {"name": "Naturpark Südheide", "stufe": "mild", "art": "Naturpark"}, "geometry": {"type": "Polygon", "coordinates": [[[10.0152879, 52.6776543], [10.0150178, 52.6777499], [10.0100967, 52.6798348], [10.0079538, 52.6807516], [10.0049604, 52.6820224], [10.0036543, 52.68258], [10.0030449, 52.6828306], [10.0152879, 52.6776543]]]}}, {"type": "Feature", "properties": {"name": "Naturpark Südheide", "stufe": "mild", "art": "Naturpark"}, "geometry": {"type": "Polygon", "coordinates": [[[10.0152879, 52.6776543], [10.0153309, 52.6777938], [10.0157892, 52.6839391], [10.0157992, 52.6840422], [10.0158891, 52.6850279], [10.015987, 52.6861025], [10.0160024, 52.6862992], [10.0160051, 52.6863289], [10.0152879, 52.6776543]]]}}, {"type": "Feature", "properties": {"name": "Naturpark Südheide", "stufe": "mild", "art": "Naturpark"}, "geometry": {"type": "Polygon", "coordinates": [[[10.0160126, 52.6864158], [10.0160138, 52.6864298], [10.0160159, 52.6864555], [10.0160183, 52.6864853], [10.0161544, 52.6881574], [10.0163196, 52.6900718], [10.0160126, 52.6864158]]]}}, {"type": "Feature", "properties": {"name": "Naturpark Südheide", "stufe": "mild", "art": "Naturpark"}, "geometry": {"type": "Polygon", "coordinates": [[[10.002892, 52.6828992], [10.0021341, 52.6832262], [9.9955814, 52.6860695], [9.9944024, 52.6866745], [9.993195, 52.6874069], [9.9925382, 52.6878766], [9.9915301, 52.6886925], [9.9879039, 52.6917364], [9.9852365, 52.6937827], [10.002892, 52.6828992]]]}}, {"type": "Feature", "properties": {"name": "Naturpark Südheide", "stufe": "mild", "art": "Naturpark"}, "geometry": {"type": "Polygon", "coordinates": [[[9.9824527, 52.6962889], [9.982566, 52.6961108], [9.9826517, 52.6959854], [9.9827732, 52.6958226], [9.9828858, 52.6956906], [9.9830224, 52.6955272], [9.983186, 52.6953768], [9.9832531, 52.6953221], [9.9833847, 52.6952149], [9.9836035, 52.6950308], [9.9824527, 52.6962889]]]}}, {"type": "Feature", "properties": {"name": "Naturpark Südheide", "stufe": "mild", "art": "Naturpark"}, "geometry": {"type": "Polygon", "coordinates": [[[9.9811235, 52.7014307], [9.9812021, 52.7010485], [9.981269, 52.7006036], [9.9813452, 52.6997539], [9.9813558, 52.6996356], [9.981376, 52.6994113], [9.981452, 52.6986789], [9.9814826, 52.6983634], [9.9815047, 52.6982077], [9.9815337, 52.6980361], [9.9815885, 52.6978654], [9.9816705, 52.6976647], [9.9817641, 52.6974699], [9.9817835, 52.6974346], [9.9819645, 52.6971047], [9.9811235, 52.7014307]]]}}, {"type": "Feature", "properties": {"name": "Naturpark Südheide", "stufe": "mild", "art": "Naturpark"}, "geometry": {"type": "Polygon", "coordinates": [[[9.9802479, 52.7057287], [9.9803567, 52.7052825], [9.9803765, 52.7051824], [9.9804314, 52.7049041], [9.9804527, 52.7047974], [9.980795, 52.7030792], [9.9808111, 52.7029983], [9.9811235, 52.7014307], [9.9802479, 52.7057287]]]}}, {"type": "Feature", "properties": {"name": "Naturpark Südheide", "stufe": "mild", "art": "Naturpark"}, "geometry": {"type": "Polygon", "coordinates": [[[9.9790947, 52.7076901], [9.9800194, 52.7062257], [9.9801449, 52.7059882], [9.9802479, 52.7057287], [9.9790947, 52.7076901]]]}}, {"type": "Feature", "properties": {"name": "Naturpark Südheide", "stufe": "mild", "art": "Naturpark"}, "geometry": {"type": "Polygon", "coordinates": [[[9.9740812, 52.7309075], [9.9727433, 52.7272793], [9.9709169, 52.7222929], [9.9708162, 52.721829], [9.970811, 52.7213633], [9.9708844, 52.720993], [9.9709561, 52.7207659], [9.971085, 52.7204852], [9.9715029, 52.7198017], [9.9751509, 52.7140027], [9.976979, 52.7110926], [9.9740812, 52.7309075]]]}}, {"type": "Feature", "properties": {"name": "Naturpark Südheide", "stufe": "mild", "art": "Naturpark"}, "geometry": {"type": "Polygon", "coordinates": [[[9.9862618, 52.7331747], [9.9864179, 52.7332868], [9.9865526, 52.7333837], [9.9867044, 52.7335015], [9.9868353, 52.7336164], [9.9870059, 52.7337851], [9.9862618, 52.7331747]]]}}, {"type": "Feature", "properties": {"name": "Naturpark Südheide", "stufe": "mild", "art": "Naturpark"}, "geometry": {"type": "Polygon", "coordinates": [[[9.9870059, 52.7337851], [9.9872489, 52.7340384], [9.9876029, 52.7344114], [9.9877582, 52.7345707], [9.9879496, 52.7347669], [9.988072, 52.7348941], [9.9883012, 52.7351323], [9.9891367, 52.7360213], [9.9870059, 52.7337851]]]}}, {"type": "Feature", "properties": {"name": "Naturpark Südheide", "stufe": "mild", "art": "Naturpark"}, "geometry": {"type": "Polygon", "coordinates": [[[9.9895886, 52.7365118], [9.9901293, 52.7370835], [9.9907239, 52.7377122], [9.9915119, 52.7385458], [9.992293, 52.7393756], [9.9925253, 52.7395944], [9.9927472, 52.7397931], [9.9929902, 52.7399757], [9.993375, 52.7402304], [9.9960025, 52.741789], [9.9968387, 52.7422812], [10.0009218, 52.7446893], [10.0012455, 52.74488], [10.0016072, 52.745099], [10.0019153, 52.7453217], [10.0021677, 52.7455359], [10.0058643, 52.7490136], [10.0063079, 52.749431], [10.0070464, 52.7501257], [10.0095031, 52.7524367], [10.010722, 52.7535834], [10.0120022, 52.7547876], [10.0143109, 52.7569369], [10.0146204, 52.757217], [10.01498, 52.7575276], [10.0150459, 52.7575845], [10.0167841, 52.7590415], [10.018039, 52.7600926], [9.9895886, 52.7365118]]]}}, {"type": "Feature", "properties": {"name": "Naturpark Südheide", "stufe": "mild", "art": "Naturpark"}, "geometry": {"type": "Polygon", "coordinates": [[[9.9751704, 52.7322492], [9.9748476, 52.7322993], [9.9747213, 52.7323203], [9.9746122, 52.7323379], [9.9751704, 52.7322492]]]}}, {"type": "Feature", "properties": {"name": "Naturpark Südheide", "stufe": "mild", "art": "Naturpark"}, "geometry": {"type": "Polygon", "coordinates": [[[9.9775636, 52.7321782], [9.9807421, 52.732081], [9.9816227, 52.7320566], [9.9821685, 52.7320574], [9.9824521, 52.7320657], [9.982694, 52.7320752], [9.9829141, 52.7320912], [9.9831672, 52.7321168], [9.9833964, 52.7321495], [9.9836325, 52.7321854], [9.9838521, 52.7322315], [9.9843291, 52.7323383], [9.9847255, 52.7324521], [9.9850705, 52.7325616], [9.9853664, 52.7326855], [9.9856622, 52.7328313], [9.985897, 52.732956], [9.9861077, 52.7330782], [9.9775636, 52.7321782]]]}}, {"type": "Feature", "properties": {"name": "Naturpark Südheide", "stufe": "mild", "art": "Naturpark"}, "geometry": {"type": "Polygon", "coordinates": [[[10.0191042, 52.7609839], [10.0192665, 52.7611225], [10.019481, 52.7612986], [10.0197108, 52.7614884], [10.0198265, 52.7615844], [10.0191042, 52.7609839]]]}}, {"type": "Feature", "properties": {"name": "Naturpark Südheide", "stufe": "mild", "art": "Naturpark"}, "geometry": {"type": "Polygon", "coordinates": [[[10.0198265, 52.7615844], [10.0201043, 52.761811], [10.0202373, 52.7619234], [10.0206065, 52.7622357], [10.0208487, 52.7624397], [10.0210605, 52.7626182], [10.0211318, 52.7626783], [10.021385, 52.7628869], [10.0217171, 52.7631606], [10.0221257, 52.7634972], [10.0221962, 52.7635553], [10.0224631, 52.7637562], [10.0225594, 52.7638202], [10.0198265, 52.7615844]]]}}, {"type": "Feature", "properties": {"name": "Naturpark Südheide", "stufe": "mild", "art": "Naturpark"}, "geometry": {"type": "Polygon", "coordinates": [[[10.0225594, 52.7638202], [10.0230154, 52.7641015], [10.0234007, 52.764332], [10.0251841, 52.7653995], [10.0252479, 52.765437], [10.0225594, 52.7638202]]]}}, {"type": "Feature", "properties": {"name": "Naturpark Südheide", "stufe": "mild", "art": "Naturpark"}, "geometry": {"type": "Polygon", "coordinates": [[[10.0259063, 52.7658317], [10.0264349, 52.7661497], [10.0271174, 52.7665586], [10.0273881, 52.7667206], [10.0277351, 52.7669283], [10.0279738, 52.7670711], [10.0280828, 52.7671364], [10.0294317, 52.7679442], [10.0259063, 52.7658317]]]}}, {"type": "Feature", "properties": {"name": "Naturpark Südheide", "stufe": "mild", "art": "Naturpark"}, "geometry": {"type": "Polygon", "coordinates": [[[10.0300294, 52.7683028], [10.030181, 52.7683929], [10.0302017, 52.7684053], [10.0304875, 52.7685765], [10.0300294, 52.7683028]]]}}, {"type": "Feature", "properties": {"name": "Naturpark Südheide", "stufe": "mild", "art": "Naturpark"}, "geometry": {"type": "Polygon", "coordinates": [[[10.0304875, 52.7685765], [10.0312334, 52.7690251], [10.0316209, 52.769252], [10.0320116, 52.7694836], [10.0304875, 52.7685765]]]}}, {"type": "Feature", "properties": {"name": "Naturpark Südheide", "stufe": "mild", "art": "Naturpark"}, "geometry": {"type": "Polygon", "coordinates": [[[10.0320116, 52.7694836], [10.0324129, 52.7697197], [10.0326321, 52.7698328], [10.0328858, 52.7699263], [10.033127, 52.7699932], [10.033517, 52.7700781], [10.0339704, 52.7701737], [10.0343192, 52.7702798], [10.0344966, 52.7703633], [10.0346365, 52.7704384], [10.0351595, 52.7707639], [10.0353541, 52.7708654], [10.0355454, 52.7709324], [10.0357481, 52.7709819], [10.03684, 52.7711811], [10.0371384, 52.7712452], [10.0371984, 52.7712668], [10.0320116, 52.7694836]]]}}, {"type": "Feature", "properties": {"name": "Naturpark Südheide", "stufe": "mild", "art": "Naturpark"}, "geometry": {"type": "Polygon", "coordinates": [[[10.0366074, 52.771889], [10.0364046, 52.7721374], [10.0363187, 52.7722635], [10.0362057, 52.7724447], [10.0361208, 52.7726824], [10.0360782, 52.7729226], [10.0360878, 52.7734882], [10.0366074, 52.771889]]]}}, {"type": "Feature", "properties": {"name": "Naturpark Südheide", "stufe": "mild", "art": "Naturpark"}, "geometry": {"type": "Polygon", "coordinates": [[[10.0360878, 52.7734882], [10.0361129, 52.7739892], [10.0361304, 52.7744366], [10.0361364, 52.7747075], [10.0361378, 52.7747407], [10.0360878, 52.7734882]]]}}, {"type": "Feature", "properties": {"name": "Naturpark Südheide", "stufe": "mild", "art": "Naturpark"}, "geometry": {"type": "Polygon", "coordinates": [[[10.0361434, 52.7749192], [10.0361528, 52.7751125], [10.0361744, 52.7756421], [10.0362012, 52.7759228], [10.0362376, 52.7761657], [10.0361434, 52.7749192]]]}}, {"type": "Feature", "properties": {"name": "Naturpark Südheide", "stufe": "mild", "art": "Naturpark"}, "geometry": {"type": "Polygon", "coordinates": [[[10.036406, 52.7768732], [10.0364539, 52.7770499], [10.0370124, 52.7788622], [10.0376266, 52.7808553], [10.036406, 52.7768732]]]}}, {"type": "Feature", "properties": {"name": "Naturpark Südheide", "stufe": "mild", "art": "Naturpark"}, "geometry": {"type": "Polygon", "coordinates": [[[10.0380612, 52.7833776], [10.0380704, 52.7834337], [10.0380945, 52.7835811], [10.0381458, 52.7837636], [10.0380612, 52.7833776]]]}}, {"type": "Feature", "properties": {"name": "Naturpark Südheide", "stufe": "mild", "art": "Naturpark"}, "geometry": {"type": "Polygon", "coordinates": [[[10.0384448, 52.7843192], [10.0386124, 52.7845282], [10.040486, 52.7862421], [10.0405906, 52.7863361], [10.0409611, 52.7866689], [10.041279, 52.7869589], [10.0414198, 52.7871155], [10.0384448, 52.7843192]]]}}, {"type": "Feature", "properties": {"name": "Naturpark Südheide", "stufe": "mild", "art": "Naturpark"}, "geometry": {"type": "Polygon", "coordinates": [[[10.0414198, 52.7871155], [10.0414294, 52.7871272], [10.0415607, 52.7873075], [10.0415905, 52.7873517], [10.0414198, 52.7871155]]]}}, {"type": "Feature", "properties": {"name": "Naturpark Südheide", "stufe": "mild", "art": "Naturpark"}, "geometry": {"type": "Polygon", "coordinates": [[[10.0415905, 52.7873517], [10.0418615, 52.7878079], [10.0419035, 52.7878788], [10.0425908, 52.789037], [10.043145, 52.789971], [10.0415905, 52.7873517]]]}}, {"type": "Feature", "properties": {"name": "Naturpark Südheide", "stufe": "mild", "art": "Naturpark"}, "geometry": {"type": "Polygon", "coordinates": [[[10.0440539, 52.7915099], [10.0449657, 52.7930391], [10.0451066, 52.7932768], [10.0451426, 52.7933374], [10.0440539, 52.7915099]]]}}, {"type": "Feature", "properties": {"name": "Naturpark Südheide", "stufe": "mild", "art": "Naturpark"}, "geometry": {"type": "Polygon", "coordinates": [[[10.0488501, 52.7980097], [10.0488883, 52.7980567], [10.0509928, 52.8007204], [10.051491, 52.8014544], [10.0488501, 52.7980097]]]}}, {"type": "Feature", "properties": {"name": "Naturpark Südheide", "stufe": "mild", "art": "Naturpark"}, "geometry": {"type": "Polygon", "coordinates": [[[10.051491, 52.8014544], [10.0523138, 52.8028921], [10.0531701, 52.8044127], [10.0534004, 52.8048009], [10.0540829, 52.8059911], [10.051491, 52.8014544]]]}}, {"type": "Feature", "properties": {"name": "Naturpark Südheide", "stufe": "mild", "art": "Naturpark"}, "geometry": {"type": "Polygon", "coordinates": [[[10.057403, 52.811824], [10.0576658, 52.8122828], [10.0580268, 52.8129367], [10.0581184, 52.8131116], [10.0581577, 52.8132228], [10.058186, 52.8133354], [10.057403, 52.811824]]]}}, {"type": "Feature", "properties": {"name": "Naturpark Südheide", "stufe": "mild", "art": "Naturpark"}, "geometry": {"type": "Polygon", "coordinates": [[[10.0581209, 52.8140355], [10.0581105, 52.8141402], [10.058095, 52.8142973], [10.0580858, 52.8143908], [10.0579738, 52.8155246], [10.0581209, 52.8140355]]]}}, {"type": "Feature", "properties": {"name": "Naturpark Südheide", "stufe": "mild", "art": "Naturpark"}, "geometry": {"type": "Polygon", "coordinates": [[[10.0579738, 52.8155246], [10.0579646, 52.8156192], [10.0579557, 52.8157525], [10.0579655, 52.8158515], [10.0579889, 52.8159505], [10.0580262, 52.8160346], [10.0579738, 52.8155246]]]}}, {"type": "Feature", "properties": {"name": "Naturpark Südheide", "stufe": "mild", "art": "Naturpark"}, "geometry": {"type": "Polygon", "coordinates": [[[10.0580262, 52.8160346], [10.0580897, 52.8161192], [10.0581729, 52.8162079], [10.0582804, 52.8162955], [10.0580262, 52.8160346]]]}}, {"type": "Feature", "properties": {"name": "Naturpark Südheide", "stufe": "mild", "art": "Naturpark"}, "geometry": {"type": "Polygon", "coordinates": [[[10.0600341, 52.8175075], [10.0606461, 52.8178949], [10.0608647, 52.8180241], [10.0614263, 52.818304], [10.0619853, 52.8185831], [10.064222, 52.8196893], [10.0648686, 52.8200081], [10.0653128, 52.8202207], [10.0600341, 52.8175075]]]}}, {"type": "Feature", "properties": {"name": "Naturpark Südheide", "stufe": "mild", "art": "Naturpark"}, "geometry": {"type": "Polygon", "coordinates": [[[10.0663595, 52.8206402], [10.0666989, 52.8207373], [10.0670854, 52.8208331], [10.0680909, 52.8210403], [10.0663595, 52.8206402]]]}}, {"type": "Feature", "properties": {"name": "Naturpark Südheide", "stufe": "mild", "art": "Naturpark"}, "geometry": {"type": "Polygon", "coordinates": [[[10.071958, 52.8218054], [10.0755441, 52.822519], [10.0756073, 52.8225326], [10.0758238, 52.8225757], [10.071958, 52.8218054]]]}}, {"type": "Feature", "properties": {"name": "Naturpark Südheide", "stufe": "mild", "art": "Naturpark"}, "geometry": {"type": "Polygon", "coordinates": [[[10.0758238, 52.8225757], [10.0759978, 52.8226104], [10.0761713, 52.8226515], [10.0763734, 52.8227048], [10.0758238, 52.8225757]]]}}, {"type": "Feature", "properties": {"name": "Naturpark Südheide", "stufe": "mild", "art": "Naturpark"}, "geometry": {"type": "Polygon", "coordinates": [[[10.078206, 52.8233901], [10.0785241, 52.8235104], [10.0788848, 52.8236469], [10.0790622, 52.823714], [10.0791921, 52.8237632], [10.078206, 52.8233901]]]}}, {"type": "Feature", "properties": {"name": "Naturpark Südheide", "stufe": "mild", "art": "Naturpark"}, "geometry": {"type": "Polygon", "coordinates": [[[10.0793332, 52.8238166], [10.0794603, 52.8238647], [10.0796401, 52.8239327], [10.079704, 52.8239577], [10.0801569, 52.8241353], [10.0803806, 52.8242239], [10.0806995, 52.8243682], [10.0808415, 52.8244327], [10.0809313, 52.8244791], [10.081365, 52.824705], [10.0824545, 52.8253044], [10.0825912, 52.8254022], [10.0831669, 52.8258395], [10.0837608, 52.8262906], [10.0841615, 52.8266023], [10.08437, 52.8267681], [10.0846496, 52.8269809], [10.0851449, 52.8273664], [10.0855108, 52.8276511], [10.0793332, 52.8238166]]]}}, {"type": "Feature", "properties": {"name": "Naturpark Südheide", "stufe": "mild", "art": "Naturpark"}, "geometry": {"type": "Polygon", "coordinates": [[[10.0866348, 52.8285473], [10.0867503, 52.8286731], [10.0868426, 52.8288063], [10.086955, 52.8290266], [10.0870397, 52.8291959], [10.0871002, 52.8293173], [10.0871359, 52.8293887], [10.0866348, 52.8285473]]]}}, {"type": "Feature", "properties": {"name": "Naturpark Südheide", "stufe": "mild", "art": "Naturpark"}, "geometry": {"type": "Polygon", "coordinates": [[[10.0871464, 52.8294098], [10.0873346, 52.8297861], [10.0873523, 52.8298219], [10.0874475, 52.8300125], [10.0875632, 52.8302471], [10.0876437, 52.8304053], [10.087683, 52.8304841], [10.0877415, 52.8305817], [10.0878271, 52.8307037], [10.0880417, 52.830877], [10.0871464, 52.8294098]]]}}, {"type": "Feature", "properties": {"name": "Naturpark Südheide", "stufe": "mild", "art": "Naturpark"}, "geometry": {"type": "Polygon", "coordinates": [[[10.0880417, 52.830877], [10.088196, 52.8309575], [10.0883806, 52.8310277], [10.0888518, 52.8312135], [10.0892862, 52.8313367], [10.0899934, 52.8314796], [10.0900877, 52.8314987], [10.0880417, 52.830877]]]}}, {"type": "Feature", "properties": {"name": "Naturpark Südheide", "stufe": "mild", "art": "Naturpark"}, "geometry": {"type": "Polygon", "coordinates": [[[10.090261, 52.8320497], [10.0903189, 52.8322904], [10.0903449, 52.8323901], [10.0904016, 52.8325945], [10.0904234, 52.8326914], [10.0904316, 52.83275], [10.0904344, 52.8328159], [10.0904212, 52.8328749], [10.0903871, 52.8329368], [10.090337, 52.8329926], [10.0902714, 52.8330455], [10.0899301, 52.8332806], [10.0898261, 52.8333611], [10.0897322, 52.8334508], [10.0896862, 52.8335012], [10.0896462, 52.8335604], [10.089614, 52.8336221], [10.0895982, 52.8336794], [10.08959, 52.8337428], [10.0895953, 52.8338271], [10.0896112, 52.8339088], [10.0896204, 52.8339394], [10.0896354, 52.8339893], [10.0897275, 52.8341821], [10.0897617, 52.8342561], [10.0898097, 52.8343441], [10.0898465, 52.8344116], [10.0898827, 52.8345074], [10.0898936, 52.8346168], [10.0898296, 52.8350282], [10.0898171, 52.8351097], [10.090261, 52.8320497]]]}}, {"type": "Feature", "properties": {"name": "Naturpark Südheide", "stufe": "mild", "art": "Naturpark"}, "geometry": {"type": "Polygon", "coordinates": [[[10.0898171, 52.8351097], [10.0898022, 52.8352753], [10.0898013, 52.8352851], [10.0897869, 52.8354458], [10.0898171, 52.8351097]]]}}, {"type": "Feature", "properties": {"name": "Naturpark Südheide", "stufe": "mild", "art": "Naturpark"}, "geometry": {"type": "Polygon", "coordinates": [[[10.0897869, 52.8354458], [10.0897951, 52.8355516], [10.0898137, 52.8356499], [10.0899049, 52.8359221], [10.089906, 52.8359445], [10.0899158, 52.8361472], [10.0898086, 52.8363801], [10.0896851, 52.8365296], [10.0893688, 52.8368879], [10.0897869, 52.8354458]]]}}, {"type": "Feature", "properties": {"name": "Naturpark Südheide", "stufe": "mild", "art": "Naturpark"}, "geometry": {"type": "Polygon", "coordinates": [[[10.0890305, 52.8372799], [10.0887451, 52.8376133], [10.0885458, 52.8378538], [10.0884557, 52.8379513], [10.088266, 52.8381729], [10.0873729, 52.8392372], [10.0869892, 52.8397003], [10.0867499, 52.8399826], [10.086284, 52.8405592], [10.0890305, 52.8372799]]]}}, {"type": "Feature", "properties": {"name": "Naturpark Südheide", "stufe": "mild", "art": "Naturpark"}, "geometry": {"type": "Polygon", "coordinates": [[[10.086284, 52.8405592], [10.0861597, 52.8407017], [10.0857481, 52.8411792], [10.0857298, 52.8412007], [10.0853375, 52.8416565], [10.0852291, 52.8417821], [10.0850877, 52.8419461], [10.084801, 52.8422737], [10.084342, 52.8428047], [10.0842261, 52.8429148], [10.0840528, 52.8430319], [10.0838618, 52.8431217], [10.0836176, 52.8431963], [10.0831675, 52.8433107], [10.0831134, 52.8433245], [10.0827402, 52.8434101], [10.0826751, 52.843425], [10.0823656, 52.843496], [10.0822759, 52.8435165], [10.0809337, 52.8438326], [10.086284, 52.8405592]]]}}, {"type": "Feature", "properties": {"name": "Naturpark Südheide", "stufe": "mild", "art": "Naturpark"}, "geometry": {"type": "Polygon", "coordinates": [[[10.0809337, 52.8438326], [10.0804114, 52.8439557], [10.0802343, 52.8440393], [10.0800742, 52.8441395], [10.079852, 52.8443369], [10.0809337, 52.8438326]]]}}, {"type": "Feature", "properties": {"name": "Naturpark Südheide", "stufe": "mild", "art": "Naturpark"}, "geometry": {"type": "Polygon", "coordinates": [[[10.0797881, 52.8443966], [10.079609, 52.8445526], [10.0793255, 52.8448113], [10.0790486, 52.8449989], [10.0783764, 52.8453784], [10.0781247, 52.845511], [10.0780286, 52.845589], [10.07798, 52.8456734], [10.0779685, 52.8457398], [10.0797881, 52.8443966]]]}}, {"type": "Feature", "properties": {"name": "Naturpark Südheide", "stufe": "mild", "art": "Naturpark"}, "geometry": {"type": "Polygon", "coordinates": [[[10.0778622, 52.8457393], [10.0777446, 52.8457507], [10.0776385, 52.8457803], [10.0772322, 52.8459911], [10.0767048, 52.8462709], [10.0757713, 52.8467659], [10.0778622, 52.8457393]]]}}, {"type": "Feature", "properties": {"name": "Naturpark Südheide", "stufe": "mild", "art": "Naturpark"}, "geometry": {"type": "Polygon", "coordinates": [[[10.0725838, 52.8480328], [10.0700492, 52.8489853], [10.0693078, 52.8492899], [10.0615553, 52.8530746], [10.0725838, 52.8480328]]]}}, {"type": "Feature", "properties": {"name": "Naturpark Südheide", "stufe": "mild", "art": "Naturpark"}, "geometry": {"type": "Polygon", "coordinates": [[[10.0599889, 52.8538393], [10.059641, 52.8540336], [10.0575118, 52.855431], [10.0549746, 52.8570956], [10.0544288, 52.8574621], [10.0541948, 52.8576234], [10.0538378, 52.8578662], [10.0599889, 52.8538393]]]}}, {"type": "Feature", "properties": {"name": "Naturpark Südheide", "stufe": "mild", "art": "Naturpark"}, "geometry": {"type": "Polygon", "coordinates": [[[10.0485522, 52.8616313], [10.0484669, 52.8617861], [10.0484035, 52.86194], [10.0483127, 52.8623663], [10.0482982, 52.862479], [10.0483073, 52.8626003], [10.0485522, 52.8616313]]]}}, {"type": "Feature", "properties": {"name": "Naturpark Südheide", "stufe": "mild", "art": "Naturpark"}, "geometry": {"type": "Polygon", "coordinates": [[[10.0483073, 52.8626003], [10.0483637, 52.8627352], [10.0484236, 52.8628285], [10.0484654, 52.8628775], [10.0485856, 52.8630034], [10.0487284, 52.863125], [10.0489353, 52.8632955], [10.0491623, 52.8634827], [10.0493008, 52.863601], [10.0483073, 52.8626003]]]}}, {"type": "Feature", "properties": {"name": "Naturpark Südheide", "stufe": "mild", "art": "Naturpark"}, "geometry": {"type": "Polygon", "coordinates": [[[10.0495988, 52.8638795], [10.0496897, 52.8639804], [10.0497947, 52.8641763], [10.0498361, 52.864461], [10.0498102, 52.8646102], [10.0495988, 52.8638795]]]}}, {"type": "Feature", "properties": {"name": "Naturpark Südheide", "stufe": "mild", "art": "Naturpark"}, "geometry": {"type": "Polygon", "coordinates": [[[10.0498102, 52.8646102], [10.0501144, 52.8646817], [10.050906, 52.8648694], [10.051852, 52.8651441], [10.052938, 52.865452], [10.0537208, 52.8656867], [10.0542187, 52.8658261], [10.0545118, 52.8659177], [10.0498102, 52.8646102]]]}}, {"type": "Feature", "properties": {"name": "Naturpark Südheide", "stufe": "mild", "art": "Naturpark"}, "geometry": {"type": "Polygon", "coordinates": [[[10.0640077, 52.8813107], [10.060499, 52.8755492], [10.0580229, 52.8714723], [10.0561169, 52.868409], [10.0545118, 52.8659177], [10.0640077, 52.8813107]]]}}, {"type": "Feature", "properties": {"name": "Naturpark Südheide", "stufe": "mild", "art": "Naturpark"}, "geometry": {"type": "Polygon", "coordinates": [[[10.0792854, 52.8939467], [10.0790679, 52.8937632], [10.0757175, 52.8908401], [10.0757, 52.890824], [10.0740867, 52.8893383], [10.0731959, 52.8882897], [10.0727114, 52.8877193], [10.0701385, 52.8846903], [10.0792854, 52.8939467]]]}}, {"type": "Feature", "properties": {"name": "Naturpark Südheide", "stufe": "mild", "art": "Naturpark"}, "geometry": {"type": "Polygon", "coordinates": [[[10.0829613, 52.9018184], [10.0812771, 52.8988844], [10.0812906, 52.8966736], [10.0805453, 52.8952335], [10.0792854, 52.8939467], [10.0829613, 52.9018184]]]}}, {"type": "Feature", "properties": {"name": "Naturpark Südheide", "stufe": "mild", "art": "Naturpark"}, "geometry": {"type": "Polygon", "coordinates": [[[10.1188372, 52.8975944], [10.1179792, 52.8977335], [10.1159395, 52.8980617], [10.1137107, 52.898412], [10.1131292, 52.8985062], [10.1123333, 52.8988429], [10.1101812, 52.8997544], [10.109171, 52.9001861], [10.1088449, 52.9003255], [10.1083756, 52.900526], [10.1073263, 52.9009687], [10.104518, 52.9023638], [10.1037447, 52.9027529], [10.103731, 52.9027601], [10.1023209, 52.903461], [10.0998156, 52.9047063], [10.0996496, 52.9046388], [10.0984497, 52.9041504], [10.0975807, 52.9037967], [10.0971751, 52.9036316], [10.0964367, 52.903331], [10.0950188, 52.9027538], [10.0944681, 52.9025297], [10.0940268, 52.9023984], [10.0934041, 52.9022132], [10.0920448, 52.9018088], [10.0916925, 52.9017042], [10.0910678, 52.9017045], [10.0910223, 52.9017045], [10.0901179, 52.9017049], [10.0889026, 52.9017053], [10.0888017, 52.9017421], [10.0884952, 52.9017195], [10.0882563, 52.9017084], [10.0877868, 52.9017554], [10.0881553, 52.9031233], [10.088075, 52.9031882], [10.0877641, 52.9033018], [10.08753, 52.9031661], [10.0875037, 52.9030417], [10.0874815, 52.9029364], [10.0871517, 52.9029284], [10.0868659, 52.9030314], [10.0868327, 52.9030433], [10.0865505, 52.9029853], [10.0864977, 52.9027809], [10.0865171, 52.9027392], [10.0866072, 52.9026063], [10.0866824, 52.9021875], [10.0865938, 52.9019224], [10.0864098, 52.9018901], [10.0862738, 52.9017249], [10.0861687, 52.9015358], [10.0860379, 52.901523], [10.0858904, 52.901546], [10.0858467, 52.9015496], [10.0855626, 52.9015912], [10.085445, 52.9015924], [10.0854074, 52.9015496], [10.0853983, 52.9015543], [10.084728, 52.9018981], [10.0840315, 52.9030898], [10.0839495, 52.9032292], [10.1188372, 52.8975944]]]}}, {"type": "Feature", "properties": {"name": "Naturpark Südheide", "stufe": "mild", "art": "Naturpark"}, "geometry": {"type": "Polygon", "coordinates": [[[10.1188372, 52.8975944], [10.119072, 52.8974293], [10.1234239, 52.8970887], [10.1255348, 52.8981866], [10.1260699, 52.8985409], [10.1272166, 52.8999162], [10.1295005, 52.8998684], [10.1317871, 52.8980652], [10.1322752, 52.8977238], [10.1355743, 52.8963752], [10.1361215, 52.8962215], [10.1377845, 52.8960338], [10.1419694, 52.8957692], [10.1439723, 52.8940629], [10.1466492, 52.8929189], [10.1483121, 52.8923217], [10.1492321, 52.8923395], [10.1509649, 52.8922489], [10.1531911, 52.8919981], [10.1543887, 52.8918387], [10.1560691, 52.8898507], [10.1587835, 52.8902941], [10.1604518, 52.8899753], [10.1616132, 52.8886466], [10.1621523, 52.8888829], [10.1628605, 52.8890577], [10.1643357, 52.8892454], [10.1660174, 52.8893797], [10.1680934, 52.8893862], [10.1704511, 52.8891192], [10.1719867, 52.8888173], [10.1731239, 52.8885349], [10.1746079, 52.8880405], [10.1779667, 52.8898248], [10.1786292, 52.8900999], [10.1815662, 52.8908524], [10.18245, 52.8911105], [10.1939593, 52.8957466], [10.2032532, 52.8995368], [10.2028441, 52.9003441], [10.2018571, 52.9009492], [10.2009129, 52.9018099], [10.1985674, 52.9050083], [10.1987135, 52.9055422], [10.2071359, 52.9099033], [10.2070764, 52.9116312], [10.2072941, 52.9119213], [10.2066798, 52.9178753], [10.2075958, 52.918897], [10.2075559, 52.9195705], [10.2075081, 52.9202477], [10.2074622, 52.9209785], [10.2063525, 52.9218037], [10.2062827, 52.9220414], [10.2058348, 52.9220624], [10.2054378, 52.9253006], [10.2052646, 52.9256461], [10.1188372, 52.8975944]]]}}, {"type": "Feature", "properties": {"name": "Naturpark Südheide", "stufe": "mild", "art": "Naturpark"}, "geometry": {"type": "Polygon", "coordinates": [[[10.2356278, 52.9355452], [10.2341649, 52.9346871], [10.2338662, 52.9345118], [10.223846, 52.9286326], [10.2226499, 52.927927], [10.2203896, 52.9277098], [10.2201609, 52.9276947], [10.2180186, 52.9274834], [10.2171873, 52.9274014], [10.2156949, 52.9272541], [10.2141216, 52.9271404], [10.2134651, 52.9286205], [10.2110443, 52.9281254], [10.2107805, 52.9279411], [10.2101057, 52.9274697], [10.2088478, 52.9266224], [10.2082922, 52.9262313], [10.2052646, 52.9256461], [10.2356278, 52.9355452]]]}}, {"type": "Feature", "properties": {"name": "Naturpark Südheide", "stufe": "mild", "art": "Naturpark"}, "geometry": {"type": "Polygon", "coordinates": [[[10.2367812, 52.9362161], [10.2363521, 52.9359624], [10.2358181, 52.9356466], [10.2358123, 52.9356537], [10.2356278, 52.9355452], [10.2367812, 52.9362161]]]}}, {"type": "Feature", "properties": {"name": "Naturpark Südheide", "stufe": "mild", "art": "Naturpark"}, "geometry": {"type": "Polygon", "coordinates": [[[10.2469429, 52.9320286], [10.246918, 52.9320391], [10.2380798, 52.9356811], [10.2367886, 52.9362131], [10.2367812, 52.9362161], [10.2469429, 52.9320286]]]}}, {"type": "Feature", "properties": {"name": "Naturpark Südheide", "stufe": "mild", "art": "Naturpark"}, "geometry": {"type": "Polygon", "coordinates": [[[10.2469429, 52.9320286], [10.2462872, 52.9316437], [10.245561, 52.9304625], [10.2454934, 52.9303618], [10.2442126, 52.9290569], [10.244157, 52.9290022], [10.2442084, 52.9290195], [10.2442895, 52.9289137], [10.2443103, 52.9288866], [10.2447336, 52.9283341], [10.2447882, 52.928263], [10.2452235, 52.9276955], [10.2457687, 52.9269845], [10.2459071, 52.926804], [10.2460844, 52.9265727], [10.2466072, 52.9258909], [10.2468273, 52.9256039], [10.2471201, 52.925222], [10.2476676, 52.9245079], [10.2476824, 52.9244886], [10.2478331, 52.924292], [10.2497607, 52.9217776], [10.2498667, 52.9216915], [10.2498829, 52.921696], [10.2553383, 52.9172642], [10.2554648, 52.9171614], [10.2469429, 52.9320286]]]}}, {"type": "Feature", "properties": {"name": "Naturpark Südheide", "stufe": "mild", "art": "Naturpark"}, "geometry": {"type": "Polygon", "coordinates": [[[10.2426799, 52.8641185], [10.2441287, 52.864894], [10.2456576, 52.8657522], [10.2459633, 52.8661829], [10.2463737, 52.8667221], [10.2467734, 52.8683428], [10.2479951, 52.8680992], [10.2487394, 52.8705804], [10.2499223, 52.8727758], [10.2498941, 52.8730939], [10.2503072, 52.8732363], [10.2622779, 52.8768933], [10.2554648, 52.9171614], [10.2426799, 52.8641185]]]}}, {"type": "Feature", "properties": {"name": "Naturpark Südheide", "stufe": "mild", "art": "Naturpark"}, "geometry": {"type": "Polygon", "coordinates": [[[10.2426799, 52.8641185], [10.2427971, 52.8640415], [10.2436043, 52.8635108], [10.2437223, 52.8634332], [10.2446246, 52.8628399], [10.2465745, 52.8615579], [10.2480809, 52.8605652], [10.2488531, 52.8600563], [10.2490604, 52.8599238], [10.2503602, 52.8590679], [10.251388, 52.8583954], [10.2515046, 52.8583191], [10.2515498, 52.8582884], [10.2516132, 52.8582477], [10.2548033, 52.8576096], [10.2578955, 52.8569905], [10.2610159, 52.8563657], [10.2619102, 52.8561838], [10.264108, 52.8557367], [10.2646892, 52.8556221], [10.2672713, 52.8551086], [10.2426799, 52.8641185]]]}}, {"type": "Feature", "properties": {"name": "Naturpark Südheide", "stufe": "mild", "art": "Naturpark"}, "geometry": {"type": "Polygon", "coordinates": [[[10.2672713, 52.8551086], [10.2714457, 52.8543145], [10.2715478, 52.8542949], [10.2745872, 52.8536514], [10.276967, 52.8531513], [10.2786863, 52.8475274], [10.2832621, 52.8482645], [10.2839756, 52.8481187], [10.2874812, 52.848778], [10.2917393, 52.849353], [10.2988471, 52.8339134], [10.2996035, 52.8337027], [10.3001909, 52.8343233], [10.3008507, 52.834935], [10.3018565, 52.8356998], [10.3034753, 52.8368996], [10.3058195, 52.838669], [10.3076193, 52.8398063], [10.3120798, 52.8421134], [10.3133896, 52.84288], [10.2672713, 52.8551086]]]}}, {"type": "Feature", "properties": {"name": "Naturpark Südheide", "stufe": "mild", "art": "Naturpark"}, "geometry": {"type": "Polygon", "coordinates": [[[10.3795254, 52.8165623], [10.3794101, 52.816716], [10.379396, 52.8167383], [10.3788619, 52.8175832], [10.3777118, 52.8194767], [10.377298, 52.8201403], [10.3772399, 52.8202315], [10.3771762, 52.8203315], [10.3771577, 52.8203602], [10.3769579, 52.8206704], [10.3748931, 52.8238752], [10.3733792, 52.8262247], [10.3733713, 52.826237], [10.3732979, 52.8263526], [10.3732915, 52.8263627], [10.3713608, 52.8294287], [10.3702264, 52.83123], [10.3700746, 52.8314682], [10.3688182, 52.8334389], [10.3675326, 52.8354555], [10.3673745, 52.8357035], [10.3663976, 52.83723], [10.3645544, 52.8401103], [10.3644031, 52.8402019], [10.3535357, 52.8419203], [10.3496133, 52.8425486], [10.3436311, 52.8435066], [10.3434859, 52.8435299], [10.3433504, 52.8435516], [10.3423231, 52.8437161], [10.3422442, 52.8437287], [10.342135, 52.843624], [10.3411365, 52.8426679], [10.3410781, 52.8426119], [10.3409717, 52.8426271], [10.3391724, 52.8428844], [10.3389167, 52.8429098], [10.3386665, 52.8428809], [10.3353669, 52.8423375], [10.335205, 52.8423108], [10.3328798, 52.8419277], [10.3327492, 52.8419062], [10.3320006, 52.8417829], [10.3310248, 52.8416221], [10.3309037, 52.8415913], [10.3290617, 52.8412963], [10.3280961, 52.8407709], [10.3280385, 52.8407396], [10.3255157, 52.8393668], [10.3254401, 52.8393257], [10.3224893, 52.8377198], [10.3213168, 52.8370817], [10.3195705, 52.8368136], [10.319603, 52.8368585], [10.3196111, 52.8371339], [10.3195802, 52.8371438], [10.3188119, 52.8371843], [10.3183811, 52.8372724], [10.3179462, 52.8377701], [10.3179284, 52.8377905], [10.3167016, 52.8391947], [10.3160513, 52.8399403], [10.3159839, 52.8400176], [10.3159667, 52.840037], [10.3158154, 52.8402081], [10.3134249, 52.8428412], [10.3133896, 52.84288], [10.3795254, 52.8165623]]]}}, {"type": "Feature", "properties": {"name": "Naturpark Südheide", "stufe": "mild", "art": "Naturpark"}, "geometry": {"type": "Polygon", "coordinates": [[[10.4410406, 52.8160235], [10.4408468, 52.8158845], [10.4407352, 52.8157972], [10.4406073, 52.8157197], [10.4401415, 52.8155483], [10.4394901, 52.8153086], [10.4393483, 52.8152565], [10.4385581, 52.8149815], [10.4366198, 52.8139944], [10.4342158, 52.8129241], [10.4322336, 52.8122752], [10.4318022, 52.8121193], [10.4314098, 52.8119614], [10.430271, 52.8116994], [10.429979, 52.8115815], [10.429631, 52.8113886], [10.4255603, 52.8097671], [10.4228135, 52.8084543], [10.4210838, 52.8074299], [10.4209795, 52.8073674], [10.4209467, 52.8073478], [10.4208472, 52.8072882], [10.4185181, 52.8056976], [10.417226, 52.8052351], [10.4166702, 52.8050361], [10.4147346, 52.80494], [10.4120947, 52.8065815], [10.4100783, 52.8078351], [10.4099094, 52.8079567], [10.4098205, 52.8080207], [10.4098063, 52.8080309], [10.407998, 52.8093326], [10.406826, 52.8101763], [10.4051557, 52.8113786], [10.4044481, 52.8118878], [10.4043983, 52.8119236], [10.4034529, 52.8126038], [10.4017321, 52.8138425], [10.4014193, 52.8140676], [10.4013649, 52.8141067], [10.3995785, 52.814337], [10.399507, 52.8143462], [10.3982509, 52.8145083], [10.391669, 52.8153573], [10.3879152, 52.8158372], [10.3878937, 52.81584], [10.3872146, 52.8159268], [10.3870095, 52.8159512], [10.3796944, 52.8168193], [10.3795254, 52.8165623], [10.4410406, 52.8160235]]]}}, {"type": "Feature", "properties": {"name": "Naturpark Südheide", "stufe": "mild", "art": "Naturpark"}, "geometry": {"type": "Polygon", "coordinates": [[[10.4446152, 52.8156941], [10.4437125, 52.8155946], [10.4422695, 52.8156757], [10.4412467, 52.8158297], [10.4411844, 52.8158883], [10.4411216, 52.8159474], [10.4410406, 52.8160235], [10.4446152, 52.8156941]]]}}, {"type": "Feature", "properties": {"name": "Naturpark Südheide", "stufe": "mild", "art": "Naturpark"}, "geometry": {"type": "Polygon", "coordinates": [[[10.4197117, 52.7935763], [10.4197357, 52.7935979], [10.4197367, 52.79362], [10.4197939, 52.7949827], [10.4198174, 52.7955414], [10.4198288, 52.7958147], [10.4199888, 52.7996218], [10.4294515, 52.8028707], [10.4294715, 52.8028776], [10.4295931, 52.802919], [10.4388952, 52.8108308], [10.4389685, 52.8108932], [10.4428556, 52.8141981], [10.4429252, 52.8142573], [10.4446152, 52.8156941], [10.4197117, 52.7935763]]]}}, {"type": "Feature", "properties": {"name": "Naturpark Südheide", "stufe": "mild", "art": "Naturpark"}, "geometry": {"type": "Polygon", "coordinates": [[[10.4197117, 52.7935763], [10.4196671, 52.7935371], [10.4156811, 52.7900012], [10.4146135, 52.7890541], [10.4122389, 52.7869472], [10.4122052, 52.7869173], [10.412036, 52.7867672], [10.4099907, 52.784873], [10.4099652, 52.7848505], [10.4099265, 52.7848166], [10.4098724, 52.784769], [10.4098448, 52.7847447], [10.4054224, 52.7806653], [10.4053539, 52.7806022], [10.4053287, 52.7805789], [10.4001028, 52.7757848], [10.3959323, 52.7753874], [10.3958896, 52.7753834], [10.4197117, 52.7935763]]]}}, {"type": "Feature", "properties": {"name": "Naturpark Südheide", "stufe": "mild", "art": "Naturpark"}, "geometry": {"type": "Polygon", "coordinates": [[[10.3958896, 52.7753834], [10.3959087, 52.7736305], [10.3959342, 52.7720125], [10.3959352, 52.7709266], [10.3959357, 52.7703258], [10.3959357, 52.7696744], [10.3959366, 52.7692594], [10.3959338, 52.7690146], [10.3959346, 52.7687197], [10.3959378, 52.7685414], [10.3959387, 52.7684952], [10.3959392, 52.7684666], [10.3959405, 52.7684106], [10.395962, 52.767478], [10.3959244, 52.7669669], [10.3958748, 52.7663575], [10.3958255, 52.7657473], [10.3957891, 52.7651225], [10.3957505, 52.7645861], [10.3956868, 52.7636996], [10.3956766, 52.7635583], [10.3956606, 52.7633723], [10.3956413, 52.7631483], [10.3956309, 52.7630268], [10.3956025, 52.7626966], [10.3955997, 52.7626644], [10.3955888, 52.7625372], [10.3955862, 52.7625069], [10.3955764, 52.7623926], [10.3961171, 52.7621991], [10.3964552, 52.7620825], [10.4011863, 52.76045], [10.4012722, 52.7604204], [10.4017062, 52.7602706], [10.4037264, 52.7595734], [10.3958896, 52.7753834]]]}}, {"type": "Feature", "properties": {"name": "Naturpark Südheide", "stufe": "mild", "art": "Naturpark"}, "geometry": {"type": "Polygon", "coordinates": [[[10.4037264, 52.7595734], [10.4034324, 52.7588554], [10.4018865, 52.7573424], [10.4017509, 52.7572097], [10.4008071, 52.7563398], [10.3999127, 52.7555154], [10.3998449, 52.7554529], [10.3998155, 52.7554258], [10.3982398, 52.7539733], [10.3965948, 52.7524568], [10.3949393, 52.7509305], [10.3933117, 52.7494296], [10.3916848, 52.7479286], [10.3909228, 52.747226], [10.3901498, 52.7465132], [10.3900391, 52.7464112], [10.3893255, 52.7457532], [10.3888473, 52.7453122], [10.3888179, 52.7452851], [10.3884601, 52.7449551], [10.3883236, 52.7448293], [10.3875893, 52.7439465], [10.3872855, 52.7435813], [10.3872078, 52.743488], [10.3867541, 52.7429425], [10.3858562, 52.7419365], [10.3848939, 52.7408581], [10.3848656, 52.7408263], [10.3840399, 52.7399012], [10.3821666, 52.7371833], [10.3821199, 52.7371142], [10.3820436, 52.7370049], [10.381853, 52.7367985], [10.3809757, 52.7355247], [10.3809048, 52.7354218], [10.3809287, 52.7354165], [10.4037264, 52.7595734]]]}}, {"type": "Feature", "properties": {"name": "Naturpark Südheide", "stufe": "mild", "art": "Naturpark"}, "geometry": {"type": "Polygon", "coordinates": [[[10.3809287, 52.7354165], [10.3805114, 52.7347779], [10.3798975, 52.7345745], [10.3795231, 52.7344082], [10.3788028, 52.7339323], [10.3786675, 52.7338725], [10.3785299, 52.7338393], [10.3780493, 52.7337066], [10.3777713, 52.7336088], [10.3775839, 52.7335075], [10.3774018, 52.7333641], [10.3771375, 52.7333282], [10.3768926, 52.7332744], [10.3765075, 52.7331654], [10.3761049, 52.7330708], [10.3757474, 52.7329771], [10.3755658, 52.7329039], [10.3753771, 52.7327854], [10.3751612, 52.7323929], [10.3750443, 52.732423], [10.3748698, 52.7324197], [10.3743871, 52.732306], [10.3742844, 52.7322595], [10.3739822, 52.7322064], [10.3738446, 52.7321933], [10.3736659, 52.7321638], [10.3732814, 52.732052], [10.3730197, 52.7319798], [10.372426, 52.731805], [10.372086, 52.7316762], [10.3717219, 52.7315453], [10.3713623, 52.7313836], [10.3711396, 52.7312488], [10.3706844, 52.7309273], [10.3705776, 52.7308231], [10.3705498, 52.7307693], [10.3701797, 52.7306995], [10.3701417, 52.7306923], [10.3692921, 52.7305374], [10.3686142, 52.7303345], [10.3683367, 52.7302355], [10.3678802, 52.730077], [10.3670357, 52.7297647], [10.3668129, 52.7296607], [10.3809287, 52.7354165]]]}}, {"type": "Feature", "properties": {"name": "Naturpark Südheide", "stufe": "mild", "art": "Naturpark"}, "geometry": {"type": "Polygon", "coordinates": [[[10.3668129, 52.7296607], [10.3667505, 52.7295642], [10.3665935, 52.7293243], [10.3665776, 52.7291412], [10.3665461, 52.728993], [10.3665519, 52.7288825], [10.3664697, 52.728783], [10.3663844, 52.7286967], [10.3663505, 52.7287011], [10.3656414, 52.7288046], [10.3655804, 52.7285822], [10.3655594, 52.7284381], [10.3655631, 52.7282126], [10.3656432, 52.7280248], [10.3656845, 52.7279357], [10.3656963, 52.7278548], [10.3656966, 52.7276256], [10.3657354, 52.7273806], [10.365755, 52.7269626], [10.3657333, 52.7268092], [10.3657416, 52.7266368], [10.3657383, 52.7265407], [10.3657154, 52.7264578], [10.3665392, 52.72641], [10.3665583, 52.7264098], [10.3665997, 52.7262907], [10.3666187, 52.7262197], [10.3666239, 52.7261191], [10.3668129, 52.7296607]]]}}, {"type": "Feature", "properties": {"name": "Naturpark Südheide", "stufe": "mild", "art": "Naturpark"}, "geometry": {"type": "Polygon", "coordinates": [[[10.3666239, 52.7261191], [10.3666364, 52.7260949], [10.3666674, 52.7260747], [10.3667361, 52.7260568], [10.3668463, 52.7260635], [10.3670017, 52.7260939], [10.3671368, 52.726029], [10.3671084, 52.7259538], [10.3671182, 52.725886], [10.3671635, 52.7258554], [10.3672834, 52.7258331], [10.3672999, 52.725774], [10.3671469, 52.7256314], [10.367164, 52.7254847], [10.3670895, 52.7254538], [10.366877, 52.7252757], [10.3666726, 52.7252368], [10.3664466, 52.7251786], [10.3661655, 52.7251786], [10.3659585, 52.7250362], [10.3657185, 52.7250041], [10.3655183, 52.7248625], [10.3654927, 52.7247529], [10.3654044, 52.7246352], [10.3653332, 52.7245464], [10.3653472, 52.7244692], [10.3652696, 52.7243913], [10.3652279, 52.7243186], [10.3652211, 52.7242234], [10.3651873, 52.724232], [10.3646165, 52.724439], [10.3645526, 52.7242945], [10.3644496, 52.7241945], [10.3643125, 52.7240998], [10.364135, 52.7240263], [10.3640394, 52.7239291], [10.3639525, 52.7237849], [10.3638491, 52.7234932], [10.3636128, 52.7229177], [10.3635727, 52.7228701], [10.3634862, 52.7226612], [10.36345, 52.7225312], [10.3634681, 52.7224024], [10.3634366, 52.7219854], [10.3634823, 52.7219193], [10.3635659, 52.7218337], [10.3640544, 52.721186], [10.3642473, 52.7209562], [10.3647082, 52.7209537], [10.364913, 52.7209525], [10.3649341, 52.7209525], [10.3649672, 52.7209559], [10.3650925, 52.720922], [10.3652118, 52.7208642], [10.3652175, 52.7208391], [10.3650719, 52.7206549], [10.3650831, 52.7205573], [10.3650695, 52.7205246], [10.3648473, 52.7204282], [10.3648548, 52.7203703], [10.3649784, 52.7203061], [10.3649841, 52.7202099], [10.3649194, 52.7201577], [10.364553, 52.72016], [10.3644328, 52.7200161], [10.3644636, 52.7199597], [10.3648013, 52.7198662], [10.3648569, 52.7198117], [10.3648039, 52.7197479], [10.3648074, 52.7197068], [10.3648834, 52.7195712], [10.3649134, 52.719579], [10.3648956, 52.7196146], [10.3649819, 52.7195362], [10.3677317, 52.7170408], [10.3678278, 52.7169536], [10.3694025, 52.7155388], [10.3694086, 52.7155333], [10.3694384, 52.7155065], [10.3698756, 52.7151137], [10.3701344, 52.7148811], [10.3711069, 52.7140073], [10.3716205, 52.7135458], [10.3723688, 52.7128734], [10.3728445, 52.7124459], [10.3733074, 52.7120298], [10.3733782, 52.7115833], [10.3734702, 52.711003], [10.3666239, 52.7261191]]]}}, {"type": "Feature", "properties": {"name": "Naturpark Südheide", "stufe": "mild", "art": "Naturpark"}, "geometry": {"type": "Polygon", "coordinates": [[[10.3734702, 52.711003], [10.3736734, 52.7099526], [10.3726048, 52.7075111], [10.3725325, 52.7073459], [10.3721442, 52.7064572], [10.3713657, 52.7046754], [10.3711301, 52.7041356], [10.3709246, 52.7036656], [10.370597, 52.7029164], [10.3704637, 52.7026114], [10.3704225, 52.7025171], [10.3706238, 52.7022762], [10.3708977, 52.7019995], [10.3712032, 52.7017576], [10.3712509, 52.7017197], [10.3713621, 52.7016315], [10.3718301, 52.7012933], [10.3722077, 52.7010744], [10.3724657, 52.7008659], [10.3726521, 52.7006587], [10.3737342, 52.7004394], [10.3740337, 52.700394], [10.3742977, 52.7003323], [10.3749082, 52.7000716], [10.3753328, 52.6997772], [10.3758029, 52.6989063], [10.375838, 52.6988514], [10.3774379, 52.6963197], [10.3775165, 52.6961952], [10.3784646, 52.6949253], [10.3784486, 52.6949213], [10.378506, 52.6948444], [10.3729389, 52.693451], [10.3727733, 52.6934095], [10.3718343, 52.6931745], [10.3734702, 52.711003]]]}}, {"type": "Feature", "properties": {"name": "Naturpark Südheide", "stufe": "mild", "art": "Naturpark"}, "geometry": {"type": "Polygon", "coordinates": [[[10.3685079, 52.6901811], [10.3688491, 52.6896611], [10.369921, 52.6899153], [10.3704462, 52.6900398], [10.3715453, 52.6903004], [10.3720895, 52.6904295], [10.3722037, 52.6904565], [10.3727339, 52.690541], [10.3730614, 52.6905931], [10.3734232, 52.6906508], [10.3741077, 52.6907598], [10.3742546, 52.6907832], [10.3742813, 52.6907874], [10.3746833, 52.6908514], [10.374841, 52.6909163], [10.3749102, 52.6908857], [10.3774633, 52.6897555], [10.3783871, 52.6893477], [10.3788209, 52.6892933], [10.3789334, 52.6892334], [10.3790593, 52.6891017], [10.3790842, 52.689049], [10.3795304, 52.6887995], [10.3817414, 52.6891939], [10.3831719, 52.6894486], [10.3850623, 52.6895895], [10.3850697, 52.6895684], [10.3850894, 52.6895122], [10.385102, 52.6894763], [10.3863181, 52.6860082], [10.386601, 52.6852015], [10.3866532, 52.6849489], [10.3864508, 52.6840271], [10.3863173, 52.6834187], [10.3863076, 52.6833748], [10.3860633, 52.6823078], [10.3860573, 52.6822796], [10.3860496, 52.6822435], [10.3860468, 52.6822306], [10.3860167, 52.6820901], [10.386007, 52.6820441], [10.3859905, 52.6819659], [10.3859851, 52.6819406], [10.3859744, 52.6818901], [10.3858619, 52.6814426], [10.3857851, 52.6810825], [10.3857694, 52.6810092], [10.3857651, 52.6809909], [10.3865217, 52.6798912], [10.3865622, 52.6798324], [10.3867449, 52.6795461], [10.3867497, 52.6795385], [10.3871253, 52.6790334], [10.3872888, 52.678784], [10.3883515, 52.6790322], [10.3887124, 52.678749], [10.3887752, 52.6787537], [10.3889013, 52.6787631], [10.389449, 52.6788042], [10.390207, 52.678861], [10.3904121, 52.6789719], [10.3905841, 52.6790387], [10.3908237, 52.6790955], [10.3910811, 52.6791774], [10.3912777, 52.679303], [10.3914084, 52.6793795], [10.3915244, 52.6794344], [10.3918212, 52.6795751], [10.3919919, 52.6795837], [10.3921471, 52.6795585], [10.3923081, 52.679424], [10.3924065, 52.6793218], [10.3922843, 52.6792253], [10.3922543, 52.6791848], [10.3922104, 52.6791198], [10.3922004, 52.6791049], [10.3921033, 52.6789567], [10.3919428, 52.678623], [10.3917732, 52.6783476], [10.3915953, 52.6780171], [10.3917775, 52.6778774], [10.391814, 52.6778495], [10.3916211, 52.6777279], [10.3916256, 52.6776419], [10.3916263, 52.677627], [10.3916158, 52.6775351], [10.391558, 52.6774736], [10.3912396, 52.6774193], [10.3911886, 52.6773829], [10.3912541, 52.6773195], [10.3913548, 52.6772126], [10.3913529, 52.6771817], [10.3912305, 52.6771454], [10.391157, 52.677164], [10.3911049, 52.6772141], [10.3910253, 52.6772139], [10.3911724, 52.6770671], [10.3912251, 52.676997], [10.391403, 52.6770015], [10.3914757, 52.6769803], [10.3914693, 52.6769547], [10.3913232, 52.6768569], [10.3913383, 52.6768021], [10.3913492, 52.6766716], [10.3913417, 52.6764939], [10.3913342, 52.6764612], [10.3913269, 52.6764122], [10.391278, 52.6763517], [10.3911857, 52.6762742], [10.3910665, 52.6761205], [10.3909492, 52.6760364], [10.3908754, 52.6759573], [10.3907932, 52.6757516], [10.3907486, 52.6757382], [10.3906874, 52.6757062], [10.390642, 52.6756461], [10.3906205, 52.6754497], [10.390634, 52.6753595], [10.3907165, 52.6752406], [10.3908352, 52.6750849], [10.3908807, 52.6750101], [10.3908729, 52.6749581], [10.3907736, 52.6749317], [10.3906913, 52.6748482], [10.3906105, 52.6747656], [10.3905729, 52.6747099], [10.3905528, 52.6746267], [10.3906753, 52.6745995], [10.3908232, 52.6746689], [10.3909749, 52.6746581], [10.3911185, 52.6746133], [10.3911606, 52.6745807], [10.3912242, 52.6745316], [10.3912215, 52.6744445], [10.3911261, 52.6744324], [10.3909055, 52.6743387], [10.3908569, 52.6742949], [10.3908518, 52.6742402], [10.3910685, 52.6742044], [10.3911022, 52.6741766], [10.3910831, 52.6741321], [10.3909032, 52.6740492], [10.3907691, 52.6739202], [10.3907061, 52.6738372], [10.3906355, 52.6737802], [10.3906073, 52.6737947], [10.3905521, 52.6737543], [10.3905774, 52.6737413], [10.391656, 52.6731873], [10.3916846, 52.6731726], [10.3994387, 52.6691917], [10.3993885, 52.6691452], [10.3993996, 52.6691433], [10.3995226, 52.668946], [10.3995461, 52.6689084], [10.3998086, 52.6684874], [10.4000833, 52.6676896], [10.400147, 52.6675049], [10.4003365, 52.6669545], [10.4003873, 52.666807], [10.399862, 52.6654561], [10.3685079, 52.6901811]]]}}, {"type": "Feature", "properties": {"name": "Naturpark Südheide", "stufe": "mild", "art": "Naturpark"}, "geometry": {"type": "Polygon", "coordinates": [[[10.399862, 52.6654561], [10.3947025, 52.6651366], [10.3883542, 52.6645377], [10.3843216, 52.6642782], [10.3831869, 52.6641928], [10.3830952, 52.6632541], [10.3827634, 52.6632823], [10.3814083, 52.6621319], [10.3802366, 52.661292], [10.379065, 52.6609602], [10.3788291, 52.6608846], [10.399862, 52.6654561]]]}}, {"type": "Feature", "properties": {"name": "Naturpark Südheide", "stufe": "mild", "art": "Naturpark"}, "geometry": {"type": "Polygon", "coordinates": [[[10.3669731, 52.6591776], [10.3652576, 52.6591672], [10.3633519, 52.6590684], [10.3624485, 52.6590684], [10.3614604, 52.6591107], [10.3605852, 52.6590543], [10.3595688, 52.6588002], [10.3584677, 52.6582638], [10.3562681, 52.6583267], [10.3537771, 52.6599296], [10.3536442, 52.6599749], [10.3669731, 52.6591776]]]}}, {"type": "Feature", "properties": {"name": "Naturpark Südheide", "stufe": "mild", "art": "Naturpark"}, "geometry": {"type": "Polygon", "coordinates": [[[10.3522682, 52.6590943], [10.3523718, 52.6591476], [10.3527028, 52.6593272], [10.3532011, 52.6595895], [10.3534956, 52.6598252], [10.3536442, 52.6599749], [10.3522682, 52.6590943]]]}}, {"type": "Feature", "properties": {"name": "Naturpark Südheide", "stufe": "mild", "art": "Naturpark"}, "geometry": {"type": "Polygon", "coordinates": [[[10.351223, 52.6585958], [10.3508033, 52.6584082], [10.350558, 52.658333], [10.3503506, 52.6582851], [10.351223, 52.6585958]]]}}, {"type": "Feature", "properties": {"name": "Naturpark Südheide", "stufe": "mild", "art": "Naturpark"}, "geometry": {"type": "Polygon", "coordinates": [[[10.3503506, 52.6582851], [10.3500376, 52.6582243], [10.3499789, 52.6582122], [10.349741, 52.6581683], [10.3495025, 52.6581223], [10.3503506, 52.6582851]]]}}, {"type": "Feature", "properties": {"name": "Naturpark Südheide", "stufe": "mild", "art": "Naturpark"}, "geometry": {"type": "Polygon", "coordinates": [[[10.3495025, 52.6581223], [10.3464311, 52.6575429], [10.3445707, 52.6571797], [10.3413354, 52.6565601], [10.338188, 52.6559511], [10.3359019, 52.6555346], [10.3345421, 52.6553126], [10.3339313, 52.6552195], [10.3332528, 52.655123], [10.3323653, 52.654991], [10.3495025, 52.6581223]]]}}, {"type": "Feature", "properties": {"name": "Naturpark Südheide", "stufe": "mild", "art": "Naturpark"}, "geometry": {"type": "Polygon", "coordinates": [[[10.3323653, 52.654991], [10.3321642, 52.6549621], [10.3318913, 52.654919], [10.3316572, 52.6548759], [10.3314068, 52.6548147], [10.3323653, 52.654991]]]}}, {"type": "Feature", "properties": {"name": "Naturpark Südheide", "stufe": "mild", "art": "Naturpark"}, "geometry": {"type": "Polygon", "coordinates": [[[10.3314068, 52.6548147], [10.3312747, 52.6547773], [10.3311087, 52.6547216], [10.3309806, 52.6546693], [10.330881, 52.6546267], [10.3314068, 52.6548147]]]}}, {"type": "Feature", "properties": {"name": "Naturpark Südheide", "stufe": "mild", "art": "Naturpark"}, "geometry": {"type": "Polygon", "coordinates": [[[10.3300603, 52.654256], [10.3298822, 52.6541827], [10.3296836, 52.6541257], [10.3294846, 52.6541112], [10.3300603, 52.654256]]]}}, {"type": "Feature", "properties": {"name": "Naturpark Südheide", "stufe": "mild", "art": "Naturpark"}, "geometry": {"type": "Polygon", "coordinates": [[[10.3291849, 52.6528896], [10.3292155, 52.6531047], [10.3292741, 52.6533745], [10.3292856, 52.6534177], [10.3294079, 52.653769], [10.3294848, 52.6539875], [10.32949, 52.6540433], [10.3294846, 52.6541112], [10.3291849, 52.6528896]]]}}, {"type": "Feature", "properties": {"name": "Naturpark Südheide", "stufe": "mild", "art": "Naturpark"}, "geometry": {"type": "Polygon", "coordinates": [[[10.3291849, 52.6528896], [10.3290434, 52.6518649], [10.3290236, 52.6518029], [10.328979, 52.6517112], [10.3289274, 52.6516526], [10.3291849, 52.6528896]]]}}, {"type": "Feature", "properties": {"name": "Naturpark Südheide", "stufe": "mild", "art": "Naturpark"}, "geometry": {"type": "Polygon", "coordinates": [[[10.3289274, 52.6516526], [10.3288355, 52.6515826], [10.3287309, 52.6515289], [10.328509, 52.6514362], [10.3279933, 52.6512295], [10.3279339, 52.6512056], [10.3273853, 52.6509848], [10.3269728, 52.6508178], [10.3266093, 52.650673], [10.3289274, 52.6516526]]]}}, {"type": "Feature", "properties": {"name": "Naturpark Südheide", "stufe": "mild", "art": "Naturpark"}, "geometry": {"type": "Polygon", "coordinates": [[[10.3261981, 52.6504952], [10.3235675, 52.649447], [10.3188927, 52.6475624], [10.3173064, 52.6469282], [10.3167385, 52.6467366], [10.3165012, 52.6466778], [10.3162085, 52.6466238], [10.3157347, 52.6465715], [10.3099143, 52.6463339], [10.3074355, 52.6462084], [10.3067915, 52.6462221], [10.306157, 52.6462746], [10.3049388, 52.646456], [10.3044522, 52.6465137], [10.3004478, 52.6467586], [10.2976379, 52.6469348], [10.2973774, 52.6469324], [10.2939561, 52.646623], [10.2935221, 52.6465673], [10.29289, 52.6464427], [10.2924194, 52.6463002], [10.3261981, 52.6504952]]]}}, {"type": "Feature", "properties": {"name": "Naturpark Südheide", "stufe": "mild", "art": "Naturpark"}, "geometry": {"type": "Polygon", "coordinates": [[[10.2924194, 52.6463002], [10.2919644, 52.6461184], [10.2915513, 52.6458862], [10.2902159, 52.6448835], [10.2899553, 52.6447189], [10.2896132, 52.644537], [10.2924194, 52.6463002]]]}}, {"type": "Feature", "properties": {"name": "Naturpark Südheide", "stufe": "mild", "art": "Naturpark"}, "geometry": {"type": "Polygon", "coordinates": [[[10.2896132, 52.644537], [10.2894701, 52.6444773], [10.2892867, 52.6444157], [10.2889629, 52.6443177], [10.2896132, 52.644537]]]}}, {"type": "Feature", "properties": {"name": "Naturpark Südheide", "stufe": "mild", "art": "Naturpark"}, "geometry": {"type": "Polygon", "coordinates": [[[10.2889629, 52.6443177], [10.2883278, 52.6441254], [10.2875785, 52.6439053], [10.2864177, 52.6435666], [10.2859588, 52.6434178], [10.2856991, 52.6433031], [10.2854626, 52.6431815], [10.2853007, 52.6430512], [10.2849452, 52.6427867], [10.2889629, 52.6443177]]]}}, {"type": "Feature", "properties": {"name": "Naturpark Südheide", "stufe": "mild", "art": "Naturpark"}, "geometry": {"type": "Polygon", "coordinates": [[[10.2849452, 52.6427867], [10.2848366, 52.642722], [10.2848109, 52.6427067], [10.284557, 52.6425859], [10.2839959, 52.6423147], [10.2837643, 52.6422028], [10.283559, 52.6421113], [10.2849452, 52.6427867]]]}}, {"type": "Feature", "properties": {"name": "Naturpark Südheide", "stufe": "mild", "art": "Naturpark"}, "geometry": {"type": "Polygon", "coordinates": [[[10.2811932, 52.6433403], [10.2820962, 52.6428737], [10.2828858, 52.6424552], [10.2831443, 52.6423253], [10.2835242, 52.6421344], [10.283559, 52.6421113], [10.2811932, 52.6433403]]]}}, {"type": "Feature", "properties": {"name": "Naturpark Südheide", "stufe": "mild", "art": "Naturpark"}, "geometry": {"type": "Polygon", "coordinates": [[[10.2873589, 52.6471431], [10.2867878, 52.6467399], [10.2860151, 52.6464712], [10.2853097, 52.6461688], [10.284705, 52.6460345], [10.2837644, 52.6459001], [10.2828238, 52.6457321], [10.2821183, 52.6455306], [10.2815136, 52.6452954], [10.2807074, 52.6449931], [10.2812798, 52.6443686], [10.2804458, 52.643773], [10.2873589, 52.6471431]]]}}, {"type": "Feature", "properties": {"name": "Naturpark Südheide", "stufe": "mild", "art": "Naturpark"}, "geometry": {"type": "Polygon", "coordinates": [[[10.2873589, 52.6471431], [10.2868214, 52.6481173], [10.2861159, 52.6490579], [10.2862503, 52.6493602], [10.2865526, 52.6504352], [10.2869894, 52.651443], [10.2869222, 52.6519805], [10.2866198, 52.6526188], [10.2870229, 52.6531563], [10.2872917, 52.653593], [10.2872245, 52.6543321], [10.2870901, 52.6554743], [10.287762, 52.6558102], [10.2891393, 52.6563813], [10.2905503, 52.6570532], [10.2914237, 52.6576578], [10.2923643, 52.6585313], [10.2951862, 52.6611852], [10.2989487, 52.6645781], [10.2998893, 52.6654179], [10.3007291, 52.6662242], [10.3014346, 52.6667281], [10.3021736, 52.6672656], [10.3031814, 52.6676351], [10.3043006, 52.6681016], [10.3047881, 52.6682989], [10.3048405, 52.6684745], [10.3047962, 52.6686651], [10.3048915, 52.6688046], [10.3050741, 52.6689328], [10.3055741, 52.6691712], [10.3059429, 52.669465], [10.3060555, 52.6696472], [10.305909, 52.6698458], [10.3056338, 52.6700874], [10.3051677, 52.6705873], [10.3051946, 52.6707874], [10.3052571, 52.6709484], [10.305082, 52.6710265], [10.3060692, 52.6714599], [10.3065689, 52.6716787], [10.3068039, 52.6717925], [10.3068978, 52.6718999], [10.3069836, 52.6720397], [10.306946, 52.6721617], [10.3068361, 52.672287], [10.3065418, 52.6723913], [10.3051971, 52.6726742], [10.3056674, 52.6733796], [10.3060369, 52.6742866], [10.3061713, 52.6749585], [10.3051971, 52.6751265], [10.3056674, 52.6762351], [10.306608, 52.6763358], [10.3072138, 52.6774487], [10.3083884, 52.6790569], [10.3090939, 52.6795944], [10.3008299, 52.6807702], [10.3003596, 52.6823827], [10.299251, 52.6824835], [10.2994526, 52.6833905], [10.2964963, 52.6861116], [10.2914573, 52.6865483], [10.2915581, 52.6877241], [10.2922635, 52.6883287], [10.2937417, 52.6896389], [10.294044, 52.690042], [10.2921963, 52.6923936], [10.2936745, 52.69236], [10.2944135, 52.6948123], [10.2962948, 52.6947451], [10.2991502, 52.697231], [10.2968994, 52.6974662], [10.2979744, 52.6982724], [10.2990158, 52.6991795], [10.2994861, 52.6997841], [10.3004268, 52.7006576], [10.3018713, 52.7015646], [10.303383, 52.7022701], [10.3048947, 52.7028412], [10.3065744, 52.7032779], [10.3096986, 52.7040841], [10.3110759, 52.7044201], [10.3128435, 52.703809], [10.313876, 52.7034564], [10.3119829, 52.6999857], [10.3079517, 52.7001537], [10.3075486, 52.6991795], [10.3067759, 52.6988435], [10.3053721, 52.6946118], [10.3090267, 52.6943084], [10.3089931, 52.6938717], [10.303383, 52.6942412], [10.3027783, 52.6919568], [10.299251, 52.6918897], [10.3014682, 52.6882952], [10.3013338, 52.6867163], [10.2997213, 52.6864811], [10.2997549, 52.6858428], [10.3071119, 52.6853389], [10.3072463, 52.686985], [10.3077502, 52.6871866], [10.3077502, 52.68806], [10.3102697, 52.688228], [10.3106746, 52.6867866], [10.3111095, 52.6852381], [10.3106728, 52.6851374], [10.3103705, 52.6830882], [10.3151407, 52.682685], [10.3151407, 52.6819124], [10.3184665, 52.683021], [10.3187741, 52.6847304], [10.316686, 52.6848686], [10.3162829, 52.6862124], [10.3220274, 52.6860108], [10.3217725, 52.6876329], [10.2873589, 52.6471431]]]}}, {"type": "Feature", "properties": {"name": "Naturpark Südheide", "stufe": "mild", "art": "Naturpark"}, "geometry": {"type": "Polygon", "coordinates": [[[10.3217725, 52.6876329], [10.3216633, 52.6880758], [10.3215567, 52.6884072], [10.3215158, 52.6884953], [10.3214434, 52.6885774], [10.3213267, 52.6887107], [10.3212208, 52.6888456], [10.3210495, 52.6890774], [10.3199885, 52.6904789], [10.319763, 52.6908201], [10.3196965, 52.6910155], [10.3196798, 52.6912965], [10.3196959, 52.6915769], [10.3197375, 52.6918565], [10.3197527, 52.6921383], [10.3217725, 52.6876329]]]}}, {"type": "Feature", "properties": {"name": "Naturpark Südheide", "stufe": "mild", "art": "Naturpark"}, "geometry": {"type": "Polygon", "coordinates": [[[10.3197527, 52.6921383], [10.3199242, 52.6955883], [10.3201138, 52.6996311], [10.3202309, 52.7018666], [10.3197527, 52.6921383]]]}}, {"type": "Feature", "properties": {"name": "Naturpark Südheide", "stufe": "mild", "art": "Naturpark"}, "geometry": {"type": "Polygon", "coordinates": [[[10.3202309, 52.7018666], [10.3200728, 52.7019785], [10.3199767, 52.7021068], [10.3198895, 52.7023379], [10.3198031, 52.702709], [10.3197839, 52.702896], [10.3197732, 52.7030818], [10.3202309, 52.7018666]]]}}, {"type": "Feature", "properties": {"name": "Naturpark Südheide", "stufe": "mild", "art": "Naturpark"}, "geometry": {"type": "Polygon", "coordinates": [[[10.3197732, 52.7030818], [10.3198428, 52.7048787], [10.3198479, 52.7060327], [10.319848, 52.7060658], [10.3195907, 52.7075066], [10.3191999, 52.709475], [10.3186318, 52.7111418], [10.318347, 52.7119775], [10.3173899, 52.7147856], [10.3197732, 52.7030818]]]}}, {"type": "Feature", "properties": {"name": "Naturpark Südheide", "stufe": "mild", "art": "Naturpark"}, "geometry": {"type": "Polygon", "coordinates": [[[10.3173899, 52.7147856], [10.3173805, 52.7148133], [10.3170995, 52.7156496], [10.3170365, 52.7157347], [10.3173899, 52.7147856]]]}}, {"type": "Feature", "properties": {"name": "Naturpark Südheide", "stufe": "mild", "art": "Naturpark"}, "geometry": {"type": "Polygon", "coordinates": [[[10.3170365, 52.7157347], [10.3169305, 52.7158201], [10.3165147, 52.7160125], [10.3160625, 52.7162176], [10.3152206, 52.7165996], [10.3140274, 52.7171523], [10.3138688, 52.71724], [10.3137623, 52.7173434], [10.3170365, 52.7157347]]]}}, {"type": "Feature", "properties": {"name": "Naturpark Südheide", "stufe": "mild", "art": "Naturpark"}, "geometry": {"type": "Polygon", "coordinates": [[[10.3137623, 52.7173434], [10.3137297, 52.7174293], [10.3137466, 52.7181423], [10.313721, 52.7182204], [10.3137623, 52.7173434]]]}}, {"type": "Feature", "properties": {"name": "Naturpark Südheide", "stufe": "mild", "art": "Naturpark"}, "geometry": {"type": "Polygon", "coordinates": [[[10.313721, 52.7182204], [10.3136516, 52.7183481], [10.3135606, 52.718458], [10.3134488, 52.7185517], [10.313721, 52.7182204]]]}}, {"type": "Feature", "properties": {"name": "Naturpark Südheide", "stufe": "mild", "art": "Naturpark"}, "geometry": {"type": "Polygon", "coordinates": [[[10.3134488, 52.7185517], [10.3132712, 52.7186272], [10.3130507, 52.7186901], [10.3127276, 52.7187657], [10.3124123, 52.7188418], [10.3134488, 52.7185517]]]}}, {"type": "Feature", "properties": {"name": "Naturpark Südheide", "stufe": "mild", "art": "Naturpark"}, "geometry": {"type": "Polygon", "coordinates": [[[10.2857107, 52.7249655], [10.2847414, 52.7251843], [10.2843008, 52.7252629], [10.2839072, 52.7253094], [10.2834633, 52.7253386], [10.2830898, 52.7253436], [10.2857107, 52.7249655]]]}}, {"type": "Feature", "properties": {"name": "Naturpark Südheide", "stufe": "mild", "art": "Naturpark"}, "geometry": {"type": "Polygon", "coordinates": [[[10.2830898, 52.7253436], [10.2826264, 52.7253329], [10.2822348, 52.7253037], [10.2818282, 52.7252567], [10.2796635, 52.7249143], [10.2782151, 52.7246919], [10.2830898, 52.7253436]]]}}, {"type": "Feature", "properties": {"name": "Naturpark Südheide", "stufe": "mild", "art": "Naturpark"}, "geometry": {"type": "Polygon", "coordinates": [[[10.2782151, 52.7246919], [10.2776418, 52.7246102], [10.2772676, 52.7245711], [10.2769753, 52.7245535], [10.2766081, 52.724534], [10.276286, 52.7245012], [10.2758089, 52.7244348], [10.2782151, 52.7246919]]]}}, {"type": "Feature", "properties": {"name": "Naturpark Südheide", "stufe": "mild", "art": "Naturpark"}, "geometry": {"type": "Polygon", "coordinates": [[[10.2758089, 52.7244348], [10.275734, 52.7244246], [10.2753859, 52.7244077], [10.2750412, 52.724429], [10.2758089, 52.7244348]]]}}, {"type": "Feature", "properties": {"name": "Naturpark Südheide", "stufe": "mild", "art": "Naturpark"}, "geometry": {"type": "Polygon", "coordinates": [[[10.2750412, 52.724429], [10.2744346, 52.7245307], [10.2741179, 52.7245547], [10.2737766, 52.7245509], [10.2734045, 52.7245102], [10.272979, 52.7244667], [10.2727415, 52.7244499], [10.2723922, 52.7244423], [10.2721958, 52.7244488], [10.2719921, 52.72446], [10.2718293, 52.7244751], [10.2716109, 52.7244971], [10.2750412, 52.724429]]]}}, {"type": "Feature", "properties": {"name": "Naturpark Südheide", "stufe": "mild", "art": "Naturpark"}, "geometry": {"type": "Polygon", "coordinates": [[[10.2692877, 52.7247353], [10.2679157, 52.724876], [10.2601045, 52.7256769], [10.2571847, 52.7259728], [10.2692877, 52.7247353]]]}}, {"type": "Feature", "properties": {"name": "Naturpark Südheide", "stufe": "mild", "art": "Naturpark"}, "geometry": {"type": "Polygon", "coordinates": [[[10.2530049, 52.7263961], [10.2519341, 52.7265197], [10.2515014, 52.7266122], [10.250389, 52.7269133], [10.2488432, 52.7273495], [10.2475112, 52.7277318], [10.2530049, 52.7263961]]]}}, {"type": "Feature", "properties": {"name": "Naturpark Südheide", "stufe": "mild", "art": "Naturpark"}, "geometry": {"type": "Polygon", "coordinates": [[[10.2421614, 52.7292404], [10.2414331, 52.7294601], [10.2412495, 52.7295551], [10.2411112, 52.7296398], [10.2410723, 52.7296636], [10.2407636, 52.7298946], [10.2405653, 52.7300472], [10.2421614, 52.7292404]]]}}, {"type": "Feature", "properties": {"name": "Naturpark Südheide", "stufe": "mild", "art": "Naturpark"}, "geometry": {"type": "Polygon", "coordinates": [[[10.2405653, 52.7300472], [10.2399139, 52.730557], [10.2396925, 52.7307302], [10.2395653, 52.730914], [10.2395146, 52.7310688], [10.2394773, 52.7314106], [10.2394469, 52.7316902], [10.2394374, 52.7317771], [10.2394269, 52.7318734], [10.2405653, 52.7300472]]]}}, {"type": "Feature", "properties": {"name": "Naturpark Südheide", "stufe": "mild", "art": "Naturpark"}, "geometry": {"type": "Polygon", "coordinates": [[[10.2394269, 52.7318734], [10.2393935, 52.7321798], [10.2393858, 52.7322505], [10.2393658, 52.7323373], [10.2392989, 52.7324171], [10.2394269, 52.7318734]]]}}, {"type": "Feature", "properties": {"name": "Naturpark Südheide", "stufe": "mild", "art": "Naturpark"}, "geometry": {"type": "Polygon", "coordinates": [[[10.2392989, 52.7324171], [10.2392162, 52.7324653], [10.239111, 52.7325021], [10.2388117, 52.7325906], [10.2392989, 52.7324171]]]}}, {"type": "Feature", "properties": {"name": "Naturpark Südheide", "stufe": "mild", "art": "Naturpark"}, "geometry": {"type": "Polygon", "coordinates": [[[10.2381046, 52.7328066], [10.2371653, 52.7330935], [10.2366261, 52.7332453], [10.2355178, 52.7335782], [10.2353666, 52.7336599], [10.2352955, 52.7337233], [10.2352479, 52.7337813], [10.2352064, 52.7338471], [10.2381046, 52.7328066]]]}}, {"type": "Feature", "properties": {"name": "Naturpark Südheide", "stufe": "mild", "art": "Naturpark"}, "geometry": {"type": "Polygon", "coordinates": [[[10.2352064, 52.7338471], [10.2350921, 52.7337611], [10.2349784, 52.7336743], [10.2346835, 52.7334461], [10.2352064, 52.7338471]]]}}, {"type": "Feature", "properties": {"name": "Naturpark Südheide", "stufe": "mild", "art": "Naturpark"}, "geometry": {"type": "Polygon", "coordinates": [[[10.2346835, 52.7334461], [10.2345372, 52.7333335], [10.234219, 52.7330952], [10.234169, 52.7330549], [10.2346835, 52.7334461]]]}}, {"type": "Feature", "properties": {"name": "Naturpark Südheide", "stufe": "mild", "art": "Naturpark"}, "geometry": {"type": "Polygon", "coordinates": [[[10.2340817, 52.7329888], [10.2337509, 52.7327422], [10.2334995, 52.7325553], [10.2334338, 52.7325053], [10.2333483, 52.7324427], [10.2331545, 52.7322951], [10.2330899, 52.7322444], [10.2329665, 52.732155], [10.2328412, 52.7320625], [10.232792, 52.7320265], [10.2316539, 52.7311696], [10.2314, 52.7309744], [10.2311055, 52.7307562], [10.230823, 52.7305399], [10.2302591, 52.7301172], [10.230136, 52.7300275], [10.2296068, 52.729629], [10.2340817, 52.7329888]]]}}, {"type": "Feature", "properties": {"name": "Naturpark Südheide", "stufe": "mild", "art": "Naturpark"}, "geometry": {"type": "Polygon", "coordinates": [[[10.2296068, 52.729629], [10.2290849, 52.7292493], [10.228622, 52.7289411], [10.2276165, 52.7283909], [10.227454, 52.728302], [10.2296068, 52.729629]]]}}, {"type": "Feature", "properties": {"name": "Naturpark Südheide", "stufe": "mild", "art": "Naturpark"}, "geometry": {"type": "Polygon", "coordinates": [[[10.2271709, 52.728147], [10.2270354, 52.7281225], [10.2268517, 52.7280392], [10.2267022, 52.7279178], [10.2271709, 52.728147]]]}}, {"type": "Feature", "properties": {"name": "Naturpark Südheide", "stufe": "mild", "art": "Naturpark"}, "geometry": {"type": "Polygon", "coordinates": [[[10.2234616, 52.7262593], [10.2228039, 52.7259285], [10.2188818, 52.7239322], [10.218652, 52.7238145], [10.2162201, 52.7225785], [10.2154312, 52.7221687], [10.2147846, 52.721839], [10.2137904, 52.7213388], [10.2110357, 52.719927], [10.207575, 52.718162], [10.2016489, 52.715158], [10.2014075, 52.7150346], [10.2011132, 52.7148869], [10.2005658, 52.7146057], [10.2234616, 52.7262593]]]}}, {"type": "Feature", "properties": {"name": "Naturpark Südheide", "stufe": "mild", "art": "Naturpark"}, "geometry": {"type": "Polygon", "coordinates": [[[10.2002905, 52.7144656], [10.196698, 52.712635], [10.1934115, 52.7109617], [10.1866913, 52.7075386], [10.1864249, 52.7073996], [10.2002905, 52.7144656]]]}}, {"type": "Feature", "properties": {"name": "Naturpark Südheide", "stufe": "mild", "art": "Naturpark"}, "geometry": {"type": "Polygon", "coordinates": [[[10.1864249, 52.7073996], [10.1862849, 52.7073317], [10.1820886, 52.7051838], [10.1780612, 52.7031317], [10.1730786, 52.7005898], [10.1729209, 52.700506], [10.1864249, 52.7073996]]]}}, {"type": "Feature", "properties": {"name": "Naturpark Südheide", "stufe": "mild", "art": "Naturpark"}, "geometry": {"type": "Polygon", "coordinates": [[[10.1655808, 52.7066825], [10.1686942, 52.7055736], [10.169574, 52.7053396], [10.1699281, 52.7053005], [10.1712355, 52.7053542], [10.1655808, 52.7066825]]]}}, {"type": "Feature", "properties": {"name": "Naturpark Südheide", "stufe": "mild", "art": "Naturpark"}, "geometry": {"type": "Polygon", "coordinates": [[[10.1649014, 52.7068583], [10.1641931, 52.7070772], [10.1639251, 52.7071568], [10.1632942, 52.7072019], [10.1627532, 52.7072763], [10.1622838, 52.7073756], [10.161688, 52.7074839], [10.1609839, 52.7076193], [10.1607853, 52.7076735], [10.1606213, 52.7076914], [10.1649014, 52.7068583]]]}}, {"type": "Feature", "properties": {"name": "Naturpark Südheide", "stufe": "mild", "art": "Naturpark"}, "geometry": {"type": "Polygon", "coordinates": [[[10.1416353, 52.709498], [10.1416868, 52.7094891], [10.1511657, 52.7078521], [10.1525074, 52.7076209], [10.1546363, 52.707261], [10.1568152, 52.7068793], [10.1591712, 52.7064306], [10.1596375, 52.7065204], [10.1416353, 52.709498]]]}}, {"type": "Feature", "properties": {"name": "Naturpark Südheide", "stufe": "mild", "art": "Naturpark"}, "geometry": {"type": "Polygon", "coordinates": [[[10.1191526, 52.7138054], [10.1165588, 52.714319], [10.1163287, 52.7144055], [10.116218, 52.7145191], [10.1161194, 52.714837], [10.1191526, 52.7138054]]]}}, {"type": "Feature", "properties": {"name": "Naturpark Südheide", "stufe": "mild", "art": "Naturpark"}, "geometry": {"type": "Polygon", "coordinates": [[[10.1161194, 52.714837], [10.1151381, 52.7145724], [10.1144215, 52.7143791], [10.1135775, 52.7141337], [10.1130813, 52.7139879], [10.1161194, 52.714837]]]}}, {"type": "Feature", "properties": {"name": "Naturpark Südheide", "stufe": "mild", "art": "Naturpark"}, "geometry": {"type": "Polygon", "coordinates": [[[10.1130813, 52.7139879], [10.1104746, 52.713253], [10.0985864, 52.7098919], [10.0985049, 52.7098688], [10.1130813, 52.7139879]]]}}, {"type": "Feature", "properties": {"name": "Naturpark Südheide", "stufe": "mild", "art": "Naturpark"}, "geometry": {"type": "Polygon", "coordinates": [[[10.0804554, 52.706422], [10.0805451, 52.7064267], [10.0812444, 52.706533], [10.0835654, 52.7068959], [10.085926, 52.707265], [10.0911624, 52.7080839], [10.0923219, 52.708265], [10.0804554, 52.706422]]]}}, {"type": "Feature", "properties": {"name": "Naturpark Südheide", "stufe": "mild", "art": "Naturpark"}, "geometry": {"type": "Polygon", "coordinates": [[[10.0715383, 52.7050106], [10.071681, 52.7050304], [10.0749672, 52.7055487], [10.0798694, 52.7063221], [10.0799844, 52.7063398], [10.0802504, 52.7063562], [10.0804295, 52.7063429], [10.0715383, 52.7050106]]]}}, {"type": "Feature", "properties": {"name": "Naturpark Südheide", "stufe": "mild", "art": "Naturpark"}, "geometry": {"type": "Polygon", "coordinates": [[[10.062893, 52.7029839], [10.0635581, 52.703333], [10.0638431, 52.7034826], [10.0644401, 52.703796], [10.0647298, 52.7039155], [10.0650896, 52.7039941], [10.0653139, 52.7040289], [10.0674651, 52.7043692], [10.0693499, 52.7046664], [10.0715383, 52.7050106], [10.062893, 52.7029839]]]}}, {"type": "Feature", "properties": {"name": "Naturpark Südheide", "stufe": "mild", "art": "Naturpark"}, "geometry": {"type": "Polygon", "coordinates": [[[10.0623487, 52.7027481], [10.0624062, 52.7027638], [10.0625199, 52.7028047], [10.0627695, 52.7029247], [10.062893, 52.7029839], [10.0623487, 52.7027481]]]}}, {"type": "Feature", "properties": {"name": "Naturpark Südheide", "stufe": "mild", "art": "Naturpark"}, "geometry": {"type": "Polygon", "coordinates": [[[10.0568604, 52.7011758], [10.0579244, 52.7014799], [10.0585757, 52.701666], [10.0587208, 52.7017075], [10.0588107, 52.701733], [10.0590085, 52.7017892], [10.0591475, 52.7018287], [10.0594025, 52.7019017], [10.0596623, 52.7019761], [10.0597028, 52.7019877], [10.059923, 52.7020508], [10.0600511, 52.7020875], [10.0603385, 52.7021698], [10.0605057, 52.7022177], [10.0606167, 52.7022495], [10.0614644, 52.7024924], [10.0623487, 52.7027481], [10.0568604, 52.7011758]]]}}, {"type": "Feature", "properties": {"name": "Naturpark Südheide", "stufe": "mild", "art": "Naturpark"}, "geometry": {"type": "Polygon", "coordinates": [[[10.0426155, 52.6971153], [10.0459956, 52.6980819], [10.0479758, 52.6986445], [10.0484203, 52.6987711], [10.0550357, 52.7006564], [10.0567125, 52.7011374], [10.0568604, 52.7011758], [10.0426155, 52.6971153]]]}}, {"type": "Feature", "properties": {"name": "Naturpark Südheide", "stufe": "mild", "art": "Naturpark"}, "geometry": {"type": "Polygon", "coordinates": [[[10.0243739, 52.693301], [10.0325675, 52.6945599], [10.0335063, 52.6947197], [10.0338156, 52.6948055], [10.0342772, 52.6949344], [10.0346921, 52.6950434], [10.0367706, 52.6955737], [10.0386352, 52.69607], [10.0243739, 52.693301]]]}}, {"type": "Feature", "properties": {"name": "Naturpark Südheide", "stufe": "mild", "art": "Naturpark"}, "geometry": {"type": "Polygon", "coordinates": [[[10.0163196, 52.6900718], [10.0163545, 52.6905848], [10.0163759, 52.6908447], [10.0164084, 52.6910986], [10.0164429, 52.6912088], [10.016486, 52.691315], [10.0165456, 52.6914294], [10.0166127, 52.6915396], [10.0167834, 52.6917195], [10.016882, 52.6918033], [10.0169744, 52.6918733], [10.0169837, 52.6918803], [10.0171117, 52.6919585], [10.0172489, 52.6920417], [10.0175599, 52.6921729], [10.0177927, 52.6922468], [10.0180319, 52.692303], [10.0180992, 52.6923207], [10.0186333, 52.6924095], [10.0188932, 52.692454], [10.0199837, 52.6926164], [10.0214134, 52.6928349], [10.0215616, 52.6928576], [10.0243739, 52.693301], [10.0163196, 52.6900718]]]}}, {"type": "Feature", "properties": {"name": "NSG Allertal zwischen Gifhorn und Wolfsburg", "stufe": "streng", "art": "Naturschutzgebiet"}, "geometry": {"type": "Polygon", "coordinates": [[[10.5662513, 52.4922606], [10.5663934, 52.4922909], [10.5666819, 52.4926838], [10.5676493, 52.4929745], [10.5679096, 52.493082], [10.5684822, 52.4932952], [10.5684401, 52.4939157], [10.5685518, 52.4943847], [10.5686771, 52.4946581], [10.5689242, 52.495014], [10.5690708, 52.4951972], [10.5694293, 52.4954711], [10.5698698, 52.4957216], [10.5700758, 52.4958939], [10.5702606, 52.496126], [10.5703584, 52.4962441], [10.5704399, 52.4963687], [10.5709995, 52.4963865], [10.5715278, 52.4963753], [10.5724361, 52.4962791], [10.5733921, 52.4961936], [10.5741708, 52.4961436], [10.5746773, 52.4961367], [10.5752405, 52.4954996], [10.5752543, 52.4953013], [10.5753517, 52.4947197], [10.5755404, 52.4944551], [10.5756335, 52.494267], [10.5757436, 52.493949], [10.5757788, 52.4938636], [10.5758645, 52.4937313], [10.5760675, 52.4935601], [10.5768049, 52.4929154], [10.5769319, 52.4927189], [10.5785112, 52.491334], [10.5791644, 52.4910966], [10.5800208, 52.4904322], [10.5806551, 52.4902676], [10.5814878, 52.4900976], [10.5818538, 52.4900319], [10.5822277, 52.4900806], [10.5824588, 52.4901971], [10.5826388, 52.4904309], [10.5830973, 52.491133], [10.5833192, 52.4914619], [10.5835976, 52.4918528], [10.5836221, 52.4918831], [10.5838038, 52.4919892], [10.5842382, 52.4923546], [10.5847532, 52.4925244], [10.5846915, 52.4925693], [10.5847131, 52.4926794], [10.584723, 52.4927542], [10.5849485, 52.4929697], [10.5853324, 52.4931003], [10.5856534, 52.4933808], [10.5858613, 52.4935198], [10.5861752, 52.493779], [10.5869583, 52.4943413], [10.5874456, 52.49467], [10.5872919, 52.4951302], [10.5874204, 52.4953422], [10.5871639, 52.4957357], [10.5662513, 52.4922606]]]}}, {"type": "Feature", "properties": {"name": "NSG Allertal zwischen Gifhorn und Wolfsburg", "stufe": "streng", "art": "Naturschutzgebiet"}, "geometry": {"type": "Polygon", "coordinates": [[[10.5871639, 52.4957357], [10.5879808, 52.4961701], [10.5888314, 52.4965966], [10.5889442, 52.4964247], [10.5898409, 52.4965487], [10.5901646, 52.4965636], [10.5912863, 52.4963457], [10.5915079, 52.4962714], [10.5918457, 52.4962655], [10.5916318, 52.4965937], [10.5905143, 52.4974073], [10.5906284, 52.4974514], [10.5922669, 52.4968925], [10.5939074, 52.4963243], [10.5947196, 52.4960479], [10.5955775, 52.4958192], [10.5957867, 52.4957683], [10.5961442, 52.4956379], [10.5963913, 52.4955544], [10.5966134, 52.4955184], [10.5967207, 52.4955024], [10.5968474, 52.495496], [10.5972485, 52.4955346], [10.598079, 52.4956609], [10.5989604, 52.495814], [10.5991663, 52.4958547], [10.6001903, 52.4960538], [10.6023457, 52.4964677], [10.607958, 52.4974915], [10.6086027, 52.4975938], [10.6091961, 52.4976715], [10.6097393, 52.4977101], [10.6110462, 52.4977031], [10.6118778, 52.4976241], [10.6123887, 52.497539], [10.6130261, 52.4974131], [10.6146384, 52.4969038], [10.6146069, 52.4968502], [10.6144353, 52.4963172], [10.614427, 52.4960322], [10.6144299, 52.4956267], [10.614446, 52.4953386], [10.6143007, 52.4952236], [10.6142199, 52.4951855], [10.6141984, 52.4951022], [10.6142212, 52.4949854], [10.6142989, 52.4949279], [10.6143929, 52.4948344], [10.6146069, 52.4947372], [10.6149857, 52.4946537], [10.614792, 52.4943172], [10.6147094, 52.4941132], [10.6151569, 52.4939455], [10.6150947, 52.4936708], [10.6166921, 52.4929971], [10.616931, 52.4928614], [10.6167807, 52.4928332], [10.6166993, 52.4928075], [10.6166514, 52.4927518], [10.6166319, 52.4926911], [10.6166105, 52.4925348], [10.6168621, 52.4924879], [10.6172918, 52.4924389], [10.6174966, 52.4924359], [10.6189177, 52.4930312], [10.6200449, 52.4934518], [10.6206094, 52.4936557], [10.6211967, 52.4939802], [10.6224823, 52.4939321], [10.6227105, 52.4939697], [10.6230211, 52.4938395], [10.6231093, 52.4941257], [10.6243154, 52.4937767], [10.625159, 52.4935601], [10.6255978, 52.4933938], [10.6261804, 52.4931889], [10.6275077, 52.4924324], [10.628685, 52.4917132], [10.6290299, 52.4914884], [10.6292327, 52.4913282], [10.6292796, 52.4912588], [10.6292387, 52.4911523], [10.62911, 52.4908821], [10.6289939, 52.4905712], [10.6299055, 52.4899995], [10.6300023, 52.4899029], [10.6302785, 52.4889883], [10.63017, 52.4889762], [10.6299439, 52.4889683], [10.6297585, 52.4889856], [10.6298209, 52.4886783], [10.6296871, 52.4886489], [10.6296689, 52.4884774], [10.6297488, 52.4883589], [10.6298854, 52.4882703], [10.630037, 52.488211], [10.6300725, 52.4881212], [10.6300632, 52.4880005], [10.6303745, 52.487954], [10.6303566, 52.4876547], [10.6303408, 52.4875631], [10.6304109, 52.487491], [10.6304554, 52.4873534], [10.6304993, 52.4872565], [10.6305408, 52.4871375], [10.6305988, 52.4870515], [10.630681, 52.4869567], [10.6307114, 52.4868056], [10.6307304, 52.4866401], [10.630704, 52.4865208], [10.6306336, 52.4863044], [10.6305772, 52.4862065], [10.6308224, 52.4861345], [10.6308477, 52.48601], [10.6312749, 52.4857534], [10.6313734, 52.485824], [10.6318769, 52.4861431], [10.6328788, 52.4856711], [10.6333477, 52.4854888], [10.6339158, 52.4852227], [10.6349529, 52.4846828], [10.6342334, 52.4841889], [10.6333324, 52.4835842], [10.6335043, 52.4834565], [10.6340769, 52.4830018], [10.6349031, 52.4824682], [10.6359524, 52.4818256], [10.6364974, 52.4814851], [10.6370517, 52.4811362], [10.6373808, 52.4811898], [10.6374276, 52.4809534], [10.6374428, 52.4807934], [10.6374553, 52.4805525], [10.6379734, 52.4806621], [10.6385652, 52.4807758], [10.6392208, 52.4810621], [10.6399104, 52.4812214], [10.6405397, 52.4813319], [10.6408623, 52.4813868], [10.6410866, 52.481438], [10.6414003, 52.4815266], [10.641488, 52.4815698], [10.6418917, 52.4816945], [10.6423083, 52.481841], [10.6427096, 52.481942], [10.6429718, 52.482], [10.6435177, 52.482093], [10.6439276, 52.4821389], [10.6440656, 52.4822052], [10.6441688, 52.4822404], [10.6442631, 52.4822561], [10.6443245, 52.4822629], [10.6444408, 52.4822504], [10.6452289, 52.4820958], [10.6454105, 52.4821027], [10.6456685, 52.482147], [10.645887, 52.4822077], [10.6460938, 52.4822889], [10.6466403, 52.4826404], [10.6468534, 52.4827818], [10.6472429, 52.4830463], [10.6474023, 52.4830973], [10.6477534, 52.4831087], [10.6481154, 52.4831406], [10.6483086, 52.4831336], [10.6485173, 52.4831024], [10.6487797, 52.4830072], [10.6491185, 52.4828476], [10.649269, 52.4827938], [10.6494765, 52.4827351], [10.6496488, 52.4827026], [10.6502124, 52.4826826], [10.650649, 52.4827252], [10.6511288, 52.4827836], [10.6518243, 52.4830273], [10.6519017, 52.4829647], [10.6513676, 52.4827818], [10.6512459, 52.4827322], [10.6510935, 52.4827031], [10.6507983, 52.4826674], [10.6503036, 52.4826091], [10.6498199, 52.4826092], [10.6495383, 52.4826248], [10.649425, 52.4826573], [10.6492853, 52.4826885], [10.6491293, 52.4827333], [10.6487824, 52.4829018], [10.6485547, 52.4830034], [10.6483752, 52.4830629], [10.6481534, 52.4830922], [10.6480511, 52.4830908], [10.6476885, 52.4830423], [10.6475663, 52.483025], [10.6474292, 52.4830088], [10.6473412, 52.4829954], [10.6469925, 52.4827426], [10.6462885, 52.4822948], [10.6460953, 52.4821912], [10.6459284, 52.4821349], [10.6457559, 52.482086], [10.6456109, 52.4820523], [10.6454011, 52.4820352], [10.6451448, 52.4820412], [10.6443214, 52.4821987], [10.6440492, 52.4820777], [10.6438589, 52.4820347], [10.6432614, 52.4819638], [10.6427265, 52.4818513], [10.6419685, 52.4816176], [10.6412912, 52.481411], [10.6409797, 52.4813356], [10.6403928, 52.4812203], [10.6392681, 52.4809959], [10.6387854, 52.480783], [10.6385811, 52.4807164], [10.6379943, 52.48062], [10.6373024, 52.480472], [10.6371508, 52.4799596], [10.6370545, 52.4797037], [10.6367541, 52.4794094], [10.6364376, 52.4791611], [10.6359011, 52.4787641], [10.6356788, 52.4786502], [10.6343705, 52.4781071], [10.6342983, 52.4780661], [10.6332174, 52.4775281], [10.6326585, 52.4772065], [10.6319992, 52.4768277], [10.631824, 52.4767615], [10.6315919, 52.4767125], [10.6312327, 52.4765972], [10.6342006, 52.4754527], [10.6342885, 52.4754174], [10.634655, 52.4755333], [10.6350981, 52.4756675], [10.6375173, 52.476222], [10.6379122, 52.4760354], [10.6382199, 52.47596], [10.6388396, 52.4758076], [10.6389167, 52.4757802], [10.6390334, 52.4757386], [10.6395543, 52.4754837], [10.6402471, 52.4752065], [10.6402812, 52.4751929], [10.6413571, 52.4748977], [10.6413929, 52.4748114], [10.6415836, 52.4747849], [10.6422757, 52.4744034], [10.6432481, 52.4738854], [10.6457371, 52.4750908], [10.6472301, 52.4745917], [10.6505346, 52.4735627], [10.651828, 52.4731518], [10.6555758, 52.4750878], [10.6570381, 52.4745062], [10.6589396, 52.4738181], [10.6607474, 52.4731558], [10.6608171, 52.4731075], [10.6576519, 52.4713158], [10.6593495, 52.4706714], [10.6593868, 52.4705466], [10.6592744, 52.4704162], [10.6585894, 52.4698443], [10.6570455, 52.4686754], [10.6571148, 52.468467], [10.6587693, 52.4676196], [10.6590612, 52.4676296], [10.659255, 52.4676865], [10.6597919, 52.4681393], [10.6611727, 52.4692551], [10.6625036, 52.4703322], [10.6623794, 52.4704835], [10.6630168, 52.4710724], [10.6635284, 52.4715411], [10.6642039, 52.4721753], [10.6649296, 52.4728949], [10.6652865, 52.4732829], [10.6667619, 52.4729096], [10.6683821, 52.472456], [10.6692692, 52.4721941], [10.6736282, 52.470933], [10.6732068, 52.4701656], [10.6752578, 52.4695717], [10.676236, 52.4692887], [10.6763884, 52.4692551], [10.6788383, 52.4687152], [10.6791968, 52.4680212], [10.679698, 52.4673923], [10.6799333, 52.4673453], [10.6803103, 52.4668465], [10.6800835, 52.4667594], [10.68028, 52.4664382], [10.6803967, 52.4663998], [10.6810562, 52.4660933], [10.6819506, 52.4657646], [10.6824116, 52.4654314], [10.6830694, 52.4649408], [10.6831586, 52.4650031], [10.6835771, 52.4648398], [10.6841682, 52.4652429], [10.6848439, 52.4649983], [10.6854745, 52.4654813], [10.685723, 52.4653904], [10.6867938, 52.466299], [10.6845209, 52.4668465], [10.6845822, 52.4671356], [10.6851155, 52.4674194], [10.6857163, 52.4678639], [10.6891419, 52.4674158], [10.6897494, 52.4673389], [10.689883, 52.4673462], [10.6904978, 52.4673654], [10.6915402, 52.4670676], [10.6916553, 52.4670303], [10.6917458, 52.4670519], [10.6919639, 52.4678419], [10.6957854, 52.4674336], [10.7004379, 52.466938], [10.7015127, 52.4668082], [10.701924, 52.4667375], [10.7023454, 52.4666413], [10.7037729, 52.4662903], [10.7048965, 52.4660034], [10.7071972, 52.4653059], [10.7085416, 52.4648963], [10.7085932, 52.4648091], [10.7085618, 52.4646829], [10.7082827, 52.464206], [10.708085, 52.4638724], [10.7079754, 52.4636998], [10.7076784, 52.4633402], [10.7073278, 52.4629305], [10.7076069, 52.4628667], [10.7077483, 52.4628329], [10.7078103, 52.4628182], [10.7079248, 52.462837], [10.7081401, 52.4629327], [10.7084315, 52.4630598], [10.7088124, 52.463164], [10.7091816, 52.4630991], [10.7100024, 52.4629511], [10.7101367, 52.4628761], [10.7101917, 52.4627775], [10.7101333, 52.4623849], [10.7102206, 52.462322], [10.7106904, 52.4623373], [10.7109969, 52.4623695], [10.7110043, 52.4629696], [10.7115551, 52.4628229], [10.7114624, 52.46236], [10.7118706, 52.4623237], [10.7119284, 52.4623435], [10.711964, 52.4624664], [10.7120259, 52.4625389], [10.7121514, 52.4626125], [10.7122416, 52.4626295], [10.7124397, 52.4626128], [10.7125977, 52.462525], [10.7127002, 52.4624088], [10.7130447, 52.4618158], [10.7128768, 52.4617645], [10.7125571, 52.462353], [10.712363, 52.4625285], [10.7122185, 52.4625201], [10.7121374, 52.4624726], [10.7120535, 52.4621811], [10.711873, 52.4621629], [10.7112872, 52.4622303], [10.7109343, 52.4622286], [10.7105442, 52.4621986], [10.7103135, 52.4622281], [10.7101958, 52.4622357], [10.7100861, 52.462309], [10.7099195, 52.4623771], [10.709516, 52.4624573], [10.709441, 52.4624322], [10.7091966, 52.4624696], [10.7090567, 52.462285], [10.7089204, 52.4622605], [10.7087433, 52.4619752], [10.7092496, 52.4619202], [10.7097446, 52.4618705], [10.7096339, 52.4615302], [10.7094252, 52.4615493], [10.709254, 52.461271], [10.7093151, 52.4609927], [10.7098417, 52.4611119], [10.7100404, 52.4607542], [10.7099499, 52.4607261], [10.7101392, 52.4605669], [10.7106526, 52.4601294], [10.7108638, 52.4599495], [10.7103644, 52.4596977], [10.7109679, 52.4593773], [10.7104485, 52.4589374], [10.71027, 52.4587862], [10.7110199, 52.4585469], [10.7109569, 52.4584622], [10.7107474, 52.4582163], [10.7102518, 52.4575998], [10.7098234, 52.4570778], [10.7094394, 52.4565483], [10.7089845, 52.4567138], [10.7079351, 52.4557009], [10.7094915, 52.4547451], [10.7102816, 52.4541862], [10.7112272, 52.453357], [10.7116425, 52.4534313], [10.7120216, 52.4535903], [10.7123664, 52.4536267], [10.7122282, 52.4552672], [10.7137753, 52.4547652], [10.7137597, 52.4554689], [10.7137378, 52.4564523], [10.7137396, 52.4565637], [10.7139069, 52.4566231], [10.7139161, 52.456887], [10.7134725, 52.4569535], [10.713343, 52.4574537], [10.7132092, 52.4579187], [10.7130215, 52.4584731], [10.7128015, 52.4592662], [10.7134034, 52.4594711], [10.7130747, 52.4597482], [10.7129338, 52.4598592], [10.712626, 52.4600958], [10.7124815, 52.4602778], [10.7124377, 52.4603787], [10.7124356, 52.4606781], [10.7124888, 52.4607873], [10.7125691, 52.4610137], [10.7126051, 52.4611527], [10.7127801, 52.4614826], [10.7129161, 52.4616004], [10.7132292, 52.4616684], [10.7134406, 52.4615983], [10.7139301, 52.46135], [10.7144307, 52.4610002], [10.7139953, 52.4609718], [10.7140071, 52.460753], [10.7145219, 52.460751], [10.7145095, 52.4602798], [10.7143359, 52.4602069], [10.7139003, 52.4597237], [10.7146276, 52.4594002], [10.7147561, 52.4595074], [10.7159163, 52.4591384], [10.716524, 52.4591558], [10.7167176, 52.4593838], [10.7186733, 52.4589475], [10.7185419, 52.4588069], [10.7189899, 52.4585913], [10.7192554, 52.4584694], [10.7193701, 52.4584124], [10.719546, 52.458315], [10.7197154, 52.4583064], [10.7205748, 52.4583409], [10.7207788, 52.4583626], [10.7208962, 52.4583159], [10.7209803, 52.4582651], [10.7212422, 52.4581188], [10.7220165, 52.4580557], [10.7221007, 52.4581531], [10.7225455, 52.4581013], [10.7229301, 52.457969], [10.7233339, 52.457907], [10.7246906, 52.4577405], [10.7248458, 52.4578747], [10.7252183, 52.4577308], [10.7262639, 52.4572976], [10.7263195, 52.4571368], [10.7263794, 52.456907], [10.7264488, 52.4566631], [10.7264533, 52.4562761], [10.726556, 52.4560616], [10.7266801, 52.4557637], [10.7262452, 52.4553817], [10.7261261, 52.4549969], [10.726054, 52.4548243], [10.7258986, 52.4547046], [10.7257681, 52.4543363], [10.7256824, 52.4541852], [10.725465, 52.4536799], [10.7254848, 52.4534844], [10.7257258, 52.453427], [10.7261337, 52.4533479], [10.7265987, 52.4532511], [10.7267772, 52.4531986], [10.7276075, 52.4532039], [10.7281512, 52.4537534], [10.7295432, 52.453168], [10.7307743, 52.4526314], [10.730832, 52.4527025], [10.7316394, 52.4523465], [10.7323747, 52.4517294], [10.73368, 52.4522605], [10.7348993, 52.4527703], [10.7368671, 52.4535943], [10.7375124, 52.452572], [10.73806, 52.4507999], [10.7383528, 52.4502993], [10.7384106, 52.4499502], [10.7395405, 52.4498488], [10.7402682, 52.4497286], [10.742988, 52.4490537], [10.7433809, 52.4489562], [10.7435822, 52.4489098], [10.7451062, 52.4485587], [10.7532687, 52.4466336], [10.757163, 52.4456829], [10.7594914, 52.4451145], [10.7618846, 52.4445362], [10.7617033, 52.4441964], [10.7613592, 52.4442862], [10.7575593, 52.4452517], [10.7514934, 52.4466657], [10.7490519, 52.4472552], [10.7470824, 52.4477192], [10.744757, 52.4482887], [10.7403523, 52.4493559], [10.7396912, 52.4494604], [10.7393532, 52.4495079], [10.7389955, 52.4495754], [10.739021, 52.4496514], [10.7383234, 52.4497407], [10.7382173, 52.449651], [10.7381663, 52.4495695], [10.7381024, 52.4494005], [10.737972, 52.4490807], [10.7377783, 52.4487674], [10.7373922, 52.4483337], [10.7368824, 52.4480051], [10.7365692, 52.4476631], [10.7354767, 52.4467976], [10.7349419, 52.446273], [10.7342749, 52.4450558], [10.7340597, 52.4443971], [10.7340578, 52.4441258], [10.734069, 52.4438494], [10.7337486, 52.4434423], [10.733026, 52.443545], [10.7324642, 52.444321], [10.7316859, 52.4449352], [10.7313075, 52.4452402], [10.7310262, 52.4454344], [10.7304033, 52.4456455], [10.7318019, 52.4458897], [10.7318427, 52.4460516], [10.7326451, 52.4460121], [10.7327167, 52.4460719], [10.7327207, 52.4460711], [10.7328396, 52.4461198], [10.7330916, 52.4460883], [10.7332484, 52.4462446], [10.7333179, 52.4463395], [10.7333693, 52.4465488], [10.7328178, 52.4466587], [10.7324217, 52.446748], [10.7322166, 52.4468379], [10.731661, 52.4471768], [10.731379, 52.4471263], [10.7311325, 52.4470722], [10.7309546, 52.4470386], [10.7307933, 52.4469588], [10.7306074, 52.4468329], [10.7305865, 52.4465548], [10.7306614, 52.4464723], [10.7308019, 52.4463001], [10.7306367, 52.4462075], [10.7303586, 52.4460584], [10.7301536, 52.4459347], [10.7298626, 52.4457773], [10.7295095, 52.4455841], [10.7293638, 52.4458998], [10.729211, 52.4460981], [10.7291778, 52.4461864], [10.7291699, 52.4463182], [10.7291816, 52.4464282], [10.7292432, 52.4465897], [10.7292868, 52.4467152], [10.729305, 52.4468324], [10.7292706, 52.447029], [10.7291861, 52.447275], [10.7291012, 52.4474642], [10.7291427, 52.4475037], [10.7292339, 52.447512], [10.7292138, 52.4477527], [10.7292141, 52.4479608], [10.7292315, 52.4480901], [10.7292503, 52.4481651], [10.7294694, 52.448393], [10.72952, 52.4484715], [10.7295284, 52.4485643], [10.7295057, 52.4485842], [10.7306253, 52.448643], [10.7324074, 52.448746], [10.7336276, 52.4491279], [10.7357349, 52.4497878], [10.7358221, 52.4497996], [10.7363694, 52.4497586], [10.736442, 52.4499647], [10.732486, 52.4504034], [10.7316334, 52.450494], [10.7306839, 52.4505986], [10.7287573, 52.450811], [10.7257997, 52.4511696], [10.7257058, 52.4511751], [10.7257049, 52.4511877], [10.7246382, 52.4512996], [10.7245515, 52.4513095], [10.7202633, 52.4517959], [10.7202664, 52.451958], [10.7202681, 52.4520457], [10.7143013, 52.4526885], [10.7127056, 52.4528928], [10.7109696, 52.4530953], [10.7107428, 52.4531217], [10.7084885, 52.4533581], [10.7075377, 52.4534613], [10.7072564, 52.4534911], [10.7048162, 52.4537495], [10.702994, 52.4539433], [10.7008638, 52.4541697], [10.7006992, 52.455238], [10.700532, 52.4562636], [10.7004646, 52.4567181], [10.7002718, 52.4577779], [10.6992267, 52.4584389], [10.6987434, 52.458741], [10.6985935, 52.4582776], [10.6987717, 52.4573197], [10.6988343, 52.4570251], [10.6988652, 52.4569067], [10.6989453, 52.4558339], [10.6989605, 52.455548], [10.6991719, 52.4552755], [10.6990224, 52.454761], [10.6989153, 52.4543729], [10.6967592, 52.4546045], [10.6940808, 52.4548875], [10.6935044, 52.4549496], [10.6915645, 52.4551553], [10.6901262, 52.4553079], [10.688889, 52.4554394], [10.6876058, 52.4555787], [10.6866426, 52.4556781], [10.686351, 52.4557047], [10.6869378, 52.4576259], [10.6870999, 52.458151], [10.6870088, 52.4583277], [10.6853867, 52.4584803], [10.6849695, 52.4585196], [10.6841717, 52.4585954], [10.6838055, 52.4586283], [10.6830762, 52.4586972], [10.6816209, 52.4588326], [10.6805192, 52.4589359], [10.6799172, 52.4589934], [10.678812, 52.4590864], [10.6794485, 52.4610895], [10.6758089, 52.4620489], [10.6704814, 52.463405], [10.66995, 52.4635627], [10.6698883, 52.4635858], [10.6698237, 52.4636517], [10.6697229, 52.4636844], [10.6691601, 52.4638378], [10.6676449, 52.4641882], [10.6664932, 52.4645023], [10.6660482, 52.4646229], [10.6656735, 52.464724], [10.6648676, 52.4649403], [10.6639687, 52.465178], [10.6634203, 52.4653632], [10.6623791, 52.4657171], [10.6620615, 52.4658228], [10.6620661, 52.4660814], [10.6619648, 52.4663803], [10.661601, 52.4664933], [10.6611509, 52.4662852], [10.6609397, 52.4662198], [10.6605953, 52.4661133], [10.6601832, 52.4661047], [10.6597979, 52.4662376], [10.6596886, 52.4664002], [10.6595808, 52.4666978], [10.6594056, 52.4668735], [10.6592274, 52.4670502], [10.6590862, 52.4671444], [10.6588421, 52.4673082], [10.6587142, 52.4673881], [10.6567607, 52.4683657], [10.6559135, 52.4677592], [10.6554503, 52.4674397], [10.654512, 52.4667922], [10.654244, 52.4666374], [10.6539607, 52.4664361], [10.6538825, 52.4663996], [10.6532803, 52.4662001], [10.6526963, 52.4661745], [10.6524314, 52.4663484], [10.652086, 52.4665672], [10.6520868, 52.4665722], [10.6517017, 52.4667899], [10.6509876, 52.4671148], [10.650798, 52.4672073], [10.6493958, 52.4677127], [10.6489567, 52.4677968], [10.6489018, 52.4680028], [10.6488455, 52.4681787], [10.6489308, 52.4683642], [10.648427, 52.4685852], [10.6480054, 52.4687273], [10.6476347, 52.4688989], [10.6474328, 52.4689438], [10.6461711, 52.469428], [10.6457109, 52.4695596], [10.6452987, 52.4696695], [10.6445491, 52.4695356], [10.6440031, 52.4695699], [10.6434775, 52.4691074], [10.6431148, 52.4690961], [10.6419082, 52.4692149], [10.6401993, 52.4695125], [10.6387478, 52.4697646], [10.6387251, 52.4698], [10.6390578, 52.4705967], [10.639236, 52.4709678], [10.6388641, 52.4712037], [10.6386098, 52.4713384], [10.6382991, 52.4714985], [10.638013, 52.4718104], [10.6378934, 52.4729533], [10.6356419, 52.4725212], [10.6339712, 52.4721568], [10.6322039, 52.4718373], [10.630115, 52.471409], [10.6296572, 52.4712442], [10.6277986, 52.4713513], [10.6274438, 52.4713678], [10.6271649, 52.4714612], [10.6261065, 52.4720817], [10.6260228, 52.4722267], [10.6251318, 52.4739589], [10.6252191, 52.4741612], [10.6255904, 52.4755014], [10.6256154, 52.4755913], [10.6260758, 52.4772532], [10.6261233, 52.4774245], [10.625138, 52.4774866], [10.6243211, 52.477526], [10.6235179, 52.4774929], [10.6225443, 52.4774684], [10.6229861, 52.479409], [10.6232668, 52.480626], [10.6244686, 52.4807747], [10.6255481, 52.4808893], [10.6260277, 52.4809215], [10.6271176, 52.4810017], [10.6277019, 52.483422], [10.628209, 52.4853073], [10.6281938, 52.4854368], [10.628201, 52.4854515], [10.6271127, 52.4855463], [10.6266045, 52.4861367], [10.6266043, 52.4865931], [10.6266654, 52.4870044], [10.6267595, 52.4874789], [10.6263016, 52.4876628], [10.625639, 52.4879974], [10.6255963, 52.4880399], [10.6256154, 52.4885023], [10.6256417, 52.4892324], [10.6237356, 52.4901352], [10.6236675, 52.4904416], [10.623538, 52.4905243], [10.6228124, 52.4907351], [10.6221652, 52.4908717], [10.6209157, 52.4912539], [10.6196897, 52.4913218], [10.61914, 52.4913168], [10.6189129, 52.4912829], [10.618612, 52.4912041], [10.6182113, 52.4910299], [10.6178064, 52.4909996], [10.6173439, 52.4910338], [10.616369, 52.4908693], [10.615539, 52.4905792], [10.6151549, 52.4903996], [10.6149004, 52.4903661], [10.6139708, 52.4905221], [10.6137239, 52.4905787], [10.6132812, 52.4907838], [10.6130748, 52.4909357], [10.6128376, 52.4912786], [10.612732, 52.4916072], [10.6126544, 52.4917632], [10.6121676, 52.4926134], [10.6118102, 52.4931752], [10.6116098, 52.4934398], [10.6112024, 52.4938546], [10.6110095, 52.4944315], [10.6107963, 52.4947018], [10.6105842, 52.4948201], [10.6098137, 52.4948467], [10.6089523, 52.4948474], [10.6088245, 52.4948146], [10.6083308, 52.4945737], [10.6076444, 52.4946209], [10.6074329, 52.4945225], [10.6073739, 52.4941313], [10.6076361, 52.4936606], [10.607049, 52.4932411], [10.6069628, 52.4931237], [10.6059797, 52.492315], [10.6050771, 52.4919676], [10.604672, 52.491595], [10.6043127, 52.4914168], [10.6038887, 52.4909598], [10.6033003, 52.49068], [10.6031404, 52.4905587], [10.6029644, 52.4904258], [10.602641, 52.4902363], [10.602407, 52.4900742], [10.6021962, 52.489936], [10.6019177, 52.4898222], [10.6017176, 52.4897376], [10.6009075, 52.4896851], [10.6001468, 52.4896569], [10.5992514, 52.4897201], [10.59874, 52.4898372], [10.5978513, 52.4900466], [10.5975351, 52.490308], [10.5974393, 52.4906952], [10.597155, 52.4909386], [10.5969619, 52.4912785], [10.5967919, 52.4918814], [10.5968741, 52.4923151], [10.5968568, 52.4923966], [10.5966458, 52.4926638], [10.5963188, 52.4926659], [10.5958475, 52.4927885], [10.5935856, 52.492403], [10.5915332, 52.492042], [10.5892457, 52.4916303], [10.5876204, 52.4913855], [10.5870531, 52.4910072], [10.5867018, 52.4901636], [10.5866508, 52.4900372], [10.5862665, 52.4897422], [10.5856201, 52.489274], [10.5850329, 52.4888369], [10.5846741, 52.4883592], [10.5845612, 52.4881053], [10.5844363, 52.4878052], [10.5842658, 52.4876034], [10.5840781, 52.4872889], [10.5831635, 52.4863591], [10.5830257, 52.4862301], [10.5828314, 52.4861404], [10.5825941, 52.4860878], [10.5819386, 52.4859431], [10.5817884, 52.4859051], [10.5813182, 52.4857681], [10.5808839, 52.4856135], [10.5807365, 52.4856682], [10.580487, 52.4858274], [10.5803632, 52.4859176], [10.5802265, 52.486048], [10.5799048, 52.4864535], [10.5797595, 52.4865069], [10.5795693, 52.486494], [10.5793898, 52.4864768], [10.579124, 52.4864939], [10.5790273, 52.4865751], [10.5788055, 52.4870614], [10.5787043, 52.4872139], [10.578583, 52.487361], [10.5783602, 52.4875428], [10.5780204, 52.487711], [10.5777184, 52.4879274], [10.5772867, 52.488262], [10.5770602, 52.4884516], [10.5768821, 52.4886548], [10.5767129, 52.4888952], [10.5764988, 52.4890186], [10.57623, 52.489058], [10.5758366, 52.489078], [10.5752977, 52.4889907], [10.5747919, 52.488991], [10.5742241, 52.4892638], [10.5742165, 52.4894166], [10.573779, 52.4896901], [10.5735287, 52.4899111], [10.5734272, 52.4900064], [10.5734056, 52.4900416], [10.5734159, 52.4901035], [10.5734373, 52.4902105], [10.5734722, 52.4903284], [10.5734714, 52.4904777], [10.5734459, 52.4905589], [10.5733799, 52.4906381], [10.5732501, 52.4907871], [10.5731829, 52.4908332], [10.5730424, 52.4908952], [10.5729875, 52.4909099], [10.5729483, 52.490917], [10.5728657, 52.4909268], [10.5727478, 52.4909209], [10.5724657, 52.4908917], [10.5723137, 52.4908717], [10.5721548, 52.4908485], [10.571974, 52.4908186], [10.5718069, 52.4907911], [10.571704, 52.4907681], [10.5716545, 52.4907507], [10.5716097, 52.4907235], [10.5715742, 52.4906863], [10.571568, 52.4906368], [10.571618, 52.4905786], [10.5717204, 52.4904261], [10.5717357, 52.4902839], [10.5716883, 52.4901449], [10.5713571, 52.4901424], [10.5713222, 52.4900959], [10.5705739, 52.4901475], [10.5705294, 52.4901171], [10.5701942, 52.4899868], [10.5699381, 52.4898731], [10.5690773, 52.489854], [10.5682617, 52.4899989], [10.5680939, 52.4900103], [10.5675429, 52.4899139], [10.5668858, 52.4897058], [10.566795, 52.4899274], [10.5666384, 52.490316], [10.566324, 52.4910344], [10.5653874, 52.4906979], [10.5651118, 52.4906159], [10.5660499, 52.4919825], [10.5661802, 52.4921578], [10.5871639, 52.4957357]]]}}, {"type": "Feature", "properties": {"name": "Allertal", "stufe": "streng", "art": "Naturschutzgebiet"}, "geometry": {"type": "Polygon", "coordinates": [[[10.502654, 52.4686326], [10.5013985, 52.4683432], [10.501219, 52.4683413], [10.5008762, 52.4683911], [10.5005774, 52.4684723], [10.500226, 52.4686445], [10.4999526, 52.4687697], [10.4998584, 52.4688079], [10.4992801, 52.4689424], [10.4988224, 52.4690092], [10.4979096, 52.468954], [10.4972255, 52.4689503], [10.4969623, 52.4689986], [10.4958634, 52.4690416], [10.4953987, 52.4690765], [10.4949988, 52.4690467], [10.4943064, 52.4690378], [10.4940061, 52.4689923], [10.4936532, 52.4688688], [10.4934069, 52.4687796], [10.4931322, 52.4686462], [10.4929745, 52.4685577], [10.4927038, 52.4684179], [10.4926718, 52.4683852], [10.4905425, 52.4684453], [10.4898278, 52.4701774], [10.4909484, 52.4703253], [10.4915771, 52.4715761], [10.49168, 52.471771], [10.4920699, 52.4724784], [10.492343, 52.4730209], [10.4925409, 52.4734063], [10.4927111, 52.4737302], [10.4929351, 52.4740844], [10.4934067, 52.4745301], [10.4921854, 52.4746004], [10.4913187, 52.4746352], [10.4906445, 52.4746728], [10.4897317, 52.4748834], [10.4891245, 52.4750098], [10.4884815, 52.4751254], [10.4871549, 52.4753094], [10.4862964, 52.4755159], [10.4858887, 52.4756766], [10.4855988, 52.4758336], [10.4853625, 52.4760686], [10.4851939, 52.4762217], [10.4849254, 52.4766147], [10.4847536, 52.4768717], [10.4844474, 52.4772548], [10.4841909, 52.4774527], [10.4838015, 52.4777408], [10.4835174, 52.4780453], [10.483355, 52.4790999], [10.4832431, 52.4794911], [10.4831419, 52.4796206], [10.4828861, 52.4796868], [10.4826746, 52.4796917], [10.4822829, 52.4796822], [10.482104, 52.4796368], [10.4819608, 52.4795926], [10.4815936, 52.4794453], [10.4810028, 52.4793761], [10.4805948, 52.479341], [10.4802111, 52.479308], [10.4800752, 52.4792332], [10.4800013, 52.4791183], [10.4799567, 52.4789672], [10.4799593, 52.478833], [10.480112, 52.4784716], [10.4801627, 52.4784194], [10.4801711, 52.478334], [10.4800962, 52.4782681], [10.479993, 52.4782119], [10.4796275, 52.4780785], [10.479189, 52.4779488], [10.4790392, 52.4778539], [10.478808, 52.4776786], [10.4785634, 52.4774433], [10.4782639, 52.4773256], [10.4779929, 52.4772667], [10.4776994, 52.4772536], [10.4774904, 52.4772793], [10.4772709, 52.4773594], [10.476627, 52.4776524], [10.4761355, 52.4778797], [10.4760576, 52.4779052], [10.4758616, 52.477973], [10.4756414, 52.4779709], [10.475428, 52.4779694], [10.4749472, 52.4778661], [10.4745982, 52.4777523], [10.4742147, 52.4776054], [10.4738368, 52.4773593], [10.4734893, 52.4771122], [10.4730956, 52.4770846], [10.4726451, 52.4770189], [10.4722947, 52.47692], [10.4719082, 52.476821], [10.4715566, 52.4766824], [10.471291, 52.4765542], [10.471162, 52.4765044], [10.470814, 52.4765186], [10.4705247, 52.4765656], [10.4702329, 52.4766094], [10.4698949, 52.4766885], [10.4693904, 52.4768435], [10.4691036, 52.4769473], [10.4682288, 52.477187], [10.4672756, 52.4774762], [10.4667218, 52.4775208], [10.4658714, 52.4775046], [10.4656522, 52.4775213], [10.4654357, 52.477562], [10.465302, 52.4776596], [10.4652207, 52.4777405], [10.4651409, 52.4778492], [10.465027, 52.4780641], [10.4649014, 52.4783585], [10.46475, 52.4785936], [10.4645932, 52.478824], [10.4635794, 52.4787957], [10.4629608, 52.4787908], [10.4599296, 52.4788061], [10.4600569, 52.4791162], [10.4603645, 52.4795108], [10.4606048, 52.479827], [10.4609336, 52.4802741], [10.4616259, 52.4804507], [10.4621246, 52.4805692], [10.4623926, 52.4805202], [10.4626914, 52.4808289], [10.4631511, 52.4816356], [10.4632032, 52.4821585], [10.463465, 52.4826], [10.4635194, 52.4828025], [10.4636555, 52.4831152], [10.4636959, 52.4834502], [10.4638073, 52.4839596], [10.464734, 52.4840323], [10.4653077, 52.4844731], [10.4657561, 52.4848687], [10.4661025, 52.485144], [10.4663406, 52.4853199], [10.4670643, 52.485518], [10.4677976, 52.4865109], [10.4680416, 52.4868088], [10.4667827, 52.487491], [10.4646856, 52.4880172], [10.4641764, 52.4885449], [10.4562557, 52.489003], [10.4549764, 52.4891146], [10.4544238, 52.4891373], [10.4526823, 52.4891228], [10.4505027, 52.4889701], [10.4496342, 52.4890566], [10.4489305, 52.4892142], [10.446943, 52.4895835], [10.4465069, 52.489874], [10.4449981, 52.4911627], [10.4448349, 52.4918303], [10.4445778, 52.4927339], [10.4441903, 52.4930272], [10.4391638, 52.4940486], [10.4381753, 52.4966701], [10.4378732, 52.4974655], [10.4381067, 52.4987271], [10.4381844, 52.4989635], [10.4377247, 52.499254], [10.4383936, 52.4996728], [10.4373157, 52.5002947], [10.4382612, 52.5010487], [10.4382965, 52.5011313], [10.4382485, 52.5012065], [10.4377038, 52.5017459], [10.4373449, 52.501876], [10.4359686, 52.5023568], [10.43561, 52.5024149], [10.4351413, 52.5024612], [10.4318268, 52.5026348], [10.4287461, 52.5008924], [10.4268629, 52.5002905], [10.4251673, 52.4996868], [10.421962, 52.4997357], [10.4190977, 52.5004335], [10.4172257, 52.5008935], [10.4154385, 52.5013237], [10.4144086, 52.5017401], [10.4120245, 52.5026962], [10.4113055, 52.5029689], [10.4097214, 52.5036107], [10.4096622, 52.5036419], [10.4095984, 52.5037664], [10.4085142, 52.5040952], [10.4086369, 52.5049516], [10.4077936, 52.5052654], [10.407411, 52.5047455], [10.4056815, 52.5042422], [10.4037719, 52.5054304], [10.3977973, 52.505597], [10.3976969, 52.5056642], [10.3973985, 52.5066384], [10.3962532, 52.5065012], [10.3940441, 52.5065843], [10.3921681, 52.5066609], [10.3899878, 52.5070156], [10.3873608, 52.5074555], [10.3862617, 52.5079867], [10.3853866, 52.5084877], [10.3838719, 52.5093595], [10.3825316, 52.5103936], [10.3820112, 52.5108111], [10.3806724, 52.5119045], [10.3805823, 52.5123734], [10.3800043, 52.5119665], [10.3795281, 52.5121328], [10.3785301, 52.512328], [10.3784207, 52.5121997], [10.3765449, 52.5128515], [10.3757794, 52.5131413], [10.3737421, 52.5138653], [10.3724556, 52.5143883], [10.3714512, 52.5147136], [10.3708503, 52.5145088], [10.3701688, 52.5142758], [10.3697808, 52.5141451], [10.3693661, 52.5140552], [10.3689036, 52.5139878], [10.3684316, 52.5139744], [10.3675611, 52.5151783], [10.3668437, 52.516062], [10.3664146, 52.5170291], [10.366213, 52.5175083], [10.3661875, 52.5176709], [10.3662283, 52.5178335], [10.3663918, 52.5180291], [10.3665719, 52.5181906], [10.3668818, 52.5183729], [10.3672957, 52.5185685], [10.3672034, 52.5186493], [10.3664905, 52.5191532], [10.3662507, 52.5192655], [10.3639842, 52.5201765], [10.3623808, 52.520817], [10.3609999, 52.5213681], [10.3608078, 52.5214416], [10.3605939, 52.5217838], [10.3602009, 52.5218706], [10.3597886, 52.5219893], [10.3595131, 52.5221476], [10.3590098, 52.5224684], [10.3586992, 52.5226526], [10.3583562, 52.5228883], [10.3582928, 52.522936], [10.3573247, 52.5222746], [10.3571092, 52.5223056], [10.3543264, 52.5228035], [10.3531219, 52.522994], [10.3501524, 52.5234757], [10.3484, 52.5237579], [10.3450675, 52.5242946], [10.343882, 52.5244855], [10.3415301, 52.5248663], [10.3401712, 52.5250863], [10.3395251, 52.5251956], [10.3373925, 52.5253252], [10.3371451, 52.5253431], [10.3354339, 52.5254669], [10.3346439, 52.5255238], [10.3344781, 52.5255357], [10.3322765, 52.5256942], [10.3316862, 52.5257897], [10.3315225, 52.5263859], [10.3312109, 52.5273441], [10.3310743, 52.5276874], [10.3308172, 52.5279661], [10.3303696, 52.5281729], [10.3297199, 52.5284568], [10.3297101, 52.5284631], [10.3294477, 52.5286318], [10.3293784, 52.5287969], [10.3293631, 52.5289611], [10.3294224, 52.5290829], [10.3295335, 52.5292802], [10.3296457, 52.5297857], [10.3297817, 52.5306664], [10.329975, 52.5315769], [10.3299954, 52.5319085], [10.3299839, 52.5319881], [10.3296625, 52.5329588], [10.3291998, 52.5330659], [10.3285668, 52.5331358], [10.3282294, 52.533315], [10.328137, 52.5332528], [10.327729, 52.5329781], [10.3274008, 52.5331923], [10.3265056, 52.5329314], [10.3264779, 52.5329266], [10.3245742, 52.532599], [10.3219304, 52.5336942], [10.3211327, 52.5340419], [10.3207672, 52.5342266], [10.3207893, 52.5342866], [10.3207887, 52.5342888], [10.3230003, 52.5364455], [10.3230039, 52.5365977], [10.3225951, 52.5373856], [10.3220998, 52.5384094], [10.320954, 52.5407991], [10.3248262, 52.5414714], [10.3248892, 52.5414843], [10.3246954, 52.5417362], [10.3244353, 52.5419096], [10.3237846, 52.5422175], [10.3239614, 52.5425235], [10.3245266, 52.5424316], [10.3249175, 52.5423052], [10.325246, 52.5421279], [10.3256639, 52.5417557], [10.3257267, 52.5416425], [10.3257967, 52.5413403], [10.3258319, 52.5408228], [10.3256695, 52.5400686], [10.3257422, 52.5396951], [10.3259562, 52.5392987], [10.3268635, 52.5395933], [10.3279232, 52.5386664], [10.3289956, 52.5374945], [10.3291429, 52.5373355], [10.3281676, 52.5374699], [10.3281231, 52.5373583], [10.3285762, 52.5372401], [10.3278261, 52.5362802], [10.3277647, 52.5359528], [10.3278267, 52.5355534], [10.3278309, 52.5355263], [10.3278428, 52.5355041], [10.3279442, 52.535315], [10.3280136, 52.5352358], [10.3282338, 52.5349846], [10.3284126, 52.5348461], [10.3285886, 52.5346721], [10.3290633, 52.5344473], [10.329853, 52.5342653], [10.3299033, 52.5342537], [10.3299325, 52.5342229], [10.3301269, 52.5340027], [10.3305514, 52.5340957], [10.3309862, 52.5341569], [10.3349415, 52.5341219], [10.3351673, 52.5331206], [10.335627, 52.53174], [10.3357506, 52.5315634], [10.3359847, 52.5311566], [10.3368442, 52.5309155], [10.3376724, 52.5308208], [10.3377452, 52.5310846], [10.338496, 52.5309813], [10.3387123, 52.5310772], [10.3388695, 52.5312133], [10.3398853, 52.5321008], [10.3410156, 52.5329883], [10.3431299, 52.5321773], [10.3440034, 52.5319344], [10.3434225, 52.5315103], [10.3431951, 52.5313341], [10.3429644, 52.5310995], [10.3427573, 52.5307926], [10.3453643, 52.5300691], [10.3456521, 52.5298341], [10.346139, 52.529603], [10.3468996, 52.5294542], [10.3471408, 52.5297096], [10.3476499, 52.5298034], [10.3481576, 52.5296123], [10.3509339, 52.5281664], [10.351423, 52.5278369], [10.3516305, 52.5277059], [10.3517382, 52.527796], [10.3519437, 52.5278673], [10.3520919, 52.5278939], [10.3525045, 52.5279715], [10.3527055, 52.5280001], [10.3532218, 52.528028], [10.3533622, 52.5280066], [10.3536331, 52.5279908], [10.3536598, 52.5275919], [10.3540283, 52.5274953], [10.3538604, 52.5272258], [10.3531513, 52.5273511], [10.3528619, 52.526811], [10.3531983, 52.5263812], [10.3540033, 52.5256983], [10.3548371, 52.5253861], [10.3562111, 52.5253209], [10.3562785, 52.5250418], [10.3570346, 52.5251273], [10.35764, 52.5251711], [10.3592956, 52.5252411], [10.3600063, 52.5250902], [10.3607981, 52.524484], [10.3611691, 52.5240163], [10.3614347, 52.5236224], [10.3619629, 52.5231018], [10.3625194, 52.5224611], [10.3626712, 52.522313], [10.3629398, 52.5222104], [10.3640501, 52.5219666], [10.3648188, 52.5219038], [10.3653722, 52.5217437], [10.3658712, 52.5214893], [10.366068, 52.5214311], [10.3666046, 52.5213268], [10.3673645, 52.5213433], [10.3680585, 52.5212607], [10.3687759, 52.5210968], [10.3695267, 52.5208093], [10.3700615, 52.5205789], [10.3706151, 52.5205015], [10.370947, 52.5204751], [10.3710889, 52.5204761], [10.3725076, 52.5204531], [10.3729323, 52.5203604], [10.3731712, 52.5202599], [10.3733976, 52.5201189], [10.3736867, 52.519836], [10.3738673, 52.519504], [10.3739547, 52.5193391], [10.3761401, 52.51876], [10.376443, 52.5186321], [10.3774492, 52.518143], [10.3776921, 52.5180136], [10.3778105, 52.517859], [10.3787322, 52.5168675], [10.3799249, 52.5155376], [10.3802311, 52.5152113], [10.3815057, 52.5148491], [10.3819448, 52.5147098], [10.382167, 52.5146018], [10.3826337, 52.5143303], [10.3858059, 52.5118455], [10.3867455, 52.5114791], [10.3874673, 52.5125492], [10.3883515, 52.5123941], [10.3889719, 52.5115567], [10.3891485, 52.5106335], [10.3914644, 52.5098249], [10.3948727, 52.508681], [10.3957093, 52.5089224], [10.3971113, 52.5089157], [10.3986984, 52.5087839], [10.4002232, 52.5095969], [10.4006498, 52.5105994], [10.4018226, 52.5105888], [10.4023023, 52.5102258], [10.4035409, 52.5097562], [10.4048878, 52.5091732], [10.4079075, 52.5083681], [10.4082196, 52.5084257], [10.4097771, 52.5091478], [10.4096233, 52.5094125], [10.4107726, 52.5096703], [10.410585, 52.5100502], [10.4118426, 52.5100002], [10.4118007, 52.5096002], [10.4124089, 52.5095469], [10.4124166, 52.5099921], [10.4142215, 52.5099665], [10.4182369, 52.509892], [10.4232405, 52.5097879], [10.4252229, 52.509382], [10.4268195, 52.5092513], [10.4287491, 52.5091386], [10.4296386, 52.5090127], [10.4304416, 52.5089499], [10.4340424, 52.5090625], [10.4348409, 52.5090423], [10.4363263, 52.5092285], [10.4389842, 52.5095632], [10.4401767, 52.5096659], [10.4391492, 52.5076015], [10.4477464, 52.5076334], [10.4516811, 52.5092377], [10.4517886, 52.5092846], [10.4518554, 52.5092128], [10.4519685, 52.5090272], [10.4531472, 52.5072954], [10.4534603, 52.5068501], [10.4550603, 52.5042919], [10.4565716, 52.5042048], [10.457013, 52.5041758], [10.4568705, 52.5039994], [10.4565611, 52.5035525], [10.4546288, 52.500779], [10.4509683, 52.5006843], [10.4483881, 52.50024], [10.4484237, 52.5000918], [10.4435448, 52.4991581], [10.4439684, 52.498638], [10.4447969, 52.4977199], [10.4469429, 52.496907], [10.4471202, 52.4961174], [10.4480596, 52.4959153], [10.4495932, 52.4956478], [10.4520465, 52.495047], [10.4532406, 52.4944565], [10.4542179, 52.4941073], [10.4556426, 52.4940287], [10.4566289, 52.493967], [10.4578297, 52.4943407], [10.4590708, 52.4949607], [10.459537, 52.4948456], [10.461208, 52.4943688], [10.4634838, 52.4940438], [10.4652419, 52.4936726], [10.4686896, 52.493288], [10.4701345, 52.4928085], [10.4715159, 52.4923173], [10.4713543, 52.4921396], [10.472058, 52.4918675], [10.4715282, 52.4912171], [10.4711501, 52.491063], [10.471118, 52.49092], [10.4712829, 52.4909048], [10.4715757, 52.490408], [10.4717528, 52.4903096], [10.4720053, 52.4901965], [10.4726942, 52.4901391], [10.472706, 52.4902818], [10.4734148, 52.4902941], [10.4735387, 52.4898777], [10.473797, 52.4897107], [10.4741096, 52.489555], [10.4741804, 52.4893966], [10.4743361, 52.4889867], [10.4740804, 52.4887858], [10.4743816, 52.4883532], [10.4747064, 52.4881593], [10.4749038, 52.4880488], [10.4749283, 52.4879668], [10.4741905, 52.4868404], [10.4738887, 52.4864253], [10.4736703, 52.4860348], [10.4732134, 52.4851192], [10.473109, 52.4849239], [10.4725212, 52.4837976], [10.4724115, 52.4835194], [10.4722546, 52.4831756], [10.4722589, 52.4829633], [10.4723207, 52.4827538], [10.4726759, 52.4816858], [10.4727604, 52.4813705], [10.4729328, 52.4811418], [10.4731597, 52.4809357], [10.4733089, 52.4808349], [10.473955, 52.4801688], [10.4746304, 52.4789444], [10.475681, 52.4786978], [10.4780441, 52.4809734], [10.4844802, 52.4819342], [10.4875549, 52.4823575], [10.4911668, 52.4824801], [10.4914792, 52.482482], [10.49457, 52.4824982], [10.4951308, 52.4845357], [10.4983605, 52.4849509], [10.5024567, 52.4854959], [10.5023554, 52.4843116], [10.5029541, 52.4843159], [10.5037156, 52.4841251], [10.5039976, 52.4847648], [10.504782, 52.4847083], [10.5053914, 52.4845527], [10.5061963, 52.4842578], [10.506187, 52.4841938], [10.5061496, 52.4841232], [10.5059033, 52.4838587], [10.5057506, 52.4836878], [10.5055372, 52.4835781], [10.5051262, 52.4834183], [10.5047583, 52.4832736], [10.5046351, 52.4831579], [10.5041596, 52.4827439], [10.5037583, 52.4824388], [10.5025017, 52.4813748], [10.5014641, 52.4804773], [10.5018387, 52.4798221], [10.5054855, 52.4795831], [10.5094493, 52.4793348], [10.5098152, 52.4795949], [10.5100532, 52.4797769], [10.5109257, 52.4797027], [10.5131198, 52.4792203], [10.5137265, 52.4791486], [10.5151499, 52.479236], [10.515154, 52.4796583], [10.5169575, 52.4809197], [10.5176467, 52.4812298], [10.518331, 52.4811592], [10.5190493, 52.4810107], [10.5194938, 52.4809769], [10.5200782, 52.4809861], [10.5220825, 52.4811834], [10.5223225, 52.480832], [10.5228338, 52.4810854], [10.5227715, 52.4812004], [10.5233137, 52.4814342], [10.5243738, 52.481993], [10.5248474, 52.4822443], [10.5251544, 52.4824973], [10.5260226, 52.4823758], [10.5255905, 52.4804586], [10.5254486, 52.479935], [10.5253747, 52.4797015], [10.5258133, 52.4796654], [10.502654, 52.4686326]]]}}, {"type": "Feature", "properties": {"name": "Allertal", "stufe": "streng", "art": "Naturschutzgebiet"}, "geometry": {"type": "Polygon", "coordinates": [[[10.5257482, 52.4794311], [10.5253469, 52.4794424], [10.5249626, 52.4777131], [10.5227147, 52.4773061], [10.5221917, 52.4771548], [10.521497, 52.4768401], [10.5207668, 52.4765091], [10.5204597, 52.476246], [10.5201043, 52.4756696], [10.5198973, 52.4750428], [10.519625, 52.4744434], [10.5194735, 52.4739007], [10.5194578, 52.4733871], [10.5193751, 52.4730836], [10.5194697, 52.4728235], [10.5198269, 52.4726551], [10.5198988, 52.4726024], [10.5202229, 52.4723192], [10.5204551, 52.4719763], [10.5205329, 52.4716762], [10.5206612, 52.4710298], [10.5191206, 52.4709964], [10.518536, 52.4708647], [10.51808, 52.4707111], [10.5176096, 52.4704103], [10.5173906, 52.4702565], [10.5172482, 52.4700966], [10.5172186, 52.4698022], [10.513529, 52.4696172], [10.5123208, 52.4696243], [10.510697, 52.4694675], [10.5100041, 52.4691643], [10.509474, 52.4689417], [10.5088609, 52.4686662], [10.5083592, 52.4684692], [10.5081418, 52.4683511], [10.5078123, 52.4682278], [10.5068882, 52.4678954], [10.5064705, 52.467772], [10.5061224, 52.4676455], [10.5058408, 52.4675045], [10.5056607, 52.4673074], [10.5053087, 52.4672694], [10.5047519, 52.4676639], [10.5043136, 52.4680068], [10.5041449, 52.4681157], [10.5036761, 52.4683108], [10.5034642, 52.4684936], [10.5032377, 52.4686053], [10.5031702, 52.4684867], [10.5028175, 52.4686177], [10.502654, 52.4686326], [10.5257482, 52.4794311]]]}}, {"type": "Feature", "properties": {"name": "Okeraue zwischen Meinersen und Müden (Aller)", "stufe": "streng", "art": "Naturschutzgebiet"}, "geometry": {"type": "Polygon", "coordinates": [[[10.3623808, 52.520817], [10.3639842, 52.5201765], [10.3662507, 52.5192655], [10.3664905, 52.5191532], [10.3672034, 52.5186493], [10.3667555, 52.5184361], [10.3665062, 52.5182796], [10.3662196, 52.518049], [10.3660238, 52.5177785], [10.3643235, 52.5172222], [10.3639221, 52.5178263], [10.3638364, 52.5184283], [10.3637875, 52.5185903], [10.3629958, 52.5189613], [10.3627951, 52.5189551], [10.3609487, 52.5182632], [10.360143, 52.5179809], [10.3593331, 52.5176925], [10.3591669, 52.5175446], [10.3587851, 52.517048], [10.3581829, 52.5154715], [10.3589388, 52.515031], [10.3592041, 52.5147338], [10.3593648, 52.5144171], [10.3596189, 52.5133478], [10.3600291, 52.5119059], [10.3602615, 52.5116907], [10.3606675, 52.5108432], [10.3610838, 52.5094872], [10.3598923, 52.5093288], [10.3594845, 52.5092683], [10.3593885, 52.5091974], [10.3591, 52.5087206], [10.3590203, 52.5085555], [10.3586355, 52.5068614], [10.3586356, 52.5065428], [10.3587159, 52.506239], [10.3588596, 52.5057676], [10.3607185, 52.5057869], [10.3615835, 52.5007038], [10.3618792, 52.4991306], [10.3619687, 52.4979307], [10.3620754, 52.4969089], [10.3620848, 52.4968191], [10.3600901, 52.496712], [10.3588265, 52.4966448], [10.3587824, 52.4965416], [10.35872, 52.4963952], [10.3580304, 52.4949897], [10.3592062, 52.4925386], [10.3592117, 52.4925387], [10.36104, 52.4925518], [10.3611754, 52.491969], [10.3615548, 52.4911626], [10.3616872, 52.4908812], [10.3616633, 52.4907936], [10.3612302, 52.4907022], [10.3612103, 52.490022], [10.361056, 52.4898208], [10.3607291, 52.4896138], [10.3600007, 52.4894338], [10.3595813, 52.4893959], [10.3588556, 52.4894449], [10.3587367, 52.4888715], [10.3583762, 52.4867242], [10.3581999, 52.4857831], [10.3580984, 52.4851143], [10.3579299, 52.4844001], [10.3579167, 52.4843167], [10.3577066, 52.4831028], [10.3575849, 52.4824172], [10.3574936, 52.4817137], [10.3566808, 52.4817097], [10.3565174, 52.4808089], [10.3527353, 52.4808114], [10.3506854, 52.4808025], [10.3504275, 52.4808035], [10.3493719, 52.4808236], [10.349225, 52.4808211], [10.3492002, 52.4806754], [10.349167, 52.4803325], [10.3488148, 52.4793176], [10.3482863, 52.4778658], [10.348019, 52.4772291], [10.3479784, 52.4765556], [10.3479064, 52.4765379], [10.3478421, 52.4763714], [10.3477602, 52.476221], [10.3475387, 52.4759566], [10.3474995, 52.4758404], [10.3474583, 52.4755413], [10.3476432, 52.4752068], [10.3478089, 52.4749204], [10.3479859, 52.4745587], [10.3480874, 52.4743668], [10.3480789, 52.4741501], [10.3480564, 52.4738554], [10.3479673, 52.4735733], [10.3467729, 52.4735805], [10.3462911, 52.4735533], [10.3460455, 52.4738908], [10.3458873, 52.474139], [10.3459431, 52.474329], [10.3460712, 52.4744434], [10.3461814, 52.4746509], [10.3461781, 52.4748365], [10.3461052, 52.4751636], [10.3459781, 52.4752163], [10.3460253, 52.475351], [10.3457626, 52.4755567], [10.3457407, 52.4756773], [10.3457582, 52.4758234], [10.3458915, 52.4759102], [10.3461617, 52.4760416], [10.3469757, 52.4764323], [10.3469495, 52.4765537], [10.3462593, 52.4766935], [10.346202, 52.4767051], [10.3456593, 52.4768529], [10.3449619, 52.4769914], [10.344016, 52.4771302], [10.3436683, 52.4765909], [10.3429939, 52.4769327], [10.3421484, 52.4774106], [10.3419289, 52.4775683], [10.3424556, 52.4776616], [10.3429826, 52.4777612], [10.3433287, 52.4779428], [10.342922, 52.4782224], [10.3429644, 52.4786024], [10.3433219, 52.4790304], [10.3437092, 52.4795857], [10.3440757, 52.4800357], [10.3441156, 52.4803336], [10.3444783, 52.4823353], [10.3445957, 52.4827535], [10.3448011, 52.4833822], [10.3453064, 52.4838301], [10.3454456, 52.484093], [10.3457338, 52.4843535], [10.3462402, 52.4847259], [10.3464626, 52.4849559], [10.3466849, 52.485091], [10.3471789, 52.4853182], [10.3485522, 52.4859091], [10.3498369, 52.4864266], [10.3505245, 52.4867089], [10.3513053, 52.4869863], [10.3518928, 52.4872255], [10.3521474, 52.4874178], [10.3523598, 52.4875996], [10.3529761, 52.4881775], [10.3530571, 52.4887285], [10.353176, 52.4891354], [10.3534004, 52.4897576], [10.3535676, 52.4902092], [10.3538147, 52.4908172], [10.3543886, 52.4916208], [10.3552398, 52.4927948], [10.3561138, 52.4940243], [10.3567751, 52.4963216], [10.357041, 52.4974693], [10.3573656, 52.4987718], [10.3567187, 52.5001078], [10.3545589, 52.5004115], [10.3551049, 52.5015559], [10.3556339, 52.5026927], [10.3558727, 52.5031811], [10.352141, 52.5033207], [10.3507682, 52.5039992], [10.3511762, 52.5048745], [10.3511552, 52.5050552], [10.3510589, 52.5056037], [10.3504078, 52.5084848], [10.3501231, 52.5095837], [10.3501067, 52.509893], [10.3501713, 52.5108652], [10.3502327, 52.5119497], [10.350467, 52.5150845], [10.35053, 52.5171378], [10.3506106, 52.5172626], [10.3521512, 52.5183495], [10.358043, 52.5226328], [10.3583562, 52.5228883], [10.3586992, 52.5226526], [10.3590098, 52.5224684], [10.3595131, 52.5221476], [10.3597886, 52.5219893], [10.3602009, 52.5218706], [10.3605939, 52.5217838], [10.3608078, 52.5214416], [10.3609999, 52.5213681], [10.3623808, 52.520817]]]}}, {"type": "Feature", "properties": {"name": "Mittleres Innerstetal mit Kanstein", "stufe": "streng", "art": "Naturschutzgebiet"}, "geometry": {"type": "Polygon", "coordinates": [[[10.1774163, 52.1044534], [10.178155, 52.1041983], [10.1782311, 52.1042487], [10.1785558, 52.1041232], [10.1794782, 52.1037419], [10.1799228, 52.1035779], [10.1803529, 52.1034131], [10.1808352, 52.1032335], [10.1813881, 52.1030413], [10.1818359, 52.1028997], [10.1823351, 52.1027497], [10.1832312, 52.1024344], [10.1842207, 52.1021211], [10.1850307, 52.1018618], [10.1859352, 52.1016415], [10.1863939, 52.101537], [10.1867234, 52.1014991], [10.1870907, 52.1014762], [10.1873282, 52.1014969], [10.1897676, 52.1018217], [10.1898711, 52.101927], [10.1901479, 52.1019184], [10.1909142, 52.1019377], [10.1912351, 52.1019014], [10.191546, 52.1018532], [10.1920704, 52.1017485], [10.1928874, 52.1015214], [10.1933164, 52.1013483], [10.1936132, 52.1011184], [10.1937966, 52.1009828], [10.1938756, 52.1009316], [10.193996, 52.1008535], [10.1946504, 52.1003432], [10.1949167, 52.1001716], [10.1955976, 52.0998251], [10.1957503, 52.0999318], [10.195915, 52.0998305], [10.1963527, 52.0996038], [10.1967575, 52.0994194], [10.1970749, 52.099251], [10.1972501, 52.0991147], [10.1972936, 52.0990808], [10.1973273, 52.0990169], [10.1976488, 52.0988568], [10.1982762, 52.0985604], [10.1980696, 52.0984201], [10.1982603, 52.0983887], [10.1985915, 52.0982379], [10.1989451, 52.0980307], [10.1993566, 52.0978348], [10.2004761, 52.0973291], [10.2008358, 52.0971691], [10.2019945, 52.0966222], [10.2020696, 52.0965683], [10.2021077, 52.0965191], [10.2022117, 52.0960692], [10.2022957, 52.0958006], [10.202518, 52.0955561], [10.2027074, 52.0953311], [10.2029881, 52.0950803], [10.2033106, 52.0948858], [10.2037413, 52.0946573], [10.2045883, 52.094146], [10.205021, 52.093929], [10.2051958, 52.0938291], [10.2065749, 52.0934298], [10.20632, 52.0930545], [10.206812, 52.0929295], [10.2070848, 52.0928433], [10.2073285, 52.0927756], [10.2074131, 52.0927721], [10.2075569, 52.0928069], [10.2077743, 52.0928232], [10.2080282, 52.092806], [10.2082957, 52.0927065], [10.2084449, 52.0926469], [10.2085242, 52.0926224], [10.2085887, 52.092651], [10.208555, 52.0927189], [10.2099858, 52.0923248], [10.2096304, 52.0920898], [10.2095265, 52.0920822], [10.2093521, 52.0920811], [10.2094803, 52.0919433], [10.2096554, 52.0917934], [10.2098952, 52.0915994], [10.2100977, 52.0914202], [10.2102724, 52.09132], [10.2104768, 52.0912191], [10.2107279, 52.0911137], [10.2108868, 52.0910585], [10.2111911, 52.0909484], [10.2113437, 52.0909056], [10.2114828, 52.0908631], [10.2116367, 52.0908228], [10.211585, 52.0907744], [10.2117829, 52.0907185], [10.2118344, 52.0907673], [10.2121867, 52.0906739], [10.2126829, 52.0904928], [10.2128118, 52.0904421], [10.2128149, 52.0906559], [10.2127278, 52.0908906], [10.2131463, 52.0913769], [10.2139019, 52.0913142], [10.2139171, 52.0905601], [10.216112, 52.0890447], [10.2163042, 52.0891004], [10.2170478, 52.0885988], [10.2177835, 52.0881357], [10.2185224, 52.0876704], [10.2202429, 52.0880766], [10.2203373, 52.0881086], [10.2205772, 52.0880855], [10.2207032, 52.0880471], [10.2209088, 52.0880409], [10.221383, 52.0878291], [10.2218029, 52.0876294], [10.2229592, 52.0873308], [10.2235159, 52.087664], [10.223861, 52.0879567], [10.223924, 52.088059], [10.2241831, 52.0882497], [10.2246876, 52.0885763], [10.2247761, 52.0885967], [10.2249043, 52.0886324], [10.2250447, 52.0886894], [10.2251077, 52.0887101], [10.2251745, 52.0887219], [10.2252355, 52.0887316], [10.2253257, 52.0887321], [10.2255359, 52.0887199], [10.2260205, 52.0886793], [10.2262606, 52.0886303], [10.2262954, 52.0886044], [10.2262725, 52.0885883], [10.2262306, 52.0885802], [10.2260913, 52.0885617], [10.2259564, 52.0885332], [10.2258791, 52.0884998], [10.2258015, 52.0884457], [10.2257539, 52.0884042], [10.2256756, 52.0883527], [10.2259002, 52.0883179], [10.2261254, 52.0883086], [10.2264868, 52.0883303], [10.2267087, 52.088335], [10.2269757, 52.0883415], [10.2272836, 52.0883455], [10.2274727, 52.0883455], [10.2276227, 52.0883324], [10.2278246, 52.0882932], [10.2280403, 52.0882123], [10.2282166, 52.088122], [10.2284739, 52.087974], [10.2285944, 52.0878893], [10.2287566, 52.0877742], [10.229129, 52.0875098], [10.2294674, 52.0872447], [10.2295222, 52.0871862], [10.2295966, 52.08716], [10.2301055, 52.0869394], [10.2304558, 52.086779], [10.2309132, 52.0866029], [10.2312389, 52.0864189], [10.2314237, 52.0863058], [10.2317382, 52.0861083], [10.2316275, 52.0859119], [10.2314711, 52.0856913], [10.231309, 52.085625], [10.2312039, 52.0856292], [10.2310929, 52.0856026], [10.2308857, 52.0855399], [10.2307743, 52.0854979], [10.2306696, 52.0855175], [10.2306055, 52.0855552], [10.230389, 52.0856995], [10.230094, 52.0859032], [10.2299265, 52.0860099], [10.2298179, 52.0860666], [10.2298403, 52.0861017], [10.2293002, 52.0862665], [10.2292279, 52.0862973], [10.2284179, 52.0866234], [10.2283877, 52.0865809], [10.2283292, 52.0865149], [10.228167, 52.0865745], [10.2280251, 52.0866082], [10.2277474, 52.0866212], [10.2274989, 52.086597], [10.227331, 52.0865721], [10.2272333, 52.0865402], [10.2271189, 52.0864696], [10.2269962, 52.0863868], [10.2268626, 52.0863021], [10.2267389, 52.0862336], [10.2264868, 52.0861534], [10.2262061, 52.0860838], [10.226025, 52.0860323], [10.2258133, 52.0859925], [10.2256407, 52.0859632], [10.2254813, 52.0859564], [10.2254015, 52.0859504], [10.2252697, 52.0859535], [10.2251367, 52.0859461], [10.2247409, 52.0859693], [10.2242762, 52.0859703], [10.2236503, 52.0859615], [10.2231668, 52.0859513], [10.2226271, 52.0859264], [10.2223573, 52.0859826], [10.2218664, 52.0859304], [10.221307, 52.0858637], [10.2207723, 52.0857929], [10.2202185, 52.085762], [10.2196564, 52.0857678], [10.2188997, 52.0857928], [10.2176824, 52.0858283], [10.216266, 52.0858572], [10.2161413, 52.0858843], [10.2160126, 52.0859371], [10.2157773, 52.0858279], [10.2154259, 52.0857914], [10.2138159, 52.0858233], [10.2129, 52.0858582], [10.2124787, 52.0858574], [10.2121899, 52.0858706], [10.2116736, 52.0858933], [10.2115937, 52.0859004], [10.2115638, 52.0859126], [10.2115513, 52.0860582], [10.2115541, 52.0861648], [10.2115548, 52.0862917], [10.2115915, 52.0865282], [10.2116019, 52.0866093], [10.2116206, 52.086692], [10.211642, 52.086773], [10.2116655, 52.0868286], [10.2116916, 52.0868774], [10.2117172, 52.0869126], [10.2117566, 52.0869477], [10.2117931, 52.0869761], [10.2118323, 52.0870045], [10.211655, 52.0870503], [10.2111158, 52.0871168], [10.2103164, 52.087213], [10.2097251, 52.087285], [10.2094458, 52.087315], [10.2092159, 52.0873461], [10.2090489, 52.0873647], [10.2089834, 52.0873806], [10.2089264, 52.0874049], [10.2087737, 52.0872517], [10.208723, 52.0871814], [10.2085649, 52.0870027], [10.208478, 52.0868846], [10.2082835, 52.0866483], [10.2081493, 52.0864544], [10.2081321, 52.0863343], [10.2081523, 52.0863083], [10.208036, 52.0862686], [10.2079646, 52.086271], [10.2077011, 52.0862771], [10.2070156, 52.0863014], [10.206543, 52.086311], [10.2058323, 52.0863318], [10.2055312, 52.0863362], [10.2056583, 52.086395], [10.2060437, 52.0865943], [10.2061344, 52.0866478], [10.2061813, 52.0866988], [10.2062685, 52.0868296], [10.2062885, 52.0870535], [10.2063485, 52.0878987], [10.2064401, 52.0880238], [10.206519, 52.0881927], [10.2066007, 52.0893236], [10.2066384, 52.0896873], [10.2066707, 52.0898523], [10.2068208, 52.0899881], [10.206891, 52.0900067], [10.2069745, 52.0900016], [10.2078642, 52.0899367], [10.2092167, 52.0898433], [10.2102604, 52.0897725], [10.2104201, 52.0897946], [10.2105824, 52.0898387], [10.2108094, 52.0899853], [10.2110275, 52.0901725], [10.2112024, 52.0902517], [10.2113612, 52.0903415], [10.2111831, 52.0904201], [10.2110862, 52.0903688], [10.2101488, 52.090826], [10.2097299, 52.091022], [10.2094022, 52.0911865], [10.2085745, 52.0915823], [10.2080708, 52.0918367], [10.2066047, 52.0925383], [10.2053508, 52.0931418], [10.2051583, 52.0930459], [10.2046348, 52.0932468], [10.204171, 52.0933709], [10.2038103, 52.0934582], [10.2034868, 52.0935538], [10.2033583, 52.093607], [10.2017352, 52.0947262], [10.201589, 52.0948486], [10.2015434, 52.0948893], [10.2011714, 52.0956429], [10.201243, 52.0956573], [10.2011685, 52.0958623], [10.2010793, 52.0960862], [10.2010188, 52.0961648], [10.2009835, 52.096258], [10.2007597, 52.0963569], [10.1991037, 52.0969528], [10.1975079, 52.0974742], [10.1975939, 52.0975394], [10.197374, 52.0976072], [10.1968529, 52.0977991], [10.1968492, 52.0978449], [10.1965489, 52.0979243], [10.1961161, 52.0980539], [10.1965615, 52.0985807], [10.1963642, 52.0986202], [10.1951177, 52.0989138], [10.1947038, 52.0982676], [10.1936845, 52.0985283], [10.1928118, 52.0987114], [10.191192, 52.0990814], [10.1899785, 52.0993645], [10.1858558, 52.1003179], [10.1858123, 52.1003523], [10.1846477, 52.1007033], [10.1833745, 52.1010892], [10.1821996, 52.1014763], [10.1820858, 52.1009137], [10.1814238, 52.1009509], [10.1819443, 52.101552], [10.1797315, 52.1022592], [10.1786137, 52.1026147], [10.1771758, 52.1030648], [10.1765491, 52.1031664], [10.1768348, 52.1046779], [10.1771598, 52.1045465], [10.1774163, 52.1044534]]]}}, {"type": "Feature", "properties": {"name": "Mittleres Innerstetal mit Kanstein", "stufe": "streng", "art": "Naturschutzgebiet"}, "geometry": {"type": "Polygon", "coordinates": [[[10.1433111, 52.0985759], [10.1433175, 52.0984921], [10.1421512, 52.0984108], [10.1390304, 52.0985015], [10.1371948, 52.0987941], [10.1370013, 52.0985006], [10.1375813, 52.0983332], [10.139772, 52.0976906], [10.1395685, 52.0974003], [10.140118, 52.0972064], [10.1402836, 52.0962039], [10.1407976, 52.0955237], [10.1388746, 52.0936487], [10.1375742, 52.0939999], [10.1368283, 52.0943119], [10.1365252, 52.0944792], [10.1363196, 52.0946361], [10.1354643, 52.0950159], [10.1350429, 52.0951856], [10.1349092, 52.0952636], [10.1347686, 52.0953966], [10.1344751, 52.0957697], [10.1342238, 52.0959311], [10.1339622, 52.0960952], [10.1336639, 52.0961955], [10.1333727, 52.0962506], [10.1330946, 52.0963081], [10.1326825, 52.0963671], [10.132345, 52.096375], [10.1320549, 52.0964065], [10.131716, 52.0964566], [10.1315577, 52.0964936], [10.1314746, 52.0965348], [10.1313833, 52.096618], [10.1313096, 52.0967705], [10.1312238, 52.0968392], [10.1310012, 52.0968257], [10.1307326, 52.0968278], [10.1300503, 52.0969995], [10.1294581, 52.0972315], [10.1286283, 52.0976782], [10.1278885, 52.098087], [10.1272007, 52.0985165], [10.1268078, 52.0986897], [10.1265055, 52.0987621], [10.1248244, 52.0992295], [10.1248559, 52.0994065], [10.1247097, 52.0997485], [10.1246594, 52.099866], [10.1240198, 52.1013619], [10.1231035, 52.1017069], [10.1220716, 52.1019368], [10.1204876, 52.1020756], [10.1192568, 52.1021978], [10.1180888, 52.1020848], [10.1172136, 52.1020443], [10.1157776, 52.1018752], [10.1127607, 52.1014912], [10.1129501, 52.1011156], [10.1154212, 52.1009198], [10.1169237, 52.1008035], [10.1180378, 52.1007392], [10.1193765, 52.1006459], [10.1233368, 52.1003267], [10.1237519, 52.1002168], [10.1240357, 52.1000154], [10.1240759, 52.0998508], [10.1241105, 52.0997088], [10.1246719, 52.0994122], [10.1246535, 52.0992564], [10.1244079, 52.0993257], [10.1241866, 52.0994349], [10.1238547, 52.0996698], [10.1236762, 52.0998172], [10.1236292, 52.0998921], [10.1235279, 52.0999775], [10.1231676, 52.100057], [10.1217569, 52.1001285], [10.1207323, 52.1002037], [10.1192486, 52.1002997], [10.1173221, 52.1004528], [10.1165634, 52.1005036], [10.1149563, 52.1006876], [10.1137215, 52.1007939], [10.1127855, 52.1007376], [10.111306, 52.1009921], [10.1101408, 52.1011226], [10.1091818, 52.1011467], [10.1069367, 52.1010142], [10.1031493, 52.1006213], [10.1004706, 52.1007488], [10.0995669, 52.1007917], [10.0981878, 52.1007438], [10.0975318, 52.1006458], [10.0946509, 52.1002044], [10.0934277, 52.0999898], [10.0913808, 52.0996048], [10.0896702, 52.0992951], [10.0889582, 52.0992205], [10.0881459, 52.099122], [10.0870798, 52.0990253], [10.0862155, 52.0988956], [10.0844502, 52.0985295], [10.0819833, 52.0978475], [10.0813079, 52.0977707], [10.0804682, 52.0976992], [10.0788146, 52.0974271], [10.0785579, 52.0973531], [10.0771935, 52.0967968], [10.0765991, 52.0966715], [10.0757916, 52.0966301], [10.0741502, 52.0964154], [10.0729894, 52.0961461], [10.0716035, 52.0957334], [10.0711055, 52.0955577], [10.0709, 52.0954824], [10.0707252, 52.0954198], [10.0702395, 52.0952458], [10.0695156, 52.0950545], [10.0682863, 52.094935], [10.0671755, 52.0949624], [10.066532, 52.0950497], [10.0660036, 52.0951136], [10.0646607, 52.0952824], [10.0633029, 52.09557], [10.0600449, 52.0965144], [10.0591477, 52.0967902], [10.0586669, 52.0968887], [10.0569361, 52.0971132], [10.0555634, 52.0972132], [10.0549087, 52.0971061], [10.0536814, 52.0969222], [10.0520348, 52.0966502], [10.0512012, 52.0965692], [10.0495621, 52.0966816], [10.0485715, 52.0967657], [10.0475646, 52.096821], [10.0463289, 52.0968181], [10.0456432, 52.096679], [10.0448632, 52.0965821], [10.0432082, 52.0965649], [10.0423639, 52.0965747], [10.0416506, 52.0965115], [10.040764, 52.0963574], [10.0402155, 52.0964257], [10.0390775, 52.0968624], [10.0382277, 52.0970576], [10.037112, 52.0974134], [10.0360574, 52.0975078], [10.0361794, 52.0968501], [10.0362042, 52.0962551], [10.0358151, 52.0962322], [10.0357721, 52.0970501], [10.0356094, 52.097478], [10.0355422, 52.0975984], [10.0351195, 52.0978743], [10.0342476, 52.0981723], [10.0333286, 52.0984577], [10.032479, 52.0986196], [10.0316225, 52.0988065], [10.030614, 52.0990724], [10.0299177, 52.0993076], [10.0293186, 52.0995298], [10.0286515, 52.0998623], [10.0281693, 52.1003495], [10.0278272, 52.1006774], [10.0287065, 52.1009519], [10.0289259, 52.1006151], [10.0292533, 52.1000747], [10.0305692, 52.0995616], [10.0318777, 52.0992469], [10.032004, 52.0998583], [10.0334174, 52.0999221], [10.0336799, 52.0990128], [10.0338871, 52.098948], [10.0344196, 52.0989229], [10.0355362, 52.098858], [10.0365933, 52.098561], [10.0373832, 52.0984769], [10.0375678, 52.0981106], [10.0385173, 52.0981544], [10.0384915, 52.0986262], [10.0391224, 52.0985197], [10.0399776, 52.0982661], [10.0403256, 52.0981424], [10.0431659, 52.097627], [10.0450596, 52.0972921], [10.0468586, 52.0975067], [10.0483806, 52.098062], [10.0496185, 52.0979001], [10.0528844, 52.0979552], [10.0533101, 52.0977161], [10.0550857, 52.0978505], [10.0554878, 52.0987834], [10.0588003, 52.0986305], [10.0588513, 52.0974775], [10.0595624, 52.0974169], [10.060214, 52.0970504], [10.0625744, 52.0963523], [10.0630417, 52.0961898], [10.0644718, 52.0959127], [10.0656418, 52.0957457], [10.0667911, 52.0957298], [10.0691026, 52.0955252], [10.0709054, 52.096016], [10.0741235, 52.0970583], [10.0757627, 52.0973748], [10.0796731, 52.0980136], [10.0817861, 52.098236], [10.082525, 52.0984705], [10.0840956, 52.0990328], [10.0847881, 52.0992979], [10.0855743, 52.0994683], [10.086362, 52.09954], [10.0873424, 52.0995918], [10.0882023, 52.0995355], [10.0895834, 52.0998224], [10.0915482, 52.1001886], [10.0931903, 52.1004678], [10.0949638, 52.1007336], [10.0974659, 52.1011086], [10.0987049, 52.1012238], [10.1000288, 52.1012736], [10.1012109, 52.1012846], [10.1022532, 52.1012684], [10.1035291, 52.1012537], [10.1046022, 52.1013457], [10.1057387, 52.1014158], [10.1069168, 52.1014958], [10.1083166, 52.1015554], [10.1090358, 52.1015897], [10.1100953, 52.1016311], [10.1109005, 52.1015826], [10.1114318, 52.1016528], [10.1120506, 52.1018229], [10.1127248, 52.1019613], [10.1135773, 52.1020872], [10.114634, 52.1022458], [10.1157212, 52.1024626], [10.1160819, 52.1024896], [10.1182731, 52.1025793], [10.119243, 52.1026151], [10.1199104, 52.10274], [10.120386, 52.1030372], [10.1220556, 52.1030294], [10.1232363, 52.1029636], [10.1240494, 52.1030523], [10.1245168, 52.1028409], [10.1248794, 52.1027168], [10.12554, 52.1026079], [10.126355, 52.102596], [10.1277441, 52.1028732], [10.1287154, 52.1031176], [10.1291687, 52.1031596], [10.1299722, 52.1030646], [10.1308638, 52.102837], [10.1312421, 52.1026528], [10.1317788, 52.1023643], [10.1324245, 52.1018661], [10.133529, 52.1010627], [10.1339725, 52.1007172], [10.1344791, 52.1002526], [10.1346901, 52.1000637], [10.136054, 52.0996499], [10.1367084, 52.0995707], [10.1374691, 52.0994385], [10.1430069, 52.0992273], [10.1444211, 52.0991685], [10.1469878, 52.0996592], [10.1478427, 52.0998489], [10.1495233, 52.1002579], [10.1503998, 52.1005662], [10.1527509, 52.101465], [10.1550214, 52.102379], [10.1554742, 52.1025977], [10.1559361, 52.1030287], [10.1561585, 52.1032326], [10.1563769, 52.103329], [10.1567117, 52.1034076], [10.1570498, 52.1034829], [10.1578201, 52.103605], [10.1582025, 52.103735], [10.1578226, 52.1042588], [10.1604622, 52.1053122], [10.160915, 52.1046621], [10.1619709, 52.1052102], [10.1628076, 52.1056305], [10.1633196, 52.1057987], [10.1639105, 52.1053886], [10.1644014, 52.1056293], [10.1645369, 52.105387], [10.1649452, 52.10502], [10.1654708, 52.1047329], [10.1664775, 52.1042746], [10.1670508, 52.1042926], [10.1679457, 52.1043302], [10.1693566, 52.1044322], [10.1707233, 52.1045322], [10.1721316, 52.1046558], [10.171305, 52.1041962], [10.1713255, 52.1034828], [10.1690581, 52.1033437], [10.1689166, 52.1041721], [10.1682304, 52.104149], [10.1666179, 52.1040845], [10.1668131, 52.1037411], [10.1670298, 52.1031742], [10.1651401, 52.1030842], [10.1636965, 52.1029292], [10.1563992, 52.1013708], [10.1547571, 52.1009884], [10.1532006, 52.1004887], [10.1515434, 52.1000625], [10.1509078, 52.0998991], [10.1507253, 52.0998424], [10.1500092, 52.0996198], [10.1486123, 52.0992388], [10.147975, 52.0990951], [10.1474678, 52.0989808], [10.1470906, 52.0989451], [10.1449248, 52.0987401], [10.1444884, 52.0988026], [10.1433111, 52.0985759]]]}}, {"type": "Feature", "properties": {"name": "Mittleres Innerstetal mit Kanstein", "stufe": "streng", "art": "Naturschutzgebiet"}, "geometry": {"type": "Polygon", "coordinates": [[[10.2867704, 52.0327551], [10.2862484, 52.0326735], [10.2862274, 52.0327774], [10.2860767, 52.0332143], [10.2860562, 52.0335017], [10.2860368, 52.0336618], [10.2858954, 52.0340131], [10.2857962, 52.034144], [10.2857245, 52.0342248], [10.285554, 52.034418], [10.285509, 52.0344619], [10.2853729, 52.0345605], [10.2848089, 52.034917], [10.2845176, 52.0350916], [10.2840438, 52.0353624], [10.2837081, 52.0355274], [10.2833372, 52.0356988], [10.2832233, 52.0357551], [10.2830068, 52.0359856], [10.2829572, 52.0361091], [10.2828338, 52.0362087], [10.2826307, 52.0363093], [10.2825135, 52.0363925], [10.2823096, 52.0364644], [10.2820271, 52.036574], [10.2818439, 52.0366743], [10.2813711, 52.0371015], [10.2807431, 52.0374443], [10.2807295, 52.0374548], [10.2806068, 52.0375491], [10.280132, 52.037914], [10.2794202, 52.0381143], [10.2792289, 52.037932], [10.2792229, 52.0379273], [10.2787996, 52.038086], [10.2779873, 52.0383772], [10.2776341, 52.0385266], [10.2776854, 52.0385571], [10.2771096, 52.0388594], [10.2766035, 52.0391362], [10.2767349, 52.0391976], [10.2764067, 52.0393811], [10.2761632, 52.0395149], [10.2760204, 52.0395581], [10.2758051, 52.0396404], [10.2754658, 52.0397612], [10.275077, 52.0397719], [10.274501, 52.0398041], [10.2743724, 52.0398185], [10.2743705, 52.0398429], [10.2741948, 52.0398724], [10.2741781, 52.0398401], [10.2739399, 52.0398914], [10.2737356, 52.0399326], [10.2737391, 52.0399634], [10.2735559, 52.0400044], [10.2733568, 52.0401365], [10.2731502, 52.0402554], [10.2729808, 52.0403901], [10.2728657, 52.0404577], [10.2727708, 52.040498], [10.2726871, 52.0405191], [10.272487, 52.0405617], [10.2721619, 52.0406548], [10.2719163, 52.0407469], [10.271699, 52.0408446], [10.2715593, 52.0408721], [10.2714288, 52.0408937], [10.2711934, 52.0410339], [10.2710189, 52.0411289], [10.2709947, 52.0411307], [10.2709454, 52.041156], [10.2709014, 52.0412037], [10.2711069, 52.0413375], [10.2706447, 52.0416655], [10.2705101, 52.0415987], [10.2703958, 52.0415405], [10.2702444, 52.0414464], [10.2701387, 52.04139], [10.270084, 52.0414337], [10.2697761, 52.0413169], [10.2696345, 52.041278], [10.2695618, 52.0413539], [10.2694992, 52.0414585], [10.2694198, 52.0416326], [10.2693163, 52.041781], [10.2692731, 52.0418391], [10.2691796, 52.0419153], [10.2691026, 52.0420883], [10.2690255, 52.0423432], [10.268975, 52.042543], [10.2689458, 52.0426675], [10.268932, 52.0428426], [10.2686152, 52.0430655], [10.2685239, 52.0431502], [10.2684582, 52.0433097], [10.2684185, 52.0433968], [10.2675516, 52.0443797], [10.268059, 52.0448292], [10.2683562, 52.0449456], [10.2684781, 52.0451312], [10.268625, 52.0453781], [10.2686762, 52.0454033], [10.2687306, 52.0454643], [10.2692307, 52.0462565], [10.2692355, 52.0463435], [10.2689545, 52.0470037], [10.268798, 52.0473596], [10.2685946, 52.0478207], [10.2680557, 52.049076], [10.2678046, 52.0497012], [10.2677945, 52.0496992], [10.267651, 52.0500399], [10.2677767, 52.0500735], [10.2678163, 52.0502689], [10.2678601, 52.0504153], [10.2679954, 52.0505852], [10.268199, 52.0507683], [10.2683849, 52.0509236], [10.2684467, 52.0511013], [10.2684319, 52.0511818], [10.2683796, 52.0513362], [10.2683095, 52.0514629], [10.2681168, 52.0515573], [10.2680689, 52.0515808], [10.2677243, 52.0517194], [10.267497, 52.0518107], [10.2673179, 52.0518966], [10.2670291, 52.0521095], [10.2670306, 52.0521133], [10.2668382, 52.0522344], [10.2661026, 52.0528815], [10.2660712, 52.0528997], [10.2659619, 52.0529316], [10.2658372, 52.0529921], [10.2650743, 52.0538385], [10.2633736, 52.055761], [10.2633978, 52.0558196], [10.263377, 52.0558804], [10.2633234, 52.0559733], [10.2632512, 52.0560704], [10.2632925, 52.0562085], [10.2633442, 52.0563455], [10.2635243, 52.0568941], [10.2638278, 52.0576916], [10.2639839, 52.0580722], [10.2640205, 52.0589269], [10.2640687, 52.0593125], [10.2634583, 52.060387], [10.2632097, 52.0608344], [10.2627953, 52.0615816], [10.2624068, 52.0623107], [10.2622542, 52.0626894], [10.2620578, 52.0630021], [10.2619253, 52.0631569], [10.2617748, 52.0633349], [10.2612512, 52.0639636], [10.2604694, 52.0649176], [10.259692, 52.0658128], [10.2592903, 52.0662176], [10.2587012, 52.0669206], [10.2579995, 52.0677953], [10.257926, 52.0679031], [10.2578562, 52.0679921], [10.2577889, 52.0680506], [10.2571213, 52.0688707], [10.2570085, 52.0689532], [10.2567904, 52.0691843], [10.2558058, 52.0701739], [10.2554505, 52.070573], [10.2543101, 52.0717984], [10.2542451, 52.0718556], [10.253306, 52.0728276], [10.2532006, 52.0729314], [10.2522689, 52.0738705], [10.2519918, 52.0740911], [10.2511092, 52.0749989], [10.2510191, 52.0750563], [10.2509531, 52.0750775], [10.2506968, 52.0751264], [10.2502669, 52.0751901], [10.2492207, 52.075345], [10.248743, 52.0754132], [10.2482142, 52.0754979], [10.2477422, 52.0755779], [10.2475635, 52.075606], [10.2474402, 52.0756555], [10.2471752, 52.07583], [10.2469309, 52.0759683], [10.2464502, 52.0762778], [10.2457592, 52.076735], [10.245465, 52.0769265], [10.2452872, 52.0770398], [10.2449989, 52.0772144], [10.2448645, 52.0773192], [10.2445841, 52.0775526], [10.2444789, 52.0776667], [10.2442928, 52.0778637], [10.2440499, 52.0781178], [10.2439119, 52.0782476], [10.2437447, 52.0783764], [10.2436199, 52.0784384], [10.243484, 52.0785304], [10.2430349, 52.078781], [10.2427042, 52.0789648], [10.2425777, 52.0790042], [10.2421094, 52.0791052], [10.2419043, 52.0791343], [10.2417621, 52.0791586], [10.2414337, 52.0792104], [10.240958, 52.0793231], [10.2406724, 52.0793761], [10.2404018, 52.0794039], [10.2400258, 52.0794108], [10.240545, 52.0797253], [10.240105, 52.0797755], [10.2396463, 52.0798394], [10.2393833, 52.0798688], [10.2390677, 52.0799076], [10.2388524, 52.0799276], [10.2384976, 52.0799343], [10.2382847, 52.0799542], [10.2378874, 52.079988], [10.2374774, 52.080044], [10.2369896, 52.0801334], [10.2366902, 52.0802107], [10.2364984, 52.080242], [10.2363236, 52.0802887], [10.2361971, 52.08034], [10.2360705, 52.0803969], [10.2358581, 52.0805532], [10.2357261, 52.0806491], [10.2356061, 52.0807844], [10.2354425, 52.0810006], [10.2353884, 52.0810679], [10.2352552, 52.081347], [10.2351396, 52.0815395], [10.2349892, 52.0817864], [10.2349193, 52.0819076], [10.2348605, 52.0820286], [10.234814, 52.0821287], [10.2348258, 52.0822099], [10.2348051, 52.082315], [10.2347635, 52.082401], [10.2347162, 52.0824978], [10.2346651, 52.0825916], [10.2346021, 52.0826645], [10.2345047, 52.082758], [10.2344202, 52.0828417], [10.234286, 52.0829874], [10.2341583, 52.0831158], [10.2339332, 52.0833376], [10.2342162, 52.0834225], [10.2343992, 52.0832205], [10.2346706, 52.0829337], [10.2347993, 52.0828065], [10.2348509, 52.0827597], [10.2349018, 52.0827032], [10.2349455, 52.0826447], [10.2349928, 52.0825635], [10.2350415, 52.0824543], [10.2351911, 52.0821569], [10.2354171, 52.0817443], [10.235593, 52.0815388], [10.2356554, 52.0816041], [10.2358334, 52.0814325], [10.2358529, 52.0813488], [10.236099, 52.0810569], [10.2362433, 52.0809375], [10.236393, 52.080836], [10.2365021, 52.0807558], [10.2367242, 52.0805581], [10.2368096, 52.0804961], [10.2369147, 52.0804458], [10.2370301, 52.0804162], [10.2372039, 52.080398], [10.237716, 52.0803598], [10.237983, 52.0802988], [10.2381177, 52.0802676], [10.2382747, 52.0802555], [10.2386003, 52.0802133], [10.2388561, 52.0801868], [10.2390785, 52.080177], [10.2392313, 52.0801657], [10.2394872, 52.0801607], [10.2398456, 52.0801674], [10.2399253, 52.0801621], [10.2401709, 52.0801163], [10.2408745, 52.0800015], [10.2412495, 52.0799233], [10.2415292, 52.0798678], [10.2418905, 52.0798043], [10.2420499, 52.0797892], [10.2424159, 52.0797227], [10.2427164, 52.079645], [10.2432318, 52.0793935], [10.2434042, 52.0793126], [10.2436236, 52.079194], [10.243922, 52.0790447], [10.2441902, 52.0789404], [10.2445666, 52.0788189], [10.2449466, 52.0787222], [10.2454107, 52.0785278], [10.2455996, 52.0784423], [10.2457964, 52.0783821], [10.2459864, 52.0783398], [10.246179, 52.0783035], [10.2463213, 52.0782655], [10.2468042, 52.0781537], [10.2473312, 52.0780437], [10.2474681, 52.0780065], [10.2478674, 52.0779157], [10.2481249, 52.0778653], [10.2483169, 52.0778051], [10.2485932, 52.0777321], [10.2488338, 52.077676], [10.2490334, 52.0776334], [10.2492906, 52.0775696], [10.2495693, 52.077495], [10.2500455, 52.0773886], [10.2503538, 52.0773316], [10.2504526, 52.0773186], [10.2506298, 52.0772496], [10.2507287, 52.0772366], [10.2508812, 52.0772021], [10.2510412, 52.0771602], [10.2511707, 52.0771186], [10.251234, 52.0770324], [10.2512822, 52.0769509], [10.2513413, 52.0768921], [10.2515281, 52.0766926], [10.2515289, 52.0765751], [10.2516268, 52.0764473], [10.251687, 52.0764063], [10.2517998, 52.0763706], [10.251872, 52.0762817], [10.2519011, 52.0762582], [10.2519565, 52.0762128], [10.2520241, 52.0761746], [10.2520849, 52.0761553], [10.2521837, 52.0761056], [10.2524127, 52.0761852], [10.2526145, 52.0762979], [10.2527062, 52.0763245], [10.2528097, 52.0762804], [10.2532683, 52.0760732], [10.2536513, 52.0757852], [10.2543798, 52.0752417], [10.2544416, 52.0752044], [10.2546784, 52.0748506], [10.2547298, 52.0747732], [10.2547765, 52.0746953], [10.2548907, 52.074537], [10.2552191, 52.0740462], [10.2552174, 52.0739838], [10.255101, 52.0736946], [10.2552223, 52.073308], [10.2552491, 52.0732676], [10.2554119, 52.0730994], [10.25606, 52.0724715], [10.256077, 52.0724148], [10.2561219, 52.0723472], [10.256163, 52.0721614], [10.2561887, 52.0720808], [10.2562193, 52.0720116], [10.256323, 52.07189], [10.2564181, 52.0717944], [10.2570828, 52.0712652], [10.2568774, 52.0709117], [10.2568384, 52.070849], [10.2574902, 52.0700244], [10.257786, 52.0696197], [10.2579204, 52.0694318], [10.2578503, 52.0693839], [10.2580332, 52.0691408], [10.2581325, 52.0690279], [10.2582452, 52.0689004], [10.2590515, 52.0679423], [10.2595287, 52.0673692], [10.2602853, 52.0664661], [10.2605554, 52.0661419], [10.2611902, 52.0653806], [10.2617128, 52.064764], [10.2620346, 52.0644594], [10.2634352, 52.0631276], [10.2645269, 52.062066], [10.2651984, 52.0604666], [10.2652822, 52.0604686], [10.2655935, 52.0596602], [10.2656232, 52.0595138], [10.2658297, 52.0585168], [10.2661225, 52.0572696], [10.2662284, 52.0572165], [10.2662363, 52.0571538], [10.2662146, 52.0570705], [10.2656461, 52.0569237], [10.2651666, 52.0567999], [10.2654497, 52.0563531], [10.2655526, 52.0561619], [10.2657412, 52.0558184], [10.2658693, 52.0555597], [10.2659487, 52.0553702], [10.2661457, 52.0552957], [10.2663335, 52.055024], [10.2668383, 52.0547747], [10.2674226, 52.0542091], [10.2675584, 52.0537486], [10.2679277, 52.0534779], [10.2683894, 52.0526955], [10.2684506, 52.052645], [10.2684888, 52.0525883], [10.2695539, 52.0525739], [10.2707267, 52.0520908], [10.2700426, 52.0514298], [10.2709991, 52.0510322], [10.2704029, 52.0503539], [10.270241, 52.0495667], [10.2702242, 52.0496018], [10.2697403, 52.0489482], [10.2699557, 52.0487472], [10.2713249, 52.0474737], [10.2709471, 52.0467939], [10.2703992, 52.0457955], [10.2699965, 52.045157], [10.2697153, 52.0447067], [10.2689577, 52.0434949], [10.2690646, 52.0434946], [10.2697813, 52.0431771], [10.27075, 52.042775], [10.2715355, 52.0424391], [10.2717578, 52.0422495], [10.2718267, 52.042281], [10.2727225, 52.0416872], [10.2739051, 52.0409056], [10.2739793, 52.0408979], [10.2741319, 52.0408647], [10.2746785, 52.0407842], [10.2753779, 52.0406762], [10.2756431, 52.0406248], [10.2757633, 52.0405997], [10.2758345, 52.0405592], [10.2768059, 52.0400013], [10.277077, 52.0398413], [10.2771594, 52.0397931], [10.2771538, 52.0397189], [10.2771186, 52.0397085], [10.2769327, 52.039674], [10.2767834, 52.0395788], [10.2766279, 52.0395073], [10.2769246, 52.0392864], [10.2771183, 52.0391921], [10.2773876, 52.0390571], [10.2777171, 52.0388443], [10.2780728, 52.038656], [10.2782935, 52.0385955], [10.2783359, 52.0385907], [10.2788255, 52.0385348], [10.2792347, 52.0384771], [10.2793601, 52.0384709], [10.2794647, 52.0384666], [10.2795666, 52.0384622], [10.2796718, 52.0384805], [10.2797772, 52.0385068], [10.2798012, 52.0385275], [10.2801619, 52.0384708], [10.2810012, 52.0383388], [10.2817096, 52.037761], [10.2818259, 52.0376899], [10.2821459, 52.0374592], [10.2822191, 52.037397], [10.28234, 52.0373079], [10.2827215, 52.0369863], [10.2830764, 52.0367093], [10.2847148, 52.0363128], [10.2852477, 52.0361884], [10.2855075, 52.0359793], [10.2856721, 52.035815], [10.285858, 52.0356298], [10.2860554, 52.0354379], [10.2863563, 52.0350528], [10.2865017, 52.0348111], [10.2866645, 52.0344692], [10.2867431, 52.0339136], [10.2868523, 52.0333567], [10.2871815, 52.0329185], [10.2867704, 52.0327551]]]}}, {"type": "Feature", "properties": {"name": "Mittleres Innerstetal mit Kanstein", "stufe": "streng", "art": "Naturschutzgebiet"}, "geometry": {"type": "Polygon", "coordinates": [[[10.2871815, 52.0329185], [10.2873437, 52.0327339], [10.2875284, 52.0326092], [10.2876539, 52.0325489], [10.288568, 52.0324881], [10.2893275, 52.0324561], [10.2897444, 52.0325182], [10.2901052, 52.0325724], [10.2901954, 52.0325542], [10.2902152, 52.0325152], [10.2913606, 52.0319519], [10.2914748, 52.0319227], [10.2916829, 52.0318795], [10.2918147, 52.0318522], [10.2920552, 52.0318453], [10.2922098, 52.0318845], [10.2924721, 52.0320301], [10.2926328, 52.0325881], [10.2925778, 52.0325911], [10.292651, 52.0328714], [10.2926994, 52.0329369], [10.2927708, 52.0329935], [10.2927706, 52.0331019], [10.292799, 52.0331279], [10.2928346, 52.033143], [10.2936508, 52.0332999], [10.2942948, 52.0333042], [10.2947687, 52.0332907], [10.2955069, 52.0331889], [10.295909, 52.0332462], [10.2960298, 52.033261], [10.2965925, 52.0332687], [10.296921, 52.0332737], [10.2971641, 52.0333083], [10.2976681, 52.0332926], [10.2983691, 52.0332287], [10.2988352, 52.033193], [10.299155, 52.033163], [10.2991519, 52.0328962], [10.2991855, 52.0327507], [10.2993555, 52.0326238], [10.2999844, 52.0325078], [10.30027, 52.0324551], [10.3014982, 52.03244], [10.3023568, 52.0323492], [10.3026981, 52.0322567], [10.3031568, 52.0321943], [10.3034584, 52.0321709], [10.3036404, 52.0321918], [10.3038273, 52.0322213], [10.3039591, 52.0322743], [10.3041845, 52.0323493], [10.3044007, 52.0324243], [10.3049827, 52.0326072], [10.3059818, 52.0328945], [10.3064835, 52.0330352], [10.3068486, 52.0331115], [10.3072759, 52.0331602], [10.3075277, 52.0331791], [10.3077945, 52.0331727], [10.3080077, 52.0331521], [10.308477, 52.0330937], [10.3084327, 52.0332813], [10.3085109, 52.0332692], [10.3086114, 52.0332474], [10.3089321, 52.0331865], [10.3095003, 52.0331037], [10.3097529, 52.0330473], [10.3099795, 52.0329492], [10.3101509, 52.0328746], [10.3103694, 52.0327115], [10.3105632, 52.032554], [10.3108181, 52.0323638], [10.3111244, 52.0321665], [10.3112447, 52.0321066], [10.3114974, 52.0319263], [10.3116642, 52.0318189], [10.312095, 52.031529], [10.3130673, 52.0312897], [10.3133017, 52.0312921], [10.3141055, 52.0313456], [10.3141657, 52.0313584], [10.3166921, 52.0315164], [10.3167336, 52.0315052], [10.3169901, 52.0315347], [10.317158, 52.0315188], [10.3183005, 52.03141], [10.3198984, 52.0312807], [10.3206015, 52.0309389], [10.3208201, 52.0307835], [10.3210448, 52.0306203], [10.3222586, 52.0304961], [10.322604, 52.0306066], [10.3232504, 52.0308135], [10.3234419, 52.030842], [10.3236961, 52.030843], [10.3232931, 52.0305211], [10.3231945, 52.0304899], [10.3231059, 52.0304436], [10.3229943, 52.0303842], [10.3228884, 52.0302847], [10.3228017, 52.0301646], [10.3227543, 52.0301119], [10.3226994, 52.0300243], [10.3225965, 52.0299335], [10.3230114, 52.0299136], [10.3231586, 52.0298584], [10.3233852, 52.029764], [10.3243475, 52.0298029], [10.3246378, 52.0297614], [10.3251324, 52.0297138], [10.3254052, 52.0297107], [10.3256468, 52.0297042], [10.3263255, 52.0295894], [10.3267594, 52.0295807], [10.3272963, 52.0294943], [10.3280002, 52.0296011], [10.3284678, 52.0295938], [10.3285333, 52.029824], [10.3288813, 52.0297986], [10.3289438, 52.0299575], [10.3290475, 52.030227], [10.3300018, 52.0301753], [10.3301533, 52.0301608], [10.3300504, 52.0305212], [10.330433, 52.0303684], [10.3310091, 52.030151], [10.3319883, 52.0297678], [10.3321187, 52.0299298], [10.3322837, 52.0298462], [10.3324393, 52.0297972], [10.3325839, 52.0297374], [10.3327002, 52.0296252], [10.3329187, 52.0295375], [10.3335568, 52.0293064], [10.3339757, 52.0291721], [10.3342827, 52.0291108], [10.3348884, 52.0290427], [10.3352126, 52.0289458], [10.3355823, 52.028813], [10.3358984, 52.02869], [10.3364803, 52.0285695], [10.3371003, 52.0284656], [10.3373249, 52.0284245], [10.3377518, 52.0283508], [10.3381345, 52.0283206], [10.3385034, 52.0282927], [10.3386703, 52.0282736], [10.3390547, 52.0282217], [10.3392404, 52.028198], [10.3397206, 52.0280058], [10.3398436, 52.0279698], [10.340374, 52.0277443], [10.3406442, 52.0276361], [10.340776, 52.027583], [10.3407754, 52.027562], [10.3407411, 52.0275379], [10.3407047, 52.0274867], [10.3406021, 52.0273243], [10.3405296, 52.0272327], [10.3403817, 52.0270687], [10.3401962, 52.0268126], [10.340159, 52.0267356], [10.3400586, 52.0266442], [10.339743, 52.026353], [10.3394779, 52.0261215], [10.3391291, 52.0258867], [10.3394835, 52.0257256], [10.3395993, 52.0256317], [10.3397572, 52.0255482], [10.3399187, 52.0254667], [10.3400352, 52.0253966], [10.3404217, 52.0253225], [10.3406073, 52.0252611], [10.3406737, 52.0252154], [10.3409383, 52.0248101], [10.3411521, 52.024491], [10.3412957, 52.024271], [10.3414223, 52.02408], [10.3415601, 52.0239064], [10.3416553, 52.0238257], [10.3417558, 52.0237664], [10.341863, 52.0237161], [10.3420163, 52.0236516], [10.3421888, 52.0235872], [10.3425322, 52.0234839], [10.34294, 52.0233423], [10.3430057, 52.0233617], [10.3433422, 52.0232632], [10.3436189, 52.0231854], [10.3439279, 52.0231016], [10.3443437, 52.0230108], [10.3446658, 52.0228981], [10.3450613, 52.0227501], [10.3454797, 52.0225933], [10.3456867, 52.0225163], [10.345974, 52.0224236], [10.3461004, 52.0223567], [10.3463959, 52.0222873], [10.3466324, 52.0222646], [10.3469888, 52.0221769], [10.3474414, 52.0220713], [10.3476032, 52.0220581], [10.347834, 52.0220781], [10.3481812, 52.0220547], [10.3484018, 52.0219989], [10.3487258, 52.0219016], [10.348984, 52.0217906], [10.3492237, 52.0216716], [10.3487862, 52.0215621], [10.3490426, 52.0212297], [10.3491621, 52.0212606], [10.349236, 52.0212834], [10.3494435, 52.0212251], [10.3495147, 52.021215], [10.3495752, 52.02114], [10.349597, 52.0209953], [10.3496575, 52.0209193], [10.3497288, 52.0208561], [10.3497682, 52.020776], [10.3497586, 52.0207241], [10.3497296, 52.0206495], [10.349715, 52.0205141], [10.3497307, 52.0204559], [10.3498036, 52.0203302], [10.3499087, 52.0202301], [10.3500141, 52.0201385], [10.3501235, 52.0200662], [10.350234, 52.0200284], [10.3503412, 52.0199992], [10.3504389, 52.0200024], [10.3505815, 52.0200234], [10.3509456, 52.0201515], [10.3516706, 52.0203712], [10.3520249, 52.0204381], [10.3521492, 52.020512], [10.3524262, 52.0205648], [10.3527476, 52.0205826], [10.3530645, 52.020566], [10.3533823, 52.0205818], [10.3536995, 52.020576], [10.3538764, 52.0205459], [10.3540112, 52.0205035], [10.354107, 52.0204422], [10.354135, 52.0204041], [10.3541807, 52.0203354], [10.3541815, 52.0202563], [10.3542089, 52.0202366], [10.354326, 52.0201879], [10.35446, 52.020124], [10.3545594, 52.0200669], [10.3546698, 52.0199795], [10.3547683, 52.0199133], [10.3548769, 52.0198416], [10.3549305, 52.0197679], [10.3550263, 52.0195925], [10.3550815, 52.0194727], [10.3551125, 52.0193939], [10.3551569, 52.0193091], [10.3552594, 52.0192027], [10.3553474, 52.0191391], [10.3554341, 52.0190889], [10.3555684, 52.019044], [10.3557633, 52.0190526], [10.355894, 52.0191092], [10.3559869, 52.0191834], [10.3562173, 52.0194217], [10.356367, 52.0195276], [10.3565824, 52.0196155], [10.356679, 52.0196405], [10.3567963, 52.0196239], [10.3568821, 52.0195885], [10.3570105, 52.0195296], [10.3572975, 52.0193848], [10.3574493, 52.0192797], [10.3575773, 52.0192094], [10.3576819, 52.0191814], [10.357842, 52.0191452], [10.3579469, 52.0191287], [10.358074, 52.0191228], [10.3581645, 52.0191174], [10.3582587, 52.0191206], [10.3583707, 52.0191323], [10.3584698, 52.0191991], [10.3585334, 52.019324], [10.3586493, 52.019396], [10.3587825, 52.0194939], [10.3588473, 52.0195849], [10.3588432, 52.0196625], [10.3588468, 52.0197808], [10.3588899, 52.0198234], [10.3589225, 52.0198617], [10.3589879, 52.019833], [10.3590682, 52.0197918], [10.3596555, 52.0195326], [10.3604443, 52.0191715], [10.3608055, 52.019022], [10.3616428, 52.018626], [10.3623032, 52.0183239], [10.3631103, 52.017955], [10.3635446, 52.0177625], [10.3639727, 52.0175701], [10.3646649, 52.0172944], [10.3650553, 52.0170871], [10.3654705, 52.0168796], [10.3656106, 52.0167976], [10.3665408, 52.0161978], [10.3666247, 52.0161012], [10.3669044, 52.015922], [10.3673785, 52.0156143], [10.3678819, 52.0152489], [10.3695156, 52.0141398], [10.3703169, 52.0135873], [10.3708884, 52.0132211], [10.3713862, 52.0128787], [10.3716883, 52.0126534], [10.3722771, 52.0122143], [10.3727287, 52.0117806], [10.3729255, 52.0115259], [10.3730739, 52.0113138], [10.3731725, 52.0110908], [10.3733641, 52.0106678], [10.3735782, 52.0101719], [10.3737251, 52.0098128], [10.3739069, 52.0093686], [10.3741548, 52.0087614], [10.3742458, 52.0084926], [10.3742733, 52.0083813], [10.3743797, 52.0080091], [10.3744996, 52.0074722], [10.3745103, 52.0070131], [10.3745626, 52.0066988], [10.3745944, 52.0063198], [10.3745973, 52.0062964], [10.3744871, 52.0062977], [10.3745317, 52.0055555], [10.37447, 52.0050086], [10.3744697, 52.0050065], [10.3749854, 52.004968], [10.3750051, 52.0049067], [10.3752091, 52.0045389], [10.3755324, 52.0039652], [10.3757573, 52.0036184], [10.3758797, 52.0033683], [10.3760959, 52.0029412], [10.3762715, 52.0026026], [10.376398, 52.0022836], [10.376525, 52.0019799], [10.376616, 52.001715], [10.3766596, 52.0013701], [10.3767465, 52.000828], [10.3767409, 52.000419], [10.3767585, 51.9999632], [10.3766743, 51.9998621], [10.3766047, 51.9996925], [10.376514, 51.9994379], [10.3764121, 51.9991153], [10.3762827, 51.9987986], [10.3759816, 51.9979851], [10.3758477, 51.9975208], [10.3757912, 51.9971806], [10.3757407, 51.9967324], [10.3757276, 51.9963064], [10.3758301, 51.9957485], [10.3759159, 51.9953345], [10.3759524, 51.9948846], [10.37599, 51.9946377], [10.3760683, 51.9941641], [10.376099, 51.9938553], [10.3760956, 51.9935637], [10.3760985, 51.99321], [10.376126, 51.992742], [10.3761341, 51.9925576], [10.3761303, 51.9924355], [10.3761257, 51.9914144], [10.3761135, 51.9911143], [10.3760825, 51.9910521], [10.3760331, 51.9909606], [10.3760037, 51.9908759], [10.3746399, 51.9911947], [10.3746112, 51.9911024], [10.374609, 51.9910321], [10.3745768, 51.9908875], [10.3745472, 51.9908111], [10.3744954, 51.9907043], [10.3743823, 51.9905599], [10.3742053, 51.9903574], [10.374077, 51.9902247], [10.3739059, 51.9900477], [10.373782, 51.9898894], [10.3737003, 51.9897561], [10.3736613, 51.9896671], [10.3736419, 51.9895395], [10.3736276, 51.9894118], [10.3735466, 51.9893009], [10.3735677, 51.989231], [10.3743703, 51.9887327], [10.3744584, 51.9887348], [10.3747195, 51.9889779], [10.3751667, 51.9888768], [10.3752896, 51.9888338], [10.3753439, 51.9887469], [10.3753878, 51.9886601], [10.3753816, 51.9884588], [10.3754369, 51.9884038], [10.375575, 51.9883511], [10.3758736, 51.9882952], [10.3760488, 51.9882708], [10.3762357, 51.9880018], [10.3762257, 51.9879484], [10.3762212, 51.9877467], [10.3762043, 51.9876042], [10.3761539, 51.9875117], [10.3761113, 51.9874391], [10.376025, 51.9873267], [10.3759021, 51.9872003], [10.3757847, 51.9870866], [10.3756301, 51.9869382], [10.3753587, 51.9866969], [10.3752028, 51.9865758], [10.3750036, 51.9864262], [10.3748967, 51.9863156], [10.3749051, 51.9862516], [10.3748973, 51.9860546], [10.3748693, 51.9859692], [10.3748389, 51.9858765], [10.3747731, 51.9858497], [10.3745919, 51.9856026], [10.3744836, 51.9851905], [10.3742373, 51.9835474], [10.3736701, 51.9829875], [10.3732806, 51.9826549], [10.3731697, 51.9820617], [10.3729241, 51.981139], [10.3726895, 51.9802393], [10.3725958, 51.979899], [10.3725605, 51.9797422], [10.372506, 51.9796053], [10.3724468, 51.9794118], [10.3725135, 51.9791846], [10.3725845, 51.978835], [10.3726155, 51.9785506], [10.3726282, 51.9784346], [10.3727066, 51.9779215], [10.3727757, 51.9774752], [10.3729246, 51.9770963], [10.3730154, 51.9768524], [10.373164, 51.9767741], [10.3728023, 51.9760633], [10.3725895, 51.9755868], [10.3722689, 51.9750324], [10.3720736, 51.9746506], [10.3719533, 51.9744808], [10.37192, 51.9744637], [10.3719913, 51.9744351], [10.371954, 51.9742294], [10.371924, 51.9741386], [10.3718126, 51.9735407], [10.3716231, 51.9725483], [10.3712191, 51.9717723], [10.3717119, 51.971769], [10.3716577, 51.9715442], [10.3714032, 51.9714645], [10.3714903, 51.9712578], [10.3714189, 51.9711034], [10.3712494, 51.9707957], [10.3712079, 51.9706739], [10.3711985, 51.9705945], [10.3712032, 51.9705194], [10.371233, 51.9704009], [10.3711337, 51.9702676], [10.3709281, 51.9701384], [10.3708737, 51.9700725], [10.3708572, 51.970008], [10.3708448, 51.9698877], [10.3707127, 51.9697552], [10.3705992, 51.9696594], [10.3705774, 51.9696147], [10.3705659, 51.9695488], [10.3705864, 51.9694331], [10.3705847, 51.9693948], [10.3706025, 51.9693365], [10.3706172, 51.9692595], [10.3705775, 51.969213], [10.3705422, 51.9691569], [10.3705084, 51.9691416], [10.3704749, 51.9691359], [10.3703701, 51.9691314], [10.3702819, 51.9691228], [10.3702193, 51.9691035], [10.3702011, 51.9690757], [10.3701968, 51.9690471], [10.3701847, 51.9689897], [10.370138, 51.9688177], [10.370057, 51.9687068], [10.3700246, 51.9686624], [10.3700027, 51.9686211], [10.3699507, 51.9685192], [10.3698693, 51.9683631], [10.3698024, 51.9682448], [10.3697269, 51.9681466], [10.3697276, 51.9680571], [10.3697104, 51.9679454], [10.3696577, 51.9679141], [10.3695436, 51.9679026], [10.3694444, 51.967875], [10.3693394, 51.9678251], [10.3692544, 51.9677526], [10.3692042, 51.9676539], [10.3691818, 51.9675777], [10.3691539, 51.9675099], [10.3690943, 51.9674211], [10.3690142, 51.967339], [10.3689242, 51.9672729], [10.3687765, 51.967181], [10.3685456, 51.967075], [10.3684145, 51.9670158], [10.3683718, 51.9669716], [10.368365, 51.9669205], [10.3683998, 51.9668722], [10.3684707, 51.9668195], [10.3685145, 51.9667695], [10.3685247, 51.9667269], [10.3684868, 51.966673], [10.368408, 51.9666324], [10.3683197, 51.9666206], [10.3682374, 51.9666376], [10.3681041, 51.9666775], [10.3680167, 51.9666945], [10.3679596, 51.9666888], [10.3678811, 51.9666609], [10.3678123, 51.9666099], [10.367512, 51.9664313], [10.3671346, 51.9662727], [10.366967, 51.9662043], [10.3668295, 51.9661068], [10.3667544, 51.9660497], [10.3666378, 51.9659335], [10.3665675, 51.9658448], [10.366482, 51.9656973], [10.3664344, 51.9655914], [10.3663941, 51.9655547], [10.366389, 51.9654921], [10.3662876, 51.9654918], [10.3662223, 51.9654657], [10.3661955, 51.9654444], [10.3661683, 51.9654124], [10.3661634, 51.9653716], [10.3661478, 51.9653418], [10.366115, 51.9653127], [10.3660724, 51.9652764], [10.366007, 51.9652527], [10.3658696, 51.9652298], [10.3655878, 51.9652348], [10.3654762, 51.9654417], [10.3652261, 51.9653493], [10.3650932, 51.9652861], [10.364877, 51.965161], [10.364833, 51.9651188], [10.3646271, 51.9650231], [10.3645791, 51.9650044], [10.3643213, 51.9649245], [10.3641703, 51.9648565], [10.3641663, 51.9648343], [10.3643273, 51.9647662], [10.364124, 51.9645965], [10.363869, 51.9644066], [10.3634753, 51.964135], [10.3631159, 51.9638835], [10.3629628, 51.963783], [10.3626936, 51.9636091], [10.3625412, 51.9635278], [10.3623047, 51.9634127], [10.3620489, 51.9633167], [10.3619281, 51.9632728], [10.3618135, 51.9632454], [10.3615974, 51.9631999], [10.3614262, 51.9631828], [10.3610667, 51.9631474], [10.3608812, 51.9631239], [10.3607451, 51.9630711], [10.3605541, 51.962937], [10.3603599, 51.9627811], [10.3601585, 51.9626624], [10.3599553, 51.9626168], [10.3596742, 51.9625594], [10.3593936, 51.9625179], [10.3593361, 51.9624994], [10.3592725, 51.962449], [10.3591976, 51.9623667], [10.3590779, 51.96217], [10.3588501, 51.9618224], [10.3587355, 51.9616255], [10.3586262, 51.9614335], [10.3584797, 51.9612086], [10.3583488, 51.9609864], [10.3582556, 51.9608117], [10.3581824, 51.9606375], [10.3581304, 51.9604559], [10.358087, 51.960341], [10.3580551, 51.9602066], [10.3579185, 51.9598889], [10.3578658, 51.9597813], [10.3578271, 51.9596651], [10.3578119, 51.9595352], [10.3578472, 51.9594746], [10.3573043, 51.9593739], [10.3573415, 51.9595772], [10.3573675, 51.9597982], [10.3574595, 51.9602479], [10.3575309, 51.9604987], [10.357664, 51.9608774], [10.3577093, 51.9609655], [10.3578076, 51.961137], [10.3578772, 51.9612642], [10.3569078, 51.9613692], [10.356851, 51.9613144], [10.3561887, 51.9601673], [10.355834, 51.9596132], [10.3557326, 51.9594524], [10.3554831, 51.9595286], [10.3553326, 51.9595687], [10.3550388, 51.9596616], [10.3548897, 51.9595184], [10.3545331, 51.9591817], [10.3542087, 51.9589722], [10.3538765, 51.9587627], [10.3537743, 51.9587183], [10.3534016, 51.9585812], [10.3531584, 51.9584953], [10.352946, 51.9584201], [10.3526747, 51.9583423], [10.3523692, 51.9582733], [10.3519539, 51.9582392], [10.3514254, 51.9582118], [10.3509482, 51.95821], [10.3505956, 51.9582237], [10.350026, 51.958247], [10.3494603, 51.9582727], [10.3489717, 51.9582783], [10.3486648, 51.9582674], [10.3482249, 51.9582173], [10.3479059, 51.958185], [10.3477527, 51.9581221], [10.3476015, 51.9580629], [10.3473464, 51.9579652], [10.3472461, 51.9578537], [10.3471338, 51.9577303], [10.3470379, 51.9576403], [10.3469656, 51.9575573], [10.3469193, 51.9574356], [10.3468658, 51.9572918], [10.3468773, 51.957215], [10.3469291, 51.9571157], [10.3469619, 51.9570458], [10.3470138, 51.9569637], [10.3470738, 51.9568959], [10.3474955, 51.9565177], [10.3477469, 51.9562726], [10.3479706, 51.9559557], [10.3481276, 51.9556726], [10.3482423, 51.9554732], [10.3483131, 51.9553019], [10.3483694, 51.9551095], [10.3484449, 51.95487], [10.348491, 51.954567], [10.3484726, 51.9544138], [10.3484666, 51.9542136], [10.3493473, 51.9543208], [10.3494048, 51.9541748], [10.3495244, 51.9538292], [10.3496712, 51.9533571], [10.3496947, 51.953273], [10.3497524, 51.9529115], [10.3497768, 51.9527515], [10.3498401, 51.9525901], [10.3500409, 51.9519108], [10.3500821, 51.9516623], [10.3500759, 51.9515814], [10.3500609, 51.9514936], [10.3500391, 51.9514359], [10.3498776, 51.951163], [10.3497772, 51.9509806], [10.3496796, 51.9508306], [10.349594, 51.9504806], [10.3496119, 51.9503112], [10.3496293, 51.9501101], [10.349665, 51.9500008], [10.3500028, 51.9494475], [10.3500701, 51.9493698], [10.3501139, 51.9492798], [10.3501427, 51.949206], [10.3502257, 51.9490407], [10.3502959, 51.9489664], [10.3504372, 51.9488498], [10.3505528, 51.9487072], [10.3506046, 51.9485766], [10.3506394, 51.9483521], [10.350617, 51.948148], [10.3506109, 51.9480929], [10.3506186, 51.9477872], [10.3506159, 51.9476788], [10.3506107, 51.9475039], [10.3506429, 51.9471559], [10.3506483, 51.9469103], [10.3506805, 51.9467301], [10.3507141, 51.9465571], [10.3507749, 51.9462585], [10.3508985, 51.9459814], [10.3509893, 51.945907], [10.3510344, 51.9458586], [10.3510684, 51.9457789], [10.3511103, 51.9456756], [10.3511651, 51.9455623], [10.3512535, 51.9454173], [10.3513211, 51.9453342], [10.3514008, 51.9452758], [10.351534, 51.9451904], [10.3517368, 51.9450994], [10.351786, 51.945058], [10.351975, 51.9445849], [10.3517917, 51.9446019], [10.351625, 51.9446401], [10.3512298, 51.944798], [10.3510811, 51.9448329], [10.3509277, 51.9448898], [10.3506437, 51.9445661], [10.350573, 51.9440514], [10.3504287, 51.9436429], [10.3501018, 51.9433218], [10.349973, 51.9420892], [10.3499664, 51.9420257], [10.3498641, 51.9420365], [10.3497953, 51.9420219], [10.3497386, 51.9419995], [10.3497076, 51.9419726], [10.3496803, 51.941925], [10.3496568, 51.9418294], [10.3496061, 51.9416926], [10.3495526, 51.9415548], [10.3495166, 51.9414667], [10.3494408, 51.9413525], [10.3492651, 51.9413577], [10.3491759, 51.9412832], [10.3491272, 51.9412164], [10.3491956, 51.9412156], [10.3492635, 51.9411956], [10.3492176, 51.9411193], [10.3494707, 51.9410374], [10.3495448, 51.9410045], [10.3493243, 51.9407374], [10.3492855, 51.9405471], [10.3492673, 51.9403891], [10.3493029, 51.9402306], [10.3493621, 51.9401315], [10.3494505, 51.9400241], [10.3494764, 51.9400014], [10.349506, 51.9399809], [10.349737, 51.9398843], [10.3501892, 51.939696], [10.3505315, 51.9395218], [10.3505654, 51.9394987], [10.350596, 51.9394677], [10.3507286, 51.9392737], [10.3507919, 51.9391398], [10.2871815, 52.0329185]]]}}, {"type": "Feature", "properties": {"name": "Mittleres Innerstetal mit Kanstein", "stufe": "streng", "art": "Naturschutzgebiet"}, "geometry": {"type": "Polygon", "coordinates": [[[10.3507919, 51.9391398], [10.3505635, 51.9391219], [10.3504043, 51.9391045], [10.3492994, 51.9387673], [10.3492159, 51.938576], [10.3491658, 51.9383575], [10.3493195, 51.938298], [10.3495597, 51.9382184], [10.3499147, 51.9381297], [10.3502212, 51.938082], [10.3504388, 51.9380776], [10.3505667, 51.9380915], [10.3508317, 51.9381134], [10.3510589, 51.9381185], [10.3512298, 51.9381127], [10.3513163, 51.9380944], [10.3513653, 51.9380669], [10.3513764, 51.9380226], [10.3513713, 51.9379573], [10.3512951, 51.9378025], [10.3511576, 51.9375734], [10.3510444, 51.9374305], [10.3509254, 51.9372973], [10.3506858, 51.9370867], [10.350455, 51.9368908], [10.3504575, 51.9369735], [10.3504293, 51.9370244], [10.3503792, 51.9370893], [10.3501508, 51.9371562], [10.3497228, 51.9372622], [10.3490733, 51.9374167], [10.3489315, 51.9373999], [10.3488113, 51.9373554], [10.3486399, 51.9374139], [10.3479384, 51.937668], [10.3477148, 51.9377839], [10.3477343, 51.9378106], [10.3476819, 51.9378266], [10.3476758, 51.9379363], [10.3475343, 51.9380917], [10.3475419, 51.9381377], [10.3476925, 51.9382859], [10.347942, 51.9384099], [10.3480298, 51.9385397], [10.3475798, 51.9386755], [10.347208, 51.9388009], [10.3469697, 51.9388265], [10.3468961, 51.9383541], [10.3468589, 51.9381065], [10.3466775, 51.9381438], [10.3466277, 51.9380405], [10.3464448, 51.938058], [10.3463814, 51.9380203], [10.3455991, 51.9382357], [10.3453907, 51.9382289], [10.3453596, 51.9381704], [10.345267, 51.9379869], [10.3451737, 51.937986], [10.3451818, 51.9379456], [10.3450771, 51.9379339], [10.3450419, 51.9379986], [10.3450017, 51.9381461], [10.3449642, 51.9382595], [10.3448634, 51.9384259], [10.3447885, 51.9384348], [10.3447949, 51.9385267], [10.3447327, 51.9387126], [10.3447081, 51.9388352], [10.3447048, 51.9391544], [10.3446567, 51.9393126], [10.344695, 51.9393321], [10.3448696, 51.9396928], [10.3449631, 51.9398387], [10.345026, 51.9399529], [10.3451351, 51.9400587], [10.3452407, 51.9401794], [10.3453531, 51.940263], [10.3453949, 51.9403555], [10.345454, 51.9406512], [10.3455089, 51.9408112], [10.3455335, 51.9408867], [10.3456083, 51.9409651], [10.3457634, 51.9410538], [10.3458776, 51.9411296], [10.3460096, 51.941211], [10.347139, 51.9420217], [10.3472136, 51.9420646], [10.3472806, 51.9421004], [10.347428, 51.9421483], [10.3475698, 51.9422294], [10.3476914, 51.942331], [10.3478081, 51.9424484], [10.3479091, 51.942622], [10.3479269, 51.9426908], [10.3480928, 51.9427489], [10.3482691, 51.9428641], [10.3489551, 51.9434248], [10.3492411, 51.9436672], [10.3494394, 51.9443279], [10.3486499, 51.9444039], [10.3486866, 51.94456], [10.348709, 51.944686], [10.3487073, 51.9447836], [10.3486786, 51.9449101], [10.3486486, 51.9449937], [10.3486025, 51.9450825], [10.3484702, 51.9452895], [10.3483751, 51.9454663], [10.3483097, 51.9456115], [10.3482212, 51.9459108], [10.3481887, 51.9461157], [10.3479254, 51.9462552], [10.3479025, 51.9463227], [10.3478293, 51.9464735], [10.3477843, 51.9466336], [10.3477116, 51.9469074], [10.3476895, 51.9470075], [10.3476932, 51.9472381], [10.347712, 51.9474453], [10.3480582, 51.9479021], [10.3477363, 51.9486622], [10.3474972, 51.9491955], [10.3472724, 51.9496883], [10.3470563, 51.9501579], [10.3471788, 51.950093], [10.3471504, 51.9504932], [10.3471402, 51.950674], [10.3471546, 51.9507373], [10.3471902, 51.950785], [10.3472479, 51.9507966], [10.3474901, 51.9509218], [10.3477067, 51.9510337], [10.347854, 51.9511215], [10.3479219, 51.9511886], [10.3480463, 51.9513597], [10.3480751, 51.9514834], [10.3480992, 51.9515281], [10.3481001, 51.9516627], [10.3481048, 51.9518183], [10.348082, 51.9519935], [10.3480322, 51.9521978], [10.3477609, 51.9530064], [10.3475234, 51.9536973], [10.3477259, 51.9536585], [10.3480409, 51.9535622], [10.3480602, 51.9539472], [10.3480384, 51.9539902], [10.3480172, 51.9540523], [10.3479415, 51.9543528], [10.3478054, 51.9546921], [10.3478042, 51.9549061], [10.3478747, 51.9554618], [10.3478492, 51.9556381], [10.3476614, 51.9557924], [10.3472615, 51.9561179], [10.3468116, 51.956464], [10.3467393, 51.9565962], [10.3465715, 51.9565939], [10.3465566, 51.9566337], [10.3464567, 51.9567442], [10.3464684, 51.956746], [10.346453, 51.9567599], [10.3463907, 51.9567592], [10.3463091, 51.9567549], [10.3463213, 51.9568128], [10.3465573, 51.9576134], [10.3469637, 51.95818], [10.3473678, 51.9586736], [10.3486769, 51.9587495], [10.3506626, 51.9588689], [10.3522115, 51.9588473], [10.352455, 51.9588734], [10.3528307, 51.9589517], [10.3531817, 51.9590682], [10.3533823, 51.9591856], [10.3536016, 51.9593388], [10.3537076, 51.9594491], [10.3538107, 51.9595652], [10.3539023, 51.9597141], [10.3540031, 51.9599076], [10.3541807, 51.9607259], [10.3543284, 51.9614623], [10.3543659, 51.9615715], [10.3544383, 51.9616994], [10.3545734, 51.9618459], [10.3547045, 51.961954], [10.3549169, 51.9620804], [10.3551406, 51.9621835], [10.3554112, 51.9622842], [10.3559807, 51.9624891], [10.3562115, 51.9626094], [10.3569207, 51.9632202], [10.3571139, 51.9633314], [10.3572652, 51.9633931], [10.3576799, 51.9635248], [10.3579597, 51.9636007], [10.3581565, 51.9636714], [10.3584171, 51.963822], [10.3586536, 51.9640269], [10.358848, 51.9634575], [10.3589997, 51.9635316], [10.3590973, 51.9635738], [10.3592673, 51.9636372], [10.3599058, 51.9637586], [10.3603423, 51.9638438], [10.3607402, 51.9639366], [10.3610481, 51.9640297], [10.3614342, 51.9641243], [10.361802, 51.9642553], [10.362299, 51.9643945], [10.3618703, 51.9646708], [10.3628127, 51.9652052], [10.3630308, 51.9652142], [10.3632023, 51.9652276], [10.3633398, 51.9652453], [10.363612, 51.965294], [10.3638502, 51.965347], [10.3639823, 51.9653954], [10.3641133, 51.9654556], [10.3641225, 51.9654511], [10.3647286, 51.9655587], [10.3649433, 51.9656725], [10.3649093, 51.9656962], [10.3648479, 51.9657308], [10.3650944, 51.9659892], [10.3651282, 51.9660274], [10.3653856, 51.9663182], [10.3663635, 51.9674235], [10.3659737, 51.9675525], [10.3656665, 51.9675561], [10.3653964, 51.967584], [10.365254, 51.9676087], [10.3651365, 51.9676411], [10.3650909, 51.9676702], [10.3650546, 51.9677052], [10.3650204, 51.9678075], [10.3649989, 51.9679237], [10.3650471, 51.9680724], [10.3651088, 51.9681544], [10.365257, 51.9683103], [10.3655101, 51.9685337], [10.365849, 51.9688155], [10.3661375, 51.9690181], [10.3664313, 51.9691965], [10.3666109, 51.9693725], [10.3667414, 51.9695157], [10.3668228, 51.9696231], [10.3669652, 51.9695658], [10.367198, 51.9699118], [10.3672673, 51.9700186], [10.3673174, 51.9700848], [10.3675453, 51.9702696], [10.3677547, 51.9704378], [10.3679708, 51.9706283], [10.3682796, 51.9709067], [10.3685471, 51.9715067], [10.3685784, 51.971643], [10.3685959, 51.9716806], [10.369072, 51.9716744], [10.3692522, 51.9716956], [10.3694396, 51.9717596], [10.3694386, 51.9718128], [10.3694561, 51.9718592], [10.3695274, 51.9719507], [10.3695258, 51.9720511], [10.3695472, 51.9730322], [10.3695558, 51.9733186], [10.3696633, 51.9734563], [10.369959, 51.9738453], [10.370048, 51.9739555], [10.3701304, 51.974078], [10.370489, 51.9745669], [10.3707063, 51.9748548], [10.3707213, 51.9749019], [10.3707147, 51.9749827], [10.3706472, 51.9750961], [10.3705523, 51.97525], [10.3704185, 51.9755099], [10.3702033, 51.9758993], [10.370692, 51.975998], [10.3704613, 51.9764966], [10.3701577, 51.9764383], [10.3701008, 51.9765451], [10.3701349, 51.9765623], [10.370167, 51.9765909], [10.370216, 51.976661], [10.3702297, 51.976711], [10.370237, 51.97682], [10.3702635, 51.9769181], [10.3702653, 51.9770443], [10.3702575, 51.9771032], [10.3702875, 51.9771479], [10.3703628, 51.9772235], [10.3705277, 51.9773216], [10.3706023, 51.9773874], [10.3708344, 51.9774907], [10.3709141, 51.9775444], [10.3709366, 51.977602], [10.3709399, 51.9776992], [10.370926, 51.9777659], [10.3709085, 51.9778738], [10.3704927, 51.9785694], [10.3704347, 51.9787114], [10.3703983, 51.9789195], [10.3703981, 51.9790492], [10.3704576, 51.9792439], [10.370504, 51.979437], [10.3707758, 51.9801704], [10.371189, 51.9811386], [10.3713153, 51.9813876], [10.3715042, 51.9816632], [10.3716935, 51.9820315], [10.37179, 51.982166], [10.3719525, 51.9825224], [10.371909, 51.9832571], [10.3720478, 51.9834807], [10.3720713, 51.9836026], [10.3721453, 51.9836506], [10.3720998, 51.9838314], [10.3721661, 51.9838919], [10.3723291, 51.9840369], [10.3723903, 51.9840913], [10.3725639, 51.9843145], [10.3726646, 51.9844676], [10.3735394, 51.9856252], [10.3735698, 51.9856674], [10.3736243, 51.9857072], [10.3736919, 51.9857403], [10.3737715, 51.9857688], [10.3739782, 51.9858059], [10.3742443, 51.9858345], [10.3743016, 51.9859212], [10.3742684, 51.9860562], [10.3742479, 51.986115], [10.3740741, 51.986517], [10.3727947, 51.9876497], [10.3722371, 51.9876567], [10.3721915, 51.9878465], [10.3722868, 51.9878546], [10.3722319, 51.9880847], [10.372238, 51.9882874], [10.3722989, 51.988455], [10.3723902, 51.9886031], [10.3724496, 51.988721], [10.3724586, 51.9888127], [10.3724313, 51.9889331], [10.3723489, 51.9890756], [10.3721458, 51.9893227], [10.3718481, 51.9897164], [10.3717555, 51.9899316], [10.3717249, 51.990517], [10.3717657, 51.9906935], [10.3718727, 51.9908501], [10.3719444, 51.9909152], [10.3721458, 51.9910941], [10.372392, 51.9912697], [10.3726238, 51.9914033], [10.3728708, 51.9915783], [10.3730055, 51.9917288], [10.373258, 51.9920815], [10.3734107, 51.9923646], [10.37347, 51.9924815], [10.373516, 51.9926187], [10.3734619, 51.9928246], [10.3734868, 51.99318], [10.3735744, 51.9944713], [10.3737582, 51.9948125], [10.3739249, 51.9951458], [10.3739441, 51.99524], [10.3739453, 51.9958125], [10.3740178, 51.9962298], [10.3741672, 51.9964468], [10.3744341, 51.9967448], [10.3746854, 51.9971362], [10.3747067, 51.9972325], [10.3747249, 51.9975237], [10.3746523, 51.9976412], [10.3745721, 51.9978109], [10.3745241, 51.9978944], [10.374489, 51.9979926], [10.3743586, 51.9982781], [10.3742117, 51.9986384], [10.373924, 51.9992856], [10.3738622, 51.999407], [10.3738324, 51.999622], [10.3737593, 51.999769], [10.3737714, 52.00005], [10.373941, 52.0002706], [10.3740816, 52.0004671], [10.3743289, 52.0007646], [10.3744347, 52.0009125], [10.3744383, 52.0010272], [10.3744004, 52.0011504], [10.3743578, 52.0012835], [10.3743327, 52.0014055], [10.374327, 52.0018203], [10.3742929, 52.002207], [10.3742741, 52.0027953], [10.3742419, 52.002995], [10.3741396, 52.0035127], [10.3741071, 52.0036551], [10.3739433, 52.0040149], [10.3739677, 52.006044], [10.374003, 52.0062572], [10.3740208, 52.0063319], [10.3740594, 52.0064198], [10.3740831, 52.0065331], [10.3740682, 52.0066582], [10.3740488, 52.0067353], [10.3739886, 52.0068033], [10.3739404, 52.0068577], [10.3738899, 52.007039], [10.3738365, 52.0071261], [10.3737793, 52.0071902], [10.3737156, 52.0072608], [10.3736006, 52.0074576], [10.3734383, 52.0076967], [10.3732202, 52.0076531], [10.3726193, 52.0089899], [10.3720974, 52.0101666], [10.3720249, 52.0102782], [10.3718238, 52.0104766], [10.3716817, 52.010572], [10.3714988, 52.0106891], [10.3711253, 52.0108938], [10.3707794, 52.011098], [10.3695024, 52.0117904], [10.3680365, 52.011794], [10.3677756, 52.01246], [10.3675954, 52.0128442], [10.3667041, 52.0133667], [10.3660632, 52.0135705], [10.3657064, 52.0136777], [10.3652763, 52.0137793], [10.3649437, 52.013825], [10.3646654, 52.013854], [10.3629189, 52.0138505], [10.3616439, 52.0138632], [10.3612272, 52.0138531], [10.3612192, 52.0138776], [10.3611497, 52.0138773], [10.3612294, 52.0136585], [10.3588745, 52.0132465], [10.3580337, 52.0144612], [10.3579068, 52.0146664], [10.3577753, 52.0148143], [10.357708, 52.0148968], [10.3576676, 52.0149446], [10.357627, 52.0149838], [10.3574541, 52.0151235], [10.3572444, 52.0153109], [10.3570013, 52.0155157], [10.3574155, 52.0156941], [10.3573973, 52.0159134], [10.357411, 52.0160574], [10.357447, 52.0162185], [10.3575354, 52.0166112], [10.3576848, 52.0173845], [10.3577861, 52.0180523], [10.3578813, 52.018862], [10.3571579, 52.0187464], [10.3566987, 52.0186767], [10.3545926, 52.018364], [10.3537937, 52.0182393], [10.3537497, 52.0183009], [10.3534123, 52.0186275], [10.3532282, 52.0188153], [10.3530699, 52.0190899], [10.3528834, 52.0194513], [10.3527907, 52.0196557], [10.3526936, 52.0198139], [10.3526297, 52.0198432], [10.3524881, 52.0198575], [10.3523426, 52.019835], [10.3522289, 52.019775], [10.3520825, 52.0196575], [10.351813, 52.0194721], [10.3516054, 52.0193563], [10.3514815, 52.0192953], [10.351378, 52.0192485], [10.3513055, 52.0192321], [10.3511546, 52.0192087], [10.350948, 52.0191831], [10.3508507, 52.0191701], [10.350716, 52.0191698], [10.3505606, 52.0191831], [10.3504183, 52.0192114], [10.3502642, 52.0192602], [10.3501462, 52.0192983], [10.3499723, 52.0193472], [10.3499037, 52.0193746], [10.349499, 52.0195082], [10.3492409, 52.0196194], [10.3489767, 52.0197449], [10.3487486, 52.0198574], [10.3486586, 52.0199441], [10.3486058, 52.0200333], [10.3485531, 52.0201281], [10.3485328, 52.0202226], [10.3485413, 52.0203539], [10.3485399, 52.0205396], [10.3484145, 52.0207523], [10.3483359, 52.0209103], [10.3483175, 52.0209481], [10.3483006, 52.020996], [10.3483055, 52.0210447], [10.348337, 52.021079], [10.3484392, 52.0211033], [10.3485872, 52.0211347], [10.3484497, 52.0213354], [10.3483596, 52.0214669], [10.3481806, 52.0214286], [10.3479533, 52.0213815], [10.3478318, 52.0213998], [10.3476862, 52.0213988], [10.3474412, 52.021342], [10.3470721, 52.0213731], [10.3466498, 52.0214169], [10.3464682, 52.0215415], [10.3463637, 52.0215862], [10.3461675, 52.0216647], [10.3460859, 52.0217391], [10.3459254, 52.0218033], [10.3456982, 52.0219069], [10.3453767, 52.0220294], [10.3450878, 52.0221213], [10.3446611, 52.0222709], [10.344285, 52.0224181], [10.34399, 52.0225133], [10.3437768, 52.022579], [10.3434947, 52.0226611], [10.3432814, 52.0227227], [10.3430481, 52.0227764], [10.3427913, 52.0228222], [10.3424888, 52.0228869], [10.3421031, 52.022986], [10.3418025, 52.0230119], [10.3411893, 52.0230536], [10.3409647, 52.0230684], [10.3407901, 52.0230949], [10.3406719, 52.0231269], [10.3406163, 52.0231779], [10.3404458, 52.0233136], [10.3403778, 52.0233634], [10.3401967, 52.0235043], [10.3400869, 52.0236049], [10.3400364, 52.0236756], [10.3399995, 52.0237699], [10.3400152, 52.0239171], [10.3400279, 52.0240285], [10.3400267, 52.0240919], [10.3400137, 52.0241786], [10.3399131, 52.0243585], [10.3398608, 52.0244454], [10.33982, 52.0246296], [10.3398105, 52.0247543], [10.3398074, 52.0248727], [10.3397796, 52.0249166], [10.3396074, 52.0250771], [10.3394578, 52.0251859], [10.3393732, 52.0252575], [10.3392533, 52.0253146], [10.3390615, 52.0254024], [10.3387641, 52.0256157], [10.3387276, 52.0255583], [10.3386257, 52.0255166], [10.3385278, 52.0256099], [10.3383884, 52.02571], [10.3381369, 52.0257771], [10.3378993, 52.0258419], [10.3376718, 52.025898], [10.3374383, 52.0259872], [10.3371805, 52.0260758], [10.336911, 52.0261795], [10.3366541, 52.026236], [10.3360529, 52.0263371], [10.3353363, 52.0264836], [10.3349451, 52.0265568], [10.3348442, 52.0265564], [10.334575, 52.0265299], [10.3343252, 52.0265327], [10.3342075, 52.0265487], [10.3340291, 52.0265886], [10.3336962, 52.0266739], [10.3334283, 52.0267178], [10.3330312, 52.0267685], [10.3305306, 52.0269214], [10.3304344, 52.0269028], [10.3303769, 52.0269108], [10.3303274, 52.0269571], [10.3301874, 52.0270758], [10.3299164, 52.0273044], [10.3296362, 52.0275361], [10.3296096, 52.0275764], [10.3294754, 52.027735], [10.329419, 52.0278613], [10.3294223, 52.0281288], [10.3294427, 52.0281914], [10.3294421, 52.0283285], [10.3294458, 52.0284541], [10.3293482, 52.0285952], [10.3292725, 52.0286989], [10.3292007, 52.0287739], [10.3290517, 52.0289013], [10.3289479, 52.0289938], [10.3288393, 52.0290471], [10.3286793, 52.0290693], [10.3282782, 52.0290855], [10.3279336, 52.0290981], [10.3272261, 52.0291353], [10.3270565, 52.0291517], [10.3268099, 52.0291847], [10.326589, 52.0292329], [10.3262904, 52.0292886], [10.3260181, 52.0293393], [10.3255145, 52.029411], [10.3252084, 52.0294211], [10.3249757, 52.0294054], [10.3247073, 52.029358], [10.3243301, 52.029304], [10.3235777, 52.0291813], [10.3230365, 52.0290941], [10.3226695, 52.0290344], [10.3224571, 52.0289928], [10.3222098, 52.02898], [10.3219774, 52.0289865], [10.321821, 52.0289708], [10.321669, 52.0289434], [10.3215637, 52.0288979], [10.3212812, 52.02877], [10.3210037, 52.0286536], [10.3209085, 52.0286284], [10.3207149, 52.0286335], [10.3206642, 52.0283543], [10.3205512, 52.0283672], [10.3202365, 52.028432], [10.3200957, 52.028477], [10.3199351, 52.0285261], [10.3197776, 52.0285712], [10.3195997, 52.0286256], [10.319441, 52.0286915], [10.3192711, 52.0288566], [10.3191752, 52.0289713], [10.3190498, 52.0291035], [10.3188635, 52.0292255], [10.318729, 52.0293175], [10.3186704, 52.0293949], [10.3184705, 52.0295079], [10.3182615, 52.0296297], [10.3179656, 52.0296884], [10.3177211, 52.029729], [10.3169518, 52.0298368], [10.3153417, 52.0300916], [10.315317, 52.0299024], [10.3145126, 52.0299736], [10.3141484, 52.0302919], [10.3137351, 52.0303834], [10.3134484, 52.03043], [10.313156, 52.0304964], [10.3132019, 52.0305763], [10.3129506, 52.0306051], [10.3128456, 52.0306177], [10.31271, 52.030646], [10.3125624, 52.0306897], [10.3117874, 52.031117], [10.3123972, 52.0307652], [10.3120773, 52.0309087], [10.3117954, 52.031086], [10.3115957, 52.0312225], [10.311397, 52.031396], [10.3112442, 52.0315548], [10.3107962, 52.03191], [10.3106456, 52.0319165], [10.3105343, 52.0319791], [10.310335, 52.0320911], [10.3101141, 52.0322153], [10.3097007, 52.0324477], [10.3092995, 52.0326143], [10.3091006, 52.0326725], [10.3088851, 52.03272], [10.308759, 52.0327402], [10.3086268, 52.0327777], [10.3085073, 52.0328076], [10.3084827, 52.0329164], [10.3080583, 52.0329671], [10.3078766, 52.0329928], [10.3075793, 52.033002], [10.307305, 52.0329784], [10.3070734, 52.0329533], [10.3066927, 52.0328875], [10.306375, 52.0328028], [10.3063042, 52.032782], [10.3062014, 52.0327748], [10.3060735, 52.0327412], [10.3060862, 52.0327128], [10.3058822, 52.0326617], [10.3056078, 52.0325573], [10.3050855, 52.0322611], [10.3049659, 52.03225], [10.3048018, 52.0321932], [10.3046117, 52.0321317], [10.3044794, 52.0320818], [10.3040008, 52.0318729], [10.3035958, 52.0319042], [10.303111, 52.0319524], [10.3025302, 52.0320417], [10.3019243, 52.0320655], [10.3010648, 52.0321236], [10.3002996, 52.032166], [10.2999692, 52.0321963], [10.2995517, 52.0322009], [10.2993495, 52.0321794], [10.2990458, 52.0321354], [10.2988246, 52.0321201], [10.2984791, 52.0321269], [10.2982857, 52.0321332], [10.2981079, 52.0321546], [10.2980125, 52.0321744], [10.2978526, 52.0322476], [10.2977281, 52.0322954], [10.2976227, 52.0323051], [10.2974736, 52.0323003], [10.2973203, 52.0323063], [10.2968407, 52.0323226], [10.2963084, 52.0323403], [10.2957863, 52.0323703], [10.2955006, 52.0324163], [10.2951835, 52.0324474], [10.2947781, 52.0324486], [10.2944, 52.0323995], [10.2942332, 52.0323336], [10.2937826, 52.0320925], [10.2935103, 52.0319627], [10.2931623, 52.031783], [10.2929835, 52.03168], [10.2927415, 52.0313142], [10.2925477, 52.0311793], [10.2923393, 52.0310159], [10.2920225, 52.0308749], [10.291754, 52.030778], [10.2914056, 52.0306791], [10.2911051, 52.0306093], [10.2907418, 52.0305486], [10.2904778, 52.0305071], [10.2902689, 52.0305027], [10.2901036, 52.0305134], [10.2899247, 52.030538], [10.2898023, 52.0306279], [10.2895351, 52.0308365], [10.2891545, 52.0311262], [10.2889002, 52.0313004], [10.2889618, 52.0313474], [10.2889256, 52.0313763], [10.2885074, 52.0316494], [10.2881257, 52.0318992], [10.2879844, 52.0319778], [10.2877055, 52.0321411], [10.2873882, 52.0323076], [10.2871981, 52.0324206], [10.287028, 52.0325352], [10.2869119, 52.0326054], [10.2867704, 52.0327551], [10.3507919, 51.9391398]]]}}, {"type": "Feature", "properties": {"name": "Reitlingstal", "stufe": "streng", "art": "Naturschutzgebiet"}, "geometry": {"type": "Polygon", "coordinates": [[[10.744189, 52.2073371], [10.7428694, 52.2078894], [10.7409435, 52.2080965], [10.7407826, 52.207771], [10.7407021, 52.2077875], [10.7406056, 52.2074226], [10.7435775, 52.2070018], [10.7442212, 52.2067553], [10.7441997, 52.2063575], [10.7462624, 52.2062983], [10.746721, 52.206341], [10.7471716, 52.2064002], [10.7479253, 52.206627], [10.7488561, 52.206844], [10.7486737, 52.2072221], [10.7485315, 52.2072763], [10.7478261, 52.2069295], [10.7467747, 52.2069032], [10.7452512, 52.2072812], [10.744189, 52.2073371]]]}}, {"type": "Feature", "properties": {"name": "Reitlingstal", "stufe": "streng", "art": "Naturschutzgebiet"}, "geometry": {"type": "Polygon", "coordinates": [[[10.7609334, 52.206323], [10.760698, 52.2073059], [10.7605639, 52.2076428], [10.7603869, 52.2078401], [10.7598478, 52.2081474], [10.7593033, 52.2083315], [10.7589063, 52.2083923], [10.758622, 52.2084071], [10.7567525, 52.208205], [10.7562053, 52.2080702], [10.7558888, 52.2078992], [10.7560793, 52.2074489], [10.7561544, 52.2067848], [10.7562482, 52.2066698], [10.7564789, 52.2065366], [10.756723, 52.2064331], [10.7569966, 52.2063903], [10.7571629, 52.2063756], [10.7575411, 52.2063986], [10.7585925, 52.2066057], [10.7590699, 52.2063871], [10.7591423, 52.2062506], [10.7609334, 52.206323]]]}}, {"type": "Feature", "properties": {"name": "Reitlingstal", "stufe": "streng", "art": "Naturschutzgebiet"}, "geometry": {"type": "Polygon", "coordinates": [[[10.7670102, 52.20895], [10.768566, 52.2092609], [10.7696299, 52.2095454], [10.7700081, 52.2096754], [10.7703684, 52.2093744], [10.7696878, 52.2081989], [10.7695315, 52.2079496], [10.7687321, 52.2082039], [10.7683461, 52.208293], [10.7673131, 52.2083655], [10.7671486, 52.2083678], [10.7670102, 52.20895]]]}}, {"type": "Feature", "properties": {"name": "Naturschutzgebiet „Riddagshausen“", "stufe": "streng", "art": "Naturschutzgebiet"}, "geometry": {"type": "Polygon", "coordinates": [[[10.5702464, 52.2728007], [10.5701422, 52.2724802], [10.5697458, 52.2719403], [10.5698201, 52.2717476], [10.569794, 52.271393], [10.5700325, 52.2709534], [10.570463, 52.2703426], [10.5686232, 52.2702168], [10.5683791, 52.2702101], [10.5658182, 52.2710406], [10.5656427, 52.2711161], [10.5679514, 52.2713007], [10.5676936, 52.2723074], [10.5702464, 52.2728007]]]}}, {"type": "Feature", "properties": {"name": "Naturschutzgebiet „Riddagshausen“", "stufe": "streng", "art": "Naturschutzgebiet"}, "geometry": {"type": "Polygon", "coordinates": [[[10.586832, 52.2614571], [10.5865607, 52.2617206], [10.5847783, 52.2632232], [10.5844335, 52.2635803], [10.5847296, 52.2636992], [10.5818972, 52.2658004], [10.579597, 52.2685476], [10.5790477, 52.2688627], [10.5772119, 52.269345], [10.579144, 52.267047], [10.5784655, 52.2663273], [10.5784565, 52.2663332], [10.57786, 52.266725], [10.5776918, 52.2667204], [10.5774181, 52.2667129], [10.576264, 52.2666814], [10.5761405, 52.266546], [10.5759043, 52.2662871], [10.5756412, 52.2663134], [10.5750399, 52.2665943], [10.573985, 52.2669771], [10.573381, 52.2673188], [10.5732352, 52.2674994], [10.5731314, 52.267442], [10.5729918, 52.2675225], [10.5727985, 52.2675422], [10.5725442, 52.2674771], [10.5715961, 52.2667662], [10.5713946, 52.2665993], [10.5726348, 52.2663906], [10.5733515, 52.2661705], [10.5739474, 52.2659339], [10.5746238, 52.2655446], [10.5752063, 52.2652522], [10.5756278, 52.2648678], [10.5761485, 52.2642451], [10.5763337, 52.2638673], [10.5765351, 52.2637391], [10.5765782, 52.2634481], [10.576604, 52.2630016], [10.5788098, 52.2610579], [10.5828452, 52.2611947], [10.5868749, 52.2613677], [10.586832, 52.2614571]]]}}, {"type": "Feature", "properties": {"name": "Naturschutzgebiet „Riddagshausen“", "stufe": "streng", "art": "Naturschutzgebiet"}, "geometry": {"type": "Polygon", "coordinates": [[[10.5876776, 52.2611013], [10.5863034, 52.2610734], [10.5863641, 52.2609386], [10.5860659, 52.2609283], [10.5833932, 52.2608361], [10.5807078, 52.2607435], [10.5802751, 52.2606691], [10.5782403, 52.2606738], [10.5757652, 52.2606133], [10.5746947, 52.2604832], [10.5746127, 52.2602469], [10.5752393, 52.2597741], [10.5757285, 52.2591699], [10.5763576, 52.258488], [10.5765208, 52.2583474], [10.5769044, 52.2581087], [10.5771018, 52.2579195], [10.5772134, 52.2576569], [10.5774641, 52.2572102], [10.5771367, 52.2571039], [10.5774221, 52.2563657], [10.5820371, 52.257804], [10.5825756, 52.2578808], [10.5849861, 52.2587221], [10.5851721, 52.258787], [10.5895429, 52.2603506], [10.5893582, 52.2605198], [10.5890271, 52.2607424], [10.5887536, 52.2608298], [10.5884885, 52.2609012], [10.5880565, 52.2610136], [10.5878416, 52.2610928], [10.5876776, 52.2611013]]]}}, {"type": "Feature", "properties": {"name": "Naturschutzgebiet „Riddagshausen“", "stufe": "streng", "art": "Naturschutzgebiet"}, "geometry": {"type": "Polygon", "coordinates": [[[10.5879445, 52.2628779], [10.5898543, 52.2636133], [10.5904422, 52.2630556], [10.5906911, 52.2631274], [10.5910559, 52.262786], [10.5904122, 52.2625364], [10.5903907, 52.2623394], [10.5902362, 52.2622514], [10.589983, 52.2621818], [10.5897684, 52.2621687], [10.5904336, 52.2616302], [10.5915494, 52.2617484], [10.5924893, 52.2618837], [10.5942745, 52.2622606], [10.5971027, 52.2629606], [10.6065698, 52.2652024], [10.6071019, 52.2653114], [10.6179423, 52.2679469], [10.6179209, 52.268052], [10.6184316, 52.2681478], [10.6186719, 52.268459], [10.6150026, 52.2685772], [10.6152816, 52.2702843], [10.6129642, 52.2702449], [10.6129813, 52.2703808], [10.6135323, 52.2748432], [10.6135739, 52.2751555], [10.6135484, 52.2751842], [10.6109042, 52.2749192], [10.6099816, 52.2754443], [10.6084409, 52.2752838], [10.6085872, 52.2747813], [10.6076197, 52.2746882], [10.6073173, 52.2758017], [10.6034248, 52.2754464], [10.6039305, 52.2770329], [10.6038661, 52.2775056], [10.6012697, 52.2780438], [10.6013341, 52.2787265], [10.5995539, 52.2790785], [10.5995102, 52.279291], [10.5965233, 52.2798857], [10.5969782, 52.2817459], [10.5971928, 52.2818509], [10.595326, 52.2832687], [10.5951114, 52.2833868], [10.5948324, 52.2834918], [10.5944891, 52.2835049], [10.5937982, 52.2834958], [10.591249, 52.2833343], [10.5913992, 52.2826779], [10.5890389, 52.2825467], [10.589021, 52.2825872], [10.5887599, 52.2831768], [10.5848761, 52.2828749], [10.5847151, 52.2828752], [10.5844469, 52.2828489], [10.5841572, 52.2829014], [10.5838354, 52.2829605], [10.5835886, 52.2830458], [10.5833097, 52.2830918], [10.5824097, 52.28329], [10.5825949, 52.283153], [10.5844362, 52.2810439], [10.58302, 52.2807486], [10.5828912, 52.2807289], [10.5826981, 52.2807026], [10.5824514, 52.2806829], [10.5821831, 52.2806435], [10.5819256, 52.2806041], [10.5816574, 52.2805451], [10.5814428, 52.2804991], [10.5738479, 52.2782145], [10.5751515, 52.2764723], [10.5756074, 52.276022], [10.5757147, 52.2759432], [10.5701572, 52.2748666], [10.5705863, 52.2727528], [10.5705649, 52.2725558], [10.5705005, 52.2723457], [10.5701786, 52.2719387], [10.570066, 52.2716275], [10.5701947, 52.2712992], [10.5708438, 52.2704549], [10.5713588, 52.2704024], [10.5720455, 52.2703499], [10.5738264, 52.2703762], [10.5752212, 52.2701136], [10.5762512, 52.2698378], [10.5776641, 52.2700336], [10.5781126, 52.2695003], [10.5778707, 52.2694311], [10.5789114, 52.2691881], [10.5793834, 52.269024], [10.5798233, 52.2687745], [10.5801661, 52.2684988], [10.5804665, 52.2681245], [10.5809279, 52.2675139], [10.5815072, 52.2668114], [10.5826659, 52.2655047], [10.5853547, 52.2635569], [10.5862452, 52.2627371], [10.5875365, 52.2632448], [10.5879445, 52.2628779]]]}}, {"type": "Feature", "properties": {"name": "Heiden und Magerrasen in der Südheide", "stufe": "streng", "art": "Naturschutzgebiet"}, "geometry": {"type": "Polygon", "coordinates": [[[10.2096888, 52.8326639], [10.208873, 52.8323899], [10.2071624, 52.8318153], [10.2058144, 52.8305911], [10.2070493, 52.8304624], [10.2090278, 52.8300394], [10.211989, 52.8293905], [10.2136459, 52.829031], [10.2137327, 52.8290122], [10.213624, 52.8295376], [10.213911, 52.8299238], [10.2151241, 52.8310403], [10.2128043, 52.830954], [10.2117797, 52.831008], [10.2102118, 52.8322965], [10.2096888, 52.8326639]]]}}, {"type": "Feature", "properties": {"name": "Heiden und Magerrasen in der Südheide", "stufe": "streng", "art": "Naturschutzgebiet"}, "geometry": {"type": "Polygon", "coordinates": [[[10.2181442, 52.8280522], [10.2179958, 52.8270304], [10.2189622, 52.8270095], [10.2189439, 52.8267448], [10.2205896, 52.8267052], [10.2205793, 52.826461], [10.2205096, 52.8259148], [10.2268211, 52.8257448], [10.2269133, 52.8241395], [10.2268088, 52.8239946], [10.2264275, 52.8239091], [10.2261385, 52.8237865], [10.2260032, 52.8233629], [10.2258099, 52.8224312], [10.2278998, 52.8213108], [10.2261033, 52.8199619], [10.2263401, 52.8198636], [10.2267043, 52.8201373], [10.2272762, 52.8204272], [10.2277866, 52.8205647], [10.2285183, 52.8206205], [10.2294223, 52.8206613], [10.2302094, 52.8207468], [10.2312241, 52.821765], [10.2325093, 52.8229244], [10.2330505, 52.8230731], [10.2339298, 52.823467], [10.23484, 52.8239983], [10.2365837, 52.825018], [10.2399972, 52.8242823], [10.2407233, 52.8290326], [10.2330091, 52.8286104], [10.2293003, 52.8283916], [10.2240736, 52.8282418], [10.2181442, 52.8280522]]]}}, {"type": "Feature", "properties": {"name": "Heiden und Magerrasen in der Südheide", "stufe": "streng", "art": "Naturschutzgebiet"}, "geometry": {"type": "Polygon", "coordinates": [[[10.1418391, 52.8180888], [10.1402433, 52.8181413], [10.1388214, 52.8181413], [10.1374908, 52.8180441], [10.1365863, 52.8178312], [10.1355601, 52.8174055], [10.1347166, 52.8169298], [10.1340034, 52.816646], [10.1325554, 52.8160442], [10.1323728, 52.8158602], [10.1302936, 52.8152077], [10.1301987, 52.8159733], [10.1293507, 52.8167433], [10.1293778, 52.8168497], [10.1295073, 52.8170428], [10.1298069, 52.8171315], [10.1301341, 52.8169986], [10.1307242, 52.817044], [10.1309707, 52.8171354], [10.1310676, 52.8172612], [10.1313572, 52.8175044], [10.13299, 52.8192195], [10.1325554, 52.8214208], [10.1282615, 52.8198258], [10.1281419, 52.8197115], [10.1267157, 52.8176276], [10.1262309, 52.8168959], [10.1234843, 52.8171139], [10.1241458, 52.8200899], [10.1223869, 52.8198468], [10.1182039, 52.8192437], [10.1168537, 52.8190453], [10.1158384, 52.8200504], [10.1170711, 52.8200491], [10.1173994, 52.820082], [10.1181321, 52.8202331], [10.1186909, 52.8204328], [10.119117, 52.8206482], [10.119417, 52.8207888], [10.119691, 52.8208414], [10.1199649, 52.8208296], [10.1206628, 52.8207862], [10.1210433, 52.8207849], [10.1217086, 52.8208519], [10.1228087, 52.8210017], [10.1238762, 52.8212093], [10.1247568, 52.8214405], [10.1254916, 52.8216928], [10.1252764, 52.8220449], [10.1263591, 52.8219082], [10.12687, 52.8218425], [10.1272788, 52.8218622], [10.1284419, 52.8221], [10.132088, 52.8227832], [10.1320315, 52.8228923], [10.1331599, 52.8228108], [10.1332271, 52.8232952], [10.13448, 52.8232051], [10.134516, 52.8232041], [10.1344902, 52.8229227], [10.135447, 52.8228677], [10.1361382, 52.822828], [10.1361832, 52.8227114], [10.1368168, 52.8222835], [10.1373959, 52.8225446], [10.1387323, 52.8216645], [10.1395837, 52.8211925], [10.1403973, 52.8210396], [10.1427709, 52.8205921], [10.1436408, 52.8203596], [10.1475406, 52.8195322], [10.160248, 52.8168461], [10.1638954, 52.8147358], [10.1698311, 52.8116053], [10.1713964, 52.8108252], [10.1714952, 52.8107286], [10.1729343, 52.8093663], [10.1737473, 52.8086022], [10.1737798, 52.8085716], [10.1705167, 52.8058604], [10.1630177, 52.7999421], [10.1615295, 52.8007284], [10.1611821, 52.8005555], [10.1602597, 52.8003083], [10.1592819, 52.8001149], [10.1583318, 52.7998919], [10.1576861, 52.7998045], [10.1572834, 52.7997617], [10.156776, 52.7992022], [10.1555738, 52.7982615], [10.154018, 52.7970178], [10.1533477, 52.7974175], [10.1524161, 52.798189], [10.1515582, 52.7989902], [10.1496335, 52.8007804], [10.1452059, 52.8047863], [10.1453627, 52.8049145], [10.1452676, 52.8094177], [10.1453196, 52.8110554], [10.1456486, 52.8107116], [10.1459192, 52.8102804], [10.1462513, 52.8099459], [10.1464603, 52.8095985], [10.1468599, 52.8089564], [10.1494909, 52.8071907], [10.1502154, 52.8065834], [10.1514076, 52.8056785], [10.1524591, 52.8049777], [10.153852, 52.8041692], [10.1540525, 52.8041291], [10.1554391, 52.8033839], [10.1597614, 52.8015095], [10.1617268, 52.8031052], [10.165575, 52.806165], [10.1677231, 52.8079761], [10.1683014, 52.8081391], [10.1682275, 52.8085754], [10.1681515, 52.8091588], [10.1646628, 52.8118812], [10.162855, 52.8134094], [10.1609136, 52.8140208], [10.1597329, 52.8143423], [10.1587275, 52.814649], [10.1572639, 52.8151135], [10.155333, 52.8156376], [10.1546196, 52.8157788], [10.1529931, 52.8162174], [10.1510788, 52.8167489], [10.1457446, 52.8179793], [10.1448789, 52.8179883], [10.1418391, 52.8180888]]]}}, {"type": "Feature", "properties": {"name": "Heiden und Magerrasen in der Südheide", "stufe": "streng", "art": "Naturschutzgebiet"}, "geometry": {"type": "Polygon", "coordinates": [[[10.2162552, 52.8598482], [10.2170277, 52.8585461], [10.2168131, 52.8580408], [10.2162766, 52.8578141], [10.2164268, 52.856227], [10.2181435, 52.854426], [10.2188784, 52.8540275], [10.2222472, 52.8531659], [10.2247739, 52.852518], [10.2299774, 52.8520353], [10.2316886, 52.8517438], [10.2335393, 52.8510991], [10.2337915, 52.8506488], [10.2336681, 52.8500916], [10.2339041, 52.8496996], [10.2396548, 52.8498065], [10.2365863, 52.8540211], [10.2315706, 52.8533246], [10.2281213, 52.8529586], [10.2266836, 52.8533117], [10.2258146, 52.8537004], [10.2274239, 52.8540081], [10.2276975, 52.8542705], [10.227322, 52.8545199], [10.2266407, 52.8545102], [10.2273112, 52.8547045], [10.2251226, 52.8550349], [10.2240282, 52.8548309], [10.2233416, 52.8556634], [10.2283841, 52.8571728], [10.2334052, 52.8586902], [10.2272308, 52.8621801], [10.2263617, 52.8616425], [10.2241087, 52.8629347], [10.2234435, 52.8628667], [10.222773, 52.8626788], [10.2219254, 52.8625331], [10.2219039, 52.8620667], [10.2192807, 52.8617396], [10.2194148, 52.8621574], [10.2201283, 52.862993], [10.2200264, 52.8634464], [10.2196616, 52.8638544], [10.2196026, 52.8642528], [10.220021, 52.8645604], [10.2212548, 52.8650041], [10.2208954, 52.8655935], [10.2210134, 52.8659141], [10.2216679, 52.8661117], [10.2229262, 52.8660888], [10.222927, 52.8660888], [10.2232718, 52.8660825], [10.2209383, 52.8689808], [10.2161747, 52.8698065], [10.2137929, 52.8705448], [10.2138841, 52.8701821], [10.2122104, 52.8695766], [10.2160567, 52.8672775], [10.2155954, 52.8664614], [10.2152735, 52.8653409], [10.2141362, 52.8650721], [10.2134067, 52.866157], [10.212602, 52.8665488], [10.2108157, 52.8674912], [10.2097857, 52.8682619], [10.209099, 52.869188], [10.2089167, 52.8699393], [10.2088523, 52.8709107], [10.2083158, 52.8707617], [10.2084339, 52.8681583], [10.2069533, 52.8680806], [10.209496, 52.8651272], [10.2093673, 52.8647191], [10.2090025, 52.864486], [10.2099681, 52.8633589], [10.2098393, 52.8631128], [10.2108157, 52.8620246], [10.214721, 52.8641038], [10.215354, 52.8638253], [10.2156329, 52.8632877], [10.2146459, 52.8628278], [10.2142703, 52.8614611], [10.213927, 52.8611696], [10.2140021, 52.8607032], [10.2143454, 52.8599129], [10.2150643, 52.8596538], [10.2162552, 52.8598482]]]}}, {"type": "Feature", "properties": {"name": "Heiden und Magerrasen in der Südheide", "stufe": "streng", "art": "Naturschutzgebiet"}, "geometry": {"type": "Polygon", "coordinates": [[[10.1835403, 52.8636196], [10.1873074, 52.8675551], [10.196439, 52.8651401], [10.1980725, 52.8671787], [10.1978579, 52.8690682], [10.1965141, 52.8709269], [10.1960005, 52.8706589], [10.19535, 52.8703861], [10.1946366, 52.870208], [10.1942718, 52.8699976], [10.1938856, 52.8699749], [10.1934403, 52.8701724], [10.1931667, 52.8705545], [10.1930863, 52.8707326], [10.1929522, 52.8707617], [10.1927805, 52.8706484], [10.1926625, 52.8701692], [10.1921046, 52.8699296], [10.1917612, 52.8699684], [10.1910156, 52.8706678], [10.1907366, 52.8710337], [10.1912194, 52.8723192], [10.1846749, 52.873106], [10.1844764, 52.8730672], [10.1838756, 52.8723807], [10.1774222, 52.8687379], [10.1788437, 52.868372], [10.182631, 52.866931], [10.182454, 52.8664517], [10.1835403, 52.8636196]]]}}, {"type": "Feature", "properties": {"name": "Heiden und Magerrasen in der Südheide", "stufe": "streng", "art": "Naturschutzgebiet"}, "geometry": {"type": "Polygon", "coordinates": [[[10.1786768, 52.8766979], [10.173777, 52.877247], [10.1738012, 52.877799], [10.1728678, 52.8778071], [10.1724869, 52.8764684], [10.1721328, 52.8764619], [10.1725754, 52.8757869], [10.1723555, 52.8756444], [10.1727149, 52.875251], [10.1735437, 52.8750406], [10.1748875, 52.875005], [10.1754615, 52.8751636], [10.1778969, 52.876292], [10.1824553, 52.8760613], [10.18315, 52.876487], [10.1823306, 52.8765639], [10.1799381, 52.8774591], [10.1786768, 52.8766979]]]}}, {"type": "Feature", "properties": {"name": "Heiden und Magerrasen in der Südheide", "stufe": "streng", "art": "Naturschutzgebiet"}, "geometry": {"type": "Polygon", "coordinates": [[[10.2260452, 52.8647321], [10.2256966, 52.8664646], [10.2267963, 52.8666978], [10.2268392, 52.8668176], [10.2276224, 52.8670573], [10.228073, 52.866361], [10.2272952, 52.8648325], [10.2260452, 52.8647321]]]}}, {"type": "Feature", "properties": {"name": "Heiden und Magerrasen in der Südheide", "stufe": "streng", "art": "Naturschutzgebiet"}, "geometry": {"type": "Polygon", "coordinates": [[[10.2039492, 52.8769168], [10.2005106, 52.8781244], [10.2071679, 52.8833009], [10.2086002, 52.8826081], [10.2086431, 52.8796622], [10.2072054, 52.879659], [10.2071571, 52.8778395], [10.207479, 52.8770981], [10.2090025, 52.8770107], [10.2091366, 52.8761657], [10.2097481, 52.8747541], [10.2094263, 52.8747508], [10.2092493, 52.8750066], [10.2075916, 52.876088], [10.2057248, 52.8761366], [10.2054244, 52.876415], [10.2039492, 52.8769168]]]}}, {"type": "Feature", "properties": {"name": "Heiden und Magerrasen in der Südheide", "stufe": "streng", "art": "Naturschutzgebiet"}, "geometry": {"type": "Polygon", "coordinates": [[[10.2235588, 52.8784433], [10.2241623, 52.8796606], [10.2170759, 52.8789532], [10.2152252, 52.8777424], [10.2149785, 52.8775158], [10.2138895, 52.8762499], [10.2133906, 52.8762855], [10.2127576, 52.8754275], [10.2124786, 52.8756768], [10.2118564, 52.8745371], [10.2136373, 52.8754243], [10.2145439, 52.8755797], [10.2151018, 52.8761754], [10.2185672, 52.8757027], [10.2235588, 52.8784433]]]}}, {"type": "Feature", "properties": {"name": "Heiden und Magerrasen in der Südheide", "stufe": "streng", "art": "Naturschutzgebiet"}, "geometry": {"type": "Polygon", "coordinates": [[[10.2093941, 52.8889476], [10.2077633, 52.8905578], [10.2096891, 52.8908508], [10.2099922, 52.8905384], [10.2118993, 52.890498], [10.2142087, 52.8909203], [10.2121139, 52.8934787], [10.2147639, 52.8939771], [10.2135891, 52.8956309], [10.2153003, 52.8960435], [10.2158099, 52.8956907], [10.2160621, 52.8950467], [10.2148765, 52.8946098], [10.2150965, 52.8942862], [10.215472, 52.8942085], [10.216679, 52.8935289], [10.2175239, 52.8936923], [10.2186531, 52.892346], [10.2175561, 52.892168], [10.2172852, 52.8921923], [10.2172798, 52.8915353], [10.2145359, 52.8906307], [10.214611, 52.8904785], [10.2149302, 52.8902633], [10.2161211, 52.8879394], [10.215767, 52.8877905], [10.2157348, 52.887538], [10.2153432, 52.8873988], [10.2128702, 52.8900756], [10.2093941, 52.8889476]]]}}, {"type": "Feature", "properties": {"name": "Heiden und Magerrasen in der Südheide", "stufe": "streng", "art": "Naturschutzgebiet"}, "geometry": {"type": "Polygon", "coordinates": [[[10.2308444, 52.9200208], [10.2316256, 52.9158394], [10.2294959, 52.9155466], [10.2300679, 52.9123939], [10.2375063, 52.9068202], [10.2370262, 52.9065484], [10.2391344, 52.9049743], [10.2379623, 52.9045376], [10.2376083, 52.9045278], [10.2383298, 52.9036672], [10.2412802, 52.9026067], [10.239054, 52.9025735], [10.2377343, 52.9027386], [10.2357387, 52.9020591], [10.2317275, 52.9013602], [10.2319984, 52.9005581], [10.2282822, 52.9008295], [10.2246505, 52.9012704], [10.2240229, 52.9010123], [10.2236567, 52.9010835], [10.2238552, 52.901505], [10.2222674, 52.9024069], [10.221869, 52.9027612], [10.2212843, 52.9034698], [10.2206621, 52.9038265], [10.2217028, 52.9038128], [10.2245083, 52.9047349], [10.2261981, 52.9053982], [10.2275071, 52.906], [10.2236259, 52.9086052], [10.2248698, 52.909323], [10.2243192, 52.9112693], [10.2288455, 52.9117651], [10.2264798, 52.920772], [10.2308444, 52.9200208]]]}}, {"type": "Feature", "properties": {"name": "Heiden und Magerrasen in der Südheide", "stufe": "streng", "art": "Naturschutzgebiet"}, "geometry": {"type": "Polygon", "coordinates": [[[10.2251199, 52.8818021], [10.2270913, 52.8819121], [10.2274078, 52.8828541], [10.2293766, 52.882566], [10.2295455, 52.8817422], [10.2281025, 52.8817098], [10.2281374, 52.8812129], [10.2289313, 52.8806205], [10.2282822, 52.8805395], [10.2284485, 52.8803388], [10.2278691, 52.8799633], [10.2267587, 52.8807014], [10.2265763, 52.8805169], [10.2262813, 52.8806237], [10.2245486, 52.8799034], [10.2243018, 52.879748], [10.2251199, 52.8818021]]]}}, {"type": "Feature", "properties": {"name": "Heiden und Magerrasen in der Südheide", "stufe": "streng", "art": "Naturschutzgebiet"}, "geometry": {"type": "Polygon", "coordinates": [[[10.181998, 52.8786343], [10.1822448, 52.8788108], [10.1829448, 52.8800572], [10.1855385, 52.8795618], [10.1856619, 52.8794469], [10.1842967, 52.8773668], [10.1840955, 52.8774348], [10.1828939, 52.8782054], [10.181998, 52.8786343]]]}}, {"type": "Feature", "properties": {"name": "Heiden und Magerrasen in der Südheide", "stufe": "streng", "art": "Naturschutzgebiet"}, "geometry": {"type": "Polygon", "coordinates": [[[10.1629704, 52.8839321], [10.1633674, 52.8849615], [10.1644778, 52.8849226], [10.1650786, 52.8855118], [10.1665807, 52.8857837], [10.1692307, 52.8847349], [10.1688659, 52.8828121], [10.1629704, 52.8839321]]]}}, {"type": "Feature", "properties": {"name": "Heiden und Magerrasen in der Südheide", "stufe": "streng", "art": "Naturschutzgebiet"}, "geometry": {"type": "Polygon", "coordinates": [[[10.1697135, 52.8831552], [10.1714086, 52.8828574], [10.171709, 52.8844306], [10.1699495, 52.8851266], [10.1697135, 52.8831552]]]}}, {"type": "Feature", "properties": {"name": "Heiden und Magerrasen in der Südheide", "stufe": "streng", "art": "Naturschutzgebiet"}, "geometry": {"type": "Polygon", "coordinates": [[[10.179584, 52.8830904], [10.1803243, 52.8832782], [10.1801848, 52.8842105], [10.1799703, 52.8845083], [10.1809037, 52.8849291], [10.1795411, 52.8857124], [10.1774275, 52.8864618], [10.176875, 52.8867693], [10.1763573, 52.8873551], [10.1751986, 52.8875348], [10.1736858, 52.8875316], [10.1726693, 52.8875267], [10.1707488, 52.8877387], [10.1705128, 52.8871043], [10.1740211, 52.8868195], [10.173018, 52.8820222], [10.1819283, 52.8803259], [10.1801848, 52.8814006], [10.180217, 52.8818603], [10.179584, 52.8830904]]]}}, {"type": "Feature", "properties": {"name": "Sandberg bei Hoiersdorf", "stufe": "streng", "art": "Naturschutzgebiet"}, "geometry": {"type": "Polygon", "coordinates": [[[10.9495211, 52.1116119], [10.9495781, 52.1116568], [10.9502173, 52.1118034], [10.9506465, 52.1119352], [10.9516409, 52.1121668], [10.9519391, 52.1122295], [10.9522279, 52.1122557], [10.9524838, 52.1122609], [10.9526296, 52.1122609], [10.9526335, 52.1122487], [10.952611, 52.1122164], [10.9525382, 52.1121468], [10.9519512, 52.1119954], [10.9513846, 52.1118213], [10.951041, 52.1117264], [10.9501813, 52.1114518], [10.9498467, 52.1113167], [10.9498274, 52.1112456], [10.9498626, 52.1111373], [10.9499138, 52.1110324], [10.9499303, 52.1109419], [10.9498987, 52.1108934], [10.9498717, 52.1108685], [10.9498457, 52.1108685], [10.9498122, 52.1108809], [10.9496766, 52.1110214], [10.9495623, 52.1111024], [10.9494249, 52.1111642], [10.9492821, 52.1111526], [10.949187, 52.1111058], [10.9491076, 52.1109597], [10.9490048, 52.1107387], [10.9488654, 52.1105269], [10.9487863, 52.1107079], [10.9486539, 52.1108435], [10.9485945, 52.1108718], [10.9495211, 52.1116119]]]}}, {"type": "Feature", "properties": {"name": "Sandberg bei Hoiersdorf", "stufe": "streng", "art": "Naturschutzgebiet"}, "geometry": {"type": "Polygon", "coordinates": [[[10.9542898, 52.1109105], [10.9558327, 52.1109436], [10.9558835, 52.1107929], [10.9590036, 52.1110057], [10.959097, 52.1110057], [10.9591465, 52.110922], [10.9591615, 52.1108574], [10.9591883, 52.1108433], [10.9593854, 52.1108526], [10.9601282, 52.1109418], [10.960548, 52.1109997], [10.9608475, 52.1110417], [10.9615716, 52.1111568], [10.9617967, 52.1112193], [10.9617573, 52.1114415], [10.9616329, 52.1114137], [10.9611721, 52.1113336], [10.960902, 52.1113122], [10.9606346, 52.111291], [10.9601945, 52.1112698], [10.95979, 52.1112593], [10.9593621, 52.1112489], [10.9592668, 52.1112246], [10.9591168, 52.111192], [10.9588596, 52.1111539], [10.9577305, 52.1111328], [10.9564456, 52.1110801], [10.9561615, 52.1110583], [10.9560003, 52.1110858], [10.9557932, 52.1111011], [10.9555618, 52.1111011], [10.9552206, 52.1110592], [10.9548744, 52.1110428], [10.9547243, 52.1110626], [10.9544493, 52.1113159], [10.9543523, 52.111538], [10.9543082, 52.1116357], [10.9542447, 52.1116571], [10.9542898, 52.1109105]]]}}, {"type": "Feature", "properties": {"name": "Naturschutzgebiet Fuhsetal", "stufe": "streng", "art": "Naturschutzgebiet"}, "geometry": {"type": "Polygon", "coordinates": [[[10.1887238, 52.3459658], [10.1893778, 52.3457987], [10.1906696, 52.3453018], [10.1925551, 52.3458366], [10.1936365, 52.3452242], [10.1963009, 52.3433248], [10.1969716, 52.3434663], [10.1982277, 52.343527], [10.2001506, 52.343422], [10.2001048, 52.3430177], [10.2021168, 52.3423973], [10.2024986, 52.3430426], [10.2025241, 52.3433925], [10.2038667, 52.3435091], [10.2043885, 52.3435207], [10.2081245, 52.3437544], [10.2087472, 52.3431126], [10.2092945, 52.3423001], [10.20848, 52.3419191], [10.2095553, 52.3411688], [10.2133897, 52.3394502], [10.2140103, 52.339248], [10.213545, 52.3390082], [10.2170623, 52.336675], [10.2191987, 52.3347625], [10.2200674, 52.3338737], [10.2193431, 52.3336424], [10.2203315, 52.3325999], [10.2212533, 52.3328524], [10.2219106, 52.332076], [10.2222073, 52.3319572], [10.2226699, 52.3311059], [10.2228252, 52.3299719], [10.2229179, 52.328825], [10.2228597, 52.3281305], [10.2222467, 52.3271388], [10.2204664, 52.3276569], [10.2205683, 52.3272369], [10.2203277, 52.3268636], [10.2208737, 52.3267469], [10.221342, 52.3264366], [10.2201585, 52.3258214], [10.2193338, 52.3254978], [10.2187929, 52.3250436], [10.2187306, 52.3249704], [10.217198, 52.3250842], [10.2173416, 52.3259322], [10.2174386, 52.3266965], [10.2175331, 52.3266998], [10.2176033, 52.3270823], [10.2170699, 52.3273328], [10.2171654, 52.3278482], [10.217213, 52.3282817], [10.2169802, 52.3287017], [10.217107, 52.3294056], [10.2150994, 52.3294881], [10.2146316, 52.3295075], [10.2144438, 52.3287395], [10.2136261, 52.3288119], [10.2105781, 52.3281197], [10.2103236, 52.328563], [10.20991, 52.3291113], [10.2092991, 52.3296168], [10.2082585, 52.3304501], [10.2080445, 52.3305533], [10.2074335, 52.3312228], [10.2070221, 52.3310585], [10.2061751, 52.3319321], [10.2045443, 52.3331715], [10.2049202, 52.3332757], [10.2021352, 52.3350106], [10.2031673, 52.3352305], [10.2030522, 52.3352808], [10.1998786, 52.3363769], [10.1997472, 52.3364378], [10.1974715, 52.3377671], [10.1973855, 52.3378259], [10.1958447, 52.3390494], [10.1957398, 52.339114], [10.1941098, 52.3399041], [10.192126, 52.3405915], [10.1919758, 52.3406669], [10.1909477, 52.3419766], [10.191436, 52.3420925], [10.1911832, 52.3424354], [10.1907124, 52.342326], [10.1904246, 52.3427999], [10.1894619, 52.3427412], [10.1885986, 52.3431268], [10.1886311, 52.3434249], [10.1874911, 52.34373], [10.1873143, 52.3437465], [10.1864215, 52.3438438], [10.1862011, 52.3438673], [10.1850254, 52.3436523], [10.1852286, 52.344224], [10.1843888, 52.3444302], [10.1840993, 52.3440745], [10.1818838, 52.3450487], [10.1824565, 52.3456087], [10.1814439, 52.3460054], [10.1814551, 52.34581], [10.1809849, 52.3456976], [10.1804218, 52.3460337], [10.1798443, 52.3459556], [10.1793351, 52.3465041], [10.1784407, 52.3465643], [10.1778255, 52.348081], [10.1775352, 52.3480464], [10.1769617, 52.3490034], [10.1766475, 52.3492701], [10.1762199, 52.3497711], [10.1756637, 52.349225], [10.1754109, 52.3493808], [10.1744707, 52.3503898], [10.1740076, 52.3506285], [10.1733945, 52.3508469], [10.1726399, 52.3515818], [10.172327, 52.3521461], [10.1715955, 52.3532135], [10.1714921, 52.3545035], [10.1711398, 52.3548616], [10.1714767, 52.3555934], [10.1718046, 52.3557462], [10.171608, 52.3564405], [10.1714672, 52.3571488], [10.1715982, 52.3572268], [10.1713328, 52.3575649], [10.1720525, 52.3576032], [10.1722125, 52.3587132], [10.1753501, 52.3584159], [10.175338, 52.3581637], [10.1752898, 52.3577142], [10.1752562, 52.3574133], [10.1751388, 52.3567475], [10.1753338, 52.3563454], [10.1760928, 52.3555054], [10.1767721, 52.3547844], [10.177791, 52.3538393], [10.1786033, 52.3534708], [10.1789592, 52.3535271], [10.1793954, 52.3532581], [10.1792691, 52.3531389], [10.1789777, 52.3532336], [10.1787722, 52.3529084], [10.1796696, 52.3528687], [10.1797167, 52.3525611], [10.1795138, 52.3522988], [10.1793628, 52.352182], [10.1783288, 52.3515975], [10.1781527, 52.3513724], [10.1783643, 52.3509668], [10.1794893, 52.350409], [10.1814197, 52.3488335], [10.1815015, 52.3487708], [10.1831798, 52.3475781], [10.184373, 52.3469978], [10.1880009, 52.3461273], [10.1887238, 52.3459658]]]}}, {"type": "Feature", "properties": {"name": "Naturschutzgebiet Fuhsetal", "stufe": "streng", "art": "Naturschutzgebiet"}, "geometry": {"type": "Polygon", "coordinates": [[[10.1729471, 52.3832674], [10.173335, 52.3830736], [10.1743899, 52.3827552], [10.1748119, 52.3826514], [10.1757613, 52.3824511], [10.176406, 52.3823438], [10.1771093, 52.38224], [10.1774023, 52.3822222], [10.1781701, 52.3821792], [10.1780822, 52.3810452], [10.1774551, 52.3806946], [10.1768573, 52.3794819], [10.1763533, 52.3782977], [10.1763708, 52.3779363], [10.1765115, 52.3770419], [10.1765174, 52.3766913], [10.1763708, 52.3763443], [10.1762243, 52.3751457], [10.176154, 52.3743263], [10.1774661, 52.3743963], [10.1777193, 52.3744278], [10.1780211, 52.3730265], [10.1785881, 52.3731159], [10.1791006, 52.3723066], [10.1796255, 52.3714557], [10.17992, 52.3701613], [10.1797969, 52.3700825], [10.1786511, 52.3689607], [10.1782409, 52.3683882], [10.1779918, 52.3679946], [10.1772548, 52.3680107], [10.176953, 52.3672082], [10.1768765, 52.3666811], [10.1773772, 52.3654801], [10.177486, 52.3648571], [10.1780336, 52.3643647], [10.1784305, 52.3644935], [10.1789524, 52.3638729], [10.178522, 52.3637331], [10.1775147, 52.3627321], [10.1775558, 52.3618156], [10.1794065, 52.3614048], [10.1797525, 52.3613959], [10.1801978, 52.3605456], [10.1797, 52.360467], [10.1793241, 52.3595692], [10.17887, 52.359662], [10.1778352, 52.3586777], [10.1748133, 52.3590524], [10.1728537, 52.359237], [10.1726419, 52.3606442], [10.1722134, 52.3622389], [10.1718189, 52.3636156], [10.1714606, 52.364857], [10.1712237, 52.3658467], [10.1707658, 52.3674795], [10.169362, 52.3721371], [10.1690723, 52.3721942], [10.168633, 52.3734772], [10.1681921, 52.3752506], [10.1683745, 52.3754471], [10.1687114, 52.3769117], [10.169735, 52.3766238], [10.1704647, 52.3765801], [10.1709369, 52.3767199], [10.1723262, 52.3785362], [10.172277, 52.3805212], [10.1705908, 52.3804416], [10.1723276, 52.3818557], [10.1718656, 52.3819898], [10.1718806, 52.3827647], [10.172776, 52.3828028], [10.1726461, 52.3831961], [10.1729471, 52.3832674]]]}}, {"type": "Feature", "properties": {"name": "Wendschotter und Vorsfelder Drömling mit Kötherwiesen", "stufe": "streng", "art": "Naturschutzgebiet"}, "geometry": {"type": "Polygon", "coordinates": [[[10.8755492, 52.474336], [10.8753316, 52.4745206], [10.875217, 52.4746178], [10.8732848, 52.4746672], [10.8732, 52.4744429], [10.8755492, 52.474336]]]}}, {"type": "Feature", "properties": {"name": "Wendschotter und Vorsfelder Drömling mit Kötherwiesen", "stufe": "streng", "art": "Naturschutzgebiet"}, "geometry": {"type": "Polygon", "coordinates": [[[10.8849134, 52.4640797], [10.8843704, 52.4635825], [10.8807141, 52.4606397], [10.8768146, 52.457471], [10.8759126, 52.4566922], [10.8737522, 52.4549001], [10.8688969, 52.4509055], [10.865529, 52.4481325], [10.8628172, 52.4459782], [10.8601647, 52.4438375], [10.8566979, 52.440952], [10.8546138, 52.4394402], [10.8530223, 52.4384665], [10.85227, 52.4380864], [10.8503187, 52.4370979], [10.8492056, 52.4366376], [10.8491117, 52.4369769], [10.8485967, 52.4369557], [10.8485082, 52.4373236], [10.8468345, 52.4372353], [10.8467138, 52.4371895], [10.8456704, 52.4377569], [10.8456409, 52.4379335], [10.8432108, 52.4378337], [10.8429885, 52.4378785], [10.8422667, 52.4369082], [10.8414245, 52.4357374], [10.8408827, 52.4352371], [10.8399385, 52.4349427], [10.8400619, 52.4346811], [10.8398151, 52.4346517], [10.8401906, 52.4335724], [10.8410516, 52.4336345], [10.8410811, 52.4335478], [10.8401397, 52.4332568], [10.8387852, 52.4329019], [10.8379054, 52.4326958], [10.8353841, 52.4325094], [10.8339196, 52.4322674], [10.8322996, 52.4323197], [10.829891, 52.4317604], [10.8291775, 52.4316132], [10.8258475, 52.431527], [10.8255739, 52.4316705], [10.8255471, 52.4318692], [10.8255471, 52.4320793], [10.825578, 52.4322821], [10.825751, 52.4325029], [10.825991, 52.4326394], [10.8262378, 52.432749], [10.8271095, 52.432933], [10.8274475, 52.4330679], [10.8276741, 52.4331922], [10.8279383, 52.433399], [10.82811, 52.4336083], [10.8281717, 52.4337694], [10.8282146, 52.4339689], [10.8282052, 52.4342077], [10.8280496, 52.4345633], [10.8273496, 52.4354022], [10.8272302, 52.4356034], [10.834499, 52.4352551], [10.8345687, 52.4361495], [10.8387852, 52.4366826], [10.8390695, 52.436645], [10.8394906, 52.4368674], [10.8405849, 52.4372663], [10.8411428, 52.4375541], [10.8414915, 52.43777], [10.8418858, 52.4378239], [10.8417839, 52.4373563], [10.8422238, 52.4372402], [10.8426449, 52.4379899], [10.8430848, 52.4385099], [10.8433744, 52.4388688], [10.843868, 52.4393985], [10.8440584, 52.4395522], [10.8445711, 52.4399092], [10.8452734, 52.4403559], [10.8441539, 52.4407451], [10.8432857, 52.4409451], [10.8443122, 52.4417759], [10.8457402, 52.4430135], [10.8486868, 52.4455318], [10.8516588, 52.4480722], [10.8543254, 52.4503782], [10.8562935, 52.4520774], [10.8558128, 52.4522945], [10.8566074, 52.4538593], [10.8579081, 52.4563769], [10.8594549, 52.4575176], [10.8627776, 52.4598454], [10.8633771, 52.4603882], [10.865331, 52.4624092], [10.8676498, 52.4646851], [10.8707773, 52.4673002], [10.8713344, 52.4671245], [10.872238, 52.468028], [10.8732476, 52.4690376], [10.8736447, 52.4694346], [10.875528, 52.4713347], [10.8757033, 52.4720254], [10.875282, 52.4727368], [10.8750982, 52.472959], [10.873178, 52.4743855], [10.8732, 52.4744429], [10.8849134, 52.4640797]]]}}, {"type": "Feature", "properties": {"name": "Wendschotter und Vorsfelder Drömling mit Kötherwiesen", "stufe": "streng", "art": "Naturschutzgebiet"}, "geometry": {"type": "Polygon", "coordinates": [[[10.8849134, 52.4640797], [10.8848594, 52.4641048], [10.8837678, 52.4646113], [10.8836181, 52.4646777], [10.8833805, 52.4644779], [10.8811934, 52.4654311], [10.8814943, 52.4656844], [10.8817043, 52.4658613], [10.8819832, 52.4660961], [10.8819305, 52.4661197], [10.8818536, 52.466154], [10.8818068, 52.4661749], [10.8817255, 52.4662113], [10.8805616, 52.4667316], [10.8796525, 52.4671379], [10.8796391, 52.4671441], [10.882557, 52.4694472], [10.882543, 52.4694529], [10.882455, 52.4694891], [10.8812053, 52.4700036], [10.880553, 52.4702728], [10.880492, 52.4702979], [10.880656, 52.470447], [10.8809463, 52.470711], [10.880415, 52.470982], [10.8796797, 52.4713577], [10.8782998, 52.4720583], [10.8769936, 52.4724119], [10.8768602, 52.472525], [10.8765647, 52.4727756], [10.8763576, 52.4729512], [10.8758126, 52.4734132], [10.8761918, 52.4737909], [10.8758703, 52.4740636], [10.8755492, 52.474336], [10.8849134, 52.4640797]]]}}, {"type": "Feature", "properties": {"name": "Wendschotter und Vorsfelder Drömling mit Kötherwiesen", "stufe": "streng", "art": "Naturschutzgebiet"}, "geometry": {"type": "Polygon", "coordinates": [[[10.8828614, 52.4387885], [10.8829007, 52.4388412], [10.8828736, 52.4388403], [10.8829228, 52.4389242], [10.8877653, 52.4471917], [10.886265, 52.4528018], [10.8862402, 52.4527991], [10.8862171, 52.45288], [10.8828614, 52.4387885]]]}}, {"type": "Feature", "properties": {"name": "Wendschotter und Vorsfelder Drömling mit Kötherwiesen", "stufe": "streng", "art": "Naturschutzgebiet"}, "geometry": {"type": "Polygon", "coordinates": [[[10.8906713, 52.4601739], [10.8906732, 52.4601637], [10.8912828, 52.4568206], [10.8904123, 52.4555437], [10.8903206, 52.4554091], [10.8889242, 52.4533604], [10.8889473, 52.4532796], [10.8906713, 52.4601739]]]}}, {"type": "Feature", "properties": {"name": "Wendschotter und Vorsfelder Drömling mit Kötherwiesen", "stufe": "streng", "art": "Naturschutzgebiet"}, "geometry": {"type": "Polygon", "coordinates": [[[10.8906713, 52.4601739], [10.8906695, 52.4601841], [10.8902081, 52.4610861], [10.890179, 52.4611433], [10.8901665, 52.461168], [10.8901302, 52.4612395], [10.8895728, 52.4623371], [10.886447, 52.4633565], [10.8864467, 52.4633682], [10.8861818, 52.4634911], [10.8860292, 52.4635619], [10.8906713, 52.4601739]]]}}, {"type": "Feature", "properties": {"name": "Wendschotter und Vorsfelder Drömling mit Kötherwiesen", "stufe": "streng", "art": "Naturschutzgebiet"}, "geometry": {"type": "Polygon", "coordinates": [[[10.8860292, 52.4635619], [10.8847314, 52.4625007], [10.8791107, 52.4579794], [10.8791907, 52.4576663], [10.8771127, 52.455919], [10.8766873, 52.4558447], [10.8764693, 52.4556218], [10.8756475, 52.4549418], [10.8703548, 52.4507817], [10.8702328, 52.4505343], [10.8695409, 52.4498641], [10.8682093, 52.4488636], [10.8679693, 52.4487442], [10.8671855, 52.4480812], [10.8631884, 52.4448553], [10.8588574, 52.4413731], [10.856166, 52.4392547], [10.8551574, 52.438563], [10.8547121, 52.4383946], [10.8538887, 52.4378991], [10.8537251, 52.4378313], [10.8538082, 52.4377119], [10.8535507, 52.4375697], [10.8534139, 52.4376424], [10.8530357, 52.437438], [10.8532664, 52.4373277], [10.8534555, 52.4373121], [10.8538364, 52.4373268], [10.854004, 52.4373775], [10.8542857, 52.4375991], [10.8551359, 52.4382025], [10.8555731, 52.4383185], [10.8588347, 52.4384203], [10.8631638, 52.4384142], [10.8684021, 52.4384731], [10.8723798, 52.4385287], [10.8771649, 52.4385777], [10.877298, 52.4385943], [10.8860292, 52.4635619]]]}}, {"type": "Feature", "properties": {"name": "Wendschotter und Vorsfelder Drömling mit Kötherwiesen", "stufe": "streng", "art": "Naturschutzgebiet"}, "geometry": {"type": "Polygon", "coordinates": [[[10.877298, 52.4385943], [10.878757, 52.4386452], [10.8793377, 52.4386655], [10.8809765, 52.4387227], [10.8828614, 52.4387885], [10.877298, 52.4385943]]]}}, {"type": "Feature", "properties": {"name": "Obere Lachte, Kainbach, Jafelbach", "stufe": "streng", "art": "Naturschutzgebiet"}, "geometry": {"type": "Polygon", "coordinates": [[[10.3915124, 52.6785734], [10.3916499, 52.6793548], [10.3918844, 52.6796952], [10.3920645, 52.6798087], [10.3923802, 52.6798047], [10.3934809, 52.6794816], [10.3943461, 52.6805729], [10.3944551, 52.6809191], [10.3947086, 52.6813629], [10.3948153, 52.6814491], [10.3951801, 52.6813514], [10.3954028, 52.6815999], [10.3955687, 52.6815353], [10.3963032, 52.6819906], [10.3971632, 52.6823928], [10.397457, 52.6825206], [10.3974428, 52.6827576], [10.3976584, 52.682953], [10.3978243, 52.6832532], [10.3980612, 52.6835519], [10.3984569, 52.6839526], [10.3987554, 52.6841322], [10.3989686, 52.6843131], [10.3990824, 52.6845271], [10.3989663, 52.6847598], [10.398926, 52.6848374], [10.39908, 52.6849896], [10.3994093, 52.685172], [10.3995491, 52.6853544], [10.3997955, 52.6854435], [10.4001367, 52.6854722], [10.4002836, 52.6852726], [10.4004779, 52.6852209], [10.4007811, 52.6852826], [10.4010039, 52.6852955], [10.4011744, 52.6854248], [10.4013569, 52.6857796], [10.4016222, 52.6858629], [10.4019975, 52.6859245], [10.4024657, 52.6860855], [10.4027477, 52.6861817], [10.4029182, 52.6862751], [10.4029893, 52.6864575], [10.4027714, 52.6866887], [10.4025794, 52.6868323], [10.4026055, 52.6869587], [10.4023354, 52.6870334], [10.4023212, 52.6871914], [10.4028519, 52.6875016], [10.4030251, 52.6875168], [10.4032002, 52.6874743], [10.403494, 52.687391], [10.4036139, 52.6874355], [10.4036788, 52.6875159], [10.4039347, 52.6878032], [10.4039639, 52.6879121], [10.4039992, 52.6883587], [10.4040812, 52.6885916], [10.4047592, 52.6890627], [10.405344, 52.6894429], [10.4058443, 52.6896989], [10.4061412, 52.6898781], [10.40655, 52.6899299], [10.4068276, 52.6898899], [10.4071806, 52.6894892], [10.4073133, 52.6894303], [10.4077706, 52.6894346], [10.4079435, 52.689459], [10.4080852, 52.689518], [10.408171, 52.6895983], [10.4082847, 52.6898597], [10.4083799, 52.6900865], [10.4085287, 52.6903236], [10.4086388, 52.6904295], [10.4088719, 52.6905269], [10.4093154, 52.6906539], [10.4092182, 52.6907989], [10.4093462, 52.691], [10.4097276, 52.6911335], [10.4097556, 52.6913776], [10.4086328, 52.6914303], [10.4084726, 52.6915068], [10.4084387, 52.6916706], [10.4085216, 52.6918745], [10.4087988, 52.6922981], [10.4092301, 52.6927117], [10.4095641, 52.6929917], [10.4096542, 52.6931899], [10.411687, 52.6935245], [10.412386, 52.6932287], [10.4124618, 52.6931655], [10.4135185, 52.6941219], [10.4138786, 52.6944076], [10.4133868, 52.6947956], [10.4143537, 52.6955722], [10.4145405, 52.6955394], [10.4157493, 52.6964554], [10.4135374, 52.6975422], [10.4165228, 52.6997634], [10.4185205, 52.7011696], [10.4200987, 52.7023676], [10.4228161, 52.7043329], [10.4258585, 52.7065621], [10.4295879, 52.7092784], [10.4317524, 52.7109288], [10.4327007, 52.7116575], [10.4332267, 52.7115946], [10.4391708, 52.7109207], [10.4393393, 52.7109116], [10.4394009, 52.7110911], [10.4394245, 52.7112817], [10.4393489, 52.7115913], [10.4394624, 52.7121062], [10.4396366, 52.7127131], [10.4402933, 52.7139046], [10.4419251, 52.7154067], [10.4445286, 52.717889], [10.4480394, 52.7211981], [10.4498578, 52.7226712], [10.4500521, 52.7230787], [10.4502464, 52.723492], [10.4508434, 52.7238737], [10.4510803, 52.7242726], [10.4512178, 52.7244793], [10.4517722, 52.7247663], [10.4529426, 52.7258999], [10.4552456, 52.7281584], [10.4555536, 52.729002], [10.4556768, 52.7296276], [10.4561933, 52.7329648], [10.4599936, 52.7319777], [10.4605812, 52.7328701], [10.4608419, 52.733774], [10.4607376, 52.7342187], [10.4600932, 52.7348012], [10.4593255, 52.7353808], [10.4585484, 52.7376847], [10.4587853, 52.7379773], [10.4617425, 52.7403789], [10.4651736, 52.7432797], [10.4675035, 52.7451985], [10.4687315, 52.747663], [10.4689265, 52.748295], [10.4691962, 52.7510383], [10.4692624, 52.7520732], [10.4702886, 52.7534357], [10.4725167, 52.7545539], [10.472962, 52.7546184], [10.4733492, 52.7533879], [10.4718197, 52.7516477], [10.4711807, 52.7511203], [10.4715002, 52.7507629], [10.4724683, 52.7506516], [10.4724586, 52.7504641], [10.4718584, 52.7503469], [10.4720871, 52.7497005], [10.4717517, 52.7493856], [10.4713752, 52.7491825], [10.4713957, 52.7487392], [10.4712451, 52.7484201], [10.4708276, 52.7481259], [10.4707044, 52.7477489], [10.4705469, 52.7472889], [10.4706222, 52.7468331], [10.4710535, 52.7464436], [10.4712109, 52.7460955], [10.4709919, 52.7456563], [10.4704305, 52.7451963], [10.4701088, 52.7447032], [10.4695817, 52.7443178], [10.4692668, 52.7441354], [10.4690478, 52.743949], [10.4693284, 52.7437376], [10.4690957, 52.7435843], [10.468685, 52.7437086], [10.4679251, 52.7436713], [10.4672748, 52.7432776], [10.4666177, 52.7426187], [10.4655703, 52.7416863], [10.4662617, 52.7410066], [10.4676376, 52.7407331], [10.4676171, 52.7405756], [10.4661796, 52.7407123], [10.4654882, 52.740186], [10.464668, 52.7392437], [10.4642587, 52.7388666], [10.4640712, 52.7384495], [10.4634141, 52.7378775], [10.4627638, 52.7371854], [10.4617506, 52.7357845], [10.4612509, 52.7346819], [10.4615247, 52.7342591], [10.4616206, 52.7341472], [10.4629486, 52.7343296], [10.4644225, 52.7336904], [10.464529, 52.7335849], [10.4644709, 52.7334999], [10.4641805, 52.7334705], [10.4634835, 52.7335086], [10.4629462, 52.7335233], [10.4627865, 52.7334764], [10.4619539, 52.7310847], [10.4613876, 52.7289801], [10.4614166, 52.7288482], [10.4612617, 52.7287192], [10.4611117, 52.7285052], [10.4610778, 52.7281212], [10.4609652, 52.7278328], [10.4589335, 52.7282267], [10.4586787, 52.7282094], [10.4584097, 52.7278999], [10.455613, 52.7248585], [10.4507436, 52.7196957], [10.4501167, 52.7199068], [10.4487471, 52.7186459], [10.4474273, 52.7173601], [10.4469466, 52.716899], [10.4464332, 52.7164412], [10.445165, 52.7152551], [10.4429021, 52.7132993], [10.4425083, 52.712987], [10.4421684, 52.7126551], [10.4415396, 52.711902], [10.4406993, 52.7107013], [10.44019, 52.7102475], [10.439631, 52.7098871], [10.439203, 52.7096033], [10.4384289, 52.7093686], [10.437962, 52.7092276], [10.43798, 52.7085711], [10.4381638, 52.7080705], [10.4382672, 52.7075543], [10.4375826, 52.7067103], [10.4367098, 52.7062541], [10.4390646, 52.7052981], [10.4429699, 52.7059119], [10.4503889, 52.7070791], [10.4524474, 52.7091376], [10.4602132, 52.7094727], [10.4614858, 52.7095043], [10.462754, 52.7094933], [10.4664185, 52.709367], [10.47362, 52.7082014], [10.4741244, 52.7076915], [10.4755325, 52.7076416], [10.4760377, 52.7084907], [10.4789017, 52.7082266], [10.4792574, 52.7081938], [10.4795575, 52.7083903], [10.4793688, 52.7085721], [10.4801965, 52.7089534], [10.4804724, 52.7093023], [10.4809903, 52.7096542], [10.4822343, 52.7102701], [10.4829555, 52.7108654], [10.483788, 52.7115721], [10.4845238, 52.7127363], [10.485153, 52.713396], [10.4853708, 52.7137215], [10.4856419, 52.7150293], [10.4858742, 52.7159236], [10.4860291, 52.7160761], [10.4869101, 52.7179673], [10.4870726, 52.7183098], [10.488918, 52.7201989], [10.4910825, 52.7222465], [10.4927107, 52.7234243], [10.4946905, 52.7247825], [10.495433, 52.7253117], [10.4962966, 52.7261742], [10.4967966, 52.7266361], [10.4985896, 52.7278657], [10.5010998, 52.7297009], [10.5023321, 52.7304808], [10.5034281, 52.7308723], [10.506509, 52.7317837], [10.5067363, 52.7313097], [10.5072111, 52.7310375], [10.5067716, 52.7306429], [10.5053221, 52.7302545], [10.5024432, 52.729447], [10.501024, 52.7285845], [10.5002109, 52.7276853], [10.4992866, 52.7271316], [10.4986452, 52.7267738], [10.4980643, 52.7261498], [10.4976502, 52.7255013], [10.4970088, 52.7248284], [10.4959683, 52.7241738], [10.4946956, 52.7233754], [10.4934632, 52.7227177], [10.492746, 52.722112], [10.4923773, 52.7217602], [10.4918768, 52.721449], [10.4914682, 52.7210535], [10.4905086, 52.7198635], [10.4888873, 52.7181656], [10.4887058, 52.7176448], [10.4883228, 52.7163551], [10.4878533, 52.715358], [10.4874689, 52.7145301], [10.4875843, 52.7141944], [10.4885994, 52.7141026], [10.4889984, 52.7140934], [10.4896752, 52.7143229], [10.4898166, 52.7141821], [10.491847, 52.7149562], [10.4935895, 52.7155742], [10.4937309, 52.715767], [10.4940289, 52.7164095], [10.4944531, 52.7167644], [10.4948875, 52.7168562], [10.4954784, 52.7170581], [10.495741, 52.7171438], [10.4962461, 52.716486], [10.4956602, 52.7162014], [10.4954936, 52.7162749], [10.4949279, 52.7158863], [10.4949077, 52.7151398], [10.4942208, 52.7149654], [10.4920137, 52.7144789], [10.4915389, 52.7141852], [10.4890079, 52.7130833], [10.4884328, 52.7135121], [10.4875031, 52.7128539], [10.4880396, 52.7123729], [10.4866663, 52.7115019], [10.4857865, 52.7118139], [10.4851106, 52.7110794], [10.4858569, 52.7107674], [10.4837609, 52.7093782], [10.4836599, 52.7093232], [10.4836852, 52.7091426], [10.4829583, 52.7085804], [10.4804472, 52.7069042], [10.4804831, 52.7067496], [10.4782961, 52.7066272], [10.4775436, 52.7065875], [10.476237, 52.7063449], [10.4749781, 52.706238], [10.474697, 52.7064028], [10.4712864, 52.7067187], [10.4677008, 52.707238], [10.4676294, 52.7074003], [10.4672651, 52.7073613], [10.464008, 52.7073029], [10.4604652, 52.7071623], [10.4604402, 52.7068074], [10.4554689, 52.7063919], [10.4537821, 52.7060678], [10.4537361, 52.7057564], [10.4536071, 52.7052935], [10.4519135, 52.7048752], [10.4518489, 52.7047378], [10.4501821, 52.7046077], [10.449666, 52.7056719], [10.4495194, 52.7060239], [10.44518, 52.7052026], [10.4452693, 52.703941], [10.4372588, 52.7022963], [10.4340352, 52.7015304], [10.4324802, 52.7009279], [10.431005, 52.7003564], [10.4298877, 52.6999235], [10.4297608, 52.6998743], [10.4294645, 52.6997356], [10.429184, 52.6995868], [10.4260604, 52.6972095], [10.4254996, 52.6966761], [10.4251701, 52.6962825], [10.4248382, 52.6958862], [10.4237044, 52.6963637], [10.4227801, 52.6955342], [10.4218978, 52.6948335], [10.4224978, 52.6946041], [10.4220264, 52.6941885], [10.4227835, 52.6939547], [10.4219407, 52.6937166], [10.4215623, 52.6934366], [10.4217008, 52.6932057], [10.4172698, 52.6920114], [10.4128591, 52.6907931], [10.4116011, 52.6904226], [10.4113052, 52.6905433], [10.4105195, 52.6906732], [10.4099981, 52.6906602], [10.4094052, 52.6905693], [10.4090267, 52.6904568], [10.4088507, 52.6903921], [10.4087007, 52.6903036], [10.4086066, 52.6901937], [10.4085553, 52.6900758], [10.4084588, 52.6899481], [10.4083481, 52.6896277], [10.4082374, 52.6895086], [10.4080391, 52.6894195], [10.4079408, 52.6893816], [10.4077777, 52.6893253], [10.407316, 52.6893289], [10.407091, 52.6893961], [10.4067642, 52.6897232], [10.4065232, 52.6897725], [10.4062803, 52.6897336], [10.4059125, 52.6895281], [10.405378, 52.6893059], [10.4049875, 52.6890475], [10.404454, 52.6887274], [10.4041661, 52.688515], [10.4041183, 52.6883115], [10.4040911, 52.6878028], [10.4040304, 52.6876664], [10.4037027, 52.6873358], [10.4034679, 52.6872832], [10.403159, 52.6872724], [10.4028947, 52.6872832], [10.4026768, 52.6872075], [10.4026554, 52.6870862], [10.4027501, 52.6869888], [10.4028786, 52.686873], [10.4029804, 52.6866793], [10.4031679, 52.6865494], [10.4032143, 52.6864216], [10.4031143, 52.6862051], [10.4030161, 52.6860579], [10.4027251, 52.6859941], [10.4021733, 52.6858826], [10.4019161, 52.6857862], [10.4015876, 52.685691], [10.4015054, 52.6855535], [10.4014126, 52.68535], [10.401184, 52.6852082], [10.4009894, 52.6851249], [10.400784, 52.6850848], [10.4005126, 52.6850404], [10.4002465, 52.6850978], [10.4000358, 52.6850794], [10.3997019, 52.6849733], [10.3994698, 52.6848889], [10.399268, 52.68472], [10.3992966, 52.6845317], [10.3990984, 52.6842589], [10.3988948, 52.6840835], [10.3985555, 52.6838324], [10.3983162, 52.6834719], [10.3980805, 52.6831861], [10.3977537, 52.6828246], [10.3976341, 52.6827347], [10.3976287, 52.68245], [10.397527, 52.6819845], [10.3971127, 52.6819899], [10.3957217, 52.6812982], [10.3953377, 52.6807894], [10.3951592, 52.6801691], [10.3948538, 52.6797468], [10.394677, 52.6795163], [10.3955199, 52.6792781], [10.3943753, 52.6777451], [10.3935574, 52.6766375], [10.3931217, 52.6759706], [10.3925182, 52.6751586], [10.39207, 52.6745122], [10.3926789, 52.6741462], [10.392754, 52.6741251], [10.3942647, 52.6747919], [10.3948842, 52.6750308], [10.3954895, 52.6750611], [10.396002, 52.6753848], [10.3965431, 52.6756046], [10.3968198, 52.6756436], [10.398093, 52.6757183], [10.3983173, 52.6755537], [10.398994, 52.6755192], [10.3997297, 52.6755278], [10.4005576, 52.6755899], [10.402069, 52.6755976], [10.40182, 52.6764416], [10.4032111, 52.6764694], [10.4065125, 52.6764589], [10.4064235, 52.6767421], [10.4088326, 52.6777434], [10.4087619, 52.6779547], [10.4089135, 52.6780404], [10.4084614, 52.6784309], [10.4096054, 52.6789667], [10.4126484, 52.6802528], [10.412305, 52.6805284], [10.4130701, 52.680879], [10.4125541, 52.6813012], [10.413933, 52.6824403], [10.4134581, 52.6828016], [10.4168063, 52.682985], [10.4171361, 52.6813173], [10.4159112, 52.6811886], [10.4152612, 52.6807383], [10.4150041, 52.6800714], [10.413732, 52.679369], [10.414599, 52.6788777], [10.4162776, 52.6789477], [10.4226402, 52.6790493], [10.422294, 52.6807377], [10.4219467, 52.6825345], [10.4216265, 52.6843234], [10.4212155, 52.6864588], [10.4253791, 52.6865505], [10.4291279, 52.6890423], [10.4316322, 52.6906449], [10.4389178, 52.6955194], [10.4392392, 52.6956233], [10.4412963, 52.695909], [10.4441891, 52.6962899], [10.4450976, 52.6947635], [10.4459605, 52.6932207], [10.4468426, 52.6919003], [10.4515653, 52.6925319], [10.4563495, 52.6930995], [10.4638279, 52.694], [10.4645422, 52.6943658], [10.4663528, 52.6958094], [10.4682599, 52.6960562], [10.4685742, 52.6960865], [10.4691206, 52.6959523], [10.4701206, 52.6972076], [10.4722027, 52.6973721], [10.4757133, 52.6977422], [10.4755276, 52.6971903], [10.4830096, 52.6965107], [10.4825667, 52.6932445], [10.4821846, 52.6923657], [10.4742396, 52.6926147], [10.474111, 52.6920649], [10.4721184, 52.6911898], [10.4708255, 52.6905751], [10.4701659, 52.6903719], [10.4695241, 52.6901702], [10.4681863, 52.689904], [10.4668424, 52.6897208], [10.4542442, 52.6879823], [10.4531325, 52.6884386], [10.4523444, 52.6880918], [10.4493337, 52.6868162], [10.4481118, 52.686514], [10.4480618, 52.6864079], [10.4441337, 52.6856503], [10.4417977, 52.6852042], [10.4394513, 52.6847626], [10.4347935, 52.6838847], [10.4333479, 52.683797], [10.4318611, 52.6838339], [10.4317702, 52.6832116], [10.430626, 52.683029], [10.4314515, 52.6814501], [10.4322556, 52.6798541], [10.4347525, 52.6804006], [10.4371869, 52.6809395], [10.4394394, 52.6807129], [10.4413284, 52.6813865], [10.4422507, 52.6815145], [10.4425947, 52.6811366], [10.4454396, 52.6819377], [10.4462275, 52.6824398], [10.4469375, 52.6824297], [10.4469338, 52.6827573], [10.4531028, 52.682888], [10.4531022, 52.6839135], [10.453753, 52.683934], [10.4540055, 52.6843749], [10.4622302, 52.6867429], [10.463465, 52.6866179], [10.464765, 52.6864729], [10.4664042, 52.6863105], [10.467079, 52.6862648], [10.4724367, 52.6858842], [10.4718969, 52.6840893], [10.4714255, 52.6823508], [10.4704399, 52.6788502], [10.4697135, 52.6762768], [10.4577918, 52.6734909], [10.4579189, 52.6738434], [10.4520697, 52.6746749], [10.449572, 52.6736561], [10.4489453, 52.6712604], [10.4433049, 52.6719929], [10.4428054, 52.6741297], [10.4397627, 52.6745758], [10.4398535, 52.6740086], [10.43387, 52.6743843], [10.4299807, 52.6755616], [10.4298989, 52.6754515], [10.4303985, 52.6742729], [10.4318426, 52.6738544], [10.4360933, 52.6714917], [10.4358648, 52.6707634], [10.4371107, 52.6694743], [10.4378718, 52.6683254], [10.4377883, 52.6682981], [10.4326503, 52.6692095], [10.4288932, 52.6699261], [10.4282381, 52.6698832], [10.4237039, 52.6694587], [10.4240315, 52.6734155], [10.4191697, 52.6741165], [10.4163133, 52.6745829], [10.4140831, 52.6748836], [10.413351, 52.674942], [10.4122206, 52.6747084], [10.4112187, 52.6742372], [10.4099535, 52.6736297], [10.4093241, 52.6734428], [10.4081938, 52.6731001], [10.4078686, 52.6726589], [10.4071556, 52.6726699], [10.4067423, 52.6756741], [10.4042365, 52.6755024], [10.4042172, 52.6750312], [10.4037419, 52.6746164], [10.4033566, 52.6744665], [10.4027979, 52.67441], [10.4007298, 52.6742075], [10.3999206, 52.6744451], [10.3990183, 52.6742582], [10.3985751, 52.674671], [10.3985783, 52.674928], [10.3970369, 52.6748851], [10.392251, 52.6728678], [10.3915689, 52.6732136], [10.3906026, 52.6737365], [10.3915124, 52.6785734]]]}}, {"type": "Feature", "properties": {"name": "Obere Lachte, Kainbach, Jafelbach", "stufe": "streng", "art": "Naturschutzgebiet"}, "geometry": {"type": "Polygon", "coordinates": [[[10.3906026, 52.6737365], [10.3910489, 52.6741293], [10.3910655, 52.6742158], [10.3909743, 52.6742386], [10.390918, 52.6742793], [10.3909448, 52.6743606], [10.3911889, 52.674463], [10.391221, 52.6745704], [10.3910413, 52.6746728], [10.3907678, 52.6747054], [10.3906122, 52.6747168], [10.3907056, 52.6749028], [10.3908829, 52.6750645], [10.3907114, 52.6753364], [10.3906535, 52.6755963], [10.3908563, 52.6757218], [10.3909045, 52.6759397], [10.3913364, 52.6762975], [10.3914329, 52.6764797], [10.3914785, 52.6767968], [10.3914168, 52.6769692], [10.391213, 52.6770732], [10.3911969, 52.6771171], [10.3914061, 52.6771627], [10.3913364, 52.6773139], [10.3912935, 52.6773595], [10.3915295, 52.6773887], [10.3916931, 52.6774505], [10.3916743, 52.6776408], [10.391897, 52.677792], [10.3920633, 52.6779579], [10.3915124, 52.6785734], [10.3906026, 52.6737365]]]}}, {"type": "Feature", "properties": {"name": "Dragener Bruch", "stufe": "mild", "art": "Geschützter Biotop"}, "geometry": {"type": "Polygon", "coordinates": [[[10.5690058, 52.5133163], [10.5684342, 52.513359], [10.5673772, 52.5125746], [10.5670177, 52.5123487], [10.5666546, 52.512138], [10.5661045, 52.5118328], [10.5655761, 52.5115309], [10.565328, 52.5113209], [10.5653064, 52.5091415], [10.5668595, 52.5091776], [10.5685636, 52.5080846], [10.5695963, 52.5081224], [10.5694723, 52.511224], [10.5689951, 52.5112716], [10.5690058, 52.5133163]]]}}, {"type": "Feature", "properties": {"name": "Mascheroder- und Rautheimer Holz", "stufe": "streng", "art": "Naturschutzgebiet"}, "geometry": {"type": "Polygon", "coordinates": [[[10.553287, 52.225737], [10.5503626, 52.2216823], [10.5524369, 52.2213079], [10.5584757, 52.2204854], [10.5610553, 52.2222288], [10.5619004, 52.2228062], [10.5617458, 52.2231675], [10.5614622, 52.2231283], [10.5613752, 52.2233879], [10.5616374, 52.2234209], [10.5608761, 52.2252003], [10.5586311, 52.2263003], [10.5581615, 52.2264267], [10.5575417, 52.2264518], [10.5546135, 52.2265124], [10.5539432, 52.2265846], [10.553287, 52.225737]]]}}, {"type": "Feature", "properties": {"name": "Mascheroder- und Rautheimer Holz", "stufe": "streng", "art": "Naturschutzgebiet"}, "geometry": {"type": "Polygon", "coordinates": [[[10.5548288, 52.2268207], [10.5554151, 52.2268728], [10.5554956, 52.2268432], [10.556311, 52.2268367], [10.5565021, 52.2266518], [10.5564988, 52.2266001], [10.5553742, 52.2266259], [10.5546931, 52.2266764], [10.5540852, 52.2267316], [10.5533754, 52.2269103], [10.5527707, 52.2272216], [10.5525265, 52.2273987], [10.5521263, 52.2278005], [10.5520537, 52.2279401], [10.5516752, 52.2286623], [10.5515565, 52.2288492], [10.5512644, 52.2292669], [10.5509309, 52.2296748], [10.5510221, 52.2297226], [10.5525594, 52.2299105], [10.5557986, 52.2302947], [10.5583202, 52.2305791], [10.5662629, 52.229676], [10.5662863, 52.2289209], [10.5651125, 52.2284102], [10.5633198, 52.2276302], [10.5596482, 52.2260501], [10.5586261, 52.2265047], [10.5582137, 52.2265803], [10.5575495, 52.2265963], [10.5566584, 52.2266011], [10.5565008, 52.2268223], [10.5565417, 52.2268301], [10.5566999, 52.2266609], [10.557974, 52.2266494], [10.5580398, 52.2266852], [10.5571851, 52.2280803], [10.5560633, 52.2278359], [10.5563586, 52.2273289], [10.5562949, 52.2273164], [10.5560803, 52.2272704], [10.5558658, 52.2271061], [10.555687, 52.2270773], [10.5552139, 52.2279328], [10.5543367, 52.2277497], [10.5548079, 52.2268984], [10.5548288, 52.2268207]]]}}, {"type": "Feature", "properties": {"name": "Mascheroder- und Rautheimer Holz", "stufe": "streng", "art": "Naturschutzgebiet"}, "geometry": {"type": "Polygon", "coordinates": [[[10.5862119, 52.2280281], [10.5889479, 52.2238863], [10.5926823, 52.2240271], [10.5927922, 52.2233929], [10.5930097, 52.2228127], [10.5931547, 52.2226013], [10.5932265, 52.2224692], [10.5932496, 52.2223521], [10.5932586, 52.2222467], [10.5932702, 52.2221563], [10.5933022, 52.2219483], [10.5930446, 52.2219036], [10.5928819, 52.2220417], [10.5925509, 52.2226256], [10.592035, 52.2227096], [10.5909692, 52.2227436], [10.5899033, 52.2228166], [10.5891864, 52.2226906], [10.5885055, 52.2225226], [10.5875267, 52.2220916], [10.5869128, 52.2219696], [10.5864329, 52.2219886], [10.5861559, 52.2220306], [10.585678, 52.2220226], [10.585406, 52.2219466], [10.5847591, 52.2217557], [10.5843562, 52.2215417], [10.5834789, 52.2211761], [10.5829684, 52.2209737], [10.5824595, 52.2208517], [10.5822205, 52.2208207], [10.5819855, 52.2206838], [10.5815826, 52.2204048], [10.5812707, 52.2204888], [10.5809917, 52.2205958], [10.5808647, 52.2207717], [10.5806357, 52.2209817], [10.5803728, 52.2211227], [10.5803008, 52.2213477], [10.5799428, 52.2216216], [10.5793099, 52.2218476], [10.579087, 52.2220226], [10.578966, 52.2222136], [10.578693, 52.2225375], [10.5782911, 52.2226525], [10.5779001, 52.2229225], [10.5775492, 52.2230795], [10.5768823, 52.2231974], [10.5764134, 52.2234105], [10.5763106, 52.2235104], [10.5777371, 52.226043], [10.5802493, 52.2269373], [10.5802706, 52.2271432], [10.5790291, 52.2284892], [10.5781055, 52.2282121], [10.5756124, 52.2289295], [10.5724832, 52.2290866], [10.57204, 52.2299861], [10.566538, 52.229017], [10.5665475, 52.2290612], [10.56647, 52.2323454], [10.5719487, 52.2329065], [10.5759501, 52.2319591], [10.5808031, 52.231004], [10.5825398, 52.2274462], [10.5862119, 52.2280281]]]}}, {"type": "Feature", "properties": {"name": "Tagebau Haverlahwiese", "stufe": "streng", "art": "Naturschutzgebiet"}, "geometry": {"type": "Polygon", "coordinates": [[[10.2939603, 52.11338], [10.2957166, 52.1137697], [10.2980286, 52.113888], [10.2983033, 52.1140019], [10.3015076, 52.1144408], [10.3025994, 52.1145269], [10.3032719, 52.1145298], [10.305383, 52.1143852], [10.3078143, 52.1141129], [10.3088608, 52.1139679], [10.3104292, 52.1135789], [10.3113677, 52.1132681], [10.3137054, 52.1122331], [10.3161327, 52.1111198], [10.3171005, 52.1106375], [10.3179454, 52.110267], [10.319523, 52.1093802], [10.3206817, 52.1086423], [10.3218404, 52.1080097], [10.3229562, 52.1074298], [10.3233951, 52.1072828], [10.3238433, 52.1070505], [10.3240291, 52.1069554], [10.3249348, 52.1068819], [10.3255647, 52.1067592], [10.3262669, 52.1066145], [10.3265634, 52.1065946], [10.3267311, 52.1066543], [10.3268408, 52.1067976], [10.3270321, 52.1070844], [10.3272618, 52.1073588], [10.3274906, 52.1075336], [10.3277452, 52.1076849], [10.3278918, 52.1077288], [10.3280966, 52.1073437], [10.3283967, 52.1069536], [10.3289035, 52.1065861], [10.3295244, 52.1063212], [10.3303076, 52.105939], [10.3321918, 52.1046675], [10.3327967, 52.1041004], [10.3332381, 52.1035781], [10.3343338, 52.1023028], [10.334506, 52.1019089], [10.3347949, 52.1009754], [10.3349907, 52.1005687], [10.3354639, 52.0997565], [10.3356932, 52.099411], [10.3358928, 52.0991981], [10.3361215, 52.0990369], [10.3363864, 52.0988893], [10.3367724, 52.0987517], [10.3370635, 52.0986905], [10.3371903, 52.0986639], [10.3369331, 52.098508], [10.3360641, 52.0982872], [10.3362299, 52.0981351], [10.3364578, 52.0979785], [10.3367215, 52.0978363], [10.3369664, 52.0977365], [10.3373229, 52.0976258], [10.3375831, 52.0975704], [10.3378862, 52.0975296], [10.338178, 52.0975063], [10.3384702, 52.097496], [10.3389368, 52.0975081], [10.3393136, 52.0975395], [10.3395178, 52.0974329], [10.3383892, 52.0970412], [10.3366569, 52.0964985], [10.3362079, 52.0968913], [10.3316946, 52.0964815], [10.3299487, 52.0962638], [10.3294551, 52.0965076], [10.3287309, 52.0965011], [10.3285378, 52.0962275], [10.3289026, 52.0958419], [10.3296, 52.0955651], [10.3298689, 52.0950598], [10.3280431, 52.0947456], [10.3267284, 52.094541], [10.326549, 52.0945237], [10.3264157, 52.0945762], [10.3260827, 52.0947541], [10.3256789, 52.094922], [10.3256262, 52.0949859], [10.3255614, 52.0950424], [10.3254649, 52.0951257], [10.3253609, 52.0952387], [10.3252267, 52.095448], [10.3250927, 52.0956593], [10.3247624, 52.0961037], [10.3244482, 52.0965495], [10.3233939, 52.098584], [10.3229046, 52.1007281], [10.3226131, 52.1013445], [10.3224583, 52.1017501], [10.3222884, 52.1021538], [10.3217477, 52.1028023], [10.3210267, 52.1032979], [10.3198423, 52.103804], [10.3182115, 52.1043944], [10.3172495, 52.1048005], [10.314904, 52.1057905], [10.3129152, 52.1068512], [10.3119111, 52.1073867], [10.3099158, 52.1083511], [10.3066236, 52.108983], [10.3049609, 52.1088832], [10.3046699, 52.1089547], [10.3044518, 52.1090099], [10.3041286, 52.1089858], [10.3038979, 52.1090385], [10.3034914, 52.1090421], [10.3029764, 52.1091937], [10.3022897, 52.1095626], [10.3028901, 52.1099837], [10.3007926, 52.1099244], [10.2982177, 52.1103988], [10.2971448, 52.1111368], [10.2966302, 52.1116252], [10.2962007, 52.1120329], [10.2957465, 52.1122295], [10.2956592, 52.1122675], [10.2955407, 52.1123712], [10.2951815, 52.112601], [10.2950449, 52.1126856], [10.2945345, 52.1130074], [10.2939603, 52.11338]]]}}, {"type": "Feature", "properties": {"name": "Hämeler Wald und Sohrwiesen", "stufe": "streng", "art": "Naturschutzgebiet"}, "geometry": {"type": "Polygon", "coordinates": [[[10.1069623, 52.3641106], [10.1069847, 52.3642994], [10.1068683, 52.3645525], [10.1064383, 52.3651249], [10.1059995, 52.3663086], [10.1057768, 52.3667851], [10.1051895, 52.3674048], [10.1050903, 52.3677058], [10.1050693, 52.3681597], [10.105096, 52.3686643], [10.1050045, 52.3691428], [10.1047047, 52.3694911], [10.1043772, 52.3700439], [10.1029143, 52.3709728], [10.1040952, 52.3714067], [10.1041676, 52.3714328], [10.1041458, 52.3715435], [10.104089, 52.3717905], [10.1027174, 52.3713664], [10.1020959, 52.3713149], [10.1008545, 52.3719066], [10.0999242, 52.3724328], [10.0983215, 52.3727726], [10.0963488, 52.3729375], [10.0940924, 52.3727075], [10.0922104, 52.3728462], [10.0903289, 52.3728882], [10.088375, 52.3726572], [10.0873697, 52.3728505], [10.0856955, 52.3731098], [10.083305, 52.3730374], [10.0821341, 52.3727593], [10.0809351, 52.3730016], [10.079336, 52.3740233], [10.0783773, 52.3741699], [10.0761564, 52.3734876], [10.0750996, 52.3727618], [10.0740996, 52.372075], [10.0728229, 52.3702019], [10.0723459, 52.3694743], [10.0720748, 52.3688653], [10.0714175, 52.3682428], [10.0745541, 52.3675128], [10.0767428, 52.367123], [10.0790656, 52.3667987], [10.0827724, 52.3664056], [10.0891024, 52.3657898], [10.1069623, 52.3641106]]]}}, {"type": "Feature", "properties": {"name": "Hämeler Wald und Sohrwiesen", "stufe": "streng", "art": "Naturschutzgebiet"}, "geometry": {"type": "Polygon", "coordinates": [[[10.0636858, 52.3593585], [10.063385, 52.360183], [10.0640535, 52.3633205], [10.0683364, 52.3663341], [10.0702525, 52.3677623], [10.0706318, 52.3676593], [10.0712499, 52.367847], [10.0742966, 52.3671557], [10.076614, 52.366743], [10.0789529, 52.3664023], [10.0826329, 52.3660158], [10.089038, 52.3654], [10.1069135, 52.363675], [10.1070234, 52.3632896], [10.1075724, 52.3627468], [10.1083449, 52.3621702], [10.1087226, 52.3615937], [10.1088716, 52.3612873], [10.1089309, 52.3612576], [10.1095325, 52.3605416], [10.1096339, 52.3603862], [10.1094763, 52.3596068], [10.1092204, 52.3585902], [10.1090821, 52.3582853], [10.1051814, 52.3583414], [10.1006744, 52.3584341], [10.0980846, 52.3588128], [10.0974334, 52.3563441], [10.0973794, 52.3561279], [10.0899347, 52.3568262], [10.0636858, 52.3593585]]]}}, {"type": "Feature", "properties": {"name": "Hämeler Wald und Sohrwiesen", "stufe": "streng", "art": "Naturschutzgebiet"}, "geometry": {"type": "Polygon", "coordinates": [[[10.0637723, 52.3591177], [10.0638602, 52.3589261], [10.0645629, 52.3580501], [10.0646049, 52.3579978], [10.0652118, 52.3572412], [10.0618165, 52.3562338], [10.061632, 52.3562598], [10.0611484, 52.3561978], [10.0607192, 52.3561093], [10.0604403, 52.355975], [10.0601667, 52.3557358], [10.0600122, 52.3555298], [10.0594433, 52.3554653], [10.0593608, 52.3554564], [10.0591716, 52.355436], [10.0577742, 52.3550609], [10.0542959, 52.3547914], [10.0549874, 52.352882], [10.0527152, 52.3527351], [10.0530884, 52.3516631], [10.053146, 52.3514673], [10.0553012, 52.3516115], [10.0554165, 52.3516205], [10.0568446, 52.3474881], [10.0589819, 52.3476219], [10.0590241, 52.3476245], [10.0591555, 52.3470756], [10.0599879, 52.3471248], [10.0601422, 52.3462144], [10.0597442, 52.3462098], [10.0598946, 52.3445661], [10.0602003, 52.3445661], [10.0603337, 52.3440678], [10.0605795, 52.3432464], [10.0612925, 52.3431772], [10.0614287, 52.3427165], [10.0607802, 52.3426502], [10.0609515, 52.3417336], [10.0615933, 52.3417661], [10.0619129, 52.3398087], [10.0619182, 52.3397836], [10.0619843, 52.3397843], [10.0621114, 52.3397855], [10.0659925, 52.3398246], [10.0723144, 52.3403244], [10.0731459, 52.3388708], [10.0770217, 52.3399229], [10.0798883, 52.3345075], [10.0799818, 52.3343488], [10.0803746, 52.3346118], [10.0821142, 52.3357635], [10.0830707, 52.3364252], [10.0814003, 52.3396966], [10.0825021, 52.3392918], [10.0831589, 52.3391941], [10.0842518, 52.3392863], [10.0856498, 52.3394519], [10.0875869, 52.3397746], [10.0881436, 52.3398923], [10.0888622, 52.3402643], [10.0900794, 52.3405059], [10.0907401, 52.3406756], [10.0920201, 52.3408607], [10.0929716, 52.3410495], [10.0935872, 52.3411184], [10.0939971, 52.3411765], [10.0950882, 52.3415711], [10.0968692, 52.3419975], [10.0960922, 52.3432577], [10.1036297, 52.3451404], [10.1050506, 52.3455363], [10.1070923, 52.3448777], [10.1072204, 52.3449445], [10.107378, 52.3449705], [10.1074181, 52.3451122], [10.1081936, 52.345827], [10.1082261, 52.3459263], [10.1083778, 52.3461845], [10.10873, 52.3464493], [10.1091578, 52.3466617], [10.1096484, 52.3468491], [10.110689, 52.3472485], [10.1114824, 52.3475007], [10.1117711, 52.3476154], [10.11197, 52.347758], [10.1121176, 52.3480047], [10.1121954, 52.348956], [10.1120654, 52.3492666], [10.1118171, 52.3495458], [10.1116462, 52.3497379], [10.1112191, 52.3501426], [10.1111611, 52.3502834], [10.1103373, 52.3506301], [10.1095695, 52.3508395], [10.1079455, 52.3501322], [10.1078988, 52.3501742], [10.1075708, 52.3504692], [10.1088534, 52.3510178], [10.1077946, 52.3515716], [10.107631, 52.3516889], [10.107446, 52.351804], [10.1073389, 52.3521993], [10.1073551, 52.3523501], [10.1079388, 52.3536095], [10.1073328, 52.3539077], [10.1074997, 52.3544154], [10.1043982, 52.3548887], [10.1040916, 52.3548318], [10.1034382, 52.3547817], [10.1030498, 52.3547924], [10.1018063, 52.3549152], [10.101304, 52.3549409], [10.0957513, 52.3555115], [10.0937015, 52.355724], [10.0933478, 52.3558042], [10.0928965, 52.3559603], [10.0927066, 52.3560183], [10.0925578, 52.356045], [10.0921291, 52.3560593], [10.0915583, 52.3560636], [10.091233, 52.3560622], [10.0909231, 52.3560891], [10.0905151, 52.3561451], [10.0901595, 52.356224], [10.0899095, 52.3562884], [10.0897017, 52.3563273], [10.0894912, 52.3563388], [10.089245, 52.3563304], [10.0889515, 52.3563029], [10.0885119, 52.3562197], [10.0882516, 52.3561858], [10.0880153, 52.356177], [10.0868617, 52.3561621], [10.0866642, 52.3561716], [10.0864666, 52.3561891], [10.0862378, 52.3562202], [10.0861104, 52.3562303], [10.0859852, 52.3562274], [10.0858591, 52.3562023], [10.085185, 52.3570315], [10.0637723, 52.3591177]]]}}, {"type": "Feature", "properties": {"name": "Bornbachtal", "stufe": "streng", "art": "Naturschutzgebiet"}, "geometry": {"type": "Polygon", "coordinates": [[[10.5662298, 52.9290055], [10.5658614, 52.9286981], [10.5660179, 52.9285991], [10.5654164, 52.9277382], [10.5648834, 52.9268777], [10.5656694, 52.9252559], [10.5656513, 52.9247003], [10.5654752, 52.9240498], [10.5653758, 52.9227895], [10.5651951, 52.9223965], [10.5639996, 52.9215991], [10.5640819, 52.9214559], [10.5643821, 52.9213838], [10.564242, 52.9212412], [10.5648418, 52.9209875], [10.5649068, 52.9208924], [10.5643952, 52.9205759], [10.5639888, 52.9203208], [10.5637783, 52.9200705], [10.5636422, 52.9201324], [10.5632278, 52.9203268], [10.5624177, 52.92046], [10.562239, 52.9204826], [10.5621009, 52.9204147], [10.5619999, 52.9203099], [10.5619705, 52.9201599], [10.5619034, 52.9199965], [10.5617331, 52.9198275], [10.5615172, 52.9196585], [10.5612181, 52.9192922], [10.560913, 52.9191382], [10.5609359, 52.9188126], [10.5606969, 52.9185331], [10.5602518, 52.9182562], [10.5598966, 52.9180089], [10.5595787, 52.917735], [10.5593582, 52.9176138], [10.5589635, 52.917533], [10.5586998, 52.9175093], [10.5585027, 52.9174494], [10.5581984, 52.9172089], [10.5580799, 52.9169257], [10.5573131, 52.9161517], [10.5568857, 52.9157724], [10.5558564, 52.9157923], [10.5557947, 52.9157755], [10.5540764, 52.9145627], [10.5540787, 52.9140954], [10.5533089, 52.9143542], [10.5526663, 52.9140843], [10.5523296, 52.9139039], [10.5522596, 52.9136283], [10.5525284, 52.913477], [10.5526029, 52.9131777], [10.5527407, 52.9128265], [10.5529439, 52.9124041], [10.5531292, 52.911993], [10.5532037, 52.9117627], [10.5508027, 52.9124086], [10.5502742, 52.9124041], [10.5494724, 52.912255], [10.5490681, 52.9124357], [10.5481195, 52.911914], [10.5479681, 52.9120382], [10.5468433, 52.9116565], [10.5466468, 52.9115368], [10.5462493, 52.9111257], [10.5455965, 52.9100348], [10.5441849, 52.9089416], [10.5426512, 52.9080088], [10.5412689, 52.9072724], [10.5397511, 52.9068252], [10.5394394, 52.9066558], [10.5390193, 52.906046], [10.5373535, 52.904808], [10.5371842, 52.904452], [10.5368397, 52.9039781], [10.5364903, 52.9035097], [10.5364288, 52.903226], [10.5362027, 52.9028097], [10.5359961, 52.9025389], [10.5353706, 52.902237], [10.5353175, 52.9020543], [10.5350786, 52.9017518], [10.5344641, 52.9014797], [10.5338616, 52.9011648], [10.533286, 52.9008937], [10.5331208, 52.9007846], [10.5324111, 52.9000645], [10.5317352, 52.8990516], [10.5316506, 52.8986915], [10.5309838, 52.8978299], [10.5305035, 52.8974753], [10.5298012, 52.8970045], [10.5298388, 52.8966975], [10.529556, 52.8962081], [10.5291444, 52.8959784], [10.5286814, 52.8959114], [10.528408, 52.8957284], [10.5278081, 52.8944705], [10.525947, 52.8925606], [10.5258744, 52.8923926], [10.5258885, 52.8922644], [10.5259481, 52.8914915], [10.5272941, 52.8909806], [10.5260001, 52.8895034], [10.5268718, 52.8891789], [10.5266191, 52.8885801], [10.5245942, 52.8891022], [10.5249852, 52.8896644], [10.5232636, 52.8893937], [10.5226288, 52.8892588], [10.5224181, 52.8891234], [10.5222901, 52.8888614], [10.5220095, 52.8888098], [10.5219892, 52.8886424], [10.5224847, 52.8878888], [10.5244142, 52.8876966], [10.5250123, 52.8876092], [10.5255461, 52.8875057], [10.5261093, 52.887339], [10.5270964, 52.886923], [10.5248112, 52.8864361], [10.5264255, 52.8852037], [10.5273617, 52.8845815], [10.5276883, 52.884398], [10.5277122, 52.8843058], [10.5274737, 52.8842706], [10.5271346, 52.8843521], [10.5273048, 52.883733], [10.5273566, 52.8837325], [10.5278605, 52.8837703], [10.5280969, 52.882999], [10.5280553, 52.8829407], [10.5284754, 52.8816829], [10.5290758, 52.879877], [10.5274151, 52.8796205], [10.5278374, 52.8783122], [10.5285037, 52.8774746], [10.5300102, 52.8773999], [10.5320349, 52.8735687], [10.5331763, 52.8716437], [10.533235, 52.8705409], [10.5331875, 52.8704539], [10.5335557, 52.867919], [10.5338249, 52.867803], [10.5344091, 52.8655461], [10.536435, 52.8657232], [10.5364613, 52.8652535], [10.5379674, 52.8648163], [10.5380908, 52.8643677], [10.5381431, 52.8638609], [10.5389196, 52.8624408], [10.5392414, 52.8614246], [10.5395465, 52.8612759], [10.540604, 52.8601429], [10.5409661, 52.8598214], [10.5411753, 52.859517], [10.5416675, 52.8588886], [10.5419438, 52.858389], [10.5424198, 52.8572295], [10.5428879, 52.8563922], [10.5436054, 52.8552775], [10.5437945, 52.8550562], [10.5434284, 52.8538469], [10.5434015, 52.8533246], [10.5430555, 52.8520216], [10.5427162, 52.8505004], [10.5424916, 52.8495976], [10.5423554, 52.8490547], [10.5429554, 52.8491863], [10.5429552, 52.8474364], [10.5430731, 52.8467696], [10.5429314, 52.846327], [10.542955, 52.8461042], [10.5430341, 52.8459885], [10.5426478, 52.8458152], [10.5422348, 52.8458071], [10.5423072, 52.8455543], [10.5423568, 52.8454393], [10.5425486, 52.8453462], [10.5426418, 52.8453401], [10.5427437, 52.8453717], [10.5429006, 52.8455163], [10.5429281, 52.8455552], [10.5429134, 52.845579], [10.5428021, 52.8456317], [10.5427585, 52.8456256], [10.5427427, 52.8456266], [10.5427488, 52.845686], [10.5432352, 52.8458962], [10.5461703, 52.8443357], [10.5485695, 52.8438005], [10.547519, 52.8431887], [10.5482072, 52.8427422], [10.5487859, 52.8430972], [10.549735, 52.8421635], [10.5489171, 52.8419089], [10.5497049, 52.8410795], [10.5505308, 52.8410628], [10.5512041, 52.8407671], [10.552234, 52.8401061], [10.5552074, 52.8391931], [10.5548412, 52.8386592], [10.5531896, 52.8392109], [10.5532637, 52.8393656], [10.5521062, 52.8397746], [10.5500922, 52.8407237], [10.5494286, 52.840662], [10.5490583, 52.8410717], [10.5486989, 52.8414735], [10.5481785, 52.8414638], [10.5470681, 52.8402227], [10.5470574, 52.8396589], [10.5464512, 52.8387905], [10.5468267, 52.8384373], [10.5463734, 52.837585], [10.5662298, 52.9290055]]]}}, {"type": "Feature", "properties": {"name": "Bornbachtal", "stufe": "streng", "art": "Naturschutzgebiet"}, "geometry": {"type": "Polygon", "coordinates": [[[10.5463734, 52.837585], [10.5455393, 52.8376077], [10.545947, 52.8382866], [10.5455028, 52.8392768], [10.5458879, 52.8398825], [10.5459979, 52.8401288], [10.5459389, 52.8403702], [10.5460569, 52.8404933], [10.5467033, 52.8408335], [10.5473471, 52.8412888], [10.5477494, 52.8417699], [10.5467409, 52.842593], [10.5466041, 52.8426383], [10.5434766, 52.8432394], [10.5415723, 52.843936], [10.5408508, 52.8443199], [10.5396384, 52.8462347], [10.5395063, 52.8470666], [10.5395311, 52.8476311], [10.5393796, 52.84842], [10.539452, 52.8485528], [10.5396102, 52.8486629], [10.5410345, 52.8488646], [10.5409302, 52.849561], [10.5412358, 52.8500451], [10.5415338, 52.8515609], [10.5407243, 52.8528478], [10.5407022, 52.854399], [10.5396384, 52.8547823], [10.5379594, 52.8546919], [10.5355343, 52.8538754], [10.5352235, 52.8532339], [10.5340004, 52.8530655], [10.5341452, 52.8535093], [10.5328309, 52.8533894], [10.5335069, 52.8547013], [10.534907, 52.8544681], [10.5377072, 52.8553378], [10.5373961, 52.856525], [10.5371869, 52.8567776], [10.535717, 52.8562723], [10.5339146, 52.8557832], [10.5266432, 52.8535321], [10.5265998, 52.8536277], [10.5266062, 52.8539504], [10.5232364, 52.8571633], [10.5226322, 52.8576159], [10.5237728, 52.8580798], [10.5193555, 52.8620165], [10.526891, 52.8645473], [10.5317366, 52.8659821], [10.5317004, 52.8660918], [10.5314436, 52.8703636], [10.5281988, 52.8702414], [10.52822, 52.8684726], [10.5284294, 52.8681566], [10.5284583, 52.8676238], [10.5240333, 52.8665375], [10.5239718, 52.8668116], [10.5235955, 52.8672832], [10.5235738, 52.8674605], [10.5224921, 52.86728], [10.5212572, 52.8672443], [10.52012, 52.8671212], [10.519672, 52.8670338], [10.5193166, 52.867692], [10.5177838, 52.8675665], [10.5179336, 52.8672232], [10.5176913, 52.8670565], [10.5177086, 52.8668964], [10.5164844, 52.8661308], [10.5171191, 52.8648271], [10.513681, 52.8639877], [10.5135255, 52.864448], [10.5133309, 52.8643139], [10.5123749, 52.8639808], [10.5114362, 52.8639419], [10.5103807, 52.8635569], [10.5091695, 52.8632411], [10.5084254, 52.8631157], [10.5081745, 52.8630854], [10.5079366, 52.863133], [10.5075689, 52.8631114], [10.5073007, 52.8631719], [10.5071277, 52.8631373], [10.5070758, 52.8629643], [10.5063966, 52.86312], [10.5059316, 52.8630084], [10.5052682, 52.8636384], [10.5057045, 52.8637126], [10.5068076, 52.8636737], [10.5071796, 52.8635915], [10.5071666, 52.8633536], [10.5073915, 52.8634228], [10.5075905, 52.8633579], [10.5079279, 52.8633839], [10.5082078, 52.8633689], [10.508845, 52.8635266], [10.5091478, 52.8635007], [10.5100519, 52.8638035], [10.5112026, 52.8641712], [10.5114838, 52.8642317], [10.5123749, 52.8642534], [10.5134347, 52.8646903], [10.5133266, 52.8650493], [10.5157144, 52.8656333], [10.5160785, 52.8663103], [10.5166401, 52.8668705], [10.5176755, 52.8676146], [10.5195782, 52.8678446], [10.5198385, 52.8679143], [10.5202065, 52.8678863], [10.5206966, 52.8678956], [10.5273179, 52.8683296], [10.5271887, 52.8702097], [10.5272697, 52.8702142], [10.5272645, 52.8702649], [10.5268, 52.8729228], [10.526721, 52.8733512], [10.5260704, 52.8766604], [10.5260968, 52.8772419], [10.5261845, 52.8774596], [10.5262881, 52.8775017], [10.5280194, 52.8774874], [10.5280197, 52.8775607], [10.5271973, 52.8785866], [10.5271487, 52.8787136], [10.5270374, 52.8793215], [10.5269777, 52.8796899], [10.5268161, 52.8800539], [10.5265935, 52.8809102], [10.5263159, 52.8813934], [10.5262944, 52.8817383], [10.5258847, 52.882727], [10.5250952, 52.882626], [10.5240343, 52.8831946], [10.5240643, 52.8832721], [10.5242111, 52.8833828], [10.5240707, 52.8835447], [10.5237592, 52.8836372], [10.5239235, 52.8838067], [10.5238011, 52.8839987], [10.5236188, 52.8842055], [10.5233183, 52.8845143], [10.522814, 52.8844615], [10.5230161, 52.8867609], [10.5220584, 52.8867279], [10.5221038, 52.8879787], [10.5217209, 52.888619], [10.5218514, 52.8892551], [10.5220156, 52.889461], [10.5223038, 52.8896847], [10.5226737, 52.8897723], [10.5245946, 52.890154], [10.5255147, 52.8911221], [10.5254455, 52.892309], [10.5255379, 52.8927114], [10.5257164, 52.8929654], [10.526029, 52.8932616], [10.5274806, 52.8946655], [10.5268266, 52.8954302], [10.5287133, 52.897556], [10.5292502, 52.897325], [10.5294756, 52.8972306], [10.5302436, 52.8976536], [10.5308044, 52.8979745], [10.5313104, 52.8987172], [10.531463, 52.8991307], [10.5320815, 52.9001164], [10.5329393, 52.9009155], [10.5338999, 52.9014214], [10.5339523, 52.9014404], [10.5344709, 52.9017086], [10.5346274, 52.9017334], [10.534977, 52.9019218], [10.5349713, 52.9020461], [10.5338033, 52.9025188], [10.5327914, 52.9031481], [10.5337982, 52.9035909], [10.5342699, 52.9037266], [10.5345561, 52.903917], [10.5349086, 52.903784], [10.5352642, 52.9037393], [10.5355974, 52.903702], [10.5357588, 52.9036689], [10.5361158, 52.9035414], [10.5366037, 52.9041714], [10.5371018, 52.9049708], [10.5386906, 52.906302], [10.5389863, 52.906962], [10.5393883, 52.9072647], [10.5410281, 52.9076622], [10.5423788, 52.9083579], [10.5438017, 52.9092523], [10.5450531, 52.9102463], [10.5459565, 52.9116917], [10.5461914, 52.9119266], [10.5468329, 52.912184], [10.5480571, 52.9125725], [10.5491051, 52.913214], [10.5508488, 52.9141084], [10.5533784, 52.9148627], [10.5538799, 52.915039], [10.554702, 52.9154998], [10.5572588, 52.9174377], [10.5576293, 52.9176726], [10.5582301, 52.9182418], [10.5585734, 52.9182282], [10.55923, 52.918837], [10.5591953, 52.9190163], [10.5596598, 52.9194713], [10.5599612, 52.9196135], [10.5595619, 52.9200713], [10.5616118, 52.9211734], [10.563053, 52.9220002], [10.5643526, 52.9228527], [10.564528, 52.9241285], [10.5648969, 52.9240949], [10.56517, 52.9252001], [10.5643165, 52.9269206], [10.5655836, 52.928845], [10.5657733, 52.9287591], [10.5661574, 52.9290856], [10.5662298, 52.9290055], [10.5463734, 52.837585]]]}}, {"type": "Feature", "properties": {"name": "Großes Moor bei Gifhorn", "stufe": "streng", "art": "Naturschutzgebiet"}, "geometry": {"type": "Polygon", "coordinates": [[[10.6185637, 52.5839401], [10.6203246, 52.5841927], [10.6242621, 52.5846491], [10.6296776, 52.5864316], [10.6318742, 52.5872972], [10.6325287, 52.587408], [10.6329444, 52.5875563], [10.6334084, 52.5878643], [10.6349428, 52.5883489], [10.6355774, 52.589038], [10.6361445, 52.5892513], [10.6369816, 52.5892267], [10.6370759, 52.5892609], [10.6377513, 52.5895056], [10.639025, 52.5898083], [10.6403572, 52.5898501], [10.6415994, 52.5895958], [10.6435033, 52.58912], [10.6454451, 52.5889354], [10.64533, 52.5893316], [10.645045, 52.5898544], [10.6434125, 52.5924645], [10.6409239, 52.5965795], [10.6482272, 52.5977805], [10.6450556, 52.6044396], [10.6458156, 52.6045998], [10.6431857, 52.6105793], [10.6423699, 52.6104392], [10.6405845, 52.6141718], [10.6405758, 52.614431], [10.647995, 52.6158345], [10.6501781, 52.6171544], [10.6504548, 52.6213346], [10.6505129, 52.6214008], [10.647608, 52.6230812], [10.6564318, 52.6279791], [10.6572087, 52.6272034], [10.66232, 52.6303247], [10.6633821, 52.6296556], [10.6653643, 52.628459], [10.6673142, 52.6272217], [10.668709, 52.6263246], [10.6704631, 52.6250302], [10.6728382, 52.6230886], [10.6738307, 52.6221018], [10.6743148, 52.6215824], [10.6750672, 52.620752], [10.6754273, 52.6202182], [10.6757902, 52.6197804], [10.6762882, 52.6191527], [10.6766599, 52.6186052], [10.6769106, 52.6182006], [10.6772397, 52.6176513], [10.6775411, 52.6170955], [10.6778175, 52.6165904], [10.678087, 52.6160924], [10.6786613, 52.6150272], [10.678952, 52.6142787], [10.679104, 52.6137912], [10.6793655, 52.6129678], [10.6794689, 52.6125689], [10.679548, 52.6121923], [10.6795782, 52.612017], [10.6796234, 52.6117924], [10.6796814, 52.6115052], [10.6797416, 52.6111879], [10.6797975, 52.6108602], [10.679819, 52.6106631], [10.679847, 52.6104672], [10.6798599, 52.6102583], [10.6798835, 52.6100337], [10.6799007, 52.6098379], [10.6799179, 52.6096159], [10.6799459, 52.6093861], [10.679948, 52.6091707], [10.6799609, 52.6089526], [10.6799609, 52.6088273], [10.6799674, 52.60851], [10.6799631, 52.6082763], [10.679948, 52.6078663], [10.6799287, 52.6074367], [10.6799093, 52.6071612], [10.6798814, 52.6069118], [10.679859, 52.6067298], [10.6798103, 52.606471], [10.6796417, 52.6054201], [10.6773618, 52.6055724], [10.6771646, 52.6056351], [10.6757113, 52.6036883], [10.6748714, 52.6026387], [10.6729308, 52.6038018], [10.6732428, 52.6045551], [10.6710599, 52.6042809], [10.6698167, 52.6026175], [10.6694171, 52.6009355], [10.6658819, 52.6009656], [10.665206, 52.5984714], [10.6652033, 52.5982988], [10.6646454, 52.5958109], [10.6677514, 52.595736], [10.6678071, 52.5958606], [10.6712329, 52.5958696], [10.6701533, 52.5914907], [10.6777297, 52.5910211], [10.6776746, 52.5904067], [10.6771546, 52.5865366], [10.6768334, 52.5844559], [10.6764606, 52.5817253], [10.6763157, 52.5807165], [10.6760153, 52.5792072], [10.6757578, 52.5784167], [10.6756183, 52.5779082], [10.6753367, 52.5772024], [10.6747279, 52.5757338], [10.6739688, 52.5744135], [10.6735799, 52.5737451], [10.6733385, 52.5733882], [10.6730998, 52.5730686], [10.6725579, 52.5723237], [10.6635568, 52.5615654], [10.6620051, 52.5589722], [10.6609789, 52.5569015], [10.6602989, 52.5548476], [10.6593969, 52.5511566], [10.6590289, 52.5494428], [10.6585193, 52.5468503], [10.6581236, 52.5443147], [10.6579386, 52.5430652], [10.6574544, 52.5405555], [10.6571379, 52.5389404], [10.6569542, 52.5380391], [10.6564626, 52.5373828], [10.6551202, 52.5350763], [10.6537691, 52.5329904], [10.6505357, 52.5275633], [10.6475463, 52.5285375], [10.6468843, 52.5287293], [10.638202, 52.5316416], [10.6269148, 52.5191996], [10.6264631, 52.5192927], [10.6255581, 52.5183486], [10.6204102, 52.5241798], [10.6184191, 52.5264566], [10.6124979, 52.5285196], [10.6165507, 52.5331397], [10.6206639, 52.537858], [10.6207578, 52.5378768], [10.6213063, 52.5384934], [10.6252357, 52.5428874], [10.625174, 52.5429681], [10.626062, 52.5439971], [10.6270543, 52.5450748], [10.6202602, 52.5473363], [10.6220057, 52.5493029], [10.619012, 52.5502665], [10.6193097, 52.5506085], [10.6181663, 52.5509868], [10.6167001, 52.5514991], [10.6204802, 52.5557959], [10.6201865, 52.5558896], [10.6150626, 52.5575227], [10.614531, 52.5569357], [10.6129646, 52.5574413], [10.6123349, 52.5631274], [10.611479, 52.5702766], [10.6185637, 52.5839401]]]}}, {"type": "Feature", "properties": {"name": "Großes Moor bei Gifhorn", "stufe": "streng", "art": "Naturschutzgebiet"}, "geometry": {"type": "Polygon", "coordinates": [[[10.611479, 52.5702766], [10.6115691, 52.570247], [10.616189, 52.5687314], [10.6163243, 52.5688477], [10.6196145, 52.5716754], [10.6206525, 52.5714175], [10.6223743, 52.5755788], [10.6216892, 52.5757953], [10.625318, 52.5781504], [10.6253488, 52.5782223], [10.6156076, 52.5813381], [10.6170121, 52.5837339], [10.6185637, 52.5839401], [10.611479, 52.5702766]]]}}, {"type": "Feature", "properties": {"name": "Bösebruch", "stufe": "streng", "art": "Naturschutzgebiet"}, "geometry": {"type": "Polygon", "coordinates": [[[10.6042636, 52.5727062], [10.6040856, 52.5728797], [10.6037363, 52.5731311], [10.6036522, 52.5733309], [10.6035949, 52.5735887], [10.6035873, 52.5737977], [10.603488, 52.5748873], [10.600283, 52.5743782], [10.5948999, 52.5797548], [10.5953917, 52.5799715], [10.5953863, 52.5825988], [10.585301, 52.5823952], [10.5852416, 52.5859878], [10.5764859, 52.5859123], [10.5782071, 52.5823674], [10.5801753, 52.5824138], [10.582197, 52.5782709], [10.5836837, 52.5753051], [10.5853996, 52.5718328], [10.5860493, 52.5709176], [10.5880787, 52.5697121], [10.5896456, 52.5676052], [10.5917437, 52.5682068], [10.5932839, 52.5665297], [10.6042636, 52.5727062]]]}}, {"type": "Feature", "properties": {"name": "Bösebruch", "stufe": "streng", "art": "Naturschutzgebiet"}, "geometry": {"type": "Polygon", "coordinates": [[[10.5932839, 52.5665297], [10.5948275, 52.5667874], [10.5965173, 52.5675145], [10.5995321, 52.5687731], [10.5985397, 52.5700088], [10.5996609, 52.5709413], [10.6016833, 52.5709348], [10.6023933, 52.5714222], [10.6042636, 52.5727062], [10.5932839, 52.5665297]]]}}, {"type": "Feature", "properties": {"name": "Ise mit Nebenbächen", "stufe": "streng", "art": "Naturschutzgebiet"}, "geometry": {"type": "Polygon", "coordinates": [[[10.544174, 52.5203192], [10.544976, 52.5209867], [10.5453783, 52.523003], [10.5454534, 52.5230765], [10.5456211, 52.5230846], [10.5458464, 52.5230659], [10.5461508, 52.5231001], [10.5462487, 52.5231165], [10.546934, 52.5240532], [10.5470601, 52.5243486], [10.54717, 52.5252722], [10.547111, 52.5258695], [10.5471647, 52.5261632], [10.5475509, 52.5265941], [10.5481839, 52.5269955], [10.5488008, 52.527188], [10.5493641, 52.5272207], [10.5495626, 52.5275503], [10.5506784, 52.5273333], [10.5511397, 52.527361], [10.5514455, 52.527423], [10.551821, 52.5275764], [10.5519927, 52.527738], [10.5527581, 52.5292471], [10.552807, 52.5295741], [10.5527679, 52.5301744], [10.5526311, 52.5305875], [10.5521035, 52.5312295], [10.5520155, 52.5315445], [10.5520595, 52.5319576], [10.5521816, 52.5322845], [10.5526604, 52.5334524], [10.5527923, 52.5342311], [10.5531407, 52.5346317], [10.5528919, 52.5347163], [10.5545407, 52.5365634], [10.5547714, 52.5365178], [10.5550343, 52.5368865], [10.5550665, 52.5371703], [10.5545515, 52.5379632], [10.5512953, 52.5375521], [10.5523145, 52.5387365], [10.5558389, 52.5417055], [10.560459, 52.5470762], [10.5631667, 52.5492381], [10.5635101, 52.5494143], [10.5646527, 52.5499068], [10.5767816, 52.5553507], [10.5755022, 52.556356], [10.579952, 52.5590621], [10.5816042, 52.5584947], [10.5842328, 52.5599883], [10.5868091, 52.5611811], [10.5846351, 52.5620306], [10.585767, 52.5633211], [10.5853593, 52.5658581], [10.587768, 52.5659747], [10.5876929, 52.5662897], [10.5873039, 52.5672716], [10.5847639, 52.5699143], [10.5837393, 52.571476], [10.5833262, 52.5729725], [10.5802658, 52.5762147], [10.5804187, 52.5762619], [10.578631, 52.5782586], [10.578513, 52.5782097], [10.5768782, 52.5800107], [10.5754888, 52.5810538], [10.5744535, 52.581784], [10.5729702, 52.5824652], [10.5714843, 52.5836615], [10.5706152, 52.5845105], [10.569773, 52.5857426], [10.5673644, 52.5871994], [10.5662513, 52.587615], [10.5644757, 52.5881283], [10.5617076, 52.5895264], [10.5618229, 52.5895965], [10.560632, 52.5918598], [10.5584675, 52.5925979], [10.5567831, 52.5930313], [10.5528939, 52.5968895], [10.5527008, 52.5980788], [10.5523789, 52.5988804], [10.548466, 52.600663], [10.5451712, 52.6010949], [10.5424386, 52.6014511], [10.5378179, 52.6021854], [10.5378869, 52.6022917], [10.5399308, 52.6019113], [10.5428825, 52.601491], [10.5485997, 52.6007913], [10.5526122, 52.5989814], [10.5530226, 52.5980365], [10.5532667, 52.5970052], [10.5533901, 52.5967869], [10.5570218, 52.5932138], [10.5585104, 52.5928309], [10.5586553, 52.5928342], [10.5608258, 52.5919857], [10.5607561, 52.5919099], [10.5619262, 52.5896625], [10.5619611, 52.5896755], [10.564764, 52.5882847], [10.5664927, 52.5877942], [10.5675816, 52.5874096], [10.5702102, 52.5859137], [10.5709934, 52.584623], [10.5732357, 52.5826168], [10.5746841, 52.5819486], [10.5775863, 52.5798804], [10.5807486, 52.576345], [10.5837125, 52.5730686], [10.5841202, 52.5715591], [10.5850536, 52.5700871], [10.5858234, 52.5692231], [10.5867662, 52.5682376], [10.5875292, 52.567345], [10.5879953, 52.5663207], [10.588055, 52.5659967], [10.5912709, 52.5661515], [10.5932839, 52.5665297], [10.544174, 52.5203192]]]}}, {"type": "Feature", "properties": {"name": "Ise mit Nebenbächen", "stufe": "streng", "art": "Naturschutzgebiet"}, "geometry": {"type": "Polygon", "coordinates": [[[10.611479, 52.5702766], [10.6077933, 52.5715494], [10.5886263, 52.5598611], [10.5885914, 52.5590263], [10.5917859, 52.5588453], [10.5866897, 52.5552887], [10.584721, 52.5563063], [10.578348, 52.5533676], [10.5782542, 52.5534312], [10.5776051, 52.553198], [10.576728, 52.5527674], [10.5756658, 52.5523891], [10.5749014, 52.5518851], [10.575584, 52.5514742], [10.5744924, 52.5508405], [10.5723131, 52.5500764], [10.5700493, 52.5494501], [10.5680859, 52.5491598], [10.5679196, 52.5491011], [10.5669969, 52.5486836], [10.5652213, 52.5478452], [10.5643469, 52.5471993], [10.5639929, 52.5470134], [10.5626142, 52.5465175], [10.5628931, 52.5462141], [10.5622628, 52.5464311], [10.561654, 52.5460934], [10.5602217, 52.5444003], [10.5600634, 52.5435195], [10.559822, 52.5429143], [10.5592614, 52.5422145], [10.5592373, 52.5421329], [10.5594492, 52.5413956], [10.5595779, 52.5408736], [10.5595565, 52.5406811], [10.559299, 52.5402276], [10.5584836, 52.5396762], [10.5574375, 52.5387871], [10.5575636, 52.5370007], [10.5576977, 52.5362943], [10.5577272, 52.5359223], [10.5570835, 52.5344833], [10.5543557, 52.5348585], [10.5537415, 52.5343528], [10.553543, 52.5340852], [10.553492, 52.5336952], [10.5533954, 52.5332172], [10.5528054, 52.5317422], [10.5528617, 52.5314648], [10.5533016, 52.530773], [10.5534464, 52.5304613], [10.5535188, 52.5295313], [10.5534464, 52.5292131], [10.5526096, 52.527658], [10.5524218, 52.5273643], [10.5521268, 52.5271913], [10.5518639, 52.5270999], [10.5507374, 52.525158], [10.5493373, 52.5251091], [10.5487311, 52.5239896], [10.547567, 52.5235816], [10.5476636, 52.5222009], [10.5469072, 52.5220736], [10.5470788, 52.5217276], [10.5473792, 52.5214208], [10.5487311, 52.5217081], [10.5480283, 52.5205624], [10.5490047, 52.5203176], [10.5503887, 52.518581], [10.5510968, 52.5195603], [10.5511585, 52.5198883], [10.5515635, 52.5204008], [10.5518156, 52.520484], [10.5521589, 52.5205232], [10.5525452, 52.5204693], [10.5535859, 52.5200156], [10.5541223, 52.5198932], [10.5539788, 52.5197259], [10.5541049, 52.5196925], [10.5541934, 52.5197055], [10.5547473, 52.5202294], [10.5549055, 52.5201935], [10.5550879, 52.5198981], [10.5552985, 52.5196443], [10.5567026, 52.519415], [10.5571398, 52.5194395], [10.5575207, 52.5193873], [10.5578962, 52.5192893], [10.5581054, 52.5191604], [10.5582127, 52.51902], [10.5583924, 52.5185826], [10.5586311, 52.5183851], [10.5589637, 52.5180326], [10.5591086, 52.5176327], [10.5590831, 52.5175176], [10.5589208, 52.5173601], [10.55889, 52.5172581], [10.5589651, 52.5171471], [10.5587961, 52.5169652], [10.5587947, 52.5169227], [10.5588001, 52.5168558], [10.5589262, 52.5166224], [10.5591461, 52.5164853], [10.5591917, 52.5161001], [10.5589396, 52.5160821], [10.5592909, 52.5130298], [10.5590147, 52.5121875], [10.5586821, 52.5118545], [10.5584568, 52.5113337], [10.5586204, 52.5108766], [10.5585614, 52.5107265], [10.5583629, 52.5105077], [10.5583361, 52.5103232], [10.5582637, 52.5101682], [10.5579284, 52.5099347], [10.5576843, 52.5095005], [10.5578023, 52.509334], [10.5575877, 52.5091822], [10.5572873, 52.5090777], [10.5570111, 52.5090924], [10.5568475, 52.5091446], [10.5564666, 52.5090728], [10.5565041, 52.5088328], [10.5563727, 52.5085977], [10.5561393, 52.5084867], [10.5558658, 52.5084426], [10.5555868, 52.5084851], [10.5551147, 52.5085879], [10.5550048, 52.5087087], [10.5545676, 52.5087806], [10.5539587, 52.5087593], [10.5538246, 52.5084932], [10.5540526, 52.5083855], [10.5542806, 52.5080476], [10.5542725, 52.507899], [10.5541599, 52.5077651], [10.5542457, 52.5075856], [10.5545488, 52.5074288], [10.5553213, 52.5070844], [10.5555734, 52.5070223], [10.5557263, 52.5070762], [10.556016, 52.5069244], [10.5564263, 52.5068297], [10.5567884, 52.5066142], [10.5571586, 52.506495], [10.5576923, 52.506446], [10.5594063, 52.5062011], [10.5603048, 52.5061424], [10.5614769, 52.5058877], [10.5618927, 52.5057326], [10.5629227, 52.5053032], [10.5637917, 52.5048183], [10.5640385, 52.504593], [10.5641752, 52.504353], [10.5641699, 52.5041277], [10.564253, 52.5036346], [10.5644113, 52.5030518], [10.5644891, 52.5028901], [10.5645293, 52.5026256], [10.5644596, 52.5022746], [10.5643308, 52.5021195], [10.5641457, 52.5020084], [10.5639231, 52.5019644], [10.5636469, 52.5019823], [10.5635717, 52.5018958], [10.5635208, 52.5017684], [10.5631962, 52.5013031], [10.5632097, 52.5011937], [10.5625015, 52.4997568], [10.5625391, 52.4996115], [10.5623782, 52.4991837], [10.5620724, 52.4990433], [10.5618793, 52.4986644], [10.5615306, 52.4982627], [10.5613536, 52.4981517], [10.5610585, 52.4980897], [10.5606562, 52.4980897], [10.5598944, 52.4979002], [10.5595672, 52.4977729], [10.5594251, 52.4974487], [10.5591904, 52.497363], [10.5589262, 52.4973499], [10.5586821, 52.4973679], [10.558489, 52.4973418], [10.5575234, 52.4967425], [10.5569065, 52.4962036], [10.5567455, 52.4958166], [10.5569923, 52.495339], [10.557741, 52.49463], [10.5578459, 52.4946647], [10.5588081, 52.4937541], [10.5589637, 52.4933393], [10.5588698, 52.4928184], [10.5569762, 52.4914139], [10.5544817, 52.4908504], [10.5529743, 52.4908096], [10.552969, 52.4912342], [10.5531889, 52.4912375], [10.5531836, 52.4913796], [10.5543745, 52.4913894], [10.5548277, 52.4914841], [10.5552489, 52.491698], [10.5553669, 52.4918369], [10.555281, 52.4923562], [10.5553052, 52.4929604], [10.5566892, 52.4929539], [10.5565712, 52.4941852], [10.5574885, 52.4945233], [10.5572927, 52.4946996], [10.5569708, 52.4946212], [10.5562735, 52.4951471], [10.5560401, 52.4963588], [10.5562064, 52.4970234], [10.5570433, 52.4977892], [10.558033, 52.4983248], [10.5590281, 52.4989175], [10.5609941, 52.4996637], [10.561249, 52.4998499], [10.5611926, 52.5007332], [10.5613267, 52.5011006], [10.5623245, 52.5027007], [10.562405, 52.5032265], [10.562185, 52.5037652], [10.5615359, 52.5044052], [10.55556, 52.5058387], [10.5524111, 52.5076541], [10.5518693, 52.5082027], [10.5500387, 52.5118324], [10.5500548, 52.511892], [10.5503324, 52.5118536], [10.5502827, 52.5119646], [10.5499743, 52.5120201], [10.5483469, 52.5152472], [10.548479, 52.5152864], [10.5484159, 52.5153639], [10.5484387, 52.5153754], [10.5482523, 52.5156822], [10.5479412, 52.5155908], [10.5469018, 52.5174842], [10.5451637, 52.5171349], [10.544748, 52.5177682], [10.5465692, 52.5181289], [10.5460381, 52.5191294], [10.5460274, 52.5194297], [10.5461079, 52.5197333], [10.5465826, 52.520533], [10.544343, 52.520267], [10.544174, 52.5203192], [10.611479, 52.5702766]]]}}, {"type": "Feature", "properties": {"name": "Ise mit Nebenbächen", "stufe": "streng", "art": "Naturschutzgebiet"}, "geometry": {"type": "Polygon", "coordinates": [[[10.611479, 52.5702766], [10.6115691, 52.570247], [10.616189, 52.5687314], [10.6163243, 52.5688477], [10.6196145, 52.5716754], [10.6206525, 52.5714175], [10.6223743, 52.5755788], [10.6216892, 52.5757953], [10.625318, 52.5781504], [10.6253488, 52.5782223], [10.6156076, 52.5813381], [10.6170121, 52.5837339], [10.6185637, 52.5839401], [10.611479, 52.5702766]]]}}, {"type": "Feature", "properties": {"name": "Ise mit Nebenbächen", "stufe": "streng", "art": "Naturschutzgebiet"}, "geometry": {"type": "Polygon", "coordinates": [[[10.6498587, 52.769584], [10.6509912, 52.7693587], [10.6514071, 52.7692724], [10.6516088, 52.7692316], [10.6530341, 52.7689428], [10.6542986, 52.7686998], [10.656355, 52.7682791], [10.6577518, 52.7680638], [10.6600095, 52.7677234], [10.6611038, 52.7675393], [10.6661379, 52.766122], [10.6670112, 52.7658054], [10.6698355, 52.76464], [10.670718, 52.7642932], [10.6706618, 52.7638314], [10.6705288, 52.7632306], [10.6701058, 52.7610837], [10.6700629, 52.7610195], [10.6699455, 52.7604668], [10.6695458, 52.7604912], [10.6677112, 52.7589378], [10.6669655, 52.7575938], [10.6669655, 52.7574656], [10.6673003, 52.7561795], [10.6675356, 52.755152], [10.6675324, 52.7550613], [10.6674772, 52.7549727], [10.666362, 52.7535567], [10.6663549, 52.7535343], [10.6663722, 52.753486], [10.6676309, 52.7513332], [10.667716, 52.7512056], [10.6680036, 52.7509875], [10.667907, 52.7504607], [10.6664479, 52.7499866], [10.6660992, 52.7498145], [10.6657268, 52.7494293], [10.6651922, 52.7469637], [10.6652596, 52.7468299], [10.6653291, 52.7466379], [10.6653579, 52.7463939], [10.6652438, 52.7458558], [10.6652002, 52.7456378], [10.6651348, 52.7455043], [10.6648985, 52.7452183], [10.664878, 52.7448863], [10.6643856, 52.7448997], [10.6641321, 52.7447751], [10.6639741, 52.7446541], [10.6638811, 52.7445764], [10.6638409, 52.7445254], [10.6637774, 52.7444068], [10.6637203, 52.7442527], [10.6636673, 52.7439028], [10.6636722, 52.7437523], [10.6635415, 52.7420301], [10.6635219, 52.7419311], [10.6633839, 52.7406075], [10.6633511, 52.7403891], [10.663027, 52.7392477], [10.6630284, 52.7391302], [10.663311, 52.7378328], [10.6633242, 52.7376444], [10.6633187, 52.7375267], [10.6632948, 52.7374309], [10.6629376, 52.7365064], [10.662717, 52.7359604], [10.6626336, 52.7357095], [10.6625756, 52.7354848], [10.6625095, 52.7350939], [10.6624516, 52.7346553], [10.6623714, 52.7339682], [10.6622851, 52.7338718], [10.6621027, 52.7336022], [10.6598765, 52.7319618], [10.6594151, 52.7315817], [10.6591992, 52.7309442], [10.6605256, 52.7307306], [10.6590745, 52.7289082], [10.6596994, 52.7285508], [10.6591389, 52.7280099], [10.6584683, 52.7282633], [10.6575872, 52.728697], [10.6572291, 52.7283851], [10.6572278, 52.7282974], [10.6571527, 52.7283234], [10.6554991, 52.7270337], [10.6549466, 52.7249999], [10.6548661, 52.7244898], [10.6549573, 52.7239927], [10.6553918, 52.7233657], [10.6586453, 52.7232195], [10.6583905, 52.7219003], [10.6585193, 52.7192814], [10.6593507, 52.7193302], [10.6594044, 52.719093], [10.6572211, 52.7175365], [10.6582349, 52.712831], [10.6583637, 52.7126685], [10.6560785, 52.7118723], [10.6568509, 52.7111216], [10.657559, 52.7103383], [10.6582564, 52.7092723], [10.6588519, 52.7083623], [10.6595868, 52.7075205], [10.6602842, 52.7068574], [10.6586829, 52.7009351], [10.6583771, 52.7008018], [10.6585327, 52.7007043], [10.6579238, 52.6983832], [10.6547266, 52.686428], [10.6533319, 52.6862427], [10.6529081, 52.6861126], [10.6528223, 52.6857289], [10.6525004, 52.6856313], [10.6520766, 52.6858557], [10.6516528, 52.6856996], [10.6505316, 52.6843533], [10.65014, 52.6838265], [10.6509447, 52.6838233], [10.6516206, 52.6827111], [10.651567, 52.6821972], [10.6509662, 52.6817289], [10.6504297, 52.6814818], [10.6503439, 52.6809484], [10.6509769, 52.6805712], [10.649668, 52.679576], [10.6495392, 52.6787824], [10.6487238, 52.6776701], [10.6477851, 52.6753396], [10.647144, 52.6752892], [10.6471038, 52.6735816], [10.646975, 52.6733474], [10.6464547, 52.6729798], [10.645811, 52.6722739], [10.6454837, 52.6720105], [10.6436866, 52.6691121], [10.6412297, 52.6678173], [10.6413236, 52.6676384], [10.638231, 52.666015], [10.6375766, 52.6662785], [10.6361872, 52.6654847], [10.6366807, 52.6651724], [10.6354737, 52.6644859], [10.6339824, 52.6647853], [10.6319815, 52.6619742], [10.6335694, 52.6616131], [10.6311607, 52.6569341], [10.6311768, 52.6561889], [10.6285268, 52.6567974], [10.6282264, 52.6562247], [10.6266117, 52.6535954], [10.6260726, 52.6527558], [10.6281245, 52.6522742], [10.6272501, 52.6507446], [10.6278884, 52.6506535], [10.6278509, 52.6502955], [10.6248307, 52.6505331], [10.6241548, 52.6493647], [10.6262684, 52.6491043], [10.6250989, 52.6471841], [10.6240636, 52.647324], [10.6231248, 52.6458659], [10.6212848, 52.6460758], [10.6169289, 52.6448569], [10.6161833, 52.6435647], [10.6149387, 52.6439553], [10.6137478, 52.6432099], [10.6156629, 52.6424971], [10.6151909, 52.6412601], [10.6146437, 52.6413903], [10.6137907, 52.6416312], [10.6128949, 52.6420739], [10.6114411, 52.6426598], [10.6111568, 52.6424613], [10.6111246, 52.6421585], [10.6111997, 52.6418688], [10.6147926, 52.6352279], [10.6151976, 52.6350635], [10.6155275, 52.6342911], [10.6157997, 52.6337319], [10.6175619, 52.6312575], [10.6175914, 52.6305152], [10.6189004, 52.6284997], [10.6172562, 52.6280455], [10.616945, 52.6280341], [10.6157327, 52.6288074], [10.6136405, 52.6276482], [10.608024, 52.6243724], [10.6094992, 52.6241575], [10.6090432, 52.6231968], [10.6074446, 52.623389], [10.6083418, 52.6215914], [10.608193, 52.6214293], [10.6078564, 52.6212779], [10.6079167, 52.6211574], [10.6068411, 52.6207528], [10.6085618, 52.6176661], [10.6088273, 52.6174756], [10.6089815, 52.6173193], [10.6089815, 52.6172256], [10.6091505, 52.6167713], [10.6103665, 52.6156386], [10.610446, 52.6155646], [10.6103562, 52.6155149], [10.6104313, 52.615453], [10.6105319, 52.6155108], [10.612227, 52.6140337], [10.6140938, 52.6114361], [10.6141475, 52.6113172], [10.6140295, 52.6111852], [10.6120446, 52.6108676], [10.6118757, 52.6107895], [10.6116959, 52.6104165], [10.6113124, 52.609563], [10.611138, 52.6093953], [10.6109744, 52.6093301], [10.6108832, 52.608993], [10.6127286, 52.6064878], [10.6138444, 52.6054421], [10.6142199, 52.6044159], [10.6141958, 52.6037431], [10.6138323, 52.6027502], [10.6138444, 52.6026419], [10.61584, 52.5987957], [10.6149656, 52.5987973], [10.6149575, 52.5984438], [10.6152928, 52.5982645], [10.6159472, 52.5980576], [10.6167224, 52.5980967], [10.6176746, 52.5978638], [10.6172428, 52.5962427], [10.6171636, 52.5942859], [10.6139517, 52.5943397], [10.6133857, 52.5937124], [10.6144291, 52.5937075], [10.6148878, 52.5928651], [10.6153706, 52.5922965], [10.6144533, 52.5922834], [10.6138739, 52.5904845], [10.6135118, 52.5904943], [10.6125087, 52.5909962], [10.6123343, 52.5905448], [10.6124014, 52.5903933], [10.6133375, 52.5894563], [10.6138229, 52.5885291], [10.6143299, 52.588565], [10.6144801, 52.5880712], [10.6152686, 52.5875205], [10.6165668, 52.5869941], [10.6165829, 52.5868621], [10.6163952, 52.5867871], [10.6165293, 52.5867301], [10.6168243, 52.5857426], [10.6185637, 52.5839401], [10.6498587, 52.769584]]]}}, {"type": "Feature", "properties": {"name": "Ise mit Nebenbächen", "stufe": "streng", "art": "Naturschutzgebiet"}, "geometry": {"type": "Polygon", "coordinates": [[[10.6324214, 52.7017022], [10.6332958, 52.692736], [10.6340575, 52.6925084], [10.635125, 52.6913477], [10.6351787, 52.6909445], [10.6352431, 52.6907202], [10.6359833, 52.6900796], [10.6362998, 52.6898162], [10.6363535, 52.6895008], [10.6369865, 52.6891171], [10.6375122, 52.6890033], [10.6395936, 52.6881774], [10.64013, 52.6881254], [10.6402159, 52.6882034], [10.6409293, 52.6879726], [10.6418949, 52.6874653], [10.6433701, 52.6873255], [10.6437617, 52.6871857], [10.6447381, 52.6869385], [10.6450063, 52.6869971], [10.6469697, 52.687797], [10.6478763, 52.6873775], [10.6486112, 52.6876442], [10.6489921, 52.6864378], [10.6503332, 52.686467], [10.6513578, 52.6868995], [10.652436, 52.687267], [10.652774, 52.6881222], [10.6536752, 52.6882067], [10.6548125, 52.6885644], [10.657492, 52.6984661], [10.6579292, 52.7000086], [10.6577682, 52.7003727], [10.6578433, 52.700636], [10.6583422, 52.7012016], [10.6597316, 52.7066592], [10.6595868, 52.7069842], [10.6585937, 52.708032], [10.6586561, 52.7080706], [10.6578809, 52.7090351], [10.6556171, 52.7084923], [10.6547078, 52.709755], [10.6522214, 52.7093568], [10.6518459, 52.7103806], [10.6561026, 52.7111232], [10.6557076, 52.7115103], [10.6552488, 52.712087], [10.6551259, 52.7123247], [10.6550538, 52.7125293], [10.6550141, 52.7127299], [10.6549783, 52.7136826], [10.6549287, 52.714601], [10.6549732, 52.7148646], [10.6551381, 52.7154711], [10.6561708, 52.7176071], [10.6562201, 52.7177402], [10.6562496, 52.7179178], [10.6562453, 52.7181216], [10.6561505, 52.7185837], [10.6559516, 52.7197487], [10.6558951, 52.7212892], [10.6558488, 52.7215358], [10.6557336, 52.721817], [10.6551448, 52.7228112], [10.6547506, 52.7233728], [10.6544453, 52.7238673], [10.6543856, 52.724038], [10.6543573, 52.7242781], [10.6543546, 52.7244938], [10.6543805, 52.7247369], [10.6544437, 52.7250966], [10.6545643, 52.7250933], [10.6548835, 52.7262946], [10.6547709, 52.7263019], [10.654867, 52.7266535], [10.6549304, 52.7269398], [10.6550225, 52.72714], [10.6551551, 52.7272435], [10.6571879, 52.7288298], [10.6581606, 52.7296439], [10.658218, 52.7297221], [10.658283, 52.7298673], [10.6588718, 52.7315184], [10.659002, 52.7317293], [10.6591707, 52.7319124], [10.6593362, 52.7320417], [10.660391, 52.7328061], [10.6610932, 52.7333488], [10.6616839, 52.733784], [10.6617198, 52.7338196], [10.6617383, 52.7338496], [10.6617881, 52.7340039], [10.6618672, 52.7346819], [10.6619258, 52.7351261], [10.6619942, 52.7355304], [10.6620566, 52.7357719], [10.6621449, 52.7360376], [10.6623676, 52.736589], [10.6627188, 52.7374979], [10.6627338, 52.7375583], [10.6627377, 52.7376419], [10.6627265, 52.737802], [10.6624426, 52.7391055], [10.6624405, 52.7392767], [10.6627695, 52.7404353], [10.6627995, 52.7406348], [10.662938, 52.7419635], [10.662957, 52.7420594], [10.6630859, 52.7437569], [10.6630806, 52.7439155], [10.6631401, 52.744308], [10.6632115, 52.7445006], [10.6632953, 52.744657], [10.663375, 52.7447583], [10.6635067, 52.7448683], [10.6637125, 52.7450259], [10.664, 52.7451671], [10.6642956, 52.745335], [10.664405, 52.7454142], [10.6645876, 52.7456351], [10.6646243, 52.7457101], [10.6646622, 52.7458997], [10.6647692, 52.7464039], [10.6647475, 52.746587], [10.6646945, 52.7467335], [10.6642946, 52.7474329], [10.6639905, 52.7479729], [10.6639421, 52.748131], [10.6639321, 52.748272], [10.6639616, 52.7484332], [10.6641058, 52.748621], [10.6656007, 52.7500363], [10.6657898, 52.7501614], [10.6660233, 52.7502588], [10.6670902, 52.7506095], [10.6673411, 52.7506872], [10.667341, 52.7508347], [10.6671652, 52.7510596], [10.6670686, 52.7512044], [10.6657928, 52.7533864], [10.6657415, 52.75353], [10.6657863, 52.7536711], [10.6669237, 52.7551153], [10.6669335, 52.7551311], [10.6667049, 52.7561295], [10.6663936, 52.7574418], [10.6663929, 52.7575445], [10.6664113, 52.7576544], [10.6671165, 52.7589596], [10.6671878, 52.7590567], [10.6673036, 52.7591896], [10.6690442, 52.7606475], [10.6696139, 52.7611199], [10.6696457, 52.7611499], [10.6696489, 52.7611547], [10.6700648, 52.7632662], [10.6702278, 52.7641838], [10.6667951, 52.765601], [10.6659498, 52.7659074], [10.6609646, 52.767311], [10.6599073, 52.7674888], [10.6576539, 52.7678286], [10.6562411, 52.7680463], [10.6541737, 52.7684693], [10.6529098, 52.7687122], [10.6514815, 52.7690016], [10.6512785, 52.7690427], [10.6508635, 52.7691288], [10.6496692, 52.7693682], [10.6498021, 52.7694978], [10.6498587, 52.769584], [10.6324214, 52.7017022]]]}}, {"type": "Feature", "properties": {"name": "Ise mit Nebenbächen", "stufe": "streng", "art": "Naturschutzgebiet"}, "geometry": {"type": "Polygon", "coordinates": [[[10.6140724, 52.6813874], [10.6145176, 52.6814704], [10.6148046, 52.6806915], [10.6147885, 52.6797678], [10.6153759, 52.6789157], [10.6151721, 52.6788816], [10.615561, 52.6779969], [10.6156951, 52.6780327], [10.6159258, 52.6778652], [10.6163603, 52.6771627], [10.6166822, 52.6761284], [10.6168055, 52.6746615], [10.6170416, 52.6732384], [10.6168565, 52.6724984], [10.6166393, 52.6725163], [10.6162584, 52.6722333], [10.6162396, 52.6721422], [10.6161323, 52.6719747], [10.6160465, 52.6719047], [10.6158507, 52.6718511], [10.6156898, 52.6717535], [10.615789, 52.6717055], [10.6136513, 52.6693626], [10.6126535, 52.6682077], [10.6101376, 52.6656962], [10.6103522, 52.6650943], [10.6099927, 52.664333], [10.6093651, 52.664076], [10.6084371, 52.6625566], [10.6085175, 52.661779], [10.6089145, 52.661509], [10.6088608, 52.6611478], [10.6078523, 52.6604613], [10.607391, 52.6603669], [10.6069189, 52.6605133], [10.6062967, 52.6600578], [10.6053042, 52.6595079], [10.6052828, 52.6592346], [10.6054169, 52.6588962], [10.6055832, 52.6584309], [10.6053847, 52.6584439], [10.6053472, 52.6581446], [10.6049019, 52.6576565], [10.6042099, 52.6569406], [10.6034696, 52.6569081], [10.6031853, 52.656843], [10.6032282, 52.6560783], [10.6030673, 52.655011], [10.603829, 52.6549036], [10.6037432, 52.6536702], [10.6034535, 52.6534197], [10.6027186, 52.6531723], [10.6017154, 52.653078], [10.6013346, 52.6529803], [10.6014633, 52.6526875], [10.6011254, 52.6524108], [10.6002831, 52.6520398], [10.5993175, 52.6517893], [10.598191, 52.6512197], [10.598014, 52.651197], [10.5977029, 52.6506079], [10.5970162, 52.6500384], [10.5968392, 52.6500644], [10.5962384, 52.6492931], [10.5953479, 52.6476967], [10.5954713, 52.6464322], [10.5958387, 52.6457064], [10.5957395, 52.6456283], [10.5958039, 52.645573], [10.5945486, 52.6449122], [10.5951869, 52.6432294], [10.5972549, 52.6438918], [10.5976707, 52.6434947], [10.5953613, 52.6427477], [10.5956644, 52.6416898], [10.5955973, 52.641667], [10.5956349, 52.6415921], [10.5956966, 52.6416182], [10.5960426, 52.6404626], [10.5965066, 52.640614], [10.59641, 52.6401973], [10.5964825, 52.6398815], [10.5963859, 52.6393037], [10.6006426, 52.6387634], [10.5992371, 52.6376403], [10.599677, 52.6367971], [10.6007981, 52.6370738], [10.6015491, 52.6369957], [10.601753, 52.6366962], [10.6014311, 52.6361427], [10.6015438, 52.6359539], [10.5980314, 52.6357024], [10.5996716, 52.6323401], [10.6001168, 52.6309206], [10.6022036, 52.6310313], [10.6023914, 52.6302629], [10.60193, 52.6302173], [10.6023323, 52.6287358], [10.604521, 52.6288758], [10.6033355, 52.6269156], [10.603078, 52.626717], [10.6015934, 52.6259656], [10.6023672, 52.6249512], [10.6029493, 52.6238937], [10.6046659, 52.6246867], [10.605197, 52.6236617], [10.6071871, 52.6253917], [10.6073427, 52.6273519], [10.614236, 52.628713], [10.6141918, 52.6288035], [10.6129834, 52.6312754], [10.6159472, 52.6316987], [10.6149656, 52.6336033], [10.6141019, 52.633561], [10.6141072, 52.6338833], [10.6129378, 52.6365366], [10.6133562, 52.6369192], [10.6128842, 52.6377574], [10.6117362, 52.6372431], [10.6105238, 52.6387861], [10.6119937, 52.6394453], [10.6107438, 52.6419632], [10.6108215, 52.6425817], [10.6110093, 52.6429284], [10.6123531, 52.6437779], [10.6122565, 52.6438788], [10.6124577, 52.6439537], [10.6113607, 52.6455437], [10.6132758, 52.6462272], [10.6142843, 52.6449204], [10.6155556, 52.6452703], [10.6145525, 52.6466698], [10.6153572, 52.6469758], [10.616371, 52.6455079], [10.6195575, 52.6463672], [10.6183076, 52.6481833], [10.6188279, 52.6485706], [10.6202938, 52.6465633], [10.6211963, 52.6468358], [10.622052, 52.6471662], [10.6214538, 52.6479701], [10.6227064, 52.6500579], [10.620802, 52.6504842], [10.6215906, 52.6518446], [10.6237793, 52.651786], [10.6251848, 52.6541567], [10.6254664, 52.6540721], [10.6255496, 52.6539843], [10.6257668, 52.6539306], [10.6259707, 52.654025], [10.626145, 52.6543211], [10.6267109, 52.654282], [10.6273144, 52.6556878], [10.627234, 52.6559514], [10.627352, 52.6562182], [10.6278562, 52.6565827], [10.6280976, 52.6570513], [10.627926, 52.6571293], [10.6278348, 52.6575459], [10.6282961, 52.6579526], [10.628441, 52.6584179], [10.6286931, 52.6584146], [10.6299591, 52.663832], [10.6306672, 52.6646389], [10.6310052, 52.6648471], [10.6351787, 52.6666885], [10.635919, 52.6668544], [10.640232, 52.6677913], [10.6402159, 52.6680255], [10.6399476, 52.6681849], [10.640012, 52.6683281], [10.6408918, 52.6686371], [10.6406289, 52.669548], [10.641852, 52.6705792], [10.6428337, 52.6704621], [10.6430215, 52.6706442], [10.6420988, 52.6709272], [10.643515, 52.672378], [10.6440729, 52.6723], [10.6441534, 52.672905], [10.6435525, 52.6730156], [10.6435633, 52.673266], [10.6445879, 52.6757413], [10.6451565, 52.675634], [10.6453121, 52.675995], [10.6462455, 52.6757218], [10.6468356, 52.6768472], [10.6473988, 52.6766781], [10.6476778, 52.6772472], [10.6461167, 52.6777839], [10.6463689, 52.6783108], [10.6478602, 52.6778099], [10.6487131, 52.6788149], [10.6488043, 52.6788052], [10.6489223, 52.6790491], [10.6468302, 52.6793548], [10.6473291, 52.6807435], [10.6494266, 52.68115], [10.6493622, 52.6813419], [10.649212, 52.6815598], [10.6475758, 52.6818135], [10.6461543, 52.6819273], [10.6459612, 52.6820997], [10.6465191, 52.6828769], [10.6473935, 52.6828997], [10.6475168, 52.6835436], [10.647195, 52.6839924], [10.6468892, 52.6841192], [10.6452638, 52.6844801], [10.6440031, 52.6841127], [10.642485, 52.685537], [10.6413102, 52.6860313], [10.6415087, 52.6871499], [10.6398514, 52.6879557], [10.6394005, 52.6879758], [10.6388372, 52.6880701], [10.636611, 52.6880083], [10.6307745, 52.6898195], [10.6313324, 52.6906064], [10.632078, 52.6903755], [10.632813, 52.6907754], [10.6323945, 52.6943519], [10.6322229, 52.6966504], [10.6320566, 52.7016502], [10.6324214, 52.7017022], [10.6140724, 52.6813874]]]}}, {"type": "Feature", "properties": {"name": "Ise mit Nebenbächen", "stufe": "streng", "art": "Naturschutzgebiet"}, "geometry": {"type": "Polygon", "coordinates": [[[10.6042636, 52.5727062], [10.6043333, 52.572754], [10.6045961, 52.5726041], [10.6059614, 52.5720376], [10.6070208, 52.5737484], [10.6071818, 52.5738658], [10.6106231, 52.5756833], [10.6106365, 52.5755952], [10.6108457, 52.5756979], [10.6105185, 52.5785308], [10.6106365, 52.5785911], [10.6101818, 52.5824913], [10.6141032, 52.5825818], [10.6149334, 52.5844013], [10.609978, 52.584293], [10.6094214, 52.5889268], [10.61032, 52.5892999], [10.6101939, 52.590896], [10.6092109, 52.5908683], [10.6089266, 52.5933792], [10.6126964, 52.5935413], [10.6135896, 52.594545], [10.613772, 52.5948383], [10.6140643, 52.5967233], [10.6124604, 52.5981994], [10.6122833, 52.5985187], [10.6124926, 52.600011], [10.6098318, 52.5999328], [10.6097299, 52.5999882], [10.6095958, 52.6007995], [10.6081849, 52.6007506], [10.6078555, 52.6040659], [10.61032, 52.6041357], [10.6103253, 52.6043637], [10.6102556, 52.6044729], [10.6088394, 52.6054698], [10.6087965, 52.6055447], [10.6087723, 52.6057614], [10.6088984, 52.605763], [10.6089655, 52.6065921], [10.6091173, 52.6073787], [10.6088153, 52.6073739], [10.6088555, 52.6076574], [10.608429, 52.6082844], [10.6086758, 52.608291], [10.6080206, 52.6092747], [10.6079543, 52.6095296], [10.6078416, 52.609541], [10.6080602, 52.6130032], [10.608144, 52.613114], [10.6065837, 52.6150532], [10.6064428, 52.6155572], [10.606475, 52.6155646], [10.6064294, 52.6157893], [10.6063932, 52.6157901], [10.6063825, 52.6159611], [10.6062658, 52.6161712], [10.6059131, 52.6160971], [10.6059641, 52.6162502], [10.6057253, 52.6174846], [10.6056234, 52.6179666], [10.6054786, 52.6182027], [10.6049985, 52.6186408], [10.6047195, 52.6191065], [10.604006, 52.6188785], [10.6036359, 52.6196373], [10.6044513, 52.6200184], [10.6042957, 52.6201519], [10.6030928, 52.6224218], [10.6021821, 52.6221841], [10.6006801, 52.6250758], [10.6010905, 52.625548], [10.6012353, 52.6256473], [10.6011173, 52.6257271], [10.5989903, 52.6323417], [10.5968767, 52.6313406], [10.595718, 52.6335317], [10.5982896, 52.6338648], [10.5973032, 52.6358807], [10.5961311, 52.6384118], [10.5958468, 52.6393005], [10.5949616, 52.6421488], [10.5951172, 52.6422009], [10.5948704, 52.6429625], [10.5929232, 52.6423896], [10.5921239, 52.6447755], [10.5916786, 52.644717], [10.5891144, 52.6492752], [10.5896482, 52.6493533], [10.5920796, 52.6450571], [10.5941999, 52.6450538], [10.5940711, 52.6476853], [10.595026, 52.6475356], [10.595026, 52.647796], [10.5952889, 52.648499], [10.5929017, 52.6488179], [10.5938351, 52.6506502], [10.5964436, 52.6501604], [10.5970135, 52.6507381], [10.5973595, 52.6513548], [10.5955973, 52.6517421], [10.5967212, 52.6529966], [10.5974561, 52.6530584], [10.598014, 52.6548645], [10.5985343, 52.654832], [10.5987757, 52.6547799], [10.5988401, 52.6549003], [10.599001, 52.654871], [10.5986631, 52.6543081], [10.5986792, 52.6540965], [10.5988187, 52.6539469], [10.598942, 52.6537939], [10.599736, 52.6536702], [10.6008357, 52.6542625], [10.601002, 52.6541193], [10.6014258, 52.6541812], [10.6024235, 52.6550435], [10.6027079, 52.6554633], [10.6027079, 52.656023], [10.6025577, 52.6566347], [10.6026328, 52.6569178], [10.6028366, 52.6571228], [10.6032497, 52.6572302], [10.6038183, 52.6573018], [10.6040758, 52.6581966], [10.6048617, 52.6581576], [10.6049743, 52.6584765], [10.6048724, 52.6588263], [10.6046256, 52.6592427], [10.6039765, 52.659316], [10.6036037, 52.6596755], [10.6038049, 52.6600546], [10.6055188, 52.6618864], [10.6072247, 52.6633798], [10.6090432, 52.6660508], [10.6094509, 52.6659012], [10.6112534, 52.6675538], [10.6132328, 52.6694276], [10.6155556, 52.6718137], [10.6156146, 52.6717844], [10.615789, 52.671882], [10.6159928, 52.67196], [10.6161216, 52.6721162], [10.6161296, 52.672256], [10.6164435, 52.6724854], [10.6165025, 52.6725374], [10.6162906, 52.6725504], [10.6164837, 52.6732725], [10.6162155, 52.6745411], [10.6161404, 52.6761089], [10.6160116, 52.6765284], [10.6158748, 52.6770863], [10.6154886, 52.6777058], [10.6151935, 52.6779042], [10.6153169, 52.6779579], [10.6150165, 52.6786051], [10.6149387, 52.6786539], [10.6150112, 52.6787043], [10.6149843, 52.6788556], [10.6148261, 52.6788344], [10.6142789, 52.6797093], [10.6143406, 52.6806687], [10.6140724, 52.6813874], [10.6042636, 52.5727062]]]}}, {"type": "Feature", "properties": {"name": "Ise mit Nebenbächen", "stufe": "streng", "art": "Naturschutzgebiet"}, "geometry": {"type": "Polygon", "coordinates": [[[10.5932839, 52.5665297], [10.5948275, 52.5667874], [10.5965173, 52.5675145], [10.5995321, 52.5687731], [10.5985397, 52.5700088], [10.5996609, 52.5709413], [10.6016833, 52.5709348], [10.6023933, 52.5714222], [10.6042636, 52.5727062], [10.5932839, 52.5665297]]]}}, {"type": "Feature", "properties": {"name": "Allertal im städtischen Bereich von Gifhorn", "stufe": "streng", "art": "Naturschutzgebiet"}, "geometry": {"type": "Polygon", "coordinates": [[[10.5258133, 52.4796654], [10.5265023, 52.482144], [10.5267128, 52.4822436], [10.5265506, 52.4823702], [10.5265935, 52.4825679], [10.5281907, 52.4828586], [10.5319351, 52.4829844], [10.5328256, 52.482888], [10.5323455, 52.4817136], [10.5337483, 52.4806991], [10.5337885, 52.4806469], [10.5342954, 52.4807857], [10.5379888, 52.4822559], [10.5382624, 52.4824372], [10.5383402, 52.4825924], [10.5384529, 52.4829599], [10.5388612, 52.4834424], [10.5389896, 52.4836339], [10.5390376, 52.4837664], [10.5390349, 52.4841156], [10.5389632, 52.4843361], [10.5389699, 52.4844279], [10.5390718, 52.4845672], [10.5392944, 52.4847395], [10.5397195, 52.4847391], [10.5397745, 52.4847657], [10.5404236, 52.4848142], [10.5406067, 52.4848465], [10.5408501, 52.4846881], [10.5412424, 52.4845843], [10.5414227, 52.4845398], [10.5419424, 52.4844525], [10.5422147, 52.4844181], [10.5428544, 52.4844904], [10.5430555, 52.4844847], [10.5433264, 52.4844537], [10.543537, 52.4843124], [10.5439675, 52.4840029], [10.5443403, 52.4836705], [10.544579, 52.4834271], [10.5449438, 52.4832008], [10.5452241, 52.483071], [10.5456828, 52.4829003], [10.5464298, 52.4826855], [10.5468562, 52.4825907], [10.5471714, 52.482505], [10.5475429, 52.482313], [10.5476944, 52.4822698], [10.5480163, 52.4822624], [10.5486144, 52.482251], [10.548833, 52.4822159], [10.5493131, 52.482108], [10.54958, 52.4821105], [10.5501433, 52.4822902], [10.5507562, 52.4825385], [10.5508299, 52.4826022], [10.5510204, 52.4828505], [10.5510767, 52.4829199], [10.5513395, 52.4830881], [10.5523226, 52.4836525], [10.5525318, 52.4837807], [10.5529623, 52.4840551], [10.5533941, 52.4843777], [10.55361, 52.4846039], [10.5537629, 52.4848449], [10.5537911, 52.4850466], [10.5537857, 52.4852377], [10.5526914, 52.4857081], [10.553028, 52.4859082], [10.5531085, 52.4861181], [10.5532975, 52.4862308], [10.5534759, 52.4862561], [10.5551724, 52.4868759], [10.555501, 52.4870156], [10.5565108, 52.4876232], [10.5578533, 52.4882602], [10.558265, 52.4886325], [10.5589664, 52.4885223], [10.5593298, 52.4886971], [10.5595538, 52.4888906], [10.5598073, 52.4892099], [10.5603759, 52.4894737], [10.5617371, 52.4903744], [10.5621234, 52.4907867], [10.5618095, 52.4913943], [10.5619946, 52.4916376], [10.5623057, 52.4917454], [10.5633411, 52.4917258], [10.5639634, 52.4918695], [10.5652267, 52.4923317], [10.5657631, 52.4924395], [10.5657631, 52.4922206], [10.5662513, 52.4922606], [10.5258133, 52.4796654]]]}}, {"type": "Feature", "properties": {"name": "Allertal im städtischen Bereich von Gifhorn", "stufe": "streng", "art": "Naturschutzgebiet"}, "geometry": {"type": "Polygon", "coordinates": [[[10.5661802, 52.4921578], [10.5658932, 52.4921284], [10.5657671, 52.4920982], [10.5656196, 52.4920312], [10.565397, 52.4917879], [10.5652602, 52.4917209], [10.5645588, 52.4916286], [10.5642986, 52.4915674], [10.5637541, 52.4914906], [10.5633666, 52.4914449], [10.5628435, 52.4911501], [10.5625552, 52.4909411], [10.5622011, 52.4905271], [10.5618323, 52.4901963], [10.5612651, 52.4897807], [10.5607031, 52.4894557], [10.5603276, 52.4892891], [10.5600715, 52.4891625], [10.5598703, 52.4889608], [10.5596302, 52.4886962], [10.559362, 52.4885149], [10.5591729, 52.4884153], [10.5587894, 52.4880887], [10.5583079, 52.4875938], [10.5578171, 52.4870875], [10.5575716, 52.4868808], [10.5572015, 52.4866857], [10.5567817, 52.4864758], [10.5563579, 52.486301], [10.5559543, 52.4861679], [10.5555332, 52.4860601], [10.5548479, 52.4859425], [10.5544402, 52.4859017], [10.5540325, 52.4858951], [10.5540352, 52.4856624], [10.5539574, 52.4856607], [10.5539319, 52.4850033], [10.5538809, 52.4848163], [10.5537817, 52.4846358], [10.5536342, 52.4844627], [10.5532318, 52.4841343], [10.5529529, 52.4839392], [10.55281, 52.483844], [10.5519873, 52.4832964], [10.5512068, 52.4828521], [10.5511501, 52.4827993], [10.5511045, 52.4827568], [10.5510586, 52.4826934], [10.5510045, 52.4826172], [10.5508828, 52.4824875], [10.5507521, 52.4824062], [10.5498549, 52.4820713], [10.5495116, 52.4820174], [10.5492581, 52.4820231], [10.5489486, 52.4820908], [10.5487056, 52.482144], [10.5484897, 52.4821628], [10.547799, 52.4821505], [10.5475174, 52.4822175], [10.5472773, 52.4823335], [10.5469877, 52.4824846], [10.5464204, 52.482603], [10.5458075, 52.482777], [10.545487, 52.4828929], [10.545145, 52.4830203], [10.5447534, 52.4832066], [10.5444932, 52.4833846], [10.5442639, 52.4835839], [10.5438294, 52.4839653], [10.5432621, 52.4843304], [10.5431011, 52.4843916], [10.5428664, 52.4843973], [10.5425902, 52.4843549], [10.5421503, 52.4843189], [10.5414274, 52.4844243], [10.5411538, 52.4844994], [10.5406174, 52.4846603], [10.5403653, 52.484675], [10.5399978, 52.4846603], [10.5396947, 52.4846448], [10.5395646, 52.4846154], [10.5393729, 52.4845043], [10.5392911, 52.4844137], [10.5392589, 52.4843222], [10.5393474, 52.4839735], [10.5393621, 52.4838379], [10.539275, 52.4835765], [10.5389625, 52.4831494], [10.5387452, 52.4828456], [10.5387452, 52.4826822], [10.5389786, 52.4826887], [10.5391288, 52.4827329], [10.5396411, 52.4825973], [10.539853, 52.4824388], [10.5398932, 52.4822575], [10.5397618, 52.4817152], [10.5394641, 52.4813575], [10.5381095, 52.4819635], [10.5369884, 52.4815216], [10.5369535, 52.4815633], [10.5368516, 52.4815233], [10.5369213, 52.4811533], [10.5359128, 52.4809817], [10.5358672, 52.4810977], [10.5342941, 52.4804606], [10.5335404, 52.4802336], [10.5331743, 52.4801078], [10.532961, 52.4800661], [10.5335847, 52.4783827], [10.5327505, 52.4783353], [10.5316159, 52.4784775], [10.5314255, 52.4784791], [10.5299181, 52.4782716], [10.5293521, 52.4782014], [10.5287889, 52.478221], [10.5287138, 52.4784742], [10.5275846, 52.4785575], [10.5273673, 52.479059], [10.5268845, 52.4790443], [10.5268684, 52.4790819], [10.5256507, 52.4790803], [10.5257482, 52.4794311], [10.5661802, 52.4921578]]]}}, {"type": "Feature", "properties": {"name": "Vogelmoor", "stufe": "streng", "art": "Naturschutzgebiet"}, "geometry": {"type": "Polygon", "coordinates": [[[10.7630278, 52.5438525], [10.7622776, 52.5410873], [10.761051, 52.5411775], [10.7603681, 52.5377754], [10.7608713, 52.5377535], [10.7615947, 52.537636], [10.7666805, 52.5367151], [10.7662626, 52.534824], [10.7668467, 52.5347065], [10.7732175, 52.5347885], [10.774426, 52.5348459], [10.7800105, 52.5348814], [10.7810663, 52.5379421], [10.7813539, 52.5390898], [10.7813898, 52.5391933], [10.7630278, 52.5438525]]]}}, {"type": "Feature", "properties": {"name": "Vogelmoor", "stufe": "streng", "art": "Naturschutzgebiet"}, "geometry": {"type": "Polygon", "coordinates": [[[10.7630278, 52.5438525], [10.7631737, 52.5444949], [10.7611674, 52.5447135], [10.7624522, 52.5478566], [10.7741439, 52.5467818], [10.7735377, 52.5434542], [10.7748198, 52.5433107], [10.7741708, 52.5399421], [10.7813898, 52.5391933], [10.7630278, 52.5438525]]]}}, {"type": "Feature", "properties": {"name": "Erweiterungsflächen Vogelmoor", "stufe": "streng", "art": "Naturschutzgebiet"}, "geometry": {"type": "Polygon", "coordinates": [[[10.7813898, 52.5391933], [10.7829982, 52.5436667], [10.7784965, 52.5440929], [10.7748708, 52.5448552], [10.775338, 52.5466967], [10.7751493, 52.5468114], [10.7779394, 52.5480081], [10.7790401, 52.5510597], [10.7784201, 52.551128], [10.777544, 52.5515104], [10.7773643, 52.5524665], [10.7782718, 52.5546901], [10.7782285, 52.5548593], [10.7689811, 52.5554944], [10.7693761, 52.5570283], [10.7678066, 52.5571375], [10.7683262, 52.5590493], [10.7675714, 52.5592293], [10.7667201, 52.5595329], [10.7664466, 52.559825], [10.7635303, 52.5600192], [10.7610196, 52.5601804], [10.7662402, 52.554518], [10.7631941, 52.5542859], [10.7638006, 52.5532861], [10.7638231, 52.553226], [10.7642454, 52.5531741], [10.7621652, 52.5478824], [10.7573535, 52.5483387], [10.7568593, 52.546571], [10.7561225, 52.5466475], [10.7556597, 52.5452158], [10.7542627, 52.5453629], [10.7541636, 52.5443251], [10.7579151, 52.5439044], [10.7580678, 52.5443415], [10.7608533, 52.5440683], [10.7607815, 52.5437869], [10.7622102, 52.5436694], [10.7622955, 52.5439344], [10.7630278, 52.5438525], [10.7813898, 52.5391933]]]}}, {"type": "Feature", "properties": {"name": "Erweiterungsflächen Vogelmoor", "stufe": "streng", "art": "Naturschutzgebiet"}, "geometry": {"type": "Polygon", "coordinates": [[[10.7630278, 52.5438525], [10.7631737, 52.5444949], [10.7611674, 52.5447135], [10.7624522, 52.5478566], [10.7741439, 52.5467818], [10.7735377, 52.5434542], [10.7748198, 52.5433107], [10.7741708, 52.5399421], [10.7813898, 52.5391933], [10.7630278, 52.5438525]]]}}, {"type": "Feature", "properties": {"name": "Maaßel", "stufe": "streng", "art": "Naturschutzgebiet"}, "geometry": {"type": "Polygon", "coordinates": [[[10.4888888, 52.4046806], [10.4876612, 52.4067308], [10.4881779, 52.4069388], [10.4883835, 52.4070642], [10.4885053, 52.4072622], [10.4887135, 52.4074272], [10.4888881, 52.4077699], [10.4890752, 52.4081226], [10.4897288, 52.4085763], [10.4901513, 52.4090723], [10.4881158, 52.4092832], [10.4867694, 52.4094125], [10.4865396, 52.4104586], [10.4852318, 52.4097823], [10.4835734, 52.4088119], [10.4833002, 52.4083729], [10.4832731, 52.4081683], [10.4831378, 52.4080181], [10.4829268, 52.407797], [10.4827104, 52.4076501], [10.4820773, 52.4072738], [10.4816169, 52.4070187], [10.4812467, 52.4068289], [10.4807237, 52.4066047], [10.4785377, 52.4057571], [10.4777732, 52.4054462], [10.4776606, 52.4053758], [10.477328, 52.4050633], [10.4771993, 52.4049203], [10.4770913, 52.4047536], [10.4771644, 52.4028411], [10.4782185, 52.4029376], [10.4782721, 52.4025056], [10.4781675, 52.4020687], [10.4782507, 52.4018314], [10.4782292, 52.4014419], [10.4783783, 52.4014419], [10.4790956, 52.4016301], [10.479911, 52.4018887], [10.4849079, 52.403458], [10.4888888, 52.4046806]]]}}, {"type": "Feature", "properties": {"name": "Maaßel", "stufe": "streng", "art": "Naturschutzgebiet"}, "geometry": {"type": "Polygon", "coordinates": [[[10.4783781, 52.4013453], [10.4785565, 52.4013666], [10.4797983, 52.4017168], [10.4842964, 52.4031225], [10.4889466, 52.4045841], [10.4981956, 52.4074605], [10.4990137, 52.4064705], [10.4994106, 52.4065687], [10.5010253, 52.4055444], [10.5015725, 52.4057767], [10.5016959, 52.4056524], [10.5023932, 52.405924], [10.5031067, 52.4044906], [10.503729, 52.4046509], [10.5032945, 52.4041649], [10.5055314, 52.3998054], [10.5017093, 52.3997759], [10.5003735, 52.3994666], [10.4990485, 52.3995092], [10.4986596, 52.3994077], [10.4979247, 52.3990084], [10.4972219, 52.3988185], [10.496487, 52.3984945], [10.4957843, 52.3982261], [10.4950064, 52.3980592], [10.4941267, 52.3978448], [10.494352, 52.3968497], [10.4946068, 52.3967613], [10.4953015, 52.3968562], [10.4956689, 52.3959741], [10.4949903, 52.3955256], [10.4948455, 52.3953292], [10.494529, 52.394501], [10.4942393, 52.3938332], [10.4947597, 52.3931458], [10.4953793, 52.3932653], [10.4964951, 52.3919231], [10.4923993, 52.3904614], [10.491305, 52.3919084], [10.4909831, 52.3918953], [10.4904413, 52.3918985], [10.4899692, 52.3916006], [10.4896635, 52.3915384], [10.4891646, 52.3915515], [10.4885691, 52.3916301], [10.4876465, 52.3913878], [10.4871207, 52.3910834], [10.4868418, 52.3910212], [10.4864716, 52.3914664], [10.4857475, 52.3915024], [10.4856241, 52.3925271], [10.4868579, 52.3927955], [10.4868311, 52.3929232], [10.48976, 52.3930672], [10.4897064, 52.3937187], [10.4898137, 52.3942752], [10.4887247, 52.3943308], [10.4877752, 52.3944585], [10.4875338, 52.3945338], [10.48733, 52.3948382], [10.4872441, 52.3951754], [10.4874104, 52.395375], [10.4879844, 52.3956369], [10.489229, 52.3965666], [10.4897815, 52.3970379], [10.4853719, 52.3970248], [10.4851145, 52.3972343], [10.4848811, 52.3974209], [10.4845673, 52.3974945], [10.4841757, 52.398758], [10.483599, 52.3989609], [10.4828694, 52.3991475], [10.4827112, 52.4006654], [10.4822043, 52.4006515], [10.4814385, 52.4005868], [10.4804099, 52.4007178], [10.4798144, 52.4005336], [10.4787603, 52.400433], [10.4784331, 52.4005238], [10.4783781, 52.4013453]]]}}, {"type": "Feature", "properties": {"name": "Südlicher Drömling", "stufe": "streng", "art": "Naturschutzgebiet"}, "geometry": {"type": "Polygon", "coordinates": [[[10.9248366, 52.4710931], [10.9255171, 52.4684884], [10.9274295, 52.4612443], [10.9274738, 52.4611233], [10.9272799, 52.460964], [10.9274076, 52.4608536], [10.9274579, 52.4608264], [10.9275224, 52.4608085], [10.9273175, 52.4608311], [10.9273175, 52.4608051], [10.926767, 52.4608537], [10.9267508, 52.4607261], [10.9262804, 52.4607558], [10.9256787, 52.4607849], [10.9250045, 52.4607876], [10.924144, 52.4607608], [10.9241368, 52.4607343], [10.9241025, 52.460733], [10.9240957, 52.4607328], [10.9240216, 52.4607314], [10.9234821, 52.4606963], [10.9229387, 52.460653], [10.9224006, 52.4605959], [10.9218743, 52.4605241], [10.9213414, 52.4604392], [10.9208192, 52.4603453], [10.9203005, 52.4602456], [10.918744, 52.4598916], [10.9174476, 52.4595955], [10.9148526, 52.4590026], [10.9135524, 52.4587055], [10.9034174, 52.4563891], [10.8918507, 52.4537524], [10.8901715, 52.4533753], [10.8896308, 52.4532845], [10.8893797, 52.4532445], [10.8890214, 52.4532003], [10.9248366, 52.4710931]]]}}, {"type": "Feature", "properties": {"name": "Südlicher Drömling", "stufe": "streng", "art": "Naturschutzgebiet"}, "geometry": {"type": "Polygon", "coordinates": [[[10.9248366, 52.4710931], [10.9261172, 52.4711484], [10.9260577, 52.4716843], [10.9272619, 52.4717209], [10.9273944, 52.471725], [10.92768, 52.4717337], [10.9282332, 52.4717505], [10.9284288, 52.4717564], [10.9289298, 52.4717716], [10.9295465, 52.4717904], [10.9297484, 52.4717965], [10.932532, 52.4718811], [10.9346641, 52.4719458], [10.9346719, 52.4719461], [10.9248366, 52.4710931]]]}}, {"type": "Feature", "properties": {"name": "Südlicher Drömling", "stufe": "streng", "art": "Naturschutzgebiet"}, "geometry": {"type": "Polygon", "coordinates": [[[10.9346719, 52.4719461], [10.9346942, 52.4711694], [10.9347376, 52.4698876], [10.9347804, 52.4685805], [10.9348015, 52.4679106], [10.9348083, 52.4676445], [10.9348285, 52.467128], [10.9347642, 52.4670203], [10.9346987, 52.4669814], [10.9345719, 52.466935], [10.9345269, 52.4668816], [10.9344866, 52.4668344], [10.9344961, 52.4667289], [10.934762, 52.4664929], [10.9348355, 52.4664051], [10.9348496, 52.4663956], [10.9349007, 52.4649336], [10.9349206, 52.4643388], [10.9348854, 52.4642371], [10.9346719, 52.4719461]]]}}, {"type": "Feature", "properties": {"name": "Südlicher Drömling", "stufe": "streng", "art": "Naturschutzgebiet"}, "geometry": {"type": "Polygon", "coordinates": [[[10.9343012, 52.4623258], [10.9339795, 52.4612934], [10.9336952, 52.4603439], [10.935436, 52.4595479], [10.9362428, 52.4591771], [10.9381027, 52.4583235], [10.9343012, 52.4623258]]]}}, {"type": "Feature", "properties": {"name": "Südlicher Drömling", "stufe": "streng", "art": "Naturschutzgebiet"}, "geometry": {"type": "Polygon", "coordinates": [[[10.8828614, 52.4387885], [10.8829227, 52.4387315], [10.8831374, 52.4387213], [10.8837143, 52.4386548], [10.8834407, 52.4377424], [10.8881646, 52.4372157], [10.8881292, 52.4370687], [10.8915174, 52.4367709], [10.8895647, 52.4347727], [10.8931718, 52.4326503], [10.8951435, 52.4339311], [10.8952749, 52.434009], [10.9003875, 52.4338286], [10.8994383, 52.4361845], [10.8983, 52.4361493], [10.895965, 52.4360785], [10.8959541, 52.4361637], [10.8954708, 52.4373433], [10.8954279, 52.4374022], [10.8951382, 52.4380726], [10.8951221, 52.4381316], [10.894219, 52.4403952], [10.8969052, 52.4421607], [10.8970037, 52.4422256], [10.898183, 52.4430021], [10.8982324, 52.443093], [10.8982292, 52.4431806], [10.8981573, 52.4432584], [10.8968006, 52.4443577], [10.8963511, 52.4446783], [10.8956649, 52.4452802], [10.8943764, 52.4464417], [10.8940204, 52.4467768], [10.8961751, 52.4480253], [10.8989807, 52.4467256], [10.8999141, 52.4462352], [10.9022729, 52.4450833], [10.9023694, 52.445031], [10.902466, 52.4449688], [10.9026913, 52.4450918], [10.9027506, 52.4450767], [10.9048664, 52.4446577], [10.907423, 52.4441513], [10.9070625, 52.4463643], [10.9091182, 52.4452728], [10.9091986, 52.4452402], [10.9093167, 52.4452009], [10.9106363, 52.444887], [10.9174384, 52.4432815], [10.9195867, 52.4427421], [10.9196495, 52.4428833], [10.9198417, 52.443638], [10.9198497, 52.4436697], [10.9198806, 52.4437918], [10.9203513, 52.4456489], [10.9203753, 52.4457525], [10.920515, 52.4463537], [10.9205264, 52.4464031], [10.9207991, 52.447577], [10.9210315, 52.4485778], [10.9219283, 52.4516027], [10.9236076, 52.4513533], [10.9249326, 52.4511669], [10.9251734, 52.4511354], [10.9282524, 52.4507329], [10.9284099, 52.4507123], [10.9314018, 52.4503212], [10.9315958, 52.4502954], [10.9356019, 52.4497626], [10.9357593, 52.4497417], [10.9372845, 52.4495465], [10.9425814, 52.4488417], [10.9427288, 52.4488592], [10.9428012, 52.4489283], [10.9435603, 52.4492553], [10.9446804, 52.4499718], [10.9443266, 52.4502164], [10.9427851, 52.4512823], [10.9428709, 52.4513346], [10.9429729, 52.4513836], [10.9429447, 52.4521838], [10.9432049, 52.4524469], [10.9420449, 52.4534563], [10.9363921, 52.4574289], [10.9381027, 52.4583235], [10.8828614, 52.4387885]]]}}, {"type": "Feature", "properties": {"name": "Südlicher Drömling", "stufe": "streng", "art": "Naturschutzgebiet"}, "geometry": {"type": "Polygon", "coordinates": [[[10.8828614, 52.4387885], [10.8829007, 52.4388412], [10.8828736, 52.4388403], [10.8829228, 52.4389242], [10.8877653, 52.4471917], [10.886265, 52.4528018], [10.8862402, 52.4527991], [10.8862171, 52.45288], [10.8828614, 52.4387885]]]}}, {"type": "Feature", "properties": {"name": "Breitenroder-Oebisfelder Drömling", "stufe": "streng", "art": "Naturschutzgebiet-Kernzone"}, "geometry": {"type": "Polygon", "coordinates": [[[10.9496567, 52.4958871], [10.9486004, 52.4952599], [10.9468377, 52.4941812], [10.9456561, 52.4934838], [10.9434177, 52.4923368], [10.9442554, 52.4866699], [10.9439879, 52.4863925], [10.9496567, 52.4958871]]]}}, {"type": "Feature", "properties": {"name": "Breitenroder-Oebisfelder Drömling", "stufe": "streng", "art": "Naturschutzgebiet-Kernzone"}, "geometry": {"type": "Polygon", "coordinates": [[[10.9591467, 52.4975076], [10.955947, 52.4966557], [10.950566, 52.4952235], [10.9496567, 52.4958871], [10.9591467, 52.4975076]]]}}, {"type": "Feature", "properties": {"name": "Breitenroder-Oebisfelder Drömling", "stufe": "streng", "art": "Naturschutzgebiet-Kernzone"}, "geometry": {"type": "Polygon", "coordinates": [[[10.9776972, 52.4997362], [10.9773362, 52.4999762], [10.9767966, 52.5003334], [10.9763044, 52.5006595], [10.9758496, 52.5009651], [10.9753905, 52.5012619], [10.9753174, 52.501293], [10.9752246, 52.5013059], [10.9751104, 52.5012955], [10.9750059, 52.5012715], [10.9746521, 52.5011651], [10.9744901, 52.5011178], [10.9724345, 52.5005166], [10.9706634, 52.4999931], [10.9673772, 52.4990278], [10.9665089, 52.4987747], [10.9655678, 52.4984957], [10.9653908, 52.4984455], [10.9640114, 52.4980443], [10.9609919, 52.4971533], [10.9599183, 52.4968392], [10.9594871, 52.4967135], [10.9591467, 52.4975076], [10.9776972, 52.4997362]]]}}, {"type": "Feature", "properties": {"name": "Breitenroder-Oebisfelder Drömling", "stufe": "streng", "art": "Naturschutzgebiet-Kernzone"}, "geometry": {"type": "Polygon", "coordinates": [[[11.0085715, 52.4968116], [11.0089744, 52.4965205], [11.0081243, 52.4961455], [11.0073348, 52.4957951], [11.0071406, 52.4957407], [11.0070081, 52.495736], [11.0047526, 52.4959538], [11.0038536, 52.4960404], [11.0029642, 52.4961349], [10.9999979, 52.4964021], [10.999479, 52.4964481], [10.9987841, 52.4965211], [10.9967334, 52.496734], [10.9944483, 52.4969506], [10.9943279, 52.4969496], [10.9939983, 52.4969443], [10.989292, 52.4968318], [10.9874253, 52.4967945], [10.9857207, 52.4967513], [10.9824484, 52.4969846], [10.9817943, 52.4970312], [10.9816629, 52.4970986], [10.9811705, 52.4974278], [10.9795882, 52.4984772], [10.9782573, 52.4993625], [10.9779931, 52.4996512], [11.0085715, 52.4968116]]]}}, {"type": "Feature", "properties": {"name": "Breitenroder-Oebisfelder Drömling", "stufe": "streng", "art": "Naturschutzgebiet-Kernzone"}, "geometry": {"type": "Polygon", "coordinates": [[[11.0085715, 52.4968116], [11.0091272, 52.4964236], [11.0073845, 52.4956659], [11.0071842, 52.4955893], [11.0070265, 52.495544], [11.0067885, 52.4955376], [11.006485, 52.495557], [11.0058846, 52.4956225], [11.003827, 52.495832], [11.003321, 52.4958717], [11.0031372, 52.4958636], [11.0027058, 52.4957939], [11.0023828, 52.4957163], [11.0019958, 52.4955985], [11.0016956, 52.4954727], [11.0013465, 52.495276], [11.0003901, 52.4948098], [10.9996091, 52.4944091], [10.9987033, 52.4939434], [10.9980757, 52.4936166], [10.9977303, 52.4934177], [10.9972595, 52.4931802], [10.9960747, 52.4926065], [10.9948508, 52.4920125], [10.9935804, 52.4914028], [10.9930698, 52.4911716], [10.9929258, 52.4911572], [10.9926602, 52.4910453], [10.9923047, 52.4908498], [10.9919549, 52.4905949], [10.9917198, 52.4903488], [10.9898301, 52.4884441], [10.9897097, 52.4882608], [10.9895663, 52.4880286], [10.9878718, 52.4855372], [10.9877399, 52.4853451], [10.9876195, 52.4851583], [10.9875335, 52.4849575], [10.9873013, 52.4843447], [10.9854319, 52.484514], [10.9839353, 52.4846223], [10.9831267, 52.4846607], [10.9812258, 52.4847375], [10.9781465, 52.484851], [10.9761883, 52.4849401], [10.9715808, 52.4851374], [10.9683753, 52.4852735], [10.9479051, 52.4861432], [10.9439242, 52.4862858], [10.9439879, 52.4863925], [11.0085715, 52.4968116]]]}}, {"type": "Feature", "properties": {"name": "Nördlicher Drömling", "stufe": "streng", "art": "Naturschutzgebiet"}, "geometry": {"type": "Polygon", "coordinates": [[[10.9419298, 52.5335762], [10.9418633, 52.5335674], [10.9368281, 52.5329252], [10.9366088, 52.5328972], [10.9332044, 52.5325063], [10.934387, 52.5302508], [10.9343985, 52.530188], [10.9316868, 52.5231598], [10.9291872, 52.5228982], [10.9282183, 52.5170411], [10.9278629, 52.5148013], [10.9250745, 52.5102237], [10.9246982, 52.5095537], [10.9239931, 52.5092606], [10.9238612, 52.5089606], [10.9192519, 52.5049372], [10.918541, 52.5005086], [10.9215451, 52.5001387], [10.9229927, 52.5002029], [10.9230557, 52.5006811], [10.9251712, 52.5006322], [10.9250678, 52.4984646], [10.9258303, 52.4984436], [10.9256583, 52.4960842], [10.9373823, 52.4960144], [10.9437173, 52.4960633], [10.9496567, 52.4958871], [10.9419298, 52.5335762]]]}}, {"type": "Feature", "properties": {"name": "Nördlicher Drömling", "stufe": "streng", "art": "Naturschutzgebiet"}, "geometry": {"type": "Polygon", "coordinates": [[[10.9496567, 52.4958871], [10.9486004, 52.4952599], [10.9468377, 52.4941812], [10.9456561, 52.4934838], [10.9434177, 52.4923368], [10.9442554, 52.4866699], [10.9439879, 52.4863925], [10.9496567, 52.4958871]]]}}, {"type": "Feature", "properties": {"name": "Nördlicher Drömling", "stufe": "streng", "art": "Naturschutzgebiet"}, "geometry": {"type": "Polygon", "coordinates": [[[10.9439879, 52.4863925], [10.9392929, 52.486622], [10.9372705, 52.4866481], [10.9350443, 52.4865632], [10.9324425, 52.4863508], [10.9300178, 52.4860078], [10.9279042, 52.4856158], [10.9264505, 52.4852565], [10.9250396, 52.4848841], [10.9229529, 52.4841948], [10.9200829, 52.4831429], [10.9113228, 52.4797778], [10.9102446, 52.479376], [10.9084341, 52.4800179], [10.9081578, 52.4797517], [10.908882, 52.4794674], [10.9084582, 52.4790394], [10.9073451, 52.4786065], [10.9068543, 52.4781997], [10.9030724, 52.4767703], [10.9015623, 52.4761397], [10.8995506, 52.4751349], [10.8976757, 52.4740436], [10.895943, 52.4727954], [10.8948755, 52.471949], [10.8891463, 52.4672007], [10.8891141, 52.46707], [10.888913, 52.4669066], [10.8884543, 52.466735], [10.8849134, 52.4640797], [10.9439879, 52.4863925]]]}}, {"type": "Feature", "properties": {"name": "Nördlicher Drömling", "stufe": "streng", "art": "Naturschutzgebiet"}, "geometry": {"type": "Polygon", "coordinates": [[[10.8849134, 52.4640797], [10.8848594, 52.4641048], [10.8837678, 52.4646113], [10.8836181, 52.4646777], [10.8833805, 52.4644779], [10.8811934, 52.4654311], [10.8814943, 52.4656844], [10.8817043, 52.4658613], [10.8819832, 52.4660961], [10.8819305, 52.4661197], [10.8818536, 52.466154], [10.8818068, 52.4661749], [10.8817255, 52.4662113], [10.8805616, 52.4667316], [10.8796525, 52.4671379], [10.8796391, 52.4671441], [10.882557, 52.4694472], [10.882543, 52.4694529], [10.882455, 52.4694891], [10.8812053, 52.4700036], [10.880553, 52.4702728], [10.880492, 52.4702979], [10.880656, 52.470447], [10.8809463, 52.470711], [10.880415, 52.470982], [10.8796797, 52.4713577], [10.8782998, 52.4720583], [10.8769936, 52.4724119], [10.8768602, 52.472525], [10.8765647, 52.4727756], [10.8763576, 52.4729512], [10.8758126, 52.4734132], [10.8761918, 52.4737909], [10.8758703, 52.4740636], [10.8755492, 52.474336], [10.8849134, 52.4640797]]]}}, {"type": "Feature", "properties": {"name": "Nördlicher Drömling", "stufe": "streng", "art": "Naturschutzgebiet"}, "geometry": {"type": "Polygon", "coordinates": [[[10.8755492, 52.474336], [10.8758344, 52.4746106], [10.8778245, 52.472922], [10.8779508, 52.4731156], [10.8780869, 52.4747232], [10.8784832, 52.4743745], [10.8821256, 52.4741955], [10.8831972, 52.476437], [10.8882156, 52.4756251], [10.8884141, 52.4756349], [10.8937268, 52.477182], [10.8989971, 52.479205], [10.8991411, 52.4793437], [10.901978, 52.4805636], [10.9037885, 52.4821089], [10.9045503, 52.4830824], [10.9059477, 52.4857351], [10.9060442, 52.4860568], [10.906232, 52.4903066], [10.9092884, 52.4910301], [10.9087278, 52.4915894], [10.9117734, 52.49225], [10.9077501, 52.4932495], [10.9072727, 52.4952843], [10.9133023, 52.4948107], [10.9141445, 52.4948891], [10.9145629, 52.4961889], [10.9140533, 52.4962183], [10.9144101, 52.4973973], [10.9147856, 52.4986105], [10.9098852, 52.5005161], [10.9079111, 52.4991216], [10.9066129, 52.4997454], [10.904274, 52.4981321], [10.9020531, 52.4990073], [10.9045637, 52.5007381], [10.9036839, 52.5010908], [10.9054583, 52.5022221], [10.9030388, 52.5032028], [10.9002359, 52.5042942], [10.9109634, 52.5101714], [10.9208071, 52.515581], [10.9210592, 52.5157622], [10.9214884, 52.5171055], [10.9216681, 52.517148], [10.9216735, 52.5172345], [10.9215662, 52.5172981], [10.9217834, 52.5179722], [10.9214777, 52.5179494], [10.9178567, 52.5214861], [10.9171676, 52.521775], [10.9232211, 52.5214322], [10.9232667, 52.5221291], [10.9274724, 52.5227281], [10.9280491, 52.5243975], [10.9282905, 52.524688], [10.9290522, 52.5252788], [10.9297281, 52.5266822], [10.9304416, 52.5267213], [10.9312798, 52.528562], [10.9302378, 52.5284894], [10.9302539, 52.5303112], [10.9290308, 52.5303308], [10.9290254, 52.5302264], [10.927518, 52.5299392], [10.9274912, 52.5298609], [10.9263915, 52.5298348], [10.925957, 52.5295019], [10.925324, 52.5293061], [10.9252006, 52.5281524], [10.9231943, 52.5280186], [10.9232908, 52.5270901], [10.9202331, 52.5269269], [10.9212309, 52.5254126], [10.9211209, 52.5253816], [10.9173471, 52.5255056], [10.9160355, 52.5275438], [10.9198844, 52.5274654], [10.9178299, 52.5306294], [10.9218317, 52.5306392], [10.9218264, 52.5315415], [10.9213918, 52.5315546], [10.9215018, 52.5329023], [10.9176541, 52.533023], [10.9178138, 52.5351473], [10.9291381, 52.5348047], [10.9292641, 52.5378653], [10.9283012, 52.5378865], [10.9284782, 52.5403842], [10.9290656, 52.5404038], [10.9332016, 52.5425848], [10.9333599, 52.5427724], [10.9369433, 52.5425913], [10.9380591, 52.5424983], [10.9377426, 52.5458749], [10.9399313, 52.5461424], [10.9417391, 52.5431769], [10.9428549, 52.5434249], [10.9438741, 52.5420122], [10.9468836, 52.5426582], [10.9473104, 52.5421958], [10.8755492, 52.474336]]]}}, {"type": "Feature", "properties": {"name": "Nördlicher Drömling", "stufe": "streng", "art": "Naturschutzgebiet"}, "geometry": {"type": "Polygon", "coordinates": [[[10.9473104, 52.5421958], [10.9471642, 52.5421413], [10.9468005, 52.5420057], [10.9463472, 52.5418367], [10.9451766, 52.5414002], [10.9441015, 52.5409994], [10.9426002, 52.5404476], [10.943064, 52.5398303], [10.9429079, 52.5397831], [10.9473104, 52.5421958]]]}}, {"type": "Feature", "properties": {"name": "Nördlicher Drömling", "stufe": "streng", "art": "Naturschutzgebiet"}, "geometry": {"type": "Polygon", "coordinates": [[[10.9396773, 52.5387621], [10.9396904, 52.5387662], [10.9397516, 52.5387856], [10.9429079, 52.5397831], [10.9396773, 52.5387621]]]}}, {"type": "Feature", "properties": {"name": "Nördlicher Drömling", "stufe": "streng", "art": "Naturschutzgebiet"}, "geometry": {"type": "Polygon", "coordinates": [[[10.9432595, 52.4856395], [10.9393626, 52.4858249], [10.9381986, 52.4858494], [10.9369366, 52.4858184], [10.9364431, 52.4858224], [10.9355392, 52.4857947], [10.9337461, 52.4856681], [10.9329575, 52.4855962], [10.9320389, 52.4854721], [10.9307393, 52.48529], [10.9295914, 52.4851021], [10.9281738, 52.4848163], [10.9271935, 52.4845933], [10.9261394, 52.4843083], [10.9247527, 52.4839081], [10.9234008, 52.4834499], [10.9208259, 52.482496], [10.9165478, 52.4808837], [10.9162205, 52.4807432], [10.9160998, 52.4806044], [10.9159443, 52.4802875], [10.9156761, 52.4801143], [10.9154588, 52.4800425], [10.9152442, 52.4800359], [10.9148043, 52.48008], [10.9144771, 52.4800719], [10.9123213, 52.4793167], [10.9118271, 52.4788565], [10.9129302, 52.4782165], [10.9432595, 52.4856395]]]}}, {"type": "Feature", "properties": {"name": "Nördlicher Drömling", "stufe": "streng", "art": "Naturschutzgebiet"}, "geometry": {"type": "Polygon", "coordinates": [[[10.9432595, 52.4856395], [10.9415745, 52.4838751], [10.9428461, 52.480638], [10.9433427, 52.4793748], [10.9425547, 52.4780758], [10.9418374, 52.4768498], [10.9415554, 52.4763694], [10.9402157, 52.4762102], [10.9391984, 52.4760863], [10.9432595, 52.4856395]]]}}, {"type": "Feature", "properties": {"name": "Nördlicher Drömling", "stufe": "streng", "art": "Naturschutzgebiet"}, "geometry": {"type": "Polygon", "coordinates": [[[10.9391984, 52.4760863], [10.9380631, 52.4762778], [10.9374167, 52.4763857], [10.9365479, 52.4765295], [10.9363654, 52.4765609], [10.935708, 52.4765987], [10.9348593, 52.4766477], [10.9345249, 52.476451], [10.9345435, 52.4758739], [10.9345647, 52.4752009], [10.9345978, 52.4740908], [10.9346389, 52.4729719], [10.9346574, 52.472294], [10.9346719, 52.4719461], [10.9391984, 52.4760863]]]}}, {"type": "Feature", "properties": {"name": "Nördlicher Drömling", "stufe": "streng", "art": "Naturschutzgebiet"}, "geometry": {"type": "Polygon", "coordinates": [[[10.9248366, 52.4710931], [10.9261172, 52.4711484], [10.9260577, 52.4716843], [10.9272619, 52.4717209], [10.9273944, 52.471725], [10.92768, 52.4717337], [10.9282332, 52.4717505], [10.9284288, 52.4717564], [10.9289298, 52.4717716], [10.9295465, 52.4717904], [10.9297484, 52.4717965], [10.932532, 52.4718811], [10.9346641, 52.4719458], [10.9346719, 52.4719461], [10.9248366, 52.4710931]]]}}, {"type": "Feature", "properties": {"name": "Nördlicher Drömling", "stufe": "streng", "art": "Naturschutzgebiet"}, "geometry": {"type": "Polygon", "coordinates": [[[10.9129302, 52.4782165], [10.9135435, 52.4779982], [10.9143807, 52.477958], [10.9151879, 52.4778575], [10.9159496, 52.4777897], [10.9171727, 52.4776627], [10.9174785, 52.477621], [10.9188786, 52.4772522], [10.9190181, 52.4772024], [10.9204544, 52.4764256], [10.9235148, 52.4747821], [10.9239064, 52.4747102], [10.9241385, 52.4738625], [10.9246891, 52.4716427], [10.9129302, 52.4782165]]]}}, {"type": "Feature", "properties": {"name": "Giebelmoor", "stufe": "streng", "art": "Naturschutzgebiet"}, "geometry": {"type": "Polygon", "coordinates": [[[10.9419298, 52.5335762], [10.9418633, 52.5335674], [10.9368281, 52.5329252], [10.9366088, 52.5328972], [10.9332044, 52.5325063], [10.934387, 52.5302508], [10.9343985, 52.530188], [10.9316868, 52.5231598], [10.9291872, 52.5228982], [10.9282183, 52.5170411], [10.9278629, 52.5148013], [10.9250745, 52.5102237], [10.9246982, 52.5095537], [10.9239931, 52.5092606], [10.9238612, 52.5089606], [10.9192519, 52.5049372], [10.918541, 52.5005086], [10.9215451, 52.5001387], [10.9229927, 52.5002029], [10.9230557, 52.5006811], [10.9251712, 52.5006322], [10.9250678, 52.4984646], [10.9258303, 52.4984436], [10.9256583, 52.4960842], [10.9373823, 52.4960144], [10.9437173, 52.4960633], [10.9496567, 52.4958871], [10.9419298, 52.5335762]]]}}, {"type": "Feature", "properties": {"name": "Giebelmoor", "stufe": "streng", "art": "Naturschutzgebiet"}, "geometry": {"type": "Polygon", "coordinates": [[[10.9591467, 52.4975076], [10.9591813, 52.4975168], [10.9529056, 52.5122738], [10.9474532, 52.5208707], [10.9419298, 52.5335762], [10.9591467, 52.4975076]]]}}, {"type": "Feature", "properties": {"name": "Giebelmoor", "stufe": "streng", "art": "Naturschutzgebiet"}, "geometry": {"type": "Polygon", "coordinates": [[[10.9591467, 52.4975076], [10.955947, 52.4966557], [10.950566, 52.4952235], [10.9496567, 52.4958871], [10.9591467, 52.4975076]]]}}, {"type": "Feature", "properties": {"name": "Politz und Hegholz", "stufe": "streng", "art": "Naturschutzgebiet"}, "geometry": {"type": "Polygon", "coordinates": [[[10.8906713, 52.4601739], [10.8906695, 52.4601841], [10.8902081, 52.4610861], [10.890179, 52.4611433], [10.8901665, 52.461168], [10.8901302, 52.4612395], [10.8895728, 52.4623371], [10.886447, 52.4633565], [10.8864467, 52.4633682], [10.8861818, 52.4634911], [10.8860292, 52.4635619], [10.8906713, 52.4601739]]]}}, {"type": "Feature", "properties": {"name": "Politz und Hegholz", "stufe": "streng", "art": "Naturschutzgebiet"}, "geometry": {"type": "Polygon", "coordinates": [[[10.8906713, 52.4601739], [10.8906732, 52.4601637], [10.8912828, 52.4568206], [10.8904123, 52.4555437], [10.8903206, 52.4554091], [10.8889242, 52.4533604], [10.8889473, 52.4532796], [10.8906713, 52.4601739]]]}}, {"type": "Feature", "properties": {"name": "Politz und Hegholz", "stufe": "streng", "art": "Naturschutzgebiet"}, "geometry": {"type": "Polygon", "coordinates": [[[10.9248366, 52.4710931], [10.9255171, 52.4684884], [10.9274295, 52.4612443], [10.9274738, 52.4611233], [10.9272799, 52.460964], [10.9274076, 52.4608536], [10.9274579, 52.4608264], [10.9275224, 52.4608085], [10.9273175, 52.4608311], [10.9273175, 52.4608051], [10.926767, 52.4608537], [10.9267508, 52.4607261], [10.9262804, 52.4607558], [10.9256787, 52.4607849], [10.9250045, 52.4607876], [10.924144, 52.4607608], [10.9241368, 52.4607343], [10.9241025, 52.460733], [10.9240957, 52.4607328], [10.9240216, 52.4607314], [10.9234821, 52.4606963], [10.9229387, 52.460653], [10.9224006, 52.4605959], [10.9218743, 52.4605241], [10.9213414, 52.4604392], [10.9208192, 52.4603453], [10.9203005, 52.4602456], [10.918744, 52.4598916], [10.9174476, 52.4595955], [10.9148526, 52.4590026], [10.9135524, 52.4587055], [10.9034174, 52.4563891], [10.8918507, 52.4537524], [10.8901715, 52.4533753], [10.8896308, 52.4532845], [10.8893797, 52.4532445], [10.8890214, 52.4532003], [10.9248366, 52.4710931]]]}}, {"type": "Feature", "properties": {"name": "Politz und Hegholz", "stufe": "streng", "art": "Naturschutzgebiet"}, "geometry": {"type": "Polygon", "coordinates": [[[10.9129302, 52.4782165], [10.9135435, 52.4779982], [10.9143807, 52.477958], [10.9151879, 52.4778575], [10.9159496, 52.4777897], [10.9171727, 52.4776627], [10.9174785, 52.477621], [10.9188786, 52.4772522], [10.9190181, 52.4772024], [10.9204544, 52.4764256], [10.9235148, 52.4747821], [10.9239064, 52.4747102], [10.9241385, 52.4738625], [10.9246891, 52.4716427], [10.9129302, 52.4782165]]]}}, {"type": "Feature", "properties": {"name": "Politz und Hegholz", "stufe": "streng", "art": "Naturschutzgebiet"}, "geometry": {"type": "Polygon", "coordinates": [[[10.9129302, 52.4782165], [10.9110479, 52.4788679], [10.9086755, 52.4779351], [10.9049258, 52.4765269], [10.9028578, 52.475701], [10.9014335, 52.4750377], [10.9007348, 52.4746881], [10.899446, 52.4739194], [10.8981907, 52.4731336], [10.8967826, 52.4721075], [10.8963695, 52.4717726], [10.8950311, 52.4706811], [10.8928505, 52.4691093], [10.8914906, 52.4680749], [10.8898947, 52.4667906], [10.8893502, 52.4663494], [10.887647, 52.4649702], [10.8860292, 52.4635619], [10.9129302, 52.4782165]]]}}, {"type": "Feature", "properties": {"name": "Schulenburgscher Drömling", "stufe": "streng", "art": "Naturschutzgebiet"}, "geometry": {"type": "Polygon", "coordinates": [[[10.9776972, 52.4997362], [10.9773362, 52.4999762], [10.9767966, 52.5003334], [10.9763044, 52.5006595], [10.9758496, 52.5009651], [10.9753905, 52.5012619], [10.9753174, 52.501293], [10.9752246, 52.5013059], [10.9751104, 52.5012955], [10.9750059, 52.5012715], [10.9746521, 52.5011651], [10.9744901, 52.5011178], [10.9724345, 52.5005166], [10.9706634, 52.4999931], [10.9673772, 52.4990278], [10.9665089, 52.4987747], [10.9655678, 52.4984957], [10.9653908, 52.4984455], [10.9640114, 52.4980443], [10.9609919, 52.4971533], [10.9599183, 52.4968392], [10.9594871, 52.4967135], [10.9591467, 52.4975076], [10.9776972, 52.4997362]]]}}, {"type": "Feature", "properties": {"name": "Schulenburgscher Drömling", "stufe": "streng", "art": "Naturschutzgebiet"}, "geometry": {"type": "Polygon", "coordinates": [[[10.9591467, 52.4975076], [10.9591813, 52.4975168], [10.9529056, 52.5122738], [10.9474532, 52.5208707], [10.9419298, 52.5335762], [10.9591467, 52.4975076]]]}}, {"type": "Feature", "properties": {"name": "Schulenburgscher Drömling", "stufe": "streng", "art": "Naturschutzgebiet"}, "geometry": {"type": "Polygon", "coordinates": [[[10.9396773, 52.5387621], [10.9396904, 52.5387662], [10.9397516, 52.5387856], [10.9429079, 52.5397831], [10.9396773, 52.5387621]]]}}, {"type": "Feature", "properties": {"name": "Schulenburgscher Drömling", "stufe": "streng", "art": "Naturschutzgebiet"}, "geometry": {"type": "Polygon", "coordinates": [[[10.9473104, 52.5421958], [10.9471642, 52.5421413], [10.9468005, 52.5420057], [10.9463472, 52.5418367], [10.9451766, 52.5414002], [10.9441015, 52.5409994], [10.9426002, 52.5404476], [10.943064, 52.5398303], [10.9429079, 52.5397831], [10.9473104, 52.5421958]]]}}, {"type": "Feature", "properties": {"name": "Schulenburgscher Drömling", "stufe": "streng", "art": "Naturschutzgebiet"}, "geometry": {"type": "Polygon", "coordinates": [[[10.9517557, 52.5424769], [10.9517106, 52.5424578], [10.9516976, 52.5424522], [10.9516351, 52.5424256], [10.951578, 52.5424013], [10.9497615, 52.5415973], [10.9497259, 52.5415816], [10.9517557, 52.5424769]]]}}, {"type": "Feature", "properties": {"name": "Schulenburgscher Drömling", "stufe": "streng", "art": "Naturschutzgebiet"}, "geometry": {"type": "Polygon", "coordinates": [[[10.9517557, 52.5424769], [10.9518015, 52.5424241], [10.952278, 52.5418004], [10.9524663, 52.5415542], [10.9530606, 52.5407833], [10.9533521, 52.540409], [10.9540299, 52.5397336], [10.9546514, 52.5391254], [10.954877, 52.5388905], [10.9556723, 52.5381188], [10.9559748, 52.5378086], [10.9566083, 52.5371933], [10.9574923, 52.5363331], [10.9517557, 52.5424769]]]}}, {"type": "Feature", "properties": {"name": "Schulenburgscher Drömling", "stufe": "streng", "art": "Naturschutzgebiet"}, "geometry": {"type": "Polygon", "coordinates": [[[10.9574923, 52.5363331], [10.957559, 52.5362334], [10.9579318, 52.53532], [10.9581024, 52.5349207], [10.9582535, 52.5345532], [10.9583109, 52.5344483], [10.9583909, 52.5343997], [10.9588783, 52.5342119], [10.959362, 52.5340162], [10.9574923, 52.5363331]]]}}, {"type": "Feature", "properties": {"name": "Schulenburgscher Drömling", "stufe": "streng", "art": "Naturschutzgebiet"}, "geometry": {"type": "Polygon", "coordinates": [[[10.959362, 52.5340162], [10.9567487, 52.5302117], [10.9534577, 52.5254599], [10.9545002, 52.524094], [10.9546369, 52.5239149], [10.9548041, 52.5236958], [10.9548703, 52.522682], [10.9550335, 52.5201833], [10.9571725, 52.5207949], [10.9607291, 52.5168705], [10.9657294, 52.5185678], [10.959362, 52.5340162]]]}}, {"type": "Feature", "properties": {"name": "Schulenburgscher Drömling", "stufe": "streng", "art": "Naturschutzgebiet"}, "geometry": {"type": "Polygon", "coordinates": [[[10.9779931, 52.4996512], [10.9838679, 52.5021218], [10.9755147, 52.5096439], [10.9734274, 52.5115246], [10.9698493, 52.5148186], [10.96743, 52.5170385], [10.9657294, 52.5185678], [10.9779931, 52.4996512]]]}}, {"type": "Feature", "properties": {"name": "Kaiserwinkel", "stufe": "streng", "art": "Naturschutzgebiet"}, "geometry": {"type": "Polygon", "coordinates": [[[10.9779931, 52.4996512], [10.9838679, 52.5021218], [10.9755147, 52.5096439], [10.9734274, 52.5115246], [10.9698493, 52.5148186], [10.96743, 52.5170385], [10.9657294, 52.5185678], [10.9779931, 52.4996512]]]}}, {"type": "Feature", "properties": {"name": "Kaiserwinkel", "stufe": "streng", "art": "Naturschutzgebiet"}, "geometry": {"type": "Polygon", "coordinates": [[[10.9657294, 52.5185678], [10.9723728, 52.5234319], [10.9726686, 52.5235486], [10.9727348, 52.5235604], [10.9728116, 52.5234949], [10.9731174, 52.5232356], [10.9738211, 52.5226243], [10.9740002, 52.5224755], [10.9748868, 52.5217173], [10.975347, 52.5213229], [10.9657294, 52.5185678]]]}}, {"type": "Feature", "properties": {"name": "Kaiserwinkel", "stufe": "streng", "art": "Naturschutzgebiet"}, "geometry": {"type": "Polygon", "coordinates": [[[10.975347, 52.5213229], [10.9757784, 52.5209531], [10.9762462, 52.5205521], [10.976782, 52.5200963], [10.9770343, 52.5198827], [10.9777307, 52.5192857], [10.978458, 52.5186656], [10.978812, 52.5183984], [10.9795617, 52.5178552], [10.979945, 52.5175756], [10.9799586, 52.5175366], [10.9798984, 52.5174671], [10.980045, 52.5173627], [10.9809021, 52.5167505], [10.9816841, 52.5161869], [10.9820121, 52.5159515], [10.9828248, 52.5153644], [10.9831325, 52.5151364], [10.9849913, 52.5138055], [10.9852796, 52.5135978], [10.98615, 52.5129694], [10.9865215, 52.5127019], [10.9883109, 52.5114165], [10.9885505, 52.5112402], [10.989457, 52.5105858], [10.9897515, 52.510371], [10.9903818, 52.5099214], [10.9915654, 52.5090667], [10.9918788, 52.5088424], [10.9927383, 52.5082262], [10.9930388, 52.5080115], [10.9948451, 52.50671], [10.9951286, 52.5065046], [10.995372, 52.506327], [10.9960374, 52.505849], [10.9963085, 52.5056558], [10.9971423, 52.5050512], [10.9981051, 52.5043611], [10.9992712, 52.5035204], [10.9996424, 52.5032486], [11.0008703, 52.5023711], [11.0014809, 52.5019235], [11.0017481, 52.5017354], [11.0025414, 52.5011606], [11.0027914, 52.5009788], [11.0033882, 52.5005496], [11.0041583, 52.4999984], [11.0047354, 52.4995795], [11.0050722, 52.49934], [11.00587, 52.4987575], [11.0062395, 52.4984843], [11.0073023, 52.4977262], [11.0085715, 52.4968116], [10.975347, 52.5213229]]]}}, {"type": "Feature", "properties": {"name": "Kaiserwinkel", "stufe": "streng", "art": "Naturschutzgebiet"}, "geometry": {"type": "Polygon", "coordinates": [[[11.0085715, 52.4968116], [11.0089744, 52.4965205], [11.0081243, 52.4961455], [11.0073348, 52.4957951], [11.0071406, 52.4957407], [11.0070081, 52.495736], [11.0047526, 52.4959538], [11.0038536, 52.4960404], [11.0029642, 52.4961349], [10.9999979, 52.4964021], [10.999479, 52.4964481], [10.9987841, 52.4965211], [10.9967334, 52.496734], [10.9944483, 52.4969506], [10.9943279, 52.4969496], [10.9939983, 52.4969443], [10.989292, 52.4968318], [10.9874253, 52.4967945], [10.9857207, 52.4967513], [10.9824484, 52.4969846], [10.9817943, 52.4970312], [10.9816629, 52.4970986], [10.9811705, 52.4974278], [10.9795882, 52.4984772], [10.9782573, 52.4993625], [10.9779931, 52.4996512], [11.0085715, 52.4968116]]]}}, {"type": "Feature", "properties": {"name": "Schweinebruch", "stufe": "streng", "art": "Naturschutzgebiet"}, "geometry": {"type": "Polygon", "coordinates": [[[10.1404811, 52.6268637], [10.1412114, 52.6271757], [10.1419491, 52.6274459], [10.1422705, 52.6275735], [10.1423509, 52.6276879], [10.14239, 52.6278706], [10.14249, 52.6289001], [10.1430011, 52.6290521], [10.1429598, 52.6291153], [10.1430389, 52.6291825], [10.1437012, 52.6295214], [10.1453182, 52.6303741], [10.1467471, 52.6310979], [10.1475592, 52.6315765], [10.1481364, 52.6319476], [10.1484153, 52.6320913], [10.1485364, 52.6321215], [10.1490368, 52.6321847], [10.1493176, 52.6322395], [10.1503559, 52.632491], [10.1512996, 52.6327381], [10.1517238, 52.6328491], [10.1520253, 52.6328723], [10.1527309, 52.6328916], [10.1532733, 52.6329229], [10.1536556, 52.6329087], [10.1540935, 52.6328888], [10.1544035, 52.6329067], [10.1549645, 52.6329849], [10.1553345, 52.632997], [10.1558506, 52.6330076], [10.1563583, 52.6330236], [10.1566586, 52.6329997], [10.1568717, 52.6329297], [10.1571351, 52.632812], [10.1574818, 52.6325889], [10.1580905, 52.6322011], [10.1584671, 52.6319724], [10.1582677, 52.632236], [10.1582132, 52.632451], [10.1582677, 52.6325603], [10.1584256, 52.6326791], [10.1585731, 52.6327299], [10.1592114, 52.6328074], [10.1599004, 52.6328529], [10.1605376, 52.6328885], [10.1615895, 52.6329985], [10.1613015, 52.6339743], [10.1608112, 52.6359147], [10.1602771, 52.6360402], [10.1585415, 52.6364129], [10.1584116, 52.6363776], [10.1581806, 52.6364217], [10.1577183, 52.6364995], [10.157484, 52.6367424], [10.1383037, 52.63504], [10.1345642, 52.6347358], [10.1344289, 52.6354904], [10.1344065, 52.6356214], [10.1342729, 52.6357744], [10.1342325, 52.6360416], [10.1341842, 52.6361676], [10.1340067, 52.6362844], [10.1335456, 52.6364091], [10.1351471, 52.6368279], [10.1344344, 52.638357], [10.1368176, 52.6387422], [10.1362394, 52.6399875], [10.1382568, 52.64035], [10.1385326, 52.6397144], [10.138965, 52.6398096], [10.1405038, 52.6401191], [10.1421482, 52.640527], [10.1419252, 52.6407122], [10.1427597, 52.6410547], [10.1432115, 52.6412334], [10.1434192, 52.6412837], [10.1428612, 52.6419796], [10.1447556, 52.6425681], [10.1461858, 52.6429989], [10.1444422, 52.6437377], [10.1449181, 52.6441777], [10.1479289, 52.6438818], [10.1488893, 52.6445943], [10.1481886, 52.6454224], [10.1485071, 52.645435], [10.1487387, 52.6454119], [10.1489975, 52.6457703], [10.1484895, 52.6478781], [10.1488111, 52.6480058], [10.1491926, 52.648452], [10.1491821, 52.648541], [10.149696, 52.6491167], [10.1496731, 52.6492267], [10.1497165, 52.6498959], [10.1506728, 52.6502842], [10.1514872, 52.6496904], [10.1527532, 52.6504052], [10.1531574, 52.6500769], [10.1540135, 52.6495978], [10.1541772, 52.6496066], [10.154426, 52.6495833], [10.1563684, 52.6506681], [10.1576034, 52.6498818], [10.1601586, 52.6513686], [10.157333, 52.6521809], [10.1579318, 52.6531951], [10.1575129, 52.6532934], [10.1598625, 52.6556139], [10.1609131, 52.6548451], [10.1636723, 52.6550901], [10.1648865, 52.654386], [10.1648862, 52.6544204], [10.1657113, 52.6539419], [10.1657492, 52.6538738], [10.1663484, 52.6535482], [10.1676592, 52.6536713], [10.1678023, 52.6535548], [10.1667846, 52.6511952], [10.1663117, 52.6500699], [10.1689747, 52.6493008], [10.1702784, 52.6504492], [10.1739353, 52.6493773], [10.1741424, 52.6497257], [10.1792992, 52.6484608], [10.1804414, 52.6495166], [10.1802541, 52.6495865], [10.1798829, 52.6501761], [10.1793152, 52.6511338], [10.1791011, 52.651711], [10.1790862, 52.6523706], [10.1799979, 52.6523668], [10.1804026, 52.6523836], [10.1805592, 52.6524501], [10.1806146, 52.6525908], [10.180671, 52.6527681], [10.1806853, 52.6529772], [10.1807664, 52.6532745], [10.1809313, 52.6536495], [10.1809514, 52.653754], [10.1809023, 52.6538486], [10.1806996, 52.6539866], [10.1803859, 52.6541572], [10.1802086, 52.6542792], [10.1801269, 52.6544422], [10.1801131, 52.6545679], [10.1801368, 52.6548083], [10.1804393, 52.6547707], [10.1805953, 52.6547031], [10.1807839, 52.6545612], [10.1812543, 52.6541433], [10.1819075, 52.6534829], [10.1827048, 52.6527478], [10.1831574, 52.6523091], [10.1834355, 52.652097], [10.1839354, 52.6518148], [10.184538, 52.6515158], [10.1852813, 52.6511684], [10.1859687, 52.6508267], [10.1859745, 52.650722], [10.1849001, 52.6497964], [10.1830593, 52.6480414], [10.1830032, 52.6478746], [10.1826962, 52.6471767], [10.1821463, 52.6459215], [10.1816016, 52.6446976], [10.1815387, 52.6445988], [10.1814451, 52.6443173], [10.1813929, 52.6441347], [10.1806099, 52.642207], [10.1855305, 52.6421244], [10.1903894, 52.6421091], [10.1897032, 52.6405937], [10.1938426, 52.6405468], [10.1930285, 52.6382847], [10.1945017, 52.6380711], [10.1958802, 52.6378531], [10.1964537, 52.6377584], [10.1972056, 52.6375834], [10.1977824, 52.637452], [10.1993716, 52.6370802], [10.2014992, 52.6365878], [10.2019475, 52.6364734], [10.2018466, 52.6362443], [10.2012269, 52.6344981], [10.1996016, 52.6344885], [10.199387, 52.6345011], [10.1987104, 52.6345969], [10.1983253, 52.6346635], [10.1981112, 52.6346971], [10.1979131, 52.6346834], [10.197127, 52.6345501], [10.1961066, 52.6343355], [10.1958136, 52.6343123], [10.1953407, 52.6343118], [10.1947727, 52.6342914], [10.1939903, 52.6342941], [10.1933895, 52.6343315], [10.1931379, 52.6342504], [10.1923974, 52.6340538], [10.1916106, 52.6338943], [10.1912269, 52.6337651], [10.1905725, 52.632393], [10.1903787, 52.6320654], [10.1910632, 52.6313104], [10.188656, 52.6306807], [10.1879031, 52.6305], [10.1864334, 52.6305147], [10.1404811, 52.6268637]]]}}, {"type": "Feature", "properties": {"name": "Schweinebruch", "stufe": "streng", "art": "Naturschutzgebiet"}, "geometry": {"type": "Polygon", "coordinates": [[[10.1864334, 52.6305147], [10.1863359, 52.6307249], [10.1862556, 52.630935], [10.186103, 52.6311719], [10.1859856, 52.631283], [10.1858001, 52.6314156], [10.1856306, 52.6315062], [10.1854776, 52.6315705], [10.1853066, 52.6316089], [10.1850664, 52.631627], [10.1845768, 52.6316423], [10.184087, 52.6316525], [10.1837777, 52.6316608], [10.1834685, 52.6316743], [10.1832801, 52.6317024], [10.1829726, 52.6317734], [10.1826812, 52.6318077], [10.1823121, 52.6318324], [10.1817457, 52.6318694], [10.1806341, 52.631938], [10.1799482, 52.6320076], [10.1794166, 52.63206], [10.1789106, 52.6321069], [10.1783186, 52.6321547], [10.1775894, 52.6322142], [10.1753211, 52.6324303], [10.1739486, 52.6325486], [10.1732964, 52.6325917], [10.1728244, 52.6326277], [10.1725638, 52.6326878], [10.1722716, 52.6326907], [10.1717227, 52.6327433], [10.171071, 52.6328072], [10.1704532, 52.6328552], [10.1700673, 52.6328904], [10.169766, 52.6328777], [10.1691202, 52.6328422], [10.1686293, 52.6328105], [10.1679416, 52.6326551], [10.1674227, 52.6325399], [10.1670162, 52.6324497], [10.1666795, 52.6323955], [10.1662317, 52.6323406], [10.1658644, 52.6322947], [10.1654285, 52.6322402], [10.1650682, 52.6322027], [10.1628727, 52.6319449], [10.1618723, 52.6318292], [10.1628761, 52.6311027], [10.1617202, 52.6309571], [10.1607227, 52.6312755], [10.1598212, 52.631321], [10.1597089, 52.6311309], [10.1594409, 52.6312462], [10.1591349, 52.63138], [10.1586529, 52.6315207], [10.1580893, 52.6316675], [10.1573124, 52.6318739], [10.1570807, 52.6318918], [10.1568225, 52.6318787], [10.1566495, 52.6318385], [10.1562257, 52.6317433], [10.1559649, 52.631636], [10.1557638, 52.6315071], [10.1553299, 52.6320083], [10.1543972, 52.6320122], [10.1535629, 52.6319994], [10.1532709, 52.6320127], [10.1530399, 52.6320568], [10.1528692, 52.6321056], [10.1524891, 52.632036], [10.1515048, 52.6318782], [10.1513159, 52.6318853], [10.1510726, 52.6317883], [10.1507002, 52.6316873], [10.1504934, 52.6316683], [10.1502743, 52.6315083], [10.1504408, 52.6313027], [10.1504359, 52.6311144], [10.1506383, 52.630966], [10.1507702, 52.6307502], [10.1506392, 52.630673], [10.1504492, 52.6306382], [10.1500268, 52.6304331], [10.1496056, 52.6301076], [10.1492195, 52.629808], [10.148651, 52.6294421], [10.1483284, 52.6292674], [10.1472154, 52.6287864], [10.1478331, 52.6287386], [10.146917, 52.6283917], [10.1444335, 52.6274428], [10.1426988, 52.6271823], [10.1426251, 52.6269947], [10.1404811, 52.6268637], [10.1864334, 52.6305147]]]}}, {"type": "Feature", "properties": {"name": "Hahntal und Höckels", "stufe": "streng", "art": "Naturschutzgebiet"}, "geometry": {"type": "Polygon", "coordinates": [[[10.8506861, 52.089462], [10.8503723, 52.0905802], [10.8532396, 52.0903297], [10.8532557, 52.0897694], [10.8528909, 52.089748], [10.8506861, 52.089462]]]}}, {"type": "Feature", "properties": {"name": "Hahntal und Höckels", "stufe": "streng", "art": "Naturschutzgebiet"}, "geometry": {"type": "Polygon", "coordinates": [[[10.8444741, 52.0911158], [10.8464563, 52.0912559], [10.8460915, 52.0931345], [10.8416873, 52.0931757], [10.8414459, 52.0932762], [10.8411375, 52.0938547], [10.8369318, 52.0938843], [10.8367681, 52.0935383], [10.835368, 52.0937327], [10.8350193, 52.0930291], [10.8354431, 52.092922], [10.835301, 52.0926154], [10.8369264, 52.0922941], [10.8369827, 52.0918871], [10.8396649, 52.0926879], [10.8417624, 52.0921178], [10.8441549, 52.0921079], [10.8444741, 52.0911158]]]}}, {"type": "Feature", "properties": {"name": "Klotzberg", "stufe": "streng", "art": "Naturschutzgebiet"}, "geometry": {"type": "Polygon", "coordinates": [[[10.7103556, 52.0588979], [10.713986, 52.0582036], [10.7160151, 52.0578688], [10.7174622, 52.0573716], [10.7174447, 52.0572463], [10.7149301, 52.0574351], [10.7132243, 52.0575695], [10.7115747, 52.0577979], [10.7104495, 52.0579925], [10.7103556, 52.0588979]]]}}, {"type": "Feature", "properties": {"name": "Klotzberg", "stufe": "streng", "art": "Naturschutzgebiet"}, "geometry": {"type": "Polygon", "coordinates": [[[10.7104683, 52.0578911], [10.7104951, 52.0572834], [10.7162337, 52.0571234], [10.7162377, 52.0572537], [10.7145841, 52.0573807], [10.7130043, 52.0575209], [10.7119328, 52.0576462], [10.7104683, 52.0578911]]]}}, {"type": "Feature", "properties": {"name": "Salzwiese Barnstorf", "stufe": "streng", "art": "Naturschutzgebiet"}, "geometry": {"type": "Polygon", "coordinates": [[[10.8112764, 52.1004967], [10.8112722, 52.1008392], [10.8095947, 52.1008427], [10.8093855, 52.1004728], [10.8078472, 52.1022082], [10.8112764, 52.1004967]]]}}, {"type": "Feature", "properties": {"name": "Salzwiese Barnstorf", "stufe": "streng", "art": "Naturschutzgebiet"}, "geometry": {"type": "Polygon", "coordinates": [[[10.8112764, 52.1004967], [10.8119255, 52.1005066], [10.8119819, 52.1011805], [10.8118772, 52.101454], [10.8115795, 52.1015116], [10.8115044, 52.1020158], [10.8078472, 52.1022082], [10.8112764, 52.1004967]]]}}, {"type": "Feature", "properties": {"name": "Heeseberg-Gebiet", "stufe": "mild", "art": "nature_reserve"}, "geometry": {"type": "Polygon", "coordinates": [[[10.8078472, 52.1022082], [10.8078733, 52.1022976], [10.8079801, 52.1030855], [10.8079849, 52.1031612], [10.8079868, 52.1032797], [10.8079827, 52.1041209], [10.8079317, 52.1052346], [10.8128786, 52.1047579], [10.813415, 52.1047061], [10.8138902, 52.1015149], [10.8139038, 52.1013378], [10.8139077, 52.1001606], [10.8137789, 52.1001062], [10.811263, 52.1001721], [10.8112764, 52.1004967], [10.8078472, 52.1022082]]]}}, {"type": "Feature", "properties": {"name": "Heeseberg-Gebiet", "stufe": "mild", "art": "nature_reserve"}, "geometry": {"type": "Polygon", "coordinates": [[[10.8112764, 52.1004967], [10.8112722, 52.1008392], [10.8095947, 52.1008427], [10.8093855, 52.1004728], [10.8078472, 52.1022082], [10.8112764, 52.1004967]]]}}, {"type": "Feature", "properties": {"name": "Schwarzwasserniederung", "stufe": "streng", "art": "Naturschutzgebiet"}, "geometry": {"type": "Polygon", "coordinates": [[[10.2332709, 52.3694859], [10.2290976, 52.3702624], [10.2289635, 52.3702117], [10.2268526, 52.3706473], [10.226351, 52.3708422], [10.2259058, 52.3711893], [10.2251521, 52.371787], [10.2250501, 52.3715152], [10.2247497, 52.3715955], [10.2228695, 52.3723176], [10.2249026, 52.3731953], [10.2246961, 52.3741844], [10.2252594, 52.3742335], [10.2270591, 52.3772562], [10.2274507, 52.3783369], [10.2265763, 52.3784843], [10.2248758, 52.378553], [10.2247846, 52.3790442], [10.2236259, 52.3790966], [10.2236849, 52.3795714], [10.2251011, 52.3795747], [10.2246398, 52.3815394], [10.2240738, 52.3816655], [10.2231458, 52.3816491], [10.219447, 52.3814919], [10.2191439, 52.3823302], [10.2189669, 52.3823842], [10.2180308, 52.3827968], [10.2180147, 52.3830686], [10.2175802, 52.3830587], [10.2175963, 52.3832094], [10.2174085, 52.3832192], [10.2168131, 52.3832454], [10.2156866, 52.3831733], [10.2156007, 52.3844961], [10.2164161, 52.3844994], [10.2164912, 52.3840672], [10.2179289, 52.3840934], [10.2200907, 52.3844765], [10.2212602, 52.3845223], [10.2213782, 52.384077], [10.2221882, 52.384208], [10.2219415, 52.3854391], [10.2217269, 52.3856028], [10.2219629, 52.3859957], [10.222156, 52.3859892], [10.2239639, 52.3861234], [10.2236742, 52.3836023], [10.2257127, 52.3833927], [10.2257127, 52.3828623], [10.2263349, 52.3825414], [10.227102, 52.3817817], [10.2278799, 52.3812414], [10.227955, 52.3812152], [10.227955, 52.3811498], [10.2273542, 52.380986], [10.2275687, 52.3807928], [10.227499, 52.3802493], [10.2286899, 52.3803803], [10.2293712, 52.3792309], [10.2300149, 52.3793258], [10.2300954, 52.3790017], [10.231517, 52.379185], [10.2331102, 52.3757171], [10.2297896, 52.3753208], [10.2296019, 52.3751636], [10.2336574, 52.3729563], [10.2343762, 52.3729464], [10.2343976, 52.3721506], [10.2343118, 52.3717281], [10.2337432, 52.370775], [10.2333355, 52.3700872], [10.2332979, 52.3697073], [10.2332709, 52.3694859]]]}}, {"type": "Feature", "properties": {"name": "Schwarzwasserniederung", "stufe": "streng", "art": "Naturschutzgebiet"}, "geometry": {"type": "Polygon", "coordinates": [[[10.2495414, 52.3732019], [10.2492812, 52.3726255], [10.2492732, 52.3719099], [10.249017, 52.36715], [10.2450809, 52.3687001], [10.2447644, 52.368687], [10.2421358, 52.3675652], [10.2390593, 52.3683693], [10.2386919, 52.3681842], [10.2376968, 52.3688999], [10.2372622, 52.3689539], [10.2342743, 52.3690244], [10.234285, 52.3693994], [10.2335447, 52.3694764], [10.233542, 52.3697908], [10.2337512, 52.3703296], [10.2343708, 52.3712892], [10.2406847, 52.3707881], [10.2408189, 52.3707193], [10.2488333, 52.3727336], [10.2491176, 52.3728678], [10.2495414, 52.3732019]]]}}, {"type": "Feature", "properties": {"name": "Schwarzwasserniederung", "stufe": "streng", "art": "Naturschutzgebiet"}, "geometry": {"type": "Polygon", "coordinates": [[[10.2691323, 52.3741844], [10.2680486, 52.3754223], [10.2687192, 52.3755173], [10.2673285, 52.3775289], [10.2641648, 52.3768092], [10.263218, 52.3766258], [10.265691, 52.3793684], [10.2659458, 52.3794486], [10.2660075, 52.3794126], [10.2700174, 52.3800823], [10.2693897, 52.3811399], [10.2684778, 52.380932], [10.2680755, 52.3814166], [10.2668175, 52.3810925], [10.2669007, 52.3809238], [10.2666244, 52.3806438], [10.2664152, 52.3809909], [10.2621424, 52.3799988], [10.2624616, 52.3795469], [10.2616382, 52.3793209], [10.2612117, 52.3797843], [10.2556246, 52.3784417], [10.2554986, 52.3781666], [10.2552062, 52.3777671], [10.2585858, 52.3740338], [10.2581312, 52.3738702], [10.2582934, 52.3737194], [10.2580065, 52.3734983], [10.2579018, 52.3734672], [10.2577811, 52.3732625], [10.2571696, 52.3730267], [10.2568129, 52.3729153], [10.2565581, 52.3728597], [10.2553162, 52.3726664], [10.2544177, 52.3724093], [10.2526206, 52.3720458], [10.2507336, 52.3740485], [10.2503286, 52.3737153], [10.2500255, 52.3733444], [10.2498767, 52.3731298], [10.2496795, 52.3726582], [10.2496058, 52.3722505], [10.2495575, 52.3714481], [10.2494556, 52.3702313], [10.2502629, 52.3705801], [10.2510917, 52.370811], [10.2519822, 52.3709797], [10.2568746, 52.3718002], [10.2575317, 52.3718083], [10.2585617, 52.3716511], [10.2608442, 52.3712728], [10.2612063, 52.3711189], [10.2649118, 52.3683046], [10.2726969, 52.3663286], [10.2722087, 52.365626], [10.2722409, 52.365531], [10.2766585, 52.366309], [10.277482, 52.36436], [10.2754529, 52.363437], [10.2765003, 52.3622872], [10.2769308, 52.3625264], [10.2774417, 52.3631889], [10.2781096, 52.3636901], [10.2783859, 52.3637671], [10.2790055, 52.3642191], [10.2793595, 52.3645795], [10.2794668, 52.3648857], [10.2811003, 52.3649103], [10.2810761, 52.3655392], [10.28047, 52.3658897], [10.2798852, 52.3658897], [10.2799174, 52.3663745], [10.2798396, 52.3665841], [10.2797002, 52.3667021], [10.2790377, 52.3670624], [10.2784422, 52.3674996], [10.2781498, 52.3677682], [10.2773398, 52.3676896], [10.2769053, 52.3677093], [10.2763152, 52.3678698], [10.2755642, 52.3678501], [10.2741855, 52.367968], [10.2734023, 52.3682497], [10.2725065, 52.3685216], [10.271455, 52.3687803], [10.2707523, 52.3690522], [10.269835, 52.3696712], [10.2679038, 52.3703099], [10.2672011, 52.3706964], [10.2665949, 52.3712958], [10.2657151, 52.3724814], [10.2646047, 52.3736702], [10.2637625, 52.3741582], [10.2631724, 52.3741975], [10.2629256, 52.3747575], [10.2646744, 52.3750064], [10.2652216, 52.3742761], [10.2680218, 52.374168], [10.2691323, 52.3741844]]]}}, {"type": "Feature", "properties": {"name": "Schwarzwasserniederung", "stufe": "streng", "art": "Naturschutzgebiet"}, "geometry": {"type": "Polygon", "coordinates": [[[10.294801, 52.3834451], [10.2960831, 52.3837267], [10.300557, 52.3845682], [10.3005517, 52.3846107], [10.3015709, 52.3847646], [10.3002727, 52.3872235], [10.2981216, 52.3870107], [10.2977622, 52.387839], [10.2998489, 52.388114], [10.2977836, 52.3920098], [10.2997845, 52.3956132], [10.2986862, 52.396623], [10.2962708, 52.3960821], [10.2956647, 52.3957122], [10.2967322, 52.3952867], [10.2949458, 52.3926744], [10.2915341, 52.3932931], [10.2871835, 52.3914075], [10.286985, 52.3912864], [10.2861106, 52.3900554], [10.2891684, 52.3894007], [10.2874571, 52.387086], [10.2847266, 52.387672], [10.2843618, 52.3870893], [10.286234, 52.3866964], [10.2861589, 52.386549], [10.2878219, 52.3861856], [10.2859175, 52.3832061], [10.2907509, 52.3823547], [10.2927893, 52.3821845], [10.2954796, 52.3821206], [10.294801, 52.3834451]]]}}, {"type": "Feature", "properties": {"name": "Schwarzwasserniederung", "stufe": "streng", "art": "Naturschutzgebiet"}, "geometry": {"type": "Polygon", "coordinates": [[[10.2853274, 52.3831422], [10.284158, 52.3809091], [10.279499, 52.381397], [10.2808428, 52.3839674], [10.2791128, 52.384285], [10.2775517, 52.3815345], [10.2726594, 52.382042], [10.2699208, 52.3807765], [10.2703929, 52.379912], [10.2717608, 52.3801903], [10.2728444, 52.3805309], [10.2744698, 52.3805964], [10.2756447, 52.3806029], [10.2764547, 52.380675], [10.2770877, 52.3806308], [10.2785066, 52.3800823], [10.2785656, 52.3799889], [10.2785119, 52.3797581], [10.2785683, 52.3796991], [10.2801535, 52.3791244], [10.2815723, 52.37835], [10.2816367, 52.3774183], [10.2836028, 52.3773987], [10.2836001, 52.377325], [10.283753, 52.3773037], [10.2843028, 52.3765194], [10.2855796, 52.3768043], [10.2856654, 52.3768829], [10.2893346, 52.3772431], [10.2892837, 52.3773397], [10.2882108, 52.3773741], [10.2881947, 52.3789624], [10.2888331, 52.378982], [10.288589, 52.3802493], [10.2872881, 52.3803295], [10.2888519, 52.3824644], [10.2853274, 52.3831422]]]}}, {"type": "Feature", "properties": {"name": "Ohre-Drömling", "stufe": "streng", "art": "Naturschutzgebiet"}, "geometry": {"type": "Polygon", "coordinates": [[[10.975347, 52.5213229], [10.9755385, 52.5220943], [10.9756625, 52.5229287], [10.9759039, 52.5249527], [10.9760426, 52.5260629], [10.9761177, 52.526082], [10.9764193, 52.5283729], [10.9767718, 52.5315002], [10.9775246, 52.5309836], [10.97797, 52.5306902], [10.9783557, 52.5304238], [10.97919, 52.5298107], [10.9796469, 52.5295012], [10.9799622, 52.5292688], [10.9802412, 52.5290037], [10.9804313, 52.5287914], [10.980672, 52.5286173], [10.9808988, 52.5285773], [10.9811548, 52.5286071], [10.9840715, 52.5281688], [10.9873281, 52.5276973], [10.991032, 52.5271723], [10.9913078, 52.5269997], [10.9939766, 52.5284773], [10.9976974, 52.5305117], [10.9983827, 52.5309227], [11.0007526, 52.5322101], [10.9997896, 52.5331369], [11.0021526, 52.5327184], [11.0039364, 52.5318862], [11.0053239, 52.5305125], [11.006784, 52.5295381], [11.0072672, 52.5291236], [11.007966, 52.5285713], [11.0095748, 52.5278821], [11.0105946, 52.5271862], [11.0109242, 52.5295134], [11.0114546, 52.5336258], [11.0120195, 52.5379022], [11.0142763, 52.5412466], [11.0146679, 52.5420073], [11.0154154, 52.5414753], [11.0165777, 52.5406677], [11.0179217, 52.5397719], [11.0193646, 52.5388371], [11.0193617, 52.5389666], [11.0253047, 52.5396546], [11.0247236, 52.5421227], [11.0250084, 52.5429097], [11.028345, 52.5485606], [11.0287348, 52.5482802], [11.0307014, 52.5467769], [11.030735, 52.5466206], [11.032733, 52.5451494], [11.0327802, 52.5451397], [11.0333573, 52.5458716], [11.0338535, 52.546424], [11.0341759, 52.5467593], [11.0349722, 52.5476109], [11.0404385, 52.5421784], [11.0429664, 52.5440037], [11.0462595, 52.5464198], [11.0539409, 52.5425579], [11.0546439, 52.542196], [11.0555826, 52.5413286], [11.0557375, 52.5411457], [11.0587888, 52.5382737], [11.060726, 52.5366843], [11.0614741, 52.5359471], [11.0617149, 52.5357741], [11.063022, 52.5345087], [11.0632767, 52.534245], [11.0640208, 52.5336124], [11.0684315, 52.5358347], [11.0686232, 52.5360455], [11.0688367, 52.5359974], [11.0689222, 52.5358186], [11.0695114, 52.5326838], [11.0699089, 52.5304993], [11.0700707, 52.5301518], [11.0701836, 52.5300442], [11.0720952, 52.5279098], [11.0730431, 52.5268651], [11.0732338, 52.5264493], [11.0721553, 52.5253266], [11.0715445, 52.5246665], [11.0713081, 52.524337], [11.0712901, 52.5241135], [11.071972, 52.5210259], [11.0729133, 52.5162673], [11.0735897, 52.5131444], [11.0737258, 52.51238], [11.0744369, 52.5090595], [11.0756285, 52.5069324], [11.0788319, 52.5049269], [11.0790539, 52.5031186], [11.0792008, 52.5026144], [11.0791306, 52.5022453], [11.0789303, 52.501597], [11.0786698, 52.5011318], [11.0783323, 52.5007299], [11.0778939, 52.5003632], [11.0773361, 52.4999704], [11.0766624, 52.4996343], [11.0761014, 52.4992699], [11.0756794, 52.4991011], [11.0740688, 52.4988294], [11.0734027, 52.4986643], [11.0727363, 52.4987417], [11.0722984, 52.4987204], [11.071593, 52.4984533], [11.0708436, 52.4975023], [11.0705755, 52.4972802], [11.069128, 52.4963695], [11.0682583, 52.4958532], [11.0674159, 52.4952976], [11.0650725, 52.4926834], [11.0642919, 52.4918331], [11.0661146, 52.4904898], [11.0684984, 52.4886899], [11.0702874, 52.4873804], [11.0718215, 52.4862036], [11.0722013, 52.4857369], [11.0723778, 52.4852152], [11.0728762, 52.4823479], [11.0732166, 52.4819047], [11.0772435, 52.4787857], [11.0794288, 52.4770485], [11.0814367, 52.4754987], [11.0821378, 52.4749785], [11.0834064, 52.4744123], [11.0860146, 52.4732642], [11.0880085, 52.472368], [11.0925368, 52.4703914], [11.0979193, 52.4680251], [11.0991474, 52.4674034], [11.1010928, 52.4662939], [11.1019494, 52.4656926], [11.105154, 52.4633369], [11.106992, 52.4620041], [11.1073937, 52.4618847], [11.1197957, 52.4583679], [11.1221484, 52.4576084], [11.1236177, 52.4571992], [11.1279001, 52.4560994], [11.134446, 52.4519334], [11.1360408, 52.4509276], [11.1380948, 52.4496216], [11.1400617, 52.4483831], [11.1451659, 52.4451281], [11.1459589, 52.4446458], [11.1479867, 52.4442092], [11.1534734, 52.4429548], [11.1559936, 52.4423697], [11.1647361, 52.4403925], [11.1658995, 52.440078], [11.1686325, 52.4393744], [11.1727898, 52.4382478], [11.1750158, 52.4376556], [11.1749226, 52.4378023], [11.1743047, 52.4384682], [11.1765368, 52.4385042], [11.1769568, 52.4386084], [11.1775111, 52.438778], [11.177858, 52.438762], [11.1783115, 52.4386823], [11.1782619, 52.4401322], [11.1781356, 52.4406409], [11.1781263, 52.4409416], [11.1782255, 52.441283], [11.1784047, 52.4413672], [11.1799717, 52.441378], [11.1801872, 52.4414043], [11.1802972, 52.4415772], [11.1809072, 52.4415416], [11.1812339, 52.4416083], [11.1815214, 52.441657], [11.1819606, 52.441799], [11.1827341, 52.442002], [11.1831095, 52.4419983], [11.183743, 52.4419815], [11.1842225, 52.4418921], [11.1846015, 52.4418448], [11.1852081, 52.4417825], [11.1859614, 52.4417877], [11.1859889, 52.4420445], [11.1867632, 52.442028], [11.1876391, 52.4419235], [11.1885806, 52.441738], [11.189378, 52.4415948], [11.1893934, 52.4436432], [11.1894185, 52.4447305], [11.1926059, 52.4476069], [11.1945123, 52.4492636], [11.2052118, 52.4434609], [11.2069546, 52.4424919], [11.209465, 52.4411459], [11.2120674, 52.4397083], [11.2154599, 52.4378684], [11.2162742, 52.4374203], [11.2165701, 52.4372383], [11.2168842, 52.4372449], [11.2172051, 52.4371825], [11.2193345, 52.4369019], [11.2194041, 52.4372246], [11.2195964, 52.4374998], [11.2202531, 52.4374305], [11.2202873, 52.4375527], [11.2206505, 52.4375104], [11.2207075, 52.4376476], [11.2214397, 52.4375649], [11.2261192, 52.4370707], [11.2262537, 52.4371361], [11.2288778, 52.4369966], [11.2288474, 52.4383086], [11.2288206, 52.44114], [11.2288794, 52.4412233], [11.2288574, 52.4426645], [11.2289532, 52.4427483], [11.2294464, 52.442918], [11.2299231, 52.4431593], [11.2300989, 52.4434459], [11.2301228, 52.4438051], [11.2301051, 52.4441943], [11.2298422, 52.4447748], [11.2295931, 52.4452336], [11.2289422, 52.4462607], [11.2285308, 52.4469532], [11.2271659, 52.4491636], [11.2255368, 52.4518233], [11.2261974, 52.4528314], [11.2273318, 52.4539023], [11.2280005, 52.45445], [11.2256308, 52.4554935], [11.2254786, 52.4555754], [11.2235811, 52.4558819], [11.2233839, 52.4559604], [11.2223656, 52.4564528], [11.2213319, 52.4569432], [11.2209832, 52.4570606], [11.2205902, 52.4571225], [11.2203192, 52.4571023], [11.2199283, 52.4570445], [11.219327, 52.4569484], [11.2189795, 52.4569922], [11.2181762, 52.4572447], [11.2175368, 52.4575996], [11.2169621, 52.4579408], [11.2160778, 52.4584224], [11.2157818, 52.4586523], [11.215648, 52.4590616], [11.2160978, 52.4603403], [11.2163324, 52.4610753], [11.2166268, 52.4614874], [11.2170973, 52.4618472], [11.2176885, 52.4622524], [11.2180706, 52.4624256], [11.2189615, 52.4627874], [11.2190833, 52.4628739], [11.2191858, 52.4630376], [11.2194033, 52.463556], [11.2175351, 52.4651493], [11.2159838, 52.4664587], [11.2157653, 52.4667069], [11.2146229, 52.4691008], [11.214135, 52.4700149], [11.2136047, 52.4710736], [11.2141503, 52.4721353], [11.2147852, 52.4733185], [11.2156741, 52.4750647], [11.2164144, 52.4763692], [11.2168726, 52.4761658], [11.2173026, 52.4760736], [11.2180473, 52.4760243], [11.2191359, 52.4758954], [11.2205056, 52.4755121], [11.2211615, 52.4753024], [11.221516, 52.4750729], [11.2217234, 52.4749079], [11.2301968, 52.4808125], [11.2302283, 52.4806528], [11.2333524, 52.47564], [11.2334021, 52.4755995], [11.2335301, 52.4755689], [11.2336329, 52.4758118], [11.2353808, 52.4777693], [11.2375093, 52.4801322], [11.2382754, 52.4809539], [11.2404258, 52.483292], [11.242833, 52.4848648], [11.2438929, 52.4856244], [11.2467163, 52.4839364], [11.2524662, 52.483628], [11.2526521, 52.4835757], [11.252947, 52.4834111], [11.2535433, 52.483738], [11.2540793, 52.4839739], [11.2547871, 52.4843143], [11.2559303, 52.4848052], [11.2580948, 52.4857937], [11.2598881, 52.4845328], [11.2600025, 52.4844771], [11.2602276, 52.4846068], [11.2605367, 52.4847627], [11.2608483, 52.4849645], [11.2613946, 52.4852793], [11.2615511, 52.4853378], [11.2618289, 52.4855138], [11.2622807, 52.4858614], [11.2631229, 52.4864179], [11.2638133, 52.4869091], [11.2652514, 52.4859193], [11.265575, 52.4857846], [11.266064, 52.4856569], [11.2657175, 52.485411], [11.2684925, 52.483546], [11.2662729, 52.4824601], [11.2644781, 52.4813811], [11.260308, 52.4798233], [11.25903, 52.4793855], [11.2589263, 52.4793432], [11.2560006, 52.4783263], [11.2529341, 52.4772995], [11.2512123, 52.4767175], [11.2537243, 52.4748686], [11.2512303, 52.4734348], [11.2497361, 52.4726242], [11.2480327, 52.4717133], [11.2477428, 52.4715866], [11.2471752, 52.4711907], [11.246569, 52.4707826], [11.2463281, 52.4706384], [11.2455169, 52.4702588], [11.2443677, 52.4692625], [11.2427342, 52.4684874], [11.2417413, 52.4680417], [11.2394654, 52.4670383], [11.2379304, 52.4663002], [11.2372966, 52.4660299], [11.2359807, 52.4653764], [11.2340945, 52.4641906], [11.2346133, 52.4637251], [11.2353444, 52.4629889], [11.2365034, 52.4619183], [11.2366521, 52.4617588], [11.2379012, 52.4603304], [11.2384862, 52.4596981], [11.2401469, 52.4572174], [11.2413766, 52.4553974], [11.242962, 52.4530364], [11.2447616, 52.4504834], [11.2452729, 52.4496671], [11.2464721, 52.4478377], [11.2482314, 52.4453051], [11.2491471, 52.444053], [11.2496811, 52.4432228], [11.2503846, 52.4422121], [11.2528776, 52.438491], [11.2541446, 52.4388161], [11.2557315, 52.4392359], [11.2586882, 52.4400076], [11.2593983, 52.4405887], [11.2627738, 52.4423337], [11.2649984, 52.4412321], [11.268364, 52.4395863], [11.2723752, 52.43759], [11.2740488, 52.4381393], [11.2752061, 52.4368256], [11.2759692, 52.4359554], [11.2767192, 52.4350487], [11.277133, 52.4344444], [11.278321, 52.4330912], [11.2808167, 52.4302223], [11.2845772, 52.4301841], [11.2845639, 52.4290924], [11.2850919, 52.428201], [11.285403, 52.4275951], [11.2861378, 52.4260998], [11.2865738, 52.4250683], [11.2866944, 52.424578], [11.2868759, 52.4235938], [11.2862785, 52.422832], [11.2858396, 52.4223591], [11.2854534, 52.4217008], [11.2854494, 52.4213441], [11.2854936, 52.4209066], [11.2856433, 52.4201746], [11.2857122, 52.4199489], [11.2858936, 52.419596], [11.2860934, 52.4193486], [11.2864303, 52.4188911], [11.2855792, 52.4186126], [11.285388, 52.418526], [11.2847426, 52.418125], [11.2842217, 52.4177443], [11.2822231, 52.4163334], [11.2820564, 52.4161427], [11.2813111, 52.4156205], [11.2803702, 52.4148895], [11.2800187, 52.4145741], [11.2793048, 52.4140508], [11.2788274, 52.4137473], [11.2783502, 52.4134589], [11.2772228, 52.413067], [11.276156, 52.4127319], [11.2744934, 52.4121876], [11.273566, 52.4118757], [11.2727947, 52.4114846], [11.2717744, 52.410872], [11.2716538, 52.4107903], [11.2705634, 52.4114641], [11.2697277, 52.4119513], [11.2683493, 52.4127222], [11.2658216, 52.4139573], [11.2649899, 52.4143295], [11.2643542, 52.4146093], [11.2624509, 52.4153909], [11.2614716, 52.4157609], [11.2603692, 52.416137], [11.2598959, 52.4163461], [11.2576192, 52.4170397], [11.2548783, 52.4177269], [11.2532673, 52.4180758], [11.2521337, 52.4183012], [11.2515578, 52.4184196], [11.2495412, 52.4188046], [11.2483575, 52.4190125], [11.2475056, 52.4191165], [11.2452511, 52.4194715], [11.2413624, 52.4202092], [11.2388767, 52.4206686], [11.2378447, 52.4208329], [11.235813, 52.421237], [11.2352235, 52.4213598], [11.2327318, 52.4218361], [11.2309253, 52.4221458], [11.2280241, 52.4226843], [11.2262474, 52.4230089], [11.2261475, 52.422336], [11.2255568, 52.4224073], [11.223633, 52.422782], [11.2228356, 52.422888], [11.220397, 52.4231898], [11.219142, 52.4233055], [11.218288, 52.4233761], [11.2165183, 52.4234852], [11.2153372, 52.4235314], [11.210608, 52.4237391], [11.2057369, 52.4239474], [11.2037699, 52.4240359], [11.1956888, 52.4243849], [11.1936073, 52.4244788], [11.1929723, 52.4245126], [11.1925294, 52.4245322], [11.1875344, 52.4247457], [11.184944, 52.4248597], [11.1848877, 52.4247386], [11.1845596, 52.4246055], [11.1841523, 52.4245433], [11.183733, 52.4243263], [11.1831886, 52.4242588], [11.1753649, 52.4245913], [11.1654075, 52.4250325], [11.1601236, 52.4252576], [11.1493451, 52.4256962], [11.1460389, 52.4258555], [11.1449124, 52.4259036], [11.1410073, 52.4260963], [11.1363011, 52.4264212], [11.1346987, 52.4265559], [11.1341963, 52.4265876], [11.1341102, 52.4264122], [11.1325977, 52.4245914], [11.1302341, 52.4216382], [11.1293378, 52.4205307], [11.1288504, 52.4199271], [11.1277828, 52.41863], [11.1267374, 52.4173548], [11.126267, 52.416763], [11.1259458, 52.4163392], [11.1220771, 52.4163758], [11.114833, 52.4163863], [11.1090565, 52.4164304], [11.1084529, 52.4164903], [11.1007453, 52.4189228], [11.0967355, 52.4202044], [11.0914296, 52.4218766], [11.0839625, 52.4242454], [11.0834018, 52.4244068], [11.0825298, 52.4246901], [11.0822725, 52.4247526], [11.0818731, 52.4247633], [11.0787862, 52.4247116], [11.0718942, 52.4246165], [11.0716636, 52.4246001], [11.0643602, 52.4245063], [11.0633451, 52.4276291], [11.0622691, 52.431002], [11.0617806, 52.4324973], [11.0612054, 52.4333307], [11.0608935, 52.4336808], [11.0684427, 52.4357155], [11.0680649, 52.4360027], [11.0652867, 52.43796], [11.0649199, 52.4381905], [11.0637994, 52.438921], [11.0630494, 52.4393661], [11.0615761, 52.4403302], [11.0638737, 52.4421506], [11.0639473, 52.442234], [11.0645032, 52.4426856], [11.0646448, 52.4428714], [11.0647115, 52.4431517], [11.0654335, 52.4432127], [11.0657564, 52.4436204], [11.0681621, 52.4418288], [11.0713631, 52.4390184], [11.0741483, 52.4372312], [11.0799042, 52.433602], [11.0810606, 52.4329141], [11.0814366, 52.4327343], [11.0816137, 52.4326347], [11.0832704, 52.4321117], [11.0848765, 52.4337085], [11.0864839, 52.4352645], [11.0869477, 52.4357883], [11.0870348, 52.4359145], [11.0876929, 52.4367493], [11.0883282, 52.4375684], [11.0889284, 52.4383728], [11.093218, 52.4439186], [11.092904, 52.4440699], [11.0927244, 52.4442014], [11.0926222, 52.4445255], [11.0925794, 52.4448229], [11.0926459, 52.445188], [11.0928438, 52.4458249], [11.0932393, 52.4463805], [11.0938072, 52.4469788], [11.0939094, 52.4471352], [11.0940313, 52.4474455], [11.0947003, 52.4486862], [11.0944851, 52.4488077], [11.0942891, 52.4490866], [11.0939958, 52.4491938], [11.0907044, 52.450574], [11.0870125, 52.4520913], [11.0860227, 52.4525222], [11.0793808, 52.4553048], [11.0777716, 52.4559676], [11.0769253, 52.4559482], [11.0751038, 52.4567205], [11.0732595, 52.4574737], [11.0711457, 52.4583851], [11.0667517, 52.4602328], [11.0638348, 52.4614964], [11.0602917, 52.4629046], [11.0589219, 52.463475], [11.0565631, 52.4644736], [11.0522623, 52.466273], [11.0499744, 52.4672122], [11.0446841, 52.4694309], [11.0442107, 52.4696365], [11.0431731, 52.4690605], [11.0384802, 52.4661005], [11.0362542, 52.4669391], [11.0339659, 52.4677936], [11.0333616, 52.4674838], [11.0320921, 52.4669695], [11.0312462, 52.4666478], [11.0301732, 52.4664658], [11.0289946, 52.4662397], [11.028502, 52.4660147], [11.0239105, 52.467911], [11.0190678, 52.469898], [11.0162835, 52.4710244], [11.0157073, 52.4711669], [11.0131707, 52.471567], [11.0127803, 52.4716112], [11.0115134, 52.4717945], [11.0114143, 52.4717682], [11.0113499, 52.4716431], [11.0105527, 52.4710964], [11.0104332, 52.4709644], [11.0099843, 52.4698103], [11.0087156, 52.4685203], [11.008168, 52.4682547], [11.0080317, 52.4681233], [11.0082073, 52.4681001], [11.008352, 52.4680605], [11.0069522, 52.466923], [11.0062943, 52.4663044], [11.0043669, 52.4638526], [11.0023722, 52.4613863], [11.0007826, 52.4593516], [10.9975066, 52.4598902], [10.995166, 52.4602813], [10.9921946, 52.4607694], [10.988911, 52.4613272], [10.9869113, 52.4616371], [10.9835999, 52.462175], [10.9839736, 52.4629701], [10.9851481, 52.4656599], [10.9864106, 52.4687878], [10.986513, 52.4689268], [10.990816, 52.4707471], [10.9909108, 52.470776], [10.9919113, 52.4712244], [10.9930474, 52.4729837], [10.9938767, 52.4743076], [10.9939638, 52.4744557], [10.9879426, 52.475401], [10.9875134, 52.4754435], [10.9870787, 52.47551], [10.9822414, 52.4759853], [10.9797782, 52.4762035], [10.976566, 52.4765303], [10.9726516, 52.4768923], [10.9707606, 52.4764984], [10.9707715, 52.4781014], [10.9704752, 52.4791153], [10.9704266, 52.479502], [10.9695512, 52.4793544], [10.9638988, 52.4797582], [10.9634438, 52.4806771], [10.9619613, 52.4803305], [10.9587398, 52.4802246], [10.9590786, 52.4819239], [10.9544918, 52.4818342], [10.953803, 52.4780532], [10.9537848, 52.4778643], [10.9543971, 52.4771515], [10.9560918, 52.4750621], [10.9583567, 52.4723178], [10.9636897, 52.4657424], [10.9652357, 52.4638529], [10.9637492, 52.4632735], [10.9606489, 52.4620814], [10.9567424, 52.4605599], [10.9565102, 52.4606543], [10.9539893, 52.4574553], [10.9514459, 52.4595001], [10.9480444, 52.4605381], [10.9478642, 52.4589598], [10.9477506, 52.4583162], [10.9475819, 52.4571728], [10.9472627, 52.4541239], [10.975347, 52.5213229]]]}}, {"type": "Feature", "properties": {"name": "Ohre-Drömling", "stufe": "streng", "art": "Naturschutzgebiet"}, "geometry": {"type": "Polygon", "coordinates": [[[10.975347, 52.5213229], [10.9757784, 52.5209531], [10.9762462, 52.5205521], [10.976782, 52.5200963], [10.9770343, 52.5198827], [10.9777307, 52.5192857], [10.978458, 52.5186656], [10.978812, 52.5183984], [10.9795617, 52.5178552], [10.979945, 52.5175756], [10.9799586, 52.5175366], [10.9798984, 52.5174671], [10.980045, 52.5173627], [10.9809021, 52.5167505], [10.9816841, 52.5161869], [10.9820121, 52.5159515], [10.9828248, 52.5153644], [10.9831325, 52.5151364], [10.9849913, 52.5138055], [10.9852796, 52.5135978], [10.98615, 52.5129694], [10.9865215, 52.5127019], [10.9883109, 52.5114165], [10.9885505, 52.5112402], [10.989457, 52.5105858], [10.9897515, 52.510371], [10.9903818, 52.5099214], [10.9915654, 52.5090667], [10.9918788, 52.5088424], [10.9927383, 52.5082262], [10.9930388, 52.5080115], [10.9948451, 52.50671], [10.9951286, 52.5065046], [10.995372, 52.506327], [10.9960374, 52.505849], [10.9963085, 52.5056558], [10.9971423, 52.5050512], [10.9981051, 52.5043611], [10.9992712, 52.5035204], [10.9996424, 52.5032486], [11.0008703, 52.5023711], [11.0014809, 52.5019235], [11.0017481, 52.5017354], [11.0025414, 52.5011606], [11.0027914, 52.5009788], [11.0033882, 52.5005496], [11.0041583, 52.4999984], [11.0047354, 52.4995795], [11.0050722, 52.49934], [11.00587, 52.4987575], [11.0062395, 52.4984843], [11.0073023, 52.4977262], [11.0085715, 52.4968116], [10.975347, 52.5213229]]]}}, {"type": "Feature", "properties": {"name": "Ohre-Drömling", "stufe": "streng", "art": "Naturschutzgebiet"}, "geometry": {"type": "Polygon", "coordinates": [[[11.0085715, 52.4968116], [11.0089744, 52.4965205], [11.0081243, 52.4961455], [11.0073348, 52.4957951], [11.0071406, 52.4957407], [11.0070081, 52.495736], [11.0047526, 52.4959538], [11.0038536, 52.4960404], [11.0029642, 52.4961349], [10.9999979, 52.4964021], [10.999479, 52.4964481], [10.9987841, 52.4965211], [10.9967334, 52.496734], [10.9944483, 52.4969506], [10.9943279, 52.4969496], [10.9939983, 52.4969443], [10.989292, 52.4968318], [10.9874253, 52.4967945], [10.9857207, 52.4967513], [10.9824484, 52.4969846], [10.9817943, 52.4970312], [10.9816629, 52.4970986], [10.9811705, 52.4974278], [10.9795882, 52.4984772], [10.9782573, 52.4993625], [10.9779931, 52.4996512], [11.0085715, 52.4968116]]]}}, {"type": "Feature", "properties": {"name": "Ohre-Drömling", "stufe": "streng", "art": "Naturschutzgebiet"}, "geometry": {"type": "Polygon", "coordinates": [[[10.9776972, 52.4997362], [10.9773362, 52.4999762], [10.9767966, 52.5003334], [10.9763044, 52.5006595], [10.9758496, 52.5009651], [10.9753905, 52.5012619], [10.9753174, 52.501293], [10.9752246, 52.5013059], [10.9751104, 52.5012955], [10.9750059, 52.5012715], [10.9746521, 52.5011651], [10.9744901, 52.5011178], [10.9724345, 52.5005166], [10.9706634, 52.4999931], [10.9673772, 52.4990278], [10.9665089, 52.4987747], [10.9655678, 52.4984957], [10.9653908, 52.4984455], [10.9640114, 52.4980443], [10.9609919, 52.4971533], [10.9599183, 52.4968392], [10.9594871, 52.4967135], [10.9591467, 52.4975076], [10.9776972, 52.4997362]]]}}, {"type": "Feature", "properties": {"name": "Ohre-Drömling", "stufe": "streng", "art": "Naturschutzgebiet"}, "geometry": {"type": "Polygon", "coordinates": [[[10.9591467, 52.4975076], [10.955947, 52.4966557], [10.950566, 52.4952235], [10.9496567, 52.4958871], [10.9591467, 52.4975076]]]}}, {"type": "Feature", "properties": {"name": "Ohre-Drömling", "stufe": "streng", "art": "Naturschutzgebiet"}, "geometry": {"type": "Polygon", "coordinates": [[[10.9496567, 52.4958871], [10.9486004, 52.4952599], [10.9468377, 52.4941812], [10.9456561, 52.4934838], [10.9434177, 52.4923368], [10.9442554, 52.4866699], [10.9439879, 52.4863925], [10.9496567, 52.4958871]]]}}, {"type": "Feature", "properties": {"name": "Ohre-Drömling", "stufe": "streng", "art": "Naturschutzgebiet"}, "geometry": {"type": "Polygon", "coordinates": [[[10.9432595, 52.4856395], [10.9415745, 52.4838751], [10.9428461, 52.480638], [10.9433427, 52.4793748], [10.9425547, 52.4780758], [10.9418374, 52.4768498], [10.9415554, 52.4763694], [10.9402157, 52.4762102], [10.9391984, 52.4760863], [10.9432595, 52.4856395]]]}}, {"type": "Feature", "properties": {"name": "Ohre-Drömling", "stufe": "streng", "art": "Naturschutzgebiet"}, "geometry": {"type": "Polygon", "coordinates": [[[10.9391984, 52.4760863], [10.9380631, 52.4762778], [10.9374167, 52.4763857], [10.9365479, 52.4765295], [10.9363654, 52.4765609], [10.935708, 52.4765987], [10.9348593, 52.4766477], [10.9345249, 52.476451], [10.9345435, 52.4758739], [10.9345647, 52.4752009], [10.9345978, 52.4740908], [10.9346389, 52.4729719], [10.9346574, 52.472294], [10.9346719, 52.4719461], [10.9391984, 52.4760863]]]}}, {"type": "Feature", "properties": {"name": "Ohre-Drömling", "stufe": "streng", "art": "Naturschutzgebiet"}, "geometry": {"type": "Polygon", "coordinates": [[[10.9346719, 52.4719461], [10.9346942, 52.4711694], [10.9347376, 52.4698876], [10.9347804, 52.4685805], [10.9348015, 52.4679106], [10.9348083, 52.4676445], [10.9348285, 52.467128], [10.9347642, 52.4670203], [10.9346987, 52.4669814], [10.9345719, 52.466935], [10.9345269, 52.4668816], [10.9344866, 52.4668344], [10.9344961, 52.4667289], [10.934762, 52.4664929], [10.9348355, 52.4664051], [10.9348496, 52.4663956], [10.9349007, 52.4649336], [10.9349206, 52.4643388], [10.9348854, 52.4642371], [10.9346719, 52.4719461]]]}}, {"type": "Feature", "properties": {"name": "Ohre-Drömling", "stufe": "streng", "art": "Naturschutzgebiet"}, "geometry": {"type": "Polygon", "coordinates": [[[10.9343012, 52.4623258], [10.9339795, 52.4612934], [10.9336952, 52.4603439], [10.935436, 52.4595479], [10.9362428, 52.4591771], [10.9381027, 52.4583235], [10.9343012, 52.4623258]]]}}, {"type": "Feature", "properties": {"name": "Ohre-Drömling", "stufe": "streng", "art": "Naturschutzgebiet"}, "geometry": {"type": "Polygon", "coordinates": [[[10.9381027, 52.4583235], [10.9388148, 52.4579991], [10.9413808, 52.4568187], [10.9420823, 52.4564852], [10.9472627, 52.4541239], [10.9381027, 52.4583235]]]}}, {"type": "Feature", "properties": {"name": "Ohre-Drömling", "stufe": "streng", "art": "Naturschutzgebiet"}, "geometry": {"type": "Polygon", "coordinates": [[[11.1679257, 52.547806], [11.1687106, 52.5476351], [11.1696267, 52.5484802], [11.1716196, 52.5478929], [11.1724211, 52.5485391], [11.17332, 52.5484659], [11.1741002, 52.5483401], [11.1727359, 52.5467574], [11.1743363, 52.5463772], [11.177958, 52.5446727], [11.178033, 52.544532], [11.1788331, 52.544317], [11.1786351, 52.5439338], [11.1780131, 52.5425938], [11.1767276, 52.5401228], [11.1763282, 52.5394273], [11.1746978, 52.5399278], [11.1704505, 52.5406017], [11.170356, 52.5403078], [11.1658584, 52.5411116], [11.1648293, 52.5413412], [11.1641956, 52.5430796], [11.1653431, 52.5428714], [11.1652658, 52.5446027], [11.166051, 52.5444693], [11.1662484, 52.5447442], [11.1679157, 52.5478134], [11.1679257, 52.547806]]]}}, {"type": "Feature", "properties": {"name": "Ferchauer Forst", "stufe": "streng", "art": "Naturschutzgebiet"}, "geometry": {"type": "Polygon", "coordinates": [[[11.0768954, 52.7941732], [11.0766523, 52.7954333], [11.0776569, 52.7953148], [11.0779837, 52.7952403], [11.078529, 52.7948924], [11.0820943, 52.7946757], [11.0822969, 52.7946245], [11.0823605, 52.7945761], [11.0827605, 52.7919187], [11.0772094, 52.7915662], [11.0768954, 52.7941732]]]}}, {"type": "Feature", "properties": {"name": "Ferchauer Forst", "stufe": "streng", "art": "Naturschutzgebiet"}, "geometry": {"type": "Polygon", "coordinates": [[[11.1106213, 52.7946513], [11.1107081, 52.7941431], [11.1092786, 52.793542], [11.109375, 52.7934271], [11.1066881, 52.7918214], [11.1047967, 52.793396], [11.1095244, 52.7969576], [11.1102128, 52.7950554], [11.1105182, 52.7950745], [11.1106213, 52.7946513]]]}}, {"type": "Feature", "properties": {"name": "Ferchauer Forst", "stufe": "streng", "art": "Naturschutzgebiet"}, "geometry": {"type": "Polygon", "coordinates": [[[11.1199359, 52.8079885], [11.1214859, 52.8051176], [11.1206623, 52.8031884], [11.118335, 52.8027909], [11.1181465, 52.8030136], [11.1180771, 52.8031692], [11.118038, 52.8032953], [11.118059, 52.803423], [11.1180605, 52.803533], [11.1180021, 52.8036478], [11.1179057, 52.8037397], [11.1177878, 52.8038888], [11.1162844, 52.8091206], [11.1170506, 52.8092027], [11.1176438, 52.8092975], [11.1190093, 52.8095846], [11.1199359, 52.8079885]]]}}, {"type": "Feature", "properties": {"name": "Ohreaue", "stufe": "streng", "art": "Naturschutzgebiet"}, "geometry": {"type": "Polygon", "coordinates": [[[10.8581472, 52.6777381], [10.8580371, 52.677906], [10.8578339, 52.6780364], [10.8573851, 52.6781915], [10.8568942, 52.6783713], [10.8564105, 52.6785626], [10.8561821, 52.6787863], [10.8560635, 52.6788513], [10.8560791, 52.678968], [10.8560561, 52.6791163], [10.8559237, 52.67914], [10.8557636, 52.679072], [10.8557239, 52.6791447], [10.8557433, 52.6792592], [10.8559056, 52.6793843], [10.85594, 52.679499], [10.8558324, 52.6795755], [10.855662, 52.6796102], [10.8553478, 52.679664], [10.8552367, 52.6795988], [10.855288, 52.6795125], [10.8554355, 52.6793564], [10.8552237, 52.6792536], [10.8552197, 52.6793975], [10.8549034, 52.6793918], [10.8548559, 52.6794758], [10.8546718, 52.6797275], [10.8545093, 52.6798834], [10.8542762, 52.680002], [10.8535949, 52.68039], [10.8534203, 52.6804384], [10.8532238, 52.6804614], [10.8530893, 52.6805582], [10.8529883, 52.6806668], [10.853673, 52.680969], [10.8531679, 52.6813862], [10.8531356, 52.6814636], [10.8530463, 52.6815586], [10.8529049, 52.6816325], [10.852743, 52.6817633], [10.8525956, 52.6819148], [10.8524951, 52.6821445], [10.8523592, 52.6825589], [10.8522474, 52.6827862], [10.8520241, 52.6829575], [10.8517967, 52.6830076], [10.8512467, 52.6830085], [10.8510706, 52.6831071], [10.8506951, 52.6833338], [10.8500648, 52.6836492], [10.8500611, 52.6837794], [10.8499183, 52.6840384], [10.8496845, 52.6843169], [10.8494797, 52.6847694], [10.8492478, 52.685112], [10.849084, 52.6853136], [10.849236, 52.6853998], [10.849082, 52.6855169], [10.8490009, 52.6855892], [10.8488475, 52.6856857], [10.8485658, 52.6855227], [10.8484054, 52.6854661], [10.848283, 52.6855311], [10.848148, 52.6856439], [10.8480279, 52.6857637], [10.8481265, 52.6858744], [10.8483527, 52.6860003], [10.8485429, 52.6860709], [10.8486449, 52.6861931], [10.8486662, 52.6863762], [10.8485642, 52.6866539], [10.8484524, 52.687016], [10.84825, 52.6873817], [10.8479633, 52.6875294], [10.8477657, 52.6875912], [10.847484, 52.6876956], [10.8468695, 52.6881116], [10.8465049, 52.6883522], [10.8461167, 52.6886245], [10.8461024, 52.6888665], [10.8461169, 52.6890221], [10.8461744, 52.6892535], [10.8461516, 52.6895298], [10.8461807, 52.689834], [10.8460983, 52.6902193], [10.8460307, 52.6903465], [10.8458852, 52.6904318], [10.8456863, 52.690537], [10.8454284, 52.6905982], [10.8450674, 52.6905714], [10.8449936, 52.6906506], [10.8448501, 52.6906627], [10.8446969, 52.6906177], [10.8445075, 52.6905219], [10.8443383, 52.6905086], [10.8441228, 52.690536], [10.8440045, 52.6905873], [10.8438672, 52.6907823], [10.8435497, 52.691085], [10.8431102, 52.691439], [10.8427751, 52.6917004], [10.8424342, 52.6919001], [10.8422383, 52.6923001], [10.8421804, 52.6926149], [10.8419998, 52.693143], [10.8416749, 52.6937062], [10.8414733, 52.6939097], [10.8415263, 52.6940336], [10.8412208, 52.6941788], [10.8410998, 52.6941935], [10.8410031, 52.6942816], [10.8409551, 52.6943816], [10.8408735, 52.6944675], [10.8406989, 52.6945136], [10.8404243, 52.6946317], [10.8404033, 52.6947069], [10.8403511, 52.6948206], [10.8401686, 52.6948803], [10.8399698, 52.6948484], [10.8393149, 52.6948207], [10.8390656, 52.6948431], [10.8387057, 52.6950471], [10.8386035, 52.6951945], [10.8383446, 52.69529], [10.8383141, 52.6954382], [10.8379701, 52.6956104], [10.8377491, 52.6956971], [10.8374749, 52.695934], [10.8373699, 52.6960471], [10.8373396, 52.6961862], [10.8374006, 52.6962942], [10.8374379, 52.6965757], [10.8373775, 52.6968447], [10.8374258, 52.6971377], [10.8367996, 52.6974279], [10.8364595, 52.6977258], [10.8364989, 52.6979342], [10.8364912, 52.698606], [10.8363666, 52.6987463], [10.8362062, 52.6988222], [10.8359936, 52.698877], [10.8355602, 52.6988791], [10.8351515, 52.6989386], [10.8349451, 52.6990438], [10.8346763, 52.699219], [10.8343906, 52.6994604], [10.8338712, 52.6999689], [10.8338527, 52.7000921], [10.8338707, 52.7002522], [10.833828, 52.70043], [10.8335508, 52.7006372], [10.8335245, 52.700902], [10.8334339, 52.7011706], [10.8334222, 52.7014516], [10.8334756, 52.7016944], [10.8335882, 52.7018441], [10.8336877, 52.7020555], [10.8336664, 52.7022769], [10.8335458, 52.7025429], [10.8334307, 52.7028776], [10.8334144, 52.7033207], [10.8334874, 52.7034061], [10.8336352, 52.7035082], [10.8349405, 52.7046583], [10.8353546, 52.7050742], [10.8358797, 52.7055644], [10.8361176, 52.7059463], [10.8362714, 52.7062382], [10.8363259, 52.7064445], [10.8363519, 52.7067258], [10.8364619, 52.706967], [10.8364985, 52.7072713], [10.8360752, 52.7079085], [10.8358379, 52.7084084], [10.8353561, 52.7087083], [10.8347034, 52.709089], [10.83424, 52.7093962], [10.8338365, 52.7096476], [10.8337123, 52.7098322], [10.8335103, 52.710182], [10.833269, 52.7106223], [10.8332067, 52.7107809], [10.833172, 52.7109196], [10.8331629, 52.7110703], [10.8330356, 52.7112434], [10.8321465, 52.7110379], [10.8319054, 52.7114096], [10.8315035, 52.7120749], [10.8316651, 52.7122729], [10.8314413, 52.712421], [10.8314083, 52.7129712], [10.8313372, 52.7131502], [10.8311745, 52.7134117], [10.8310787, 52.7136885], [10.8310968, 52.7138261], [10.8309927, 52.7141163], [10.8308031, 52.7141966], [10.8307047, 52.7143269], [10.8305887, 52.7145003], [10.8305506, 52.7146321], [10.8305984, 52.7147155], [10.8307278, 52.7148236], [10.8308505, 52.7149156], [10.8309002, 52.715031], [10.8308485, 52.7151373], [10.8305412, 52.7152926], [10.8300969, 52.7159089], [10.8298858, 52.7161578], [10.8295566, 52.7164269], [10.8291541, 52.7167858], [10.8287904, 52.7169993], [10.8281918, 52.7171685], [10.827655, 52.7172499], [10.8269868, 52.7173215], [10.8262595, 52.7174328], [10.8256382, 52.7175398], [10.8248236, 52.7177863], [10.8243305, 52.7178939], [10.8239261, 52.7179075], [10.8235191, 52.7178364], [10.8230018, 52.7177194], [10.8225097, 52.7175595], [10.8218839, 52.7173004], [10.8205084, 52.716775], [10.8194978, 52.7164546], [10.8187015, 52.7162099], [10.8179558, 52.7160647], [10.8171824, 52.7159395], [10.8161423, 52.7157967], [10.8160284, 52.7157851], [10.8146389, 52.7156432], [10.813877, 52.7156416], [10.8132722, 52.715662], [10.8127117, 52.7156971], [10.8122074, 52.7156786], [10.8117643, 52.7157073], [10.8106278, 52.7157411], [10.809878, 52.7156602], [10.809322, 52.7155367], [10.8086966, 52.7153641], [10.8081192, 52.7152129], [10.8073948, 52.7150638], [10.8068953, 52.7149412], [10.8063917, 52.7147364], [10.8058063, 52.7144181], [10.8052627, 52.7141806], [10.8046041, 52.7139022], [10.8039261, 52.7137265], [10.8033415, 52.7136574], [10.8026661, 52.7135982], [10.8020366, 52.713702], [10.8013857, 52.7137758], [10.8006355, 52.7137954], [10.8003555, 52.7137382], [10.7996354, 52.7135777], [10.7990006, 52.7135397], [10.7983598, 52.7135519], [10.7978584, 52.7136533], [10.7973706, 52.7137915], [10.7969385, 52.7139466], [10.7969074, 52.7140581], [10.7967867, 52.7142412], [10.7963892, 52.7147352], [10.7963825, 52.7148928], [10.7963895, 52.7150849], [10.7964291, 52.7156615], [10.7964475, 52.7162058], [10.7965311, 52.7168129], [10.7961364, 52.7172406], [10.79587, 52.7175722], [10.7956876, 52.7178777], [10.7955335, 52.7182248], [10.7953445, 52.7185988], [10.7952306, 52.7188872], [10.7949198, 52.7195563], [10.7948727, 52.7197795], [10.796098, 52.7198387], [10.7980625, 52.7198782], [10.7981145, 52.7195385], [10.7981639, 52.7189931], [10.7984652, 52.7190826], [10.7988804, 52.7192404], [10.7990302, 52.7189046], [10.7992605, 52.718177], [10.7981699, 52.7179601], [10.7981432, 52.7175208], [10.7980502, 52.716781], [10.798784, 52.7168846], [10.7998191, 52.7170777], [10.8009713, 52.7144044], [10.802031, 52.7143716], [10.8031616, 52.7144406], [10.8037, 52.7145341], [10.8043019, 52.7147292], [10.8049356, 52.7149728], [10.8054583, 52.7152603], [10.8058919, 52.7155166], [10.8063148, 52.7156699], [10.8070777, 52.7158882], [10.8076338, 52.7160094], [10.8084306, 52.7161368], [10.8093094, 52.7162862], [10.8101062, 52.7164136], [10.8106509, 52.7164478], [10.8110337, 52.7164998], [10.8115898, 52.7164737], [10.8122717, 52.7164254], [10.8128917, 52.7164031], [10.8137222, 52.7163308], [10.8144599, 52.7162975], [10.8155377, 52.7163772], [10.8168934, 52.716541], [10.8178677, 52.716712], [10.8185998, 52.716834], [10.8193454, 52.7171072], [10.8198541, 52.7172424], [10.8205345, 52.7174707], [10.8218218, 52.7179575], [10.8229549, 52.7183303], [10.8233505, 52.7183884], [10.8239562, 52.7184682], [10.8246086, 52.7183172], [10.825642, 52.7180125], [10.8265523, 52.7177656], [10.8272537, 52.7175847], [10.8280809, 52.7174263], [10.8286655, 52.7172824], [10.829478, 52.717007], [10.8296267, 52.7168927], [10.8301593, 52.7164407], [10.8303618, 52.7163356], [10.8305012, 52.7162748], [10.8311242, 52.7151962], [10.8315839, 52.7142602], [10.8322364, 52.7130633], [10.8327576, 52.7122339], [10.8333587, 52.7126523], [10.8340277, 52.713134], [10.8350797, 52.7130781], [10.836175, 52.7129911], [10.8371299, 52.7124756], [10.8386496, 52.711598], [10.8401047, 52.7107921], [10.8406472, 52.7104867], [10.8407957, 52.7104627], [10.8409722, 52.7104758], [10.8417535, 52.710656], [10.8421506, 52.7099426], [10.8435053, 52.7079066], [10.8441395, 52.7066921], [10.8446758, 52.7059679], [10.8450688, 52.7052786], [10.8465617, 52.7028452], [10.8474638, 52.7014519], [10.8497166, 52.6978453], [10.8486679, 52.6976145], [10.8478876, 52.6974895], [10.8471978, 52.6970958], [10.8461304, 52.6965929], [10.8435097, 52.6954561], [10.8440068, 52.6947942], [10.8442946, 52.6944774], [10.8448735, 52.6946597], [10.8468435, 52.6919938], [10.8471304, 52.6919741], [10.847574, 52.6920086], [10.8482963, 52.6921856], [10.8497508, 52.6919111], [10.8500771, 52.6915582], [10.8494922, 52.6913233], [10.8470643, 52.6903029], [10.8474671, 52.6896423], [10.8486006, 52.6880459], [10.8502806, 52.688055], [10.850846, 52.6880429], [10.8509718, 52.6874524], [10.8489267, 52.6874325], [10.8493475, 52.6863973], [10.8496642, 52.6857129], [10.8499139, 52.6851375], [10.8503114, 52.6847967], [10.8508982, 52.684426], [10.8515956, 52.684004], [10.852153, 52.683601], [10.8525717, 52.6831759], [10.8530047, 52.6826459], [10.853282, 52.6821576], [10.8535611, 52.6817401], [10.8544673, 52.6813912], [10.8550173, 52.6812531], [10.8561874, 52.6802215], [10.8572321, 52.6792227], [10.8579104, 52.678805], [10.8583815, 52.6785244], [10.8588811, 52.6781688], [10.8593067, 52.677762], [10.8596898, 52.6769846], [10.8602193, 52.67609], [10.862793, 52.6763165], [10.8637315, 52.6753394], [10.8644108, 52.6746063], [10.8659958, 52.6740817], [10.8668409, 52.6738942], [10.8678014, 52.6747089], [10.8676902, 52.6754641], [10.8682403, 52.6761395], [10.8684899, 52.6765123], [10.8686783, 52.6766446], [10.8688839, 52.6767017], [10.8706057, 52.6768206], [10.8725907, 52.6769515], [10.8730799, 52.6761455], [10.8738275, 52.6750251], [10.8747413, 52.6735332], [10.8748821, 52.6732281], [10.8770586, 52.6732235], [10.8800487, 52.6731312], [10.881489, 52.673096], [10.8829926, 52.6730955], [10.8839628, 52.6730706], [10.885706, 52.6729142], [10.8868772, 52.6727902], [10.88728, 52.6727542], [10.8885344, 52.672391], [10.8883603, 52.671814], [10.8879995, 52.6709548], [10.8877101, 52.6701029], [10.8890786, 52.6700831], [10.8898457, 52.6700612], [10.8903111, 52.6700988], [10.8924169, 52.67005], [10.8948795, 52.6700083], [10.8953462, 52.6699774], [10.8966683, 52.6687328], [10.8964854, 52.6677971], [10.8964362, 52.667381], [10.8963319, 52.6662449], [10.8962155, 52.6655555], [10.8959789, 52.6643004], [10.8959143, 52.6634931], [10.8958477, 52.6632546], [10.8956472, 52.6630738], [10.8953335, 52.6629006], [10.8944765, 52.6624461], [10.8938683, 52.6621936], [10.8935397, 52.6621161], [10.8933202, 52.6621475], [10.8929166, 52.6625786], [10.8927356, 52.6626904], [10.8908994, 52.6627576], [10.8910761, 52.6640005], [10.8913538, 52.6656719], [10.8914415, 52.666258], [10.8915735, 52.6668072], [10.8902059, 52.6670151], [10.8889509, 52.6671476], [10.888357, 52.6671088], [10.8868609, 52.666974], [10.8868118, 52.6668164], [10.8868147, 52.6662288], [10.8865559, 52.6646627], [10.8864917, 52.6643602], [10.8818061, 52.6646043], [10.8813541, 52.6646074], [10.8816, 52.6640669], [10.881853, 52.6632295], [10.8822702, 52.6619191], [10.881053, 52.6618458], [10.8808651, 52.6620398], [10.8807158, 52.6622092], [10.8805012, 52.662412], [10.8803185, 52.6625672], [10.8800823, 52.662644], [10.8798391, 52.6627047], [10.8795209, 52.6627553], [10.8793324, 52.662762], [10.8790639, 52.6627927], [10.8789172, 52.6623818], [10.8788601, 52.661787], [10.8787034, 52.6612366], [10.8785678, 52.6606248], [10.8785136, 52.6602585], [10.8785066, 52.6601419], [10.8791138, 52.6589917], [10.8794832, 52.658366], [10.880092, 52.6571701], [10.8802928, 52.6567273], [10.8805835, 52.6565004], [10.881012, 52.656008], [10.8815121, 52.6555143], [10.8818397, 52.6551029], [10.8821114, 52.6544713], [10.8823474, 52.6538896], [10.8826129, 52.6532214], [10.8827266, 52.652894], [10.8830828, 52.652524], [10.8833825, 52.6522561], [10.883647, 52.6521248], [10.8841145, 52.6519025], [10.8844887, 52.6516562], [10.88486, 52.6513847], [10.8852121, 52.6509187], [10.885525, 52.6507012], [10.8861149, 52.6503207], [10.8865638, 52.6500913], [10.8872525, 52.6499907], [10.8882551, 52.6497504], [10.8892427, 52.6490941], [10.8903522, 52.6484005], [10.8914319, 52.6477979], [10.8915853, 52.6477222], [10.8920934, 52.6480305], [10.8923671, 52.6478536], [10.8927514, 52.6476394], [10.8934573, 52.647274], [10.8938126, 52.6471302], [10.8941139, 52.6469194], [10.8943727, 52.6466349], [10.8946175, 52.6464234], [10.8947351, 52.6462947], [10.8955723, 52.6457346], [10.8959793, 52.6455161], [10.8967268, 52.6451421], [10.8976071, 52.6446373], [10.8982125, 52.6442386], [10.898611, 52.6440451], [10.8989399, 52.6437981], [10.8995108, 52.6434172], [10.8996741, 52.6428596], [10.8998526, 52.642092], [10.9000254, 52.6414797], [10.9001482, 52.6407937], [10.9003542, 52.6397865], [10.9006565, 52.6384083], [10.9013712, 52.6385182], [10.9015162, 52.6381546], [10.9002059, 52.6378632], [10.9009244, 52.6373517], [10.9017881, 52.6366777], [10.9026448, 52.6360903], [10.9031474, 52.63572], [10.9032211, 52.6355564], [10.9038796, 52.6329651], [10.9040266, 52.6324393], [10.9040609, 52.6322204], [10.9041106, 52.6319903], [10.9044836, 52.6314583], [10.9048635, 52.6308396], [10.9049947, 52.6306448], [10.9050356, 52.6300353], [10.9050399, 52.6295008], [10.905065, 52.6291219], [10.9051439, 52.6289173], [10.9054937, 52.6285038], [10.9057991, 52.628277], [10.9061666, 52.6281036], [10.9082266, 52.6274223], [10.9096213, 52.6270361], [10.9106865, 52.6266068], [10.9119058, 52.6260744], [10.9131554, 52.6254327], [10.9131953, 52.6261003], [10.9139157, 52.6261531], [10.914515, 52.6261221], [10.9149134, 52.6261318], [10.9152055, 52.6257518], [10.9194499, 52.6273011], [10.9218542, 52.6281341], [10.9223704, 52.6283213], [10.9220427, 52.6273872], [10.921915, 52.6269629], [10.9217406, 52.6266865], [10.9214441, 52.625931], [10.9212903, 52.6254995], [10.9202438, 52.6254128], [10.9174461, 52.6251686], [10.9158417, 52.6250107], [10.9164095, 52.6245977], [10.9151395, 52.6243546], [10.9147644, 52.6242277], [10.9150608, 52.6238654], [10.9152821, 52.62348], [10.9154621, 52.6230922], [10.9157551, 52.6226796], [10.915984, 52.6222919], [10.9161757, 52.6218585], [10.9163186, 52.6213951], [10.916356, 52.6209612], [10.916509, 52.6206464], [10.9166165, 52.6203908], [10.9167279, 52.6201033], [10.9169824, 52.6193342], [10.917096, 52.6187771], [10.9172117, 52.6184325], [10.917392, 52.6175375], [10.9175258, 52.617266], [10.918216, 52.6170489], [10.9192334, 52.6168191], [10.9201643, 52.6166005], [10.9211672, 52.6163089], [10.9225287, 52.6158631], [10.9238071, 52.6154582], [10.9246733, 52.6153238], [10.9251138, 52.6152749], [10.925591, 52.6148583], [10.9260305, 52.6144576], [10.9261603, 52.6142135], [10.9262335, 52.6140013], [10.9262542, 52.6137569], [10.9263608, 52.6135996], [10.9264438, 52.6135564], [10.9269644, 52.6138414], [10.9271711, 52.6138648], [10.9279211, 52.6131978], [10.9282095, 52.6128765], [10.9277071, 52.6126694], [10.9283206, 52.6121412], [10.9284337, 52.6121073], [10.9289513, 52.612294], [10.9303028, 52.6111695], [10.9295878, 52.6107355], [10.9276116, 52.6095139], [10.9273867, 52.6094104], [10.9264783, 52.610141], [10.9257025, 52.6107486], [10.9249798, 52.6112992], [10.9244953, 52.6116861], [10.9242115, 52.6118954], [10.9239766, 52.6121163], [10.923821, 52.6122871], [10.9237933, 52.6124584], [10.9237808, 52.6126114], [10.9236586, 52.6128441], [10.9234912, 52.613088], [10.9232141, 52.6134047], [10.9235278, 52.6136867], [10.9240926, 52.6140814], [10.9248934, 52.6146048], [10.9251912, 52.6148167], [10.9246237, 52.6149421], [10.9239124, 52.614981], [10.9233549, 52.6150844], [10.9229553, 52.6152019], [10.9226762, 52.6152947], [10.9221186, 52.6154118], [10.9217306, 52.6154745], [10.9213838, 52.6155648], [10.9211459, 52.6156897], [10.9205799, 52.6159027], [10.9201306, 52.6161206], [10.919738, 52.6162884], [10.9192971, 52.6163944], [10.9188411, 52.6164889], [10.9178842, 52.6166755], [10.917379, 52.6168178], [10.916847, 52.6170103], [10.9165031, 52.6176695], [10.9163418, 52.618087], [10.9162731, 52.6182056], [10.9161032, 52.6182782], [10.9159712, 52.618328], [10.9155157, 52.6183608], [10.9152947, 52.6187097], [10.9148604, 52.6189162], [10.9147071, 52.6192652], [10.9145258, 52.6198175], [10.9142764, 52.6204108], [10.9141142, 52.6209266], [10.9138795, 52.6215655], [10.9133063, 52.622642], [10.9131601, 52.6230414], [10.9131585, 52.6232356], [10.9134629, 52.62373], [10.9134056, 52.6238441], [10.9126155, 52.6243099], [10.9121666, 52.6245813], [10.9107964, 52.6253357], [10.9093215, 52.6261732], [10.9085652, 52.6265905], [10.9073749, 52.6266321], [10.9061324, 52.6266593], [10.9054686, 52.6268082], [10.905055, 52.6269056], [10.9046858, 52.6274377], [10.9042684, 52.6279508], [10.9035497, 52.6288873], [10.9035861, 52.6291299], [10.9037654, 52.6295801], [10.9039665, 52.6301539], [10.9038921, 52.630443], [10.9036584, 52.6309723], [10.903413, 52.6317207], [10.9031565, 52.6323616], [10.9031392, 52.6325259], [10.903149, 52.6326722], [10.9031347, 52.6328571], [10.9031201, 52.6329483], [10.90291, 52.6329319], [10.90279, 52.633024], [10.9028014, 52.6331246], [10.9027665, 52.6332567], [10.9023527, 52.6334614], [10.9023374, 52.6335709], [10.902421, 52.6336542], [10.9025611, 52.6338366], [10.9024658, 52.6340775], [10.9022213, 52.6340743], [10.902269, 52.6345227], [10.9018268, 52.6345763], [10.9019023, 52.6347783], [10.902346, 52.6353028], [10.9022616, 52.6354525], [10.9021367, 52.6355742], [10.9018394, 52.6355771], [10.9017522, 52.6356971], [10.9015244, 52.6358563], [10.9011014, 52.6354852], [10.900826, 52.6356095], [10.9007347, 52.6357386], [10.9006127, 52.6358855], [10.9007951, 52.6359404], [10.900977, 52.6360091], [10.9009846, 52.636112], [10.900825, 52.6362561], [10.9007586, 52.6364266], [10.9007108, 52.6366041], [10.900455, 52.6367036], [10.9000888, 52.6366348], [10.899662, 52.63678], [10.8998083, 52.6368962], [10.9002428, 52.6368493], [10.9002184, 52.6370021], [10.9000722, 52.6371943], [10.8995697, 52.6371466], [10.8994291, 52.637492], [10.8987227, 52.6373617], [10.898536, 52.6374232], [10.8983621, 52.6376539], [10.8984335, 52.6377577], [10.8985806, 52.6378533], [10.898695, 52.638017], [10.8986881, 52.6382088], [10.8985247, 52.6383552], [10.89849, 52.6384804], [10.89846, 52.6386833], [10.8982335, 52.638806], [10.8982146, 52.6389131], [10.8982029, 52.6392328], [10.8978831, 52.639336], [10.8980586, 52.6394754], [10.8978895, 52.6395737], [10.8979638, 52.6397026], [10.8977016, 52.6397723], [10.8977022, 52.6398591], [10.8975972, 52.6399514], [10.897647, 52.640032], [10.8977476, 52.6401635], [10.8974199, 52.6401707], [10.897567, 52.6407803], [10.8977368, 52.6407688], [10.8978331, 52.6406056], [10.8980789, 52.6407779], [10.898075, 52.6408852], [10.8981513, 52.6409616], [10.8982427, 52.6410336], [10.8982979, 52.6411715], [10.8982448, 52.6412873], [10.8980498, 52.6413715], [10.8978308, 52.6414943], [10.8976384, 52.6416106], [10.8975214, 52.6417233], [10.8973232, 52.6417915], [10.8971159, 52.641903], [10.8969994, 52.6421048], [10.8970269, 52.6422788], [10.8971238, 52.642408], [10.8971577, 52.6426141], [10.8970655, 52.6428733], [10.8970003, 52.6430095], [10.8970963, 52.6430588], [10.8970063, 52.6431535], [10.896803, 52.6432605], [10.8966256, 52.643377], [10.8965308, 52.6434991], [10.8963934, 52.6434493], [10.8964433, 52.6433175], [10.8962432, 52.6433354], [10.8960113, 52.6434009], [10.8959195, 52.6435436], [10.895913, 52.6437217], [10.8960841, 52.6437765], [10.8960982, 52.6439069], [10.8960394, 52.6441758], [10.8958354, 52.6440954], [10.8951799, 52.6442147], [10.8951324, 52.6441752], [10.8947569, 52.6442548], [10.8947568, 52.6443622], [10.8948132, 52.6444658], [10.8949425, 52.6446342], [10.8946466, 52.6448017], [10.8944135, 52.6447941], [10.8940368, 52.6448051], [10.893936, 52.644886], [10.8940182, 52.6450036], [10.8942002, 52.64507], [10.8938439, 52.6451384], [10.8938295, 52.645225], [10.8940202, 52.6452595], [10.894078, 52.6455321], [10.8940379, 52.6457007], [10.8938447, 52.6458375], [10.8933323, 52.6455452], [10.8931739, 52.6457578], [10.8929758, 52.6459266], [10.8927114, 52.6460556], [10.8926219, 52.6462395], [10.8924879, 52.6462994], [10.8923724, 52.6462682], [10.8921053, 52.6461618], [10.8918211, 52.646318], [10.891901, 52.6463967], [10.89189, 52.6464925], [10.8916847, 52.646547], [10.8915271, 52.6467391], [10.8910722, 52.6471374], [10.8901281, 52.6478378], [10.88922, 52.6481731], [10.8887686, 52.6483727], [10.8882577, 52.6486515], [10.8879126, 52.6488252], [10.8873626, 52.6490418], [10.8867971, 52.6492719], [10.8862668, 52.6495687], [10.8856152, 52.6499896], [10.8853776, 52.650103], [10.8850797, 52.6502201], [10.8845233, 52.6505075], [10.884364, 52.6506447], [10.8840842, 52.6509837], [10.8841895, 52.6510902], [10.8842013, 52.6511795], [10.8842723, 52.6512946], [10.8842118, 52.6514058], [10.8837238, 52.6512645], [10.8835375, 52.6513169], [10.8834503, 52.6514345], [10.8835941, 52.6515164], [10.8834797, 52.651556], [10.8833323, 52.6515723], [10.8832352, 52.6516533], [10.8833803, 52.6517009], [10.8833454, 52.6518307], [10.8832507, 52.6520533], [10.8829864, 52.6520749], [10.8828096, 52.6522736], [10.8826837, 52.6523199], [10.8825322, 52.6523453], [10.8824579, 52.6524197], [10.8823866, 52.6524142], [10.882314, 52.652443], [10.8822095, 52.652421], [10.8820502, 52.6524532], [10.8819099, 52.6525815], [10.8817235, 52.6528395], [10.8816766, 52.6529897], [10.8817291, 52.6530955], [10.8819414, 52.6532605], [10.8819925, 52.6534074], [10.8820062, 52.6536475], [10.8819253, 52.6537995], [10.8818801, 52.6539017], [10.8819285, 52.6540211], [10.8820078, 52.6541158], [10.8820497, 52.6542055], [10.8819639, 52.6542866], [10.8818143, 52.65436], [10.8815937, 52.6544211], [10.8813723, 52.6545049], [10.881182, 52.6546646], [10.8811095, 52.6547916], [10.8812637, 52.6550015], [10.8811975, 52.6551629], [10.8810678, 52.6553119], [10.8809092, 52.6554263], [10.8806969, 52.6554669], [10.8804151, 52.6554518], [10.8802628, 52.6554977], [10.8799919, 52.6555969], [10.8797501, 52.6556211], [10.879472, 52.655606], [10.8792982, 52.6556243], [10.8791826, 52.6556958], [10.8791123, 52.6557634], [10.8789952, 52.6559789], [10.8789793, 52.6561044], [10.8791653, 52.6561028], [10.8792679, 52.6561379], [10.8794192, 52.6561193], [10.8795723, 52.6561534], [10.8797571, 52.6562472], [10.8798327, 52.6563419], [10.8798015, 52.6564717], [10.8797408, 52.6565874], [10.8796067, 52.6566496], [10.8793831, 52.65669], [10.8793457, 52.6569888], [10.8789426, 52.6571], [10.8790068, 52.6571968], [10.8791766, 52.6573887], [10.8790743, 52.6575084], [10.8789227, 52.6576389], [10.8789119, 52.6577278], [10.8788103, 52.6578293], [10.8787068, 52.657981], [10.8787666, 52.6580937], [10.8787966, 52.6581992], [10.8787593, 52.6582924], [10.8785084, 52.6584604], [10.8783517, 52.6585246], [10.8781054, 52.6586675], [10.8780252, 52.6586984], [10.877965, 52.6589033], [10.8778665, 52.6590208], [10.8780163, 52.659041], [10.878144, 52.6589491], [10.8784029, 52.6590759], [10.8778705, 52.6592196], [10.8781499, 52.6592987], [10.8779611, 52.6597211], [10.8775759, 52.6597548], [10.8775163, 52.6600419], [10.8775167, 52.6602361], [10.8775842, 52.6605477], [10.8775992, 52.6611625], [10.8777222, 52.6617056], [10.8779066, 52.6622175], [10.877816, 52.6626321], [10.8779799, 52.6630889], [10.8780651, 52.6634328], [10.8778771, 52.663629], [10.8773623, 52.6641111], [10.876726, 52.6647218], [10.8761853, 52.6652926], [10.8757969, 52.6656118], [10.8754558, 52.6658746], [10.8752683, 52.6658538], [10.8749898, 52.6658501], [10.8744234, 52.66579], [10.8742409, 52.6658378], [10.8739939, 52.6660013], [10.8735563, 52.6662419], [10.8731181, 52.6665163], [10.8719564, 52.6675436], [10.8715671, 52.6680102], [10.8713197, 52.6682429], [10.8710693, 52.668174], [10.8709133, 52.6682317], [10.8711168, 52.6683619], [10.8707425, 52.6684173], [10.8707112, 52.6684604], [10.8707043, 52.6685723], [10.8709173, 52.668634], [10.8708604, 52.6687865], [10.8708414, 52.6689279], [10.8709142, 52.6690201], [10.8707235, 52.6691095], [10.8707717, 52.6692723], [10.8706706, 52.6692529], [10.8703444, 52.6693385], [10.8703574, 52.6695489], [10.8702832, 52.6695093], [10.8701445, 52.6694872], [10.870035, 52.6694975], [10.8699693, 52.6695585], [10.86996, 52.6696224], [10.869931, 52.669718], [10.8697822, 52.6697873], [10.8696803, 52.6697953], [10.8695647, 52.6697552], [10.8693774, 52.669719], [10.8693524, 52.6698055], [10.8693745, 52.6699612], [10.8691761, 52.670055], [10.8687952, 52.6700738], [10.8686376, 52.6697819], [10.868561, 52.6698268], [10.8685493, 52.6699775], [10.8682669, 52.6699767], [10.8682203, 52.6700288], [10.8684849, 52.6701276], [10.8683903, 52.670282], [10.8681455, 52.6702816], [10.8678081, 52.6702278], [10.8676222, 52.6702783], [10.8675543, 52.670417], [10.8674549, 52.6704708], [10.867164, 52.6705065], [10.8670826, 52.6705902], [10.8672261, 52.6707106], [10.8671713, 52.6707877], [10.8669619, 52.6707329], [10.8670409, 52.6708731], [10.8669214, 52.6708353], [10.8668075, 52.6708683], [10.8667383, 52.6709224], [10.8668715, 52.6710084], [10.8668056, 52.671074], [10.8667042, 52.6712031], [10.8664777, 52.6713584], [10.8663696, 52.6715903], [10.8666054, 52.6716431], [10.8666926, 52.6717583], [10.8665968, 52.671819], [10.866542, 52.6718961], [10.8663947, 52.6720453], [10.8661582, 52.6720199], [10.8659955, 52.6720456], [10.8660007, 52.6721302], [10.8656077, 52.6724505], [10.8655185, 52.6724084], [10.8650624, 52.6722893], [10.8647128, 52.6723998], [10.8642563, 52.6725663], [10.8641075, 52.6724984], [10.8639687, 52.6724809], [10.8638309, 52.6724246], [10.8637128, 52.6724736], [10.8637788, 52.6725383], [10.8639143, 52.6725397], [10.8639336, 52.672661], [10.8638289, 52.6727673], [10.8636901, 52.6727498], [10.8635896, 52.6727053], [10.8635729, 52.6727646], [10.8636419, 52.672859], [10.8635799, 52.67292], [10.8635444, 52.672842], [10.8633335, 52.6728443], [10.8631786, 52.6728609], [10.8630543, 52.672999], [10.8631467, 52.6730616], [10.8632453, 52.6731724], [10.8631576, 52.6732126], [10.8629958, 52.6732063], [10.8628658, 52.673278], [10.8629871, 52.6733844], [10.8627305, 52.6735393], [10.8625607, 52.6735512], [10.8624639, 52.6736462], [10.8623057, 52.6737839], [10.8622082, 52.6737668], [10.8622169, 52.6735909], [10.8621587, 52.6735149], [10.8619963, 52.6735337], [10.8619642, 52.6736042], [10.8620243, 52.6737466], [10.8619696, 52.6739539], [10.8616376, 52.6738361], [10.8615187, 52.6739148], [10.861403, 52.6740118], [10.8610994, 52.6742302], [10.8610344, 52.6741312], [10.8609628, 52.6739956], [10.8608008, 52.6738614], [10.8607203, 52.6739153], [10.8606314, 52.6739966], [10.860505, 52.674073], [10.8601331, 52.6741741], [10.8601193, 52.6742631], [10.8601419, 52.6743981], [10.8601189, 52.6745487], [10.8600722, 52.6747402], [10.8598213, 52.6749591], [10.8595473, 52.6750613], [10.8591695, 52.6751029], [10.8590925, 52.6751638], [10.8590342, 52.6755014], [10.8590195, 52.6760291], [10.8589446, 52.6762865], [10.8588039, 52.6764701], [10.8588997, 52.6765465], [10.8589748, 52.6766913], [10.858978, 52.6768467], [10.8588592, 52.6769208], [10.8587319, 52.6768943], [10.8586247, 52.67682], [10.8582991, 52.6767457], [10.8581809, 52.6767993], [10.858224, 52.6771448], [10.8582491, 52.6774604], [10.8581472, 52.6777381]]]}}, {"type": "Feature", "properties": {"name": "Ohreaue", "stufe": "streng", "art": "Naturschutzgebiet"}, "geometry": {"type": "Polygon", "coordinates": [[[10.9494645, 52.5828918], [10.9495338, 52.582561], [10.9495227, 52.5824192], [10.9493386, 52.5822868], [10.9491244, 52.5821565], [10.9488325, 52.5819818], [10.9484885, 52.5817929], [10.9487446, 52.5814962], [10.9492384, 52.5810261], [10.9497871, 52.580472], [10.950094, 52.580105], [10.9498194, 52.5801203], [10.9477342, 52.5802827], [10.9459419, 52.5804506], [10.9455042, 52.5803887], [10.9450127, 52.580237], [10.9446986, 52.5800506], [10.944724, 52.579948], [10.9448518, 52.5792728], [10.9451103, 52.578352], [10.9439974, 52.5782621], [10.9422805, 52.5781495], [10.9421186, 52.5774939], [10.9419634, 52.5771333], [10.9417833, 52.5768616], [10.9413928, 52.5763224], [10.9420172, 52.5761509], [10.9428569, 52.5759338], [10.9431688, 52.575928], [10.9441885, 52.5759895], [10.9456382, 52.5762523], [10.946134, 52.5740927], [10.9454914, 52.573976], [10.9456151, 52.5735773], [10.9422803, 52.5730492], [10.9422718, 52.572281], [10.9422671, 52.5709687], [10.9419218, 52.5710998], [10.9415519, 52.5713015], [10.9415751, 52.572486], [10.9415159, 52.5725905], [10.9413727, 52.5727421], [10.9411551, 52.5730026], [10.9411495, 52.5732037], [10.9410757, 52.5734269], [10.9409315, 52.5736128], [10.9407121, 52.573807], [10.9402336, 52.5742658], [10.9402282, 52.5744578], [10.9401624, 52.5746628], [10.9401495, 52.5749896], [10.9401014, 52.5750965], [10.9400264, 52.5752283], [10.9400188, 52.5753654], [10.9399877, 52.5755365], [10.9398838, 52.5757617], [10.9400019, 52.5758339], [10.940166, 52.5760094], [10.940412, 52.5762087], [10.9406724, 52.5764333], [10.9410351, 52.57689], [10.9411565, 52.5771153], [10.9412626, 52.577352], [10.9414407, 52.5776968], [10.9415269, 52.5781047], [10.9415544, 52.5786011], [10.9416255, 52.5790134], [10.941705, 52.5793914], [10.9417122, 52.5796727], [10.9419637, 52.5798126], [10.9436862, 52.5812032], [10.9444279, 52.5818126], [10.9446705, 52.5818655], [10.9460636, 52.5821459], [10.9475123, 52.5824567], [10.9470683, 52.5828907], [10.9458599, 52.5839274], [10.9449784, 52.5846748], [10.9444926, 52.5851487], [10.9439917, 52.5856271], [10.9431973, 52.5861284], [10.9422604, 52.5868251], [10.9411985, 52.5875712], [10.940152, 52.5882967], [10.9394865, 52.5887327], [10.9396865, 52.5894883], [10.9404972, 52.5897298], [10.9414915, 52.5899909], [10.9419303, 52.5902319], [10.9427767, 52.5905742], [10.9435296, 52.5908975], [10.9448204, 52.5913825], [10.9456528, 52.5916698], [10.9462889, 52.5918071], [10.9468765, 52.5919235], [10.9474987, 52.5920012], [10.9483487, 52.5921516], [10.9488906, 52.5923064], [10.9495603, 52.5924577], [10.9510435, 52.5924939], [10.9511832, 52.5928674], [10.9522853, 52.5927888], [10.9525133, 52.5928545], [10.9527219, 52.592952], [10.9529115, 52.5930608], [10.9532148, 52.5931134], [10.9535674, 52.5931457], [10.953765, 52.5932294], [10.9540443, 52.5933595], [10.9543017, 52.5934596], [10.954465, 52.5935705], [10.9546489, 52.5937844], [10.9547699, 52.5939475], [10.9548859, 52.5941792], [10.9549749, 52.5944495], [10.9549562, 52.5946481], [10.95493, 52.5948467], [10.954991, 52.5950071], [10.9550581, 52.5952407], [10.9560809, 52.5953946], [10.9575615, 52.5955815], [10.9579874, 52.5965421], [10.9584951, 52.5977523], [10.9585272, 52.5978462], [10.9585322, 52.5979834], [10.9584544, 52.5981268], [10.9583218, 52.5981875], [10.9581962, 52.5982757], [10.9580807, 52.5984279], [10.9583498, 52.5985099], [10.9591373, 52.598799], [10.9600654, 52.5992104], [10.9600035, 52.5993036], [10.9598095, 52.5994347], [10.9595735, 52.599602], [10.9592167, 52.5998028], [10.9595076, 52.5999237], [10.9606877, 52.6003186], [10.9618936, 52.600748], [10.9625419, 52.6010498], [10.9633801, 52.6014513], [10.9646734, 52.602032], [10.9650592, 52.6020989], [10.9650596, 52.6018704], [10.9648752, 52.6010578], [10.9647126, 52.6004877], [10.9645567, 52.6001758], [10.9647208, 52.5998273], [10.9650287, 52.599007], [10.9636939, 52.5992691], [10.96245, 52.5978272], [10.9616347, 52.596793], [10.9611191, 52.5962202], [10.9606458, 52.5958008], [10.959998, 52.5952682], [10.9606818, 52.5948551], [10.9592738, 52.5935696], [10.9583511, 52.5926625], [10.9580001, 52.59234], [10.9595894, 52.5919153], [10.9614991, 52.5914313], [10.9621095, 52.5913307], [10.9627074, 52.5912962], [10.9632555, 52.5913208], [10.963924, 52.5913258], [10.9646349, 52.5912784], [10.9653206, 52.5911715], [10.9653365, 52.5909111], [10.9652667, 52.5902023], [10.9652823, 52.5897522], [10.9652741, 52.5891649], [10.965179, 52.5890248], [10.9650161, 52.5888957], [10.9647879, 52.5888391], [10.9645966, 52.5888263], [10.9640658, 52.5888887], [10.9634925, 52.5890193], [10.963071, 52.5890596], [10.9629739, 52.5890292], [10.9628256, 52.5889207], [10.9623408, 52.5887274], [10.9620429, 52.5885813], [10.9616781, 52.588606], [10.961444, 52.5886706], [10.9611374, 52.5887985], [10.9609035, 52.5888517], [10.9607364, 52.5887453], [10.9602652, 52.5884265], [10.9589654, 52.5890498], [10.9580024, 52.589534], [10.9576294, 52.5898032], [10.9571311, 52.5901399], [10.9566702, 52.5904907], [10.9540775, 52.590524], [10.9532108, 52.5904627], [10.9529368, 52.5902481], [10.952124, 52.5892984], [10.9522217, 52.5886821], [10.9522219, 52.588264], [10.9523245, 52.5877895], [10.952364, 52.5874813], [10.952353, 52.5872618], [10.9523497, 52.587031], [10.952375, 52.586677], [10.9511031, 52.5865967], [10.950486, 52.5864481], [10.9503817, 52.5866096], [10.9485509, 52.5862806], [10.9479223, 52.5861456], [10.9480015, 52.5859268], [10.9485815, 52.5846218], [10.9494645, 52.5828918]]]}}, {"type": "Feature", "properties": {"name": "Naturdenkmal Bornumer Erdfall und Teich", "stufe": "mild", "art": "nature_monument"}, "geometry": {"type": "Polygon", "coordinates": [[[10.7738692, 52.2545553], [10.7737009, 52.2539595], [10.7737468, 52.2539269], [10.7737901, 52.2538746], [10.7739296, 52.2538025], [10.7740865, 52.2537636], [10.7742193, 52.2537631], [10.7743601, 52.2537636], [10.7744781, 52.25377], [10.774535, 52.2537731], [10.774724, 52.2544587], [10.7738692, 52.2545553]]]}}, {"type": "Feature", "properties": {"name": "Naturdenkmal Bornumer Erdfall und Teich", "stufe": "mild", "art": "nature_monument"}, "geometry": {"type": "Polygon", "coordinates": [[[10.7720678, 52.2548735], [10.7732426, 52.2547385], [10.7731406, 52.2547648], [10.7730679, 52.2547989], [10.7729958, 52.2548502], [10.7729455, 52.2548978], [10.7729368, 52.254906], [10.7729285, 52.2549434], [10.7730076, 52.2555505], [10.7729475, 52.2555562], [10.7722345, 52.2556346], [10.7722287, 52.2555997], [10.7720678, 52.2548735]]]}}, {"type": "Feature", "properties": {"name": "Ostheide", "stufe": "mild", "art": "Landschaftsschutzgebiet"}, "geometry": {"type": "Polygon", "coordinates": [[[10.6777297, 52.5910211], [10.677731, 52.5914683], [10.6796417, 52.6054201], [10.6773618, 52.6055724], [10.6771646, 52.6056351], [10.6748714, 52.6026387], [10.6729308, 52.6038018], [10.6732428, 52.6045551], [10.6710599, 52.6042809], [10.6608171, 52.6045844], [10.660122, 52.6048935], [10.6568138, 52.5921236], [10.6777297, 52.5910211]]]}}, {"type": "Feature", "properties": {"name": "Ostheide", "stufe": "mild", "art": "Landschaftsschutzgebiet"}, "geometry": {"type": "Polygon", "coordinates": [[[10.6504548, 52.6213346], [10.6526562, 52.6201008], [10.656529, 52.6226566], [10.6635589, 52.6186391], [10.6677218, 52.6212577], [10.6689478, 52.6205861], [10.6727356, 52.6230579], [10.6704342, 52.6250156], [10.6686679, 52.6263081], [10.6672739, 52.6272006], [10.6653262, 52.628435], [10.6633212, 52.6296172], [10.6572087, 52.6272034], [10.6564318, 52.6279791], [10.6474709, 52.6230318], [10.6465412, 52.6235413], [10.6465817, 52.6232544], [10.6465108, 52.6230659], [10.6463319, 52.622779], [10.645791, 52.6224524], [10.645094, 52.622238], [10.6440068, 52.6222339], [10.6427578, 52.6224224], [10.6392331, 52.6231287], [10.6393284, 52.6251996], [10.6365294, 52.6252531], [10.6357547, 52.6211078], [10.6338229, 52.6205593], [10.6306686, 52.6195954], [10.6305905, 52.6195835], [10.6304839, 52.6195984], [10.6236589, 52.6206945], [10.6220047, 52.6235519], [10.620554, 52.622872], [10.6203599, 52.6227766], [10.6186143, 52.6239927], [10.6135392, 52.6237832], [10.6135258, 52.6240359], [10.6170598, 52.6278694], [10.6153409, 52.6289207], [10.6165965, 52.6295269], [10.6169075, 52.629807], [10.6170335, 52.6301684], [10.6168907, 52.6304794], [10.616473, 52.6312754], [10.6174478, 52.6312825], [10.6154979, 52.634288], [10.615408, 52.6345509], [10.6176372, 52.6345711], [10.621832, 52.6372805], [10.6258388, 52.6401342], [10.6322135, 52.6410238], [10.6304915, 52.6427813], [10.633543, 52.6427485], [10.6324898, 52.6438628], [10.6325033, 52.644043], [10.6387835, 52.6439652], [10.6382469, 52.6446103], [10.6411311, 52.6446331], [10.6413371, 52.6449058], [10.6437119, 52.6459663], [10.646906, 52.6420217], [10.6485637, 52.6431086], [10.6673455, 52.6553622], [10.6716483, 52.6583406], [10.6728056, 52.6592432], [10.674095, 52.6604799], [10.6799078, 52.665766], [10.6802886, 52.6661214], [10.6786615, 52.6685575], [10.6743303, 52.6761267], [10.6725335, 52.679335], [10.6713053, 52.6807199], [10.6705874, 52.6822818], [10.6749631, 52.6812982], [10.6759169, 52.6824573], [10.6760456, 52.6827174], [10.6724238, 52.6840692], [10.6731113, 52.684538], [10.6717841, 52.6872177], [10.6705047, 52.6881899], [10.6699796, 52.6892432], [10.6702643, 52.6901202], [10.66891, 52.6949846], [10.6679379, 52.6947595], [10.6653252, 52.6926646], [10.6613698, 52.6943575], [10.6612569, 52.6946192], [10.6618888, 52.6983846], [10.6626112, 52.6989574], [10.6628002, 52.6993542], [10.6630905, 52.7002052], [10.662942, 52.7048852], [10.6601697, 52.7067902], [10.65986, 52.7070885], [10.6587769, 52.7081156], [10.6537671, 52.7080846], [10.6513367, 52.7073728], [10.6484877, 52.7068451], [10.6455104, 52.7059575], [10.6450877, 52.7058161], [10.6435941, 52.7063913], [10.6422025, 52.7072344], [10.6414453, 52.7075955], [10.6403145, 52.7080082], [10.6383297, 52.7086259], [10.6374588, 52.7088836], [10.636698, 52.7088418], [10.6341308, 52.7086251], [10.6301067, 52.7082659], [10.629437, 52.7082538], [10.6288181, 52.7084274], [10.6283124, 52.7086702], [10.6276257, 52.7090408], [10.6256239, 52.7077424], [10.6217246, 52.7076783], [10.6227525, 52.7054713], [10.6228875, 52.7052304], [10.6227344, 52.7048118], [10.6224787, 52.7042113], [10.6181822, 52.700822], [10.6096588, 52.7016404], [10.6097469, 52.7026042], [10.6091478, 52.7026348], [10.6086888, 52.7029531], [10.608663, 52.7029397], [10.5850851, 52.6905193], [10.5886835, 52.687487], [10.5872589, 52.6844242], [10.5873189, 52.6840678], [10.587394, 52.6835483], [10.5885282, 52.6826152], [10.5892843, 52.6818621], [10.5883974, 52.6811342], [10.5827356, 52.6822059], [10.5798627, 52.6828907], [10.5836268, 52.6790952], [10.5816555, 52.678031], [10.5785904, 52.6771305], [10.5776587, 52.6768849], [10.5751114, 52.6742394], [10.5747569, 52.6739818], [10.5737198, 52.6744049], [10.5724794, 52.6729753], [10.5708131, 52.6734577], [10.56888, 52.6740174], [10.5675276, 52.6729304], [10.5665555, 52.6729058], [10.5650567, 52.6716122], [10.5645166, 52.671604], [10.5623295, 52.6684609], [10.5639152, 52.6680368], [10.5618549, 52.6658271], [10.5533366, 52.6653482], [10.5533906, 52.6609752], [10.5544832, 52.6584608], [10.5558211, 52.6586836], [10.5572769, 52.6589215], [10.5573528, 52.6590873], [10.5538676, 52.6611189], [10.5548221, 52.6614567], [10.5603967, 52.6635213], [10.5635044, 52.6599667], [10.5674919, 52.6606122], [10.5686667, 52.6578717], [10.5714465, 52.6582697], [10.5706221, 52.6602341], [10.5701805, 52.6602162], [10.5699088, 52.6608836], [10.5690547, 52.6608283], [10.568766, 52.6616774], [10.5685755, 52.6625195], [10.5679653, 52.6624937], [10.5678801, 52.6629671], [10.5682349, 52.6633113], [10.5678939, 52.6637507], [10.5695753, 52.6638724], [10.5695067, 52.6644027], [10.5712881, 52.6644674], [10.5710817, 52.6659572], [10.5705338, 52.6659002], [10.5682764, 52.66657], [10.5688784, 52.6673003], [10.5697815, 52.6676045], [10.5705341, 52.6672334], [10.5712716, 52.6672151], [10.5722103, 52.6684687], [10.574782, 52.6679827], [10.5759095, 52.6691585], [10.5754112, 52.669334], [10.5760428, 52.6696663], [10.5776985, 52.6695263], [10.5788524, 52.6680477], [10.5777687, 52.6677069], [10.5780597, 52.6673114], [10.5777085, 52.6666968], [10.5786617, 52.6655426], [10.5811724, 52.6621748], [10.5817968, 52.6614021], [10.5875126, 52.6602776], [10.5879384, 52.6601593], [10.5862678, 52.6567274], [10.5871011, 52.65657], [10.5864342, 52.6561654], [10.5867801, 52.6552201], [10.5875517, 52.6527274], [10.5851021, 52.6525411], [10.5866741, 52.6496638], [10.589032, 52.6498915], [10.589237, 52.6495095], [10.5889343, 52.6495158], [10.5884959, 52.6494271], [10.5880158, 52.6492752], [10.5868258, 52.6492435], [10.586135, 52.6492097], [10.5854582, 52.6495568], [10.5845027, 52.6500222], [10.5841511, 52.6507996], [10.5816617, 52.6503777], [10.5793258, 52.6507867], [10.5795888, 52.6499852], [10.5804488, 52.6467655], [10.5823033, 52.643423], [10.5831989, 52.6424593], [10.5869679, 52.6387654], [10.5806547, 52.6374274], [10.5816087, 52.6364841], [10.5815256, 52.6360671], [10.5789508, 52.6357848], [10.5784529, 52.6357648], [10.578348, 52.637665], [10.5756149, 52.6379245], [10.5746234, 52.6385189], [10.5746094, 52.6387289], [10.5750372, 52.6389632], [10.5727074, 52.6401236], [10.5689721, 52.6391833], [10.5620927, 52.6433012], [10.5650182, 52.645413], [10.5668143, 52.6466741], [10.5700987, 52.6502134], [10.5702893, 52.6504162], [10.5706811, 52.6508331], [10.5731974, 52.652573], [10.5675109, 52.6529064], [10.5643192, 52.6549994], [10.5636509, 52.6527545], [10.5630133, 52.6526139], [10.559765, 52.6518973], [10.5575118, 52.6509473], [10.5588389, 52.6496441], [10.5596931, 52.6488607], [10.5598972, 52.6486377], [10.5616711, 52.6470515], [10.5608925, 52.6448687], [10.5602462, 52.6438863], [10.558361, 52.641509], [10.5521515, 52.6337055], [10.5509837, 52.6322039], [10.5615291, 52.6312041], [10.5625823, 52.6312369], [10.5652069, 52.6316909], [10.5721499, 52.6309087], [10.5829747, 52.6299202], [10.5883892, 52.6305021], [10.5924172, 52.6325751], [10.5924798, 52.6333006], [10.5950729, 52.6335998], [10.5964366, 52.6303955], [10.5993126, 52.6318625], [10.6010949, 52.6260108], [10.6024317, 52.6233716], [10.604322, 52.6201584], [10.6049836, 52.6202813], [10.6065017, 52.6209494], [10.6086816, 52.6169058], [10.6087727, 52.6168171], [10.610097, 52.6155289], [10.6103426, 52.6152687], [10.6090193, 52.6141223], [10.6083023, 52.6133368], [10.607908, 52.612784], [10.6074032, 52.6116587], [10.6072606, 52.6113669], [10.6070724, 52.6105312], [10.607029, 52.6102512], [10.607005, 52.6095672], [10.6079345, 52.6095442], [10.6080027, 52.6092834], [10.6086934, 52.6082867], [10.6079458, 52.6082712], [10.6080887, 52.6073759], [10.6091173, 52.6073787], [10.6089612, 52.6065914], [10.6080123, 52.6065598], [10.6080903, 52.6057546], [10.6076242, 52.6057377], [10.607709, 52.6032572], [10.6079462, 52.6010708], [10.6089867, 52.5923593], [10.6095596, 52.5867234], [10.6094144, 52.5866004], [10.5855253, 52.5859579], [10.5854091, 52.5825347], [10.5909289, 52.5826685], [10.5936177, 52.5826799], [10.5954246, 52.5826987], [10.5955489, 52.5798534], [10.5984321, 52.5764717], [10.6003341, 52.5744945], [10.6035317, 52.5749795], [10.6035592, 52.5741941], [10.6036656, 52.5736667], [10.6042769, 52.5726964], [10.6017153, 52.5709263], [10.5996733, 52.5709605], [10.5985664, 52.570089], [10.5996242, 52.5685479], [10.5967503, 52.5671976], [10.5963745, 52.56753], [10.5961755, 52.5674648], [10.5959905, 52.5676452], [10.5931827, 52.5665856], [10.5914544, 52.5683912], [10.589159, 52.5678331], [10.5878087, 52.5696386], [10.5856348, 52.570886], [10.5852163, 52.5713948], [10.5848247, 52.5721252], [10.5800111, 52.5823142], [10.5780678, 52.5822679], [10.5764012, 52.5858225], [10.5735847, 52.5826319], [10.5720963, 52.5818969], [10.5717553, 52.5814169], [10.5626839, 52.585669], [10.5523842, 52.5824583], [10.5507786, 52.5851732], [10.5487228, 52.5847235], [10.5478823, 52.5849487], [10.54406, 52.5817897], [10.5453022, 52.5811743], [10.5465646, 52.5740727], [10.5404211, 52.5741178], [10.532909, 52.5740693], [10.5316263, 52.5639257], [10.5320719, 52.5634742], [10.5301815, 52.5587052], [10.5320314, 52.5588612], [10.5345428, 52.5546827], [10.5373513, 52.5551999], [10.5388366, 52.5522937], [10.5337192, 52.5513003], [10.5358255, 52.5476056], [10.530303, 52.5465217], [10.53831, 52.5323554], [10.5433599, 52.5290862], [10.5401621, 52.5252355], [10.5462224, 52.5227032], [10.5467625, 52.5225225], [10.5467355, 52.522046], [10.5468435, 52.5216927], [10.5471135, 52.5214134], [10.5473026, 52.5211258], [10.5473431, 52.5208629], [10.5472558, 52.5205084], [10.5470881, 52.5203464], [10.5466533, 52.5196337], [10.5466186, 52.5193347], [10.5468078, 52.5189143], [10.5472018, 52.5182407], [10.5478229, 52.5183023], [10.5490449, 52.5186022], [10.5494162, 52.5186269], [10.5497605, 52.518479], [10.54999, 52.5183763], [10.5502331, 52.5183845], [10.5503681, 52.5184215], [10.5512255, 52.5195841], [10.5512863, 52.5198922], [10.551509, 52.5201838], [10.5517521, 52.5203728], [10.5522044, 52.5204098], [10.552866, 52.5202249], [10.5533994, 52.5199784], [10.5541376, 52.5196957], [10.5516998, 52.5171026], [10.5532068, 52.5166133], [10.5532519, 52.5165358], [10.5557328, 52.5116244], [10.5541095, 52.5104785], [10.5536558, 52.5103544], [10.5480563, 52.5089925], [10.55038, 52.5042486], [10.5537709, 52.5001652], [10.5561504, 52.5003453], [10.5560628, 52.4998776], [10.5549041, 52.4996294], [10.5526832, 52.4980419], [10.5542902, 52.4976216], [10.5546109, 52.4950598], [10.5560151, 52.494583], [10.5565297, 52.4946713], [10.5570548, 52.4947701], [10.5596518, 52.4956682], [10.5613035, 52.4960344], [10.5624397, 52.4962087], [10.5690435, 52.4966434], [10.5718318, 52.5007123], [10.5754504, 52.5057548], [10.5790225, 52.5115762], [10.5797436, 52.5135341], [10.5800757, 52.5144358], [10.5824656, 52.5195055], [10.5838159, 52.5222167], [10.5849501, 52.5237119], [10.5907021, 52.5299962], [10.5973453, 52.5375361], [10.6019766, 52.5427262], [10.606986, 52.5484741], [10.6111312, 52.5531375], [10.6090266, 52.5538392], [10.6125493, 52.5576601], [10.6114138, 52.5681316], [10.61128, 52.5704294], [10.6115641, 52.570338], [10.6163243, 52.5688477], [10.6196145, 52.5716754], [10.6206525, 52.5714175], [10.6223743, 52.5755788], [10.6216892, 52.5757953], [10.625318, 52.5781504], [10.6253488, 52.5782223], [10.6156076, 52.5813381], [10.6170121, 52.5837339], [10.6185637, 52.5839401], [10.6203246, 52.5841927], [10.6242621, 52.5846491], [10.6296776, 52.5864316], [10.6318742, 52.5872972], [10.6325287, 52.587408], [10.6329444, 52.5875563], [10.6334084, 52.5878643], [10.6349428, 52.5883489], [10.6355774, 52.589038], [10.6361445, 52.5892513], [10.6369816, 52.5892267], [10.6370759, 52.5892609], [10.6377513, 52.5895056], [10.639025, 52.5898083], [10.6403572, 52.5898501], [10.6415994, 52.5895958], [10.6435033, 52.58912], [10.6454451, 52.5889354], [10.64533, 52.5893316], [10.645045, 52.5898544], [10.6434125, 52.5924645], [10.6409239, 52.5965795], [10.6482272, 52.5977805], [10.6450556, 52.6044396], [10.6458156, 52.6045998], [10.6431857, 52.6105793], [10.6423699, 52.6104392], [10.6405845, 52.6141718], [10.6405758, 52.614431], [10.647995, 52.6158345], [10.6501781, 52.6171544], [10.6504548, 52.6213346]]]}}, {"type": "Feature", "properties": {"name": "Ostheide", "stufe": "mild", "art": "Landschaftsschutzgebiet"}, "geometry": {"type": "Polygon", "coordinates": [[[10.6110859, 52.5190426], [10.6114152, 52.5189422], [10.6114883, 52.5189182], [10.6117252, 52.5188532], [10.6119583, 52.5191238], [10.6187076, 52.5141779], [10.6255581, 52.5183486], [10.6204102, 52.5241798], [10.6184191, 52.5264566], [10.6181248, 52.5268983], [10.6181195, 52.5270107], [10.618169, 52.5271239], [10.6188908, 52.5279387], [10.6197487, 52.5289279], [10.6197506, 52.5290232], [10.619634, 52.5290791], [10.6201694, 52.5296954], [10.6215513, 52.5312861], [10.6233325, 52.5333363], [10.623954, 52.5339282], [10.62633, 52.5364605], [10.6306396, 52.5412886], [10.6315857, 52.5422518], [10.626062, 52.5439971], [10.6270543, 52.5450748], [10.6273562, 52.5449787], [10.6290387, 52.5470016], [10.6220057, 52.5493029], [10.617711, 52.5446069], [10.6172633, 52.5440603], [10.6125586, 52.5384772], [10.6121416, 52.5379884], [10.6115883, 52.5373613], [10.608058, 52.5336594], [10.6077174, 52.5332392], [10.6074921, 52.5329612], [10.6070639, 52.5324328], [10.5985413, 52.5231373], [10.6055853, 52.5208594], [10.6065457, 52.5205137], [10.6110859, 52.5190426]]]}}, {"type": "Feature", "properties": {"name": "Ostheide", "stufe": "mild", "art": "Landschaftsschutzgebiet"}, "geometry": {"type": "Polygon", "coordinates": [[[10.7165482, 52.531115], [10.7164462, 52.5303984], [10.7162528, 52.5290136], [10.7160706, 52.5258066], [10.7161112, 52.5214007], [10.7161065, 52.512623], [10.7115386, 52.512486], [10.7080183, 52.5123776], [10.6962568, 52.5120762], [10.6948885, 52.5136597], [10.6940528, 52.514748], [10.6988835, 52.5155074], [10.6981412, 52.517287], [10.6980234, 52.5174749], [10.6976764, 52.517823], [10.6971074, 52.5175666], [10.6968185, 52.5173227], [10.6962114, 52.5170106], [10.6957067, 52.5168876], [10.6941429, 52.5181274], [10.6939954, 52.5182443], [10.6894548, 52.5140019], [10.688693, 52.5131098], [10.6847484, 52.5079297], [10.6825631, 52.5051246], [10.6815248, 52.5035872], [10.6814836, 52.5020612], [10.6814567, 52.50189], [10.6814018, 52.5017753], [10.6811675, 52.5014184], [10.6809359, 52.501072], [10.680724, 52.5007587], [10.6800244, 52.499728], [10.6794093, 52.4988219], [10.6793577, 52.4987442], [10.6768397, 52.4988353], [10.6766545, 52.498916], [10.6765838, 52.4990667], [10.6759472, 52.5007245], [10.6750394, 52.5020171], [10.6739498, 52.5036348], [10.6733881, 52.5043279], [10.6726898, 52.5051539], [10.6710896, 52.506782], [10.6695236, 52.5083639], [10.6690477, 52.5088668], [10.6685109, 52.5094088], [10.6679956, 52.5099239], [10.6675651, 52.5103768], [10.6666582, 52.5114984], [10.6657829, 52.5126716], [10.6636989, 52.5160198], [10.6622151, 52.5187286], [10.6602311, 52.5221677], [10.6592474, 52.5241863], [10.6587272, 52.5258835], [10.6545348, 52.5260234], [10.6512458, 52.524193], [10.6454757, 52.5210224], [10.6410679, 52.5186002], [10.6374368, 52.5210033], [10.6328745, 52.5172084], [10.6264631, 52.5192927], [10.6269148, 52.5191996], [10.638202, 52.5316416], [10.6468843, 52.5287293], [10.6475463, 52.5285375], [10.6505357, 52.5275633], [10.6537691, 52.5329904], [10.6551202, 52.5350763], [10.6564626, 52.5373828], [10.6568291, 52.5377425], [10.6569213, 52.5382951], [10.657019, 52.5391413], [10.6571209, 52.5396877], [10.6572198, 52.5401909], [10.6573217, 52.5407088], [10.657545, 52.5412959], [10.6579352, 52.5437821], [10.6579754, 52.5443253], [10.6582723, 52.5468449], [10.6590289, 52.5494428], [10.6593969, 52.5511566], [10.6663826, 52.5508728], [10.6682498, 52.5512377], [10.6694502, 52.5518764], [10.6703175, 52.552657], [10.6710999, 52.5522953], [10.6715594, 52.5526703], [10.671601, 52.552657], [10.6705173, 52.5505991], [10.6743352, 52.549859], [10.6745186, 52.550224], [10.6753189, 52.5500719], [10.6755356, 52.550153], [10.6779107, 52.5496932], [10.6786392, 52.5509407], [10.6821877, 52.5413519], [10.6826887, 52.5417463], [10.6858659, 52.5421048], [10.6854886, 52.5428218], [10.6880465, 52.5436122], [10.6899089, 52.5399516], [10.6906434, 52.5400015], [10.6911685, 52.5399052], [10.6919355, 52.539961], [10.6930087, 52.5400953], [10.7023889, 52.541269], [10.704648, 52.5415428], [10.7054475, 52.54165], [10.7044897, 52.5409953], [10.7042058, 52.5407402], [10.7041229, 52.5406657], [10.7039053, 52.540276], [10.702476, 52.534138], [10.7018261, 52.5313467], [10.702013, 52.5313981], [10.7056035, 52.5314013], [10.7057623, 52.5312917], [10.7165482, 52.531115]]]}}]}