datum,ort,lat,lon,regen,temperatur,bt07,bf07,bt728,bf728,et0
2026-10-06,W0013,52.068,10.1295,0.0,13.9,12.7,0.265,12.1,0.247,1.78
2026-10-07,W0013,52.068,10.1295,0.0,14.0,12.5,0.254,12.1,0.245,1.95
2026-10-08,W0013,52.068,10.1295,6.6,12.8,12.4,0.31,12.7,0.246,1.26
2026-10-09,W0013,52.068,10.1295,4.7,9.4,10.0,0.317,10.9,0.254,0.84
2026-10-10,W0013,52.068,10.1295,5.7,11.4,11.6,0.329,11.2,0.259,1.68
2026-10-11,W0013,52.068,10.1295,1.35,10.8,10.2,0.313,10.9,0.263,1.95
2026-10-12,W0013,52.068,10.1295,3.0,10.7,9.8,0.297,10.4,0.264,1.58
2026-10-06,W0014,52.068,10.1591,0.0,14.3,12.7,0.265,12.1,0.247,1.79
2026-10-07,W0014,52.068,10.1591,0.0,13.8,12.5,0.254,12.1,0.245,1.95
2026-10-08,W0014,52.068,10.1591,5.78,13.0,12.4,0.31,12.7,0.246,1.29
2026-10-09,W0014,52.068,10.1591,4.9,9.4,10.0,0.317,10.9,0.254,0.86
2026-10-10,W0014,52.068,10.1591,5.4,11.4,11.6,0.329,11.2,0.259,1.69
2026-10-11,W0014,52.068,10.1591,1.35,10.8,10.2,0.313,10.9,0.263,1.96
2026-10-12,W0014,52.068,10.1591,3.0,10.6,9.8,0.297,10.4,0.264,1.57
2026-10-06,W0015,52.068,10.1886,0.0,15.0,13.9,0.25,13.4,0.206,1.85
2026-10-07,W0015,52.068,10.1886,0.0,14.7,13.4,0.236,13.1,0.206,1.99
2026-10-08,W0015,52.068,10.1886,5.9,13.3,12.8,0.276,13.3,0.206,1.33
2026-10-09,W0015,52.068,10.1886,4.9,9.5,10.4,0.287,11.5,0.211,0.86
2026-10-10,W0015,52.068,10.1886,5.4,11.5,12.0,0.289,11.7,0.214,1.7
2026-10-11,W0015,52.068,10.1886,1.35,11.0,10.6,0.277,11.4,0.217,1.97
2026-10-12,W0015,52.068,10.1886,3.0,10.8,10.4,0.263,10.9,0.218,1.59
2026-10-06,W0016,52.068,10.2182,0.0,14.9,13.9,0.25,13.4,0.206,1.86
2026-10-07,W0016,52.068,10.2182,0.0,14.3,13.4,0.236,13.1,0.206,1.97
2026-10-08,W0016,52.068,10.2182,6.18,12.6,12.8,0.276,13.3,0.206,1.28
2026-10-09,W0016,52.068,10.2182,4.9,8.9,10.4,0.287,11.5,0.211,0.84
2026-10-10,W0016,52.068,10.2182,5.4,11.0,12.0,0.289,11.7,0.214,1.66
2026-10-11,W0016,52.068,10.2182,1.35,10.4,10.6,0.277,11.4,0.217,1.92
2026-10-12,W0016,52.068,10.2182,3.0,10.2,10.4,0.263,10.9,0.218,1.55
2026-10-06,W0005,52.05,10.2477,0.0,15.5,13.9,0.25,13.4,0.206,1.92
2026-10-07,W0005,52.05,10.2477,0.0,15.1,13.4,0.236,13.1,0.206,2.0
2026-10-08,W0005,52.05,10.2477,6.67,13.3,12.8,0.276,13.3,0.206,1.31
2026-10-09,W0005,52.05,10.2477,4.9,9.3,10.4,0.287,11.5,0.211,0.92
2026-10-10,W0005,52.05,10.2477,5.4,11.4,12.0,0.289,11.7,0.214,1.74
2026-10-11,W0005,52.05,10.2477,0.6,10.8,10.6,0.277,11.4,0.217,1.99
2026-10-12,W0005,52.05,10.2477,2.1,10.8,10.4,0.263,10.9,0.218,1.68
2026-10-06,W1046,52.05901,10.2626,0.0,15.6,13.9,0.25,13.4,0.206,1.9
2026-10-07,W1046,52.05901,10.2626,0.0,15.0,13.4,0.236,13.1,0.206,1.99
2026-10-08,W1046,52.05901,10.2626,6.22,13.1,12.8,0.276,13.3,0.206,1.28
2026-10-09,W1046,52.05901,10.2626,4.9,9.5,10.4,0.287,11.5,0.211,0.92
2026-10-10,W1046,52.05901,10.2626,5.4,11.5,12.0,0.289,11.7,0.214,1.75
2026-10-11,W1046,52.05901,10.2626,0.6,11.0,10.6,0.277,11.4,0.217,2.01
2026-10-12,W1046,52.05901,10.2626,2.1,10.9,10.4,0.263,10.9,0.218,1.69
2026-10-06,W1047,52.05901,10.29217,0.0,15.0,13.9,0.25,13.4,0.206,1.86
2026-10-07,W1047,52.05901,10.29217,0.0,13.9,13.4,0.236,13.1,0.206,1.96
2026-10-08,W1047,52.05901,10.29217,5.92,12.7,12.8,0.276,13.3,0.206,1.22
2026-10-09,W1047,52.05901,10.29217,4.6,9.4,10.4,0.287,11.5,0.211,0.99
2026-10-10,W1047,52.05901,10.29217,4.5,11.4,12.0,0.289,11.7,0.214,1.8
2026-10-11,W1047,52.05901,10.29217,0.75,10.8,10.6,0.277,11.4,0.217,2.0
2026-10-12,W1047,52.05901,10.29217,2.1,10.7,10.4,0.263,10.9,0.218,1.68
2026-10-06,W0017,52.068,10.3363,0.0,14.9,13.9,0.25,13.4,0.206,1.85
2026-10-07,W0017,52.068,10.3363,0.0,14.4,13.4,0.236,13.1,0.206,1.98
2026-10-08,W0017,52.068,10.3363,6.0,12.6,12.8,0.276,13.3,0.206,1.19
2026-10-09,W0017,52.068,10.3363,4.6,9.2,10.4,0.287,11.5,0.211,0.98
2026-10-10,W0017,52.068,10.3363,4.5,11.2,12.0,0.289,11.7,0.214,1.78
2026-10-11,W0017,52.068,10.3363,1.05,10.7,10.6,0.277,11.4,0.217,2.06
2026-10-12,W0017,52.068,10.3363,4.5,10.4,10.4,0.263,10.9,0.218,1.55
2026-10-06,W0018,52.068,10.3658,0.0,15.2,13.5,0.232,12.7,0.173,1.87
2026-10-07,W0018,52.068,10.3658,0.0,15.5,12.6,0.217,12.5,0.174,1.97
2026-10-08,W0018,52.068,10.3658,5.7,12.8,12.0,0.246,12.6,0.174,1.19
2026-10-09,W0018,52.068,10.3658,4.1,9.1,10.0,0.255,11.0,0.177,0.98
2026-10-10,W0018,52.068,10.3658,3.6,11.0,11.6,0.256,11.3,0.179,1.73
2026-10-11,W0018,52.068,10.3658,0.75,10.5,10.3,0.246,11.0,0.181,2.04
2026-10-12,W0018,52.068,10.3658,4.5,10.1,10.1,0.233,10.6,0.181,1.54
2026-10-06,W0019,52.068,10.3954,0.0,15.7,14.2,0.232,13.4,0.173,1.94
2026-10-07,W0019,52.068,10.3954,0.0,14.7,13.3,0.217,13.2,0.174,1.94
2026-10-08,W0019,52.068,10.3954,5.85,12.9,12.7,0.246,13.3,0.174,1.22
2026-10-09,W0019,52.068,10.3954,4.1,9.6,10.7,0.255,11.7,0.177,1.0
2026-10-10,W0019,52.068,10.3954,3.6,11.5,12.3,0.256,11.9,0.179,1.77
2026-10-11,W0019,52.068,10.3954,0.75,11.0,11.0,0.246,11.7,0.181,2.08
2026-10-12,W0019,52.068,10.3954,4.5,10.7,10.7,0.233,11.2,0.181,1.57
2026-10-06,W0020,52.068,10.4249,0.0,15.4,14.2,0.232,13.4,0.173,1.9
2026-10-07,W0020,52.068,10.4249,0.0,14.1,13.3,0.217,13.2,0.174,1.9
2026-10-08,W0020,52.068,10.4249,5.1,12.6,12.7,0.246,13.3,0.174,1.25
2026-10-09,W0020,52.068,10.4249,4.0,9.8,10.7,0.255,11.7,0.177,1.13
2026-10-10,W0020,52.068,10.4249,3.0,11.6,12.3,0.256,11.9,0.179,1.92
2026-10-11,W0020,52.068,10.4249,0.75,11.1,11.0,0.246,11.7,0.181,2.13
2026-10-12,W0020,52.068,10.4249,4.5,10.7,10.7,0.233,11.2,0.181,1.57
2026-10-06,W1048,52.05901,10.43999,0.0,15.6,14.2,0.232,13.4,0.173,1.91
2026-10-07,W1048,52.05901,10.43999,0.0,14.3,13.3,0.217,13.2,0.174,1.91
2026-10-08,W1048,52.05901,10.43999,5.1,12.8,12.7,0.246,13.3,0.174,1.26
2026-10-09,W1048,52.05901,10.43999,4.0,9.9,10.7,0.255,11.7,0.177,1.14
2026-10-10,W1048,52.05901,10.43999,3.0,11.8,12.3,0.256,11.9,0.179,1.93
2026-10-11,W1048,52.05901,10.43999,0.15,11.2,11.0,0.246,11.7,0.181,2.21
2026-10-12,W1048,52.05901,10.43999,2.1,11.1,10.7,0.233,11.2,0.181,1.78
2026-10-06,W1049,52.05901,10.46955,0.0,15.1,14.2,0.232,13.4,0.173,1.88
2026-10-07,W1049,52.05901,10.46955,0.0,14.7,13.3,0.217,13.2,0.174,1.92
2026-10-08,W1049,52.05901,10.46955,4.7,12.9,12.7,0.246,13.3,0.174,1.27
2026-10-09,W1049,52.05901,10.46955,3.5,10.0,10.7,0.255,11.7,0.177,1.17
2026-10-10,W1049,52.05901,10.46955,3.0,11.8,12.3,0.256,11.9,0.179,1.98
2026-10-11,W1049,52.05901,10.46955,0.0,11.1,11.0,0.246,11.7,0.181,2.19
2026-10-12,W1049,52.05901,10.46955,2.1,10.9,10.7,0.233,11.2,0.181,1.77
2026-10-06,W0021,52.068,10.5135,0.0,14.8,14.1,0.239,13.4,0.191,1.86
2026-10-07,W0021,52.068,10.5135,0.0,14.2,13.9,0.225,13.7,0.191,1.9
2026-10-08,W0021,52.068,10.5135,5.1,12.3,12.9,0.24,13.8,0.191,1.24
2026-10-09,W0021,52.068,10.5135,3.5,9.6,11.1,0.246,12.2,0.192,1.15
2026-10-10,W0021,52.068,10.5135,3.0,11.4,12.6,0.266,12.4,0.194,1.95
2026-10-11,W0021,52.068,10.5135,0.6,10.8,11.3,0.257,12.1,0.196,2.1
2026-10-12,W0021,52.068,10.5135,4.5,10.4,10.9,0.244,11.6,0.196,1.55
2026-10-06,W0022,52.068,10.5431,0.0,15.0,14.1,0.239,13.4,0.191,1.87
2026-10-07,W0022,52.068,10.5431,0.0,14.5,13.9,0.225,13.7,0.191,1.94
2026-10-08,W0022,52.068,10.5431,4.88,12.6,12.9,0.24,13.8,0.191,1.27
2026-10-09,W0022,52.068,10.5431,3.5,10.1,11.1,0.246,12.2,0.192,1.2
2026-10-10,W0022,52.068,10.5431,2.4,11.9,12.6,0.266,12.4,0.194,2.06
2026-10-11,W0022,52.068,10.5431,0.6,11.1,11.3,0.257,12.1,0.196,2.13
2026-10-12,W0022,52.068,10.5431,4.5,10.7,10.9,0.244,11.6,0.196,1.57
2026-10-06,W1050,52.05901,10.55825,0.0,14.7,14.1,0.239,13.4,0.191,1.88
2026-10-07,W1050,52.05901,10.55825,0.0,14.5,13.9,0.225,13.7,0.191,1.95
2026-10-08,W1050,52.05901,10.55825,5.12,12.7,12.9,0.24,13.8,0.191,1.29
2026-10-09,W1050,52.05901,10.55825,3.5,10.4,11.1,0.246,12.2,0.192,1.23
2026-10-10,W1050,52.05901,10.55825,2.4,12.2,12.6,0.266,12.4,0.194,2.1
2026-10-11,W1050,52.05901,10.55825,0.0,11.4,11.3,0.257,12.1,0.196,2.23
2026-10-12,W1050,52.05901,10.55825,2.1,11.2,10.9,0.244,11.6,0.196,1.79
2026-10-06,W1051,52.05901,10.58781,0.0,14.3,14.1,0.239,13.4,0.191,1.86
2026-10-07,W1051,52.05901,10.58781,0.0,14.4,13.9,0.225,13.7,0.191,2.0
2026-10-08,W1051,52.05901,10.58781,5.15,12.7,12.9,0.24,13.8,0.191,1.28
2026-10-09,W1051,52.05901,10.58781,3.5,10.3,11.1,0.246,12.2,0.192,1.22
2026-10-10,W1051,52.05901,10.58781,2.4,12.1,12.6,0.266,12.4,0.194,2.08
2026-10-11,W1051,52.05901,10.58781,0.0,11.3,11.3,0.257,12.1,0.196,2.32
2026-10-12,W1051,52.05901,10.58781,1.2,11.2,10.9,0.244,11.6,0.196,1.92
2026-10-06,W0010,52.05,10.6317,0.0,14.6,14.1,0.239,13.4,0.191,1.87
2026-10-07,W0010,52.05,10.6317,0.0,14.6,13.9,0.225,13.7,0.191,2.1
2026-10-08,W0010,52.05,10.6317,3.9,12.5,12.9,0.24,13.8,0.191,1.35
2026-10-09,W0010,52.05,10.6317,3.5,10.2,11.1,0.246,12.2,0.192,1.3
2026-10-10,W0010,52.05,10.6317,1.8,12.0,12.6,0.266,12.4,0.194,2.19
2026-10-11,W0010,52.05,10.6317,0.0,11.2,11.3,0.257,12.1,0.196,2.33
2026-10-12,W0010,52.05,10.6317,1.2,11.1,10.9,0.244,11.6,0.196,1.91
2026-10-06,W1053,52.05901,10.64694,0.0,14.3,14.1,0.239,13.4,0.191,1.87
2026-10-07,W1053,52.05901,10.64694,0.0,14.7,13.9,0.225,13.7,0.191,2.06
2026-10-08,W1053,52.05901,10.64694,4.28,12.7,12.9,0.24,13.8,0.191,1.35
2026-10-09,W1053,52.05901,10.64694,3.5,10.3,11.1,0.246,12.2,0.192,1.3
2026-10-10,W1053,52.05901,10.64694,1.8,12.0,12.6,0.266,12.4,0.194,2.19
2026-10-11,W1053,52.05901,10.64694,0.0,11.2,11.3,0.257,12.1,0.196,2.34
2026-10-12,W1053,52.05901,10.64694,1.2,11.2,10.9,0.244,11.6,0.196,1.91
2026-10-06,W1054,52.05901,10.6765,0.0,14.1,13.5,0.248,12.6,0.203,1.87
2026-10-07,W1054,52.05901,10.6765,0.0,14.8,13.8,0.234,13.4,0.203,2.06
2026-10-08,W1054,52.05901,10.6765,3.73,12.6,12.8,0.258,13.5,0.203,1.32
2026-10-09,W1054,52.05901,10.6765,3.9,10.5,10.9,0.262,11.8,0.205,1.26
2026-10-10,W1054,52.05901,10.6765,1.8,12.2,12.3,0.287,12.1,0.207,2.17
2026-10-11,W1054,52.05901,10.6765,0.0,11.4,10.9,0.282,11.7,0.211,2.34
2026-10-12,W1054,52.05901,10.6765,1.2,11.3,10.5,0.271,11.1,0.213,1.92
2026-10-06,W1055,52.05901,10.70607,0.0,14.1,13.5,0.248,12.6,0.203,1.86
2026-10-07,W1055,52.05901,10.70607,0.0,14.5,13.8,0.234,13.4,0.203,1.99
2026-10-08,W1055,52.05901,10.70607,3.78,12.7,12.8,0.258,13.5,0.203,1.32
2026-10-09,W1055,52.05901,10.70607,3.9,10.4,10.9,0.262,11.8,0.205,1.25
2026-10-10,W1055,52.05901,10.70607,1.8,12.2,12.3,0.287,12.1,0.207,2.16
2026-10-11,W1055,52.05901,10.70607,0.0,11.5,10.9,0.282,11.7,0.211,2.4
2026-10-12,W1055,52.05901,10.70607,0.6,11.2,10.5,0.271,11.1,0.213,1.92
2026-10-06,W1056,52.05901,10.73563,0.0,13.9,13.5,0.248,12.6,0.203,1.84
2026-10-07,W1056,52.05901,10.73563,0.0,14.2,13.8,0.234,13.4,0.203,1.99
2026-10-08,W1056,52.05901,10.73563,3.63,12.4,12.8,0.258,13.5,0.203,1.34
2026-10-09,W1056,52.05901,10.73563,4.6,10.3,10.9,0.262,11.8,0.205,1.26
2026-10-10,W1056,52.05901,10.73563,2.1,12.1,12.3,0.287,12.1,0.207,2.21
2026-10-11,W1056,52.05901,10.73563,0.0,11.3,10.9,0.282,11.7,0.211,2.39
2026-10-12,W1056,52.05901,10.73563,0.6,11.0,10.5,0.271,11.1,0.213,1.91
2026-10-06,W1057,52.05901,10.76519,0.0,14.3,13.5,0.248,12.6,0.203,1.84
2026-10-07,W1057,52.05901,10.76519,0.0,14.5,13.8,0.234,13.4,0.203,2.05
2026-10-08,W1057,52.05901,10.76519,3.75,12.6,12.8,0.258,13.5,0.203,1.35
2026-10-09,W1057,52.05901,10.76519,4.6,10.4,10.9,0.262,11.8,0.205,1.27
2026-10-10,W1057,52.05901,10.76519,2.1,12.2,12.3,0.287,12.1,0.207,2.23
2026-10-11,W1057,52.05901,10.76519,0.0,11.4,10.9,0.282,11.7,0.211,2.4
2026-10-12,W1057,52.05901,10.76519,0.6,11.2,10.5,0.271,11.1,0.213,1.92
2026-10-06,W0011,52.05,10.8089,0.0,14.3,13.5,0.248,12.6,0.203,1.89
2026-10-07,W0011,52.05,10.8089,0.0,14.8,13.8,0.234,13.4,0.203,2.21
2026-10-08,W0011,52.05,10.8089,4.07,12.6,12.8,0.258,13.5,0.203,1.39
2026-10-09,W0011,52.05,10.8089,5.7,10.6,10.9,0.262,11.8,0.205,1.28
2026-10-10,W0011,52.05,10.8089,2.1,12.4,12.3,0.287,12.1,0.207,2.3
2026-10-11,W0011,52.05,10.8089,0.0,11.5,10.9,0.282,11.7,0.211,2.42
2026-10-12,W0011,52.05,10.8089,0.6,11.3,10.5,0.271,11.1,0.213,1.93
2026-10-06,W1059,52.05901,10.82432,0.0,13.4,13.5,0.248,12.6,0.203,1.84
2026-10-07,W1059,52.05901,10.82432,0.0,14.3,13.8,0.234,13.4,0.203,2.12
2026-10-08,W1059,52.05901,10.82432,4.3,12.5,12.8,0.258,13.5,0.203,1.39
2026-10-09,W1059,52.05901,10.82432,5.7,10.6,10.9,0.262,11.8,0.205,1.28
2026-10-10,W1059,52.05901,10.82432,2.1,12.4,12.3,0.287,12.1,0.207,2.3
2026-10-11,W1059,52.05901,10.82432,0.0,11.6,10.9,0.282,11.7,0.211,2.44
2026-10-12,W1059,52.05901,10.82432,0.6,11.5,10.5,0.271,11.1,0.213,2.04
2026-10-06,W1060,52.05901,10.85389,0.0,14.0,13.4,0.27,12.5,0.238,1.83
2026-10-07,W1060,52.05901,10.85389,0.0,14.5,13.6,0.256,13.2,0.237,2.14
2026-10-08,W1060,52.05901,10.85389,4.02,12.6,12.7,0.284,13.2,0.237,1.42
2026-10-09,W1060,52.05901,10.85389,6.3,10.7,10.7,0.286,11.6,0.239,1.28
2026-10-10,W1060,52.05901,10.85389,2.4,12.4,12.2,0.289,11.9,0.24,2.32
2026-10-11,W1060,52.05901,10.85389,0.0,11.6,10.7,0.286,11.5,0.241,2.44
2026-10-12,W1060,52.05901,10.85389,0.6,11.5,10.2,0.284,10.9,0.242,2.04
2026-10-06,W1061,52.05901,10.88345,0.0,13.9,13.4,0.27,12.5,0.238,1.84
2026-10-07,W1061,52.05901,10.88345,0.0,14.4,13.6,0.256,13.2,0.237,2.17
2026-10-08,W1061,52.05901,10.88345,3.73,12.5,12.7,0.284,13.2,0.237,1.42
2026-10-09,W1061,52.05901,10.88345,6.3,10.7,10.7,0.286,11.6,0.239,1.29
2026-10-10,W1061,52.05901,10.88345,2.4,12.5,12.2,0.289,11.9,0.24,2.33
2026-10-11,W1061,52.05901,10.88345,0.0,11.7,10.7,0.286,11.5,0.241,2.45
2026-10-12,W1061,52.05901,10.88345,0.6,11.5,10.2,0.284,10.9,0.242,2.04
2026-10-06,W1062,52.05901,10.91302,0.0,14.1,13.4,0.27,12.5,0.238,1.84
2026-10-07,W1062,52.05901,10.91302,0.0,14.4,13.6,0.256,13.2,0.237,2.2
2026-10-08,W1062,52.05901,10.91302,3.45,12.4,12.7,0.284,13.2,0.237,1.46
2026-10-09,W1062,52.05901,10.91302,7.5,10.8,10.7,0.286,11.6,0.239,1.3
2026-10-10,W1062,52.05901,10.91302,2.7,12.6,12.2,0.289,11.9,0.24,2.35
2026-10-11,W1062,52.05901,10.91302,0.0,11.7,10.7,0.286,11.5,0.241,2.45
2026-10-12,W1062,52.05901,10.91302,0.6,11.5,10.2,0.284,10.9,0.242,2.04
2026-10-06,W1063,52.05901,10.94258,0.0,13.7,13.4,0.27,12.5,0.238,1.79
2026-10-07,W1063,52.05901,10.94258,0.0,14.2,13.6,0.256,13.2,0.237,2.17
2026-10-08,W1063,52.05901,10.94258,3.18,12.4,12.7,0.284,13.2,0.237,1.46
2026-10-09,W1063,52.05901,10.94258,7.5,10.8,10.7,0.286,11.6,0.239,1.3
2026-10-10,W1063,52.05901,10.94258,2.7,12.6,12.2,0.289,11.9,0.24,2.36
2026-10-11,W1063,52.05901,10.94258,0.3,11.7,10.7,0.286,11.5,0.241,2.37
2026-10-12,W1063,52.05901,10.94258,1.2,11.4,10.2,0.284,10.9,0.242,1.92
2026-10-06,W1064,52.05901,10.97214,0.0,13.7,13.4,0.27,12.5,0.238,1.82
2026-10-07,W1064,52.05901,10.97214,0.0,14.2,13.6,0.256,13.2,0.237,2.22
2026-10-08,W1064,52.05901,10.97214,2.9,12.6,12.7,0.284,13.2,0.237,1.47
2026-10-09,W1064,52.05901,10.97214,8.0,10.8,10.7,0.286,11.6,0.239,1.28
2026-10-10,W1064,52.05901,10.97214,2.7,12.6,12.2,0.289,11.9,0.24,2.32
2026-10-11,W1064,52.05901,10.97214,0.3,11.7,10.7,0.286,11.5,0.241,2.37
2026-10-12,W1064,52.05901,10.97214,1.2,11.4,10.2,0.284,10.9,0.242,1.92
2026-10-06,W1065,52.05901,11.00171,0.0,13.7,13.4,0.27,12.5,0.238,1.82
2026-10-07,W1065,52.05901,11.00171,0.0,14.2,13.6,0.256,13.2,0.237,2.21
2026-10-08,W1065,52.05901,11.00171,2.9,12.5,12.7,0.284,13.2,0.237,1.46
2026-10-09,W1065,52.05901,11.00171,8.0,10.8,10.7,0.286,11.6,0.239,1.27
2026-10-10,W1065,52.05901,11.00171,2.7,12.6,12.2,0.289,11.9,0.24,2.31
2026-10-11,W1065,52.05901,11.00171,0.3,11.6,10.7,0.286,11.5,0.241,2.36
2026-10-12,W1065,52.05901,11.00171,1.2,11.3,10.2,0.284,10.9,0.242,1.91
2026-10-06,W1066,52.05901,11.03127,0.0,14.4,12.9,0.274,11.8,0.249,1.81
2026-10-07,W1066,52.05901,11.03127,0.0,14.9,13.0,0.26,12.3,0.248,2.28
2026-10-08,W1066,52.05901,11.03127,3.3,13.1,12.3,0.298,12.4,0.248,1.49
2026-10-09,W1066,52.05901,11.03127,8.1,10.7,10.4,0.3,11.0,0.251,1.24
2026-10-10,W1066,52.05901,11.03127,2.7,12.5,11.9,0.304,11.3,0.253,2.29
2026-10-11,W1066,52.05901,11.03127,0.3,11.7,10.4,0.297,11.0,0.255,2.35
2026-10-12,W1066,52.05901,11.03127,1.2,11.4,10.0,0.289,10.4,0.255,1.92
2026-10-06,W1067,52.05901,11.06084,0.0,14.5,12.9,0.274,11.8,0.249,1.79
2026-10-07,W1067,52.05901,11.06084,0.0,15.1,13.0,0.26,12.3,0.248,2.3
2026-10-08,W1067,52.05901,11.06084,3.65,13.2,12.3,0.298,12.4,0.248,1.51
2026-10-09,W1067,52.05901,11.06084,8.1,10.7,10.4,0.3,11.0,0.251,1.24
2026-10-10,W1067,52.05901,11.06084,2.7,12.5,11.9,0.304,11.3,0.253,2.29
2026-10-11,W1067,52.05901,11.06084,0.3,11.6,10.4,0.297,11.0,0.255,2.35
2026-10-12,W1067,52.05901,11.06084,1.2,11.3,10.0,0.289,10.4,0.255,1.91
2026-10-06,W1068,52.05901,11.0904,0.0,14.4,12.9,0.274,11.8,0.249,1.79
2026-10-07,W1068,52.05901,11.0904,0.0,14.9,13.0,0.26,12.3,0.248,2.27
2026-10-08,W1068,52.05901,11.0904,3.35,13.0,12.3,0.298,12.4,0.248,1.5
2026-10-09,W1068,52.05901,11.0904,8.1,10.6,10.4,0.3,11.0,0.251,1.23
2026-10-10,W1068,52.05901,11.0904,2.7,12.4,11.9,0.304,11.3,0.253,2.28
2026-10-11,W1068,52.05901,11.0904,0.3,11.5,10.4,0.297,11.0,0.255,2.34
2026-10-12,W1068,52.05901,11.0904,1.2,11.2,10.0,0.289,10.4,0.255,1.9
2026-10-06,W1069,52.05901,11.11997,0.0,14.4,12.9,0.274,11.8,0.249,1.76
2026-10-07,W1069,52.05901,11.11997,0.0,15.1,13.0,0.26,12.3,0.248,2.23
2026-10-08,W1069,52.05901,11.11997,3.2,13.1,12.3,0.298,12.4,0.248,1.47
2026-10-09,W1069,52.05901,11.11997,7.6,10.4,10.4,0.3,11.0,0.251,1.18
2026-10-10,W1069,52.05901,11.11997,2.7,12.3,11.9,0.304,11.3,0.253,2.22
2026-10-11,W1069,52.05901,11.11997,0.3,11.5,10.4,0.297,11.0,0.255,2.32
2026-10-12,W1069,52.05901,11.11997,1.2,11.2,10.0,0.289,10.4,0.255,1.9
2026-10-06,W1070,52.05901,11.14953,0.0,14.4,12.9,0.274,11.8,0.249,1.76
2026-10-07,W1070,52.05901,11.14953,0.0,15.0,13.0,0.26,12.3,0.248,2.22
2026-10-08,W1070,52.05901,11.14953,3.2,13.1,12.3,0.298,12.4,0.248,1.46
2026-10-09,W1070,52.05901,11.14953,7.6,10.3,10.4,0.3,11.0,0.251,1.18
2026-10-10,W1070,52.05901,11.14953,2.7,12.2,11.9,0.304,11.3,0.253,2.21
2026-10-11,W1070,52.05901,11.14953,0.3,11.4,10.4,0.297,11.0,0.255,2.32
2026-10-12,W1070,52.05901,11.14953,1.2,11.1,10.0,0.289,10.4,0.255,1.9
2026-10-06,W0024,52.086,10.1295,0.0,13.7,13.7,0.246,13.2,0.221,1.79
2026-10-07,W0024,52.086,10.1295,0.0,12.9,13.3,0.234,13.1,0.22,1.9
2026-10-08,W0024,52.086,10.1295,6.48,12.4,12.8,0.284,13.4,0.221,1.24
2026-10-09,W0024,52.086,10.1295,4.7,9.1,10.5,0.296,11.5,0.226,0.83
2026-10-10,W0024,52.086,10.1295,5.7,11.1,12.1,0.32,11.8,0.232,1.66
2026-10-11,W0024,52.086,10.1295,1.35,10.5,10.6,0.306,11.4,0.238,1.93
2026-10-12,W0024,52.086,10.1295,3.0,10.3,10.2,0.293,10.8,0.241,1.56
2026-10-06,W1071,52.07703,10.14435,0.0,14.1,12.7,0.265,12.1,0.247,1.81
2026-10-07,W1071,52.07703,10.14435,0.0,13.6,12.5,0.254,12.1,0.245,1.94
2026-10-08,W1071,52.07703,10.14435,6.58,13.0,12.4,0.31,12.7,0.246,1.29
2026-10-09,W1071,52.07703,10.14435,4.7,9.6,10.0,0.317,10.9,0.254,0.85
2026-10-10,W1071,52.07703,10.14435,5.7,11.6,11.6,0.329,11.2,0.259,1.7
2026-10-11,W1071,52.07703,10.14435,1.35,11.1,10.2,0.313,10.9,0.263,1.97
2026-10-12,W1071,52.07703,10.14435,3.0,10.9,9.8,0.297,10.4,0.264,1.59
2026-10-06,W0025,52.086,10.1886,0.0,14.7,13.9,0.25,13.4,0.206,1.84
2026-10-07,W0025,52.086,10.1886,0.0,13.9,13.4,0.236,13.1,0.206,1.95
2026-10-08,W0025,52.086,10.1886,6.0,13.0,12.8,0.276,13.3,0.206,1.3
2026-10-09,W0025,52.086,10.1886,4.9,9.4,10.4,0.287,11.5,0.211,0.86
2026-10-10,W0025,52.086,10.1886,5.4,11.5,12.0,0.289,11.7,0.214,1.69
2026-10-11,W0025,52.086,10.1886,1.35,10.9,10.6,0.277,11.4,0.217,1.96
2026-10-12,W0025,52.086,10.1886,3.0,10.7,10.4,0.263,10.9,0.218,1.58
2026-10-06,W0026,52.086,10.2182,0.0,14.8,13.9,0.25,13.4,0.206,1.85
2026-10-07,W0026,52.086,10.2182,0.0,13.9,13.4,0.236,13.1,0.206,1.96
2026-10-08,W0026,52.086,10.2182,6.05,12.9,12.8,0.276,13.3,0.206,1.28
2026-10-09,W0026,52.086,10.2182,4.9,9.6,10.4,0.287,11.5,0.211,0.87
2026-10-10,W0026,52.086,10.2182,5.4,11.6,12.0,0.289,11.7,0.214,1.71
2026-10-11,W0026,52.086,10.2182,1.35,11.1,10.6,0.277,11.4,0.217,1.98
2026-10-12,W0026,52.086,10.2182,3.0,10.9,10.4,0.263,10.9,0.218,1.59
2026-10-06,W1072,52.07703,10.23304,0.0,14.9,13.9,0.25,13.4,0.206,1.85
2026-10-07,W1072,52.07703,10.23304,0.0,14.2,13.4,0.236,13.1,0.206,1.97
2026-10-08,W1072,52.07703,10.23304,6.25,12.9,12.8,0.276,13.3,0.206,1.27
2026-10-09,W1072,52.07703,10.23304,4.9,9.4,10.4,0.287,11.5,0.211,0.92
2026-10-10,W1072,52.07703,10.23304,5.4,11.5,12.0,0.289,11.7,0.214,1.75
2026-10-11,W1072,52.07703,10.23304,1.2,10.9,10.6,0.277,11.4,0.217,1.97
2026-10-12,W1072,52.07703,10.23304,3.0,10.7,10.4,0.263,10.9,0.218,1.58
2026-10-06,W1073,52.07703,10.2626,0.0,14.7,13.9,0.25,13.4,0.206,1.85
2026-10-07,W1073,52.07703,10.2626,0.0,13.9,13.4,0.236,13.1,0.206,1.96
2026-10-08,W1073,52.07703,10.2626,6.27,12.6,12.8,0.276,13.3,0.206,1.22
2026-10-09,W1073,52.07703,10.2626,4.9,9.4,10.4,0.287,11.5,0.211,0.92
2026-10-10,W1073,52.07703,10.2626,5.4,11.5,12.0,0.289,11.7,0.214,1.75
2026-10-11,W1073,52.07703,10.2626,1.2,10.9,10.6,0.277,11.4,0.217,1.97
2026-10-12,W1073,52.07703,10.2626,3.0,10.7,10.4,0.263,10.9,0.218,1.58
2026-10-06,W1575,52.07703,10.29217,0.0,15.3,13.9,0.25,13.4,0.206,1.88
2026-10-07,W1575,52.07703,10.29217,0.0,15.3,13.4,0.236,13.1,0.206,2.03
2026-10-08,W1575,52.07703,10.29217,5.87,13.2,12.8,0.276,13.3,0.206,1.24
2026-10-09,W1575,52.07703,10.29217,4.6,9.6,10.4,0.287,11.5,0.211,1.0
2026-10-10,W1575,52.07703,10.29217,4.5,11.6,12.0,0.289,11.7,0.214,1.81
2026-10-11,W1575,52.07703,10.29217,1.35,11.0,10.6,0.277,11.4,0.217,1.99
2026-10-12,W1575,52.07703,10.29217,3.0,10.8,10.4,0.263,10.9,0.218,1.59
2026-10-06,W0027,52.086,10.3363,0.0,14.8,14.0,0.235,13.4,0.192,1.85
2026-10-07,W0027,52.086,10.3363,0.0,15.1,13.7,0.222,13.4,0.192,2.03
2026-10-08,W0027,52.086,10.3363,6.05,12.7,12.8,0.262,13.5,0.193,1.21
2026-10-09,W0027,52.086,10.3363,4.6,9.0,10.5,0.273,11.6,0.197,0.97
2026-10-10,W0027,52.086,10.3363,4.5,11.0,12.1,0.291,11.9,0.2,1.77
2026-10-11,W0027,52.086,10.3363,1.05,10.6,10.6,0.283,11.5,0.205,2.05
2026-10-12,W0027,52.086,10.3363,4.5,10.3,10.3,0.271,10.9,0.208,1.54
2026-10-06,W0028,52.086,10.3658,0.0,14.9,13.5,0.232,12.7,0.173,1.85
2026-10-07,W0028,52.086,10.3658,0.0,15.4,12.7,0.217,12.5,0.174,2.01
2026-10-08,W0028,52.086,10.3658,5.75,12.8,12.1,0.246,12.6,0.174,1.22
2026-10-09,W0028,52.086,10.3658,4.1,9.1,10.0,0.255,11.0,0.177,0.98
2026-10-10,W0028,52.086,10.3658,3.6,11.0,11.6,0.256,11.3,0.179,1.73
2026-10-11,W0028,52.086,10.3658,0.75,10.5,10.3,0.246,11.0,0.181,2.04
2026-10-12,W0028,52.086,10.3658,4.5,10.2,10.1,0.233,10.6,0.181,1.54
2026-10-06,W0029,52.086,10.3954,0.0,15.9,14.2,0.232,13.4,0.173,1.94
2026-10-07,W0029,52.086,10.3954,0.0,14.9,13.3,0.217,13.2,0.174,1.95
2026-10-08,W0029,52.086,10.3954,5.85,13.1,12.7,0.246,13.3,0.174,1.22
2026-10-09,W0029,52.086,10.3954,4.1,9.8,10.7,0.255,11.7,0.177,1.01
2026-10-10,W0029,52.086,10.3954,3.6,11.7,12.3,0.256,11.9,0.179,1.78
2026-10-11,W0029,52.086,10.3954,0.75,11.2,11.0,0.246,11.7,0.181,2.1
2026-10-12,W0029,52.086,10.3954,4.5,10.9,10.7,0.233,11.2,0.181,1.58
2026-10-06,W1074,52.07703,10.41042,0.0,15.8,14.2,0.232,13.4,0.173,1.94
2026-10-07,W1074,52.07703,10.41042,0.0,14.8,13.3,0.217,13.2,0.174,1.94
2026-10-08,W1074,52.07703,10.41042,5.12,13.0,12.7,0.246,13.3,0.174,1.28
2026-10-09,W1074,52.07703,10.41042,4.0,9.8,10.7,0.255,11.7,0.177,1.13
2026-10-10,W1074,52.07703,10.41042,3.0,11.7,12.3,0.256,11.9,0.179,1.92
2026-10-11,W1074,52.07703,10.41042,0.75,11.1,11.0,0.246,11.7,0.181,2.13
2026-10-12,W1074,52.07703,10.41042,4.5,10.8,10.7,0.233,11.2,0.181,1.57
2026-10-06,W1075,52.07703,10.43999,0.0,15.2,14.2,0.232,13.4,0.173,1.87
2026-10-07,W1075,52.07703,10.43999,0.0,14.7,13.3,0.217,13.2,0.174,1.94
2026-10-08,W1075,52.07703,10.43999,5.15,12.9,12.7,0.246,13.3,0.174,1.28
2026-10-09,W1075,52.07703,10.43999,4.0,9.9,10.7,0.255,11.7,0.177,1.13
2026-10-10,W1075,52.07703,10.43999,3.0,11.8,12.3,0.256,11.9,0.179,1.93
2026-10-11,W1075,52.07703,10.43999,0.75,11.2,11.0,0.246,11.7,0.181,2.14
2026-10-12,W1075,52.07703,10.43999,4.5,10.8,10.7,0.233,11.2,0.181,1.58
2026-10-06,W1076,52.07703,10.46955,0.0,15.2,14.2,0.232,13.4,0.173,1.87
2026-10-07,W1076,52.07703,10.46955,0.0,14.7,13.3,0.217,13.2,0.174,1.94
2026-10-08,W1076,52.07703,10.46955,4.57,12.9,12.7,0.246,13.3,0.174,1.29
2026-10-09,W1076,52.07703,10.46955,3.5,10.0,10.7,0.255,11.7,0.177,1.18
2026-10-10,W1076,52.07703,10.46955,3.0,11.8,12.3,0.256,11.9,0.179,1.99
2026-10-11,W1076,52.07703,10.46955,0.6,11.2,11.0,0.246,11.7,0.181,2.13
2026-10-12,W1076,52.07703,10.46955,4.5,10.8,10.7,0.233,11.2,0.181,1.58
2026-10-06,W0030,52.086,10.5135,0.0,15.2,13.6,0.224,13.0,0.181,1.87
2026-10-07,W0030,52.086,10.5135,0.0,14.7,13.4,0.211,13.1,0.181,1.91
2026-10-08,W0030,52.086,10.5135,4.98,12.5,12.4,0.234,13.2,0.181,1.24
2026-10-09,W0030,52.086,10.5135,3.5,9.6,10.2,0.245,11.4,0.183,1.15
2026-10-10,W0030,52.086,10.5135,3.0,11.4,11.8,0.257,11.6,0.185,1.95
2026-10-11,W0030,52.086,10.5135,0.6,10.7,10.3,0.253,11.2,0.187,2.09
2026-10-12,W0030,52.086,10.5135,4.5,10.3,10.0,0.248,10.6,0.188,1.55
2026-10-06,W0031,52.086,10.5431,0.0,15.5,14.1,0.239,13.4,0.191,1.9
2026-10-07,W0031,52.086,10.5431,0.0,15.0,13.9,0.225,13.7,0.191,1.97
2026-10-08,W0031,52.086,10.5431,4.82,12.9,12.9,0.24,13.8,0.191,1.29
2026-10-09,W0031,52.086,10.5431,3.5,10.3,11.1,0.246,12.2,0.192,1.22
2026-10-10,W0031,52.086,10.5431,2.4,12.1,12.6,0.266,12.4,0.194,2.08
2026-10-11,W0031,52.086,10.5431,0.6,11.3,11.3,0.257,12.1,0.196,2.15
2026-10-12,W0031,52.086,10.5431,4.5,10.9,10.9,0.244,11.6,0.196,1.58
2026-10-06,W0032,52.086,10.5726,0.0,15.2,14.1,0.239,13.4,0.191,1.88
2026-10-07,W0032,52.086,10.5726,0.0,14.9,13.9,0.225,13.7,0.191,2.03
2026-10-08,W0032,52.086,10.5726,5.12,12.9,12.9,0.24,13.8,0.191,1.29
2026-10-09,W0032,52.086,10.5726,3.5,10.4,11.1,0.246,12.2,0.192,1.23
2026-10-10,W0032,52.086,10.5726,2.4,12.2,12.6,0.266,12.4,0.194,2.1
2026-10-11,W0032,52.086,10.5726,0.6,11.4,11.3,0.257,12.1,0.196,2.17
2026-10-12,W0032,52.086,10.5726,4.5,10.8,10.9,0.244,11.6,0.196,1.47
2026-10-06,W1077,52.07703,10.58781,0.0,15.0,14.1,0.239,13.4,0.191,1.88
2026-10-07,W1077,52.07703,10.58781,0.0,14.7,13.9,0.225,13.7,0.191,2.02
2026-10-08,W1077,52.07703,10.58781,5.12,12.7,12.9,0.24,13.8,0.191,1.28
2026-10-09,W1077,52.07703,10.58781,3.5,10.2,11.1,0.246,12.2,0.192,1.21
2026-10-10,W1077,52.07703,10.58781,2.4,12.0,12.6,0.266,12.4,0.194,2.08
2026-10-11,W1077,52.07703,10.58781,0.6,11.2,11.3,0.257,12.1,0.196,2.15
2026-10-12,W1077,52.07703,10.58781,4.5,10.7,10.9,0.244,11.6,0.196,1.45
2026-10-06,W1576,52.07703,10.61737,0.0,14.4,14.1,0.239,13.4,0.191,1.87
2026-10-07,W1576,52.07703,10.61737,0.0,14.9,13.9,0.225,13.7,0.191,2.03
2026-10-08,W1576,52.07703,10.61737,5.0,12.7,12.9,0.24,13.8,0.191,1.36
2026-10-09,W1576,52.07703,10.61737,3.5,10.3,11.1,0.246,12.2,0.192,1.31
2026-10-10,W1576,52.07703,10.61737,1.8,12.1,12.6,0.266,12.4,0.194,2.2
2026-10-11,W1576,52.07703,10.61737,0.6,11.3,11.3,0.257,12.1,0.196,2.18
2026-10-12,W1576,52.07703,10.61737,4.5,10.7,10.9,0.244,11.6,0.196,1.46
2026-10-06,W1078,52.07703,10.64694,0.0,14.5,14.1,0.239,13.4,0.191,1.86
2026-10-07,W1078,52.07703,10.64694,0.0,14.9,13.9,0.225,13.7,0.191,2.03
2026-10-08,W1078,52.07703,10.64694,4.65,12.8,12.9,0.24,13.8,0.191,1.36
2026-10-09,W1078,52.07703,10.64694,3.5,10.4,11.1,0.246,12.2,0.192,1.31
2026-10-10,W1078,52.07703,10.64694,1.8,12.1,12.6,0.266,12.4,0.194,2.2
2026-10-11,W1078,52.07703,10.64694,0.6,11.3,11.3,0.257,12.1,0.196,2.18
2026-10-12,W1078,52.07703,10.64694,4.5,10.7,10.9,0.244,11.6,0.196,1.46
2026-10-06,W1079,52.07703,10.6765,0.0,14.3,13.5,0.248,12.6,0.203,1.85
2026-10-07,W1079,52.07703,10.6765,0.0,14.5,13.8,0.234,13.4,0.203,2.0
2026-10-08,W1079,52.07703,10.6765,4.05,12.7,12.8,0.258,13.5,0.203,1.32
2026-10-09,W1079,52.07703,10.6765,3.9,10.4,10.9,0.262,11.8,0.205,1.25
2026-10-10,W1079,52.07703,10.6765,1.8,12.1,12.3,0.287,12.1,0.207,2.16
2026-10-11,W1079,52.07703,10.6765,0.6,11.3,10.9,0.282,11.7,0.211,2.17
2026-10-12,W1079,52.07703,10.6765,4.5,10.7,10.5,0.271,11.1,0.213,1.46
2026-10-06,W1080,52.07703,10.70607,0.0,14.2,13.5,0.248,12.6,0.203,1.84
2026-10-07,W1080,52.07703,10.70607,0.0,14.5,13.8,0.234,13.4,0.203,1.96
2026-10-08,W1080,52.07703,10.70607,3.8,12.6,12.8,0.258,13.5,0.203,1.31
2026-10-09,W1080,52.07703,10.70607,3.9,10.3,10.9,0.262,11.8,0.205,1.25
2026-10-10,W1080,52.07703,10.70607,1.8,12.0,12.3,0.287,12.1,0.207,2.15
2026-10-11,W1080,52.07703,10.70607,0.0,11.2,10.9,0.282,11.7,0.211,2.28
2026-10-12,W1080,52.07703,10.70607,3.0,10.7,10.5,0.271,11.1,0.213,1.58
2026-10-06,W1081,52.07703,10.73563,0.0,14.2,13.5,0.248,12.6,0.203,1.84
2026-10-07,W1081,52.07703,10.73563,0.0,14.5,13.8,0.234,13.4,0.203,2.04
2026-10-08,W1081,52.07703,10.73563,3.75,12.6,12.8,0.258,13.5,0.203,1.35
2026-10-09,W1081,52.07703,10.73563,4.6,10.4,10.9,0.262,11.8,0.205,1.27
2026-10-10,W1081,52.07703,10.73563,2.1,12.2,12.3,0.287,12.1,0.207,2.22
2026-10-11,W1081,52.07703,10.73563,0.0,11.3,10.9,0.282,11.7,0.211,2.29
2026-10-12,W1081,52.07703,10.73563,3.0,10.7,10.5,0.271,11.1,0.213,1.58
2026-10-06,W1082,52.07703,10.76519,0.0,14.7,13.5,0.248,12.6,0.203,1.83
2026-10-07,W1082,52.07703,10.76519,0.0,14.7,13.8,0.234,13.4,0.203,2.05
2026-10-08,W1082,52.07703,10.76519,3.83,12.5,12.8,0.258,13.5,0.203,1.35
2026-10-09,W1082,52.07703,10.76519,4.6,10.4,10.9,0.262,11.8,0.205,1.27
2026-10-10,W1082,52.07703,10.76519,2.1,12.2,12.3,0.287,12.1,0.207,2.23
2026-10-11,W1082,52.07703,10.76519,0.0,11.3,10.9,0.282,11.7,0.211,2.29
2026-10-12,W1082,52.07703,10.76519,3.0,10.8,10.5,0.271,11.1,0.213,1.58
2026-10-06,W1577,52.07703,10.79476,0.0,14.1,13.5,0.248,12.6,0.203,1.83
2026-10-07,W1577,52.07703,10.79476,0.0,14.7,13.8,0.234,13.4,0.203,2.12
2026-10-08,W1577,52.07703,10.79476,4.13,12.5,12.8,0.258,13.5,0.203,1.38
2026-10-09,W1577,52.07703,10.79476,5.7,10.4,10.9,0.262,11.8,0.205,1.27
2026-10-10,W1577,52.07703,10.79476,2.1,12.2,12.3,0.287,12.1,0.207,2.28
2026-10-11,W1577,52.07703,10.79476,0.0,11.2,10.9,0.282,11.7,0.211,2.29
2026-10-12,W1577,52.07703,10.79476,3.0,10.6,10.5,0.271,11.1,0.213,1.57
2026-10-06,W1083,52.07703,10.82432,0.0,14.2,13.6,0.238,12.8,0.202,1.83
2026-10-07,W1083,52.07703,10.82432,0.0,14.7,14.0,0.225,13.4,0.201,2.12
2026-10-08,W1083,52.07703,10.82432,4.13,12.6,12.7,0.258,13.4,0.201,1.39
2026-10-09,W1083,52.07703,10.82432,5.7,10.5,10.5,0.266,11.6,0.204,1.27
2026-10-10,W1083,52.07703,10.82432,2.1,12.3,12.1,0.269,11.9,0.205,2.28
2026-10-11,W1083,52.07703,10.82432,0.6,11.3,10.6,0.265,11.5,0.207,2.2
2026-10-12,W1083,52.07703,10.82432,4.2,10.6,10.0,0.262,10.7,0.208,1.4
2026-10-06,W1084,52.07703,10.85389,0.0,14.7,13.4,0.27,12.5,0.238,1.82
2026-10-07,W1084,52.07703,10.85389,0.0,15.2,13.6,0.256,13.2,0.237,2.18
2026-10-08,W1084,52.07703,10.85389,4.25,12.9,12.7,0.284,13.2,0.237,1.43
2026-10-09,W1084,52.07703,10.85389,6.3,10.6,10.7,0.286,11.6,0.239,1.28
2026-10-10,W1084,52.07703,10.85389,2.4,12.4,12.2,0.289,11.9,0.24,2.32
2026-10-11,W1084,52.07703,10.85389,0.6,11.4,10.7,0.286,11.5,0.241,2.21
2026-10-12,W1084,52.07703,10.85389,4.2,10.7,10.2,0.284,10.9,0.242,1.41
2026-10-06,W1085,52.07703,10.88345,0.0,14.6,13.4,0.27,12.5,0.238,1.8
2026-10-07,W1085,52.07703,10.88345,0.0,14.9,13.6,0.256,13.2,0.237,2.14
2026-10-08,W1085,52.07703,10.88345,4.17,12.5,12.7,0.284,13.2,0.237,1.4
2026-10-09,W1085,52.07703,10.88345,6.3,10.4,10.7,0.286,11.6,0.239,1.27
2026-10-10,W1085,52.07703,10.88345,2.4,12.2,12.2,0.289,11.9,0.24,2.29
2026-10-11,W1085,52.07703,10.88345,0.6,11.1,10.7,0.286,11.5,0.241,2.19
2026-10-12,W1085,52.07703,10.88345,4.2,10.4,10.2,0.284,10.9,0.242,1.39
2026-10-06,W1086,52.07703,10.91302,0.0,14.2,13.4,0.27,12.5,0.238,1.78
2026-10-07,W1086,52.07703,10.91302,0.0,14.3,13.6,0.256,13.2,0.237,2.12
2026-10-08,W1086,52.07703,10.91302,3.48,12.4,12.7,0.284,13.2,0.237,1.45
2026-10-09,W1086,52.07703,10.91302,7.5,10.7,10.7,0.286,11.6,0.239,1.3
2026-10-10,W1086,52.07703,10.91302,2.7,12.5,12.2,0.289,11.9,0.24,2.34
2026-10-11,W1086,52.07703,10.91302,0.6,11.4,10.7,0.286,11.5,0.241,2.22
2026-10-12,W1086,52.07703,10.91302,4.2,10.6,10.2,0.284,10.9,0.242,1.41
2026-10-06,W1087,52.07703,10.94258,0.0,14.2,13.4,0.27,12.5,0.238,1.78
2026-10-07,W1087,52.07703,10.94258,0.0,14.3,13.6,0.256,13.2,0.237,2.12
2026-10-08,W1087,52.07703,10.94258,3.48,12.4,12.7,0.284,13.2,0.237,1.45
2026-10-09,W1087,52.07703,10.94258,7.5,10.6,10.7,0.286,11.6,0.239,1.29
2026-10-10,W1087,52.07703,10.94258,2.7,12.4,12.2,0.289,11.9,0.24,2.34
2026-10-11,W1087,52.07703,10.94258,0.6,11.3,10.7,0.286,11.5,0.241,2.21
2026-10-12,W1087,52.07703,10.94258,4.2,10.6,10.2,0.284,10.9,0.242,1.41
2026-10-06,W1088,52.07703,10.97214,0.0,13.6,13.4,0.27,12.5,0.238,1.8
2026-10-07,W1088,52.07703,10.97214,0.0,14.1,13.6,0.256,13.2,0.237,2.17
2026-10-08,W1088,52.07703,10.97214,2.98,12.6,12.7,0.284,13.2,0.237,1.46
2026-10-09,W1088,52.07703,10.97214,8.0,10.8,10.7,0.286,11.6,0.239,1.27
2026-10-10,W1088,52.07703,10.97214,2.7,12.6,12.2,0.289,11.9,0.24,2.32
2026-10-11,W1088,52.07703,10.97214,0.6,11.5,10.7,0.286,11.5,0.241,2.22
2026-10-12,W1088,52.07703,10.97214,4.2,10.7,10.2,0.284,10.9,0.242,1.41
2026-10-06,W1089,52.07703,11.00171,0.0,13.7,13.7,0.214,12.7,0.184,1.82
2026-10-07,W1089,52.07703,11.00171,0.0,14.4,13.9,0.202,13.2,0.183,2.19
2026-10-08,W1089,52.07703,11.00171,2.95,12.8,12.7,0.236,13.2,0.183,1.46
2026-10-09,W1089,52.07703,11.00171,8.0,10.8,10.5,0.243,11.5,0.185,1.27
2026-10-10,W1089,52.07703,11.00171,2.7,12.6,12.1,0.248,11.7,0.186,2.32
2026-10-11,W1089,52.07703,11.00171,0.6,11.5,10.6,0.245,11.3,0.187,2.22
2026-10-12,W1089,52.07703,11.00171,4.2,10.7,10.1,0.244,10.7,0.188,1.41
2026-10-06,W1090,52.07703,11.03127,0.0,14.1,12.9,0.274,11.8,0.249,1.8
2026-10-07,W1090,52.07703,11.03127,0.0,14.6,13.0,0.26,12.3,0.248,2.23
2026-10-08,W1090,52.07703,11.03127,3.12,12.9,12.3,0.298,12.4,0.248,1.46
2026-10-09,W1090,52.07703,11.03127,8.1,10.5,10.4,0.3,11.0,0.251,1.23
2026-10-10,W1090,52.07703,11.03127,2.7,12.4,11.9,0.304,11.3,0.253,2.28
2026-10-11,W1090,52.07703,11.03127,0.6,11.3,10.4,0.297,11.0,0.255,2.19
2026-10-12,W1090,52.07703,11.03127,4.2,10.6,10.0,0.289,10.4,0.255,1.41
2026-10-06,W1091,52.07703,11.06084,0.0,14.4,12.9,0.274,11.8,0.249,1.79
2026-10-07,W1091,52.07703,11.06084,0.0,15.0,13.0,0.26,12.3,0.248,2.29
2026-10-08,W1091,52.07703,11.06084,3.65,13.0,12.3,0.298,12.4,0.248,1.5
2026-10-09,W1091,52.07703,11.06084,8.1,10.5,10.4,0.3,11.0,0.251,1.23
2026-10-10,W1091,52.07703,11.06084,2.7,12.4,11.9,0.304,11.3,0.253,2.27
2026-10-11,W1091,52.07703,11.06084,0.6,11.3,10.4,0.297,11.0,0.255,2.19
2026-10-12,W1091,52.07703,11.06084,4.2,10.6,10.0,0.289,10.4,0.255,1.4
2026-10-06,W1092,52.07703,11.0904,0.0,15.0,12.9,0.274,11.8,0.249,1.79
2026-10-07,W1092,52.07703,11.0904,0.0,15.8,13.0,0.26,12.3,0.248,2.36
2026-10-08,W1092,52.07703,11.0904,3.62,13.4,12.3,0.298,12.4,0.248,1.54
2026-10-09,W1092,52.07703,11.0904,8.1,10.6,10.4,0.3,11.0,0.251,1.23
2026-10-10,W1092,52.07703,11.0904,2.7,12.4,11.9,0.304,11.3,0.253,2.28
2026-10-11,W1092,52.07703,11.0904,0.0,11.5,10.4,0.297,11.0,0.255,2.31
2026-10-12,W1092,52.07703,11.0904,2.1,10.9,10.0,0.289,10.4,0.255,1.65
2026-10-06,W0033,52.086,11.1338,0.0,15.2,13.7,0.233,12.9,0.205,1.78
2026-10-07,W0033,52.086,11.1338,0.0,16.1,13.9,0.221,13.4,0.205,2.37
2026-10-08,W0033,52.086,11.1338,3.7,13.5,12.8,0.265,13.4,0.205,1.53
2026-10-09,W0033,52.086,11.1338,7.6,10.3,10.7,0.272,11.8,0.208,1.18
2026-10-10,W0033,52.086,11.1338,2.7,12.1,12.2,0.286,12.0,0.21,2.2
2026-10-11,W0033,52.086,11.1338,0.0,11.3,10.7,0.284,11.6,0.214,2.28
2026-10-12,W0033,52.086,11.1338,2.1,10.7,10.2,0.291,10.9,0.217,1.63
2026-10-06,W1093,52.07703,11.14953,0.0,15.2,13.7,0.233,12.9,0.205,1.78
2026-10-07,W1093,52.07703,11.14953,0.0,16.1,13.9,0.221,13.4,0.205,2.37
2026-10-08,W1093,52.07703,11.14953,3.7,13.5,12.8,0.265,13.4,0.205,1.54
2026-10-09,W1093,52.07703,11.14953,7.6,10.3,10.7,0.272,11.8,0.208,1.18
2026-10-10,W1093,52.07703,11.14953,2.7,12.2,12.2,0.286,12.0,0.21,2.21
2026-10-11,W1093,52.07703,11.14953,0.0,11.4,10.7,0.284,11.6,0.214,2.29
2026-10-12,W1093,52.07703,11.14953,2.1,10.8,10.2,0.291,10.9,0.217,1.64
2026-10-06,W1094,52.09505,10.11478,0.0,14.2,13.7,0.246,13.2,0.221,1.81
2026-10-07,W1094,52.09505,10.11478,0.0,13.4,13.3,0.234,13.1,0.22,1.92
2026-10-08,W1094,52.09505,10.11478,7.22,12.8,12.8,0.284,13.4,0.221,1.22
2026-10-09,W1094,52.09505,10.11478,5.2,9.7,10.5,0.296,11.5,0.226,0.83
2026-10-10,W1094,52.09505,10.11478,7.2,11.6,12.1,0.32,11.8,0.232,1.71
2026-10-11,W1094,52.09505,10.11478,1.35,11.0,10.6,0.306,11.4,0.238,1.97
2026-10-12,W1094,52.09505,10.11478,3.0,10.9,10.2,0.293,10.8,0.241,1.59
2026-10-06,W1095,52.09505,10.14435,0.0,14.3,13.7,0.246,13.2,0.221,1.81
2026-10-07,W1095,52.09505,10.14435,0.0,13.5,13.3,0.234,13.1,0.22,1.93
2026-10-08,W1095,52.09505,10.14435,7.22,12.9,12.8,0.284,13.4,0.221,1.22
2026-10-09,W1095,52.09505,10.14435,5.2,9.8,10.5,0.296,11.5,0.226,0.84
2026-10-10,W1095,52.09505,10.14435,7.2,11.7,12.1,0.32,11.8,0.232,1.71
2026-10-11,W1095,52.09505,10.14435,1.35,11.1,10.6,0.306,11.4,0.238,1.98
2026-10-12,W1095,52.09505,10.14435,3.0,11.0,10.2,0.293,10.8,0.241,1.59
2026-10-06,W1096,52.09505,10.17391,0.0,14.0,13.7,0.246,13.2,0.221,1.81
2026-10-07,W1096,52.09505,10.17391,0.0,13.3,13.3,0.234,13.1,0.22,1.92
2026-10-08,W1096,52.09505,10.17391,7.07,12.7,12.8,0.284,13.4,0.221,1.22
2026-10-09,W1096,52.09505,10.17391,5.2,9.5,10.5,0.296,11.5,0.226,0.86
2026-10-10,W1096,52.09505,10.17391,6.3,11.5,12.1,0.32,11.8,0.232,1.72
2026-10-11,W1096,52.09505,10.17391,1.65,10.9,10.6,0.306,11.4,0.238,1.97
2026-10-12,W1096,52.09505,10.17391,3.0,10.8,10.2,0.293,10.8,0.241,1.58
2026-10-06,W1097,52.09505,10.20347,0.0,14.9,13.9,0.25,13.4,0.206,1.85
2026-10-07,W1097,52.09505,10.20347,0.0,14.6,13.4,0.236,13.1,0.206,2.0
2026-10-08,W1097,52.09505,10.20347,6.5,13.0,12.8,0.276,13.3,0.206,1.23
2026-10-09,W1097,52.09505,10.20347,5.2,9.6,10.4,0.287,11.5,0.211,0.86
2026-10-10,W1097,52.09505,10.20347,6.3,11.6,12.0,0.289,11.7,0.214,1.73
2026-10-11,W1097,52.09505,10.20347,1.65,11.1,10.6,0.277,11.4,0.217,1.98
2026-10-12,W1097,52.09505,10.20347,3.0,10.9,10.4,0.263,10.9,0.218,1.59
2026-10-06,W1098,52.09505,10.23304,0.0,15.0,13.9,0.25,13.4,0.206,1.85
2026-10-07,W1098,52.09505,10.23304,0.0,15.5,13.4,0.236,13.1,0.206,2.04
2026-10-08,W1098,52.09505,10.23304,6.9,13.1,12.8,0.276,13.3,0.206,1.26
2026-10-09,W1098,52.09505,10.23304,5.2,9.4,10.4,0.287,11.5,0.211,0.9
2026-10-10,W1098,52.09505,10.23304,5.7,11.4,12.0,0.289,11.7,0.214,1.74
2026-10-11,W1098,52.09505,10.23304,1.65,10.9,10.6,0.277,11.4,0.217,1.97
2026-10-12,W1098,52.09505,10.23304,3.0,10.7,10.4,0.263,10.9,0.218,1.58
2026-10-06,W1099,52.09505,10.2626,0.0,14.7,14.0,0.235,13.4,0.192,1.84
2026-10-07,W1099,52.09505,10.2626,0.0,15.0,13.7,0.222,13.4,0.192,2.0
2026-10-08,W1099,52.09505,10.2626,6.27,12.6,12.8,0.262,13.5,0.193,1.2
2026-10-09,W1099,52.09505,10.2626,5.2,9.1,10.5,0.273,11.6,0.197,0.89
2026-10-10,W1099,52.09505,10.2626,5.7,11.1,12.1,0.291,11.9,0.2,1.71
2026-10-11,W1099,52.09505,10.2626,1.65,10.6,10.6,0.283,11.5,0.205,1.94
2026-10-12,W1099,52.09505,10.2626,3.0,10.4,10.3,0.271,10.9,0.208,1.56
2026-10-06,W1100,52.09505,10.29217,0.0,15.2,14.0,0.235,13.4,0.192,1.85
2026-10-07,W1100,52.09505,10.29217,0.0,15.7,13.7,0.222,13.4,0.192,2.05
2026-10-08,W1100,52.09505,10.29217,6.3,13.2,12.8,0.262,13.5,0.193,1.29
2026-10-09,W1100,52.09505,10.29217,5.2,9.5,10.5,0.273,11.6,0.197,0.95
2026-10-10,W1100,52.09505,10.29217,4.5,11.5,12.1,0.291,11.9,0.2,1.8
2026-10-11,W1100,52.09505,10.29217,1.35,10.9,10.6,0.283,11.5,0.205,1.98
2026-10-12,W1100,52.09505,10.29217,3.0,10.7,10.3,0.271,10.9,0.208,1.58
2026-10-06,W1101,52.09505,10.32173,0.0,15.0,14.0,0.235,13.4,0.192,1.85
2026-10-07,W1101,52.09505,10.32173,0.0,15.0,13.7,0.222,13.4,0.192,1.99
2026-10-08,W1101,52.09505,10.32173,5.87,12.8,12.8,0.262,13.5,0.193,1.25
2026-10-09,W1101,52.09505,10.32173,5.2,9.2,10.5,0.273,11.6,0.197,0.93
2026-10-10,W1101,52.09505,10.32173,4.5,11.2,12.1,0.291,11.9,0.2,1.78
2026-10-11,W1101,52.09505,10.32173,1.05,10.8,10.6,0.283,11.5,0.205,2.06
2026-10-12,W1101,52.09505,10.32173,4.5,10.4,10.3,0.271,10.9,0.208,1.55
2026-10-06,W1578,52.09505,10.3513,0.0,15.3,14.2,0.232,13.4,0.173,1.92
2026-10-07,W1578,52.09505,10.3513,0.0,15.4,13.3,0.217,13.2,0.174,2.02
2026-10-08,W1578,52.09505,10.3513,5.32,13.0,12.7,0.246,13.3,0.174,1.32
2026-10-09,W1578,52.09505,10.3513,4.5,9.1,10.7,0.255,11.7,0.177,0.98
2026-10-10,W1578,52.09505,10.3513,3.9,11.1,12.3,0.256,11.9,0.179,1.8
2026-10-11,W1578,52.09505,10.3513,0.9,10.7,11.0,0.246,11.7,0.181,2.06
2026-10-12,W1578,52.09505,10.3513,4.5,10.3,10.7,0.233,11.2,0.181,1.55
2026-10-06,W1102,52.09505,10.38086,0.0,15.6,14.2,0.232,13.4,0.173,1.91
2026-10-07,W1102,52.09505,10.38086,0.0,14.7,13.3,0.217,13.2,0.174,1.93
2026-10-08,W1102,52.09505,10.38086,5.55,13.0,12.7,0.246,13.3,0.174,1.29
2026-10-09,W1102,52.09505,10.38086,4.5,9.6,10.7,0.255,11.7,0.177,1.0
2026-10-10,W1102,52.09505,10.38086,3.9,11.5,12.3,0.256,11.9,0.179,1.83
2026-10-11,W1102,52.09505,10.38086,0.9,11.1,11.0,0.246,11.7,0.181,2.1
2026-10-12,W1102,52.09505,10.38086,4.5,10.8,10.7,0.233,11.2,0.181,1.57
2026-10-06,W1103,52.09505,10.41042,0.0,15.3,14.2,0.232,13.4,0.173,1.88
2026-10-07,W1103,52.09505,10.41042,0.0,14.5,13.3,0.217,13.2,0.174,1.93
2026-10-08,W1103,52.09505,10.41042,4.82,12.8,12.7,0.246,13.3,0.174,1.29
2026-10-09,W1103,52.09505,10.41042,4.4,9.8,10.7,0.255,11.7,0.177,1.02
2026-10-10,W1103,52.09505,10.41042,3.3,11.7,12.3,0.256,11.9,0.179,1.85
2026-10-11,W1103,52.09505,10.41042,0.75,11.2,11.0,0.246,11.7,0.181,2.12
2026-10-12,W1103,52.09505,10.41042,4.5,10.9,10.7,0.233,11.2,0.181,1.58
2026-10-06,W1104,52.09505,10.43999,0.0,15.3,14.2,0.224,13.6,0.181,1.88
2026-10-07,W1104,52.09505,10.43999,0.0,14.5,14.0,0.211,13.7,0.181,1.94
2026-10-08,W1104,52.09505,10.43999,4.82,12.9,13.0,0.234,13.8,0.181,1.29
2026-10-09,W1104,52.09505,10.43999,4.4,9.8,10.8,0.245,12.0,0.183,1.02
2026-10-10,W1104,52.09505,10.43999,3.3,11.8,12.4,0.257,12.2,0.185,1.85
2026-10-11,W1104,52.09505,10.43999,0.75,11.3,10.9,0.253,11.8,0.187,2.12
2026-10-12,W1104,52.09505,10.43999,4.5,10.9,10.6,0.248,11.2,0.188,1.58
2026-10-06,W1105,52.09505,10.46955,0.0,15.2,14.2,0.224,13.6,0.181,1.87
2026-10-07,W1105,52.09505,10.46955,0.0,14.7,14.0,0.211,13.7,0.181,1.94
2026-10-08,W1105,52.09505,10.46955,4.8,13.0,13.0,0.234,13.8,0.181,1.29
2026-10-09,W1105,52.09505,10.46955,4.2,9.9,10.8,0.245,12.0,0.183,1.03
2026-10-10,W1105,52.09505,10.46955,2.7,11.8,12.4,0.257,12.2,0.185,1.86
2026-10-11,W1105,52.09505,10.46955,0.75,11.2,10.9,0.253,11.8,0.187,2.11
2026-10-12,W1105,52.09505,10.46955,4.5,10.8,10.6,0.248,11.2,0.188,1.58
2026-10-06,W1106,52.09505,10.49912,0.0,15.1,14.2,0.224,13.6,0.181,1.87
2026-10-07,W1106,52.09505,10.49912,0.0,15.7,14.0,0.211,13.7,0.181,2.01
2026-10-08,W1106,52.09505,10.49912,5.35,13.1,13.0,0.234,13.8,0.181,1.32
2026-10-09,W1106,52.09505,10.49912,4.2,9.6,10.8,0.245,12.0,0.183,1.01
2026-10-10,W1106,52.09505,10.49912,2.7,11.4,12.4,0.257,12.2,0.185,1.83
2026-10-11,W1106,52.09505,10.49912,0.75,10.9,10.9,0.253,11.8,0.187,2.08
2026-10-12,W1106,52.09505,10.49912,4.5,10.5,10.6,0.248,11.2,0.188,1.55
2026-10-06,W1107,52.09505,10.52868,0.0,15.4,14.1,0.239,13.4,0.191,1.88
2026-10-07,W1107,52.09505,10.52868,0.0,15.2,13.9,0.225,13.7,0.191,1.96
2026-10-08,W1107,52.09505,10.52868,5.27,12.9,12.9,0.24,13.8,0.191,1.29
2026-10-09,W1107,52.09505,10.52868,4.2,9.4,11.1,0.246,12.2,0.192,1.0
2026-10-10,W1107,52.09505,10.52868,2.7,11.3,12.6,0.266,12.4,0.194,1.82
2026-10-11,W1107,52.09505,10.52868,0.75,10.7,11.3,0.257,12.1,0.196,2.07
2026-10-12,W1107,52.09505,10.52868,4.5,10.3,10.9,0.244,11.6,0.196,1.55
2026-10-06,W1108,52.09505,10.55825,0.0,14.7,14.1,0.239,13.4,0.191,1.87
2026-10-07,W1108,52.09505,10.55825,0.0,14.4,13.9,0.225,13.7,0.191,2.02
2026-10-08,W1108,52.09505,10.55825,5.3,12.6,12.9,0.24,13.8,0.191,1.26
2026-10-09,W1108,52.09505,10.55825,4.1,10.2,11.1,0.246,12.2,0.192,1.04
2026-10-10,W1108,52.09505,10.55825,3.0,12.0,12.6,0.266,12.4,0.194,1.9
2026-10-11,W1108,52.09505,10.55825,0.75,11.4,11.3,0.257,12.1,0.196,2.13
2026-10-12,W1108,52.09505,10.55825,4.5,11.0,10.9,0.244,11.6,0.196,1.59
2026-10-06,W1109,52.09505,10.58781,0.0,14.7,13.7,0.229,12.9,0.182,1.87
2026-10-07,W1109,52.09505,10.58781,0.0,14.4,14.0,0.216,13.4,0.182,2.02
2026-10-08,W1109,52.09505,10.58781,5.3,12.6,12.8,0.247,13.5,0.183,1.26
2026-10-09,W1109,52.09505,10.58781,4.1,10.2,10.6,0.255,11.7,0.185,1.04
2026-10-10,W1109,52.09505,10.58781,3.0,12.0,12.3,0.257,12.0,0.187,1.9
2026-10-11,W1109,52.09505,10.58781,0.75,11.4,10.7,0.255,11.6,0.188,2.14
2026-10-12,W1109,52.09505,10.58781,4.5,10.8,10.2,0.256,10.9,0.19,1.47
2026-10-06,W1110,52.09505,10.61737,0.0,14.5,13.7,0.229,12.9,0.182,1.87
2026-10-07,W1110,52.09505,10.61737,0.0,15.0,14.0,0.216,13.4,0.182,2.06
2026-10-08,W1110,52.09505,10.61737,5.05,12.8,12.8,0.247,13.5,0.183,1.31
2026-10-09,W1110,52.09505,10.61737,4.2,10.1,10.6,0.255,11.7,0.185,1.1
2026-10-10,W1110,52.09505,10.61737,2.7,11.9,12.3,0.257,12.0,0.187,1.95
2026-10-11,W1110,52.09505,10.61737,0.75,11.2,10.7,0.255,11.6,0.188,2.13
2026-10-12,W1110,52.09505,10.61737,4.5,10.7,10.2,0.256,10.9,0.19,1.45
2026-10-06,W1111,52.09505,10.64694,0.0,15.0,13.7,0.229,12.9,0.182,1.88
2026-10-07,W1111,52.09505,10.64694,0.0,15.4,14.0,0.216,13.4,0.182,2.1
2026-10-08,W1111,52.09505,10.64694,4.9,13.0,12.8,0.247,13.5,0.183,1.33
2026-10-09,W1111,52.09505,10.64694,4.2,10.2,10.6,0.255,11.7,0.185,1.11
2026-10-10,W1111,52.09505,10.64694,2.7,11.9,12.3,0.257,12.0,0.187,1.95
2026-10-11,W1111,52.09505,10.64694,0.75,11.3,10.7,0.255,11.6,0.188,2.13
2026-10-12,W1111,52.09505,10.64694,4.5,10.7,10.2,0.256,10.9,0.19,1.46
2026-10-06,W1112,52.09505,10.6765,0.0,14.5,13.7,0.229,12.9,0.182,1.86
2026-10-07,W1112,52.09505,10.6765,0.0,15.1,14.0,0.216,13.4,0.182,2.04
2026-10-08,W1112,52.09505,10.6765,4.2,12.9,12.8,0.247,13.5,0.183,1.32
2026-10-09,W1112,52.09505,10.6765,4.3,10.2,10.6,0.255,11.7,0.185,1.12
2026-10-10,W1112,52.09505,10.6765,3.0,11.9,12.3,0.257,12.0,0.187,1.95
2026-10-11,W1112,52.09505,10.6765,0.75,11.2,10.7,0.255,11.6,0.188,2.13
2026-10-12,W1112,52.09505,10.6765,4.5,10.7,10.2,0.256,10.9,0.19,1.45
2026-10-06,W1113,52.09505,10.70607,0.0,15.0,13.5,0.248,12.6,0.203,1.86
2026-10-07,W1113,52.09505,10.70607,0.0,15.5,13.8,0.234,13.4,0.203,2.08
2026-10-08,W1113,52.09505,10.70607,4.05,13.0,12.8,0.258,13.5,0.203,1.33
2026-10-09,W1113,52.09505,10.70607,4.3,10.2,10.9,0.262,11.8,0.205,1.12
2026-10-10,W1113,52.09505,10.70607,3.0,11.9,12.3,0.287,12.1,0.207,1.95
2026-10-11,W1113,52.09505,10.70607,0.15,11.2,10.9,0.282,11.7,0.211,2.24
2026-10-12,W1113,52.09505,10.70607,3.0,10.7,10.5,0.271,11.1,0.213,1.58
2026-10-06,W1114,52.09505,10.73563,0.0,14.7,13.5,0.248,12.6,0.203,1.8
2026-10-07,W1114,52.09505,10.73563,0.0,14.9,13.8,0.234,13.4,0.203,2.03
2026-10-08,W1114,52.09505,10.73563,3.78,12.5,12.8,0.258,13.5,0.203,1.33
2026-10-09,W1114,52.09505,10.73563,5.3,9.9,10.9,0.262,11.8,0.205,1.09
2026-10-10,W1114,52.09505,10.73563,3.0,11.7,12.3,0.287,12.1,0.207,1.98
2026-10-11,W1114,52.09505,10.73563,0.0,11.0,10.9,0.282,11.7,0.211,2.23
2026-10-12,W1114,52.09505,10.73563,3.0,10.5,10.5,0.271,11.1,0.213,1.57
2026-10-06,W1115,52.09505,10.76519,0.0,14.9,13.6,0.238,12.8,0.202,1.81
2026-10-07,W1115,52.09505,10.76519,0.0,15.0,14.0,0.225,13.4,0.201,2.04
2026-10-08,W1115,52.09505,10.76519,3.78,12.7,12.7,0.258,13.4,0.201,1.34
2026-10-09,W1115,52.09505,10.76519,5.3,10.1,10.5,0.266,11.6,0.204,1.1
2026-10-10,W1115,52.09505,10.76519,3.0,11.9,12.1,0.269,11.9,0.205,1.99
2026-10-11,W1115,52.09505,10.76519,0.0,11.1,10.6,0.265,11.5,0.207,2.24
2026-10-12,W1115,52.09505,10.76519,3.0,10.7,10.0,0.262,10.7,0.208,1.58
2026-10-06,W1579,52.09505,10.79476,0.0,13.9,13.6,0.238,12.8,0.202,1.82
2026-10-07,W1579,52.09505,10.79476,0.0,14.3,14.0,0.225,13.4,0.201,2.09
2026-10-08,W1579,52.09505,10.79476,3.9,12.4,12.7,0.258,13.4,0.201,1.35
2026-10-09,W1579,52.09505,10.79476,6.1,10.2,10.5,0.266,11.6,0.204,1.09
2026-10-10,W1579,52.09505,10.79476,3.3,12.0,12.1,0.269,11.9,0.205,2.04
2026-10-11,W1579,52.09505,10.79476,0.15,11.2,10.6,0.265,11.5,0.207,2.25
2026-10-12,W1579,52.09505,10.79476,3.0,10.8,10.0,0.262,10.7,0.208,1.58
2026-10-06,W1116,52.09505,10.82432,0.0,14.3,13.6,0.238,12.8,0.202,1.81
2026-10-07,W1116,52.09505,10.82432,0.0,14.8,14.0,0.225,13.4,0.201,2.16
2026-10-08,W1116,52.09505,10.82432,4.27,12.4,12.7,0.258,13.4,0.201,1.34
2026-10-09,W1116,52.09505,10.82432,6.1,10.1,10.5,0.266,11.6,0.204,1.09
2026-10-10,W1116,52.09505,10.82432,3.3,11.9,12.1,0.269,11.9,0.205,2.03
2026-10-11,W1116,52.09505,10.82432,0.75,11.1,10.6,0.265,11.5,0.207,2.14
2026-10-12,W1116,52.09505,10.82432,4.2,10.5,10.0,0.262,10.7,0.208,1.4
2026-10-06,W1117,52.09505,10.85389,0.0,14.5,13.4,0.27,12.5,0.238,1.81
2026-10-07,W1117,52.09505,10.85389,0.0,14.9,13.6,0.256,13.2,0.237,2.15
2026-10-08,W1117,52.09505,10.85389,4.4,12.7,12.7,0.284,13.2,0.237,1.32
2026-10-09,W1117,52.09505,10.85389,7.0,10.3,10.7,0.286,11.6,0.239,1.02
2026-10-10,W1117,52.09505,10.85389,3.3,12.1,12.2,0.289,11.9,0.24,1.99
2026-10-11,W1117,52.09505,10.85389,0.75,11.1,10.7,0.286,11.5,0.241,2.11
2026-10-12,W1117,52.09505,10.85389,4.2,10.4,10.2,0.284,10.9,0.242,1.39
2026-10-06,W1580,52.09505,10.88345,0.0,14.4,13.4,0.27,12.5,0.238,1.8
2026-10-07,W1580,52.09505,10.88345,0.0,14.8,13.6,0.256,13.2,0.237,2.16
2026-10-08,W1580,52.09505,10.88345,4.6,12.7,12.7,0.284,13.2,0.237,1.33
2026-10-09,W1580,52.09505,10.88345,7.0,10.4,10.7,0.286,11.6,0.239,1.02
2026-10-10,W1580,52.09505,10.88345,3.3,12.3,12.2,0.289,11.9,0.24,2.0
2026-10-11,W1580,52.09505,10.88345,0.75,11.3,10.7,0.286,11.5,0.241,2.13
2026-10-12,W1580,52.09505,10.88345,4.2,10.5,10.2,0.284,10.9,0.242,1.4
2026-10-06,W1118,52.09505,10.91302,0.0,14.2,13.4,0.27,12.5,0.238,1.79
2026-10-07,W1118,52.09505,10.91302,0.0,14.4,13.6,0.256,13.2,0.237,2.15
2026-10-08,W1118,52.09505,10.91302,3.88,12.4,12.7,0.284,13.2,0.237,1.39
2026-10-09,W1118,52.09505,10.91302,7.8,10.4,10.7,0.286,11.6,0.239,1.09
2026-10-10,W1118,52.09505,10.91302,3.6,12.2,12.2,0.289,11.9,0.24,2.1
2026-10-11,W1118,52.09505,10.91302,0.9,11.3,10.7,0.286,11.5,0.241,2.15
2026-10-12,W1118,52.09505,10.91302,4.2,10.7,10.2,0.284,10.9,0.242,1.41
2026-10-06,W1581,52.09505,10.94258,0.0,14.3,13.7,0.214,12.7,0.184,1.79
2026-10-07,W1581,52.09505,10.94258,0.0,14.5,13.9,0.202,13.2,0.183,2.15
2026-10-08,W1581,52.09505,10.94258,3.88,12.5,12.7,0.236,13.2,0.183,1.39
2026-10-09,W1581,52.09505,10.94258,7.8,10.4,10.5,0.243,11.5,0.185,1.09
2026-10-10,W1581,52.09505,10.94258,3.6,12.2,12.1,0.248,11.7,0.186,2.1
2026-10-11,W1581,52.09505,10.94258,0.9,11.4,10.6,0.245,11.3,0.187,2.16
2026-10-12,W1581,52.09505,10.94258,4.2,10.7,10.1,0.244,10.7,0.188,1.41
2026-10-06,W1119,52.09505,10.97214,0.0,13.7,13.7,0.214,12.7,0.184,1.77
2026-10-07,W1119,52.09505,10.97214,0.0,14.3,13.9,0.202,13.2,0.183,2.19
2026-10-08,W1119,52.09505,10.97214,3.23,12.5,12.7,0.236,13.2,0.183,1.42
2026-10-09,W1119,52.09505,10.97214,7.5,10.2,10.5,0.243,11.5,0.185,1.16
2026-10-10,W1119,52.09505,10.97214,3.6,12.0,12.1,0.248,11.7,0.186,2.15
2026-10-11,W1119,52.09505,10.97214,0.75,11.2,10.6,0.245,11.3,0.187,2.17
2026-10-12,W1119,52.09505,10.97214,4.2,10.6,10.1,0.244,10.7,0.188,1.41
2026-10-06,W1120,52.09505,11.00171,0.0,13.8,13.7,0.214,12.7,0.184,1.79
2026-10-07,W1120,52.09505,11.00171,0.0,14.4,13.9,0.202,13.2,0.183,2.21
2026-10-08,W1120,52.09505,11.00171,3.13,12.7,12.7,0.236,13.2,0.183,1.43
2026-10-09,W1120,52.09505,11.00171,7.5,10.0,10.5,0.243,11.5,0.185,1.15
2026-10-10,W1120,52.09505,11.00171,3.6,11.8,12.1,0.248,11.7,0.186,2.13
2026-10-11,W1120,52.09505,11.00171,0.75,11.0,10.6,0.245,11.3,0.187,2.15
2026-10-12,W1120,52.09505,11.00171,4.2,10.4,10.1,0.244,10.7,0.188,1.39
2026-10-06,W1121,52.09505,11.03127,0.0,14.6,12.9,0.274,11.8,0.249,1.77
2026-10-07,W1121,52.09505,11.03127,0.0,15.1,13.0,0.26,12.3,0.248,2.3
2026-10-08,W1121,52.09505,11.03127,3.37,13.0,12.3,0.298,12.4,0.248,1.46
2026-10-09,W1121,52.09505,11.03127,7.7,10.3,10.4,0.3,11.0,0.251,1.13
2026-10-10,W1121,52.09505,11.03127,3.9,12.1,11.9,0.304,11.3,0.253,2.07
2026-10-11,W1121,52.09505,11.03127,0.6,11.1,10.4,0.297,11.0,0.255,2.14
2026-10-12,W1121,52.09505,11.03127,4.2,10.4,10.0,0.289,10.4,0.255,1.4
2026-10-06,W1122,52.09505,11.06084,0.0,14.7,12.9,0.274,11.8,0.249,1.77
2026-10-07,W1122,52.09505,11.06084,0.0,15.2,13.0,0.26,12.3,0.248,2.31
2026-10-08,W1122,52.09505,11.06084,3.37,13.1,12.3,0.298,12.4,0.248,1.47
2026-10-09,W1122,52.09505,11.06084,7.7,10.4,10.4,0.3,11.0,0.251,1.13
2026-10-10,W1122,52.09505,11.06084,3.9,12.2,11.9,0.304,11.3,0.253,2.08
2026-10-11,W1122,52.09505,11.06084,0.6,11.2,10.4,0.297,11.0,0.255,2.15
2026-10-12,W1122,52.09505,11.06084,4.2,10.5,10.0,0.289,10.4,0.255,1.4
2026-10-06,W1123,52.09505,11.0904,0.0,14.8,13.7,0.233,12.9,0.205,1.78
2026-10-07,W1123,52.09505,11.0904,0.0,15.6,13.9,0.221,13.4,0.205,2.36
2026-10-08,W1123,52.09505,11.0904,3.87,13.2,12.8,0.265,13.4,0.205,1.5
2026-10-09,W1123,52.09505,11.0904,7.7,10.3,10.7,0.272,11.8,0.208,1.13
2026-10-10,W1123,52.09505,11.0904,3.9,12.1,12.2,0.286,12.0,0.21,2.07
2026-10-11,W1123,52.09505,11.0904,0.0,11.3,10.7,0.284,11.6,0.214,2.25
2026-10-12,W1123,52.09505,11.0904,2.1,10.7,10.2,0.291,10.9,0.217,1.64
2026-10-06,W1124,52.09505,11.11997,0.0,14.8,13.7,0.233,12.9,0.205,1.78
2026-10-07,W1124,52.09505,11.11997,0.0,15.7,13.9,0.221,13.4,0.205,2.36
2026-10-08,W1124,52.09505,11.11997,3.98,13.3,12.8,0.265,13.4,0.205,1.49
2026-10-09,W1124,52.09505,11.11997,7.2,10.4,10.7,0.272,11.8,0.208,1.12
2026-10-10,W1124,52.09505,11.11997,3.9,12.2,12.2,0.286,12.0,0.21,2.05
2026-10-11,W1124,52.09505,11.11997,0.0,11.4,10.7,0.284,11.6,0.214,2.26
2026-10-12,W1124,52.09505,11.11997,2.1,10.8,10.2,0.291,10.9,0.217,1.64
2026-10-06,W1125,52.09505,11.14953,0.0,15.2,13.7,0.233,12.9,0.205,1.76
2026-10-07,W1125,52.09505,11.14953,0.0,16.1,13.9,0.221,13.4,0.205,2.34
2026-10-08,W1125,52.09505,11.14953,3.95,13.6,12.8,0.265,13.4,0.205,1.52
2026-10-09,W1125,52.09505,11.14953,7.2,10.2,10.7,0.272,11.8,0.208,1.11
2026-10-10,W1125,52.09505,11.14953,3.9,12.0,12.2,0.286,12.0,0.21,2.04
2026-10-11,W1125,52.09505,11.14953,0.0,11.2,10.7,0.284,11.6,0.214,2.24
2026-10-12,W1125,52.09505,11.14953,2.1,10.6,10.2,0.291,10.9,0.217,1.63
2026-10-06,W0034,52.1041,10.1295,0.0,14.2,13.7,0.246,13.2,0.221,1.81
2026-10-07,W0034,52.1041,10.1295,0.0,13.4,13.3,0.234,13.1,0.22,1.92
2026-10-08,W0034,52.1041,10.1295,7.22,12.8,12.8,0.284,13.4,0.221,1.22
2026-10-09,W0034,52.1041,10.1295,5.2,9.6,10.5,0.296,11.5,0.226,0.83
2026-10-10,W0034,52.1041,10.1295,7.2,11.6,12.1,0.32,11.8,0.232,1.7
2026-10-11,W0034,52.1041,10.1295,1.35,11.0,10.6,0.306,11.4,0.238,1.97
2026-10-12,W0034,52.1041,10.1295,3.0,10.8,10.2,0.293,10.8,0.241,1.59
2026-10-06,W0035,52.1041,10.1591,0.0,14.4,13.7,0.246,13.2,0.221,1.83
2026-10-07,W0035,52.1041,10.1591,0.0,13.6,13.3,0.234,13.1,0.22,1.93
2026-10-08,W0035,52.1041,10.1591,6.77,13.0,12.8,0.284,13.4,0.221,1.25
2026-10-09,W0035,52.1041,10.1591,5.2,9.7,10.5,0.296,11.5,0.226,0.87
2026-10-10,W0035,52.1041,10.1591,6.3,11.7,12.1,0.32,11.8,0.232,1.73
2026-10-11,W0035,52.1041,10.1591,1.65,11.1,10.6,0.306,11.4,0.238,1.98
2026-10-12,W0035,52.1041,10.1591,3.0,10.9,10.2,0.293,10.8,0.241,1.59
2026-10-06,W1126,52.11306,10.17391,0.0,14.1,13.7,0.246,13.2,0.221,1.81
2026-10-07,W1126,52.11306,10.17391,0.0,13.4,13.3,0.234,13.1,0.22,1.92
2026-10-08,W1126,52.11306,10.17391,7.07,12.8,12.8,0.284,13.4,0.221,1.22
2026-10-09,W1126,52.11306,10.17391,5.2,9.6,10.5,0.296,11.5,0.226,0.86
2026-10-10,W1126,52.11306,10.17391,6.3,11.6,12.1,0.32,11.8,0.232,1.73
2026-10-11,W1126,52.11306,10.17391,1.65,11.0,10.6,0.306,11.4,0.238,1.97
2026-10-12,W1126,52.11306,10.17391,3.0,10.9,10.2,0.293,10.8,0.241,1.59
2026-10-06,W0036,52.1041,10.2182,0.0,14.7,13.9,0.25,13.4,0.206,1.84
2026-10-07,W0036,52.1041,10.2182,0.0,14.5,13.4,0.236,13.1,0.206,2.0
2026-10-08,W0036,52.1041,10.2182,6.5,12.8,12.8,0.276,13.3,0.206,1.22
2026-10-09,W0036,52.1041,10.2182,5.2,9.5,10.4,0.287,11.5,0.211,0.86
2026-10-10,W0036,52.1041,10.2182,6.3,11.5,12.0,0.289,11.7,0.214,1.72
2026-10-11,W0036,52.1041,10.2182,1.65,10.9,10.6,0.277,11.4,0.217,1.96
2026-10-12,W0036,52.1041,10.2182,3.0,10.7,10.4,0.263,10.9,0.218,1.58
2026-10-06,W0037,52.1041,10.2477,0.0,14.9,14.0,0.235,13.4,0.192,1.84
2026-10-07,W0037,52.1041,10.2477,0.0,15.4,13.7,0.222,13.4,0.192,2.03
2026-10-08,W0037,52.1041,10.2477,6.9,12.9,12.8,0.262,13.5,0.193,1.25
2026-10-09,W0037,52.1041,10.2477,5.2,9.3,10.5,0.273,11.6,0.197,0.89
2026-10-10,W0037,52.1041,10.2477,5.7,11.3,12.1,0.291,11.9,0.2,1.72
2026-10-11,W0037,52.1041,10.2477,1.65,10.7,10.6,0.283,11.5,0.205,1.96
2026-10-12,W0037,52.1041,10.2477,3.0,10.6,10.3,0.271,10.9,0.208,1.57
2026-10-06,W0038,52.1041,10.2772,0.0,14.3,13.3,0.235,12.7,0.192,1.82
2026-10-07,W0038,52.1041,10.2772,0.0,14.6,12.9,0.222,12.6,0.192,1.98
2026-10-08,W0038,52.1041,10.2772,6.27,12.2,12.1,0.262,12.7,0.193,1.18
2026-10-09,W0038,52.1041,10.2772,5.2,8.7,9.8,0.273,10.9,0.197,0.87
2026-10-10,W0038,52.1041,10.2772,5.7,10.7,11.4,0.291,11.1,0.2,1.68
2026-10-11,W0038,52.1041,10.2772,1.65,10.2,9.9,0.283,10.8,0.205,1.91
2026-10-12,W0038,52.1041,10.2772,3.0,10.0,9.6,0.271,10.2,0.208,1.54
2026-10-06,W0039,52.1041,10.3068,0.0,15.0,14.0,0.235,13.4,0.192,1.84
2026-10-07,W0039,52.1041,10.3068,0.0,15.4,13.7,0.222,13.4,0.192,2.04
2026-10-08,W0039,52.1041,10.3068,6.3,13.0,12.8,0.262,13.5,0.193,1.28
2026-10-09,W0039,52.1041,10.3068,5.2,9.3,10.5,0.273,11.6,0.197,0.94
2026-10-10,W0039,52.1041,10.3068,4.5,11.3,12.1,0.291,11.9,0.2,1.78
2026-10-11,W0039,52.1041,10.3068,1.35,10.7,10.6,0.283,11.5,0.205,1.97
2026-10-12,W0039,52.1041,10.3068,3.0,10.5,10.3,0.271,10.9,0.208,1.57
2026-10-06,W0040,52.1041,10.3363,0.0,15.0,14.0,0.235,13.4,0.192,1.87
2026-10-07,W0040,52.1041,10.3363,0.0,15.2,13.7,0.222,13.4,0.192,2.01
2026-10-08,W0040,52.1041,10.3363,5.97,12.7,12.8,0.262,13.5,0.193,1.26
2026-10-09,W0040,52.1041,10.3363,5.2,8.9,10.5,0.273,11.6,0.197,0.92
2026-10-10,W0040,52.1041,10.3363,4.5,10.9,12.1,0.291,11.9,0.2,1.75
2026-10-11,W0040,52.1041,10.3363,1.05,10.5,10.6,0.283,11.5,0.205,2.04
2026-10-12,W0040,52.1041,10.3363,4.5,10.2,10.3,0.271,10.9,0.208,1.54
2026-10-06,W0041,52.1041,10.3658,0.0,15.8,14.2,0.232,13.4,0.173,1.94
2026-10-07,W0041,52.1041,10.3658,0.0,15.8,13.3,0.217,13.2,0.174,2.04
2026-10-08,W0041,52.1041,10.3658,5.32,13.4,12.7,0.246,13.3,0.174,1.34
2026-10-09,W0041,52.1041,10.3658,4.5,9.6,10.7,0.255,11.7,0.177,1.0
2026-10-10,W0041,52.1041,10.3658,3.9,11.6,12.3,0.256,11.9,0.179,1.84
2026-10-11,W0041,52.1041,10.3658,0.9,11.1,11.0,0.246,11.7,0.181,2.1
2026-10-12,W0041,52.1041,10.3658,4.5,10.8,10.7,0.233,11.2,0.181,1.57
2026-10-06,W1127,52.11306,10.38086,0.0,16.0,14.2,0.224,13.6,0.181,1.9
2026-10-07,W1127,52.11306,10.38086,0.0,15.1,14.0,0.211,13.7,0.181,1.91
2026-10-08,W1127,52.11306,10.38086,5.35,13.1,13.0,0.234,13.8,0.181,1.28
2026-10-09,W1127,52.11306,10.38086,4.5,9.7,10.8,0.245,12.0,0.183,1.01
2026-10-10,W1127,52.11306,10.38086,3.9,11.7,12.4,0.257,12.2,0.185,1.84
2026-10-11,W1127,52.11306,10.38086,0.9,11.2,10.9,0.253,11.8,0.187,2.11
2026-10-12,W1127,52.11306,10.38086,4.5,10.9,10.6,0.248,11.2,0.188,1.58
2026-10-06,W1128,52.11306,10.41042,0.0,15.4,14.2,0.224,13.6,0.181,1.88
2026-10-07,W1128,52.11306,10.41042,0.0,14.3,14.0,0.211,13.7,0.181,1.93
2026-10-08,W1128,52.11306,10.41042,4.85,12.8,13.0,0.234,13.8,0.181,1.28
2026-10-09,W1128,52.11306,10.41042,4.4,9.9,10.8,0.245,12.0,0.183,1.02
2026-10-10,W1128,52.11306,10.41042,3.3,11.8,12.4,0.257,12.2,0.185,1.85
2026-10-11,W1128,52.11306,10.41042,0.75,11.3,10.9,0.253,11.8,0.187,2.12
2026-10-12,W1128,52.11306,10.41042,4.5,10.9,10.6,0.248,11.2,0.188,1.59
2026-10-06,W1129,52.11306,10.43999,0.0,15.1,14.2,0.224,13.6,0.181,1.85
2026-10-07,W1129,52.11306,10.43999,0.0,14.5,14.0,0.211,13.7,0.181,1.95
2026-10-08,W1129,52.11306,10.43999,4.8,12.9,13.0,0.234,13.8,0.181,1.29
2026-10-09,W1129,52.11306,10.43999,4.4,9.8,10.8,0.245,12.0,0.183,1.02
2026-10-10,W1129,52.11306,10.43999,3.3,11.8,12.4,0.257,12.2,0.185,1.85
2026-10-11,W1129,52.11306,10.43999,0.75,11.3,10.9,0.253,11.8,0.187,2.12
2026-10-12,W1129,52.11306,10.43999,4.5,10.9,10.6,0.248,11.2,0.188,1.58
2026-10-06,W0042,52.1041,10.484,0.0,15.5,14.2,0.224,13.6,0.181,1.89
2026-10-07,W0042,52.1041,10.484,0.0,15.6,14.0,0.211,13.7,0.181,2.01
2026-10-08,W0042,52.1041,10.484,5.07,13.3,13.0,0.234,13.8,0.181,1.33
2026-10-09,W0042,52.1041,10.484,4.2,9.8,10.8,0.245,12.0,0.183,1.02
2026-10-10,W0042,52.1041,10.484,2.7,11.7,12.4,0.257,12.2,0.185,1.85
2026-10-11,W0042,52.1041,10.484,0.75,11.1,10.9,0.253,11.8,0.187,2.1
2026-10-12,W0042,52.1041,10.484,4.5,10.7,10.6,0.248,11.2,0.188,1.57
2026-10-06,W0043,52.1041,10.5135,0.0,15.2,13.5,0.224,12.9,0.181,1.88
2026-10-07,W0043,52.1041,10.5135,0.0,15.0,13.3,0.211,13.0,0.181,1.95
2026-10-08,W0043,52.1041,10.5135,5.27,12.8,12.3,0.234,13.1,0.181,1.28
2026-10-09,W0043,52.1041,10.5135,4.2,9.3,10.1,0.245,11.3,0.183,1.0
2026-10-10,W0043,52.1041,10.5135,2.7,11.2,11.7,0.257,11.5,0.185,1.81
2026-10-11,W0043,52.1041,10.5135,0.75,10.6,10.2,0.253,11.1,0.187,2.06
2026-10-12,W0043,52.1041,10.5135,4.5,10.2,9.9,0.248,10.5,0.188,1.54
2026-10-06,W0044,52.1041,10.5431,0.0,15.7,14.1,0.239,13.4,0.191,1.9
2026-10-07,W0044,52.1041,10.5431,0.0,15.5,13.9,0.225,13.7,0.191,1.97
2026-10-08,W0044,52.1041,10.5431,4.88,13.2,12.9,0.24,13.8,0.191,1.31
2026-10-09,W0044,52.1041,10.5431,4.1,9.9,11.1,0.246,12.2,0.192,1.03
2026-10-10,W0044,52.1041,10.5431,3.0,11.7,12.6,0.266,12.4,0.194,1.87
2026-10-11,W0044,52.1041,10.5431,0.75,11.0,11.3,0.257,12.1,0.196,2.09
2026-10-12,W0044,52.1041,10.5431,4.5,10.7,10.9,0.244,11.6,0.196,1.57
2026-10-06,W1130,52.11306,10.55825,0.0,15.8,13.7,0.229,12.9,0.182,1.9
2026-10-07,W1130,52.11306,10.55825,0.0,15.2,14.0,0.216,13.4,0.182,2.02
2026-10-08,W1130,52.11306,10.55825,5.03,13.0,12.8,0.247,13.5,0.183,1.28
2026-10-09,W1130,52.11306,10.55825,4.1,10.2,10.6,0.255,11.7,0.185,1.04
2026-10-10,W1130,52.11306,10.55825,3.0,12.0,12.3,0.257,12.0,0.187,1.9
2026-10-11,W1130,52.11306,10.55825,0.75,11.4,10.7,0.255,11.6,0.188,2.13
2026-10-12,W1130,52.11306,10.55825,4.5,11.0,10.2,0.256,10.9,0.19,1.59
2026-10-06,W1131,52.11306,10.58781,0.0,15.1,13.7,0.229,12.9,0.182,1.87
2026-10-07,W1131,52.11306,10.58781,0.0,14.7,14.0,0.216,13.4,0.182,2.02
2026-10-08,W1131,52.11306,10.58781,4.93,12.7,12.8,0.247,13.5,0.183,1.26
2026-10-09,W1131,52.11306,10.58781,4.1,10.1,10.6,0.255,11.7,0.185,1.04
2026-10-10,W1131,52.11306,10.58781,3.0,11.9,12.3,0.257,12.0,0.187,1.88
2026-10-11,W1131,52.11306,10.58781,0.75,11.3,10.7,0.255,11.6,0.188,2.12
2026-10-12,W1131,52.11306,10.58781,4.5,10.7,10.2,0.256,10.9,0.19,1.46
2026-10-06,W1132,52.11306,10.61737,0.0,14.8,13.7,0.229,12.9,0.182,1.87
2026-10-07,W1132,52.11306,10.61737,0.0,15.6,14.0,0.216,13.4,0.182,2.11
2026-10-08,W1132,52.11306,10.61737,4.82,13.2,12.8,0.247,13.5,0.183,1.33
2026-10-09,W1132,52.11306,10.61737,4.2,10.2,10.6,0.255,11.7,0.185,1.11
2026-10-10,W1132,52.11306,10.61737,2.7,12.0,12.3,0.257,12.0,0.187,1.96
2026-10-11,W1132,52.11306,10.61737,0.75,11.4,10.7,0.255,11.6,0.188,2.14
2026-10-12,W1132,52.11306,10.61737,4.5,10.8,10.2,0.256,10.9,0.19,1.46
2026-10-06,W1582,52.11306,10.64694,0.0,15.3,13.7,0.229,12.9,0.182,1.88
2026-10-07,W1582,52.11306,10.64694,0.0,15.9,14.0,0.216,13.4,0.182,2.16
2026-10-08,W1582,52.11306,10.64694,5.03,13.1,12.8,0.247,13.5,0.183,1.35
2026-10-09,W1582,52.11306,10.64694,4.2,10.0,10.6,0.255,11.7,0.185,1.1
2026-10-10,W1582,52.11306,10.64694,2.7,11.7,12.3,0.257,12.0,0.187,1.93
2026-10-11,W1582,52.11306,10.64694,0.75,11.1,10.7,0.255,11.6,0.188,2.11
2026-10-12,W1582,52.11306,10.64694,4.5,10.5,10.2,0.256,10.9,0.19,1.45
2026-10-06,W1133,52.11306,10.6765,0.0,15.6,13.7,0.229,12.9,0.182,1.87
2026-10-07,W1133,52.11306,10.6765,0.0,15.7,14.0,0.216,13.4,0.182,2.17
2026-10-08,W1133,52.11306,10.6765,4.6,13.1,12.8,0.247,13.5,0.183,1.37
2026-10-09,W1133,52.11306,10.6765,4.3,10.0,10.6,0.255,11.7,0.185,1.11
2026-10-10,W1133,52.11306,10.6765,3.0,11.8,12.3,0.257,12.0,0.187,1.94
2026-10-11,W1133,52.11306,10.6765,0.75,11.0,10.7,0.255,11.6,0.188,2.11
2026-10-12,W1133,52.11306,10.6765,4.5,10.5,10.2,0.256,10.9,0.19,1.44
2026-10-06,W1134,52.11306,10.70607,0.0,15.2,13.6,0.238,12.8,0.202,1.84
2026-10-07,W1134,52.11306,10.70607,0.0,15.2,14.0,0.225,13.4,0.201,2.1
2026-10-08,W1134,52.11306,10.70607,4.17,12.7,12.7,0.258,13.4,0.201,1.32
2026-10-09,W1134,52.11306,10.70607,4.3,9.9,10.5,0.266,11.6,0.204,1.1
2026-10-10,W1134,52.11306,10.70607,3.0,11.6,12.1,0.269,11.9,0.205,1.93
2026-10-11,W1134,52.11306,10.70607,0.15,10.9,10.6,0.265,11.5,0.207,2.22
2026-10-12,W1134,52.11306,10.70607,3.0,10.4,10.0,0.262,10.7,0.208,1.56
2026-10-06,W1135,52.11306,10.73563,0.0,14.7,13.6,0.238,12.8,0.202,1.8
2026-10-07,W1135,52.11306,10.73563,0.0,14.6,14.0,0.225,13.4,0.201,2.06
2026-10-08,W1135,52.11306,10.73563,3.8,12.3,12.7,0.258,13.4,0.201,1.32
2026-10-09,W1135,52.11306,10.73563,5.3,9.9,10.5,0.266,11.6,0.204,1.09
2026-10-10,W1135,52.11306,10.73563,3.0,11.6,12.1,0.269,11.9,0.205,1.97
2026-10-11,W1135,52.11306,10.73563,0.0,10.9,10.6,0.265,11.5,0.207,2.22
2026-10-12,W1135,52.11306,10.73563,3.0,10.4,10.0,0.262,10.7,0.208,1.56
2026-10-06,W1136,52.11306,10.76519,0.0,13.7,13.6,0.238,12.8,0.202,1.81
2026-10-07,W1136,52.11306,10.76519,0.0,14.0,14.0,0.225,13.4,0.201,2.08
2026-10-08,W1136,52.11306,10.76519,3.78,12.1,12.7,0.258,13.4,0.201,1.33
2026-10-09,W1136,52.11306,10.76519,5.3,10.1,10.5,0.266,11.6,0.204,1.1
2026-10-10,W1136,52.11306,10.76519,3.0,11.8,12.1,0.269,11.9,0.205,1.99
2026-10-11,W1136,52.11306,10.76519,0.0,11.1,10.6,0.265,11.5,0.207,2.24
2026-10-12,W1136,52.11306,10.76519,3.0,10.7,10.0,0.262,10.7,0.208,1.58
2026-10-06,W1137,52.11306,10.79476,0.0,14.0,13.6,0.238,12.8,0.202,1.81
2026-10-07,W1137,52.11306,10.79476,0.0,14.3,14.0,0.225,13.4,0.201,2.12
2026-10-08,W1137,52.11306,10.79476,3.88,12.4,12.7,0.258,13.4,0.201,1.35
2026-10-09,W1137,52.11306,10.79476,6.1,10.2,10.5,0.266,11.6,0.204,1.09
2026-10-10,W1137,52.11306,10.79476,3.3,12.0,12.1,0.269,11.9,0.205,2.04
2026-10-11,W1137,52.11306,10.79476,0.15,11.2,10.6,0.265,11.5,0.207,2.25
2026-10-12,W1137,52.11306,10.79476,3.0,10.8,10.0,0.262,10.7,0.208,1.58
2026-10-06,W1138,52.11306,10.82432,0.0,14.5,13.6,0.238,12.8,0.202,1.83
2026-10-07,W1138,52.11306,10.82432,0.0,14.8,14.0,0.225,13.4,0.201,2.14
2026-10-08,W1138,52.11306,10.82432,4.07,12.5,12.7,0.258,13.4,0.201,1.34
2026-10-09,W1138,52.11306,10.82432,6.1,10.1,10.5,0.266,11.6,0.204,1.09
2026-10-10,W1138,52.11306,10.82432,3.3,11.8,12.1,0.269,11.9,0.205,2.02
2026-10-11,W1138,52.11306,10.82432,0.75,11.1,10.6,0.265,11.5,0.207,2.14
2026-10-12,W1138,52.11306,10.82432,4.2,10.4,10.0,0.262,10.7,0.208,1.39
2026-10-06,W1139,52.11306,10.85389,0.0,14.6,13.6,0.238,12.8,0.202,1.81
2026-10-07,W1139,52.11306,10.85389,0.0,15.0,14.0,0.225,13.4,0.201,2.15
2026-10-08,W1139,52.11306,10.85389,4.4,12.7,12.7,0.258,13.4,0.201,1.33
2026-10-09,W1139,52.11306,10.85389,7.0,10.4,10.5,0.266,11.6,0.204,1.02
2026-10-10,W1139,52.11306,10.85389,3.3,12.2,12.1,0.269,11.9,0.205,1.99
2026-10-11,W1139,52.11306,10.85389,0.75,11.2,10.6,0.265,11.5,0.207,2.12
2026-10-12,W1139,52.11306,10.85389,4.2,10.4,10.0,0.262,10.7,0.208,1.39
2026-10-06,W1140,52.11306,10.88345,0.0,14.7,13.7,0.214,12.7,0.184,1.81
2026-10-07,W1140,52.11306,10.88345,0.0,15.1,13.9,0.202,13.2,0.183,2.16
2026-10-08,W1140,52.11306,10.88345,4.4,12.9,12.7,0.236,13.2,0.183,1.33
2026-10-09,W1140,52.11306,10.88345,7.0,10.5,10.5,0.243,11.5,0.185,1.02
2026-10-10,W1140,52.11306,10.88345,3.3,12.3,12.1,0.248,11.7,0.186,2.0
2026-10-11,W1140,52.11306,10.88345,0.75,11.3,10.6,0.245,11.3,0.187,2.13
2026-10-12,W1140,52.11306,10.88345,4.2,10.5,10.1,0.244,10.7,0.188,1.4
2026-10-06,W1141,52.11306,10.91302,0.0,15.7,13.7,0.214,12.7,0.184,1.9
2026-10-07,W1141,52.11306,10.91302,0.0,16.1,13.9,0.202,13.2,0.183,2.2
2026-10-08,W1141,52.11306,10.91302,4.42,13.3,12.7,0.236,13.2,0.183,1.39
2026-10-09,W1141,52.11306,10.91302,7.8,10.2,10.5,0.243,11.5,0.185,1.08
2026-10-10,W1141,52.11306,10.91302,3.6,12.1,12.1,0.248,11.7,0.186,2.09
2026-10-11,W1141,52.11306,10.91302,0.9,11.2,10.6,0.245,11.3,0.187,2.14
2026-10-12,W1141,52.11306,10.91302,4.2,10.5,10.1,0.244,10.7,0.188,1.4
2026-10-06,W1142,52.11306,10.94258,0.0,15.9,13.7,0.214,12.7,0.184,1.89
2026-10-07,W1142,52.11306,10.94258,0.0,16.1,13.9,0.202,13.2,0.183,2.15
2026-10-08,W1142,52.11306,10.94258,4.42,13.2,12.7,0.236,13.2,0.183,1.38
2026-10-09,W1142,52.11306,10.94258,7.8,10.2,10.5,0.243,11.5,0.185,1.08
2026-10-10,W1142,52.11306,10.94258,3.6,12.1,12.1,0.248,11.7,0.186,2.09
2026-10-11,W1142,52.11306,10.94258,0.9,11.2,10.6,0.245,11.3,0.187,2.14
2026-10-12,W1142,52.11306,10.94258,4.2,10.5,10.1,0.244,10.7,0.188,1.4
2026-10-06,W1143,52.11306,10.97214,0.0,14.3,13.7,0.214,12.7,0.184,1.77
2026-10-07,W1143,52.11306,10.97214,0.0,14.0,13.9,0.202,13.2,0.183,2.16
2026-10-08,W1143,52.11306,10.97214,3.3,12.4,12.7,0.236,13.2,0.183,1.43
2026-10-09,W1143,52.11306,10.97214,7.5,10.3,10.5,0.243,11.5,0.185,1.17
2026-10-10,W1143,52.11306,10.97214,3.6,12.1,12.1,0.248,11.7,0.186,2.16
2026-10-11,W1143,52.11306,10.97214,0.75,11.3,10.6,0.245,11.3,0.187,2.18
2026-10-12,W1143,52.11306,10.97214,4.2,10.7,10.1,0.244,10.7,0.188,1.41
2026-10-06,W1144,52.11306,11.00171,0.0,13.8,13.7,0.214,12.7,0.184,1.77
2026-10-07,W1144,52.11306,11.00171,0.0,14.1,13.9,0.202,13.2,0.183,2.2
2026-10-08,W1144,52.11306,11.00171,3.17,12.7,12.7,0.236,13.2,0.183,1.44
2026-10-09,W1144,52.11306,11.00171,7.5,10.3,10.5,0.243,11.5,0.185,1.17
2026-10-10,W1144,52.11306,11.00171,3.6,12.1,12.1,0.248,11.7,0.186,2.16
2026-10-11,W1144,52.11306,11.00171,0.75,11.3,10.6,0.245,11.3,0.187,2.18
2026-10-12,W1144,52.11306,11.00171,4.2,10.7,10.1,0.244,10.7,0.188,1.41
2026-10-06,W1145,52.11306,11.03127,0.0,14.0,13.7,0.233,12.9,0.205,1.74
2026-10-07,W1145,52.11306,11.03127,0.0,14.8,13.9,0.221,13.4,0.205,2.23
2026-10-08,W1145,52.11306,11.03127,3.12,13.0,12.8,0.265,13.4,0.205,1.43
2026-10-09,W1145,52.11306,11.03127,7.7,10.5,10.7,0.272,11.8,0.208,1.13
2026-10-10,W1145,52.11306,11.03127,3.9,12.2,12.2,0.286,12.0,0.21,2.09
2026-10-11,W1145,52.11306,11.03127,0.6,11.3,10.7,0.284,11.6,0.214,2.15
2026-10-12,W1145,52.11306,11.03127,4.2,10.6,10.2,0.291,10.9,0.217,1.41
2026-10-06,W1146,52.11306,11.06084,0.0,14.6,13.7,0.233,12.9,0.205,1.75
2026-10-07,W1146,52.11306,11.06084,0.0,15.2,13.9,0.221,13.4,0.205,2.3
2026-10-08,W1146,52.11306,11.06084,3.2,13.0,12.8,0.265,13.4,0.205,1.46
2026-10-09,W1146,52.11306,11.06084,7.7,10.3,10.7,0.272,11.8,0.208,1.13
2026-10-10,W1146,52.11306,11.06084,3.9,12.1,12.2,0.286,12.0,0.21,2.08
2026-10-11,W1146,52.11306,11.06084,0.6,11.2,10.7,0.284,11.6,0.214,2.14
2026-10-12,W1146,52.11306,11.06084,4.2,10.5,10.2,0.291,10.9,0.217,1.4
2026-10-06,W1147,52.11306,11.0904,0.0,14.8,13.7,0.233,12.9,0.205,1.74
2026-10-07,W1147,52.11306,11.0904,0.0,15.7,13.9,0.221,13.4,0.205,2.35
2026-10-08,W1147,52.11306,11.0904,3.65,13.1,12.8,0.265,13.4,0.205,1.5
2026-10-09,W1147,52.11306,11.0904,7.7,10.2,10.7,0.272,11.8,0.208,1.12
2026-10-10,W1147,52.11306,11.0904,3.9,12.0,12.2,0.286,12.0,0.21,2.06
2026-10-11,W1147,52.11306,11.0904,0.0,11.2,10.7,0.284,11.6,0.214,2.24
2026-10-12,W1147,52.11306,11.0904,2.1,10.6,10.2,0.291,10.9,0.217,1.63
2026-10-06,W1148,52.11306,11.11997,0.0,15.1,13.7,0.233,12.9,0.205,1.74
2026-10-07,W1148,52.11306,11.11997,0.0,16.2,13.9,0.221,13.4,0.205,2.37
2026-10-08,W1148,52.11306,11.11997,3.78,13.7,12.8,0.265,13.4,0.205,1.55
2026-10-09,W1148,52.11306,11.11997,7.2,10.3,10.7,0.272,11.8,0.208,1.11
2026-10-10,W1148,52.11306,11.11997,3.9,12.1,12.2,0.286,12.0,0.21,2.04
2026-10-11,W1148,52.11306,11.11997,0.0,11.3,10.7,0.284,11.6,0.214,2.24
2026-10-12,W1148,52.11306,11.11997,2.1,10.6,10.2,0.291,10.9,0.217,1.63
2026-10-06,W1149,52.11306,11.14953,0.0,14.8,13.7,0.233,12.9,0.205,1.73
2026-10-07,W1149,52.11306,11.14953,0.0,15.9,13.9,0.221,13.4,0.205,2.36
2026-10-08,W1149,52.11306,11.14953,3.78,13.5,12.8,0.265,13.4,0.205,1.54
2026-10-09,W1149,52.11306,11.14953,7.2,10.0,10.7,0.272,11.8,0.208,1.1
2026-10-10,W1149,52.11306,11.14953,3.9,11.8,12.2,0.286,12.0,0.21,2.02
2026-10-11,W1149,52.11306,11.14953,0.0,11.0,10.7,0.284,11.6,0.214,2.22
2026-10-12,W1149,52.11306,11.14953,2.1,10.4,10.2,0.291,10.9,0.217,1.61
2026-10-06,W0046,52.1221,10.1295,0.0,14.1,13.7,0.246,13.2,0.221,1.77
2026-10-07,W0046,52.1221,10.1295,0.0,14.1,13.3,0.234,13.1,0.22,1.96
2026-10-08,W0046,52.1221,10.1295,7.55,12.6,12.8,0.284,13.4,0.221,1.21
2026-10-09,W0046,52.1221,10.1295,5.2,9.3,10.5,0.296,11.5,0.226,0.82
2026-10-10,W0046,52.1221,10.1295,7.2,11.3,12.1,0.32,11.8,0.232,1.68
2026-10-11,W0046,52.1221,10.1295,1.35,10.7,10.6,0.306,11.4,0.238,1.94
2026-10-12,W0046,52.1221,10.1295,3.0,10.5,10.2,0.293,10.8,0.241,1.57
2026-10-06,W0047,52.1221,10.1591,0.0,13.9,13.7,0.246,13.2,0.221,1.79
2026-10-07,W0047,52.1221,10.1591,0.0,13.7,13.3,0.234,13.1,0.22,1.9
2026-10-08,W0047,52.1221,10.1591,6.77,12.5,12.8,0.284,13.4,0.221,1.19
2026-10-09,W0047,52.1221,10.1591,5.2,9.3,10.5,0.296,11.5,0.226,0.85
2026-10-10,W0047,52.1221,10.1591,6.3,11.3,12.1,0.32,11.8,0.232,1.7
2026-10-11,W0047,52.1221,10.1591,1.65,10.7,10.6,0.306,11.4,0.238,1.95
2026-10-12,W0047,52.1221,10.1591,3.0,10.5,10.2,0.293,10.8,0.241,1.57
2026-10-06,W0048,52.1221,10.1886,0.0,14.1,13.7,0.246,13.2,0.221,1.82
2026-10-07,W0048,52.1221,10.1886,0.0,13.4,13.3,0.234,13.1,0.22,1.93
2026-10-08,W0048,52.1221,10.1886,7.07,12.8,12.8,0.284,13.4,0.221,1.22
2026-10-09,W0048,52.1221,10.1886,5.2,9.7,10.5,0.296,11.5,0.226,0.87
2026-10-10,W0048,52.1221,10.1886,6.3,11.7,12.1,0.32,11.8,0.232,1.73
2026-10-11,W0048,52.1221,10.1886,1.65,11.1,10.6,0.306,11.4,0.238,1.98
2026-10-12,W0048,52.1221,10.1886,3.0,10.9,10.2,0.293,10.8,0.241,1.59
2026-10-06,W0049,52.1221,10.2182,0.0,14.4,14.0,0.235,13.4,0.192,1.82
2026-10-07,W0049,52.1221,10.2182,0.0,13.9,13.7,0.222,13.4,0.192,1.96
2026-10-08,W0049,52.1221,10.2182,7.22,12.9,12.8,0.262,13.5,0.193,1.23
2026-10-09,W0049,52.1221,10.2182,5.2,9.7,10.5,0.273,11.6,0.197,0.87
2026-10-10,W0049,52.1221,10.2182,6.3,11.7,12.1,0.291,11.9,0.2,1.73
2026-10-11,W0049,52.1221,10.2182,1.65,11.1,10.6,0.283,11.5,0.205,1.98
2026-10-12,W0049,52.1221,10.2182,3.0,10.9,10.3,0.271,10.9,0.208,1.59
2026-10-06,W0050,52.1221,10.2477,0.0,15.0,14.0,0.235,13.4,0.192,1.87
2026-10-07,W0050,52.1221,10.2477,0.0,15.0,13.7,0.222,13.4,0.192,1.99
2026-10-08,W0050,52.1221,10.2477,6.25,13.1,12.8,0.262,13.5,0.193,1.26
2026-10-09,W0050,52.1221,10.2477,5.2,9.4,10.5,0.273,11.6,0.197,0.9
2026-10-10,W0050,52.1221,10.2477,5.7,11.4,12.1,0.291,11.9,0.2,1.74
2026-10-11,W0050,52.1221,10.2477,1.65,10.9,10.6,0.283,11.5,0.205,1.97
2026-10-12,W0050,52.1221,10.2477,3.0,10.8,10.3,0.271,10.9,0.208,1.58
2026-10-06,W0051,52.1221,10.2772,0.0,14.9,14.0,0.235,13.4,0.192,1.86
2026-10-07,W0051,52.1221,10.2772,0.0,15.2,13.7,0.222,13.4,0.192,2.02
2026-10-08,W0051,52.1221,10.2772,6.27,12.7,12.8,0.262,13.5,0.193,1.25
2026-10-09,W0051,52.1221,10.2772,5.2,9.0,10.5,0.273,11.6,0.197,0.88
2026-10-10,W0051,52.1221,10.2772,5.7,11.0,12.1,0.291,11.9,0.2,1.71
2026-10-11,W0051,52.1221,10.2772,1.65,10.5,10.6,0.283,11.5,0.205,1.94
2026-10-12,W0051,52.1221,10.2772,3.0,10.3,10.3,0.271,10.9,0.208,1.56
2026-10-06,W0052,52.1221,10.3068,0.0,15.0,14.0,0.235,13.4,0.192,1.87
2026-10-07,W0052,52.1221,10.3068,0.0,15.4,13.7,0.222,13.4,0.192,2.03
2026-10-08,W0052,52.1221,10.3068,5.8,13.0,12.8,0.262,13.5,0.193,1.3
2026-10-09,W0052,52.1221,10.3068,5.2,9.3,10.5,0.273,11.6,0.197,0.94
2026-10-10,W0052,52.1221,10.3068,4.5,11.3,12.1,0.291,11.9,0.2,1.78
2026-10-11,W0052,52.1221,10.3068,1.35,10.7,10.6,0.283,11.5,0.205,1.96
2026-10-12,W0052,52.1221,10.3068,3.0,10.5,10.3,0.271,10.9,0.208,1.57
2026-10-06,W0053,52.1221,10.3363,0.0,15.7,14.0,0.235,13.4,0.192,1.92
2026-10-07,W0053,52.1221,10.3363,0.0,15.3,13.7,0.222,13.4,0.192,1.99
2026-10-08,W0053,52.1221,10.3363,5.77,13.1,12.8,0.262,13.5,0.193,1.26
2026-10-09,W0053,52.1221,10.3363,5.2,9.5,10.5,0.273,11.6,0.197,0.95
2026-10-10,W0053,52.1221,10.3363,4.5,11.5,12.1,0.291,11.9,0.2,1.8
2026-10-11,W0053,52.1221,10.3363,1.05,11.1,10.6,0.283,11.5,0.205,2.09
2026-10-12,W0053,52.1221,10.3363,4.5,10.7,10.3,0.271,10.9,0.208,1.57
2026-10-06,W1150,52.13108,10.3513,0.0,15.7,14.0,0.235,13.4,0.192,1.88
2026-10-07,W1150,52.13108,10.3513,0.0,15.0,13.7,0.222,13.4,0.192,1.93
2026-10-08,W1150,52.13108,10.3513,5.57,13.1,12.8,0.262,13.5,0.193,1.27
2026-10-09,W1150,52.13108,10.3513,4.5,9.8,10.5,0.273,11.6,0.197,1.01
2026-10-10,W1150,52.13108,10.3513,3.9,11.7,12.1,0.291,11.9,0.2,1.85
2026-10-11,W1150,52.13108,10.3513,0.9,11.3,10.6,0.283,11.5,0.205,2.12
2026-10-12,W1150,52.13108,10.3513,4.5,10.9,10.3,0.271,10.9,0.208,1.58
2026-10-06,W0054,52.1221,10.3954,0.0,16.1,14.2,0.224,13.6,0.181,1.91
2026-10-07,W0054,52.1221,10.3954,0.0,15.2,14.0,0.211,13.7,0.181,1.91
2026-10-08,W0054,52.1221,10.3954,5.35,13.2,13.0,0.234,13.8,0.181,1.28
2026-10-09,W0054,52.1221,10.3954,4.5,9.8,10.8,0.245,12.0,0.183,1.01
2026-10-10,W0054,52.1221,10.3954,3.9,11.8,12.4,0.257,12.2,0.185,1.85
2026-10-11,W0054,52.1221,10.3954,0.9,11.3,10.9,0.253,11.8,0.187,2.12
2026-10-12,W0054,52.1221,10.3954,4.5,11.0,10.6,0.248,11.2,0.188,1.59
2026-10-06,W1151,52.13108,10.41042,0.0,15.5,14.2,0.224,13.6,0.181,1.86
2026-10-07,W1151,52.13108,10.41042,0.0,14.8,14.0,0.211,13.7,0.181,1.94
2026-10-08,W1151,52.13108,10.41042,5.15,12.8,13.0,0.234,13.8,0.181,1.27
2026-10-09,W1151,52.13108,10.41042,4.4,9.8,10.8,0.245,12.0,0.183,1.02
2026-10-10,W1151,52.13108,10.41042,3.3,11.8,12.4,0.257,12.2,0.185,1.85
2026-10-11,W1151,52.13108,10.41042,0.75,11.3,10.9,0.253,11.8,0.187,2.12
2026-10-12,W1151,52.13108,10.41042,4.5,10.9,10.6,0.248,11.2,0.188,1.58
2026-10-06,W1152,52.13108,10.43999,0.0,15.0,14.2,0.224,13.6,0.181,1.86
2026-10-07,W1152,52.13108,10.43999,0.0,14.9,14.0,0.211,13.7,0.181,1.97
2026-10-08,W1152,52.13108,10.43999,5.2,13.0,13.0,0.234,13.8,0.181,1.29
2026-10-09,W1152,52.13108,10.43999,4.4,9.8,10.8,0.245,12.0,0.183,1.02
2026-10-10,W1152,52.13108,10.43999,3.3,11.7,12.4,0.257,12.2,0.185,1.85
2026-10-11,W1152,52.13108,10.43999,0.75,11.3,10.9,0.253,11.8,0.187,2.12
2026-10-12,W1152,52.13108,10.43999,4.5,10.9,10.6,0.248,11.2,0.188,1.58
2026-10-06,W0055,52.1221,10.484,0.0,15.2,14.2,0.224,13.6,0.181,1.87
2026-10-07,W0055,52.1221,10.484,0.0,15.1,14.0,0.211,13.7,0.181,2.01
2026-10-08,W0055,52.1221,10.484,4.9,13.1,13.0,0.234,13.8,0.181,1.32
2026-10-09,W0055,52.1221,10.484,4.2,9.7,10.8,0.245,12.0,0.183,1.02
2026-10-10,W0055,52.1221,10.484,2.7,11.6,12.4,0.257,12.2,0.185,1.84
2026-10-11,W0055,52.1221,10.484,0.75,11.0,10.9,0.253,11.8,0.187,2.09
2026-10-12,W0055,52.1221,10.484,4.5,10.6,10.6,0.248,11.2,0.188,1.57
2026-10-06,W0056,52.1221,10.5135,0.0,15.1,14.2,0.224,13.6,0.181,1.86
2026-10-07,W0056,52.1221,10.5135,0.0,15.8,14.0,0.211,13.7,0.181,2.01
2026-10-08,W0056,52.1221,10.5135,5.37,13.1,13.0,0.234,13.8,0.181,1.32
2026-10-09,W0056,52.1221,10.5135,4.2,9.4,10.8,0.245,12.0,0.183,1.0
2026-10-10,W0056,52.1221,10.5135,2.7,11.3,12.4,0.257,12.2,0.185,1.82
2026-10-11,W0056,52.1221,10.5135,0.75,10.7,10.9,0.253,11.8,0.187,2.07
2026-10-12,W0056,52.1221,10.5135,4.5,10.3,10.6,0.248,11.2,0.188,1.55
2026-10-06,W0057,52.1221,10.5431,0.0,15.7,13.7,0.229,12.9,0.182,1.9
2026-10-07,W0057,52.1221,10.5431,0.0,15.1,14.0,0.216,13.4,0.182,2.01
2026-10-08,W0057,52.1221,10.5431,5.03,12.9,12.8,0.247,13.5,0.183,1.28
2026-10-09,W0057,52.1221,10.5431,4.1,10.1,10.6,0.255,11.7,0.185,1.04
2026-10-10,W0057,52.1221,10.5431,3.0,11.9,12.3,0.257,12.0,0.187,1.89
2026-10-11,W0057,52.1221,10.5431,0.75,11.3,10.7,0.255,11.6,0.188,2.12
2026-10-12,W0057,52.1221,10.5431,4.5,10.9,10.2,0.256,10.9,0.19,1.58
2026-10-06,W0058,52.1221,10.5726,0.0,15.3,13.7,0.229,12.9,0.182,1.87
2026-10-07,W0058,52.1221,10.5726,0.0,14.9,14.0,0.216,13.4,0.182,2.03
2026-10-08,W0058,52.1221,10.5726,4.93,12.9,12.8,0.247,13.5,0.183,1.27
2026-10-09,W0058,52.1221,10.5726,4.1,10.3,10.6,0.255,11.7,0.185,1.05
2026-10-10,W0058,52.1221,10.5726,3.0,12.1,12.3,0.257,12.0,0.187,1.9
2026-10-11,W0058,52.1221,10.5726,0.75,11.4,10.7,0.255,11.6,0.188,2.14
2026-10-12,W0058,52.1221,10.5726,4.5,10.9,10.2,0.256,10.9,0.19,1.47
2026-10-06,W1153,52.13108,10.58781,0.0,14.5,13.7,0.229,12.9,0.182,1.85
2026-10-07,W1153,52.13108,10.58781,0.0,14.7,14.0,0.216,13.4,0.182,2.05
2026-10-08,W1153,52.13108,10.58781,5.05,12.8,12.8,0.247,13.5,0.183,1.26
2026-10-09,W1153,52.13108,10.58781,4.1,10.0,10.6,0.255,11.7,0.185,1.03
2026-10-10,W1153,52.13108,10.58781,3.0,11.8,12.3,0.257,12.0,0.187,1.88
2026-10-11,W1153,52.13108,10.58781,0.75,11.2,10.7,0.255,11.6,0.188,2.12
2026-10-12,W1153,52.13108,10.58781,4.5,10.6,10.2,0.256,10.9,0.19,1.45
2026-10-06,W1583,52.13108,10.61737,0.0,15.4,13.7,0.229,12.9,0.182,1.89
2026-10-07,W1583,52.13108,10.61737,0.0,16.3,14.0,0.216,13.4,0.182,2.22
2026-10-08,W1583,52.13108,10.61737,5.18,13.5,12.8,0.247,13.5,0.183,1.39
2026-10-09,W1583,52.13108,10.61737,4.2,10.2,10.6,0.255,11.7,0.185,1.11
2026-10-10,W1583,52.13108,10.61737,2.7,11.9,12.3,0.257,12.0,0.187,1.95
2026-10-11,W1583,52.13108,10.61737,0.75,11.3,10.7,0.255,11.6,0.188,2.14
2026-10-12,W1583,52.13108,10.61737,4.5,10.7,10.2,0.256,10.9,0.19,1.46
2026-10-06,W0059,52.1221,10.6612,0.0,15.2,13.7,0.229,12.9,0.182,1.87
2026-10-07,W0059,52.1221,10.6612,0.0,15.8,14.0,0.216,13.4,0.182,2.15
2026-10-08,W0059,52.1221,10.6612,4.75,13.1,12.8,0.247,13.5,0.183,1.35
2026-10-09,W0059,52.1221,10.6612,4.3,9.9,10.6,0.255,11.7,0.185,1.11
2026-10-10,W0059,52.1221,10.6612,3.0,11.7,12.3,0.257,12.0,0.187,1.93
2026-10-11,W0059,52.1221,10.6612,0.75,11.0,10.7,0.255,11.6,0.188,2.1
2026-10-12,W0059,52.1221,10.6612,4.5,10.4,10.2,0.256,10.9,0.19,1.44
2026-10-06,W0060,52.1221,10.6908,0.0,15.0,13.6,0.238,12.8,0.202,1.83
2026-10-07,W0060,52.1221,10.6908,0.0,15.0,14.0,0.225,13.4,0.201,2.09
2026-10-08,W0060,52.1221,10.6908,4.17,12.5,12.7,0.258,13.4,0.201,1.3
2026-10-09,W0060,52.1221,10.6908,4.3,9.6,10.5,0.266,11.6,0.204,1.09
2026-10-10,W0060,52.1221,10.6908,3.0,11.4,12.1,0.269,11.9,0.205,1.91
2026-10-11,W0060,52.1221,10.6908,0.15,10.7,10.6,0.265,11.5,0.207,2.2
2026-10-12,W0060,52.1221,10.6908,3.0,10.2,10.0,0.262,10.7,0.208,1.54
2026-10-06,W1154,52.13108,10.70607,0.0,14.6,13.6,0.238,12.8,0.202,1.83
2026-10-07,W1154,52.13108,10.70607,0.0,14.9,14.0,0.225,13.4,0.201,2.11
2026-10-08,W1154,52.13108,10.70607,4.5,12.5,12.7,0.258,13.4,0.201,1.32
2026-10-09,W1154,52.13108,10.70607,4.3,9.9,10.5,0.266,11.6,0.204,1.1
2026-10-10,W1154,52.13108,10.70607,3.0,11.6,12.1,0.269,11.9,0.205,1.93
2026-10-11,W1154,52.13108,10.70607,0.15,10.9,10.6,0.265,11.5,0.207,2.22
2026-10-12,W1154,52.13108,10.70607,3.0,10.4,10.0,0.262,10.7,0.208,1.56
2026-10-06,W1155,52.13108,10.73563,0.0,14.0,13.6,0.238,12.8,0.202,1.82
2026-10-07,W1155,52.13108,10.73563,0.0,14.7,14.0,0.225,13.4,0.201,2.08
2026-10-08,W1155,52.13108,10.73563,3.87,12.4,12.7,0.258,13.4,0.201,1.33
2026-10-09,W1155,52.13108,10.73563,5.3,10.0,10.5,0.266,11.6,0.204,1.09
2026-10-10,W1155,52.13108,10.73563,3.0,11.8,12.1,0.269,11.9,0.205,1.99
2026-10-11,W1155,52.13108,10.73563,0.0,11.1,10.6,0.265,11.5,0.207,2.23
2026-10-12,W1155,52.13108,10.73563,3.0,10.6,10.0,0.262,10.7,0.208,1.57
2026-10-06,W1584,52.13108,10.76519,0.0,14.0,13.6,0.238,12.8,0.202,1.83
2026-10-07,W1584,52.13108,10.76519,0.0,14.8,14.0,0.225,13.4,0.201,2.1
2026-10-08,W1584,52.13108,10.76519,3.85,12.6,12.7,0.258,13.4,0.201,1.34
2026-10-09,W1584,52.13108,10.76519,5.3,10.1,10.5,0.266,11.6,0.204,1.1
2026-10-10,W1584,52.13108,10.76519,3.0,11.9,12.1,0.269,11.9,0.205,2.0
2026-10-11,W1584,52.13108,10.76519,0.0,11.2,10.6,0.265,11.5,0.207,2.25
2026-10-12,W1584,52.13108,10.76519,3.0,10.7,10.0,0.262,10.7,0.208,1.58
2026-10-06,W1156,52.13108,10.79476,0.0,15.0,13.6,0.238,12.8,0.202,1.84
2026-10-07,W1156,52.13108,10.79476,0.0,16.1,14.0,0.225,13.4,0.201,2.22
2026-10-08,W1156,52.13108,10.79476,3.8,13.2,12.7,0.258,13.4,0.201,1.38
2026-10-09,W1156,52.13108,10.79476,6.1,10.2,10.5,0.266,11.6,0.204,1.09
2026-10-10,W1156,52.13108,10.79476,3.3,12.0,12.1,0.269,11.9,0.205,2.03
2026-10-11,W1156,52.13108,10.79476,0.15,11.2,10.6,0.265,11.5,0.207,2.25
2026-10-12,W1156,52.13108,10.79476,3.0,10.7,10.0,0.262,10.7,0.208,1.58
2026-10-06,W1157,52.13108,10.82432,0.0,14.8,13.6,0.238,12.8,0.202,1.83
2026-10-07,W1157,52.13108,10.82432,0.0,15.8,14.0,0.225,13.4,0.201,2.23
2026-10-08,W1157,52.13108,10.82432,3.88,12.9,12.7,0.258,13.4,0.201,1.37
2026-10-09,W1157,52.13108,10.82432,6.1,9.9,10.5,0.266,11.6,0.204,1.08
2026-10-10,W1157,52.13108,10.82432,3.3,11.6,12.1,0.269,11.9,0.205,2.01
2026-10-11,W1157,52.13108,10.82432,0.75,10.9,10.6,0.265,11.5,0.207,2.12
2026-10-12,W1157,52.13108,10.82432,4.2,10.2,10.0,0.262,10.7,0.208,1.38
2026-10-06,W1158,52.13108,10.85389,0.0,15.3,13.6,0.238,12.8,0.202,1.86
2026-10-07,W1158,52.13108,10.85389,0.0,16.2,14.0,0.225,13.4,0.201,2.28
2026-10-08,W1158,52.13108,10.85389,3.98,13.3,12.7,0.258,13.4,0.201,1.37
2026-10-09,W1158,52.13108,10.85389,7.0,10.2,10.5,0.266,11.6,0.204,1.01
2026-10-10,W1158,52.13108,10.85389,3.3,12.0,12.1,0.269,11.9,0.205,1.98
2026-10-11,W1158,52.13108,10.85389,0.75,11.0,10.6,0.265,11.5,0.207,2.1
2026-10-12,W1158,52.13108,10.85389,4.2,10.2,10.0,0.262,10.7,0.208,1.38
2026-10-06,W1159,52.13108,10.88345,0.0,15.7,13.7,0.214,12.7,0.184,1.9
2026-10-07,W1159,52.13108,10.88345,0.0,16.2,13.9,0.202,13.2,0.183,2.24
2026-10-08,W1159,52.13108,10.88345,4.32,13.4,12.7,0.236,13.2,0.183,1.35
2026-10-09,W1159,52.13108,10.88345,7.0,10.3,10.5,0.243,11.5,0.185,1.02
2026-10-10,W1159,52.13108,10.88345,3.3,12.2,12.1,0.248,11.7,0.186,1.99
2026-10-11,W1159,52.13108,10.88345,0.75,11.1,10.6,0.245,11.3,0.187,2.12
2026-10-12,W1159,52.13108,10.88345,4.2,10.4,10.1,0.244,10.7,0.188,1.39
2026-10-06,W1160,52.13108,10.91302,0.0,15.3,13.7,0.214,12.7,0.184,1.88
2026-10-07,W1160,52.13108,10.91302,0.0,15.7,13.9,0.202,13.2,0.183,2.18
2026-10-08,W1160,52.13108,10.91302,4.42,12.9,12.7,0.236,13.2,0.183,1.37
2026-10-09,W1160,52.13108,10.91302,7.8,9.9,10.5,0.243,11.5,0.185,1.06
2026-10-10,W1160,52.13108,10.91302,3.6,11.7,12.1,0.248,11.7,0.186,2.05
2026-10-11,W1160,52.13108,10.91302,0.9,10.8,10.6,0.245,11.3,0.187,2.11
2026-10-12,W1160,52.13108,10.91302,4.2,10.2,10.1,0.244,10.7,0.188,1.38
2026-10-06,W1161,52.13108,10.94258,0.0,15.5,13.7,0.214,12.7,0.184,1.87
2026-10-07,W1161,52.13108,10.94258,0.0,15.7,13.9,0.202,13.2,0.183,2.12
2026-10-08,W1161,52.13108,10.94258,4.42,12.8,12.7,0.236,13.2,0.183,1.36
2026-10-09,W1161,52.13108,10.94258,7.8,9.8,10.5,0.243,11.5,0.185,1.06
2026-10-10,W1161,52.13108,10.94258,3.6,11.7,12.1,0.248,11.7,0.186,2.05
2026-10-11,W1161,52.13108,10.94258,0.9,10.8,10.6,0.245,11.3,0.187,2.11
2026-10-12,W1161,52.13108,10.94258,4.2,10.1,10.1,0.244,10.7,0.188,1.38
2026-10-06,W0061,52.1221,10.9861,0.0,14.3,13.7,0.214,12.7,0.184,1.77
2026-10-07,W0061,52.1221,10.9861,0.0,14.0,13.9,0.202,13.2,0.183,2.16
2026-10-08,W0061,52.1221,10.9861,3.3,12.4,12.7,0.236,13.2,0.183,1.43
2026-10-09,W0061,52.1221,10.9861,7.5,10.3,10.5,0.243,11.5,0.185,1.17
2026-10-10,W0061,52.1221,10.9861,3.6,12.1,12.1,0.248,11.7,0.186,2.16
2026-10-11,W0061,52.1221,10.9861,0.75,11.3,10.6,0.245,11.3,0.187,2.18
2026-10-12,W0061,52.1221,10.9861,4.2,10.7,10.1,0.244,10.7,0.188,1.41
2026-10-06,W0062,52.1221,11.0157,0.0,13.7,13.7,0.214,12.7,0.184,1.77
2026-10-07,W0062,52.1221,11.0157,0.0,14.0,13.9,0.202,13.2,0.183,2.2
2026-10-08,W0062,52.1221,11.0157,3.17,12.6,12.7,0.236,13.2,0.183,1.43
2026-10-09,W0062,52.1221,11.0157,7.5,10.2,10.5,0.243,11.5,0.185,1.17
2026-10-10,W0062,52.1221,11.0157,3.6,12.0,12.1,0.248,11.7,0.186,2.15
2026-10-11,W0062,52.1221,11.0157,0.75,11.3,10.6,0.245,11.3,0.187,2.18
2026-10-12,W0062,52.1221,11.0157,4.2,10.6,10.1,0.244,10.7,0.188,1.41
2026-10-06,W0063,52.1221,11.0452,0.0,13.8,13.7,0.233,12.9,0.205,1.73
2026-10-07,W0063,52.1221,11.0452,0.0,14.6,13.9,0.221,13.4,0.205,2.22
2026-10-08,W0063,52.1221,11.0452,3.12,12.8,12.8,0.265,13.4,0.205,1.42
2026-10-09,W0063,52.1221,11.0452,7.7,10.3,10.7,0.272,11.8,0.208,1.13
2026-10-10,W0063,52.1221,11.0452,3.9,12.0,12.2,0.286,12.0,0.21,2.07
2026-10-11,W0063,52.1221,11.0452,0.6,11.1,10.7,0.284,11.6,0.214,2.14
2026-10-12,W0063,52.1221,11.0452,4.2,10.4,10.2,0.291,10.9,0.217,1.4
2026-10-06,W1162,52.13108,11.06084,0.0,14.5,13.7,0.233,12.9,0.205,1.65
2026-10-07,W1162,52.13108,11.06084,0.0,15.4,13.9,0.221,13.4,0.205,2.23
2026-10-08,W1162,52.13108,11.06084,2.98,13.3,12.8,0.265,13.4,0.205,1.45
2026-10-09,W1162,52.13108,11.06084,7.7,10.5,10.7,0.272,11.8,0.208,1.13
2026-10-10,W1162,52.13108,11.06084,3.9,12.2,12.2,0.286,12.0,0.21,2.09
2026-10-11,W1162,52.13108,11.06084,0.6,11.3,10.7,0.284,11.6,0.214,2.15
2026-10-12,W1162,52.13108,11.06084,4.2,10.6,10.2,0.291,10.9,0.217,1.41
2026-10-06,W1163,52.13108,11.0904,0.0,15.1,13.7,0.233,12.9,0.205,1.7
2026-10-07,W1163,52.13108,11.0904,0.0,16.0,13.9,0.221,13.4,0.205,2.31
2026-10-08,W1163,52.13108,11.0904,3.23,13.6,12.8,0.265,13.4,0.205,1.51
2026-10-09,W1163,52.13108,11.0904,7.7,10.3,10.7,0.272,11.8,0.208,1.13
2026-10-10,W1163,52.13108,11.0904,3.9,12.0,12.2,0.286,12.0,0.21,2.07
2026-10-11,W1163,52.13108,11.0904,0.0,11.3,10.7,0.284,11.6,0.214,2.25
2026-10-12,W1163,52.13108,11.0904,2.1,10.7,10.2,0.291,10.9,0.217,1.63
2026-10-06,W1164,52.13108,11.11997,0.0,15.0,13.7,0.233,12.9,0.205,1.69
2026-10-07,W1164,52.13108,11.11997,0.0,15.9,13.9,0.221,13.4,0.205,2.3
2026-10-08,W1164,52.13108,11.11997,3.33,13.6,12.8,0.265,13.4,0.205,1.49
2026-10-09,W1164,52.13108,11.11997,7.2,10.2,10.7,0.272,11.8,0.208,1.11
2026-10-10,W1164,52.13108,11.11997,3.9,12.0,12.2,0.286,12.0,0.21,2.03
2026-10-11,W1164,52.13108,11.11997,0.0,11.2,10.7,0.284,11.6,0.214,2.24
2026-10-12,W1164,52.13108,11.11997,2.1,10.6,10.2,0.291,10.9,0.217,1.63
2026-10-06,W1165,52.13108,11.14953,0.0,14.9,13.7,0.233,12.9,0.205,1.69
2026-10-07,W1165,52.13108,11.14953,0.0,15.7,13.9,0.221,13.4,0.205,2.28
2026-10-08,W1165,52.13108,11.14953,3.67,13.6,12.8,0.265,13.4,0.205,1.53
2026-10-09,W1165,52.13108,11.14953,7.2,10.0,10.7,0.272,11.8,0.208,1.1
2026-10-10,W1165,52.13108,11.14953,3.9,11.9,12.2,0.286,12.0,0.21,2.02
2026-10-11,W1165,52.13108,11.14953,0.0,11.0,10.7,0.284,11.6,0.214,2.22
2026-10-12,W1165,52.13108,11.14953,2.1,10.4,10.2,0.291,10.9,0.217,1.62
2026-10-06,W0065,52.1401,10.1295,0.0,14.8,13.7,0.246,13.2,0.221,1.78
2026-10-07,W0065,52.1401,10.1295,0.0,14.7,13.3,0.234,13.1,0.22,1.99
2026-10-08,W0065,52.1401,10.1295,7.35,13.1,12.8,0.284,13.4,0.221,1.26
2026-10-09,W0065,52.1401,10.1295,5.2,9.5,10.5,0.296,11.5,0.226,0.83
2026-10-10,W0065,52.1401,10.1295,7.2,11.5,12.1,0.32,11.8,0.232,1.7
2026-10-11,W0065,52.1401,10.1295,1.35,10.9,10.6,0.306,11.4,0.238,1.96
2026-10-12,W0065,52.1401,10.1295,3.0,10.7,10.2,0.293,10.8,0.241,1.58
2026-10-06,W0066,52.1401,10.1591,0.0,14.0,13.7,0.246,13.2,0.221,1.77
2026-10-07,W0066,52.1401,10.1591,0.0,14.1,13.3,0.234,13.1,0.22,1.91
2026-10-08,W0066,52.1401,10.1591,6.6,12.5,12.8,0.284,13.4,0.221,1.22
2026-10-09,W0066,52.1401,10.1591,5.2,9.0,10.5,0.296,11.5,0.226,0.84
2026-10-10,W0066,52.1401,10.1591,6.3,11.0,12.1,0.32,11.8,0.232,1.68
2026-10-11,W0066,52.1401,10.1591,1.65,10.4,10.6,0.306,11.4,0.238,1.93
2026-10-12,W0066,52.1401,10.1591,3.0,10.3,10.2,0.293,10.8,0.241,1.55
2026-10-06,W0067,52.1401,10.1886,0.0,14.4,13.7,0.246,13.2,0.221,1.81
2026-10-07,W0067,52.1401,10.1886,0.0,14.3,13.3,0.234,13.1,0.22,1.94
2026-10-08,W0067,52.1401,10.1886,6.55,12.8,12.8,0.284,13.4,0.221,1.24
2026-10-09,W0067,52.1401,10.1886,5.2,9.4,10.5,0.296,11.5,0.226,0.85
2026-10-10,W0067,52.1401,10.1886,6.3,11.4,12.1,0.32,11.8,0.232,1.71
2026-10-11,W0067,52.1401,10.1886,1.65,10.8,10.6,0.306,11.4,0.238,1.95
2026-10-12,W0067,52.1401,10.1886,3.0,10.6,10.2,0.293,10.8,0.241,1.58
2026-10-06,W0068,52.1401,10.2182,0.0,14.7,14.0,0.235,13.4,0.192,1.84
2026-10-07,W0068,52.1401,10.2182,0.0,14.1,13.7,0.222,13.4,0.192,1.95
2026-10-08,W0068,52.1401,10.2182,6.65,12.9,12.8,0.262,13.5,0.193,1.24
2026-10-09,W0068,52.1401,10.2182,5.2,9.5,10.5,0.273,11.6,0.197,0.86
2026-10-10,W0068,52.1401,10.2182,6.3,11.5,12.1,0.291,11.9,0.2,1.72
2026-10-11,W0068,52.1401,10.2182,1.65,11.0,10.6,0.283,11.5,0.205,1.97
2026-10-12,W0068,52.1401,10.2182,3.0,10.8,10.3,0.271,10.9,0.208,1.59
2026-10-06,W1166,52.1491,10.23304,0.0,14.8,14.0,0.235,13.4,0.192,1.84
2026-10-07,W1166,52.1491,10.23304,0.0,14.2,13.7,0.222,13.4,0.192,1.95
2026-10-08,W1166,52.1491,10.23304,6.3,13.0,12.8,0.262,13.5,0.193,1.26
2026-10-09,W1166,52.1491,10.23304,5.2,9.6,10.5,0.273,11.6,0.197,0.91
2026-10-10,W1166,52.1491,10.23304,5.7,11.6,12.1,0.291,11.9,0.2,1.75
2026-10-11,W1166,52.1491,10.23304,1.65,11.0,10.6,0.283,11.5,0.205,1.98
2026-10-12,W1166,52.1491,10.23304,3.0,10.9,10.3,0.271,10.9,0.208,1.59
2026-10-06,W1167,52.1491,10.2626,0.0,15.5,14.0,0.235,13.4,0.192,1.9
2026-10-07,W1167,52.1491,10.2626,0.0,15.4,13.7,0.222,13.4,0.192,2.01
2026-10-08,W1167,52.1491,10.2626,6.52,13.3,12.8,0.262,13.5,0.193,1.27
2026-10-09,W1167,52.1491,10.2626,5.2,9.6,10.5,0.273,11.6,0.197,0.91
2026-10-10,W1167,52.1491,10.2626,5.7,11.7,12.1,0.291,11.9,0.2,1.75
2026-10-11,W1167,52.1491,10.2626,1.65,11.1,10.6,0.283,11.5,0.205,1.99
2026-10-12,W1167,52.1491,10.2626,3.0,11.0,10.3,0.271,10.9,0.208,1.6
2026-10-06,W1168,52.1491,10.29217,0.0,15.5,14.0,0.235,13.4,0.192,1.9
2026-10-07,W1168,52.1491,10.29217,0.0,15.4,13.7,0.222,13.4,0.192,2.01
2026-10-08,W1168,52.1491,10.29217,6.05,13.4,12.8,0.262,13.5,0.193,1.31
2026-10-09,W1168,52.1491,10.29217,5.2,9.8,10.5,0.273,11.6,0.197,0.96
2026-10-10,W1168,52.1491,10.29217,4.5,11.7,12.1,0.291,11.9,0.2,1.82
2026-10-11,W1168,52.1491,10.29217,1.35,11.1,10.6,0.283,11.5,0.205,2.0
2026-10-12,W1168,52.1491,10.29217,3.0,11.0,10.3,0.271,10.9,0.208,1.6
2026-10-06,W1169,52.1491,10.32173,0.0,15.8,14.0,0.235,13.4,0.192,1.9
2026-10-07,W1169,52.1491,10.32173,0.0,15.1,13.7,0.222,13.4,0.192,1.95
2026-10-08,W1169,52.1491,10.32173,5.9,13.0,12.8,0.262,13.5,0.193,1.24
2026-10-09,W1169,52.1491,10.32173,5.2,9.7,10.5,0.273,11.6,0.197,0.95
2026-10-10,W1169,52.1491,10.32173,4.5,11.7,12.1,0.291,11.9,0.2,1.81
2026-10-11,W1169,52.1491,10.32173,1.05,11.3,10.6,0.283,11.5,0.205,2.11
2026-10-12,W1169,52.1491,10.32173,4.5,10.9,10.3,0.271,10.9,0.208,1.58
2026-10-06,W0069,52.1401,10.3658,0.0,15.7,14.2,0.224,13.6,0.181,1.88
2026-10-07,W0069,52.1401,10.3658,0.0,15.0,14.0,0.211,13.7,0.181,1.93
2026-10-08,W0069,52.1401,10.3658,5.57,13.0,13.0,0.234,13.8,0.181,1.27
2026-10-09,W0069,52.1401,10.3658,4.5,9.7,10.8,0.245,12.0,0.183,1.01
2026-10-10,W0069,52.1401,10.3658,3.9,11.7,12.4,0.257,12.2,0.185,1.85
2026-10-11,W0069,52.1401,10.3658,0.9,11.3,10.9,0.253,11.8,0.187,2.12
2026-10-12,W0069,52.1401,10.3658,4.5,10.9,10.6,0.248,11.2,0.188,1.58
2026-10-06,W0084,52.1581,10.3954,0.0,15.8,14.2,0.224,13.6,0.181,1.86
2026-10-07,W0084,52.1581,10.3954,0.0,15.7,14.0,0.211,13.7,0.181,1.96
2026-10-08,W0084,52.1581,10.3954,5.95,13.2,13.0,0.234,13.8,0.181,1.33
2026-10-09,W0084,52.1581,10.3954,4.7,9.8,10.8,0.245,12.0,0.183,1.0
2026-10-10,W0084,52.1581,10.3954,3.9,11.7,12.4,0.257,12.2,0.185,1.85
2026-10-11,W0084,52.1581,10.3954,0.75,11.3,10.9,0.253,11.8,0.187,2.12
2026-10-12,W0084,52.1581,10.3954,4.5,11.0,10.6,0.248,11.2,0.188,1.59
2026-10-06,W0085,52.1581,10.4249,0.0,15.8,14.2,0.224,13.6,0.181,1.86
2026-10-07,W0085,52.1581,10.4249,0.0,15.7,14.0,0.211,13.7,0.181,1.96
2026-10-08,W0085,52.1581,10.4249,5.47,13.2,13.0,0.234,13.8,0.181,1.33
2026-10-09,W0085,52.1581,10.4249,4.3,9.8,10.8,0.245,12.0,0.183,1.0
2026-10-10,W0085,52.1581,10.4249,3.0,11.8,12.4,0.257,12.2,0.185,1.86
2026-10-11,W0085,52.1581,10.4249,0.75,11.3,10.9,0.253,11.8,0.187,2.13
2026-10-12,W0085,52.1581,10.4249,4.5,11.0,10.6,0.248,11.2,0.188,1.59
2026-10-06,W1170,52.1491,10.43999,0.0,15.1,14.2,0.224,13.6,0.181,1.86
2026-10-07,W1170,52.1491,10.43999,0.0,15.0,14.0,0.211,13.7,0.181,1.97
2026-10-08,W1170,52.1491,10.43999,5.2,13.1,13.0,0.234,13.8,0.181,1.29
2026-10-09,W1170,52.1491,10.43999,4.4,9.9,10.8,0.245,12.0,0.183,1.02
2026-10-10,W1170,52.1491,10.43999,3.3,11.8,12.4,0.257,12.2,0.185,1.85
2026-10-11,W1170,52.1491,10.43999,0.75,11.3,10.9,0.253,11.8,0.187,2.12
2026-10-12,W1170,52.1491,10.43999,4.5,11.0,10.6,0.248,11.2,0.188,1.59
2026-10-06,W0070,52.1401,10.484,0.0,15.6,14.2,0.224,13.6,0.181,1.9
2026-10-07,W0070,52.1401,10.484,0.0,15.9,14.0,0.211,13.7,0.181,2.03
2026-10-08,W0070,52.1401,10.484,4.8,13.6,13.0,0.234,13.8,0.181,1.34
2026-10-09,W0070,52.1401,10.484,4.2,10.0,10.8,0.245,12.0,0.183,1.03
2026-10-10,W0070,52.1401,10.484,2.7,11.8,12.4,0.257,12.2,0.185,1.86
2026-10-11,W0070,52.1401,10.484,0.75,11.3,10.9,0.253,11.8,0.187,2.11
2026-10-12,W0070,52.1401,10.484,4.5,10.9,10.6,0.248,11.2,0.188,1.58
2026-10-06,W0071,52.1401,10.5135,0.0,15.6,14.2,0.224,13.6,0.181,1.9
2026-10-07,W0071,52.1401,10.5135,0.0,15.8,14.0,0.211,13.7,0.181,2.03
2026-10-08,W0071,52.1401,10.5135,5.1,13.5,13.0,0.234,13.8,0.181,1.35
2026-10-09,W0071,52.1401,10.5135,4.2,9.9,10.8,0.245,12.0,0.183,1.03
2026-10-10,W0071,52.1401,10.5135,2.7,11.8,12.4,0.257,12.2,0.185,1.86
2026-10-11,W0071,52.1401,10.5135,0.75,11.2,10.9,0.253,11.8,0.187,2.11
2026-10-12,W0071,52.1401,10.5135,4.5,10.8,10.6,0.248,11.2,0.188,1.58
2026-10-06,W0072,52.1401,10.5431,0.0,15.7,13.7,0.229,12.9,0.182,1.9
2026-10-07,W0072,52.1401,10.5431,0.0,15.0,14.0,0.216,13.4,0.182,2.01
2026-10-08,W0072,52.1401,10.5431,4.75,13.0,12.8,0.247,13.5,0.183,1.28
2026-10-09,W0072,52.1401,10.5431,4.1,10.2,10.6,0.255,11.7,0.185,1.04
2026-10-10,W0072,52.1401,10.5431,3.0,12.0,12.3,0.257,12.0,0.187,1.9
2026-10-11,W0072,52.1401,10.5431,0.75,11.4,10.7,0.255,11.6,0.188,2.13
2026-10-12,W0072,52.1401,10.5431,4.5,11.0,10.2,0.256,10.9,0.19,1.59
2026-10-06,W0073,52.1401,10.5726,0.0,14.8,13.7,0.229,12.9,0.182,1.86
2026-10-07,W0073,52.1401,10.5726,0.0,15.0,14.0,0.216,13.4,0.182,2.06
2026-10-08,W0073,52.1401,10.5726,5.05,13.0,12.8,0.247,13.5,0.183,1.28
2026-10-09,W0073,52.1401,10.5726,4.1,10.2,10.6,0.255,11.7,0.185,1.04
2026-10-10,W0073,52.1401,10.5726,3.0,12.0,12.3,0.257,12.0,0.187,1.9
2026-10-11,W0073,52.1401,10.5726,0.75,11.4,10.7,0.255,11.6,0.188,2.14
2026-10-12,W0073,52.1401,10.5726,4.5,10.8,10.2,0.256,10.9,0.19,1.47
2026-10-06,W1171,52.1491,10.58781,0.0,14.8,13.7,0.229,12.9,0.182,1.86
2026-10-07,W1171,52.1491,10.58781,0.0,15.0,14.0,0.216,13.4,0.182,2.07
2026-10-08,W1171,52.1491,10.58781,5.05,13.0,12.8,0.247,13.5,0.183,1.28
2026-10-09,W1171,52.1491,10.58781,4.1,10.3,10.6,0.255,11.7,0.185,1.05
2026-10-10,W1171,52.1491,10.58781,3.0,12.1,12.3,0.257,12.0,0.187,1.9
2026-10-11,W1171,52.1491,10.58781,0.75,11.4,10.7,0.255,11.6,0.188,2.14
2026-10-12,W1171,52.1491,10.58781,4.5,10.8,10.2,0.256,10.9,0.19,1.47
2026-10-06,W0074,52.1401,10.6317,0.0,14.6,13.0,0.229,12.3,0.182,1.81
2026-10-07,W0074,52.1401,10.6317,0.0,14.9,13.3,0.216,12.8,0.182,2.04
2026-10-08,W0074,52.1401,10.6317,5.03,12.5,12.1,0.247,12.8,0.183,1.31
2026-10-09,W0074,52.1401,10.6317,4.2,9.4,10.0,0.255,11.0,0.185,1.07
2026-10-10,W0074,52.1401,10.6317,2.7,11.2,11.6,0.257,11.3,0.187,1.89
2026-10-11,W0074,52.1401,10.6317,0.75,10.5,10.0,0.255,10.9,0.188,2.07
2026-10-12,W0074,52.1401,10.6317,4.5,10.0,9.6,0.256,10.2,0.19,1.42
2026-10-06,W0075,52.1401,10.6612,0.0,14.0,12.9,0.229,12.2,0.182,1.8
2026-10-07,W0075,52.1401,10.6612,0.0,14.1,13.2,0.216,12.7,0.182,2.01
2026-10-08,W0075,52.1401,10.6612,4.5,11.8,12.0,0.247,12.7,0.183,1.27
2026-10-09,W0075,52.1401,10.6612,4.3,9.4,9.9,0.255,11.0,0.185,1.08
2026-10-10,W0075,52.1401,10.6612,3.0,11.2,11.5,0.257,11.2,0.187,1.89
2026-10-11,W0075,52.1401,10.6612,0.75,10.4,9.9,0.255,10.8,0.188,2.06
2026-10-12,W0075,52.1401,10.6612,4.5,9.9,9.5,0.256,10.1,0.19,1.41
2026-10-06,W0076,52.1401,10.6908,0.0,15.0,13.6,0.238,12.8,0.202,1.84
2026-10-07,W0076,52.1401,10.6908,0.0,15.3,14.0,0.225,13.4,0.201,2.14
2026-10-08,W0076,52.1401,10.6908,4.5,12.9,12.7,0.258,13.4,0.201,1.35
2026-10-09,W0076,52.1401,10.6908,4.3,10.3,10.5,0.266,11.6,0.204,1.12
2026-10-10,W0076,52.1401,10.6908,3.0,12.0,12.1,0.269,11.9,0.205,1.96
2026-10-11,W0076,52.1401,10.6908,0.15,11.3,10.6,0.265,11.5,0.207,2.25
2026-10-12,W0076,52.1401,10.6908,3.0,10.8,10.0,0.262,10.7,0.208,1.58
2026-10-06,W0077,52.1401,10.7203,0.0,14.2,13.6,0.238,12.8,0.202,1.83
2026-10-07,W0077,52.1401,10.7203,0.0,14.9,14.0,0.225,13.4,0.201,2.09
2026-10-08,W0077,52.1401,10.7203,3.87,12.6,12.7,0.258,13.4,0.201,1.34
2026-10-09,W0077,52.1401,10.7203,5.3,10.2,10.5,0.266,11.6,0.204,1.1
2026-10-10,W0077,52.1401,10.7203,3.0,11.9,12.1,0.269,11.9,0.205,2.0
2026-10-11,W0077,52.1401,10.7203,0.0,11.2,10.6,0.265,11.5,0.207,2.25
2026-10-12,W0077,52.1401,10.7203,3.0,10.7,10.0,0.262,10.7,0.208,1.58
2026-10-06,W1172,52.1491,10.73563,0.0,14.1,13.6,0.238,12.8,0.202,1.83
2026-10-07,W1172,52.1491,10.73563,0.0,14.8,14.0,0.225,13.4,0.201,2.09
2026-10-08,W1172,52.1491,10.73563,3.87,12.6,12.7,0.258,13.4,0.201,1.34
2026-10-09,W1172,52.1491,10.73563,5.3,10.1,10.5,0.266,11.6,0.204,1.1
2026-10-10,W1172,52.1491,10.73563,3.0,11.9,12.1,0.269,11.9,0.205,2.0
2026-10-11,W1172,52.1491,10.73563,0.0,11.2,10.6,0.265,11.5,0.207,2.25
2026-10-12,W1172,52.1491,10.73563,3.0,10.7,10.0,0.262,10.7,0.208,1.58
2026-10-06,W1173,52.1491,10.76519,0.0,14.0,13.6,0.238,12.8,0.202,1.83
2026-10-07,W1173,52.1491,10.76519,0.0,14.8,14.0,0.225,13.4,0.201,2.1
2026-10-08,W1173,52.1491,10.76519,3.85,12.7,12.7,0.258,13.4,0.201,1.34
2026-10-09,W1173,52.1491,10.76519,5.3,10.1,10.5,0.266,11.6,0.204,1.1
2026-10-10,W1173,52.1491,10.76519,3.0,11.9,12.1,0.269,11.9,0.205,2.0
2026-10-11,W1173,52.1491,10.76519,0.0,11.2,10.6,0.265,11.5,0.207,2.25
2026-10-12,W1173,52.1491,10.76519,3.0,10.7,10.0,0.262,10.7,0.208,1.58
2026-10-06,W1174,52.1491,10.79476,0.0,14.9,13.6,0.238,12.8,0.202,1.84
2026-10-07,W1174,52.1491,10.79476,0.0,16.0,14.0,0.225,13.4,0.201,2.21
2026-10-08,W1174,52.1491,10.79476,3.8,13.1,12.7,0.258,13.4,0.201,1.38
2026-10-09,W1174,52.1491,10.79476,6.1,10.1,10.5,0.266,11.6,0.204,1.09
2026-10-10,W1174,52.1491,10.79476,3.3,11.9,12.1,0.269,11.9,0.205,2.02
2026-10-11,W1174,52.1491,10.79476,0.15,11.1,10.6,0.265,11.5,0.207,2.24
2026-10-12,W1174,52.1491,10.79476,3.0,10.6,10.0,0.262,10.7,0.208,1.57
2026-10-06,W0090,52.1581,10.8384,0.0,14.4,13.7,0.211,13.1,0.149,1.79
2026-10-07,W0090,52.1581,10.8384,0.0,15.8,14.2,0.2,13.6,0.15,2.2
2026-10-08,W0090,52.1581,10.8384,4.42,12.8,13.1,0.231,13.9,0.151,1.28
2026-10-09,W0090,52.1581,10.8384,5.9,9.4,10.7,0.242,12.0,0.153,0.91
2026-10-10,W0090,52.1581,10.8384,3.0,11.2,12.1,0.25,12.0,0.155,1.72
2026-10-11,W0090,52.1581,10.8384,0.75,10.5,10.6,0.247,11.6,0.158,2.03
2026-10-12,W0090,52.1581,10.8384,4.2,9.8,10.1,0.241,10.9,0.16,1.36
2026-10-06,W0078,52.1401,10.868,0.0,15.3,13.7,0.214,12.7,0.184,1.86
2026-10-07,W0078,52.1401,10.868,0.0,16.1,13.9,0.202,13.2,0.183,2.27
2026-10-08,W0078,52.1401,10.868,3.98,13.2,12.7,0.236,13.2,0.183,1.36
2026-10-09,W0078,52.1401,10.868,7.0,10.1,10.5,0.243,11.5,0.185,1.01
2026-10-10,W0078,52.1401,10.868,3.3,12.0,12.1,0.248,11.7,0.186,1.97
2026-10-11,W0078,52.1401,10.868,0.75,10.9,10.6,0.245,11.3,0.187,2.1
2026-10-12,W0078,52.1401,10.868,4.2,10.2,10.1,0.244,10.7,0.188,1.38
2026-10-06,W0079,52.1401,10.8975,0.0,15.2,13.7,0.214,12.7,0.184,1.88
2026-10-07,W0079,52.1401,10.8975,0.0,15.7,13.9,0.202,13.2,0.183,2.21
2026-10-08,W0079,52.1401,10.8975,4.32,12.9,12.7,0.236,13.2,0.183,1.32
2026-10-09,W0079,52.1401,10.8975,7.0,9.8,10.5,0.243,11.5,0.185,0.99
2026-10-10,W0079,52.1401,10.8975,3.3,11.6,12.1,0.248,11.7,0.186,1.94
2026-10-11,W0079,52.1401,10.8975,0.75,10.6,10.6,0.245,11.3,0.187,2.07
2026-10-12,W0079,52.1401,10.8975,4.2,9.8,10.1,0.244,10.7,0.188,1.36
2026-10-06,W0080,52.1401,10.9271,0.0,15.1,13.0,0.214,12.0,0.184,1.75
2026-10-07,W0080,52.1401,10.9271,0.0,15.3,13.1,0.202,12.4,0.183,2.15
2026-10-08,W0080,52.1401,10.9271,4.23,12.7,12.0,0.236,12.5,0.183,1.44
2026-10-09,W0080,52.1401,10.9271,7.8,9.3,9.8,0.243,10.7,0.185,1.04
2026-10-10,W0080,52.1401,10.9271,3.6,11.1,11.4,0.248,10.9,0.186,2.0
2026-10-11,W0080,52.1401,10.9271,0.9,10.3,9.9,0.245,10.6,0.187,2.06
2026-10-12,W0080,52.1401,10.9271,4.2,9.6,9.3,0.244,9.9,0.188,1.35
2026-10-06,W0081,52.1401,10.9566,0.0,15.8,13.7,0.214,12.7,0.184,1.8
2026-10-07,W0081,52.1401,10.9566,0.0,15.5,13.9,0.202,13.2,0.183,2.14
2026-10-08,W0081,52.1401,10.9566,4.55,12.9,12.7,0.236,13.2,0.183,1.4
2026-10-09,W0081,52.1401,10.9566,7.8,9.8,10.5,0.243,11.5,0.185,1.06
2026-10-10,W0081,52.1401,10.9566,3.6,11.7,12.1,0.248,11.7,0.186,2.05
2026-10-11,W0081,52.1401,10.9566,0.9,10.8,10.6,0.245,11.3,0.187,2.11
2026-10-12,W0081,52.1401,10.9566,4.2,10.1,10.1,0.244,10.7,0.188,1.38
2026-10-06,W0095,52.1581,10.9861,0.0,15.2,13.8,0.2,12.9,0.147,1.69
2026-10-07,W0095,52.1581,10.9861,0.0,15.1,14.0,0.188,13.3,0.148,2.15
2026-10-08,W0095,52.1581,10.9861,4.25,12.7,12.9,0.222,13.4,0.148,1.35
2026-10-09,W0095,52.1581,10.9861,6.8,9.9,10.5,0.23,11.6,0.15,1.02
2026-10-10,W0095,52.1581,10.9861,3.3,11.7,12.1,0.236,11.8,0.152,1.89
2026-10-11,W0095,52.1581,10.9861,0.75,11.0,10.5,0.234,11.3,0.154,2.08
2026-10-12,W0095,52.1581,10.9861,4.2,10.4,10.1,0.23,10.7,0.156,1.4
2026-10-06,W0096,52.1581,11.0157,0.0,13.6,13.8,0.2,12.9,0.147,1.61
2026-10-07,W0096,52.1581,11.0157,0.0,14.5,14.0,0.188,13.3,0.148,2.15
2026-10-08,W0096,52.1581,11.0157,3.75,12.5,12.9,0.222,13.4,0.148,1.34
2026-10-09,W0096,52.1581,11.0157,6.8,9.8,10.5,0.23,11.6,0.15,1.01
2026-10-10,W0096,52.1581,11.0157,3.3,11.6,12.1,0.236,11.8,0.152,1.89
2026-10-11,W0096,52.1581,11.0157,0.75,10.9,10.5,0.234,11.3,0.154,2.08
2026-10-12,W0096,52.1581,11.0157,4.2,10.3,10.1,0.23,10.7,0.156,1.39
2026-10-06,W0082,52.1401,11.0452,0.0,13.8,13.7,0.233,12.9,0.205,1.67
2026-10-07,W0082,52.1401,11.0452,0.0,14.6,13.9,0.221,13.4,0.205,2.2
2026-10-08,W0082,52.1401,11.0452,3.13,12.9,12.8,0.265,13.4,0.205,1.42
2026-10-09,W0082,52.1401,11.0452,7.7,10.4,10.7,0.272,11.8,0.208,1.13
2026-10-10,W0082,52.1401,11.0452,3.9,12.2,12.2,0.286,12.0,0.21,2.08
2026-10-11,W0082,52.1401,11.0452,0.6,11.2,10.7,0.284,11.6,0.214,2.15
2026-10-12,W0082,52.1401,11.0452,4.2,10.6,10.2,0.291,10.9,0.217,1.4
2026-10-06,W1175,52.1491,11.06084,0.0,14.4,13.7,0.233,12.9,0.205,1.65
2026-10-07,W1175,52.1491,11.06084,0.0,15.4,13.9,0.221,13.4,0.205,2.23
2026-10-08,W1175,52.1491,11.06084,2.98,13.3,12.8,0.265,13.4,0.205,1.45
2026-10-09,W1175,52.1491,11.06084,7.7,10.4,10.7,0.272,11.8,0.208,1.13
2026-10-10,W1175,52.1491,11.06084,3.9,12.2,12.2,0.286,12.0,0.21,2.09
2026-10-11,W1175,52.1491,11.06084,0.6,11.3,10.7,0.284,11.6,0.214,2.15
2026-10-12,W1175,52.1491,11.06084,4.2,10.6,10.2,0.291,10.9,0.217,1.41
2026-10-06,W0098,52.1581,11.1043,0.0,14.6,13.7,0.233,12.9,0.205,1.66
2026-10-07,W0098,52.1581,11.1043,0.0,15.5,13.9,0.221,13.4,0.205,2.24
2026-10-08,W0098,52.1581,11.1043,2.98,13.1,12.8,0.265,13.4,0.205,1.43
2026-10-09,W0098,52.1581,11.1043,6.8,9.7,10.7,0.272,11.8,0.208,1.08
2026-10-10,W0098,52.1581,11.1043,4.2,11.5,12.2,0.286,12.0,0.21,1.88
2026-10-11,W0098,52.1581,11.1043,0.15,10.8,10.7,0.284,11.6,0.214,2.17
2026-10-12,W0098,52.1581,11.1043,2.1,10.2,10.2,0.291,10.9,0.217,1.6
2026-10-06,W1176,52.1491,11.11997,0.0,14.9,13.7,0.233,12.9,0.205,1.69
2026-10-07,W1176,52.1491,11.11997,0.0,15.8,13.9,0.221,13.4,0.205,2.29
2026-10-08,W1176,52.1491,11.11997,3.33,13.4,12.8,0.265,13.4,0.205,1.48
2026-10-09,W1176,52.1491,11.11997,7.2,10.1,10.7,0.272,11.8,0.208,1.1
2026-10-10,W1176,52.1491,11.11997,3.9,11.9,12.2,0.286,12.0,0.21,2.02
2026-10-11,W1176,52.1491,11.11997,0.0,11.1,10.7,0.284,11.6,0.214,2.23
2026-10-12,W1176,52.1491,11.11997,2.1,10.5,10.2,0.291,10.9,0.217,1.62
2026-10-06,W1177,52.1491,11.14953,0.0,14.9,13.7,0.233,12.9,0.205,1.69
2026-10-07,W1177,52.1491,11.14953,0.0,15.7,13.9,0.221,13.4,0.205,2.28
2026-10-08,W1177,52.1491,11.14953,3.67,13.6,12.8,0.265,13.4,0.205,1.53
2026-10-09,W1177,52.1491,11.14953,7.2,10.1,10.7,0.272,11.8,0.208,1.1
2026-10-10,W1177,52.1491,11.14953,3.9,11.9,12.2,0.286,12.0,0.21,2.02
2026-10-11,W1177,52.1491,11.14953,0.0,11.1,10.7,0.284,11.6,0.214,2.23
2026-10-12,W1177,52.1491,11.14953,2.1,10.5,10.2,0.291,10.9,0.217,1.62
2026-10-06,W1585,52.16712,10.11478,0.0,15.3,13.8,0.249,13.1,0.228,1.8
2026-10-07,W1585,52.16712,10.11478,0.0,14.7,13.5,0.237,13.1,0.227,2.05
2026-10-08,W1585,52.16712,10.11478,6.6,13.2,12.7,0.303,13.3,0.229,1.37
2026-10-09,W1585,52.16712,10.11478,6.2,9.7,10.4,0.311,11.4,0.237,0.91
2026-10-10,W1585,52.16712,10.11478,6.0,11.6,12.1,0.323,11.8,0.242,1.75
2026-10-11,W1585,52.16712,10.11478,1.5,11.0,10.5,0.312,11.3,0.248,1.99
2026-10-12,W1585,52.16712,10.11478,3.0,10.9,10.1,0.302,10.6,0.251,1.59
2026-10-06,W1178,52.16712,10.14435,0.0,15.3,13.8,0.249,13.1,0.228,1.8
2026-10-07,W1178,52.16712,10.14435,0.0,15.1,13.5,0.237,13.1,0.227,2.05
2026-10-08,W1178,52.16712,10.14435,6.38,13.3,12.7,0.303,13.3,0.229,1.38
2026-10-09,W1178,52.16712,10.14435,6.2,9.7,10.4,0.311,11.4,0.237,0.91
2026-10-10,W1178,52.16712,10.14435,6.0,11.6,12.1,0.323,11.8,0.242,1.75
2026-10-11,W1178,52.16712,10.14435,1.5,11.0,10.5,0.312,11.3,0.248,1.99
2026-10-12,W1178,52.16712,10.14435,3.0,10.9,10.1,0.302,10.6,0.251,1.59
2026-10-06,W1179,52.16712,10.17391,0.0,15.1,13.8,0.249,13.1,0.228,1.83
2026-10-07,W1179,52.16712,10.17391,0.0,15.0,13.5,0.237,13.1,0.227,2.0
2026-10-08,W1179,52.16712,10.17391,5.92,13.1,12.7,0.303,13.3,0.229,1.35
2026-10-09,W1179,52.16712,10.17391,6.2,9.6,10.4,0.311,11.4,0.237,0.91
2026-10-10,W1179,52.16712,10.17391,5.7,11.5,12.1,0.323,11.8,0.242,1.77
2026-10-11,W1179,52.16712,10.17391,1.5,11.0,10.5,0.312,11.3,0.248,1.99
2026-10-12,W1179,52.16712,10.17391,3.0,10.8,10.1,0.302,10.6,0.251,1.59
2026-10-06,W0099,52.1761,10.2182,0.0,15.0,14.0,0.235,13.4,0.192,1.83
2026-10-07,W0099,52.1761,10.2182,0.0,14.6,13.7,0.222,13.4,0.192,1.96
2026-10-08,W0099,52.1761,10.2182,5.92,12.8,12.8,0.262,13.5,0.193,1.33
2026-10-09,W0099,52.1761,10.2182,6.2,9.3,10.5,0.273,11.6,0.197,0.9
2026-10-10,W0099,52.1761,10.2182,5.7,11.3,12.1,0.291,11.9,0.2,1.75
2026-10-11,W0099,52.1761,10.2182,1.5,10.7,10.6,0.283,11.5,0.205,1.97
2026-10-12,W0099,52.1761,10.2182,3.0,10.6,10.3,0.271,10.9,0.208,1.57
2026-10-06,W1180,52.16712,10.23304,0.0,14.7,14.0,0.235,13.4,0.192,1.84
2026-10-07,W1180,52.16712,10.23304,0.0,13.8,13.7,0.222,13.4,0.192,1.92
2026-10-08,W1180,52.16712,10.23304,5.77,12.8,12.8,0.262,13.5,0.193,1.31
2026-10-09,W1180,52.16712,10.23304,5.5,9.6,10.5,0.273,11.6,0.197,0.94
2026-10-10,W1180,52.16712,10.23304,4.8,11.6,12.1,0.291,11.9,0.2,1.79
2026-10-11,W1180,52.16712,10.23304,1.5,11.0,10.6,0.283,11.5,0.205,2.0
2026-10-12,W1180,52.16712,10.23304,3.0,10.8,10.3,0.271,10.9,0.208,1.59
2026-10-06,W1181,52.16712,10.2626,0.0,14.8,14.0,0.235,13.4,0.192,1.84
2026-10-07,W1181,52.16712,10.2626,0.0,14.0,13.7,0.222,13.4,0.192,1.92
2026-10-08,W1181,52.16712,10.2626,5.75,12.8,12.8,0.262,13.5,0.193,1.29
2026-10-09,W1181,52.16712,10.2626,5.5,9.7,10.5,0.273,11.6,0.197,0.94
2026-10-10,W1181,52.16712,10.2626,4.8,11.7,12.1,0.291,11.9,0.2,1.79
2026-10-11,W1181,52.16712,10.2626,1.5,11.1,10.6,0.283,11.5,0.205,2.01
2026-10-12,W1181,52.16712,10.2626,3.0,10.9,10.3,0.271,10.9,0.208,1.59
2026-10-06,W1182,52.16712,10.29217,0.0,15.8,13.9,0.22,13.1,0.196,1.88
2026-10-07,W1182,52.16712,10.29217,0.0,15.2,13.6,0.209,13.1,0.196,1.93
2026-10-08,W1182,52.16712,10.29217,5.82,13.1,12.7,0.261,13.2,0.196,1.32
2026-10-09,W1182,52.16712,10.29217,5.4,9.7,10.3,0.274,11.3,0.199,0.98
2026-10-10,W1182,52.16712,10.29217,4.2,11.7,12.1,0.29,11.6,0.203,1.81
2026-10-11,W1182,52.16712,10.29217,1.35,11.1,10.5,0.279,11.2,0.207,2.02
2026-10-12,W1182,52.16712,10.29217,3.0,11.0,10.1,0.267,10.6,0.209,1.6
2026-10-06,W1183,52.16712,10.32173,0.0,15.8,13.9,0.22,13.1,0.196,1.89
2026-10-07,W1183,52.16712,10.32173,0.0,15.2,13.6,0.209,13.1,0.196,1.93
2026-10-08,W1183,52.16712,10.32173,5.82,13.1,12.7,0.261,13.2,0.196,1.33
2026-10-09,W1183,52.16712,10.32173,5.4,9.7,10.3,0.274,11.3,0.199,0.98
2026-10-10,W1183,52.16712,10.32173,4.2,11.7,12.1,0.29,11.6,0.203,1.82
2026-10-11,W1183,52.16712,10.32173,1.05,11.3,10.5,0.279,11.2,0.207,2.13
2026-10-12,W1183,52.16712,10.32173,4.5,11.0,10.1,0.267,10.6,0.209,1.59
2026-10-06,W0100,52.1761,10.3658,0.0,15.5,13.9,0.22,13.1,0.196,1.88
2026-10-07,W0100,52.1761,10.3658,0.0,15.0,13.6,0.209,13.1,0.196,1.97
2026-10-08,W0100,52.1761,10.3658,5.73,13.1,12.7,0.261,13.2,0.196,1.33
2026-10-09,W0100,52.1761,10.3658,4.7,9.7,10.3,0.274,11.3,0.199,1.0
2026-10-10,W0100,52.1761,10.3658,3.9,11.7,12.1,0.29,11.6,0.203,1.85
2026-10-11,W0100,52.1761,10.3658,0.75,11.3,10.5,0.279,11.2,0.207,2.12
2026-10-12,W0100,52.1761,10.3658,4.5,10.9,10.1,0.267,10.6,0.209,1.58
2026-10-06,W1184,52.16712,10.38086,0.0,15.3,14.2,0.224,13.6,0.181,1.85
2026-10-07,W1184,52.16712,10.38086,0.0,15.4,14.0,0.211,13.7,0.181,1.97
2026-10-08,W1184,52.16712,10.38086,5.85,13.1,13.0,0.234,13.8,0.181,1.33
2026-10-09,W1184,52.16712,10.38086,4.7,9.6,10.8,0.245,12.0,0.183,1.0
2026-10-10,W1184,52.16712,10.38086,3.9,11.6,12.4,0.257,12.2,0.185,1.84
2026-10-11,W1184,52.16712,10.38086,0.75,11.2,10.9,0.253,11.8,0.187,2.11
2026-10-12,W1184,52.16712,10.38086,4.5,10.8,10.6,0.248,11.2,0.188,1.58
2026-10-06,W0101,52.1761,10.4249,0.0,15.7,14.2,0.203,13.4,0.149,1.87
2026-10-07,W0101,52.1761,10.4249,0.0,15.3,14.4,0.19,13.7,0.149,1.97
2026-10-08,W0101,52.1761,10.4249,5.23,13.2,13.0,0.243,13.7,0.15,1.33
2026-10-09,W0101,52.1761,10.4249,4.3,9.9,10.5,0.256,11.8,0.154,1.0
2026-10-10,W0101,52.1761,10.4249,3.0,11.8,12.2,0.263,11.9,0.158,1.86
2026-10-11,W0101,52.1761,10.4249,0.75,11.4,10.7,0.252,11.5,0.161,2.13
2026-10-12,W0101,52.1761,10.4249,4.5,11.0,10.4,0.242,11.0,0.164,1.59
2026-10-06,W0102,52.1761,10.4545,0.0,15.2,14.2,0.203,13.4,0.149,1.84
2026-10-07,W0102,52.1761,10.4545,0.0,15.4,14.4,0.19,13.7,0.149,2.0
2026-10-08,W0102,52.1761,10.4545,5.58,13.1,13.0,0.243,13.7,0.15,1.33
2026-10-09,W0102,52.1761,10.4545,4.3,9.7,10.5,0.256,11.8,0.154,1.0
2026-10-10,W0102,52.1761,10.4545,3.0,11.6,12.2,0.263,11.9,0.158,1.85
2026-10-11,W0102,52.1761,10.4545,0.75,11.2,10.7,0.252,11.5,0.161,2.11
2026-10-12,W0102,52.1761,10.4545,4.5,10.8,10.4,0.242,11.0,0.164,1.58
2026-10-06,W0103,52.1761,10.484,0.0,15.3,14.2,0.203,13.4,0.149,1.85
2026-10-07,W0103,52.1761,10.484,0.0,15.5,14.4,0.19,13.7,0.149,2.01
2026-10-08,W0103,52.1761,10.484,5.33,13.3,13.0,0.243,13.7,0.15,1.35
2026-10-09,W0103,52.1761,10.484,3.8,9.9,10.5,0.256,11.8,0.154,1.02
2026-10-10,W0103,52.1761,10.484,3.0,11.8,12.2,0.263,11.9,0.158,1.86
2026-10-11,W0103,52.1761,10.484,0.75,11.3,10.7,0.252,11.5,0.161,2.12
2026-10-12,W0103,52.1761,10.484,4.5,11.0,10.4,0.242,11.0,0.164,1.59
2026-10-06,W1185,52.16712,10.49912,0.0,15.6,14.2,0.203,13.4,0.149,1.9
2026-10-07,W1185,52.16712,10.49912,0.0,15.6,14.4,0.19,13.7,0.149,2.01
2026-10-08,W1185,52.16712,10.49912,5.07,13.5,13.0,0.243,13.7,0.15,1.37
2026-10-09,W1185,52.16712,10.49912,3.8,9.9,10.5,0.256,11.8,0.154,1.03
2026-10-10,W1185,52.16712,10.49912,3.0,11.8,12.2,0.263,11.9,0.158,1.86
2026-10-11,W1185,52.16712,10.49912,0.75,11.4,10.7,0.252,11.5,0.161,2.12
2026-10-12,W1185,52.16712,10.49912,4.5,11.0,10.4,0.242,11.0,0.164,1.59
2026-10-06,W0104,52.1761,10.5431,0.0,15.3,13.7,0.229,12.9,0.182,1.85
2026-10-07,W0104,52.1761,10.5431,0.0,15.5,14.0,0.216,13.4,0.182,2.04
2026-10-08,W0104,52.1761,10.5431,5.03,13.2,12.8,0.247,13.5,0.183,1.36
2026-10-09,W0104,52.1761,10.5431,3.7,10.0,10.6,0.255,11.7,0.185,1.04
2026-10-10,W0104,52.1761,10.5431,2.7,11.8,12.3,0.257,12.0,0.187,1.87
2026-10-11,W0104,52.1761,10.5431,0.75,11.3,10.7,0.255,11.6,0.188,2.11
2026-10-12,W0104,52.1761,10.5431,4.5,11.0,10.2,0.256,10.9,0.19,1.59
2026-10-06,W1186,52.16712,10.55825,0.0,14.8,13.7,0.229,12.9,0.182,1.86
2026-10-07,W1186,52.16712,10.55825,0.0,15.1,14.0,0.216,13.4,0.182,2.02
2026-10-08,W1186,52.16712,10.55825,5.38,12.9,12.8,0.247,13.5,0.183,1.31
2026-10-09,W1186,52.16712,10.55825,3.7,9.9,10.6,0.255,11.7,0.185,1.04
2026-10-10,W1186,52.16712,10.55825,2.7,11.8,12.3,0.257,12.0,0.187,1.86
2026-10-11,W1186,52.16712,10.55825,0.75,11.3,10.7,0.255,11.6,0.188,2.1
2026-10-12,W1186,52.16712,10.55825,4.5,10.9,10.2,0.256,10.9,0.19,1.58
2026-10-06,W1187,52.16712,10.58781,0.0,14.8,13.7,0.229,12.9,0.182,1.86
2026-10-07,W1187,52.16712,10.58781,0.0,15.0,14.0,0.216,13.4,0.182,2.02
2026-10-08,W1187,52.16712,10.58781,5.38,12.8,12.8,0.247,13.5,0.183,1.31
2026-10-09,W1187,52.16712,10.58781,3.7,9.9,10.6,0.255,11.7,0.185,1.03
2026-10-10,W1187,52.16712,10.58781,2.7,11.7,12.3,0.257,12.0,0.187,1.86
2026-10-11,W1187,52.16712,10.58781,0.75,11.2,10.7,0.255,11.6,0.188,2.1
2026-10-12,W1187,52.16712,10.58781,4.5,10.6,10.2,0.256,10.9,0.19,1.45
2026-10-06,W1188,52.16712,10.61737,0.0,15.0,13.3,0.206,12.4,0.163,1.84
2026-10-07,W1188,52.16712,10.61737,0.0,15.7,14.0,0.195,13.0,0.164,2.09
2026-10-08,W1188,52.16712,10.61737,5.45,13.3,12.7,0.229,13.3,0.164,1.35
2026-10-09,W1188,52.16712,10.61737,3.8,10.0,10.3,0.243,11.4,0.166,1.04
2026-10-10,W1188,52.16712,10.61737,3.6,11.8,12.0,0.255,11.5,0.168,1.83
2026-10-11,W1188,52.16712,10.61737,0.75,11.2,10.4,0.252,11.1,0.171,2.1
2026-10-12,W1188,52.16712,10.61737,4.5,10.7,10.0,0.248,10.5,0.173,1.46
2026-10-06,W1189,52.16712,10.64694,0.0,15.4,13.3,0.206,12.4,0.163,1.85
2026-10-07,W1189,52.16712,10.64694,0.0,15.7,14.0,0.195,13.0,0.164,2.09
2026-10-08,W1189,52.16712,10.64694,5.68,13.4,12.7,0.229,13.3,0.164,1.36
2026-10-09,W1189,52.16712,10.64694,3.8,10.1,10.3,0.243,11.4,0.166,1.04
2026-10-10,W1189,52.16712,10.64694,3.6,11.9,12.0,0.255,11.5,0.168,1.84
2026-10-11,W1189,52.16712,10.64694,0.75,11.4,10.4,0.252,11.1,0.171,2.11
2026-10-12,W1189,52.16712,10.64694,4.5,10.8,10.0,0.248,10.5,0.173,1.46
2026-10-06,W1586,52.16712,10.6765,0.0,14.9,13.3,0.206,12.4,0.163,1.83
2026-10-07,W1586,52.16712,10.6765,0.0,14.9,14.0,0.195,13.0,0.164,2.06
2026-10-08,W1586,52.16712,10.6765,5.33,12.7,12.7,0.229,13.3,0.164,1.28
2026-10-09,W1586,52.16712,10.6765,4.4,10.0,10.3,0.243,11.4,0.166,0.98
2026-10-10,W1586,52.16712,10.6765,3.9,11.7,12.0,0.255,11.5,0.168,1.77
2026-10-11,W1586,52.16712,10.6765,0.75,11.2,10.4,0.252,11.1,0.171,2.09
2026-10-12,W1586,52.16712,10.6765,4.5,10.7,10.0,0.248,10.5,0.173,1.46
2026-10-06,W1190,52.16712,10.70607,0.0,14.4,13.6,0.238,12.8,0.202,1.82
2026-10-07,W1190,52.16712,10.70607,0.0,15.6,14.0,0.225,13.4,0.201,2.23
2026-10-08,W1190,52.16712,10.70607,5.35,12.9,12.7,0.258,13.4,0.201,1.33
2026-10-09,W1190,52.16712,10.70607,4.4,9.8,10.5,0.266,11.6,0.204,0.97
2026-10-10,W1190,52.16712,10.70607,3.9,11.5,12.1,0.269,11.9,0.205,1.76
2026-10-11,W1190,52.16712,10.70607,0.15,11.0,10.6,0.265,11.5,0.207,2.18
2026-10-12,W1190,52.16712,10.70607,3.0,10.5,10.0,0.262,10.7,0.208,1.57
2026-10-06,W1587,52.16712,10.73563,0.0,14.8,13.6,0.238,12.8,0.202,1.87
2026-10-07,W1587,52.16712,10.73563,0.0,15.8,14.0,0.225,13.4,0.201,2.24
2026-10-08,W1587,52.16712,10.73563,4.6,12.9,12.7,0.258,13.4,0.201,1.29
2026-10-09,W1587,52.16712,10.73563,5.5,9.7,10.5,0.266,11.6,0.204,0.94
2026-10-10,W1587,52.16712,10.73563,3.3,11.4,12.1,0.269,11.9,0.205,1.73
2026-10-11,W1587,52.16712,10.73563,0.15,10.8,10.6,0.265,11.5,0.207,2.16
2026-10-12,W1587,52.16712,10.73563,3.0,10.4,10.0,0.262,10.7,0.208,1.56
2026-10-06,W0105,52.1761,10.7794,0.0,15.1,13.7,0.211,13.1,0.149,1.82
2026-10-07,W0105,52.1761,10.7794,0.0,16.0,14.2,0.2,13.6,0.15,2.14
2026-10-08,W0105,52.1761,10.7794,5.13,12.9,13.1,0.231,13.9,0.151,1.26
2026-10-09,W0105,52.1761,10.7794,5.5,9.3,10.7,0.242,12.0,0.153,0.92
2026-10-10,W0105,52.1761,10.7794,3.3,11.1,12.1,0.25,12.0,0.155,1.7
2026-10-11,W0105,52.1761,10.7794,0.15,10.5,10.6,0.247,11.6,0.158,2.13
2026-10-12,W0105,52.1761,10.7794,3.0,10.0,10.1,0.241,10.9,0.16,1.53
2026-10-06,W0106,52.1761,10.8089,0.0,14.9,13.7,0.211,13.1,0.149,1.81
2026-10-07,W0106,52.1761,10.8089,0.0,15.9,14.2,0.2,13.6,0.15,2.13
2026-10-08,W0106,52.1761,10.8089,4.7,12.8,13.1,0.231,13.9,0.151,1.25
2026-10-09,W0106,52.1761,10.8089,5.9,9.4,10.7,0.242,12.0,0.153,0.91
2026-10-10,W0106,52.1761,10.8089,3.0,11.1,12.1,0.25,12.0,0.155,1.71
2026-10-11,W0106,52.1761,10.8089,0.15,10.4,10.6,0.247,11.6,0.158,2.11
2026-10-12,W0106,52.1761,10.8089,3.0,9.9,10.1,0.241,10.9,0.16,1.52
2026-10-06,W0107,52.1761,10.8384,0.0,14.8,13.7,0.211,13.1,0.149,1.78
2026-10-07,W0107,52.1761,10.8384,0.0,15.0,14.2,0.2,13.6,0.15,2.06
2026-10-08,W0107,52.1761,10.8384,4.38,12.8,13.1,0.231,13.9,0.151,1.28
2026-10-09,W0107,52.1761,10.8384,5.9,9.5,10.7,0.242,12.0,0.153,0.91
2026-10-10,W0107,52.1761,10.8384,3.0,11.2,12.1,0.25,12.0,0.155,1.72
2026-10-11,W0107,52.1761,10.8384,0.75,10.5,10.6,0.247,11.6,0.158,2.03
2026-10-12,W0107,52.1761,10.8384,4.2,9.8,10.1,0.241,10.9,0.16,1.36
2026-10-06,W0108,52.1761,10.868,0.0,15.0,13.7,0.211,13.1,0.149,1.78
2026-10-07,W0108,52.1761,10.868,0.0,15.4,14.2,0.2,13.6,0.15,2.12
2026-10-08,W0108,52.1761,10.868,4.48,12.9,13.1,0.231,13.9,0.151,1.34
2026-10-09,W0108,52.1761,10.868,6.9,9.3,10.7,0.242,12.0,0.153,0.91
2026-10-10,W0108,52.1761,10.868,3.6,11.1,12.1,0.25,12.0,0.155,1.73
2026-10-11,W0108,52.1761,10.868,0.75,10.4,10.6,0.247,11.6,0.158,2.02
2026-10-12,W0108,52.1761,10.868,4.2,9.8,10.1,0.241,10.9,0.16,1.36
2026-10-06,W0109,52.1761,10.8975,0.0,15.4,13.7,0.214,12.7,0.184,1.78
2026-10-07,W0109,52.1761,10.8975,0.0,15.3,13.9,0.202,13.2,0.183,2.17
2026-10-08,W0109,52.1761,10.8975,4.7,12.9,12.7,0.236,13.2,0.183,1.32
2026-10-09,W0109,52.1761,10.8975,6.9,9.4,10.5,0.243,11.5,0.185,0.91
2026-10-10,W0109,52.1761,10.8975,3.6,11.2,12.1,0.248,11.7,0.186,1.74
2026-10-11,W0109,52.1761,10.8975,0.75,10.5,10.6,0.245,11.3,0.187,2.03
2026-10-12,W0109,52.1761,10.8975,4.2,9.9,10.1,0.244,10.7,0.188,1.36
2026-10-06,W0110,52.1761,10.9271,0.0,15.8,13.8,0.2,12.9,0.147,1.79
2026-10-07,W0110,52.1761,10.9271,0.0,15.7,14.0,0.188,13.3,0.148,2.19
2026-10-08,W0110,52.1761,10.9271,4.57,13.4,12.9,0.222,13.4,0.148,1.37
2026-10-09,W0110,52.1761,10.9271,7.1,10.1,10.5,0.23,11.6,0.15,0.95
2026-10-10,W0110,52.1761,10.9271,3.3,11.9,12.1,0.236,11.8,0.152,1.8
2026-10-11,W0110,52.1761,10.9271,0.9,11.0,10.5,0.234,11.3,0.154,2.06
2026-10-12,W0110,52.1761,10.9271,4.2,10.3,10.1,0.23,10.7,0.156,1.39
2026-10-06,W0111,52.1761,10.9566,0.0,15.3,13.8,0.2,12.9,0.147,1.69
2026-10-07,W0111,52.1761,10.9566,0.0,14.7,14.0,0.188,13.3,0.148,2.15
2026-10-08,W0111,52.1761,10.9566,4.32,12.9,12.9,0.222,13.4,0.148,1.31
2026-10-09,W0111,52.1761,10.9566,7.1,10.3,10.5,0.23,11.6,0.15,0.96
2026-10-10,W0111,52.1761,10.9566,3.3,12.1,12.1,0.236,11.8,0.152,1.82
2026-10-11,W0111,52.1761,10.9566,0.9,11.2,10.5,0.234,11.3,0.154,2.07
2026-10-12,W0111,52.1761,10.9566,4.2,10.5,10.1,0.23,10.7,0.156,1.4
2026-10-06,W0112,52.1761,10.9861,0.0,14.7,13.8,0.2,12.9,0.147,1.67
2026-10-07,W0112,52.1761,10.9861,0.0,15.0,14.0,0.188,13.3,0.148,2.17
2026-10-08,W0112,52.1761,10.9861,4.18,12.8,12.9,0.222,13.4,0.148,1.37
2026-10-09,W0112,52.1761,10.9861,6.8,10.2,10.5,0.23,11.6,0.15,1.03
2026-10-10,W0112,52.1761,10.9861,3.3,12.0,12.1,0.236,11.8,0.152,1.92
2026-10-11,W0112,52.1761,10.9861,0.75,11.3,10.5,0.234,11.3,0.154,2.11
2026-10-12,W0112,52.1761,10.9861,4.2,10.7,10.1,0.23,10.7,0.156,1.41
2026-10-06,W0113,52.1761,11.0157,0.0,13.7,13.8,0.2,12.9,0.147,1.63
2026-10-07,W0113,52.1761,11.0157,0.0,14.5,14.0,0.188,13.3,0.148,2.15
2026-10-08,W0113,52.1761,11.0157,3.92,12.6,12.9,0.222,13.4,0.148,1.36
2026-10-09,W0113,52.1761,11.0157,6.8,10.0,10.5,0.23,11.6,0.15,1.02
2026-10-10,W0113,52.1761,11.0157,3.3,11.8,12.1,0.236,11.8,0.152,1.9
2026-10-11,W0113,52.1761,11.0157,0.75,11.1,10.5,0.234,11.3,0.154,2.09
2026-10-12,W0113,52.1761,11.0157,4.2,10.5,10.1,0.23,10.7,0.156,1.4
2026-10-06,W0114,52.1761,11.0452,0.0,14.2,13.7,0.233,12.9,0.205,1.64
2026-10-07,W0114,52.1761,11.0452,0.0,15.2,13.9,0.221,13.4,0.205,2.2
2026-10-08,W0114,52.1761,11.0452,3.32,12.8,12.8,0.265,13.4,0.205,1.38
2026-10-09,W0114,52.1761,11.0452,6.6,9.8,10.7,0.272,11.8,0.208,1.05
2026-10-10,W0114,52.1761,11.0452,3.9,11.5,12.2,0.286,12.0,0.21,1.9
2026-10-11,W0114,52.1761,11.0452,0.75,10.9,10.7,0.284,11.6,0.214,2.08
2026-10-12,W0114,52.1761,11.0452,4.2,10.3,10.2,0.291,10.9,0.217,1.39
2026-10-06,W1191,52.16712,11.06084,0.0,14.7,13.7,0.233,12.9,0.205,1.67
2026-10-07,W1191,52.16712,11.06084,0.0,15.8,13.9,0.221,13.4,0.205,2.27
2026-10-08,W1191,52.16712,11.06084,3.23,13.2,12.8,0.265,13.4,0.205,1.41
2026-10-09,W1191,52.16712,11.06084,6.6,10.0,10.7,0.272,11.8,0.208,1.06
2026-10-10,W1191,52.16712,11.06084,3.9,11.7,12.2,0.286,12.0,0.21,1.91
2026-10-11,W1191,52.16712,11.06084,0.75,11.1,10.7,0.284,11.6,0.214,2.1
2026-10-12,W1191,52.16712,11.06084,4.2,10.5,10.2,0.291,10.9,0.217,1.4
2026-10-06,W0115,52.1761,11.1043,0.0,14.8,13.9,0.211,13.0,0.145,1.69
2026-10-07,W0115,52.1761,11.1043,0.0,15.2,13.9,0.199,13.3,0.146,2.18
2026-10-08,W0115,52.1761,11.1043,3.2,13.1,12.9,0.247,13.4,0.147,1.45
2026-10-09,W0115,52.1761,11.1043,6.8,9.7,10.6,0.256,11.7,0.151,1.08
2026-10-10,W0115,52.1761,11.1043,4.2,11.4,12.1,0.273,11.8,0.155,1.88
2026-10-11,W0115,52.1761,11.1043,0.15,10.7,10.6,0.265,11.4,0.16,2.17
2026-10-12,W0115,52.1761,11.1043,2.1,10.1,10.1,0.261,10.7,0.164,1.6
2026-10-06,W1192,52.16712,11.11997,0.0,14.8,13.9,0.211,13.0,0.145,1.67
2026-10-07,W1192,52.16712,11.11997,0.0,15.5,13.9,0.199,13.3,0.146,2.24
2026-10-08,W1192,52.16712,11.11997,3.1,13.2,12.9,0.247,13.4,0.147,1.45
2026-10-09,W1192,52.16712,11.11997,6.8,9.7,10.6,0.256,11.7,0.151,1.08
2026-10-10,W1192,52.16712,11.11997,4.2,11.5,12.1,0.273,11.8,0.155,1.88
2026-10-11,W1192,52.16712,11.11997,0.15,10.7,10.6,0.265,11.4,0.16,2.17
2026-10-12,W1192,52.16712,11.11997,2.1,10.2,10.1,0.261,10.7,0.164,1.6
2026-10-06,W1193,52.16712,11.14953,0.0,15.1,13.9,0.211,13.0,0.145,1.68
2026-10-07,W1193,52.16712,11.14953,0.0,15.4,13.9,0.199,13.3,0.146,2.21
2026-10-08,W1193,52.16712,11.14953,3.15,13.4,12.9,0.247,13.4,0.147,1.47
2026-10-09,W1193,52.16712,11.14953,6.8,9.9,10.6,0.256,11.7,0.151,1.09
2026-10-10,W1193,52.16712,11.14953,4.2,11.6,12.1,0.273,11.8,0.155,1.89
2026-10-11,W1193,52.16712,11.14953,0.15,10.9,10.6,0.265,11.4,0.16,2.19
2026-10-12,W1193,52.16712,11.14953,2.1,10.3,10.1,0.261,10.7,0.164,1.61
2026-10-06,W0116,52.1941,10.1,0.0,15.2,13.8,0.249,13.1,0.228,1.82
2026-10-07,W0116,52.1941,10.1,0.0,14.6,13.5,0.237,13.1,0.227,2.05
2026-10-08,W0116,52.1941,10.1,7.72,13.2,12.7,0.303,13.3,0.229,1.32
2026-10-09,W0116,52.1941,10.1,6.2,9.8,10.4,0.311,11.4,0.237,0.91
2026-10-10,W0116,52.1941,10.1,6.0,11.7,12.1,0.323,11.8,0.242,1.75
2026-10-11,W0116,52.1941,10.1,1.2,11.1,10.5,0.312,11.3,0.248,1.98
2026-10-12,W0116,52.1941,10.1,3.0,10.9,10.1,0.302,10.6,0.251,1.57
2026-10-06,W1194,52.18514,10.14435,0.0,15.2,13.8,0.249,13.1,0.228,1.78
2026-10-07,W1194,52.18514,10.14435,0.0,14.6,13.5,0.237,13.1,0.227,2.05
2026-10-08,W1194,52.18514,10.14435,6.97,13.2,12.7,0.303,13.3,0.229,1.35
2026-10-09,W1194,52.18514,10.14435,6.2,9.8,10.4,0.311,11.4,0.237,0.91
2026-10-10,W1194,52.18514,10.14435,6.0,11.7,12.1,0.323,11.8,0.242,1.75
2026-10-11,W1194,52.18514,10.14435,1.5,11.1,10.5,0.312,11.3,0.248,2.0
2026-10-12,W1194,52.18514,10.14435,3.0,11.0,10.1,0.302,10.6,0.251,1.59
2026-10-06,W1588,52.18514,10.17391,0.0,15.4,13.8,0.249,13.1,0.228,1.81
2026-10-07,W1588,52.18514,10.17391,0.0,14.9,13.5,0.237,13.1,0.227,2.04
2026-10-08,W1588,52.18514,10.17391,6.2,13.2,12.7,0.303,13.3,0.229,1.39
2026-10-09,W1588,52.18514,10.17391,6.2,9.7,10.4,0.311,11.4,0.237,0.92
2026-10-10,W1588,52.18514,10.17391,5.7,11.7,12.1,0.323,11.8,0.242,1.78
2026-10-11,W1588,52.18514,10.17391,1.5,11.1,10.5,0.312,11.3,0.248,2.0
2026-10-12,W1588,52.18514,10.17391,3.0,10.9,10.1,0.302,10.6,0.251,1.59
2026-10-06,W1195,52.18514,10.20347,0.0,15.4,13.8,0.249,13.1,0.228,1.83
2026-10-07,W1195,52.18514,10.20347,0.0,15.0,13.5,0.237,13.1,0.227,2.03
2026-10-08,W1195,52.18514,10.20347,5.75,13.2,12.7,0.303,13.3,0.229,1.4
2026-10-09,W1195,52.18514,10.20347,6.2,9.6,10.4,0.311,11.4,0.237,0.91
2026-10-10,W1195,52.18514,10.20347,5.7,11.5,12.1,0.323,11.8,0.242,1.77
2026-10-11,W1195,52.18514,10.20347,1.5,11.0,10.5,0.312,11.3,0.248,1.99
2026-10-12,W1195,52.18514,10.20347,3.0,10.8,10.1,0.302,10.6,0.251,1.59
2026-10-06,W1196,52.18514,10.23304,0.0,15.3,13.9,0.22,13.1,0.196,1.86
2026-10-07,W1196,52.18514,10.23304,0.0,15.0,13.6,0.209,13.1,0.196,1.96
2026-10-08,W1196,52.18514,10.23304,5.75,13.1,12.7,0.261,13.2,0.196,1.35
2026-10-09,W1196,52.18514,10.23304,5.5,9.6,10.3,0.274,11.3,0.199,0.94
2026-10-10,W1196,52.18514,10.23304,4.8,11.6,12.1,0.29,11.6,0.203,1.79
2026-10-11,W1196,52.18514,10.23304,1.5,11.0,10.5,0.279,11.2,0.207,2.0
2026-10-12,W1196,52.18514,10.23304,3.0,10.8,10.1,0.267,10.6,0.209,1.59
2026-10-06,W1197,52.18514,10.2626,0.0,14.8,13.9,0.22,13.1,0.196,1.84
2026-10-07,W1197,52.18514,10.2626,0.0,14.4,13.6,0.209,13.1,0.196,1.92
2026-10-08,W1197,52.18514,10.2626,5.55,12.7,12.7,0.261,13.2,0.196,1.29
2026-10-09,W1197,52.18514,10.2626,5.5,9.5,10.3,0.274,11.3,0.199,0.93
2026-10-10,W1197,52.18514,10.2626,4.8,11.5,12.1,0.29,11.6,0.203,1.78
2026-10-11,W1197,52.18514,10.2626,1.5,10.9,10.5,0.279,11.2,0.207,1.99
2026-10-12,W1197,52.18514,10.2626,3.0,10.7,10.1,0.267,10.6,0.209,1.58
2026-10-06,W0117,52.1941,10.3068,0.0,15.0,13.9,0.22,13.1,0.196,1.85
2026-10-07,W0117,52.1941,10.3068,0.0,15.0,13.6,0.209,13.1,0.196,1.98
2026-10-08,W0117,52.1941,10.3068,5.52,13.0,12.7,0.261,13.2,0.196,1.35
2026-10-09,W0117,52.1941,10.3068,5.4,9.8,10.3,0.274,11.3,0.199,0.98
2026-10-10,W0117,52.1941,10.3068,4.2,11.8,12.1,0.29,11.6,0.203,1.82
2026-10-11,W0117,52.1941,10.3068,1.65,11.3,10.5,0.279,11.2,0.207,2.07
2026-10-12,W0117,52.1941,10.3068,4.2,11.0,10.1,0.267,10.6,0.209,1.53
2026-10-06,W0118,52.1941,10.3363,0.0,15.1,13.9,0.22,13.1,0.196,1.85
2026-10-07,W0118,52.1941,10.3363,0.0,15.1,13.6,0.209,13.1,0.196,2.01
2026-10-08,W0118,52.1941,10.3363,5.45,13.0,12.7,0.261,13.2,0.196,1.32
2026-10-09,W0118,52.1941,10.3363,5.4,9.7,10.3,0.274,11.3,0.199,0.98
2026-10-10,W0118,52.1941,10.3363,4.2,11.7,12.1,0.29,11.6,0.203,1.82
2026-10-11,W0118,52.1941,10.3363,1.8,11.2,10.5,0.279,11.2,0.207,1.99
2026-10-12,W0118,52.1941,10.3363,6.3,10.5,10.1,0.267,10.6,0.209,1.29
2026-10-06,W1198,52.18514,10.3513,0.0,15.6,13.9,0.22,13.1,0.196,1.88
2026-10-07,W1198,52.18514,10.3513,0.0,15.1,13.6,0.209,13.1,0.196,1.97
2026-10-08,W1198,52.18514,10.3513,5.73,13.2,12.7,0.261,13.2,0.196,1.33
2026-10-09,W1198,52.18514,10.3513,4.7,9.8,10.3,0.274,11.3,0.199,1.01
2026-10-10,W1198,52.18514,10.3513,3.9,11.8,12.1,0.29,11.6,0.203,1.85
2026-10-11,W1198,52.18514,10.3513,0.75,11.4,10.5,0.279,11.2,0.207,2.13
2026-10-12,W1198,52.18514,10.3513,4.5,11.0,10.1,0.267,10.6,0.209,1.59
2026-10-06,W1199,52.18514,10.38086,0.0,15.4,14.2,0.203,13.4,0.149,1.86
2026-10-07,W1199,52.18514,10.38086,0.0,15.5,14.4,0.19,13.7,0.149,1.98
2026-10-08,W1199,52.18514,10.38086,5.85,13.2,13.0,0.243,13.7,0.15,1.34
2026-10-09,W1199,52.18514,10.38086,4.7,9.8,10.5,0.256,11.8,0.154,1.0
2026-10-10,W1199,52.18514,10.38086,3.9,11.7,12.2,0.263,11.9,0.158,1.85
2026-10-11,W1199,52.18514,10.38086,0.75,11.3,10.7,0.252,11.5,0.161,2.12
2026-10-12,W1199,52.18514,10.38086,4.5,11.0,10.4,0.242,11.0,0.164,1.59
2026-10-06,W1200,52.18514,10.41042,0.0,15.7,14.2,0.203,13.4,0.149,1.87
2026-10-07,W1200,52.18514,10.41042,0.0,15.3,14.4,0.19,13.7,0.149,1.97
2026-10-08,W1200,52.18514,10.41042,5.23,13.2,13.0,0.243,13.7,0.15,1.33
2026-10-09,W1200,52.18514,10.41042,4.3,9.9,10.5,0.256,11.8,0.154,1.0
2026-10-10,W1200,52.18514,10.41042,3.0,11.8,12.2,0.263,11.9,0.158,1.86
2026-10-11,W1200,52.18514,10.41042,0.75,11.4,10.7,0.252,11.5,0.161,2.13
2026-10-12,W1200,52.18514,10.41042,4.5,11.0,10.4,0.242,11.0,0.164,1.59
2026-10-06,W1201,52.18514,10.43999,0.0,15.8,14.2,0.203,13.4,0.149,1.86
2026-10-07,W1201,52.18514,10.43999,0.0,15.8,14.4,0.19,13.7,0.149,1.99
2026-10-08,W1201,52.18514,10.43999,5.55,13.4,13.0,0.243,13.7,0.15,1.35
2026-10-09,W1201,52.18514,10.43999,4.3,9.9,10.5,0.256,11.8,0.154,1.0
2026-10-10,W1201,52.18514,10.43999,3.0,11.8,12.2,0.263,11.9,0.158,1.86
2026-10-11,W1201,52.18514,10.43999,0.75,11.4,10.7,0.252,11.5,0.161,2.13
2026-10-12,W1201,52.18514,10.43999,4.5,11.0,10.4,0.242,11.0,0.164,1.59
2026-10-06,W1202,52.18514,10.46955,0.0,15.3,14.2,0.203,13.4,0.149,1.84
2026-10-07,W1202,52.18514,10.46955,0.0,15.5,14.4,0.19,13.7,0.149,2.0
2026-10-08,W1202,52.18514,10.46955,5.33,13.2,13.0,0.243,13.7,0.15,1.34
2026-10-09,W1202,52.18514,10.46955,3.8,9.9,10.5,0.256,11.8,0.154,1.02
2026-10-10,W1202,52.18514,10.46955,3.0,11.8,12.2,0.263,11.9,0.158,1.86
2026-10-11,W1202,52.18514,10.46955,0.75,11.3,10.7,0.252,11.5,0.161,2.11
2026-10-12,W1202,52.18514,10.46955,4.5,10.9,10.4,0.242,11.0,0.164,1.58
2026-10-06,W1203,52.18514,10.49912,0.0,15.3,14.2,0.203,13.4,0.149,1.84
2026-10-07,W1203,52.18514,10.49912,0.0,15.5,14.4,0.19,13.7,0.149,2.03
2026-10-08,W1203,52.18514,10.49912,5.23,13.3,13.0,0.243,13.7,0.15,1.38
2026-10-09,W1203,52.18514,10.49912,3.8,10.0,10.5,0.256,11.8,0.154,1.03
2026-10-10,W1203,52.18514,10.49912,3.0,11.9,12.2,0.263,11.9,0.158,1.87
2026-10-11,W1203,52.18514,10.49912,0.75,11.4,10.7,0.252,11.5,0.161,2.13
2026-10-12,W1203,52.18514,10.49912,4.5,11.1,10.4,0.242,11.0,0.164,1.59
2026-10-06,W0119,52.1941,10.5431,0.0,15.1,14.2,0.203,13.4,0.149,1.81
2026-10-07,W0119,52.1941,10.5431,0.0,15.6,14.4,0.19,13.7,0.149,2.07
2026-10-08,W0119,52.1941,10.5431,5.1,13.3,13.0,0.243,13.7,0.15,1.39
2026-10-09,W0119,52.1941,10.5431,3.7,9.9,10.5,0.256,11.8,0.154,1.03
2026-10-10,W0119,52.1941,10.5431,2.7,11.7,12.2,0.263,11.9,0.158,1.86
2026-10-11,W0119,52.1941,10.5431,1.2,11.1,10.7,0.252,11.5,0.161,1.96
2026-10-12,W0119,52.1941,10.5431,8.4,10.3,10.4,0.242,11.0,0.164,1.19
2026-10-06,W1204,52.18514,10.55825,0.0,14.9,13.3,0.206,12.4,0.163,1.81
2026-10-07,W1204,52.18514,10.55825,0.0,15.4,14.0,0.195,13.0,0.164,2.03
2026-10-08,W1204,52.18514,10.55825,5.05,13.0,12.7,0.229,13.3,0.164,1.35
2026-10-09,W1204,52.18514,10.55825,3.7,9.7,10.3,0.243,11.4,0.166,1.03
2026-10-10,W1204,52.18514,10.55825,2.7,11.6,12.0,0.255,11.5,0.168,1.85
2026-10-11,W1204,52.18514,10.55825,0.75,11.1,10.4,0.252,11.1,0.171,2.09
2026-10-12,W1204,52.18514,10.55825,4.5,10.7,10.0,0.248,10.5,0.173,1.57
2026-10-06,W1205,52.18514,10.58781,0.0,15.2,13.3,0.206,12.4,0.163,1.83
2026-10-07,W1205,52.18514,10.58781,0.0,15.6,14.0,0.195,13.0,0.164,2.05
2026-10-08,W1205,52.18514,10.58781,5.38,13.2,12.7,0.229,13.3,0.164,1.33
2026-10-09,W1205,52.18514,10.58781,3.7,10.0,10.3,0.243,11.4,0.166,1.04
2026-10-10,W1205,52.18514,10.58781,2.7,11.8,12.0,0.255,11.5,0.168,1.87
2026-10-11,W1205,52.18514,10.58781,0.75,11.3,10.4,0.252,11.1,0.171,2.11
2026-10-12,W1205,52.18514,10.58781,4.5,10.8,10.0,0.248,10.5,0.173,1.46
2026-10-06,W0120,52.1941,10.6317,0.0,14.3,13.3,0.206,12.4,0.163,1.8
2026-10-07,W0120,52.1941,10.6317,0.0,15.9,14.0,0.195,13.0,0.164,2.23
2026-10-08,W0120,52.1941,10.6317,5.07,13.4,12.7,0.229,13.3,0.164,1.39
2026-10-09,W0120,52.1941,10.6317,3.8,10.1,10.3,0.243,11.4,0.166,1.04
2026-10-10,W0120,52.1941,10.6317,3.6,11.8,12.0,0.255,11.5,0.168,1.84
2026-10-11,W0120,52.1941,10.6317,0.9,11.3,10.4,0.252,11.1,0.171,1.99
2026-10-12,W0120,52.1941,10.6317,7.2,10.5,10.0,0.248,10.5,0.173,1.22
2026-10-06,W1206,52.18514,10.64694,0.0,14.1,13.3,0.206,12.4,0.163,1.81
2026-10-07,W1206,52.18514,10.64694,0.0,15.2,14.0,0.195,13.0,0.164,2.12
2026-10-08,W1206,52.18514,10.64694,5.2,12.9,12.7,0.229,13.3,0.164,1.34
2026-10-09,W1206,52.18514,10.64694,3.8,10.0,10.3,0.243,11.4,0.166,1.04
2026-10-10,W1206,52.18514,10.64694,3.6,11.8,12.0,0.255,11.5,0.168,1.83
2026-10-11,W1206,52.18514,10.64694,0.75,11.2,10.4,0.252,11.1,0.171,2.1
2026-10-12,W1206,52.18514,10.64694,4.5,10.7,10.0,0.248,10.5,0.173,1.46
2026-10-06,W0121,52.1941,10.6908,0.0,15.0,13.3,0.206,12.4,0.163,1.82
2026-10-07,W0121,52.1941,10.6908,0.0,16.6,14.0,0.195,13.0,0.164,2.44
2026-10-08,W0121,52.1941,10.6908,5.43,13.4,12.7,0.229,13.3,0.164,1.43
2026-10-09,W0121,52.1941,10.6908,4.4,9.8,10.3,0.243,11.4,0.166,0.97
2026-10-10,W0121,52.1941,10.6908,3.9,11.5,12.0,0.255,11.5,0.168,1.76
2026-10-11,W0121,52.1941,10.6908,0.9,10.9,10.4,0.252,11.1,0.171,1.95
2026-10-12,W0121,52.1941,10.6908,7.2,10.2,10.0,0.248,10.5,0.173,1.21
2026-10-06,W0122,52.1941,10.7203,0.0,14.9,13.7,0.211,13.1,0.149,1.82
2026-10-07,W0122,52.1941,10.7203,0.0,16.6,14.2,0.2,13.6,0.15,2.48
2026-10-08,W0122,52.1941,10.7203,5.37,13.2,13.1,0.231,13.9,0.151,1.41
2026-10-09,W0122,52.1941,10.7203,5.5,9.5,10.7,0.242,12.0,0.153,0.93
2026-10-10,W0122,52.1941,10.7203,3.3,11.2,12.1,0.25,12.0,0.155,1.71
2026-10-11,W0122,52.1941,10.7203,0.9,10.6,10.6,0.247,11.6,0.158,1.91
2026-10-12,W0122,52.1941,10.7203,7.2,9.8,10.1,0.241,10.9,0.16,1.19
2026-10-06,W0123,52.1941,10.7498,0.0,14.4,12.5,0.211,11.9,0.149,1.79
2026-10-07,W0123,52.1941,10.7498,0.0,15.4,13.0,0.2,12.4,0.15,2.19
2026-10-08,W0123,52.1941,10.7498,5.48,12.3,11.9,0.231,12.7,0.151,1.29
2026-10-09,W0123,52.1941,10.7498,5.5,8.5,9.5,0.242,10.8,0.153,0.89
2026-10-10,W0123,52.1941,10.7498,3.3,10.3,11.0,0.25,10.8,0.155,1.64
2026-10-11,W0123,52.1941,10.7498,0.9,9.6,9.5,0.247,10.4,0.158,1.84
2026-10-12,W0123,52.1941,10.7498,7.2,8.9,8.9,0.241,9.7,0.16,1.14
2026-10-06,W0124,52.1941,10.7794,0.0,14.8,12.9,0.211,12.3,0.149,1.81
2026-10-07,W0124,52.1941,10.7794,0.0,15.8,13.4,0.2,12.8,0.15,2.21
2026-10-08,W0124,52.1941,10.7794,5.48,12.7,12.3,0.231,13.1,0.151,1.31
2026-10-09,W0124,52.1941,10.7794,5.5,8.9,9.9,0.242,11.2,0.153,0.9
2026-10-10,W0124,52.1941,10.7794,3.3,10.6,11.3,0.25,11.2,0.155,1.67
2026-10-11,W0124,52.1941,10.7794,0.9,10.0,9.8,0.247,10.8,0.158,1.87
2026-10-12,W0124,52.1941,10.7794,7.2,9.2,9.3,0.241,10.1,0.16,1.16
2026-10-06,W0125,52.1941,10.8089,0.0,14.5,12.7,0.211,12.2,0.149,1.76
2026-10-07,W0125,52.1941,10.8089,0.0,14.7,13.3,0.2,12.7,0.15,2.05
2026-10-08,W0125,52.1941,10.8089,4.7,12.4,12.2,0.231,13.0,0.151,1.27
2026-10-09,W0125,52.1941,10.8089,5.9,9.0,9.7,0.242,11.1,0.153,0.89
2026-10-10,W0125,52.1941,10.8089,3.0,10.7,11.2,0.25,11.1,0.155,1.69
2026-10-11,W0125,52.1941,10.8089,0.9,9.9,9.7,0.247,10.7,0.158,1.86
2026-10-12,W0125,52.1941,10.8089,7.2,9.1,9.2,0.241,10.0,0.16,1.16
2026-10-06,W0126,52.1941,10.8384,0.0,15.0,13.7,0.211,13.1,0.149,1.81
2026-10-07,W0126,52.1941,10.8384,0.0,15.6,14.2,0.2,13.6,0.15,2.1
2026-10-08,W0126,52.1941,10.8384,4.77,12.8,13.1,0.231,13.9,0.151,1.35
2026-10-09,W0126,52.1941,10.8384,5.9,9.3,10.7,0.242,12.0,0.153,0.91
2026-10-10,W0126,52.1941,10.8384,3.0,11.1,12.1,0.25,12.0,0.155,1.71
2026-10-11,W0126,52.1941,10.8384,0.3,10.3,10.6,0.247,11.6,0.158,1.92
2026-10-12,W0126,52.1941,10.8384,6.9,9.4,10.1,0.241,10.9,0.16,1.11
2026-10-06,W0127,52.1941,10.868,0.0,15.6,13.7,0.211,13.1,0.149,1.8
2026-10-07,W0127,52.1941,10.868,0.0,15.4,14.2,0.2,13.6,0.15,2.14
2026-10-08,W0127,52.1941,10.868,4.42,13.1,13.1,0.231,13.9,0.151,1.33
2026-10-09,W0127,52.1941,10.868,6.9,9.7,10.7,0.242,12.0,0.153,0.92
2026-10-10,W0127,52.1941,10.868,3.6,11.5,12.1,0.25,12.0,0.155,1.76
2026-10-11,W0127,52.1941,10.868,0.3,10.8,10.6,0.247,11.6,0.158,1.96
2026-10-12,W0127,52.1941,10.868,6.9,9.9,10.1,0.241,10.9,0.16,1.14
2026-10-06,W1589,52.18514,10.88345,0.0,15.4,13.8,0.2,12.9,0.147,1.79
2026-10-07,W1589,52.18514,10.88345,0.0,15.9,14.0,0.188,13.3,0.148,2.2
2026-10-08,W1589,52.18514,10.88345,4.73,13.3,12.9,0.222,13.4,0.148,1.4
2026-10-09,W1589,52.18514,10.88345,6.9,9.6,10.5,0.23,11.6,0.15,0.92
2026-10-10,W1589,52.18514,10.88345,3.6,11.4,12.1,0.236,11.8,0.152,1.76
2026-10-11,W1589,52.18514,10.88345,0.75,10.7,10.5,0.234,11.3,0.154,2.05
2026-10-12,W1589,52.18514,10.88345,4.2,10.1,10.1,0.23,10.7,0.156,1.38
2026-10-06,W0128,52.1941,10.9271,0.0,15.5,13.8,0.2,12.9,0.147,1.75
2026-10-07,W0128,52.1941,10.9271,0.0,14.9,14.0,0.188,13.3,0.148,2.15
2026-10-08,W0128,52.1941,10.9271,4.15,13.1,12.9,0.222,13.4,0.148,1.32
2026-10-09,W0128,52.1941,10.9271,7.1,10.2,10.5,0.23,11.6,0.15,0.96
2026-10-10,W0128,52.1941,10.9271,3.3,12.0,12.1,0.236,11.8,0.152,1.81
2026-10-11,W0128,52.1941,10.9271,0.45,11.1,10.5,0.234,11.3,0.154,1.97
2026-10-12,W0128,52.1941,10.9271,6.9,10.2,10.1,0.23,10.7,0.156,1.15
2026-10-06,W0129,52.1941,10.9566,0.0,14.5,13.8,0.2,12.9,0.147,1.67
2026-10-07,W0129,52.1941,10.9566,0.0,14.2,14.0,0.188,13.3,0.148,2.1
2026-10-08,W0129,52.1941,10.9566,4.17,12.7,12.9,0.222,13.4,0.148,1.31
2026-10-09,W0129,52.1941,10.9566,7.1,10.2,10.5,0.23,11.6,0.15,0.95
2026-10-10,W0129,52.1941,10.9566,3.3,12.0,12.1,0.236,11.8,0.152,1.81
2026-10-11,W0129,52.1941,10.9566,0.45,11.1,10.5,0.234,11.3,0.154,1.97
2026-10-12,W0129,52.1941,10.9566,6.9,10.2,10.1,0.23,10.7,0.156,1.15
2026-10-06,W1590,52.18514,10.97214,0.0,14.3,13.8,0.2,12.9,0.147,1.65
2026-10-07,W1590,52.18514,10.97214,0.0,14.6,14.0,0.188,13.3,0.148,2.15
2026-10-08,W1590,52.18514,10.97214,4.18,12.4,12.9,0.222,13.4,0.148,1.35
2026-10-09,W1590,52.18514,10.97214,6.8,9.8,10.5,0.23,11.6,0.15,1.01
2026-10-10,W1590,52.18514,10.97214,3.3,11.6,12.1,0.236,11.8,0.152,1.88
2026-10-11,W1590,52.18514,10.97214,0.75,10.9,10.5,0.234,11.3,0.154,2.07
2026-10-12,W1590,52.18514,10.97214,4.2,10.2,10.1,0.23,10.7,0.156,1.39
2026-10-06,W1207,52.18514,11.00171,0.0,13.6,13.8,0.2,12.9,0.147,1.63
2026-10-07,W1207,52.18514,11.00171,0.0,14.3,14.0,0.188,13.3,0.148,2.15
2026-10-08,W1207,52.18514,11.00171,3.92,12.5,12.9,0.222,13.4,0.148,1.35
2026-10-09,W1207,52.18514,11.00171,6.8,9.9,10.5,0.23,11.6,0.15,1.01
2026-10-10,W1207,52.18514,11.00171,3.3,11.7,12.1,0.236,11.8,0.152,1.89
2026-10-11,W1207,52.18514,11.00171,0.75,11.0,10.5,0.234,11.3,0.154,2.08
2026-10-12,W1207,52.18514,11.00171,4.2,10.3,10.1,0.23,10.7,0.156,1.39
2026-10-06,W0130,52.1941,11.0452,0.0,14.0,13.9,0.211,13.0,0.145,1.74
2026-10-07,W0130,52.1941,11.0452,0.0,14.7,13.9,0.199,13.3,0.146,2.16
2026-10-08,W0130,52.1941,11.0452,3.57,12.8,12.9,0.247,13.4,0.147,1.38
2026-10-09,W0130,52.1941,11.0452,6.6,9.8,10.6,0.256,11.7,0.151,1.05
2026-10-10,W0130,52.1941,11.0452,3.9,11.6,12.1,0.273,11.8,0.155,1.9
2026-10-11,W0130,52.1941,11.0452,0.3,10.9,10.6,0.265,11.4,0.16,1.99
2026-10-12,W0130,52.1941,11.0452,6.9,10.1,10.1,0.261,10.7,0.164,1.14
2026-10-06,W0131,52.1941,11.0747,0.0,14.8,13.9,0.211,13.0,0.145,1.7
2026-10-07,W0131,52.1941,11.0747,0.0,15.4,13.9,0.199,13.3,0.146,2.19
2026-10-08,W0131,52.1941,11.0747,3.28,12.8,12.9,0.247,13.4,0.147,1.42
2026-10-09,W0131,52.1941,11.0747,6.6,9.4,10.6,0.256,11.7,0.151,1.04
2026-10-10,W0131,52.1941,11.0747,3.9,11.2,12.1,0.273,11.8,0.155,1.87
2026-10-11,W0131,52.1941,11.0747,0.3,10.5,10.6,0.265,11.4,0.16,1.95
2026-10-12,W0131,52.1941,11.0747,7.2,9.6,10.1,0.261,10.7,0.164,1.08
2026-10-06,W0132,52.1941,11.1043,0.0,15.0,13.9,0.211,13.0,0.145,1.71
2026-10-07,W0132,52.1941,11.1043,0.0,15.6,13.9,0.199,13.3,0.146,2.2
2026-10-08,W0132,52.1941,11.1043,3.13,13.3,12.9,0.247,13.4,0.147,1.45
2026-10-09,W0132,52.1941,11.1043,6.8,10.0,10.6,0.256,11.7,0.151,1.09
2026-10-10,W0132,52.1941,11.1043,4.2,11.7,12.1,0.273,11.8,0.155,1.9
2026-10-11,W0132,52.1941,11.1043,0.3,10.8,10.6,0.265,11.4,0.16,1.98
2026-10-12,W0132,52.1941,11.1043,7.2,9.8,10.1,0.261,10.7,0.164,1.09
2026-10-06,W1208,52.18514,11.11997,0.0,15.0,13.9,0.211,13.0,0.145,1.74
2026-10-07,W1208,52.18514,11.11997,0.0,14.9,13.9,0.199,13.3,0.146,2.16
2026-10-08,W1208,52.18514,11.11997,2.95,13.1,12.9,0.247,13.4,0.147,1.45
2026-10-09,W1208,52.18514,11.11997,6.8,9.8,10.6,0.256,11.7,0.151,1.08
2026-10-10,W1208,52.18514,11.11997,4.2,11.5,12.1,0.273,11.8,0.155,1.89
2026-10-11,W1208,52.18514,11.11997,0.15,10.8,10.6,0.265,11.4,0.16,2.18
2026-10-12,W1208,52.18514,11.11997,2.1,10.2,10.1,0.261,10.7,0.164,1.6
2026-10-06,W1209,52.18514,11.14953,0.0,15.2,13.9,0.211,13.0,0.145,1.71
2026-10-07,W1209,52.18514,11.14953,0.0,15.2,13.9,0.199,13.3,0.146,2.19
2026-10-08,W1209,52.18514,11.14953,3.13,13.4,12.9,0.247,13.4,0.147,1.46
2026-10-09,W1209,52.18514,11.14953,6.8,10.1,10.6,0.256,11.7,0.151,1.1
2026-10-10,W1209,52.18514,11.14953,4.2,11.8,12.1,0.273,11.8,0.155,1.91
2026-10-11,W1209,52.18514,11.14953,0.15,11.1,10.6,0.265,11.4,0.16,2.21
2026-10-12,W1209,52.18514,11.14953,2.1,10.6,10.1,0.261,10.7,0.164,1.63
2026-10-06,W1210,52.20315,10.11478,0.0,15.2,13.8,0.249,13.1,0.228,1.82
2026-10-07,W1210,52.20315,10.11478,0.0,14.6,13.5,0.237,13.1,0.227,2.05
2026-10-08,W1210,52.20315,10.11478,7.72,13.2,12.7,0.303,13.3,0.229,1.32
2026-10-09,W1210,52.20315,10.11478,6.2,9.8,10.4,0.311,11.4,0.237,0.91
2026-10-10,W1210,52.20315,10.11478,6.0,11.7,12.1,0.323,11.8,0.242,1.75
2026-10-11,W1210,52.20315,10.11478,1.2,11.2,10.5,0.312,11.3,0.248,1.98
2026-10-12,W1210,52.20315,10.11478,3.0,10.9,10.1,0.302,10.6,0.251,1.57
2026-10-06,W1211,52.20315,10.14435,0.0,15.2,13.8,0.249,13.1,0.228,1.78
2026-10-07,W1211,52.20315,10.14435,0.0,14.8,13.5,0.237,13.1,0.227,2.03
2026-10-08,W1211,52.20315,10.14435,6.6,13.2,12.7,0.303,13.3,0.229,1.34
2026-10-09,W1211,52.20315,10.14435,6.2,9.8,10.4,0.311,11.4,0.237,0.91
2026-10-10,W1211,52.20315,10.14435,6.0,11.7,12.1,0.323,11.8,0.242,1.75
2026-10-11,W1211,52.20315,10.14435,1.2,11.1,10.5,0.312,11.3,0.248,1.98
2026-10-12,W1211,52.20315,10.14435,3.0,10.8,10.1,0.302,10.6,0.251,1.57
2026-10-06,W1212,52.20315,10.17391,0.0,15.4,13.8,0.249,13.1,0.228,1.79
2026-10-07,W1212,52.20315,10.17391,0.0,15.0,13.5,0.237,13.1,0.227,2.02
2026-10-08,W1212,52.20315,10.17391,6.0,13.4,12.7,0.303,13.3,0.229,1.38
2026-10-09,W1212,52.20315,10.17391,6.2,9.7,10.4,0.311,11.4,0.237,0.92
2026-10-10,W1212,52.20315,10.17391,5.7,11.7,12.1,0.323,11.8,0.242,1.78
2026-10-11,W1212,52.20315,10.17391,1.2,11.1,10.5,0.312,11.3,0.248,1.99
2026-10-12,W1212,52.20315,10.17391,3.0,10.8,10.1,0.302,10.6,0.251,1.57
2026-10-06,W1591,52.20315,10.20347,0.0,15.5,13.8,0.249,13.1,0.228,1.79
2026-10-07,W1591,52.20315,10.20347,0.0,15.0,13.5,0.237,13.1,0.227,2.03
2026-10-08,W1591,52.20315,10.20347,6.0,13.4,12.7,0.303,13.3,0.229,1.38
2026-10-09,W1591,52.20315,10.20347,6.2,9.8,10.4,0.311,11.4,0.237,0.92
2026-10-10,W1591,52.20315,10.20347,5.7,11.8,12.1,0.323,11.8,0.242,1.79
2026-10-11,W1591,52.20315,10.20347,1.8,11.3,10.5,0.312,11.3,0.248,2.05
2026-10-12,W1591,52.20315,10.20347,4.2,11.0,10.1,0.302,10.6,0.251,1.53
2026-10-06,W1213,52.20315,10.23304,0.0,15.4,13.9,0.22,13.1,0.196,1.84
2026-10-07,W1213,52.20315,10.23304,0.0,15.0,13.6,0.209,13.1,0.196,1.97
2026-10-08,W1213,52.20315,10.23304,5.5,13.3,12.7,0.261,13.2,0.196,1.37
2026-10-09,W1213,52.20315,10.23304,5.5,9.7,10.3,0.274,11.3,0.199,0.94
2026-10-10,W1213,52.20315,10.23304,4.8,11.7,12.1,0.29,11.6,0.203,1.8
2026-10-11,W1213,52.20315,10.23304,1.8,11.2,10.5,0.279,11.2,0.207,2.06
2026-10-12,W1213,52.20315,10.23304,4.2,10.9,10.1,0.267,10.6,0.209,1.52
2026-10-06,W1214,52.20315,10.2626,0.0,15.4,13.9,0.22,13.1,0.196,1.84
2026-10-07,W1214,52.20315,10.2626,0.0,15.0,13.6,0.209,13.1,0.196,1.97
2026-10-08,W1214,52.20315,10.2626,5.5,13.3,12.7,0.261,13.2,0.196,1.37
2026-10-09,W1214,52.20315,10.2626,5.5,9.7,10.3,0.274,11.3,0.199,0.94
2026-10-10,W1214,52.20315,10.2626,4.8,11.7,12.1,0.29,11.6,0.203,1.8
2026-10-11,W1214,52.20315,10.2626,1.8,11.3,10.5,0.279,11.2,0.207,2.06
2026-10-12,W1214,52.20315,10.2626,4.2,10.9,10.1,0.267,10.6,0.209,1.52
2026-10-06,W1215,52.20315,10.29217,0.0,15.0,13.9,0.22,13.1,0.196,1.85
2026-10-07,W1215,52.20315,10.29217,0.0,15.0,13.6,0.209,13.1,0.196,1.98
2026-10-08,W1215,52.20315,10.29217,5.52,13.0,12.7,0.261,13.2,0.196,1.34
2026-10-09,W1215,52.20315,10.29217,5.4,9.8,10.3,0.274,11.3,0.199,0.98
2026-10-10,W1215,52.20315,10.29217,4.2,11.8,12.1,0.29,11.6,0.203,1.82
2026-10-11,W1215,52.20315,10.29217,1.65,11.3,10.5,0.279,11.2,0.207,2.07
2026-10-12,W1215,52.20315,10.29217,4.2,11.0,10.1,0.267,10.6,0.209,1.53
2026-10-06,W1216,52.20315,10.32173,0.0,14.8,13.9,0.22,13.1,0.196,1.82
2026-10-07,W1216,52.20315,10.32173,0.0,14.8,13.6,0.209,13.1,0.196,1.98
2026-10-08,W1216,52.20315,10.32173,5.43,13.0,12.7,0.261,13.2,0.196,1.33
2026-10-09,W1216,52.20315,10.32173,5.4,9.7,10.3,0.274,11.3,0.199,0.98
2026-10-10,W1216,52.20315,10.32173,4.2,11.7,12.1,0.29,11.6,0.203,1.82
2026-10-11,W1216,52.20315,10.32173,1.8,11.2,10.5,0.279,11.2,0.207,1.99
2026-10-12,W1216,52.20315,10.32173,6.3,10.5,10.1,0.267,10.6,0.209,1.29
2026-10-06,W1217,52.20315,10.3513,0.0,15.2,13.9,0.22,13.1,0.196,1.85
2026-10-07,W1217,52.20315,10.3513,0.0,15.2,13.6,0.209,13.1,0.196,2.0
2026-10-08,W1217,52.20315,10.3513,5.15,13.1,12.7,0.261,13.2,0.196,1.34
2026-10-09,W1217,52.20315,10.3513,4.7,9.7,10.3,0.274,11.3,0.199,1.0
2026-10-10,W1217,52.20315,10.3513,3.9,11.7,12.1,0.29,11.6,0.203,1.84
2026-10-11,W1217,52.20315,10.3513,1.5,11.1,10.5,0.279,11.2,0.207,1.97
2026-10-12,W1217,52.20315,10.3513,6.3,10.4,10.1,0.267,10.6,0.209,1.28
2026-10-06,W1218,52.20315,10.38086,0.0,15.4,14.2,0.203,13.4,0.149,1.86
2026-10-07,W1218,52.20315,10.38086,0.0,15.4,14.4,0.19,13.7,0.149,2.01
2026-10-08,W1218,52.20315,10.38086,5.15,13.3,13.0,0.243,13.7,0.15,1.35
2026-10-09,W1218,52.20315,10.38086,4.7,9.9,10.5,0.256,11.8,0.154,1.01
2026-10-10,W1218,52.20315,10.38086,3.9,11.8,12.2,0.263,11.9,0.158,1.86
2026-10-11,W1218,52.20315,10.38086,1.5,11.3,10.7,0.252,11.5,0.161,1.99
2026-10-12,W1218,52.20315,10.38086,6.3,10.6,10.4,0.242,11.0,0.164,1.29
2026-10-06,W1219,52.20315,10.41042,0.0,15.3,14.2,0.203,13.4,0.149,1.83
2026-10-07,W1219,52.20315,10.41042,0.0,15.4,14.4,0.19,13.7,0.149,1.98
2026-10-08,W1219,52.20315,10.41042,5.15,13.2,13.0,0.243,13.7,0.15,1.34
2026-10-09,W1219,52.20315,10.41042,4.3,9.9,10.5,0.256,11.8,0.154,1.0
2026-10-10,W1219,52.20315,10.41042,3.0,11.8,12.2,0.263,11.9,0.158,1.86
2026-10-11,W1219,52.20315,10.41042,1.5,11.2,10.7,0.252,11.5,0.161,1.98
2026-10-12,W1219,52.20315,10.41042,6.3,10.5,10.4,0.242,11.0,0.164,1.29
2026-10-06,W1220,52.20315,10.43999,0.0,15.9,14.2,0.203,13.4,0.149,1.86
2026-10-07,W1220,52.20315,10.43999,0.0,15.8,14.4,0.19,13.7,0.149,1.99
2026-10-08,W1220,52.20315,10.43999,5.55,13.4,13.0,0.243,13.7,0.15,1.35
2026-10-09,W1220,52.20315,10.43999,4.3,9.9,10.5,0.256,11.8,0.154,1.01
2026-10-10,W1220,52.20315,10.43999,3.0,11.8,12.2,0.263,11.9,0.158,1.86
2026-10-11,W1220,52.20315,10.43999,1.2,11.3,10.7,0.252,11.5,0.161,1.99
2026-10-12,W1220,52.20315,10.43999,8.4,10.5,10.4,0.242,11.0,0.164,1.2
2026-10-06,W1221,52.20315,10.46955,0.0,15.6,14.2,0.203,13.4,0.149,1.84
2026-10-07,W1221,52.20315,10.46955,0.0,15.5,14.4,0.19,13.7,0.149,1.98
2026-10-08,W1221,52.20315,10.46955,5.18,13.3,13.0,0.243,13.7,0.15,1.35
2026-10-09,W1221,52.20315,10.46955,3.8,9.9,10.5,0.256,11.8,0.154,1.02
2026-10-10,W1221,52.20315,10.46955,3.0,11.8,12.2,0.263,11.9,0.158,1.86
2026-10-11,W1221,52.20315,10.46955,1.2,11.2,10.7,0.252,11.5,0.161,1.98
2026-10-12,W1221,52.20315,10.46955,8.4,10.4,10.4,0.242,11.0,0.164,1.19
2026-10-06,W1222,52.20315,10.49912,0.0,15.3,14.2,0.203,13.4,0.149,1.84
2026-10-07,W1222,52.20315,10.49912,0.0,15.5,14.4,0.19,13.7,0.149,2.03
2026-10-08,W1222,52.20315,10.49912,5.23,13.3,13.0,0.243,13.7,0.15,1.38
2026-10-09,W1222,52.20315,10.49912,3.8,10.0,10.5,0.256,11.8,0.154,1.03
2026-10-10,W1222,52.20315,10.49912,3.0,11.9,12.2,0.263,11.9,0.158,1.87
2026-10-11,W1222,52.20315,10.49912,1.2,11.4,10.7,0.252,11.5,0.161,1.99
2026-10-12,W1222,52.20315,10.49912,8.4,10.5,10.4,0.242,11.0,0.164,1.2
2026-10-06,W1223,52.20315,10.52868,0.0,15.2,14.2,0.203,13.4,0.149,1.82
2026-10-07,W1223,52.20315,10.52868,0.0,15.5,14.4,0.19,13.7,0.149,2.04
2026-10-08,W1223,52.20315,10.52868,5.15,13.3,13.0,0.243,13.7,0.15,1.38
2026-10-09,W1223,52.20315,10.52868,3.8,10.0,10.5,0.256,11.8,0.154,1.03
2026-10-10,W1223,52.20315,10.52868,3.0,11.9,12.2,0.263,11.9,0.158,1.87
2026-10-11,W1223,52.20315,10.52868,1.2,11.3,10.7,0.252,11.5,0.161,1.99
2026-10-12,W1223,52.20315,10.52868,8.4,10.5,10.4,0.242,11.0,0.164,1.2
2026-10-06,W1224,52.20315,10.55825,0.0,15.2,13.3,0.206,12.4,0.163,1.81
2026-10-07,W1224,52.20315,10.55825,0.0,15.7,14.0,0.195,13.0,0.164,2.07
2026-10-08,W1224,52.20315,10.55825,5.1,13.4,12.7,0.229,13.3,0.164,1.4
2026-10-09,W1224,52.20315,10.55825,3.7,9.9,10.3,0.243,11.4,0.166,1.04
2026-10-10,W1224,52.20315,10.55825,2.7,11.7,12.0,0.255,11.5,0.168,1.86
2026-10-11,W1224,52.20315,10.55825,1.2,11.2,10.4,0.252,11.1,0.171,1.96
2026-10-12,W1224,52.20315,10.55825,8.4,10.3,10.0,0.248,10.5,0.173,1.19
2026-10-06,W1225,52.20315,10.58781,0.0,15.0,13.3,0.206,12.4,0.163,1.8
2026-10-07,W1225,52.20315,10.58781,0.0,15.4,14.0,0.195,13.0,0.164,2.07
2026-10-08,W1225,52.20315,10.58781,5.18,13.1,12.7,0.229,13.3,0.164,1.35
2026-10-09,W1225,52.20315,10.58781,3.7,10.0,10.3,0.243,11.4,0.166,1.04
2026-10-10,W1225,52.20315,10.58781,2.7,11.8,12.0,0.255,11.5,0.168,1.87
2026-10-11,W1225,52.20315,10.58781,0.9,11.3,10.4,0.252,11.1,0.171,2.0
2026-10-12,W1225,52.20315,10.58781,7.2,10.5,10.0,0.248,10.5,0.173,1.22
2026-10-06,W1226,52.20315,10.61737,0.0,14.6,13.3,0.206,12.4,0.163,1.81
2026-10-07,W1226,52.20315,10.61737,0.0,15.2,14.0,0.195,13.0,0.164,2.08
2026-10-08,W1226,52.20315,10.61737,5.03,13.0,12.7,0.229,13.3,0.164,1.34
2026-10-09,W1226,52.20315,10.61737,3.8,10.1,10.3,0.243,11.4,0.166,1.04
2026-10-10,W1226,52.20315,10.61737,3.6,11.9,12.0,0.255,11.5,0.168,1.84
2026-10-11,W1226,52.20315,10.61737,0.9,11.3,10.4,0.252,11.1,0.171,1.99
2026-10-12,W1226,52.20315,10.61737,7.2,10.5,10.0,0.248,10.5,0.173,1.22
2026-10-06,W1227,52.20315,10.64694,0.0,14.3,13.3,0.206,12.4,0.163,1.8
2026-10-07,W1227,52.20315,10.64694,0.0,15.8,14.0,0.195,13.0,0.164,2.22
2026-10-08,W1227,52.20315,10.64694,5.07,13.3,12.7,0.229,13.3,0.164,1.39
2026-10-09,W1227,52.20315,10.64694,3.8,10.1,10.3,0.243,11.4,0.166,1.04
2026-10-10,W1227,52.20315,10.64694,3.6,11.8,12.0,0.255,11.5,0.168,1.84
2026-10-11,W1227,52.20315,10.64694,0.9,11.2,10.4,0.252,11.1,0.171,1.99
2026-10-12,W1227,52.20315,10.64694,7.2,10.5,10.0,0.248,10.5,0.173,1.22
2026-10-06,W1228,52.20315,10.6765,0.0,14.8,13.3,0.206,12.4,0.163,1.79
2026-10-07,W1228,52.20315,10.6765,0.0,16.5,14.0,0.195,13.0,0.164,2.37
2026-10-08,W1228,52.20315,10.6765,5.18,13.4,12.7,0.229,13.3,0.164,1.42
2026-10-09,W1228,52.20315,10.6765,4.4,9.9,10.3,0.243,11.4,0.166,0.97
2026-10-10,W1228,52.20315,10.6765,3.9,11.6,12.0,0.255,11.5,0.168,1.76
2026-10-11,W1228,52.20315,10.6765,0.9,11.0,10.4,0.252,11.1,0.171,1.96
2026-10-12,W1228,52.20315,10.6765,7.2,10.3,10.0,0.248,10.5,0.173,1.21
2026-10-06,W1229,52.20315,10.70607,0.0,14.9,13.3,0.206,12.4,0.163,1.82
2026-10-07,W1229,52.20315,10.70607,0.0,16.5,14.0,0.195,13.0,0.164,2.44
2026-10-08,W1229,52.20315,10.70607,5.43,13.3,12.7,0.229,13.3,0.164,1.42
2026-10-09,W1229,52.20315,10.70607,4.4,9.7,10.3,0.243,11.4,0.166,0.96
2026-10-10,W1229,52.20315,10.70607,3.9,11.4,12.0,0.255,11.5,0.168,1.75
2026-10-11,W1229,52.20315,10.70607,0.9,10.8,10.4,0.252,11.1,0.171,1.95
2026-10-12,W1229,52.20315,10.70607,7.2,10.1,10.0,0.248,10.5,0.173,1.2
2026-10-06,W1592,52.20315,10.73563,0.0,14.3,12.8,0.211,12.2,0.149,1.8
2026-10-07,W1592,52.20315,10.73563,0.0,15.9,13.3,0.2,12.7,0.15,2.43
2026-10-08,W1592,52.20315,10.73563,5.37,12.6,12.3,0.231,13.0,0.151,1.37
2026-10-09,W1592,52.20315,10.73563,5.5,8.9,9.8,0.242,11.1,0.153,0.9
2026-10-10,W1592,52.20315,10.73563,3.3,10.6,11.3,0.25,11.2,0.155,1.67
2026-10-11,W1592,52.20315,10.73563,0.9,9.9,9.8,0.247,10.7,0.158,1.86
2026-10-12,W1592,52.20315,10.73563,7.2,9.2,9.3,0.241,10.1,0.16,1.16
2026-10-06,W1230,52.20315,10.76519,0.0,14.7,12.8,0.211,12.2,0.149,1.81
2026-10-07,W1230,52.20315,10.76519,0.0,15.7,13.3,0.2,12.7,0.15,2.21
2026-10-08,W1230,52.20315,10.76519,5.48,12.6,12.2,0.231,13.0,0.151,1.3
2026-10-09,W1230,52.20315,10.76519,5.5,8.8,9.8,0.242,11.1,0.153,0.9
2026-10-10,W1230,52.20315,10.76519,3.3,10.6,11.3,0.25,11.1,0.155,1.67
2026-10-11,W1230,52.20315,10.76519,0.9,9.9,9.8,0.247,10.7,0.158,1.86
2026-10-12,W1230,52.20315,10.76519,7.2,9.2,9.2,0.241,10.0,0.16,1.16
2026-10-06,W1593,52.20315,10.79476,0.0,14.4,12.7,0.211,12.1,0.149,1.76
2026-10-07,W1593,52.20315,10.79476,0.0,14.6,13.2,0.2,12.6,0.15,2.04
2026-10-08,W1593,52.20315,10.79476,4.7,12.3,12.1,0.231,12.9,0.151,1.27
2026-10-09,W1593,52.20315,10.79476,5.9,8.9,9.7,0.242,11.0,0.153,0.89
2026-10-10,W1593,52.20315,10.79476,3.0,10.6,11.1,0.25,11.0,0.155,1.68
2026-10-11,W1593,52.20315,10.79476,0.9,9.8,9.6,0.247,10.6,0.158,1.85
2026-10-12,W1593,52.20315,10.79476,7.2,9.0,9.1,0.241,9.9,0.16,1.15
2026-10-06,W1594,52.20315,10.82432,0.0,14.6,12.9,0.211,12.4,0.149,1.77
2026-10-07,W1594,52.20315,10.82432,0.0,14.9,13.4,0.2,12.8,0.15,2.06
2026-10-08,W1594,52.20315,10.82432,4.7,12.6,12.4,0.231,13.1,0.151,1.28
2026-10-09,W1594,52.20315,10.82432,5.9,9.2,9.9,0.242,11.3,0.153,0.9
2026-10-10,W1594,52.20315,10.82432,3.0,10.9,11.4,0.25,11.3,0.155,1.7
2026-10-11,W1594,52.20315,10.82432,0.3,10.2,9.9,0.247,10.9,0.158,1.91
2026-10-12,W1594,52.20315,10.82432,6.9,9.2,9.4,0.241,10.2,0.16,1.11
2026-10-06,W1595,52.20315,10.85389,0.0,15.5,13.7,0.211,13.1,0.149,1.79
2026-10-07,W1595,52.20315,10.85389,0.0,15.3,14.2,0.2,13.6,0.15,2.13
2026-10-08,W1595,52.20315,10.85389,4.42,13.0,13.1,0.231,13.9,0.151,1.33
2026-10-09,W1595,52.20315,10.85389,6.9,9.6,10.7,0.242,12.0,0.153,0.92
2026-10-10,W1595,52.20315,10.85389,3.6,11.4,12.1,0.25,12.0,0.155,1.76
2026-10-11,W1595,52.20315,10.85389,0.3,10.7,10.6,0.247,11.6,0.158,1.96
2026-10-12,W1595,52.20315,10.85389,6.9,9.9,10.1,0.241,10.9,0.16,1.13
2026-10-06,W1231,52.20315,10.88345,0.0,15.8,13.8,0.2,12.9,0.147,1.81
2026-10-07,W1231,52.20315,10.88345,0.0,15.6,14.0,0.188,13.3,0.148,2.15
2026-10-08,W1231,52.20315,10.88345,4.42,13.3,12.9,0.222,13.4,0.148,1.34
2026-10-09,W1231,52.20315,10.88345,6.9,9.9,10.5,0.23,11.6,0.15,0.93
2026-10-10,W1231,52.20315,10.88345,3.6,11.7,12.1,0.236,11.8,0.152,1.78
2026-10-11,W1231,52.20315,10.88345,0.3,11.0,10.5,0.234,11.3,0.154,1.98
2026-10-12,W1231,52.20315,10.88345,6.9,10.2,10.1,0.23,10.7,0.156,1.15
2026-10-06,W1232,52.20315,10.91302,0.0,15.6,13.8,0.2,12.9,0.147,1.76
2026-10-07,W1232,52.20315,10.91302,0.0,15.0,14.0,0.188,13.3,0.148,2.15
2026-10-08,W1232,52.20315,10.91302,4.15,13.2,12.9,0.222,13.4,0.148,1.32
2026-10-09,W1232,52.20315,10.91302,7.1,10.3,10.5,0.23,11.6,0.15,0.96
2026-10-10,W1232,52.20315,10.91302,3.3,12.1,12.1,0.236,11.8,0.152,1.82
2026-10-11,W1232,52.20315,10.91302,0.45,11.2,10.5,0.234,11.3,0.154,1.98
2026-10-12,W1232,52.20315,10.91302,6.9,10.3,10.1,0.23,10.7,0.156,1.15
2026-10-06,W1233,52.20315,10.94258,0.0,14.4,13.8,0.2,12.9,0.147,1.73
2026-10-07,W1233,52.20315,10.94258,0.0,14.1,14.0,0.188,13.3,0.148,2.1
2026-10-08,W1233,52.20315,10.94258,4.05,12.7,12.9,0.222,13.4,0.148,1.31
2026-10-09,W1233,52.20315,10.94258,7.1,10.2,10.5,0.23,11.6,0.15,0.95
2026-10-10,W1233,52.20315,10.94258,3.3,11.9,12.1,0.236,11.8,0.152,1.81
2026-10-11,W1233,52.20315,10.94258,0.45,11.0,10.5,0.234,11.3,0.154,1.97
2026-10-12,W1233,52.20315,10.94258,6.9,10.1,10.1,0.23,10.7,0.156,1.15
2026-10-06,W1234,52.20315,10.97214,0.0,13.4,13.8,0.2,12.9,0.147,1.68
2026-10-07,W1234,52.20315,10.97214,0.0,13.7,14.0,0.188,13.3,0.148,2.13
2026-10-08,W1234,52.20315,10.97214,3.82,12.2,12.9,0.222,13.4,0.148,1.34
2026-10-09,W1234,52.20315,10.97214,6.8,9.7,10.5,0.23,11.6,0.15,1.0
2026-10-10,W1234,52.20315,10.97214,3.3,11.4,12.1,0.236,11.8,0.152,1.87
2026-10-11,W1234,52.20315,10.97214,0.3,10.7,10.5,0.234,11.3,0.154,1.96
2026-10-12,W1234,52.20315,10.97214,6.9,9.9,10.1,0.23,10.7,0.156,1.13
2026-10-06,W1235,52.20315,11.00171,0.0,13.6,13.8,0.2,12.9,0.147,1.66
2026-10-07,W1235,52.20315,11.00171,0.0,14.2,14.0,0.188,13.3,0.148,2.15
2026-10-08,W1235,52.20315,11.00171,3.95,12.7,12.9,0.222,13.4,0.148,1.36
2026-10-09,W1235,52.20315,11.00171,6.8,10.0,10.5,0.23,11.6,0.15,1.02
2026-10-10,W1235,52.20315,11.00171,3.3,11.7,12.1,0.236,11.8,0.152,1.9
2026-10-11,W1235,52.20315,11.00171,0.3,11.0,10.5,0.234,11.3,0.154,1.99
2026-10-12,W1235,52.20315,11.00171,6.9,10.2,10.1,0.23,10.7,0.156,1.15
2026-10-06,W1236,52.20315,11.03127,0.0,14.0,13.8,0.2,12.9,0.147,1.74
2026-10-07,W1236,52.20315,11.03127,0.0,14.8,14.0,0.188,13.3,0.148,2.16
2026-10-08,W1236,52.20315,11.03127,3.57,12.8,12.9,0.222,13.4,0.148,1.38
2026-10-09,W1236,52.20315,11.03127,6.6,9.9,10.5,0.23,11.6,0.15,1.06
2026-10-10,W1236,52.20315,11.03127,3.9,11.6,12.1,0.236,11.8,0.152,1.9
2026-10-11,W1236,52.20315,11.03127,0.3,10.9,10.5,0.234,11.3,0.154,1.99
2026-10-12,W1236,52.20315,11.03127,6.9,10.2,10.1,0.23,10.7,0.156,1.15
2026-10-06,W1237,52.20315,11.06084,0.0,14.0,13.9,0.211,13.0,0.145,1.68
2026-10-07,W1237,52.20315,11.06084,0.0,15.1,13.9,0.199,13.3,0.146,2.17
2026-10-08,W1237,52.20315,11.06084,3.3,12.7,12.9,0.247,13.4,0.147,1.38
2026-10-09,W1237,52.20315,11.06084,6.6,9.6,10.6,0.256,11.7,0.151,1.04
2026-10-10,W1237,52.20315,11.06084,3.9,11.3,12.1,0.273,11.8,0.155,1.88
2026-10-11,W1237,52.20315,11.06084,0.3,10.6,10.6,0.265,11.4,0.16,1.96
2026-10-12,W1237,52.20315,11.06084,6.9,9.8,10.1,0.261,10.7,0.164,1.13
2026-10-06,W1238,52.20315,11.0904,0.0,14.9,13.9,0.211,13.0,0.145,1.7
2026-10-07,W1238,52.20315,11.0904,0.0,15.5,13.9,0.199,13.3,0.146,2.2
2026-10-08,W1238,52.20315,11.0904,3.28,12.9,12.9,0.247,13.4,0.147,1.42
2026-10-09,W1238,52.20315,11.0904,6.6,9.5,10.6,0.256,11.7,0.151,1.04
2026-10-10,W1238,52.20315,11.0904,3.9,11.3,12.1,0.273,11.8,0.155,1.87
2026-10-11,W1238,52.20315,11.0904,0.3,10.6,10.6,0.265,11.4,0.16,1.96
2026-10-12,W1238,52.20315,11.0904,7.2,9.7,10.1,0.261,10.7,0.164,1.09
2026-10-06,W1239,52.20315,11.11997,0.0,15.3,13.9,0.211,13.0,0.145,1.75
2026-10-07,W1239,52.20315,11.11997,0.0,15.2,13.9,0.199,13.3,0.146,2.18
2026-10-08,W1239,52.20315,11.11997,2.95,13.4,12.9,0.247,13.4,0.147,1.47
2026-10-09,W1239,52.20315,11.11997,6.8,10.1,10.6,0.256,11.7,0.151,1.1
2026-10-10,W1239,52.20315,11.11997,4.2,11.8,12.1,0.273,11.8,0.155,1.91
2026-10-11,W1239,52.20315,11.11997,0.3,11.0,10.6,0.265,11.4,0.16,1.99
2026-10-12,W1239,52.20315,11.11997,7.2,9.9,10.1,0.261,10.7,0.164,1.1
2026-10-06,W1240,52.20315,11.14953,0.0,15.1,13.9,0.211,13.0,0.145,1.75
2026-10-07,W1240,52.20315,11.14953,0.0,14.9,13.9,0.199,13.3,0.146,2.18
2026-10-08,W1240,52.20315,11.14953,3.07,13.5,12.9,0.247,13.4,0.147,1.45
2026-10-09,W1240,52.20315,11.14953,6.8,10.3,10.6,0.256,11.7,0.151,1.11
2026-10-10,W1240,52.20315,11.14953,4.2,12.1,12.1,0.273,11.8,0.155,1.93
2026-10-11,W1240,52.20315,11.14953,0.3,11.2,10.6,0.265,11.4,0.16,2.01
2026-10-12,W1240,52.20315,11.14953,7.2,10.2,10.1,0.261,10.7,0.164,1.11
2026-10-06,W1596,52.22117,10.11478,0.0,15.2,13.8,0.249,13.1,0.228,1.86
2026-10-07,W1596,52.22117,10.11478,0.0,15.0,13.5,0.237,13.1,0.227,2.04
2026-10-08,W1596,52.22117,10.11478,7.55,13.2,12.7,0.303,13.3,0.229,1.36
2026-10-09,W1596,52.22117,10.11478,7.0,10.0,10.4,0.311,11.4,0.237,0.93
2026-10-10,W1596,52.22117,10.11478,6.0,11.8,12.1,0.323,11.8,0.242,1.66
2026-10-11,W1596,52.22117,10.11478,1.05,11.2,10.5,0.312,11.3,0.248,1.97
2026-10-12,W1596,52.22117,10.11478,3.0,10.9,10.1,0.302,10.6,0.251,1.57
2026-10-06,W1241,52.22117,10.14435,0.0,15.1,13.8,0.249,13.1,0.228,1.86
2026-10-07,W1241,52.22117,10.14435,0.0,14.9,13.5,0.237,13.1,0.227,2.04
2026-10-08,W1241,52.22117,10.14435,7.55,13.2,12.7,0.303,13.3,0.229,1.35
2026-10-09,W1241,52.22117,10.14435,7.0,10.0,10.4,0.311,11.4,0.237,0.93
2026-10-10,W1241,52.22117,10.14435,6.0,11.7,12.1,0.323,11.8,0.242,1.65
2026-10-11,W1241,52.22117,10.14435,1.05,11.1,10.5,0.312,11.3,0.248,1.97
2026-10-12,W1241,52.22117,10.14435,3.0,10.9,10.1,0.302,10.6,0.251,1.57
2026-10-06,W1597,52.22117,10.17391,0.0,15.2,13.8,0.249,13.1,0.228,1.78
2026-10-07,W1597,52.22117,10.17391,0.0,14.7,13.5,0.237,13.1,0.227,2.01
2026-10-08,W1597,52.22117,10.17391,6.65,13.3,12.7,0.303,13.3,0.229,1.41
2026-10-09,W1597,52.22117,10.17391,6.4,9.9,10.4,0.311,11.4,0.237,0.92
2026-10-10,W1597,52.22117,10.17391,5.1,11.7,12.1,0.323,11.8,0.242,1.69
2026-10-11,W1597,52.22117,10.17391,1.2,11.1,10.5,0.312,11.3,0.248,1.97
2026-10-12,W1597,52.22117,10.17391,3.0,10.9,10.1,0.302,10.6,0.251,1.57
2026-10-06,W1242,52.22117,10.20347,0.0,15.3,13.8,0.238,13.1,0.226,1.78
2026-10-07,W1242,52.22117,10.20347,0.0,14.8,13.8,0.227,13.3,0.224,2.01
2026-10-08,W1242,52.22117,10.20347,6.65,13.4,12.9,0.284,13.5,0.224,1.41
2026-10-09,W1242,52.22117,10.20347,6.4,9.9,10.4,0.297,11.5,0.229,0.93
2026-10-10,W1242,52.22117,10.20347,5.1,11.8,12.1,0.322,11.8,0.234,1.7
2026-10-11,W1242,52.22117,10.20347,1.8,11.3,10.5,0.321,11.2,0.242,2.04
2026-10-12,W1242,52.22117,10.20347,4.2,11.0,10.2,0.312,10.7,0.248,1.53
2026-10-06,W1243,52.22117,10.23304,0.0,15.4,13.9,0.22,13.1,0.196,1.8
2026-10-07,W1243,52.22117,10.23304,0.0,15.1,13.6,0.209,13.1,0.196,2.0
2026-10-08,W1243,52.22117,10.23304,6.08,13.4,12.7,0.261,13.2,0.196,1.42
2026-10-09,W1243,52.22117,10.23304,5.4,9.8,10.3,0.274,11.3,0.199,0.93
2026-10-10,W1243,52.22117,10.23304,4.8,11.7,12.1,0.29,11.6,0.203,1.71
2026-10-11,W1243,52.22117,10.23304,1.8,11.3,10.5,0.279,11.2,0.207,2.04
2026-10-12,W1243,52.22117,10.23304,4.2,11.0,10.1,0.267,10.6,0.209,1.53
2026-10-06,W1244,52.22117,10.2626,0.0,15.3,13.9,0.22,13.1,0.196,1.84
2026-10-07,W1244,52.22117,10.2626,0.0,15.0,13.6,0.209,13.1,0.196,2.0
2026-10-08,W1244,52.22117,10.2626,5.8,12.9,12.7,0.261,13.2,0.196,1.35
2026-10-09,W1244,52.22117,10.2626,5.4,9.8,10.3,0.274,11.3,0.199,0.93
2026-10-10,W1244,52.22117,10.2626,4.8,11.7,12.1,0.29,11.6,0.203,1.71
2026-10-11,W1244,52.22117,10.2626,1.8,11.3,10.5,0.279,11.2,0.207,2.04
2026-10-12,W1244,52.22117,10.2626,4.2,11.0,10.1,0.267,10.6,0.209,1.53
2026-10-06,W1245,52.22117,10.29217,0.0,15.2,13.9,0.22,13.1,0.196,1.82
2026-10-07,W1245,52.22117,10.29217,0.0,15.1,13.6,0.209,13.1,0.196,2.03
2026-10-08,W1245,52.22117,10.29217,5.73,13.0,12.7,0.261,13.2,0.196,1.38
2026-10-09,W1245,52.22117,10.29217,5.0,9.8,10.3,0.274,11.3,0.199,0.95
2026-10-10,W1245,52.22117,10.29217,4.2,11.7,12.1,0.29,11.6,0.203,1.75
2026-10-11,W1245,52.22117,10.29217,1.65,11.3,10.5,0.279,11.2,0.207,2.04
2026-10-12,W1245,52.22117,10.29217,4.2,10.9,10.1,0.267,10.6,0.209,1.52
2026-10-06,W0133,52.2122,10.3363,0.0,14.9,13.9,0.22,13.1,0.196,1.81
2026-10-07,W0133,52.2122,10.3363,0.0,15.1,13.6,0.209,13.1,0.196,2.02
2026-10-08,W0133,52.2122,10.3363,5.47,12.9,12.7,0.261,13.2,0.196,1.33
2026-10-09,W0133,52.2122,10.3363,5.4,9.7,10.3,0.274,11.3,0.199,0.98
2026-10-10,W0133,52.2122,10.3363,4.2,11.7,12.1,0.29,11.6,0.203,1.81
2026-10-11,W0133,52.2122,10.3363,1.8,11.1,10.5,0.279,11.2,0.207,1.98
2026-10-12,W0133,52.2122,10.3363,6.3,10.5,10.1,0.267,10.6,0.209,1.28
2026-10-06,W1246,52.22117,10.3513,0.0,15.2,13.8,0.204,12.8,0.167,1.83
2026-10-07,W1246,52.22117,10.3513,0.0,15.2,13.6,0.193,12.9,0.167,2.0
2026-10-08,W1246,52.22117,10.3513,5.28,13.2,12.7,0.286,13.1,0.17,1.36
2026-10-09,W1246,52.22117,10.3513,4.4,9.8,10.4,0.292,11.3,0.179,0.95
2026-10-10,W1246,52.22117,10.3513,3.9,11.7,12.1,0.299,11.6,0.186,1.72
2026-10-11,W1246,52.22117,10.3513,1.95,11.2,10.5,0.289,11.1,0.192,1.95
2026-10-12,W1246,52.22117,10.3513,6.3,10.5,10.2,0.278,10.6,0.197,1.29
2026-10-06,W1247,52.22117,10.38086,0.0,15.3,13.8,0.204,12.8,0.167,1.83
2026-10-07,W1247,52.22117,10.38086,0.0,15.2,13.6,0.193,12.9,0.167,2.0
2026-10-08,W1247,52.22117,10.38086,5.28,13.2,12.7,0.286,13.1,0.17,1.37
2026-10-09,W1247,52.22117,10.38086,4.4,9.9,10.4,0.292,11.3,0.179,0.95
2026-10-10,W1247,52.22117,10.38086,3.9,11.8,12.1,0.299,11.6,0.186,1.73
2026-10-11,W1247,52.22117,10.38086,1.95,11.2,10.5,0.289,11.1,0.192,1.96
2026-10-12,W1247,52.22117,10.38086,6.3,10.6,10.2,0.278,10.6,0.197,1.29
2026-10-06,W1248,52.22117,10.41042,0.0,15.5,14.2,0.203,13.4,0.149,1.84
2026-10-07,W1248,52.22117,10.41042,0.0,15.3,14.4,0.19,13.7,0.149,1.99
2026-10-08,W1248,52.22117,10.41042,5.35,13.2,13.0,0.243,13.7,0.15,1.35
2026-10-09,W1248,52.22117,10.41042,4.1,9.9,10.5,0.256,11.8,0.154,0.97
2026-10-10,W1248,52.22117,10.41042,3.3,11.8,12.2,0.263,11.9,0.158,1.76
2026-10-11,W1248,52.22117,10.41042,2.1,11.2,10.7,0.252,11.5,0.161,1.96
2026-10-12,W1248,52.22117,10.41042,6.3,10.6,10.4,0.242,11.0,0.164,1.29
2026-10-06,W1249,52.22117,10.43999,0.0,15.4,14.2,0.203,13.4,0.149,1.82
2026-10-07,W1249,52.22117,10.43999,0.0,15.3,14.4,0.19,13.7,0.149,2.0
2026-10-08,W1249,52.22117,10.43999,5.72,13.2,13.0,0.243,13.7,0.15,1.35
2026-10-09,W1249,52.22117,10.43999,4.1,9.9,10.5,0.256,11.8,0.154,0.97
2026-10-10,W1249,52.22117,10.43999,3.3,11.7,12.2,0.263,11.9,0.158,1.75
2026-10-11,W1249,52.22117,10.43999,1.8,11.3,10.7,0.252,11.5,0.161,1.96
2026-10-12,W1249,52.22117,10.43999,8.4,10.5,10.4,0.242,11.0,0.164,1.2
2026-10-06,W1250,52.22117,10.46955,0.0,15.6,14.2,0.203,13.4,0.149,1.83
2026-10-07,W1250,52.22117,10.46955,0.0,15.4,14.4,0.19,13.7,0.149,2.0
2026-10-08,W1250,52.22117,10.46955,5.65,13.2,13.0,0.243,13.7,0.15,1.35
2026-10-09,W1250,52.22117,10.46955,3.4,9.8,10.5,0.256,11.8,0.154,0.97
2026-10-10,W1250,52.22117,10.46955,3.0,11.7,12.2,0.263,11.9,0.158,1.74
2026-10-11,W1250,52.22117,10.46955,1.8,11.2,10.7,0.252,11.5,0.161,1.94
2026-10-12,W1250,52.22117,10.46955,8.4,10.4,10.4,0.242,11.0,0.164,1.19
2026-10-06,W1251,52.22117,10.49912,0.0,15.4,14.2,0.203,13.4,0.149,1.83
2026-10-07,W1251,52.22117,10.49912,0.0,15.3,14.4,0.19,13.7,0.149,2.02
2026-10-08,W1251,52.22117,10.49912,5.72,13.2,13.0,0.243,13.7,0.15,1.36
2026-10-09,W1251,52.22117,10.49912,3.4,9.9,10.5,0.256,11.8,0.154,0.97
2026-10-10,W1251,52.22117,10.49912,3.0,11.8,12.2,0.263,11.9,0.158,1.74
2026-10-11,W1251,52.22117,10.49912,1.8,11.3,10.7,0.252,11.5,0.161,1.95
2026-10-12,W1251,52.22117,10.49912,8.4,10.5,10.4,0.242,11.0,0.164,1.2
2026-10-06,W0134,52.2122,10.5431,0.0,15.1,14.2,0.178,13.4,0.151,1.81
2026-10-07,W0134,52.2122,10.5431,0.0,15.6,14.7,0.165,13.8,0.151,2.06
2026-10-08,W0134,52.2122,10.5431,5.05,13.4,13.1,0.231,14.0,0.152,1.39
2026-10-09,W0134,52.2122,10.5431,3.7,10.0,10.4,0.248,11.9,0.154,1.04
2026-10-10,W0134,52.2122,10.5431,2.7,11.8,12.3,0.267,12.0,0.158,1.87
2026-10-11,W0134,52.2122,10.5431,1.2,11.2,10.6,0.257,11.6,0.162,1.97
2026-10-12,W0134,52.2122,10.5431,8.4,10.4,10.4,0.243,11.1,0.165,1.19
2026-10-06,W0135,52.2122,10.5726,0.0,14.8,13.3,0.206,12.4,0.163,1.78
2026-10-07,W0135,52.2122,10.5726,0.0,15.3,14.0,0.195,13.0,0.164,2.06
2026-10-08,W0135,52.2122,10.5726,5.3,13.1,12.7,0.229,13.3,0.164,1.36
2026-10-09,W0135,52.2122,10.5726,3.7,9.9,10.3,0.243,11.4,0.166,1.03
2026-10-10,W0135,52.2122,10.5726,2.7,11.7,12.0,0.255,11.5,0.168,1.86
2026-10-11,W0135,52.2122,10.5726,0.9,11.1,10.4,0.252,11.1,0.171,1.99
2026-10-12,W0135,52.2122,10.5726,7.2,10.4,10.0,0.248,10.5,0.173,1.21
2026-10-06,W0136,52.2122,10.6021,0.0,14.9,13.3,0.206,12.4,0.163,1.79
2026-10-07,W0136,52.2122,10.6021,0.0,15.5,14.0,0.195,13.0,0.164,2.07
2026-10-08,W0136,52.2122,10.6021,5.0,13.3,12.7,0.229,13.3,0.164,1.37
2026-10-09,W0136,52.2122,10.6021,3.8,10.1,10.3,0.243,11.4,0.166,1.04
2026-10-10,W0136,52.2122,10.6021,3.6,11.9,12.0,0.255,11.5,0.168,1.84
2026-10-11,W0136,52.2122,10.6021,0.9,11.3,10.4,0.252,11.1,0.171,2.0
2026-10-12,W0136,52.2122,10.6021,7.2,10.5,10.0,0.248,10.5,0.173,1.22
2026-10-06,W1252,52.22117,10.61737,0.0,14.4,13.3,0.206,12.4,0.163,1.8
2026-10-07,W1252,52.22117,10.61737,0.0,15.8,14.0,0.195,13.0,0.164,2.17
2026-10-08,W1252,52.22117,10.61737,5.48,13.3,12.7,0.229,13.3,0.164,1.4
2026-10-09,W1252,52.22117,10.61737,3.6,9.9,10.3,0.243,11.4,0.166,1.02
2026-10-10,W1252,52.22117,10.61737,3.3,11.6,12.0,0.255,11.5,0.168,1.79
2026-10-11,W1252,52.22117,10.61737,1.35,11.2,10.4,0.252,11.1,0.171,1.98
2026-10-12,W1252,52.22117,10.61737,7.2,10.5,10.0,0.248,10.5,0.173,1.22
2026-10-06,W1253,52.22117,10.64694,0.0,14.2,13.3,0.206,12.4,0.163,1.79
2026-10-07,W1253,52.22117,10.64694,0.0,15.7,14.0,0.195,13.0,0.164,2.16
2026-10-08,W1253,52.22117,10.64694,5.48,13.1,12.7,0.229,13.3,0.164,1.39
2026-10-09,W1253,52.22117,10.64694,3.6,9.7,10.3,0.243,11.4,0.166,1.01
2026-10-10,W1253,52.22117,10.64694,3.3,11.5,12.0,0.255,11.5,0.168,1.77
2026-10-11,W1253,52.22117,10.64694,1.35,11.0,10.4,0.252,11.1,0.171,1.97
2026-10-12,W1253,52.22117,10.64694,7.2,10.3,10.0,0.248,10.5,0.173,1.21
2026-10-06,W1254,52.22117,10.6765,0.0,15.1,13.6,0.196,12.6,0.156,1.82
2026-10-07,W1254,52.22117,10.6765,0.0,17.0,14.0,0.185,12.9,0.156,2.41
2026-10-08,W1254,52.22117,10.6765,5.5,13.6,12.9,0.238,13.2,0.157,1.45
2026-10-09,W1254,52.22117,10.6765,4.3,9.8,10.3,0.251,11.3,0.16,0.95
2026-10-10,W1254,52.22117,10.6765,3.6,11.5,12.0,0.261,11.5,0.163,1.69
2026-10-11,W1254,52.22117,10.6765,0.9,11.0,10.4,0.255,11.1,0.166,1.94
2026-10-12,W1254,52.22117,10.6765,7.2,10.3,10.2,0.244,10.6,0.169,1.21
2026-10-06,W0137,52.2122,10.7203,0.0,14.7,12.9,0.211,12.3,0.149,1.82
2026-10-07,W0137,52.2122,10.7203,0.0,16.3,13.4,0.2,12.8,0.15,2.46
2026-10-08,W0137,52.2122,10.7203,5.52,12.9,12.3,0.231,13.1,0.151,1.43
2026-10-09,W0137,52.2122,10.7203,5.5,9.0,9.9,0.242,11.2,0.153,0.91
2026-10-10,W0137,52.2122,10.7203,3.3,10.7,11.4,0.25,11.3,0.155,1.67
2026-10-11,W0137,52.2122,10.7203,0.9,10.0,9.9,0.247,10.8,0.158,1.87
2026-10-12,W0137,52.2122,10.7203,7.2,9.3,9.4,0.241,10.2,0.16,1.16
2026-10-06,W0138,52.2122,10.7498,0.0,14.8,13.7,0.211,13.1,0.149,1.83
2026-10-07,W0138,52.2122,10.7498,0.0,16.5,14.2,0.2,13.6,0.15,2.48
2026-10-08,W0138,52.2122,10.7498,5.52,13.1,13.1,0.231,13.9,0.151,1.44
2026-10-09,W0138,52.2122,10.7498,5.5,9.1,10.7,0.242,12.0,0.153,0.91
2026-10-10,W0138,52.2122,10.7498,3.3,10.9,12.1,0.25,12.0,0.155,1.69
2026-10-11,W0138,52.2122,10.7498,0.9,10.2,10.6,0.247,11.6,0.158,1.88
2026-10-12,W0138,52.2122,10.7498,7.2,9.5,10.1,0.241,10.9,0.16,1.17
2026-10-06,W0139,52.2122,10.7794,0.0,14.3,12.6,0.211,12.0,0.149,1.78
2026-10-07,W0139,52.2122,10.7794,0.0,15.4,13.1,0.2,12.5,0.15,2.17
2026-10-08,W0139,52.2122,10.7794,5.8,12.5,12.0,0.231,12.8,0.151,1.35
2026-10-09,W0139,52.2122,10.7794,5.5,8.7,9.6,0.242,10.9,0.153,0.89
2026-10-10,W0139,52.2122,10.7794,3.3,10.4,11.1,0.25,11.0,0.155,1.65
2026-10-11,W0139,52.2122,10.7794,0.9,9.7,9.6,0.247,10.5,0.158,1.85
2026-10-12,W0139,52.2122,10.7794,7.2,9.0,9.1,0.241,9.9,0.16,1.15
2026-10-06,W0140,52.2122,10.8089,0.0,14.7,12.7,0.211,12.2,0.149,1.83
2026-10-07,W0140,52.2122,10.8089,0.0,15.5,13.3,0.2,12.7,0.15,2.16
2026-10-08,W0140,52.2122,10.8089,4.85,12.7,12.2,0.231,12.9,0.151,1.37
2026-10-09,W0140,52.2122,10.8089,5.9,9.0,9.7,0.242,11.1,0.153,0.89
2026-10-10,W0140,52.2122,10.8089,3.0,10.7,11.2,0.25,11.1,0.155,1.69
2026-10-11,W0140,52.2122,10.8089,0.9,9.9,9.7,0.247,10.7,0.158,1.86
2026-10-12,W0140,52.2122,10.8089,7.2,9.1,9.2,0.241,10.0,0.16,1.16
2026-10-06,W0141,52.2122,10.8384,0.0,15.3,13.7,0.211,13.1,0.149,1.84
2026-10-07,W0141,52.2122,10.8384,0.0,15.2,14.2,0.2,13.6,0.15,2.11
2026-10-08,W0141,52.2122,10.8384,4.47,12.9,13.1,0.231,13.9,0.151,1.33
2026-10-09,W0141,52.2122,10.8384,5.9,9.4,10.7,0.242,12.0,0.153,0.91
2026-10-10,W0141,52.2122,10.8384,3.0,11.2,12.1,0.25,12.0,0.155,1.72
2026-10-11,W0141,52.2122,10.8384,0.3,10.4,10.6,0.247,11.6,0.158,1.93
2026-10-12,W0141,52.2122,10.8384,6.9,9.5,10.1,0.241,10.9,0.16,1.12
2026-10-06,W1598,52.22117,10.85389,0.0,15.8,13.6,0.197,12.8,0.15,1.86
2026-10-07,W1598,52.22117,10.85389,0.0,15.7,14.0,0.187,13.1,0.15,2.14
2026-10-08,W1598,52.22117,10.85389,4.72,13.1,13.0,0.22,13.4,0.151,1.42
2026-10-09,W1598,52.22117,10.85389,5.7,9.6,10.4,0.233,11.6,0.153,1.04
2026-10-10,W1598,52.22117,10.85389,2.7,11.3,12.1,0.24,11.7,0.155,1.81
2026-10-11,W1598,52.22117,10.85389,0.45,10.8,10.5,0.237,11.2,0.157,1.98
2026-10-12,W1598,52.22117,10.85389,6.9,10.0,10.1,0.23,10.7,0.158,1.14
2026-10-06,W0142,52.2122,10.8975,0.0,14.4,13.8,0.2,12.9,0.147,1.75
2026-10-07,W0142,52.2122,10.8975,0.0,13.7,14.0,0.188,13.3,0.148,2.11
2026-10-08,W0142,52.2122,10.8975,3.93,12.4,12.9,0.222,13.4,0.148,1.27
2026-10-09,W0142,52.2122,10.8975,6.9,9.8,10.5,0.23,11.6,0.15,0.93
2026-10-10,W0142,52.2122,10.8975,3.6,11.6,12.1,0.236,11.8,0.152,1.77
2026-10-11,W0142,52.2122,10.8975,0.3,10.9,10.5,0.234,11.3,0.154,1.97
2026-10-12,W0142,52.2122,10.8975,6.9,10.0,10.1,0.23,10.7,0.156,1.14
2026-10-06,W0143,52.2122,10.9271,0.0,14.3,13.8,0.2,12.9,0.147,1.8
2026-10-07,W0143,52.2122,10.9271,0.0,14.2,14.0,0.188,13.3,0.148,2.14
2026-10-08,W0143,52.2122,10.9271,3.75,13.0,12.9,0.222,13.4,0.148,1.33
2026-10-09,W0143,52.2122,10.9271,7.1,10.3,10.5,0.23,11.6,0.15,0.96
2026-10-10,W0143,52.2122,10.9271,3.3,12.1,12.1,0.236,11.8,0.152,1.82
2026-10-11,W0143,52.2122,10.9271,0.45,11.2,10.5,0.234,11.3,0.154,1.98
2026-10-12,W0143,52.2122,10.9271,6.9,10.2,10.1,0.23,10.7,0.156,1.15
2026-10-06,W0144,52.2122,10.9566,0.0,14.2,13.8,0.2,12.9,0.147,1.76
2026-10-07,W0144,52.2122,10.9566,0.0,13.9,14.0,0.188,13.3,0.148,2.12
2026-10-08,W0144,52.2122,10.9566,3.87,12.7,12.9,0.222,13.4,0.148,1.32
2026-10-09,W0144,52.2122,10.9566,7.1,10.1,10.5,0.23,11.6,0.15,0.95
2026-10-10,W0144,52.2122,10.9566,3.3,11.9,12.1,0.236,11.8,0.152,1.81
2026-10-11,W0144,52.2122,10.9566,0.45,11.0,10.5,0.234,11.3,0.154,1.96
2026-10-12,W0144,52.2122,10.9566,6.9,10.1,10.1,0.23,10.7,0.156,1.14
2026-10-06,W0145,52.2122,10.9861,0.0,14.1,13.8,0.2,12.9,0.147,1.73
2026-10-07,W0145,52.2122,10.9861,0.0,14.6,14.0,0.188,13.3,0.148,2.18
2026-10-08,W0145,52.2122,10.9861,3.53,12.8,12.9,0.222,13.4,0.148,1.39
2026-10-09,W0145,52.2122,10.9861,6.8,9.9,10.5,0.23,11.6,0.15,1.02
2026-10-10,W0145,52.2122,10.9861,3.3,11.7,12.1,0.236,11.8,0.152,1.9
2026-10-11,W0145,52.2122,10.9861,0.3,11.0,10.5,0.234,11.3,0.154,1.99
2026-10-12,W0145,52.2122,10.9861,6.9,10.2,10.1,0.23,10.7,0.156,1.15
2026-10-06,W0146,52.2122,11.0157,0.0,15.0,13.8,0.2,12.9,0.147,1.8
2026-10-07,W0146,52.2122,11.0157,0.0,15.6,14.0,0.188,13.3,0.148,2.18
2026-10-08,W0146,52.2122,11.0157,3.5,13.4,12.9,0.222,13.4,0.148,1.41
2026-10-09,W0146,52.2122,11.0157,6.8,10.3,10.5,0.23,11.6,0.15,1.03
2026-10-10,W0146,52.2122,11.0157,3.3,12.1,12.1,0.236,11.8,0.152,1.92
2026-10-11,W0146,52.2122,11.0157,0.3,11.3,10.5,0.234,11.3,0.154,2.01
2026-10-12,W0146,52.2122,11.0157,6.9,10.5,10.1,0.23,10.7,0.156,1.16
2026-10-06,W0147,52.2122,11.0452,0.0,14.0,13.9,0.211,13.0,0.145,1.76
2026-10-07,W0147,52.2122,11.0452,0.0,14.8,13.9,0.199,13.3,0.146,2.09
2026-10-08,W0147,52.2122,11.0452,3.55,12.6,12.9,0.247,13.4,0.147,1.36
2026-10-09,W0147,52.2122,11.0452,6.6,9.6,10.6,0.256,11.7,0.151,1.04
2026-10-10,W0147,52.2122,11.0452,3.9,11.3,12.1,0.273,11.8,0.155,1.88
2026-10-11,W0147,52.2122,11.0452,0.3,10.7,10.6,0.265,11.4,0.16,1.97
2026-10-12,W0147,52.2122,11.0452,6.9,9.9,10.1,0.261,10.7,0.164,1.13
2026-10-06,W0148,52.2122,11.0747,0.0,14.7,13.9,0.211,13.0,0.145,1.72
2026-10-07,W0148,52.2122,11.0747,0.0,14.9,13.9,0.199,13.3,0.146,2.11
2026-10-08,W0148,52.2122,11.0747,3.38,13.0,12.9,0.247,13.4,0.147,1.43
2026-10-09,W0148,52.2122,11.0747,6.6,9.5,10.6,0.256,11.7,0.151,1.04
2026-10-10,W0148,52.2122,11.0747,3.9,11.3,12.1,0.273,11.8,0.155,1.87
2026-10-11,W0148,52.2122,11.0747,0.3,10.6,10.6,0.265,11.4,0.16,1.96
2026-10-12,W0148,52.2122,11.0747,7.2,9.7,10.1,0.261,10.7,0.164,1.09
2026-10-06,W0149,52.2122,11.1043,0.0,14.9,13.9,0.211,13.0,0.145,1.76
2026-10-07,W0149,52.2122,11.1043,0.0,14.6,13.9,0.199,13.3,0.146,2.15
2026-10-08,W0149,52.2122,11.1043,3.02,13.3,12.9,0.247,13.4,0.147,1.43
2026-10-09,W0149,52.2122,11.1043,6.8,10.2,10.6,0.256,11.7,0.151,1.1
2026-10-10,W0149,52.2122,11.1043,4.2,12.0,12.1,0.273,11.8,0.155,1.92
2026-10-11,W0149,52.2122,11.1043,0.3,11.1,10.6,0.265,11.4,0.16,2.0
2026-10-12,W0149,52.2122,11.1043,7.2,10.0,10.1,0.261,10.7,0.164,1.1
2026-10-06,W0150,52.2122,11.1338,0.0,14.7,13.9,0.211,13.0,0.145,1.73
2026-10-07,W0150,52.2122,11.1338,0.0,14.6,13.9,0.199,13.3,0.146,2.17
2026-10-08,W0150,52.2122,11.1338,2.88,13.2,12.9,0.247,13.4,0.147,1.41
2026-10-09,W0150,52.2122,11.1338,6.8,10.3,10.6,0.256,11.7,0.151,1.11
2026-10-10,W0150,52.2122,11.1338,4.2,12.1,12.1,0.273,11.8,0.155,1.93
2026-10-11,W0150,52.2122,11.1338,0.3,11.2,10.6,0.265,11.4,0.16,2.01
2026-10-12,W0150,52.2122,11.1338,7.2,10.2,10.1,0.261,10.7,0.164,1.11
2026-10-06,W1255,52.22117,11.14953,0.0,14.4,13.9,0.211,13.0,0.145,1.72
2026-10-07,W1255,52.22117,11.14953,0.0,14.3,13.9,0.199,13.3,0.146,2.15
2026-10-08,W1255,52.22117,11.14953,3.35,12.7,12.9,0.247,13.4,0.147,1.31
2026-10-09,W1255,52.22117,11.14953,6.1,9.8,10.6,0.256,11.7,0.151,1.01
2026-10-10,W1255,52.22117,11.14953,3.0,11.5,12.1,0.273,11.8,0.155,1.78
2026-10-11,W1255,52.22117,11.14953,0.3,10.8,10.6,0.265,11.4,0.16,1.94
2026-10-12,W1255,52.22117,11.14953,7.2,9.8,10.1,0.261,10.7,0.164,1.09
2026-10-06,W1256,52.23919,10.11478,0.0,14.9,13.8,0.238,13.1,0.226,1.86
2026-10-07,W1256,52.23919,10.11478,0.0,15.0,13.8,0.227,13.3,0.224,2.04
2026-10-08,W1256,52.23919,10.11478,8.23,13.0,12.9,0.284,13.5,0.224,1.32
2026-10-09,W1256,52.23919,10.11478,7.0,9.9,10.4,0.297,11.5,0.229,0.92
2026-10-10,W1256,52.23919,10.11478,6.0,11.7,12.1,0.322,11.8,0.234,1.65
2026-10-11,W1256,52.23919,10.11478,1.05,11.0,10.5,0.321,11.2,0.242,1.96
2026-10-12,W1256,52.23919,10.11478,3.0,10.8,10.2,0.312,10.7,0.248,1.57
2026-10-06,W1257,52.23919,10.14435,0.0,15.1,13.8,0.238,13.1,0.226,1.87
2026-10-07,W1257,52.23919,10.14435,0.0,15.1,13.8,0.227,13.3,0.224,2.05
2026-10-08,W1257,52.23919,10.14435,7.7,13.2,12.9,0.284,13.5,0.224,1.34
2026-10-09,W1257,52.23919,10.14435,7.0,10.0,10.4,0.297,11.5,0.229,0.93
2026-10-10,W1257,52.23919,10.14435,6.0,11.8,12.1,0.322,11.8,0.234,1.66
2026-10-11,W1257,52.23919,10.14435,1.05,11.2,10.5,0.321,11.2,0.242,1.97
2026-10-12,W1257,52.23919,10.14435,3.0,10.9,10.2,0.312,10.7,0.248,1.57
2026-10-06,W1258,52.23919,10.17391,0.0,15.1,13.8,0.238,13.1,0.226,1.78
2026-10-07,W1258,52.23919,10.17391,0.0,14.8,13.8,0.227,13.3,0.224,2.01
2026-10-08,W1258,52.23919,10.17391,7.05,13.2,12.9,0.284,13.5,0.224,1.37
2026-10-09,W1258,52.23919,10.17391,6.4,9.9,10.4,0.297,11.5,0.229,0.92
2026-10-10,W1258,52.23919,10.17391,5.1,11.7,12.1,0.322,11.8,0.234,1.7
2026-10-11,W1258,52.23919,10.17391,1.2,11.1,10.5,0.321,11.2,0.242,1.97
2026-10-12,W1258,52.23919,10.17391,3.0,10.9,10.2,0.312,10.7,0.248,1.57
2026-10-06,W1259,52.23919,10.20347,0.0,15.0,13.8,0.238,13.1,0.226,1.76
2026-10-07,W1259,52.23919,10.20347,0.0,15.0,13.8,0.227,13.3,0.224,2.01
2026-10-08,W1259,52.23919,10.20347,6.55,13.1,12.9,0.284,13.5,0.224,1.36
2026-10-09,W1259,52.23919,10.20347,6.4,9.9,10.4,0.297,11.5,0.229,0.92
2026-10-10,W1259,52.23919,10.20347,5.1,11.7,12.1,0.322,11.8,0.234,1.69
2026-10-11,W1259,52.23919,10.20347,1.8,11.2,10.5,0.321,11.2,0.242,2.03
2026-10-12,W1259,52.23919,10.20347,4.2,10.9,10.2,0.312,10.7,0.248,1.53
2026-10-06,W1260,52.23919,10.23304,0.0,15.1,13.9,0.22,13.1,0.196,1.78
2026-10-07,W1260,52.23919,10.23304,0.0,14.9,13.6,0.209,13.1,0.196,2.0
2026-10-08,W1260,52.23919,10.23304,5.78,13.1,12.7,0.261,13.2,0.196,1.38
2026-10-09,W1260,52.23919,10.23304,5.4,9.7,10.3,0.274,11.3,0.199,0.93
2026-10-10,W1260,52.23919,10.23304,4.8,11.6,12.1,0.29,11.6,0.203,1.7
2026-10-11,W1260,52.23919,10.23304,1.8,11.1,10.5,0.279,11.2,0.207,2.03
2026-10-12,W1260,52.23919,10.23304,4.2,10.8,10.1,0.267,10.6,0.209,1.52
2026-10-06,W1261,52.23919,10.2626,0.0,15.1,13.9,0.22,13.1,0.196,1.79
2026-10-07,W1261,52.23919,10.2626,0.0,15.0,13.6,0.209,13.1,0.196,2.0
2026-10-08,W1261,52.23919,10.2626,5.85,13.0,12.7,0.261,13.2,0.196,1.35
2026-10-09,W1261,52.23919,10.2626,5.4,9.8,10.3,0.274,11.3,0.199,0.93
2026-10-10,W1261,52.23919,10.2626,4.8,11.7,12.1,0.29,11.6,0.203,1.7
2026-10-11,W1261,52.23919,10.2626,1.8,11.2,10.5,0.279,11.2,0.207,2.04
2026-10-12,W1261,52.23919,10.2626,4.2,10.9,10.1,0.267,10.6,0.209,1.52
2026-10-06,W1262,52.23919,10.29217,0.0,15.2,13.8,0.204,12.8,0.167,1.83
2026-10-07,W1262,52.23919,10.29217,0.0,15.2,13.6,0.193,12.9,0.167,2.03
2026-10-08,W1262,52.23919,10.29217,5.73,13.0,12.7,0.286,13.1,0.17,1.38
2026-10-09,W1262,52.23919,10.29217,5.0,9.9,10.4,0.292,11.3,0.179,0.95
2026-10-10,W1262,52.23919,10.29217,4.2,11.8,12.1,0.299,11.6,0.186,1.75
2026-10-11,W1262,52.23919,10.29217,1.65,11.3,10.5,0.289,11.1,0.192,2.04
2026-10-12,W1262,52.23919,10.29217,4.2,11.0,10.2,0.278,10.6,0.197,1.53
2026-10-06,W1263,52.23919,10.32173,0.0,15.2,13.8,0.204,12.8,0.167,1.78
2026-10-07,W1263,52.23919,10.32173,0.0,15.3,13.6,0.193,12.9,0.167,2.05
2026-10-08,W1263,52.23919,10.32173,5.63,13.1,12.7,0.286,13.1,0.17,1.38
2026-10-09,W1263,52.23919,10.32173,5.0,9.9,10.4,0.292,11.3,0.179,0.95
2026-10-10,W1263,52.23919,10.32173,4.2,11.8,12.1,0.299,11.6,0.186,1.75
2026-10-11,W1263,52.23919,10.32173,1.8,11.2,10.5,0.289,11.1,0.192,1.97
2026-10-12,W1263,52.23919,10.32173,6.3,10.6,10.2,0.278,10.6,0.197,1.29
2026-10-06,W1264,52.23919,10.3513,0.0,14.9,13.8,0.204,12.8,0.167,1.75
2026-10-07,W1264,52.23919,10.3513,0.0,15.4,13.6,0.193,12.9,0.167,2.04
2026-10-08,W1264,52.23919,10.3513,5.65,13.1,12.7,0.286,13.1,0.17,1.38
2026-10-09,W1264,52.23919,10.3513,4.4,9.8,10.4,0.292,11.3,0.179,0.95
2026-10-10,W1264,52.23919,10.3513,3.9,11.7,12.1,0.299,11.6,0.186,1.73
2026-10-11,W1264,52.23919,10.3513,1.95,11.2,10.5,0.289,11.1,0.192,1.96
2026-10-12,W1264,52.23919,10.3513,6.3,10.6,10.2,0.278,10.6,0.197,1.29
2026-10-06,W1265,52.23919,10.38086,0.0,14.8,13.8,0.204,12.8,0.167,1.74
2026-10-07,W1265,52.23919,10.38086,0.0,15.3,13.6,0.193,12.9,0.167,2.02
2026-10-08,W1265,52.23919,10.38086,5.6,13.1,12.7,0.286,13.1,0.17,1.37
2026-10-09,W1265,52.23919,10.38086,4.4,9.9,10.4,0.292,11.3,0.179,0.95
2026-10-10,W1265,52.23919,10.38086,3.9,11.8,12.1,0.299,11.6,0.186,1.73
2026-10-11,W1265,52.23919,10.38086,1.95,11.2,10.5,0.289,11.1,0.192,1.96
2026-10-12,W1265,52.23919,10.38086,6.3,10.6,10.2,0.278,10.6,0.197,1.29
2026-10-06,W1266,52.23919,10.41042,0.0,15.4,14.2,0.203,13.4,0.149,1.8
2026-10-07,W1266,52.23919,10.41042,0.0,15.7,14.4,0.19,13.7,0.149,2.05
2026-10-08,W1266,52.23919,10.41042,5.58,13.3,13.0,0.243,13.7,0.15,1.37
2026-10-09,W1266,52.23919,10.41042,4.1,9.9,10.5,0.256,11.8,0.154,0.97
2026-10-10,W1266,52.23919,10.41042,3.3,11.7,12.2,0.263,11.9,0.158,1.75
2026-10-11,W1266,52.23919,10.41042,2.1,11.2,10.7,0.252,11.5,0.161,1.96
2026-10-12,W1266,52.23919,10.41042,6.3,10.6,10.4,0.242,11.0,0.164,1.29
2026-10-06,W1267,52.23919,10.43999,0.0,15.5,14.2,0.203,13.4,0.149,1.81
2026-10-07,W1267,52.23919,10.43999,0.0,15.6,14.4,0.19,13.7,0.149,2.02
2026-10-08,W1267,52.23919,10.43999,5.68,13.2,13.0,0.243,13.7,0.15,1.35
2026-10-09,W1267,52.23919,10.43999,4.1,9.8,10.5,0.256,11.8,0.154,0.97
2026-10-10,W1267,52.23919,10.43999,3.3,11.7,12.2,0.263,11.9,0.158,1.75
2026-10-11,W1267,52.23919,10.43999,1.8,11.2,10.7,0.252,11.5,0.161,1.96
2026-10-12,W1267,52.23919,10.43999,8.4,10.4,10.4,0.242,11.0,0.164,1.19
2026-10-06,W1268,52.23919,10.46955,0.0,15.5,14.2,0.178,13.4,0.151,1.81
2026-10-07,W1268,52.23919,10.46955,0.0,15.6,14.7,0.165,13.8,0.151,2.03
2026-10-08,W1268,52.23919,10.46955,5.5,13.3,13.1,0.231,14.0,0.152,1.35
2026-10-09,W1268,52.23919,10.46955,3.4,9.9,10.4,0.248,11.9,0.154,0.97
2026-10-10,W1268,52.23919,10.46955,3.0,11.8,12.3,0.267,12.0,0.158,1.74
2026-10-11,W1268,52.23919,10.46955,1.8,11.3,10.6,0.257,11.6,0.162,1.95
2026-10-12,W1268,52.23919,10.46955,8.4,10.5,10.4,0.243,11.1,0.165,1.2
2026-10-06,W1269,52.23919,10.49912,0.0,15.6,14.2,0.178,13.4,0.151,1.8
2026-10-07,W1269,52.23919,10.49912,0.0,15.4,14.7,0.165,13.8,0.151,2.03
2026-10-08,W1269,52.23919,10.49912,5.6,13.1,13.1,0.231,14.0,0.152,1.35
2026-10-09,W1269,52.23919,10.49912,3.4,9.9,10.4,0.248,11.9,0.154,0.97
2026-10-10,W1269,52.23919,10.49912,3.0,11.7,12.3,0.267,12.0,0.158,1.74
2026-10-11,W1269,52.23919,10.49912,1.8,11.2,10.6,0.257,11.6,0.162,1.94
2026-10-12,W1269,52.23919,10.49912,8.4,10.4,10.4,0.243,11.1,0.165,1.2
2026-10-06,W0151,52.2302,10.5431,0.0,15.1,14.2,0.178,13.4,0.151,1.79
2026-10-07,W0151,52.2302,10.5431,0.0,15.5,14.7,0.165,13.8,0.151,2.05
2026-10-08,W0151,52.2302,10.5431,5.58,13.4,13.1,0.231,14.0,0.152,1.38
2026-10-09,W0151,52.2302,10.5431,3.2,9.9,10.4,0.248,11.9,0.154,1.0
2026-10-10,W0151,52.2302,10.5431,3.0,11.7,12.3,0.267,12.0,0.158,1.77
2026-10-11,W0151,52.2302,10.5431,1.8,11.2,10.6,0.257,11.6,0.162,1.94
2026-10-12,W0151,52.2302,10.5431,8.4,10.4,10.4,0.243,11.1,0.165,1.19
2026-10-06,W0152,52.2302,10.5726,0.0,14.9,13.3,0.206,12.4,0.163,1.76
2026-10-07,W0152,52.2302,10.5726,0.0,15.5,14.0,0.195,13.0,0.164,2.07
2026-10-08,W0152,52.2302,10.5726,5.58,13.2,12.7,0.229,13.3,0.164,1.37
2026-10-09,W0152,52.2302,10.5726,3.2,9.8,10.3,0.243,11.4,0.166,0.99
2026-10-10,W0152,52.2302,10.5726,3.0,11.6,12.0,0.255,11.5,0.168,1.76
2026-10-11,W0152,52.2302,10.5726,1.5,11.1,10.4,0.252,11.1,0.171,1.96
2026-10-12,W0152,52.2302,10.5726,7.2,10.4,10.0,0.248,10.5,0.173,1.21
2026-10-06,W0153,52.2302,10.6021,0.0,14.6,13.3,0.206,12.4,0.163,1.79
2026-10-07,W0153,52.2302,10.6021,0.0,15.6,14.0,0.195,13.0,0.164,2.12
2026-10-08,W0153,52.2302,10.6021,5.48,13.4,12.7,0.229,13.3,0.164,1.4
2026-10-09,W0153,52.2302,10.6021,3.6,9.9,10.3,0.243,11.4,0.166,1.02
2026-10-10,W0153,52.2302,10.6021,3.3,11.7,12.0,0.255,11.5,0.168,1.79
2026-10-11,W0153,52.2302,10.6021,1.35,11.3,10.4,0.252,11.1,0.171,1.99
2026-10-12,W0153,52.2302,10.6021,7.2,10.6,10.0,0.248,10.5,0.173,1.22
2026-10-06,W0154,52.2302,10.6317,0.0,14.8,13.3,0.206,12.4,0.163,1.81
2026-10-07,W0154,52.2302,10.6317,0.0,15.9,14.0,0.195,13.0,0.164,2.19
2026-10-08,W0154,52.2302,10.6317,5.5,13.3,12.7,0.229,13.3,0.164,1.44
2026-10-09,W0154,52.2302,10.6317,3.6,9.7,10.3,0.243,11.4,0.166,1.01
2026-10-10,W0154,52.2302,10.6317,3.3,11.5,12.0,0.255,11.5,0.168,1.77
2026-10-11,W0154,52.2302,10.6317,1.35,11.0,10.4,0.252,11.1,0.171,1.97
2026-10-12,W0154,52.2302,10.6317,7.2,10.3,10.0,0.248,10.5,0.173,1.21
2026-10-06,W0155,52.2302,10.6612,0.0,14.8,13.6,0.196,12.6,0.156,1.82
2026-10-07,W0155,52.2302,10.6612,0.0,16.1,14.0,0.185,12.9,0.156,2.25
2026-10-08,W0155,52.2302,10.6612,5.63,13.5,12.9,0.238,13.2,0.157,1.42
2026-10-09,W0155,52.2302,10.6612,4.3,9.7,10.3,0.251,11.3,0.16,0.95
2026-10-10,W0155,52.2302,10.6612,3.6,11.5,12.0,0.261,11.5,0.163,1.68
2026-10-11,W0155,52.2302,10.6612,0.9,10.9,10.4,0.255,11.1,0.166,1.94
2026-10-12,W0155,52.2302,10.6612,7.2,10.2,10.2,0.244,10.6,0.169,1.21
2026-10-06,W1270,52.23919,10.6765,0.0,14.8,13.6,0.196,12.6,0.156,1.82
2026-10-07,W1270,52.23919,10.6765,0.0,16.1,14.0,0.185,12.9,0.156,2.25
2026-10-08,W1270,52.23919,10.6765,5.63,13.5,12.9,0.238,13.2,0.157,1.42
2026-10-09,W1270,52.23919,10.6765,4.3,9.7,10.3,0.251,11.3,0.16,0.95
2026-10-10,W1270,52.23919,10.6765,3.6,11.5,12.0,0.261,11.5,0.163,1.68
2026-10-11,W1270,52.23919,10.6765,0.9,11.0,10.4,0.255,11.1,0.166,1.94
2026-10-12,W1270,52.23919,10.6765,7.2,10.2,10.2,0.244,10.6,0.169,1.21
2026-10-06,W0156,52.2302,10.7203,0.0,15.0,13.7,0.211,13.1,0.149,1.9
2026-10-07,W0156,52.2302,10.7203,0.0,16.7,14.2,0.2,13.6,0.15,2.42
2026-10-08,W0156,52.2302,10.7203,5.65,13.4,13.1,0.231,13.9,0.151,1.46
2026-10-09,W0156,52.2302,10.7203,4.6,9.3,10.7,0.242,12.0,0.153,0.89
2026-10-10,W0156,52.2302,10.7203,3.0,11.0,12.1,0.25,12.0,0.155,1.6
2026-10-11,W0156,52.2302,10.7203,0.9,10.5,10.6,0.247,11.6,0.158,1.89
2026-10-12,W0156,52.2302,10.7203,7.2,9.8,10.1,0.241,10.9,0.16,1.19
2026-10-06,W0157,52.2302,10.7498,0.0,14.8,13.0,0.211,12.4,0.149,1.91
2026-10-07,W0157,52.2302,10.7498,0.0,16.2,13.5,0.2,12.9,0.15,2.41
2026-10-08,W0157,52.2302,10.7498,5.65,13.0,12.4,0.231,13.2,0.151,1.43
2026-10-09,W0157,52.2302,10.7498,4.6,8.9,10.0,0.242,11.3,0.153,0.88
2026-10-10,W0157,52.2302,10.7498,3.0,10.5,11.4,0.25,11.3,0.155,1.57
2026-10-11,W0157,52.2302,10.7498,0.9,10.0,9.9,0.247,10.9,0.158,1.86
2026-10-12,W0157,52.2302,10.7498,7.2,9.3,9.4,0.241,10.2,0.16,1.17
2026-10-06,W0158,52.2302,10.7794,0.0,14.9,12.8,0.211,12.2,0.149,1.93
2026-10-07,W0158,52.2302,10.7794,0.0,15.6,13.3,0.2,12.7,0.15,2.24
2026-10-08,W0158,52.2302,10.7794,6.02,12.8,12.2,0.231,13.0,0.151,1.37
2026-10-09,W0158,52.2302,10.7794,4.6,8.7,9.8,0.242,11.1,0.153,0.87
2026-10-10,W0158,52.2302,10.7794,3.0,10.3,11.2,0.25,11.1,0.155,1.56
2026-10-11,W0158,52.2302,10.7794,0.9,9.8,9.7,0.247,10.7,0.158,1.84
2026-10-12,W0158,52.2302,10.7794,7.2,9.1,9.2,0.241,10.0,0.16,1.16
2026-10-06,W0159,52.2302,10.8089,0.0,15.3,13.7,0.211,13.1,0.149,1.9
2026-10-07,W0159,52.2302,10.8089,0.0,15.7,14.2,0.2,13.6,0.15,2.18
2026-10-08,W0159,52.2302,10.8089,5.7,13.0,13.1,0.231,13.9,0.151,1.41
2026-10-09,W0159,52.2302,10.8089,5.0,9.2,10.7,0.242,12.0,0.153,0.94
2026-10-10,W0159,52.2302,10.8089,3.0,10.8,12.1,0.25,12.0,0.155,1.65
2026-10-11,W0159,52.2302,10.8089,1.05,10.3,10.6,0.247,11.6,0.158,1.88
2026-10-12,W0159,52.2302,10.8089,7.2,9.6,10.1,0.241,10.9,0.16,1.18
2026-10-06,W0160,52.2302,10.8384,0.0,15.8,13.6,0.197,12.8,0.15,1.92
2026-10-07,W0160,52.2302,10.8384,0.0,15.4,14.0,0.187,13.1,0.15,2.16
2026-10-08,W0160,52.2302,10.8384,5.47,13.0,13.0,0.22,13.4,0.151,1.35
2026-10-09,W0160,52.2302,10.8384,5.0,9.5,10.4,0.233,11.6,0.153,0.95
2026-10-10,W0160,52.2302,10.8384,3.0,11.1,12.1,0.24,11.7,0.155,1.68
2026-10-11,W0160,52.2302,10.8384,0.45,10.7,10.5,0.237,11.2,0.157,1.95
2026-10-12,W0160,52.2302,10.8384,6.9,9.9,10.1,0.23,10.7,0.158,1.13
2026-10-06,W1271,52.23919,10.85389,0.0,16.1,13.6,0.197,12.8,0.15,1.88
2026-10-07,W1271,52.23919,10.85389,0.0,15.4,14.0,0.187,13.1,0.15,2.15
2026-10-08,W1271,52.23919,10.85389,4.6,13.1,13.0,0.22,13.4,0.151,1.39
2026-10-09,W1271,52.23919,10.85389,5.7,9.8,10.4,0.233,11.6,0.153,1.05
2026-10-10,W1271,52.23919,10.85389,2.7,11.5,12.1,0.24,11.7,0.155,1.83
2026-10-11,W1271,52.23919,10.85389,0.45,11.0,10.5,0.237,11.2,0.157,1.99
2026-10-12,W1271,52.23919,10.85389,6.9,10.3,10.1,0.23,10.7,0.158,1.15
2026-10-06,W1272,52.23919,10.88345,0.0,15.2,13.6,0.197,12.8,0.15,1.81
2026-10-07,W1272,52.23919,10.88345,0.0,14.0,14.0,0.187,13.1,0.15,2.11
2026-10-08,W1272,52.23919,10.88345,4.27,12.5,13.0,0.22,13.4,0.151,1.34
2026-10-09,W1272,52.23919,10.88345,5.7,9.8,10.4,0.233,11.6,0.153,1.05
2026-10-10,W1272,52.23919,10.88345,2.7,11.6,12.1,0.24,11.7,0.155,1.83
2026-10-11,W1272,52.23919,10.88345,0.45,11.1,10.5,0.237,11.2,0.157,2.0
2026-10-12,W1272,52.23919,10.88345,6.9,10.3,10.1,0.23,10.7,0.158,1.15
2026-10-06,W1273,52.23919,10.91302,0.0,14.4,13.8,0.2,12.9,0.147,1.8
2026-10-07,W1273,52.23919,10.91302,0.0,14.3,14.0,0.188,13.3,0.148,2.15
2026-10-08,W1273,52.23919,10.91302,4.15,12.8,12.9,0.222,13.4,0.148,1.36
2026-10-09,W1273,52.23919,10.91302,5.2,10.0,10.5,0.23,11.6,0.15,1.04
2026-10-10,W1273,52.23919,10.91302,2.7,11.7,12.1,0.236,11.8,0.152,1.81
2026-10-11,W1273,52.23919,10.91302,0.3,11.2,10.5,0.234,11.3,0.154,1.99
2026-10-12,W1273,52.23919,10.91302,6.9,10.4,10.1,0.23,10.7,0.156,1.16
2026-10-06,W1274,52.23919,10.94258,0.0,14.3,13.8,0.2,12.9,0.147,1.8
2026-10-07,W1274,52.23919,10.94258,0.0,14.2,14.0,0.188,13.3,0.148,2.14
2026-10-08,W1274,52.23919,10.94258,4.15,12.7,12.9,0.222,13.4,0.148,1.35
2026-10-09,W1274,52.23919,10.94258,5.2,9.9,10.5,0.23,11.6,0.15,1.04
2026-10-10,W1274,52.23919,10.94258,2.7,11.6,12.1,0.236,11.8,0.152,1.8
2026-10-11,W1274,52.23919,10.94258,0.3,11.0,10.5,0.234,11.3,0.154,1.98
2026-10-12,W1274,52.23919,10.94258,6.9,10.3,10.1,0.23,10.7,0.156,1.15
2026-10-06,W1275,52.23919,10.97214,0.0,14.4,13.9,0.208,13.1,0.154,1.79
2026-10-07,W1275,52.23919,10.97214,0.0,15.1,14.1,0.197,13.4,0.155,2.19
2026-10-08,W1275,52.23919,10.97214,3.93,13.0,13.1,0.24,13.6,0.156,1.33
2026-10-09,W1275,52.23919,10.97214,5.7,10.1,10.6,0.251,11.8,0.158,0.98
2026-10-10,W1275,52.23919,10.97214,2.7,11.7,12.1,0.257,11.8,0.161,1.75
2026-10-11,W1275,52.23919,10.97214,0.3,11.1,10.6,0.252,11.4,0.164,1.97
2026-10-12,W1275,52.23919,10.97214,6.9,10.3,10.2,0.244,10.8,0.167,1.15
2026-10-06,W0161,52.2302,11.0157,0.0,14.5,13.9,0.208,13.1,0.154,1.75
2026-10-07,W0161,52.2302,11.0157,0.0,15.5,14.1,0.197,13.4,0.155,2.13
2026-10-08,W0161,52.2302,11.0157,4.0,13.1,13.1,0.24,13.6,0.156,1.32
2026-10-09,W0161,52.2302,11.0157,5.7,9.9,10.6,0.251,11.8,0.158,0.97
2026-10-10,W0161,52.2302,11.0157,2.7,11.6,12.1,0.257,11.8,0.161,1.74
2026-10-11,W0161,52.2302,11.0157,0.3,11.0,10.6,0.252,11.4,0.164,1.96
2026-10-12,W0161,52.2302,11.0157,6.9,10.2,10.2,0.244,10.8,0.167,1.15
2026-10-06,W0162,52.2302,11.0452,0.0,14.9,13.9,0.208,13.1,0.154,1.72
2026-10-07,W0162,52.2302,11.0452,0.0,14.9,14.1,0.197,13.4,0.155,2.07
2026-10-08,W0162,52.2302,11.0452,3.88,12.9,13.1,0.24,13.6,0.156,1.31
2026-10-09,W0162,52.2302,11.0452,5.9,9.6,10.6,0.251,11.8,0.158,0.95
2026-10-10,W0162,52.2302,11.0452,2.7,11.3,12.1,0.257,11.8,0.161,1.7
2026-10-11,W0162,52.2302,11.0452,0.3,10.6,10.6,0.252,11.4,0.164,1.92
2026-10-12,W0162,52.2302,11.0452,6.9,9.8,10.2,0.244,10.8,0.167,1.13
2026-10-06,W0163,52.2302,11.0747,0.0,14.7,13.9,0.211,13.0,0.145,1.71
2026-10-07,W0163,52.2302,11.0747,0.0,14.6,13.9,0.199,13.3,0.146,2.06
2026-10-08,W0163,52.2302,11.0747,3.78,12.9,12.9,0.247,13.4,0.147,1.3
2026-10-09,W0163,52.2302,11.0747,5.9,9.7,10.6,0.256,11.7,0.151,0.95
2026-10-10,W0163,52.2302,11.0747,2.7,11.4,12.1,0.273,11.8,0.155,1.7
2026-10-11,W0163,52.2302,11.0747,0.3,10.7,10.6,0.265,11.4,0.16,1.92
2026-10-12,W0163,52.2302,11.0747,7.2,9.8,10.1,0.261,10.7,0.164,1.09
2026-10-06,W0164,52.2302,11.1043,0.0,14.8,13.9,0.211,13.0,0.145,1.72
2026-10-07,W0164,52.2302,11.1043,0.0,14.3,13.9,0.199,13.3,0.146,2.13
2026-10-08,W0164,52.2302,11.1043,3.55,13.1,12.9,0.247,13.4,0.147,1.33
2026-10-09,W0164,52.2302,11.1043,6.1,10.1,10.6,0.256,11.7,0.151,1.03
2026-10-10,W0164,52.2302,11.1043,3.0,11.8,12.1,0.273,11.8,0.155,1.8
2026-10-11,W0164,52.2302,11.1043,0.3,11.1,10.6,0.265,11.4,0.16,1.97
2026-10-12,W0164,52.2302,11.1043,7.2,10.2,10.1,0.261,10.7,0.164,1.11
2026-10-06,W1276,52.23919,11.11997,0.0,14.4,13.9,0.209,13.1,0.148,1.75
2026-10-07,W1276,52.23919,11.11997,0.0,14.3,14.0,0.197,13.3,0.149,2.15
2026-10-08,W1276,52.23919,11.11997,3.32,13.0,13.1,0.248,13.5,0.15,1.33
2026-10-09,W1276,52.23919,11.11997,6.1,10.1,10.7,0.258,11.8,0.155,1.03
2026-10-10,W1276,52.23919,11.11997,3.0,11.8,12.3,0.257,11.9,0.158,1.8
2026-10-11,W1276,52.23919,11.11997,0.3,11.1,10.7,0.251,11.5,0.161,1.97
2026-10-12,W1276,52.23919,11.11997,7.2,10.1,10.2,0.247,10.8,0.163,1.11
2026-10-06,W1277,52.23919,11.14953,0.0,14.5,13.9,0.209,13.1,0.148,1.73
2026-10-07,W1277,52.23919,11.14953,0.0,14.9,14.0,0.197,13.3,0.149,2.17
2026-10-08,W1277,52.23919,11.14953,3.43,13.1,13.1,0.248,13.5,0.15,1.34
2026-10-09,W1277,52.23919,11.14953,6.1,10.1,10.7,0.258,11.8,0.155,1.03
2026-10-10,W1277,52.23919,11.14953,3.0,11.8,12.3,0.257,11.9,0.158,1.8
2026-10-11,W1277,52.23919,11.14953,0.3,11.1,10.7,0.251,11.5,0.161,1.97
2026-10-12,W1277,52.23919,11.14953,7.2,10.1,10.2,0.247,10.8,0.163,1.1
2026-10-06,W1278,52.25721,10.11478,0.0,15.1,13.8,0.238,13.1,0.226,1.88
2026-10-07,W1278,52.25721,10.11478,0.0,15.4,13.8,0.227,13.3,0.224,2.07
2026-10-08,W1278,52.25721,10.11478,8.18,13.0,12.9,0.284,13.5,0.224,1.33
2026-10-09,W1278,52.25721,10.11478,7.0,10.0,10.4,0.297,11.5,0.229,0.92
2026-10-10,W1278,52.25721,10.11478,6.0,11.7,12.1,0.322,11.8,0.234,1.65
2026-10-11,W1278,52.25721,10.11478,1.05,11.1,10.5,0.321,11.2,0.242,1.96
2026-10-12,W1278,52.25721,10.11478,3.0,10.8,10.2,0.312,10.7,0.248,1.57
2026-10-06,W0165,52.2482,10.1591,0.0,15.0,13.8,0.238,13.1,0.226,1.85
2026-10-07,W0165,52.2482,10.1591,0.0,14.9,13.8,0.227,13.3,0.224,2.01
2026-10-08,W0165,52.2482,10.1591,7.37,13.1,12.9,0.284,13.5,0.224,1.36
2026-10-09,W0165,52.2482,10.1591,6.4,9.9,10.4,0.297,11.5,0.229,0.92
2026-10-10,W0165,52.2482,10.1591,5.1,11.7,12.1,0.322,11.8,0.234,1.69
2026-10-11,W0165,52.2482,10.1591,1.2,11.1,10.5,0.321,11.2,0.242,1.97
2026-10-12,W0165,52.2482,10.1591,3.0,10.8,10.2,0.312,10.7,0.248,1.57
2026-10-06,W0181,52.2662,10.1886,0.0,15.3,13.8,0.238,13.1,0.226,1.89
2026-10-07,W0181,52.2662,10.1886,0.0,15.4,13.8,0.227,13.3,0.224,2.02
2026-10-08,W0181,52.2662,10.1886,7.55,13.3,12.9,0.284,13.5,0.224,1.38
2026-10-09,W0181,52.2662,10.1886,6.4,9.9,10.4,0.297,11.5,0.229,0.92
2026-10-10,W0181,52.2662,10.1886,5.1,11.7,12.1,0.322,11.8,0.234,1.7
2026-10-11,W0181,52.2662,10.1886,1.8,11.3,10.5,0.321,11.2,0.242,2.04
2026-10-12,W0181,52.2662,10.1886,4.2,11.0,10.2,0.312,10.7,0.248,1.53
2026-10-06,W1279,52.25721,10.20347,0.0,15.3,13.8,0.238,13.1,0.226,1.88
2026-10-07,W1279,52.25721,10.20347,0.0,15.5,13.8,0.227,13.3,0.224,2.03
2026-10-08,W1279,52.25721,10.20347,7.55,13.3,12.9,0.284,13.5,0.224,1.37
2026-10-09,W1279,52.25721,10.20347,6.4,10.0,10.4,0.297,11.5,0.229,0.93
2026-10-10,W1279,52.25721,10.20347,5.1,11.8,12.1,0.322,11.8,0.234,1.7
2026-10-11,W1279,52.25721,10.20347,1.8,11.3,10.5,0.321,11.2,0.242,2.04
2026-10-12,W1279,52.25721,10.20347,4.2,11.0,10.2,0.312,10.7,0.248,1.53
2026-10-06,W0182,52.2662,10.2477,0.0,15.5,13.8,0.204,12.8,0.167,1.76
2026-10-07,W0182,52.2662,10.2477,0.0,15.9,13.6,0.193,12.9,0.167,2.09
2026-10-08,W0182,52.2662,10.2477,6.95,13.1,12.7,0.286,13.1,0.17,1.34
2026-10-09,W0182,52.2662,10.2477,5.4,9.8,10.4,0.292,11.3,0.179,0.93
2026-10-10,W0182,52.2662,10.2477,4.8,11.7,12.1,0.299,11.6,0.186,1.71
2026-10-11,W0182,52.2662,10.2477,1.8,11.3,10.5,0.289,11.1,0.192,2.04
2026-10-12,W0182,52.2662,10.2477,4.2,11.0,10.2,0.278,10.6,0.197,1.53
2026-10-06,W0183,52.2662,10.2772,0.0,15.1,13.8,0.204,12.8,0.167,1.72
2026-10-07,W0183,52.2662,10.2772,0.0,15.5,13.6,0.193,12.9,0.167,2.09
2026-10-08,W0183,52.2662,10.2772,5.98,12.8,12.7,0.286,13.1,0.17,1.32
2026-10-09,W0183,52.2662,10.2772,5.4,9.7,10.4,0.292,11.3,0.179,0.93
2026-10-10,W0183,52.2662,10.2772,4.8,11.6,12.1,0.299,11.6,0.186,1.7
2026-10-11,W0183,52.2662,10.2772,1.8,11.2,10.5,0.289,11.1,0.192,2.03
2026-10-12,W0183,52.2662,10.2772,4.2,10.9,10.2,0.278,10.6,0.197,1.52
2026-10-06,W0184,52.2662,10.3068,0.0,15.2,13.8,0.204,12.8,0.167,1.73
2026-10-07,W0184,52.2662,10.3068,0.0,15.7,13.6,0.193,12.9,0.167,2.1
2026-10-08,W0184,52.2662,10.3068,6.03,13.0,12.7,0.286,13.1,0.17,1.36
2026-10-09,W0184,52.2662,10.3068,5.0,9.9,10.4,0.292,11.3,0.179,0.95
2026-10-10,W0184,52.2662,10.3068,4.2,11.8,12.1,0.299,11.6,0.186,1.75
2026-10-11,W0184,52.2662,10.3068,1.65,11.3,10.5,0.289,11.1,0.192,2.05
2026-10-12,W0184,52.2662,10.3068,4.2,11.0,10.2,0.278,10.6,0.197,1.53
2026-10-06,W1280,52.25721,10.32173,0.0,15.1,13.8,0.204,12.8,0.167,1.71
2026-10-07,W1280,52.25721,10.32173,0.0,15.6,13.6,0.193,12.9,0.167,2.13
2026-10-08,W1280,52.25721,10.32173,6.2,13.0,12.7,0.286,13.1,0.17,1.37
2026-10-09,W1280,52.25721,10.32173,5.0,9.9,10.4,0.292,11.3,0.179,0.95
2026-10-10,W1280,52.25721,10.32173,4.2,11.8,12.1,0.299,11.6,0.186,1.75
2026-10-11,W1280,52.25721,10.32173,1.8,11.2,10.5,0.289,11.1,0.192,1.97
2026-10-12,W1280,52.25721,10.32173,6.3,10.6,10.2,0.278,10.6,0.197,1.29
2026-10-06,W1281,52.25721,10.3513,0.0,14.9,13.8,0.204,12.8,0.167,1.7
2026-10-07,W1281,52.25721,10.3513,0.0,15.6,13.6,0.193,12.9,0.167,2.12
2026-10-08,W1281,52.25721,10.3513,6.5,13.1,12.7,0.286,13.1,0.17,1.37
2026-10-09,W1281,52.25721,10.3513,4.4,9.8,10.4,0.292,11.3,0.179,0.95
2026-10-10,W1281,52.25721,10.3513,3.9,11.7,12.1,0.299,11.6,0.186,1.72
2026-10-11,W1281,52.25721,10.3513,1.95,11.2,10.5,0.289,11.1,0.192,1.96
2026-10-12,W1281,52.25721,10.3513,6.3,10.5,10.2,0.278,10.6,0.197,1.29
2026-10-06,W1282,52.25721,10.38086,0.0,14.7,13.8,0.204,12.8,0.167,1.66
2026-10-07,W1282,52.25721,10.38086,0.0,15.5,13.6,0.193,12.9,0.167,2.14
2026-10-08,W1282,52.25721,10.38086,6.8,13.0,12.7,0.286,13.1,0.17,1.36
2026-10-09,W1282,52.25721,10.38086,4.4,9.9,10.4,0.292,11.3,0.179,0.95
2026-10-10,W1282,52.25721,10.38086,3.9,11.8,12.1,0.299,11.6,0.186,1.73
2026-10-11,W1282,52.25721,10.38086,1.95,11.2,10.5,0.289,11.1,0.192,1.96
2026-10-12,W1282,52.25721,10.38086,6.3,10.6,10.2,0.278,10.6,0.197,1.29
2026-10-06,W1283,52.25721,10.41042,0.0,15.1,14.2,0.178,13.4,0.151,1.64
2026-10-07,W1283,52.25721,10.41042,0.0,16.2,14.7,0.165,13.8,0.151,2.25
2026-10-08,W1283,52.25721,10.41042,7.0,13.3,13.1,0.231,14.0,0.152,1.39
2026-10-09,W1283,52.25721,10.41042,4.1,9.9,10.4,0.248,11.9,0.154,0.97
2026-10-10,W1283,52.25721,10.41042,3.3,11.7,12.3,0.267,12.0,0.158,1.75
2026-10-11,W1283,52.25721,10.41042,2.1,11.2,10.6,0.257,11.6,0.162,1.96
2026-10-12,W1283,52.25721,10.41042,6.3,10.6,10.4,0.243,11.1,0.165,1.29
2026-10-06,W0166,52.2482,10.4545,0.0,15.3,14.2,0.178,13.4,0.151,1.62
2026-10-07,W0166,52.2482,10.4545,0.0,15.8,14.7,0.165,13.8,0.151,2.16
2026-10-08,W0166,52.2482,10.4545,7.48,13.1,13.1,0.231,14.0,0.152,1.34
2026-10-09,W0166,52.2482,10.4545,4.1,9.7,10.4,0.248,11.9,0.154,0.97
2026-10-10,W0166,52.2482,10.4545,3.3,11.6,12.3,0.267,12.0,0.158,1.74
2026-10-11,W0166,52.2482,10.4545,1.8,11.1,10.6,0.257,11.6,0.162,1.95
2026-10-12,W0166,52.2482,10.4545,8.4,10.3,10.4,0.243,11.1,0.165,1.19
2026-10-06,W1285,52.25721,10.46955,0.0,15.3,14.2,0.178,13.4,0.151,1.63
2026-10-07,W1285,52.25721,10.46955,0.0,16.2,14.7,0.165,13.8,0.151,2.2
2026-10-08,W1285,52.25721,10.46955,7.18,13.2,13.1,0.231,14.0,0.152,1.36
2026-10-09,W1285,52.25721,10.46955,3.4,9.9,10.4,0.248,11.9,0.154,0.97
2026-10-10,W1285,52.25721,10.46955,3.0,11.7,12.3,0.267,12.0,0.158,1.74
2026-10-11,W1285,52.25721,10.46955,1.8,11.2,10.6,0.257,11.6,0.162,1.94
2026-10-12,W1285,52.25721,10.46955,8.4,10.4,10.4,0.243,11.1,0.165,1.2
2026-10-06,W0167,52.2482,10.5135,0.0,15.5,14.2,0.178,13.4,0.151,1.65
2026-10-07,W0167,52.2482,10.5135,0.0,16.1,14.7,0.165,13.8,0.151,2.21
2026-10-08,W0167,52.2482,10.5135,6.95,13.4,13.1,0.231,14.0,0.152,1.38
2026-10-09,W0167,52.2482,10.5135,3.4,9.9,10.4,0.248,11.9,0.154,0.97
2026-10-10,W0167,52.2482,10.5135,3.0,11.8,12.3,0.267,12.0,0.158,1.75
2026-10-11,W0167,52.2482,10.5135,1.8,11.3,10.6,0.257,11.6,0.162,1.95
2026-10-12,W0167,52.2482,10.5135,8.4,10.5,10.4,0.243,11.1,0.165,1.2
2026-10-06,W1287,52.25721,10.52868,0.0,15.7,14.2,0.178,13.4,0.151,1.65
2026-10-07,W1287,52.25721,10.52868,0.0,16.4,14.7,0.165,13.8,0.151,2.22
2026-10-08,W1287,52.25721,10.52868,7.12,13.5,13.1,0.231,14.0,0.152,1.39
2026-10-09,W1287,52.25721,10.52868,3.4,9.9,10.4,0.248,11.9,0.154,0.97
2026-10-10,W1287,52.25721,10.52868,3.0,11.8,12.3,0.267,12.0,0.158,1.75
2026-10-11,W1287,52.25721,10.52868,1.8,11.3,10.6,0.257,11.6,0.162,1.95
2026-10-12,W1287,52.25721,10.52868,8.4,10.5,10.4,0.243,11.1,0.165,1.2
2026-10-06,W1288,52.25721,10.55825,0.0,15.2,14.2,0.178,13.4,0.151,1.63
2026-10-07,W1288,52.25721,10.55825,0.0,16.2,14.7,0.165,13.8,0.151,2.22
2026-10-08,W1288,52.25721,10.55825,6.88,13.4,13.1,0.231,14.0,0.152,1.39
2026-10-09,W1288,52.25721,10.55825,3.2,9.9,10.4,0.248,11.9,0.154,1.0
2026-10-10,W1288,52.25721,10.55825,3.0,11.7,12.3,0.267,12.0,0.158,1.77
2026-10-11,W1288,52.25721,10.55825,1.8,11.2,10.6,0.257,11.6,0.162,1.94
2026-10-12,W1288,52.25721,10.55825,8.4,10.4,10.4,0.243,11.1,0.165,1.19
2026-10-06,W0185,52.2662,10.6021,0.0,14.7,13.6,0.196,12.6,0.156,1.61
2026-10-07,W0185,52.2662,10.6021,0.0,15.8,14.0,0.185,12.9,0.156,2.22
2026-10-08,W0185,52.2662,10.6021,6.53,13.3,12.9,0.238,13.2,0.157,1.42
2026-10-09,W0185,52.2662,10.6021,3.6,9.8,10.3,0.251,11.3,0.16,1.01
2026-10-10,W0185,52.2662,10.6021,3.3,11.5,12.0,0.261,11.5,0.163,1.78
2026-10-11,W0185,52.2662,10.6021,1.35,11.1,10.4,0.255,11.1,0.166,1.97
2026-10-12,W0185,52.2662,10.6021,7.2,10.4,10.2,0.244,10.6,0.169,1.21
2026-10-06,W0186,52.2662,10.6317,0.0,15.0,13.6,0.196,12.6,0.156,1.65
2026-10-07,W0186,52.2662,10.6317,0.0,16.4,14.0,0.185,12.9,0.156,2.34
2026-10-08,W0186,52.2662,10.6317,7.03,13.5,12.9,0.238,13.2,0.157,1.46
2026-10-09,W0186,52.2662,10.6317,3.6,9.9,10.3,0.251,11.3,0.16,1.02
2026-10-10,W0186,52.2662,10.6317,3.3,11.7,12.0,0.261,11.5,0.163,1.79
2026-10-11,W0186,52.2662,10.6317,1.35,11.2,10.4,0.255,11.1,0.166,1.99
2026-10-12,W0186,52.2662,10.6317,7.2,10.5,10.2,0.244,10.6,0.169,1.22
2026-10-06,W0187,52.2662,10.6612,0.0,14.8,13.6,0.196,12.6,0.156,1.65
2026-10-07,W0187,52.2662,10.6612,0.0,16.2,14.0,0.185,12.9,0.156,2.33
2026-10-08,W0187,52.2662,10.6612,6.95,13.3,12.9,0.238,13.2,0.157,1.4
2026-10-09,W0187,52.2662,10.6612,4.3,9.8,10.3,0.251,11.3,0.16,0.95
2026-10-10,W0187,52.2662,10.6612,3.6,11.5,12.0,0.261,11.5,0.163,1.69
2026-10-11,W0187,52.2662,10.6612,0.9,11.0,10.4,0.255,11.1,0.166,1.94
2026-10-12,W0187,52.2662,10.6612,7.2,10.3,10.2,0.244,10.6,0.169,1.21
2026-10-06,W0170,52.2482,10.6908,0.0,15.5,13.6,0.196,12.6,0.156,1.8
2026-10-07,W0170,52.2482,10.6908,0.0,17.4,14.0,0.185,12.9,0.156,2.58
2026-10-08,W0170,52.2482,10.6908,6.25,13.8,12.9,0.238,13.2,0.157,1.53
2026-10-09,W0170,52.2482,10.6908,4.3,9.7,10.3,0.251,11.3,0.16,0.95
2026-10-10,W0170,52.2482,10.6908,3.6,11.4,12.0,0.261,11.5,0.163,1.68
2026-10-11,W0170,52.2482,10.6908,0.9,10.9,10.4,0.255,11.1,0.166,1.94
2026-10-12,W0170,52.2482,10.6908,7.2,10.2,10.2,0.244,10.6,0.169,1.21
2026-10-06,W0188,52.2662,10.7203,0.0,15.8,13.6,0.196,12.6,0.156,1.82
2026-10-07,W0188,52.2662,10.7203,0.0,16.6,14.0,0.185,12.9,0.156,2.39
2026-10-08,W0188,52.2662,10.7203,5.98,13.8,12.9,0.238,13.2,0.157,1.43
2026-10-09,W0188,52.2662,10.7203,4.6,9.8,10.3,0.251,11.3,0.16,0.91
2026-10-10,W0188,52.2662,10.7203,3.0,11.4,12.0,0.261,11.5,0.163,1.63
2026-10-11,W0188,52.2662,10.7203,0.9,10.9,10.4,0.255,11.1,0.166,1.93
2026-10-12,W0188,52.2662,10.7203,7.2,10.2,10.2,0.244,10.6,0.169,1.21
2026-10-06,W0171,52.2482,10.7498,0.0,15.3,13.6,0.197,12.8,0.15,1.8
2026-10-07,W0171,52.2482,10.7498,0.0,16.8,14.0,0.187,13.1,0.15,2.52
2026-10-08,W0171,52.2482,10.7498,6.02,13.4,13.0,0.22,13.4,0.151,1.45
2026-10-09,W0171,52.2482,10.7498,4.6,9.3,10.4,0.233,11.6,0.153,0.89
2026-10-10,W0171,52.2482,10.7498,3.0,11.0,12.1,0.24,11.7,0.155,1.6
2026-10-11,W0171,52.2482,10.7498,0.9,10.5,10.5,0.237,11.2,0.157,1.89
2026-10-12,W0171,52.2482,10.7498,7.2,9.8,10.1,0.23,10.7,0.158,1.19
2026-10-06,W0172,52.2482,10.7794,0.0,15.6,13.6,0.197,12.8,0.15,1.81
2026-10-07,W0172,52.2482,10.7794,0.0,16.3,14.0,0.187,13.1,0.15,2.34
2026-10-08,W0172,52.2482,10.7794,6.33,13.3,13.0,0.22,13.4,0.151,1.39
2026-10-09,W0172,52.2482,10.7794,4.6,9.3,10.4,0.233,11.6,0.153,0.89
2026-10-10,W0172,52.2482,10.7794,3.0,11.0,12.1,0.24,11.7,0.155,1.6
2026-10-11,W0172,52.2482,10.7794,0.9,10.5,10.5,0.237,11.2,0.157,1.89
2026-10-12,W0172,52.2482,10.7794,7.2,9.8,10.1,0.23,10.7,0.158,1.18
2026-10-06,W0173,52.2482,10.8089,0.0,16.0,13.6,0.197,12.8,0.15,1.79
2026-10-07,W0173,52.2482,10.8089,0.0,16.4,14.0,0.187,13.1,0.15,2.29
2026-10-08,W0173,52.2482,10.8089,5.07,13.4,13.0,0.22,13.4,0.151,1.43
2026-10-09,W0173,52.2482,10.8089,5.0,9.7,10.4,0.233,11.6,0.153,0.96
2026-10-10,W0173,52.2482,10.8089,3.0,11.4,12.1,0.24,11.7,0.155,1.69
2026-10-11,W0173,52.2482,10.8089,1.05,10.8,10.5,0.237,11.2,0.157,1.93
2026-10-12,W0173,52.2482,10.8089,7.2,10.1,10.1,0.23,10.7,0.158,1.2
2026-10-06,W1293,52.25721,10.82432,0.0,15.8,13.6,0.197,12.8,0.15,1.76
2026-10-07,W1293,52.25721,10.82432,0.0,15.2,14.0,0.187,13.1,0.15,2.2
2026-10-08,W1293,52.25721,10.82432,5.15,13.0,13.0,0.22,13.4,0.151,1.33
2026-10-09,W1293,52.25721,10.82432,5.0,9.9,10.4,0.233,11.6,0.153,0.97
2026-10-10,W1293,52.25721,10.82432,3.0,11.5,12.1,0.24,11.7,0.155,1.7
2026-10-11,W1293,52.25721,10.82432,0.45,11.1,10.5,0.237,11.2,0.157,1.98
2026-10-12,W1293,52.25721,10.82432,6.9,10.2,10.1,0.23,10.7,0.158,1.15
2026-10-06,W0189,52.2662,10.868,0.0,14.6,13.6,0.197,12.8,0.15,1.74
2026-10-07,W0189,52.2662,10.868,0.0,14.6,14.0,0.187,13.1,0.15,2.18
2026-10-08,W0189,52.2662,10.868,4.55,12.6,13.0,0.22,13.4,0.151,1.37
2026-10-09,W0189,52.2662,10.868,5.7,10.0,10.4,0.233,11.6,0.153,1.06
2026-10-10,W0189,52.2662,10.868,2.7,11.7,12.1,0.24,11.7,0.155,1.84
2026-10-11,W0189,52.2662,10.868,0.45,11.2,10.5,0.237,11.2,0.157,2.01
2026-10-12,W0189,52.2662,10.868,6.9,10.4,10.1,0.23,10.7,0.158,1.16
2026-10-06,W0190,52.2662,10.8975,0.0,13.6,13.9,0.208,13.1,0.154,1.71
2026-10-07,W0190,52.2662,10.8975,0.0,13.9,14.1,0.197,13.4,0.155,2.18
2026-10-08,W0190,52.2662,10.8975,4.3,12.4,13.1,0.24,13.6,0.156,1.35
2026-10-09,W0190,52.2662,10.8975,5.7,9.7,10.6,0.251,11.8,0.158,1.04
2026-10-10,W0190,52.2662,10.8975,2.7,11.4,12.1,0.257,11.8,0.161,1.82
2026-10-11,W0190,52.2662,10.8975,0.45,10.9,10.6,0.252,11.4,0.164,1.98
2026-10-12,W0190,52.2662,10.8975,6.9,10.1,10.2,0.244,10.8,0.167,1.15
2026-10-06,W1294,52.25721,10.91302,0.0,13.9,13.9,0.208,13.1,0.154,1.72
2026-10-07,W1294,52.25721,10.91302,0.0,14.2,14.1,0.197,13.4,0.155,2.2
2026-10-08,W1294,52.25721,10.91302,4.25,12.7,13.1,0.24,13.6,0.156,1.35
2026-10-09,W1294,52.25721,10.91302,5.2,10.0,10.6,0.251,11.8,0.158,1.04
2026-10-10,W1294,52.25721,10.91302,2.7,11.7,12.1,0.257,11.8,0.161,1.81
2026-10-11,W1294,52.25721,10.91302,0.3,11.1,10.6,0.252,11.4,0.164,1.99
2026-10-12,W1294,52.25721,10.91302,6.9,10.4,10.2,0.244,10.8,0.167,1.16
2026-10-06,W0191,52.2662,10.9566,0.0,14.3,13.9,0.208,13.1,0.154,1.72
2026-10-07,W0191,52.2662,10.9566,0.0,15.0,14.1,0.197,13.4,0.155,2.26
2026-10-08,W0191,52.2662,10.9566,4.6,13.0,13.1,0.24,13.6,0.156,1.4
2026-10-09,W0191,52.2662,10.9566,5.2,10.0,10.6,0.251,11.8,0.158,1.04
2026-10-10,W0191,52.2662,10.9566,2.7,11.7,12.1,0.257,11.8,0.161,1.81
2026-10-11,W0191,52.2662,10.9566,0.3,11.1,10.6,0.252,11.4,0.164,1.99
2026-10-12,W0191,52.2662,10.9566,6.9,10.3,10.2,0.244,10.8,0.167,1.15
2026-10-06,W0192,52.2662,10.9861,0.0,14.4,13.9,0.208,13.1,0.154,1.7
2026-10-07,W0192,52.2662,10.9861,0.0,15.1,14.1,0.197,13.4,0.155,2.22
2026-10-08,W0192,52.2662,10.9861,5.33,12.7,13.1,0.24,13.6,0.156,1.33
2026-10-09,W0192,52.2662,10.9861,5.7,9.7,10.6,0.251,11.8,0.158,0.96
2026-10-10,W0192,52.2662,10.9861,2.7,11.4,12.1,0.257,11.8,0.161,1.72
2026-10-11,W0192,52.2662,10.9861,0.3,10.7,10.6,0.252,11.4,0.164,1.94
2026-10-12,W0192,52.2662,10.9861,6.9,9.9,10.2,0.244,10.8,0.167,1.14
2026-10-06,W0193,52.2662,11.0157,0.0,15.2,13.9,0.208,13.1,0.154,1.67
2026-10-07,W0193,52.2662,11.0157,0.0,15.6,14.1,0.197,13.4,0.155,2.18
2026-10-08,W0193,52.2662,11.0157,5.05,13.1,13.1,0.24,13.6,0.156,1.36
2026-10-09,W0193,52.2662,11.0157,5.7,9.7,10.6,0.251,11.8,0.158,0.97
2026-10-10,W0193,52.2662,11.0157,2.7,11.4,12.1,0.257,11.8,0.161,1.73
2026-10-11,W0193,52.2662,11.0157,0.3,10.8,10.6,0.252,11.4,0.164,1.94
2026-10-12,W0193,52.2662,11.0157,6.9,10.0,10.2,0.244,10.8,0.167,1.14
2026-10-06,W0194,52.2662,11.0452,0.0,15.3,13.9,0.208,13.1,0.154,1.67
2026-10-07,W0194,52.2662,11.0452,0.0,15.0,14.1,0.197,13.4,0.155,2.11
2026-10-08,W0194,52.2662,11.0452,5.27,13.0,13.1,0.24,13.6,0.156,1.32
2026-10-09,W0194,52.2662,11.0452,5.9,9.8,10.6,0.251,11.8,0.158,0.96
2026-10-10,W0194,52.2662,11.0452,2.7,11.5,12.1,0.257,11.8,0.161,1.71
2026-10-11,W0194,52.2662,11.0452,0.3,10.8,10.6,0.252,11.4,0.164,1.94
2026-10-12,W0194,52.2662,11.0452,6.9,10.0,10.2,0.244,10.8,0.167,1.14
2026-10-06,W0195,52.2662,11.0747,0.0,15.3,13.9,0.209,13.1,0.148,1.65
2026-10-07,W0195,52.2662,11.0747,0.0,14.8,14.0,0.197,13.3,0.149,2.17
2026-10-08,W0195,52.2662,11.0747,5.05,13.0,13.1,0.248,13.5,0.15,1.33
2026-10-09,W0195,52.2662,11.0747,5.9,10.1,10.7,0.258,11.8,0.155,0.97
2026-10-10,W0195,52.2662,11.0747,2.7,11.8,12.3,0.257,11.9,0.158,1.73
2026-10-11,W0195,52.2662,11.0747,0.3,11.1,10.7,0.251,11.5,0.161,1.95
2026-10-12,W0195,52.2662,11.0747,7.2,10.2,10.2,0.247,10.8,0.163,1.11
2026-10-06,W0196,52.2662,11.1043,0.0,14.9,13.9,0.209,13.1,0.148,1.66
2026-10-07,W0196,52.2662,11.1043,0.0,14.9,14.0,0.197,13.3,0.149,2.19
2026-10-08,W0196,52.2662,11.1043,5.22,13.0,13.1,0.248,13.5,0.15,1.35
2026-10-09,W0196,52.2662,11.1043,6.1,10.1,10.7,0.258,11.8,0.155,1.03
2026-10-10,W0196,52.2662,11.1043,3.0,11.8,12.3,0.257,11.9,0.158,1.8
2026-10-11,W0196,52.2662,11.1043,0.3,11.1,10.7,0.251,11.5,0.161,1.97
2026-10-12,W0196,52.2662,11.1043,7.2,10.1,10.2,0.247,10.8,0.163,1.11
2026-10-06,W0197,52.2662,11.1338,0.0,14.3,13.9,0.209,13.1,0.148,1.66
2026-10-07,W0197,52.2662,11.1338,0.0,14.8,14.0,0.197,13.3,0.149,2.09
2026-10-08,W0197,52.2662,11.1338,5.95,12.8,13.1,0.248,13.5,0.15,1.32
2026-10-09,W0197,52.2662,11.1338,6.1,9.7,10.7,0.258,11.8,0.155,1.01
2026-10-10,W0197,52.2662,11.1338,3.0,11.4,12.3,0.257,11.9,0.158,1.77
2026-10-11,W0197,52.2662,11.1338,0.3,10.7,10.7,0.251,11.5,0.161,1.94
2026-10-12,W0197,52.2662,11.1338,7.2,9.7,10.2,0.247,10.8,0.163,1.09
2026-10-06,W1606,52.25721,11.14953,0.0,14.2,13.9,0.209,13.1,0.148,1.66
2026-10-07,W1606,52.25721,11.14953,0.0,14.7,14.0,0.197,13.3,0.149,2.09
2026-10-08,W1606,52.25721,11.14953,5.95,12.8,13.1,0.248,13.5,0.15,1.32
2026-10-09,W1606,52.25721,11.14953,6.1,9.7,10.7,0.258,11.8,0.155,1.01
2026-10-10,W1606,52.25721,11.14953,3.0,11.4,12.3,0.257,11.9,0.158,1.77
2026-10-11,W1606,52.25721,11.14953,0.3,10.7,10.7,0.251,11.5,0.161,1.94
2026-10-12,W1606,52.25721,11.14953,7.2,9.7,10.2,0.247,10.8,0.163,1.09
2026-10-06,W0198,52.2842,10.1,0.0,15.5,13.8,0.238,13.1,0.226,1.75
2026-10-07,W0198,52.2842,10.1,0.0,15.9,13.8,0.227,13.3,0.224,2.1
2026-10-08,W0198,52.2842,10.1,8.98,13.1,12.9,0.284,13.5,0.224,1.38
2026-10-09,W0198,52.2842,10.1,7.0,10.1,10.4,0.297,11.5,0.229,0.91
2026-10-10,W0198,52.2842,10.1,5.1,11.7,12.1,0.322,11.8,0.234,1.55
2026-10-11,W0198,52.2842,10.1,1.05,11.1,10.5,0.321,11.2,0.242,1.93
2026-10-12,W0198,52.2842,10.1,3.0,10.9,10.2,0.312,10.7,0.248,1.57
2026-10-06,W1295,52.27523,10.14435,0.0,15.3,13.8,0.238,13.1,0.226,1.75
2026-10-07,W1295,52.27523,10.14435,0.0,15.9,13.8,0.227,13.3,0.224,2.11
2026-10-08,W1295,52.27523,10.14435,9.55,13.0,12.9,0.284,13.5,0.224,1.32
2026-10-09,W1295,52.27523,10.14435,7.0,10.0,10.4,0.297,11.5,0.229,0.93
2026-10-10,W1295,52.27523,10.14435,6.0,11.8,12.1,0.322,11.8,0.234,1.66
2026-10-11,W1295,52.27523,10.14435,1.05,11.1,10.5,0.321,11.2,0.242,1.97
2026-10-12,W1295,52.27523,10.14435,3.0,10.9,10.2,0.312,10.7,0.248,1.57
2026-10-06,W0199,52.2842,10.1886,0.0,15.2,13.8,0.238,13.1,0.226,1.71
2026-10-07,W0199,52.2842,10.1886,0.0,15.6,13.8,0.227,13.3,0.224,2.05
2026-10-08,W0199,52.2842,10.1886,8.75,13.0,12.9,0.284,13.5,0.224,1.34
2026-10-09,W0199,52.2842,10.1886,6.1,10.0,10.4,0.297,11.5,0.229,0.91
2026-10-10,W0199,52.2842,10.1886,5.1,11.7,12.1,0.322,11.8,0.234,1.56
2026-10-11,W0199,52.2842,10.1886,1.8,11.2,10.5,0.321,11.2,0.242,1.99
2026-10-12,W0199,52.2842,10.1886,4.2,10.9,10.2,0.312,10.7,0.248,1.52
2026-10-06,W1296,52.27523,10.20347,0.0,15.3,13.8,0.238,13.1,0.226,1.73
2026-10-07,W1296,52.27523,10.20347,0.0,15.6,13.8,0.227,13.3,0.224,2.06
2026-10-08,W1296,52.27523,10.20347,9.03,13.0,12.9,0.284,13.5,0.224,1.32
2026-10-09,W1296,52.27523,10.20347,6.4,10.0,10.4,0.297,11.5,0.229,0.93
2026-10-10,W1296,52.27523,10.20347,5.1,11.8,12.1,0.322,11.8,0.234,1.7
2026-10-11,W1296,52.27523,10.20347,1.8,11.3,10.5,0.321,11.2,0.242,2.04
2026-10-12,W1296,52.27523,10.20347,4.2,11.0,10.2,0.312,10.7,0.248,1.53
2026-10-06,W0200,52.2842,10.2477,0.0,15.4,13.8,0.204,12.8,0.167,1.74
2026-10-07,W0200,52.2842,10.2477,0.0,15.7,13.6,0.193,12.9,0.167,2.11
2026-10-08,W0200,52.2842,10.2477,7.05,13.0,12.7,0.286,13.1,0.17,1.37
2026-10-09,W0200,52.2842,10.2477,5.1,10.0,10.4,0.292,11.3,0.179,0.93
2026-10-10,W0200,52.2842,10.2477,4.8,11.7,12.1,0.299,11.6,0.186,1.61
2026-10-11,W0200,52.2842,10.2477,1.8,11.3,10.5,0.289,11.1,0.192,2.0
2026-10-12,W0200,52.2842,10.2477,4.2,11.0,10.2,0.278,10.6,0.197,1.53
2026-10-06,W1297,52.27523,10.2626,0.0,15.2,13.8,0.204,12.8,0.167,1.71
2026-10-07,W1297,52.27523,10.2626,0.0,15.4,13.6,0.193,12.9,0.167,2.1
2026-10-08,W1297,52.27523,10.2626,6.93,12.8,12.7,0.286,13.1,0.17,1.31
2026-10-09,W1297,52.27523,10.2626,5.4,9.7,10.4,0.292,11.3,0.179,0.93
2026-10-10,W1297,52.27523,10.2626,4.8,11.6,12.1,0.299,11.6,0.186,1.7
2026-10-11,W1297,52.27523,10.2626,1.8,11.2,10.5,0.289,11.1,0.192,2.04
2026-10-12,W1297,52.27523,10.2626,4.2,10.9,10.2,0.278,10.6,0.197,1.52
2026-10-06,W1298,52.27523,10.29217,0.0,15.2,13.8,0.204,12.8,0.167,1.71
2026-10-07,W1298,52.27523,10.29217,0.0,15.6,13.6,0.193,12.9,0.167,2.13
2026-10-08,W1298,52.27523,10.29217,6.03,13.0,12.7,0.286,13.1,0.17,1.35
2026-10-09,W1298,52.27523,10.29217,5.0,9.9,10.4,0.292,11.3,0.179,0.95
2026-10-10,W1298,52.27523,10.29217,4.2,11.8,12.1,0.299,11.6,0.186,1.75
2026-10-11,W1298,52.27523,10.29217,1.65,11.3,10.5,0.289,11.1,0.192,2.05
2026-10-12,W1298,52.27523,10.29217,4.2,11.0,10.2,0.278,10.6,0.197,1.53
2026-10-06,W0201,52.2842,10.3363,0.0,15.0,13.8,0.204,12.8,0.167,1.7
2026-10-07,W0201,52.2842,10.3363,0.0,15.5,13.6,0.193,12.9,0.167,2.15
2026-10-08,W0201,52.2842,10.3363,5.85,12.9,12.7,0.286,13.1,0.17,1.38
2026-10-09,W0201,52.2842,10.3363,5.3,9.8,10.4,0.292,11.3,0.179,0.9
2026-10-10,W0201,52.2842,10.3363,4.5,11.6,12.1,0.299,11.6,0.186,1.6
2026-10-11,W0201,52.2842,10.3363,1.95,11.1,10.5,0.289,11.1,0.192,1.92
2026-10-12,W0201,52.2842,10.3363,6.3,10.5,10.2,0.278,10.6,0.197,1.28
2026-10-06,W0202,52.2842,10.3658,0.0,14.9,13.8,0.204,12.8,0.167,1.69
2026-10-07,W0202,52.2842,10.3658,0.0,15.5,13.6,0.193,12.9,0.167,2.13
2026-10-08,W0202,52.2842,10.3658,6.2,12.9,12.7,0.286,13.1,0.17,1.36
2026-10-09,W0202,52.2842,10.3658,4.3,9.9,10.4,0.292,11.3,0.179,0.92
2026-10-10,W0202,52.2842,10.3658,3.6,11.7,12.1,0.299,11.6,0.186,1.62
2026-10-11,W0202,52.2842,10.3658,1.95,11.2,10.5,0.289,11.1,0.192,1.93
2026-10-12,W0202,52.2842,10.3658,6.3,10.6,10.2,0.278,10.6,0.197,1.29
2026-10-06,W0203,52.2842,10.3954,0.0,14.5,13.4,0.22,12.4,0.21,1.65
2026-10-07,W0203,52.2842,10.3954,0.0,15.9,13.2,0.209,12.6,0.208,2.2
2026-10-08,W0203,52.2842,10.3954,7.13,13.1,12.6,0.288,12.9,0.209,1.4
2026-10-09,W0203,52.2842,10.3954,4.3,9.8,10.3,0.302,11.2,0.216,0.92
2026-10-10,W0203,52.2842,10.3954,3.6,11.6,12.1,0.332,11.5,0.225,1.61
2026-10-11,W0203,52.2842,10.3954,1.95,11.1,10.5,0.314,11.1,0.235,1.93
2026-10-12,W0203,52.2842,10.3954,6.3,10.6,10.2,0.295,10.6,0.239,1.29
2026-10-06,W1299,52.27523,10.41042,0.0,14.6,14.2,0.178,13.4,0.151,1.65
2026-10-07,W1299,52.27523,10.41042,0.0,16.0,14.7,0.165,13.8,0.151,2.2
2026-10-08,W1299,52.27523,10.41042,7.33,13.2,13.1,0.231,14.0,0.152,1.37
2026-10-09,W1299,52.27523,10.41042,4.1,9.9,10.4,0.248,11.9,0.154,0.97
2026-10-10,W1299,52.27523,10.41042,3.3,11.8,12.3,0.267,12.0,0.158,1.76
2026-10-11,W1299,52.27523,10.41042,2.1,11.3,10.6,0.257,11.6,0.162,1.96
2026-10-12,W1299,52.27523,10.41042,6.3,10.6,10.4,0.243,11.1,0.165,1.29
2026-10-06,W0204,52.2842,10.4545,0.0,15.1,14.2,0.178,13.4,0.151,1.63
2026-10-07,W0204,52.2842,10.4545,0.0,16.2,14.7,0.165,13.8,0.151,2.17
2026-10-08,W0204,52.2842,10.4545,7.68,13.2,13.1,0.231,14.0,0.152,1.39
2026-10-09,W0204,52.2842,10.4545,4.0,9.8,10.4,0.248,11.9,0.154,0.91
2026-10-10,W0204,52.2842,10.4545,3.6,11.6,12.3,0.267,12.0,0.158,1.61
2026-10-11,W0204,52.2842,10.4545,1.65,11.2,10.6,0.257,11.6,0.162,1.92
2026-10-12,W0204,52.2842,10.4545,8.4,10.4,10.4,0.243,11.1,0.165,1.19
2026-10-06,W1300,52.27523,10.46955,0.0,15.2,14.2,0.178,13.4,0.151,1.64
2026-10-07,W1300,52.27523,10.46955,0.0,16.3,14.7,0.165,13.8,0.151,2.17
2026-10-08,W1300,52.27523,10.46955,7.8,13.3,13.1,0.231,14.0,0.152,1.38
2026-10-09,W1300,52.27523,10.46955,3.4,9.9,10.4,0.248,11.9,0.154,0.97
2026-10-10,W1300,52.27523,10.46955,3.0,11.8,12.3,0.267,12.0,0.158,1.75
2026-10-11,W1300,52.27523,10.46955,1.8,11.3,10.6,0.257,11.6,0.162,1.95
2026-10-12,W1300,52.27523,10.46955,8.4,10.5,10.4,0.243,11.1,0.165,1.2
2026-10-06,W0205,52.2842,10.5135,0.0,15.7,14.2,0.178,13.4,0.151,1.64
2026-10-07,W0205,52.2842,10.5135,0.0,16.6,14.7,0.165,13.8,0.151,2.25
2026-10-08,W0205,52.2842,10.5135,7.58,13.5,13.1,0.231,14.0,0.152,1.4
2026-10-09,W0205,52.2842,10.5135,4.0,9.9,10.4,0.248,11.9,0.154,0.93
2026-10-10,W0205,52.2842,10.5135,3.6,11.7,12.3,0.267,12.0,0.158,1.66
2026-10-11,W0205,52.2842,10.5135,1.35,11.3,10.6,0.257,11.6,0.162,1.94
2026-10-12,W0205,52.2842,10.5135,8.4,10.5,10.4,0.243,11.1,0.165,1.2
2026-10-06,W0206,52.2842,10.5431,0.0,15.3,14.2,0.178,13.4,0.151,1.63
2026-10-07,W0206,52.2842,10.5431,0.0,16.1,14.7,0.165,13.8,0.151,2.2
2026-10-08,W0206,52.2842,10.5431,6.85,13.5,13.1,0.231,14.0,0.152,1.35
2026-10-09,W0206,52.2842,10.5431,4.0,10.0,10.4,0.248,11.9,0.154,0.94
2026-10-10,W0206,52.2842,10.5431,3.0,11.7,12.3,0.267,12.0,0.158,1.65
2026-10-11,W0206,52.2842,10.5431,1.35,11.3,10.6,0.257,11.6,0.162,1.93
2026-10-12,W0206,52.2842,10.5431,8.4,10.5,10.4,0.243,11.1,0.165,1.2
2026-10-06,W0207,52.2842,10.5726,0.0,15.0,13.6,0.196,12.6,0.156,1.62
2026-10-07,W0207,52.2842,10.5726,0.0,15.7,14.0,0.185,12.9,0.156,2.18
2026-10-08,W0207,52.2842,10.5726,6.78,13.4,12.9,0.238,13.2,0.157,1.37
2026-10-09,W0207,52.2842,10.5726,4.0,9.9,10.3,0.251,11.3,0.16,0.94
2026-10-10,W0207,52.2842,10.5726,3.0,11.7,12.0,0.261,11.5,0.163,1.64
2026-10-11,W0207,52.2842,10.5726,1.05,11.3,10.4,0.255,11.1,0.166,1.96
2026-10-12,W0207,52.2842,10.5726,7.2,10.6,10.2,0.244,10.6,0.169,1.22
2026-10-06,W0208,52.2842,10.6021,0.0,14.7,13.6,0.196,12.6,0.156,1.61
2026-10-07,W0208,52.2842,10.6021,0.0,15.7,14.0,0.185,12.9,0.156,2.18
2026-10-08,W0208,52.2842,10.6021,6.55,13.3,12.9,0.238,13.2,0.157,1.36
2026-10-09,W0208,52.2842,10.6021,4.1,9.8,10.3,0.251,11.3,0.16,0.98
2026-10-10,W0208,52.2842,10.6021,2.7,11.6,12.0,0.261,11.5,0.163,1.67
2026-10-11,W0208,52.2842,10.6021,1.05,11.2,10.4,0.255,11.1,0.166,1.97
2026-10-12,W0208,52.2842,10.6021,7.2,10.5,10.2,0.244,10.6,0.169,1.22
2026-10-06,W0209,52.2842,10.6317,0.0,14.5,13.6,0.196,12.6,0.156,1.61
2026-10-07,W0209,52.2842,10.6317,0.0,15.8,14.0,0.185,12.9,0.156,2.21
2026-10-08,W0209,52.2842,10.6317,6.73,13.2,12.9,0.238,13.2,0.157,1.36
2026-10-09,W0209,52.2842,10.6317,4.1,9.7,10.3,0.251,11.3,0.16,0.97
2026-10-10,W0209,52.2842,10.6317,2.7,11.5,12.0,0.261,11.5,0.163,1.66
2026-10-11,W0209,52.2842,10.6317,1.05,11.1,10.4,0.255,11.1,0.166,1.96
2026-10-12,W0209,52.2842,10.6317,7.2,10.4,10.2,0.244,10.6,0.169,1.21
2026-10-06,W1301,52.27523,10.64694,0.0,14.7,13.6,0.196,12.6,0.156,1.61
2026-10-07,W1301,52.27523,10.64694,0.0,15.9,14.0,0.185,12.9,0.156,2.22
2026-10-08,W1301,52.27523,10.64694,6.68,13.4,12.9,0.238,13.2,0.157,1.41
2026-10-09,W1301,52.27523,10.64694,3.6,9.9,10.3,0.251,11.3,0.16,1.02
2026-10-10,W1301,52.27523,10.64694,3.3,11.7,12.0,0.261,11.5,0.163,1.79
2026-10-11,W1301,52.27523,10.64694,1.35,11.2,10.4,0.255,11.1,0.166,1.98
2026-10-12,W1301,52.27523,10.64694,7.2,10.5,10.2,0.244,10.6,0.169,1.22
2026-10-06,W1302,52.27523,10.6765,0.0,15.1,13.6,0.196,12.6,0.156,1.67
2026-10-07,W1302,52.27523,10.6765,0.0,16.1,14.0,0.185,12.9,0.156,2.31
2026-10-08,W1302,52.27523,10.6765,7.77,13.6,12.9,0.238,13.2,0.157,1.39
2026-10-09,W1302,52.27523,10.6765,4.3,10.0,10.3,0.251,11.3,0.16,0.96
2026-10-10,W1302,52.27523,10.6765,3.6,11.7,12.0,0.261,11.5,0.163,1.7
2026-10-11,W1302,52.27523,10.6765,0.9,11.2,10.4,0.255,11.1,0.166,1.96
2026-10-12,W1302,52.27523,10.6765,7.2,10.5,10.2,0.244,10.6,0.169,1.22
2026-10-06,W0210,52.2842,10.7203,0.0,15.3,13.6,0.196,12.6,0.156,1.71
2026-10-07,W0210,52.2842,10.7203,0.0,16.4,14.0,0.185,12.9,0.156,2.33
2026-10-08,W0210,52.2842,10.7203,6.72,13.8,12.9,0.238,13.2,0.157,1.43
2026-10-09,W0210,52.2842,10.7203,4.5,9.8,10.3,0.251,11.3,0.16,1.0
2026-10-10,W0210,52.2842,10.7203,2.4,11.5,12.0,0.261,11.5,0.163,1.74
2026-10-11,W0210,52.2842,10.7203,0.9,11.1,10.4,0.255,11.1,0.166,1.97
2026-10-12,W0210,52.2842,10.7203,7.2,10.4,10.2,0.244,10.6,0.169,1.21
2026-10-06,W1303,52.27523,10.73563,0.0,15.1,13.6,0.197,12.8,0.15,1.7
2026-10-07,W1303,52.27523,10.73563,0.0,16.2,14.0,0.187,13.1,0.15,2.31
2026-10-08,W1303,52.27523,10.73563,6.62,13.6,13.0,0.22,13.4,0.151,1.35
2026-10-09,W1303,52.27523,10.73563,4.6,9.7,10.4,0.233,11.6,0.153,0.91
2026-10-10,W1303,52.27523,10.73563,3.0,11.4,12.1,0.24,11.7,0.155,1.63
2026-10-11,W1303,52.27523,10.73563,0.9,10.9,10.5,0.237,11.2,0.157,1.92
2026-10-12,W1303,52.27523,10.73563,7.2,10.2,10.1,0.23,10.7,0.158,1.21
2026-10-06,W1304,52.27523,10.76519,0.0,15.8,13.6,0.197,12.8,0.15,1.78
2026-10-07,W1304,52.27523,10.76519,0.0,16.1,14.0,0.187,13.1,0.15,2.27
2026-10-08,W1304,52.27523,10.76519,6.3,13.6,13.0,0.22,13.4,0.151,1.32
2026-10-09,W1304,52.27523,10.76519,4.6,9.9,10.4,0.233,11.6,0.153,0.91
2026-10-10,W1304,52.27523,10.76519,3.0,11.5,12.1,0.24,11.7,0.155,1.64
2026-10-11,W1304,52.27523,10.76519,0.9,11.0,10.5,0.237,11.2,0.157,1.93
2026-10-12,W1304,52.27523,10.76519,7.2,10.3,10.1,0.23,10.7,0.158,1.21
2026-10-06,W0211,52.2842,10.8089,0.0,14.4,13.6,0.197,12.8,0.15,1.68
2026-10-07,W0211,52.2842,10.8089,0.0,14.6,14.0,0.187,13.1,0.15,2.18
2026-10-08,W0211,52.2842,10.8089,5.77,12.8,13.0,0.22,13.4,0.151,1.33
2026-10-09,W0211,52.2842,10.8089,4.5,9.8,10.4,0.233,11.6,0.153,1.0
2026-10-10,W0211,52.2842,10.8089,2.1,11.5,12.1,0.24,11.7,0.155,1.74
2026-10-11,W0211,52.2842,10.8089,0.9,11.0,10.5,0.237,11.2,0.157,1.96
2026-10-12,W0211,52.2842,10.8089,7.2,10.4,10.1,0.23,10.7,0.158,1.21
2026-10-06,W0212,52.2842,10.8384,0.0,14.8,13.6,0.197,12.8,0.15,1.68
2026-10-07,W0212,52.2842,10.8384,0.0,14.9,14.0,0.187,13.1,0.15,2.21
2026-10-08,W0212,52.2842,10.8384,5.3,12.9,13.0,0.22,13.4,0.151,1.37
2026-10-09,W0212,52.2842,10.8384,4.5,9.9,10.4,0.233,11.6,0.153,1.0
2026-10-10,W0212,52.2842,10.8384,2.1,11.6,12.1,0.24,11.7,0.155,1.74
2026-10-11,W0212,52.2842,10.8384,0.3,11.2,10.5,0.237,11.2,0.157,2.01
2026-10-12,W0212,52.2842,10.8384,6.9,10.4,10.1,0.23,10.7,0.158,1.16
2026-10-06,W0213,52.2842,10.868,0.0,13.8,13.6,0.197,12.8,0.15,1.69
2026-10-07,W0213,52.2842,10.868,0.0,14.1,14.0,0.187,13.1,0.15,2.14
2026-10-08,W0213,52.2842,10.868,4.87,12.2,13.0,0.22,13.4,0.151,1.29
2026-10-09,W0213,52.2842,10.868,4.8,9.5,10.4,0.233,11.6,0.153,0.98
2026-10-10,W0213,52.2842,10.868,2.1,11.2,12.1,0.24,11.7,0.155,1.7
2026-10-11,W0213,52.2842,10.868,0.3,10.7,10.5,0.237,11.2,0.157,1.95
2026-10-12,W0213,52.2842,10.868,6.9,9.9,10.1,0.23,10.7,0.158,1.13
2026-10-06,W0214,52.2842,10.8975,0.0,14.1,13.4,0.214,12.4,0.183,1.68
2026-10-07,W0214,52.2842,10.8975,0.0,15.0,13.4,0.203,12.6,0.183,2.19
2026-10-08,W0214,52.2842,10.8975,4.48,12.8,12.8,0.276,13.0,0.184,1.35
2026-10-09,W0214,52.2842,10.8975,4.8,9.9,10.3,0.284,11.2,0.19,1.0
2026-10-10,W0214,52.2842,10.8975,2.1,11.6,11.8,0.296,11.3,0.195,1.73
2026-10-11,W0214,52.2842,10.8975,0.3,11.1,10.4,0.287,10.9,0.201,1.99
2026-10-12,W0214,52.2842,10.8975,6.9,10.2,10.0,0.273,10.4,0.204,1.15
2026-10-06,W1305,52.27523,10.91302,0.0,13.8,13.9,0.208,13.1,0.154,1.69
2026-10-07,W1305,52.27523,10.91302,0.0,14.4,14.1,0.197,13.4,0.155,2.17
2026-10-08,W1305,52.27523,10.91302,4.0,12.5,13.1,0.24,13.6,0.156,1.35
2026-10-09,W1305,52.27523,10.91302,5.2,9.8,10.6,0.251,11.8,0.158,1.03
2026-10-10,W1305,52.27523,10.91302,2.7,11.5,12.1,0.257,11.8,0.161,1.79
2026-10-11,W1305,52.27523,10.91302,0.3,10.9,10.6,0.252,11.4,0.164,1.97
2026-10-12,W1305,52.27523,10.91302,6.9,10.1,10.2,0.244,10.8,0.167,1.15
2026-10-06,W1306,52.27523,10.94258,0.0,14.2,13.9,0.208,13.1,0.154,1.71
2026-10-07,W1306,52.27523,10.94258,0.0,15.2,14.1,0.197,13.4,0.155,2.22
2026-10-08,W1306,52.27523,10.94258,4.03,12.8,13.1,0.24,13.6,0.156,1.38
2026-10-09,W1306,52.27523,10.94258,5.2,9.9,10.6,0.251,11.8,0.158,1.04
2026-10-10,W1306,52.27523,10.94258,2.7,11.6,12.1,0.257,11.8,0.161,1.8
2026-10-11,W1306,52.27523,10.94258,0.3,11.1,10.6,0.252,11.4,0.164,1.99
2026-10-12,W1306,52.27523,10.94258,6.9,10.3,10.2,0.244,10.8,0.167,1.15
2026-10-06,W1307,52.27523,10.97214,0.0,15.0,13.9,0.208,13.1,0.154,1.68
2026-10-07,W1307,52.27523,10.97214,0.0,15.9,14.1,0.197,13.4,0.155,2.22
2026-10-08,W1307,52.27523,10.97214,4.78,13.1,13.1,0.24,13.6,0.156,1.37
2026-10-09,W1307,52.27523,10.97214,5.7,9.9,10.6,0.251,11.8,0.158,0.97
2026-10-10,W1307,52.27523,10.97214,2.7,11.5,12.1,0.257,11.8,0.161,1.74
2026-10-11,W1307,52.27523,10.97214,0.3,10.9,10.6,0.252,11.4,0.164,1.95
2026-10-12,W1307,52.27523,10.97214,6.9,10.1,10.2,0.244,10.8,0.167,1.14
2026-10-06,W0215,52.2842,11.0157,0.0,15.1,13.9,0.208,13.1,0.154,1.67
2026-10-07,W0215,52.2842,11.0157,0.0,15.1,14.1,0.197,13.4,0.155,2.11
2026-10-08,W0215,52.2842,11.0157,5.43,12.8,13.1,0.24,13.6,0.156,1.31
2026-10-09,W0215,52.2842,11.0157,4.9,9.6,10.6,0.251,11.8,0.158,0.99
2026-10-10,W0215,52.2842,11.0157,2.1,11.2,12.1,0.257,11.8,0.161,1.69
2026-10-11,W0215,52.2842,11.0157,0.3,10.6,10.6,0.252,11.4,0.164,1.93
2026-10-12,W0215,52.2842,11.0157,6.9,9.8,10.2,0.244,10.8,0.167,1.13
2026-10-06,W0216,52.2842,11.0452,0.0,15.6,13.9,0.208,13.1,0.154,1.69
2026-10-07,W0216,52.2842,11.0452,0.0,15.6,14.1,0.197,13.4,0.155,2.14
2026-10-08,W0216,52.2842,11.0452,5.37,13.2,13.1,0.24,13.6,0.156,1.36
2026-10-09,W0216,52.2842,11.0452,5.5,10.0,10.6,0.251,11.8,0.158,1.06
2026-10-10,W0216,52.2842,11.0452,2.1,11.7,12.1,0.257,11.8,0.161,1.8
2026-10-11,W0216,52.2842,11.0452,0.3,11.1,10.6,0.252,11.4,0.164,1.98
2026-10-12,W0216,52.2842,11.0452,6.9,10.2,10.2,0.244,10.8,0.167,1.15
2026-10-06,W0217,52.2842,11.0747,0.0,15.1,13.9,0.209,13.1,0.148,1.69
2026-10-07,W0217,52.2842,11.0747,0.0,14.8,14.0,0.197,13.3,0.149,2.2
2026-10-08,W0217,52.2842,11.0747,4.85,12.9,13.1,0.248,13.5,0.15,1.36
2026-10-09,W0217,52.2842,11.0747,5.5,9.9,10.7,0.258,11.8,0.155,1.06
2026-10-10,W0217,52.2842,11.0747,2.1,11.6,12.3,0.257,11.9,0.158,1.79
2026-10-11,W0217,52.2842,11.0747,0.3,11.0,10.7,0.251,11.5,0.161,1.97
2026-10-12,W0217,52.2842,11.0747,7.2,10.1,10.2,0.247,10.8,0.163,1.1
2026-10-06,W0218,52.2842,11.1043,0.0,15.2,13.9,0.209,13.1,0.148,1.69
2026-10-07,W0218,52.2842,11.1043,0.0,14.9,14.0,0.197,13.3,0.149,2.21
2026-10-08,W0218,52.2842,11.1043,4.88,13.0,13.1,0.248,13.5,0.15,1.34
2026-10-09,W0218,52.2842,11.1043,5.5,10.1,10.7,0.258,11.8,0.155,1.05
2026-10-10,W0218,52.2842,11.1043,2.4,11.7,12.3,0.257,11.9,0.158,1.79
2026-10-11,W0218,52.2842,11.1043,0.3,11.1,10.7,0.251,11.5,0.161,1.97
2026-10-12,W0218,52.2842,11.1043,7.2,10.1,10.2,0.247,10.8,0.163,1.1
2026-10-06,W0219,52.2842,11.1338,0.0,15.6,13.9,0.209,13.1,0.148,1.71
2026-10-07,W0219,52.2842,11.1338,0.0,15.6,14.0,0.197,13.3,0.149,2.23
2026-10-08,W0219,52.2842,11.1338,4.9,13.3,13.1,0.248,13.5,0.15,1.39
2026-10-09,W0219,52.2842,11.1338,5.5,10.1,10.7,0.258,11.8,0.155,1.05
2026-10-10,W0219,52.2842,11.1338,2.4,11.8,12.3,0.257,11.9,0.158,1.8
2026-10-11,W0219,52.2842,11.1338,0.3,11.1,10.7,0.251,11.5,0.161,1.97
2026-10-12,W0219,52.2842,11.1338,7.2,10.1,10.2,0.247,10.8,0.163,1.11
2026-10-06,W1308,52.27523,11.14953,0.0,15.3,13.9,0.209,13.1,0.148,1.7
2026-10-07,W1308,52.27523,11.14953,0.0,15.4,14.0,0.197,13.3,0.149,2.21
2026-10-08,W1308,52.27523,11.14953,4.87,13.2,13.1,0.248,13.5,0.15,1.41
2026-10-09,W1308,52.27523,11.14953,6.1,9.9,10.7,0.258,11.8,0.155,1.02
2026-10-10,W1308,52.27523,11.14953,3.0,11.6,12.3,0.257,11.9,0.158,1.79
2026-10-11,W1308,52.27523,11.14953,0.3,10.9,10.7,0.251,11.5,0.161,1.95
2026-10-12,W1308,52.27523,11.14953,7.2,9.9,10.2,0.247,10.8,0.163,1.1
2026-10-06,W1309,52.29324,10.11478,0.0,15.5,13.8,0.238,13.1,0.226,1.75
2026-10-07,W1309,52.29324,10.11478,0.0,16.0,13.8,0.227,13.3,0.224,2.13
2026-10-08,W1309,52.29324,10.11478,9.05,13.1,12.9,0.284,13.5,0.224,1.39
2026-10-09,W1309,52.29324,10.11478,7.0,10.1,10.4,0.297,11.5,0.229,0.91
2026-10-10,W1309,52.29324,10.11478,5.1,11.7,12.1,0.322,11.8,0.234,1.55
2026-10-11,W1309,52.29324,10.11478,1.05,11.1,10.5,0.321,11.2,0.242,1.93
2026-10-12,W1309,52.29324,10.11478,3.0,10.9,10.2,0.312,10.7,0.248,1.58
2026-10-06,W1310,52.29324,10.14435,0.0,15.5,13.8,0.238,13.1,0.226,1.75
2026-10-07,W1310,52.29324,10.14435,0.0,16.0,13.8,0.227,13.3,0.224,2.13
2026-10-08,W1310,52.29324,10.14435,9.05,13.1,12.9,0.284,13.5,0.224,1.39
2026-10-09,W1310,52.29324,10.14435,7.0,10.1,10.4,0.297,11.5,0.229,0.91
2026-10-10,W1310,52.29324,10.14435,5.1,11.7,12.1,0.322,11.8,0.234,1.55
2026-10-11,W1310,52.29324,10.14435,1.05,11.1,10.5,0.321,11.2,0.242,1.93
2026-10-12,W1310,52.29324,10.14435,3.0,10.9,10.2,0.312,10.7,0.248,1.57
2026-10-06,W1311,52.29324,10.17391,0.0,15.2,13.8,0.238,13.1,0.226,1.7
2026-10-07,W1311,52.29324,10.17391,0.0,15.7,13.8,0.227,13.3,0.224,2.08
2026-10-08,W1311,52.29324,10.17391,8.55,12.9,12.9,0.284,13.5,0.224,1.34
2026-10-09,W1311,52.29324,10.17391,6.1,10.0,10.4,0.297,11.5,0.229,0.91
2026-10-10,W1311,52.29324,10.17391,5.1,11.7,12.1,0.322,11.8,0.234,1.56
2026-10-11,W1311,52.29324,10.17391,1.2,11.1,10.5,0.321,11.2,0.242,1.93
2026-10-12,W1311,52.29324,10.17391,3.0,10.8,10.2,0.312,10.7,0.248,1.57
2026-10-06,W1312,52.29324,10.20347,0.0,15.3,13.9,0.214,12.9,0.18,1.71
2026-10-07,W1312,52.29324,10.20347,0.0,15.8,14.0,0.202,13.3,0.18,2.09
2026-10-08,W1312,52.29324,10.20347,8.55,13.0,13.0,0.259,13.5,0.181,1.34
2026-10-09,W1312,52.29324,10.20347,6.1,10.1,10.4,0.274,11.6,0.185,0.91
2026-10-10,W1312,52.29324,10.20347,5.1,11.8,12.2,0.295,11.8,0.19,1.57
2026-10-11,W1312,52.29324,10.20347,1.8,11.3,10.6,0.284,11.4,0.196,2.0
2026-10-12,W1312,52.29324,10.20347,4.2,11.1,10.3,0.27,10.8,0.199,1.53
2026-10-06,W1313,52.29324,10.23304,0.0,15.3,13.9,0.214,12.9,0.18,1.7
2026-10-07,W1313,52.29324,10.23304,0.0,15.9,14.0,0.202,13.3,0.18,2.11
2026-10-08,W1313,52.29324,10.23304,9.0,13.0,13.0,0.259,13.5,0.181,1.35
2026-10-09,W1313,52.29324,10.23304,5.1,10.0,10.4,0.274,11.6,0.185,0.93
2026-10-10,W1313,52.29324,10.23304,4.8,11.7,12.2,0.295,11.8,0.19,1.61
2026-10-11,W1313,52.29324,10.23304,1.8,11.3,10.6,0.284,11.4,0.196,2.0
2026-10-12,W1313,52.29324,10.23304,4.2,11.0,10.3,0.27,10.8,0.199,1.53
2026-10-06,W1314,52.29324,10.2626,0.0,15.1,13.8,0.204,12.8,0.167,1.7
2026-10-07,W1314,52.29324,10.2626,0.0,15.6,13.6,0.193,12.9,0.167,2.11
2026-10-08,W1314,52.29324,10.2626,7.25,12.8,12.7,0.286,13.1,0.17,1.35
2026-10-09,W1314,52.29324,10.2626,5.1,9.9,10.4,0.292,11.3,0.179,0.93
2026-10-10,W1314,52.29324,10.2626,4.8,11.6,12.1,0.299,11.6,0.186,1.6
2026-10-11,W1314,52.29324,10.2626,1.8,11.2,10.5,0.289,11.1,0.192,1.99
2026-10-12,W1314,52.29324,10.2626,4.2,10.9,10.2,0.278,10.6,0.197,1.53
2026-10-06,W1315,52.29324,10.29217,0.0,15.2,13.8,0.204,12.8,0.167,1.69
2026-10-07,W1315,52.29324,10.29217,0.0,15.9,13.6,0.193,12.9,0.167,2.14
2026-10-08,W1315,52.29324,10.29217,6.9,13.0,12.7,0.286,13.1,0.17,1.37
2026-10-09,W1315,52.29324,10.29217,5.3,9.9,10.4,0.292,11.3,0.179,0.91
2026-10-10,W1315,52.29324,10.29217,4.5,11.7,12.1,0.299,11.6,0.186,1.61
2026-10-11,W1315,52.29324,10.29217,1.8,11.3,10.5,0.289,11.1,0.192,2.0
2026-10-12,W1315,52.29324,10.29217,4.2,11.0,10.2,0.278,10.6,0.197,1.53
2026-10-06,W1316,52.29324,10.32173,0.0,15.3,13.8,0.204,12.8,0.167,1.7
2026-10-07,W1316,52.29324,10.32173,0.0,15.8,13.6,0.193,12.9,0.167,2.12
2026-10-08,W1316,52.29324,10.32173,6.13,13.0,12.7,0.286,13.1,0.17,1.36
2026-10-09,W1316,52.29324,10.32173,5.3,9.9,10.4,0.292,11.3,0.179,0.91
2026-10-10,W1316,52.29324,10.32173,4.5,11.7,12.1,0.299,11.6,0.186,1.61
2026-10-11,W1316,52.29324,10.32173,1.95,11.2,10.5,0.289,11.1,0.192,1.93
2026-10-12,W1316,52.29324,10.32173,6.3,10.6,10.2,0.278,10.6,0.197,1.29
2026-10-06,W1317,52.29324,10.3513,0.0,14.9,13.8,0.204,12.8,0.167,1.65
2026-10-07,W1317,52.29324,10.3513,0.0,15.3,13.6,0.193,12.9,0.167,2.06
2026-10-08,W1317,52.29324,10.3513,5.9,12.8,12.7,0.286,13.1,0.17,1.34
2026-10-09,W1317,52.29324,10.3513,4.3,9.8,10.4,0.292,11.3,0.179,0.92
2026-10-10,W1317,52.29324,10.3513,3.6,11.6,12.1,0.299,11.6,0.186,1.61
2026-10-11,W1317,52.29324,10.3513,1.95,11.1,10.5,0.289,11.1,0.192,1.92
2026-10-12,W1317,52.29324,10.3513,6.3,10.5,10.2,0.278,10.6,0.197,1.29
2026-10-06,W1318,52.29324,10.38086,0.0,15.1,13.4,0.22,12.4,0.21,1.67
2026-10-07,W1318,52.29324,10.38086,0.0,15.7,13.2,0.209,12.6,0.208,2.1
2026-10-08,W1318,52.29324,10.38086,6.18,13.0,12.6,0.288,12.9,0.209,1.36
2026-10-09,W1318,52.29324,10.38086,4.3,9.9,10.3,0.302,11.2,0.216,0.92
2026-10-10,W1318,52.29324,10.38086,3.6,11.7,12.1,0.332,11.5,0.225,1.62
2026-10-11,W1318,52.29324,10.38086,1.95,11.2,10.5,0.314,11.1,0.235,1.93
2026-10-12,W1318,52.29324,10.38086,6.3,10.6,10.2,0.295,10.6,0.239,1.29
2026-10-06,W1319,52.29324,10.41042,0.0,14.9,14.2,0.178,13.4,0.151,1.67
2026-10-07,W1319,52.29324,10.41042,0.0,16.1,14.7,0.165,13.8,0.151,2.18
2026-10-08,W1319,52.29324,10.41042,7.73,13.2,13.1,0.231,14.0,0.152,1.39
2026-10-09,W1319,52.29324,10.41042,4.0,9.9,10.4,0.248,11.9,0.154,0.92
2026-10-10,W1319,52.29324,10.41042,3.6,11.6,12.3,0.267,12.0,0.158,1.61
2026-10-11,W1319,52.29324,10.41042,1.95,11.2,10.6,0.257,11.6,0.162,1.93
2026-10-12,W1319,52.29324,10.41042,6.3,10.6,10.4,0.243,11.1,0.165,1.29
2026-10-06,W1320,52.29324,10.43999,0.0,14.8,14.2,0.178,13.4,0.151,1.67
2026-10-07,W1320,52.29324,10.43999,0.0,15.9,14.7,0.165,13.8,0.151,2.16
2026-10-08,W1320,52.29324,10.43999,7.8,13.1,13.1,0.231,14.0,0.152,1.39
2026-10-09,W1320,52.29324,10.43999,4.0,9.8,10.4,0.248,11.9,0.154,0.91
2026-10-10,W1320,52.29324,10.43999,3.6,11.6,12.3,0.267,12.0,0.158,1.61
2026-10-11,W1320,52.29324,10.43999,1.65,11.2,10.6,0.257,11.6,0.162,1.93
2026-10-12,W1320,52.29324,10.43999,8.4,10.4,10.4,0.243,11.1,0.165,1.2
2026-10-06,W1321,52.29324,10.46955,0.0,14.8,14.2,0.178,13.4,0.151,1.67
2026-10-07,W1321,52.29324,10.46955,0.0,15.9,14.7,0.165,13.8,0.151,2.16
2026-10-08,W1321,52.29324,10.46955,7.88,13.1,13.1,0.231,14.0,0.152,1.36
2026-10-09,W1321,52.29324,10.46955,4.0,9.8,10.4,0.248,11.9,0.154,0.93
2026-10-10,W1321,52.29324,10.46955,3.6,11.6,12.3,0.267,12.0,0.158,1.65
2026-10-11,W1321,52.29324,10.46955,1.35,11.2,10.6,0.257,11.6,0.162,1.93
2026-10-12,W1321,52.29324,10.46955,8.4,10.4,10.4,0.243,11.1,0.165,1.2
2026-10-06,W1322,52.29324,10.49912,0.0,15.3,14.2,0.178,13.4,0.151,1.64
2026-10-07,W1322,52.29324,10.49912,0.0,16.1,14.7,0.165,13.8,0.151,2.19
2026-10-08,W1322,52.29324,10.49912,7.77,13.3,13.1,0.231,14.0,0.152,1.37
2026-10-09,W1322,52.29324,10.49912,4.0,9.9,10.4,0.248,11.9,0.154,0.94
2026-10-10,W1322,52.29324,10.49912,3.6,11.7,12.3,0.267,12.0,0.158,1.66
2026-10-11,W1322,52.29324,10.49912,1.35,11.3,10.6,0.257,11.6,0.162,1.94
2026-10-12,W1322,52.29324,10.49912,8.4,10.6,10.4,0.243,11.1,0.165,1.2
2026-10-06,W1323,52.29324,10.52868,0.0,15.0,13.8,0.202,12.8,0.186,1.6
2026-10-07,W1323,52.29324,10.52868,0.0,15.6,14.0,0.191,13.2,0.185,2.11
2026-10-08,W1323,52.29324,10.52868,7.7,13.2,13.0,0.281,13.5,0.187,1.36
2026-10-09,W1323,52.29324,10.52868,4.0,9.8,10.5,0.288,11.6,0.194,0.93
2026-10-10,W1323,52.29324,10.52868,3.6,11.6,12.2,0.302,11.8,0.199,1.65
2026-10-11,W1323,52.29324,10.52868,1.35,11.2,10.6,0.291,11.4,0.206,1.93
2026-10-12,W1323,52.29324,10.52868,8.4,10.4,10.4,0.275,10.9,0.209,1.2
2026-10-06,W1324,52.29324,10.55825,0.0,14.8,13.8,0.202,12.8,0.186,1.6
2026-10-07,W1324,52.29324,10.55825,0.0,15.5,14.0,0.191,13.2,0.185,2.11
2026-10-08,W1324,52.29324,10.55825,7.6,13.3,13.0,0.281,13.5,0.187,1.32
2026-10-09,W1324,52.29324,10.55825,4.0,10.0,10.5,0.288,11.6,0.194,0.94
2026-10-10,W1324,52.29324,10.55825,3.0,11.7,12.2,0.302,11.8,0.199,1.65
2026-10-11,W1324,52.29324,10.55825,1.35,11.3,10.6,0.291,11.4,0.206,1.93
2026-10-12,W1324,52.29324,10.55825,8.4,10.5,10.4,0.275,10.9,0.209,1.2
2026-10-06,W1325,52.29324,10.58781,0.0,14.8,13.6,0.196,12.6,0.156,1.6
2026-10-07,W1325,52.29324,10.58781,0.0,15.5,14.0,0.185,12.9,0.156,2.14
2026-10-08,W1325,52.29324,10.58781,6.83,13.3,12.9,0.238,13.2,0.157,1.34
2026-10-09,W1325,52.29324,10.58781,4.0,10.0,10.3,0.251,11.3,0.16,0.94
2026-10-10,W1325,52.29324,10.58781,3.0,11.7,12.0,0.261,11.5,0.163,1.65
2026-10-11,W1325,52.29324,10.58781,1.05,11.3,10.4,0.255,11.1,0.166,1.97
2026-10-12,W1325,52.29324,10.58781,7.2,10.6,10.2,0.244,10.6,0.169,1.22
2026-10-06,W1326,52.29324,10.61737,0.0,14.7,13.6,0.196,12.6,0.156,1.6
2026-10-07,W1326,52.29324,10.61737,0.0,15.6,14.0,0.185,12.9,0.156,2.16
2026-10-08,W1326,52.29324,10.61737,6.78,13.4,12.9,0.238,13.2,0.157,1.35
2026-10-09,W1326,52.29324,10.61737,4.1,9.9,10.3,0.251,11.3,0.16,0.98
2026-10-10,W1326,52.29324,10.61737,2.7,11.7,12.0,0.261,11.5,0.163,1.68
2026-10-11,W1326,52.29324,10.61737,1.05,11.3,10.4,0.255,11.1,0.166,1.98
2026-10-12,W1326,52.29324,10.61737,7.2,10.6,10.2,0.244,10.6,0.169,1.22
2026-10-06,W1327,52.29324,10.64694,0.0,14.6,13.6,0.196,12.6,0.156,1.59
2026-10-07,W1327,52.29324,10.64694,0.0,15.5,14.0,0.185,12.9,0.156,2.15
2026-10-08,W1327,52.29324,10.64694,6.78,13.3,12.9,0.238,13.2,0.157,1.34
2026-10-09,W1327,52.29324,10.64694,4.1,9.8,10.3,0.251,11.3,0.16,0.97
2026-10-10,W1327,52.29324,10.64694,2.7,11.5,12.0,0.261,11.5,0.163,1.67
2026-10-11,W1327,52.29324,10.64694,1.05,11.1,10.4,0.255,11.1,0.166,1.97
2026-10-12,W1327,52.29324,10.64694,7.2,10.4,10.2,0.244,10.6,0.169,1.22
2026-10-06,W1328,52.29324,10.6765,0.0,14.8,13.6,0.196,12.6,0.156,1.63
2026-10-07,W1328,52.29324,10.6765,0.0,15.6,14.0,0.185,12.9,0.156,2.22
2026-10-08,W1328,52.29324,10.6765,7.38,13.3,12.9,0.238,13.2,0.157,1.33
2026-10-09,W1328,52.29324,10.6765,4.2,9.7,10.3,0.251,11.3,0.16,0.98
2026-10-10,W1328,52.29324,10.6765,2.7,11.4,12.0,0.261,11.5,0.163,1.67
2026-10-11,W1328,52.29324,10.6765,0.9,11.1,10.4,0.255,11.1,0.166,1.97
2026-10-12,W1328,52.29324,10.6765,7.2,10.4,10.2,0.244,10.6,0.169,1.22
2026-10-06,W1329,52.29324,10.70607,0.0,14.6,13.6,0.21,12.6,0.187,1.64
2026-10-07,W1329,52.29324,10.70607,0.0,15.3,13.7,0.199,12.9,0.187,2.21
2026-10-08,W1329,52.29324,10.70607,7.4,13.1,13.0,0.261,13.3,0.187,1.27
2026-10-09,W1329,52.29324,10.70607,4.2,9.8,10.5,0.273,11.5,0.191,0.98
2026-10-10,W1329,52.29324,10.70607,2.7,11.4,12.1,0.285,11.7,0.194,1.67
2026-10-11,W1329,52.29324,10.70607,0.9,11.1,10.6,0.284,11.2,0.199,1.97
2026-10-12,W1329,52.29324,10.70607,7.2,10.5,10.2,0.283,10.7,0.203,1.22
2026-10-06,W1330,52.29324,10.73563,0.0,14.9,13.6,0.21,12.6,0.187,1.68
2026-10-07,W1330,52.29324,10.73563,0.0,15.3,13.7,0.199,12.9,0.187,2.27
2026-10-08,W1330,52.29324,10.73563,6.95,13.0,13.0,0.261,13.3,0.187,1.33
2026-10-09,W1330,52.29324,10.73563,4.5,9.8,10.5,0.273,11.5,0.191,1.0
2026-10-10,W1330,52.29324,10.73563,2.4,11.5,12.1,0.285,11.7,0.194,1.74
2026-10-11,W1330,52.29324,10.73563,0.9,11.0,10.6,0.284,11.2,0.199,1.97
2026-10-12,W1330,52.29324,10.73563,7.2,10.4,10.2,0.283,10.7,0.203,1.21
2026-10-06,W1331,52.29324,10.76519,0.0,14.9,13.6,0.197,12.8,0.15,1.68
2026-10-07,W1331,52.29324,10.76519,0.0,15.3,14.0,0.187,13.1,0.15,2.27
2026-10-08,W1331,52.29324,10.76519,6.95,13.0,13.0,0.22,13.4,0.151,1.33
2026-10-09,W1331,52.29324,10.76519,4.5,9.8,10.4,0.233,11.6,0.153,1.0
2026-10-10,W1331,52.29324,10.76519,2.4,11.5,12.1,0.24,11.7,0.155,1.74
2026-10-11,W1331,52.29324,10.76519,0.9,11.1,10.5,0.237,11.2,0.157,1.97
2026-10-12,W1331,52.29324,10.76519,7.2,10.4,10.1,0.23,10.7,0.158,1.21
2026-10-06,W1332,52.29324,10.79476,0.0,14.7,13.6,0.197,12.8,0.15,1.67
2026-10-07,W1332,52.29324,10.79476,0.0,14.5,14.0,0.187,13.1,0.15,2.16
2026-10-08,W1332,52.29324,10.79476,5.75,12.7,13.0,0.22,13.4,0.151,1.31
2026-10-09,W1332,52.29324,10.79476,4.5,9.9,10.4,0.233,11.6,0.153,1.0
2026-10-10,W1332,52.29324,10.79476,2.1,11.6,12.1,0.24,11.7,0.155,1.74
2026-10-11,W1332,52.29324,10.79476,0.9,11.1,10.5,0.237,11.2,0.157,1.97
2026-10-12,W1332,52.29324,10.79476,7.2,10.4,10.1,0.23,10.7,0.158,1.22
2026-10-06,W1333,52.29324,10.82432,0.0,14.8,13.6,0.197,12.8,0.15,1.67
2026-10-07,W1333,52.29324,10.82432,0.0,14.6,14.0,0.187,13.1,0.15,2.16
2026-10-08,W1333,52.29324,10.82432,5.75,12.7,13.0,0.22,13.4,0.151,1.31
2026-10-09,W1333,52.29324,10.82432,4.5,10.0,10.4,0.233,11.6,0.153,1.0
2026-10-10,W1333,52.29324,10.82432,2.1,11.7,12.1,0.24,11.7,0.155,1.74
2026-10-11,W1333,52.29324,10.82432,0.3,11.2,10.5,0.237,11.2,0.157,2.01
2026-10-12,W1333,52.29324,10.82432,6.9,10.4,10.1,0.23,10.7,0.158,1.16
2026-10-06,W1334,52.29324,10.85389,0.0,14.2,13.6,0.197,12.8,0.15,1.67
2026-10-07,W1334,52.29324,10.85389,0.0,14.5,14.0,0.187,13.1,0.15,2.18
2026-10-08,W1334,52.29324,10.85389,5.3,12.9,13.0,0.22,13.4,0.151,1.36
2026-10-09,W1334,52.29324,10.85389,4.8,10.1,10.4,0.233,11.6,0.153,1.0
2026-10-10,W1334,52.29324,10.85389,2.1,11.7,12.1,0.24,11.7,0.155,1.74
2026-10-11,W1334,52.29324,10.85389,0.3,11.2,10.5,0.237,11.2,0.157,2.0
2026-10-12,W1334,52.29324,10.85389,6.9,10.4,10.1,0.23,10.7,0.158,1.16
2026-10-06,W1335,52.29324,10.88345,0.0,14.5,13.4,0.214,12.4,0.183,1.69
2026-10-07,W1335,52.29324,10.88345,0.0,15.1,13.4,0.203,12.6,0.183,2.24
2026-10-08,W1335,52.29324,10.88345,4.17,12.8,12.8,0.276,13.0,0.184,1.38
2026-10-09,W1335,52.29324,10.88345,4.8,9.9,10.3,0.284,11.2,0.19,1.0
2026-10-10,W1335,52.29324,10.88345,2.1,11.6,11.8,0.296,11.3,0.195,1.73
2026-10-11,W1335,52.29324,10.88345,0.3,11.1,10.4,0.287,10.9,0.201,1.99
2026-10-12,W1335,52.29324,10.88345,6.9,10.3,10.0,0.273,10.4,0.204,1.15
2026-10-06,W1336,52.29324,10.91302,0.0,14.2,13.9,0.208,13.1,0.154,1.68
2026-10-07,W1336,52.29324,10.91302,0.0,15.5,14.1,0.197,13.4,0.155,2.22
2026-10-08,W1336,52.29324,10.91302,3.82,13.0,13.1,0.24,13.6,0.156,1.36
2026-10-09,W1336,52.29324,10.91302,4.8,10.0,10.6,0.251,11.8,0.158,1.0
2026-10-10,W1336,52.29324,10.91302,2.1,11.7,12.1,0.257,11.8,0.161,1.71
2026-10-11,W1336,52.29324,10.91302,0.3,11.1,10.6,0.252,11.4,0.164,1.98
2026-10-12,W1336,52.29324,10.91302,6.9,10.3,10.2,0.244,10.8,0.167,1.15
2026-10-06,W1337,52.29324,10.94258,0.0,14.4,13.9,0.208,13.1,0.154,1.69
2026-10-07,W1337,52.29324,10.94258,0.0,15.6,14.1,0.197,13.4,0.155,2.22
2026-10-08,W1337,52.29324,10.94258,3.82,13.0,13.1,0.24,13.6,0.156,1.36
2026-10-09,W1337,52.29324,10.94258,4.8,9.9,10.6,0.251,11.8,0.158,0.99
2026-10-10,W1337,52.29324,10.94258,2.1,11.5,12.1,0.257,11.8,0.161,1.7
2026-10-11,W1337,52.29324,10.94258,0.3,11.0,10.6,0.252,11.4,0.164,1.97
2026-10-12,W1337,52.29324,10.94258,6.9,10.2,10.2,0.244,10.8,0.167,1.15
2026-10-06,W1338,52.29324,10.97214,0.0,15.0,13.9,0.208,13.1,0.154,1.67
2026-10-07,W1338,52.29324,10.97214,0.0,15.6,14.1,0.197,13.4,0.155,2.16
2026-10-08,W1338,52.29324,10.97214,4.7,13.2,13.1,0.24,13.6,0.156,1.36
2026-10-09,W1338,52.29324,10.97214,4.9,9.9,10.6,0.251,11.8,0.158,1.0
2026-10-10,W1338,52.29324,10.97214,2.1,11.6,12.1,0.257,11.8,0.161,1.72
2026-10-11,W1338,52.29324,10.97214,0.3,11.0,10.6,0.252,11.4,0.164,1.96
2026-10-12,W1338,52.29324,10.97214,6.9,10.2,10.2,0.244,10.8,0.167,1.15
2026-10-06,W1339,52.29324,11.00171,0.0,14.8,13.9,0.208,13.1,0.154,1.66
2026-10-07,W1339,52.29324,11.00171,0.0,15.4,14.1,0.197,13.4,0.155,2.15
2026-10-08,W1339,52.29324,11.00171,4.7,13.0,13.1,0.24,13.6,0.156,1.35
2026-10-09,W1339,52.29324,11.00171,4.9,9.7,10.6,0.251,11.8,0.158,0.99
2026-10-10,W1339,52.29324,11.00171,2.1,11.4,12.1,0.257,11.8,0.161,1.7
2026-10-11,W1339,52.29324,11.00171,0.3,10.8,10.6,0.252,11.4,0.164,1.95
2026-10-12,W1339,52.29324,11.00171,6.9,10.0,10.2,0.244,10.8,0.167,1.14
2026-10-06,W1340,52.29324,11.03127,0.0,15.2,13.5,0.227,12.7,0.197,1.7
2026-10-07,W1340,52.29324,11.03127,0.0,15.1,13.6,0.216,12.9,0.196,2.13
2026-10-08,W1340,52.29324,11.03127,5.15,12.9,13.0,0.267,13.3,0.197,1.35
2026-10-09,W1340,52.29324,11.03127,5.5,9.8,10.5,0.277,11.5,0.201,1.05
2026-10-10,W1340,52.29324,11.03127,2.1,11.5,12.0,0.292,11.7,0.205,1.78
2026-10-11,W1340,52.29324,11.03127,0.3,10.8,10.6,0.281,11.3,0.209,1.96
2026-10-12,W1340,52.29324,11.03127,6.9,10.0,10.2,0.268,10.7,0.211,1.14
2026-10-06,W1341,52.29324,11.06084,0.0,15.5,13.5,0.227,12.7,0.197,1.7
2026-10-07,W1341,52.29324,11.06084,0.0,15.1,13.6,0.216,12.9,0.196,2.2
2026-10-08,W1341,52.29324,11.06084,5.4,13.2,13.0,0.267,13.3,0.197,1.38
2026-10-09,W1341,52.29324,11.06084,5.5,10.1,10.5,0.277,11.5,0.201,1.07
2026-10-10,W1341,52.29324,11.06084,2.1,11.8,12.0,0.292,11.7,0.205,1.8
2026-10-11,W1341,52.29324,11.06084,0.3,11.2,10.6,0.281,11.3,0.209,1.99
2026-10-12,W1341,52.29324,11.06084,6.9,10.4,10.2,0.268,10.7,0.211,1.16
2026-10-06,W1342,52.29324,11.0904,0.0,15.1,13.9,0.209,13.1,0.148,1.68
2026-10-07,W1342,52.29324,11.0904,0.0,15.1,14.0,0.197,13.3,0.149,2.21
2026-10-08,W1342,52.29324,11.0904,4.87,13.1,13.1,0.248,13.5,0.15,1.4
2026-10-09,W1342,52.29324,11.0904,5.5,9.9,10.7,0.258,11.8,0.155,1.05
2026-10-10,W1342,52.29324,11.0904,2.1,11.5,12.3,0.257,11.9,0.158,1.78
2026-10-11,W1342,52.29324,11.0904,0.3,10.9,10.7,0.251,11.5,0.161,1.96
2026-10-12,W1342,52.29324,11.0904,7.2,10.0,10.2,0.247,10.8,0.163,1.1
2026-10-06,W1343,52.29324,11.11997,0.0,15.1,13.9,0.209,13.1,0.148,1.69
2026-10-07,W1343,52.29324,11.11997,0.0,15.2,14.0,0.197,13.3,0.149,2.22
2026-10-08,W1343,52.29324,11.11997,4.9,13.2,13.1,0.248,13.5,0.15,1.38
2026-10-09,W1343,52.29324,11.11997,5.5,10.0,10.7,0.258,11.8,0.155,1.04
2026-10-10,W1343,52.29324,11.11997,2.4,11.7,12.3,0.257,11.9,0.158,1.79
2026-10-11,W1343,52.29324,11.11997,0.3,11.0,10.7,0.251,11.5,0.161,1.96
2026-10-12,W1343,52.29324,11.11997,7.2,10.0,10.2,0.247,10.8,0.163,1.1
2026-10-06,W1344,52.29324,11.14953,0.0,15.4,13.9,0.209,13.1,0.148,1.69
2026-10-07,W1344,52.29324,11.14953,0.0,15.5,14.0,0.197,13.3,0.149,2.26
2026-10-08,W1344,52.29324,11.14953,4.8,13.0,13.1,0.248,13.5,0.15,1.37
2026-10-09,W1344,52.29324,11.14953,5.5,9.9,10.7,0.258,11.8,0.155,1.04
2026-10-10,W1344,52.29324,11.14953,2.4,11.6,12.3,0.257,11.9,0.158,1.78
2026-10-11,W1344,52.29324,11.14953,0.3,10.9,10.7,0.251,11.5,0.161,1.96
2026-10-12,W1344,52.29324,11.14953,7.2,10.0,10.2,0.247,10.8,0.163,1.1
2026-10-06,W1345,52.31126,10.11478,0.0,15.3,13.8,0.238,13.1,0.226,1.67
2026-10-07,W1345,52.31126,10.11478,0.0,16.1,13.8,0.227,13.3,0.224,2.12
2026-10-08,W1345,52.31126,10.11478,9.25,13.0,12.9,0.284,13.5,0.224,1.35
2026-10-09,W1345,52.31126,10.11478,7.0,10.1,10.4,0.297,11.5,0.229,0.91
2026-10-10,W1345,52.31126,10.11478,5.1,11.8,12.1,0.322,11.8,0.234,1.55
2026-10-11,W1345,52.31126,10.11478,1.05,11.2,10.5,0.321,11.2,0.242,1.93
2026-10-12,W1345,52.31126,10.11478,3.0,10.9,10.2,0.312,10.7,0.248,1.58
2026-10-06,W1346,52.31126,10.14435,0.0,15.4,13.9,0.214,12.9,0.18,1.71
2026-10-07,W1346,52.31126,10.14435,0.0,16.0,14.0,0.202,13.3,0.18,2.12
2026-10-08,W1346,52.31126,10.14435,8.9,13.0,13.0,0.259,13.5,0.181,1.37
2026-10-09,W1346,52.31126,10.14435,7.0,10.1,10.4,0.274,11.6,0.185,0.9
2026-10-10,W1346,52.31126,10.14435,5.1,11.7,12.2,0.295,11.8,0.19,1.55
2026-10-11,W1346,52.31126,10.14435,1.05,11.1,10.6,0.284,11.4,0.196,1.93
2026-10-12,W1346,52.31126,10.14435,3.0,10.9,10.3,0.27,10.8,0.199,1.57
2026-10-06,W0220,52.3023,10.1886,0.0,15.3,13.9,0.214,12.9,0.18,1.7
2026-10-07,W0220,52.3023,10.1886,0.0,15.8,14.0,0.202,13.3,0.18,2.09
2026-10-08,W0220,52.3023,10.1886,8.55,13.0,13.0,0.259,13.5,0.181,1.34
2026-10-09,W0220,52.3023,10.1886,6.1,10.1,10.4,0.274,11.6,0.185,0.91
2026-10-10,W0220,52.3023,10.1886,5.1,11.8,12.2,0.295,11.8,0.19,1.56
2026-10-11,W0220,52.3023,10.1886,1.8,11.3,10.6,0.284,11.4,0.196,2.0
2026-10-12,W0220,52.3023,10.1886,4.2,11.0,10.3,0.27,10.8,0.199,1.53
2026-10-06,W1347,52.31126,10.20347,0.0,15.2,13.9,0.214,12.9,0.18,1.68
2026-10-07,W1347,52.31126,10.20347,0.0,15.9,14.0,0.202,13.3,0.18,2.1
2026-10-08,W1347,52.31126,10.20347,9.0,12.9,13.0,0.259,13.5,0.181,1.32
2026-10-09,W1347,52.31126,10.20347,6.1,10.0,10.4,0.274,11.6,0.185,0.91
2026-10-10,W1347,52.31126,10.20347,5.1,11.7,12.2,0.295,11.8,0.19,1.56
2026-10-11,W1347,52.31126,10.20347,1.8,11.2,10.6,0.284,11.4,0.196,2.0
2026-10-12,W1347,52.31126,10.20347,4.2,11.0,10.3,0.27,10.8,0.199,1.53
2026-10-06,W1348,52.31126,10.23304,0.0,15.4,13.9,0.214,12.9,0.18,1.7
2026-10-07,W1348,52.31126,10.23304,0.0,16.0,14.0,0.202,13.3,0.18,2.13
2026-10-08,W1348,52.31126,10.23304,8.58,13.0,13.0,0.259,13.5,0.181,1.36
2026-10-09,W1348,52.31126,10.23304,5.1,10.0,10.4,0.274,11.6,0.185,0.93
2026-10-10,W1348,52.31126,10.23304,4.8,11.7,12.2,0.295,11.8,0.19,1.61
2026-10-11,W1348,52.31126,10.23304,1.8,11.3,10.6,0.284,11.4,0.196,2.0
2026-10-12,W1348,52.31126,10.23304,4.2,11.0,10.3,0.27,10.8,0.199,1.53
2026-10-06,W0221,52.3023,10.2772,0.0,15.2,13.8,0.204,12.8,0.167,1.7
2026-10-07,W0221,52.3023,10.2772,0.0,15.7,13.6,0.193,12.9,0.167,2.11
2026-10-08,W0221,52.3023,10.2772,7.25,12.9,12.7,0.286,13.1,0.17,1.35
2026-10-09,W0221,52.3023,10.2772,5.1,10.0,10.4,0.292,11.3,0.179,0.93
2026-10-10,W0221,52.3023,10.2772,4.8,11.7,12.1,0.299,11.6,0.186,1.6
2026-10-11,W0221,52.3023,10.2772,1.8,11.3,10.5,0.289,11.1,0.192,2.0
2026-10-12,W0221,52.3023,10.2772,4.2,11.0,10.2,0.278,10.6,0.197,1.53
2026-10-06,W0222,52.3023,10.3068,0.0,15.2,13.8,0.204,12.8,0.167,1.69
2026-10-07,W0222,52.3023,10.3068,0.0,15.9,13.6,0.193,12.9,0.167,2.14
2026-10-08,W0222,52.3023,10.3068,6.9,13.0,12.7,0.286,13.1,0.17,1.37
2026-10-09,W0222,52.3023,10.3068,5.3,9.9,10.4,0.292,11.3,0.179,0.91
2026-10-10,W0222,52.3023,10.3068,4.5,11.7,12.1,0.299,11.6,0.186,1.61
2026-10-11,W0222,52.3023,10.3068,1.8,11.2,10.5,0.289,11.1,0.192,2.0
2026-10-12,W0222,52.3023,10.3068,4.2,11.0,10.2,0.278,10.6,0.197,1.53
2026-10-06,W0223,52.3023,10.3363,0.0,14.9,13.4,0.22,12.4,0.21,1.65
2026-10-07,W0223,52.3023,10.3363,0.0,15.3,13.2,0.209,12.6,0.208,2.06
2026-10-08,W0223,52.3023,10.3363,5.85,12.8,12.6,0.288,12.9,0.209,1.34
2026-10-09,W0223,52.3023,10.3363,5.3,9.8,10.3,0.302,11.2,0.216,0.9
2026-10-10,W0223,52.3023,10.3363,4.5,11.6,12.1,0.332,11.5,0.225,1.6
2026-10-11,W0223,52.3023,10.3363,1.95,11.1,10.5,0.314,11.1,0.235,1.92
2026-10-12,W0223,52.3023,10.3363,6.3,10.5,10.2,0.295,10.6,0.239,1.28
2026-10-06,W0224,52.3023,10.3658,0.0,15.0,13.4,0.22,12.4,0.21,1.66
2026-10-07,W0224,52.3023,10.3658,0.0,15.5,13.2,0.209,12.6,0.208,2.06
2026-10-08,W0224,52.3023,10.3658,5.9,12.9,12.6,0.288,12.9,0.209,1.35
2026-10-09,W0224,52.3023,10.3658,4.3,9.9,10.3,0.302,11.2,0.216,0.92
2026-10-10,W0224,52.3023,10.3658,3.6,11.7,12.1,0.332,11.5,0.225,1.62
2026-10-11,W0224,52.3023,10.3658,1.95,11.2,10.5,0.314,11.1,0.235,1.93
2026-10-12,W0224,52.3023,10.3658,6.3,10.6,10.2,0.295,10.6,0.239,1.29
2026-10-06,W1349,52.31126,10.38086,0.0,15.0,13.4,0.22,12.4,0.21,1.68
2026-10-07,W1349,52.31126,10.38086,0.0,15.6,13.2,0.209,12.6,0.208,2.15
2026-10-08,W1349,52.31126,10.38086,6.15,13.0,12.6,0.288,12.9,0.209,1.37
2026-10-09,W1349,52.31126,10.38086,4.3,9.9,10.3,0.302,11.2,0.216,0.92
2026-10-10,W1349,52.31126,10.38086,3.6,11.7,12.1,0.332,11.5,0.225,1.62
2026-10-11,W1349,52.31126,10.38086,1.95,11.2,10.5,0.314,11.1,0.235,1.93
2026-10-12,W1349,52.31126,10.38086,6.3,10.6,10.2,0.295,10.6,0.239,1.29
2026-10-06,W0225,52.3023,10.4249,0.0,14.9,14.2,0.178,13.4,0.151,1.67
2026-10-07,W0225,52.3023,10.4249,0.0,16.0,14.7,0.165,13.8,0.151,2.18
2026-10-08,W0225,52.3023,10.4249,7.73,13.1,13.1,0.231,14.0,0.152,1.39
2026-10-09,W0225,52.3023,10.4249,4.0,9.8,10.4,0.248,11.9,0.154,0.92
2026-10-10,W0225,52.3023,10.4249,3.6,11.6,12.3,0.267,12.0,0.158,1.61
2026-10-11,W0225,52.3023,10.4249,1.95,11.1,10.6,0.257,11.6,0.162,1.92
2026-10-12,W0225,52.3023,10.4249,6.3,10.6,10.4,0.243,11.1,0.165,1.29
2026-10-06,W1350,52.31126,10.43999,0.0,14.8,14.2,0.178,13.4,0.151,1.67
2026-10-07,W1350,52.31126,10.43999,0.0,15.8,14.7,0.165,13.8,0.151,2.19
2026-10-08,W1350,52.31126,10.43999,7.65,13.1,13.1,0.231,14.0,0.152,1.39
2026-10-09,W1350,52.31126,10.43999,4.0,9.9,10.4,0.248,11.9,0.154,0.92
2026-10-10,W1350,52.31126,10.43999,3.6,11.7,12.3,0.267,12.0,0.158,1.62
2026-10-11,W1350,52.31126,10.43999,1.65,11.3,10.6,0.257,11.6,0.162,1.94
2026-10-12,W1350,52.31126,10.43999,8.4,10.5,10.4,0.243,11.1,0.165,1.2
2026-10-06,W1351,52.31126,10.46955,0.0,14.9,13.8,0.202,12.8,0.186,1.66
2026-10-07,W1351,52.31126,10.46955,0.0,16.0,14.0,0.191,13.2,0.185,2.21
2026-10-08,W1351,52.31126,10.46955,8.23,13.3,13.0,0.281,13.5,0.187,1.37
2026-10-09,W1351,52.31126,10.46955,4.0,9.9,10.5,0.288,11.6,0.194,0.94
2026-10-10,W1351,52.31126,10.46955,3.6,11.7,12.2,0.302,11.8,0.199,1.66
2026-10-11,W1351,52.31126,10.46955,1.35,11.3,10.6,0.291,11.4,0.206,1.94
2026-10-12,W1351,52.31126,10.46955,8.4,10.6,10.4,0.275,10.9,0.209,1.2
2026-10-06,W1352,52.31126,10.49912,0.0,15.3,13.8,0.202,12.8,0.186,1.65
2026-10-07,W1352,52.31126,10.49912,0.0,16.1,14.0,0.191,13.2,0.185,2.19
2026-10-08,W1352,52.31126,10.49912,7.93,13.3,13.0,0.281,13.5,0.187,1.38
2026-10-09,W1352,52.31126,10.49912,4.0,9.9,10.5,0.288,11.6,0.194,0.93
2026-10-10,W1352,52.31126,10.49912,3.6,11.7,12.2,0.302,11.8,0.199,1.65
2026-10-11,W1352,52.31126,10.49912,1.35,11.3,10.6,0.291,11.4,0.206,1.94
2026-10-12,W1352,52.31126,10.49912,8.4,10.5,10.4,0.275,10.9,0.209,1.2
2026-10-06,W0226,52.3023,10.5431,0.0,15.0,13.8,0.202,12.8,0.186,1.6
2026-10-07,W0226,52.3023,10.5431,0.0,15.6,14.0,0.191,13.2,0.185,2.11
2026-10-08,W0226,52.3023,10.5431,7.65,13.3,13.0,0.281,13.5,0.187,1.33
2026-10-09,W0226,52.3023,10.5431,4.0,9.9,10.5,0.288,11.6,0.194,0.94
2026-10-10,W0226,52.3023,10.5431,3.0,11.7,12.2,0.302,11.8,0.199,1.64
2026-10-11,W0226,52.3023,10.5431,1.35,11.3,10.6,0.291,11.4,0.206,1.93
2026-10-12,W0226,52.3023,10.5431,8.4,10.5,10.4,0.275,10.9,0.209,1.2
2026-10-06,W0227,52.3023,10.5726,0.0,14.8,13.8,0.202,12.8,0.186,1.6
2026-10-07,W0227,52.3023,10.5726,0.0,15.5,14.0,0.191,13.2,0.185,2.14
2026-10-08,W0227,52.3023,10.5726,6.83,13.3,13.0,0.281,13.5,0.187,1.34
2026-10-09,W0227,52.3023,10.5726,4.0,9.9,10.5,0.288,11.6,0.194,0.93
2026-10-10,W0227,52.3023,10.5726,3.0,11.7,12.2,0.302,11.8,0.199,1.64
2026-10-11,W0227,52.3023,10.5726,1.05,11.3,10.6,0.291,11.4,0.206,1.96
2026-10-12,W0227,52.3023,10.5726,7.2,10.6,10.4,0.275,10.9,0.209,1.22
2026-10-06,W1353,52.31126,10.58781,0.0,14.8,13.6,0.196,12.6,0.156,1.6
2026-10-07,W1353,52.31126,10.58781,0.0,15.5,14.0,0.185,12.9,0.156,2.11
2026-10-08,W1353,52.31126,10.58781,8.23,13.1,12.9,0.238,13.2,0.157,1.32
2026-10-09,W1353,52.31126,10.58781,4.0,9.9,10.3,0.251,11.3,0.16,0.93
2026-10-10,W1353,52.31126,10.58781,3.0,11.7,12.0,0.261,11.5,0.163,1.64
2026-10-11,W1353,52.31126,10.58781,1.05,11.3,10.4,0.255,11.1,0.166,1.96
2026-10-12,W1353,52.31126,10.58781,7.2,10.5,10.2,0.244,10.6,0.169,1.22
2026-10-06,W0228,52.3023,10.6317,0.0,14.7,13.6,0.196,12.6,0.156,1.6
2026-10-07,W0228,52.3023,10.6317,0.0,15.6,14.0,0.185,12.9,0.156,2.16
2026-10-08,W0228,52.3023,10.6317,6.78,13.4,12.9,0.238,13.2,0.157,1.35
2026-10-09,W0228,52.3023,10.6317,4.1,9.9,10.3,0.251,11.3,0.16,0.98
2026-10-10,W0228,52.3023,10.6317,2.7,11.6,12.0,0.261,11.5,0.163,1.67
2026-10-11,W0228,52.3023,10.6317,1.05,11.2,10.4,0.255,11.1,0.166,1.97
2026-10-12,W0228,52.3023,10.6317,7.2,10.5,10.2,0.244,10.6,0.169,1.22
2026-10-06,W0229,52.3023,10.6612,0.0,14.6,13.6,0.21,12.6,0.187,1.61
2026-10-07,W0229,52.3023,10.6612,0.0,15.4,13.7,0.199,12.9,0.187,2.14
2026-10-08,W0229,52.3023,10.6612,6.93,13.2,13.0,0.261,13.3,0.187,1.3
2026-10-09,W0229,52.3023,10.6612,4.2,9.8,10.5,0.273,11.5,0.191,0.99
2026-10-10,W0229,52.3023,10.6612,2.7,11.5,12.1,0.285,11.7,0.194,1.68
2026-10-11,W0229,52.3023,10.6612,0.9,11.2,10.6,0.284,11.2,0.199,1.97
2026-10-12,W0229,52.3023,10.6612,7.2,10.5,10.2,0.283,10.7,0.203,1.22
2026-10-06,W0230,52.3023,10.6908,0.0,14.5,13.6,0.21,12.6,0.187,1.63
2026-10-07,W0230,52.3023,10.6908,0.0,15.2,13.7,0.199,12.9,0.187,2.2
2026-10-08,W0230,52.3023,10.6908,7.4,13.0,13.0,0.261,13.3,0.187,1.27
2026-10-09,W0230,52.3023,10.6908,4.2,9.6,10.5,0.273,11.5,0.191,0.98
2026-10-10,W0230,52.3023,10.6908,2.7,11.3,12.1,0.285,11.7,0.194,1.66
2026-10-11,W0230,52.3023,10.6908,0.9,11.0,10.6,0.284,11.2,0.199,1.96
2026-10-12,W0230,52.3023,10.6908,7.2,10.3,10.2,0.283,10.7,0.203,1.21
2026-10-06,W0231,52.3023,10.7203,0.0,14.6,13.6,0.21,12.6,0.187,1.63
2026-10-07,W0231,52.3023,10.7203,0.0,15.3,13.7,0.199,12.9,0.187,2.2
2026-10-08,W0231,52.3023,10.7203,7.43,13.1,13.0,0.261,13.3,0.187,1.31
2026-10-09,W0231,52.3023,10.7203,4.5,9.8,10.5,0.273,11.5,0.191,1.01
2026-10-10,W0231,52.3023,10.7203,2.4,11.5,12.1,0.285,11.7,0.194,1.74
2026-10-11,W0231,52.3023,10.7203,0.9,11.1,10.6,0.284,11.2,0.199,1.97
2026-10-12,W0231,52.3023,10.7203,7.2,10.4,10.2,0.283,10.7,0.203,1.22
2026-10-06,W1354,52.31126,10.73563,0.0,14.7,13.6,0.21,12.6,0.187,1.63
2026-10-07,W1354,52.31126,10.73563,0.0,15.2,13.7,0.199,12.9,0.187,2.2
2026-10-08,W1354,52.31126,10.73563,7.33,12.8,13.0,0.261,13.3,0.187,1.3
2026-10-09,W1354,52.31126,10.73563,4.5,9.8,10.5,0.273,11.5,0.191,1.01
2026-10-10,W1354,52.31126,10.73563,2.4,11.5,12.1,0.285,11.7,0.194,1.74
2026-10-11,W1354,52.31126,10.73563,0.9,11.1,10.6,0.284,11.2,0.199,1.97
2026-10-12,W1354,52.31126,10.73563,7.2,10.5,10.2,0.283,10.7,0.203,1.22
2026-10-06,W1355,52.31126,10.76519,0.0,14.6,13.6,0.197,12.8,0.15,1.67
2026-10-07,W1355,52.31126,10.76519,0.0,14.8,14.0,0.187,13.1,0.15,2.23
2026-10-08,W1355,52.31126,10.76519,7.37,12.7,13.0,0.22,13.4,0.151,1.31
2026-10-09,W1355,52.31126,10.76519,4.5,9.7,10.4,0.233,11.6,0.153,1.0
2026-10-10,W1355,52.31126,10.76519,2.4,11.4,12.1,0.24,11.7,0.155,1.73
2026-10-11,W1355,52.31126,10.76519,0.9,11.0,10.5,0.237,11.2,0.157,1.96
2026-10-12,W1355,52.31126,10.76519,7.2,10.4,10.1,0.23,10.7,0.158,1.21
2026-10-06,W0232,52.3023,10.8089,0.0,14.7,13.6,0.197,12.8,0.15,1.67
2026-10-07,W0232,52.3023,10.8089,0.0,14.5,14.0,0.187,13.1,0.15,2.16
2026-10-08,W0232,52.3023,10.8089,5.75,12.7,13.0,0.22,13.4,0.151,1.31
2026-10-09,W0232,52.3023,10.8089,4.5,9.9,10.4,0.233,11.6,0.153,1.0
2026-10-10,W0232,52.3023,10.8089,2.1,11.6,12.1,0.24,11.7,0.155,1.74
2026-10-11,W0232,52.3023,10.8089,0.9,11.1,10.5,0.237,11.2,0.157,1.97
2026-10-12,W0232,52.3023,10.8089,7.2,10.5,10.1,0.23,10.7,0.158,1.22
2026-10-06,W0233,52.3023,10.8384,0.0,14.2,13.4,0.214,12.4,0.183,1.67
2026-10-07,W0233,52.3023,10.8384,0.0,14.5,13.4,0.203,12.6,0.183,2.18
2026-10-08,W0233,52.3023,10.8384,5.28,12.9,12.8,0.276,13.0,0.184,1.36
2026-10-09,W0233,52.3023,10.8384,4.5,9.9,10.3,0.284,11.2,0.19,1.0
2026-10-10,W0233,52.3023,10.8384,2.1,11.6,11.8,0.296,11.3,0.195,1.74
2026-10-11,W0233,52.3023,10.8384,0.3,11.2,10.4,0.287,10.9,0.201,2.01
2026-10-12,W0233,52.3023,10.8384,6.9,10.4,10.0,0.273,10.4,0.204,1.16
2026-10-06,W0234,52.3023,10.868,0.0,14.1,13.4,0.214,12.4,0.183,1.67
2026-10-07,W0234,52.3023,10.868,0.0,14.4,13.4,0.203,12.6,0.183,2.17
2026-10-08,W0234,52.3023,10.868,5.3,12.8,12.8,0.276,13.0,0.184,1.35
2026-10-09,W0234,52.3023,10.868,4.8,9.9,10.3,0.284,11.2,0.19,1.0
2026-10-10,W0234,52.3023,10.868,2.1,11.6,11.8,0.296,11.3,0.195,1.73
2026-10-11,W0234,52.3023,10.868,0.3,11.1,10.4,0.287,10.9,0.201,1.99
2026-10-12,W0234,52.3023,10.868,6.9,10.3,10.0,0.273,10.4,0.204,1.15
2026-10-06,W0235,52.3023,10.8975,0.0,14.6,13.4,0.214,12.4,0.183,1.69
2026-10-07,W0235,52.3023,10.8975,0.0,15.2,13.4,0.203,12.6,0.183,2.25
2026-10-08,W0235,52.3023,10.8975,4.17,12.9,12.8,0.276,13.0,0.184,1.38
2026-10-09,W0235,52.3023,10.8975,4.8,10.0,10.3,0.284,11.2,0.19,1.0
2026-10-10,W0235,52.3023,10.8975,2.1,11.6,11.8,0.296,11.3,0.195,1.73
2026-10-11,W0235,52.3023,10.8975,0.3,11.1,10.4,0.287,10.9,0.201,1.99
2026-10-12,W0235,52.3023,10.8975,6.9,10.3,10.0,0.273,10.4,0.204,1.15
2026-10-06,W0236,52.3023,10.9271,0.0,14.1,13.9,0.208,13.1,0.154,1.67
2026-10-07,W0236,52.3023,10.9271,0.0,15.4,14.1,0.197,13.4,0.155,2.21
2026-10-08,W0236,52.3023,10.9271,3.82,12.9,13.1,0.24,13.6,0.156,1.35
2026-10-09,W0236,52.3023,10.9271,4.8,9.9,10.6,0.251,11.8,0.158,0.99
2026-10-10,W0236,52.3023,10.9271,2.1,11.5,12.1,0.257,11.8,0.161,1.7
2026-10-11,W0236,52.3023,10.9271,0.3,11.0,10.6,0.252,11.4,0.164,1.96
2026-10-12,W0236,52.3023,10.9271,6.9,10.1,10.2,0.244,10.8,0.167,1.15
2026-10-06,W1356,52.31126,10.94258,0.0,14.6,13.9,0.208,13.1,0.154,1.64
2026-10-07,W1356,52.31126,10.94258,0.0,15.0,14.1,0.197,13.4,0.155,2.16
2026-10-08,W1356,52.31126,10.94258,4.15,12.8,13.1,0.24,13.6,0.156,1.36
2026-10-09,W1356,52.31126,10.94258,4.8,9.7,10.6,0.251,11.8,0.158,0.99
2026-10-10,W1356,52.31126,10.94258,2.1,11.4,12.1,0.257,11.8,0.161,1.69
2026-10-11,W1356,52.31126,10.94258,0.3,10.8,10.6,0.252,11.4,0.164,1.95
2026-10-12,W1356,52.31126,10.94258,6.9,10.0,10.2,0.244,10.8,0.167,1.14
2026-10-06,W0237,52.3023,10.9861,0.0,14.9,13.9,0.208,13.1,0.154,1.66
2026-10-07,W0237,52.3023,10.9861,0.0,15.5,14.1,0.197,13.4,0.155,2.16
2026-10-08,W0237,52.3023,10.9861,4.7,13.1,13.1,0.24,13.6,0.156,1.35
2026-10-09,W0237,52.3023,10.9861,4.9,9.8,10.6,0.251,11.8,0.158,1.0
2026-10-10,W0237,52.3023,10.9861,2.1,11.4,12.1,0.257,11.8,0.161,1.71
2026-10-11,W0237,52.3023,10.9861,0.3,10.9,10.6,0.252,11.4,0.164,1.96
2026-10-12,W0237,52.3023,10.9861,6.9,10.1,10.2,0.244,10.8,0.167,1.14
2026-10-06,W0238,52.3023,11.0157,0.0,15.3,13.5,0.227,12.7,0.197,1.69
2026-10-07,W0238,52.3023,11.0157,0.0,15.4,13.6,0.216,12.9,0.196,2.16
2026-10-08,W0238,52.3023,11.0157,5.03,13.3,13.0,0.267,13.3,0.197,1.36
2026-10-09,W0238,52.3023,11.0157,4.9,10.1,10.5,0.277,11.5,0.201,1.01
2026-10-10,W0238,52.3023,11.0157,2.1,11.7,12.0,0.292,11.7,0.205,1.73
2026-10-11,W0238,52.3023,11.0157,0.3,11.2,10.6,0.281,11.3,0.209,1.98
2026-10-12,W0238,52.3023,11.0157,6.9,10.4,10.2,0.268,10.7,0.211,1.16
2026-10-06,W0239,52.3023,11.0452,0.0,15.7,13.5,0.227,12.7,0.197,1.71
2026-10-07,W0239,52.3023,11.0452,0.0,15.5,13.6,0.216,12.9,0.196,2.16
2026-10-08,W0239,52.3023,11.0452,5.15,13.4,13.0,0.267,13.3,0.197,1.37
2026-10-09,W0239,52.3023,11.0452,5.5,10.2,10.5,0.277,11.5,0.201,1.07
2026-10-10,W0239,52.3023,11.0452,2.1,11.9,12.0,0.292,11.7,0.205,1.81
2026-10-11,W0239,52.3023,11.0452,0.3,11.3,10.6,0.281,11.3,0.209,1.99
2026-10-12,W0239,52.3023,11.0452,6.9,10.5,10.2,0.268,10.7,0.211,1.16
2026-10-06,W0240,52.3023,11.0747,0.0,15.4,13.9,0.209,13.1,0.148,1.69
2026-10-07,W0240,52.3023,11.0747,0.0,14.9,14.0,0.197,13.3,0.149,2.19
2026-10-08,W0240,52.3023,11.0747,5.4,13.0,13.1,0.248,13.5,0.15,1.37
2026-10-09,W0240,52.3023,11.0747,5.5,9.9,10.7,0.258,11.8,0.155,1.06
2026-10-10,W0240,52.3023,11.0747,2.1,11.6,12.3,0.257,11.9,0.158,1.79
2026-10-11,W0240,52.3023,11.0747,0.3,11.0,10.7,0.251,11.5,0.161,1.97
2026-10-12,W0240,52.3023,11.0747,7.2,10.1,10.2,0.247,10.8,0.163,1.1
2026-10-06,W0241,52.3023,11.1043,0.0,15.3,13.9,0.209,13.1,0.148,1.7
2026-10-07,W0241,52.3023,11.1043,0.0,15.4,14.0,0.197,13.3,0.149,2.23
2026-10-08,W0241,52.3023,11.1043,4.9,13.4,13.1,0.248,13.5,0.15,1.4
2026-10-09,W0241,52.3023,11.1043,5.5,10.2,10.7,0.258,11.8,0.155,1.06
2026-10-10,W0241,52.3023,11.1043,2.4,11.9,12.3,0.257,11.9,0.158,1.8
2026-10-11,W0241,52.3023,11.1043,0.3,11.2,10.7,0.251,11.5,0.161,1.98
2026-10-12,W0241,52.3023,11.1043,7.2,10.3,10.2,0.247,10.8,0.163,1.11
2026-10-06,W0242,52.3023,11.1338,0.0,15.3,13.9,0.209,13.1,0.148,1.68
2026-10-07,W0242,52.3023,11.1338,0.0,15.4,14.0,0.197,13.3,0.149,2.25
2026-10-08,W0242,52.3023,11.1338,4.8,12.9,13.1,0.248,13.5,0.15,1.37
2026-10-09,W0242,52.3023,11.1338,5.5,9.8,10.7,0.258,11.8,0.155,1.04
2026-10-10,W0242,52.3023,11.1338,2.4,11.5,12.3,0.257,11.9,0.158,1.77
2026-10-11,W0242,52.3023,11.1338,0.3,10.8,10.7,0.251,11.5,0.161,1.95
2026-10-12,W0242,52.3023,11.1338,7.2,9.9,10.2,0.247,10.8,0.163,1.09
2026-10-06,W1357,52.31126,11.14953,0.0,15.4,14.2,0.21,13.5,0.146,1.68
2026-10-07,W1357,52.31126,11.14953,0.0,15.5,14.3,0.199,13.7,0.147,2.28
2026-10-08,W1357,52.31126,11.14953,5.1,13.1,13.4,0.255,13.9,0.149,1.4
2026-10-09,W1357,52.31126,11.14953,5.5,10.0,11.0,0.262,12.2,0.154,1.05
2026-10-10,W1357,52.31126,11.14953,2.4,11.7,12.5,0.26,12.2,0.157,1.79
2026-10-11,W1357,52.31126,11.14953,0.3,11.0,11.1,0.249,11.9,0.16,1.96
2026-10-12,W1357,52.31126,11.14953,7.2,10.0,10.5,0.237,11.3,0.162,1.1
2026-10-06,W1358,52.32928,10.11478,0.0,15.3,13.9,0.214,12.9,0.18,1.68
2026-10-07,W1358,52.32928,10.11478,0.0,16.1,14.0,0.202,13.3,0.18,2.12
2026-10-08,W1358,52.32928,10.11478,9.25,13.1,13.0,0.259,13.5,0.181,1.35
2026-10-09,W1358,52.32928,10.11478,7.0,10.1,10.4,0.274,11.6,0.185,0.91
2026-10-10,W1358,52.32928,10.11478,5.1,11.8,12.2,0.295,11.8,0.19,1.55
2026-10-11,W1358,52.32928,10.11478,1.5,11.2,10.6,0.284,11.4,0.196,1.87
2026-10-12,W1358,52.32928,10.11478,5.4,10.8,10.3,0.27,10.8,0.199,1.33
2026-10-06,W1359,52.32928,10.14435,0.0,15.4,13.9,0.214,12.9,0.18,1.71
2026-10-07,W1359,52.32928,10.14435,0.0,16.0,14.0,0.202,13.3,0.18,2.12
2026-10-08,W1359,52.32928,10.14435,8.9,13.1,13.0,0.259,13.5,0.181,1.37
2026-10-09,W1359,52.32928,10.14435,7.0,10.1,10.4,0.274,11.6,0.185,0.91
2026-10-10,W1359,52.32928,10.14435,5.1,11.7,12.2,0.295,11.8,0.19,1.55
2026-10-11,W1359,52.32928,10.14435,1.5,11.1,10.6,0.284,11.4,0.196,1.87
2026-10-12,W1359,52.32928,10.14435,5.4,10.7,10.3,0.27,10.8,0.199,1.33
2026-10-06,W1360,52.32928,10.17391,0.0,15.4,13.9,0.214,12.9,0.18,1.68
2026-10-07,W1360,52.32928,10.17391,0.0,16.0,14.0,0.202,13.3,0.18,2.11
2026-10-08,W1360,52.32928,10.17391,8.48,13.0,13.0,0.259,13.5,0.181,1.35
2026-10-09,W1360,52.32928,10.17391,6.1,10.1,10.4,0.274,11.6,0.185,0.91
2026-10-10,W1360,52.32928,10.17391,5.1,11.8,12.2,0.295,11.8,0.19,1.57
2026-10-11,W1360,52.32928,10.17391,1.65,11.2,10.6,0.284,11.4,0.196,1.87
2026-10-12,W1360,52.32928,10.17391,5.4,10.8,10.3,0.27,10.8,0.199,1.33
2026-10-06,W0243,52.3203,10.2182,0.0,15.2,13.9,0.214,12.9,0.18,1.68
2026-10-07,W0243,52.3203,10.2182,0.0,15.9,14.0,0.202,13.3,0.18,2.1
2026-10-08,W0243,52.3203,10.2182,9.0,12.9,13.0,0.259,13.5,0.181,1.32
2026-10-09,W0243,52.3203,10.2182,6.1,10.1,10.4,0.274,11.6,0.185,0.91
2026-10-10,W0243,52.3203,10.2182,5.1,11.8,12.2,0.295,11.8,0.19,1.57
2026-10-11,W0243,52.3203,10.2182,1.8,11.1,10.6,0.284,11.4,0.196,1.86
2026-10-12,W0243,52.3203,10.2182,7.8,10.5,10.3,0.27,10.8,0.199,1.22
2026-10-06,W1361,52.32928,10.23304,0.0,15.4,13.9,0.214,12.9,0.18,1.7
2026-10-07,W1361,52.32928,10.23304,0.0,16.1,14.0,0.202,13.3,0.18,2.13
2026-10-08,W1361,52.32928,10.23304,8.58,13.0,13.0,0.259,13.5,0.181,1.36
2026-10-09,W1361,52.32928,10.23304,5.1,10.0,10.4,0.274,11.6,0.185,0.93
2026-10-10,W1361,52.32928,10.23304,4.8,11.8,12.2,0.295,11.8,0.19,1.61
2026-10-11,W1361,52.32928,10.23304,1.8,11.1,10.6,0.284,11.4,0.196,1.87
2026-10-12,W1361,52.32928,10.23304,7.8,10.6,10.3,0.27,10.8,0.199,1.22
2026-10-06,W1362,52.32928,10.2626,0.0,15.3,13.4,0.22,12.4,0.21,1.68
2026-10-07,W1362,52.32928,10.2626,0.0,15.8,13.2,0.209,12.6,0.208,2.11
2026-10-08,W1362,52.32928,10.2626,9.03,13.0,12.6,0.288,12.9,0.209,1.35
2026-10-09,W1362,52.32928,10.2626,5.1,10.0,10.3,0.302,11.2,0.216,0.93
2026-10-10,W1362,52.32928,10.2626,4.8,11.7,12.1,0.332,11.5,0.225,1.61
2026-10-11,W1362,52.32928,10.2626,1.8,11.1,10.5,0.314,11.1,0.235,1.87
2026-10-12,W1362,52.32928,10.2626,7.8,10.6,10.2,0.295,10.6,0.239,1.22
2026-10-06,W0244,52.3203,10.3068,0.0,14.8,13.4,0.22,12.4,0.21,1.65
2026-10-07,W0244,52.3203,10.3068,0.0,15.6,13.2,0.209,12.6,0.208,2.09
2026-10-08,W0244,52.3203,10.3068,7.65,12.9,12.6,0.288,12.9,0.209,1.35
2026-10-09,W0244,52.3203,10.3068,5.3,9.8,10.3,0.302,11.2,0.216,0.91
2026-10-10,W0244,52.3203,10.3068,4.5,11.6,12.1,0.332,11.5,0.225,1.61
2026-10-11,W0244,52.3203,10.3068,1.8,11.0,10.5,0.314,11.1,0.235,1.86
2026-10-12,W0244,52.3203,10.3068,7.8,10.4,10.2,0.295,10.6,0.239,1.22
2026-10-06,W0245,52.3203,10.3363,0.0,15.1,13.4,0.22,12.4,0.21,1.67
2026-10-07,W0245,52.3203,10.3363,0.0,15.4,13.2,0.209,12.6,0.208,2.08
2026-10-08,W0245,52.3203,10.3363,6.03,12.8,12.6,0.288,12.9,0.209,1.35
2026-10-09,W0245,52.3203,10.3363,5.3,9.9,10.3,0.302,11.2,0.216,0.91
2026-10-10,W0245,52.3203,10.3363,4.5,11.7,12.1,0.332,11.5,0.225,1.61
2026-10-11,W0245,52.3203,10.3363,1.95,11.2,10.5,0.314,11.1,0.235,1.92
2026-10-12,W0245,52.3203,10.3363,6.3,10.6,10.2,0.295,10.6,0.239,1.29
2026-10-06,W1363,52.32928,10.3513,0.0,15.0,13.4,0.22,12.4,0.21,1.67
2026-10-07,W1363,52.32928,10.3513,0.0,15.4,13.2,0.209,12.6,0.208,2.08
2026-10-08,W1363,52.32928,10.3513,6.08,12.8,12.6,0.288,12.9,0.209,1.35
2026-10-09,W1363,52.32928,10.3513,4.3,9.8,10.3,0.302,11.2,0.216,0.92
2026-10-10,W1363,52.32928,10.3513,3.6,11.6,12.1,0.332,11.5,0.225,1.61
2026-10-11,W1363,52.32928,10.3513,1.95,11.2,10.5,0.314,11.1,0.235,1.93
2026-10-12,W1363,52.32928,10.3513,6.3,10.6,10.2,0.295,10.6,0.239,1.29
2026-10-06,W1364,52.32928,10.38086,0.0,15.0,13.4,0.22,12.4,0.21,1.68
2026-10-07,W1364,52.32928,10.38086,0.0,15.5,13.2,0.209,12.6,0.208,2.15
2026-10-08,W1364,52.32928,10.38086,6.15,12.9,12.6,0.288,12.9,0.209,1.37
2026-10-09,W1364,52.32928,10.38086,4.3,9.9,10.3,0.302,11.2,0.216,0.92
2026-10-10,W1364,52.32928,10.38086,3.6,11.7,12.1,0.332,11.5,0.225,1.62
2026-10-11,W1364,52.32928,10.38086,1.95,11.2,10.5,0.314,11.1,0.235,1.93
2026-10-12,W1364,52.32928,10.38086,6.3,10.6,10.2,0.295,10.6,0.239,1.29
2026-10-06,W1365,52.32928,10.41042,0.0,14.9,13.4,0.22,12.4,0.21,1.7
2026-10-07,W1365,52.32928,10.41042,0.0,15.6,13.2,0.209,12.6,0.208,2.18
2026-10-08,W1365,52.32928,10.41042,6.85,13.0,12.6,0.288,12.9,0.209,1.38
2026-10-09,W1365,52.32928,10.41042,4.0,9.9,10.3,0.302,11.2,0.216,0.92
2026-10-10,W1365,52.32928,10.41042,3.6,11.7,12.1,0.332,11.5,0.225,1.62
2026-10-11,W1365,52.32928,10.41042,1.95,11.2,10.5,0.314,11.1,0.235,1.93
2026-10-12,W1365,52.32928,10.41042,6.3,10.6,10.2,0.295,10.6,0.239,1.29
2026-10-06,W1366,52.32928,10.43999,0.0,14.8,13.8,0.202,12.8,0.186,1.67
2026-10-07,W1366,52.32928,10.43999,0.0,15.9,14.0,0.191,13.2,0.185,2.19
2026-10-08,W1366,52.32928,10.43999,7.65,13.2,13.0,0.281,13.5,0.187,1.39
2026-10-09,W1366,52.32928,10.43999,4.0,9.9,10.5,0.288,11.6,0.194,0.92
2026-10-10,W1366,52.32928,10.43999,3.6,11.7,12.2,0.302,11.8,0.199,1.62
2026-10-11,W1366,52.32928,10.43999,1.65,11.3,10.6,0.291,11.4,0.206,1.94
2026-10-12,W1366,52.32928,10.43999,8.4,10.6,10.4,0.275,10.9,0.209,1.2
2026-10-06,W1367,52.32928,10.46955,0.0,14.9,13.8,0.202,12.8,0.186,1.66
2026-10-07,W1367,52.32928,10.46955,0.0,16.0,14.0,0.191,13.2,0.185,2.21
2026-10-08,W1367,52.32928,10.46955,8.23,13.2,13.0,0.281,13.5,0.187,1.36
2026-10-09,W1367,52.32928,10.46955,4.0,9.9,10.5,0.288,11.6,0.194,0.93
2026-10-10,W1367,52.32928,10.46955,3.6,11.7,12.2,0.302,11.8,0.199,1.66
2026-10-11,W1367,52.32928,10.46955,1.35,11.3,10.6,0.291,11.4,0.206,1.94
2026-10-12,W1367,52.32928,10.46955,8.4,10.6,10.4,0.275,10.9,0.209,1.2
2026-10-06,W1368,52.32928,10.49912,0.0,15.3,13.8,0.202,12.8,0.186,1.66
2026-10-07,W1368,52.32928,10.49912,0.0,16.2,14.0,0.191,13.2,0.185,2.2
2026-10-08,W1368,52.32928,10.49912,7.93,13.3,13.0,0.281,13.5,0.187,1.38
2026-10-09,W1368,52.32928,10.49912,4.0,9.9,10.5,0.288,11.6,0.194,0.93
2026-10-10,W1368,52.32928,10.49912,3.6,11.7,12.2,0.302,11.8,0.199,1.66
2026-10-11,W1368,52.32928,10.49912,1.35,11.3,10.6,0.291,11.4,0.206,1.94
2026-10-12,W1368,52.32928,10.49912,8.4,10.6,10.4,0.275,10.9,0.209,1.2
2026-10-06,W1369,52.32928,10.52868,0.0,15.1,13.8,0.202,12.8,0.186,1.63
2026-10-07,W1369,52.32928,10.52868,0.0,15.8,14.0,0.191,13.2,0.185,2.14
2026-10-08,W1369,52.32928,10.52868,8.08,13.3,13.0,0.281,13.5,0.187,1.37
2026-10-09,W1369,52.32928,10.52868,4.0,9.9,10.5,0.288,11.6,0.194,0.93
2026-10-10,W1369,52.32928,10.52868,3.6,11.7,12.2,0.302,11.8,0.199,1.65
2026-10-11,W1369,52.32928,10.52868,1.35,11.3,10.6,0.291,11.4,0.206,1.93
2026-10-12,W1369,52.32928,10.52868,8.4,10.5,10.4,0.275,10.9,0.209,1.2
2026-10-06,W0246,52.3203,10.5726,0.0,14.8,13.8,0.202,12.8,0.186,1.59
2026-10-07,W0246,52.3203,10.5726,0.0,15.4,14.0,0.191,13.2,0.185,2.11
2026-10-08,W0246,52.3203,10.5726,8.23,13.1,13.0,0.281,13.5,0.187,1.31
2026-10-09,W0246,52.3203,10.5726,4.0,9.9,10.5,0.288,11.6,0.194,0.93
2026-10-10,W0246,52.3203,10.5726,3.0,11.6,12.2,0.302,11.8,0.199,1.64
2026-10-11,W0246,52.3203,10.5726,1.35,11.2,10.6,0.291,11.4,0.206,1.92
2026-10-12,W0246,52.3203,10.5726,8.4,10.4,10.4,0.275,10.9,0.209,1.19
2026-10-06,W0247,52.3203,10.6021,0.0,14.7,13.6,0.21,12.6,0.187,1.62
2026-10-07,W0247,52.3203,10.6021,0.0,15.7,13.7,0.199,12.9,0.187,2.18
2026-10-08,W0247,52.3203,10.6021,6.85,13.2,13.0,0.261,13.3,0.187,1.32
2026-10-09,W0247,52.3203,10.6021,4.1,9.9,10.5,0.273,11.5,0.191,0.98
2026-10-10,W0247,52.3203,10.6021,2.7,11.6,12.1,0.285,11.7,0.194,1.67
2026-10-11,W0247,52.3203,10.6021,1.35,11.2,10.6,0.284,11.2,0.199,1.94
2026-10-12,W0247,52.3203,10.6021,8.4,10.4,10.2,0.283,10.7,0.203,1.2
2026-10-06,W0248,52.3203,10.6317,0.0,14.8,13.6,0.21,12.6,0.187,1.61
2026-10-07,W0248,52.3203,10.6317,0.0,15.5,13.7,0.199,12.9,0.187,2.13
2026-10-08,W0248,52.3203,10.6317,6.98,13.1,13.0,0.261,13.3,0.187,1.27
2026-10-09,W0248,52.3203,10.6317,4.1,9.9,10.5,0.273,11.5,0.191,0.98
2026-10-10,W0248,52.3203,10.6317,2.7,11.7,12.1,0.285,11.7,0.194,1.68
2026-10-11,W0248,52.3203,10.6317,1.35,11.2,10.6,0.284,11.2,0.199,1.94
2026-10-12,W0248,52.3203,10.6317,8.4,10.5,10.2,0.283,10.7,0.203,1.2
2026-10-06,W0249,52.3203,10.6612,0.0,14.4,13.6,0.21,12.6,0.187,1.63
2026-10-07,W0249,52.3203,10.6612,0.0,15.1,13.7,0.199,12.9,0.187,2.11
2026-10-08,W0249,52.3203,10.6612,6.9,12.8,13.0,0.261,13.3,0.187,1.26
2026-10-09,W0249,52.3203,10.6612,4.2,9.8,10.5,0.273,11.5,0.191,0.99
2026-10-10,W0249,52.3203,10.6612,2.7,11.5,12.1,0.285,11.7,0.194,1.67
2026-10-11,W0249,52.3203,10.6612,1.2,11.1,10.6,0.284,11.2,0.199,1.94
2026-10-12,W0249,52.3203,10.6612,8.4,10.4,10.2,0.283,10.7,0.203,1.19
2026-10-06,W0250,52.3203,10.6908,0.0,14.5,13.6,0.21,12.6,0.187,1.61
2026-10-07,W0250,52.3203,10.6908,0.0,15.5,13.7,0.199,12.9,0.187,2.18
2026-10-08,W0250,52.3203,10.6908,6.93,13.0,13.0,0.261,13.3,0.187,1.26
2026-10-09,W0250,52.3203,10.6908,4.2,9.8,10.5,0.273,11.5,0.191,0.99
2026-10-10,W0250,52.3203,10.6908,2.7,11.5,12.1,0.285,11.7,0.194,1.68
2026-10-11,W0250,52.3203,10.6908,1.05,11.1,10.6,0.284,11.2,0.199,1.93
2026-10-12,W0250,52.3203,10.6908,9.3,10.2,10.2,0.283,10.7,0.203,1.05
2026-10-06,W0251,52.3203,10.7203,0.0,14.3,13.6,0.21,12.6,0.187,1.6
2026-10-07,W0251,52.3203,10.7203,0.0,15.3,13.7,0.199,12.9,0.187,2.17
2026-10-08,W0251,52.3203,10.7203,6.95,12.8,13.0,0.261,13.3,0.187,1.29
2026-10-09,W0251,52.3203,10.7203,4.5,9.7,10.5,0.273,11.5,0.191,1.0
2026-10-10,W0251,52.3203,10.7203,2.4,11.4,12.1,0.285,11.7,0.194,1.73
2026-10-11,W0251,52.3203,10.7203,1.05,10.9,10.6,0.284,11.2,0.199,1.91
2026-10-12,W0251,52.3203,10.7203,9.3,10.0,10.2,0.283,10.7,0.203,1.04
2026-10-06,W0252,52.3203,10.7498,0.0,14.6,13.6,0.197,12.8,0.15,1.63
2026-10-07,W0252,52.3203,10.7498,0.0,15.1,14.0,0.187,13.1,0.15,2.2
2026-10-08,W0252,52.3203,10.7498,7.33,12.7,13.0,0.22,13.4,0.151,1.3
2026-10-09,W0252,52.3203,10.7498,4.5,9.8,10.4,0.233,11.6,0.153,1.0
2026-10-10,W0252,52.3203,10.7498,2.4,11.5,12.1,0.24,11.7,0.155,1.74
2026-10-11,W0252,52.3203,10.7498,1.05,11.0,10.5,0.237,11.2,0.157,1.92
2026-10-12,W0252,52.3203,10.7498,9.3,10.1,10.1,0.23,10.7,0.158,1.04
2026-10-06,W1370,52.32928,10.76519,0.0,14.8,13.4,0.214,12.4,0.183,1.67
2026-10-07,W1370,52.32928,10.76519,0.0,15.0,13.4,0.203,12.6,0.183,2.24
2026-10-08,W1370,52.32928,10.76519,7.37,12.8,12.8,0.276,13.0,0.184,1.31
2026-10-09,W1370,52.32928,10.76519,4.5,9.9,10.3,0.284,11.2,0.19,1.01
2026-10-10,W1370,52.32928,10.76519,2.4,11.6,11.8,0.296,11.3,0.195,1.75
2026-10-11,W1370,52.32928,10.76519,1.05,11.1,10.4,0.287,10.9,0.201,1.93
2026-10-12,W1370,52.32928,10.76519,9.3,10.2,10.0,0.273,10.4,0.204,1.05
2026-10-06,W1371,52.32928,10.79476,0.0,14.3,13.4,0.214,12.4,0.183,1.66
2026-10-07,W1371,52.32928,10.79476,0.0,14.7,13.4,0.203,12.6,0.183,2.21
2026-10-08,W1371,52.32928,10.79476,5.95,12.8,12.8,0.276,13.0,0.184,1.34
2026-10-09,W1371,52.32928,10.79476,4.5,9.9,10.3,0.284,11.2,0.19,1.0
2026-10-10,W1371,52.32928,10.79476,2.1,11.6,11.8,0.296,11.3,0.195,1.74
2026-10-11,W1371,52.32928,10.79476,1.05,11.1,10.4,0.287,10.9,0.201,1.93
2026-10-12,W1371,52.32928,10.79476,9.3,10.1,10.0,0.273,10.4,0.204,1.04
2026-10-06,W0253,52.3203,10.8384,0.0,14.0,13.4,0.214,12.4,0.183,1.65
2026-10-07,W0253,52.3203,10.8384,0.0,14.8,13.4,0.203,12.6,0.183,2.19
2026-10-08,W0253,52.3203,10.8384,5.27,12.8,12.8,0.276,13.0,0.184,1.36
2026-10-09,W0253,52.3203,10.8384,4.5,9.7,10.3,0.284,11.2,0.19,0.99
2026-10-10,W0253,52.3203,10.8384,2.1,11.4,11.8,0.296,11.3,0.195,1.73
2026-10-11,W0253,52.3203,10.8384,1.05,10.9,10.4,0.287,10.9,0.201,1.91
2026-10-12,W0253,52.3203,10.8384,9.3,10.0,10.0,0.273,10.4,0.204,1.04
2026-10-06,W0254,52.3203,10.868,0.0,14.4,13.4,0.214,12.4,0.183,1.67
2026-10-07,W0254,52.3203,10.868,0.0,14.7,13.4,0.203,12.6,0.183,2.19
2026-10-08,W0254,52.3203,10.868,4.67,12.7,12.8,0.276,13.0,0.184,1.34
2026-10-09,W0254,52.3203,10.868,4.8,9.9,10.3,0.284,11.2,0.19,1.0
2026-10-10,W0254,52.3203,10.868,2.1,11.6,11.8,0.296,11.3,0.195,1.73
2026-10-11,W0254,52.3203,10.868,1.05,11.0,10.4,0.287,10.9,0.201,1.91
2026-10-12,W0254,52.3203,10.868,9.3,10.0,10.0,0.273,10.4,0.204,1.04
2026-10-06,W1372,52.32928,10.88345,0.0,14.4,13.4,0.214,12.4,0.183,1.67
2026-10-07,W1372,52.32928,10.88345,0.0,14.6,13.4,0.203,12.6,0.183,2.18
2026-10-08,W1372,52.32928,10.88345,4.67,12.7,12.8,0.276,13.0,0.184,1.34
2026-10-09,W1372,52.32928,10.88345,4.8,9.9,10.3,0.284,11.2,0.19,1.0
2026-10-10,W1372,52.32928,10.88345,2.1,11.6,11.8,0.296,11.3,0.195,1.73
2026-10-11,W1372,52.32928,10.88345,1.05,11.0,10.4,0.287,10.9,0.201,1.91
2026-10-12,W1372,52.32928,10.88345,9.3,10.0,10.0,0.273,10.4,0.204,1.04
2026-10-06,W0255,52.3203,10.9271,0.0,14.5,13.9,0.208,13.1,0.154,1.64
2026-10-07,W0255,52.3203,10.9271,0.0,15.0,14.1,0.197,13.4,0.155,2.15
2026-10-08,W0255,52.3203,10.9271,4.15,12.7,13.1,0.24,13.6,0.156,1.35
2026-10-09,W0255,52.3203,10.9271,4.8,9.7,10.6,0.251,11.8,0.158,0.98
2026-10-10,W0255,52.3203,10.9271,2.1,11.3,12.1,0.257,11.8,0.161,1.68
2026-10-11,W0255,52.3203,10.9271,1.05,10.6,10.6,0.252,11.4,0.164,1.87
2026-10-12,W0255,52.3203,10.9271,9.3,9.7,10.2,0.244,10.8,0.167,1.03
2026-10-06,W0256,52.3203,10.9566,0.0,14.7,13.5,0.227,12.7,0.197,1.66
2026-10-07,W0256,52.3203,10.9566,0.0,15.3,13.6,0.216,12.9,0.196,2.17
2026-10-08,W0256,52.3203,10.9566,4.2,12.9,13.0,0.267,13.3,0.197,1.37
2026-10-09,W0256,52.3203,10.9566,4.8,9.7,10.5,0.277,11.5,0.201,0.98
2026-10-10,W0256,52.3203,10.9566,2.1,11.3,12.0,0.292,11.7,0.205,1.69
2026-10-11,W0256,52.3203,10.9566,0.75,10.7,10.6,0.281,11.3,0.209,1.89
2026-10-12,W0256,52.3203,10.9566,8.1,9.6,10.2,0.268,10.7,0.211,1.0
2026-10-06,W0257,52.3203,10.9861,0.0,15.0,13.5,0.227,12.7,0.197,1.67
2026-10-07,W0257,52.3203,10.9861,0.0,15.5,13.6,0.216,12.9,0.196,2.19
2026-10-08,W0257,52.3203,10.9861,4.1,13.2,13.0,0.267,13.3,0.197,1.38
2026-10-09,W0257,52.3203,10.9861,4.9,10.0,10.5,0.277,11.5,0.201,1.0
2026-10-10,W0257,52.3203,10.9861,2.1,11.6,12.0,0.292,11.7,0.205,1.72
2026-10-11,W0257,52.3203,10.9861,0.75,10.9,10.6,0.281,11.3,0.209,1.91
2026-10-12,W0257,52.3203,10.9861,8.1,9.8,10.2,0.268,10.7,0.211,1.01
2026-10-06,W1373,52.32928,11.00171,0.0,15.2,13.5,0.227,12.7,0.197,1.69
2026-10-07,W1373,52.32928,11.00171,0.0,15.4,13.6,0.216,12.9,0.196,2.21
2026-10-08,W1373,52.32928,11.00171,4.65,13.1,13.0,0.267,13.3,0.197,1.38
2026-10-09,W1373,52.32928,11.00171,4.9,9.9,10.5,0.277,11.5,0.201,1.0
2026-10-10,W1373,52.32928,11.00171,2.1,11.5,12.0,0.292,11.7,0.205,1.72
2026-10-11,W1373,52.32928,11.00171,0.75,10.9,10.6,0.281,11.3,0.209,1.9
2026-10-12,W1373,52.32928,11.00171,8.1,9.8,10.2,0.268,10.7,0.211,1.01
2026-10-06,W0258,52.3203,11.0452,0.0,15.2,13.5,0.227,12.7,0.197,1.67
2026-10-07,W0258,52.3203,11.0452,0.0,14.8,13.6,0.216,12.9,0.196,2.19
2026-10-08,W0258,52.3203,11.0452,5.33,13.1,13.0,0.267,13.3,0.197,1.38
2026-10-09,W0258,52.3203,11.0452,5.5,9.9,10.5,0.277,11.5,0.201,1.06
2026-10-10,W0258,52.3203,11.0452,2.1,11.6,12.0,0.292,11.7,0.205,1.79
2026-10-11,W0258,52.3203,11.0452,0.75,10.9,10.6,0.281,11.3,0.209,1.91
2026-10-12,W0258,52.3203,11.0452,8.1,9.8,10.2,0.268,10.7,0.211,1.01
2026-10-06,W1374,52.32928,11.06084,0.0,15.2,13.5,0.227,12.7,0.197,1.67
2026-10-07,W1374,52.32928,11.06084,0.0,14.9,13.6,0.216,12.9,0.196,2.2
2026-10-08,W1374,52.32928,11.06084,5.5,13.3,13.0,0.267,13.3,0.197,1.39
2026-10-09,W1374,52.32928,11.06084,5.5,10.2,10.5,0.277,11.5,0.201,1.07
2026-10-10,W1374,52.32928,11.06084,2.1,11.9,12.0,0.292,11.7,0.205,1.81
2026-10-11,W1374,52.32928,11.06084,0.75,11.1,10.6,0.281,11.3,0.209,1.93
2026-10-12,W1374,52.32928,11.06084,8.1,10.0,10.2,0.268,10.7,0.211,1.02
2026-10-06,W1375,52.32928,11.0904,0.0,15.3,14.2,0.21,13.5,0.146,1.66
2026-10-07,W1375,52.32928,11.0904,0.0,15.3,14.3,0.199,13.7,0.147,2.26
2026-10-08,W1375,52.32928,11.0904,5.65,13.5,13.4,0.255,13.9,0.149,1.43
2026-10-09,W1375,52.32928,11.0904,5.5,10.3,11.0,0.262,12.2,0.154,1.07
2026-10-10,W1375,52.32928,11.0904,2.1,11.9,12.5,0.26,12.2,0.157,1.81
2026-10-11,W1375,52.32928,11.0904,0.3,11.3,11.1,0.249,11.9,0.16,2.01
2026-10-12,W1375,52.32928,11.0904,7.5,10.3,10.5,0.237,11.3,0.162,1.04
2026-10-06,W1376,52.32928,11.11997,0.0,15.3,14.2,0.21,13.5,0.146,1.69
2026-10-07,W1376,52.32928,11.11997,0.0,15.5,14.3,0.199,13.7,0.147,2.27
2026-10-08,W1376,52.32928,11.11997,4.82,13.4,13.4,0.255,13.9,0.149,1.42
2026-10-09,W1376,52.32928,11.11997,5.5,10.2,11.0,0.262,12.2,0.154,1.05
2026-10-10,W1376,52.32928,11.11997,2.4,11.9,12.5,0.26,12.2,0.157,1.8
2026-10-11,W1376,52.32928,11.11997,0.3,11.2,11.1,0.249,11.9,0.16,1.99
2026-10-12,W1376,52.32928,11.11997,7.5,10.1,10.5,0.237,11.3,0.162,1.03
2026-10-06,W1377,52.32928,11.14953,0.0,15.5,14.2,0.21,13.5,0.146,1.68
2026-10-07,W1377,52.32928,11.14953,0.0,15.6,14.3,0.199,13.7,0.147,2.28
2026-10-08,W1377,52.32928,11.14953,5.1,13.2,13.4,0.255,13.9,0.149,1.4
2026-10-09,W1377,52.32928,11.14953,5.5,10.1,11.0,0.262,12.2,0.154,1.05
2026-10-10,W1377,52.32928,11.14953,2.4,11.8,12.5,0.26,12.2,0.157,1.79
2026-10-11,W1377,52.32928,11.14953,0.3,11.1,11.1,0.249,11.9,0.16,1.98
2026-10-12,W1377,52.32928,11.14953,7.5,10.0,10.5,0.237,11.3,0.162,1.03
2026-10-06,W0260,52.3383,10.1295,0.0,15.2,13.9,0.214,12.9,0.18,1.63
2026-10-07,W0260,52.3383,10.1295,0.0,16.2,14.0,0.202,13.3,0.18,2.07
2026-10-08,W0260,52.3383,10.1295,10.05,13.0,13.0,0.259,13.5,0.181,1.33
2026-10-09,W0260,52.3383,10.1295,7.0,10.0,10.4,0.274,11.6,0.185,0.9
2026-10-10,W0260,52.3383,10.1295,5.1,11.7,12.2,0.295,11.8,0.19,1.55
2026-10-11,W0260,52.3383,10.1295,1.5,11.1,10.6,0.284,11.4,0.196,1.86
2026-10-12,W0260,52.3383,10.1295,5.4,10.7,10.3,0.27,10.8,0.199,1.33
2026-10-06,W1378,52.3473,10.14435,0.0,15.4,13.9,0.214,12.9,0.18,1.63
2026-10-07,W1378,52.3473,10.14435,0.0,16.1,14.0,0.202,13.3,0.18,2.06
2026-10-08,W1378,52.3473,10.14435,8.88,13.1,13.0,0.259,13.5,0.181,1.34
2026-10-09,W1378,52.3473,10.14435,6.9,10.2,10.4,0.274,11.6,0.185,0.85
2026-10-10,W1378,52.3473,10.14435,5.4,11.7,12.2,0.295,11.8,0.19,1.46
2026-10-11,W1378,52.3473,10.14435,1.65,11.1,10.6,0.284,11.4,0.196,1.85
2026-10-12,W1378,52.3473,10.14435,5.4,10.7,10.3,0.27,10.8,0.199,1.33
2026-10-06,W1379,52.3473,10.17391,0.0,15.4,13.9,0.214,12.9,0.18,1.66
2026-10-07,W1379,52.3473,10.17391,0.0,16.3,14.0,0.202,13.3,0.18,2.11
2026-10-08,W1379,52.3473,10.17391,8.2,13.0,13.0,0.259,13.5,0.181,1.35
2026-10-09,W1379,52.3473,10.17391,6.2,10.2,10.4,0.274,11.6,0.185,0.91
2026-10-10,W1379,52.3473,10.17391,5.4,11.7,12.2,0.295,11.8,0.19,1.5
2026-10-11,W1379,52.3473,10.17391,1.65,11.1,10.6,0.284,11.4,0.196,1.85
2026-10-12,W1379,52.3473,10.17391,5.4,10.8,10.3,0.27,10.8,0.199,1.33
2026-10-06,W1380,52.3473,10.20347,0.0,15.5,13.9,0.214,12.9,0.18,1.66
2026-10-07,W1380,52.3473,10.20347,0.0,16.3,14.0,0.202,13.3,0.18,2.11
2026-10-08,W1380,52.3473,10.20347,8.2,13.0,13.0,0.259,13.5,0.181,1.35
2026-10-09,W1380,52.3473,10.20347,6.2,10.2,10.4,0.274,11.6,0.185,0.91
2026-10-10,W1380,52.3473,10.20347,5.4,11.8,12.2,0.295,11.8,0.19,1.51
2026-10-11,W1380,52.3473,10.20347,1.8,11.1,10.6,0.284,11.4,0.196,1.85
2026-10-12,W1380,52.3473,10.20347,7.8,10.6,10.3,0.27,10.8,0.199,1.22
2026-10-06,W1381,52.3473,10.23304,0.0,15.5,13.9,0.214,12.9,0.18,1.69
2026-10-07,W1381,52.3473,10.23304,0.0,16.2,14.0,0.202,13.3,0.18,2.14
2026-10-08,W1381,52.3473,10.23304,9.1,13.0,13.0,0.259,13.5,0.181,1.36
2026-10-09,W1381,52.3473,10.23304,5.7,10.2,10.4,0.274,11.6,0.185,0.92
2026-10-10,W1381,52.3473,10.23304,5.4,11.8,12.2,0.295,11.8,0.19,1.55
2026-10-11,W1381,52.3473,10.23304,1.8,11.1,10.6,0.284,11.4,0.196,1.85
2026-10-12,W1381,52.3473,10.23304,7.8,10.6,10.3,0.27,10.8,0.199,1.22
2026-10-06,W0281,52.3563,10.2772,0.0,15.2,13.4,0.22,12.4,0.21,1.68
2026-10-07,W0281,52.3563,10.2772,0.0,15.8,13.2,0.209,12.6,0.208,2.17
2026-10-08,W0281,52.3563,10.2772,8.78,12.9,12.6,0.288,12.9,0.209,1.35
2026-10-09,W0281,52.3563,10.2772,5.7,10.2,10.3,0.302,11.2,0.216,0.93
2026-10-10,W0281,52.3563,10.2772,5.4,11.8,12.1,0.332,11.5,0.225,1.55
2026-10-11,W0281,52.3563,10.2772,1.8,11.1,10.5,0.314,11.1,0.235,1.85
2026-10-12,W0281,52.3563,10.2772,7.8,10.6,10.2,0.295,10.6,0.239,1.22
2026-10-06,W0282,52.3563,10.3068,0.0,15.1,13.4,0.22,12.4,0.21,1.68
2026-10-07,W0282,52.3563,10.3068,0.0,15.6,13.2,0.209,12.6,0.208,2.14
2026-10-08,W0282,52.3563,10.3068,8.27,12.8,12.6,0.288,12.9,0.209,1.34
2026-10-09,W0282,52.3563,10.3068,5.2,10.0,10.3,0.302,11.2,0.216,0.93
2026-10-10,W0282,52.3563,10.3068,4.8,11.6,12.1,0.332,11.5,0.225,1.55
2026-10-11,W0282,52.3563,10.3068,1.5,11.0,10.5,0.314,11.1,0.235,1.85
2026-10-12,W0282,52.3563,10.3068,7.8,10.5,10.2,0.295,10.6,0.239,1.22
2026-10-06,W0261,52.3383,10.3363,0.0,15.0,13.4,0.22,12.4,0.21,1.69
2026-10-07,W0261,52.3383,10.3363,0.0,15.4,13.2,0.209,12.6,0.208,2.11
2026-10-08,W0261,52.3383,10.3363,7.5,12.8,12.6,0.288,12.9,0.209,1.34
2026-10-09,W0261,52.3383,10.3363,5.3,9.8,10.3,0.302,11.2,0.216,0.91
2026-10-10,W0261,52.3383,10.3363,4.5,11.6,12.1,0.332,11.5,0.225,1.6
2026-10-11,W0261,52.3383,10.3363,1.95,11.1,10.5,0.314,11.1,0.235,1.92
2026-10-12,W0261,52.3383,10.3363,6.3,10.5,10.2,0.295,10.6,0.239,1.28
2026-10-06,W0262,52.3383,10.3658,0.0,15.0,13.4,0.22,12.4,0.21,1.69
2026-10-07,W0262,52.3383,10.3658,0.0,15.5,13.2,0.209,12.6,0.208,2.15
2026-10-08,W0262,52.3383,10.3658,7.05,12.8,12.6,0.288,12.9,0.209,1.35
2026-10-09,W0262,52.3383,10.3658,4.3,9.9,10.3,0.302,11.2,0.216,0.92
2026-10-10,W0262,52.3383,10.3658,3.6,11.7,12.1,0.332,11.5,0.225,1.62
2026-10-11,W0262,52.3383,10.3658,1.95,11.2,10.5,0.314,11.1,0.235,1.93
2026-10-12,W0262,52.3383,10.3658,6.3,10.6,10.2,0.295,10.6,0.239,1.29
2026-10-06,W1382,52.3473,10.38086,0.0,15.0,13.4,0.22,12.4,0.21,1.69
2026-10-07,W1382,52.3473,10.38086,0.0,15.6,13.2,0.209,12.6,0.208,2.17
2026-10-08,W1382,52.3473,10.38086,6.03,12.9,12.6,0.288,12.9,0.209,1.38
2026-10-09,W1382,52.3473,10.38086,4.6,10.0,10.3,0.302,11.2,0.216,0.93
2026-10-10,W1382,52.3473,10.38086,4.5,11.7,12.1,0.332,11.5,0.225,1.56
2026-10-11,W1382,52.3473,10.38086,1.65,11.2,10.5,0.314,11.1,0.235,1.93
2026-10-12,W1382,52.3473,10.38086,6.3,10.7,10.2,0.295,10.6,0.239,1.29
2026-10-06,W0285,52.3563,10.4249,0.0,15.0,13.8,0.202,12.8,0.186,1.65
2026-10-07,W0285,52.3563,10.4249,0.0,15.7,14.0,0.191,13.2,0.185,2.19
2026-10-08,W0285,52.3563,10.4249,6.13,12.9,13.0,0.281,13.5,0.187,1.37
2026-10-09,W0285,52.3563,10.4249,4.5,10.0,10.5,0.288,11.6,0.194,0.94
2026-10-10,W0285,52.3563,10.4249,4.2,11.7,12.2,0.302,11.8,0.199,1.57
2026-10-11,W0285,52.3563,10.4249,1.65,11.2,10.6,0.291,11.4,0.206,1.93
2026-10-12,W0285,52.3563,10.4249,6.3,10.7,10.4,0.275,10.9,0.209,1.29
2026-10-06,W1383,52.3473,10.43999,0.0,14.9,13.8,0.202,12.8,0.186,1.68
2026-10-07,W1383,52.3473,10.43999,0.0,15.7,14.0,0.191,13.2,0.185,2.2
2026-10-08,W1383,52.3473,10.43999,6.33,12.9,13.0,0.281,13.5,0.187,1.39
2026-10-09,W1383,52.3473,10.43999,4.5,9.9,10.5,0.288,11.6,0.194,0.94
2026-10-10,W1383,52.3473,10.43999,4.2,11.7,12.2,0.302,11.8,0.199,1.57
2026-10-11,W1383,52.3473,10.43999,1.35,11.2,10.6,0.291,11.4,0.206,1.93
2026-10-12,W1383,52.3473,10.43999,8.4,10.5,10.4,0.275,10.9,0.209,1.2
2026-10-06,W0263,52.3383,10.484,0.0,14.7,13.8,0.202,12.8,0.186,1.64
2026-10-07,W0263,52.3383,10.484,0.0,15.9,14.0,0.191,13.2,0.185,2.21
2026-10-08,W0263,52.3383,10.484,7.93,13.1,13.0,0.281,13.5,0.187,1.35
2026-10-09,W0263,52.3383,10.484,4.0,9.9,10.5,0.288,11.6,0.194,0.93
2026-10-10,W0263,52.3383,10.484,3.6,11.7,12.2,0.302,11.8,0.199,1.66
2026-10-11,W0263,52.3383,10.484,1.35,11.3,10.6,0.291,11.4,0.206,1.94
2026-10-12,W0263,52.3383,10.484,8.4,10.5,10.4,0.275,10.9,0.209,1.2
2026-10-06,W0264,52.3383,10.5135,0.0,14.9,13.8,0.202,12.8,0.186,1.61
2026-10-07,W0264,52.3383,10.5135,0.0,15.9,14.0,0.191,13.2,0.185,2.16
2026-10-08,W0264,52.3383,10.5135,8.33,13.2,13.0,0.281,13.5,0.187,1.36
2026-10-09,W0264,52.3383,10.5135,4.0,9.9,10.5,0.288,11.6,0.194,0.93
2026-10-10,W0264,52.3383,10.5135,3.6,11.7,12.2,0.302,11.8,0.199,1.66
2026-10-11,W0264,52.3383,10.5135,1.35,11.3,10.6,0.291,11.4,0.206,1.94
2026-10-12,W0264,52.3383,10.5135,8.4,10.5,10.4,0.275,10.9,0.209,1.2
2026-10-06,W1384,52.3473,10.52868,0.0,14.8,13.8,0.202,12.8,0.186,1.61
2026-10-07,W1384,52.3473,10.52868,0.0,15.8,14.0,0.191,13.2,0.185,2.15
2026-10-08,W1384,52.3473,10.52868,8.15,13.1,13.0,0.281,13.5,0.187,1.36
2026-10-09,W1384,52.3473,10.52868,4.3,9.9,10.5,0.288,11.6,0.194,0.94
2026-10-10,W1384,52.3473,10.52868,3.9,11.6,12.2,0.302,11.8,0.199,1.56
2026-10-11,W1384,52.3473,10.52868,1.35,11.2,10.6,0.291,11.4,0.206,1.93
2026-10-12,W1384,52.3473,10.52868,8.4,10.4,10.4,0.275,10.9,0.209,1.19
2026-10-06,W0265,52.3383,10.5726,0.0,14.6,13.8,0.202,12.8,0.186,1.57
2026-10-07,W0265,52.3383,10.5726,0.0,15.6,14.0,0.191,13.2,0.185,2.15
2026-10-08,W0265,52.3383,10.5726,7.78,13.1,13.0,0.281,13.5,0.187,1.31
2026-10-09,W0265,52.3383,10.5726,4.0,9.9,10.5,0.288,11.6,0.194,0.93
2026-10-10,W0265,52.3383,10.5726,3.0,11.6,12.2,0.302,11.8,0.199,1.64
2026-10-11,W0265,52.3383,10.5726,1.35,11.2,10.6,0.291,11.4,0.206,1.92
2026-10-12,W0265,52.3383,10.5726,8.4,10.4,10.4,0.275,10.9,0.209,1.19
2026-10-06,W0266,52.3383,10.6021,0.0,14.5,13.6,0.21,12.6,0.187,1.57
2026-10-07,W0266,52.3383,10.6021,0.0,15.4,13.7,0.199,12.9,0.187,2.14
2026-10-08,W0266,52.3383,10.6021,7.7,12.9,13.0,0.261,13.3,0.187,1.3
2026-10-09,W0266,52.3383,10.6021,4.1,9.7,10.5,0.273,11.5,0.191,0.97
2026-10-10,W0266,52.3383,10.6021,2.7,11.4,12.1,0.285,11.7,0.194,1.66
2026-10-11,W0266,52.3383,10.6021,1.35,11.0,10.6,0.284,11.2,0.199,1.92
2026-10-12,W0266,52.3383,10.6021,8.4,10.3,10.2,0.283,10.7,0.203,1.19
2026-10-06,W0267,52.3383,10.6317,0.0,14.6,13.6,0.21,12.6,0.187,1.57
2026-10-07,W0267,52.3383,10.6317,0.0,15.2,13.7,0.199,12.9,0.187,2.08
2026-10-08,W0267,52.3383,10.6317,7.38,12.9,13.0,0.261,13.3,0.187,1.26
2026-10-09,W0267,52.3383,10.6317,4.1,9.8,10.5,0.273,11.5,0.191,0.97
2026-10-10,W0267,52.3383,10.6317,2.7,11.5,12.1,0.285,11.7,0.194,1.67
2026-10-11,W0267,52.3383,10.6317,1.35,11.1,10.6,0.284,11.2,0.199,1.93
2026-10-12,W0267,52.3383,10.6317,8.4,10.4,10.2,0.283,10.7,0.203,1.19
2026-10-06,W0268,52.3383,10.6612,0.0,14.7,13.6,0.21,12.6,0.187,1.58
2026-10-07,W0268,52.3383,10.6612,0.0,15.2,13.7,0.199,12.9,0.187,2.09
2026-10-08,W0268,52.3383,10.6612,7.18,12.9,13.0,0.261,13.3,0.187,1.27
2026-10-09,W0268,52.3383,10.6612,4.2,9.8,10.5,0.273,11.5,0.191,0.99
2026-10-10,W0268,52.3383,10.6612,2.7,11.5,12.1,0.285,11.7,0.194,1.68
2026-10-11,W0268,52.3383,10.6612,1.2,11.2,10.6,0.284,11.2,0.199,1.94
2026-10-12,W0268,52.3383,10.6612,8.4,10.5,10.2,0.283,10.7,0.203,1.2
2026-10-06,W0269,52.3383,10.6908,0.0,14.2,13.6,0.21,12.6,0.187,1.57
2026-10-07,W0269,52.3383,10.6908,0.0,15.2,13.7,0.199,12.9,0.187,2.15
2026-10-08,W0269,52.3383,10.6908,6.73,12.7,13.0,0.261,13.3,0.187,1.25
2026-10-09,W0269,52.3383,10.6908,4.2,9.9,10.5,0.273,11.5,0.191,0.99
2026-10-10,W0269,52.3383,10.6908,2.7,11.5,12.1,0.285,11.7,0.194,1.68
2026-10-11,W0269,52.3383,10.6908,1.05,11.2,10.6,0.284,11.2,0.199,1.93
2026-10-12,W0269,52.3383,10.6908,9.3,10.3,10.2,0.283,10.7,0.203,1.05
2026-10-06,W0270,52.3383,10.7203,0.0,13.9,13.6,0.21,12.6,0.187,1.54
2026-10-07,W0270,52.3383,10.7203,0.0,15.0,13.7,0.199,12.9,0.187,2.13
2026-10-08,W0270,52.3383,10.7203,7.0,12.5,13.0,0.261,13.3,0.187,1.28
2026-10-09,W0270,52.3383,10.7203,4.5,9.7,10.5,0.273,11.5,0.191,1.0
2026-10-10,W0270,52.3383,10.7203,2.4,11.4,12.1,0.285,11.7,0.194,1.73
2026-10-11,W0270,52.3383,10.7203,1.05,11.0,10.6,0.284,11.2,0.199,1.92
2026-10-12,W0270,52.3383,10.7203,9.3,10.1,10.2,0.283,10.7,0.203,1.04
2026-10-06,W0271,52.3383,10.7498,0.0,14.6,13.6,0.21,12.6,0.187,1.61
2026-10-07,W0271,52.3383,10.7498,0.0,15.0,13.7,0.199,12.9,0.187,2.18
2026-10-08,W0271,52.3383,10.7498,7.2,12.7,13.0,0.261,13.3,0.187,1.29
2026-10-09,W0271,52.3383,10.7498,4.5,9.8,10.5,0.273,11.5,0.191,1.01
2026-10-10,W0271,52.3383,10.7498,2.4,11.5,12.1,0.285,11.7,0.194,1.74
2026-10-11,W0271,52.3383,10.7498,1.05,11.1,10.6,0.284,11.2,0.199,1.93
2026-10-12,W0271,52.3383,10.7498,9.3,10.2,10.2,0.283,10.7,0.203,1.04
2026-10-06,W1385,52.3473,10.76519,0.0,14.5,13.4,0.214,12.4,0.183,1.63
2026-10-07,W1385,52.3473,10.76519,0.0,14.9,13.4,0.203,12.6,0.183,2.22
2026-10-08,W1385,52.3473,10.76519,7.5,12.8,12.8,0.276,13.0,0.184,1.23
2026-10-09,W1385,52.3473,10.76519,4.0,9.9,10.3,0.284,11.2,0.19,0.93
2026-10-10,W1385,52.3473,10.76519,2.4,11.6,11.8,0.296,11.3,0.195,1.59
2026-10-11,W1385,52.3473,10.76519,1.2,11.2,10.4,0.287,10.9,0.201,1.91
2026-10-12,W1385,52.3473,10.76519,9.3,10.2,10.0,0.273,10.4,0.204,1.05
2026-10-06,W0293,52.3563,10.8089,0.0,14.9,13.4,0.214,12.4,0.183,1.59
2026-10-07,W0293,52.3563,10.8089,0.0,16.2,13.4,0.203,12.6,0.183,2.21
2026-10-08,W0293,52.3563,10.8089,8.08,13.2,12.8,0.276,13.0,0.184,1.29
2026-10-09,W0293,52.3563,10.8089,4.3,9.9,10.3,0.284,11.2,0.19,0.93
2026-10-10,W0293,52.3563,10.8089,2.1,11.6,11.8,0.296,11.3,0.195,1.62
2026-10-11,W0293,52.3563,10.8089,1.2,11.1,10.4,0.287,10.9,0.201,1.9
2026-10-12,W0293,52.3563,10.8089,9.3,10.1,10.0,0.273,10.4,0.204,1.04
2026-10-06,W0294,52.3563,10.8384,0.0,14.6,13.4,0.214,12.4,0.183,1.56
2026-10-07,W0294,52.3563,10.8384,0.0,15.8,13.4,0.203,12.6,0.183,2.15
2026-10-08,W0294,52.3563,10.8384,7.72,13.0,12.8,0.276,13.0,0.184,1.29
2026-10-09,W0294,52.3563,10.8384,4.3,9.8,10.3,0.284,11.2,0.19,0.92
2026-10-10,W0294,52.3563,10.8384,2.1,11.5,11.8,0.296,11.3,0.195,1.61
2026-10-11,W0294,52.3563,10.8384,1.2,11.0,10.4,0.287,10.9,0.201,1.9
2026-10-12,W0294,52.3563,10.8384,9.3,10.1,10.0,0.273,10.4,0.204,1.04
2026-10-06,W0272,52.3383,10.868,0.0,14.3,13.4,0.214,12.4,0.183,1.62
2026-10-07,W0272,52.3383,10.868,0.0,15.3,13.4,0.203,12.6,0.183,2.2
2026-10-08,W0272,52.3383,10.868,5.52,13.0,12.8,0.276,13.0,0.184,1.37
2026-10-09,W0272,52.3383,10.868,4.8,9.9,10.3,0.284,11.2,0.19,1.0
2026-10-10,W0272,52.3383,10.868,2.1,11.6,11.8,0.296,11.3,0.195,1.73
2026-10-11,W0272,52.3383,10.868,1.05,10.9,10.4,0.287,10.9,0.201,1.9
2026-10-12,W0272,52.3383,10.868,9.3,10.0,10.0,0.273,10.4,0.204,1.04
2026-10-06,W0273,52.3383,10.8975,0.0,14.9,13.4,0.214,12.4,0.183,1.66
2026-10-07,W0273,52.3383,10.8975,0.0,15.7,13.4,0.203,12.6,0.183,2.21
2026-10-08,W0273,52.3383,10.8975,4.9,12.9,12.8,0.276,13.0,0.184,1.4
2026-10-09,W0273,52.3383,10.8975,4.8,9.7,10.3,0.284,11.2,0.19,0.99
2026-10-10,W0273,52.3383,10.8975,2.1,11.4,11.8,0.296,11.3,0.195,1.72
2026-10-11,W0273,52.3383,10.8975,1.05,10.8,10.4,0.287,10.9,0.201,1.89
2026-10-12,W0273,52.3383,10.8975,9.3,9.8,10.0,0.273,10.4,0.204,1.03
2026-10-06,W0274,52.3383,10.9271,0.0,15.0,13.5,0.227,12.7,0.197,1.66
2026-10-07,W0274,52.3383,10.9271,0.0,15.8,13.6,0.216,12.9,0.196,2.22
2026-10-08,W0274,52.3383,10.9271,4.75,13.1,13.0,0.267,13.3,0.197,1.4
2026-10-09,W0274,52.3383,10.9271,4.8,10.0,10.5,0.277,11.5,0.201,0.99
2026-10-10,W0274,52.3383,10.9271,2.1,11.6,12.0,0.292,11.7,0.205,1.71
2026-10-11,W0274,52.3383,10.9271,1.05,10.9,10.6,0.281,11.3,0.209,1.89
2026-10-12,W0274,52.3383,10.9271,9.3,10.0,10.2,0.268,10.7,0.211,1.04
2026-10-06,W0275,52.3383,10.9566,0.0,15.3,13.5,0.227,12.7,0.197,1.68
2026-10-07,W0275,52.3383,10.9566,0.0,15.4,13.6,0.216,12.9,0.196,2.19
2026-10-08,W0275,52.3383,10.9566,4.75,13.2,13.0,0.267,13.3,0.197,1.41
2026-10-09,W0275,52.3383,10.9566,4.8,10.1,10.5,0.277,11.5,0.201,1.0
2026-10-10,W0275,52.3383,10.9566,2.1,11.7,12.0,0.292,11.7,0.205,1.71
2026-10-11,W0275,52.3383,10.9566,0.75,11.0,10.6,0.281,11.3,0.209,1.92
2026-10-12,W0275,52.3383,10.9566,8.1,10.0,10.2,0.268,10.7,0.211,1.01
2026-10-06,W0276,52.3383,10.9861,0.0,15.2,13.5,0.227,12.7,0.197,1.68
2026-10-07,W0276,52.3383,10.9861,0.0,15.2,13.6,0.216,12.9,0.196,2.16
2026-10-08,W0276,52.3383,10.9861,4.65,13.1,13.0,0.267,13.3,0.197,1.36
2026-10-09,W0276,52.3383,10.9861,4.9,10.1,10.5,0.277,11.5,0.201,1.01
2026-10-10,W0276,52.3383,10.9861,2.1,11.7,12.0,0.292,11.7,0.205,1.73
2026-10-11,W0276,52.3383,10.9861,0.75,11.0,10.6,0.281,11.3,0.209,1.91
2026-10-12,W0276,52.3383,10.9861,8.1,9.9,10.2,0.268,10.7,0.211,1.01
2026-10-06,W0297,52.3563,11.0157,0.0,15.1,13.5,0.227,12.7,0.197,1.64
2026-10-07,W0297,52.3563,11.0157,0.0,14.8,13.6,0.216,12.9,0.196,2.18
2026-10-08,W0297,52.3563,11.0157,5.22,13.1,13.0,0.267,13.3,0.197,1.37
2026-10-09,W0297,52.3563,11.0157,4.2,10.1,10.5,0.277,11.5,0.201,1.07
2026-10-10,W0297,52.3563,11.0157,2.1,11.8,12.0,0.292,11.7,0.205,1.79
2026-10-11,W0297,52.3563,11.0157,0.9,11.2,10.6,0.281,11.3,0.209,1.95
2026-10-12,W0297,52.3563,11.0157,8.1,10.1,10.2,0.268,10.7,0.211,1.02
2026-10-06,W0298,52.3563,11.0452,0.0,15.1,13.5,0.227,12.7,0.197,1.64
2026-10-07,W0298,52.3563,11.0452,0.0,14.8,13.6,0.216,12.9,0.196,2.18
2026-10-08,W0298,52.3563,11.0452,5.15,13.1,13.0,0.267,13.3,0.197,1.39
2026-10-09,W0298,52.3563,11.0452,4.4,10.2,10.5,0.277,11.5,0.201,1.12
2026-10-10,W0298,52.3563,11.0452,2.4,11.9,12.0,0.292,11.7,0.205,1.86
2026-10-11,W0298,52.3563,11.0452,0.9,11.2,10.6,0.281,11.3,0.209,1.97
2026-10-12,W0298,52.3563,11.0452,8.1,10.1,10.2,0.268,10.7,0.211,1.02
2026-10-06,W0299,52.3563,11.0747,0.0,14.7,14.1,0.212,13.6,0.164,1.6
2026-10-07,W0299,52.3563,11.0747,0.0,14.7,14.0,0.201,13.8,0.165,2.22
2026-10-08,W0299,52.3563,11.0747,6.52,13.2,13.5,0.237,14.1,0.165,1.42
2026-10-09,W0299,52.3563,11.0747,4.4,10.2,10.9,0.246,12.4,0.167,1.12
2026-10-10,W0299,52.3563,11.0747,2.4,11.8,12.5,0.312,12.4,0.175,1.86
2026-10-11,W0299,52.3563,11.0747,0.45,11.3,11.1,0.293,12.0,0.187,2.04
2026-10-12,W0299,52.3563,11.0747,7.5,10.2,10.6,0.271,11.4,0.19,1.03
2026-10-06,W0277,52.3383,11.1043,0.0,15.0,14.2,0.21,13.5,0.146,1.62
2026-10-07,W0277,52.3383,11.1043,0.0,15.3,14.3,0.199,13.7,0.147,2.28
2026-10-08,W0277,52.3383,11.1043,5.88,13.4,13.4,0.255,13.9,0.149,1.41
2026-10-09,W0277,52.3383,11.1043,5.5,10.2,11.0,0.262,12.2,0.154,1.06
2026-10-10,W0277,52.3383,11.1043,2.4,11.9,12.5,0.26,12.2,0.157,1.8
2026-10-11,W0277,52.3383,11.1043,0.3,11.2,11.1,0.249,11.9,0.16,2.0
2026-10-12,W0277,52.3383,11.1043,7.5,10.1,10.5,0.237,11.3,0.162,1.03
2026-10-06,W0278,52.3383,11.1338,0.0,15.5,14.2,0.21,13.5,0.146,1.66
2026-10-07,W0278,52.3383,11.1338,0.0,15.7,14.3,0.199,13.7,0.147,2.28
2026-10-08,W0278,52.3383,11.1338,4.82,13.1,13.4,0.255,13.9,0.149,1.39
2026-10-09,W0278,52.3383,11.1338,5.5,10.1,11.0,0.262,12.2,0.154,1.05
2026-10-10,W0278,52.3383,11.1338,2.4,11.8,12.5,0.26,12.2,0.157,1.8
2026-10-11,W0278,52.3383,11.1338,0.3,11.1,11.1,0.249,11.9,0.16,1.99
2026-10-12,W0278,52.3383,11.1338,7.5,10.0,10.5,0.237,11.3,0.162,1.03
2026-10-06,W1386,52.3473,11.14953,0.0,15.3,14.2,0.21,13.5,0.146,1.65
2026-10-07,W1386,52.3473,11.14953,0.0,15.6,14.3,0.199,13.7,0.147,2.27
2026-10-08,W1386,52.3473,11.14953,5.12,13.0,13.4,0.255,13.9,0.149,1.4
2026-10-09,W1386,52.3473,11.14953,4.7,9.9,11.0,0.262,12.2,0.154,1.11
2026-10-10,W1386,52.3473,11.14953,2.1,11.6,12.5,0.26,12.2,0.157,1.86
2026-10-11,W1386,52.3473,11.14953,0.3,11.0,11.1,0.249,11.9,0.16,2.01
2026-10-12,W1386,52.3473,11.14953,7.5,9.9,10.5,0.237,11.3,0.162,1.02
2026-10-06,W0302,52.3743,10.1,0.0,15.0,13.9,0.214,12.9,0.18,1.57
2026-10-07,W0302,52.3743,10.1,0.0,15.9,14.0,0.202,13.3,0.18,2.01
2026-10-08,W0302,52.3743,10.1,11.53,13.0,13.0,0.259,13.5,0.181,1.33
2026-10-09,W0302,52.3743,10.1,6.9,10.2,10.4,0.274,11.6,0.185,0.85
2026-10-10,W0302,52.3743,10.1,5.4,11.7,12.2,0.295,11.8,0.19,1.46
2026-10-11,W0302,52.3743,10.1,1.65,11.2,10.6,0.284,11.4,0.196,1.85
2026-10-12,W0302,52.3743,10.1,5.4,10.8,10.3,0.27,10.8,0.199,1.33
2026-10-06,W1387,52.36532,10.14435,0.0,15.3,13.9,0.214,12.9,0.18,1.65
2026-10-07,W1387,52.36532,10.14435,0.0,16.0,14.0,0.202,13.3,0.18,2.07
2026-10-08,W1387,52.36532,10.14435,9.23,13.0,13.0,0.259,13.5,0.181,1.34
2026-10-09,W1387,52.36532,10.14435,6.9,10.2,10.4,0.274,11.6,0.185,0.85
2026-10-10,W1387,52.36532,10.14435,5.4,11.7,12.2,0.295,11.8,0.19,1.46
2026-10-11,W1387,52.36532,10.14435,1.65,11.1,10.6,0.284,11.4,0.196,1.85
2026-10-12,W1387,52.36532,10.14435,5.4,10.8,10.3,0.27,10.8,0.199,1.33
2026-10-06,W0303,52.3743,10.1886,0.0,15.0,13.1,0.249,12.1,0.222,1.62
2026-10-07,W0303,52.3743,10.1886,0.0,15.8,13.1,0.236,12.5,0.22,2.09
2026-10-08,W0303,52.3743,10.1886,8.65,12.9,12.6,0.297,12.9,0.222,1.34
2026-10-09,W0303,52.3743,10.1886,6.2,10.2,10.3,0.301,11.2,0.228,0.91
2026-10-10,W0303,52.3743,10.1886,5.4,11.7,12.1,0.311,11.5,0.232,1.5
2026-10-11,W0303,52.3743,10.1886,1.8,11.1,10.5,0.3,11.1,0.237,1.85
2026-10-12,W0303,52.3743,10.1886,7.8,10.6,10.2,0.285,10.6,0.238,1.22
2026-10-06,W1388,52.36532,10.20347,0.0,15.2,13.1,0.249,12.1,0.222,1.66
2026-10-07,W1388,52.36532,10.20347,0.0,16.0,13.1,0.236,12.5,0.22,2.12
2026-10-08,W1388,52.36532,10.20347,8.05,12.9,12.6,0.297,12.9,0.222,1.34
2026-10-09,W1388,52.36532,10.20347,6.2,10.1,10.3,0.301,11.2,0.228,0.9
2026-10-10,W1388,52.36532,10.20347,5.4,11.7,12.1,0.311,11.5,0.232,1.5
2026-10-11,W1388,52.36532,10.20347,1.8,11.0,10.5,0.3,11.1,0.237,1.84
2026-10-12,W1388,52.36532,10.20347,7.8,10.5,10.2,0.285,10.6,0.238,1.22
2026-10-06,W1389,52.36532,10.23304,0.0,15.3,13.1,0.249,12.1,0.222,1.68
2026-10-07,W1389,52.36532,10.23304,0.0,16.0,13.1,0.236,12.5,0.22,2.17
2026-10-08,W1389,52.36532,10.23304,8.85,13.0,12.6,0.297,12.9,0.222,1.36
2026-10-09,W1389,52.36532,10.23304,5.7,10.2,10.3,0.301,11.2,0.228,0.93
2026-10-10,W1389,52.36532,10.23304,5.4,11.8,12.1,0.311,11.5,0.232,1.55
2026-10-11,W1389,52.36532,10.23304,1.8,11.1,10.5,0.3,11.1,0.237,1.86
2026-10-12,W1389,52.36532,10.23304,7.8,10.6,10.2,0.285,10.6,0.238,1.22
2026-10-06,W1390,52.36532,10.2626,0.0,15.2,13.4,0.22,12.4,0.21,1.68
2026-10-07,W1390,52.36532,10.2626,0.0,15.8,13.2,0.209,12.6,0.208,2.17
2026-10-08,W1390,52.36532,10.2626,8.78,12.9,12.6,0.288,12.9,0.209,1.35
2026-10-09,W1390,52.36532,10.2626,5.7,10.2,10.3,0.302,11.2,0.216,0.92
2026-10-10,W1390,52.36532,10.2626,5.4,11.8,12.1,0.332,11.5,0.225,1.55
2026-10-11,W1390,52.36532,10.2626,1.8,11.1,10.5,0.314,11.1,0.235,1.85
2026-10-12,W1390,52.36532,10.2626,7.8,10.5,10.2,0.295,10.6,0.239,1.22
2026-10-06,W0304,52.3743,10.3068,0.0,15.0,13.4,0.22,12.4,0.21,1.62
2026-10-07,W0304,52.3743,10.3068,0.0,15.9,13.2,0.209,12.6,0.208,2.15
2026-10-08,W0304,52.3743,10.3068,8.48,12.9,12.6,0.288,12.9,0.209,1.36
2026-10-09,W0304,52.3743,10.3068,5.2,10.1,10.3,0.302,11.2,0.216,0.93
2026-10-10,W0304,52.3743,10.3068,4.8,11.7,12.1,0.332,11.5,0.225,1.55
2026-10-11,W0304,52.3743,10.3068,1.5,11.1,10.5,0.314,11.1,0.235,1.85
2026-10-12,W0304,52.3743,10.3068,7.8,10.6,10.2,0.295,10.6,0.239,1.22
2026-10-06,W0305,52.3743,10.3363,0.0,15.0,13.4,0.22,12.4,0.21,1.64
2026-10-07,W0305,52.3743,10.3363,0.0,15.4,13.2,0.209,12.6,0.208,2.12
2026-10-08,W0305,52.3743,10.3363,8.2,12.7,12.6,0.288,12.9,0.209,1.35
2026-10-09,W0305,52.3743,10.3363,5.2,10.0,10.3,0.302,11.2,0.216,0.93
2026-10-10,W0305,52.3743,10.3363,4.8,11.6,12.1,0.332,11.5,0.225,1.54
2026-10-11,W0305,52.3743,10.3363,1.65,11.1,10.5,0.314,11.1,0.235,1.9
2026-10-12,W0305,52.3743,10.3363,6.3,10.5,10.2,0.295,10.6,0.239,1.29
2026-10-06,W0306,52.3743,10.3658,0.0,15.2,13.0,0.247,12.0,0.234,1.65
2026-10-07,W0306,52.3743,10.3658,0.0,15.6,12.9,0.236,12.2,0.232,2.13
2026-10-08,W0306,52.3743,10.3658,8.2,12.8,12.4,0.305,12.6,0.233,1.37
2026-10-09,W0306,52.3743,10.3658,4.6,10.0,10.2,0.308,11.0,0.239,0.93
2026-10-10,W0306,52.3743,10.3658,4.5,11.7,12.0,0.338,11.4,0.247,1.56
2026-10-11,W0306,52.3743,10.3658,1.65,11.2,10.5,0.316,11.0,0.254,1.93
2026-10-12,W0306,52.3743,10.3658,6.3,10.7,10.1,0.298,10.5,0.256,1.29
2026-10-06,W0307,52.3743,10.3954,0.0,15.1,13.0,0.247,12.0,0.234,1.64
2026-10-07,W0307,52.3743,10.3954,0.0,15.7,12.9,0.236,12.2,0.232,2.18
2026-10-08,W0307,52.3743,10.3954,7.0,12.8,12.4,0.305,12.6,0.233,1.38
2026-10-09,W0307,52.3743,10.3954,4.6,10.0,10.2,0.308,11.0,0.239,0.93
2026-10-10,W0307,52.3743,10.3954,4.5,11.7,12.0,0.338,11.4,0.247,1.56
2026-10-11,W0307,52.3743,10.3954,1.65,11.2,10.5,0.316,11.0,0.254,1.93
2026-10-12,W0307,52.3743,10.3954,6.3,10.7,10.1,0.298,10.5,0.256,1.29
2026-10-06,W0308,52.3743,10.4249,0.0,14.9,13.0,0.247,12.0,0.234,1.61
2026-10-07,W0308,52.3743,10.4249,0.0,16.0,12.9,0.236,12.2,0.232,2.23
2026-10-08,W0308,52.3743,10.4249,5.7,13.0,12.4,0.305,12.6,0.233,1.4
2026-10-09,W0308,52.3743,10.4249,4.5,9.9,10.2,0.308,11.0,0.239,0.94
2026-10-10,W0308,52.3743,10.4249,4.2,11.7,12.0,0.338,11.4,0.247,1.57
2026-10-11,W0308,52.3743,10.4249,1.65,11.2,10.5,0.316,11.0,0.254,1.93
2026-10-12,W0308,52.3743,10.4249,6.3,10.6,10.1,0.298,10.5,0.256,1.29
2026-10-06,W1391,52.36532,10.43999,0.0,14.9,13.8,0.202,12.8,0.186,1.62
2026-10-07,W1391,52.36532,10.43999,0.0,16.0,14.0,0.191,13.2,0.185,2.23
2026-10-08,W1391,52.36532,10.43999,5.7,13.0,13.0,0.281,13.5,0.187,1.4
2026-10-09,W1391,52.36532,10.43999,4.5,9.9,10.5,0.288,11.6,0.194,0.94
2026-10-10,W1391,52.36532,10.43999,4.2,11.7,12.2,0.302,11.8,0.199,1.57
2026-10-11,W1391,52.36532,10.43999,1.35,11.3,10.6,0.291,11.4,0.206,1.93
2026-10-12,W1391,52.36532,10.43999,8.4,10.5,10.4,0.275,10.9,0.209,1.2
2026-10-06,W1392,52.36532,10.46955,0.0,14.9,13.8,0.202,12.8,0.186,1.62
2026-10-07,W1392,52.36532,10.46955,0.0,16.0,14.0,0.191,13.2,0.185,2.23
2026-10-08,W1392,52.36532,10.46955,6.02,13.0,13.0,0.281,13.5,0.187,1.36
2026-10-09,W1392,52.36532,10.46955,4.3,9.9,10.5,0.288,11.6,0.194,0.94
2026-10-10,W1392,52.36532,10.46955,3.9,11.6,12.2,0.302,11.8,0.199,1.56
2026-10-11,W1392,52.36532,10.46955,1.35,11.2,10.6,0.291,11.4,0.206,1.93
2026-10-12,W1392,52.36532,10.46955,8.4,10.5,10.4,0.275,10.9,0.209,1.2
2026-10-06,W0309,52.3743,10.5135,0.0,15.1,13.0,0.226,12.0,0.204,1.62
2026-10-07,W0309,52.3743,10.5135,0.0,15.9,13.2,0.215,12.6,0.203,2.26
2026-10-08,W0309,52.3743,10.5135,7.75,13.1,12.6,0.29,13.0,0.204,1.4
2026-10-09,W0309,52.3743,10.5135,4.3,9.9,10.4,0.296,11.3,0.211,0.94
2026-10-10,W0309,52.3743,10.5135,3.9,11.6,12.2,0.302,11.7,0.216,1.56
2026-10-11,W0309,52.3743,10.5135,1.35,11.2,10.6,0.289,11.3,0.22,1.93
2026-10-12,W0309,52.3743,10.5135,8.4,10.5,10.2,0.278,10.7,0.222,1.2
2026-10-06,W1393,52.36532,10.52868,0.0,15.0,13.8,0.202,12.8,0.186,1.59
2026-10-07,W1393,52.36532,10.52868,0.0,15.9,14.0,0.191,13.2,0.185,2.17
2026-10-08,W1393,52.36532,10.52868,7.72,13.1,13.0,0.281,13.5,0.187,1.37
2026-10-09,W1393,52.36532,10.52868,4.3,9.9,10.5,0.288,11.6,0.194,0.94
2026-10-10,W1393,52.36532,10.52868,3.9,11.6,12.2,0.302,11.8,0.199,1.56
2026-10-11,W1393,52.36532,10.52868,1.35,11.2,10.6,0.291,11.4,0.206,1.93
2026-10-12,W1393,52.36532,10.52868,8.4,10.4,10.4,0.275,10.9,0.209,1.19
2026-10-06,W0310,52.3743,10.5726,0.0,15.1,13.0,0.226,12.0,0.204,1.6
2026-10-07,W0310,52.3743,10.5726,0.0,15.9,13.2,0.215,12.6,0.203,2.29
2026-10-08,W0310,52.3743,10.5726,8.93,13.1,12.6,0.29,13.0,0.204,1.38
2026-10-09,W0310,52.3743,10.5726,4.3,10.0,10.4,0.296,11.3,0.211,0.93
2026-10-10,W0310,52.3743,10.5726,3.9,11.7,12.2,0.302,11.7,0.216,1.55
2026-10-11,W0310,52.3743,10.5726,1.35,11.2,10.6,0.289,11.3,0.22,1.93
2026-10-12,W0310,52.3743,10.5726,8.4,10.5,10.2,0.278,10.7,0.222,1.2
2026-10-06,W1394,52.36532,10.58781,0.0,15.0,13.0,0.226,12.0,0.204,1.59
2026-10-07,W1394,52.36532,10.58781,0.0,15.7,13.2,0.215,12.6,0.203,2.26
2026-10-08,W1394,52.36532,10.58781,8.75,13.1,12.6,0.29,13.0,0.204,1.38
2026-10-09,W1394,52.36532,10.58781,4.3,9.9,10.4,0.296,11.3,0.211,0.93
2026-10-10,W1394,52.36532,10.58781,3.9,11.7,12.2,0.302,11.7,0.216,1.55
2026-10-11,W1394,52.36532,10.58781,1.35,11.2,10.6,0.289,11.3,0.22,1.93
2026-10-12,W1394,52.36532,10.58781,8.4,10.4,10.2,0.278,10.7,0.222,1.2
2026-10-06,W1395,52.36532,10.61737,0.0,14.6,13.6,0.21,12.6,0.187,1.55
2026-10-07,W1395,52.36532,10.61737,0.0,15.3,13.7,0.199,12.9,0.187,2.12
2026-10-08,W1395,52.36532,10.61737,7.75,12.9,13.0,0.261,13.3,0.187,1.3
2026-10-09,W1395,52.36532,10.61737,4.1,9.8,10.5,0.273,11.5,0.191,0.96
2026-10-10,W1395,52.36532,10.61737,3.6,11.5,12.1,0.285,11.7,0.194,1.57
2026-10-11,W1395,52.36532,10.61737,1.35,11.1,10.6,0.284,11.2,0.199,1.92
2026-10-12,W1395,52.36532,10.61737,8.4,10.4,10.2,0.283,10.7,0.203,1.19
2026-10-06,W0311,52.3743,10.6612,0.0,14.9,13.6,0.21,12.6,0.187,1.56
2026-10-07,W0311,52.3743,10.6612,0.0,16.0,13.7,0.199,12.9,0.187,2.29
2026-10-08,W0311,52.3743,10.6612,7.7,13.0,13.0,0.261,13.3,0.187,1.28
2026-10-09,W0311,52.3743,10.6612,4.1,9.9,10.5,0.273,11.5,0.191,0.92
2026-10-10,W0311,52.3743,10.6612,2.4,11.6,12.1,0.285,11.7,0.194,1.56
2026-10-11,W0311,52.3743,10.6612,1.35,11.1,10.6,0.284,11.2,0.199,1.92
2026-10-12,W0311,52.3743,10.6612,8.4,10.4,10.2,0.283,10.7,0.203,1.19
2026-10-06,W0312,52.3743,10.6908,0.0,14.9,13.8,0.206,13.1,0.163,1.54
2026-10-07,W0312,52.3743,10.6908,0.0,15.9,14.1,0.193,13.5,0.163,2.17
2026-10-08,W0312,52.3743,10.6908,7.08,13.2,13.2,0.269,13.8,0.165,1.25
2026-10-09,W0312,52.3743,10.6908,4.1,10.0,10.6,0.277,11.9,0.172,0.93
2026-10-10,W0312,52.3743,10.6908,2.4,11.7,12.3,0.279,12.0,0.176,1.57
2026-10-11,W0312,52.3743,10.6908,1.2,11.3,10.8,0.266,11.7,0.18,1.92
2026-10-12,W0312,52.3743,10.6908,9.3,10.3,10.4,0.252,11.1,0.183,1.05
2026-10-06,W0313,52.3743,10.7203,0.0,14.7,13.8,0.206,13.1,0.163,1.53
2026-10-07,W0313,52.3743,10.7203,0.0,15.7,14.1,0.193,13.5,0.163,2.16
2026-10-08,W0313,52.3743,10.7203,7.32,12.9,13.2,0.269,13.8,0.165,1.23
2026-10-09,W0313,52.3743,10.7203,4.0,9.8,10.6,0.277,11.9,0.172,0.92
2026-10-10,W0313,52.3743,10.7203,2.4,11.5,12.3,0.279,12.0,0.176,1.58
2026-10-11,W0313,52.3743,10.7203,1.2,11.1,10.8,0.266,11.7,0.18,1.9
2026-10-12,W0313,52.3743,10.7203,9.3,10.1,10.4,0.252,11.1,0.183,1.04
2026-10-06,W0314,52.3743,10.7498,0.0,14.5,13.8,0.206,13.1,0.163,1.54
2026-10-07,W0314,52.3743,10.7498,0.0,15.6,14.1,0.193,13.5,0.163,2.19
2026-10-08,W0314,52.3743,10.7498,7.43,12.8,13.2,0.269,13.8,0.165,1.23
2026-10-09,W0314,52.3743,10.7498,4.0,9.7,10.6,0.277,11.9,0.172,0.92
2026-10-10,W0314,52.3743,10.7498,2.4,11.4,12.3,0.279,12.0,0.176,1.58
2026-10-11,W0314,52.3743,10.7498,1.2,11.0,10.8,0.266,11.7,0.18,1.9
2026-10-12,W0314,52.3743,10.7498,9.3,10.1,10.4,0.252,11.1,0.183,1.04
2026-10-06,W0315,52.3743,10.7794,0.0,14.7,13.4,0.214,12.4,0.183,1.57
2026-10-07,W0315,52.3743,10.7794,0.0,15.7,13.4,0.203,12.6,0.183,2.17
2026-10-08,W0315,52.3743,10.7794,8.15,13.1,12.8,0.276,13.0,0.184,1.3
2026-10-09,W0315,52.3743,10.7794,4.0,9.6,10.3,0.284,11.2,0.19,0.92
2026-10-10,W0315,52.3743,10.7794,2.4,11.3,11.8,0.296,11.3,0.195,1.57
2026-10-11,W0315,52.3743,10.7794,1.2,10.9,10.4,0.287,10.9,0.201,1.89
2026-10-12,W0315,52.3743,10.7794,9.3,9.9,10.0,0.273,10.4,0.204,1.04
2026-10-06,W0316,52.3743,10.8089,0.0,14.7,13.4,0.214,12.4,0.183,1.57
2026-10-07,W0316,52.3743,10.8089,0.0,15.7,13.4,0.203,12.6,0.183,2.17
2026-10-08,W0316,52.3743,10.8089,8.08,13.1,12.8,0.276,13.0,0.184,1.3
2026-10-09,W0316,52.3743,10.8089,4.3,9.7,10.3,0.284,11.2,0.19,0.92
2026-10-10,W0316,52.3743,10.8089,2.1,11.4,11.8,0.296,11.3,0.195,1.6
2026-10-11,W0316,52.3743,10.8089,1.2,10.9,10.4,0.287,10.9,0.201,1.89
2026-10-12,W0316,52.3743,10.8089,9.3,9.9,10.0,0.273,10.4,0.204,1.03
2026-10-06,W0317,52.3743,10.8384,0.0,14.9,14.2,0.204,13.7,0.157,1.6
2026-10-07,W0317,52.3743,10.8384,0.0,15.8,14.3,0.192,14.0,0.157,2.22
2026-10-08,W0317,52.3743,10.8384,8.28,13.0,13.5,0.238,14.3,0.158,1.32
2026-10-09,W0317,52.3743,10.8384,4.3,9.8,10.8,0.25,12.4,0.161,0.92
2026-10-10,W0317,52.3743,10.8384,2.1,11.5,12.4,0.297,12.4,0.167,1.61
2026-10-11,W0317,52.3743,10.8384,1.2,11.0,10.9,0.277,12.0,0.174,1.9
2026-10-12,W0317,52.3743,10.8384,9.3,10.0,10.5,0.261,11.4,0.177,1.04
2026-10-06,W0318,52.3743,10.868,0.0,14.8,14.2,0.204,13.7,0.157,1.59
2026-10-07,W0318,52.3743,10.868,0.0,15.7,14.3,0.192,14.0,0.157,2.21
2026-10-08,W0318,52.3743,10.868,7.95,12.9,13.5,0.238,14.3,0.158,1.36
2026-10-09,W0318,52.3743,10.868,4.1,9.7,10.8,0.25,12.4,0.161,1.02
2026-10-10,W0318,52.3743,10.868,2.1,11.4,12.4,0.297,12.4,0.167,1.72
2026-10-11,W0318,52.3743,10.868,1.2,10.8,10.9,0.277,12.0,0.174,1.91
2026-10-12,W0318,52.3743,10.868,9.3,9.9,10.5,0.261,11.4,0.177,1.03
2026-10-06,W0319,52.3743,10.8975,0.0,15.4,14.2,0.204,13.7,0.157,1.68
2026-10-07,W0319,52.3743,10.8975,0.0,15.8,14.3,0.192,14.0,0.157,2.2
2026-10-08,W0319,52.3743,10.8975,6.05,13.3,13.5,0.238,14.3,0.158,1.4
2026-10-09,W0319,52.3743,10.8975,4.1,10.0,10.8,0.25,12.4,0.161,1.03
2026-10-10,W0319,52.3743,10.8975,2.1,11.7,12.4,0.297,12.4,0.167,1.74
2026-10-11,W0319,52.3743,10.8975,1.2,11.1,10.9,0.277,12.0,0.174,1.93
2026-10-12,W0319,52.3743,10.8975,9.3,10.2,10.5,0.261,11.4,0.177,1.05
2026-10-06,W1396,52.36532,10.91302,0.0,15.2,14.2,0.204,13.7,0.157,1.68
2026-10-07,W1396,52.36532,10.91302,0.0,15.7,14.3,0.192,14.0,0.157,2.23
2026-10-08,W1396,52.36532,10.91302,5.22,13.1,13.5,0.238,14.3,0.158,1.42
2026-10-09,W1396,52.36532,10.91302,4.0,9.9,10.8,0.25,12.4,0.161,1.06
2026-10-10,W1396,52.36532,10.91302,2.1,11.6,12.4,0.297,12.4,0.167,1.76
2026-10-11,W1396,52.36532,10.91302,1.2,11.0,10.9,0.277,12.0,0.174,1.92
2026-10-12,W1396,52.36532,10.91302,9.3,10.0,10.5,0.261,11.4,0.177,1.04
2026-10-06,W1397,52.36532,10.94258,0.0,15.4,13.5,0.227,12.7,0.197,1.68
2026-10-07,W1397,52.36532,10.94258,0.0,15.5,13.6,0.216,12.9,0.196,2.22
2026-10-08,W1397,52.36532,10.94258,5.32,13.3,13.0,0.267,13.3,0.197,1.43
2026-10-09,W1397,52.36532,10.94258,4.0,10.0,10.5,0.277,11.5,0.201,1.07
2026-10-10,W1397,52.36532,10.94258,2.1,11.7,12.0,0.292,11.7,0.205,1.77
2026-10-11,W1397,52.36532,10.94258,0.9,11.1,10.6,0.281,11.3,0.209,1.95
2026-10-12,W1397,52.36532,10.94258,8.1,10.1,10.2,0.268,10.7,0.211,1.02
2026-10-06,W0320,52.3743,10.9861,0.0,15.2,13.5,0.227,12.7,0.197,1.65
2026-10-07,W0320,52.3743,10.9861,0.0,15.5,13.6,0.216,12.9,0.196,2.22
2026-10-08,W0320,52.3743,10.9861,5.37,13.2,13.0,0.267,13.3,0.197,1.4
2026-10-09,W0320,52.3743,10.9861,4.2,10.1,10.5,0.277,11.5,0.201,1.07
2026-10-10,W0320,52.3743,10.9861,2.1,11.8,12.0,0.292,11.7,0.205,1.79
2026-10-11,W0320,52.3743,10.9861,0.9,11.2,10.6,0.281,11.3,0.209,1.95
2026-10-12,W0320,52.3743,10.9861,8.1,10.1,10.2,0.268,10.7,0.211,1.02
2026-10-06,W0321,52.3743,11.0157,0.0,15.0,14.1,0.212,13.6,0.164,1.64
2026-10-07,W0321,52.3743,11.0157,0.0,14.8,14.0,0.201,13.8,0.165,2.15
2026-10-08,W0321,52.3743,11.0157,5.05,13.0,13.5,0.237,14.1,0.165,1.36
2026-10-09,W0321,52.3743,11.0157,4.2,10.1,10.9,0.246,12.4,0.167,1.07
2026-10-10,W0321,52.3743,11.0157,2.1,11.7,12.5,0.312,12.4,0.175,1.78
2026-10-11,W0321,52.3743,11.0157,0.9,11.1,11.1,0.293,12.0,0.187,1.95
2026-10-12,W0321,52.3743,11.0157,8.1,10.0,10.6,0.271,11.4,0.19,1.02
2026-10-06,W0322,52.3743,11.0452,0.0,15.1,14.1,0.212,13.6,0.164,1.65
2026-10-07,W0322,52.3743,11.0452,0.0,14.9,14.0,0.201,13.8,0.165,2.18
2026-10-08,W0322,52.3743,11.0452,5.15,13.1,13.5,0.237,14.1,0.165,1.39
2026-10-09,W0322,52.3743,11.0452,4.4,10.3,10.9,0.246,12.4,0.167,1.12
2026-10-10,W0322,52.3743,11.0452,2.4,12.0,12.5,0.312,12.4,0.175,1.87
2026-10-11,W0322,52.3743,11.0452,0.9,11.3,11.1,0.293,12.0,0.187,1.97
2026-10-12,W0322,52.3743,11.0452,8.1,10.2,10.6,0.271,11.4,0.19,1.02
2026-10-06,W0323,52.3743,11.0747,0.0,14.8,14.1,0.212,13.6,0.164,1.61
2026-10-07,W0323,52.3743,11.0747,0.0,14.9,14.0,0.201,13.8,0.165,2.2
2026-10-08,W0323,52.3743,11.0747,5.78,13.2,13.5,0.237,14.1,0.165,1.41
2026-10-09,W0323,52.3743,11.0747,4.4,10.3,10.9,0.246,12.4,0.167,1.12
2026-10-10,W0323,52.3743,11.0747,2.4,12.0,12.5,0.312,12.4,0.175,1.87
2026-10-11,W0323,52.3743,11.0747,0.45,11.4,11.1,0.293,12.0,0.187,2.05
2026-10-12,W0323,52.3743,11.0747,7.5,10.3,10.6,0.271,11.4,0.19,1.04
2026-10-06,W1607,52.36532,11.0904,0.0,15.0,14.2,0.21,13.5,0.146,1.63
2026-10-07,W1607,52.36532,11.0904,0.0,15.6,14.3,0.199,13.7,0.147,2.28
2026-10-08,W1607,52.36532,11.0904,6.7,13.4,13.4,0.255,13.9,0.149,1.46
2026-10-09,W1607,52.36532,11.0904,4.4,10.3,11.0,0.262,12.2,0.154,1.12
2026-10-10,W1607,52.36532,11.0904,2.4,11.9,12.5,0.26,12.2,0.157,1.87
2026-10-11,W1607,52.36532,11.0904,0.45,11.4,11.1,0.249,11.9,0.16,2.05
2026-10-12,W1607,52.36532,11.0904,7.5,10.3,10.5,0.237,11.3,0.162,1.04
2026-10-06,W1398,52.36532,11.11997,0.0,15.4,14.2,0.21,13.5,0.146,1.65
2026-10-07,W1398,52.36532,11.11997,0.0,16.0,14.3,0.199,13.7,0.147,2.3
2026-10-08,W1398,52.36532,11.11997,6.43,13.6,13.4,0.255,13.9,0.149,1.47
2026-10-09,W1398,52.36532,11.11997,4.7,10.3,11.0,0.262,12.2,0.154,1.13
2026-10-10,W1398,52.36532,11.11997,2.1,12.0,12.5,0.26,12.2,0.157,1.89
2026-10-11,W1398,52.36532,11.11997,0.3,11.4,11.1,0.249,11.9,0.16,2.04
2026-10-12,W1398,52.36532,11.11997,7.5,10.3,10.5,0.237,11.3,0.162,1.04
2026-10-06,W1399,52.36532,11.14953,0.0,15.4,14.2,0.21,13.5,0.146,1.64
2026-10-07,W1399,52.36532,11.14953,0.0,16.0,14.3,0.199,13.7,0.147,2.3
2026-10-08,W1399,52.36532,11.14953,6.43,13.5,13.4,0.255,13.9,0.149,1.47
2026-10-09,W1399,52.36532,11.14953,4.7,10.2,11.0,0.262,12.2,0.154,1.12
2026-10-10,W1399,52.36532,11.14953,2.1,11.9,12.5,0.26,12.2,0.157,1.88
2026-10-11,W1399,52.36532,11.14953,0.3,11.3,11.1,0.249,11.9,0.16,2.03
2026-10-12,W1399,52.36532,11.14953,7.5,10.2,10.5,0.237,11.3,0.162,1.03
2026-10-06,W1400,52.38333,10.11478,0.0,15.0,13.9,0.214,12.9,0.18,1.58
2026-10-07,W1400,52.38333,10.11478,0.0,15.7,14.0,0.202,13.3,0.18,2.02
2026-10-08,W1400,52.38333,10.11478,10.13,12.9,13.0,0.259,13.5,0.181,1.32
2026-10-09,W1400,52.38333,10.11478,6.9,10.2,10.4,0.274,11.6,0.185,0.85
2026-10-10,W1400,52.38333,10.11478,5.4,11.7,12.2,0.295,11.8,0.19,1.46
2026-10-11,W1400,52.38333,10.11478,1.65,11.1,10.6,0.284,11.4,0.196,1.85
2026-10-12,W1400,52.38333,10.11478,5.4,10.8,10.3,0.27,10.8,0.199,1.33
2026-10-06,W1401,52.38333,10.14435,0.0,15.0,13.1,0.249,12.1,0.222,1.58
2026-10-07,W1401,52.38333,10.14435,0.0,15.7,13.1,0.236,12.5,0.22,2.02
2026-10-08,W1401,52.38333,10.14435,10.13,12.9,12.6,0.297,12.9,0.222,1.32
2026-10-09,W1401,52.38333,10.14435,6.9,10.2,10.3,0.301,11.2,0.228,0.85
2026-10-10,W1401,52.38333,10.14435,5.4,11.7,12.1,0.311,11.5,0.232,1.46
2026-10-11,W1401,52.38333,10.14435,1.65,11.1,10.5,0.3,11.1,0.237,1.85
2026-10-12,W1401,52.38333,10.14435,5.4,10.8,10.2,0.285,10.6,0.238,1.33
2026-10-06,W1402,52.38333,10.17391,0.0,15.1,13.1,0.249,12.1,0.222,1.62
2026-10-07,W1402,52.38333,10.17391,0.0,15.9,13.1,0.236,12.5,0.22,2.1
2026-10-08,W1402,52.38333,10.17391,8.65,12.9,12.6,0.297,12.9,0.222,1.34
2026-10-09,W1402,52.38333,10.17391,6.2,10.2,10.3,0.301,11.2,0.228,0.91
2026-10-10,W1402,52.38333,10.17391,5.4,11.8,12.1,0.311,11.5,0.232,1.51
2026-10-11,W1402,52.38333,10.17391,1.65,11.2,10.5,0.3,11.1,0.237,1.86
2026-10-12,W1402,52.38333,10.17391,5.4,10.8,10.2,0.285,10.6,0.238,1.33
2026-10-06,W0324,52.3923,10.2182,0.0,15.0,13.1,0.249,12.1,0.222,1.52
2026-10-07,W0324,52.3923,10.2182,0.0,16.1,13.1,0.236,12.5,0.22,2.15
2026-10-08,W0324,52.3923,10.2182,8.53,12.9,12.6,0.297,12.9,0.222,1.34
2026-10-09,W0324,52.3923,10.2182,6.2,10.2,10.3,0.301,11.2,0.228,0.91
2026-10-10,W0324,52.3923,10.2182,5.4,11.8,12.1,0.311,11.5,0.232,1.51
2026-10-11,W0324,52.3923,10.2182,1.8,11.1,10.5,0.3,11.1,0.237,1.85
2026-10-12,W0324,52.3923,10.2182,7.8,10.6,10.2,0.285,10.6,0.238,1.23
2026-10-06,W0325,52.3923,10.2477,0.0,15.0,13.1,0.249,12.1,0.222,1.55
2026-10-07,W0325,52.3923,10.2477,0.0,16.1,13.1,0.236,12.5,0.22,2.2
2026-10-08,W0325,52.3923,10.2477,7.33,12.8,12.6,0.297,12.9,0.222,1.35
2026-10-09,W0325,52.3923,10.2477,5.7,10.1,10.3,0.301,11.2,0.228,0.92
2026-10-10,W0325,52.3923,10.2477,5.4,11.7,12.1,0.311,11.5,0.232,1.55
2026-10-11,W0325,52.3923,10.2477,1.8,11.1,10.5,0.3,11.1,0.237,1.85
2026-10-12,W0325,52.3923,10.2477,7.8,10.5,10.2,0.285,10.6,0.238,1.22
2026-10-06,W1403,52.38333,10.2626,0.0,15.0,13.1,0.249,12.1,0.222,1.62
2026-10-07,W1403,52.38333,10.2626,0.0,15.9,13.1,0.236,12.5,0.22,2.17
2026-10-08,W1403,52.38333,10.2626,7.77,12.8,12.6,0.297,12.9,0.222,1.34
2026-10-09,W1403,52.38333,10.2626,5.7,10.2,10.3,0.301,11.2,0.228,0.92
2026-10-10,W1403,52.38333,10.2626,5.4,11.8,12.1,0.311,11.5,0.232,1.55
2026-10-11,W1403,52.38333,10.2626,1.8,11.1,10.5,0.3,11.1,0.237,1.85
2026-10-12,W1403,52.38333,10.2626,7.8,10.6,10.2,0.285,10.6,0.238,1.22
2026-10-06,W1404,52.38333,10.29217,0.0,15.1,13.4,0.22,12.4,0.21,1.62
2026-10-07,W1404,52.38333,10.29217,0.0,16.0,13.2,0.209,12.6,0.208,2.16
2026-10-08,W1404,52.38333,10.29217,8.48,13.0,12.6,0.288,12.9,0.209,1.36
2026-10-09,W1404,52.38333,10.29217,5.2,10.1,10.3,0.302,11.2,0.216,0.93
2026-10-10,W1404,52.38333,10.29217,4.8,11.8,12.1,0.332,11.5,0.225,1.55
2026-10-11,W1404,52.38333,10.29217,1.5,11.1,10.5,0.314,11.1,0.235,1.86
2026-10-12,W1404,52.38333,10.29217,7.8,10.6,10.2,0.295,10.6,0.239,1.22
2026-10-06,W0326,52.3923,10.3363,0.0,15.0,13.0,0.247,12.0,0.234,1.55
2026-10-07,W0326,52.3923,10.3363,0.0,15.5,12.9,0.236,12.2,0.232,2.12
2026-10-08,W0326,52.3923,10.3363,8.45,12.7,12.4,0.305,12.6,0.233,1.35
2026-10-09,W0326,52.3923,10.3363,5.2,10.1,10.2,0.308,11.0,0.239,0.93
2026-10-10,W0326,52.3923,10.3363,4.8,11.8,12.0,0.338,11.4,0.247,1.55
2026-10-11,W0326,52.3923,10.3363,1.65,11.2,10.5,0.316,11.0,0.254,1.92
2026-10-12,W0326,52.3923,10.3363,6.3,10.7,10.1,0.298,10.5,0.256,1.29
2026-10-06,W0327,52.3923,10.3658,0.0,14.9,13.0,0.247,12.0,0.234,1.55
2026-10-07,W0327,52.3923,10.3658,0.0,15.5,12.9,0.236,12.2,0.232,2.12
2026-10-08,W0327,52.3923,10.3658,8.45,12.7,12.4,0.305,12.6,0.233,1.36
2026-10-09,W0327,52.3923,10.3658,4.6,10.0,10.2,0.308,11.0,0.239,0.92
2026-10-10,W0327,52.3923,10.3658,4.5,11.7,12.0,0.338,11.4,0.247,1.56
2026-10-11,W0327,52.3923,10.3658,1.65,11.1,10.5,0.316,11.0,0.254,1.92
2026-10-12,W0327,52.3923,10.3658,6.3,10.6,10.1,0.298,10.5,0.256,1.29
2026-10-06,W0328,52.3923,10.3954,0.0,15.0,13.0,0.247,12.0,0.234,1.59
2026-10-07,W0328,52.3923,10.3954,0.0,15.8,12.9,0.236,12.2,0.232,2.2
2026-10-08,W0328,52.3923,10.3954,7.4,12.8,12.4,0.305,12.6,0.233,1.39
2026-10-09,W0328,52.3923,10.3954,4.6,10.1,10.2,0.308,11.0,0.239,0.93
2026-10-10,W0328,52.3923,10.3954,4.5,11.8,12.0,0.338,11.4,0.247,1.56
2026-10-11,W0328,52.3923,10.3954,1.65,11.2,10.5,0.316,11.0,0.254,1.93
2026-10-12,W0328,52.3923,10.3954,6.3,10.7,10.1,0.298,10.5,0.256,1.29
2026-10-06,W1405,52.38333,10.41042,0.0,15.0,13.0,0.247,12.0,0.234,1.62
2026-10-07,W1405,52.38333,10.41042,0.0,16.1,12.9,0.236,12.2,0.232,2.24
2026-10-08,W1405,52.38333,10.41042,5.7,13.0,12.4,0.305,12.6,0.233,1.4
2026-10-09,W1405,52.38333,10.41042,4.5,10.0,10.2,0.308,11.0,0.239,0.94
2026-10-10,W1405,52.38333,10.41042,4.2,11.8,12.0,0.338,11.4,0.247,1.58
2026-10-11,W1405,52.38333,10.41042,1.65,11.3,10.5,0.316,11.0,0.254,1.93
2026-10-12,W1405,52.38333,10.41042,6.3,10.7,10.1,0.298,10.5,0.256,1.3
2026-10-06,W0329,52.3923,10.4545,0.0,14.8,13.0,0.226,12.0,0.204,1.56
2026-10-07,W0329,52.3923,10.4545,0.0,16.0,13.2,0.215,12.6,0.203,2.2
2026-10-08,W0329,52.3923,10.4545,5.45,13.0,12.6,0.29,13.0,0.204,1.4
2026-10-09,W0329,52.3923,10.4545,4.5,9.9,10.4,0.296,11.3,0.211,0.94
2026-10-10,W0329,52.3923,10.4545,4.2,11.6,12.2,0.302,11.7,0.216,1.57
2026-10-11,W0329,52.3923,10.4545,1.35,11.2,10.6,0.289,11.3,0.22,1.93
2026-10-12,W0329,52.3923,10.4545,8.4,10.5,10.2,0.278,10.7,0.222,1.2
2026-10-06,W0330,52.3923,10.484,0.0,14.8,13.0,0.226,12.0,0.204,1.57
2026-10-07,W0330,52.3923,10.484,0.0,16.0,13.2,0.215,12.6,0.203,2.2
2026-10-08,W0330,52.3923,10.484,5.5,13.0,12.6,0.29,13.0,0.204,1.36
2026-10-09,W0330,52.3923,10.484,4.3,9.9,10.4,0.296,11.3,0.211,0.94
2026-10-10,W0330,52.3923,10.484,3.9,11.7,12.2,0.302,11.7,0.216,1.57
2026-10-11,W0330,52.3923,10.484,1.35,11.3,10.6,0.289,11.3,0.22,1.94
2026-10-12,W0330,52.3923,10.484,8.4,10.5,10.2,0.278,10.7,0.222,1.2
2026-10-06,W0331,52.3923,10.5135,0.0,14.8,13.0,0.226,12.0,0.204,1.56
2026-10-07,W0331,52.3923,10.5135,0.0,15.8,13.2,0.215,12.6,0.203,2.2
2026-10-08,W0331,52.3923,10.5135,5.4,13.0,12.6,0.29,13.0,0.204,1.37
2026-10-09,W0331,52.3923,10.5135,4.3,9.9,10.4,0.296,11.3,0.211,0.94
2026-10-10,W0331,52.3923,10.5135,3.9,11.6,12.2,0.302,11.7,0.216,1.56
2026-10-11,W0331,52.3923,10.5135,1.35,11.2,10.6,0.289,11.3,0.22,1.93
2026-10-12,W0331,52.3923,10.5135,8.4,10.5,10.2,0.278,10.7,0.222,1.2
2026-10-06,W1406,52.38333,10.52868,0.0,15.1,13.0,0.226,12.0,0.204,1.62
2026-10-07,W1406,52.38333,10.52868,0.0,15.9,13.2,0.215,12.6,0.203,2.26
2026-10-08,W1406,52.38333,10.52868,7.75,13.1,12.6,0.29,13.0,0.204,1.4
2026-10-09,W1406,52.38333,10.52868,4.3,9.9,10.4,0.296,11.3,0.211,0.94
2026-10-10,W1406,52.38333,10.52868,3.9,11.6,12.2,0.302,11.7,0.216,1.56
2026-10-11,W1406,52.38333,10.52868,1.35,11.2,10.6,0.289,11.3,0.22,1.93
2026-10-12,W1406,52.38333,10.52868,8.4,10.5,10.2,0.278,10.7,0.222,1.2
2026-10-06,W1407,52.38333,10.55825,0.0,15.1,13.0,0.226,12.0,0.204,1.6
2026-10-07,W1407,52.38333,10.55825,0.0,15.9,13.2,0.215,12.6,0.203,2.28
2026-10-08,W1407,52.38333,10.55825,8.33,13.1,12.6,0.29,13.0,0.204,1.37
2026-10-09,W1407,52.38333,10.55825,4.3,10.0,10.4,0.296,11.3,0.211,0.93
2026-10-10,W1407,52.38333,10.55825,3.9,11.7,12.2,0.302,11.7,0.216,1.55
2026-10-11,W1407,52.38333,10.55825,1.35,11.2,10.6,0.289,11.3,0.22,1.93
2026-10-12,W1407,52.38333,10.55825,8.4,10.5,10.2,0.278,10.7,0.222,1.2
2026-10-06,W0332,52.3923,10.6021,0.0,15.1,13.0,0.226,12.0,0.204,1.6
2026-10-07,W0332,52.3923,10.6021,0.0,16.1,13.2,0.215,12.6,0.203,2.32
2026-10-08,W0332,52.3923,10.6021,9.1,13.1,12.6,0.29,13.0,0.204,1.34
2026-10-09,W0332,52.3923,10.6021,4.1,10.0,10.4,0.296,11.3,0.211,0.97
2026-10-10,W0332,52.3923,10.6021,3.6,11.7,12.2,0.302,11.7,0.216,1.58
2026-10-11,W0332,52.3923,10.6021,1.35,11.3,10.6,0.289,11.3,0.22,1.94
2026-10-12,W0332,52.3923,10.6021,8.4,10.6,10.2,0.278,10.7,0.222,1.2
2026-10-06,W1408,52.38333,10.61737,0.0,15.1,13.6,0.21,12.6,0.187,1.61
2026-10-07,W1408,52.38333,10.61737,0.0,15.9,13.7,0.199,12.9,0.187,2.32
2026-10-08,W1408,52.38333,10.61737,8.88,13.0,13.0,0.261,13.3,0.187,1.34
2026-10-09,W1408,52.38333,10.61737,4.1,9.9,10.5,0.273,11.5,0.191,0.96
2026-10-10,W1408,52.38333,10.61737,3.6,11.6,12.1,0.285,11.7,0.194,1.58
2026-10-11,W1408,52.38333,10.61737,1.35,11.2,10.6,0.284,11.2,0.199,1.93
2026-10-12,W1408,52.38333,10.61737,8.4,10.5,10.2,0.283,10.7,0.203,1.2
2026-10-06,W0333,52.3923,10.6612,0.0,15.0,13.8,0.206,13.1,0.163,1.58
2026-10-07,W0333,52.3923,10.6612,0.0,16.1,14.1,0.193,13.5,0.163,2.34
2026-10-08,W0333,52.3923,10.6612,8.1,13.1,13.2,0.269,13.8,0.165,1.3
2026-10-09,W0333,52.3923,10.6612,4.1,10.0,10.6,0.277,11.9,0.172,0.93
2026-10-10,W0333,52.3923,10.6612,2.4,11.7,12.3,0.279,12.0,0.176,1.57
2026-10-11,W0333,52.3923,10.6612,1.35,11.2,10.8,0.266,11.7,0.18,1.92
2026-10-12,W0333,52.3923,10.6612,8.4,10.5,10.4,0.252,11.1,0.183,1.2
2026-10-06,W0334,52.3923,10.6908,0.0,15.0,13.8,0.206,13.1,0.163,1.56
2026-10-07,W0334,52.3923,10.6908,0.0,16.1,14.1,0.193,13.5,0.163,2.28
2026-10-08,W0334,52.3923,10.6908,7.75,13.3,13.2,0.269,13.8,0.165,1.31
2026-10-09,W0334,52.3923,10.6908,4.1,10.0,10.6,0.277,11.9,0.172,0.93
2026-10-10,W0334,52.3923,10.6908,2.4,11.7,12.3,0.279,12.0,0.176,1.57
2026-10-11,W0334,52.3923,10.6908,1.2,11.3,10.8,0.266,11.7,0.18,1.92
2026-10-12,W0334,52.3923,10.6908,9.3,10.3,10.4,0.252,11.1,0.183,1.05
2026-10-06,W0335,52.3923,10.7203,0.0,15.0,13.8,0.206,13.1,0.163,1.55
2026-10-07,W0335,52.3923,10.7203,0.0,15.9,14.1,0.193,13.5,0.163,2.2
2026-10-08,W0335,52.3923,10.7203,7.25,13.0,13.2,0.269,13.8,0.165,1.27
2026-10-09,W0335,52.3923,10.7203,4.0,9.9,10.6,0.277,11.9,0.172,0.93
2026-10-10,W0335,52.3923,10.7203,2.4,11.5,12.3,0.279,12.0,0.176,1.59
2026-10-11,W0335,52.3923,10.7203,1.2,11.1,10.8,0.266,11.7,0.18,1.9
2026-10-12,W0335,52.3923,10.7203,9.3,10.2,10.4,0.252,11.1,0.183,1.04
2026-10-06,W0336,52.3923,10.7498,0.0,15.0,13.8,0.206,13.1,0.163,1.55
2026-10-07,W0336,52.3923,10.7498,0.0,15.9,14.1,0.193,13.5,0.163,2.2
2026-10-08,W0336,52.3923,10.7498,7.25,13.0,13.2,0.269,13.8,0.165,1.27
2026-10-09,W0336,52.3923,10.7498,4.0,9.9,10.6,0.277,11.9,0.172,0.93
2026-10-10,W0336,52.3923,10.7498,2.4,11.6,12.3,0.279,12.0,0.176,1.59
2026-10-11,W0336,52.3923,10.7498,1.2,11.1,10.8,0.266,11.7,0.18,1.9
2026-10-12,W0336,52.3923,10.7498,9.3,10.2,10.4,0.252,11.1,0.183,1.04
2026-10-06,W0337,52.3923,10.7794,0.0,14.5,14.2,0.204,13.7,0.157,1.54
2026-10-07,W0337,52.3923,10.7794,0.0,15.7,14.3,0.192,14.0,0.157,2.14
2026-10-08,W0337,52.3923,10.7794,7.6,13.1,13.5,0.238,14.3,0.158,1.28
2026-10-09,W0337,52.3923,10.7794,4.0,9.7,10.8,0.25,12.4,0.161,0.92
2026-10-10,W0337,52.3923,10.7794,2.4,11.4,12.4,0.297,12.4,0.167,1.58
2026-10-11,W0337,52.3923,10.7794,1.2,11.0,10.9,0.277,12.0,0.174,1.89
2026-10-12,W0337,52.3923,10.7794,9.3,10.0,10.5,0.261,11.4,0.177,1.04
2026-10-06,W0338,52.3923,10.8089,0.0,14.7,14.2,0.204,13.7,0.157,1.54
2026-10-07,W0338,52.3923,10.8089,0.0,15.9,14.3,0.192,14.0,0.157,2.15
2026-10-08,W0338,52.3923,10.8089,7.52,13.3,13.5,0.238,14.3,0.158,1.29
2026-10-09,W0338,52.3923,10.8089,4.3,9.9,10.8,0.25,12.4,0.161,0.93
2026-10-10,W0338,52.3923,10.8089,2.1,11.6,12.4,0.297,12.4,0.167,1.62
2026-10-11,W0338,52.3923,10.8089,1.2,11.1,10.9,0.277,12.0,0.174,1.91
2026-10-12,W0338,52.3923,10.8089,9.3,10.2,10.5,0.261,11.4,0.177,1.05
2026-10-06,W1409,52.38333,10.82432,0.0,14.9,14.2,0.204,13.7,0.157,1.57
2026-10-07,W1409,52.38333,10.82432,0.0,15.9,14.3,0.192,14.0,0.157,2.18
2026-10-08,W1409,52.38333,10.82432,8.08,13.3,13.5,0.238,14.3,0.158,1.31
2026-10-09,W1409,52.38333,10.82432,4.3,9.9,10.8,0.25,12.4,0.161,0.93
2026-10-10,W1409,52.38333,10.82432,2.1,11.6,12.4,0.297,12.4,0.167,1.61
2026-10-11,W1409,52.38333,10.82432,1.2,11.1,10.9,0.277,12.0,0.174,1.9
2026-10-12,W1409,52.38333,10.82432,9.3,10.1,10.5,0.261,11.4,0.177,1.04
2026-10-06,W0339,52.3923,10.868,0.0,15.1,14.2,0.204,13.7,0.157,1.58
2026-10-07,W0339,52.3923,10.868,0.0,15.8,14.3,0.192,14.0,0.157,2.17
2026-10-08,W0339,52.3923,10.868,7.95,13.4,13.5,0.238,14.3,0.158,1.39
2026-10-09,W0339,52.3923,10.868,4.1,10.1,10.8,0.25,12.4,0.161,1.03
2026-10-10,W0339,52.3923,10.868,2.1,11.8,12.4,0.297,12.4,0.167,1.74
2026-10-11,W0339,52.3923,10.868,1.2,11.2,10.9,0.277,12.0,0.174,1.94
2026-10-12,W0339,52.3923,10.868,9.3,10.2,10.5,0.261,11.4,0.177,1.05
2026-10-06,W0340,52.3923,10.8975,0.0,15.1,14.2,0.204,13.7,0.157,1.61
2026-10-07,W0340,52.3923,10.8975,0.0,15.4,14.3,0.192,14.0,0.157,2.11
2026-10-08,W0340,52.3923,10.8975,7.35,13.2,13.5,0.238,14.3,0.158,1.37
2026-10-09,W0340,52.3923,10.8975,4.1,9.9,10.8,0.25,12.4,0.161,1.03
2026-10-10,W0340,52.3923,10.8975,2.1,11.6,12.4,0.297,12.4,0.167,1.73
2026-10-11,W0340,52.3923,10.8975,1.2,11.0,10.9,0.277,12.0,0.174,1.93
2026-10-12,W0340,52.3923,10.8975,9.3,10.1,10.5,0.261,11.4,0.177,1.04
2026-10-06,W1410,52.38333,10.91302,0.0,15.4,14.2,0.204,13.7,0.157,1.65
2026-10-07,W1410,52.38333,10.91302,0.0,15.5,14.3,0.192,14.0,0.157,2.19
2026-10-08,W1410,52.38333,10.91302,5.43,13.3,13.5,0.238,14.3,0.158,1.39
2026-10-09,W1410,52.38333,10.91302,4.0,10.1,10.8,0.25,12.4,0.161,1.07
2026-10-10,W1410,52.38333,10.91302,2.1,11.8,12.4,0.297,12.4,0.167,1.78
2026-10-11,W1410,52.38333,10.91302,1.2,11.2,10.9,0.277,12.0,0.174,1.93
2026-10-12,W1410,52.38333,10.91302,9.3,10.2,10.5,0.261,11.4,0.177,1.05
2026-10-06,W1411,52.38333,10.94258,0.0,15.3,13.5,0.227,12.7,0.197,1.67
2026-10-07,W1411,52.38333,10.94258,0.0,15.5,13.6,0.216,12.9,0.196,2.23
2026-10-08,W1411,52.38333,10.94258,5.52,13.2,13.0,0.267,13.3,0.197,1.4
2026-10-09,W1411,52.38333,10.94258,4.0,10.1,10.5,0.277,11.5,0.201,1.07
2026-10-10,W1411,52.38333,10.94258,2.1,11.7,12.0,0.292,11.7,0.205,1.78
2026-10-11,W1411,52.38333,10.94258,0.9,11.1,10.6,0.281,11.3,0.209,1.95
2026-10-12,W1411,52.38333,10.94258,8.1,10.1,10.2,0.268,10.7,0.211,1.02
2026-10-06,W1412,52.38333,10.97214,0.0,15.3,13.5,0.227,12.7,0.197,1.66
2026-10-07,W1412,52.38333,10.97214,0.0,15.5,13.6,0.216,12.9,0.196,2.22
2026-10-08,W1412,52.38333,10.97214,5.37,13.3,13.0,0.267,13.3,0.197,1.4
2026-10-09,W1412,52.38333,10.97214,4.2,10.2,10.5,0.277,11.5,0.201,1.07
2026-10-10,W1412,52.38333,10.97214,2.1,11.8,12.0,0.292,11.7,0.205,1.79
2026-10-11,W1412,52.38333,10.97214,0.9,11.2,10.6,0.281,11.3,0.209,1.96
2026-10-12,W1412,52.38333,10.97214,8.1,10.2,10.2,0.268,10.7,0.211,1.02
2026-10-06,W0341,52.3923,11.0157,0.0,15.0,14.1,0.212,13.6,0.164,1.63
2026-10-07,W0341,52.3923,11.0157,0.0,14.9,14.0,0.201,13.8,0.165,2.18
2026-10-08,W0341,52.3923,11.0157,5.12,13.2,13.5,0.237,14.1,0.165,1.38
2026-10-09,W0341,52.3923,11.0157,4.2,10.2,10.9,0.246,12.4,0.167,1.07
2026-10-10,W0341,52.3923,11.0157,2.1,11.9,12.5,0.312,12.4,0.175,1.8
2026-10-11,W0341,52.3923,11.0157,0.9,11.3,11.1,0.293,12.0,0.187,1.96
2026-10-12,W0341,52.3923,11.0157,8.1,10.2,10.6,0.271,11.4,0.19,1.02
2026-10-06,W0342,52.3923,11.0452,0.0,14.9,14.1,0.212,13.6,0.164,1.63
2026-10-07,W0342,52.3923,11.0452,0.0,15.0,14.0,0.201,13.8,0.165,2.2
2026-10-08,W0342,52.3923,11.0452,5.07,13.3,13.5,0.237,14.1,0.165,1.42
2026-10-09,W0342,52.3923,11.0452,4.4,10.3,10.9,0.246,12.4,0.167,1.13
2026-10-10,W0342,52.3923,11.0452,2.4,12.0,12.5,0.312,12.4,0.175,1.87
2026-10-11,W0342,52.3923,11.0452,0.9,11.3,11.1,0.293,12.0,0.187,1.98
2026-10-12,W0342,52.3923,11.0452,8.1,10.2,10.6,0.271,11.4,0.19,1.02
2026-10-06,W0343,52.3923,11.0747,0.0,14.7,14.1,0.212,13.6,0.164,1.66
2026-10-07,W0343,52.3923,11.0747,0.0,14.9,14.0,0.201,13.8,0.165,2.21
2026-10-08,W0343,52.3923,11.0747,5.98,13.1,13.5,0.237,14.1,0.165,1.4
2026-10-09,W0343,52.3923,11.0747,4.4,10.1,10.9,0.246,12.4,0.167,1.12
2026-10-10,W0343,52.3923,11.0747,2.4,11.8,12.5,0.312,12.4,0.175,1.86
2026-10-11,W0343,52.3923,11.0747,0.45,11.3,11.1,0.293,12.0,0.187,2.04
2026-10-12,W0343,52.3923,11.0747,7.5,10.2,10.6,0.271,11.4,0.19,1.03
2026-10-06,W1413,52.38333,11.0904,0.0,14.8,14.1,0.212,13.6,0.164,1.65
2026-10-07,W1413,52.38333,11.0904,0.0,15.2,14.0,0.201,13.8,0.165,2.25
2026-10-08,W1413,52.38333,11.0904,6.73,13.3,13.5,0.237,14.1,0.165,1.44
2026-10-09,W1413,52.38333,11.0904,4.4,10.3,10.9,0.246,12.4,0.167,1.12
2026-10-10,W1413,52.38333,11.0904,2.4,11.9,12.5,0.312,12.4,0.175,1.87
2026-10-11,W1413,52.38333,11.0904,0.45,11.4,11.1,0.293,12.0,0.187,2.05
2026-10-12,W1413,52.38333,11.0904,7.5,10.3,10.6,0.271,11.4,0.19,1.04
2026-10-06,W1414,52.38333,11.11997,0.0,14.8,14.2,0.21,13.5,0.146,1.65
2026-10-07,W1414,52.38333,11.11997,0.0,15.3,14.3,0.199,13.7,0.147,2.26
2026-10-08,W1414,52.38333,11.11997,6.85,13.4,13.4,0.255,13.9,0.149,1.43
2026-10-09,W1414,52.38333,11.11997,4.7,10.3,11.0,0.262,12.2,0.154,1.13
2026-10-10,W1414,52.38333,11.11997,2.1,12.0,12.5,0.26,12.2,0.157,1.89
2026-10-11,W1414,52.38333,11.11997,0.3,11.4,11.1,0.249,11.9,0.16,2.04
2026-10-12,W1414,52.38333,11.11997,7.5,10.3,10.5,0.237,11.3,0.162,1.04
2026-10-06,W1415,52.38333,11.14953,0.0,15.2,13.8,0.222,13.2,0.147,1.67
2026-10-07,W1415,52.38333,11.14953,0.0,15.6,13.8,0.21,13.3,0.148,2.28
2026-10-08,W1415,52.38333,11.14953,6.9,13.5,13.3,0.246,13.7,0.149,1.47
2026-10-09,W1415,52.38333,11.14953,4.7,10.3,11.0,0.255,12.2,0.153,1.13
2026-10-10,W1415,52.38333,11.14953,2.1,12.0,12.6,0.264,12.2,0.157,1.89
2026-10-11,W1415,52.38333,11.14953,0.3,11.4,11.2,0.253,12.0,0.16,2.04
2026-10-12,W1415,52.38333,11.14953,7.5,10.3,10.7,0.24,11.4,0.163,1.04
2026-10-06,W1416,52.40135,10.11478,0.0,14.9,13.1,0.249,12.1,0.222,1.55
2026-10-07,W1416,52.40135,10.11478,0.0,15.7,13.1,0.236,12.5,0.22,2.0
2026-10-08,W1416,52.40135,10.11478,11.13,12.9,12.6,0.297,12.9,0.222,1.32
2026-10-09,W1416,52.40135,10.11478,6.9,10.2,10.3,0.301,11.2,0.228,0.85
2026-10-10,W1416,52.40135,10.11478,5.4,11.7,12.1,0.311,11.5,0.232,1.46
2026-10-11,W1416,52.40135,10.11478,1.65,11.2,10.5,0.3,11.1,0.237,1.85
2026-10-12,W1416,52.40135,10.11478,5.4,10.8,10.2,0.285,10.6,0.238,1.33
2026-10-06,W1417,52.40135,10.14435,0.0,14.9,13.1,0.249,12.1,0.222,1.57
2026-10-07,W1417,52.40135,10.14435,0.0,15.7,13.1,0.236,12.5,0.22,2.05
2026-10-08,W1417,52.40135,10.14435,9.53,12.9,12.6,0.297,12.9,0.222,1.32
2026-10-09,W1417,52.40135,10.14435,6.9,10.2,10.3,0.301,11.2,0.228,0.85
2026-10-10,W1417,52.40135,10.14435,5.4,11.8,12.1,0.311,11.5,0.232,1.46
2026-10-11,W1417,52.40135,10.14435,1.65,11.2,10.5,0.3,11.1,0.237,1.85
2026-10-12,W1417,52.40135,10.14435,5.4,10.8,10.2,0.285,10.6,0.238,1.33
2026-10-06,W1418,52.40135,10.17391,0.0,15.0,13.1,0.249,12.1,0.222,1.57
2026-10-07,W1418,52.40135,10.17391,0.0,15.7,13.1,0.236,12.5,0.22,2.05
2026-10-08,W1418,52.40135,10.17391,9.63,12.9,12.6,0.297,12.9,0.222,1.33
2026-10-09,W1418,52.40135,10.17391,6.2,10.2,10.3,0.301,11.2,0.228,0.91
2026-10-10,W1418,52.40135,10.17391,5.4,11.8,12.1,0.311,11.5,0.232,1.51
2026-10-11,W1418,52.40135,10.17391,1.65,11.2,10.5,0.3,11.1,0.237,1.86
2026-10-12,W1418,52.40135,10.17391,5.4,10.8,10.2,0.285,10.6,0.238,1.33
2026-10-06,W1419,52.40135,10.20347,0.0,15.0,13.1,0.249,12.1,0.222,1.52
2026-10-07,W1419,52.40135,10.20347,0.0,16.1,13.1,0.236,12.5,0.22,2.15
2026-10-08,W1419,52.40135,10.20347,8.53,12.9,12.6,0.297,12.9,0.222,1.34
2026-10-09,W1419,52.40135,10.20347,6.2,10.2,10.3,0.301,11.2,0.228,0.91
2026-10-10,W1419,52.40135,10.20347,5.4,11.8,12.1,0.311,11.5,0.232,1.51
2026-10-11,W1419,52.40135,10.20347,1.8,11.1,10.5,0.3,11.1,0.237,1.85
2026-10-12,W1419,52.40135,10.20347,7.8,10.6,10.2,0.285,10.6,0.238,1.22
2026-10-06,W1420,52.40135,10.23304,0.0,14.9,13.1,0.249,12.1,0.222,1.54
2026-10-07,W1420,52.40135,10.23304,0.0,16.0,13.1,0.236,12.5,0.22,2.19
2026-10-08,W1420,52.40135,10.23304,7.33,12.7,12.6,0.297,12.9,0.222,1.34
2026-10-09,W1420,52.40135,10.23304,5.7,10.0,10.3,0.301,11.2,0.228,0.92
2026-10-10,W1420,52.40135,10.23304,5.4,11.6,12.1,0.311,11.5,0.232,1.54
2026-10-11,W1420,52.40135,10.23304,1.8,10.9,10.5,0.3,11.1,0.237,1.84
2026-10-12,W1420,52.40135,10.23304,7.8,10.4,10.2,0.285,10.6,0.238,1.21
2026-10-06,W1421,52.40135,10.2626,0.0,15.0,13.1,0.249,12.1,0.222,1.55
2026-10-07,W1421,52.40135,10.2626,0.0,16.1,13.1,0.236,12.5,0.22,2.2
2026-10-08,W1421,52.40135,10.2626,7.33,12.9,12.6,0.297,12.9,0.222,1.35
2026-10-09,W1421,52.40135,10.2626,5.7,10.1,10.3,0.301,11.2,0.228,0.92
2026-10-10,W1421,52.40135,10.2626,5.4,11.7,12.1,0.311,11.5,0.232,1.55
2026-10-11,W1421,52.40135,10.2626,1.8,11.1,10.5,0.3,11.1,0.237,1.85
2026-10-12,W1421,52.40135,10.2626,7.8,10.5,10.2,0.285,10.6,0.238,1.22
2026-10-06,W1422,52.40135,10.29217,0.0,15.0,13.0,0.247,12.0,0.234,1.56
2026-10-07,W1422,52.40135,10.29217,0.0,15.6,12.9,0.236,12.2,0.232,2.13
2026-10-08,W1422,52.40135,10.29217,8.25,12.8,12.4,0.305,12.6,0.233,1.36
2026-10-09,W1422,52.40135,10.29217,5.2,10.1,10.2,0.308,11.0,0.239,0.93
2026-10-10,W1422,52.40135,10.29217,4.8,11.7,12.0,0.338,11.4,0.247,1.55
2026-10-11,W1422,52.40135,10.29217,1.5,11.1,10.5,0.316,11.0,0.254,1.85
2026-10-12,W1422,52.40135,10.29217,7.8,10.5,10.1,0.298,10.5,0.256,1.22
2026-10-06,W1423,52.40135,10.32173,0.0,14.9,13.0,0.247,12.0,0.234,1.54
2026-10-07,W1423,52.40135,10.32173,0.0,15.5,12.9,0.236,12.2,0.232,2.12
2026-10-08,W1423,52.40135,10.32173,8.43,12.7,12.4,0.305,12.6,0.233,1.36
2026-10-09,W1423,52.40135,10.32173,5.2,10.1,10.2,0.308,11.0,0.239,0.93
2026-10-10,W1423,52.40135,10.32173,4.8,11.8,12.0,0.338,11.4,0.247,1.55
2026-10-11,W1423,52.40135,10.32173,1.65,11.2,10.5,0.316,11.0,0.254,1.91
2026-10-12,W1423,52.40135,10.32173,6.3,10.6,10.1,0.298,10.5,0.256,1.29
2026-10-06,W1424,52.40135,10.3513,0.0,14.9,13.0,0.247,12.0,0.234,1.55
2026-10-07,W1424,52.40135,10.3513,0.0,15.5,12.9,0.236,12.2,0.232,2.12
2026-10-08,W1424,52.40135,10.3513,8.45,12.7,12.4,0.305,12.6,0.233,1.37
2026-10-09,W1424,52.40135,10.3513,4.6,10.0,10.2,0.308,11.0,0.239,0.92
2026-10-10,W1424,52.40135,10.3513,4.5,11.7,12.0,0.338,11.4,0.247,1.56
2026-10-11,W1424,52.40135,10.3513,1.65,11.2,10.5,0.316,11.0,0.254,1.92
2026-10-12,W1424,52.40135,10.3513,6.3,10.6,10.1,0.298,10.5,0.256,1.29
2026-10-06,W1425,52.40135,10.38086,0.0,15.0,13.0,0.247,12.0,0.234,1.55
2026-10-07,W1425,52.40135,10.38086,0.0,15.7,12.9,0.236,12.2,0.232,2.16
2026-10-08,W1425,52.40135,10.38086,8.08,12.8,12.4,0.305,12.6,0.233,1.38
2026-10-09,W1425,52.40135,10.38086,4.6,10.1,10.2,0.308,11.0,0.239,0.93
2026-10-10,W1425,52.40135,10.38086,4.5,11.8,12.0,0.338,11.4,0.247,1.56
2026-10-11,W1425,52.40135,10.38086,1.65,11.2,10.5,0.316,11.0,0.254,1.93
2026-10-12,W1425,52.40135,10.38086,6.3,10.7,10.1,0.298,10.5,0.256,1.29
2026-10-06,W1426,52.40135,10.41042,0.0,15.0,13.0,0.247,12.0,0.234,1.58
2026-10-07,W1426,52.40135,10.41042,0.0,16.0,12.9,0.236,12.2,0.232,2.23
2026-10-08,W1426,52.40135,10.41042,6.98,12.9,12.4,0.305,12.6,0.233,1.39
2026-10-09,W1426,52.40135,10.41042,4.5,10.0,10.2,0.308,11.0,0.239,0.94
2026-10-10,W1426,52.40135,10.41042,4.2,11.7,12.0,0.338,11.4,0.247,1.57
2026-10-11,W1426,52.40135,10.41042,1.65,11.2,10.5,0.316,11.0,0.254,1.93
2026-10-12,W1426,52.40135,10.41042,6.3,10.6,10.1,0.298,10.5,0.256,1.29
2026-10-06,W1427,52.40135,10.43999,0.0,15.0,13.0,0.226,12.0,0.204,1.58
2026-10-07,W1427,52.40135,10.43999,0.0,16.0,13.2,0.215,12.6,0.203,2.23
2026-10-08,W1427,52.40135,10.43999,6.98,12.9,12.6,0.29,13.0,0.204,1.39
2026-10-09,W1427,52.40135,10.43999,4.5,10.0,10.4,0.296,11.3,0.211,0.94
2026-10-10,W1427,52.40135,10.43999,4.2,11.7,12.2,0.302,11.7,0.216,1.57
2026-10-11,W1427,52.40135,10.43999,1.35,11.3,10.6,0.289,11.3,0.22,1.93
2026-10-12,W1427,52.40135,10.43999,8.4,10.6,10.2,0.278,10.7,0.222,1.2
2026-10-06,W1428,52.40135,10.46955,0.0,14.9,13.0,0.226,12.0,0.204,1.57
2026-10-07,W1428,52.40135,10.46955,0.0,16.0,13.2,0.215,12.6,0.203,2.2
2026-10-08,W1428,52.40135,10.46955,5.5,13.0,12.6,0.29,13.0,0.204,1.36
2026-10-09,W1428,52.40135,10.46955,4.3,10.0,10.4,0.296,11.3,0.211,0.94
2026-10-10,W1428,52.40135,10.46955,3.9,11.7,12.2,0.302,11.7,0.216,1.57
2026-10-11,W1428,52.40135,10.46955,1.35,11.3,10.6,0.289,11.3,0.22,1.94
2026-10-12,W1428,52.40135,10.46955,8.4,10.5,10.2,0.278,10.7,0.222,1.2
2026-10-06,W1429,52.40135,10.49912,0.0,14.8,13.0,0.226,12.0,0.204,1.58
2026-10-07,W1429,52.40135,10.49912,0.0,15.9,13.2,0.215,12.6,0.203,2.23
2026-10-08,W1429,52.40135,10.49912,6.12,13.0,12.6,0.29,13.0,0.204,1.38
2026-10-09,W1429,52.40135,10.49912,4.3,9.8,10.4,0.296,11.3,0.211,0.94
2026-10-10,W1429,52.40135,10.49912,3.9,11.6,12.2,0.302,11.7,0.216,1.56
2026-10-11,W1429,52.40135,10.49912,1.35,11.2,10.6,0.289,11.3,0.22,1.93
2026-10-12,W1429,52.40135,10.49912,8.4,10.4,10.2,0.278,10.7,0.222,1.19
2026-10-06,W1430,52.40135,10.52868,0.0,14.9,13.0,0.226,12.0,0.204,1.57
2026-10-07,W1430,52.40135,10.52868,0.0,15.9,13.2,0.215,12.6,0.203,2.2
2026-10-08,W1430,52.40135,10.52868,5.4,13.1,12.6,0.29,13.0,0.204,1.37
2026-10-09,W1430,52.40135,10.52868,4.3,9.9,10.4,0.296,11.3,0.211,0.94
2026-10-10,W1430,52.40135,10.52868,3.9,11.7,12.2,0.302,11.7,0.216,1.57
2026-10-11,W1430,52.40135,10.52868,1.35,11.3,10.6,0.289,11.3,0.22,1.94
2026-10-12,W1430,52.40135,10.52868,8.4,10.5,10.2,0.278,10.7,0.222,1.2
2026-10-06,W1431,52.40135,10.55825,0.0,15.1,13.0,0.226,12.0,0.204,1.6
2026-10-07,W1431,52.40135,10.55825,0.0,15.9,13.2,0.215,12.6,0.203,2.28
2026-10-08,W1431,52.40135,10.55825,7.75,13.1,12.6,0.29,13.0,0.204,1.36
2026-10-09,W1431,52.40135,10.55825,4.3,10.0,10.4,0.296,11.3,0.211,0.94
2026-10-10,W1431,52.40135,10.55825,3.9,11.7,12.2,0.302,11.7,0.216,1.55
2026-10-11,W1431,52.40135,10.55825,1.35,11.3,10.6,0.289,11.3,0.22,1.94
2026-10-12,W1431,52.40135,10.55825,8.4,10.5,10.2,0.278,10.7,0.222,1.2
2026-10-06,W1432,52.40135,10.58781,0.0,15.1,13.0,0.226,12.0,0.204,1.6
2026-10-07,W1432,52.40135,10.58781,0.0,15.9,13.2,0.215,12.6,0.203,2.28
2026-10-08,W1432,52.40135,10.58781,7.75,13.1,12.6,0.29,13.0,0.204,1.36
2026-10-09,W1432,52.40135,10.58781,4.3,10.0,10.4,0.296,11.3,0.211,0.94
2026-10-10,W1432,52.40135,10.58781,3.9,11.8,12.2,0.302,11.7,0.216,1.55
2026-10-11,W1432,52.40135,10.58781,1.35,11.3,10.6,0.289,11.3,0.22,1.94
2026-10-12,W1432,52.40135,10.58781,8.4,10.5,10.2,0.278,10.7,0.222,1.2
2026-10-06,W1433,52.40135,10.61737,0.0,15.0,13.8,0.206,13.1,0.163,1.59
2026-10-07,W1433,52.40135,10.61737,0.0,16.0,14.1,0.193,13.5,0.163,2.32
2026-10-08,W1433,52.40135,10.61737,9.1,13.0,13.2,0.269,13.8,0.165,1.33
2026-10-09,W1433,52.40135,10.61737,4.1,9.9,10.6,0.277,11.9,0.172,0.96
2026-10-10,W1433,52.40135,10.61737,3.6,11.6,12.3,0.279,12.0,0.176,1.58
2026-10-11,W1433,52.40135,10.61737,1.35,11.2,10.8,0.266,11.7,0.18,1.93
2026-10-12,W1433,52.40135,10.61737,8.4,10.5,10.4,0.252,11.1,0.183,1.2
2026-10-06,W1434,52.40135,10.64694,0.0,15.0,13.8,0.206,13.1,0.163,1.59
2026-10-07,W1434,52.40135,10.64694,0.0,16.0,14.1,0.193,13.5,0.163,2.34
2026-10-08,W1434,52.40135,10.64694,9.05,13.0,13.2,0.269,13.8,0.165,1.33
2026-10-09,W1434,52.40135,10.64694,4.1,9.9,10.6,0.277,11.9,0.172,0.96
2026-10-10,W1434,52.40135,10.64694,3.6,11.6,12.3,0.279,12.0,0.176,1.58
2026-10-11,W1434,52.40135,10.64694,1.35,11.2,10.8,0.266,11.7,0.18,1.93
2026-10-12,W1434,52.40135,10.64694,8.4,10.5,10.4,0.252,11.1,0.183,1.2
2026-10-06,W1435,52.40135,10.6765,0.0,14.9,13.8,0.206,13.1,0.163,1.56
2026-10-07,W1435,52.40135,10.6765,0.0,16.0,14.1,0.193,13.5,0.163,2.28
2026-10-08,W1435,52.40135,10.6765,7.75,13.2,13.2,0.269,13.8,0.165,1.3
2026-10-09,W1435,52.40135,10.6765,4.1,10.0,10.6,0.277,11.9,0.172,0.93
2026-10-10,W1435,52.40135,10.6765,2.4,11.6,12.3,0.279,12.0,0.176,1.57
2026-10-11,W1435,52.40135,10.6765,1.35,11.2,10.8,0.266,11.7,0.18,1.92
2026-10-12,W1435,52.40135,10.6765,8.4,10.5,10.4,0.252,11.1,0.183,1.2
2026-10-06,W1436,52.40135,10.70607,0.0,14.8,13.8,0.206,13.1,0.163,1.55
2026-10-07,W1436,52.40135,10.70607,0.0,15.9,14.1,0.193,13.5,0.163,2.27
2026-10-08,W1436,52.40135,10.70607,7.75,13.1,13.2,0.269,13.8,0.165,1.3
2026-10-09,W1436,52.40135,10.70607,4.1,9.9,10.6,0.277,11.9,0.172,0.92
2026-10-10,W1436,52.40135,10.70607,2.4,11.6,12.3,0.279,12.0,0.176,1.56
2026-10-11,W1436,52.40135,10.70607,1.2,11.1,10.8,0.266,11.7,0.18,1.9
2026-10-12,W1436,52.40135,10.70607,9.3,10.2,10.4,0.252,11.1,0.183,1.04
2026-10-06,W1437,52.40135,10.73563,0.0,14.9,13.8,0.206,13.1,0.163,1.54
2026-10-07,W1437,52.40135,10.73563,0.0,15.8,14.1,0.193,13.5,0.163,2.2
2026-10-08,W1437,52.40135,10.73563,7.25,12.9,13.2,0.269,13.8,0.165,1.26
2026-10-09,W1437,52.40135,10.73563,4.0,9.7,10.6,0.277,11.9,0.172,0.92
2026-10-10,W1437,52.40135,10.73563,2.4,11.4,12.3,0.279,12.0,0.176,1.58
2026-10-11,W1437,52.40135,10.73563,1.2,11.0,10.8,0.266,11.7,0.18,1.9
2026-10-12,W1437,52.40135,10.73563,9.3,10.1,10.4,0.252,11.1,0.183,1.04
2026-10-06,W1438,52.40135,10.76519,0.0,14.6,13.8,0.206,13.1,0.163,1.53
2026-10-07,W1438,52.40135,10.76519,0.0,15.8,14.1,0.193,13.5,0.163,2.17
2026-10-08,W1438,52.40135,10.76519,7.32,12.9,13.2,0.269,13.8,0.165,1.25
2026-10-09,W1438,52.40135,10.76519,4.0,9.7,10.6,0.277,11.9,0.172,0.92
2026-10-10,W1438,52.40135,10.76519,2.4,11.4,12.3,0.279,12.0,0.176,1.58
2026-10-11,W1438,52.40135,10.76519,1.2,11.0,10.8,0.266,11.7,0.18,1.89
2026-10-12,W1438,52.40135,10.76519,9.3,10.0,10.4,0.252,11.1,0.183,1.04
2026-10-06,W1439,52.40135,10.79476,0.0,14.5,14.2,0.204,13.7,0.157,1.54
2026-10-07,W1439,52.40135,10.79476,0.0,15.7,14.3,0.192,14.0,0.157,2.14
2026-10-08,W1439,52.40135,10.79476,7.52,13.1,13.5,0.238,14.3,0.158,1.28
2026-10-09,W1439,52.40135,10.79476,4.3,9.8,10.8,0.25,12.4,0.161,0.92
2026-10-10,W1439,52.40135,10.79476,2.1,11.5,12.4,0.297,12.4,0.167,1.61
2026-10-11,W1439,52.40135,10.79476,1.2,11.0,10.9,0.277,12.0,0.174,1.89
2026-10-12,W1439,52.40135,10.79476,9.3,10.0,10.5,0.261,11.4,0.177,1.04
2026-10-06,W1440,52.40135,10.82432,0.0,15.2,14.2,0.204,13.7,0.157,1.6
2026-10-07,W1440,52.40135,10.82432,0.0,16.0,14.3,0.192,14.0,0.157,2.23
2026-10-08,W1440,52.40135,10.82432,8.15,13.3,13.5,0.238,14.3,0.158,1.34
2026-10-09,W1440,52.40135,10.82432,4.3,10.0,10.8,0.25,12.4,0.161,0.93
2026-10-10,W1440,52.40135,10.82432,2.1,11.6,12.4,0.297,12.4,0.167,1.62
2026-10-11,W1440,52.40135,10.82432,1.2,11.2,10.9,0.277,12.0,0.174,1.91
2026-10-12,W1440,52.40135,10.82432,9.3,10.2,10.5,0.261,11.4,0.177,1.05
2026-10-06,W1441,52.40135,10.85389,0.0,15.0,14.2,0.204,13.7,0.157,1.58
2026-10-07,W1441,52.40135,10.85389,0.0,15.7,14.3,0.192,14.0,0.157,2.17
2026-10-08,W1441,52.40135,10.85389,7.95,13.4,13.5,0.238,14.3,0.158,1.39
2026-10-09,W1441,52.40135,10.85389,4.1,10.0,10.8,0.25,12.4,0.161,1.03
2026-10-10,W1441,52.40135,10.85389,2.1,11.7,12.4,0.297,12.4,0.167,1.74
2026-10-11,W1441,52.40135,10.85389,1.2,11.1,10.9,0.277,12.0,0.174,1.93
2026-10-12,W1441,52.40135,10.85389,9.3,10.2,10.5,0.261,11.4,0.177,1.05
2026-10-06,W1442,52.40135,10.88345,0.0,14.9,14.2,0.204,13.7,0.157,1.58
2026-10-07,W1442,52.40135,10.88345,0.0,15.6,14.3,0.192,14.0,0.157,2.16
2026-10-08,W1442,52.40135,10.88345,7.95,13.2,13.5,0.238,14.3,0.158,1.38
2026-10-09,W1442,52.40135,10.88345,4.1,9.9,10.8,0.25,12.4,0.161,1.03
2026-10-10,W1442,52.40135,10.88345,2.1,11.6,12.4,0.297,12.4,0.167,1.73
2026-10-11,W1442,52.40135,10.88345,1.2,11.0,10.9,0.277,12.0,0.174,1.92
2026-10-12,W1442,52.40135,10.88345,9.3,10.1,10.5,0.261,11.4,0.177,1.04
2026-10-06,W1443,52.40135,10.91302,0.0,15.4,14.2,0.204,13.7,0.157,1.66
2026-10-07,W1443,52.40135,10.91302,0.0,15.3,14.3,0.192,14.0,0.157,2.14
2026-10-08,W1443,52.40135,10.91302,5.8,13.2,13.5,0.238,14.3,0.158,1.37
2026-10-09,W1443,52.40135,10.91302,4.0,10.1,10.8,0.25,12.4,0.161,1.07
2026-10-10,W1443,52.40135,10.91302,2.1,11.8,12.4,0.297,12.4,0.167,1.78
2026-10-11,W1443,52.40135,10.91302,1.2,11.1,10.9,0.277,12.0,0.174,1.93
2026-10-12,W1443,52.40135,10.91302,9.3,10.2,10.5,0.261,11.4,0.177,1.05
2026-10-06,W1444,52.40135,10.94258,0.0,15.5,14.1,0.212,13.6,0.164,1.67
2026-10-07,W1444,52.40135,10.94258,0.0,15.5,14.0,0.201,13.8,0.165,2.15
2026-10-08,W1444,52.40135,10.94258,5.8,13.3,13.5,0.237,14.1,0.165,1.38
2026-10-09,W1444,52.40135,10.94258,4.0,10.2,10.9,0.246,12.4,0.167,1.07
2026-10-10,W1444,52.40135,10.94258,2.1,11.9,12.5,0.312,12.4,0.175,1.79
2026-10-11,W1444,52.40135,10.94258,0.9,11.3,11.1,0.293,12.0,0.187,1.96
2026-10-12,W1444,52.40135,10.94258,8.1,10.2,10.6,0.271,11.4,0.19,1.02
2026-10-06,W1445,52.40135,10.97214,0.0,15.2,14.1,0.212,13.6,0.164,1.68
2026-10-07,W1445,52.40135,10.97214,0.0,15.3,14.0,0.201,13.8,0.165,2.23
2026-10-08,W1445,52.40135,10.97214,5.27,13.2,13.5,0.237,14.1,0.165,1.39
2026-10-09,W1445,52.40135,10.97214,4.2,10.3,10.9,0.246,12.4,0.167,1.07
2026-10-10,W1445,52.40135,10.97214,2.1,11.9,12.5,0.312,12.4,0.175,1.8
2026-10-11,W1445,52.40135,10.97214,0.9,11.3,11.1,0.293,12.0,0.187,1.96
2026-10-12,W1445,52.40135,10.97214,8.1,10.2,10.6,0.271,11.4,0.19,1.03
2026-10-06,W1446,52.40135,11.00171,0.0,14.9,14.1,0.212,13.6,0.164,1.64
2026-10-07,W1446,52.40135,11.00171,0.0,14.9,14.0,0.201,13.8,0.165,2.2
2026-10-08,W1446,52.40135,11.00171,5.58,13.1,13.5,0.237,14.1,0.165,1.38
2026-10-09,W1446,52.40135,11.00171,4.2,10.2,10.9,0.246,12.4,0.167,1.07
2026-10-10,W1446,52.40135,11.00171,2.1,11.9,12.5,0.312,12.4,0.175,1.8
2026-10-11,W1446,52.40135,11.00171,0.9,11.3,11.1,0.293,12.0,0.187,1.96
2026-10-12,W1446,52.40135,11.00171,8.1,10.2,10.6,0.271,11.4,0.19,1.02
2026-10-06,W1447,52.40135,11.03127,0.0,14.8,14.1,0.212,13.6,0.164,1.63
2026-10-07,W1447,52.40135,11.03127,0.0,14.9,14.0,0.201,13.8,0.165,2.2
2026-10-08,W1447,52.40135,11.03127,5.07,13.2,13.5,0.237,14.1,0.165,1.42
2026-10-09,W1447,52.40135,11.03127,4.4,10.3,10.9,0.246,12.4,0.167,1.12
2026-10-10,W1447,52.40135,11.03127,2.4,12.0,12.5,0.312,12.4,0.175,1.87
2026-10-11,W1447,52.40135,11.03127,0.9,11.2,11.1,0.293,12.0,0.187,1.97
2026-10-12,W1447,52.40135,11.03127,8.1,10.2,10.6,0.271,11.4,0.19,1.02
2026-10-06,W1448,52.40135,11.06084,0.0,14.8,14.1,0.212,13.6,0.164,1.63
2026-10-07,W1448,52.40135,11.06084,0.0,14.9,14.0,0.201,13.8,0.165,2.2
2026-10-08,W1448,52.40135,11.06084,5.07,13.2,13.5,0.237,14.1,0.165,1.42
2026-10-09,W1448,52.40135,11.06084,4.4,10.3,10.9,0.246,12.4,0.167,1.12
2026-10-10,W1448,52.40135,11.06084,2.4,12.0,12.5,0.312,12.4,0.175,1.87
2026-10-11,W1448,52.40135,11.06084,0.9,11.3,11.1,0.293,12.0,0.187,1.97
2026-10-12,W1448,52.40135,11.06084,8.1,10.2,10.6,0.271,11.4,0.19,1.02
2026-10-06,W1449,52.40135,11.0904,0.0,14.9,14.1,0.212,13.6,0.164,1.66
2026-10-07,W1449,52.40135,11.0904,0.0,15.0,14.0,0.201,13.8,0.165,2.22
2026-10-08,W1449,52.40135,11.0904,5.98,13.2,13.5,0.237,14.1,0.165,1.41
2026-10-09,W1449,52.40135,11.0904,4.4,10.3,10.9,0.246,12.4,0.167,1.12
2026-10-10,W1449,52.40135,11.0904,2.4,12.0,12.5,0.312,12.4,0.175,1.87
2026-10-11,W1449,52.40135,11.0904,0.45,11.4,11.1,0.293,12.0,0.187,2.05
2026-10-12,W1449,52.40135,11.0904,7.5,10.3,10.6,0.271,11.4,0.19,1.04
2026-10-06,W1450,52.40135,11.11997,0.0,14.7,13.8,0.222,13.2,0.147,1.66
2026-10-07,W1450,52.40135,11.11997,0.0,15.4,13.8,0.21,13.3,0.148,2.28
2026-10-08,W1450,52.40135,11.11997,7.48,13.5,13.3,0.246,13.7,0.149,1.45
2026-10-09,W1450,52.40135,11.11997,4.7,10.3,11.0,0.255,12.2,0.153,1.13
2026-10-10,W1450,52.40135,11.11997,2.1,12.0,12.6,0.264,12.2,0.157,1.89
2026-10-11,W1450,52.40135,11.11997,0.3,11.4,11.2,0.253,12.0,0.16,2.04
2026-10-12,W1450,52.40135,11.11997,7.5,10.3,10.7,0.24,11.4,0.163,1.04
2026-10-06,W1451,52.40135,11.14953,0.0,14.7,13.8,0.222,13.2,0.147,1.66
2026-10-07,W1451,52.40135,11.14953,0.0,15.4,13.8,0.21,13.3,0.148,2.28
2026-10-08,W1451,52.40135,11.14953,7.48,13.5,13.3,0.246,13.7,0.149,1.45
2026-10-09,W1451,52.40135,11.14953,4.7,10.4,11.0,0.255,12.2,0.153,1.13
2026-10-10,W1451,52.40135,11.14953,2.1,12.1,12.6,0.264,12.2,0.157,1.89
2026-10-11,W1451,52.40135,11.14953,0.3,11.4,11.2,0.253,12.0,0.16,2.05
2026-10-12,W1451,52.40135,11.14953,7.5,10.3,10.7,0.24,11.4,0.163,1.04
2026-10-06,W0345,52.4104,10.1295,0.0,14.8,13.1,0.249,12.1,0.222,1.47
2026-10-07,W0345,52.4104,10.1295,0.0,15.7,13.1,0.236,12.5,0.22,1.99
2026-10-08,W0345,52.4104,10.1295,10.95,12.8,12.6,0.297,12.9,0.222,1.3
2026-10-09,W0345,52.4104,10.1295,7.0,10.2,10.3,0.301,11.2,0.228,0.86
2026-10-10,W0345,52.4104,10.1295,5.1,11.8,12.1,0.311,11.5,0.232,1.5
2026-10-11,W0345,52.4104,10.1295,1.95,11.2,10.5,0.3,11.1,0.237,1.86
2026-10-12,W0345,52.4104,10.1295,5.4,10.8,10.2,0.285,10.6,0.238,1.33
2026-10-06,W1452,52.41937,10.14435,0.0,14.9,13.1,0.249,12.1,0.222,1.47
2026-10-07,W1452,52.41937,10.14435,0.0,15.8,13.1,0.236,12.5,0.22,2.02
2026-10-08,W1452,52.41937,10.14435,10.7,12.8,12.6,0.297,12.9,0.222,1.3
2026-10-09,W1452,52.41937,10.14435,7.0,10.2,10.3,0.301,11.2,0.228,0.86
2026-10-10,W1452,52.41937,10.14435,5.1,11.8,12.1,0.311,11.5,0.232,1.5
2026-10-11,W1452,52.41937,10.14435,1.95,11.2,10.5,0.3,11.1,0.237,1.86
2026-10-12,W1452,52.41937,10.14435,5.4,10.8,10.2,0.285,10.6,0.238,1.33
2026-10-06,W0346,52.4104,10.1886,0.0,14.9,13.1,0.249,12.1,0.222,1.45
2026-10-07,W0346,52.4104,10.1886,0.0,16.0,13.1,0.236,12.5,0.22,2.11
2026-10-08,W0346,52.4104,10.1886,9.68,12.8,12.6,0.297,12.9,0.222,1.33
2026-10-09,W0346,52.4104,10.1886,6.3,10.2,10.3,0.301,11.2,0.228,0.88
2026-10-10,W0346,52.4104,10.1886,5.1,11.8,12.1,0.311,11.5,0.232,1.52
2026-10-11,W0346,52.4104,10.1886,1.8,11.2,10.5,0.3,11.1,0.237,1.86
2026-10-12,W0346,52.4104,10.1886,7.8,10.6,10.2,0.285,10.6,0.238,1.23
2026-10-06,W0347,52.4104,10.2182,0.0,15.0,13.1,0.249,12.1,0.222,1.51
2026-10-07,W0347,52.4104,10.2182,0.0,16.2,13.1,0.236,12.5,0.22,2.16
2026-10-08,W0347,52.4104,10.2182,7.98,12.9,12.6,0.297,12.9,0.222,1.33
2026-10-09,W0347,52.4104,10.2182,6.3,10.2,10.3,0.301,11.2,0.228,0.88
2026-10-10,W0347,52.4104,10.2182,5.1,11.8,12.1,0.311,11.5,0.232,1.52
2026-10-11,W0347,52.4104,10.2182,1.8,11.2,10.5,0.3,11.1,0.237,1.86
2026-10-12,W0347,52.4104,10.2182,7.8,10.6,10.2,0.285,10.6,0.238,1.23
2026-10-06,W0348,52.4104,10.2477,0.0,14.9,13.1,0.249,12.1,0.222,1.5
2026-10-07,W0348,52.4104,10.2477,0.0,16.1,13.1,0.236,12.5,0.22,2.16
2026-10-08,W0348,52.4104,10.2477,8.0,12.8,12.6,0.297,12.9,0.222,1.33
2026-10-09,W0348,52.4104,10.2477,5.8,10.1,10.3,0.301,11.2,0.228,0.9
2026-10-10,W0348,52.4104,10.2477,5.1,11.7,12.1,0.311,11.5,0.232,1.52
2026-10-11,W0348,52.4104,10.2477,1.8,11.1,10.5,0.3,11.1,0.237,1.85
2026-10-12,W0348,52.4104,10.2477,7.8,10.5,10.2,0.285,10.6,0.238,1.22
2026-10-06,W0349,52.4104,10.2772,0.0,15.0,13.0,0.247,12.0,0.234,1.5
2026-10-07,W0349,52.4104,10.2772,0.0,15.7,12.9,0.236,12.2,0.232,2.11
2026-10-08,W0349,52.4104,10.2772,6.82,12.9,12.4,0.305,12.6,0.233,1.35
2026-10-09,W0349,52.4104,10.2772,5.8,10.1,10.2,0.308,11.0,0.239,0.9
2026-10-10,W0349,52.4104,10.2772,5.1,11.7,12.0,0.338,11.4,0.247,1.52
2026-10-11,W0349,52.4104,10.2772,1.8,11.1,10.5,0.316,11.0,0.254,1.85
2026-10-12,W0349,52.4104,10.2772,7.8,10.6,10.1,0.298,10.5,0.256,1.22
2026-10-06,W1453,52.41937,10.29217,0.0,15.0,13.0,0.247,12.0,0.234,1.5
2026-10-07,W1453,52.41937,10.29217,0.0,15.7,12.9,0.236,12.2,0.232,2.11
2026-10-08,W1453,52.41937,10.29217,6.85,12.9,12.4,0.305,12.6,0.233,1.35
2026-10-09,W1453,52.41937,10.29217,5.4,10.1,10.2,0.308,11.0,0.239,0.91
2026-10-10,W1453,52.41937,10.29217,5.4,11.7,12.0,0.338,11.4,0.247,1.52
2026-10-11,W1453,52.41937,10.29217,1.8,11.0,10.5,0.316,11.0,0.254,1.85
2026-10-12,W1453,52.41937,10.29217,7.8,10.5,10.1,0.298,10.5,0.256,1.22
2026-10-06,W0350,52.4104,10.3363,0.0,14.9,13.0,0.247,12.0,0.234,1.49
2026-10-07,W0350,52.4104,10.3363,0.0,15.6,12.9,0.236,12.2,0.232,2.12
2026-10-08,W0350,52.4104,10.3363,7.85,12.7,12.4,0.305,12.6,0.233,1.33
2026-10-09,W0350,52.4104,10.3363,5.4,10.2,10.2,0.308,11.0,0.239,0.92
2026-10-10,W0350,52.4104,10.3363,5.4,11.8,12.0,0.338,11.4,0.247,1.53
2026-10-11,W0350,52.4104,10.3363,1.95,11.2,10.5,0.316,11.0,0.254,1.92
2026-10-12,W0350,52.4104,10.3363,6.3,10.7,10.1,0.298,10.5,0.256,1.29
2026-10-06,W0351,52.4104,10.3658,0.0,14.7,13.0,0.247,12.0,0.234,1.49
2026-10-07,W0351,52.4104,10.3658,0.0,15.6,12.9,0.236,12.2,0.232,2.11
2026-10-08,W0351,52.4104,10.3658,7.97,12.6,12.4,0.305,12.6,0.233,1.32
2026-10-09,W0351,52.4104,10.3658,5.1,10.1,10.2,0.308,11.0,0.239,0.9
2026-10-10,W0351,52.4104,10.3658,5.7,11.7,12.0,0.338,11.4,0.247,1.5
2026-10-11,W0351,52.4104,10.3658,1.95,11.1,10.5,0.316,11.0,0.254,1.91
2026-10-12,W0351,52.4104,10.3658,6.3,10.6,10.1,0.298,10.5,0.256,1.29
2026-10-06,W1454,52.41937,10.38086,0.0,14.9,13.0,0.247,12.0,0.234,1.52
2026-10-07,W1454,52.41937,10.38086,0.0,15.8,12.9,0.236,12.2,0.232,2.15
2026-10-08,W1454,52.41937,10.38086,8.0,12.7,12.4,0.305,12.6,0.233,1.33
2026-10-09,W1454,52.41937,10.38086,5.1,10.2,10.2,0.308,11.0,0.239,0.91
2026-10-10,W1454,52.41937,10.38086,5.7,11.8,12.0,0.338,11.4,0.247,1.51
2026-10-11,W1454,52.41937,10.38086,1.95,11.2,10.5,0.316,11.0,0.254,1.91
2026-10-12,W1454,52.41937,10.38086,6.3,10.7,10.1,0.298,10.5,0.256,1.3
2026-10-06,W0352,52.4104,10.4249,0.0,14.9,13.0,0.247,12.0,0.234,1.54
2026-10-07,W0352,52.4104,10.4249,0.0,16.0,12.9,0.236,12.2,0.232,2.2
2026-10-08,W0352,52.4104,10.4249,7.15,12.9,12.4,0.305,12.6,0.233,1.32
2026-10-09,W0352,52.4104,10.4249,4.7,10.0,10.2,0.308,11.0,0.239,0.89
2026-10-10,W0352,52.4104,10.4249,5.1,11.7,12.0,0.338,11.4,0.247,1.46
2026-10-11,W0352,52.4104,10.4249,1.8,11.2,10.5,0.316,11.0,0.254,1.9
2026-10-12,W0352,52.4104,10.4249,6.3,10.6,10.1,0.298,10.5,0.256,1.29
2026-10-06,W0353,52.4104,10.4545,0.0,14.8,13.0,0.226,12.0,0.204,1.53
2026-10-07,W0353,52.4104,10.4545,0.0,16.0,13.2,0.215,12.6,0.203,2.17
2026-10-08,W0353,52.4104,10.4545,6.58,13.0,12.6,0.29,13.0,0.204,1.33
2026-10-09,W0353,52.4104,10.4545,4.7,10.0,10.4,0.296,11.3,0.211,0.89
2026-10-10,W0353,52.4104,10.4545,5.1,11.6,12.2,0.302,11.7,0.216,1.46
2026-10-11,W0353,52.4104,10.4545,1.5,11.2,10.6,0.289,11.3,0.22,1.91
2026-10-12,W0353,52.4104,10.4545,8.4,10.5,10.2,0.278,10.7,0.222,1.2
2026-10-06,W0354,52.4104,10.484,0.0,15.0,13.0,0.226,12.0,0.204,1.56
2026-10-07,W0354,52.4104,10.484,0.0,16.1,13.2,0.215,12.6,0.203,2.19
2026-10-08,W0354,52.4104,10.484,5.55,13.1,12.6,0.29,13.0,0.204,1.32
2026-10-09,W0354,52.4104,10.484,4.8,10.0,10.4,0.296,11.3,0.211,0.88
2026-10-10,W0354,52.4104,10.484,5.1,11.7,12.2,0.302,11.7,0.216,1.43
2026-10-11,W0354,52.4104,10.484,1.5,11.3,10.6,0.289,11.3,0.22,1.91
2026-10-12,W0354,52.4104,10.484,8.4,10.6,10.2,0.278,10.7,0.222,1.2
2026-10-06,W0355,52.4104,10.5135,0.0,14.9,13.0,0.226,12.0,0.204,1.56
2026-10-07,W0355,52.4104,10.5135,0.0,15.8,13.2,0.215,12.6,0.203,2.16
2026-10-08,W0355,52.4104,10.5135,5.38,13.0,12.6,0.29,13.0,0.204,1.31
2026-10-09,W0355,52.4104,10.5135,4.8,10.0,10.4,0.296,11.3,0.211,0.88
2026-10-10,W0355,52.4104,10.5135,5.1,11.6,12.2,0.302,11.7,0.216,1.43
2026-10-11,W0355,52.4104,10.5135,1.5,11.3,10.6,0.289,11.3,0.22,1.91
2026-10-12,W0355,52.4104,10.5135,8.4,10.6,10.2,0.278,10.7,0.222,1.2
2026-10-06,W0356,52.4104,10.5431,0.0,14.9,13.0,0.226,12.0,0.204,1.57
2026-10-07,W0356,52.4104,10.5431,0.0,15.9,13.2,0.215,12.6,0.203,2.26
2026-10-08,W0356,52.4104,10.5431,5.87,13.0,12.6,0.29,13.0,0.204,1.34
2026-10-09,W0356,52.4104,10.5431,4.4,9.9,10.4,0.296,11.3,0.211,0.92
2026-10-10,W0356,52.4104,10.5431,4.5,11.6,12.2,0.302,11.7,0.216,1.48
2026-10-11,W0356,52.4104,10.5431,1.5,11.2,10.6,0.289,11.3,0.22,1.92
2026-10-12,W0356,52.4104,10.5431,8.4,10.5,10.2,0.278,10.7,0.222,1.2
2026-10-06,W1455,52.41937,10.55825,0.0,14.8,13.0,0.226,12.0,0.204,1.56
2026-10-07,W1455,52.41937,10.55825,0.0,15.8,13.2,0.215,12.6,0.203,2.25
2026-10-08,W1455,52.41937,10.55825,5.87,12.9,12.6,0.29,13.0,0.204,1.34
2026-10-09,W1455,52.41937,10.55825,4.4,9.8,10.4,0.296,11.3,0.211,0.91
2026-10-10,W1455,52.41937,10.55825,4.5,11.5,12.2,0.302,11.7,0.216,1.48
2026-10-11,W1455,52.41937,10.55825,1.5,11.1,10.6,0.289,11.3,0.22,1.91
2026-10-12,W1455,52.41937,10.55825,8.4,10.4,10.2,0.278,10.7,0.222,1.2
2026-10-06,W1456,52.41937,10.58781,0.0,14.9,13.0,0.226,12.0,0.204,1.59
2026-10-07,W1456,52.41937,10.58781,0.0,15.9,13.2,0.215,12.6,0.203,2.27
2026-10-08,W1456,52.41937,10.58781,7.68,12.9,12.6,0.29,13.0,0.204,1.31
2026-10-09,W1456,52.41937,10.58781,4.4,9.9,10.4,0.296,11.3,0.211,0.92
2026-10-10,W1456,52.41937,10.58781,4.5,11.6,12.2,0.302,11.7,0.216,1.48
2026-10-11,W1456,52.41937,10.58781,1.5,11.2,10.6,0.289,11.3,0.22,1.92
2026-10-12,W1456,52.41937,10.58781,8.4,10.5,10.2,0.278,10.7,0.222,1.2
2026-10-06,W1457,52.41937,10.61737,0.0,14.8,13.8,0.206,13.1,0.163,1.56
2026-10-07,W1457,52.41937,10.61737,0.0,15.8,14.1,0.193,13.5,0.163,2.21
2026-10-08,W1457,52.41937,10.61737,8.08,12.9,13.2,0.269,13.8,0.165,1.3
2026-10-09,W1457,52.41937,10.61737,4.4,9.9,10.6,0.277,11.9,0.172,0.98
2026-10-10,W1457,52.41937,10.61737,3.9,11.6,12.3,0.279,12.0,0.176,1.56
2026-10-11,W1457,52.41937,10.61737,1.5,11.3,10.8,0.266,11.7,0.18,1.94
2026-10-12,W1457,52.41937,10.61737,8.4,10.6,10.4,0.252,11.1,0.183,1.2
2026-10-06,W1458,52.41937,10.64694,0.0,14.9,13.8,0.206,13.1,0.163,1.58
2026-10-07,W1458,52.41937,10.64694,0.0,16.0,14.1,0.193,13.5,0.163,2.28
2026-10-08,W1458,52.41937,10.64694,9.23,13.0,13.2,0.269,13.8,0.165,1.32
2026-10-09,W1458,52.41937,10.64694,4.4,9.9,10.6,0.277,11.9,0.172,0.98
2026-10-10,W1458,52.41937,10.64694,3.9,11.6,12.3,0.279,12.0,0.176,1.56
2026-10-11,W1458,52.41937,10.64694,1.5,11.3,10.8,0.266,11.7,0.18,1.94
2026-10-12,W1458,52.41937,10.64694,8.4,10.6,10.4,0.252,11.1,0.183,1.2
2026-10-06,W1459,52.41937,10.6765,0.0,14.9,13.8,0.206,13.1,0.163,1.58
2026-10-07,W1459,52.41937,10.6765,0.0,16.2,14.1,0.193,13.5,0.163,2.3
2026-10-08,W1459,52.41937,10.6765,8.45,13.2,13.2,0.269,13.8,0.165,1.32
2026-10-09,W1459,52.41937,10.6765,4.1,9.9,10.6,0.277,11.9,0.172,0.97
2026-10-10,W1459,52.41937,10.6765,3.0,11.6,12.3,0.279,12.0,0.176,1.57
2026-10-11,W1459,52.41937,10.6765,1.5,11.3,10.8,0.266,11.7,0.18,1.94
2026-10-12,W1459,52.41937,10.6765,8.4,10.6,10.4,0.252,11.1,0.183,1.2
2026-10-06,W1460,52.41937,10.70607,0.0,15.0,13.8,0.206,13.1,0.163,1.58
2026-10-07,W1460,52.41937,10.70607,0.0,16.2,14.1,0.193,13.5,0.163,2.3
2026-10-08,W1460,52.41937,10.70607,8.45,13.2,13.2,0.269,13.8,0.165,1.32
2026-10-09,W1460,52.41937,10.70607,4.1,9.9,10.6,0.277,11.9,0.172,0.97
2026-10-10,W1460,52.41937,10.70607,3.0,11.6,12.3,0.279,12.0,0.176,1.57
2026-10-11,W1460,52.41937,10.70607,1.35,11.3,10.8,0.266,11.7,0.18,1.93
2026-10-12,W1460,52.41937,10.70607,9.3,10.4,10.4,0.252,11.1,0.183,1.05
2026-10-06,W0357,52.4104,10.7498,0.0,15.3,13.8,0.206,13.1,0.163,1.59
2026-10-07,W0357,52.4104,10.7498,0.0,16.3,14.1,0.193,13.5,0.163,2.25
2026-10-08,W0357,52.4104,10.7498,7.1,13.2,13.2,0.269,13.8,0.165,1.28
2026-10-09,W0357,52.4104,10.7498,4.0,9.7,10.6,0.277,11.9,0.172,0.92
2026-10-10,W0357,52.4104,10.7498,3.3,11.4,12.3,0.279,12.0,0.176,1.54
2026-10-11,W0357,52.4104,10.7498,1.35,11.1,10.8,0.266,11.7,0.18,1.91
2026-10-12,W0357,52.4104,10.7498,9.3,10.2,10.4,0.252,11.1,0.183,1.05
2026-10-06,W0358,52.4104,10.7794,0.0,15.1,14.2,0.204,13.7,0.157,1.57
2026-10-07,W0358,52.4104,10.7794,0.0,15.8,14.3,0.192,14.0,0.157,2.16
2026-10-08,W0358,52.4104,10.7794,7.2,13.3,13.5,0.238,14.3,0.158,1.29
2026-10-09,W0358,52.4104,10.7794,4.0,9.8,10.8,0.25,12.4,0.161,0.92
2026-10-10,W0358,52.4104,10.7794,3.3,11.5,12.4,0.297,12.4,0.167,1.54
2026-10-11,W0358,52.4104,10.7794,1.35,11.2,10.9,0.277,12.0,0.174,1.91
2026-10-12,W0358,52.4104,10.7794,9.3,10.3,10.5,0.261,11.4,0.177,1.05
2026-10-06,W0359,52.4104,10.8089,0.0,15.2,14.2,0.204,13.7,0.157,1.59
2026-10-07,W0359,52.4104,10.8089,0.0,15.7,14.3,0.192,14.0,0.157,2.19
2026-10-08,W0359,52.4104,10.8089,7.55,13.3,13.5,0.238,14.3,0.158,1.31
2026-10-09,W0359,52.4104,10.8089,3.7,9.9,10.8,0.25,12.4,0.161,0.94
2026-10-10,W0359,52.4104,10.8089,2.7,11.6,12.4,0.297,12.4,0.167,1.6
2026-10-11,W0359,52.4104,10.8089,1.35,11.3,10.9,0.277,12.0,0.174,1.92
2026-10-12,W0359,52.4104,10.8089,9.3,10.3,10.5,0.261,11.4,0.177,1.05
2026-10-06,W1461,52.41937,10.82432,0.0,15.2,14.2,0.204,13.7,0.157,1.59
2026-10-07,W1461,52.41937,10.82432,0.0,15.7,14.3,0.192,14.0,0.157,2.19
2026-10-08,W1461,52.41937,10.82432,7.55,13.3,13.5,0.238,14.3,0.158,1.31
2026-10-09,W1461,52.41937,10.82432,3.7,9.9,10.8,0.25,12.4,0.161,0.94
2026-10-10,W1461,52.41937,10.82432,2.7,11.6,12.4,0.297,12.4,0.167,1.6
2026-10-11,W1461,52.41937,10.82432,1.35,11.3,10.9,0.277,12.0,0.174,1.92
2026-10-12,W1461,52.41937,10.82432,9.3,10.3,10.5,0.261,11.4,0.177,1.05
2026-10-06,W0360,52.4104,10.868,0.0,15.1,14.2,0.204,13.7,0.157,1.61
2026-10-07,W0360,52.4104,10.868,0.0,15.8,14.3,0.192,14.0,0.157,2.23
2026-10-08,W0360,52.4104,10.868,7.77,13.2,13.5,0.238,14.3,0.158,1.37
2026-10-09,W0360,52.4104,10.868,3.6,9.8,10.8,0.25,12.4,0.161,0.99
2026-10-10,W0360,52.4104,10.868,1.8,11.5,12.4,0.297,12.4,0.167,1.67
2026-10-11,W0360,52.4104,10.868,1.35,11.0,10.9,0.277,12.0,0.174,1.92
2026-10-12,W0360,52.4104,10.868,9.3,10.1,10.5,0.261,11.4,0.177,1.04
2026-10-06,W0361,52.4104,10.8975,0.0,14.8,14.2,0.204,13.7,0.157,1.59
2026-10-07,W0361,52.4104,10.8975,0.0,14.9,14.3,0.192,14.0,0.157,2.07
2026-10-08,W0361,52.4104,10.8975,7.85,12.9,13.5,0.238,14.3,0.158,1.31
2026-10-09,W0361,52.4104,10.8975,3.6,9.7,10.8,0.25,12.4,0.161,0.99
2026-10-10,W0361,52.4104,10.8975,1.8,11.4,12.4,0.297,12.4,0.167,1.67
2026-10-11,W0361,52.4104,10.8975,1.35,11.0,10.9,0.277,12.0,0.174,1.91
2026-10-12,W0361,52.4104,10.8975,9.3,10.1,10.5,0.261,11.4,0.177,1.04
2026-10-06,W0362,52.4104,10.9271,0.0,14.8,14.2,0.204,13.7,0.157,1.59
2026-10-07,W0362,52.4104,10.9271,0.0,14.9,14.3,0.192,14.0,0.157,2.07
2026-10-08,W0362,52.4104,10.9271,7.75,13.0,13.5,0.238,14.3,0.158,1.35
2026-10-09,W0362,52.4104,10.9271,3.5,9.8,10.8,0.25,12.4,0.161,1.07
2026-10-10,W0362,52.4104,10.9271,2.1,11.5,12.4,0.297,12.4,0.167,1.73
2026-10-11,W0362,52.4104,10.9271,1.2,11.0,10.9,0.277,12.0,0.174,1.93
2026-10-12,W0362,52.4104,10.9271,9.3,10.1,10.5,0.261,11.4,0.177,1.04
2026-10-06,W0363,52.4104,10.9566,0.0,14.8,14.1,0.212,13.6,0.164,1.61
2026-10-07,W0363,52.4104,10.9566,0.0,14.8,14.0,0.201,13.8,0.165,2.13
2026-10-08,W0363,52.4104,10.9566,5.6,12.9,13.5,0.237,14.1,0.165,1.34
2026-10-09,W0363,52.4104,10.9566,3.5,10.0,10.9,0.246,12.4,0.167,1.08
2026-10-10,W0363,52.4104,10.9566,2.1,11.6,12.5,0.312,12.4,0.175,1.74
2026-10-11,W0363,52.4104,10.9566,0.9,11.2,11.1,0.293,12.0,0.187,1.96
2026-10-12,W0363,52.4104,10.9566,8.1,10.1,10.6,0.271,11.4,0.19,1.02
2026-10-06,W1462,52.41937,10.97214,0.0,14.8,14.1,0.212,13.6,0.164,1.61
2026-10-07,W1462,52.41937,10.97214,0.0,14.8,14.0,0.201,13.8,0.165,2.16
2026-10-08,W1462,52.41937,10.97214,5.15,13.0,13.5,0.237,14.1,0.165,1.37
2026-10-09,W1462,52.41937,10.97214,3.1,10.1,10.9,0.246,12.4,0.167,1.1
2026-10-10,W1462,52.41937,10.97214,2.1,11.8,12.5,0.312,12.4,0.175,1.79
2026-10-11,W1462,52.41937,10.97214,0.9,11.3,11.1,0.293,12.0,0.187,1.97
2026-10-12,W1462,52.41937,10.97214,8.1,10.2,10.6,0.271,11.4,0.19,1.02
2026-10-06,W1463,52.41937,11.00171,0.0,14.7,14.1,0.212,13.6,0.164,1.62
2026-10-07,W1463,52.41937,11.00171,0.0,14.7,14.0,0.201,13.8,0.165,2.16
2026-10-08,W1463,52.41937,11.00171,5.18,13.0,13.5,0.237,14.1,0.165,1.37
2026-10-09,W1463,52.41937,11.00171,3.1,10.2,10.9,0.246,12.4,0.167,1.1
2026-10-10,W1463,52.41937,11.00171,2.1,11.8,12.5,0.312,12.4,0.175,1.79
2026-10-11,W1463,52.41937,11.00171,0.9,11.3,11.1,0.293,12.0,0.187,1.97
2026-10-12,W1463,52.41937,11.00171,8.1,10.2,10.6,0.271,11.4,0.19,1.02
2026-10-06,W0364,52.4104,11.0452,0.0,14.5,14.1,0.212,13.6,0.164,1.61
2026-10-07,W0364,52.4104,11.0452,0.0,14.6,14.0,0.201,13.8,0.165,2.16
2026-10-08,W0364,52.4104,11.0452,5.18,13.0,13.5,0.237,14.1,0.165,1.38
2026-10-09,W0364,52.4104,11.0452,3.7,10.1,10.9,0.246,12.4,0.167,1.12
2026-10-10,W0364,52.4104,11.0452,2.1,11.7,12.5,0.312,12.4,0.175,1.82
2026-10-11,W0364,52.4104,11.0452,0.9,11.2,11.1,0.293,12.0,0.187,1.97
2026-10-12,W0364,52.4104,11.0452,8.1,10.1,10.6,0.271,11.4,0.19,1.02
2026-10-06,W1464,52.41937,11.06084,0.0,14.6,14.1,0.212,13.6,0.164,1.62
2026-10-07,W1464,52.41937,11.06084,0.0,14.8,14.0,0.201,13.8,0.165,2.17
2026-10-08,W1464,52.41937,11.06084,5.18,13.2,13.5,0.237,14.1,0.165,1.38
2026-10-09,W1464,52.41937,11.06084,3.7,10.2,10.9,0.246,12.4,0.167,1.13
2026-10-10,W1464,52.41937,11.06084,2.1,11.9,12.5,0.312,12.4,0.175,1.83
2026-10-11,W1464,52.41937,11.06084,0.9,11.3,11.1,0.293,12.0,0.187,1.98
2026-10-12,W1464,52.41937,11.06084,8.1,10.3,10.6,0.271,11.4,0.19,1.03
2026-10-06,W1465,52.41937,11.0904,0.0,14.8,14.1,0.212,13.6,0.164,1.68
2026-10-07,W1465,52.41937,11.0904,0.0,14.9,14.0,0.201,13.8,0.165,2.19
2026-10-08,W1465,52.41937,11.0904,6.47,13.3,13.5,0.237,14.1,0.165,1.38
2026-10-09,W1465,52.41937,11.0904,3.7,10.3,10.9,0.246,12.4,0.167,1.13
2026-10-10,W1465,52.41937,11.0904,2.1,11.9,12.5,0.312,12.4,0.175,1.83
2026-10-11,W1465,52.41937,11.0904,0.45,11.5,11.1,0.293,12.0,0.187,2.06
2026-10-12,W1465,52.41937,11.0904,7.5,10.4,10.6,0.271,11.4,0.19,1.04
2026-10-06,W1466,52.41937,11.11997,0.0,14.6,13.8,0.222,13.2,0.147,1.66
2026-10-07,W1466,52.41937,11.11997,0.0,14.5,13.8,0.21,13.3,0.148,2.16
2026-10-08,W1466,52.41937,11.11997,7.08,13.2,13.3,0.246,13.7,0.149,1.29
2026-10-09,W1466,52.41937,11.11997,3.9,10.3,11.0,0.255,12.2,0.153,1.07
2026-10-10,W1466,52.41937,11.11997,2.1,12.0,12.6,0.264,12.2,0.157,1.75
2026-10-11,W1466,52.41937,11.11997,0.45,11.5,11.2,0.253,12.0,0.16,2.04
2026-10-12,W1466,52.41937,11.11997,7.5,10.4,10.7,0.24,11.4,0.163,1.04
2026-10-06,W1467,52.41937,11.14953,0.0,14.5,13.8,0.222,13.2,0.147,1.66
2026-10-07,W1467,52.41937,11.14953,0.0,14.5,13.8,0.21,13.3,0.148,2.16
2026-10-08,W1467,52.41937,11.14953,7.08,13.1,13.3,0.246,13.7,0.149,1.29
2026-10-09,W1467,52.41937,11.14953,3.9,10.3,11.0,0.255,12.2,0.153,1.07
2026-10-10,W1467,52.41937,11.14953,2.1,11.9,12.6,0.264,12.2,0.157,1.75
2026-10-11,W1467,52.41937,11.14953,0.45,11.5,11.2,0.253,12.0,0.16,2.04
2026-10-12,W1467,52.41937,11.14953,7.5,10.4,10.7,0.24,11.4,0.163,1.04
2026-10-06,W0366,52.4284,10.1295,0.0,14.8,13.1,0.249,12.1,0.222,1.47
2026-10-07,W0366,52.4284,10.1295,0.0,15.7,13.1,0.236,12.5,0.22,1.99
2026-10-08,W0366,52.4284,10.1295,10.95,12.7,12.6,0.297,12.9,0.222,1.3
2026-10-09,W0366,52.4284,10.1295,7.0,10.2,10.3,0.301,11.2,0.228,0.86
2026-10-10,W0366,52.4284,10.1295,5.1,11.7,12.1,0.311,11.5,0.232,1.49
2026-10-11,W0366,52.4284,10.1295,1.95,11.1,10.5,0.3,11.1,0.237,1.86
2026-10-12,W0366,52.4284,10.1295,5.4,10.7,10.2,0.285,10.6,0.238,1.33
2026-10-06,W0367,52.4284,10.1591,0.0,14.9,13.1,0.249,12.1,0.222,1.51
2026-10-07,W0367,52.4284,10.1591,0.0,15.8,13.1,0.236,12.5,0.22,2.06
2026-10-08,W0367,52.4284,10.1591,10.13,12.8,12.6,0.297,12.9,0.222,1.31
2026-10-09,W0367,52.4284,10.1591,6.3,10.2,10.3,0.301,11.2,0.228,0.88
2026-10-10,W0367,52.4284,10.1591,5.1,11.8,12.1,0.311,11.5,0.232,1.52
2026-10-11,W0367,52.4284,10.1591,1.65,11.2,10.5,0.3,11.1,0.237,1.87
2026-10-12,W0367,52.4284,10.1591,5.4,10.8,10.2,0.285,10.6,0.238,1.33
2026-10-06,W0368,52.4284,10.1886,0.0,14.9,13.1,0.249,12.1,0.222,1.45
2026-10-07,W0368,52.4284,10.1886,0.0,16.0,13.1,0.236,12.5,0.22,2.11
2026-10-08,W0368,52.4284,10.1886,9.68,12.8,12.6,0.297,12.9,0.222,1.33
2026-10-09,W0368,52.4284,10.1886,6.3,10.2,10.3,0.301,11.2,0.228,0.88
2026-10-10,W0368,52.4284,10.1886,5.1,11.8,12.1,0.311,11.5,0.232,1.52
2026-10-11,W0368,52.4284,10.1886,1.8,11.2,10.5,0.3,11.1,0.237,1.86
2026-10-12,W0368,52.4284,10.1886,7.8,10.6,10.2,0.285,10.6,0.238,1.23
2026-10-06,W0369,52.4284,10.2182,0.0,15.0,13.1,0.249,12.1,0.222,1.51
2026-10-07,W0369,52.4284,10.2182,0.0,16.2,13.1,0.236,12.5,0.22,2.16
2026-10-08,W0369,52.4284,10.2182,7.98,12.9,12.6,0.297,12.9,0.222,1.33
2026-10-09,W0369,52.4284,10.2182,6.3,10.2,10.3,0.301,11.2,0.228,0.88
2026-10-10,W0369,52.4284,10.2182,5.1,11.8,12.1,0.311,11.5,0.232,1.52
2026-10-11,W0369,52.4284,10.2182,1.8,11.2,10.5,0.3,11.1,0.237,1.86
2026-10-12,W0369,52.4284,10.2182,7.8,10.6,10.2,0.285,10.6,0.238,1.23
2026-10-06,W0370,52.4284,10.2477,0.0,15.0,13.1,0.249,12.1,0.222,1.51
2026-10-07,W0370,52.4284,10.2477,0.0,16.2,13.1,0.236,12.5,0.22,2.16
2026-10-08,W0370,52.4284,10.2477,8.0,12.9,12.6,0.297,12.9,0.222,1.33
2026-10-09,W0370,52.4284,10.2477,5.8,10.2,10.3,0.301,11.2,0.228,0.9
2026-10-10,W0370,52.4284,10.2477,5.1,11.8,12.1,0.311,11.5,0.232,1.53
2026-10-11,W0370,52.4284,10.2477,1.8,11.2,10.5,0.3,11.1,0.237,1.86
2026-10-12,W0370,52.4284,10.2477,7.8,10.6,10.2,0.285,10.6,0.238,1.23
2026-10-06,W0371,52.4284,10.2772,0.0,15.1,13.0,0.247,12.0,0.234,1.5
2026-10-07,W0371,52.4284,10.2772,0.0,15.8,12.9,0.236,12.2,0.232,2.12
2026-10-08,W0371,52.4284,10.2772,6.82,12.9,12.4,0.305,12.6,0.233,1.35
2026-10-09,W0371,52.4284,10.2772,5.8,10.2,10.2,0.308,11.0,0.239,0.9
2026-10-10,W0371,52.4284,10.2772,5.1,11.8,12.0,0.338,11.4,0.247,1.52
2026-10-11,W0371,52.4284,10.2772,1.8,11.2,10.5,0.316,11.0,0.254,1.86
2026-10-12,W0371,52.4284,10.2772,7.8,10.6,10.1,0.298,10.5,0.256,1.23
2026-10-06,W0372,52.4284,10.3068,0.0,15.1,13.0,0.247,12.0,0.234,1.5
2026-10-07,W0372,52.4284,10.3068,0.0,15.8,12.9,0.236,12.2,0.232,2.12
2026-10-08,W0372,52.4284,10.3068,6.85,12.9,12.4,0.305,12.6,0.233,1.36
2026-10-09,W0372,52.4284,10.3068,5.4,10.2,10.2,0.308,11.0,0.239,0.92
2026-10-10,W0372,52.4284,10.3068,5.4,11.8,12.0,0.338,11.4,0.247,1.53
2026-10-11,W0372,52.4284,10.3068,1.8,11.1,10.5,0.316,11.0,0.254,1.86
2026-10-12,W0372,52.4284,10.3068,7.8,10.6,10.1,0.298,10.5,0.256,1.23
2026-10-06,W0373,52.4284,10.3363,0.0,14.9,13.0,0.247,12.0,0.234,1.49
2026-10-07,W0373,52.4284,10.3363,0.0,15.5,12.9,0.236,12.2,0.232,2.12
2026-10-08,W0373,52.4284,10.3363,7.85,12.6,12.4,0.305,12.6,0.233,1.33
2026-10-09,W0373,52.4284,10.3363,5.4,10.1,10.2,0.308,11.0,0.239,0.91
2026-10-10,W0373,52.4284,10.3363,5.4,11.8,12.0,0.338,11.4,0.247,1.52
2026-10-11,W0373,52.4284,10.3363,1.95,11.2,10.5,0.316,11.0,0.254,1.92
2026-10-12,W0373,52.4284,10.3363,6.3,10.7,10.1,0.298,10.5,0.256,1.29
2026-10-06,W0374,52.4284,10.3658,0.0,14.8,13.0,0.247,12.0,0.234,1.5
2026-10-07,W0374,52.4284,10.3658,0.0,15.7,12.9,0.236,12.2,0.232,2.12
2026-10-08,W0374,52.4284,10.3658,7.97,12.7,12.4,0.305,12.6,0.233,1.32
2026-10-09,W0374,52.4284,10.3658,5.1,10.2,10.2,0.308,11.0,0.239,0.91
2026-10-10,W0374,52.4284,10.3658,5.7,11.8,12.0,0.338,11.4,0.247,1.51
2026-10-11,W0374,52.4284,10.3658,1.95,11.2,10.5,0.316,11.0,0.254,1.92
2026-10-12,W0374,52.4284,10.3658,6.3,10.7,10.1,0.298,10.5,0.256,1.3
2026-10-06,W1468,52.43739,10.38086,0.0,14.9,13.0,0.247,12.0,0.234,1.53
2026-10-07,W1468,52.43739,10.38086,0.0,15.9,12.9,0.236,12.2,0.232,2.13
2026-10-08,W1468,52.43739,10.38086,7.77,12.7,12.4,0.305,12.6,0.233,1.34
2026-10-09,W1468,52.43739,10.38086,5.1,10.2,10.2,0.308,11.0,0.239,0.91
2026-10-10,W1468,52.43739,10.38086,5.7,11.8,12.0,0.338,11.4,0.247,1.51
2026-10-11,W1468,52.43739,10.38086,1.95,11.2,10.5,0.316,11.0,0.254,1.92
2026-10-12,W1468,52.43739,10.38086,6.3,10.7,10.1,0.298,10.5,0.256,1.3
2026-10-06,W1469,52.43739,10.41042,0.0,14.9,13.1,0.248,12.2,0.215,1.52
2026-10-07,W1469,52.43739,10.41042,0.0,15.9,13.4,0.236,12.7,0.214,2.13
2026-10-08,W1469,52.43739,10.41042,7.88,12.9,12.8,0.305,13.1,0.217,1.32
2026-10-09,W1469,52.43739,10.41042,4.7,10.1,10.5,0.305,11.5,0.225,0.89
2026-10-10,W1469,52.43739,10.41042,5.1,11.7,12.3,0.308,11.8,0.23,1.46
2026-10-11,W1469,52.43739,10.41042,1.8,11.2,10.8,0.292,11.4,0.233,1.9
2026-10-12,W1469,52.43739,10.41042,6.3,10.7,10.4,0.279,10.9,0.235,1.29
2026-10-06,W0375,52.4284,10.4545,0.0,14.9,13.0,0.226,12.0,0.204,1.54
2026-10-07,W0375,52.4284,10.4545,0.0,16.1,13.2,0.215,12.6,0.203,2.18
2026-10-08,W0375,52.4284,10.4545,6.58,13.0,12.6,0.29,13.0,0.204,1.34
2026-10-09,W0375,52.4284,10.4545,4.7,10.1,10.4,0.296,11.3,0.211,0.89
2026-10-10,W0375,52.4284,10.4545,5.1,11.7,12.2,0.302,11.7,0.216,1.46
2026-10-11,W0375,52.4284,10.4545,1.5,11.3,10.6,0.289,11.3,0.22,1.91
2026-10-12,W0375,52.4284,10.4545,8.4,10.6,10.2,0.278,10.7,0.222,1.2
2026-10-06,W0376,52.4284,10.484,0.0,15.0,13.0,0.226,12.0,0.204,1.56
2026-10-07,W0376,52.4284,10.484,0.0,16.2,13.2,0.215,12.6,0.203,2.19
2026-10-08,W0376,52.4284,10.484,5.55,13.2,12.6,0.29,13.0,0.204,1.32
2026-10-09,W0376,52.4284,10.484,4.8,10.0,10.4,0.296,11.3,0.211,0.88
2026-10-10,W0376,52.4284,10.484,5.1,11.7,12.2,0.302,11.7,0.216,1.43
2026-10-11,W0376,52.4284,10.484,1.5,11.3,10.6,0.289,11.3,0.22,1.92
2026-10-12,W0376,52.4284,10.484,8.4,10.6,10.2,0.278,10.7,0.222,1.2
2026-10-06,W0377,52.4284,10.5135,0.0,15.0,13.0,0.226,12.0,0.204,1.56
2026-10-07,W0377,52.4284,10.5135,0.0,15.8,13.2,0.215,12.6,0.203,2.17
2026-10-08,W0377,52.4284,10.5135,5.38,13.1,12.6,0.29,13.0,0.204,1.32
2026-10-09,W0377,52.4284,10.5135,4.8,10.0,10.4,0.296,11.3,0.211,0.88
2026-10-10,W0377,52.4284,10.5135,5.1,11.7,12.2,0.302,11.7,0.216,1.43
2026-10-11,W0377,52.4284,10.5135,1.5,11.3,10.6,0.289,11.3,0.22,1.92
2026-10-12,W0377,52.4284,10.5135,8.4,10.6,10.2,0.278,10.7,0.222,1.2
2026-10-06,W0378,52.4284,10.5431,0.0,14.9,13.0,0.226,12.0,0.204,1.57
2026-10-07,W0378,52.4284,10.5431,0.0,15.9,13.2,0.215,12.6,0.203,2.26
2026-10-08,W0378,52.4284,10.5431,5.87,13.0,12.6,0.29,13.0,0.204,1.34
2026-10-09,W0378,52.4284,10.5431,4.4,10.0,10.4,0.296,11.3,0.211,0.92
2026-10-10,W0378,52.4284,10.5431,4.5,11.7,12.2,0.302,11.7,0.216,1.49
2026-10-11,W0378,52.4284,10.5431,1.5,11.3,10.6,0.289,11.3,0.22,1.92
2026-10-12,W0378,52.4284,10.5431,8.4,10.6,10.2,0.278,10.7,0.222,1.2
2026-10-06,W0379,52.4284,10.5726,0.0,15.0,13.0,0.226,12.0,0.204,1.59
2026-10-07,W0379,52.4284,10.5726,0.0,15.9,13.2,0.215,12.6,0.203,2.27
2026-10-08,W0379,52.4284,10.5726,7.68,12.9,12.6,0.29,13.0,0.204,1.31
2026-10-09,W0379,52.4284,10.5726,4.4,10.0,10.4,0.296,11.3,0.211,0.92
2026-10-10,W0379,52.4284,10.5726,4.5,11.7,12.2,0.302,11.7,0.216,1.49
2026-10-11,W0379,52.4284,10.5726,1.5,11.3,10.6,0.289,11.3,0.22,1.92
2026-10-12,W0379,52.4284,10.5726,8.4,10.6,10.2,0.278,10.7,0.222,1.2
2026-10-06,W1470,52.43739,10.58781,0.0,14.9,13.6,0.218,12.9,0.184,1.58
2026-10-07,W1470,52.43739,10.58781,0.0,15.8,14.0,0.207,13.4,0.184,2.25
2026-10-08,W1470,52.43739,10.58781,5.83,12.9,13.1,0.264,13.8,0.185,1.32
2026-10-09,W1470,52.43739,10.58781,4.4,10.0,10.7,0.275,12.0,0.189,0.92
2026-10-10,W1470,52.43739,10.58781,4.5,11.7,12.5,0.282,12.2,0.193,1.49
2026-10-11,W1470,52.43739,10.58781,1.5,11.3,10.9,0.27,11.8,0.197,1.92
2026-10-12,W1470,52.43739,10.58781,8.4,10.6,10.6,0.259,11.2,0.199,1.2
2026-10-06,W0380,52.4284,10.6317,0.0,15.0,13.8,0.206,13.1,0.163,1.59
2026-10-07,W0380,52.4284,10.6317,0.0,16.1,14.1,0.193,13.5,0.163,2.29
2026-10-08,W0380,52.4284,10.6317,9.23,13.1,13.2,0.269,13.8,0.165,1.33
2026-10-09,W0380,52.4284,10.6317,4.4,10.0,10.6,0.277,11.9,0.172,0.98
2026-10-10,W0380,52.4284,10.6317,3.9,11.7,12.3,0.279,12.0,0.176,1.56
2026-10-11,W0380,52.4284,10.6317,1.5,11.3,10.8,0.266,11.7,0.18,1.94
2026-10-12,W0380,52.4284,10.6317,8.4,10.6,10.4,0.252,11.1,0.183,1.2
2026-10-06,W0381,52.4284,10.6612,0.0,15.0,13.8,0.206,13.1,0.163,1.59
2026-10-07,W0381,52.4284,10.6612,0.0,16.1,14.1,0.193,13.5,0.163,2.29
2026-10-08,W0381,52.4284,10.6612,9.23,13.1,13.2,0.269,13.8,0.165,1.29
2026-10-09,W0381,52.4284,10.6612,4.1,10.0,10.6,0.277,11.9,0.172,0.97
2026-10-10,W0381,52.4284,10.6612,3.0,11.7,12.3,0.279,12.0,0.176,1.57
2026-10-11,W0381,52.4284,10.6612,1.5,11.3,10.8,0.266,11.7,0.18,1.95
2026-10-12,W0381,52.4284,10.6612,8.4,10.6,10.4,0.252,11.1,0.183,1.2
2026-10-06,W1471,52.43739,10.6765,0.0,14.6,13.8,0.206,13.1,0.163,1.56
2026-10-07,W1471,52.43739,10.6765,0.0,15.5,14.1,0.193,13.5,0.163,2.14
2026-10-08,W1471,52.43739,10.6765,9.1,13.0,13.2,0.269,13.8,0.165,1.26
2026-10-09,W1471,52.43739,10.6765,4.1,10.0,10.6,0.277,11.9,0.172,0.97
2026-10-10,W1471,52.43739,10.6765,3.0,11.7,12.3,0.279,12.0,0.176,1.57
2026-10-11,W1471,52.43739,10.6765,1.5,11.3,10.8,0.266,11.7,0.18,1.95
2026-10-12,W1471,52.43739,10.6765,8.4,10.6,10.4,0.252,11.1,0.183,1.2
2026-10-06,W1472,52.43739,10.70607,0.0,14.5,13.8,0.206,13.1,0.163,1.57
2026-10-07,W1472,52.43739,10.70607,0.0,15.5,14.1,0.193,13.5,0.163,2.15
2026-10-08,W1472,52.43739,10.70607,9.15,13.0,13.2,0.269,13.8,0.165,1.26
2026-10-09,W1472,52.43739,10.70607,4.1,10.0,10.6,0.277,11.9,0.172,0.97
2026-10-10,W1472,52.43739,10.70607,3.0,11.7,12.3,0.279,12.0,0.176,1.57
2026-10-11,W1472,52.43739,10.70607,1.35,11.3,10.8,0.266,11.7,0.18,1.94
2026-10-12,W1472,52.43739,10.70607,9.3,10.4,10.4,0.252,11.1,0.183,1.05
2026-10-06,W0382,52.4284,10.7498,0.0,15.5,13.3,0.214,12.6,0.178,1.6
2026-10-07,W0382,52.4284,10.7498,0.0,16.5,13.6,0.205,13.1,0.178,2.26
2026-10-08,W0382,52.4284,10.7498,7.1,13.4,13.1,0.279,13.5,0.18,1.29
2026-10-09,W0382,52.4284,10.7498,4.0,9.9,10.7,0.286,11.9,0.187,0.92
2026-10-10,W0382,52.4284,10.7498,3.3,11.6,12.4,0.295,12.1,0.192,1.55
2026-10-11,W0382,52.4284,10.7498,1.35,11.3,10.9,0.283,11.7,0.197,1.92
2026-10-12,W0382,52.4284,10.7498,9.3,10.4,10.4,0.268,11.1,0.2,1.05
2026-10-06,W1473,52.43739,10.76519,0.0,15.4,13.3,0.214,12.6,0.178,1.62
2026-10-07,W1473,52.43739,10.76519,0.0,16.2,13.6,0.205,13.1,0.178,2.23
2026-10-08,W1473,52.43739,10.76519,7.37,13.6,13.1,0.279,13.5,0.18,1.29
2026-10-09,W1473,52.43739,10.76519,4.0,9.9,10.7,0.286,11.9,0.187,0.93
2026-10-10,W1473,52.43739,10.76519,3.3,11.6,12.4,0.295,12.1,0.192,1.55
2026-10-11,W1473,52.43739,10.76519,1.35,11.3,10.9,0.283,11.7,0.197,1.92
2026-10-12,W1473,52.43739,10.76519,9.3,10.4,10.4,0.268,11.1,0.2,1.05
2026-10-06,W1474,52.43739,10.79476,0.0,15.2,14.2,0.204,13.7,0.157,1.62
2026-10-07,W1474,52.43739,10.79476,0.0,15.7,14.3,0.192,14.0,0.157,2.17
2026-10-08,W1474,52.43739,10.79476,7.2,13.3,13.5,0.238,14.3,0.158,1.27
2026-10-09,W1474,52.43739,10.79476,3.7,9.9,10.8,0.25,12.4,0.161,0.94
2026-10-10,W1474,52.43739,10.79476,2.7,11.6,12.4,0.297,12.4,0.167,1.6
2026-10-11,W1474,52.43739,10.79476,1.35,11.3,10.9,0.277,12.0,0.174,1.92
2026-10-12,W1474,52.43739,10.79476,9.3,10.4,10.5,0.261,11.4,0.177,1.05
2026-10-06,W1475,52.43739,10.82432,0.0,15.3,14.2,0.204,13.7,0.157,1.61
2026-10-07,W1475,52.43739,10.82432,0.0,15.7,14.3,0.192,14.0,0.157,2.15
2026-10-08,W1475,52.43739,10.82432,7.43,13.4,13.5,0.238,14.3,0.158,1.29
2026-10-09,W1475,52.43739,10.82432,3.7,10.0,10.8,0.25,12.4,0.161,0.94
2026-10-10,W1475,52.43739,10.82432,2.7,11.7,12.4,0.297,12.4,0.167,1.6
2026-10-11,W1475,52.43739,10.82432,1.35,11.3,10.9,0.277,12.0,0.174,1.93
2026-10-12,W1475,52.43739,10.82432,9.3,10.4,10.5,0.261,11.4,0.177,1.05
2026-10-06,W0383,52.4284,10.868,0.0,15.4,14.2,0.204,13.7,0.157,1.62
2026-10-07,W0383,52.4284,10.868,0.0,16.1,14.3,0.192,14.0,0.157,2.24
2026-10-08,W0383,52.4284,10.868,7.77,13.5,13.5,0.238,14.3,0.158,1.39
2026-10-09,W0383,52.4284,10.868,3.6,10.0,10.8,0.25,12.4,0.161,1.01
2026-10-10,W0383,52.4284,10.868,1.8,11.7,12.4,0.297,12.4,0.167,1.69
2026-10-11,W0383,52.4284,10.868,1.35,11.3,10.9,0.277,12.0,0.174,1.94
2026-10-12,W0383,52.4284,10.868,9.3,10.4,10.5,0.261,11.4,0.177,1.05
2026-10-06,W0384,52.4284,10.8975,0.0,14.9,14.2,0.204,13.7,0.157,1.59
2026-10-07,W0384,52.4284,10.8975,0.0,15.0,14.3,0.192,14.0,0.157,2.08
2026-10-08,W0384,52.4284,10.8975,7.85,13.1,13.5,0.238,14.3,0.158,1.32
2026-10-09,W0384,52.4284,10.8975,3.6,9.9,10.8,0.25,12.4,0.161,1.0
2026-10-10,W0384,52.4284,10.8975,1.8,11.6,12.4,0.297,12.4,0.167,1.68
2026-10-11,W0384,52.4284,10.8975,1.35,11.1,10.9,0.277,12.0,0.174,1.93
2026-10-12,W0384,52.4284,10.8975,9.3,10.2,10.5,0.261,11.4,0.177,1.05
2026-10-06,W0385,52.4284,10.9271,0.0,15.1,13.9,0.207,13.3,0.154,1.6
2026-10-07,W0385,52.4284,10.9271,0.0,15.1,13.9,0.196,13.6,0.154,2.09
2026-10-08,W0385,52.4284,10.9271,7.75,13.3,13.4,0.246,14.0,0.155,1.37
2026-10-09,W0385,52.4284,10.9271,3.5,10.1,10.9,0.255,12.3,0.159,1.08
2026-10-10,W0385,52.4284,10.9271,2.1,11.8,12.5,0.268,12.4,0.162,1.75
2026-10-11,W0385,52.4284,10.9271,1.2,11.3,11.1,0.258,12.0,0.166,1.95
2026-10-12,W0385,52.4284,10.9271,9.3,10.4,10.6,0.244,11.4,0.168,1.05
2026-10-06,W0386,52.4284,10.9566,0.0,14.9,14.1,0.212,13.6,0.164,1.61
2026-10-07,W0386,52.4284,10.9566,0.0,15.0,14.0,0.201,13.8,0.165,2.14
2026-10-08,W0386,52.4284,10.9566,5.6,13.1,13.5,0.237,14.1,0.165,1.35
2026-10-09,W0386,52.4284,10.9566,3.5,10.1,10.9,0.246,12.4,0.167,1.08
2026-10-10,W0386,52.4284,10.9566,2.1,11.8,12.5,0.312,12.4,0.175,1.75
2026-10-11,W0386,52.4284,10.9566,0.9,11.3,11.1,0.293,12.0,0.187,1.97
2026-10-12,W0386,52.4284,10.9566,8.1,10.3,10.6,0.271,11.4,0.19,1.03
2026-10-06,W1476,52.43739,10.97214,0.0,14.5,14.1,0.212,13.6,0.164,1.59
2026-10-07,W1476,52.43739,10.97214,0.0,14.6,14.0,0.201,13.8,0.165,2.15
2026-10-08,W1476,52.43739,10.97214,5.55,13.0,13.5,0.237,14.1,0.165,1.36
2026-10-09,W1476,52.43739,10.97214,3.1,10.2,10.9,0.246,12.4,0.167,1.1
2026-10-10,W1476,52.43739,10.97214,2.1,11.9,12.5,0.312,12.4,0.175,1.79
2026-10-11,W1476,52.43739,10.97214,0.9,11.3,11.1,0.293,12.0,0.187,1.97
2026-10-12,W1476,52.43739,10.97214,8.1,10.3,10.6,0.271,11.4,0.19,1.03
2026-10-06,W0387,52.4284,11.0157,0.0,14.6,14.1,0.212,13.6,0.164,1.6
2026-10-07,W0387,52.4284,11.0157,0.0,14.7,14.0,0.201,13.8,0.165,2.15
2026-10-08,W0387,52.4284,11.0157,5.15,13.1,13.5,0.237,14.1,0.165,1.38
2026-10-09,W0387,52.4284,11.0157,3.1,10.2,10.9,0.246,12.4,0.167,1.1
2026-10-10,W0387,52.4284,11.0157,2.1,11.9,12.5,0.312,12.4,0.175,1.79
2026-10-11,W0387,52.4284,11.0157,0.9,11.3,11.1,0.293,12.0,0.187,1.97
2026-10-12,W0387,52.4284,11.0157,8.1,10.3,10.6,0.271,11.4,0.19,1.03
2026-10-06,W0388,52.4284,11.0452,0.0,14.6,14.1,0.212,13.6,0.164,1.62
2026-10-07,W0388,52.4284,11.0452,0.0,14.7,14.0,0.201,13.8,0.165,2.16
2026-10-08,W0388,52.4284,11.0452,5.18,13.1,13.5,0.237,14.1,0.165,1.38
2026-10-09,W0388,52.4284,11.0452,3.7,10.2,10.9,0.246,12.4,0.167,1.13
2026-10-10,W0388,52.4284,11.0452,2.1,11.8,12.5,0.312,12.4,0.175,1.82
2026-10-11,W0388,52.4284,11.0452,0.9,11.3,11.1,0.293,12.0,0.187,1.98
2026-10-12,W0388,52.4284,11.0452,8.1,10.2,10.6,0.271,11.4,0.19,1.02
2026-10-06,W1477,52.43739,11.06084,0.0,14.2,13.3,0.263,12.9,0.239,1.61
2026-10-07,W1477,52.43739,11.06084,0.0,14.3,13.2,0.253,13.1,0.238,2.12
2026-10-08,W1477,52.43739,11.06084,5.05,12.9,13.1,0.294,13.5,0.238,1.33
2026-10-09,W1477,52.43739,11.06084,3.7,10.3,10.8,0.3,12.0,0.242,1.13
2026-10-10,W1477,52.43739,11.06084,2.1,11.9,12.4,0.321,12.2,0.247,1.83
2026-10-11,W1477,52.43739,11.06084,0.9,11.3,11.0,0.305,11.8,0.251,1.98
2026-10-12,W1477,52.43739,11.06084,8.1,10.3,10.5,0.29,11.2,0.252,1.03
2026-10-06,W1478,52.43739,11.0904,0.0,13.8,13.3,0.263,12.9,0.239,1.61
2026-10-07,W1478,52.43739,11.0904,0.0,14.2,13.2,0.253,13.1,0.238,2.09
2026-10-08,W1478,52.43739,11.0904,5.78,12.8,13.1,0.294,13.5,0.238,1.31
2026-10-09,W1478,52.43739,11.0904,3.7,10.2,10.8,0.3,12.0,0.242,1.13
2026-10-10,W1478,52.43739,11.0904,2.1,11.8,12.4,0.321,12.2,0.247,1.82
2026-10-11,W1478,52.43739,11.0904,0.45,11.4,11.0,0.305,11.8,0.251,2.05
2026-10-12,W1478,52.43739,11.0904,7.5,10.3,10.5,0.29,11.2,0.252,1.04
2026-10-06,W0389,52.4284,11.1338,0.0,14.6,13.8,0.222,13.2,0.147,1.66
2026-10-07,W0389,52.4284,11.1338,0.0,14.5,13.8,0.21,13.3,0.148,2.16
2026-10-08,W0389,52.4284,11.1338,7.08,13.2,13.3,0.246,13.7,0.149,1.29
2026-10-09,W0389,52.4284,11.1338,3.9,10.3,11.0,0.255,12.2,0.153,1.07
2026-10-10,W0389,52.4284,11.1338,2.1,11.9,12.6,0.264,12.2,0.157,1.75
2026-10-11,W0389,52.4284,11.1338,0.45,11.5,11.2,0.253,12.0,0.16,2.04
2026-10-12,W0389,52.4284,11.1338,7.5,10.4,10.7,0.24,11.4,0.163,1.04
2026-10-06,W1479,52.43739,11.14953,0.0,14.0,13.8,0.222,13.2,0.147,1.61
2026-10-07,W1479,52.43739,11.14953,0.0,14.3,13.8,0.21,13.3,0.148,2.12
2026-10-08,W1479,52.43739,11.14953,7.2,12.9,13.3,0.246,13.7,0.149,1.25
2026-10-09,W1479,52.43739,11.14953,3.9,10.3,11.0,0.255,12.2,0.153,1.07
2026-10-10,W1479,52.43739,11.14953,2.1,11.9,12.6,0.264,12.2,0.157,1.75
2026-10-11,W1479,52.43739,11.14953,0.45,11.5,11.2,0.253,12.0,0.16,2.04
2026-10-12,W1479,52.43739,11.14953,7.5,10.4,10.7,0.24,11.4,0.163,1.04
2026-10-06,W0416,52.4644,10.1295,0.0,14.9,13.2,0.165,12.2,0.14,1.42
2026-10-07,W0416,52.4644,10.1295,0.0,15.7,13.3,0.153,12.6,0.138,2.01
2026-10-08,W0416,52.4644,10.1295,10.55,12.8,12.7,0.213,13.0,0.142,1.32
2026-10-09,W0416,52.4644,10.1295,7.0,10.2,10.2,0.21,11.1,0.152,0.86
2026-10-10,W0416,52.4644,10.1295,5.1,11.8,12.2,0.23,11.6,0.16,1.5
2026-10-11,W0416,52.4644,10.1295,2.4,11.0,10.5,0.208,11.0,0.166,1.67
2026-10-12,W0416,52.4644,10.1295,10.5,10.3,10.1,0.194,10.5,0.167,1.02
2026-10-06,W0417,52.4644,10.1591,0.0,14.9,13.2,0.165,12.2,0.14,1.42
2026-10-07,W0417,52.4644,10.1591,0.0,15.8,13.3,0.153,12.6,0.138,2.01
2026-10-08,W0417,52.4644,10.1591,10.08,12.8,12.7,0.213,13.0,0.142,1.33
2026-10-09,W0417,52.4644,10.1591,6.3,10.2,10.2,0.21,11.1,0.152,0.89
2026-10-10,W0417,52.4644,10.1591,5.1,11.8,12.2,0.23,11.6,0.16,1.52
2026-10-11,W0417,52.4644,10.1591,2.1,11.0,10.5,0.208,11.0,0.166,1.68
2026-10-12,W0417,52.4644,10.1591,10.5,10.3,10.1,0.194,10.5,0.167,1.02
2026-10-06,W0418,52.4644,10.1886,0.0,14.9,13.2,0.165,12.2,0.14,1.43
2026-10-07,W0418,52.4644,10.1886,0.0,15.9,13.3,0.153,12.6,0.138,2.05
2026-10-08,W0418,52.4644,10.1886,10.43,12.9,12.7,0.213,13.0,0.142,1.33
2026-10-09,W0418,52.4644,10.1886,6.3,10.3,10.2,0.21,11.1,0.152,0.89
2026-10-10,W0418,52.4644,10.1886,5.1,11.8,12.2,0.23,11.6,0.16,1.52
2026-10-11,W0418,52.4644,10.1886,1.95,11.1,10.5,0.208,11.0,0.166,1.79
2026-10-12,W0418,52.4644,10.1886,9.6,10.4,10.1,0.194,10.5,0.167,1.09
2026-10-06,W0419,52.4644,10.2182,0.0,14.9,13.2,0.165,12.2,0.14,1.46
2026-10-07,W0419,52.4644,10.2182,0.0,15.8,13.3,0.153,12.6,0.138,2.08
2026-10-08,W0419,52.4644,10.2182,10.13,12.9,12.7,0.213,13.0,0.142,1.33
2026-10-09,W0419,52.4644,10.2182,6.3,10.3,10.2,0.21,11.1,0.152,0.89
2026-10-10,W0419,52.4644,10.2182,5.1,11.8,12.2,0.23,11.6,0.16,1.52
2026-10-11,W0419,52.4644,10.2182,1.95,11.2,10.5,0.208,11.0,0.166,1.79
2026-10-12,W0419,52.4644,10.2182,9.6,10.4,10.1,0.194,10.5,0.167,1.09
2026-10-06,W0420,52.4644,10.2477,0.0,14.9,13.2,0.165,12.2,0.14,1.49
2026-10-07,W0420,52.4644,10.2477,0.0,15.8,13.3,0.153,12.6,0.138,2.1
2026-10-08,W0420,52.4644,10.2477,9.5,12.9,12.7,0.213,13.0,0.142,1.34
2026-10-09,W0420,52.4644,10.2477,5.8,10.2,10.2,0.21,11.1,0.152,0.91
2026-10-10,W0420,52.4644,10.2477,5.1,11.8,12.2,0.23,11.6,0.16,1.53
2026-10-11,W0420,52.4644,10.2477,1.95,11.1,10.5,0.208,11.0,0.166,1.78
2026-10-12,W0420,52.4644,10.2477,9.6,10.4,10.1,0.194,10.5,0.167,1.09
2026-10-06,W0421,52.4644,10.2772,0.0,14.9,13.2,0.165,12.2,0.14,1.46
2026-10-07,W0421,52.4644,10.2772,0.0,15.8,13.3,0.153,12.6,0.138,2.1
2026-10-08,W0421,52.4644,10.2772,8.08,12.9,12.7,0.213,13.0,0.142,1.35
2026-10-09,W0421,52.4644,10.2772,5.8,10.2,10.2,0.21,11.1,0.152,0.91
2026-10-10,W0421,52.4644,10.2772,5.1,11.8,12.2,0.23,11.6,0.16,1.53
2026-10-11,W0421,52.4644,10.2772,1.95,11.1,10.5,0.208,11.0,0.166,1.78
2026-10-12,W0421,52.4644,10.2772,9.6,10.4,10.1,0.194,10.5,0.167,1.09
2026-10-06,W0422,52.4644,10.3068,0.0,14.8,13.1,0.248,12.2,0.215,1.48
2026-10-07,W0422,52.4644,10.3068,0.0,15.7,13.4,0.236,12.7,0.214,2.11
2026-10-08,W0422,52.4644,10.3068,7.35,12.7,12.8,0.305,13.1,0.217,1.34
2026-10-09,W0422,52.4644,10.3068,5.4,10.1,10.5,0.305,11.5,0.225,0.91
2026-10-10,W0422,52.4644,10.3068,5.4,11.8,12.3,0.308,11.8,0.23,1.52
2026-10-11,W0422,52.4644,10.3068,1.95,11.0,10.8,0.292,11.4,0.233,1.78
2026-10-12,W0422,52.4644,10.3068,9.6,10.3,10.4,0.279,10.9,0.235,1.09
2026-10-06,W0423,52.4644,10.3363,0.0,14.9,13.1,0.248,12.2,0.215,1.53
2026-10-07,W0423,52.4644,10.3363,0.0,15.8,13.4,0.236,12.7,0.214,2.12
2026-10-08,W0423,52.4644,10.3363,7.07,12.7,12.8,0.305,13.1,0.217,1.35
2026-10-09,W0423,52.4644,10.3363,5.4,10.2,10.5,0.305,11.5,0.225,0.92
2026-10-10,W0423,52.4644,10.3363,5.4,11.8,12.3,0.308,11.8,0.23,1.53
2026-10-11,W0423,52.4644,10.3363,2.4,11.1,10.8,0.292,11.4,0.233,1.75
2026-10-12,W0423,52.4644,10.3363,10.2,10.2,10.4,0.279,10.9,0.235,1.0
2026-10-06,W0424,52.4644,10.3658,0.0,14.9,13.1,0.248,12.2,0.215,1.53
2026-10-07,W0424,52.4644,10.3658,0.0,15.8,13.4,0.236,12.7,0.214,2.12
2026-10-08,W0424,52.4644,10.3658,7.1,12.7,12.8,0.305,13.1,0.217,1.34
2026-10-09,W0424,52.4644,10.3658,5.1,10.2,10.5,0.305,11.5,0.225,0.91
2026-10-10,W0424,52.4644,10.3658,5.7,11.8,12.3,0.308,11.8,0.23,1.51
2026-10-11,W0424,52.4644,10.3658,2.4,11.1,10.8,0.292,11.4,0.233,1.75
2026-10-12,W0424,52.4644,10.3658,10.2,10.2,10.4,0.279,10.9,0.235,1.0
2026-10-06,W0425,52.4644,10.3954,0.0,14.5,13.1,0.248,12.2,0.215,1.51
2026-10-07,W0425,52.4644,10.3954,0.0,15.5,13.4,0.236,12.7,0.214,2.07
2026-10-08,W0425,52.4644,10.3954,7.7,12.8,12.8,0.305,13.1,0.217,1.34
2026-10-09,W0425,52.4644,10.3954,5.1,10.1,10.5,0.305,11.5,0.225,0.91
2026-10-10,W0425,52.4644,10.3954,5.7,11.7,12.3,0.308,11.8,0.23,1.5
2026-10-11,W0425,52.4644,10.3954,2.4,11.0,10.8,0.292,11.4,0.233,1.74
2026-10-12,W0425,52.4644,10.3954,10.2,10.2,10.4,0.279,10.9,0.235,1.0
2026-10-06,W0426,52.4644,10.4249,0.0,14.6,13.1,0.248,12.2,0.215,1.5
2026-10-07,W0426,52.4644,10.4249,0.0,15.4,13.4,0.236,12.7,0.214,2.08
2026-10-08,W0426,52.4644,10.4249,7.7,12.9,12.8,0.305,13.1,0.217,1.3
2026-10-09,W0426,52.4644,10.4249,4.7,10.1,10.5,0.305,11.5,0.225,0.89
2026-10-10,W0426,52.4644,10.4249,5.1,11.8,12.3,0.308,11.8,0.23,1.47
2026-10-11,W0426,52.4644,10.4249,2.25,11.1,10.8,0.292,11.4,0.233,1.74
2026-10-12,W0426,52.4644,10.4249,10.2,10.2,10.4,0.279,10.9,0.235,1.0
2026-10-06,W0427,52.4644,10.4545,0.0,14.6,13.1,0.248,12.2,0.215,1.51
2026-10-07,W0427,52.4644,10.4545,0.0,15.4,13.4,0.236,12.7,0.214,2.09
2026-10-08,W0427,52.4644,10.4545,7.5,12.7,12.8,0.305,13.1,0.217,1.28
2026-10-09,W0427,52.4644,10.4545,4.7,10.1,10.5,0.305,11.5,0.225,0.89
2026-10-10,W0427,52.4644,10.4545,5.1,11.7,12.3,0.308,11.8,0.23,1.46
2026-10-11,W0427,52.4644,10.4545,2.25,11.1,10.8,0.292,11.4,0.233,1.74
2026-10-12,W0427,52.4644,10.4545,10.2,10.2,10.4,0.279,10.9,0.235,1.0
2026-10-06,W0428,52.4644,10.484,0.0,14.5,13.6,0.218,12.9,0.184,1.53
2026-10-07,W0428,52.4644,10.484,0.0,15.5,14.0,0.207,13.4,0.184,2.11
2026-10-08,W0428,52.4644,10.484,6.93,12.7,13.1,0.264,13.8,0.185,1.26
2026-10-09,W0428,52.4644,10.484,4.8,9.9,10.7,0.275,12.0,0.189,0.88
2026-10-10,W0428,52.4644,10.484,5.1,11.6,12.5,0.282,12.2,0.193,1.43
2026-10-11,W0428,52.4644,10.484,2.25,11.0,10.9,0.27,11.8,0.197,1.73
2026-10-12,W0428,52.4644,10.484,10.2,10.1,10.6,0.259,11.2,0.199,1.0
2026-10-06,W0429,52.4644,10.5135,0.0,14.7,13.6,0.218,12.9,0.184,1.53
2026-10-07,W0429,52.4644,10.5135,0.0,15.7,14.0,0.207,13.4,0.184,2.14
2026-10-08,W0429,52.4644,10.5135,6.52,12.8,13.1,0.264,13.8,0.185,1.26
2026-10-09,W0429,52.4644,10.5135,4.8,10.0,10.7,0.275,12.0,0.189,0.88
2026-10-10,W0429,52.4644,10.5135,5.1,11.6,12.5,0.282,12.2,0.193,1.43
2026-10-11,W0429,52.4644,10.5135,2.25,11.0,10.9,0.27,11.8,0.197,1.73
2026-10-12,W0429,52.4644,10.5135,10.2,10.1,10.6,0.259,11.2,0.199,1.0
2026-10-06,W0430,52.4644,10.5431,0.0,15.1,13.6,0.218,12.9,0.184,1.54
2026-10-07,W0430,52.4644,10.5431,0.0,15.9,14.0,0.207,13.4,0.184,2.18
2026-10-08,W0430,52.4644,10.5431,5.68,13.0,13.1,0.264,13.8,0.185,1.3
2026-10-09,W0430,52.4644,10.5431,4.4,10.0,10.7,0.275,12.0,0.189,0.92
2026-10-10,W0430,52.4644,10.5431,4.5,11.7,12.5,0.282,12.2,0.193,1.49
2026-10-11,W0430,52.4644,10.5431,2.25,11.1,10.9,0.27,11.8,0.197,1.75
2026-10-12,W0430,52.4644,10.5431,10.2,10.2,10.6,0.259,11.2,0.199,1.0
2026-10-06,W0431,52.4644,10.5726,0.0,14.8,13.6,0.218,12.9,0.184,1.58
2026-10-07,W0431,52.4644,10.5726,0.0,15.6,14.0,0.207,13.4,0.184,2.17
2026-10-08,W0431,52.4644,10.5726,5.3,12.8,13.1,0.264,13.8,0.185,1.29
2026-10-09,W0431,52.4644,10.5726,4.4,10.0,10.7,0.275,12.0,0.189,0.92
2026-10-10,W0431,52.4644,10.5726,4.5,11.7,12.5,0.282,12.2,0.193,1.49
2026-10-11,W0431,52.4644,10.5726,1.8,11.2,10.9,0.27,11.8,0.197,1.87
2026-10-12,W0431,52.4644,10.5726,9.0,10.3,10.6,0.259,11.2,0.199,1.01
2026-10-06,W0432,52.4644,10.6021,0.0,14.7,13.6,0.218,12.9,0.184,1.57
2026-10-07,W0432,52.4644,10.6021,0.0,15.4,14.0,0.207,13.4,0.184,2.12
2026-10-08,W0432,52.4644,10.6021,5.75,12.8,13.1,0.264,13.8,0.185,1.29
2026-10-09,W0432,52.4644,10.6021,4.4,10.0,10.7,0.275,12.0,0.189,0.98
2026-10-10,W0432,52.4644,10.6021,3.9,11.7,12.5,0.282,12.2,0.193,1.56
2026-10-11,W0432,52.4644,10.6021,1.8,11.2,10.9,0.27,11.8,0.197,1.89
2026-10-12,W0432,52.4644,10.6021,9.0,10.3,10.6,0.259,11.2,0.199,1.01
2026-10-06,W0433,52.4644,10.6317,0.0,14.5,13.3,0.214,12.6,0.178,1.55
2026-10-07,W0433,52.4644,10.6317,0.0,15.2,13.6,0.205,13.1,0.178,2.1
2026-10-08,W0433,52.4644,10.6317,8.3,12.8,13.1,0.279,13.5,0.18,1.28
2026-10-09,W0433,52.4644,10.6317,4.4,9.9,10.7,0.286,11.9,0.187,0.98
2026-10-10,W0433,52.4644,10.6317,3.9,11.6,12.4,0.295,12.1,0.192,1.56
2026-10-11,W0433,52.4644,10.6317,1.8,11.2,10.9,0.283,11.7,0.197,1.88
2026-10-12,W0433,52.4644,10.6317,9.0,10.2,10.4,0.268,11.1,0.2,1.01
2026-10-06,W0434,52.4644,10.6612,0.0,14.5,13.3,0.214,12.6,0.178,1.55
2026-10-07,W0434,52.4644,10.6612,0.0,15.2,13.6,0.205,13.1,0.178,2.1
2026-10-08,W0434,52.4644,10.6612,8.3,12.8,13.1,0.279,13.5,0.18,1.24
2026-10-09,W0434,52.4644,10.6612,4.1,9.9,10.7,0.286,11.9,0.187,0.97
2026-10-10,W0434,52.4644,10.6612,3.0,11.6,12.4,0.295,12.1,0.192,1.57
2026-10-11,W0434,52.4644,10.6612,1.8,11.2,10.9,0.283,11.7,0.197,1.88
2026-10-12,W0434,52.4644,10.6612,9.0,10.2,10.4,0.268,11.1,0.2,1.01
2026-10-06,W0435,52.4644,10.6908,0.0,14.4,13.3,0.214,12.6,0.178,1.57
2026-10-07,W0435,52.4644,10.6908,0.0,15.4,13.6,0.205,13.1,0.178,2.14
2026-10-08,W0435,52.4644,10.6908,9.15,12.9,13.1,0.279,13.5,0.18,1.25
2026-10-09,W0435,52.4644,10.6908,4.1,9.9,10.7,0.286,11.9,0.187,0.97
2026-10-10,W0435,52.4644,10.6908,3.0,11.6,12.4,0.295,12.1,0.192,1.57
2026-10-11,W0435,52.4644,10.6908,1.8,11.1,10.9,0.283,11.7,0.197,1.88
2026-10-12,W0435,52.4644,10.6908,9.0,10.2,10.4,0.268,11.1,0.2,1.0
2026-10-06,W0408,52.4464,10.7203,0.0,14.5,13.3,0.214,12.6,0.178,1.57
2026-10-07,W0408,52.4464,10.7203,0.0,15.8,13.6,0.205,13.1,0.178,2.19
2026-10-08,W0408,52.4464,10.7203,8.15,13.1,13.1,0.279,13.5,0.18,1.23
2026-10-09,W0408,52.4464,10.7203,4.0,9.9,10.7,0.286,11.9,0.187,0.92
2026-10-10,W0408,52.4464,10.7203,3.3,11.5,12.4,0.295,12.1,0.192,1.55
2026-10-11,W0408,52.4464,10.7203,1.8,11.2,10.9,0.283,11.7,0.197,1.87
2026-10-12,W0408,52.4464,10.7203,9.0,10.2,10.4,0.268,11.1,0.2,1.01
2026-10-06,W1481,52.45541,10.73563,0.0,14.3,13.3,0.214,12.6,0.178,1.58
2026-10-07,W1481,52.45541,10.73563,0.0,15.3,13.6,0.205,13.1,0.178,2.17
2026-10-08,W1481,52.45541,10.73563,8.48,13.1,13.1,0.279,13.5,0.18,1.22
2026-10-09,W1481,52.45541,10.73563,4.0,9.9,10.7,0.286,11.9,0.187,0.92
2026-10-10,W1481,52.45541,10.73563,3.3,11.6,12.4,0.295,12.1,0.192,1.55
2026-10-11,W1481,52.45541,10.73563,1.8,11.2,10.9,0.283,11.7,0.197,1.87
2026-10-12,W1481,52.45541,10.73563,9.0,10.2,10.4,0.268,11.1,0.2,1.01
2026-10-06,W0436,52.4644,10.7794,0.0,14.2,13.3,0.214,12.6,0.178,1.58
2026-10-07,W0436,52.4644,10.7794,0.0,14.9,13.6,0.205,13.1,0.178,2.11
2026-10-08,W0436,52.4644,10.7794,8.0,12.9,13.1,0.279,13.5,0.18,1.21
2026-10-09,W0436,52.4644,10.7794,4.0,9.8,10.7,0.286,11.9,0.187,0.92
2026-10-10,W0436,52.4644,10.7794,3.3,11.5,12.4,0.295,12.1,0.192,1.55
2026-10-11,W0436,52.4644,10.7794,1.8,11.1,10.9,0.283,11.7,0.197,1.87
2026-10-12,W0436,52.4644,10.7794,9.0,10.2,10.4,0.268,11.1,0.2,1.0
2026-10-06,W0437,52.4644,10.8089,0.0,14.3,13.9,0.207,13.3,0.154,1.54
2026-10-07,W0437,52.4644,10.8089,0.0,14.9,13.9,0.196,13.6,0.154,2.1
2026-10-08,W0437,52.4644,10.8089,7.5,12.9,13.4,0.246,14.0,0.155,1.23
2026-10-09,W0437,52.4644,10.8089,3.7,9.8,10.9,0.255,12.3,0.159,0.93
2026-10-10,W0437,52.4644,10.8089,2.7,11.5,12.5,0.268,12.4,0.162,1.59
2026-10-11,W0437,52.4644,10.8089,1.8,11.1,11.1,0.258,12.0,0.166,1.86
2026-10-12,W0437,52.4644,10.8089,9.0,10.1,10.6,0.244,11.4,0.168,1.0
2026-10-06,W0438,52.4644,10.8384,0.0,14.7,13.9,0.207,13.3,0.154,1.6
2026-10-07,W0438,52.4644,10.8384,0.0,15.0,13.9,0.196,13.6,0.154,2.14
2026-10-08,W0438,52.4644,10.8384,7.2,13.1,13.4,0.246,14.0,0.155,1.26
2026-10-09,W0438,52.4644,10.8384,3.7,9.9,10.9,0.255,12.3,0.159,0.94
2026-10-10,W0438,52.4644,10.8384,2.7,11.6,12.5,0.268,12.4,0.162,1.6
2026-10-11,W0438,52.4644,10.8384,1.35,11.2,11.1,0.258,12.0,0.166,1.92
2026-10-12,W0438,52.4644,10.8384,9.3,10.3,10.6,0.244,11.4,0.168,1.05
2026-10-06,W0439,52.4644,10.868,0.0,14.7,13.9,0.207,13.3,0.154,1.6
2026-10-07,W0439,52.4644,10.868,0.0,15.1,13.9,0.196,13.6,0.154,2.15
2026-10-08,W0439,52.4644,10.868,7.03,13.2,13.4,0.246,14.0,0.155,1.29
2026-10-09,W0439,52.4644,10.868,3.6,10.0,10.9,0.255,12.3,0.159,1.01
2026-10-10,W0439,52.4644,10.868,1.8,11.7,12.5,0.268,12.4,0.162,1.69
2026-10-11,W0439,52.4644,10.868,1.35,11.3,11.1,0.258,12.0,0.166,1.94
2026-10-12,W0439,52.4644,10.868,9.3,10.4,10.6,0.244,11.4,0.168,1.05
2026-10-06,W0440,52.4644,10.8975,0.0,14.4,13.9,0.207,13.3,0.154,1.59
2026-10-07,W0440,52.4644,10.8975,0.0,14.7,13.9,0.196,13.6,0.154,2.07
2026-10-08,W0440,52.4644,10.8975,7.27,13.1,13.4,0.246,14.0,0.155,1.27
2026-10-09,W0440,52.4644,10.8975,3.6,10.1,10.9,0.255,12.3,0.159,1.01
2026-10-10,W0440,52.4644,10.8975,1.8,11.8,12.5,0.268,12.4,0.162,1.69
2026-10-11,W0440,52.4644,10.8975,1.35,11.3,11.1,0.258,12.0,0.166,1.94
2026-10-12,W0440,52.4644,10.8975,9.3,10.4,10.6,0.244,11.4,0.168,1.05
2026-10-06,W0441,52.4644,10.9271,0.0,14.3,13.9,0.207,13.3,0.154,1.59
2026-10-07,W0441,52.4644,10.9271,0.0,14.4,13.9,0.196,13.6,0.154,2.08
2026-10-08,W0441,52.4644,10.9271,7.35,12.8,13.4,0.246,14.0,0.155,1.29
2026-10-09,W0441,52.4644,10.9271,3.5,10.1,10.9,0.255,12.3,0.159,1.08
2026-10-10,W0441,52.4644,10.9271,2.1,11.8,12.5,0.268,12.4,0.162,1.76
2026-10-11,W0441,52.4644,10.9271,1.2,11.3,11.1,0.258,12.0,0.166,1.96
2026-10-12,W0441,52.4644,10.9271,9.3,10.4,10.6,0.244,11.4,0.168,1.05
2026-10-06,W0442,52.4644,10.9566,0.0,14.2,13.9,0.207,13.3,0.154,1.58
2026-10-07,W0442,52.4644,10.9566,0.0,14.5,13.9,0.196,13.6,0.154,2.13
2026-10-08,W0442,52.4644,10.9566,7.22,12.9,13.4,0.246,14.0,0.155,1.32
2026-10-09,W0442,52.4644,10.9566,3.5,10.1,10.9,0.255,12.3,0.159,1.08
2026-10-10,W0442,52.4644,10.9566,2.1,11.8,12.5,0.268,12.4,0.162,1.76
2026-10-11,W0442,52.4644,10.9566,0.9,11.3,11.1,0.258,12.0,0.166,1.97
2026-10-12,W0442,52.4644,10.9566,8.1,10.3,10.6,0.244,11.4,0.168,1.03
2026-10-06,W1482,52.45541,10.97214,0.0,14.2,14.1,0.212,13.6,0.164,1.58
2026-10-07,W1482,52.45541,10.97214,0.0,14.5,14.0,0.201,13.8,0.165,2.13
2026-10-08,W1482,52.45541,10.97214,7.27,12.9,13.5,0.237,14.1,0.165,1.34
2026-10-09,W1482,52.45541,10.97214,3.1,10.2,10.9,0.246,12.4,0.167,1.1
2026-10-10,W1482,52.45541,10.97214,2.1,11.9,12.5,0.312,12.4,0.175,1.8
2026-10-11,W1482,52.45541,10.97214,0.9,11.3,11.1,0.293,12.0,0.187,1.97
2026-10-12,W1482,52.45541,10.97214,8.1,10.3,10.6,0.271,11.4,0.19,1.03
2026-10-06,W1609,52.45541,11.00171,0.0,14.3,13.3,0.263,12.9,0.239,1.58
2026-10-07,W1609,52.45541,11.00171,0.0,14.4,13.2,0.253,13.1,0.238,2.14
2026-10-08,W1609,52.45541,11.00171,5.23,12.9,13.1,0.294,13.5,0.238,1.35
2026-10-09,W1609,52.45541,11.00171,3.1,10.2,10.8,0.3,12.0,0.242,1.1
2026-10-10,W1609,52.45541,11.00171,2.1,11.9,12.4,0.321,12.2,0.247,1.8
2026-10-11,W1609,52.45541,11.00171,0.9,11.3,11.0,0.305,11.8,0.251,1.97
2026-10-12,W1609,52.45541,11.00171,8.1,10.3,10.5,0.29,11.2,0.252,1.03
2026-10-06,W0443,52.4644,11.0452,0.0,13.7,13.3,0.263,12.9,0.239,1.58
2026-10-07,W0443,52.4644,11.0452,0.0,14.2,13.2,0.253,13.1,0.238,2.07
2026-10-08,W0443,52.4644,11.0452,5.43,12.6,13.1,0.294,13.5,0.238,1.31
2026-10-09,W0443,52.4644,11.0452,3.7,10.2,10.8,0.3,12.0,0.242,1.13
2026-10-10,W0443,52.4644,11.0452,2.1,11.9,12.4,0.321,12.2,0.247,1.83
2026-10-11,W0443,52.4644,11.0452,0.9,11.3,11.0,0.305,11.8,0.251,1.98
2026-10-12,W0443,52.4644,11.0452,8.1,10.2,10.5,0.29,11.2,0.252,1.02
2026-10-06,W1483,52.45541,11.06084,0.0,14.1,13.3,0.263,12.9,0.239,1.6
2026-10-07,W1483,52.45541,11.06084,0.0,14.3,13.2,0.253,13.1,0.238,2.1
2026-10-08,W1483,52.45541,11.06084,5.13,12.8,13.1,0.294,13.5,0.238,1.32
2026-10-09,W1483,52.45541,11.06084,3.7,10.3,10.8,0.3,12.0,0.242,1.13
2026-10-10,W1483,52.45541,11.06084,2.1,11.9,12.4,0.321,12.2,0.247,1.83
2026-10-11,W1483,52.45541,11.06084,0.9,11.3,11.0,0.305,11.8,0.251,1.98
2026-10-12,W1483,52.45541,11.06084,8.1,10.3,10.5,0.29,11.2,0.252,1.03
2026-10-06,W0444,52.4644,11.1043,0.0,13.8,13.3,0.263,12.9,0.239,1.58
2026-10-07,W0444,52.4644,11.1043,0.0,14.2,13.2,0.253,13.1,0.238,2.07
2026-10-08,W0444,52.4644,11.1043,5.75,12.7,13.1,0.294,13.5,0.238,1.23
2026-10-09,W0444,52.4644,11.1043,3.9,10.3,10.8,0.3,12.0,0.242,1.07
2026-10-10,W0444,52.4644,11.1043,2.1,11.9,12.4,0.321,12.2,0.247,1.75
2026-10-11,W0444,52.4644,11.1043,0.9,11.3,11.0,0.305,11.8,0.251,1.97
2026-10-12,W0444,52.4644,11.1043,8.1,10.3,10.5,0.29,11.2,0.252,1.03
2026-10-06,W0445,52.4644,11.1338,0.0,13.8,13.6,0.232,13.1,0.202,1.57
2026-10-07,W0445,52.4644,11.1338,0.0,14.3,13.5,0.222,13.2,0.202,2.1
2026-10-08,W0445,52.4644,11.1338,6.1,12.7,13.3,0.264,13.6,0.202,1.24
2026-10-09,W0445,52.4644,11.1338,3.9,10.3,10.9,0.273,12.1,0.205,1.07
2026-10-10,W0445,52.4644,11.1338,2.1,11.9,12.5,0.288,12.2,0.208,1.75
2026-10-11,W0445,52.4644,11.1338,0.9,11.3,11.1,0.276,11.9,0.211,1.96
2026-10-12,W0445,52.4644,11.1338,8.1,10.3,10.6,0.262,11.3,0.213,1.03
2026-10-06,W1484,52.45541,11.14953,0.0,13.8,13.8,0.222,13.2,0.147,1.57
2026-10-07,W1484,52.45541,11.14953,0.0,14.3,13.8,0.21,13.3,0.148,2.11
2026-10-08,W1484,52.45541,11.14953,6.1,12.7,13.3,0.246,13.7,0.149,1.24
2026-10-09,W1484,52.45541,11.14953,3.9,10.3,11.0,0.255,12.2,0.153,1.07
2026-10-10,W1484,52.45541,11.14953,2.1,11.9,12.6,0.264,12.2,0.157,1.75
2026-10-11,W1484,52.45541,11.14953,0.9,11.4,11.2,0.253,12.0,0.16,1.97
2026-10-12,W1484,52.45541,11.14953,8.1,10.3,10.7,0.24,11.4,0.163,1.03
2026-10-06,W0446,52.4824,10.1295,0.0,14.8,13.2,0.165,12.2,0.14,1.45
2026-10-07,W0446,52.4824,10.1295,0.0,15.8,13.3,0.153,12.6,0.138,2.04
2026-10-08,W0446,52.4824,10.1295,11.23,12.7,12.7,0.213,13.0,0.142,1.26
2026-10-09,W0446,52.4824,10.1295,7.6,10.2,10.2,0.21,11.1,0.152,0.83
2026-10-10,W0446,52.4824,10.1295,5.1,11.7,12.2,0.23,11.6,0.16,1.45
2026-10-11,W0446,52.4824,10.1295,2.4,11.0,10.5,0.208,11.0,0.166,1.68
2026-10-12,W0446,52.4824,10.1295,10.5,10.3,10.1,0.194,10.5,0.167,1.02
2026-10-06,W0447,52.4824,10.1591,0.0,14.8,13.2,0.165,12.2,0.14,1.42
2026-10-07,W0447,52.4824,10.1591,0.0,15.7,13.3,0.153,12.6,0.138,1.99
2026-10-08,W0447,52.4824,10.1591,10.55,12.8,12.7,0.213,13.0,0.142,1.29
2026-10-09,W0447,52.4824,10.1591,7.1,10.3,10.2,0.21,11.1,0.152,0.86
2026-10-10,W0447,52.4824,10.1591,5.1,11.8,12.2,0.23,11.6,0.16,1.5
2026-10-11,W0447,52.4824,10.1591,2.25,11.1,10.5,0.208,11.0,0.166,1.69
2026-10-12,W0447,52.4824,10.1591,10.5,10.4,10.1,0.194,10.5,0.167,1.02
2026-10-06,W0448,52.4824,10.1886,0.0,14.7,13.2,0.165,12.2,0.14,1.42
2026-10-07,W0448,52.4824,10.1886,0.0,15.6,13.3,0.153,12.6,0.138,2.02
2026-10-08,W0448,52.4824,10.1886,10.08,12.7,12.7,0.213,13.0,0.142,1.28
2026-10-09,W0448,52.4824,10.1886,7.1,10.2,10.2,0.21,11.1,0.152,0.85
2026-10-10,W0448,52.4824,10.1886,5.1,11.7,12.2,0.23,11.6,0.16,1.5
2026-10-11,W0448,52.4824,10.1886,2.1,11.1,10.5,0.208,11.0,0.166,1.79
2026-10-12,W0448,52.4824,10.1886,9.6,10.3,10.1,0.194,10.5,0.167,1.09
2026-10-06,W1485,52.47342,10.20347,0.0,14.9,13.2,0.165,12.2,0.14,1.45
2026-10-07,W1485,52.47342,10.20347,0.0,15.8,13.3,0.153,12.6,0.138,2.07
2026-10-08,W1485,52.47342,10.20347,10.43,12.8,12.7,0.213,13.0,0.142,1.3
2026-10-09,W1485,52.47342,10.20347,7.1,10.3,10.2,0.21,11.1,0.152,0.86
2026-10-10,W1485,52.47342,10.20347,5.1,11.8,12.2,0.23,11.6,0.16,1.5
2026-10-11,W1485,52.47342,10.20347,2.1,11.2,10.5,0.208,11.0,0.166,1.8
2026-10-12,W1485,52.47342,10.20347,9.6,10.4,10.1,0.194,10.5,0.167,1.09
2026-10-06,W0449,52.4824,10.2477,0.0,14.8,13.2,0.165,12.2,0.14,1.47
2026-10-07,W0449,52.4824,10.2477,0.0,15.7,13.3,0.153,12.6,0.138,2.09
2026-10-08,W0449,52.4824,10.2477,10.03,12.8,12.7,0.213,13.0,0.142,1.32
2026-10-09,W0449,52.4824,10.2477,6.6,10.2,10.2,0.21,11.1,0.152,0.87
2026-10-10,W0449,52.4824,10.2477,5.1,11.8,12.2,0.23,11.6,0.16,1.52
2026-10-11,W0449,52.4824,10.2477,2.1,11.1,10.5,0.208,11.0,0.166,1.8
2026-10-12,W0449,52.4824,10.2477,9.6,10.4,10.1,0.194,10.5,0.167,1.09
2026-10-06,W0450,52.4824,10.2772,0.0,14.8,13.2,0.165,12.2,0.14,1.47
2026-10-07,W0450,52.4824,10.2772,0.0,15.7,13.3,0.153,12.6,0.138,2.1
2026-10-08,W0450,52.4824,10.2772,9.45,12.7,12.7,0.213,13.0,0.142,1.32
2026-10-09,W0450,52.4824,10.2772,6.6,10.2,10.2,0.21,11.1,0.152,0.87
2026-10-10,W0450,52.4824,10.2772,5.1,11.8,12.2,0.23,11.6,0.16,1.52
2026-10-11,W0450,52.4824,10.2772,2.1,11.1,10.5,0.208,11.0,0.166,1.8
2026-10-12,W0450,52.4824,10.2772,9.6,10.4,10.1,0.194,10.5,0.167,1.09
2026-10-06,W0451,52.4824,10.3068,0.0,14.8,13.1,0.248,12.2,0.215,1.46
2026-10-07,W0451,52.4824,10.3068,0.0,15.7,13.4,0.236,12.7,0.214,2.1
2026-10-08,W0451,52.4824,10.3068,8.08,12.7,12.8,0.305,13.1,0.217,1.34
2026-10-09,W0451,52.4824,10.3068,5.9,10.2,10.5,0.305,11.5,0.225,0.89
2026-10-10,W0451,52.4824,10.3068,5.7,11.8,12.3,0.308,11.8,0.23,1.53
2026-10-11,W0451,52.4824,10.3068,2.1,11.1,10.8,0.292,11.4,0.233,1.8
2026-10-12,W0451,52.4824,10.3068,9.6,10.4,10.4,0.279,10.9,0.235,1.09
2026-10-06,W1486,52.47342,10.32173,0.0,14.8,13.1,0.248,12.2,0.215,1.5
2026-10-07,W1486,52.47342,10.32173,0.0,15.8,13.4,0.236,12.7,0.214,2.12
2026-10-08,W1486,52.47342,10.32173,7.48,12.8,12.8,0.305,13.1,0.217,1.35
2026-10-09,W1486,52.47342,10.32173,5.9,10.2,10.5,0.305,11.5,0.225,0.89
2026-10-10,W1486,52.47342,10.32173,5.7,11.8,12.3,0.308,11.8,0.23,1.53
2026-10-11,W1486,52.47342,10.32173,2.55,11.1,10.8,0.292,11.4,0.233,1.76
2026-10-12,W1486,52.47342,10.32173,10.2,10.3,10.4,0.279,10.9,0.235,1.0
2026-10-06,W1487,52.47342,10.3513,0.0,14.8,13.1,0.248,12.2,0.215,1.53
2026-10-07,W1487,52.47342,10.3513,0.0,15.6,13.4,0.236,12.7,0.214,2.1
2026-10-08,W1487,52.47342,10.3513,7.05,12.8,12.8,0.305,13.1,0.217,1.31
2026-10-09,W1487,52.47342,10.3513,6.0,10.1,10.5,0.305,11.5,0.225,0.84
2026-10-10,W1487,52.47342,10.3513,5.4,11.7,12.3,0.308,11.8,0.23,1.43
2026-10-11,W1487,52.47342,10.3513,2.7,11.1,10.8,0.292,11.4,0.233,1.74
2026-10-12,W1487,52.47342,10.3513,10.2,10.2,10.4,0.279,10.9,0.235,1.0
2026-10-06,W0452,52.4824,10.3954,0.0,14.6,13.1,0.248,12.2,0.215,1.51
2026-10-07,W0452,52.4824,10.3954,0.0,15.5,13.4,0.236,12.7,0.214,2.07
2026-10-08,W0452,52.4824,10.3954,7.82,12.8,12.8,0.305,13.1,0.217,1.3
2026-10-09,W0452,52.4824,10.3954,6.0,10.1,10.5,0.305,11.5,0.225,0.84
2026-10-10,W0452,52.4824,10.3954,5.4,11.7,12.3,0.308,11.8,0.23,1.43
2026-10-11,W0452,52.4824,10.3954,2.7,11.1,10.8,0.292,11.4,0.233,1.74
2026-10-12,W0452,52.4824,10.3954,10.2,10.2,10.4,0.279,10.9,0.235,1.0
2026-10-06,W0453,52.4824,10.4249,0.0,14.5,13.1,0.248,12.2,0.215,1.5
2026-10-07,W0453,52.4824,10.4249,0.0,15.3,13.4,0.236,12.7,0.214,2.07
2026-10-08,W0453,52.4824,10.4249,8.1,12.7,12.8,0.305,13.1,0.217,1.24
2026-10-09,W0453,52.4824,10.4249,5.5,10.0,10.5,0.305,11.5,0.225,0.8
2026-10-10,W0453,52.4824,10.4249,5.7,11.6,12.3,0.308,11.8,0.23,1.36
2026-10-11,W0453,52.4824,10.4249,2.7,11.0,10.8,0.292,11.4,0.233,1.71
2026-10-12,W0453,52.4824,10.4249,10.2,10.1,10.4,0.279,10.9,0.235,1.0
2026-10-06,W0454,52.4824,10.4545,0.0,14.6,13.1,0.248,12.2,0.215,1.54
2026-10-07,W0454,52.4824,10.4545,0.0,15.5,13.4,0.236,12.7,0.214,2.11
2026-10-08,W0454,52.4824,10.4545,7.82,12.6,12.8,0.305,13.1,0.217,1.23
2026-10-09,W0454,52.4824,10.4545,5.5,10.1,10.5,0.305,11.5,0.225,0.81
2026-10-10,W0454,52.4824,10.4545,5.7,11.7,12.3,0.308,11.8,0.23,1.36
2026-10-11,W0454,52.4824,10.4545,2.7,11.1,10.8,0.292,11.4,0.233,1.72
2026-10-12,W0454,52.4824,10.4545,10.2,10.2,10.4,0.279,10.9,0.235,1.0
2026-10-06,W0455,52.4824,10.484,0.0,14.6,13.6,0.218,12.9,0.184,1.54
2026-10-07,W0455,52.4824,10.484,0.0,15.6,14.0,0.207,13.4,0.184,2.11
2026-10-08,W0455,52.4824,10.484,7.95,12.7,13.1,0.264,13.8,0.185,1.23
2026-10-09,W0455,52.4824,10.484,5.4,10.1,10.7,0.275,12.0,0.189,0.85
2026-10-10,W0455,52.4824,10.484,5.1,11.7,12.5,0.282,12.2,0.193,1.39
2026-10-11,W0455,52.4824,10.484,2.55,11.1,10.9,0.27,11.8,0.197,1.73
2026-10-12,W0455,52.4824,10.484,10.2,10.2,10.6,0.259,11.2,0.199,1.0
2026-10-06,W0456,52.4824,10.5135,0.0,14.7,13.6,0.218,12.9,0.184,1.53
2026-10-07,W0456,52.4824,10.5135,0.0,15.9,14.0,0.207,13.4,0.184,2.14
2026-10-08,W0456,52.4824,10.5135,7.25,12.8,13.1,0.264,13.8,0.185,1.23
2026-10-09,W0456,52.4824,10.5135,5.4,10.1,10.7,0.275,12.0,0.189,0.85
2026-10-10,W0456,52.4824,10.5135,5.1,11.7,12.5,0.282,12.2,0.193,1.39
2026-10-11,W0456,52.4824,10.5135,2.55,11.1,10.9,0.27,11.8,0.197,1.73
2026-10-12,W0456,52.4824,10.5135,10.2,10.2,10.6,0.259,11.2,0.199,1.0
2026-10-06,W1488,52.47342,10.52868,0.0,14.7,13.6,0.218,12.9,0.184,1.53
2026-10-07,W1488,52.47342,10.52868,0.0,15.9,14.0,0.207,13.4,0.184,2.14
2026-10-08,W1488,52.47342,10.52868,7.25,12.8,13.1,0.264,13.8,0.185,1.23
2026-10-09,W1488,52.47342,10.52868,5.4,10.1,10.7,0.275,12.0,0.189,0.85
2026-10-10,W1488,52.47342,10.52868,5.1,11.7,12.5,0.282,12.2,0.193,1.39
2026-10-11,W1488,52.47342,10.52868,2.55,11.1,10.9,0.27,11.8,0.197,1.73
2026-10-12,W1488,52.47342,10.52868,10.2,10.2,10.6,0.259,11.2,0.199,1.0
2026-10-06,W0457,52.4824,10.5726,0.0,15.1,13.6,0.218,12.9,0.184,1.55
2026-10-07,W0457,52.4824,10.5726,0.0,15.8,14.0,0.207,13.4,0.184,2.12
2026-10-08,W0457,52.4824,10.5726,5.55,12.9,13.1,0.264,13.8,0.185,1.23
2026-10-09,W0457,52.4824,10.5726,5.3,10.0,10.7,0.275,12.0,0.189,0.84
2026-10-10,W0457,52.4824,10.5726,4.8,11.7,12.5,0.282,12.2,0.193,1.4
2026-10-11,W0457,52.4824,10.5726,1.95,11.2,10.9,0.27,11.8,0.197,1.85
2026-10-12,W0457,52.4824,10.5726,9.0,10.3,10.6,0.259,11.2,0.199,1.01
2026-10-06,W0458,52.4824,10.6021,0.0,14.7,13.6,0.218,12.9,0.184,1.52
2026-10-07,W0458,52.4824,10.6021,0.0,15.1,14.0,0.207,13.4,0.184,2.07
2026-10-08,W0458,52.4824,10.6021,5.43,12.6,13.1,0.264,13.8,0.185,1.18
2026-10-09,W0458,52.4824,10.6021,4.4,10.0,10.7,0.275,12.0,0.189,0.83
2026-10-10,W0458,52.4824,10.6021,4.5,11.7,12.5,0.282,12.2,0.193,1.4
2026-10-11,W0458,52.4824,10.6021,1.95,11.2,10.9,0.27,11.8,0.197,1.85
2026-10-12,W0458,52.4824,10.6021,9.0,10.3,10.6,0.259,11.2,0.199,1.01
2026-10-06,W0459,52.4824,10.6317,0.0,14.4,13.3,0.214,12.6,0.178,1.55
2026-10-07,W0459,52.4824,10.6317,0.0,15.2,13.6,0.205,13.1,0.178,2.12
2026-10-08,W0459,52.4824,10.6317,5.85,12.6,13.1,0.279,13.5,0.18,1.18
2026-10-09,W0459,52.4824,10.6317,4.4,10.0,10.7,0.286,11.9,0.187,0.83
2026-10-10,W0459,52.4824,10.6317,4.5,11.7,12.4,0.295,12.1,0.192,1.4
2026-10-11,W0459,52.4824,10.6317,1.95,11.3,10.9,0.283,11.7,0.197,1.85
2026-10-12,W0459,52.4824,10.6317,9.0,10.3,10.4,0.268,11.1,0.2,1.01
2026-10-06,W0460,52.4824,10.6612,0.0,14.4,13.3,0.214,12.6,0.178,1.56
2026-10-07,W0460,52.4824,10.6612,0.0,15.2,13.6,0.205,13.1,0.178,2.12
2026-10-08,W0460,52.4824,10.6612,7.48,12.7,13.1,0.279,13.5,0.18,1.18
2026-10-09,W0460,52.4824,10.6612,4.0,9.9,10.7,0.286,11.9,0.187,0.85
2026-10-10,W0460,52.4824,10.6612,4.2,11.6,12.4,0.295,12.1,0.192,1.42
2026-10-11,W0460,52.4824,10.6612,1.95,11.2,10.9,0.283,11.7,0.197,1.85
2026-10-12,W0460,52.4824,10.6612,9.0,10.2,10.4,0.268,11.1,0.2,1.01
2026-10-06,W0461,52.4824,10.6908,0.0,14.4,13.3,0.214,12.6,0.178,1.6
2026-10-07,W0461,52.4824,10.6908,0.0,15.2,13.6,0.205,13.1,0.178,2.16
2026-10-08,W0461,52.4824,10.6908,8.15,12.7,13.1,0.279,13.5,0.18,1.18
2026-10-09,W0461,52.4824,10.6908,4.0,9.9,10.7,0.286,11.9,0.187,0.85
2026-10-10,W0461,52.4824,10.6908,4.2,11.6,12.4,0.295,12.1,0.192,1.42
2026-10-11,W0461,52.4824,10.6908,1.95,11.2,10.9,0.283,11.7,0.197,1.85
2026-10-12,W0461,52.4824,10.6908,9.0,10.2,10.4,0.268,11.1,0.2,1.01
2026-10-06,W0462,52.4824,10.7203,0.0,14.3,13.3,0.214,12.6,0.178,1.6
2026-10-07,W0462,52.4824,10.7203,0.0,15.2,13.6,0.205,13.1,0.178,2.19
2026-10-08,W0462,52.4824,10.7203,9.55,13.0,13.1,0.279,13.5,0.18,1.22
2026-10-09,W0462,52.4824,10.7203,3.6,9.9,10.7,0.286,11.9,0.187,0.9
2026-10-10,W0462,52.4824,10.7203,3.6,11.6,12.4,0.295,12.1,0.192,1.48
2026-10-11,W0462,52.4824,10.7203,1.95,11.2,10.9,0.283,11.7,0.197,1.87
2026-10-12,W0462,52.4824,10.7203,9.0,10.2,10.4,0.268,11.1,0.2,1.01
2026-10-06,W1489,52.47342,10.73563,0.0,14.3,13.3,0.214,12.6,0.178,1.59
2026-10-07,W1489,52.47342,10.73563,0.0,15.2,13.6,0.205,13.1,0.178,2.19
2026-10-08,W1489,52.47342,10.73563,9.55,13.0,13.1,0.279,13.5,0.18,1.22
2026-10-09,W1489,52.47342,10.73563,3.6,9.9,10.7,0.286,11.9,0.187,0.89
2026-10-10,W1489,52.47342,10.73563,3.6,11.5,12.4,0.295,12.1,0.192,1.48
2026-10-11,W1489,52.47342,10.73563,1.95,11.2,10.9,0.283,11.7,0.197,1.87
2026-10-12,W1489,52.47342,10.73563,9.0,10.2,10.4,0.268,11.1,0.2,1.0
2026-10-06,W0463,52.4824,10.7794,0.0,14.1,13.3,0.214,12.6,0.178,1.57
2026-10-07,W0463,52.4824,10.7794,0.0,14.7,13.6,0.205,13.1,0.178,2.08
2026-10-08,W0463,52.4824,10.7794,8.7,12.7,13.1,0.279,13.5,0.18,1.2
2026-10-09,W0463,52.4824,10.7794,3.6,10.0,10.7,0.286,11.9,0.187,0.9
2026-10-10,W0463,52.4824,10.7794,3.6,11.6,12.4,0.295,12.1,0.192,1.49
2026-10-11,W0463,52.4824,10.7794,1.95,11.2,10.9,0.283,11.7,0.197,1.87
2026-10-12,W0463,52.4824,10.7794,9.0,10.3,10.4,0.268,11.1,0.2,1.01
2026-10-06,W0464,52.4824,10.8089,0.0,14.0,13.9,0.207,13.3,0.154,1.57
2026-10-07,W0464,52.4824,10.8089,0.0,14.6,13.9,0.196,13.6,0.154,2.08
2026-10-08,W0464,52.4824,10.8089,8.7,12.6,13.4,0.246,14.0,0.155,1.2
2026-10-09,W0464,52.4824,10.8089,3.2,9.9,10.9,0.255,12.3,0.159,0.91
2026-10-10,W0464,52.4824,10.8089,3.3,11.6,12.5,0.268,12.4,0.162,1.53
2026-10-11,W0464,52.4824,10.8089,1.8,11.2,11.1,0.258,12.0,0.166,1.87
2026-10-12,W0464,52.4824,10.8089,9.0,10.2,10.6,0.244,11.4,0.168,1.01
2026-10-06,W1490,52.47342,10.82432,0.0,14.1,13.9,0.207,13.3,0.154,1.57
2026-10-07,W1490,52.47342,10.82432,0.0,14.6,13.9,0.196,13.6,0.154,2.13
2026-10-08,W1490,52.47342,10.82432,7.7,12.7,13.4,0.246,14.0,0.155,1.22
2026-10-09,W1490,52.47342,10.82432,3.2,9.9,10.9,0.255,12.3,0.159,0.91
2026-10-10,W1490,52.47342,10.82432,3.3,11.6,12.5,0.268,12.4,0.162,1.53
2026-10-11,W1490,52.47342,10.82432,1.35,11.3,11.1,0.258,12.0,0.166,1.92
2026-10-12,W1490,52.47342,10.82432,9.3,10.3,10.6,0.244,11.4,0.168,1.05
2026-10-06,W1491,52.47342,10.85389,0.0,14.1,13.9,0.207,13.3,0.154,1.59
2026-10-07,W1491,52.47342,10.85389,0.0,14.6,13.9,0.196,13.6,0.154,2.11
2026-10-08,W1491,52.47342,10.85389,7.2,12.6,13.4,0.246,14.0,0.155,1.21
2026-10-09,W1491,52.47342,10.85389,2.9,10.0,10.9,0.255,12.3,0.159,0.92
2026-10-10,W1491,52.47342,10.85389,2.7,11.7,12.5,0.268,12.4,0.162,1.53
2026-10-11,W1491,52.47342,10.85389,1.35,11.3,11.1,0.258,12.0,0.166,1.92
2026-10-12,W1491,52.47342,10.85389,9.3,10.4,10.6,0.244,11.4,0.168,1.05
2026-10-06,W1492,52.47342,10.88345,0.0,14.2,13.9,0.207,13.3,0.154,1.6
2026-10-07,W1492,52.47342,10.88345,0.0,14.5,13.9,0.196,13.6,0.154,2.09
2026-10-08,W1492,52.47342,10.88345,7.4,12.7,13.4,0.246,14.0,0.155,1.22
2026-10-09,W1492,52.47342,10.88345,2.9,10.0,10.9,0.255,12.3,0.159,0.92
2026-10-10,W1492,52.47342,10.88345,2.7,11.7,12.5,0.268,12.4,0.162,1.53
2026-10-11,W1492,52.47342,10.88345,1.35,11.3,11.1,0.258,12.0,0.166,1.92
2026-10-12,W1492,52.47342,10.88345,9.3,10.4,10.6,0.244,11.4,0.168,1.05
2026-10-06,W1493,52.47342,10.91302,0.0,14.1,13.9,0.207,13.3,0.154,1.6
2026-10-07,W1493,52.47342,10.91302,0.0,14.3,13.9,0.196,13.6,0.154,2.07
2026-10-08,W1493,52.47342,10.91302,7.45,12.7,13.4,0.246,14.0,0.155,1.23
2026-10-09,W1493,52.47342,10.91302,2.8,10.0,10.9,0.255,12.3,0.159,0.94
2026-10-10,W1493,52.47342,10.91302,2.4,11.7,12.5,0.268,12.4,0.162,1.53
2026-10-11,W1493,52.47342,10.91302,1.35,11.3,11.1,0.258,12.0,0.166,1.91
2026-10-12,W1493,52.47342,10.91302,9.3,10.4,10.6,0.244,11.4,0.168,1.05
2026-10-06,W0465,52.4824,10.9566,0.0,14.0,13.9,0.207,13.3,0.154,1.57
2026-10-07,W0465,52.4824,10.9566,0.0,14.3,13.9,0.196,13.6,0.154,2.07
2026-10-08,W0465,52.4824,10.9566,7.8,12.7,13.4,0.246,14.0,0.155,1.23
2026-10-09,W0465,52.4824,10.9566,2.8,10.0,10.9,0.255,12.3,0.159,0.94
2026-10-10,W0465,52.4824,10.9566,2.4,11.7,12.5,0.268,12.4,0.162,1.53
2026-10-11,W0465,52.4824,10.9566,1.05,11.3,11.1,0.258,12.0,0.166,1.93
2026-10-12,W0465,52.4824,10.9566,8.1,10.3,10.6,0.244,11.4,0.168,1.03
2026-10-06,W0466,52.4824,10.9861,0.0,14.0,13.3,0.263,12.9,0.239,1.57
2026-10-07,W0466,52.4824,10.9861,0.0,14.3,13.2,0.253,13.1,0.238,2.11
2026-10-08,W0466,52.4824,10.9861,7.9,12.7,13.1,0.294,13.5,0.238,1.27
2026-10-09,W0466,52.4824,10.9861,2.6,10.1,10.8,0.3,12.0,0.242,0.97
2026-10-10,W0466,52.4824,10.9861,2.1,11.7,12.4,0.321,12.2,0.247,1.57
2026-10-11,W0466,52.4824,10.9861,1.05,11.3,11.0,0.305,11.8,0.251,1.94
2026-10-12,W0466,52.4824,10.9861,8.1,10.3,10.5,0.29,11.2,0.252,1.03
2026-10-06,W0467,52.4824,11.0157,0.0,14.0,13.3,0.263,12.9,0.239,1.56
2026-10-07,W0467,52.4824,11.0157,0.0,14.3,13.2,0.253,13.1,0.238,2.09
2026-10-08,W0467,52.4824,11.0157,6.1,12.7,13.1,0.294,13.5,0.238,1.27
2026-10-09,W0467,52.4824,11.0157,2.6,10.0,10.8,0.3,12.0,0.242,0.97
2026-10-10,W0467,52.4824,11.0157,2.1,11.7,12.4,0.321,12.2,0.247,1.57
2026-10-11,W0467,52.4824,11.0157,1.05,11.2,11.0,0.305,11.8,0.251,1.93
2026-10-12,W0467,52.4824,11.0157,8.1,10.2,10.5,0.29,11.2,0.252,1.02
2026-10-06,W0468,52.4824,11.0452,0.0,13.8,13.3,0.263,12.9,0.239,1.58
2026-10-07,W0468,52.4824,11.0452,0.0,14.3,13.2,0.253,13.1,0.238,2.07
2026-10-08,W0468,52.4824,11.0452,5.43,12.7,13.1,0.294,13.5,0.238,1.27
2026-10-09,W0468,52.4824,11.0452,2.5,10.2,10.8,0.3,12.0,0.242,1.03
2026-10-10,W0468,52.4824,11.0452,2.4,11.8,12.4,0.321,12.2,0.247,1.61
2026-10-11,W0468,52.4824,11.0452,0.9,11.3,11.0,0.305,11.8,0.251,1.95
2026-10-12,W0468,52.4824,11.0452,8.1,10.3,10.5,0.29,11.2,0.252,1.03
2026-10-06,W1494,52.47342,11.06084,0.0,13.8,13.3,0.263,12.9,0.239,1.58
2026-10-07,W1494,52.47342,11.06084,0.0,14.3,13.2,0.253,13.1,0.238,2.07
2026-10-08,W1494,52.47342,11.06084,5.43,12.7,13.1,0.294,13.5,0.238,1.27
2026-10-09,W1494,52.47342,11.06084,2.5,10.2,10.8,0.3,12.0,0.242,1.03
2026-10-10,W1494,52.47342,11.06084,2.4,11.8,12.4,0.321,12.2,0.247,1.61
2026-10-11,W1494,52.47342,11.06084,0.9,11.3,11.0,0.305,11.8,0.251,1.95
2026-10-12,W1494,52.47342,11.06084,8.1,10.3,10.5,0.29,11.2,0.252,1.03
2026-10-06,W1495,52.47342,11.0904,0.0,13.7,13.3,0.263,12.9,0.239,1.58
2026-10-07,W1495,52.47342,11.0904,0.0,14.3,13.2,0.253,13.1,0.238,2.08
2026-10-08,W1495,52.47342,11.0904,5.13,12.6,13.1,0.294,13.5,0.238,1.26
2026-10-09,W1495,52.47342,11.0904,2.5,10.2,10.8,0.3,12.0,0.242,1.03
2026-10-10,W1495,52.47342,11.0904,2.4,11.8,12.4,0.321,12.2,0.247,1.61
2026-10-11,W1495,52.47342,11.0904,0.9,11.3,11.0,0.305,11.8,0.251,1.95
2026-10-12,W1495,52.47342,11.0904,8.1,10.3,10.5,0.29,11.2,0.252,1.03
2026-10-06,W1496,52.47342,11.11997,0.0,13.7,13.3,0.263,12.9,0.239,1.58
2026-10-07,W1496,52.47342,11.11997,0.0,14.3,13.2,0.253,13.1,0.238,2.1
2026-10-08,W1496,52.47342,11.11997,5.65,12.5,13.1,0.294,13.5,0.238,1.23
2026-10-09,W1496,52.47342,11.11997,2.8,10.1,10.8,0.3,12.0,0.242,1.02
2026-10-10,W1496,52.47342,11.11997,2.7,11.7,12.4,0.321,12.2,0.247,1.6
2026-10-11,W1496,52.47342,11.11997,0.9,11.3,11.0,0.305,11.8,0.251,1.94
2026-10-12,W1496,52.47342,11.11997,8.1,10.3,10.5,0.29,11.2,0.252,1.02
2026-10-06,W1497,52.47342,11.14953,0.0,13.7,13.6,0.232,13.1,0.202,1.58
2026-10-07,W1497,52.47342,11.14953,0.0,14.3,13.5,0.222,13.2,0.202,2.11
2026-10-08,W1497,52.47342,11.14953,5.9,12.6,13.3,0.264,13.6,0.202,1.24
2026-10-09,W1497,52.47342,11.14953,2.8,10.2,10.9,0.273,12.1,0.205,1.03
2026-10-10,W1497,52.47342,11.14953,2.7,11.7,12.5,0.288,12.2,0.208,1.61
2026-10-11,W1497,52.47342,11.14953,0.9,11.3,11.1,0.276,11.9,0.211,1.94
2026-10-12,W1497,52.47342,11.14953,8.1,10.3,10.6,0.262,11.3,0.213,1.03
2026-10-06,W1498,52.49144,10.11478,0.0,14.9,13.4,0.177,12.6,0.163,1.45
2026-10-07,W1498,52.49144,10.11478,0.0,15.9,13.3,0.165,12.9,0.161,2.05
2026-10-08,W1498,52.49144,10.11478,11.23,12.8,12.8,0.225,13.2,0.166,1.27
2026-10-09,W1498,52.49144,10.11478,7.6,10.3,10.3,0.221,11.2,0.176,0.84
2026-10-10,W1498,52.49144,10.11478,5.1,11.8,12.2,0.235,11.7,0.183,1.46
2026-10-11,W1498,52.49144,10.11478,2.4,11.1,10.5,0.216,11.2,0.187,1.68
2026-10-12,W1498,52.49144,10.11478,10.5,10.4,10.3,0.203,10.6,0.186,1.02
2026-10-06,W1499,52.49144,10.14435,0.0,14.9,13.2,0.165,12.2,0.14,1.42
2026-10-07,W1499,52.49144,10.14435,0.0,15.8,13.3,0.153,12.6,0.138,2.01
2026-10-08,W1499,52.49144,10.14435,10.8,12.9,12.7,0.213,13.0,0.142,1.26
2026-10-09,W1499,52.49144,10.14435,7.6,10.4,10.2,0.21,11.1,0.152,0.84
2026-10-10,W1499,52.49144,10.14435,5.1,11.8,12.2,0.23,11.6,0.16,1.46
2026-10-11,W1499,52.49144,10.14435,2.4,11.1,10.5,0.208,11.0,0.166,1.68
2026-10-12,W1499,52.49144,10.14435,10.5,10.4,10.1,0.194,10.5,0.167,1.02
2026-10-06,W1500,52.49144,10.17391,0.0,14.8,13.2,0.165,12.2,0.14,1.42
2026-10-07,W1500,52.49144,10.17391,0.0,15.7,13.3,0.153,12.6,0.138,2.03
2026-10-08,W1500,52.49144,10.17391,10.08,12.8,12.7,0.213,13.0,0.142,1.29
2026-10-09,W1500,52.49144,10.17391,7.1,10.3,10.2,0.21,11.1,0.152,0.86
2026-10-10,W1500,52.49144,10.17391,5.1,11.8,12.2,0.23,11.6,0.16,1.5
2026-10-11,W1500,52.49144,10.17391,2.25,11.1,10.5,0.208,11.0,0.166,1.69
2026-10-12,W1500,52.49144,10.17391,10.5,10.4,10.1,0.194,10.5,0.167,1.02
2026-10-06,W1501,52.49144,10.20347,0.0,14.8,13.2,0.165,12.2,0.14,1.43
2026-10-07,W1501,52.49144,10.20347,0.0,15.7,13.3,0.153,12.6,0.138,2.04
2026-10-08,W1501,52.49144,10.20347,10.1,12.7,12.7,0.213,13.0,0.142,1.29
2026-10-09,W1501,52.49144,10.20347,7.1,10.3,10.2,0.21,11.1,0.152,0.86
2026-10-10,W1501,52.49144,10.20347,5.1,11.8,12.2,0.23,11.6,0.16,1.5
2026-10-11,W1501,52.49144,10.20347,2.1,11.2,10.5,0.208,11.0,0.166,1.8
2026-10-12,W1501,52.49144,10.20347,9.6,10.5,10.1,0.194,10.5,0.167,1.09
2026-10-06,W1502,52.49144,10.23304,0.0,14.8,13.2,0.165,12.2,0.14,1.44
2026-10-07,W1502,52.49144,10.23304,0.0,15.8,13.3,0.153,12.6,0.138,2.09
2026-10-08,W1502,52.49144,10.23304,10.6,12.8,12.7,0.213,13.0,0.142,1.32
2026-10-09,W1502,52.49144,10.23304,6.6,10.2,10.2,0.21,11.1,0.152,0.87
2026-10-10,W1502,52.49144,10.23304,5.1,11.8,12.2,0.23,11.6,0.16,1.52
2026-10-11,W1502,52.49144,10.23304,2.1,11.2,10.5,0.208,11.0,0.166,1.8
2026-10-12,W1502,52.49144,10.23304,9.6,10.4,10.1,0.194,10.5,0.167,1.09
2026-10-06,W1503,52.49144,10.2626,0.0,14.6,13.2,0.165,12.2,0.14,1.43
2026-10-07,W1503,52.49144,10.2626,0.0,15.6,13.3,0.153,12.6,0.138,2.09
2026-10-08,W1503,52.49144,10.2626,10.53,12.6,12.7,0.213,13.0,0.142,1.31
2026-10-09,W1503,52.49144,10.2626,6.6,10.1,10.2,0.21,11.1,0.152,0.87
2026-10-10,W1503,52.49144,10.2626,5.1,11.7,12.2,0.23,11.6,0.16,1.52
2026-10-11,W1503,52.49144,10.2626,2.1,11.0,10.5,0.208,11.0,0.166,1.79
2026-10-12,W1503,52.49144,10.2626,9.6,10.3,10.1,0.194,10.5,0.167,1.09
2026-10-06,W1504,52.49144,10.29217,0.0,14.7,13.1,0.248,12.2,0.215,1.46
2026-10-07,W1504,52.49144,10.29217,0.0,15.8,13.4,0.236,12.7,0.214,2.12
2026-10-08,W1504,52.49144,10.29217,9.3,12.8,12.8,0.305,13.1,0.217,1.34
2026-10-09,W1504,52.49144,10.29217,5.9,10.2,10.5,0.305,11.5,0.225,0.89
2026-10-10,W1504,52.49144,10.29217,5.7,11.8,12.3,0.308,11.8,0.23,1.53
2026-10-11,W1504,52.49144,10.29217,2.1,11.1,10.8,0.292,11.4,0.233,1.8
2026-10-12,W1504,52.49144,10.29217,9.6,10.4,10.4,0.279,10.9,0.235,1.09
2026-10-06,W1505,52.49144,10.32173,0.0,14.7,13.1,0.248,12.2,0.215,1.51
2026-10-07,W1505,52.49144,10.32173,0.0,15.7,13.4,0.236,12.7,0.214,2.12
2026-10-08,W1505,52.49144,10.32173,7.93,12.7,12.8,0.305,13.1,0.217,1.35
2026-10-09,W1505,52.49144,10.32173,5.9,10.2,10.5,0.305,11.5,0.225,0.89
2026-10-10,W1505,52.49144,10.32173,5.7,11.8,12.3,0.308,11.8,0.23,1.53
2026-10-11,W1505,52.49144,10.32173,2.55,11.1,10.8,0.292,11.4,0.233,1.76
2026-10-12,W1505,52.49144,10.32173,10.2,10.2,10.4,0.279,10.9,0.235,1.0
2026-10-06,W1506,52.49144,10.3513,0.0,14.7,13.1,0.248,12.2,0.215,1.52
2026-10-07,W1506,52.49144,10.3513,0.0,15.7,13.4,0.236,12.7,0.214,2.13
2026-10-08,W1506,52.49144,10.3513,7.77,12.8,12.8,0.305,13.1,0.217,1.31
2026-10-09,W1506,52.49144,10.3513,6.0,10.1,10.5,0.305,11.5,0.225,0.84
2026-10-10,W1506,52.49144,10.3513,5.4,11.7,12.3,0.308,11.8,0.23,1.43
2026-10-11,W1506,52.49144,10.3513,2.7,11.1,10.8,0.292,11.4,0.233,1.74
2026-10-12,W1506,52.49144,10.3513,10.2,10.3,10.4,0.279,10.9,0.235,1.0
2026-10-06,W1507,52.49144,10.38086,0.0,14.6,13.1,0.248,12.2,0.215,1.54
2026-10-07,W1507,52.49144,10.38086,0.0,15.5,13.4,0.236,12.7,0.214,2.09
2026-10-08,W1507,52.49144,10.38086,6.95,12.7,12.8,0.305,13.1,0.217,1.3
2026-10-09,W1507,52.49144,10.38086,6.0,10.1,10.5,0.305,11.5,0.225,0.84
2026-10-10,W1507,52.49144,10.38086,5.4,11.7,12.3,0.308,11.8,0.23,1.43
2026-10-11,W1507,52.49144,10.38086,2.7,11.0,10.8,0.292,11.4,0.233,1.74
2026-10-12,W1507,52.49144,10.38086,10.2,10.2,10.4,0.279,10.9,0.235,1.0
2026-10-06,W1508,52.49144,10.41042,0.0,14.7,13.1,0.248,12.2,0.215,1.55
2026-10-07,W1508,52.49144,10.41042,0.0,15.6,13.4,0.236,12.7,0.214,2.08
2026-10-08,W1508,52.49144,10.41042,7.25,12.7,12.8,0.305,13.1,0.217,1.25
2026-10-09,W1508,52.49144,10.41042,5.5,10.1,10.5,0.305,11.5,0.225,0.81
2026-10-10,W1508,52.49144,10.41042,5.7,11.8,12.3,0.308,11.8,0.23,1.36
2026-10-11,W1508,52.49144,10.41042,2.7,11.1,10.8,0.292,11.4,0.233,1.72
2026-10-12,W1508,52.49144,10.41042,10.2,10.3,10.4,0.279,10.9,0.235,1.0
2026-10-06,W1509,52.49144,10.43999,0.0,14.5,13.1,0.248,12.2,0.215,1.55
2026-10-07,W1509,52.49144,10.43999,0.0,15.5,13.4,0.236,12.7,0.214,2.08
2026-10-08,W1509,52.49144,10.43999,8.08,12.6,12.8,0.305,13.1,0.217,1.23
2026-10-09,W1509,52.49144,10.43999,5.5,10.1,10.5,0.305,11.5,0.225,0.81
2026-10-10,W1509,52.49144,10.43999,5.7,11.7,12.3,0.308,11.8,0.23,1.36
2026-10-11,W1509,52.49144,10.43999,2.7,11.1,10.8,0.292,11.4,0.233,1.72
2026-10-12,W1509,52.49144,10.43999,10.2,10.2,10.4,0.279,10.9,0.235,1.0
2026-10-06,W1510,52.49144,10.46955,0.0,14.6,13.6,0.218,12.9,0.184,1.55
2026-10-07,W1510,52.49144,10.46955,0.0,15.5,14.0,0.207,13.4,0.184,2.09
2026-10-08,W1510,52.49144,10.46955,8.2,12.7,13.1,0.264,13.8,0.185,1.23
2026-10-09,W1510,52.49144,10.46955,5.4,10.1,10.7,0.275,12.0,0.189,0.86
2026-10-10,W1510,52.49144,10.46955,5.1,11.8,12.5,0.282,12.2,0.193,1.4
2026-10-11,W1510,52.49144,10.46955,2.55,11.1,10.9,0.27,11.8,0.197,1.73
2026-10-12,W1510,52.49144,10.46955,10.2,10.3,10.6,0.259,11.2,0.199,1.0
2026-10-06,W1511,52.49144,10.49912,0.0,14.7,13.6,0.218,12.9,0.184,1.56
2026-10-07,W1511,52.49144,10.49912,0.0,15.7,14.0,0.207,13.4,0.184,2.15
2026-10-08,W1511,52.49144,10.49912,7.98,12.7,13.1,0.264,13.8,0.185,1.23
2026-10-09,W1511,52.49144,10.49912,5.4,10.1,10.7,0.275,12.0,0.189,0.85
2026-10-10,W1511,52.49144,10.49912,5.1,11.7,12.5,0.282,12.2,0.193,1.39
2026-10-11,W1511,52.49144,10.49912,2.55,11.1,10.9,0.27,11.8,0.197,1.73
2026-10-12,W1511,52.49144,10.49912,10.2,10.2,10.6,0.259,11.2,0.199,1.0
2026-10-06,W1512,52.49144,10.52868,0.0,14.5,13.6,0.218,12.9,0.184,1.56
2026-10-07,W1512,52.49144,10.52868,0.0,15.5,14.0,0.207,13.4,0.184,2.15
2026-10-08,W1512,52.49144,10.52868,8.13,12.6,13.1,0.264,13.8,0.185,1.23
2026-10-09,W1512,52.49144,10.52868,5.4,10.0,10.7,0.275,12.0,0.189,0.85
2026-10-10,W1512,52.49144,10.52868,5.1,11.6,12.5,0.282,12.2,0.193,1.39
2026-10-11,W1512,52.49144,10.52868,2.55,11.0,10.9,0.27,11.8,0.197,1.72
2026-10-12,W1512,52.49144,10.52868,10.2,10.2,10.6,0.259,11.2,0.199,1.0
2026-10-06,W1513,52.49144,10.55825,0.0,14.6,13.6,0.218,12.9,0.184,1.53
2026-10-07,W1513,52.49144,10.55825,0.0,15.5,14.0,0.207,13.4,0.184,2.12
2026-10-08,W1513,52.49144,10.55825,7.52,12.7,13.1,0.264,13.8,0.185,1.22
2026-10-09,W1513,52.49144,10.55825,5.3,10.1,10.7,0.275,12.0,0.189,0.84
2026-10-10,W1513,52.49144,10.55825,4.8,11.7,12.5,0.282,12.2,0.193,1.4
2026-10-11,W1513,52.49144,10.55825,2.4,11.1,10.9,0.27,11.8,0.197,1.73
2026-10-12,W1513,52.49144,10.55825,10.2,10.2,10.6,0.259,11.2,0.199,1.0
2026-10-06,W1514,52.49144,10.58781,0.0,14.5,13.6,0.218,12.9,0.184,1.52
2026-10-07,W1514,52.49144,10.58781,0.0,15.3,14.0,0.207,13.4,0.184,2.08
2026-10-08,W1514,52.49144,10.58781,5.75,12.4,13.1,0.264,13.8,0.185,1.2
2026-10-09,W1514,52.49144,10.58781,5.3,10.0,10.7,0.275,12.0,0.189,0.84
2026-10-10,W1514,52.49144,10.58781,4.8,11.6,12.5,0.282,12.2,0.193,1.4
2026-10-11,W1514,52.49144,10.58781,1.95,11.2,10.9,0.27,11.8,0.197,1.85
2026-10-12,W1514,52.49144,10.58781,9.0,10.2,10.6,0.259,11.2,0.199,1.01
2026-10-06,W1515,52.49144,10.61737,0.0,14.5,13.6,0.218,12.9,0.184,1.54
2026-10-07,W1515,52.49144,10.61737,0.0,15.5,14.0,0.207,13.4,0.184,2.13
2026-10-08,W1515,52.49144,10.61737,5.45,12.5,13.1,0.264,13.8,0.185,1.18
2026-10-09,W1515,52.49144,10.61737,4.4,10.0,10.7,0.275,12.0,0.189,0.83
2026-10-10,W1515,52.49144,10.61737,4.5,11.6,12.5,0.282,12.2,0.193,1.4
2026-10-11,W1515,52.49144,10.61737,1.95,11.2,10.9,0.27,11.8,0.197,1.85
2026-10-12,W1515,52.49144,10.61737,9.0,10.3,10.6,0.259,11.2,0.199,1.01
2026-10-06,W1516,52.49144,10.64694,0.0,14.4,13.3,0.214,12.6,0.178,1.55
2026-10-07,W1516,52.49144,10.64694,0.0,15.5,13.6,0.205,13.1,0.178,2.16
2026-10-08,W1516,52.49144,10.64694,5.43,12.6,13.1,0.279,13.5,0.18,1.18
2026-10-09,W1516,52.49144,10.64694,4.4,10.0,10.7,0.286,11.9,0.187,0.83
2026-10-10,W1516,52.49144,10.64694,4.5,11.6,12.4,0.295,12.1,0.192,1.4
2026-10-11,W1516,52.49144,10.64694,1.95,11.2,10.9,0.283,11.7,0.197,1.85
2026-10-12,W1516,52.49144,10.64694,9.0,10.3,10.4,0.268,11.1,0.2,1.01
2026-10-06,W1517,52.49144,10.6765,0.0,14.4,13.3,0.214,12.6,0.178,1.57
2026-10-07,W1517,52.49144,10.6765,0.0,15.2,13.6,0.205,13.1,0.178,2.12
2026-10-08,W1517,52.49144,10.6765,7.4,12.5,13.1,0.279,13.5,0.18,1.18
2026-10-09,W1517,52.49144,10.6765,4.0,9.9,10.7,0.286,11.9,0.187,0.85
2026-10-10,W1517,52.49144,10.6765,4.2,11.6,12.4,0.295,12.1,0.192,1.42
2026-10-11,W1517,52.49144,10.6765,1.95,11.2,10.9,0.283,11.7,0.197,1.85
2026-10-12,W1517,52.49144,10.6765,9.0,10.2,10.4,0.268,11.1,0.2,1.01
2026-10-06,W1518,52.49144,10.70607,0.0,14.4,13.3,0.214,12.6,0.178,1.57
2026-10-07,W1518,52.49144,10.70607,0.0,15.2,13.6,0.205,13.1,0.178,2.12
2026-10-08,W1518,52.49144,10.70607,7.4,12.5,13.1,0.279,13.5,0.18,1.18
2026-10-09,W1518,52.49144,10.70607,4.0,9.9,10.7,0.286,11.9,0.187,0.85
2026-10-10,W1518,52.49144,10.70607,4.2,11.6,12.4,0.295,12.1,0.192,1.42
2026-10-11,W1518,52.49144,10.70607,1.95,11.2,10.9,0.283,11.7,0.197,1.85
2026-10-12,W1518,52.49144,10.70607,9.0,10.2,10.4,0.268,11.1,0.2,1.01
2026-10-06,W1519,52.49144,10.73563,0.0,14.2,13.3,0.214,12.6,0.178,1.57
2026-10-07,W1519,52.49144,10.73563,0.0,14.8,13.6,0.205,13.1,0.178,2.1
2026-10-08,W1519,52.49144,10.73563,9.85,12.5,13.1,0.279,13.5,0.18,1.19
2026-10-09,W1519,52.49144,10.73563,3.6,9.8,10.7,0.286,11.9,0.187,0.89
2026-10-10,W1519,52.49144,10.73563,3.6,11.4,12.4,0.295,12.1,0.192,1.48
2026-10-11,W1519,52.49144,10.73563,1.95,11.1,10.9,0.283,11.7,0.197,1.86
2026-10-12,W1519,52.49144,10.73563,9.0,10.1,10.4,0.268,11.1,0.2,1.0
2026-10-06,W1520,52.49144,10.76519,0.0,14.2,13.3,0.214,12.6,0.178,1.57
2026-10-07,W1520,52.49144,10.76519,0.0,14.7,13.6,0.205,13.1,0.178,2.07
2026-10-08,W1520,52.49144,10.76519,10.0,12.5,13.1,0.279,13.5,0.18,1.19
2026-10-09,W1520,52.49144,10.76519,3.6,10.0,10.7,0.286,11.9,0.187,0.9
2026-10-10,W1520,52.49144,10.76519,3.6,11.6,12.4,0.295,12.1,0.192,1.49
2026-10-11,W1520,52.49144,10.76519,1.95,11.2,10.9,0.283,11.7,0.197,1.87
2026-10-12,W1520,52.49144,10.76519,9.0,10.2,10.4,0.268,11.1,0.2,1.01
2026-10-06,W1521,52.49144,10.79476,0.0,13.9,13.9,0.207,13.3,0.154,1.57
2026-10-07,W1521,52.49144,10.79476,0.0,14.6,13.9,0.196,13.6,0.154,2.1
2026-10-08,W1521,52.49144,10.79476,8.4,12.5,13.4,0.246,14.0,0.155,1.2
2026-10-09,W1521,52.49144,10.79476,3.2,9.9,10.9,0.255,12.3,0.159,0.91
2026-10-10,W1521,52.49144,10.79476,3.3,11.5,12.5,0.268,12.4,0.162,1.53
2026-10-11,W1521,52.49144,10.79476,1.8,11.1,11.1,0.258,12.0,0.166,1.86
2026-10-12,W1521,52.49144,10.79476,9.0,10.1,10.6,0.244,11.4,0.168,1.0
2026-10-06,W1522,52.49144,10.82432,0.0,13.9,13.9,0.207,13.3,0.154,1.57
2026-10-07,W1522,52.49144,10.82432,0.0,14.5,13.9,0.196,13.6,0.154,2.1
2026-10-08,W1522,52.49144,10.82432,8.4,12.5,13.4,0.246,14.0,0.155,1.2
2026-10-09,W1522,52.49144,10.82432,3.2,9.8,10.9,0.255,12.3,0.159,0.91
2026-10-10,W1522,52.49144,10.82432,3.3,11.5,12.5,0.268,12.4,0.162,1.53
2026-10-11,W1522,52.49144,10.82432,1.35,11.2,11.1,0.258,12.0,0.166,1.91
2026-10-12,W1522,52.49144,10.82432,9.3,10.3,10.6,0.244,11.4,0.168,1.05
2026-10-06,W1523,52.49144,10.85389,0.0,13.9,13.9,0.207,13.3,0.154,1.52
2026-10-07,W1523,52.49144,10.85389,0.0,14.7,13.9,0.196,13.6,0.154,2.04
2026-10-08,W1523,52.49144,10.85389,7.6,12.5,13.4,0.246,14.0,0.155,1.2
2026-10-09,W1523,52.49144,10.85389,2.9,9.9,10.9,0.255,12.3,0.159,0.92
2026-10-10,W1523,52.49144,10.85389,2.7,11.6,12.5,0.268,12.4,0.162,1.53
2026-10-11,W1523,52.49144,10.85389,1.35,11.2,11.1,0.258,12.0,0.166,1.91
2026-10-12,W1523,52.49144,10.85389,9.3,10.3,10.6,0.244,11.4,0.168,1.05
2026-10-06,W1524,52.49144,10.88345,0.0,13.9,13.9,0.207,13.3,0.154,1.52
2026-10-07,W1524,52.49144,10.88345,0.0,14.7,13.9,0.196,13.6,0.154,2.04
2026-10-08,W1524,52.49144,10.88345,7.6,12.5,13.4,0.246,14.0,0.155,1.2
2026-10-09,W1524,52.49144,10.88345,2.9,9.9,10.9,0.255,12.3,0.159,0.92
2026-10-10,W1524,52.49144,10.88345,2.7,11.6,12.5,0.268,12.4,0.162,1.53
2026-10-11,W1524,52.49144,10.88345,1.35,11.2,11.1,0.258,12.0,0.166,1.92
2026-10-12,W1524,52.49144,10.88345,9.3,10.3,10.6,0.244,11.4,0.168,1.05
2026-10-06,W1525,52.49144,10.91302,0.0,14.0,13.9,0.207,13.3,0.154,1.54
2026-10-07,W1525,52.49144,10.91302,0.0,14.6,13.9,0.196,13.6,0.154,2.04
2026-10-08,W1525,52.49144,10.91302,7.37,12.6,13.4,0.246,14.0,0.155,1.22
2026-10-09,W1525,52.49144,10.91302,2.8,10.0,10.9,0.255,12.3,0.159,0.94
2026-10-10,W1525,52.49144,10.91302,2.4,11.7,12.5,0.268,12.4,0.162,1.53
2026-10-11,W1525,52.49144,10.91302,1.35,11.3,11.1,0.258,12.0,0.166,1.91
2026-10-12,W1525,52.49144,10.91302,9.3,10.4,10.6,0.244,11.4,0.168,1.05
2026-10-06,W1526,52.49144,10.94258,0.0,14.0,13.9,0.207,13.3,0.154,1.53
2026-10-07,W1526,52.49144,10.94258,0.0,14.4,13.9,0.196,13.6,0.154,2.02
2026-10-08,W1526,52.49144,10.94258,7.7,12.6,13.4,0.246,14.0,0.155,1.22
2026-10-09,W1526,52.49144,10.94258,2.8,10.0,10.9,0.255,12.3,0.159,0.94
2026-10-10,W1526,52.49144,10.94258,2.4,11.7,12.5,0.268,12.4,0.162,1.53
2026-10-11,W1526,52.49144,10.94258,1.05,11.3,11.1,0.258,12.0,0.166,1.93
2026-10-12,W1526,52.49144,10.94258,8.1,10.3,10.6,0.244,11.4,0.168,1.03
2026-10-06,W1527,52.49144,10.97214,0.0,13.7,13.3,0.263,12.9,0.239,1.54
2026-10-07,W1527,52.49144,10.97214,0.0,14.2,13.2,0.253,13.1,0.238,2.03
2026-10-08,W1527,52.49144,10.97214,8.08,12.5,13.1,0.294,13.5,0.238,1.24
2026-10-09,W1527,52.49144,10.97214,2.6,10.1,10.8,0.3,12.0,0.242,0.97
2026-10-10,W1527,52.49144,10.97214,2.1,11.7,12.4,0.321,12.2,0.247,1.57
2026-10-11,W1527,52.49144,10.97214,1.05,11.3,11.0,0.305,11.8,0.251,1.93
2026-10-12,W1527,52.49144,10.97214,8.1,10.2,10.5,0.29,11.2,0.252,1.02
2026-10-06,W1528,52.49144,11.00171,0.0,13.6,13.3,0.263,12.9,0.239,1.55
2026-10-07,W1528,52.49144,11.00171,0.0,14.4,13.2,0.253,13.1,0.238,2.06
2026-10-08,W1528,52.49144,11.00171,8.25,12.7,13.1,0.294,13.5,0.238,1.25
2026-10-09,W1528,52.49144,11.00171,2.6,10.1,10.8,0.3,12.0,0.242,0.97
2026-10-10,W1528,52.49144,11.00171,2.1,11.7,12.4,0.321,12.2,0.247,1.57
2026-10-11,W1528,52.49144,11.00171,1.05,11.3,11.0,0.305,11.8,0.251,1.94
2026-10-12,W1528,52.49144,11.00171,8.1,10.3,10.5,0.29,11.2,0.252,1.03
2026-10-06,W1529,52.49144,11.03127,0.0,14.1,13.3,0.263,12.9,0.239,1.56
2026-10-07,W1529,52.49144,11.03127,0.0,14.6,13.2,0.253,13.1,0.238,2.09
2026-10-08,W1529,52.49144,11.03127,8.1,12.8,13.1,0.294,13.5,0.238,1.29
2026-10-09,W1529,52.49144,11.03127,2.5,10.2,10.8,0.3,12.0,0.242,1.03
2026-10-10,W1529,52.49144,11.03127,2.4,11.8,12.4,0.321,12.2,0.247,1.61
2026-10-11,W1529,52.49144,11.03127,0.9,11.3,11.0,0.305,11.8,0.251,1.95
2026-10-12,W1529,52.49144,11.03127,8.1,10.3,10.5,0.29,11.2,0.252,1.03
2026-10-06,W1530,52.49144,11.06084,0.0,13.8,13.3,0.263,12.9,0.239,1.57
2026-10-07,W1530,52.49144,11.06084,0.0,14.4,13.2,0.253,13.1,0.238,2.1
2026-10-08,W1530,52.49144,11.06084,5.73,12.6,13.1,0.294,13.5,0.238,1.27
2026-10-09,W1530,52.49144,11.06084,2.5,10.2,10.8,0.3,12.0,0.242,1.03
2026-10-10,W1530,52.49144,11.06084,2.4,11.8,12.4,0.321,12.2,0.247,1.61
2026-10-11,W1530,52.49144,11.06084,0.9,11.3,11.0,0.305,11.8,0.251,1.95
2026-10-12,W1530,52.49144,11.06084,8.1,10.3,10.5,0.29,11.2,0.252,1.03
2026-10-06,W1531,52.49144,11.0904,0.0,13.7,13.3,0.263,12.9,0.239,1.58
2026-10-07,W1531,52.49144,11.0904,0.0,14.3,13.2,0.253,13.1,0.238,2.08
2026-10-08,W1531,52.49144,11.0904,5.13,12.6,13.1,0.294,13.5,0.238,1.26
2026-10-09,W1531,52.49144,11.0904,2.5,10.2,10.8,0.3,12.0,0.242,1.03
2026-10-10,W1531,52.49144,11.0904,2.4,11.8,12.4,0.321,12.2,0.247,1.61
2026-10-11,W1531,52.49144,11.0904,0.9,11.3,11.0,0.305,11.8,0.251,1.95
2026-10-12,W1531,52.49144,11.0904,8.1,10.3,10.5,0.29,11.2,0.252,1.03
2026-10-06,W1532,52.49144,11.11997,0.0,13.7,13.3,0.263,12.9,0.239,1.58
2026-10-07,W1532,52.49144,11.11997,0.0,14.4,13.2,0.253,13.1,0.238,2.1
2026-10-08,W1532,52.49144,11.11997,5.65,12.5,13.1,0.294,13.5,0.238,1.24
2026-10-09,W1532,52.49144,11.11997,2.8,10.2,10.8,0.3,12.0,0.242,1.03
2026-10-10,W1532,52.49144,11.11997,2.7,11.7,12.4,0.321,12.2,0.247,1.61
2026-10-11,W1532,52.49144,11.11997,0.9,11.3,11.0,0.305,11.8,0.251,1.95
2026-10-12,W1532,52.49144,11.11997,8.1,10.3,10.5,0.29,11.2,0.252,1.03
2026-10-06,W1533,52.49144,11.14953,0.0,13.7,13.6,0.232,13.1,0.202,1.58
2026-10-07,W1533,52.49144,11.14953,0.0,14.3,13.5,0.222,13.2,0.202,2.1
2026-10-08,W1533,52.49144,11.14953,5.65,12.5,13.3,0.264,13.6,0.202,1.24
2026-10-09,W1533,52.49144,11.14953,2.8,10.2,10.9,0.273,12.1,0.205,1.03
2026-10-10,W1533,52.49144,11.14953,2.7,11.7,12.5,0.288,12.2,0.208,1.61
2026-10-11,W1533,52.49144,11.14953,0.9,11.3,11.1,0.276,11.9,0.211,1.94
2026-10-12,W1533,52.49144,11.14953,8.1,10.3,10.6,0.262,11.3,0.213,1.03
2026-10-06,W0470,52.5005,10.1295,0.0,15.0,13.2,0.165,12.2,0.14,1.45
2026-10-07,W0470,52.5005,10.1295,0.0,15.9,13.3,0.153,12.6,0.138,2.05
2026-10-08,W0470,52.5005,10.1295,11.23,12.8,12.7,0.213,13.0,0.142,1.27
2026-10-09,W0470,52.5005,10.1295,7.6,10.3,10.2,0.21,11.1,0.152,0.84
2026-10-10,W0470,52.5005,10.1295,5.1,11.8,12.2,0.23,11.6,0.16,1.46
2026-10-11,W0470,52.5005,10.1295,2.4,11.1,10.5,0.208,11.0,0.166,1.68
2026-10-12,W0470,52.5005,10.1295,10.5,10.4,10.1,0.194,10.5,0.167,1.02
2026-10-06,W0471,52.5005,10.1591,0.0,14.9,13.2,0.165,12.2,0.14,1.42
2026-10-07,W0471,52.5005,10.1591,0.0,15.8,13.3,0.153,12.6,0.138,2.01
2026-10-08,W0471,52.5005,10.1591,10.8,12.9,12.7,0.213,13.0,0.142,1.29
2026-10-09,W0471,52.5005,10.1591,7.1,10.3,10.2,0.21,11.1,0.152,0.86
2026-10-10,W0471,52.5005,10.1591,5.1,11.8,12.2,0.23,11.6,0.16,1.5
2026-10-11,W0471,52.5005,10.1591,2.25,11.1,10.5,0.208,11.0,0.166,1.69
2026-10-12,W0471,52.5005,10.1591,10.5,10.4,10.1,0.194,10.5,0.167,1.02
2026-10-06,W0472,52.5005,10.1886,0.0,14.8,13.2,0.165,12.2,0.14,1.42
2026-10-07,W0472,52.5005,10.1886,0.0,15.7,13.3,0.153,12.6,0.138,2.03
2026-10-08,W0472,52.5005,10.1886,10.08,12.8,12.7,0.213,13.0,0.142,1.29
2026-10-09,W0472,52.5005,10.1886,7.1,10.3,10.2,0.21,11.1,0.152,0.86
2026-10-10,W0472,52.5005,10.1886,5.1,11.8,12.2,0.23,11.6,0.16,1.5
2026-10-11,W0472,52.5005,10.1886,2.1,11.2,10.5,0.208,11.0,0.166,1.8
2026-10-12,W0472,52.5005,10.1886,9.6,10.5,10.1,0.194,10.5,0.167,1.09
2026-10-06,W1534,52.50946,10.20347,0.0,14.8,13.2,0.165,12.2,0.14,1.43
2026-10-07,W1534,52.50946,10.20347,0.0,15.7,13.3,0.153,12.6,0.138,2.04
2026-10-08,W1534,52.50946,10.20347,10.1,12.8,12.7,0.213,13.0,0.142,1.29
2026-10-09,W1534,52.50946,10.20347,7.1,10.3,10.2,0.21,11.1,0.152,0.86
2026-10-10,W1534,52.50946,10.20347,5.1,11.8,12.2,0.23,11.6,0.16,1.5
2026-10-11,W1534,52.50946,10.20347,2.1,11.2,10.5,0.208,11.0,0.166,1.8
2026-10-12,W1534,52.50946,10.20347,9.6,10.5,10.1,0.194,10.5,0.167,1.09
2026-10-06,W0473,52.5005,10.2477,0.0,14.7,13.2,0.165,12.2,0.14,1.44
2026-10-07,W0473,52.5005,10.2477,0.0,15.7,13.3,0.153,12.6,0.138,2.08
2026-10-08,W0473,52.5005,10.2477,10.6,12.7,12.7,0.213,13.0,0.142,1.31
2026-10-09,W0473,52.5005,10.2477,6.6,10.2,10.2,0.21,11.1,0.152,0.87
2026-10-10,W0473,52.5005,10.2477,5.1,11.8,12.2,0.23,11.6,0.16,1.52
2026-10-11,W0473,52.5005,10.2477,2.1,11.1,10.5,0.208,11.0,0.166,1.8
2026-10-12,W0473,52.5005,10.2477,9.6,10.4,10.1,0.194,10.5,0.167,1.09
2026-10-06,W0474,52.5005,10.2772,0.0,14.7,12.9,0.165,11.9,0.134,1.45
2026-10-07,W0474,52.5005,10.2772,0.0,15.8,13.1,0.153,12.5,0.133,2.12
2026-10-08,W0474,52.5005,10.2772,10.23,12.7,12.6,0.196,12.9,0.134,1.32
2026-10-09,W0474,52.5005,10.2772,6.6,10.2,10.2,0.201,11.1,0.139,0.87
2026-10-10,W0474,52.5005,10.2772,5.1,11.8,12.2,0.214,11.6,0.145,1.52
2026-10-11,W0474,52.5005,10.2772,2.1,11.2,10.5,0.2,11.1,0.149,1.8
2026-10-12,W0474,52.5005,10.2772,9.6,10.4,10.1,0.189,10.4,0.151,1.09
2026-10-06,W0475,52.5005,10.3068,0.0,14.7,13.1,0.248,12.2,0.215,1.46
2026-10-07,W0475,52.5005,10.3068,0.0,15.8,13.4,0.236,12.7,0.214,2.12
2026-10-08,W0475,52.5005,10.3068,9.3,12.8,12.8,0.305,13.1,0.217,1.34
2026-10-09,W0475,52.5005,10.3068,5.9,10.2,10.5,0.305,11.5,0.225,0.89
2026-10-10,W0475,52.5005,10.3068,5.7,11.8,12.3,0.308,11.8,0.23,1.53
2026-10-11,W0475,52.5005,10.3068,2.1,11.1,10.8,0.292,11.4,0.233,1.8
2026-10-12,W0475,52.5005,10.3068,9.6,10.4,10.4,0.279,10.9,0.235,1.09
2026-10-06,W1535,52.50946,10.32173,0.0,14.7,13.1,0.248,12.2,0.215,1.51
2026-10-07,W1535,52.50946,10.32173,0.0,15.7,13.4,0.236,12.7,0.214,2.12
2026-10-08,W1535,52.50946,10.32173,7.93,12.7,12.8,0.305,13.1,0.217,1.35
2026-10-09,W1535,52.50946,10.32173,5.9,10.2,10.5,0.305,11.5,0.225,0.89
2026-10-10,W1535,52.50946,10.32173,5.7,11.8,12.3,0.308,11.8,0.23,1.53
2026-10-11,W1535,52.50946,10.32173,2.55,11.1,10.8,0.292,11.4,0.233,1.76
2026-10-12,W1535,52.50946,10.32173,10.2,10.2,10.4,0.279,10.9,0.235,1.0
2026-10-06,W1536,52.50946,10.3513,0.0,14.7,13.1,0.248,12.2,0.215,1.52
2026-10-07,W1536,52.50946,10.3513,0.0,15.7,13.4,0.236,12.7,0.214,2.13
2026-10-08,W1536,52.50946,10.3513,7.77,12.8,12.8,0.305,13.1,0.217,1.31
2026-10-09,W1536,52.50946,10.3513,6.0,10.2,10.5,0.305,11.5,0.225,0.84
2026-10-10,W1536,52.50946,10.3513,5.4,11.8,12.3,0.308,11.8,0.23,1.43
2026-10-11,W1536,52.50946,10.3513,2.7,11.1,10.8,0.292,11.4,0.233,1.75
2026-10-12,W1536,52.50946,10.3513,10.2,10.3,10.4,0.279,10.9,0.235,1.01
2026-10-06,W0476,52.5005,10.3954,0.0,14.7,13.1,0.248,12.2,0.215,1.55
2026-10-07,W0476,52.5005,10.3954,0.0,15.6,13.4,0.236,12.7,0.214,2.08
2026-10-08,W0476,52.5005,10.3954,7.12,12.7,12.8,0.305,13.1,0.217,1.29
2026-10-09,W0476,52.5005,10.3954,6.0,10.1,10.5,0.305,11.5,0.225,0.84
2026-10-10,W0476,52.5005,10.3954,5.4,11.7,12.3,0.308,11.8,0.23,1.43
2026-10-11,W0476,52.5005,10.3954,2.7,11.1,10.8,0.292,11.4,0.233,1.74
2026-10-12,W0476,52.5005,10.3954,10.2,10.3,10.4,0.279,10.9,0.235,1.0
2026-10-06,W0477,52.5005,10.4249,0.0,14.7,13.1,0.248,12.2,0.215,1.55
2026-10-07,W0477,52.5005,10.4249,0.0,15.6,13.4,0.236,12.7,0.214,2.08
2026-10-08,W0477,52.5005,10.4249,7.25,12.8,12.8,0.305,13.1,0.217,1.25
2026-10-09,W0477,52.5005,10.4249,5.5,10.2,10.5,0.305,11.5,0.225,0.81
2026-10-10,W0477,52.5005,10.4249,5.7,11.8,12.3,0.308,11.8,0.23,1.36
2026-10-11,W0477,52.5005,10.4249,2.7,11.1,10.8,0.292,11.4,0.233,1.72
2026-10-12,W0477,52.5005,10.4249,10.2,10.3,10.4,0.279,10.9,0.235,1.01
2026-10-06,W0478,52.5005,10.4545,0.0,14.5,12.9,0.162,11.8,0.129,1.55
2026-10-07,W0478,52.5005,10.4545,0.0,15.4,13.1,0.151,12.3,0.128,2.08
2026-10-08,W0478,52.5005,10.4545,8.08,12.6,12.6,0.205,12.8,0.131,1.23
2026-10-09,W0478,52.5005,10.4545,5.5,10.1,10.2,0.207,11.0,0.14,0.81
2026-10-10,W0478,52.5005,10.4545,5.7,11.7,12.1,0.229,11.5,0.149,1.36
2026-10-11,W0478,52.5005,10.4545,2.7,11.1,10.5,0.212,11.0,0.158,1.72
2026-10-12,W0478,52.5005,10.4545,10.2,10.2,10.0,0.2,10.3,0.161,1.0
2026-10-06,W0479,52.5005,10.484,0.0,14.7,13.6,0.218,12.9,0.184,1.56
2026-10-07,W0479,52.5005,10.484,0.0,15.7,14.0,0.207,13.4,0.184,2.15
2026-10-08,W0479,52.5005,10.484,7.98,12.7,13.1,0.264,13.8,0.185,1.23
2026-10-09,W0479,52.5005,10.484,5.4,10.1,10.7,0.275,12.0,0.189,0.85
2026-10-10,W0479,52.5005,10.484,5.1,11.7,12.5,0.282,12.2,0.193,1.39
2026-10-11,W0479,52.5005,10.484,2.55,11.1,10.9,0.27,11.8,0.197,1.73
2026-10-12,W0479,52.5005,10.484,10.2,10.2,10.6,0.259,11.2,0.199,1.0
2026-10-06,W0480,52.5005,10.5135,0.0,14.6,13.6,0.218,12.9,0.184,1.56
2026-10-07,W0480,52.5005,10.5135,0.0,15.5,14.0,0.207,13.4,0.184,2.15
2026-10-08,W0480,52.5005,10.5135,8.13,12.6,13.1,0.264,13.8,0.185,1.23
2026-10-09,W0480,52.5005,10.5135,5.4,10.0,10.7,0.275,12.0,0.189,0.85
2026-10-10,W0480,52.5005,10.5135,5.1,11.7,12.5,0.282,12.2,0.193,1.39
2026-10-11,W0480,52.5005,10.5135,2.55,11.0,10.9,0.27,11.8,0.197,1.73
2026-10-12,W0480,52.5005,10.5135,10.2,10.2,10.6,0.259,11.2,0.199,1.0
2026-10-06,W0481,52.5005,10.5431,0.0,14.6,13.6,0.218,12.9,0.184,1.53
2026-10-07,W0481,52.5005,10.5431,0.0,15.5,14.0,0.207,13.4,0.184,2.12
2026-10-08,W0481,52.5005,10.5431,7.52,12.7,13.1,0.264,13.8,0.185,1.22
2026-10-09,W0481,52.5005,10.5431,5.3,10.0,10.7,0.275,12.0,0.189,0.84
2026-10-10,W0481,52.5005,10.5431,4.8,11.7,12.5,0.282,12.2,0.193,1.4
2026-10-11,W0481,52.5005,10.5431,2.4,11.1,10.9,0.27,11.8,0.197,1.73
2026-10-12,W0481,52.5005,10.5431,10.2,10.2,10.6,0.259,11.2,0.199,1.0
2026-10-06,W0482,52.5005,10.5726,0.0,14.4,13.6,0.218,12.9,0.184,1.52
2026-10-07,W0482,52.5005,10.5726,0.0,15.3,14.0,0.207,13.4,0.184,2.08
2026-10-08,W0482,52.5005,10.5726,5.75,12.4,13.1,0.264,13.8,0.185,1.2
2026-10-09,W0482,52.5005,10.5726,5.3,10.0,10.7,0.275,12.0,0.189,0.84
2026-10-10,W0482,52.5005,10.5726,4.8,11.6,12.5,0.282,12.2,0.193,1.4
2026-10-11,W0482,52.5005,10.5726,1.95,11.2,10.9,0.27,11.8,0.197,1.85
2026-10-12,W0482,52.5005,10.5726,9.0,10.2,10.6,0.259,11.2,0.199,1.01
2026-10-06,W0483,52.5005,10.6021,0.0,14.5,13.2,0.149,12.5,0.11,1.52
2026-10-07,W0483,52.5005,10.6021,0.0,15.3,13.6,0.139,13.0,0.11,2.08
2026-10-08,W0483,52.5005,10.6021,5.78,12.5,12.9,0.185,13.4,0.111,1.18
2026-10-09,W0483,52.5005,10.6021,4.4,10.0,10.5,0.192,11.6,0.116,0.83
2026-10-10,W0483,52.5005,10.6021,4.5,11.7,12.4,0.206,12.0,0.121,1.4
2026-10-11,W0483,52.5005,10.6021,1.95,11.2,10.7,0.194,11.5,0.126,1.85
2026-10-12,W0483,52.5005,10.6021,9.0,10.3,10.2,0.184,10.8,0.129,1.01
2026-10-06,W1537,52.50946,10.61737,0.0,14.5,13.2,0.149,12.5,0.11,1.54
2026-10-07,W1537,52.50946,10.61737,0.0,15.4,13.6,0.139,13.0,0.11,2.13
2026-10-08,W1537,52.50946,10.61737,5.45,12.5,12.9,0.185,13.4,0.111,1.18
2026-10-09,W1537,52.50946,10.61737,4.4,10.0,10.5,0.192,11.6,0.116,0.83
2026-10-10,W1537,52.50946,10.61737,4.5,11.6,12.4,0.206,12.0,0.121,1.39
2026-10-11,W1537,52.50946,10.61737,1.95,11.2,10.7,0.194,11.5,0.126,1.85
2026-10-12,W1537,52.50946,10.61737,9.0,10.2,10.2,0.184,10.8,0.129,1.01
2026-10-06,W0484,52.5005,10.6612,0.0,14.3,13.3,0.214,12.6,0.178,1.53
2026-10-07,W0484,52.5005,10.6612,0.0,15.3,13.6,0.205,13.1,0.178,2.08
2026-10-08,W0484,52.5005,10.6612,5.77,12.5,13.1,0.279,13.5,0.18,1.17
2026-10-09,W0484,52.5005,10.6612,4.0,9.8,10.7,0.286,11.9,0.187,0.84
2026-10-10,W0484,52.5005,10.6612,4.2,11.5,12.4,0.295,12.1,0.192,1.41
2026-10-11,W0484,52.5005,10.6612,1.95,11.1,10.9,0.283,11.7,0.197,1.84
2026-10-12,W0484,52.5005,10.6612,9.0,10.1,10.4,0.268,11.1,0.2,1.0
2026-10-06,W0485,52.5005,10.6908,0.0,14.2,13.3,0.214,12.6,0.178,1.57
2026-10-07,W0485,52.5005,10.6908,0.0,15.0,13.6,0.205,13.1,0.178,2.11
2026-10-08,W0485,52.5005,10.6908,7.4,12.4,13.1,0.279,13.5,0.18,1.17
2026-10-09,W0485,52.5005,10.6908,4.0,9.8,10.7,0.286,11.9,0.187,0.84
2026-10-10,W0485,52.5005,10.6908,4.2,11.4,12.4,0.295,12.1,0.192,1.41
2026-10-11,W0485,52.5005,10.6908,1.95,11.0,10.9,0.283,11.7,0.197,1.84
2026-10-12,W0485,52.5005,10.6908,9.0,10.1,10.4,0.268,11.1,0.2,1.0
2026-10-06,W0486,52.5005,10.7203,0.0,14.2,13.3,0.214,12.6,0.178,1.54
2026-10-07,W0486,52.5005,10.7203,0.0,15.0,13.6,0.205,13.1,0.178,2.08
2026-10-08,W0486,52.5005,10.7203,8.48,12.5,13.1,0.279,13.5,0.18,1.19
2026-10-09,W0486,52.5005,10.7203,3.6,9.9,10.7,0.286,11.9,0.187,0.89
2026-10-10,W0486,52.5005,10.7203,3.6,11.5,12.4,0.295,12.1,0.192,1.48
2026-10-11,W0486,52.5005,10.7203,1.95,11.1,10.9,0.283,11.7,0.197,1.86
2026-10-12,W0486,52.5005,10.7203,9.0,10.2,10.4,0.268,11.1,0.2,1.0
2026-10-06,W0487,52.5005,10.7498,0.0,14.2,13.3,0.214,12.6,0.178,1.57
2026-10-07,W0487,52.5005,10.7498,0.0,14.8,13.6,0.205,13.1,0.178,2.1
2026-10-08,W0487,52.5005,10.7498,9.85,12.6,13.1,0.279,13.5,0.18,1.19
2026-10-09,W0487,52.5005,10.7498,3.6,9.8,10.7,0.286,11.9,0.187,0.89
2026-10-10,W0487,52.5005,10.7498,3.6,11.5,12.4,0.295,12.1,0.192,1.48
2026-10-11,W0487,52.5005,10.7498,1.95,11.1,10.9,0.283,11.7,0.197,1.86
2026-10-12,W0487,52.5005,10.7498,9.0,10.1,10.4,0.268,11.1,0.2,1.0
2026-10-06,W1538,52.50946,10.76519,0.0,14.0,13.1,0.142,12.1,0.086,1.57
2026-10-07,W1538,52.50946,10.76519,0.0,14.6,13.4,0.132,12.6,0.086,2.06
2026-10-08,W1538,52.50946,10.76519,10.0,12.4,12.9,0.211,13.2,0.094,1.18
2026-10-09,W1538,52.50946,10.76519,3.6,9.8,10.5,0.201,11.5,0.108,0.89
2026-10-10,W1538,52.50946,10.76519,3.6,11.5,12.3,0.202,11.7,0.114,1.48
2026-10-11,W1538,52.50946,10.76519,1.95,11.1,10.6,0.189,11.3,0.119,1.86
2026-10-12,W1538,52.50946,10.76519,9.0,10.1,10.1,0.181,10.6,0.122,1.0
2026-10-06,W0488,52.5005,10.8089,0.0,13.9,13.9,0.207,13.3,0.154,1.57
2026-10-07,W0488,52.5005,10.8089,0.0,14.6,13.9,0.196,13.6,0.154,2.1
2026-10-08,W0488,52.5005,10.8089,8.4,12.6,13.4,0.246,14.0,0.155,1.2
2026-10-09,W0488,52.5005,10.8089,3.2,9.9,10.9,0.255,12.3,0.159,0.91
2026-10-10,W0488,52.5005,10.8089,3.3,11.6,12.5,0.268,12.4,0.162,1.53
2026-10-11,W0488,52.5005,10.8089,1.8,11.2,11.1,0.258,12.0,0.166,1.87
2026-10-12,W0488,52.5005,10.8089,9.0,10.2,10.6,0.244,11.4,0.168,1.01
2026-10-06,W0489,52.5005,10.8384,0.0,13.8,13.9,0.207,13.3,0.154,1.52
2026-10-07,W0489,52.5005,10.8384,0.0,14.6,13.9,0.196,13.6,0.154,2.03
2026-10-08,W0489,52.5005,10.8384,7.68,12.4,13.4,0.246,14.0,0.155,1.19
2026-10-09,W0489,52.5005,10.8384,3.2,9.8,10.9,0.255,12.3,0.159,0.91
2026-10-10,W0489,52.5005,10.8384,3.3,11.5,12.5,0.268,12.4,0.162,1.52
2026-10-11,W0489,52.5005,10.8384,1.35,11.2,11.1,0.258,12.0,0.166,1.91
2026-10-12,W0489,52.5005,10.8384,9.3,10.2,10.6,0.244,11.4,0.168,1.05
2026-10-06,W0490,52.5005,10.868,0.0,13.8,13.9,0.207,13.3,0.154,1.52
2026-10-07,W0490,52.5005,10.868,0.0,14.6,13.9,0.196,13.6,0.154,2.03
2026-10-08,W0490,52.5005,10.868,7.6,12.4,13.4,0.246,14.0,0.155,1.19
2026-10-09,W0490,52.5005,10.868,2.9,9.8,10.9,0.255,12.3,0.159,0.92
2026-10-10,W0490,52.5005,10.868,2.7,11.5,12.5,0.268,12.4,0.162,1.52
2026-10-11,W0490,52.5005,10.868,1.35,11.1,11.1,0.258,12.0,0.166,1.91
2026-10-12,W0490,52.5005,10.868,9.3,10.2,10.6,0.244,11.4,0.168,1.05
2026-10-06,W0491,52.5005,10.8975,0.0,13.9,13.9,0.207,13.3,0.154,1.54
2026-10-07,W0491,52.5005,10.8975,0.0,14.5,13.9,0.196,13.6,0.154,2.04
2026-10-08,W0491,52.5005,10.8975,7.5,12.5,13.4,0.246,14.0,0.155,1.2
2026-10-09,W0491,52.5005,10.8975,2.9,10.0,10.9,0.255,12.3,0.159,0.92
2026-10-10,W0491,52.5005,10.8975,2.7,11.6,12.5,0.268,12.4,0.162,1.53
2026-10-11,W0491,52.5005,10.8975,1.35,11.3,11.1,0.258,12.0,0.166,1.92
2026-10-12,W0491,52.5005,10.8975,9.3,10.4,10.6,0.244,11.4,0.168,1.05
2026-10-06,W0492,52.5005,10.9271,0.0,13.9,13.9,0.207,13.3,0.154,1.54
2026-10-07,W0492,52.5005,10.9271,0.0,14.5,13.9,0.196,13.6,0.154,2.04
2026-10-08,W0492,52.5005,10.9271,7.37,12.5,13.4,0.246,14.0,0.155,1.21
2026-10-09,W0492,52.5005,10.9271,2.8,10.0,10.9,0.255,12.3,0.159,0.94
2026-10-10,W0492,52.5005,10.9271,2.4,11.6,12.5,0.268,12.4,0.162,1.53
2026-10-11,W0492,52.5005,10.9271,1.35,11.2,11.1,0.258,12.0,0.166,1.91
2026-10-12,W0492,52.5005,10.9271,9.3,10.3,10.6,0.244,11.4,0.168,1.05
2026-10-06,W0493,52.5005,10.9566,0.0,13.9,13.6,0.216,12.9,0.148,1.53
2026-10-07,W0493,52.5005,10.9566,0.0,14.2,13.7,0.203,13.2,0.149,2.01
2026-10-08,W0493,52.5005,10.9566,7.7,12.5,13.2,0.25,13.6,0.151,1.21
2026-10-09,W0493,52.5005,10.9566,2.8,9.9,10.8,0.257,12.0,0.155,0.93
2026-10-10,W0493,52.5005,10.9566,2.4,11.6,12.5,0.26,12.1,0.158,1.53
2026-10-11,W0493,52.5005,10.9566,1.05,11.2,10.9,0.252,11.8,0.161,1.92
2026-10-12,W0493,52.5005,10.9566,8.1,10.2,10.5,0.243,11.1,0.164,1.02
2026-10-06,W0494,52.5005,10.9861,0.0,13.8,13.3,0.263,12.9,0.239,1.54
2026-10-07,W0494,52.5005,10.9861,0.0,14.3,13.2,0.253,13.1,0.238,2.03
2026-10-08,W0494,52.5005,10.9861,8.08,12.6,13.1,0.294,13.5,0.238,1.24
2026-10-09,W0494,52.5005,10.9861,2.6,10.1,10.8,0.3,12.0,0.242,0.97
2026-10-10,W0494,52.5005,10.9861,2.1,11.7,12.4,0.321,12.2,0.247,1.57
2026-10-11,W0494,52.5005,10.9861,1.05,11.3,11.0,0.305,11.8,0.251,1.94
2026-10-12,W0494,52.5005,10.9861,8.1,10.3,10.5,0.29,11.2,0.252,1.03
2026-10-06,W1539,52.50946,11.00171,0.0,13.6,13.3,0.263,12.9,0.239,1.55
2026-10-07,W1539,52.50946,11.00171,0.0,14.4,13.2,0.253,13.1,0.238,2.06
2026-10-08,W1539,52.50946,11.00171,8.25,12.7,13.1,0.294,13.5,0.238,1.25
2026-10-09,W1539,52.50946,11.00171,2.6,10.1,10.8,0.3,12.0,0.242,0.97
2026-10-10,W1539,52.50946,11.00171,2.1,11.7,12.4,0.321,12.2,0.247,1.57
2026-10-11,W1539,52.50946,11.00171,1.05,11.3,11.0,0.305,11.8,0.251,1.94
2026-10-12,W1539,52.50946,11.00171,8.1,10.3,10.5,0.29,11.2,0.252,1.03
2026-10-06,W1540,52.50946,11.03127,0.0,14.1,13.3,0.263,12.9,0.239,1.56
2026-10-07,W1540,52.50946,11.03127,0.0,14.6,13.2,0.253,13.1,0.238,2.09
2026-10-08,W1540,52.50946,11.03127,8.1,12.8,13.1,0.294,13.5,0.238,1.29
2026-10-09,W1540,52.50946,11.03127,2.5,10.2,10.8,0.3,12.0,0.242,1.03
2026-10-10,W1540,52.50946,11.03127,2.4,11.8,12.4,0.321,12.2,0.247,1.61
2026-10-11,W1540,52.50946,11.03127,0.9,11.3,11.0,0.305,11.8,0.251,1.95
2026-10-12,W1540,52.50946,11.03127,8.1,10.3,10.5,0.29,11.2,0.252,1.03
2026-10-06,W1541,52.50946,11.06084,0.0,13.8,13.3,0.263,12.9,0.239,1.57
2026-10-07,W1541,52.50946,11.06084,0.0,14.4,13.2,0.253,13.1,0.238,2.1
2026-10-08,W1541,52.50946,11.06084,5.73,12.6,13.1,0.294,13.5,0.238,1.27
2026-10-09,W1541,52.50946,11.06084,2.5,10.1,10.8,0.3,12.0,0.242,1.03
2026-10-10,W1541,52.50946,11.06084,2.4,11.7,12.4,0.321,12.2,0.247,1.61
2026-10-11,W1541,52.50946,11.06084,0.9,11.3,11.0,0.305,11.8,0.251,1.95
2026-10-12,W1541,52.50946,11.06084,8.1,10.3,10.5,0.29,11.2,0.252,1.03
2026-10-06,W0495,52.5005,11.1043,0.0,13.7,13.6,0.236,13.0,0.203,1.58
2026-10-07,W0495,52.5005,11.1043,0.0,14.3,13.5,0.225,13.3,0.203,2.08
2026-10-08,W0495,52.5005,11.1043,5.18,12.6,13.1,0.268,13.6,0.203,1.23
2026-10-09,W0495,52.5005,11.1043,2.8,10.2,10.7,0.277,12.0,0.207,1.02
2026-10-10,W0495,52.5005,11.1043,2.7,11.7,12.3,0.304,12.1,0.211,1.61
2026-10-11,W0495,52.5005,11.1043,0.9,11.3,10.8,0.289,11.7,0.216,1.94
2026-10-12,W0495,52.5005,11.1043,8.1,10.3,10.3,0.276,11.1,0.219,1.03
2026-10-06,W1542,52.50946,11.11997,0.0,13.7,13.6,0.236,13.0,0.203,1.58
2026-10-07,W1542,52.50946,11.11997,0.0,14.3,13.5,0.225,13.3,0.203,2.1
2026-10-08,W1542,52.50946,11.11997,5.65,12.5,13.1,0.268,13.6,0.203,1.24
2026-10-09,W1542,52.50946,11.11997,2.8,10.2,10.7,0.277,12.0,0.207,1.03
2026-10-10,W1542,52.50946,11.11997,2.7,11.7,12.3,0.304,12.1,0.211,1.61
2026-10-11,W1542,52.50946,11.11997,0.9,11.3,10.8,0.289,11.7,0.216,1.95
2026-10-12,W1542,52.50946,11.11997,8.1,10.3,10.3,0.276,11.1,0.219,1.03
2026-10-06,W1543,52.50946,11.14953,0.0,13.7,13.6,0.232,13.1,0.202,1.58
2026-10-07,W1543,52.50946,11.14953,0.0,14.3,13.5,0.222,13.2,0.202,2.1
2026-10-08,W1543,52.50946,11.14953,5.65,12.5,13.3,0.264,13.6,0.202,1.24
2026-10-09,W1543,52.50946,11.14953,2.8,10.2,10.9,0.273,12.1,0.205,1.03
2026-10-10,W1543,52.50946,11.14953,2.7,11.7,12.5,0.288,12.2,0.208,1.61
2026-10-11,W1543,52.50946,11.14953,0.9,11.3,11.1,0.276,11.9,0.211,1.94
2026-10-12,W1543,52.50946,11.14953,8.1,10.3,10.6,0.262,11.3,0.213,1.03
2026-10-06,W0497,52.5185,10.1295,0.0,15.0,13.5,0.178,12.7,0.154,1.45
2026-10-07,W0497,52.5185,10.1295,0.0,16.0,13.2,0.165,12.9,0.152,2.01
2026-10-08,W0497,52.5185,10.1295,12.03,12.9,12.9,0.229,13.3,0.159,1.27
2026-10-09,W0497,52.5185,10.1295,7.6,10.4,10.4,0.222,11.4,0.172,0.84
2026-10-10,W0497,52.5185,10.1295,5.1,11.8,12.3,0.245,11.8,0.184,1.46
2026-10-11,W0497,52.5185,10.1295,2.4,11.1,10.7,0.222,11.3,0.19,1.68
2026-10-12,W0497,52.5185,10.1295,10.5,10.4,10.3,0.212,10.7,0.19,1.02
2026-10-06,W0498,52.5185,10.1591,0.0,14.8,13.2,0.165,12.2,0.14,1.43
2026-10-07,W0498,52.5185,10.1591,0.0,15.7,13.3,0.153,12.6,0.138,2.02
2026-10-08,W0498,52.5185,10.1591,11.08,12.7,12.7,0.213,13.0,0.142,1.28
2026-10-09,W0498,52.5185,10.1591,7.1,10.2,10.2,0.21,11.1,0.152,0.86
2026-10-10,W0498,52.5185,10.1591,5.1,11.8,12.2,0.23,11.6,0.16,1.5
2026-10-11,W0498,52.5185,10.1591,2.25,11.1,10.5,0.208,11.0,0.166,1.69
2026-10-12,W0498,52.5185,10.1591,10.5,10.3,10.1,0.194,10.5,0.167,1.02
2026-10-06,W1544,52.52748,10.17391,0.0,14.9,12.9,0.165,11.9,0.134,1.43
2026-10-07,W1544,52.52748,10.17391,0.0,15.7,13.1,0.153,12.5,0.133,2.03
2026-10-08,W1544,52.52748,10.17391,11.08,12.7,12.6,0.196,12.9,0.134,1.28
2026-10-09,W1544,52.52748,10.17391,7.1,10.3,10.2,0.201,11.1,0.139,0.86
2026-10-10,W1544,52.52748,10.17391,5.1,11.9,12.2,0.214,11.6,0.145,1.5
2026-10-11,W1544,52.52748,10.17391,2.25,11.1,10.5,0.2,11.1,0.149,1.69
2026-10-12,W1544,52.52748,10.17391,10.5,10.4,10.1,0.189,10.4,0.151,1.02
2026-10-06,W1545,52.52748,10.20347,0.0,14.8,12.9,0.165,11.9,0.134,1.46
2026-10-07,W1545,52.52748,10.20347,0.0,15.8,13.1,0.153,12.5,0.133,2.07
2026-10-08,W1545,52.52748,10.20347,10.18,12.8,12.6,0.196,12.9,0.134,1.29
2026-10-09,W1545,52.52748,10.20347,7.1,10.3,10.2,0.201,11.1,0.139,0.86
2026-10-10,W1545,52.52748,10.20347,5.1,11.8,12.2,0.214,11.6,0.145,1.5
2026-10-11,W1545,52.52748,10.20347,2.1,11.2,10.5,0.2,11.1,0.149,1.8
2026-10-12,W1545,52.52748,10.20347,9.6,10.5,10.1,0.189,10.4,0.151,1.09
2026-10-06,W0499,52.5185,10.2477,0.0,14.7,12.9,0.165,11.9,0.134,1.46
2026-10-07,W0499,52.5185,10.2477,0.0,15.8,13.1,0.153,12.5,0.133,2.07
2026-10-08,W0499,52.5185,10.2477,10.3,12.8,12.6,0.196,12.9,0.134,1.31
2026-10-09,W0499,52.5185,10.2477,6.6,10.2,10.2,0.201,11.1,0.139,0.87
2026-10-10,W0499,52.5185,10.2477,5.1,11.8,12.2,0.214,11.6,0.145,1.52
2026-10-11,W0499,52.5185,10.2477,2.1,11.2,10.5,0.2,11.1,0.149,1.8
2026-10-12,W0499,52.5185,10.2477,9.6,10.4,10.1,0.189,10.4,0.151,1.09
2026-10-06,W0500,52.5185,10.2772,0.0,14.6,12.9,0.165,11.9,0.134,1.43
2026-10-07,W0500,52.5185,10.2772,0.0,15.7,13.1,0.153,12.5,0.133,2.09
2026-10-08,W0500,52.5185,10.2772,10.7,12.7,12.6,0.196,12.9,0.134,1.31
2026-10-09,W0500,52.5185,10.2772,6.6,10.2,10.2,0.201,11.1,0.139,0.87
2026-10-10,W0500,52.5185,10.2772,5.1,11.8,12.2,0.214,11.6,0.145,1.52
2026-10-11,W0500,52.5185,10.2772,2.1,11.2,10.5,0.2,11.1,0.149,1.8
2026-10-12,W0500,52.5185,10.2772,9.6,10.4,10.1,0.189,10.4,0.151,1.09
2026-10-06,W0501,52.5185,10.3068,0.0,14.7,13.1,0.248,12.2,0.215,1.46
2026-10-07,W0501,52.5185,10.3068,0.0,15.8,13.4,0.236,12.7,0.214,2.14
2026-10-08,W0501,52.5185,10.3068,9.85,12.8,12.8,0.305,13.1,0.217,1.34
2026-10-09,W0501,52.5185,10.3068,5.9,10.2,10.5,0.305,11.5,0.225,0.89
2026-10-10,W0501,52.5185,10.3068,5.7,11.8,12.3,0.308,11.8,0.23,1.53
2026-10-11,W0501,52.5185,10.3068,2.1,11.2,10.8,0.292,11.4,0.233,1.8
2026-10-12,W0501,52.5185,10.3068,9.6,10.4,10.4,0.279,10.9,0.235,1.09
2026-10-06,W1546,52.52748,10.32173,0.0,14.7,13.1,0.248,12.2,0.215,1.46
2026-10-07,W1546,52.52748,10.32173,0.0,15.8,13.4,0.236,12.7,0.214,2.14
2026-10-08,W1546,52.52748,10.32173,9.85,12.8,12.8,0.305,13.1,0.217,1.34
2026-10-09,W1546,52.52748,10.32173,5.9,10.2,10.5,0.305,11.5,0.225,0.89
2026-10-10,W1546,52.52748,10.32173,5.7,11.8,12.3,0.308,11.8,0.23,1.53
2026-10-11,W1546,52.52748,10.32173,2.55,11.1,10.8,0.292,11.4,0.233,1.76
2026-10-12,W1546,52.52748,10.32173,10.2,10.3,10.4,0.279,10.9,0.235,1.0
2026-10-06,W1547,52.52748,10.3513,0.0,14.7,12.9,0.162,11.8,0.129,1.52
2026-10-07,W1547,52.52748,10.3513,0.0,15.7,13.1,0.151,12.3,0.128,2.14
2026-10-08,W1547,52.52748,10.3513,8.28,12.8,12.6,0.205,12.8,0.131,1.3
2026-10-09,W1547,52.52748,10.3513,6.0,10.2,10.2,0.207,11.0,0.14,0.84
2026-10-10,W1547,52.52748,10.3513,5.4,11.8,12.1,0.229,11.5,0.149,1.43
2026-10-11,W1547,52.52748,10.3513,2.7,11.1,10.5,0.212,11.0,0.158,1.74
2026-10-12,W1547,52.52748,10.3513,10.2,10.3,10.0,0.2,10.3,0.161,1.0
2026-10-06,W0502,52.5185,10.3954,0.0,14.4,12.9,0.162,11.8,0.129,1.54
2026-10-07,W0502,52.5185,10.3954,0.0,15.4,13.1,0.151,12.3,0.128,2.07
2026-10-08,W0502,52.5185,10.3954,7.45,12.6,12.6,0.205,12.8,0.131,1.27
2026-10-09,W0502,52.5185,10.3954,6.0,10.1,10.2,0.207,11.0,0.14,0.83
2026-10-10,W0502,52.5185,10.3954,5.4,11.7,12.1,0.229,11.5,0.149,1.43
2026-10-11,W0502,52.5185,10.3954,2.7,11.0,10.5,0.212,11.0,0.158,1.74
2026-10-12,W0502,52.5185,10.3954,10.2,10.2,10.0,0.2,10.3,0.161,1.0
2026-10-06,W0503,52.5185,10.4249,0.0,14.5,12.9,0.162,11.8,0.129,1.54
2026-10-07,W0503,52.5185,10.4249,0.0,15.4,13.1,0.151,12.3,0.128,2.07
2026-10-08,W0503,52.5185,10.4249,7.58,12.6,12.6,0.205,12.8,0.131,1.23
2026-10-09,W0503,52.5185,10.4249,5.5,10.1,10.2,0.207,11.0,0.14,0.81
2026-10-10,W0503,52.5185,10.4249,5.7,11.7,12.1,0.229,11.5,0.149,1.36
2026-10-11,W0503,52.5185,10.4249,2.7,11.1,10.5,0.212,11.0,0.158,1.72
2026-10-12,W0503,52.5185,10.4249,10.2,10.2,10.0,0.2,10.3,0.161,1.0
2026-10-06,W0504,52.5185,10.4545,0.0,14.5,12.9,0.162,11.8,0.129,1.55
2026-10-07,W0504,52.5185,10.4545,0.0,15.4,13.1,0.151,12.3,0.128,2.09
2026-10-08,W0504,52.5185,10.4545,7.95,12.6,12.6,0.205,12.8,0.131,1.23
2026-10-09,W0504,52.5185,10.4545,5.5,10.1,10.2,0.207,11.0,0.14,0.81
2026-10-10,W0504,52.5185,10.4545,5.7,11.7,12.1,0.229,11.5,0.149,1.36
2026-10-11,W0504,52.5185,10.4545,2.7,11.1,10.5,0.212,11.0,0.158,1.72
2026-10-12,W0504,52.5185,10.4545,10.2,10.3,10.0,0.2,10.3,0.161,1.0
2026-10-06,W1548,52.52748,10.46955,0.0,14.3,12.9,0.162,11.8,0.129,1.55
2026-10-07,W1548,52.52748,10.46955,0.0,15.3,13.1,0.151,12.3,0.128,2.09
2026-10-08,W1548,52.52748,10.46955,8.08,12.5,12.6,0.205,12.8,0.131,1.22
2026-10-09,W1548,52.52748,10.46955,5.4,10.0,10.2,0.207,11.0,0.14,0.85
2026-10-10,W1548,52.52748,10.46955,5.1,11.6,12.1,0.229,11.5,0.149,1.39
2026-10-11,W1548,52.52748,10.46955,2.55,11.0,10.5,0.212,11.0,0.158,1.72
2026-10-12,W1548,52.52748,10.46955,10.2,10.1,10.0,0.2,10.3,0.161,1.0
2026-10-06,W0505,52.5185,10.5135,0.0,14.5,13.6,0.218,12.9,0.184,1.55
2026-10-07,W0505,52.5185,10.5135,0.0,15.4,14.0,0.207,13.4,0.184,2.12
2026-10-08,W0505,52.5185,10.5135,8.1,12.7,13.1,0.264,13.8,0.185,1.23
2026-10-09,W0505,52.5185,10.5135,5.4,10.0,10.7,0.275,12.0,0.189,0.85
2026-10-10,W0505,52.5185,10.5135,5.1,11.7,12.5,0.282,12.2,0.193,1.39
2026-10-11,W0505,52.5185,10.5135,2.55,11.1,10.9,0.27,11.8,0.197,1.73
2026-10-12,W0505,52.5185,10.5135,10.2,10.2,10.6,0.259,11.2,0.199,1.0
2026-10-06,W0506,52.5185,10.5431,0.0,14.5,13.2,0.149,12.5,0.11,1.55
2026-10-07,W0506,52.5185,10.5431,0.0,15.4,13.6,0.139,13.0,0.11,2.12
2026-10-08,W0506,52.5185,10.5431,8.03,12.7,12.9,0.185,13.4,0.111,1.23
2026-10-09,W0506,52.5185,10.5431,5.3,10.0,10.5,0.192,11.6,0.116,0.84
2026-10-10,W0506,52.5185,10.5431,4.8,11.7,12.4,0.206,12.0,0.121,1.4
2026-10-11,W0506,52.5185,10.5431,2.4,11.1,10.7,0.194,11.5,0.126,1.73
2026-10-12,W0506,52.5185,10.5431,10.2,10.2,10.2,0.184,10.8,0.129,1.0
2026-10-06,W0507,52.5185,10.5726,0.0,14.3,13.2,0.149,12.5,0.11,1.5
2026-10-07,W0507,52.5185,10.5726,0.0,15.1,13.6,0.139,13.0,0.11,2.05
2026-10-08,W0507,52.5185,10.5726,7.2,12.3,12.9,0.185,13.4,0.111,1.2
2026-10-09,W0507,52.5185,10.5726,5.3,9.9,10.5,0.192,11.6,0.116,0.84
2026-10-10,W0507,52.5185,10.5726,4.8,11.6,12.4,0.206,12.0,0.121,1.4
2026-10-11,W0507,52.5185,10.5726,1.95,11.1,10.7,0.194,11.5,0.126,1.84
2026-10-12,W0507,52.5185,10.5726,9.0,10.2,10.2,0.184,10.8,0.129,1.0
2026-10-06,W0508,52.5185,10.6021,0.0,14.3,13.2,0.149,12.5,0.11,1.52
2026-10-07,W0508,52.5185,10.6021,0.0,15.4,13.6,0.139,13.0,0.11,2.09
2026-10-08,W0508,52.5185,10.6021,7.58,12.3,12.9,0.185,13.4,0.111,1.18
2026-10-09,W0508,52.5185,10.6021,4.4,10.0,10.5,0.192,11.6,0.116,0.83
2026-10-10,W0508,52.5185,10.6021,4.5,11.6,12.4,0.206,12.0,0.121,1.4
2026-10-11,W0508,52.5185,10.6021,1.95,11.2,10.7,0.194,11.5,0.126,1.85
2026-10-12,W0508,52.5185,10.6021,9.0,10.3,10.2,0.184,10.8,0.129,1.01
2026-10-06,W0509,52.5185,10.6317,0.0,14.2,13.2,0.149,12.5,0.11,1.51
2026-10-07,W0509,52.5185,10.6317,0.0,15.3,13.6,0.139,13.0,0.11,2.09
2026-10-08,W0509,52.5185,10.6317,6.05,12.4,12.9,0.185,13.4,0.111,1.17
2026-10-09,W0509,52.5185,10.6317,4.4,10.0,10.5,0.192,11.6,0.116,0.83
2026-10-10,W0509,52.5185,10.6317,4.5,11.6,12.4,0.206,12.0,0.121,1.4
2026-10-11,W0509,52.5185,10.6317,1.95,11.2,10.7,0.194,11.5,0.126,1.85
2026-10-12,W0509,52.5185,10.6317,9.0,10.3,10.2,0.184,10.8,0.129,1.01
2026-10-06,W0510,52.5185,10.6612,0.0,14.1,13.3,0.214,12.6,0.178,1.5
2026-10-07,W0510,52.5185,10.6612,0.0,15.0,13.6,0.205,13.1,0.178,2.04
2026-10-08,W0510,52.5185,10.6612,5.65,12.2,13.1,0.279,13.5,0.18,1.16
2026-10-09,W0510,52.5185,10.6612,4.0,9.8,10.7,0.286,11.9,0.187,0.84
2026-10-10,W0510,52.5185,10.6612,4.2,11.5,12.4,0.295,12.1,0.192,1.41
2026-10-11,W0510,52.5185,10.6612,1.95,11.1,10.9,0.283,11.7,0.197,1.84
2026-10-12,W0510,52.5185,10.6612,9.0,10.1,10.4,0.268,11.1,0.2,1.0
2026-10-06,W0511,52.5185,10.6908,0.0,14.0,13.3,0.214,12.6,0.178,1.5
2026-10-07,W0511,52.5185,10.6908,0.0,15.0,13.6,0.205,13.1,0.178,2.06
2026-10-08,W0511,52.5185,10.6908,6.0,12.2,13.1,0.279,13.5,0.18,1.16
2026-10-09,W0511,52.5185,10.6908,4.0,9.8,10.7,0.286,11.9,0.187,0.84
2026-10-10,W0511,52.5185,10.6908,4.2,11.4,12.4,0.295,12.1,0.192,1.41
2026-10-11,W0511,52.5185,10.6908,1.95,11.0,10.9,0.283,11.7,0.197,1.84
2026-10-12,W0511,52.5185,10.6908,9.0,10.1,10.4,0.268,11.1,0.2,1.0
2026-10-06,W0512,52.5185,10.7203,0.0,14.0,13.1,0.142,12.1,0.086,1.51
2026-10-07,W0512,52.5185,10.7203,0.0,15.0,13.4,0.132,12.6,0.086,2.05
2026-10-08,W0512,52.5185,10.7203,7.78,12.3,12.9,0.211,13.2,0.094,1.18
2026-10-09,W0512,52.5185,10.7203,3.6,9.8,10.5,0.201,11.5,0.108,0.89
2026-10-10,W0512,52.5185,10.7203,3.6,11.4,12.3,0.202,11.7,0.114,1.48
2026-10-11,W0512,52.5185,10.7203,1.95,11.0,10.6,0.189,11.3,0.119,1.85
2026-10-12,W0512,52.5185,10.7203,9.0,10.1,10.1,0.181,10.6,0.122,1.0
2026-10-06,W0513,52.5185,10.7498,0.0,14.2,13.1,0.142,12.1,0.086,1.54
2026-10-07,W0513,52.5185,10.7498,0.0,15.1,13.4,0.132,12.6,0.086,2.07
2026-10-08,W0513,52.5185,10.7498,8.63,12.3,12.9,0.211,13.2,0.094,1.18
2026-10-09,W0513,52.5185,10.7498,3.6,9.8,10.5,0.201,11.5,0.108,0.89
2026-10-10,W0513,52.5185,10.7498,3.6,11.5,12.3,0.202,11.7,0.114,1.48
2026-10-11,W0513,52.5185,10.7498,1.95,11.1,10.6,0.189,11.3,0.119,1.86
2026-10-12,W0513,52.5185,10.7498,9.0,10.1,10.1,0.181,10.6,0.122,1.0
2026-10-06,W0514,52.5185,10.7794,0.0,14.1,13.1,0.142,12.1,0.086,1.55
2026-10-07,W0514,52.5185,10.7794,0.0,14.5,13.4,0.132,12.6,0.086,2.05
2026-10-08,W0514,52.5185,10.7794,10.0,12.2,12.9,0.211,13.2,0.094,1.18
2026-10-09,W0514,52.5185,10.7794,3.6,9.8,10.5,0.201,11.5,0.108,0.89
2026-10-10,W0514,52.5185,10.7794,3.6,11.5,12.3,0.202,11.7,0.114,1.48
2026-10-11,W0514,52.5185,10.7794,1.95,11.1,10.6,0.189,11.3,0.119,1.86
2026-10-12,W0514,52.5185,10.7794,9.0,10.1,10.1,0.181,10.6,0.122,1.0
2026-10-06,W1549,52.52748,10.79476,0.0,14.2,13.1,0.142,12.1,0.086,1.55
2026-10-07,W1549,52.52748,10.79476,0.0,14.7,13.4,0.132,12.6,0.086,2.06
2026-10-08,W1549,52.52748,10.79476,10.0,12.3,12.9,0.211,13.2,0.094,1.19
2026-10-09,W1549,52.52748,10.79476,3.2,9.9,10.5,0.201,11.5,0.108,0.91
2026-10-10,W1549,52.52748,10.79476,3.3,11.6,12.3,0.202,11.7,0.114,1.53
2026-10-11,W1549,52.52748,10.79476,1.8,11.2,10.6,0.189,11.3,0.119,1.87
2026-10-12,W1549,52.52748,10.79476,9.0,10.2,10.1,0.181,10.6,0.122,1.01
2026-10-06,W0515,52.5185,10.8384,0.0,13.8,13.9,0.207,13.3,0.154,1.52
2026-10-07,W0515,52.5185,10.8384,0.0,14.7,13.9,0.196,13.6,0.154,2.04
2026-10-08,W0515,52.5185,10.8384,8.33,12.3,13.4,0.246,14.0,0.155,1.19
2026-10-09,W0515,52.5185,10.8384,3.2,9.8,10.9,0.255,12.3,0.159,0.91
2026-10-10,W0515,52.5185,10.8384,3.3,11.5,12.5,0.268,12.4,0.162,1.52
2026-10-11,W0515,52.5185,10.8384,1.35,11.2,11.1,0.258,12.0,0.166,1.91
2026-10-12,W0515,52.5185,10.8384,9.3,10.2,10.6,0.244,11.4,0.168,1.05
2026-10-06,W0516,52.5185,10.868,0.0,13.8,13.6,0.216,12.9,0.148,1.52
2026-10-07,W0516,52.5185,10.868,0.0,14.7,13.7,0.203,13.2,0.149,2.05
2026-10-08,W0516,52.5185,10.868,8.25,12.4,13.2,0.25,13.6,0.151,1.2
2026-10-09,W0516,52.5185,10.868,2.9,9.9,10.8,0.257,12.0,0.155,0.92
2026-10-10,W0516,52.5185,10.868,2.7,11.5,12.5,0.26,12.1,0.158,1.52
2026-10-11,W0516,52.5185,10.868,1.35,11.2,10.9,0.252,11.8,0.161,1.91
2026-10-12,W0516,52.5185,10.868,9.3,10.3,10.5,0.243,11.1,0.164,1.05
2026-10-06,W0517,52.5185,10.8975,0.0,13.8,13.6,0.216,12.9,0.148,1.52
2026-10-07,W0517,52.5185,10.8975,0.0,14.6,13.7,0.203,13.2,0.149,2.03
2026-10-08,W0517,52.5185,10.8975,7.5,12.4,13.2,0.25,13.6,0.151,1.2
2026-10-09,W0517,52.5185,10.8975,2.9,9.9,10.8,0.257,12.0,0.155,0.92
2026-10-10,W0517,52.5185,10.8975,2.7,11.6,12.5,0.26,12.1,0.158,1.53
2026-10-11,W0517,52.5185,10.8975,1.35,11.2,10.9,0.252,11.8,0.161,1.92
2026-10-12,W0517,52.5185,10.8975,9.3,10.3,10.5,0.243,11.1,0.164,1.05
2026-10-06,W0518,52.5185,10.9271,0.0,13.7,13.6,0.216,12.9,0.148,1.52
2026-10-07,W0518,52.5185,10.9271,0.0,14.2,13.7,0.203,13.2,0.149,2.01
2026-10-08,W0518,52.5185,10.9271,7.83,12.3,13.2,0.25,13.6,0.151,1.21
2026-10-09,W0518,52.5185,10.9271,2.8,9.9,10.8,0.257,12.0,0.155,0.93
2026-10-10,W0518,52.5185,10.9271,2.4,11.6,12.5,0.26,12.1,0.158,1.53
2026-10-11,W0518,52.5185,10.9271,1.35,11.2,10.9,0.252,11.8,0.161,1.9
2026-10-12,W0518,52.5185,10.9271,9.3,10.3,10.5,0.243,11.1,0.164,1.05
2026-10-06,W0519,52.5185,10.9566,0.0,13.7,13.6,0.216,12.9,0.148,1.53
2026-10-07,W0519,52.5185,10.9566,0.0,14.1,13.7,0.203,13.2,0.149,2.04
2026-10-08,W0519,52.5185,10.9566,8.0,12.2,13.2,0.25,13.6,0.151,1.21
2026-10-09,W0519,52.5185,10.9566,2.8,10.0,10.8,0.257,12.0,0.155,0.94
2026-10-10,W0519,52.5185,10.9566,2.4,11.6,12.5,0.26,12.1,0.158,1.53
2026-10-11,W0519,52.5185,10.9566,1.05,11.3,10.9,0.252,11.8,0.161,1.92
2026-10-12,W0519,52.5185,10.9566,8.1,10.2,10.5,0.243,11.1,0.164,1.02
2026-10-06,W0520,52.5185,10.9861,0.0,13.8,13.3,0.263,12.9,0.239,1.54
2026-10-07,W0520,52.5185,10.9861,0.0,14.2,13.2,0.253,13.1,0.238,2.05
2026-10-08,W0520,52.5185,10.9861,8.18,12.4,13.1,0.294,13.5,0.238,1.24
2026-10-09,W0520,52.5185,10.9861,2.6,10.1,10.8,0.3,12.0,0.242,0.97
2026-10-10,W0520,52.5185,10.9861,2.1,11.7,12.4,0.321,12.2,0.247,1.57
2026-10-11,W0520,52.5185,10.9861,1.05,11.3,11.0,0.305,11.8,0.251,1.94
2026-10-12,W0520,52.5185,10.9861,8.1,10.3,10.5,0.29,11.2,0.252,1.03
2026-10-06,W0521,52.5185,11.0157,0.0,13.8,13.3,0.263,12.9,0.239,1.56
2026-10-07,W0521,52.5185,11.0157,0.0,14.3,13.2,0.253,13.1,0.238,2.09
2026-10-08,W0521,52.5185,11.0157,8.63,12.6,13.1,0.294,13.5,0.238,1.25
2026-10-09,W0521,52.5185,11.0157,2.6,10.1,10.8,0.3,12.0,0.242,0.97
2026-10-10,W0521,52.5185,11.0157,2.1,11.7,12.4,0.321,12.2,0.247,1.57
2026-10-11,W0521,52.5185,11.0157,1.05,11.3,11.0,0.305,11.8,0.251,1.94
2026-10-12,W0521,52.5185,11.0157,8.1,10.3,10.5,0.29,11.2,0.252,1.03
2026-10-06,W1550,52.52748,11.03127,0.0,13.8,13.6,0.236,13.0,0.203,1.56
2026-10-07,W1550,52.52748,11.03127,0.0,14.3,13.5,0.225,13.3,0.203,2.09
2026-10-08,W1550,52.52748,11.03127,8.58,12.6,13.1,0.268,13.6,0.203,1.27
2026-10-09,W1550,52.52748,11.03127,2.5,10.2,10.7,0.277,12.0,0.207,1.03
2026-10-10,W1550,52.52748,11.03127,2.4,11.8,12.3,0.304,12.1,0.211,1.61
2026-10-11,W1550,52.52748,11.03127,0.9,11.3,10.8,0.289,11.7,0.216,1.95
2026-10-12,W1550,52.52748,11.03127,8.1,10.3,10.3,0.276,11.1,0.219,1.03
2026-10-06,W1551,52.52748,11.06084,0.0,13.7,13.6,0.236,13.0,0.203,1.55
2026-10-07,W1551,52.52748,11.06084,0.0,14.3,13.5,0.225,13.3,0.203,2.1
2026-10-08,W1551,52.52748,11.06084,8.4,12.5,13.1,0.268,13.6,0.203,1.26
2026-10-09,W1551,52.52748,11.06084,2.5,10.2,10.7,0.277,12.0,0.207,1.03
2026-10-10,W1551,52.52748,11.06084,2.4,11.8,12.3,0.304,12.1,0.211,1.61
2026-10-11,W1551,52.52748,11.06084,0.9,11.3,10.8,0.289,11.7,0.216,1.95
2026-10-12,W1551,52.52748,11.06084,8.1,10.3,10.3,0.276,11.1,0.219,1.03
2026-10-06,W1552,52.52748,11.0904,0.0,13.5,13.6,0.236,13.0,0.203,1.55
2026-10-07,W1552,52.52748,11.0904,0.0,14.4,13.5,0.225,13.3,0.203,2.08
2026-10-08,W1552,52.52748,11.0904,6.4,12.5,13.1,0.268,13.6,0.203,1.26
2026-10-09,W1552,52.52748,11.0904,2.5,10.2,10.7,0.277,12.0,0.207,1.03
2026-10-10,W1552,52.52748,11.0904,2.4,11.8,12.3,0.304,12.1,0.211,1.61
2026-10-11,W1552,52.52748,11.0904,0.9,11.3,10.8,0.289,11.7,0.216,1.95
2026-10-12,W1552,52.52748,11.0904,8.1,10.3,10.3,0.276,11.1,0.219,1.03
2026-10-06,W1553,52.52748,11.11997,0.0,13.5,13.6,0.236,13.0,0.203,1.54
2026-10-07,W1553,52.52748,11.11997,0.0,14.4,13.5,0.225,13.3,0.203,2.08
2026-10-08,W1553,52.52748,11.11997,6.45,12.4,13.1,0.268,13.6,0.203,1.23
2026-10-09,W1553,52.52748,11.11997,2.8,10.2,10.7,0.277,12.0,0.207,1.03
2026-10-10,W1553,52.52748,11.11997,2.7,11.7,12.3,0.304,12.1,0.211,1.61
2026-10-11,W1553,52.52748,11.11997,0.9,11.3,10.8,0.289,11.7,0.216,1.95
2026-10-12,W1553,52.52748,11.11997,8.1,10.3,10.3,0.276,11.1,0.219,1.03
2026-10-06,W1554,52.52748,11.14953,0.0,13.4,13.6,0.232,13.1,0.202,1.54
2026-10-07,W1554,52.52748,11.14953,0.0,14.6,13.5,0.222,13.2,0.202,2.1
2026-10-08,W1554,52.52748,11.14953,5.77,12.5,13.3,0.264,13.6,0.202,1.23
2026-10-09,W1554,52.52748,11.14953,2.8,10.2,10.9,0.273,12.1,0.205,1.02
2026-10-10,W1554,52.52748,11.14953,2.7,11.7,12.5,0.288,12.2,0.208,1.61
2026-10-11,W1554,52.52748,11.14953,0.9,11.3,11.1,0.276,11.9,0.211,1.94
2026-10-12,W1554,52.52748,11.14953,8.1,10.3,10.6,0.262,11.3,0.213,1.03
2026-10-06,W0523,52.5365,10.1295,0.0,14.9,13.5,0.178,12.7,0.154,1.45
2026-10-07,W0523,52.5365,10.1295,0.0,15.9,13.2,0.165,12.9,0.152,2.02
2026-10-08,W0523,52.5365,10.1295,12.53,12.8,12.9,0.229,13.3,0.159,1.24
2026-10-09,W0523,52.5365,10.1295,7.8,10.3,10.4,0.222,11.4,0.172,0.81
2026-10-10,W0523,52.5365,10.1295,5.7,11.8,12.3,0.245,11.8,0.184,1.42
2026-10-11,W0523,52.5365,10.1295,2.4,11.1,10.7,0.222,11.3,0.19,1.69
2026-10-12,W0523,52.5365,10.1295,10.5,10.4,10.3,0.212,10.7,0.19,1.02
2026-10-06,W1555,52.5455,10.14435,0.0,15.0,12.9,0.165,11.9,0.134,1.46
2026-10-07,W1555,52.5455,10.14435,0.0,15.9,13.1,0.153,12.5,0.133,2.05
2026-10-08,W1555,52.5455,10.14435,12.58,12.7,12.6,0.196,12.9,0.134,1.22
2026-10-09,W1555,52.5455,10.14435,7.8,10.3,10.2,0.201,11.1,0.139,0.81
2026-10-10,W1555,52.5455,10.14435,5.7,11.8,12.2,0.214,11.6,0.145,1.42
2026-10-11,W1555,52.5455,10.14435,2.4,11.1,10.5,0.2,11.1,0.149,1.69
2026-10-12,W1555,52.5455,10.14435,10.5,10.4,10.1,0.189,10.4,0.151,1.02
2026-10-06,W1556,52.5455,10.17391,0.0,14.9,12.9,0.165,11.9,0.134,1.44
2026-10-07,W1556,52.5455,10.17391,0.0,15.8,13.1,0.153,12.5,0.133,2.04
2026-10-08,W1556,52.5455,10.17391,11.4,12.6,12.6,0.196,12.9,0.134,1.23
2026-10-09,W1556,52.5455,10.17391,7.5,10.3,10.2,0.201,11.1,0.139,0.83
2026-10-10,W1556,52.5455,10.17391,5.4,11.8,12.2,0.214,11.6,0.145,1.45
2026-10-11,W1556,52.5455,10.17391,2.55,11.1,10.5,0.2,11.1,0.149,1.69
2026-10-12,W1556,52.5455,10.17391,10.5,10.4,10.1,0.189,10.4,0.151,1.02
2026-10-06,W0524,52.5365,10.2182,0.0,14.7,12.9,0.165,11.9,0.134,1.46
2026-10-07,W0524,52.5365,10.2182,0.0,15.8,13.1,0.153,12.5,0.133,2.06
2026-10-08,W0524,52.5365,10.2182,10.73,12.7,12.6,0.196,12.9,0.134,1.24
2026-10-09,W0524,52.5365,10.2182,7.5,10.3,10.2,0.201,11.1,0.139,0.83
2026-10-10,W0524,52.5365,10.2182,5.4,11.8,12.2,0.214,11.6,0.145,1.45
2026-10-11,W0524,52.5365,10.2182,2.4,11.2,10.5,0.2,11.1,0.149,1.8
2026-10-12,W0524,52.5365,10.2182,9.6,10.5,10.1,0.189,10.4,0.151,1.09
2026-10-06,W0525,52.5365,10.2477,0.0,14.5,12.9,0.165,11.9,0.134,1.45
2026-10-07,W0525,52.5365,10.2477,0.0,15.6,13.1,0.153,12.5,0.133,2.05
2026-10-08,W0525,52.5365,10.2477,10.85,12.6,12.6,0.196,12.9,0.134,1.28
2026-10-09,W0525,52.5365,10.2477,6.3,10.1,10.2,0.201,11.1,0.139,0.86
2026-10-10,W0525,52.5365,10.2477,5.4,11.7,12.2,0.214,11.6,0.145,1.48
2026-10-11,W0525,52.5365,10.2477,2.25,11.1,10.5,0.2,11.1,0.149,1.8
2026-10-12,W0525,52.5365,10.2477,9.6,10.4,10.1,0.189,10.4,0.151,1.09
2026-10-06,W0526,52.5365,10.2772,0.0,14.6,12.9,0.165,11.9,0.134,1.44
2026-10-07,W0526,52.5365,10.2772,0.0,15.7,13.1,0.153,12.5,0.133,2.12
2026-10-08,W0526,52.5365,10.2772,10.55,12.7,12.6,0.196,12.9,0.134,1.3
2026-10-09,W0526,52.5365,10.2772,6.3,10.2,10.2,0.201,11.1,0.139,0.86
2026-10-10,W0526,52.5365,10.2772,5.4,11.8,12.2,0.214,11.6,0.145,1.48
2026-10-11,W0526,52.5365,10.2772,2.25,11.1,10.5,0.2,11.1,0.149,1.8
2026-10-12,W0526,52.5365,10.2772,9.6,10.4,10.1,0.189,10.4,0.151,1.09
2026-10-06,W0527,52.5365,10.3068,0.0,14.6,12.9,0.165,11.9,0.134,1.44
2026-10-07,W0527,52.5365,10.3068,0.0,15.7,13.1,0.153,12.5,0.133,2.12
2026-10-08,W0527,52.5365,10.3068,10.57,12.7,12.6,0.196,12.9,0.134,1.34
2026-10-09,W0527,52.5365,10.3068,5.6,10.1,10.2,0.201,11.1,0.139,0.87
2026-10-10,W0527,52.5365,10.3068,5.4,11.8,12.2,0.214,11.6,0.145,1.52
2026-10-11,W0527,52.5365,10.3068,2.4,11.1,10.5,0.2,11.1,0.149,1.81
2026-10-12,W0527,52.5365,10.3068,9.6,10.4,10.1,0.189,10.4,0.151,1.09
2026-10-06,W0547,52.5545,10.3363,0.0,14.3,12.9,0.162,11.8,0.129,1.47
2026-10-07,W0547,52.5545,10.3363,0.0,15.5,13.1,0.151,12.3,0.128,2.09
2026-10-08,W0547,52.5545,10.3363,10.63,12.5,12.6,0.205,12.8,0.131,1.32
2026-10-09,W0547,52.5545,10.3363,5.6,10.0,10.2,0.207,11.0,0.14,0.87
2026-10-10,W0547,52.5545,10.3363,5.4,11.7,12.1,0.229,11.5,0.149,1.52
2026-10-11,W0547,52.5545,10.3363,2.85,11.0,10.5,0.212,11.0,0.158,1.76
2026-10-12,W0547,52.5545,10.3363,10.2,10.2,10.0,0.2,10.3,0.161,1.0
2026-10-06,W1557,52.5455,10.3513,0.0,14.6,12.9,0.162,11.8,0.129,1.48
2026-10-07,W1557,52.5455,10.3513,0.0,15.7,13.1,0.151,12.3,0.128,2.13
2026-10-08,W1557,52.5455,10.3513,10.15,12.7,12.6,0.205,12.8,0.131,1.28
2026-10-09,W1557,52.5455,10.3513,5.4,10.1,10.2,0.207,11.0,0.14,0.81
2026-10-10,W1557,52.5455,10.3513,5.1,11.7,12.1,0.229,11.5,0.149,1.43
2026-10-11,W1557,52.5455,10.3513,2.85,11.1,10.5,0.212,11.0,0.158,1.75
2026-10-12,W1557,52.5455,10.3513,10.2,10.3,10.0,0.2,10.3,0.161,1.01
2026-10-06,W0548,52.5545,10.3954,0.0,14.2,12.9,0.162,11.8,0.129,1.47
2026-10-07,W0548,52.5545,10.3954,0.0,15.6,13.1,0.151,12.3,0.128,2.07
2026-10-08,W0548,52.5545,10.3954,9.1,12.5,12.6,0.205,12.8,0.131,1.27
2026-10-09,W0548,52.5545,10.3954,5.4,10.1,10.2,0.207,11.0,0.14,0.81
2026-10-10,W0548,52.5545,10.3954,5.1,11.7,12.1,0.229,11.5,0.149,1.43
2026-10-11,W0548,52.5545,10.3954,2.85,11.1,10.5,0.212,11.0,0.158,1.75
2026-10-12,W0548,52.5545,10.3954,10.2,10.3,10.0,0.2,10.3,0.161,1.01
2026-10-06,W0549,52.5545,10.4249,0.0,14.2,12.9,0.162,11.8,0.129,1.47
2026-10-07,W0549,52.5545,10.4249,0.0,15.6,13.1,0.151,12.3,0.128,2.07
2026-10-08,W0549,52.5545,10.4249,8.95,12.4,12.6,0.205,12.8,0.131,1.21
2026-10-09,W0549,52.5545,10.4249,4.8,10.1,10.2,0.207,11.0,0.14,0.75
2026-10-10,W0549,52.5545,10.4249,5.1,11.7,12.1,0.229,11.5,0.149,1.34
2026-10-11,W0549,52.5545,10.4249,2.7,11.1,10.5,0.212,11.0,0.158,1.73
2026-10-12,W0549,52.5545,10.4249,10.2,10.3,10.0,0.2,10.3,0.161,1.0
2026-10-06,W0528,52.5365,10.4545,0.0,14.3,12.9,0.162,11.8,0.129,1.48
2026-10-07,W0528,52.5365,10.4545,0.0,15.4,13.1,0.151,12.3,0.128,2.06
2026-10-08,W0528,52.5365,10.4545,7.35,12.5,12.6,0.205,12.8,0.131,1.22
2026-10-09,W0528,52.5365,10.4545,4.8,10.0,10.2,0.207,11.0,0.14,0.75
2026-10-10,W0528,52.5365,10.4545,5.1,11.6,12.1,0.229,11.5,0.149,1.34
2026-10-11,W0528,52.5365,10.4545,2.7,11.1,10.5,0.212,11.0,0.158,1.73
2026-10-12,W0528,52.5365,10.4545,10.2,10.2,10.0,0.2,10.3,0.161,1.0
2026-10-06,W0529,52.5365,10.484,0.0,14.3,13.2,0.149,12.5,0.11,1.54
2026-10-07,W0529,52.5365,10.484,0.0,15.4,13.6,0.139,13.0,0.11,2.07
2026-10-08,W0529,52.5365,10.484,7.65,12.5,12.9,0.185,13.4,0.111,1.2
2026-10-09,W0529,52.5365,10.484,4.4,10.0,10.5,0.192,11.6,0.116,0.77
2026-10-10,W0529,52.5365,10.484,5.1,11.6,12.4,0.206,12.0,0.121,1.33
2026-10-11,W0529,52.5365,10.484,2.7,11.0,10.7,0.194,11.5,0.126,1.72
2026-10-12,W0529,52.5365,10.484,10.2,10.2,10.2,0.184,10.8,0.129,1.0
2026-10-06,W0530,52.5365,10.5135,0.0,14.3,13.2,0.149,12.5,0.11,1.54
2026-10-07,W0530,52.5365,10.5135,0.0,15.2,13.6,0.139,13.0,0.11,2.05
2026-10-08,W0530,52.5365,10.5135,7.93,12.4,12.9,0.185,13.4,0.111,1.19
2026-10-09,W0530,52.5365,10.5135,4.4,10.0,10.5,0.192,11.6,0.116,0.77
2026-10-10,W0530,52.5365,10.5135,5.1,11.6,12.4,0.206,12.0,0.121,1.33
2026-10-11,W0530,52.5365,10.5135,2.7,11.0,10.7,0.194,11.5,0.126,1.71
2026-10-12,W0530,52.5365,10.5135,10.2,10.2,10.2,0.184,10.8,0.129,1.0
2026-10-06,W0531,52.5365,10.5431,0.0,14.5,13.2,0.149,12.5,0.11,1.56
2026-10-07,W0531,52.5365,10.5431,0.0,15.4,13.6,0.139,13.0,0.11,2.09
2026-10-08,W0531,52.5365,10.5431,8.3,12.5,12.9,0.185,13.4,0.111,1.19
2026-10-09,W0531,52.5365,10.5431,3.9,10.0,10.5,0.192,11.6,0.116,0.8
2026-10-10,W0531,52.5365,10.5431,4.8,11.6,12.4,0.206,12.0,0.121,1.33
2026-10-11,W0531,52.5365,10.5431,2.55,11.1,10.7,0.194,11.5,0.126,1.73
2026-10-12,W0531,52.5365,10.5431,10.2,10.2,10.2,0.184,10.8,0.129,1.0
2026-10-06,W0532,52.5365,10.5726,0.0,14.3,13.2,0.149,12.5,0.11,1.52
2026-10-07,W0532,52.5365,10.5726,0.0,15.2,13.6,0.139,13.0,0.11,2.06
2026-10-08,W0532,52.5365,10.5726,7.93,12.2,12.9,0.185,13.4,0.111,1.18
2026-10-09,W0532,52.5365,10.5726,3.9,10.0,10.5,0.192,11.6,0.116,0.8
2026-10-10,W0532,52.5365,10.5726,4.8,11.6,12.4,0.206,12.0,0.121,1.33
2026-10-11,W0532,52.5365,10.5726,2.1,11.2,10.7,0.194,11.5,0.126,1.84
2026-10-12,W0532,52.5365,10.5726,9.0,10.3,10.2,0.184,10.8,0.129,1.01
2026-10-06,W0533,52.5365,10.6021,0.0,14.2,13.2,0.149,12.5,0.11,1.52
2026-10-07,W0533,52.5365,10.6021,0.0,15.3,13.6,0.139,13.0,0.11,2.09
2026-10-08,W0533,52.5365,10.6021,7.53,12.2,12.9,0.185,13.4,0.111,1.15
2026-10-09,W0533,52.5365,10.6021,3.7,9.9,10.5,0.192,11.6,0.116,0.79
2026-10-10,W0533,52.5365,10.6021,4.8,11.5,12.4,0.206,12.0,0.121,1.31
2026-10-11,W0533,52.5365,10.6021,2.1,11.2,10.7,0.194,11.5,0.126,1.84
2026-10-12,W0533,52.5365,10.6021,9.0,10.3,10.2,0.184,10.8,0.129,1.01
2026-10-06,W0534,52.5365,10.6317,0.0,14.3,13.2,0.149,12.5,0.11,1.5
2026-10-07,W0534,52.5365,10.6317,0.0,15.4,13.6,0.139,13.0,0.11,2.05
2026-10-08,W0534,52.5365,10.6317,5.78,12.3,12.9,0.185,13.4,0.111,1.14
2026-10-09,W0534,52.5365,10.6317,3.7,9.9,10.5,0.192,11.6,0.116,0.79
2026-10-10,W0534,52.5365,10.6317,4.8,11.5,12.4,0.206,12.0,0.121,1.31
2026-10-11,W0534,52.5365,10.6317,2.1,11.2,10.7,0.194,11.5,0.126,1.84
2026-10-12,W0534,52.5365,10.6317,9.0,10.2,10.2,0.184,10.8,0.129,1.01
2026-10-06,W0535,52.5365,10.6612,0.0,14.1,13.1,0.142,12.1,0.086,1.48
2026-10-07,W0535,52.5365,10.6612,0.0,15.2,13.4,0.132,12.6,0.086,2.04
2026-10-08,W0535,52.5365,10.6612,6.2,12.1,12.9,0.211,13.2,0.094,1.1
2026-10-09,W0535,52.5365,10.6612,3.3,9.8,10.5,0.201,11.5,0.108,0.77
2026-10-10,W0535,52.5365,10.6612,4.5,11.4,12.3,0.202,11.7,0.114,1.26
2026-10-11,W0535,52.5365,10.6612,1.95,11.1,10.6,0.189,11.3,0.119,1.82
2026-10-12,W0535,52.5365,10.6612,9.0,10.1,10.1,0.181,10.6,0.122,1.0
2026-10-06,W0536,52.5365,10.6908,0.0,14.2,13.1,0.142,12.1,0.086,1.49
2026-10-07,W0536,52.5365,10.6908,0.0,14.9,13.4,0.132,12.6,0.086,2.07
2026-10-08,W0536,52.5365,10.6908,5.65,12.0,12.9,0.211,13.2,0.094,1.11
2026-10-09,W0536,52.5365,10.6908,3.3,9.8,10.5,0.201,11.5,0.108,0.77
2026-10-10,W0536,52.5365,10.6908,4.5,11.4,12.3,0.202,11.7,0.114,1.26
2026-10-11,W0536,52.5365,10.6908,1.95,11.1,10.6,0.189,11.3,0.119,1.82
2026-10-12,W0536,52.5365,10.6908,9.0,10.1,10.1,0.181,10.6,0.122,1.0
2026-10-06,W0537,52.5365,10.7203,0.0,14.2,13.1,0.142,12.1,0.086,1.49
2026-10-07,W0537,52.5365,10.7203,0.0,14.9,13.4,0.132,12.6,0.086,2.08
2026-10-08,W0537,52.5365,10.7203,5.68,12.1,12.9,0.211,13.2,0.094,1.1
2026-10-09,W0537,52.5365,10.7203,2.5,9.8,10.5,0.201,11.5,0.108,0.78
2026-10-10,W0537,52.5365,10.7203,3.9,11.4,12.3,0.202,11.7,0.114,1.28
2026-10-11,W0537,52.5365,10.7203,1.95,11.1,10.6,0.189,11.3,0.119,1.83
2026-10-12,W0537,52.5365,10.7203,9.0,10.2,10.1,0.181,10.6,0.122,1.0
2026-10-06,W0538,52.5365,10.7498,0.0,13.8,13.1,0.142,12.1,0.086,1.52
2026-10-07,W0538,52.5365,10.7498,0.0,14.5,13.4,0.132,12.6,0.086,2.02
2026-10-08,W0538,52.5365,10.7498,7.88,11.9,12.9,0.211,13.2,0.094,1.1
2026-10-09,W0538,52.5365,10.7498,2.5,9.7,10.5,0.201,11.5,0.108,0.78
2026-10-10,W0538,52.5365,10.7498,3.9,11.3,12.3,0.202,11.7,0.114,1.28
2026-10-11,W0538,52.5365,10.7498,1.95,11.0,10.6,0.189,11.3,0.119,1.82
2026-10-12,W0538,52.5365,10.7498,9.0,10.0,10.1,0.181,10.6,0.122,1.0
2026-10-06,W0539,52.5365,10.7794,0.0,13.9,13.1,0.142,12.1,0.086,1.55
2026-10-07,W0539,52.5365,10.7794,0.0,14.5,13.4,0.132,12.6,0.086,2.02
2026-10-08,W0539,52.5365,10.7794,8.73,12.0,12.9,0.211,13.2,0.094,1.1
2026-10-09,W0539,52.5365,10.7794,2.5,9.9,10.5,0.201,11.5,0.108,0.78
2026-10-10,W0539,52.5365,10.7794,3.9,11.4,12.3,0.202,11.7,0.114,1.29
2026-10-11,W0539,52.5365,10.7794,1.95,11.1,10.6,0.189,11.3,0.119,1.83
2026-10-12,W0539,52.5365,10.7794,9.0,10.2,10.1,0.181,10.6,0.122,1.01
2026-10-06,W0540,52.5365,10.8089,0.0,14.1,13.1,0.142,12.1,0.086,1.54
2026-10-07,W0540,52.5365,10.8089,0.0,14.6,13.4,0.132,12.6,0.086,2.06
2026-10-08,W0540,52.5365,10.8089,10.23,12.2,12.9,0.211,13.2,0.094,1.13
2026-10-09,W0540,52.5365,10.8089,2.5,9.9,10.5,0.201,11.5,0.108,0.82
2026-10-10,W0540,52.5365,10.8089,3.9,11.4,12.3,0.202,11.7,0.114,1.31
2026-10-11,W0540,52.5365,10.8089,1.95,11.2,10.6,0.189,11.3,0.119,1.84
2026-10-12,W0540,52.5365,10.8089,9.0,10.2,10.1,0.181,10.6,0.122,1.01
2026-10-06,W0562,52.5545,10.8384,0.0,13.7,13.6,0.216,12.9,0.148,1.53
2026-10-07,W0562,52.5545,10.8384,0.0,14.6,13.7,0.203,13.2,0.149,2.01
2026-10-08,W0562,52.5545,10.8384,10.23,12.0,13.2,0.25,13.6,0.151,1.12
2026-10-09,W0562,52.5545,10.8384,2.5,9.8,10.8,0.257,12.0,0.155,0.81
2026-10-10,W0562,52.5545,10.8384,3.9,11.3,12.5,0.26,12.1,0.158,1.31
2026-10-11,W0562,52.5545,10.8384,1.5,11.2,10.9,0.252,11.8,0.161,1.88
2026-10-12,W0562,52.5545,10.8384,9.3,10.3,10.5,0.243,11.1,0.164,1.05
2026-10-06,W0563,52.5545,10.868,0.0,13.7,13.6,0.216,12.9,0.148,1.53
2026-10-07,W0563,52.5545,10.868,0.0,14.6,13.7,0.203,13.2,0.149,2.02
2026-10-08,W0563,52.5545,10.868,10.05,12.0,13.2,0.25,13.6,0.151,1.18
2026-10-09,W0563,52.5545,10.868,2.1,9.8,10.8,0.257,12.0,0.155,0.87
2026-10-10,W0563,52.5545,10.868,3.3,11.4,12.5,0.26,12.1,0.158,1.38
2026-10-11,W0563,52.5545,10.868,1.5,11.1,10.9,0.252,11.8,0.161,1.89
2026-10-12,W0563,52.5545,10.868,9.3,10.2,10.5,0.243,11.1,0.164,1.05
2026-10-06,W0564,52.5545,10.8975,0.0,13.8,13.6,0.216,12.9,0.148,1.55
2026-10-07,W0564,52.5545,10.8975,0.0,14.8,13.7,0.203,13.2,0.149,2.06
2026-10-08,W0564,52.5545,10.8975,8.45,12.2,13.2,0.25,13.6,0.151,1.19
2026-10-09,W0564,52.5545,10.8975,2.1,9.9,10.8,0.257,12.0,0.155,0.87
2026-10-10,W0564,52.5545,10.8975,3.3,11.5,12.5,0.26,12.1,0.158,1.38
2026-10-11,W0564,52.5545,10.8975,1.5,11.2,10.9,0.252,11.8,0.161,1.9
2026-10-12,W0564,52.5545,10.8975,9.3,10.3,10.5,0.243,11.1,0.164,1.05
2026-10-06,W0541,52.5365,10.9271,0.0,13.9,13.6,0.216,12.9,0.148,1.53
2026-10-07,W0541,52.5365,10.9271,0.0,14.4,13.7,0.203,13.2,0.149,2.05
2026-10-08,W0541,52.5365,10.9271,7.77,12.4,13.2,0.25,13.6,0.151,1.24
2026-10-09,W0541,52.5365,10.9271,2.0,10.0,10.8,0.257,12.0,0.155,0.92
2026-10-10,W0541,52.5365,10.9271,2.7,11.6,12.5,0.26,12.1,0.158,1.46
2026-10-11,W0541,52.5365,10.9271,1.5,11.3,10.9,0.252,11.8,0.161,1.91
2026-10-12,W0541,52.5365,10.9271,9.3,10.4,10.5,0.243,11.1,0.164,1.05
2026-10-06,W0542,52.5365,10.9566,0.0,13.7,13.6,0.216,12.9,0.148,1.53
2026-10-07,W0542,52.5365,10.9566,0.0,14.1,13.7,0.203,13.2,0.149,2.03
2026-10-08,W0542,52.5365,10.9566,8.2,12.2,13.2,0.25,13.6,0.151,1.23
2026-10-09,W0542,52.5365,10.9566,2.0,9.9,10.8,0.257,12.0,0.155,0.91
2026-10-10,W0542,52.5365,10.9566,2.7,11.5,12.5,0.26,12.1,0.158,1.46
2026-10-11,W0542,52.5365,10.9566,1.2,11.2,10.9,0.252,11.8,0.161,1.92
2026-10-12,W0542,52.5365,10.9566,8.1,10.2,10.5,0.243,11.1,0.164,1.02
2026-10-06,W1558,52.5455,10.97214,0.0,13.9,13.6,0.216,12.9,0.148,1.53
2026-10-07,W1558,52.5455,10.97214,0.0,14.3,13.7,0.203,13.2,0.149,2.06
2026-10-08,W1558,52.5455,10.97214,8.28,12.3,13.2,0.25,13.6,0.151,1.26
2026-10-09,W1558,52.5455,10.97214,2.0,10.0,10.8,0.257,12.0,0.155,0.97
2026-10-10,W1558,52.5455,10.97214,3.0,11.6,12.5,0.26,12.1,0.158,1.51
2026-10-11,W1558,52.5455,10.97214,1.05,11.3,10.9,0.252,11.8,0.161,1.93
2026-10-12,W1558,52.5455,10.97214,8.1,10.3,10.5,0.243,11.1,0.164,1.03
2026-10-06,W1559,52.5455,11.00171,0.0,13.7,13.6,0.236,13.0,0.203,1.53
2026-10-07,W1559,52.5455,11.00171,0.0,14.3,13.5,0.225,13.3,0.203,2.07
2026-10-08,W1559,52.5455,11.00171,8.53,12.3,13.1,0.268,13.6,0.203,1.26
2026-10-09,W1559,52.5455,11.00171,2.0,10.0,10.7,0.277,12.0,0.207,0.97
2026-10-10,W1559,52.5455,11.00171,3.0,11.6,12.3,0.304,12.1,0.211,1.51
2026-10-11,W1559,52.5455,11.00171,1.05,11.3,10.8,0.289,11.7,0.216,1.93
2026-10-12,W1559,52.5455,11.00171,8.1,10.3,10.3,0.276,11.1,0.219,1.03
2026-10-06,W1560,52.5455,11.03127,0.0,13.6,13.6,0.236,13.0,0.203,1.52
2026-10-07,W1560,52.5455,11.03127,0.0,14.4,13.5,0.225,13.3,0.203,2.08
2026-10-08,W1560,52.5455,11.03127,8.65,12.3,13.1,0.268,13.6,0.203,1.27
2026-10-09,W1560,52.5455,11.03127,1.5,10.0,10.7,0.277,12.0,0.207,1.01
2026-10-10,W1560,52.5455,11.03127,3.0,11.6,12.3,0.304,12.1,0.211,1.55
2026-10-11,W1560,52.5455,11.03127,1.2,11.3,10.8,0.289,11.7,0.216,1.95
2026-10-12,W1560,52.5455,11.03127,8.1,10.3,10.3,0.276,11.1,0.219,1.03
2026-10-06,W0543,52.5365,11.0747,0.0,13.4,13.6,0.236,13.0,0.203,1.51
2026-10-07,W0543,52.5365,11.0747,0.0,14.6,13.5,0.225,13.3,0.203,2.08
2026-10-08,W0543,52.5365,11.0747,8.45,12.4,13.1,0.268,13.6,0.203,1.27
2026-10-09,W0543,52.5365,11.0747,1.5,10.0,10.7,0.277,12.0,0.207,1.01
2026-10-10,W0543,52.5365,11.0747,3.0,11.6,12.3,0.304,12.1,0.211,1.55
2026-10-11,W0543,52.5365,11.0747,1.2,11.3,10.8,0.289,11.7,0.216,1.95
2026-10-12,W0543,52.5365,11.0747,8.1,10.3,10.3,0.276,11.1,0.219,1.03
2026-10-06,W0544,52.5365,11.1043,0.0,13.4,13.6,0.236,13.0,0.203,1.52
2026-10-07,W0544,52.5365,11.1043,0.0,14.5,13.5,0.225,13.3,0.203,2.08
2026-10-08,W0544,52.5365,11.1043,7.08,12.4,13.1,0.268,13.6,0.203,1.27
2026-10-09,W0544,52.5365,11.1043,2.2,10.0,10.7,0.277,12.0,0.207,1.04
2026-10-10,W0544,52.5365,11.1043,2.7,11.6,12.3,0.304,12.1,0.211,1.58
2026-10-11,W0544,52.5365,11.1043,1.05,11.2,10.8,0.289,11.7,0.216,1.96
2026-10-12,W0544,52.5365,11.1043,8.1,10.3,10.3,0.276,11.1,0.219,1.03
2026-10-06,W0567,52.5545,11.1338,0.0,13.3,13.6,0.236,13.0,0.203,1.49
2026-10-07,W0567,52.5545,11.1338,0.0,15.3,13.5,0.225,13.3,0.203,2.15
2026-10-08,W0567,52.5545,11.1338,7.27,12.5,13.1,0.268,13.6,0.203,1.29
2026-10-09,W0567,52.5545,11.1338,2.2,10.0,10.7,0.277,12.0,0.207,1.04
2026-10-10,W0567,52.5545,11.1338,2.7,11.6,12.3,0.304,12.1,0.211,1.58
2026-10-11,W0567,52.5545,11.1338,1.05,11.3,10.8,0.289,11.7,0.216,1.96
2026-10-12,W0567,52.5545,11.1338,8.1,10.3,10.3,0.276,11.1,0.219,1.03
2026-10-06,W1561,52.5455,11.14953,0.0,13.3,13.6,0.219,12.9,0.182,1.5
2026-10-07,W1561,52.5455,11.14953,0.0,14.7,13.4,0.211,13.1,0.182,2.11
2026-10-08,W1561,52.5455,11.14953,6.73,12.4,13.4,0.254,13.5,0.183,1.28
2026-10-09,W1561,52.5455,11.14953,2.2,10.0,11.0,0.265,12.1,0.186,1.04
2026-10-10,W1561,52.5455,11.14953,2.7,11.6,12.4,0.303,12.2,0.192,1.58
2026-10-11,W1561,52.5455,11.14953,1.05,11.3,11.1,0.289,11.8,0.199,1.96
2026-10-12,W1561,52.5455,11.14953,8.1,10.3,10.6,0.274,11.2,0.202,1.03
2026-10-06,W1562,52.56351,10.11478,0.0,14.9,13.5,0.178,12.7,0.154,1.44
2026-10-07,W1562,52.56351,10.11478,0.0,15.9,13.2,0.165,12.9,0.152,2.03
2026-10-08,W1562,52.56351,10.11478,14.35,12.7,12.9,0.229,13.3,0.159,1.22
2026-10-09,W1562,52.56351,10.11478,7.8,10.3,10.4,0.222,11.4,0.172,0.81
2026-10-10,W1562,52.56351,10.11478,5.7,11.8,12.3,0.245,11.8,0.184,1.42
2026-10-11,W1562,52.56351,10.11478,3.6,11.0,10.7,0.222,11.3,0.19,1.57
2026-10-12,W1562,52.56351,10.11478,12.3,10.1,10.3,0.212,10.7,0.19,0.89
2026-10-06,W0568,52.5725,10.1591,0.0,14.7,12.9,0.165,11.9,0.134,1.47
2026-10-07,W0568,52.5725,10.1591,0.0,15.8,13.1,0.153,12.5,0.133,2.0
2026-10-08,W0568,52.5725,10.1591,13.48,12.5,12.6,0.196,12.9,0.134,1.22
2026-10-09,W0568,52.5725,10.1591,7.5,10.3,10.2,0.201,11.1,0.139,0.83
2026-10-10,W0568,52.5725,10.1591,5.4,11.8,12.2,0.214,11.6,0.145,1.45
2026-10-11,W0568,52.5725,10.1591,3.75,11.0,10.5,0.2,11.1,0.149,1.58
2026-10-12,W0568,52.5725,10.1591,12.3,10.1,10.1,0.189,10.4,0.151,0.89
2026-10-06,W0569,52.5725,10.1886,0.0,14.6,12.9,0.165,11.9,0.134,1.47
2026-10-07,W0569,52.5725,10.1886,0.0,15.8,13.1,0.153,12.5,0.133,2.03
2026-10-08,W0569,52.5725,10.1886,13.43,12.5,12.6,0.196,12.9,0.134,1.22
2026-10-09,W0569,52.5725,10.1886,7.5,10.2,10.2,0.201,11.1,0.139,0.83
2026-10-10,W0569,52.5725,10.1886,5.4,11.8,12.2,0.214,11.6,0.145,1.45
2026-10-11,W0569,52.5725,10.1886,3.75,10.9,10.5,0.2,11.1,0.149,1.57
2026-10-12,W0569,52.5725,10.1886,12.3,10.1,10.1,0.189,10.4,0.151,0.89
2026-10-06,W0570,52.5725,10.2182,0.0,14.6,12.9,0.165,11.9,0.134,1.43
2026-10-07,W0570,52.5725,10.2182,0.0,15.8,13.1,0.153,12.5,0.133,2.08
2026-10-08,W0570,52.5725,10.2182,12.9,12.5,12.6,0.196,12.9,0.134,1.23
2026-10-09,W0570,52.5725,10.2182,7.5,10.2,10.2,0.201,11.1,0.139,0.83
2026-10-10,W0570,52.5725,10.2182,5.4,11.8,12.2,0.214,11.6,0.145,1.45
2026-10-11,W0570,52.5725,10.2182,3.75,10.9,10.5,0.2,11.1,0.149,1.57
2026-10-12,W0570,52.5725,10.2182,12.3,10.1,10.1,0.189,10.4,0.151,0.89
2026-10-06,W1563,52.56351,10.23304,0.0,14.6,12.9,0.165,11.9,0.134,1.43
2026-10-07,W1563,52.56351,10.23304,0.0,15.8,13.1,0.153,12.5,0.133,2.04
2026-10-08,W1563,52.56351,10.23304,12.4,12.6,12.6,0.196,12.9,0.134,1.28
2026-10-09,W1563,52.56351,10.23304,6.3,10.2,10.2,0.201,11.1,0.139,0.86
2026-10-10,W1563,52.56351,10.23304,5.4,11.8,12.2,0.214,11.6,0.145,1.49
2026-10-11,W1563,52.56351,10.23304,3.6,11.0,10.5,0.2,11.1,0.149,1.58
2026-10-12,W1563,52.56351,10.23304,12.3,10.1,10.1,0.189,10.4,0.151,0.89
2026-10-06,W0571,52.5725,10.2772,0.0,14.5,13.2,0.16,12.3,0.126,1.46
2026-10-07,W0571,52.5725,10.2772,0.0,15.7,13.3,0.148,12.7,0.125,2.1
2026-10-08,W0571,52.5725,10.2772,12.23,12.4,12.7,0.211,13.0,0.129,1.28
2026-10-09,W0571,52.5725,10.2772,6.3,10.1,10.2,0.211,11.2,0.14,0.86
2026-10-10,W0571,52.5725,10.2772,5.4,11.7,12.2,0.22,11.6,0.148,1.48
2026-10-11,W0571,52.5725,10.2772,3.6,10.9,10.4,0.203,11.1,0.153,1.58
2026-10-12,W0571,52.5725,10.2772,12.3,10.0,10.0,0.196,10.4,0.156,0.89
2026-10-06,W0572,52.5725,10.3068,0.0,14.6,13.2,0.16,12.3,0.126,1.47
2026-10-07,W0572,52.5725,10.3068,0.0,15.8,13.3,0.148,12.7,0.125,2.09
2026-10-08,W0572,52.5725,10.3068,12.1,12.5,12.7,0.211,13.0,0.129,1.32
2026-10-09,W0572,52.5725,10.3068,5.6,10.2,10.2,0.211,11.2,0.14,0.87
2026-10-10,W0572,52.5725,10.3068,5.4,11.8,12.2,0.22,11.6,0.148,1.53
2026-10-11,W0572,52.5725,10.3068,3.75,11.0,10.4,0.203,11.1,0.153,1.59
2026-10-12,W0572,52.5725,10.3068,12.3,10.1,10.0,0.196,10.4,0.156,0.89
2026-10-06,W0573,52.5725,10.3363,0.0,14.4,12.9,0.162,11.8,0.129,1.45
2026-10-07,W0573,52.5725,10.3363,0.0,15.7,13.1,0.151,12.3,0.128,2.08
2026-10-08,W0573,52.5725,10.3363,10.95,12.4,12.6,0.205,12.8,0.131,1.31
2026-10-09,W0573,52.5725,10.3363,5.6,10.1,10.2,0.207,11.0,0.14,0.87
2026-10-10,W0573,52.5725,10.3363,5.4,11.7,12.1,0.229,11.5,0.149,1.52
2026-10-11,W0573,52.5725,10.3363,3.15,10.9,10.5,0.212,11.0,0.158,1.64
2026-10-12,W0573,52.5725,10.3363,10.2,10.0,10.0,0.2,10.3,0.161,0.88
2026-10-06,W0574,52.5725,10.3658,0.0,14.5,12.9,0.162,11.8,0.129,1.45
2026-10-07,W0574,52.5725,10.3658,0.0,15.7,13.1,0.151,12.3,0.128,2.09
2026-10-08,W0574,52.5725,10.3658,11.08,12.5,12.6,0.205,12.8,0.131,1.27
2026-10-09,W0574,52.5725,10.3658,5.4,10.1,10.2,0.207,11.0,0.14,0.81
2026-10-10,W0574,52.5725,10.3658,5.1,11.7,12.1,0.229,11.5,0.149,1.43
2026-10-11,W0574,52.5725,10.3658,3.15,11.0,10.5,0.212,11.0,0.158,1.62
2026-10-12,W0574,52.5725,10.3658,10.2,10.1,10.0,0.2,10.3,0.161,0.89
2026-10-06,W0575,52.5725,10.3954,0.0,14.3,12.9,0.162,11.8,0.129,1.45
2026-10-07,W0575,52.5725,10.3954,0.0,15.5,13.1,0.151,12.3,0.128,2.05
2026-10-08,W0575,52.5725,10.3954,9.97,12.4,12.6,0.205,12.8,0.131,1.26
2026-10-09,W0575,52.5725,10.3954,5.4,10.1,10.2,0.207,11.0,0.14,0.81
2026-10-10,W0575,52.5725,10.3954,5.1,11.7,12.1,0.229,11.5,0.149,1.43
2026-10-11,W0575,52.5725,10.3954,3.15,10.9,10.5,0.212,11.0,0.158,1.62
2026-10-12,W0575,52.5725,10.3954,10.2,10.0,10.0,0.2,10.3,0.161,0.88
2026-10-06,W0576,52.5725,10.4249,0.0,14.2,12.9,0.162,11.8,0.129,1.45
2026-10-07,W0576,52.5725,10.4249,0.0,15.5,13.1,0.151,12.3,0.128,2.05
2026-10-08,W0576,52.5725,10.4249,9.83,12.3,12.6,0.205,12.8,0.131,1.21
2026-10-09,W0576,52.5725,10.4249,4.8,10.0,10.2,0.207,11.0,0.14,0.75
2026-10-10,W0576,52.5725,10.4249,5.1,11.6,12.1,0.229,11.5,0.149,1.34
2026-10-11,W0576,52.5725,10.4249,3.0,10.9,10.5,0.212,11.0,0.158,1.6
2026-10-12,W0576,52.5725,10.4249,10.2,10.0,10.0,0.2,10.3,0.161,0.88
2026-10-06,W0577,52.5725,10.4545,0.0,14.2,12.8,0.16,11.6,0.132,1.42
2026-10-07,W0577,52.5725,10.4545,0.0,15.5,12.8,0.15,11.9,0.131,2.04
2026-10-08,W0577,52.5725,10.4545,9.15,12.4,12.3,0.214,12.3,0.136,1.21
2026-10-09,W0577,52.5725,10.4545,4.8,10.0,9.8,0.214,10.6,0.148,0.75
2026-10-10,W0577,52.5725,10.4545,5.1,11.6,11.9,0.225,11.1,0.156,1.34
2026-10-11,W0577,52.5725,10.4545,3.0,10.9,10.1,0.21,10.6,0.162,1.6
2026-10-12,W0577,52.5725,10.4545,10.2,10.0,9.7,0.204,10.0,0.165,0.88
2026-10-06,W0578,52.5725,10.484,0.0,14.1,13.2,0.149,12.5,0.11,1.45
2026-10-07,W0578,52.5725,10.484,0.0,15.3,13.6,0.139,13.0,0.11,2.02
2026-10-08,W0578,52.5725,10.484,7.33,12.2,12.9,0.185,13.4,0.111,1.19
2026-10-09,W0578,52.5725,10.484,4.4,10.0,10.5,0.192,11.6,0.116,0.77
2026-10-10,W0578,52.5725,10.484,5.1,11.5,12.4,0.206,12.0,0.121,1.32
2026-10-11,W0578,52.5725,10.484,3.0,10.8,10.7,0.194,11.5,0.126,1.59
2026-10-12,W0578,52.5725,10.484,10.2,9.9,10.2,0.184,10.8,0.129,0.88
2026-10-06,W0579,52.5725,10.5135,0.0,14.4,13.2,0.149,12.5,0.11,1.48
2026-10-07,W0579,52.5725,10.5135,0.0,15.4,13.6,0.139,13.0,0.11,2.06
2026-10-08,W0579,52.5725,10.5135,7.2,12.2,12.9,0.185,13.4,0.111,1.19
2026-10-09,W0579,52.5725,10.5135,4.4,10.0,10.5,0.192,11.6,0.116,0.77
2026-10-10,W0579,52.5725,10.5135,5.1,11.5,12.4,0.206,12.0,0.121,1.32
2026-10-11,W0579,52.5725,10.5135,3.0,10.8,10.7,0.194,11.5,0.126,1.59
2026-10-12,W0579,52.5725,10.5135,10.2,9.9,10.2,0.184,10.8,0.129,0.88
2026-10-06,W0580,52.5725,10.5431,0.0,14.3,13.2,0.149,12.5,0.11,1.44
2026-10-07,W0580,52.5725,10.5431,0.0,15.3,13.6,0.139,13.0,0.11,2.04
2026-10-08,W0580,52.5725,10.5431,7.75,12.2,12.9,0.185,13.4,0.111,1.18
2026-10-09,W0580,52.5725,10.5431,3.9,10.0,10.5,0.192,11.6,0.116,0.8
2026-10-10,W0580,52.5725,10.5431,4.8,11.6,12.4,0.206,12.0,0.121,1.33
2026-10-11,W0580,52.5725,10.5431,2.85,10.9,10.7,0.194,11.5,0.126,1.6
2026-10-12,W0580,52.5725,10.5431,10.2,10.0,10.2,0.184,10.8,0.129,0.88
2026-10-06,W0581,52.5725,10.5726,0.0,14.0,13.2,0.149,12.5,0.11,1.43
2026-10-07,W0581,52.5725,10.5726,0.0,15.2,13.6,0.139,13.0,0.11,2.02
2026-10-08,W0581,52.5725,10.5726,8.53,12.1,12.9,0.185,13.4,0.111,1.17
2026-10-09,W0581,52.5725,10.5726,3.9,9.9,10.5,0.192,11.6,0.116,0.79
2026-10-10,W0581,52.5725,10.5726,4.8,11.5,12.4,0.206,12.0,0.121,1.33
2026-10-11,W0581,52.5725,10.5726,2.1,10.8,10.7,0.194,11.5,0.126,1.56
2026-10-12,W0581,52.5725,10.5726,8.7,9.8,10.2,0.184,10.8,0.129,0.84
2026-10-06,W0582,52.5725,10.6021,0.0,14.0,13.2,0.149,12.5,0.11,1.43
2026-10-07,W0582,52.5725,10.6021,0.0,15.2,13.6,0.139,13.0,0.11,2.02
2026-10-08,W0582,52.5725,10.6021,8.55,12.1,12.9,0.185,13.4,0.111,1.14
2026-10-09,W0582,52.5725,10.6021,3.7,9.8,10.5,0.192,11.6,0.116,0.79
2026-10-10,W0582,52.5725,10.6021,4.8,11.4,12.4,0.206,12.0,0.121,1.31
2026-10-11,W0582,52.5725,10.6021,2.1,10.8,10.7,0.194,11.5,0.126,1.55
2026-10-12,W0582,52.5725,10.6021,8.7,9.8,10.2,0.184,10.8,0.129,0.84
2026-10-06,W0583,52.5725,10.6317,0.0,13.9,13.1,0.147,12.1,0.103,1.47
2026-10-07,W0583,52.5725,10.6317,0.0,15.2,13.3,0.135,12.5,0.103,2.04
2026-10-08,W0583,52.5725,10.6317,8.33,12.2,12.6,0.187,12.9,0.104,1.14
2026-10-09,W0583,52.5725,10.6317,3.7,9.9,10.1,0.194,11.1,0.111,0.79
2026-10-10,W0583,52.5725,10.6317,4.8,11.5,12.1,0.203,11.4,0.116,1.31
2026-10-11,W0583,52.5725,10.6317,2.1,10.8,10.2,0.191,11.0,0.121,1.56
2026-10-12,W0583,52.5725,10.6317,8.7,9.9,9.9,0.185,10.2,0.124,0.84
2026-10-06,W0584,52.5725,10.6612,0.0,13.9,13.1,0.142,12.1,0.086,1.49
2026-10-07,W0584,52.5725,10.6612,0.0,15.4,13.4,0.132,12.6,0.086,2.05
2026-10-08,W0584,52.5725,10.6612,7.75,12.3,12.9,0.211,13.2,0.094,1.11
2026-10-09,W0584,52.5725,10.6612,3.3,9.9,10.5,0.201,11.5,0.108,0.78
2026-10-10,W0584,52.5725,10.6612,4.5,11.5,12.3,0.202,11.7,0.114,1.27
2026-10-11,W0584,52.5725,10.6612,1.95,10.9,10.6,0.189,11.3,0.119,1.55
2026-10-12,W0584,52.5725,10.6612,8.7,9.9,10.1,0.181,10.6,0.122,0.84
2026-10-06,W0585,52.5725,10.6908,0.0,14.1,13.1,0.142,12.1,0.086,1.5
2026-10-07,W0585,52.5725,10.6908,0.0,14.9,13.4,0.132,12.6,0.086,2.01
2026-10-08,W0585,52.5725,10.6908,5.85,11.9,12.9,0.211,13.2,0.094,1.1
2026-10-09,W0585,52.5725,10.6908,3.3,9.7,10.5,0.201,11.5,0.108,0.77
2026-10-10,W0585,52.5725,10.6908,4.5,11.3,12.3,0.202,11.7,0.114,1.26
2026-10-11,W0585,52.5725,10.6908,1.95,10.8,10.6,0.189,11.3,0.119,1.64
2026-10-12,W0585,52.5725,10.6908,8.7,9.8,10.1,0.181,10.6,0.122,0.86
2026-10-06,W0586,52.5725,10.7203,0.0,14.0,13.1,0.142,12.1,0.086,1.5
2026-10-07,W0586,52.5725,10.7203,0.0,14.8,13.4,0.132,12.6,0.086,2.0
2026-10-08,W0586,52.5725,10.7203,5.88,11.9,12.9,0.211,13.2,0.094,1.09
2026-10-09,W0586,52.5725,10.7203,2.5,9.7,10.5,0.201,11.5,0.108,0.78
2026-10-10,W0586,52.5725,10.7203,3.9,11.3,12.3,0.202,11.7,0.114,1.28
2026-10-11,W0586,52.5725,10.7203,1.95,10.8,10.6,0.189,11.3,0.119,1.64
2026-10-12,W0586,52.5725,10.7203,8.7,9.8,10.1,0.181,10.6,0.122,0.86
2026-10-06,W0587,52.5725,10.7498,0.0,14.0,13.1,0.142,12.1,0.086,1.51
2026-10-07,W0587,52.5725,10.7498,0.0,14.8,13.4,0.132,12.6,0.086,2.02
2026-10-08,W0587,52.5725,10.7498,5.73,12.0,12.9,0.211,13.2,0.094,1.09
2026-10-09,W0587,52.5725,10.7498,2.5,9.8,10.5,0.201,11.5,0.108,0.78
2026-10-10,W0587,52.5725,10.7498,3.9,11.4,12.3,0.202,11.7,0.114,1.28
2026-10-11,W0587,52.5725,10.7498,1.95,10.9,10.6,0.189,11.3,0.119,1.64
2026-10-12,W0587,52.5725,10.7498,8.7,9.9,10.1,0.181,10.6,0.122,0.87
2026-10-06,W0588,52.5725,10.7794,0.0,13.6,13.3,0.166,12.5,0.123,1.51
2026-10-07,W0588,52.5725,10.7794,0.0,15.1,13.6,0.157,12.9,0.123,2.01
2026-10-08,W0588,52.5725,10.7794,5.85,12.0,13.2,0.211,13.5,0.127,1.09
2026-10-09,W0588,52.5725,10.7794,2.5,9.8,10.7,0.207,11.7,0.138,0.78
2026-10-10,W0588,52.5725,10.7794,3.9,11.4,12.3,0.212,11.9,0.143,1.28
2026-10-11,W0588,52.5725,10.7794,1.95,10.9,10.7,0.206,11.5,0.149,1.64
2026-10-12,W0588,52.5725,10.7794,8.7,9.9,10.2,0.199,10.7,0.152,0.87
2026-10-06,W0589,52.5725,10.8089,0.0,14.0,13.3,0.166,12.5,0.123,1.52
2026-10-07,W0589,52.5725,10.8089,0.0,15.2,13.6,0.157,12.9,0.123,1.99
2026-10-08,W0589,52.5725,10.8089,8.7,12.2,13.2,0.211,13.5,0.127,1.12
2026-10-09,W0589,52.5725,10.8089,2.5,9.8,10.7,0.207,11.7,0.138,0.81
2026-10-10,W0589,52.5725,10.8089,3.9,11.4,12.3,0.212,11.9,0.143,1.31
2026-10-11,W0589,52.5725,10.8089,1.95,10.9,10.7,0.206,11.5,0.149,1.65
2026-10-12,W0589,52.5725,10.8089,8.7,9.9,10.2,0.199,10.7,0.152,0.87
2026-10-06,W0590,52.5725,10.8384,0.0,13.9,13.6,0.216,12.9,0.148,1.54
2026-10-07,W0590,52.5725,10.8384,0.0,14.6,13.7,0.203,13.2,0.149,1.99
2026-10-08,W0590,52.5725,10.8384,10.65,11.9,13.2,0.25,13.6,0.151,1.12
2026-10-09,W0590,52.5725,10.8384,2.5,9.8,10.8,0.257,12.0,0.155,0.81
2026-10-10,W0590,52.5725,10.8384,3.9,11.3,12.5,0.26,12.1,0.158,1.31
2026-10-11,W0590,52.5725,10.8384,1.5,10.9,10.9,0.252,11.8,0.161,1.71
2026-10-12,W0590,52.5725,10.8384,8.4,9.9,10.5,0.243,11.1,0.164,0.9
2026-10-06,W0591,52.5725,10.868,0.0,14.0,13.6,0.216,12.9,0.148,1.54
2026-10-07,W0591,52.5725,10.868,0.0,14.7,13.7,0.203,13.2,0.149,1.99
2026-10-08,W0591,52.5725,10.868,10.73,12.0,13.2,0.25,13.6,0.151,1.18
2026-10-09,W0591,52.5725,10.868,2.1,9.9,10.8,0.257,12.0,0.155,0.87
2026-10-10,W0591,52.5725,10.868,3.3,11.5,12.5,0.26,12.1,0.158,1.38
2026-10-11,W0591,52.5725,10.868,1.5,10.9,10.9,0.252,11.8,0.161,1.72
2026-10-12,W0591,52.5725,10.868,8.4,10.0,10.5,0.243,11.1,0.164,0.9
2026-10-06,W0592,52.5725,10.8975,0.0,13.9,13.6,0.216,12.9,0.148,1.55
2026-10-07,W0592,52.5725,10.8975,0.0,14.9,13.7,0.203,13.2,0.149,2.09
2026-10-08,W0592,52.5725,10.8975,8.95,12.2,13.2,0.25,13.6,0.151,1.19
2026-10-09,W0592,52.5725,10.8975,2.1,9.8,10.8,0.257,12.0,0.155,0.87
2026-10-10,W0592,52.5725,10.8975,3.3,11.4,12.5,0.26,12.1,0.158,1.38
2026-10-11,W0592,52.5725,10.8975,1.5,10.9,10.9,0.252,11.8,0.161,1.72
2026-10-12,W0592,52.5725,10.8975,8.4,9.9,10.5,0.243,11.1,0.164,0.9
2026-10-06,W0593,52.5725,10.9271,0.0,13.9,13.6,0.216,12.9,0.148,1.55
2026-10-07,W0593,52.5725,10.9271,0.0,14.9,13.7,0.203,13.2,0.149,2.09
2026-10-08,W0593,52.5725,10.9271,8.88,12.2,13.2,0.25,13.6,0.151,1.23
2026-10-09,W0593,52.5725,10.9271,2.0,9.9,10.8,0.257,12.0,0.155,0.91
2026-10-10,W0593,52.5725,10.9271,2.7,11.5,12.5,0.26,12.1,0.158,1.45
2026-10-11,W0593,52.5725,10.9271,1.5,10.9,10.9,0.252,11.8,0.161,1.72
2026-10-12,W0593,52.5725,10.9271,8.4,9.9,10.5,0.243,11.1,0.164,0.9
2026-10-06,W1564,52.56351,10.94258,0.0,14.0,13.6,0.216,12.9,0.148,1.52
2026-10-07,W1564,52.56351,10.94258,0.0,14.3,13.7,0.203,13.2,0.149,2.04
2026-10-08,W1564,52.56351,10.94258,7.93,12.1,13.2,0.25,13.6,0.151,1.23
2026-10-09,W1564,52.56351,10.94258,2.0,10.0,10.8,0.257,12.0,0.155,0.92
2026-10-10,W1564,52.56351,10.94258,2.7,11.6,12.5,0.26,12.1,0.158,1.46
2026-10-11,W1564,52.56351,10.94258,1.5,11.0,10.9,0.252,11.8,0.161,1.73
2026-10-12,W1564,52.56351,10.94258,8.4,10.0,10.5,0.243,11.1,0.164,0.9
2026-10-06,W1565,52.56351,10.97214,0.0,13.6,13.6,0.216,12.9,0.148,1.53
2026-10-07,W1565,52.56351,10.97214,0.0,14.2,13.7,0.203,13.2,0.149,2.05
2026-10-08,W1565,52.56351,10.97214,8.58,12.2,13.2,0.25,13.6,0.151,1.26
2026-10-09,W1565,52.56351,10.97214,2.0,9.9,10.8,0.257,12.0,0.155,0.97
2026-10-10,W1565,52.56351,10.97214,3.0,11.5,12.5,0.26,12.1,0.158,1.5
2026-10-11,W1565,52.56351,10.97214,1.35,10.9,10.9,0.252,11.8,0.161,1.73
2026-10-12,W1565,52.56351,10.97214,8.4,10.0,10.5,0.243,11.1,0.164,0.9
2026-10-06,W1566,52.56351,11.00171,0.0,13.7,13.6,0.236,13.0,0.203,1.53
2026-10-07,W1566,52.56351,11.00171,0.0,14.2,13.5,0.225,13.3,0.203,2.05
2026-10-08,W1566,52.56351,11.00171,8.58,12.2,13.1,0.268,13.6,0.203,1.26
2026-10-09,W1566,52.56351,11.00171,2.0,10.0,10.7,0.277,12.0,0.207,0.97
2026-10-10,W1566,52.56351,11.00171,3.0,11.6,12.3,0.304,12.1,0.211,1.5
2026-10-11,W1566,52.56351,11.00171,1.35,11.0,10.8,0.289,11.7,0.216,1.74
2026-10-12,W1566,52.56351,11.00171,8.4,10.0,10.3,0.276,11.1,0.219,0.9
2026-10-06,W1567,52.56351,11.03127,0.0,13.6,13.6,0.236,13.0,0.203,1.51
2026-10-07,W1567,52.56351,11.03127,0.0,14.5,13.5,0.225,13.3,0.203,2.08
2026-10-08,W1567,52.56351,11.03127,8.35,12.3,13.1,0.268,13.6,0.203,1.27
2026-10-09,W1567,52.56351,11.03127,1.5,10.0,10.7,0.277,12.0,0.207,1.01
2026-10-10,W1567,52.56351,11.03127,3.0,11.6,12.3,0.304,12.1,0.211,1.55
2026-10-11,W1567,52.56351,11.03127,1.5,11.0,10.8,0.289,11.7,0.216,1.75
2026-10-12,W1567,52.56351,11.03127,8.4,10.0,10.3,0.276,11.1,0.219,0.9
2026-10-06,W0594,52.5725,11.0747,0.0,13.5,13.6,0.236,13.0,0.203,1.51
2026-10-07,W0594,52.5725,11.0747,0.0,14.8,13.5,0.225,13.3,0.203,2.09
2026-10-08,W0594,52.5725,11.0747,8.5,12.3,13.1,0.268,13.6,0.203,1.27
2026-10-09,W0594,52.5725,11.0747,1.5,10.0,10.7,0.277,12.0,0.207,1.01
2026-10-10,W0594,52.5725,11.0747,3.0,11.6,12.3,0.304,12.1,0.211,1.54
2026-10-11,W0594,52.5725,11.0747,1.05,11.2,10.8,0.289,11.7,0.216,1.88
2026-10-12,W0594,52.5725,11.0747,10.2,10.0,10.3,0.276,11.1,0.219,0.92
2026-10-06,W1568,52.56351,11.0904,0.0,13.4,13.6,0.236,13.0,0.203,1.51
2026-10-07,W1568,52.56351,11.0904,0.0,14.9,13.5,0.225,13.3,0.203,2.11
2026-10-08,W1568,52.56351,11.0904,8.9,12.4,13.1,0.268,13.6,0.203,1.28
2026-10-09,W1568,52.56351,11.0904,1.5,10.0,10.7,0.277,12.0,0.207,1.01
2026-10-10,W1568,52.56351,11.0904,3.0,11.6,12.3,0.304,12.1,0.211,1.54
2026-10-11,W1568,52.56351,11.0904,1.05,11.2,10.8,0.289,11.7,0.216,1.89
2026-10-12,W1568,52.56351,11.0904,10.2,10.0,10.3,0.276,11.1,0.219,0.92
2026-10-06,W0595,52.5725,11.1338,0.0,13.9,14.0,0.209,13.5,0.151,1.43
2026-10-07,W0595,52.5725,11.1338,0.0,16.0,14.1,0.199,13.8,0.151,2.11
2026-10-08,W0595,52.5725,11.1338,8.8,12.5,13.5,0.234,14.1,0.152,1.29
2026-10-09,W0595,52.5725,11.1338,2.2,9.9,11.0,0.243,12.5,0.155,1.04
2026-10-10,W0595,52.5725,11.1338,2.7,11.5,12.7,0.246,12.5,0.157,1.58
2026-10-11,W0595,52.5725,11.1338,0.9,11.1,11.1,0.238,12.1,0.159,1.89
2026-10-12,W0595,52.5725,11.1338,10.2,9.9,10.8,0.232,11.5,0.161,0.92
2026-10-06,W1569,52.56351,11.14953,0.0,13.3,13.6,0.219,12.9,0.182,1.49
2026-10-07,W1569,52.56351,11.14953,0.0,15.3,13.4,0.211,13.1,0.182,2.15
2026-10-08,W1569,52.56351,11.14953,7.27,12.5,13.4,0.254,13.5,0.183,1.29
2026-10-09,W1569,52.56351,11.14953,2.2,10.0,11.0,0.265,12.1,0.186,1.04
2026-10-10,W1569,52.56351,11.14953,2.7,11.6,12.4,0.303,12.2,0.192,1.58
2026-10-11,W1569,52.56351,11.14953,0.9,11.1,11.1,0.289,11.8,0.199,1.89
2026-10-12,W1569,52.56351,11.14953,10.2,10.0,10.6,0.274,11.2,0.202,0.92
2026-10-06,W1570,52.58153,10.11478,0.0,14.7,13.7,0.168,12.9,0.145,1.44
2026-10-07,W1570,52.58153,10.11478,0.0,15.7,13.6,0.155,13.2,0.144,2.01
2026-10-08,W1570,52.58153,10.11478,13.55,12.6,12.9,0.228,13.5,0.153,1.21
2026-10-09,W1570,52.58153,10.11478,7.8,10.3,10.3,0.22,11.5,0.167,0.81
2026-10-10,W1570,52.58153,10.11478,5.7,11.8,12.4,0.228,11.9,0.174,1.41
2026-10-11,W1570,52.58153,10.11478,3.6,11.0,10.7,0.21,11.4,0.178,1.57
2026-10-12,W1570,52.58153,10.11478,12.3,10.1,10.3,0.201,10.8,0.179,0.89
2026-10-06,W0596,52.5905,10.1591,0.0,14.7,12.9,0.165,11.9,0.134,1.47
2026-10-07,W0596,52.5905,10.1591,0.0,15.7,13.1,0.153,12.5,0.133,2.0
2026-10-08,W0596,52.5905,10.1591,13.48,12.5,12.6,0.196,12.9,0.134,1.22
2026-10-09,W0596,52.5905,10.1591,7.5,10.2,10.2,0.201,11.1,0.139,0.83
2026-10-10,W0596,52.5905,10.1591,5.4,11.8,12.2,0.214,11.6,0.145,1.45
2026-10-11,W0596,52.5905,10.1591,3.75,10.9,10.5,0.2,11.1,0.149,1.57
2026-10-12,W0596,52.5905,10.1591,12.3,10.1,10.1,0.189,10.4,0.151,0.89
2026-10-06,W0597,52.5905,10.1886,0.0,14.7,12.9,0.165,11.9,0.134,1.47
2026-10-07,W0597,52.5905,10.1886,0.0,15.8,13.1,0.153,12.5,0.133,2.0
2026-10-08,W0597,52.5905,10.1886,13.48,12.5,12.6,0.196,12.9,0.134,1.22
2026-10-09,W0597,52.5905,10.1886,7.5,10.3,10.2,0.201,11.1,0.139,0.83
2026-10-10,W0597,52.5905,10.1886,5.4,11.8,12.2,0.214,11.6,0.145,1.45
2026-10-11,W0597,52.5905,10.1886,3.75,11.0,10.5,0.2,11.1,0.149,1.58
2026-10-12,W0597,52.5905,10.1886,12.3,10.1,10.1,0.189,10.4,0.151,0.89
2026-10-06,W0598,52.5905,10.2182,0.0,14.5,13.2,0.16,12.3,0.126,1.44
2026-10-07,W0598,52.5905,10.2182,0.0,15.5,13.3,0.148,12.7,0.125,1.97
2026-10-08,W0598,52.5905,10.2182,13.93,12.3,12.7,0.211,13.0,0.129,1.21
2026-10-09,W0598,52.5905,10.2182,7.5,10.2,10.2,0.211,11.2,0.14,0.83
2026-10-10,W0598,52.5905,10.2182,5.4,11.7,12.2,0.22,11.6,0.148,1.44
2026-10-11,W0598,52.5905,10.2182,3.75,10.9,10.4,0.203,11.1,0.153,1.57
2026-10-12,W0598,52.5905,10.2182,12.3,10.0,10.0,0.196,10.4,0.156,0.89
2026-10-06,W0599,52.5905,10.2477,0.0,14.5,13.2,0.16,12.3,0.126,1.43
2026-10-07,W0599,52.5905,10.2477,0.0,15.7,13.3,0.148,12.7,0.125,2.03
2026-10-08,W0599,52.5905,10.2477,13.92,12.3,12.7,0.211,13.0,0.129,1.26
2026-10-09,W0599,52.5905,10.2477,6.3,10.2,10.2,0.211,11.2,0.14,0.86
2026-10-10,W0599,52.5905,10.2477,5.4,11.8,12.2,0.22,11.6,0.148,1.48
2026-10-11,W0599,52.5905,10.2477,3.6,10.9,10.4,0.203,11.1,0.153,1.58
2026-10-12,W0599,52.5905,10.2477,12.3,10.1,10.0,0.196,10.4,0.156,0.89
2026-10-06,W0600,52.5905,10.2772,0.0,14.6,13.2,0.16,12.3,0.126,1.46
2026-10-07,W0600,52.5905,10.2772,0.0,15.9,13.3,0.148,12.7,0.125,2.09
2026-10-08,W0600,52.5905,10.2772,13.75,12.4,12.7,0.211,13.0,0.129,1.27
2026-10-09,W0600,52.5905,10.2772,6.3,10.2,10.2,0.211,11.2,0.14,0.86
2026-10-10,W0600,52.5905,10.2772,5.4,11.8,12.2,0.22,11.6,0.148,1.48
2026-10-11,W0600,52.5905,10.2772,3.6,10.9,10.4,0.203,11.1,0.153,1.58
2026-10-12,W0600,52.5905,10.2772,12.3,10.1,10.0,0.196,10.4,0.156,0.89
2026-10-06,W0601,52.5905,10.3068,0.0,14.5,13.2,0.16,12.3,0.126,1.49
2026-10-07,W0601,52.5905,10.3068,0.0,15.8,13.3,0.148,12.7,0.125,2.11
2026-10-08,W0601,52.5905,10.3068,12.9,12.5,12.7,0.211,13.0,0.129,1.32
2026-10-09,W0601,52.5905,10.3068,5.6,10.1,10.2,0.211,11.2,0.14,0.87
2026-10-10,W0601,52.5905,10.3068,5.4,11.7,12.2,0.22,11.6,0.148,1.52
2026-10-11,W0601,52.5905,10.3068,3.75,10.9,10.4,0.203,11.1,0.153,1.58
2026-10-12,W0601,52.5905,10.3068,12.3,10.1,10.0,0.196,10.4,0.156,0.89
2026-10-06,W0602,52.5905,10.3363,0.0,14.4,12.9,0.162,11.8,0.129,1.45
2026-10-07,W0602,52.5905,10.3363,0.0,15.7,13.1,0.151,12.3,0.128,2.09
2026-10-08,W0602,52.5905,10.3363,12.8,12.3,12.6,0.205,12.8,0.131,1.31
2026-10-09,W0602,52.5905,10.3363,5.6,10.0,10.2,0.207,11.0,0.14,0.87
2026-10-10,W0602,52.5905,10.3363,5.4,11.6,12.1,0.229,11.5,0.149,1.52
2026-10-11,W0602,52.5905,10.3363,3.15,10.9,10.5,0.212,11.0,0.158,1.64
2026-10-12,W0602,52.5905,10.3363,10.2,10.0,10.0,0.2,10.3,0.161,0.88
2026-10-06,W1571,52.58153,10.3513,0.0,14.5,12.9,0.162,11.8,0.129,1.45
2026-10-07,W1571,52.58153,10.3513,0.0,15.7,13.1,0.151,12.3,0.128,2.09
2026-10-08,W1571,52.58153,10.3513,11.08,12.5,12.6,0.205,12.8,0.131,1.27
2026-10-09,W1571,52.58153,10.3513,5.4,10.1,10.2,0.207,11.0,0.14,0.81
2026-10-10,W1571,52.58153,10.3513,5.1,11.7,12.1,0.229,11.5,0.149,1.43
2026-10-11,W1571,52.58153,10.3513,3.15,11.0,10.5,0.212,11.0,0.158,1.62
2026-10-12,W1571,52.58153,10.3513,10.2,10.1,10.0,0.2,10.3,0.161,0.89
2026-10-06,W1572,52.58153,10.38086,0.0,14.4,12.9,0.162,11.8,0.129,1.46
2026-10-07,W1572,52.58153,10.38086,0.0,15.6,13.1,0.151,12.3,0.128,2.08
2026-10-08,W1572,52.58153,10.38086,10.2,12.5,12.6,0.205,12.8,0.131,1.27
2026-10-09,W1572,52.58153,10.38086,5.4,10.1,10.2,0.207,11.0,0.14,0.81
2026-10-10,W1572,52.58153,10.38086,5.1,11.7,12.1,0.229,11.5,0.149,1.43
2026-10-11,W1572,52.58153,10.38086,3.15,11.0,10.5,0.212,11.0,0.158,1.62
2026-10-12,W1572,52.58153,10.38086,10.2,10.1,10.0,0.2,10.3,0.161,0.88
2026-10-06,W1573,52.58153,10.41042,0.0,14.3,12.8,0.16,11.6,0.132,1.45
2026-10-07,W1573,52.58153,10.41042,0.0,15.6,12.8,0.15,11.9,0.131,2.05
2026-10-08,W1573,52.58153,10.41042,9.83,12.4,12.3,0.214,12.3,0.136,1.21
2026-10-09,W1573,52.58153,10.41042,4.8,10.1,9.8,0.214,10.6,0.148,0.75
2026-10-10,W1573,52.58153,10.41042,5.1,11.7,11.9,0.225,11.1,0.156,1.34
2026-10-11,W1573,52.58153,10.41042,3.0,11.0,10.1,0.21,10.6,0.162,1.61
2026-10-12,W1573,52.58153,10.41042,10.2,10.1,9.7,0.204,10.0,0.165,0.88
2026-10-06,W0603,52.5905,10.4545,0.0,14.2,12.8,0.16,11.6,0.132,1.42
2026-10-07,W0603,52.5905,10.4545,0.0,15.4,12.8,0.15,11.9,0.131,2.04
2026-10-08,W0603,52.5905,10.4545,9.15,12.3,12.3,0.214,12.3,0.136,1.21
2026-10-09,W0603,52.5905,10.4545,4.8,10.0,9.8,0.214,10.6,0.148,0.75
2026-10-10,W0603,52.5905,10.4545,5.1,11.6,11.9,0.225,11.1,0.156,1.34
2026-10-11,W0603,52.5905,10.4545,3.0,10.9,10.1,0.21,10.6,0.162,1.6
2026-10-12,W0603,52.5905,10.4545,10.2,10.0,9.7,0.204,10.0,0.165,0.88
2026-10-06,W0604,52.5905,10.484,0.0,14.0,12.8,0.16,11.6,0.132,1.43
2026-10-07,W0604,52.5905,10.484,0.0,15.3,12.8,0.15,11.9,0.131,2.01
2026-10-08,W0604,52.5905,10.484,8.53,12.2,12.3,0.214,12.3,0.136,1.19
2026-10-09,W0604,52.5905,10.484,4.4,10.0,9.8,0.214,10.6,0.148,0.77
2026-10-10,W0604,52.5905,10.484,5.1,11.5,11.9,0.225,11.1,0.156,1.33
2026-10-11,W0604,52.5905,10.484,3.0,10.8,10.1,0.21,10.6,0.162,1.59
2026-10-12,W0604,52.5905,10.484,10.2,9.9,9.7,0.204,10.0,0.165,0.88
2026-10-06,W0605,52.5905,10.5135,0.0,14.4,13.2,0.149,12.5,0.11,1.48
2026-10-07,W0605,52.5905,10.5135,0.0,15.5,13.6,0.139,13.0,0.11,2.06
2026-10-08,W0605,52.5905,10.5135,7.2,12.2,12.9,0.185,13.4,0.111,1.2
2026-10-09,W0605,52.5905,10.5135,4.4,10.0,10.5,0.192,11.6,0.116,0.77
2026-10-10,W0605,52.5905,10.5135,5.1,11.6,12.4,0.206,12.0,0.121,1.33
2026-10-11,W0605,52.5905,10.5135,3.0,10.9,10.7,0.194,11.5,0.126,1.59
2026-10-12,W0605,52.5905,10.5135,10.2,10.0,10.2,0.184,10.8,0.129,0.88
2026-10-06,W0606,52.5905,10.5431,0.0,14.3,13.2,0.149,12.5,0.11,1.46
2026-10-07,W0606,52.5905,10.5431,0.0,15.4,13.6,0.139,13.0,0.11,2.05
2026-10-08,W0606,52.5905,10.5431,7.45,12.2,12.9,0.185,13.4,0.111,1.18
2026-10-09,W0606,52.5905,10.5431,3.9,10.0,10.5,0.192,11.6,0.116,0.79
2026-10-10,W0606,52.5905,10.5431,4.8,11.6,12.4,0.206,12.0,0.121,1.33
2026-10-11,W0606,52.5905,10.5431,2.85,10.9,10.7,0.194,11.5,0.126,1.6
2026-10-12,W0606,52.5905,10.5431,10.2,10.0,10.2,0.184,10.8,0.129,0.88
2026-10-06,W0607,52.5905,10.5726,0.0,14.1,13.1,0.147,12.1,0.103,1.42
2026-10-07,W0607,52.5905,10.5726,0.0,15.3,13.3,0.135,12.5,0.103,2.05
2026-10-08,W0607,52.5905,10.5726,7.68,12.1,12.6,0.187,12.9,0.104,1.18
2026-10-09,W0607,52.5905,10.5726,3.9,9.9,10.1,0.194,11.1,0.111,0.79
2026-10-10,W0607,52.5905,10.5726,4.8,11.5,12.1,0.203,11.4,0.116,1.33
2026-10-11,W0607,52.5905,10.5726,2.1,10.8,10.2,0.191,11.0,0.121,1.56
2026-10-12,W0607,52.5905,10.5726,8.7,9.9,9.9,0.185,10.2,0.124,0.84
2026-10-06,W1574,52.58153,10.58781,0.0,14.0,13.1,0.147,12.1,0.103,1.43
2026-10-07,W1574,52.58153,10.58781,0.0,15.2,13.3,0.135,12.5,0.103,2.02
2026-10-08,W1574,52.58153,10.58781,8.53,12.1,12.6,0.187,12.9,0.104,1.17
2026-10-09,W1574,52.58153,10.58781,3.9,9.9,10.1,0.194,11.1,0.111,0.79
2026-10-10,W1574,52.58153,10.58781,4.8,11.5,12.1,0.203,11.4,0.116,1.33
2026-10-11,W1574,52.58153,10.58781,2.1,10.8,10.2,0.191,11.0,0.121,1.56
2026-10-12,W1574,52.58153,10.58781,8.7,9.9,9.9,0.185,10.2,0.124,0.84
2026-10-06,W0608,52.5905,10.6317,0.0,13.7,13.1,0.147,12.1,0.103,1.47
2026-10-07,W0608,52.5905,10.6317,0.0,15.4,13.3,0.135,12.5,0.103,2.06
2026-10-08,W0608,52.5905,10.6317,8.58,12.2,12.6,0.187,12.9,0.104,1.14
2026-10-09,W0608,52.5905,10.6317,3.7,9.8,10.1,0.194,11.1,0.111,0.79
2026-10-10,W0608,52.5905,10.6317,4.8,11.4,12.1,0.203,11.4,0.116,1.31
2026-10-11,W0608,52.5905,10.6317,2.1,10.8,10.2,0.191,11.0,0.121,1.55
2026-10-12,W0608,52.5905,10.6317,8.7,9.8,9.9,0.185,10.2,0.124,0.84
2026-10-06,W0609,52.5905,10.6612,0.0,13.9,13.1,0.142,12.1,0.086,1.49
2026-10-07,W0609,52.5905,10.6612,0.0,15.7,13.4,0.132,12.6,0.086,2.07
2026-10-08,W0609,52.5905,10.6612,8.35,12.3,12.9,0.211,13.2,0.094,1.11
2026-10-09,W0609,52.5905,10.6612,3.3,9.9,10.5,0.201,11.5,0.108,0.78
2026-10-10,W0609,52.5905,10.6612,4.5,11.5,12.3,0.202,11.7,0.114,1.27
2026-10-11,W0609,52.5905,10.6612,1.95,10.9,10.6,0.189,11.3,0.119,1.55
2026-10-12,W0609,52.5905,10.6612,8.7,9.9,10.1,0.181,10.6,0.122,0.84
2026-10-06,W0610,52.5905,10.6908,0.0,13.2,13.1,0.142,12.1,0.086,1.52
2026-10-07,W0610,52.5905,10.6908,0.0,15.1,13.4,0.132,12.6,0.086,2.05
2026-10-08,W0610,52.5905,10.6908,7.8,12.0,12.9,0.211,13.2,0.094,1.1
2026-10-09,W0610,52.5905,10.6908,3.3,9.7,10.5,0.201,11.5,0.108,0.77
2026-10-10,W0610,52.5905,10.6908,4.5,11.3,12.3,0.202,11.7,0.114,1.26
2026-10-11,W0610,52.5905,10.6908,1.95,10.8,10.6,0.189,11.3,0.119,1.63
2026-10-12,W0610,52.5905,10.6908,8.7,9.8,10.1,0.181,10.6,0.122,0.86
2026-10-06,W0611,52.5905,10.7203,0.0,13.8,13.3,0.166,12.5,0.123,1.51
2026-10-07,W0611,52.5905,10.7203,0.0,15.1,13.6,0.157,12.9,0.123,2.02
2026-10-08,W0611,52.5905,10.7203,6.33,11.9,13.2,0.211,13.5,0.127,1.09
2026-10-09,W0611,52.5905,10.7203,2.5,9.7,10.7,0.207,11.7,0.138,0.78
2026-10-10,W0611,52.5905,10.7203,3.9,11.3,12.3,0.212,11.9,0.143,1.28
2026-10-11,W0611,52.5905,10.7203,1.95,10.7,10.7,0.206,11.5,0.149,1.64
2026-10-12,W0611,52.5905,10.7203,8.7,9.7,10.2,0.199,10.7,0.152,0.86
2026-10-06,W0612,52.5905,10.7498,0.0,14.1,13.3,0.166,12.5,0.123,1.52
2026-10-07,W0612,52.5905,10.7498,0.0,15.2,13.6,0.157,12.9,0.123,2.03
2026-10-08,W0612,52.5905,10.7498,5.95,12.0,13.2,0.211,13.5,0.127,1.09
2026-10-09,W0612,52.5905,10.7498,2.5,9.7,10.7,0.207,11.7,0.138,0.78
2026-10-10,W0612,52.5905,10.7498,3.9,11.3,12.3,0.212,11.9,0.143,1.28
2026-10-11,W0612,52.5905,10.7498,1.95,10.7,10.7,0.206,11.5,0.149,1.64
2026-10-12,W0612,52.5905,10.7498,8.7,9.7,10.2,0.199,10.7,0.152,0.86
2026-10-06,W0613,52.5905,10.7794,0.0,14.0,13.3,0.166,12.5,0.123,1.52
2026-10-07,W0613,52.5905,10.7794,0.0,15.4,13.6,0.157,12.9,0.123,2.0
2026-10-08,W0613,52.5905,10.7794,6.58,12.3,13.2,0.211,13.5,0.127,1.1
2026-10-09,W0613,52.5905,10.7794,2.5,9.7,10.7,0.207,11.7,0.138,0.78
2026-10-10,W0613,52.5905,10.7794,3.9,11.3,12.3,0.212,11.9,0.143,1.28
2026-10-11,W0613,52.5905,10.7794,1.95,10.8,10.7,0.206,11.5,0.149,1.64
2026-10-12,W0613,52.5905,10.7794,8.7,9.8,10.2,0.199,10.7,0.152,0.87
2026-10-06,W0614,52.5905,10.8089,0.0,13.9,13.3,0.166,12.5,0.123,1.51
2026-10-07,W0614,52.5905,10.8089,0.0,15.3,13.6,0.157,12.9,0.123,1.99
2026-10-08,W0614,52.5905,10.8089,6.63,12.2,13.2,0.211,13.5,0.127,1.11
2026-10-09,W0614,52.5905,10.8089,2.5,9.6,10.7,0.207,11.7,0.138,0.81
2026-10-10,W0614,52.5905,10.8089,3.9,11.2,12.3,0.212,11.9,0.143,1.3
2026-10-11,W0614,52.5905,10.8089,1.95,10.7,10.7,0.206,11.5,0.149,1.64
2026-10-12,W0614,52.5905,10.8089,8.7,9.7,10.2,0.199,10.7,0.152,0.86
2026-10-06,W0615,52.5905,10.8384,0.0,14.1,13.6,0.216,12.9,0.148,1.53
2026-10-07,W0615,52.5905,10.8384,0.0,14.8,13.7,0.203,13.2,0.149,1.95
2026-10-08,W0615,52.5905,10.8384,9.9,11.9,13.2,0.25,13.6,0.151,1.11
2026-10-09,W0615,52.5905,10.8384,2.5,9.6,10.8,0.257,12.0,0.155,0.81
2026-10-10,W0615,52.5905,10.8384,3.9,11.2,12.5,0.26,12.1,0.158,1.3
2026-10-11,W0615,52.5905,10.8384,1.5,10.7,10.9,0.252,11.8,0.161,1.7
2026-10-12,W0615,52.5905,10.8384,8.4,9.8,10.5,0.243,11.1,0.164,0.9
2026-10-06,W0616,52.5905,10.868,0.0,14.5,13.6,0.216,12.9,0.148,1.55
2026-10-07,W0616,52.5905,10.868,0.0,14.8,13.7,0.203,13.2,0.149,1.97
2026-10-08,W0616,52.5905,10.868,9.53,12.0,13.2,0.25,13.6,0.151,1.18
2026-10-09,W0616,52.5905,10.868,2.1,9.8,10.8,0.257,12.0,0.155,0.87
2026-10-10,W0616,52.5905,10.868,3.3,11.4,12.5,0.26,12.1,0.158,1.38
2026-10-11,W0616,52.5905,10.868,1.5,10.9,10.9,0.252,11.8,0.161,1.72
2026-10-12,W0616,52.5905,10.868,8.4,9.9,10.5,0.243,11.1,0.164,0.9
2026-10-06,W1742,52.58153,10.88345,0.0,13.9,13.6,0.216,12.9,0.148,1.55
2026-10-07,W1742,52.58153,10.88345,0.0,14.9,13.7,0.203,13.2,0.149,2.07
2026-10-08,W1742,52.58153,10.88345,10.18,12.1,13.2,0.25,13.6,0.151,1.18
2026-10-09,W1742,52.58153,10.88345,2.1,9.8,10.8,0.257,12.0,0.155,0.87
2026-10-10,W1742,52.58153,10.88345,3.3,11.4,12.5,0.26,12.1,0.158,1.38
2026-10-11,W1742,52.58153,10.88345,1.5,10.9,10.9,0.252,11.8,0.161,1.72
2026-10-12,W1742,52.58153,10.88345,8.4,9.9,10.5,0.243,11.1,0.164,0.9
2026-10-06,W1743,52.58153,10.91302,0.0,13.9,13.7,0.221,13.1,0.172,1.55
2026-10-07,W1743,52.58153,10.91302,0.0,14.9,13.8,0.21,13.5,0.172,2.09
2026-10-08,W1743,52.58153,10.91302,8.88,12.2,13.3,0.245,13.8,0.173,1.23
2026-10-09,W1743,52.58153,10.91302,2.0,9.9,10.8,0.253,12.2,0.175,0.91
2026-10-10,W1743,52.58153,10.91302,2.7,11.5,12.4,0.259,12.2,0.177,1.45
2026-10-11,W1743,52.58153,10.91302,1.5,10.9,10.8,0.253,11.8,0.179,1.72
2026-10-12,W1743,52.58153,10.91302,8.4,9.9,10.5,0.247,11.1,0.181,0.9
2026-10-06,W0617,52.5905,10.9566,0.0,14.2,13.7,0.221,13.1,0.172,1.51
2026-10-07,W0617,52.5905,10.9566,0.0,15.5,13.8,0.21,13.5,0.172,2.13
2026-10-08,W0617,52.5905,10.9566,8.9,12.5,13.3,0.245,13.8,0.173,1.25
2026-10-09,W0617,52.5905,10.9566,2.0,9.9,10.8,0.253,12.2,0.175,0.91
2026-10-10,W0617,52.5905,10.9566,2.7,11.5,12.4,0.259,12.2,0.177,1.46
2026-10-11,W0617,52.5905,10.9566,1.5,10.9,10.8,0.253,11.8,0.179,1.72
2026-10-12,W0617,52.5905,10.9566,8.4,9.9,10.5,0.247,11.1,0.181,0.9
2026-10-06,W1744,52.58153,10.97214,0.0,14.2,13.7,0.221,13.1,0.172,1.51
2026-10-07,W1744,52.58153,10.97214,0.0,14.4,13.8,0.21,13.5,0.172,2.05
2026-10-08,W1744,52.58153,10.97214,8.28,12.1,13.3,0.245,13.8,0.173,1.26
2026-10-09,W1744,52.58153,10.97214,2.0,9.9,10.8,0.253,12.2,0.175,0.97
2026-10-10,W1744,52.58153,10.97214,3.0,11.5,12.4,0.259,12.2,0.177,1.5
2026-10-11,W1744,52.58153,10.97214,1.35,10.9,10.8,0.253,11.8,0.179,1.73
2026-10-12,W1744,52.58153,10.97214,8.4,9.9,10.5,0.247,11.1,0.181,0.9
2026-10-06,W0618,52.5905,11.0157,0.0,14.4,13.6,0.236,13.0,0.203,1.47
2026-10-07,W0618,52.5905,11.0157,0.0,15.2,13.5,0.225,13.3,0.203,2.05
2026-10-08,W0618,52.5905,11.0157,8.38,12.3,13.1,0.268,13.6,0.203,1.26
2026-10-09,W0618,52.5905,11.0157,2.0,9.9,10.7,0.277,12.0,0.207,0.97
2026-10-10,W0618,52.5905,11.0157,3.0,11.5,12.3,0.304,12.1,0.211,1.5
2026-10-11,W0618,52.5905,11.0157,1.35,10.9,10.8,0.289,11.7,0.216,1.73
2026-10-12,W0618,52.5905,11.0157,8.4,9.9,10.3,0.276,11.1,0.219,0.9
2026-10-06,W0619,52.5905,11.0452,0.0,13.9,13.6,0.236,13.0,0.203,1.48
2026-10-07,W0619,52.5905,11.0452,0.0,14.8,13.5,0.225,13.3,0.203,2.07
2026-10-08,W0619,52.5905,11.0452,8.3,12.2,13.1,0.268,13.6,0.203,1.26
2026-10-09,W0619,52.5905,11.0452,1.5,9.9,10.7,0.277,12.0,0.207,1.01
2026-10-10,W0619,52.5905,11.0452,3.0,11.5,12.3,0.304,12.1,0.211,1.54
2026-10-11,W0619,52.5905,11.0452,1.5,10.9,10.8,0.289,11.7,0.216,1.75
2026-10-12,W0619,52.5905,11.0452,8.4,9.9,10.3,0.276,11.1,0.219,0.9
2026-10-06,W1745,52.58153,11.06084,0.0,13.5,13.6,0.236,13.0,0.203,1.51
2026-10-07,W1745,52.58153,11.06084,0.0,14.8,13.5,0.225,13.3,0.203,2.09
2026-10-08,W1745,52.58153,11.06084,8.5,12.3,13.1,0.268,13.6,0.203,1.27
2026-10-09,W1745,52.58153,11.06084,1.5,10.0,10.7,0.277,12.0,0.207,1.01
2026-10-10,W1745,52.58153,11.06084,3.0,11.6,12.3,0.304,12.1,0.211,1.54
2026-10-11,W1745,52.58153,11.06084,1.5,10.9,10.8,0.289,11.7,0.216,1.75
2026-10-12,W1745,52.58153,11.06084,8.4,10.0,10.3,0.276,11.1,0.219,0.9
2026-10-06,W1746,52.58153,11.0904,0.0,14.0,14.0,0.209,13.5,0.151,1.42
2026-10-07,W1746,52.58153,11.0904,0.0,16.2,14.1,0.199,13.8,0.151,2.13
2026-10-08,W1746,52.58153,11.0904,8.47,12.7,13.5,0.234,14.1,0.152,1.31
2026-10-09,W1746,52.58153,11.0904,1.5,10.0,11.0,0.243,12.5,0.155,1.01
2026-10-10,W1746,52.58153,11.0904,3.0,11.6,12.7,0.246,12.5,0.157,1.54
2026-10-11,W1746,52.58153,11.0904,1.05,11.1,11.1,0.238,12.1,0.159,1.88
2026-10-12,W1746,52.58153,11.0904,10.2,10.0,10.8,0.232,11.5,0.161,0.92
2026-10-06,W0620,52.5905,11.1338,0.0,13.8,14.0,0.209,13.5,0.151,1.39
2026-10-07,W0620,52.5905,11.1338,0.0,16.2,14.1,0.199,13.8,0.151,2.1
2026-10-08,W0620,52.5905,11.1338,8.43,12.7,13.5,0.234,14.1,0.152,1.31
2026-10-09,W0620,52.5905,11.1338,2.2,9.9,11.0,0.243,12.5,0.155,1.03
2026-10-10,W0620,52.5905,11.1338,2.7,11.4,12.7,0.246,12.5,0.157,1.57
2026-10-11,W0620,52.5905,11.1338,0.9,11.0,11.1,0.238,12.1,0.159,1.88
2026-10-12,W0620,52.5905,11.1338,10.2,9.9,10.8,0.232,11.5,0.161,0.91
2026-10-06,W1747,52.58153,11.14953,0.0,13.7,14.0,0.209,13.5,0.151,1.43
2026-10-07,W1747,52.58153,11.14953,0.0,15.8,14.1,0.199,13.8,0.151,2.1
2026-10-08,W1747,52.58153,11.14953,8.8,12.3,13.5,0.234,14.1,0.152,1.28
2026-10-09,W1747,52.58153,11.14953,2.2,9.8,11.0,0.243,12.5,0.155,1.03
2026-10-10,W1747,52.58153,11.14953,2.7,11.3,12.7,0.246,12.5,0.157,1.56
2026-10-11,W1747,52.58153,11.14953,0.9,10.9,11.1,0.238,12.1,0.159,1.87
2026-10-12,W1747,52.58153,11.14953,10.2,9.7,10.8,0.232,11.5,0.161,0.91
2026-10-06,W1748,52.59955,10.11478,0.0,15.0,13.7,0.168,12.9,0.145,1.44
2026-10-07,W1748,52.59955,10.11478,0.0,16.0,13.6,0.155,13.2,0.144,2.01
2026-10-08,W1748,52.59955,10.11478,15.83,12.5,12.9,0.228,13.5,0.153,1.17
2026-10-09,W1748,52.59955,10.11478,6.8,10.3,10.3,0.22,11.5,0.167,0.75
2026-10-10,W1748,52.59955,10.11478,6.3,11.7,12.4,0.228,11.9,0.174,1.28
2026-10-11,W1748,52.59955,10.11478,3.9,10.9,10.7,0.21,11.4,0.178,1.53
2026-10-12,W1748,52.59955,10.11478,12.3,10.1,10.3,0.201,10.8,0.179,0.89
2026-10-06,W1749,52.59955,10.14435,0.0,14.9,13.7,0.168,12.9,0.145,1.44
2026-10-07,W1749,52.59955,10.14435,0.0,16.0,13.6,0.155,13.2,0.144,2.01
2026-10-08,W1749,52.59955,10.14435,15.83,12.5,12.9,0.228,13.5,0.153,1.17
2026-10-09,W1749,52.59955,10.14435,6.8,10.2,10.3,0.22,11.5,0.167,0.74
2026-10-10,W1749,52.59955,10.14435,6.3,11.7,12.4,0.228,11.9,0.174,1.28
2026-10-11,W1749,52.59955,10.14435,3.9,10.9,10.7,0.21,11.4,0.178,1.53
2026-10-12,W1749,52.59955,10.14435,12.3,10.1,10.3,0.201,10.8,0.179,0.89
2026-10-06,W1750,52.59955,10.17391,0.0,14.7,13.2,0.16,12.3,0.126,1.47
2026-10-07,W1750,52.59955,10.17391,0.0,15.8,13.3,0.148,12.7,0.125,2.0
2026-10-08,W1750,52.59955,10.17391,13.88,12.4,12.7,0.211,13.0,0.129,1.17
2026-10-09,W1750,52.59955,10.17391,6.1,10.2,10.2,0.211,11.2,0.14,0.75
2026-10-10,W1750,52.59955,10.17391,6.3,11.7,12.2,0.22,11.6,0.148,1.28
2026-10-11,W1750,52.59955,10.17391,3.75,10.9,10.4,0.203,11.1,0.153,1.54
2026-10-12,W1750,52.59955,10.17391,12.3,10.1,10.0,0.196,10.4,0.156,0.89
2026-10-06,W1751,52.59955,10.20347,0.0,14.5,13.2,0.16,12.3,0.126,1.44
2026-10-07,W1751,52.59955,10.20347,0.0,15.5,13.3,0.148,12.7,0.125,1.97
2026-10-08,W1751,52.59955,10.20347,14.33,12.2,12.7,0.211,13.0,0.129,1.16
2026-10-09,W1751,52.59955,10.20347,6.1,10.1,10.2,0.211,11.2,0.14,0.75
2026-10-10,W1751,52.59955,10.20347,6.3,11.6,12.2,0.22,11.6,0.148,1.28
2026-10-11,W1751,52.59955,10.20347,3.75,10.9,10.4,0.203,11.1,0.153,1.54
2026-10-12,W1751,52.59955,10.20347,12.3,10.0,10.0,0.196,10.4,0.156,0.89
2026-10-06,W1752,52.59955,10.23304,0.0,14.4,13.2,0.16,12.3,0.126,1.43
2026-10-07,W1752,52.59955,10.23304,0.0,15.6,13.3,0.148,12.7,0.125,2.03
2026-10-08,W1752,52.59955,10.23304,13.95,12.2,12.7,0.211,13.0,0.129,1.22
2026-10-09,W1752,52.59955,10.23304,5.8,10.1,10.2,0.211,11.2,0.14,0.8
2026-10-10,W1752,52.59955,10.23304,6.0,11.6,12.2,0.22,11.6,0.148,1.36
2026-10-11,W1752,52.59955,10.23304,3.6,10.8,10.4,0.203,11.1,0.153,1.56
2026-10-12,W1752,52.59955,10.23304,12.3,10.0,10.0,0.196,10.4,0.156,0.89
2026-10-06,W1753,52.59955,10.2626,0.0,14.5,13.2,0.16,12.3,0.126,1.46
2026-10-07,W1753,52.59955,10.2626,0.0,15.8,13.3,0.148,12.7,0.125,2.09
2026-10-08,W1753,52.59955,10.2626,13.78,12.3,12.7,0.211,13.0,0.129,1.23
2026-10-09,W1753,52.59955,10.2626,5.8,10.1,10.2,0.211,11.2,0.14,0.8
2026-10-10,W1753,52.59955,10.2626,6.0,11.6,12.2,0.22,11.6,0.148,1.36
2026-10-11,W1753,52.59955,10.2626,3.6,10.8,10.4,0.203,11.1,0.153,1.56
2026-10-12,W1753,52.59955,10.2626,12.3,10.0,10.0,0.196,10.4,0.156,0.89
2026-10-06,W1754,52.59955,10.29217,0.0,14.5,13.2,0.16,12.3,0.126,1.49
2026-10-07,W1754,52.59955,10.29217,0.0,15.8,13.3,0.148,12.7,0.125,2.11
2026-10-08,W1754,52.59955,10.29217,12.95,12.5,12.7,0.211,13.0,0.129,1.28
2026-10-09,W1754,52.59955,10.29217,4.7,10.2,10.2,0.211,11.2,0.14,0.8
2026-10-10,W1754,52.59955,10.29217,6.3,11.7,12.2,0.22,11.6,0.148,1.37
2026-10-11,W1754,52.59955,10.29217,3.75,10.9,10.4,0.203,11.1,0.153,1.56
2026-10-12,W1754,52.59955,10.29217,12.3,10.1,10.0,0.196,10.4,0.156,0.89
2026-10-06,W1755,52.59955,10.32173,0.0,14.5,13.2,0.16,12.3,0.126,1.49
2026-10-07,W1755,52.59955,10.32173,0.0,15.8,13.3,0.148,12.7,0.125,2.1
2026-10-08,W1755,52.59955,10.32173,12.95,12.4,12.7,0.211,13.0,0.129,1.28
2026-10-09,W1755,52.59955,10.32173,4.7,10.1,10.2,0.211,11.2,0.14,0.8
2026-10-10,W1755,52.59955,10.32173,6.3,11.7,12.2,0.22,11.6,0.148,1.36
2026-10-11,W1755,52.59955,10.32173,3.15,10.9,10.4,0.203,11.1,0.153,1.62
2026-10-12,W1755,52.59955,10.32173,10.2,10.0,10.0,0.196,10.4,0.156,0.88
2026-10-06,W1756,52.59955,10.3513,0.0,14.5,12.8,0.16,11.6,0.132,1.46
2026-10-07,W1756,52.59955,10.3513,0.0,15.7,12.8,0.15,11.9,0.131,2.1
2026-10-08,W1756,52.59955,10.3513,11.63,12.4,12.3,0.214,12.3,0.136,1.23
2026-10-09,W1756,52.59955,10.3513,4.6,10.0,9.8,0.214,10.6,0.148,0.73
2026-10-10,W1756,52.59955,10.3513,6.3,11.6,11.9,0.225,11.1,0.156,1.29
2026-10-11,W1756,52.59955,10.3513,3.15,10.9,10.1,0.21,10.6,0.162,1.59
2026-10-12,W1756,52.59955,10.3513,10.2,10.0,9.7,0.204,10.0,0.165,0.88
2026-10-06,W1757,52.59955,10.38086,0.0,14.3,12.8,0.16,11.6,0.132,1.45
2026-10-07,W1757,52.59955,10.38086,0.0,15.5,12.8,0.15,11.9,0.131,2.06
2026-10-08,W1757,52.59955,10.38086,11.23,12.3,12.3,0.214,12.3,0.136,1.23
2026-10-09,W1757,52.59955,10.38086,4.6,10.0,9.8,0.214,10.6,0.148,0.73
2026-10-10,W1757,52.59955,10.38086,6.3,11.6,11.9,0.225,11.1,0.156,1.29
2026-10-11,W1757,52.59955,10.38086,3.15,10.9,10.1,0.21,10.6,0.162,1.59
2026-10-12,W1757,52.59955,10.38086,10.2,10.0,9.7,0.204,10.0,0.165,0.88
2026-10-06,W1758,52.59955,10.41042,0.0,14.3,12.8,0.16,11.6,0.132,1.44
2026-10-07,W1758,52.59955,10.41042,0.0,15.5,12.8,0.15,11.9,0.131,2.05
2026-10-08,W1758,52.59955,10.41042,9.88,12.3,12.3,0.214,12.3,0.136,1.22
2026-10-09,W1758,52.59955,10.41042,3.8,9.9,9.8,0.214,10.6,0.148,0.73
2026-10-10,W1758,52.59955,10.41042,6.0,11.5,11.9,0.225,11.1,0.156,1.31
2026-10-11,W1758,52.59955,10.41042,3.0,10.9,10.1,0.21,10.6,0.162,1.6
2026-10-12,W1758,52.59955,10.41042,10.2,10.0,9.7,0.204,10.0,0.165,0.88
2026-10-06,W1759,52.59955,10.43999,0.0,14.2,12.8,0.16,11.6,0.132,1.44
2026-10-07,W1759,52.59955,10.43999,0.0,15.5,12.8,0.15,11.9,0.131,2.05
2026-10-08,W1759,52.59955,10.43999,9.88,12.3,12.3,0.214,12.3,0.136,1.22
2026-10-09,W1759,52.59955,10.43999,3.8,9.9,9.8,0.214,10.6,0.148,0.73
2026-10-10,W1759,52.59955,10.43999,6.0,11.5,11.9,0.225,11.1,0.156,1.31
2026-10-11,W1759,52.59955,10.43999,3.0,10.9,10.1,0.21,10.6,0.162,1.6
2026-10-12,W1759,52.59955,10.43999,10.2,10.0,9.7,0.204,10.0,0.165,0.88
2026-10-06,W1760,52.59955,10.46955,0.0,14.1,12.8,0.16,11.6,0.132,1.42
2026-10-07,W1760,52.59955,10.46955,0.0,15.4,12.8,0.15,11.9,0.131,2.04
2026-10-08,W1760,52.59955,10.46955,9.0,12.3,12.3,0.214,12.3,0.136,1.2
2026-10-09,W1760,52.59955,10.46955,3.9,9.9,9.8,0.214,10.6,0.148,0.73
2026-10-10,W1760,52.59955,10.46955,5.4,11.5,11.9,0.225,11.1,0.156,1.31
2026-10-11,W1760,52.59955,10.46955,3.0,10.9,10.1,0.21,10.6,0.162,1.6
2026-10-12,W1760,52.59955,10.46955,10.2,10.0,9.7,0.204,10.0,0.165,0.88
2026-10-06,W1761,52.59955,10.49912,0.0,14.1,13.2,0.149,12.5,0.11,1.43
2026-10-07,W1761,52.59955,10.49912,0.0,15.3,13.6,0.139,13.0,0.11,2.01
2026-10-08,W1761,52.59955,10.49912,8.45,12.2,12.9,0.185,13.4,0.111,1.2
2026-10-09,W1761,52.59955,10.49912,3.9,9.9,10.5,0.192,11.6,0.116,0.73
2026-10-10,W1761,52.59955,10.49912,5.4,11.5,12.4,0.206,12.0,0.121,1.31
2026-10-11,W1761,52.59955,10.49912,3.0,10.9,10.7,0.194,11.5,0.126,1.6
2026-10-12,W1761,52.59955,10.49912,10.2,10.0,10.2,0.184,10.8,0.129,0.88
2026-10-06,W1762,52.59955,10.52868,0.0,14.5,13.1,0.147,12.1,0.103,1.48
2026-10-07,W1762,52.59955,10.52868,0.0,15.5,13.3,0.135,12.5,0.103,2.06
2026-10-08,W1762,52.59955,10.52868,7.13,12.2,12.6,0.187,12.9,0.104,1.2
2026-10-09,W1762,52.59955,10.52868,3.9,9.9,10.1,0.194,11.1,0.111,0.73
2026-10-10,W1762,52.59955,10.52868,5.4,11.5,12.1,0.203,11.4,0.116,1.31
2026-10-11,W1762,52.59955,10.52868,3.0,10.9,10.2,0.191,11.0,0.121,1.6
2026-10-12,W1762,52.59955,10.52868,10.2,10.0,9.9,0.185,10.2,0.124,0.88
2026-10-06,W1763,52.59955,10.55825,0.0,14.2,13.1,0.147,12.1,0.103,1.42
2026-10-07,W1763,52.59955,10.55825,0.0,15.3,13.3,0.135,12.5,0.103,2.05
2026-10-08,W1763,52.59955,10.55825,7.7,12.1,12.6,0.187,12.9,0.104,1.19
2026-10-09,W1763,52.59955,10.55825,3.2,9.9,10.1,0.194,11.1,0.111,0.77
2026-10-10,W1763,52.59955,10.55825,4.8,11.5,12.1,0.203,11.4,0.116,1.31
2026-10-11,W1763,52.59955,10.55825,3.0,10.9,10.2,0.191,11.0,0.121,1.6
2026-10-12,W1763,52.59955,10.55825,10.2,10.0,9.9,0.185,10.2,0.124,0.88
2026-10-06,W1764,52.59955,10.58781,0.0,14.1,13.1,0.147,12.1,0.103,1.42
2026-10-07,W1764,52.59955,10.58781,0.0,15.3,13.3,0.135,12.5,0.103,2.05
2026-10-08,W1764,52.59955,10.58781,7.7,12.1,12.6,0.187,12.9,0.104,1.19
2026-10-09,W1764,52.59955,10.58781,3.2,9.9,10.1,0.194,11.1,0.111,0.77
2026-10-10,W1764,52.59955,10.58781,4.8,11.5,12.1,0.203,11.4,0.116,1.31
2026-10-11,W1764,52.59955,10.58781,2.25,10.8,10.2,0.191,11.0,0.121,1.56
2026-10-12,W1764,52.59955,10.58781,8.7,9.9,9.9,0.185,10.2,0.124,0.84
2026-10-06,W1765,52.59955,10.61737,0.0,14.0,13.1,0.147,12.1,0.103,1.45
2026-10-07,W1765,52.59955,10.61737,0.0,15.4,13.3,0.135,12.5,0.103,2.05
2026-10-08,W1765,52.59955,10.61737,8.27,12.2,12.6,0.187,12.9,0.104,1.15
2026-10-09,W1765,52.59955,10.61737,2.3,9.9,10.1,0.194,11.1,0.111,0.77
2026-10-10,W1765,52.59955,10.61737,4.8,11.5,12.1,0.203,11.4,0.116,1.29
2026-10-11,W1765,52.59955,10.61737,2.25,10.8,10.2,0.191,11.0,0.121,1.56
2026-10-12,W1765,52.59955,10.61737,8.7,9.9,9.9,0.185,10.2,0.124,0.84
2026-10-06,W1599,52.59955,10.64694,0.0,13.7,13.1,0.147,12.1,0.103,1.47
2026-10-07,W1599,52.59955,10.64694,0.0,15.3,13.3,0.135,12.5,0.103,2.05
2026-10-08,W1599,52.59955,10.64694,8.43,12.1,12.6,0.187,12.9,0.104,1.14
2026-10-09,W1599,52.59955,10.64694,2.3,9.8,10.1,0.194,11.1,0.111,0.77
2026-10-10,W1599,52.59955,10.64694,4.8,11.3,12.1,0.203,11.4,0.116,1.28
2026-10-11,W1599,52.59955,10.64694,2.25,10.7,10.2,0.191,11.0,0.121,1.55
2026-10-12,W1599,52.59955,10.64694,8.7,9.8,9.9,0.185,10.2,0.124,0.84
2026-10-06,W1600,52.59955,10.6765,0.0,13.9,13.1,0.142,12.1,0.086,1.49
2026-10-07,W1600,52.59955,10.6765,0.0,15.7,13.4,0.132,12.6,0.086,2.07
2026-10-08,W1600,52.59955,10.6765,8.25,12.3,12.9,0.211,13.2,0.094,1.11
2026-10-09,W1600,52.59955,10.6765,2.3,9.9,10.5,0.201,11.5,0.108,0.72
2026-10-10,W1600,52.59955,10.6765,4.8,11.4,12.3,0.202,11.7,0.114,1.22
2026-10-11,W1600,52.59955,10.6765,2.25,10.8,10.6,0.189,11.3,0.119,1.55
2026-10-12,W1600,52.59955,10.6765,8.7,9.9,10.1,0.181,10.6,0.122,0.84
2026-10-06,W1601,52.59955,10.70607,0.0,13.2,13.3,0.166,12.5,0.123,1.52
2026-10-07,W1601,52.59955,10.70607,0.0,15.1,13.6,0.157,12.9,0.123,2.05
2026-10-08,W1601,52.59955,10.70607,7.7,12.0,13.2,0.211,13.5,0.127,1.09
2026-10-09,W1601,52.59955,10.70607,2.3,9.7,10.7,0.207,11.7,0.138,0.72
2026-10-10,W1601,52.59955,10.70607,4.8,11.3,12.3,0.212,11.9,0.143,1.21
2026-10-11,W1601,52.59955,10.70607,2.25,10.8,10.7,0.206,11.5,0.149,1.63
2026-10-12,W1601,52.59955,10.70607,8.7,9.8,10.2,0.199,10.7,0.152,0.87
2026-10-06,W1610,52.59955,10.73563,0.0,14.2,13.3,0.166,12.5,0.123,1.52
2026-10-07,W1610,52.59955,10.73563,0.0,15.3,13.6,0.157,12.9,0.123,2.03
2026-10-08,W1610,52.59955,10.73563,5.95,12.1,13.2,0.211,13.5,0.127,1.08
2026-10-09,W1610,52.59955,10.73563,2.0,9.7,10.7,0.207,11.7,0.138,0.72
2026-10-10,W1610,52.59955,10.73563,5.1,11.3,12.3,0.212,11.9,0.143,1.19
2026-10-11,W1610,52.59955,10.73563,2.25,10.8,10.7,0.206,11.5,0.149,1.62
2026-10-12,W1610,52.59955,10.73563,8.7,9.8,10.2,0.199,10.7,0.152,0.87
2026-10-06,W1602,52.59955,10.76519,0.0,14.2,13.3,0.166,12.5,0.123,1.52
2026-10-07,W1602,52.59955,10.76519,0.0,15.3,13.6,0.157,12.9,0.123,2.03
2026-10-08,W1602,52.59955,10.76519,5.95,12.1,13.2,0.211,13.5,0.127,1.08
2026-10-09,W1602,52.59955,10.76519,2.0,9.7,10.7,0.207,11.7,0.138,0.72
2026-10-10,W1602,52.59955,10.76519,5.1,11.3,12.3,0.212,11.9,0.143,1.19
2026-10-11,W1602,52.59955,10.76519,2.25,10.8,10.7,0.206,11.5,0.149,1.62
2026-10-12,W1602,52.59955,10.76519,8.7,9.8,10.2,0.199,10.7,0.152,0.87
2026-10-06,W1603,52.59955,10.79476,0.0,13.9,13.3,0.166,12.5,0.123,1.51
2026-10-07,W1603,52.59955,10.79476,0.0,15.3,13.6,0.157,12.9,0.123,1.99
2026-10-08,W1603,52.59955,10.79476,6.58,12.2,13.2,0.211,13.5,0.127,1.13
2026-10-09,W1603,52.59955,10.79476,1.8,9.6,10.7,0.207,11.7,0.138,0.77
2026-10-10,W1603,52.59955,10.79476,4.2,11.2,12.3,0.212,11.9,0.143,1.24
2026-10-11,W1603,52.59955,10.79476,2.1,10.7,10.7,0.206,11.5,0.149,1.63
2026-10-12,W1603,52.59955,10.79476,8.7,9.7,10.2,0.199,10.7,0.152,0.86
2026-10-06,W1611,52.59955,10.82432,0.0,14.1,13.3,0.166,12.5,0.123,1.53
2026-10-07,W1611,52.59955,10.82432,0.0,14.7,13.6,0.157,12.9,0.123,1.95
2026-10-08,W1611,52.59955,10.82432,9.85,11.9,13.2,0.211,13.5,0.127,1.12
2026-10-09,W1611,52.59955,10.82432,1.8,9.6,10.7,0.207,11.7,0.138,0.77
2026-10-10,W1611,52.59955,10.82432,4.2,11.2,12.3,0.212,11.9,0.143,1.24
2026-10-11,W1611,52.59955,10.82432,1.65,10.7,10.7,0.206,11.5,0.149,1.69
2026-10-12,W1611,52.59955,10.82432,8.4,9.7,10.2,0.199,10.7,0.152,0.89
2026-10-06,W1604,52.59955,10.85389,0.0,14.3,13.7,0.221,13.1,0.172,1.54
2026-10-07,W1604,52.59955,10.85389,0.0,14.7,13.8,0.21,13.5,0.172,1.96
2026-10-08,W1604,52.59955,10.85389,9.5,11.8,13.3,0.245,13.8,0.173,1.19
2026-10-09,W1604,52.59955,10.85389,1.8,9.6,10.8,0.253,12.2,0.175,0.85
2026-10-10,W1604,52.59955,10.85389,3.9,11.2,12.4,0.259,12.2,0.177,1.4
2026-10-11,W1604,52.59955,10.85389,1.5,10.7,10.8,0.253,11.8,0.179,1.7
2026-10-12,W1604,52.59955,10.85389,8.4,9.7,10.5,0.247,11.1,0.181,0.89
2026-10-06,W1605,52.59955,10.88345,0.0,14.2,13.7,0.221,13.1,0.172,1.55
2026-10-07,W1605,52.59955,10.88345,0.0,14.9,13.8,0.21,13.5,0.172,2.08
2026-10-08,W1605,52.59955,10.88345,11.08,12.1,13.3,0.245,13.8,0.173,1.21
2026-10-09,W1605,52.59955,10.88345,1.8,9.8,10.8,0.253,12.2,0.175,0.86
2026-10-10,W1605,52.59955,10.88345,3.9,11.4,12.4,0.259,12.2,0.177,1.41
2026-10-11,W1605,52.59955,10.88345,1.5,10.8,10.8,0.253,11.8,0.179,1.71
2026-10-12,W1605,52.59955,10.88345,8.4,9.9,10.5,0.247,11.1,0.181,0.9
2026-10-06,W1766,52.59955,10.91302,0.0,13.9,13.7,0.221,13.1,0.172,1.54
2026-10-07,W1766,52.59955,10.91302,0.0,15.1,13.8,0.21,13.5,0.172,2.13
2026-10-08,W1766,52.59955,10.91302,9.13,12.3,13.3,0.245,13.8,0.173,1.22
2026-10-09,W1766,52.59955,10.91302,1.8,9.8,10.8,0.253,12.2,0.175,0.86
2026-10-10,W1766,52.59955,10.91302,3.3,11.4,12.4,0.259,12.2,0.177,1.41
2026-10-11,W1766,52.59955,10.91302,1.35,10.8,10.8,0.253,11.8,0.179,1.71
2026-10-12,W1766,52.59955,10.91302,8.4,9.9,10.5,0.247,11.1,0.181,0.9
2026-10-06,W1767,52.59955,10.94258,0.0,14.0,13.7,0.221,13.1,0.172,1.55
2026-10-07,W1767,52.59955,10.94258,0.0,15.2,13.8,0.21,13.5,0.172,2.14
2026-10-08,W1767,52.59955,10.94258,9.13,12.3,13.3,0.245,13.8,0.173,1.23
2026-10-09,W1767,52.59955,10.94258,1.8,9.9,10.8,0.253,12.2,0.175,0.86
2026-10-10,W1767,52.59955,10.94258,3.3,11.5,12.4,0.259,12.2,0.177,1.42
2026-10-11,W1767,52.59955,10.94258,1.35,10.9,10.8,0.253,11.8,0.179,1.72
2026-10-12,W1767,52.59955,10.94258,8.4,10.0,10.5,0.247,11.1,0.181,0.9
2026-10-06,W1608,52.59955,10.97214,0.0,14.5,13.7,0.221,13.1,0.172,1.52
2026-10-07,W1608,52.59955,10.97214,0.0,15.2,13.8,0.21,13.5,0.172,2.11
2026-10-08,W1608,52.59955,10.97214,8.33,12.4,13.3,0.245,13.8,0.173,1.22
2026-10-09,W1608,52.59955,10.97214,1.6,9.9,10.8,0.253,12.2,0.175,0.88
2026-10-10,W1608,52.59955,10.97214,3.6,11.5,12.4,0.259,12.2,0.177,1.4
2026-10-11,W1608,52.59955,10.97214,1.5,10.9,10.8,0.253,11.8,0.179,1.72
2026-10-12,W1608,52.59955,10.97214,8.4,9.9,10.5,0.247,11.1,0.181,0.9
2026-10-06,W1768,52.59955,11.00171,0.0,14.4,13.6,0.236,13.0,0.203,1.47
2026-10-07,W1768,52.59955,11.00171,0.0,15.1,13.5,0.225,13.3,0.203,2.05
2026-10-08,W1768,52.59955,11.00171,8.42,12.3,13.1,0.268,13.6,0.203,1.21
2026-10-09,W1768,52.59955,11.00171,1.6,9.9,10.7,0.277,12.0,0.207,0.88
2026-10-10,W1768,52.59955,11.00171,3.6,11.5,12.3,0.304,12.1,0.211,1.4
2026-10-11,W1768,52.59955,11.00171,1.5,10.9,10.8,0.289,11.7,0.216,1.72
2026-10-12,W1768,52.59955,11.00171,8.4,9.9,10.3,0.276,11.1,0.219,0.9
2026-10-06,W1769,52.59955,11.03127,0.0,13.9,14.0,0.209,13.5,0.151,1.48
2026-10-07,W1769,52.59955,11.03127,0.0,14.8,14.1,0.199,13.8,0.151,2.07
2026-10-08,W1769,52.59955,11.03127,8.55,12.2,13.5,0.234,14.1,0.152,1.24
2026-10-09,W1769,52.59955,11.03127,1.6,10.0,11.0,0.243,12.5,0.155,0.97
2026-10-10,W1769,52.59955,11.03127,3.3,11.6,12.7,0.246,12.5,0.157,1.51
2026-10-11,W1769,52.59955,11.03127,1.5,10.9,11.1,0.238,12.1,0.159,1.75
2026-10-12,W1769,52.59955,11.03127,8.4,10.0,10.8,0.232,11.5,0.161,0.9
2026-10-06,W1770,52.59955,11.06084,0.0,13.8,14.0,0.209,13.5,0.151,1.45
2026-10-07,W1770,52.59955,11.06084,0.0,15.4,14.1,0.199,13.8,0.151,2.1
2026-10-08,W1770,52.59955,11.06084,8.63,12.4,13.5,0.234,14.1,0.152,1.26
2026-10-09,W1770,52.59955,11.06084,1.6,9.9,11.0,0.243,12.5,0.155,0.97
2026-10-10,W1770,52.59955,11.06084,3.3,11.5,12.7,0.246,12.5,0.157,1.5
2026-10-11,W1770,52.59955,11.06084,1.5,10.8,11.1,0.238,12.1,0.159,1.74
2026-10-12,W1770,52.59955,11.06084,8.4,9.9,10.8,0.232,11.5,0.161,0.9
2026-10-06,W1612,52.59955,11.0904,0.0,13.8,14.0,0.209,13.5,0.151,1.41
2026-10-07,W1612,52.59955,11.0904,0.0,16.0,14.1,0.199,13.8,0.151,2.12
2026-10-08,W1612,52.59955,11.0904,8.72,12.5,13.5,0.234,14.1,0.152,1.27
2026-10-09,W1612,52.59955,11.0904,1.6,9.7,11.0,0.243,12.5,0.155,0.96
2026-10-10,W1612,52.59955,11.0904,3.3,11.3,12.7,0.246,12.5,0.157,1.49
2026-10-11,W1612,52.59955,11.0904,1.05,10.9,11.1,0.238,12.1,0.159,1.86
2026-10-12,W1612,52.59955,11.0904,10.2,9.7,10.8,0.232,11.5,0.161,0.91
2026-10-06,W1613,52.59955,11.11997,0.0,13.9,14.0,0.209,13.5,0.151,1.42
2026-10-07,W1613,52.59955,11.11997,0.0,16.1,14.1,0.199,13.8,0.151,2.12
2026-10-08,W1613,52.59955,11.11997,8.65,12.5,13.5,0.234,14.1,0.152,1.27
2026-10-09,W1613,52.59955,11.11997,1.5,9.8,11.0,0.243,12.5,0.155,0.99
2026-10-10,W1613,52.59955,11.11997,3.0,11.3,12.7,0.246,12.5,0.157,1.54
2026-10-11,W1613,52.59955,11.11997,0.9,11.0,11.1,0.238,12.1,0.159,1.87
2026-10-12,W1613,52.59955,11.11997,10.2,9.8,10.8,0.232,11.5,0.161,0.91
2026-10-06,W1614,52.59955,11.14953,0.0,13.8,14.0,0.209,13.5,0.151,1.39
2026-10-07,W1614,52.59955,11.14953,0.0,16.2,14.1,0.199,13.8,0.151,2.11
2026-10-08,W1614,52.59955,11.14953,8.5,12.7,13.5,0.234,14.1,0.152,1.28
2026-10-09,W1614,52.59955,11.14953,1.5,9.8,11.0,0.243,12.5,0.155,1.0
2026-10-10,W1614,52.59955,11.14953,3.0,11.4,12.7,0.246,12.5,0.157,1.55
2026-10-11,W1614,52.59955,11.14953,0.9,11.0,11.1,0.238,12.1,0.159,1.87
2026-10-12,W1614,52.59955,11.14953,10.2,9.9,10.8,0.232,11.5,0.161,0.92
2026-10-06,W0621,52.6086,10.1295,0.0,14.9,13.7,0.168,12.9,0.145,1.44
2026-10-07,W0621,52.6086,10.1295,0.0,16.0,13.6,0.155,13.2,0.144,2.01
2026-10-08,W0621,52.6086,10.1295,15.83,12.5,12.9,0.228,13.5,0.153,1.17
2026-10-09,W0621,52.6086,10.1295,6.8,10.2,10.3,0.22,11.5,0.167,0.74
2026-10-10,W0621,52.6086,10.1295,6.3,11.7,12.4,0.228,11.9,0.174,1.28
2026-10-11,W0621,52.6086,10.1295,3.9,10.9,10.7,0.21,11.4,0.178,1.53
2026-10-12,W0621,52.6086,10.1295,12.3,10.1,10.3,0.201,10.8,0.179,0.89
2026-10-06,W0622,52.6086,10.1591,0.0,14.7,13.2,0.16,12.3,0.126,1.47
2026-10-07,W0622,52.6086,10.1591,0.0,15.8,13.3,0.148,12.7,0.125,2.0
2026-10-08,W0622,52.6086,10.1591,13.88,12.4,12.7,0.211,13.0,0.129,1.17
2026-10-09,W0622,52.6086,10.1591,6.1,10.2,10.2,0.211,11.2,0.14,0.75
2026-10-10,W0622,52.6086,10.1591,6.3,11.7,12.2,0.22,11.6,0.148,1.28
2026-10-11,W0622,52.6086,10.1591,3.75,10.9,10.4,0.203,11.1,0.153,1.54
2026-10-12,W0622,52.6086,10.1591,12.3,10.1,10.0,0.196,10.4,0.156,0.89
2026-10-06,W0623,52.6086,10.1886,0.0,14.7,13.2,0.16,12.3,0.126,1.47
2026-10-07,W0623,52.6086,10.1886,0.0,15.8,13.3,0.148,12.7,0.125,2.0
2026-10-08,W0623,52.6086,10.1886,13.88,12.4,12.7,0.211,13.0,0.129,1.17
2026-10-09,W0623,52.6086,10.1886,6.1,10.2,10.2,0.211,11.2,0.14,0.75
2026-10-10,W0623,52.6086,10.1886,6.3,11.7,12.2,0.22,11.6,0.148,1.28
2026-10-11,W0623,52.6086,10.1886,3.75,10.9,10.4,0.203,11.1,0.153,1.54
2026-10-12,W0623,52.6086,10.1886,12.3,10.1,10.0,0.196,10.4,0.156,0.89
2026-10-06,W0624,52.6086,10.2182,0.0,14.5,13.2,0.16,12.3,0.126,1.44
2026-10-07,W0624,52.6086,10.2182,0.0,15.4,13.3,0.148,12.7,0.125,1.97
2026-10-08,W0624,52.6086,10.2182,14.33,12.2,12.7,0.211,13.0,0.129,1.16
2026-10-09,W0624,52.6086,10.2182,6.1,10.1,10.2,0.211,11.2,0.14,0.75
2026-10-10,W0624,52.6086,10.2182,6.3,11.6,12.2,0.22,11.6,0.148,1.28
2026-10-11,W0624,52.6086,10.2182,3.75,10.8,10.4,0.203,11.1,0.153,1.54
2026-10-12,W0624,52.6086,10.2182,12.3,10.0,10.0,0.196,10.4,0.156,0.89
2026-10-06,W0625,52.6086,10.2477,0.0,14.5,13.2,0.16,12.3,0.126,1.43
2026-10-07,W0625,52.6086,10.2477,0.0,15.7,13.3,0.148,12.7,0.125,2.04
2026-10-08,W0625,52.6086,10.2477,13.95,12.3,12.7,0.211,13.0,0.129,1.22
2026-10-09,W0625,52.6086,10.2477,5.8,10.2,10.2,0.211,11.2,0.14,0.81
2026-10-10,W0625,52.6086,10.2477,6.0,11.7,12.2,0.22,11.6,0.148,1.36
2026-10-11,W0625,52.6086,10.2477,3.6,10.9,10.4,0.203,11.1,0.153,1.56
2026-10-12,W0625,52.6086,10.2477,12.3,10.1,10.0,0.196,10.4,0.156,0.89
2026-10-06,W0626,52.6086,10.2772,0.0,14.6,13.2,0.16,12.3,0.126,1.46
2026-10-07,W0626,52.6086,10.2772,0.0,15.9,13.3,0.148,12.7,0.125,2.09
2026-10-08,W0626,52.6086,10.2772,13.78,12.4,12.7,0.211,13.0,0.129,1.24
2026-10-09,W0626,52.6086,10.2772,5.8,10.2,10.2,0.211,11.2,0.14,0.81
2026-10-10,W0626,52.6086,10.2772,6.0,11.7,12.2,0.22,11.6,0.148,1.36
2026-10-11,W0626,52.6086,10.2772,3.6,10.9,10.4,0.203,11.1,0.153,1.56
2026-10-12,W0626,52.6086,10.2772,12.3,10.1,10.0,0.196,10.4,0.156,0.89
2026-10-06,W0627,52.6086,10.3068,0.0,14.5,13.2,0.16,12.3,0.126,1.49
2026-10-07,W0627,52.6086,10.3068,0.0,15.8,13.3,0.148,12.7,0.125,2.1
2026-10-08,W0627,52.6086,10.3068,12.95,12.4,12.7,0.211,13.0,0.129,1.28
2026-10-09,W0627,52.6086,10.3068,4.7,10.1,10.2,0.211,11.2,0.14,0.8
2026-10-10,W0627,52.6086,10.3068,6.3,11.7,12.2,0.22,11.6,0.148,1.36
2026-10-11,W0627,52.6086,10.3068,3.75,10.9,10.4,0.203,11.1,0.153,1.56
2026-10-12,W0627,52.6086,10.3068,12.3,10.0,10.0,0.196,10.4,0.156,0.89
2026-10-06,W1615,52.61757,10.32173,0.0,14.5,13.2,0.16,12.3,0.126,1.41
2026-10-07,W1615,52.61757,10.32173,0.0,16.0,13.3,0.148,12.7,0.125,2.12
2026-10-08,W1615,52.61757,10.32173,14.03,12.4,12.7,0.211,13.0,0.129,1.28
2026-10-09,W1615,52.61757,10.32173,4.7,10.1,10.2,0.211,11.2,0.14,0.8
2026-10-10,W1615,52.61757,10.32173,6.3,11.6,12.2,0.22,11.6,0.148,1.36
2026-10-11,W1615,52.61757,10.32173,3.15,10.9,10.4,0.203,11.1,0.153,1.62
2026-10-12,W1615,52.61757,10.32173,10.2,10.0,10.0,0.196,10.4,0.156,0.88
2026-10-06,W0628,52.6086,10.3658,0.0,14.5,12.8,0.16,11.6,0.132,1.46
2026-10-07,W0628,52.6086,10.3658,0.0,15.7,12.8,0.15,11.9,0.131,2.1
2026-10-08,W0628,52.6086,10.3658,11.63,12.3,12.3,0.214,12.3,0.136,1.23
2026-10-09,W0628,52.6086,10.3658,4.6,10.0,9.8,0.214,10.6,0.148,0.73
2026-10-10,W0628,52.6086,10.3658,6.3,11.6,11.9,0.225,11.1,0.156,1.29
2026-10-11,W0628,52.6086,10.3658,3.15,10.9,10.1,0.21,10.6,0.162,1.59
2026-10-12,W0628,52.6086,10.3658,10.2,10.0,9.7,0.204,10.0,0.165,0.88
2026-10-06,W0629,52.6086,10.3954,0.0,14.2,12.8,0.16,11.6,0.132,1.46
2026-10-07,W0629,52.6086,10.3954,0.0,15.4,12.8,0.15,11.9,0.131,2.05
2026-10-08,W0629,52.6086,10.3954,10.2,12.2,12.3,0.214,12.3,0.136,1.22
2026-10-09,W0629,52.6086,10.3954,4.6,9.9,9.8,0.214,10.6,0.148,0.73
2026-10-10,W0629,52.6086,10.3954,6.3,11.5,11.9,0.225,11.1,0.156,1.29
2026-10-11,W0629,52.6086,10.3954,3.15,10.8,10.1,0.21,10.6,0.162,1.59
2026-10-12,W0629,52.6086,10.3954,10.2,9.9,9.7,0.204,10.0,0.165,0.88
2026-10-06,W0630,52.6086,10.4249,0.0,14.3,12.8,0.16,11.6,0.132,1.44
2026-10-07,W0630,52.6086,10.4249,0.0,15.6,12.8,0.15,11.9,0.131,2.05
2026-10-08,W0630,52.6086,10.4249,9.88,12.3,12.3,0.214,12.3,0.136,1.22
2026-10-09,W0630,52.6086,10.4249,3.8,10.0,9.8,0.214,10.6,0.148,0.73
2026-10-10,W0630,52.6086,10.4249,6.0,11.6,11.9,0.225,11.1,0.156,1.31
2026-10-11,W0630,52.6086,10.4249,3.0,10.9,10.1,0.21,10.6,0.162,1.6
2026-10-12,W0630,52.6086,10.4249,10.2,10.0,9.7,0.204,10.0,0.165,0.88
2026-10-06,W1616,52.61757,10.43999,0.0,14.1,12.8,0.16,11.6,0.132,1.42
2026-10-07,W1616,52.61757,10.43999,0.0,15.6,12.8,0.15,11.9,0.131,2.03
2026-10-08,W1616,52.61757,10.43999,9.95,12.2,12.3,0.214,12.3,0.136,1.21
2026-10-09,W1616,52.61757,10.43999,3.8,9.9,9.8,0.214,10.6,0.148,0.73
2026-10-10,W1616,52.61757,10.43999,6.0,11.5,11.9,0.225,11.1,0.156,1.31
2026-10-11,W1616,52.61757,10.43999,3.0,10.8,10.1,0.21,10.6,0.162,1.59
2026-10-12,W1616,52.61757,10.43999,10.2,9.9,9.7,0.204,10.0,0.165,0.88
2026-10-06,W0631,52.6086,10.484,0.0,14.1,12.8,0.16,11.6,0.132,1.43
2026-10-07,W0631,52.6086,10.484,0.0,15.3,12.8,0.15,11.9,0.131,2.01
2026-10-08,W0631,52.6086,10.484,8.45,12.2,12.3,0.214,12.3,0.136,1.2
2026-10-09,W0631,52.6086,10.484,3.9,9.9,9.8,0.214,10.6,0.148,0.73
2026-10-10,W0631,52.6086,10.484,5.4,11.5,11.9,0.225,11.1,0.156,1.31
2026-10-11,W0631,52.6086,10.484,3.0,10.9,10.1,0.21,10.6,0.162,1.6
2026-10-12,W0631,52.6086,10.484,10.2,10.0,9.7,0.204,10.0,0.165,0.88
2026-10-06,W0632,52.6086,10.5135,0.0,14.5,13.1,0.147,12.1,0.103,1.48
2026-10-07,W0632,52.6086,10.5135,0.0,15.5,13.3,0.135,12.5,0.103,2.06
2026-10-08,W0632,52.6086,10.5135,7.13,12.2,12.6,0.187,12.9,0.104,1.2
2026-10-09,W0632,52.6086,10.5135,3.9,9.9,10.1,0.194,11.1,0.111,0.73
2026-10-10,W0632,52.6086,10.5135,5.4,11.5,12.1,0.203,11.4,0.116,1.31
2026-10-11,W0632,52.6086,10.5135,3.0,10.9,10.2,0.191,11.0,0.121,1.6
2026-10-12,W0632,52.6086,10.5135,10.2,10.0,9.9,0.185,10.2,0.124,0.88
2026-10-06,W0633,52.6086,10.5431,0.0,14.1,13.1,0.147,12.1,0.103,1.46
2026-10-07,W0633,52.6086,10.5431,0.0,15.3,13.3,0.135,12.5,0.103,2.04
2026-10-08,W0633,52.6086,10.5431,7.48,12.0,12.6,0.187,12.9,0.104,1.19
2026-10-09,W0633,52.6086,10.5431,3.2,9.8,10.1,0.194,11.1,0.111,0.77
2026-10-10,W0633,52.6086,10.5431,4.8,11.4,12.1,0.203,11.4,0.116,1.31
2026-10-11,W0633,52.6086,10.5431,3.0,10.8,10.2,0.191,11.0,0.121,1.59
2026-10-12,W0633,52.6086,10.5431,10.2,9.9,9.9,0.185,10.2,0.124,0.88
2026-10-06,W1617,52.61757,10.55825,0.0,14.2,13.1,0.147,12.1,0.103,1.46
2026-10-07,W1617,52.61757,10.55825,0.0,15.2,13.3,0.135,12.5,0.103,2.06
2026-10-08,W1617,52.61757,10.55825,7.33,12.0,12.6,0.187,12.9,0.104,1.19
2026-10-09,W1617,52.61757,10.55825,3.2,9.8,10.1,0.194,11.1,0.111,0.77
2026-10-10,W1617,52.61757,10.55825,4.8,11.4,12.1,0.203,11.4,0.116,1.31
2026-10-11,W1617,52.61757,10.55825,3.0,10.8,10.2,0.191,11.0,0.121,1.59
2026-10-12,W1617,52.61757,10.55825,10.2,9.9,9.9,0.185,10.2,0.124,0.88
2026-10-06,W0634,52.6086,10.6021,0.0,14.1,13.1,0.147,12.1,0.103,1.44
2026-10-07,W0634,52.6086,10.6021,0.0,15.4,13.3,0.135,12.5,0.103,2.06
2026-10-08,W0634,52.6086,10.6021,7.85,12.1,12.6,0.187,12.9,0.104,1.15
2026-10-09,W0634,52.6086,10.6021,2.3,9.9,10.1,0.194,11.1,0.111,0.77
2026-10-10,W0634,52.6086,10.6021,4.8,11.5,12.1,0.203,11.4,0.116,1.29
2026-10-11,W0634,52.6086,10.6021,2.25,10.8,10.2,0.191,11.0,0.121,1.55
2026-10-12,W0634,52.6086,10.6021,8.7,9.9,9.9,0.185,10.2,0.124,0.84
2026-10-06,W0635,52.6086,10.6317,0.0,13.8,13.1,0.147,12.1,0.103,1.48
2026-10-07,W0635,52.6086,10.6317,0.0,15.5,13.3,0.135,12.5,0.103,2.06
2026-10-08,W0635,52.6086,10.6317,8.43,12.2,12.6,0.187,12.9,0.104,1.15
2026-10-09,W0635,52.6086,10.6317,2.3,9.9,10.1,0.194,11.1,0.111,0.77
2026-10-10,W0635,52.6086,10.6317,4.8,11.5,12.1,0.203,11.4,0.116,1.29
2026-10-11,W0635,52.6086,10.6317,2.25,10.8,10.2,0.191,11.0,0.121,1.56
2026-10-12,W0635,52.6086,10.6317,8.7,9.9,9.9,0.185,10.2,0.124,0.84
2026-10-06,W0636,52.6086,10.6612,0.0,13.8,13.1,0.147,12.1,0.103,1.49
2026-10-07,W0636,52.6086,10.6612,0.0,15.6,13.3,0.135,12.5,0.103,2.06
2026-10-08,W0636,52.6086,10.6612,8.25,12.2,12.6,0.187,12.9,0.104,1.1
2026-10-09,W0636,52.6086,10.6612,2.3,9.8,10.1,0.194,11.1,0.111,0.72
2026-10-10,W0636,52.6086,10.6612,4.8,11.4,12.1,0.203,11.4,0.116,1.22
2026-10-11,W0636,52.6086,10.6612,2.25,10.7,10.2,0.191,11.0,0.121,1.54
2026-10-12,W0636,52.6086,10.6612,8.7,9.8,9.9,0.185,10.2,0.124,0.84
2026-10-06,W0637,52.6086,10.6908,0.0,13.3,13.3,0.166,12.5,0.123,1.52
2026-10-07,W0637,52.6086,10.6908,0.0,15.2,13.6,0.157,12.9,0.123,2.05
2026-10-08,W0637,52.6086,10.6908,7.7,12.0,13.2,0.211,13.5,0.127,1.1
2026-10-09,W0637,52.6086,10.6908,2.3,9.8,10.7,0.207,11.7,0.138,0.72
2026-10-10,W0637,52.6086,10.6908,4.8,11.3,12.3,0.212,11.9,0.143,1.21
2026-10-11,W0637,52.6086,10.6908,2.25,10.8,10.7,0.206,11.5,0.149,1.64
2026-10-12,W0637,52.6086,10.6908,8.7,9.9,10.2,0.199,10.7,0.152,0.87
2026-10-06,W0638,52.6086,10.7203,0.0,14.0,13.3,0.166,12.5,0.123,1.51
2026-10-07,W0638,52.6086,10.7203,0.0,15.3,13.6,0.157,12.9,0.123,2.03
2026-10-08,W0638,52.6086,10.7203,6.33,12.0,13.2,0.211,13.5,0.127,1.08
2026-10-09,W0638,52.6086,10.7203,2.0,9.8,10.7,0.207,11.7,0.138,0.72
2026-10-10,W0638,52.6086,10.7203,5.1,11.3,12.3,0.212,11.9,0.143,1.19
2026-10-11,W0638,52.6086,10.7203,2.25,10.9,10.7,0.206,11.5,0.149,1.63
2026-10-12,W0638,52.6086,10.7203,8.7,9.9,10.2,0.199,10.7,0.152,0.87
2026-10-06,W0639,52.6086,10.7498,0.0,14.1,13.3,0.166,12.5,0.123,1.52
2026-10-07,W0639,52.6086,10.7498,0.0,15.2,13.6,0.157,12.9,0.123,2.02
2026-10-08,W0639,52.6086,10.7498,5.95,11.9,13.2,0.211,13.5,0.127,1.07
2026-10-09,W0639,52.6086,10.7498,2.0,9.6,10.7,0.207,11.7,0.138,0.72
2026-10-10,W0639,52.6086,10.7498,5.1,11.2,12.3,0.212,11.9,0.143,1.18
2026-10-11,W0639,52.6086,10.7498,2.25,10.7,10.7,0.206,11.5,0.149,1.62
2026-10-12,W0639,52.6086,10.7498,8.7,9.7,10.2,0.199,10.7,0.152,0.86
2026-10-06,W0640,52.6086,10.7794,0.0,14.0,13.3,0.166,12.5,0.123,1.51
2026-10-07,W0640,52.6086,10.7794,0.0,15.4,13.6,0.157,12.9,0.123,1.99
2026-10-08,W0640,52.6086,10.7794,6.58,12.2,13.2,0.211,13.5,0.127,1.08
2026-10-09,W0640,52.6086,10.7794,2.0,9.6,10.7,0.207,11.7,0.138,0.72
2026-10-10,W0640,52.6086,10.7794,5.1,11.2,12.3,0.212,11.9,0.143,1.18
2026-10-11,W0640,52.6086,10.7794,2.25,10.7,10.7,0.206,11.5,0.149,1.62
2026-10-12,W0640,52.6086,10.7794,8.7,9.7,10.2,0.199,10.7,0.152,0.86
2026-10-06,W0641,52.6086,10.8089,0.0,13.9,13.3,0.166,12.5,0.123,1.51
2026-10-07,W0641,52.6086,10.8089,0.0,15.3,13.6,0.157,12.9,0.123,1.99
2026-10-08,W0641,52.6086,10.8089,6.58,12.1,13.2,0.211,13.5,0.127,1.13
2026-10-09,W0641,52.6086,10.8089,1.8,9.6,10.7,0.207,11.7,0.138,0.77
2026-10-10,W0641,52.6086,10.8089,4.2,11.2,12.3,0.212,11.9,0.143,1.24
2026-10-11,W0641,52.6086,10.8089,2.1,10.6,10.7,0.206,11.5,0.149,1.63
2026-10-12,W0641,52.6086,10.8089,8.7,9.7,10.2,0.199,10.7,0.152,0.86
2026-10-06,W0642,52.6086,10.8384,0.0,14.1,13.7,0.221,13.1,0.172,1.52
2026-10-07,W0642,52.6086,10.8384,0.0,14.7,13.8,0.21,13.5,0.172,1.95
2026-10-08,W0642,52.6086,10.8384,9.85,11.9,13.3,0.245,13.8,0.173,1.12
2026-10-09,W0642,52.6086,10.8384,1.8,9.6,10.8,0.253,12.2,0.175,0.77
2026-10-10,W0642,52.6086,10.8384,4.2,11.2,12.4,0.259,12.2,0.177,1.24
2026-10-11,W0642,52.6086,10.8384,1.65,10.6,10.8,0.253,11.8,0.179,1.68
2026-10-12,W0642,52.6086,10.8384,8.4,9.7,10.5,0.247,11.1,0.181,0.89
2026-10-06,W0643,52.6086,10.868,0.0,14.4,13.7,0.221,13.1,0.172,1.55
2026-10-07,W0643,52.6086,10.868,0.0,14.8,13.8,0.21,13.5,0.172,1.97
2026-10-08,W0643,52.6086,10.868,9.5,12.0,13.3,0.245,13.8,0.173,1.2
2026-10-09,W0643,52.6086,10.868,1.8,9.7,10.8,0.253,12.2,0.175,0.86
2026-10-10,W0643,52.6086,10.868,3.9,11.4,12.4,0.259,12.2,0.177,1.4
2026-10-11,W0643,52.6086,10.868,1.5,10.8,10.8,0.253,11.8,0.179,1.71
2026-10-12,W0643,52.6086,10.868,8.4,9.9,10.5,0.247,11.1,0.181,0.9
2026-10-06,W1618,52.61757,10.88345,0.0,14.4,13.7,0.221,13.1,0.172,1.53
2026-10-07,W1618,52.61757,10.88345,0.0,14.9,13.8,0.21,13.5,0.172,2.04
2026-10-08,W1618,52.61757,10.88345,10.55,12.0,13.3,0.245,13.8,0.173,1.2
2026-10-09,W1618,52.61757,10.88345,1.8,9.7,10.8,0.253,12.2,0.175,0.85
2026-10-10,W1618,52.61757,10.88345,3.9,11.4,12.4,0.259,12.2,0.177,1.4
2026-10-11,W1618,52.61757,10.88345,1.5,10.8,10.8,0.253,11.8,0.179,1.71
2026-10-12,W1618,52.61757,10.88345,8.4,9.9,10.5,0.247,11.1,0.181,0.9
2026-10-06,W1619,52.61757,10.91302,0.0,14.2,13.7,0.221,13.1,0.172,1.55
2026-10-07,W1619,52.61757,10.91302,0.0,15.7,13.8,0.21,13.5,0.172,2.18
2026-10-08,W1619,52.61757,10.91302,11.4,12.4,13.3,0.245,13.8,0.173,1.23
2026-10-09,W1619,52.61757,10.91302,1.8,9.9,10.8,0.253,12.2,0.175,0.86
2026-10-10,W1619,52.61757,10.91302,3.3,11.5,12.4,0.259,12.2,0.177,1.42
2026-10-11,W1619,52.61757,10.91302,1.35,10.9,10.8,0.253,11.8,0.179,1.72
2026-10-12,W1619,52.61757,10.91302,8.4,10.0,10.5,0.247,11.1,0.181,0.9
2026-10-06,W0644,52.6086,10.9566,0.0,14.2,13.7,0.221,13.1,0.172,1.51
2026-10-07,W0644,52.6086,10.9566,0.0,15.5,13.8,0.21,13.5,0.172,2.13
2026-10-08,W0644,52.6086,10.9566,8.95,12.5,13.3,0.245,13.8,0.173,1.23
2026-10-09,W0644,52.6086,10.9566,1.8,9.9,10.8,0.253,12.2,0.175,0.86
2026-10-10,W0644,52.6086,10.9566,3.3,11.5,12.4,0.259,12.2,0.177,1.42
2026-10-11,W0644,52.6086,10.9566,1.35,10.9,10.8,0.253,11.8,0.179,1.72
2026-10-12,W0644,52.6086,10.9566,8.4,9.9,10.5,0.247,11.1,0.181,0.9
2026-10-06,W0645,52.6086,10.9861,0.0,14.5,13.7,0.221,13.1,0.172,1.52
2026-10-07,W0645,52.6086,10.9861,0.0,15.2,13.8,0.21,13.5,0.172,2.11
2026-10-08,W0645,52.6086,10.9861,8.33,12.4,13.3,0.245,13.8,0.173,1.22
2026-10-09,W0645,52.6086,10.9861,1.6,9.9,10.8,0.253,12.2,0.175,0.88
2026-10-10,W0645,52.6086,10.9861,3.6,11.5,12.4,0.259,12.2,0.177,1.4
2026-10-11,W0645,52.6086,10.9861,1.5,10.9,10.8,0.253,11.8,0.179,1.72
2026-10-12,W0645,52.6086,10.9861,8.4,9.9,10.5,0.247,11.1,0.181,0.9
2026-10-06,W0646,52.6086,11.0157,0.0,14.3,14.0,0.209,13.5,0.151,1.47
2026-10-07,W0646,52.6086,11.0157,0.0,15.1,14.1,0.199,13.8,0.151,2.05
2026-10-08,W0646,52.6086,11.0157,8.42,12.2,13.5,0.234,14.1,0.152,1.2
2026-10-09,W0646,52.6086,11.0157,1.6,9.8,11.0,0.243,12.5,0.155,0.88
2026-10-10,W0646,52.6086,11.0157,3.6,11.4,12.7,0.246,12.5,0.157,1.4
2026-10-11,W0646,52.6086,11.0157,1.5,10.8,11.1,0.238,12.1,0.159,1.71
2026-10-12,W0646,52.6086,11.0157,8.4,9.8,10.8,0.232,11.5,0.161,0.9
2026-10-06,W0647,52.6086,11.0452,0.0,14.0,14.0,0.209,13.5,0.151,1.48
2026-10-07,W0647,52.6086,11.0452,0.0,14.9,14.1,0.199,13.8,0.151,2.07
2026-10-08,W0647,52.6086,11.0452,8.55,12.3,13.5,0.234,14.1,0.152,1.25
2026-10-09,W0647,52.6086,11.0452,1.6,10.0,11.0,0.243,12.5,0.155,0.98
2026-10-10,W0647,52.6086,11.0452,3.3,11.6,12.7,0.246,12.5,0.157,1.51
2026-10-11,W0647,52.6086,11.0452,1.5,11.0,11.1,0.238,12.1,0.159,1.75
2026-10-12,W0647,52.6086,11.0452,8.4,10.0,10.8,0.232,11.5,0.161,0.9
2026-10-06,W0648,52.6086,11.0747,0.0,13.6,14.0,0.209,13.5,0.151,1.45
2026-10-07,W0648,52.6086,11.0747,0.0,15.4,14.1,0.199,13.8,0.151,2.11
2026-10-08,W0648,52.6086,11.0747,8.4,12.4,13.5,0.234,14.1,0.152,1.26
2026-10-09,W0648,52.6086,11.0747,1.6,9.9,11.0,0.243,12.5,0.155,0.97
2026-10-10,W0648,52.6086,11.0747,3.3,11.5,12.7,0.246,12.5,0.157,1.5
2026-10-11,W0648,52.6086,11.0747,1.05,11.0,11.1,0.238,12.1,0.159,1.87
2026-10-12,W0648,52.6086,11.0747,10.2,9.9,10.8,0.232,11.5,0.161,0.92
2026-10-06,W0649,52.6086,11.1043,0.0,13.8,14.0,0.209,13.5,0.151,1.42
2026-10-07,W0649,52.6086,11.1043,0.0,16.0,14.1,0.199,13.8,0.151,2.12
2026-10-08,W0649,52.6086,11.1043,8.65,12.5,13.5,0.234,14.1,0.152,1.27
2026-10-09,W0649,52.6086,11.1043,1.5,9.7,11.0,0.243,12.5,0.155,0.99
2026-10-10,W0649,52.6086,11.1043,3.0,11.3,12.7,0.246,12.5,0.157,1.54
2026-10-11,W0649,52.6086,11.1043,0.9,10.9,11.1,0.238,12.1,0.159,1.86
2026-10-12,W0649,52.6086,11.1043,10.2,9.8,10.8,0.232,11.5,0.161,0.91
2026-10-06,W0650,52.6086,11.1338,0.0,13.8,14.0,0.209,13.5,0.151,1.39
2026-10-07,W0650,52.6086,11.1338,0.0,16.2,14.1,0.199,13.8,0.151,2.11
2026-10-08,W0650,52.6086,11.1338,8.5,12.7,13.5,0.234,14.1,0.152,1.28
2026-10-09,W0650,52.6086,11.1338,1.5,9.8,11.0,0.243,12.5,0.155,1.0
2026-10-10,W0650,52.6086,11.1338,3.0,11.4,12.7,0.246,12.5,0.157,1.55
2026-10-11,W0650,52.6086,11.1338,0.9,11.0,11.1,0.238,12.1,0.159,1.87
2026-10-12,W0650,52.6086,11.1338,10.2,9.9,10.8,0.232,11.5,0.161,0.92
2026-10-06,W1620,52.61757,11.14953,0.0,14.9,14.0,0.209,13.5,0.151,1.45
2026-10-07,W1620,52.61757,11.14953,0.0,16.7,14.1,0.199,13.8,0.151,2.22
2026-10-08,W1620,52.61757,11.14953,8.43,13.2,13.5,0.234,14.1,0.152,1.38
2026-10-09,W1620,52.61757,11.14953,1.5,10.0,11.0,0.243,12.5,0.155,1.0
2026-10-10,W1620,52.61757,11.14953,3.0,11.6,12.7,0.246,12.5,0.157,1.56
2026-10-11,W1620,52.61757,11.14953,0.9,11.2,11.1,0.238,12.1,0.159,1.88
2026-10-12,W1620,52.61757,11.14953,10.2,10.0,10.8,0.232,11.5,0.161,0.92
2026-10-06,W0652,52.6266,10.1295,0.0,14.7,13.7,0.168,12.9,0.145,1.42
2026-10-07,W0652,52.6266,10.1295,0.0,16.0,13.6,0.155,13.2,0.144,1.99
2026-10-08,W0652,52.6266,10.1295,16.05,12.4,12.9,0.228,13.5,0.153,1.16
2026-10-09,W0652,52.6266,10.1295,6.8,10.3,10.3,0.22,11.5,0.167,0.75
2026-10-10,W0652,52.6266,10.1295,6.3,11.7,12.4,0.228,11.9,0.174,1.28
2026-10-11,W0652,52.6266,10.1295,3.9,11.0,10.7,0.21,11.4,0.178,1.53
2026-10-12,W0652,52.6266,10.1295,12.3,10.1,10.3,0.201,10.8,0.179,0.89
2026-10-06,W0653,52.6266,10.1591,0.0,14.5,13.2,0.16,12.3,0.126,1.42
2026-10-07,W0653,52.6266,10.1591,0.0,15.9,13.3,0.148,12.7,0.125,1.97
2026-10-08,W0653,52.6266,10.1591,15.7,12.3,12.7,0.211,13.0,0.129,1.16
2026-10-09,W0653,52.6266,10.1591,6.1,10.1,10.2,0.211,11.2,0.14,0.75
2026-10-10,W0653,52.6266,10.1591,6.3,11.6,12.2,0.22,11.6,0.148,1.28
2026-10-11,W0653,52.6266,10.1591,3.75,10.8,10.4,0.203,11.1,0.153,1.54
2026-10-12,W0653,52.6266,10.1591,12.3,10.0,10.0,0.196,10.4,0.156,0.89
2026-10-06,W0654,52.6266,10.1886,0.0,14.7,13.2,0.16,12.3,0.126,1.43
2026-10-07,W0654,52.6266,10.1886,0.0,15.9,13.3,0.148,12.7,0.125,1.97
2026-10-08,W0654,52.6266,10.1886,13.58,12.3,12.7,0.211,13.0,0.129,1.16
2026-10-09,W0654,52.6266,10.1886,6.1,10.2,10.2,0.211,11.2,0.14,0.75
2026-10-10,W0654,52.6266,10.1886,6.3,11.6,12.2,0.22,11.6,0.148,1.28
2026-10-11,W0654,52.6266,10.1886,3.75,10.9,10.4,0.203,11.1,0.153,1.54
2026-10-12,W0654,52.6266,10.1886,12.3,10.1,10.0,0.196,10.4,0.156,0.89
2026-10-06,W0655,52.6266,10.2182,0.0,14.5,13.2,0.16,12.3,0.126,1.44
2026-10-07,W0655,52.6266,10.2182,0.0,15.4,13.3,0.148,12.7,0.125,1.97
2026-10-08,W0655,52.6266,10.2182,14.33,12.1,12.7,0.211,13.0,0.129,1.16
2026-10-09,W0655,52.6266,10.2182,6.1,10.1,10.2,0.211,11.2,0.14,0.75
2026-10-10,W0655,52.6266,10.2182,6.3,11.5,12.2,0.22,11.6,0.148,1.28
2026-10-11,W0655,52.6266,10.2182,3.75,10.8,10.4,0.203,11.1,0.153,1.53
2026-10-12,W0655,52.6266,10.2182,12.3,10.0,10.0,0.196,10.4,0.156,0.89
2026-10-06,W0656,52.6266,10.2477,0.0,14.4,13.2,0.16,12.3,0.126,1.43
2026-10-07,W0656,52.6266,10.2477,0.0,15.7,13.3,0.148,12.7,0.125,2.03
2026-10-08,W0656,52.6266,10.2477,13.95,12.3,12.7,0.211,13.0,0.129,1.22
2026-10-09,W0656,52.6266,10.2477,5.8,10.1,10.2,0.211,11.2,0.14,0.8
2026-10-10,W0656,52.6266,10.2477,6.0,11.6,12.2,0.22,11.6,0.148,1.36
2026-10-11,W0656,52.6266,10.2477,3.6,10.9,10.4,0.203,11.1,0.153,1.56
2026-10-12,W0656,52.6266,10.2477,12.3,10.0,10.0,0.196,10.4,0.156,0.89
2026-10-06,W0657,52.6266,10.2772,0.0,14.5,13.2,0.16,12.3,0.126,1.44
2026-10-07,W0657,52.6266,10.2772,0.0,16.0,13.3,0.148,12.7,0.125,2.13
2026-10-08,W0657,52.6266,10.2772,13.75,12.3,12.7,0.211,13.0,0.129,1.24
2026-10-09,W0657,52.6266,10.2772,5.8,10.1,10.2,0.211,11.2,0.14,0.8
2026-10-10,W0657,52.6266,10.2772,6.0,11.6,12.2,0.22,11.6,0.148,1.36
2026-10-11,W0657,52.6266,10.2772,3.6,10.8,10.4,0.203,11.1,0.153,1.56
2026-10-12,W0657,52.6266,10.2772,12.3,10.0,10.0,0.196,10.4,0.156,0.89
2026-10-06,W1621,52.63559,10.29217,0.0,14.5,13.2,0.16,12.3,0.126,1.44
2026-10-07,W1621,52.63559,10.29217,0.0,16.0,13.3,0.148,12.7,0.125,2.13
2026-10-08,W1621,52.63559,10.29217,13.8,12.4,12.7,0.211,13.0,0.129,1.27
2026-10-09,W1621,52.63559,10.29217,4.7,10.1,10.2,0.211,11.2,0.14,0.8
2026-10-10,W1621,52.63559,10.29217,6.3,11.6,12.2,0.22,11.6,0.148,1.36
2026-10-11,W1621,52.63559,10.29217,3.75,10.8,10.4,0.203,11.1,0.153,1.56
2026-10-12,W1621,52.63559,10.29217,12.3,10.0,10.0,0.196,10.4,0.156,0.89
2026-10-06,W1622,52.63559,10.32173,0.0,14.5,12.9,0.176,12.0,0.164,1.41
2026-10-07,W1622,52.63559,10.32173,0.0,15.9,13.0,0.167,12.3,0.162,2.12
2026-10-08,W1622,52.63559,10.32173,14.03,12.3,12.3,0.236,12.6,0.171,1.28
2026-10-09,W1622,52.63559,10.32173,4.7,10.1,9.9,0.228,10.7,0.185,0.8
2026-10-10,W1622,52.63559,10.32173,6.3,11.6,11.9,0.243,11.2,0.193,1.36
2026-10-11,W1622,52.63559,10.32173,3.15,10.9,10.1,0.234,10.7,0.198,1.62
2026-10-12,W1622,52.63559,10.32173,10.2,10.0,9.6,0.231,10.0,0.203,0.88
2026-10-06,W0658,52.6266,10.3658,0.0,14.4,12.8,0.16,11.6,0.132,1.41
2026-10-07,W0658,52.6266,10.3658,0.0,15.8,12.8,0.15,11.9,0.131,2.09
2026-10-08,W0658,52.6266,10.3658,13.03,12.3,12.3,0.214,12.3,0.136,1.23
2026-10-09,W0658,52.6266,10.3658,4.6,10.0,9.8,0.214,10.6,0.148,0.73
2026-10-10,W0658,52.6266,10.3658,6.3,11.6,11.9,0.225,11.1,0.156,1.29
2026-10-11,W0658,52.6266,10.3658,3.15,10.9,10.1,0.21,10.6,0.162,1.59
2026-10-12,W0658,52.6266,10.3658,10.2,10.0,9.7,0.204,10.0,0.165,0.88
2026-10-06,W0659,52.6266,10.3954,0.0,14.4,12.8,0.16,11.6,0.132,1.43
2026-10-07,W0659,52.6266,10.3954,0.0,15.7,12.8,0.15,11.9,0.131,2.06
2026-10-08,W0659,52.6266,10.3954,12.08,12.3,12.3,0.214,12.3,0.136,1.23
2026-10-09,W0659,52.6266,10.3954,4.6,10.0,9.8,0.214,10.6,0.148,0.73
2026-10-10,W0659,52.6266,10.3954,6.3,11.5,11.9,0.225,11.1,0.156,1.29
2026-10-11,W0659,52.6266,10.3954,3.15,10.9,10.1,0.21,10.6,0.162,1.59
2026-10-12,W0659,52.6266,10.3954,10.2,10.0,9.7,0.204,10.0,0.165,0.88
2026-10-06,W0660,52.6266,10.4249,0.0,14.3,12.8,0.16,11.6,0.132,1.43
2026-10-07,W0660,52.6266,10.4249,0.0,15.7,12.8,0.15,11.9,0.131,2.04
2026-10-08,W0660,52.6266,10.4249,11.2,12.3,12.3,0.214,12.3,0.136,1.21
2026-10-09,W0660,52.6266,10.4249,3.8,9.9,9.8,0.214,10.6,0.148,0.73
2026-10-10,W0660,52.6266,10.4249,6.0,11.5,11.9,0.225,11.1,0.156,1.31
2026-10-11,W0660,52.6266,10.4249,3.0,10.9,10.1,0.21,10.6,0.162,1.6
2026-10-12,W0660,52.6266,10.4249,10.2,10.0,9.7,0.204,10.0,0.165,0.88
2026-10-06,W0661,52.6266,10.4545,0.0,14.2,12.8,0.16,11.6,0.132,1.42
2026-10-07,W0661,52.6266,10.4545,0.0,15.6,12.8,0.15,11.9,0.131,2.02
2026-10-08,W0661,52.6266,10.4545,9.7,12.2,12.3,0.214,12.3,0.136,1.21
2026-10-09,W0661,52.6266,10.4545,3.8,9.8,9.8,0.214,10.6,0.148,0.73
2026-10-10,W0661,52.6266,10.4545,6.0,11.4,11.9,0.225,11.1,0.156,1.3
2026-10-11,W0661,52.6266,10.4545,3.0,10.8,10.1,0.21,10.6,0.162,1.59
2026-10-12,W0661,52.6266,10.4545,10.2,9.9,9.7,0.204,10.0,0.165,0.88
2026-10-06,W0662,52.6266,10.484,0.0,14.2,12.8,0.16,11.6,0.132,1.44
2026-10-07,W0662,52.6266,10.484,0.0,15.2,12.8,0.15,11.9,0.131,2.0
2026-10-08,W0662,52.6266,10.484,8.85,12.1,12.3,0.214,12.3,0.136,1.2
2026-10-09,W0662,52.6266,10.484,3.9,9.8,9.8,0.214,10.6,0.148,0.73
2026-10-10,W0662,52.6266,10.484,5.4,11.4,11.9,0.225,11.1,0.156,1.31
2026-10-11,W0662,52.6266,10.484,3.0,10.8,10.1,0.21,10.6,0.162,1.59
2026-10-12,W0662,52.6266,10.484,10.2,9.9,9.7,0.204,10.0,0.165,0.88
2026-10-06,W0663,52.6266,10.5135,0.0,14.1,13.1,0.147,12.1,0.103,1.46
2026-10-07,W0663,52.6266,10.5135,0.0,15.3,13.3,0.135,12.5,0.103,2.02
2026-10-08,W0663,52.6266,10.5135,8.38,12.1,12.6,0.187,12.9,0.104,1.2
2026-10-09,W0663,52.6266,10.5135,3.9,9.8,10.1,0.194,11.1,0.111,0.73
2026-10-10,W0663,52.6266,10.5135,5.4,11.4,12.1,0.203,11.4,0.116,1.31
2026-10-11,W0663,52.6266,10.5135,3.0,10.8,10.2,0.191,11.0,0.121,1.59
2026-10-12,W0663,52.6266,10.5135,10.2,9.9,9.9,0.185,10.2,0.124,0.88
2026-10-06,W1623,52.63559,10.52868,0.0,14.3,13.1,0.147,12.1,0.103,1.45
2026-10-07,W1623,52.63559,10.52868,0.0,15.5,13.3,0.135,12.5,0.103,2.04
2026-10-08,W1623,52.63559,10.52868,8.9,12.2,12.6,0.187,12.9,0.104,1.2
2026-10-09,W1623,52.63559,10.52868,3.9,9.9,10.1,0.194,11.1,0.111,0.73
2026-10-10,W1623,52.63559,10.52868,5.4,11.5,12.1,0.203,11.4,0.116,1.31
2026-10-11,W1623,52.63559,10.52868,3.0,10.9,10.2,0.191,11.0,0.121,1.59
2026-10-12,W1623,52.63559,10.52868,10.2,10.0,9.9,0.185,10.2,0.124,0.88
2026-10-06,W0664,52.6266,10.5726,0.0,14.1,13.1,0.147,12.1,0.103,1.46
2026-10-07,W0664,52.6266,10.5726,0.0,15.2,13.3,0.135,12.5,0.103,2.05
2026-10-08,W0664,52.6266,10.5726,7.33,12.0,12.6,0.187,12.9,0.104,1.19
2026-10-09,W0664,52.6266,10.5726,3.2,9.8,10.1,0.194,11.1,0.111,0.77
2026-10-10,W0664,52.6266,10.5726,4.8,11.4,12.1,0.203,11.4,0.116,1.31
2026-10-11,W0664,52.6266,10.5726,2.25,10.7,10.2,0.191,11.0,0.121,1.55
2026-10-12,W0664,52.6266,10.5726,8.7,9.8,9.9,0.185,10.2,0.124,0.84
2026-10-06,W0665,52.6266,10.6021,0.0,14.2,13.1,0.147,12.1,0.103,1.47
2026-10-07,W0665,52.6266,10.6021,0.0,15.3,13.3,0.135,12.5,0.103,2.05
2026-10-08,W0665,52.6266,10.6021,7.45,12.1,12.6,0.187,12.9,0.104,1.15
2026-10-09,W0665,52.6266,10.6021,2.3,9.9,10.1,0.194,11.1,0.111,0.77
2026-10-10,W0665,52.6266,10.6021,4.8,11.5,12.1,0.203,11.4,0.116,1.29
2026-10-11,W0665,52.6266,10.6021,2.25,10.8,10.2,0.191,11.0,0.121,1.56
2026-10-12,W0665,52.6266,10.6021,8.7,9.9,9.9,0.185,10.2,0.124,0.84
2026-10-06,W0666,52.6266,10.6317,0.0,13.9,13.1,0.147,12.1,0.103,1.49
2026-10-07,W0666,52.6266,10.6317,0.0,15.4,13.3,0.135,12.5,0.103,2.09
2026-10-08,W0666,52.6266,10.6317,8.35,12.2,12.6,0.187,12.9,0.104,1.15
2026-10-09,W0666,52.6266,10.6317,2.3,9.9,10.1,0.194,11.1,0.111,0.77
2026-10-10,W0666,52.6266,10.6317,4.8,11.5,12.1,0.203,11.4,0.116,1.29
2026-10-11,W0666,52.6266,10.6317,2.25,10.8,10.2,0.191,11.0,0.121,1.55
2026-10-12,W0666,52.6266,10.6317,8.7,9.9,9.9,0.185,10.2,0.124,0.84
2026-10-06,W0667,52.6266,10.6612,0.0,13.9,13.1,0.147,12.1,0.103,1.49
2026-10-07,W0667,52.6266,10.6612,0.0,15.4,13.3,0.135,12.5,0.103,2.09
2026-10-08,W0667,52.6266,10.6612,8.43,12.2,12.6,0.187,12.9,0.104,1.1
2026-10-09,W0667,52.6266,10.6612,2.3,9.8,10.1,0.194,11.1,0.111,0.72
2026-10-10,W0667,52.6266,10.6612,4.8,11.4,12.1,0.203,11.4,0.116,1.22
2026-10-11,W0667,52.6266,10.6612,2.25,10.8,10.2,0.191,11.0,0.121,1.54
2026-10-12,W0667,52.6266,10.6612,8.7,9.9,9.9,0.185,10.2,0.124,0.84
2026-10-06,W0668,52.6266,10.6908,0.0,13.8,13.3,0.166,12.5,0.123,1.53
2026-10-07,W0668,52.6266,10.6908,0.0,15.7,13.6,0.157,12.9,0.123,2.08
2026-10-08,W0668,52.6266,10.6908,8.33,12.3,13.2,0.211,13.5,0.127,1.11
2026-10-09,W0668,52.6266,10.6908,2.3,9.8,10.7,0.207,11.7,0.138,0.72
2026-10-10,W0668,52.6266,10.6908,4.8,11.4,12.3,0.212,11.9,0.143,1.22
2026-10-11,W0668,52.6266,10.6908,2.25,10.9,10.7,0.206,11.5,0.149,1.64
2026-10-12,W0668,52.6266,10.6908,8.7,9.9,10.2,0.199,10.7,0.152,0.87
2026-10-06,W0669,52.6266,10.7203,0.0,14.0,13.3,0.166,12.5,0.123,1.53
2026-10-07,W0669,52.6266,10.7203,0.0,15.5,13.6,0.157,12.9,0.123,2.05
2026-10-08,W0669,52.6266,10.7203,7.72,12.2,13.2,0.211,13.5,0.127,1.08
2026-10-09,W0669,52.6266,10.7203,2.0,9.6,10.7,0.207,11.7,0.138,0.72
2026-10-10,W0669,52.6266,10.7203,5.1,11.2,12.3,0.212,11.9,0.143,1.18
2026-10-11,W0669,52.6266,10.7203,2.25,10.7,10.7,0.206,11.5,0.149,1.62
2026-10-12,W0669,52.6266,10.7203,8.7,9.7,10.2,0.199,10.7,0.152,0.86
2026-10-06,W0670,52.6266,10.7498,0.0,14.2,13.3,0.166,12.5,0.123,1.54
2026-10-07,W0670,52.6266,10.7498,0.0,15.5,13.6,0.157,12.9,0.123,2.04
2026-10-08,W0670,52.6266,10.7498,6.33,12.2,13.2,0.211,13.5,0.127,1.08
2026-10-09,W0670,52.6266,10.7498,2.0,9.6,10.7,0.207,11.7,0.138,0.72
2026-10-10,W0670,52.6266,10.7498,5.1,11.2,12.3,0.212,11.9,0.143,1.18
2026-10-11,W0670,52.6266,10.7498,2.25,10.7,10.7,0.206,11.5,0.149,1.62
2026-10-12,W0670,52.6266,10.7498,8.7,9.7,10.2,0.199,10.7,0.152,0.86
2026-10-06,W0671,52.6266,10.7794,0.0,14.3,13.3,0.166,12.5,0.123,1.54
2026-10-07,W0671,52.6266,10.7794,0.0,15.6,13.6,0.157,12.9,0.123,2.04
2026-10-08,W0671,52.6266,10.7794,5.95,12.3,13.2,0.211,13.5,0.127,1.09
2026-10-09,W0671,52.6266,10.7794,2.0,9.6,10.7,0.207,11.7,0.138,0.72
2026-10-10,W0671,52.6266,10.7794,5.1,11.2,12.3,0.212,11.9,0.143,1.18
2026-10-11,W0671,52.6266,10.7794,2.25,10.7,10.7,0.206,11.5,0.149,1.62
2026-10-12,W0671,52.6266,10.7794,8.7,9.7,10.2,0.199,10.7,0.152,0.86
2026-10-06,W0672,52.6266,10.8089,0.0,14.5,13.3,0.166,12.5,0.123,1.55
2026-10-07,W0672,52.6266,10.8089,0.0,15.6,13.6,0.157,12.9,0.123,2.04
2026-10-08,W0672,52.6266,10.8089,6.08,12.4,13.2,0.211,13.5,0.127,1.14
2026-10-09,W0672,52.6266,10.8089,1.8,9.7,10.7,0.207,11.7,0.138,0.78
2026-10-10,W0672,52.6266,10.8089,4.2,11.3,12.3,0.212,11.9,0.143,1.25
2026-10-11,W0672,52.6266,10.8089,2.1,10.7,10.7,0.206,11.5,0.149,1.63
2026-10-12,W0672,52.6266,10.8089,8.7,9.8,10.2,0.199,10.7,0.152,0.86
2026-10-06,W0673,52.6266,10.8384,0.0,14.6,13.7,0.221,13.1,0.172,1.56
2026-10-07,W0673,52.6266,10.8384,0.0,15.2,13.8,0.21,13.5,0.172,2.01
2026-10-08,W0673,52.6266,10.8384,7.08,12.0,13.3,0.245,13.8,0.173,1.13
2026-10-09,W0673,52.6266,10.8384,1.8,9.6,10.8,0.253,12.2,0.175,0.77
2026-10-10,W0673,52.6266,10.8384,4.2,11.1,12.4,0.259,12.2,0.177,1.24
2026-10-11,W0673,52.6266,10.8384,1.65,10.6,10.8,0.253,11.8,0.179,1.68
2026-10-12,W0673,52.6266,10.8384,8.4,9.7,10.5,0.247,11.1,0.181,0.89
2026-10-06,W0674,52.6266,10.868,0.0,14.4,13.7,0.221,13.1,0.172,1.53
2026-10-07,W0674,52.6266,10.868,0.0,14.9,13.8,0.21,13.5,0.172,2.04
2026-10-08,W0674,52.6266,10.868,10.55,12.0,13.3,0.245,13.8,0.173,1.2
2026-10-09,W0674,52.6266,10.868,1.8,9.7,10.8,0.253,12.2,0.175,0.85
2026-10-10,W0674,52.6266,10.868,3.9,11.4,12.4,0.259,12.2,0.177,1.4
2026-10-11,W0674,52.6266,10.868,1.5,10.8,10.8,0.253,11.8,0.179,1.71
2026-10-12,W0674,52.6266,10.868,8.4,9.9,10.5,0.247,11.1,0.181,0.9
2026-10-06,W1624,52.63559,10.88345,0.0,14.7,13.7,0.221,13.1,0.172,1.55
2026-10-07,W1624,52.63559,10.88345,0.0,15.1,13.8,0.21,13.5,0.172,2.04
2026-10-08,W1624,52.63559,10.88345,10.02,12.2,13.3,0.245,13.8,0.173,1.22
2026-10-09,W1624,52.63559,10.88345,1.8,9.8,10.8,0.253,12.2,0.175,0.86
2026-10-10,W1624,52.63559,10.88345,3.9,11.4,12.4,0.259,12.2,0.177,1.41
2026-10-11,W1624,52.63559,10.88345,1.5,10.9,10.8,0.253,11.8,0.179,1.71
2026-10-12,W1624,52.63559,10.88345,8.4,9.9,10.5,0.247,11.1,0.181,0.9
2026-10-06,W1625,52.63559,10.91302,0.0,14.5,13.7,0.221,13.1,0.172,1.55
2026-10-07,W1625,52.63559,10.91302,0.0,15.3,13.8,0.21,13.5,0.172,2.13
2026-10-08,W1625,52.63559,10.91302,11.02,12.2,13.3,0.245,13.8,0.173,1.22
2026-10-09,W1625,52.63559,10.91302,1.8,9.9,10.8,0.253,12.2,0.175,0.86
2026-10-10,W1625,52.63559,10.91302,3.3,11.5,12.4,0.259,12.2,0.177,1.42
2026-10-11,W1625,52.63559,10.91302,1.35,10.9,10.8,0.253,11.8,0.179,1.71
2026-10-12,W1625,52.63559,10.91302,8.4,9.9,10.5,0.247,11.1,0.181,0.9
2026-10-06,W0675,52.6266,10.9566,0.0,14.0,13.7,0.221,13.1,0.172,1.47
2026-10-07,W0675,52.6266,10.9566,0.0,15.5,13.8,0.21,13.5,0.172,2.06
2026-10-08,W0675,52.6266,10.9566,9.85,12.3,13.3,0.245,13.8,0.173,1.22
2026-10-09,W0675,52.6266,10.9566,1.8,9.7,10.8,0.253,12.2,0.175,0.85
2026-10-10,W0675,52.6266,10.9566,3.3,11.3,12.4,0.259,12.2,0.177,1.41
2026-10-11,W0675,52.6266,10.9566,1.35,10.7,10.8,0.253,11.8,0.179,1.7
2026-10-12,W0675,52.6266,10.9566,8.4,9.8,10.5,0.247,11.1,0.181,0.9
2026-10-06,W0676,52.6266,10.9861,0.0,14.0,13.7,0.221,13.1,0.172,1.47
2026-10-07,W0676,52.6266,10.9861,0.0,15.5,13.8,0.21,13.5,0.172,2.06
2026-10-08,W0676,52.6266,10.9861,9.8,12.4,13.3,0.245,13.8,0.173,1.21
2026-10-09,W0676,52.6266,10.9861,1.6,9.8,10.8,0.253,12.2,0.175,0.88
2026-10-10,W0676,52.6266,10.9861,3.6,11.4,12.4,0.259,12.2,0.177,1.39
2026-10-11,W0676,52.6266,10.9861,1.5,10.7,10.8,0.253,11.8,0.179,1.71
2026-10-12,W0676,52.6266,10.9861,8.4,9.8,10.5,0.247,11.1,0.181,0.9
2026-10-06,W0677,52.6266,11.0157,0.0,14.4,14.0,0.209,13.5,0.151,1.44
2026-10-07,W0677,52.6266,11.0157,0.0,15.4,14.1,0.199,13.8,0.151,2.02
2026-10-08,W0677,52.6266,11.0157,8.68,12.3,13.5,0.234,14.1,0.152,1.21
2026-10-09,W0677,52.6266,11.0157,1.6,9.7,11.0,0.243,12.5,0.155,0.88
2026-10-10,W0677,52.6266,11.0157,3.6,11.4,12.7,0.246,12.5,0.157,1.39
2026-10-11,W0677,52.6266,11.0157,1.5,10.7,11.1,0.238,12.1,0.159,1.71
2026-10-12,W0677,52.6266,11.0157,8.4,9.8,10.8,0.232,11.5,0.161,0.9
2026-10-06,W0678,52.6266,11.0452,0.0,14.6,14.0,0.209,13.5,0.151,1.43
2026-10-07,W0678,52.6266,11.0452,0.0,15.6,14.1,0.199,13.8,0.151,2.06
2026-10-08,W0678,52.6266,11.0452,8.85,12.5,13.5,0.234,14.1,0.152,1.27
2026-10-09,W0678,52.6266,11.0452,1.6,9.8,11.0,0.243,12.5,0.155,0.97
2026-10-10,W0678,52.6266,11.0452,3.3,11.4,12.7,0.246,12.5,0.157,1.5
2026-10-11,W0678,52.6266,11.0452,1.5,10.8,11.1,0.238,12.1,0.159,1.74
2026-10-12,W0678,52.6266,11.0452,8.4,9.9,10.8,0.232,11.5,0.161,0.9
2026-10-06,W1626,52.63559,11.06084,0.0,15.1,14.0,0.209,13.5,0.151,1.48
2026-10-07,W1626,52.63559,11.06084,0.0,16.1,14.1,0.199,13.8,0.151,2.12
2026-10-08,W1626,52.63559,11.06084,8.9,12.8,13.5,0.234,14.1,0.152,1.31
2026-10-09,W1626,52.63559,11.06084,1.6,10.0,11.0,0.243,12.5,0.155,0.97
2026-10-10,W1626,52.63559,11.06084,3.3,11.6,12.7,0.246,12.5,0.157,1.51
2026-10-11,W1626,52.63559,11.06084,1.5,11.0,11.1,0.238,12.1,0.159,1.75
2026-10-12,W1626,52.63559,11.06084,8.4,10.0,10.8,0.232,11.5,0.161,0.9
2026-10-06,W0679,52.6266,11.1043,0.0,14.3,14.0,0.209,13.5,0.151,1.44
2026-10-07,W0679,52.6266,11.1043,0.0,16.2,14.1,0.199,13.8,0.151,2.17
2026-10-08,W0679,52.6266,11.1043,8.43,12.7,13.5,0.234,14.1,0.152,1.32
2026-10-09,W0679,52.6266,11.1043,1.5,9.7,11.0,0.243,12.5,0.155,0.99
2026-10-10,W0679,52.6266,11.1043,3.0,11.3,12.7,0.246,12.5,0.157,1.54
2026-10-11,W0679,52.6266,11.1043,0.9,10.9,11.1,0.238,12.1,0.159,1.86
2026-10-12,W0679,52.6266,11.1043,10.2,9.7,10.8,0.232,11.5,0.161,0.91
2026-10-06,W0680,52.6266,11.1338,0.0,14.7,14.0,0.209,13.5,0.151,1.44
2026-10-07,W0680,52.6266,11.1338,0.0,16.5,14.1,0.199,13.8,0.151,2.21
2026-10-08,W0680,52.6266,11.1338,8.43,13.0,13.5,0.234,14.1,0.152,1.37
2026-10-09,W0680,52.6266,11.1338,1.5,9.8,11.0,0.243,12.5,0.155,1.0
2026-10-10,W0680,52.6266,11.1338,3.0,11.4,12.7,0.246,12.5,0.157,1.55
2026-10-11,W0680,52.6266,11.1338,0.9,11.0,11.1,0.238,12.1,0.159,1.87
2026-10-12,W0680,52.6266,11.1338,10.2,9.8,10.8,0.232,11.5,0.161,0.91
2026-10-06,W1627,52.63559,11.14953,0.0,15.0,14.0,0.209,13.5,0.151,1.47
2026-10-07,W1627,52.63559,11.14953,0.0,16.3,14.1,0.199,13.8,0.151,2.23
2026-10-08,W1627,52.63559,11.14953,8.05,13.2,13.5,0.234,14.1,0.152,1.4
2026-10-09,W1627,52.63559,11.14953,1.5,9.9,11.0,0.243,12.5,0.155,1.0
2026-10-10,W1627,52.63559,11.14953,3.0,11.5,12.7,0.246,12.5,0.157,1.56
2026-10-11,W1627,52.63559,11.14953,0.9,11.1,11.1,0.238,12.1,0.159,1.88
2026-10-12,W1627,52.63559,11.14953,10.2,10.0,10.8,0.232,11.5,0.161,0.92
2026-10-06,W0707,52.6626,10.1,0.0,14.5,13.3,0.208,12.7,0.21,1.36
2026-10-07,W0707,52.6626,10.1,0.0,15.9,13.2,0.2,12.8,0.206,2.05
2026-10-08,W0707,52.6626,10.1,17.92,12.0,12.7,0.266,13.0,0.223,1.13
2026-10-09,W0707,52.6626,10.1,5.8,10.0,10.4,0.25,11.3,0.236,0.64
2026-10-10,W0707,52.6626,10.1,7.2,11.3,12.2,0.259,11.8,0.238,1.07
2026-10-11,W0707,52.6626,10.1,3.6,10.7,10.6,0.249,11.3,0.237,1.48
2026-10-12,W0707,52.6626,10.1,12.3,9.9,10.1,0.242,10.6,0.236,0.89
2026-10-06,W0709,52.6626,10.1591,0.0,14.6,13.3,0.208,12.7,0.21,1.36
2026-10-07,W0709,52.6626,10.1591,0.0,16.0,13.2,0.2,12.8,0.206,1.99
2026-10-08,W0709,52.6626,10.1591,16.0,12.1,12.7,0.266,13.0,0.223,1.15
2026-10-09,W0709,52.6626,10.1591,5.7,10.0,10.4,0.25,11.3,0.236,0.66
2026-10-10,W0709,52.6626,10.1591,7.5,11.4,12.2,0.259,11.8,0.238,1.11
2026-10-11,W0709,52.6626,10.1591,3.6,10.8,10.6,0.249,11.3,0.237,1.49
2026-10-12,W0709,52.6626,10.1591,12.3,10.0,10.1,0.242,10.6,0.236,0.89
2026-10-06,W0710,52.6626,10.1886,0.0,14.5,13.2,0.16,12.3,0.126,1.36
2026-10-07,W0710,52.6626,10.1886,0.0,15.7,13.3,0.148,12.7,0.125,1.98
2026-10-08,W0710,52.6626,10.1886,15.7,12.1,12.7,0.211,13.0,0.129,1.15
2026-10-09,W0710,52.6626,10.1886,5.7,10.0,10.2,0.211,11.2,0.14,0.66
2026-10-10,W0710,52.6626,10.1886,7.5,11.4,12.2,0.22,11.6,0.148,1.11
2026-10-11,W0710,52.6626,10.1886,3.6,10.8,10.4,0.203,11.1,0.153,1.49
2026-10-12,W0710,52.6626,10.1886,12.3,10.0,10.0,0.196,10.4,0.156,0.89
2026-10-06,W0711,52.6626,10.2182,0.0,14.4,13.2,0.16,12.3,0.126,1.36
2026-10-07,W0711,52.6626,10.2182,0.0,15.8,13.3,0.148,12.7,0.125,2.01
2026-10-08,W0711,52.6626,10.2182,13.45,12.1,12.7,0.211,13.0,0.129,1.15
2026-10-09,W0711,52.6626,10.2182,5.7,10.0,10.2,0.211,11.2,0.14,0.66
2026-10-10,W0711,52.6626,10.2182,7.5,11.4,12.2,0.22,11.6,0.148,1.11
2026-10-11,W0711,52.6626,10.2182,3.6,10.8,10.4,0.203,11.1,0.153,1.49
2026-10-12,W0711,52.6626,10.2182,12.3,10.0,10.0,0.196,10.4,0.156,0.89
2026-10-06,W1628,52.6536,10.23304,0.0,14.4,13.2,0.16,12.3,0.126,1.36
2026-10-07,W1628,52.6536,10.23304,0.0,15.7,13.3,0.148,12.7,0.125,2.01
2026-10-08,W1628,52.6536,10.23304,13.48,12.1,12.7,0.211,13.0,0.129,1.22
2026-10-09,W1628,52.6536,10.23304,5.8,10.1,10.2,0.211,11.2,0.14,0.8
2026-10-10,W1628,52.6536,10.23304,6.0,11.6,12.2,0.22,11.6,0.148,1.36
2026-10-11,W1628,52.6536,10.23304,3.6,10.8,10.4,0.203,11.1,0.153,1.55
2026-10-12,W1628,52.6536,10.23304,12.3,10.0,10.0,0.196,10.4,0.156,0.89
2026-10-06,W0712,52.6626,10.2772,0.0,14.4,12.9,0.176,12.0,0.164,1.37
2026-10-07,W0712,52.6626,10.2772,0.0,15.9,13.0,0.167,12.3,0.162,2.09
2026-10-08,W0712,52.6626,10.2772,12.68,12.1,12.3,0.236,12.6,0.171,1.2
2026-10-09,W0712,52.6626,10.2772,5.0,9.9,9.9,0.228,10.7,0.185,0.71
2026-10-10,W0712,52.6626,10.2772,7.5,11.4,11.9,0.243,11.2,0.193,1.18
2026-10-11,W0712,52.6626,10.2772,3.6,10.7,10.1,0.234,10.7,0.198,1.51
2026-10-12,W0712,52.6626,10.2772,12.3,9.9,9.6,0.231,10.0,0.203,0.89
2026-10-06,W0684,52.6446,10.3068,0.0,14.5,12.9,0.176,12.0,0.164,1.44
2026-10-07,W0684,52.6446,10.3068,0.0,15.9,13.0,0.167,12.3,0.162,2.13
2026-10-08,W0684,52.6446,10.3068,13.8,12.4,12.3,0.236,12.6,0.171,1.27
2026-10-09,W0684,52.6446,10.3068,4.7,10.1,9.9,0.228,10.7,0.185,0.8
2026-10-10,W0684,52.6446,10.3068,6.3,11.6,11.9,0.243,11.2,0.193,1.36
2026-10-11,W0684,52.6446,10.3068,3.75,10.8,10.1,0.234,10.7,0.198,1.56
2026-10-12,W0684,52.6446,10.3068,12.3,10.0,9.6,0.231,10.0,0.203,0.89
2026-10-06,W0713,52.6626,10.3363,0.0,14.3,12.9,0.176,12.0,0.164,1.38
2026-10-07,W0713,52.6626,10.3363,0.0,15.8,13.0,0.167,12.3,0.162,2.09
2026-10-08,W0713,52.6626,10.3363,13.55,12.2,12.3,0.236,12.6,0.171,1.21
2026-10-09,W0713,52.6626,10.3363,4.3,9.9,9.9,0.228,10.7,0.185,0.71
2026-10-10,W0713,52.6626,10.3363,7.2,11.3,11.9,0.243,11.2,0.193,1.19
2026-10-11,W0713,52.6626,10.3363,3.0,10.8,10.1,0.234,10.7,0.198,1.57
2026-10-12,W0713,52.6626,10.3363,10.2,9.9,9.6,0.231,10.0,0.203,0.88
2026-10-06,W0714,52.6626,10.3658,0.0,14.3,12.8,0.16,11.6,0.132,1.38
2026-10-07,W0714,52.6626,10.3658,0.0,15.8,12.8,0.15,11.9,0.131,2.09
2026-10-08,W0714,52.6626,10.3658,13.55,12.1,12.3,0.214,12.3,0.136,1.19
2026-10-09,W0714,52.6626,10.3658,4.1,9.8,9.8,0.214,10.6,0.148,0.69
2026-10-10,W0714,52.6626,10.3658,6.6,11.3,11.9,0.225,11.1,0.156,1.17
2026-10-11,W0714,52.6626,10.3658,2.85,10.8,10.1,0.21,10.6,0.162,1.57
2026-10-12,W0714,52.6626,10.3658,10.2,9.9,9.7,0.204,10.0,0.165,0.88
2026-10-06,W0715,52.6626,10.3954,0.0,14.3,12.6,0.172,11.5,0.156,1.41
2026-10-07,W0715,52.6626,10.3954,0.0,15.7,12.7,0.162,11.8,0.154,2.06
2026-10-08,W0715,52.6626,10.3954,13.4,12.1,12.2,0.211,12.2,0.156,1.19
2026-10-09,W0715,52.6626,10.3954,4.1,9.9,9.8,0.214,10.5,0.164,0.69
2026-10-10,W0715,52.6626,10.3954,6.6,11.3,11.8,0.228,11.0,0.17,1.18
2026-10-11,W0715,52.6626,10.3954,2.85,10.8,10.0,0.215,10.5,0.176,1.57
2026-10-12,W0715,52.6626,10.3954,10.2,9.9,9.5,0.208,9.8,0.178,0.88
2026-10-06,W0716,52.6626,10.4249,0.0,14.2,12.6,0.172,11.5,0.156,1.4
2026-10-07,W0716,52.6626,10.4249,0.0,15.7,12.7,0.162,11.8,0.154,2.06
2026-10-08,W0716,52.6626,10.4249,13.25,12.1,12.2,0.211,12.2,0.156,1.18
2026-10-09,W0716,52.6626,10.4249,3.7,9.7,9.8,0.214,10.5,0.164,0.68
2026-10-10,W0716,52.6626,10.4249,6.6,11.2,11.8,0.228,11.0,0.17,1.19
2026-10-11,W0716,52.6626,10.4249,2.85,10.7,10.0,0.215,10.5,0.176,1.57
2026-10-12,W0716,52.6626,10.4249,10.2,9.8,9.5,0.208,9.8,0.178,0.88
2026-10-06,W0717,52.6626,10.4545,0.0,14.2,12.6,0.172,11.5,0.156,1.42
2026-10-07,W0717,52.6626,10.4545,0.0,15.7,12.7,0.162,11.8,0.154,2.09
2026-10-08,W0717,52.6626,10.4545,12.05,12.1,12.2,0.211,12.2,0.156,1.19
2026-10-09,W0717,52.6626,10.4545,3.7,9.7,9.8,0.214,10.5,0.164,0.68
2026-10-10,W0717,52.6626,10.4545,6.6,11.2,11.8,0.228,11.0,0.17,1.19
2026-10-11,W0717,52.6626,10.4545,2.85,10.7,10.0,0.215,10.5,0.176,1.57
2026-10-12,W0717,52.6626,10.4545,10.2,9.8,9.5,0.208,9.8,0.178,0.88
2026-10-06,W1629,52.6536,10.46955,0.0,14.3,12.6,0.172,11.5,0.156,1.42
2026-10-07,W1629,52.6536,10.46955,0.0,15.8,12.7,0.162,11.8,0.154,2.09
2026-10-08,W1629,52.6536,10.46955,12.08,12.2,12.2,0.211,12.2,0.156,1.21
2026-10-09,W1629,52.6536,10.46955,3.9,9.8,9.8,0.214,10.5,0.164,0.73
2026-10-10,W1629,52.6536,10.46955,5.4,11.4,11.8,0.228,11.0,0.17,1.31
2026-10-11,W1629,52.6536,10.46955,3.0,10.8,10.0,0.215,10.5,0.176,1.59
2026-10-12,W1629,52.6536,10.46955,10.2,9.9,9.5,0.208,9.8,0.178,0.88
2026-10-06,W0718,52.6626,10.5135,0.0,14.2,13.1,0.147,12.1,0.103,1.45
2026-10-07,W0718,52.6626,10.5135,0.0,15.6,13.3,0.135,12.5,0.103,2.08
2026-10-08,W0718,52.6626,10.5135,10.6,12.1,12.6,0.187,12.9,0.104,1.21
2026-10-09,W0718,52.6626,10.5135,3.6,9.7,10.1,0.194,11.1,0.111,0.71
2026-10-10,W0718,52.6626,10.5135,6.0,11.3,12.1,0.203,11.4,0.116,1.25
2026-10-11,W0718,52.6626,10.5135,3.0,10.7,10.2,0.191,11.0,0.121,1.58
2026-10-12,W0718,52.6626,10.5135,10.2,9.8,9.9,0.185,10.2,0.124,0.88
2026-10-06,W0719,52.6626,10.5431,0.0,14.2,13.1,0.147,12.1,0.103,1.45
2026-10-07,W0719,52.6626,10.5431,0.0,15.6,13.3,0.135,12.5,0.103,2.05
2026-10-08,W0719,52.6626,10.5431,9.7,12.2,12.6,0.187,12.9,0.104,1.2
2026-10-09,W0719,52.6626,10.5431,2.9,9.8,10.1,0.194,11.1,0.111,0.72
2026-10-10,W0719,52.6626,10.5431,6.0,11.4,12.1,0.203,11.4,0.116,1.29
2026-10-11,W0719,52.6626,10.5431,3.0,10.8,10.2,0.191,11.0,0.121,1.58
2026-10-12,W0719,52.6626,10.5431,10.2,9.9,9.9,0.185,10.2,0.124,0.88
2026-10-06,W0720,52.6626,10.5726,0.0,14.3,12.9,0.157,11.8,0.121,1.45
2026-10-07,W0720,52.6626,10.5726,0.0,15.5,12.9,0.147,12.1,0.12,1.99
2026-10-08,W0720,52.6626,10.5726,9.43,12.2,12.5,0.189,12.6,0.121,1.19
2026-10-09,W0720,52.6626,10.5726,2.9,9.8,10.0,0.195,10.8,0.126,0.72
2026-10-10,W0720,52.6626,10.5726,6.0,11.4,11.9,0.209,11.2,0.131,1.29
2026-10-11,W0720,52.6626,10.5726,2.25,10.7,10.1,0.2,10.7,0.137,1.55
2026-10-12,W0720,52.6626,10.5726,8.7,9.8,9.6,0.191,9.9,0.14,0.84
2026-10-06,W0721,52.6626,10.6021,0.0,14.1,12.9,0.157,11.8,0.121,1.46
2026-10-07,W0721,52.6626,10.6021,0.0,15.2,12.9,0.147,12.1,0.12,1.98
2026-10-08,W0721,52.6626,10.6021,7.75,12.0,12.5,0.189,12.6,0.121,1.17
2026-10-09,W0721,52.6626,10.6021,2.6,9.8,10.0,0.195,10.8,0.126,0.75
2026-10-10,W0721,52.6626,10.6021,5.4,11.4,11.9,0.209,11.2,0.131,1.26
2026-10-11,W0721,52.6626,10.6021,2.25,10.7,10.1,0.2,10.7,0.137,1.54
2026-10-12,W0721,52.6626,10.6021,8.7,9.8,9.6,0.191,9.9,0.14,0.84
2026-10-06,W0722,52.6626,10.6317,0.0,14.0,12.9,0.157,11.8,0.121,1.49
2026-10-07,W0722,52.6626,10.6317,0.0,15.8,12.9,0.147,12.1,0.12,2.04
2026-10-08,W0722,52.6626,10.6317,7.37,12.3,12.5,0.189,12.6,0.121,1.18
2026-10-09,W0722,52.6626,10.6317,2.6,9.9,10.0,0.195,10.8,0.126,0.75
2026-10-10,W0722,52.6626,10.6317,5.4,11.5,11.9,0.209,11.2,0.131,1.27
2026-10-11,W0722,52.6626,10.6317,2.25,10.8,10.1,0.2,10.7,0.137,1.55
2026-10-12,W0722,52.6626,10.6317,8.7,9.9,9.6,0.191,9.9,0.14,0.84
2026-10-06,W0723,52.6626,10.6612,0.0,14.0,12.9,0.157,11.8,0.121,1.49
2026-10-07,W0723,52.6626,10.6612,0.0,15.7,12.9,0.147,12.1,0.12,2.07
2026-10-08,W0723,52.6626,10.6612,7.52,12.3,12.5,0.189,12.6,0.121,1.18
2026-10-09,W0723,52.6626,10.6612,2.6,9.8,10.0,0.195,10.8,0.126,0.78
2026-10-10,W0723,52.6626,10.6612,5.4,11.4,11.9,0.209,11.2,0.131,1.29
2026-10-11,W0723,52.6626,10.6612,1.95,10.7,10.1,0.2,10.7,0.137,1.55
2026-10-12,W0723,52.6626,10.6612,8.7,9.8,9.6,0.191,9.9,0.14,0.84
2026-10-06,W0724,52.6626,10.6908,0.0,14.0,13.3,0.166,12.5,0.123,1.52
2026-10-07,W0724,52.6626,10.6908,0.0,15.8,13.6,0.157,12.9,0.123,2.09
2026-10-08,W0724,52.6626,10.6908,8.58,12.4,13.2,0.211,13.5,0.127,1.19
2026-10-09,W0724,52.6626,10.6908,2.6,9.8,10.7,0.207,11.7,0.138,0.78
2026-10-10,W0724,52.6626,10.6908,5.4,11.4,12.3,0.212,11.9,0.143,1.29
2026-10-11,W0724,52.6626,10.6908,1.95,10.8,10.7,0.206,11.5,0.149,1.64
2026-10-12,W0724,52.6626,10.6908,8.7,9.9,10.2,0.199,10.7,0.152,0.87
2026-10-06,W0725,52.6626,10.7203,0.0,13.9,13.3,0.166,12.5,0.123,1.52
2026-10-07,W0725,52.6626,10.7203,0.0,15.6,13.6,0.157,12.9,0.123,2.09
2026-10-08,W0725,52.6626,10.7203,8.75,12.3,13.2,0.211,13.5,0.127,1.18
2026-10-09,W0725,52.6626,10.7203,2.2,9.7,10.7,0.207,11.7,0.138,0.77
2026-10-10,W0725,52.6626,10.7203,5.1,11.3,12.3,0.212,11.9,0.143,1.26
2026-10-11,W0725,52.6626,10.7203,2.1,10.7,10.7,0.206,11.5,0.149,1.64
2026-10-12,W0725,52.6626,10.7203,8.7,9.8,10.2,0.199,10.7,0.152,0.86
2026-10-06,W0726,52.6626,10.7498,0.0,14.0,13.2,0.153,12.1,0.107,1.53
2026-10-07,W0726,52.6626,10.7498,0.0,15.1,13.1,0.141,12.5,0.107,2.04
2026-10-08,W0726,52.6626,10.7498,8.18,12.1,12.7,0.192,12.9,0.109,1.17
2026-10-09,W0726,52.6626,10.7498,2.2,9.6,10.0,0.194,11.1,0.115,0.77
2026-10-10,W0726,52.6626,10.7498,5.1,11.2,12.0,0.203,11.4,0.12,1.26
2026-10-11,W0726,52.6626,10.7498,2.1,10.6,10.1,0.195,10.9,0.125,1.63
2026-10-12,W0726,52.6626,10.7498,8.7,9.7,9.8,0.187,10.1,0.128,0.86
2026-10-06,W0727,52.6626,10.7794,0.0,14.1,13.2,0.153,12.1,0.107,1.53
2026-10-07,W0727,52.6626,10.7794,0.0,15.2,13.1,0.141,12.5,0.107,2.05
2026-10-08,W0727,52.6626,10.7794,8.18,12.2,12.7,0.192,12.9,0.109,1.17
2026-10-09,W0727,52.6626,10.7794,2.2,9.7,10.0,0.194,11.1,0.115,0.77
2026-10-10,W0727,52.6626,10.7794,5.1,11.3,12.0,0.203,11.4,0.12,1.26
2026-10-11,W0727,52.6626,10.7794,2.1,10.7,10.1,0.195,10.9,0.125,1.64
2026-10-12,W0727,52.6626,10.7794,8.7,9.7,9.8,0.187,10.1,0.128,0.86
2026-10-06,W0728,52.6626,10.8089,0.0,14.4,13.2,0.153,12.1,0.107,1.57
2026-10-07,W0728,52.6626,10.8089,0.0,15.2,13.1,0.141,12.5,0.107,2.1
2026-10-08,W0728,52.6626,10.8089,6.2,12.2,12.7,0.192,12.9,0.109,1.23
2026-10-09,W0728,52.6626,10.8089,2.1,9.7,10.0,0.194,11.1,0.115,0.84
2026-10-10,W0728,52.6626,10.8089,5.1,11.4,12.0,0.203,11.4,0.12,1.38
2026-10-11,W0728,52.6626,10.8089,1.95,10.7,10.1,0.195,10.9,0.125,1.66
2026-10-12,W0728,52.6626,10.8089,8.7,9.7,9.8,0.187,10.1,0.128,0.86
2026-10-06,W0729,52.6626,10.8384,0.0,14.3,13.2,0.153,12.1,0.107,1.52
2026-10-07,W0729,52.6626,10.8384,0.0,15.1,13.1,0.141,12.5,0.107,2.13
2026-10-08,W0729,52.6626,10.8384,6.28,12.1,12.7,0.192,12.9,0.109,1.23
2026-10-09,W0729,52.6626,10.8384,2.1,9.7,10.0,0.194,11.1,0.115,0.84
2026-10-10,W0729,52.6626,10.8384,5.1,11.4,12.0,0.203,11.4,0.12,1.38
2026-10-11,W0729,52.6626,10.8384,1.5,10.8,10.1,0.195,10.9,0.125,1.72
2026-10-12,W0729,52.6626,10.8384,8.4,9.8,9.8,0.187,10.1,0.128,0.9
2026-10-06,W0730,52.6626,10.868,0.0,14.6,13.7,0.221,13.1,0.172,1.56
2026-10-07,W0730,52.6626,10.868,0.0,15.3,13.8,0.21,13.5,0.172,2.12
2026-10-08,W0730,52.6626,10.868,6.98,12.3,13.3,0.245,13.8,0.173,1.28
2026-10-09,W0730,52.6626,10.868,2.1,9.9,10.8,0.253,12.2,0.175,0.9
2026-10-10,W0730,52.6626,10.868,3.9,11.5,12.4,0.259,12.2,0.177,1.44
2026-10-11,W0730,52.6626,10.868,1.2,10.9,10.8,0.253,11.8,0.179,1.74
2026-10-12,W0730,52.6626,10.868,8.4,9.9,10.5,0.247,11.1,0.181,0.9
2026-10-06,W0731,52.6626,10.8975,0.0,14.4,13.5,0.228,12.5,0.181,1.52
2026-10-07,W0731,52.6626,10.8975,0.0,15.5,13.5,0.217,13.0,0.181,2.11
2026-10-08,W0731,52.6626,10.8975,10.3,12.3,13.2,0.267,13.4,0.183,1.28
2026-10-09,W0731,52.6626,10.8975,2.1,9.9,10.6,0.272,11.8,0.188,0.9
2026-10-10,W0731,52.6626,10.8975,3.9,11.5,12.2,0.276,11.8,0.191,1.44
2026-10-11,W0731,52.6626,10.8975,1.2,10.9,10.7,0.269,11.5,0.195,1.74
2026-10-12,W0731,52.6626,10.8975,8.4,9.9,10.3,0.259,10.8,0.197,0.9
2026-10-06,W0732,52.6626,10.9271,0.0,14.3,13.5,0.228,12.5,0.181,1.47
2026-10-07,W0732,52.6626,10.9271,0.0,15.6,13.5,0.217,13.0,0.181,2.09
2026-10-08,W0732,52.6626,10.9271,11.1,12.4,13.2,0.267,13.4,0.183,1.29
2026-10-09,W0732,52.6626,10.9271,2.1,9.8,10.6,0.272,11.8,0.188,0.9
2026-10-10,W0732,52.6626,10.9271,3.6,11.5,12.2,0.276,11.8,0.191,1.47
2026-10-11,W0732,52.6626,10.9271,1.2,10.7,10.7,0.269,11.5,0.195,1.73
2026-10-12,W0732,52.6626,10.9271,8.4,9.8,10.3,0.259,10.8,0.197,0.9
2026-10-06,W0733,52.6626,10.9566,0.0,14.1,13.5,0.228,12.5,0.181,1.48
2026-10-07,W0733,52.6626,10.9566,0.0,15.8,13.5,0.217,13.0,0.181,2.08
2026-10-08,W0733,52.6626,10.9566,11.42,12.4,13.2,0.267,13.4,0.183,1.29
2026-10-09,W0733,52.6626,10.9566,2.1,9.8,10.6,0.272,11.8,0.188,0.89
2026-10-10,W0733,52.6626,10.9566,3.6,11.5,12.2,0.276,11.8,0.191,1.47
2026-10-11,W0733,52.6626,10.9566,1.2,10.7,10.7,0.269,11.5,0.195,1.72
2026-10-12,W0733,52.6626,10.9566,8.4,9.7,10.3,0.259,10.8,0.197,0.89
2026-10-06,W0734,52.6626,10.9861,0.0,14.5,13.5,0.228,12.5,0.181,1.47
2026-10-07,W0734,52.6626,10.9861,0.0,16.1,13.5,0.217,13.0,0.181,2.12
2026-10-08,W0734,52.6626,10.9861,11.03,12.6,13.2,0.267,13.4,0.183,1.32
2026-10-09,W0734,52.6626,10.9861,1.9,9.7,10.6,0.272,11.8,0.188,0.92
2026-10-10,W0734,52.6626,10.9861,3.3,11.4,12.2,0.276,11.8,0.191,1.51
2026-10-11,W0734,52.6626,10.9861,1.2,10.7,10.7,0.269,11.5,0.195,1.72
2026-10-12,W0734,52.6626,10.9861,8.4,9.7,10.3,0.259,10.8,0.197,0.89
2026-10-06,W0735,52.6626,11.0157,0.0,14.5,14.0,0.209,13.5,0.151,1.41
2026-10-07,W0735,52.6626,11.0157,0.0,15.6,14.1,0.199,13.8,0.151,2.06
2026-10-08,W0735,52.6626,11.0157,9.6,12.6,13.5,0.234,14.1,0.152,1.32
2026-10-09,W0735,52.6626,11.0157,1.9,9.8,11.0,0.243,12.5,0.155,0.93
2026-10-10,W0735,52.6626,11.0157,3.3,11.6,12.7,0.246,12.5,0.157,1.52
2026-10-11,W0735,52.6626,11.0157,1.2,10.8,11.1,0.238,12.1,0.159,1.73
2026-10-12,W0735,52.6626,11.0157,8.4,9.9,10.8,0.232,11.5,0.161,0.9
2026-10-06,W0736,52.6626,11.0452,0.0,14.7,14.0,0.209,13.5,0.151,1.45
2026-10-07,W0736,52.6626,11.0452,0.0,15.6,14.1,0.199,13.8,0.151,2.11
2026-10-08,W0736,52.6626,11.0452,9.9,12.6,13.5,0.234,14.1,0.152,1.36
2026-10-09,W0736,52.6626,11.0452,1.9,9.7,11.0,0.243,12.5,0.155,0.97
2026-10-10,W0736,52.6626,11.0452,3.3,11.4,12.7,0.246,12.5,0.157,1.57
2026-10-11,W0736,52.6626,11.0452,1.2,10.7,11.1,0.238,12.1,0.159,1.74
2026-10-12,W0736,52.6626,11.0452,8.4,9.8,10.8,0.232,11.5,0.161,0.9
2026-10-06,W0737,52.6626,11.0747,0.0,14.9,14.0,0.209,13.2,0.149,1.48
2026-10-07,W0737,52.6626,11.0747,0.0,15.5,14.1,0.198,13.6,0.15,2.14
2026-10-08,W0737,52.6626,11.0747,8.73,12.9,13.5,0.228,13.9,0.151,1.38
2026-10-09,W0737,52.6626,11.0747,1.9,10.1,10.8,0.236,12.3,0.153,0.99
2026-10-10,W0737,52.6626,11.0747,3.3,11.8,12.6,0.24,12.3,0.155,1.59
2026-10-11,W0737,52.6626,11.0747,0.75,11.3,11.0,0.237,11.9,0.157,1.9
2026-10-12,W0737,52.6626,11.0747,10.2,10.1,10.7,0.231,11.3,0.158,0.92
2026-10-06,W0705,52.6446,11.1043,0.0,14.8,14.0,0.209,13.5,0.151,1.48
2026-10-07,W0705,52.6446,11.1043,0.0,16.0,14.1,0.199,13.8,0.151,2.22
2026-10-08,W0705,52.6446,11.1043,8.23,13.1,13.5,0.234,14.1,0.152,1.38
2026-10-09,W0705,52.6446,11.1043,1.5,10.0,11.0,0.243,12.5,0.155,1.0
2026-10-10,W0705,52.6446,11.1043,3.0,11.6,12.7,0.246,12.5,0.157,1.56
2026-10-11,W0705,52.6446,11.1043,0.9,11.2,11.1,0.238,12.1,0.159,1.88
2026-10-12,W0705,52.6446,11.1043,10.2,10.0,10.8,0.232,11.5,0.161,0.92
2026-10-06,W0738,52.6626,11.1338,0.0,14.8,14.0,0.209,13.2,0.149,1.43
2026-10-07,W0738,52.6626,11.1338,0.0,15.8,14.1,0.198,13.6,0.15,2.13
2026-10-08,W0738,52.6626,11.1338,8.2,13.2,13.5,0.228,13.9,0.151,1.4
2026-10-09,W0738,52.6626,11.1338,2.2,10.0,10.8,0.236,12.3,0.153,1.03
2026-10-10,W0738,52.6626,11.1338,3.0,11.7,12.6,0.24,12.3,0.155,1.64
2026-10-11,W0738,52.6626,11.1338,0.6,11.2,11.0,0.237,11.9,0.157,1.9
2026-10-12,W0738,52.6626,11.1338,10.2,10.0,10.7,0.231,11.3,0.158,0.92
2026-10-06,W1630,52.6536,11.14953,0.0,14.7,14.0,0.209,13.2,0.149,1.42
2026-10-07,W1630,52.6536,11.14953,0.0,15.7,14.1,0.198,13.6,0.15,2.12
2026-10-08,W1630,52.6536,11.14953,8.08,13.0,13.5,0.228,13.9,0.151,1.34
2026-10-09,W1630,52.6536,11.14953,1.5,9.9,10.8,0.236,12.3,0.153,1.0
2026-10-10,W1630,52.6536,11.14953,3.0,11.5,12.6,0.24,12.3,0.155,1.55
2026-10-11,W1630,52.6536,11.14953,0.9,11.1,11.0,0.237,11.9,0.157,1.87
2026-10-12,W1630,52.6536,11.14953,10.2,9.9,10.7,0.231,11.3,0.158,0.92
2026-10-06,W0740,52.6806,10.1295,0.0,14.3,13.3,0.208,12.7,0.21,1.36
2026-10-07,W0740,52.6806,10.1295,0.0,15.8,13.2,0.2,12.8,0.206,2.01
2026-10-08,W0740,52.6806,10.1295,17.33,12.0,12.7,0.266,13.0,0.223,1.12
2026-10-09,W0740,52.6806,10.1295,5.8,9.9,10.4,0.25,11.3,0.236,0.64
2026-10-10,W0740,52.6806,10.1295,7.2,11.2,12.2,0.259,11.8,0.238,1.07
2026-10-11,W0740,52.6806,10.1295,3.6,10.7,10.6,0.249,11.3,0.237,1.48
2026-10-12,W0740,52.6806,10.1295,12.3,9.9,10.1,0.242,10.6,0.236,0.88
2026-10-06,W0741,52.6806,10.1591,0.0,14.6,13.3,0.208,12.7,0.21,1.36
2026-10-07,W0741,52.6806,10.1591,0.0,16.0,13.2,0.2,12.8,0.206,2.0
2026-10-08,W0741,52.6806,10.1591,16.03,12.1,12.7,0.266,13.0,0.223,1.15
2026-10-09,W0741,52.6806,10.1591,5.7,9.9,10.4,0.25,11.3,0.236,0.66
2026-10-10,W0741,52.6806,10.1591,7.5,11.3,12.2,0.259,11.8,0.238,1.11
2026-10-11,W0741,52.6806,10.1591,3.6,10.7,10.6,0.249,11.3,0.237,1.49
2026-10-12,W0741,52.6806,10.1591,12.3,9.9,10.1,0.242,10.6,0.236,0.89
2026-10-06,W0742,52.6806,10.1886,0.0,14.7,12.9,0.176,12.0,0.164,1.36
2026-10-07,W0742,52.6806,10.1886,0.0,16.1,13.0,0.167,12.3,0.162,2.01
2026-10-08,W0742,52.6806,10.1886,16.03,12.2,12.3,0.236,12.6,0.171,1.15
2026-10-09,W0742,52.6806,10.1886,5.7,10.0,9.9,0.228,10.7,0.185,0.66
2026-10-10,W0742,52.6806,10.1886,7.5,11.4,11.9,0.243,11.2,0.193,1.11
2026-10-11,W0742,52.6806,10.1886,3.6,10.8,10.1,0.234,10.7,0.198,1.49
2026-10-12,W0742,52.6806,10.1886,12.3,10.0,9.6,0.231,10.0,0.203,0.89
2026-10-06,W0743,52.6806,10.2182,0.0,14.3,12.9,0.176,12.0,0.164,1.39
2026-10-07,W0743,52.6806,10.2182,0.0,15.7,13.0,0.167,12.3,0.162,1.99
2026-10-08,W0743,52.6806,10.2182,15.15,12.0,12.3,0.236,12.6,0.171,1.14
2026-10-09,W0743,52.6806,10.2182,5.7,9.9,9.9,0.228,10.7,0.185,0.66
2026-10-10,W0743,52.6806,10.2182,7.5,11.3,11.9,0.243,11.2,0.193,1.1
2026-10-11,W0743,52.6806,10.2182,3.6,10.7,10.1,0.234,10.7,0.198,1.49
2026-10-12,W0743,52.6806,10.2182,12.3,9.9,9.6,0.231,10.0,0.203,0.89
2026-10-06,W0744,52.6806,10.2477,0.0,14.4,12.9,0.176,12.0,0.164,1.39
2026-10-07,W0744,52.6806,10.2477,0.0,15.9,13.0,0.167,12.3,0.162,2.03
2026-10-08,W0744,52.6806,10.2477,14.18,12.1,12.3,0.236,12.6,0.171,1.19
2026-10-09,W0744,52.6806,10.2477,5.0,10.0,9.9,0.228,10.7,0.185,0.71
2026-10-10,W0744,52.6806,10.2477,7.5,11.4,11.9,0.243,11.2,0.193,1.18
2026-10-11,W0744,52.6806,10.2477,3.6,10.8,10.1,0.234,10.7,0.198,1.51
2026-10-12,W0744,52.6806,10.2477,12.3,10.0,9.6,0.231,10.0,0.203,0.89
2026-10-06,W0745,52.6806,10.2772,0.0,14.3,12.9,0.176,12.0,0.164,1.37
2026-10-07,W0745,52.6806,10.2772,0.0,15.8,13.0,0.167,12.3,0.162,2.04
2026-10-08,W0745,52.6806,10.2772,12.25,12.1,12.3,0.236,12.6,0.171,1.19
2026-10-09,W0745,52.6806,10.2772,5.0,10.0,9.9,0.228,10.7,0.185,0.71
2026-10-10,W0745,52.6806,10.2772,7.5,11.4,11.9,0.243,11.2,0.193,1.18
2026-10-11,W0745,52.6806,10.2772,3.6,10.8,10.1,0.234,10.7,0.198,1.51
2026-10-12,W0745,52.6806,10.2772,12.3,10.0,9.6,0.231,10.0,0.203,0.89
2026-10-06,W0746,52.6806,10.3068,0.0,14.3,12.9,0.176,12.0,0.164,1.38
2026-10-07,W0746,52.6806,10.3068,0.0,16.0,13.0,0.167,12.3,0.162,2.07
2026-10-08,W0746,52.6806,10.3068,12.5,12.2,12.3,0.236,12.6,0.171,1.2
2026-10-09,W0746,52.6806,10.3068,4.3,9.9,9.9,0.228,10.7,0.185,0.71
2026-10-10,W0746,52.6806,10.3068,7.2,11.4,11.9,0.243,11.2,0.193,1.19
2026-10-11,W0746,52.6806,10.3068,3.6,10.8,10.1,0.234,10.7,0.198,1.51
2026-10-12,W0746,52.6806,10.3068,12.3,9.9,9.6,0.231,10.0,0.203,0.89
2026-10-06,W1631,52.67162,10.32173,0.0,14.3,12.9,0.176,12.0,0.164,1.38
2026-10-07,W1631,52.67162,10.32173,0.0,16.0,13.0,0.167,12.3,0.162,2.07
2026-10-08,W1631,52.67162,10.32173,12.5,12.2,12.3,0.236,12.6,0.171,1.2
2026-10-09,W1631,52.67162,10.32173,4.3,9.9,9.9,0.228,10.7,0.185,0.71
2026-10-10,W1631,52.67162,10.32173,7.2,11.4,11.9,0.243,11.2,0.193,1.19
2026-10-11,W1631,52.67162,10.32173,3.0,10.8,10.1,0.234,10.7,0.198,1.58
2026-10-12,W1631,52.67162,10.32173,10.2,10.0,9.6,0.231,10.0,0.203,0.88
2026-10-06,W0747,52.6806,10.3658,0.0,14.3,12.6,0.172,11.5,0.156,1.39
2026-10-07,W0747,52.6806,10.3658,0.0,15.9,12.7,0.162,11.8,0.154,2.11
2026-10-08,W0747,52.6806,10.3658,13.28,12.2,12.2,0.211,12.2,0.156,1.19
2026-10-09,W0747,52.6806,10.3658,4.1,9.9,9.8,0.214,10.5,0.164,0.69
2026-10-10,W0747,52.6806,10.3658,6.6,11.3,11.8,0.228,11.0,0.17,1.18
2026-10-11,W0747,52.6806,10.3658,2.85,10.8,10.0,0.215,10.5,0.176,1.57
2026-10-12,W0747,52.6806,10.3658,10.2,9.9,9.5,0.208,9.8,0.178,0.88
2026-10-06,W0748,52.6806,10.3954,0.0,14.4,12.6,0.172,11.5,0.156,1.42
2026-10-07,W0748,52.6806,10.3954,0.0,15.9,12.7,0.162,11.8,0.154,2.1
2026-10-08,W0748,52.6806,10.3954,13.38,12.2,12.2,0.211,12.2,0.156,1.19
2026-10-09,W0748,52.6806,10.3954,4.1,9.9,9.8,0.214,10.5,0.164,0.69
2026-10-10,W0748,52.6806,10.3954,6.6,11.4,11.8,0.228,11.0,0.17,1.18
2026-10-11,W0748,52.6806,10.3954,2.85,10.8,10.0,0.215,10.5,0.176,1.57
2026-10-12,W0748,52.6806,10.3954,10.2,10.0,9.5,0.208,9.8,0.178,0.88
2026-10-06,W0749,52.6806,10.4249,0.0,14.1,12.6,0.172,11.5,0.156,1.42
2026-10-07,W0749,52.6806,10.4249,0.0,15.7,12.7,0.162,11.8,0.154,2.06
2026-10-08,W0749,52.6806,10.4249,12.8,12.1,12.2,0.211,12.2,0.156,1.18
2026-10-09,W0749,52.6806,10.4249,3.7,9.7,9.8,0.214,10.5,0.164,0.68
2026-10-10,W0749,52.6806,10.4249,6.6,11.3,11.8,0.228,11.0,0.17,1.19
2026-10-11,W0749,52.6806,10.4249,2.85,10.7,10.0,0.215,10.5,0.176,1.57
2026-10-12,W0749,52.6806,10.4249,10.2,9.9,9.5,0.208,9.8,0.178,0.88
2026-10-06,W0750,52.6806,10.4545,0.0,14.0,12.6,0.172,11.5,0.156,1.44
2026-10-07,W0750,52.6806,10.4545,0.0,15.6,12.7,0.162,11.8,0.154,2.04
2026-10-08,W0750,52.6806,10.4545,12.48,12.0,12.2,0.211,12.2,0.156,1.18
2026-10-09,W0750,52.6806,10.4545,3.7,9.7,9.8,0.214,10.5,0.164,0.68
2026-10-10,W0750,52.6806,10.4545,6.6,11.2,11.8,0.228,11.0,0.17,1.19
2026-10-11,W0750,52.6806,10.4545,2.85,10.7,10.0,0.215,10.5,0.176,1.57
2026-10-12,W0750,52.6806,10.4545,10.2,9.8,9.5,0.208,9.8,0.178,0.88
2026-10-06,W0751,52.6806,10.484,0.0,14.0,12.6,0.172,11.5,0.156,1.44
2026-10-07,W0751,52.6806,10.484,0.0,15.6,12.7,0.162,11.8,0.154,2.04
2026-10-08,W0751,52.6806,10.484,12.53,12.1,12.2,0.211,12.2,0.156,1.21
2026-10-09,W0751,52.6806,10.484,3.6,9.7,9.8,0.214,10.5,0.164,0.71
2026-10-10,W0751,52.6806,10.484,6.0,11.3,11.8,0.228,11.0,0.17,1.25
2026-10-11,W0751,52.6806,10.484,3.0,10.7,10.0,0.215,10.5,0.176,1.58
2026-10-12,W0751,52.6806,10.484,10.2,9.8,9.5,0.208,9.8,0.178,0.88
2026-10-06,W0752,52.6806,10.5135,0.0,14.2,12.6,0.172,11.5,0.156,1.45
2026-10-07,W0752,52.6806,10.5135,0.0,15.7,12.7,0.162,11.8,0.154,2.08
2026-10-08,W0752,52.6806,10.5135,11.5,12.1,12.2,0.211,12.2,0.156,1.21
2026-10-09,W0752,52.6806,10.5135,3.6,9.7,9.8,0.214,10.5,0.164,0.71
2026-10-10,W0752,52.6806,10.5135,6.0,11.3,11.8,0.228,11.0,0.17,1.25
2026-10-11,W0752,52.6806,10.5135,3.0,10.6,10.0,0.215,10.5,0.176,1.58
2026-10-12,W0752,52.6806,10.5135,10.2,9.8,9.5,0.208,9.8,0.178,0.87
2026-10-06,W1632,52.67162,10.52868,0.0,14.3,12.9,0.157,11.8,0.121,1.46
2026-10-07,W1632,52.67162,10.52868,0.0,15.8,12.9,0.147,12.1,0.12,2.09
2026-10-08,W1632,52.67162,10.52868,11.5,12.2,12.5,0.189,12.6,0.121,1.22
2026-10-09,W1632,52.67162,10.52868,3.6,9.8,10.0,0.195,10.8,0.126,0.71
2026-10-10,W1632,52.67162,10.52868,6.0,11.4,11.9,0.209,11.2,0.131,1.26
2026-10-11,W1632,52.67162,10.52868,3.0,10.8,10.1,0.2,10.7,0.137,1.58
2026-10-12,W1632,52.67162,10.52868,10.2,9.9,9.6,0.191,9.9,0.14,0.88
2026-10-06,W0753,52.6806,10.5726,0.0,14.3,12.9,0.157,11.8,0.121,1.47
2026-10-07,W0753,52.6806,10.5726,0.0,15.6,12.9,0.147,12.1,0.12,2.01
2026-10-08,W0753,52.6806,10.5726,10.63,12.2,12.5,0.189,12.6,0.121,1.19
2026-10-09,W0753,52.6806,10.5726,2.9,9.7,10.0,0.195,10.8,0.126,0.72
2026-10-10,W0753,52.6806,10.5726,6.0,11.3,11.9,0.209,11.2,0.131,1.29
2026-10-11,W0753,52.6806,10.5726,2.25,10.6,10.1,0.2,10.7,0.137,1.54
2026-10-12,W0753,52.6806,10.5726,8.7,9.7,9.6,0.191,9.9,0.14,0.84
2026-10-06,W0754,52.6806,10.6021,0.0,14.4,12.9,0.157,11.8,0.121,1.47
2026-10-07,W0754,52.6806,10.6021,0.0,15.4,12.9,0.147,12.1,0.12,1.96
2026-10-08,W0754,52.6806,10.6021,9.8,12.2,12.5,0.189,12.6,0.121,1.18
2026-10-09,W0754,52.6806,10.6021,2.6,9.8,10.0,0.195,10.8,0.126,0.75
2026-10-10,W0754,52.6806,10.6021,5.4,11.5,11.9,0.209,11.2,0.131,1.27
2026-10-11,W0754,52.6806,10.6021,2.25,10.8,10.1,0.2,10.7,0.137,1.55
2026-10-12,W0754,52.6806,10.6021,8.7,9.9,9.6,0.191,9.9,0.14,0.84
2026-10-06,W0755,52.6806,10.6317,0.0,13.9,12.9,0.157,11.8,0.121,1.47
2026-10-07,W0755,52.6806,10.6317,0.0,15.2,12.9,0.147,12.1,0.12,2.01
2026-10-08,W0755,52.6806,10.6317,7.58,12.1,12.5,0.189,12.6,0.121,1.18
2026-10-09,W0755,52.6806,10.6317,2.6,9.8,10.0,0.195,10.8,0.126,0.75
2026-10-10,W0755,52.6806,10.6317,5.4,11.5,11.9,0.209,11.2,0.131,1.27
2026-10-11,W0755,52.6806,10.6317,2.25,10.8,10.1,0.2,10.7,0.137,1.55
2026-10-12,W0755,52.6806,10.6317,8.7,9.9,9.6,0.191,9.9,0.14,0.84
2026-10-06,W0756,52.6806,10.6612,0.0,13.9,12.9,0.157,11.8,0.121,1.46
2026-10-07,W0756,52.6806,10.6612,0.0,15.2,12.9,0.147,12.1,0.12,2.01
2026-10-08,W0756,52.6806,10.6612,7.63,12.1,12.5,0.189,12.6,0.121,1.18
2026-10-09,W0756,52.6806,10.6612,2.6,9.8,10.0,0.195,10.8,0.126,0.78
2026-10-10,W0756,52.6806,10.6612,5.4,11.4,11.9,0.209,11.2,0.131,1.29
2026-10-11,W0756,52.6806,10.6612,1.95,10.7,10.1,0.2,10.7,0.137,1.55
2026-10-12,W0756,52.6806,10.6612,8.7,9.8,9.6,0.191,9.9,0.14,0.84
2026-10-06,W0757,52.6806,10.6908,0.0,14.1,13.2,0.153,12.1,0.107,1.51
2026-10-07,W0757,52.6806,10.6908,0.0,15.6,13.1,0.141,12.5,0.107,2.11
2026-10-08,W0757,52.6806,10.6908,7.6,12.3,12.7,0.192,12.9,0.109,1.18
2026-10-09,W0757,52.6806,10.6908,2.6,9.9,10.0,0.194,11.1,0.115,0.78
2026-10-10,W0757,52.6806,10.6908,5.4,11.5,12.0,0.203,11.4,0.12,1.29
2026-10-11,W0757,52.6806,10.6908,1.95,10.9,10.1,0.195,10.9,0.125,1.65
2026-10-12,W0757,52.6806,10.6908,8.7,9.9,9.8,0.187,10.1,0.128,0.87
2026-10-06,W0758,52.6806,10.7203,0.0,14.0,13.2,0.153,12.1,0.107,1.52
2026-10-07,W0758,52.6806,10.7203,0.0,15.7,13.1,0.141,12.5,0.107,2.1
2026-10-08,W0758,52.6806,10.7203,8.75,12.4,12.7,0.192,12.9,0.109,1.18
2026-10-09,W0758,52.6806,10.7203,2.2,9.8,10.0,0.194,11.1,0.115,0.78
2026-10-10,W0758,52.6806,10.7203,5.1,11.5,12.0,0.203,11.4,0.12,1.27
2026-10-11,W0758,52.6806,10.7203,2.1,10.9,10.1,0.195,10.9,0.125,1.64
2026-10-12,W0758,52.6806,10.7203,8.7,9.9,9.8,0.187,10.1,0.128,0.87
2026-10-06,W0759,52.6806,10.7498,0.0,14.2,13.2,0.153,12.1,0.107,1.49
2026-10-07,W0759,52.6806,10.7498,0.0,15.6,13.1,0.141,12.5,0.107,2.09
2026-10-08,W0759,52.6806,10.7498,8.87,12.4,12.7,0.192,12.9,0.109,1.18
2026-10-09,W0759,52.6806,10.7498,2.2,9.7,10.0,0.194,11.1,0.115,0.77
2026-10-10,W0759,52.6806,10.7498,5.1,11.3,12.0,0.203,11.4,0.12,1.26
2026-10-11,W0759,52.6806,10.7498,2.1,10.7,10.1,0.195,10.9,0.125,1.64
2026-10-12,W0759,52.6806,10.7498,8.7,9.8,9.8,0.187,10.1,0.128,0.86
2026-10-06,W0760,52.6806,10.7794,0.0,14.1,13.2,0.153,12.1,0.107,1.53
2026-10-07,W0760,52.6806,10.7794,0.0,15.1,13.1,0.141,12.5,0.107,2.08
2026-10-08,W0760,52.6806,10.7794,7.4,12.1,12.7,0.192,12.9,0.109,1.18
2026-10-09,W0760,52.6806,10.7794,2.2,9.6,10.0,0.194,11.1,0.115,0.77
2026-10-10,W0760,52.6806,10.7794,5.1,11.2,12.0,0.203,11.4,0.12,1.26
2026-10-11,W0760,52.6806,10.7794,2.1,10.6,10.1,0.195,10.9,0.125,1.63
2026-10-12,W0760,52.6806,10.7794,8.7,9.6,9.8,0.187,10.1,0.128,0.86
2026-10-06,W0761,52.6806,10.8089,0.0,14.3,13.2,0.153,12.1,0.107,1.53
2026-10-07,W0761,52.6806,10.8089,0.0,15.2,13.1,0.141,12.5,0.107,2.14
2026-10-08,W0761,52.6806,10.8089,8.18,12.2,12.7,0.192,12.9,0.109,1.23
2026-10-09,W0761,52.6806,10.8089,2.1,9.8,10.0,0.194,11.1,0.115,0.84
2026-10-10,W0761,52.6806,10.8089,5.1,11.4,12.0,0.203,11.4,0.12,1.38
2026-10-11,W0761,52.6806,10.8089,1.95,10.8,10.1,0.195,10.9,0.125,1.66
2026-10-12,W0761,52.6806,10.8089,8.7,9.8,9.8,0.187,10.1,0.128,0.86
2026-10-06,W1633,52.67162,10.82432,0.0,14.3,13.2,0.153,12.1,0.107,1.51
2026-10-07,W1633,52.67162,10.82432,0.0,15.2,13.1,0.141,12.5,0.107,2.15
2026-10-08,W1633,52.67162,10.82432,6.58,12.2,12.7,0.192,12.9,0.109,1.23
2026-10-09,W1633,52.67162,10.82432,2.1,9.8,10.0,0.194,11.1,0.115,0.84
2026-10-10,W1633,52.67162,10.82432,5.1,11.5,12.0,0.203,11.4,0.12,1.38
2026-10-11,W1633,52.67162,10.82432,1.5,10.8,10.1,0.195,10.9,0.125,1.72
2026-10-12,W1633,52.67162,10.82432,8.4,9.9,9.8,0.187,10.1,0.128,0.9
2026-10-06,W1634,52.67162,10.85389,0.0,14.3,13.7,0.221,13.1,0.172,1.5
2026-10-07,W1634,52.67162,10.85389,0.0,15.4,13.8,0.21,13.5,0.172,2.15
2026-10-08,W1634,52.67162,10.85389,6.55,12.2,13.3,0.245,13.8,0.173,1.27
2026-10-09,W1634,52.67162,10.85389,2.1,9.8,10.8,0.253,12.2,0.175,0.89
2026-10-10,W1634,52.67162,10.85389,3.9,11.5,12.4,0.259,12.2,0.177,1.44
2026-10-11,W1634,52.67162,10.85389,1.2,10.8,10.8,0.253,11.8,0.179,1.74
2026-10-12,W1634,52.67162,10.85389,8.4,9.9,10.5,0.247,11.1,0.181,0.9
2026-10-06,W0762,52.6806,10.8975,0.0,14.3,13.5,0.228,12.5,0.181,1.51
2026-10-07,W0762,52.6806,10.8975,0.0,15.4,13.5,0.217,13.0,0.181,2.14
2026-10-08,W0762,52.6806,10.8975,7.35,12.2,13.2,0.267,13.4,0.183,1.27
2026-10-09,W0762,52.6806,10.8975,2.1,9.8,10.6,0.272,11.8,0.188,0.89
2026-10-10,W0762,52.6806,10.8975,3.9,11.5,12.2,0.276,11.8,0.191,1.44
2026-10-11,W0762,52.6806,10.8975,1.2,10.8,10.7,0.269,11.5,0.195,1.73
2026-10-12,W0762,52.6806,10.8975,8.4,9.9,10.3,0.259,10.8,0.197,0.9
2026-10-06,W0763,52.6806,10.9271,0.0,14.3,13.5,0.228,12.5,0.181,1.45
2026-10-07,W0763,52.6806,10.9271,0.0,16.0,13.5,0.217,13.0,0.181,2.14
2026-10-08,W0763,52.6806,10.9271,8.33,12.6,13.2,0.267,13.4,0.183,1.32
2026-10-09,W0763,52.6806,10.9271,2.1,9.9,10.6,0.272,11.8,0.188,0.9
2026-10-10,W0763,52.6806,10.9271,3.6,11.6,12.2,0.276,11.8,0.191,1.48
2026-10-11,W0763,52.6806,10.9271,1.2,10.9,10.7,0.269,11.5,0.195,1.74
2026-10-12,W0763,52.6806,10.9271,8.4,9.9,10.3,0.259,10.8,0.197,0.9
2026-10-06,W0764,52.6806,10.9566,0.0,14.6,13.5,0.228,12.5,0.181,1.47
2026-10-07,W0764,52.6806,10.9566,0.0,15.7,13.5,0.217,13.0,0.181,2.09
2026-10-08,W0764,52.6806,10.9566,10.83,12.9,13.2,0.267,13.4,0.183,1.34
2026-10-09,W0764,52.6806,10.9566,2.1,9.9,10.6,0.272,11.8,0.188,0.9
2026-10-10,W0764,52.6806,10.9566,3.6,11.6,12.2,0.276,11.8,0.191,1.48
2026-10-11,W0764,52.6806,10.9566,1.2,10.8,10.7,0.269,11.5,0.195,1.73
2026-10-12,W0764,52.6806,10.9566,8.4,9.9,10.3,0.259,10.8,0.197,0.9
2026-10-06,W0765,52.6806,10.9861,0.0,14.7,13.5,0.228,12.5,0.181,1.48
2026-10-07,W0765,52.6806,10.9861,0.0,15.7,13.5,0.217,13.0,0.181,2.09
2026-10-08,W0765,52.6806,10.9861,11.45,12.8,13.2,0.267,13.4,0.183,1.34
2026-10-09,W0765,52.6806,10.9861,1.9,9.8,10.6,0.272,11.8,0.188,0.93
2026-10-10,W0765,52.6806,10.9861,3.3,11.5,12.2,0.276,11.8,0.191,1.52
2026-10-11,W0765,52.6806,10.9861,1.2,10.8,10.7,0.269,11.5,0.195,1.73
2026-10-12,W0765,52.6806,10.9861,8.4,9.8,10.3,0.259,10.8,0.197,0.9
2026-10-06,W1635,52.67162,11.00171,0.0,15.1,13.5,0.228,12.5,0.181,1.49
2026-10-07,W1635,52.67162,11.00171,0.0,15.9,13.5,0.217,13.0,0.181,2.14
2026-10-08,W1635,52.67162,11.00171,11.4,13.0,13.2,0.267,13.4,0.183,1.38
2026-10-09,W1635,52.67162,11.00171,1.9,10.0,10.6,0.272,11.8,0.188,0.94
2026-10-10,W1635,52.67162,11.00171,3.3,11.7,12.2,0.276,11.8,0.191,1.53
2026-10-11,W1635,52.67162,11.00171,1.2,11.0,10.7,0.269,11.5,0.195,1.74
2026-10-12,W1635,52.67162,11.00171,8.4,10.0,10.3,0.259,10.8,0.197,0.9
2026-10-06,W0766,52.6806,11.0452,0.0,15.3,14.0,0.209,13.2,0.149,1.51
2026-10-07,W0766,52.6806,11.0452,0.0,15.9,14.1,0.198,13.6,0.15,2.17
2026-10-08,W0766,52.6806,11.0452,9.47,13.1,13.5,0.228,13.9,0.151,1.4
2026-10-09,W0766,52.6806,11.0452,1.9,10.1,10.8,0.236,12.3,0.153,0.99
2026-10-10,W0766,52.6806,11.0452,3.3,11.8,12.6,0.24,12.3,0.155,1.59
2026-10-11,W0766,52.6806,11.0452,1.2,11.1,11.0,0.237,11.9,0.157,1.77
2026-10-12,W0766,52.6806,11.0452,8.4,10.1,10.7,0.231,11.3,0.158,0.91
2026-10-06,W1636,52.67162,11.06084,0.0,15.2,14.0,0.209,13.2,0.149,1.51
2026-10-07,W1636,52.67162,11.06084,0.0,15.8,14.1,0.198,13.6,0.15,2.16
2026-10-08,W1636,52.67162,11.06084,9.47,13.0,13.5,0.228,13.9,0.151,1.4
2026-10-09,W1636,52.67162,11.06084,1.9,10.0,10.8,0.236,12.3,0.153,0.98
2026-10-10,W1636,52.67162,11.06084,3.3,11.7,12.6,0.24,12.3,0.155,1.59
2026-10-11,W1636,52.67162,11.06084,1.2,11.0,11.0,0.237,11.9,0.157,1.76
2026-10-12,W1636,52.67162,11.06084,8.4,10.0,10.7,0.231,11.3,0.158,0.9
2026-10-06,W1637,52.67162,11.0904,0.0,14.4,14.0,0.209,13.2,0.149,1.44
2026-10-07,W1637,52.67162,11.0904,0.0,15.5,14.1,0.198,13.6,0.15,2.15
2026-10-08,W1637,52.67162,11.0904,8.8,12.9,13.5,0.228,13.9,0.151,1.37
2026-10-09,W1637,52.67162,11.0904,1.9,10.1,10.8,0.236,12.3,0.153,0.99
2026-10-10,W1637,52.67162,11.0904,3.3,11.8,12.6,0.24,12.3,0.155,1.59
2026-10-11,W1637,52.67162,11.0904,0.75,11.3,11.0,0.237,11.9,0.157,1.9
2026-10-12,W1637,52.67162,11.0904,10.2,10.1,10.7,0.231,11.3,0.158,0.92
2026-10-06,W1638,52.67162,11.11997,0.0,14.4,14.0,0.209,13.2,0.149,1.44
2026-10-07,W1638,52.67162,11.11997,0.0,15.5,14.1,0.198,13.6,0.15,2.14
2026-10-08,W1638,52.67162,11.11997,8.77,13.0,13.5,0.228,13.9,0.151,1.37
2026-10-09,W1638,52.67162,11.11997,2.2,10.1,10.8,0.236,12.3,0.153,1.04
2026-10-10,W1638,52.67162,11.11997,3.0,11.8,12.6,0.24,12.3,0.155,1.64
2026-10-11,W1638,52.67162,11.11997,0.6,11.3,11.0,0.237,11.9,0.157,1.91
2026-10-12,W1638,52.67162,11.11997,10.2,10.1,10.7,0.231,11.3,0.158,0.92
2026-10-06,W1639,52.67162,11.14953,0.0,14.9,14.0,0.209,13.2,0.149,1.44
2026-10-07,W1639,52.67162,11.14953,0.0,15.9,14.1,0.198,13.6,0.15,2.12
2026-10-08,W1639,52.67162,11.14953,8.23,13.0,13.5,0.228,13.9,0.151,1.38
2026-10-09,W1639,52.67162,11.14953,2.2,9.9,10.8,0.236,12.3,0.153,1.03
2026-10-10,W1639,52.67162,11.14953,3.0,11.6,12.6,0.24,12.3,0.155,1.63
2026-10-11,W1639,52.67162,11.14953,0.6,11.1,11.0,0.237,11.9,0.157,1.89
2026-10-12,W1639,52.67162,11.14953,10.2,9.9,10.7,0.231,11.3,0.158,0.92
2026-10-06,W0768,52.6986,10.1295,0.0,14.3,13.3,0.208,12.7,0.21,1.35
2026-10-07,W0768,52.6986,10.1295,0.0,15.8,13.2,0.2,12.8,0.206,2.01
2026-10-08,W0768,52.6986,10.1295,17.1,12.0,12.7,0.266,13.0,0.223,1.12
2026-10-09,W0768,52.6986,10.1295,5.8,9.9,10.4,0.25,11.3,0.236,0.64
2026-10-10,W0768,52.6986,10.1295,7.2,11.2,12.2,0.259,11.8,0.238,1.07
2026-10-11,W0768,52.6986,10.1295,3.9,10.5,10.6,0.249,11.3,0.237,1.33
2026-10-12,W0768,52.6986,10.1295,8.4,9.9,10.1,0.242,10.6,0.236,0.89
2026-10-06,W0769,52.6986,10.1591,0.0,14.3,13.3,0.208,12.7,0.21,1.34
2026-10-07,W0769,52.6986,10.1591,0.0,15.9,13.2,0.2,12.8,0.206,2.01
2026-10-08,W0769,52.6986,10.1591,16.3,12.2,12.7,0.266,13.0,0.223,1.15
2026-10-09,W0769,52.6986,10.1591,5.7,10.0,10.4,0.25,11.3,0.236,0.66
2026-10-10,W0769,52.6986,10.1591,7.5,11.3,12.2,0.259,11.8,0.238,1.11
2026-10-11,W0769,52.6986,10.1591,3.9,10.5,10.6,0.249,11.3,0.237,1.34
2026-10-12,W0769,52.6986,10.1591,8.4,9.9,10.1,0.242,10.6,0.236,0.89
2026-10-06,W0770,52.6986,10.1886,0.0,14.5,12.9,0.176,12.0,0.164,1.39
2026-10-07,W0770,52.6986,10.1886,0.0,15.6,13.0,0.167,12.3,0.162,1.98
2026-10-08,W0770,52.6986,10.1886,15.55,11.9,12.3,0.236,12.6,0.171,1.15
2026-10-09,W0770,52.6986,10.1886,5.7,10.0,9.9,0.228,10.7,0.185,0.66
2026-10-10,W0770,52.6986,10.1886,7.5,11.3,11.9,0.243,11.2,0.193,1.11
2026-10-11,W0770,52.6986,10.1886,3.9,10.6,10.1,0.234,10.7,0.198,1.36
2026-10-12,W0770,52.6986,10.1886,9.9,9.9,9.6,0.231,10.0,0.203,0.81
2026-10-06,W0771,52.6986,10.2182,0.0,14.6,12.9,0.176,12.0,0.164,1.43
2026-10-07,W0771,52.6986,10.2182,0.0,16.0,13.0,0.167,12.3,0.162,2.06
2026-10-08,W0771,52.6986,10.2182,15.35,12.0,12.3,0.236,12.6,0.171,1.15
2026-10-09,W0771,52.6986,10.2182,5.7,10.0,9.9,0.228,10.7,0.185,0.66
2026-10-10,W0771,52.6986,10.2182,7.5,11.4,11.9,0.243,11.2,0.193,1.11
2026-10-11,W0771,52.6986,10.2182,3.9,10.6,10.1,0.234,10.7,0.198,1.36
2026-10-12,W0771,52.6986,10.2182,9.9,9.9,9.6,0.231,10.0,0.203,0.81
2026-10-06,W0772,52.6986,10.2477,0.0,14.5,12.9,0.176,12.0,0.164,1.42
2026-10-07,W0772,52.6986,10.2477,0.0,16.1,13.0,0.167,12.3,0.162,2.05
2026-10-08,W0772,52.6986,10.2477,14.68,12.1,12.3,0.236,12.6,0.171,1.2
2026-10-09,W0772,52.6986,10.2477,5.0,10.0,9.9,0.228,10.7,0.185,0.71
2026-10-10,W0772,52.6986,10.2477,7.5,11.4,11.9,0.243,11.2,0.193,1.18
2026-10-11,W0772,52.6986,10.2477,3.9,10.6,10.1,0.234,10.7,0.198,1.38
2026-10-12,W0772,52.6986,10.2477,9.9,9.9,9.6,0.231,10.0,0.203,0.81
2026-10-06,W0773,52.6986,10.2772,0.0,14.1,12.9,0.176,12.0,0.164,1.39
2026-10-07,W0773,52.6986,10.2772,0.0,15.8,13.0,0.167,12.3,0.162,2.03
2026-10-08,W0773,52.6986,10.2772,12.68,11.9,12.3,0.236,12.6,0.171,1.18
2026-10-09,W0773,52.6986,10.2772,5.0,9.8,9.9,0.228,10.7,0.185,0.7
2026-10-10,W0773,52.6986,10.2772,7.5,11.2,11.9,0.243,11.2,0.193,1.17
2026-10-11,W0773,52.6986,10.2772,3.9,10.4,10.1,0.234,10.7,0.198,1.37
2026-10-12,W0773,52.6986,10.2772,9.9,9.7,9.6,0.231,10.0,0.203,0.8
2026-10-06,W0774,52.6986,10.3068,0.0,14.3,12.9,0.176,12.0,0.164,1.39
2026-10-07,W0774,52.6986,10.3068,0.0,16.0,13.0,0.167,12.3,0.162,2.04
2026-10-08,W0774,52.6986,10.3068,12.73,12.1,12.3,0.236,12.6,0.171,1.19
2026-10-09,W0774,52.6986,10.3068,4.3,9.9,9.9,0.228,10.7,0.185,0.71
2026-10-10,W0774,52.6986,10.3068,7.2,11.4,11.9,0.243,11.2,0.193,1.19
2026-10-11,W0774,52.6986,10.3068,3.9,10.6,10.1,0.234,10.7,0.198,1.38
2026-10-12,W0774,52.6986,10.3068,9.9,9.9,9.6,0.231,10.0,0.203,0.81
2026-10-06,W1640,52.68964,10.32173,0.0,14.3,12.9,0.176,12.0,0.164,1.38
2026-10-07,W1640,52.68964,10.32173,0.0,16.0,13.0,0.167,12.3,0.162,2.07
2026-10-08,W1640,52.68964,10.32173,12.5,12.1,12.3,0.236,12.6,0.171,1.2
2026-10-09,W1640,52.68964,10.32173,4.3,9.9,9.9,0.228,10.7,0.185,0.71
2026-10-10,W1640,52.68964,10.32173,7.2,11.4,11.9,0.243,11.2,0.193,1.19
2026-10-11,W1640,52.68964,10.32173,3.9,10.6,10.1,0.234,10.7,0.198,1.38
2026-10-12,W1640,52.68964,10.32173,9.9,9.9,9.6,0.231,10.0,0.203,0.81
2026-10-06,W0775,52.6986,10.3658,0.0,14.2,12.6,0.172,11.5,0.156,1.41
2026-10-07,W0775,52.6986,10.3658,0.0,16.0,12.7,0.162,11.8,0.154,2.1
2026-10-08,W0775,52.6986,10.3658,12.45,12.1,12.2,0.211,12.2,0.156,1.18
2026-10-09,W0775,52.6986,10.3658,4.1,9.9,9.8,0.214,10.5,0.164,0.69
2026-10-10,W0775,52.6986,10.3658,6.6,11.4,11.8,0.228,11.0,0.17,1.18
2026-10-11,W0775,52.6986,10.3658,3.75,10.6,10.0,0.215,10.5,0.176,1.38
2026-10-12,W0775,52.6986,10.3658,9.9,9.9,9.5,0.208,9.8,0.178,0.81
2026-10-06,W0776,52.6986,10.3954,0.0,14.1,12.6,0.172,11.5,0.156,1.46
2026-10-07,W0776,52.6986,10.3954,0.0,15.9,12.7,0.162,11.8,0.154,2.08
2026-10-08,W0776,52.6986,10.3954,13.13,12.0,12.2,0.211,12.2,0.156,1.18
2026-10-09,W0776,52.6986,10.3954,4.1,9.7,9.8,0.214,10.5,0.164,0.68
2026-10-10,W0776,52.6986,10.3954,6.6,11.2,11.8,0.228,11.0,0.17,1.17
2026-10-11,W0776,52.6986,10.3954,3.75,10.4,10.0,0.215,10.5,0.176,1.37
2026-10-12,W0776,52.6986,10.3954,9.9,9.7,9.5,0.208,9.8,0.178,0.8
2026-10-06,W0777,52.6986,10.4249,0.0,14.2,12.6,0.172,11.5,0.156,1.46
2026-10-07,W0777,52.6986,10.4249,0.0,15.9,12.7,0.162,11.8,0.154,2.09
2026-10-08,W0777,52.6986,10.4249,12.98,12.1,12.2,0.211,12.2,0.156,1.18
2026-10-09,W0777,52.6986,10.4249,3.7,9.7,9.8,0.214,10.5,0.164,0.68
2026-10-10,W0777,52.6986,10.4249,6.6,11.2,11.8,0.228,11.0,0.17,1.19
2026-10-11,W0777,52.6986,10.4249,3.75,10.4,10.0,0.215,10.5,0.176,1.38
2026-10-12,W0777,52.6986,10.4249,9.9,9.7,9.5,0.208,9.8,0.178,0.8
2026-10-06,W0778,52.6986,10.4545,0.0,14.0,12.6,0.172,11.5,0.156,1.43
2026-10-07,W0778,52.6986,10.4545,0.0,15.7,12.7,0.162,11.8,0.154,2.04
2026-10-08,W0778,52.6986,10.4545,12.8,12.1,12.2,0.211,12.2,0.156,1.18
2026-10-09,W0778,52.6986,10.4545,3.7,9.7,9.8,0.214,10.5,0.164,0.68
2026-10-10,W0778,52.6986,10.4545,6.6,11.3,11.8,0.228,11.0,0.17,1.19
2026-10-11,W0778,52.6986,10.4545,3.0,10.5,10.0,0.215,10.5,0.176,1.39
2026-10-12,W0778,52.6986,10.4545,10.8,9.7,9.5,0.208,9.8,0.178,0.8
2026-10-06,W0779,52.6986,10.484,0.0,13.9,12.6,0.172,11.5,0.156,1.42
2026-10-07,W0779,52.6986,10.484,0.0,15.6,12.7,0.162,11.8,0.154,2.03
2026-10-08,W0779,52.6986,10.484,12.85,12.0,12.2,0.211,12.2,0.156,1.2
2026-10-09,W0779,52.6986,10.484,3.6,9.7,9.8,0.214,10.5,0.164,0.71
2026-10-10,W0779,52.6986,10.484,6.0,11.3,11.8,0.228,11.0,0.17,1.25
2026-10-11,W0779,52.6986,10.484,3.15,10.4,10.0,0.215,10.5,0.176,1.4
2026-10-12,W0779,52.6986,10.484,10.8,9.6,9.5,0.208,9.8,0.178,0.8
2026-10-06,W0780,52.6986,10.5135,0.0,14.1,12.6,0.172,11.5,0.156,1.45
2026-10-07,W0780,52.6986,10.5135,0.0,15.7,12.7,0.162,11.8,0.154,2.08
2026-10-08,W0780,52.6986,10.5135,12.53,12.1,12.2,0.211,12.2,0.156,1.21
2026-10-09,W0780,52.6986,10.5135,3.6,9.7,9.8,0.214,10.5,0.164,0.71
2026-10-10,W0780,52.6986,10.5135,6.0,11.3,11.8,0.228,11.0,0.17,1.25
2026-10-11,W0780,52.6986,10.5135,3.15,10.4,10.0,0.215,10.5,0.176,1.4
2026-10-12,W0780,52.6986,10.5135,10.8,9.6,9.5,0.208,9.8,0.178,0.8
2026-10-06,W0781,52.6986,10.5431,0.0,14.3,12.9,0.157,11.8,0.121,1.44
2026-10-07,W0781,52.6986,10.5431,0.0,15.9,12.9,0.147,12.1,0.12,2.02
2026-10-08,W0781,52.6986,10.5431,12.1,12.3,12.5,0.189,12.6,0.121,1.21
2026-10-09,W0781,52.6986,10.5431,2.9,9.6,10.0,0.195,10.8,0.126,0.72
2026-10-10,W0781,52.6986,10.5431,6.0,11.3,11.9,0.209,11.2,0.131,1.28
2026-10-11,W0781,52.6986,10.5431,3.15,10.4,10.1,0.2,10.7,0.137,1.4
2026-10-12,W0781,52.6986,10.5431,10.8,9.6,9.6,0.191,9.9,0.14,0.8
2026-10-06,W0782,52.6986,10.5726,0.0,14.4,12.9,0.157,11.8,0.121,1.44
2026-10-07,W0782,52.6986,10.5726,0.0,15.6,12.9,0.147,12.1,0.12,2.01
2026-10-08,W0782,52.6986,10.5726,11.7,12.2,12.5,0.189,12.6,0.121,1.21
2026-10-09,W0782,52.6986,10.5726,2.9,9.6,10.0,0.195,10.8,0.126,0.72
2026-10-10,W0782,52.6986,10.5726,6.0,11.2,11.9,0.209,11.2,0.131,1.28
2026-10-11,W0782,52.6986,10.5726,1.95,10.5,10.1,0.2,10.7,0.137,1.52
2026-10-12,W0782,52.6986,10.5726,9.0,9.7,9.6,0.191,9.9,0.14,0.85
2026-10-06,W0783,52.6986,10.6021,0.0,14.4,12.9,0.157,11.8,0.121,1.46
2026-10-07,W0783,52.6986,10.6021,0.0,15.3,12.9,0.147,12.1,0.12,1.96
2026-10-08,W0783,52.6986,10.6021,10.75,12.1,12.5,0.189,12.6,0.121,1.18
2026-10-09,W0783,52.6986,10.6021,2.6,9.6,10.0,0.195,10.8,0.126,0.74
2026-10-10,W0783,52.6986,10.6021,5.4,11.2,11.9,0.209,11.2,0.131,1.25
2026-10-11,W0783,52.6986,10.6021,1.95,10.5,10.1,0.2,10.7,0.137,1.52
2026-10-12,W0783,52.6986,10.6021,9.0,9.7,9.6,0.191,9.9,0.14,0.85
2026-10-06,W0784,52.6986,10.6317,0.0,14.0,12.9,0.157,11.8,0.121,1.46
2026-10-07,W0784,52.6986,10.6317,0.0,15.0,12.9,0.147,12.1,0.12,2.01
2026-10-08,W0784,52.6986,10.6317,7.85,12.1,12.5,0.189,12.6,0.121,1.18
2026-10-09,W0784,52.6986,10.6317,2.6,9.8,10.0,0.195,10.8,0.126,0.75
2026-10-10,W0784,52.6986,10.6317,5.4,11.4,11.9,0.209,11.2,0.131,1.27
2026-10-11,W0784,52.6986,10.6317,1.95,10.7,10.1,0.2,10.7,0.137,1.53
2026-10-12,W0784,52.6986,10.6317,9.0,9.9,9.6,0.191,9.9,0.14,0.86
2026-10-06,W0785,52.6986,10.6612,0.0,14.0,12.9,0.157,11.8,0.121,1.46
2026-10-07,W0785,52.6986,10.6612,0.0,15.1,12.9,0.147,12.1,0.12,2.01
2026-10-08,W0785,52.6986,10.6612,7.9,12.1,12.5,0.189,12.6,0.121,1.18
2026-10-09,W0785,52.6986,10.6612,2.6,9.9,10.0,0.195,10.8,0.126,0.78
2026-10-10,W0785,52.6986,10.6612,5.4,11.5,11.9,0.209,11.2,0.131,1.29
2026-10-11,W0785,52.6986,10.6612,1.65,10.7,10.1,0.2,10.7,0.137,1.54
2026-10-12,W0785,52.6986,10.6612,9.0,10.0,9.6,0.191,9.9,0.14,0.86
2026-10-06,W1641,52.68964,10.6765,0.0,14.1,12.9,0.157,11.8,0.121,1.51
2026-10-07,W1641,52.68964,10.6765,0.0,15.6,12.9,0.147,12.1,0.12,2.11
2026-10-08,W1641,52.68964,10.6765,7.6,12.3,12.5,0.189,12.6,0.121,1.18
2026-10-09,W1641,52.68964,10.6765,2.6,9.9,10.0,0.195,10.8,0.126,0.78
2026-10-10,W1641,52.68964,10.6765,5.4,11.5,11.9,0.209,11.2,0.131,1.29
2026-10-11,W1641,52.68964,10.6765,1.65,10.7,10.1,0.2,10.7,0.137,1.54
2026-10-12,W1641,52.68964,10.6765,9.0,10.0,9.6,0.191,9.9,0.14,0.86
2026-10-06,W0786,52.6986,10.7203,0.0,14.0,13.2,0.153,12.1,0.107,1.48
2026-10-07,W0786,52.6986,10.7203,0.0,15.5,13.1,0.141,12.5,0.107,2.16
2026-10-08,W0786,52.6986,10.7203,7.7,12.3,12.7,0.192,12.9,0.109,1.18
2026-10-09,W0786,52.6986,10.7203,2.2,9.8,10.0,0.194,11.1,0.115,0.78
2026-10-10,W0786,52.6986,10.7203,5.1,11.4,12.0,0.203,11.4,0.12,1.27
2026-10-11,W0786,52.6986,10.7203,1.5,10.7,10.1,0.195,10.9,0.125,1.57
2026-10-12,W0786,52.6986,10.7203,8.7,9.9,9.8,0.187,10.1,0.128,0.88
2026-10-06,W1642,52.68964,10.73563,0.0,14.2,13.2,0.153,12.1,0.107,1.49
2026-10-07,W1642,52.68964,10.73563,0.0,15.5,13.1,0.141,12.5,0.107,2.09
2026-10-08,W1642,52.68964,10.73563,8.87,12.3,12.7,0.192,12.9,0.109,1.18
2026-10-09,W1642,52.68964,10.73563,2.2,9.7,10.0,0.194,11.1,0.115,0.77
2026-10-10,W1642,52.68964,10.73563,5.1,11.3,12.0,0.203,11.4,0.12,1.26
2026-10-11,W1642,52.68964,10.73563,1.5,10.5,10.1,0.195,10.9,0.125,1.57
2026-10-12,W1642,52.68964,10.73563,8.7,9.8,9.8,0.187,10.1,0.128,0.88
2026-10-06,W1643,52.68964,10.76519,0.0,14.2,13.2,0.153,12.1,0.107,1.49
2026-10-07,W1643,52.68964,10.76519,0.0,15.6,13.1,0.141,12.5,0.107,2.09
2026-10-08,W1643,52.68964,10.76519,8.87,12.4,12.7,0.192,12.9,0.109,1.18
2026-10-09,W1643,52.68964,10.76519,2.2,9.7,10.0,0.194,11.1,0.115,0.77
2026-10-10,W1643,52.68964,10.76519,5.1,11.3,12.0,0.203,11.4,0.12,1.27
2026-10-11,W1643,52.68964,10.76519,1.5,10.6,10.1,0.195,10.9,0.125,1.57
2026-10-12,W1643,52.68964,10.76519,8.7,9.9,9.8,0.187,10.1,0.128,0.88
2026-10-06,W1644,52.68964,10.79476,0.0,14.3,13.2,0.153,12.1,0.107,1.53
2026-10-07,W1644,52.68964,10.79476,0.0,15.2,13.1,0.141,12.5,0.107,2.14
2026-10-08,W1644,52.68964,10.79476,8.18,12.1,12.7,0.192,12.9,0.109,1.23
2026-10-09,W1644,52.68964,10.79476,2.1,9.7,10.0,0.194,11.1,0.115,0.84
2026-10-10,W1644,52.68964,10.79476,5.1,11.4,12.0,0.203,11.4,0.12,1.37
2026-10-11,W1644,52.68964,10.79476,1.35,10.6,10.1,0.195,10.9,0.125,1.59
2026-10-12,W1644,52.68964,10.79476,8.7,9.8,9.8,0.187,10.1,0.128,0.88
2026-10-06,W0787,52.6986,10.8384,0.0,14.3,13.2,0.153,12.1,0.107,1.51
2026-10-07,W0787,52.6986,10.8384,0.0,15.2,13.1,0.141,12.5,0.107,2.16
2026-10-08,W0787,52.6986,10.8384,7.48,12.1,12.7,0.192,12.9,0.109,1.23
2026-10-09,W0787,52.6986,10.8384,2.1,9.8,10.0,0.194,11.1,0.115,0.84
2026-10-10,W0787,52.6986,10.8384,5.1,11.5,12.0,0.203,11.4,0.12,1.38
2026-10-11,W0787,52.6986,10.8384,1.35,10.7,10.1,0.195,10.9,0.125,1.72
2026-10-12,W0787,52.6986,10.8384,6.9,10.0,9.8,0.187,10.1,0.128,0.92
2026-10-06,W0788,52.6986,10.868,0.0,14.1,13.5,0.228,12.5,0.181,1.5
2026-10-07,W0788,52.6986,10.868,0.0,15.4,13.5,0.217,13.0,0.181,2.12
2026-10-08,W0788,52.6986,10.868,6.78,12.1,13.2,0.267,13.4,0.183,1.27
2026-10-09,W0788,52.6986,10.868,2.1,9.7,10.6,0.272,11.8,0.188,0.89
2026-10-10,W0788,52.6986,10.868,3.9,11.4,12.2,0.276,11.8,0.191,1.44
2026-10-11,W0788,52.6986,10.868,1.05,10.6,10.7,0.269,11.5,0.195,1.73
2026-10-12,W0788,52.6986,10.868,6.9,9.9,10.3,0.259,10.8,0.197,0.92
2026-10-06,W0789,52.6986,10.8975,0.0,14.5,13.5,0.228,12.5,0.181,1.49
2026-10-07,W0789,52.6986,10.8975,0.0,15.9,13.5,0.217,13.0,0.181,2.14
2026-10-08,W0789,52.6986,10.8975,7.75,12.5,13.2,0.267,13.4,0.183,1.32
2026-10-09,W0789,52.6986,10.8975,2.1,9.7,10.6,0.272,11.8,0.188,0.89
2026-10-10,W0789,52.6986,10.8975,3.9,11.4,12.2,0.276,11.8,0.191,1.43
2026-10-11,W0789,52.6986,10.8975,1.05,10.6,10.7,0.269,11.5,0.195,1.73
2026-10-12,W0789,52.6986,10.8975,6.9,9.9,10.3,0.259,10.8,0.197,0.92
2026-10-06,W0790,52.6986,10.9271,0.0,14.4,13.5,0.228,12.5,0.181,1.48
2026-10-07,W0790,52.6986,10.9271,0.0,15.9,13.5,0.217,13.0,0.181,2.14
2026-10-08,W0790,52.6986,10.9271,7.73,12.5,13.2,0.267,13.4,0.183,1.34
2026-10-09,W0790,52.6986,10.9271,2.1,9.7,10.6,0.272,11.8,0.188,0.89
2026-10-10,W0790,52.6986,10.9271,3.6,11.4,12.2,0.276,11.8,0.191,1.47
2026-10-11,W0790,52.6986,10.9271,1.05,10.6,10.7,0.269,11.5,0.195,1.72
2026-10-12,W0790,52.6986,10.9271,6.9,9.8,10.3,0.259,10.8,0.197,0.92
2026-10-06,W0791,52.6986,10.9566,0.0,14.7,13.5,0.228,12.5,0.181,1.5
2026-10-07,W0791,52.6986,10.9566,0.0,15.4,13.5,0.217,13.0,0.181,2.06
2026-10-08,W0791,52.6986,10.9566,9.95,12.7,13.2,0.267,13.4,0.183,1.34
2026-10-09,W0791,52.6986,10.9566,2.1,9.8,10.6,0.272,11.8,0.188,0.9
2026-10-10,W0791,52.6986,10.9566,3.6,11.5,12.2,0.276,11.8,0.191,1.47
2026-10-11,W0791,52.6986,10.9566,1.05,10.7,10.7,0.269,11.5,0.195,1.72
2026-10-12,W0791,52.6986,10.9566,6.9,9.9,10.3,0.259,10.8,0.197,0.92
2026-10-06,W0792,52.6986,10.9861,0.0,14.9,13.5,0.228,12.5,0.181,1.51
2026-10-07,W0792,52.6986,10.9861,0.0,15.7,13.5,0.217,13.0,0.181,2.08
2026-10-08,W0792,52.6986,10.9861,10.0,13.0,13.2,0.267,13.4,0.183,1.36
2026-10-09,W0792,52.6986,10.9861,1.9,10.0,10.6,0.272,11.8,0.188,0.94
2026-10-10,W0792,52.6986,10.9861,3.3,11.7,12.2,0.276,11.8,0.191,1.53
2026-10-11,W0792,52.6986,10.9861,1.05,10.9,10.7,0.269,11.5,0.195,1.74
2026-10-12,W0792,52.6986,10.9861,6.9,10.1,10.3,0.259,10.8,0.197,0.93
2026-10-06,W1645,52.68964,11.00171,0.0,15.2,13.5,0.228,12.5,0.181,1.49
2026-10-07,W1645,52.68964,11.00171,0.0,16.0,13.5,0.217,13.0,0.181,2.14
2026-10-08,W1645,52.68964,11.00171,11.4,13.0,13.2,0.267,13.4,0.183,1.38
2026-10-09,W1645,52.68964,11.00171,1.9,10.1,10.6,0.272,11.8,0.188,0.94
2026-10-10,W1645,52.68964,11.00171,3.3,11.8,12.2,0.276,11.8,0.191,1.53
2026-10-11,W1645,52.68964,11.00171,1.05,11.0,10.7,0.269,11.5,0.195,1.75
2026-10-12,W1645,52.68964,11.00171,6.9,10.2,10.3,0.259,10.8,0.197,0.93
2026-10-06,W0793,52.6986,11.0452,0.0,14.7,14.0,0.209,13.2,0.149,1.51
2026-10-07,W0793,52.6986,11.0452,0.0,15.2,14.1,0.198,13.6,0.15,2.1
2026-10-08,W0793,52.6986,11.0452,10.98,12.8,13.5,0.228,13.9,0.151,1.35
2026-10-09,W0793,52.6986,11.0452,1.9,10.0,10.8,0.236,12.3,0.153,0.98
2026-10-10,W0793,52.6986,11.0452,3.3,11.7,12.6,0.24,12.3,0.155,1.59
2026-10-11,W0793,52.6986,11.0452,1.05,10.9,11.0,0.237,11.9,0.157,1.76
2026-10-12,W0793,52.6986,11.0452,6.9,10.1,10.7,0.231,11.3,0.158,0.93
2026-10-06,W0794,52.6986,11.0747,0.0,14.6,14.0,0.209,13.2,0.149,1.45
2026-10-07,W0794,52.6986,11.0747,0.0,15.2,14.1,0.198,13.6,0.15,2.09
2026-10-08,W0794,52.6986,11.0747,9.42,12.8,13.5,0.228,13.9,0.151,1.35
2026-10-09,W0794,52.6986,11.0747,1.9,10.1,10.8,0.236,12.3,0.153,0.99
2026-10-10,W0794,52.6986,11.0747,3.3,11.8,12.6,0.24,12.3,0.155,1.6
2026-10-11,W0794,52.6986,11.0747,0.9,11.2,11.0,0.237,11.9,0.157,1.87
2026-10-12,W0794,52.6986,11.0747,7.5,10.2,10.7,0.231,11.3,0.158,1.01
2026-10-06,W0795,52.6986,11.1043,0.0,14.6,14.0,0.209,13.2,0.149,1.45
2026-10-07,W0795,52.6986,11.1043,0.0,15.2,14.1,0.198,13.6,0.15,2.1
2026-10-08,W0795,52.6986,11.1043,9.4,12.9,13.5,0.228,13.9,0.151,1.35
2026-10-09,W0795,52.6986,11.1043,2.2,10.2,10.8,0.236,12.3,0.153,1.04
2026-10-10,W0795,52.6986,11.1043,3.0,11.9,12.6,0.24,12.3,0.155,1.65
2026-10-11,W0795,52.6986,11.1043,0.75,11.2,11.0,0.237,11.9,0.157,1.88
2026-10-12,W0795,52.6986,11.1043,7.5,10.3,10.7,0.231,11.3,0.158,1.01
2026-10-06,W0796,52.6986,11.1338,0.0,14.6,14.0,0.209,13.2,0.149,1.44
2026-10-07,W0796,52.6986,11.1338,0.0,15.8,14.1,0.198,13.6,0.15,2.12
2026-10-08,W0796,52.6986,11.1338,8.52,13.1,13.5,0.228,13.9,0.151,1.38
2026-10-09,W0796,52.6986,11.1338,2.2,10.0,10.8,0.236,12.3,0.153,1.03
2026-10-10,W0796,52.6986,11.1338,3.0,11.7,12.6,0.24,12.3,0.155,1.63
2026-10-11,W0796,52.6986,11.1338,0.75,11.0,11.0,0.237,11.9,0.157,1.87
2026-10-12,W0796,52.6986,11.1338,7.5,10.1,10.7,0.231,11.3,0.158,1.01
2026-10-06,W1646,52.68964,11.14953,0.0,15.0,14.0,0.209,13.2,0.149,1.45
2026-10-07,W1646,52.68964,11.14953,0.0,16.0,14.1,0.198,13.6,0.15,2.12
2026-10-08,W1646,52.68964,11.14953,8.23,13.1,13.5,0.228,13.9,0.151,1.38
2026-10-09,W1646,52.68964,11.14953,2.2,10.0,10.8,0.236,12.3,0.153,1.03
2026-10-10,W1646,52.68964,11.14953,3.0,11.7,12.6,0.24,12.3,0.155,1.63
2026-10-11,W1646,52.68964,11.14953,0.75,11.0,11.0,0.237,11.9,0.157,1.87
2026-10-12,W1646,52.68964,11.14953,7.5,10.1,10.7,0.231,11.3,0.158,1.01
2026-10-06,W1647,52.70766,10.11478,0.0,14.3,13.3,0.208,12.7,0.21,1.36
2026-10-07,W1647,52.70766,10.11478,0.0,15.9,13.2,0.2,12.8,0.206,2.01
2026-10-08,W1647,52.70766,10.11478,17.1,12.1,12.7,0.266,13.0,0.223,1.13
2026-10-09,W1647,52.70766,10.11478,5.8,10.0,10.4,0.25,11.3,0.236,0.65
2026-10-10,W1647,52.70766,10.11478,7.2,11.3,12.2,0.259,11.8,0.238,1.08
2026-10-11,W1647,52.70766,10.11478,3.9,10.6,10.6,0.249,11.3,0.237,1.33
2026-10-12,W1647,52.70766,10.11478,8.4,9.9,10.1,0.242,10.6,0.236,0.89
2026-10-06,W1648,52.70766,10.14435,0.0,14.2,13.3,0.208,12.7,0.21,1.34
2026-10-07,W1648,52.70766,10.14435,0.0,15.9,13.2,0.2,12.8,0.206,2.0
2026-10-08,W1648,52.70766,10.14435,16.38,12.1,12.7,0.266,13.0,0.223,1.12
2026-10-09,W1648,52.70766,10.14435,5.8,9.9,10.4,0.25,11.3,0.236,0.64
2026-10-10,W1648,52.70766,10.14435,7.2,11.2,12.2,0.259,11.8,0.238,1.07
2026-10-11,W1648,52.70766,10.14435,3.9,10.5,10.6,0.249,11.3,0.237,1.33
2026-10-12,W1648,52.70766,10.14435,8.4,9.9,10.1,0.242,10.6,0.236,0.89
2026-10-06,W1649,52.70766,10.17391,0.0,14.5,13.3,0.231,12.9,0.237,1.39
2026-10-07,W1649,52.70766,10.17391,0.0,15.5,13.4,0.223,13.0,0.23,1.97
2026-10-08,W1649,52.70766,10.17391,15.55,11.9,12.8,0.272,13.2,0.24,1.14
2026-10-09,W1649,52.70766,10.17391,5.7,9.9,10.3,0.258,11.4,0.248,0.66
2026-10-10,W1649,52.70766,10.17391,7.5,11.3,12.2,0.277,11.9,0.255,1.1
2026-10-11,W1649,52.70766,10.17391,3.9,10.5,10.6,0.261,11.4,0.255,1.34
2026-10-12,W1649,52.70766,10.17391,8.4,9.9,10.0,0.253,10.6,0.25,0.89
2026-10-06,W1650,52.70766,10.20347,0.0,14.4,12.9,0.176,12.0,0.164,1.42
2026-10-07,W1650,52.70766,10.20347,0.0,15.9,13.0,0.167,12.3,0.162,2.01
2026-10-08,W1650,52.70766,10.20347,15.5,12.0,12.3,0.236,12.6,0.171,1.14
2026-10-09,W1650,52.70766,10.20347,5.7,9.9,9.9,0.228,10.7,0.185,0.66
2026-10-10,W1650,52.70766,10.20347,7.5,11.3,11.9,0.243,11.2,0.193,1.1
2026-10-11,W1650,52.70766,10.20347,3.9,10.5,10.1,0.234,10.7,0.198,1.36
2026-10-12,W1650,52.70766,10.20347,9.9,9.8,9.6,0.231,10.0,0.203,0.81
2026-10-06,W1651,52.70766,10.23304,0.0,14.4,12.9,0.176,12.0,0.164,1.41
2026-10-07,W1651,52.70766,10.23304,0.0,16.0,13.0,0.167,12.3,0.162,2.05
2026-10-08,W1651,52.70766,10.23304,14.68,12.0,12.3,0.236,12.6,0.171,1.19
2026-10-09,W1651,52.70766,10.23304,5.0,9.9,9.9,0.228,10.7,0.185,0.71
2026-10-10,W1651,52.70766,10.23304,7.5,11.4,11.9,0.243,11.2,0.193,1.18
2026-10-11,W1651,52.70766,10.23304,3.9,10.5,10.1,0.234,10.7,0.198,1.38
2026-10-12,W1651,52.70766,10.23304,9.9,9.8,9.6,0.231,10.0,0.203,0.81
2026-10-06,W1652,52.70766,10.2626,0.0,14.4,12.9,0.176,12.0,0.164,1.41
2026-10-07,W1652,52.70766,10.2626,0.0,15.9,13.0,0.167,12.3,0.162,2.05
2026-10-08,W1652,52.70766,10.2626,14.68,12.0,12.3,0.236,12.6,0.171,1.19
2026-10-09,W1652,52.70766,10.2626,5.0,9.9,9.9,0.228,10.7,0.185,0.71
2026-10-10,W1652,52.70766,10.2626,7.5,11.3,11.9,0.243,11.2,0.193,1.17
2026-10-11,W1652,52.70766,10.2626,3.9,10.5,10.1,0.234,10.7,0.198,1.37
2026-10-12,W1652,52.70766,10.2626,9.9,9.8,9.6,0.231,10.0,0.203,0.81
2026-10-06,W1653,52.70766,10.29217,0.0,14.2,12.9,0.176,12.0,0.164,1.39
2026-10-07,W1653,52.70766,10.29217,0.0,15.9,13.0,0.167,12.3,0.162,2.03
2026-10-08,W1653,52.70766,10.29217,12.73,12.0,12.3,0.236,12.6,0.171,1.19
2026-10-09,W1653,52.70766,10.29217,4.3,9.9,9.9,0.228,10.7,0.185,0.71
2026-10-10,W1653,52.70766,10.29217,7.2,11.4,11.9,0.243,11.2,0.193,1.19
2026-10-11,W1653,52.70766,10.29217,3.9,10.5,10.1,0.234,10.7,0.198,1.38
2026-10-12,W1653,52.70766,10.29217,9.9,9.8,9.6,0.231,10.0,0.203,0.81
2026-10-06,W1654,52.70766,10.32173,0.0,14.5,12.9,0.176,12.0,0.164,1.4
2026-10-07,W1654,52.70766,10.32173,0.0,16.1,13.0,0.167,12.3,0.162,2.06
2026-10-08,W1654,52.70766,10.32173,12.23,12.1,12.3,0.236,12.6,0.171,1.2
2026-10-09,W1654,52.70766,10.32173,4.3,9.9,9.9,0.228,10.7,0.185,0.71
2026-10-10,W1654,52.70766,10.32173,7.2,11.4,11.9,0.243,11.2,0.193,1.19
2026-10-11,W1654,52.70766,10.32173,3.9,10.6,10.1,0.234,10.7,0.198,1.38
2026-10-12,W1654,52.70766,10.32173,9.9,9.9,9.6,0.231,10.0,0.203,0.81
2026-10-06,W1655,52.70766,10.3513,0.0,14.3,12.6,0.172,11.5,0.156,1.41
2026-10-07,W1655,52.70766,10.3513,0.0,16.0,12.7,0.162,11.8,0.154,2.1
2026-10-08,W1655,52.70766,10.3513,12.45,12.2,12.2,0.211,12.2,0.156,1.19
2026-10-09,W1655,52.70766,10.3513,4.1,9.9,9.8,0.214,10.5,0.164,0.69
2026-10-10,W1655,52.70766,10.3513,6.6,11.4,11.8,0.228,11.0,0.17,1.18
2026-10-11,W1655,52.70766,10.3513,3.75,10.6,10.0,0.215,10.5,0.176,1.38
2026-10-12,W1655,52.70766,10.3513,9.9,9.9,9.5,0.208,9.8,0.178,0.81
2026-10-06,W1656,52.70766,10.38086,0.0,14.3,12.6,0.172,11.5,0.156,1.45
2026-10-07,W1656,52.70766,10.38086,0.0,16.0,12.7,0.162,11.8,0.154,2.11
2026-10-08,W1656,52.70766,10.38086,13.08,12.2,12.2,0.211,12.2,0.156,1.19
2026-10-09,W1656,52.70766,10.38086,4.1,9.9,9.8,0.214,10.5,0.164,0.69
2026-10-10,W1656,52.70766,10.38086,6.6,11.3,11.8,0.228,11.0,0.17,1.18
2026-10-11,W1656,52.70766,10.38086,3.75,10.6,10.0,0.215,10.5,0.176,1.38
2026-10-12,W1656,52.70766,10.38086,9.9,9.8,9.5,0.208,9.8,0.178,0.81
2026-10-06,W1657,52.70766,10.41042,0.0,14.2,12.6,0.172,11.5,0.156,1.46
2026-10-07,W1657,52.70766,10.41042,0.0,15.9,12.7,0.162,11.8,0.154,2.09
2026-10-08,W1657,52.70766,10.41042,12.98,12.1,12.2,0.211,12.2,0.156,1.18
2026-10-09,W1657,52.70766,10.41042,3.7,9.7,9.8,0.214,10.5,0.164,0.68
2026-10-10,W1657,52.70766,10.41042,6.6,11.3,11.8,0.228,11.0,0.17,1.19
2026-10-11,W1657,52.70766,10.41042,3.75,10.5,10.0,0.215,10.5,0.176,1.38
2026-10-12,W1657,52.70766,10.41042,9.9,9.8,9.5,0.208,9.8,0.178,0.8
2026-10-06,W1658,52.70766,10.43999,0.0,14.1,12.6,0.172,11.5,0.156,1.47
2026-10-07,W1658,52.70766,10.43999,0.0,15.7,12.7,0.162,11.8,0.154,2.06
2026-10-08,W1658,52.70766,10.43999,13.23,12.1,12.2,0.211,12.2,0.156,1.18
2026-10-09,W1658,52.70766,10.43999,3.7,9.7,9.8,0.214,10.5,0.164,0.68
2026-10-10,W1658,52.70766,10.43999,6.6,11.2,11.8,0.228,11.0,0.17,1.19
2026-10-11,W1658,52.70766,10.43999,3.0,10.5,10.0,0.215,10.5,0.176,1.39
2026-10-12,W1658,52.70766,10.43999,10.8,9.7,9.5,0.208,9.8,0.178,0.8
2026-10-06,W1659,52.70766,10.46955,0.0,14.0,12.6,0.172,11.5,0.156,1.43
2026-10-07,W1659,52.70766,10.46955,0.0,15.7,12.7,0.162,11.8,0.154,2.04
2026-10-08,W1659,52.70766,10.46955,12.85,12.2,12.2,0.211,12.2,0.156,1.21
2026-10-09,W1659,52.70766,10.46955,3.6,9.8,9.8,0.214,10.5,0.164,0.71
2026-10-10,W1659,52.70766,10.46955,6.0,11.4,11.8,0.228,11.0,0.17,1.25
2026-10-11,W1659,52.70766,10.46955,3.15,10.5,10.0,0.215,10.5,0.176,1.41
2026-10-12,W1659,52.70766,10.46955,10.8,9.7,9.5,0.208,9.8,0.178,0.8
2026-10-06,W1660,52.70766,10.49912,0.0,14.1,13.2,0.194,12.5,0.189,1.45
2026-10-07,W1660,52.70766,10.49912,0.0,15.7,13.1,0.186,12.5,0.187,2.08
2026-10-08,W1660,52.70766,10.49912,12.53,12.1,12.6,0.259,12.8,0.206,1.21
2026-10-09,W1660,52.70766,10.49912,3.6,9.7,10.1,0.243,11.0,0.222,0.71
2026-10-10,W1660,52.70766,10.49912,6.0,11.3,11.9,0.258,11.5,0.228,1.25
2026-10-11,W1660,52.70766,10.49912,3.15,10.4,10.3,0.244,11.0,0.23,1.4
2026-10-12,W1660,52.70766,10.49912,10.8,9.6,9.8,0.238,10.3,0.229,0.8
2026-10-06,W1661,52.70766,10.52868,0.0,14.0,12.9,0.157,11.8,0.121,1.45
2026-10-07,W1661,52.70766,10.52868,0.0,15.6,12.9,0.147,12.1,0.12,2.07
2026-10-08,W1661,52.70766,10.52868,12.53,12.0,12.5,0.189,12.6,0.121,1.21
2026-10-09,W1661,52.70766,10.52868,3.6,9.6,10.0,0.195,10.8,0.126,0.7
2026-10-10,W1661,52.70766,10.52868,6.0,11.2,11.9,0.209,11.2,0.131,1.24
2026-10-11,W1661,52.70766,10.52868,3.15,10.3,10.1,0.2,10.7,0.137,1.4
2026-10-12,W1661,52.70766,10.52868,10.8,9.5,9.6,0.191,9.9,0.14,0.8
2026-10-06,W1662,52.70766,10.55825,0.0,14.2,12.9,0.157,11.8,0.121,1.43
2026-10-07,W1662,52.70766,10.55825,0.0,15.7,12.9,0.147,12.1,0.12,2.01
2026-10-08,W1662,52.70766,10.55825,12.1,12.2,12.5,0.189,12.6,0.121,1.2
2026-10-09,W1662,52.70766,10.55825,2.9,9.5,10.0,0.195,10.8,0.126,0.71
2026-10-10,W1662,52.70766,10.55825,6.0,11.1,11.9,0.209,11.2,0.131,1.28
2026-10-11,W1662,52.70766,10.55825,3.15,10.3,10.1,0.2,10.7,0.137,1.39
2026-10-12,W1662,52.70766,10.55825,10.8,9.5,9.6,0.191,9.9,0.14,0.8
2026-10-06,W1663,52.70766,10.58781,0.0,14.4,12.9,0.157,11.8,0.121,1.44
2026-10-07,W1663,52.70766,10.58781,0.0,15.6,12.9,0.147,12.1,0.12,2.01
2026-10-08,W1663,52.70766,10.58781,11.7,12.2,12.5,0.189,12.6,0.121,1.21
2026-10-09,W1663,52.70766,10.58781,2.9,9.6,10.0,0.195,10.8,0.126,0.72
2026-10-10,W1663,52.70766,10.58781,6.0,11.2,11.9,0.209,11.2,0.131,1.28
2026-10-11,W1663,52.70766,10.58781,1.95,10.5,10.1,0.2,10.7,0.137,1.52
2026-10-12,W1663,52.70766,10.58781,9.0,9.7,9.6,0.191,9.9,0.14,0.85
2026-10-06,W1664,52.70766,10.61737,0.0,14.4,12.9,0.157,11.8,0.121,1.46
2026-10-07,W1664,52.70766,10.61737,0.0,15.3,12.9,0.147,12.1,0.12,1.96
2026-10-08,W1664,52.70766,10.61737,10.75,12.1,12.5,0.189,12.6,0.121,1.18
2026-10-09,W1664,52.70766,10.61737,2.6,9.6,10.0,0.195,10.8,0.126,0.74
2026-10-10,W1664,52.70766,10.61737,5.4,11.2,11.9,0.209,11.2,0.131,1.25
2026-10-11,W1664,52.70766,10.61737,1.95,10.5,10.1,0.2,10.7,0.137,1.52
2026-10-12,W1664,52.70766,10.61737,9.0,9.7,9.6,0.191,9.9,0.14,0.85
2026-10-06,W1665,52.70766,10.64694,0.0,14.0,12.9,0.157,11.8,0.121,1.46
2026-10-07,W1665,52.70766,10.64694,0.0,15.0,12.9,0.147,12.1,0.12,2.01
2026-10-08,W1665,52.70766,10.64694,7.85,12.0,12.5,0.189,12.6,0.121,1.18
2026-10-09,W1665,52.70766,10.64694,2.6,9.8,10.0,0.195,10.8,0.126,0.75
2026-10-10,W1665,52.70766,10.64694,5.4,11.4,11.9,0.209,11.2,0.131,1.26
2026-10-11,W1665,52.70766,10.64694,1.95,10.6,10.1,0.2,10.7,0.137,1.53
2026-10-12,W1665,52.70766,10.64694,9.0,9.9,9.6,0.191,9.9,0.14,0.86
2026-10-06,W1666,52.70766,10.6765,0.0,13.9,12.9,0.152,11.6,0.106,1.45
2026-10-07,W1666,52.70766,10.6765,0.0,15.3,12.6,0.141,11.8,0.106,2.08
2026-10-08,W1666,52.70766,10.6765,7.58,12.1,12.2,0.215,12.1,0.114,1.18
2026-10-09,W1666,52.70766,10.6765,2.6,9.8,9.6,0.207,10.3,0.128,0.78
2026-10-10,W1666,52.70766,10.6765,5.4,11.4,11.7,0.219,10.8,0.136,1.29
2026-10-11,W1666,52.70766,10.6765,1.65,10.6,9.9,0.202,10.3,0.143,1.53
2026-10-12,W1666,52.70766,10.6765,9.0,9.9,9.5,0.192,9.6,0.145,0.85
2026-10-06,W1667,52.70766,10.70607,0.0,14.0,13.2,0.153,12.1,0.107,1.5
2026-10-07,W1667,52.70766,10.70607,0.0,15.5,13.1,0.141,12.5,0.107,2.13
2026-10-08,W1667,52.70766,10.70607,7.1,12.2,12.7,0.192,12.9,0.109,1.19
2026-10-09,W1667,52.70766,10.70607,2.6,9.8,10.0,0.194,11.1,0.115,0.78
2026-10-10,W1667,52.70766,10.70607,5.4,11.4,12.0,0.203,11.4,0.12,1.29
2026-10-11,W1667,52.70766,10.70607,1.35,10.7,10.1,0.195,10.9,0.125,1.58
2026-10-12,W1667,52.70766,10.70607,8.7,10.0,9.8,0.187,10.1,0.128,0.88
2026-10-06,W1668,52.70766,10.73563,0.0,14.0,13.2,0.153,12.1,0.107,1.47
2026-10-07,W1668,52.70766,10.73563,0.0,15.4,13.1,0.141,12.5,0.107,2.15
2026-10-08,W1668,52.70766,10.73563,7.7,12.2,12.7,0.192,12.9,0.109,1.18
2026-10-09,W1668,52.70766,10.73563,2.2,9.8,10.0,0.194,11.1,0.115,0.77
2026-10-10,W1668,52.70766,10.73563,5.1,11.4,12.0,0.203,11.4,0.12,1.27
2026-10-11,W1668,52.70766,10.73563,1.5,10.6,10.1,0.195,10.9,0.125,1.57
2026-10-12,W1668,52.70766,10.73563,8.7,9.9,9.8,0.187,10.1,0.128,0.88
2026-10-06,W1669,52.70766,10.76519,0.0,14.3,13.2,0.153,12.1,0.107,1.49
2026-10-07,W1669,52.70766,10.76519,0.0,15.3,13.1,0.141,12.5,0.107,2.18
2026-10-08,W1669,52.70766,10.76519,8.98,12.2,12.7,0.192,12.9,0.109,1.19
2026-10-09,W1669,52.70766,10.76519,2.2,9.7,10.0,0.194,11.1,0.115,0.77
2026-10-10,W1669,52.70766,10.76519,5.1,11.3,12.0,0.203,11.4,0.12,1.26
2026-10-11,W1669,52.70766,10.76519,1.5,10.6,10.1,0.195,10.9,0.125,1.57
2026-10-12,W1669,52.70766,10.76519,8.7,9.9,9.8,0.187,10.1,0.128,0.88
2026-10-06,W1670,52.70766,10.79476,0.0,14.3,13.2,0.153,12.1,0.107,1.54
2026-10-07,W1670,52.70766,10.79476,0.0,15.2,13.1,0.141,12.5,0.107,2.14
2026-10-08,W1670,52.70766,10.79476,8.18,12.2,12.7,0.192,12.9,0.109,1.23
2026-10-09,W1670,52.70766,10.79476,2.1,9.8,10.0,0.194,11.1,0.115,0.84
2026-10-10,W1670,52.70766,10.79476,5.1,11.4,12.0,0.203,11.4,0.12,1.38
2026-10-11,W1670,52.70766,10.79476,1.35,10.6,10.1,0.195,10.9,0.125,1.59
2026-10-12,W1670,52.70766,10.79476,8.7,9.9,9.8,0.187,10.1,0.128,0.88
2026-10-06,W1671,52.70766,10.82432,0.0,14.3,13.2,0.153,12.1,0.107,1.51
2026-10-07,W1671,52.70766,10.82432,0.0,15.2,13.1,0.141,12.5,0.107,2.16
2026-10-08,W1671,52.70766,10.82432,7.48,12.1,12.7,0.192,12.9,0.109,1.23
2026-10-09,W1671,52.70766,10.82432,2.1,9.8,10.0,0.194,11.1,0.115,0.84
2026-10-10,W1671,52.70766,10.82432,5.1,11.5,12.0,0.203,11.4,0.12,1.38
2026-10-11,W1671,52.70766,10.82432,1.35,10.7,10.1,0.195,10.9,0.125,1.72
2026-10-12,W1671,52.70766,10.82432,6.9,10.0,9.8,0.187,10.1,0.128,0.92
2026-10-06,W1672,52.70766,10.85389,0.0,14.2,13.5,0.228,12.5,0.181,1.5
2026-10-07,W1672,52.70766,10.85389,0.0,15.4,13.5,0.217,13.0,0.181,2.12
2026-10-08,W1672,52.70766,10.85389,6.78,12.2,13.2,0.267,13.4,0.183,1.28
2026-10-09,W1672,52.70766,10.85389,2.1,9.8,10.6,0.272,11.8,0.188,0.89
2026-10-10,W1672,52.70766,10.85389,3.9,11.5,12.2,0.276,11.8,0.191,1.44
2026-10-11,W1672,52.70766,10.85389,1.05,10.7,10.7,0.269,11.5,0.195,1.73
2026-10-12,W1672,52.70766,10.85389,6.9,9.9,10.3,0.259,10.8,0.197,0.92
2026-10-06,W1673,52.70766,10.88345,0.0,14.1,13.5,0.228,12.5,0.181,1.49
2026-10-07,W1673,52.70766,10.88345,0.0,15.3,13.5,0.217,13.0,0.181,2.12
2026-10-08,W1673,52.70766,10.88345,6.78,12.1,13.2,0.267,13.4,0.183,1.27
2026-10-09,W1673,52.70766,10.88345,2.1,9.7,10.6,0.272,11.8,0.188,0.89
2026-10-10,W1673,52.70766,10.88345,3.9,11.3,12.2,0.276,11.8,0.191,1.43
2026-10-11,W1673,52.70766,10.88345,1.05,10.6,10.7,0.269,11.5,0.195,1.72
2026-10-12,W1673,52.70766,10.88345,6.9,9.8,10.3,0.259,10.8,0.197,0.92
2026-10-06,W1674,52.70766,10.91302,0.0,14.5,13.5,0.228,12.5,0.181,1.49
2026-10-07,W1674,52.70766,10.91302,0.0,15.9,13.5,0.217,13.0,0.181,2.14
2026-10-08,W1674,52.70766,10.91302,7.73,12.6,13.2,0.267,13.4,0.183,1.34
2026-10-09,W1674,52.70766,10.91302,2.1,9.8,10.6,0.272,11.8,0.188,0.9
2026-10-10,W1674,52.70766,10.91302,3.6,11.5,12.2,0.276,11.8,0.191,1.47
2026-10-11,W1674,52.70766,10.91302,1.05,10.7,10.7,0.269,11.5,0.195,1.73
2026-10-12,W1674,52.70766,10.91302,6.9,9.9,10.3,0.259,10.8,0.197,0.92
2026-10-06,W1675,52.70766,10.94258,0.0,14.7,13.5,0.228,12.5,0.181,1.51
2026-10-07,W1675,52.70766,10.94258,0.0,15.8,13.5,0.217,13.0,0.181,2.1
2026-10-08,W1675,52.70766,10.94258,8.38,12.8,13.2,0.267,13.4,0.183,1.35
2026-10-09,W1675,52.70766,10.94258,2.1,9.8,10.6,0.272,11.8,0.188,0.9
2026-10-10,W1675,52.70766,10.94258,3.6,11.5,12.2,0.276,11.8,0.191,1.47
2026-10-11,W1675,52.70766,10.94258,1.05,10.7,10.7,0.269,11.5,0.195,1.73
2026-10-12,W1675,52.70766,10.94258,6.9,9.9,10.3,0.259,10.8,0.197,0.92
2026-10-06,W1676,52.70766,10.97214,0.0,14.8,13.5,0.228,12.5,0.181,1.51
2026-10-07,W1676,52.70766,10.97214,0.0,15.5,13.5,0.217,13.0,0.181,2.07
2026-10-08,W1676,52.70766,10.97214,10.0,12.9,13.2,0.267,13.4,0.183,1.35
2026-10-09,W1676,52.70766,10.97214,1.9,9.9,10.6,0.272,11.8,0.188,0.93
2026-10-10,W1676,52.70766,10.97214,3.3,11.6,12.2,0.276,11.8,0.191,1.52
2026-10-11,W1676,52.70766,10.97214,1.05,10.8,10.7,0.269,11.5,0.195,1.73
2026-10-12,W1676,52.70766,10.97214,6.9,10.0,10.3,0.259,10.8,0.197,0.92
2026-10-06,W1677,52.70766,11.00171,0.0,14.9,13.7,0.212,12.7,0.151,1.55
2026-10-07,W1677,52.70766,11.00171,0.0,15.4,13.6,0.202,13.0,0.151,2.1
2026-10-08,W1677,52.70766,11.00171,10.6,12.8,13.2,0.232,13.4,0.152,1.35
2026-10-09,W1677,52.70766,11.00171,1.9,10.1,10.7,0.239,11.9,0.154,0.94
2026-10-10,W1677,52.70766,11.00171,3.3,11.8,12.4,0.256,11.9,0.157,1.53
2026-10-11,W1677,52.70766,11.00171,1.05,11.0,10.7,0.253,11.5,0.16,1.75
2026-10-12,W1677,52.70766,11.00171,6.9,10.2,10.5,0.245,10.9,0.163,0.93
2026-10-06,W1678,52.70766,11.03127,0.0,14.8,14.0,0.209,13.2,0.149,1.51
2026-10-07,W1678,52.70766,11.03127,0.0,15.4,14.1,0.198,13.6,0.15,2.1
2026-10-08,W1678,52.70766,11.03127,10.98,12.9,13.5,0.228,13.9,0.151,1.36
2026-10-09,W1678,52.70766,11.03127,1.9,10.1,10.8,0.236,12.3,0.153,0.99
2026-10-10,W1678,52.70766,11.03127,3.3,11.8,12.6,0.24,12.3,0.155,1.6
2026-10-11,W1678,52.70766,11.03127,1.05,11.0,11.0,0.237,11.9,0.157,1.77
2026-10-12,W1678,52.70766,11.03127,6.9,10.2,10.7,0.231,11.3,0.158,0.93
2026-10-06,W1679,52.70766,11.06084,0.0,14.9,14.0,0.209,13.2,0.149,1.48
2026-10-07,W1679,52.70766,11.06084,0.0,15.5,14.1,0.198,13.6,0.15,2.13
2026-10-08,W1679,52.70766,11.06084,10.0,13.0,13.5,0.228,13.9,0.151,1.38
2026-10-09,W1679,52.70766,11.06084,1.9,10.1,10.8,0.236,12.3,0.153,0.99
2026-10-10,W1679,52.70766,11.06084,3.3,11.8,12.6,0.24,12.3,0.155,1.6
2026-10-11,W1679,52.70766,11.06084,1.05,11.1,11.0,0.237,11.9,0.157,1.77
2026-10-12,W1679,52.70766,11.06084,6.9,10.3,10.7,0.231,11.3,0.158,0.93
2026-10-06,W1680,52.70766,11.0904,0.0,14.6,14.0,0.209,13.2,0.149,1.45
2026-10-07,W1680,52.70766,11.0904,0.0,15.1,14.1,0.198,13.6,0.15,2.09
2026-10-08,W1680,52.70766,11.0904,9.42,12.8,13.5,0.228,13.9,0.151,1.35
2026-10-09,W1680,52.70766,11.0904,1.9,10.1,10.8,0.236,12.3,0.153,0.99
2026-10-10,W1680,52.70766,11.0904,3.3,11.8,12.6,0.24,12.3,0.155,1.59
2026-10-11,W1680,52.70766,11.0904,0.9,11.1,11.0,0.237,11.9,0.157,1.87
2026-10-12,W1680,52.70766,11.0904,7.5,10.2,10.7,0.231,11.3,0.158,1.01
2026-10-06,W1681,52.70766,11.11997,0.0,14.8,14.0,0.209,13.2,0.149,1.44
2026-10-07,W1681,52.70766,11.11997,0.0,16.0,14.1,0.198,13.6,0.15,2.13
2026-10-08,W1681,52.70766,11.11997,8.52,13.2,13.5,0.228,13.9,0.151,1.39
2026-10-09,W1681,52.70766,11.11997,2.2,10.2,10.8,0.236,12.3,0.153,1.04
2026-10-10,W1681,52.70766,11.11997,3.0,11.8,12.6,0.24,12.3,0.155,1.64
2026-10-11,W1681,52.70766,11.11997,0.75,11.2,11.0,0.237,11.9,0.157,1.88
2026-10-12,W1681,52.70766,11.11997,7.5,10.2,10.7,0.231,11.3,0.158,1.01
2026-10-06,W1682,52.70766,11.14953,0.0,14.7,14.0,0.209,13.2,0.149,1.44
2026-10-07,W1682,52.70766,11.14953,0.0,15.9,14.1,0.198,13.6,0.15,2.12
2026-10-08,W1682,52.70766,11.14953,8.52,13.1,13.5,0.228,13.9,0.151,1.39
2026-10-09,W1682,52.70766,11.14953,2.2,10.1,10.8,0.236,12.3,0.153,1.04
2026-10-10,W1682,52.70766,11.14953,3.0,11.8,12.6,0.24,12.3,0.155,1.64
2026-10-11,W1682,52.70766,11.14953,0.75,11.1,11.0,0.237,11.9,0.157,1.87
2026-10-12,W1682,52.70766,11.14953,7.5,10.2,10.7,0.231,11.3,0.158,1.01
2026-10-06,W0798,52.7167,10.1295,0.0,14.3,13.3,0.208,12.7,0.21,1.33
2026-10-07,W0798,52.7167,10.1295,0.0,15.6,13.2,0.2,12.8,0.206,2.0
2026-10-08,W0798,52.7167,10.1295,16.48,11.9,12.7,0.266,13.0,0.223,1.12
2026-10-09,W0798,52.7167,10.1295,5.8,9.9,10.4,0.25,11.3,0.236,0.64
2026-10-10,W0798,52.7167,10.1295,7.2,11.2,12.2,0.259,11.8,0.238,1.07
2026-10-11,W0798,52.7167,10.1295,3.9,10.5,10.6,0.249,11.3,0.237,1.33
2026-10-12,W0798,52.7167,10.1295,8.4,9.9,10.1,0.242,10.6,0.236,0.89
2026-10-06,W0799,52.7167,10.1591,0.0,14.2,13.3,0.231,12.9,0.237,1.4
2026-10-07,W0799,52.7167,10.1591,0.0,15.9,13.4,0.223,13.0,0.23,2.01
2026-10-08,W0799,52.7167,10.1591,15.55,11.9,12.8,0.272,13.2,0.24,1.14
2026-10-09,W0799,52.7167,10.1591,5.7,9.9,10.3,0.258,11.4,0.248,0.66
2026-10-10,W0799,52.7167,10.1591,7.5,11.3,12.2,0.277,11.9,0.255,1.1
2026-10-11,W0799,52.7167,10.1591,3.9,10.5,10.6,0.261,11.4,0.255,1.34
2026-10-12,W0799,52.7167,10.1591,8.4,9.9,10.0,0.253,10.6,0.25,0.89
2026-10-06,W0800,52.7167,10.1886,0.0,14.2,12.9,0.176,12.0,0.164,1.4
2026-10-07,W0800,52.7167,10.1886,0.0,15.8,13.0,0.167,12.3,0.162,2.0
2026-10-08,W0800,52.7167,10.1886,15.55,11.9,12.3,0.236,12.6,0.171,1.14
2026-10-09,W0800,52.7167,10.1886,5.7,9.9,9.9,0.228,10.7,0.185,0.66
2026-10-10,W0800,52.7167,10.1886,7.5,11.3,11.9,0.243,11.2,0.193,1.1
2026-10-11,W0800,52.7167,10.1886,3.9,10.5,10.1,0.234,10.7,0.198,1.35
2026-10-12,W0800,52.7167,10.1886,9.9,9.8,9.6,0.231,10.0,0.203,0.81
2026-10-06,W0801,52.7167,10.2182,0.0,14.6,12.9,0.176,12.0,0.164,1.43
2026-10-07,W0801,52.7167,10.2182,0.0,15.9,13.0,0.167,12.3,0.162,2.05
2026-10-08,W0801,52.7167,10.2182,15.35,12.0,12.3,0.236,12.6,0.171,1.15
2026-10-09,W0801,52.7167,10.2182,5.7,10.0,9.9,0.228,10.7,0.185,0.66
2026-10-10,W0801,52.7167,10.2182,7.5,11.3,11.9,0.243,11.2,0.193,1.11
2026-10-11,W0801,52.7167,10.2182,3.9,10.5,10.1,0.234,10.7,0.198,1.36
2026-10-12,W0801,52.7167,10.2182,9.9,9.9,9.6,0.231,10.0,0.203,0.81
2026-10-06,W0802,52.7167,10.2477,0.0,14.5,12.9,0.176,12.0,0.164,1.42
2026-10-07,W0802,52.7167,10.2477,0.0,15.9,13.0,0.167,12.3,0.162,2.05
2026-10-08,W0802,52.7167,10.2477,15.28,12.0,12.3,0.236,12.6,0.171,1.19
2026-10-09,W0802,52.7167,10.2477,5.0,9.9,9.9,0.228,10.7,0.185,0.71
2026-10-10,W0802,52.7167,10.2477,7.5,11.3,11.9,0.243,11.2,0.193,1.17
2026-10-11,W0802,52.7167,10.2477,3.9,10.5,10.1,0.234,10.7,0.198,1.37
2026-10-12,W0802,52.7167,10.2477,9.9,9.8,9.6,0.231,10.0,0.203,0.81
2026-10-06,W0803,52.7167,10.2772,0.0,14.3,12.9,0.176,12.0,0.164,1.39
2026-10-07,W0803,52.7167,10.2772,0.0,16.0,13.0,0.167,12.3,0.162,2.05
2026-10-08,W0803,52.7167,10.2772,14.63,12.0,12.3,0.236,12.6,0.171,1.19
2026-10-09,W0803,52.7167,10.2772,5.0,9.9,9.9,0.228,10.7,0.185,0.71
2026-10-10,W0803,52.7167,10.2772,7.5,11.3,11.9,0.243,11.2,0.193,1.17
2026-10-11,W0803,52.7167,10.2772,3.9,10.5,10.1,0.234,10.7,0.198,1.38
2026-10-12,W0803,52.7167,10.2772,9.9,9.8,9.6,0.231,10.0,0.203,0.81
2026-10-06,W0804,52.7167,10.3068,0.0,14.2,12.8,0.221,12.1,0.229,1.38
2026-10-07,W0804,52.7167,10.3068,0.0,15.9,13.0,0.215,12.3,0.225,2.0
2026-10-08,W0804,52.7167,10.3068,13.85,12.0,12.4,0.265,12.6,0.234,1.19
2026-10-09,W0804,52.7167,10.3068,4.3,9.9,10.0,0.255,10.8,0.246,0.71
2026-10-10,W0804,52.7167,10.3068,7.2,11.3,11.9,0.276,11.4,0.253,1.18
2026-10-11,W0804,52.7167,10.3068,3.9,10.5,10.3,0.26,11.0,0.256,1.38
2026-10-12,W0804,52.7167,10.3068,9.9,9.8,9.8,0.251,10.2,0.252,0.81
2026-10-06,W0805,52.7167,10.3363,0.0,14.1,12.8,0.221,12.1,0.229,1.37
2026-10-07,W0805,52.7167,10.3363,0.0,15.7,13.0,0.215,12.3,0.225,2.02
2026-10-08,W0805,52.7167,10.3363,12.33,12.0,12.4,0.265,12.6,0.234,1.19
2026-10-09,W0805,52.7167,10.3363,4.3,9.9,10.0,0.255,10.8,0.246,0.71
2026-10-10,W0805,52.7167,10.3363,7.2,11.4,11.9,0.276,11.4,0.253,1.19
2026-10-11,W0805,52.7167,10.3363,3.9,10.5,10.3,0.26,11.0,0.256,1.38
2026-10-12,W0805,52.7167,10.3363,9.9,9.8,9.8,0.251,10.2,0.252,0.81
2026-10-06,W0806,52.7167,10.3658,0.0,14.1,12.6,0.172,11.5,0.156,1.4
2026-10-07,W0806,52.7167,10.3658,0.0,16.0,12.7,0.162,11.8,0.154,2.07
2026-10-08,W0806,52.7167,10.3658,12.43,12.1,12.2,0.211,12.2,0.156,1.18
2026-10-09,W0806,52.7167,10.3658,4.1,9.9,9.8,0.214,10.5,0.164,0.69
2026-10-10,W0806,52.7167,10.3658,6.6,11.4,11.8,0.228,11.0,0.17,1.18
2026-10-11,W0806,52.7167,10.3658,3.75,10.6,10.0,0.215,10.5,0.176,1.38
2026-10-12,W0806,52.7167,10.3658,9.9,9.9,9.5,0.208,9.8,0.178,0.81
2026-10-06,W0807,52.7167,10.3954,0.0,13.9,12.6,0.172,11.5,0.156,1.4
2026-10-07,W0807,52.7167,10.3954,0.0,15.9,12.7,0.162,11.8,0.154,2.06
2026-10-08,W0807,52.7167,10.3954,12.6,12.1,12.2,0.211,12.2,0.156,1.18
2026-10-09,W0807,52.7167,10.3954,4.1,9.7,9.8,0.214,10.5,0.164,0.68
2026-10-10,W0807,52.7167,10.3954,6.6,11.2,11.8,0.228,11.0,0.17,1.17
2026-10-11,W0807,52.7167,10.3954,3.75,10.4,10.0,0.215,10.5,0.176,1.37
2026-10-12,W0807,52.7167,10.3954,9.9,9.7,9.5,0.208,9.8,0.178,0.8
2026-10-06,W0808,52.7167,10.4249,0.0,14.1,12.6,0.172,11.5,0.156,1.45
2026-10-07,W0808,52.7167,10.4249,0.0,15.9,12.7,0.162,11.8,0.154,2.06
2026-10-08,W0808,52.7167,10.4249,12.68,12.1,12.2,0.211,12.2,0.156,1.18
2026-10-09,W0808,52.7167,10.4249,3.7,9.6,9.8,0.214,10.5,0.164,0.68
2026-10-10,W0808,52.7167,10.4249,6.6,11.2,11.8,0.228,11.0,0.17,1.18
2026-10-11,W0808,52.7167,10.4249,3.75,10.4,10.0,0.215,10.5,0.176,1.37
2026-10-12,W0808,52.7167,10.4249,9.9,9.7,9.5,0.208,9.8,0.178,0.8
2026-10-06,W0809,52.7167,10.4545,0.0,14.0,12.6,0.172,11.5,0.156,1.43
2026-10-07,W0809,52.7167,10.4545,0.0,15.7,12.7,0.162,11.8,0.154,2.03
2026-10-08,W0809,52.7167,10.4545,13.05,12.0,12.2,0.211,12.2,0.156,1.18
2026-10-09,W0809,52.7167,10.4545,3.7,9.6,9.8,0.214,10.5,0.164,0.68
2026-10-10,W0809,52.7167,10.4545,6.6,11.1,11.8,0.228,11.0,0.17,1.18
2026-10-11,W0809,52.7167,10.4545,3.0,10.3,10.0,0.215,10.5,0.176,1.38
2026-10-12,W0809,52.7167,10.4545,10.8,9.6,9.5,0.208,9.8,0.178,0.8
2026-10-06,W0810,52.7167,10.484,0.0,14.0,13.2,0.194,12.5,0.189,1.42
2026-10-07,W0810,52.7167,10.484,0.0,15.6,13.1,0.186,12.5,0.187,2.03
2026-10-08,W0810,52.7167,10.484,12.7,12.1,12.6,0.259,12.8,0.206,1.2
2026-10-09,W0810,52.7167,10.484,3.6,9.6,10.1,0.243,11.0,0.222,0.7
2026-10-10,W0810,52.7167,10.484,6.0,11.2,11.9,0.258,11.5,0.228,1.25
2026-10-11,W0810,52.7167,10.484,3.15,10.3,10.3,0.244,11.0,0.23,1.4
2026-10-12,W0810,52.7167,10.484,10.8,9.5,9.8,0.238,10.3,0.229,0.8
2026-10-06,W0811,52.7167,10.5135,0.0,14.1,13.2,0.194,12.5,0.189,1.43
2026-10-07,W0811,52.7167,10.5135,0.0,15.7,13.1,0.186,12.5,0.187,2.03
2026-10-08,W0811,52.7167,10.5135,12.75,12.3,12.6,0.259,12.8,0.206,1.22
2026-10-09,W0811,52.7167,10.5135,3.6,9.6,10.1,0.243,11.0,0.222,0.71
2026-10-10,W0811,52.7167,10.5135,6.0,11.2,11.9,0.258,11.5,0.228,1.25
2026-10-11,W0811,52.7167,10.5135,3.15,10.4,10.3,0.244,11.0,0.23,1.4
2026-10-12,W0811,52.7167,10.5135,10.8,9.6,9.8,0.238,10.3,0.229,0.8
2026-10-06,W0812,52.7167,10.5431,0.0,14.1,12.9,0.157,11.8,0.121,1.43
2026-10-07,W0812,52.7167,10.5431,0.0,15.7,12.9,0.147,12.1,0.12,2.03
2026-10-08,W0812,52.7167,10.5431,12.88,12.3,12.5,0.189,12.6,0.121,1.22
2026-10-09,W0812,52.7167,10.5431,2.9,9.6,10.0,0.195,10.8,0.126,0.72
2026-10-10,W0812,52.7167,10.5431,6.0,11.2,11.9,0.209,11.2,0.131,1.28
2026-10-11,W0812,52.7167,10.5431,3.15,10.4,10.1,0.2,10.7,0.137,1.4
2026-10-12,W0812,52.7167,10.5431,10.8,9.6,9.6,0.191,9.9,0.14,0.8
2026-10-06,W0813,52.7167,10.5726,0.0,14.3,12.9,0.157,11.8,0.121,1.44
2026-10-07,W0813,52.7167,10.5726,0.0,15.5,12.9,0.147,12.1,0.12,2.0
2026-10-08,W0813,52.7167,10.5726,11.7,12.1,12.5,0.189,12.6,0.121,1.21
2026-10-09,W0813,52.7167,10.5726,2.9,9.5,10.0,0.195,10.8,0.126,0.71
2026-10-10,W0813,52.7167,10.5726,6.0,11.1,11.9,0.209,11.2,0.131,1.27
2026-10-11,W0813,52.7167,10.5726,1.95,10.3,10.1,0.2,10.7,0.137,1.51
2026-10-12,W0813,52.7167,10.5726,9.0,9.6,9.6,0.191,9.9,0.14,0.85
2026-10-06,W0814,52.7167,10.6021,0.0,14.3,12.9,0.157,11.8,0.121,1.45
2026-10-07,W0814,52.7167,10.6021,0.0,15.5,12.9,0.147,12.1,0.12,2.02
2026-10-08,W0814,52.7167,10.6021,12.05,12.2,12.5,0.189,12.6,0.121,1.2
2026-10-09,W0814,52.7167,10.6021,2.6,9.5,10.0,0.195,10.8,0.126,0.74
2026-10-10,W0814,52.7167,10.6021,5.4,11.1,11.9,0.209,11.2,0.131,1.25
2026-10-11,W0814,52.7167,10.6021,1.95,10.4,10.1,0.2,10.7,0.137,1.51
2026-10-12,W0814,52.7167,10.6021,9.0,9.6,9.6,0.191,9.9,0.14,0.85
2026-10-06,W1683,52.72568,10.61737,0.0,14.4,12.9,0.152,11.6,0.106,1.45
2026-10-07,W1683,52.72568,10.61737,0.0,15.2,12.6,0.141,11.8,0.106,2.0
2026-10-08,W1683,52.72568,10.61737,10.33,12.0,12.2,0.215,12.1,0.114,1.25
2026-10-09,W1683,52.72568,10.61737,3.0,9.7,9.6,0.207,10.3,0.128,0.79
2026-10-10,W1683,52.72568,10.61737,4.8,11.3,11.7,0.219,10.8,0.136,1.29
2026-10-11,W1683,52.72568,10.61737,1.65,10.5,9.9,0.202,10.3,0.143,1.54
2026-10-12,W1683,52.72568,10.61737,9.0,9.7,9.5,0.192,9.6,0.145,0.85
2026-10-06,W0815,52.7167,10.6612,0.0,14.3,12.9,0.152,11.6,0.106,1.46
2026-10-07,W0815,52.7167,10.6612,0.0,15.1,12.6,0.141,11.8,0.106,2.04
2026-10-08,W0815,52.7167,10.6612,9.38,12.0,12.2,0.215,12.1,0.114,1.18
2026-10-09,W0815,52.7167,10.6612,2.6,9.8,9.6,0.207,10.3,0.128,0.78
2026-10-10,W0815,52.7167,10.6612,5.4,11.4,11.7,0.219,10.8,0.136,1.29
2026-10-11,W0815,52.7167,10.6612,1.65,10.6,9.9,0.202,10.3,0.143,1.53
2026-10-12,W0815,52.7167,10.6612,9.0,9.8,9.5,0.192,9.6,0.145,0.85
2026-10-06,W0816,52.7167,10.6908,0.0,14.1,13.2,0.153,12.1,0.107,1.47
2026-10-07,W0816,52.7167,10.6908,0.0,15.4,13.1,0.141,12.5,0.107,2.16
2026-10-08,W0816,52.7167,10.6908,7.43,12.2,12.7,0.192,12.9,0.109,1.19
2026-10-09,W0816,52.7167,10.6908,2.6,9.8,10.0,0.194,11.1,0.115,0.78
2026-10-10,W0816,52.7167,10.6908,5.4,11.5,12.0,0.203,11.4,0.12,1.29
2026-10-11,W0816,52.7167,10.6908,1.35,10.7,10.1,0.195,10.9,0.125,1.58
2026-10-12,W0816,52.7167,10.6908,8.7,10.0,9.8,0.187,10.1,0.128,0.89
2026-10-06,W1684,52.72568,10.70607,0.0,14.1,13.2,0.153,12.1,0.107,1.47
2026-10-07,W1684,52.72568,10.70607,0.0,15.4,13.1,0.141,12.5,0.107,2.16
2026-10-08,W1684,52.72568,10.70607,7.48,12.2,12.7,0.192,12.9,0.109,1.28
2026-10-09,W1684,52.72568,10.70607,2.5,9.8,10.0,0.194,11.1,0.115,0.84
2026-10-10,W1684,52.72568,10.70607,4.5,11.5,12.0,0.203,11.4,0.12,1.34
2026-10-11,W1684,52.72568,10.70607,1.2,10.7,10.1,0.195,10.9,0.125,1.6
2026-10-12,W1684,52.72568,10.70607,8.7,10.0,9.8,0.187,10.1,0.128,0.88
2026-10-06,W1685,52.72568,10.73563,0.0,14.0,13.2,0.153,12.1,0.107,1.47
2026-10-07,W1685,52.72568,10.73563,0.0,15.4,13.1,0.141,12.5,0.107,2.17
2026-10-08,W1685,52.72568,10.73563,7.43,12.2,12.7,0.192,12.9,0.109,1.27
2026-10-09,W1685,52.72568,10.73563,2.7,9.8,10.0,0.194,11.1,0.115,0.84
2026-10-10,W1685,52.72568,10.73563,4.8,11.5,12.0,0.203,11.4,0.12,1.33
2026-10-11,W1685,52.72568,10.73563,1.2,10.6,10.1,0.195,10.9,0.125,1.59
2026-10-12,W1685,52.72568,10.73563,8.7,9.9,9.8,0.187,10.1,0.128,0.88
2026-10-06,W1686,52.72568,10.76519,0.0,14.1,13.2,0.153,12.1,0.107,1.47
2026-10-07,W1686,52.72568,10.76519,0.0,15.3,13.1,0.141,12.5,0.107,2.19
2026-10-08,W1686,52.72568,10.76519,8.07,12.2,12.7,0.192,12.9,0.109,1.28
2026-10-09,W1686,52.72568,10.76519,2.7,9.8,10.0,0.194,11.1,0.115,0.84
2026-10-10,W1686,52.72568,10.76519,4.8,11.4,12.0,0.203,11.4,0.12,1.33
2026-10-11,W1686,52.72568,10.76519,1.2,10.6,10.1,0.195,10.9,0.125,1.59
2026-10-12,W1686,52.72568,10.76519,8.7,9.9,9.8,0.187,10.1,0.128,0.88
2026-10-06,W0817,52.7167,10.8089,0.0,14.2,13.1,0.149,11.7,0.099,1.49
2026-10-07,W0817,52.7167,10.8089,0.0,15.2,12.9,0.139,12.1,0.099,2.17
2026-10-08,W0817,52.7167,10.8089,9.03,12.0,12.6,0.207,12.6,0.105,1.23
2026-10-09,W0817,52.7167,10.8089,2.1,9.6,10.0,0.201,10.8,0.117,0.84
2026-10-10,W0817,52.7167,10.8089,5.1,11.3,11.9,0.208,11.1,0.123,1.37
2026-10-11,W0817,52.7167,10.8089,1.35,10.5,10.1,0.199,10.7,0.129,1.58
2026-10-12,W0817,52.7167,10.8089,8.7,9.8,9.8,0.191,10.0,0.133,0.88
2026-10-06,W0818,52.7167,10.8384,0.0,14.4,13.1,0.149,11.7,0.099,1.51
2026-10-07,W0818,52.7167,10.8384,0.0,15.6,12.9,0.139,12.1,0.099,2.13
2026-10-08,W0818,52.7167,10.8384,7.52,12.2,12.6,0.207,12.6,0.105,1.23
2026-10-09,W0818,52.7167,10.8384,2.1,9.8,10.0,0.201,10.8,0.117,0.84
2026-10-10,W0818,52.7167,10.8384,5.1,11.4,11.9,0.208,11.1,0.123,1.38
2026-10-11,W0818,52.7167,10.8384,1.35,10.7,10.1,0.199,10.7,0.129,1.72
2026-10-12,W0818,52.7167,10.8384,6.9,10.0,9.8,0.191,10.0,0.133,0.92
2026-10-06,W0819,52.7167,10.868,0.0,14.3,13.5,0.228,12.5,0.181,1.5
2026-10-07,W0819,52.7167,10.868,0.0,15.5,13.5,0.217,13.0,0.181,2.13
2026-10-08,W0819,52.7167,10.868,7.57,12.2,13.2,0.267,13.4,0.183,1.27
2026-10-09,W0819,52.7167,10.868,2.1,9.8,10.6,0.272,11.8,0.188,0.89
2026-10-10,W0819,52.7167,10.868,3.9,11.5,12.2,0.276,11.8,0.191,1.44
2026-10-11,W0819,52.7167,10.868,1.05,10.7,10.7,0.269,11.5,0.195,1.73
2026-10-12,W0819,52.7167,10.868,6.9,9.9,10.3,0.259,10.8,0.197,0.92
2026-10-06,W0820,52.7167,10.8975,0.0,14.6,13.5,0.228,12.5,0.181,1.52
2026-10-07,W0820,52.7167,10.8975,0.0,16.1,13.5,0.217,13.0,0.181,2.17
2026-10-08,W0820,52.7167,10.8975,6.98,12.6,13.2,0.267,13.4,0.183,1.33
2026-10-09,W0820,52.7167,10.8975,2.1,9.8,10.6,0.272,11.8,0.188,0.89
2026-10-10,W0820,52.7167,10.8975,3.9,11.5,12.2,0.276,11.8,0.191,1.44
2026-10-11,W0820,52.7167,10.8975,1.05,10.7,10.7,0.269,11.5,0.195,1.73
2026-10-12,W0820,52.7167,10.8975,6.9,10.0,10.3,0.259,10.8,0.197,0.92
2026-10-06,W0821,52.7167,10.9271,0.0,14.7,13.5,0.228,12.5,0.181,1.52
2026-10-07,W0821,52.7167,10.9271,0.0,15.7,13.5,0.217,13.0,0.181,2.11
2026-10-08,W0821,52.7167,10.9271,7.18,12.7,13.2,0.267,13.4,0.183,1.34
2026-10-09,W0821,52.7167,10.9271,2.1,9.9,10.6,0.272,11.8,0.188,0.9
2026-10-10,W0821,52.7167,10.9271,3.6,11.6,12.2,0.276,11.8,0.191,1.48
2026-10-11,W0821,52.7167,10.9271,1.05,10.8,10.7,0.269,11.5,0.195,1.73
2026-10-12,W0821,52.7167,10.9271,6.9,10.0,10.3,0.259,10.8,0.197,0.92
2026-10-06,W1687,52.72568,10.94258,0.0,14.7,13.7,0.212,12.7,0.151,1.52
2026-10-07,W1687,52.72568,10.94258,0.0,15.6,13.6,0.202,13.0,0.151,2.1
2026-10-08,W1687,52.72568,10.94258,8.0,12.7,13.2,0.232,13.4,0.152,1.38
2026-10-09,W1687,52.72568,10.94258,2.5,9.9,10.7,0.239,11.9,0.154,0.93
2026-10-10,W1687,52.72568,10.94258,4.2,11.7,12.4,0.256,11.9,0.157,1.52
2026-10-11,W1687,52.72568,10.94258,0.9,10.8,10.7,0.253,11.5,0.16,1.75
2026-10-12,W1687,52.72568,10.94258,6.9,10.0,10.5,0.245,10.9,0.163,0.92
2026-10-06,W1688,52.72568,10.97214,0.0,14.7,13.7,0.212,12.7,0.151,1.53
2026-10-07,W1688,52.72568,10.97214,0.0,15.4,13.6,0.202,13.0,0.151,2.1
2026-10-08,W1688,52.72568,10.97214,9.93,12.6,13.2,0.232,13.4,0.152,1.37
2026-10-09,W1688,52.72568,10.97214,2.2,10.0,10.7,0.239,11.9,0.154,0.97
2026-10-10,W1688,52.72568,10.97214,3.6,11.7,12.4,0.256,11.9,0.157,1.58
2026-10-11,W1688,52.72568,10.97214,0.9,10.9,10.7,0.253,11.5,0.16,1.76
2026-10-12,W1688,52.72568,10.97214,6.9,10.1,10.5,0.245,10.9,0.163,0.93
2026-10-06,W1689,52.72568,11.00171,0.0,14.7,13.7,0.212,12.7,0.151,1.54
2026-10-07,W1689,52.72568,11.00171,0.0,15.5,13.6,0.202,13.0,0.151,2.1
2026-10-08,W1689,52.72568,11.00171,9.93,12.7,13.2,0.232,13.4,0.152,1.37
2026-10-09,W1689,52.72568,11.00171,2.2,10.1,10.7,0.239,11.9,0.154,0.97
2026-10-10,W1689,52.72568,11.00171,3.6,11.8,12.4,0.256,11.9,0.157,1.59
2026-10-11,W1689,52.72568,11.00171,0.9,11.0,10.7,0.253,11.5,0.16,1.77
2026-10-12,W1689,52.72568,11.00171,6.9,10.2,10.5,0.245,10.9,0.163,0.93
2026-10-06,W1690,52.72568,11.03127,0.0,14.8,14.0,0.209,13.2,0.149,1.53
2026-10-07,W1690,52.72568,11.03127,0.0,15.5,14.1,0.198,13.6,0.15,2.1
2026-10-08,W1690,52.72568,11.03127,11.08,12.8,13.5,0.228,13.9,0.151,1.36
2026-10-09,W1690,52.72568,11.03127,2.2,10.1,10.8,0.236,12.3,0.153,0.99
2026-10-10,W1690,52.72568,11.03127,3.9,11.9,12.6,0.24,12.3,0.155,1.61
2026-10-11,W1690,52.72568,11.03127,0.9,11.0,11.0,0.237,11.9,0.157,1.77
2026-10-12,W1690,52.72568,11.03127,6.9,10.2,10.7,0.231,11.3,0.158,0.93
2026-10-06,W0822,52.7167,11.0747,0.0,14.6,14.0,0.209,13.2,0.149,1.48
2026-10-07,W0822,52.7167,11.0747,0.0,15.4,14.1,0.198,13.6,0.15,2.06
2026-10-08,W0822,52.7167,11.0747,10.93,12.7,13.5,0.228,13.9,0.151,1.31
2026-10-09,W0822,52.7167,11.0747,1.9,10.1,10.8,0.236,12.3,0.153,0.99
2026-10-10,W0822,52.7167,11.0747,3.3,11.8,12.6,0.24,12.3,0.155,1.6
2026-10-11,W0822,52.7167,11.0747,0.9,11.2,11.0,0.237,11.9,0.157,1.87
2026-10-12,W0822,52.7167,11.0747,7.5,10.3,10.7,0.231,11.3,0.158,1.01
2026-10-06,W1691,52.72568,11.0904,0.0,14.7,14.0,0.209,13.2,0.149,1.47
2026-10-07,W1691,52.72568,11.0904,0.0,15.5,14.1,0.198,13.6,0.15,2.08
2026-10-08,W1691,52.72568,11.0904,10.03,12.8,13.5,0.228,13.9,0.151,1.36
2026-10-09,W1691,52.72568,11.0904,2.2,10.2,10.8,0.236,12.3,0.153,0.99
2026-10-10,W1691,52.72568,11.0904,3.9,12.0,12.6,0.24,12.3,0.155,1.62
2026-10-11,W1691,52.72568,11.0904,0.75,11.2,11.0,0.237,11.9,0.157,1.88
2026-10-12,W1691,52.72568,11.0904,7.5,10.3,10.7,0.231,11.3,0.158,1.01
2026-10-06,W0823,52.7167,11.1338,0.0,14.8,14.0,0.209,13.2,0.149,1.46
2026-10-07,W0823,52.7167,11.1338,0.0,15.7,14.1,0.198,13.6,0.15,2.1
2026-10-08,W0823,52.7167,11.1338,9.08,13.1,13.5,0.228,13.9,0.151,1.35
2026-10-09,W0823,52.7167,11.1338,2.2,10.1,10.8,0.236,12.3,0.153,1.04
2026-10-10,W0823,52.7167,11.1338,3.0,11.8,12.6,0.24,12.3,0.155,1.64
2026-10-11,W0823,52.7167,11.1338,0.75,11.2,11.0,0.237,11.9,0.157,1.88
2026-10-12,W0823,52.7167,11.1338,7.5,10.2,10.7,0.231,11.3,0.158,1.01
2026-10-06,W1692,52.72568,11.14953,0.0,14.8,14.2,0.184,13.3,0.136,1.46
2026-10-07,W1692,52.72568,11.14953,0.0,15.7,14.2,0.175,13.7,0.136,2.1
2026-10-08,W1692,52.72568,11.14953,9.15,13.1,13.6,0.207,14.0,0.136,1.38
2026-10-09,W1692,52.72568,11.14953,2.2,10.2,10.9,0.222,12.4,0.138,1.02
2026-10-10,W1692,52.72568,11.14953,3.3,11.9,12.6,0.252,12.3,0.141,1.65
2026-10-11,W1692,52.72568,11.14953,0.6,11.2,11.0,0.243,11.9,0.144,1.88
2026-10-12,W1692,52.72568,11.14953,7.5,10.2,10.8,0.234,11.3,0.147,1.01
2026-10-06,W0825,52.7347,10.1295,0.0,14.1,13.3,0.231,12.9,0.237,1.34
2026-10-07,W0825,52.7347,10.1295,0.0,15.7,13.4,0.223,13.0,0.23,2.0
2026-10-08,W0825,52.7347,10.1295,16.1,11.9,12.8,0.272,13.2,0.24,1.12
2026-10-09,W0825,52.7347,10.1295,5.4,9.9,10.3,0.258,11.4,0.248,0.62
2026-10-10,W0825,52.7347,10.1295,7.2,11.1,12.2,0.277,11.9,0.255,0.97
2026-10-11,W0825,52.7347,10.1295,3.75,10.5,10.6,0.261,11.4,0.255,1.31
2026-10-12,W0825,52.7347,10.1295,8.4,9.9,10.0,0.253,10.6,0.25,0.89
2026-10-06,W0826,52.7347,10.1591,0.0,14.2,13.3,0.231,12.9,0.237,1.39
2026-10-07,W0826,52.7347,10.1591,0.0,15.7,13.4,0.223,13.0,0.23,2.0
2026-10-08,W0826,52.7347,10.1591,15.73,11.8,12.8,0.272,13.2,0.24,1.12
2026-10-09,W0826,52.7347,10.1591,4.9,9.8,10.3,0.258,11.4,0.248,0.61
2026-10-10,W0826,52.7347,10.1591,7.2,11.1,12.2,0.277,11.9,0.255,0.99
2026-10-11,W0826,52.7347,10.1591,3.9,10.4,10.6,0.261,11.4,0.255,1.31
2026-10-12,W0826,52.7347,10.1591,8.4,9.8,10.0,0.253,10.6,0.25,0.89
2026-10-06,W0827,52.7347,10.1886,0.0,14.2,13.3,0.231,12.9,0.237,1.41
2026-10-07,W0827,52.7347,10.1886,0.0,15.8,13.4,0.223,13.0,0.23,2.02
2026-10-08,W0827,52.7347,10.1886,15.45,11.9,12.8,0.272,13.2,0.24,1.13
2026-10-09,W0827,52.7347,10.1886,4.9,9.9,10.3,0.258,11.4,0.248,0.61
2026-10-10,W0827,52.7347,10.1886,7.2,11.2,12.2,0.277,11.9,0.255,0.99
2026-10-11,W0827,52.7347,10.1886,3.9,10.5,10.6,0.261,11.4,0.255,1.34
2026-10-12,W0827,52.7347,10.1886,9.9,9.9,10.0,0.253,10.6,0.25,0.81
2026-10-06,W0828,52.7347,10.2182,0.0,14.2,12.9,0.176,12.0,0.164,1.42
2026-10-07,W0828,52.7347,10.2182,0.0,15.8,13.0,0.167,12.3,0.162,2.05
2026-10-08,W0828,52.7347,10.2182,15.23,11.9,12.3,0.236,12.6,0.171,1.13
2026-10-09,W0828,52.7347,10.2182,4.9,9.9,9.9,0.228,10.7,0.185,0.61
2026-10-10,W0828,52.7347,10.2182,7.2,11.2,11.9,0.243,11.2,0.193,0.99
2026-10-11,W0828,52.7347,10.2182,3.9,10.5,10.1,0.234,10.7,0.198,1.33
2026-10-12,W0828,52.7347,10.2182,9.9,9.8,9.6,0.231,10.0,0.203,0.81
2026-10-06,W0829,52.7347,10.2477,0.0,14.4,12.8,0.221,12.1,0.229,1.4
2026-10-07,W0829,52.7347,10.2477,0.0,16.0,13.0,0.215,12.3,0.225,2.07
2026-10-08,W0829,52.7347,10.2477,15.0,11.9,12.4,0.265,12.6,0.234,1.13
2026-10-09,W0829,52.7347,10.2477,4.4,9.8,10.0,0.255,10.8,0.246,0.63
2026-10-10,W0829,52.7347,10.2477,7.2,11.1,11.9,0.276,11.4,0.253,1.03
2026-10-11,W0829,52.7347,10.2477,3.9,10.5,10.3,0.26,11.0,0.256,1.35
2026-10-12,W0829,52.7347,10.2477,9.9,9.8,9.8,0.251,10.2,0.252,0.81
2026-10-06,W0860,52.7527,10.2772,0.0,14.0,12.8,0.221,12.1,0.229,1.37
2026-10-07,W0860,52.7527,10.2772,0.0,16.0,13.0,0.215,12.3,0.225,2.02
2026-10-08,W0860,52.7527,10.2772,15.03,12.0,12.4,0.265,12.6,0.234,1.13
2026-10-09,W0860,52.7527,10.2772,4.4,9.7,10.0,0.255,10.8,0.246,0.62
2026-10-10,W0860,52.7527,10.2772,7.2,11.1,11.9,0.276,11.4,0.253,1.02
2026-10-11,W0860,52.7527,10.2772,3.9,10.4,10.3,0.26,11.0,0.256,1.34
2026-10-12,W0860,52.7527,10.2772,9.9,9.7,9.8,0.251,10.2,0.252,0.8
2026-10-06,W0830,52.7347,10.3068,0.0,14.2,12.8,0.221,12.1,0.229,1.38
2026-10-07,W0830,52.7347,10.3068,0.0,15.8,13.0,0.215,12.3,0.225,2.0
2026-10-08,W0830,52.7347,10.3068,13.67,11.8,12.4,0.265,12.6,0.234,1.12
2026-10-09,W0830,52.7347,10.3068,4.3,9.6,10.0,0.255,10.8,0.246,0.63
2026-10-10,W0830,52.7347,10.3068,7.5,11.0,11.9,0.276,11.4,0.253,1.04
2026-10-11,W0830,52.7347,10.3068,3.9,10.4,10.3,0.26,11.0,0.256,1.34
2026-10-12,W0830,52.7347,10.3068,9.9,9.7,9.8,0.251,10.2,0.252,0.8
2026-10-06,W0831,52.7347,10.3363,0.0,14.1,12.8,0.221,12.1,0.229,1.37
2026-10-07,W0831,52.7347,10.3363,0.0,15.8,13.0,0.215,12.3,0.225,1.99
2026-10-08,W0831,52.7347,10.3363,12.38,11.8,12.4,0.265,12.6,0.234,1.12
2026-10-09,W0831,52.7347,10.3363,4.3,9.7,10.0,0.255,10.8,0.246,0.63
2026-10-10,W0831,52.7347,10.3363,7.5,11.1,11.9,0.276,11.4,0.253,1.05
2026-10-11,W0831,52.7347,10.3363,3.9,10.5,10.3,0.26,11.0,0.256,1.35
2026-10-12,W0831,52.7347,10.3363,9.9,9.8,9.8,0.251,10.2,0.252,0.81
2026-10-06,W0832,52.7347,10.3658,0.0,14.1,12.6,0.172,11.5,0.156,1.37
2026-10-07,W0832,52.7347,10.3658,0.0,15.8,12.7,0.162,11.8,0.154,1.99
2026-10-08,W0832,52.7347,10.3658,12.45,11.9,12.2,0.211,12.2,0.156,1.1
2026-10-09,W0832,52.7347,10.3658,4.5,9.7,9.8,0.214,10.5,0.164,0.61
2026-10-10,W0832,52.7347,10.3658,7.2,11.2,11.8,0.228,11.0,0.17,1.04
2026-10-11,W0832,52.7347,10.3658,3.75,10.5,10.0,0.215,10.5,0.176,1.34
2026-10-12,W0832,52.7347,10.3658,9.9,9.9,9.5,0.208,9.8,0.178,0.81
2026-10-06,W0833,52.7347,10.3954,0.0,13.9,12.6,0.172,11.5,0.156,1.4
2026-10-07,W0833,52.7347,10.3954,0.0,15.5,12.7,0.162,11.8,0.154,1.98
2026-10-08,W0833,52.7347,10.3954,12.4,11.8,12.2,0.211,12.2,0.156,1.1
2026-10-09,W0833,52.7347,10.3954,4.5,9.6,9.8,0.214,10.5,0.164,0.6
2026-10-10,W0833,52.7347,10.3954,7.2,11.0,11.8,0.228,11.0,0.17,1.03
2026-10-11,W0833,52.7347,10.3954,3.75,10.3,10.0,0.215,10.5,0.176,1.33
2026-10-12,W0833,52.7347,10.3954,9.9,9.7,9.5,0.208,9.8,0.178,0.8
2026-10-06,W0834,52.7347,10.4249,0.0,13.8,13.2,0.194,12.5,0.189,1.4
2026-10-07,W0834,52.7347,10.4249,0.0,15.6,13.1,0.186,12.5,0.187,1.99
2026-10-08,W0834,52.7347,10.4249,12.3,11.8,12.6,0.259,12.8,0.206,1.09
2026-10-09,W0834,52.7347,10.4249,4.0,9.5,10.1,0.243,11.0,0.222,0.6
2026-10-10,W0834,52.7347,10.4249,6.6,10.9,11.9,0.258,11.5,0.228,1.02
2026-10-11,W0834,52.7347,10.4249,3.75,10.3,10.3,0.244,11.0,0.23,1.33
2026-10-12,W0834,52.7347,10.4249,9.9,9.6,9.8,0.238,10.3,0.229,0.8
2026-10-06,W0835,52.7347,10.4545,0.0,14.0,13.2,0.194,12.5,0.189,1.41
2026-10-07,W0835,52.7347,10.4545,0.0,15.7,13.1,0.186,12.5,0.187,2.01
2026-10-08,W0835,52.7347,10.4545,12.4,12.0,12.6,0.259,12.8,0.206,1.1
2026-10-09,W0835,52.7347,10.4545,4.0,9.6,10.1,0.243,11.0,0.222,0.6
2026-10-10,W0835,52.7347,10.4545,6.6,11.0,11.9,0.258,11.5,0.228,1.02
2026-10-11,W0835,52.7347,10.4545,3.0,10.4,10.3,0.244,11.0,0.23,1.35
2026-10-12,W0835,52.7347,10.4545,10.8,9.7,9.8,0.238,10.3,0.229,0.8
2026-10-06,W0836,52.7347,10.484,0.0,13.9,13.2,0.194,12.5,0.189,1.42
2026-10-07,W0836,52.7347,10.484,0.0,15.5,13.1,0.186,12.5,0.187,1.99
2026-10-08,W0836,52.7347,10.484,12.42,11.9,12.6,0.259,12.8,0.206,1.13
2026-10-09,W0836,52.7347,10.484,3.5,9.5,10.1,0.243,11.0,0.222,0.64
2026-10-10,W0836,52.7347,10.484,5.7,11.0,11.9,0.258,11.5,0.228,1.07
2026-10-11,W0836,52.7347,10.484,3.3,10.2,10.3,0.244,11.0,0.23,1.36
2026-10-12,W0836,52.7347,10.484,10.8,9.5,9.8,0.238,10.3,0.229,0.8
2026-10-06,W0837,52.7347,10.5135,0.0,14.3,13.2,0.194,12.5,0.189,1.48
2026-10-07,W0837,52.7347,10.5135,0.0,15.7,13.1,0.186,12.5,0.187,2.08
2026-10-08,W0837,52.7347,10.5135,12.62,12.2,12.6,0.259,12.8,0.206,1.16
2026-10-09,W0837,52.7347,10.5135,3.5,9.6,10.1,0.243,11.0,0.222,0.64
2026-10-10,W0837,52.7347,10.5135,5.7,11.1,11.9,0.258,11.5,0.228,1.08
2026-10-11,W0837,52.7347,10.5135,3.3,10.3,10.3,0.244,11.0,0.23,1.36
2026-10-12,W0837,52.7347,10.5135,10.8,9.6,9.8,0.238,10.3,0.229,0.8
2026-10-06,W0838,52.7347,10.5431,0.0,14.2,12.9,0.157,11.8,0.121,1.46
2026-10-07,W0838,52.7347,10.5431,0.0,15.7,12.9,0.147,12.1,0.12,2.08
2026-10-08,W0838,52.7347,10.5431,12.43,12.2,12.5,0.189,12.6,0.121,1.23
2026-10-09,W0838,52.7347,10.5431,3.1,9.6,10.0,0.195,10.8,0.126,0.71
2026-10-10,W0838,52.7347,10.5431,5.4,11.1,11.9,0.209,11.2,0.131,1.19
2026-10-11,W0838,52.7347,10.5431,3.3,10.3,10.1,0.2,10.7,0.137,1.39
2026-10-12,W0838,52.7347,10.5431,10.8,9.6,9.6,0.191,9.9,0.14,0.8
2026-10-06,W0839,52.7347,10.5726,0.0,14.3,12.9,0.152,11.6,0.106,1.46
2026-10-07,W0839,52.7347,10.5726,0.0,15.6,12.6,0.141,11.8,0.106,2.05
2026-10-08,W0839,52.7347,10.5726,12.93,12.2,12.2,0.215,12.1,0.114,1.23
2026-10-09,W0839,52.7347,10.5726,3.1,9.6,9.6,0.207,10.3,0.128,0.71
2026-10-10,W0839,52.7347,10.5726,5.4,11.1,11.7,0.219,10.8,0.136,1.19
2026-10-11,W0839,52.7347,10.5726,2.1,10.4,9.9,0.202,10.3,0.143,1.51
2026-10-12,W0839,52.7347,10.5726,9.0,9.7,9.5,0.192,9.6,0.145,0.85
2026-10-06,W0840,52.7347,10.6021,0.0,14.3,12.9,0.152,11.6,0.106,1.47
2026-10-07,W0840,52.7347,10.6021,0.0,15.3,12.6,0.141,11.8,0.106,1.99
2026-10-08,W0840,52.7347,10.6021,11.4,12.1,12.2,0.215,12.1,0.114,1.26
2026-10-09,W0840,52.7347,10.6021,3.0,9.7,9.6,0.207,10.3,0.128,0.79
2026-10-10,W0840,52.7347,10.6021,4.8,11.3,11.7,0.219,10.8,0.136,1.29
2026-10-11,W0840,52.7347,10.6021,1.65,10.5,9.9,0.202,10.3,0.143,1.54
2026-10-12,W0840,52.7347,10.6021,9.0,9.8,9.5,0.192,9.6,0.145,0.85
2026-10-06,W1694,52.74369,10.61737,0.0,14.4,12.9,0.152,11.6,0.106,1.47
2026-10-07,W1694,52.74369,10.61737,0.0,15.4,12.6,0.141,11.8,0.106,1.99
2026-10-08,W1694,52.74369,10.61737,11.4,12.2,12.2,0.215,12.1,0.114,1.27
2026-10-09,W1694,52.74369,10.61737,3.0,9.7,9.6,0.207,10.3,0.128,0.79
2026-10-10,W1694,52.74369,10.61737,4.8,11.4,11.7,0.219,10.8,0.136,1.29
2026-10-11,W1694,52.74369,10.61737,1.65,10.6,9.9,0.202,10.3,0.143,1.54
2026-10-12,W1694,52.74369,10.61737,9.0,9.8,9.5,0.192,9.6,0.145,0.85
2026-10-06,W0841,52.7347,10.6612,0.0,14.4,12.9,0.152,11.6,0.106,1.47
2026-10-07,W0841,52.7347,10.6612,0.0,15.2,12.6,0.141,11.8,0.106,2.08
2026-10-08,W0841,52.7347,10.6612,10.0,12.0,12.2,0.215,12.1,0.114,1.28
2026-10-09,W0841,52.7347,10.6612,2.5,9.9,9.6,0.207,10.3,0.128,0.84
2026-10-10,W0841,52.7347,10.6612,4.5,11.5,11.7,0.219,10.8,0.136,1.34
2026-10-11,W0841,52.7347,10.6612,1.5,10.7,9.9,0.202,10.3,0.143,1.56
2026-10-12,W0841,52.7347,10.6612,9.0,9.9,9.5,0.192,9.6,0.145,0.86
2026-10-06,W1695,52.74369,10.6765,0.0,14.4,12.9,0.152,11.6,0.106,1.47
2026-10-07,W1695,52.74369,10.6765,0.0,15.2,12.6,0.141,11.8,0.106,2.08
2026-10-08,W1695,52.74369,10.6765,10.0,12.0,12.2,0.215,12.1,0.114,1.28
2026-10-09,W1695,52.74369,10.6765,2.5,9.9,9.6,0.207,10.3,0.128,0.84
2026-10-10,W1695,52.74369,10.6765,4.5,11.5,11.7,0.219,10.8,0.136,1.34
2026-10-11,W1695,52.74369,10.6765,1.5,10.7,9.9,0.202,10.3,0.143,1.56
2026-10-12,W1695,52.74369,10.6765,9.0,9.9,9.5,0.192,9.6,0.145,0.86
2026-10-06,W0872,52.7527,10.7203,0.0,14.2,13.1,0.149,11.7,0.099,1.46
2026-10-07,W0872,52.7527,10.7203,0.0,15.5,12.9,0.139,12.1,0.099,2.13
2026-10-08,W0872,52.7527,10.7203,7.47,12.1,12.6,0.207,12.6,0.105,1.26
2026-10-09,W0872,52.7527,10.7203,2.7,9.8,10.0,0.201,10.8,0.117,0.85
2026-10-10,W0872,52.7527,10.7203,4.8,11.5,11.9,0.208,11.1,0.123,1.33
2026-10-11,W0872,52.7527,10.7203,1.2,10.6,10.1,0.199,10.7,0.129,1.59
2026-10-12,W0872,52.7527,10.7203,8.7,9.9,9.8,0.191,10.0,0.133,0.88
2026-10-06,W0873,52.7527,10.7498,0.0,14.2,13.1,0.149,11.7,0.099,1.46
2026-10-07,W0873,52.7527,10.7498,0.0,15.4,12.9,0.139,12.1,0.099,2.13
2026-10-08,W0873,52.7527,10.7498,7.47,12.1,12.6,0.207,12.6,0.105,1.26
2026-10-09,W0873,52.7527,10.7498,2.7,9.8,10.0,0.201,10.8,0.117,0.84
2026-10-10,W0873,52.7527,10.7498,4.8,11.5,11.9,0.208,11.1,0.123,1.33
2026-10-11,W0873,52.7527,10.7498,1.2,10.6,10.1,0.199,10.7,0.129,1.59
2026-10-12,W0873,52.7527,10.7498,8.7,9.9,9.8,0.191,10.0,0.133,0.88
2026-10-06,W0874,52.7527,10.7794,0.0,14.1,13.1,0.149,11.7,0.099,1.45
2026-10-07,W0874,52.7527,10.7794,0.0,15.5,12.9,0.139,12.1,0.099,2.13
2026-10-08,W0874,52.7527,10.7794,8.13,12.2,12.6,0.207,12.6,0.105,1.28
2026-10-09,W0874,52.7527,10.7794,2.7,9.8,10.0,0.201,10.8,0.117,0.85
2026-10-10,W0874,52.7527,10.7794,4.8,11.5,11.9,0.208,11.1,0.123,1.34
2026-10-11,W0874,52.7527,10.7794,1.2,10.7,10.1,0.199,10.7,0.129,1.59
2026-10-12,W0874,52.7527,10.7794,8.7,9.9,9.8,0.191,10.0,0.133,0.88
2026-10-06,W0842,52.7347,10.8089,0.0,14.4,13.1,0.149,11.7,0.099,1.48
2026-10-07,W0842,52.7347,10.8089,0.0,15.6,12.9,0.139,12.1,0.099,2.17
2026-10-08,W0842,52.7347,10.8089,9.27,12.2,12.6,0.207,12.6,0.105,1.28
2026-10-09,W0842,52.7347,10.8089,2.7,9.8,10.0,0.201,10.8,0.117,0.85
2026-10-10,W0842,52.7347,10.8089,4.2,11.5,11.9,0.208,11.1,0.123,1.37
2026-10-11,W0842,52.7347,10.8089,1.2,10.6,10.1,0.199,10.7,0.129,1.6
2026-10-12,W0842,52.7347,10.8089,8.7,9.9,9.8,0.191,10.0,0.133,0.88
2026-10-06,W0843,52.7347,10.8384,0.0,14.2,13.1,0.149,11.7,0.099,1.46
2026-10-07,W0843,52.7347,10.8384,0.0,15.4,12.9,0.139,12.1,0.099,2.07
2026-10-08,W0843,52.7347,10.8384,9.1,12.1,12.6,0.207,12.6,0.105,1.27
2026-10-09,W0843,52.7347,10.8384,2.7,9.7,10.0,0.201,10.8,0.117,0.85
2026-10-10,W0843,52.7347,10.8384,4.2,11.4,11.9,0.208,11.1,0.123,1.36
2026-10-11,W0843,52.7347,10.8384,1.2,10.6,10.1,0.199,10.7,0.129,1.71
2026-10-12,W0843,52.7347,10.8384,6.9,9.8,9.8,0.191,10.0,0.133,0.92
2026-10-06,W0844,52.7347,10.868,0.0,14.0,13.5,0.228,12.5,0.181,1.47
2026-10-07,W0844,52.7347,10.868,0.0,15.3,13.5,0.217,13.0,0.181,2.06
2026-10-08,W0844,52.7347,10.868,8.23,12.1,13.2,0.267,13.4,0.183,1.29
2026-10-09,W0844,52.7347,10.868,2.3,9.7,10.6,0.272,11.8,0.188,0.88
2026-10-10,W0844,52.7347,10.868,4.2,11.4,12.2,0.276,11.8,0.191,1.41
2026-10-11,W0844,52.7347,10.868,0.9,10.5,10.7,0.269,11.5,0.195,1.72
2026-10-12,W0844,52.7347,10.868,6.9,9.7,10.3,0.259,10.8,0.197,0.92
2026-10-06,W0845,52.7347,10.8975,0.0,14.8,13.5,0.228,12.5,0.181,1.51
2026-10-07,W0845,52.7347,10.8975,0.0,15.9,13.5,0.217,13.0,0.181,2.1
2026-10-08,W0845,52.7347,10.8975,7.95,12.7,13.2,0.267,13.4,0.183,1.34
2026-10-09,W0845,52.7347,10.8975,2.3,10.0,10.6,0.272,11.8,0.188,0.9
2026-10-10,W0845,52.7347,10.8975,4.2,11.7,12.2,0.276,11.8,0.191,1.43
2026-10-11,W0845,52.7347,10.8975,0.9,10.9,10.7,0.269,11.5,0.195,1.75
2026-10-12,W0845,52.7347,10.8975,6.9,10.1,10.3,0.259,10.8,0.197,0.93
2026-10-06,W0846,52.7347,10.9271,0.0,14.7,13.7,0.212,12.7,0.151,1.52
2026-10-07,W0846,52.7347,10.9271,0.0,15.5,13.6,0.202,13.0,0.151,2.09
2026-10-08,W0846,52.7347,10.9271,7.5,12.6,13.2,0.232,13.4,0.152,1.37
2026-10-09,W0846,52.7347,10.9271,2.5,9.9,10.7,0.239,11.9,0.154,0.93
2026-10-10,W0846,52.7347,10.9271,4.2,11.7,12.4,0.256,11.9,0.157,1.52
2026-10-11,W0846,52.7347,10.9271,0.9,10.8,10.7,0.253,11.5,0.16,1.76
2026-10-12,W0846,52.7347,10.9271,6.9,10.0,10.5,0.245,10.9,0.163,0.93
2026-10-06,W0847,52.7347,10.9566,0.0,14.7,13.7,0.212,12.7,0.151,1.51
2026-10-07,W0847,52.7347,10.9566,0.0,15.5,13.6,0.202,13.0,0.151,2.05
2026-10-08,W0847,52.7347,10.9566,8.7,12.6,13.2,0.232,13.4,0.152,1.34
2026-10-09,W0847,52.7347,10.9566,2.5,10.1,10.7,0.239,11.9,0.154,0.94
2026-10-10,W0847,52.7347,10.9566,4.2,11.8,12.4,0.256,11.9,0.157,1.53
2026-10-11,W0847,52.7347,10.9566,0.9,11.0,10.7,0.253,11.5,0.16,1.77
2026-10-12,W0847,52.7347,10.9566,6.9,10.2,10.5,0.245,10.9,0.163,0.93
2026-10-06,W0848,52.7347,10.9861,0.0,14.4,13.7,0.212,12.7,0.151,1.43
2026-10-07,W0848,52.7347,10.9861,0.0,15.7,13.6,0.202,13.0,0.151,2.02
2026-10-08,W0848,52.7347,10.9861,8.43,12.7,13.2,0.232,13.4,0.152,1.37
2026-10-09,W0848,52.7347,10.9861,2.2,10.0,10.7,0.239,11.9,0.154,0.97
2026-10-10,W0848,52.7347,10.9861,3.6,11.7,12.4,0.256,11.9,0.157,1.58
2026-10-11,W0848,52.7347,10.9861,0.9,10.9,10.7,0.253,11.5,0.16,1.76
2026-10-12,W0848,52.7347,10.9861,6.9,10.1,10.5,0.245,10.9,0.163,0.93
2026-10-06,W0849,52.7347,11.0157,0.0,14.9,13.7,0.212,12.7,0.151,1.48
2026-10-07,W0849,52.7347,11.0157,0.0,15.7,13.6,0.202,13.0,0.151,2.04
2026-10-08,W0849,52.7347,11.0157,10.23,12.7,13.2,0.232,13.4,0.152,1.35
2026-10-09,W0849,52.7347,11.0157,2.2,10.1,10.7,0.239,11.9,0.154,0.97
2026-10-10,W0849,52.7347,11.0157,3.6,11.8,12.4,0.256,11.9,0.157,1.59
2026-10-11,W0849,52.7347,11.0157,0.9,11.0,10.7,0.253,11.5,0.16,1.77
2026-10-12,W0849,52.7347,11.0157,6.9,10.2,10.5,0.245,10.9,0.163,0.93
2026-10-06,W0850,52.7347,11.0452,0.0,14.9,14.0,0.209,13.2,0.149,1.48
2026-10-07,W0850,52.7347,11.0452,0.0,15.7,14.1,0.198,13.6,0.15,2.04
2026-10-08,W0850,52.7347,11.0452,10.28,12.7,13.5,0.228,13.9,0.151,1.33
2026-10-09,W0850,52.7347,11.0452,2.2,10.1,10.8,0.236,12.3,0.153,0.99
2026-10-10,W0850,52.7347,11.0452,3.9,11.8,12.6,0.24,12.3,0.155,1.61
2026-10-11,W0850,52.7347,11.0452,0.9,10.9,11.0,0.237,11.9,0.157,1.77
2026-10-12,W0850,52.7347,11.0452,6.9,10.2,10.7,0.231,11.3,0.158,0.93
2026-10-06,W0851,52.7347,11.0747,0.0,14.9,14.0,0.209,13.2,0.149,1.54
2026-10-07,W0851,52.7347,11.0747,0.0,15.4,14.1,0.198,13.6,0.15,2.04
2026-10-08,W0851,52.7347,11.0747,11.08,12.7,13.5,0.228,13.9,0.151,1.33
2026-10-09,W0851,52.7347,11.0747,2.2,10.2,10.8,0.236,12.3,0.153,0.99
2026-10-10,W0851,52.7347,11.0747,3.9,11.9,12.6,0.24,12.3,0.155,1.62
2026-10-11,W0851,52.7347,11.0747,0.75,11.2,11.0,0.237,11.9,0.157,1.87
2026-10-12,W0851,52.7347,11.0747,7.5,10.2,10.7,0.231,11.3,0.158,1.01
2026-10-06,W0852,52.7347,11.1043,0.0,14.7,14.2,0.184,13.3,0.136,1.52
2026-10-07,W0852,52.7347,11.1043,0.0,15.2,14.2,0.175,13.7,0.136,2.06
2026-10-08,W0852,52.7347,11.1043,10.88,12.6,13.6,0.207,14.0,0.136,1.32
2026-10-09,W0852,52.7347,11.1043,2.2,10.2,10.9,0.222,12.4,0.138,1.02
2026-10-10,W0852,52.7347,11.1043,3.3,12.0,12.6,0.252,12.3,0.141,1.66
2026-10-11,W0852,52.7347,11.1043,0.6,11.2,11.0,0.243,11.9,0.144,1.88
2026-10-12,W0852,52.7347,11.1043,7.5,10.3,10.8,0.234,11.3,0.147,1.02
2026-10-06,W0853,52.7347,11.1338,0.0,14.6,14.2,0.184,13.3,0.136,1.48
2026-10-07,W0853,52.7347,11.1338,0.0,15.3,14.2,0.175,13.7,0.136,2.1
2026-10-08,W0853,52.7347,11.1338,9.98,12.6,13.6,0.207,14.0,0.136,1.33
2026-10-09,W0853,52.7347,11.1338,2.2,10.2,10.9,0.222,12.4,0.138,1.02
2026-10-10,W0853,52.7347,11.1338,3.3,11.9,12.6,0.252,12.3,0.141,1.65
2026-10-11,W0853,52.7347,11.1338,0.6,11.2,11.0,0.243,11.9,0.144,1.88
2026-10-12,W0853,52.7347,11.1338,7.5,10.3,10.8,0.234,11.3,0.147,1.01
2026-10-06,W1699,52.74369,11.14953,0.0,14.7,14.2,0.184,13.3,0.136,1.48
2026-10-07,W1699,52.74369,11.14953,0.0,15.3,14.2,0.175,13.7,0.136,2.1
2026-10-08,W1699,52.74369,11.14953,9.98,12.6,13.6,0.207,14.0,0.136,1.33
2026-10-09,W1699,52.74369,11.14953,2.2,10.2,10.9,0.222,12.4,0.138,1.02
2026-10-10,W1699,52.74369,11.14953,3.3,12.0,12.6,0.252,12.3,0.141,1.66
2026-10-11,W1699,52.74369,11.14953,0.6,11.2,11.0,0.243,11.9,0.144,1.88
2026-10-12,W1699,52.74369,11.14953,7.5,10.3,10.8,0.234,11.3,0.147,1.02
2026-10-06,W0887,52.7707,10.1295,0.0,13.6,13.3,0.231,12.9,0.237,1.3
2026-10-07,W0887,52.7707,10.1295,0.0,15.4,13.4,0.223,13.0,0.23,1.98
2026-10-08,W0887,52.7707,10.1295,13.45,11.9,12.8,0.272,13.2,0.24,1.13
2026-10-09,W0887,52.7707,10.1295,5.4,9.9,10.3,0.258,11.4,0.248,0.62
2026-10-10,W0887,52.7707,10.1295,7.2,11.1,12.2,0.277,11.9,0.255,0.97
2026-10-11,W0887,52.7707,10.1295,3.75,10.5,10.6,0.261,11.4,0.255,1.31
2026-10-12,W0887,52.7707,10.1295,8.4,9.9,10.0,0.253,10.6,0.25,0.89
2026-10-06,W0888,52.7707,10.1591,0.0,14.0,13.3,0.231,12.9,0.237,1.31
2026-10-07,W0888,52.7707,10.1591,0.0,15.8,13.4,0.223,13.0,0.23,1.99
2026-10-08,W0888,52.7707,10.1591,14.35,11.9,12.8,0.272,13.2,0.24,1.13
2026-10-09,W0888,52.7707,10.1591,4.9,9.7,10.3,0.258,11.4,0.248,0.61
2026-10-10,W0888,52.7707,10.1591,7.2,11.0,12.2,0.277,11.9,0.255,0.99
2026-10-11,W0888,52.7707,10.1591,3.9,10.3,10.6,0.261,11.4,0.255,1.31
2026-10-12,W0888,52.7707,10.1591,8.4,9.7,10.0,0.253,10.6,0.25,0.88
2026-10-06,W0889,52.7707,10.1886,0.0,13.9,13.3,0.231,12.9,0.237,1.34
2026-10-07,W0889,52.7707,10.1886,0.0,16.0,13.4,0.223,13.0,0.23,2.01
2026-10-08,W0889,52.7707,10.1886,15.68,11.9,12.8,0.272,13.2,0.24,1.12
2026-10-09,W0889,52.7707,10.1886,4.9,9.8,10.3,0.258,11.4,0.248,0.61
2026-10-10,W0889,52.7707,10.1886,7.2,11.1,12.2,0.277,11.9,0.255,0.99
2026-10-11,W0889,52.7707,10.1886,3.9,10.4,10.6,0.261,11.4,0.255,1.33
2026-10-12,W0889,52.7707,10.1886,9.9,9.7,10.0,0.253,10.6,0.25,0.8
2026-10-06,W0890,52.7707,10.2182,0.0,14.1,12.8,0.221,12.1,0.229,1.34
2026-10-07,W0890,52.7707,10.2182,0.0,16.3,13.0,0.215,12.3,0.225,2.02
2026-10-08,W0890,52.7707,10.2182,15.9,12.0,12.4,0.265,12.6,0.234,1.12
2026-10-09,W0890,52.7707,10.2182,4.9,9.7,10.0,0.255,10.8,0.246,0.61
2026-10-10,W0890,52.7707,10.2182,7.2,11.0,11.9,0.276,11.4,0.253,0.99
2026-10-11,W0890,52.7707,10.2182,3.9,10.4,10.3,0.26,11.0,0.256,1.33
2026-10-12,W0890,52.7707,10.2182,9.9,9.7,9.8,0.251,10.2,0.252,0.8
2026-10-06,W0891,52.7707,10.2477,0.0,14.2,12.8,0.221,12.1,0.229,1.35
2026-10-07,W0891,52.7707,10.2477,0.0,16.1,13.0,0.215,12.3,0.225,2.01
2026-10-08,W0891,52.7707,10.2477,15.53,12.0,12.4,0.265,12.6,0.234,1.13
2026-10-09,W0891,52.7707,10.2477,4.4,9.7,10.0,0.255,10.8,0.246,0.62
2026-10-10,W0891,52.7707,10.2477,7.2,11.1,11.9,0.276,11.4,0.253,1.02
2026-10-11,W0891,52.7707,10.2477,3.9,10.4,10.3,0.26,11.0,0.256,1.34
2026-10-12,W0891,52.7707,10.2477,9.9,9.8,9.8,0.251,10.2,0.252,0.81
2026-10-06,W0892,52.7707,10.2772,0.0,14.0,12.8,0.221,12.1,0.229,1.36
2026-10-07,W0892,52.7707,10.2772,0.0,15.9,13.0,0.215,12.3,0.225,2.01
2026-10-08,W0892,52.7707,10.2772,15.18,12.0,12.4,0.265,12.6,0.234,1.12
2026-10-09,W0892,52.7707,10.2772,4.4,9.7,10.0,0.255,10.8,0.246,0.62
2026-10-10,W0892,52.7707,10.2772,7.2,11.1,11.9,0.276,11.4,0.253,1.02
2026-10-11,W0892,52.7707,10.2772,3.9,10.4,10.3,0.26,11.0,0.256,1.34
2026-10-12,W0892,52.7707,10.2772,9.9,9.7,9.8,0.251,10.2,0.252,0.8
2026-10-06,W0893,52.7707,10.3068,0.0,13.9,12.8,0.221,12.1,0.229,1.36
2026-10-07,W0893,52.7707,10.3068,0.0,15.8,13.0,0.215,12.3,0.225,2.0
2026-10-08,W0893,52.7707,10.3068,15.1,11.8,12.4,0.265,12.6,0.234,1.12
2026-10-09,W0893,52.7707,10.3068,4.3,9.5,10.0,0.255,10.8,0.246,0.63
2026-10-10,W0893,52.7707,10.3068,7.5,10.9,11.9,0.276,11.4,0.253,1.04
2026-10-11,W0893,52.7707,10.3068,3.9,10.3,10.3,0.26,11.0,0.256,1.34
2026-10-12,W0893,52.7707,10.3068,9.9,9.6,9.8,0.251,10.2,0.252,0.8
2026-10-06,W0894,52.7707,10.3363,0.0,14.0,12.8,0.221,12.1,0.229,1.34
2026-10-07,W0894,52.7707,10.3363,0.0,15.7,13.0,0.215,12.3,0.225,1.98
2026-10-08,W0894,52.7707,10.3363,14.15,11.8,12.4,0.265,12.6,0.234,1.11
2026-10-09,W0894,52.7707,10.3363,4.3,9.6,10.0,0.255,10.8,0.246,0.63
2026-10-10,W0894,52.7707,10.3363,7.5,11.0,11.9,0.276,11.4,0.253,1.04
2026-10-11,W0894,52.7707,10.3363,3.9,10.4,10.3,0.26,11.0,0.256,1.34
2026-10-12,W0894,52.7707,10.3363,9.9,9.7,9.8,0.251,10.2,0.252,0.8
2026-10-06,W0895,52.7707,10.3658,0.0,14.1,13.2,0.194,12.5,0.189,1.37
2026-10-07,W0895,52.7707,10.3658,0.0,16.0,13.1,0.186,12.5,0.187,1.98
2026-10-08,W0895,52.7707,10.3658,13.33,11.9,12.6,0.259,12.8,0.206,1.1
2026-10-09,W0895,52.7707,10.3658,4.5,9.6,10.1,0.243,11.0,0.222,0.6
2026-10-10,W0895,52.7707,10.3658,7.2,11.0,11.9,0.258,11.5,0.228,1.03
2026-10-11,W0895,52.7707,10.3658,3.75,10.3,10.3,0.244,11.0,0.23,1.33
2026-10-12,W0895,52.7707,10.3658,9.9,9.7,9.8,0.238,10.3,0.229,0.8
2026-10-06,W0896,52.7707,10.3954,0.0,14.1,13.2,0.194,12.5,0.189,1.4
2026-10-07,W0896,52.7707,10.3954,0.0,15.8,13.1,0.186,12.5,0.187,1.98
2026-10-08,W0896,52.7707,10.3954,12.23,11.9,12.6,0.259,12.8,0.206,1.1
2026-10-09,W0896,52.7707,10.3954,4.5,9.4,10.1,0.243,11.0,0.222,0.6
2026-10-10,W0896,52.7707,10.3954,7.2,10.9,11.9,0.258,11.5,0.228,1.03
2026-10-11,W0896,52.7707,10.3954,3.75,10.2,10.3,0.244,11.0,0.23,1.33
2026-10-12,W0896,52.7707,10.3954,9.9,9.6,9.8,0.238,10.3,0.229,0.8
2026-10-06,W0897,52.7707,10.4249,0.0,14.1,13.2,0.194,12.5,0.189,1.4
2026-10-07,W0897,52.7707,10.4249,0.0,15.8,13.1,0.186,12.5,0.187,1.98
2026-10-08,W0897,52.7707,10.4249,12.27,11.9,12.6,0.259,12.8,0.206,1.09
2026-10-09,W0897,52.7707,10.4249,4.0,9.5,10.1,0.243,11.0,0.222,0.6
2026-10-10,W0897,52.7707,10.4249,6.6,10.9,11.9,0.258,11.5,0.228,1.02
2026-10-11,W0897,52.7707,10.4249,3.75,10.2,10.3,0.244,11.0,0.23,1.33
2026-10-12,W0897,52.7707,10.4249,9.9,9.5,9.8,0.238,10.3,0.229,0.8
2026-10-06,W0898,52.7707,10.4545,0.0,14.1,13.2,0.194,12.5,0.189,1.42
2026-10-07,W0898,52.7707,10.4545,0.0,15.8,13.1,0.186,12.5,0.187,1.99
2026-10-08,W0898,52.7707,10.4545,12.13,12.0,12.6,0.259,12.8,0.206,1.1
2026-10-09,W0898,52.7707,10.4545,4.0,9.5,10.1,0.243,11.0,0.222,0.6
2026-10-10,W0898,52.7707,10.4545,6.6,10.9,11.9,0.258,11.5,0.228,1.02
2026-10-11,W0898,52.7707,10.4545,3.0,10.3,10.3,0.244,11.0,0.23,1.34
2026-10-12,W0898,52.7707,10.4545,10.8,9.6,9.8,0.238,10.3,0.229,0.8
2026-10-06,W0899,52.7707,10.484,0.0,14.1,13.2,0.194,12.5,0.189,1.44
2026-10-07,W0899,52.7707,10.484,0.0,15.6,13.1,0.186,12.5,0.187,1.97
2026-10-08,W0899,52.7707,10.484,11.93,11.9,12.6,0.259,12.8,0.206,1.12
2026-10-09,W0899,52.7707,10.484,3.5,9.5,10.1,0.243,11.0,0.222,0.64
2026-10-10,W0899,52.7707,10.484,5.7,11.0,11.9,0.258,11.5,0.228,1.07
2026-10-11,W0899,52.7707,10.484,3.3,10.2,10.3,0.244,11.0,0.23,1.36
2026-10-12,W0899,52.7707,10.484,10.8,9.5,9.8,0.238,10.3,0.229,0.8
2026-10-06,W0900,52.7707,10.5135,0.0,14.4,13.2,0.194,12.5,0.189,1.49
2026-10-07,W0900,52.7707,10.5135,0.0,15.9,13.1,0.186,12.5,0.187,1.99
2026-10-08,W0900,52.7707,10.5135,12.08,12.2,12.6,0.259,12.8,0.206,1.14
2026-10-09,W0900,52.7707,10.5135,3.5,9.5,10.1,0.243,11.0,0.222,0.64
2026-10-10,W0900,52.7707,10.5135,5.7,11.0,11.9,0.258,11.5,0.228,1.07
2026-10-11,W0900,52.7707,10.5135,3.3,10.3,10.3,0.244,11.0,0.23,1.36
2026-10-12,W0900,52.7707,10.5135,10.8,9.5,9.8,0.238,10.3,0.229,0.8
2026-10-06,W0901,52.7707,10.5431,0.0,14.2,12.9,0.152,11.6,0.106,1.48
2026-10-07,W0901,52.7707,10.5431,0.0,15.4,12.6,0.141,11.8,0.106,1.96
2026-10-08,W0901,52.7707,10.5431,12.25,12.0,12.2,0.215,12.1,0.114,1.19
2026-10-09,W0901,52.7707,10.5431,3.1,9.4,9.6,0.207,10.3,0.128,0.7
2026-10-10,W0901,52.7707,10.5431,5.4,11.0,11.7,0.219,10.8,0.136,1.18
2026-10-11,W0901,52.7707,10.5431,3.3,10.1,9.9,0.202,10.3,0.143,1.38
2026-10-12,W0901,52.7707,10.5431,10.8,9.4,9.5,0.192,9.6,0.145,0.79
2026-10-06,W0902,52.7707,10.5726,0.0,14.7,12.9,0.152,11.6,0.106,1.5
2026-10-07,W0902,52.7707,10.5726,0.0,15.5,12.6,0.141,11.8,0.106,1.97
2026-10-08,W0902,52.7707,10.5726,12.2,12.2,12.2,0.215,12.1,0.114,1.2
2026-10-09,W0902,52.7707,10.5726,3.1,9.6,9.6,0.207,10.3,0.128,0.71
2026-10-10,W0902,52.7707,10.5726,5.4,11.2,11.7,0.219,10.8,0.136,1.19
2026-10-11,W0902,52.7707,10.5726,2.1,10.5,9.9,0.202,10.3,0.143,1.52
2026-10-12,W0902,52.7707,10.5726,9.0,9.7,9.5,0.192,9.6,0.145,0.85
2026-10-06,W0903,52.7707,10.6021,0.0,14.7,12.9,0.152,11.6,0.106,1.5
2026-10-07,W0903,52.7707,10.6021,0.0,15.3,12.6,0.141,11.8,0.106,1.97
2026-10-08,W0903,52.7707,10.6021,12.38,12.1,12.2,0.215,12.1,0.114,1.25
2026-10-09,W0903,52.7707,10.6021,3.0,9.7,9.6,0.207,10.3,0.128,0.79
2026-10-10,W0903,52.7707,10.6021,4.8,11.3,11.7,0.219,10.8,0.136,1.29
2026-10-11,W0903,52.7707,10.6021,1.65,10.5,9.9,0.202,10.3,0.143,1.54
2026-10-12,W0903,52.7707,10.6021,9.0,9.8,9.5,0.192,9.6,0.145,0.85
2026-10-06,W0904,52.7707,10.6317,0.0,14.6,12.9,0.152,11.6,0.106,1.48
2026-10-07,W0904,52.7707,10.6317,0.0,15.1,12.6,0.141,11.8,0.106,1.98
2026-10-08,W0904,52.7707,10.6317,12.45,12.0,12.2,0.215,12.1,0.114,1.25
2026-10-09,W0904,52.7707,10.6317,3.0,9.8,9.6,0.207,10.3,0.128,0.79
2026-10-10,W0904,52.7707,10.6317,4.8,11.4,11.7,0.219,10.8,0.136,1.3
2026-10-11,W0904,52.7707,10.6317,1.65,10.7,9.9,0.202,10.3,0.143,1.55
2026-10-12,W0904,52.7707,10.6317,9.0,9.9,9.5,0.192,9.6,0.145,0.86
2026-10-06,W0905,52.7707,10.6612,0.0,14.3,12.9,0.152,11.6,0.106,1.47
2026-10-07,W0905,52.7707,10.6612,0.0,15.0,12.6,0.141,11.8,0.106,2.01
2026-10-08,W0905,52.7707,10.6612,11.6,11.9,12.2,0.215,12.1,0.114,1.27
2026-10-09,W0905,52.7707,10.6612,2.5,9.7,9.6,0.207,10.3,0.128,0.84
2026-10-10,W0905,52.7707,10.6612,4.5,11.4,11.7,0.219,10.8,0.136,1.34
2026-10-11,W0905,52.7707,10.6612,1.5,10.5,9.9,0.202,10.3,0.143,1.55
2026-10-12,W0905,52.7707,10.6612,9.0,9.8,9.5,0.192,9.6,0.145,0.85
2026-10-06,W0906,52.7707,10.6908,0.0,14.4,12.9,0.152,11.6,0.106,1.46
2026-10-07,W0906,52.7707,10.6908,0.0,15.5,12.6,0.141,11.8,0.106,2.14
2026-10-08,W0906,52.7707,10.6908,9.55,12.1,12.2,0.215,12.1,0.114,1.28
2026-10-09,W0906,52.7707,10.6908,2.5,9.8,9.6,0.207,10.3,0.128,0.84
2026-10-10,W0906,52.7707,10.6908,4.5,11.5,11.7,0.219,10.8,0.136,1.34
2026-10-11,W0906,52.7707,10.6908,1.2,10.7,9.9,0.202,10.3,0.143,1.6
2026-10-12,W0906,52.7707,10.6908,8.7,10.0,9.5,0.192,9.6,0.145,0.88
2026-10-06,W0907,52.7707,10.7203,0.0,14.1,13.1,0.149,11.7,0.099,1.44
2026-10-07,W0907,52.7707,10.7203,0.0,15.3,12.9,0.139,12.1,0.099,2.1
2026-10-08,W0907,52.7707,10.7203,8.63,11.9,12.6,0.207,12.6,0.105,1.25
2026-10-09,W0907,52.7707,10.7203,2.7,9.7,10.0,0.201,10.8,0.117,0.84
2026-10-10,W0907,52.7707,10.7203,4.8,11.4,11.9,0.208,11.1,0.123,1.33
2026-10-11,W0907,52.7707,10.7203,1.2,10.5,10.1,0.199,10.7,0.129,1.58
2026-10-12,W0907,52.7707,10.7203,8.7,9.8,9.8,0.191,10.0,0.133,0.88
2026-10-06,W0908,52.7707,10.7498,0.0,14.3,13.1,0.149,11.7,0.099,1.45
2026-10-07,W0908,52.7707,10.7498,0.0,15.5,12.9,0.139,12.1,0.099,2.11
2026-10-08,W0908,52.7707,10.7498,8.63,12.1,12.6,0.207,12.6,0.105,1.26
2026-10-09,W0908,52.7707,10.7498,2.7,9.9,10.0,0.201,10.8,0.117,0.85
2026-10-10,W0908,52.7707,10.7498,4.8,11.5,11.9,0.208,11.1,0.123,1.34
2026-10-11,W0908,52.7707,10.7498,1.2,10.7,10.1,0.199,10.7,0.129,1.59
2026-10-12,W0908,52.7707,10.7498,8.7,9.9,9.8,0.191,10.0,0.133,0.88
2026-10-06,W0909,52.7707,10.7794,0.0,14.1,13.1,0.149,11.7,0.099,1.43
2026-10-07,W0909,52.7707,10.7794,0.0,15.4,12.9,0.139,12.1,0.099,2.09
2026-10-08,W0909,52.7707,10.7794,7.58,12.0,12.6,0.207,12.6,0.105,1.26
2026-10-09,W0909,52.7707,10.7794,2.7,9.7,10.0,0.201,10.8,0.117,0.84
2026-10-10,W0909,52.7707,10.7794,4.8,11.4,11.9,0.208,11.1,0.123,1.33
2026-10-11,W0909,52.7707,10.7794,1.2,10.6,10.1,0.199,10.7,0.129,1.59
2026-10-12,W0909,52.7707,10.7794,8.7,9.8,9.8,0.191,10.0,0.133,0.88
2026-10-06,W0910,52.7707,10.8089,0.0,14.7,13.1,0.149,11.7,0.099,1.47
2026-10-07,W0910,52.7707,10.8089,0.0,15.7,12.9,0.139,12.1,0.099,2.06
2026-10-08,W0910,52.7707,10.8089,8.48,12.4,12.6,0.207,12.6,0.105,1.27
2026-10-09,W0910,52.7707,10.8089,2.7,9.8,10.0,0.201,10.8,0.117,0.85
2026-10-10,W0910,52.7707,10.8089,4.2,11.5,11.9,0.208,11.1,0.123,1.37
2026-10-11,W0910,52.7707,10.8089,1.2,10.7,10.1,0.199,10.7,0.129,1.6
2026-10-12,W0910,52.7707,10.8089,8.7,9.9,9.8,0.191,10.0,0.133,0.88
2026-10-06,W0911,52.7707,10.8384,0.0,14.7,13.1,0.149,11.7,0.099,1.47
2026-10-07,W0911,52.7707,10.8384,0.0,15.7,12.9,0.139,12.1,0.099,2.06
2026-10-08,W0911,52.7707,10.8384,8.48,12.4,12.6,0.207,12.6,0.105,1.27
2026-10-09,W0911,52.7707,10.8384,2.7,9.9,10.0,0.201,10.8,0.117,0.85
2026-10-10,W0911,52.7707,10.8384,4.2,11.5,11.9,0.208,11.1,0.123,1.37
2026-10-11,W0911,52.7707,10.8384,1.2,10.8,10.1,0.199,10.7,0.129,1.72
2026-10-12,W0911,52.7707,10.8384,6.9,10.0,9.8,0.191,10.0,0.133,0.92
2026-10-06,W0912,52.7707,10.868,0.0,14.7,13.1,0.149,11.7,0.099,1.48
2026-10-07,W0912,52.7707,10.868,0.0,15.6,12.9,0.139,12.1,0.099,2.06
2026-10-08,W0912,52.7707,10.868,9.0,12.6,12.6,0.207,12.6,0.105,1.32
2026-10-09,W0912,52.7707,10.868,2.3,9.9,10.0,0.201,10.8,0.117,0.89
2026-10-10,W0912,52.7707,10.868,4.2,11.6,11.9,0.208,11.1,0.123,1.43
2026-10-11,W0912,52.7707,10.868,0.9,10.8,10.1,0.199,10.7,0.129,1.74
2026-10-12,W0912,52.7707,10.868,6.9,10.0,9.8,0.191,10.0,0.133,0.92
2026-10-06,W0913,52.7707,10.8975,0.0,14.7,13.7,0.212,12.7,0.151,1.48
2026-10-07,W0913,52.7707,10.8975,0.0,15.4,13.6,0.202,13.0,0.151,2.03
2026-10-08,W0913,52.7707,10.8975,8.88,12.4,13.2,0.232,13.4,0.152,1.3
2026-10-09,W0913,52.7707,10.8975,2.3,9.9,10.7,0.239,11.9,0.154,0.89
2026-10-10,W0913,52.7707,10.8975,4.2,11.6,12.4,0.256,11.9,0.157,1.43
2026-10-11,W0913,52.7707,10.8975,0.9,10.7,10.7,0.253,11.5,0.16,1.74
2026-10-12,W0913,52.7707,10.8975,6.9,10.0,10.5,0.245,10.9,0.163,0.92
2026-10-06,W0914,52.7707,10.9271,0.0,14.9,13.7,0.212,12.7,0.151,1.5
2026-10-07,W0914,52.7707,10.9271,0.0,15.7,13.6,0.202,13.0,0.151,2.03
2026-10-08,W0914,52.7707,10.9271,8.6,12.6,13.2,0.232,13.4,0.152,1.34
2026-10-09,W0914,52.7707,10.9271,2.5,10.1,10.7,0.239,11.9,0.154,0.94
2026-10-10,W0914,52.7707,10.9271,4.2,11.8,12.4,0.256,11.9,0.157,1.54
2026-10-11,W0914,52.7707,10.9271,0.9,11.0,10.7,0.253,11.5,0.16,1.77
2026-10-12,W0914,52.7707,10.9271,6.9,10.2,10.5,0.245,10.9,0.163,0.93
2026-10-06,W0915,52.7707,10.9566,0.0,14.9,13.7,0.212,12.7,0.151,1.5
2026-10-07,W0915,52.7707,10.9566,0.0,15.7,13.6,0.202,13.0,0.151,2.04
2026-10-08,W0915,52.7707,10.9566,8.02,12.8,13.2,0.232,13.4,0.152,1.37
2026-10-09,W0915,52.7707,10.9566,2.5,10.1,10.7,0.239,11.9,0.154,0.94
2026-10-10,W0915,52.7707,10.9566,4.2,11.8,12.4,0.256,11.9,0.157,1.53
2026-10-11,W0915,52.7707,10.9566,0.9,11.0,10.7,0.253,11.5,0.16,1.77
2026-10-12,W0915,52.7707,10.9566,6.9,10.2,10.5,0.245,10.9,0.163,0.93
2026-10-06,W0916,52.7707,10.9861,0.0,14.8,13.7,0.212,12.7,0.151,1.49
2026-10-07,W0916,52.7707,10.9861,0.0,15.7,13.6,0.202,13.0,0.151,2.06
2026-10-08,W0916,52.7707,10.9861,8.18,12.7,13.2,0.232,13.4,0.152,1.39
2026-10-09,W0916,52.7707,10.9861,2.2,9.9,10.7,0.239,11.9,0.154,0.97
2026-10-10,W0916,52.7707,10.9861,3.6,11.6,12.4,0.256,11.9,0.157,1.58
2026-10-11,W0916,52.7707,10.9861,0.9,10.8,10.7,0.253,11.5,0.16,1.76
2026-10-12,W0916,52.7707,10.9861,6.9,10.0,10.5,0.245,10.9,0.163,0.92
2026-10-06,W0917,52.7707,11.0157,0.0,15.2,13.7,0.212,12.7,0.151,1.5
2026-10-07,W0917,52.7707,11.0157,0.0,16.2,13.6,0.202,13.0,0.151,2.08
2026-10-08,W0917,52.7707,11.0157,8.9,13.0,13.2,0.232,13.4,0.152,1.41
2026-10-09,W0917,52.7707,11.0157,2.2,10.1,10.7,0.239,11.9,0.154,0.97
2026-10-10,W0917,52.7707,11.0157,3.6,11.9,12.4,0.256,11.9,0.157,1.59
2026-10-11,W0917,52.7707,11.0157,0.9,11.0,10.7,0.253,11.5,0.16,1.77
2026-10-12,W0917,52.7707,11.0157,6.9,10.2,10.5,0.245,10.9,0.163,0.93
2026-10-06,W0918,52.7707,11.0452,0.0,15.0,14.2,0.184,13.3,0.136,1.5
2026-10-07,W0918,52.7707,11.0452,0.0,15.7,14.2,0.175,13.7,0.136,2.07
2026-10-08,W0918,52.7707,11.0452,9.38,12.6,13.6,0.207,14.0,0.136,1.35
2026-10-09,W0918,52.7707,11.0452,2.2,10.0,10.9,0.222,12.4,0.138,0.98
2026-10-10,W0918,52.7707,11.0452,3.9,11.7,12.6,0.252,12.3,0.141,1.6
2026-10-11,W0918,52.7707,11.0452,0.9,10.8,11.0,0.243,11.9,0.144,1.76
2026-10-12,W0918,52.7707,11.0452,6.9,10.0,10.8,0.234,11.3,0.147,0.93
2026-10-06,W1700,52.76171,11.06084,0.0,14.9,14.2,0.184,13.3,0.136,1.49
2026-10-07,W1700,52.76171,11.06084,0.0,15.8,14.2,0.175,13.7,0.136,2.06
2026-10-08,W1700,52.76171,11.06084,10.48,12.6,13.6,0.207,14.0,0.136,1.34
2026-10-09,W1700,52.76171,11.06084,2.2,10.0,10.9,0.222,12.4,0.138,0.98
2026-10-10,W1700,52.76171,11.06084,3.9,11.8,12.6,0.252,12.3,0.141,1.6
2026-10-11,W1700,52.76171,11.06084,0.9,10.9,11.0,0.243,11.9,0.144,1.76
2026-10-12,W1700,52.76171,11.06084,6.9,10.1,10.8,0.234,11.3,0.147,0.93
2026-10-06,W1701,52.76171,11.0904,0.0,14.8,14.2,0.184,13.3,0.136,1.53
2026-10-07,W1701,52.76171,11.0904,0.0,15.1,14.2,0.175,13.7,0.136,2.06
2026-10-08,W1701,52.76171,11.0904,11.23,12.3,13.6,0.207,14.0,0.136,1.32
2026-10-09,W1701,52.76171,11.0904,2.2,10.2,10.9,0.222,12.4,0.138,0.99
2026-10-10,W1701,52.76171,11.0904,3.9,11.9,12.6,0.252,12.3,0.141,1.62
2026-10-11,W1701,52.76171,11.0904,0.75,11.2,11.0,0.243,11.9,0.144,1.87
2026-10-12,W1701,52.76171,11.0904,7.5,10.2,10.8,0.234,11.3,0.147,1.01
2026-10-06,W1702,52.76171,11.11997,0.0,14.8,14.2,0.184,13.3,0.136,1.53
2026-10-07,W1702,52.76171,11.11997,0.0,15.1,14.2,0.175,13.7,0.136,2.06
2026-10-08,W1702,52.76171,11.11997,11.23,12.3,13.6,0.207,14.0,0.136,1.32
2026-10-09,W1702,52.76171,11.11997,2.2,10.2,10.9,0.222,12.4,0.138,1.02
2026-10-10,W1702,52.76171,11.11997,3.3,11.9,12.6,0.252,12.3,0.141,1.65
2026-10-11,W1702,52.76171,11.11997,0.6,11.2,11.0,0.243,11.9,0.144,1.88
2026-10-12,W1702,52.76171,11.11997,7.5,10.2,10.8,0.234,11.3,0.147,1.01
2026-10-06,W1703,52.76171,11.14953,0.0,14.4,14.2,0.184,13.3,0.136,1.47
2026-10-07,W1703,52.76171,11.14953,0.0,15.2,14.2,0.175,13.7,0.136,2.1
2026-10-08,W1703,52.76171,11.14953,10.45,12.3,13.6,0.207,14.0,0.136,1.31
2026-10-09,W1703,52.76171,11.14953,2.2,10.1,10.9,0.222,12.4,0.138,1.01
2026-10-10,W1703,52.76171,11.14953,3.3,11.8,12.6,0.252,12.3,0.141,1.65
2026-10-11,W1703,52.76171,11.14953,0.6,11.1,11.0,0.243,11.9,0.144,1.87
2026-10-12,W1703,52.76171,11.14953,7.5,10.2,10.8,0.234,11.3,0.147,1.01
2026-10-06,W0920,52.7887,10.1295,0.0,13.6,13.3,0.231,12.9,0.237,1.3
2026-10-07,W0920,52.7887,10.1295,0.0,15.4,13.4,0.223,13.0,0.23,1.98
2026-10-08,W0920,52.7887,10.1295,13.35,11.9,12.8,0.272,13.2,0.24,1.17
2026-10-09,W0920,52.7887,10.1295,5.3,9.8,10.3,0.258,11.4,0.248,0.61
2026-10-10,W0920,52.7887,10.1295,6.3,11.1,12.2,0.277,11.9,0.255,0.97
2026-10-11,W0920,52.7887,10.1295,3.75,10.5,10.6,0.261,11.4,0.255,1.32
2026-10-12,W0920,52.7887,10.1295,8.4,9.9,10.0,0.253,10.6,0.25,0.89
2026-10-06,W0921,52.7887,10.1591,0.0,14.0,13.4,0.21,13.0,0.204,1.31
2026-10-07,W0921,52.7887,10.1591,0.0,15.8,13.6,0.199,13.2,0.199,1.99
2026-10-08,W0921,52.7887,10.1591,14.55,11.8,12.9,0.253,13.5,0.207,1.12
2026-10-09,W0921,52.7887,10.1591,4.9,9.7,10.3,0.242,11.4,0.218,0.55
2026-10-10,W0921,52.7887,10.1591,6.9,10.9,12.1,0.263,11.8,0.225,0.9
2026-10-11,W0921,52.7887,10.1591,3.6,10.3,10.5,0.244,11.3,0.228,1.3
2026-10-12,W0921,52.7887,10.1591,8.4,9.7,10.1,0.233,10.6,0.224,0.88
2026-10-06,W0922,52.7887,10.1886,0.0,13.8,13.4,0.21,13.0,0.204,1.34
2026-10-07,W0922,52.7887,10.1886,0.0,15.9,13.6,0.199,13.2,0.199,2.01
2026-10-08,W0922,52.7887,10.1886,15.88,11.8,12.9,0.253,13.5,0.207,1.11
2026-10-09,W0922,52.7887,10.1886,4.9,9.6,10.3,0.242,11.4,0.218,0.55
2026-10-10,W0922,52.7887,10.1886,6.9,10.9,12.1,0.263,11.8,0.225,0.9
2026-10-11,W0922,52.7887,10.1886,3.6,10.3,10.5,0.244,11.3,0.228,1.31
2026-10-12,W0922,52.7887,10.1886,9.9,9.6,10.1,0.233,10.6,0.224,0.8
2026-10-06,W0923,52.7887,10.2182,0.0,14.0,12.8,0.221,12.1,0.229,1.34
2026-10-07,W0923,52.7887,10.2182,0.0,16.2,13.0,0.215,12.3,0.225,2.02
2026-10-08,W0923,52.7887,10.2182,16.1,11.9,12.4,0.265,12.6,0.234,1.11
2026-10-09,W0923,52.7887,10.2182,4.9,9.6,10.0,0.255,10.8,0.246,0.55
2026-10-10,W0923,52.7887,10.2182,6.9,10.8,11.9,0.276,11.4,0.253,0.9
2026-10-11,W0923,52.7887,10.2182,3.6,10.2,10.3,0.26,11.0,0.256,1.31
2026-10-12,W0923,52.7887,10.2182,9.9,9.6,9.8,0.251,10.2,0.252,0.8
2026-10-06,W0924,52.7887,10.2477,0.0,14.0,12.8,0.221,12.1,0.229,1.34
2026-10-07,W0924,52.7887,10.2477,0.0,15.9,13.0,0.215,12.3,0.225,2.0
2026-10-08,W0924,52.7887,10.2477,15.58,11.9,12.4,0.265,12.6,0.234,1.1
2026-10-09,W0924,52.7887,10.2477,4.4,9.7,10.0,0.255,10.8,0.246,0.55
2026-10-10,W0924,52.7887,10.2477,6.9,11.0,11.9,0.276,11.4,0.253,0.91
2026-10-11,W0924,52.7887,10.2477,3.6,10.3,10.3,0.26,11.0,0.256,1.31
2026-10-12,W0924,52.7887,10.2477,9.9,9.6,9.8,0.251,10.2,0.252,0.8
2026-10-06,W0925,52.7887,10.2772,0.0,14.0,12.8,0.221,12.1,0.229,1.36
2026-10-07,W0925,52.7887,10.2772,0.0,15.8,13.0,0.215,12.3,0.225,2.01
2026-10-08,W0925,52.7887,10.2772,15.23,11.9,12.4,0.265,12.6,0.234,1.1
2026-10-09,W0925,52.7887,10.2772,4.4,9.7,10.0,0.255,10.8,0.246,0.55
2026-10-10,W0925,52.7887,10.2772,6.9,11.0,11.9,0.276,11.4,0.253,0.91
2026-10-11,W0925,52.7887,10.2772,3.6,10.3,10.3,0.26,11.0,0.256,1.31
2026-10-12,W0925,52.7887,10.2772,9.9,9.7,9.8,0.251,10.2,0.252,0.8
2026-10-06,W0926,52.7887,10.3068,0.0,13.9,12.8,0.221,12.1,0.229,1.36
2026-10-07,W0926,52.7887,10.3068,0.0,15.8,13.0,0.215,12.3,0.225,2.01
2026-10-08,W0926,52.7887,10.3068,15.15,11.9,12.4,0.265,12.6,0.234,1.1
2026-10-09,W0926,52.7887,10.3068,3.9,9.5,10.0,0.255,10.8,0.246,0.57
2026-10-10,W0926,52.7887,10.3068,6.0,10.9,11.9,0.276,11.4,0.253,0.94
2026-10-11,W0926,52.7887,10.3068,3.6,10.3,10.3,0.26,11.0,0.256,1.32
2026-10-12,W0926,52.7887,10.3068,9.9,9.6,9.8,0.251,10.2,0.252,0.8
2026-10-06,W0927,52.7887,10.3363,0.0,13.8,13.4,0.223,12.9,0.227,1.34
2026-10-07,W0927,52.7887,10.3363,0.0,15.6,13.4,0.216,13.0,0.222,1.97
2026-10-08,W0927,52.7887,10.3363,14.2,11.7,12.9,0.258,13.3,0.227,1.09
2026-10-09,W0927,52.7887,10.3363,3.9,9.5,10.3,0.249,11.4,0.236,0.57
2026-10-10,W0927,52.7887,10.3363,6.0,10.8,12.1,0.265,11.8,0.241,0.94
2026-10-11,W0927,52.7887,10.3363,3.6,10.2,10.6,0.25,11.4,0.243,1.31
2026-10-12,W0927,52.7887,10.3363,9.9,9.6,10.2,0.241,10.7,0.239,0.8
2026-10-06,W0928,52.7887,10.3658,0.0,14.0,13.4,0.223,12.9,0.227,1.36
2026-10-07,W0928,52.7887,10.3658,0.0,15.9,13.4,0.216,13.0,0.222,1.98
2026-10-08,W0928,52.7887,10.3658,13.23,11.9,12.9,0.258,13.3,0.227,1.09
2026-10-09,W0928,52.7887,10.3658,3.8,9.5,10.3,0.249,11.4,0.236,0.57
2026-10-10,W0928,52.7887,10.3658,5.7,10.9,12.1,0.265,11.8,0.241,0.96
2026-10-11,W0928,52.7887,10.3658,3.45,10.3,10.6,0.25,11.4,0.243,1.32
2026-10-12,W0928,52.7887,10.3658,9.9,9.6,10.2,0.241,10.7,0.239,0.8
2026-10-06,W0929,52.7887,10.3954,0.0,14.1,13.2,0.194,12.5,0.189,1.4
2026-10-07,W0929,52.7887,10.3954,0.0,15.8,13.1,0.186,12.5,0.187,1.98
2026-10-08,W0929,52.7887,10.3954,12.13,11.9,12.6,0.259,12.8,0.206,1.09
2026-10-09,W0929,52.7887,10.3954,3.8,9.5,10.1,0.243,11.0,0.222,0.57
2026-10-10,W0929,52.7887,10.3954,5.7,10.9,11.9,0.258,11.5,0.228,0.96
2026-10-11,W0929,52.7887,10.3954,3.45,10.2,10.3,0.244,11.0,0.23,1.32
2026-10-12,W0929,52.7887,10.3954,9.9,9.6,9.8,0.238,10.3,0.229,0.8
2026-10-06,W0930,52.7887,10.4249,0.0,14.1,13.2,0.194,12.5,0.189,1.4
2026-10-07,W0930,52.7887,10.4249,0.0,15.8,13.1,0.186,12.5,0.187,1.98
2026-10-08,W0930,52.7887,10.4249,12.23,11.9,12.6,0.259,12.8,0.206,1.09
2026-10-09,W0930,52.7887,10.4249,3.2,9.5,10.1,0.243,11.0,0.222,0.58
2026-10-10,W0930,52.7887,10.4249,5.7,10.8,11.9,0.258,11.5,0.228,0.97
2026-10-11,W0930,52.7887,10.4249,3.45,10.2,10.3,0.244,11.0,0.23,1.32
2026-10-12,W0930,52.7887,10.4249,9.9,9.5,9.8,0.238,10.3,0.229,0.8
2026-10-06,W0931,52.7887,10.4545,0.0,14.0,13.2,0.194,12.5,0.189,1.42
2026-10-07,W0931,52.7887,10.4545,0.0,15.7,13.1,0.186,12.5,0.187,1.99
2026-10-08,W0931,52.7887,10.4545,12.08,11.9,12.6,0.259,12.8,0.206,1.09
2026-10-09,W0931,52.7887,10.4545,3.2,9.4,10.1,0.243,11.0,0.222,0.58
2026-10-10,W0931,52.7887,10.4545,5.7,10.8,11.9,0.258,11.5,0.228,0.97
2026-10-11,W0931,52.7887,10.4545,2.7,10.2,10.3,0.244,11.0,0.23,1.33
2026-10-12,W0931,52.7887,10.4545,10.8,9.5,9.8,0.238,10.3,0.229,0.79
2026-10-06,W0932,52.7887,10.484,0.0,14.0,13.7,0.183,13.0,0.162,1.43
2026-10-07,W0932,52.7887,10.484,0.0,15.5,13.4,0.174,12.9,0.162,1.96
2026-10-08,W0932,52.7887,10.484,11.98,11.8,12.9,0.242,13.2,0.174,1.12
2026-10-09,W0932,52.7887,10.484,3.2,9.4,10.3,0.228,11.4,0.19,0.61
2026-10-10,W0932,52.7887,10.484,5.4,10.8,12.1,0.242,11.7,0.197,1.02
2026-10-11,W0932,52.7887,10.484,2.7,10.1,10.6,0.226,11.3,0.203,1.34
2026-10-12,W0932,52.7887,10.484,10.8,9.4,10.2,0.217,10.7,0.203,0.79
2026-10-06,W0933,52.7887,10.5135,0.0,14.4,13.7,0.183,13.0,0.162,1.49
2026-10-07,W0933,52.7887,10.5135,0.0,15.9,13.4,0.174,12.9,0.162,1.99
2026-10-08,W0933,52.7887,10.5135,12.13,12.2,12.9,0.242,13.2,0.174,1.14
2026-10-09,W0933,52.7887,10.5135,3.2,9.5,10.3,0.228,11.4,0.19,0.62
2026-10-10,W0933,52.7887,10.5135,5.4,10.9,12.1,0.242,11.7,0.197,1.02
2026-10-11,W0933,52.7887,10.5135,2.7,10.3,10.6,0.226,11.3,0.203,1.35
2026-10-12,W0933,52.7887,10.5135,10.8,9.5,10.2,0.217,10.7,0.203,0.8
2026-10-06,W0934,52.7887,10.5431,0.0,14.4,12.9,0.152,11.6,0.106,1.48
2026-10-07,W0934,52.7887,10.5431,0.0,15.5,12.6,0.141,11.8,0.106,1.97
2026-10-08,W0934,52.7887,10.5431,12.3,12.1,12.2,0.215,12.1,0.114,1.17
2026-10-09,W0934,52.7887,10.5431,3.0,9.5,9.6,0.207,10.3,0.128,0.66
2026-10-10,W0934,52.7887,10.5431,4.8,11.0,11.7,0.219,10.8,0.136,1.07
2026-10-11,W0934,52.7887,10.5431,2.7,10.3,9.9,0.202,10.3,0.143,1.36
2026-10-12,W0934,52.7887,10.5431,10.8,9.5,9.5,0.192,9.6,0.145,0.8
2026-10-06,W0935,52.7887,10.5726,0.0,14.7,12.9,0.152,11.6,0.106,1.5
2026-10-07,W0935,52.7887,10.5726,0.0,15.4,12.6,0.141,11.8,0.106,1.96
2026-10-08,W0935,52.7887,10.5726,12.25,12.1,12.2,0.215,12.1,0.114,1.16
2026-10-09,W0935,52.7887,10.5726,3.0,9.6,9.6,0.207,10.3,0.128,0.66
2026-10-10,W0935,52.7887,10.5726,4.8,11.1,11.7,0.219,10.8,0.136,1.07
2026-10-11,W0935,52.7887,10.5726,1.5,10.4,9.9,0.202,10.3,0.143,1.49
2026-10-12,W0935,52.7887,10.5726,9.0,9.7,9.5,0.192,9.6,0.145,0.85
2026-10-06,W0936,52.7887,10.6021,0.0,14.7,12.9,0.152,11.6,0.106,1.5
2026-10-07,W0936,52.7887,10.6021,0.0,15.4,12.6,0.141,11.8,0.106,1.97
2026-10-08,W0936,52.7887,10.6021,12.35,12.2,12.2,0.215,12.1,0.114,1.24
2026-10-09,W0936,52.7887,10.6021,2.6,9.8,9.6,0.207,10.3,0.128,0.75
2026-10-10,W0936,52.7887,10.6021,4.2,11.3,11.7,0.219,10.8,0.136,1.2
2026-10-11,W0936,52.7887,10.6021,1.35,10.6,9.9,0.202,10.3,0.143,1.53
2026-10-12,W0936,52.7887,10.6021,9.0,9.8,9.5,0.192,9.6,0.145,0.85
2026-10-06,W1704,52.77973,10.61737,0.0,14.6,12.9,0.152,11.6,0.106,1.48
2026-10-07,W1704,52.77973,10.61737,0.0,15.1,12.6,0.141,11.8,0.106,1.98
2026-10-08,W1704,52.77973,10.61737,12.45,12.0,12.2,0.215,12.1,0.114,1.25
2026-10-09,W1704,52.77973,10.61737,3.0,9.8,9.6,0.207,10.3,0.128,0.79
2026-10-10,W1704,52.77973,10.61737,4.8,11.4,11.7,0.219,10.8,0.136,1.3
2026-10-11,W1704,52.77973,10.61737,1.65,10.7,9.9,0.202,10.3,0.143,1.55
2026-10-12,W1704,52.77973,10.61737,9.0,9.9,9.5,0.192,9.6,0.145,0.86
2026-10-06,W0937,52.7887,10.6612,0.0,14.4,13.4,0.152,12.3,0.101,1.47
2026-10-07,W0937,52.7887,10.6612,0.0,15.1,13.1,0.141,12.4,0.1,2.02
2026-10-08,W0937,52.7887,10.6612,11.58,12.0,12.6,0.203,12.8,0.105,1.26
2026-10-09,W0937,52.7887,10.6612,2.7,9.9,10.0,0.201,10.9,0.116,0.81
2026-10-10,W0937,52.7887,10.6612,4.2,11.5,12.0,0.213,11.2,0.123,1.26
2026-10-11,W0937,52.7887,10.6612,1.35,10.7,10.3,0.2,10.8,0.13,1.54
2026-10-12,W0937,52.7887,10.6612,9.0,9.9,10.0,0.192,10.2,0.134,0.86
2026-10-06,W0938,52.7887,10.6908,0.0,14.4,13.4,0.152,12.3,0.101,1.46
2026-10-07,W0938,52.7887,10.6908,0.0,15.5,13.1,0.141,12.4,0.1,2.14
2026-10-08,W0938,52.7887,10.6908,9.53,12.1,12.6,0.203,12.8,0.105,1.26
2026-10-09,W0938,52.7887,10.6908,2.7,9.9,10.0,0.201,10.9,0.116,0.81
2026-10-10,W0938,52.7887,10.6908,4.2,11.5,12.0,0.213,11.2,0.123,1.26
2026-10-11,W0938,52.7887,10.6908,1.05,10.7,10.3,0.2,10.8,0.13,1.58
2026-10-12,W0938,52.7887,10.6908,8.7,10.0,10.0,0.192,10.2,0.134,0.88
2026-10-06,W0939,52.7887,10.7203,0.0,14.3,13.1,0.149,11.7,0.099,1.45
2026-10-07,W0939,52.7887,10.7203,0.0,15.4,12.9,0.139,12.1,0.099,2.11
2026-10-08,W0939,52.7887,10.7203,8.58,12.0,12.6,0.207,12.6,0.105,1.25
2026-10-09,W0939,52.7887,10.7203,2.4,9.8,10.0,0.201,10.8,0.117,0.83
2026-10-10,W0939,52.7887,10.7203,4.5,11.4,11.9,0.208,11.1,0.123,1.3
2026-10-11,W0939,52.7887,10.7203,0.9,10.6,10.1,0.199,10.7,0.129,1.58
2026-10-12,W0939,52.7887,10.7203,8.7,9.9,9.8,0.191,10.0,0.133,0.88
2026-10-06,W0940,52.7887,10.7498,0.0,14.3,13.1,0.149,11.7,0.099,1.45
2026-10-07,W0940,52.7887,10.7498,0.0,15.5,12.9,0.139,12.1,0.099,2.11
2026-10-08,W0940,52.7887,10.7498,8.58,12.1,12.6,0.207,12.6,0.105,1.25
2026-10-09,W0940,52.7887,10.7498,2.4,9.9,10.0,0.201,10.8,0.117,0.83
2026-10-10,W0940,52.7887,10.7498,4.5,11.5,11.9,0.208,11.1,0.123,1.3
2026-10-11,W0940,52.7887,10.7498,0.9,10.7,10.1,0.199,10.7,0.129,1.58
2026-10-12,W0940,52.7887,10.7498,8.7,10.0,9.8,0.191,10.0,0.133,0.88
2026-10-06,W0941,52.7887,10.7794,0.0,14.1,13.1,0.149,11.7,0.099,1.43
2026-10-07,W0941,52.7887,10.7794,0.0,15.5,12.9,0.139,12.1,0.099,2.1
2026-10-08,W0941,52.7887,10.7794,7.52,12.1,12.6,0.207,12.6,0.105,1.25
2026-10-09,W0941,52.7887,10.7794,2.4,9.8,10.0,0.201,10.8,0.117,0.82
2026-10-10,W0941,52.7887,10.7794,4.5,11.4,11.9,0.208,11.1,0.123,1.3
2026-10-11,W0941,52.7887,10.7794,0.9,10.6,10.1,0.199,10.7,0.129,1.58
2026-10-12,W0941,52.7887,10.7794,8.7,9.9,9.8,0.191,10.0,0.133,0.88
2026-10-06,W0942,52.7887,10.8089,0.0,14.5,13.1,0.149,11.7,0.099,1.46
2026-10-07,W0942,52.7887,10.8089,0.0,15.5,12.9,0.139,12.1,0.099,2.05
2026-10-08,W0942,52.7887,10.8089,8.45,12.1,12.6,0.207,12.6,0.105,1.28
2026-10-09,W0942,52.7887,10.8089,2.7,9.7,10.0,0.201,10.8,0.117,0.85
2026-10-10,W0942,52.7887,10.8089,3.9,11.3,11.9,0.208,11.1,0.123,1.34
2026-10-11,W0942,52.7887,10.8089,0.9,10.4,10.1,0.199,10.7,0.129,1.58
2026-10-12,W0942,52.7887,10.8089,8.7,9.7,9.8,0.191,10.0,0.133,0.88
2026-10-06,W0943,52.7887,10.8384,0.0,14.8,13.5,0.146,12.2,0.092,1.47
2026-10-07,W0943,52.7887,10.8384,0.0,15.8,13.0,0.136,12.4,0.092,2.07
2026-10-08,W0943,52.7887,10.8384,8.45,12.5,12.8,0.18,12.8,0.093,1.29
2026-10-09,W0943,52.7887,10.8384,2.7,10.0,10.2,0.185,11.2,0.098,0.87
2026-10-10,W0943,52.7887,10.8384,3.9,11.6,12.2,0.193,11.4,0.103,1.35
2026-10-11,W0943,52.7887,10.8384,0.9,10.8,10.4,0.185,11.0,0.107,1.73
2026-10-12,W0943,52.7887,10.8384,6.9,10.1,10.1,0.179,10.4,0.11,0.93
2026-10-06,W0944,52.7887,10.868,0.0,14.8,13.5,0.146,12.2,0.092,1.48
2026-10-07,W0944,52.7887,10.868,0.0,15.8,13.0,0.136,12.4,0.092,2.07
2026-10-08,W0944,52.7887,10.868,8.92,12.7,12.8,0.18,12.8,0.093,1.33
2026-10-09,W0944,52.7887,10.868,2.6,10.1,10.2,0.185,11.2,0.098,0.91
2026-10-10,W0944,52.7887,10.868,3.6,11.7,12.2,0.193,11.4,0.103,1.43
2026-10-11,W0944,52.7887,10.868,0.9,10.9,10.4,0.185,11.0,0.107,1.75
2026-10-12,W0944,52.7887,10.868,6.9,10.1,10.1,0.179,10.4,0.11,0.93
2026-10-06,W0945,52.7887,10.8975,0.0,14.9,13.7,0.212,12.7,0.151,1.48
2026-10-07,W0945,52.7887,10.8975,0.0,15.6,13.6,0.202,13.0,0.151,2.05
2026-10-08,W0945,52.7887,10.8975,8.8,12.6,13.2,0.232,13.4,0.152,1.31
2026-10-09,W0945,52.7887,10.8975,2.6,10.1,10.7,0.239,11.9,0.154,0.91
2026-10-10,W0945,52.7887,10.8975,3.6,11.8,12.4,0.256,11.9,0.157,1.43
2026-10-11,W0945,52.7887,10.8975,0.9,11.0,10.7,0.253,11.5,0.16,1.75
2026-10-12,W0945,52.7887,10.8975,6.9,10.2,10.5,0.245,10.9,0.163,0.93
2026-10-06,W0946,52.7887,10.9271,0.0,14.8,13.7,0.212,12.7,0.151,1.49
2026-10-07,W0946,52.7887,10.9271,0.0,15.5,13.6,0.202,13.0,0.151,2.02
2026-10-08,W0946,52.7887,10.9271,8.6,12.4,13.2,0.232,13.4,0.152,1.33
2026-10-09,W0946,52.7887,10.9271,2.5,9.9,10.7,0.239,11.9,0.154,0.94
2026-10-10,W0946,52.7887,10.9271,3.6,11.7,12.4,0.256,11.9,0.157,1.49
2026-10-11,W0946,52.7887,10.9271,0.75,10.8,10.7,0.253,11.5,0.16,1.75
2026-10-12,W0946,52.7887,10.9271,6.9,10.0,10.5,0.245,10.9,0.163,0.93
2026-10-06,W0947,52.7887,10.9566,0.0,14.7,13.7,0.212,12.7,0.151,1.5
2026-10-07,W0947,52.7887,10.9566,0.0,15.6,13.6,0.202,13.0,0.151,2.03
2026-10-08,W0947,52.7887,10.9566,8.02,12.6,13.2,0.232,13.4,0.152,1.36
2026-10-09,W0947,52.7887,10.9566,2.5,9.9,10.7,0.239,11.9,0.154,0.95
2026-10-10,W0947,52.7887,10.9566,3.6,11.7,12.4,0.256,11.9,0.157,1.49
2026-10-11,W0947,52.7887,10.9566,0.75,10.8,10.7,0.253,11.5,0.16,1.75
2026-10-12,W0947,52.7887,10.9566,6.9,10.0,10.5,0.245,10.9,0.163,0.93
2026-10-06,W1705,52.77973,10.97214,0.0,15.0,13.7,0.212,12.7,0.151,1.5
2026-10-07,W1705,52.77973,10.97214,0.0,15.9,13.6,0.202,13.0,0.151,2.07
2026-10-08,W1705,52.77973,10.97214,8.18,12.9,13.2,0.232,13.4,0.152,1.41
2026-10-09,W1705,52.77973,10.97214,2.2,10.1,10.7,0.239,11.9,0.154,0.97
2026-10-10,W1705,52.77973,10.97214,3.6,11.8,12.4,0.256,11.9,0.157,1.59
2026-10-11,W1705,52.77973,10.97214,0.9,11.0,10.7,0.253,11.5,0.16,1.77
2026-10-12,W1705,52.77973,10.97214,6.9,10.2,10.5,0.245,10.9,0.163,0.93
2026-10-06,W0948,52.7887,11.0157,0.0,15.2,13.7,0.223,12.7,0.178,1.5
2026-10-07,W0948,52.7887,11.0157,0.0,16.2,13.4,0.211,12.9,0.178,2.09
2026-10-08,W0948,52.7887,11.0157,8.88,13.0,13.0,0.255,13.2,0.178,1.41
2026-10-09,W0948,52.7887,11.0157,2.5,10.2,10.6,0.267,11.7,0.182,0.96
2026-10-10,W0948,52.7887,11.0157,3.3,11.9,12.3,0.304,11.8,0.19,1.54
2026-10-11,W0948,52.7887,11.0157,0.75,11.1,10.7,0.284,11.4,0.197,1.77
2026-10-12,W0948,52.7887,11.0157,6.9,10.3,10.5,0.269,10.9,0.201,0.93
2026-10-06,W0949,52.7887,11.0452,0.0,15.2,13.7,0.223,12.7,0.178,1.5
2026-10-07,W0949,52.7887,11.0452,0.0,15.9,13.4,0.211,12.9,0.178,2.08
2026-10-08,W0949,52.7887,11.0452,9.35,12.8,13.0,0.255,13.2,0.178,1.38
2026-10-09,W0949,52.7887,11.0452,2.5,10.2,10.6,0.267,11.7,0.182,0.96
2026-10-10,W0949,52.7887,11.0452,3.3,11.9,12.3,0.304,11.8,0.19,1.58
2026-10-11,W0949,52.7887,11.0452,0.75,11.0,10.7,0.284,11.4,0.197,1.77
2026-10-12,W0949,52.7887,11.0452,6.9,10.2,10.5,0.269,10.9,0.201,0.93
2026-10-06,W0950,52.7887,11.0747,0.0,15.0,14.2,0.184,13.3,0.136,1.52
2026-10-07,W0950,52.7887,11.0747,0.0,15.3,14.2,0.175,13.7,0.136,2.03
2026-10-08,W0950,52.7887,11.0747,10.98,12.4,13.6,0.207,14.0,0.136,1.33
2026-10-09,W0950,52.7887,11.0747,2.5,10.0,10.9,0.222,12.4,0.138,0.95
2026-10-10,W0950,52.7887,11.0747,3.3,11.7,12.6,0.252,12.3,0.141,1.56
2026-10-11,W0950,52.7887,11.0747,0.6,11.0,11.0,0.243,11.9,0.144,1.85
2026-10-12,W0950,52.7887,11.0747,7.5,10.0,10.8,0.234,11.3,0.147,1.0
2026-10-06,W0951,52.7887,11.1043,0.0,14.9,14.2,0.184,13.3,0.136,1.47
2026-10-07,W0951,52.7887,11.1043,0.0,15.8,14.2,0.175,13.7,0.136,2.04
2026-10-08,W0951,52.7887,11.1043,10.75,12.6,13.6,0.207,14.0,0.136,1.34
2026-10-09,W0951,52.7887,11.1043,2.5,10.1,10.9,0.222,12.4,0.138,0.97
2026-10-10,W0951,52.7887,11.1043,3.3,11.9,12.6,0.252,12.3,0.141,1.55
2026-10-11,W0951,52.7887,11.1043,0.6,11.1,11.0,0.243,11.9,0.144,1.86
2026-10-12,W0951,52.7887,11.1043,7.5,10.1,10.8,0.234,11.3,0.147,1.01
2026-10-06,W0952,52.7887,11.1338,0.0,14.7,14.2,0.184,13.3,0.136,1.47
2026-10-07,W0952,52.7887,11.1338,0.0,15.2,14.2,0.175,13.7,0.136,2.06
2026-10-08,W0952,52.7887,11.1338,11.53,12.2,13.6,0.207,14.0,0.136,1.32
2026-10-09,W0952,52.7887,11.1338,2.5,10.2,10.9,0.222,12.4,0.138,0.98
2026-10-10,W0952,52.7887,11.1338,3.3,12.0,12.6,0.252,12.3,0.141,1.56
2026-10-11,W0952,52.7887,11.1338,0.6,11.2,11.0,0.243,11.9,0.144,1.86
2026-10-12,W0952,52.7887,11.1338,7.5,10.2,10.8,0.234,11.3,0.147,1.01
2026-10-06,W1706,52.77973,11.14953,0.0,14.7,14.2,0.184,13.3,0.136,1.47
2026-10-07,W1706,52.77973,11.14953,0.0,15.2,14.2,0.175,13.7,0.136,2.06
2026-10-08,W1706,52.77973,11.14953,11.45,12.2,13.6,0.207,14.0,0.136,1.31
2026-10-09,W1706,52.77973,11.14953,2.2,10.2,10.9,0.222,12.4,0.138,1.02
2026-10-10,W1706,52.77973,11.14953,3.3,11.9,12.6,0.252,12.3,0.141,1.65
2026-10-11,W1706,52.77973,11.14953,0.6,11.2,11.0,0.243,11.9,0.144,1.88
2026-10-12,W1706,52.77973,11.14953,7.5,10.3,10.8,0.234,11.3,0.147,1.01
2026-10-06,W1707,52.79775,10.11478,0.0,14.2,13.4,0.21,13.0,0.204,1.3
2026-10-07,W1707,52.79775,10.11478,0.0,15.8,13.6,0.199,13.2,0.199,2.01
2026-10-08,W1707,52.79775,10.11478,12.98,12.1,12.9,0.253,13.5,0.207,1.17
2026-10-09,W1707,52.79775,10.11478,5.3,9.9,10.3,0.242,11.4,0.218,0.61
2026-10-10,W1707,52.79775,10.11478,6.3,11.1,12.1,0.263,11.8,0.225,0.97
2026-10-11,W1707,52.79775,10.11478,3.75,10.5,10.5,0.244,11.3,0.228,1.32
2026-10-12,W1707,52.79775,10.11478,8.4,10.0,10.1,0.233,10.6,0.224,0.89
2026-10-06,W1771,52.79775,10.14435,0.0,14.0,13.4,0.21,13.0,0.204,1.29
2026-10-07,W1771,52.79775,10.14435,0.0,15.6,13.6,0.199,13.2,0.199,2.0
2026-10-08,W1771,52.79775,10.14435,12.98,11.9,12.9,0.253,13.5,0.207,1.16
2026-10-09,W1771,52.79775,10.14435,5.3,9.6,10.3,0.242,11.4,0.218,0.61
2026-10-10,W1771,52.79775,10.14435,6.3,10.9,12.1,0.263,11.8,0.225,0.96
2026-10-11,W1771,52.79775,10.14435,3.75,10.3,10.5,0.244,11.3,0.228,1.31
2026-10-12,W1771,52.79775,10.14435,8.4,9.7,10.1,0.233,10.6,0.224,0.88
2026-10-06,W1772,52.79775,10.17391,0.0,13.9,13.4,0.21,13.0,0.204,1.33
2026-10-07,W1772,52.79775,10.17391,0.0,15.9,13.6,0.199,13.2,0.199,2.01
2026-10-08,W1772,52.79775,10.17391,14.98,11.7,12.9,0.253,13.5,0.207,1.11
2026-10-09,W1772,52.79775,10.17391,4.9,9.5,10.3,0.242,11.4,0.218,0.55
2026-10-10,W1772,52.79775,10.17391,6.9,10.8,12.1,0.263,11.8,0.225,0.9
2026-10-11,W1772,52.79775,10.17391,3.6,10.2,10.5,0.244,11.3,0.228,1.29
2026-10-12,W1772,52.79775,10.17391,8.4,9.6,10.1,0.233,10.6,0.224,0.88
2026-10-06,W1773,52.79775,10.20347,0.0,14.0,13.4,0.21,13.0,0.204,1.39
2026-10-07,W1773,52.79775,10.20347,0.0,16.0,13.6,0.199,13.2,0.199,2.0
2026-10-08,W1773,52.79775,10.20347,15.5,11.9,12.9,0.253,13.5,0.207,1.11
2026-10-09,W1773,52.79775,10.20347,4.9,9.5,10.3,0.242,11.4,0.218,0.55
2026-10-10,W1773,52.79775,10.20347,6.9,10.8,12.1,0.263,11.8,0.225,0.9
2026-10-11,W1773,52.79775,10.20347,3.6,10.2,10.5,0.244,11.3,0.228,1.31
2026-10-12,W1773,52.79775,10.20347,9.9,9.5,10.1,0.233,10.6,0.224,0.8
2026-10-06,W1774,52.79775,10.23304,0.0,14.0,12.8,0.221,12.1,0.229,1.39
2026-10-07,W1774,52.79775,10.23304,0.0,16.0,13.0,0.215,12.3,0.225,2.0
2026-10-08,W1774,52.79775,10.23304,15.33,12.0,12.4,0.265,12.6,0.234,1.11
2026-10-09,W1774,52.79775,10.23304,4.4,9.6,10.0,0.255,10.8,0.246,0.55
2026-10-10,W1774,52.79775,10.23304,6.9,10.9,11.9,0.276,11.4,0.253,0.91
2026-10-11,W1774,52.79775,10.23304,3.6,10.2,10.3,0.26,11.0,0.256,1.31
2026-10-12,W1774,52.79775,10.23304,9.9,9.6,9.8,0.251,10.2,0.252,0.8
2026-10-06,W1775,52.79775,10.2626,0.0,14.1,12.8,0.221,12.1,0.229,1.39
2026-10-07,W1775,52.79775,10.2626,0.0,16.0,13.0,0.215,12.3,0.225,2.01
2026-10-08,W1775,52.79775,10.2626,15.88,12.0,12.4,0.265,12.6,0.234,1.1
2026-10-09,W1775,52.79775,10.2626,4.4,9.6,10.0,0.255,10.8,0.246,0.55
2026-10-10,W1775,52.79775,10.2626,6.9,10.9,11.9,0.276,11.4,0.253,0.91
2026-10-11,W1775,52.79775,10.2626,3.6,10.3,10.3,0.26,11.0,0.256,1.31
2026-10-12,W1775,52.79775,10.2626,9.9,9.6,9.8,0.251,10.2,0.252,0.8
2026-10-06,W1776,52.79775,10.29217,0.0,14.5,13.4,0.223,12.9,0.227,1.45
2026-10-07,W1776,52.79775,10.29217,0.0,16.2,13.4,0.216,13.0,0.222,2.03
2026-10-08,W1776,52.79775,10.29217,15.67,12.2,12.9,0.258,13.3,0.227,1.12
2026-10-09,W1776,52.79775,10.29217,3.9,9.7,10.3,0.249,11.4,0.236,0.57
2026-10-10,W1776,52.79775,10.29217,6.0,11.0,12.1,0.265,11.8,0.241,0.95
2026-10-11,W1776,52.79775,10.29217,3.6,10.4,10.6,0.25,11.4,0.243,1.32
2026-10-12,W1776,52.79775,10.29217,9.9,9.7,10.2,0.241,10.7,0.239,0.8
2026-10-06,W1777,52.79775,10.32173,0.0,14.1,13.4,0.223,12.9,0.227,1.44
2026-10-07,W1777,52.79775,10.32173,0.0,15.8,13.4,0.216,13.0,0.222,1.99
2026-10-08,W1777,52.79775,10.32173,15.13,11.9,12.9,0.258,13.3,0.227,1.1
2026-10-09,W1777,52.79775,10.32173,3.9,9.4,10.3,0.249,11.4,0.236,0.57
2026-10-10,W1777,52.79775,10.32173,6.0,10.8,12.1,0.265,11.8,0.241,0.94
2026-10-11,W1777,52.79775,10.32173,3.6,10.2,10.6,0.25,11.4,0.243,1.31
2026-10-12,W1777,52.79775,10.32173,9.9,9.5,10.2,0.241,10.7,0.239,0.8
2026-10-06,W1778,52.79775,10.3513,0.0,13.9,13.4,0.223,12.9,0.227,1.45
2026-10-07,W1778,52.79775,10.3513,0.0,15.7,13.4,0.216,13.0,0.222,1.96
2026-10-08,W1778,52.79775,10.3513,13.9,11.9,12.9,0.258,13.3,0.227,1.09
2026-10-09,W1778,52.79775,10.3513,3.8,9.4,10.3,0.249,11.4,0.236,0.57
2026-10-10,W1778,52.79775,10.3513,5.7,10.8,12.1,0.265,11.8,0.241,0.96
2026-10-11,W1778,52.79775,10.3513,3.45,10.1,10.6,0.25,11.4,0.243,1.31
2026-10-12,W1778,52.79775,10.3513,9.9,9.5,10.2,0.241,10.7,0.239,0.8
2026-10-06,W1779,52.79775,10.38086,0.0,14.4,13.2,0.194,12.5,0.189,1.48
2026-10-07,W1779,52.79775,10.38086,0.0,15.8,13.1,0.186,12.5,0.187,1.97
2026-10-08,W1779,52.79775,10.38086,13.05,12.0,12.6,0.259,12.8,0.206,1.09
2026-10-09,W1779,52.79775,10.38086,3.8,9.6,10.1,0.243,11.0,0.222,0.57
2026-10-10,W1779,52.79775,10.38086,5.7,11.0,11.9,0.258,11.5,0.228,0.96
2026-10-11,W1779,52.79775,10.38086,3.45,10.3,10.3,0.244,11.0,0.23,1.33
2026-10-12,W1779,52.79775,10.38086,9.9,9.7,9.8,0.238,10.3,0.229,0.8
2026-10-06,W1780,52.79775,10.41042,0.0,14.1,13.2,0.194,12.5,0.189,1.43
2026-10-07,W1780,52.79775,10.41042,0.0,15.5,13.1,0.186,12.5,0.187,1.95
2026-10-08,W1780,52.79775,10.41042,12.38,11.8,12.6,0.259,12.8,0.206,1.08
2026-10-09,W1780,52.79775,10.41042,3.2,9.5,10.1,0.243,11.0,0.222,0.58
2026-10-10,W1780,52.79775,10.41042,5.7,10.9,11.9,0.258,11.5,0.228,0.97
2026-10-11,W1780,52.79775,10.41042,3.45,10.2,10.3,0.244,11.0,0.23,1.32
2026-10-12,W1780,52.79775,10.41042,9.9,9.5,9.8,0.238,10.3,0.229,0.8
2026-10-06,W1781,52.79775,10.43999,0.0,14.1,13.2,0.194,12.5,0.189,1.44
2026-10-07,W1781,52.79775,10.43999,0.0,15.6,13.1,0.186,12.5,0.187,1.97
2026-10-08,W1781,52.79775,10.43999,12.0,11.8,12.6,0.259,12.8,0.206,1.09
2026-10-09,W1781,52.79775,10.43999,3.2,9.3,10.1,0.243,11.0,0.222,0.58
2026-10-10,W1781,52.79775,10.43999,5.7,10.7,11.9,0.258,11.5,0.228,0.97
2026-10-11,W1781,52.79775,10.43999,2.7,10.1,10.3,0.244,11.0,0.23,1.33
2026-10-12,W1781,52.79775,10.43999,10.8,9.4,9.8,0.238,10.3,0.229,0.79
2026-10-06,W1782,52.79775,10.46955,0.0,14.0,13.7,0.183,13.0,0.162,1.43
2026-10-07,W1782,52.79775,10.46955,0.0,15.5,13.4,0.174,12.9,0.162,1.96
2026-10-08,W1782,52.79775,10.46955,11.98,11.8,12.9,0.242,13.2,0.174,1.12
2026-10-09,W1782,52.79775,10.46955,3.2,9.4,10.3,0.228,11.4,0.19,0.62
2026-10-10,W1782,52.79775,10.46955,5.4,10.8,12.1,0.242,11.7,0.197,1.02
2026-10-11,W1782,52.79775,10.46955,2.7,10.1,10.6,0.226,11.3,0.203,1.34
2026-10-12,W1782,52.79775,10.46955,10.8,9.4,10.2,0.217,10.7,0.203,0.79
2026-10-06,W1708,52.79775,10.49912,0.0,14.1,13.7,0.183,13.0,0.162,1.48
2026-10-07,W1708,52.79775,10.49912,0.0,15.8,13.4,0.174,12.9,0.162,1.98
2026-10-08,W1708,52.79775,10.49912,11.75,12.0,12.9,0.242,13.2,0.174,1.13
2026-10-09,W1708,52.79775,10.49912,3.2,9.5,10.3,0.228,11.4,0.19,0.62
2026-10-10,W1708,52.79775,10.49912,5.4,10.9,12.1,0.242,11.7,0.197,1.02
2026-10-11,W1708,52.79775,10.49912,2.7,10.2,10.6,0.226,11.3,0.203,1.35
2026-10-12,W1708,52.79775,10.49912,10.8,9.5,10.2,0.217,10.7,0.203,0.79
2026-10-06,W1709,52.79775,10.52868,0.0,14.4,13.7,0.183,13.0,0.162,1.49
2026-10-07,W1709,52.79775,10.52868,0.0,15.6,13.4,0.174,12.9,0.162,1.96
2026-10-08,W1709,52.79775,10.52868,12.33,12.1,12.9,0.242,13.2,0.174,1.14
2026-10-09,W1709,52.79775,10.52868,3.2,9.5,10.3,0.228,11.4,0.19,0.62
2026-10-10,W1709,52.79775,10.52868,5.4,10.9,12.1,0.242,11.7,0.197,1.02
2026-10-11,W1709,52.79775,10.52868,2.7,10.3,10.6,0.226,11.3,0.203,1.35
2026-10-12,W1709,52.79775,10.52868,10.8,9.5,10.2,0.217,10.7,0.203,0.8
2026-10-06,W1710,52.79775,10.55825,0.0,14.5,12.9,0.152,11.6,0.106,1.48
2026-10-07,W1710,52.79775,10.55825,0.0,15.4,12.6,0.141,11.8,0.106,1.95
2026-10-08,W1710,52.79775,10.55825,11.68,12.1,12.2,0.215,12.1,0.114,1.16
2026-10-09,W1710,52.79775,10.55825,3.0,9.7,9.6,0.207,10.3,0.128,0.66
2026-10-10,W1710,52.79775,10.55825,4.8,11.1,11.7,0.219,10.8,0.136,1.08
2026-10-11,W1710,52.79775,10.55825,2.7,10.4,9.9,0.202,10.3,0.143,1.37
2026-10-12,W1710,52.79775,10.55825,10.8,9.6,9.5,0.192,9.6,0.145,0.8
2026-10-06,W1711,52.79775,10.58781,0.0,14.5,12.9,0.152,11.6,0.106,1.48
2026-10-07,W1711,52.79775,10.58781,0.0,15.3,12.6,0.141,11.8,0.106,1.95
2026-10-08,W1711,52.79775,10.58781,12.28,12.1,12.2,0.215,12.1,0.114,1.16
2026-10-09,W1711,52.79775,10.58781,3.0,9.7,9.6,0.207,10.3,0.128,0.66
2026-10-10,W1711,52.79775,10.58781,4.8,11.2,11.7,0.219,10.8,0.136,1.08
2026-10-11,W1711,52.79775,10.58781,1.5,10.5,9.9,0.202,10.3,0.143,1.49
2026-10-12,W1711,52.79775,10.58781,9.0,9.8,9.5,0.192,9.6,0.145,0.85
2026-10-06,W1712,52.79775,10.61737,0.0,14.6,13.4,0.152,12.3,0.101,1.47
2026-10-07,W1712,52.79775,10.61737,0.0,15.0,13.1,0.141,12.4,0.1,1.98
2026-10-08,W1712,52.79775,10.61737,12.32,11.9,12.6,0.203,12.8,0.105,1.23
2026-10-09,W1712,52.79775,10.61737,2.6,9.8,10.0,0.201,10.9,0.116,0.75
2026-10-10,W1712,52.79775,10.61737,4.2,11.4,12.0,0.213,11.2,0.123,1.21
2026-10-11,W1712,52.79775,10.61737,1.35,10.6,10.3,0.2,10.8,0.13,1.53
2026-10-12,W1712,52.79775,10.61737,9.0,9.9,10.0,0.192,10.2,0.134,0.86
2026-10-06,W1713,52.79775,10.64694,0.0,14.6,13.4,0.152,12.3,0.101,1.47
2026-10-07,W1713,52.79775,10.64694,0.0,15.0,13.1,0.141,12.4,0.1,1.98
2026-10-08,W1713,52.79775,10.64694,12.32,11.9,12.6,0.203,12.8,0.105,1.23
2026-10-09,W1713,52.79775,10.64694,2.6,9.9,10.0,0.201,10.9,0.116,0.75
2026-10-10,W1713,52.79775,10.64694,4.2,11.4,12.0,0.213,11.2,0.123,1.21
2026-10-11,W1713,52.79775,10.64694,1.35,10.7,10.3,0.2,10.8,0.13,1.53
2026-10-12,W1713,52.79775,10.64694,9.0,9.9,10.0,0.192,10.2,0.134,0.86
2026-10-06,W1714,52.79775,10.6765,0.0,14.5,13.4,0.152,12.3,0.101,1.45
2026-10-07,W1714,52.79775,10.6765,0.0,15.5,13.1,0.141,12.4,0.1,2.1
2026-10-08,W1714,52.79775,10.6765,11.5,12.1,12.6,0.203,12.8,0.105,1.26
2026-10-09,W1714,52.79775,10.6765,2.7,9.9,10.0,0.201,10.9,0.116,0.82
2026-10-10,W1714,52.79775,10.6765,4.2,11.5,12.0,0.213,11.2,0.123,1.27
2026-10-11,W1714,52.79775,10.6765,1.35,10.7,10.3,0.2,10.8,0.13,1.55
2026-10-12,W1714,52.79775,10.6765,9.0,10.0,10.0,0.192,10.2,0.134,0.86
2026-10-06,W1715,52.79775,10.70607,0.0,14.4,13.4,0.152,12.3,0.101,1.42
2026-10-07,W1715,52.79775,10.70607,0.0,15.7,13.1,0.141,12.4,0.1,2.09
2026-10-08,W1715,52.79775,10.70607,10.2,12.1,12.6,0.203,12.8,0.105,1.26
2026-10-09,W1715,52.79775,10.70607,2.7,9.9,10.0,0.201,10.9,0.116,0.81
2026-10-10,W1715,52.79775,10.70607,4.2,11.5,12.0,0.213,11.2,0.123,1.26
2026-10-11,W1715,52.79775,10.70607,1.05,10.7,10.3,0.2,10.8,0.13,1.58
2026-10-12,W1715,52.79775,10.70607,8.7,10.0,10.0,0.192,10.2,0.134,0.88
2026-10-06,W1716,52.79775,10.73563,0.0,14.4,13.1,0.149,11.7,0.099,1.42
2026-10-07,W1716,52.79775,10.73563,0.0,15.7,12.9,0.139,12.1,0.099,2.07
2026-10-08,W1716,52.79775,10.73563,7.93,12.2,12.6,0.207,12.6,0.105,1.26
2026-10-09,W1716,52.79775,10.73563,2.4,9.9,10.0,0.201,10.8,0.117,0.83
2026-10-10,W1716,52.79775,10.73563,4.5,11.5,11.9,0.208,11.1,0.123,1.3
2026-10-11,W1716,52.79775,10.73563,0.9,10.7,10.1,0.199,10.7,0.129,1.58
2026-10-12,W1716,52.79775,10.73563,8.7,10.0,9.8,0.191,10.0,0.133,0.88
2026-10-06,W1717,52.79775,10.76519,0.0,14.5,13.1,0.149,11.7,0.099,1.42
2026-10-07,W1717,52.79775,10.76519,0.0,15.8,12.9,0.139,12.1,0.099,2.07
2026-10-08,W1717,52.79775,10.76519,7.93,12.2,12.6,0.207,12.6,0.105,1.26
2026-10-09,W1717,52.79775,10.76519,2.4,9.9,10.0,0.201,10.8,0.117,0.83
2026-10-10,W1717,52.79775,10.76519,4.5,11.5,11.9,0.208,11.1,0.123,1.3
2026-10-11,W1717,52.79775,10.76519,0.9,10.7,10.1,0.199,10.7,0.129,1.59
2026-10-12,W1717,52.79775,10.76519,8.7,10.0,9.8,0.191,10.0,0.133,0.88
2026-10-06,W1783,52.79775,10.79476,0.0,14.4,13.5,0.146,12.2,0.092,1.41
2026-10-07,W1783,52.79775,10.79476,0.0,15.6,13.0,0.136,12.4,0.092,2.02
2026-10-08,W1783,52.79775,10.79476,7.65,12.2,12.8,0.18,12.8,0.093,1.27
2026-10-09,W1783,52.79775,10.79476,2.7,9.7,10.2,0.185,11.2,0.098,0.85
2026-10-10,W1783,52.79775,10.79476,3.9,11.3,12.2,0.193,11.4,0.103,1.34
2026-10-11,W1783,52.79775,10.79476,0.9,10.4,10.4,0.185,11.0,0.107,1.58
2026-10-12,W1783,52.79775,10.79476,8.7,9.7,10.1,0.179,10.4,0.11,0.88
2026-10-06,W1718,52.79775,10.82432,0.0,14.6,13.5,0.146,12.2,0.092,1.42
2026-10-07,W1718,52.79775,10.82432,0.0,15.7,13.0,0.136,12.4,0.092,2.03
2026-10-08,W1718,52.79775,10.82432,7.65,12.3,12.8,0.18,12.8,0.093,1.27
2026-10-09,W1718,52.79775,10.82432,2.7,9.8,10.2,0.185,11.2,0.098,0.86
2026-10-10,W1718,52.79775,10.82432,3.9,11.4,12.2,0.193,11.4,0.103,1.34
2026-10-11,W1718,52.79775,10.82432,0.9,10.7,10.4,0.185,11.0,0.107,1.72
2026-10-12,W1718,52.79775,10.82432,6.9,9.9,10.1,0.179,10.4,0.11,0.92
2026-10-06,W1719,52.79775,10.85389,0.0,14.7,13.5,0.146,12.2,0.092,1.45
2026-10-07,W1719,52.79775,10.85389,0.0,15.4,13.0,0.136,12.4,0.092,2.06
2026-10-08,W1719,52.79775,10.85389,8.33,12.4,12.8,0.18,12.8,0.093,1.3
2026-10-09,W1719,52.79775,10.85389,2.6,10.1,10.2,0.185,11.2,0.098,0.9
2026-10-10,W1719,52.79775,10.85389,3.6,11.7,12.2,0.193,11.4,0.103,1.42
2026-10-11,W1719,52.79775,10.85389,0.9,10.9,10.4,0.185,11.0,0.107,1.74
2026-10-12,W1719,52.79775,10.85389,6.9,10.1,10.1,0.179,10.4,0.11,0.93
2026-10-06,W1720,52.79775,10.88345,0.0,14.6,13.7,0.212,12.7,0.151,1.46
2026-10-07,W1720,52.79775,10.88345,0.0,15.3,13.6,0.202,13.0,0.151,2.05
2026-10-08,W1720,52.79775,10.88345,8.83,12.4,13.2,0.232,13.4,0.152,1.29
2026-10-09,W1720,52.79775,10.88345,2.6,10.0,10.7,0.239,11.9,0.154,0.9
2026-10-10,W1720,52.79775,10.88345,3.6,11.7,12.4,0.256,11.9,0.157,1.42
2026-10-11,W1720,52.79775,10.88345,0.9,10.9,10.7,0.253,11.5,0.16,1.74
2026-10-12,W1720,52.79775,10.88345,6.9,10.1,10.5,0.245,10.9,0.163,0.93
2026-10-06,W1721,52.79775,10.91302,0.0,14.6,13.7,0.212,12.7,0.151,1.45
2026-10-07,W1721,52.79775,10.91302,0.0,15.4,13.6,0.202,13.0,0.151,2.06
2026-10-08,W1721,52.79775,10.91302,9.08,12.4,13.2,0.232,13.4,0.152,1.32
2026-10-09,W1721,52.79775,10.91302,2.5,10.1,10.7,0.239,11.9,0.154,0.95
2026-10-10,W1721,52.79775,10.91302,3.6,11.8,12.4,0.256,11.9,0.157,1.5
2026-10-11,W1721,52.79775,10.91302,0.75,10.9,10.7,0.253,11.5,0.16,1.76
2026-10-12,W1721,52.79775,10.91302,6.9,10.2,10.5,0.245,10.9,0.163,0.93
2026-10-06,W1722,52.79775,10.94258,0.0,14.6,13.7,0.212,12.7,0.151,1.5
2026-10-07,W1722,52.79775,10.94258,0.0,15.5,13.6,0.202,13.0,0.151,2.06
2026-10-08,W1722,52.79775,10.94258,8.9,12.5,13.2,0.232,13.4,0.152,1.34
2026-10-09,W1722,52.79775,10.94258,2.5,10.1,10.7,0.239,11.9,0.154,0.95
2026-10-10,W1722,52.79775,10.94258,3.6,11.8,12.4,0.256,11.9,0.157,1.5
2026-10-11,W1722,52.79775,10.94258,0.75,10.9,10.7,0.253,11.5,0.16,1.76
2026-10-12,W1722,52.79775,10.94258,6.9,10.1,10.5,0.245,10.9,0.163,0.93
2026-10-06,W1723,52.79775,10.97214,0.0,14.6,13.7,0.223,12.7,0.178,1.5
2026-10-07,W1723,52.79775,10.97214,0.0,15.4,13.4,0.211,12.9,0.178,2.06
2026-10-08,W1723,52.79775,10.97214,8.85,12.6,13.0,0.255,13.2,0.178,1.36
2026-10-09,W1723,52.79775,10.97214,2.5,10.1,10.6,0.267,11.7,0.182,0.95
2026-10-10,W1723,52.79775,10.97214,3.3,11.9,12.3,0.304,11.8,0.19,1.53
2026-10-11,W1723,52.79775,10.97214,0.75,11.0,10.7,0.284,11.4,0.197,1.76
2026-10-12,W1723,52.79775,10.97214,6.9,10.2,10.5,0.269,10.9,0.201,0.93
2026-10-06,W1724,52.79775,11.00171,0.0,14.6,13.7,0.223,12.7,0.178,1.5
2026-10-07,W1724,52.79775,11.00171,0.0,15.5,13.4,0.211,12.9,0.178,2.07
2026-10-08,W1724,52.79775,11.00171,8.35,12.7,13.0,0.255,13.2,0.178,1.37
2026-10-09,W1724,52.79775,11.00171,2.5,10.1,10.6,0.267,11.7,0.182,0.95
2026-10-10,W1724,52.79775,11.00171,3.3,11.8,12.3,0.304,11.8,0.19,1.53
2026-10-11,W1724,52.79775,11.00171,0.75,10.9,10.7,0.284,11.4,0.197,1.76
2026-10-12,W1724,52.79775,11.00171,6.9,10.1,10.5,0.269,10.9,0.201,0.93
2026-10-06,W1725,52.79775,11.03127,0.0,15.1,13.7,0.223,12.7,0.178,1.52
2026-10-07,W1725,52.79775,11.03127,0.0,15.9,13.4,0.211,12.9,0.178,2.11
2026-10-08,W1725,52.79775,11.03127,9.35,12.8,13.0,0.255,13.2,0.178,1.38
2026-10-09,W1725,52.79775,11.03127,2.5,10.2,10.6,0.267,11.7,0.182,0.96
2026-10-10,W1725,52.79775,11.03127,3.3,12.0,12.3,0.304,11.8,0.19,1.58
2026-10-11,W1725,52.79775,11.03127,0.75,11.1,10.7,0.284,11.4,0.197,1.77
2026-10-12,W1725,52.79775,11.03127,6.9,10.3,10.5,0.269,10.9,0.201,0.93
2026-10-06,W1726,52.79775,11.06084,0.0,14.8,14.2,0.184,13.3,0.136,1.49
2026-10-07,W1726,52.79775,11.06084,0.0,15.7,14.2,0.175,13.7,0.136,2.08
2026-10-08,W1726,52.79775,11.06084,9.95,12.6,13.6,0.207,14.0,0.136,1.36
2026-10-09,W1726,52.79775,11.06084,2.5,10.1,10.9,0.222,12.4,0.138,0.95
2026-10-10,W1726,52.79775,11.06084,3.3,11.8,12.6,0.252,12.3,0.141,1.57
2026-10-11,W1726,52.79775,11.06084,0.75,10.9,11.0,0.243,11.9,0.144,1.76
2026-10-12,W1726,52.79775,11.06084,6.9,10.1,10.8,0.234,11.3,0.147,0.93
2026-10-06,W1727,52.79775,11.0904,0.0,15.1,14.2,0.184,13.3,0.136,1.48
2026-10-07,W1727,52.79775,11.0904,0.0,15.5,14.2,0.175,13.7,0.136,2.04
2026-10-08,W1727,52.79775,11.0904,11.28,12.3,13.6,0.207,14.0,0.136,1.32
2026-10-09,W1727,52.79775,11.0904,2.5,10.1,10.9,0.222,12.4,0.138,0.96
2026-10-10,W1727,52.79775,11.0904,3.3,11.8,12.6,0.252,12.3,0.141,1.57
2026-10-11,W1727,52.79775,11.0904,0.6,11.1,11.0,0.243,11.9,0.144,1.86
2026-10-12,W1727,52.79775,11.0904,7.5,10.1,10.8,0.234,11.3,0.147,1.01
2026-10-06,W1728,52.79775,11.11997,0.0,15.2,14.2,0.184,13.3,0.136,1.48
2026-10-07,W1728,52.79775,11.11997,0.0,15.5,14.2,0.175,13.7,0.136,2.04
2026-10-08,W1728,52.79775,11.11997,11.38,12.3,13.6,0.207,14.0,0.136,1.32
2026-10-09,W1728,52.79775,11.11997,2.5,10.1,10.9,0.222,12.4,0.138,0.97
2026-10-10,W1728,52.79775,11.11997,3.3,11.9,12.6,0.252,12.3,0.141,1.55
2026-10-11,W1728,52.79775,11.11997,0.6,11.1,11.0,0.243,11.9,0.144,1.86
2026-10-12,W1728,52.79775,11.11997,7.5,10.1,10.8,0.234,11.3,0.147,1.01
2026-10-06,W1729,52.79775,11.14953,0.0,15.2,14.3,0.19,13.4,0.133,1.48
2026-10-07,W1729,52.79775,11.14953,0.0,15.5,14.2,0.179,13.8,0.133,2.05
2026-10-08,W1729,52.79775,11.14953,11.38,12.4,13.6,0.208,14.1,0.134,1.32
2026-10-09,W1729,52.79775,11.14953,2.5,10.2,11.0,0.216,12.5,0.135,0.98
2026-10-10,W1729,52.79775,11.14953,3.3,11.9,12.7,0.231,12.4,0.137,1.56
2026-10-11,W1729,52.79775,11.14953,0.6,11.2,11.2,0.226,12.1,0.139,1.86
2026-10-12,W1729,52.79775,11.14953,7.5,10.2,11.0,0.218,11.5,0.141,1.01
2026-10-06,W0954,52.8068,10.1295,0.0,14.1,13.4,0.21,13.0,0.204,1.3
2026-10-07,W0954,52.8068,10.1295,0.0,15.7,13.6,0.199,13.2,0.199,2.01
2026-10-08,W0954,52.8068,10.1295,12.98,12.0,12.9,0.253,13.5,0.207,1.17
2026-10-09,W0954,52.8068,10.1295,5.3,9.8,10.3,0.242,11.4,0.218,0.61
2026-10-10,W0954,52.8068,10.1295,6.3,11.0,12.1,0.263,11.8,0.225,0.97
2026-10-11,W0954,52.8068,10.1295,3.75,10.4,10.5,0.244,11.3,0.228,1.32
2026-10-12,W0954,52.8068,10.1295,8.4,9.9,10.1,0.233,10.6,0.224,0.89
2026-10-06,W0955,52.8068,10.1591,0.0,13.9,13.4,0.21,13.0,0.204,1.33
2026-10-07,W0955,52.8068,10.1591,0.0,15.9,13.6,0.199,13.2,0.199,2.01
2026-10-08,W0955,52.8068,10.1591,14.98,11.7,12.9,0.253,13.5,0.207,1.11
2026-10-09,W0955,52.8068,10.1591,4.9,9.5,10.3,0.242,11.4,0.218,0.55
2026-10-10,W0955,52.8068,10.1591,6.9,10.8,12.1,0.263,11.8,0.225,0.9
2026-10-11,W0955,52.8068,10.1591,3.6,10.2,10.5,0.244,11.3,0.228,1.29
2026-10-12,W0955,52.8068,10.1591,8.4,9.6,10.1,0.233,10.6,0.224,0.88
2026-10-06,W0956,52.8068,10.1886,0.0,13.9,13.4,0.21,13.0,0.204,1.33
2026-10-07,W0956,52.8068,10.1886,0.0,15.9,13.6,0.199,13.2,0.199,2.01
2026-10-08,W0956,52.8068,10.1886,14.98,11.8,12.9,0.253,13.5,0.207,1.11
2026-10-09,W0956,52.8068,10.1886,4.9,9.6,10.3,0.242,11.4,0.218,0.55
2026-10-10,W0956,52.8068,10.1886,6.9,10.8,12.1,0.263,11.8,0.225,0.9
2026-10-11,W0956,52.8068,10.1886,3.6,10.2,10.5,0.244,11.3,0.228,1.31
2026-10-12,W0956,52.8068,10.1886,9.9,9.6,10.1,0.233,10.6,0.224,0.8
2026-10-06,W0957,52.8068,10.2182,0.0,14.2,12.8,0.221,12.1,0.229,1.39
2026-10-07,W0957,52.8068,10.2182,0.0,16.1,13.0,0.215,12.3,0.225,2.01
2026-10-08,W0957,52.8068,10.2182,15.5,12.1,12.4,0.265,12.6,0.234,1.12
2026-10-09,W0957,52.8068,10.2182,4.9,9.7,10.0,0.255,10.8,0.246,0.55
2026-10-10,W0957,52.8068,10.2182,6.9,11.0,11.9,0.276,11.4,0.253,0.91
2026-10-11,W0957,52.8068,10.2182,3.6,10.4,10.3,0.26,11.0,0.256,1.32
2026-10-12,W0957,52.8068,10.2182,9.9,9.7,9.8,0.251,10.2,0.252,0.8
2026-10-06,W0958,52.8068,10.2477,0.0,14.1,13.4,0.223,12.9,0.227,1.39
2026-10-07,W0958,52.8068,10.2477,0.0,16.0,13.4,0.216,13.0,0.222,2.01
2026-10-08,W0958,52.8068,10.2477,15.33,12.0,12.9,0.258,13.3,0.227,1.11
2026-10-09,W0958,52.8068,10.2477,4.4,9.6,10.3,0.249,11.4,0.236,0.55
2026-10-10,W0958,52.8068,10.2477,6.9,10.9,12.1,0.265,11.8,0.241,0.91
2026-10-11,W0958,52.8068,10.2477,3.6,10.3,10.6,0.25,11.4,0.243,1.31
2026-10-12,W0958,52.8068,10.2477,9.9,9.6,10.2,0.241,10.7,0.239,0.8
2026-10-06,W0959,52.8068,10.2772,0.0,14.2,13.4,0.223,12.9,0.227,1.4
2026-10-07,W0959,52.8068,10.2772,0.0,16.0,13.4,0.216,13.0,0.222,2.01
2026-10-08,W0959,52.8068,10.2772,15.88,12.1,12.9,0.258,13.3,0.227,1.11
2026-10-09,W0959,52.8068,10.2772,4.4,9.7,10.3,0.249,11.4,0.236,0.55
2026-10-10,W0959,52.8068,10.2772,6.9,11.0,12.1,0.265,11.8,0.241,0.91
2026-10-11,W0959,52.8068,10.2772,3.6,10.3,10.6,0.25,11.4,0.243,1.31
2026-10-12,W0959,52.8068,10.2772,9.9,9.7,10.2,0.241,10.7,0.239,0.8
2026-10-06,W0960,52.8068,10.3068,0.0,14.3,13.4,0.223,12.9,0.227,1.44
2026-10-07,W0960,52.8068,10.3068,0.0,16.0,13.4,0.216,13.0,0.222,2.02
2026-10-08,W0960,52.8068,10.3068,15.67,12.1,12.9,0.258,13.3,0.227,1.11
2026-10-09,W0960,52.8068,10.3068,3.9,9.5,10.3,0.249,11.4,0.236,0.57
2026-10-10,W0960,52.8068,10.3068,6.0,10.9,12.1,0.265,11.8,0.241,0.94
2026-10-11,W0960,52.8068,10.3068,3.6,10.2,10.6,0.25,11.4,0.243,1.32
2026-10-12,W0960,52.8068,10.3068,9.9,9.6,10.2,0.241,10.7,0.239,0.8
2026-10-06,W0961,52.8068,10.3363,0.0,14.1,13.4,0.223,12.9,0.227,1.45
2026-10-07,W0961,52.8068,10.3363,0.0,15.6,13.4,0.216,13.0,0.222,1.97
2026-10-08,W0961,52.8068,10.3363,15.05,11.9,12.9,0.258,13.3,0.227,1.1
2026-10-09,W0961,52.8068,10.3363,3.9,9.4,10.3,0.249,11.4,0.236,0.57
2026-10-10,W0961,52.8068,10.3363,6.0,10.8,12.1,0.265,11.8,0.241,0.94
2026-10-11,W0961,52.8068,10.3363,3.6,10.1,10.6,0.25,11.4,0.243,1.31
2026-10-12,W0961,52.8068,10.3363,9.9,9.5,10.2,0.241,10.7,0.239,0.8
2026-10-06,W0962,52.8068,10.3658,0.0,13.9,13.4,0.223,12.9,0.227,1.45
2026-10-07,W0962,52.8068,10.3658,0.0,15.7,13.4,0.216,13.0,0.222,1.96
2026-10-08,W0962,52.8068,10.3658,13.9,11.9,12.9,0.258,13.3,0.227,1.09
2026-10-09,W0962,52.8068,10.3658,3.8,9.4,10.3,0.249,11.4,0.236,0.57
2026-10-10,W0962,52.8068,10.3658,5.7,10.8,12.1,0.265,11.8,0.241,0.96
2026-10-11,W0962,52.8068,10.3658,3.45,10.1,10.6,0.25,11.4,0.243,1.31
2026-10-12,W0962,52.8068,10.3658,9.9,9.5,10.2,0.241,10.7,0.239,0.8
2026-10-06,W0963,52.8068,10.3954,0.0,14.2,13.2,0.194,12.5,0.189,1.47
2026-10-07,W0963,52.8068,10.3954,0.0,15.6,13.1,0.186,12.5,0.187,1.97
2026-10-08,W0963,52.8068,10.3954,13.05,11.9,12.6,0.259,12.8,0.206,1.09
2026-10-09,W0963,52.8068,10.3954,3.8,9.4,10.1,0.243,11.0,0.222,0.57
2026-10-10,W0963,52.8068,10.3954,5.7,10.8,11.9,0.258,11.5,0.228,0.96
2026-10-11,W0963,52.8068,10.3954,3.45,10.2,10.3,0.244,11.0,0.23,1.32
2026-10-12,W0963,52.8068,10.3954,9.9,9.5,9.8,0.238,10.3,0.229,0.8
2026-10-06,W0964,52.8068,10.4249,0.0,14.0,13.7,0.183,13.0,0.162,1.43
2026-10-07,W0964,52.8068,10.4249,0.0,15.5,13.4,0.174,12.9,0.162,1.95
2026-10-08,W0964,52.8068,10.4249,12.38,11.8,12.9,0.242,13.2,0.174,1.08
2026-10-09,W0964,52.8068,10.4249,3.2,9.4,10.3,0.228,11.4,0.19,0.58
2026-10-10,W0964,52.8068,10.4249,5.7,10.8,12.1,0.242,11.7,0.197,0.97
2026-10-11,W0964,52.8068,10.4249,3.45,10.2,10.6,0.226,11.3,0.203,1.32
2026-10-12,W0964,52.8068,10.4249,9.9,9.5,10.2,0.217,10.7,0.203,0.8
2026-10-06,W0965,52.8068,10.4545,0.0,14.0,13.7,0.183,13.0,0.162,1.43
2026-10-07,W0965,52.8068,10.4545,0.0,15.5,13.4,0.174,12.9,0.162,1.96
2026-10-08,W0965,52.8068,10.4545,11.93,11.8,12.9,0.242,13.2,0.174,1.09
2026-10-09,W0965,52.8068,10.4545,3.2,9.4,10.3,0.228,11.4,0.19,0.58
2026-10-10,W0965,52.8068,10.4545,5.7,10.8,12.1,0.242,11.7,0.197,0.97
2026-10-11,W0965,52.8068,10.4545,2.7,10.1,10.6,0.226,11.3,0.203,1.33
2026-10-12,W0965,52.8068,10.4545,10.8,9.4,10.2,0.217,10.7,0.203,0.79
2026-10-06,W0966,52.8068,10.484,0.0,14.0,13.7,0.183,13.0,0.162,1.48
2026-10-07,W0966,52.8068,10.484,0.0,15.7,13.4,0.174,12.9,0.162,1.97
2026-10-08,W0966,52.8068,10.484,11.75,11.9,12.9,0.242,13.2,0.174,1.12
2026-10-09,W0966,52.8068,10.484,3.2,9.3,10.3,0.228,11.4,0.19,0.61
2026-10-10,W0966,52.8068,10.484,5.4,10.7,12.1,0.242,11.7,0.197,1.01
2026-10-11,W0966,52.8068,10.484,2.7,10.1,10.6,0.226,11.3,0.203,1.34
2026-10-12,W0966,52.8068,10.484,10.8,9.4,10.2,0.217,10.7,0.203,0.79
2026-10-06,W0967,52.8068,10.5135,0.0,14.5,13.7,0.183,13.0,0.162,1.5
2026-10-07,W0967,52.8068,10.5135,0.0,15.7,13.4,0.174,12.9,0.162,1.97
2026-10-08,W0967,52.8068,10.5135,12.33,12.2,12.9,0.242,13.2,0.174,1.14
2026-10-09,W0967,52.8068,10.5135,3.2,9.6,10.3,0.228,11.4,0.19,0.62
2026-10-10,W0967,52.8068,10.5135,5.4,11.0,12.1,0.242,11.7,0.197,1.02
2026-10-11,W0967,52.8068,10.5135,2.7,10.3,10.6,0.226,11.3,0.203,1.35
2026-10-12,W0967,52.8068,10.5135,10.8,9.6,10.2,0.217,10.7,0.203,0.8
2026-10-06,W0968,52.8068,10.5431,0.0,14.9,13.7,0.183,13.0,0.162,1.54
2026-10-07,W0968,52.8068,10.5431,0.0,15.7,13.4,0.174,12.9,0.162,1.99
2026-10-08,W0968,52.8068,10.5431,11.53,12.3,12.9,0.242,13.2,0.174,1.17
2026-10-09,W0968,52.8068,10.5431,3.0,9.7,10.3,0.228,11.4,0.19,0.66
2026-10-10,W0968,52.8068,10.5431,4.8,11.2,12.1,0.242,11.7,0.197,1.08
2026-10-11,W0968,52.8068,10.5431,2.7,10.4,10.6,0.226,11.3,0.203,1.37
2026-10-12,W0968,52.8068,10.5431,10.8,9.7,10.2,0.217,10.7,0.203,0.8
2026-10-06,W0969,52.8068,10.5726,0.0,14.6,12.9,0.152,11.6,0.106,1.48
2026-10-07,W0969,52.8068,10.5726,0.0,15.4,12.6,0.141,11.8,0.106,1.95
2026-10-08,W0969,52.8068,10.5726,12.28,12.2,12.2,0.215,12.1,0.114,1.16
2026-10-09,W0969,52.8068,10.5726,3.0,9.8,9.6,0.207,10.3,0.128,0.66
2026-10-10,W0969,52.8068,10.5726,4.8,11.3,11.7,0.219,10.8,0.136,1.08
2026-10-11,W0969,52.8068,10.5726,1.5,10.6,9.9,0.202,10.3,0.143,1.5
2026-10-12,W0969,52.8068,10.5726,9.0,9.9,9.5,0.192,9.6,0.145,0.86
2026-10-06,W0970,52.8068,10.6021,0.0,14.6,13.4,0.152,12.3,0.101,1.48
2026-10-07,W0970,52.8068,10.6021,0.0,15.3,13.1,0.141,12.4,0.1,1.95
2026-10-08,W0970,52.8068,10.6021,12.38,12.2,12.6,0.203,12.8,0.105,1.23
2026-10-09,W0970,52.8068,10.6021,2.6,9.7,10.0,0.201,10.9,0.116,0.75
2026-10-10,W0970,52.8068,10.6021,4.2,11.3,12.0,0.213,11.2,0.123,1.2
2026-10-11,W0970,52.8068,10.6021,1.35,10.5,10.3,0.2,10.8,0.13,1.53
2026-10-12,W0970,52.8068,10.6021,9.0,9.8,10.0,0.192,10.2,0.134,0.85
2026-10-06,W0971,52.8068,10.6317,0.0,14.5,13.4,0.152,12.3,0.101,1.46
2026-10-07,W0971,52.8068,10.6317,0.0,14.9,13.1,0.141,12.4,0.1,1.98
2026-10-08,W0971,52.8068,10.6317,12.32,11.8,12.6,0.203,12.8,0.105,1.22
2026-10-09,W0971,52.8068,10.6317,2.6,9.8,10.0,0.201,10.9,0.116,0.75
2026-10-10,W0971,52.8068,10.6317,4.2,11.3,12.0,0.213,11.2,0.123,1.2
2026-10-11,W0971,52.8068,10.6317,1.35,10.6,10.3,0.2,10.8,0.13,1.53
2026-10-12,W0971,52.8068,10.6317,9.0,9.8,10.0,0.192,10.2,0.134,0.85
2026-10-06,W0972,52.8068,10.6612,0.0,14.5,13.4,0.152,12.3,0.101,1.45
2026-10-07,W0972,52.8068,10.6612,0.0,15.3,13.1,0.141,12.4,0.1,2.06
2026-10-08,W0972,52.8068,10.6612,12.5,12.0,12.6,0.203,12.8,0.105,1.26
2026-10-09,W0972,52.8068,10.6612,2.7,9.8,10.0,0.201,10.9,0.116,0.81
2026-10-10,W0972,52.8068,10.6612,4.2,11.4,12.0,0.213,11.2,0.123,1.26
2026-10-11,W0972,52.8068,10.6612,1.35,10.6,10.3,0.2,10.8,0.13,1.54
2026-10-12,W0972,52.8068,10.6612,9.0,9.9,10.0,0.192,10.2,0.134,0.86
2026-10-06,W0973,52.8068,10.6908,0.0,14.4,13.4,0.152,12.3,0.101,1.42
2026-10-07,W0973,52.8068,10.6908,0.0,15.7,13.1,0.141,12.4,0.1,2.09
2026-10-08,W0973,52.8068,10.6908,10.2,12.1,12.6,0.203,12.8,0.105,1.26
2026-10-09,W0973,52.8068,10.6908,2.7,9.9,10.0,0.201,10.9,0.116,0.81
2026-10-10,W0973,52.8068,10.6908,4.2,11.4,12.0,0.213,11.2,0.123,1.26
2026-10-11,W0973,52.8068,10.6908,1.05,10.7,10.3,0.2,10.8,0.13,1.58
2026-10-12,W0973,52.8068,10.6908,8.7,10.0,10.0,0.192,10.2,0.134,0.88
2026-10-06,W0974,52.8068,10.7203,0.0,14.3,13.1,0.149,11.7,0.099,1.41
2026-10-07,W0974,52.8068,10.7203,0.0,15.7,12.9,0.139,12.1,0.099,2.09
2026-10-08,W0974,52.8068,10.7203,10.22,12.1,12.6,0.207,12.6,0.105,1.25
2026-10-09,W0974,52.8068,10.7203,2.4,9.8,10.0,0.201,10.8,0.117,0.83
2026-10-10,W0974,52.8068,10.7203,4.5,11.4,11.9,0.208,11.1,0.123,1.3
2026-10-11,W0974,52.8068,10.7203,0.9,10.6,10.1,0.199,10.7,0.129,1.58
2026-10-12,W0974,52.8068,10.7203,8.7,9.9,9.8,0.191,10.0,0.133,0.88
2026-10-06,W0975,52.8068,10.7498,0.0,14.4,13.1,0.149,11.7,0.099,1.42
2026-10-07,W0975,52.8068,10.7498,0.0,15.7,12.9,0.139,12.1,0.099,2.06
2026-10-08,W0975,52.8068,10.7498,7.93,12.1,12.6,0.207,12.6,0.105,1.26
2026-10-09,W0975,52.8068,10.7498,2.4,9.8,10.0,0.201,10.8,0.117,0.82
2026-10-10,W0975,52.8068,10.7498,4.5,11.4,11.9,0.208,11.1,0.123,1.3
2026-10-11,W0975,52.8068,10.7498,0.9,10.6,10.1,0.199,10.7,0.129,1.58
2026-10-12,W0975,52.8068,10.7498,8.7,9.9,9.8,0.191,10.0,0.133,0.88
2026-10-06,W0976,52.8068,10.7794,0.0,14.4,13.5,0.146,12.2,0.092,1.41
2026-10-07,W0976,52.8068,10.7794,0.0,15.9,13.0,0.136,12.4,0.092,2.07
2026-10-08,W0976,52.8068,10.7794,7.37,12.3,12.8,0.18,12.8,0.093,1.26
2026-10-09,W0976,52.8068,10.7794,2.4,9.9,10.2,0.185,11.2,0.098,0.83
2026-10-10,W0976,52.8068,10.7794,4.5,11.5,12.2,0.193,11.4,0.103,1.3
2026-10-11,W0976,52.8068,10.7794,0.9,10.7,10.4,0.185,11.0,0.107,1.59
2026-10-12,W0976,52.8068,10.7794,8.7,10.0,10.1,0.179,10.4,0.11,0.88
2026-10-06,W0977,52.8068,10.8089,0.0,14.4,13.5,0.146,12.2,0.092,1.41
2026-10-07,W0977,52.8068,10.8089,0.0,15.5,13.0,0.136,12.4,0.092,2.02
2026-10-08,W0977,52.8068,10.8089,7.65,12.1,12.8,0.18,12.8,0.093,1.26
2026-10-09,W0977,52.8068,10.8089,2.7,9.6,10.2,0.185,11.2,0.098,0.85
2026-10-10,W0977,52.8068,10.8089,3.9,11.3,12.2,0.193,11.4,0.103,1.33
2026-10-11,W0977,52.8068,10.8089,0.9,10.4,10.4,0.185,11.0,0.107,1.58
2026-10-12,W0977,52.8068,10.8089,8.7,9.7,10.1,0.179,10.4,0.11,0.88
2026-10-06,W1730,52.81577,10.82432,0.0,14.7,13.5,0.146,12.2,0.092,1.45
2026-10-07,W1730,52.81577,10.82432,0.0,15.2,13.0,0.136,12.4,0.092,2.01
2026-10-08,W1730,52.81577,10.82432,7.7,12.2,12.8,0.18,12.8,0.093,1.28
2026-10-09,W1730,52.81577,10.82432,2.7,9.9,10.2,0.185,11.2,0.098,0.86
2026-10-10,W1730,52.81577,10.82432,3.9,11.5,12.2,0.193,11.4,0.103,1.35
2026-10-11,W1730,52.81577,10.82432,0.75,10.6,10.4,0.185,11.0,0.107,1.61
2026-10-12,W1730,52.81577,10.82432,6.0,10.0,10.1,0.179,10.4,0.11,0.95
2026-10-06,W0978,52.8068,10.868,0.0,14.6,13.5,0.146,12.2,0.092,1.45
2026-10-07,W0978,52.8068,10.868,0.0,15.3,13.0,0.136,12.4,0.092,2.05
2026-10-08,W0978,52.8068,10.868,8.33,12.3,12.8,0.18,12.8,0.093,1.29
2026-10-09,W0978,52.8068,10.868,2.6,9.9,10.2,0.185,11.2,0.098,0.9
2026-10-10,W0978,52.8068,10.868,3.6,11.6,12.2,0.193,11.4,0.103,1.42
2026-10-11,W0978,52.8068,10.868,0.9,10.8,10.4,0.185,11.0,0.107,1.74
2026-10-12,W0978,52.8068,10.868,6.9,10.0,10.1,0.179,10.4,0.11,0.92
2026-10-06,W0979,52.8068,10.8975,0.0,14.7,13.7,0.212,12.7,0.151,1.46
2026-10-07,W0979,52.8068,10.8975,0.0,15.4,13.6,0.202,13.0,0.151,2.05
2026-10-08,W0979,52.8068,10.8975,8.83,12.4,13.2,0.232,13.4,0.152,1.3
2026-10-09,W0979,52.8068,10.8975,2.6,10.0,10.7,0.239,11.9,0.154,0.9
2026-10-10,W0979,52.8068,10.8975,3.6,11.7,12.4,0.256,11.9,0.157,1.42
2026-10-11,W0979,52.8068,10.8975,0.9,10.9,10.7,0.253,11.5,0.16,1.74
2026-10-12,W0979,52.8068,10.8975,6.9,10.1,10.5,0.245,10.9,0.163,0.93
2026-10-06,W1731,52.81577,10.91302,0.0,14.8,13.7,0.223,12.7,0.178,1.45
2026-10-07,W1731,52.81577,10.91302,0.0,15.5,13.4,0.211,12.9,0.178,2.05
2026-10-08,W1731,52.81577,10.91302,8.95,12.4,13.0,0.255,13.2,0.178,1.31
2026-10-09,W1731,52.81577,10.91302,2.5,10.1,10.6,0.267,11.7,0.182,0.95
2026-10-10,W1731,52.81577,10.91302,3.6,11.8,12.3,0.304,11.8,0.19,1.5
2026-10-11,W1731,52.81577,10.91302,0.6,10.8,10.7,0.284,11.4,0.197,1.64
2026-10-12,W1731,52.81577,10.91302,6.0,10.2,10.5,0.269,10.9,0.201,0.96
2026-10-06,W0980,52.8068,10.9566,0.0,14.7,13.7,0.223,12.7,0.178,1.5
2026-10-07,W0980,52.8068,10.9566,0.0,15.6,13.4,0.211,12.9,0.178,2.07
2026-10-08,W0980,52.8068,10.9566,8.9,12.6,13.0,0.255,13.2,0.178,1.34
2026-10-09,W0980,52.8068,10.9566,2.5,10.1,10.6,0.267,11.7,0.182,0.95
2026-10-10,W0980,52.8068,10.9566,3.6,11.9,12.3,0.304,11.8,0.19,1.5
2026-10-11,W0980,52.8068,10.9566,0.75,11.0,10.7,0.284,11.4,0.197,1.76
2026-10-12,W0980,52.8068,10.9566,6.9,10.2,10.5,0.269,10.9,0.201,0.93
2026-10-06,W1732,52.81577,10.97214,0.0,14.6,13.7,0.223,12.7,0.178,1.48
2026-10-07,W1732,52.81577,10.97214,0.0,15.2,13.4,0.211,12.9,0.178,2.07
2026-10-08,W1732,52.81577,10.97214,9.43,12.5,13.0,0.255,13.2,0.178,1.35
2026-10-09,W1732,52.81577,10.97214,2.5,10.2,10.6,0.267,11.7,0.182,0.96
2026-10-10,W1732,52.81577,10.97214,3.3,11.9,12.3,0.304,11.8,0.19,1.54
2026-10-11,W1732,52.81577,10.97214,0.6,10.9,10.7,0.284,11.4,0.197,1.69
2026-10-12,W1732,52.81577,10.97214,3.0,10.4,10.5,0.269,10.9,0.201,1.07
2026-10-06,W1733,52.81577,11.00171,0.0,14.5,13.7,0.223,12.7,0.178,1.45
2026-10-07,W1733,52.81577,11.00171,0.0,15.2,13.4,0.211,12.9,0.178,2.08
2026-10-08,W1733,52.81577,11.00171,9.15,12.4,13.0,0.255,13.2,0.178,1.34
2026-10-09,W1733,52.81577,11.00171,2.5,10.2,10.6,0.267,11.7,0.182,0.96
2026-10-10,W1733,52.81577,11.00171,3.3,12.0,12.3,0.304,11.8,0.19,1.54
2026-10-11,W1733,52.81577,11.00171,0.6,11.0,10.7,0.284,11.4,0.197,1.69
2026-10-12,W1733,52.81577,11.00171,3.0,10.4,10.5,0.269,10.9,0.201,1.07
2026-10-06,W0981,52.8068,11.0452,0.0,15.0,13.7,0.223,12.7,0.178,1.51
2026-10-07,W0981,52.8068,11.0452,0.0,15.9,13.4,0.211,12.9,0.178,2.11
2026-10-08,W0981,52.8068,11.0452,9.35,12.8,13.0,0.255,13.2,0.178,1.38
2026-10-09,W0981,52.8068,11.0452,2.5,10.2,10.6,0.267,11.7,0.182,0.96
2026-10-10,W0981,52.8068,11.0452,3.3,11.9,12.3,0.304,11.8,0.19,1.58
2026-10-11,W0981,52.8068,11.0452,0.75,11.0,10.7,0.284,11.4,0.197,1.77
2026-10-12,W0981,52.8068,11.0452,6.9,10.2,10.5,0.269,10.9,0.201,0.93
2026-10-06,W0982,52.8068,11.0747,0.0,14.9,14.2,0.184,13.3,0.136,1.49
2026-10-07,W0982,52.8068,11.0747,0.0,15.8,14.2,0.175,13.7,0.136,2.09
2026-10-08,W0982,52.8068,11.0747,9.95,12.6,13.6,0.207,14.0,0.136,1.36
2026-10-09,W0982,52.8068,11.0747,2.5,10.2,10.9,0.222,12.4,0.138,0.96
2026-10-10,W0982,52.8068,11.0747,3.3,11.9,12.6,0.252,12.3,0.141,1.57
2026-10-11,W0982,52.8068,11.0747,0.6,11.1,11.0,0.243,11.9,0.144,1.86
2026-10-12,W0982,52.8068,11.0747,7.5,10.2,10.8,0.234,11.3,0.147,1.01
2026-10-06,W0983,52.8068,11.1043,0.0,15.0,14.3,0.19,13.4,0.133,1.47
2026-10-07,W0983,52.8068,11.1043,0.0,15.3,14.2,0.179,13.8,0.133,2.03
2026-10-08,W0983,52.8068,11.1043,11.38,12.2,13.6,0.208,14.1,0.134,1.31
2026-10-09,W0983,52.8068,11.1043,2.5,9.9,11.0,0.216,12.5,0.135,0.96
2026-10-10,W0983,52.8068,11.1043,3.3,11.7,12.7,0.231,12.4,0.137,1.54
2026-10-11,W0983,52.8068,11.1043,0.6,10.9,11.2,0.226,12.1,0.139,1.84
2026-10-12,W0983,52.8068,11.1043,7.5,10.0,11.0,0.218,11.5,0.141,1.0
2026-10-06,W0984,52.8068,11.1338,0.0,15.2,14.3,0.19,13.4,0.133,1.48
2026-10-07,W0984,52.8068,11.1338,0.0,15.5,14.2,0.179,13.8,0.133,2.04
2026-10-08,W0984,52.8068,11.1338,11.38,12.3,13.6,0.208,14.1,0.134,1.32
2026-10-09,W0984,52.8068,11.1338,2.5,10.1,11.0,0.216,12.5,0.135,0.97
2026-10-10,W0984,52.8068,11.1338,3.3,11.9,12.7,0.231,12.4,0.137,1.56
2026-10-11,W0984,52.8068,11.1338,0.6,11.1,11.2,0.226,12.1,0.139,1.86
2026-10-12,W0984,52.8068,11.1338,7.5,10.1,11.0,0.218,11.5,0.141,1.01
2026-10-06,W1734,52.81577,11.14953,0.0,15.1,14.3,0.19,13.4,0.133,1.45
2026-10-07,W1734,52.81577,11.14953,0.0,15.2,14.2,0.179,13.8,0.133,2.07
2026-10-08,W1734,52.81577,11.14953,11.48,12.2,13.6,0.208,14.1,0.134,1.32
2026-10-09,W1734,52.81577,11.14953,2.5,10.2,11.0,0.216,12.5,0.135,0.97
2026-10-10,W1734,52.81577,11.14953,3.3,11.9,12.7,0.231,12.4,0.137,1.56
2026-10-11,W1734,52.81577,11.14953,0.6,11.0,11.2,0.226,12.1,0.139,1.77
2026-10-12,W1734,52.81577,11.14953,5.1,10.2,11.0,0.218,11.5,0.141,1.05
2026-10-06,W0986,52.8248,10.1295,0.0,13.8,13.4,0.21,13.0,0.204,1.3
2026-10-07,W0986,52.8248,10.1295,0.0,15.8,13.6,0.199,13.2,0.199,2.02
2026-10-08,W0986,52.8248,10.1295,12.0,12.0,12.9,0.253,13.5,0.207,1.18
2026-10-09,W0986,52.8248,10.1295,5.3,9.7,10.3,0.242,11.4,0.218,0.61
2026-10-10,W0986,52.8248,10.1295,6.3,11.0,12.1,0.263,11.8,0.225,0.97
2026-10-11,W0986,52.8248,10.1295,3.3,10.4,10.5,0.244,11.3,0.228,1.28
2026-10-12,W0986,52.8248,10.1295,9.0,9.7,10.1,0.233,10.6,0.224,0.83
2026-10-06,W0987,52.8248,10.1591,0.0,14.0,13.4,0.21,13.0,0.204,1.33
2026-10-07,W0987,52.8248,10.1591,0.0,15.9,13.6,0.199,13.2,0.199,2.01
2026-10-08,W0987,52.8248,10.1591,13.2,11.9,12.9,0.253,13.5,0.207,1.12
2026-10-09,W0987,52.8248,10.1591,4.9,9.6,10.3,0.242,11.4,0.218,0.55
2026-10-10,W0987,52.8248,10.1591,6.9,10.9,12.1,0.263,11.8,0.225,0.9
2026-10-11,W0987,52.8248,10.1591,3.15,10.2,10.5,0.244,11.3,0.228,1.27
2026-10-12,W0987,52.8248,10.1591,9.0,9.6,10.1,0.233,10.6,0.224,0.82
2026-10-06,W0988,52.8248,10.1886,0.0,13.8,13.4,0.21,13.0,0.204,1.34
2026-10-07,W0988,52.8248,10.1886,0.0,15.8,13.6,0.199,13.2,0.199,1.99
2026-10-08,W0988,52.8248,10.1886,14.28,11.7,12.9,0.253,13.5,0.207,1.11
2026-10-09,W0988,52.8248,10.1886,4.9,9.5,10.3,0.242,11.4,0.218,0.55
2026-10-10,W0988,52.8248,10.1886,6.9,10.8,12.1,0.263,11.8,0.225,0.9
2026-10-11,W0988,52.8248,10.1886,3.15,10.1,10.5,0.244,11.3,0.228,1.26
2026-10-12,W0988,52.8248,10.1886,9.0,9.5,10.1,0.233,10.6,0.224,0.82
2026-10-06,W0989,52.8248,10.2182,0.0,14.1,13.4,0.223,12.9,0.227,1.4
2026-10-07,W0989,52.8248,10.2182,0.0,16.2,13.4,0.216,13.0,0.222,2.02
2026-10-08,W0989,52.8248,10.2182,14.68,12.2,12.9,0.258,13.3,0.227,1.12
2026-10-09,W0989,52.8248,10.2182,4.9,9.8,10.3,0.249,11.4,0.236,0.56
2026-10-10,W0989,52.8248,10.2182,6.9,11.0,12.1,0.265,11.8,0.241,0.91
2026-10-11,W0989,52.8248,10.2182,3.15,10.4,10.6,0.25,11.4,0.243,1.27
2026-10-12,W0989,52.8248,10.2182,9.0,9.7,10.2,0.241,10.7,0.239,0.83
2026-10-06,W0990,52.8248,10.2477,0.0,14.1,13.4,0.223,12.9,0.227,1.4
2026-10-07,W0990,52.8248,10.2477,0.0,15.9,13.4,0.216,13.0,0.222,1.99
2026-10-08,W0990,52.8248,10.2477,15.83,12.0,12.9,0.258,13.3,0.227,1.1
2026-10-09,W0990,52.8248,10.2477,4.4,9.7,10.3,0.249,11.4,0.236,0.55
2026-10-10,W0990,52.8248,10.2477,6.9,11.0,12.1,0.265,11.8,0.241,0.91
2026-10-11,W0990,52.8248,10.2477,3.15,10.2,10.6,0.25,11.4,0.243,1.26
2026-10-12,W0990,52.8248,10.2477,9.0,9.6,10.2,0.241,10.7,0.239,0.82
2026-10-06,W0991,52.8248,10.2772,0.0,14.1,13.4,0.223,12.9,0.227,1.42
2026-10-07,W0991,52.8248,10.2772,0.0,15.6,13.4,0.216,13.0,0.222,1.99
2026-10-08,W0991,52.8248,10.2772,16.03,11.9,12.9,0.258,13.3,0.227,1.1
2026-10-09,W0991,52.8248,10.2772,4.4,9.5,10.3,0.249,11.4,0.236,0.55
2026-10-10,W0991,52.8248,10.2772,6.9,10.8,12.1,0.265,11.8,0.241,0.9
2026-10-11,W0991,52.8248,10.2772,3.15,10.1,10.6,0.25,11.4,0.243,1.25
2026-10-12,W0991,52.8248,10.2772,9.0,9.4,10.2,0.241,10.7,0.239,0.82
2026-10-06,W0992,52.8248,10.3068,0.0,14.2,13.4,0.223,12.9,0.227,1.42
2026-10-07,W0992,52.8248,10.3068,0.0,15.7,13.4,0.216,13.0,0.222,2.0
2026-10-08,W0992,52.8248,10.3068,15.95,12.0,12.9,0.258,13.3,0.227,1.11
2026-10-09,W0992,52.8248,10.3068,3.9,9.4,10.3,0.249,11.4,0.236,0.57
2026-10-10,W0992,52.8248,10.3068,6.0,10.8,12.1,0.265,11.8,0.241,0.94
2026-10-11,W0992,52.8248,10.3068,3.15,10.1,10.6,0.25,11.4,0.243,1.26
2026-10-12,W0992,52.8248,10.3068,9.0,9.5,10.2,0.241,10.7,0.239,0.82
2026-10-06,W0993,52.8248,10.3363,0.0,14.1,13.4,0.223,12.9,0.227,1.48
2026-10-07,W0993,52.8248,10.3363,0.0,15.8,13.4,0.216,13.0,0.222,1.99
2026-10-08,W0993,52.8248,10.3363,15.23,11.9,12.9,0.258,13.3,0.227,1.11
2026-10-09,W0993,52.8248,10.3363,3.9,9.4,10.3,0.249,11.4,0.236,0.57
2026-10-10,W0993,52.8248,10.3363,6.0,10.8,12.1,0.265,11.8,0.241,0.94
2026-10-11,W0993,52.8248,10.3363,3.6,10.1,10.6,0.25,11.4,0.243,1.31
2026-10-12,W0993,52.8248,10.3363,9.9,9.5,10.2,0.241,10.7,0.239,0.8
2026-10-06,W0994,52.8248,10.3658,0.0,14.0,13.4,0.223,12.9,0.227,1.47
2026-10-07,W0994,52.8248,10.3658,0.0,15.7,13.4,0.216,13.0,0.222,1.98
2026-10-08,W0994,52.8248,10.3658,15.15,11.8,12.9,0.258,13.3,0.227,1.1
2026-10-09,W0994,52.8248,10.3658,3.8,9.3,10.3,0.249,11.4,0.236,0.57
2026-10-10,W0994,52.8248,10.3658,5.7,10.7,12.1,0.265,11.8,0.241,0.95
2026-10-11,W0994,52.8248,10.3658,3.45,10.1,10.6,0.25,11.4,0.243,1.31
2026-10-12,W0994,52.8248,10.3658,9.9,9.4,10.2,0.241,10.7,0.239,0.79
2026-10-06,W0995,52.8248,10.3954,0.0,14.2,13.7,0.183,13.0,0.162,1.46
2026-10-07,W0995,52.8248,10.3954,0.0,15.5,13.4,0.174,12.9,0.162,1.94
2026-10-08,W0995,52.8248,10.3954,13.48,11.9,12.9,0.242,13.2,0.174,1.09
2026-10-09,W0995,52.8248,10.3954,3.8,9.3,10.3,0.228,11.4,0.19,0.57
2026-10-10,W0995,52.8248,10.3954,5.7,10.7,12.1,0.242,11.7,0.197,0.96
2026-10-11,W0995,52.8248,10.3954,3.45,10.1,10.6,0.226,11.3,0.203,1.31
2026-10-12,W0995,52.8248,10.3954,9.9,9.4,10.2,0.217,10.7,0.203,0.79
2026-10-06,W0996,52.8248,10.4249,0.0,14.1,13.7,0.183,13.0,0.162,1.45
2026-10-07,W0996,52.8248,10.4249,0.0,15.5,13.4,0.174,12.9,0.162,1.96
2026-10-08,W0996,52.8248,10.4249,12.95,11.9,12.9,0.242,13.2,0.174,1.09
2026-10-09,W0996,52.8248,10.4249,3.2,9.4,10.3,0.228,11.4,0.19,0.58
2026-10-10,W0996,52.8248,10.4249,5.7,10.8,12.1,0.242,11.7,0.197,0.97
2026-10-11,W0996,52.8248,10.4249,3.45,10.1,10.6,0.226,11.3,0.203,1.31
2026-10-12,W0996,52.8248,10.4249,9.9,9.5,10.2,0.217,10.7,0.203,0.8
2026-10-06,W0997,52.8248,10.4545,0.0,14.1,13.7,0.183,13.0,0.162,1.47
2026-10-07,W0997,52.8248,10.4545,0.0,15.7,13.4,0.174,12.9,0.162,1.97
2026-10-08,W0997,52.8248,10.4545,11.98,11.9,12.9,0.242,13.2,0.174,1.09
2026-10-09,W0997,52.8248,10.4545,3.2,9.3,10.3,0.228,11.4,0.19,0.58
2026-10-10,W0997,52.8248,10.4545,5.7,10.7,12.1,0.242,11.7,0.197,0.97
2026-10-11,W0997,52.8248,10.4545,1.65,10.2,10.6,0.226,11.3,0.203,1.42
2026-10-12,W0997,52.8248,10.4545,4.8,9.6,10.2,0.217,10.7,0.203,0.94
2026-10-06,W0998,52.8248,10.484,0.0,14.1,13.7,0.183,13.0,0.162,1.47
2026-10-07,W0998,52.8248,10.484,0.0,15.6,13.4,0.174,12.9,0.162,1.97
2026-10-08,W0998,52.8248,10.484,12.03,11.9,12.9,0.242,13.2,0.174,1.12
2026-10-09,W0998,52.8248,10.484,3.2,9.3,10.3,0.228,11.4,0.19,0.61
2026-10-10,W0998,52.8248,10.484,5.4,10.7,12.1,0.242,11.7,0.197,1.01
2026-10-11,W0998,52.8248,10.484,1.65,10.1,10.6,0.226,11.3,0.203,1.43
2026-10-12,W0998,52.8248,10.484,4.8,9.6,10.2,0.217,10.7,0.203,0.93
2026-10-06,W0999,52.8248,10.5135,0.0,14.4,13.7,0.183,13.0,0.162,1.5
2026-10-07,W0999,52.8248,10.5135,0.0,15.3,13.4,0.174,12.9,0.162,1.95
2026-10-08,W0999,52.8248,10.5135,11.68,12.0,12.9,0.242,13.2,0.174,1.13
2026-10-09,W0999,52.8248,10.5135,3.2,9.4,10.3,0.228,11.4,0.19,0.61
2026-10-10,W0999,52.8248,10.5135,5.4,10.8,12.1,0.242,11.7,0.197,1.02
2026-10-11,W0999,52.8248,10.5135,1.65,10.2,10.6,0.226,11.3,0.203,1.43
2026-10-12,W0999,52.8248,10.5135,4.8,9.6,10.2,0.217,10.7,0.203,0.94
2026-10-06,W1000,52.8248,10.5431,0.0,14.7,13.7,0.183,13.0,0.162,1.53
2026-10-07,W1000,52.8248,10.5431,0.0,15.6,13.4,0.174,12.9,0.162,1.98
2026-10-08,W1000,52.8248,10.5431,11.53,12.1,12.9,0.242,13.2,0.174,1.17
2026-10-09,W1000,52.8248,10.5431,3.0,9.6,10.3,0.228,11.4,0.19,0.66
2026-10-10,W1000,52.8248,10.5431,4.8,11.0,12.1,0.242,11.7,0.197,1.07
2026-10-11,W1000,52.8248,10.5431,1.65,10.4,10.6,0.226,11.3,0.203,1.46
2026-10-12,W1000,52.8248,10.5431,4.8,9.8,10.2,0.217,10.7,0.203,0.94
2026-10-06,W1001,52.8248,10.5726,0.0,14.5,13.4,0.152,12.3,0.101,1.48
2026-10-07,W1001,52.8248,10.5726,0.0,15.3,13.1,0.141,12.4,0.1,1.95
2026-10-08,W1001,52.8248,10.5726,11.68,12.1,12.6,0.203,12.8,0.105,1.16
2026-10-09,W1001,52.8248,10.5726,3.0,9.7,10.0,0.201,10.9,0.116,0.66
2026-10-10,W1001,52.8248,10.5726,4.8,11.1,12.0,0.213,11.2,0.123,1.08
2026-10-11,W1001,52.8248,10.5726,1.65,10.5,10.3,0.2,10.8,0.13,1.46
2026-10-12,W1001,52.8248,10.5726,4.8,9.9,10.0,0.192,10.2,0.134,0.95
2026-10-06,W1002,52.8248,10.6021,0.0,14.6,13.4,0.152,12.3,0.101,1.46
2026-10-07,W1002,52.8248,10.6021,0.0,15.2,13.1,0.141,12.4,0.1,1.97
2026-10-08,W1002,52.8248,10.6021,12.15,11.9,12.6,0.203,12.8,0.105,1.22
2026-10-09,W1002,52.8248,10.6021,2.6,9.7,10.0,0.201,10.9,0.116,0.75
2026-10-10,W1002,52.8248,10.6021,4.2,11.2,12.0,0.213,11.2,0.123,1.2
2026-10-11,W1002,52.8248,10.6021,1.5,10.5,10.3,0.2,10.8,0.13,1.49
2026-10-12,W1002,52.8248,10.6021,4.8,9.9,10.0,0.192,10.2,0.134,0.95
2026-10-06,W1003,52.8248,10.6317,0.0,14.7,13.4,0.152,12.3,0.101,1.45
2026-10-07,W1003,52.8248,10.6317,0.0,15.5,13.1,0.141,12.4,0.1,2.01
2026-10-08,W1003,52.8248,10.6317,12.3,11.9,12.6,0.203,12.8,0.105,1.23
2026-10-09,W1003,52.8248,10.6317,2.6,9.9,10.0,0.201,10.9,0.116,0.75
2026-10-10,W1003,52.8248,10.6317,4.2,11.4,12.0,0.213,11.2,0.123,1.21
2026-10-11,W1003,52.8248,10.6317,1.5,10.6,10.3,0.2,10.8,0.13,1.5
2026-10-12,W1003,52.8248,10.6317,4.8,10.0,10.0,0.192,10.2,0.134,0.95
2026-10-06,W1735,52.83378,10.64694,0.0,14.7,13.4,0.152,12.3,0.101,1.45
2026-10-07,W1735,52.83378,10.64694,0.0,15.5,13.1,0.141,12.4,0.1,2.02
2026-10-08,W1735,52.83378,10.64694,12.3,11.9,12.6,0.203,12.8,0.105,1.23
2026-10-09,W1735,52.83378,10.64694,2.6,9.9,10.0,0.201,10.9,0.116,0.75
2026-10-10,W1735,52.83378,10.64694,4.2,11.4,12.0,0.213,11.2,0.123,1.21
2026-10-11,W1735,52.83378,10.64694,1.5,10.7,10.3,0.2,10.8,0.13,1.5
2026-10-12,W1735,52.83378,10.64694,4.8,10.1,10.0,0.192,10.2,0.134,0.95
2026-10-06,W1736,52.83378,10.6765,0.0,14.6,13.4,0.152,12.3,0.101,1.42
2026-10-07,W1736,52.83378,10.6765,0.0,15.6,13.1,0.141,12.4,0.1,2.05
2026-10-08,W1736,52.83378,10.6765,12.55,12.2,12.6,0.203,12.8,0.105,1.26
2026-10-09,W1736,52.83378,10.6765,2.7,9.9,10.0,0.201,10.9,0.116,0.81
2026-10-10,W1736,52.83378,10.6765,4.2,11.5,12.0,0.213,11.2,0.123,1.26
2026-10-11,W1736,52.83378,10.6765,1.5,10.7,10.3,0.2,10.8,0.13,1.51
2026-10-12,W1736,52.83378,10.6765,4.8,10.1,10.0,0.192,10.2,0.134,0.95
2026-10-06,W1004,52.8248,10.7203,0.0,14.4,13.4,0.152,12.3,0.101,1.37
2026-10-07,W1004,52.8248,10.7203,0.0,15.4,13.1,0.141,12.4,0.1,2.04
2026-10-08,W1004,52.8248,10.7203,11.03,12.2,12.6,0.203,12.8,0.105,1.25
2026-10-09,W1004,52.8248,10.7203,2.4,9.9,10.0,0.201,10.9,0.116,0.83
2026-10-10,W1004,52.8248,10.7203,4.5,11.5,12.0,0.213,11.2,0.123,1.3
2026-10-11,W1004,52.8248,10.7203,0.75,10.7,10.3,0.2,10.8,0.13,1.59
2026-10-12,W1004,52.8248,10.7203,6.0,10.0,10.0,0.192,10.2,0.134,0.95
2026-10-06,W1005,52.8248,10.7498,0.0,14.4,13.5,0.146,12.2,0.092,1.39
2026-10-07,W1005,52.8248,10.7498,0.0,15.4,13.0,0.136,12.4,0.092,2.0
2026-10-08,W1005,52.8248,10.7498,9.63,12.2,12.8,0.18,12.8,0.093,1.25
2026-10-09,W1005,52.8248,10.7498,2.4,9.9,10.2,0.185,11.2,0.098,0.83
2026-10-10,W1005,52.8248,10.7498,4.5,11.5,12.2,0.193,11.4,0.103,1.3
2026-10-11,W1005,52.8248,10.7498,0.75,10.7,10.4,0.185,11.0,0.107,1.59
2026-10-12,W1005,52.8248,10.7498,6.0,10.0,10.1,0.179,10.4,0.11,0.95
2026-10-06,W1006,52.8248,10.7794,0.0,14.5,13.5,0.146,12.2,0.092,1.42
2026-10-07,W1006,52.8248,10.7794,0.0,15.8,13.0,0.136,12.4,0.092,2.05
2026-10-08,W1006,52.8248,10.7794,7.4,12.3,12.8,0.18,12.8,0.093,1.26
2026-10-09,W1006,52.8248,10.7794,2.4,9.9,10.2,0.185,11.2,0.098,0.83
2026-10-10,W1006,52.8248,10.7794,4.5,11.5,12.2,0.193,11.4,0.103,1.3
2026-10-11,W1006,52.8248,10.7794,0.75,10.7,10.4,0.185,11.0,0.107,1.59
2026-10-12,W1006,52.8248,10.7794,6.0,10.0,10.1,0.179,10.4,0.11,0.95
2026-10-06,W1007,52.8248,10.8089,0.0,14.5,13.5,0.146,12.2,0.092,1.42
2026-10-07,W1007,52.8248,10.8089,0.0,15.8,13.0,0.136,12.4,0.092,2.05
2026-10-08,W1007,52.8248,10.8089,7.45,12.3,12.8,0.18,12.8,0.093,1.28
2026-10-09,W1007,52.8248,10.8089,2.7,9.9,10.2,0.185,11.2,0.098,0.86
2026-10-10,W1007,52.8248,10.8089,3.9,11.5,12.2,0.193,11.4,0.103,1.35
2026-10-11,W1007,52.8248,10.8089,0.75,10.7,10.4,0.185,11.0,0.107,1.61
2026-10-12,W1007,52.8248,10.8089,6.0,10.0,10.1,0.179,10.4,0.11,0.95
2026-10-06,W1737,52.83378,10.82432,0.0,15.0,13.5,0.146,12.2,0.092,1.43
2026-10-07,W1737,52.83378,10.82432,0.0,15.8,13.0,0.136,12.4,0.092,1.99
2026-10-08,W1737,52.83378,10.82432,7.43,12.5,12.8,0.18,12.8,0.093,1.28
2026-10-09,W1737,52.83378,10.82432,2.7,10.0,10.2,0.185,11.2,0.098,0.86
2026-10-10,W1737,52.83378,10.82432,3.9,11.6,12.2,0.193,11.4,0.103,1.35
2026-10-11,W1737,52.83378,10.82432,0.75,10.7,10.4,0.185,11.0,0.107,1.61
2026-10-12,W1737,52.83378,10.82432,6.0,10.1,10.1,0.179,10.4,0.11,0.95
2026-10-06,W1008,52.8248,10.868,0.0,14.7,13.5,0.146,12.2,0.092,1.45
2026-10-07,W1008,52.8248,10.868,0.0,15.4,13.0,0.136,12.4,0.092,2.06
2026-10-08,W1008,52.8248,10.868,8.33,12.4,12.8,0.18,12.8,0.093,1.3
2026-10-09,W1008,52.8248,10.868,2.6,10.0,10.2,0.185,11.2,0.098,0.9
2026-10-10,W1008,52.8248,10.868,3.6,11.7,12.2,0.193,11.4,0.103,1.42
2026-10-11,W1008,52.8248,10.868,0.75,10.8,10.4,0.185,11.0,0.107,1.63
2026-10-12,W1008,52.8248,10.868,6.0,10.1,10.1,0.179,10.4,0.11,0.96
2026-10-06,W1009,52.8248,10.8975,0.0,14.5,13.7,0.223,12.7,0.178,1.44
2026-10-07,W1009,52.8248,10.8975,0.0,15.3,13.4,0.211,12.9,0.178,2.05
2026-10-08,W1009,52.8248,10.8975,8.27,12.3,13.0,0.255,13.2,0.178,1.29
2026-10-09,W1009,52.8248,10.8975,2.6,10.0,10.6,0.267,11.7,0.182,0.9
2026-10-10,W1009,52.8248,10.8975,3.6,11.7,12.3,0.304,11.8,0.19,1.42
2026-10-11,W1009,52.8248,10.8975,0.75,10.8,10.7,0.284,11.4,0.197,1.63
2026-10-12,W1009,52.8248,10.8975,6.0,10.1,10.5,0.269,10.9,0.201,0.96
2026-10-06,W1010,52.8248,10.9271,0.0,14.7,13.7,0.223,12.7,0.178,1.45
2026-10-07,W1010,52.8248,10.9271,0.0,15.4,13.4,0.211,12.9,0.178,2.04
2026-10-08,W1010,52.8248,10.9271,8.95,12.3,13.0,0.255,13.2,0.178,1.31
2026-10-09,W1010,52.8248,10.9271,2.5,10.0,10.6,0.267,11.7,0.182,0.95
2026-10-10,W1010,52.8248,10.9271,3.6,11.7,12.3,0.304,11.8,0.19,1.49
2026-10-11,W1010,52.8248,10.9271,0.6,10.8,10.7,0.284,11.4,0.197,1.64
2026-10-12,W1010,52.8248,10.9271,6.0,10.1,10.5,0.269,10.9,0.201,0.96
2026-10-06,W1011,52.8248,10.9566,0.0,14.5,13.7,0.223,12.7,0.178,1.48
2026-10-07,W1011,52.8248,10.9566,0.0,15.1,13.4,0.211,12.9,0.178,2.06
2026-10-08,W1011,52.8248,10.9566,9.35,12.4,13.0,0.255,13.2,0.178,1.33
2026-10-09,W1011,52.8248,10.9566,2.5,10.1,10.6,0.267,11.7,0.182,0.95
2026-10-10,W1011,52.8248,10.9566,3.6,11.8,12.3,0.304,11.8,0.19,1.5
2026-10-11,W1011,52.8248,10.9566,0.6,10.8,10.7,0.284,11.4,0.197,1.68
2026-10-12,W1011,52.8248,10.9566,3.0,10.3,10.5,0.269,10.9,0.201,1.07
2026-10-06,W1012,52.8248,10.9861,0.0,14.6,13.7,0.223,12.7,0.178,1.48
2026-10-07,W1012,52.8248,10.9861,0.0,15.2,13.4,0.211,12.9,0.178,2.07
2026-10-08,W1012,52.8248,10.9861,9.43,12.5,13.0,0.255,13.2,0.178,1.35
2026-10-09,W1012,52.8248,10.9861,2.5,10.2,10.6,0.267,11.7,0.182,0.96
2026-10-10,W1012,52.8248,10.9861,3.3,11.9,12.3,0.304,11.8,0.19,1.54
2026-10-11,W1012,52.8248,10.9861,0.6,10.9,10.7,0.284,11.4,0.197,1.69
2026-10-12,W1012,52.8248,10.9861,3.0,10.4,10.5,0.269,10.9,0.201,1.07
2026-10-06,W1738,52.83378,11.00171,0.0,14.4,13.7,0.223,12.7,0.178,1.43
2026-10-07,W1738,52.83378,11.00171,0.0,15.5,13.4,0.211,12.9,0.178,2.1
2026-10-08,W1738,52.83378,11.00171,9.43,12.4,13.0,0.255,13.2,0.178,1.34
2026-10-09,W1738,52.83378,11.00171,2.5,10.2,10.6,0.267,11.7,0.182,0.96
2026-10-10,W1738,52.83378,11.00171,3.3,12.0,12.3,0.304,11.8,0.19,1.54
2026-10-11,W1738,52.83378,11.00171,0.6,11.0,10.7,0.284,11.4,0.197,1.69
2026-10-12,W1738,52.83378,11.00171,3.0,10.4,10.5,0.269,10.9,0.201,1.07
2026-10-06,W1013,52.8248,11.0452,0.0,14.4,13.7,0.223,12.7,0.178,1.45
2026-10-07,W1013,52.8248,11.0452,0.0,15.3,13.4,0.211,12.9,0.178,2.1
2026-10-08,W1013,52.8248,11.0452,8.83,12.5,13.0,0.255,13.2,0.178,1.35
2026-10-09,W1013,52.8248,11.0452,2.5,10.1,10.6,0.267,11.7,0.182,0.96
2026-10-10,W1013,52.8248,11.0452,3.3,11.9,12.3,0.304,11.8,0.19,1.57
2026-10-11,W1013,52.8248,11.0452,0.6,10.8,10.7,0.284,11.4,0.197,1.68
2026-10-12,W1013,52.8248,11.0452,3.0,10.3,10.5,0.269,10.9,0.201,1.07
2026-10-06,W1739,52.83378,11.06084,0.0,14.7,14.3,0.19,13.4,0.133,1.41
2026-10-07,W1739,52.83378,11.06084,0.0,15.7,14.2,0.179,13.8,0.133,2.07
2026-10-08,W1739,52.83378,11.06084,9.3,12.6,13.6,0.208,14.1,0.134,1.34
2026-10-09,W1739,52.83378,11.06084,2.5,10.2,11.0,0.216,12.5,0.135,0.96
2026-10-10,W1739,52.83378,11.06084,3.3,12.0,12.7,0.231,12.4,0.137,1.58
2026-10-11,W1739,52.83378,11.06084,0.6,10.9,11.2,0.226,12.1,0.139,1.69
2026-10-12,W1739,52.83378,11.06084,3.0,10.4,11.0,0.218,11.5,0.141,1.07
2026-10-06,W1014,52.8248,11.1043,0.0,14.7,14.3,0.19,13.4,0.133,1.43
2026-10-07,W1014,52.8248,11.1043,0.0,15.8,14.2,0.179,13.8,0.133,2.12
2026-10-08,W1014,52.8248,11.1043,10.83,12.6,13.6,0.208,14.1,0.134,1.35
2026-10-09,W1014,52.8248,11.1043,2.5,10.2,11.0,0.216,12.5,0.135,0.97
2026-10-10,W1014,52.8248,11.1043,3.3,11.9,12.7,0.231,12.4,0.137,1.56
2026-10-11,W1014,52.8248,11.1043,0.6,11.0,11.2,0.226,12.1,0.139,1.78
2026-10-12,W1014,52.8248,11.1043,5.1,10.2,11.0,0.218,11.5,0.141,1.05
2026-10-06,W1015,52.8248,11.1338,0.0,15.2,14.3,0.19,13.4,0.133,1.46
2026-10-07,W1015,52.8248,11.1338,0.0,15.3,14.2,0.179,13.8,0.133,2.08
2026-10-08,W1015,52.8248,11.1338,11.48,12.3,13.6,0.208,14.1,0.134,1.32
2026-10-09,W1015,52.8248,11.1338,2.5,10.3,11.0,0.216,12.5,0.135,0.98
2026-10-10,W1015,52.8248,11.1338,3.3,12.0,12.7,0.231,12.4,0.137,1.56
2026-10-11,W1015,52.8248,11.1338,0.6,11.1,11.2,0.226,12.1,0.139,1.78
2026-10-12,W1015,52.8248,11.1338,5.1,10.3,11.0,0.218,11.5,0.141,1.06
2026-10-06,W1740,52.83378,11.14953,0.0,14.5,14.3,0.19,13.4,0.133,1.38
2026-10-07,W1740,52.83378,11.14953,0.0,15.4,14.2,0.179,13.8,0.133,2.1
2026-10-08,W1740,52.83378,11.14953,11.33,12.4,13.6,0.208,14.1,0.134,1.34
2026-10-09,W1740,52.83378,11.14953,2.5,10.3,11.0,0.216,12.5,0.135,0.98
2026-10-10,W1740,52.83378,11.14953,3.3,12.0,12.7,0.231,12.4,0.137,1.56
2026-10-11,W1740,52.83378,11.14953,0.6,11.1,11.2,0.226,12.1,0.139,1.78
2026-10-12,W1740,52.83378,11.14953,5.1,10.3,11.0,0.218,11.5,0.141,1.06
2026-10-06,W1017,52.8428,10.1295,0.0,13.6,13.4,0.21,13.0,0.204,1.3
2026-10-07,W1017,52.8428,10.1295,0.0,15.7,13.6,0.199,13.2,0.199,2.02
2026-10-08,W1017,52.8428,10.1295,11.35,12.0,12.9,0.253,13.5,0.207,1.18
2026-10-09,W1017,52.8428,10.1295,5.3,9.8,10.3,0.242,11.4,0.218,0.61
2026-10-10,W1017,52.8428,10.1295,6.3,11.0,12.1,0.263,11.8,0.225,0.97
2026-10-11,W1017,52.8428,10.1295,3.3,10.4,10.5,0.244,11.3,0.228,1.28
2026-10-12,W1017,52.8428,10.1295,9.0,9.8,10.1,0.233,10.6,0.224,0.83
2026-10-06,W1018,52.8428,10.1591,0.0,14.1,13.4,0.21,13.0,0.204,1.35
2026-10-07,W1018,52.8428,10.1591,0.0,16.1,13.6,0.199,13.2,0.199,2.04
2026-10-08,W1018,52.8428,10.1591,12.9,12.1,12.9,0.253,13.5,0.207,1.14
2026-10-09,W1018,52.8428,10.1591,4.9,9.7,10.3,0.242,11.4,0.218,0.55
2026-10-10,W1018,52.8428,10.1591,6.9,10.9,12.1,0.263,11.8,0.225,0.91
2026-10-11,W1018,52.8428,10.1591,3.15,10.3,10.5,0.244,11.3,0.228,1.27
2026-10-12,W1018,52.8428,10.1591,9.0,9.7,10.1,0.233,10.6,0.224,0.83
2026-10-06,W1019,52.8428,10.1886,0.0,14.0,13.4,0.21,13.0,0.204,1.37
2026-10-07,W1019,52.8428,10.1886,0.0,15.9,13.6,0.199,13.2,0.199,2.01
2026-10-08,W1019,52.8428,10.1886,13.68,12.1,12.9,0.253,13.5,0.207,1.13
2026-10-09,W1019,52.8428,10.1886,4.9,9.6,10.3,0.242,11.4,0.218,0.55
2026-10-10,W1019,52.8428,10.1886,6.9,10.9,12.1,0.263,11.8,0.225,0.9
2026-10-11,W1019,52.8428,10.1886,3.15,10.2,10.5,0.244,11.3,0.228,1.27
2026-10-12,W1019,52.8428,10.1886,9.0,9.6,10.1,0.233,10.6,0.224,0.82
2026-10-06,W1020,52.8428,10.2182,0.0,14.0,13.4,0.223,12.9,0.227,1.38
2026-10-07,W1020,52.8428,10.2182,0.0,15.9,13.4,0.216,13.0,0.222,1.99
2026-10-08,W1020,52.8428,10.2182,14.53,12.1,12.9,0.258,13.3,0.227,1.13
2026-10-09,W1020,52.8428,10.2182,4.9,9.6,10.3,0.249,11.4,0.236,0.55
2026-10-10,W1020,52.8428,10.2182,6.9,10.8,12.1,0.265,11.8,0.241,0.9
2026-10-11,W1020,52.8428,10.2182,3.15,10.2,10.6,0.25,11.4,0.243,1.26
2026-10-12,W1020,52.8428,10.2182,9.0,9.5,10.2,0.241,10.7,0.239,0.82
2026-10-06,W1021,52.8428,10.2477,0.0,14.0,13.4,0.223,12.9,0.227,1.38
2026-10-07,W1021,52.8428,10.2477,0.0,15.8,13.4,0.216,13.0,0.222,1.98
2026-10-08,W1021,52.8428,10.2477,14.35,12.1,12.9,0.258,13.3,0.227,1.12
2026-10-09,W1021,52.8428,10.2477,4.4,9.5,10.3,0.249,11.4,0.236,0.55
2026-10-10,W1021,52.8428,10.2477,6.9,10.9,12.1,0.265,11.8,0.241,0.91
2026-10-11,W1021,52.8428,10.2477,3.15,10.1,10.6,0.25,11.4,0.243,1.26
2026-10-12,W1021,52.8428,10.2477,9.0,9.5,10.2,0.241,10.7,0.239,0.82
2026-10-06,W1022,52.8428,10.2772,0.0,14.3,13.4,0.223,12.9,0.227,1.41
2026-10-07,W1022,52.8428,10.2772,0.0,15.7,13.4,0.216,13.0,0.222,2.0
2026-10-08,W1022,52.8428,10.2772,15.73,12.1,12.9,0.258,13.3,0.227,1.12
2026-10-09,W1022,52.8428,10.2772,4.4,9.6,10.3,0.249,11.4,0.236,0.55
2026-10-10,W1022,52.8428,10.2772,6.9,10.9,12.1,0.265,11.8,0.241,0.91
2026-10-11,W1022,52.8428,10.2772,3.15,10.2,10.6,0.25,11.4,0.243,1.26
2026-10-12,W1022,52.8428,10.2772,9.0,9.5,10.2,0.241,10.7,0.239,0.82
2026-10-06,W1023,52.8428,10.3068,0.0,14.4,13.4,0.223,12.9,0.227,1.41
2026-10-07,W1023,52.8428,10.3068,0.0,15.7,13.4,0.216,13.0,0.222,2.0
2026-10-08,W1023,52.8428,10.3068,15.65,12.1,12.9,0.258,13.3,0.227,1.13
2026-10-09,W1023,52.8428,10.3068,3.9,9.5,10.3,0.249,11.4,0.236,0.57
2026-10-10,W1023,52.8428,10.3068,6.0,10.9,12.1,0.265,11.8,0.241,0.94
2026-10-11,W1023,52.8428,10.3068,3.15,10.2,10.6,0.25,11.4,0.243,1.27
2026-10-12,W1023,52.8428,10.3068,9.0,9.6,10.2,0.241,10.7,0.239,0.82
2026-10-06,W1024,52.8428,10.3363,0.0,14.3,13.4,0.223,12.9,0.227,1.4
2026-10-07,W1024,52.8428,10.3363,0.0,15.7,13.4,0.216,13.0,0.222,1.98
2026-10-08,W1024,52.8428,10.3363,15.48,12.0,12.9,0.258,13.3,0.227,1.13
2026-10-09,W1024,52.8428,10.3363,3.9,9.4,10.3,0.249,11.4,0.236,0.56
2026-10-10,W1024,52.8428,10.3363,6.0,10.8,12.1,0.265,11.8,0.241,0.94
2026-10-11,W1024,52.8428,10.3363,3.6,10.1,10.6,0.25,11.4,0.243,1.31
2026-10-12,W1024,52.8428,10.3363,9.9,9.5,10.2,0.241,10.7,0.239,0.8
2026-10-06,W1025,52.8428,10.3658,0.0,14.3,13.4,0.223,12.9,0.227,1.42
2026-10-07,W1025,52.8428,10.3658,0.0,15.6,13.4,0.216,13.0,0.222,1.97
2026-10-08,W1025,52.8428,10.3658,15.0,12.1,12.9,0.258,13.3,0.227,1.12
2026-10-09,W1025,52.8428,10.3658,3.8,9.4,10.3,0.249,11.4,0.236,0.57
2026-10-10,W1025,52.8428,10.3658,5.7,10.8,12.1,0.265,11.8,0.241,0.96
2026-10-11,W1025,52.8428,10.3658,3.45,10.2,10.6,0.25,11.4,0.243,1.32
2026-10-12,W1025,52.8428,10.3658,9.9,9.5,10.2,0.241,10.7,0.239,0.8
2026-10-06,W1026,52.8428,10.3954,0.0,14.3,13.7,0.183,13.0,0.162,1.43
2026-10-07,W1026,52.8428,10.3954,0.0,15.6,13.4,0.174,12.9,0.162,1.99
2026-10-08,W1026,52.8428,10.3954,14.6,12.1,12.9,0.242,13.2,0.174,1.13
2026-10-09,W1026,52.8428,10.3954,3.8,9.4,10.3,0.228,11.4,0.19,0.57
2026-10-10,W1026,52.8428,10.3954,5.7,10.8,12.1,0.242,11.7,0.197,0.96
2026-10-11,W1026,52.8428,10.3954,3.45,10.2,10.6,0.226,11.3,0.203,1.32
2026-10-12,W1026,52.8428,10.3954,9.9,9.5,10.2,0.217,10.7,0.203,0.8
2026-10-06,W1027,52.8428,10.4249,0.0,14.4,13.7,0.183,13.0,0.162,1.43
2026-10-07,W1027,52.8428,10.4249,0.0,15.7,13.4,0.174,12.9,0.162,1.99
2026-10-08,W1027,52.8428,10.4249,13.85,12.1,12.9,0.242,13.2,0.174,1.11
2026-10-09,W1027,52.8428,10.4249,3.2,9.5,10.3,0.228,11.4,0.19,0.58
2026-10-10,W1027,52.8428,10.4249,5.7,10.9,12.1,0.242,11.7,0.197,0.97
2026-10-11,W1027,52.8428,10.4249,3.45,10.2,10.6,0.226,11.3,0.203,1.32
2026-10-12,W1027,52.8428,10.4249,9.9,9.5,10.2,0.217,10.7,0.203,0.8
2026-10-06,W1028,52.8428,10.4545,0.0,14.7,13.7,0.183,13.0,0.162,1.46
2026-10-07,W1028,52.8428,10.4545,0.0,16.0,13.4,0.174,12.9,0.162,2.02
2026-10-08,W1028,52.8428,10.4545,12.95,12.3,12.9,0.242,13.2,0.174,1.14
2026-10-09,W1028,52.8428,10.4545,3.2,9.5,10.3,0.228,11.4,0.19,0.58
2026-10-10,W1028,52.8428,10.4545,5.7,10.9,12.1,0.242,11.7,0.197,0.97
2026-10-11,W1028,52.8428,10.4545,1.65,10.3,10.6,0.226,11.3,0.203,1.43
2026-10-12,W1028,52.8428,10.4545,4.8,9.8,10.2,0.217,10.7,0.203,0.94
2026-10-06,W1029,52.8428,10.484,0.0,14.7,13.7,0.183,13.0,0.162,1.47
2026-10-07,W1029,52.8428,10.484,0.0,15.8,13.4,0.174,12.9,0.162,1.99
2026-10-08,W1029,52.8428,10.484,12.78,12.1,12.9,0.242,13.2,0.174,1.15
2026-10-09,W1029,52.8428,10.484,3.2,9.4,10.3,0.228,11.4,0.19,0.62
2026-10-10,W1029,52.8428,10.484,5.4,10.8,12.1,0.242,11.7,0.197,1.02
2026-10-11,W1029,52.8428,10.484,1.65,10.2,10.6,0.226,11.3,0.203,1.44
2026-10-12,W1029,52.8428,10.484,4.8,9.7,10.2,0.217,10.7,0.203,0.94
2026-10-06,W1030,52.8428,10.5135,0.0,14.4,13.7,0.183,13.0,0.162,1.46
2026-10-07,W1030,52.8428,10.5135,0.0,15.4,13.4,0.174,12.9,0.162,1.95
2026-10-08,W1030,52.8428,10.5135,11.85,12.1,12.9,0.242,13.2,0.174,1.14
2026-10-09,W1030,52.8428,10.5135,3.2,9.5,10.3,0.228,11.4,0.19,0.62
2026-10-10,W1030,52.8428,10.5135,5.4,10.9,12.1,0.242,11.7,0.197,1.02
2026-10-11,W1030,52.8428,10.5135,1.65,10.3,10.6,0.226,11.3,0.203,1.44
2026-10-12,W1030,52.8428,10.5135,4.8,9.7,10.2,0.217,10.7,0.203,0.94
2026-10-06,W1031,52.8428,10.5431,0.0,14.9,13.7,0.183,13.0,0.162,1.47
2026-10-07,W1031,52.8428,10.5431,0.0,15.6,13.4,0.174,12.9,0.162,1.99
2026-10-08,W1031,52.8428,10.5431,11.35,12.3,12.9,0.242,13.2,0.174,1.18
2026-10-09,W1031,52.8428,10.5431,3.0,9.7,10.3,0.228,11.4,0.19,0.66
2026-10-10,W1031,52.8428,10.5431,4.8,11.2,12.1,0.242,11.7,0.197,1.08
2026-10-11,W1031,52.8428,10.5431,1.65,10.5,10.6,0.226,11.3,0.203,1.46
2026-10-12,W1031,52.8428,10.5431,4.8,9.9,10.2,0.217,10.7,0.203,0.95
2026-10-06,W1032,52.8428,10.5726,0.0,14.6,13.4,0.152,12.3,0.101,1.44
2026-10-07,W1032,52.8428,10.5726,0.0,15.3,13.1,0.141,12.4,0.1,1.95
2026-10-08,W1032,52.8428,10.5726,11.75,12.1,12.6,0.203,12.8,0.105,1.15
2026-10-09,W1032,52.8428,10.5726,3.0,9.7,10.0,0.201,10.9,0.116,0.66
2026-10-10,W1032,52.8428,10.5726,4.8,11.2,12.0,0.213,11.2,0.123,1.08
2026-10-11,W1032,52.8428,10.5726,1.65,10.5,10.3,0.2,10.8,0.13,1.46
2026-10-12,W1032,52.8428,10.5726,4.8,9.9,10.0,0.192,10.2,0.134,0.95
2026-10-06,W1033,52.8428,10.6021,0.0,14.6,13.4,0.152,12.3,0.101,1.44
2026-10-07,W1033,52.8428,10.6021,0.0,15.2,13.1,0.141,12.4,0.1,1.95
2026-10-08,W1033,52.8428,10.6021,11.85,12.1,12.6,0.203,12.8,0.105,1.22
2026-10-09,W1033,52.8428,10.6021,2.6,9.7,10.0,0.201,10.9,0.116,0.75
2026-10-10,W1033,52.8428,10.6021,4.2,11.3,12.0,0.213,11.2,0.123,1.2
2026-10-11,W1033,52.8428,10.6021,1.5,10.5,10.3,0.2,10.8,0.13,1.5
2026-10-12,W1033,52.8428,10.6021,4.8,9.9,10.0,0.192,10.2,0.134,0.95
2026-10-06,W1034,52.8428,10.6317,0.0,14.5,13.4,0.152,12.3,0.101,1.44
2026-10-07,W1034,52.8428,10.6317,0.0,15.3,13.1,0.141,12.4,0.1,2.0
2026-10-08,W1034,52.8428,10.6317,12.3,11.7,12.6,0.203,12.8,0.105,1.22
2026-10-09,W1034,52.8428,10.6317,2.6,9.7,10.0,0.201,10.9,0.116,0.75
2026-10-10,W1034,52.8428,10.6317,4.2,11.2,12.0,0.213,11.2,0.123,1.2
2026-10-11,W1034,52.8428,10.6317,1.5,10.5,10.3,0.2,10.8,0.13,1.49
2026-10-12,W1034,52.8428,10.6317,4.8,9.9,10.0,0.192,10.2,0.134,0.95
2026-10-06,W1035,52.8428,10.6612,0.0,14.8,13.4,0.152,12.3,0.101,1.46
2026-10-07,W1035,52.8428,10.6612,0.0,15.3,13.1,0.141,12.4,0.1,1.95
2026-10-08,W1035,52.8428,10.6612,12.57,12.0,12.6,0.203,12.8,0.105,1.25
2026-10-09,W1035,52.8428,10.6612,2.7,9.8,10.0,0.201,10.9,0.116,0.81
2026-10-10,W1035,52.8428,10.6612,4.2,11.3,12.0,0.213,11.2,0.123,1.26
2026-10-11,W1035,52.8428,10.6612,1.5,10.5,10.3,0.2,10.8,0.13,1.5
2026-10-12,W1035,52.8428,10.6612,4.8,9.9,10.0,0.192,10.2,0.134,0.95
2026-10-06,W1036,52.8428,10.7203,0.0,14.5,13.4,0.152,12.3,0.101,1.4
2026-10-07,W1036,52.8428,10.7203,0.0,15.8,13.1,0.141,12.4,0.1,2.06
2026-10-08,W1036,52.8428,10.7203,12.28,12.2,12.6,0.203,12.8,0.105,1.26
2026-10-09,W1036,52.8428,10.7203,2.4,9.9,10.0,0.201,10.9,0.116,0.83
2026-10-10,W1036,52.8428,10.7203,4.5,11.5,12.0,0.213,11.2,0.123,1.3
2026-10-11,W1036,52.8428,10.7203,0.75,10.7,10.3,0.2,10.8,0.13,1.6
2026-10-12,W1036,52.8428,10.7203,6.0,10.1,10.0,0.192,10.2,0.134,0.95
2026-10-06,W1037,52.8428,10.7498,0.0,14.3,13.5,0.146,12.2,0.092,1.39
2026-10-07,W1037,52.8428,10.7498,0.0,15.6,13.0,0.136,12.4,0.092,2.02
2026-10-08,W1037,52.8428,10.7498,10.45,12.1,12.8,0.18,12.8,0.093,1.25
2026-10-09,W1037,52.8428,10.7498,2.4,9.8,10.2,0.185,11.2,0.098,0.82
2026-10-10,W1037,52.8428,10.7498,4.5,11.4,12.2,0.193,11.4,0.103,1.3
2026-10-11,W1037,52.8428,10.7498,0.75,10.6,10.4,0.185,11.0,0.107,1.59
2026-10-12,W1037,52.8428,10.7498,6.0,9.9,10.1,0.179,10.4,0.11,0.95
2026-10-06,W1038,52.8428,10.7794,0.0,14.4,13.5,0.146,12.2,0.092,1.4
2026-10-07,W1038,52.8428,10.7794,0.0,15.9,13.0,0.136,12.4,0.092,2.02
2026-10-08,W1038,52.8428,10.7794,7.55,12.4,12.8,0.18,12.8,0.093,1.26
2026-10-09,W1038,52.8428,10.7794,2.4,9.8,10.2,0.185,11.2,0.098,0.82
2026-10-10,W1038,52.8428,10.7794,4.5,11.4,12.2,0.193,11.4,0.103,1.3
2026-10-11,W1038,52.8428,10.7794,0.75,10.6,10.4,0.185,11.0,0.107,1.59
2026-10-12,W1038,52.8428,10.7794,6.0,10.0,10.1,0.179,10.4,0.11,0.95
2026-10-06,W1039,52.8428,10.8089,0.0,14.2,13.5,0.146,12.2,0.092,1.39
2026-10-07,W1039,52.8428,10.8089,0.0,15.7,13.0,0.136,12.4,0.092,2.01
2026-10-08,W1039,52.8428,10.8089,7.6,12.2,12.8,0.18,12.8,0.093,1.27
2026-10-09,W1039,52.8428,10.8089,2.7,9.6,10.2,0.185,11.2,0.098,0.85
2026-10-10,W1039,52.8428,10.8089,3.9,11.2,12.2,0.193,11.4,0.103,1.33
2026-10-11,W1039,52.8428,10.8089,0.75,10.4,10.4,0.185,11.0,0.107,1.59
2026-10-12,W1039,52.8428,10.8089,6.0,9.7,10.1,0.179,10.4,0.11,0.94
2026-10-06,W1040,52.8428,10.8384,0.0,14.9,13.5,0.146,12.2,0.092,1.47
2026-10-07,W1040,52.8428,10.8384,0.0,15.4,13.0,0.136,12.4,0.092,2.01
2026-10-08,W1040,52.8428,10.8384,7.33,12.2,12.8,0.18,12.8,0.093,1.27
2026-10-09,W1040,52.8428,10.8384,2.7,9.8,10.2,0.185,11.2,0.098,0.86
2026-10-10,W1040,52.8428,10.8384,3.9,11.4,12.2,0.193,11.4,0.103,1.34
2026-10-11,W1040,52.8428,10.8384,0.75,10.5,10.4,0.185,11.0,0.107,1.6
2026-10-12,W1040,52.8428,10.8384,6.0,9.9,10.1,0.179,10.4,0.11,0.95
2026-10-06,W1041,52.8428,10.868,0.0,15.0,13.5,0.146,12.2,0.092,1.48
2026-10-07,W1041,52.8428,10.868,0.0,15.4,13.0,0.136,12.4,0.092,2.03
2026-10-08,W1041,52.8428,10.868,7.48,12.3,12.8,0.18,12.8,0.093,1.28
2026-10-09,W1041,52.8428,10.868,2.6,10.0,10.2,0.185,11.2,0.098,0.9
2026-10-10,W1041,52.8428,10.868,3.6,11.7,12.2,0.193,11.4,0.103,1.42
2026-10-11,W1041,52.8428,10.868,0.75,10.8,10.4,0.185,11.0,0.107,1.63
2026-10-12,W1041,52.8428,10.868,6.0,10.1,10.1,0.179,10.4,0.11,0.96
2026-10-06,W1042,52.8428,10.8975,0.0,14.7,13.7,0.223,12.7,0.178,1.44
2026-10-07,W1042,52.8428,10.8975,0.0,15.5,13.4,0.211,12.9,0.178,2.06
2026-10-08,W1042,52.8428,10.8975,8.25,12.3,13.0,0.255,13.2,0.178,1.28
2026-10-09,W1042,52.8428,10.8975,2.6,10.0,10.6,0.267,11.7,0.182,0.9
2026-10-10,W1042,52.8428,10.8975,3.6,11.7,12.3,0.304,11.8,0.19,1.42
2026-10-11,W1042,52.8428,10.8975,0.75,10.8,10.7,0.284,11.4,0.197,1.63
2026-10-12,W1042,52.8428,10.8975,6.0,10.1,10.5,0.269,10.9,0.201,0.96
2026-10-06,W1790,52.59955,10.73563,0.0,14.2,13.3,0.166,12.5,0.123,1.52
2026-10-07,W1790,52.59955,10.73563,0.0,15.3,13.6,0.157,12.9,0.123,2.03
2026-10-08,W1790,52.59955,10.73563,5.95,12.1,13.2,0.211,13.5,0.127,1.08
2026-10-09,W1790,52.59955,10.73563,2.0,9.7,10.7,0.207,11.7,0.138,0.72
2026-10-10,W1790,52.59955,10.73563,5.1,11.3,12.3,0.212,11.9,0.143,1.19
2026-10-11,W1790,52.59955,10.73563,2.25,10.8,10.7,0.206,11.5,0.149,1.62
2026-10-12,W1790,52.59955,10.73563,8.7,9.8,10.2,0.199,10.7,0.152,0.87
2026-10-06,W1791,52.61757,10.88345,0.0,14.4,13.7,0.221,13.1,0.172,1.53
2026-10-07,W1791,52.61757,10.88345,0.0,14.9,13.8,0.21,13.5,0.172,2.04
2026-10-08,W1791,52.61757,10.88345,10.55,12.0,13.3,0.245,13.8,0.173,1.2
2026-10-09,W1791,52.61757,10.88345,1.8,9.7,10.8,0.253,12.2,0.175,0.85
2026-10-10,W1791,52.61757,10.88345,3.9,11.4,12.4,0.259,12.2,0.177,1.4
2026-10-11,W1791,52.61757,10.88345,1.5,10.8,10.8,0.253,11.8,0.179,1.71
2026-10-12,W1791,52.61757,10.88345,8.4,9.9,10.5,0.247,11.1,0.181,0.9
2026-10-06,W1792,52.61757,10.91302,0.0,14.2,13.7,0.221,13.1,0.172,1.55
2026-10-07,W1792,52.61757,10.91302,0.0,15.7,13.8,0.21,13.5,0.172,2.18
2026-10-08,W1792,52.61757,10.91302,11.4,12.4,13.3,0.245,13.8,0.173,1.23
2026-10-09,W1792,52.61757,10.91302,1.8,9.9,10.8,0.253,12.2,0.175,0.86
2026-10-10,W1792,52.61757,10.91302,3.3,11.5,12.4,0.259,12.2,0.177,1.42
2026-10-11,W1792,52.61757,10.91302,1.35,10.9,10.8,0.253,11.8,0.179,1.72
2026-10-12,W1792,52.61757,10.91302,8.4,10.0,10.5,0.247,11.1,0.181,0.9
2026-10-06,W1793,52.61757,11.14953,0.0,14.9,14.0,0.209,13.5,0.151,1.45
2026-10-07,W1793,52.61757,11.14953,0.0,16.7,14.1,0.199,13.8,0.151,2.22
2026-10-08,W1793,52.61757,11.14953,8.43,13.2,13.5,0.234,14.1,0.152,1.38
2026-10-09,W1793,52.61757,11.14953,1.5,10.0,11.0,0.243,12.5,0.155,1.0
2026-10-10,W1793,52.61757,11.14953,3.0,11.6,12.7,0.246,12.5,0.157,1.56
2026-10-11,W1793,52.61757,11.14953,0.9,11.2,11.1,0.238,12.1,0.159,1.88
2026-10-12,W1793,52.61757,11.14953,10.2,10.0,10.8,0.232,11.5,0.161,0.92
2026-10-06,W1794,52.63559,10.29217,0.0,14.5,13.2,0.16,12.3,0.126,1.44
2026-10-07,W1794,52.63559,10.29217,0.0,16.0,13.3,0.148,12.7,0.125,2.13
2026-10-08,W1794,52.63559,10.29217,13.8,12.4,12.7,0.211,13.0,0.129,1.27
2026-10-09,W1794,52.63559,10.29217,4.7,10.1,10.2,0.211,11.2,0.14,0.8
2026-10-10,W1794,52.63559,10.29217,6.3,11.6,12.2,0.22,11.6,0.148,1.36
2026-10-11,W1794,52.63559,10.29217,3.75,10.8,10.4,0.203,11.1,0.153,1.56
2026-10-12,W1794,52.63559,10.29217,12.3,10.0,10.0,0.196,10.4,0.156,0.89
2026-10-06,W1795,52.63559,10.32173,0.0,14.5,12.9,0.176,12.0,0.164,1.41
2026-10-07,W1795,52.63559,10.32173,0.0,15.9,13.0,0.167,12.3,0.162,2.12
2026-10-08,W1795,52.63559,10.32173,14.03,12.3,12.3,0.236,12.6,0.171,1.28
2026-10-09,W1795,52.63559,10.32173,4.7,10.1,9.9,0.228,10.7,0.185,0.8
2026-10-10,W1795,52.63559,10.32173,6.3,11.6,11.9,0.243,11.2,0.193,1.36
2026-10-11,W1795,52.63559,10.32173,3.15,10.9,10.1,0.234,10.7,0.198,1.62
2026-10-12,W1795,52.63559,10.32173,10.2,10.0,9.6,0.231,10.0,0.203,0.88
2026-10-06,W1796,52.63559,10.52868,0.0,14.3,13.1,0.147,12.1,0.103,1.45
2026-10-07,W1796,52.63559,10.52868,0.0,15.5,13.3,0.135,12.5,0.103,2.04
2026-10-08,W1796,52.63559,10.52868,8.9,12.2,12.6,0.187,12.9,0.104,1.2
2026-10-09,W1796,52.63559,10.52868,3.9,9.9,10.1,0.194,11.1,0.111,0.73
2026-10-10,W1796,52.63559,10.52868,5.4,11.5,12.1,0.203,11.4,0.116,1.31
2026-10-11,W1796,52.63559,10.52868,3.0,10.9,10.2,0.191,11.0,0.121,1.59
2026-10-12,W1796,52.63559,10.52868,10.2,10.0,9.9,0.185,10.2,0.124,0.88
2026-10-06,W1797,52.63559,10.88345,0.0,14.7,13.7,0.221,13.1,0.172,1.55
2026-10-07,W1797,52.63559,10.88345,0.0,15.1,13.8,0.21,13.5,0.172,2.04
2026-10-08,W1797,52.63559,10.88345,10.02,12.2,13.3,0.245,13.8,0.173,1.22
2026-10-09,W1797,52.63559,10.88345,1.8,9.8,10.8,0.253,12.2,0.175,0.86
2026-10-10,W1797,52.63559,10.88345,3.9,11.4,12.4,0.259,12.2,0.177,1.41
2026-10-11,W1797,52.63559,10.88345,1.5,10.9,10.8,0.253,11.8,0.179,1.71
2026-10-12,W1797,52.63559,10.88345,8.4,9.9,10.5,0.247,11.1,0.181,0.9
2026-10-06,W1798,52.63559,10.91302,0.0,14.5,13.7,0.221,13.1,0.172,1.55
2026-10-07,W1798,52.63559,10.91302,0.0,15.3,13.8,0.21,13.5,0.172,2.13
2026-10-08,W1798,52.63559,10.91302,11.02,12.2,13.3,0.245,13.8,0.173,1.22
2026-10-09,W1798,52.63559,10.91302,1.8,9.9,10.8,0.253,12.2,0.175,0.86
2026-10-10,W1798,52.63559,10.91302,3.3,11.5,12.4,0.259,12.2,0.177,1.42
2026-10-11,W1798,52.63559,10.91302,1.35,10.9,10.8,0.253,11.8,0.179,1.71
2026-10-12,W1798,52.63559,10.91302,8.4,9.9,10.5,0.247,11.1,0.181,0.9
2026-10-06,W1799,52.63559,11.06084,0.0,15.1,14.0,0.209,13.5,0.151,1.48
2026-10-07,W1799,52.63559,11.06084,0.0,16.1,14.1,0.199,13.8,0.151,2.12
2026-10-08,W1799,52.63559,11.06084,8.9,12.8,13.5,0.234,14.1,0.152,1.31
2026-10-09,W1799,52.63559,11.06084,1.6,10.0,11.0,0.243,12.5,0.155,0.97
2026-10-10,W1799,52.63559,11.06084,3.3,11.6,12.7,0.246,12.5,0.157,1.51
2026-10-11,W1799,52.63559,11.06084,1.5,11.0,11.1,0.238,12.1,0.159,1.75
2026-10-12,W1799,52.63559,11.06084,8.4,10.0,10.8,0.232,11.5,0.161,0.9
2026-10-06,W1800,52.63559,11.14953,0.0,15.0,14.0,0.209,13.5,0.151,1.47
2026-10-07,W1800,52.63559,11.14953,0.0,16.3,14.1,0.199,13.8,0.151,2.23
2026-10-08,W1800,52.63559,11.14953,8.05,13.2,13.5,0.234,14.1,0.152,1.4
2026-10-09,W1800,52.63559,11.14953,1.5,9.9,11.0,0.243,12.5,0.155,1.0
2026-10-10,W1800,52.63559,11.14953,3.0,11.5,12.7,0.246,12.5,0.157,1.56
2026-10-11,W1800,52.63559,11.14953,0.9,11.1,11.1,0.238,12.1,0.159,1.88
2026-10-12,W1800,52.63559,11.14953,10.2,10.0,10.8,0.232,11.5,0.161,0.92
2026-10-06,W1801,52.6536,10.23304,0.0,14.4,13.2,0.16,12.3,0.126,1.36
2026-10-07,W1801,52.6536,10.23304,0.0,15.7,13.3,0.148,12.7,0.125,2.01
2026-10-08,W1801,52.6536,10.23304,13.48,12.1,12.7,0.211,13.0,0.129,1.22
2026-10-09,W1801,52.6536,10.23304,5.8,10.1,10.2,0.211,11.2,0.14,0.8
2026-10-10,W1801,52.6536,10.23304,6.0,11.6,12.2,0.22,11.6,0.148,1.36
2026-10-11,W1801,52.6536,10.23304,3.6,10.8,10.4,0.203,11.1,0.153,1.55
2026-10-12,W1801,52.6536,10.23304,12.3,10.0,10.0,0.196,10.4,0.156,0.89
