datum,ort,lat,lon,regen_icon,regen_era5,temperatur,bt07,bf07,bt728,bf728,et0,quelle
2026-10-01,W0013,52.068,10.1295,9.6,,16.5,15.6,0.17,15.5,0.192,1.32,icon_d2
2026-10-01,W0014,52.068,10.1591,10.5,,16.8,15.6,0.17,15.5,0.192,1.43,icon_d2
2026-10-01,W0015,52.068,10.1886,10.5,,17.4,15.7,0.148,16.0,0.149,1.48,icon_d2
2026-10-01,W0016,52.068,10.2182,10.3,,16.0,15.7,0.148,16.0,0.149,1.35,icon_d2
2026-10-01,W0005,52.05,10.2477,9.1,,17.2,15.7,0.148,16.0,0.149,1.5,icon_d2
2026-10-01,W1046,52.05901,10.2626,9.4,,16.2,15.7,0.148,16.0,0.149,1.39,icon_d2
2026-10-01,W1047,52.05901,10.29217,7.5,,15.5,15.7,0.148,16.0,0.149,1.36,icon_d2
2026-10-01,W0017,52.068,10.3363,7.0,,15.4,15.7,0.148,16.0,0.149,1.33,icon_d2
2026-10-01,W0018,52.068,10.3658,5.6,,16.1,15.6,0.13,15.5,0.142,1.38,icon_d2
2026-10-01,W0019,52.068,10.3954,4.6,,16.4,16.3,0.13,16.2,0.142,1.53,icon_d2
2026-10-01,W0020,52.068,10.4249,4.8,,16.2,16.3,0.13,16.2,0.142,1.45,icon_d2
2026-10-01,W1048,52.05901,10.43999,4.8,,16.3,16.3,0.13,16.2,0.142,1.45,icon_d2
2026-10-01,W1049,52.05901,10.46955,4.5,,16.2,16.3,0.13,16.2,0.142,1.4,icon_d2
2026-10-01,W0021,52.068,10.5135,4.0,,15.9,16.5,0.147,16.9,0.163,1.37,icon_d2
2026-10-01,W0022,52.068,10.5431,3.9,,16.1,16.5,0.147,16.9,0.163,1.35,icon_d2
2026-10-01,W1050,52.05901,10.55825,3.5,,16.1,16.5,0.147,16.9,0.163,1.32,icon_d2
2026-10-01,W1051,52.05901,10.58781,3.1,,15.9,16.5,0.147,16.9,0.163,1.34,icon_d2
2026-10-01,W0010,52.05,10.6317,2.7,,15.8,16.5,0.147,16.9,0.163,1.33,icon_d2
2026-10-01,W1053,52.05901,10.64694,2.5,,16.1,16.5,0.147,16.9,0.163,1.34,icon_d2
2026-10-01,W1054,52.05901,10.6765,2.3,,16.2,16.1,0.176,16.2,0.182,1.38,icon_d2
2026-10-01,W1055,52.05901,10.70607,2.1,,16.4,16.1,0.176,16.2,0.182,1.4,icon_d2
2026-10-01,W1056,52.05901,10.73563,2.4,,16.1,16.1,0.176,16.2,0.182,1.42,icon_d2
2026-10-01,W1057,52.05901,10.76519,1.7,,16.4,16.1,0.176,16.2,0.182,1.47,icon_d2
2026-10-01,W0011,52.05,10.8089,1.2,,16.4,16.1,0.176,16.2,0.182,1.48,icon_d2
2026-10-01,W1059,52.05901,10.82432,1.3,,16.4,16.1,0.176,16.2,0.182,1.51,icon_d2
2026-10-01,W1060,52.05901,10.85389,1.2,,16.5,15.7,0.178,15.6,0.202,1.61,icon_d2
2026-10-01,W1061,52.05901,10.88345,1.1,,16.3,15.7,0.178,15.6,0.202,1.59,icon_d2
2026-10-01,W1062,52.05901,10.91302,0.8,,16.1,15.7,0.178,15.6,0.202,1.57,icon_d2
2026-10-01,W1063,52.05901,10.94258,0.8,,16.1,15.7,0.178,15.6,0.202,1.57,icon_d2
2026-10-01,W1064,52.05901,10.97214,0.4,,16.2,15.7,0.178,15.6,0.202,1.66,icon_d2
2026-10-01,W1065,52.05901,11.00171,0.4,,16.1,15.7,0.178,15.6,0.202,1.66,icon_d2
2026-10-01,W1066,52.05901,11.03127,0.0,,16.9,16.0,0.159,15.4,0.195,1.85,icon_d2
2026-10-01,W1067,52.05901,11.06084,0.0,,17.1,16.0,0.159,15.4,0.195,1.89,icon_d2
2026-10-01,W1068,52.05901,11.0904,0.0,,17.0,16.0,0.159,15.4,0.195,1.88,icon_d2
2026-10-01,W1069,52.05901,11.11997,0.0,,17.3,16.0,0.159,15.4,0.195,1.94,icon_d2
2026-10-01,W1070,52.05901,11.14953,0.0,,17.3,16.0,0.159,15.4,0.195,1.93,icon_d2
2026-10-01,W0024,52.086,10.1295,8.5,,15.7,16.1,0.162,16.3,0.171,1.18,icon_d2
2026-10-01,W1071,52.07703,10.14435,9.5,,16.4,15.6,0.17,15.5,0.192,1.3,icon_d2
2026-10-01,W0025,52.086,10.1886,10.7,,16.5,15.7,0.148,16.0,0.149,1.37,icon_d2
2026-10-01,W0026,52.086,10.2182,10.6,,15.6,15.7,0.148,16.0,0.149,1.27,icon_d2
2026-10-01,W1072,52.07703,10.23304,11.0,,15.7,15.7,0.148,16.0,0.149,1.31,icon_d2
2026-10-01,W1073,52.07703,10.2626,9.5,,15.5,15.7,0.148,16.0,0.149,1.3,icon_d2
2026-10-01,W1575,52.07703,10.29217,7.9,,16.5,15.7,0.148,16.0,0.149,1.42,icon_d2
2026-10-01,W0027,52.086,10.3363,6.9,,16.1,16.4,0.132,16.6,0.148,1.41,icon_d2
2026-10-01,W0028,52.086,10.3658,6.5,,16.5,15.6,0.13,15.6,0.142,1.4,icon_d2
2026-10-01,W0029,52.086,10.3954,4.6,,16.6,16.3,0.13,16.2,0.142,1.54,icon_d2
2026-10-01,W1074,52.07703,10.41042,4.6,,16.5,16.3,0.13,16.2,0.142,1.53,icon_d2
2026-10-01,W1075,52.07703,10.43999,4.4,,16.1,16.3,0.13,16.2,0.142,1.43,icon_d2
2026-10-01,W1076,52.07703,10.46955,4.4,,16.1,16.3,0.13,16.2,0.142,1.43,icon_d2
2026-10-01,W0030,52.086,10.5135,4.5,,16.1,16.1,0.121,16.3,0.15,1.37,icon_d2
2026-10-01,W0031,52.086,10.5431,3.8,,16.4,16.5,0.147,16.9,0.163,1.39,icon_d2
2026-10-01,W0032,52.086,10.5726,2.9,,16.4,16.5,0.147,16.9,0.163,1.37,icon_d2
2026-10-01,W1077,52.07703,10.58781,2.9,,16.2,16.5,0.147,16.9,0.163,1.36,icon_d2
2026-10-01,W1576,52.07703,10.61737,2.8,,16.3,16.5,0.147,16.9,0.163,1.35,icon_d2
2026-10-01,W1078,52.07703,10.64694,2.8,,16.3,16.5,0.147,16.9,0.163,1.35,icon_d2
2026-10-01,W1079,52.07703,10.6765,2.5,,16.4,16.1,0.176,16.2,0.182,1.38,icon_d2
2026-10-01,W1080,52.07703,10.70607,2.2,,16.3,16.1,0.176,16.2,0.182,1.42,icon_d2
2026-10-01,W1081,52.07703,10.73563,1.7,,16.4,16.1,0.176,16.2,0.182,1.46,icon_d2
2026-10-01,W1082,52.07703,10.76519,1.9,,16.6,16.1,0.176,16.2,0.182,1.45,icon_d2
2026-10-01,W1577,52.07703,10.79476,1.6,,16.5,16.1,0.176,16.2,0.182,1.52,icon_d2
2026-10-01,W1083,52.07703,10.82432,1.6,,16.6,16.4,0.155,16.6,0.174,1.53,icon_d2
2026-10-01,W1084,52.07703,10.85389,1.2,,16.8,15.7,0.178,15.6,0.202,1.69,icon_d2
2026-10-01,W1085,52.07703,10.88345,1.2,,16.5,15.7,0.178,15.6,0.202,1.66,icon_d2
2026-10-01,W1086,52.07703,10.91302,1.0,,16.6,15.7,0.178,15.6,0.202,1.58,icon_d2
2026-10-01,W1087,52.07703,10.94258,1.0,,16.6,15.7,0.178,15.6,0.202,1.58,icon_d2
2026-10-01,W1088,52.07703,10.97214,0.4,,16.6,15.7,0.178,15.6,0.202,1.6,icon_d2
2026-10-01,W1089,52.07703,11.00171,0.3,,16.5,16.8,0.13,16.5,0.157,1.67,icon_d2
2026-10-01,W1090,52.07703,11.03127,0.1,,16.7,16.0,0.159,15.4,0.195,1.78,icon_d2
2026-10-01,W1091,52.07703,11.06084,0.0,,16.9,16.0,0.159,15.4,0.195,1.88,icon_d2
2026-10-01,W1092,52.07703,11.0904,0.0,,17.5,16.0,0.159,15.4,0.195,1.92,icon_d2
2026-10-01,W0033,52.086,11.1338,0.0,,17.6,17.0,0.135,16.6,0.164,1.92,icon_d2
2026-10-01,W1093,52.07703,11.14953,0.0,,17.7,17.0,0.135,16.6,0.164,1.93,icon_d2
2026-10-01,W1094,52.09505,10.11478,8.5,,16.2,16.1,0.162,16.3,0.171,1.2,icon_d2
2026-10-01,W1095,52.09505,10.14435,8.5,,16.3,16.1,0.162,16.3,0.171,1.2,icon_d2
2026-10-01,W1096,52.09505,10.17391,9.8,,16.0,16.1,0.162,16.3,0.171,1.22,icon_d2
2026-10-01,W1097,52.09505,10.20347,11.3,,16.3,15.7,0.148,16.0,0.149,1.37,icon_d2
2026-10-01,W1098,52.09505,10.23304,10.6,,16.8,15.7,0.148,16.0,0.149,1.46,icon_d2
2026-10-01,W1099,52.09505,10.2626,10.4,,16.1,16.4,0.132,16.6,0.148,1.31,icon_d2
2026-10-01,W1100,52.09505,10.29217,9.4,,16.7,16.4,0.132,16.6,0.148,1.45,icon_d2
2026-10-01,W1101,52.09505,10.32173,8.3,,16.1,16.4,0.132,16.6,0.148,1.39,icon_d2
2026-10-01,W1578,52.09505,10.3513,6.1,,16.9,16.3,0.13,16.2,0.142,1.56,icon_d2
2026-10-01,W1102,52.09505,10.38086,4.8,,16.4,16.3,0.13,16.2,0.142,1.48,icon_d2
2026-10-01,W1103,52.09505,10.41042,4.5,,16.1,16.3,0.13,16.2,0.142,1.46,icon_d2
2026-10-01,W1104,52.09505,10.43999,4.5,,16.2,16.7,0.121,16.9,0.15,1.47,icon_d2
2026-10-01,W1105,52.09505,10.46955,4.4,,16.1,16.7,0.121,16.9,0.15,1.43,icon_d2
2026-10-01,W1106,52.09505,10.49912,4.4,,16.3,16.7,0.121,16.9,0.15,1.45,icon_d2
2026-10-01,W1107,52.09505,10.52868,4.0,,16.4,16.5,0.147,16.9,0.163,1.46,icon_d2
2026-10-01,W1108,52.09505,10.55825,3.0,,16.1,16.5,0.147,16.9,0.163,1.35,icon_d2
2026-10-01,W1109,52.09505,10.58781,3.0,,16.1,16.5,0.142,16.8,0.149,1.35,icon_d2
2026-10-01,W1110,52.09505,10.61737,2.7,,16.4,16.5,0.142,16.8,0.149,1.4,icon_d2
2026-10-01,W1111,52.09505,10.64694,2.9,,16.7,16.5,0.142,16.8,0.149,1.5,icon_d2
2026-10-01,W1112,52.09505,10.6765,2.2,,16.6,16.5,0.142,16.8,0.149,1.46,icon_d2
2026-10-01,W1113,52.09505,10.70607,2.1,,16.8,16.1,0.176,16.2,0.182,1.52,icon_d2
2026-10-01,W1114,52.09505,10.73563,2.3,,16.4,16.1,0.176,16.2,0.182,1.47,icon_d2
2026-10-01,W1115,52.09505,10.76519,2.3,,16.6,16.4,0.155,16.6,0.174,1.48,icon_d2
2026-10-01,W1579,52.09505,10.79476,1.7,,16.4,16.4,0.155,16.6,0.174,1.47,icon_d2
2026-10-01,W1116,52.09505,10.82432,1.4,,16.7,16.4,0.155,16.6,0.174,1.65,icon_d2
2026-10-01,W1117,52.09505,10.85389,1.1,,16.7,15.7,0.178,15.6,0.202,1.69,icon_d2
2026-10-01,W1580,52.09505,10.88345,1.1,,16.7,15.7,0.178,15.6,0.202,1.68,icon_d2
2026-10-01,W1118,52.09505,10.91302,0.6,,16.7,15.7,0.178,15.6,0.202,1.61,icon_d2
2026-10-01,W1581,52.09505,10.94258,0.6,,16.8,16.8,0.13,16.5,0.157,1.61,icon_d2
2026-10-01,W1119,52.09505,10.97214,0.4,,16.6,16.8,0.13,16.5,0.157,1.6,icon_d2
2026-10-01,W1120,52.09505,11.00171,0.3,,16.6,16.8,0.13,16.5,0.157,1.62,icon_d2
2026-10-01,W1121,52.09505,11.03127,0.0,,16.9,16.0,0.159,15.4,0.195,1.79,icon_d2
2026-10-01,W1122,52.09505,11.06084,0.0,,17.0,16.0,0.159,15.4,0.195,1.8,icon_d2
2026-10-01,W1123,52.09505,11.0904,0.0,,17.2,17.0,0.135,16.6,0.164,1.89,icon_d2
2026-10-01,W1124,52.09505,11.11997,0.0,,17.3,17.0,0.135,16.6,0.164,1.89,icon_d2
2026-10-01,W1125,52.09505,11.14953,0.0,,17.6,17.0,0.135,16.6,0.164,1.88,icon_d2
2026-10-01,W0034,52.1041,10.1295,8.5,,16.2,16.1,0.162,16.3,0.171,1.2,icon_d2
2026-10-01,W0035,52.1041,10.1591,10.5,,16.4,16.1,0.162,16.3,0.171,1.3,icon_d2
2026-10-01,W1126,52.11306,10.17391,9.8,,16.1,16.1,0.162,16.3,0.171,1.23,icon_d2
2026-10-01,W0036,52.1041,10.2182,11.3,,16.1,15.7,0.148,16.0,0.149,1.36,icon_d2
2026-10-01,W0037,52.1041,10.2477,10.6,,16.6,16.4,0.132,16.6,0.148,1.45,icon_d2
2026-10-01,W0038,52.1041,10.2772,10.4,,15.7,15.7,0.132,15.9,0.148,1.29,icon_d2
2026-10-01,W0039,52.1041,10.3068,9.4,,16.5,16.4,0.132,16.6,0.148,1.44,icon_d2
2026-10-01,W0040,52.1041,10.3363,7.4,,16.4,16.4,0.132,16.6,0.148,1.5,icon_d2
2026-10-01,W0041,52.1041,10.3658,6.1,,17.3,16.3,0.13,16.2,0.142,1.58,icon_d2
2026-10-01,W1127,52.11306,10.38086,5.4,,16.5,16.7,0.121,16.9,0.15,1.41,icon_d2
2026-10-01,W1128,52.11306,10.41042,4.7,,16.1,16.7,0.121,16.9,0.15,1.39,icon_d2
2026-10-01,W1129,52.11306,10.43999,5.5,,16.1,16.7,0.121,16.9,0.15,1.43,icon_d2
2026-10-01,W0042,52.1041,10.484,4.6,,16.4,16.7,0.121,16.9,0.15,1.46,icon_d2
2026-10-01,W0043,52.1041,10.5135,4.0,,16.3,16.0,0.121,16.2,0.15,1.46,icon_d2
2026-10-01,W0044,52.1041,10.5431,4.0,,16.7,16.5,0.147,16.9,0.163,1.47,icon_d2
2026-10-01,W1130,52.11306,10.55825,3.1,,16.6,16.5,0.142,16.8,0.149,1.45,icon_d2
2026-10-01,W1131,52.11306,10.58781,3.3,,16.2,16.5,0.142,16.8,0.149,1.41,icon_d2
2026-10-01,W1132,52.11306,10.61737,3.2,,16.6,16.5,0.142,16.8,0.149,1.41,icon_d2
2026-10-01,W1582,52.11306,10.64694,2.4,,16.8,16.5,0.142,16.8,0.149,1.59,icon_d2
2026-10-01,W1133,52.11306,10.6765,2.6,,16.8,16.5,0.142,16.8,0.149,1.59,icon_d2
2026-10-01,W1134,52.11306,10.70607,2.0,,16.5,16.4,0.155,16.6,0.174,1.52,icon_d2
2026-10-01,W1135,52.11306,10.73563,2.3,,16.3,16.4,0.155,16.6,0.174,1.44,icon_d2
2026-10-01,W1136,52.11306,10.76519,2.6,,16.3,16.4,0.155,16.6,0.174,1.46,icon_d2
2026-10-01,W1137,52.11306,10.79476,1.6,,16.5,16.4,0.155,16.6,0.174,1.5,icon_d2
2026-10-01,W1138,52.11306,10.82432,1.4,,16.7,16.4,0.155,16.6,0.174,1.61,icon_d2
2026-10-01,W1139,52.11306,10.85389,1.1,,16.8,16.4,0.155,16.6,0.174,1.7,icon_d2
2026-10-01,W1140,52.11306,10.88345,1.1,,16.9,16.8,0.13,16.5,0.157,1.7,icon_d2
2026-10-01,W1141,52.11306,10.91302,0.9,,17.4,16.8,0.13,16.5,0.157,1.74,icon_d2
2026-10-01,W1142,52.11306,10.94258,0.7,,17.3,16.8,0.13,16.5,0.157,1.58,icon_d2
2026-10-01,W1143,52.11306,10.97214,0.3,,16.9,16.8,0.13,16.5,0.157,1.54,icon_d2
2026-10-01,W1144,52.11306,11.00171,0.2,,16.7,16.8,0.13,16.5,0.157,1.56,icon_d2
2026-10-01,W1145,52.11306,11.03127,0.2,,16.8,17.0,0.135,16.6,0.164,1.62,icon_d2
2026-10-01,W1146,52.11306,11.06084,0.0,,17.0,17.0,0.135,16.6,0.164,1.74,icon_d2
2026-10-01,W1147,52.11306,11.0904,0.0,,17.2,17.0,0.135,16.6,0.164,1.86,icon_d2
2026-10-01,W1148,52.11306,11.11997,0.0,,17.6,17.0,0.135,16.6,0.164,1.86,icon_d2
2026-10-01,W1149,52.11306,11.14953,0.0,,17.3,17.0,0.135,16.6,0.164,1.85,icon_d2
2026-10-01,W0046,52.1221,10.1295,8.4,,16.5,16.1,0.162,16.3,0.171,1.27,icon_d2
2026-10-01,W0047,52.1221,10.1591,9.2,,16.0,16.1,0.162,16.3,0.171,1.17,icon_d2
2026-10-01,W0048,52.1221,10.1886,9.8,,16.1,16.1,0.162,16.3,0.171,1.23,icon_d2
2026-10-01,W0049,52.1221,10.2182,11.0,,16.2,16.4,0.132,16.6,0.148,1.36,icon_d2
2026-10-01,W0050,52.1221,10.2477,10.6,,16.6,16.4,0.132,16.6,0.148,1.48,icon_d2
2026-10-01,W0051,52.1221,10.2772,9.4,,16.2,16.4,0.132,16.6,0.148,1.49,icon_d2
2026-10-01,W0052,52.1221,10.3068,9.4,,16.3,16.4,0.132,16.6,0.148,1.5,icon_d2
2026-10-01,W0053,52.1221,10.3363,6.9,,16.5,16.4,0.132,16.6,0.148,1.5,icon_d2
2026-10-01,W1150,52.13108,10.3513,6.2,,16.4,16.4,0.132,16.6,0.148,1.39,icon_d2
2026-10-01,W0054,52.1221,10.3954,5.4,,16.6,16.7,0.121,16.9,0.15,1.41,icon_d2
2026-10-01,W1151,52.13108,10.41042,5.2,,16.3,16.7,0.121,16.9,0.15,1.38,icon_d2
2026-10-01,W1152,52.13108,10.43999,5.1,,16.0,16.7,0.121,16.9,0.15,1.39,icon_d2
2026-10-01,W0055,52.1221,10.484,4.9,,16.2,16.7,0.121,16.9,0.15,1.43,icon_d2
2026-10-01,W0056,52.1221,10.5135,4.1,,16.5,16.7,0.121,16.9,0.15,1.47,icon_d2
2026-10-01,W0057,52.1221,10.5431,3.1,,16.5,16.5,0.142,16.8,0.149,1.45,icon_d2
2026-10-01,W0058,52.1221,10.5726,3.3,,16.4,16.5,0.142,16.8,0.149,1.42,icon_d2
2026-10-01,W1153,52.13108,10.58781,3.2,,16.2,16.5,0.142,16.8,0.149,1.37,icon_d2
2026-10-01,W1583,52.13108,10.61737,2.4,,17.1,16.5,0.142,16.8,0.149,1.57,icon_d2
2026-10-01,W0059,52.1221,10.6612,2.4,,16.7,16.5,0.142,16.8,0.149,1.59,icon_d2
2026-10-01,W0060,52.1221,10.6908,2.0,,16.3,16.4,0.155,16.6,0.174,1.51,icon_d2
2026-10-01,W1154,52.13108,10.70607,2.1,,16.5,16.4,0.155,16.6,0.174,1.57,icon_d2
2026-10-01,W1155,52.13108,10.73563,1.9,,16.5,16.4,0.155,16.6,0.174,1.49,icon_d2
2026-10-01,W1584,52.13108,10.76519,1.8,,16.6,16.4,0.155,16.6,0.174,1.48,icon_d2
2026-10-01,W1156,52.13108,10.79476,1.9,,17.1,16.4,0.155,16.6,0.174,1.61,icon_d2
2026-10-01,W1157,52.13108,10.82432,1.8,,16.9,16.4,0.155,16.6,0.174,1.67,icon_d2
2026-10-01,W1158,52.13108,10.85389,1.4,,17.2,16.4,0.155,16.6,0.174,1.74,icon_d2
2026-10-01,W1159,52.13108,10.88345,1.3,,17.4,16.8,0.13,16.5,0.157,1.77,icon_d2
2026-10-01,W1160,52.13108,10.91302,0.9,,17.0,16.8,0.13,16.5,0.157,1.72,icon_d2
2026-10-01,W1161,52.13108,10.94258,0.7,,16.9,16.8,0.13,16.5,0.157,1.57,icon_d2
2026-10-01,W0061,52.1221,10.9861,0.3,,16.9,16.8,0.13,16.5,0.157,1.54,icon_d2
2026-10-01,W0062,52.1221,11.0157,0.2,,16.6,16.8,0.13,16.5,0.157,1.56,icon_d2
2026-10-01,W0063,52.1221,11.0452,0.2,,16.6,17.0,0.135,16.6,0.164,1.62,icon_d2
2026-10-01,W1162,52.13108,11.06084,0.2,,17.1,17.0,0.135,16.6,0.164,1.74,icon_d2
2026-10-01,W1163,52.13108,11.0904,0.0,,17.5,17.0,0.135,16.6,0.164,1.87,icon_d2
2026-10-01,W1164,52.13108,11.11997,0.0,,17.3,17.0,0.135,16.6,0.164,1.86,icon_d2
2026-10-01,W1165,52.13108,11.14953,0.0,,17.1,17.0,0.135,16.6,0.164,1.83,icon_d2
2026-10-01,W0065,52.1401,10.1295,8.8,,17.2,16.1,0.162,16.3,0.171,1.47,icon_d2
2026-10-01,W0066,52.1401,10.1591,9.0,,16.2,16.1,0.162,16.3,0.171,1.32,icon_d2
2026-10-01,W0067,52.1401,10.1886,9.8,,16.3,16.1,0.162,16.3,0.171,1.35,icon_d2
2026-10-01,W0068,52.1401,10.2182,11.3,,16.1,16.4,0.132,16.6,0.148,1.38,icon_d2
2026-10-01,W1166,52.1491,10.23304,11.3,,16.2,16.4,0.132,16.6,0.148,1.39,icon_d2
2026-10-01,W1167,52.1491,10.2626,9.7,,16.5,16.4,0.132,16.6,0.148,1.46,icon_d2
2026-10-01,W1168,52.1491,10.29217,9.7,,16.5,16.4,0.132,16.6,0.148,1.46,icon_d2
2026-10-01,W1169,52.1491,10.32173,7.6,,16.4,16.4,0.132,16.6,0.148,1.41,icon_d2
2026-10-01,W0069,52.1401,10.3658,6.2,,16.4,16.7,0.121,16.9,0.15,1.39,icon_d2
2026-10-01,W0084,52.1581,10.3954,5.8,,16.7,16.7,0.121,16.9,0.15,1.39,icon_d2
2026-10-01,W0085,52.1581,10.4249,5.8,,16.7,16.7,0.121,16.9,0.15,1.39,icon_d2
2026-10-01,W1170,52.1491,10.43999,5.1,,16.1,16.7,0.121,16.9,0.15,1.39,icon_d2
2026-10-01,W0070,52.1401,10.484,5.0,,16.6,16.7,0.121,16.9,0.15,1.44,icon_d2
2026-10-01,W0071,52.1401,10.5135,4.2,,16.8,16.7,0.121,16.9,0.15,1.51,icon_d2
2026-10-01,W0072,52.1401,10.5431,3.8,,16.5,16.5,0.142,16.8,0.149,1.46,icon_d2
2026-10-01,W0073,52.1401,10.5726,3.2,,16.4,16.5,0.142,16.8,0.149,1.38,icon_d2
2026-10-01,W1171,52.1491,10.58781,3.2,,16.4,16.5,0.142,16.8,0.149,1.38,icon_d2
2026-10-01,W0074,52.1401,10.6317,2.7,,16.2,15.8,0.142,16.1,0.149,1.5,icon_d2
2026-10-01,W0075,52.1401,10.6612,3.2,,15.9,15.8,0.142,16.0,0.149,1.51,icon_d2
2026-10-01,W0076,52.1401,10.6908,2.1,,16.9,16.4,0.155,16.6,0.174,1.59,icon_d2
2026-10-01,W0077,52.1401,10.7203,1.9,,16.6,16.4,0.155,16.6,0.174,1.49,icon_d2
2026-10-01,W1172,52.1491,10.73563,1.9,,16.6,16.4,0.155,16.6,0.174,1.49,icon_d2
2026-10-01,W1173,52.1491,10.76519,1.8,,16.6,16.4,0.155,16.6,0.174,1.48,icon_d2
2026-10-01,W1174,52.1491,10.79476,1.9,,17.0,16.4,0.155,16.6,0.174,1.61,icon_d2
2026-10-01,W0090,52.1581,10.8384,1.8,,16.8,17.0,0.143,16.8,0.148,1.58,icon_d2
2026-10-01,W0078,52.1401,10.868,1.4,,17.1,16.8,0.13,16.5,0.157,1.74,icon_d2
2026-10-01,W0079,52.1401,10.8975,1.3,,16.8,16.8,0.13,16.5,0.157,1.74,icon_d2
2026-10-01,W0080,52.1401,10.9271,0.9,,17.1,16.1,0.13,15.7,0.157,1.7,icon_d2
2026-10-01,W0081,52.1401,10.9566,0.7,,17.1,16.8,0.13,16.5,0.157,1.6,icon_d2
2026-10-01,W0095,52.1581,10.9861,0.4,,17.0,17.7,0.115,17.3,0.147,1.61,icon_d2
2026-10-01,W0096,52.1581,11.0157,0.4,,16.5,17.7,0.115,17.3,0.147,1.63,icon_d2
2026-10-01,W0082,52.1401,11.0452,0.1,,16.8,17.0,0.135,16.6,0.164,1.63,icon_d2
2026-10-01,W1175,52.1491,11.06084,0.2,,17.1,17.0,0.135,16.6,0.164,1.74,icon_d2
2026-10-01,W0098,52.1581,11.1043,0.0,,17.0,17.0,0.135,16.6,0.164,1.85,icon_d2
2026-10-01,W1176,52.1491,11.11997,0.0,,17.2,17.0,0.135,16.6,0.164,1.86,icon_d2
2026-10-01,W1177,52.1491,11.14953,0.0,,17.1,17.0,0.135,16.6,0.164,1.83,icon_d2
2026-10-01,W1585,52.16712,10.11478,8.1,,17.1,16.0,0.182,16.2,0.183,1.47,icon_d2
2026-10-01,W1178,52.16712,10.14435,8.2,,17.3,16.0,0.182,16.2,0.183,1.57,icon_d2
2026-10-01,W1179,52.16712,10.17391,9.7,,16.7,16.0,0.182,16.2,0.183,1.47,icon_d2
2026-10-01,W0099,52.1761,10.2182,11.0,,16.1,16.4,0.132,16.6,0.148,1.4,icon_d2
2026-10-01,W1180,52.16712,10.23304,10.6,,15.7,16.4,0.132,16.6,0.148,1.31,icon_d2
2026-10-01,W1181,52.16712,10.2626,10.7,,15.6,16.4,0.132,16.6,0.148,1.3,icon_d2
2026-10-01,W1182,52.16712,10.29217,7.8,,16.4,16.6,0.143,16.8,0.15,1.37,icon_d2
2026-10-01,W1183,52.16712,10.32173,7.8,,16.4,16.6,0.143,16.8,0.15,1.37,icon_d2
2026-10-01,W0100,52.1761,10.3658,7.1,,16.5,16.6,0.143,16.8,0.15,1.42,icon_d2
2026-10-01,W1184,52.16712,10.38086,6.9,,16.5,16.7,0.121,16.9,0.15,1.39,icon_d2
2026-10-01,W0101,52.1761,10.4249,5.8,,16.4,16.7,0.137,17.0,0.143,1.38,icon_d2
2026-10-01,W0102,52.1761,10.4545,5.0,,16.4,16.7,0.137,17.0,0.143,1.44,icon_d2
2026-10-01,W0103,52.1761,10.484,5.0,,16.6,16.7,0.137,17.0,0.143,1.45,icon_d2
2026-10-01,W1185,52.16712,10.49912,4.6,,16.6,16.7,0.137,17.0,0.143,1.44,icon_d2
2026-10-01,W0104,52.1761,10.5431,4.1,,16.8,16.5,0.142,16.8,0.149,1.52,icon_d2
2026-10-01,W1186,52.16712,10.55825,3.7,,16.3,16.5,0.142,16.8,0.149,1.39,icon_d2
2026-10-01,W1187,52.16712,10.58781,3.7,,16.3,16.5,0.142,16.8,0.149,1.39,icon_d2
2026-10-01,W1188,52.16712,10.61737,3.1,,16.9,16.7,0.135,16.7,0.149,1.53,icon_d2
2026-10-01,W1189,52.16712,10.64694,2.7,,17.0,16.7,0.135,16.7,0.149,1.53,icon_d2
2026-10-01,W1586,52.16712,10.6765,3.2,,16.8,16.7,0.135,16.7,0.149,1.54,icon_d2
2026-10-01,W1190,52.16712,10.70607,2.1,,16.9,16.4,0.155,16.6,0.174,1.63,icon_d2
2026-10-01,W1587,52.16712,10.73563,2.3,,16.9,16.4,0.155,16.6,0.174,1.63,icon_d2
2026-10-01,W0105,52.1761,10.7794,2.5,,17.5,17.0,0.143,16.8,0.148,1.56,icon_d2
2026-10-01,W0106,52.1761,10.8089,2.5,,17.4,17.0,0.143,16.8,0.148,1.56,icon_d2
2026-10-01,W0107,52.1761,10.8384,1.9,,17.1,17.0,0.143,16.8,0.148,1.54,icon_d2
2026-10-01,W0108,52.1761,10.868,1.4,,17.2,17.0,0.143,16.8,0.148,1.58,icon_d2
2026-10-01,W0109,52.1761,10.8975,0.9,,16.9,16.8,0.13,16.5,0.157,1.64,icon_d2
2026-10-01,W0110,52.1761,10.9271,0.9,,17.3,17.7,0.115,17.3,0.147,1.66,icon_d2
2026-10-01,W0111,52.1761,10.9566,0.9,,16.9,17.7,0.115,17.3,0.147,1.64,icon_d2
2026-10-01,W0112,52.1761,10.9861,0.5,,17.2,17.7,0.115,17.3,0.147,1.64,icon_d2
2026-10-01,W0113,52.1761,11.0157,0.4,,16.7,17.7,0.115,17.3,0.147,1.62,icon_d2
2026-10-01,W0114,52.1761,11.0452,0.2,,16.9,17.0,0.135,16.6,0.164,1.74,icon_d2
2026-10-01,W1191,52.16712,11.06084,0.1,,17.4,17.0,0.135,16.6,0.164,1.83,icon_d2
2026-10-01,W0115,52.1761,11.1043,0.0,,16.8,17.6,0.108,16.8,0.145,1.84,icon_d2
2026-10-01,W1192,52.16712,11.11997,0.0,,17.0,17.6,0.108,16.8,0.145,1.85,icon_d2
2026-10-01,W1193,52.16712,11.14953,0.0,,16.9,17.6,0.108,16.8,0.145,1.85,icon_d2
2026-10-01,W0116,52.1941,10.1,7.7,,16.8,16.0,0.182,16.2,0.183,1.35,icon_d2
2026-10-01,W1194,52.18514,10.14435,8.0,,16.9,16.0,0.182,16.2,0.183,1.41,icon_d2
2026-10-01,W1588,52.18514,10.17391,8.4,,16.9,16.0,0.182,16.2,0.183,1.48,icon_d2
2026-10-01,W1195,52.18514,10.20347,9.3,,16.5,16.0,0.182,16.2,0.183,1.49,icon_d2
2026-10-01,W1196,52.18514,10.23304,11.3,,16.3,16.6,0.143,16.8,0.15,1.43,icon_d2
2026-10-01,W1197,52.18514,10.2626,10.4,,15.9,16.6,0.143,16.8,0.15,1.35,icon_d2
2026-10-01,W0117,52.1941,10.3068,9.0,,16.4,16.6,0.143,16.8,0.15,1.48,icon_d2
2026-10-01,W0118,52.1941,10.3363,7.3,,16.5,16.6,0.143,16.8,0.15,1.49,icon_d2
2026-10-01,W1198,52.18514,10.3513,7.1,,16.6,16.6,0.143,16.8,0.15,1.43,icon_d2
2026-10-01,W1199,52.18514,10.38086,6.9,,16.6,16.7,0.137,17.0,0.143,1.4,icon_d2
2026-10-01,W1200,52.18514,10.41042,5.8,,16.3,16.7,0.137,17.0,0.143,1.38,icon_d2
2026-10-01,W1201,52.18514,10.43999,5.5,,16.7,16.7,0.137,17.0,0.143,1.43,icon_d2
2026-10-01,W1202,52.18514,10.46955,5.0,,16.5,16.7,0.137,17.0,0.143,1.45,icon_d2
2026-10-01,W1203,52.18514,10.49912,4.7,,16.8,16.7,0.137,17.0,0.143,1.55,icon_d2
2026-10-01,W0119,52.1941,10.5431,3.9,,16.9,16.7,0.137,17.0,0.143,1.57,icon_d2
2026-10-01,W1204,52.18514,10.55825,4.5,,16.5,16.7,0.135,16.7,0.149,1.48,icon_d2
2026-10-01,W1205,52.18514,10.58781,3.6,,16.8,16.7,0.135,16.7,0.149,1.47,icon_d2
2026-10-01,W0120,52.1941,10.6317,2.0,,17.3,16.7,0.135,16.7,0.149,1.62,icon_d2
2026-10-01,W1206,52.18514,10.64694,2.7,,17.0,16.7,0.135,16.7,0.149,1.57,icon_d2
2026-10-01,W0121,52.1941,10.6908,2.2,,17.7,16.7,0.135,16.7,0.149,1.76,icon_d2
2026-10-01,W0122,52.1941,10.7203,2.0,,17.8,17.0,0.143,16.8,0.148,1.83,icon_d2
2026-10-01,W0123,52.1941,10.7498,2.0,,17.2,15.8,0.143,15.6,0.148,1.69,icon_d2
2026-10-01,W0124,52.1941,10.7794,2.0,,17.6,16.2,0.143,16.0,0.148,1.71,icon_d2
2026-10-01,W0125,52.1941,10.8089,1.8,,17.1,16.1,0.143,15.9,0.148,1.57,icon_d2
2026-10-01,W0126,52.1941,10.8384,1.9,,17.8,17.0,0.143,16.8,0.148,1.67,icon_d2
2026-10-01,W0127,52.1941,10.868,1.5,,17.2,17.0,0.143,16.8,0.148,1.52,icon_d2
2026-10-01,W1589,52.18514,10.88345,1.3,,17.5,17.7,0.115,17.3,0.147,1.64,icon_d2
2026-10-01,W0128,52.1941,10.9271,1.3,,16.8,17.7,0.115,17.3,0.147,1.57,icon_d2
2026-10-01,W0129,52.1941,10.9566,0.9,,16.6,17.7,0.115,17.3,0.147,1.63,icon_d2
2026-10-01,W1590,52.18514,10.97214,0.5,,16.7,17.7,0.115,17.3,0.147,1.63,icon_d2
2026-10-01,W1207,52.18514,11.00171,0.4,,16.6,17.7,0.115,17.3,0.147,1.61,icon_d2
2026-10-01,W0130,52.1941,11.0452,0.5,,16.9,17.6,0.108,16.8,0.145,1.73,icon_d2
2026-10-01,W0131,52.1941,11.0747,0.1,,17.0,17.6,0.108,16.8,0.145,1.82,icon_d2
2026-10-01,W0132,52.1941,11.1043,0.1,,17.2,17.6,0.108,16.8,0.145,1.82,icon_d2
2026-10-01,W1208,52.18514,11.11997,0.0,,16.6,17.6,0.108,16.8,0.145,1.87,icon_d2
2026-10-01,W1209,52.18514,11.14953,0.0,,16.9,17.6,0.108,16.8,0.145,1.87,icon_d2
2026-10-01,W1210,52.20315,10.11478,7.7,,16.8,16.0,0.182,16.2,0.183,1.35,icon_d2
2026-10-01,W1211,52.20315,10.14435,8.4,,16.9,16.0,0.182,16.2,0.183,1.44,icon_d2
2026-10-01,W1212,52.20315,10.17391,9.2,,16.6,16.0,0.182,16.2,0.183,1.5,icon_d2
2026-10-01,W1591,52.20315,10.20347,9.2,,16.7,16.0,0.182,16.2,0.183,1.51,icon_d2
2026-10-01,W1213,52.20315,10.23304,11.6,,16.5,16.6,0.143,16.8,0.15,1.49,icon_d2
2026-10-01,W1214,52.20315,10.2626,11.6,,16.5,16.6,0.143,16.8,0.15,1.49,icon_d2
2026-10-01,W1215,52.20315,10.29217,9.0,,16.4,16.6,0.143,16.8,0.15,1.48,icon_d2
2026-10-01,W1216,52.20315,10.32173,7.9,,16.3,16.6,0.143,16.8,0.15,1.47,icon_d2
2026-10-01,W1217,52.20315,10.3513,6.6,,16.4,16.6,0.143,16.8,0.15,1.45,icon_d2
2026-10-01,W1218,52.20315,10.38086,6.6,,16.5,16.7,0.137,17.0,0.143,1.45,icon_d2
2026-10-01,W1219,52.20315,10.41042,6.4,,16.3,16.7,0.137,17.0,0.143,1.41,icon_d2
2026-10-01,W1220,52.20315,10.43999,5.5,,16.7,16.7,0.137,17.0,0.143,1.43,icon_d2
2026-10-01,W1221,52.20315,10.46955,4.9,,16.6,16.7,0.137,17.0,0.143,1.44,icon_d2
2026-10-01,W1222,52.20315,10.49912,4.7,,16.9,16.7,0.137,17.0,0.143,1.55,icon_d2
2026-10-01,W1223,52.20315,10.52868,4.3,,16.8,16.7,0.137,17.0,0.143,1.54,icon_d2
2026-10-01,W1224,52.20315,10.55825,3.9,,17.0,16.7,0.135,16.7,0.149,1.58,icon_d2
2026-10-01,W1225,52.20315,10.58781,3.1,,16.9,16.7,0.135,16.7,0.149,1.52,icon_d2
2026-10-01,W1226,52.20315,10.61737,2.9,,16.8,16.7,0.135,16.7,0.149,1.52,icon_d2
2026-10-01,W1227,52.20315,10.64694,2.0,,17.3,16.7,0.135,16.7,0.149,1.62,icon_d2
2026-10-01,W1228,52.20315,10.6765,2.5,,17.6,16.7,0.135,16.7,0.149,1.69,icon_d2
2026-10-01,W1229,52.20315,10.70607,2.2,,17.6,16.7,0.135,16.7,0.149,1.75,icon_d2
2026-10-01,W1592,52.20315,10.73563,2.0,,17.2,16.1,0.143,16.0,0.148,1.8,icon_d2
2026-10-01,W1230,52.20315,10.76519,2.0,,17.5,16.1,0.143,15.9,0.148,1.7,icon_d2
2026-10-01,W1593,52.20315,10.79476,1.8,,17.0,16.0,0.143,15.8,0.148,1.57,icon_d2
2026-10-01,W1594,52.20315,10.82432,1.8,,17.3,16.2,0.143,16.1,0.148,1.58,icon_d2
2026-10-01,W1595,52.20315,10.85389,1.5,,17.1,17.0,0.143,16.8,0.148,1.52,icon_d2
2026-10-01,W1231,52.20315,10.88345,1.5,,17.4,17.7,0.115,17.3,0.147,1.53,icon_d2
2026-10-01,W1232,52.20315,10.91302,1.3,,16.9,17.7,0.115,17.3,0.147,1.57,icon_d2
2026-10-01,W1233,52.20315,10.94258,1.0,,16.6,17.7,0.115,17.3,0.147,1.63,icon_d2
2026-10-01,W1234,52.20315,10.97214,0.6,,16.3,17.7,0.115,17.3,0.147,1.63,icon_d2
2026-10-01,W1235,52.20315,11.00171,0.5,,16.6,17.7,0.115,17.3,0.147,1.65,icon_d2
2026-10-01,W1236,52.20315,11.03127,0.5,,17.0,17.7,0.115,17.3,0.147,1.73,icon_d2
2026-10-01,W1237,52.20315,11.06084,0.2,,16.8,17.6,0.108,16.8,0.145,1.78,icon_d2
2026-10-01,W1238,52.20315,11.0904,0.1,,17.1,17.6,0.108,16.8,0.145,1.82,icon_d2
2026-10-01,W1239,52.20315,11.11997,0.0,,16.9,17.6,0.108,16.8,0.145,1.88,icon_d2
2026-10-01,W1240,52.20315,11.14953,0.0,,17.1,17.6,0.108,16.8,0.145,1.91,icon_d2
2026-10-01,W1596,52.22117,10.11478,7.9,,16.9,16.0,0.182,16.2,0.183,1.39,icon_d2
2026-10-01,W1241,52.22117,10.14435,7.9,,16.8,16.0,0.182,16.2,0.183,1.39,icon_d2
2026-10-01,W1597,52.22117,10.17391,8.8,,16.5,16.0,0.182,16.2,0.183,1.43,icon_d2
2026-10-01,W1242,52.22117,10.20347,8.8,,16.6,16.5,0.16,16.7,0.186,1.43,icon_d2
2026-10-01,W1243,52.22117,10.23304,11.1,,16.6,16.6,0.143,16.8,0.15,1.51,icon_d2
2026-10-01,W1244,52.22117,10.2626,11.2,,16.6,16.6,0.143,16.8,0.15,1.54,icon_d2
2026-10-01,W1245,52.22117,10.29217,9.4,,16.6,16.6,0.143,16.8,0.15,1.55,icon_d2
2026-10-01,W0133,52.2122,10.3363,7.8,,16.4,16.6,0.143,16.8,0.15,1.51,icon_d2
2026-10-01,W1246,52.22117,10.3513,6.6,,16.3,16.7,0.146,16.6,0.147,1.42,icon_d2
2026-10-01,W1247,52.22117,10.38086,6.6,,16.4,16.7,0.146,16.6,0.147,1.42,icon_d2
2026-10-01,W1248,52.22117,10.41042,6.4,,16.5,16.7,0.137,17.0,0.143,1.44,icon_d2
2026-10-01,W1249,52.22117,10.43999,5.7,,16.7,16.7,0.137,17.0,0.143,1.48,icon_d2
2026-10-01,W1250,52.22117,10.46955,5.2,,16.7,16.7,0.137,17.0,0.143,1.48,icon_d2
2026-10-01,W1251,52.22117,10.49912,4.9,,16.7,16.7,0.137,17.0,0.143,1.51,icon_d2
2026-10-01,W0134,52.2122,10.5431,4.2,,17.0,17.4,0.115,17.6,0.147,1.56,icon_d2
2026-10-01,W0135,52.2122,10.5726,3.1,,16.8,16.7,0.135,16.7,0.149,1.49,icon_d2
2026-10-01,W0136,52.2122,10.6021,3.1,,17.0,16.7,0.135,16.7,0.149,1.5,icon_d2
2026-10-01,W1252,52.22117,10.61737,2.0,,17.0,16.7,0.135,16.7,0.149,1.49,icon_d2
2026-10-01,W1253,52.22117,10.64694,2.0,,16.9,16.7,0.135,16.7,0.149,1.49,icon_d2
2026-10-01,W1254,52.22117,10.6765,1.7,,17.6,16.9,0.134,16.7,0.146,1.63,icon_d2
2026-10-01,W0137,52.2122,10.7203,1.8,,17.4,16.2,0.143,16.0,0.148,1.79,icon_d2
2026-10-01,W0138,52.2122,10.7498,1.8,,17.6,17.0,0.143,16.8,0.148,1.8,icon_d2
2026-10-01,W0139,52.2122,10.7794,2.1,,17.3,15.9,0.143,15.7,0.148,1.72,icon_d2
2026-10-01,W0140,52.2122,10.8089,2.3,,17.5,16.0,0.143,15.9,0.148,1.72,icon_d2
2026-10-01,W0141,52.2122,10.8384,1.5,,17.2,17.0,0.143,16.8,0.148,1.59,icon_d2
2026-10-01,W1598,52.22117,10.85389,1.5,,17.7,17.1,0.132,16.7,0.145,1.61,icon_d2
2026-10-01,W0142,52.2122,10.8975,1.3,,16.5,17.7,0.115,17.3,0.147,1.54,icon_d2
2026-10-01,W0143,52.2122,10.9271,1.0,,16.8,17.7,0.115,17.3,0.147,1.61,icon_d2
2026-10-01,W0144,52.2122,10.9566,1.0,,16.6,17.7,0.115,17.3,0.147,1.63,icon_d2
2026-10-01,W0145,52.2122,10.9861,0.7,,17.1,17.7,0.115,17.3,0.147,1.72,icon_d2
2026-10-01,W0146,52.2122,11.0157,0.4,,17.7,17.7,0.115,17.3,0.147,1.77,icon_d2
2026-10-01,W0147,52.2122,11.0452,0.4,,16.8,17.6,0.108,16.8,0.145,1.73,icon_d2
2026-10-01,W0148,52.2122,11.0747,0.2,,16.9,17.6,0.108,16.8,0.145,1.78,icon_d2
2026-10-01,W0149,52.2122,11.1043,0.0,,16.9,17.6,0.108,16.8,0.145,1.87,icon_d2
2026-10-01,W0150,52.2122,11.1338,0.0,,17.1,17.6,0.108,16.8,0.145,1.92,icon_d2
2026-10-01,W1255,52.22117,11.14953,0.0,,16.8,17.6,0.108,16.8,0.145,1.9,icon_d2
2026-10-01,W1256,52.23919,10.11478,7.7,,16.5,16.5,0.16,16.7,0.186,1.36,icon_d2
2026-10-01,W1257,52.23919,10.14435,6.9,,16.7,16.5,0.16,16.7,0.186,1.42,icon_d2
2026-10-01,W1258,52.23919,10.17391,7.7,,16.6,16.5,0.16,16.7,0.186,1.47,icon_d2
2026-10-01,W1259,52.23919,10.20347,8.9,,16.7,16.5,0.16,16.7,0.186,1.53,icon_d2
2026-10-01,W1260,52.23919,10.23304,10.4,,16.5,16.6,0.143,16.8,0.15,1.52,icon_d2
2026-10-01,W1261,52.23919,10.2626,12.5,,16.6,16.6,0.143,16.8,0.15,1.54,icon_d2
2026-10-01,W1262,52.23919,10.29217,9.4,,16.6,16.7,0.146,16.6,0.147,1.55,icon_d2
2026-10-01,W1263,52.23919,10.32173,9.9,,16.6,16.7,0.146,16.6,0.147,1.56,icon_d2
2026-10-01,W1264,52.23919,10.3513,7.1,,16.5,16.7,0.146,16.6,0.147,1.5,icon_d2
2026-10-01,W1265,52.23919,10.38086,5.7,,16.5,16.7,0.146,16.6,0.147,1.5,icon_d2
2026-10-01,W1266,52.23919,10.41042,6.0,,16.9,16.7,0.137,17.0,0.143,1.56,icon_d2
2026-10-01,W1267,52.23919,10.43999,5.7,,16.8,16.7,0.137,17.0,0.143,1.51,icon_d2
2026-10-01,W1268,52.23919,10.46955,5.7,,16.9,17.4,0.115,17.6,0.147,1.51,icon_d2
2026-10-01,W1269,52.23919,10.49912,5.1,,16.8,17.4,0.115,17.6,0.147,1.49,icon_d2
2026-10-01,W0151,52.2302,10.5431,4.0,,17.0,17.4,0.115,17.6,0.147,1.5,icon_d2
2026-10-01,W0152,52.2302,10.5726,3.5,,16.9,16.7,0.135,16.7,0.149,1.53,icon_d2
2026-10-01,W0153,52.2302,10.6021,2.4,,17.1,16.7,0.135,16.7,0.149,1.47,icon_d2
2026-10-01,W0154,52.2302,10.6317,1.7,,16.4,16.7,0.135,16.7,0.149,1.35,icon_d2
2026-10-01,W0155,52.2302,10.6612,2.0,,16.8,16.9,0.134,16.7,0.146,1.4,icon_d2
2026-10-01,W1270,52.23919,10.6765,2.0,,16.8,16.9,0.134,16.7,0.146,1.4,icon_d2
2026-10-01,W0156,52.2302,10.7203,1.7,,17.0,17.0,0.143,16.8,0.148,1.55,icon_d2
2026-10-01,W0157,52.2302,10.7498,1.8,,17.0,16.3,0.143,16.1,0.148,1.62,icon_d2
2026-10-01,W0158,52.2302,10.7794,2.1,,16.9,16.1,0.143,15.9,0.148,1.64,icon_d2
2026-10-01,W0159,52.2302,10.8089,2.1,,17.5,17.0,0.143,16.8,0.148,1.68,icon_d2
2026-10-01,W0160,52.2302,10.8384,1.9,,17.1,17.1,0.132,16.7,0.145,1.64,icon_d2
2026-10-01,W1271,52.23919,10.85389,1.6,,17.4,17.1,0.132,16.7,0.145,1.62,icon_d2
2026-10-01,W1272,52.23919,10.88345,1.5,,16.7,17.1,0.132,16.7,0.145,1.56,icon_d2
2026-10-01,W1273,52.23919,10.91302,1.0,,16.9,17.7,0.115,17.3,0.147,1.62,icon_d2
2026-10-01,W1274,52.23919,10.94258,1.0,,16.8,17.7,0.115,17.3,0.147,1.61,icon_d2
2026-10-01,W1275,52.23919,10.97214,0.7,,17.2,17.1,0.128,16.5,0.148,1.7,icon_d2
2026-10-01,W0161,52.2302,11.0157,0.5,,17.3,17.1,0.128,16.5,0.148,1.76,icon_d2
2026-10-01,W0162,52.2302,11.0452,0.4,,17.0,17.1,0.128,16.5,0.148,1.75,icon_d2
2026-10-01,W0163,52.2302,11.0747,0.3,,16.9,17.6,0.108,16.8,0.145,1.73,icon_d2
2026-10-01,W0164,52.2302,11.1043,0.1,,17.0,17.6,0.108,16.8,0.145,1.84,icon_d2
2026-10-01,W1276,52.23919,11.11997,0.0,,17.0,17.4,0.105,16.4,0.141,1.89,icon_d2
2026-10-01,W1277,52.23919,11.14953,0.1,,17.1,17.4,0.105,16.4,0.141,1.93,icon_d2
2026-10-01,W1278,52.25721,10.11478,8.0,,16.8,16.5,0.16,16.7,0.186,1.46,icon_d2
2026-10-01,W0165,52.2482,10.1591,7.1,,16.5,16.5,0.16,16.7,0.186,1.43,icon_d2
2026-10-01,W0181,52.2662,10.1886,6.6,,17.1,16.5,0.16,16.7,0.186,1.53,icon_d2
2026-10-01,W1279,52.25721,10.20347,7.0,,17.1,16.5,0.16,16.7,0.186,1.55,icon_d2
2026-10-01,W0182,52.2662,10.2477,10.2,,17.0,16.7,0.146,16.6,0.147,1.58,icon_d2
2026-10-01,W0183,52.2662,10.2772,12.1,,16.6,16.7,0.146,16.6,0.147,1.56,icon_d2
2026-10-01,W0184,52.2662,10.3068,12.1,,16.7,16.7,0.146,16.6,0.147,1.57,icon_d2
2026-10-01,W1280,52.25721,10.32173,7.9,,16.5,16.7,0.146,16.6,0.147,1.53,icon_d2
2026-10-01,W1281,52.25721,10.3513,7.1,,16.5,16.7,0.146,16.6,0.147,1.5,icon_d2
2026-10-01,W1282,52.25721,10.38086,5.8,,16.6,16.7,0.146,16.6,0.147,1.49,icon_d2
2026-10-01,W1283,52.25721,10.41042,5.2,,17.1,17.4,0.115,17.6,0.147,1.61,icon_d2
2026-10-01,W0166,52.2482,10.4545,5.7,,16.7,17.4,0.115,17.6,0.147,1.51,icon_d2
2026-10-01,W1285,52.25721,10.46955,5.2,,17.1,17.4,0.115,17.6,0.147,1.55,icon_d2
2026-10-01,W0167,52.2482,10.5135,4.3,,17.2,17.4,0.115,17.6,0.147,1.52,icon_d2
2026-10-01,W1287,52.25721,10.52868,4.2,,17.4,17.4,0.115,17.6,0.147,1.52,icon_d2
2026-10-01,W1288,52.25721,10.55825,4.0,,17.1,17.4,0.115,17.6,0.147,1.49,icon_d2
2026-10-01,W0185,52.2662,10.6021,2.8,,16.7,16.9,0.134,16.7,0.146,1.38,icon_d2
2026-10-01,W0186,52.2662,10.6317,1.7,,16.5,16.9,0.134,16.7,0.146,1.35,icon_d2
2026-10-01,W0187,52.2662,10.6612,1.7,,16.3,16.9,0.134,16.7,0.146,1.35,icon_d2
2026-10-01,W0170,52.2482,10.6908,1.7,,17.5,16.9,0.134,16.7,0.146,1.57,icon_d2
2026-10-01,W0188,52.2662,10.7203,1.3,,16.7,16.9,0.134,16.7,0.146,1.5,icon_d2
2026-10-01,W0171,52.2482,10.7498,1.8,,17.4,17.1,0.132,16.7,0.145,1.63,icon_d2
2026-10-01,W0172,52.2482,10.7794,2.1,,17.6,17.1,0.132,16.7,0.145,1.67,icon_d2
2026-10-01,W0173,52.2482,10.8089,2.1,,18.0,17.1,0.132,16.7,0.145,1.7,icon_d2
2026-10-01,W1293,52.25721,10.82432,2.0,,16.8,17.1,0.132,16.7,0.145,1.58,icon_d2
2026-10-01,W0189,52.2662,10.868,1.8,,16.7,17.1,0.132,16.7,0.145,1.58,icon_d2
2026-10-01,W0190,52.2662,10.8975,1.1,,16.4,17.1,0.128,16.5,0.148,1.55,icon_d2
2026-10-01,W1294,52.25721,10.91302,1.1,,16.6,17.1,0.128,16.5,0.148,1.56,icon_d2
2026-10-01,W0191,52.2662,10.9566,0.7,,17.0,17.1,0.128,16.5,0.148,1.65,icon_d2
2026-10-01,W0192,52.2662,10.9861,0.7,,16.8,17.1,0.128,16.5,0.148,1.69,icon_d2
2026-10-01,W0193,52.2662,11.0157,0.7,,17.3,17.1,0.128,16.5,0.148,1.76,icon_d2
2026-10-01,W0194,52.2662,11.0452,0.3,,17.0,17.1,0.128,16.5,0.148,1.76,icon_d2
2026-10-01,W0195,52.2662,11.0747,0.1,,17.0,17.4,0.105,16.4,0.141,1.83,icon_d2
2026-10-01,W0196,52.2662,11.1043,0.0,,17.1,17.4,0.105,16.4,0.141,1.88,icon_d2
2026-10-01,W0197,52.2662,11.1338,0.0,,16.9,17.4,0.105,16.4,0.141,1.85,icon_d2
2026-10-01,W1606,52.25721,11.14953,0.0,,16.8,17.4,0.105,16.4,0.141,1.85,icon_d2
2026-10-01,W0198,52.2842,10.1,9.7,,16.9,16.5,0.16,16.7,0.186,1.44,icon_d2
2026-10-01,W1295,52.27523,10.14435,6.8,,17.0,16.5,0.16,16.7,0.186,1.57,icon_d2
2026-10-01,W0199,52.2842,10.1886,6.1,,16.7,16.5,0.16,16.7,0.186,1.5,icon_d2
2026-10-01,W1296,52.27523,10.20347,6.9,,16.8,16.5,0.16,16.7,0.186,1.52,icon_d2
2026-10-01,W0200,52.2842,10.2477,9.7,,16.8,16.7,0.146,16.6,0.147,1.56,icon_d2
2026-10-01,W1297,52.27523,10.2626,11.9,,16.5,16.7,0.146,16.6,0.147,1.54,icon_d2
2026-10-01,W1298,52.27523,10.29217,12.0,,16.7,16.7,0.146,16.6,0.147,1.58,icon_d2
2026-10-01,W0201,52.2842,10.3363,8.1,,16.5,16.7,0.146,16.6,0.147,1.53,icon_d2
2026-10-01,W0202,52.2842,10.3658,6.5,,16.6,16.7,0.146,16.6,0.147,1.48,icon_d2
2026-10-01,W0203,52.2842,10.3954,5.1,,16.8,16.1,0.143,15.9,0.178,1.53,icon_d2
2026-10-01,W1299,52.27523,10.41042,5.1,,16.9,17.4,0.115,17.6,0.147,1.53,icon_d2
2026-10-01,W0204,52.2842,10.4545,4.9,,17.1,17.4,0.115,17.6,0.147,1.5,icon_d2
2026-10-01,W1300,52.27523,10.46955,4.9,,17.2,17.4,0.115,17.6,0.147,1.5,icon_d2
2026-10-01,W0205,52.2842,10.5135,4.7,,17.4,17.4,0.115,17.6,0.147,1.49,icon_d2
2026-10-01,W0206,52.2842,10.5431,4.0,,16.8,17.4,0.115,17.6,0.147,1.42,icon_d2
2026-10-01,W0207,52.2842,10.5726,3.8,,16.2,16.9,0.134,16.7,0.146,1.35,icon_d2
2026-10-01,W0208,52.2842,10.6021,3.0,,16.1,16.9,0.134,16.7,0.146,1.31,icon_d2
2026-10-01,W0209,52.2842,10.6317,2.7,,15.6,16.9,0.134,16.7,0.146,1.29,icon_d2
2026-10-01,W1301,52.27523,10.64694,2.7,,15.8,16.9,0.134,16.7,0.146,1.3,icon_d2
2026-10-01,W1302,52.27523,10.6765,1.4,,15.9,16.9,0.134,16.7,0.146,1.37,icon_d2
2026-10-01,W0210,52.2842,10.7203,1.3,,16.3,16.9,0.134,16.7,0.146,1.46,icon_d2
2026-10-01,W1303,52.27523,10.73563,1.3,,16.0,17.1,0.132,16.7,0.145,1.45,icon_d2
2026-10-01,W1304,52.27523,10.76519,1.5,,16.5,17.1,0.132,16.7,0.145,1.51,icon_d2
2026-10-01,W0211,52.2842,10.8089,2.8,,16.7,17.1,0.132,16.7,0.145,1.57,icon_d2
2026-10-01,W0212,52.2842,10.8384,2.4,,16.9,17.1,0.132,16.7,0.145,1.62,icon_d2
2026-10-01,W0213,52.2842,10.868,2.2,,16.2,17.1,0.132,16.7,0.145,1.57,icon_d2
2026-10-01,W0214,52.2842,10.8975,1.7,,16.8,16.5,0.137,15.8,0.158,1.62,icon_d2
2026-10-01,W1305,52.27523,10.91302,1.1,,16.7,17.1,0.128,16.5,0.148,1.58,icon_d2
2026-10-01,W1306,52.27523,10.94258,1.1,,17.1,17.1,0.128,16.5,0.148,1.66,icon_d2
2026-10-01,W1307,52.27523,10.97214,0.7,,17.4,17.1,0.128,16.5,0.148,1.76,icon_d2
2026-10-01,W0215,52.2842,11.0157,0.5,,16.8,17.1,0.128,16.5,0.148,1.74,icon_d2
2026-10-01,W0216,52.2842,11.0452,0.5,,17.3,17.1,0.128,16.5,0.148,1.76,icon_d2
2026-10-01,W0217,52.2842,11.0747,0.3,,17.1,17.4,0.105,16.4,0.141,1.85,icon_d2
2026-10-01,W0218,52.2842,11.1043,0.3,,17.2,17.4,0.105,16.4,0.141,1.85,icon_d2
2026-10-01,W0219,52.2842,11.1338,0.0,,17.4,17.4,0.105,16.4,0.141,1.95,icon_d2
2026-10-01,W1308,52.27523,11.14953,0.0,,17.2,17.4,0.105,16.4,0.141,1.94,icon_d2
2026-10-01,W1309,52.29324,10.11478,8.1,,17.0,16.5,0.16,16.7,0.186,1.55,icon_d2
2026-10-01,W1310,52.29324,10.14435,8.1,,17.0,16.5,0.16,16.7,0.186,1.55,icon_d2
2026-10-01,W1311,52.29324,10.17391,6.3,,16.5,16.5,0.16,16.7,0.186,1.49,icon_d2
2026-10-01,W1312,52.29324,10.20347,6.3,,16.7,17.0,0.138,17.1,0.148,1.5,icon_d2
2026-10-01,W1313,52.29324,10.23304,7.8,,16.8,17.0,0.138,17.1,0.148,1.51,icon_d2
2026-10-01,W1314,52.29324,10.2626,10.9,,16.7,16.7,0.146,16.6,0.147,1.53,icon_d2
2026-10-01,W1315,52.29324,10.29217,11.7,,16.9,16.7,0.146,16.6,0.147,1.53,icon_d2
2026-10-01,W1316,52.29324,10.32173,10.1,,16.9,16.7,0.146,16.6,0.147,1.5,icon_d2
2026-10-01,W1317,52.29324,10.3513,8.4,,16.6,16.7,0.146,16.6,0.147,1.4,icon_d2
2026-10-01,W1318,52.29324,10.38086,6.9,,16.8,16.1,0.143,15.9,0.178,1.44,icon_d2
2026-10-01,W1319,52.29324,10.41042,5.3,,17.0,17.4,0.115,17.6,0.147,1.52,icon_d2
2026-10-01,W1320,52.29324,10.43999,5.1,,16.9,17.4,0.115,17.6,0.147,1.52,icon_d2
2026-10-01,W1321,52.29324,10.46955,5.1,,16.9,17.4,0.115,17.6,0.147,1.52,icon_d2
2026-10-01,W1322,52.29324,10.49912,4.9,,16.9,17.4,0.115,17.6,0.147,1.43,icon_d2
2026-10-01,W1323,52.29324,10.52868,4.2,,16.4,17.1,0.127,17.1,0.155,1.34,icon_d2
2026-10-01,W1324,52.29324,10.55825,3.8,,16.1,17.1,0.127,17.1,0.155,1.29,icon_d2
2026-10-01,W1325,52.29324,10.58781,3.8,,16.0,16.9,0.134,16.7,0.146,1.3,icon_d2
2026-10-01,W1326,52.29324,10.61737,2.6,,16.0,16.9,0.134,16.7,0.146,1.33,icon_d2
2026-10-01,W1327,52.29324,10.64694,2.6,,15.9,16.9,0.134,16.7,0.146,1.33,icon_d2
2026-10-01,W1328,52.29324,10.6765,1.6,,16.0,16.9,0.134,16.7,0.146,1.4,icon_d2
2026-10-01,W1329,52.29324,10.70607,1.4,,16.3,16.8,0.134,16.4,0.166,1.46,icon_d2
2026-10-01,W1330,52.29324,10.73563,1.8,,16.7,16.8,0.134,16.4,0.166,1.6,icon_d2
2026-10-01,W1331,52.29324,10.76519,1.8,,16.7,17.1,0.132,16.7,0.145,1.6,icon_d2
2026-10-01,W1332,52.29324,10.79476,2.4,,16.7,17.1,0.132,16.7,0.145,1.54,icon_d2
2026-10-01,W1333,52.29324,10.82432,2.4,,16.7,17.1,0.132,16.7,0.145,1.54,icon_d2
2026-10-01,W1334,52.29324,10.85389,2.4,,16.8,17.1,0.132,16.7,0.145,1.57,icon_d2
2026-10-01,W1335,52.29324,10.88345,1.4,,17.0,16.5,0.137,15.8,0.158,1.67,icon_d2
2026-10-01,W1336,52.29324,10.91302,1.1,,17.2,17.1,0.128,16.5,0.148,1.67,icon_d2
2026-10-01,W1337,52.29324,10.94258,0.6,,17.2,17.1,0.128,16.5,0.148,1.69,icon_d2
2026-10-01,W1338,52.29324,10.97214,0.4,,17.3,17.1,0.128,16.5,0.148,1.73,icon_d2
2026-10-01,W1339,52.29324,11.00171,0.4,,17.1,17.1,0.128,16.5,0.148,1.72,icon_d2
2026-10-01,W1340,52.29324,11.03127,0.3,,16.9,16.4,0.13,15.6,0.166,1.77,icon_d2
2026-10-01,W1341,52.29324,11.06084,0.3,,17.2,16.4,0.13,15.6,0.166,1.84,icon_d2
2026-10-01,W1342,52.29324,11.0904,0.1,,17.2,17.4,0.105,16.4,0.141,1.89,icon_d2
2026-10-01,W1343,52.29324,11.11997,0.1,,17.2,17.4,0.105,16.4,0.141,1.89,icon_d2
2026-10-01,W1344,52.29324,11.14953,0.0,,17.0,17.4,0.105,16.4,0.141,1.97,icon_d2
2026-10-01,W1345,52.31126,10.11478,10.0,,16.8,16.5,0.16,16.7,0.186,1.47,icon_d2
2026-10-01,W1346,52.31126,10.14435,8.5,,16.8,17.0,0.138,17.1,0.148,1.52,icon_d2
2026-10-01,W0220,52.3023,10.1886,6.3,,16.6,17.0,0.138,17.1,0.148,1.5,icon_d2
2026-10-01,W1347,52.31126,10.20347,6.2,,16.6,17.0,0.138,17.1,0.148,1.47,icon_d2
2026-10-01,W1348,52.31126,10.23304,8.9,,17.0,17.0,0.138,17.1,0.148,1.55,icon_d2
2026-10-01,W0221,52.3023,10.2772,10.9,,16.8,16.7,0.146,16.6,0.147,1.53,icon_d2
2026-10-01,W0222,52.3023,10.3068,11.7,,16.9,16.7,0.146,16.6,0.147,1.53,icon_d2
2026-10-01,W0223,52.3023,10.3363,8.4,,16.6,16.1,0.143,15.9,0.178,1.4,icon_d2
2026-10-01,W0224,52.3023,10.3658,8.4,,16.7,16.1,0.143,15.9,0.178,1.41,icon_d2
2026-10-01,W1349,52.31126,10.38086,6.8,,16.6,16.1,0.143,15.9,0.178,1.45,icon_d2
2026-10-01,W0225,52.3023,10.4249,5.3,,17.0,17.4,0.115,17.6,0.147,1.52,icon_d2
2026-10-01,W1350,52.31126,10.43999,4.9,,16.8,17.4,0.115,17.6,0.147,1.51,icon_d2
2026-10-01,W1351,52.31126,10.46955,4.8,,16.7,17.1,0.127,17.1,0.155,1.46,icon_d2
2026-10-01,W1352,52.31126,10.49912,4.8,,16.9,17.1,0.127,17.1,0.155,1.43,icon_d2
2026-10-01,W0226,52.3023,10.5431,4.2,,16.4,17.1,0.127,17.1,0.155,1.34,icon_d2
2026-10-01,W0227,52.3023,10.5726,3.8,,16.0,17.1,0.127,17.1,0.155,1.3,icon_d2
2026-10-01,W1353,52.31126,10.58781,4.4,,16.2,16.9,0.134,16.7,0.146,1.33,icon_d2
2026-10-01,W0228,52.3023,10.6317,2.6,,16.0,16.9,0.134,16.7,0.146,1.33,icon_d2
2026-10-01,W0229,52.3023,10.6612,2.0,,16.0,16.8,0.134,16.4,0.166,1.36,icon_d2
2026-10-01,W0230,52.3023,10.6908,1.4,,16.1,16.8,0.134,16.4,0.166,1.46,icon_d2
2026-10-01,W0231,52.3023,10.7203,1.4,,16.2,16.8,0.134,16.4,0.166,1.46,icon_d2
2026-10-01,W1354,52.31126,10.73563,1.6,,16.7,16.8,0.134,16.4,0.166,1.54,icon_d2
2026-10-01,W1355,52.31126,10.76519,1.8,,16.6,17.1,0.132,16.7,0.145,1.58,icon_d2
2026-10-01,W0232,52.3023,10.8089,2.4,,16.7,17.1,0.132,16.7,0.145,1.54,icon_d2
2026-10-01,W0233,52.3023,10.8384,2.4,,16.8,16.5,0.137,15.8,0.158,1.57,icon_d2
2026-10-01,W0234,52.3023,10.868,2.4,,16.7,16.5,0.137,15.8,0.158,1.57,icon_d2
2026-10-01,W0235,52.3023,10.8975,1.4,,17.0,16.5,0.137,15.8,0.158,1.68,icon_d2
2026-10-01,W0236,52.3023,10.9271,1.1,,17.0,17.1,0.128,16.5,0.148,1.67,icon_d2
2026-10-01,W1356,52.31126,10.94258,1.1,,16.9,17.1,0.128,16.5,0.148,1.62,icon_d2
2026-10-01,W0237,52.3023,10.9861,0.4,,17.1,17.1,0.128,16.5,0.148,1.72,icon_d2
2026-10-01,W0238,52.3023,11.0157,0.5,,17.3,16.4,0.13,15.6,0.166,1.76,icon_d2
2026-10-01,W0239,52.3023,11.0452,0.3,,17.4,16.4,0.13,15.6,0.166,1.79,icon_d2
2026-10-01,W0240,52.3023,11.0747,0.3,,17.1,17.4,0.105,16.4,0.141,1.83,icon_d2
2026-10-01,W0241,52.3023,11.1043,0.1,,17.4,17.4,0.105,16.4,0.141,1.9,icon_d2
2026-10-01,W0242,52.3023,11.1338,0.0,,16.9,17.4,0.105,16.4,0.141,1.96,icon_d2
2026-10-01,W1357,52.31126,11.14953,0.0,,17.1,17.4,0.096,16.7,0.147,1.99,icon_d2
2026-10-01,W1358,52.32928,10.11478,10.0,,16.9,17.0,0.138,17.1,0.148,1.47,icon_d2
2026-10-01,W1359,52.32928,10.14435,8.5,,16.8,17.0,0.138,17.1,0.148,1.52,icon_d2
2026-10-01,W1360,52.32928,10.17391,7.2,,16.7,17.0,0.138,17.1,0.148,1.5,icon_d2
2026-10-01,W0243,52.3203,10.2182,6.2,,16.7,17.0,0.138,17.1,0.148,1.47,icon_d2
2026-10-01,W1361,52.32928,10.23304,8.9,,17.1,17.0,0.138,17.1,0.148,1.55,icon_d2
2026-10-01,W1362,52.32928,10.2626,8.7,,16.9,16.1,0.143,15.9,0.178,1.51,icon_d2
2026-10-01,W0244,52.3203,10.3068,11.2,,16.7,16.1,0.143,15.9,0.178,1.46,icon_d2
2026-10-01,W0245,52.3203,10.3363,9.0,,16.5,16.1,0.143,15.9,0.178,1.4,icon_d2
2026-10-01,W1363,52.32928,10.3513,9.0,,16.5,16.1,0.143,15.9,0.178,1.4,icon_d2
2026-10-01,W1364,52.32928,10.38086,6.8,,16.6,16.1,0.143,15.9,0.178,1.45,icon_d2
2026-10-01,W1365,52.32928,10.41042,5.1,,16.6,16.1,0.143,15.9,0.178,1.5,icon_d2
2026-10-01,W1366,52.32928,10.43999,4.9,,16.8,17.1,0.127,17.1,0.155,1.51,icon_d2
2026-10-01,W1367,52.32928,10.46955,4.8,,16.7,17.1,0.127,17.1,0.155,1.46,icon_d2
2026-10-01,W1368,52.32928,10.49912,4.8,,16.9,17.1,0.127,17.1,0.155,1.44,icon_d2
2026-10-01,W1369,52.32928,10.52868,4.5,,16.6,17.1,0.127,17.1,0.155,1.38,icon_d2
2026-10-01,W0246,52.3203,10.5726,4.4,,16.2,17.1,0.127,17.1,0.155,1.33,icon_d2
2026-10-01,W0247,52.3203,10.6021,3.4,,16.3,16.8,0.134,16.4,0.166,1.37,icon_d2
2026-10-01,W0248,52.3203,10.6317,2.8,,16.5,16.8,0.134,16.4,0.166,1.42,icon_d2
2026-10-01,W0249,52.3203,10.6612,2.2,,16.2,16.8,0.134,16.4,0.166,1.4,icon_d2
2026-10-01,W0250,52.3203,10.6908,1.6,,16.7,16.8,0.134,16.4,0.166,1.5,icon_d2
2026-10-01,W0251,52.3203,10.7203,1.6,,16.5,16.8,0.134,16.4,0.166,1.5,icon_d2
2026-10-01,W0252,52.3203,10.7498,1.6,,16.7,17.1,0.132,16.7,0.145,1.54,icon_d2
2026-10-01,W1370,52.32928,10.76519,1.8,,16.7,16.5,0.137,15.8,0.158,1.58,icon_d2
2026-10-01,W1371,52.32928,10.79476,2.4,,16.7,16.5,0.137,15.8,0.158,1.59,icon_d2
2026-10-01,W0253,52.3203,10.8384,2.4,,16.8,16.5,0.137,15.8,0.158,1.59,icon_d2
2026-10-01,W0254,52.3203,10.868,1.7,,16.7,16.5,0.137,15.8,0.158,1.61,icon_d2
2026-10-01,W1372,52.32928,10.88345,1.7,,16.6,16.5,0.137,15.8,0.158,1.61,icon_d2
2026-10-01,W0255,52.3203,10.9271,1.1,,16.8,17.1,0.128,16.5,0.148,1.62,icon_d2
2026-10-01,W0256,52.3203,10.9566,0.5,,17.0,16.4,0.13,15.6,0.166,1.72,icon_d2
2026-10-01,W0257,52.3203,10.9861,0.5,,17.2,16.4,0.13,15.6,0.166,1.73,icon_d2
2026-10-01,W1373,52.32928,11.00171,0.6,,17.0,16.4,0.13,15.6,0.166,1.78,icon_d2
2026-10-01,W0258,52.3203,11.0452,0.3,,17.1,16.4,0.13,15.6,0.166,1.81,icon_d2
2026-10-01,W1374,52.32928,11.06084,0.1,,17.3,16.4,0.13,15.6,0.166,1.81,icon_d2
2026-10-01,W1375,52.32928,11.0904,0.1,,17.5,17.4,0.096,16.7,0.147,1.9,icon_d2
2026-10-01,W1376,52.32928,11.11997,0.1,,17.4,17.4,0.096,16.7,0.147,1.95,icon_d2
2026-10-01,W1377,52.32928,11.14953,0.0,,17.2,17.4,0.096,16.7,0.147,1.99,icon_d2
2026-10-01,W0260,52.3383,10.1295,10.2,,17.1,17.0,0.138,17.1,0.148,1.44,icon_d2
2026-10-01,W1378,52.3473,10.14435,9.2,,17.1,17.0,0.138,17.1,0.148,1.47,icon_d2
2026-10-01,W1379,52.3473,10.17391,6.8,,17.2,17.0,0.138,17.1,0.148,1.56,icon_d2
2026-10-01,W1380,52.3473,10.20347,6.8,,17.2,17.0,0.138,17.1,0.148,1.56,icon_d2
2026-10-01,W1381,52.3473,10.23304,7.0,,17.2,17.0,0.138,17.1,0.148,1.55,icon_d2
2026-10-01,W0281,52.3563,10.2772,7.5,,16.8,16.1,0.143,15.9,0.178,1.55,icon_d2
2026-10-01,W0282,52.3563,10.3068,10.2,,16.6,16.1,0.143,15.9,0.178,1.5,icon_d2
2026-10-01,W0261,52.3383,10.3363,10.0,,16.5,16.1,0.143,15.9,0.178,1.45,icon_d2
2026-10-01,W0262,52.3383,10.3658,8.9,,16.5,16.1,0.143,15.9,0.178,1.48,icon_d2
2026-10-01,W1382,52.3473,10.38086,7.1,,16.6,16.1,0.143,15.9,0.178,1.48,icon_d2
2026-10-01,W0285,52.3563,10.4249,6.2,,16.7,17.1,0.127,17.1,0.155,1.5,icon_d2
2026-10-01,W1383,52.3473,10.43999,4.7,,16.6,17.1,0.127,17.1,0.155,1.52,icon_d2
2026-10-01,W0263,52.3383,10.484,4.8,,16.7,17.1,0.127,17.1,0.155,1.5,icon_d2
2026-10-01,W0264,52.3383,10.5135,4.7,,16.5,17.1,0.127,17.1,0.155,1.38,icon_d2
2026-10-01,W1384,52.3473,10.52868,4.7,,16.4,17.1,0.127,17.1,0.155,1.38,icon_d2
2026-10-01,W0265,52.3383,10.5726,3.9,,16.2,17.1,0.127,17.1,0.155,1.34,icon_d2
2026-10-01,W0266,52.3383,10.6021,3.9,,16.1,16.8,0.134,16.4,0.166,1.33,icon_d2
2026-10-01,W0267,52.3383,10.6317,2.8,,16.4,16.8,0.134,16.4,0.166,1.43,icon_d2
2026-10-01,W0268,52.3383,10.6612,2.8,,16.5,16.8,0.134,16.4,0.166,1.43,icon_d2
2026-10-01,W0269,52.3383,10.6908,1.6,,16.7,16.8,0.134,16.4,0.166,1.5,icon_d2
2026-10-01,W0270,52.3383,10.7203,1.7,,16.6,16.8,0.134,16.4,0.166,1.53,icon_d2
2026-10-01,W0271,52.3383,10.7498,1.6,,16.8,16.8,0.134,16.4,0.166,1.55,icon_d2
2026-10-01,W1385,52.3473,10.76519,2.3,,16.9,16.5,0.137,15.8,0.158,1.61,icon_d2
2026-10-01,W0293,52.3563,10.8089,2.7,,17.4,16.5,0.137,15.8,0.158,1.63,icon_d2
2026-10-01,W0294,52.3563,10.8384,2.1,,17.1,16.5,0.137,15.8,0.158,1.58,icon_d2
2026-10-01,W0272,52.3383,10.868,1.9,,17.1,16.5,0.137,15.8,0.158,1.62,icon_d2
2026-10-01,W0273,52.3383,10.8975,1.3,,17.2,16.5,0.137,15.8,0.158,1.68,icon_d2
2026-10-01,W0274,52.3383,10.9271,1.3,,17.4,16.4,0.13,15.6,0.166,1.69,icon_d2
2026-10-01,W0275,52.3383,10.9566,0.8,,16.9,16.4,0.13,15.6,0.166,1.7,icon_d2
2026-10-01,W0276,52.3383,10.9861,0.9,,16.7,16.4,0.13,15.6,0.166,1.71,icon_d2
2026-10-01,W0297,52.3563,11.0157,0.3,,16.8,16.4,0.13,15.6,0.166,1.73,icon_d2
2026-10-01,W0298,52.3563,11.0452,0.3,,16.8,16.4,0.13,15.6,0.166,1.73,icon_d2
2026-10-01,W0299,52.3563,11.0747,0.0,,17.1,17.2,0.114,17.0,0.15,1.8,icon_d2
2026-10-01,W0277,52.3383,11.1043,0.1,,17.3,17.4,0.096,16.7,0.147,1.93,icon_d2
2026-10-01,W0278,52.3383,11.1338,0.0,,17.1,17.4,0.096,16.7,0.147,1.95,icon_d2
2026-10-01,W1386,52.3473,11.14953,0.0,,16.9,17.4,0.096,16.7,0.147,1.94,icon_d2
2026-10-01,W0302,52.3743,10.1,12.3,,16.9,17.0,0.138,17.1,0.148,1.34,icon_d2
2026-10-01,W1387,52.36532,10.14435,9.0,,17.0,17.0,0.138,17.1,0.148,1.5,icon_d2
2026-10-01,W0303,52.3743,10.1886,8.6,,16.8,16.4,0.147,16.3,0.172,1.52,icon_d2
2026-10-01,W1388,52.36532,10.20347,7.1,,16.9,16.4,0.147,16.3,0.172,1.56,icon_d2
2026-10-01,W1389,52.36532,10.23304,7.1,,17.0,16.4,0.147,16.3,0.172,1.57,icon_d2
2026-10-01,W1390,52.36532,10.2626,7.5,,16.8,16.1,0.143,15.9,0.178,1.55,icon_d2
2026-10-01,W0304,52.3743,10.3068,8.4,,16.9,16.1,0.143,15.9,0.178,1.55,icon_d2
2026-10-01,W0305,52.3743,10.3363,9.5,,16.4,16.1,0.143,15.9,0.178,1.44,icon_d2
2026-10-01,W0306,52.3743,10.3658,9.5,,16.6,15.6,0.157,15.4,0.194,1.44,icon_d2
2026-10-01,W0307,52.3743,10.3954,8.1,,16.7,15.6,0.157,15.4,0.194,1.5,icon_d2
2026-10-01,W0308,52.3743,10.4249,4.8,,16.7,15.6,0.157,15.4,0.194,1.54,icon_d2
2026-10-01,W1391,52.36532,10.43999,4.8,,16.7,17.1,0.127,17.1,0.155,1.54,icon_d2
2026-10-01,W1392,52.36532,10.46955,5.0,,16.6,17.1,0.127,17.1,0.155,1.55,icon_d2
2026-10-01,W0309,52.3743,10.5135,4.3,,16.6,16.4,0.142,16.2,0.171,1.51,icon_d2
2026-10-01,W1393,52.36532,10.52868,4.8,,16.5,17.1,0.127,17.1,0.155,1.45,icon_d2
2026-10-01,W0310,52.3743,10.5726,4.5,,16.6,16.4,0.142,16.2,0.171,1.52,icon_d2
2026-10-01,W1394,52.36532,10.58781,4.3,,16.5,16.4,0.142,16.2,0.171,1.49,icon_d2
2026-10-01,W1395,52.36532,10.61737,3.3,,16.4,16.8,0.134,16.4,0.166,1.46,icon_d2
2026-10-01,W0311,52.3743,10.6612,3.2,,17.0,16.8,0.134,16.4,0.166,1.61,icon_d2
2026-10-01,W0312,52.3743,10.6908,2.6,,17.1,17.3,0.12,17.2,0.15,1.54,icon_d2
2026-10-01,W0313,52.3743,10.7203,2.6,,16.9,17.3,0.12,17.2,0.15,1.53,icon_d2
2026-10-01,W0314,52.3743,10.7498,2.3,,17.0,17.3,0.12,17.2,0.15,1.59,icon_d2
2026-10-01,W0315,52.3743,10.7794,2.6,,16.9,16.5,0.137,15.8,0.158,1.57,icon_d2
2026-10-01,W0316,52.3743,10.8089,2.6,,16.9,16.5,0.137,15.8,0.158,1.57,icon_d2
2026-10-01,W0317,52.3743,10.8384,2.2,,17.0,17.5,0.115,17.7,0.15,1.62,icon_d2
2026-10-01,W0318,52.3743,10.868,2.2,,16.9,17.5,0.115,17.7,0.15,1.62,icon_d2
2026-10-01,W0319,52.3743,10.8975,1.6,,17.1,17.5,0.115,17.7,0.15,1.63,icon_d2
2026-10-01,W1396,52.36532,10.91302,1.2,,17.2,17.5,0.115,17.7,0.15,1.66,icon_d2
2026-10-01,W1397,52.36532,10.94258,0.9,,17.0,16.4,0.13,15.6,0.166,1.68,icon_d2
2026-10-01,W0320,52.3743,10.9861,1.0,,17.0,16.4,0.13,15.6,0.166,1.77,icon_d2
2026-10-01,W0321,52.3743,11.0157,0.3,,16.7,17.2,0.114,17.0,0.15,1.7,icon_d2
2026-10-01,W0322,52.3743,11.0452,0.3,,16.9,17.2,0.114,17.0,0.15,1.73,icon_d2
2026-10-01,W0323,52.3743,11.0747,0.2,,17.0,17.2,0.114,17.0,0.15,1.75,icon_d2
2026-10-01,W1607,52.36532,11.0904,0.0,,17.3,17.4,0.096,16.7,0.147,1.86,icon_d2
2026-10-01,W1398,52.36532,11.11997,0.0,,17.6,17.4,0.096,16.7,0.147,1.92,icon_d2
2026-10-01,W1399,52.36532,11.14953,0.0,,17.5,17.4,0.096,16.7,0.147,1.92,icon_d2
2026-10-01,W1400,52.38333,10.11478,10.1,,16.6,17.0,0.138,17.1,0.148,1.4,icon_d2
2026-10-01,W1401,52.38333,10.14435,10.1,,16.7,16.4,0.147,16.3,0.172,1.4,icon_d2
2026-10-01,W1402,52.38333,10.17391,8.6,,16.8,16.4,0.147,16.3,0.172,1.52,icon_d2
2026-10-01,W0324,52.3923,10.2182,8.3,,16.8,16.4,0.147,16.3,0.172,1.51,icon_d2
2026-10-01,W0325,52.3923,10.2477,7.4,,16.9,16.4,0.147,16.3,0.172,1.56,icon_d2
2026-10-01,W1403,52.38333,10.2626,6.9,,16.8,16.4,0.147,16.3,0.172,1.56,icon_d2
2026-10-01,W1404,52.38333,10.29217,8.4,,16.9,16.1,0.143,15.9,0.178,1.55,icon_d2
2026-10-01,W0326,52.3923,10.3363,10.0,,16.5,15.6,0.157,15.4,0.194,1.46,icon_d2
2026-10-01,W0327,52.3923,10.3658,10.0,,16.5,15.6,0.157,15.4,0.194,1.46,icon_d2
2026-10-01,W0328,52.3923,10.3954,7.3,,16.7,15.6,0.157,15.4,0.194,1.53,icon_d2
2026-10-01,W1405,52.38333,10.41042,4.8,,16.8,15.6,0.157,15.4,0.194,1.54,icon_d2
2026-10-01,W0329,52.3923,10.4545,5.2,,16.6,16.4,0.142,16.2,0.171,1.52,icon_d2
2026-10-01,W0330,52.3923,10.484,5.2,,16.7,16.4,0.142,16.2,0.171,1.52,icon_d2
2026-10-01,W0331,52.3923,10.5135,4.4,,16.3,16.4,0.142,16.2,0.171,1.47,icon_d2
2026-10-01,W1406,52.38333,10.52868,4.3,,16.6,16.4,0.142,16.2,0.171,1.51,icon_d2
2026-10-01,W1407,52.38333,10.55825,4.3,,16.5,16.4,0.142,16.2,0.171,1.51,icon_d2
2026-10-01,W0332,52.3923,10.6021,4.8,,16.7,16.4,0.142,16.2,0.171,1.55,icon_d2
2026-10-01,W1408,52.38333,10.61737,4.5,,16.8,16.8,0.134,16.4,0.166,1.56,icon_d2
2026-10-01,W0333,52.3923,10.6612,3.4,,16.9,17.3,0.12,17.2,0.15,1.59,icon_d2
2026-10-01,W0334,52.3923,10.6908,3.0,,16.9,17.3,0.12,17.2,0.15,1.56,icon_d2
2026-10-01,W0335,52.3923,10.7203,3.0,,16.9,17.3,0.12,17.2,0.15,1.55,icon_d2
2026-10-01,W0336,52.3923,10.7498,3.0,,16.9,17.3,0.12,17.2,0.15,1.55,icon_d2
2026-10-01,W0337,52.3923,10.7794,2.5,,16.7,17.5,0.115,17.7,0.15,1.51,icon_d2
2026-10-01,W0338,52.3923,10.8089,2.5,,16.9,17.5,0.115,17.7,0.15,1.51,icon_d2
2026-10-01,W1409,52.38333,10.82432,2.6,,17.1,17.5,0.115,17.7,0.15,1.58,icon_d2
2026-10-01,W0339,52.3923,10.868,2.0,,17.0,17.5,0.115,17.7,0.15,1.59,icon_d2
2026-10-01,W0340,52.3923,10.8975,2.2,,16.5,17.5,0.115,17.7,0.15,1.58,icon_d2
2026-10-01,W1410,52.38333,10.91302,1.3,,16.9,17.5,0.115,17.7,0.15,1.67,icon_d2
2026-10-01,W1411,52.38333,10.94258,1.0,,16.9,16.4,0.13,15.6,0.166,1.7,icon_d2
2026-10-01,W1412,52.38333,10.97214,1.0,,17.0,16.4,0.13,15.6,0.166,1.77,icon_d2
2026-10-01,W0341,52.3923,11.0157,0.4,,16.8,17.2,0.114,17.0,0.15,1.78,icon_d2
2026-10-01,W0342,52.3923,11.0452,0.2,,16.8,17.2,0.114,17.0,0.15,1.78,icon_d2
2026-10-01,W0343,52.3923,11.0747,0.0,,16.5,17.2,0.114,17.0,0.15,1.73,icon_d2
2026-10-01,W1413,52.38333,11.0904,0.0,,16.9,17.2,0.114,17.0,0.15,1.79,icon_d2
2026-10-01,W1414,52.38333,11.11997,0.0,,16.9,17.4,0.096,16.7,0.147,1.79,icon_d2
2026-10-01,W1415,52.38333,11.14953,0.0,,17.1,17.3,0.144,17.2,0.134,1.89,icon_d2
2026-10-01,W1416,52.40135,10.11478,10.8,,16.6,16.4,0.147,16.3,0.172,1.37,icon_d2
2026-10-01,W1417,52.40135,10.14435,9.5,,16.7,16.4,0.147,16.3,0.172,1.44,icon_d2
2026-10-01,W1418,52.40135,10.17391,9.5,,16.7,16.4,0.147,16.3,0.172,1.45,icon_d2
2026-10-01,W1419,52.40135,10.20347,8.3,,16.8,16.4,0.147,16.3,0.172,1.51,icon_d2
2026-10-01,W1420,52.40135,10.23304,7.4,,16.7,16.4,0.147,16.3,0.172,1.56,icon_d2
2026-10-01,W1421,52.40135,10.2626,7.4,,16.9,16.4,0.147,16.3,0.172,1.56,icon_d2
2026-10-01,W1422,52.40135,10.29217,8.3,,16.6,15.6,0.157,15.4,0.194,1.51,icon_d2
2026-10-01,W1423,52.40135,10.32173,8.8,,16.6,15.6,0.157,15.4,0.194,1.5,icon_d2
2026-10-01,W1424,52.40135,10.3513,10.0,,16.5,15.6,0.157,15.4,0.194,1.46,icon_d2
2026-10-01,W1425,52.40135,10.38086,9.1,,16.7,15.6,0.157,15.4,0.194,1.51,icon_d2
2026-10-01,W1426,52.40135,10.41042,6.7,,16.7,15.6,0.157,15.4,0.194,1.54,icon_d2
2026-10-01,W1427,52.40135,10.43999,6.7,,16.7,16.4,0.142,16.2,0.171,1.54,icon_d2
2026-10-01,W1428,52.40135,10.46955,5.2,,16.7,16.4,0.142,16.2,0.171,1.52,icon_d2
2026-10-01,W1429,52.40135,10.49912,4.4,,16.5,16.4,0.142,16.2,0.171,1.53,icon_d2
2026-10-01,W1430,52.40135,10.52868,4.4,,16.4,16.4,0.142,16.2,0.171,1.47,icon_d2
2026-10-01,W1431,52.40135,10.55825,4.6,,16.5,16.4,0.142,16.2,0.171,1.51,icon_d2
2026-10-01,W1432,52.40135,10.58781,4.6,,16.5,16.4,0.142,16.2,0.171,1.51,icon_d2
2026-10-01,W1433,52.40135,10.61737,4.8,,16.6,17.3,0.12,17.2,0.15,1.55,icon_d2
2026-10-01,W1434,52.40135,10.64694,4.2,,16.7,17.3,0.12,17.2,0.15,1.57,icon_d2
2026-10-01,W1435,52.40135,10.6765,3.0,,16.9,17.3,0.12,17.2,0.15,1.56,icon_d2
2026-10-01,W1436,52.40135,10.70607,3.0,,16.8,17.3,0.12,17.2,0.15,1.56,icon_d2
2026-10-01,W1437,52.40135,10.73563,3.0,,16.8,17.3,0.12,17.2,0.15,1.54,icon_d2
2026-10-01,W1438,52.40135,10.76519,2.3,,16.9,17.3,0.12,17.2,0.15,1.55,icon_d2
2026-10-01,W1439,52.40135,10.79476,2.5,,16.7,17.5,0.115,17.7,0.15,1.51,icon_d2
2026-10-01,W1440,52.40135,10.82432,2.5,,17.0,17.5,0.115,17.7,0.15,1.59,icon_d2
2026-10-01,W1441,52.40135,10.85389,2.0,,17.0,17.5,0.115,17.7,0.15,1.59,icon_d2
2026-10-01,W1442,52.40135,10.88345,2.0,,16.8,17.5,0.115,17.7,0.15,1.59,icon_d2
2026-10-01,W1443,52.40135,10.91302,1.5,,16.6,17.5,0.115,17.7,0.15,1.64,icon_d2
2026-10-01,W1444,52.40135,10.94258,1.5,,16.7,17.2,0.114,17.0,0.15,1.64,icon_d2
2026-10-01,W1445,52.40135,10.97214,0.8,,16.8,17.2,0.114,17.0,0.15,1.78,icon_d2
2026-10-01,W1446,52.40135,11.00171,0.6,,16.7,17.2,0.114,17.0,0.15,1.81,icon_d2
2026-10-01,W1447,52.40135,11.03127,0.2,,16.8,17.2,0.114,17.0,0.15,1.77,icon_d2
2026-10-01,W1448,52.40135,11.06084,0.2,,16.8,17.2,0.114,17.0,0.15,1.77,icon_d2
2026-10-01,W1449,52.40135,11.0904,0.0,,16.6,17.2,0.114,17.0,0.15,1.73,icon_d2
2026-10-01,W1450,52.40135,11.11997,0.0,,16.9,17.3,0.144,17.2,0.134,1.84,icon_d2
2026-10-01,W1451,52.40135,11.14953,0.0,,16.9,17.3,0.144,17.2,0.134,1.84,icon_d2
2026-10-01,W0345,52.4104,10.1295,10.9,,16.6,16.4,0.147,16.3,0.172,1.36,icon_d2
2026-10-01,W1452,52.41937,10.14435,10.2,,16.6,16.4,0.147,16.3,0.172,1.37,icon_d2
2026-10-01,W0346,52.4104,10.1886,8.8,,16.8,16.4,0.147,16.3,0.172,1.47,icon_d2
2026-10-01,W0347,52.4104,10.2182,8.3,,16.9,16.4,0.147,16.3,0.172,1.54,icon_d2
2026-10-01,W0348,52.4104,10.2477,8.3,,16.8,16.4,0.147,16.3,0.172,1.54,icon_d2
2026-10-01,W0349,52.4104,10.2772,8.0,,16.6,15.6,0.157,15.4,0.194,1.52,icon_d2
2026-10-01,W1453,52.41937,10.29217,8.0,,16.6,15.6,0.157,15.4,0.194,1.52,icon_d2
2026-10-01,W0350,52.4104,10.3363,8.6,,16.6,15.6,0.157,15.4,0.194,1.5,icon_d2
2026-10-01,W0351,52.4104,10.3658,8.6,,16.5,15.6,0.157,15.4,0.194,1.48,icon_d2
2026-10-01,W1454,52.41937,10.38086,9.6,,16.7,15.6,0.157,15.4,0.194,1.51,icon_d2
2026-10-01,W0352,52.4104,10.4249,7.2,,16.7,15.6,0.157,15.4,0.194,1.54,icon_d2
2026-10-01,W0353,52.4104,10.4545,5.6,,16.7,16.4,0.142,16.2,0.171,1.53,icon_d2
2026-10-01,W0354,52.4104,10.484,4.9,,16.8,16.4,0.142,16.2,0.171,1.5,icon_d2
2026-10-01,W0355,52.4104,10.5135,4.5,,16.5,16.4,0.142,16.2,0.171,1.47,icon_d2
2026-10-01,W0356,52.4104,10.5431,4.5,,16.4,16.4,0.142,16.2,0.171,1.49,icon_d2
2026-10-01,W1455,52.41937,10.55825,4.5,,16.3,16.4,0.142,16.2,0.171,1.48,icon_d2
2026-10-01,W1456,52.41937,10.58781,4.7,,16.6,16.4,0.142,16.2,0.171,1.55,icon_d2
2026-10-01,W1457,52.41937,10.61737,4.7,,16.6,17.3,0.12,17.2,0.15,1.49,icon_d2
2026-10-01,W1458,52.41937,10.64694,4.3,,16.7,17.3,0.12,17.2,0.15,1.54,icon_d2
2026-10-01,W1459,52.41937,10.6765,3.3,,17.0,17.3,0.12,17.2,0.15,1.55,icon_d2
2026-10-01,W1460,52.41937,10.70607,3.3,,17.1,17.3,0.12,17.2,0.15,1.56,icon_d2
2026-10-01,W0357,52.4104,10.7498,3.0,,17.2,17.3,0.12,17.2,0.15,1.57,icon_d2
2026-10-01,W0358,52.4104,10.7794,2.5,,16.9,17.5,0.115,17.7,0.15,1.49,icon_d2
2026-10-01,W0359,52.4104,10.8089,2.3,,16.8,17.5,0.115,17.7,0.15,1.51,icon_d2
2026-10-01,W1461,52.41937,10.82432,2.3,,16.8,17.5,0.115,17.7,0.15,1.51,icon_d2
2026-10-01,W0360,52.4104,10.868,2.4,,17.0,17.5,0.115,17.7,0.15,1.61,icon_d2
2026-10-01,W0361,52.4104,10.8975,1.7,,16.1,17.5,0.115,17.7,0.15,1.56,icon_d2
2026-10-01,W0362,52.4104,10.9271,1.7,,16.1,17.5,0.115,17.7,0.15,1.56,icon_d2
2026-10-01,W0363,52.4104,10.9566,1.1,,16.3,17.2,0.114,17.0,0.15,1.69,icon_d2
2026-10-01,W1462,52.41937,10.97214,1.1,,16.5,17.2,0.114,17.0,0.15,1.76,icon_d2
2026-10-01,W0424,52.4644,10.3658,8.3,,16.7,16.8,0.154,16.8,0.164,1.51,icon_d2
2026-10-01,W0425,52.4644,10.3954,9.0,,16.6,16.8,0.154,16.8,0.164,1.46,icon_d2
2026-10-01,W0426,52.4644,10.4249,7.7,,16.6,16.8,0.154,16.8,0.164,1.45,icon_d2
2026-10-01,W0427,52.4644,10.4545,6.6,,16.6,16.8,0.154,16.8,0.164,1.45,icon_d2
2026-10-01,W0428,52.4644,10.484,5.6,,16.6,17.2,0.142,17.2,0.16,1.47,icon_d2
2026-10-01,W0429,52.4644,10.5135,5.0,,16.8,17.2,0.142,17.2,0.16,1.5,icon_d2
2026-10-01,W0430,52.4644,10.5431,4.7,,16.9,17.2,0.142,17.2,0.16,1.54,icon_d2
2026-10-01,W0431,52.4644,10.5726,4.7,,16.6,17.2,0.142,17.2,0.16,1.51,icon_d2
2026-10-01,W0432,52.4644,10.6021,5.0,,16.6,17.2,0.142,17.2,0.16,1.5,icon_d2
2026-10-01,W0433,52.4644,10.6317,4.5,,16.3,16.9,0.126,16.7,0.164,1.46,icon_d2
2026-10-01,W0434,52.4644,10.6612,4.5,,16.3,16.9,0.126,16.7,0.164,1.46,icon_d2
2026-10-01,W0435,52.4644,10.6908,3.8,,16.3,16.9,0.126,16.7,0.164,1.53,icon_d2
2026-10-01,W0408,52.4464,10.7203,3.7,,16.6,16.9,0.126,16.7,0.164,1.56,icon_d2
2026-10-01,W1481,52.45541,10.73563,2.9,,16.3,16.9,0.126,16.7,0.164,1.59,icon_d2
2026-10-01,W0436,52.4644,10.7794,2.4,,16.3,16.9,0.126,16.7,0.164,1.59,icon_d2
2026-10-01,W0437,52.4644,10.8089,2.8,,16.2,17.4,0.105,17.4,0.15,1.57,icon_d2
2026-10-01,W0438,52.4644,10.8384,3.4,,16.5,17.4,0.105,17.4,0.15,1.61,icon_d2
2026-10-01,W0439,52.4644,10.868,3.4,,16.5,17.4,0.105,17.4,0.15,1.61,icon_d2
2026-10-01,W0440,52.4644,10.8975,2.1,,16.3,17.4,0.105,17.4,0.15,1.58,icon_d2
2026-10-01,W0441,52.4644,10.9271,2.0,,16.2,17.4,0.105,17.4,0.15,1.62,icon_d2
2026-10-01,W0442,52.4644,10.9566,0.8,,16.3,17.4,0.105,17.4,0.15,1.74,icon_d2
2026-10-01,W1482,52.45541,10.97214,0.8,,16.3,17.2,0.114,17.0,0.15,1.74,icon_d2
2026-10-01,W1609,52.45541,11.00171,0.5,,16.3,16.0,0.168,16.0,0.205,1.76,icon_d2
2026-10-01,W0443,52.4644,11.0452,0.9,,16.3,16.0,0.168,16.0,0.205,1.77,icon_d2
2026-10-01,W1483,52.45541,11.06084,0.5,,16.4,16.0,0.168,16.0,0.205,1.77,icon_d2
2026-10-01,W0444,52.4644,11.1043,0.4,,16.2,16.0,0.168,16.0,0.205,1.74,icon_d2
2026-10-01,W0445,52.4644,11.1338,0.3,,16.3,17.1,0.119,17.0,0.173,1.78,icon_d2
2026-10-01,W1484,52.45541,11.14953,0.3,,16.3,17.3,0.144,17.2,0.134,1.79,icon_d2
2026-10-01,W0446,52.4824,10.1295,15.0,,16.3,17.0,0.086,17.1,0.071,1.32,icon_d2
2026-10-01,W0447,52.4824,10.1591,12.3,,16.3,17.0,0.086,17.1,0.071,1.28,icon_d2
2026-10-01,W0448,52.4824,10.1886,10.8,,16.2,17.0,0.086,17.1,0.071,1.32,icon_d2
2026-10-01,W1485,52.47342,10.20347,9.5,,16.4,17.0,0.086,17.1,0.071,1.37,icon_d2
2026-10-01,W0449,52.4824,10.2477,9.1,,16.5,17.0,0.086,17.1,0.071,1.44,icon_d2
2026-10-01,W0450,52.4824,10.2772,8.9,,16.5,17.0,0.086,17.1,0.071,1.47,icon_d2
2026-10-01,W0451,52.4824,10.3068,8.9,,16.6,16.8,0.154,16.8,0.164,1.47,icon_d2
2026-10-01,W1486,52.47342,10.32173,8.5,,16.6,16.8,0.154,16.8,0.164,1.48,icon_d2
2026-10-01,W1487,52.47342,10.3513,8.9,,16.7,16.8,0.154,16.8,0.164,1.46,icon_d2
2026-10-01,W0452,52.4824,10.3954,9.0,,16.7,16.8,0.154,16.8,0.164,1.46,icon_d2
2026-10-01,W0453,52.4824,10.4249,8.2,,16.5,16.8,0.154,16.8,0.164,1.44,icon_d2
2026-10-01,W0454,52.4824,10.4545,6.8,,16.5,16.8,0.154,16.8,0.164,1.46,icon_d2
2026-10-01,W0455,52.4824,10.484,6.8,,16.6,17.2,0.142,17.2,0.16,1.46,icon_d2
2026-10-01,W0456,52.4824,10.5135,6.0,,16.7,17.2,0.142,17.2,0.16,1.49,icon_d2
2026-10-01,W1488,52.47342,10.52868,6.0,,16.7,17.2,0.142,17.2,0.16,1.49,icon_d2
2026-10-01,W0457,52.4824,10.5726,5.2,,16.8,17.2,0.142,17.2,0.16,1.51,icon_d2
2026-10-01,W0458,52.4824,10.6021,4.9,,16.4,17.2,0.142,17.2,0.16,1.47,icon_d2
2026-10-01,W0459,52.4824,10.6317,4.7,,16.5,16.9,0.126,16.7,0.164,1.56,icon_d2
2026-10-01,W0460,52.4824,10.6612,4.3,,16.4,16.9,0.126,16.7,0.164,1.54,icon_d2
2026-10-01,W0461,52.4824,10.6908,4.1,,16.4,16.9,0.126,16.7,0.164,1.59,icon_d2
2026-10-01,W0462,52.4824,10.7203,3.4,,16.4,16.9,0.126,16.7,0.164,1.64,icon_d2
2026-10-01,W1489,52.47342,10.73563,3.4,,16.4,16.9,0.126,16.7,0.164,1.64,icon_d2
2026-10-01,W0463,52.4824,10.7794,2.3,,16.2,16.9,0.126,16.7,0.164,1.58,icon_d2
2026-10-01,W0464,52.4824,10.8089,2.3,,16.1,17.4,0.105,17.4,0.15,1.58,icon_d2
2026-10-01,W1490,52.47342,10.82432,2.8,,16.2,17.4,0.105,17.4,0.15,1.64,icon_d2
2026-10-01,W1491,52.47342,10.85389,3.1,,16.3,17.4,0.105,17.4,0.15,1.66,icon_d2
2026-10-01,W1492,52.47342,10.88345,3.0,,16.3,17.4,0.105,17.4,0.15,1.66,icon_d2
2026-10-01,W1493,52.47342,10.91302,2.0,,16.2,17.4,0.105,17.4,0.15,1.65,icon_d2
2026-10-01,W0465,52.4824,10.9566,1.6,,16.3,17.4,0.105,17.4,0.15,1.69,icon_d2
2026-10-01,W0466,52.4824,10.9861,1.1,,16.3,16.0,0.168,16.0,0.205,1.74,icon_d2
2026-10-01,W0467,52.4824,11.0157,0.9,,16.3,16.0,0.168,16.0,0.205,1.76,icon_d2
2026-10-01,W0468,52.4824,11.0452,0.9,,16.4,16.0,0.168,16.0,0.205,1.77,icon_d2
2026-10-01,W1494,52.47342,11.06084,0.9,,16.4,16.0,0.168,16.0,0.205,1.77,icon_d2
2026-10-01,W1495,52.47342,11.0904,0.6,,16.3,16.0,0.168,16.0,0.205,1.78,icon_d2
2026-10-01,W1496,52.47342,11.11997,0.5,,16.1,16.0,0.168,16.0,0.205,1.8,icon_d2
2026-10-01,W1497,52.47342,11.14953,0.3,,16.2,17.1,0.119,17.0,0.173,1.8,icon_d2
2026-10-01,W1498,52.49144,10.11478,15.0,,16.4,17.1,0.098,17.0,0.086,1.32,icon_d2
2026-10-01,W1499,52.49144,10.14435,13.7,,16.4,17.0,0.086,17.1,0.071,1.29,icon_d2
2026-10-01,W1500,52.49144,10.17391,10.8,,16.3,17.0,0.086,17.1,0.071,1.32,icon_d2
2026-10-01,W1501,52.49144,10.20347,10.7,,16.3,17.0,0.086,17.1,0.071,1.33,icon_d2
2026-10-01,W1502,52.49144,10.23304,9.2,,16.4,17.0,0.086,17.1,0.071,1.41,icon_d2
2026-10-01,W1503,52.49144,10.2626,9.0,,16.3,17.0,0.086,17.1,0.071,1.42,icon_d2
2026-10-01,W1504,52.49144,10.29217,9.0,,16.5,16.8,0.154,16.8,0.164,1.47,icon_d2
2026-10-01,W1505,52.49144,10.32173,9.2,,16.5,16.8,0.154,16.8,0.164,1.47,icon_d2
2026-10-01,W1506,52.49144,10.3513,8.3,,16.6,16.8,0.154,16.8,0.164,1.46,icon_d2
2026-10-01,W1507,52.49144,10.38086,8.3,,16.5,16.8,0.154,16.8,0.164,1.43,icon_d2
2026-10-01,W1508,52.49144,10.41042,8.8,,16.6,16.8,0.154,16.8,0.164,1.4,icon_d2
2026-10-01,W1509,52.49144,10.43999,8.3,,16.5,16.8,0.154,16.8,0.164,1.41,icon_d2
2026-10-01,W1510,52.49144,10.46955,8.3,,16.5,17.2,0.142,17.2,0.16,1.41,icon_d2
2026-10-01,W1511,52.49144,10.49912,6.2,,16.7,17.2,0.142,17.2,0.16,1.52,icon_d2
2026-10-01,W1512,52.49144,10.52868,6.5,,16.5,17.2,0.142,17.2,0.16,1.55,icon_d2
2026-10-01,W1513,52.49144,10.55825,5.1,,16.6,17.2,0.142,17.2,0.16,1.51,icon_d2
2026-10-01,W1514,52.49144,10.58781,5.0,,16.5,17.2,0.142,17.2,0.16,1.5,icon_d2
2026-10-01,W1515,52.49144,10.61737,5.1,,16.7,17.2,0.142,17.2,0.16,1.57,icon_d2
2026-10-01,W1516,52.49144,10.64694,4.7,,16.7,16.9,0.126,16.7,0.164,1.63,icon_d2
2026-10-01,W1517,52.49144,10.6765,3.8,,16.5,16.9,0.126,16.7,0.164,1.61,icon_d2
2026-10-01,W1518,52.49144,10.70607,3.8,,16.5,16.9,0.126,16.7,0.164,1.61,icon_d2
2026-10-01,W1519,52.49144,10.73563,3.0,,16.2,16.9,0.126,16.7,0.164,1.6,icon_d2
2026-10-01,W1520,52.49144,10.76519,2.6,,16.2,16.9,0.126,16.7,0.164,1.58,icon_d2
2026-10-01,W1521,52.49144,10.79476,2.7,,16.1,17.4,0.105,17.4,0.15,1.61,icon_d2
2026-10-01,W1522,52.49144,10.82432,2.7,,16.1,17.4,0.105,17.4,0.15,1.61,icon_d2
2026-10-01,W1523,52.49144,10.85389,3.0,,16.4,17.4,0.105,17.4,0.15,1.63,icon_d2
2026-10-01,W1524,52.49144,10.88345,3.0,,16.4,17.4,0.105,17.4,0.15,1.63,icon_d2
2026-10-01,W1525,52.49144,10.91302,2.4,,16.4,17.4,0.105,17.4,0.15,1.62,icon_d2
2026-10-01,W1526,52.49144,10.94258,1.8,,16.3,17.4,0.105,17.4,0.15,1.65,icon_d2
2026-10-01,W1527,52.49144,10.97214,1.3,,16.3,16.0,0.168,16.0,0.205,1.69,icon_d2
2026-10-01,W1528,52.49144,11.00171,0.9,,16.4,16.0,0.168,16.0,0.205,1.74,icon_d2
2026-10-01,W1529,52.49144,11.03127,0.7,,16.5,16.0,0.168,16.0,0.205,1.79,icon_d2
2026-10-01,W1530,52.49144,11.06084,0.5,,16.3,16.0,0.168,16.0,0.205,1.8,icon_d2
2026-10-01,W1531,52.49144,11.0904,0.6,,16.3,16.0,0.168,16.0,0.205,1.78,icon_d2
2026-10-01,W1532,52.49144,11.11997,0.5,,16.1,16.0,0.168,16.0,0.205,1.81,icon_d2
2026-10-01,W1533,52.49144,11.14953,0.5,,16.1,17.1,0.119,17.0,0.173,1.8,icon_d2
2026-10-01,W0470,52.5005,10.1295,15.0,,16.4,17.0,0.086,17.1,0.071,1.32,icon_d2
2026-10-01,W0471,52.5005,10.1591,13.7,,16.4,17.0,0.086,17.1,0.071,1.29,icon_d2
2026-10-01,W0472,52.5005,10.1886,10.8,,16.3,17.0,0.086,17.1,0.071,1.32,icon_d2
2026-10-01,W1534,52.50946,10.20347,10.7,,16.3,17.0,0.086,17.1,0.071,1.33,icon_d2
2026-10-01,W0473,52.5005,10.2477,9.2,,16.4,17.0,0.086,17.1,0.071,1.41,icon_d2
2026-10-01,W0474,52.5005,10.2772,9.1,,16.5,16.8,0.096,16.7,0.068,1.46,icon_d2
2026-10-01,W0475,52.5005,10.3068,9.0,,16.5,16.8,0.154,16.8,0.164,1.47,icon_d2
2026-10-01,W1535,52.50946,10.32173,9.2,,16.5,16.8,0.154,16.8,0.164,1.47,icon_d2
2026-10-01,W1536,52.50946,10.3513,8.3,,16.6,16.8,0.154,16.8,0.164,1.46,icon_d2
2026-10-01,W0476,52.5005,10.3954,8.8,,16.6,16.8,0.154,16.8,0.164,1.4,icon_d2
2026-10-01,W0477,52.5005,10.4249,8.8,,16.6,16.8,0.154,16.8,0.164,1.4,icon_d2
2026-10-01,W0478,52.5005,10.4545,8.3,,16.5,16.8,0.084,16.5,0.076,1.41,icon_d2
2026-10-01,W0479,52.5005,10.484,6.2,,16.7,17.2,0.142,17.2,0.16,1.52,icon_d2
2026-10-01,W0480,52.5005,10.5135,6.5,,16.5,17.2,0.142,17.2,0.16,1.55,icon_d2
2026-10-01,W0481,52.5005,10.5431,5.1,,16.6,17.2,0.142,17.2,0.16,1.51,icon_d2
2026-10-01,W0482,52.5005,10.5726,5.0,,16.5,17.2,0.142,17.2,0.16,1.5,icon_d2
2026-10-01,W0483,52.5005,10.6021,5.0,,16.5,17.0,0.074,16.7,0.066,1.5,icon_d2
2026-10-01,W1537,52.50946,10.61737,5.1,,16.6,17.0,0.074,16.7,0.066,1.57,icon_d2
2026-10-01,W0484,52.5005,10.6612,4.6,,16.6,16.9,0.126,16.7,0.164,1.61,icon_d2
2026-10-01,W0485,52.5005,10.6908,3.8,,16.3,16.9,0.126,16.7,0.164,1.6,icon_d2
2026-10-01,W0486,52.5005,10.7203,3.6,,16.4,16.9,0.126,16.7,0.164,1.61,icon_d2
2026-10-01,W0487,52.5005,10.7498,3.0,,16.2,16.9,0.126,16.7,0.164,1.6,icon_d2
2026-10-01,W1538,52.50946,10.76519,2.6,,16.1,17.2,0.037,16.9,0.07,1.58,icon_d2
2026-10-01,W0488,52.5005,10.8089,2.7,,16.2,17.4,0.105,17.4,0.15,1.61,icon_d2
2026-10-01,W0489,52.5005,10.8384,3.0,,16.3,17.4,0.105,17.4,0.15,1.63,icon_d2
2026-10-01,W0490,52.5005,10.868,3.0,,16.3,17.4,0.105,17.4,0.15,1.63,icon_d2
2026-10-01,W0491,52.5005,10.8975,2.4,,16.3,17.4,0.105,17.4,0.15,1.62,icon_d2
2026-10-01,W0492,52.5005,10.9271,2.4,,16.3,17.4,0.105,17.4,0.15,1.62,icon_d2
2026-10-01,W0493,52.5005,10.9566,1.8,,16.2,17.3,0.112,17.3,0.139,1.64,icon_d2
2026-10-01,W0494,52.5005,10.9861,1.3,,16.3,16.0,0.168,16.0,0.205,1.69,icon_d2
2026-10-01,W1539,52.50946,11.00171,0.9,,16.4,16.0,0.168,16.0,0.205,1.74,icon_d2
2026-10-01,W1540,52.50946,11.03127,0.7,,16.5,16.0,0.168,16.0,0.205,1.79,icon_d2
2026-10-01,W1541,52.50946,11.06084,0.5,,16.3,16.0,0.168,16.0,0.205,1.8,icon_d2
2026-10-01,W0495,52.5005,11.1043,0.6,,16.2,16.9,0.121,16.9,0.173,1.78,icon_d2
2026-10-01,W1542,52.50946,11.11997,0.5,,16.1,16.9,0.121,16.9,0.173,1.81,icon_d2
2026-10-01,W1543,52.50946,11.14953,0.5,,16.1,17.1,0.119,17.0,0.173,1.8,icon_d2
2026-10-01,W0497,52.5185,10.1295,15.0,,16.5,17.3,0.104,17.2,0.071,1.29,icon_d2
2026-10-01,W0498,52.5185,10.1591,12.4,,16.2,17.0,0.086,17.1,0.071,1.29,icon_d2
2026-10-01,W1544,52.52748,10.17391,12.4,,16.3,16.8,0.096,16.7,0.068,1.29,icon_d2
2026-10-01,W1545,52.52748,10.20347,10.8,,16.4,16.8,0.096,16.7,0.068,1.38,icon_d2
2026-10-01,W0499,52.5185,10.2477,10.8,,16.4,16.8,0.096,16.7,0.068,1.38,icon_d2
2026-10-01,W0500,52.5185,10.2772,9.5,,16.4,16.8,0.096,16.7,0.068,1.4,icon_d2
2026-10-01,W0501,52.5185,10.3068,9.2,,16.5,16.8,0.154,16.8,0.164,1.47,icon_d2
2026-10-01,W1546,52.52748,10.32173,9.2,,16.5,16.8,0.154,16.8,0.164,1.47,icon_d2
2026-10-01,W1547,52.52748,10.3513,8.5,,16.5,16.8,0.084,16.5,0.076,1.45,icon_d2
2026-10-01,W0502,52.5185,10.3954,8.8,,16.4,16.8,0.084,16.5,0.076,1.37,icon_d2
2026-10-01,W0503,52.5185,10.4249,8.8,,16.4,16.8,0.084,16.5,0.076,1.37,icon_d2
2026-10-01,W0504,52.5185,10.4545,7.5,,16.4,16.8,0.084,16.5,0.076,1.43,icon_d2
2026-10-01,W1548,52.52748,10.46955,7.5,,16.3,16.8,0.084,16.5,0.076,1.43,icon_d2
2026-10-01,W0505,52.5185,10.5135,6.0,,16.5,17.2,0.142,17.2,0.16,1.54,icon_d2
2026-10-01,W0506,52.5185,10.5431,6.0,,16.5,17.0,0.074,16.7,0.066,1.55,icon_d2
2026-10-01,W0507,52.5185,10.5726,5.2,,16.4,17.0,0.074,16.7,0.066,1.47,icon_d2
2026-10-01,W0508,52.5185,10.6021,5.0,,16.6,17.0,0.074,16.7,0.066,1.5,icon_d2
2026-10-01,W0509,52.5185,10.6317,5.2,,16.7,17.0,0.074,16.7,0.066,1.53,icon_d2
2026-10-01,W0510,52.5185,10.6612,4.3,,16.5,16.9,0.126,16.7,0.164,1.58,icon_d2
2026-10-01,W0511,52.5185,10.6908,3.8,,16.5,16.9,0.126,16.7,0.164,1.63,icon_d2
2026-10-01,W0512,52.5185,10.7203,3.5,,16.4,17.2,0.037,16.9,0.07,1.65,icon_d2
2026-10-01,W0513,52.5185,10.7498,3.0,,16.5,17.2,0.037,16.9,0.07,1.66,icon_d2
2026-10-01,W0514,52.5185,10.7794,2.9,,16.3,17.2,0.037,16.9,0.07,1.62,icon_d2
2026-10-01,W1549,52.52748,10.79476,2.9,,16.4,17.2,0.037,16.9,0.07,1.62,icon_d2
2026-10-01,W0515,52.5185,10.8384,3.1,,16.4,17.4,0.105,17.4,0.15,1.65,icon_d2
2026-10-01,W0516,52.5185,10.868,3.1,,16.4,17.3,0.112,17.3,0.139,1.65,icon_d2
2026-10-01,W0517,52.5185,10.8975,3.0,,16.3,17.3,0.112,17.3,0.139,1.62,icon_d2
2026-10-01,W0518,52.5185,10.9271,2.1,,16.0,17.3,0.112,17.3,0.139,1.61,icon_d2
2026-10-01,W0519,52.5185,10.9566,1.8,,16.0,17.3,0.112,17.3,0.139,1.64,icon_d2
2026-10-01,W0520,52.5185,10.9861,1.4,,16.1,16.0,0.168,16.0,0.205,1.68,icon_d2
2026-10-01,W0521,52.5185,11.0157,0.8,,16.2,16.0,0.168,16.0,0.205,1.79,icon_d2
2026-10-01,W1550,52.52748,11.03127,0.8,,16.2,16.9,0.121,16.9,0.173,1.79,icon_d2
2026-10-01,W1551,52.52748,11.06084,0.7,,16.2,16.9,0.121,16.9,0.173,1.82,icon_d2
2026-10-01,W1552,52.52748,11.0904,0.7,,16.2,16.9,0.121,16.9,0.173,1.84,icon_d2
2026-10-01,W1553,52.52748,11.11997,0.7,,16.2,16.9,0.121,16.9,0.173,1.84,icon_d2
2026-10-01,W1554,52.52748,11.14953,0.6,,16.3,17.1,0.119,17.0,0.173,1.85,icon_d2
2026-10-01,W0523,52.5365,10.1295,14.7,,16.4,17.3,0.104,17.2,0.071,1.3,icon_d2
2026-10-01,W1555,52.5455,10.14435,13.1,,16.4,16.8,0.096,16.7,0.068,1.33,icon_d2
2026-10-01,W1556,52.5455,10.17391,12.3,,16.3,16.8,0.096,16.7,0.068,1.33,icon_d2
2026-10-01,W0524,52.5365,10.2182,10.3,,16.4,16.8,0.096,16.7,0.068,1.37,icon_d2
2026-10-01,W0525,52.5365,10.2477,9.6,,16.2,16.8,0.096,16.7,0.068,1.36,icon_d2
2026-10-01,W0526,52.5365,10.2772,9.4,,16.4,16.8,0.096,16.7,0.068,1.45,icon_d2
2026-10-01,W0527,52.5365,10.3068,9.4,,16.4,16.8,0.096,16.7,0.068,1.45,icon_d2
2026-10-01,W0547,52.5545,10.3363,9.6,,16.2,16.8,0.084,16.5,0.076,1.4,icon_d2
2026-10-01,W1557,52.5455,10.3513,9.1,,16.4,16.8,0.084,16.5,0.076,1.44,icon_d2
2026-10-01,W0548,52.5545,10.3954,8.1,,16.5,16.8,0.084,16.5,0.076,1.41,icon_d2
2026-10-01,W0549,52.5545,10.4249,8.1,,16.5,16.8,0.084,16.5,0.076,1.41,icon_d2
2026-10-01,W0528,52.5365,10.4545,7.4,,16.5,16.8,0.084,16.5,0.076,1.44,icon_d2
2026-10-01,W0529,52.5365,10.484,7.1,,16.4,17.0,0.074,16.7,0.066,1.47,icon_d2
2026-10-01,W0530,52.5365,10.5135,6.7,,16.3,17.0,0.074,16.7,0.066,1.45,icon_d2
2026-10-01,W0531,52.5365,10.5431,6.0,,16.5,17.0,0.074,16.7,0.066,1.5,icon_d2
2026-10-01,W0532,52.5365,10.5726,5.3,,16.5,17.0,0.074,16.7,0.066,1.47,icon_d2
2026-10-01,W0533,52.5365,10.6021,5.0,,16.6,17.0,0.074,16.7,0.066,1.5,icon_d2
2026-10-01,W0534,52.5365,10.6317,4.6,,16.7,17.0,0.074,16.7,0.066,1.54,icon_d2
2026-10-01,W0535,52.5365,10.6612,4.9,,16.5,17.2,0.037,16.9,0.07,1.55,icon_d2
2026-10-01,W0536,52.5365,10.6908,3.9,,16.5,17.2,0.037,16.9,0.07,1.66,icon_d2
2026-10-01,W0537,52.5365,10.7203,3.9,,16.5,17.2,0.037,16.9,0.07,1.66,icon_d2
2026-10-01,W0538,52.5365,10.7498,2.9,,16.1,17.2,0.037,16.9,0.07,1.59,icon_d2
2026-10-01,W0539,52.5365,10.7794,2.7,,16.1,17.2,0.037,16.9,0.07,1.57,icon_d2
2026-10-01,W0540,52.5365,10.8089,2.6,,16.2,17.2,0.037,16.9,0.07,1.62,icon_d2
2026-10-01,W0562,52.5545,10.8384,2.7,,16.2,17.3,0.112,17.3,0.139,1.62,icon_d2
2026-10-01,W0563,52.5545,10.868,2.4,,16.1,17.3,0.112,17.3,0.139,1.63,icon_d2
2026-10-01,W0564,52.5545,10.8975,2.6,,16.3,17.3,0.112,17.3,0.139,1.72,icon_d2
2026-10-01,W0541,52.5365,10.9271,2.5,,16.2,17.3,0.112,17.3,0.139,1.64,icon_d2
2026-10-01,W0542,52.5365,10.9566,1.8,,15.9,17.3,0.112,17.3,0.139,1.64,icon_d2
2026-10-01,W1558,52.5455,10.97214,2.3,,16.1,17.3,0.112,17.3,0.139,1.71,icon_d2
2026-10-01,W1559,52.5455,11.00171,1.2,,16.1,16.9,0.121,16.9,0.173,1.77,icon_d2
2026-10-01,W1560,52.5455,11.03127,1.1,,16.3,16.9,0.121,16.9,0.173,1.84,icon_d2
2026-10-01,W0543,52.5365,11.0747,0.7,,16.4,16.9,0.121,16.9,0.173,1.87,icon_d2
2026-10-01,W0544,52.5365,11.1043,0.8,,16.3,16.9,0.121,16.9,0.173,1.85,icon_d2
2026-10-01,W0567,52.5545,11.1338,0.9,,16.9,16.9,0.121,16.9,0.173,1.98,icon_d2
2026-10-01,W1561,52.5455,11.14953,0.8,,16.5,16.8,0.137,16.5,0.168,1.9,icon_d2
2026-10-01,W1562,52.56351,10.11478,16.3,,16.3,17.3,0.104,17.2,0.071,1.32,icon_d2
2026-10-01,W0568,52.5725,10.1591,10.5,,16.2,16.8,0.096,16.7,0.068,1.32,icon_d2
2026-10-01,W0569,52.5725,10.1886,10.4,,16.2,16.8,0.096,16.7,0.068,1.34,icon_d2
2026-10-01,W0570,52.5725,10.2182,9.4,,16.2,16.8,0.096,16.7,0.068,1.37,icon_d2
2026-10-01,W1563,52.56351,10.23304,9.8,,16.3,16.8,0.096,16.7,0.068,1.33,icon_d2
2026-10-01,W0571,52.5725,10.2772,8.9,,16.3,17.0,0.093,16.8,0.063,1.44,icon_d2
2026-10-01,W0572,52.5725,10.3068,9.0,,16.5,17.0,0.093,16.8,0.063,1.44,icon_d2
2026-10-01,W0573,52.5725,10.3363,9.2,,16.3,16.8,0.084,16.5,0.076,1.4,icon_d2
2026-10-01,W0574,52.5725,10.3658,9.2,,16.4,16.8,0.084,16.5,0.076,1.4,icon_d2
2026-10-01,W0575,52.5725,10.3954,8.2,,16.4,16.8,0.084,16.5,0.076,1.41,icon_d2
2026-10-01,W0576,52.5725,10.4249,8.2,,16.4,16.8,0.084,16.5,0.076,1.41,icon_d2
2026-10-01,W0577,52.5725,10.4545,7.9,,16.5,16.0,0.097,15.6,0.08,1.46,icon_d2
2026-10-01,W0578,52.5725,10.484,7.1,,16.4,17.0,0.074,16.7,0.066,1.45,icon_d2
2026-10-01,W0579,52.5725,10.5135,6.3,,16.5,17.0,0.074,16.7,0.066,1.51,icon_d2
2026-10-01,W0580,52.5725,10.5431,6.8,,16.4,17.0,0.074,16.7,0.066,1.49,icon_d2
2026-10-01,W0581,52.5725,10.5726,5.8,,16.4,17.0,0.074,16.7,0.066,1.51,icon_d2
2026-10-01,W0582,52.5725,10.6021,5.8,,16.4,17.0,0.074,16.7,0.066,1.51,icon_d2
2026-10-01,W0583,52.5725,10.6317,5.0,,16.6,17.2,0.068,17.0,0.064,1.55,icon_d2
2026-10-01,W0584,52.5725,10.6612,4.8,,16.7,17.2,0.037,16.9,0.07,1.62,icon_d2
2026-10-01,W0585,52.5725,10.6908,4.0,,16.4,17.2,0.037,16.9,0.07,1.64,icon_d2
2026-10-01,W0586,52.5725,10.7203,4.0,,16.4,17.2,0.037,16.9,0.07,1.63,icon_d2
2026-10-01,W0587,52.5725,10.7498,3.4,,16.3,17.2,0.037,16.9,0.07,1.61,icon_d2
2026-10-01,W0588,52.5725,10.7794,2.9,,16.5,17.2,0.062,17.1,0.09,1.63,icon_d2
2026-10-01,W0589,52.5725,10.8089,2.7,,16.6,17.2,0.062,17.1,0.09,1.65,icon_d2
2026-10-01,W0590,52.5725,10.8384,2.8,,16.1,17.3,0.112,17.3,0.139,1.61,icon_d2
2026-10-01,W0591,52.5725,10.868,2.8,,16.2,17.3,0.112,17.3,0.139,1.61,icon_d2
2026-10-01,W0592,52.5725,10.8975,2.6,,16.3,17.3,0.112,17.3,0.139,1.78,icon_d2
2026-10-01,W0593,52.5725,10.9271,2.6,,16.3,17.3,0.112,17.3,0.139,1.78,icon_d2
2026-10-01,W1564,52.56351,10.94258,2.6,,16.1,17.3,0.112,17.3,0.139,1.7,icon_d2
2026-10-01,W1565,52.56351,10.97214,1.8,,16.1,17.3,0.112,17.3,0.139,1.75,icon_d2
2026-10-01,W1566,52.56351,11.00171,1.8,,16.1,16.9,0.121,16.9,0.173,1.75,icon_d2
2026-10-01,W1567,52.56351,11.03127,1.2,,16.4,16.9,0.121,16.9,0.173,1.85,icon_d2
2026-10-01,W0594,52.5725,11.0747,0.9,,16.7,16.9,0.121,16.9,0.173,1.91,icon_d2
2026-10-01,W1568,52.56351,11.0904,0.9,,16.7,16.9,0.121,16.9,0.173,1.93,icon_d2
2026-10-01,W0595,52.5725,11.1338,1.0,,17.2,17.8,0.104,17.9,0.147,1.97,icon_d2
2026-10-01,W1569,52.56351,11.14953,0.9,,16.9,16.8,0.137,16.5,0.168,1.97,icon_d2
2026-10-01,W1570,52.58153,10.11478,13.1,,16.2,17.5,0.097,17.2,0.055,1.34,icon_d2
2026-10-01,W0596,52.5905,10.1591,10.5,,16.2,16.8,0.096,16.7,0.068,1.31,icon_d2
2026-10-01,W0597,52.5905,10.1886,10.5,,16.2,16.8,0.096,16.7,0.068,1.32,icon_d2
2026-10-01,W0598,52.5905,10.2182,9.0,,16.0,17.0,0.093,16.8,0.063,1.26,icon_d2
2026-10-01,W0599,52.5905,10.2477,9.0,,16.1,17.0,0.093,16.8,0.063,1.33,icon_d2
2026-10-01,W0600,52.5905,10.2772,8.7,,16.2,17.0,0.093,16.8,0.063,1.39,icon_d2
2026-10-01,W0601,52.5905,10.3068,8.6,,16.3,17.0,0.093,16.8,0.063,1.44,icon_d2
2026-10-01,W0602,52.5905,10.3363,8.6,,16.2,16.8,0.084,16.5,0.076,1.45,icon_d2
2026-10-01,W1571,52.58153,10.3513,9.2,,16.4,16.8,0.084,16.5,0.076,1.4,icon_d2
2026-10-01,W1572,52.58153,10.38086,8.7,,16.4,16.8,0.084,16.5,0.076,1.4,icon_d2
2026-10-01,W1573,52.58153,10.41042,8.2,,16.5,16.0,0.097,15.6,0.08,1.41,icon_d2
2026-10-01,W0603,52.5905,10.4545,7.9,,16.5,16.0,0.097,15.6,0.08,1.46,icon_d2
2026-10-01,W0604,52.5905,10.484,7.5,,16.3,16.0,0.097,15.6,0.08,1.44,icon_d2
2026-10-01,W0605,52.5905,10.5135,6.3,,16.5,17.0,0.074,16.7,0.066,1.51,icon_d2
2026-10-01,W0606,52.5905,10.5431,6.6,,16.3,17.0,0.074,16.7,0.066,1.5,icon_d2
2026-10-01,W0607,52.5905,10.5726,6.1,,16.4,17.2,0.068,17.0,0.064,1.56,icon_d2
2026-10-01,W1574,52.58153,10.58781,5.8,,16.4,17.2,0.068,17.0,0.064,1.51,icon_d2
2026-10-01,W0608,52.5905,10.6317,5.1,,16.6,17.2,0.068,17.0,0.064,1.57,icon_d2
2026-10-01,W0609,52.5905,10.6612,4.8,,16.8,17.2,0.037,16.9,0.07,1.63,icon_d2
2026-10-01,W0610,52.5905,10.6908,4.6,,16.8,17.2,0.037,16.9,0.07,1.68,icon_d2
2026-10-01,W0611,52.5905,10.7203,3.8,,16.6,17.2,0.062,17.1,0.09,1.68,icon_d2
2026-10-01,W0612,52.5905,10.7498,3.3,,16.7,17.2,0.062,17.1,0.09,1.67,icon_d2
2026-10-01,W0613,52.5905,10.7794,2.9,,16.9,17.2,0.062,17.1,0.09,1.71,icon_d2
2026-10-01,W0614,52.5905,10.8089,2.9,,16.8,17.2,0.062,17.1,0.09,1.71,icon_d2
2026-10-01,W0615,52.5905,10.8384,2.7,,16.3,17.3,0.112,17.3,0.139,1.6,icon_d2
2026-10-01,W0616,52.5905,10.868,2.5,,16.4,17.3,0.112,17.3,0.139,1.66,icon_d2
2026-10-01,W1742,52.58153,10.88345,2.6,,16.3,17.3,0.112,17.3,0.139,1.74,icon_d2
2026-10-01,W1743,52.58153,10.91302,2.6,,16.3,17.5,0.114,17.7,0.151,1.78,icon_d2
2026-10-01,W0617,52.5905,10.9566,2.1,,17.0,17.5,0.114,17.7,0.151,1.89,icon_d2
2026-10-01,W1744,52.58153,10.97214,2.1,,16.2,17.5,0.114,17.7,0.151,1.79,icon_d2
2026-10-01,W0618,52.5905,11.0157,2.0,,17.0,16.9,0.121,16.9,0.173,1.83,icon_d2
2026-10-01,W0619,52.5905,11.0452,1.7,,16.5,16.9,0.121,16.9,0.173,1.81,icon_d2
2026-10-01,W1745,52.58153,11.06084,0.9,,16.6,16.9,0.121,16.9,0.173,1.91,icon_d2
2026-10-01,W1746,52.58153,11.0904,1.1,,17.4,17.8,0.104,17.9,0.147,1.97,icon_d2
2026-10-01,W0620,52.5905,11.1338,0.9,,17.4,17.8,0.104,17.9,0.147,1.98,icon_d2
2026-10-01,W1747,52.58153,11.14953,1.0,,17.0,17.8,0.104,17.9,0.147,1.96,icon_d2
2026-10-01,W1748,52.59955,10.11478,14.9,,16.3,17.5,0.097,17.2,0.055,1.31,icon_d2
2026-10-01,W1749,52.59955,10.14435,14.9,,16.3,17.5,0.097,17.2,0.055,1.31,icon_d2
2026-10-01,W1750,52.59955,10.17391,10.5,,16.2,17.0,0.093,16.8,0.063,1.32,icon_d2
2026-10-01,W1751,52.59955,10.20347,9.0,,16.0,17.0,0.093,16.8,0.063,1.26,icon_d2
2026-10-01,W1752,52.59955,10.23304,9.0,,16.1,17.0,0.093,16.8,0.063,1.33,icon_d2
2026-10-01,W1753,52.59955,10.2626,8.7,,16.2,17.0,0.093,16.8,0.063,1.39,icon_d2
2026-10-01,W1754,52.59955,10.29217,8.6,,16.3,17.0,0.093,16.8,0.063,1.44,icon_d2
2026-10-01,W1755,52.59955,10.32173,8.6,,16.3,17.0,0.093,16.8,0.063,1.44,icon_d2
2026-10-01,W1756,52.59955,10.3513,9.0,,16.3,16.0,0.097,15.6,0.08,1.44,icon_d2
2026-10-01,W1757,52.59955,10.38086,8.8,,16.2,16.0,0.097,15.6,0.08,1.44,icon_d2
2026-10-01,W1758,52.59955,10.41042,7.7,,16.4,16.0,0.097,15.6,0.08,1.47,icon_d2
2026-10-01,W1759,52.59955,10.43999,7.7,,16.4,16.0,0.097,15.6,0.08,1.47,icon_d2
2026-10-01,W1760,52.59955,10.46955,7.9,,16.4,16.0,0.097,15.6,0.08,1.46,icon_d2
2026-10-01,W1761,52.59955,10.49912,7.5,,16.4,17.0,0.074,16.7,0.066,1.44,icon_d2
2026-10-01,W1762,52.59955,10.52868,6.3,,16.5,17.2,0.068,17.0,0.064,1.51,icon_d2
2026-10-01,W1763,52.59955,10.55825,6.1,,16.4,17.2,0.068,17.0,0.064,1.56,icon_d2
2026-10-01,W1764,52.59955,10.58781,6.1,,16.4,17.2,0.068,17.0,0.064,1.56,icon_d2
2026-10-01,W1765,52.59955,10.61737,5.2,,16.6,17.2,0.068,17.0,0.064,1.56,icon_d2
2026-10-01,W1599,52.59955,10.64694,5.1,,16.6,17.2,0.068,17.0,0.064,1.57,icon_d2
2026-10-01,W1600,52.59955,10.6765,4.8,,16.8,17.2,0.037,16.9,0.07,1.63,icon_d2
2026-10-01,W1601,52.59955,10.70607,4.6,,16.8,17.2,0.062,17.1,0.09,1.68,icon_d2
2026-10-01,W1610,52.59955,10.73563,3.3,,16.8,17.2,0.062,17.1,0.09,1.68,icon_d2
2026-10-01,W1602,52.59955,10.76519,3.3,,16.8,17.2,0.062,17.1,0.09,1.68,icon_d2
2026-10-01,W1603,52.59955,10.79476,2.9,,16.8,17.2,0.062,17.1,0.09,1.71,icon_d2
2026-10-01,W1611,52.59955,10.82432,2.7,,16.2,17.2,0.062,17.1,0.09,1.6,icon_d2
2026-10-01,W1604,52.59955,10.85389,2.5,,16.2,17.5,0.114,17.7,0.151,1.65,icon_d2
2026-10-01,W1605,52.59955,10.88345,2.5,,16.4,17.5,0.114,17.7,0.151,1.8,icon_d2
2026-10-01,W1766,52.59955,10.91302,2.3,,16.7,17.5,0.114,17.7,0.151,1.88,icon_d2
2026-10-01,W1767,52.59955,10.94258,2.3,,16.7,17.5,0.114,17.7,0.151,1.89,icon_d2
2026-10-01,W1608,52.59955,10.97214,2.1,,16.9,17.5,0.114,17.7,0.151,1.87,icon_d2
2026-10-01,W1768,52.59955,11.00171,2.0,,17.0,16.9,0.121,16.9,0.173,1.83,icon_d2
2026-10-01,W1769,52.59955,11.03127,1.7,,16.6,17.8,0.104,17.9,0.147,1.81,icon_d2
2026-10-01,W1770,52.59955,11.06084,1.3,,17.0,17.8,0.104,17.9,0.147,1.89,icon_d2
2026-10-01,W1612,52.59955,11.0904,1.1,,17.2,17.8,0.104,17.9,0.147,1.96,icon_d2
2026-10-01,W1613,52.59955,11.11997,1.1,,17.2,17.8,0.104,17.9,0.147,1.96,icon_d2
2026-10-01,W1614,52.59955,11.14953,0.9,,17.4,17.8,0.104,17.9,0.147,1.98,icon_d2
2026-10-01,W0621,52.6086,10.1295,14.9,,16.3,17.5,0.097,17.2,0.055,1.31,icon_d2
2026-10-01,W0622,52.6086,10.1591,10.5,,16.2,17.0,0.093,16.8,0.063,1.31,icon_d2
2026-10-01,W0623,52.6086,10.1886,10.5,,16.2,17.0,0.093,16.8,0.063,1.32,icon_d2
2026-10-01,W0624,52.6086,10.2182,9.0,,16.0,17.0,0.093,16.8,0.063,1.25,icon_d2
2026-10-01,W0625,52.6086,10.2477,9.0,,16.2,17.0,0.093,16.8,0.063,1.33,icon_d2
2026-10-01,W0626,52.6086,10.2772,8.7,,16.2,17.0,0.093,16.8,0.063,1.39,icon_d2
2026-10-01,W0627,52.6086,10.3068,8.6,,16.3,17.0,0.093,16.8,0.063,1.44,icon_d2
2026-10-01,W1615,52.61757,10.32173,8.3,,16.3,17.0,0.093,16.8,0.063,1.51,icon_d2
2026-10-01,W0628,52.6086,10.3658,9.0,,16.3,16.0,0.097,15.6,0.08,1.44,icon_d2
2026-10-01,W0629,52.6086,10.3954,8.1,,16.2,16.0,0.097,15.6,0.08,1.44,icon_d2
2026-10-01,W0630,52.6086,10.4249,7.7,,16.5,16.0,0.097,15.6,0.08,1.47,icon_d2
2026-10-01,W1616,52.61757,10.43999,7.9,,16.4,16.0,0.097,15.6,0.08,1.45,icon_d2
2026-10-01,W0631,52.6086,10.484,7.5,,16.4,16.0,0.097,15.6,0.08,1.44,icon_d2
2026-10-01,W0632,52.6086,10.5135,6.3,,16.5,17.2,0.068,17.0,0.064,1.51,icon_d2
2026-10-01,W0633,52.6086,10.5431,6.6,,16.2,17.2,0.068,17.0,0.064,1.49,icon_d2
2026-10-01,W1617,52.61757,10.55825,6.2,,16.3,17.2,0.068,17.0,0.064,1.54,icon_d2
2026-10-01,W0634,52.6086,10.6021,5.2,,16.6,17.2,0.068,17.0,0.064,1.59,icon_d2
2026-10-01,W0635,52.6086,10.6317,5.1,,16.7,17.2,0.068,17.0,0.064,1.58,icon_d2
2026-10-01,W0636,52.6086,10.6612,4.8,,16.8,17.2,0.068,17.0,0.064,1.63,icon_d2
2026-10-01,W0637,52.6086,10.6908,4.6,,16.9,17.2,0.062,17.1,0.09,1.68,icon_d2
2026-10-01,W0638,52.6086,10.7203,3.8,,16.8,17.2,0.062,17.1,0.09,1.68,icon_d2
2026-10-01,W0639,52.6086,10.7498,3.3,,16.7,17.2,0.062,17.1,0.09,1.67,icon_d2
2026-10-01,W0640,52.6086,10.7794,2.9,,16.8,17.2,0.062,17.1,0.09,1.71,icon_d2
2026-10-01,W0641,52.6086,10.8089,2.9,,16.7,17.2,0.062,17.1,0.09,1.7,icon_d2
2026-10-01,W0642,52.6086,10.8384,2.7,,16.2,17.5,0.114,17.7,0.151,1.6,icon_d2
2026-10-01,W0643,52.6086,10.868,2.5,,16.4,17.5,0.114,17.7,0.151,1.66,icon_d2
2026-10-01,W1618,52.61757,10.88345,2.6,,16.4,17.5,0.114,17.7,0.151,1.74,icon_d2
2026-10-01,W1619,52.61757,10.91302,2.3,,17.0,17.5,0.114,17.7,0.151,1.93,icon_d2
2026-10-01,W0644,52.6086,10.9566,2.1,,17.0,17.5,0.114,17.7,0.151,1.89,icon_d2
2026-10-01,W0645,52.6086,10.9861,2.1,,16.8,17.5,0.114,17.7,0.151,1.86,icon_d2
2026-10-01,W0646,52.6086,11.0157,2.0,,16.9,17.8,0.104,17.9,0.147,1.82,icon_d2
2026-10-01,W0647,52.6086,11.0452,1.7,,16.6,17.8,0.104,17.9,0.147,1.81,icon_d2
2026-10-01,W0648,52.6086,11.0747,0.9,,17.0,17.8,0.104,17.9,0.147,1.94,icon_d2
2026-10-01,W0649,52.6086,11.1043,1.1,,17.2,17.8,0.104,17.9,0.147,1.96,icon_d2
2026-10-01,W0650,52.6086,11.1338,0.9,,17.5,17.8,0.104,17.9,0.147,1.98,icon_d2
2026-10-01,W1620,52.61757,11.14953,1.0,,17.8,17.8,0.104,17.9,0.147,2.02,icon_d2
2026-10-01,W0652,52.6266,10.1295,16.3,,16.3,17.5,0.097,17.2,0.055,1.27,icon_d2
2026-10-01,W0653,52.6266,10.1591,11.8,,16.3,17.0,0.093,16.8,0.063,1.27,icon_d2
2026-10-01,W0654,52.6266,10.1886,9.2,,16.3,17.0,0.093,16.8,0.063,1.27,icon_d2
2026-10-01,W0655,52.6266,10.2182,9.0,,16.0,17.0,0.093,16.8,0.063,1.25,icon_d2
2026-10-01,W0656,52.6266,10.2477,9.0,,16.1,17.0,0.093,16.8,0.063,1.33,icon_d2
2026-10-01,W0657,52.6266,10.2772,8.5,,16.3,17.0,0.093,16.8,0.063,1.47,icon_d2
2026-10-01,W1621,52.63559,10.29217,8.5,,16.3,17.0,0.093,16.8,0.063,1.47,icon_d2
2026-10-01,W1622,52.63559,10.32173,8.3,,16.3,16.4,0.102,16.0,0.089,1.51,icon_d2
2026-10-01,W0658,52.6266,10.3658,9.2,,16.4,16.0,0.097,15.6,0.08,1.51,icon_d2
2026-10-01,W0659,52.6266,10.3954,8.7,,16.3,16.0,0.097,15.6,0.08,1.48,icon_d2
2026-10-01,W0660,52.6266,10.4249,8.2,,16.5,16.0,0.097,15.6,0.08,1.48,icon_d2
2026-10-01,W0661,52.6266,10.4545,7.7,,16.3,16.0,0.097,15.6,0.08,1.44,icon_d2
2026-10-01,W0662,52.6266,10.484,7.3,,16.2,16.0,0.097,15.6,0.08,1.43,icon_d2
2026-10-01,W0663,52.6266,10.5135,6.6,,16.2,17.2,0.068,17.0,0.064,1.47,icon_d2
2026-10-01,W1623,52.63559,10.52868,5.8,,16.4,17.2,0.068,17.0,0.064,1.49,icon_d2
2026-10-01,W0664,52.6266,10.5726,6.2,,16.3,17.2,0.068,17.0,0.064,1.54,icon_d2
2026-10-01,W0665,52.6266,10.6021,5.7,,16.6,17.2,0.068,17.0,0.064,1.6,icon_d2
2026-10-01,W0666,52.6266,10.6317,4.2,,16.9,17.2,0.068,17.0,0.064,1.63,icon_d2
2026-10-01,W0667,52.6266,10.6612,4.2,,16.8,17.2,0.068,17.0,0.064,1.63,icon_d2
2026-10-01,W0668,52.6266,10.6908,4.1,,17.2,17.2,0.062,17.1,0.09,1.69,icon_d2
2026-10-01,W0669,52.6266,10.7203,4.0,,16.9,17.2,0.062,17.1,0.09,1.68,icon_d2
2026-10-01,W0670,52.6266,10.7498,3.5,,17.0,17.2,0.062,17.1,0.09,1.7,icon_d2
2026-10-01,W0671,52.6266,10.7794,3.2,,16.9,17.2,0.062,17.1,0.09,1.72,icon_d2
2026-10-01,W0672,52.6266,10.8089,2.9,,17.0,17.2,0.062,17.1,0.09,1.76,icon_d2
2026-10-01,W0673,52.6266,10.8384,2.7,,16.4,17.5,0.114,17.7,0.151,1.71,icon_d2
2026-10-01,W0674,52.6266,10.868,2.6,,16.4,17.5,0.114,17.7,0.151,1.74,icon_d2
2026-10-01,W1624,52.63559,10.88345,2.1,,16.6,17.5,0.114,17.7,0.151,1.76,icon_d2
2026-10-01,W1625,52.63559,10.91302,2.1,,16.8,17.5,0.114,17.7,0.151,1.87,icon_d2
2026-10-01,W0675,52.6266,10.9566,2.4,,16.9,17.5,0.114,17.7,0.151,1.8,icon_d2
2026-10-01,W0676,52.6266,10.9861,2.4,,16.9,17.5,0.114,17.7,0.151,1.8,icon_d2
2026-10-01,W0677,52.6266,11.0157,1.9,,16.9,17.8,0.104,17.9,0.147,1.77,icon_d2
2026-10-01,W0678,52.6266,11.0452,1.6,,17.0,17.8,0.104,17.9,0.147,1.78,icon_d2
2026-10-01,W1626,52.63559,11.06084,1.6,,17.0,17.8,0.104,17.9,0.147,1.77,icon_d2
2026-10-01,W0679,52.6266,11.1043,1.2,,17.2,17.8,0.104,17.9,0.147,1.92,icon_d2
2026-10-01,W0680,52.6266,11.1338,1.0,,17.6,17.8,0.104,17.9,0.147,2.01,icon_d2
2026-10-01,W1627,52.63559,11.14953,1.2,,17.6,17.8,0.104,17.9,0.147,1.96,icon_d2
2026-10-01,W0707,52.6626,10.1,19.8,,16.1,16.7,0.139,16.5,0.111,1.33,icon_d2
2026-10-01,W0709,52.6626,10.1591,15.5,,16.2,16.7,0.139,16.5,0.111,1.31,icon_d2
2026-10-01,W0710,52.6626,10.1886,11.5,,16.1,17.0,0.093,16.8,0.063,1.28,icon_d2
2026-10-01,W0711,52.6626,10.2182,8.1,,16.1,17.0,0.093,16.8,0.063,1.32,icon_d2
2026-10-01,W1628,52.6536,10.23304,8.1,,16.1,17.0,0.093,16.8,0.063,1.32,icon_d2
2026-10-01,W0712,52.6626,10.2772,8.6,,16.1,16.4,0.102,16.0,0.089,1.41,icon_d2
2026-10-01,W0684,52.6446,10.3068,8.5,,16.3,16.4,0.102,16.0,0.089,1.47,icon_d2
2026-10-01,W0713,52.6626,10.3363,8.2,,16.3,16.4,0.102,16.0,0.089,1.51,icon_d2
2026-10-01,W0714,52.6626,10.3658,8.2,,16.3,16.0,0.097,15.6,0.08,1.51,icon_d2
2026-10-01,W0715,52.6626,10.3954,8.5,,16.5,16.2,0.097,15.8,0.104,1.52,icon_d2
2026-10-01,W0716,52.6626,10.4249,8.5,,16.4,16.2,0.097,15.8,0.104,1.52,icon_d2
2026-10-01,W0717,52.6626,10.4545,7.4,,16.4,16.2,0.097,15.8,0.104,1.57,icon_d2
2026-10-01,W1629,52.6536,10.46955,7.4,,16.4,16.2,0.097,15.8,0.104,1.57,icon_d2
2026-10-01,W0718,52.6626,10.5135,6.2,,16.4,17.2,0.068,17.0,0.064,1.54,icon_d2
2026-10-01,W0719,52.6626,10.5431,5.8,,16.5,17.2,0.068,17.0,0.064,1.51,icon_d2
2026-10-01,W0720,52.6626,10.5726,5.1,,16.6,16.9,0.07,16.4,0.076,1.49,icon_d2
2026-10-01,W0721,52.6626,10.6021,5.4,,16.5,16.9,0.07,16.4,0.076,1.48,icon_d2
2026-10-01,W0722,52.6626,10.6317,5.1,,17.0,16.9,0.07,16.4,0.076,1.58,icon_d2
2026-10-01,W0723,52.6626,10.6612,4.7,,17.1,16.9,0.07,16.4,0.076,1.6,icon_d2
2026-10-01,W0724,52.6626,10.6908,4.3,,17.2,17.2,0.062,17.1,0.09,1.71,icon_d2
2026-10-01,W0725,52.6626,10.7203,4.0,,16.9,17.2,0.062,17.1,0.09,1.69,icon_d2
2026-10-01,W0726,52.6626,10.7498,3.4,,16.5,17.3,0.047,16.9,0.062,1.69,icon_d2
2026-10-01,W0727,52.6626,10.7794,3.4,,16.6,17.3,0.047,16.9,0.062,1.69,icon_d2
2026-10-01,W0728,52.6626,10.8089,3.1,,16.5,17.3,0.047,16.9,0.062,1.76,icon_d2
2026-10-01,W0729,52.6626,10.8384,2.3,,16.4,17.3,0.047,16.9,0.062,1.79,icon_d2
2026-10-01,W0730,52.6626,10.868,2.4,,16.6,17.5,0.114,17.7,0.151,1.79,icon_d2
2026-10-01,W0731,52.6626,10.8975,2.1,,16.9,17.0,0.108,16.7,0.148,1.83,icon_d2
2026-10-01,W0732,52.6626,10.9271,2.6,,16.9,17.0,0.108,16.7,0.148,1.8,icon_d2
2026-10-01,W0733,52.6626,10.9566,2.5,,16.9,17.0,0.108,16.7,0.148,1.78,icon_d2
2026-10-01,W0734,52.6626,10.9861,2.0,,17.1,17.0,0.108,16.7,0.148,1.77,icon_d2
2026-10-01,W0735,52.6626,11.0157,1.7,,16.7,17.8,0.104,17.9,0.147,1.72,icon_d2
2026-10-01,W0736,52.6626,11.0452,1.6,,16.6,17.8,0.104,17.9,0.147,1.72,icon_d2
2026-10-01,W0737,52.6626,11.0747,1.3,,16.7,17.8,0.102,17.6,0.143,1.74,icon_d2
2026-10-01,W0705,52.6446,11.1043,1.3,,17.3,17.8,0.104,17.9,0.147,1.87,icon_d2
2026-10-01,W0738,52.6626,11.1338,1.2,,17.1,17.8,0.102,17.6,0.143,1.84,icon_d2
2026-10-01,W1630,52.6536,11.14953,1.2,,17.0,17.8,0.102,17.6,0.143,1.83,icon_d2
2026-10-01,W0740,52.6806,10.1295,21.0,,16.1,16.7,0.139,16.5,0.111,1.31,icon_d2
2026-10-01,W0741,52.6806,10.1591,16.5,,16.3,16.7,0.139,16.5,0.111,1.33,icon_d2
2026-10-01,W0742,52.6806,10.1886,16.5,,16.4,16.4,0.102,16.0,0.089,1.33,icon_d2
2026-10-01,W0743,52.6806,10.2182,10.0,,16.1,16.4,0.102,16.0,0.089,1.32,icon_d2
2026-10-01,W0744,52.6806,10.2477,8.7,,16.2,16.4,0.102,16.0,0.089,1.36,icon_d2
2026-10-01,W0745,52.6806,10.2772,8.2,,16.3,16.4,0.102,16.0,0.089,1.4,icon_d2
2026-10-01,W0746,52.6806,10.3068,8.5,,16.3,16.4,0.102,16.0,0.089,1.43,icon_d2
2026-10-01,W1631,52.67162,10.32173,8.5,,16.3,16.4,0.102,16.0,0.089,1.43,icon_d2
2026-10-01,W0747,52.6806,10.3658,8.2,,16.4,16.2,0.097,15.8,0.104,1.52,icon_d2
2026-10-01,W0748,52.6806,10.3954,8.3,,16.5,16.2,0.097,15.8,0.104,1.54,icon_d2
2026-10-01,W0749,52.6806,10.4249,7.3,,16.4,16.2,0.097,15.8,0.104,1.52,icon_d2
2026-10-01,W0750,52.6806,10.4545,6.9,,16.3,16.2,0.097,15.8,0.104,1.49,icon_d2
2026-10-01,W0751,52.6806,10.484,6.9,,16.3,16.2,0.097,15.8,0.104,1.49,icon_d2
2026-10-01,W0752,52.6806,10.5135,6.0,,16.4,16.2,0.097,15.8,0.104,1.55,icon_d2
2026-10-01,W1632,52.67162,10.52868,6.0,,16.5,16.9,0.07,16.4,0.076,1.56,icon_d2
2026-10-01,W0753,52.6806,10.5726,5.1,,16.5,16.9,0.07,16.4,0.076,1.5,icon_d2
2026-10-01,W0754,52.6806,10.6021,4.7,,16.4,16.9,0.07,16.4,0.076,1.45,icon_d2
2026-10-01,W0755,52.6806,10.6317,5.3,,16.5,16.9,0.07,16.4,0.076,1.5,icon_d2
2026-10-01,W0756,52.6806,10.6612,5.3,,16.5,16.9,0.07,16.4,0.076,1.5,icon_d2
2026-10-01,W0757,52.6806,10.6908,3.9,,16.9,17.3,0.047,16.9,0.062,1.65,icon_d2
2026-10-01,W0758,52.6806,10.7203,4.0,,17.1,17.3,0.047,16.9,0.062,1.7,icon_d2
2026-10-01,W0759,52.6806,10.7498,3.5,,16.8,17.3,0.047,16.9,0.062,1.73,icon_d2
2026-10-01,W0760,52.6806,10.7794,3.3,,16.3,17.3,0.047,16.9,0.062,1.73,icon_d2
2026-10-01,W0761,52.6806,10.8089,3.1,,16.5,17.3,0.047,16.9,0.062,1.8,icon_d2
2026-10-01,W1633,52.67162,10.82432,2.5,,16.5,17.3,0.047,16.9,0.062,1.8,icon_d2
2026-10-01,W1634,52.67162,10.85389,2.4,,16.6,17.5,0.114,17.7,0.151,1.81,icon_d2
2026-10-01,W0762,52.6806,10.8975,2.1,,16.6,17.0,0.108,16.7,0.148,1.8,icon_d2
2026-10-01,W0763,52.6806,10.9271,2.4,,17.0,17.0,0.108,16.7,0.148,1.82,icon_d2
2026-10-01,W0764,52.6806,10.9566,2.7,,16.8,17.0,0.108,16.7,0.148,1.71,icon_d2
2026-10-01,W0765,52.6806,10.9861,2.7,,16.7,17.0,0.108,16.7,0.148,1.67,icon_d2
2026-10-01,W1635,52.67162,11.00171,1.8,,16.8,17.0,0.108,16.7,0.148,1.71,icon_d2
2026-10-01,W0766,52.6806,11.0452,1.4,,16.8,17.8,0.102,17.6,0.143,1.74,icon_d2
2026-10-01,W1636,52.67162,11.06084,1.4,,16.8,17.8,0.102,17.6,0.143,1.73,icon_d2
2026-10-01,W1637,52.67162,11.0904,1.3,,17.1,17.8,0.102,17.6,0.143,1.84,icon_d2
2026-10-01,W1638,52.67162,11.11997,1.3,,17.0,17.8,0.102,17.6,0.143,1.84,icon_d2
2026-10-01,W1639,52.67162,11.14953,1.3,,17.0,17.8,0.102,17.6,0.143,1.86,icon_d2
2026-10-01,W0768,52.6986,10.1295,18.8,,16.3,16.7,0.139,16.5,0.111,1.33,icon_d2
2026-10-01,W0769,52.6986,10.1591,18.8,,16.4,16.7,0.139,16.5,0.111,1.33,icon_d2
2026-10-01,W0770,52.6986,10.1886,13.0,,16.1,16.4,0.102,16.0,0.089,1.3,icon_d2
2026-10-01,W0771,52.6986,10.2182,11.0,,16.2,16.4,0.102,16.0,0.089,1.38,icon_d2
2026-10-01,W0772,52.6986,10.2477,9.1,,16.3,16.4,0.102,16.0,0.089,1.39,icon_d2
2026-10-01,W0773,52.6986,10.2772,8.1,,16.1,16.4,0.102,16.0,0.089,1.4,icon_d2
2026-10-01,W0774,52.6986,10.3068,8.1,,16.3,16.4,0.102,16.0,0.089,1.4,icon_d2
2026-10-01,W1640,52.68964,10.32173,8.5,,16.3,16.4,0.102,16.0,0.089,1.43,icon_d2
2026-10-01,W0775,52.6986,10.3658,7.8,,16.5,16.2,0.097,15.8,0.104,1.46,icon_d2
2026-10-01,W0776,52.6986,10.3954,8.6,,16.5,16.2,0.097,15.8,0.104,1.53,icon_d2
2026-10-01,W0777,52.6986,10.4249,8.6,,16.5,16.2,0.097,15.8,0.104,1.53,icon_d2
2026-10-01,W0778,52.6986,10.4545,7.4,,16.5,16.2,0.097,15.8,0.104,1.49,icon_d2
2026-10-01,W0779,52.6986,10.484,7.4,,16.3,16.2,0.097,15.8,0.104,1.49,icon_d2
2026-10-01,W0780,52.6986,10.5135,6.6,,16.3,16.2,0.097,15.8,0.104,1.51,icon_d2
2026-10-01,W0781,52.6986,10.5431,6.0,,16.5,16.9,0.07,16.4,0.076,1.53,icon_d2
2026-10-01,W0782,52.6986,10.5726,5.1,,16.2,16.9,0.07,16.4,0.076,1.5,icon_d2
2026-10-01,W0783,52.6986,10.6021,4.8,,16.2,16.9,0.07,16.4,0.076,1.46,icon_d2
2026-10-01,W0784,52.6986,10.6317,5.3,,16.3,16.9,0.07,16.4,0.076,1.49,icon_d2
2026-10-01,W0785,52.6986,10.6612,5.3,,16.3,16.9,0.07,16.4,0.076,1.49,icon_d2
2026-10-01,W1641,52.68964,10.6765,3.9,,16.9,16.9,0.07,16.4,0.076,1.65,icon_d2
2026-10-01,W0786,52.6986,10.7203,4.4,,16.6,17.3,0.047,16.9,0.062,1.73,icon_d2
2026-10-01,W1642,52.68964,10.73563,3.5,,16.8,17.3,0.047,16.9,0.062,1.72,icon_d2
2026-10-01,W1643,52.68964,10.76519,3.5,,16.9,17.3,0.047,16.9,0.062,1.73,icon_d2
2026-10-01,W1644,52.68964,10.79476,3.1,,16.4,17.3,0.047,16.9,0.062,1.8,icon_d2
2026-10-01,W0787,52.6986,10.8384,3.1,,16.5,17.3,0.047,16.9,0.062,1.82,icon_d2
2026-10-01,W0788,52.6986,10.868,2.8,,16.6,17.0,0.108,16.7,0.148,1.76,icon_d2
2026-10-01,W0789,52.6986,10.8975,1.9,,16.7,17.0,0.108,16.7,0.148,1.79,icon_d2
2026-10-01,W0790,52.6986,10.9271,1.9,,16.7,17.0,0.108,16.7,0.148,1.79,icon_d2
2026-10-01,W0791,52.6986,10.9566,2.4,,16.3,17.0,0.108,16.7,0.148,1.68,icon_d2
2026-10-01,W0792,52.6986,10.9861,2.4,,16.5,17.0,0.108,16.7,0.148,1.69,icon_d2
2026-10-01,W1645,52.68964,11.00171,1.8,,16.8,17.0,0.108,16.7,0.148,1.71,icon_d2
2026-10-01,W0793,52.6986,11.0452,1.6,,16.5,17.8,0.102,17.6,0.143,1.75,icon_d2
2026-10-01,W0794,52.6986,11.0747,1.3,,16.8,17.8,0.102,17.6,0.143,1.78,icon_d2
2026-10-01,W0795,52.6986,11.1043,1.3,,16.8,17.8,0.102,17.6,0.143,1.78,icon_d2
2026-10-01,W0796,52.6986,11.1338,1.4,,17.1,17.8,0.102,17.6,0.143,1.87,icon_d2
2026-10-01,W1646,52.68964,11.14953,1.3,,17.1,17.8,0.102,17.6,0.143,1.87,icon_d2
2026-10-01,W1647,52.70766,10.11478,18.8,,16.3,16.7,0.139,16.5,0.111,1.33,icon_d2
2026-10-01,W1648,52.70766,10.14435,18.8,,16.3,16.7,0.139,16.5,0.111,1.33,icon_d2
2026-10-01,W1649,52.70766,10.17391,13.0,,16.0,16.6,0.151,16.6,0.144,1.3,icon_d2
2026-10-01,W1650,52.70766,10.20347,13.8,,16.2,16.4,0.102,16.0,0.089,1.33,icon_d2
2026-10-01,W1651,52.70766,10.23304,9.1,,16.2,16.4,0.102,16.0,0.089,1.39,icon_d2
2026-10-01,W1652,52.70766,10.2626,9.1,,16.2,16.4,0.102,16.0,0.089,1.39,icon_d2
2026-10-01,W1653,52.70766,10.29217,8.1,,16.3,16.4,0.102,16.0,0.089,1.4,icon_d2
2026-10-01,W1654,52.70766,10.32173,8.2,,16.4,16.4,0.102,16.0,0.089,1.42,icon_d2
2026-10-01,W1655,52.70766,10.3513,7.8,,16.5,16.2,0.097,15.8,0.104,1.46,icon_d2
2026-10-01,W1656,52.70766,10.38086,8.6,,16.5,16.2,0.097,15.8,0.104,1.53,icon_d2
2026-10-01,W1657,52.70766,10.41042,8.6,,16.5,16.2,0.097,15.8,0.104,1.53,icon_d2
2026-10-01,W1658,52.70766,10.43999,7.8,,16.4,16.2,0.097,15.8,0.104,1.52,icon_d2
2026-10-01,W1659,52.70766,10.46955,7.4,,16.5,16.2,0.097,15.8,0.104,1.49,icon_d2
2026-10-01,W1660,52.70766,10.49912,6.6,,16.3,16.3,0.12,15.9,0.117,1.51,icon_d2
2026-10-01,W1661,52.70766,10.52868,6.6,,16.2,16.9,0.07,16.4,0.076,1.51,icon_d2
2026-10-01,W1662,52.70766,10.55825,6.0,,16.3,16.9,0.07,16.4,0.076,1.52,icon_d2
2026-10-01,W1663,52.70766,10.58781,5.1,,16.2,16.9,0.07,16.4,0.076,1.5,icon_d2
2026-10-01,W1664,52.70766,10.61737,4.8,,16.2,16.9,0.07,16.4,0.076,1.46,icon_d2
2026-10-01,W1665,52.70766,10.64694,5.3,,16.2,16.9,0.07,16.4,0.076,1.48,icon_d2
2026-10-01,W1666,52.70766,10.6765,5.4,,16.2,17.1,0.048,15.9,0.058,1.54,icon_d2
2026-10-01,W1667,52.70766,10.70607,4.3,,16.6,17.3,0.047,16.9,0.062,1.65,icon_d2
2026-10-01,W1668,52.70766,10.73563,4.4,,16.6,17.3,0.047,16.9,0.062,1.73,icon_d2
2026-10-01,W1669,52.70766,10.76519,4.0,,16.5,17.3,0.047,16.9,0.062,1.81,icon_d2
2026-10-01,W1670,52.70766,10.79476,3.1,,16.5,17.3,0.047,16.9,0.062,1.8,icon_d2
2026-10-01,W1671,52.70766,10.82432,3.1,,16.5,17.3,0.047,16.9,0.062,1.82,icon_d2
2026-10-01,W1672,52.70766,10.85389,2.8,,16.6,17.0,0.108,16.7,0.148,1.77,icon_d2
2026-10-01,W1673,52.70766,10.88345,2.8,,16.5,17.0,0.108,16.7,0.148,1.76,icon_d2
2026-10-01,W1674,52.70766,10.91302,1.9,,16.7,17.0,0.108,16.7,0.148,1.79,icon_d2
2026-10-01,W1675,52.70766,10.94258,2.1,,16.5,17.0,0.108,16.7,0.148,1.73,icon_d2
2026-10-01,W1676,52.70766,10.97214,2.4,,16.4,17.0,0.108,16.7,0.148,1.69,icon_d2
2026-10-01,W1677,52.70766,11.00171,2.6,,16.4,17.2,0.102,16.6,0.131,1.72,icon_d2
2026-10-01,W1678,52.70766,11.03127,1.6,,16.6,17.8,0.102,17.6,0.143,1.76,icon_d2
2026-10-01,W1679,52.70766,11.06084,1.5,,16.7,17.8,0.102,17.6,0.143,1.74,icon_d2
2026-10-01,W1680,52.70766,11.0904,1.3,,16.8,17.8,0.102,17.6,0.143,1.78,icon_d2
2026-10-01,W1681,52.70766,11.11997,1.4,,17.3,17.8,0.102,17.6,0.143,1.87,icon_d2
2026-10-01,W1682,52.70766,11.14953,1.4,,17.2,17.8,0.102,17.6,0.143,1.87,icon_d2
2026-10-01,W0798,52.7167,10.1295,16.8,,16.3,16.7,0.139,16.5,0.111,1.38,icon_d2
2026-10-01,W0799,52.7167,10.1591,16.4,,16.2,16.6,0.151,16.6,0.144,1.34,icon_d2
2026-10-01,W0800,52.7167,10.1886,16.4,,16.2,16.4,0.102,16.0,0.089,1.34,icon_d2
2026-10-01,W0801,52.7167,10.2182,11.0,,16.2,16.4,0.102,16.0,0.089,1.38,icon_d2
2026-10-01,W0802,52.7167,10.2477,11.0,,16.1,16.4,0.102,16.0,0.089,1.37,icon_d2
2026-10-01,W0803,52.7167,10.2772,9.5,,16.3,16.4,0.102,16.0,0.089,1.42,icon_d2
2026-10-01,W0804,52.7167,10.3068,8.9,,16.3,16.0,0.152,15.5,0.148,1.37,icon_d2
2026-10-01,W0805,52.7167,10.3363,8.7,,16.4,16.0,0.152,15.5,0.148,1.34,icon_d2
2026-10-01,W0806,52.7167,10.3658,8.5,,16.5,16.2,0.097,15.8,0.104,1.42,icon_d2
2026-10-01,W0807,52.7167,10.3954,8.6,,16.4,16.2,0.097,15.8,0.104,1.43,icon_d2
2026-10-01,W0808,52.7167,10.4249,8.4,,16.5,16.2,0.097,15.8,0.104,1.51,icon_d2
2026-10-01,W0809,52.7167,10.4545,7.3,,16.4,16.2,0.097,15.8,0.104,1.48,icon_d2
2026-10-01,W0810,52.7167,10.484,6.5,,16.3,16.3,0.12,15.9,0.117,1.48,icon_d2
2026-10-01,W0811,52.7167,10.5135,6.2,,16.4,16.3,0.12,15.9,0.117,1.53,icon_d2
2026-10-01,W0812,52.7167,10.5431,6.2,,16.4,16.9,0.07,16.4,0.076,1.53,icon_d2
2026-10-01,W0813,52.7167,10.5726,5.1,,16.1,16.9,0.07,16.4,0.076,1.49,icon_d2
2026-10-01,W0814,52.7167,10.6021,4.7,,16.1,16.9,0.07,16.4,0.076,1.53,icon_d2
2026-10-01,W1683,52.72568,10.61737,4.6,,16.1,17.1,0.048,15.9,0.058,1.49,icon_d2
2026-10-01,W0815,52.7167,10.6612,4.7,,16.0,17.1,0.048,15.9,0.058,1.5,icon_d2
2026-10-01,W0816,52.7167,10.6908,4.9,,16.5,17.3,0.047,16.9,0.062,1.71,icon_d2
2026-10-01,W1684,52.72568,10.70607,4.9,,16.4,17.3,0.047,16.9,0.062,1.71,icon_d2
2026-10-01,W1685,52.72568,10.73563,3.7,,16.5,17.3,0.047,16.9,0.062,1.75,icon_d2
2026-10-01,W1686,52.72568,10.76519,3.2,,16.5,17.3,0.047,16.9,0.062,1.81,icon_d2
2026-10-01,W0817,52.7167,10.8089,3.6,,16.4,17.2,0.048,15.9,0.059,1.82,icon_d2
2026-10-01,W0818,52.7167,10.8384,3.1,,16.6,17.2,0.048,15.9,0.059,1.77,icon_d2
2026-10-01,W0819,52.7167,10.868,3.1,,16.6,17.0,0.108,16.7,0.148,1.77,icon_d2
2026-10-01,W0820,52.7167,10.8975,2.3,,16.9,17.0,0.108,16.7,0.148,1.78,icon_d2
2026-10-01,W0821,52.7167,10.9271,2.0,,16.5,17.0,0.108,16.7,0.148,1.71,icon_d2
2026-10-01,W1687,52.72568,10.94258,2.0,,16.5,17.2,0.102,16.6,0.131,1.81,icon_d2
2026-10-01,W1688,52.72568,10.97214,1.9,,16.6,17.2,0.102,16.6,0.131,1.81,icon_d2
2026-10-01,W1689,52.72568,11.00171,1.9,,16.7,17.2,0.102,16.6,0.131,1.81,icon_d2
2026-10-01,W1690,52.72568,11.03127,1.9,,17.0,17.8,0.102,17.6,0.143,1.79,icon_d2
2026-10-01,W0822,52.7167,11.0747,1.5,,16.9,17.8,0.102,17.6,0.143,1.79,icon_d2
2026-10-01,W1691,52.72568,11.0904,1.3,,17.0,17.8,0.102,17.6,0.143,1.81,icon_d2
2026-10-01,W0823,52.7167,11.1338,1.3,,17.0,17.8,0.102,17.6,0.143,1.86,icon_d2
2026-10-01,W1692,52.72568,11.14953,1.3,,17.0,17.9,0.071,17.5,0.13,1.86,icon_d2
2026-10-01,W0825,52.7347,10.1295,15.9,,16.3,16.6,0.151,16.6,0.144,1.4,icon_d2
2026-10-01,W0826,52.7347,10.1591,16.1,,16.2,16.6,0.151,16.6,0.144,1.36,icon_d2
2026-10-01,W0827,52.7347,10.1886,15.5,,16.2,16.6,0.151,16.6,0.144,1.36,icon_d2
2026-10-01,W0828,52.7347,10.2182,14.4,,16.1,16.4,0.102,16.0,0.089,1.38,icon_d2
2026-10-01,W0829,52.7347,10.2477,10.7,,16.3,16.0,0.152,15.5,0.148,1.44,icon_d2
2026-10-01,W0860,52.7527,10.2772,11.5,,16.4,16.0,0.152,15.5,0.148,1.34,icon_d2
2026-10-01,W0830,52.7347,10.3068,8.9,,16.3,16.0,0.152,15.5,0.148,1.36,icon_d2
2026-10-01,W0831,52.7347,10.3363,8.9,,16.4,16.0,0.152,15.5,0.148,1.33,icon_d2
2026-10-01,W0832,52.7347,10.3658,8.9,,16.4,16.2,0.097,15.8,0.104,1.33,icon_d2
2026-10-01,W0833,52.7347,10.3954,8.3,,16.3,16.2,0.097,15.8,0.104,1.41,icon_d2
2026-10-01,W0834,52.7347,10.4249,8.3,,16.3,16.3,0.12,15.9,0.117,1.44,icon_d2
2026-10-01,W0835,52.7347,10.4545,8.1,,16.4,16.3,0.12,15.9,0.117,1.45,icon_d2
2026-10-01,W0836,52.7347,10.484,7.9,,16.1,16.3,0.12,15.9,0.117,1.42,icon_d2
2026-10-01,W0837,52.7347,10.5135,6.1,,16.1,16.3,0.12,15.9,0.117,1.52,icon_d2
2026-10-01,W0838,52.7347,10.5431,5.8,,16.2,16.9,0.07,16.4,0.076,1.54,icon_d2
2026-10-01,W0839,52.7347,10.5726,5.6,,16.0,17.1,0.048,15.9,0.058,1.54,icon_d2
2026-10-01,W0840,52.7347,10.6021,4.4,,16.1,17.1,0.048,15.9,0.058,1.52,icon_d2
2026-10-01,W1694,52.74369,10.61737,4.4,,16.2,17.1,0.048,15.9,0.058,1.53,icon_d2
2026-10-01,W0841,52.7347,10.6612,4.7,,16.2,17.1,0.048,15.9,0.058,1.56,icon_d2
2026-10-01,W1695,52.74369,10.6765,4.7,,16.2,17.1,0.048,15.9,0.058,1.56,icon_d2
2026-10-01,W0872,52.7527,10.7203,5.2,,16.5,17.2,0.048,15.9,0.059,1.66,icon_d2
2026-10-01,W0873,52.7527,10.7498,5.2,,16.5,17.2,0.048,15.9,0.059,1.66,icon_d2
2026-10-01,W0874,52.7527,10.7794,3.2,,16.5,17.2,0.048,15.9,0.059,1.7,icon_d2
2026-10-01,W0842,52.7347,10.8089,3.0,,16.6,17.2,0.048,15.9,0.059,1.79,icon_d2
2026-10-01,W0843,52.7347,10.8384,2.8,,16.3,17.2,0.048,15.9,0.059,1.69,icon_d2
2026-10-01,W0844,52.7347,10.868,3.0,,16.2,17.0,0.108,16.7,0.148,1.67,icon_d2
2026-10-01,W0845,52.7347,10.8975,2.8,,16.7,17.0,0.108,16.7,0.148,1.67,icon_d2
2026-10-01,W0846,52.7347,10.9271,1.7,,16.4,17.2,0.102,16.6,0.131,1.74,icon_d2
2026-10-01,W0847,52.7347,10.9566,2.1,,16.7,17.2,0.102,16.6,0.131,1.81,icon_d2
2026-10-01,W0848,52.7347,10.9861,1.9,,16.9,17.2,0.102,16.6,0.131,1.78,icon_d2
2026-10-01,W0849,52.7347,11.0157,2.1,,16.9,17.2,0.102,16.6,0.131,1.73,icon_d2
2026-10-01,W0850,52.7347,11.0452,2.1,,16.8,17.8,0.102,17.6,0.143,1.73,icon_d2
2026-10-01,W0851,52.7347,11.0747,1.5,,16.7,17.8,0.102,17.6,0.143,1.76,icon_d2
2026-10-01,W0852,52.7347,11.1043,1.3,,16.4,17.9,0.071,17.5,0.13,1.77,icon_d2
2026-10-01,W0853,52.7347,11.1338,1.2,,16.5,17.9,0.071,17.5,0.13,1.87,icon_d2
2026-10-01,W1699,52.74369,11.14953,1.2,,16.6,17.9,0.071,17.5,0.13,1.87,icon_d2
2026-10-01,W0887,52.7707,10.1295,15.0,,16.4,16.6,0.151,16.6,0.144,1.37,icon_d2
2026-10-01,W0888,52.7707,10.1591,15.2,,16.3,16.6,0.151,16.6,0.144,1.41,icon_d2
2026-10-01,W0889,52.7707,10.1886,15.0,,16.3,16.6,0.151,16.6,0.144,1.38,icon_d2
2026-10-01,W0890,52.7707,10.2182,13.9,,16.5,16.0,0.152,15.5,0.148,1.38,icon_d2
2026-10-01,W0891,52.7707,10.2477,12.5,,16.4,16.0,0.152,15.5,0.148,1.33,icon_d2
2026-10-01,W0892,52.7707,10.2772,11.5,,16.4,16.0,0.152,15.5,0.148,1.33,icon_d2
2026-10-01,W0893,52.7707,10.3068,11.5,,16.3,16.0,0.152,15.5,0.148,1.33,icon_d2
2026-10-01,W0894,52.7707,10.3363,10.6,,16.2,16.0,0.152,15.5,0.148,1.31,icon_d2
2026-10-01,W0895,52.7707,10.3658,9.4,,16.5,16.3,0.12,15.9,0.117,1.38,icon_d2
2026-10-01,W0896,52.7707,10.3954,9.0,,16.4,16.3,0.12,15.9,0.117,1.44,icon_d2
2026-10-01,W0897,52.7707,10.4249,9.0,,16.4,16.3,0.12,15.9,0.117,1.44,icon_d2
2026-10-01,W0898,52.7707,10.4545,8.8,,16.3,16.3,0.12,15.9,0.117,1.46,icon_d2
2026-10-01,W0899,52.7707,10.484,8.3,,16.2,16.3,0.12,15.9,0.117,1.45,icon_d2
2026-10-01,W0900,52.7707,10.5135,7.8,,16.4,16.3,0.12,15.9,0.117,1.48,icon_d2
2026-10-01,W0901,52.7707,10.5431,6.2,,16.0,17.1,0.048,15.9,0.058,1.45,icon_d2
2026-10-01,W0902,52.7707,10.5726,5.6,,16.3,17.1,0.048,15.9,0.058,1.49,icon_d2
2026-10-01,W0903,52.7707,10.6021,5.0,,16.1,17.1,0.048,15.9,0.058,1.47,icon_d2
2026-10-01,W0904,52.7707,10.6317,4.8,,16.1,17.1,0.048,15.9,0.058,1.45,icon_d2
2026-10-01,W0905,52.7707,10.6612,4.1,,16.0,17.1,0.048,15.9,0.058,1.48,icon_d2
2026-10-01,W0906,52.7707,10.6908,5.7,,16.4,17.1,0.048,15.9,0.058,1.64,icon_d2
2026-10-01,W0907,52.7707,10.7203,6.1,,16.3,17.2,0.048,15.9,0.059,1.64,icon_d2
2026-10-01,W0908,52.7707,10.7498,6.1,,16.4,17.2,0.048,15.9,0.059,1.64,icon_d2
2026-10-01,W0909,52.7707,10.7794,4.3,,16.4,17.2,0.048,15.9,0.059,1.67,icon_d2
2026-10-01,W0910,52.7707,10.8089,2.8,,16.6,17.2,0.048,15.9,0.059,1.64,icon_d2
2026-10-01,W0911,52.7707,10.8384,2.8,,16.6,17.2,0.048,15.9,0.059,1.64,icon_d2
2026-10-01,W0912,52.7707,10.868,2.1,,16.7,17.2,0.048,15.9,0.059,1.67,icon_d2
2026-10-01,W0913,52.7707,10.8975,1.8,,16.5,17.2,0.102,16.6,0.131,1.67,icon_d2
2026-10-01,W0914,52.7707,10.9271,1.9,,16.8,17.2,0.102,16.6,0.131,1.69,icon_d2
2026-10-01,W0915,52.7707,10.9566,1.7,,17.1,17.2,0.102,16.6,0.131,1.76,icon_d2
2026-10-01,W0916,52.7707,10.9861,1.5,,16.8,17.2,0.102,16.6,0.131,1.78,icon_d2
2026-10-01,W0917,52.7707,11.0157,1.9,,17.1,17.2,0.102,16.6,0.131,1.82,icon_d2
2026-10-01,W0918,52.7707,11.0452,1.9,,16.7,17.9,0.071,17.5,0.13,1.83,icon_d2
2026-10-01,W1700,52.76171,11.06084,1.9,,16.8,17.9,0.071,17.5,0.13,1.81,icon_d2
2026-10-01,W1701,52.76171,11.0904,1.2,,16.4,17.9,0.071,17.5,0.13,1.82,icon_d2
2026-10-01,W1702,52.76171,11.11997,1.2,,16.4,17.9,0.071,17.5,0.13,1.82,icon_d2
2026-10-01,W1703,52.76171,11.14953,1.1,,16.6,17.9,0.071,17.5,0.13,1.91,icon_d2
2026-10-01,W0920,52.7887,10.1295,15.0,,16.5,16.6,0.151,16.6,0.144,1.37,icon_d2
2026-10-01,W0921,52.7887,10.1591,15.2,,16.3,16.8,0.129,16.7,0.108,1.41,icon_d2
2026-10-01,W0922,52.7887,10.1886,15.0,,16.3,16.8,0.129,16.7,0.108,1.38,icon_d2
2026-10-01,W0923,52.7887,10.2182,13.9,,16.4,16.0,0.152,15.5,0.148,1.38,icon_d2
2026-10-01,W0924,52.7887,10.2477,12.5,,16.3,16.0,0.152,15.5,0.148,1.32,icon_d2
2026-10-01,W0925,52.7887,10.2772,11.5,,16.4,16.0,0.152,15.5,0.148,1.33,icon_d2
2026-10-01,W0926,52.7887,10.3068,11.5,,16.3,16.0,0.152,15.5,0.148,1.33,icon_d2
2026-10-01,W0927,52.7887,10.3363,10.6,,16.1,16.5,0.151,16.2,0.125,1.31,icon_d2
2026-10-01,W0928,52.7887,10.3658,9.4,,16.4,16.5,0.151,16.2,0.125,1.38,icon_d2
2026-10-01,W0929,52.7887,10.3954,9.0,,16.4,16.3,0.12,15.9,0.117,1.44,icon_d2
2026-10-01,W0930,52.7887,10.4249,9.0,,16.3,16.3,0.12,15.9,0.117,1.44,icon_d2
2026-10-01,W0931,52.7887,10.4545,8.8,,16.2,16.3,0.12,15.9,0.117,1.46,icon_d2
2026-10-01,W0932,52.7887,10.484,8.3,,16.1,16.8,0.099,16.4,0.096,1.44,icon_d2
2026-10-01,W0933,52.7887,10.5135,7.8,,16.4,16.8,0.099,16.4,0.096,1.48,icon_d2
2026-10-01,W0934,52.7887,10.5431,6.2,,16.1,17.1,0.048,15.9,0.058,1.45,icon_d2
2026-10-01,W0935,52.7887,10.5726,5.6,,16.2,17.1,0.048,15.9,0.058,1.49,icon_d2
2026-10-01,W0936,52.7887,10.6021,5.0,,16.1,17.1,0.048,15.9,0.058,1.47,icon_d2
2026-10-01,W1704,52.77973,10.61737,4.8,,16.1,17.1,0.048,15.9,0.058,1.45,icon_d2
2026-10-01,W0937,52.7887,10.6612,4.1,,16.1,17.4,0.042,16.2,0.058,1.48,icon_d2
2026-10-01,W0938,52.7887,10.6908,5.7,,16.4,17.4,0.042,16.2,0.058,1.65,icon_d2
2026-10-01,W0939,52.7887,10.7203,6.1,,16.4,17.2,0.048,15.9,0.059,1.64,icon_d2
2026-10-01,W0940,52.7887,10.7498,6.1,,16.5,17.2,0.048,15.9,0.059,1.64,icon_d2
2026-10-01,W0941,52.7887,10.7794,4.3,,16.5,17.2,0.048,15.9,0.059,1.67,icon_d2
2026-10-01,W0942,52.7887,10.8089,2.8,,16.4,17.2,0.048,15.9,0.059,1.63,icon_d2
2026-10-01,W0943,52.7887,10.8384,2.8,,16.7,17.3,0.051,15.9,0.059,1.65,icon_d2
2026-10-01,W0944,52.7887,10.868,2.1,,16.8,17.3,0.051,15.9,0.059,1.67,icon_d2
2026-10-01,W0945,52.7887,10.8975,1.8,,16.7,17.2,0.102,16.6,0.131,1.68,icon_d2
2026-10-01,W0946,52.7887,10.9271,1.9,,16.7,17.2,0.102,16.6,0.131,1.68,icon_d2
2026-10-01,W0947,52.7887,10.9566,1.7,,17.0,17.2,0.102,16.6,0.131,1.75,icon_d2
2026-10-01,W1705,52.77973,10.97214,1.5,,17.0,17.2,0.102,16.6,0.131,1.79,icon_d2
2026-10-01,W0948,52.7887,11.0157,1.9,,17.2,17.4,0.099,16.6,0.132,1.82,icon_d2
2026-10-01,W0949,52.7887,11.0452,1.9,,16.9,17.4,0.099,16.6,0.132,1.84,icon_d2
2026-10-01,W0950,52.7887,11.0747,1.3,,16.7,17.9,0.071,17.5,0.13,1.82,icon_d2
2026-10-01,W0951,52.7887,11.1043,1.4,,16.8,17.9,0.071,17.5,0.13,1.87,icon_d2
2026-10-01,W0952,52.7887,11.1338,1.1,,16.5,17.9,0.071,17.5,0.13,1.86,icon_d2
2026-10-01,W1706,52.77973,11.14953,1.1,,16.6,17.9,0.071,17.5,0.13,1.87,icon_d2
2026-10-01,W1707,52.79775,10.11478,16.0,,16.8,16.8,0.129,16.7,0.108,1.43,icon_d2
2026-10-01,W1771,52.79775,10.14435,16.0,,16.5,16.8,0.129,16.7,0.108,1.42,icon_d2
2026-10-01,W1772,52.79775,10.17391,16.2,,16.3,16.8,0.129,16.7,0.108,1.4,icon_d2
2026-10-01,W1773,52.79775,10.20347,13.9,,16.5,16.8,0.129,16.7,0.108,1.4,icon_d2
2026-10-01,W1774,52.79775,10.23304,13.9,,16.5,16.0,0.152,15.5,0.148,1.4,icon_d2
2026-10-01,W1775,52.79775,10.2626,12.0,,16.6,16.0,0.152,15.5,0.148,1.4,icon_d2
2026-10-01,W1776,52.79775,10.29217,11.1,,16.8,16.5,0.151,16.2,0.125,1.44,icon_d2
2026-10-01,W1777,52.79775,10.32173,10.9,,16.3,16.5,0.151,16.2,0.125,1.39,icon_d2
2026-10-01,W1778,52.79775,10.3513,10.1,,16.4,16.5,0.151,16.2,0.125,1.4,icon_d2
2026-10-01,W1779,52.79775,10.38086,9.6,,16.6,16.3,0.12,15.9,0.117,1.45,icon_d2
2026-10-01,W1780,52.79775,10.41042,8.9,,16.2,16.3,0.12,15.9,0.117,1.41,icon_d2
2026-10-01,W1781,52.79775,10.43999,8.3,,16.3,16.3,0.12,15.9,0.117,1.48,icon_d2
2026-10-01,W1782,52.79775,10.46955,8.3,,16.1,16.8,0.099,16.4,0.096,1.44,icon_d2
2026-10-01,W1708,52.79775,10.49912,8.4,,16.3,16.8,0.099,16.4,0.096,1.47,icon_d2
2026-10-01,W1709,52.79775,10.52868,7.2,,16.3,16.8,0.099,16.4,0.096,1.47,icon_d2
2026-10-01,W1710,52.79775,10.55825,6.8,,16.2,17.1,0.048,15.9,0.058,1.5,icon_d2
2026-10-01,W1711,52.79775,10.58781,6.3,,16.2,17.1,0.048,15.9,0.058,1.47,icon_d2
2026-10-01,W1712,52.79775,10.61737,4.7,,15.9,17.4,0.042,16.2,0.058,1.44,icon_d2
2026-10-01,W1713,52.79775,10.64694,4.7,,16.0,17.4,0.042,16.2,0.058,1.44,icon_d2
2026-10-01,W1714,52.79775,10.6765,4.8,,16.5,17.4,0.042,16.2,0.058,1.61,icon_d2
2026-10-01,W1715,52.79775,10.70607,5.2,,16.7,17.4,0.042,16.2,0.058,1.67,icon_d2
2026-10-01,W1716,52.79775,10.73563,6.5,,16.8,17.2,0.048,15.9,0.059,1.69,icon_d2
2026-10-01,W1717,52.79775,10.76519,6.5,,16.8,17.2,0.048,15.9,0.059,1.69,icon_d2
2026-10-01,W1783,52.79775,10.79476,4.0,,16.5,17.3,0.051,15.9,0.059,1.65,icon_d2
2026-10-01,W1718,52.79775,10.82432,4.0,,16.7,17.3,0.051,15.9,0.059,1.66,icon_d2
2026-10-01,W1719,52.79775,10.85389,2.5,,16.2,17.3,0.051,15.9,0.059,1.63,icon_d2
2026-10-01,W1720,52.79775,10.88345,1.9,,16.2,17.2,0.102,16.6,0.131,1.68,icon_d2
2026-10-01,W1721,52.79775,10.91302,1.8,,16.3,17.2,0.102,16.6,0.131,1.75,icon_d2
2026-10-01,W1722,52.79775,10.94258,1.7,,16.4,17.2,0.102,16.6,0.131,1.75,icon_d2
2026-10-01,W1723,52.79775,10.97214,1.4,,16.4,17.4,0.099,16.6,0.132,1.77,icon_d2
2026-10-01,W1724,52.79775,11.00171,1.6,,16.6,17.4,0.099,16.6,0.132,1.78,icon_d2
2026-10-01,W1725,52.79775,11.03127,1.7,,17.0,17.4,0.099,16.6,0.132,1.9,icon_d2
2026-10-01,W1726,52.79775,11.06084,1.5,,16.8,17.9,0.071,17.5,0.13,1.9,icon_d2
2026-10-01,W1727,52.79775,11.0904,1.2,,16.8,17.9,0.071,17.5,0.13,1.86,icon_d2
2026-10-01,W1728,52.79775,11.11997,1.2,,16.8,17.9,0.071,17.5,0.13,1.86,icon_d2
2026-10-01,W1729,52.79775,11.14953,1.2,,16.8,17.9,0.087,17.2,0.129,1.87,icon_d2
2026-10-01,W0954,52.8068,10.1295,16.0,,16.7,16.8,0.129,16.7,0.108,1.43,icon_d2
2026-10-01,W0955,52.8068,10.1591,16.2,,16.3,16.8,0.129,16.7,0.108,1.4,icon_d2
2026-10-01,W0956,52.8068,10.1886,16.2,,16.3,16.8,0.129,16.7,0.108,1.4,icon_d2
2026-10-01,W0957,52.8068,10.2182,13.9,,16.7,16.0,0.152,15.5,0.148,1.4,icon_d2
2026-10-01,W0958,52.8068,10.2477,13.9,,16.5,16.5,0.151,16.2,0.125,1.4,icon_d2
2026-10-01,W0959,52.8068,10.2772,12.0,,16.6,16.5,0.151,16.2,0.125,1.4,icon_d2
2026-10-01,W0960,52.8068,10.3068,11.1,,16.6,16.5,0.151,16.2,0.125,1.44,icon_d2
2026-10-01,W0961,52.8068,10.3363,10.8,,16.4,16.5,0.151,16.2,0.125,1.42,icon_d2
2026-10-01,W0962,52.8068,10.3658,10.1,,16.4,16.5,0.151,16.2,0.125,1.4,icon_d2
2026-10-01,W0963,52.8068,10.3954,9.6,,16.5,16.3,0.12,15.9,0.117,1.44,icon_d2
2026-10-01,W0964,52.8068,10.4249,8.9,,16.2,16.8,0.099,16.4,0.096,1.41,icon_d2
2026-10-01,W0965,52.8068,10.4545,8.3,,16.2,16.8,0.099,16.4,0.096,1.45,icon_d2
2026-10-01,W0966,52.8068,10.484,8.4,,16.2,16.8,0.099,16.4,0.096,1.46,icon_d2
2026-10-01,W0967,52.8068,10.5135,7.2,,16.4,16.8,0.099,16.4,0.096,1.48,icon_d2
2026-10-01,W0968,52.8068,10.5431,8.1,,16.2,16.8,0.099,16.4,0.096,1.46,icon_d2
2026-10-01,W0969,52.8068,10.5726,6.3,,16.3,17.1,0.048,15.9,0.058,1.47,icon_d2
2026-10-01,W0970,52.8068,10.6021,6.3,,16.3,17.4,0.042,16.2,0.058,1.47,icon_d2
2026-10-01,W0971,52.8068,10.6317,4.7,,15.8,17.4,0.042,16.2,0.058,1.43,icon_d2
2026-10-01,W0972,52.8068,10.6612,5.0,,16.2,17.4,0.042,16.2,0.058,1.55,icon_d2
2026-10-01,W0973,52.8068,10.6908,5.2,,16.7,17.4,0.042,16.2,0.058,1.67,icon_d2
2026-10-01,W0974,52.8068,10.7203,5.2,,16.7,17.2,0.048,15.9,0.059,1.67,icon_d2
2026-10-01,W0975,52.8068,10.7498,6.5,,16.7,17.2,0.048,15.9,0.059,1.69,icon_d2
2026-10-01,W0976,52.8068,10.7794,4.9,,16.9,17.3,0.051,15.9,0.059,1.71,icon_d2
2026-10-01,W0977,52.8068,10.8089,4.0,,16.5,17.3,0.051,15.9,0.059,1.65,icon_d2
2026-10-01,W1730,52.81577,10.82432,3.1,,15.8,17.3,0.051,15.9,0.059,1.58,icon_d2
2026-10-01,W0978,52.8068,10.868,2.5,,16.1,17.3,0.051,15.9,0.059,1.63,icon_d2
2026-10-01,W0979,52.8068,10.8975,1.9,,16.2,17.2,0.102,16.6,0.131,1.68,icon_d2
2026-10-01,W1731,52.81577,10.91302,1.6,,16.4,17.4,0.099,16.6,0.132,1.79,icon_d2
2026-10-01,W0980,52.8068,10.9566,1.7,,16.5,17.4,0.099,16.6,0.132,1.75,icon_d2
2026-10-01,W1732,52.81577,10.97214,1.6,,16.5,17.4,0.099,16.6,0.132,1.81,icon_d2
2026-10-01,W1733,52.81577,11.00171,1.3,,16.7,17.4,0.099,16.6,0.132,1.86,icon_d2
2026-10-01,W0981,52.8068,11.0452,1.7,,17.0,17.4,0.099,16.6,0.132,1.9,icon_d2
2026-10-01,W0982,52.8068,11.0747,1.5,,16.8,17.9,0.071,17.5,0.13,1.9,icon_d2
2026-10-01,W0983,52.8068,11.1043,1.2,,16.6,17.9,0.087,17.2,0.129,1.85,icon_d2
2026-10-01,W0984,52.8068,11.1338,1.2,,16.8,17.9,0.087,17.2,0.129,1.86,icon_d2
2026-10-01,W1734,52.81577,11.14953,1.4,,16.9,17.9,0.087,17.2,0.129,1.9,icon_d2
2026-10-01,W0986,52.8248,10.1295,20.7,,16.7,16.8,0.129,16.7,0.108,1.36,icon_d2
2026-10-01,W0987,52.8248,10.1591,19.5,,16.6,16.8,0.129,16.7,0.108,1.43,icon_d2
2026-10-01,W0988,52.8248,10.1886,17.0,,16.3,16.8,0.129,16.7,0.108,1.38,icon_d2
2026-10-01,W0989,52.8248,10.2182,15.7,,16.8,16.5,0.151,16.2,0.125,1.41,icon_d2
2026-10-01,W0990,52.8248,10.2477,12.2,,16.5,16.5,0.151,16.2,0.125,1.4,icon_d2
2026-10-01,W0991,52.8248,10.2772,10.4,,16.4,16.5,0.151,16.2,0.125,1.44,icon_d2
2026-10-01,W0992,52.8248,10.3068,10.4,,16.5,16.5,0.151,16.2,0.125,1.45,icon_d2
2026-10-01,W0993,52.8248,10.3363,11.2,,16.4,16.5,0.151,16.2,0.125,1.48,icon_d2
2026-10-01,W0994,52.8248,10.3658,11.2,,16.3,16.5,0.151,16.2,0.125,1.48,icon_d2
2026-10-01,W0995,52.8248,10.3954,9.5,,16.4,16.8,0.099,16.4,0.096,1.45,icon_d2
2026-10-01,W0996,52.8248,10.4249,9.6,,16.3,16.8,0.099,16.4,0.096,1.49,icon_d2
2026-10-01,W0997,52.8248,10.4545,8.8,,16.3,16.8,0.099,16.4,0.096,1.52,icon_d2
2026-10-01,W0998,52.8248,10.484,8.8,,16.3,16.8,0.099,16.4,0.096,1.52,icon_d2
2026-10-01,W0999,52.8248,10.5135,8.8,,16.1,16.8,0.099,16.4,0.096,1.44,icon_d2
2026-10-01,W1000,52.8248,10.5431,8.1,,16.1,16.8,0.099,16.4,0.096,1.45,icon_d2
2026-10-01,W1001,52.8248,10.5726,6.8,,16.2,17.4,0.042,16.2,0.058,1.5,icon_d2
2026-10-01,W1002,52.8248,10.6021,6.1,,15.9,17.4,0.042,16.2,0.058,1.44,icon_d2
2026-10-01,W1003,52.8248,10.6317,5.6,,16.1,17.4,0.042,16.2,0.058,1.49,icon_d2
2026-10-01,W1735,52.83378,10.64694,5.6,,16.1,17.4,0.042,16.2,0.058,1.49,icon_d2
2026-10-01,W1736,52.83378,10.6765,4.9,,16.6,17.4,0.042,16.2,0.058,1.65,icon_d2
2026-10-01,W1004,52.8248,10.7203,5.4,,16.5,17.4,0.042,16.2,0.058,1.6,icon_d2
2026-10-01,W1005,52.8248,10.7498,5.8,,16.4,17.3,0.051,15.9,0.059,1.6,icon_d2
2026-10-01,W1006,52.8248,10.7794,6.1,,16.5,17.3,0.051,15.9,0.059,1.7,icon_d2
2026-10-01,W1007,52.8248,10.8089,6.1,,16.5,17.3,0.051,15.9,0.059,1.7,icon_d2
2026-10-01,W1737,52.83378,10.82432,4.8,,16.6,17.3,0.051,15.9,0.059,1.69,icon_d2
2026-10-01,W1008,52.8248,10.868,2.5,,16.2,17.3,0.051,15.9,0.059,1.63,icon_d2
2026-10-01,W1009,52.8248,10.8975,1.8,,16.1,17.4,0.099,16.6,0.132,1.67,icon_d2
2026-10-01,W1010,52.8248,10.9271,1.6,,16.3,17.4,0.099,16.6,0.132,1.78,icon_d2
2026-10-01,W1011,52.8248,10.9566,1.6,,16.4,17.4,0.099,16.6,0.132,1.81,icon_d2
2026-10-01,W1012,52.8248,10.9861,1.6,,16.5,17.4,0.099,16.6,0.132,1.81,icon_d2
2026-10-01,W1738,52.83378,11.00171,1.3,,16.9,17.4,0.099,16.6,0.132,1.89,icon_d2
2026-10-01,W1013,52.8248,11.0452,1.4,,16.6,17.4,0.099,16.6,0.132,1.87,icon_d2
2026-10-01,W1739,52.83378,11.06084,2.2,,17.0,17.9,0.087,17.2,0.129,1.88,icon_d2
2026-10-01,W1014,52.8248,11.1043,1.7,,17.0,17.9,0.087,17.2,0.129,2.01,icon_d2
2026-10-01,W1015,52.8248,11.1338,1.4,,17.0,17.9,0.087,17.2,0.129,1.91,icon_d2
2026-10-01,W1740,52.83378,11.14953,1.6,,17.0,17.9,0.087,17.2,0.129,1.98,icon_d2
2026-10-01,W1017,52.8428,10.1295,24.0,,16.7,16.8,0.129,16.7,0.108,1.3,icon_d2
2026-10-01,W1018,52.8428,10.1591,23.2,,16.8,16.8,0.129,16.7,0.108,1.45,icon_d2
2026-10-01,W1019,52.8428,10.1886,21.9,,16.7,16.8,0.129,16.7,0.108,1.41,icon_d2
2026-10-01,W1020,52.8428,10.2182,15.1,,16.7,16.5,0.151,16.2,0.125,1.43,icon_d2
2026-10-01,W1021,52.8428,10.2477,15.1,,16.6,16.5,0.151,16.2,0.125,1.43,icon_d2
2026-10-01,W1022,52.8428,10.2772,11.7,,16.5,16.5,0.151,16.2,0.125,1.46,icon_d2
2026-10-01,W1023,52.8428,10.3068,11.7,,16.6,16.5,0.151,16.2,0.125,1.46,icon_d2
2026-10-01,W1024,52.8428,10.3363,10.1,,16.4,16.5,0.151,16.2,0.125,1.43,icon_d2
2026-10-01,W1025,52.8428,10.3658,10.9,,16.5,16.5,0.151,16.2,0.125,1.47,icon_d2
2026-10-01,W1026,52.8428,10.3954,11.1,,16.6,16.8,0.099,16.4,0.096,1.48,icon_d2
2026-10-01,W1027,52.8428,10.4249,10.1,,16.7,16.8,0.099,16.4,0.096,1.52,icon_d2
2026-10-01,W1028,52.8428,10.4545,9.7,,16.8,16.8,0.099,16.4,0.096,1.55,icon_d2
2026-10-01,W1029,52.8428,10.484,9.1,,16.5,16.8,0.099,16.4,0.096,1.56,icon_d2
2026-10-01,W1030,52.8428,10.5135,8.9,,16.3,16.8,0.099,16.4,0.096,1.5,icon_d2
2026-10-01,W1031,52.8428,10.5431,8.5,,16.4,16.8,0.099,16.4,0.096,1.57,icon_d2
2026-10-01,W1032,52.8428,10.5726,7.6,,16.3,17.4,0.042,16.2,0.058,1.49,icon_d2
2026-10-01,W1033,52.8428,10.6021,7.6,,16.2,17.4,0.042,16.2,0.058,1.48,icon_d2
2026-10-01,W1034,52.8428,10.6317,5.6,,15.9,17.4,0.042,16.2,0.058,1.48,icon_d2
2026-10-01,W1035,52.8428,10.6612,6.1,,16.2,17.4,0.042,16.2,0.058,1.51,icon_d2
2026-10-01,W1036,52.8428,10.7203,5.1,,16.8,17.4,0.042,16.2,0.058,1.75,icon_d2
2026-10-01,W1037,52.8428,10.7498,5.9,,16.7,17.3,0.051,15.9,0.059,1.68,icon_d2
2026-10-01,W1038,52.8428,10.7794,6.2,,16.7,17.3,0.051,15.9,0.059,1.72,icon_d2
2026-10-01,W1039,52.8428,10.8089,6.2,,16.5,17.3,0.051,15.9,0.059,1.72,icon_d2
2026-10-01,W1040,52.8428,10.8384,3.2,,16.1,17.3,0.051,15.9,0.059,1.64,icon_d2
2026-10-01,W1041,52.8428,10.868,2.1,,16.4,17.3,0.051,15.9,0.059,1.73,icon_d2
2026-10-01,W1042,52.8428,10.8975,1.6,,16.5,17.4,0.099,16.6,0.132,1.81,icon_d2
2026-10-01,W1043,52.8428,10.9271,1.6,,16.5,17.4,0.099,16.6,0.132,1.81,icon_d2
2026-10-01,W1044,52.8428,10.9566,1.6,,16.4,17.4,0.099,16.6,0.132,1.82,icon_d2
2026-10-01,W1045,52.8428,10.9861,1.3,,16.5,17.4,0.099,16.6,0.132,1.83,icon_d2
2026-10-01,W1741,52.8428,11.0747,1.7,,17.1,17.9,0.087,17.2,0.129,1.92,icon_d2
2026-10-01,W1784,52.8518,10.6765,5.4,,16.4,17.4,0.042,16.2,0.058,1.61,icon_d2
2026-10-01,W1785,52.8518,11.00171,1.3,,16.8,17.4,0.099,16.6,0.132,1.87,icon_d2
2026-10-01,W1786,52.8518,11.03127,1.3,,16.7,17.6,0.035,16.4,0.057,1.8,icon_d2
2026-10-01,W1787,52.8518,11.0904,1.9,,17.0,17.9,0.087,17.2,0.129,1.92,icon_d2
2026-10-01,W1788,52.8518,11.11997,1.7,,17.3,17.9,0.087,17.2,0.129,1.99,icon_d2
2026-10-01,W1789,52.8518,11.14953,1.7,,17.3,17.9,0.087,17.2,0.129,1.99,icon_d2
2026-10-01,W1790,52.59955,10.73563,3.3,,16.8,17.2,0.062,17.1,0.09,1.68,icon_d2
2026-10-01,W1791,52.61757,10.88345,2.6,,16.4,17.5,0.114,17.7,0.151,1.74,icon_d2
2026-10-01,W1792,52.61757,10.91302,2.3,,17.0,17.5,0.114,17.7,0.151,1.93,icon_d2
2026-10-01,W1793,52.61757,11.14953,1.0,,17.8,17.8,0.104,17.9,0.147,2.02,icon_d2
2026-10-01,W1794,52.63559,10.29217,8.5,,16.3,17.0,0.093,16.8,0.063,1.47,icon_d2
2026-10-01,W1795,52.63559,10.32173,8.3,,16.3,16.4,0.102,16.0,0.089,1.51,icon_d2
2026-10-01,W1796,52.63559,10.52868,5.8,,16.4,17.2,0.068,17.0,0.064,1.49,icon_d2
2026-10-01,W1797,52.63559,10.88345,2.1,,16.6,17.5,0.114,17.7,0.151,1.76,icon_d2
2026-10-01,W1798,52.63559,10.91302,2.1,,16.8,17.5,0.114,17.7,0.151,1.87,icon_d2
2026-10-01,W1799,52.63559,11.06084,1.6,,17.0,17.8,0.104,17.9,0.147,1.77,icon_d2
2026-10-01,W1800,52.63559,11.14953,1.2,,17.6,17.8,0.104,17.9,0.147,1.96,icon_d2
2026-10-01,W1801,52.6536,10.23304,8.1,,16.1,17.0,0.093,16.8,0.063,1.32,icon_d2
2026-10-01,W1463,52.41937,11.00171,0.5,,16.5,17.2,0.114,17.0,0.15,1.77,icon_d2
2026-10-01,W0364,52.4104,11.0452,0.4,,16.5,17.2,0.114,17.0,0.15,1.77,icon_d2
2026-10-01,W1464,52.41937,11.06084,0.4,,16.6,17.2,0.114,17.0,0.15,1.77,icon_d2
2026-10-01,W1465,52.41937,11.0904,0.0,,16.7,17.2,0.114,17.0,0.15,1.75,icon_d2
2026-10-01,W1466,52.41937,11.11997,0.0,,16.3,17.3,0.144,17.2,0.134,1.73,icon_d2
2026-10-01,W1467,52.41937,11.14953,0.0,,16.3,17.3,0.144,17.2,0.134,1.73,icon_d2
2026-10-01,W0366,52.4284,10.1295,10.9,,16.6,16.4,0.147,16.3,0.172,1.36,icon_d2
2026-10-01,W0367,52.4284,10.1591,9.6,,16.7,16.4,0.147,16.3,0.172,1.43,icon_d2
2026-10-01,W0368,52.4284,10.1886,8.8,,16.8,16.4,0.147,16.3,0.172,1.47,icon_d2
2026-10-01,W0369,52.4284,10.2182,8.3,,16.9,16.4,0.147,16.3,0.172,1.54,icon_d2
2026-10-01,W0370,52.4284,10.2477,8.3,,16.9,16.4,0.147,16.3,0.172,1.54,icon_d2
2026-10-01,W0371,52.4284,10.2772,8.0,,16.7,15.6,0.157,15.4,0.194,1.52,icon_d2
2026-10-01,W0372,52.4284,10.3068,8.0,,16.7,15.6,0.157,15.4,0.194,1.52,icon_d2
2026-10-01,W0373,52.4284,10.3363,8.6,,16.6,15.6,0.157,15.4,0.194,1.49,icon_d2
2026-10-01,W0374,52.4284,10.3658,8.6,,16.6,15.6,0.157,15.4,0.194,1.49,icon_d2
2026-10-01,W1468,52.43739,10.38086,9.0,,16.7,15.6,0.157,15.4,0.194,1.52,icon_d2
2026-10-01,W1469,52.43739,10.41042,8.6,,16.8,16.8,0.154,16.8,0.164,1.52,icon_d2
2026-10-01,W0375,52.4284,10.4545,5.6,,16.8,16.4,0.142,16.2,0.171,1.54,icon_d2
2026-10-01,W0376,52.4284,10.484,4.9,,16.8,16.4,0.142,16.2,0.171,1.5,icon_d2
2026-10-01,W0377,52.4284,10.5135,4.5,,16.5,16.4,0.142,16.2,0.171,1.47,icon_d2
2026-10-01,W0378,52.4284,10.5431,4.5,,16.4,16.4,0.142,16.2,0.171,1.49,icon_d2
2026-10-01,W0379,52.4284,10.5726,4.7,,16.6,16.4,0.142,16.2,0.171,1.55,icon_d2
2026-10-01,W1470,52.43739,10.58781,4.4,,16.6,17.2,0.142,17.2,0.16,1.55,icon_d2
2026-10-01,W0380,52.4284,10.6317,4.3,,16.8,17.3,0.12,17.2,0.15,1.54,icon_d2
2026-10-01,W0381,52.4284,10.6612,4.3,,16.8,17.3,0.12,17.2,0.15,1.54,icon_d2
2026-10-01,W1471,52.43739,10.6765,4.2,,16.4,17.3,0.12,17.2,0.15,1.48,icon_d2
2026-10-01,W1472,52.43739,10.70607,3.8,,16.4,17.3,0.12,17.2,0.15,1.53,icon_d2
2026-10-01,W0382,52.4284,10.7498,3.0,,17.4,16.9,0.126,16.7,0.164,1.57,icon_d2
2026-10-01,W1473,52.43739,10.76519,2.7,,17.0,16.9,0.126,16.7,0.164,1.61,icon_d2
2026-10-01,W1474,52.43739,10.79476,2.9,,16.7,17.5,0.115,17.7,0.15,1.59,icon_d2
2026-10-01,W1475,52.43739,10.82432,2.5,,16.8,17.5,0.115,17.7,0.15,1.55,icon_d2
2026-10-01,W0383,52.4284,10.868,2.4,,17.2,17.5,0.115,17.7,0.15,1.62,icon_d2
2026-10-01,W0384,52.4284,10.8975,1.7,,16.2,17.5,0.115,17.7,0.15,1.57,icon_d2
2026-10-01,W0385,52.4284,10.9271,1.7,,16.4,17.4,0.105,17.4,0.15,1.57,icon_d2
2026-10-01,W0386,52.4284,10.9566,1.1,,16.5,17.2,0.114,17.0,0.15,1.7,icon_d2
2026-10-01,W1476,52.43739,10.97214,0.8,,16.4,17.2,0.114,17.0,0.15,1.77,icon_d2
2026-10-01,W0387,52.4284,11.0157,0.4,,16.5,17.2,0.114,17.0,0.15,1.78,icon_d2
2026-10-01,W0388,52.4284,11.0452,0.4,,16.6,17.2,0.114,17.0,0.15,1.77,icon_d2
2026-10-01,W1477,52.43739,11.06084,0.5,,16.3,16.0,0.168,16.0,0.205,1.77,icon_d2
2026-10-01,W1478,52.43739,11.0904,0.2,,16.1,16.0,0.168,16.0,0.205,1.72,icon_d2
2026-10-01,W0389,52.4284,11.1338,0.0,,16.3,17.3,0.144,17.2,0.134,1.73,icon_d2
2026-10-01,W1479,52.43739,11.14953,0.0,,16.2,17.3,0.144,17.2,0.134,1.74,icon_d2
2026-10-01,W0416,52.4644,10.1295,12.6,,16.4,17.0,0.086,17.1,0.071,1.31,icon_d2
2026-10-01,W0417,52.4644,10.1591,11.9,,16.4,17.0,0.086,17.1,0.071,1.31,icon_d2
2026-10-01,W0418,52.4644,10.1886,9.9,,16.4,17.0,0.086,17.1,0.071,1.34,icon_d2
2026-10-01,W0419,52.4644,10.2182,8.9,,16.5,17.0,0.086,17.1,0.071,1.4,icon_d2
2026-10-01,W0420,52.4644,10.2477,8.8,,16.5,17.0,0.086,17.1,0.071,1.45,icon_d2
2026-10-01,W0421,52.4644,10.2772,8.7,,16.6,17.0,0.086,17.1,0.071,1.49,icon_d2
2026-10-01,W0422,52.4644,10.3068,8.8,,16.5,16.8,0.154,16.8,0.164,1.49,icon_d2
2026-10-01,W0423,52.4644,10.3363,8.3,,16.7,16.8,0.154,16.8,0.164,1.51,icon_d2
2026-10-02,W0013,52.068,10.1295,2.7,,15.6,15.1,0.337,14.7,0.21,1.52,icon_d2
2026-10-02,W0014,52.068,10.1591,2.7,,15.4,15.1,0.337,14.7,0.21,1.51,icon_d2
2026-10-02,W0015,52.068,10.1886,2.6,,15.7,15.5,0.288,15.2,0.158,1.53,icon_d2
2026-10-02,W0016,52.068,10.2182,2.9,,15.2,15.5,0.288,15.2,0.158,1.54,icon_d2
2026-10-02,W0005,52.05,10.2477,2.5,,15.6,15.5,0.288,15.2,0.158,1.51,icon_d2
2026-10-02,W1046,52.05901,10.2626,2.6,,15.8,15.5,0.288,15.2,0.158,1.54,icon_d2
2026-10-02,W1047,52.05901,10.29217,2.1,,15.5,15.5,0.288,15.2,0.158,1.52,icon_d2
2026-10-02,W0017,52.068,10.3363,1.9,,15.2,15.5,0.288,15.2,0.158,1.53,icon_d2
2026-10-02,W0018,52.068,10.3658,1.8,,15.3,15.1,0.252,14.7,0.144,1.52,icon_d2
2026-10-02,W0019,52.068,10.3954,1.6,,15.7,15.8,0.252,15.4,0.144,1.57,icon_d2
2026-10-02,W0020,52.068,10.4249,1.4,,15.8,15.8,0.252,15.4,0.144,1.59,icon_d2
2026-10-02,W1048,52.05901,10.43999,1.4,,16.0,15.8,0.252,15.4,0.144,1.6,icon_d2
2026-10-02,W1049,52.05901,10.46955,0.9,,15.7,15.8,0.252,15.4,0.144,1.57,icon_d2
2026-10-02,W0021,52.068,10.5135,0.6,,15.3,16.3,0.245,16.3,0.169,1.52,icon_d2
2026-10-02,W0022,52.068,10.5431,0.7,,15.6,16.3,0.245,16.3,0.169,1.52,icon_d2
2026-10-02,W1050,52.05901,10.55825,0.5,,16.0,16.3,0.245,16.3,0.169,1.57,icon_d2
2026-10-02,W1051,52.05901,10.58781,0.5,,15.8,16.3,0.245,16.3,0.169,1.55,icon_d2
2026-10-02,W0010,52.05,10.6317,0.9,,15.6,16.3,0.245,16.3,0.169,1.48,icon_d2
2026-10-02,W1053,52.05901,10.64694,0.9,,15.7,16.3,0.245,16.3,0.169,1.52,icon_d2
2026-10-02,W1054,52.05901,10.6765,0.8,,15.7,16.2,0.225,16.0,0.186,1.49,icon_d2
2026-10-02,W1055,52.05901,10.70607,1.1,,15.7,16.2,0.225,16.0,0.186,1.47,icon_d2
2026-10-02,W1056,52.05901,10.73563,1.2,,15.5,16.2,0.225,16.0,0.186,1.48,icon_d2
2026-10-02,W1057,52.05901,10.76519,1.5,,15.8,16.2,0.225,16.0,0.186,1.54,icon_d2
2026-10-02,W0011,52.05,10.8089,1.2,,16.0,16.2,0.225,16.0,0.186,1.61,icon_d2
2026-10-02,W1059,52.05901,10.82432,1.3,,15.8,16.2,0.225,16.0,0.186,1.55,icon_d2
2026-10-02,W1060,52.05901,10.85389,1.3,,15.9,16.0,0.235,15.6,0.207,1.56,icon_d2
2026-10-02,W1061,52.05901,10.88345,1.2,,15.9,16.0,0.235,15.6,0.207,1.58,icon_d2
2026-10-02,W1062,52.05901,10.91302,0.9,,16.0,16.0,0.235,15.6,0.207,1.6,icon_d2
2026-10-02,W1063,52.05901,10.94258,0.9,,15.9,16.0,0.235,15.6,0.207,1.53,icon_d2
2026-10-02,W1064,52.05901,10.97214,0.8,,15.9,16.0,0.235,15.6,0.207,1.5,icon_d2
2026-10-02,W1065,52.05901,11.00171,0.8,,15.8,16.0,0.235,15.6,0.207,1.5,icon_d2
2026-10-02,W1066,52.05901,11.03127,1.1,,16.1,15.9,0.228,15.3,0.196,1.5,icon_d2
2026-10-02,W1067,52.05901,11.06084,1.3,,16.1,15.9,0.228,15.3,0.196,1.48,icon_d2
2026-10-02,W1068,52.05901,11.0904,1.6,,16.0,15.9,0.228,15.3,0.196,1.48,icon_d2
2026-10-02,W1069,52.05901,11.11997,2.0,,16.0,15.9,0.228,15.3,0.196,1.43,icon_d2
2026-10-02,W1070,52.05901,11.14953,2.0,,15.9,15.9,0.228,15.3,0.196,1.43,icon_d2
2026-10-02,W0024,52.086,10.1295,2.5,,15.1,15.5,0.318,15.3,0.184,1.53,icon_d2
2026-10-02,W1071,52.07703,10.14435,3.0,,15.7,15.1,0.337,14.7,0.21,1.57,icon_d2
2026-10-02,W0025,52.086,10.1886,3.0,,15.6,15.5,0.288,15.2,0.158,1.59,icon_d2
2026-10-02,W0026,52.086,10.2182,2.9,,15.6,15.5,0.288,15.2,0.158,1.59,icon_d2
2026-10-02,W1072,52.07703,10.23304,2.8,,15.6,15.5,0.288,15.2,0.158,1.57,icon_d2
2026-10-02,W1073,52.07703,10.2626,2.7,,15.5,15.5,0.288,15.2,0.158,1.56,icon_d2
2026-10-02,W1575,52.07703,10.29217,2.3,,15.7,15.5,0.288,15.2,0.158,1.57,icon_d2
2026-10-02,W0027,52.086,10.3363,2.0,,15.1,15.8,0.269,15.5,0.155,1.51,icon_d2
2026-10-02,W0028,52.086,10.3658,2.1,,14.9,15.1,0.252,14.7,0.144,1.48,icon_d2
2026-10-02,W0029,52.086,10.3954,1.6,,15.9,15.8,0.252,15.4,0.144,1.58,icon_d2
2026-10-02,W1074,52.07703,10.41042,1.6,,15.8,15.8,0.252,15.4,0.144,1.58,icon_d2
2026-10-02,W1075,52.07703,10.43999,1.1,,15.7,15.8,0.252,15.4,0.144,1.6,icon_d2
2026-10-02,W1076,52.07703,10.46955,1.1,,15.7,15.8,0.252,15.4,0.144,1.6,icon_d2
2026-10-02,W0030,52.086,10.5135,0.8,,15.1,15.6,0.226,15.4,0.155,1.43,icon_d2
2026-10-02,W0031,52.086,10.5431,0.8,,15.8,16.3,0.245,16.3,0.169,1.5,icon_d2
2026-10-02,W0032,52.086,10.5726,0.7,,16.0,16.3,0.245,16.3,0.169,1.55,icon_d2
2026-10-02,W1077,52.07703,10.58781,0.7,,15.8,16.3,0.245,16.3,0.169,1.55,icon_d2
2026-10-02,W1576,52.07703,10.61737,0.9,,15.7,16.3,0.245,16.3,0.169,1.51,icon_d2
2026-10-02,W1078,52.07703,10.64694,1.0,,15.7,16.3,0.245,16.3,0.169,1.5,icon_d2
2026-10-02,W1079,52.07703,10.6765,1.0,,15.7,16.2,0.225,16.0,0.186,1.48,icon_d2
2026-10-02,W1080,52.07703,10.70607,1.1,,15.6,16.2,0.225,16.0,0.186,1.47,icon_d2
2026-10-02,W1081,52.07703,10.73563,1.5,,15.7,16.2,0.225,16.0,0.186,1.54,icon_d2
2026-10-02,W1082,52.07703,10.76519,1.3,,15.8,16.2,0.225,16.0,0.186,1.52,icon_d2
2026-10-02,W1577,52.07703,10.79476,1.2,,15.6,16.2,0.225,16.0,0.186,1.54,icon_d2
2026-10-02,W1083,52.07703,10.82432,1.2,,15.7,16.3,0.204,16.3,0.174,1.54,icon_d2
2026-10-02,W1084,52.07703,10.85389,1.6,,15.9,16.0,0.235,15.6,0.207,1.54,icon_d2
2026-10-02,W1085,52.07703,10.88345,1.4,,15.7,16.0,0.235,15.6,0.207,1.55,icon_d2
2026-10-02,W1086,52.07703,10.91302,1.2,,16.0,16.0,0.235,15.6,0.207,1.56,icon_d2
2026-10-02,W1087,52.07703,10.94258,1.2,,15.9,16.0,0.235,15.6,0.207,1.56,icon_d2
2026-10-02,W1088,52.07703,10.97214,0.9,,16.0,16.0,0.235,15.6,0.207,1.5,icon_d2
2026-10-02,W1089,52.07703,11.00171,0.8,,15.9,16.3,0.178,16.2,0.154,1.48,icon_d2
2026-10-02,W1090,52.07703,11.03127,1.1,,15.9,15.9,0.228,15.3,0.196,1.47,icon_d2
2026-10-02,W1091,52.07703,11.06084,1.3,,16.0,15.9,0.228,15.3,0.196,1.48,icon_d2
2026-10-02,W1092,52.07703,11.0904,1.8,,16.1,15.9,0.228,15.3,0.196,1.44,icon_d2
2026-10-02,W0033,52.086,11.1338,1.8,,15.9,16.5,0.203,16.4,0.163,1.37,icon_d2
2026-10-02,W1093,52.07703,11.14953,1.8,,16.0,16.5,0.203,16.4,0.163,1.37,icon_d2
2026-10-02,W1094,52.09505,10.11478,2.5,,15.6,15.5,0.318,15.3,0.184,1.55,icon_d2
2026-10-02,W1095,52.09505,10.14435,2.5,,15.7,15.5,0.318,15.3,0.184,1.55,icon_d2
2026-10-02,W1096,52.09505,10.17391,3.0,,15.5,15.5,0.318,15.3,0.184,1.63,icon_d2
2026-10-02,W1097,52.09505,10.20347,2.9,,15.7,15.5,0.288,15.2,0.158,1.56,icon_d2
2026-10-02,W1098,52.09505,10.23304,2.8,,15.4,15.5,0.288,15.2,0.158,1.51,icon_d2
2026-10-02,W1099,52.09505,10.2626,2.8,,15.3,15.8,0.269,15.5,0.155,1.51,icon_d2
2026-10-02,W1100,52.09505,10.29217,2.8,,15.6,15.8,0.269,15.5,0.155,1.55,icon_d2
2026-10-02,W1101,52.09505,10.32173,2.4,,15.3,15.8,0.269,15.5,0.155,1.56,icon_d2
2026-10-02,W1578,52.09505,10.3513,2.0,,15.2,15.8,0.252,15.4,0.144,1.54,icon_d2
2026-10-02,W1102,52.09505,10.38086,1.9,,15.7,15.8,0.252,15.4,0.144,1.63,icon_d2
2026-10-02,W1103,52.09505,10.41042,1.5,,15.8,15.8,0.252,15.4,0.144,1.64,icon_d2
2026-10-02,W1104,52.09505,10.43999,1.5,,15.9,16.2,0.226,16.0,0.155,1.64,icon_d2
2026-10-02,W1105,52.09505,10.46955,1.1,,15.7,16.2,0.226,16.0,0.155,1.6,icon_d2
2026-10-02,W1106,52.09505,10.49912,1.1,,15.2,16.2,0.226,16.0,0.155,1.53,icon_d2
2026-10-02,W1107,52.09505,10.52868,0.9,,15.2,16.3,0.245,16.3,0.169,1.45,icon_d2
2026-10-02,W1108,52.09505,10.55825,0.8,,15.9,16.3,0.245,16.3,0.169,1.56,icon_d2
2026-10-02,W1109,52.09505,10.58781,0.8,,15.9,16.3,0.232,16.2,0.151,1.56,icon_d2
2026-10-02,W1110,52.09505,10.61737,0.9,,15.7,16.3,0.232,16.2,0.151,1.52,icon_d2
2026-10-02,W1111,52.09505,10.64694,1.0,,15.8,16.3,0.232,16.2,0.151,1.52,icon_d2
2026-10-02,W1112,52.09505,10.6765,1.0,,15.7,16.3,0.232,16.2,0.151,1.5,icon_d2
2026-10-02,W1113,52.09505,10.70607,1.1,,15.8,16.2,0.225,16.0,0.186,1.51,icon_d2
2026-10-02,W1114,52.09505,10.73563,1.0,,15.6,16.2,0.225,16.0,0.186,1.5,icon_d2
2026-10-02,W1115,52.09505,10.76519,1.0,,15.7,16.3,0.204,16.3,0.174,1.5,icon_d2
2026-10-02,W1579,52.09505,10.79476,1.2,,15.7,16.3,0.204,16.3,0.174,1.53,icon_d2
2026-10-02,W1116,52.09505,10.82432,1.5,,15.6,16.3,0.204,16.3,0.174,1.55,icon_d2
2026-10-02,W1117,52.09505,10.85389,1.6,,15.6,16.0,0.235,15.6,0.207,1.55,icon_d2
2026-10-02,W1580,52.09505,10.88345,1.3,,15.8,16.0,0.235,15.6,0.207,1.58,icon_d2
2026-10-02,W1118,52.09505,10.91302,1.0,,16.1,16.0,0.235,15.6,0.207,1.56,icon_d2
2026-10-02,W1581,52.09505,10.94258,1.0,,16.1,16.3,0.178,16.2,0.154,1.57,icon_d2
2026-10-02,W1119,52.09505,10.97214,0.8,,15.9,16.3,0.178,16.2,0.154,1.48,icon_d2
2026-10-02,W1120,52.09505,11.00171,1.0,,15.7,16.3,0.178,16.2,0.154,1.42,icon_d2
2026-10-02,W1121,52.09505,11.03127,1.0,,15.9,15.9,0.228,15.3,0.196,1.42,icon_d2
2026-10-02,W1122,52.09505,11.06084,1.0,,16.0,15.9,0.228,15.3,0.196,1.42,icon_d2
2026-10-02,W1123,52.09505,11.0904,1.5,,15.9,16.5,0.203,16.4,0.163,1.42,icon_d2
2026-10-02,W1124,52.09505,11.11997,1.5,,16.0,16.5,0.203,16.4,0.163,1.42,icon_d2
2026-10-02,W1125,52.09505,11.14953,1.7,,15.8,16.5,0.203,16.4,0.163,1.31,icon_d2
2026-10-02,W0034,52.1041,10.1295,2.5,,15.6,15.5,0.318,15.3,0.184,1.55,icon_d2
2026-10-02,W0035,52.1041,10.1591,3.1,,15.7,15.5,0.318,15.3,0.184,1.59,icon_d2
2026-10-02,W1126,52.11306,10.17391,3.0,,15.6,15.5,0.318,15.3,0.184,1.63,icon_d2
2026-10-02,W0036,52.1041,10.2182,2.9,,15.5,15.5,0.288,15.2,0.158,1.56,icon_d2
2026-10-02,W0037,52.1041,10.2477,2.8,,15.3,15.8,0.269,15.5,0.155,1.5,icon_d2
2026-10-02,W0038,52.1041,10.2772,2.8,,14.9,15.0,0.269,14.8,0.155,1.5,icon_d2
2026-10-02,W0039,52.1041,10.3068,2.8,,15.4,15.8,0.269,15.5,0.155,1.54,icon_d2
2026-10-02,W0040,52.1041,10.3363,2.2,,15.0,15.8,0.269,15.5,0.155,1.52,icon_d2
2026-10-02,W0041,52.1041,10.3658,2.0,,15.6,15.8,0.252,15.4,0.144,1.55,icon_d2
2026-10-02,W1127,52.11306,10.38086,2.0,,16.0,16.2,0.226,16.0,0.155,1.61,icon_d2
2026-10-02,W1128,52.11306,10.41042,1.8,,15.9,16.2,0.226,16.0,0.155,1.63,icon_d2
2026-10-02,W1129,52.11306,10.43999,1.6,,15.8,16.2,0.226,16.0,0.155,1.64,icon_d2
2026-10-02,W0042,52.1041,10.484,1.1,,15.7,16.2,0.226,16.0,0.155,1.58,icon_d2
2026-10-02,W0043,52.1041,10.5135,0.9,,15.0,15.5,0.226,15.3,0.155,1.45,icon_d2
2026-10-02,W0044,52.1041,10.5431,0.9,,15.5,16.3,0.245,16.3,0.169,1.46,icon_d2
2026-10-02,W1130,52.11306,10.55825,0.9,,16.1,16.3,0.232,16.2,0.151,1.58,icon_d2
2026-10-02,W1131,52.11306,10.58781,1.1,,15.8,16.3,0.232,16.2,0.151,1.58,icon_d2
2026-10-02,W1132,52.11306,10.61737,0.9,,15.8,16.3,0.232,16.2,0.151,1.53,icon_d2
2026-10-02,W1582,52.11306,10.64694,0.9,,15.7,16.3,0.232,16.2,0.151,1.51,icon_d2
2026-10-02,W1133,52.11306,10.6765,1.0,,15.6,16.3,0.232,16.2,0.151,1.5,icon_d2
2026-10-02,W1134,52.11306,10.70607,1.0,,15.5,16.3,0.204,16.3,0.174,1.52,icon_d2
2026-10-02,W1135,52.11306,10.73563,0.8,,15.5,16.3,0.204,16.3,0.174,1.47,icon_d2
2026-10-02,W1136,52.11306,10.76519,0.8,,15.5,16.3,0.204,16.3,0.174,1.5,icon_d2
2026-10-02,W1137,52.11306,10.79476,1.1,,15.7,16.3,0.204,16.3,0.174,1.51,icon_d2
2026-10-02,W1138,52.11306,10.82432,1.5,,15.5,16.3,0.204,16.3,0.174,1.53,icon_d2
2026-10-02,W1139,52.11306,10.85389,1.6,,15.7,16.3,0.204,16.3,0.174,1.56,icon_d2
2026-10-02,W1140,52.11306,10.88345,1.6,,15.8,16.3,0.178,16.2,0.154,1.56,icon_d2
2026-10-02,W1141,52.11306,10.91302,1.2,,16.0,16.3,0.178,16.2,0.154,1.57,icon_d2
2026-10-02,W1142,52.11306,10.94258,1.2,,16.1,16.3,0.178,16.2,0.154,1.52,icon_d2
2026-10-02,W1143,52.11306,10.97214,1.0,,16.2,16.3,0.178,16.2,0.154,1.51,icon_d2
2026-10-02,W1144,52.11306,11.00171,1.1,,16.1,16.3,0.178,16.2,0.154,1.45,icon_d2
2026-10-02,W1145,52.11306,11.03127,1.2,,15.9,16.5,0.203,16.4,0.163,1.39,icon_d2
2026-10-02,W1146,52.11306,11.06084,1.2,,16.0,16.5,0.203,16.4,0.163,1.41,icon_d2
2026-10-02,W1147,52.11306,11.0904,1.6,,15.8,16.5,0.203,16.4,0.163,1.38,icon_d2
2026-10-02,W1148,52.11306,11.11997,1.6,,15.8,16.5,0.203,16.4,0.163,1.32,icon_d2
2026-10-02,W1149,52.11306,11.14953,1.6,,15.5,16.5,0.203,16.4,0.163,1.31,icon_d2
2026-10-02,W0046,52.1221,10.1295,2.7,,15.4,15.5,0.318,15.3,0.184,1.53,icon_d2
2026-10-02,W0047,52.1221,10.1591,3.2,,15.3,15.5,0.318,15.3,0.184,1.58,icon_d2
2026-10-02,W0048,52.1221,10.1886,3.0,,15.7,15.5,0.318,15.3,0.184,1.63,icon_d2
2026-10-02,W0049,52.1221,10.2182,3.1,,15.7,15.8,0.269,15.5,0.155,1.6,icon_d2
2026-10-02,W0050,52.1221,10.2477,2.9,,15.5,15.8,0.269,15.5,0.155,1.52,icon_d2
2026-10-02,W0051,52.1221,10.2772,2.9,,15.1,15.8,0.269,15.5,0.155,1.51,icon_d2
2026-10-02,W0052,52.1221,10.3068,2.9,,15.2,15.8,0.269,15.5,0.155,1.51,icon_d2
2026-10-02,W0053,52.1221,10.3363,2.3,,15.7,15.8,0.269,15.5,0.155,1.58,icon_d2
2026-10-02,W1150,52.13108,10.3513,2.2,,15.9,15.8,0.269,15.5,0.155,1.53,icon_d2
2026-10-02,W0054,52.1221,10.3954,2.0,,16.1,16.2,0.226,16.0,0.155,1.61,icon_d2
2026-10-02,W1151,52.13108,10.41042,1.7,,16.0,16.2,0.226,16.0,0.155,1.59,icon_d2
2026-10-02,W1152,52.13108,10.43999,1.5,,15.8,16.2,0.226,16.0,0.155,1.54,icon_d2
2026-10-02,W0055,52.1221,10.484,1.3,,15.5,16.2,0.226,16.0,0.155,1.58,icon_d2
2026-10-02,W0056,52.1221,10.5135,1.1,,15.0,16.2,0.226,16.0,0.155,1.45,icon_d2
2026-10-02,W0057,52.1221,10.5431,0.9,,16.0,16.3,0.232,16.2,0.151,1.57,icon_d2
2026-10-02,W0058,52.1221,10.5726,1.1,,16.0,16.3,0.232,16.2,0.151,1.59,icon_d2
2026-10-02,W1153,52.13108,10.58781,0.9,,15.5,16.3,0.232,16.2,0.151,1.53,icon_d2
2026-10-02,W1583,52.13108,10.61737,1.1,,15.9,16.3,0.232,16.2,0.151,1.51,icon_d2
2026-10-02,W0059,52.1221,10.6612,0.9,,15.6,16.3,0.232,16.2,0.151,1.51,icon_d2
2026-10-02,W0060,52.1221,10.6908,1.0,,15.3,16.3,0.204,16.3,0.174,1.51,icon_d2
2026-10-02,W1154,52.13108,10.70607,1.0,,15.4,16.3,0.204,16.3,0.174,1.51,icon_d2
2026-10-02,W1155,52.13108,10.73563,0.8,,15.5,16.3,0.204,16.3,0.174,1.49,icon_d2
2026-10-02,W1584,52.13108,10.76519,0.9,,15.6,16.3,0.204,16.3,0.174,1.5,icon_d2
2026-10-02,W1156,52.13108,10.79476,1.0,,15.7,16.3,0.204,16.3,0.174,1.54,icon_d2
2026-10-02,W1157,52.13108,10.82432,1.1,,15.4,16.3,0.204,16.3,0.174,1.52,icon_d2
2026-10-02,W1158,52.13108,10.85389,1.5,,15.6,16.3,0.204,16.3,0.174,1.57,icon_d2
2026-10-02,W1159,52.13108,10.88345,1.3,,15.8,16.3,0.178,16.2,0.154,1.55,icon_d2
2026-10-02,W1160,52.13108,10.91302,1.2,,15.7,16.3,0.178,16.2,0.154,1.55,icon_d2
2026-10-02,W1161,52.13108,10.94258,1.2,,15.7,16.3,0.178,16.2,0.154,1.51,icon_d2
2026-10-02,W0061,52.1221,10.9861,1.0,,16.2,16.3,0.178,16.2,0.154,1.51,icon_d2
2026-10-02,W0062,52.1221,11.0157,1.1,,16.0,16.3,0.178,16.2,0.154,1.45,icon_d2
2026-10-02,W0063,52.1221,11.0452,1.2,,15.8,16.5,0.203,16.4,0.163,1.39,icon_d2
2026-10-02,W1162,52.13108,11.06084,1.3,,15.9,16.5,0.203,16.4,0.163,1.33,icon_d2
2026-10-02,W1163,52.13108,11.0904,1.5,,15.8,16.5,0.203,16.4,0.163,1.34,icon_d2
2026-10-02,W1164,52.13108,11.11997,1.5,,15.7,16.5,0.203,16.4,0.163,1.33,icon_d2
2026-10-02,W1165,52.13108,11.14953,1.7,,15.5,16.5,0.203,16.4,0.163,1.31,icon_d2
2026-10-02,W0065,52.1401,10.1295,3.3,,15.5,15.5,0.318,15.3,0.184,1.52,icon_d2
2026-10-02,W0066,52.1401,10.1591,3.0,,15.0,15.5,0.318,15.3,0.184,1.55,icon_d2
2026-10-02,W0067,52.1401,10.1886,3.3,,15.4,15.5,0.318,15.3,0.184,1.59,icon_d2
2026-10-02,W0068,52.1401,10.2182,2.9,,15.7,15.8,0.269,15.5,0.155,1.59,icon_d2
2026-10-02,W1166,52.1491,10.23304,2.9,,15.8,15.8,0.269,15.5,0.155,1.6,icon_d2
2026-10-02,W1167,52.1491,10.2626,2.8,,15.8,15.8,0.269,15.5,0.155,1.55,icon_d2
2026-10-02,W1168,52.1491,10.29217,2.8,,15.8,15.8,0.269,15.5,0.155,1.55,icon_d2
2026-10-02,W1169,52.1491,10.32173,2.4,,16.0,15.8,0.269,15.5,0.155,1.55,icon_d2
2026-10-02,W0069,52.1401,10.3658,2.2,,15.9,16.2,0.226,16.0,0.155,1.53,icon_d2
2026-10-02,W0084,52.1581,10.3954,1.5,,16.1,16.2,0.226,16.0,0.155,1.53,icon_d2
2026-10-02,W0085,52.1581,10.4249,1.5,,16.1,16.2,0.226,16.0,0.155,1.53,icon_d2
2026-10-02,W1170,52.1491,10.43999,1.5,,15.8,16.2,0.226,16.0,0.155,1.54,icon_d2
2026-10-02,W0070,52.1401,10.484,1.4,,15.6,16.2,0.226,16.0,0.155,1.49,icon_d2
2026-10-02,W0071,52.1401,10.5135,1.2,,15.5,16.2,0.226,16.0,0.155,1.48,icon_d2
2026-10-02,W0072,52.1401,10.5431,1.0,,16.1,16.3,0.232,16.2,0.151,1.58,icon_d2
2026-10-02,W0073,52.1401,10.5726,0.9,,15.8,16.3,0.232,16.2,0.151,1.54,icon_d2
2026-10-02,W1171,52.1491,10.58781,0.9,,15.8,16.3,0.232,16.2,0.151,1.54,icon_d2
2026-10-02,W0074,52.1401,10.6317,1.1,,14.9,15.6,0.232,15.6,0.151,1.45,icon_d2
2026-10-02,W0075,52.1401,10.6612,1.0,,14.9,15.5,0.232,15.5,0.151,1.49,icon_d2
2026-10-02,W0076,52.1401,10.6908,1.0,,15.8,16.3,0.204,16.3,0.174,1.53,icon_d2
2026-10-02,W0077,52.1401,10.7203,0.8,,15.7,16.3,0.204,16.3,0.174,1.5,icon_d2
2026-10-02,W1172,52.1491,10.73563,0.8,,15.6,16.3,0.204,16.3,0.174,1.5,icon_d2
2026-10-02,W1173,52.1491,10.76519,0.9,,15.6,16.3,0.204,16.3,0.174,1.5,icon_d2
2026-10-02,W1174,52.1491,10.79476,1.0,,15.6,16.3,0.204,16.3,0.174,1.53,icon_d2
2026-10-02,W0090,52.1581,10.8384,0.7,,14.9,16.0,0.194,16.2,0.148,1.48,icon_d2
2026-10-02,W0078,52.1401,10.868,1.5,,15.5,16.3,0.178,16.2,0.154,1.57,icon_d2
2026-10-02,W0079,52.1401,10.8975,1.3,,15.3,16.3,0.178,16.2,0.154,1.53,icon_d2
2026-10-02,W0080,52.1401,10.9271,1.3,,14.9,15.6,0.178,15.5,0.154,1.43,icon_d2
2026-10-02,W0081,52.1401,10.9566,1.1,,15.7,16.3,0.178,16.2,0.154,1.49,icon_d2
2026-10-02,W0095,52.1581,10.9861,1.1,,16.0,16.5,0.161,16.7,0.147,1.52,icon_d2
2026-10-02,W0096,52.1581,11.0157,1.5,,15.5,16.5,0.161,16.7,0.147,1.35,icon_d2
2026-10-02,W0082,52.1401,11.0452,1.4,,15.8,16.5,0.203,16.4,0.163,1.37,icon_d2
2026-10-02,W1175,52.1491,11.06084,1.3,,15.9,16.5,0.203,16.4,0.163,1.33,icon_d2
2026-10-02,W0098,52.1581,11.1043,1.6,,15.2,16.5,0.203,16.4,0.163,1.23,icon_d2
2026-10-02,W1176,52.1491,11.11997,1.5,,15.6,16.5,0.203,16.4,0.163,1.33,icon_d2
2026-10-02,W1177,52.1491,11.14953,1.7,,15.6,16.5,0.203,16.4,0.163,1.31,icon_d2
2026-10-02,W1585,52.16712,10.11478,3.4,,15.7,15.8,0.316,15.4,0.192,1.61,icon_d2
2026-10-02,W1178,52.16712,10.14435,3.0,,15.8,15.8,0.316,15.4,0.192,1.62,icon_d2
2026-10-02,W1179,52.16712,10.17391,2.7,,15.8,15.8,0.316,15.4,0.192,1.62,icon_d2
2026-10-02,W0099,52.1761,10.2182,2.3,,15.4,15.8,0.269,15.5,0.155,1.58,icon_d2
2026-10-02,W1180,52.16712,10.23304,2.8,,15.6,15.8,0.269,15.5,0.155,1.6,icon_d2
2026-10-02,W1181,52.16712,10.2626,2.6,,15.7,15.8,0.269,15.5,0.155,1.6,icon_d2
2026-10-02,W1182,52.16712,10.29217,2.3,,16.0,16.1,0.247,15.8,0.158,1.56,icon_d2
2026-10-02,W1183,52.16712,10.32173,2.3,,16.0,16.1,0.247,15.8,0.158,1.56,icon_d2
2026-10-02,W0100,52.1761,10.3658,2.1,,15.7,16.1,0.247,15.8,0.158,1.52,icon_d2
2026-10-02,W1184,52.16712,10.38086,1.6,,15.6,16.2,0.226,16.0,0.155,1.48,icon_d2
2026-10-02,W0101,52.1761,10.4249,1.6,,16.0,16.4,0.224,16.2,0.144,1.56,icon_d2
2026-10-02,W0102,52.1761,10.4545,1.5,,15.7,16.4,0.224,16.2,0.144,1.55,icon_d2
2026-10-02,W0103,52.1761,10.484,1.5,,15.9,16.4,0.224,16.2,0.144,1.55,icon_d2
2026-10-02,W1185,52.16712,10.49912,1.3,,15.9,16.4,0.224,16.2,0.144,1.52,icon_d2
2026-10-02,W0104,52.1761,10.5431,1.4,,16.0,16.3,0.232,16.2,0.151,1.54,icon_d2
2026-10-02,W1186,52.16712,10.55825,1.0,,15.8,16.3,0.232,16.2,0.151,1.53,icon_d2
2026-10-02,W1187,52.16712,10.58781,1.0,,15.7,16.3,0.232,16.2,0.151,1.53,icon_d2
2026-10-02,W1188,52.16712,10.61737,0.7,,15.8,16.2,0.227,16.0,0.151,1.51,icon_d2
2026-10-02,W1189,52.16712,10.64694,1.1,,15.8,16.2,0.227,16.0,0.151,1.48,icon_d2
2026-10-02,W1586,52.16712,10.6765,1.0,,15.7,16.2,0.227,16.0,0.151,1.52,icon_d2
2026-10-02,W1190,52.16712,10.70607,0.8,,15.5,16.3,0.204,16.3,0.174,1.51,icon_d2
2026-10-02,W1587,52.16712,10.73563,1.0,,15.5,16.3,0.204,16.3,0.174,1.55,icon_d2
2026-10-02,W0105,52.1761,10.7794,0.9,,14.9,16.0,0.194,16.2,0.148,1.46,icon_d2
2026-10-02,W0106,52.1761,10.8089,0.9,,14.8,16.0,0.194,16.2,0.148,1.45,icon_d2
2026-10-02,W0107,52.1761,10.8384,0.8,,15.0,16.0,0.194,16.2,0.148,1.49,icon_d2
2026-10-02,W0108,52.1761,10.868,0.9,,15.1,16.0,0.194,16.2,0.148,1.5,icon_d2
2026-10-02,W0109,52.1761,10.8975,1.0,,15.2,16.3,0.178,16.2,0.154,1.49,icon_d2
2026-10-02,W0110,52.1761,10.9271,1.0,,15.7,16.5,0.161,16.7,0.147,1.5,icon_d2
2026-10-02,W0111,52.1761,10.9566,1.1,,15.9,16.5,0.161,16.7,0.147,1.47,icon_d2
2026-10-02,W0112,52.1761,10.9861,1.1,,16.2,16.5,0.161,16.7,0.147,1.49,icon_d2
2026-10-02,W0113,52.1761,11.0157,1.3,,15.8,16.5,0.161,16.7,0.147,1.39,icon_d2
2026-10-02,W0114,52.1761,11.0452,1.5,,15.6,16.5,0.203,16.4,0.163,1.29,icon_d2
2026-10-02,W1191,52.16712,11.06084,1.5,,15.8,16.5,0.203,16.4,0.163,1.3,icon_d2
2026-10-02,W0115,52.1761,11.1043,1.7,,15.1,16.4,0.171,16.3,0.145,1.25,icon_d2
2026-10-02,W1192,52.16712,11.11997,1.6,,15.3,16.4,0.171,16.3,0.145,1.28,icon_d2
2026-10-02,W1193,52.16712,11.14953,1.8,,15.5,16.4,0.171,16.3,0.145,1.3,icon_d2
2026-10-02,W0116,52.1941,10.1,4.1,,15.6,15.8,0.316,15.4,0.192,1.59,icon_d2
2026-10-02,W1194,52.18514,10.14435,3.7,,15.6,15.8,0.316,15.4,0.192,1.61,icon_d2
2026-10-02,W1588,52.18514,10.17391,2.9,,15.8,15.8,0.316,15.4,0.192,1.59,icon_d2
2026-10-02,W1195,52.18514,10.20347,2.3,,15.6,15.8,0.316,15.4,0.192,1.56,icon_d2
2026-10-02,W1196,52.18514,10.23304,2.4,,15.7,16.1,0.247,15.8,0.158,1.6,icon_d2
2026-10-02,W1197,52.18514,10.2626,2.3,,15.5,16.1,0.247,15.8,0.158,1.6,icon_d2
2026-10-02,W0117,52.1941,10.3068,2.3,,15.7,16.1,0.247,15.8,0.158,1.55,icon_d2
2026-10-02,W0118,52.1941,10.3363,1.9,,15.7,16.1,0.247,15.8,0.158,1.51,icon_d2
2026-10-02,W1198,52.18514,10.3513,2.1,,15.8,16.1,0.247,15.8,0.158,1.52,icon_d2
2026-10-02,W1199,52.18514,10.38086,1.6,,15.7,16.4,0.224,16.2,0.144,1.48,icon_d2
2026-10-02,W1200,52.18514,10.41042,1.6,,16.0,16.4,0.224,16.2,0.144,1.56,icon_d2
2026-10-02,W1201,52.18514,10.43999,1.4,,16.0,16.4,0.224,16.2,0.144,1.57,icon_d2
2026-10-02,W1202,52.18514,10.46955,1.5,,15.8,16.4,0.224,16.2,0.144,1.55,icon_d2
2026-10-02,W1203,52.18514,10.49912,1.5,,15.9,16.4,0.224,16.2,0.144,1.55,icon_d2
2026-10-02,W0119,52.1941,10.5431,1.2,,15.8,16.4,0.224,16.2,0.144,1.51,icon_d2
2026-10-02,W1204,52.18514,10.55825,1.2,,15.6,16.2,0.227,16.0,0.151,1.49,icon_d2
2026-10-02,W1205,52.18514,10.58781,1.0,,15.9,16.2,0.227,16.0,0.151,1.51,icon_d2
2026-10-02,W0120,52.1941,10.6317,0.8,,15.8,16.2,0.227,16.0,0.151,1.57,icon_d2
2026-10-02,W1206,52.18514,10.64694,0.7,,15.7,16.2,0.227,16.0,0.151,1.57,icon_d2
2026-10-02,W0121,52.1941,10.6908,0.7,,15.5,16.2,0.227,16.0,0.151,1.51,icon_d2
2026-10-02,W0122,52.1941,10.7203,0.9,,15.1,16.0,0.194,16.2,0.148,1.45,icon_d2
2026-10-02,W0123,52.1941,10.7498,0.9,,14.1,14.8,0.194,15.0,0.148,1.41,icon_d2
2026-10-02,W0124,52.1941,10.7794,0.9,,14.5,15.2,0.194,15.4,0.148,1.43,icon_d2
2026-10-02,W0125,52.1941,10.8089,0.8,,14.4,15.1,0.194,15.3,0.148,1.45,icon_d2
2026-10-02,W0126,52.1941,10.8384,0.7,,14.7,16.0,0.194,16.2,0.148,1.47,icon_d2
2026-10-02,W0127,52.1941,10.868,0.8,,15.6,16.0,0.194,16.2,0.148,1.53,icon_d2
2026-10-02,W1589,52.18514,10.88345,1.0,,15.3,16.5,0.161,16.7,0.147,1.46,icon_d2
2026-10-02,W0128,52.1941,10.9271,1.1,,15.7,16.5,0.161,16.7,0.147,1.51,icon_d2
2026-10-02,W0129,52.1941,10.9566,1.3,,15.5,16.5,0.161,16.7,0.147,1.39,icon_d2
2026-10-02,W1590,52.18514,10.97214,1.1,,15.7,16.5,0.161,16.7,0.147,1.47,icon_d2
2026-10-02,W1207,52.18514,11.00171,1.3,,15.6,16.5,0.161,16.7,0.147,1.38,icon_d2
2026-10-02,W0130,52.1941,11.0452,1.6,,15.6,16.4,0.171,16.3,0.145,1.32,icon_d2
2026-10-02,W0131,52.1941,11.0747,1.8,,15.2,16.4,0.171,16.3,0.145,1.25,icon_d2
2026-10-02,W0132,52.1941,11.1043,1.8,,15.4,16.4,0.171,16.3,0.145,1.26,icon_d2
2026-10-02,W1208,52.18514,11.11997,1.7,,15.3,16.4,0.171,16.3,0.145,1.29,icon_d2
2026-10-02,W1209,52.18514,11.14953,1.6,,15.7,16.4,0.171,16.3,0.145,1.33,icon_d2
2026-10-02,W1210,52.20315,10.11478,4.1,,15.6,15.8,0.316,15.4,0.192,1.59,icon_d2
2026-10-02,W1211,52.20315,10.14435,3.4,,15.7,15.8,0.316,15.4,0.192,1.58,icon_d2
2026-10-02,W1212,52.20315,10.17391,2.4,,15.7,15.8,0.316,15.4,0.192,1.57,icon_d2
2026-10-02,W1591,52.20315,10.20347,2.4,,15.8,15.8,0.316,15.4,0.192,1.57,icon_d2
2026-10-02,W1213,52.20315,10.23304,2.3,,15.7,16.1,0.247,15.8,0.158,1.55,icon_d2
2026-10-02,W1214,52.20315,10.2626,2.3,,15.7,16.1,0.247,15.8,0.158,1.55,icon_d2
2026-10-02,W1215,52.20315,10.29217,2.3,,15.7,16.1,0.247,15.8,0.158,1.55,icon_d2
2026-10-02,W1216,52.20315,10.32173,2.2,,15.5,16.1,0.247,15.8,0.158,1.54,icon_d2
2026-10-02,W1217,52.20315,10.3513,1.6,,15.6,16.1,0.247,15.8,0.158,1.49,icon_d2
2026-10-02,W1218,52.20315,10.38086,1.6,,15.8,16.4,0.224,16.2,0.144,1.5,icon_d2
2026-10-02,W1219,52.20315,10.41042,1.4,,15.7,16.4,0.224,16.2,0.144,1.51,icon_d2
2026-10-02,W1220,52.20315,10.43999,1.4,,16.0,16.4,0.224,16.2,0.144,1.57,icon_d2
2026-10-02,W1221,52.20315,10.46955,1.6,,15.8,16.4,0.224,16.2,0.144,1.54,icon_d2
2026-10-02,W1222,52.20315,10.49912,1.5,,15.9,16.4,0.224,16.2,0.144,1.55,icon_d2
2026-10-02,W1223,52.20315,10.52868,1.7,,15.9,16.4,0.224,16.2,0.144,1.54,icon_d2
2026-10-02,W1224,52.20315,10.55825,1.2,,15.8,16.2,0.227,16.0,0.151,1.51,icon_d2
2026-10-02,W1225,52.20315,10.58781,1.5,,15.9,16.2,0.227,16.0,0.151,1.51,icon_d2
2026-10-02,W1226,52.20315,10.61737,1.1,,15.8,16.2,0.227,16.0,0.151,1.51,icon_d2
2026-10-02,W1227,52.20315,10.64694,0.8,,15.8,16.2,0.227,16.0,0.151,1.57,icon_d2
2026-10-02,W1228,52.20315,10.6765,1.0,,15.6,16.2,0.227,16.0,0.151,1.51,icon_d2
2026-10-02,W1229,52.20315,10.70607,0.7,,15.5,16.2,0.227,16.0,0.151,1.51,icon_d2
2026-10-02,W1592,52.20315,10.73563,0.9,,14.5,15.2,0.194,15.4,0.148,1.43,icon_d2
2026-10-02,W1230,52.20315,10.76519,0.9,,14.4,15.1,0.194,15.3,0.148,1.43,icon_d2
2026-10-02,W1593,52.20315,10.79476,0.8,,14.3,15.0,0.194,15.2,0.148,1.45,icon_d2
2026-10-02,W1594,52.20315,10.82432,0.8,,14.6,15.3,0.194,15.5,0.148,1.46,icon_d2
2026-10-02,W1595,52.20315,10.85389,0.8,,15.6,16.0,0.194,16.2,0.148,1.53,icon_d2
2026-10-02,W1231,52.20315,10.88345,0.8,,15.9,16.5,0.161,16.7,0.147,1.54,icon_d2
2026-10-02,W1232,52.20315,10.91302,1.1,,15.8,16.5,0.161,16.7,0.147,1.51,icon_d2
2026-10-02,W1233,52.20315,10.94258,1.3,,15.4,16.5,0.161,16.7,0.147,1.43,icon_d2
2026-10-02,W1234,52.20315,10.97214,1.3,,15.3,16.5,0.161,16.7,0.147,1.35,icon_d2
2026-10-02,W1235,52.20315,11.00171,1.5,,15.6,16.5,0.161,16.7,0.147,1.32,icon_d2
2026-10-02,W1236,52.20315,11.03127,1.6,,15.6,16.5,0.161,16.7,0.147,1.32,icon_d2
2026-10-02,W1237,52.20315,11.06084,1.6,,15.2,16.4,0.171,16.3,0.145,1.26,icon_d2
2026-10-02,W1238,52.20315,11.0904,1.8,,15.3,16.4,0.171,16.3,0.145,1.26,icon_d2
2026-10-02,W1239,52.20315,11.11997,1.7,,15.7,16.4,0.171,16.3,0.145,1.3,icon_d2
2026-10-02,W1240,52.20315,11.14953,1.9,,15.9,16.4,0.171,16.3,0.145,1.34,icon_d2
2026-10-02,W1596,52.22117,10.11478,4.5,,15.7,15.8,0.316,15.4,0.192,1.58,icon_d2
2026-10-02,W1241,52.22117,10.14435,4.5,,15.6,15.8,0.316,15.4,0.192,1.58,icon_d2
2026-10-02,W1597,52.22117,10.17391,3.1,,15.7,15.8,0.316,15.4,0.192,1.57,icon_d2
2026-10-02,W1242,52.22117,10.20347,3.1,,15.7,16.0,0.297,15.9,0.192,1.58,icon_d2
2026-10-02,W1243,52.22117,10.23304,2.2,,15.7,16.1,0.247,15.8,0.158,1.55,icon_d2
2026-10-02,W1244,52.22117,10.2626,2.2,,15.7,16.1,0.247,15.8,0.158,1.55,icon_d2
2026-10-02,W1245,52.22117,10.29217,2.0,,15.7,16.1,0.247,15.8,0.158,1.57,icon_d2
2026-10-02,W0133,52.2122,10.3363,2.0,,15.7,16.1,0.247,15.8,0.158,1.58,icon_d2
2026-10-02,W1246,52.22117,10.3513,1.5,,15.7,16.1,0.235,15.6,0.148,1.5,icon_d2
2026-10-02,W1247,52.22117,10.38086,1.5,,15.8,16.1,0.235,15.6,0.148,1.5,icon_d2
2026-10-02,W1248,52.22117,10.41042,1.6,,15.9,16.4,0.224,16.2,0.144,1.51,icon_d2
2026-10-02,W1249,52.22117,10.43999,1.4,,15.9,16.4,0.224,16.2,0.144,1.52,icon_d2
2026-10-02,W1250,52.22117,10.46955,1.5,,15.8,16.4,0.224,16.2,0.144,1.55,icon_d2
2026-10-02,W1251,52.22117,10.49912,1.8,,15.9,16.4,0.224,16.2,0.144,1.55,icon_d2
2026-10-02,W0134,52.2122,10.5431,1.6,,15.8,16.6,0.193,16.6,0.147,1.52,icon_d2
2026-10-02,W0135,52.2122,10.5726,1.5,,15.7,16.2,0.227,16.0,0.151,1.5,icon_d2
2026-10-02,W0136,52.2122,10.6021,1.5,,15.9,16.2,0.227,16.0,0.151,1.51,icon_d2
2026-10-02,W1252,52.22117,10.61737,1.0,,15.8,16.2,0.227,16.0,0.151,1.52,icon_d2
2026-10-02,W1253,52.22117,10.64694,1.0,,15.6,16.2,0.227,16.0,0.151,1.51,icon_d2
2026-10-02,W1254,52.22117,10.6765,0.9,,15.6,16.2,0.22,16.0,0.147,1.49,icon_d2
2026-10-02,W0137,52.2122,10.7203,0.9,,14.4,15.3,0.194,15.4,0.148,1.39,icon_d2
2026-10-02,W0138,52.2122,10.7498,0.9,,14.6,16.0,0.194,16.2,0.148,1.4,icon_d2
2026-10-02,W0139,52.2122,10.7794,0.7,,14.1,15.0,0.194,15.1,0.148,1.38,icon_d2
2026-10-02,W0140,52.2122,10.8089,0.6,,14.3,15.1,0.194,15.3,0.148,1.41,icon_d2
2026-10-02,W0141,52.2122,10.8384,0.7,,15.1,16.0,0.194,16.2,0.148,1.52,icon_d2
2026-10-02,W1598,52.22117,10.85389,0.7,,15.6,16.3,0.183,16.2,0.145,1.54,icon_d2
2026-10-02,W0142,52.2122,10.8975,0.8,,15.4,16.5,0.161,16.7,0.147,1.51,icon_d2
2026-10-02,W0143,52.2122,10.9271,1.0,,15.6,16.5,0.161,16.7,0.147,1.48,icon_d2
2026-10-02,W0144,52.2122,10.9566,1.3,,15.4,16.5,0.161,16.7,0.147,1.41,icon_d2
2026-10-02,W0145,52.2122,10.9861,1.3,,15.6,16.5,0.161,16.7,0.147,1.34,icon_d2
2026-10-02,W0146,52.2122,11.0157,1.6,,16.1,16.5,0.161,16.7,0.147,1.33,icon_d2
2026-10-02,W0147,52.2122,11.0452,1.6,,15.2,16.4,0.171,16.3,0.145,1.28,icon_d2
2026-10-02,W0148,52.2122,11.0747,1.9,,15.2,16.4,0.171,16.3,0.145,1.26,icon_d2
2026-10-02,W0149,52.2122,11.1043,2.0,,15.8,16.4,0.171,16.3,0.145,1.34,icon_d2
2026-10-02,W0150,52.2122,11.1338,2.0,,16.0,16.4,0.171,16.3,0.145,1.34,icon_d2
2026-10-02,W1255,52.22117,11.14953,2.0,,15.6,16.4,0.171,16.3,0.145,1.33,icon_d2
2026-10-02,W1256,52.23919,10.11478,4.7,,15.5,16.0,0.297,15.9,0.192,1.56,icon_d2
2026-10-02,W1257,52.23919,10.14435,4.6,,15.7,16.0,0.297,15.9,0.192,1.58,icon_d2
2026-10-02,W1258,52.23919,10.17391,3.7,,15.7,16.0,0.297,15.9,0.192,1.57,icon_d2
2026-10-02,W1259,52.23919,10.20347,3.2,,15.7,16.0,0.297,15.9,0.192,1.54,icon_d2
2026-10-02,W1260,52.23919,10.23304,2.5,,15.5,16.1,0.247,15.8,0.158,1.52,icon_d2
2026-10-02,W1261,52.23919,10.2626,2.5,,15.6,16.1,0.247,15.8,0.158,1.52,icon_d2
2026-10-02,W1262,52.23919,10.29217,2.0,,15.8,16.1,0.235,15.6,0.148,1.57,icon_d2
2026-10-02,W1263,52.23919,10.32173,2.3,,15.7,16.1,0.235,15.6,0.148,1.53,icon_d2
2026-10-02,W1264,52.23919,10.3513,1.7,,15.8,16.1,0.235,15.6,0.148,1.51,icon_d2
2026-10-02,W1265,52.23919,10.38086,1.6,,15.7,16.1,0.235,15.6,0.148,1.51,icon_d2
2026-10-02,W1266,52.23919,10.41042,1.4,,15.9,16.4,0.224,16.2,0.144,1.48,icon_d2
2026-10-02,W1267,52.23919,10.43999,1.3,,15.9,16.4,0.224,16.2,0.144,1.47,icon_d2
2026-10-02,W1268,52.23919,10.46955,1.3,,16.0,16.6,0.193,16.6,0.147,1.47,icon_d2
2026-10-02,W1269,52.23919,10.49912,1.6,,16.1,16.6,0.193,16.6,0.147,1.52,icon_d2
2026-10-02,W0151,52.2302,10.5431,1.5,,15.9,16.6,0.193,16.6,0.147,1.48,icon_d2
2026-10-02,W0152,52.2302,10.5726,1.5,,15.9,16.2,0.227,16.0,0.151,1.48,icon_d2
2026-10-02,W0153,52.2302,10.6021,1.2,,15.8,16.2,0.227,16.0,0.151,1.51,icon_d2
2026-10-02,W0154,52.2302,10.6317,1.2,,15.6,16.2,0.227,16.0,0.151,1.48,icon_d2
2026-10-02,W0155,52.2302,10.6612,1.1,,15.5,16.2,0.22,16.0,0.147,1.46,icon_d2
2026-10-02,W1270,52.23919,10.6765,1.1,,15.5,16.2,0.22,16.0,0.147,1.46,icon_d2
2026-10-02,W0156,52.2302,10.7203,0.8,,15.0,16.0,0.194,16.2,0.148,1.43,icon_d2
2026-10-02,W0157,52.2302,10.7498,0.9,,14.7,15.3,0.194,15.5,0.148,1.38,icon_d2
2026-10-02,W0158,52.2302,10.7794,0.7,,14.3,15.1,0.194,15.3,0.148,1.36,icon_d2
2026-10-02,W0159,52.2302,10.8089,0.6,,14.8,16.0,0.194,16.2,0.148,1.44,icon_d2
2026-10-02,W0160,52.2302,10.8384,0.6,,15.4,16.3,0.183,16.2,0.145,1.53,icon_d2
2026-10-02,W1271,52.23919,10.85389,0.7,,15.9,16.3,0.183,16.2,0.145,1.57,icon_d2
2026-10-02,W1272,52.23919,10.88345,0.8,,15.7,16.3,0.183,16.2,0.145,1.54,icon_d2
2026-10-02,W1273,52.23919,10.91302,1.0,,15.7,16.5,0.161,16.7,0.147,1.48,icon_d2
2026-10-02,W1274,52.23919,10.94258,1.0,,15.6,16.5,0.161,16.7,0.147,1.48,icon_d2
2026-10-02,W1275,52.23919,10.97214,1.1,,15.8,16.2,0.175,16.0,0.148,1.38,icon_d2
2026-10-02,W0161,52.2302,11.0157,1.5,,15.6,16.2,0.175,16.0,0.148,1.27,icon_d2
2026-10-02,W0162,52.2302,11.0452,1.8,,15.1,16.2,0.175,16.0,0.148,1.27,icon_d2
2026-10-02,W0163,52.2302,11.0747,1.9,,15.3,16.4,0.171,16.3,0.145,1.29,icon_d2
2026-10-02,W0164,52.2302,11.1043,2.2,,15.9,16.4,0.171,16.3,0.145,1.39,icon_d2
2026-10-02,W1276,52.23919,11.11997,2.0,,15.9,16.1,0.172,16.0,0.141,1.37,icon_d2
2026-10-02,W1277,52.23919,11.14953,2.1,,15.9,16.1,0.172,16.0,0.141,1.36,icon_d2
2026-10-02,W1278,52.25721,10.11478,4.3,,15.7,16.0,0.297,15.9,0.192,1.56,icon_d2
2026-10-02,W0165,52.2482,10.1591,4.6,,15.7,16.0,0.297,15.9,0.192,1.57,icon_d2
2026-10-02,W0181,52.2662,10.1886,4.6,,15.9,16.0,0.297,15.9,0.192,1.55,icon_d2
2026-10-02,W1279,52.25721,10.20347,4.3,,15.8,16.0,0.297,15.9,0.192,1.56,icon_d2
2026-10-02,W0182,52.2662,10.2477,3.1,,15.9,16.1,0.235,15.6,0.148,1.54,icon_d2
2026-10-02,W0183,52.2662,10.2772,2.2,,15.6,16.1,0.235,15.6,0.148,1.52,icon_d2
2026-10-02,W0184,52.2662,10.3068,2.2,,15.8,16.1,0.235,15.6,0.148,1.53,icon_d2
2026-10-02,W1280,52.25721,10.32173,2.1,,15.7,16.1,0.235,15.6,0.148,1.51,icon_d2
2026-10-02,W1281,52.25721,10.3513,1.7,,15.7,16.1,0.235,15.6,0.148,1.51,icon_d2
2026-10-02,W1282,52.25721,10.38086,1.6,,15.7,16.1,0.235,15.6,0.148,1.52,icon_d2
2026-10-02,W1283,52.25721,10.41042,1.3,,15.9,16.6,0.193,16.6,0.147,1.49,icon_d2
2026-10-02,W0166,52.2482,10.4545,1.3,,15.8,16.6,0.193,16.6,0.147,1.47,icon_d2
2026-10-02,W1285,52.25721,10.46955,1.5,,15.9,16.6,0.193,16.6,0.147,1.5,icon_d2
2026-10-02,W0167,52.2482,10.5135,1.7,,16.2,16.6,0.193,16.6,0.147,1.52,icon_d2
2026-10-02,W1287,52.25721,10.52868,1.8,,16.3,16.6,0.193,16.6,0.147,1.51,icon_d2
2026-10-02,W1288,52.25721,10.55825,1.6,,16.0,16.6,0.193,16.6,0.147,1.5,icon_d2
2026-10-02,W0185,52.2662,10.6021,1.4,,15.5,16.2,0.22,16.0,0.147,1.46,icon_d2
2026-10-02,W0186,52.2662,10.6317,1.2,,15.8,16.2,0.22,16.0,0.147,1.49,icon_d2
2026-10-02,W0187,52.2662,10.6612,1.2,,15.5,16.2,0.22,16.0,0.147,1.48,icon_d2
2026-10-02,W0170,52.2482,10.6908,0.8,,15.5,16.2,0.22,16.0,0.147,1.45,icon_d2
2026-10-02,W0188,52.2662,10.7203,1.0,,15.6,16.2,0.22,16.0,0.147,1.44,icon_d2
2026-10-02,W0171,52.2482,10.7498,0.9,,15.1,16.3,0.183,16.2,0.145,1.39,icon_d2
2026-10-02,W0172,52.2482,10.7794,0.7,,14.9,16.3,0.183,16.2,0.145,1.38,icon_d2
2026-10-02,W0173,52.2482,10.8089,0.6,,15.4,16.3,0.183,16.2,0.145,1.46,icon_d2
2026-10-02,W1293,52.25721,10.82432,0.7,,15.7,16.3,0.183,16.2,0.145,1.44,icon_d2
2026-10-02,W0189,52.2662,10.868,0.7,,15.7,16.3,0.183,16.2,0.145,1.47,icon_d2
2026-10-02,W0190,52.2662,10.8975,0.7,,15.3,16.2,0.175,16.0,0.148,1.43,icon_d2
2026-10-02,W1294,52.25721,10.91302,0.7,,15.5,16.2,0.175,16.0,0.148,1.43,icon_d2
2026-10-02,W0191,52.2662,10.9566,0.8,,15.6,16.2,0.175,16.0,0.148,1.39,icon_d2
2026-10-02,W0192,52.2662,10.9861,1.1,,15.4,16.2,0.175,16.0,0.148,1.36,icon_d2
2026-10-02,W0193,52.2662,11.0157,1.2,,15.3,16.2,0.175,16.0,0.148,1.3,icon_d2
2026-10-02,W0194,52.2662,11.0452,1.6,,15.3,16.2,0.175,16.0,0.148,1.31,icon_d2
2026-10-02,W0195,52.2662,11.0747,1.9,,15.7,16.1,0.172,16.0,0.141,1.4,icon_d2
2026-10-02,W0196,52.2662,11.1043,2.1,,15.8,16.1,0.172,16.0,0.141,1.4,icon_d2
2026-10-02,W0197,52.2662,11.1338,2.1,,15.2,16.1,0.172,16.0,0.141,1.29,icon_d2
2026-10-02,W1606,52.25721,11.14953,2.1,,15.2,16.1,0.172,16.0,0.141,1.29,icon_d2
2026-10-02,W0198,52.2842,10.1,4.3,,15.8,16.0,0.297,15.9,0.192,1.6,icon_d2
2026-10-02,W1295,52.27523,10.14435,4.3,,15.9,16.0,0.297,15.9,0.192,1.58,icon_d2
2026-10-02,W0199,52.2842,10.1886,4.5,,15.7,16.0,0.297,15.9,0.192,1.54,icon_d2
2026-10-02,W1296,52.27523,10.20347,4.0,,15.8,16.0,0.297,15.9,0.192,1.54,icon_d2
2026-10-02,W0200,52.2842,10.2477,3.6,,15.7,16.1,0.235,15.6,0.148,1.52,icon_d2
2026-10-02,W1297,52.27523,10.2626,2.8,,15.6,16.1,0.235,15.6,0.148,1.51,icon_d2
2026-10-02,W1298,52.27523,10.29217,2.2,,15.7,16.1,0.235,15.6,0.148,1.51,icon_d2
2026-10-02,W0201,52.2842,10.3363,1.9,,15.6,16.1,0.235,15.6,0.148,1.5,icon_d2
2026-10-02,W0202,52.2842,10.3658,1.6,,15.7,16.1,0.235,15.6,0.148,1.54,icon_d2
2026-10-02,W0203,52.2842,10.3954,1.4,,15.7,15.9,0.247,15.2,0.183,1.52,icon_d2
2026-10-02,W1299,52.27523,10.41042,1.4,,15.8,16.6,0.193,16.6,0.147,1.52,icon_d2
2026-10-02,W0204,52.2842,10.4545,1.4,,15.8,16.6,0.193,16.6,0.147,1.51,icon_d2
2026-10-02,W1300,52.27523,10.46955,1.4,,15.8,16.6,0.193,16.6,0.147,1.51,icon_d2
2026-10-02,W0205,52.2842,10.5135,1.6,,16.2,16.6,0.193,16.6,0.147,1.55,icon_d2
2026-10-02,W0206,52.2842,10.5431,1.7,,16.0,16.6,0.193,16.6,0.147,1.59,icon_d2
2026-10-02,W0207,52.2842,10.5726,1.6,,15.8,16.2,0.22,16.0,0.147,1.56,icon_d2
2026-10-02,W0208,52.2842,10.6021,1.4,,15.5,16.2,0.22,16.0,0.147,1.47,icon_d2
2026-10-02,W0209,52.2842,10.6317,1.2,,15.5,16.2,0.22,16.0,0.147,1.46,icon_d2
2026-10-02,W1301,52.27523,10.64694,1.2,,15.6,16.2,0.22,16.0,0.147,1.47,icon_d2
2026-10-02,W1302,52.27523,10.6765,1.0,,15.7,16.2,0.22,16.0,0.147,1.49,icon_d2
2026-10-02,W0210,52.2842,10.7203,1.0,,15.7,16.2,0.22,16.0,0.147,1.45,icon_d2
2026-10-02,W1303,52.27523,10.73563,1.0,,15.5,16.3,0.183,16.2,0.145,1.44,icon_d2
2026-10-02,W1304,52.27523,10.76519,0.8,,15.6,16.3,0.183,16.2,0.145,1.43,icon_d2
2026-10-02,W0211,52.2842,10.8089,0.6,,15.5,16.3,0.183,16.2,0.145,1.42,icon_d2
2026-10-02,W0212,52.2842,10.8384,0.7,,15.7,16.3,0.183,16.2,0.145,1.43,icon_d2
2026-10-02,W0213,52.2842,10.868,0.8,,15.0,16.3,0.183,16.2,0.145,1.39,icon_d2
2026-10-02,W0214,52.2842,10.8975,0.5,,15.5,16.1,0.195,15.4,0.16,1.41,icon_d2
2026-10-02,W1305,52.27523,10.91302,0.3,,15.4,16.2,0.175,16.0,0.148,1.41,icon_d2
2026-10-02,W1306,52.27523,10.94258,0.6,,15.8,16.2,0.175,16.0,0.148,1.45,icon_d2
2026-10-02,W1307,52.27523,10.97214,0.9,,15.7,16.2,0.175,16.0,0.148,1.36,icon_d2
2026-10-02,W0215,52.2842,11.0157,1.7,,15.1,16.2,0.175,16.0,0.148,1.29,icon_d2
2026-10-02,W0216,52.2842,11.0452,1.7,,15.6,16.2,0.175,16.0,0.148,1.3,icon_d2
2026-10-02,W0217,52.2842,11.0747,2.1,,15.6,16.1,0.172,16.0,0.141,1.44,icon_d2
2026-10-02,W0218,52.2842,11.1043,2.1,,15.7,16.1,0.172,16.0,0.141,1.44,icon_d2
2026-10-02,W0219,52.2842,11.1338,2.3,,15.8,16.1,0.172,16.0,0.141,1.4,icon_d2
2026-10-02,W1308,52.27523,11.14953,2.3,,15.6,16.1,0.172,16.0,0.141,1.39,icon_d2
2026-10-02,W1309,52.29324,10.11478,4.3,,15.9,16.0,0.297,15.9,0.192,1.6,icon_d2
2026-10-02,W1310,52.29324,10.14435,4.3,,15.9,16.0,0.297,15.9,0.192,1.6,icon_d2
2026-10-02,W1311,52.29324,10.17391,4.3,,15.6,16.0,0.297,15.9,0.192,1.5,icon_d2
2026-10-02,W1312,52.29324,10.20347,4.3,,15.8,16.1,0.277,16.0,0.155,1.5,icon_d2
2026-10-02,W1313,52.29324,10.23304,4.2,,15.8,16.1,0.277,16.0,0.155,1.5,icon_d2
2026-10-02,W1314,52.29324,10.2626,2.8,,15.7,16.1,0.235,15.6,0.148,1.48,icon_d2
2026-10-02,W1315,52.29324,10.29217,2.5,,15.8,16.1,0.235,15.6,0.148,1.47,icon_d2
2026-10-02,W1316,52.29324,10.32173,2.3,,15.8,16.1,0.235,15.6,0.148,1.46,icon_d2
2026-10-02,W1317,52.29324,10.3513,2.0,,15.5,16.1,0.235,15.6,0.148,1.47,icon_d2
2026-10-02,W1318,52.29324,10.38086,1.8,,15.7,15.9,0.247,15.2,0.183,1.5,icon_d2
2026-10-02,W1319,52.29324,10.41042,1.2,,15.8,16.6,0.193,16.6,0.147,1.53,icon_d2
2026-10-02,W1320,52.29324,10.43999,1.3,,15.7,16.6,0.193,16.6,0.147,1.53,icon_d2
2026-10-02,W1321,52.29324,10.46955,1.3,,15.7,16.6,0.193,16.6,0.147,1.53,icon_d2
2026-10-02,W1322,52.29324,10.49912,1.5,,15.9,16.6,0.193,16.6,0.147,1.51,icon_d2
2026-10-02,W1323,52.29324,10.52868,1.5,,15.8,16.5,0.206,16.3,0.157,1.54,icon_d2
2026-10-02,W1324,52.29324,10.55825,1.6,,15.6,16.5,0.206,16.3,0.157,1.53,icon_d2
2026-10-02,W1325,52.29324,10.58781,1.5,,15.7,16.2,0.22,16.0,0.147,1.55,icon_d2
2026-10-02,W1326,52.29324,10.61737,1.4,,15.7,16.2,0.22,16.0,0.147,1.47,icon_d2
2026-10-02,W1327,52.29324,10.64694,1.4,,15.6,16.2,0.22,16.0,0.147,1.47,icon_d2
2026-10-02,W1328,52.29324,10.6765,0.9,,15.6,16.2,0.22,16.0,0.147,1.48,icon_d2
2026-10-02,W1329,52.29324,10.70607,0.9,,15.6,16.2,0.213,15.9,0.167,1.48,icon_d2
2026-10-02,W1330,52.29324,10.73563,0.9,,15.7,16.2,0.213,15.9,0.167,1.49,icon_d2
2026-10-02,W1331,52.29324,10.76519,0.9,,15.7,16.3,0.183,16.2,0.145,1.49,icon_d2
2026-10-02,W1332,52.29324,10.79476,0.7,,15.6,16.3,0.183,16.2,0.145,1.42,icon_d2
2026-10-02,W1333,52.29324,10.82432,0.7,,15.6,16.3,0.183,16.2,0.145,1.42,icon_d2
2026-10-02,W1334,52.29324,10.85389,0.6,,15.7,16.3,0.183,16.2,0.145,1.45,icon_d2
2026-10-02,W1335,52.29324,10.88345,0.3,,15.7,16.1,0.195,15.4,0.16,1.47,icon_d2
2026-10-02,W1336,52.29324,10.91302,0.4,,15.7,16.2,0.175,16.0,0.148,1.45,icon_d2
2026-10-02,W1337,52.29324,10.94258,0.6,,15.8,16.2,0.175,16.0,0.148,1.47,icon_d2
2026-10-02,W1338,52.29324,10.97214,0.9,,15.6,16.2,0.175,16.0,0.148,1.39,icon_d2
2026-10-02,W1339,52.29324,11.00171,0.9,,15.4,16.2,0.175,16.0,0.148,1.38,icon_d2
2026-10-02,W1340,52.29324,11.03127,1.6,,15.4,16.0,0.181,15.4,0.166,1.35,icon_d2
2026-10-02,W1341,52.29324,11.06084,1.8,,15.8,16.0,0.181,15.4,0.166,1.44,icon_d2
2026-10-02,W1342,52.29324,11.0904,2.2,,15.5,16.1,0.172,16.0,0.141,1.42,icon_d2
2026-10-02,W1343,52.29324,11.11997,2.2,,15.6,16.1,0.172,16.0,0.141,1.42,icon_d2
2026-10-02,W1344,52.29324,11.14953,2.1,,15.6,16.1,0.172,16.0,0.141,1.32,icon_d2
2026-10-02,W1345,52.31126,10.11478,3.8,,15.9,16.0,0.297,15.9,0.192,1.55,icon_d2
2026-10-02,W1346,52.31126,10.14435,4.1,,15.8,16.1,0.277,16.0,0.155,1.57,icon_d2
2026-10-02,W0220,52.3023,10.1886,4.3,,15.7,16.1,0.277,16.0,0.155,1.5,icon_d2
2026-10-02,W1347,52.31126,10.20347,4.1,,15.7,16.1,0.277,16.0,0.155,1.48,icon_d2
2026-10-02,W1348,52.31126,10.23304,3.3,,16.0,16.1,0.277,16.0,0.155,1.53,icon_d2
2026-10-02,W0221,52.3023,10.2772,2.8,,15.8,16.1,0.235,15.6,0.148,1.48,icon_d2
2026-10-02,W0222,52.3023,10.3068,2.5,,15.8,16.1,0.235,15.6,0.148,1.47,icon_d2
2026-10-02,W0223,52.3023,10.3363,2.0,,15.4,15.9,0.247,15.2,0.183,1.47,icon_d2
2026-10-02,W0224,52.3023,10.3658,2.0,,15.6,15.9,0.247,15.2,0.183,1.48,icon_d2
2026-10-02,W1349,52.31126,10.38086,1.8,,15.7,15.9,0.247,15.2,0.183,1.54,icon_d2
2026-10-02,W0225,52.3023,10.4249,1.2,,15.8,16.6,0.193,16.6,0.147,1.53,icon_d2
2026-10-02,W1350,52.31126,10.43999,1.1,,15.7,16.6,0.193,16.6,0.147,1.56,icon_d2
2026-10-02,W1351,52.31126,10.46955,1.3,,15.9,16.5,0.206,16.3,0.157,1.56,icon_d2
2026-10-02,W1352,52.31126,10.49912,1.6,,16.1,16.5,0.206,16.3,0.157,1.57,icon_d2
2026-10-02,W0226,52.3023,10.5431,1.5,,15.8,16.5,0.206,16.3,0.157,1.55,icon_d2
2026-10-02,W0227,52.3023,10.5726,1.5,,15.6,16.5,0.206,16.3,0.157,1.55,icon_d2
2026-10-02,W1353,52.31126,10.58781,1.6,,15.7,16.2,0.22,16.0,0.147,1.51,icon_d2
2026-10-02,W0228,52.3023,10.6317,1.4,,15.7,16.2,0.22,16.0,0.147,1.47,icon_d2
2026-10-02,W0229,52.3023,10.6612,1.1,,15.6,16.2,0.213,15.9,0.167,1.45,icon_d2
2026-10-02,W0230,52.3023,10.6908,0.9,,15.5,16.2,0.213,15.9,0.167,1.47,icon_d2
2026-10-02,W0231,52.3023,10.7203,0.9,,15.6,16.2,0.213,15.9,0.167,1.48,icon_d2
2026-10-02,W1354,52.31126,10.73563,0.9,,15.7,16.2,0.213,15.9,0.167,1.53,icon_d2
2026-10-02,W1355,52.31126,10.76519,0.9,,15.7,16.3,0.183,16.2,0.145,1.55,icon_d2
2026-10-02,W0232,52.3023,10.8089,0.7,,15.6,16.3,0.183,16.2,0.145,1.42,icon_d2
2026-10-02,W0233,52.3023,10.8384,0.6,,15.7,16.1,0.195,15.4,0.16,1.45,icon_d2
2026-10-02,W0234,52.3023,10.868,0.6,,15.6,16.1,0.195,15.4,0.16,1.45,icon_d2
2026-10-02,W0235,52.3023,10.8975,0.3,,15.7,16.1,0.195,15.4,0.16,1.47,icon_d2
2026-10-02,W0236,52.3023,10.9271,0.4,,15.5,16.2,0.175,16.0,0.148,1.45,icon_d2
2026-10-02,W1356,52.31126,10.94258,0.4,,15.5,16.2,0.175,16.0,0.148,1.44,icon_d2
2026-10-02,W0237,52.3023,10.9861,0.9,,15.5,16.2,0.175,16.0,0.148,1.39,icon_d2
2026-10-02,W0238,52.3023,11.0157,1.2,,15.9,16.0,0.181,15.4,0.166,1.41,icon_d2
2026-10-02,W0239,52.3023,11.0452,1.6,,15.8,16.0,0.181,15.4,0.166,1.37,icon_d2
2026-10-02,W0240,52.3023,11.0747,1.8,,15.6,16.1,0.172,16.0,0.141,1.44,icon_d2
2026-10-02,W0241,52.3023,11.1043,2.2,,15.8,16.1,0.172,16.0,0.141,1.43,icon_d2
2026-10-02,W0242,52.3023,11.1338,2.1,,15.5,16.1,0.172,16.0,0.141,1.32,icon_d2
2026-10-02,W1357,52.31126,11.14953,2.3,,15.7,16.4,0.164,16.3,0.146,1.35,icon_d2
2026-10-02,W1358,52.32928,10.11478,3.8,,15.9,16.1,0.277,16.0,0.155,1.55,icon_d2
2026-10-02,W1359,52.32928,10.14435,4.1,,15.8,16.1,0.277,16.0,0.155,1.57,icon_d2
2026-10-02,W1360,52.32928,10.17391,4.0,,15.9,16.1,0.277,16.0,0.155,1.51,icon_d2
2026-10-02,W0243,52.3203,10.2182,4.1,,15.8,16.1,0.277,16.0,0.155,1.48,icon_d2
2026-10-02,W1361,52.32928,10.23304,3.3,,16.1,16.1,0.277,16.0,0.155,1.53,icon_d2
2026-10-02,W1362,52.32928,10.2626,3.2,,15.9,15.9,0.247,15.2,0.183,1.53,icon_d2
2026-10-02,W0244,52.3203,10.3068,2.6,,15.6,15.9,0.247,15.2,0.183,1.46,icon_d2
2026-10-02,W0245,52.3203,10.3363,2.1,,15.7,15.9,0.247,15.2,0.183,1.51,icon_d2
2026-10-02,W1363,52.32928,10.3513,2.1,,15.6,15.9,0.247,15.2,0.183,1.5,icon_d2
2026-10-02,W1364,52.32928,10.38086,1.8,,15.7,15.9,0.247,15.2,0.183,1.54,icon_d2
2026-10-02,W1365,52.32928,10.41042,1.2,,15.7,15.9,0.247,15.2,0.183,1.58,icon_d2
2026-10-02,W1366,52.32928,10.43999,1.1,,15.8,16.5,0.206,16.3,0.157,1.56,icon_d2
2026-10-02,W1367,52.32928,10.46955,1.3,,15.8,16.5,0.206,16.3,0.157,1.56,icon_d2
2026-10-02,W1368,52.32928,10.49912,1.6,,16.1,16.5,0.206,16.3,0.157,1.57,icon_d2
2026-10-02,W1369,52.32928,10.52868,1.4,,16.0,16.5,0.206,16.3,0.157,1.57,icon_d2
2026-10-02,W0246,52.3203,10.5726,1.6,,15.6,16.5,0.206,16.3,0.157,1.51,icon_d2
2026-10-02,W0247,52.3203,10.6021,1.5,,15.7,16.2,0.213,15.9,0.167,1.5,icon_d2
2026-10-02,W0248,52.3203,10.6317,1.1,,15.8,16.2,0.213,15.9,0.167,1.47,icon_d2
2026-10-02,W0249,52.3203,10.6612,1.0,,15.6,16.2,0.213,15.9,0.167,1.46,icon_d2
2026-10-02,W0250,52.3203,10.6908,1.0,,15.7,16.2,0.213,15.9,0.167,1.5,icon_d2
2026-10-02,W0251,52.3203,10.7203,1.0,,15.5,16.2,0.213,15.9,0.167,1.49,icon_d2
2026-10-02,W0252,52.3203,10.7498,0.9,,15.7,16.3,0.183,16.2,0.145,1.53,icon_d2
2026-10-02,W1370,52.32928,10.76519,0.9,,15.8,16.1,0.195,15.4,0.16,1.55,icon_d2
2026-10-02,W1371,52.32928,10.79476,0.8,,15.7,16.1,0.195,15.4,0.16,1.5,icon_d2
2026-10-02,W0253,52.3203,10.8384,0.7,,15.6,16.1,0.195,15.4,0.16,1.48,icon_d2
2026-10-02,W0254,52.3203,10.868,0.6,,15.6,16.1,0.195,15.4,0.16,1.43,icon_d2
2026-10-02,W1372,52.32928,10.88345,0.6,,15.6,16.1,0.195,15.4,0.16,1.43,icon_d2
2026-10-02,W0255,52.3203,10.9271,0.4,,15.4,16.2,0.175,16.0,0.148,1.44,icon_d2
2026-10-02,W0256,52.3203,10.9566,0.7,,15.6,16.0,0.181,15.4,0.166,1.49,icon_d2
2026-10-02,W0257,52.3203,10.9861,0.7,,15.8,16.0,0.181,15.4,0.166,1.5,icon_d2
2026-10-02,W1373,52.32928,11.00171,1.0,,15.8,16.0,0.181,15.4,0.166,1.52,icon_d2
2026-10-02,W0258,52.3203,11.0452,1.8,,15.6,16.0,0.181,15.4,0.166,1.46,icon_d2
2026-10-02,W1374,52.32928,11.06084,1.8,,15.8,16.0,0.181,15.4,0.166,1.46,icon_d2
2026-10-02,W1375,52.32928,11.0904,2.2,,16.0,16.4,0.164,16.3,0.146,1.47,icon_d2
2026-10-02,W1376,52.32928,11.11997,2.3,,15.8,16.4,0.164,16.3,0.146,1.44,icon_d2
2026-10-02,W1377,52.32928,11.14953,2.3,,15.7,16.4,0.164,16.3,0.146,1.35,icon_d2
2026-10-02,W0260,52.3383,10.1295,3.8,,15.8,16.1,0.277,16.0,0.155,1.5,icon_d2
2026-10-02,W1378,52.3473,10.14435,4.0,,15.8,16.1,0.277,16.0,0.155,1.49,icon_d2
2026-10-02,W1379,52.3473,10.17391,3.7,,15.9,16.1,0.277,16.0,0.155,1.49,icon_d2
2026-10-02,W1380,52.3473,10.20347,3.7,,15.9,16.1,0.277,16.0,0.155,1.49,icon_d2
2026-10-02,W1381,52.3473,10.23304,3.2,,16.0,16.1,0.277,16.0,0.155,1.56,icon_d2
2026-10-02,W0281,52.3563,10.2772,3.1,,15.7,15.9,0.247,15.2,0.183,1.56,icon_d2
2026-10-02,W0282,52.3563,10.3068,2.8,,15.7,15.9,0.247,15.2,0.183,1.58,icon_d2
2026-10-02,W0261,52.3383,10.3363,2.5,,15.5,15.9,0.247,15.2,0.183,1.54,icon_d2
2026-10-02,W0262,52.3383,10.3658,2.0,,15.7,15.9,0.247,15.2,0.183,1.54,icon_d2
2026-10-02,W1382,52.3473,10.38086,1.6,,15.7,15.9,0.247,15.2,0.183,1.53,icon_d2
2026-10-02,W0285,52.3563,10.4249,1.8,,15.8,16.5,0.206,16.3,0.157,1.59,icon_d2
2026-10-02,W1383,52.3473,10.43999,1.8,,15.7,16.5,0.206,16.3,0.157,1.56,icon_d2
2026-10-02,W0263,52.3383,10.484,1.2,,15.8,16.5,0.206,16.3,0.157,1.56,icon_d2
2026-10-02,W0264,52.3383,10.5135,1.3,,15.9,16.5,0.206,16.3,0.157,1.55,icon_d2
2026-10-02,W1384,52.3473,10.52868,1.3,,15.8,16.5,0.206,16.3,0.157,1.55,icon_d2
2026-10-02,W0265,52.3383,10.5726,1.5,,15.6,16.5,0.206,16.3,0.157,1.49,icon_d2
2026-10-02,W0266,52.3383,10.6021,1.5,,15.4,16.2,0.213,15.9,0.167,1.48,icon_d2
2026-10-02,W0267,52.3383,10.6317,1.1,,15.5,16.2,0.213,15.9,0.167,1.41,icon_d2
2026-10-02,W0268,52.3383,10.6612,1.1,,15.5,16.2,0.213,15.9,0.167,1.41,icon_d2
2026-10-02,W0269,52.3383,10.6908,0.8,,15.8,16.2,0.213,15.9,0.167,1.47,icon_d2
2026-10-02,W0270,52.3383,10.7203,0.9,,15.5,16.2,0.213,15.9,0.167,1.45,icon_d2
2026-10-02,W0271,52.3383,10.7498,0.9,,15.7,16.2,0.213,15.9,0.167,1.53,icon_d2
2026-10-02,W1385,52.3473,10.76519,1.0,,15.8,16.1,0.195,15.4,0.16,1.57,icon_d2
2026-10-02,W0293,52.3563,10.8089,0.8,,15.9,16.1,0.195,15.4,0.16,1.53,icon_d2
2026-10-02,W0294,52.3563,10.8384,0.5,,15.7,16.1,0.195,15.4,0.16,1.52,icon_d2
2026-10-02,W0272,52.3383,10.868,0.6,,15.8,16.1,0.195,15.4,0.16,1.45,icon_d2
2026-10-02,W0273,52.3383,10.8975,0.5,,15.7,16.1,0.195,15.4,0.16,1.44,icon_d2
2026-10-02,W0274,52.3383,10.9271,0.5,,15.9,16.0,0.181,15.4,0.166,1.44,icon_d2
2026-10-02,W0275,52.3383,10.9566,0.6,,16.0,16.0,0.181,15.4,0.166,1.57,icon_d2
2026-10-02,W0276,52.3383,10.9861,0.7,,15.8,16.0,0.181,15.4,0.166,1.53,icon_d2
2026-10-02,W0297,52.3563,11.0157,1.2,,15.9,16.0,0.181,15.4,0.166,1.45,icon_d2
2026-10-02,W0298,52.3563,11.0452,1.2,,15.9,16.0,0.181,15.4,0.166,1.44,icon_d2
2026-10-02,W0299,52.3563,11.0747,1.8,,15.7,16.9,0.167,16.7,0.15,1.41,icon_d2
2026-10-02,W0277,52.3383,11.1043,2.0,,15.8,16.4,0.164,16.3,0.146,1.44,icon_d2
2026-10-02,W0278,52.3383,11.1338,2.2,,15.7,16.4,0.164,16.3,0.146,1.34,icon_d2
2026-10-02,W1386,52.3473,11.14953,2.2,,15.6,16.4,0.164,16.3,0.146,1.34,icon_d2
2026-10-02,W0302,52.3743,10.1,4.9,,15.6,16.1,0.277,16.0,0.155,1.46,icon_d2
2026-10-02,W1387,52.36532,10.14435,3.7,,15.7,16.1,0.277,16.0,0.155,1.5,icon_d2
2026-10-02,W0303,52.3743,10.1886,4.3,,15.5,15.8,0.318,15.5,0.183,1.51,icon_d2
2026-10-02,W1388,52.36532,10.20347,3.8,,15.6,15.8,0.318,15.5,0.183,1.52,icon_d2
2026-10-02,W1389,52.36532,10.23304,3.0,,15.7,15.8,0.318,15.5,0.183,1.56,icon_d2
2026-10-02,W1390,52.36532,10.2626,3.1,,15.6,15.9,0.247,15.2,0.183,1.56,icon_d2
2026-10-02,W0304,52.3743,10.3068,2.8,,15.7,15.9,0.247,15.2,0.183,1.6,icon_d2
2026-10-02,W0305,52.3743,10.3363,2.4,,15.6,15.9,0.247,15.2,0.183,1.57,icon_d2
2026-10-02,W0306,52.3743,10.3658,2.4,,15.7,15.7,0.282,15.1,0.2,1.57,icon_d2
2026-10-02,W0307,52.3743,10.3954,2.2,,15.8,15.7,0.282,15.1,0.2,1.6,icon_d2
2026-10-02,W0308,52.3743,10.4249,1.5,,15.8,15.7,0.282,15.1,0.2,1.59,icon_d2
2026-10-02,W1391,52.36532,10.43999,1.5,,15.8,16.5,0.206,16.3,0.157,1.59,icon_d2
2026-10-02,W1392,52.36532,10.46955,1.3,,15.9,16.5,0.206,16.3,0.157,1.58,icon_d2
2026-10-02,W0309,52.3743,10.5135,1.3,,15.9,16.2,0.236,15.7,0.173,1.58,icon_d2
2026-10-02,W1393,52.36532,10.52868,1.1,,15.8,16.5,0.206,16.3,0.157,1.55,icon_d2
2026-10-02,W0310,52.3743,10.5726,1.4,,15.8,16.2,0.236,15.7,0.173,1.56,icon_d2
2026-10-02,W1394,52.36532,10.58781,1.5,,15.8,16.2,0.236,15.7,0.173,1.54,icon_d2
2026-10-02,W1395,52.36532,10.61737,1.1,,15.6,16.2,0.213,15.9,0.167,1.47,icon_d2
2026-10-02,W0311,52.3743,10.6612,1.1,,15.8,16.2,0.213,15.9,0.167,1.54,icon_d2
2026-10-02,W0312,52.3743,10.6908,1.3,,15.7,16.5,0.205,16.4,0.151,1.45,icon_d2
2026-10-02,W0313,52.3743,10.7203,1.3,,15.5,16.5,0.205,16.4,0.151,1.44,icon_d2
2026-10-02,W0314,52.3743,10.7498,1.1,,15.7,16.5,0.205,16.4,0.151,1.53,icon_d2
2026-10-02,W0315,52.3743,10.7794,0.8,,15.6,16.1,0.195,15.4,0.16,1.5,icon_d2
2026-10-02,W0316,52.3743,10.8089,0.8,,15.5,16.1,0.195,15.4,0.16,1.5,icon_d2
2026-10-02,W0317,52.3743,10.8384,0.5,,15.9,16.8,0.177,17.0,0.15,1.55,icon_d2
2026-10-02,W0318,52.3743,10.868,0.5,,15.8,16.8,0.177,17.0,0.15,1.54,icon_d2
2026-10-02,W0319,52.3743,10.8975,0.5,,16.2,16.8,0.177,17.0,0.15,1.58,icon_d2
2026-10-02,W1396,52.36532,10.91302,0.5,,16.0,16.8,0.177,17.0,0.15,1.51,icon_d2
2026-10-02,W1397,52.36532,10.94258,0.6,,16.2,16.0,0.181,15.4,0.166,1.51,icon_d2
2026-10-02,W0320,52.3743,10.9861,0.8,,16.2,16.0,0.181,15.4,0.166,1.53,icon_d2
2026-10-02,W0321,52.3743,11.0157,1.2,,15.8,16.9,0.167,16.7,0.15,1.43,icon_d2
2026-10-02,W0322,52.3743,11.0452,1.2,,16.0,16.9,0.167,16.7,0.15,1.45,icon_d2
2026-10-02,W0323,52.3743,11.0747,1.7,,16.0,16.9,0.167,16.7,0.15,1.42,icon_d2
2026-10-02,W1607,52.36532,11.0904,2.2,,16.0,16.4,0.164,16.3,0.146,1.36,icon_d2
2026-10-02,W1398,52.36532,11.11997,2.2,,15.9,16.4,0.164,16.3,0.146,1.32,icon_d2
2026-10-02,W1399,52.36532,11.14953,2.2,,15.9,16.4,0.164,16.3,0.146,1.31,icon_d2
2026-10-02,W1400,52.38333,10.11478,4.7,,15.5,16.1,0.277,16.0,0.155,1.47,icon_d2
2026-10-02,W1401,52.38333,10.14435,4.7,,15.5,15.8,0.318,15.5,0.183,1.47,icon_d2
2026-10-02,W1402,52.38333,10.17391,4.3,,15.6,15.8,0.318,15.5,0.183,1.51,icon_d2
2026-10-02,W0324,52.3923,10.2182,3.2,,15.6,15.8,0.318,15.5,0.183,1.52,icon_d2
2026-10-02,W0325,52.3923,10.2477,3.7,,15.7,15.8,0.318,15.5,0.183,1.56,icon_d2
2026-10-02,W1403,52.38333,10.2626,3.4,,15.6,15.8,0.318,15.5,0.183,1.57,icon_d2
2026-10-02,W1404,52.38333,10.29217,2.8,,15.8,15.9,0.247,15.2,0.183,1.6,icon_d2
2026-10-02,W0326,52.3923,10.3363,2.6,,15.7,15.7,0.282,15.1,0.2,1.55,icon_d2
2026-10-02,W0327,52.3923,10.3658,2.6,,15.6,15.7,0.282,15.1,0.2,1.55,icon_d2
2026-10-02,W0328,52.3923,10.3954,1.9,,15.8,15.7,0.282,15.1,0.2,1.58,icon_d2
2026-10-02,W1405,52.38333,10.41042,1.5,,15.9,15.7,0.282,15.1,0.2,1.59,icon_d2
2026-10-02,W0329,52.3923,10.4545,1.4,,15.8,16.2,0.236,15.7,0.173,1.59,icon_d2
2026-10-02,W0330,52.3923,10.484,1.4,,15.8,16.2,0.236,15.7,0.173,1.59,icon_d2
2026-10-02,W0331,52.3923,10.5135,1.1,,15.7,16.2,0.236,15.7,0.173,1.56,icon_d2
2026-10-02,W1406,52.38333,10.52868,1.3,,15.9,16.2,0.236,15.7,0.173,1.58,icon_d2
2026-10-02,W1407,52.38333,10.55825,1.4,,15.9,16.2,0.236,15.7,0.173,1.6,icon_d2
2026-10-02,W0332,52.3923,10.6021,1.3,,15.9,16.2,0.236,15.7,0.173,1.58,icon_d2
2026-10-02,W1408,52.38333,10.61737,1.3,,15.8,16.2,0.213,15.9,0.167,1.56,icon_d2
2026-10-02,W0333,52.3923,10.6612,1.1,,15.9,16.5,0.205,16.4,0.151,1.58,icon_d2
2026-10-02,W0334,52.3923,10.6908,1.1,,16.0,16.5,0.205,16.4,0.151,1.55,icon_d2
2026-10-02,W0335,52.3923,10.7203,1.0,,15.9,16.5,0.205,16.4,0.151,1.51,icon_d2
2026-10-02,W0336,52.3923,10.7498,1.0,,15.9,16.5,0.205,16.4,0.151,1.51,icon_d2
2026-10-02,W0337,52.3923,10.7794,1.1,,15.5,16.8,0.177,17.0,0.15,1.47,icon_d2
2026-10-02,W0338,52.3923,10.8089,1.1,,15.7,16.8,0.177,17.0,0.15,1.48,icon_d2
2026-10-02,W1409,52.38333,10.82432,0.8,,15.7,16.8,0.177,17.0,0.15,1.5,icon_d2
2026-10-02,W0339,52.3923,10.868,0.6,,15.9,16.8,0.177,17.0,0.15,1.45,icon_d2
2026-10-02,W0340,52.3923,10.8975,0.6,,15.8,16.8,0.177,17.0,0.15,1.43,icon_d2
2026-10-02,W1410,52.38333,10.91302,0.6,,16.2,16.8,0.177,17.0,0.15,1.51,icon_d2
2026-10-02,W1411,52.38333,10.94258,0.8,,16.2,16.0,0.181,15.4,0.166,1.52,icon_d2
2026-10-02,W1412,52.38333,10.97214,0.8,,16.2,16.0,0.181,15.4,0.166,1.53,icon_d2
2026-10-02,W0341,52.3923,11.0157,1.5,,16.1,16.9,0.167,16.7,0.15,1.43,icon_d2
2026-10-02,W0342,52.3923,11.0452,1.3,,16.0,16.9,0.167,16.7,0.15,1.41,icon_d2
2026-10-02,W0343,52.3923,11.0747,1.8,,15.8,16.9,0.167,16.7,0.15,1.37,icon_d2
2026-10-02,W1413,52.38333,11.0904,2.2,,15.9,16.9,0.167,16.7,0.15,1.35,icon_d2
2026-10-02,W1414,52.38333,11.11997,2.2,,15.9,16.4,0.164,16.3,0.146,1.35,icon_d2
2026-10-02,W1415,52.38333,11.14953,2.3,,16.0,16.9,0.207,16.9,0.135,1.28,icon_d2
2026-10-02,W1416,52.40135,10.11478,5.2,,15.6,15.8,0.318,15.5,0.183,1.47,icon_d2
2026-10-02,W1417,52.40135,10.14435,4.4,,15.5,15.8,0.318,15.5,0.183,1.47,icon_d2
2026-10-02,W1418,52.40135,10.17391,4.4,,15.6,15.8,0.318,15.5,0.183,1.47,icon_d2
2026-10-02,W1419,52.40135,10.20347,3.2,,15.6,15.8,0.318,15.5,0.183,1.52,icon_d2
2026-10-02,W1420,52.40135,10.23304,3.7,,15.5,15.8,0.318,15.5,0.183,1.55,icon_d2
2026-10-02,W1421,52.40135,10.2626,3.7,,15.7,15.8,0.318,15.5,0.183,1.56,icon_d2
2026-10-02,W1422,52.40135,10.29217,3.1,,15.7,15.7,0.282,15.1,0.2,1.56,icon_d2
2026-10-02,W1423,52.40135,10.32173,2.9,,15.7,15.7,0.282,15.1,0.2,1.57,icon_d2
2026-10-02,W1424,52.40135,10.3513,2.6,,15.6,15.7,0.282,15.1,0.2,1.55,icon_d2
2026-10-02,W1425,52.40135,10.38086,2.4,,15.7,15.7,0.282,15.1,0.2,1.56,icon_d2
2026-10-02,W1426,52.40135,10.41042,1.6,,15.8,15.7,0.282,15.1,0.2,1.6,icon_d2
2026-10-02,W1427,52.40135,10.43999,1.6,,15.9,16.2,0.236,15.7,0.173,1.6,icon_d2
2026-10-02,W1428,52.40135,10.46955,1.4,,15.8,16.2,0.236,15.7,0.173,1.59,icon_d2
2026-10-02,W1429,52.40135,10.49912,1.3,,15.8,16.2,0.236,15.7,0.173,1.56,icon_d2
2026-10-02,W1430,52.40135,10.52868,1.1,,15.8,16.2,0.236,15.7,0.173,1.56,icon_d2
2026-10-02,W1431,52.40135,10.55825,1.3,,15.9,16.2,0.236,15.7,0.173,1.61,icon_d2
2026-10-02,W1432,52.40135,10.58781,1.3,,15.9,16.2,0.236,15.7,0.173,1.61,icon_d2
2026-10-02,W1433,52.40135,10.61737,1.3,,15.8,16.5,0.205,16.4,0.151,1.57,icon_d2
2026-10-02,W1434,52.40135,10.64694,1.1,,15.9,16.5,0.205,16.4,0.151,1.6,icon_d2
2026-10-02,W1435,52.40135,10.6765,1.1,,15.9,16.5,0.205,16.4,0.151,1.55,icon_d2
2026-10-02,W1436,52.40135,10.70607,1.1,,15.8,16.5,0.205,16.4,0.151,1.54,icon_d2
2026-10-02,W1437,52.40135,10.73563,1.0,,15.8,16.5,0.205,16.4,0.151,1.51,icon_d2
2026-10-02,W1438,52.40135,10.76519,0.9,,15.6,16.5,0.205,16.4,0.151,1.5,icon_d2
2026-10-02,W1439,52.40135,10.79476,1.1,,15.5,16.8,0.177,17.0,0.15,1.47,icon_d2
2026-10-02,W1440,52.40135,10.82432,0.9,,16.0,16.8,0.177,17.0,0.15,1.53,icon_d2
2026-10-02,W1441,52.40135,10.85389,0.6,,15.9,16.8,0.177,17.0,0.15,1.44,icon_d2
2026-10-02,W1442,52.40135,10.88345,0.6,,15.7,16.8,0.177,17.0,0.15,1.44,icon_d2
2026-10-02,W1443,52.40135,10.91302,0.7,,16.2,16.8,0.177,17.0,0.15,1.54,icon_d2
2026-10-02,W1444,52.40135,10.94258,0.7,,16.3,16.9,0.167,16.7,0.15,1.54,icon_d2
2026-10-02,W1445,52.40135,10.97214,0.8,,16.2,16.9,0.167,16.7,0.15,1.55,icon_d2
2026-10-02,W1446,52.40135,11.00171,1.2,,16.1,16.9,0.167,16.7,0.15,1.47,icon_d2
2026-10-02,W1447,52.40135,11.03127,1.3,,16.0,16.9,0.167,16.7,0.15,1.4,icon_d2
2026-10-02,W1448,52.40135,11.06084,1.3,,16.0,16.9,0.167,16.7,0.15,1.4,icon_d2
2026-10-02,W1449,52.40135,11.0904,1.8,,15.9,16.9,0.167,16.7,0.15,1.37,icon_d2
2026-10-02,W1450,52.40135,11.11997,2.2,,16.0,16.9,0.207,16.9,0.135,1.32,icon_d2
2026-10-02,W1451,52.40135,11.14953,2.2,,16.0,16.9,0.207,16.9,0.135,1.32,icon_d2
2026-10-02,W0345,52.4104,10.1295,5.6,,15.6,15.8,0.318,15.5,0.183,1.48,icon_d2
2026-10-02,W1452,52.41937,10.14435,4.5,,15.6,15.8,0.318,15.5,0.183,1.47,icon_d2
2026-10-02,W0346,52.4104,10.1886,3.4,,15.6,15.8,0.318,15.5,0.183,1.45,icon_d2
2026-10-02,W0347,52.4104,10.2182,3.4,,15.6,15.8,0.318,15.5,0.183,1.51,icon_d2
2026-10-02,W0348,52.4104,10.2477,3.4,,15.5,15.8,0.318,15.5,0.183,1.51,icon_d2
2026-10-02,W0349,52.4104,10.2772,3.6,,15.6,15.7,0.282,15.1,0.2,1.52,icon_d2
2026-10-02,W1453,52.41937,10.29217,3.6,,15.5,15.7,0.282,15.1,0.2,1.52,icon_d2
2026-10-02,W0350,52.4104,10.3363,2.8,,15.7,15.7,0.282,15.1,0.2,1.54,icon_d2
2026-10-02,W0351,52.4104,10.3658,2.5,,15.6,15.7,0.282,15.1,0.2,1.53,icon_d2
2026-10-02,W1454,52.41937,10.38086,2.3,,15.7,15.7,0.282,15.1,0.2,1.55,icon_d2
2026-10-02,W0352,52.4104,10.4249,1.9,,15.8,15.7,0.282,15.1,0.2,1.59,icon_d2
2026-10-02,W0353,52.4104,10.4545,1.6,,15.7,16.2,0.236,15.7,0.173,1.59,icon_d2
2026-10-02,W0354,52.4104,10.484,1.4,,15.9,16.2,0.236,15.7,0.173,1.59,icon_d2
2026-10-02,W0355,52.4104,10.5135,1.4,,15.8,16.2,0.236,15.7,0.173,1.58,icon_d2
2026-10-02,W0356,52.4104,10.5431,1.3,,15.9,16.2,0.236,15.7,0.173,1.6,icon_d2
2026-10-02,W1455,52.41937,10.55825,1.3,,15.8,16.2,0.236,15.7,0.173,1.6,icon_d2
2026-10-02,W1456,52.41937,10.58781,1.8,,15.9,16.2,0.236,15.7,0.173,1.61,icon_d2
2026-10-02,W1457,52.41937,10.61737,1.3,,15.9,16.5,0.205,16.4,0.151,1.56,icon_d2
2026-10-02,W1458,52.41937,10.64694,1.2,,15.9,16.5,0.205,16.4,0.151,1.59,icon_d2
2026-10-02,W1459,52.41937,10.6765,1.1,,16.0,16.5,0.205,16.4,0.151,1.58,icon_d2
2026-10-02,W1460,52.41937,10.70607,1.1,,16.0,16.5,0.205,16.4,0.151,1.58,icon_d2
2026-10-02,W0357,52.4104,10.7498,0.9,,16.1,16.5,0.205,16.4,0.151,1.52,icon_d2
2026-10-02,W0358,52.4104,10.7794,1.2,,15.9,16.8,0.177,17.0,0.15,1.45,icon_d2
2026-10-02,W0359,52.4104,10.8089,1.2,,16.1,16.8,0.177,17.0,0.15,1.48,icon_d2
2026-10-02,W1461,52.41937,10.82432,1.2,,16.1,16.8,0.177,17.0,0.15,1.48,icon_d2
2026-10-02,W0360,52.4104,10.868,0.5,,16.0,16.8,0.177,17.0,0.15,1.48,icon_d2
2026-10-02,W0361,52.4104,10.8975,0.7,,15.8,16.8,0.177,17.0,0.15,1.44,icon_d2
2026-10-02,W0362,52.4104,10.9271,0.7,,15.8,16.8,0.177,17.0,0.15,1.44,icon_d2
2026-10-02,W0363,52.4104,10.9566,0.7,,16.0,16.9,0.167,16.7,0.15,1.48,icon_d2
2026-10-02,W1462,52.41937,10.97214,0.9,,16.2,16.9,0.167,16.7,0.15,1.49,icon_d2
2026-10-02,W1463,52.41937,11.00171,1.1,,16.0,16.9,0.167,16.7,0.15,1.46,icon_d2
2026-10-02,W0364,52.4104,11.0452,1.5,,15.9,16.9,0.167,16.7,0.15,1.39,icon_d2
2026-10-02,W1464,52.41937,11.06084,1.5,,16.0,16.9,0.167,16.7,0.15,1.39,icon_d2
2026-10-02,W1465,52.41937,11.0904,2.2,,16.0,16.9,0.167,16.7,0.15,1.37,icon_d2
2026-10-02,W1466,52.41937,11.11997,2.6,,15.9,16.9,0.207,16.9,0.135,1.32,icon_d2
2026-10-02,W1467,52.41937,11.14953,2.6,,15.9,16.9,0.207,16.9,0.135,1.32,icon_d2
2026-10-02,W0366,52.4284,10.1295,5.6,,15.5,15.8,0.318,15.5,0.183,1.48,icon_d2
2026-10-02,W0367,52.4284,10.1591,4.2,,15.6,15.8,0.318,15.5,0.183,1.47,icon_d2
2026-10-02,W0368,52.4284,10.1886,3.4,,15.6,15.8,0.318,15.5,0.183,1.45,icon_d2
2026-10-02,W0369,52.4284,10.2182,3.4,,15.6,15.8,0.318,15.5,0.183,1.51,icon_d2
2026-10-02,W0370,52.4284,10.2477,3.4,,15.6,15.8,0.318,15.5,0.183,1.51,icon_d2
2026-10-02,W0371,52.4284,10.2772,3.6,,15.7,15.7,0.282,15.1,0.2,1.53,icon_d2
2026-10-02,W0372,52.4284,10.3068,3.6,,15.6,15.7,0.282,15.1,0.2,1.52,icon_d2
2026-10-02,W0373,52.4284,10.3363,2.8,,15.7,15.7,0.282,15.1,0.2,1.54,icon_d2
2026-10-02,W0374,52.4284,10.3658,2.5,,15.7,15.7,0.282,15.1,0.2,1.54,icon_d2
2026-10-02,W1468,52.43739,10.38086,2.7,,15.8,15.7,0.282,15.1,0.2,1.56,icon_d2
2026-10-02,W1469,52.43739,10.41042,2.2,,15.8,16.0,0.305,15.9,0.174,1.55,icon_d2
2026-10-02,W0375,52.4284,10.4545,1.6,,15.8,16.2,0.236,15.7,0.173,1.6,icon_d2
2026-10-02,W0376,52.4284,10.484,1.4,,15.9,16.2,0.236,15.7,0.173,1.59,icon_d2
2026-10-02,W0377,52.4284,10.5135,1.4,,15.8,16.2,0.236,15.7,0.173,1.58,icon_d2
2026-10-02,W0378,52.4284,10.5431,1.3,,15.9,16.2,0.236,15.7,0.173,1.6,icon_d2
2026-10-02,W0379,52.4284,10.5726,1.8,,16.0,16.2,0.236,15.7,0.173,1.61,icon_d2
2026-10-02,W1470,52.43739,10.58781,2.0,,16.0,16.4,0.253,16.4,0.163,1.59,icon_d2
2026-10-02,W0380,52.4284,10.6317,1.2,,16.0,16.5,0.205,16.4,0.151,1.59,icon_d2
2026-10-02,W0381,52.4284,10.6612,1.2,,16.0,16.5,0.205,16.4,0.151,1.59,icon_d2
2026-10-02,W1471,52.43739,10.6765,1.1,,15.8,16.5,0.205,16.4,0.151,1.54,icon_d2
2026-10-02,W1472,52.43739,10.70607,1.4,,15.8,16.5,0.205,16.4,0.151,1.53,icon_d2
2026-10-02,W0382,52.4284,10.7498,0.9,,16.3,16.3,0.208,16.1,0.164,1.53,icon_d2
2026-10-02,W1473,52.43739,10.76519,1.0,,16.3,16.3,0.208,16.1,0.164,1.51,icon_d2
2026-10-02,W1474,52.43739,10.79476,1.1,,16.1,16.8,0.177,17.0,0.15,1.52,icon_d2
2026-10-02,W1475,52.43739,10.82432,0.9,,16.2,16.8,0.177,17.0,0.15,1.51,icon_d2
2026-10-02,W0383,52.4284,10.868,0.5,,16.2,16.8,0.177,17.0,0.15,1.49,icon_d2
2026-10-02,W0384,52.4284,10.8975,0.7,,15.9,16.8,0.177,17.0,0.15,1.45,icon_d2
2026-10-02,W0385,52.4284,10.9271,0.7,,16.1,16.8,0.163,16.8,0.15,1.45,icon_d2
2026-10-02,W0386,52.4284,10.9566,0.7,,16.2,16.9,0.167,16.7,0.15,1.48,icon_d2
2026-10-02,W1476,52.43739,10.97214,1.1,,16.2,16.9,0.167,16.7,0.15,1.48,icon_d2
2026-10-02,W0387,52.4284,11.0157,1.3,,16.0,16.9,0.167,16.7,0.15,1.41,icon_d2
2026-10-02,W0388,52.4284,11.0452,1.5,,16.0,16.9,0.167,16.7,0.15,1.39,icon_d2
2026-10-02,W1477,52.43739,11.06084,1.5,,16.1,16.5,0.215,16.1,0.209,1.4,icon_d2
2026-10-02,W1478,52.43739,11.0904,2.4,,15.9,16.5,0.215,16.1,0.209,1.28,icon_d2
2026-10-02,W0389,52.4284,11.1338,2.6,,15.9,16.9,0.207,16.9,0.135,1.32,icon_d2
2026-10-02,W1479,52.43739,11.14953,2.2,,15.9,16.9,0.207,16.9,0.135,1.24,icon_d2
2026-10-02,W0416,52.4644,10.1295,6.5,,15.6,16.0,0.236,16.0,0.097,1.49,icon_d2
2026-10-02,W0417,52.4644,10.1591,6.0,,15.5,16.0,0.236,16.0,0.097,1.48,icon_d2
2026-10-02,W0418,52.4644,10.1886,4.3,,15.6,16.0,0.236,16.0,0.097,1.47,icon_d2
2026-10-02,W0419,52.4644,10.2182,2.7,,15.7,16.0,0.236,16.0,0.097,1.48,icon_d2
2026-10-02,W0420,52.4644,10.2477,2.6,,15.7,16.0,0.236,16.0,0.097,1.48,icon_d2
2026-10-02,W0421,52.4644,10.2772,3.3,,15.7,16.0,0.236,16.0,0.097,1.51,icon_d2
2026-10-02,W0422,52.4644,10.3068,3.5,,15.6,16.0,0.305,15.9,0.174,1.51,icon_d2
2026-10-02,W0423,52.4644,10.3363,3.0,,15.7,16.0,0.305,15.9,0.174,1.53,icon_d2
2026-10-02,W0424,52.4644,10.3658,3.0,,15.7,16.0,0.305,15.9,0.174,1.53,icon_d2
2026-10-02,W0425,52.4644,10.3954,2.7,,15.6,16.0,0.305,15.9,0.174,1.52,icon_d2
2026-10-02,W0426,52.4644,10.4249,2.1,,15.6,16.0,0.305,15.9,0.174,1.5,icon_d2
2026-10-02,W0427,52.4644,10.4545,2.3,,15.6,16.0,0.305,15.9,0.174,1.48,icon_d2
2026-10-02,W0428,52.4644,10.484,2.0,,15.6,16.4,0.253,16.4,0.163,1.5,icon_d2
2026-10-02,W0429,52.4644,10.5135,2.1,,15.7,16.4,0.253,16.4,0.163,1.49,icon_d2
2026-10-02,W0430,52.4644,10.5431,1.8,,16.1,16.4,0.253,16.4,0.163,1.53,icon_d2
2026-10-02,W0431,52.4644,10.5726,1.5,,16.0,16.4,0.253,16.4,0.163,1.55,icon_d2
2026-10-02,W0432,52.4644,10.6021,1.8,,15.9,16.4,0.253,16.4,0.163,1.53,icon_d2
2026-10-02,W0433,52.4644,10.6317,1.3,,15.7,16.3,0.208,16.1,0.164,1.51,icon_d2
2026-10-02,W0434,52.4644,10.6612,1.3,,15.7,16.3,0.208,16.1,0.164,1.51,icon_d2
2026-10-02,W0435,52.4644,10.6908,1.4,,15.7,16.3,0.208,16.1,0.164,1.53,icon_d2
2026-10-02,W0408,52.4464,10.7203,1.3,,15.8,16.3,0.208,16.1,0.164,1.51,icon_d2
2026-10-02,W1481,52.45541,10.73563,1.1,,15.8,16.3,0.208,16.1,0.164,1.49,icon_d2
2026-10-02,W0436,52.4644,10.7794,1.1,,15.7,16.3,0.208,16.1,0.164,1.51,icon_d2
2026-10-02,W0437,52.4644,10.8089,1.2,,15.6,16.8,0.163,16.8,0.15,1.47,icon_d2
2026-10-02,W0438,52.4644,10.8384,1.0,,16.0,16.8,0.163,16.8,0.15,1.55,icon_d2
2026-10-02,W0439,52.4644,10.868,1.0,,16.1,16.8,0.163,16.8,0.15,1.55,icon_d2
2026-10-02,W0440,52.4644,10.8975,0.6,,16.0,16.8,0.163,16.8,0.15,1.49,icon_d2
2026-10-02,W0441,52.4644,10.9271,0.8,,16.0,16.8,0.163,16.8,0.15,1.48,icon_d2
2026-10-02,W0442,52.4644,10.9566,1.1,,16.1,16.8,0.163,16.8,0.15,1.48,icon_d2
2026-10-02,W1482,52.45541,10.97214,1.1,,16.1,16.9,0.167,16.7,0.15,1.48,icon_d2
2026-10-02,W1609,52.45541,11.00171,1.2,,16.1,16.5,0.215,16.1,0.209,1.46,icon_d2
2026-10-02,W0443,52.4644,11.0452,2.0,,16.0,16.5,0.215,16.1,0.209,1.39,icon_d2
2026-10-02,W1483,52.45541,11.06084,1.7,,16.2,16.5,0.215,16.1,0.209,1.37,icon_d2
2026-10-02,W0444,52.4644,11.1043,2.1,,15.9,16.5,0.215,16.1,0.209,1.25,icon_d2
2026-10-02,W0445,52.4644,11.1338,2.4,,16.0,16.9,0.179,16.9,0.176,1.24,icon_d2
2026-10-02,W1484,52.45541,11.14953,2.4,,16.0,16.9,0.207,16.9,0.135,1.24,icon_d2
2026-10-02,W0446,52.4824,10.1295,5.5,,15.6,16.0,0.236,16.0,0.097,1.52,icon_d2
2026-10-02,W0447,52.4824,10.1591,6.6,,15.6,16.0,0.236,16.0,0.097,1.49,icon_d2
2026-10-02,W0448,52.4824,10.1886,4.7,,15.4,16.0,0.236,16.0,0.097,1.5,icon_d2
2026-10-02,W1485,52.47342,10.20347,3.5,,15.6,16.0,0.236,16.0,0.097,1.51,icon_d2
2026-10-02,W0449,52.4824,10.2477,3.1,,15.6,16.0,0.236,16.0,0.097,1.49,icon_d2
2026-10-02,W0450,52.4824,10.2772,3.1,,15.7,16.0,0.236,16.0,0.097,1.5,icon_d2
2026-10-02,W0451,52.4824,10.3068,3.2,,15.6,16.0,0.305,15.9,0.174,1.5,icon_d2
2026-10-02,W1486,52.47342,10.32173,3.5,,15.7,16.0,0.305,15.9,0.174,1.5,icon_d2
2026-10-02,W1487,52.47342,10.3513,3.0,,15.7,16.0,0.305,15.9,0.174,1.51,icon_d2
2026-10-02,W0452,52.4824,10.3954,2.7,,15.6,16.0,0.305,15.9,0.174,1.52,icon_d2
2026-10-02,W0453,52.4824,10.4249,2.5,,15.5,16.0,0.305,15.9,0.174,1.48,icon_d2
2026-10-02,W0454,52.4824,10.4545,2.4,,15.7,16.0,0.305,15.9,0.174,1.47,icon_d2
2026-10-02,W0455,52.4824,10.484,2.4,,15.7,16.4,0.253,16.4,0.163,1.47,icon_d2
2026-10-02,W0456,52.4824,10.5135,2.0,,15.8,16.4,0.253,16.4,0.163,1.47,icon_d2
2026-10-02,W1488,52.47342,10.52868,2.0,,15.8,16.4,0.253,16.4,0.163,1.46,icon_d2
2026-10-02,W0457,52.4824,10.5726,1.9,,16.1,16.4,0.253,16.4,0.163,1.5,icon_d2
2026-10-02,W0458,52.4824,10.6021,2.1,,15.9,16.4,0.253,16.4,0.163,1.47,icon_d2
2026-10-02,W0459,52.4824,10.6317,1.8,,15.8,16.3,0.208,16.1,0.164,1.49,icon_d2
2026-10-02,W0460,52.4824,10.6612,1.3,,15.8,16.3,0.208,16.1,0.164,1.5,icon_d2
2026-10-02,W0461,52.4824,10.6908,1.3,,15.9,16.3,0.208,16.1,0.164,1.55,icon_d2
2026-10-02,W0462,52.4824,10.7203,1.2,,15.9,16.3,0.208,16.1,0.164,1.53,icon_d2
2026-10-02,W1489,52.47342,10.73563,1.2,,15.9,16.3,0.208,16.1,0.164,1.53,icon_d2
2026-10-02,W0463,52.4824,10.7794,1.2,,15.8,16.3,0.208,16.1,0.164,1.5,icon_d2
2026-10-02,W0464,52.4824,10.8089,1.2,,15.7,16.8,0.163,16.8,0.15,1.5,icon_d2
2026-10-02,W1490,52.47342,10.82432,1.2,,15.9,16.8,0.163,16.8,0.15,1.54,icon_d2
2026-10-02,W1491,52.47342,10.85389,1.0,,16.0,16.8,0.163,16.8,0.15,1.54,icon_d2
2026-10-02,W1492,52.47342,10.88345,0.8,,16.0,16.8,0.163,16.8,0.15,1.54,icon_d2
2026-10-02,W1493,52.47342,10.91302,0.7,,16.0,16.8,0.163,16.8,0.15,1.49,icon_d2
2026-10-02,W0465,52.4824,10.9566,1.0,,16.0,16.8,0.163,16.8,0.15,1.45,icon_d2
2026-10-02,W0466,52.4824,10.9861,1.2,,16.1,16.5,0.215,16.1,0.209,1.47,icon_d2
2026-10-02,W0467,52.4824,11.0157,1.3,,16.1,16.5,0.215,16.1,0.209,1.44,icon_d2
2026-10-02,W0468,52.4824,11.0452,2.0,,16.1,16.5,0.215,16.1,0.209,1.39,icon_d2
2026-10-02,W1494,52.47342,11.06084,2.0,,16.1,16.5,0.215,16.1,0.209,1.39,icon_d2
2026-10-02,W1495,52.47342,11.0904,1.9,,16.1,16.5,0.215,16.1,0.209,1.3,icon_d2
2026-10-02,W1496,52.47342,11.11997,2.3,,16.0,16.5,0.215,16.1,0.209,1.18,icon_d2
2026-10-02,W1497,52.47342,11.14953,2.5,,16.0,16.9,0.179,16.9,0.176,1.24,icon_d2
2026-10-02,W1498,52.49144,10.11478,5.5,,15.7,15.9,0.253,15.8,0.124,1.52,icon_d2
2026-10-02,W1499,52.49144,10.14435,6.8,,15.7,16.0,0.236,16.0,0.097,1.5,icon_d2
2026-10-02,W1500,52.49144,10.17391,4.7,,15.5,16.0,0.236,16.0,0.097,1.5,icon_d2
2026-10-02,W1501,52.49144,10.20347,5.3,,15.6,16.0,0.236,16.0,0.097,1.53,icon_d2
2026-10-02,W1502,52.49144,10.23304,3.1,,15.7,16.0,0.236,16.0,0.097,1.56,icon_d2
2026-10-02,W1503,52.49144,10.2626,2.8,,15.5,16.0,0.236,16.0,0.097,1.54,icon_d2
2026-10-02,W1504,52.49144,10.29217,3.7,,15.7,16.0,0.305,15.9,0.174,1.48,icon_d2
2026-10-02,W1505,52.49144,10.32173,3.5,,15.7,16.0,0.305,15.9,0.174,1.48,icon_d2
2026-10-02,W1506,52.49144,10.3513,3.4,,15.7,16.0,0.305,15.9,0.174,1.49,icon_d2
2026-10-02,W1507,52.49144,10.38086,3.3,,15.6,16.0,0.305,15.9,0.174,1.48,icon_d2
2026-10-02,W1508,52.49144,10.41042,3.1,,15.7,16.0,0.305,15.9,0.174,1.44,icon_d2
2026-10-02,W1509,52.49144,10.43999,3.3,,15.6,16.0,0.305,15.9,0.174,1.46,icon_d2
2026-10-02,W1510,52.49144,10.46955,3.3,,15.6,16.4,0.253,16.4,0.163,1.46,icon_d2
2026-10-02,W1511,52.49144,10.49912,2.3,,15.7,16.4,0.253,16.4,0.163,1.5,icon_d2
2026-10-02,W1512,52.49144,10.52868,2.2,,15.7,16.4,0.253,16.4,0.163,1.5,icon_d2
2026-10-02,W1513,52.49144,10.55825,2.1,,15.8,16.4,0.253,16.4,0.163,1.46,icon_d2
2026-10-02,W1514,52.49144,10.58781,2.3,,15.7,16.4,0.253,16.4,0.163,1.46,icon_d2
2026-10-02,W1515,52.49144,10.61737,2.4,,15.9,16.4,0.253,16.4,0.163,1.47,icon_d2
2026-10-02,W1516,52.49144,10.64694,1.7,,15.9,16.3,0.208,16.1,0.164,1.51,icon_d2
2026-10-02,W1517,52.49144,10.6765,1.5,,15.9,16.3,0.208,16.1,0.164,1.54,icon_d2
2026-10-02,W1518,52.49144,10.70607,1.5,,15.9,16.3,0.208,16.1,0.164,1.54,icon_d2
2026-10-02,W1519,52.49144,10.73563,1.1,,15.7,16.3,0.208,16.1,0.164,1.49,icon_d2
2026-10-02,W1520,52.49144,10.76519,1.3,,15.9,16.3,0.208,16.1,0.164,1.51,icon_d2
2026-10-02,W1521,52.49144,10.79476,1.3,,15.8,16.8,0.163,16.8,0.15,1.51,icon_d2
2026-10-02,W1522,52.49144,10.82432,1.3,,15.8,16.8,0.163,16.8,0.15,1.51,icon_d2
2026-10-02,W1523,52.49144,10.85389,1.0,,15.7,16.8,0.163,16.8,0.15,1.4,icon_d2
2026-10-02,W1524,52.49144,10.88345,1.0,,15.7,16.8,0.163,16.8,0.15,1.4,icon_d2
2026-10-02,W1525,52.49144,10.91302,1.1,,15.9,16.8,0.163,16.8,0.15,1.38,icon_d2
2026-10-02,W1526,52.49144,10.94258,1.0,,15.9,16.8,0.163,16.8,0.15,1.41,icon_d2
2026-10-02,W1527,52.49144,10.97214,1.7,,15.9,16.5,0.215,16.1,0.209,1.37,icon_d2
2026-10-02,W1528,52.49144,11.00171,1.5,,16.0,16.5,0.215,16.1,0.209,1.39,icon_d2
2026-10-02,W1529,52.49144,11.03127,1.7,,16.0,16.5,0.215,16.1,0.209,1.34,icon_d2
2026-10-02,W1530,52.49144,11.06084,1.8,,16.1,16.5,0.215,16.1,0.209,1.33,icon_d2
2026-10-02,W1531,52.49144,11.0904,1.9,,16.1,16.5,0.215,16.1,0.209,1.3,icon_d2
2026-10-02,W1532,52.49144,11.11997,2.3,,16.0,16.5,0.215,16.1,0.209,1.19,icon_d2
2026-10-02,W1533,52.49144,11.14953,2.3,,16.0,16.9,0.179,16.9,0.176,1.18,icon_d2
2026-10-02,W0470,52.5005,10.1295,5.5,,15.7,16.0,0.236,16.0,0.097,1.52,icon_d2
2026-10-02,W0471,52.5005,10.1591,6.8,,15.7,16.0,0.236,16.0,0.097,1.5,icon_d2
2026-10-02,W0472,52.5005,10.1886,4.7,,15.6,16.0,0.236,16.0,0.097,1.5,icon_d2
2026-10-02,W1534,52.50946,10.20347,5.3,,15.6,16.0,0.236,16.0,0.097,1.54,icon_d2
2026-10-02,W0473,52.5005,10.2477,3.1,,15.6,16.0,0.236,16.0,0.097,1.56,icon_d2
2026-10-02,W0474,52.5005,10.2772,3.0,,15.7,16.0,0.235,15.7,0.092,1.52,icon_d2
2026-10-02,W0475,52.5005,10.3068,3.7,,15.7,16.0,0.305,15.9,0.174,1.48,icon_d2
2026-10-02,W1535,52.50946,10.32173,3.5,,15.7,16.0,0.305,15.9,0.174,1.48,icon_d2
2026-10-02,W1536,52.50946,10.3513,3.4,,15.7,16.0,0.305,15.9,0.174,1.49,icon_d2
2026-10-02,W0476,52.5005,10.3954,3.1,,15.7,16.0,0.305,15.9,0.174,1.44,icon_d2
2026-10-02,W0477,52.5005,10.4249,3.1,,15.7,16.0,0.305,15.9,0.174,1.44,icon_d2
2026-10-02,W0478,52.5005,10.4545,3.3,,15.6,15.9,0.227,15.6,0.095,1.46,icon_d2
2026-10-02,W0479,52.5005,10.484,2.3,,15.7,16.4,0.253,16.4,0.163,1.5,icon_d2
2026-10-02,W0480,52.5005,10.5135,2.2,,15.7,16.4,0.253,16.4,0.163,1.5,icon_d2
2026-10-02,W0481,52.5005,10.5431,2.1,,15.8,16.4,0.253,16.4,0.163,1.46,icon_d2
2026-10-02,W0482,52.5005,10.5726,2.3,,15.7,16.4,0.253,16.4,0.163,1.45,icon_d2
2026-10-02,W0483,52.5005,10.6021,2.3,,15.8,16.1,0.224,16.0,0.086,1.46,icon_d2
2026-10-02,W1537,52.50946,10.61737,2.4,,15.8,16.1,0.224,16.0,0.086,1.47,icon_d2
2026-10-02,W0484,52.5005,10.6612,1.5,,15.6,16.3,0.208,16.1,0.164,1.51,icon_d2
2026-10-02,W0485,52.5005,10.6908,1.5,,15.7,16.3,0.208,16.1,0.164,1.53,icon_d2
2026-10-02,W0486,52.5005,10.7203,1.3,,15.8,16.3,0.208,16.1,0.164,1.52,icon_d2
2026-10-02,W0487,52.5005,10.7498,1.1,,15.7,16.3,0.208,16.1,0.164,1.5,icon_d2
2026-10-02,W1538,52.50946,10.76519,1.3,,15.8,16.3,0.125,16.2,0.07,1.51,icon_d2
2026-10-02,W0488,52.5005,10.8089,1.3,,15.8,16.8,0.163,16.8,0.15,1.52,icon_d2
2026-10-02,W0489,52.5005,10.8384,1.0,,15.6,16.8,0.163,16.8,0.15,1.4,icon_d2
2026-10-02,W0490,52.5005,10.868,1.0,,15.6,16.8,0.163,16.8,0.15,1.4,icon_d2
2026-10-02,W0491,52.5005,10.8975,1.1,,15.8,16.8,0.163,16.8,0.15,1.38,icon_d2
2026-10-02,W0492,52.5005,10.9271,1.1,,15.8,16.8,0.163,16.8,0.15,1.38,icon_d2
2026-10-02,W0493,52.5005,10.9566,1.0,,15.8,16.8,0.17,16.7,0.139,1.4,icon_d2
2026-10-02,W0494,52.5005,10.9861,1.7,,15.9,16.5,0.215,16.1,0.209,1.38,icon_d2
2026-10-02,W1539,52.50946,11.00171,1.5,,16.0,16.5,0.215,16.1,0.209,1.39,icon_d2
2026-10-02,W1540,52.50946,11.03127,1.7,,16.0,16.5,0.215,16.1,0.209,1.34,icon_d2
2026-10-02,W1541,52.50946,11.06084,1.8,,16.1,16.5,0.215,16.1,0.209,1.32,icon_d2
2026-10-02,W0495,52.5005,11.1043,1.9,,16.0,17.0,0.169,16.8,0.176,1.3,icon_d2
2026-10-02,W1542,52.50946,11.11997,2.3,,16.0,17.0,0.169,16.8,0.176,1.18,icon_d2
2026-10-02,W1543,52.50946,11.14953,2.3,,16.0,16.9,0.179,16.9,0.176,1.18,icon_d2
2026-10-02,W0497,52.5185,10.1295,5.5,,15.7,16.0,0.251,16.0,0.109,1.55,icon_d2
2026-10-02,W0498,52.5185,10.1591,6.3,,15.6,16.0,0.236,16.0,0.097,1.54,icon_d2
2026-10-02,W1544,52.52748,10.17391,6.3,,15.6,16.0,0.235,15.7,0.092,1.55,icon_d2
2026-10-02,W1545,52.52748,10.20347,3.8,,15.7,16.0,0.235,15.7,0.092,1.57,icon_d2
2026-10-02,W0499,52.5185,10.2477,3.8,,15.7,16.0,0.235,15.7,0.092,1.57,icon_d2
2026-10-02,W0500,52.5185,10.2772,3.4,,15.7,16.0,0.235,15.7,0.092,1.55,icon_d2
2026-10-02,W0501,52.5185,10.3068,4.0,,15.7,16.0,0.305,15.9,0.174,1.5,icon_d2
2026-10-02,W1546,52.52748,10.32173,4.0,,15.7,16.0,0.305,15.9,0.174,1.5,icon_d2
2026-10-02,W1547,52.52748,10.3513,3.8,,15.8,15.9,0.227,15.6,0.095,1.48,icon_d2
2026-10-02,W0502,52.5185,10.3954,3.1,,15.4,15.9,0.227,15.6,0.095,1.44,icon_d2
2026-10-02,W0503,52.5185,10.4249,3.1,,15.5,15.9,0.227,15.6,0.095,1.44,icon_d2
2026-10-02,W0504,52.5185,10.4545,3.0,,15.5,15.9,0.227,15.6,0.095,1.45,icon_d2
2026-10-02,W1548,52.52748,10.46955,3.0,,15.4,15.9,0.227,15.6,0.095,1.44,icon_d2
2026-10-02,W0505,52.5185,10.5135,2.2,,15.7,16.4,0.253,16.4,0.163,1.49,icon_d2
2026-10-02,W0506,52.5185,10.5431,2.2,,15.8,16.1,0.224,16.0,0.086,1.49,icon_d2
2026-10-02,W0507,52.5185,10.5726,2.3,,15.6,16.1,0.224,16.0,0.086,1.45,icon_d2
2026-10-02,W0508,52.5185,10.6021,2.3,,15.8,16.1,0.224,16.0,0.086,1.48,icon_d2
2026-10-02,W0509,52.5185,10.6317,2.3,,15.7,16.1,0.224,16.0,0.086,1.47,icon_d2
2026-10-02,W0510,52.5185,10.6612,1.7,,15.6,16.3,0.208,16.1,0.164,1.47,icon_d2
2026-10-02,W0511,52.5185,10.6908,1.7,,15.6,16.3,0.208,16.1,0.164,1.47,icon_d2
2026-10-02,W0512,52.5185,10.7203,1.6,,15.6,16.3,0.125,16.2,0.07,1.46,icon_d2
2026-10-02,W0513,52.5185,10.7498,1.3,,15.8,16.3,0.125,16.2,0.07,1.48,icon_d2
2026-10-02,W0514,52.5185,10.7794,1.3,,15.8,16.3,0.125,16.2,0.07,1.47,icon_d2
2026-10-02,W1549,52.52748,10.79476,1.3,,15.9,16.3,0.125,16.2,0.07,1.48,icon_d2
2026-10-02,W0515,52.5185,10.8384,1.3,,15.7,16.8,0.163,16.8,0.15,1.42,icon_d2
2026-10-02,W0516,52.5185,10.868,1.3,,15.7,16.8,0.17,16.7,0.139,1.42,icon_d2
2026-10-02,W0517,52.5185,10.8975,1.1,,15.7,16.8,0.17,16.7,0.139,1.38,icon_d2
2026-10-02,W0518,52.5185,10.9271,1.5,,15.7,16.8,0.17,16.7,0.139,1.35,icon_d2
2026-10-02,W0519,52.5185,10.9566,2.0,,15.9,16.8,0.17,16.7,0.139,1.36,icon_d2
2026-10-02,W0520,52.5185,10.9861,1.6,,15.9,16.5,0.215,16.1,0.209,1.37,icon_d2
2026-10-02,W0521,52.5185,11.0157,2.3,,16.0,16.5,0.215,16.1,0.209,1.31,icon_d2
2026-10-02,W1550,52.52748,11.03127,2.3,,16.0,17.0,0.169,16.8,0.176,1.31,icon_d2
2026-10-02,W1551,52.52748,11.06084,2.9,,15.9,17.0,0.169,16.8,0.176,1.25,icon_d2
2026-10-02,W1552,52.52748,11.0904,1.9,,16.0,17.0,0.169,16.8,0.176,1.17,icon_d2
2026-10-02,W1553,52.52748,11.11997,1.9,,16.0,17.0,0.169,16.8,0.176,1.17,icon_d2
2026-10-02,W1554,52.52748,11.14953,2.6,,16.0,16.9,0.179,16.9,0.176,1.14,icon_d2
2026-10-02,W0523,52.5365,10.1295,5.1,,15.7,16.0,0.251,16.0,0.109,1.55,icon_d2
2026-10-02,W1555,52.5455,10.14435,5.5,,15.8,16.0,0.235,15.7,0.092,1.59,icon_d2
2026-10-02,W1556,52.5455,10.17391,5.5,,15.7,16.0,0.235,15.7,0.092,1.57,icon_d2
2026-10-02,W0524,52.5365,10.2182,4.4,,15.7,16.0,0.235,15.7,0.092,1.55,icon_d2
2026-10-02,W0525,52.5365,10.2477,3.6,,15.5,16.0,0.235,15.7,0.092,1.53,icon_d2
2026-10-02,W0526,52.5365,10.2772,3.5,,15.7,16.0,0.235,15.7,0.092,1.51,icon_d2
2026-10-02,W0527,52.5365,10.3068,3.5,,15.7,16.0,0.235,15.7,0.092,1.51,icon_d2
2026-10-02,W0547,52.5545,10.3363,4.8,,15.5,15.9,0.227,15.6,0.095,1.53,icon_d2
2026-10-02,W1557,52.5455,10.3513,4.8,,15.7,15.9,0.227,15.6,0.095,1.54,icon_d2
2026-10-02,W0548,52.5545,10.3954,4.0,,15.6,15.9,0.227,15.6,0.095,1.49,icon_d2
2026-10-02,W0549,52.5545,10.4249,4.0,,15.6,15.9,0.227,15.6,0.095,1.49,icon_d2
2026-10-02,W0528,52.5365,10.4545,3.2,,15.6,15.9,0.227,15.6,0.095,1.42,icon_d2
2026-10-02,W0529,52.5365,10.484,2.5,,15.6,16.1,0.224,16.0,0.086,1.44,icon_d2
2026-10-02,W0530,52.5365,10.5135,2.3,,15.6,16.1,0.224,16.0,0.086,1.45,icon_d2
2026-10-02,W0531,52.5365,10.5431,2.6,,15.8,16.1,0.224,16.0,0.086,1.48,icon_d2
2026-10-02,W0532,52.5365,10.5726,2.7,,15.7,16.1,0.224,16.0,0.086,1.47,icon_d2
2026-10-02,W0533,52.5365,10.6021,2.3,,15.8,16.1,0.224,16.0,0.086,1.48,icon_d2
2026-10-02,W0534,52.5365,10.6317,2.1,,15.6,16.1,0.224,16.0,0.086,1.45,icon_d2
2026-10-02,W0535,52.5365,10.6612,2.2,,15.5,16.3,0.125,16.2,0.07,1.42,icon_d2
2026-10-02,W0536,52.5365,10.6908,1.9,,15.8,16.3,0.125,16.2,0.07,1.48,icon_d2
2026-10-02,W0537,52.5365,10.7203,1.9,,15.8,16.3,0.125,16.2,0.07,1.48,icon_d2
2026-10-02,W0538,52.5365,10.7498,1.4,,15.5,16.3,0.125,16.2,0.07,1.44,icon_d2
2026-10-02,W0539,52.5365,10.7794,1.6,,15.7,16.3,0.125,16.2,0.07,1.45,icon_d2
2026-10-02,W0540,52.5365,10.8089,1.4,,15.8,16.3,0.125,16.2,0.07,1.46,icon_d2
2026-10-02,W0562,52.5545,10.8384,1.4,,15.6,16.8,0.17,16.7,0.139,1.37,icon_d2
2026-10-02,W0563,52.5545,10.868,1.2,,15.6,16.8,0.17,16.7,0.139,1.35,icon_d2
2026-10-02,W0564,52.5545,10.8975,1.2,,15.9,16.8,0.17,16.7,0.139,1.32,icon_d2
2026-10-02,W0541,52.5365,10.9271,1.0,,16.0,16.8,0.17,16.7,0.139,1.38,icon_d2
2026-10-02,W0542,52.5365,10.9566,2.0,,15.8,16.8,0.17,16.7,0.139,1.36,icon_d2
2026-10-02,W1558,52.5455,10.97214,1.7,,16.0,16.8,0.17,16.7,0.139,1.36,icon_d2
2026-10-02,W1559,52.5455,11.00171,1.9,,16.0,17.0,0.169,16.8,0.176,1.24,icon_d2
2026-10-02,W1560,52.5455,11.03127,2.4,,16.0,17.0,0.169,16.8,0.176,1.22,icon_d2
2026-10-02,W0543,52.5365,11.0747,2.6,,16.0,17.0,0.169,16.8,0.176,1.2,icon_d2
2026-10-02,W0544,52.5365,11.1043,2.2,,16.0,17.0,0.169,16.8,0.176,1.18,icon_d2
2026-10-02,W0567,52.5545,11.1338,2.5,,16.3,17.0,0.169,16.8,0.176,1.2,icon_d2
2026-10-02,W1561,52.5455,11.14953,2.4,,16.2,16.5,0.19,16.5,0.17,1.19,icon_d2
2026-10-02,W1562,52.56351,10.11478,4.9,,15.7,16.0,0.251,16.0,0.109,1.57,icon_d2
2026-10-02,W0568,52.5725,10.1591,6.1,,15.7,16.0,0.235,15.7,0.092,1.55,icon_d2
2026-10-02,W0569,52.5725,10.1886,5.4,,15.6,16.0,0.235,15.7,0.092,1.55,icon_d2
2026-10-02,W0570,52.5725,10.2182,5.2,,15.7,16.0,0.235,15.7,0.092,1.54,icon_d2
2026-10-02,W1563,52.56351,10.23304,5.1,,15.6,16.0,0.235,15.7,0.092,1.51,icon_d2
2026-10-02,W0571,52.5725,10.2772,4.7,,15.7,16.0,0.24,15.9,0.091,1.54,icon_d2
2026-10-02,W0572,52.5725,10.3068,4.8,,15.7,16.0,0.24,15.9,0.091,1.54,icon_d2
2026-10-02,W0573,52.5725,10.3363,5.2,,15.6,15.9,0.227,15.6,0.095,1.52,icon_d2
2026-10-02,W0574,52.5725,10.3658,5.2,,15.7,15.9,0.227,15.6,0.095,1.52,icon_d2
2026-10-02,W0575,52.5725,10.3954,4.3,,15.6,15.9,0.227,15.6,0.095,1.49,icon_d2
2026-10-02,W0576,52.5725,10.4249,4.3,,15.5,15.9,0.227,15.6,0.095,1.48,icon_d2
2026-10-02,W0577,52.5725,10.4545,3.9,,15.7,15.7,0.23,15.2,0.097,1.46,icon_d2
2026-10-02,W0578,52.5725,10.484,3.3,,15.4,16.1,0.224,16.0,0.086,1.43,icon_d2
2026-10-02,W0579,52.5725,10.5135,3.2,,15.8,16.1,0.224,16.0,0.086,1.49,icon_d2
2026-10-02,W0580,52.5725,10.5431,2.8,,15.8,16.1,0.224,16.0,0.086,1.5,icon_d2
2026-10-02,W0581,52.5725,10.5726,2.6,,15.6,16.1,0.224,16.0,0.086,1.47,icon_d2
2026-10-02,W0582,52.5725,10.6021,2.6,,15.6,16.1,0.224,16.0,0.086,1.47,icon_d2
2026-10-02,W0583,52.5725,10.6317,2.4,,15.7,16.2,0.212,16.2,0.074,1.42,icon_d2
2026-10-02,W0584,52.5725,10.6612,2.5,,15.7,16.3,0.125,16.2,0.07,1.4,icon_d2
2026-10-02,W0585,52.5725,10.6908,2.0,,15.5,16.3,0.125,16.2,0.07,1.34,icon_d2
2026-10-02,W0586,52.5725,10.7203,2.0,,15.5,16.3,0.125,16.2,0.07,1.33,icon_d2
2026-10-02,W0587,52.5725,10.7498,1.6,,15.6,16.3,0.125,16.2,0.07,1.39,icon_d2
2026-10-02,W0588,52.5725,10.7794,1.6,,15.6,16.2,0.164,16.4,0.09,1.36,icon_d2
2026-10-02,W0589,52.5725,10.8089,1.3,,15.7,16.2,0.164,16.4,0.09,1.33,icon_d2
2026-10-02,W0590,52.5725,10.8384,1.0,,15.6,16.8,0.17,16.7,0.139,1.34,icon_d2
2026-10-02,W0591,52.5725,10.868,1.0,,15.7,16.8,0.17,16.7,0.139,1.34,icon_d2
2026-10-02,W0592,52.5725,10.8975,1.2,,15.8,16.8,0.17,16.7,0.139,1.33,icon_d2
2026-10-02,W0593,52.5725,10.9271,1.2,,15.8,16.8,0.17,16.7,0.139,1.33,icon_d2
2026-10-02,W1564,52.56351,10.94258,1.7,,15.9,16.8,0.17,16.7,0.139,1.33,icon_d2
2026-10-02,W1565,52.56351,10.97214,1.9,,15.9,16.8,0.17,16.7,0.139,1.26,icon_d2
2026-10-02,W1566,52.56351,11.00171,1.9,,15.9,17.0,0.169,16.8,0.176,1.27,icon_d2
2026-10-02,W1567,52.56351,11.03127,2.8,,16.0,17.0,0.169,16.8,0.176,1.21,icon_d2
2026-10-02,W0594,52.5725,11.0747,3.7,,16.1,17.0,0.169,16.8,0.176,1.23,icon_d2
2026-10-02,W1568,52.56351,11.0904,3.0,,16.1,17.0,0.169,16.8,0.176,1.22,icon_d2
2026-10-02,W0595,52.5725,11.1338,3.2,,16.3,17.1,0.155,17.4,0.147,1.23,icon_d2
2026-10-02,W1569,52.56351,11.14953,2.5,,16.2,16.5,0.19,16.5,0.17,1.2,icon_d2
2026-10-02,W1570,52.58153,10.11478,5.8,,15.7,16.2,0.251,16.2,0.097,1.58,icon_d2
2026-10-02,W0596,52.5905,10.1591,6.1,,15.7,16.0,0.235,15.7,0.092,1.55,icon_d2
2026-10-02,W0597,52.5905,10.1886,6.1,,15.7,16.0,0.235,15.7,0.092,1.55,icon_d2
2026-10-02,W0598,52.5905,10.2182,7.4,,15.5,16.0,0.24,15.9,0.091,1.52,icon_d2
2026-10-02,W0599,52.5905,10.2477,7.9,,15.4,16.0,0.24,15.9,0.091,1.5,icon_d2
2026-10-02,W0600,52.5905,10.2772,6.7,,15.6,16.0,0.24,15.9,0.091,1.52,icon_d2
2026-10-02,W0601,52.5905,10.3068,5.7,,15.6,16.0,0.24,15.9,0.091,1.53,icon_d2
2026-10-02,W0602,52.5905,10.3363,5.6,,15.5,15.9,0.227,15.6,0.095,1.52,icon_d2
2026-10-02,W1571,52.58153,10.3513,5.2,,15.7,15.9,0.227,15.6,0.095,1.52,icon_d2
2026-10-02,W1572,52.58153,10.38086,4.8,,15.7,15.9,0.227,15.6,0.095,1.51,icon_d2
2026-10-02,W1573,52.58153,10.41042,4.3,,15.6,15.7,0.23,15.2,0.097,1.49,icon_d2
2026-10-02,W0603,52.5905,10.4545,3.9,,15.6,15.7,0.23,15.2,0.097,1.45,icon_d2
2026-10-02,W0604,52.5905,10.484,3.7,,15.5,15.7,0.23,15.2,0.097,1.45,icon_d2
2026-10-02,W0605,52.5905,10.5135,3.2,,15.8,16.1,0.224,16.0,0.086,1.49,icon_d2
2026-10-02,W0606,52.5905,10.5431,3.3,,15.7,16.1,0.224,16.0,0.086,1.45,icon_d2
2026-10-02,W0607,52.5905,10.5726,2.5,,15.7,16.2,0.212,16.2,0.074,1.47,icon_d2
2026-10-02,W1574,52.58153,10.58781,2.6,,15.7,16.2,0.212,16.2,0.074,1.47,icon_d2
2026-10-02,W0608,52.5905,10.6317,2.4,,15.5,16.2,0.212,16.2,0.074,1.38,icon_d2
2026-10-02,W0609,52.5905,10.6612,2.3,,15.8,16.3,0.125,16.2,0.07,1.38,icon_d2
2026-10-02,W0610,52.5905,10.6908,2.0,,15.5,16.3,0.125,16.2,0.07,1.33,icon_d2
2026-10-02,W0611,52.5905,10.7203,1.8,,15.5,16.2,0.164,16.4,0.09,1.32,icon_d2
2026-10-02,W0612,52.5905,10.7498,1.6,,15.5,16.2,0.164,16.4,0.09,1.31,icon_d2
2026-10-02,W0613,52.5905,10.7794,1.3,,15.6,16.2,0.164,16.4,0.09,1.34,icon_d2
2026-10-02,W0614,52.5905,10.8089,1.3,,15.5,16.2,0.164,16.4,0.09,1.33,icon_d2
2026-10-02,W0615,52.5905,10.8384,1.7,,15.5,16.8,0.17,16.7,0.139,1.32,icon_d2
2026-10-02,W0616,52.5905,10.868,1.3,,15.6,16.8,0.17,16.7,0.139,1.4,icon_d2
2026-10-02,W1742,52.58153,10.88345,1.1,,15.8,16.8,0.17,16.7,0.139,1.34,icon_d2
2026-10-02,W1743,52.58153,10.91302,1.2,,15.8,16.7,0.182,17.0,0.152,1.33,icon_d2
2026-10-02,W0617,52.5905,10.9566,2.0,,16.3,16.7,0.182,17.0,0.152,1.35,icon_d2
2026-10-02,W1744,52.58153,10.97214,1.8,,16.0,16.7,0.182,17.0,0.152,1.33,icon_d2
2026-10-02,W0618,52.5905,11.0157,2.8,,16.2,17.0,0.169,16.8,0.176,1.31,icon_d2
2026-10-02,W0619,52.5905,11.0452,3.2,,16.2,17.0,0.169,16.8,0.176,1.3,icon_d2
2026-10-02,W1745,52.58153,11.06084,3.7,,16.1,17.0,0.169,16.8,0.176,1.23,icon_d2
2026-10-02,W1746,52.58153,11.0904,3.6,,16.3,17.1,0.155,17.4,0.147,1.24,icon_d2
2026-10-02,W0620,52.5905,11.1338,3.2,,16.0,17.1,0.155,17.4,0.147,1.17,icon_d2
2026-10-02,W1747,52.58153,11.14953,3.2,,16.1,17.1,0.155,17.4,0.147,1.22,icon_d2
2026-10-02,W1748,52.59955,10.11478,5.1,,16.0,16.2,0.251,16.2,0.097,1.56,icon_d2
2026-10-02,W1749,52.59955,10.14435,5.1,,15.9,16.2,0.251,16.2,0.097,1.55,icon_d2
2026-10-02,W1750,52.59955,10.17391,6.1,,15.7,16.0,0.24,15.9,0.091,1.55,icon_d2
2026-10-02,W1751,52.59955,10.20347,7.4,,15.5,16.0,0.24,15.9,0.091,1.52,icon_d2
2026-10-02,W1752,52.59955,10.23304,7.9,,15.4,16.0,0.24,15.9,0.091,1.5,icon_d2
2026-10-02,W1753,52.59955,10.2626,6.7,,15.6,16.0,0.24,15.9,0.091,1.51,icon_d2
2026-10-02,W1754,52.59955,10.29217,5.7,,15.6,16.0,0.24,15.9,0.091,1.53,icon_d2
2026-10-02,W1755,52.59955,10.32173,5.7,,15.6,16.0,0.24,15.9,0.091,1.53,icon_d2
2026-10-02,W1756,52.59955,10.3513,5.5,,15.7,15.7,0.23,15.2,0.097,1.52,icon_d2
2026-10-02,W1757,52.59955,10.38086,4.8,,15.5,15.7,0.23,15.2,0.097,1.5,icon_d2
2026-10-02,W1758,52.59955,10.41042,4.3,,15.7,15.7,0.23,15.2,0.097,1.5,icon_d2
2026-10-02,W1759,52.59955,10.43999,4.3,,15.7,15.7,0.23,15.2,0.097,1.5,icon_d2
2026-10-02,W1760,52.59955,10.46955,3.9,,15.6,15.7,0.23,15.2,0.097,1.45,icon_d2
2026-10-02,W1761,52.59955,10.49912,3.7,,15.5,16.1,0.224,16.0,0.086,1.45,icon_d2
2026-10-02,W1762,52.59955,10.52868,3.2,,15.8,16.2,0.212,16.2,0.074,1.49,icon_d2
2026-10-02,W1763,52.59955,10.55825,2.5,,15.7,16.2,0.212,16.2,0.074,1.48,icon_d2
2026-10-02,W1764,52.59955,10.58781,2.5,,15.7,16.2,0.212,16.2,0.074,1.47,icon_d2
2026-10-02,W1765,52.59955,10.61737,2.7,,15.6,16.2,0.212,16.2,0.074,1.4,icon_d2
2026-10-02,W1599,52.59955,10.64694,2.4,,15.5,16.2,0.212,16.2,0.074,1.37,icon_d2
2026-10-02,W1600,52.59955,10.6765,2.3,,15.8,16.3,0.125,16.2,0.07,1.38,icon_d2
2026-10-02,W1601,52.59955,10.70607,2.0,,15.6,16.2,0.164,16.4,0.09,1.33,icon_d2
2026-10-02,W1610,52.59955,10.73563,1.6,,15.6,16.2,0.164,16.4,0.09,1.32,icon_d2
2026-10-02,W1602,52.59955,10.76519,1.6,,15.6,16.2,0.164,16.4,0.09,1.32,icon_d2
2026-10-02,W1603,52.59955,10.79476,1.3,,15.5,16.2,0.164,16.4,0.09,1.33,icon_d2
2026-10-02,W1611,52.59955,10.82432,1.7,,15.5,16.2,0.164,16.4,0.09,1.32,icon_d2
2026-10-02,W1604,52.59955,10.85389,1.3,,15.5,16.7,0.182,17.0,0.152,1.39,icon_d2
2026-10-02,W1605,52.59955,10.88345,1.1,,15.9,16.7,0.182,17.0,0.152,1.45,icon_d2
2026-10-02,W1766,52.59955,10.91302,1.5,,16.0,16.7,0.182,17.0,0.152,1.41,icon_d2
2026-10-02,W1767,52.59955,10.94258,1.5,,16.1,16.7,0.182,17.0,0.152,1.41,icon_d2
2026-10-02,W1608,52.59955,10.97214,2.2,,16.3,16.7,0.182,17.0,0.152,1.35,icon_d2
2026-10-02,W1768,52.59955,11.00171,2.8,,16.2,17.0,0.169,16.8,0.176,1.31,icon_d2
2026-10-02,W1769,52.59955,11.03127,3.2,,16.2,17.1,0.155,17.4,0.147,1.3,icon_d2
2026-10-02,W1770,52.59955,11.06084,3.6,,16.2,17.1,0.155,17.4,0.147,1.29,icon_d2
2026-10-02,W1612,52.59955,11.0904,3.6,,16.0,17.1,0.155,17.4,0.147,1.24,icon_d2
2026-10-02,W1613,52.59955,11.11997,3.6,,16.1,17.1,0.155,17.4,0.147,1.24,icon_d2
2026-10-02,W1614,52.59955,11.14953,3.2,,16.0,17.1,0.155,17.4,0.147,1.17,icon_d2
2026-10-02,W0621,52.6086,10.1295,5.1,,15.9,16.2,0.251,16.2,0.097,1.55,icon_d2
2026-10-02,W0622,52.6086,10.1591,6.1,,15.7,16.0,0.24,15.9,0.091,1.55,icon_d2
2026-10-02,W0623,52.6086,10.1886,6.1,,15.7,16.0,0.24,15.9,0.091,1.55,icon_d2
2026-10-02,W0624,52.6086,10.2182,7.4,,15.4,16.0,0.24,15.9,0.091,1.51,icon_d2
2026-10-02,W0625,52.6086,10.2477,7.9,,15.4,16.0,0.24,15.9,0.091,1.5,icon_d2
2026-10-02,W0626,52.6086,10.2772,6.7,,15.6,16.0,0.24,15.9,0.091,1.52,icon_d2
2026-10-02,W0627,52.6086,10.3068,5.7,,15.6,16.0,0.24,15.9,0.091,1.53,icon_d2
2026-10-02,W1615,52.61757,10.32173,6.0,,15.6,16.0,0.24,15.9,0.091,1.52,icon_d2
2026-10-02,W0628,52.6086,10.3658,5.5,,15.6,15.7,0.23,15.2,0.097,1.52,icon_d2
2026-10-02,W0629,52.6086,10.3954,4.5,,15.5,15.7,0.23,15.2,0.097,1.49,icon_d2
2026-10-02,W0630,52.6086,10.4249,4.3,,15.7,15.7,0.23,15.2,0.097,1.5,icon_d2
2026-10-02,W1616,52.61757,10.43999,4.6,,15.5,15.7,0.23,15.2,0.097,1.48,icon_d2
2026-10-02,W0631,52.6086,10.484,3.7,,15.5,15.7,0.23,15.2,0.097,1.45,icon_d2
2026-10-02,W0632,52.6086,10.5135,3.2,,15.8,16.2,0.212,16.2,0.074,1.49,icon_d2
2026-10-02,W0633,52.6086,10.5431,3.3,,15.6,16.2,0.212,16.2,0.074,1.44,icon_d2
2026-10-02,W1617,52.61757,10.55825,3.0,,15.7,16.2,0.212,16.2,0.074,1.47,icon_d2
2026-10-02,W0634,52.6086,10.6021,2.6,,15.8,16.2,0.212,16.2,0.074,1.42,icon_d2
2026-10-02,W0635,52.6086,10.6317,2.4,,15.6,16.2,0.212,16.2,0.074,1.38,icon_d2
2026-10-02,W0636,52.6086,10.6612,2.3,,15.8,16.2,0.212,16.2,0.074,1.38,icon_d2
2026-10-02,W0637,52.6086,10.6908,2.0,,15.6,16.2,0.164,16.4,0.09,1.33,icon_d2
2026-10-02,W0638,52.6086,10.7203,1.8,,15.7,16.2,0.164,16.4,0.09,1.33,icon_d2
2026-10-02,W0639,52.6086,10.7498,1.6,,15.5,16.2,0.164,16.4,0.09,1.31,icon_d2
2026-10-02,W0640,52.6086,10.7794,1.3,,15.6,16.2,0.164,16.4,0.09,1.34,icon_d2
2026-10-02,W0641,52.6086,10.8089,1.3,,15.5,16.2,0.164,16.4,0.09,1.33,icon_d2
2026-10-02,W0642,52.6086,10.8384,1.7,,15.4,16.7,0.182,17.0,0.152,1.31,icon_d2
2026-10-02,W0643,52.6086,10.868,1.3,,15.6,16.7,0.182,17.0,0.152,1.39,icon_d2
2026-10-02,W1618,52.61757,10.88345,1.3,,15.8,16.7,0.182,17.0,0.152,1.44,icon_d2
2026-10-02,W1619,52.61757,10.91302,1.5,,16.2,16.7,0.182,17.0,0.152,1.47,icon_d2
2026-10-02,W0644,52.6086,10.9566,2.0,,16.3,16.7,0.182,17.0,0.152,1.35,icon_d2
2026-10-02,W0645,52.6086,10.9861,2.2,,16.3,16.7,0.182,17.0,0.152,1.35,icon_d2
2026-10-02,W0646,52.6086,11.0157,2.8,,16.1,17.1,0.155,17.4,0.147,1.31,icon_d2
2026-10-02,W0647,52.6086,11.0452,3.2,,16.3,17.1,0.155,17.4,0.147,1.31,icon_d2
2026-10-02,W0648,52.6086,11.0747,3.3,,16.2,17.1,0.155,17.4,0.147,1.27,icon_d2
2026-10-02,W0649,52.6086,11.1043,3.6,,16.1,17.1,0.155,17.4,0.147,1.24,icon_d2
2026-10-02,W0650,52.6086,11.1338,3.2,,16.0,17.1,0.155,17.4,0.147,1.17,icon_d2
2026-10-02,W1620,52.61757,11.14953,3.9,,16.4,17.1,0.155,17.4,0.147,1.26,icon_d2
2026-10-02,W0652,52.6266,10.1295,4.9,,15.7,16.2,0.251,16.2,0.097,1.54,icon_d2
2026-10-02,W0653,52.6266,10.1591,5.6,,15.5,16.0,0.24,15.9,0.091,1.51,icon_d2
2026-10-02,W0654,52.6266,10.1886,8.6,,15.5,16.0,0.24,15.9,0.091,1.52,icon_d2
2026-10-02,W0655,52.6266,10.2182,7.4,,15.4,16.0,0.24,15.9,0.091,1.51,icon_d2
2026-10-02,W0656,52.6266,10.2477,7.9,,15.4,16.0,0.24,15.9,0.091,1.5,icon_d2
2026-10-02,W0657,52.6266,10.2772,6.9,,15.6,16.0,0.24,15.9,0.091,1.53,icon_d2
2026-10-02,W1621,52.63559,10.29217,6.9,,15.6,16.0,0.24,15.9,0.091,1.53,icon_d2
2026-10-02,W1622,52.63559,10.32173,6.0,,15.6,15.7,0.254,15.4,0.122,1.52,icon_d2
2026-10-02,W0658,52.6266,10.3658,5.7,,15.6,15.7,0.23,15.2,0.097,1.51,icon_d2
2026-10-02,W0659,52.6266,10.3954,5.5,,15.6,15.7,0.23,15.2,0.097,1.5,icon_d2
2026-10-02,W0660,52.6266,10.4249,5.5,,15.6,15.7,0.23,15.2,0.097,1.5,icon_d2
2026-10-02,W0661,52.6266,10.4545,4.6,,15.4,15.7,0.23,15.2,0.097,1.47,icon_d2
2026-10-02,W0662,52.6266,10.484,4.0,,15.5,15.7,0.23,15.2,0.097,1.47,icon_d2
2026-10-02,W0663,52.6266,10.5135,3.6,,15.5,16.2,0.212,16.2,0.074,1.44,icon_d2
2026-10-02,W1623,52.63559,10.52868,3.7,,15.7,16.2,0.212,16.2,0.074,1.46,icon_d2
2026-10-02,W0664,52.6266,10.5726,3.0,,15.6,16.2,0.212,16.2,0.074,1.47,icon_d2
2026-10-02,W0665,52.6266,10.6021,2.6,,15.8,16.2,0.212,16.2,0.074,1.42,icon_d2
2026-10-02,W0666,52.6266,10.6317,2.6,,15.8,16.2,0.212,16.2,0.074,1.4,icon_d2
2026-10-02,W0667,52.6266,10.6612,2.6,,15.7,16.2,0.212,16.2,0.074,1.4,icon_d2
2026-10-02,W0668,52.6266,10.6908,1.9,,15.7,16.2,0.164,16.4,0.09,1.37,icon_d2
2026-10-02,W0669,52.6266,10.7203,1.9,,15.5,16.2,0.164,16.4,0.09,1.37,icon_d2
2026-10-02,W0670,52.6266,10.7498,1.6,,15.5,16.2,0.164,16.4,0.09,1.36,icon_d2
2026-10-02,W0671,52.6266,10.7794,1.5,,15.6,16.2,0.164,16.4,0.09,1.38,icon_d2
2026-10-02,W0672,52.6266,10.8089,1.4,,15.6,16.2,0.164,16.4,0.09,1.38,icon_d2
2026-10-02,W0673,52.6266,10.8384,1.3,,15.6,16.7,0.182,17.0,0.152,1.41,icon_d2
2026-10-02,W0674,52.6266,10.868,1.3,,15.8,16.7,0.182,17.0,0.152,1.45,icon_d2
2026-10-02,W1624,52.63559,10.88345,1.3,,15.9,16.7,0.182,17.0,0.152,1.44,icon_d2
2026-10-02,W1625,52.63559,10.91302,1.3,,16.0,16.7,0.182,17.0,0.152,1.47,icon_d2
2026-10-02,W0675,52.6266,10.9566,2.2,,15.8,16.7,0.182,17.0,0.152,1.28,icon_d2
2026-10-02,W0676,52.6266,10.9861,2.2,,15.8,16.7,0.182,17.0,0.152,1.28,icon_d2
2026-10-02,W0677,52.6266,11.0157,2.6,,15.9,17.1,0.155,17.4,0.147,1.27,icon_d2
2026-10-02,W0678,52.6266,11.0452,3.0,,16.0,17.1,0.155,17.4,0.147,1.26,icon_d2
2026-10-02,W1626,52.63559,11.06084,3.2,,16.2,17.1,0.155,17.4,0.147,1.3,icon_d2
2026-10-02,W0679,52.6266,11.1043,3.4,,16.1,17.1,0.155,17.4,0.147,1.26,icon_d2
2026-10-02,W0680,52.6266,11.1338,3.9,,16.2,17.1,0.155,17.4,0.147,1.25,icon_d2
2026-10-02,W1627,52.63559,11.14953,4.0,,16.3,17.1,0.155,17.4,0.147,1.31,icon_d2
2026-10-02,W0707,52.6626,10.1,3.6,,15.6,15.8,0.27,15.7,0.169,1.52,icon_d2
2026-10-02,W0709,52.6626,10.1591,5.8,,15.6,15.8,0.27,15.7,0.169,1.5,icon_d2
2026-10-02,W0710,52.6626,10.1886,6.7,,15.6,16.0,0.24,15.9,0.091,1.5,icon_d2
2026-10-02,W0711,52.6626,10.2182,9.8,,15.4,16.0,0.24,15.9,0.091,1.48,icon_d2
2026-10-02,W1628,52.6536,10.23304,9.8,,15.4,16.0,0.24,15.9,0.091,1.48,icon_d2
2026-10-02,W0712,52.6626,10.2772,9.2,,15.4,15.7,0.254,15.4,0.122,1.48,icon_d2
2026-10-02,W0684,52.6446,10.3068,6.9,,15.6,15.7,0.254,15.4,0.122,1.52,icon_d2
2026-10-02,W0713,52.6626,10.3363,5.9,,15.5,15.7,0.254,15.4,0.122,1.46,icon_d2
2026-10-02,W0714,52.6626,10.3658,5.9,,15.5,15.7,0.23,15.2,0.097,1.46,icon_d2
2026-10-02,W0715,52.6626,10.3954,6.2,,15.6,15.5,0.237,15.2,0.121,1.44,icon_d2
2026-10-02,W0716,52.6626,10.4249,6.2,,15.5,15.5,0.237,15.2,0.121,1.44,icon_d2
2026-10-02,W0717,52.6626,10.4545,6.1,,15.6,15.5,0.237,15.2,0.121,1.45,icon_d2
2026-10-02,W1629,52.6536,10.46955,6.1,,15.6,15.5,0.237,15.2,0.121,1.45,icon_d2
2026-10-02,W0718,52.6626,10.5135,4.6,,15.6,16.2,0.212,16.2,0.074,1.45,icon_d2
2026-10-02,W0719,52.6626,10.5431,4.1,,15.7,16.2,0.212,16.2,0.074,1.47,icon_d2
2026-10-02,W0720,52.6626,10.5726,3.4,,15.7,15.8,0.216,15.7,0.085,1.43,icon_d2
2026-10-02,W0721,52.6626,10.6021,3.3,,15.7,15.8,0.216,15.7,0.085,1.42,icon_d2
2026-10-02,W0722,52.6626,10.6317,2.6,,15.8,15.8,0.216,15.7,0.085,1.4,icon_d2
2026-10-02,W0723,52.6626,10.6612,2.7,,15.7,15.8,0.216,15.7,0.085,1.38,icon_d2
2026-10-02,W0724,52.6626,10.6908,2.4,,15.7,16.2,0.164,16.4,0.09,1.37,icon_d2
2026-10-02,W0725,52.6626,10.7203,2.3,,15.6,16.2,0.164,16.4,0.09,1.37,icon_d2
2026-10-02,W0726,52.6626,10.7498,1.9,,15.3,16.2,0.184,16.2,0.066,1.36,icon_d2
2026-10-02,W0727,52.6626,10.7794,1.9,,15.4,16.2,0.184,16.2,0.066,1.36,icon_d2
2026-10-02,W0728,52.6626,10.8089,1.5,,15.7,16.2,0.184,16.2,0.066,1.39,icon_d2
2026-10-02,W0729,52.6626,10.8384,1.5,,15.8,16.2,0.184,16.2,0.066,1.41,icon_d2
2026-10-02,W0730,52.6626,10.868,1.4,,15.9,16.7,0.182,17.0,0.152,1.44,icon_d2
2026-10-02,W0731,52.6626,10.8975,1.3,,16.0,16.4,0.191,16.2,0.149,1.43,icon_d2
2026-10-02,W0732,52.6626,10.9271,1.8,,15.7,16.4,0.191,16.2,0.149,1.35,icon_d2
2026-10-02,W0733,52.6626,10.9566,2.6,,15.8,16.4,0.191,16.2,0.149,1.28,icon_d2
2026-10-02,W0734,52.6626,10.9861,2.6,,15.9,16.4,0.191,16.2,0.149,1.28,icon_d2
2026-10-02,W0735,52.6626,11.0157,3.0,,15.8,17.1,0.155,17.4,0.147,1.28,icon_d2
2026-10-02,W0736,52.6626,11.0452,3.1,,15.9,17.1,0.155,17.4,0.147,1.36,icon_d2
2026-10-02,W0737,52.6626,11.0747,3.6,,16.2,17.1,0.157,17.2,0.143,1.36,icon_d2
2026-10-02,W0705,52.6446,11.1043,3.7,,16.3,17.1,0.155,17.4,0.147,1.32,icon_d2
2026-10-02,W0738,52.6626,11.1338,4.6,,16.1,17.1,0.157,17.2,0.143,1.27,icon_d2
2026-10-02,W1630,52.6536,11.14953,4.6,,16.0,17.1,0.157,17.2,0.143,1.26,icon_d2
2026-10-02,W0740,52.6806,10.1295,4.4,,15.3,15.8,0.27,15.7,0.169,1.48,icon_d2
2026-10-02,W0741,52.6806,10.1591,5.5,,15.5,15.8,0.27,15.7,0.169,1.5,icon_d2
2026-10-02,W0742,52.6806,10.1886,5.5,,15.6,15.7,0.254,15.4,0.122,1.5,icon_d2
2026-10-02,W0743,52.6806,10.2182,7.5,,15.4,15.7,0.254,15.4,0.122,1.48,icon_d2
2026-10-02,W0744,52.6806,10.2477,9.7,,15.5,15.7,0.254,15.4,0.122,1.47,icon_d2
2026-10-02,W0745,52.6806,10.2772,9.6,,15.4,15.7,0.254,15.4,0.122,1.45,icon_d2
2026-10-02,W0746,52.6806,10.3068,8.0,,15.5,15.7,0.254,15.4,0.122,1.45,icon_d2
2026-10-02,W1631,52.67162,10.32173,8.0,,15.5,15.7,0.254,15.4,0.122,1.45,icon_d2
2026-10-02,W0747,52.6806,10.3658,6.0,,15.6,15.5,0.237,15.2,0.121,1.45,icon_d2
2026-10-02,W0748,52.6806,10.3954,5.9,,15.6,15.5,0.237,15.2,0.121,1.45,icon_d2
2026-10-02,W0749,52.6806,10.4249,6.0,,15.4,15.5,0.237,15.2,0.121,1.42,icon_d2
2026-10-02,W0750,52.6806,10.4545,5.4,,15.4,15.5,0.237,15.2,0.121,1.42,icon_d2
2026-10-02,W0751,52.6806,10.484,5.4,,15.4,15.5,0.237,15.2,0.121,1.42,icon_d2
2026-10-02,W0752,52.6806,10.5135,4.5,,15.6,15.5,0.237,15.2,0.121,1.44,icon_d2
2026-10-02,W1632,52.67162,10.52868,4.5,,15.7,15.8,0.216,15.7,0.085,1.45,icon_d2
2026-10-02,W0753,52.6806,10.5726,4.0,,15.7,15.8,0.216,15.7,0.085,1.45,icon_d2
2026-10-02,W0754,52.6806,10.6021,3.4,,15.8,15.8,0.216,15.7,0.085,1.42,icon_d2
2026-10-02,W0755,52.6806,10.6317,2.7,,15.6,15.8,0.216,15.7,0.085,1.36,icon_d2
2026-10-02,W0756,52.6806,10.6612,2.7,,15.5,15.8,0.216,15.7,0.085,1.36,icon_d2
2026-10-02,W0757,52.6806,10.6908,2.7,,15.7,16.2,0.184,16.2,0.066,1.37,icon_d2
2026-10-02,W0758,52.6806,10.7203,2.3,,15.7,16.2,0.184,16.2,0.066,1.37,icon_d2
2026-10-02,W0759,52.6806,10.7498,1.8,,15.5,16.2,0.184,16.2,0.066,1.36,icon_d2
2026-10-02,W0760,52.6806,10.7794,2.0,,15.5,16.2,0.184,16.2,0.066,1.37,icon_d2
2026-10-02,W0761,52.6806,10.8089,1.8,,15.7,16.2,0.184,16.2,0.066,1.4,icon_d2
2026-10-02,W1633,52.67162,10.82432,1.8,,15.8,16.2,0.184,16.2,0.066,1.4,icon_d2
2026-10-02,W1634,52.67162,10.85389,2.0,,15.9,16.7,0.182,17.0,0.152,1.4,icon_d2
2026-10-02,W0762,52.6806,10.8975,1.7,,15.9,16.4,0.191,16.2,0.149,1.42,icon_d2
2026-10-02,W0763,52.6806,10.9271,1.9,,16.1,16.4,0.191,16.2,0.149,1.4,icon_d2
2026-10-02,W0764,52.6806,10.9566,1.8,,15.8,16.4,0.191,16.2,0.149,1.31,icon_d2
2026-10-02,W0765,52.6806,10.9861,2.8,,15.8,16.4,0.191,16.2,0.149,1.28,icon_d2
2026-10-02,W1635,52.67162,11.00171,2.8,,16.3,16.4,0.191,16.2,0.149,1.4,icon_d2
2026-10-02,W0766,52.6806,11.0452,3.5,,16.4,17.1,0.157,17.2,0.143,1.44,icon_d2
2026-10-02,W1636,52.67162,11.06084,3.5,,16.3,17.1,0.157,17.2,0.143,1.44,icon_d2
2026-10-02,W1637,52.67162,11.0904,3.9,,16.3,17.1,0.157,17.2,0.143,1.37,icon_d2
2026-10-02,W1638,52.67162,11.11997,3.9,,16.3,17.1,0.157,17.2,0.143,1.37,icon_d2
2026-10-02,W1639,52.67162,11.14953,4.2,,16.1,17.1,0.157,17.2,0.143,1.32,icon_d2
2026-10-02,W0768,52.6986,10.1295,4.3,,15.4,15.8,0.27,15.7,0.169,1.46,icon_d2
2026-10-02,W0769,52.6986,10.1591,4.8,,15.4,15.8,0.27,15.7,0.169,1.45,icon_d2
2026-10-02,W0770,52.6986,10.1886,5.9,,15.5,15.7,0.254,15.4,0.122,1.48,icon_d2
2026-10-02,W0771,52.6986,10.2182,6.1,,15.6,15.7,0.254,15.4,0.122,1.5,icon_d2
2026-10-02,W0772,52.6986,10.2477,8.1,,15.6,15.7,0.254,15.4,0.122,1.5,icon_d2
2026-10-02,W0773,52.6986,10.2772,9.6,,15.3,15.7,0.254,15.4,0.122,1.42,icon_d2
2026-10-02,W0774,52.6986,10.3068,9.6,,15.5,15.7,0.254,15.4,0.122,1.43,icon_d2
2026-10-02,W1640,52.68964,10.32173,8.0,,15.5,15.7,0.254,15.4,0.122,1.45,icon_d2
2026-10-02,W0775,52.6986,10.3658,6.0,,15.5,15.5,0.237,15.2,0.121,1.4,icon_d2
2026-10-02,W0776,52.6986,10.3954,5.4,,15.5,15.5,0.237,15.2,0.121,1.4,icon_d2
2026-10-02,W0777,52.6986,10.4249,5.4,,15.6,15.5,0.237,15.2,0.121,1.4,icon_d2
2026-10-02,W0778,52.6986,10.4545,6.0,,15.4,15.5,0.237,15.2,0.121,1.41,icon_d2
2026-10-02,W0779,52.6986,10.484,6.0,,15.3,15.5,0.237,15.2,0.121,1.41,icon_d2
2026-10-02,W0780,52.6986,10.5135,5.1,,15.5,15.5,0.237,15.2,0.121,1.42,icon_d2
2026-10-02,W0781,52.6986,10.5431,4.4,,15.5,15.8,0.216,15.7,0.085,1.38,icon_d2
2026-10-02,W0782,52.6986,10.5726,4.4,,15.6,15.8,0.216,15.7,0.085,1.38,icon_d2
2026-10-02,W0783,52.6986,10.6021,3.5,,15.5,15.8,0.216,15.7,0.085,1.41,icon_d2
2026-10-02,W0784,52.6986,10.6317,3.0,,15.5,15.8,0.216,15.7,0.085,1.36,icon_d2
2026-10-02,W0785,52.6986,10.6612,3.0,,15.6,15.8,0.216,15.7,0.085,1.36,icon_d2
2026-10-02,W1641,52.68964,10.6765,2.7,,15.7,15.8,0.216,15.7,0.085,1.37,icon_d2
2026-10-02,W0786,52.6986,10.7203,2.8,,15.7,16.2,0.184,16.2,0.066,1.36,icon_d2
2026-10-02,W1642,52.68964,10.73563,1.8,,15.4,16.2,0.184,16.2,0.066,1.36,icon_d2
2026-10-02,W1643,52.68964,10.76519,1.8,,15.5,16.2,0.184,16.2,0.066,1.36,icon_d2
2026-10-02,W1644,52.68964,10.79476,1.8,,15.7,16.2,0.184,16.2,0.066,1.4,icon_d2
2026-10-02,W0787,52.6986,10.8384,2.3,,15.8,16.2,0.184,16.2,0.066,1.37,icon_d2
2026-10-02,W0788,52.6986,10.868,2.8,,15.7,16.4,0.191,16.2,0.149,1.31,icon_d2
2026-10-02,W0789,52.6986,10.8975,2.6,,16.0,16.4,0.191,16.2,0.149,1.35,icon_d2
2026-10-02,W0790,52.6986,10.9271,2.6,,15.9,16.4,0.191,16.2,0.149,1.35,icon_d2
2026-10-02,W0791,52.6986,10.9566,2.2,,15.8,16.4,0.191,16.2,0.149,1.32,icon_d2
2026-10-02,W0792,52.6986,10.9861,2.2,,16.0,16.4,0.191,16.2,0.149,1.33,icon_d2
2026-10-02,W1645,52.68964,11.00171,2.8,,16.3,16.4,0.191,16.2,0.149,1.4,icon_d2
2026-10-02,W0793,52.6986,11.0452,3.7,,16.2,17.1,0.157,17.2,0.143,1.46,icon_d2
2026-10-02,W0794,52.6986,11.0747,3.7,,16.2,17.1,0.157,17.2,0.143,1.38,icon_d2
2026-10-02,W0795,52.6986,11.1043,3.7,,16.2,17.1,0.157,17.2,0.143,1.38,icon_d2
2026-10-02,W0796,52.6986,11.1338,4.1,,16.2,17.1,0.157,17.2,0.143,1.33,icon_d2
2026-10-02,W1646,52.68964,11.14953,4.2,,16.2,17.1,0.157,17.2,0.143,1.33,icon_d2
2026-10-02,W1647,52.70766,10.11478,4.3,,15.5,15.8,0.27,15.7,0.169,1.46,icon_d2
2026-10-02,W1648,52.70766,10.14435,4.8,,15.4,15.8,0.27,15.7,0.169,1.45,icon_d2
2026-10-02,W1649,52.70766,10.17391,5.9,,15.5,15.6,0.284,15.6,0.213,1.48,icon_d2
2026-10-02,W1650,52.70766,10.20347,6.2,,15.3,15.7,0.254,15.4,0.122,1.48,icon_d2
2026-10-02,W1651,52.70766,10.23304,8.1,,15.5,15.7,0.254,15.4,0.122,1.5,icon_d2
2026-10-02,W1652,52.70766,10.2626,8.1,,15.5,15.7,0.254,15.4,0.122,1.5,icon_d2
2026-10-02,W1653,52.70766,10.29217,9.6,,15.4,15.7,0.254,15.4,0.122,1.43,icon_d2
2026-10-02,W1654,52.70766,10.32173,8.4,,15.6,15.7,0.254,15.4,0.122,1.42,icon_d2
2026-10-02,W1655,52.70766,10.3513,6.0,,15.6,15.5,0.237,15.2,0.121,1.4,icon_d2
2026-10-02,W1656,52.70766,10.38086,5.8,,15.6,15.5,0.237,15.2,0.121,1.4,icon_d2
2026-10-02,W1657,52.70766,10.41042,5.4,,15.6,15.5,0.237,15.2,0.121,1.4,icon_d2
2026-10-02,W1658,52.70766,10.43999,5.8,,15.5,15.5,0.237,15.2,0.121,1.4,icon_d2
2026-10-02,W1659,52.70766,10.46955,6.0,,15.5,15.5,0.237,15.2,0.121,1.41,icon_d2
2026-10-02,W1660,52.70766,10.49912,5.1,,15.5,15.4,0.254,15.3,0.147,1.43,icon_d2
2026-10-02,W1661,52.70766,10.52868,5.1,,15.4,15.8,0.216,15.7,0.085,1.42,icon_d2
2026-10-02,W1662,52.70766,10.55825,4.4,,15.4,15.8,0.216,15.7,0.085,1.37,icon_d2
2026-10-02,W1663,52.70766,10.58781,4.4,,15.6,15.8,0.216,15.7,0.085,1.38,icon_d2
2026-10-02,W1664,52.70766,10.61737,3.5,,15.5,15.8,0.216,15.7,0.085,1.41,icon_d2
2026-10-02,W1665,52.70766,10.64694,3.0,,15.5,15.8,0.216,15.7,0.085,1.36,icon_d2
2026-10-02,W1666,52.70766,10.6765,3.3,,15.4,15.7,0.213,15.4,0.07,1.34,icon_d2
2026-10-02,W1667,52.70766,10.70607,2.8,,15.6,16.2,0.184,16.2,0.066,1.35,icon_d2
2026-10-02,W1668,52.70766,10.73563,2.8,,15.7,16.2,0.184,16.2,0.066,1.36,icon_d2
2026-10-02,W1669,52.70766,10.76519,2.8,,15.7,16.2,0.184,16.2,0.066,1.39,icon_d2
2026-10-02,W1670,52.70766,10.79476,1.8,,15.8,16.2,0.184,16.2,0.066,1.4,icon_d2
2026-10-02,W1671,52.70766,10.82432,2.3,,15.8,16.2,0.184,16.2,0.066,1.37,icon_d2
2026-10-02,W1672,52.70766,10.85389,2.8,,15.8,16.4,0.191,16.2,0.149,1.31,icon_d2
2026-10-02,W1673,52.70766,10.88345,2.8,,15.7,16.4,0.191,16.2,0.149,1.31,icon_d2
2026-10-02,W1674,52.70766,10.91302,2.6,,16.0,16.4,0.191,16.2,0.149,1.35,icon_d2
2026-10-02,W1675,52.70766,10.94258,2.5,,16.0,16.4,0.191,16.2,0.149,1.33,icon_d2
2026-10-02,W1676,52.70766,10.97214,2.2,,15.9,16.4,0.191,16.2,0.149,1.32,icon_d2
2026-10-02,W1677,52.70766,11.00171,2.4,,16.2,16.2,0.203,16.1,0.132,1.37,icon_d2
2026-10-02,W1678,52.70766,11.03127,3.7,,16.3,17.1,0.157,17.2,0.143,1.46,icon_d2
2026-10-02,W1679,52.70766,11.06084,3.2,,16.3,17.1,0.157,17.2,0.143,1.46,icon_d2
2026-10-02,W1680,52.70766,11.0904,3.7,,16.2,17.1,0.157,17.2,0.143,1.38,icon_d2
2026-10-02,W1681,52.70766,11.11997,4.1,,16.3,17.1,0.157,17.2,0.143,1.34,icon_d2
2026-10-02,W1682,52.70766,11.14953,4.1,,16.2,17.1,0.157,17.2,0.143,1.33,icon_d2
2026-10-02,W0798,52.7167,10.1295,4.6,,15.3,15.8,0.27,15.7,0.169,1.44,icon_d2
2026-10-02,W0799,52.7167,10.1591,5.6,,15.3,15.6,0.284,15.6,0.213,1.48,icon_d2
2026-10-02,W0800,52.7167,10.1886,5.6,,15.3,15.7,0.254,15.4,0.122,1.47,icon_d2
2026-10-02,W0801,52.7167,10.2182,6.1,,15.5,15.7,0.254,15.4,0.122,1.5,icon_d2
2026-10-02,W0802,52.7167,10.2477,6.1,,15.5,15.7,0.254,15.4,0.122,1.5,icon_d2
2026-10-02,W0803,52.7167,10.2772,8.7,,15.6,15.7,0.254,15.4,0.122,1.46,icon_d2
2026-10-02,W0804,52.7167,10.3068,10.3,,15.4,15.3,0.276,15.1,0.195,1.42,icon_d2
2026-10-02,W0805,52.7167,10.3363,7.8,,15.5,15.3,0.276,15.1,0.195,1.38,icon_d2
2026-10-02,W0806,52.7167,10.3658,6.3,,15.5,15.5,0.237,15.2,0.121,1.38,icon_d2
2026-10-02,W0807,52.7167,10.3954,6.2,,15.4,15.5,0.237,15.2,0.121,1.38,icon_d2
2026-10-02,W0808,52.7167,10.4249,5.9,,15.4,15.5,0.237,15.2,0.121,1.38,icon_d2
2026-10-02,W0809,52.7167,10.4545,5.9,,15.3,15.5,0.237,15.2,0.121,1.41,icon_d2
2026-10-02,W0810,52.7167,10.484,6.0,,15.3,15.4,0.254,15.3,0.147,1.41,icon_d2
2026-10-02,W0811,52.7167,10.5135,5.3,,15.4,15.4,0.254,15.3,0.147,1.37,icon_d2
2026-10-02,W0812,52.7167,10.5431,5.3,,15.5,15.8,0.216,15.7,0.085,1.37,icon_d2
2026-10-02,W0813,52.7167,10.5726,4.4,,15.4,15.8,0.216,15.7,0.085,1.38,icon_d2
2026-10-02,W0814,52.7167,10.6021,4.7,,15.6,15.8,0.216,15.7,0.085,1.42,icon_d2
2026-10-02,W1683,52.72568,10.61737,3.9,,15.6,15.7,0.213,15.4,0.07,1.4,icon_d2
2026-10-02,W0815,52.7167,10.6612,3.6,,15.5,15.7,0.213,15.4,0.07,1.35,icon_d2
2026-10-02,W0816,52.7167,10.6908,3.9,,15.7,16.2,0.184,16.2,0.066,1.32,icon_d2
2026-10-02,W1684,52.72568,10.70607,3.9,,15.6,16.2,0.184,16.2,0.066,1.32,icon_d2
2026-10-02,W1685,52.72568,10.73563,3.3,,15.6,16.2,0.184,16.2,0.066,1.32,icon_d2
2026-10-02,W1686,52.72568,10.76519,3.6,,15.7,16.2,0.184,16.2,0.066,1.34,icon_d2
2026-10-02,W0817,52.7167,10.8089,2.9,,15.6,15.8,0.189,15.5,0.064,1.32,icon_d2
2026-10-02,W0818,52.7167,10.8384,3.0,,15.9,15.8,0.189,15.5,0.064,1.31,icon_d2
2026-10-02,W0819,52.7167,10.868,3.0,,15.8,16.4,0.191,16.2,0.149,1.31,icon_d2
2026-10-02,W0820,52.7167,10.8975,3.1,,16.0,16.4,0.191,16.2,0.149,1.3,icon_d2
2026-10-02,W0821,52.7167,10.9271,3.3,,16.0,16.4,0.191,16.2,0.149,1.28,icon_d2
2026-10-02,W1687,52.72568,10.94258,2.7,,16.0,16.2,0.203,16.1,0.132,1.3,icon_d2
2026-10-02,W1688,52.72568,10.97214,2.7,,16.2,16.2,0.203,16.1,0.132,1.34,icon_d2
2026-10-02,W1689,52.72568,11.00171,2.7,,16.2,16.2,0.203,16.1,0.132,1.34,icon_d2
2026-10-02,W1690,52.72568,11.03127,3.1,,16.4,17.1,0.157,17.2,0.143,1.45,icon_d2
2026-10-02,W0822,52.7167,11.0747,3.5,,16.4,17.1,0.157,17.2,0.143,1.36,icon_d2
2026-10-02,W1691,52.72568,11.0904,3.9,,16.4,17.1,0.157,17.2,0.143,1.37,icon_d2
2026-10-02,W0823,52.7167,11.1338,4.1,,16.4,17.1,0.157,17.2,0.143,1.36,icon_d2
2026-10-02,W1692,52.72568,11.14953,4.1,,16.4,17.1,0.13,17.1,0.13,1.36,icon_d2
2026-10-02,W0825,52.7347,10.1295,4.9,,15.3,15.6,0.284,15.6,0.213,1.44,icon_d2
2026-10-02,W0826,52.7347,10.1591,5.4,,15.3,15.6,0.284,15.6,0.213,1.46,icon_d2
2026-10-02,W0827,52.7347,10.1886,5.6,,15.4,15.6,0.284,15.6,0.213,1.48,icon_d2
2026-10-02,W0828,52.7347,10.2182,6.4,,15.5,15.7,0.254,15.4,0.122,1.5,icon_d2
2026-10-02,W0829,52.7347,10.2477,7.2,,15.6,15.3,0.276,15.1,0.195,1.48,icon_d2
2026-10-02,W0860,52.7527,10.2772,9.4,,15.4,15.3,0.276,15.1,0.195,1.4,icon_d2
2026-10-02,W0830,52.7347,10.3068,10.3,,15.4,15.3,0.276,15.1,0.195,1.42,icon_d2
2026-10-02,W0831,52.7347,10.3363,9.0,,15.5,15.3,0.276,15.1,0.195,1.39,icon_d2
2026-10-02,W0832,52.7347,10.3658,9.0,,15.5,15.5,0.237,15.2,0.121,1.39,icon_d2
2026-10-02,W0833,52.7347,10.3954,6.3,,15.3,15.5,0.237,15.2,0.121,1.36,icon_d2
2026-10-02,W0834,52.7347,10.4249,6.4,,15.2,15.4,0.254,15.3,0.147,1.34,icon_d2
2026-10-02,W0835,52.7347,10.4545,6.3,,15.3,15.4,0.254,15.3,0.147,1.39,icon_d2
2026-10-02,W0836,52.7347,10.484,6.2,,15.2,15.4,0.254,15.3,0.147,1.39,icon_d2
2026-10-02,W0837,52.7347,10.5135,6.3,,15.6,15.4,0.254,15.3,0.147,1.41,icon_d2
2026-10-02,W0838,52.7347,10.5431,5.6,,15.5,15.8,0.216,15.7,0.085,1.4,icon_d2
2026-10-02,W0839,52.7347,10.5726,5.5,,15.6,15.7,0.213,15.4,0.07,1.41,icon_d2
2026-10-02,W0840,52.7347,10.6021,4.5,,15.6,15.7,0.213,15.4,0.07,1.44,icon_d2
2026-10-02,W1694,52.74369,10.61737,4.5,,15.7,15.7,0.213,15.4,0.07,1.44,icon_d2
2026-10-02,W0841,52.7347,10.6612,4.3,,15.7,15.7,0.213,15.4,0.07,1.37,icon_d2
2026-10-02,W1695,52.74369,10.6765,4.3,,15.7,15.7,0.213,15.4,0.07,1.37,icon_d2
2026-10-02,W0872,52.7527,10.7203,5.2,,15.7,15.8,0.189,15.5,0.064,1.26,icon_d2
2026-10-02,W0873,52.7527,10.7498,5.2,,15.7,15.8,0.189,15.5,0.064,1.26,icon_d2
2026-10-02,W0874,52.7527,10.7794,3.9,,15.7,15.8,0.189,15.5,0.064,1.28,icon_d2
2026-10-02,W0842,52.7347,10.8089,3.7,,15.8,15.8,0.189,15.5,0.064,1.32,icon_d2
2026-10-02,W0843,52.7347,10.8384,4.3,,15.5,15.8,0.189,15.5,0.064,1.26,icon_d2
2026-10-02,W0844,52.7347,10.868,3.5,,15.5,16.4,0.191,16.2,0.149,1.26,icon_d2
2026-10-02,W0845,52.7347,10.8975,3.7,,16.1,16.4,0.191,16.2,0.149,1.26,icon_d2
2026-10-02,W0846,52.7347,10.9271,3.1,,16.0,16.2,0.203,16.1,0.132,1.27,icon_d2
2026-10-02,W0847,52.7347,10.9566,3.0,,16.2,16.2,0.203,16.1,0.132,1.27,icon_d2
2026-10-02,W0848,52.7347,10.9861,3.2,,15.8,16.2,0.203,16.1,0.132,1.17,icon_d2
2026-10-02,W0849,52.7347,11.0157,3.3,,16.2,16.2,0.203,16.1,0.132,1.23,icon_d2
2026-10-02,W0850,52.7347,11.0452,3.3,,16.1,17.1,0.157,17.2,0.143,1.23,icon_d2
2026-10-02,W0851,52.7347,11.0747,3.6,,16.4,17.1,0.157,17.2,0.143,1.34,icon_d2
2026-10-02,W0852,52.7347,11.1043,3.8,,16.3,17.1,0.13,17.1,0.13,1.33,icon_d2
2026-10-02,W0853,52.7347,11.1338,4.0,,16.2,17.1,0.13,17.1,0.13,1.32,icon_d2
2026-10-02,W1699,52.74369,11.14953,4.0,,16.2,17.1,0.13,17.1,0.13,1.32,icon_d2
2026-10-02,W0887,52.7707,10.1295,4.0,,15.3,15.6,0.284,15.6,0.213,1.47,icon_d2
2026-10-02,W0888,52.7707,10.1591,5.0,,15.3,15.6,0.284,15.6,0.213,1.41,icon_d2
2026-10-02,W0889,52.7707,10.1886,6.1,,15.3,15.6,0.284,15.6,0.213,1.44,icon_d2
2026-10-02,W0890,52.7707,10.2182,7.5,,15.4,15.3,0.276,15.1,0.195,1.37,icon_d2
2026-10-02,W0891,52.7707,10.2477,7.4,,15.5,15.3,0.276,15.1,0.195,1.38,icon_d2
2026-10-02,W0892,52.7707,10.2772,9.3,,15.4,15.3,0.276,15.1,0.195,1.39,icon_d2
2026-10-02,W0893,52.7707,10.3068,9.3,,15.3,15.3,0.276,15.1,0.195,1.38,icon_d2
2026-10-02,W0894,52.7707,10.3363,11.4,,15.3,15.3,0.276,15.1,0.195,1.38,icon_d2
2026-10-02,W0895,52.7707,10.3658,10.9,,15.3,15.4,0.254,15.3,0.147,1.36,icon_d2
2026-10-02,W0896,52.7707,10.3954,7.3,,15.2,15.4,0.254,15.3,0.147,1.3,icon_d2
2026-10-02,W0897,52.7707,10.4249,7.3,,15.2,15.4,0.254,15.3,0.147,1.3,icon_d2
2026-10-02,W0898,52.7707,10.4545,6.5,,15.4,15.4,0.254,15.3,0.147,1.33,icon_d2
2026-10-02,W0899,52.7707,10.484,6.4,,15.2,15.4,0.254,15.3,0.147,1.29,icon_d2
2026-10-02,W0900,52.7707,10.5135,7.2,,15.5,15.4,0.254,15.3,0.147,1.31,icon_d2
2026-10-02,W0901,52.7707,10.5431,6.7,,15.3,15.7,0.213,15.4,0.07,1.34,icon_d2
2026-10-02,W0902,52.7707,10.5726,6.8,,15.6,15.7,0.213,15.4,0.07,1.35,icon_d2
2026-10-02,W0903,52.7707,10.6021,6.3,,15.7,15.7,0.213,15.4,0.07,1.32,icon_d2
2026-10-02,W0904,52.7707,10.6317,6.4,,15.7,15.7,0.213,15.4,0.07,1.27,icon_d2
2026-10-02,W0905,52.7707,10.6612,5.9,,15.5,15.7,0.213,15.4,0.07,1.26,icon_d2
2026-10-02,W0906,52.7707,10.6908,5.6,,15.8,15.7,0.213,15.4,0.07,1.29,icon_d2
2026-10-02,W0907,52.7707,10.7203,5.5,,15.5,15.8,0.189,15.5,0.064,1.26,icon_d2
2026-10-02,W0908,52.7707,10.7498,5.5,,15.7,15.8,0.189,15.5,0.064,1.26,icon_d2
2026-10-02,W0909,52.7707,10.7794,4.5,,15.6,15.8,0.189,15.5,0.064,1.23,icon_d2
2026-10-02,W0910,52.7707,10.8089,4.6,,15.9,15.8,0.189,15.5,0.064,1.24,icon_d2
2026-10-02,W0911,52.7707,10.8384,4.6,,15.9,15.8,0.189,15.5,0.064,1.24,icon_d2
2026-10-02,W0912,52.7707,10.868,4.6,,15.8,15.8,0.189,15.5,0.064,1.21,icon_d2
2026-10-02,W0913,52.7707,10.8975,4.8,,15.8,16.2,0.203,16.1,0.132,1.18,icon_d2
2026-10-02,W0914,52.7707,10.9271,4.0,,16.2,16.2,0.203,16.1,0.132,1.23,icon_d2
2026-10-02,W0915,52.7707,10.9566,3.6,,16.1,16.2,0.203,16.1,0.132,1.15,icon_d2
2026-10-02,W0916,52.7707,10.9861,3.6,,15.9,16.2,0.203,16.1,0.132,1.13,icon_d2
2026-10-02,W0917,52.7707,11.0157,3.5,,16.2,16.2,0.203,16.1,0.132,1.17,icon_d2
2026-10-02,W0918,52.7707,11.0452,3.6,,16.1,17.1,0.13,17.1,0.13,1.18,icon_d2
2026-10-02,W1700,52.76171,11.06084,3.6,,16.1,17.1,0.13,17.1,0.13,1.22,icon_d2
2026-10-02,W1701,52.76171,11.0904,3.8,,16.3,17.1,0.13,17.1,0.13,1.3,icon_d2
2026-10-02,W1702,52.76171,11.11997,3.8,,16.3,17.1,0.13,17.1,0.13,1.3,icon_d2
2026-10-02,W1703,52.76171,11.14953,4.0,,16.1,17.1,0.13,17.1,0.13,1.29,icon_d2
2026-10-02,W0920,52.7887,10.1295,4.0,,15.4,15.6,0.284,15.6,0.213,1.47,icon_d2
2026-10-02,W0921,52.7887,10.1591,5.0,,15.3,15.6,0.273,15.7,0.17,1.41,icon_d2
2026-10-02,W0922,52.7887,10.1886,6.1,,15.3,15.6,0.273,15.7,0.17,1.44,icon_d2
2026-10-02,W0923,52.7887,10.2182,7.5,,15.3,15.3,0.276,15.1,0.195,1.37,icon_d2
2026-10-02,W0924,52.7887,10.2477,7.4,,15.3,15.3,0.276,15.1,0.195,1.38,icon_d2
2026-10-02,W0925,52.7887,10.2772,9.3,,15.4,15.3,0.276,15.1,0.195,1.38,icon_d2
2026-10-02,W0926,52.7887,10.3068,9.3,,15.3,15.3,0.276,15.1,0.195,1.38,icon_d2
2026-10-02,W0927,52.7887,10.3363,11.4,,15.2,15.4,0.276,15.4,0.185,1.38,icon_d2
2026-10-02,W0928,52.7887,10.3658,10.9,,15.3,15.4,0.276,15.4,0.185,1.36,icon_d2
2026-10-02,W0929,52.7887,10.3954,7.3,,15.3,15.4,0.254,15.3,0.147,1.3,icon_d2
2026-10-02,W0930,52.7887,10.4249,7.3,,15.2,15.4,0.254,15.3,0.147,1.3,icon_d2
2026-10-02,W0931,52.7887,10.4545,6.5,,15.3,15.4,0.254,15.3,0.147,1.33,icon_d2
2026-10-02,W0932,52.7887,10.484,6.4,,15.1,15.5,0.248,15.6,0.121,1.28,icon_d2
2026-10-02,W0933,52.7887,10.5135,7.2,,15.5,15.5,0.248,15.6,0.121,1.31,icon_d2
2026-10-02,W0934,52.7887,10.5431,6.7,,15.4,15.7,0.213,15.4,0.07,1.34,icon_d2
2026-10-02,W0935,52.7887,10.5726,6.8,,15.6,15.7,0.213,15.4,0.07,1.35,icon_d2
2026-10-02,W0936,52.7887,10.6021,6.3,,15.8,15.7,0.213,15.4,0.07,1.32,icon_d2
2026-10-02,W1704,52.77973,10.61737,6.4,,15.7,15.7,0.213,15.4,0.07,1.27,icon_d2
2026-10-02,W0937,52.7887,10.6612,5.9,,15.6,15.7,0.211,15.6,0.069,1.26,icon_d2
2026-10-02,W0938,52.7887,10.6908,5.6,,15.8,15.7,0.211,15.6,0.069,1.29,icon_d2
2026-10-02,W0939,52.7887,10.7203,5.5,,15.7,15.8,0.189,15.5,0.064,1.26,icon_d2
2026-10-02,W0940,52.7887,10.7498,5.5,,15.7,15.8,0.189,15.5,0.064,1.26,icon_d2
2026-10-02,W0941,52.7887,10.7794,4.5,,15.7,15.8,0.189,15.5,0.064,1.23,icon_d2
2026-10-02,W0942,52.7887,10.8089,4.6,,15.7,15.8,0.189,15.5,0.064,1.23,icon_d2
2026-10-02,W0943,52.7887,10.8384,4.6,,16.0,15.8,0.195,15.5,0.064,1.24,icon_d2
2026-10-02,W0944,52.7887,10.868,4.6,,16.0,15.8,0.195,15.5,0.064,1.21,icon_d2
2026-10-02,W0945,52.7887,10.8975,4.8,,16.0,16.2,0.203,16.1,0.132,1.19,icon_d2
2026-10-02,W0946,52.7887,10.9271,4.0,,16.0,16.2,0.203,16.1,0.132,1.22,icon_d2
2026-10-02,W0947,52.7887,10.9566,3.6,,16.0,16.2,0.203,16.1,0.132,1.15,icon_d2
2026-10-02,W1705,52.77973,10.97214,3.6,,16.1,16.2,0.203,16.1,0.132,1.13,icon_d2
2026-10-02,W0948,52.7887,11.0157,3.5,,16.2,16.3,0.222,16.1,0.133,1.17,icon_d2
2026-10-02,W0949,52.7887,11.0452,3.6,,16.2,16.3,0.222,16.1,0.133,1.18,icon_d2
2026-10-02,W0950,52.7887,11.0747,3.6,,16.1,17.1,0.13,17.1,0.13,1.25,icon_d2
2026-10-02,W0951,52.7887,11.1043,4.3,,16.0,17.1,0.13,17.1,0.13,1.19,icon_d2
2026-10-02,W0952,52.7887,11.1338,3.9,,16.2,17.1,0.13,17.1,0.13,1.27,icon_d2
2026-10-02,W1706,52.77973,11.14953,3.9,,16.2,17.1,0.13,17.1,0.13,1.27,icon_d2
2026-10-02,W1707,52.79775,10.11478,3.9,,15.5,15.6,0.273,15.7,0.17,1.41,icon_d2
2026-10-02,W1771,52.79775,10.14435,3.9,,15.3,15.6,0.273,15.7,0.17,1.4,icon_d2
2026-10-02,W1772,52.79775,10.17391,5.3,,15.2,15.6,0.273,15.7,0.17,1.38,icon_d2
2026-10-02,W1773,52.79775,10.20347,7.7,,15.2,15.6,0.273,15.7,0.17,1.33,icon_d2
2026-10-02,W1774,52.79775,10.23304,7.7,,15.2,15.3,0.276,15.1,0.195,1.33,icon_d2
2026-10-02,W1775,52.79775,10.2626,8.7,,15.3,15.3,0.276,15.1,0.195,1.29,icon_d2
2026-10-02,W1776,52.79775,10.29217,9.0,,15.5,15.4,0.276,15.4,0.185,1.29,icon_d2
2026-10-02,W1777,52.79775,10.32173,10.4,,15.3,15.4,0.276,15.4,0.185,1.32,icon_d2
2026-10-02,W1778,52.79775,10.3513,12.0,,15.1,15.4,0.276,15.4,0.185,1.32,icon_d2
2026-10-02,W1779,52.79775,10.38086,10.8,,15.4,15.4,0.254,15.3,0.147,1.3,icon_d2
2026-10-02,W1780,52.79775,10.41042,8.3,,15.2,15.4,0.254,15.3,0.147,1.31,icon_d2
2026-10-02,W1781,52.79775,10.43999,6.8,,15.2,15.4,0.254,15.3,0.147,1.29,icon_d2
2026-10-02,W1782,52.79775,10.46955,6.4,,15.1,15.5,0.248,15.6,0.121,1.28,icon_d2
2026-10-02,W1708,52.79775,10.49912,6.9,,15.3,15.5,0.248,15.6,0.121,1.25,icon_d2
2026-10-02,W1709,52.79775,10.52868,7.2,,15.4,15.5,0.248,15.6,0.121,1.31,icon_d2
2026-10-02,W1710,52.79775,10.55825,7.2,,15.6,15.7,0.213,15.4,0.07,1.33,icon_d2
2026-10-02,W1711,52.79775,10.58781,6.9,,15.6,15.7,0.213,15.4,0.07,1.32,icon_d2
2026-10-02,W1712,52.79775,10.61737,7.1,,15.6,15.7,0.211,15.6,0.069,1.23,icon_d2
2026-10-02,W1713,52.79775,10.64694,7.1,,15.6,15.7,0.211,15.6,0.069,1.23,icon_d2
2026-10-02,W1714,52.79775,10.6765,6.6,,15.7,15.7,0.211,15.6,0.069,1.26,icon_d2
2026-10-02,W1715,52.79775,10.70607,6.5,,15.8,15.7,0.211,15.6,0.069,1.27,icon_d2
2026-10-02,W1716,52.79775,10.73563,5.5,,15.7,15.8,0.189,15.5,0.064,1.23,icon_d2
2026-10-02,W1717,52.79775,10.76519,5.5,,15.7,15.8,0.189,15.5,0.064,1.23,icon_d2
2026-10-02,W1783,52.79775,10.79476,4.9,,15.5,15.8,0.195,15.5,0.064,1.21,icon_d2
2026-10-02,W1718,52.79775,10.82432,4.9,,15.6,15.8,0.195,15.5,0.064,1.22,icon_d2
2026-10-02,W1719,52.79775,10.85389,4.7,,15.9,15.8,0.195,15.5,0.064,1.22,icon_d2
2026-10-02,W1720,52.79775,10.88345,5.5,,15.9,16.2,0.203,16.1,0.132,1.22,icon_d2
2026-10-02,W1721,52.79775,10.91302,5.3,,16.0,16.2,0.203,16.1,0.132,1.17,icon_d2
2026-10-02,W1722,52.79775,10.94258,4.6,,16.0,16.2,0.203,16.1,0.132,1.14,icon_d2
2026-10-02,W1723,52.79775,10.97214,3.8,,16.0,16.3,0.222,16.1,0.133,1.14,icon_d2
2026-10-02,W1724,52.79775,11.00171,3.8,,15.9,16.3,0.222,16.1,0.133,1.11,icon_d2
2026-10-02,W1725,52.79775,11.03127,3.7,,16.2,16.3,0.222,16.1,0.133,1.2,icon_d2
2026-10-02,W1726,52.79775,11.06084,4.0,,16.0,17.1,0.13,17.1,0.13,1.18,icon_d2
2026-10-02,W1727,52.79775,11.0904,3.6,,16.1,17.1,0.13,17.1,0.13,1.2,icon_d2
2026-10-02,W1728,52.79775,11.11997,3.6,,16.1,17.1,0.13,17.1,0.13,1.2,icon_d2
2026-10-02,W1729,52.79775,11.14953,3.6,,16.2,16.9,0.149,16.9,0.129,1.2,icon_d2
2026-10-02,W0954,52.8068,10.1295,3.9,,15.4,15.6,0.273,15.7,0.17,1.41,icon_d2
2026-10-02,W0955,52.8068,10.1591,5.3,,15.2,15.6,0.273,15.7,0.17,1.38,icon_d2
2026-10-02,W0956,52.8068,10.1886,5.3,,15.2,15.6,0.273,15.7,0.17,1.38,icon_d2
2026-10-02,W0957,52.8068,10.2182,7.7,,15.4,15.3,0.276,15.1,0.195,1.33,icon_d2
2026-10-02,W0958,52.8068,10.2477,7.7,,15.3,15.4,0.276,15.4,0.185,1.33,icon_d2
2026-10-02,W0959,52.8068,10.2772,8.7,,15.4,15.4,0.276,15.4,0.185,1.29,icon_d2
2026-10-02,W0960,52.8068,10.3068,9.0,,15.3,15.4,0.276,15.4,0.185,1.29,icon_d2
2026-10-02,W0961,52.8068,10.3363,12.6,,15.2,15.4,0.276,15.4,0.185,1.3,icon_d2
2026-10-02,W0962,52.8068,10.3658,12.0,,15.1,15.4,0.276,15.4,0.185,1.32,icon_d2
2026-10-02,W0963,52.8068,10.3954,10.8,,15.2,15.4,0.254,15.3,0.147,1.3,icon_d2
2026-10-02,W0964,52.8068,10.4249,8.3,,15.2,15.5,0.248,15.6,0.121,1.31,icon_d2
2026-10-02,W0965,52.8068,10.4545,6.4,,15.2,15.5,0.248,15.6,0.121,1.28,icon_d2
2026-10-02,W0966,52.8068,10.484,6.9,,15.2,15.5,0.248,15.6,0.121,1.25,icon_d2
2026-10-02,W0967,52.8068,10.5135,7.2,,15.5,15.5,0.248,15.6,0.121,1.31,icon_d2
2026-10-02,W0968,52.8068,10.5431,7.1,,15.8,15.5,0.248,15.6,0.121,1.32,icon_d2
2026-10-02,W0969,52.8068,10.5726,6.9,,15.7,15.7,0.213,15.4,0.07,1.32,icon_d2
2026-10-02,W0970,52.8068,10.6021,6.9,,15.6,15.7,0.211,15.6,0.069,1.32,icon_d2
2026-10-02,W0971,52.8068,10.6317,7.1,,15.5,15.7,0.211,15.6,0.069,1.23,icon_d2
2026-10-02,W0972,52.8068,10.6612,7.2,,15.6,15.7,0.211,15.6,0.069,1.26,icon_d2
2026-10-02,W0973,52.8068,10.6908,6.5,,15.8,15.7,0.211,15.6,0.069,1.27,icon_d2
2026-10-02,W0974,52.8068,10.7203,6.5,,15.7,15.8,0.189,15.5,0.064,1.27,icon_d2
2026-10-02,W0975,52.8068,10.7498,5.5,,15.6,15.8,0.189,15.5,0.064,1.23,icon_d2
2026-10-02,W0976,52.8068,10.7794,5.2,,15.7,15.8,0.195,15.5,0.064,1.22,icon_d2
2026-10-02,W0977,52.8068,10.8089,4.9,,15.4,15.8,0.195,15.5,0.064,1.21,icon_d2
2026-10-02,W1730,52.81577,10.82432,4.4,,15.7,15.8,0.195,15.5,0.064,1.2,icon_d2
2026-10-02,W0978,52.8068,10.868,4.7,,15.8,15.8,0.195,15.5,0.064,1.22,icon_d2
2026-10-02,W0979,52.8068,10.8975,5.5,,15.9,16.2,0.203,16.1,0.132,1.22,icon_d2
2026-10-02,W1731,52.81577,10.91302,5.4,,16.1,16.3,0.222,16.1,0.133,1.19,icon_d2
2026-10-02,W0980,52.8068,10.9566,4.6,,16.1,16.3,0.222,16.1,0.133,1.14,icon_d2
2026-10-02,W1732,52.81577,10.97214,4.2,,16.1,16.3,0.222,16.1,0.133,1.15,icon_d2
2026-10-02,W1733,52.81577,11.00171,3.7,,16.1,16.3,0.222,16.1,0.133,1.14,icon_d2
2026-10-02,W0981,52.8068,11.0452,3.7,,16.2,16.3,0.222,16.1,0.133,1.2,icon_d2
2026-10-02,W0982,52.8068,11.0747,4.0,,16.0,17.1,0.13,17.1,0.13,1.18,icon_d2
2026-10-02,W0983,52.8068,11.1043,3.6,,15.9,16.9,0.149,16.9,0.129,1.2,icon_d2
2026-10-02,W0984,52.8068,11.1338,3.6,,16.1,16.9,0.149,16.9,0.129,1.2,icon_d2
2026-10-02,W1734,52.81577,11.14953,3.7,,16.1,16.9,0.149,16.9,0.129,1.17,icon_d2
2026-10-02,W0986,52.8248,10.1295,4.3,,15.4,15.6,0.273,15.7,0.17,1.36,icon_d2
2026-10-02,W0987,52.8248,10.1591,5.0,,15.3,15.6,0.273,15.7,0.17,1.36,icon_d2
2026-10-02,W0988,52.8248,10.1886,5.8,,15.2,15.6,0.273,15.7,0.17,1.36,icon_d2
2026-10-02,W0989,52.8248,10.2182,6.6,,15.5,15.4,0.276,15.4,0.185,1.37,icon_d2
2026-10-02,W0990,52.8248,10.2477,8.2,,15.3,15.4,0.276,15.4,0.185,1.3,icon_d2
2026-10-02,W0991,52.8248,10.2772,9.2,,15.2,15.4,0.276,15.4,0.185,1.27,icon_d2
2026-10-02,W0992,52.8248,10.3068,9.2,,15.3,15.4,0.276,15.4,0.185,1.27,icon_d2
2026-10-02,W0993,52.8248,10.3363,11.2,,15.2,15.4,0.276,15.4,0.185,1.27,icon_d2
2026-10-02,W0994,52.8248,10.3658,11.2,,15.1,15.4,0.276,15.4,0.185,1.27,icon_d2
2026-10-02,W0995,52.8248,10.3954,11.5,,15.1,15.5,0.248,15.6,0.121,1.27,icon_d2
2026-10-02,W0996,52.8248,10.4249,9.7,,15.1,15.5,0.248,15.6,0.121,1.27,icon_d2
2026-10-02,W0997,52.8248,10.4545,6.6,,15.1,15.5,0.248,15.6,0.121,1.23,icon_d2
2026-10-02,W0998,52.8248,10.484,6.6,,15.1,15.5,0.248,15.6,0.121,1.23,icon_d2
2026-10-02,W0999,52.8248,10.5135,7.1,,15.2,15.5,0.248,15.6,0.121,1.23,icon_d2
2026-10-02,W1000,52.8248,10.5431,7.1,,15.7,15.5,0.248,15.6,0.121,1.32,icon_d2
2026-10-02,W1001,52.8248,10.5726,7.2,,15.6,15.7,0.211,15.6,0.069,1.32,icon_d2
2026-10-02,W1002,52.8248,10.6021,7.7,,15.5,15.7,0.211,15.6,0.069,1.24,icon_d2
2026-10-02,W1003,52.8248,10.6317,8.0,,15.7,15.7,0.211,15.6,0.069,1.28,icon_d2
2026-10-02,W1735,52.83378,10.64694,8.0,,15.8,15.7,0.211,15.6,0.069,1.28,icon_d2
2026-10-02,W1736,52.83378,10.6765,7.8,,15.7,15.7,0.211,15.6,0.069,1.28,icon_d2
2026-10-02,W1004,52.8248,10.7203,6.5,,15.6,15.7,0.211,15.6,0.069,1.27,icon_d2
2026-10-02,W1005,52.8248,10.7498,6.2,,15.6,15.8,0.195,15.5,0.064,1.29,icon_d2
2026-10-02,W1006,52.8248,10.7794,5.5,,15.8,15.8,0.195,15.5,0.064,1.27,icon_d2
2026-10-02,W1007,52.8248,10.8089,5.5,,15.8,15.8,0.195,15.5,0.064,1.27,icon_d2
2026-10-02,W1737,52.83378,10.82432,5.7,,15.9,15.8,0.195,15.5,0.064,1.2,icon_d2
2026-10-02,W1008,52.8248,10.868,4.7,,15.9,15.8,0.195,15.5,0.064,1.22,icon_d2
2026-10-02,W1009,52.8248,10.8975,5.6,,15.9,16.3,0.222,16.1,0.133,1.22,icon_d2
2026-10-02,W1010,52.8248,10.9271,5.4,,16.0,16.3,0.222,16.1,0.133,1.19,icon_d2
2026-10-02,W1011,52.8248,10.9566,4.2,,16.0,16.3,0.222,16.1,0.133,1.14,icon_d2
2026-10-02,W1012,52.8248,10.9861,4.2,,16.1,16.3,0.222,16.1,0.133,1.15,icon_d2
2026-10-02,W1738,52.83378,11.00171,3.6,,16.1,16.3,0.222,16.1,0.133,1.13,icon_d2
2026-10-02,W1013,52.8248,11.0452,3.7,,16.0,16.3,0.222,16.1,0.133,1.16,icon_d2
2026-10-02,W1739,52.83378,11.06084,3.6,,16.2,16.9,0.149,16.9,0.129,1.13,icon_d2
2026-10-02,W1014,52.8248,11.1043,3.8,,16.2,16.9,0.149,16.9,0.129,1.18,icon_d2
2026-10-02,W1015,52.8248,11.1338,3.7,,16.2,16.9,0.149,16.9,0.129,1.17,icon_d2
2026-10-02,W1740,52.83378,11.14953,4.2,,16.2,16.9,0.149,16.9,0.129,1.12,icon_d2
2026-10-02,W1017,52.8428,10.1295,4.2,,15.4,15.6,0.273,15.7,0.17,1.36,icon_d2
2026-10-02,W1018,52.8428,10.1591,5.0,,15.3,15.6,0.273,15.7,0.17,1.35,icon_d2
2026-10-02,W1019,52.8428,10.1886,4.9,,15.3,15.6,0.273,15.7,0.17,1.35,icon_d2
2026-10-02,W1020,52.8428,10.2182,6.4,,15.3,15.4,0.276,15.4,0.185,1.32,icon_d2
2026-10-02,W1021,52.8428,10.2477,6.4,,15.2,15.4,0.276,15.4,0.185,1.32,icon_d2
2026-10-02,W1022,52.8428,10.2772,8.6,,15.3,15.4,0.276,15.4,0.185,1.27,icon_d2
2026-10-02,W1023,52.8428,10.3068,8.6,,15.4,15.4,0.276,15.4,0.185,1.27,icon_d2
2026-10-02,W1024,52.8428,10.3363,10.9,,15.2,15.4,0.276,15.4,0.185,1.28,icon_d2
2026-10-02,W1025,52.8428,10.3658,12.8,,15.2,15.4,0.276,15.4,0.185,1.26,icon_d2
2026-10-02,W1026,52.8428,10.3954,12.0,,15.2,15.5,0.248,15.6,0.121,1.25,icon_d2
2026-10-02,W1027,52.8428,10.4249,10.2,,15.2,15.5,0.248,15.6,0.121,1.25,icon_d2
2026-10-02,W1028,52.8428,10.4545,9.3,,15.3,15.5,0.248,15.6,0.121,1.23,icon_d2
2026-10-02,W1029,52.8428,10.484,7.8,,15.2,15.5,0.248,15.6,0.121,1.24,icon_d2
2026-10-02,W1030,52.8428,10.5135,7.1,,15.2,15.5,0.248,15.6,0.121,1.25,icon_d2
2026-10-02,W1031,52.8428,10.5431,7.8,,15.5,15.5,0.248,15.6,0.121,1.25,icon_d2
2026-10-02,W1032,52.8428,10.5726,7.9,,15.4,15.7,0.211,15.6,0.069,1.21,icon_d2
2026-10-02,W1033,52.8428,10.6021,7.9,,15.4,15.7,0.211,15.6,0.069,1.21,icon_d2
2026-10-02,W1034,52.8428,10.6317,8.0,,15.5,15.7,0.211,15.6,0.069,1.27,icon_d2
2026-10-02,W1035,52.8428,10.6612,9.0,,15.4,15.7,0.211,15.6,0.069,1.23,icon_d2
2026-10-02,W1036,52.8428,10.7203,7.3,,15.8,15.7,0.211,15.6,0.069,1.29,icon_d2
2026-10-02,W1037,52.8428,10.7498,6.6,,15.5,15.8,0.195,15.5,0.064,1.28,icon_d2
2026-10-02,W1038,52.8428,10.7794,5.7,,15.5,15.8,0.195,15.5,0.064,1.26,icon_d2
2026-10-02,W1039,52.8428,10.8089,5.7,,15.3,15.8,0.195,15.5,0.064,1.25,icon_d2
2026-10-02,W1040,52.8428,10.8384,5.1,,15.8,15.8,0.195,15.5,0.064,1.22,icon_d2
2026-10-02,W1041,52.8428,10.868,5.0,,16.0,15.8,0.195,15.5,0.064,1.22,icon_d2
2026-10-02,W1042,52.8428,10.8975,5.4,,16.1,16.3,0.222,16.1,0.133,1.21,icon_d2
2026-10-02,W1043,52.8428,10.9271,5.4,,16.1,16.3,0.222,16.1,0.133,1.21,icon_d2
2026-10-02,W1044,52.8428,10.9566,4.8,,16.1,16.3,0.222,16.1,0.133,1.17,icon_d2
2026-10-02,W1045,52.8428,10.9861,4.7,,16.1,16.3,0.222,16.1,0.133,1.17,icon_d2
2026-10-02,W1741,52.8428,11.0747,4.0,,16.2,16.9,0.149,16.9,0.129,1.09,icon_d2
2026-10-02,W1784,52.8518,10.6765,9.0,,15.8,15.7,0.211,15.6,0.069,1.24,icon_d2
2026-10-02,W1785,52.8518,11.00171,4.4,,16.0,16.3,0.222,16.1,0.133,1.12,icon_d2
2026-10-02,W1786,52.8518,11.03127,3.5,,15.7,16.2,0.158,16.0,0.058,1.05,icon_d2
2026-10-02,W1787,52.8518,11.0904,3.7,,16.0,16.9,0.149,16.9,0.129,1.06,icon_d2
2026-10-02,W1788,52.8518,11.11997,4.1,,16.3,16.9,0.149,16.9,0.129,1.1,icon_d2
2026-10-02,W1789,52.8518,11.14953,4.1,,16.4,16.9,0.149,16.9,0.129,1.1,icon_d2
2026-10-02,W1790,52.59955,10.73563,1.6,,15.6,16.2,0.164,16.4,0.09,1.32,icon_d2
2026-10-02,W1791,52.61757,10.88345,1.3,,15.8,16.7,0.182,17.0,0.152,1.44,icon_d2
2026-10-02,W1792,52.61757,10.91302,1.5,,16.2,16.7,0.182,17.0,0.152,1.47,icon_d2
2026-10-02,W1793,52.61757,11.14953,3.9,,16.4,17.1,0.155,17.4,0.147,1.26,icon_d2
2026-10-02,W1794,52.63559,10.29217,6.9,,15.6,16.0,0.24,15.9,0.091,1.53,icon_d2
2026-10-02,W1795,52.63559,10.32173,6.0,,15.6,15.7,0.254,15.4,0.122,1.52,icon_d2
2026-10-02,W1796,52.63559,10.52868,3.7,,15.7,16.2,0.212,16.2,0.074,1.46,icon_d2
2026-10-02,W1797,52.63559,10.88345,1.3,,15.9,16.7,0.182,17.0,0.152,1.44,icon_d2
2026-10-02,W1798,52.63559,10.91302,1.3,,16.0,16.7,0.182,17.0,0.152,1.47,icon_d2
2026-10-02,W1799,52.63559,11.06084,3.2,,16.2,17.1,0.155,17.4,0.147,1.3,icon_d2
2026-10-02,W1800,52.63559,11.14953,4.0,,16.3,17.1,0.155,17.4,0.147,1.31,icon_d2
2026-10-02,W1801,52.6536,10.23304,9.8,,15.4,16.0,0.24,15.9,0.091,1.48,icon_d2
2026-10-03,W0013,52.068,10.1295,0.0,,12.7,13.0,0.32,13.2,0.233,1.51,icon_d2
2026-10-03,W0014,52.068,10.1591,0.0,,12.6,13.0,0.32,13.2,0.233,1.42,icon_d2
2026-10-03,W0015,52.068,10.1886,0.0,,13.5,13.6,0.307,13.8,0.181,1.45,icon_d2
2026-10-03,W0016,52.068,10.2182,0.0,,13.6,13.6,0.307,13.8,0.181,1.5,icon_d2
2026-10-03,W0005,52.05,10.2477,0.0,,14.4,13.6,0.307,13.8,0.181,1.53,icon_d2
2026-10-03,W1046,52.05901,10.2626,0.0,,13.8,13.6,0.307,13.8,0.181,1.6,icon_d2
2026-10-03,W1047,52.05901,10.29217,0.0,,12.8,13.6,0.307,13.8,0.181,1.6,icon_d2
2026-10-03,W0017,52.068,10.3363,0.0,,12.8,13.6,0.307,13.8,0.181,1.46,icon_d2
2026-10-03,W0018,52.068,10.3658,0.0,,13.6,13.0,0.284,13.3,0.151,1.4,icon_d2
2026-10-03,W0019,52.068,10.3954,0.0,,13.9,13.7,0.284,13.9,0.151,1.44,icon_d2
2026-10-03,W0020,52.068,10.4249,0.0,,13.6,13.7,0.284,13.9,0.151,1.45,icon_d2
2026-10-03,W1048,52.05901,10.43999,0.0,,13.8,13.7,0.284,13.9,0.151,1.45,icon_d2
2026-10-03,W1049,52.05901,10.46955,0.0,,13.4,13.7,0.284,13.9,0.151,1.46,icon_d2
2026-10-03,W0021,52.068,10.5135,0.0,,13.1,14.3,0.283,15.1,0.182,1.42,icon_d2
2026-10-03,W0022,52.068,10.5431,0.0,,13.2,14.3,0.283,15.1,0.182,1.39,icon_d2
2026-10-03,W1050,52.05901,10.55825,0.0,,13.2,14.3,0.283,15.1,0.182,1.41,icon_d2
2026-10-03,W1051,52.05901,10.58781,0.0,,12.9,14.3,0.283,15.1,0.182,1.44,icon_d2
2026-10-03,W0010,52.05,10.6317,0.0,,13.1,14.3,0.283,15.1,0.182,1.39,icon_d2
2026-10-03,W1053,52.05901,10.64694,0.0,,13.1,14.3,0.283,15.1,0.182,1.42,icon_d2
2026-10-03,W1054,52.05901,10.6765,0.0,,13.3,14.1,0.274,14.6,0.195,1.45,icon_d2
2026-10-03,W1055,52.05901,10.70607,0.0,,13.2,14.1,0.274,14.6,0.195,1.48,icon_d2
2026-10-03,W1056,52.05901,10.73563,0.0,,13.2,14.1,0.274,14.6,0.195,1.45,icon_d2
2026-10-03,W1057,52.05901,10.76519,0.0,,13.5,14.1,0.274,14.6,0.195,1.42,icon_d2
2026-10-03,W0011,52.05,10.8089,0.0,,13.5,14.1,0.274,14.6,0.195,1.33,icon_d2
2026-10-03,W1059,52.05901,10.82432,0.0,,13.4,14.1,0.274,14.6,0.195,1.31,icon_d2
2026-10-03,W1060,52.05901,10.85389,0.0,,13.8,14.1,0.294,14.4,0.224,1.33,icon_d2
2026-10-03,W1061,52.05901,10.88345,0.0,,13.7,14.1,0.294,14.4,0.224,1.36,icon_d2
2026-10-03,W1062,52.05901,10.91302,0.0,,13.6,14.1,0.294,14.4,0.224,1.38,icon_d2
2026-10-03,W1063,52.05901,10.94258,0.0,,13.4,14.1,0.294,14.4,0.224,1.38,icon_d2
2026-10-03,W1064,52.05901,10.97214,0.0,,13.4,14.1,0.294,14.4,0.224,1.37,icon_d2
2026-10-03,W1065,52.05901,11.00171,0.0,,13.3,14.1,0.294,14.4,0.224,1.37,icon_d2
2026-10-03,W1066,52.05901,11.03127,0.0,,14.0,13.9,0.292,13.9,0.219,1.39,icon_d2
2026-10-03,W1067,52.05901,11.06084,0.0,,14.3,13.9,0.292,13.9,0.219,1.42,icon_d2
2026-10-03,W1068,52.05901,11.0904,0.0,,14.3,13.9,0.292,13.9,0.219,1.49,icon_d2
2026-10-03,W1069,52.05901,11.11997,0.0,,14.5,13.9,0.292,13.9,0.219,1.42,icon_d2
2026-10-03,W1070,52.05901,11.14953,0.0,,14.4,13.9,0.292,13.9,0.219,1.42,icon_d2
2026-10-03,W0024,52.086,10.1295,0.0,,12.3,13.5,0.305,14.1,0.203,1.45,icon_d2
2026-10-03,W1071,52.07703,10.14435,0.0,,12.8,13.0,0.32,13.2,0.233,1.44,icon_d2
2026-10-03,W0025,52.086,10.1886,0.0,,13.2,13.6,0.307,13.8,0.181,1.43,icon_d2
2026-10-03,W0026,52.086,10.2182,0.0,,12.8,13.6,0.307,13.8,0.181,1.47,icon_d2
2026-10-03,W1072,52.07703,10.23304,0.0,,13.0,13.6,0.307,13.8,0.181,1.5,icon_d2
2026-10-03,W1073,52.07703,10.2626,0.0,,12.3,13.6,0.307,13.8,0.181,1.53,icon_d2
2026-10-03,W1575,52.07703,10.29217,0.0,,13.5,13.6,0.307,13.8,0.181,1.48,icon_d2
2026-10-03,W0027,52.086,10.3363,0.0,,13.5,13.6,0.288,14.0,0.17,1.44,icon_d2
2026-10-03,W0028,52.086,10.3658,0.0,,13.9,13.0,0.284,13.3,0.151,1.39,icon_d2
2026-10-03,W0029,52.086,10.3954,0.0,,14.1,13.7,0.284,13.9,0.151,1.45,icon_d2
2026-10-03,W1074,52.07703,10.41042,0.0,,14.1,13.7,0.284,13.9,0.151,1.44,icon_d2
2026-10-03,W1075,52.07703,10.43999,0.0,,13.4,13.7,0.284,13.9,0.151,1.48,icon_d2
2026-10-03,W1076,52.07703,10.46955,0.0,,13.3,13.7,0.284,13.9,0.151,1.47,icon_d2
2026-10-03,W0030,52.086,10.5135,0.0,,13.5,13.4,0.259,14.0,0.162,1.42,icon_d2
2026-10-03,W0031,52.086,10.5431,0.0,,13.7,14.3,0.283,15.1,0.182,1.42,icon_d2
2026-10-03,W0032,52.086,10.5726,0.0,,13.4,14.3,0.283,15.1,0.182,1.39,icon_d2
2026-10-03,W1077,52.07703,10.58781,0.0,,13.2,14.3,0.283,15.1,0.182,1.39,icon_d2
2026-10-03,W1576,52.07703,10.61737,0.0,,13.2,14.3,0.283,15.1,0.182,1.46,icon_d2
2026-10-03,W1078,52.07703,10.64694,0.0,,13.3,14.3,0.283,15.1,0.182,1.48,icon_d2
2026-10-03,W1079,52.07703,10.6765,0.0,,13.2,14.1,0.274,14.6,0.195,1.51,icon_d2
2026-10-03,W1080,52.07703,10.70607,0.0,,13.3,14.1,0.274,14.6,0.195,1.47,icon_d2
2026-10-03,W1081,52.07703,10.73563,0.0,,13.4,14.1,0.274,14.6,0.195,1.41,icon_d2
2026-10-03,W1082,52.07703,10.76519,0.0,,13.6,14.1,0.274,14.6,0.195,1.45,icon_d2
2026-10-03,W1577,52.07703,10.79476,0.0,,13.6,14.1,0.274,14.6,0.195,1.35,icon_d2
2026-10-03,W1083,52.07703,10.82432,0.0,,13.7,14.4,0.258,15.1,0.187,1.35,icon_d2
2026-10-03,W1084,52.07703,10.85389,0.0,,14.2,14.1,0.294,14.4,0.224,1.36,icon_d2
2026-10-03,W1085,52.07703,10.88345,0.0,,14.0,14.1,0.294,14.4,0.224,1.37,icon_d2
2026-10-03,W1086,52.07703,10.91302,0.0,,13.7,14.1,0.294,14.4,0.224,1.4,icon_d2
2026-10-03,W1087,52.07703,10.94258,0.0,,13.7,14.1,0.294,14.4,0.224,1.4,icon_d2
2026-10-03,W1088,52.07703,10.97214,0.0,,13.4,14.1,0.294,14.4,0.224,1.41,icon_d2
2026-10-03,W1089,52.07703,11.00171,0.0,,13.5,14.3,0.243,14.6,0.168,1.39,icon_d2
2026-10-03,W1090,52.07703,11.03127,0.0,,13.7,13.9,0.292,13.9,0.219,1.37,icon_d2
2026-10-03,W1091,52.07703,11.06084,0.0,,14.2,13.9,0.292,13.9,0.219,1.41,icon_d2
2026-10-03,W1092,52.07703,11.0904,0.0,,14.8,13.9,0.292,13.9,0.219,1.48,icon_d2
2026-10-03,W0033,52.086,11.1338,0.0,,15.0,14.6,0.267,14.9,0.185,1.5,icon_d2
2026-10-03,W1093,52.07703,11.14953,0.0,,15.1,14.6,0.267,14.9,0.185,1.5,icon_d2
2026-10-03,W1094,52.09505,10.11478,0.0,,12.8,13.5,0.305,14.1,0.203,1.46,icon_d2
2026-10-03,W1095,52.09505,10.14435,0.0,,12.9,13.5,0.305,14.1,0.203,1.46,icon_d2
2026-10-03,W1096,52.09505,10.17391,0.0,,12.5,13.5,0.305,14.1,0.203,1.48,icon_d2
2026-10-03,W1097,52.09505,10.20347,0.0,,13.0,13.6,0.307,13.8,0.181,1.51,icon_d2
2026-10-03,W1098,52.09505,10.23304,0.0,,13.6,13.6,0.307,13.8,0.181,1.5,icon_d2
2026-10-03,W1099,52.09505,10.2626,0.0,,13.3,13.6,0.288,14.0,0.17,1.5,icon_d2
2026-10-03,W1100,52.09505,10.29217,0.0,,13.9,13.6,0.288,14.0,0.17,1.5,icon_d2
2026-10-03,W1101,52.09505,10.32173,0.0,,13.3,13.6,0.288,14.0,0.17,1.41,icon_d2
2026-10-03,W1578,52.09505,10.3513,0.0,,14.4,13.7,0.284,13.9,0.151,1.41,icon_d2
2026-10-03,W1102,52.09505,10.38086,0.0,,14.0,13.7,0.284,13.9,0.151,1.47,icon_d2
2026-10-03,W1103,52.09505,10.41042,0.0,,13.5,13.7,0.284,13.9,0.151,1.48,icon_d2
2026-10-03,W1104,52.09505,10.43999,0.0,,13.5,14.0,0.259,14.6,0.162,1.48,icon_d2
2026-10-03,W1105,52.09505,10.46955,0.0,,13.4,14.0,0.259,14.6,0.162,1.48,icon_d2
2026-10-03,W1106,52.09505,10.49912,0.0,,13.9,14.0,0.259,14.6,0.162,1.47,icon_d2
2026-10-03,W1107,52.09505,10.52868,0.0,,13.9,14.3,0.283,15.1,0.182,1.41,icon_d2
2026-10-03,W1108,52.09505,10.55825,0.0,,13.0,14.3,0.283,15.1,0.182,1.38,icon_d2
2026-10-03,W1109,52.09505,10.58781,0.0,,13.0,14.2,0.271,14.8,0.163,1.38,icon_d2
2026-10-03,W1110,52.09505,10.61737,0.0,,13.4,14.2,0.271,14.8,0.163,1.47,icon_d2
2026-10-03,W1111,52.09505,10.64694,0.0,,13.9,14.2,0.271,14.8,0.163,1.51,icon_d2
2026-10-03,W1112,52.09505,10.6765,0.0,,13.6,14.2,0.271,14.8,0.163,1.51,icon_d2
2026-10-03,W1113,52.09505,10.70607,0.0,,14.1,14.1,0.274,14.6,0.195,1.51,icon_d2
2026-10-03,W1114,52.09505,10.73563,0.0,,13.7,14.1,0.274,14.6,0.195,1.48,icon_d2
2026-10-03,W1115,52.09505,10.76519,0.0,,13.8,14.4,0.258,15.1,0.187,1.48,icon_d2
2026-10-03,W1579,52.09505,10.79476,0.0,,13.4,14.4,0.258,15.1,0.187,1.43,icon_d2
2026-10-03,W1116,52.09505,10.82432,0.0,,13.9,14.4,0.258,15.1,0.187,1.42,icon_d2
2026-10-03,W1117,52.09505,10.85389,0.0,,14.1,14.1,0.294,14.4,0.224,1.42,icon_d2
2026-10-03,W1580,52.09505,10.88345,0.0,,14.0,14.1,0.294,14.4,0.224,1.4,icon_d2
2026-10-03,W1118,52.09505,10.91302,0.0,,14.0,14.1,0.294,14.4,0.224,1.42,icon_d2
2026-10-03,W0052,52.1221,10.3068,0.0,,13.7,13.6,0.288,14.0,0.17,1.5,icon_d2
2026-10-03,W0053,52.1221,10.3363,0.0,,14.3,13.6,0.288,14.0,0.17,1.42,icon_d2
2026-10-03,W1150,52.13108,10.3513,0.0,,13.7,13.6,0.288,14.0,0.17,1.36,icon_d2
2026-10-03,W0054,52.1221,10.3954,0.0,,14.2,14.0,0.259,14.6,0.162,1.44,icon_d2
2026-10-03,W1151,52.13108,10.41042,0.0,,13.6,14.0,0.259,14.6,0.162,1.38,icon_d2
2026-10-03,W1152,52.13108,10.43999,0.0,,13.5,14.0,0.259,14.6,0.162,1.44,icon_d2
2026-10-03,W0055,52.1221,10.484,0.0,,13.7,14.0,0.259,14.6,0.162,1.49,icon_d2
2026-10-03,W0056,52.1221,10.5135,0.0,,14.0,14.0,0.259,14.6,0.162,1.46,icon_d2
2026-10-03,W0057,52.1221,10.5431,0.0,,13.7,14.2,0.271,14.8,0.163,1.38,icon_d2
2026-10-03,W0058,52.1221,10.5726,0.0,,13.6,14.2,0.271,14.8,0.163,1.41,icon_d2
2026-10-03,W1153,52.13108,10.58781,0.0,,13.1,14.2,0.271,14.8,0.163,1.42,icon_d2
2026-10-03,W1583,52.13108,10.61737,0.0,,14.6,14.2,0.271,14.8,0.163,1.49,icon_d2
2026-10-03,W0059,52.1221,10.6612,0.0,,14.3,14.2,0.271,14.8,0.163,1.5,icon_d2
2026-10-03,W0060,52.1221,10.6908,0.0,,13.8,14.4,0.258,15.1,0.187,1.5,icon_d2
2026-10-03,W1154,52.13108,10.70607,0.0,,13.8,14.4,0.258,15.1,0.187,1.5,icon_d2
2026-10-03,W1155,52.13108,10.73563,0.0,,13.6,14.4,0.258,15.1,0.187,1.54,icon_d2
2026-10-03,W1584,52.13108,10.76519,0.0,,13.6,14.4,0.258,15.1,0.187,1.54,icon_d2
2026-10-03,W1156,52.13108,10.79476,0.0,,14.4,14.4,0.258,15.1,0.187,1.53,icon_d2
2026-10-03,W1157,52.13108,10.82432,0.0,,14.2,14.4,0.258,15.1,0.187,1.51,icon_d2
2026-10-03,W1158,52.13108,10.85389,0.0,,14.7,14.4,0.258,15.1,0.187,1.5,icon_d2
2026-10-03,W1159,52.13108,10.88345,0.0,,15.1,14.3,0.243,14.6,0.168,1.43,icon_d2
2026-10-03,W1160,52.13108,10.91302,0.0,,14.6,14.3,0.243,14.6,0.168,1.42,icon_d2
2026-10-03,W1161,52.13108,10.94258,0.0,,14.6,14.3,0.243,14.6,0.168,1.41,icon_d2
2026-10-03,W0061,52.1221,10.9861,0.0,,13.3,14.3,0.243,14.6,0.168,1.42,icon_d2
2026-10-03,W0062,52.1221,11.0157,0.0,,13.3,14.3,0.243,14.6,0.168,1.43,icon_d2
2026-10-03,W0063,52.1221,11.0452,0.0,,13.5,14.6,0.267,14.9,0.185,1.43,icon_d2
2026-10-03,W1162,52.13108,11.06084,0.0,,14.2,14.6,0.267,14.9,0.185,1.44,icon_d2
2026-10-03,W1163,52.13108,11.0904,0.0,,14.8,14.6,0.267,14.9,0.185,1.47,icon_d2
2026-10-03,W1164,52.13108,11.11997,0.0,,14.7,14.6,0.267,14.9,0.185,1.47,icon_d2
2026-10-03,W1165,52.13108,11.14953,0.0,,14.4,14.6,0.267,14.9,0.185,1.45,icon_d2
2026-10-03,W0065,52.1401,10.1295,0.0,,13.5,13.5,0.305,14.1,0.203,1.44,icon_d2
2026-10-03,W0066,52.1401,10.1591,0.0,,12.9,13.5,0.305,14.1,0.203,1.47,icon_d2
2026-10-03,W0067,52.1401,10.1886,0.0,,13.3,13.5,0.305,14.1,0.203,1.52,icon_d2
2026-10-03,W0068,52.1401,10.2182,0.0,,12.9,13.6,0.288,14.0,0.17,1.52,icon_d2
2026-10-03,W1166,52.1491,10.23304,0.0,,13.0,13.6,0.288,14.0,0.17,1.53,icon_d2
2026-10-03,W1167,52.1491,10.2626,0.0,,14.0,13.6,0.288,14.0,0.17,1.53,icon_d2
2026-10-03,W1168,52.1491,10.29217,0.0,,14.0,13.6,0.288,14.0,0.17,1.53,icon_d2
2026-10-03,W1169,52.1491,10.32173,0.0,,14.0,13.6,0.288,14.0,0.17,1.47,icon_d2
2026-10-03,W0069,52.1401,10.3658,0.0,,13.7,14.0,0.259,14.6,0.162,1.36,icon_d2
2026-10-03,W0084,52.1581,10.3954,0.0,,14.1,14.0,0.259,14.6,0.162,1.36,icon_d2
2026-10-03,W0085,52.1581,10.4249,0.0,,14.1,14.0,0.259,14.6,0.162,1.36,icon_d2
2026-10-03,W1170,52.1491,10.43999,0.0,,13.6,14.0,0.259,14.6,0.162,1.44,icon_d2
2026-10-03,W0070,52.1401,10.484,0.0,,14.2,14.0,0.259,14.6,0.162,1.46,icon_d2
2026-10-03,W0071,52.1401,10.5135,0.0,,14.3,14.0,0.259,14.6,0.162,1.46,icon_d2
2026-10-03,W0072,52.1401,10.5431,0.0,,13.8,14.2,0.271,14.8,0.163,1.4,icon_d2
2026-10-03,W0073,52.1401,10.5726,0.0,,13.3,14.2,0.271,14.8,0.163,1.43,icon_d2
2026-10-03,W1171,52.1491,10.58781,0.0,,13.3,14.2,0.271,14.8,0.163,1.43,icon_d2
2026-10-03,W0074,52.1401,10.6317,0.0,,13.7,13.5,0.271,14.2,0.163,1.44,icon_d2
2026-10-03,W0075,52.1401,10.6612,0.0,,13.1,13.4,0.271,14.1,0.163,1.44,icon_d2
2026-10-03,W0076,52.1401,10.6908,0.0,,14.2,14.4,0.258,15.1,0.187,1.51,icon_d2
2026-10-03,W0077,52.1401,10.7203,0.0,,13.8,14.4,0.258,15.1,0.187,1.55,icon_d2
2026-10-03,W1172,52.1491,10.73563,0.0,,13.7,14.4,0.258,15.1,0.187,1.55,icon_d2
2026-10-03,W1173,52.1491,10.76519,0.0,,13.6,14.4,0.258,15.1,0.187,1.54,icon_d2
2026-10-03,W1174,52.1491,10.79476,0.0,,14.3,14.4,0.258,15.1,0.187,1.53,icon_d2
2026-10-03,W0090,52.1581,10.8384,0.0,,14.4,14.3,0.235,14.7,0.15,1.43,icon_d2
2026-10-03,W0078,52.1401,10.868,0.0,,14.6,14.3,0.243,14.6,0.168,1.5,icon_d2
2026-10-03,W0079,52.1401,10.8975,0.0,,14.5,14.3,0.243,14.6,0.168,1.41,icon_d2
2026-10-03,W0080,52.1401,10.9271,0.0,,14.4,13.6,0.243,13.9,0.168,1.36,icon_d2
2026-10-03,W0081,52.1401,10.9566,0.0,,14.7,14.3,0.243,14.6,0.168,1.37,icon_d2
2026-10-03,W0095,52.1581,10.9861,0.0,,14.3,14.6,0.226,14.8,0.148,1.39,icon_d2
2026-10-03,W0096,52.1581,11.0157,0.0,,13.6,14.6,0.226,14.8,0.148,1.42,icon_d2
2026-10-03,W0082,52.1401,11.0452,0.0,,13.7,14.6,0.267,14.9,0.185,1.45,icon_d2
2026-10-03,W1175,52.1491,11.06084,0.0,,14.2,14.6,0.267,14.9,0.185,1.44,icon_d2
2026-10-03,W0098,52.1581,11.1043,0.0,,14.4,14.6,0.267,14.9,0.185,1.43,icon_d2
2026-10-03,W1176,52.1491,11.11997,0.0,,14.6,14.6,0.267,14.9,0.185,1.46,icon_d2
2026-10-03,W1177,52.1491,11.14953,0.0,,14.5,14.6,0.267,14.9,0.185,1.45,icon_d2
2026-10-03,W1585,52.16712,10.11478,0.0,,13.6,13.5,0.306,13.9,0.211,1.53,icon_d2
2026-10-03,W1178,52.16712,10.14435,0.0,,13.9,13.5,0.306,13.9,0.211,1.51,icon_d2
2026-10-03,W1179,52.16712,10.17391,0.0,,13.7,13.5,0.306,13.9,0.211,1.54,icon_d2
2026-10-03,W0099,52.1761,10.2182,0.0,,13.2,13.6,0.288,14.0,0.17,1.54,icon_d2
2026-10-03,W1180,52.16712,10.23304,0.0,,12.7,13.6,0.288,14.0,0.17,1.54,icon_d2
2026-10-03,W1181,52.16712,10.2626,0.0,,12.6,13.6,0.288,14.0,0.17,1.53,icon_d2
2026-10-03,W1182,52.16712,10.29217,0.0,,13.9,13.8,0.263,14.2,0.178,1.48,icon_d2
2026-10-03,W1183,52.16712,10.32173,0.0,,13.9,13.8,0.263,14.2,0.178,1.48,icon_d2
2026-10-03,W0100,52.1761,10.3658,0.0,,13.5,13.8,0.263,14.2,0.178,1.43,icon_d2
2026-10-03,W1184,52.16712,10.38086,0.0,,13.6,14.0,0.259,14.6,0.162,1.4,icon_d2
2026-10-03,W0101,52.1761,10.4249,0.0,,13.8,14.3,0.25,14.8,0.146,1.41,icon_d2
2026-10-03,W0102,52.1761,10.4545,0.0,,13.5,14.3,0.25,14.8,0.146,1.4,icon_d2
2026-10-03,W0103,52.1761,10.484,0.0,,13.6,14.3,0.25,14.8,0.146,1.41,icon_d2
2026-10-03,W1185,52.16712,10.49912,0.0,,13.9,14.3,0.25,14.8,0.146,1.44,icon_d2
2026-10-03,W0104,52.1761,10.5431,0.0,,13.8,14.2,0.271,14.8,0.163,1.45,icon_d2
2026-10-03,W1186,52.16712,10.55825,0.0,,13.3,14.2,0.271,14.8,0.163,1.4,icon_d2
2026-10-03,W1187,52.16712,10.58781,0.0,,13.2,14.2,0.271,14.8,0.163,1.4,icon_d2
2026-10-03,W1188,52.16712,10.61737,0.0,,14.0,14.3,0.258,14.6,0.156,1.45,icon_d2
2026-10-03,W1189,52.16712,10.64694,0.0,,14.5,14.3,0.258,14.6,0.156,1.46,icon_d2
2026-10-03,W1586,52.16712,10.6765,0.0,,14.0,14.3,0.258,14.6,0.156,1.47,icon_d2
2026-10-03,W1190,52.16712,10.70607,0.0,,14.2,14.4,0.258,15.1,0.187,1.53,icon_d2
2026-10-03,W1587,52.16712,10.73563,0.0,,14.4,14.4,0.258,15.1,0.187,1.51,icon_d2
2026-10-03,W0105,52.1761,10.7794,0.0,,14.6,14.3,0.235,14.7,0.15,1.45,icon_d2
2026-10-03,W0106,52.1761,10.8089,0.0,,14.4,14.3,0.235,14.7,0.15,1.44,icon_d2
2026-10-03,W0107,52.1761,10.8384,0.0,,14.4,14.3,0.235,14.7,0.15,1.41,icon_d2
2026-10-03,W0108,52.1761,10.868,0.0,,14.6,14.3,0.235,14.7,0.15,1.45,icon_d2
2026-10-03,W0109,52.1761,10.8975,0.0,,14.3,14.3,0.243,14.6,0.168,1.42,icon_d2
2026-10-03,W0110,52.1761,10.9271,0.0,,14.7,14.6,0.226,14.8,0.148,1.44,icon_d2
2026-10-03,W0111,52.1761,10.9566,0.0,,14.0,14.6,0.226,14.8,0.148,1.37,icon_d2
2026-10-03,W0112,52.1761,10.9861,0.0,,14.0,14.6,0.226,14.8,0.148,1.39,icon_d2
2026-10-03,W0113,52.1761,11.0157,0.0,,13.4,14.6,0.226,14.8,0.148,1.39,icon_d2
2026-10-03,W0114,52.1761,11.0452,0.0,,13.9,14.6,0.267,14.9,0.185,1.42,icon_d2
2026-10-03,W1191,52.16712,11.06084,0.0,,14.5,14.6,0.267,14.9,0.185,1.44,icon_d2
2026-10-03,W0115,52.1761,11.1043,0.0,,14.2,14.6,0.236,14.7,0.147,1.39,icon_d2
2026-10-03,W1192,52.16712,11.11997,0.0,,14.5,14.6,0.236,14.7,0.147,1.45,icon_d2
2026-10-03,W1193,52.16712,11.14953,0.0,,14.6,14.6,0.236,14.7,0.147,1.43,icon_d2
2026-10-03,W0116,52.1941,10.1,0.0,,13.1,13.5,0.306,13.9,0.211,1.57,icon_d2
2026-10-03,W1194,52.18514,10.14435,0.0,,13.3,13.5,0.306,13.9,0.211,1.54,icon_d2
2026-10-03,W1588,52.18514,10.17391,0.0,,13.6,13.5,0.306,13.9,0.211,1.54,icon_d2
2026-10-03,W1195,52.18514,10.20347,0.0,,13.5,13.5,0.306,13.9,0.211,1.54,icon_d2
2026-10-03,W1196,52.18514,10.23304,0.0,,13.4,13.8,0.263,14.2,0.178,1.54,icon_d2
2026-10-03,W1197,52.18514,10.2626,0.0,,12.8,13.8,0.263,14.2,0.178,1.52,icon_d2
2026-10-03,W0117,52.1941,10.3068,0.0,,13.3,13.8,0.263,14.2,0.178,1.51,icon_d2
2026-10-03,W0118,52.1941,10.3363,0.0,,13.3,13.8,0.263,14.2,0.178,1.47,icon_d2
2026-10-03,W1198,52.18514,10.3513,0.0,,13.5,13.8,0.263,14.2,0.178,1.43,icon_d2
2026-10-03,W1199,52.18514,10.38086,0.0,,13.7,14.3,0.25,14.8,0.146,1.4,icon_d2
2026-10-03,W1200,52.18514,10.41042,0.0,,13.8,14.3,0.25,14.8,0.146,1.41,icon_d2
2026-10-03,W1201,52.18514,10.43999,0.0,,13.9,14.3,0.25,14.8,0.146,1.41,icon_d2
2026-10-03,W1202,52.18514,10.46955,0.0,,13.6,14.3,0.25,14.8,0.146,1.4,icon_d2
2026-10-03,W1203,52.18514,10.49912,0.0,,13.7,14.3,0.25,14.8,0.146,1.43,icon_d2
2026-10-03,W0119,52.1941,10.5431,0.0,,13.7,14.3,0.25,14.8,0.146,1.46,icon_d2
2026-10-03,W1204,52.18514,10.55825,0.0,,13.5,14.3,0.258,14.6,0.156,1.45,icon_d2
2026-10-03,W1205,52.18514,10.58781,0.0,,13.7,14.3,0.258,14.6,0.156,1.45,icon_d2
2026-10-03,W0120,52.1941,10.6317,0.0,,13.7,14.3,0.258,14.6,0.156,1.44,icon_d2
2026-10-03,W1206,52.18514,10.64694,0.0,,13.5,14.3,0.258,14.6,0.156,1.43,icon_d2
2026-10-03,W0121,52.1941,10.6908,0.0,,14.9,14.3,0.258,14.6,0.156,1.55,icon_d2
2026-10-03,W0122,52.1941,10.7203,0.0,,15.1,14.3,0.235,14.7,0.15,1.58,icon_d2
2026-10-03,W0123,52.1941,10.7498,0.0,,14.1,13.1,0.235,13.6,0.15,1.44,icon_d2
2026-10-03,W0124,52.1941,10.7794,0.0,,14.5,13.5,0.235,13.9,0.15,1.46,icon_d2
2026-10-03,W0125,52.1941,10.8089,0.0,,14.0,13.4,0.235,13.8,0.15,1.41,icon_d2
2026-10-03,W0126,52.1941,10.8384,0.0,,14.3,14.3,0.235,14.7,0.15,1.39,icon_d2
2026-10-03,W0127,52.1941,10.868,0.0,,14.7,14.3,0.235,14.7,0.15,1.5,icon_d2
2026-10-03,W1589,52.18514,10.88345,0.0,,14.6,14.6,0.226,14.8,0.148,1.42,icon_d2
2026-10-03,W0128,52.1941,10.9271,0.0,,14.1,14.6,0.226,14.8,0.148,1.49,icon_d2
2026-10-03,W0129,52.1941,10.9566,0.0,,13.4,14.6,0.226,14.8,0.148,1.41,icon_d2
2026-10-03,W1590,52.18514,10.97214,0.0,,13.6,14.6,0.226,14.8,0.148,1.38,icon_d2
2026-10-03,W1207,52.18514,11.00171,0.0,,13.2,14.6,0.226,14.8,0.148,1.38,icon_d2
2026-10-03,W0130,52.1941,11.0452,0.0,,13.9,14.6,0.236,14.7,0.147,1.46,icon_d2
2026-10-03,W0131,52.1941,11.0747,0.0,,14.3,14.6,0.236,14.7,0.147,1.41,icon_d2
2026-10-03,W0132,52.1941,11.1043,0.0,,14.5,14.6,0.236,14.7,0.147,1.42,icon_d2
2026-10-03,W1208,52.18514,11.11997,0.0,,14.2,14.6,0.236,14.7,0.147,1.37,icon_d2
2026-10-03,W1209,52.18514,11.14953,0.0,,14.5,14.6,0.236,14.7,0.147,1.41,icon_d2
2026-10-03,W1210,52.20315,10.11478,0.0,,13.2,13.5,0.306,13.9,0.211,1.57,icon_d2
2026-10-03,W1211,52.20315,10.14435,0.0,,13.4,13.5,0.306,13.9,0.211,1.53,icon_d2
2026-10-03,W1212,52.20315,10.17391,0.0,,13.4,13.5,0.306,13.9,0.211,1.54,icon_d2
2026-10-03,W1591,52.20315,10.20347,0.0,,13.5,13.5,0.306,13.9,0.211,1.54,icon_d2
2026-10-03,W1213,52.20315,10.23304,0.0,,13.4,13.8,0.263,14.2,0.178,1.54,icon_d2
2026-10-03,W1214,52.20315,10.2626,0.0,,13.4,13.8,0.263,14.2,0.178,1.54,icon_d2
2026-10-03,W1215,52.20315,10.29217,0.0,,13.3,13.8,0.263,14.2,0.178,1.51,icon_d2
2026-10-03,W1216,52.20315,10.32173,0.0,,13.1,13.8,0.263,14.2,0.178,1.45,icon_d2
2026-10-03,W1217,52.20315,10.3513,0.0,,13.4,13.8,0.263,14.2,0.178,1.46,icon_d2
2026-10-03,W1218,52.20315,10.38086,0.0,,13.5,14.3,0.25,14.8,0.146,1.46,icon_d2
2026-10-03,W1219,52.20315,10.41042,0.0,,13.4,14.3,0.25,14.8,0.146,1.44,icon_d2
2026-10-03,W1220,52.20315,10.43999,0.0,,13.9,14.3,0.25,14.8,0.146,1.41,icon_d2
2026-10-03,W1221,52.20315,10.46955,0.0,,13.6,14.3,0.25,14.8,0.146,1.4,icon_d2
2026-10-03,W1222,52.20315,10.49912,0.0,,13.7,14.3,0.25,14.8,0.146,1.43,icon_d2
2026-10-03,W1223,52.20315,10.52868,0.0,,13.6,14.3,0.25,14.8,0.146,1.43,icon_d2
2026-10-03,W1224,52.20315,10.55825,0.0,,13.8,14.3,0.258,14.6,0.156,1.46,icon_d2
2026-10-03,W1225,52.20315,10.58781,0.0,,13.7,14.3,0.258,14.6,0.156,1.44,icon_d2
2026-10-03,W1226,52.20315,10.61737,0.0,,13.6,14.3,0.258,14.6,0.156,1.43,icon_d2
2026-10-03,W1227,52.20315,10.64694,0.0,,13.7,14.3,0.258,14.6,0.156,1.44,icon_d2
2026-10-03,W1228,52.20315,10.6765,0.0,,14.5,14.3,0.258,14.6,0.156,1.53,icon_d2
2026-10-03,W1229,52.20315,10.70607,0.0,,14.8,14.3,0.258,14.6,0.156,1.55,icon_d2
2026-10-03,W1592,52.20315,10.73563,0.0,,14.4,13.4,0.235,13.9,0.15,1.56,icon_d2
2026-10-03,W1230,52.20315,10.76519,0.0,,14.4,13.4,0.235,13.9,0.15,1.45,icon_d2
2026-10-03,W1593,52.20315,10.79476,0.0,,13.9,13.3,0.235,13.7,0.15,1.4,icon_d2
2026-10-03,W1594,52.20315,10.82432,0.0,,14.1,13.5,0.235,14.0,0.15,1.41,icon_d2
2026-10-03,W1595,52.20315,10.85389,0.0,,14.6,14.3,0.235,14.7,0.15,1.49,icon_d2
2026-10-03,W1231,52.20315,10.88345,0.0,,14.9,14.6,0.226,14.8,0.148,1.5,icon_d2
2026-10-03,W1232,52.20315,10.91302,0.0,,14.2,14.6,0.226,14.8,0.148,1.49,icon_d2
2026-10-03,W1233,52.20315,10.94258,0.0,,13.4,14.6,0.226,14.8,0.148,1.47,icon_d2
2026-10-03,W1234,52.20315,10.97214,0.0,,12.7,14.6,0.226,14.8,0.148,1.42,icon_d2
2026-10-03,W1235,52.20315,11.00171,0.0,,13.3,14.6,0.226,14.8,0.148,1.41,icon_d2
2026-10-03,W1236,52.20315,11.03127,0.0,,14.0,14.6,0.226,14.8,0.148,1.46,icon_d2
2026-10-03,W1237,52.20315,11.06084,0.0,,14.0,14.6,0.236,14.7,0.147,1.43,icon_d2
2026-10-03,W1238,52.20315,11.0904,0.0,,14.4,14.6,0.236,14.7,0.147,1.42,icon_d2
2026-10-03,W1239,52.20315,11.11997,0.0,,14.5,14.6,0.236,14.7,0.147,1.38,icon_d2
2026-10-03,W1240,52.20315,11.14953,0.0,,14.1,14.6,0.236,14.7,0.147,1.38,icon_d2
2026-10-03,W1596,52.22117,10.11478,0.0,,13.2,13.5,0.306,13.9,0.211,1.59,icon_d2
2026-10-03,W1241,52.22117,10.14435,0.0,,13.1,13.5,0.306,13.9,0.211,1.59,icon_d2
2026-10-03,W1597,52.22117,10.17391,0.0,,13.2,13.5,0.306,13.9,0.211,1.56,icon_d2
2026-10-03,W1242,52.22117,10.20347,0.0,,13.3,13.8,0.294,14.1,0.209,1.56,icon_d2
2026-10-03,W1243,52.22117,10.23304,0.0,,13.4,13.8,0.263,14.2,0.178,1.53,icon_d2
2026-10-03,W1244,52.22117,10.2626,0.0,,13.4,13.8,0.263,14.2,0.178,1.49,icon_d2
2026-10-03,W1245,52.22117,10.29217,0.0,,13.3,13.8,0.263,14.2,0.178,1.44,icon_d2
2026-10-03,W0133,52.2122,10.3363,0.0,,13.2,13.8,0.263,14.2,0.178,1.44,icon_d2
2026-10-03,W1246,52.22117,10.3513,0.0,,13.3,13.7,0.247,13.9,0.152,1.46,icon_d2
2026-10-03,W1247,52.22117,10.38086,0.0,,13.4,13.7,0.247,13.9,0.152,1.46,icon_d2
2026-10-03,W1248,52.22117,10.41042,0.0,,13.5,14.3,0.25,14.8,0.146,1.43,icon_d2
2026-10-03,W1249,52.22117,10.43999,0.0,,13.5,14.3,0.25,14.8,0.146,1.41,icon_d2
2026-10-03,W1250,52.22117,10.46955,0.0,,13.5,14.3,0.25,14.8,0.146,1.4,icon_d2
2026-10-03,W1251,52.22117,10.49912,0.0,,13.6,14.3,0.25,14.8,0.146,1.42,icon_d2
2026-10-03,W0134,52.2122,10.5431,0.0,,13.7,14.6,0.22,15.0,0.148,1.45,icon_d2
2026-10-03,W0135,52.2122,10.5726,0.0,,13.4,14.3,0.258,14.6,0.156,1.49,icon_d2
2026-10-03,W0136,52.2122,10.6021,0.0,,13.6,14.3,0.258,14.6,0.156,1.49,icon_d2
2026-10-03,W1252,52.22117,10.61737,0.0,,13.5,14.3,0.258,14.6,0.156,1.47,icon_d2
2026-10-03,W1253,52.22117,10.64694,0.0,,13.4,14.3,0.258,14.6,0.156,1.47,icon_d2
2026-10-03,W1254,52.22117,10.6765,0.0,,14.6,14.4,0.246,14.6,0.15,1.46,icon_d2
2026-10-03,W0137,52.2122,10.7203,0.0,,14.5,13.5,0.235,14.0,0.15,1.45,icon_d2
2026-10-03,W0138,52.2122,10.7498,0.0,,14.7,14.3,0.235,14.7,0.15,1.46,icon_d2
2026-10-03,W0139,52.2122,10.7794,0.0,,14.0,13.2,0.235,13.7,0.15,1.35,icon_d2
2026-10-03,W0140,52.2122,10.8089,0.0,,14.0,13.3,0.235,13.8,0.15,1.37,icon_d2
2026-10-03,W0141,52.2122,10.8384,0.0,,14.5,14.3,0.235,14.7,0.15,1.44,icon_d2
2026-10-03,W1598,52.22117,10.85389,0.0,,15.0,14.5,0.227,14.6,0.146,1.46,icon_d2
2026-10-03,W0142,52.2122,10.8975,0.0,,13.0,14.6,0.226,14.8,0.148,1.51,icon_d2
2026-10-03,W0143,52.2122,10.9271,0.0,,13.1,14.6,0.226,14.8,0.148,1.48,icon_d2
2026-10-03,W0144,52.2122,10.9566,0.0,,13.0,14.6,0.226,14.8,0.148,1.46,icon_d2
2026-10-03,W0145,52.2122,10.9861,0.0,,13.7,14.6,0.226,14.8,0.148,1.46,icon_d2
2026-10-03,W0146,52.2122,11.0157,0.0,,14.9,14.6,0.226,14.8,0.148,1.49,icon_d2
2026-10-03,W0147,52.2122,11.0452,0.0,,14.1,14.6,0.236,14.7,0.147,1.46,icon_d2
2026-10-03,W0148,52.2122,11.0747,0.0,,14.0,14.6,0.236,14.7,0.147,1.39,icon_d2
2026-10-03,W0149,52.2122,11.1043,0.0,,14.0,14.6,0.236,14.7,0.147,1.38,icon_d2
2026-10-03,W0150,52.2122,11.1338,0.0,,13.7,14.6,0.236,14.7,0.147,1.38,icon_d2
2026-10-03,W1255,52.22117,11.14953,0.0,,13.4,14.6,0.236,14.7,0.147,1.37,icon_d2
2026-10-03,W1256,52.23919,10.11478,0.0,,12.9,13.8,0.294,14.1,0.209,1.59,icon_d2
2026-10-03,W1257,52.23919,10.14435,0.0,,13.1,13.8,0.294,14.1,0.209,1.59,icon_d2
2026-10-03,W1258,52.23919,10.17391,0.0,,13.1,13.8,0.294,14.1,0.209,1.57,icon_d2
2026-10-03,W1259,52.23919,10.20347,0.0,,13.2,13.8,0.294,14.1,0.209,1.54,icon_d2
2026-10-03,W1260,52.23919,10.23304,0.0,,13.2,13.8,0.263,14.2,0.178,1.52,icon_d2
2026-10-03,W1261,52.23919,10.2626,0.0,,13.3,13.8,0.263,14.2,0.178,1.51,icon_d2
2026-10-03,W1262,52.23919,10.29217,0.0,,13.4,13.7,0.247,13.9,0.152,1.44,icon_d2
2026-10-03,W1263,52.23919,10.32173,0.0,,13.4,13.7,0.247,13.9,0.152,1.44,icon_d2
2026-10-03,W1264,52.23919,10.3513,0.0,,13.4,13.7,0.247,13.9,0.152,1.44,icon_d2
2026-10-03,W1265,52.23919,10.38086,0.0,,13.4,13.7,0.247,13.9,0.152,1.42,icon_d2
2026-10-03,W1266,52.23919,10.41042,0.0,,13.7,14.3,0.25,14.8,0.146,1.42,icon_d2
2026-10-03,W1267,52.23919,10.43999,0.0,,13.6,14.3,0.25,14.8,0.146,1.41,icon_d2
2026-10-03,W1268,52.23919,10.46955,0.0,,13.6,14.6,0.22,15.0,0.148,1.41,icon_d2
2026-10-03,W1269,52.23919,10.49912,0.0,,13.8,14.6,0.22,15.0,0.148,1.43,icon_d2
2026-10-03,W0151,52.2302,10.5431,0.0,,13.7,14.6,0.22,15.0,0.148,1.44,icon_d2
2026-10-03,W0152,52.2302,10.5726,0.0,,13.7,14.3,0.258,14.6,0.156,1.47,icon_d2
2026-10-03,W0153,52.2302,10.6021,0.0,,13.5,14.3,0.258,14.6,0.156,1.49,icon_d2
2026-10-03,W0154,52.2302,10.6317,0.0,,13.7,14.3,0.258,14.6,0.156,1.45,icon_d2
2026-10-03,W0155,52.2302,10.6612,0.0,,13.9,14.4,0.246,14.6,0.15,1.43,icon_d2
2026-10-03,W1270,52.23919,10.6765,0.0,,13.9,14.4,0.246,14.6,0.15,1.43,icon_d2
2026-10-03,W0156,52.2302,10.7203,0.0,,14.4,14.3,0.235,14.7,0.15,1.38,icon_d2
2026-10-03,W0157,52.2302,10.7498,0.0,,14.2,13.6,0.235,14.0,0.15,1.37,icon_d2
2026-10-03,W0158,52.2302,10.7794,0.0,,13.9,13.4,0.235,13.8,0.15,1.36,icon_d2
2026-10-03,W0159,52.2302,10.8089,0.0,,14.4,14.3,0.235,14.7,0.15,1.37,icon_d2
2026-10-03,W0160,52.2302,10.8384,0.0,,14.6,14.5,0.227,14.6,0.146,1.43,icon_d2
2026-10-03,W1271,52.23919,10.85389,0.0,,14.7,14.5,0.227,14.6,0.146,1.47,icon_d2
2026-10-03,W1272,52.23919,10.88345,0.0,,13.3,14.5,0.227,14.6,0.146,1.48,icon_d2
2026-10-03,W1273,52.23919,10.91302,0.0,,13.2,14.6,0.226,14.8,0.148,1.48,icon_d2
2026-10-03,W1274,52.23919,10.94258,0.0,,13.1,14.6,0.226,14.8,0.148,1.48,icon_d2
2026-10-03,W1275,52.23919,10.97214,0.0,,14.0,14.5,0.236,14.5,0.149,1.39,icon_d2
2026-10-03,W0161,52.2302,11.0157,0.0,,14.5,14.5,0.236,14.5,0.149,1.47,icon_d2
2026-10-03,W0162,52.2302,11.0452,0.0,,14.1,14.5,0.236,14.5,0.149,1.44,icon_d2
2026-10-03,W0163,52.2302,11.0747,0.0,,13.9,14.6,0.236,14.7,0.147,1.43,icon_d2
2026-10-03,W0164,52.2302,11.1043,0.0,,13.6,14.6,0.236,14.7,0.147,1.43,icon_d2
2026-10-03,W1276,52.23919,11.11997,0.0,,13.6,14.5,0.23,14.5,0.143,1.43,icon_d2
2026-10-03,W1277,52.23919,11.14953,0.0,,13.9,14.5,0.23,14.5,0.143,1.41,icon_d2
2026-10-03,W1278,52.25721,10.11478,0.0,,13.1,13.8,0.294,14.1,0.209,1.57,icon_d2
2026-10-03,W0165,52.2482,10.1591,0.0,,13.0,13.8,0.294,14.1,0.209,1.58,icon_d2
2026-10-03,W0181,52.2662,10.1886,0.0,,13.4,13.8,0.294,14.1,0.209,1.53,icon_d2
2026-10-03,W1279,52.25721,10.20347,0.0,,13.6,13.8,0.294,14.1,0.209,1.53,icon_d2
2026-10-03,W0182,52.2662,10.2477,0.0,,13.7,13.7,0.247,13.9,0.152,1.51,icon_d2
2026-10-03,W0183,52.2662,10.2772,0.0,,13.3,13.7,0.247,13.9,0.152,1.45,icon_d2
2026-10-03,W0184,52.2662,10.3068,0.0,,13.4,13.7,0.247,13.9,0.152,1.45,icon_d2
2026-10-03,W1280,52.25721,10.32173,0.0,,13.4,13.7,0.247,13.9,0.152,1.44,icon_d2
2026-10-03,W1281,52.25721,10.3513,0.0,,13.4,13.7,0.247,13.9,0.152,1.44,icon_d2
2026-10-03,W1282,52.25721,10.38086,0.0,,13.4,13.7,0.247,13.9,0.152,1.42,icon_d2
2026-10-03,W1283,52.25721,10.41042,0.0,,13.9,14.6,0.22,15.0,0.148,1.43,icon_d2
2026-10-03,W0166,52.2482,10.4545,0.0,,13.5,14.6,0.22,15.0,0.148,1.41,icon_d2
2026-10-03,W1285,52.25721,10.46955,0.0,,14.0,14.6,0.22,15.0,0.148,1.4,icon_d2
2026-10-03,W0167,52.2482,10.5135,0.0,,14.1,14.6,0.22,15.0,0.148,1.44,icon_d2
2026-10-03,W1287,52.25721,10.52868,0.0,,14.4,14.6,0.22,15.0,0.148,1.43,icon_d2
2026-10-03,W1288,52.25721,10.55825,0.0,,13.9,14.6,0.22,15.0,0.148,1.46,icon_d2
2026-10-03,W0185,52.2662,10.6021,0.0,,13.3,14.4,0.246,14.6,0.15,1.47,icon_d2
2026-10-03,W0186,52.2662,10.6317,0.0,,13.9,14.4,0.246,14.6,0.15,1.46,icon_d2
2026-10-03,W0187,52.2662,10.6612,0.0,,13.7,14.4,0.246,14.6,0.15,1.45,icon_d2
2026-10-03,W0170,52.2482,10.6908,0.0,,14.9,14.4,0.246,14.6,0.15,1.4,icon_d2
2026-10-03,W0188,52.2662,10.7203,0.0,,14.3,14.4,0.246,14.6,0.15,1.41,icon_d2
2026-10-03,W0171,52.2482,10.7498,0.0,,14.6,14.5,0.227,14.6,0.146,1.39,icon_d2
2026-10-03,W0172,52.2482,10.7794,0.0,,14.5,14.5,0.227,14.6,0.146,1.38,icon_d2
2026-10-03,W0173,52.2482,10.8089,0.0,,15.0,14.5,0.227,14.6,0.146,1.39,icon_d2
2026-10-03,W1293,52.25721,10.82432,0.0,,13.6,14.5,0.227,14.6,0.146,1.45,icon_d2
2026-10-03,W0189,52.2662,10.868,0.0,,12.4,14.5,0.227,14.6,0.146,1.48,icon_d2
2026-10-03,W0190,52.2662,10.8975,0.0,,12.2,14.5,0.236,14.5,0.149,1.46,icon_d2
2026-10-03,W1294,52.25721,10.91302,0.0,,12.4,14.5,0.236,14.5,0.149,1.47,icon_d2
2026-10-03,W0191,52.2662,10.9566,0.0,,13.4,14.5,0.236,14.5,0.149,1.4,icon_d2
2026-10-03,W0192,52.2662,10.9861,0.0,,13.6,14.5,0.236,14.5,0.149,1.38,icon_d2
2026-10-03,W0193,52.2662,11.0157,0.0,,14.2,14.5,0.236,14.5,0.149,1.47,icon_d2
2026-10-03,W0194,52.2662,11.0452,0.0,,13.9,14.5,0.236,14.5,0.149,1.44,icon_d2
2026-10-03,W0195,52.2662,11.0747,0.0,,13.5,14.5,0.23,14.5,0.143,1.44,icon_d2
2026-10-03,W0196,52.2662,11.1043,0.0,,13.5,14.5,0.23,14.5,0.143,1.44,icon_d2
2026-10-03,W0197,52.2662,11.1338,0.0,,13.7,14.5,0.23,14.5,0.143,1.39,icon_d2
2026-10-03,W1606,52.25721,11.14953,0.0,,13.7,14.5,0.23,14.5,0.143,1.39,icon_d2
2026-10-03,W0198,52.2842,10.1,0.0,,13.2,13.8,0.294,14.1,0.209,1.59,icon_d2
2026-10-03,W1295,52.27523,10.14435,0.0,,13.5,13.8,0.294,14.1,0.209,1.53,icon_d2
2026-10-03,W0199,52.2842,10.1886,0.0,,13.3,13.8,0.294,14.1,0.209,1.52,icon_d2
2026-10-03,W1296,52.27523,10.20347,0.0,,13.4,13.8,0.294,14.1,0.209,1.52,icon_d2
2026-10-03,W0200,52.2842,10.2477,0.0,,13.5,13.7,0.247,13.9,0.152,1.5,icon_d2
2026-10-03,W1297,52.27523,10.2626,0.0,,13.0,13.7,0.247,13.9,0.152,1.43,icon_d2
2026-10-03,W1298,52.27523,10.29217,0.0,,13.3,13.7,0.247,13.9,0.152,1.43,icon_d2
2026-10-03,W0201,52.2842,10.3363,0.0,,13.2,13.7,0.247,13.9,0.152,1.44,icon_d2
2026-10-03,W0202,52.2842,10.3658,0.0,,13.3,13.7,0.247,13.9,0.152,1.44,icon_d2
2026-10-03,W0203,52.2842,10.3954,0.0,,13.7,13.4,0.258,13.5,0.203,1.42,icon_d2
2026-10-03,W1299,52.27523,10.41042,0.0,,13.8,14.6,0.22,15.0,0.148,1.42,icon_d2
2026-10-03,W0204,52.2842,10.4545,0.0,,14.0,14.6,0.22,15.0,0.148,1.44,icon_d2
2026-10-03,W1300,52.27523,10.46955,0.0,,14.1,14.6,0.22,15.0,0.148,1.44,icon_d2
2026-10-03,W0205,52.2842,10.5135,0.0,,14.6,14.6,0.22,15.0,0.148,1.48,icon_d2
2026-10-03,W0206,52.2842,10.5431,0.0,,13.8,14.6,0.22,15.0,0.148,1.46,icon_d2
2026-10-03,W0207,52.2842,10.5726,0.0,,13.3,14.4,0.246,14.6,0.15,1.43,icon_d2
2026-10-03,W0208,52.2842,10.6021,0.0,,13.2,14.4,0.246,14.6,0.15,1.42,icon_d2
2026-10-03,W0209,52.2842,10.6317,0.0,,13.2,14.4,0.246,14.6,0.15,1.41,icon_d2
2026-10-03,W1301,52.27523,10.64694,0.0,,13.4,14.4,0.246,14.6,0.15,1.42,icon_d2
2026-10-03,W1302,52.27523,10.6765,0.0,,13.6,14.4,0.246,14.6,0.15,1.45,icon_d2
2026-10-03,W0210,52.2842,10.7203,0.0,,13.8,14.4,0.246,14.6,0.15,1.46,icon_d2
2026-10-03,W1303,52.27523,10.73563,0.0,,13.6,14.5,0.227,14.6,0.146,1.46,icon_d2
2026-10-03,W1304,52.27523,10.76519,0.0,,14.0,14.5,0.227,14.6,0.146,1.43,icon_d2
2026-10-03,W0211,52.2842,10.8089,0.0,,13.1,14.5,0.227,14.6,0.146,1.48,icon_d2
2026-10-03,W0212,52.2842,10.8384,0.0,,13.3,14.5,0.227,14.6,0.146,1.5,icon_d2
2026-10-03,W0213,52.2842,10.868,0.0,,12.6,14.5,0.227,14.6,0.146,1.48,icon_d2
2026-10-03,W0214,52.2842,10.8975,0.0,,13.4,14.1,0.239,14.0,0.179,1.47,icon_d2
2026-10-03,W1305,52.27523,10.91302,0.0,,13.0,14.5,0.236,14.5,0.149,1.46,icon_d2
2026-10-03,W1306,52.27523,10.94258,0.0,,13.5,14.5,0.236,14.5,0.149,1.45,icon_d2
2026-10-03,W1307,52.27523,10.97214,0.0,,14.5,14.5,0.236,14.5,0.149,1.48,icon_d2
2026-10-03,W0215,52.2842,11.0157,0.0,,13.8,14.5,0.236,14.5,0.149,1.47,icon_d2
2026-10-03,W0216,52.2842,11.0452,0.0,,14.3,14.5,0.236,14.5,0.149,1.48,icon_d2
2026-10-03,W0217,52.2842,11.0747,0.0,,13.3,14.5,0.23,14.5,0.143,1.46,icon_d2
2026-10-03,W0218,52.2842,11.1043,0.0,,13.3,14.5,0.23,14.5,0.143,1.47,icon_d2
2026-10-03,W0219,52.2842,11.1338,0.0,,14.2,14.5,0.23,14.5,0.143,1.47,icon_d2
2026-10-03,W1308,52.27523,11.14953,0.0,,14.0,14.5,0.23,14.5,0.143,1.46,icon_d2
2026-10-03,W1309,52.29324,10.11478,0.0,,13.5,13.8,0.294,14.1,0.209,1.57,icon_d2
2026-10-03,W1310,52.29324,10.14435,0.0,,13.5,13.8,0.294,14.1,0.209,1.57,icon_d2
2026-10-03,W1311,52.29324,10.17391,0.0,,13.1,13.8,0.294,14.1,0.209,1.55,icon_d2
2026-10-03,W1312,52.29324,10.20347,0.0,,13.2,13.7,0.27,14.1,0.172,1.55,icon_d2
2026-10-03,W1313,52.29324,10.23304,0.0,,13.3,13.7,0.27,14.1,0.172,1.55,icon_d2
2026-10-03,W1314,52.29324,10.2626,0.0,,13.1,13.7,0.247,13.9,0.152,1.43,icon_d2
2026-10-03,W1315,52.29324,10.29217,0.0,,13.5,13.7,0.247,13.9,0.152,1.44,icon_d2
2026-10-03,W1316,52.29324,10.32173,0.0,,13.3,13.7,0.247,13.9,0.152,1.42,icon_d2
2026-10-03,W1317,52.29324,10.3513,0.0,,13.1,13.7,0.247,13.9,0.152,1.44,icon_d2
2026-10-03,W1318,52.29324,10.38086,0.0,,13.3,13.4,0.258,13.5,0.203,1.45,icon_d2
2026-10-03,W1319,52.29324,10.41042,0.0,,13.8,14.6,0.22,15.0,0.148,1.45,icon_d2
2026-10-03,W1320,52.29324,10.43999,0.0,,13.9,14.6,0.22,15.0,0.148,1.42,icon_d2
2026-10-03,W1321,52.29324,10.46955,0.0,,13.9,14.6,0.22,15.0,0.148,1.42,icon_d2
2026-10-03,W1322,52.29324,10.49912,0.0,,14.1,14.6,0.22,15.0,0.148,1.46,icon_d2
2026-10-03,W1323,52.29324,10.52868,0.0,,13.6,14.2,0.226,14.6,0.178,1.49,icon_d2
2026-10-03,W1324,52.29324,10.55825,0.0,,13.3,14.2,0.226,14.6,0.178,1.47,icon_d2
2026-10-03,W1325,52.29324,10.58781,0.0,,13.1,14.4,0.246,14.6,0.15,1.42,icon_d2
2026-10-03,W1326,52.29324,10.61737,0.0,,13.4,14.4,0.246,14.6,0.15,1.44,icon_d2
2026-10-03,W1327,52.29324,10.64694,0.0,,13.2,14.4,0.246,14.6,0.15,1.43,icon_d2
2026-10-03,W1328,52.29324,10.6765,0.0,,13.3,14.4,0.246,14.6,0.15,1.46,icon_d2
2026-10-03,W1329,52.29324,10.70607,0.0,,13.3,14.1,0.248,14.4,0.183,1.48,icon_d2
2026-10-03,W1330,52.29324,10.73563,0.0,,13.6,14.1,0.248,14.4,0.183,1.48,icon_d2
2026-10-03,W1331,52.29324,10.76519,0.0,,13.6,14.5,0.227,14.6,0.146,1.48,icon_d2
2026-10-03,W1332,52.29324,10.79476,0.0,,13.1,14.5,0.227,14.6,0.146,1.48,icon_d2
2026-10-03,W1333,52.29324,10.82432,0.0,,13.1,14.5,0.227,14.6,0.146,1.48,icon_d2
2026-10-03,W1334,52.29324,10.85389,0.0,,13.3,14.5,0.227,14.6,0.146,1.49,icon_d2
2026-10-03,W1335,52.29324,10.88345,0.0,,13.7,14.1,0.239,14.0,0.179,1.46,icon_d2
2026-10-03,W1336,52.29324,10.91302,0.0,,13.9,14.5,0.236,14.5,0.149,1.45,icon_d2
2026-10-03,W1337,52.29324,10.94258,0.0,,13.9,14.5,0.236,14.5,0.149,1.46,icon_d2
2026-10-03,W1338,52.29324,10.97214,0.0,,14.2,14.5,0.236,14.5,0.149,1.47,icon_d2
2026-10-03,W1339,52.29324,11.00171,0.0,,14.0,14.5,0.236,14.5,0.149,1.46,icon_d2
2026-10-03,W1340,52.29324,11.03127,0.0,,13.8,14.3,0.239,14.1,0.188,1.46,icon_d2
2026-10-03,W1341,52.29324,11.06084,0.0,,13.5,14.3,0.239,14.1,0.188,1.46,icon_d2
2026-10-03,W1342,52.29324,11.0904,0.0,,13.5,14.5,0.23,14.5,0.143,1.46,icon_d2
2026-10-03,W1343,52.29324,11.11997,0.0,,13.6,14.5,0.23,14.5,0.143,1.47,icon_d2
2026-10-03,W1344,52.29324,11.14953,0.0,,14.1,14.5,0.23,14.5,0.143,1.44,icon_d2
2026-10-03,W1345,52.31126,10.11478,0.0,,13.2,13.8,0.294,14.1,0.209,1.57,icon_d2
2026-10-03,W1346,52.31126,10.14435,0.0,,13.3,13.7,0.27,14.1,0.172,1.57,icon_d2
2026-10-03,W0220,52.3023,10.1886,0.0,,13.2,13.7,0.27,14.1,0.172,1.55,icon_d2
2026-10-03,W1347,52.31126,10.20347,0.0,,13.0,13.7,0.27,14.1,0.172,1.55,icon_d2
2026-10-03,W1348,52.31126,10.23304,0.0,,13.4,13.7,0.27,14.1,0.172,1.52,icon_d2
2026-10-03,W0221,52.3023,10.2772,0.0,,13.2,13.7,0.247,13.9,0.152,1.44,icon_d2
2026-10-03,W0222,52.3023,10.3068,0.0,,13.5,13.7,0.247,13.9,0.152,1.44,icon_d2
2026-10-03,W0223,52.3023,10.3363,0.0,,13.1,13.4,0.258,13.5,0.203,1.44,icon_d2
2026-10-03,W0224,52.3023,10.3658,0.0,,13.2,13.4,0.258,13.5,0.203,1.44,icon_d2
2026-10-03,W1349,52.31126,10.38086,0.0,,13.0,13.4,0.258,13.5,0.203,1.47,icon_d2
2026-10-03,W0225,52.3023,10.4249,0.0,,13.7,14.6,0.22,15.0,0.148,1.45,icon_d2
2026-10-03,W1350,52.31126,10.43999,0.0,,13.8,14.6,0.22,15.0,0.148,1.45,icon_d2
2026-10-03,W1351,52.31126,10.46955,0.0,,13.9,14.2,0.226,14.6,0.178,1.48,icon_d2
2026-10-03,W1352,52.31126,10.49912,0.0,,14.2,14.2,0.226,14.6,0.178,1.5,icon_d2
2026-10-03,W0226,52.3023,10.5431,0.0,,13.6,14.2,0.226,14.6,0.178,1.49,icon_d2
2026-10-03,W0227,52.3023,10.5726,0.0,,13.1,14.2,0.226,14.6,0.178,1.42,icon_d2
2026-10-03,W1353,52.31126,10.58781,0.0,,13.6,14.4,0.246,14.6,0.15,1.47,icon_d2
2026-10-03,W0228,52.3023,10.6317,0.0,,13.3,14.4,0.246,14.6,0.15,1.44,icon_d2
2026-10-03,W0229,52.3023,10.6612,0.0,,13.2,14.1,0.248,14.4,0.183,1.46,icon_d2
2026-10-03,W0230,52.3023,10.6908,0.0,,13.1,14.1,0.248,14.4,0.183,1.47,icon_d2
2026-10-03,W0231,52.3023,10.7203,0.0,,13.2,14.1,0.248,14.4,0.183,1.48,icon_d2
2026-10-03,W1354,52.31126,10.73563,0.0,,13.6,14.1,0.248,14.4,0.183,1.51,icon_d2
2026-10-03,W1355,52.31126,10.76519,0.0,,13.3,14.5,0.227,14.6,0.146,1.5,icon_d2
2026-10-03,W0232,52.3023,10.8089,0.0,,13.1,14.5,0.227,14.6,0.146,1.48,icon_d2
2026-10-03,W0233,52.3023,10.8384,0.0,,13.3,14.1,0.239,14.0,0.179,1.49,icon_d2
2026-10-03,W0234,52.3023,10.868,0.0,,13.2,14.1,0.239,14.0,0.179,1.49,icon_d2
2026-10-03,W0235,52.3023,10.8975,0.0,,13.8,14.1,0.239,14.0,0.179,1.46,icon_d2
2026-10-03,W0236,52.3023,10.9271,0.0,,13.7,14.5,0.236,14.5,0.149,1.45,icon_d2
2026-10-03,W1356,52.31126,10.94258,0.0,,13.7,14.5,0.236,14.5,0.149,1.43,icon_d2
2026-10-03,W0237,52.3023,10.9861,0.0,,14.0,14.5,0.236,14.5,0.149,1.47,icon_d2
2026-10-03,W0238,52.3023,11.0157,0.0,,14.3,14.3,0.239,14.1,0.188,1.47,icon_d2
2026-10-03,W0239,52.3023,11.0452,0.0,,14.2,14.3,0.239,14.1,0.188,1.47,icon_d2
2026-10-03,W0240,52.3023,11.0747,0.0,,13.3,14.5,0.23,14.5,0.143,1.46,icon_d2
2026-10-03,W0241,52.3023,11.1043,0.0,,13.8,14.5,0.23,14.5,0.143,1.47,icon_d2
2026-10-03,W0242,52.3023,11.1338,0.0,,14.0,14.5,0.23,14.5,0.143,1.44,icon_d2
2026-10-03,W1357,52.31126,11.14953,0.0,,14.1,14.8,0.227,14.9,0.148,1.43,icon_d2
2026-10-03,W1358,52.32928,10.11478,0.0,,13.2,13.7,0.27,14.1,0.172,1.57,icon_d2
2026-10-03,W1359,52.32928,10.14435,0.0,,13.3,13.7,0.27,14.1,0.172,1.57,icon_d2
2026-10-03,W1360,52.32928,10.17391,0.0,,13.1,13.7,0.27,14.1,0.172,1.54,icon_d2
2026-10-03,W0243,52.3203,10.2182,0.0,,13.1,13.7,0.27,14.1,0.172,1.55,icon_d2
2026-10-03,W1361,52.32928,10.23304,0.0,,13.4,13.7,0.27,14.1,0.172,1.52,icon_d2
2026-10-03,W1362,52.32928,10.2626,0.0,,13.3,13.4,0.258,13.5,0.203,1.53,icon_d2
2026-10-03,W0244,52.3203,10.3068,0.0,,13.3,13.4,0.258,13.5,0.203,1.45,icon_d2
2026-10-03,W0245,52.3203,10.3363,0.0,,13.2,13.4,0.258,13.5,0.203,1.45,icon_d2
2026-10-03,W1363,52.32928,10.3513,0.0,,13.1,13.4,0.258,13.5,0.203,1.45,icon_d2
2026-10-03,W1364,52.32928,10.38086,0.0,,13.0,13.4,0.258,13.5,0.203,1.47,icon_d2
2026-10-03,W1365,52.32928,10.41042,0.0,,13.4,13.4,0.258,13.5,0.203,1.46,icon_d2
2026-10-03,W1366,52.32928,10.43999,0.0,,13.8,14.2,0.226,14.6,0.178,1.45,icon_d2
2026-10-03,W1367,52.32928,10.46955,0.0,,13.9,14.2,0.226,14.6,0.178,1.47,icon_d2
2026-10-03,W1368,52.32928,10.49912,0.0,,14.2,14.2,0.226,14.6,0.178,1.5,icon_d2
2026-10-03,W1369,52.32928,10.52868,0.0,,13.9,14.2,0.226,14.6,0.178,1.51,icon_d2
2026-10-03,W0246,52.3203,10.5726,0.0,,13.6,14.2,0.226,14.6,0.178,1.47,icon_d2
2026-10-03,W0247,52.3203,10.6021,0.0,,13.5,14.1,0.248,14.4,0.183,1.49,icon_d2
2026-10-03,W0248,52.3203,10.6317,0.0,,13.6,14.1,0.248,14.4,0.183,1.52,icon_d2
2026-10-03,W0249,52.3203,10.6612,0.0,,13.2,14.1,0.248,14.4,0.183,1.52,icon_d2
2026-10-03,W0250,52.3203,10.6908,0.0,,13.6,14.1,0.248,14.4,0.183,1.51,icon_d2
2026-10-03,W0251,52.3203,10.7203,0.0,,13.4,14.1,0.248,14.4,0.183,1.5,icon_d2
2026-10-03,W0252,52.3203,10.7498,0.0,,13.5,14.5,0.227,14.6,0.146,1.5,icon_d2
2026-10-03,W1370,52.32928,10.76519,0.0,,13.5,14.1,0.239,14.0,0.179,1.5,icon_d2
2026-10-03,W1371,52.32928,10.79476,0.0,,13.2,14.1,0.239,14.0,0.179,1.5,icon_d2
2026-10-03,W0253,52.3203,10.8384,0.0,,13.3,14.1,0.239,14.0,0.179,1.49,icon_d2
2026-10-03,W0254,52.3203,10.868,0.0,,13.4,14.1,0.239,14.0,0.179,1.45,icon_d2
2026-10-03,W1372,52.32928,10.88345,0.0,,13.4,14.1,0.239,14.0,0.179,1.45,icon_d2
2026-10-03,W0255,52.3203,10.9271,0.0,,13.6,14.5,0.236,14.5,0.149,1.43,icon_d2
2026-10-03,W0256,52.3203,10.9566,0.0,,13.9,14.3,0.239,14.1,0.188,1.45,icon_d2
2026-10-03,W0257,52.3203,10.9861,0.0,,14.1,14.3,0.239,14.1,0.188,1.46,icon_d2
2026-10-03,W1373,52.32928,11.00171,0.0,,14.1,14.3,0.239,14.1,0.188,1.44,icon_d2
2026-10-03,W0258,52.3203,11.0452,0.0,,13.1,14.3,0.239,14.1,0.188,1.43,icon_d2
2026-10-03,W1374,52.32928,11.06084,0.0,,13.1,14.3,0.239,14.1,0.188,1.45,icon_d2
2026-10-03,W1375,52.32928,11.0904,0.0,,13.5,14.8,0.227,14.9,0.148,1.45,icon_d2
2026-10-03,W1376,52.32928,11.11997,0.0,,13.8,14.8,0.227,14.9,0.148,1.47,icon_d2
2026-10-03,W1377,52.32928,11.14953,0.0,,14.2,14.8,0.227,14.9,0.148,1.44,icon_d2
2026-10-03,W0260,52.3383,10.1295,0.0,,13.1,13.7,0.27,14.1,0.172,1.55,icon_d2
2026-10-03,W1378,52.3473,10.14435,0.0,,13.2,13.7,0.27,14.1,0.172,1.51,icon_d2
2026-10-03,W1379,52.3473,10.17391,0.0,,13.5,13.7,0.27,14.1,0.172,1.53,icon_d2
2026-10-03,W1380,52.3473,10.20347,0.0,,13.5,13.7,0.27,14.1,0.172,1.53,icon_d2
2026-10-03,W1381,52.3473,10.23304,0.0,,13.6,13.7,0.27,14.1,0.172,1.57,icon_d2
2026-10-03,W0281,52.3563,10.2772,0.0,,13.3,13.4,0.258,13.5,0.203,1.54,icon_d2
2026-10-03,W0282,52.3563,10.3068,0.0,,13.2,13.4,0.258,13.5,0.203,1.45,icon_d2
2026-10-03,W0261,52.3383,10.3363,0.0,,13.0,13.4,0.258,13.5,0.203,1.48,icon_d2
2026-10-03,W0262,52.3383,10.3658,0.0,,13.0,13.4,0.258,13.5,0.203,1.47,icon_d2
2026-10-03,W1382,52.3473,10.38086,0.0,,13.1,13.4,0.258,13.5,0.203,1.48,icon_d2
2026-10-03,W0285,52.3563,10.4249,0.0,,13.5,14.2,0.226,14.6,0.178,1.46,icon_d2
2026-10-03,W1383,52.3473,10.43999,0.0,,13.6,14.2,0.226,14.6,0.178,1.51,icon_d2
2026-10-03,W0263,52.3383,10.484,0.0,,13.8,14.2,0.226,14.6,0.178,1.54,icon_d2
2026-10-03,W0264,52.3383,10.5135,0.0,,13.8,14.2,0.226,14.6,0.178,1.51,icon_d2
2026-10-03,W1384,52.3473,10.52868,0.0,,13.7,14.2,0.226,14.6,0.178,1.51,icon_d2
2026-10-03,W0265,52.3383,10.5726,0.0,,13.5,14.2,0.226,14.6,0.178,1.49,icon_d2
2026-10-03,W0266,52.3383,10.6021,0.0,,13.4,14.1,0.248,14.4,0.183,1.49,icon_d2
2026-10-03,W0267,52.3383,10.6317,0.0,,13.5,14.1,0.248,14.4,0.183,1.52,icon_d2
2026-10-03,W0268,52.3383,10.6612,0.0,,13.6,14.1,0.248,14.4,0.183,1.52,icon_d2
2026-10-03,W0269,52.3383,10.6908,0.0,,13.5,14.1,0.248,14.4,0.183,1.53,icon_d2
2026-10-03,W0270,52.3383,10.7203,0.0,,13.4,14.1,0.248,14.4,0.183,1.5,icon_d2
2026-10-03,W0271,52.3383,10.7498,0.0,,13.4,14.1,0.248,14.4,0.183,1.5,icon_d2
2026-10-03,W1385,52.3473,10.76519,0.0,,13.5,14.1,0.239,14.0,0.179,1.49,icon_d2
2026-10-03,W0293,52.3563,10.8089,0.0,,14.3,14.1,0.239,14.0,0.179,1.48,icon_d2
2026-10-03,W0294,52.3563,10.8384,0.0,,13.9,14.1,0.239,14.0,0.179,1.44,icon_d2
2026-10-03,W0272,52.3383,10.868,0.0,,13.7,14.1,0.239,14.0,0.179,1.44,icon_d2
2026-10-03,W0273,52.3383,10.8975,0.0,,14.0,14.1,0.239,14.0,0.179,1.45,icon_d2
2026-10-03,W0274,52.3383,10.9271,0.0,,14.2,14.3,0.239,14.1,0.188,1.45,icon_d2
2026-10-03,W0275,52.3383,10.9566,0.0,,14.0,14.3,0.239,14.1,0.188,1.46,icon_d2
2026-10-03,W0276,52.3383,10.9861,0.0,,13.6,14.3,0.239,14.1,0.188,1.44,icon_d2
2026-10-03,W0297,52.3563,11.0157,0.0,,13.2,14.3,0.239,14.1,0.188,1.42,icon_d2
2026-10-03,W0298,52.3563,11.0452,0.0,,13.2,14.3,0.239,14.1,0.188,1.42,icon_d2
2026-10-03,W0299,52.3563,11.0747,0.0,,13.0,14.7,0.23,15.2,0.155,1.39,icon_d2
2026-10-03,W0277,52.3383,11.1043,0.0,,13.4,14.8,0.227,14.9,0.148,1.41,icon_d2
2026-10-03,W0278,52.3383,11.1338,0.0,,14.2,14.8,0.227,14.9,0.148,1.44,icon_d2
2026-10-03,W1386,52.3473,11.14953,0.0,,14.1,14.8,0.227,14.9,0.148,1.43,icon_d2
2026-10-03,W0302,52.3743,10.1,0.0,,13.1,13.7,0.27,14.1,0.172,1.57,icon_d2
2026-10-03,W1387,52.36532,10.14435,0.0,,13.2,13.7,0.27,14.1,0.172,1.51,icon_d2
2026-10-03,W0303,52.3743,10.1886,0.0,,13.0,13.3,0.302,13.8,0.207,1.51,icon_d2
2026-10-03,W1388,52.36532,10.20347,0.0,,13.2,13.3,0.302,13.8,0.207,1.5,icon_d2
2026-10-03,W1389,52.36532,10.23304,0.0,,13.4,13.3,0.302,13.8,0.207,1.57,icon_d2
2026-10-03,W1390,52.36532,10.2626,0.0,,13.3,13.4,0.258,13.5,0.203,1.54,icon_d2
2026-10-03,W0304,52.3743,10.3068,0.0,,13.4,13.4,0.258,13.5,0.203,1.47,icon_d2
2026-10-03,W0305,52.3743,10.3363,0.0,,12.8,13.4,0.258,13.5,0.203,1.44,icon_d2
2026-10-03,W0306,52.3743,10.3658,0.0,,13.0,13.2,0.288,13.5,0.225,1.45,icon_d2
2026-10-03,W0307,52.3743,10.3954,0.0,,13.3,13.2,0.288,13.5,0.225,1.45,icon_d2
2026-10-03,W0308,52.3743,10.4249,0.0,,13.8,13.2,0.288,13.5,0.225,1.45,icon_d2
2026-10-03,W1391,52.36532,10.43999,0.0,,13.8,14.2,0.226,14.6,0.178,1.45,icon_d2
2026-10-03,W1392,52.36532,10.46955,0.0,,13.9,14.2,0.226,14.6,0.178,1.54,icon_d2
2026-10-03,W0309,52.3743,10.5135,0.0,,13.6,13.7,0.249,14.2,0.192,1.48,icon_d2
2026-10-03,W1393,52.36532,10.52868,0.0,,13.8,14.2,0.226,14.6,0.178,1.52,icon_d2
2026-10-03,W0310,52.3743,10.5726,0.0,,13.6,13.7,0.249,14.2,0.192,1.45,icon_d2
2026-10-03,W1394,52.36532,10.58781,0.0,,13.8,13.7,0.249,14.2,0.192,1.49,icon_d2
2026-10-03,W1395,52.36532,10.61737,0.0,,13.7,14.1,0.248,14.4,0.183,1.5,icon_d2
2026-10-03,W0311,52.3743,10.6612,0.0,,13.8,14.1,0.248,14.4,0.183,1.5,icon_d2
2026-10-03,W0312,52.3743,10.6908,0.0,,13.8,14.3,0.245,15.0,0.156,1.48,icon_d2
2026-10-03,W0313,52.3743,10.7203,0.0,,13.6,14.3,0.245,15.0,0.156,1.47,icon_d2
2026-10-03,W0314,52.3743,10.7498,0.0,,13.8,14.3,0.245,15.0,0.156,1.46,icon_d2
2026-10-03,W0315,52.3743,10.7794,0.0,,13.9,14.1,0.239,14.0,0.179,1.46,icon_d2
2026-10-03,W0316,52.3743,10.8089,0.0,,13.8,14.1,0.239,14.0,0.179,1.46,icon_d2
2026-10-03,W0317,52.3743,10.8384,0.0,,14.1,14.7,0.242,15.4,0.154,1.46,icon_d2
2026-10-03,W0318,52.3743,10.868,0.0,,13.9,14.7,0.242,15.4,0.154,1.45,icon_d2
2026-10-03,W0319,52.3743,10.8975,0.0,,13.9,14.7,0.242,15.4,0.154,1.44,icon_d2
2026-10-03,W1396,52.36532,10.91302,0.0,,14.2,14.7,0.242,15.4,0.154,1.44,icon_d2
2026-10-03,W1397,52.36532,10.94258,0.0,,14.1,14.3,0.239,14.1,0.188,1.48,icon_d2
2026-10-03,W0320,52.3743,10.9861,0.0,,13.6,14.3,0.239,14.1,0.188,1.49,icon_d2
2026-10-03,W0321,52.3743,11.0157,0.0,,13.0,14.7,0.23,15.2,0.155,1.44,icon_d2
2026-10-03,W0322,52.3743,11.0452,0.0,,13.2,14.7,0.23,15.2,0.155,1.42,icon_d2
2026-10-03,W0323,52.3743,11.0747,0.0,,13.1,14.7,0.23,15.2,0.155,1.41,icon_d2
2026-10-03,W1607,52.36532,11.0904,0.0,,13.6,14.8,0.227,14.9,0.148,1.38,icon_d2
2026-10-03,W1398,52.36532,11.11997,0.0,,14.1,14.8,0.227,14.9,0.148,1.39,icon_d2
2026-10-03,W1399,52.36532,11.14953,0.0,,14.0,14.8,0.227,14.9,0.148,1.39,icon_d2
2026-10-03,W1400,52.38333,10.11478,0.0,,12.9,13.7,0.27,14.1,0.172,1.57,icon_d2
2026-10-03,W1401,52.38333,10.14435,0.0,,12.9,13.3,0.302,13.8,0.207,1.57,icon_d2
2026-10-03,W1402,52.38333,10.17391,0.0,,13.1,13.3,0.302,13.8,0.207,1.52,icon_d2
2026-10-03,W0324,52.3923,10.2182,0.0,,13.3,13.3,0.302,13.8,0.207,1.53,icon_d2
2026-10-03,W0325,52.3923,10.2477,0.0,,13.5,13.3,0.302,13.8,0.207,1.54,icon_d2
2026-10-03,W1403,52.38333,10.2626,0.0,,13.4,13.3,0.302,13.8,0.207,1.54,icon_d2
2026-10-03,W1404,52.38333,10.29217,0.0,,13.4,13.4,0.258,13.5,0.203,1.47,icon_d2
2026-10-03,W0326,52.3923,10.3363,0.0,,12.9,13.2,0.288,13.5,0.225,1.5,icon_d2
2026-10-03,W0327,52.3923,10.3658,0.0,,12.8,13.2,0.288,13.5,0.225,1.5,icon_d2
2026-10-03,W0328,52.3923,10.3954,0.0,,13.4,13.2,0.288,13.5,0.225,1.48,icon_d2
2026-10-03,W1405,52.38333,10.41042,0.0,,13.8,13.2,0.288,13.5,0.225,1.45,icon_d2
2026-10-03,W0329,52.3923,10.4545,0.0,,13.7,13.7,0.249,14.2,0.192,1.51,icon_d2
2026-10-03,W0330,52.3923,10.484,0.0,,13.7,13.7,0.249,14.2,0.192,1.51,icon_d2
2026-10-03,W0331,52.3923,10.5135,0.0,,13.2,13.7,0.249,14.2,0.192,1.47,icon_d2
2026-10-03,W1406,52.38333,10.52868,0.0,,13.6,13.7,0.249,14.2,0.192,1.48,icon_d2
2026-10-03,W1407,52.38333,10.55825,0.0,,13.5,13.7,0.249,14.2,0.192,1.43,icon_d2
2026-10-03,W0332,52.3923,10.6021,0.0,,13.6,13.7,0.249,14.2,0.192,1.44,icon_d2
2026-10-03,W1408,52.38333,10.61737,0.0,,13.7,14.1,0.248,14.4,0.183,1.45,icon_d2
2026-10-03,W0333,52.3923,10.6612,0.0,,13.8,14.3,0.245,15.0,0.156,1.48,icon_d2
2026-10-03,W0334,52.3923,10.6908,0.0,,13.8,14.3,0.245,15.0,0.156,1.48,icon_d2
2026-10-03,W0335,52.3923,10.7203,0.0,,14.0,14.3,0.245,15.0,0.156,1.42,icon_d2
2026-10-03,W0336,52.3923,10.7498,0.0,,14.0,14.3,0.245,15.0,0.156,1.42,icon_d2
2026-10-03,W0337,52.3923,10.7794,0.0,,13.8,14.7,0.242,15.4,0.154,1.42,icon_d2
2026-10-03,W0338,52.3923,10.8089,0.0,,14.0,14.7,0.242,15.4,0.154,1.42,icon_d2
2026-10-03,W1409,52.38333,10.82432,0.0,,14.0,14.7,0.242,15.4,0.154,1.46,icon_d2
2026-10-03,W0339,52.3923,10.868,0.0,,13.8,14.7,0.242,15.4,0.154,1.46,icon_d2
2026-10-03,W0340,52.3923,10.8975,0.0,,13.3,14.7,0.242,15.4,0.154,1.45,icon_d2
2026-10-03,W1410,52.38333,10.91302,0.0,,13.6,14.7,0.242,15.4,0.154,1.48,icon_d2
2026-10-03,W1411,52.38333,10.94258,0.0,,13.8,14.3,0.239,14.1,0.188,1.48,icon_d2
2026-10-03,W1412,52.38333,10.97214,0.0,,13.7,14.3,0.239,14.1,0.188,1.49,icon_d2
2026-10-03,W0341,52.3923,11.0157,0.0,,13.3,14.7,0.23,15.2,0.155,1.46,icon_d2
2026-10-03,W0342,52.3923,11.0452,0.0,,13.2,14.7,0.23,15.2,0.155,1.44,icon_d2
2026-10-03,W0343,52.3923,11.0747,0.0,,12.9,14.7,0.23,15.2,0.155,1.38,icon_d2
2026-10-03,W1413,52.38333,11.0904,0.0,,13.3,14.7,0.23,15.2,0.155,1.4,icon_d2
2026-10-03,W1414,52.38333,11.11997,0.0,,13.3,14.8,0.227,14.9,0.148,1.4,icon_d2
2026-10-03,W1415,52.38333,11.14953,0.0,,13.7,14.9,0.258,15.2,0.138,1.41,icon_d2
2026-10-03,W1416,52.40135,10.11478,0.0,,12.9,13.3,0.302,13.8,0.207,1.59,icon_d2
2026-10-03,W1417,52.40135,10.14435,0.0,,13.0,13.3,0.302,13.8,0.207,1.56,icon_d2
2026-10-03,W1418,52.40135,10.17391,0.0,,13.0,13.3,0.302,13.8,0.207,1.56,icon_d2
2026-10-03,W1419,52.40135,10.20347,0.0,,13.3,13.3,0.302,13.8,0.207,1.53,icon_d2
2026-10-03,W1420,52.40135,10.23304,0.0,,13.4,13.3,0.302,13.8,0.207,1.54,icon_d2
2026-10-03,W1421,52.40135,10.2626,0.0,,13.5,13.3,0.302,13.8,0.207,1.54,icon_d2
2026-10-03,W1422,52.40135,10.29217,0.0,,13.1,13.2,0.288,13.5,0.225,1.52,icon_d2
2026-10-03,W1423,52.40135,10.32173,0.0,,13.0,13.2,0.288,13.5,0.225,1.52,icon_d2
2026-10-03,W1424,52.40135,10.3513,0.0,,12.9,13.2,0.288,13.5,0.225,1.5,icon_d2
2026-10-03,W1425,52.40135,10.38086,0.0,,13.1,13.2,0.288,13.5,0.225,1.51,icon_d2
2026-10-03,W1426,52.40135,10.41042,0.0,,13.6,13.2,0.288,13.5,0.225,1.49,icon_d2
2026-10-03,W1427,52.40135,10.43999,0.0,,13.6,13.7,0.249,14.2,0.192,1.49,icon_d2
2026-10-03,W1428,52.40135,10.46955,0.0,,13.7,13.7,0.249,14.2,0.192,1.51,icon_d2
2026-10-03,W1429,52.40135,10.49912,0.0,,13.5,13.7,0.249,14.2,0.192,1.49,icon_d2
2026-10-03,W1430,52.40135,10.52868,0.0,,13.3,13.7,0.249,14.2,0.192,1.47,icon_d2
2026-10-03,W1431,52.40135,10.55825,0.0,,13.4,13.7,0.249,14.2,0.192,1.43,icon_d2
2026-10-03,W1432,52.40135,10.58781,0.0,,13.4,13.7,0.249,14.2,0.192,1.43,icon_d2
2026-10-03,W1433,52.40135,10.61737,0.0,,13.5,14.3,0.245,15.0,0.156,1.44,icon_d2
2026-10-03,W1434,52.40135,10.64694,0.0,,13.6,14.3,0.245,15.0,0.156,1.48,icon_d2
2026-10-03,W1435,52.40135,10.6765,0.0,,13.7,14.3,0.245,15.0,0.156,1.48,icon_d2
2026-10-03,W1436,52.40135,10.70607,0.0,,13.7,14.3,0.245,15.0,0.156,1.48,icon_d2
2026-10-03,W1437,52.40135,10.73563,0.0,,13.9,14.3,0.245,15.0,0.156,1.42,icon_d2
2026-10-03,W1438,52.40135,10.76519,0.0,,13.9,14.3,0.245,15.0,0.156,1.43,icon_d2
2026-10-03,W1439,52.40135,10.79476,0.0,,13.8,14.7,0.242,15.4,0.154,1.42,icon_d2
2026-10-03,W1440,52.40135,10.82432,0.0,,14.2,14.7,0.242,15.4,0.154,1.46,icon_d2
2026-10-03,W1441,52.40135,10.85389,0.0,,13.7,14.7,0.242,15.4,0.154,1.46,icon_d2
2026-10-03,W1442,52.40135,10.88345,0.0,,13.6,14.7,0.242,15.4,0.154,1.45,icon_d2
2026-10-03,W1443,52.40135,10.91302,0.0,,13.4,14.7,0.242,15.4,0.154,1.47,icon_d2
2026-10-03,W1444,52.40135,10.94258,0.0,,13.6,14.7,0.23,15.2,0.155,1.47,icon_d2
2026-10-03,W1445,52.40135,10.97214,0.0,,13.3,14.7,0.23,15.2,0.155,1.47,icon_d2
2026-10-03,W1446,52.40135,11.00171,0.0,,13.2,14.7,0.23,15.2,0.155,1.44,icon_d2
2026-10-03,W1447,52.40135,11.03127,0.0,,13.1,14.7,0.23,15.2,0.155,1.43,icon_d2
2026-10-03,W1448,52.40135,11.06084,0.0,,13.1,14.7,0.23,15.2,0.155,1.43,icon_d2
2026-10-03,W1449,52.40135,11.0904,0.0,,13.1,14.7,0.23,15.2,0.155,1.38,icon_d2
2026-10-03,W1450,52.40135,11.11997,0.0,,13.4,14.9,0.258,15.2,0.138,1.4,icon_d2
2026-10-03,W1451,52.40135,11.14953,0.0,,13.4,14.9,0.258,15.2,0.138,1.4,icon_d2
2026-10-03,W0345,52.4104,10.1295,0.0,,12.9,13.3,0.302,13.8,0.207,1.59,icon_d2
2026-10-03,W1452,52.41937,10.14435,0.0,,13.0,13.3,0.302,13.8,0.207,1.57,icon_d2
2026-10-03,W0346,52.4104,10.1886,0.0,,13.2,13.3,0.302,13.8,0.207,1.54,icon_d2
2026-10-03,W0347,52.4104,10.2182,0.0,,13.5,13.3,0.302,13.8,0.207,1.54,icon_d2
2026-10-03,W0348,52.4104,10.2477,0.0,,13.4,13.3,0.302,13.8,0.207,1.53,icon_d2
2026-10-03,W0349,52.4104,10.2772,0.0,,13.2,13.2,0.288,13.5,0.225,1.57,icon_d2
2026-10-03,W1453,52.41937,10.29217,0.0,,13.1,13.2,0.288,13.5,0.225,1.57,icon_d2
2026-10-03,W0350,52.4104,10.3363,0.0,,13.1,13.2,0.288,13.5,0.225,1.55,icon_d2
2026-10-03,W0351,52.4104,10.3658,0.0,,13.0,13.2,0.288,13.5,0.225,1.51,icon_d2
2026-10-03,W1454,52.41937,10.38086,0.0,,13.3,13.2,0.288,13.5,0.225,1.51,icon_d2
2026-10-03,W0352,52.4104,10.4249,0.0,,13.6,13.2,0.288,13.5,0.225,1.51,icon_d2
2026-10-03,W0353,52.4104,10.4545,0.0,,13.5,13.7,0.249,14.2,0.192,1.51,icon_d2
2026-10-03,W0354,52.4104,10.484,0.0,,13.6,13.7,0.249,14.2,0.192,1.51,icon_d2
2026-10-03,W0355,52.4104,10.5135,0.0,,13.2,13.7,0.249,14.2,0.192,1.48,icon_d2
2026-10-03,W0356,52.4104,10.5431,0.0,,13.3,13.7,0.249,14.2,0.192,1.43,icon_d2
2026-10-03,W1455,52.41937,10.55825,0.0,,13.2,13.7,0.249,14.2,0.192,1.43,icon_d2
2026-10-03,W1456,52.41937,10.58781,0.0,,13.3,13.7,0.249,14.2,0.192,1.45,icon_d2
2026-10-03,W1457,52.41937,10.61737,0.0,,13.3,14.3,0.245,15.0,0.156,1.43,icon_d2
2026-10-03,W1458,52.41937,10.64694,0.1,,13.3,14.3,0.245,15.0,0.156,1.45,icon_d2
2026-10-03,W1459,52.41937,10.6765,0.0,,13.5,14.3,0.245,15.0,0.156,1.41,icon_d2
2026-10-03,W1460,52.41937,10.70607,0.0,,13.5,14.3,0.245,15.0,0.156,1.42,icon_d2
2026-10-03,W0357,52.4104,10.7498,0.0,,13.9,14.3,0.245,15.0,0.156,1.39,icon_d2
2026-10-03,W0358,52.4104,10.7794,0.0,,13.7,14.7,0.242,15.4,0.154,1.4,icon_d2
2026-10-03,W0359,52.4104,10.8089,0.0,,13.4,14.7,0.242,15.4,0.154,1.37,icon_d2
2026-10-03,W1461,52.41937,10.82432,0.0,,13.4,14.7,0.242,15.4,0.154,1.37,icon_d2
2026-10-03,W0360,52.4104,10.868,0.0,,13.7,14.7,0.242,15.4,0.154,1.45,icon_d2
2026-10-03,W0361,52.4104,10.8975,0.0,,13.1,14.7,0.242,15.4,0.154,1.45,icon_d2
2026-10-03,W0362,52.4104,10.9271,0.0,,13.1,14.7,0.242,15.4,0.154,1.45,icon_d2
2026-10-03,W0363,52.4104,10.9566,0.0,,13.0,14.7,0.23,15.2,0.155,1.44,icon_d2
2026-10-03,W1462,52.41937,10.97214,0.0,,13.1,14.7,0.23,15.2,0.155,1.44,icon_d2
2026-10-03,W1463,52.41937,11.00171,0.0,,13.0,14.7,0.23,15.2,0.155,1.43,icon_d2
2026-10-03,W0364,52.4104,11.0452,0.0,,12.9,14.7,0.23,15.2,0.155,1.42,icon_d2
2026-10-03,W1464,52.41937,11.06084,0.0,,13.0,14.7,0.23,15.2,0.155,1.42,icon_d2
2026-10-03,W1465,52.41937,11.0904,0.0,,12.9,14.7,0.23,15.2,0.155,1.38,icon_d2
2026-10-03,W1466,52.41937,11.11997,0.0,,12.6,14.9,0.258,15.2,0.138,1.37,icon_d2
2026-10-03,W1467,52.41937,11.14953,0.0,,12.6,14.9,0.258,15.2,0.138,1.37,icon_d2
2026-10-03,W0366,52.4284,10.1295,0.0,,12.8,13.3,0.302,13.8,0.207,1.58,icon_d2
2026-10-03,W0367,52.4284,10.1591,0.0,,13.0,13.3,0.302,13.8,0.207,1.58,icon_d2
2026-10-03,W0368,52.4284,10.1886,0.0,,13.2,13.3,0.302,13.8,0.207,1.54,icon_d2
2026-10-03,W0369,52.4284,10.2182,0.0,,13.5,13.3,0.302,13.8,0.207,1.54,icon_d2
2026-10-03,W0370,52.4284,10.2477,0.0,,13.5,13.3,0.302,13.8,0.207,1.54,icon_d2
2026-10-03,W0371,52.4284,10.2772,0.0,,13.2,13.2,0.288,13.5,0.225,1.57,icon_d2
2026-10-03,W0372,52.4284,10.3068,0.0,,13.2,13.2,0.288,13.5,0.225,1.57,icon_d2
2026-10-03,W0373,52.4284,10.3363,0.0,,13.1,13.2,0.288,13.5,0.225,1.55,icon_d2
2026-10-03,W0374,52.4284,10.3658,0.0,,13.1,13.2,0.288,13.5,0.225,1.51,icon_d2
2026-10-03,W1468,52.43739,10.38086,0.0,,13.3,13.2,0.288,13.5,0.225,1.49,icon_d2
2026-10-03,W1469,52.43739,10.41042,0.0,,13.3,13.4,0.298,14.1,0.201,1.46,icon_d2
2026-10-03,W0375,52.4284,10.4545,0.0,,13.6,13.7,0.249,14.2,0.192,1.51,icon_d2
2026-10-03,W0376,52.4284,10.484,0.0,,13.7,13.7,0.249,14.2,0.192,1.51,icon_d2
2026-10-03,W0377,52.4284,10.5135,0.0,,13.2,13.7,0.249,14.2,0.192,1.48,icon_d2
2026-10-03,W0378,52.4284,10.5431,0.0,,13.3,13.7,0.249,14.2,0.192,1.43,icon_d2
2026-10-03,W0379,52.4284,10.5726,0.0,,13.4,13.7,0.249,14.2,0.192,1.45,icon_d2
2026-10-03,W1470,52.43739,10.58781,0.0,,13.2,14.0,0.256,14.9,0.181,1.45,icon_d2
2026-10-03,W0380,52.4284,10.6317,0.1,,13.4,14.3,0.245,15.0,0.156,1.45,icon_d2
2026-10-03,W0381,52.4284,10.6612,0.1,,13.4,14.3,0.245,15.0,0.156,1.45,icon_d2
2026-10-03,W1471,52.43739,10.6765,1.9,,13.0,14.3,0.245,15.0,0.156,1.37,icon_d2
2026-10-03,W1472,52.43739,10.70607,2.0,,13.0,14.3,0.245,15.0,0.156,1.36,icon_d2
2026-10-03,W0382,52.4284,10.7498,0.0,,14.1,13.9,0.249,14.7,0.176,1.4,icon_d2
2026-10-03,W1473,52.43739,10.76519,0.0,,13.6,13.9,0.249,14.7,0.176,1.39,icon_d2
2026-10-03,W1474,52.43739,10.79476,0.0,,13.3,14.7,0.242,15.4,0.154,1.37,icon_d2
2026-10-03,W1475,52.43739,10.82432,0.0,,13.2,14.7,0.242,15.4,0.154,1.37,icon_d2
2026-10-03,W0383,52.4284,10.868,0.0,,14.0,14.7,0.242,15.4,0.154,1.46,icon_d2
2026-10-03,W0384,52.4284,10.8975,0.0,,13.2,14.7,0.242,15.4,0.154,1.45,icon_d2
2026-10-03,W0385,52.4284,10.9271,0.0,,13.4,14.3,0.231,15.1,0.152,1.46,icon_d2
2026-10-03,W0386,52.4284,10.9566,0.0,,13.2,14.7,0.23,15.2,0.155,1.45,icon_d2
2026-10-03,W1476,52.43739,10.97214,0.0,,13.1,14.7,0.23,15.2,0.155,1.46,icon_d2
2026-10-03,W0387,52.4284,11.0157,0.0,,13.1,14.7,0.23,15.2,0.155,1.43,icon_d2
2026-10-03,W0388,52.4284,11.0452,0.0,,13.0,14.7,0.23,15.2,0.155,1.42,icon_d2
2026-10-03,W1477,52.43739,11.06084,0.0,,13.0,14.1,0.277,14.6,0.228,1.45,icon_d2
2026-10-03,W1478,52.43739,11.0904,0.0,,12.8,14.1,0.277,14.6,0.228,1.41,icon_d2
2026-10-03,W0389,52.4284,11.1338,0.0,,12.6,14.9,0.258,15.2,0.138,1.37,icon_d2
2026-10-03,W1479,52.43739,11.14953,0.0,,12.9,14.9,0.258,15.2,0.138,1.39,icon_d2
2026-10-03,W0416,52.4644,10.1295,0.0,,13.0,13.1,0.209,13.8,0.125,1.53,icon_d2
2026-10-03,W0417,52.4644,10.1591,0.0,,12.9,13.1,0.209,13.8,0.125,1.51,icon_d2
2026-10-03,W0418,52.4644,10.1886,0.0,,13.0,13.1,0.209,13.8,0.125,1.47,icon_d2
2026-10-03,W0419,52.4644,10.2182,0.0,,13.1,13.1,0.209,13.8,0.125,1.49,icon_d2
2026-10-03,W0420,52.4644,10.2477,0.0,,13.1,13.1,0.209,13.8,0.125,1.56,icon_d2
2026-10-03,W0421,52.4644,10.2772,0.0,,13.2,13.1,0.209,13.8,0.125,1.59,icon_d2
2026-10-03,W0422,52.4644,10.3068,0.0,,13.2,13.4,0.298,14.1,0.201,1.59,icon_d2
2026-10-03,W0423,52.4644,10.3363,0.0,,13.2,13.4,0.298,14.1,0.201,1.55,icon_d2
2026-10-03,W0424,52.4644,10.3658,0.0,,13.2,13.4,0.298,14.1,0.201,1.55,icon_d2
2026-10-03,W0425,52.4644,10.3954,0.0,,12.8,13.4,0.298,14.1,0.201,1.49,icon_d2
2026-10-03,W0426,52.4644,10.4249,0.0,,12.8,13.4,0.298,14.1,0.201,1.49,icon_d2
2026-10-03,W0427,52.4644,10.4545,0.0,,12.9,13.4,0.298,14.1,0.201,1.48,icon_d2
2026-10-03,W0428,52.4644,10.484,0.0,,12.9,14.0,0.256,14.9,0.181,1.43,icon_d2
2026-10-03,W0429,52.4644,10.5135,0.0,,13.1,14.0,0.256,14.9,0.181,1.45,icon_d2
2026-10-03,W0430,52.4644,10.5431,0.0,,13.5,14.0,0.256,14.9,0.181,1.46,icon_d2
2026-10-03,W0431,52.4644,10.5726,0.0,,13.2,14.0,0.256,14.9,0.181,1.46,icon_d2
2026-10-03,W0432,52.4644,10.6021,0.0,,13.1,14.0,0.256,14.9,0.181,1.48,icon_d2
2026-10-03,W0433,52.4644,10.6317,0.1,,12.9,13.9,0.249,14.7,0.176,1.45,icon_d2
2026-10-03,W0434,52.4644,10.6612,0.1,,12.9,13.9,0.249,14.7,0.176,1.44,icon_d2
2026-10-03,W0435,52.4644,10.6908,2.0,,12.9,13.9,0.249,14.7,0.176,1.36,icon_d2
2026-10-03,W0408,52.4464,10.7203,0.2,,13.0,13.9,0.249,14.7,0.176,1.37,icon_d2
2026-10-03,W1481,52.45541,10.73563,0.4,,13.0,13.9,0.249,14.7,0.176,1.4,icon_d2
2026-10-03,W0436,52.4644,10.7794,0.0,,13.1,13.9,0.249,14.7,0.176,1.47,icon_d2
2026-10-03,W0437,52.4644,10.8089,0.0,,12.9,14.3,0.231,15.1,0.152,1.41,icon_d2
2026-10-03,W0438,52.4644,10.8384,0.0,,13.1,14.3,0.231,15.1,0.152,1.42,icon_d2
2026-10-03,W0439,52.4644,10.868,0.0,,13.2,14.3,0.231,15.1,0.152,1.42,icon_d2
2026-10-03,W0440,52.4644,10.8975,0.0,,12.9,14.3,0.231,15.1,0.152,1.46,icon_d2
2026-10-03,W0441,52.4644,10.9271,0.0,,12.9,14.3,0.231,15.1,0.152,1.46,icon_d2
2026-10-03,W0442,52.4644,10.9566,0.0,,13.1,14.3,0.231,15.1,0.152,1.48,icon_d2
2026-10-03,W1482,52.45541,10.97214,0.0,,13.0,14.7,0.23,15.2,0.155,1.48,icon_d2
2026-10-03,W1609,52.45541,11.00171,0.0,,13.0,14.1,0.277,14.6,0.228,1.45,icon_d2
2026-10-03,W0443,52.4644,11.0452,0.0,,13.1,14.1,0.277,14.6,0.228,1.45,icon_d2
2026-10-03,W1483,52.45541,11.06084,0.0,,13.2,14.1,0.277,14.6,0.228,1.45,icon_d2
2026-10-03,W0444,52.4644,11.1043,0.0,,13.0,14.1,0.277,14.6,0.228,1.43,icon_d2
2026-10-03,W0445,52.4644,11.1338,0.0,,13.1,14.6,0.239,15.1,0.191,1.42,icon_d2
2026-10-03,W1484,52.45541,11.14953,0.0,,13.1,14.9,0.258,15.2,0.138,1.42,icon_d2
2026-10-03,W0446,52.4824,10.1295,0.0,,12.8,13.1,0.209,13.8,0.125,1.51,icon_d2
2026-10-03,W0447,52.4824,10.1591,0.0,,12.8,13.1,0.209,13.8,0.125,1.5,icon_d2
2026-10-03,W0448,52.4824,10.1886,0.0,,12.7,13.1,0.209,13.8,0.125,1.5,icon_d2
2026-10-03,W1485,52.47342,10.20347,0.0,,13.0,13.1,0.209,13.8,0.125,1.49,icon_d2
2026-10-03,W0449,52.4824,10.2477,0.0,,13.1,13.1,0.209,13.8,0.125,1.56,icon_d2
2026-10-03,W0450,52.4824,10.2772,0.0,,13.2,13.1,0.209,13.8,0.125,1.58,icon_d2
2026-10-03,W0451,52.4824,10.3068,0.0,,13.2,13.4,0.298,14.1,0.201,1.59,icon_d2
2026-10-03,W1486,52.47342,10.32173,0.0,,13.2,13.4,0.298,14.1,0.201,1.58,icon_d2
2026-10-03,W1487,52.47342,10.3513,0.0,,13.1,13.4,0.298,14.1,0.201,1.55,icon_d2
2026-10-03,W0452,52.4824,10.3954,0.0,,12.9,13.4,0.298,14.1,0.201,1.49,icon_d2
2026-10-03,W0453,52.4824,10.4249,0.0,,12.7,13.4,0.298,14.1,0.201,1.5,icon_d2
2026-10-03,W0454,52.4824,10.4545,0.0,,13.2,13.4,0.298,14.1,0.201,1.46,icon_d2
2026-10-03,W0455,52.4824,10.484,0.0,,13.2,14.0,0.256,14.9,0.181,1.46,icon_d2
2026-10-03,W0456,52.4824,10.5135,0.0,,13.4,14.0,0.256,14.9,0.181,1.49,icon_d2
2026-10-03,W1488,52.47342,10.52868,0.0,,13.4,14.0,0.256,14.9,0.181,1.49,icon_d2
2026-10-03,W0457,52.4824,10.5726,0.0,,13.4,14.0,0.256,14.9,0.181,1.52,icon_d2
2026-10-03,W0458,52.4824,10.6021,0.0,,12.9,14.0,0.256,14.9,0.181,1.5,icon_d2
2026-10-03,W0459,52.4824,10.6317,0.0,,13.0,13.9,0.249,14.7,0.176,1.51,icon_d2
2026-10-03,W0460,52.4824,10.6612,0.0,,12.9,13.9,0.249,14.7,0.176,1.5,icon_d2
2026-10-03,W0461,52.4824,10.6908,0.0,,13.1,13.9,0.249,14.7,0.176,1.48,icon_d2
2026-10-03,W0462,52.4824,10.7203,1.5,,13.1,13.9,0.249,14.7,0.176,1.42,icon_d2
2026-10-03,W1489,52.47342,10.73563,1.5,,13.1,13.9,0.249,14.7,0.176,1.42,icon_d2
2026-10-03,W0463,52.4824,10.7794,0.3,,13.0,13.9,0.249,14.7,0.176,1.47,icon_d2
2026-10-03,W0464,52.4824,10.8089,0.3,,12.9,14.3,0.231,15.1,0.152,1.47,icon_d2
2026-10-03,W1490,52.47342,10.82432,0.0,,13.1,14.3,0.231,15.1,0.152,1.45,icon_d2
2026-10-03,W1491,52.47342,10.85389,0.0,,13.3,14.3,0.231,15.1,0.152,1.45,icon_d2
2026-10-03,W1492,52.47342,10.88345,0.0,,13.1,14.3,0.231,15.1,0.152,1.45,icon_d2
2026-10-03,W1493,52.47342,10.91302,0.0,,13.1,14.3,0.231,15.1,0.152,1.48,icon_d2
2026-10-03,W0465,52.4824,10.9566,0.0,,13.2,14.3,0.231,15.1,0.152,1.49,icon_d2
2026-10-03,W0466,52.4824,10.9861,0.0,,13.1,14.1,0.277,14.6,0.228,1.48,icon_d2
2026-10-03,W0467,52.4824,11.0157,0.0,,13.1,14.1,0.277,14.6,0.228,1.46,icon_d2
2026-10-03,W0468,52.4824,11.0452,0.0,,13.2,14.1,0.277,14.6,0.228,1.45,icon_d2
2026-10-03,W1494,52.47342,11.06084,0.0,,13.2,14.1,0.277,14.6,0.228,1.45,icon_d2
2026-10-03,W1495,52.47342,11.0904,0.0,,13.2,14.1,0.277,14.6,0.228,1.46,icon_d2
2026-10-03,W1496,52.47342,11.11997,0.0,,13.1,14.1,0.277,14.6,0.228,1.41,icon_d2
2026-10-03,W1497,52.47342,11.14953,0.0,,13.2,14.6,0.239,15.1,0.191,1.42,icon_d2
2026-10-03,W1498,52.49144,10.11478,0.0,,12.9,13.0,0.218,13.7,0.151,1.51,icon_d2
2026-10-03,W1499,52.49144,10.14435,0.0,,12.9,13.1,0.209,13.8,0.125,1.51,icon_d2
2026-10-03,W1500,52.49144,10.17391,0.0,,12.8,13.1,0.209,13.8,0.125,1.5,icon_d2
2026-10-03,W1501,52.49144,10.20347,0.0,,12.8,13.1,0.209,13.8,0.125,1.49,icon_d2
2026-10-03,W1502,52.49144,10.23304,0.0,,12.9,13.1,0.209,13.8,0.125,1.55,icon_d2
2026-10-03,W1503,52.49144,10.2626,0.0,,13.0,13.1,0.209,13.8,0.125,1.56,icon_d2
2026-10-03,W1504,52.49144,10.29217,0.0,,13.2,13.4,0.298,14.1,0.201,1.59,icon_d2
2026-10-03,W1505,52.49144,10.32173,0.0,,13.2,13.4,0.298,14.1,0.201,1.59,icon_d2
2026-10-03,W1506,52.49144,10.3513,0.0,,13.3,13.4,0.298,14.1,0.201,1.57,icon_d2
2026-10-03,W1507,52.49144,10.38086,0.0,,13.1,13.4,0.298,14.1,0.201,1.56,icon_d2
2026-10-03,W1508,52.49144,10.41042,0.0,,13.2,13.4,0.298,14.1,0.201,1.5,icon_d2
2026-10-03,W1509,52.49144,10.43999,0.0,,13.1,13.4,0.298,14.1,0.201,1.46,icon_d2
2026-10-03,W1510,52.49144,10.46955,0.0,,13.1,14.0,0.256,14.9,0.181,1.46,icon_d2
2026-10-03,W1511,52.49144,10.49912,0.0,,13.3,14.0,0.256,14.9,0.181,1.5,icon_d2
2026-10-03,W1512,52.49144,10.52868,0.0,,13.3,14.0,0.256,14.9,0.181,1.5,icon_d2
2026-10-03,W1513,52.49144,10.55825,0.0,,13.2,14.0,0.256,14.9,0.181,1.53,icon_d2
2026-10-03,W1514,52.49144,10.58781,0.0,,13.0,14.0,0.256,14.9,0.181,1.49,icon_d2
2026-10-03,W1515,52.49144,10.61737,0.0,,13.2,14.0,0.256,14.9,0.181,1.49,icon_d2
2026-10-03,W1516,52.49144,10.64694,0.0,,13.3,13.9,0.249,14.7,0.176,1.53,icon_d2
2026-10-03,W1517,52.49144,10.6765,0.0,,13.3,13.9,0.249,14.7,0.176,1.46,icon_d2
2026-10-03,W1518,52.49144,10.70607,0.0,,13.3,13.9,0.249,14.7,0.176,1.46,icon_d2
2026-10-03,W1519,52.49144,10.73563,0.2,,13.0,13.9,0.249,14.7,0.176,1.43,icon_d2
2026-10-03,W1520,52.49144,10.76519,0.7,,13.1,13.9,0.249,14.7,0.176,1.46,icon_d2
2026-10-03,W1521,52.49144,10.79476,0.0,,13.1,14.3,0.231,15.1,0.152,1.48,icon_d2
2026-10-03,W1522,52.49144,10.82432,0.0,,13.0,14.3,0.231,15.1,0.152,1.48,icon_d2
2026-10-03,W1523,52.49144,10.85389,0.0,,13.4,14.3,0.231,15.1,0.152,1.42,icon_d2
2026-10-03,W1524,52.49144,10.88345,0.0,,13.4,14.3,0.231,15.1,0.152,1.42,icon_d2
2026-10-03,W1525,52.49144,10.91302,0.1,,13.5,14.3,0.231,15.1,0.152,1.44,icon_d2
2026-10-03,W1526,52.49144,10.94258,0.4,,13.3,14.3,0.231,15.1,0.152,1.48,icon_d2
2026-10-03,W1527,52.49144,10.97214,0.0,,13.1,14.1,0.277,14.6,0.228,1.45,icon_d2
2026-10-03,W1528,52.49144,11.00171,0.0,,13.2,14.1,0.277,14.6,0.228,1.45,icon_d2
2026-10-03,W1529,52.49144,11.03127,0.0,,13.2,14.1,0.277,14.6,0.228,1.38,icon_d2
2026-10-03,W1530,52.49144,11.06084,0.0,,13.3,14.1,0.277,14.6,0.228,1.44,icon_d2
2026-10-03,W1531,52.49144,11.0904,0.0,,13.2,14.1,0.277,14.6,0.228,1.45,icon_d2
2026-10-03,W1532,52.49144,11.11997,0.0,,13.2,14.1,0.277,14.6,0.228,1.41,icon_d2
2026-10-03,W1533,52.49144,11.14953,0.0,,13.2,14.6,0.239,15.1,0.191,1.41,icon_d2
2026-10-03,W0470,52.5005,10.1295,0.0,,12.9,13.1,0.209,13.8,0.125,1.51,icon_d2
2026-10-03,W0471,52.5005,10.1591,0.0,,12.9,13.1,0.209,13.8,0.125,1.51,icon_d2
2026-10-03,W0472,52.5005,10.1886,0.0,,12.8,13.1,0.209,13.8,0.125,1.5,icon_d2
2026-10-03,W1534,52.50946,10.20347,0.0,,12.8,13.1,0.209,13.8,0.125,1.49,icon_d2
2026-10-03,W0473,52.5005,10.2477,0.0,,12.9,13.1,0.209,13.8,0.125,1.55,icon_d2
2026-10-03,W0474,52.5005,10.2772,0.0,,13.2,12.8,0.207,13.1,0.118,1.56,icon_d2
2026-10-03,W0475,52.5005,10.3068,0.0,,13.2,13.4,0.298,14.1,0.201,1.59,icon_d2
2026-10-03,W1535,52.50946,10.32173,0.0,,13.2,13.4,0.298,14.1,0.201,1.59,icon_d2
2026-10-03,W1536,52.50946,10.3513,0.0,,13.3,13.4,0.298,14.1,0.201,1.57,icon_d2
2026-10-03,W0476,52.5005,10.3954,0.0,,13.2,13.4,0.298,14.1,0.201,1.5,icon_d2
2026-10-03,W0477,52.5005,10.4249,0.0,,13.2,13.4,0.298,14.1,0.201,1.5,icon_d2
2026-10-03,W0478,52.5005,10.4545,0.0,,13.1,12.9,0.203,13.3,0.116,1.46,icon_d2
2026-10-03,W0479,52.5005,10.484,0.0,,13.3,14.0,0.256,14.9,0.181,1.5,icon_d2
2026-10-03,W0480,52.5005,10.5135,0.0,,13.3,14.0,0.256,14.9,0.181,1.5,icon_d2
2026-10-03,W0481,52.5005,10.5431,0.0,,13.2,14.0,0.256,14.9,0.181,1.53,icon_d2
2026-10-03,W0482,52.5005,10.5726,0.0,,13.0,14.0,0.256,14.9,0.181,1.49,icon_d2
2026-10-03,W0483,52.5005,10.6021,0.0,,13.0,13.4,0.199,14.1,0.104,1.49,icon_d2
2026-10-03,W1537,52.50946,10.61737,0.0,,13.1,13.4,0.199,14.1,0.104,1.49,icon_d2
2026-10-03,W0484,52.5005,10.6612,0.0,,13.2,13.9,0.249,14.7,0.176,1.48,icon_d2
2026-10-03,W0485,52.5005,10.6908,0.0,,13.2,13.9,0.249,14.7,0.176,1.46,icon_d2
2026-10-03,W0486,52.5005,10.7203,0.0,,13.3,13.9,0.249,14.7,0.176,1.42,icon_d2
2026-10-03,W0487,52.5005,10.7498,0.2,,13.1,13.9,0.249,14.7,0.176,1.43,icon_d2
2026-10-03,W1538,52.50946,10.76519,0.7,,13.0,13.4,0.162,14.1,0.079,1.46,icon_d2
2026-10-03,W0488,52.5005,10.8089,0.0,,13.1,14.3,0.231,15.1,0.152,1.48,icon_d2
2026-10-03,W0489,52.5005,10.8384,0.0,,13.3,14.3,0.231,15.1,0.152,1.42,icon_d2
2026-10-03,W0490,52.5005,10.868,0.0,,13.3,14.3,0.231,15.1,0.152,1.42,icon_d2
2026-10-03,W0491,52.5005,10.8975,0.1,,13.5,14.3,0.231,15.1,0.152,1.44,icon_d2
2026-10-03,W0492,52.5005,10.9271,0.1,,13.5,14.3,0.231,15.1,0.152,1.44,icon_d2
2026-10-03,W0493,52.5005,10.9566,0.4,,13.1,14.2,0.238,14.9,0.141,1.47,icon_d2
2026-10-03,W0494,52.5005,10.9861,0.0,,13.1,14.1,0.277,14.6,0.228,1.45,icon_d2
2026-10-03,W1539,52.50946,11.00171,0.0,,13.2,14.1,0.277,14.6,0.228,1.45,icon_d2
2026-10-03,W1540,52.50946,11.03127,0.0,,13.2,14.1,0.277,14.6,0.228,1.38,icon_d2
2026-10-03,W1541,52.50946,11.06084,0.0,,13.2,14.1,0.277,14.6,0.228,1.44,icon_d2
2026-10-03,W0495,52.5005,11.1043,0.0,,13.2,14.3,0.238,15.1,0.191,1.45,icon_d2
2026-10-03,W1542,52.50946,11.11997,0.0,,13.2,14.3,0.238,15.1,0.191,1.41,icon_d2
2026-10-03,W1543,52.50946,11.14953,0.0,,13.2,14.6,0.239,15.1,0.191,1.41,icon_d2
2026-10-03,W0497,52.5185,10.1295,0.0,,13.0,12.9,0.213,13.5,0.134,1.5,icon_d2
2026-10-03,W0498,52.5185,10.1591,0.0,,12.7,13.1,0.209,13.8,0.125,1.49,icon_d2
2026-10-03,W1544,52.52748,10.17391,0.0,,12.7,12.8,0.207,13.1,0.118,1.49,icon_d2
2026-10-03,W1545,52.52748,10.20347,0.0,,12.9,12.8,0.207,13.1,0.118,1.55,icon_d2
2026-10-03,W0499,52.5185,10.2477,0.0,,12.9,12.8,0.207,13.1,0.118,1.55,icon_d2
2026-10-03,W0500,52.5185,10.2772,0.0,,13.0,12.8,0.207,13.1,0.118,1.56,icon_d2
2026-10-03,W0501,52.5185,10.3068,0.0,,13.2,13.4,0.298,14.1,0.201,1.59,icon_d2
2026-10-03,W1546,52.52748,10.32173,0.0,,13.2,13.4,0.298,14.1,0.201,1.59,icon_d2
2026-10-03,W1547,52.52748,10.3513,0.0,,13.3,12.9,0.203,13.3,0.116,1.57,icon_d2
2026-10-03,W0502,52.5185,10.3954,0.0,,12.9,12.9,0.203,13.3,0.116,1.49,icon_d2
2026-10-03,W0503,52.5185,10.4249,0.0,,12.9,12.9,0.203,13.3,0.116,1.49,icon_d2
2026-10-03,W0504,52.5185,10.4545,0.0,,13.0,12.9,0.203,13.3,0.116,1.46,icon_d2
2026-10-03,W1548,52.52748,10.46955,0.0,,12.9,12.9,0.203,13.3,0.116,1.45,icon_d2
2026-10-03,W0505,52.5185,10.5135,0.0,,13.2,14.0,0.256,14.9,0.181,1.52,icon_d2
2026-10-03,W0506,52.5185,10.5431,0.0,,13.2,13.4,0.199,14.1,0.104,1.52,icon_d2
2026-10-03,W0507,52.5185,10.5726,0.0,,12.8,13.4,0.199,14.1,0.104,1.48,icon_d2
2026-10-03,W0508,52.5185,10.6021,0.0,,13.1,13.4,0.199,14.1,0.104,1.5,icon_d2
2026-10-03,W0509,52.5185,10.6317,0.0,,13.0,13.4,0.199,14.1,0.104,1.49,icon_d2
2026-10-03,W0510,52.5185,10.6612,0.0,,13.1,13.9,0.249,14.7,0.176,1.45,icon_d2
2026-10-03,W0511,52.5185,10.6908,0.0,,13.1,13.9,0.249,14.7,0.176,1.42,icon_d2
2026-10-03,W0512,52.5185,10.7203,0.0,,13.1,13.4,0.162,14.1,0.079,1.39,icon_d2
2026-10-03,W0513,52.5185,10.7498,0.0,,13.3,13.4,0.162,14.1,0.079,1.39,icon_d2
2026-10-03,W0514,52.5185,10.7794,0.0,,13.0,13.4,0.162,14.1,0.079,1.42,icon_d2
2026-10-03,W1549,52.52748,10.79476,0.0,,13.1,13.4,0.162,14.1,0.079,1.43,icon_d2
2026-10-03,W0515,52.5185,10.8384,0.0,,13.3,14.3,0.231,15.1,0.152,1.42,icon_d2
2026-10-03,W0516,52.5185,10.868,0.0,,13.3,14.2,0.238,14.9,0.141,1.42,icon_d2
2026-10-03,W0517,52.5185,10.8975,0.1,,13.3,14.2,0.238,14.9,0.141,1.42,icon_d2
2026-10-03,W0518,52.5185,10.9271,0.0,,12.9,14.2,0.238,14.9,0.141,1.43,icon_d2
2026-10-03,W0519,52.5185,10.9566,0.0,,12.8,14.2,0.238,14.9,0.141,1.44,icon_d2
2026-10-03,W0520,52.5185,10.9861,0.0,,12.9,14.1,0.277,14.6,0.228,1.44,icon_d2
2026-10-03,W0521,52.5185,11.0157,0.0,,13.0,14.1,0.277,14.6,0.228,1.39,icon_d2
2026-10-03,W1550,52.52748,11.03127,0.0,,13.0,14.3,0.238,15.1,0.191,1.39,icon_d2
2026-10-03,W1551,52.52748,11.06084,0.0,,13.0,14.3,0.238,15.1,0.191,1.39,icon_d2
2026-10-03,W1552,52.52748,11.0904,0.0,,13.2,14.3,0.238,15.1,0.191,1.41,icon_d2
2026-10-03,W1553,52.52748,11.11997,0.0,,13.2,14.3,0.238,15.1,0.191,1.41,icon_d2
2026-10-03,W1554,52.52748,11.14953,0.0,,13.2,14.6,0.239,15.1,0.191,1.43,icon_d2
2026-10-03,W0523,52.5365,10.1295,0.0,,12.8,12.9,0.213,13.5,0.134,1.51,icon_d2
2026-10-03,W1555,52.5455,10.14435,0.0,,12.8,12.8,0.207,13.1,0.118,1.52,icon_d2
2026-10-03,W1556,52.5455,10.17391,0.0,,12.8,12.8,0.207,13.1,0.118,1.5,icon_d2
2026-10-03,W0524,52.5365,10.2182,0.0,,12.9,12.8,0.207,13.1,0.118,1.55,icon_d2
2026-10-03,W0525,52.5365,10.2477,0.0,,12.8,12.8,0.207,13.1,0.118,1.56,icon_d2
2026-10-03,W0526,52.5365,10.2772,0.0,,13.1,12.8,0.207,13.1,0.118,1.57,icon_d2
2026-10-03,W0527,52.5365,10.3068,0.0,,13.1,12.8,0.207,13.1,0.118,1.57,icon_d2
2026-10-03,W0547,52.5545,10.3363,0.0,,12.8,12.9,0.203,13.3,0.116,1.56,icon_d2
2026-10-03,W1557,52.5455,10.3513,0.0,,13.2,12.9,0.203,13.3,0.116,1.56,icon_d2
2026-10-03,W0548,52.5545,10.3954,0.0,,13.2,12.9,0.203,13.3,0.116,1.52,icon_d2
2026-10-03,W0549,52.5545,10.4249,0.0,,13.2,12.9,0.203,13.3,0.116,1.52,icon_d2
2026-10-03,W0528,52.5365,10.4545,0.0,,13.0,12.9,0.203,13.3,0.116,1.5,icon_d2
2026-10-03,W0529,52.5365,10.484,0.0,,13.1,13.4,0.199,14.1,0.104,1.51,icon_d2
2026-10-03,W0530,52.5365,10.5135,0.0,,13.0,13.4,0.199,14.1,0.104,1.51,icon_d2
2026-10-03,W0531,52.5365,10.5431,0.0,,13.2,13.4,0.199,14.1,0.104,1.51,icon_d2
2026-10-03,W0532,52.5365,10.5726,0.0,,13.0,13.4,0.199,14.1,0.104,1.49,icon_d2
2026-10-03,W0533,52.5365,10.6021,0.0,,13.0,13.4,0.199,14.1,0.104,1.5,icon_d2
2026-10-03,W0534,52.5365,10.6317,0.0,,13.0,13.4,0.199,14.1,0.104,1.5,icon_d2
2026-10-03,W0535,52.5365,10.6612,0.0,,12.7,13.4,0.162,14.1,0.079,1.49,icon_d2
2026-10-03,W0536,52.5365,10.6908,0.0,,13.2,13.4,0.162,14.1,0.079,1.43,icon_d2
2026-10-03,W0537,52.5365,10.7203,0.0,,13.3,13.4,0.162,14.1,0.079,1.43,icon_d2
2026-10-03,W0538,52.5365,10.7498,0.0,,12.8,13.4,0.162,14.1,0.079,1.39,icon_d2
2026-10-03,W0539,52.5365,10.7794,0.0,,12.9,13.4,0.162,14.1,0.079,1.38,icon_d2
2026-10-03,W0540,52.5365,10.8089,0.0,,13.0,13.4,0.162,14.1,0.079,1.41,icon_d2
2026-10-03,W0562,52.5545,10.8384,0.0,,13.1,14.2,0.238,14.9,0.141,1.43,icon_d2
2026-10-03,W0563,52.5545,10.868,0.0,,13.0,14.2,0.238,14.9,0.141,1.44,icon_d2
2026-10-03,W0564,52.5545,10.8975,0.0,,13.3,14.2,0.238,14.9,0.141,1.45,icon_d2
2026-10-03,W0541,52.5365,10.9271,0.0,,13.2,14.2,0.238,14.9,0.141,1.43,icon_d2
2026-10-03,W0542,52.5365,10.9566,0.0,,12.8,14.2,0.238,14.9,0.141,1.44,icon_d2
2026-10-03,W1558,52.5455,10.97214,0.0,,13.0,14.2,0.238,14.9,0.141,1.42,icon_d2
2026-10-03,W1559,52.5455,11.00171,0.0,,12.9,14.3,0.238,15.1,0.191,1.45,icon_d2
2026-10-03,W1560,52.5455,11.03127,0.0,,13.0,14.3,0.238,15.1,0.191,1.46,icon_d2
2026-10-03,W0543,52.5365,11.0747,0.0,,13.2,14.3,0.238,15.1,0.191,1.43,icon_d2
2026-10-03,W0544,52.5365,11.1043,0.0,,13.1,14.3,0.238,15.1,0.191,1.45,icon_d2
2026-10-03,W0567,52.5545,11.1338,0.0,,13.6,14.3,0.238,15.1,0.191,1.47,icon_d2
2026-10-03,W1561,52.5455,11.14953,0.0,,13.2,14.1,0.238,14.7,0.179,1.47,icon_d2
2026-10-03,W1562,52.56351,10.11478,0.0,,12.8,12.9,0.213,13.5,0.134,1.5,icon_d2
2026-10-03,W0568,52.5725,10.1591,0.0,,12.9,12.8,0.207,13.1,0.118,1.52,icon_d2
2026-10-03,W0569,52.5725,10.1886,0.0,,12.9,12.8,0.207,13.1,0.118,1.52,icon_d2
2026-10-03,W0570,52.5725,10.2182,0.0,,13.0,12.8,0.207,13.1,0.118,1.55,icon_d2
2026-10-03,W1563,52.56351,10.23304,0.0,,12.9,12.8,0.207,13.1,0.118,1.54,icon_d2
2026-10-03,W0571,52.5725,10.2772,0.0,,13.2,12.9,0.205,13.4,0.113,1.55,icon_d2
2026-10-03,W0572,52.5725,10.3068,0.0,,13.4,12.9,0.205,13.4,0.113,1.57,icon_d2
2026-10-03,W0573,52.5725,10.3363,0.0,,13.2,12.9,0.203,13.3,0.116,1.56,icon_d2
2026-10-03,W0574,52.5725,10.3658,0.0,,13.3,12.9,0.203,13.3,0.116,1.56,icon_d2
2026-10-03,W0575,52.5725,10.3954,0.0,,13.2,12.9,0.203,13.3,0.116,1.54,icon_d2
2026-10-03,W0576,52.5725,10.4249,0.0,,13.2,12.9,0.203,13.3,0.116,1.54,icon_d2
2026-10-03,W0577,52.5725,10.4545,0.0,,13.2,12.8,0.205,13.0,0.119,1.54,icon_d2
2026-10-03,W0578,52.5725,10.484,0.0,,12.9,13.4,0.199,14.1,0.104,1.55,icon_d2
2026-10-03,W0579,52.5725,10.5135,0.0,,13.3,13.4,0.199,14.1,0.104,1.52,icon_d2
2026-10-03,W0580,52.5725,10.5431,0.0,,13.0,13.4,0.199,14.1,0.104,1.51,icon_d2
2026-10-03,W0581,52.5725,10.5726,0.0,,12.8,13.4,0.199,14.1,0.104,1.49,icon_d2
2026-10-03,W0582,52.5725,10.6021,0.0,,12.9,13.4,0.199,14.1,0.104,1.49,icon_d2
2026-10-03,W0583,52.5725,10.6317,0.0,,12.9,13.4,0.194,14.0,0.092,1.5,icon_d2
2026-10-03,W0584,52.5725,10.6612,0.0,,13.2,13.4,0.162,14.1,0.079,1.48,icon_d2
2026-10-03,W0585,52.5725,10.6908,0.0,,13.1,13.4,0.162,14.1,0.079,1.44,icon_d2
2026-10-03,W0586,52.5725,10.7203,0.0,,13.0,13.4,0.162,14.1,0.079,1.44,icon_d2
2026-10-03,W0587,52.5725,10.7498,0.0,,13.0,13.4,0.162,14.1,0.079,1.42,icon_d2
2026-10-03,W0588,52.5725,10.7794,0.0,,13.4,13.6,0.191,14.3,0.105,1.43,icon_d2
2026-10-03,W0589,52.5725,10.8089,0.0,,13.5,13.6,0.191,14.3,0.105,1.44,icon_d2
2026-10-03,W0590,52.5725,10.8384,0.0,,13.1,14.2,0.238,14.9,0.141,1.45,icon_d2
2026-10-03,W0591,52.5725,10.868,0.0,,13.1,14.2,0.238,14.9,0.141,1.45,icon_d2
2026-10-03,W0592,52.5725,10.8975,0.0,,13.3,14.2,0.238,14.9,0.141,1.43,icon_d2
2026-10-03,W0593,52.5725,10.9271,0.0,,13.3,14.2,0.238,14.9,0.141,1.43,icon_d2
2026-10-03,W1564,52.56351,10.94258,0.0,,12.9,14.2,0.238,14.9,0.141,1.42,icon_d2
2026-10-03,W1565,52.56351,10.97214,0.0,,12.7,14.2,0.238,14.9,0.141,1.42,icon_d2
2026-10-03,W1566,52.56351,11.00171,0.0,,12.8,14.3,0.238,15.1,0.191,1.42,icon_d2
2026-10-03,W1567,52.56351,11.03127,0.0,,13.0,14.3,0.238,15.1,0.191,1.47,icon_d2
2026-10-03,W0594,52.5725,11.0747,0.0,,13.1,14.3,0.238,15.1,0.191,1.42,icon_d2
2026-10-03,W1568,52.56351,11.0904,0.0,,13.3,14.3,0.238,15.1,0.191,1.43,icon_d2
2026-10-03,W0595,52.5725,11.1338,0.0,,13.9,14.4,0.231,15.3,0.148,1.45,icon_d2
2026-10-03,W1569,52.56351,11.14953,0.0,,13.6,14.1,0.238,14.7,0.179,1.47,icon_d2
2026-10-03,W1570,52.58153,10.11478,0.0,,12.8,13.1,0.208,13.7,0.122,1.5,icon_d2
2026-10-03,W0596,52.5905,10.1591,0.0,,12.9,12.8,0.207,13.1,0.118,1.52,icon_d2
2026-10-03,W0597,52.5905,10.1886,0.0,,12.9,12.8,0.207,13.1,0.118,1.52,icon_d2
2026-10-03,W0598,52.5905,10.2182,0.0,,12.7,12.9,0.205,13.4,0.113,1.53,icon_d2
2026-10-03,W0599,52.5905,10.2477,0.0,,12.7,12.9,0.205,13.4,0.113,1.55,icon_d2
2026-10-03,W0600,52.5905,10.2772,0.0,,13.2,12.9,0.205,13.4,0.113,1.56,icon_d2
2026-10-03,W0601,52.5905,10.3068,0.0,,13.3,12.9,0.205,13.4,0.113,1.56,icon_d2
2026-10-03,W0602,52.5905,10.3363,0.0,,13.1,12.9,0.203,13.3,0.116,1.55,icon_d2
2026-10-03,W1571,52.58153,10.3513,0.0,,13.3,12.9,0.203,13.3,0.116,1.56,icon_d2
2026-10-03,W1572,52.58153,10.38086,0.0,,13.3,12.9,0.203,13.3,0.116,1.55,icon_d2
2026-10-03,W1573,52.58153,10.41042,0.0,,13.3,12.8,0.205,13.0,0.119,1.54,icon_d2
2026-10-03,W0603,52.5905,10.4545,0.0,,13.2,12.8,0.205,13.0,0.119,1.54,icon_d2
2026-10-03,W0604,52.5905,10.484,0.0,,13.0,12.8,0.205,13.0,0.119,1.54,icon_d2
2026-10-03,W0605,52.5905,10.5135,0.0,,13.3,13.4,0.199,14.1,0.104,1.52,icon_d2
2026-10-03,W0606,52.5905,10.5431,0.0,,13.1,13.4,0.199,14.1,0.104,1.5,icon_d2
2026-10-03,W0607,52.5905,10.5726,0.0,,12.8,13.4,0.194,14.0,0.092,1.49,icon_d2
2026-10-03,W1574,52.58153,10.58781,0.0,,12.9,13.4,0.194,14.0,0.092,1.5,icon_d2
2026-10-03,W0608,52.5905,10.6317,0.0,,12.7,13.4,0.194,14.0,0.092,1.47,icon_d2
2026-10-03,W0609,52.5905,10.6612,0.0,,13.2,13.4,0.162,14.1,0.079,1.47,icon_d2
2026-10-03,W0610,52.5905,10.6908,0.0,,13.1,13.4,0.162,14.1,0.079,1.46,icon_d2
2026-10-03,W0611,52.5905,10.7203,0.0,,13.2,13.6,0.191,14.3,0.105,1.45,icon_d2
2026-10-03,W0612,52.5905,10.7498,0.0,,13.3,13.6,0.191,14.3,0.105,1.44,icon_d2
2026-10-03,W0613,52.5905,10.7794,0.0,,13.6,13.6,0.191,14.3,0.105,1.44,icon_d2
2026-10-03,W0614,52.5905,10.8089,0.0,,13.5,13.6,0.191,14.3,0.105,1.44,icon_d2
2026-10-03,W0615,52.5905,10.8384,0.0,,13.2,14.2,0.238,14.9,0.141,1.45,icon_d2
2026-10-03,W0616,52.5905,10.868,0.0,,13.4,14.2,0.238,14.9,0.141,1.47,icon_d2
2026-10-03,W1742,52.58153,10.88345,0.0,,13.2,14.2,0.238,14.9,0.141,1.44,icon_d2
2026-10-03,W1743,52.58153,10.91302,0.0,,13.3,14.2,0.253,15.0,0.169,1.43,icon_d2
2026-10-03,W0617,52.5905,10.9566,0.0,,13.6,14.2,0.253,15.0,0.169,1.41,icon_d2
2026-10-03,W1744,52.58153,10.97214,0.0,,12.9,14.2,0.253,15.0,0.169,1.41,icon_d2
2026-10-03,W0618,52.5905,11.0157,0.0,,13.4,14.3,0.238,15.1,0.191,1.44,icon_d2
2026-10-03,W0619,52.5905,11.0452,0.0,,13.0,14.3,0.238,15.1,0.191,1.43,icon_d2
2026-10-03,W1745,52.58153,11.06084,0.0,,13.1,14.3,0.238,15.1,0.191,1.42,icon_d2
2026-10-03,W1746,52.58153,11.0904,0.0,,13.9,14.4,0.231,15.3,0.148,1.45,icon_d2
2026-10-03,W0620,52.5905,11.1338,0.0,,13.8,14.4,0.231,15.3,0.148,1.5,icon_d2
2026-10-03,W1747,52.58153,11.14953,0.0,,13.7,14.4,0.231,15.3,0.148,1.45,icon_d2
2026-10-03,W1748,52.59955,10.11478,0.0,,13.1,13.1,0.208,13.7,0.122,1.49,icon_d2
2026-10-03,W1749,52.59955,10.14435,0.0,,13.0,13.1,0.208,13.7,0.122,1.48,icon_d2
2026-10-03,W1750,52.59955,10.17391,0.0,,12.9,12.9,0.205,13.4,0.113,1.52,icon_d2
2026-10-03,W1751,52.59955,10.20347,0.0,,12.7,12.9,0.205,13.4,0.113,1.53,icon_d2
2026-10-03,W1752,52.59955,10.23304,0.0,,12.7,12.9,0.205,13.4,0.113,1.55,icon_d2
2026-10-03,W1753,52.59955,10.2626,0.0,,13.1,12.9,0.205,13.4,0.113,1.55,icon_d2
2026-10-03,W1754,52.59955,10.29217,0.0,,13.3,12.9,0.205,13.4,0.113,1.56,icon_d2
2026-10-03,W1755,52.59955,10.32173,0.0,,13.2,12.9,0.205,13.4,0.113,1.56,icon_d2
2026-10-03,W1756,52.59955,10.3513,0.0,,13.3,12.8,0.205,13.0,0.119,1.54,icon_d2
2026-10-03,W1757,52.59955,10.38086,0.0,,13.1,12.8,0.205,13.0,0.119,1.54,icon_d2
2026-10-03,W1758,52.59955,10.41042,0.0,,13.3,12.8,0.205,13.0,0.119,1.52,icon_d2
2026-10-03,W1759,52.59955,10.43999,0.0,,13.3,12.8,0.205,13.0,0.119,1.52,icon_d2
2026-10-03,W1760,52.59955,10.46955,0.0,,13.2,12.8,0.205,13.0,0.119,1.54,icon_d2
2026-10-03,W1761,52.59955,10.49912,0.0,,13.0,13.4,0.199,14.1,0.104,1.54,icon_d2
2026-10-03,W1762,52.59955,10.52868,0.0,,13.3,13.4,0.194,14.0,0.092,1.52,icon_d2
2026-10-03,W1763,52.59955,10.55825,0.0,,12.9,13.4,0.194,14.0,0.092,1.49,icon_d2
2026-10-03,W1764,52.59955,10.58781,0.0,,12.8,13.4,0.194,14.0,0.092,1.49,icon_d2
2026-10-03,W1765,52.59955,10.61737,0.0,,12.8,13.4,0.194,14.0,0.092,1.48,icon_d2
2026-10-03,W1599,52.59955,10.64694,0.0,,12.7,13.4,0.194,14.0,0.092,1.46,icon_d2
2026-10-03,W1600,52.59955,10.6765,0.0,,13.2,13.4,0.162,14.1,0.079,1.47,icon_d2
2026-10-03,W1601,52.59955,10.70607,0.0,,13.1,13.6,0.191,14.3,0.105,1.46,icon_d2
2026-10-03,W1610,52.59955,10.73563,0.0,,13.4,13.6,0.191,14.3,0.105,1.44,icon_d2
2026-10-03,W1602,52.59955,10.76519,0.0,,13.4,13.6,0.191,14.3,0.105,1.44,icon_d2
2026-10-03,W1603,52.59955,10.79476,0.0,,13.5,13.6,0.191,14.3,0.105,1.44,icon_d2
2026-10-03,W1611,52.59955,10.82432,0.0,,13.2,13.6,0.191,14.3,0.105,1.45,icon_d2
2026-10-03,W1604,52.59955,10.85389,0.0,,13.2,14.2,0.253,15.0,0.169,1.47,icon_d2
2026-10-03,W1605,52.59955,10.88345,0.0,,13.2,14.2,0.253,15.0,0.169,1.41,icon_d2
2026-10-03,W1766,52.59955,10.91302,0.0,,13.3,14.2,0.253,15.0,0.169,1.38,icon_d2
2026-10-03,W1767,52.59955,10.94258,0.0,,13.4,14.2,0.253,15.0,0.169,1.39,icon_d2
2026-10-03,W1608,52.59955,10.97214,0.0,,13.4,14.2,0.253,15.0,0.169,1.43,icon_d2
2026-10-03,W1768,52.59955,11.00171,0.0,,13.4,14.3,0.238,15.1,0.191,1.44,icon_d2
2026-10-03,W1769,52.59955,11.03127,0.0,,13.0,14.4,0.231,15.3,0.148,1.43,icon_d2
2026-10-03,W1770,52.59955,11.06084,0.0,,13.0,14.4,0.231,15.3,0.148,1.45,icon_d2
2026-10-03,W1612,52.59955,11.0904,0.0,,13.6,14.4,0.231,15.3,0.148,1.44,icon_d2
2026-10-03,W1613,52.59955,11.11997,0.0,,13.7,14.4,0.231,15.3,0.148,1.45,icon_d2
2026-10-03,W1614,52.59955,11.14953,0.0,,13.8,14.4,0.231,15.3,0.148,1.5,icon_d2
2026-10-03,W0621,52.6086,10.1295,0.0,,13.0,13.1,0.208,13.7,0.122,1.48,icon_d2
2026-10-03,W0622,52.6086,10.1591,0.0,,12.9,12.9,0.205,13.4,0.113,1.52,icon_d2
2026-10-03,W0623,52.6086,10.1886,0.0,,12.9,12.9,0.205,13.4,0.113,1.52,icon_d2
2026-10-03,W0624,52.6086,10.2182,0.0,,12.7,12.9,0.205,13.4,0.113,1.53,icon_d2
2026-10-03,W0625,52.6086,10.2477,0.0,,12.8,12.9,0.205,13.4,0.113,1.55,icon_d2
2026-10-03,W0626,52.6086,10.2772,0.0,,13.2,12.9,0.205,13.4,0.113,1.56,icon_d2
2026-10-03,W0627,52.6086,10.3068,0.0,,13.2,12.9,0.205,13.4,0.113,1.56,icon_d2
2026-10-03,W1615,52.61757,10.32173,0.0,,13.4,12.9,0.205,13.4,0.113,1.53,icon_d2
2026-10-03,W0628,52.6086,10.3658,0.0,,13.2,12.8,0.205,13.0,0.119,1.54,icon_d2
2026-10-03,W0629,52.6086,10.3954,0.0,,13.1,12.8,0.205,13.0,0.119,1.53,icon_d2
2026-10-03,W0630,52.6086,10.4249,0.0,,13.4,12.8,0.205,13.0,0.119,1.52,icon_d2
2026-10-03,W1616,52.61757,10.43999,0.0,,13.2,12.8,0.205,13.0,0.119,1.52,icon_d2
2026-10-03,W0631,52.6086,10.484,0.0,,13.0,12.8,0.205,13.0,0.119,1.54,icon_d2
2026-10-03,W0632,52.6086,10.5135,0.0,,13.3,13.4,0.194,14.0,0.092,1.52,icon_d2
2026-10-03,W0633,52.6086,10.5431,0.0,,13.0,13.4,0.194,14.0,0.092,1.5,icon_d2
2026-10-03,W1617,52.61757,10.55825,0.0,,13.0,13.4,0.194,14.0,0.092,1.49,icon_d2
2026-10-03,W0634,52.6086,10.6021,0.0,,12.9,13.4,0.194,14.0,0.092,1.48,icon_d2
2026-10-03,W0635,52.6086,10.6317,0.0,,12.8,13.4,0.194,14.0,0.092,1.47,icon_d2
2026-10-03,W0636,52.6086,10.6612,0.0,,13.2,13.4,0.194,14.0,0.092,1.47,icon_d2
2026-10-03,W0637,52.6086,10.6908,0.0,,13.2,13.6,0.191,14.3,0.105,1.46,icon_d2
2026-10-03,W0638,52.6086,10.7203,0.0,,13.4,13.6,0.191,14.3,0.105,1.45,icon_d2
2026-10-03,W0639,52.6086,10.7498,0.0,,13.3,13.6,0.191,14.3,0.105,1.44,icon_d2
2026-10-03,W0640,52.6086,10.7794,0.0,,13.5,13.6,0.191,14.3,0.105,1.44,icon_d2
2026-10-03,W0641,52.6086,10.8089,0.0,,13.4,13.6,0.191,14.3,0.105,1.44,icon_d2
2026-10-03,W0642,52.6086,10.8384,0.0,,13.1,14.2,0.253,15.0,0.169,1.45,icon_d2
2026-10-03,W0643,52.6086,10.868,0.0,,13.4,14.2,0.253,15.0,0.169,1.47,icon_d2
2026-10-03,W1618,52.61757,10.88345,0.0,,13.3,14.2,0.253,15.0,0.169,1.46,icon_d2
2026-10-03,W1619,52.61757,10.91302,0.0,,13.5,14.2,0.253,15.0,0.169,1.41,icon_d2
2026-10-03,W0644,52.6086,10.9566,0.0,,13.6,14.2,0.253,15.0,0.169,1.41,icon_d2
2026-10-03,W0645,52.6086,10.9861,0.0,,13.4,14.2,0.253,15.0,0.169,1.43,icon_d2
2026-10-03,W0646,52.6086,11.0157,0.0,,13.3,14.4,0.231,15.3,0.148,1.43,icon_d2
2026-10-03,W0647,52.6086,11.0452,0.0,,13.1,14.4,0.231,15.3,0.148,1.44,icon_d2
2026-10-03,W0648,52.6086,11.0747,0.0,,13.2,14.4,0.231,15.3,0.148,1.42,icon_d2
2026-10-03,W0649,52.6086,11.1043,0.0,,13.7,14.4,0.231,15.3,0.148,1.44,icon_d2
2026-10-03,W0650,52.6086,11.1338,0.0,,13.8,14.4,0.231,15.3,0.148,1.5,icon_d2
2026-10-03,W1620,52.61757,11.14953,0.0,,14.1,14.4,0.231,15.3,0.148,1.52,icon_d2
2026-10-03,W0652,52.6266,10.1295,0.0,,12.9,13.1,0.208,13.7,0.122,1.52,icon_d2
2026-10-03,W0653,52.6266,10.1591,0.0,,12.8,12.9,0.205,13.4,0.113,1.56,icon_d2
2026-10-03,W0654,52.6266,10.1886,0.0,,12.9,12.9,0.205,13.4,0.113,1.56,icon_d2
2026-10-03,W0655,52.6266,10.2182,0.0,,12.6,12.9,0.205,13.4,0.113,1.53,icon_d2
2026-10-03,W0656,52.6266,10.2477,0.0,,12.7,12.9,0.205,13.4,0.113,1.55,icon_d2
2026-10-03,W0657,52.6266,10.2772,0.0,,13.3,12.9,0.205,13.4,0.113,1.55,icon_d2
2026-10-03,W1621,52.63559,10.29217,0.0,,13.3,12.9,0.205,13.4,0.113,1.55,icon_d2
2026-10-03,W1622,52.63559,10.32173,0.0,,13.3,12.7,0.22,13.1,0.153,1.53,icon_d2
2026-10-03,W0658,52.6266,10.3658,0.0,,13.4,12.8,0.205,13.0,0.119,1.54,icon_d2
2026-10-03,W0659,52.6266,10.3954,0.0,,13.3,12.8,0.205,13.0,0.119,1.54,icon_d2
2026-10-03,W0660,52.6266,10.4249,0.0,,13.4,12.8,0.205,13.0,0.119,1.53,icon_d2
2026-10-03,W0661,52.6266,10.4545,0.0,,13.1,12.8,0.205,13.0,0.119,1.53,icon_d2
2026-10-03,W0662,52.6266,10.484,0.0,,13.2,12.8,0.205,13.0,0.119,1.54,icon_d2
2026-10-03,W0663,52.6266,10.5135,0.0,,13.0,13.4,0.194,14.0,0.092,1.52,icon_d2
2026-10-03,W1623,52.63559,10.52868,0.0,,13.4,13.4,0.194,14.0,0.092,1.52,icon_d2
2026-10-03,W0664,52.6266,10.5726,0.0,,13.0,13.4,0.194,14.0,0.092,1.49,icon_d2
2026-10-03,W0665,52.6266,10.6021,0.0,,12.8,13.4,0.194,14.0,0.092,1.46,icon_d2
2026-10-03,W0666,52.6266,10.6317,0.0,,13.0,13.4,0.194,14.0,0.092,1.46,icon_d2
2026-10-03,W0667,52.6266,10.6612,0.0,,12.9,13.4,0.194,14.0,0.092,1.46,icon_d2
2026-10-03,W0668,52.6266,10.6908,0.0,,13.2,13.6,0.191,14.3,0.105,1.47,icon_d2
2026-10-03,W0669,52.6266,10.7203,0.0,,13.2,13.6,0.191,14.3,0.105,1.47,icon_d2
2026-10-03,W0670,52.6266,10.7498,0.0,,13.4,13.6,0.191,14.3,0.105,1.47,icon_d2
2026-10-03,W0671,52.6266,10.7794,0.0,,13.6,13.6,0.191,14.3,0.105,1.5,icon_d2
2026-10-03,W0672,52.6266,10.8089,0.0,,13.6,13.6,0.191,14.3,0.105,1.48,icon_d2
2026-10-03,W0673,52.6266,10.8384,0.0,,13.6,14.2,0.253,15.0,0.169,1.48,icon_d2
2026-10-03,W0674,52.6266,10.868,0.0,,13.3,14.2,0.253,15.0,0.169,1.46,icon_d2
2026-10-03,W1624,52.63559,10.88345,0.0,,13.2,14.2,0.253,15.0,0.169,1.46,icon_d2
2026-10-03,W1625,52.63559,10.91302,0.0,,13.3,14.2,0.253,15.0,0.169,1.46,icon_d2
2026-10-03,W0675,52.6266,10.9566,0.0,,13.2,14.2,0.253,15.0,0.169,1.42,icon_d2
2026-10-03,W0676,52.6266,10.9861,0.0,,13.3,14.2,0.253,15.0,0.169,1.42,icon_d2
2026-10-03,W0677,52.6266,11.0157,0.0,,13.4,14.4,0.231,15.3,0.148,1.44,icon_d2
2026-10-03,W0678,52.6266,11.0452,0.0,,13.5,14.4,0.231,15.3,0.148,1.45,icon_d2
2026-10-03,W1626,52.63559,11.06084,0.0,,13.8,14.4,0.231,15.3,0.148,1.43,icon_d2
2026-10-03,W0679,52.6266,11.1043,0.0,,13.3,14.4,0.231,15.3,0.148,1.46,icon_d2
2026-10-03,W0680,52.6266,11.1338,0.0,,13.9,14.4,0.231,15.3,0.148,1.52,icon_d2
2026-10-03,W1627,52.63559,11.14953,0.0,,13.5,14.4,0.231,15.3,0.148,1.44,icon_d2
2026-10-03,W0707,52.6626,10.1,0.0,,13.3,12.9,0.236,13.6,0.193,1.58,icon_d2
2026-10-03,W0709,52.6626,10.1591,0.0,,13.2,12.9,0.236,13.6,0.193,1.6,icon_d2
2026-10-03,W0710,52.6626,10.1886,0.0,,13.2,12.9,0.205,13.4,0.113,1.59,icon_d2
2026-10-03,W0711,52.6626,10.2182,0.0,,12.9,12.9,0.205,13.4,0.113,1.53,icon_d2
2026-10-03,W1628,52.6536,10.23304,0.0,,12.9,12.9,0.205,13.4,0.113,1.53,icon_d2
2026-10-03,W0712,52.6626,10.2772,0.0,,13.0,12.7,0.22,13.1,0.153,1.5,icon_d2
2026-10-03,W0684,52.6446,10.3068,0.0,,13.3,12.7,0.22,13.1,0.153,1.55,icon_d2
2026-10-03,W0713,52.6626,10.3363,0.0,,13.1,12.7,0.22,13.1,0.153,1.51,icon_d2
2026-10-03,W0714,52.6626,10.3658,0.0,,13.2,12.8,0.205,13.0,0.119,1.51,icon_d2
2026-10-03,W0715,52.6626,10.3954,0.0,,13.3,12.7,0.214,12.8,0.146,1.52,icon_d2
2026-10-03,W0716,52.6626,10.4249,0.0,,13.2,12.7,0.214,12.8,0.146,1.52,icon_d2
2026-10-03,W0717,52.6626,10.4545,0.0,,13.5,12.7,0.214,12.8,0.146,1.55,icon_d2
2026-10-03,W1629,52.6536,10.46955,0.0,,13.5,12.7,0.214,12.8,0.146,1.55,icon_d2
2026-10-03,W0718,52.6626,10.5135,0.0,,13.5,13.4,0.194,14.0,0.092,1.52,icon_d2
2026-10-03,W0719,52.6626,10.5431,0.0,,13.4,13.4,0.194,14.0,0.092,1.52,icon_d2
2026-10-03,W0720,52.6626,10.5726,0.0,,13.2,13.1,0.201,13.4,0.108,1.51,icon_d2
2026-10-03,W0721,52.6626,10.6021,0.0,,12.7,13.1,0.201,13.4,0.108,1.49,icon_d2
2026-10-03,W0722,52.6626,10.6317,0.0,,12.7,13.1,0.201,13.4,0.108,1.45,icon_d2
2026-10-03,W0723,52.6626,10.6612,0.0,,12.6,13.1,0.201,13.4,0.108,1.46,icon_d2
2026-10-03,W0724,52.6626,10.6908,0.0,,13.4,13.6,0.191,14.3,0.105,1.46,icon_d2
2026-10-03,W0725,52.6626,10.7203,0.0,,13.2,13.6,0.191,14.3,0.105,1.44,icon_d2
2026-10-03,W0726,52.6626,10.7498,0.0,,12.9,13.3,0.195,13.9,0.091,1.45,icon_d2
2026-10-03,W0727,52.6626,10.7794,0.0,,13.0,13.3,0.195,13.9,0.091,1.45,icon_d2
2026-10-03,W0728,52.6626,10.8089,0.0,,13.3,13.3,0.195,13.9,0.091,1.46,icon_d2
2026-10-03,W0729,52.6626,10.8384,0.0,,13.1,13.3,0.195,13.9,0.091,1.43,icon_d2
2026-10-03,W0730,52.6626,10.868,0.0,,13.2,14.2,0.253,15.0,0.169,1.45,icon_d2
2026-10-03,W0731,52.6626,10.8975,0.0,,13.0,13.8,0.252,14.4,0.172,1.43,icon_d2
2026-10-03,W0732,52.6626,10.9271,0.0,,13.0,13.8,0.252,14.4,0.172,1.47,icon_d2
2026-10-03,W0733,52.6626,10.9566,0.0,,13.2,13.8,0.252,14.4,0.172,1.46,icon_d2
2026-10-03,W0734,52.6626,10.9861,0.0,,13.7,13.8,0.252,14.4,0.172,1.47,icon_d2
2026-10-03,W0735,52.6626,11.0157,0.0,,13.4,14.4,0.231,15.3,0.148,1.41,icon_d2
2026-10-03,W0736,52.6626,11.0452,0.0,,13.3,14.4,0.231,15.3,0.148,1.41,icon_d2
2026-10-03,W0737,52.6626,11.0747,0.0,,12.6,14.2,0.225,15.0,0.144,1.4,icon_d2
2026-10-03,W0705,52.6446,11.1043,0.0,,13.0,14.4,0.231,15.3,0.148,1.43,icon_d2
2026-10-03,W0738,52.6626,11.1338,0.0,,12.9,14.2,0.225,15.0,0.144,1.43,icon_d2
2026-10-03,W1630,52.6536,11.14953,0.0,,12.7,14.2,0.225,15.0,0.144,1.42,icon_d2
2026-10-03,W0740,52.6806,10.1295,0.0,,13.0,12.9,0.236,13.6,0.193,1.61,icon_d2
2026-10-03,W0741,52.6806,10.1591,0.0,,13.1,12.9,0.236,13.6,0.193,1.61,icon_d2
2026-10-03,W0742,52.6806,10.1886,0.0,,13.2,12.7,0.22,13.1,0.153,1.61,icon_d2
2026-10-03,W0743,52.6806,10.2182,0.0,,12.9,12.7,0.22,13.1,0.153,1.59,icon_d2
2026-10-03,W0744,52.6806,10.2477,0.0,,13.0,12.7,0.22,13.1,0.153,1.58,icon_d2
2026-10-03,W0745,52.6806,10.2772,0.0,,12.9,12.7,0.22,13.1,0.153,1.53,icon_d2
2026-10-03,W0746,52.6806,10.3068,0.0,,13.1,12.7,0.22,13.1,0.153,1.52,icon_d2
2026-10-03,W1631,52.67162,10.32173,0.0,,13.1,12.7,0.22,13.1,0.153,1.52,icon_d2
2026-10-03,W0747,52.6806,10.3658,0.0,,13.2,12.7,0.214,12.8,0.146,1.52,icon_d2
2026-10-03,W0748,52.6806,10.3954,0.0,,13.3,12.7,0.214,12.8,0.146,1.52,icon_d2
2026-10-03,W0749,52.6806,10.4249,0.0,,13.1,12.7,0.214,12.8,0.146,1.51,icon_d2
2026-10-03,W0750,52.6806,10.4545,0.0,,13.4,12.7,0.214,12.8,0.146,1.53,icon_d2
2026-10-03,W0751,52.6806,10.484,0.0,,13.4,12.7,0.214,12.8,0.146,1.53,icon_d2
2026-10-03,W0752,52.6806,10.5135,0.0,,13.7,12.7,0.214,12.8,0.146,1.53,icon_d2
2026-10-03,W1632,52.67162,10.52868,0.0,,13.8,13.1,0.201,13.4,0.108,1.53,icon_d2
2026-10-03,W0753,52.6806,10.5726,0.0,,13.5,13.1,0.201,13.4,0.108,1.53,icon_d2
2026-10-03,W0754,52.6806,10.6021,0.0,,13.4,13.1,0.201,13.4,0.108,1.52,icon_d2
2026-10-03,W0755,52.6806,10.6317,0.0,,12.4,13.1,0.201,13.4,0.108,1.47,icon_d2
2026-10-03,W0756,52.6806,10.6612,0.0,,12.4,13.1,0.201,13.4,0.108,1.47,icon_d2
2026-10-03,W0757,52.6806,10.6908,0.0,,13.0,13.3,0.195,13.9,0.091,1.45,icon_d2
2026-10-03,W0758,52.6806,10.7203,0.0,,13.3,13.3,0.195,13.9,0.091,1.45,icon_d2
2026-10-03,W0759,52.6806,10.7498,0.0,,13.1,13.3,0.195,13.9,0.091,1.44,icon_d2
2026-10-03,W0760,52.6806,10.7794,0.0,,13.0,13.3,0.195,13.9,0.091,1.44,icon_d2
2026-10-03,W0761,52.6806,10.8089,0.0,,13.1,13.3,0.195,13.9,0.091,1.43,icon_d2
2026-10-03,W1633,52.67162,10.82432,0.0,,12.8,13.3,0.195,13.9,0.091,1.45,icon_d2
2026-10-03,W1634,52.67162,10.85389,0.0,,13.0,14.2,0.253,15.0,0.169,1.44,icon_d2
2026-10-03,W0762,52.6806,10.8975,0.0,,12.9,13.8,0.252,14.4,0.172,1.44,icon_d2
2026-10-03,W0763,52.6806,10.9271,0.0,,13.4,13.8,0.252,14.4,0.172,1.46,icon_d2
2026-10-03,W0764,52.6806,10.9566,0.0,,13.0,13.8,0.252,14.4,0.172,1.45,icon_d2
2026-10-03,W0765,52.6806,10.9861,0.0,,13.2,13.8,0.252,14.4,0.172,1.46,icon_d2
2026-10-03,W1635,52.67162,11.00171,0.0,,13.3,13.8,0.252,14.4,0.172,1.43,icon_d2
2026-10-03,W0766,52.6806,11.0452,0.0,,13.2,14.2,0.225,15.0,0.144,1.41,icon_d2
2026-10-03,W1636,52.67162,11.06084,0.0,,13.1,14.2,0.225,15.0,0.144,1.41,icon_d2
2026-10-03,W1637,52.67162,11.0904,0.0,,12.4,14.2,0.225,15.0,0.144,1.38,icon_d2
2026-10-03,W1638,52.67162,11.11997,0.0,,12.4,14.2,0.225,15.0,0.144,1.38,icon_d2
2026-10-03,W1639,52.67162,11.14953,0.0,,13.1,14.2,0.225,15.0,0.144,1.42,icon_d2
2026-10-03,W0768,52.6986,10.1295,0.0,,13.1,12.9,0.236,13.6,0.193,1.61,icon_d2
2026-10-03,W0769,52.6986,10.1591,0.0,,13.1,12.9,0.236,13.6,0.193,1.62,icon_d2
2026-10-03,W0770,52.6986,10.1886,0.0,,12.9,12.7,0.22,13.1,0.153,1.6,icon_d2
2026-10-03,W0771,52.6986,10.2182,0.0,,13.0,12.7,0.22,13.1,0.153,1.62,icon_d2
2026-10-03,W0772,52.6986,10.2477,0.0,,13.1,12.7,0.22,13.1,0.153,1.61,icon_d2
2026-10-03,W0773,52.6986,10.2772,0.0,,12.8,12.7,0.22,13.1,0.153,1.55,icon_d2
2026-10-03,W0774,52.6986,10.3068,0.0,,13.0,12.7,0.22,13.1,0.153,1.56,icon_d2
2026-10-03,W1640,52.68964,10.32173,0.0,,13.1,12.7,0.22,13.1,0.153,1.52,icon_d2
2026-10-03,W0775,52.6986,10.3658,0.0,,13.1,12.7,0.214,12.8,0.146,1.56,icon_d2
2026-10-03,W0776,52.6986,10.3954,0.0,,13.4,12.7,0.214,12.8,0.146,1.55,icon_d2
2026-10-03,W0777,52.6986,10.4249,0.0,,13.4,12.7,0.214,12.8,0.146,1.56,icon_d2
2026-10-03,W0778,52.6986,10.4545,0.0,,13.4,12.7,0.214,12.8,0.146,1.55,icon_d2
2026-10-03,W0779,52.6986,10.484,0.0,,13.3,12.7,0.214,12.8,0.146,1.55,icon_d2
2026-10-03,W0780,52.6986,10.5135,0.0,,13.6,12.7,0.214,12.8,0.146,1.54,icon_d2
2026-10-03,W0781,52.6986,10.5431,0.0,,13.6,13.1,0.201,13.4,0.108,1.56,icon_d2
2026-10-03,W0782,52.6986,10.5726,0.0,,13.5,13.1,0.201,13.4,0.108,1.55,icon_d2
2026-10-03,W0783,52.6986,10.6021,0.0,,13.3,13.1,0.201,13.4,0.108,1.51,icon_d2
2026-10-03,W0784,52.6986,10.6317,0.0,,12.5,13.1,0.201,13.4,0.108,1.48,icon_d2
2026-10-03,W0785,52.6986,10.6612,0.0,,12.5,13.1,0.201,13.4,0.108,1.48,icon_d2
2026-10-03,W1641,52.68964,10.6765,0.0,,13.0,13.1,0.201,13.4,0.108,1.45,icon_d2
2026-10-03,W0786,52.6986,10.7203,0.0,,13.1,13.3,0.195,13.9,0.091,1.43,icon_d2
2026-10-03,W1642,52.68964,10.73563,0.0,,13.1,13.3,0.195,13.9,0.091,1.44,icon_d2
2026-10-03,W1643,52.68964,10.76519,0.0,,13.1,13.3,0.195,13.9,0.091,1.44,icon_d2
2026-10-03,W1644,52.68964,10.79476,0.0,,13.0,13.3,0.195,13.9,0.091,1.43,icon_d2
2026-10-03,W0787,52.6986,10.8384,0.0,,12.9,13.3,0.195,13.9,0.091,1.45,icon_d2
2026-10-03,W0788,52.6986,10.868,0.0,,13.0,13.8,0.252,14.4,0.172,1.45,icon_d2
2026-10-03,W0789,52.6986,10.8975,0.0,,13.4,13.8,0.252,14.4,0.172,1.43,icon_d2
2026-10-03,W0790,52.6986,10.9271,0.0,,13.3,13.8,0.252,14.4,0.172,1.43,icon_d2
2026-10-03,W0791,52.6986,10.9566,0.0,,12.9,13.8,0.252,14.4,0.172,1.42,icon_d2
2026-10-03,W0792,52.6986,10.9861,0.0,,13.2,13.8,0.252,14.4,0.172,1.43,icon_d2
2026-10-03,W1645,52.68964,11.00171,0.0,,13.4,13.8,0.252,14.4,0.172,1.43,icon_d2
2026-10-03,W0793,52.6986,11.0452,0.0,,12.8,14.2,0.225,15.0,0.144,1.44,icon_d2
2026-10-03,W0794,52.6986,11.0747,0.0,,12.4,14.2,0.225,15.0,0.144,1.38,icon_d2
2026-10-03,W0795,52.6986,11.1043,0.0,,12.4,14.2,0.225,15.0,0.144,1.38,icon_d2
2026-10-03,W0796,52.6986,11.1338,0.0,,12.9,14.2,0.225,15.0,0.144,1.4,icon_d2
2026-10-03,W1646,52.68964,11.14953,0.0,,13.2,14.2,0.225,15.0,0.144,1.42,icon_d2
2026-10-03,W1647,52.70766,10.11478,0.0,,13.2,12.9,0.236,13.6,0.193,1.61,icon_d2
2026-10-03,W1648,52.70766,10.14435,0.0,,13.0,12.9,0.236,13.6,0.193,1.62,icon_d2
2026-10-03,W1649,52.70766,10.17391,0.0,,12.9,13.3,0.255,13.9,0.233,1.6,icon_d2
2026-10-03,W1650,52.70766,10.20347,0.0,,12.8,12.7,0.22,13.1,0.153,1.6,icon_d2
2026-10-03,W1651,52.70766,10.23304,0.0,,13.0,12.7,0.22,13.1,0.153,1.61,icon_d2
2026-10-03,W1652,52.70766,10.2626,0.0,,13.0,12.7,0.22,13.1,0.153,1.61,icon_d2
2026-10-03,W1653,52.70766,10.29217,0.0,,12.9,12.7,0.22,13.1,0.153,1.56,icon_d2
2026-10-03,W1654,52.70766,10.32173,0.0,,12.9,12.7,0.22,13.1,0.153,1.55,icon_d2
2026-10-03,W1655,52.70766,10.3513,0.0,,13.1,12.7,0.214,12.8,0.146,1.56,icon_d2
2026-10-03,W1656,52.70766,10.38086,0.0,,13.3,12.7,0.214,12.8,0.146,1.55,icon_d2
2026-10-03,W1657,52.70766,10.41042,0.0,,13.4,12.7,0.214,12.8,0.146,1.56,icon_d2
2026-10-03,W1658,52.70766,10.43999,0.0,,13.3,12.7,0.214,12.8,0.146,1.54,icon_d2
2026-10-03,W1659,52.70766,10.46955,0.0,,13.4,12.7,0.214,12.8,0.146,1.55,icon_d2
2026-10-03,W1660,52.70766,10.49912,0.0,,13.6,12.7,0.224,12.9,0.173,1.54,icon_d2
2026-10-03,W1661,52.70766,10.52868,0.0,,13.5,13.1,0.201,13.4,0.108,1.54,icon_d2
2026-10-03,W1662,52.70766,10.55825,0.0,,13.5,13.1,0.201,13.4,0.108,1.55,icon_d2
2026-10-03,W1663,52.70766,10.58781,0.0,,13.5,13.1,0.201,13.4,0.108,1.55,icon_d2
2026-10-03,W1664,52.70766,10.61737,0.0,,13.3,13.1,0.201,13.4,0.108,1.51,icon_d2
2026-10-03,W1665,52.70766,10.64694,0.0,,12.4,13.1,0.201,13.4,0.108,1.48,icon_d2
2026-10-03,W1666,52.70766,10.6765,0.0,,12.4,12.7,0.197,12.9,0.09,1.46,icon_d2
2026-10-03,W1667,52.70766,10.70607,0.0,,12.8,13.3,0.195,13.9,0.091,1.45,icon_d2
2026-10-03,W1668,52.70766,10.73563,0.0,,13.0,13.3,0.195,13.9,0.091,1.43,icon_d2
2026-10-03,W1669,52.70766,10.76519,0.0,,13.1,13.3,0.195,13.9,0.091,1.42,icon_d2
2026-10-03,W1670,52.70766,10.79476,0.0,,13.1,13.3,0.195,13.9,0.091,1.43,icon_d2
2026-10-03,W1671,52.70766,10.82432,0.0,,12.9,13.3,0.195,13.9,0.091,1.45,icon_d2
2026-10-03,W1672,52.70766,10.85389,0.0,,13.0,13.8,0.252,14.4,0.172,1.45,icon_d2
2026-10-03,W1673,52.70766,10.88345,0.0,,12.9,13.8,0.252,14.4,0.172,1.45,icon_d2
2026-10-03,W1674,52.70766,10.91302,0.0,,13.4,13.8,0.252,14.4,0.172,1.43,icon_d2
2026-10-03,W1675,52.70766,10.94258,0.0,,13.3,13.8,0.252,14.4,0.172,1.43,icon_d2
2026-10-03,W1676,52.70766,10.97214,0.0,,13.0,13.8,0.252,14.4,0.172,1.42,icon_d2
2026-10-03,W1677,52.70766,11.00171,0.0,,13.0,13.6,0.249,14.2,0.138,1.42,icon_d2
2026-10-03,W1678,52.70766,11.03127,0.0,,12.9,14.2,0.225,15.0,0.144,1.44,icon_d2
2026-10-03,W1679,52.70766,11.06084,0.0,,12.9,14.2,0.225,15.0,0.144,1.44,icon_d2
2026-10-03,W1680,52.70766,11.0904,0.0,,12.4,14.2,0.225,15.0,0.144,1.37,icon_d2
2026-10-03,W1681,52.70766,11.11997,0.0,,13.1,14.2,0.225,15.0,0.144,1.4,icon_d2
2026-10-03,W1682,52.70766,11.14953,0.0,,13.0,14.2,0.225,15.0,0.144,1.4,icon_d2
2026-10-03,W0798,52.7167,10.1295,0.0,,12.8,12.9,0.236,13.6,0.193,1.62,icon_d2
2026-10-03,W0799,52.7167,10.1591,0.0,,12.8,13.3,0.255,13.9,0.233,1.58,icon_d2
2026-10-03,W0800,52.7167,10.1886,0.0,,12.8,12.7,0.22,13.1,0.153,1.58,icon_d2
2026-10-03,W0801,52.7167,10.2182,0.0,,13.0,12.7,0.22,13.1,0.153,1.61,icon_d2
2026-10-03,W0802,52.7167,10.2477,0.0,,12.9,12.7,0.22,13.1,0.153,1.61,icon_d2
2026-10-03,W0803,52.7167,10.2772,0.0,,12.9,12.7,0.22,13.1,0.153,1.6,icon_d2
2026-10-03,W0804,52.7167,10.3068,0.0,,12.5,12.8,0.247,13.0,0.221,1.59,icon_d2
2026-10-03,W0805,52.7167,10.3363,0.0,,12.8,12.8,0.247,13.0,0.221,1.57,icon_d2
2026-10-03,W0806,52.7167,10.3658,0.0,,13.1,12.7,0.214,12.8,0.146,1.57,icon_d2
2026-10-03,W0807,52.7167,10.3954,0.0,,13.2,12.7,0.214,12.8,0.146,1.56,icon_d2
2026-10-03,W0808,52.7167,10.4249,0.0,,13.3,12.7,0.214,12.8,0.146,1.56,icon_d2
2026-10-03,W0809,52.7167,10.4545,0.0,,13.4,12.7,0.214,12.8,0.146,1.56,icon_d2
2026-10-03,W0810,52.7167,10.484,0.0,,13.4,12.7,0.224,12.9,0.173,1.55,icon_d2
2026-10-03,W0811,52.7167,10.5135,0.0,,13.7,12.7,0.224,12.9,0.173,1.56,icon_d2
2026-10-03,W0812,52.7167,10.5431,0.0,,13.7,13.1,0.201,13.4,0.108,1.56,icon_d2
2026-10-03,W0813,52.7167,10.5726,0.0,,13.4,13.1,0.201,13.4,0.108,1.55,icon_d2
2026-10-03,W0814,52.7167,10.6021,0.0,,13.5,13.1,0.201,13.4,0.108,1.53,icon_d2
2026-10-03,W1683,52.72568,10.61737,0.0,,12.8,12.7,0.197,12.9,0.09,1.49,icon_d2
2026-10-03,W0815,52.7167,10.6612,0.0,,12.3,12.7,0.197,12.9,0.09,1.48,icon_d2
2026-10-03,W0816,52.7167,10.6908,0.0,,12.8,13.3,0.195,13.9,0.091,1.43,icon_d2
2026-10-03,W1684,52.72568,10.70607,0.0,,12.7,13.3,0.195,13.9,0.091,1.43,icon_d2
2026-10-03,W1685,52.72568,10.73563,0.0,,12.9,13.3,0.195,13.9,0.091,1.42,icon_d2
2026-10-03,W1686,52.72568,10.76519,0.0,,13.0,13.3,0.195,13.9,0.091,1.44,icon_d2
2026-10-03,W0817,52.7167,10.8089,0.0,,12.8,12.9,0.188,13.2,0.083,1.46,icon_d2
2026-10-03,W0818,52.7167,10.8384,0.0,,13.2,12.9,0.188,13.2,0.083,1.48,icon_d2
2026-10-03,W0819,52.7167,10.868,0.0,,13.2,13.8,0.252,14.4,0.172,1.47,icon_d2
2026-10-03,W0820,52.7167,10.8975,0.0,,13.6,13.8,0.252,14.4,0.172,1.45,icon_d2
2026-10-03,W0821,52.7167,10.9271,0.0,,13.3,13.8,0.252,14.4,0.172,1.44,icon_d2
2026-10-03,W1687,52.72568,10.94258,0.0,,13.2,13.6,0.249,14.2,0.138,1.41,icon_d2
2026-10-03,W1688,52.72568,10.97214,0.0,,13.2,13.6,0.249,14.2,0.138,1.44,icon_d2
2026-10-03,W1689,52.72568,11.00171,0.0,,13.3,13.6,0.249,14.2,0.138,1.44,icon_d2
2026-10-03,W1690,52.72568,11.03127,0.0,,13.0,14.2,0.225,15.0,0.144,1.44,icon_d2
2026-10-03,W0822,52.7167,11.0747,0.0,,12.7,14.2,0.225,15.0,0.144,1.38,icon_d2
2026-10-03,W1691,52.72568,11.0904,0.0,,12.5,14.2,0.225,15.0,0.144,1.38,icon_d2
2026-10-03,W0823,52.7167,11.1338,0.0,,13.1,14.2,0.225,15.0,0.144,1.39,icon_d2
2026-10-03,W1692,52.72568,11.14953,0.0,,13.1,14.3,0.193,15.2,0.13,1.39,icon_d2
2026-10-03,W0825,52.7347,10.1295,0.0,,12.9,13.3,0.255,13.9,0.233,1.62,icon_d2
2026-10-03,W0826,52.7347,10.1591,0.0,,12.7,13.3,0.255,13.9,0.233,1.6,icon_d2
2026-10-03,W0827,52.7347,10.1886,0.0,,12.8,13.3,0.255,13.9,0.233,1.59,icon_d2
2026-10-03,W0828,52.7347,10.2182,0.0,,12.8,12.7,0.22,13.1,0.153,1.6,icon_d2
2026-10-03,W0829,52.7347,10.2477,0.0,,12.9,12.8,0.247,13.0,0.221,1.62,icon_d2
2026-10-03,W0860,52.7527,10.2772,0.0,,12.6,12.8,0.247,13.0,0.221,1.57,icon_d2
2026-10-03,W0830,52.7347,10.3068,0.0,,12.5,12.8,0.247,13.0,0.221,1.59,icon_d2
2026-10-03,W0831,52.7347,10.3363,0.0,,13.0,12.8,0.247,13.0,0.221,1.55,icon_d2
2026-10-03,W0832,52.7347,10.3658,0.0,,13.0,12.7,0.214,12.8,0.146,1.55,icon_d2
2026-10-03,W0833,52.7347,10.3954,0.0,,12.9,12.7,0.214,12.8,0.146,1.55,icon_d2
2026-10-03,W0834,52.7347,10.4249,0.0,,13.0,12.7,0.224,12.9,0.173,1.55,icon_d2
2026-10-03,W0835,52.7347,10.4545,0.0,,13.2,12.7,0.224,12.9,0.173,1.56,icon_d2
2026-10-03,W0836,52.7347,10.484,0.0,,13.2,12.7,0.224,12.9,0.173,1.55,icon_d2
2026-10-03,W0837,52.7347,10.5135,0.0,,13.8,12.7,0.224,12.9,0.173,1.57,icon_d2
2026-10-03,W0838,52.7347,10.5431,0.0,,13.7,13.1,0.201,13.4,0.108,1.56,icon_d2
2026-10-03,W0839,52.7347,10.5726,0.0,,13.5,12.7,0.197,12.9,0.09,1.55,icon_d2
2026-10-03,W0840,52.7347,10.6021,0.0,,13.2,12.7,0.197,12.9,0.09,1.5,icon_d2
2026-10-03,W1694,52.74369,10.61737,0.0,,13.3,12.7,0.197,12.9,0.09,1.5,icon_d2
2026-10-03,W0841,52.7347,10.6612,0.0,,12.6,12.7,0.197,12.9,0.09,1.47,icon_d2
2026-10-03,W1695,52.74369,10.6765,0.0,,12.6,12.7,0.197,12.9,0.09,1.47,icon_d2
2026-10-03,W0872,52.7527,10.7203,0.0,,12.8,12.9,0.188,13.2,0.083,1.42,icon_d2
2026-10-03,W0873,52.7527,10.7498,0.0,,12.8,12.9,0.188,13.2,0.083,1.42,icon_d2
2026-10-03,W0874,52.7527,10.7794,0.0,,13.0,12.9,0.188,13.2,0.083,1.47,icon_d2
2026-10-03,W0842,52.7347,10.8089,0.0,,13.2,12.9,0.188,13.2,0.083,1.48,icon_d2
2026-10-03,W0843,52.7347,10.8384,0.0,,13.0,12.9,0.188,13.2,0.083,1.49,icon_d2
2026-10-03,W0844,52.7347,10.868,0.0,,13.0,13.8,0.252,14.4,0.172,1.47,icon_d2
2026-10-03,W0845,52.7347,10.8975,0.0,,13.4,13.8,0.252,14.4,0.172,1.45,icon_d2
2026-10-03,W0846,52.7347,10.9271,0.0,,13.0,13.6,0.249,14.2,0.138,1.4,icon_d2
2026-10-03,W0847,52.7347,10.9566,0.0,,13.2,13.6,0.249,14.2,0.138,1.42,icon_d2
2026-10-03,W0848,52.7347,10.9861,0.0,,13.2,13.6,0.249,14.2,0.138,1.45,icon_d2
2026-10-03,W0849,52.7347,11.0157,0.0,,13.5,13.6,0.249,14.2,0.138,1.48,icon_d2
2026-10-03,W0850,52.7347,11.0452,0.0,,13.5,14.2,0.225,15.0,0.144,1.48,icon_d2
2026-10-03,W0851,52.7347,11.0747,0.0,,12.9,14.2,0.225,15.0,0.144,1.38,icon_d2
2026-10-03,W0852,52.7347,11.1043,0.0,,12.7,14.3,0.193,15.2,0.13,1.38,icon_d2
2026-10-03,W0853,52.7347,11.1338,0.0,,12.5,14.3,0.193,15.2,0.13,1.39,icon_d2
2026-10-03,W1699,52.74369,11.14953,0.0,,12.6,14.3,0.193,15.2,0.13,1.39,icon_d2
2026-10-03,W0887,52.7707,10.1295,0.0,,12.6,13.3,0.255,13.9,0.233,1.66,icon_d2
2026-10-03,W0888,52.7707,10.1591,0.0,,13.1,13.3,0.255,13.9,0.233,1.63,icon_d2
2026-10-03,W0889,52.7707,10.1886,0.0,,13.1,13.3,0.255,13.9,0.233,1.63,icon_d2
2026-10-03,W0890,52.7707,10.2182,0.0,,13.2,12.8,0.247,13.0,0.221,1.62,icon_d2
2026-10-03,W0891,52.7707,10.2477,0.0,,13.0,12.8,0.247,13.0,0.221,1.61,icon_d2
2026-10-03,W0892,52.7707,10.2772,0.0,,12.9,12.8,0.247,13.0,0.221,1.56,icon_d2
2026-10-03,W0893,52.7707,10.3068,0.0,,12.8,12.8,0.247,13.0,0.221,1.56,icon_d2
2026-10-03,W0894,52.7707,10.3363,0.0,,12.9,12.8,0.247,13.0,0.221,1.56,icon_d2
2026-10-03,W0895,52.7707,10.3658,0.0,,13.3,12.7,0.224,12.9,0.173,1.55,icon_d2
2026-10-03,W0896,52.7707,10.3954,0.0,,13.2,12.7,0.224,12.9,0.173,1.55,icon_d2
2026-10-03,W0897,52.7707,10.4249,0.0,,13.2,12.7,0.224,12.9,0.173,1.55,icon_d2
2026-10-03,W0898,52.7707,10.4545,0.0,,13.5,12.7,0.224,12.9,0.173,1.55,icon_d2
2026-10-03,W0899,52.7707,10.484,0.0,,13.3,12.7,0.224,12.9,0.173,1.57,icon_d2
2026-10-03,W0900,52.7707,10.5135,0.0,,13.7,12.7,0.224,12.9,0.173,1.59,icon_d2
2026-10-03,W0901,52.7707,10.5431,0.0,,13.1,12.7,0.197,12.9,0.09,1.59,icon_d2
2026-10-03,W0902,52.7707,10.5726,0.0,,13.4,12.7,0.197,12.9,0.09,1.58,icon_d2
2026-10-03,W0903,52.7707,10.6021,0.0,,13.3,12.7,0.197,12.9,0.09,1.55,icon_d2
2026-10-03,W0904,52.7707,10.6317,0.0,,13.0,12.7,0.197,12.9,0.09,1.52,icon_d2
2026-10-03,W0905,52.7707,10.6612,0.0,,12.5,12.7,0.197,12.9,0.09,1.48,icon_d2
2026-10-03,W0906,52.7707,10.6908,0.0,,12.7,12.7,0.197,12.9,0.09,1.43,icon_d2
2026-10-03,W0907,52.7707,10.7203,0.0,,12.6,12.9,0.188,13.2,0.083,1.43,icon_d2
2026-10-03,W0908,52.7707,10.7498,0.0,,12.7,12.9,0.188,13.2,0.083,1.43,icon_d2
2026-10-03,W0909,52.7707,10.7794,0.0,,12.9,12.9,0.188,13.2,0.083,1.46,icon_d2
2026-10-03,W0910,52.7707,10.8089,0.0,,13.5,12.9,0.188,13.2,0.083,1.48,icon_d2
2026-10-03,W0911,52.7707,10.8384,0.0,,13.5,12.9,0.188,13.2,0.083,1.48,icon_d2
2026-10-03,W0912,52.7707,10.868,0.0,,13.2,12.9,0.188,13.2,0.083,1.47,icon_d2
2026-10-03,W0913,52.7707,10.8975,0.0,,12.8,13.6,0.249,14.2,0.138,1.44,icon_d2
2026-10-03,W0914,52.7707,10.9271,0.0,,13.0,13.6,0.249,14.2,0.138,1.37,icon_d2
2026-10-03,W0915,52.7707,10.9566,0.0,,12.9,13.6,0.249,14.2,0.138,1.37,icon_d2
2026-10-03,W0916,52.7707,10.9861,0.0,,12.8,13.6,0.249,14.2,0.138,1.38,icon_d2
2026-10-03,W0917,52.7707,11.0157,0.0,,13.4,13.6,0.249,14.2,0.138,1.47,icon_d2
2026-10-03,W0918,52.7707,11.0452,0.0,,13.1,14.3,0.193,15.2,0.13,1.44,icon_d2
2026-10-03,W1700,52.76171,11.06084,0.0,,13.4,14.3,0.193,15.2,0.13,1.43,icon_d2
2026-10-03,W1701,52.76171,11.0904,0.0,,12.8,14.3,0.193,15.2,0.13,1.39,icon_d2
2026-10-03,W1702,52.76171,11.11997,0.0,,12.8,14.3,0.193,15.2,0.13,1.39,icon_d2
2026-10-03,W1703,52.76171,11.14953,0.0,,12.4,14.3,0.193,15.2,0.13,1.37,icon_d2
2026-10-03,W0920,52.7887,10.1295,0.0,,12.7,13.3,0.255,13.9,0.233,1.66,icon_d2
2026-10-03,W0921,52.7887,10.1591,0.0,,13.1,13.2,0.235,13.9,0.191,1.63,icon_d2
2026-10-03,W0922,52.7887,10.1886,0.0,,13.0,13.2,0.235,13.9,0.191,1.62,icon_d2
2026-10-03,W0923,52.7887,10.2182,0.0,,13.0,12.8,0.247,13.0,0.221,1.61,icon_d2
2026-10-03,W0924,52.7887,10.2477,0.0,,12.9,12.8,0.247,13.0,0.221,1.6,icon_d2
2026-10-03,W0925,52.7887,10.2772,0.0,,12.8,12.8,0.247,13.0,0.221,1.56,icon_d2
2026-10-03,W0926,52.7887,10.3068,0.0,,12.8,12.8,0.247,13.0,0.221,1.56,icon_d2
2026-10-03,W0927,52.7887,10.3363,0.0,,12.7,13.0,0.241,13.4,0.212,1.56,icon_d2
2026-10-03,W0928,52.7887,10.3658,0.0,,13.2,13.0,0.241,13.4,0.212,1.55,icon_d2
2026-10-03,W0929,52.7887,10.3954,0.0,,13.2,12.7,0.224,12.9,0.173,1.55,icon_d2
2026-10-03,W0930,52.7887,10.4249,0.0,,13.2,12.7,0.224,12.9,0.173,1.55,icon_d2
2026-10-03,W0931,52.7887,10.4545,0.0,,13.4,12.7,0.224,12.9,0.173,1.55,icon_d2
2026-10-03,W0932,52.7887,10.484,0.0,,13.2,12.9,0.212,13.2,0.143,1.57,icon_d2
2026-10-03,W0933,52.7887,10.5135,0.0,,13.7,12.9,0.212,13.2,0.143,1.59,icon_d2
2026-10-03,W0934,52.7887,10.5431,0.0,,13.2,12.7,0.197,12.9,0.09,1.59,icon_d2
2026-10-03,W0935,52.7887,10.5726,0.0,,13.3,12.7,0.197,12.9,0.09,1.58,icon_d2
2026-10-03,W0936,52.7887,10.6021,0.0,,13.3,12.7,0.197,12.9,0.09,1.55,icon_d2
2026-10-03,W1704,52.77973,10.61737,0.0,,13.0,12.7,0.197,12.9,0.09,1.52,icon_d2
2026-10-03,W0937,52.7887,10.6612,0.0,,12.6,12.8,0.191,13.1,0.083,1.48,icon_d2
2026-10-03,W0938,52.7887,10.6908,0.0,,12.7,12.8,0.191,13.1,0.083,1.43,icon_d2
2026-10-03,W0939,52.7887,10.7203,0.0,,12.7,12.9,0.188,13.2,0.083,1.43,icon_d2
2026-10-03,W0940,52.7887,10.7498,0.0,,12.7,12.9,0.188,13.2,0.083,1.43,icon_d2
2026-10-03,W0941,52.7887,10.7794,0.0,,12.9,12.9,0.188,13.2,0.083,1.46,icon_d2
2026-10-03,W0942,52.7887,10.8089,0.0,,13.3,12.9,0.188,13.2,0.083,1.47,icon_d2
2026-10-03,W0943,52.7887,10.8384,0.0,,13.6,12.8,0.187,13.3,0.08,1.48,icon_d2
2026-10-03,W0944,52.7887,10.868,0.0,,13.4,12.8,0.187,13.3,0.08,1.47,icon_d2
2026-10-03,W0945,52.7887,10.8975,0.0,,13.1,13.6,0.249,14.2,0.138,1.44,icon_d2
2026-10-03,W0946,52.7887,10.9271,0.0,,12.9,13.6,0.249,14.2,0.138,1.37,icon_d2
2026-10-03,W0947,52.7887,10.9566,0.0,,12.8,13.6,0.249,14.2,0.138,1.37,icon_d2
2026-10-03,W1705,52.77973,10.97214,0.0,,13.0,13.6,0.249,14.2,0.138,1.38,icon_d2
2026-10-03,W0948,52.7887,11.0157,0.0,,13.5,13.6,0.252,14.3,0.158,1.47,icon_d2
2026-10-03,W0949,52.7887,11.0452,0.0,,13.3,13.6,0.252,14.3,0.158,1.45,icon_d2
2026-10-03,W0950,52.7887,11.0747,0.0,,13.1,14.3,0.193,15.2,0.13,1.41,icon_d2
2026-10-03,W0951,52.7887,11.1043,0.0,,13.4,14.3,0.193,15.2,0.13,1.43,icon_d2
2026-10-03,W0952,52.7887,11.1338,0.0,,12.8,14.3,0.193,15.2,0.13,1.35,icon_d2
2026-10-03,W1706,52.77973,11.14953,0.0,,12.8,14.3,0.193,15.2,0.13,1.35,icon_d2
2026-10-03,W1707,52.79775,10.11478,0.0,,13.1,13.2,0.235,13.9,0.191,1.64,icon_d2
2026-10-03,W1771,52.79775,10.14435,0.0,,12.8,13.2,0.235,13.9,0.191,1.63,icon_d2
2026-10-03,W1772,52.79775,10.17391,0.0,,13.1,13.2,0.235,13.9,0.191,1.62,icon_d2
2026-10-03,W1773,52.79775,10.20347,0.0,,13.1,13.2,0.235,13.9,0.191,1.62,icon_d2
2026-10-03,W1774,52.79775,10.23304,0.0,,13.1,12.8,0.247,13.0,0.221,1.62,icon_d2
2026-10-03,W1775,52.79775,10.2626,0.0,,13.3,12.8,0.247,13.0,0.221,1.62,icon_d2
2026-10-03,W1776,52.79775,10.29217,0.0,,13.5,13.0,0.241,13.4,0.212,1.61,icon_d2
2026-10-03,W1777,52.79775,10.32173,0.0,,13.2,13.0,0.241,13.4,0.212,1.58,icon_d2
2026-10-03,W1778,52.79775,10.3513,0.0,,13.1,13.0,0.241,13.4,0.212,1.56,icon_d2
2026-10-03,W1779,52.79775,10.38086,0.0,,13.4,12.7,0.224,12.9,0.173,1.58,icon_d2
2026-10-03,W1780,52.79775,10.41042,0.0,,13.2,12.7,0.224,12.9,0.173,1.56,icon_d2
2026-10-03,W1781,52.79775,10.43999,0.0,,13.4,12.7,0.224,12.9,0.173,1.56,icon_d2
2026-10-03,W1782,52.79775,10.46955,0.0,,13.2,12.9,0.212,13.2,0.143,1.57,icon_d2
2026-10-03,W1708,52.79775,10.49912,0.0,,13.6,12.9,0.212,13.2,0.143,1.59,icon_d2
2026-10-03,W1709,52.79775,10.52868,0.0,,13.3,12.9,0.212,13.2,0.143,1.6,icon_d2
2026-10-03,W1710,52.79775,10.55825,0.0,,13.2,12.7,0.197,12.9,0.09,1.59,icon_d2
2026-10-03,W1711,52.79775,10.58781,0.0,,13.1,12.7,0.197,12.9,0.09,1.58,icon_d2
2026-10-03,W1712,52.79775,10.61737,0.0,,12.8,12.8,0.191,13.1,0.083,1.52,icon_d2
2026-10-03,W1713,52.79775,10.64694,0.0,,12.8,12.8,0.191,13.1,0.083,1.52,icon_d2
2026-10-03,W1714,52.79775,10.6765,0.0,,12.6,12.8,0.191,13.1,0.083,1.47,icon_d2
2026-10-03,W1715,52.79775,10.70607,0.0,,12.8,12.8,0.191,13.1,0.083,1.45,icon_d2
2026-10-03,W1716,52.79775,10.73563,0.0,,13.1,12.9,0.188,13.2,0.083,1.47,icon_d2
2026-10-03,W1717,52.79775,10.76519,0.0,,13.2,12.9,0.188,13.2,0.083,1.47,icon_d2
2026-10-03,W1783,52.79775,10.79476,0.0,,13.3,12.8,0.187,13.3,0.08,1.48,icon_d2
2026-10-03,W1718,52.79775,10.82432,0.0,,13.4,12.8,0.187,13.3,0.08,1.49,icon_d2
2026-10-03,W1719,52.79775,10.85389,0.0,,13.2,12.8,0.187,13.3,0.08,1.47,icon_d2
2026-10-03,W1720,52.79775,10.88345,0.0,,12.8,13.6,0.249,14.2,0.138,1.44,icon_d2
2026-10-03,W1721,52.79775,10.91302,0.0,,12.9,13.6,0.249,14.2,0.138,1.42,icon_d2
2026-10-03,W1722,52.79775,10.94258,0.0,,13.0,13.6,0.249,14.2,0.138,1.39,icon_d2
2026-10-03,W1723,52.79775,10.97214,0.0,,12.7,13.6,0.252,14.3,0.158,1.39,icon_d2
2026-10-03,W1724,52.79775,11.00171,0.0,,12.5,13.6,0.252,14.3,0.158,1.38,icon_d2
2026-10-03,W1725,52.79775,11.03127,0.0,,13.0,13.6,0.252,14.3,0.158,1.43,icon_d2
2026-10-03,W1726,52.79775,11.06084,0.0,,13.2,14.3,0.193,15.2,0.13,1.44,icon_d2
2026-10-03,W1727,52.79775,11.0904,0.0,,13.3,14.3,0.193,15.2,0.13,1.41,icon_d2
2026-10-03,W1728,52.79775,11.11997,0.0,,13.3,14.3,0.193,15.2,0.13,1.41,icon_d2
2026-10-03,W1729,52.79775,11.14953,0.0,,13.4,14.1,0.198,15.1,0.129,1.41,icon_d2
2026-10-03,W0954,52.8068,10.1295,0.0,,13.0,13.2,0.235,13.9,0.191,1.64,icon_d2
2026-10-03,W0955,52.8068,10.1591,0.0,,13.1,13.2,0.235,13.9,0.191,1.62,icon_d2
2026-10-03,W0956,52.8068,10.1886,0.0,,13.1,13.2,0.235,13.9,0.191,1.62,icon_d2
2026-10-03,W0957,52.8068,10.2182,0.0,,13.3,12.8,0.247,13.0,0.221,1.63,icon_d2
2026-10-03,W0958,52.8068,10.2477,0.0,,13.2,13.0,0.241,13.4,0.212,1.62,icon_d2
2026-10-03,W0959,52.8068,10.2772,0.0,,13.4,13.0,0.241,13.4,0.212,1.63,icon_d2
2026-10-03,W0960,52.8068,10.3068,0.0,,13.4,13.0,0.241,13.4,0.212,1.61,icon_d2
2026-10-03,W0961,52.8068,10.3363,0.0,,13.3,13.0,0.241,13.4,0.212,1.58,icon_d2
2026-10-03,W0962,52.8068,10.3658,0.0,,13.1,13.0,0.241,13.4,0.212,1.56,icon_d2
2026-10-03,W0963,52.8068,10.3954,0.0,,13.2,12.7,0.224,12.9,0.173,1.57,icon_d2
2026-10-03,W0964,52.8068,10.4249,0.0,,13.1,12.9,0.212,13.2,0.143,1.56,icon_d2
2026-10-03,W0965,52.8068,10.4545,0.0,,13.2,12.9,0.212,13.2,0.143,1.57,icon_d2
2026-10-03,W0966,52.8068,10.484,0.0,,13.5,12.9,0.212,13.2,0.143,1.58,icon_d2
2026-10-03,W0967,52.8068,10.5135,0.0,,13.4,12.9,0.212,13.2,0.143,1.6,icon_d2
2026-10-03,W0968,52.8068,10.5431,0.0,,13.5,12.9,0.212,13.2,0.143,1.62,icon_d2
2026-10-03,W0969,52.8068,10.5726,0.0,,13.2,12.7,0.197,12.9,0.09,1.58,icon_d2
2026-10-03,W0970,52.8068,10.6021,0.0,,13.1,12.8,0.191,13.1,0.083,1.58,icon_d2
2026-10-03,W0971,52.8068,10.6317,0.0,,12.7,12.8,0.191,13.1,0.083,1.52,icon_d2
2026-10-03,W0972,52.8068,10.6612,0.0,,12.5,12.8,0.191,13.1,0.083,1.48,icon_d2
2026-10-03,W0973,52.8068,10.6908,0.0,,12.8,12.8,0.191,13.1,0.083,1.45,icon_d2
2026-10-03,W0974,52.8068,10.7203,0.0,,12.8,12.9,0.188,13.2,0.083,1.45,icon_d2
2026-10-03,W0975,52.8068,10.7498,0.0,,13.1,12.9,0.188,13.2,0.083,1.47,icon_d2
2026-10-03,W0976,52.8068,10.7794,0.0,,13.4,12.8,0.187,13.3,0.08,1.48,icon_d2
2026-10-03,W0977,52.8068,10.8089,0.0,,13.3,12.8,0.187,13.3,0.08,1.48,icon_d2
2026-10-03,W1730,52.81577,10.82432,0.0,,13.3,12.8,0.187,13.3,0.08,1.49,icon_d2
2026-10-03,W0978,52.8068,10.868,0.0,,13.1,12.8,0.187,13.3,0.08,1.47,icon_d2
2026-10-03,W0979,52.8068,10.8975,0.0,,12.8,13.6,0.249,14.2,0.138,1.44,icon_d2
2026-10-03,W1731,52.81577,10.91302,0.0,,13.0,13.6,0.252,14.3,0.158,1.42,icon_d2
2026-10-03,W0980,52.8068,10.9566,0.0,,13.1,13.6,0.252,14.3,0.158,1.39,icon_d2
2026-10-03,W1732,52.81577,10.97214,0.0,,12.7,13.6,0.252,14.3,0.158,1.41,icon_d2
2026-10-03,W1733,52.81577,11.00171,0.0,,12.6,13.6,0.252,14.3,0.158,1.37,icon_d2
2026-10-03,W0981,52.8068,11.0452,0.0,,13.0,13.6,0.252,14.3,0.158,1.43,icon_d2
2026-10-03,W0982,52.8068,11.0747,0.0,,13.3,14.3,0.193,15.2,0.13,1.44,icon_d2
2026-10-03,W0983,52.8068,11.1043,0.0,,13.1,14.1,0.198,15.1,0.129,1.41,icon_d2
2026-10-03,W0984,52.8068,11.1338,0.0,,13.3,14.1,0.198,15.1,0.129,1.41,icon_d2
2026-10-03,W1734,52.81577,11.14953,0.0,,12.8,14.1,0.198,15.1,0.129,1.4,icon_d2
2026-10-03,W0986,52.8248,10.1295,0.0,,12.4,13.2,0.235,13.9,0.191,1.62,icon_d2
2026-10-03,W0987,52.8248,10.1591,0.0,,13.0,13.2,0.235,13.9,0.191,1.63,icon_d2
2026-10-03,W0988,52.8248,10.1886,0.0,,13.1,13.2,0.235,13.9,0.191,1.62,icon_d2
2026-10-03,W0989,52.8248,10.2182,0.0,,13.3,13.0,0.241,13.4,0.212,1.63,icon_d2
2026-10-03,W0990,52.8248,10.2477,0.0,,13.3,13.0,0.241,13.4,0.212,1.62,icon_d2
2026-10-03,W0991,52.8248,10.2772,0.0,,13.3,13.0,0.241,13.4,0.212,1.61,icon_d2
2026-10-03,W0992,52.8248,10.3068,0.0,,13.4,13.0,0.241,13.4,0.212,1.62,icon_d2
2026-10-03,W0993,52.8248,10.3363,0.0,,13.5,13.0,0.241,13.4,0.212,1.58,icon_d2
2026-10-03,W0994,52.8248,10.3658,0.0,,13.4,13.0,0.241,13.4,0.212,1.58,icon_d2
2026-10-03,W0995,52.8248,10.3954,0.0,,13.1,12.9,0.212,13.2,0.143,1.57,icon_d2
2026-10-03,W0996,52.8248,10.4249,0.0,,13.2,12.9,0.212,13.2,0.143,1.57,icon_d2
2026-10-03,W0997,52.8248,10.4545,0.0,,13.6,12.9,0.212,13.2,0.143,1.59,icon_d2
2026-10-03,W0998,52.8248,10.484,0.0,,13.5,12.9,0.212,13.2,0.143,1.59,icon_d2
2026-10-03,W0999,52.8248,10.5135,0.0,,13.1,12.9,0.212,13.2,0.143,1.59,icon_d2
2026-10-03,W1000,52.8248,10.5431,0.0,,13.4,12.9,0.212,13.2,0.143,1.61,icon_d2
2026-10-03,W1001,52.8248,10.5726,0.0,,13.2,12.8,0.191,13.1,0.083,1.59,icon_d2
2026-10-03,W1002,52.8248,10.6021,0.0,,13.0,12.8,0.191,13.1,0.083,1.54,icon_d2
2026-10-03,W1003,52.8248,10.6317,0.0,,13.2,12.8,0.191,13.1,0.083,1.55,icon_d2
2026-10-03,W1735,52.83378,10.64694,0.0,,13.2,12.8,0.191,13.1,0.083,1.55,icon_d2
2026-10-03,W1736,52.83378,10.6765,0.0,,12.6,12.8,0.191,13.1,0.083,1.5,icon_d2
2026-10-03,W1004,52.8248,10.7203,0.0,,12.5,12.8,0.191,13.1,0.083,1.46,icon_d2
2026-10-03,W1005,52.8248,10.7498,0.0,,12.5,12.8,0.187,13.3,0.08,1.5,icon_d2
2026-10-03,W1006,52.8248,10.7794,0.0,,13.6,12.8,0.187,13.3,0.08,1.51,icon_d2
2026-10-03,W1007,52.8248,10.8089,0.0,,13.6,12.8,0.187,13.3,0.08,1.51,icon_d2
2026-10-03,W1737,52.83378,10.82432,0.0,,13.9,12.8,0.187,13.3,0.08,1.51,icon_d2
2026-10-03,W1008,52.8248,10.868,0.0,,13.2,12.8,0.187,13.3,0.08,1.47,icon_d2
2026-10-03,W1009,52.8248,10.8975,0.0,,13.0,13.6,0.252,14.3,0.158,1.46,icon_d2
2026-10-03,W1010,52.8248,10.9271,0.0,,12.9,13.6,0.252,14.3,0.158,1.42,icon_d2
2026-10-03,W1011,52.8248,10.9566,0.0,,12.6,13.6,0.252,14.3,0.158,1.41,icon_d2
2026-10-03,W1012,52.8248,10.9861,0.0,,12.7,13.6,0.252,14.3,0.158,1.41,icon_d2
2026-10-03,W1738,52.83378,11.00171,0.0,,12.8,13.6,0.252,14.3,0.158,1.42,icon_d2
2026-10-03,W1013,52.8248,11.0452,0.0,,12.4,13.6,0.252,14.3,0.158,1.38,icon_d2
2026-10-03,W1739,52.83378,11.06084,0.0,,13.3,14.1,0.198,15.1,0.129,1.42,icon_d2
2026-10-03,W1014,52.8248,11.1043,0.0,,13.4,14.1,0.198,15.1,0.129,1.44,icon_d2
2026-10-03,W1015,52.8248,11.1338,0.0,,12.9,14.1,0.198,15.1,0.129,1.4,icon_d2
2026-10-03,W1740,52.83378,11.14953,0.0,,12.6,14.1,0.198,15.1,0.129,1.41,icon_d2
2026-10-03,W1017,52.8428,10.1295,0.0,,11.9,13.2,0.235,13.9,0.191,1.61,icon_d2
2026-10-03,W1018,52.8428,10.1591,0.0,,13.1,13.2,0.235,13.9,0.191,1.64,icon_d2
2026-10-03,W1019,52.8428,10.1886,0.0,,13.2,13.2,0.235,13.9,0.191,1.62,icon_d2
2026-10-03,W1020,52.8428,10.2182,0.0,,13.4,13.0,0.241,13.4,0.212,1.62,icon_d2
2026-10-03,W1021,52.8428,10.2477,0.0,,13.3,13.0,0.241,13.4,0.212,1.62,icon_d2
2026-10-03,W1022,52.8428,10.2772,0.0,,13.5,13.0,0.241,13.4,0.212,1.63,icon_d2
2026-10-03,W1023,52.8428,10.3068,0.0,,13.6,13.0,0.241,13.4,0.212,1.63,icon_d2
2026-10-03,W1024,52.8428,10.3363,0.0,,13.4,13.0,0.241,13.4,0.212,1.64,icon_d2
2026-10-03,W1025,52.8428,10.3658,0.0,,13.4,13.0,0.241,13.4,0.212,1.58,icon_d2
2026-10-03,W1026,52.8428,10.3954,0.0,,13.1,12.9,0.212,13.2,0.143,1.59,icon_d2
2026-10-03,W1027,52.8428,10.4249,0.0,,13.3,12.9,0.212,13.2,0.143,1.57,icon_d2
2026-10-03,W1028,52.8428,10.4545,0.0,,13.6,12.9,0.212,13.2,0.143,1.59,icon_d2
2026-10-03,W1029,52.8428,10.484,0.0,,13.7,12.9,0.212,13.2,0.143,1.6,icon_d2
2026-10-03,W1030,52.8428,10.5135,0.0,,13.2,12.9,0.212,13.2,0.143,1.59,icon_d2
2026-10-03,W1031,52.8428,10.5431,0.0,,13.2,12.9,0.212,13.2,0.143,1.57,icon_d2
2026-10-03,W1032,52.8428,10.5726,0.0,,13.0,12.8,0.191,13.1,0.083,1.54,icon_d2
2026-10-03,W1033,52.8428,10.6021,0.0,,13.0,12.8,0.191,13.1,0.083,1.54,icon_d2
2026-10-03,W1034,52.8428,10.6317,0.0,,13.0,12.8,0.191,13.1,0.083,1.54,icon_d2
2026-10-03,W1035,52.8428,10.6612,0.0,,13.2,12.8,0.191,13.1,0.083,1.55,icon_d2
2026-10-03,W1036,52.8428,10.7203,0.0,,12.8,12.8,0.191,13.1,0.083,1.52,icon_d2
2026-10-03,W1037,52.8428,10.7498,0.0,,12.6,12.8,0.187,13.3,0.08,1.51,icon_d2
2026-10-03,W1038,52.8428,10.7794,0.0,,13.4,12.8,0.187,13.3,0.08,1.51,icon_d2
2026-10-03,W1039,52.8428,10.8089,0.0,,13.2,12.8,0.187,13.3,0.08,1.51,icon_d2
2026-10-03,W1040,52.8428,10.8384,0.0,,13.6,12.8,0.187,13.3,0.08,1.49,icon_d2
2026-10-03,W1041,52.8428,10.868,0.0,,13.5,12.8,0.187,13.3,0.08,1.49,icon_d2
2026-10-03,W1042,52.8428,10.8975,0.0,,13.3,13.6,0.252,14.3,0.158,1.45,icon_d2
2026-10-03,W1043,52.8428,10.9271,0.0,,13.3,13.6,0.252,14.3,0.158,1.45,icon_d2
2026-10-03,W1044,52.8428,10.9566,0.0,,12.9,13.6,0.252,14.3,0.158,1.41,icon_d2
2026-10-03,W1045,52.8428,10.9861,0.0,,12.8,13.6,0.252,14.3,0.158,1.41,icon_d2
2026-10-03,W1741,52.8428,11.0747,0.0,,13.1,14.1,0.198,15.1,0.129,1.4,icon_d2
2026-10-03,W1784,52.8518,10.6765,0.0,,13.2,12.8,0.191,13.1,0.083,1.55,icon_d2
2026-10-03,W1785,52.8518,11.00171,0.0,,12.7,13.6,0.252,14.3,0.158,1.41,icon_d2
2026-10-03,W1786,52.8518,11.03127,0.0,,13.1,13.1,0.174,14.2,0.062,1.44,icon_d2
2026-10-03,W1787,52.8518,11.0904,0.0,,13.0,14.1,0.198,15.1,0.129,1.41,icon_d2
2026-10-03,W1788,52.8518,11.11997,0.0,,12.8,14.1,0.198,15.1,0.129,1.41,icon_d2
2026-10-03,W1789,52.8518,11.14953,0.0,,12.8,14.1,0.198,15.1,0.129,1.41,icon_d2
2026-10-03,W1790,52.59955,10.73563,0.0,,13.4,13.6,0.191,14.3,0.105,1.44,icon_d2
2026-10-03,W1791,52.61757,10.88345,0.0,,13.3,14.2,0.253,15.0,0.169,1.46,icon_d2
2026-10-03,W1792,52.61757,10.91302,0.0,,13.5,14.2,0.253,15.0,0.169,1.41,icon_d2
2026-10-03,W1793,52.61757,11.14953,0.0,,14.1,14.4,0.231,15.3,0.148,1.52,icon_d2
2026-10-03,W1794,52.63559,10.29217,0.0,,13.3,12.9,0.205,13.4,0.113,1.55,icon_d2
2026-10-03,W1795,52.63559,10.32173,0.0,,13.3,12.7,0.22,13.1,0.153,1.53,icon_d2
2026-10-03,W1796,52.63559,10.52868,0.0,,13.4,13.4,0.194,14.0,0.092,1.52,icon_d2
2026-10-03,W1797,52.63559,10.88345,0.0,,13.2,14.2,0.253,15.0,0.169,1.46,icon_d2
2026-10-03,W1798,52.63559,10.91302,0.0,,13.3,14.2,0.253,15.0,0.169,1.46,icon_d2
2026-10-03,W1799,52.63559,11.06084,0.0,,13.8,14.4,0.231,15.3,0.148,1.43,icon_d2
2026-10-03,W1800,52.63559,11.14953,0.0,,13.5,14.4,0.231,15.3,0.148,1.44,icon_d2
2026-10-03,W1801,52.6536,10.23304,0.0,,12.9,12.9,0.205,13.4,0.113,1.53,icon_d2
2026-10-03,W1581,52.09505,10.94258,0.0,,14.0,14.3,0.243,14.6,0.168,1.42,icon_d2
2026-10-03,W1119,52.09505,10.97214,0.0,,13.5,14.3,0.243,14.6,0.168,1.44,icon_d2
2026-10-03,W1120,52.09505,11.00171,0.0,,13.2,14.3,0.243,14.6,0.168,1.43,icon_d2
2026-10-03,W1121,52.09505,11.03127,0.0,,13.9,13.9,0.292,13.9,0.219,1.46,icon_d2
2026-10-03,W1122,52.09505,11.06084,0.0,,14.0,13.9,0.292,13.9,0.219,1.46,icon_d2
2026-10-03,W1123,52.09505,11.0904,0.0,,14.4,14.6,0.267,14.9,0.185,1.44,icon_d2
2026-10-03,W1124,52.09505,11.11997,0.0,,14.5,14.6,0.267,14.9,0.185,1.45,icon_d2
2026-10-03,W1125,52.09505,11.14953,0.0,,15.0,14.6,0.267,14.9,0.185,1.5,icon_d2
2026-10-03,W0034,52.1041,10.1295,0.0,,12.8,13.5,0.305,14.1,0.203,1.46,icon_d2
2026-10-03,W0035,52.1041,10.1591,0.0,,13.0,13.5,0.305,14.1,0.203,1.43,icon_d2
2026-10-03,W1126,52.11306,10.17391,0.0,,12.6,13.5,0.305,14.1,0.203,1.49,icon_d2
2026-10-03,W0036,52.1041,10.2182,0.0,,12.8,13.6,0.307,13.8,0.181,1.5,icon_d2
2026-10-03,W0037,52.1041,10.2477,0.0,,13.4,13.6,0.288,14.0,0.17,1.5,icon_d2
2026-10-03,W0038,52.1041,10.2772,0.0,,12.9,12.8,0.288,13.3,0.17,1.49,icon_d2
2026-10-03,W0039,52.1041,10.3068,0.0,,13.7,13.6,0.288,14.0,0.17,1.5,icon_d2
2026-10-03,W0040,52.1041,10.3363,0.0,,13.9,13.6,0.288,14.0,0.17,1.41,icon_d2
2026-10-03,W0041,52.1041,10.3658,0.0,,14.8,13.7,0.284,13.9,0.151,1.42,icon_d2
2026-10-03,W1127,52.11306,10.38086,0.0,,14.1,14.0,0.259,14.6,0.162,1.44,icon_d2
2026-10-03,W1128,52.11306,10.41042,0.0,,13.4,14.0,0.259,14.6,0.162,1.45,icon_d2
2026-10-03,W1129,52.11306,10.43999,0.0,,13.4,14.0,0.259,14.6,0.162,1.48,icon_d2
2026-10-03,W0042,52.1041,10.484,0.0,,13.9,14.0,0.259,14.6,0.162,1.48,icon_d2
2026-10-03,W0043,52.1041,10.5135,0.0,,13.8,13.3,0.259,13.9,0.162,1.41,icon_d2
2026-10-03,W0044,52.1041,10.5431,0.0,,14.2,14.3,0.283,15.1,0.182,1.42,icon_d2
2026-10-03,W1130,52.11306,10.55825,0.0,,13.8,14.2,0.271,14.8,0.163,1.38,icon_d2
2026-10-03,W1131,52.11306,10.58781,0.0,,13.4,14.2,0.271,14.8,0.163,1.4,icon_d2
2026-10-03,W1132,52.11306,10.61737,0.0,,13.6,14.2,0.271,14.8,0.163,1.45,icon_d2
2026-10-03,W1582,52.11306,10.64694,0.0,,14.4,14.2,0.271,14.8,0.163,1.5,icon_d2
2026-10-03,W1133,52.11306,10.6765,0.0,,14.5,14.2,0.271,14.8,0.163,1.5,icon_d2
2026-10-03,W1134,52.11306,10.70607,0.0,,14.1,14.4,0.258,15.1,0.187,1.51,icon_d2
2026-10-03,W1135,52.11306,10.73563,0.0,,13.6,14.4,0.258,15.1,0.187,1.5,icon_d2
2026-10-03,W1136,52.11306,10.76519,0.0,,13.3,14.4,0.258,15.1,0.187,1.5,icon_d2
2026-10-03,W1137,52.11306,10.79476,0.0,,13.6,14.4,0.258,15.1,0.187,1.48,icon_d2
2026-10-03,W1138,52.11306,10.82432,0.0,,13.8,14.4,0.258,15.1,0.187,1.49,icon_d2
2026-10-03,W1139,52.11306,10.85389,0.0,,14.1,14.4,0.258,15.1,0.187,1.42,icon_d2
2026-10-03,W1140,52.11306,10.88345,0.0,,14.2,14.3,0.243,14.6,0.168,1.42,icon_d2
2026-10-03,W1141,52.11306,10.91302,0.0,,15.0,14.3,0.243,14.6,0.168,1.43,icon_d2
2026-10-03,W1142,52.11306,10.94258,0.0,,15.0,14.3,0.243,14.6,0.168,1.42,icon_d2
2026-10-03,W1143,52.11306,10.97214,0.0,,13.3,14.3,0.243,14.6,0.168,1.42,icon_d2
2026-10-03,W1144,52.11306,11.00171,0.0,,13.3,14.3,0.243,14.6,0.168,1.43,icon_d2
2026-10-03,W1145,52.11306,11.03127,0.0,,13.7,14.6,0.267,14.9,0.185,1.43,icon_d2
2026-10-03,W1146,52.11306,11.06084,0.0,,13.8,14.6,0.267,14.9,0.185,1.47,icon_d2
2026-10-03,W1147,52.11306,11.0904,0.0,,14.4,14.6,0.267,14.9,0.185,1.43,icon_d2
2026-10-03,W1148,52.11306,11.11997,0.0,,14.8,14.6,0.267,14.9,0.185,1.45,icon_d2
2026-10-03,W1149,52.11306,11.14953,0.0,,14.5,14.6,0.267,14.9,0.185,1.44,icon_d2
2026-10-03,W0046,52.1221,10.1295,0.0,,12.9,13.5,0.305,14.1,0.203,1.43,icon_d2
2026-10-03,W0047,52.1221,10.1591,0.0,,12.7,13.5,0.305,14.1,0.203,1.47,icon_d2
2026-10-03,W0048,52.1221,10.1886,0.0,,12.7,13.5,0.305,14.1,0.203,1.49,icon_d2
2026-10-03,W0049,52.1221,10.2182,0.0,,12.7,13.6,0.288,14.0,0.17,1.51,icon_d2
2026-10-03,W0050,52.1221,10.2477,0.0,,13.6,13.6,0.288,14.0,0.17,1.52,icon_d2
2026-10-03,W0051,52.1221,10.2772,0.0,,13.5,13.6,0.288,14.0,0.17,1.49,icon_d2
2026-10-04,W0013,52.068,10.1295,0.0,,12.4,12.5,0.305,12.2,0.246,1.58,icon_d2
2026-10-04,W0014,52.068,10.1591,0.0,,12.6,12.5,0.305,12.2,0.246,1.63,icon_d2
2026-10-04,W0015,52.068,10.1886,0.0,,13.2,13.3,0.304,13.0,0.2,1.68,icon_d2
2026-10-04,W0016,52.068,10.2182,0.0,,13.2,13.3,0.304,13.0,0.2,1.67,icon_d2
2026-10-04,W0005,52.05,10.2477,0.0,,13.8,13.3,0.304,13.0,0.2,1.71,icon_d2
2026-10-04,W1046,52.05901,10.2626,0.0,,13.7,13.3,0.304,13.0,0.2,1.67,icon_d2
2026-10-04,W1047,52.05901,10.29217,0.0,,12.8,13.3,0.304,13.0,0.2,1.68,icon_d2
2026-10-04,W0017,52.068,10.3363,0.0,,12.7,13.3,0.304,13.0,0.2,1.7,icon_d2
2026-10-04,W0018,52.068,10.3658,0.0,,12.8,12.5,0.282,12.3,0.169,1.7,icon_d2
2026-10-04,W0019,52.068,10.3954,0.0,,13.4,13.2,0.282,13.0,0.169,1.71,icon_d2
2026-10-04,W0020,52.068,10.4249,0.0,,12.9,13.2,0.282,13.0,0.169,1.72,icon_d2
2026-10-04,W1048,52.05901,10.43999,0.0,,13.1,13.2,0.282,13.0,0.169,1.73,icon_d2
2026-10-04,W1049,52.05901,10.46955,0.0,,12.8,13.2,0.282,13.0,0.169,1.73,icon_d2
2026-10-04,W0021,52.068,10.5135,0.0,,12.8,13.3,0.285,13.5,0.196,1.72,icon_d2
2026-10-04,W0022,52.068,10.5431,0.0,,13.0,13.3,0.285,13.5,0.196,1.74,icon_d2
2026-10-04,W1050,52.05901,10.55825,0.0,,13.0,13.3,0.285,13.5,0.196,1.71,icon_d2
2026-10-04,W1051,52.05901,10.58781,0.0,,13.0,13.3,0.285,13.5,0.196,1.68,icon_d2
2026-10-04,W0010,52.05,10.6317,0.0,,13.2,13.3,0.285,13.5,0.196,1.71,icon_d2
2026-10-04,W1053,52.05901,10.64694,0.0,,13.1,13.3,0.285,13.5,0.196,1.69,icon_d2
2026-10-04,W1054,52.05901,10.6765,0.0,,12.7,12.7,0.286,12.9,0.206,1.73,icon_d2
2026-10-04,W1055,52.05901,10.70607,0.0,,12.9,12.7,0.286,12.9,0.206,1.72,icon_d2
2026-10-04,W1056,52.05901,10.73563,0.0,,13.0,12.7,0.286,12.9,0.206,1.71,icon_d2
2026-10-04,W1057,52.05901,10.76519,0.0,,13.2,12.7,0.286,12.9,0.206,1.71,icon_d2
2026-10-04,W0011,52.05,10.8089,0.0,,13.4,12.7,0.286,12.9,0.206,1.71,icon_d2
2026-10-04,W1059,52.05901,10.82432,0.0,,12.9,12.7,0.286,12.9,0.206,1.71,icon_d2
2026-10-04,W1060,52.05901,10.85389,0.0,,13.1,12.8,0.3,12.9,0.234,1.76,icon_d2
2026-10-04,W1061,52.05901,10.88345,0.0,,13.1,12.8,0.3,12.9,0.234,1.74,icon_d2
2026-10-04,W1062,52.05901,10.91302,0.0,,13.2,12.8,0.3,12.9,0.234,1.7,icon_d2
2026-10-04,W1063,52.05901,10.94258,0.0,,13.0,12.8,0.3,12.9,0.234,1.66,icon_d2
2026-10-04,W1064,52.05901,10.97214,0.0,,12.8,12.8,0.3,12.9,0.234,1.68,icon_d2
2026-10-04,W1065,52.05901,11.00171,0.0,,12.7,12.8,0.3,12.9,0.234,1.68,icon_d2
2026-10-04,W1066,52.05901,11.03127,0.0,,13.2,12.7,0.292,12.5,0.231,1.7,icon_d2
2026-10-04,W1067,52.05901,11.06084,0.0,,13.4,12.7,0.292,12.5,0.231,1.7,icon_d2
2026-10-04,W1068,52.05901,11.0904,0.0,,13.3,12.7,0.292,12.5,0.231,1.69,icon_d2
2026-10-04,W1069,52.05901,11.11997,0.0,,13.5,12.7,0.292,12.5,0.231,1.65,icon_d2
2026-10-04,W1070,52.05901,11.14953,0.0,,13.5,12.7,0.292,12.5,0.231,1.65,icon_d2
2026-10-04,W0024,52.086,10.1295,0.0,,12.3,13.1,0.292,13.1,0.219,1.59,icon_d2
2026-10-04,W1071,52.07703,10.14435,0.0,,12.7,12.5,0.305,12.2,0.246,1.61,icon_d2
2026-10-04,W0025,52.086,10.1886,0.0,,13.0,13.3,0.304,13.0,0.2,1.67,icon_d2
2026-10-04,W0026,52.086,10.2182,0.0,,12.9,13.3,0.304,13.0,0.2,1.69,icon_d2
2026-10-04,W1072,52.07703,10.23304,0.0,,12.9,13.3,0.304,13.0,0.2,1.68,icon_d2
2026-10-04,W1073,52.07703,10.2626,0.0,,12.2,13.3,0.304,13.0,0.2,1.67,icon_d2
2026-10-04,W1575,52.07703,10.29217,0.0,,12.9,13.3,0.304,13.0,0.2,1.67,icon_d2
2026-10-04,W0027,52.086,10.3363,0.0,,12.7,13.3,0.293,13.2,0.186,1.66,icon_d2
2026-10-04,W0028,52.086,10.3658,0.0,,13.1,12.5,0.282,12.3,0.169,1.66,icon_d2
2026-10-04,W0029,52.086,10.3954,0.0,,13.6,13.2,0.282,13.0,0.169,1.71,icon_d2
2026-10-04,W1074,52.07703,10.41042,0.0,,13.5,13.2,0.282,13.0,0.169,1.71,icon_d2
2026-10-04,W1075,52.07703,10.43999,0.0,,12.8,13.2,0.282,13.0,0.169,1.7,icon_d2
2026-10-04,W1076,52.07703,10.46955,0.0,,12.7,13.2,0.282,13.0,0.169,1.69,icon_d2
2026-10-04,W0030,52.086,10.5135,0.0,,13.2,12.6,0.272,12.8,0.176,1.75,icon_d2
2026-10-04,W0031,52.086,10.5431,0.0,,13.6,13.3,0.285,13.5,0.196,1.8,icon_d2
2026-10-04,W0032,52.086,10.5726,0.0,,13.3,13.3,0.285,13.5,0.196,1.73,icon_d2
2026-10-04,W1077,52.07703,10.58781,0.0,,13.1,13.3,0.285,13.5,0.196,1.72,icon_d2
2026-10-04,W1576,52.07703,10.61737,0.0,,13.0,13.3,0.285,13.5,0.196,1.7,icon_d2
2026-10-04,W1078,52.07703,10.64694,0.0,,13.2,13.3,0.285,13.5,0.196,1.71,icon_d2
2026-10-04,W1079,52.07703,10.6765,0.0,,13.1,12.7,0.286,12.9,0.206,1.73,icon_d2
2026-10-04,W1080,52.07703,10.70607,0.0,,13.1,12.7,0.286,12.9,0.206,1.72,icon_d2
2026-10-04,W1081,52.07703,10.73563,0.0,,13.1,12.7,0.286,12.9,0.206,1.71,icon_d2
2026-10-04,W1082,52.07703,10.76519,0.0,,13.5,12.7,0.286,12.9,0.206,1.71,icon_d2
2026-10-04,W1577,52.07703,10.79476,0.0,,12.9,12.7,0.286,12.9,0.206,1.7,icon_d2
2026-10-04,W1083,52.07703,10.82432,0.0,,13.0,13.2,0.278,13.6,0.203,1.71,icon_d2
2026-10-04,W1084,52.07703,10.85389,0.0,,13.4,12.8,0.3,12.9,0.234,1.77,icon_d2
2026-10-04,W1085,52.07703,10.88345,0.0,,13.3,12.8,0.3,12.9,0.234,1.76,icon_d2
2026-10-04,W1086,52.07703,10.91302,0.0,,13.1,12.8,0.3,12.9,0.234,1.68,icon_d2
2026-10-04,W1087,52.07703,10.94258,0.0,,13.1,12.8,0.3,12.9,0.234,1.68,icon_d2
2026-10-04,W1088,52.07703,10.97214,0.0,,12.6,12.8,0.3,12.9,0.234,1.67,icon_d2
2026-10-04,W1089,52.07703,11.00171,0.0,,12.5,13.1,0.245,13.2,0.175,1.68,icon_d2
2026-10-04,W1090,52.07703,11.03127,0.0,,12.9,12.7,0.292,12.5,0.231,1.69,icon_d2
2026-10-04,W1091,52.07703,11.06084,0.0,,13.2,12.7,0.292,12.5,0.231,1.69,icon_d2
2026-10-04,W1092,52.07703,11.0904,0.0,,13.8,12.7,0.292,12.5,0.231,1.66,icon_d2
2026-10-04,W0033,52.086,11.1338,0.0,,14.1,13.3,0.266,13.4,0.196,1.65,icon_d2
2026-10-04,W1093,52.07703,11.14953,0.0,,14.1,13.3,0.266,13.4,0.196,1.65,icon_d2
2026-10-04,W1094,52.09505,10.11478,0.0,,12.8,13.1,0.292,13.1,0.219,1.6,icon_d2
2026-10-04,W1095,52.09505,10.14435,0.0,,12.9,13.1,0.292,13.1,0.219,1.61,icon_d2
2026-10-04,W1096,52.09505,10.17391,0.0,,12.3,13.1,0.292,13.1,0.219,1.59,icon_d2
2026-10-04,W1097,52.09505,10.20347,0.0,,12.8,13.3,0.304,13.0,0.2,1.64,icon_d2
2026-10-04,W1098,52.09505,10.23304,0.0,,13.0,13.3,0.304,13.0,0.2,1.63,icon_d2
2026-10-04,W1099,52.09505,10.2626,0.0,,12.6,13.3,0.293,13.2,0.186,1.65,icon_d2
2026-10-04,W1100,52.09505,10.29217,0.0,,13.1,13.3,0.293,13.2,0.186,1.68,icon_d2
2026-10-04,W1101,52.09505,10.32173,0.0,,12.5,13.3,0.293,13.2,0.186,1.61,icon_d2
2026-10-04,W1578,52.09505,10.3513,0.0,,13.6,13.2,0.282,13.0,0.169,1.62,icon_d2
2026-10-04,W1102,52.09505,10.38086,0.0,,13.6,13.2,0.282,13.0,0.169,1.67,icon_d2
2026-10-04,W1103,52.09505,10.41042,0.0,,12.9,13.2,0.282,13.0,0.169,1.69,icon_d2
2026-10-04,W1104,52.09505,10.43999,0.0,,12.9,13.2,0.272,13.4,0.176,1.69,icon_d2
2026-10-04,W1105,52.09505,10.46955,0.0,,12.8,13.2,0.272,13.4,0.176,1.7,icon_d2
2026-10-04,W1106,52.09505,10.49912,0.0,,12.9,13.2,0.272,13.4,0.176,1.71,icon_d2
2026-10-04,W1107,52.09505,10.52868,0.0,,13.8,13.3,0.285,13.5,0.196,1.76,icon_d2
2026-10-04,W1108,52.09505,10.55825,0.0,,12.7,13.3,0.285,13.5,0.196,1.71,icon_d2
2026-10-04,W1109,52.09505,10.58781,0.0,,12.7,12.9,0.275,13.2,0.183,1.71,icon_d2
2026-10-04,W1110,52.09505,10.61737,0.0,,13.2,12.9,0.275,13.2,0.183,1.71,icon_d2
2026-10-04,W1111,52.09505,10.64694,0.0,,13.5,12.9,0.275,13.2,0.183,1.75,icon_d2
2026-10-04,W1112,52.09505,10.6765,0.0,,13.1,12.9,0.275,13.2,0.183,1.74,icon_d2
2026-10-04,W1113,52.09505,10.70607,0.0,,13.5,12.7,0.286,12.9,0.206,1.76,icon_d2
2026-10-04,W1114,52.09505,10.73563,0.0,,13.3,12.7,0.286,12.9,0.206,1.69,icon_d2
2026-10-04,W1115,52.09505,10.76519,0.0,,13.5,13.2,0.278,13.6,0.203,1.69,icon_d2
2026-10-04,W1579,52.09505,10.79476,0.0,,12.8,13.2,0.278,13.6,0.203,1.68,icon_d2
2026-10-04,W1116,52.09505,10.82432,0.0,,13.1,13.2,0.278,13.6,0.203,1.74,icon_d2
2026-10-04,W1117,52.09505,10.85389,0.0,,13.4,12.8,0.3,12.9,0.234,1.73,icon_d2
2026-10-04,W1580,52.09505,10.88345,0.0,,13.2,12.8,0.3,12.9,0.234,1.73,icon_d2
2026-10-04,W1118,52.09505,10.91302,0.0,,12.9,12.8,0.3,12.9,0.234,1.7,icon_d2
2026-10-04,W1581,52.09505,10.94258,0.0,,13.0,13.1,0.245,13.2,0.175,1.71,icon_d2
2026-10-04,W1119,52.09505,10.97214,0.0,,12.4,13.1,0.245,13.2,0.175,1.68,icon_d2
2026-10-04,W1120,52.09505,11.00171,0.0,,12.6,13.1,0.245,13.2,0.175,1.65,icon_d2
2026-10-04,W1121,52.09505,11.03127,0.0,,13.1,12.7,0.292,12.5,0.231,1.68,icon_d2
2026-10-04,W1122,52.09505,11.06084,0.0,,13.2,12.7,0.292,12.5,0.231,1.69,icon_d2
2026-10-04,W1123,52.09505,11.0904,0.0,,13.5,13.3,0.266,13.4,0.196,1.66,icon_d2
2026-10-04,W1124,52.09505,11.11997,0.0,,13.6,13.3,0.266,13.4,0.196,1.66,icon_d2
2026-10-04,W1125,52.09505,11.14953,0.0,,14.2,13.3,0.266,13.4,0.196,1.62,icon_d2
2026-10-04,W0034,52.1041,10.1295,0.0,,12.7,13.1,0.292,13.1,0.219,1.6,icon_d2
2026-10-04,W0035,52.1041,10.1591,0.0,,12.8,13.1,0.292,13.1,0.219,1.62,icon_d2
2026-10-04,W1126,52.11306,10.17391,0.0,,12.4,13.1,0.292,13.1,0.219,1.59,icon_d2
2026-10-04,W0036,52.1041,10.2182,0.0,,12.6,13.3,0.304,13.0,0.2,1.63,icon_d2
2026-10-04,W0037,52.1041,10.2477,0.0,,12.9,13.3,0.293,13.2,0.186,1.63,icon_d2
2026-10-04,W0038,52.1041,10.2772,0.0,,12.2,12.6,0.293,12.5,0.186,1.64,icon_d2
2026-10-04,W0039,52.1041,10.3068,0.0,,12.9,13.3,0.293,13.2,0.186,1.67,icon_d2
2026-10-04,W0040,52.1041,10.3363,0.0,,12.7,13.3,0.293,13.2,0.186,1.6,icon_d2
2026-10-04,W0041,52.1041,10.3658,0.0,,14.0,13.2,0.282,13.0,0.169,1.64,icon_d2
2026-10-04,W1127,52.11306,10.38086,0.0,,13.7,13.2,0.272,13.4,0.176,1.66,icon_d2
2026-10-04,W1128,52.11306,10.41042,0.0,,13.0,13.2,0.272,13.4,0.176,1.69,icon_d2
2026-10-04,W1129,52.11306,10.43999,0.0,,12.8,13.2,0.272,13.4,0.176,1.68,icon_d2
2026-10-04,W0042,52.1041,10.484,0.0,,13.2,13.2,0.272,13.4,0.176,1.75,icon_d2
2026-10-04,W0043,52.1041,10.5135,0.0,,13.6,12.5,0.272,12.7,0.176,1.76,icon_d2
2026-10-04,W0044,52.1041,10.5431,0.0,,14.1,13.3,0.285,13.5,0.196,1.78,icon_d2
2026-10-04,W1130,52.11306,10.55825,0.0,,13.7,12.9,0.275,13.2,0.183,1.74,icon_d2
2026-10-04,W1131,52.11306,10.58781,0.0,,12.9,12.9,0.275,13.2,0.183,1.71,icon_d2
2026-10-04,W1132,52.11306,10.61737,0.0,,13.2,12.9,0.275,13.2,0.183,1.72,icon_d2
2026-10-04,W1582,52.11306,10.64694,0.0,,13.6,12.9,0.275,13.2,0.183,1.75,icon_d2
2026-10-04,W1133,52.11306,10.6765,0.0,,14.0,12.9,0.275,13.2,0.183,1.74,icon_d2
2026-10-04,W1134,52.11306,10.70607,0.0,,13.6,13.2,0.278,13.6,0.203,1.76,icon_d2
2026-10-04,W1135,52.11306,10.73563,0.0,,13.6,13.2,0.278,13.6,0.203,1.67,icon_d2
2026-10-04,W1136,52.11306,10.76519,0.0,,12.9,13.2,0.278,13.6,0.203,1.66,icon_d2
2026-10-04,W1137,52.11306,10.79476,0.0,,12.4,13.2,0.278,13.6,0.203,1.65,icon_d2
2026-10-04,W1138,52.11306,10.82432,0.0,,13.2,13.2,0.278,13.6,0.203,1.71,icon_d2
2026-10-04,W1139,52.11306,10.85389,0.0,,13.4,13.2,0.278,13.6,0.203,1.73,icon_d2
2026-10-04,W1140,52.11306,10.88345,0.0,,13.5,13.1,0.245,13.2,0.175,1.74,icon_d2
2026-10-04,W1141,52.11306,10.91302,0.0,,14.4,13.1,0.245,13.2,0.175,1.71,icon_d2
2026-10-04,W1142,52.11306,10.94258,0.0,,14.5,13.1,0.245,13.2,0.175,1.7,icon_d2
2026-10-04,W1143,52.11306,10.97214,0.0,,12.7,13.1,0.245,13.2,0.175,1.64,icon_d2
2026-10-04,W1144,52.11306,11.00171,0.0,,12.5,13.1,0.245,13.2,0.175,1.63,icon_d2
2026-10-04,W1145,52.11306,11.03127,0.0,,12.6,13.3,0.266,13.4,0.196,1.62,icon_d2
2026-10-04,W1146,52.11306,11.06084,0.0,,13.0,13.3,0.266,13.4,0.196,1.65,icon_d2
2026-10-04,W1147,52.11306,11.0904,0.0,,13.6,13.3,0.266,13.4,0.196,1.62,icon_d2
2026-10-04,W1148,52.11306,11.11997,0.0,,14.0,13.3,0.266,13.4,0.196,1.6,icon_d2
2026-10-04,W1149,52.11306,11.14953,0.0,,13.8,13.3,0.266,13.4,0.196,1.59,icon_d2
2026-10-04,W0046,52.1221,10.1295,0.0,,12.6,13.1,0.292,13.1,0.219,1.63,icon_d2
2026-10-04,W0047,52.1221,10.1591,0.0,,12.2,13.1,0.292,13.1,0.219,1.59,icon_d2
2026-10-04,W0048,52.1221,10.1886,0.0,,12.4,13.1,0.292,13.1,0.219,1.59,icon_d2
2026-10-04,W0049,52.1221,10.2182,0.0,,12.5,13.3,0.293,13.2,0.186,1.59,icon_d2
2026-10-04,W0050,52.1221,10.2477,0.0,,13.2,13.3,0.293,13.2,0.186,1.66,icon_d2
2026-10-04,W0051,52.1221,10.2772,0.0,,12.8,13.3,0.293,13.2,0.186,1.67,icon_d2
2026-10-04,W0052,52.1221,10.3068,0.0,,13.0,13.3,0.293,13.2,0.186,1.68,icon_d2
2026-10-04,W0053,52.1221,10.3363,0.0,,13.3,13.3,0.293,13.2,0.186,1.64,icon_d2
2026-10-04,W1150,52.13108,10.3513,0.0,,13.1,13.3,0.293,13.2,0.186,1.68,icon_d2
2026-10-04,W0054,52.1221,10.3954,0.0,,13.8,13.2,0.272,13.4,0.176,1.66,icon_d2
2026-10-04,W1151,52.13108,10.41042,0.0,,13.2,13.2,0.272,13.4,0.176,1.67,icon_d2
2026-10-04,W1152,52.13108,10.43999,0.0,,12.9,13.2,0.272,13.4,0.176,1.64,icon_d2
2026-10-04,W0055,52.1221,10.484,0.0,,13.0,13.2,0.272,13.4,0.176,1.72,icon_d2
2026-10-04,W0056,52.1221,10.5135,0.0,,13.2,13.2,0.272,13.4,0.176,1.72,icon_d2
2026-10-04,W0057,52.1221,10.5431,0.0,,13.6,12.9,0.275,13.2,0.183,1.74,icon_d2
2026-10-04,W0058,52.1221,10.5726,0.0,,13.1,12.9,0.275,13.2,0.183,1.71,icon_d2
2026-10-04,W1153,52.13108,10.58781,0.0,,12.7,12.9,0.275,13.2,0.183,1.7,icon_d2
2026-10-04,W1583,52.13108,10.61737,0.0,,13.6,12.9,0.275,13.2,0.183,1.73,icon_d2
2026-10-04,W0059,52.1221,10.6612,0.0,,13.5,12.9,0.275,13.2,0.183,1.75,icon_d2
2026-10-04,W0060,52.1221,10.6908,0.0,,13.4,13.2,0.278,13.6,0.203,1.75,icon_d2
2026-10-04,W1154,52.13108,10.70607,0.0,,13.2,13.2,0.278,13.6,0.203,1.72,icon_d2
2026-10-04,W1155,52.13108,10.73563,0.0,,12.9,13.2,0.278,13.6,0.203,1.68,icon_d2
2026-10-04,W1584,52.13108,10.76519,0.0,,12.8,13.2,0.278,13.6,0.203,1.69,icon_d2
2026-10-04,W1156,52.13108,10.79476,0.0,,13.7,13.2,0.278,13.6,0.203,1.74,icon_d2
2026-10-04,W1157,52.13108,10.82432,0.0,,13.7,13.2,0.278,13.6,0.203,1.72,icon_d2
2026-10-04,W1158,52.13108,10.85389,0.0,,14.2,13.2,0.278,13.6,0.203,1.75,icon_d2
2026-10-04,W1159,52.13108,10.88345,0.0,,14.7,13.1,0.245,13.2,0.175,1.71,icon_d2
2026-10-04,W1160,52.13108,10.91302,0.0,,14.0,13.1,0.245,13.2,0.175,1.7,icon_d2
2026-10-04,W1161,52.13108,10.94258,0.0,,14.1,13.1,0.245,13.2,0.175,1.69,icon_d2
2026-10-04,W0061,52.1221,10.9861,0.0,,12.6,13.1,0.245,13.2,0.175,1.63,icon_d2
2026-10-04,W0062,52.1221,11.0157,0.0,,12.5,13.1,0.245,13.2,0.175,1.63,icon_d2
2026-10-04,W0063,52.1221,11.0452,0.0,,12.5,13.3,0.266,13.4,0.196,1.61,icon_d2
2026-10-04,W1162,52.13108,11.06084,0.0,,13.3,13.3,0.266,13.4,0.196,1.66,icon_d2
2026-10-04,W1163,52.13108,11.0904,0.0,,13.9,13.3,0.266,13.4,0.196,1.65,icon_d2
2026-10-04,W1164,52.13108,11.11997,0.0,,13.8,13.3,0.266,13.4,0.196,1.64,icon_d2
2026-10-04,W1165,52.13108,11.14953,0.0,,13.7,13.3,0.266,13.4,0.196,1.62,icon_d2
2026-10-04,W0065,52.1401,10.1295,0.0,,13.0,13.1,0.292,13.1,0.219,1.67,icon_d2
2026-10-04,W0066,52.1401,10.1591,0.0,,12.3,13.1,0.292,13.1,0.219,1.59,icon_d2
2026-10-04,W0067,52.1401,10.1886,0.0,,12.8,13.1,0.292,13.1,0.219,1.63,icon_d2
2026-10-04,W0068,52.1401,10.2182,0.0,,12.6,13.3,0.293,13.2,0.186,1.64,icon_d2
2026-10-04,W1166,52.1491,10.23304,0.0,,12.7,13.3,0.293,13.2,0.186,1.65,icon_d2
2026-10-04,W1167,52.1491,10.2626,0.0,,13.5,13.3,0.293,13.2,0.186,1.72,icon_d2
2026-10-04,W1168,52.1491,10.29217,0.0,,13.5,13.3,0.293,13.2,0.186,1.72,icon_d2
2026-10-04,W1169,52.1491,10.32173,0.0,,13.2,13.3,0.293,13.2,0.186,1.71,icon_d2
2026-10-04,W0069,52.1401,10.3658,0.0,,13.0,13.2,0.272,13.4,0.176,1.68,icon_d2
2026-10-04,W0084,52.1581,10.3954,0.0,,13.6,13.2,0.272,13.4,0.176,1.69,icon_d2
2026-10-04,W0085,52.1581,10.4249,0.0,,13.6,13.2,0.272,13.4,0.176,1.69,icon_d2
2026-10-04,W1170,52.1491,10.43999,0.0,,12.9,13.2,0.272,13.4,0.176,1.64,icon_d2
2026-10-04,W0070,52.1401,10.484,0.0,,13.3,13.2,0.272,13.4,0.176,1.68,icon_d2
2026-10-04,W0071,52.1401,10.5135,0.0,,13.9,13.2,0.272,13.4,0.176,1.72,icon_d2
2026-10-04,W0072,52.1401,10.5431,0.0,,13.7,12.9,0.275,13.2,0.183,1.7,icon_d2
2026-10-04,W0073,52.1401,10.5726,0.0,,12.9,12.9,0.275,13.2,0.183,1.71,icon_d2
2026-10-04,W1171,52.1491,10.58781,0.0,,12.9,12.9,0.275,13.2,0.183,1.71,icon_d2
2026-10-04,W0074,52.1401,10.6317,0.0,,12.9,12.3,0.275,12.6,0.183,1.67,icon_d2
2026-10-04,W0075,52.1401,10.6612,0.0,,12.5,12.2,0.275,12.5,0.183,1.67,icon_d2
2026-10-04,W0076,52.1401,10.6908,0.0,,13.6,13.2,0.278,13.6,0.203,1.74,icon_d2
2026-10-04,W0077,52.1401,10.7203,0.0,,13.0,13.2,0.278,13.6,0.203,1.69,icon_d2
2026-10-04,W1172,52.1491,10.73563,0.0,,13.0,13.2,0.278,13.6,0.203,1.68,icon_d2
2026-10-04,W1173,52.1491,10.76519,0.0,,12.8,13.2,0.278,13.6,0.203,1.69,icon_d2
2026-10-04,W1174,52.1491,10.79476,0.0,,13.6,13.2,0.278,13.6,0.203,1.73,icon_d2
2026-10-04,W0090,52.1581,10.8384,0.0,,13.4,13.1,0.248,13.5,0.155,1.7,icon_d2
2026-10-04,W0078,52.1401,10.868,0.0,,14.2,13.1,0.245,13.2,0.175,1.75,icon_d2
2026-10-04,W0079,52.1401,10.8975,0.0,,14.2,13.1,0.245,13.2,0.175,1.69,icon_d2
2026-10-04,W0080,52.1401,10.9271,0.0,,14.0,12.4,0.245,12.5,0.175,1.67,icon_d2
2026-10-04,W0081,52.1401,10.9566,0.0,,14.7,13.1,0.245,13.2,0.175,1.69,icon_d2
2026-10-04,W0095,52.1581,10.9861,0.0,,13.5,13.3,0.237,13.4,0.15,1.57,icon_d2
2026-10-04,W0096,52.1581,11.0157,0.0,,12.8,13.3,0.237,13.4,0.15,1.6,icon_d2
2026-10-04,W0082,52.1401,11.0452,0.0,,12.8,13.3,0.266,13.4,0.196,1.64,icon_d2
2026-10-04,W1175,52.1491,11.06084,0.0,,13.3,13.3,0.266,13.4,0.196,1.66,icon_d2
2026-10-04,W0098,52.1581,11.1043,0.0,,13.6,13.3,0.266,13.4,0.196,1.65,icon_d2
2026-10-04,W1176,52.1491,11.11997,0.0,,13.7,13.3,0.266,13.4,0.196,1.64,icon_d2
2026-10-04,W1177,52.1491,11.14953,0.0,,13.8,13.3,0.266,13.4,0.196,1.62,icon_d2
2026-10-04,W1585,52.16712,10.11478,0.0,,13.2,12.9,0.293,12.9,0.225,1.74,icon_d2
2026-10-04,W1178,52.16712,10.14435,0.0,,13.4,12.9,0.293,12.9,0.225,1.74,icon_d2
2026-10-04,W1179,52.16712,10.17391,0.0,,13.2,12.9,0.293,12.9,0.225,1.71,icon_d2
2026-10-04,W0099,52.1761,10.2182,0.0,,12.8,13.3,0.293,13.2,0.186,1.71,icon_d2
2026-10-04,W1180,52.16712,10.23304,0.0,,12.6,13.3,0.293,13.2,0.186,1.68,icon_d2
2026-10-04,W1181,52.16712,10.2626,0.0,,12.5,13.3,0.293,13.2,0.186,1.68,icon_d2
2026-10-04,W1182,52.16712,10.29217,0.0,,13.4,13.2,0.265,13.2,0.191,1.69,icon_d2
2026-10-04,W1183,52.16712,10.32173,0.0,,13.5,13.2,0.265,13.2,0.191,1.69,icon_d2
2026-10-04,W0100,52.1761,10.3658,0.0,,13.0,13.2,0.265,13.2,0.191,1.7,icon_d2
2026-10-04,W1184,52.16712,10.38086,0.0,,13.1,13.2,0.272,13.4,0.176,1.7,icon_d2
2026-10-04,W0101,52.1761,10.4249,0.0,,13.4,13.4,0.251,13.7,0.149,1.65,icon_d2
2026-10-04,W0102,52.1761,10.4545,0.0,,12.9,13.4,0.251,13.7,0.149,1.67,icon_d2
2026-10-04,W0103,52.1761,10.484,0.0,,13.0,13.4,0.251,13.7,0.149,1.68,icon_d2
2026-10-04,W1185,52.16712,10.49912,0.0,,13.4,13.4,0.251,13.7,0.149,1.67,icon_d2
2026-10-04,W0104,52.1761,10.5431,0.0,,13.2,12.9,0.275,13.2,0.183,1.68,icon_d2
2026-10-04,W1186,52.16712,10.55825,0.0,,12.7,12.9,0.275,13.2,0.183,1.68,icon_d2
2026-10-04,W1187,52.16712,10.58781,0.0,,12.6,12.9,0.275,13.2,0.183,1.67,icon_d2
2026-10-04,W1188,52.16712,10.61737,0.0,,13.3,13.2,0.252,13.4,0.166,1.68,icon_d2
2026-10-04,W1189,52.16712,10.64694,0.0,,13.7,13.2,0.252,13.4,0.166,1.7,icon_d2
2026-10-04,W1586,52.16712,10.6765,0.0,,13.4,13.2,0.252,13.4,0.166,1.7,icon_d2
2026-10-04,W1190,52.16712,10.70607,0.0,,13.4,13.2,0.278,13.6,0.203,1.69,icon_d2
2026-10-04,W1587,52.16712,10.73563,0.0,,13.8,13.2,0.278,13.6,0.203,1.73,icon_d2
2026-10-04,W0105,52.1761,10.7794,0.0,,13.9,13.1,0.248,13.5,0.155,1.75,icon_d2
2026-10-04,W0106,52.1761,10.8089,0.0,,13.8,13.1,0.248,13.5,0.155,1.74,icon_d2
2026-10-04,W0107,52.1761,10.8384,0.0,,13.6,13.1,0.248,13.5,0.155,1.7,icon_d2
2026-10-04,W0108,52.1761,10.868,0.0,,13.8,13.1,0.248,13.5,0.155,1.69,icon_d2
2026-10-04,W0109,52.1761,10.8975,0.0,,13.5,13.1,0.245,13.2,0.175,1.67,icon_d2
2026-10-04,W0110,52.1761,10.9271,0.0,,13.9,13.3,0.237,13.4,0.15,1.68,icon_d2
2026-10-04,W0111,52.1761,10.9566,0.0,,13.2,13.3,0.237,13.4,0.15,1.57,icon_d2
2026-10-04,W0112,52.1761,10.9861,0.0,,12.7,13.3,0.237,13.4,0.15,1.56,icon_d2
2026-10-04,W0113,52.1761,11.0157,0.0,,12.5,13.3,0.237,13.4,0.15,1.56,icon_d2
2026-10-04,W0114,52.1761,11.0452,0.0,,13.1,13.3,0.266,13.4,0.196,1.66,icon_d2
2026-10-04,W1191,52.16712,11.06084,0.0,,13.6,13.3,0.266,13.4,0.196,1.67,icon_d2
2026-10-04,W0115,52.1761,11.1043,0.0,,13.7,13.2,0.246,13.2,0.149,1.64,icon_d2
2026-10-04,W1192,52.16712,11.11997,0.0,,13.7,13.2,0.246,13.2,0.149,1.65,icon_d2
2026-10-04,W1193,52.16712,11.14953,0.0,,13.9,13.2,0.246,13.2,0.149,1.65,icon_d2
2026-10-04,W0116,52.1941,10.1,0.0,,12.8,12.9,0.293,12.9,0.225,1.72,icon_d2
2026-10-04,W1194,52.18514,10.14435,0.0,,12.9,12.9,0.293,12.9,0.225,1.72,icon_d2
2026-10-04,W1588,52.18514,10.17391,0.0,,13.2,12.9,0.293,12.9,0.225,1.73,icon_d2
2026-10-04,W1195,52.18514,10.20347,0.0,,13.1,12.9,0.293,12.9,0.225,1.73,icon_d2
2026-10-04,W1196,52.18514,10.23304,0.0,,13.1,13.2,0.265,13.2,0.191,1.7,icon_d2
2026-10-04,W1197,52.18514,10.2626,0.0,,12.6,13.2,0.265,13.2,0.191,1.69,icon_d2
2026-10-04,W0117,52.1941,10.3068,0.0,,12.7,13.2,0.265,13.2,0.191,1.72,icon_d2
2026-10-04,W0118,52.1941,10.3363,0.0,,13.1,13.2,0.265,13.2,0.191,1.71,icon_d2
2026-10-04,W1198,52.18514,10.3513,0.0,,13.1,13.2,0.265,13.2,0.191,1.71,icon_d2
2026-10-04,W1199,52.18514,10.38086,0.0,,13.2,13.4,0.251,13.7,0.149,1.7,icon_d2
2026-10-04,W1200,52.18514,10.41042,0.0,,13.4,13.4,0.251,13.7,0.149,1.65,icon_d2
2026-10-04,W1201,52.18514,10.43999,0.0,,13.6,13.4,0.251,13.7,0.149,1.69,icon_d2
2026-10-04,W1202,52.18514,10.46955,0.0,,13.0,13.4,0.251,13.7,0.149,1.68,icon_d2
2026-10-04,W1203,52.18514,10.49912,0.0,,13.1,13.4,0.251,13.7,0.149,1.67,icon_d2
2026-10-04,W0119,52.1941,10.5431,0.0,,13.1,13.4,0.251,13.7,0.149,1.67,icon_d2
2026-10-04,W1204,52.18514,10.55825,0.0,,12.9,13.2,0.252,13.4,0.166,1.66,icon_d2
2026-10-04,W1205,52.18514,10.58781,0.0,,13.1,13.2,0.252,13.4,0.166,1.69,icon_d2
2026-10-04,W0120,52.1941,10.6317,0.0,,13.1,13.2,0.252,13.4,0.166,1.68,icon_d2
2026-10-04,W1206,52.18514,10.64694,0.0,,12.7,13.2,0.252,13.4,0.166,1.67,icon_d2
2026-10-04,W0121,52.1941,10.6908,0.0,,14.2,13.2,0.252,13.4,0.166,1.73,icon_d2
2026-10-04,W0122,52.1941,10.7203,0.0,,14.2,13.1,0.248,13.5,0.155,1.72,icon_d2
2026-10-04,W0123,52.1941,10.7498,0.0,,13.3,11.9,0.248,12.3,0.155,1.72,icon_d2
2026-10-04,W0124,52.1941,10.7794,0.0,,13.7,12.3,0.248,12.7,0.155,1.73,icon_d2
2026-10-04,W0125,52.1941,10.8089,0.0,,13.4,12.2,0.248,12.6,0.155,1.75,icon_d2
2026-10-04,W0126,52.1941,10.8384,0.0,,14.0,13.1,0.248,13.5,0.155,1.79,icon_d2
2026-10-04,W0127,52.1941,10.868,0.0,,13.7,13.1,0.248,13.5,0.155,1.71,icon_d2
2026-10-04,W1589,52.18514,10.88345,0.0,,14.2,13.3,0.237,13.4,0.15,1.7,icon_d2
2026-10-04,W0128,52.1941,10.9271,0.0,,13.0,13.3,0.237,13.4,0.15,1.66,icon_d2
2026-10-04,W0129,52.1941,10.9566,0.0,,12.3,13.3,0.237,13.4,0.15,1.68,icon_d2
2026-10-04,W1590,52.18514,10.97214,0.0,,12.2,13.3,0.237,13.4,0.15,1.55,icon_d2
2026-10-04,W1207,52.18514,11.00171,0.0,,12.3,13.3,0.237,13.4,0.15,1.56,icon_d2
2026-10-04,W0130,52.1941,11.0452,0.0,,12.8,13.2,0.246,13.2,0.149,1.75,icon_d2
2026-10-04,W0131,52.1941,11.0747,0.0,,13.5,13.2,0.246,13.2,0.149,1.66,icon_d2
2026-10-04,W0132,52.1941,11.1043,0.0,,13.8,13.2,0.246,13.2,0.149,1.67,icon_d2
2026-10-04,W1208,52.18514,11.11997,0.0,,13.8,13.2,0.246,13.2,0.149,1.67,icon_d2
2026-10-04,W1209,52.18514,11.14953,0.0,,13.9,13.2,0.246,13.2,0.149,1.64,icon_d2
2026-10-04,W1210,52.20315,10.11478,0.0,,12.8,12.9,0.293,12.9,0.225,1.72,icon_d2
2026-10-04,W1211,52.20315,10.14435,0.0,,12.9,12.9,0.293,12.9,0.225,1.72,icon_d2
2026-10-04,W1212,52.20315,10.17391,0.0,,13.0,12.9,0.293,12.9,0.225,1.75,icon_d2
2026-10-04,W1591,52.20315,10.20347,0.0,,13.1,12.9,0.293,12.9,0.225,1.75,icon_d2
2026-10-04,W1213,52.20315,10.23304,0.0,,13.1,13.2,0.265,13.2,0.191,1.73,icon_d2
2026-10-04,W1214,52.20315,10.2626,0.0,,13.1,13.2,0.265,13.2,0.191,1.73,icon_d2
2026-10-04,W1215,52.20315,10.29217,0.0,,12.7,13.2,0.265,13.2,0.191,1.72,icon_d2
2026-10-04,W1216,52.20315,10.32173,0.0,,12.7,13.2,0.265,13.2,0.191,1.71,icon_d2
2026-10-04,W1217,52.20315,10.3513,0.0,,13.1,13.2,0.265,13.2,0.191,1.71,icon_d2
2026-10-04,W1218,52.20315,10.38086,0.0,,13.2,13.4,0.251,13.7,0.149,1.72,icon_d2
2026-10-04,W1219,52.20315,10.41042,0.0,,13.2,13.4,0.251,13.7,0.149,1.69,icon_d2
2026-10-04,W1220,52.20315,10.43999,0.0,,13.6,13.4,0.251,13.7,0.149,1.69,icon_d2
2026-10-04,W1221,52.20315,10.46955,0.0,,13.2,13.4,0.251,13.7,0.149,1.68,icon_d2
2026-10-04,W1222,52.20315,10.49912,0.0,,13.2,13.4,0.251,13.7,0.149,1.67,icon_d2
2026-10-04,W1223,52.20315,10.52868,0.0,,12.9,13.4,0.251,13.7,0.149,1.66,icon_d2
2026-10-04,W1224,52.20315,10.55825,0.0,,13.2,13.2,0.252,13.4,0.166,1.67,icon_d2
2026-10-04,W1225,52.20315,10.58781,0.0,,13.0,13.2,0.252,13.4,0.166,1.67,icon_d2
2026-10-04,W1226,52.20315,10.61737,0.0,,12.8,13.2,0.252,13.4,0.166,1.67,icon_d2
2026-10-04,W1227,52.20315,10.64694,0.0,,13.0,13.2,0.252,13.4,0.166,1.68,icon_d2
2026-10-04,W1228,52.20315,10.6765,0.0,,13.8,13.2,0.252,13.4,0.166,1.72,icon_d2
2026-10-04,W1229,52.20315,10.70607,0.0,,14.1,13.2,0.252,13.4,0.166,1.73,icon_d2
2026-10-04,W1592,52.20315,10.73563,0.0,,13.5,12.2,0.248,12.6,0.155,1.7,icon_d2
2026-10-04,W1230,52.20315,10.76519,0.0,,13.6,12.2,0.248,12.6,0.155,1.73,icon_d2
2026-10-04,W1593,52.20315,10.79476,0.0,,13.3,12.1,0.248,12.5,0.155,1.75,icon_d2
2026-10-04,W1594,52.20315,10.82432,0.0,,13.5,12.3,0.248,12.8,0.155,1.76,icon_d2
2026-10-04,W1595,52.20315,10.85389,0.0,,13.7,13.1,0.248,13.5,0.155,1.7,icon_d2
2026-10-04,W1231,52.20315,10.88345,0.0,,14.0,13.3,0.237,13.4,0.15,1.72,icon_d2
2026-10-04,W1232,52.20315,10.91302,0.0,,13.0,13.3,0.237,13.4,0.15,1.66,icon_d2
2026-10-04,W1233,52.20315,10.94258,0.0,,12.3,13.3,0.237,13.4,0.15,1.73,icon_d2
2026-10-04,W1234,52.20315,10.97214,0.0,,11.7,13.3,0.237,13.4,0.15,1.7,icon_d2
2026-10-04,W1235,52.20315,11.00171,0.0,,12.3,13.3,0.237,13.4,0.15,1.7,icon_d2
2026-10-04,W1236,52.20315,11.03127,0.0,,12.9,13.3,0.237,13.4,0.15,1.75,icon_d2
2026-10-04,W1237,52.20315,11.06084,0.0,,12.9,13.2,0.246,13.2,0.149,1.67,icon_d2
2026-10-04,W1238,52.20315,11.0904,0.0,,13.6,13.2,0.246,13.2,0.149,1.67,icon_d2
2026-10-04,W1239,52.20315,11.11997,0.0,,14.1,13.2,0.246,13.2,0.149,1.69,icon_d2
2026-10-04,W1240,52.20315,11.14953,0.0,,13.9,13.2,0.246,13.2,0.149,1.71,icon_d2
2026-10-04,W1596,52.22117,10.11478,0.0,,12.7,12.9,0.293,12.9,0.225,1.73,icon_d2
2026-10-04,W1241,52.22117,10.14435,0.0,,12.7,12.9,0.293,12.9,0.225,1.72,icon_d2
2026-10-04,W1597,52.22117,10.17391,0.0,,12.7,12.9,0.293,12.9,0.225,1.74,icon_d2
2026-10-04,W1242,52.22117,10.20347,0.0,,12.8,13.1,0.28,13.1,0.223,1.74,icon_d2
2026-10-04,W1243,52.22117,10.23304,0.0,,13.0,13.2,0.265,13.2,0.191,1.75,icon_d2
2026-10-04,W1244,52.22117,10.2626,0.0,,13.0,13.2,0.265,13.2,0.191,1.75,icon_d2
2026-10-04,W1245,52.22117,10.29217,0.0,,12.9,13.2,0.265,13.2,0.191,1.74,icon_d2
2026-10-04,W0133,52.2122,10.3363,0.0,,12.8,13.2,0.265,13.2,0.191,1.74,icon_d2
2026-10-04,W1246,52.22117,10.3513,0.0,,13.0,12.9,0.244,12.9,0.164,1.71,icon_d2
2026-10-04,W1247,52.22117,10.38086,0.0,,13.1,12.9,0.244,12.9,0.164,1.72,icon_d2
2026-10-04,W1248,52.22117,10.41042,0.0,,13.4,13.4,0.251,13.7,0.149,1.7,icon_d2
2026-10-04,W1249,52.22117,10.43999,0.0,,13.2,13.4,0.251,13.7,0.149,1.69,icon_d2
2026-10-04,W1250,52.22117,10.46955,0.0,,13.2,13.4,0.251,13.7,0.149,1.69,icon_d2
2026-10-04,W1251,52.22117,10.49912,0.0,,13.0,13.4,0.251,13.7,0.149,1.67,icon_d2
2026-10-04,W0134,52.2122,10.5431,0.0,,13.0,13.7,0.224,13.9,0.149,1.64,icon_d2
2026-10-04,W0135,52.2122,10.5726,0.0,,12.7,13.2,0.252,13.4,0.166,1.66,icon_d2
2026-10-04,W0136,52.2122,10.6021,0.0,,12.9,13.2,0.252,13.4,0.166,1.67,icon_d2
2026-10-04,W1252,52.22117,10.61737,0.0,,12.9,13.2,0.252,13.4,0.166,1.65,icon_d2
2026-10-04,W1253,52.22117,10.64694,0.0,,12.7,13.2,0.252,13.4,0.166,1.64,icon_d2
2026-10-04,W1254,52.22117,10.6765,0.0,,13.9,13.4,0.235,13.5,0.155,1.7,icon_d2
2026-10-04,W0137,52.2122,10.7203,0.0,,13.4,12.3,0.248,12.7,0.155,1.68,icon_d2
2026-10-04,W0138,52.2122,10.7498,0.0,,13.6,13.1,0.248,13.5,0.155,1.69,icon_d2
2026-10-04,W0139,52.2122,10.7794,0.0,,13.2,12.0,0.248,12.4,0.155,1.72,icon_d2
2026-10-04,W0140,52.2122,10.8089,0.0,,13.6,12.2,0.248,12.6,0.155,1.76,icon_d2
2026-10-04,W0141,52.2122,10.8384,0.0,,13.6,13.1,0.248,13.5,0.155,1.76,icon_d2
2026-10-04,W1598,52.22117,10.85389,0.0,,14.2,13.3,0.23,13.3,0.148,1.78,icon_d2
2026-10-04,W0142,52.2122,10.8975,0.0,,11.9,13.3,0.237,13.4,0.15,1.68,icon_d2
2026-10-04,W0143,52.2122,10.9271,0.0,,12.3,13.3,0.237,13.4,0.15,1.76,icon_d2
2026-10-04,W0144,52.2122,10.9566,0.0,,12.1,13.3,0.237,13.4,0.15,1.74,icon_d2
2026-10-04,W0145,52.2122,10.9861,0.0,,12.3,13.3,0.237,13.4,0.15,1.75,icon_d2
2026-10-04,W0146,52.2122,11.0157,0.0,,13.8,13.3,0.237,13.4,0.15,1.78,icon_d2
2026-10-04,W0147,52.2122,11.0452,0.0,,12.9,13.2,0.246,13.2,0.149,1.73,icon_d2
2026-10-04,W0148,52.2122,11.0747,0.0,,13.4,13.2,0.246,13.2,0.149,1.67,icon_d2
2026-10-04,W0149,52.2122,11.1043,0.0,,13.8,13.2,0.246,13.2,0.149,1.74,icon_d2
2026-10-04,W0150,52.2122,11.1338,0.0,,13.3,13.2,0.246,13.2,0.149,1.7,icon_d2
2026-10-04,W1255,52.22117,11.14953,0.0,,13.0,13.2,0.246,13.2,0.149,1.69,icon_d2
2026-10-04,W1256,52.23919,10.11478,0.0,,12.7,13.1,0.28,13.1,0.223,1.7,icon_d2
2026-10-04,W1257,52.23919,10.14435,0.0,,12.8,13.1,0.28,13.1,0.223,1.72,icon_d2
2026-10-04,W1258,52.23919,10.17391,0.0,,12.6,13.1,0.28,13.1,0.223,1.74,icon_d2
2026-10-04,W1259,52.23919,10.20347,0.0,,12.7,13.1,0.28,13.1,0.223,1.75,icon_d2
2026-10-04,W1260,52.23919,10.23304,0.0,,12.7,13.2,0.265,13.2,0.191,1.74,icon_d2
2026-10-04,W1261,52.23919,10.2626,0.0,,12.9,13.2,0.265,13.2,0.191,1.74,icon_d2
2026-10-04,W1262,52.23919,10.29217,0.0,,13.0,12.9,0.244,12.9,0.164,1.74,icon_d2
2026-10-04,W1263,52.23919,10.32173,0.0,,13.0,12.9,0.244,12.9,0.164,1.75,icon_d2
2026-10-04,W1264,52.23919,10.3513,0.0,,12.7,12.9,0.244,12.9,0.164,1.74,icon_d2
2026-10-04,W1265,52.23919,10.38086,0.0,,12.7,12.9,0.244,12.9,0.164,1.73,icon_d2
2026-10-04,W1266,52.23919,10.41042,0.0,,13.1,13.4,0.251,13.7,0.149,1.71,icon_d2
2026-10-04,W1267,52.23919,10.43999,0.0,,13.0,13.4,0.251,13.7,0.149,1.69,icon_d2
2026-10-04,W1268,52.23919,10.46955,0.0,,13.0,13.7,0.224,13.9,0.149,1.69,icon_d2
2026-10-04,W1269,52.23919,10.49912,0.0,,13.0,13.7,0.224,13.9,0.149,1.67,icon_d2
2026-10-04,W0151,52.2302,10.5431,0.0,,13.0,13.7,0.224,13.9,0.149,1.65,icon_d2
2026-10-04,W0152,52.2302,10.5726,0.0,,13.1,13.2,0.252,13.4,0.166,1.68,icon_d2
2026-10-04,W0153,52.2302,10.6021,0.0,,12.9,13.2,0.252,13.4,0.166,1.66,icon_d2
2026-10-04,W0154,52.2302,10.6317,0.0,,13.2,13.2,0.252,13.4,0.166,1.65,icon_d2
2026-10-04,W0155,52.2302,10.6612,0.0,,13.4,13.4,0.235,13.5,0.155,1.66,icon_d2
2026-10-04,W1270,52.23919,10.6765,0.0,,13.4,13.4,0.235,13.5,0.155,1.66,icon_d2
2026-10-04,W0156,52.2302,10.7203,0.0,,13.9,13.1,0.248,13.5,0.155,1.7,icon_d2
2026-10-04,W0157,52.2302,10.7498,0.0,,13.5,12.4,0.248,12.8,0.155,1.72,icon_d2
2026-10-04,W0158,52.2302,10.7794,0.0,,13.2,12.2,0.248,12.6,0.155,1.75,icon_d2
2026-10-04,W0159,52.2302,10.8089,0.0,,13.9,13.1,0.248,13.5,0.155,1.78,icon_d2
2026-10-04,W0160,52.2302,10.8384,0.0,,13.8,13.3,0.23,13.3,0.148,1.79,icon_d2
2026-10-04,W1271,52.23919,10.85389,0.0,,13.8,13.3,0.23,13.3,0.148,1.78,icon_d2
2026-10-04,W1272,52.23919,10.88345,0.0,,12.3,13.3,0.23,13.3,0.148,1.74,icon_d2
2026-10-04,W1273,52.23919,10.91302,0.0,,12.4,13.3,0.237,13.4,0.15,1.76,icon_d2
2026-10-04,W1274,52.23919,10.94258,0.0,,12.3,13.3,0.237,13.4,0.15,1.76,icon_d2
2026-10-04,W1275,52.23919,10.97214,0.0,,12.9,13.1,0.245,13.1,0.153,1.74,icon_d2
2026-10-04,W0161,52.2302,11.0157,0.0,,13.4,13.1,0.245,13.1,0.153,1.72,icon_d2
2026-10-04,W0162,52.2302,11.0452,0.0,,13.1,13.1,0.245,13.1,0.153,1.68,icon_d2
2026-10-04,W0163,52.2302,11.0747,0.0,,13.2,13.2,0.246,13.2,0.149,1.68,icon_d2
2026-10-04,W0164,52.2302,11.1043,0.0,,13.5,13.2,0.246,13.2,0.149,1.7,icon_d2
2026-10-04,W1276,52.23919,11.11997,0.0,,12.9,13.0,0.246,12.9,0.145,1.7,icon_d2
2026-10-04,W1277,52.23919,11.14953,0.0,,13.1,13.0,0.246,12.9,0.145,1.67,icon_d2
2026-10-04,W1278,52.25721,10.11478,0.0,,13.0,13.1,0.28,13.1,0.223,1.69,icon_d2
2026-10-04,W0165,52.2482,10.1591,0.0,,12.6,13.1,0.28,13.1,0.223,1.72,icon_d2
2026-10-04,W0181,52.2662,10.1886,0.0,,13.0,13.1,0.28,13.1,0.223,1.72,icon_d2
2026-10-04,W1279,52.25721,10.20347,0.0,,13.1,13.1,0.28,13.1,0.223,1.73,icon_d2
2026-10-04,W0182,52.2662,10.2477,0.0,,13.2,12.9,0.244,12.9,0.164,1.75,icon_d2
2026-10-04,W0183,52.2662,10.2772,0.0,,12.9,12.9,0.244,12.9,0.164,1.75,icon_d2
2026-10-04,W0184,52.2662,10.3068,0.0,,13.0,12.9,0.244,12.9,0.164,1.76,icon_d2
2026-10-04,W1280,52.25721,10.32173,0.0,,12.8,12.9,0.244,12.9,0.164,1.74,icon_d2
2026-10-04,W1281,52.25721,10.3513,0.0,,12.7,12.9,0.244,12.9,0.164,1.74,icon_d2
2026-10-04,W1282,52.25721,10.38086,0.0,,12.5,12.9,0.244,12.9,0.164,1.73,icon_d2
2026-10-04,W1283,52.25721,10.41042,0.0,,13.1,13.7,0.224,13.9,0.149,1.71,icon_d2
2026-10-04,W0166,52.2482,10.4545,0.0,,12.9,13.7,0.224,13.9,0.149,1.69,icon_d2
2026-10-04,W1285,52.25721,10.46955,0.0,,13.1,13.7,0.224,13.9,0.149,1.71,icon_d2
2026-10-04,W0167,52.2482,10.5135,0.0,,13.2,13.7,0.224,13.9,0.149,1.68,icon_d2
2026-10-04,W1287,52.25721,10.52868,0.0,,13.6,13.7,0.224,13.9,0.149,1.69,icon_d2
2026-10-04,W1288,52.25721,10.55825,0.0,,13.4,13.7,0.224,13.9,0.149,1.71,icon_d2
2026-10-04,W0185,52.2662,10.6021,0.0,,12.9,13.4,0.235,13.5,0.155,1.68,icon_d2
2026-10-04,W0186,52.2662,10.6317,0.0,,13.4,13.4,0.235,13.5,0.155,1.65,icon_d2
2026-10-04,W0187,52.2662,10.6612,0.0,,13.1,13.4,0.235,13.5,0.155,1.65,icon_d2
2026-10-04,W0170,52.2482,10.6908,0.0,,14.3,13.4,0.235,13.5,0.155,1.72,icon_d2
2026-10-04,W0188,52.2662,10.7203,0.0,,13.9,13.4,0.235,13.5,0.155,1.72,icon_d2
2026-10-04,W0171,52.2482,10.7498,0.0,,13.9,13.3,0.23,13.3,0.148,1.74,icon_d2
2026-10-04,W0172,52.2482,10.7794,0.0,,13.8,13.3,0.23,13.3,0.148,1.78,icon_d2
2026-10-04,W0173,52.2482,10.8089,0.0,,14.5,13.3,0.23,13.3,0.148,1.81,icon_d2
2026-10-04,W1293,52.25721,10.82432,0.0,,12.7,13.3,0.23,13.3,0.148,1.72,icon_d2
2026-10-04,W0189,52.2662,10.868,0.0,,11.7,13.3,0.23,13.3,0.148,1.73,icon_d2
2026-10-04,W0190,52.2662,10.8975,0.0,,11.4,13.1,0.245,13.1,0.153,1.75,icon_d2
2026-10-04,W1294,52.25721,10.91302,0.0,,11.7,13.1,0.245,13.1,0.153,1.75,icon_d2
2026-10-04,W0191,52.2662,10.9566,0.0,,12.3,13.1,0.245,13.1,0.153,1.75,icon_d2
2026-10-04,W0192,52.2662,10.9861,0.0,,12.5,13.1,0.245,13.1,0.153,1.73,icon_d2
2026-10-04,W0193,52.2662,11.0157,0.0,,13.0,13.1,0.245,13.1,0.153,1.71,icon_d2
2026-10-04,W0194,52.2662,11.0452,0.0,,13.3,13.1,0.245,13.1,0.153,1.68,icon_d2
2026-10-04,W0195,52.2662,11.0747,0.0,,13.3,13.0,0.246,12.9,0.145,1.68,icon_d2
2026-10-04,W0196,52.2662,11.1043,0.0,,12.9,13.0,0.246,12.9,0.145,1.69,icon_d2
2026-10-04,W0197,52.2662,11.1338,0.0,,12.8,13.0,0.246,12.9,0.145,1.62,icon_d2
2026-10-04,W1606,52.25721,11.14953,0.0,,12.8,13.0,0.246,12.9,0.145,1.62,icon_d2
2026-10-04,W0198,52.2842,10.1,0.0,,13.3,13.1,0.28,13.1,0.223,1.67,icon_d2
2026-10-04,W1295,52.27523,10.14435,0.0,,13.2,13.1,0.28,13.1,0.223,1.72,icon_d2
2026-10-04,W0199,52.2842,10.1886,0.0,,13.0,13.1,0.28,13.1,0.223,1.71,icon_d2
2026-10-04,W1296,52.27523,10.20347,0.0,,13.0,13.1,0.28,13.1,0.223,1.72,icon_d2
2026-10-04,W0200,52.2842,10.2477,0.0,,13.2,12.9,0.244,12.9,0.164,1.74,icon_d2
2026-10-04,W1297,52.27523,10.2626,0.0,,12.8,12.9,0.244,12.9,0.164,1.74,icon_d2
2026-10-04,W1298,52.27523,10.29217,0.0,,13.0,12.9,0.244,12.9,0.164,1.75,icon_d2
2026-10-04,W0201,52.2842,10.3363,0.0,,12.8,12.9,0.244,12.9,0.164,1.75,icon_d2
2026-10-04,W0202,52.2842,10.3658,0.0,,12.7,12.9,0.244,12.9,0.164,1.74,icon_d2
2026-10-04,W0203,52.2842,10.3954,0.0,,12.7,12.6,0.255,12.4,0.213,1.72,icon_d2
2026-10-04,W1299,52.27523,10.41042,0.0,,12.8,13.7,0.224,13.9,0.149,1.72,icon_d2
2026-10-04,W0204,52.2842,10.4545,0.0,,13.1,13.7,0.224,13.9,0.149,1.7,icon_d2
2026-10-04,W1300,52.27523,10.46955,0.0,,13.2,13.7,0.224,13.9,0.149,1.7,icon_d2
2026-10-04,W0205,52.2842,10.5135,0.0,,13.9,13.7,0.224,13.9,0.149,1.71,icon_d2
2026-10-04,W0206,52.2842,10.5431,0.0,,13.6,13.7,0.224,13.9,0.149,1.72,icon_d2
2026-10-04,W0207,52.2842,10.5726,0.0,,13.3,13.4,0.235,13.5,0.155,1.72,icon_d2
2026-10-04,W0208,52.2842,10.6021,0.0,,12.9,13.4,0.235,13.5,0.155,1.69,icon_d2
2026-10-04,W0209,52.2842,10.6317,0.0,,12.8,13.4,0.235,13.5,0.155,1.67,icon_d2
2026-10-04,W1301,52.27523,10.64694,0.0,,12.9,13.4,0.235,13.5,0.155,1.68,icon_d2
2026-10-04,W1302,52.27523,10.6765,0.0,,13.2,13.4,0.235,13.5,0.155,1.67,icon_d2
2026-10-04,W0210,52.2842,10.7203,0.0,,13.5,13.4,0.235,13.5,0.155,1.66,icon_d2
2026-10-04,W1303,52.27523,10.73563,0.0,,13.3,13.3,0.23,13.3,0.148,1.65,icon_d2
2026-10-04,W1304,52.27523,10.76519,0.0,,13.3,13.3,0.23,13.3,0.148,1.7,icon_d2
2026-10-04,W0211,52.2842,10.8089,0.0,,12.0,13.3,0.23,13.3,0.148,1.69,icon_d2
2026-10-04,W0212,52.2842,10.8384,0.0,,12.7,13.3,0.23,13.3,0.148,1.7,icon_d2
2026-10-04,W0213,52.2842,10.868,0.0,,11.8,13.3,0.23,13.3,0.148,1.7,icon_d2
2026-10-04,W0214,52.2842,10.8975,0.0,,12.4,13.2,0.241,13.0,0.187,1.73,icon_d2
2026-10-04,W1305,52.27523,10.91302,0.0,,12.1,13.1,0.245,13.1,0.153,1.74,icon_d2
2026-10-04,W1306,52.27523,10.94258,0.0,,12.4,13.1,0.245,13.1,0.153,1.76,icon_d2
2026-10-04,W1307,52.27523,10.97214,0.0,,13.0,13.1,0.245,13.1,0.153,1.74,icon_d2
2026-10-04,W0215,52.2842,11.0157,0.0,,13.0,13.1,0.245,13.1,0.153,1.69,icon_d2
2026-10-04,W0216,52.2842,11.0452,0.0,,13.4,13.1,0.245,13.1,0.153,1.71,icon_d2
2026-10-04,W0217,52.2842,11.0747,0.0,,12.8,13.0,0.246,12.9,0.145,1.71,icon_d2
2026-10-04,W0218,52.2842,11.1043,0.0,,12.9,13.0,0.246,12.9,0.145,1.71,icon_d2
2026-10-04,W0219,52.2842,11.1338,0.0,,13.5,13.0,0.246,12.9,0.145,1.7,icon_d2
2026-10-04,W1308,52.27523,11.14953,0.0,,13.2,13.0,0.246,12.9,0.145,1.7,icon_d2
2026-10-04,W1309,52.29324,10.11478,0.0,,13.3,13.1,0.28,13.1,0.223,1.71,icon_d2
2026-10-04,W1310,52.29324,10.14435,0.0,,13.3,13.1,0.28,13.1,0.223,1.71,icon_d2
2026-10-04,W1311,52.29324,10.17391,0.0,,13.0,13.1,0.28,13.1,0.223,1.68,icon_d2
2026-10-04,W1312,52.29324,10.20347,0.0,,13.1,13.1,0.259,13.0,0.181,1.69,icon_d2
2026-10-04,W1313,52.29324,10.23304,0.0,,12.9,13.1,0.259,13.0,0.181,1.69,icon_d2
2026-10-04,W1314,52.29324,10.2626,0.0,,12.9,12.9,0.244,12.9,0.164,1.72,icon_d2
2026-10-04,W1315,52.29324,10.29217,0.0,,13.1,12.9,0.244,12.9,0.164,1.72,icon_d2
2026-10-04,W1316,52.29324,10.32173,0.0,,13.0,12.9,0.244,12.9,0.164,1.73,icon_d2
2026-10-04,W1317,52.29324,10.3513,0.0,,12.7,12.9,0.244,12.9,0.164,1.72,icon_d2
2026-10-04,W1318,52.29324,10.38086,0.0,,12.8,12.6,0.255,12.4,0.213,1.72,icon_d2
2026-10-04,W1319,52.29324,10.41042,0.0,,12.8,13.7,0.224,13.9,0.149,1.7,icon_d2
2026-10-04,W1320,52.29324,10.43999,0.0,,12.9,13.7,0.224,13.9,0.149,1.69,icon_d2
2026-10-04,W1321,52.29324,10.46955,0.0,,12.9,13.7,0.224,13.9,0.149,1.69,icon_d2
2026-10-04,W1322,52.29324,10.49912,0.0,,13.3,13.7,0.224,13.9,0.149,1.69,icon_d2
2026-10-04,W1323,52.29324,10.52868,0.0,,13.4,13.5,0.236,13.5,0.189,1.7,icon_d2
2026-10-04,W1324,52.29324,10.55825,0.0,,13.1,13.5,0.236,13.5,0.189,1.7,icon_d2
2026-10-04,W1325,52.29324,10.58781,0.0,,13.1,13.4,0.235,13.5,0.155,1.7,icon_d2
2026-10-04,W1326,52.29324,10.61737,0.0,,12.9,13.4,0.235,13.5,0.155,1.69,icon_d2
2026-10-04,W1327,52.29324,10.64694,0.0,,12.8,13.4,0.235,13.5,0.155,1.68,icon_d2
2026-10-04,W1328,52.29324,10.6765,0.0,,12.9,13.4,0.235,13.5,0.155,1.68,icon_d2
2026-10-04,W1329,52.29324,10.70607,0.0,,12.6,13.4,0.245,13.4,0.19,1.66,icon_d2
2026-10-04,W1330,52.29324,10.73563,0.0,,13.0,13.4,0.245,13.4,0.19,1.67,icon_d2
2026-10-04,W1331,52.29324,10.76519,0.0,,13.0,13.3,0.23,13.3,0.148,1.67,icon_d2
2026-10-04,W1332,52.29324,10.79476,0.0,,12.2,13.3,0.23,13.3,0.148,1.69,icon_d2
2026-10-04,W1333,52.29324,10.82432,0.0,,12.2,13.3,0.23,13.3,0.148,1.69,icon_d2
2026-10-04,W1334,52.29324,10.85389,0.0,,12.6,13.3,0.23,13.3,0.148,1.71,icon_d2
2026-10-04,W1335,52.29324,10.88345,0.0,,12.6,13.2,0.241,13.0,0.187,1.74,icon_d2
2026-10-04,W1336,52.29324,10.91302,0.0,,12.6,13.1,0.245,13.1,0.153,1.74,icon_d2
2026-10-04,W1337,52.29324,10.94258,0.0,,12.6,13.1,0.245,13.1,0.153,1.74,icon_d2
2026-10-04,W1338,52.29324,10.97214,0.0,,12.9,13.1,0.245,13.1,0.153,1.71,icon_d2
2026-10-04,W1339,52.29324,11.00171,0.0,,12.7,13.1,0.245,13.1,0.153,1.71,icon_d2
2026-10-04,W1340,52.29324,11.03127,0.0,,13.0,13.2,0.253,12.9,0.198,1.71,icon_d2
2026-10-04,W1341,52.29324,11.06084,0.0,,13.2,13.2,0.253,12.9,0.198,1.72,icon_d2
2026-10-04,W1342,52.29324,11.0904,0.0,,12.8,13.0,0.246,12.9,0.145,1.71,icon_d2
2026-10-04,W1343,52.29324,11.11997,0.0,,12.9,13.0,0.246,12.9,0.145,1.71,icon_d2
2026-10-04,W1344,52.29324,11.14953,0.0,,13.4,13.0,0.246,12.9,0.145,1.71,icon_d2
2026-10-04,W1345,52.31126,10.11478,0.0,,13.3,13.1,0.28,13.1,0.223,1.71,icon_d2
2026-10-04,W1346,52.31126,10.14435,0.0,,13.3,13.1,0.259,13.0,0.181,1.72,icon_d2
2026-10-04,W0220,52.3023,10.1886,0.0,,13.1,13.1,0.259,13.0,0.181,1.69,icon_d2
2026-10-04,W1347,52.31126,10.20347,0.0,,12.9,13.1,0.259,13.0,0.181,1.68,icon_d2
2026-10-04,W1348,52.31126,10.23304,0.0,,13.3,13.1,0.259,13.0,0.181,1.73,icon_d2
2026-10-04,W0221,52.3023,10.2772,0.0,,13.0,12.9,0.244,12.9,0.164,1.73,icon_d2
2026-10-04,W0222,52.3023,10.3068,0.0,,13.0,12.9,0.244,12.9,0.164,1.72,icon_d2
2026-10-04,W0223,52.3023,10.3363,0.0,,12.6,12.6,0.255,12.4,0.213,1.72,icon_d2
2026-10-04,W0224,52.3023,10.3658,0.0,,12.8,12.6,0.255,12.4,0.213,1.72,icon_d2
2026-10-04,W1349,52.31126,10.38086,0.0,,13.0,12.6,0.255,12.4,0.213,1.72,icon_d2
2026-10-04,W0225,52.3023,10.4249,0.0,,12.8,13.7,0.224,13.9,0.149,1.7,icon_d2
2026-10-04,W1350,52.31126,10.43999,0.0,,13.0,13.7,0.224,13.9,0.149,1.7,icon_d2
2026-10-04,W1351,52.31126,10.46955,0.0,,13.0,13.5,0.236,13.5,0.189,1.71,icon_d2
2026-10-04,W1352,52.31126,10.49912,0.0,,13.4,13.5,0.236,13.5,0.189,1.71,icon_d2
2026-10-04,W0226,52.3023,10.5431,0.0,,13.4,13.5,0.236,13.5,0.189,1.7,icon_d2
2026-10-04,W0227,52.3023,10.5726,0.0,,13.1,13.5,0.236,13.5,0.189,1.7,icon_d2
2026-10-04,W1353,52.31126,10.58781,0.0,,13.1,13.4,0.235,13.5,0.155,1.71,icon_d2
2026-10-04,W0228,52.3023,10.6317,0.0,,12.9,13.4,0.235,13.5,0.155,1.69,icon_d2
2026-10-04,W0229,52.3023,10.6612,0.0,,12.8,13.4,0.245,13.4,0.19,1.69,icon_d2
2026-10-04,W0230,52.3023,10.6908,0.0,,12.4,13.4,0.245,13.4,0.19,1.65,icon_d2
2026-10-04,W0231,52.3023,10.7203,0.0,,12.5,13.4,0.245,13.4,0.19,1.66,icon_d2
2026-10-04,W1354,52.31126,10.73563,0.0,,12.7,13.4,0.245,13.4,0.19,1.71,icon_d2
2026-10-04,W1355,52.31126,10.76519,0.0,,12.7,13.3,0.23,13.3,0.148,1.7,icon_d2
2026-10-04,W0232,52.3023,10.8089,0.0,,12.2,13.3,0.23,13.3,0.148,1.69,icon_d2
2026-10-04,W0233,52.3023,10.8384,0.0,,12.6,13.2,0.241,13.0,0.187,1.71,icon_d2
2026-10-04,W0234,52.3023,10.868,0.0,,12.5,13.2,0.241,13.0,0.187,1.7,icon_d2
2026-10-04,W0235,52.3023,10.8975,0.0,,12.7,13.2,0.241,13.0,0.187,1.74,icon_d2
2026-10-04,W0236,52.3023,10.9271,0.0,,12.4,13.1,0.245,13.1,0.153,1.74,icon_d2
2026-10-04,W1356,52.31126,10.94258,0.0,,12.6,13.1,0.245,13.1,0.153,1.73,icon_d2
2026-10-04,W0237,52.3023,10.9861,0.0,,12.8,13.1,0.245,13.1,0.153,1.71,icon_d2
2026-10-04,W0238,52.3023,11.0157,0.0,,13.2,13.2,0.253,12.9,0.198,1.73,icon_d2
2026-10-04,W0239,52.3023,11.0452,0.0,,13.4,13.2,0.253,12.9,0.198,1.72,icon_d2
2026-10-04,W0240,52.3023,11.0747,0.0,,13.1,13.0,0.246,12.9,0.145,1.71,icon_d2
2026-10-04,W0241,52.3023,11.1043,0.0,,13.1,13.0,0.246,12.9,0.145,1.72,icon_d2
2026-10-04,W0242,52.3023,11.1338,0.0,,13.3,13.0,0.246,12.9,0.145,1.71,icon_d2
2026-10-04,W1357,52.31126,11.14953,0.0,,13.3,13.5,0.239,13.4,0.149,1.72,icon_d2
2026-10-04,W1358,52.32928,10.11478,0.0,,13.3,13.1,0.259,13.0,0.181,1.71,icon_d2
2026-10-04,W1359,52.32928,10.14435,0.0,,13.3,13.1,0.259,13.0,0.181,1.72,icon_d2
2026-10-04,W1360,52.32928,10.17391,0.0,,13.3,13.1,0.259,13.0,0.181,1.71,icon_d2
2026-10-04,W0243,52.3203,10.2182,0.0,,12.9,13.1,0.259,13.0,0.181,1.68,icon_d2
2026-10-04,W1361,52.32928,10.23304,0.0,,13.3,13.1,0.259,13.0,0.181,1.73,icon_d2
2026-10-04,W1362,52.32928,10.2626,0.0,,13.3,12.6,0.255,12.4,0.213,1.72,icon_d2
2026-10-04,W0244,52.3203,10.3068,0.0,,12.9,12.6,0.255,12.4,0.213,1.7,icon_d2
2026-10-04,W0245,52.3203,10.3363,0.0,,13.0,12.6,0.255,12.4,0.213,1.72,icon_d2
2026-10-04,W1363,52.32928,10.3513,0.0,,13.0,12.6,0.255,12.4,0.213,1.72,icon_d2
2026-10-04,W1364,52.32928,10.38086,0.0,,13.0,12.6,0.255,12.4,0.213,1.72,icon_d2
2026-10-04,W1365,52.32928,10.41042,0.0,,13.0,12.6,0.255,12.4,0.213,1.71,icon_d2
2026-10-04,W1366,52.32928,10.43999,0.0,,13.0,13.5,0.236,13.5,0.189,1.7,icon_d2
2026-10-04,W1367,52.32928,10.46955,0.0,,13.0,13.5,0.236,13.5,0.189,1.71,icon_d2
2026-10-04,W1368,52.32928,10.49912,0.0,,13.4,13.5,0.236,13.5,0.189,1.71,icon_d2
2026-10-04,W1369,52.32928,10.52868,0.0,,13.5,13.5,0.236,13.5,0.189,1.71,icon_d2
2026-10-04,W0246,52.3203,10.5726,0.0,,13.1,13.5,0.236,13.5,0.189,1.71,icon_d2
2026-10-04,W0247,52.3203,10.6021,0.0,,13.0,13.4,0.245,13.4,0.19,1.73,icon_d2
2026-10-04,W0248,52.3203,10.6317,0.0,,12.9,13.4,0.245,13.4,0.19,1.73,icon_d2
2026-10-04,W0249,52.3203,10.6612,0.0,,12.7,13.4,0.245,13.4,0.19,1.72,icon_d2
2026-10-04,W0250,52.3203,10.6908,0.0,,12.6,13.4,0.245,13.4,0.19,1.7,icon_d2
2026-10-04,W0251,52.3203,10.7203,0.0,,12.4,13.4,0.245,13.4,0.19,1.69,icon_d2
2026-10-04,W0252,52.3203,10.7498,0.0,,12.7,13.3,0.23,13.3,0.148,1.71,icon_d2
2026-10-04,W1370,52.32928,10.76519,0.0,,12.9,13.2,0.241,13.0,0.187,1.7,icon_d2
2026-10-04,W1371,52.32928,10.79476,0.0,,12.1,13.2,0.241,13.0,0.187,1.69,icon_d2
2026-10-04,W0253,52.3203,10.8384,0.0,,12.3,13.2,0.241,13.0,0.187,1.7,icon_d2
2026-10-04,W0254,52.3203,10.868,0.0,,12.5,13.2,0.241,13.0,0.187,1.73,icon_d2
2026-10-04,W1372,52.32928,10.88345,0.0,,12.4,13.2,0.241,13.0,0.187,1.73,icon_d2
2026-10-04,W0255,52.3203,10.9271,0.0,,12.5,13.1,0.245,13.1,0.153,1.72,icon_d2
2026-10-04,W0256,52.3203,10.9566,0.0,,12.8,13.2,0.253,12.9,0.198,1.75,icon_d2
2026-10-04,W0257,52.3203,10.9861,0.0,,13.1,13.2,0.253,12.9,0.198,1.75,icon_d2
2026-10-04,W1373,52.32928,11.00171,0.0,,13.2,13.2,0.253,12.9,0.198,1.77,icon_d2
2026-10-04,W0258,52.3203,11.0452,0.0,,12.7,13.2,0.253,12.9,0.198,1.73,icon_d2
2026-10-04,W1374,52.32928,11.06084,0.0,,12.8,13.2,0.253,12.9,0.198,1.74,icon_d2
2026-10-04,W1375,52.32928,11.0904,0.0,,13.0,13.5,0.239,13.4,0.149,1.74,icon_d2
2026-10-04,W1376,52.32928,11.11997,0.0,,13.1,13.5,0.239,13.4,0.149,1.73,icon_d2
2026-10-04,W1377,52.32928,11.14953,0.0,,13.4,13.5,0.239,13.4,0.149,1.72,icon_d2
2026-10-04,W0260,52.3383,10.1295,0.0,,13.3,13.1,0.259,13.0,0.181,1.69,icon_d2
2026-10-04,W1378,52.3473,10.14435,0.0,,13.4,13.1,0.259,13.0,0.181,1.69,icon_d2
2026-10-04,W1379,52.3473,10.17391,0.0,,13.5,13.1,0.259,13.0,0.181,1.69,icon_d2
2026-10-04,W1380,52.3473,10.20347,0.0,,13.5,13.1,0.259,13.0,0.181,1.69,icon_d2
2026-10-04,W1381,52.3473,10.23304,0.0,,13.6,13.1,0.259,13.0,0.181,1.72,icon_d2
2026-10-04,W0281,52.3563,10.2772,0.0,,13.3,12.6,0.255,12.4,0.213,1.68,icon_d2
2026-10-04,W0282,52.3563,10.3068,0.0,,13.1,12.6,0.255,12.4,0.213,1.67,icon_d2
2026-10-04,W0261,52.3383,10.3363,0.0,,12.9,12.6,0.255,12.4,0.213,1.7,icon_d2
2026-10-04,W0262,52.3383,10.3658,0.0,,13.0,12.6,0.255,12.4,0.213,1.71,icon_d2
2026-10-04,W1382,52.3473,10.38086,0.0,,13.0,12.6,0.255,12.4,0.213,1.73,icon_d2
2026-10-04,W0285,52.3563,10.4249,0.0,,13.1,13.5,0.236,13.5,0.189,1.72,icon_d2
2026-10-04,W1383,52.3473,10.43999,0.0,,13.1,13.5,0.236,13.5,0.189,1.73,icon_d2
2026-10-04,W0263,52.3383,10.484,0.0,,12.9,13.5,0.236,13.5,0.189,1.72,icon_d2
2026-10-04,W0264,52.3383,10.5135,0.0,,13.3,13.5,0.236,13.5,0.189,1.71,icon_d2
2026-10-04,W1384,52.3473,10.52868,0.0,,13.2,13.5,0.236,13.5,0.189,1.71,icon_d2
2026-10-04,W0265,52.3383,10.5726,0.0,,12.9,13.5,0.236,13.5,0.189,1.73,icon_d2
2026-10-04,W0266,52.3383,10.6021,0.0,,12.7,13.4,0.245,13.4,0.19,1.73,icon_d2
2026-10-04,W0267,52.3383,10.6317,0.0,,12.8,13.4,0.245,13.4,0.19,1.72,icon_d2
2026-10-04,W0268,52.3383,10.6612,0.0,,12.9,13.4,0.245,13.4,0.19,1.72,icon_d2
2026-10-04,W0269,52.3383,10.6908,0.0,,12.5,13.4,0.245,13.4,0.19,1.73,icon_d2
2026-10-04,W0270,52.3383,10.7203,0.0,,12.3,13.4,0.245,13.4,0.19,1.72,icon_d2
2026-10-04,W0271,52.3383,10.7498,0.0,,12.7,13.4,0.245,13.4,0.19,1.73,icon_d2
2026-10-04,W1385,52.3473,10.76519,0.0,,12.5,13.2,0.241,13.0,0.187,1.74,icon_d2
2026-10-04,W0293,52.3563,10.8089,0.0,,13.0,13.2,0.241,13.0,0.187,1.77,icon_d2
2026-10-04,W0294,52.3563,10.8384,0.0,,13.0,13.2,0.241,13.0,0.187,1.78,icon_d2
2026-10-04,W0272,52.3383,10.868,0.0,,12.7,13.2,0.241,13.0,0.187,1.74,icon_d2
2026-10-04,W0273,52.3383,10.8975,0.0,,12.9,13.2,0.241,13.0,0.187,1.76,icon_d2
2026-10-04,W0274,52.3383,10.9271,0.0,,13.1,13.2,0.253,12.9,0.198,1.76,icon_d2
2026-10-04,W0275,52.3383,10.9566,0.0,,13.3,13.2,0.253,12.9,0.198,1.8,icon_d2
2026-10-04,W0276,52.3383,10.9861,0.0,,13.0,13.2,0.253,12.9,0.198,1.78,icon_d2
2026-10-04,W0297,52.3563,11.0157,0.0,,12.8,13.2,0.253,12.9,0.198,1.75,icon_d2
2026-10-04,W0298,52.3563,11.0452,0.0,,12.8,13.2,0.253,12.9,0.198,1.75,icon_d2
2026-10-04,W0299,52.3563,11.0747,0.0,,12.4,13.8,0.24,13.9,0.165,1.73,icon_d2
2026-10-04,W0277,52.3383,11.1043,0.0,,12.7,13.5,0.239,13.4,0.149,1.74,icon_d2
2026-10-04,W0278,52.3383,11.1338,0.0,,13.4,13.5,0.239,13.4,0.149,1.73,icon_d2
2026-10-04,W1386,52.3473,11.14953,0.0,,13.3,13.5,0.239,13.4,0.149,1.72,icon_d2
2026-10-04,W0302,52.3743,10.1,0.0,,13.1,13.1,0.259,13.0,0.181,1.67,icon_d2
2026-10-04,W1387,52.36532,10.14435,0.0,,13.4,13.1,0.259,13.0,0.181,1.67,icon_d2
2026-10-04,W0303,52.3743,10.1886,0.0,,12.9,12.6,0.292,12.4,0.222,1.64,icon_d2
2026-10-04,W1388,52.36532,10.20347,0.0,,13.2,12.6,0.292,12.4,0.222,1.66,icon_d2
2026-10-04,W1389,52.36532,10.23304,0.0,,13.5,12.6,0.292,12.4,0.222,1.7,icon_d2
2026-10-04,W1390,52.36532,10.2626,0.0,,13.2,12.6,0.255,12.4,0.213,1.68,icon_d2
2026-10-04,W0304,52.3743,10.3068,0.0,,13.1,12.6,0.255,12.4,0.213,1.65,icon_d2
2026-10-04,W0305,52.3743,10.3363,0.0,,13.0,12.6,0.255,12.4,0.213,1.67,icon_d2
2026-10-04,W0306,52.3743,10.3658,0.0,,13.1,12.5,0.284,12.4,0.238,1.67,icon_d2
2026-10-04,W0307,52.3743,10.3954,0.0,,13.0,12.5,0.284,12.4,0.238,1.71,icon_d2
2026-10-04,W0308,52.3743,10.4249,0.0,,13.2,12.5,0.284,12.4,0.238,1.71,icon_d2
2026-10-04,W1391,52.36532,10.43999,0.0,,13.2,13.5,0.236,13.5,0.189,1.71,icon_d2
2026-10-04,W1392,52.36532,10.46955,0.0,,13.2,13.5,0.236,13.5,0.189,1.73,icon_d2
2026-10-04,W0309,52.3743,10.5135,0.0,,13.3,13.1,0.259,13.0,0.205,1.74,icon_d2
2026-10-04,W1393,52.36532,10.52868,0.0,,13.1,13.5,0.236,13.5,0.189,1.71,icon_d2
2026-10-04,W0310,52.3743,10.5726,0.0,,13.2,13.1,0.259,13.0,0.205,1.76,icon_d2
2026-10-04,W1394,52.36532,10.58781,0.0,,13.3,13.1,0.259,13.0,0.205,1.76,icon_d2
2026-10-04,W1395,52.36532,10.61737,0.0,,13.1,13.4,0.245,13.4,0.19,1.75,icon_d2
2026-10-04,W0311,52.3743,10.6612,0.0,,13.2,13.4,0.245,13.4,0.19,1.76,icon_d2
2026-10-04,W0312,52.3743,10.6908,0.0,,12.8,13.7,0.246,13.8,0.164,1.73,icon_d2
2026-10-04,W0313,52.3743,10.7203,0.0,,12.6,13.7,0.246,13.8,0.164,1.73,icon_d2
2026-10-04,W0314,52.3743,10.7498,0.0,,12.7,13.7,0.246,13.8,0.164,1.75,icon_d2
2026-10-04,W0315,52.3743,10.7794,0.0,,12.9,13.2,0.241,13.0,0.187,1.78,icon_d2
2026-10-04,W0316,52.3743,10.8089,0.0,,12.9,13.2,0.241,13.0,0.187,1.77,icon_d2
2026-10-04,W0317,52.3743,10.8384,0.0,,13.4,14.0,0.243,14.3,0.16,1.81,icon_d2
2026-10-04,W0318,52.3743,10.868,0.0,,13.3,14.0,0.243,14.3,0.16,1.81,icon_d2
2026-10-04,W0319,52.3743,10.8975,0.0,,13.5,14.0,0.243,14.3,0.16,1.82,icon_d2
2026-10-04,W1396,52.36532,10.91302,0.0,,13.4,14.0,0.243,14.3,0.16,1.8,icon_d2
2026-10-04,W1397,52.36532,10.94258,0.0,,13.5,13.2,0.253,12.9,0.198,1.79,icon_d2
2026-10-04,W0320,52.3743,10.9861,0.0,,13.2,13.2,0.253,12.9,0.198,1.79,icon_d2
2026-10-04,W0321,52.3743,11.0157,0.0,,12.6,13.8,0.24,13.9,0.165,1.75,icon_d2
2026-10-04,W0322,52.3743,11.0452,0.0,,12.9,13.8,0.24,13.9,0.165,1.75,icon_d2
2026-10-04,W0323,52.3743,11.0747,0.0,,12.6,13.8,0.24,13.9,0.165,1.73,icon_d2
2026-10-04,W1607,52.36532,11.0904,0.0,,12.8,13.5,0.239,13.4,0.149,1.74,icon_d2
2026-10-04,W1398,52.36532,11.11997,0.0,,13.3,13.5,0.239,13.4,0.149,1.74,icon_d2
2026-10-04,W1399,52.36532,11.14953,0.0,,13.2,13.5,0.239,13.4,0.149,1.74,icon_d2
2026-10-04,W1400,52.38333,10.11478,0.0,,13.0,13.1,0.259,13.0,0.181,1.65,icon_d2
2026-10-04,W1401,52.38333,10.14435,0.0,,13.0,12.6,0.292,12.4,0.222,1.65,icon_d2
2026-10-04,W1402,52.38333,10.17391,0.0,,13.0,12.6,0.292,12.4,0.222,1.64,icon_d2
2026-10-04,W0324,52.3923,10.2182,0.0,,12.9,12.6,0.292,12.4,0.222,1.66,icon_d2
2026-10-04,W0325,52.3923,10.2477,0.0,,13.2,12.6,0.292,12.4,0.222,1.66,icon_d2
2026-10-04,W1403,52.38333,10.2626,0.0,,13.1,12.6,0.292,12.4,0.222,1.66,icon_d2
2026-10-04,W1404,52.38333,10.29217,0.0,,13.2,12.6,0.255,12.4,0.213,1.65,icon_d2
2026-10-04,W0326,52.3923,10.3363,0.0,,13.0,12.5,0.284,12.4,0.238,1.67,icon_d2
2026-10-04,W0327,52.3923,10.3658,0.0,,12.9,12.5,0.284,12.4,0.238,1.67,icon_d2
2026-10-04,W0328,52.3923,10.3954,0.0,,12.9,12.5,0.284,12.4,0.238,1.69,icon_d2
2026-10-04,W1405,52.38333,10.41042,0.0,,13.3,12.5,0.284,12.4,0.238,1.71,icon_d2
2026-10-04,W0329,52.3923,10.4545,0.0,,13.1,13.1,0.259,13.0,0.205,1.7,icon_d2
2026-10-04,W0330,52.3923,10.484,0.0,,13.2,13.1,0.259,13.0,0.205,1.7,icon_d2
2026-10-04,W0331,52.3923,10.5135,0.0,,13.1,13.1,0.259,13.0,0.205,1.73,icon_d2
2026-10-04,W1406,52.38333,10.52868,0.0,,13.3,13.1,0.259,13.0,0.205,1.74,icon_d2
2026-10-04,W1407,52.38333,10.55825,0.0,,13.2,13.1,0.259,13.0,0.205,1.74,icon_d2
2026-10-04,W0332,52.3923,10.6021,0.0,,13.3,13.1,0.259,13.0,0.205,1.76,icon_d2
2026-10-04,W1408,52.38333,10.61737,0.0,,13.3,13.4,0.245,13.4,0.19,1.76,icon_d2
2026-10-04,W0333,52.3923,10.6612,0.0,,13.2,13.7,0.246,13.8,0.164,1.76,icon_d2
2026-10-04,W0334,52.3923,10.6908,0.0,,13.2,13.7,0.246,13.8,0.164,1.74,icon_d2
2026-10-04,W0335,52.3923,10.7203,0.0,,13.0,13.7,0.246,13.8,0.164,1.75,icon_d2
2026-10-04,W0336,52.3923,10.7498,0.0,,13.0,13.7,0.246,13.8,0.164,1.75,icon_d2
2026-10-04,W0337,52.3923,10.7794,0.0,,12.8,14.0,0.243,14.3,0.16,1.74,icon_d2
2026-10-04,W0338,52.3923,10.8089,0.0,,12.9,14.0,0.243,14.3,0.16,1.74,icon_d2
2026-10-04,W1409,52.38333,10.82432,0.0,,13.1,14.0,0.243,14.3,0.16,1.78,icon_d2
2026-10-04,W0339,52.3923,10.868,0.0,,13.0,14.0,0.243,14.3,0.16,1.77,icon_d2
2026-10-04,W0340,52.3923,10.8975,0.0,,12.9,14.0,0.243,14.3,0.16,1.73,icon_d2
2026-10-04,W1410,52.38333,10.91302,0.0,,13.4,14.0,0.243,14.3,0.16,1.79,icon_d2
2026-10-04,W1411,52.38333,10.94258,0.0,,13.3,13.2,0.253,12.9,0.198,1.79,icon_d2
2026-10-04,W1412,52.38333,10.97214,0.0,,13.2,13.2,0.253,12.9,0.198,1.79,icon_d2
2026-10-04,W0341,52.3923,11.0157,0.0,,12.7,13.8,0.24,13.9,0.165,1.74,icon_d2
2026-10-04,W0342,52.3923,11.0452,0.0,,12.6,13.8,0.24,13.9,0.165,1.71,icon_d2
2026-10-04,W0343,52.3923,11.0747,0.0,,12.3,13.8,0.24,13.9,0.165,1.7,icon_d2
2026-10-04,W1413,52.38333,11.0904,0.0,,12.6,13.8,0.24,13.9,0.165,1.71,icon_d2
2026-10-04,W1414,52.38333,11.11997,0.0,,12.6,13.5,0.239,13.4,0.149,1.72,icon_d2
2026-10-04,W1415,52.38333,11.14953,0.0,,13.1,13.8,0.257,14.0,0.142,1.71,icon_d2
2026-10-04,W1416,52.40135,10.11478,0.0,,13.0,12.6,0.292,12.4,0.222,1.66,icon_d2
2026-10-04,W1417,52.40135,10.14435,0.0,,12.9,12.6,0.292,12.4,0.222,1.65,icon_d2
2026-10-04,W1418,52.40135,10.17391,0.0,,12.9,12.6,0.292,12.4,0.222,1.65,icon_d2
2026-10-04,W1419,52.40135,10.20347,0.0,,12.9,12.6,0.292,12.4,0.222,1.66,icon_d2
2026-10-04,W1420,52.40135,10.23304,0.0,,13.0,12.6,0.292,12.4,0.222,1.66,icon_d2
2026-10-04,W1421,52.40135,10.2626,0.0,,13.2,12.6,0.292,12.4,0.222,1.66,icon_d2
2026-10-04,W1422,52.40135,10.29217,0.0,,13.1,12.5,0.284,12.4,0.238,1.66,icon_d2
2026-10-04,W1423,52.40135,10.32173,0.0,,13.0,12.5,0.284,12.4,0.238,1.67,icon_d2
2026-10-04,W1424,52.40135,10.3513,0.0,,12.9,12.5,0.284,12.4,0.238,1.67,icon_d2
2026-10-04,W1425,52.40135,10.38086,0.0,,13.0,12.5,0.284,12.4,0.238,1.68,icon_d2
2026-10-04,W1426,52.40135,10.41042,0.0,,13.0,12.5,0.284,12.4,0.238,1.68,icon_d2
2026-10-04,W1427,52.40135,10.43999,0.0,,13.0,13.1,0.259,13.0,0.205,1.69,icon_d2
2026-10-04,W1428,52.40135,10.46955,0.0,,13.2,13.1,0.259,13.0,0.205,1.7,icon_d2
2026-10-04,W1429,52.40135,10.49912,0.0,,13.2,13.1,0.259,13.0,0.205,1.73,icon_d2
2026-10-04,W1430,52.40135,10.52868,0.0,,13.1,13.1,0.259,13.0,0.205,1.73,icon_d2
2026-10-04,W1431,52.40135,10.55825,0.0,,13.1,13.1,0.259,13.0,0.205,1.75,icon_d2
2026-10-04,W1432,52.40135,10.58781,0.0,,13.1,13.1,0.259,13.0,0.205,1.75,icon_d2
2026-10-04,W1433,52.40135,10.61737,0.0,,13.2,13.7,0.246,13.8,0.164,1.76,icon_d2
2026-10-04,W1434,52.40135,10.64694,0.0,,13.2,13.7,0.246,13.8,0.164,1.75,icon_d2
2026-10-04,W1435,52.40135,10.6765,0.0,,13.1,13.7,0.246,13.8,0.164,1.74,icon_d2
2026-10-04,W1436,52.40135,10.70607,0.0,,13.0,13.7,0.246,13.8,0.164,1.73,icon_d2
2026-10-04,W1437,52.40135,10.73563,0.0,,12.9,13.7,0.246,13.8,0.164,1.74,icon_d2
2026-10-04,W1438,52.40135,10.76519,0.0,,12.7,13.7,0.246,13.8,0.164,1.74,icon_d2
2026-10-04,W1439,52.40135,10.79476,0.0,,12.8,14.0,0.243,14.3,0.16,1.74,icon_d2
2026-10-04,W1440,52.40135,10.82432,0.0,,13.5,14.0,0.243,14.3,0.16,1.8,icon_d2
2026-10-04,W1441,52.40135,10.85389,0.0,,13.0,14.0,0.243,14.3,0.16,1.77,icon_d2
2026-10-04,W1442,52.40135,10.88345,0.0,,12.8,14.0,0.243,14.3,0.16,1.76,icon_d2
2026-10-04,W1443,52.40135,10.91302,0.0,,13.3,14.0,0.243,14.3,0.16,1.77,icon_d2
2026-10-04,W1444,52.40135,10.94258,0.0,,13.4,13.8,0.24,13.9,0.165,1.77,icon_d2
2026-10-04,W1445,52.40135,10.97214,0.0,,13.0,13.8,0.24,13.9,0.165,1.78,icon_d2
2026-10-04,W1446,52.40135,11.00171,0.0,,12.6,13.8,0.24,13.9,0.165,1.76,icon_d2
2026-10-04,W1447,52.40135,11.03127,0.0,,12.5,13.8,0.24,13.9,0.165,1.71,icon_d2
2026-10-04,W1448,52.40135,11.06084,0.0,,12.5,13.8,0.24,13.9,0.165,1.71,icon_d2
2026-10-04,W1449,52.40135,11.0904,0.0,,12.4,13.8,0.24,13.9,0.165,1.71,icon_d2
2026-10-04,W1450,52.40135,11.11997,0.0,,12.6,13.8,0.257,14.0,0.142,1.7,icon_d2
2026-10-04,W1451,52.40135,11.14953,0.0,,12.6,13.8,0.257,14.0,0.142,1.7,icon_d2
2026-10-04,W0345,52.4104,10.1295,0.0,,13.0,12.6,0.292,12.4,0.222,1.69,icon_d2
2026-10-04,W1452,52.41937,10.14435,0.0,,13.0,12.6,0.292,12.4,0.222,1.69,icon_d2
2026-10-04,W0346,52.4104,10.1886,0.0,,12.9,12.6,0.292,12.4,0.222,1.67,icon_d2
2026-10-04,W0347,52.4104,10.2182,0.0,,13.1,12.6,0.292,12.4,0.222,1.66,icon_d2
2026-10-04,W0348,52.4104,10.2477,0.0,,13.0,12.6,0.292,12.4,0.222,1.66,icon_d2
2026-10-04,W0349,52.4104,10.2772,0.0,,13.1,12.5,0.284,12.4,0.238,1.67,icon_d2
2026-10-04,W1453,52.41937,10.29217,0.0,,13.0,12.5,0.284,12.4,0.238,1.67,icon_d2
2026-10-04,W0350,52.4104,10.3363,0.0,,13.0,12.5,0.284,12.4,0.238,1.67,icon_d2
2026-10-04,W0351,52.4104,10.3658,0.0,,12.6,12.5,0.284,12.4,0.238,1.68,icon_d2
2026-10-04,W1454,52.41937,10.38086,0.0,,12.9,12.5,0.284,12.4,0.238,1.68,icon_d2
2026-10-04,W0352,52.4104,10.4249,0.0,,12.9,12.5,0.284,12.4,0.238,1.67,icon_d2
2026-10-04,W0353,52.4104,10.4545,0.0,,13.0,13.1,0.259,13.0,0.205,1.69,icon_d2
2026-10-04,W0354,52.4104,10.484,0.0,,13.2,13.1,0.259,13.0,0.205,1.72,icon_d2
2026-10-04,W0355,52.4104,10.5135,0.0,,13.1,13.1,0.259,13.0,0.205,1.74,icon_d2
2026-10-04,W0356,52.4104,10.5431,0.0,,13.1,13.1,0.259,13.0,0.205,1.74,icon_d2
2026-10-04,W1455,52.41937,10.55825,0.0,,13.0,13.1,0.259,13.0,0.205,1.73,icon_d2
2026-10-04,W1456,52.41937,10.58781,0.0,,13.1,13.1,0.259,13.0,0.205,1.75,icon_d2
2026-10-04,W1457,52.41937,10.61737,0.0,,12.9,13.7,0.246,13.8,0.164,1.72,icon_d2
2026-10-04,W1458,52.41937,10.64694,0.0,,13.1,13.7,0.246,13.8,0.164,1.74,icon_d2
2026-10-04,W1459,52.41937,10.6765,0.0,,13.1,13.7,0.246,13.8,0.164,1.71,icon_d2
2026-10-04,W1460,52.41937,10.70607,0.0,,13.1,13.7,0.246,13.8,0.164,1.71,icon_d2
2026-10-04,W0357,52.4104,10.7498,0.0,,13.2,13.7,0.246,13.8,0.164,1.73,icon_d2
2026-10-04,W0358,52.4104,10.7794,0.0,,13.2,14.0,0.243,14.3,0.16,1.74,icon_d2
2026-10-04,W0359,52.4104,10.8089,0.0,,13.2,14.0,0.243,14.3,0.16,1.76,icon_d2
2026-10-04,W1461,52.41937,10.82432,0.0,,13.2,14.0,0.243,14.3,0.16,1.76,icon_d2
2026-10-04,W0360,52.4104,10.868,0.0,,13.2,14.0,0.243,14.3,0.16,1.78,icon_d2
2026-10-04,W0361,52.4104,10.8975,0.0,,12.7,14.0,0.243,14.3,0.16,1.73,icon_d2
2026-10-04,W0362,52.4104,10.9271,0.0,,12.7,14.0,0.243,14.3,0.16,1.73,icon_d2
2026-10-04,W0363,52.4104,10.9566,0.0,,12.4,13.8,0.24,13.9,0.165,1.72,icon_d2
2026-10-04,W1462,52.41937,10.97214,0.0,,12.6,13.8,0.24,13.9,0.165,1.75,icon_d2
2026-10-04,W1463,52.41937,11.00171,0.0,,12.4,13.8,0.24,13.9,0.165,1.72,icon_d2
2026-10-04,W0364,52.4104,11.0452,0.0,,12.3,13.8,0.24,13.9,0.165,1.67,icon_d2
2026-10-04,W1464,52.41937,11.06084,0.0,,12.4,13.8,0.24,13.9,0.165,1.68,icon_d2
2026-10-04,W1465,52.41937,11.0904,0.0,,12.4,13.8,0.24,13.9,0.165,1.69,icon_d2
2026-10-04,W1466,52.41937,11.11997,0.0,,12.2,13.8,0.257,14.0,0.142,1.68,icon_d2
2026-10-04,W1467,52.41937,11.14953,0.0,,12.2,13.8,0.257,14.0,0.142,1.68,icon_d2
2026-10-04,W0366,52.4284,10.1295,0.0,,12.9,12.6,0.292,12.4,0.222,1.69,icon_d2
2026-10-04,W0367,52.4284,10.1591,0.0,,12.9,12.6,0.292,12.4,0.222,1.66,icon_d2
2026-10-04,W0368,52.4284,10.1886,0.0,,12.9,12.6,0.292,12.4,0.222,1.67,icon_d2
2026-10-04,W0369,52.4284,10.2182,0.0,,13.1,12.6,0.292,12.4,0.222,1.66,icon_d2
2026-10-04,W0370,52.4284,10.2477,0.0,,13.1,12.6,0.292,12.4,0.222,1.66,icon_d2
2026-10-04,W0371,52.4284,10.2772,0.0,,13.1,12.5,0.284,12.4,0.238,1.68,icon_d2
2026-10-04,W0372,52.4284,10.3068,0.0,,13.1,12.5,0.284,12.4,0.238,1.68,icon_d2
2026-10-04,W0373,52.4284,10.3363,0.0,,12.9,12.5,0.284,12.4,0.238,1.67,icon_d2
2026-10-04,W0374,52.4284,10.3658,0.0,,12.7,12.5,0.284,12.4,0.238,1.69,icon_d2
2026-10-04,W1468,52.43739,10.38086,0.0,,12.8,12.5,0.284,12.4,0.238,1.68,icon_d2
2026-10-04,W1469,52.43739,10.41042,0.0,,13.0,12.7,0.288,12.8,0.215,1.69,icon_d2
2026-10-04,W0375,52.4284,10.4545,0.0,,13.1,13.1,0.259,13.0,0.205,1.7,icon_d2
2026-10-04,W0376,52.4284,10.484,0.0,,13.3,13.1,0.259,13.0,0.205,1.72,icon_d2
2026-10-04,W0377,52.4284,10.5135,0.0,,13.2,13.1,0.259,13.0,0.205,1.74,icon_d2
2026-10-04,W0378,52.4284,10.5431,0.0,,13.1,13.1,0.259,13.0,0.205,1.74,icon_d2
2026-10-04,W0379,52.4284,10.5726,0.0,,13.1,13.1,0.259,13.0,0.205,1.75,icon_d2
2026-10-04,W1470,52.43739,10.58781,0.0,,13.0,13.2,0.257,13.4,0.188,1.75,icon_d2
2026-10-04,W0380,52.4284,10.6317,0.0,,13.2,13.7,0.246,13.8,0.164,1.74,icon_d2
2026-10-04,W0381,52.4284,10.6612,0.0,,13.2,13.7,0.246,13.8,0.164,1.74,icon_d2
2026-10-04,W1471,52.43739,10.6765,0.0,,12.7,13.7,0.246,13.8,0.164,1.7,icon_d2
2026-10-04,W1472,52.43739,10.70607,0.0,,12.7,13.7,0.246,13.8,0.164,1.72,icon_d2
2026-10-04,W0382,52.4284,10.7498,0.0,,13.4,13.1,0.248,13.3,0.182,1.74,icon_d2
2026-10-04,W1473,52.43739,10.76519,0.0,,13.6,13.1,0.248,13.3,0.182,1.74,icon_d2
2026-10-04,W1474,52.43739,10.79476,0.0,,13.4,14.0,0.243,14.3,0.16,1.76,icon_d2
2026-10-04,W1475,52.43739,10.82432,0.0,,13.4,14.0,0.243,14.3,0.16,1.77,icon_d2
2026-10-04,W0383,52.4284,10.868,0.0,,13.4,14.0,0.243,14.3,0.16,1.79,icon_d2
2026-10-04,W0384,52.4284,10.8975,0.0,,12.9,14.0,0.243,14.3,0.16,1.73,icon_d2
2026-10-04,W0385,52.4284,10.9271,0.0,,13.0,13.5,0.237,13.9,0.158,1.74,icon_d2
2026-10-04,W0386,52.4284,10.9566,0.0,,12.6,13.8,0.24,13.9,0.165,1.73,icon_d2
2026-10-04,W1476,52.43739,10.97214,0.0,,12.7,13.8,0.24,13.9,0.165,1.73,icon_d2
2026-10-04,W0387,52.4284,11.0157,0.0,,12.4,13.8,0.24,13.9,0.165,1.7,icon_d2
2026-10-04,W0388,52.4284,11.0452,0.0,,12.4,13.8,0.24,13.9,0.165,1.68,icon_d2
2026-10-04,W1477,52.43739,11.06084,0.0,,12.6,13.3,0.288,13.5,0.239,1.68,icon_d2
2026-10-04,W1478,52.43739,11.0904,0.0,,12.3,13.3,0.288,13.5,0.239,1.65,icon_d2
2026-10-04,W0389,52.4284,11.1338,0.0,,12.2,13.8,0.257,14.0,0.142,1.68,icon_d2
2026-10-04,W1479,52.43739,11.14953,0.0,,12.3,13.8,0.257,14.0,0.142,1.63,icon_d2
2026-10-04,W0416,52.4644,10.1295,0.0,,12.9,12.5,0.202,12.5,0.137,1.73,icon_d2
2026-10-04,W0417,52.4644,10.1591,0.0,,12.9,12.5,0.202,12.5,0.137,1.71,icon_d2
2026-10-04,W0418,52.4644,10.1886,0.0,,12.9,12.5,0.202,12.5,0.137,1.73,icon_d2
2026-10-04,W0419,52.4644,10.2182,0.0,,12.8,12.5,0.202,12.5,0.137,1.72,icon_d2
2026-10-04,W0420,52.4644,10.2477,0.0,,12.8,12.5,0.202,12.5,0.137,1.7,icon_d2
2026-10-04,W0421,52.4644,10.2772,0.0,,12.9,12.5,0.202,12.5,0.137,1.69,icon_d2
2026-10-04,W0422,52.4644,10.3068,0.0,,12.8,12.7,0.288,12.8,0.215,1.67,icon_d2
2026-10-04,W0423,52.4644,10.3363,0.0,,12.8,12.7,0.288,12.8,0.215,1.67,icon_d2
2026-10-04,W0424,52.4644,10.3658,0.0,,12.8,12.7,0.288,12.8,0.215,1.67,icon_d2
2026-10-04,W0425,52.4644,10.3954,0.0,,12.5,12.7,0.288,12.8,0.215,1.67,icon_d2
2026-10-04,W0426,52.4644,10.4249,0.0,,12.6,12.7,0.288,12.8,0.215,1.69,icon_d2
2026-10-04,W0427,52.4644,10.4545,0.0,,12.4,12.7,0.288,12.8,0.215,1.71,icon_d2
2026-10-04,W0428,52.4644,10.484,0.0,,12.3,13.2,0.257,13.4,0.188,1.73,icon_d2
2026-10-04,W0429,52.4644,10.5135,0.0,,12.5,13.2,0.257,13.4,0.188,1.76,icon_d2
2026-10-04,W0430,52.4644,10.5431,0.0,,13.0,13.2,0.257,13.4,0.188,1.76,icon_d2
2026-10-04,W0431,52.4644,10.5726,0.0,,13.0,13.2,0.257,13.4,0.188,1.75,icon_d2
2026-10-04,W0432,52.4644,10.6021,0.0,,12.7,13.2,0.257,13.4,0.188,1.75,icon_d2
2026-10-04,W0433,52.4644,10.6317,0.0,,12.5,13.1,0.248,13.3,0.182,1.72,icon_d2
2026-10-04,W0434,52.4644,10.6612,0.0,,12.5,13.1,0.248,13.3,0.182,1.72,icon_d2
2026-10-04,W0435,52.4644,10.6908,0.0,,12.6,13.1,0.248,13.3,0.182,1.72,icon_d2
2026-10-04,W0408,52.4464,10.7203,0.0,,12.8,13.1,0.248,13.3,0.182,1.72,icon_d2
2026-10-04,W1481,52.45541,10.73563,0.0,,12.7,13.1,0.248,13.3,0.182,1.75,icon_d2
2026-10-04,W0436,52.4644,10.7794,0.0,,12.7,13.1,0.248,13.3,0.182,1.75,icon_d2
2026-10-04,W0437,52.4644,10.8089,0.0,,12.7,13.5,0.237,13.9,0.158,1.73,icon_d2
2026-10-04,W0438,52.4644,10.8384,0.0,,13.0,13.5,0.237,13.9,0.158,1.77,icon_d2
2026-10-04,W0439,52.4644,10.868,0.0,,13.1,13.5,0.237,13.9,0.158,1.77,icon_d2
2026-10-04,W0440,52.4644,10.8975,0.0,,12.6,13.5,0.237,13.9,0.158,1.75,icon_d2
2026-10-04,W0441,52.4644,10.9271,0.0,,12.5,13.5,0.237,13.9,0.158,1.75,icon_d2
2026-10-04,W0442,52.4644,10.9566,0.0,,12.6,13.5,0.237,13.9,0.158,1.74,icon_d2
2026-10-04,W1482,52.45541,10.97214,0.0,,12.6,13.8,0.24,13.9,0.165,1.74,icon_d2
2026-10-04,W1609,52.45541,11.00171,0.0,,12.7,13.3,0.288,13.5,0.239,1.71,icon_d2
2026-10-04,W0443,52.4644,11.0452,0.0,,12.5,13.3,0.288,13.5,0.239,1.68,icon_d2
2026-10-04,W1483,52.45541,11.06084,0.0,,12.7,13.3,0.288,13.5,0.239,1.68,icon_d2
2026-10-04,W0444,52.4644,11.1043,0.0,,12.4,13.3,0.288,13.5,0.239,1.63,icon_d2
2026-10-04,W0445,52.4644,11.1338,0.0,,12.5,13.6,0.253,13.9,0.202,1.61,icon_d2
2026-10-04,W1484,52.45541,11.14953,0.0,,12.5,13.8,0.257,14.0,0.142,1.61,icon_d2
2026-10-04,W0446,52.4824,10.1295,0.0,,12.9,12.5,0.202,12.5,0.137,1.74,icon_d2
2026-10-04,W0447,52.4824,10.1591,0.0,,12.9,12.5,0.202,12.5,0.137,1.71,icon_d2
2026-10-04,W0448,52.4824,10.1886,0.0,,12.7,12.5,0.202,12.5,0.137,1.71,icon_d2
2026-10-04,W1485,52.47342,10.20347,0.0,,12.8,12.5,0.202,12.5,0.137,1.72,icon_d2
2026-10-04,W0449,52.4824,10.2477,0.0,,12.7,12.5,0.202,12.5,0.137,1.68,icon_d2
2026-10-04,W0450,52.4824,10.2772,0.0,,12.7,12.5,0.202,12.5,0.137,1.67,icon_d2
2026-10-04,W0451,52.4824,10.3068,0.0,,12.7,12.7,0.288,12.8,0.215,1.66,icon_d2
2026-10-04,W1486,52.47342,10.32173,0.0,,12.7,12.7,0.288,12.8,0.215,1.65,icon_d2
2026-10-04,W1487,52.47342,10.3513,0.0,,12.8,12.7,0.288,12.8,0.215,1.66,icon_d2
2026-10-04,W0452,52.4824,10.3954,0.0,,12.5,12.7,0.288,12.8,0.215,1.67,icon_d2
2026-10-04,W0453,52.4824,10.4249,0.0,,12.4,12.7,0.288,12.8,0.215,1.67,icon_d2
2026-10-04,W0454,52.4824,10.4545,0.0,,12.5,12.7,0.288,12.8,0.215,1.71,icon_d2
2026-10-04,W0455,52.4824,10.484,0.0,,12.6,13.2,0.257,13.4,0.188,1.71,icon_d2
2026-10-04,W0456,52.4824,10.5135,0.0,,12.7,13.2,0.257,13.4,0.188,1.74,icon_d2
2026-10-04,W1488,52.47342,10.52868,0.0,,12.7,13.2,0.257,13.4,0.188,1.74,icon_d2
2026-10-04,W0457,52.4824,10.5726,0.0,,13.3,13.2,0.257,13.4,0.188,1.76,icon_d2
2026-10-04,W0458,52.4824,10.6021,0.0,,12.7,13.2,0.257,13.4,0.188,1.74,icon_d2
2026-10-04,W0459,52.4824,10.6317,0.0,,12.3,13.1,0.248,13.3,0.182,1.74,icon_d2
2026-10-04,W0460,52.4824,10.6612,0.0,,12.3,13.1,0.248,13.3,0.182,1.75,icon_d2
2026-10-04,W0461,52.4824,10.6908,0.0,,12.5,13.1,0.248,13.3,0.182,1.78,icon_d2
2026-10-04,W0462,52.4824,10.7203,0.0,,12.7,13.1,0.248,13.3,0.182,1.77,icon_d2
2026-10-04,W1489,52.47342,10.73563,0.0,,12.7,13.1,0.248,13.3,0.182,1.77,icon_d2
2026-10-04,W0463,52.4824,10.7794,0.0,,12.6,13.1,0.248,13.3,0.182,1.77,icon_d2
2026-10-04,W0464,52.4824,10.8089,0.0,,12.5,13.5,0.237,13.9,0.158,1.76,icon_d2
2026-10-04,W1490,52.47342,10.82432,0.0,,12.6,13.5,0.237,13.9,0.158,1.76,icon_d2
2026-10-04,W1491,52.47342,10.85389,0.0,,12.8,13.5,0.237,13.9,0.158,1.78,icon_d2
2026-10-04,W1492,52.47342,10.88345,0.0,,12.7,13.5,0.237,13.9,0.158,1.77,icon_d2
2026-10-04,W1493,52.47342,10.91302,0.0,,12.4,13.5,0.237,13.9,0.158,1.75,icon_d2
2026-10-04,W0465,52.4824,10.9566,0.0,,12.5,13.5,0.237,13.9,0.158,1.75,icon_d2
2026-10-04,W0466,52.4824,10.9861,0.0,,12.6,13.3,0.288,13.5,0.239,1.75,icon_d2
2026-10-04,W0467,52.4824,11.0157,0.0,,12.6,13.3,0.288,13.5,0.239,1.7,icon_d2
2026-10-04,W0468,52.4824,11.0452,0.0,,12.6,13.3,0.288,13.5,0.239,1.68,icon_d2
2026-10-04,W1494,52.47342,11.06084,0.0,,12.6,13.3,0.288,13.5,0.239,1.68,icon_d2
2026-10-04,W1495,52.47342,11.0904,0.0,,12.6,13.3,0.288,13.5,0.239,1.68,icon_d2
2026-10-04,W1496,52.47342,11.11997,0.0,,12.6,13.3,0.288,13.5,0.239,1.66,icon_d2
2026-10-04,W1497,52.47342,11.14953,0.0,,12.5,13.6,0.253,13.9,0.202,1.65,icon_d2
2026-10-04,W1498,52.49144,10.11478,0.0,,13.0,12.4,0.215,12.2,0.162,1.74,icon_d2
2026-10-04,W1499,52.49144,10.14435,0.0,,13.0,12.5,0.202,12.5,0.137,1.72,icon_d2
2026-10-04,W1500,52.49144,10.17391,0.0,,12.8,12.5,0.202,12.5,0.137,1.72,icon_d2
2026-10-04,W1501,52.49144,10.20347,0.0,,12.8,12.5,0.202,12.5,0.137,1.72,icon_d2
2026-10-04,W1502,52.49144,10.23304,0.0,,12.7,12.5,0.202,12.5,0.137,1.69,icon_d2
2026-10-04,W1503,52.49144,10.2626,0.0,,12.5,12.5,0.202,12.5,0.137,1.67,icon_d2
2026-10-04,W1504,52.49144,10.29217,0.0,,12.6,12.7,0.288,12.8,0.215,1.66,icon_d2
2026-10-04,W1505,52.49144,10.32173,0.0,,12.6,12.7,0.288,12.8,0.215,1.63,icon_d2
2026-10-04,W1506,52.49144,10.3513,0.0,,12.7,12.7,0.288,12.8,0.215,1.63,icon_d2
2026-10-04,W1507,52.49144,10.38086,0.0,,12.6,12.7,0.288,12.8,0.215,1.64,icon_d2
2026-10-04,W1508,52.49144,10.41042,0.0,,12.6,12.7,0.288,12.8,0.215,1.67,icon_d2
2026-10-04,W1509,52.49144,10.43999,0.0,,12.4,12.7,0.288,12.8,0.215,1.7,icon_d2
2026-10-04,W1510,52.49144,10.46955,0.0,,12.4,13.2,0.257,13.4,0.188,1.7,icon_d2
2026-10-04,W1511,52.49144,10.49912,0.0,,12.6,13.2,0.257,13.4,0.188,1.76,icon_d2
2026-10-04,W1512,52.49144,10.52868,0.0,,12.7,13.2,0.257,13.4,0.188,1.75,icon_d2
2026-10-04,W1513,52.49144,10.55825,0.0,,12.7,13.2,0.257,13.4,0.188,1.75,icon_d2
2026-10-04,W1514,52.49144,10.58781,0.0,,12.2,13.2,0.257,13.4,0.188,1.74,icon_d2
2026-10-04,W1515,52.49144,10.61737,0.0,,12.3,13.2,0.257,13.4,0.188,1.73,icon_d2
2026-10-04,W1516,52.49144,10.64694,0.0,,12.5,13.1,0.248,13.3,0.182,1.74,icon_d2
2026-10-04,W1517,52.49144,10.6765,0.0,,12.6,13.1,0.248,13.3,0.182,1.77,icon_d2
2026-10-04,W1518,52.49144,10.70607,0.0,,12.6,13.1,0.248,13.3,0.182,1.77,icon_d2
2026-10-04,W1519,52.49144,10.73563,0.0,,12.6,13.1,0.248,13.3,0.182,1.77,icon_d2
2026-10-04,W1520,52.49144,10.76519,0.0,,12.7,13.1,0.248,13.3,0.182,1.77,icon_d2
2026-10-04,W1521,52.49144,10.79476,0.0,,12.5,13.5,0.237,13.9,0.158,1.77,icon_d2
2026-10-04,W1522,52.49144,10.82432,0.0,,12.5,13.5,0.237,13.9,0.158,1.77,icon_d2
2026-10-04,W1523,52.49144,10.85389,0.0,,12.4,13.5,0.237,13.9,0.158,1.76,icon_d2
2026-10-04,W1524,52.49144,10.88345,0.0,,12.5,13.5,0.237,13.9,0.158,1.76,icon_d2
2026-10-04,W1525,52.49144,10.91302,0.0,,12.5,13.5,0.237,13.9,0.158,1.76,icon_d2
2026-10-04,W1526,52.49144,10.94258,0.0,,12.4,13.5,0.237,13.9,0.158,1.74,icon_d2
2026-10-04,W1527,52.49144,10.97214,0.0,,12.4,13.3,0.288,13.5,0.239,1.73,icon_d2
2026-10-04,W1528,52.49144,11.00171,0.0,,12.4,13.3,0.288,13.5,0.239,1.74,icon_d2
2026-10-04,W1529,52.49144,11.03127,0.0,,12.6,13.3,0.288,13.5,0.239,1.72,icon_d2
2026-10-04,W1530,52.49144,11.06084,0.0,,12.7,13.3,0.288,13.5,0.239,1.7,icon_d2
2026-10-04,W1531,52.49144,11.0904,0.0,,12.6,13.3,0.288,13.5,0.239,1.68,icon_d2
2026-10-04,W1532,52.49144,11.11997,0.0,,12.6,13.3,0.288,13.5,0.239,1.66,icon_d2
2026-10-04,W1533,52.49144,11.14953,0.0,,12.6,13.6,0.253,13.9,0.202,1.66,icon_d2
2026-10-04,W0470,52.5005,10.1295,0.0,,13.0,12.5,0.202,12.5,0.137,1.74,icon_d2
2026-10-04,W0471,52.5005,10.1591,0.0,,13.0,12.5,0.202,12.5,0.137,1.72,icon_d2
2026-10-04,W0472,52.5005,10.1886,0.0,,12.8,12.5,0.202,12.5,0.137,1.72,icon_d2
2026-10-04,W1534,52.50946,10.20347,0.0,,12.8,12.5,0.202,12.5,0.137,1.72,icon_d2
2026-10-04,W0473,52.5005,10.2477,0.0,,12.6,12.5,0.202,12.5,0.137,1.69,icon_d2
2026-10-04,W0474,52.5005,10.2772,0.0,,12.7,11.9,0.199,11.9,0.129,1.66,icon_d2
2026-10-04,W0475,52.5005,10.3068,0.0,,12.6,12.7,0.288,12.8,0.215,1.66,icon_d2
2026-10-04,W1535,52.50946,10.32173,0.0,,12.6,12.7,0.288,12.8,0.215,1.63,icon_d2
2026-10-04,W1536,52.50946,10.3513,0.0,,12.7,12.7,0.288,12.8,0.215,1.63,icon_d2
2026-10-04,W0476,52.5005,10.3954,0.0,,12.6,12.7,0.288,12.8,0.215,1.67,icon_d2
2026-10-04,W0477,52.5005,10.4249,0.0,,12.7,12.7,0.288,12.8,0.215,1.67,icon_d2
2026-10-04,W0478,52.5005,10.4545,0.0,,12.3,12.2,0.197,12.2,0.126,1.7,icon_d2
2026-10-04,W0479,52.5005,10.484,0.0,,12.5,13.2,0.257,13.4,0.188,1.76,icon_d2
2026-10-04,W0480,52.5005,10.5135,0.0,,12.7,13.2,0.257,13.4,0.188,1.75,icon_d2
2026-10-04,W0481,52.5005,10.5431,0.0,,12.7,13.2,0.257,13.4,0.188,1.75,icon_d2
2026-10-04,W0482,52.5005,10.5726,0.0,,12.2,13.2,0.257,13.4,0.188,1.74,icon_d2
2026-10-04,W0483,52.5005,10.6021,0.0,,12.3,12.6,0.187,12.7,0.114,1.74,icon_d2
2026-10-04,W1537,52.50946,10.61737,0.0,,12.3,12.6,0.187,12.7,0.114,1.73,icon_d2
2026-10-04,W0484,52.5005,10.6612,0.0,,12.3,13.1,0.248,13.3,0.182,1.74,icon_d2
2026-10-04,W0485,52.5005,10.6908,0.0,,12.5,13.1,0.248,13.3,0.182,1.76,icon_d2
2026-10-04,W0486,52.5005,10.7203,0.0,,12.6,13.1,0.248,13.3,0.182,1.76,icon_d2
2026-10-04,W0487,52.5005,10.7498,0.0,,12.7,13.1,0.248,13.3,0.182,1.77,icon_d2
2026-10-04,W1538,52.50946,10.76519,0.0,,12.6,12.7,0.168,12.9,0.087,1.76,icon_d2
2026-10-04,W0488,52.5005,10.8089,0.0,,12.6,13.5,0.237,13.9,0.158,1.78,icon_d2
2026-10-04,W0489,52.5005,10.8384,0.0,,12.4,13.5,0.237,13.9,0.158,1.76,icon_d2
2026-10-04,W0490,52.5005,10.868,0.0,,12.4,13.5,0.237,13.9,0.158,1.76,icon_d2
2026-10-04,W0491,52.5005,10.8975,0.0,,12.5,13.5,0.237,13.9,0.158,1.76,icon_d2
2026-10-04,W0492,52.5005,10.9271,0.0,,12.5,13.5,0.237,13.9,0.158,1.76,icon_d2
2026-10-04,W0493,52.5005,10.9566,0.0,,12.3,13.3,0.251,13.6,0.144,1.73,icon_d2
2026-10-04,W0494,52.5005,10.9861,0.0,,12.4,13.3,0.288,13.5,0.239,1.73,icon_d2
2026-10-04,W1539,52.50946,11.00171,0.0,,12.4,13.3,0.288,13.5,0.239,1.74,icon_d2
2026-10-04,W1540,52.50946,11.03127,0.0,,12.6,13.3,0.288,13.5,0.239,1.72,icon_d2
2026-10-04,W1541,52.50946,11.06084,0.0,,12.7,13.3,0.288,13.5,0.239,1.7,icon_d2
2026-10-04,W0495,52.5005,11.1043,0.0,,12.6,13.4,0.261,13.8,0.203,1.67,icon_d2
2026-10-04,W1542,52.50946,11.11997,0.0,,12.6,13.4,0.261,13.8,0.203,1.66,icon_d2
2026-10-04,W1543,52.50946,11.14953,0.0,,12.6,13.6,0.253,13.9,0.202,1.66,icon_d2
2026-10-04,W0497,52.5185,10.1295,0.0,,13.1,12.2,0.213,12.1,0.148,1.7,icon_d2
2026-10-04,W0498,52.5185,10.1591,0.0,,12.8,12.5,0.202,12.5,0.137,1.72,icon_d2
2026-10-04,W1544,52.52748,10.17391,0.0,,12.8,11.9,0.199,11.9,0.129,1.72,icon_d2
2026-10-04,W1545,52.52748,10.20347,0.0,,12.7,11.9,0.199,11.9,0.129,1.71,icon_d2
2026-10-04,W0499,52.5185,10.2477,0.0,,12.7,11.9,0.199,11.9,0.129,1.71,icon_d2
2026-10-04,W0500,52.5185,10.2772,0.0,,12.5,11.9,0.199,11.9,0.129,1.68,icon_d2
2026-10-04,W0501,52.5185,10.3068,0.0,,12.6,12.7,0.288,12.8,0.215,1.68,icon_d2
2026-10-04,W1546,52.52748,10.32173,0.0,,12.6,12.7,0.288,12.8,0.215,1.67,icon_d2
2026-10-04,W1547,52.52748,10.3513,0.0,,12.7,12.2,0.197,12.2,0.126,1.62,icon_d2
2026-10-04,W0502,52.5185,10.3954,0.0,,12.3,12.2,0.197,12.2,0.126,1.65,icon_d2
2026-10-04,W0503,52.5185,10.4249,0.0,,12.3,12.2,0.197,12.2,0.126,1.65,icon_d2
2026-10-04,W0504,52.5185,10.4545,0.0,,12.1,12.2,0.197,12.2,0.126,1.71,icon_d2
2026-10-04,W1548,52.52748,10.46955,0.0,,12.0,12.2,0.197,12.2,0.126,1.7,icon_d2
2026-10-04,W0505,52.5185,10.5135,0.0,,12.7,13.2,0.257,13.4,0.188,1.75,icon_d2
2026-10-04,W0506,52.5185,10.5431,0.0,,12.7,12.6,0.187,12.7,0.114,1.75,icon_d2
2026-10-04,W0507,52.5185,10.5726,0.0,,12.1,12.6,0.187,12.7,0.114,1.73,icon_d2
2026-10-04,W0508,52.5185,10.6021,0.0,,12.0,12.6,0.187,12.7,0.114,1.7,icon_d2
2026-10-04,W0509,52.5185,10.6317,0.0,,12.0,12.6,0.187,12.7,0.114,1.7,icon_d2
2026-10-04,W0510,52.5185,10.6612,0.0,,12.2,13.1,0.248,13.3,0.182,1.74,icon_d2
2026-10-04,W0511,52.5185,10.6908,0.0,,12.2,13.1,0.248,13.3,0.182,1.75,icon_d2
2026-10-04,W0512,52.5185,10.7203,0.0,,12.3,12.7,0.168,12.9,0.087,1.76,icon_d2
2026-10-04,W0513,52.5185,10.7498,0.0,,12.8,12.7,0.168,12.9,0.087,1.77,icon_d2
2026-10-04,W0514,52.5185,10.7794,0.0,,12.3,12.7,0.168,12.9,0.087,1.79,icon_d2
2026-10-04,W1549,52.52748,10.79476,0.0,,12.4,12.7,0.168,12.9,0.087,1.79,icon_d2
2026-10-04,W0515,52.5185,10.8384,0.0,,12.3,13.5,0.237,13.9,0.158,1.76,icon_d2
2026-10-04,W0516,52.5185,10.868,0.0,,12.3,13.3,0.251,13.6,0.144,1.76,icon_d2
2026-10-04,W0517,52.5185,10.8975,0.0,,12.4,13.3,0.251,13.6,0.144,1.75,icon_d2
2026-10-04,W0518,52.5185,10.9271,0.0,,12.1,13.3,0.251,13.6,0.144,1.71,icon_d2
2026-10-04,W0519,52.5185,10.9566,0.0,,12.2,13.3,0.251,13.6,0.144,1.72,icon_d2
2026-10-04,W0520,52.5185,10.9861,0.0,,12.2,13.3,0.288,13.5,0.239,1.73,icon_d2
2026-10-04,W0521,52.5185,11.0157,0.0,,12.2,13.3,0.288,13.5,0.239,1.71,icon_d2
2026-10-04,W1550,52.52748,11.03127,0.0,,12.2,13.4,0.261,13.8,0.203,1.71,icon_d2
2026-10-04,W1551,52.52748,11.06084,0.0,,12.3,13.4,0.261,13.8,0.203,1.69,icon_d2
2026-10-04,W1552,52.52748,11.0904,0.0,,12.5,13.4,0.261,13.8,0.203,1.64,icon_d2
2026-10-04,W1553,52.52748,11.11997,0.0,,12.5,13.4,0.261,13.8,0.203,1.64,icon_d2
2026-10-04,W1554,52.52748,11.14953,0.0,,12.3,13.6,0.253,13.9,0.202,1.62,icon_d2
2026-10-04,W0523,52.5365,10.1295,0.0,,12.9,12.2,0.213,12.1,0.148,1.69,icon_d2
2026-10-04,W1555,52.5455,10.14435,0.0,,12.8,11.9,0.199,11.9,0.129,1.7,icon_d2
2026-10-04,W1556,52.5455,10.17391,0.0,,12.7,11.9,0.199,11.9,0.129,1.71,icon_d2
2026-10-04,W0524,52.5365,10.2182,0.0,,12.6,11.9,0.199,11.9,0.129,1.7,icon_d2
2026-10-04,W0525,52.5365,10.2477,0.0,,12.4,11.9,0.199,11.9,0.129,1.69,icon_d2
2026-10-04,W0526,52.5365,10.2772,0.0,,12.5,11.9,0.199,11.9,0.129,1.68,icon_d2
2026-10-04,W0527,52.5365,10.3068,0.0,,12.5,11.9,0.199,11.9,0.129,1.68,icon_d2
2026-10-04,W0547,52.5545,10.3363,0.0,,12.1,12.2,0.197,12.2,0.126,1.67,icon_d2
2026-10-04,W1557,52.5455,10.3513,0.0,,12.5,12.2,0.197,12.2,0.126,1.68,icon_d2
2026-10-04,W0548,52.5545,10.3954,0.0,,12.0,12.2,0.197,12.2,0.126,1.65,icon_d2
2026-10-04,W0549,52.5545,10.4249,0.0,,12.0,12.2,0.197,12.2,0.126,1.65,icon_d2
2026-10-04,W0528,52.5365,10.4545,0.0,,12.1,12.2,0.197,12.2,0.126,1.68,icon_d2
2026-10-04,W0529,52.5365,10.484,0.0,,12.4,12.6,0.187,12.7,0.114,1.71,icon_d2
2026-10-04,W0530,52.5365,10.5135,0.0,,12.4,12.6,0.187,12.7,0.114,1.7,icon_d2
2026-10-04,W0531,52.5365,10.5431,0.0,,12.7,12.6,0.187,12.7,0.114,1.72,icon_d2
2026-10-04,W0532,52.5365,10.5726,0.0,,12.1,12.6,0.187,12.7,0.114,1.7,icon_d2
2026-10-04,W0533,52.5365,10.6021,0.0,,12.0,12.6,0.187,12.7,0.114,1.7,icon_d2
2026-10-04,W0534,52.5365,10.6317,0.0,,12.1,12.6,0.187,12.7,0.114,1.7,icon_d2
2026-10-04,W0535,52.5365,10.6612,0.0,,11.7,12.7,0.168,12.9,0.087,1.67,icon_d2
2026-10-04,W0536,52.5365,10.6908,0.0,,12.4,12.7,0.168,12.9,0.087,1.74,icon_d2
2026-10-04,W0537,52.5365,10.7203,0.0,,12.5,12.7,0.168,12.9,0.087,1.74,icon_d2
2026-10-04,W0538,52.5365,10.7498,0.0,,12.1,12.7,0.168,12.9,0.087,1.74,icon_d2
2026-10-04,W0539,52.5365,10.7794,0.0,,12.1,12.7,0.168,12.9,0.087,1.75,icon_d2
2026-10-04,W0540,52.5365,10.8089,0.0,,12.3,12.7,0.168,12.9,0.087,1.78,icon_d2
2026-10-04,W0562,52.5545,10.8384,0.0,,12.0,13.3,0.251,13.6,0.144,1.74,icon_d2
2026-10-04,W0563,52.5545,10.868,0.0,,12.0,13.3,0.251,13.6,0.144,1.74,icon_d2
2026-10-04,W0564,52.5545,10.8975,0.0,,12.3,13.3,0.251,13.6,0.144,1.75,icon_d2
2026-10-04,W0541,52.5365,10.9271,0.0,,12.5,13.3,0.251,13.6,0.144,1.73,icon_d2
2026-10-04,W0542,52.5365,10.9566,0.0,,12.2,13.3,0.251,13.6,0.144,1.72,icon_d2
2026-10-04,W1558,52.5455,10.97214,0.0,,12.3,13.3,0.251,13.6,0.144,1.72,icon_d2
2026-10-04,W1559,52.5455,11.00171,0.0,,12.2,13.4,0.261,13.8,0.203,1.67,icon_d2
2026-10-04,W1560,52.5455,11.03127,0.0,,12.2,13.4,0.261,13.8,0.203,1.65,icon_d2
2026-10-04,W0543,52.5365,11.0747,0.0,,12.3,13.4,0.261,13.8,0.203,1.63,icon_d2
2026-10-04,W0544,52.5365,11.1043,0.0,,12.5,13.4,0.261,13.8,0.203,1.6,icon_d2
2026-10-04,W0567,52.5545,11.1338,0.0,,12.6,13.4,0.261,13.8,0.203,1.61,icon_d2
2026-10-04,W1561,52.5455,11.14953,0.0,,12.4,13.3,0.24,13.5,0.183,1.6,icon_d2
2026-10-04,W1562,52.56351,10.11478,0.0,,12.7,12.2,0.213,12.1,0.148,1.69,icon_d2
2026-10-04,W0568,52.5725,10.1591,0.0,,12.5,11.9,0.199,11.9,0.129,1.66,icon_d2
2026-10-04,W0569,52.5725,10.1886,0.0,,12.3,11.9,0.199,11.9,0.129,1.66,icon_d2
2026-10-04,W0570,52.5725,10.2182,0.0,,12.3,11.9,0.199,11.9,0.129,1.68,icon_d2
2026-10-04,W1563,52.56351,10.23304,0.0,,12.3,11.9,0.199,11.9,0.129,1.67,icon_d2
2026-10-04,W0571,52.5725,10.2772,0.0,,12.2,12.3,0.201,12.4,0.125,1.66,icon_d2
2026-10-04,W0572,52.5725,10.3068,0.0,,12.2,12.3,0.201,12.4,0.125,1.66,icon_d2
2026-10-04,W0573,52.5725,10.3363,0.0,,12.1,12.2,0.197,12.2,0.126,1.65,icon_d2
2026-10-04,W0574,52.5725,10.3658,0.0,,12.2,12.2,0.197,12.2,0.126,1.65,icon_d2
2026-10-04,W0575,52.5725,10.3954,0.0,,12.0,12.2,0.197,12.2,0.126,1.63,icon_d2
2026-10-04,W0576,52.5725,10.4249,0.0,,11.9,12.2,0.197,12.2,0.126,1.63,icon_d2
2026-10-04,W0577,52.5725,10.4545,0.0,,12.2,12.1,0.202,12.1,0.131,1.6,icon_d2
2026-10-04,W0578,52.5725,10.484,0.0,,11.9,12.6,0.187,12.7,0.114,1.6,icon_d2
2026-10-04,W0579,52.5725,10.5135,0.0,,12.3,12.6,0.187,12.7,0.114,1.63,icon_d2
2026-10-04,W0580,52.5725,10.5431,0.0,,12.1,12.6,0.187,12.7,0.114,1.64,icon_d2
2026-10-04,W0581,52.5725,10.5726,0.0,,11.9,12.6,0.187,12.7,0.114,1.62,icon_d2
2026-10-04,W0582,52.5725,10.6021,0.0,,11.9,12.6,0.187,12.7,0.114,1.62,icon_d2
2026-10-04,W0583,52.5725,10.6317,0.0,,11.7,12.6,0.185,12.7,0.103,1.61,icon_d2
2026-10-04,W0584,52.5725,10.6612,0.0,,11.9,12.7,0.168,12.9,0.087,1.63,icon_d2
2026-10-04,W0585,52.5725,10.6908,0.0,,12.2,12.7,0.168,12.9,0.087,1.67,icon_d2
2026-10-04,W0586,52.5725,10.7203,0.0,,12.2,12.7,0.168,12.9,0.087,1.67,icon_d2
2026-10-04,W0587,52.5725,10.7498,0.0,,12.2,12.7,0.168,12.9,0.087,1.71,icon_d2
2026-10-04,W0588,52.5725,10.7794,0.0,,12.2,12.7,0.192,13.0,0.12,1.7,icon_d2
2026-10-04,W0589,52.5725,10.8089,0.0,,12.5,12.7,0.192,13.0,0.12,1.72,icon_d2
2026-10-04,W0590,52.5725,10.8384,0.0,,12.3,13.3,0.251,13.6,0.144,1.74,icon_d2
2026-10-04,W0591,52.5725,10.868,0.0,,12.4,13.3,0.251,13.6,0.144,1.74,icon_d2
2026-10-04,W0592,52.5725,10.8975,0.0,,12.4,13.3,0.251,13.6,0.144,1.74,icon_d2
2026-10-04,W0593,52.5725,10.9271,0.0,,12.4,13.3,0.251,13.6,0.144,1.74,icon_d2
2026-10-04,W1564,52.56351,10.94258,0.0,,12.3,13.3,0.251,13.6,0.144,1.73,icon_d2
2026-10-04,W1565,52.56351,10.97214,0.0,,12.0,13.3,0.251,13.6,0.144,1.67,icon_d2
2026-10-04,W1566,52.56351,11.00171,0.0,,12.1,13.4,0.261,13.8,0.203,1.68,icon_d2
2026-10-04,W1567,52.56351,11.03127,0.0,,12.0,13.4,0.261,13.8,0.203,1.65,icon_d2
2026-10-04,W0594,52.5725,11.0747,0.0,,12.0,13.4,0.261,13.8,0.203,1.66,icon_d2
2026-10-04,W1568,52.56351,11.0904,0.0,,12.2,13.4,0.261,13.8,0.203,1.65,icon_d2
2026-10-04,W0595,52.5725,11.1338,0.0,,12.8,13.6,0.245,13.9,0.151,1.64,icon_d2
2026-10-04,W1569,52.56351,11.14953,0.0,,12.6,13.3,0.24,13.5,0.183,1.6,icon_d2
2026-10-04,W1570,52.58153,10.11478,0.0,,12.5,12.4,0.207,12.4,0.139,1.67,icon_d2
2026-10-04,W0596,52.5905,10.1591,0.0,,12.4,11.9,0.199,11.9,0.129,1.66,icon_d2
2026-10-04,W0597,52.5905,10.1886,0.0,,12.5,11.9,0.199,11.9,0.129,1.66,icon_d2
2026-10-04,W0598,52.5905,10.2182,0.0,,12.2,12.3,0.201,12.4,0.125,1.66,icon_d2
2026-10-04,W0599,52.5905,10.2477,0.0,,11.9,12.3,0.201,12.4,0.125,1.7,icon_d2
2026-10-04,W0600,52.5905,10.2772,0.0,,12.2,12.3,0.201,12.4,0.125,1.67,icon_d2
2026-10-04,W0601,52.5905,10.3068,0.0,,12.2,12.3,0.201,12.4,0.125,1.65,icon_d2
2026-10-04,W0602,52.5905,10.3363,0.0,,12.1,12.2,0.197,12.2,0.126,1.65,icon_d2
2026-10-04,W1571,52.58153,10.3513,0.0,,12.2,12.2,0.197,12.2,0.126,1.65,icon_d2
2026-10-04,W1572,52.58153,10.38086,0.0,,12.2,12.2,0.197,12.2,0.126,1.64,icon_d2
2026-10-04,W1573,52.58153,10.41042,0.0,,12.0,12.1,0.202,12.1,0.131,1.63,icon_d2
2026-10-04,W0603,52.5905,10.4545,0.0,,12.1,12.1,0.202,12.1,0.131,1.6,icon_d2
2026-10-04,W0604,52.5905,10.484,0.0,,11.9,12.1,0.202,12.1,0.131,1.59,icon_d2
2026-10-04,W0605,52.5905,10.5135,0.0,,12.3,12.6,0.187,12.7,0.114,1.63,icon_d2
2026-10-04,W0606,52.5905,10.5431,0.0,,12.1,12.6,0.187,12.7,0.114,1.62,icon_d2
2026-10-04,W0607,52.5905,10.5726,0.0,,12.0,12.6,0.185,12.7,0.103,1.61,icon_d2
2026-10-04,W1574,52.58153,10.58781,0.0,,11.9,12.6,0.185,12.7,0.103,1.62,icon_d2
2026-10-04,W0608,52.5905,10.6317,0.0,,11.6,12.6,0.185,12.7,0.103,1.59,icon_d2
2026-10-04,W0609,52.5905,10.6612,0.0,,12.1,12.7,0.168,12.9,0.087,1.62,icon_d2
2026-10-04,W0610,52.5905,10.6908,0.0,,11.9,12.7,0.168,12.9,0.087,1.66,icon_d2
2026-10-04,W0611,52.5905,10.7203,0.0,,12.1,12.7,0.192,13.0,0.12,1.67,icon_d2
2026-10-04,W0612,52.5905,10.7498,0.0,,12.3,12.7,0.192,13.0,0.12,1.69,icon_d2
2026-10-04,W0613,52.5905,10.7794,0.0,,12.4,12.7,0.192,13.0,0.12,1.7,icon_d2
2026-10-04,W0614,52.5905,10.8089,0.0,,12.3,12.7,0.192,13.0,0.12,1.69,icon_d2
2026-10-04,W0615,52.5905,10.8384,0.0,,12.5,13.3,0.251,13.6,0.144,1.72,icon_d2
2026-10-04,W0616,52.5905,10.868,0.0,,12.8,13.3,0.251,13.6,0.144,1.71,icon_d2
2026-10-04,W1742,52.58153,10.88345,0.0,,12.4,13.3,0.251,13.6,0.144,1.74,icon_d2
2026-10-04,W1743,52.58153,10.91302,0.0,,12.4,13.2,0.258,13.5,0.176,1.74,icon_d2
2026-10-04,W0617,52.5905,10.9566,0.0,,12.8,13.2,0.258,13.5,0.176,1.7,icon_d2
2026-10-04,W1744,52.58153,10.97214,0.0,,12.3,13.2,0.258,13.5,0.176,1.7,icon_d2
2026-10-04,W0618,52.5905,11.0157,0.0,,12.8,13.4,0.261,13.8,0.203,1.68,icon_d2
2026-10-04,W0619,52.5905,11.0452,0.0,,12.5,13.4,0.261,13.8,0.203,1.67,icon_d2
2026-10-04,W1745,52.58153,11.06084,0.0,,12.0,13.4,0.261,13.8,0.203,1.66,icon_d2
2026-10-04,W1746,52.58153,11.0904,0.0,,12.8,13.6,0.245,13.9,0.151,1.65,icon_d2
2026-10-04,W0620,52.5905,11.1338,0.0,,12.8,13.6,0.245,13.9,0.151,1.65,icon_d2
2026-10-04,W1747,52.58153,11.14953,0.0,,12.6,13.6,0.245,13.9,0.151,1.63,icon_d2
2026-10-04,W1748,52.59955,10.11478,0.0,,12.9,12.4,0.207,12.4,0.139,1.7,icon_d2
2026-10-04,W1749,52.59955,10.14435,0.0,,12.9,12.4,0.207,12.4,0.139,1.7,icon_d2
2026-10-04,W1750,52.59955,10.17391,0.0,,12.5,12.3,0.201,12.4,0.125,1.66,icon_d2
2026-10-04,W1751,52.59955,10.20347,0.0,,12.2,12.3,0.201,12.4,0.125,1.66,icon_d2
2026-10-04,W1752,52.59955,10.23304,0.0,,11.9,12.3,0.201,12.4,0.125,1.7,icon_d2
2026-10-04,W1753,52.59955,10.2626,0.0,,12.2,12.3,0.201,12.4,0.125,1.67,icon_d2
2026-10-04,W1754,52.59955,10.29217,0.0,,12.2,12.3,0.201,12.4,0.125,1.65,icon_d2
2026-10-04,W1755,52.59955,10.32173,0.0,,12.2,12.3,0.201,12.4,0.125,1.64,icon_d2
2026-10-04,W1756,52.59955,10.3513,0.0,,12.3,12.1,0.202,12.1,0.131,1.64,icon_d2
2026-10-04,W1757,52.59955,10.38086,0.0,,12.0,12.1,0.202,12.1,0.131,1.61,icon_d2
2026-10-04,W1758,52.59955,10.41042,0.0,,12.1,12.1,0.202,12.1,0.131,1.6,icon_d2
2026-10-04,W1759,52.59955,10.43999,0.0,,12.1,12.1,0.202,12.1,0.131,1.6,icon_d2
2026-10-04,W1760,52.59955,10.46955,0.0,,12.1,12.1,0.202,12.1,0.131,1.6,icon_d2
2026-10-04,W1761,52.59955,10.49912,0.0,,11.9,12.6,0.187,12.7,0.114,1.59,icon_d2
2026-10-04,W1762,52.59955,10.52868,0.0,,12.3,12.6,0.185,12.7,0.103,1.63,icon_d2
2026-10-04,W1763,52.59955,10.55825,0.0,,12.0,12.6,0.185,12.7,0.103,1.62,icon_d2
2026-10-04,W1764,52.59955,10.58781,0.0,,12.0,12.6,0.185,12.7,0.103,1.61,icon_d2
2026-10-04,W1765,52.59955,10.61737,0.0,,11.7,12.6,0.185,12.7,0.103,1.6,icon_d2
2026-10-04,W1599,52.59955,10.64694,0.0,,11.6,12.6,0.185,12.7,0.103,1.59,icon_d2
2026-10-04,W1600,52.59955,10.6765,0.0,,12.1,12.7,0.168,12.9,0.087,1.62,icon_d2
2026-10-04,W1601,52.59955,10.70607,0.0,,11.9,12.7,0.192,13.0,0.12,1.66,icon_d2
2026-10-04,W1610,52.59955,10.73563,0.0,,12.4,12.7,0.192,13.0,0.12,1.7,icon_d2
2026-10-04,W1602,52.59955,10.76519,0.0,,12.4,12.7,0.192,13.0,0.12,1.69,icon_d2
2026-10-04,W1603,52.59955,10.79476,0.0,,12.3,12.7,0.192,13.0,0.12,1.69,icon_d2
2026-10-04,W1611,52.59955,10.82432,0.0,,12.5,12.7,0.192,13.0,0.12,1.72,icon_d2
2026-10-04,W1604,52.59955,10.85389,0.0,,12.6,13.2,0.258,13.5,0.176,1.7,icon_d2
2026-10-04,W1605,52.59955,10.88345,0.0,,12.6,13.2,0.258,13.5,0.176,1.74,icon_d2
2026-10-04,W1766,52.59955,10.91302,0.0,,12.4,13.2,0.258,13.5,0.176,1.74,icon_d2
2026-10-04,W1767,52.59955,10.94258,0.0,,12.5,13.2,0.258,13.5,0.176,1.74,icon_d2
2026-10-04,W1608,52.59955,10.97214,0.0,,12.7,13.2,0.258,13.5,0.176,1.7,icon_d2
2026-10-04,W1768,52.59955,11.00171,0.0,,12.8,13.4,0.261,13.8,0.203,1.68,icon_d2
2026-10-04,W1769,52.59955,11.03127,0.0,,12.5,13.6,0.245,13.9,0.151,1.67,icon_d2
2026-10-04,W1770,52.59955,11.06084,0.0,,12.4,13.6,0.245,13.9,0.151,1.67,icon_d2
2026-10-04,W1612,52.59955,11.0904,0.0,,12.5,13.6,0.245,13.9,0.151,1.64,icon_d2
2026-10-04,W1613,52.59955,11.11997,0.0,,12.6,13.6,0.245,13.9,0.151,1.64,icon_d2
2026-10-04,W1614,52.59955,11.14953,0.0,,12.8,13.6,0.245,13.9,0.151,1.65,icon_d2
2026-10-04,W0621,52.6086,10.1295,0.0,,12.9,12.4,0.207,12.4,0.139,1.7,icon_d2
2026-10-04,W0622,52.6086,10.1591,0.0,,12.5,12.3,0.201,12.4,0.125,1.66,icon_d2
2026-10-04,W0623,52.6086,10.1886,0.0,,12.5,12.3,0.201,12.4,0.125,1.66,icon_d2
2026-10-04,W0624,52.6086,10.2182,0.0,,12.1,12.3,0.201,12.4,0.125,1.66,icon_d2
2026-10-04,W0625,52.6086,10.2477,0.0,,12.0,12.3,0.201,12.4,0.125,1.7,icon_d2
2026-10-04,W0626,52.6086,10.2772,0.0,,12.2,12.3,0.201,12.4,0.125,1.67,icon_d2
2026-10-04,W0627,52.6086,10.3068,0.0,,12.2,12.3,0.201,12.4,0.125,1.64,icon_d2
2026-10-04,W1615,52.61757,10.32173,0.0,,12.4,12.3,0.201,12.4,0.125,1.69,icon_d2
2026-10-04,W0628,52.6086,10.3658,0.0,,12.2,12.1,0.202,12.1,0.131,1.64,icon_d2
2026-10-04,W0629,52.6086,10.3954,0.0,,11.9,12.1,0.202,12.1,0.131,1.6,icon_d2
2026-10-04,W0630,52.6086,10.4249,0.0,,12.2,12.1,0.202,12.1,0.131,1.6,icon_d2
2026-10-04,W1616,52.61757,10.43999,0.0,,12.0,12.1,0.202,12.1,0.131,1.61,icon_d2
2026-10-04,W0631,52.6086,10.484,0.0,,11.9,12.1,0.202,12.1,0.131,1.59,icon_d2
2026-10-04,W0632,52.6086,10.5135,0.0,,12.3,12.6,0.185,12.7,0.103,1.63,icon_d2
2026-10-04,W0633,52.6086,10.5431,0.0,,12.0,12.6,0.185,12.7,0.103,1.61,icon_d2
2026-10-04,W1617,52.61757,10.55825,0.0,,12.2,12.6,0.185,12.7,0.103,1.62,icon_d2
2026-10-04,W0634,52.6086,10.6021,0.0,,12.0,12.6,0.185,12.7,0.103,1.59,icon_d2
2026-10-04,W0635,52.6086,10.6317,0.0,,11.7,12.6,0.185,12.7,0.103,1.6,icon_d2
2026-10-04,W0636,52.6086,10.6612,0.0,,12.0,12.6,0.185,12.7,0.103,1.61,icon_d2
2026-10-04,W0637,52.6086,10.6908,0.0,,12.0,12.7,0.192,13.0,0.12,1.66,icon_d2
2026-10-04,W0638,52.6086,10.7203,0.0,,12.3,12.7,0.192,13.0,0.12,1.67,icon_d2
2026-10-04,W0639,52.6086,10.7498,0.0,,12.2,12.7,0.192,13.0,0.12,1.69,icon_d2
2026-10-04,W0640,52.6086,10.7794,0.0,,12.4,12.7,0.192,13.0,0.12,1.7,icon_d2
2026-10-04,W0641,52.6086,10.8089,0.0,,12.3,12.7,0.192,13.0,0.12,1.69,icon_d2
2026-10-04,W0642,52.6086,10.8384,0.0,,12.4,13.2,0.258,13.5,0.176,1.71,icon_d2
2026-10-04,W0643,52.6086,10.868,0.0,,12.7,13.2,0.258,13.5,0.176,1.7,icon_d2
2026-10-04,W1618,52.61757,10.88345,0.0,,12.8,13.2,0.258,13.5,0.176,1.73,icon_d2
2026-10-04,W1619,52.61757,10.91302,0.0,,12.6,13.2,0.258,13.5,0.176,1.74,icon_d2
2026-10-04,W0644,52.6086,10.9566,0.0,,12.8,13.2,0.258,13.5,0.176,1.7,icon_d2
2026-10-04,W0645,52.6086,10.9861,0.0,,12.7,13.2,0.258,13.5,0.176,1.7,icon_d2
2026-10-04,W0646,52.6086,11.0157,0.0,,12.7,13.6,0.245,13.9,0.151,1.68,icon_d2
2026-10-04,W0647,52.6086,11.0452,0.0,,12.6,13.6,0.245,13.9,0.151,1.67,icon_d2
2026-10-04,W0648,52.6086,11.0747,0.0,,12.2,13.6,0.245,13.9,0.151,1.66,icon_d2
2026-10-04,W0649,52.6086,11.1043,0.0,,12.6,13.6,0.245,13.9,0.151,1.64,icon_d2
2026-10-04,W0650,52.6086,11.1338,0.0,,12.8,13.6,0.245,13.9,0.151,1.65,icon_d2
2026-10-04,W1620,52.61757,11.14953,0.0,,13.6,13.6,0.245,13.9,0.151,1.69,icon_d2
2026-10-04,W0652,52.6266,10.1295,0.0,,12.4,12.4,0.207,12.4,0.139,1.69,icon_d2
2026-10-04,W0653,52.6266,10.1591,0.0,,12.1,12.3,0.201,12.4,0.125,1.68,icon_d2
2026-10-04,W0654,52.6266,10.1886,0.0,,12.3,12.3,0.201,12.4,0.125,1.67,icon_d2
2026-10-04,W0655,52.6266,10.2182,0.0,,12.1,12.3,0.201,12.4,0.125,1.66,icon_d2
2026-10-04,W0656,52.6266,10.2477,0.0,,11.9,12.3,0.201,12.4,0.125,1.7,icon_d2
2026-10-04,W0657,52.6266,10.2772,0.0,,12.4,12.3,0.201,12.4,0.125,1.67,icon_d2
2026-10-04,W1621,52.63559,10.29217,0.0,,12.4,12.3,0.201,12.4,0.125,1.67,icon_d2
2026-10-04,W1622,52.63559,10.32173,0.0,,12.4,12.3,0.215,12.4,0.166,1.68,icon_d2
2026-10-04,W0658,52.6266,10.3658,0.0,,12.3,12.1,0.202,12.1,0.131,1.67,icon_d2
2026-10-04,W0659,52.6266,10.3954,0.0,,12.2,12.1,0.202,12.1,0.131,1.62,icon_d2
2026-10-04,W0660,52.6266,10.4249,0.0,,12.1,12.1,0.202,12.1,0.131,1.63,icon_d2
2026-10-04,W0661,52.6266,10.4545,0.0,,11.9,12.1,0.202,12.1,0.131,1.61,icon_d2
2026-10-04,W0662,52.6266,10.484,0.0,,12.0,12.1,0.202,12.1,0.131,1.59,icon_d2
2026-10-04,W0663,52.6266,10.5135,0.0,,11.9,12.6,0.185,12.7,0.103,1.61,icon_d2
2026-10-04,W1623,52.63559,10.52868,0.0,,12.3,12.6,0.185,12.7,0.103,1.62,icon_d2
2026-10-04,W0664,52.6266,10.5726,0.0,,12.2,12.6,0.185,12.7,0.103,1.62,icon_d2
2026-10-04,W0665,52.6266,10.6021,0.0,,12.2,12.6,0.185,12.7,0.103,1.59,icon_d2
2026-10-04,W0666,52.6266,10.6317,0.0,,11.9,12.6,0.185,12.7,0.103,1.58,icon_d2
2026-10-04,W0667,52.6266,10.6612,0.0,,11.9,12.6,0.185,12.7,0.103,1.58,icon_d2
2026-10-04,W0668,52.6266,10.6908,0.0,,12.0,12.7,0.192,13.0,0.12,1.65,icon_d2
2026-10-04,W0669,52.6266,10.7203,0.0,,12.1,12.7,0.192,13.0,0.12,1.66,icon_d2
2026-10-04,W0670,52.6266,10.7498,0.0,,12.4,12.7,0.192,13.0,0.12,1.68,icon_d2
2026-10-04,W0671,52.6266,10.7794,0.0,,12.6,12.7,0.192,13.0,0.12,1.67,icon_d2
2026-10-04,W0672,52.6266,10.8089,0.0,,12.6,12.7,0.192,13.0,0.12,1.68,icon_d2
2026-10-04,W0673,52.6266,10.8384,0.0,,12.9,13.2,0.258,13.5,0.176,1.69,icon_d2
2026-10-04,W0674,52.6266,10.868,0.0,,12.8,13.2,0.258,13.5,0.176,1.73,icon_d2
2026-10-04,W1624,52.63559,10.88345,0.0,,12.6,13.2,0.258,13.5,0.176,1.72,icon_d2
2026-10-04,W1625,52.63559,10.91302,0.0,,12.4,13.2,0.258,13.5,0.176,1.73,icon_d2
2026-10-04,W0675,52.6266,10.9566,0.0,,12.4,13.2,0.258,13.5,0.176,1.68,icon_d2
2026-10-04,W0676,52.6266,10.9861,0.0,,12.4,13.2,0.258,13.5,0.176,1.69,icon_d2
2026-10-04,W0677,52.6266,11.0157,0.0,,12.8,13.6,0.245,13.9,0.151,1.66,icon_d2
2026-10-04,W0678,52.6266,11.0452,0.0,,12.9,13.6,0.245,13.9,0.151,1.67,icon_d2
2026-10-04,W1626,52.63559,11.06084,0.0,,13.4,13.6,0.245,13.9,0.151,1.71,icon_d2
2026-10-04,W0679,52.6266,11.1043,0.0,,12.8,13.6,0.245,13.9,0.151,1.69,icon_d2
2026-10-04,W0680,52.6266,11.1338,0.0,,13.4,13.6,0.245,13.9,0.151,1.69,icon_d2
2026-10-04,W1627,52.63559,11.14953,0.0,,13.4,13.6,0.245,13.9,0.151,1.69,icon_d2
2026-10-04,W0707,52.6626,10.1,0.0,,12.8,12.2,0.238,12.4,0.211,1.67,icon_d2
2026-10-04,W0709,52.6626,10.1591,0.0,,12.7,12.2,0.238,12.4,0.211,1.69,icon_d2
2026-10-04,W0710,52.6626,10.1886,0.0,,12.5,12.3,0.201,12.4,0.125,1.68,icon_d2
2026-10-04,W0711,52.6626,10.2182,0.0,,12.1,12.3,0.201,12.4,0.125,1.68,icon_d2
2026-10-04,W1628,52.6536,10.23304,0.0,,12.1,12.3,0.201,12.4,0.125,1.68,icon_d2
2026-10-04,W0712,52.6626,10.2772,0.0,,12.2,12.3,0.215,12.4,0.166,1.68,icon_d2
2026-10-04,W0684,52.6446,10.3068,0.0,,12.4,12.3,0.215,12.4,0.166,1.67,icon_d2
2026-10-04,W0713,52.6626,10.3363,0.0,,12.2,12.3,0.215,12.4,0.166,1.68,icon_d2
2026-10-04,W0714,52.6626,10.3658,0.0,,12.2,12.1,0.202,12.1,0.131,1.68,icon_d2
2026-10-04,W0715,52.6626,10.3954,0.0,,12.4,12.2,0.21,12.3,0.157,1.66,icon_d2
2026-10-04,W0716,52.6626,10.4249,0.0,,12.3,12.2,0.21,12.3,0.157,1.66,icon_d2
2026-10-04,W0717,52.6626,10.4545,0.0,,12.6,12.2,0.21,12.3,0.157,1.66,icon_d2
2026-10-04,W1629,52.6536,10.46955,0.0,,12.6,12.2,0.21,12.3,0.157,1.67,icon_d2
2026-10-04,W0718,52.6626,10.5135,0.0,,12.6,12.6,0.185,12.7,0.103,1.65,icon_d2
2026-10-04,W0719,52.6626,10.5431,0.0,,12.5,12.6,0.185,12.7,0.103,1.63,icon_d2
2026-10-04,W0720,52.6626,10.5726,0.0,,12.4,12.3,0.196,12.4,0.119,1.62,icon_d2
2026-10-04,W0721,52.6626,10.6021,0.0,,12.2,12.3,0.196,12.4,0.119,1.6,icon_d2
2026-10-04,W0722,52.6626,10.6317,0.0,,12.1,12.3,0.196,12.4,0.119,1.59,icon_d2
2026-10-04,W0723,52.6626,10.6612,0.0,,12.0,12.3,0.196,12.4,0.119,1.58,icon_d2
2026-10-04,W0724,52.6626,10.6908,0.0,,12.4,12.7,0.192,13.0,0.12,1.62,icon_d2
2026-10-04,W0725,52.6626,10.7203,0.0,,12.3,12.7,0.192,13.0,0.12,1.65,icon_d2
2026-10-04,W0726,52.6626,10.7498,0.0,,12.5,12.5,0.188,12.6,0.105,1.65,icon_d2
2026-10-04,W0727,52.6626,10.7794,0.0,,12.6,12.5,0.188,12.6,0.105,1.66,icon_d2
2026-10-04,W0728,52.6626,10.8089,0.0,,12.9,12.5,0.188,12.6,0.105,1.68,icon_d2
2026-10-04,W0729,52.6626,10.8384,0.0,,12.6,12.5,0.188,12.6,0.105,1.71,icon_d2
2026-10-04,W0730,52.6626,10.868,0.0,,12.7,13.2,0.258,13.5,0.176,1.72,icon_d2
2026-10-04,W0731,52.6626,10.8975,0.0,,12.2,12.9,0.262,12.8,0.181,1.71,icon_d2
2026-10-04,W0732,52.6626,10.9271,0.0,,12.2,12.9,0.262,12.8,0.181,1.69,icon_d2
2026-10-04,W0733,52.6626,10.9566,0.0,,12.5,12.9,0.262,12.8,0.181,1.71,icon_d2
2026-10-04,W0734,52.6626,10.9861,0.0,,12.9,12.9,0.262,12.8,0.181,1.72,icon_d2
2026-10-04,W0735,52.6626,11.0157,0.0,,12.8,13.6,0.245,13.9,0.151,1.72,icon_d2
2026-10-04,W0736,52.6626,11.0452,0.0,,12.9,13.6,0.245,13.9,0.151,1.73,icon_d2
2026-10-04,W0737,52.6626,11.0747,0.0,,12.9,13.4,0.242,13.5,0.146,1.72,icon_d2
2026-10-04,W0705,52.6446,11.1043,0.0,,13.1,13.6,0.245,13.9,0.151,1.7,icon_d2
2026-10-04,W0738,52.6626,11.1338,0.0,,13.0,13.4,0.242,13.5,0.146,1.69,icon_d2
2026-10-04,W1630,52.6536,11.14953,0.0,,12.9,13.4,0.242,13.5,0.146,1.68,icon_d2
2026-10-04,W0740,52.6806,10.1295,0.0,,12.5,12.2,0.238,12.4,0.211,1.7,icon_d2
2026-10-04,W0741,52.6806,10.1591,0.0,,12.8,12.2,0.238,12.4,0.211,1.7,icon_d2
2026-10-04,W0742,52.6806,10.1886,0.0,,12.9,12.3,0.215,12.4,0.166,1.7,icon_d2
2026-10-04,W0743,52.6806,10.2182,0.0,,12.4,12.3,0.215,12.4,0.166,1.7,icon_d2
2026-10-04,W0744,52.6806,10.2477,0.0,,12.3,12.3,0.215,12.4,0.166,1.7,icon_d2
2026-10-04,W0745,52.6806,10.2772,0.0,,12.1,12.3,0.215,12.4,0.166,1.69,icon_d2
2026-10-04,W0746,52.6806,10.3068,0.0,,12.4,12.3,0.215,12.4,0.166,1.69,icon_d2
2026-10-04,W1631,52.67162,10.32173,0.0,,12.4,12.3,0.215,12.4,0.166,1.69,icon_d2
2026-10-04,W0747,52.6806,10.3658,0.0,,12.3,12.2,0.21,12.3,0.157,1.69,icon_d2
2026-10-04,W0748,52.6806,10.3954,0.0,,12.6,12.2,0.21,12.3,0.157,1.69,icon_d2
2026-10-04,W0749,52.6806,10.4249,0.0,,12.3,12.2,0.21,12.3,0.157,1.66,icon_d2
2026-10-04,W0750,52.6806,10.4545,0.0,,12.5,12.2,0.21,12.3,0.157,1.67,icon_d2
2026-10-04,W0751,52.6806,10.484,0.0,,12.5,12.2,0.21,12.3,0.157,1.67,icon_d2
2026-10-04,W0752,52.6806,10.5135,0.0,,12.8,12.2,0.21,12.3,0.157,1.67,icon_d2
2026-10-04,W1632,52.67162,10.52868,0.0,,12.9,12.3,0.196,12.4,0.119,1.67,icon_d2
2026-10-04,W0753,52.6806,10.5726,0.0,,12.8,12.3,0.196,12.4,0.119,1.65,icon_d2
2026-10-04,W0754,52.6806,10.6021,0.0,,12.8,12.3,0.196,12.4,0.119,1.64,icon_d2
2026-10-04,W0755,52.6806,10.6317,0.0,,12.0,12.3,0.196,12.4,0.119,1.68,icon_d2
2026-10-04,W0756,52.6806,10.6612,0.0,,12.0,12.3,0.196,12.4,0.119,1.68,icon_d2
2026-10-04,W0757,52.6806,10.6908,0.0,,12.3,12.5,0.188,12.6,0.105,1.66,icon_d2
2026-10-04,W0758,52.6806,10.7203,0.0,,12.4,12.5,0.188,12.6,0.105,1.65,icon_d2
2026-10-04,W0759,52.6806,10.7498,0.0,,12.6,12.5,0.188,12.6,0.105,1.67,icon_d2
2026-10-04,W0760,52.6806,10.7794,0.0,,12.7,12.5,0.188,12.6,0.105,1.66,icon_d2
2026-10-04,W0761,52.6806,10.8089,0.0,,12.8,12.5,0.188,12.6,0.105,1.68,icon_d2
2026-10-04,W1633,52.67162,10.82432,0.0,,12.5,12.5,0.188,12.6,0.105,1.72,icon_d2
2026-10-04,W1634,52.67162,10.85389,0.0,,12.5,13.2,0.258,13.5,0.176,1.72,icon_d2
2026-10-04,W0762,52.6806,10.8975,0.0,,12.2,12.9,0.262,12.8,0.181,1.71,icon_d2
2026-10-04,W0763,52.6806,10.9271,0.0,,12.4,12.9,0.262,12.8,0.181,1.69,icon_d2
2026-10-04,W0764,52.6806,10.9566,0.0,,12.6,12.9,0.262,12.8,0.181,1.7,icon_d2
2026-10-04,W0765,52.6806,10.9861,0.0,,12.7,12.9,0.262,12.8,0.181,1.72,icon_d2
2026-10-04,W1635,52.67162,11.00171,0.0,,13.1,12.9,0.262,12.8,0.181,1.74,icon_d2
2026-10-04,W0766,52.6806,11.0452,0.0,,13.3,13.4,0.242,13.5,0.146,1.75,icon_d2
2026-10-04,W1636,52.67162,11.06084,0.0,,13.2,13.4,0.242,13.5,0.146,1.75,icon_d2
2026-10-04,W1637,52.67162,11.0904,0.0,,12.5,13.4,0.242,13.5,0.146,1.69,icon_d2
2026-10-04,W1638,52.67162,11.11997,0.0,,12.5,13.4,0.242,13.5,0.146,1.69,icon_d2
2026-10-04,W1639,52.67162,11.14953,0.0,,13.1,13.4,0.242,13.5,0.146,1.67,icon_d2
2026-10-04,W0768,52.6986,10.1295,0.0,,12.6,12.2,0.238,12.4,0.211,1.71,icon_d2
2026-10-04,W0769,52.6986,10.1591,0.0,,12.8,12.2,0.238,12.4,0.211,1.72,icon_d2
2026-10-04,W0770,52.6986,10.1886,0.0,,12.7,12.3,0.215,12.4,0.166,1.71,icon_d2
2026-10-04,W0771,52.6986,10.2182,0.0,,12.7,12.3,0.215,12.4,0.166,1.7,icon_d2
2026-10-04,W0772,52.6986,10.2477,0.0,,12.6,12.3,0.215,12.4,0.166,1.69,icon_d2
2026-10-04,W0773,52.6986,10.2772,0.0,,12.3,12.3,0.215,12.4,0.166,1.69,icon_d2
2026-10-04,W0774,52.6986,10.3068,0.0,,12.5,12.3,0.215,12.4,0.166,1.7,icon_d2
2026-10-04,W1640,52.68964,10.32173,0.0,,12.4,12.3,0.215,12.4,0.166,1.69,icon_d2
2026-10-04,W0775,52.6986,10.3658,0.0,,12.3,12.2,0.21,12.3,0.157,1.73,icon_d2
2026-10-04,W0776,52.6986,10.3954,0.0,,12.6,12.2,0.21,12.3,0.157,1.72,icon_d2
2026-10-04,W0777,52.6986,10.4249,0.0,,12.7,12.2,0.21,12.3,0.157,1.72,icon_d2
2026-10-04,W0778,52.6986,10.4545,0.0,,12.4,12.2,0.21,12.3,0.157,1.7,icon_d2
2026-10-04,W0779,52.6986,10.484,0.0,,12.3,12.2,0.21,12.3,0.157,1.7,icon_d2
2026-10-04,W0780,52.6986,10.5135,0.0,,12.8,12.2,0.21,12.3,0.157,1.68,icon_d2
2026-10-04,W0781,52.6986,10.5431,0.0,,12.9,12.3,0.196,12.4,0.119,1.67,icon_d2
2026-10-04,W0782,52.6986,10.5726,0.0,,13.1,12.3,0.196,12.4,0.119,1.68,icon_d2
2026-10-04,W0783,52.6986,10.6021,0.0,,13.0,12.3,0.196,12.4,0.119,1.66,icon_d2
2026-10-04,W0784,52.6986,10.6317,0.0,,12.1,12.3,0.196,12.4,0.119,1.69,icon_d2
2026-10-04,W0785,52.6986,10.6612,0.0,,12.1,12.3,0.196,12.4,0.119,1.69,icon_d2
2026-10-04,W1641,52.68964,10.6765,0.0,,12.3,12.3,0.196,12.4,0.119,1.66,icon_d2
2026-10-04,W0786,52.6986,10.7203,0.0,,12.4,12.5,0.188,12.6,0.105,1.67,icon_d2
2026-10-04,W1642,52.68964,10.73563,0.0,,12.6,12.5,0.188,12.6,0.105,1.67,icon_d2
2026-10-04,W1643,52.68964,10.76519,0.0,,12.6,12.5,0.188,12.6,0.105,1.67,icon_d2
2026-10-04,W1644,52.68964,10.79476,0.0,,12.8,12.5,0.188,12.6,0.105,1.68,icon_d2
2026-10-04,W0787,52.6986,10.8384,0.0,,12.8,12.5,0.188,12.6,0.105,1.7,icon_d2
2026-10-04,W0788,52.6986,10.868,0.0,,12.2,12.9,0.262,12.8,0.181,1.71,icon_d2
2026-10-04,W0789,52.6986,10.8975,0.0,,12.7,12.9,0.262,12.8,0.181,1.7,icon_d2
2026-10-04,W0790,52.6986,10.9271,0.0,,12.6,12.9,0.262,12.8,0.181,1.7,icon_d2
2026-10-04,W0791,52.6986,10.9566,0.0,,12.7,12.9,0.262,12.8,0.181,1.7,icon_d2
2026-10-04,W0792,52.6986,10.9861,0.0,,13.0,12.9,0.262,12.8,0.181,1.71,icon_d2
2026-10-04,W1645,52.68964,11.00171,0.0,,13.2,12.9,0.262,12.8,0.181,1.74,icon_d2
2026-10-04,W0793,52.6986,11.0452,0.0,,12.4,13.4,0.242,13.5,0.146,1.69,icon_d2
2026-10-04,W0794,52.6986,11.0747,0.0,,12.4,13.4,0.242,13.5,0.146,1.68,icon_d2
2026-10-04,W0795,52.6986,11.1043,0.0,,12.4,13.4,0.242,13.5,0.146,1.68,icon_d2
2026-10-04,W0796,52.6986,11.1338,0.0,,12.7,13.4,0.242,13.5,0.146,1.67,icon_d2
2026-10-04,W1646,52.68964,11.14953,0.0,,13.2,13.4,0.242,13.5,0.146,1.68,icon_d2
2026-10-04,W1647,52.70766,10.11478,0.0,,12.7,12.2,0.238,12.4,0.211,1.71,icon_d2
2026-10-04,W1648,52.70766,10.14435,0.0,,12.7,12.2,0.238,12.4,0.211,1.72,icon_d2
2026-10-04,W1649,52.70766,10.17391,0.0,,12.6,12.6,0.256,13.0,0.243,1.71,icon_d2
2026-10-04,W1650,52.70766,10.20347,0.0,,12.5,12.3,0.215,12.4,0.166,1.68,icon_d2
2026-10-04,W1651,52.70766,10.23304,0.0,,12.5,12.3,0.215,12.4,0.166,1.69,icon_d2
2026-10-04,W1652,52.70766,10.2626,0.0,,12.5,12.3,0.215,12.4,0.166,1.69,icon_d2
2026-10-04,W1653,52.70766,10.29217,0.0,,12.4,12.3,0.215,12.4,0.166,1.7,icon_d2
2026-10-04,W1654,52.70766,10.32173,0.0,,12.7,12.3,0.215,12.4,0.166,1.71,icon_d2
2026-10-04,W1655,52.70766,10.3513,0.0,,12.3,12.2,0.21,12.3,0.157,1.73,icon_d2
2026-10-04,W1656,52.70766,10.38086,0.0,,12.6,12.2,0.21,12.3,0.157,1.72,icon_d2
2026-10-04,W1657,52.70766,10.41042,0.0,,12.7,12.2,0.21,12.3,0.157,1.72,icon_d2
2026-10-04,W1658,52.70766,10.43999,0.0,,12.4,12.2,0.21,12.3,0.157,1.7,icon_d2
2026-10-04,W1659,52.70766,10.46955,0.0,,12.5,12.2,0.21,12.3,0.157,1.7,icon_d2
2026-10-04,W1660,52.70766,10.49912,0.0,,12.8,12.4,0.222,12.5,0.186,1.68,icon_d2
2026-10-04,W1661,52.70766,10.52868,0.0,,12.7,12.3,0.196,12.4,0.119,1.68,icon_d2
2026-10-04,W1662,52.70766,10.55825,0.0,,12.8,12.3,0.196,12.4,0.119,1.66,icon_d2
2026-10-04,W1663,52.70766,10.58781,0.0,,13.1,12.3,0.196,12.4,0.119,1.68,icon_d2
2026-10-04,W1664,52.70766,10.61737,0.0,,13.0,12.3,0.196,12.4,0.119,1.66,icon_d2
2026-10-04,W1665,52.70766,10.64694,0.0,,12.0,12.3,0.196,12.4,0.119,1.68,icon_d2
2026-10-04,W1666,52.70766,10.6765,0.0,,11.9,12.2,0.192,12.0,0.104,1.68,icon_d2
2026-10-04,W1667,52.70766,10.70607,0.0,,12.2,12.5,0.188,12.6,0.105,1.68,icon_d2
2026-10-04,W1668,52.70766,10.73563,0.0,,12.4,12.5,0.188,12.6,0.105,1.67,icon_d2
2026-10-04,W1669,52.70766,10.76519,0.0,,12.8,12.5,0.188,12.6,0.105,1.69,icon_d2
2026-10-04,W1670,52.70766,10.79476,0.0,,12.8,12.5,0.188,12.6,0.105,1.68,icon_d2
2026-10-04,W1671,52.70766,10.82432,0.0,,12.8,12.5,0.188,12.6,0.105,1.7,icon_d2
2026-10-04,W1672,52.70766,10.85389,0.0,,12.3,12.9,0.262,12.8,0.181,1.71,icon_d2
2026-10-04,W1673,52.70766,10.88345,0.0,,12.2,12.9,0.262,12.8,0.181,1.71,icon_d2
2026-10-04,W1674,52.70766,10.91302,0.0,,12.7,12.9,0.262,12.8,0.181,1.7,icon_d2
2026-10-04,W1675,52.70766,10.94258,0.0,,12.9,12.9,0.262,12.8,0.181,1.7,icon_d2
2026-10-04,W1676,52.70766,10.97214,0.0,,12.9,12.9,0.262,12.8,0.181,1.7,icon_d2
2026-10-04,W1677,52.70766,11.00171,0.0,,13.0,12.9,0.247,12.8,0.149,1.69,icon_d2
2026-10-04,W1678,52.70766,11.03127,0.0,,12.5,13.4,0.242,13.5,0.146,1.7,icon_d2
2026-10-04,W1679,52.70766,11.06084,0.0,,12.8,13.4,0.242,13.5,0.146,1.71,icon_d2
2026-10-04,W1680,52.70766,11.0904,0.0,,12.4,13.4,0.242,13.5,0.146,1.68,icon_d2
2026-10-04,W1681,52.70766,11.11997,0.0,,12.9,13.4,0.242,13.5,0.146,1.68,icon_d2
2026-10-04,W1682,52.70766,11.14953,0.0,,12.8,13.4,0.242,13.5,0.146,1.67,icon_d2
2026-10-04,W0798,52.7167,10.1295,0.0,,12.5,12.2,0.238,12.4,0.211,1.68,icon_d2
2026-10-04,W0799,52.7167,10.1591,0.0,,12.6,12.6,0.256,13.0,0.243,1.68,icon_d2
2026-10-04,W0800,52.7167,10.1886,0.0,,12.6,12.3,0.215,12.4,0.166,1.68,icon_d2
2026-10-04,W0801,52.7167,10.2182,0.0,,12.7,12.3,0.215,12.4,0.166,1.7,icon_d2
2026-10-04,W0802,52.7167,10.2477,0.0,,12.6,12.3,0.215,12.4,0.166,1.7,icon_d2
2026-10-04,W0803,52.7167,10.2772,0.0,,12.7,12.3,0.215,12.4,0.166,1.69,icon_d2
2026-10-04,W0804,52.7167,10.3068,0.0,,12.2,12.3,0.247,12.5,0.233,1.69,icon_d2
2026-10-04,W0805,52.7167,10.3363,0.0,,12.0,12.3,0.247,12.5,0.233,1.71,icon_d2
2026-10-04,W0806,52.7167,10.3658,0.0,,12.1,12.2,0.21,12.3,0.157,1.72,icon_d2
2026-10-04,W0807,52.7167,10.3954,0.0,,12.2,12.2,0.21,12.3,0.157,1.72,icon_d2
2026-10-04,W0808,52.7167,10.4249,0.0,,12.4,12.2,0.21,12.3,0.157,1.71,icon_d2
2026-10-04,W0809,52.7167,10.4545,0.0,,12.5,12.2,0.21,12.3,0.157,1.7,icon_d2
2026-10-04,W0810,52.7167,10.484,0.0,,12.6,12.4,0.222,12.5,0.186,1.69,icon_d2
2026-10-04,W0811,52.7167,10.5135,0.0,,12.9,12.4,0.222,12.5,0.186,1.68,icon_d2
2026-10-04,W0812,52.7167,10.5431,0.0,,12.9,12.3,0.196,12.4,0.119,1.68,icon_d2
2026-10-04,W0813,52.7167,10.5726,0.0,,13.0,12.3,0.196,12.4,0.119,1.67,icon_d2
2026-10-04,W0814,52.7167,10.6021,0.0,,13.1,12.3,0.196,12.4,0.119,1.68,icon_d2
2026-10-04,W1683,52.72568,10.61737,0.0,,12.8,12.2,0.192,12.0,0.104,1.63,icon_d2
2026-10-04,W0815,52.7167,10.6612,0.0,,12.3,12.2,0.192,12.0,0.104,1.63,icon_d2
2026-10-04,W0816,52.7167,10.6908,0.0,,12.3,12.5,0.188,12.6,0.105,1.67,icon_d2
2026-10-04,W1684,52.72568,10.70607,0.0,,12.2,12.5,0.188,12.6,0.105,1.66,icon_d2
2026-10-04,W1685,52.72568,10.73563,0.0,,12.3,12.5,0.188,12.6,0.105,1.67,icon_d2
2026-10-04,W1686,52.72568,10.76519,0.0,,12.4,12.5,0.188,12.6,0.105,1.66,icon_d2
2026-10-04,W0817,52.7167,10.8089,0.0,,12.6,12.1,0.179,11.8,0.097,1.65,icon_d2
2026-10-04,W0818,52.7167,10.8384,0.0,,12.6,12.1,0.179,11.8,0.097,1.7,icon_d2
2026-10-04,W0819,52.7167,10.868,0.0,,12.6,12.9,0.262,12.8,0.181,1.7,icon_d2
2026-10-04,W0820,52.7167,10.8975,0.0,,12.9,12.9,0.262,12.8,0.181,1.71,icon_d2
2026-10-04,W0821,52.7167,10.9271,0.0,,12.9,12.9,0.262,12.8,0.181,1.69,icon_d2
2026-10-04,W1687,52.72568,10.94258,0.0,,12.9,12.9,0.247,12.8,0.149,1.7,icon_d2
2026-10-04,W1688,52.72568,10.97214,0.0,,12.7,12.9,0.247,12.8,0.149,1.68,icon_d2
2026-10-04,W1689,52.72568,11.00171,0.0,,12.8,12.9,0.247,12.8,0.149,1.69,icon_d2
2026-10-04,W1690,52.72568,11.03127,0.0,,12.8,13.4,0.242,13.5,0.146,1.68,icon_d2
2026-10-04,W0822,52.7167,11.0747,0.0,,12.6,13.4,0.242,13.5,0.146,1.65,icon_d2
2026-10-04,W1691,52.72568,11.0904,0.0,,12.5,13.4,0.242,13.5,0.146,1.67,icon_d2
2026-10-04,W0823,52.7167,11.1338,0.0,,12.8,13.4,0.242,13.5,0.146,1.67,icon_d2
2026-10-04,W1692,52.72568,11.14953,0.0,,12.8,13.5,0.213,13.5,0.131,1.67,icon_d2
2026-10-04,W0825,52.7347,10.1295,0.0,,12.3,12.6,0.256,13.0,0.243,1.67,icon_d2
2026-10-04,W0826,52.7347,10.1591,0.0,,12.4,12.6,0.256,13.0,0.243,1.69,icon_d2
2026-10-04,W0827,52.7347,10.1886,0.0,,12.5,12.6,0.256,13.0,0.243,1.69,icon_d2
2026-10-04,W0828,52.7347,10.2182,0.0,,12.5,12.3,0.215,12.4,0.166,1.7,icon_d2
2026-10-04,W0829,52.7347,10.2477,0.0,,12.8,12.3,0.247,12.5,0.233,1.7,icon_d2
2026-10-04,W0860,52.7527,10.2772,0.0,,12.1,12.3,0.247,12.5,0.233,1.67,icon_d2
2026-10-04,W0830,52.7347,10.3068,0.0,,12.2,12.3,0.247,12.5,0.233,1.68,icon_d2
2026-10-04,W0831,52.7347,10.3363,0.0,,12.2,12.3,0.247,12.5,0.233,1.72,icon_d2
2026-10-04,W0832,52.7347,10.3658,0.0,,12.2,12.2,0.21,12.3,0.157,1.72,icon_d2
2026-10-04,W0833,52.7347,10.3954,0.0,,12.2,12.2,0.21,12.3,0.157,1.7,icon_d2
2026-10-04,W0834,52.7347,10.4249,0.0,,12.3,12.4,0.222,12.5,0.186,1.67,icon_d2
2026-10-04,W0835,52.7347,10.4545,0.0,,12.5,12.4,0.222,12.5,0.186,1.69,icon_d2
2026-10-04,W0836,52.7347,10.484,0.0,,12.4,12.4,0.222,12.5,0.186,1.68,icon_d2
2026-10-04,W0837,52.7347,10.5135,0.0,,13.1,12.4,0.222,12.5,0.186,1.68,icon_d2
2026-10-04,W0838,52.7347,10.5431,0.0,,13.1,12.3,0.196,12.4,0.119,1.7,icon_d2
2026-10-04,W0839,52.7347,10.5726,0.0,,13.0,12.2,0.192,12.0,0.104,1.69,icon_d2
2026-10-04,W0840,52.7347,10.6021,0.0,,12.8,12.2,0.192,12.0,0.104,1.63,icon_d2
2026-10-04,W1694,52.74369,10.61737,0.0,,12.9,12.2,0.192,12.0,0.104,1.63,icon_d2
2026-10-04,W0841,52.7347,10.6612,0.0,,12.6,12.2,0.192,12.0,0.104,1.62,icon_d2
2026-10-04,W1695,52.74369,10.6765,0.0,,12.6,12.2,0.192,12.0,0.104,1.62,icon_d2
2026-10-04,W0872,52.7527,10.7203,0.0,,12.2,12.1,0.179,11.8,0.097,1.54,icon_d2
2026-10-04,W0873,52.7527,10.7498,0.0,,12.2,12.1,0.179,11.8,0.097,1.54,icon_d2
2026-10-04,W0874,52.7527,10.7794,0.0,,12.3,12.1,0.179,11.8,0.097,1.59,icon_d2
2026-10-04,W0842,52.7347,10.8089,0.0,,12.6,12.1,0.179,11.8,0.097,1.64,icon_d2
2026-10-04,W0843,52.7347,10.8384,0.0,,12.1,12.1,0.179,11.8,0.097,1.62,icon_d2
2026-10-04,W0844,52.7347,10.868,0.0,,12.4,12.9,0.262,12.8,0.181,1.66,icon_d2
2026-10-04,W0845,52.7347,10.8975,0.0,,13.0,12.9,0.262,12.8,0.181,1.68,icon_d2
2026-10-04,W0846,52.7347,10.9271,0.0,,12.7,12.9,0.247,12.8,0.149,1.68,icon_d2
2026-10-04,W0847,52.7347,10.9566,0.0,,12.8,12.9,0.247,12.8,0.149,1.66,icon_d2
2026-10-04,W0848,52.7347,10.9861,0.0,,12.3,12.9,0.247,12.8,0.149,1.64,icon_d2
2026-10-04,W0849,52.7347,11.0157,0.0,,12.9,12.9,0.247,12.8,0.149,1.7,icon_d2
2026-10-04,W0850,52.7347,11.0452,0.0,,12.9,13.4,0.242,13.5,0.146,1.69,icon_d2
2026-10-04,W0851,52.7347,11.0747,0.0,,13.0,13.4,0.242,13.5,0.146,1.67,icon_d2
2026-10-04,W0852,52.7347,11.1043,0.0,,12.8,13.5,0.213,13.5,0.131,1.68,icon_d2
2026-10-04,W0853,52.7347,11.1338,0.0,,12.7,13.5,0.213,13.5,0.131,1.67,icon_d2
2026-10-04,W1699,52.74369,11.14953,0.0,,12.7,13.5,0.213,13.5,0.131,1.67,icon_d2
2026-10-04,W0887,52.7707,10.1295,0.0,,11.5,12.6,0.256,13.0,0.243,1.6,icon_d2
2026-10-04,W0888,52.7707,10.1591,0.0,,12.6,12.6,0.256,13.0,0.243,1.62,icon_d2
2026-10-04,W0889,52.7707,10.1886,0.0,,12.6,12.6,0.256,13.0,0.243,1.66,icon_d2
2026-10-04,W0890,52.7707,10.2182,0.0,,12.7,12.3,0.247,12.5,0.233,1.66,icon_d2
2026-10-04,W0891,52.7707,10.2477,0.0,,12.6,12.3,0.247,12.5,0.233,1.66,icon_d2
2026-10-04,W0892,52.7707,10.2772,0.0,,12.3,12.3,0.247,12.5,0.233,1.67,icon_d2
2026-10-04,W0893,52.7707,10.3068,0.0,,12.2,12.3,0.247,12.5,0.233,1.66,icon_d2
2026-10-04,W0894,52.7707,10.3363,0.0,,12.2,12.3,0.247,12.5,0.233,1.69,icon_d2
2026-10-04,W0895,52.7707,10.3658,0.0,,12.4,12.4,0.222,12.5,0.186,1.69,icon_d2
2026-10-04,W0896,52.7707,10.3954,0.0,,12.5,12.4,0.222,12.5,0.186,1.67,icon_d2
2026-10-04,W0897,52.7707,10.4249,0.0,,12.5,12.4,0.222,12.5,0.186,1.67,icon_d2
2026-10-04,W0898,52.7707,10.4545,0.0,,12.8,12.4,0.222,12.5,0.186,1.66,icon_d2
2026-10-04,W0899,52.7707,10.484,0.0,,12.8,12.4,0.222,12.5,0.186,1.64,icon_d2
2026-10-04,W0900,52.7707,10.5135,0.0,,13.1,12.4,0.222,12.5,0.186,1.6,icon_d2
2026-10-04,W0901,52.7707,10.5431,0.0,,13.0,12.2,0.192,12.0,0.104,1.61,icon_d2
2026-10-04,W0902,52.7707,10.5726,0.0,,13.3,12.2,0.192,12.0,0.104,1.59,icon_d2
2026-10-04,W0903,52.7707,10.6021,0.0,,13.3,12.2,0.192,12.0,0.104,1.6,icon_d2
2026-10-04,W0904,52.7707,10.6317,0.0,,12.9,12.2,0.192,12.0,0.104,1.61,icon_d2
2026-10-04,W0905,52.7707,10.6612,0.0,,12.3,12.2,0.192,12.0,0.104,1.61,icon_d2
2026-10-04,W0906,52.7707,10.6908,0.0,,12.6,12.2,0.192,12.0,0.104,1.59,icon_d2
2026-10-04,W0907,52.7707,10.7203,0.0,,12.2,12.1,0.179,11.8,0.097,1.55,icon_d2
2026-10-04,W0908,52.7707,10.7498,0.0,,12.3,12.1,0.179,11.8,0.097,1.56,icon_d2
2026-10-04,W0909,52.7707,10.7794,0.0,,12.1,12.1,0.179,11.8,0.097,1.55,icon_d2
2026-10-04,W0910,52.7707,10.8089,0.0,,12.9,12.1,0.179,11.8,0.097,1.58,icon_d2
2026-10-04,W0911,52.7707,10.8384,0.0,,12.9,12.1,0.179,11.8,0.097,1.58,icon_d2
2026-10-04,W0912,52.7707,10.868,0.0,,12.7,12.1,0.179,11.8,0.097,1.6,icon_d2
2026-10-04,W0913,52.7707,10.8975,0.0,,12.5,12.9,0.247,12.8,0.149,1.6,icon_d2
2026-10-04,W0914,52.7707,10.9271,0.0,,12.7,12.9,0.247,12.8,0.149,1.58,icon_d2
2026-10-04,W0915,52.7707,10.9566,0.0,,12.6,12.9,0.247,12.8,0.149,1.59,icon_d2
2026-10-04,W0916,52.7707,10.9861,0.0,,12.6,12.9,0.247,12.8,0.149,1.61,icon_d2
2026-10-04,W0917,52.7707,11.0157,0.0,,13.2,12.9,0.247,12.8,0.149,1.66,icon_d2
2026-10-04,W0918,52.7707,11.0452,0.0,,12.9,13.5,0.213,13.5,0.131,1.64,icon_d2
2026-10-04,W1700,52.76171,11.06084,0.0,,13.0,13.5,0.213,13.5,0.131,1.65,icon_d2
2026-10-04,W1701,52.76171,11.0904,0.0,,12.8,13.5,0.213,13.5,0.131,1.67,icon_d2
2026-10-04,W1702,52.76171,11.11997,0.0,,12.8,13.5,0.213,13.5,0.131,1.67,icon_d2
2026-10-04,W1703,52.76171,11.14953,0.0,,12.6,13.5,0.213,13.5,0.131,1.67,icon_d2
2026-10-04,W0920,52.7887,10.1295,0.0,,11.5,12.6,0.256,13.0,0.243,1.6,icon_d2
2026-10-04,W0921,52.7887,10.1591,0.0,,12.6,12.6,0.231,12.9,0.202,1.62,icon_d2
2026-10-04,W0922,52.7887,10.1886,0.0,,12.6,12.6,0.231,12.9,0.202,1.66,icon_d2
2026-10-04,W0923,52.7887,10.2182,0.0,,12.6,12.3,0.247,12.5,0.233,1.65,icon_d2
2026-10-04,W0924,52.7887,10.2477,0.0,,12.5,12.3,0.247,12.5,0.233,1.66,icon_d2
2026-10-04,W0925,52.7887,10.2772,0.0,,12.3,12.3,0.247,12.5,0.233,1.67,icon_d2
2026-10-04,W0926,52.7887,10.3068,0.0,,12.2,12.3,0.247,12.5,0.233,1.66,icon_d2
2026-10-04,W0927,52.7887,10.3363,0.0,,12.1,12.5,0.244,12.7,0.226,1.68,icon_d2
2026-10-04,W0928,52.7887,10.3658,0.0,,12.3,12.5,0.244,12.7,0.226,1.69,icon_d2
2026-10-04,W0929,52.7887,10.3954,0.0,,12.5,12.4,0.222,12.5,0.186,1.67,icon_d2
2026-10-04,W0930,52.7887,10.4249,0.0,,12.5,12.4,0.222,12.5,0.186,1.66,icon_d2
2026-10-04,W0931,52.7887,10.4545,0.0,,12.7,12.4,0.222,12.5,0.186,1.65,icon_d2
2026-10-04,W0932,52.7887,10.484,0.0,,12.7,12.5,0.211,12.5,0.156,1.63,icon_d2
2026-10-04,W0933,52.7887,10.5135,0.0,,13.1,12.5,0.211,12.5,0.156,1.6,icon_d2
2026-10-04,W0934,52.7887,10.5431,0.0,,13.1,12.2,0.192,12.0,0.104,1.61,icon_d2
2026-10-04,W0935,52.7887,10.5726,0.0,,13.3,12.2,0.192,12.0,0.104,1.59,icon_d2
2026-10-04,W0936,52.7887,10.6021,0.0,,13.3,12.2,0.192,12.0,0.104,1.6,icon_d2
2026-10-04,W1704,52.77973,10.61737,0.0,,12.9,12.2,0.192,12.0,0.104,1.61,icon_d2
2026-10-04,W0937,52.7887,10.6612,0.0,,12.5,12.1,0.186,11.8,0.097,1.61,icon_d2
2026-10-04,W0938,52.7887,10.6908,0.0,,12.6,12.1,0.186,11.8,0.097,1.59,icon_d2
2026-10-04,W0939,52.7887,10.7203,0.0,,12.3,12.1,0.179,11.8,0.097,1.56,icon_d2
2026-10-04,W0940,52.7887,10.7498,0.0,,12.4,12.1,0.179,11.8,0.097,1.56,icon_d2
2026-10-04,W0941,52.7887,10.7794,0.0,,12.1,12.1,0.179,11.8,0.097,1.55,icon_d2
2026-10-04,W0942,52.7887,10.8089,0.0,,12.7,12.1,0.179,11.8,0.097,1.57,icon_d2
2026-10-04,W0943,52.7887,10.8384,0.0,,13.0,12.1,0.177,11.9,0.092,1.58,icon_d2
2026-10-04,W0944,52.7887,10.868,0.0,,12.8,12.1,0.177,11.9,0.092,1.61,icon_d2
2026-10-04,W0945,52.7887,10.8975,0.0,,12.7,12.9,0.247,12.8,0.149,1.61,icon_d2
2026-10-04,W0946,52.7887,10.9271,0.0,,12.6,12.9,0.247,12.8,0.149,1.58,icon_d2
2026-10-04,W0947,52.7887,10.9566,0.0,,12.5,12.9,0.247,12.8,0.149,1.59,icon_d2
2026-10-04,W1705,52.77973,10.97214,0.0,,12.8,12.9,0.247,12.8,0.149,1.62,icon_d2
2026-10-04,W0948,52.7887,11.0157,0.0,,13.3,12.9,0.256,12.8,0.177,1.66,icon_d2
2026-10-04,W0949,52.7887,11.0452,0.0,,13.1,12.9,0.256,12.8,0.177,1.64,icon_d2
2026-10-04,W0950,52.7887,11.0747,0.0,,13.1,13.5,0.213,13.5,0.131,1.65,icon_d2
2026-10-04,W0951,52.7887,11.1043,0.0,,13.0,13.5,0.213,13.5,0.131,1.67,icon_d2
2026-10-04,W0952,52.7887,11.1338,0.0,,12.9,13.5,0.213,13.5,0.131,1.7,icon_d2
2026-10-04,W1706,52.77973,11.14953,0.0,,12.9,13.5,0.213,13.5,0.131,1.7,icon_d2
2026-10-04,W1707,52.79775,10.11478,0.0,,12.3,12.6,0.231,12.9,0.202,1.61,icon_d2
2026-10-04,W1771,52.79775,10.14435,0.0,,12.0,12.6,0.231,12.9,0.202,1.6,icon_d2
2026-10-04,W1772,52.79775,10.17391,0.0,,12.6,12.6,0.231,12.9,0.202,1.64,icon_d2
2026-10-04,W1773,52.79775,10.20347,0.0,,12.4,12.6,0.231,12.9,0.202,1.63,icon_d2
2026-10-04,W1774,52.79775,10.23304,0.0,,12.4,12.3,0.247,12.5,0.233,1.63,icon_d2
2026-10-04,W1775,52.79775,10.2626,0.0,,12.6,12.3,0.247,12.5,0.233,1.65,icon_d2
2026-10-04,W1776,52.79775,10.29217,0.0,,12.9,12.5,0.244,12.7,0.226,1.69,icon_d2
2026-10-04,W1777,52.79775,10.32173,0.0,,12.6,12.5,0.244,12.7,0.226,1.69,icon_d2
2026-10-04,W1778,52.79775,10.3513,0.0,,12.4,12.5,0.244,12.7,0.226,1.69,icon_d2
2026-10-04,W1779,52.79775,10.38086,0.0,,12.8,12.4,0.222,12.5,0.186,1.69,icon_d2
2026-10-04,W1780,52.79775,10.41042,0.0,,12.5,12.4,0.222,12.5,0.186,1.66,icon_d2
2026-10-04,W1781,52.79775,10.43999,0.0,,12.8,12.4,0.222,12.5,0.186,1.64,icon_d2
2026-10-04,W1782,52.79775,10.46955,0.0,,12.7,12.5,0.211,12.5,0.156,1.63,icon_d2
2026-10-04,W1708,52.79775,10.49912,0.0,,12.9,12.5,0.211,12.5,0.156,1.61,icon_d2
2026-10-04,W1709,52.79775,10.52868,0.0,,13.1,12.5,0.211,12.5,0.156,1.61,icon_d2
2026-10-04,W1710,52.79775,10.55825,0.0,,12.9,12.2,0.192,12.0,0.104,1.62,icon_d2
2026-10-04,W1711,52.79775,10.58781,0.0,,12.7,12.2,0.192,12.0,0.104,1.6,icon_d2
2026-10-04,W1712,52.79775,10.61737,0.0,,12.7,12.1,0.186,11.8,0.097,1.61,icon_d2
2026-10-04,W1713,52.79775,10.64694,0.0,,12.7,12.1,0.186,11.8,0.097,1.61,icon_d2
2026-10-04,W1714,52.79775,10.6765,0.0,,12.6,12.1,0.186,11.8,0.097,1.65,icon_d2
2026-10-04,W1715,52.79775,10.70607,0.0,,12.6,12.1,0.186,11.8,0.097,1.62,icon_d2
2026-10-04,W1716,52.79775,10.73563,0.0,,12.7,12.1,0.179,11.8,0.097,1.58,icon_d2
2026-10-04,W1717,52.79775,10.76519,0.0,,12.7,12.1,0.179,11.8,0.097,1.58,icon_d2
2026-10-04,W1783,52.79775,10.79476,0.0,,12.6,12.1,0.177,11.9,0.092,1.57,icon_d2
2026-10-04,W1718,52.79775,10.82432,0.0,,12.8,12.1,0.177,11.9,0.092,1.58,icon_d2
2026-10-04,W1719,52.79775,10.85389,0.0,,12.7,12.1,0.177,11.9,0.092,1.63,icon_d2
2026-10-04,W1720,52.79775,10.88345,0.0,,12.4,12.9,0.247,12.8,0.149,1.62,icon_d2
2026-10-04,W1721,52.79775,10.91302,0.0,,12.3,12.9,0.247,12.8,0.149,1.67,icon_d2
2026-10-04,W1722,52.79775,10.94258,0.0,,12.5,12.9,0.247,12.8,0.149,1.66,icon_d2
2026-10-04,W1723,52.79775,10.97214,0.0,,12.4,12.9,0.256,12.8,0.177,1.69,icon_d2
2026-10-04,W1724,52.79775,11.00171,0.0,,12.3,12.9,0.256,12.8,0.177,1.68,icon_d2
2026-10-04,W1725,52.79775,11.03127,0.0,,12.9,12.9,0.256,12.8,0.177,1.68,icon_d2
2026-10-04,W1726,52.79775,11.06084,0.0,,12.8,13.5,0.213,13.5,0.131,1.68,icon_d2
2026-10-04,W1727,52.79775,11.0904,0.0,,13.3,13.5,0.213,13.5,0.131,1.7,icon_d2
2026-10-04,W1728,52.79775,11.11997,0.0,,13.3,13.5,0.213,13.5,0.131,1.7,icon_d2
2026-10-04,W1729,52.79775,11.14953,0.0,,13.4,13.4,0.219,13.6,0.131,1.71,icon_d2
2026-10-04,W0954,52.8068,10.1295,0.0,,12.2,12.6,0.231,12.9,0.202,1.61,icon_d2
2026-10-04,W0955,52.8068,10.1591,0.0,,12.6,12.6,0.231,12.9,0.202,1.64,icon_d2
2026-10-04,W0956,52.8068,10.1886,0.0,,12.6,12.6,0.231,12.9,0.202,1.64,icon_d2
2026-10-04,W0957,52.8068,10.2182,0.0,,12.5,12.3,0.247,12.5,0.233,1.64,icon_d2
2026-10-04,W0958,52.8068,10.2477,0.0,,12.4,12.5,0.244,12.7,0.226,1.64,icon_d2
2026-10-04,W0959,52.8068,10.2772,0.0,,12.7,12.5,0.244,12.7,0.226,1.66,icon_d2
2026-10-04,W0960,52.8068,10.3068,0.0,,12.7,12.5,0.244,12.7,0.226,1.68,icon_d2
2026-10-04,W0961,52.8068,10.3363,0.0,,12.8,12.5,0.244,12.7,0.226,1.69,icon_d2
2026-10-04,W0962,52.8068,10.3658,0.0,,12.4,12.5,0.244,12.7,0.226,1.69,icon_d2
2026-10-04,W0963,52.8068,10.3954,0.0,,12.6,12.4,0.222,12.5,0.186,1.69,icon_d2
2026-10-04,W0964,52.8068,10.4249,0.0,,12.5,12.5,0.211,12.5,0.156,1.66,icon_d2
2026-10-04,W0965,52.8068,10.4545,0.0,,12.7,12.5,0.211,12.5,0.156,1.63,icon_d2
2026-10-04,W0966,52.8068,10.484,0.0,,12.8,12.5,0.211,12.5,0.156,1.61,icon_d2
2026-10-04,W0967,52.8068,10.5135,0.0,,13.1,12.5,0.211,12.5,0.156,1.61,icon_d2
2026-10-04,W0968,52.8068,10.5431,0.0,,13.7,12.5,0.211,12.5,0.156,1.63,icon_d2
2026-10-04,W0969,52.8068,10.5726,0.0,,12.9,12.2,0.192,12.0,0.104,1.61,icon_d2
2026-10-04,W0970,52.8068,10.6021,0.0,,12.8,12.1,0.186,11.8,0.097,1.61,icon_d2
2026-10-04,W0971,52.8068,10.6317,0.0,,12.6,12.1,0.186,11.8,0.097,1.61,icon_d2
2026-10-04,W0972,52.8068,10.6612,0.0,,12.6,12.1,0.186,11.8,0.097,1.65,icon_d2
2026-10-04,W0973,52.8068,10.6908,0.0,,12.6,12.1,0.186,11.8,0.097,1.62,icon_d2
2026-10-04,W0974,52.8068,10.7203,0.0,,12.5,12.1,0.179,11.8,0.097,1.62,icon_d2
2026-10-04,W0975,52.8068,10.7498,0.0,,12.6,12.1,0.179,11.8,0.097,1.57,icon_d2
2026-10-04,W0976,52.8068,10.7794,0.0,,12.3,12.1,0.177,11.9,0.092,1.57,icon_d2
2026-10-04,W0977,52.8068,10.8089,0.0,,12.6,12.1,0.177,11.9,0.092,1.57,icon_d2
2026-10-04,W1730,52.81577,10.82432,0.0,,12.9,12.1,0.177,11.9,0.092,1.64,icon_d2
2026-10-04,W0978,52.8068,10.868,0.0,,12.6,12.1,0.177,11.9,0.092,1.62,icon_d2
2026-10-04,W0979,52.8068,10.8975,0.0,,12.5,12.9,0.247,12.8,0.149,1.62,icon_d2
2026-10-04,W1731,52.81577,10.91302,0.0,,12.5,12.9,0.256,12.8,0.177,1.68,icon_d2
2026-10-04,W0980,52.8068,10.9566,0.0,,12.6,12.9,0.256,12.8,0.177,1.66,icon_d2
2026-10-04,W1732,52.81577,10.97214,0.0,,12.3,12.9,0.256,12.8,0.177,1.73,icon_d2
2026-10-04,W1733,52.81577,11.00171,0.0,,12.2,12.9,0.256,12.8,0.177,1.71,icon_d2
2026-10-04,W0981,52.8068,11.0452,0.0,,12.8,12.9,0.256,12.8,0.177,1.68,icon_d2
2026-10-04,W0982,52.8068,11.0747,0.0,,12.9,13.5,0.213,13.5,0.131,1.68,icon_d2
2026-10-04,W0983,52.8068,11.1043,0.0,,13.1,13.4,0.219,13.6,0.131,1.7,icon_d2
2026-10-04,W0984,52.8068,11.1338,0.0,,13.3,13.4,0.219,13.6,0.131,1.7,icon_d2
2026-10-04,W1734,52.81577,11.14953,0.0,,13.1,13.4,0.219,13.6,0.131,1.73,icon_d2
2026-10-04,W0986,52.8248,10.1295,0.0,,11.7,12.6,0.231,12.9,0.202,1.6,icon_d2
2026-10-04,W0987,52.8248,10.1591,0.0,,12.4,12.6,0.231,12.9,0.202,1.61,icon_d2
2026-10-04,W0988,52.8248,10.1886,0.0,,12.5,12.6,0.231,12.9,0.202,1.61,icon_d2
2026-10-04,W0989,52.8248,10.2182,0.0,,12.5,12.5,0.244,12.7,0.226,1.64,icon_d2
2026-10-04,W0990,52.8248,10.2477,0.0,,12.6,12.5,0.244,12.7,0.226,1.65,icon_d2
2026-10-04,W0991,52.8248,10.2772,0.0,,12.7,12.5,0.244,12.7,0.226,1.67,icon_d2
2026-10-04,W0992,52.8248,10.3068,0.0,,12.8,12.5,0.244,12.7,0.226,1.67,icon_d2
2026-10-04,W0993,52.8248,10.3363,0.0,,13.1,12.5,0.244,12.7,0.226,1.69,icon_d2
2026-10-04,W0994,52.8248,10.3658,0.0,,13.0,12.5,0.244,12.7,0.226,1.69,icon_d2
2026-10-04,W0995,52.8248,10.3954,0.0,,12.7,12.5,0.211,12.5,0.156,1.68,icon_d2
2026-10-04,W0996,52.8248,10.4249,0.0,,12.7,12.5,0.211,12.5,0.156,1.67,icon_d2
2026-10-04,W0997,52.8248,10.4545,0.0,,13.1,12.5,0.211,12.5,0.156,1.66,icon_d2
2026-10-04,W0998,52.8248,10.484,0.0,,13.1,12.5,0.211,12.5,0.156,1.66,icon_d2
2026-10-04,W0999,52.8248,10.5135,0.0,,13.0,12.5,0.211,12.5,0.156,1.63,icon_d2
2026-10-04,W1000,52.8248,10.5431,0.0,,13.5,12.5,0.211,12.5,0.156,1.63,icon_d2
2026-10-04,W1001,52.8248,10.5726,0.0,,12.9,12.1,0.186,11.8,0.097,1.62,icon_d2
2026-10-04,W1002,52.8248,10.6021,0.0,,12.6,12.1,0.186,11.8,0.097,1.63,icon_d2
2026-10-04,W1003,52.8248,10.6317,0.0,,12.9,12.1,0.186,11.8,0.097,1.64,icon_d2
2026-10-04,W1735,52.83378,10.64694,0.0,,12.9,12.1,0.186,11.8,0.097,1.64,icon_d2
2026-10-04,W1736,52.83378,10.6765,0.0,,12.4,12.1,0.186,11.8,0.097,1.6,icon_d2
2026-10-04,W1004,52.8248,10.7203,0.0,,12.2,12.1,0.186,11.8,0.097,1.59,icon_d2
2026-10-04,W1005,52.8248,10.7498,0.0,,12.2,12.1,0.177,11.9,0.092,1.65,icon_d2
2026-10-04,W1006,52.8248,10.7794,0.0,,12.8,12.1,0.177,11.9,0.092,1.64,icon_d2
2026-10-04,W1007,52.8248,10.8089,0.0,,12.8,12.1,0.177,11.9,0.092,1.64,icon_d2
2026-10-04,W1737,52.83378,10.82432,0.0,,13.1,12.1,0.177,11.9,0.092,1.68,icon_d2
2026-10-04,W1008,52.8248,10.868,0.0,,12.7,12.1,0.177,11.9,0.092,1.63,icon_d2
2026-10-04,W1009,52.8248,10.8975,0.0,,12.5,12.9,0.256,12.8,0.177,1.64,icon_d2
2026-10-04,W1010,52.8248,10.9271,0.0,,12.4,12.9,0.256,12.8,0.177,1.68,icon_d2
2026-10-04,W1011,52.8248,10.9566,0.0,,12.2,12.9,0.256,12.8,0.177,1.72,icon_d2
2026-10-04,W1012,52.8248,10.9861,0.0,,12.3,12.9,0.256,12.8,0.177,1.73,icon_d2
2026-10-04,W1738,52.83378,11.00171,0.0,,12.3,12.9,0.256,12.8,0.177,1.67,icon_d2
2026-10-04,W1013,52.8248,11.0452,0.0,,12.1,12.9,0.256,12.8,0.177,1.7,icon_d2
2026-10-04,W1739,52.83378,11.06084,0.0,,12.8,13.4,0.219,13.6,0.131,1.68,icon_d2
2026-10-04,W1014,52.8248,11.1043,0.0,,12.9,13.4,0.219,13.6,0.131,1.69,icon_d2
2026-10-04,W1015,52.8248,11.1338,0.0,,13.2,13.4,0.219,13.6,0.131,1.73,icon_d2
2026-10-04,W1740,52.83378,11.14953,0.0,,12.6,13.4,0.219,13.6,0.131,1.7,icon_d2
2026-10-04,W1017,52.8428,10.1295,0.0,,11.4,12.6,0.231,12.9,0.202,1.6,icon_d2
2026-10-04,W1018,52.8428,10.1591,0.0,,12.3,12.6,0.231,12.9,0.202,1.62,icon_d2
2026-10-04,W1019,52.8428,10.1886,0.0,,12.3,12.6,0.231,12.9,0.202,1.63,icon_d2
2026-10-04,W1020,52.8428,10.2182,0.0,,12.5,12.5,0.244,12.7,0.226,1.63,icon_d2
2026-10-04,W1021,52.8428,10.2477,0.0,,12.4,12.5,0.244,12.7,0.226,1.63,icon_d2
2026-10-04,W1022,52.8428,10.2772,0.0,,12.8,12.5,0.244,12.7,0.226,1.66,icon_d2
2026-10-04,W1023,52.8428,10.3068,0.0,,12.9,12.5,0.244,12.7,0.226,1.66,icon_d2
2026-10-04,W1024,52.8428,10.3363,0.0,,12.9,12.5,0.244,12.7,0.226,1.64,icon_d2
2026-10-04,W1025,52.8428,10.3658,0.0,,13.1,12.5,0.244,12.7,0.226,1.62,icon_d2
2026-10-04,W1026,52.8428,10.3954,0.0,,12.9,12.5,0.211,12.5,0.156,1.63,icon_d2
2026-10-04,W1027,52.8428,10.4249,0.0,,12.8,12.5,0.211,12.5,0.156,1.63,icon_d2
2026-10-04,W1028,52.8428,10.4545,0.0,,13.1,12.5,0.211,12.5,0.156,1.69,icon_d2
2026-10-04,W1029,52.8428,10.484,0.0,,13.3,12.5,0.211,12.5,0.156,1.69,icon_d2
2026-10-04,W1030,52.8428,10.5135,0.0,,12.9,12.5,0.211,12.5,0.156,1.67,icon_d2
2026-10-04,W1031,52.8428,10.5431,0.0,,13.1,12.5,0.211,12.5,0.156,1.69,icon_d2
2026-10-04,W1032,52.8428,10.5726,0.0,,12.5,12.1,0.186,11.8,0.097,1.64,icon_d2
2026-10-04,W1033,52.8428,10.6021,0.0,,12.5,12.1,0.186,11.8,0.097,1.64,icon_d2
2026-10-04,W1034,52.8428,10.6317,0.0,,12.7,12.1,0.186,11.8,0.097,1.63,icon_d2
2026-10-04,W1035,52.8428,10.6612,0.0,,12.6,12.1,0.186,11.8,0.097,1.62,icon_d2
2026-10-04,W1036,52.8428,10.7203,0.0,,12.6,12.1,0.186,11.8,0.097,1.67,icon_d2
2026-10-04,W1037,52.8428,10.7498,0.0,,12.0,12.1,0.177,11.9,0.092,1.66,icon_d2
2026-10-04,W1038,52.8428,10.7794,0.0,,12.3,12.1,0.177,11.9,0.092,1.66,icon_d2
2026-10-04,W1039,52.8428,10.8089,0.0,,12.1,12.1,0.177,11.9,0.092,1.65,icon_d2
2026-10-04,W1040,52.8428,10.8384,0.0,,13.0,12.1,0.177,11.9,0.092,1.68,icon_d2
2026-10-04,W1041,52.8428,10.868,0.0,,13.0,12.1,0.177,11.9,0.092,1.7,icon_d2
2026-10-04,W1042,52.8428,10.8975,0.0,,12.7,12.9,0.256,12.8,0.177,1.69,icon_d2
2026-10-04,W1043,52.8428,10.9271,0.0,,12.7,12.9,0.256,12.8,0.177,1.69,icon_d2
2026-10-04,W1044,52.8428,10.9566,0.0,,12.4,12.9,0.256,12.8,0.177,1.72,icon_d2
2026-10-04,W1045,52.8428,10.9861,0.0,,12.4,12.9,0.256,12.8,0.177,1.72,icon_d2
2026-10-04,W1741,52.8428,11.0747,0.0,,13.0,13.4,0.219,13.6,0.131,1.7,icon_d2
2026-10-04,W1784,52.8518,10.6765,0.0,,12.8,12.1,0.186,11.8,0.097,1.63,icon_d2
2026-10-04,W1785,52.8518,11.00171,0.0,,12.2,12.9,0.256,12.8,0.177,1.68,icon_d2
2026-10-04,W1786,52.8518,11.03127,0.0,,12.6,12.6,0.173,12.5,0.076,1.65,icon_d2
2026-10-04,W1787,52.8518,11.0904,0.0,,12.9,13.4,0.219,13.6,0.131,1.68,icon_d2
2026-10-04,W1788,52.8518,11.11997,0.0,,12.8,13.4,0.219,13.6,0.131,1.7,icon_d2
2026-10-04,W1789,52.8518,11.14953,0.0,,12.8,13.4,0.219,13.6,0.131,1.7,icon_d2
2026-10-04,W1790,52.59955,10.73563,0.0,,12.4,12.7,0.192,13.0,0.12,1.7,icon_d2
2026-10-04,W1791,52.61757,10.88345,0.0,,12.8,13.2,0.258,13.5,0.176,1.73,icon_d2
2026-10-04,W1792,52.61757,10.91302,0.0,,12.6,13.2,0.258,13.5,0.176,1.74,icon_d2
2026-10-04,W1793,52.61757,11.14953,0.0,,13.6,13.6,0.245,13.9,0.151,1.69,icon_d2
2026-10-04,W1794,52.63559,10.29217,0.0,,12.4,12.3,0.201,12.4,0.125,1.67,icon_d2
2026-10-04,W1795,52.63559,10.32173,0.0,,12.4,12.3,0.215,12.4,0.166,1.68,icon_d2
2026-10-04,W1796,52.63559,10.52868,0.0,,12.3,12.6,0.185,12.7,0.103,1.62,icon_d2
2026-10-04,W1797,52.63559,10.88345,0.0,,12.6,13.2,0.258,13.5,0.176,1.72,icon_d2
2026-10-04,W1798,52.63559,10.91302,0.0,,12.4,13.2,0.258,13.5,0.176,1.73,icon_d2
2026-10-04,W1799,52.63559,11.06084,0.0,,13.4,13.6,0.245,13.9,0.151,1.71,icon_d2
2026-10-04,W1800,52.63559,11.14953,0.0,,13.4,13.6,0.245,13.9,0.151,1.69,icon_d2
2026-10-04,W1801,52.6536,10.23304,0.0,,12.1,12.3,0.201,12.4,0.125,1.68,icon_d2
2026-10-05,W0013,52.068,10.1295,0.0,,12.9,12.0,0.287,11.5,0.251,1.9,icon_d2
2026-10-05,W0014,52.068,10.1591,0.0,,13.3,12.0,0.287,11.5,0.251,1.96,icon_d2
2026-10-05,W0015,52.068,10.1886,0.0,,13.8,13.2,0.277,13.1,0.207,2.02,icon_d2
2026-10-05,W0016,52.068,10.2182,0.0,,13.8,13.2,0.277,13.1,0.207,2.06,icon_d2
2026-10-05,W0005,52.05,10.2477,0.0,,14.9,13.2,0.277,13.1,0.207,2.15,icon_d2
2026-10-05,W1046,52.05901,10.2626,0.0,,14.5,13.2,0.277,13.1,0.207,2.12,icon_d2
2026-10-05,W1047,52.05901,10.29217,0.0,,13.4,13.2,0.277,13.1,0.207,2.1,icon_d2
2026-10-05,W0017,52.068,10.3363,0.0,,13.7,13.2,0.277,13.1,0.207,2.09,icon_d2
2026-10-05,W0018,52.068,10.3658,0.0,,13.3,12.5,0.259,12.2,0.174,2.13,icon_d2
2026-10-05,W0019,52.068,10.3954,0.0,,14.1,13.2,0.259,12.9,0.174,2.13,icon_d2
2026-10-05,W0020,52.068,10.4249,0.0,,13.1,13.2,0.259,12.9,0.174,2.12,icon_d2
2026-10-05,W1048,52.05901,10.43999,0.0,,13.3,13.2,0.259,12.9,0.174,2.13,icon_d2
2026-10-05,W1049,52.05901,10.46955,0.0,,13.2,13.2,0.259,12.9,0.174,2.13,icon_d2
2026-10-05,W0021,52.068,10.5135,0.0,,12.8,12.9,0.263,13.1,0.196,2.14,icon_d2
2026-10-05,W0022,52.068,10.5431,0.0,,12.7,12.9,0.263,13.1,0.196,2.15,icon_d2
2026-10-05,W1050,52.05901,10.55825,0.0,,12.5,12.9,0.263,13.1,0.196,2.14,icon_d2
2026-10-05,W1051,52.05901,10.58781,0.0,,12.4,12.9,0.263,13.1,0.196,2.13,icon_d2
2026-10-05,W0010,52.05,10.6317,0.0,,12.3,12.9,0.263,13.1,0.196,2.17,icon_d2
2026-10-05,W1053,52.05901,10.64694,0.0,,12.6,12.9,0.263,13.1,0.196,2.17,icon_d2
2026-10-05,W1054,52.05901,10.6765,0.0,,11.8,12.2,0.274,12.2,0.206,2.12,icon_d2
2026-10-05,W1055,52.05901,10.70607,0.0,,12.0,12.2,0.274,12.2,0.206,2.11,icon_d2
2026-10-05,W1056,52.05901,10.73563,0.0,,12.4,12.2,0.274,12.2,0.206,2.09,icon_d2
2026-10-05,W1057,52.05901,10.76519,0.0,,12.7,12.2,0.274,12.2,0.206,2.11,icon_d2
2026-10-05,W0011,52.05,10.8089,0.0,,13.0,12.2,0.274,12.2,0.206,2.18,icon_d2
2026-10-05,W1059,52.05901,10.82432,0.0,,12.2,12.2,0.274,12.2,0.206,2.12,icon_d2
2026-10-05,W1060,52.05901,10.85389,0.0,,12.6,12.0,0.297,12.1,0.241,2.17,icon_d2
2026-10-05,W1061,52.05901,10.88345,0.0,,12.4,12.0,0.297,12.1,0.241,2.18,icon_d2
2026-10-05,W1062,52.05901,10.91302,0.0,,12.4,12.0,0.297,12.1,0.241,2.15,icon_d2
2026-10-05,W1063,52.05901,10.94258,0.0,,11.9,12.0,0.297,12.1,0.241,2.07,icon_d2
2026-10-05,W1064,52.05901,10.97214,0.0,,12.1,12.0,0.297,12.1,0.241,2.07,icon_d2
2026-10-05,W1065,52.05901,11.00171,0.0,,12.0,12.0,0.297,12.1,0.241,2.07,icon_d2
2026-10-05,W1066,52.05901,11.03127,0.0,,12.9,11.8,0.295,11.6,0.245,2.14,icon_d2
2026-10-05,W1067,52.05901,11.06084,0.0,,13.2,11.8,0.295,11.6,0.245,2.17,icon_d2
2026-10-05,W1068,52.05901,11.0904,0.0,,13.1,11.8,0.295,11.6,0.245,2.12,icon_d2
2026-10-05,W1069,52.05901,11.11997,0.0,,13.3,11.8,0.295,11.6,0.245,2.11,icon_d2
2026-10-05,W1070,52.05901,11.14953,0.0,,13.3,11.8,0.295,11.6,0.245,2.1,icon_d2
2026-10-05,W0024,52.086,10.1295,0.0,,12.9,12.8,0.268,12.6,0.224,1.94,icon_d2
2026-10-05,W1071,52.07703,10.14435,0.0,,13.1,12.0,0.287,11.5,0.251,1.96,icon_d2
2026-10-05,W0025,52.086,10.1886,0.0,,13.6,13.2,0.277,13.1,0.207,2.03,icon_d2
2026-10-05,W0026,52.086,10.2182,0.0,,13.7,13.2,0.277,13.1,0.207,2.06,icon_d2
2026-10-05,W1072,52.07703,10.23304,0.0,,13.7,13.2,0.277,13.1,0.207,2.07,icon_d2
2026-10-05,W1073,52.07703,10.2626,0.0,,13.1,13.2,0.277,13.1,0.207,2.08,icon_d2
2026-10-05,W1575,52.07703,10.29217,0.0,,14.2,13.2,0.277,13.1,0.207,2.11,icon_d2
2026-10-05,W0027,52.086,10.3363,0.0,,13.9,13.2,0.263,13.1,0.193,2.06,icon_d2
2026-10-05,W0028,52.086,10.3658,0.0,,14.1,12.5,0.259,12.3,0.174,2.08,icon_d2
2026-10-05,W0029,52.086,10.3954,0.0,,14.3,13.2,0.259,12.9,0.174,2.14,icon_d2
2026-10-05,W1074,52.07703,10.41042,0.0,,14.2,13.2,0.259,12.9,0.174,2.13,icon_d2
2026-10-05,W1075,52.07703,10.43999,0.0,,13.3,13.2,0.259,12.9,0.174,2.13,icon_d2
2026-10-05,W1076,52.07703,10.46955,0.0,,13.3,13.2,0.259,12.9,0.174,2.12,icon_d2
2026-10-05,W0030,52.086,10.5135,0.0,,13.5,12.6,0.251,12.6,0.182,2.1,icon_d2
2026-10-05,W0031,52.086,10.5431,0.0,,13.4,12.9,0.263,13.1,0.196,2.16,icon_d2
2026-10-05,W0032,52.086,10.5726,0.0,,13.1,12.9,0.263,13.1,0.196,2.12,icon_d2
2026-10-05,W1077,52.07703,10.58781,0.0,,12.9,12.9,0.263,13.1,0.196,2.11,icon_d2
2026-10-05,W1576,52.07703,10.61737,0.0,,12.6,12.9,0.263,13.1,0.196,2.11,icon_d2
2026-10-05,W1078,52.07703,10.64694,0.0,,12.6,12.9,0.263,13.1,0.196,2.14,icon_d2
2026-10-05,W1079,52.07703,10.6765,0.0,,12.0,12.2,0.274,12.2,0.206,2.12,icon_d2
2026-10-05,W1080,52.07703,10.70607,0.0,,12.6,12.2,0.274,12.2,0.206,2.09,icon_d2
2026-10-05,W1081,52.07703,10.73563,0.0,,12.7,12.2,0.274,12.2,0.206,2.11,icon_d2
2026-10-05,W1082,52.07703,10.76519,0.0,,13.3,12.2,0.274,12.2,0.206,2.12,icon_d2
2026-10-05,W1577,52.07703,10.79476,0.0,,12.7,12.2,0.274,12.2,0.206,2.1,icon_d2
2026-10-05,W1083,52.07703,10.82432,0.0,,12.8,12.4,0.265,12.5,0.206,2.1,icon_d2
2026-10-05,W1084,52.07703,10.85389,0.0,,13.5,12.0,0.297,12.1,0.241,2.19,icon_d2
2026-10-05,W1085,52.07703,10.88345,0.0,,13.5,12.0,0.297,12.1,0.241,2.2,icon_d2
2026-10-05,W1086,52.07703,10.91302,0.0,,12.9,12.0,0.297,12.1,0.241,2.09,icon_d2
2026-10-05,W1087,52.07703,10.94258,0.0,,12.9,12.0,0.297,12.1,0.241,2.08,icon_d2
2026-10-05,W1088,52.07703,10.97214,0.0,,12.1,12.0,0.297,12.1,0.241,2.04,icon_d2
2026-10-05,W1089,52.07703,11.00171,0.0,,12.2,12.4,0.24,12.3,0.185,2.07,icon_d2
2026-10-05,W1090,52.07703,11.03127,0.0,,12.7,11.8,0.295,11.6,0.245,2.13,icon_d2
2026-10-05,W1091,52.07703,11.06084,0.0,,13.1,11.8,0.295,11.6,0.245,2.16,icon_d2
2026-10-05,W1092,52.07703,11.0904,0.0,,13.8,11.8,0.295,11.6,0.245,2.19,icon_d2
2026-10-05,W0033,52.086,11.1338,0.0,,14.5,12.9,0.254,13.1,0.206,2.2,icon_d2
2026-10-05,W1093,52.07703,11.14953,0.0,,14.6,12.9,0.254,13.1,0.206,2.2,icon_d2
2026-10-05,W1094,52.09505,10.11478,0.0,,13.4,12.8,0.268,12.6,0.224,1.96,icon_d2
2026-10-05,W1095,52.09505,10.14435,0.0,,13.5,12.8,0.268,12.6,0.224,1.97,icon_d2
2026-10-05,W1096,52.09505,10.17391,0.0,,13.0,12.8,0.268,12.6,0.224,1.98,icon_d2
2026-10-05,W1097,52.09505,10.20347,0.0,,13.6,13.2,0.277,13.1,0.207,2.05,icon_d2
2026-10-05,W1098,52.09505,10.23304,0.0,,14.0,13.2,0.277,13.1,0.207,2.03,icon_d2
2026-10-05,W1099,52.09505,10.2626,0.0,,13.4,13.2,0.263,13.1,0.193,2.05,icon_d2
2026-10-05,W1100,52.09505,10.29217,0.0,,14.2,13.2,0.263,13.1,0.193,2.08,icon_d2
2026-10-05,W1101,52.09505,10.32173,0.0,,13.8,13.2,0.263,13.1,0.193,2.08,icon_d2
2026-10-05,W1578,52.09505,10.3513,0.0,,14.6,13.2,0.259,12.9,0.174,2.14,icon_d2
2026-10-05,W1102,52.09505,10.38086,0.0,,14.5,13.2,0.259,12.9,0.174,2.11,icon_d2
2026-10-05,W1103,52.09505,10.41042,0.0,,13.3,13.2,0.259,12.9,0.174,2.14,icon_d2
2026-10-05,W1104,52.09505,10.43999,0.0,,13.3,13.2,0.251,13.2,0.182,2.15,icon_d2
2026-10-05,W1105,52.09505,10.46955,0.0,,13.3,13.2,0.251,13.2,0.182,2.13,icon_d2
2026-10-05,W1106,52.09505,10.49912,0.0,,13.8,13.2,0.251,13.2,0.182,2.07,icon_d2
2026-10-05,W1107,52.09505,10.52868,0.0,,14.4,12.9,0.263,13.1,0.196,2.13,icon_d2
2026-10-05,W1108,52.09505,10.55825,0.0,,12.2,12.9,0.263,13.1,0.196,2.06,icon_d2
2026-10-05,W1109,52.09505,10.58781,0.0,,12.2,12.7,0.254,12.7,0.186,2.06,icon_d2
2026-10-05,W1110,52.09505,10.61737,0.0,,12.5,12.7,0.254,12.7,0.186,2.1,icon_d2
2026-10-05,W1111,52.09505,10.64694,0.0,,12.7,12.7,0.254,12.7,0.186,2.13,icon_d2
2026-10-05,W1112,52.09505,10.6765,0.0,,12.2,12.7,0.254,12.7,0.186,2.12,icon_d2
2026-10-05,W1113,52.09505,10.70607,0.0,,13.4,12.2,0.274,12.2,0.206,2.14,icon_d2
2026-10-05,W1114,52.09505,10.73563,0.0,,13.4,12.2,0.274,12.2,0.206,2.12,icon_d2
2026-10-05,W1115,52.09505,10.76519,0.0,,13.6,12.4,0.265,12.5,0.206,2.12,icon_d2
2026-10-05,W1579,52.09505,10.79476,0.0,,12.7,12.4,0.265,12.5,0.206,2.1,icon_d2
2026-10-05,W1116,52.09505,10.82432,0.0,,12.9,12.4,0.265,12.5,0.206,2.12,icon_d2
2026-10-05,W1117,52.09505,10.85389,0.0,,13.4,12.0,0.297,12.1,0.241,2.12,icon_d2
2026-10-05,W1580,52.09505,10.88345,0.0,,13.2,12.0,0.297,12.1,0.241,2.15,icon_d2
2026-10-05,W1118,52.09505,10.91302,0.0,,13.0,12.0,0.297,12.1,0.241,2.1,icon_d2
2026-10-05,W1581,52.09505,10.94258,0.0,,13.0,12.4,0.24,12.3,0.185,2.1,icon_d2
2026-10-05,W1119,52.09505,10.97214,0.0,,12.3,12.4,0.24,12.3,0.185,2.06,icon_d2
2026-10-05,W1120,52.09505,11.00171,0.0,,12.8,12.4,0.24,12.3,0.185,2.11,icon_d2
2026-10-05,W1121,52.09505,11.03127,0.0,,13.5,11.8,0.295,11.6,0.245,2.2,icon_d2
2026-10-05,W1122,52.09505,11.06084,0.0,,13.6,11.8,0.295,11.6,0.245,2.2,icon_d2
2026-10-05,W1123,52.09505,11.0904,0.0,,13.5,12.9,0.254,13.1,0.206,2.22,icon_d2
2026-10-05,W1124,52.09505,11.11997,0.0,,13.6,12.9,0.254,13.1,0.206,2.22,icon_d2
2026-10-05,W1125,52.09505,11.14953,0.0,,14.7,12.9,0.254,13.1,0.206,2.24,icon_d2
2026-10-05,W0034,52.1041,10.1295,0.0,,13.3,12.8,0.268,12.6,0.224,1.96,icon_d2
2026-10-05,W0035,52.1041,10.1591,0.0,,13.5,12.8,0.268,12.6,0.224,2.02,icon_d2
2026-10-05,W1126,52.11306,10.17391,0.0,,13.1,12.8,0.268,12.6,0.224,1.99,icon_d2
2026-10-05,W0036,52.1041,10.2182,0.0,,13.4,13.2,0.277,13.1,0.207,2.04,icon_d2
2026-10-05,W0037,52.1041,10.2477,0.0,,13.8,13.2,0.263,13.1,0.193,2.02,icon_d2
2026-10-05,W0038,52.1041,10.2772,0.0,,13.0,12.5,0.263,12.4,0.193,2.02,icon_d2
2026-10-05,W0039,52.1041,10.3068,0.0,,14.0,13.2,0.263,13.1,0.193,2.07,icon_d2
2026-10-05,W0040,52.1041,10.3363,0.0,,14.0,13.2,0.263,13.1,0.193,2.08,icon_d2
2026-10-05,W0041,52.1041,10.3658,0.0,,15.1,13.2,0.259,12.9,0.174,2.17,icon_d2
2026-10-05,W1127,52.11306,10.38086,0.0,,14.6,13.2,0.251,13.2,0.182,2.09,icon_d2
2026-10-05,W1128,52.11306,10.41042,0.0,,13.3,13.2,0.251,13.2,0.182,2.11,icon_d2
2026-10-05,W1129,52.11306,10.43999,0.0,,13.2,13.2,0.251,13.2,0.182,2.13,icon_d2
2026-10-05,W0042,52.1041,10.484,0.0,,14.0,13.2,0.251,13.2,0.182,2.12,icon_d2
2026-10-05,W0043,52.1041,10.5135,0.0,,14.3,12.5,0.251,12.5,0.182,2.12,icon_d2
2026-10-05,W0044,52.1041,10.5431,0.0,,14.8,12.9,0.263,13.1,0.196,2.14,icon_d2
2026-10-05,W1130,52.11306,10.55825,0.0,,13.8,12.7,0.254,12.7,0.186,2.09,icon_d2
2026-10-05,W1131,52.11306,10.58781,0.0,,12.9,12.7,0.254,12.7,0.186,2.04,icon_d2
2026-10-05,W1132,52.11306,10.61737,0.0,,13.0,12.7,0.254,12.7,0.186,2.08,icon_d2
2026-10-05,W1582,52.11306,10.64694,0.0,,13.9,12.7,0.254,12.7,0.186,2.14,icon_d2
2026-10-05,W1133,52.11306,10.6765,0.0,,14.6,12.7,0.254,12.7,0.186,2.17,icon_d2
2026-10-05,W1134,52.11306,10.70607,0.0,,13.9,12.4,0.265,12.5,0.206,2.14,icon_d2
2026-10-05,W1135,52.11306,10.73563,0.0,,13.8,12.4,0.265,12.5,0.206,2.09,icon_d2
2026-10-05,W1136,52.11306,10.76519,0.0,,12.5,12.4,0.265,12.5,0.206,2.04,icon_d2
2026-10-05,W1137,52.11306,10.79476,0.0,,12.3,12.4,0.265,12.5,0.206,2.04,icon_d2
2026-10-05,W1138,52.11306,10.82432,0.0,,13.1,12.4,0.265,12.5,0.206,2.07,icon_d2
2026-10-05,W1139,52.11306,10.85389,0.0,,13.5,12.4,0.265,12.5,0.206,2.12,icon_d2
2026-10-05,W1140,52.11306,10.88345,0.0,,13.6,12.4,0.24,12.3,0.185,2.13,icon_d2
2026-10-05,W1141,52.11306,10.91302,0.0,,15.0,12.4,0.24,12.3,0.185,2.24,icon_d2
2026-10-05,W1142,52.11306,10.94258,0.0,,15.0,12.4,0.24,12.3,0.185,2.23,icon_d2
2026-10-05,W1143,52.11306,10.97214,0.0,,13.1,12.4,0.24,12.3,0.185,2.09,icon_d2
2026-10-05,W1144,52.11306,11.00171,0.0,,12.6,12.4,0.24,12.3,0.185,2.1,icon_d2
2026-10-05,W1145,52.11306,11.03127,0.0,,13.0,12.9,0.254,13.1,0.206,2.12,icon_d2
2026-10-05,W1146,52.11306,11.06084,0.0,,13.5,12.9,0.254,13.1,0.206,2.18,icon_d2
2026-10-05,W1147,52.11306,11.0904,0.0,,13.8,12.9,0.254,13.1,0.206,2.19,icon_d2
2026-10-05,W1148,52.11306,11.11997,0.0,,14.6,12.9,0.254,13.1,0.206,2.23,icon_d2
2026-10-05,W1149,52.11306,11.14953,0.0,,14.3,12.9,0.254,13.1,0.206,2.21,icon_d2
2026-10-05,W0046,52.1221,10.1295,0.0,,12.9,12.8,0.268,12.6,0.224,1.92,icon_d2
2026-10-05,W0047,52.1221,10.1591,0.0,,12.8,12.8,0.268,12.6,0.224,1.92,icon_d2
2026-10-05,W0048,52.1221,10.1886,0.0,,13.1,12.8,0.268,12.6,0.224,1.99,icon_d2
2026-10-05,W0049,52.1221,10.2182,0.0,,13.3,13.2,0.263,13.1,0.193,2.01,icon_d2
2026-10-05,W0050,52.1221,10.2477,0.0,,14.0,13.2,0.263,13.1,0.193,2.03,icon_d2
2026-10-05,W0051,52.1221,10.2772,0.0,,14.0,13.2,0.263,13.1,0.193,2.05,icon_d2
2026-10-05,W0052,52.1221,10.3068,0.0,,14.1,13.2,0.263,13.1,0.193,2.06,icon_d2
2026-10-05,W0053,52.1221,10.3363,0.0,,14.4,13.2,0.263,13.1,0.193,2.13,icon_d2
2026-10-05,W1150,52.13108,10.3513,0.0,,14.0,13.2,0.263,13.1,0.193,2.1,icon_d2
2026-10-05,W0054,52.1221,10.3954,0.0,,14.7,13.2,0.251,13.2,0.182,2.1,icon_d2
2026-10-05,W1151,52.13108,10.41042,0.0,,13.4,13.2,0.251,13.2,0.182,2.12,icon_d2
2026-10-05,W1152,52.13108,10.43999,0.0,,13.5,13.2,0.251,13.2,0.182,2.1,icon_d2
2026-10-05,W0055,52.1221,10.484,0.0,,13.8,13.2,0.251,13.2,0.182,2.12,icon_d2
2026-10-05,W0056,52.1221,10.5135,0.0,,14.1,13.2,0.251,13.2,0.182,2.07,icon_d2
2026-10-05,W0057,52.1221,10.5431,0.0,,13.7,12.7,0.254,12.7,0.186,2.09,icon_d2
2026-10-05,W0058,52.1221,10.5726,0.0,,13.1,12.7,0.254,12.7,0.186,2.05,icon_d2
2026-10-05,W1153,52.13108,10.58781,0.0,,12.6,12.7,0.254,12.7,0.186,2.05,icon_d2
2026-10-05,W1583,52.13108,10.61737,0.0,,14.1,12.7,0.254,12.7,0.186,2.12,icon_d2
2026-10-05,W0059,52.1221,10.6612,0.0,,13.8,12.7,0.254,12.7,0.186,2.13,icon_d2
2026-10-05,W0060,52.1221,10.6908,0.0,,13.7,12.4,0.265,12.5,0.206,2.13,icon_d2
2026-10-05,W1154,52.13108,10.70607,0.0,,13.6,12.4,0.265,12.5,0.206,2.1,icon_d2
2026-10-05,W1155,52.13108,10.73563,0.0,,13.3,12.4,0.265,12.5,0.206,2.04,icon_d2
2026-10-05,W1584,52.13108,10.76519,0.0,,12.7,12.4,0.265,12.5,0.206,2.01,icon_d2
2026-10-05,W1156,52.13108,10.79476,0.0,,14.2,12.4,0.265,12.5,0.206,2.08,icon_d2
2026-10-05,W1157,52.13108,10.82432,0.0,,14.1,12.4,0.265,12.5,0.206,2.08,icon_d2
2026-10-05,W1158,52.13108,10.85389,0.0,,14.7,12.4,0.265,12.5,0.206,2.14,icon_d2
2026-10-05,W1159,52.13108,10.88345,0.0,,15.2,12.4,0.24,12.3,0.185,2.22,icon_d2
2026-10-05,W1160,52.13108,10.91302,0.0,,14.6,12.4,0.24,12.3,0.185,2.22,icon_d2
2026-10-05,W1161,52.13108,10.94258,0.0,,14.6,12.4,0.24,12.3,0.185,2.21,icon_d2
2026-10-05,W0061,52.1221,10.9861,0.0,,13.1,12.4,0.24,12.3,0.185,2.08,icon_d2
2026-10-05,W0062,52.1221,11.0157,0.0,,12.5,12.4,0.24,12.3,0.185,2.1,icon_d2
2026-10-05,W0063,52.1221,11.0452,0.0,,12.8,12.9,0.254,13.1,0.206,2.11,icon_d2
2026-10-05,W1162,52.13108,11.06084,0.0,,13.6,12.9,0.254,13.1,0.206,2.09,icon_d2
2026-10-05,W1163,52.13108,11.0904,0.0,,14.4,12.9,0.254,13.1,0.206,2.21,icon_d2
2026-10-05,W1164,52.13108,11.11997,0.0,,14.3,12.9,0.254,13.1,0.206,2.2,icon_d2
2026-10-05,W1165,52.13108,11.14953,0.0,,14.4,12.9,0.254,13.1,0.206,2.24,icon_d2
2026-10-05,W0065,52.1401,10.1295,0.0,,13.6,12.8,0.268,12.6,0.224,1.92,icon_d2
2026-10-05,W0066,52.1401,10.1591,0.0,,13.1,12.8,0.268,12.6,0.224,1.89,icon_d2
2026-10-05,W0067,52.1401,10.1886,0.0,,13.5,12.8,0.268,12.6,0.224,1.96,icon_d2
2026-10-05,W0068,52.1401,10.2182,0.0,,13.5,13.2,0.263,13.1,0.193,2.03,icon_d2
2026-10-05,W1166,52.1491,10.23304,0.0,,13.6,13.2,0.263,13.1,0.193,2.03,icon_d2
2026-10-05,W1167,52.1491,10.2626,0.0,,14.5,13.2,0.263,13.1,0.193,2.07,icon_d2
2026-10-05,W1168,52.1491,10.29217,0.0,,14.5,13.2,0.263,13.1,0.193,2.07,icon_d2
2026-10-05,W1169,52.1491,10.32173,0.0,,14.3,13.2,0.263,13.1,0.193,2.11,icon_d2
2026-10-05,W0069,52.1401,10.3658,0.0,,14.0,13.2,0.251,13.2,0.182,2.1,icon_d2
2026-10-05,W0084,52.1581,10.3954,0.0,,14.1,13.2,0.251,13.2,0.182,2.11,icon_d2
2026-10-05,W0085,52.1581,10.4249,0.0,,14.1,13.2,0.251,13.2,0.182,2.11,icon_d2
2026-10-05,W1170,52.1491,10.43999,0.0,,13.5,13.2,0.251,13.2,0.182,2.11,icon_d2
2026-10-05,W0070,52.1401,10.484,0.0,,14.3,13.2,0.251,13.2,0.182,2.1,icon_d2
2026-10-05,W0071,52.1401,10.5135,0.0,,14.8,13.2,0.251,13.2,0.182,2.11,icon_d2
2026-10-05,W0072,52.1401,10.5431,0.0,,13.9,12.7,0.254,12.7,0.186,2.08,icon_d2
2026-10-05,W0073,52.1401,10.5726,0.0,,12.8,12.7,0.254,12.7,0.186,2.06,icon_d2
2026-10-05,W1171,52.1491,10.58781,0.0,,12.8,12.7,0.254,12.7,0.186,2.06,icon_d2
2026-10-05,W0074,52.1401,10.6317,0.0,,13.6,12.0,0.254,12.1,0.186,2.05,icon_d2
2026-10-05,W0075,52.1401,10.6612,0.0,,13.0,11.9,0.254,12.0,0.186,2.03,icon_d2
2026-10-05,W0076,52.1401,10.6908,0.0,,14.0,12.4,0.265,12.5,0.206,2.12,icon_d2
2026-10-05,W0077,52.1401,10.7203,0.0,,13.5,12.4,0.265,12.5,0.206,2.04,icon_d2
2026-10-05,W1172,52.1491,10.73563,0.0,,13.4,12.4,0.265,12.5,0.206,2.04,icon_d2
2026-10-05,W1173,52.1491,10.76519,0.0,,12.8,12.4,0.265,12.5,0.206,2.01,icon_d2
2026-10-05,W1174,52.1491,10.79476,0.0,,14.1,12.4,0.265,12.5,0.206,2.07,icon_d2
2026-10-05,W0090,52.1581,10.8384,0.0,,13.9,12.8,0.233,12.8,0.155,2.09,icon_d2
2026-10-05,W0078,52.1401,10.868,0.0,,14.7,12.4,0.24,12.3,0.185,2.14,icon_d2
2026-10-05,W0079,52.1401,10.8975,0.0,,14.6,12.4,0.24,12.3,0.185,2.19,icon_d2
2026-10-05,W0080,52.1401,10.9271,0.0,,14.8,11.7,0.24,11.6,0.185,2.19,icon_d2
2026-10-05,W0081,52.1401,10.9566,0.0,,15.1,12.4,0.24,12.3,0.185,2.21,icon_d2
2026-10-05,W0095,52.1581,10.9861,0.0,,13.9,13.1,0.225,12.9,0.15,2.09,icon_d2
2026-10-05,W0096,52.1581,11.0157,0.0,,13.1,13.1,0.225,12.9,0.15,2.04,icon_d2
2026-10-05,W0082,52.1401,11.0452,0.0,,12.9,12.9,0.254,13.1,0.206,2.08,icon_d2
2026-10-05,W1175,52.1491,11.06084,0.0,,13.5,12.9,0.254,13.1,0.206,2.09,icon_d2
2026-10-05,W0098,52.1581,11.1043,0.0,,14.0,12.9,0.254,13.1,0.206,2.13,icon_d2
2026-10-05,W1176,52.1491,11.11997,0.0,,14.2,12.9,0.254,13.1,0.206,2.2,icon_d2
2026-10-05,W1177,52.1491,11.14953,0.0,,14.5,12.9,0.254,13.1,0.206,2.24,icon_d2
2026-10-05,W1585,52.16712,10.11478,0.0,,14.1,12.9,0.269,12.8,0.23,2.06,icon_d2
2026-10-05,W1178,52.16712,10.14435,0.0,,14.2,12.9,0.269,12.8,0.23,2.03,icon_d2
2026-10-05,W1179,52.16712,10.17391,0.0,,14.1,12.9,0.269,12.8,0.23,2.01,icon_d2
2026-10-05,W0099,52.1761,10.2182,0.0,,13.8,13.2,0.263,13.1,0.193,2.02,icon_d2
2026-10-05,W1180,52.16712,10.23304,0.0,,13.5,13.2,0.263,13.1,0.193,2.0,icon_d2
2026-10-05,W1181,52.16712,10.2626,0.0,,13.6,13.2,0.263,13.1,0.193,2.01,icon_d2
2026-10-05,W1182,52.16712,10.29217,0.0,,14.5,13.2,0.242,13.0,0.198,2.08,icon_d2
2026-10-05,W1183,52.16712,10.32173,0.0,,14.5,13.2,0.242,13.0,0.198,2.08,icon_d2
2026-10-05,W0100,52.1761,10.3658,0.0,,14.0,13.2,0.242,13.0,0.198,2.12,icon_d2
2026-10-05,W1184,52.16712,10.38086,0.0,,13.8,13.2,0.251,13.2,0.182,2.1,icon_d2
2026-10-05,W0101,52.1761,10.4249,0.0,,14.0,13.3,0.227,13.1,0.15,2.12,icon_d2
2026-10-05,W0102,52.1761,10.4545,0.0,,13.7,13.3,0.227,13.1,0.15,2.12,icon_d2
2026-10-05,W0103,52.1761,10.484,0.0,,13.8,13.3,0.227,13.1,0.15,2.13,icon_d2
2026-10-05,W1185,52.16712,10.49912,0.0,,14.2,13.3,0.227,13.1,0.15,2.12,icon_d2
2026-10-05,W0104,52.1761,10.5431,0.0,,13.8,12.7,0.254,12.7,0.186,2.09,icon_d2
2026-10-05,W1186,52.16712,10.55825,0.0,,12.6,12.7,0.254,12.7,0.186,2.07,icon_d2
2026-10-05,W1187,52.16712,10.58781,0.0,,12.5,12.7,0.254,12.7,0.186,2.07,icon_d2
2026-10-05,W1188,52.16712,10.61737,0.0,,13.5,12.6,0.228,12.5,0.165,2.07,icon_d2
2026-10-05,W1189,52.16712,10.64694,0.0,,14.4,12.6,0.228,12.5,0.165,2.1,icon_d2
2026-10-05,W1586,52.16712,10.6765,0.0,,13.9,12.6,0.228,12.5,0.165,2.08,icon_d2
2026-10-05,W1190,52.16712,10.70607,0.0,,13.8,12.4,0.265,12.5,0.206,2.05,icon_d2
2026-10-05,W1587,52.16712,10.73563,0.0,,14.1,12.4,0.265,12.5,0.206,2.08,icon_d2
2026-10-05,W0105,52.1761,10.7794,0.0,,14.5,12.8,0.233,12.8,0.155,2.09,icon_d2
2026-10-05,W0106,52.1761,10.8089,0.0,,14.3,12.8,0.233,12.8,0.155,2.08,icon_d2
2026-10-05,W0107,52.1761,10.8384,0.0,,14.4,12.8,0.233,12.8,0.155,2.12,icon_d2
2026-10-05,W0108,52.1761,10.868,0.0,,14.5,12.8,0.233,12.8,0.155,2.14,icon_d2
2026-10-05,W0109,52.1761,10.8975,0.0,,14.4,12.4,0.24,12.3,0.185,2.13,icon_d2
2026-10-05,W0110,52.1761,10.9271,0.0,,14.8,13.1,0.225,12.9,0.15,2.16,icon_d2
2026-10-05,W0111,52.1761,10.9566,0.0,,13.7,13.1,0.225,12.9,0.15,2.08,icon_d2
2026-10-05,W0112,52.1761,10.9861,0.0,,13.5,13.1,0.225,12.9,0.15,2.06,icon_d2
2026-10-05,W0113,52.1761,11.0157,0.0,,13.2,13.1,0.225,12.9,0.15,2.05,icon_d2
2026-10-05,W0114,52.1761,11.0452,0.0,,13.4,12.9,0.254,13.1,0.206,2.05,icon_d2
2026-10-05,W1191,52.16712,11.06084,0.0,,13.9,12.9,0.254,13.1,0.206,2.09,icon_d2
2026-10-05,W0115,52.1761,11.1043,0.0,,14.3,13.0,0.234,12.9,0.149,2.15,icon_d2
2026-10-05,W1192,52.16712,11.11997,0.0,,14.3,13.0,0.234,12.9,0.149,2.2,icon_d2
2026-10-05,W1193,52.16712,11.14953,0.0,,14.7,13.0,0.234,12.9,0.149,2.26,icon_d2
2026-10-05,W0116,52.1941,10.1,0.0,,13.7,12.9,0.269,12.8,0.23,2.03,icon_d2
2026-10-05,W1194,52.18514,10.14435,0.0,,13.8,12.9,0.269,12.8,0.23,2.05,icon_d2
2026-10-05,W1588,52.18514,10.17391,0.0,,14.1,12.9,0.269,12.8,0.23,2.05,icon_d2
2026-10-05,W1195,52.18514,10.20347,0.0,,14.2,12.9,0.269,12.8,0.23,2.06,icon_d2
2026-10-05,W1196,52.18514,10.23304,0.0,,14.1,13.2,0.242,13.0,0.198,2.06,icon_d2
2026-10-05,W1197,52.18514,10.2626,0.0,,13.7,13.2,0.242,13.0,0.198,2.04,icon_d2
2026-10-05,W0117,52.1941,10.3068,0.0,,14.0,13.2,0.242,13.0,0.198,2.09,icon_d2
2026-10-05,W0118,52.1941,10.3363,0.0,,13.9,13.2,0.242,13.0,0.198,2.11,icon_d2
2026-10-05,W1198,52.18514,10.3513,0.0,,14.1,13.2,0.242,13.0,0.198,2.12,icon_d2
2026-10-05,W1199,52.18514,10.38086,0.0,,13.9,13.3,0.227,13.1,0.15,2.11,icon_d2
2026-10-05,W1200,52.18514,10.41042,0.0,,14.0,13.3,0.227,13.1,0.15,2.12,icon_d2
2026-10-05,W1201,52.18514,10.43999,0.0,,14.2,13.3,0.227,13.1,0.15,2.11,icon_d2
2026-10-05,W1202,52.18514,10.46955,0.0,,13.8,13.3,0.227,13.1,0.15,2.12,icon_d2
2026-10-05,W1203,52.18514,10.49912,0.0,,13.9,13.3,0.227,13.1,0.15,2.1,icon_d2
2026-10-05,W0119,52.1941,10.5431,0.0,,13.8,13.3,0.227,13.1,0.15,2.07,icon_d2
2026-10-05,W1204,52.18514,10.55825,0.0,,13.4,12.6,0.228,12.5,0.165,2.06,icon_d2
2026-10-05,W1205,52.18514,10.58781,0.0,,13.2,12.6,0.228,12.5,0.165,2.09,icon_d2
2026-10-05,W0120,52.1941,10.6317,0.0,,13.6,12.6,0.228,12.5,0.165,2.06,icon_d2
2026-10-05,W1206,52.18514,10.64694,0.0,,13.3,12.6,0.228,12.5,0.165,2.06,icon_d2
2026-10-05,W0121,52.1941,10.6908,0.0,,14.8,12.6,0.228,12.5,0.165,2.06,icon_d2
2026-10-05,W0122,52.1941,10.7203,0.0,,15.0,12.8,0.233,12.8,0.155,2.06,icon_d2
2026-10-05,W0123,52.1941,10.7498,0.0,,13.9,11.6,0.233,11.6,0.155,2.06,icon_d2
2026-10-05,W0124,52.1941,10.7794,0.0,,14.3,12.0,0.233,12.0,0.155,2.08,icon_d2
2026-10-05,W0125,52.1941,10.8089,0.0,,14.2,11.9,0.233,11.9,0.155,2.1,icon_d2
2026-10-05,W0126,52.1941,10.8384,0.0,,14.8,12.8,0.233,12.8,0.155,2.14,icon_d2
2026-10-05,W0127,52.1941,10.868,0.0,,14.5,12.8,0.233,12.8,0.155,2.15,icon_d2
2026-10-05,W1589,52.18514,10.88345,0.0,,15.1,13.1,0.225,12.9,0.15,2.2,icon_d2
2026-10-05,W0128,52.1941,10.9271,0.0,,14.0,13.1,0.225,12.9,0.15,2.12,icon_d2
2026-10-05,W0129,52.1941,10.9566,0.0,,13.1,13.1,0.225,12.9,0.15,2.06,icon_d2
2026-10-05,W1590,52.18514,10.97214,0.0,,13.1,13.1,0.225,12.9,0.15,2.04,icon_d2
2026-10-05,W1207,52.18514,11.00171,0.0,,13.1,13.1,0.225,12.9,0.15,2.04,icon_d2
2026-10-05,W0130,52.1941,11.0452,0.0,,13.2,13.0,0.234,12.9,0.149,2.05,icon_d2
2026-10-05,W0131,52.1941,11.0747,0.0,,14.0,13.0,0.234,12.9,0.149,2.11,icon_d2
2026-10-05,W0132,52.1941,11.1043,0.0,,14.3,13.0,0.234,12.9,0.149,2.12,icon_d2
2026-10-05,W1208,52.18514,11.11997,0.0,,14.4,13.0,0.234,12.9,0.149,2.18,icon_d2
2026-10-05,W1209,52.18514,11.14953,0.0,,14.7,13.0,0.234,12.9,0.149,2.23,icon_d2
2026-10-05,W1210,52.20315,10.11478,0.0,,13.8,12.9,0.269,12.8,0.23,2.03,icon_d2
2026-10-05,W1211,52.20315,10.14435,0.0,,13.8,12.9,0.269,12.8,0.23,2.04,icon_d2
2026-10-05,W1212,52.20315,10.17391,0.0,,14.1,12.9,0.269,12.8,0.23,2.08,icon_d2
2026-10-05,W1591,52.20315,10.20347,0.0,,14.2,12.9,0.269,12.8,0.23,2.09,icon_d2
2026-10-05,W1213,52.20315,10.23304,0.0,,14.3,13.2,0.242,13.0,0.198,2.08,icon_d2
2026-10-05,W1214,52.20315,10.2626,0.0,,14.3,13.2,0.242,13.0,0.198,2.08,icon_d2
2026-10-05,W1215,52.20315,10.29217,0.0,,13.9,13.2,0.242,13.0,0.198,2.09,icon_d2
2026-10-05,W1216,52.20315,10.32173,0.0,,13.7,13.2,0.242,13.0,0.198,2.06,icon_d2
2026-10-05,W1217,52.20315,10.3513,0.0,,13.9,13.2,0.242,13.0,0.198,2.11,icon_d2
2026-10-05,W1218,52.20315,10.38086,0.0,,14.0,13.3,0.227,13.1,0.15,2.12,icon_d2
2026-10-05,W1219,52.20315,10.41042,0.0,,13.8,13.3,0.227,13.1,0.15,2.1,icon_d2
2026-10-05,W1220,52.20315,10.43999,0.0,,14.3,13.3,0.227,13.1,0.15,2.11,icon_d2
2026-10-05,W1221,52.20315,10.46955,0.0,,14.0,13.3,0.227,13.1,0.15,2.1,icon_d2
2026-10-05,W1222,52.20315,10.49912,0.0,,13.9,13.3,0.227,13.1,0.15,2.1,icon_d2
2026-10-05,W1223,52.20315,10.52868,0.0,,13.8,13.3,0.227,13.1,0.15,2.1,icon_d2
2026-10-05,W1224,52.20315,10.55825,0.0,,13.9,12.6,0.228,12.5,0.165,2.08,icon_d2
2026-10-05,W1225,52.20315,10.58781,0.0,,13.6,12.6,0.228,12.5,0.165,2.07,icon_d2
2026-10-05,W1226,52.20315,10.61737,0.0,,13.2,12.6,0.228,12.5,0.165,2.08,icon_d2
2026-10-05,W1227,52.20315,10.64694,0.0,,13.6,12.6,0.228,12.5,0.165,2.06,icon_d2
2026-10-05,W1228,52.20315,10.6765,0.0,,14.4,12.6,0.228,12.5,0.165,2.06,icon_d2
2026-10-05,W1229,52.20315,10.70607,0.0,,14.7,12.6,0.228,12.5,0.165,2.05,icon_d2
2026-10-05,W1592,52.20315,10.73563,0.0,,14.4,12.0,0.233,12.0,0.155,2.03,icon_d2
2026-10-05,W1230,52.20315,10.76519,0.0,,14.2,11.9,0.233,11.9,0.155,2.08,icon_d2
2026-10-05,W1593,52.20315,10.79476,0.0,,14.1,11.8,0.233,11.8,0.155,2.1,icon_d2
2026-10-05,W1594,52.20315,10.82432,0.0,,14.3,12.1,0.233,12.1,0.155,2.11,icon_d2
2026-10-05,W1595,52.20315,10.85389,0.0,,14.5,12.8,0.233,12.8,0.155,2.15,icon_d2
2026-10-05,W1231,52.20315,10.88345,0.0,,14.8,13.1,0.225,12.9,0.15,2.16,icon_d2
2026-10-05,W1232,52.20315,10.91302,0.0,,14.1,13.1,0.225,12.9,0.15,2.13,icon_d2
2026-10-05,W1233,52.20315,10.94258,0.0,,13.2,13.1,0.225,12.9,0.15,2.08,icon_d2
2026-10-05,W1234,52.20315,10.97214,0.0,,12.2,13.1,0.225,12.9,0.15,2.04,icon_d2
2026-10-05,W1235,52.20315,11.00171,0.0,,12.9,13.1,0.225,12.9,0.15,2.05,icon_d2
2026-10-05,W1236,52.20315,11.03127,0.0,,13.3,13.1,0.225,12.9,0.15,2.05,icon_d2
2026-10-05,W1237,52.20315,11.06084,0.0,,13.2,13.0,0.234,12.9,0.149,2.04,icon_d2
2026-10-05,W1238,52.20315,11.0904,0.0,,14.2,13.0,0.234,12.9,0.149,2.12,icon_d2
2026-10-05,W1239,52.20315,11.11997,0.0,,14.7,13.0,0.234,12.9,0.149,2.2,icon_d2
2026-10-05,W1240,52.20315,11.14953,0.0,,14.4,13.0,0.234,12.9,0.149,2.15,icon_d2
2026-10-05,W1596,52.22117,10.11478,0.0,,13.7,12.9,0.269,12.8,0.23,2.04,icon_d2
2026-10-05,W1241,52.22117,10.14435,0.0,,13.6,12.9,0.269,12.8,0.23,2.04,icon_d2
2026-10-05,W1597,52.22117,10.17391,0.0,,13.8,12.9,0.269,12.8,0.23,2.06,icon_d2
2026-10-05,W1242,52.22117,10.20347,0.0,,13.9,13.0,0.26,12.8,0.23,2.06,icon_d2
2026-10-05,W1243,52.22117,10.23304,0.0,,14.1,13.2,0.242,13.0,0.198,2.09,icon_d2
2026-10-05,W1244,52.22117,10.2626,0.0,,13.9,13.2,0.242,13.0,0.198,2.12,icon_d2
2026-10-05,W1245,52.22117,10.29217,0.0,,13.8,13.2,0.242,13.0,0.198,2.12,icon_d2
2026-10-05,W0133,52.2122,10.3363,0.0,,13.7,13.2,0.242,13.0,0.198,2.1,icon_d2
2026-10-05,W1246,52.22117,10.3513,0.0,,13.9,13.1,0.224,12.8,0.169,2.1,icon_d2
2026-10-05,W1247,52.22117,10.38086,0.0,,14.0,13.1,0.224,12.8,0.169,2.1,icon_d2
2026-10-05,W1248,52.22117,10.41042,0.0,,14.0,13.3,0.227,13.1,0.15,2.12,icon_d2
2026-10-05,W1249,52.22117,10.43999,0.0,,13.8,13.3,0.227,13.1,0.15,2.1,icon_d2
2026-10-05,W1250,52.22117,10.46955,0.0,,13.9,13.3,0.227,13.1,0.15,2.1,icon_d2
2026-10-05,W1251,52.22117,10.49912,0.0,,13.7,13.3,0.227,13.1,0.15,2.09,icon_d2
2026-10-05,W0134,52.2122,10.5431,0.0,,13.8,13.6,0.204,13.2,0.15,2.07,icon_d2
2026-10-05,W0135,52.2122,10.5726,0.0,,13.4,12.6,0.228,12.5,0.165,2.03,icon_d2
2026-10-05,W0136,52.2122,10.6021,0.0,,13.5,12.6,0.228,12.5,0.165,2.04,icon_d2
2026-10-05,W1252,52.22117,10.61737,0.0,,13.5,12.6,0.228,12.5,0.165,2.04,icon_d2
2026-10-05,W1253,52.22117,10.64694,0.0,,13.3,12.6,0.228,12.5,0.165,2.03,icon_d2
2026-10-05,W1254,52.22117,10.6765,0.0,,14.7,13.0,0.215,12.4,0.157,2.07,icon_d2
2026-10-05,W0137,52.2122,10.7203,0.0,,14.5,12.0,0.233,12.0,0.155,2.05,icon_d2
2026-10-05,W0138,52.2122,10.7498,0.0,,14.7,12.8,0.233,12.8,0.155,2.06,icon_d2
2026-10-05,W0139,52.2122,10.7794,0.0,,14.2,11.7,0.233,11.7,0.155,2.09,icon_d2
2026-10-05,W0140,52.2122,10.8089,0.0,,14.6,11.9,0.233,11.9,0.155,2.14,icon_d2
2026-10-05,W0141,52.2122,10.8384,0.0,,14.5,12.8,0.233,12.8,0.155,2.11,icon_d2
2026-10-05,W1598,52.22117,10.85389,0.0,,15.1,12.9,0.217,12.5,0.149,2.14,icon_d2
2026-10-05,W0142,52.2122,10.8975,0.0,,13.0,13.1,0.225,12.9,0.15,2.11,icon_d2
2026-10-05,W0143,52.2122,10.9271,0.0,,13.1,13.1,0.225,12.9,0.15,2.13,icon_d2
2026-10-05,W0144,52.2122,10.9566,0.0,,12.9,13.1,0.225,12.9,0.15,2.09,icon_d2
2026-10-05,W0145,52.2122,10.9861,0.0,,12.9,13.1,0.225,12.9,0.15,2.06,icon_d2
2026-10-05,W0146,52.2122,11.0157,0.0,,14.2,13.1,0.225,12.9,0.15,2.1,icon_d2
2026-10-05,W0147,52.2122,11.0452,0.0,,13.2,13.0,0.234,12.9,0.149,2.04,icon_d2
2026-10-05,W0148,52.2122,11.0747,0.0,,14.0,13.0,0.234,12.9,0.149,2.1,icon_d2
2026-10-05,W0149,52.2122,11.1043,0.0,,14.3,13.0,0.234,12.9,0.149,2.13,icon_d2
2026-10-05,W0150,52.2122,11.1338,0.0,,14.0,13.0,0.234,12.9,0.149,2.15,icon_d2
2026-10-05,W1255,52.22117,11.14953,0.0,,13.7,13.0,0.234,12.9,0.149,2.13,icon_d2
2026-10-05,W1256,52.23919,10.11478,0.0,,13.4,13.0,0.26,12.8,0.23,2.02,icon_d2
2026-10-05,W1257,52.23919,10.14435,0.0,,13.7,13.0,0.26,12.8,0.23,2.05,icon_d2
2026-10-05,W1258,52.23919,10.17391,0.0,,13.6,13.0,0.26,12.8,0.23,2.06,icon_d2
2026-10-05,W1259,52.23919,10.20347,0.0,,13.5,13.0,0.26,12.8,0.23,2.06,icon_d2
2026-10-05,W1260,52.23919,10.23304,0.0,,13.6,13.2,0.242,13.0,0.198,2.07,icon_d2
2026-10-05,W1261,52.23919,10.2626,0.0,,13.7,13.2,0.242,13.0,0.198,2.08,icon_d2
2026-10-05,W1262,52.23919,10.29217,0.0,,13.9,13.1,0.224,12.8,0.169,2.13,icon_d2
2026-10-05,W1263,52.23919,10.32173,0.0,,13.9,13.1,0.224,12.8,0.169,2.13,icon_d2
2026-10-05,W1264,52.23919,10.3513,0.0,,13.7,13.1,0.224,12.8,0.169,2.11,icon_d2
2026-10-05,W1265,52.23919,10.38086,0.0,,13.6,13.1,0.224,12.8,0.169,2.08,icon_d2
2026-10-05,W1266,52.23919,10.41042,0.0,,13.9,13.3,0.227,13.1,0.15,2.09,icon_d2
2026-10-05,W1267,52.23919,10.43999,0.0,,13.8,13.3,0.227,13.1,0.15,2.09,icon_d2
2026-10-05,W1268,52.23919,10.46955,0.0,,13.9,13.6,0.204,13.2,0.15,2.09,icon_d2
2026-10-05,W1269,52.23919,10.49912,0.0,,13.8,13.6,0.204,13.2,0.15,2.09,icon_d2
2026-10-05,W0151,52.2302,10.5431,0.0,,13.9,13.6,0.204,13.2,0.15,2.06,icon_d2
2026-10-05,W0152,52.2302,10.5726,0.0,,13.6,12.6,0.228,12.5,0.165,2.06,icon_d2
2026-10-05,W0153,52.2302,10.6021,0.0,,13.6,12.6,0.228,12.5,0.165,2.04,icon_d2
2026-10-05,W0154,52.2302,10.6317,0.0,,14.0,12.6,0.228,12.5,0.165,2.07,icon_d2
2026-10-05,W0155,52.2302,10.6612,0.0,,14.1,13.0,0.215,12.4,0.157,2.08,icon_d2
2026-10-05,W1270,52.23919,10.6765,0.0,,14.1,13.0,0.215,12.4,0.157,2.08,icon_d2
2026-10-05,W0156,52.2302,10.7203,0.0,,14.9,12.8,0.233,12.8,0.155,2.17,icon_d2
2026-10-05,W0157,52.2302,10.7498,0.0,,14.6,12.1,0.233,12.1,0.155,2.16,icon_d2
2026-10-05,W0158,52.2302,10.7794,0.0,,14.4,11.9,0.233,11.9,0.155,2.1,icon_d2
2026-10-05,W0159,52.2302,10.8089,0.0,,14.8,12.8,0.233,12.8,0.155,2.12,icon_d2
2026-10-05,W0160,52.2302,10.8384,0.0,,14.7,12.9,0.217,12.5,0.149,2.11,icon_d2
2026-10-05,W1271,52.23919,10.85389,0.0,,14.7,12.9,0.217,12.5,0.149,2.12,icon_d2
2026-10-05,W1272,52.23919,10.88345,0.0,,13.4,12.9,0.217,12.5,0.149,2.1,icon_d2
2026-10-05,W1273,52.23919,10.91302,0.0,,13.2,13.1,0.225,12.9,0.15,2.14,icon_d2
2026-10-05,W1274,52.23919,10.94258,0.0,,13.1,13.1,0.225,12.9,0.15,2.13,icon_d2
2026-10-05,W1275,52.23919,10.97214,0.0,,13.5,13.1,0.232,12.6,0.158,2.09,icon_d2
2026-10-05,W0161,52.2302,11.0157,0.0,,13.9,13.1,0.232,12.6,0.158,2.08,icon_d2
2026-10-05,W0162,52.2302,11.0452,0.0,,14.0,13.1,0.232,12.6,0.158,2.07,icon_d2
2026-10-05,W0163,52.2302,11.0747,0.0,,13.8,13.0,0.234,12.9,0.149,2.07,icon_d2
2026-10-05,W0164,52.2302,11.1043,0.0,,13.9,13.0,0.234,12.9,0.149,2.07,icon_d2
2026-10-05,W1276,52.23919,11.11997,0.0,,13.7,13.0,0.235,12.4,0.147,2.09,icon_d2
2026-10-05,W1277,52.23919,11.14953,0.0,,14.0,13.0,0.235,12.4,0.147,2.1,icon_d2
2026-10-05,W1278,52.25721,10.11478,0.0,,13.7,13.0,0.26,12.8,0.23,2.04,icon_d2
2026-10-05,W0165,52.2482,10.1591,0.0,,13.5,13.0,0.26,12.8,0.23,2.05,icon_d2
2026-10-05,W0181,52.2662,10.1886,0.0,,14.0,13.0,0.26,12.8,0.23,2.06,icon_d2
2026-10-05,W1279,52.25721,10.20347,0.0,,14.0,13.0,0.26,12.8,0.23,2.07,icon_d2
2026-10-05,W0182,52.2662,10.2477,0.0,,14.1,13.1,0.224,12.8,0.169,2.11,icon_d2
2026-10-05,W0183,52.2662,10.2772,0.0,,13.7,13.1,0.224,12.8,0.169,2.11,icon_d2
2026-10-05,W0184,52.2662,10.3068,0.0,,13.9,13.1,0.224,12.8,0.169,2.11,icon_d2
2026-10-05,W1280,52.25721,10.32173,0.0,,13.8,13.1,0.224,12.8,0.169,2.11,icon_d2
2026-10-05,W1281,52.25721,10.3513,0.0,,13.7,13.1,0.224,12.8,0.169,2.1,icon_d2
2026-10-05,W1282,52.25721,10.38086,0.0,,13.4,13.1,0.224,12.8,0.169,2.06,icon_d2
2026-10-05,W1283,52.25721,10.41042,0.0,,13.9,13.6,0.204,13.2,0.15,2.08,icon_d2
2026-10-05,W0166,52.2482,10.4545,0.0,,13.7,13.6,0.204,13.2,0.15,2.08,icon_d2
2026-10-05,W1285,52.25721,10.46955,0.0,,14.0,13.6,0.204,13.2,0.15,2.06,icon_d2
2026-10-05,W0167,52.2482,10.5135,0.0,,14.1,13.6,0.204,13.2,0.15,2.09,icon_d2
2026-10-05,W1287,52.25721,10.52868,0.0,,14.5,13.6,0.204,13.2,0.15,2.1,icon_d2
2026-10-05,W1288,52.25721,10.55825,0.0,,14.2,13.6,0.204,13.2,0.15,2.08,icon_d2
2026-10-05,W0185,52.2662,10.6021,0.0,,13.7,13.0,0.215,12.4,0.157,2.03,icon_d2
2026-10-05,W0186,52.2662,10.6317,0.0,,14.2,13.0,0.215,12.4,0.157,2.08,icon_d2
2026-10-05,W0187,52.2662,10.6612,0.0,,13.9,13.0,0.215,12.4,0.157,2.07,icon_d2
2026-10-05,W0170,52.2482,10.6908,0.0,,15.3,13.0,0.215,12.4,0.157,2.2,icon_d2
2026-10-05,W0188,52.2662,10.7203,0.0,,15.2,13.0,0.215,12.4,0.157,2.2,icon_d2
2026-10-05,W0171,52.2482,10.7498,0.0,,15.1,12.9,0.217,12.5,0.149,2.19,icon_d2
2026-10-05,W0172,52.2482,10.7794,0.0,,15.0,12.9,0.217,12.5,0.149,2.13,icon_d2
2026-10-05,W0173,52.2482,10.8089,0.0,,15.3,12.9,0.217,12.5,0.149,2.15,icon_d2
2026-10-05,W1293,52.25721,10.82432,0.0,,13.7,12.9,0.217,12.5,0.149,2.08,icon_d2
2026-10-05,W0189,52.2662,10.868,0.0,,12.6,12.9,0.217,12.5,0.149,2.09,icon_d2
2026-10-05,W0190,52.2662,10.8975,0.0,,12.1,13.1,0.232,12.6,0.158,2.11,icon_d2
2026-10-05,W1294,52.25721,10.91302,0.0,,12.3,13.1,0.232,12.6,0.158,2.12,icon_d2
2026-10-05,W0191,52.2662,10.9566,0.0,,12.8,13.1,0.232,12.6,0.158,2.11,icon_d2
2026-10-05,W0192,52.2662,10.9861,0.0,,13.1,13.1,0.232,12.6,0.158,2.07,icon_d2
2026-10-05,W0193,52.2662,11.0157,0.0,,14.0,13.1,0.232,12.6,0.158,2.08,icon_d2
2026-10-05,W0194,52.2662,11.0452,0.0,,14.0,13.1,0.232,12.6,0.158,2.06,icon_d2
2026-10-05,W0195,52.2662,11.0747,0.0,,13.8,13.0,0.235,12.4,0.147,2.05,icon_d2
2026-10-05,W0196,52.2662,11.1043,0.0,,13.6,13.0,0.235,12.4,0.147,2.06,icon_d2
2026-10-05,W0197,52.2662,11.1338,0.0,,13.4,13.0,0.235,12.4,0.147,2.04,icon_d2
2026-10-05,W1606,52.25721,11.14953,0.0,,13.4,13.0,0.235,12.4,0.147,2.04,icon_d2
2026-10-05,W0198,52.2842,10.1,0.0,,13.9,13.0,0.26,12.8,0.23,2.06,icon_d2
2026-10-05,W1295,52.27523,10.14435,0.0,,14.0,13.0,0.26,12.8,0.23,2.1,icon_d2
2026-10-05,W0199,52.2842,10.1886,0.0,,13.9,13.0,0.26,12.8,0.23,2.06,icon_d2
2026-10-05,W1296,52.27523,10.20347,0.0,,13.8,13.0,0.26,12.8,0.23,2.06,icon_d2
2026-10-05,W0200,52.2842,10.2477,0.0,,14.1,13.1,0.224,12.8,0.169,2.1,icon_d2
2026-10-05,W1297,52.27523,10.2626,0.0,,13.8,13.1,0.224,12.8,0.169,2.08,icon_d2
2026-10-05,W1298,52.27523,10.29217,0.0,,13.8,13.1,0.224,12.8,0.169,2.1,icon_d2
2026-10-05,W0201,52.2842,10.3363,0.0,,13.7,13.1,0.224,12.8,0.169,2.11,icon_d2
2026-10-05,W0202,52.2842,10.3658,0.0,,13.6,13.1,0.224,12.8,0.169,2.08,icon_d2
2026-10-05,W0203,52.2842,10.3954,0.0,,13.4,12.6,0.239,12.3,0.215,2.04,icon_d2
2026-10-05,W1299,52.27523,10.41042,0.0,,13.4,13.6,0.204,13.2,0.15,2.04,icon_d2
2026-10-05,W0204,52.2842,10.4545,0.0,,14.1,13.6,0.204,13.2,0.15,2.04,icon_d2
2026-10-05,W1300,52.27523,10.46955,0.0,,14.2,13.6,0.204,13.2,0.15,2.05,icon_d2
2026-10-05,W0205,52.2842,10.5135,0.0,,14.7,13.6,0.204,13.2,0.15,2.1,icon_d2
2026-10-05,W0206,52.2842,10.5431,0.0,,14.4,13.6,0.204,13.2,0.15,2.1,icon_d2
2026-10-05,W0207,52.2842,10.5726,0.0,,14.2,13.0,0.215,12.4,0.157,2.11,icon_d2
2026-10-05,W0208,52.2842,10.6021,0.0,,13.6,13.0,0.215,12.4,0.157,2.03,icon_d2
2026-10-05,W0209,52.2842,10.6317,0.0,,13.5,13.0,0.215,12.4,0.157,2.03,icon_d2
2026-10-05,W1301,52.27523,10.64694,0.0,,13.6,13.0,0.215,12.4,0.157,2.04,icon_d2
2026-10-05,W1302,52.27523,10.6765,0.0,,14.3,13.0,0.215,12.4,0.157,2.1,icon_d2
2026-10-05,W0210,52.2842,10.7203,0.0,,14.6,13.0,0.215,12.4,0.157,2.11,icon_d2
2026-10-05,W1303,52.27523,10.73563,0.0,,14.4,12.9,0.217,12.5,0.149,2.1,icon_d2
2026-10-05,W1304,52.27523,10.76519,0.0,,14.6,12.9,0.217,12.5,0.149,2.13,icon_d2
2026-10-05,W0211,52.2842,10.8089,0.0,,12.8,12.9,0.217,12.5,0.149,2.05,icon_d2
2026-10-05,W0212,52.2842,10.8384,0.0,,13.3,12.9,0.217,12.5,0.149,2.06,icon_d2
2026-10-05,W0213,52.2842,10.868,0.0,,12.4,12.9,0.217,12.5,0.149,2.05,icon_d2
2026-10-05,W0214,52.2842,10.8975,0.0,,13.2,12.7,0.231,12.0,0.187,2.08,icon_d2
2026-10-05,W1305,52.27523,10.91302,0.0,,12.6,13.1,0.232,12.6,0.158,2.09,icon_d2
2026-10-05,W1306,52.27523,10.94258,0.0,,13.1,13.1,0.232,12.6,0.158,2.12,icon_d2
2026-10-05,W1307,52.27523,10.97214,0.0,,13.8,13.1,0.232,12.6,0.158,2.09,icon_d2
2026-10-05,W0215,52.2842,11.0157,0.0,,13.9,13.1,0.232,12.6,0.158,2.07,icon_d2
2026-10-05,W0216,52.2842,11.0452,0.0,,14.4,13.1,0.232,12.6,0.158,2.09,icon_d2
2026-10-05,W0217,52.2842,11.0747,0.0,,13.5,13.0,0.235,12.4,0.147,2.05,icon_d2
2026-10-05,W0218,52.2842,11.1043,0.0,,13.5,13.0,0.235,12.4,0.147,2.05,icon_d2
2026-10-05,W0219,52.2842,11.1338,0.0,,14.5,13.0,0.235,12.4,0.147,2.11,icon_d2
2026-10-05,W1308,52.27523,11.14953,0.0,,14.3,13.0,0.235,12.4,0.147,2.1,icon_d2
2026-10-05,W1309,52.29324,10.11478,0.0,,14.0,13.0,0.26,12.8,0.23,2.11,icon_d2
2026-10-05,W1310,52.29324,10.14435,0.0,,14.0,13.0,0.26,12.8,0.23,2.11,icon_d2
2026-10-05,W1311,52.29324,10.17391,0.0,,13.8,13.0,0.26,12.8,0.23,2.06,icon_d2
2026-10-05,W1312,52.29324,10.20347,0.0,,13.9,13.0,0.239,12.7,0.185,2.07,icon_d2
2026-10-05,W1313,52.29324,10.23304,0.0,,13.8,13.0,0.239,12.7,0.185,2.04,icon_d2
2026-10-05,W1314,52.29324,10.2626,0.0,,13.8,13.1,0.224,12.8,0.169,2.07,icon_d2
2026-10-05,W1315,52.29324,10.29217,0.0,,13.9,13.1,0.224,12.8,0.169,2.06,icon_d2
2026-10-05,W1316,52.29324,10.32173,0.0,,14.0,13.1,0.224,12.8,0.169,2.06,icon_d2
2026-10-05,W1317,52.29324,10.3513,0.0,,13.6,13.1,0.224,12.8,0.169,2.01,icon_d2
2026-10-05,W1318,52.29324,10.38086,0.0,,13.8,12.6,0.239,12.3,0.215,2.05,icon_d2
2026-10-05,W1319,52.29324,10.41042,0.0,,13.8,13.6,0.204,13.2,0.15,2.05,icon_d2
2026-10-05,W1320,52.29324,10.43999,0.0,,13.8,13.6,0.204,13.2,0.15,2.03,icon_d2
2026-10-05,W1321,52.29324,10.46955,0.0,,13.8,13.6,0.204,13.2,0.15,2.03,icon_d2
2026-10-05,W1322,52.29324,10.49912,0.0,,14.2,13.6,0.204,13.2,0.15,2.04,icon_d2
2026-10-05,W1323,52.29324,10.52868,0.0,,14.2,13.1,0.225,12.6,0.191,2.04,icon_d2
2026-10-05,W1324,52.29324,10.55825,0.0,,13.9,13.1,0.225,12.6,0.191,2.04,icon_d2
2026-10-05,W1325,52.29324,10.58781,0.0,,13.9,13.0,0.215,12.4,0.157,2.07,icon_d2
2026-10-05,W1326,52.29324,10.61737,0.0,,13.8,13.0,0.215,12.4,0.157,2.03,icon_d2
2026-10-05,W1327,52.29324,10.64694,0.0,,13.6,13.0,0.215,12.4,0.157,2.03,icon_d2
2026-10-05,W1328,52.29324,10.6765,0.0,,14.0,13.0,0.215,12.4,0.157,2.07,icon_d2
2026-10-05,W1329,52.29324,10.70607,0.0,,13.4,12.8,0.227,12.4,0.19,2.05,icon_d2
2026-10-05,W1330,52.29324,10.73563,0.0,,13.8,12.8,0.227,12.4,0.19,2.1,icon_d2
2026-10-05,W1331,52.29324,10.76519,0.0,,13.8,12.9,0.217,12.5,0.149,2.1,icon_d2
2026-10-05,W1332,52.29324,10.79476,0.0,,12.7,12.9,0.217,12.5,0.149,2.04,icon_d2
2026-10-05,W1333,52.29324,10.82432,0.0,,12.7,12.9,0.217,12.5,0.149,2.04,icon_d2
2026-10-05,W1334,52.29324,10.85389,0.0,,13.0,12.9,0.217,12.5,0.149,2.07,icon_d2
2026-10-05,W1335,52.29324,10.88345,0.0,,13.3,12.7,0.231,12.0,0.187,2.08,icon_d2
2026-10-05,W1336,52.29324,10.91302,0.0,,13.2,13.1,0.232,12.6,0.158,2.08,icon_d2
2026-10-05,W1337,52.29324,10.94258,0.0,,13.3,13.1,0.232,12.6,0.158,2.1,icon_d2
2026-10-05,W1338,52.29324,10.97214,0.0,,14.0,13.1,0.232,12.6,0.158,2.08,icon_d2
2026-10-05,W1339,52.29324,11.00171,0.0,,13.8,13.1,0.232,12.6,0.158,2.07,icon_d2
2026-10-05,W1340,52.29324,11.03127,0.0,,14.0,12.8,0.247,12.1,0.201,2.08,icon_d2
2026-10-05,W1341,52.29324,11.06084,0.0,,14.1,12.8,0.247,12.1,0.201,2.08,icon_d2
2026-10-05,W1342,52.29324,11.0904,0.0,,13.6,13.0,0.235,12.4,0.147,2.07,icon_d2
2026-10-05,W1343,52.29324,11.11997,0.0,,13.7,13.0,0.235,12.4,0.147,2.07,icon_d2
2026-10-05,W1344,52.29324,11.14953,0.0,,14.5,13.0,0.235,12.4,0.147,2.12,icon_d2
2026-10-05,W1345,52.31126,10.11478,0.0,,13.9,13.0,0.26,12.8,0.23,2.08,icon_d2
2026-10-05,W1346,52.31126,10.14435,0.0,,14.0,13.0,0.239,12.7,0.185,2.1,icon_d2
2026-10-05,W0220,52.3023,10.1886,0.0,,13.9,13.0,0.239,12.7,0.185,2.06,icon_d2
2026-10-05,W1347,52.31126,10.20347,0.0,,13.7,13.0,0.239,12.7,0.185,2.04,icon_d2
2026-10-05,W1348,52.31126,10.23304,0.0,,14.1,13.0,0.239,12.7,0.185,2.08,icon_d2
2026-10-05,W0221,52.3023,10.2772,0.0,,13.9,13.1,0.224,12.8,0.169,2.07,icon_d2
2026-10-05,W0222,52.3023,10.3068,0.0,,13.9,13.1,0.224,12.8,0.169,2.06,icon_d2
2026-10-05,W0223,52.3023,10.3363,0.0,,13.6,12.6,0.239,12.3,0.215,2.01,icon_d2
2026-10-05,W0224,52.3023,10.3658,0.0,,13.7,12.6,0.239,12.3,0.215,2.01,icon_d2
2026-10-05,W1349,52.31126,10.38086,0.0,,13.6,12.6,0.239,12.3,0.215,2.04,icon_d2
2026-10-05,W0225,52.3023,10.4249,0.0,,13.7,13.6,0.204,13.2,0.15,2.05,icon_d2
2026-10-05,W1350,52.31126,10.43999,0.0,,13.7,13.6,0.204,13.2,0.15,2.04,icon_d2
2026-10-05,W1351,52.31126,10.46955,0.0,,13.9,13.1,0.225,12.6,0.191,2.06,icon_d2
2026-10-05,W1352,52.31126,10.49912,0.0,,14.3,13.1,0.225,12.6,0.191,2.06,icon_d2
2026-10-05,W0226,52.3023,10.5431,0.0,,14.3,13.1,0.225,12.6,0.191,2.05,icon_d2
2026-10-05,W0227,52.3023,10.5726,0.0,,13.9,13.1,0.225,12.6,0.191,2.07,icon_d2
2026-10-05,W1353,52.31126,10.58781,0.0,,13.9,13.0,0.215,12.4,0.157,2.05,icon_d2
2026-10-05,W0228,52.3023,10.6317,0.0,,13.7,13.0,0.215,12.4,0.157,2.03,icon_d2
2026-10-05,W0229,52.3023,10.6612,0.0,,13.7,12.8,0.227,12.4,0.19,2.03,icon_d2
2026-10-05,W0230,52.3023,10.6908,0.0,,13.3,12.8,0.227,12.4,0.19,2.04,icon_d2
2026-10-05,W0231,52.3023,10.7203,0.0,,13.4,12.8,0.227,12.4,0.19,2.05,icon_d2
2026-10-05,W1354,52.31126,10.73563,0.0,,13.5,12.8,0.227,12.4,0.19,2.05,icon_d2
2026-10-05,W1355,52.31126,10.76519,0.0,,13.4,12.9,0.217,12.5,0.149,2.1,icon_d2
2026-10-05,W0232,52.3023,10.8089,0.0,,12.7,12.9,0.217,12.5,0.149,2.04,icon_d2
2026-10-05,W0233,52.3023,10.8384,0.0,,13.0,12.7,0.231,12.0,0.187,2.07,icon_d2
2026-10-05,W0234,52.3023,10.868,0.0,,12.9,12.7,0.231,12.0,0.187,2.07,icon_d2
2026-10-05,W0235,52.3023,10.8975,0.0,,13.3,12.7,0.231,12.0,0.187,2.08,icon_d2
2026-10-05,W0236,52.3023,10.9271,0.0,,13.0,13.1,0.232,12.6,0.158,2.07,icon_d2
2026-10-05,W1356,52.31126,10.94258,0.0,,13.3,13.1,0.232,12.6,0.158,2.05,icon_d2
2026-10-05,W0237,52.3023,10.9861,0.0,,13.9,13.1,0.232,12.6,0.158,2.07,icon_d2
2026-10-05,W0238,52.3023,11.0157,0.0,,14.2,12.8,0.247,12.1,0.201,2.08,icon_d2
2026-10-05,W0239,52.3023,11.0452,0.0,,14.4,12.8,0.247,12.1,0.201,2.1,icon_d2
2026-10-05,W0240,52.3023,11.0747,0.0,,13.9,13.0,0.235,12.4,0.147,2.07,icon_d2
2026-10-05,W0241,52.3023,11.1043,0.0,,13.9,13.0,0.235,12.4,0.147,2.08,icon_d2
2026-10-05,W0242,52.3023,11.1338,0.0,,14.3,13.0,0.235,12.4,0.147,2.12,icon_d2
2026-10-05,W1357,52.31126,11.14953,0.0,,14.4,13.3,0.234,12.8,0.149,2.11,icon_d2
2026-10-05,W1358,52.32928,10.11478,0.0,,13.9,13.0,0.239,12.7,0.185,2.08,icon_d2
2026-10-05,W1359,52.32928,10.14435,0.0,,14.0,13.0,0.239,12.7,0.185,2.1,icon_d2
2026-10-05,W1360,52.32928,10.17391,0.0,,14.0,13.0,0.239,12.7,0.185,2.1,icon_d2
2026-10-05,W0243,52.3203,10.2182,0.0,,13.8,13.0,0.239,12.7,0.185,2.04,icon_d2
2026-10-05,W1361,52.32928,10.23304,0.0,,14.1,13.0,0.239,12.7,0.185,2.08,icon_d2
2026-10-05,W1362,52.32928,10.2626,0.0,,14.1,12.6,0.239,12.3,0.215,2.07,icon_d2
2026-10-05,W0244,52.3203,10.3068,0.0,,13.7,12.6,0.239,12.3,0.215,2.0,icon_d2
2026-10-05,W0245,52.3203,10.3363,0.0,,13.7,12.6,0.239,12.3,0.215,2.02,icon_d2
2026-10-05,W1363,52.32928,10.3513,0.0,,13.7,12.6,0.239,12.3,0.215,2.02,icon_d2
2026-10-05,W1364,52.32928,10.38086,0.0,,13.6,12.6,0.239,12.3,0.215,2.04,icon_d2
2026-10-05,W1365,52.32928,10.41042,0.0,,13.6,12.6,0.239,12.3,0.215,2.07,icon_d2
2026-10-05,W1366,52.32928,10.43999,0.0,,13.7,13.1,0.225,12.6,0.191,2.05,icon_d2
2026-10-05,W1367,52.32928,10.46955,0.0,,13.8,13.1,0.225,12.6,0.191,2.06,icon_d2
2026-10-05,W1368,52.32928,10.49912,0.0,,14.3,13.1,0.225,12.6,0.191,2.07,icon_d2
2026-10-05,W1369,52.32928,10.52868,0.0,,14.3,13.1,0.225,12.6,0.191,2.06,icon_d2
2026-10-05,W0246,52.3203,10.5726,0.0,,13.9,13.1,0.225,12.6,0.191,2.05,icon_d2
2026-10-05,W0247,52.3203,10.6021,0.0,,13.7,12.8,0.227,12.4,0.19,2.06,icon_d2
2026-10-05,W0248,52.3203,10.6317,0.0,,13.9,12.8,0.227,12.4,0.19,2.05,icon_d2
2026-10-05,W0249,52.3203,10.6612,0.0,,13.5,12.8,0.227,12.4,0.19,2.04,icon_d2
2026-10-05,W0250,52.3203,10.6908,0.0,,13.4,12.8,0.227,12.4,0.19,2.03,icon_d2
2026-10-05,W0251,52.3203,10.7203,0.0,,13.2,12.8,0.227,12.4,0.19,2.02,icon_d2
2026-10-05,W0252,52.3203,10.7498,0.0,,13.5,12.9,0.217,12.5,0.149,2.05,icon_d2
2026-10-05,W1370,52.32928,10.76519,0.0,,13.5,12.7,0.231,12.0,0.187,2.11,icon_d2
2026-10-05,W1371,52.32928,10.79476,0.0,,12.5,12.7,0.231,12.0,0.187,2.06,icon_d2
2026-10-05,W0253,52.3203,10.8384,0.0,,12.7,12.7,0.231,12.0,0.187,2.05,icon_d2
2026-10-05,W0254,52.3203,10.868,0.0,,13.0,12.7,0.231,12.0,0.187,2.06,icon_d2
2026-10-05,W1372,52.32928,10.88345,0.0,,13.0,12.7,0.231,12.0,0.187,2.06,icon_d2
2026-10-05,W0255,52.3203,10.9271,0.0,,13.2,13.1,0.232,12.6,0.158,2.05,icon_d2
2026-10-05,W0256,52.3203,10.9566,0.0,,13.6,12.8,0.247,12.1,0.201,2.08,icon_d2
2026-10-05,W0257,52.3203,10.9861,0.0,,13.8,12.8,0.247,12.1,0.201,2.09,icon_d2
2026-10-05,W1373,52.32928,11.00171,0.0,,14.0,12.8,0.247,12.1,0.201,2.11,icon_d2
2026-10-05,W0258,52.3203,11.0452,0.0,,13.6,12.8,0.247,12.1,0.201,2.08,icon_d2
2026-10-05,W1374,52.32928,11.06084,0.0,,13.5,12.8,0.247,12.1,0.201,2.06,icon_d2
2026-10-05,W1375,52.32928,11.0904,0.0,,13.7,13.3,0.234,12.8,0.149,2.08,icon_d2
2026-10-05,W1376,52.32928,11.11997,0.0,,14.0,13.3,0.234,12.8,0.149,2.07,icon_d2
2026-10-05,W1377,52.32928,11.14953,0.0,,14.4,13.3,0.234,12.8,0.149,2.11,icon_d2
2026-10-05,W0260,52.3383,10.1295,0.0,,14.0,13.0,0.239,12.7,0.185,2.03,icon_d2
2026-10-05,W1378,52.3473,10.14435,0.0,,14.3,13.0,0.239,12.7,0.185,2.04,icon_d2
2026-10-05,W1379,52.3473,10.17391,0.0,,14.2,13.0,0.239,12.7,0.185,2.07,icon_d2
2026-10-05,W1380,52.3473,10.20347,0.0,,14.2,13.0,0.239,12.7,0.185,2.07,icon_d2
2026-10-05,W1381,52.3473,10.23304,0.0,,14.3,13.0,0.239,12.7,0.185,2.07,icon_d2
2026-10-05,W0281,52.3563,10.2772,0.0,,14.1,12.6,0.239,12.3,0.215,2.07,icon_d2
2026-10-05,W0282,52.3563,10.3068,0.0,,13.8,12.6,0.239,12.3,0.215,2.04,icon_d2
2026-10-05,W0261,52.3383,10.3363,0.0,,13.7,12.6,0.239,12.3,0.215,2.02,icon_d2
2026-10-05,W0262,52.3383,10.3658,0.0,,13.7,12.6,0.239,12.3,0.215,2.03,icon_d2
2026-10-05,W1382,52.3473,10.38086,0.0,,13.6,12.6,0.239,12.3,0.215,2.05,icon_d2
2026-10-05,W0285,52.3563,10.4249,0.0,,13.6,13.1,0.225,12.6,0.191,2.06,icon_d2
2026-10-05,W1383,52.3473,10.43999,0.0,,13.5,13.1,0.225,12.6,0.191,2.07,icon_d2
2026-10-05,W0263,52.3383,10.484,0.0,,13.6,13.1,0.225,12.6,0.191,2.04,icon_d2
2026-10-05,W0264,52.3383,10.5135,0.0,,14.2,13.1,0.225,12.6,0.191,2.06,icon_d2
2026-10-05,W1384,52.3473,10.52868,0.0,,14.1,13.1,0.225,12.6,0.191,2.06,icon_d2
2026-10-05,W0265,52.3383,10.5726,0.0,,13.6,13.1,0.225,12.6,0.191,2.03,icon_d2
2026-10-05,W0266,52.3383,10.6021,0.0,,13.5,12.8,0.227,12.4,0.19,2.02,icon_d2
2026-10-05,W0267,52.3383,10.6317,0.0,,13.7,12.8,0.227,12.4,0.19,2.01,icon_d2
2026-10-05,W0268,52.3383,10.6612,0.0,,13.8,12.8,0.227,12.4,0.19,2.01,icon_d2
2026-10-05,W0269,52.3383,10.6908,0.0,,13.0,12.8,0.227,12.4,0.19,2.01,icon_d2
2026-10-05,W0270,52.3383,10.7203,0.0,,12.7,12.8,0.227,12.4,0.19,1.99,icon_d2
2026-10-05,W0271,52.3383,10.7498,0.0,,13.4,12.8,0.227,12.4,0.19,2.05,icon_d2
2026-10-05,W1385,52.3473,10.76519,0.0,,12.9,12.7,0.231,12.0,0.187,2.05,icon_d2
2026-10-05,W0293,52.3563,10.8089,0.0,,13.9,12.7,0.231,12.0,0.187,2.05,icon_d2
2026-10-05,W0294,52.3563,10.8384,0.0,,13.6,12.7,0.231,12.0,0.187,2.02,icon_d2
2026-10-05,W0272,52.3383,10.868,0.0,,13.1,12.7,0.231,12.0,0.187,2.06,icon_d2
2026-10-05,W0273,52.3383,10.8975,0.0,,13.5,12.7,0.231,12.0,0.187,2.08,icon_d2
2026-10-05,W0274,52.3383,10.9271,0.0,,13.7,12.8,0.247,12.1,0.201,2.09,icon_d2
2026-10-05,W0275,52.3383,10.9566,0.0,,13.8,12.8,0.247,12.1,0.201,2.1,icon_d2
2026-10-05,W0276,52.3383,10.9861,0.0,,13.6,12.8,0.247,12.1,0.201,2.08,icon_d2
2026-10-05,W0297,52.3563,11.0157,0.0,,13.5,12.8,0.247,12.1,0.201,2.1,icon_d2
2026-10-05,W0298,52.3563,11.0452,0.0,,13.5,12.8,0.247,12.1,0.201,2.09,icon_d2
2026-10-05,W0299,52.3563,11.0747,0.0,,13.1,13.2,0.232,13.1,0.169,2.09,icon_d2
2026-10-05,W0277,52.3383,11.1043,0.0,,13.6,13.3,0.234,12.8,0.149,2.1,icon_d2
2026-10-05,W0278,52.3383,11.1338,0.0,,14.6,13.3,0.234,12.8,0.149,2.13,icon_d2
2026-10-05,W1386,52.3473,11.14953,0.0,,14.4,13.3,0.234,12.8,0.149,2.12,icon_d2
2026-10-05,W0302,52.3743,10.1,0.0,,13.9,13.0,0.239,12.7,0.185,1.99,icon_d2
2026-10-05,W1387,52.36532,10.14435,0.0,,14.3,13.0,0.239,12.7,0.185,2.05,icon_d2
2026-10-05,W0303,52.3743,10.1886,0.0,,13.8,12.2,0.27,11.8,0.225,2.01,icon_d2
2026-10-05,W1388,52.36532,10.20347,0.0,,14.0,12.2,0.27,11.8,0.225,2.05,icon_d2
2026-10-05,W1389,52.36532,10.23304,0.0,,14.2,12.2,0.27,11.8,0.225,2.07,icon_d2
2026-10-05,W1390,52.36532,10.2626,0.0,,14.0,12.6,0.239,12.3,0.215,2.07,icon_d2
2026-10-05,W0304,52.3743,10.3068,0.0,,13.8,12.6,0.239,12.3,0.215,2.03,icon_d2
2026-10-05,W0305,52.3743,10.3363,0.0,,13.8,12.6,0.239,12.3,0.215,2.04,icon_d2
2026-10-05,W0306,52.3743,10.3658,0.0,,13.9,12.2,0.266,12.0,0.238,2.05,icon_d2
2026-10-05,W0307,52.3743,10.3954,0.0,,13.7,12.2,0.266,12.0,0.238,2.07,icon_d2
2026-10-05,W0308,52.3743,10.4249,0.0,,13.6,12.2,0.266,12.0,0.238,2.07,icon_d2
2026-10-05,W1391,52.36532,10.43999,0.0,,13.6,13.1,0.225,12.6,0.191,2.07,icon_d2
2026-10-05,W1392,52.36532,10.46955,0.0,,13.6,13.1,0.225,12.6,0.191,2.08,icon_d2
2026-10-05,W0309,52.3743,10.5135,0.0,,14.3,12.3,0.245,12.0,0.208,2.12,icon_d2
2026-10-05,W1393,52.36532,10.52868,0.0,,14.1,13.1,0.225,12.6,0.191,2.03,icon_d2
2026-10-05,W0310,52.3743,10.5726,0.0,,14.2,12.3,0.245,12.0,0.208,2.13,icon_d2
2026-10-05,W1394,52.36532,10.58781,0.0,,14.2,12.3,0.245,12.0,0.208,2.12,icon_d2
2026-10-05,W1395,52.36532,10.61737,0.0,,13.8,12.8,0.227,12.4,0.19,2.03,icon_d2
2026-10-05,W0311,52.3743,10.6612,0.0,,13.9,12.8,0.227,12.4,0.19,2.09,icon_d2
2026-10-05,W0312,52.3743,10.6908,0.0,,13.8,13.0,0.23,12.9,0.166,2.01,icon_d2
2026-10-05,W0313,52.3743,10.7203,0.0,,13.6,13.0,0.23,12.9,0.166,2.0,icon_d2
2026-10-05,W0314,52.3743,10.7498,0.0,,13.2,13.0,0.23,12.9,0.166,2.02,icon_d2
2026-10-05,W0315,52.3743,10.7794,0.0,,13.8,12.7,0.231,12.0,0.187,2.03,icon_d2
2026-10-05,W0316,52.3743,10.8089,0.0,,13.8,12.7,0.231,12.0,0.187,2.03,icon_d2
2026-10-05,W0317,52.3743,10.8384,0.0,,14.1,13.5,0.23,13.5,0.161,2.09,icon_d2
2026-10-05,W0318,52.3743,10.868,0.0,,14.0,13.5,0.23,13.5,0.161,2.08,icon_d2
2026-10-05,W0319,52.3743,10.8975,0.0,,14.1,13.5,0.23,13.5,0.161,2.12,icon_d2
2026-10-05,W1396,52.36532,10.91302,0.0,,13.9,13.5,0.23,13.5,0.161,2.12,icon_d2
2026-10-05,W1397,52.36532,10.94258,0.0,,14.0,12.8,0.247,12.1,0.201,2.13,icon_d2
2026-10-05,W0320,52.3743,10.9861,0.0,,13.8,12.8,0.247,12.1,0.201,2.15,icon_d2
2026-10-05,W0321,52.3743,11.0157,0.0,,13.5,13.2,0.232,13.1,0.169,2.08,icon_d2
2026-10-05,W0322,52.3743,11.0452,0.0,,13.5,13.2,0.232,13.1,0.169,2.1,icon_d2
2026-10-05,W0323,52.3743,11.0747,0.0,,13.1,13.2,0.232,13.1,0.169,2.09,icon_d2
2026-10-05,W1607,52.36532,11.0904,0.0,,13.8,13.3,0.234,12.8,0.149,2.12,icon_d2
2026-10-05,W1398,52.36532,11.11997,0.0,,14.5,13.3,0.234,12.8,0.149,2.13,icon_d2
2026-10-05,W1399,52.36532,11.14953,0.0,,14.4,13.3,0.234,12.8,0.149,2.13,icon_d2
2026-10-05,W1400,52.38333,10.11478,0.0,,13.7,13.0,0.239,12.7,0.185,1.99,icon_d2
2026-10-05,W1401,52.38333,10.14435,0.0,,13.7,12.2,0.27,11.8,0.225,1.99,icon_d2
2026-10-05,W1402,52.38333,10.17391,0.0,,13.8,12.2,0.27,11.8,0.225,2.02,icon_d2
2026-10-05,W0324,52.3923,10.2182,0.0,,13.8,12.2,0.27,11.8,0.225,1.99,icon_d2
2026-10-05,W0325,52.3923,10.2477,0.0,,13.8,12.2,0.27,11.8,0.225,2.01,icon_d2
2026-10-05,W1403,52.38333,10.2626,0.0,,13.8,12.2,0.27,11.8,0.225,2.03,icon_d2
2026-10-05,W1404,52.38333,10.29217,0.0,,13.9,12.6,0.239,12.3,0.215,2.04,icon_d2
2026-10-05,W0326,52.3923,10.3363,0.0,,13.7,12.2,0.266,12.0,0.238,2.02,icon_d2
2026-10-05,W0327,52.3923,10.3658,0.0,,13.6,12.2,0.266,12.0,0.238,2.02,icon_d2
2026-10-05,W0328,52.3923,10.3954,0.0,,13.7,12.2,0.266,12.0,0.238,2.07,icon_d2
2026-10-05,W1405,52.38333,10.41042,0.0,,13.7,12.2,0.266,12.0,0.238,2.07,icon_d2
2026-10-05,W0329,52.3923,10.4545,0.0,,13.7,12.3,0.245,12.0,0.208,2.03,icon_d2
2026-10-05,W0330,52.3923,10.484,0.0,,13.7,12.3,0.245,12.0,0.208,2.04,icon_d2
2026-10-05,W0331,52.3923,10.5135,0.0,,13.9,12.3,0.245,12.0,0.208,2.05,icon_d2
2026-10-05,W1406,52.38333,10.52868,0.0,,14.3,12.3,0.245,12.0,0.208,2.11,icon_d2
2026-10-05,W1407,52.38333,10.55825,0.0,,14.2,12.3,0.245,12.0,0.208,2.12,icon_d2
2026-10-05,W0332,52.3923,10.6021,0.0,,14.2,12.3,0.245,12.0,0.208,2.14,icon_d2
2026-10-05,W1408,52.38333,10.61737,0.0,,14.2,12.8,0.227,12.4,0.19,2.13,icon_d2
2026-10-05,W0333,52.3923,10.6612,0.0,,13.9,13.0,0.23,12.9,0.166,2.12,icon_d2
2026-10-05,W0334,52.3923,10.6908,0.0,,14.0,13.0,0.23,12.9,0.166,2.1,icon_d2
2026-10-05,W0335,52.3923,10.7203,0.0,,13.8,13.0,0.23,12.9,0.166,2.04,icon_d2
2026-10-05,W0336,52.3923,10.7498,0.0,,13.8,13.0,0.23,12.9,0.166,2.04,icon_d2
2026-10-05,W0337,52.3923,10.7794,0.0,,13.5,13.5,0.23,13.5,0.161,2.0,icon_d2
2026-10-05,W0338,52.3923,10.8089,0.0,,13.7,13.5,0.23,13.5,0.161,2.0,icon_d2
2026-10-05,W1409,52.38333,10.82432,0.0,,13.9,13.5,0.23,13.5,0.161,2.04,icon_d2
2026-10-05,W0339,52.3923,10.868,0.0,,14.0,13.5,0.23,13.5,0.161,2.06,icon_d2
2026-10-05,W0340,52.3923,10.8975,0.0,,14.1,13.5,0.23,13.5,0.161,2.07,icon_d2
2026-10-05,W1410,52.38333,10.91302,0.0,,14.0,13.5,0.23,13.5,0.161,2.13,icon_d2
2026-10-05,W1411,52.38333,10.94258,0.0,,13.9,12.8,0.247,12.1,0.201,2.16,icon_d2
2026-10-05,W1412,52.38333,10.97214,0.0,,13.8,12.8,0.247,12.1,0.201,2.15,icon_d2
2026-10-05,W0341,52.3923,11.0157,0.0,,13.5,13.2,0.232,13.1,0.169,2.1,icon_d2
2026-10-05,W0342,52.3923,11.0452,0.0,,13.4,13.2,0.232,13.1,0.169,2.1,icon_d2
2026-10-05,W0343,52.3923,11.0747,0.0,,13.1,13.2,0.232,13.1,0.169,2.09,icon_d2
2026-10-05,W1413,52.38333,11.0904,0.0,,13.5,13.2,0.232,13.1,0.169,2.12,icon_d2
2026-10-05,W1414,52.38333,11.11997,0.0,,13.5,13.3,0.234,12.8,0.149,2.12,icon_d2
2026-10-05,W1415,52.38333,11.14953,0.0,,14.2,13.1,0.243,13.0,0.145,2.14,icon_d2
2026-10-05,W1416,52.40135,10.11478,0.0,,13.6,12.2,0.27,11.8,0.225,1.97,icon_d2
2026-10-05,W1417,52.40135,10.14435,0.0,,13.6,12.2,0.27,11.8,0.225,1.99,icon_d2
2026-10-05,W1418,52.40135,10.17391,0.0,,13.7,12.2,0.27,11.8,0.225,1.99,icon_d2
2026-10-05,W1419,52.40135,10.20347,0.0,,13.8,12.2,0.27,11.8,0.225,1.99,icon_d2
2026-10-05,W1420,52.40135,10.23304,0.0,,13.7,12.2,0.27,11.8,0.225,2.0,icon_d2
2026-10-05,W1421,52.40135,10.2626,0.0,,13.8,12.2,0.27,11.8,0.225,2.01,icon_d2
2026-10-05,W1422,52.40135,10.29217,0.0,,13.8,12.2,0.266,12.0,0.238,2.04,icon_d2
2026-10-05,W1423,52.40135,10.32173,0.0,,13.7,12.2,0.266,12.0,0.238,2.03,icon_d2
2026-10-05,W1424,52.40135,10.3513,0.0,,13.6,12.2,0.266,12.0,0.238,2.02,icon_d2
2026-10-05,W1425,52.40135,10.38086,0.0,,13.7,12.2,0.266,12.0,0.238,2.05,icon_d2
2026-10-05,W1426,52.40135,10.41042,0.0,,13.7,12.2,0.266,12.0,0.238,2.07,icon_d2
2026-10-05,W1427,52.40135,10.43999,0.0,,13.7,12.3,0.245,12.0,0.208,2.07,icon_d2
2026-10-05,W1428,52.40135,10.46955,0.0,,13.8,12.3,0.245,12.0,0.208,2.04,icon_d2
2026-10-05,W1429,52.40135,10.49912,0.0,,14.0,12.3,0.245,12.0,0.208,2.08,icon_d2
2026-10-05,W1430,52.40135,10.52868,0.0,,14.0,12.3,0.245,12.0,0.208,2.06,icon_d2
2026-10-05,W1431,52.40135,10.55825,0.0,,14.2,12.3,0.245,12.0,0.208,2.12,icon_d2
2026-10-05,W1432,52.40135,10.58781,0.0,,14.2,12.3,0.245,12.0,0.208,2.12,icon_d2
2026-10-05,W1433,52.40135,10.61737,0.0,,14.1,13.0,0.23,12.9,0.166,2.13,icon_d2
2026-10-05,W1434,52.40135,10.64694,0.0,,14.0,13.0,0.23,12.9,0.166,2.14,icon_d2
2026-10-05,W1435,52.40135,10.6765,0.0,,13.9,13.0,0.23,12.9,0.166,2.1,icon_d2
2026-10-05,W1436,52.40135,10.70607,0.0,,13.9,13.0,0.23,12.9,0.166,2.09,icon_d2
2026-10-05,W1437,52.40135,10.73563,0.0,,13.7,13.0,0.23,12.9,0.166,2.04,icon_d2
2026-10-05,W1438,52.40135,10.76519,0.0,,13.4,13.0,0.23,12.9,0.166,2.0,icon_d2
2026-10-05,W1439,52.40135,10.79476,0.0,,13.5,13.5,0.23,13.5,0.161,2.0,icon_d2
2026-10-05,W1440,52.40135,10.82432,0.0,,14.4,13.5,0.23,13.5,0.161,2.1,icon_d2
2026-10-05,W1441,52.40135,10.85389,0.0,,14.0,13.5,0.23,13.5,0.161,2.06,icon_d2
2026-10-05,W1442,52.40135,10.88345,0.0,,13.8,13.5,0.23,13.5,0.161,2.05,icon_d2
2026-10-05,W1443,52.40135,10.91302,0.0,,14.2,13.5,0.23,13.5,0.161,2.12,icon_d2
2026-10-05,W1444,52.40135,10.94258,0.0,,14.3,13.2,0.232,13.1,0.169,2.13,icon_d2
2026-10-05,W1445,52.40135,10.97214,0.0,,13.7,13.2,0.232,13.1,0.169,2.16,icon_d2
2026-10-05,W1446,52.40135,11.00171,0.0,,13.4,13.2,0.232,13.1,0.169,2.13,icon_d2
2026-10-05,W1447,52.40135,11.03127,0.0,,13.3,13.2,0.232,13.1,0.169,2.1,icon_d2
2026-10-05,W1448,52.40135,11.06084,0.0,,13.3,13.2,0.232,13.1,0.169,2.1,icon_d2
2026-10-05,W1449,52.40135,11.0904,0.0,,13.2,13.2,0.232,13.1,0.169,2.1,icon_d2
2026-10-05,W1450,52.40135,11.11997,0.0,,13.5,13.1,0.243,13.0,0.145,2.13,icon_d2
2026-10-05,W1451,52.40135,11.14953,0.0,,13.5,13.1,0.243,13.0,0.145,2.13,icon_d2
2026-10-05,W0345,52.4104,10.1295,0.0,,13.6,12.2,0.27,11.8,0.225,1.95,icon_d2
2026-10-05,W1452,52.41937,10.14435,0.0,,13.6,12.2,0.27,11.8,0.225,1.95,icon_d2
2026-10-05,W0346,52.4104,10.1886,0.0,,13.6,12.2,0.27,11.8,0.225,1.97,icon_d2
2026-10-05,W0347,52.4104,10.2182,0.0,,13.9,12.2,0.27,11.8,0.225,1.99,icon_d2
2026-10-05,W0348,52.4104,10.2477,0.0,,13.8,12.2,0.27,11.8,0.225,1.98,icon_d2
2026-10-05,W0349,52.4104,10.2772,0.0,,13.9,12.2,0.266,12.0,0.238,1.99,icon_d2
2026-10-05,W1453,52.41937,10.29217,0.0,,13.9,12.2,0.266,12.0,0.238,1.99,icon_d2
2026-10-05,W0350,52.4104,10.3363,0.0,,13.6,12.2,0.266,12.0,0.238,2.01,icon_d2
2026-10-05,W0351,52.4104,10.3658,0.0,,13.4,12.2,0.266,12.0,0.238,1.99,icon_d2
2026-10-05,W1454,52.41937,10.38086,0.0,,13.6,12.2,0.266,12.0,0.238,2.03,icon_d2
2026-10-05,W0352,52.4104,10.4249,0.0,,13.7,12.2,0.266,12.0,0.238,2.02,icon_d2
2026-10-05,W0353,52.4104,10.4545,0.0,,13.8,12.3,0.245,12.0,0.208,2.01,icon_d2
2026-10-05,W0354,52.4104,10.484,0.0,,14.1,12.3,0.245,12.0,0.208,2.02,icon_d2
2026-10-05,W0355,52.4104,10.5135,0.0,,14.0,12.3,0.245,12.0,0.208,2.03,icon_d2
2026-10-05,W0356,52.4104,10.5431,0.0,,14.0,12.3,0.245,12.0,0.208,2.08,icon_d2
2026-10-05,W1455,52.41937,10.55825,0.0,,13.9,12.3,0.245,12.0,0.208,2.08,icon_d2
2026-10-05,W1456,52.41937,10.58781,0.0,,14.0,12.3,0.245,12.0,0.208,2.1,icon_d2
2026-10-05,W1457,52.41937,10.61737,0.0,,13.8,13.0,0.23,12.9,0.166,2.06,icon_d2
2026-10-05,W1458,52.41937,10.64694,0.0,,13.9,13.0,0.23,12.9,0.166,2.12,icon_d2
2026-10-05,W1459,52.41937,10.6765,0.0,,13.8,13.0,0.23,12.9,0.166,2.09,icon_d2
2026-10-05,W1460,52.41937,10.70607,0.0,,13.9,13.0,0.23,12.9,0.166,2.09,icon_d2
2026-10-05,W0357,52.4104,10.7498,0.0,,14.2,13.0,0.23,12.9,0.166,2.09,icon_d2
2026-10-05,W0358,52.4104,10.7794,0.0,,14.1,13.5,0.23,13.5,0.161,2.05,icon_d2
2026-10-05,W0359,52.4104,10.8089,0.0,,14.2,13.5,0.23,13.5,0.161,2.09,icon_d2
2026-10-05,W1461,52.41937,10.82432,0.0,,14.2,13.5,0.23,13.5,0.161,2.09,icon_d2
2026-10-05,W0360,52.4104,10.868,0.0,,14.2,13.5,0.23,13.5,0.161,2.12,icon_d2
2026-10-05,W0361,52.4104,10.8975,0.0,,13.7,13.5,0.23,13.5,0.161,2.06,icon_d2
2026-10-05,W0362,52.4104,10.9271,0.0,,13.7,13.5,0.23,13.5,0.161,2.06,icon_d2
2026-10-05,W0363,52.4104,10.9566,0.0,,13.3,13.2,0.232,13.1,0.169,2.07,icon_d2
2026-10-05,W1462,52.41937,10.97214,0.0,,13.4,13.2,0.232,13.1,0.169,2.11,icon_d2
2026-10-05,W1463,52.41937,11.00171,0.0,,13.2,13.2,0.231,13.1,0.169,2.11,icon_d2
2026-10-05,W0364,52.4104,11.0452,0.0,,13.0,13.2,0.231,13.1,0.169,2.08,icon_d2
2026-10-05,W1464,52.41937,11.06084,0.0,,13.1,13.2,0.231,13.1,0.169,2.08,icon_d2
2026-10-05,W1465,52.41937,11.0904,0.0,,13.3,13.2,0.231,13.1,0.169,2.11,icon_d2
2026-10-05,W1466,52.41937,11.11997,0.0,,13.0,13.1,0.242,13.0,0.145,2.09,icon_d2
2026-10-05,W1467,52.41937,11.14953,0.0,,12.9,13.1,0.242,13.0,0.145,2.09,icon_d2
2026-10-05,W0366,52.4284,10.1295,0.0,,13.5,12.2,0.27,11.8,0.225,1.94,icon_d2
2026-10-05,W0367,52.4284,10.1591,0.0,,13.6,12.2,0.27,11.8,0.225,1.97,icon_d2
2026-10-05,W0368,52.4284,10.1886,0.0,,13.6,12.2,0.27,11.8,0.225,1.97,icon_d2
2026-10-05,W0369,52.4284,10.2182,0.0,,13.9,12.2,0.27,11.8,0.225,1.99,icon_d2
2026-10-05,W0370,52.4284,10.2477,0.0,,13.9,12.2,0.27,11.8,0.225,1.99,icon_d2
2026-10-05,W0371,52.4284,10.2772,0.0,,14.0,12.1,0.265,12.0,0.238,2.0,icon_d2
2026-10-05,W0372,52.4284,10.3068,0.0,,14.0,12.1,0.265,12.0,0.238,1.99,icon_d2
2026-10-05,W0373,52.4284,10.3363,0.0,,13.6,12.1,0.265,12.0,0.238,2.01,icon_d2
2026-10-05,W0374,52.4284,10.3658,0.0,,13.5,12.1,0.265,12.0,0.238,1.99,icon_d2
2026-10-05,W1468,52.43739,10.38086,0.0,,13.5,12.1,0.265,12.0,0.238,1.98,icon_d2
2026-10-05,W1469,52.43739,10.41042,0.0,,13.8,12.1,0.268,11.8,0.218,2.01,icon_d2
2026-10-05,W0375,52.4284,10.4545,0.0,,13.9,12.2,0.245,12.0,0.208,2.02,icon_d2
2026-10-05,W0376,52.4284,10.484,0.0,,14.1,12.2,0.245,12.0,0.208,2.03,icon_d2
2026-10-05,W0377,52.4284,10.5135,0.0,,14.1,12.2,0.245,12.0,0.208,2.04,icon_d2
2026-10-05,W0378,52.4284,10.5431,0.0,,14.1,12.2,0.245,12.0,0.208,2.09,icon_d2
2026-10-05,W0379,52.4284,10.5726,0.0,,14.0,12.2,0.245,12.0,0.208,2.1,icon_d2
2026-10-05,W1470,52.43739,10.58781,0.0,,13.9,12.7,0.239,12.7,0.188,2.1,icon_d2
2026-10-05,W0380,52.4284,10.6317,0.0,,14.0,13.0,0.23,12.9,0.166,2.12,icon_d2
2026-10-05,W0381,52.4284,10.6612,0.0,,14.0,13.0,0.23,12.9,0.166,2.12,icon_d2
2026-10-05,W1471,52.43739,10.6765,0.0,,13.7,13.0,0.23,12.9,0.166,2.04,icon_d2
2026-10-05,W1472,52.43739,10.70607,0.0,,13.5,13.0,0.23,12.9,0.166,2.04,icon_d2
2026-10-05,W0382,52.4284,10.7498,0.0,,14.4,12.4,0.234,12.4,0.182,2.1,icon_d2
2026-10-05,W1473,52.43739,10.76519,0.0,,14.5,12.4,0.234,12.4,0.182,2.13,icon_d2
2026-10-05,W1474,52.43739,10.79476,0.0,,14.3,13.4,0.229,13.5,0.161,2.13,icon_d2
2026-10-05,W1475,52.43739,10.82432,0.0,,14.3,13.4,0.229,13.5,0.161,2.11,icon_d2
2026-10-05,W0383,52.4284,10.868,0.0,,14.4,13.4,0.229,13.5,0.161,2.13,icon_d2
2026-10-05,W0384,52.4284,10.8975,0.0,,13.8,13.4,0.229,13.5,0.161,2.07,icon_d2
2026-10-05,W0385,52.4284,10.9271,0.0,,14.0,12.9,0.228,13.1,0.158,2.07,icon_d2
2026-10-05,W0386,52.4284,10.9566,0.0,,13.5,13.2,0.231,13.1,0.169,2.08,icon_d2
2026-10-05,W1476,52.43739,10.97214,0.0,,13.3,13.2,0.231,13.1,0.169,2.1,icon_d2
2026-10-05,W0387,52.4284,11.0157,0.0,,13.1,13.2,0.231,13.1,0.169,2.1,icon_d2
2026-10-05,W0388,52.4284,11.0452,0.0,,13.1,13.2,0.231,13.1,0.169,2.08,icon_d2
2026-10-05,W1477,52.43739,11.06084,0.0,,12.9,12.5,0.278,12.8,0.244,2.1,icon_d2
2026-10-05,W1478,52.43739,11.0904,0.0,,12.5,12.5,0.278,12.8,0.244,2.06,icon_d2
2026-10-05,W0389,52.4284,11.1338,0.0,,13.0,13.1,0.242,13.0,0.145,2.09,icon_d2
2026-10-05,W1479,52.43739,11.14953,0.0,,12.7,13.1,0.242,13.0,0.145,2.08,icon_d2
2026-10-05,W0416,52.4644,10.1295,0.0,,13.6,12.1,0.185,11.5,0.141,1.92,icon_d2
2026-10-05,W0417,52.4644,10.1591,0.0,,13.6,12.1,0.185,11.5,0.141,1.91,icon_d2
2026-10-05,W0418,52.4644,10.1886,0.0,,13.6,12.1,0.185,11.5,0.141,1.93,icon_d2
2026-10-05,W0419,52.4644,10.2182,0.0,,13.6,12.1,0.185,11.5,0.141,1.97,icon_d2
2026-10-05,W0420,52.4644,10.2477,0.0,,13.6,12.1,0.185,11.5,0.141,1.98,icon_d2
2026-10-05,W0421,52.4644,10.2772,0.0,,13.7,12.1,0.185,11.5,0.141,1.97,icon_d2
2026-10-05,W0422,52.4644,10.3068,0.0,,13.6,12.1,0.268,11.8,0.218,1.97,icon_d2
2026-10-05,W0423,52.4644,10.3363,0.0,,13.6,12.1,0.268,11.8,0.218,1.97,icon_d2
2026-10-05,W0424,52.4644,10.3658,0.0,,13.6,12.2,0.268,11.8,0.218,1.97,icon_d2
2026-10-05,W0425,52.4644,10.3954,0.0,,13.3,12.2,0.268,11.8,0.218,1.94,icon_d2
2026-10-05,W0426,52.4644,10.4249,0.0,,13.5,12.2,0.268,11.8,0.218,1.97,icon_d2
2026-10-05,W0427,52.4644,10.4545,0.0,,13.4,12.2,0.268,11.8,0.218,1.97,icon_d2
2026-10-05,W0428,52.4644,10.484,0.0,,13.4,12.8,0.239,12.7,0.188,1.99,icon_d2
2026-10-05,W0429,52.4644,10.5135,0.0,,13.5,12.8,0.239,12.7,0.188,2.02,icon_d2
2026-10-05,W0430,52.4644,10.5431,0.0,,13.9,12.8,0.239,12.7,0.188,2.06,icon_d2
2026-10-05,W0431,52.4644,10.5726,0.0,,13.9,12.8,0.239,12.7,0.188,2.08,icon_d2
2026-10-05,W0432,52.4644,10.6021,0.0,,13.7,12.8,0.239,12.7,0.188,2.04,icon_d2
2026-10-05,W0433,52.4644,10.6317,0.0,,13.6,12.5,0.234,12.4,0.182,2.01,icon_d2
2026-10-05,W0434,52.4644,10.6612,0.0,,13.5,12.5,0.234,12.4,0.182,2.01,icon_d2
2026-10-05,W0435,52.4644,10.6908,0.0,,13.4,12.5,0.234,12.4,0.182,2.03,icon_d2
2026-10-05,W0408,52.4464,10.7203,0.0,,13.5,12.5,0.234,12.4,0.182,2.06,icon_d2
2026-10-05,W1481,52.45541,10.73563,0.0,,13.4,12.5,0.234,12.4,0.182,2.07,icon_d2
2026-10-05,W0436,52.4644,10.7794,0.0,,13.2,12.5,0.234,12.4,0.182,2.05,icon_d2
2026-10-05,W0437,52.4644,10.8089,0.0,,13.3,13.0,0.228,13.1,0.158,2.05,icon_d2
2026-10-05,W0438,52.4644,10.8384,0.0,,13.6,13.0,0.228,13.1,0.158,2.1,icon_d2
2026-10-05,W0439,52.4644,10.868,0.0,,13.7,13.0,0.228,13.1,0.158,2.11,icon_d2
2026-10-05,W0440,52.4644,10.8975,0.0,,13.0,13.0,0.228,13.1,0.158,2.06,icon_d2
2026-10-05,W0441,52.4644,10.9271,0.0,,12.9,13.0,0.228,13.1,0.158,2.06,icon_d2
2026-10-05,W0442,52.4644,10.9566,0.0,,13.0,13.0,0.228,13.1,0.158,2.09,icon_d2
2026-10-05,W1482,52.45541,10.97214,0.0,,13.0,13.2,0.232,13.1,0.169,2.09,icon_d2
2026-10-05,W1609,52.45541,11.00171,0.0,,13.2,12.6,0.278,12.8,0.244,2.1,icon_d2
2026-10-05,W0443,52.4644,11.0452,0.0,,12.6,12.6,0.278,12.8,0.244,2.05,icon_d2
2026-10-05,W1483,52.45541,11.06084,0.0,,13.0,12.6,0.278,12.8,0.244,2.08,icon_d2
2026-10-05,W0444,52.4644,11.1043,0.0,,12.5,12.6,0.278,12.8,0.244,2.05,icon_d2
2026-10-05,W0445,52.4644,11.1338,0.0,,12.7,12.9,0.249,12.8,0.207,2.05,icon_d2
2026-10-05,W1484,52.45541,11.14953,0.0,,12.7,13.1,0.243,13.0,0.145,2.05,icon_d2
2026-10-05,W0446,52.4824,10.1295,0.0,,13.5,12.1,0.185,11.5,0.141,1.95,icon_d2
2026-10-05,W0447,52.4824,10.1591,0.0,,13.5,12.1,0.185,11.5,0.141,1.91,icon_d2
2026-10-05,W0448,52.4824,10.1886,0.0,,13.2,12.1,0.185,11.5,0.141,1.9,icon_d2
2026-10-05,W1485,52.47342,10.20347,0.0,,13.5,12.1,0.185,11.5,0.141,1.94,icon_d2
2026-10-05,W0449,52.4824,10.2477,0.0,,13.5,12.1,0.185,11.5,0.141,1.96,icon_d2
2026-10-05,W0450,52.4824,10.2772,0.0,,13.5,12.1,0.185,11.5,0.141,1.96,icon_d2
2026-10-05,W0451,52.4824,10.3068,0.0,,13.5,12.2,0.268,11.8,0.218,1.95,icon_d2
2026-10-05,W1486,52.47342,10.32173,0.0,,13.5,12.2,0.268,11.8,0.218,1.95,icon_d2
2026-10-05,W1487,52.47342,10.3513,0.0,,13.5,12.2,0.268,11.8,0.218,1.96,icon_d2
2026-10-05,W0452,52.4824,10.3954,0.0,,13.4,12.2,0.268,11.8,0.218,1.94,icon_d2
2026-10-05,W0453,52.4824,10.4249,0.0,,13.3,12.2,0.268,11.8,0.218,1.95,icon_d2
2026-10-05,W0454,52.4824,10.4545,0.0,,13.3,12.2,0.268,11.8,0.218,1.96,icon_d2
2026-10-05,W0455,52.4824,10.484,0.0,,13.3,12.8,0.239,12.7,0.188,1.96,icon_d2
2026-10-05,W0456,52.4824,10.5135,0.0,,13.4,12.8,0.239,12.7,0.188,1.99,icon_d2
2026-10-05,W1488,52.47342,10.52868,0.0,,13.4,12.8,0.239,12.7,0.188,1.99,icon_d2
2026-10-05,W0457,52.4824,10.5726,0.0,,14.2,12.8,0.239,12.7,0.188,2.07,icon_d2
2026-10-05,W0458,52.4824,10.6021,0.0,,13.8,12.8,0.239,12.7,0.188,2.04,icon_d2
2026-10-05,W0459,52.4824,10.6317,0.0,,13.3,12.5,0.234,12.4,0.182,2.04,icon_d2
2026-10-05,W0460,52.4824,10.6612,0.0,,13.4,12.5,0.234,12.4,0.182,2.04,icon_d2
2026-10-05,W0461,52.4824,10.6908,0.0,,13.3,12.5,0.234,12.4,0.182,2.06,icon_d2
2026-10-05,W0462,52.4824,10.7203,0.0,,13.3,12.5,0.234,12.4,0.182,2.09,icon_d2
2026-10-05,W1489,52.47342,10.73563,0.0,,13.3,12.5,0.234,12.4,0.182,2.09,icon_d2
2026-10-05,W0463,52.4824,10.7794,0.0,,13.0,12.4,0.234,12.4,0.182,2.05,icon_d2
2026-10-05,W0464,52.4824,10.8089,0.0,,13.0,12.9,0.228,13.1,0.158,2.05,icon_d2
2026-10-05,W1490,52.47342,10.82432,0.0,,12.8,12.9,0.228,13.1,0.158,2.07,icon_d2
2026-10-05,W1491,52.47342,10.85389,0.0,,12.8,12.9,0.228,13.1,0.158,2.07,icon_d2
2026-10-05,W1492,52.47342,10.88345,0.0,,12.7,12.9,0.228,13.1,0.158,2.08,icon_d2
2026-10-05,W1493,52.47342,10.91302,0.0,,12.6,12.9,0.228,13.1,0.158,2.06,icon_d2
2026-10-05,W0465,52.4824,10.9566,0.0,,12.6,12.9,0.228,13.1,0.158,2.04,icon_d2
2026-10-05,W0466,52.4824,10.9861,0.0,,12.8,12.5,0.278,12.8,0.244,2.08,icon_d2
2026-10-05,W0467,52.4824,11.0157,0.0,,13.0,12.5,0.278,12.8,0.244,2.07,icon_d2
2026-10-05,W0468,52.4824,11.0452,0.0,,12.7,12.5,0.278,12.8,0.244,2.06,icon_d2
2026-10-05,W1494,52.47342,11.06084,0.0,,12.7,12.5,0.278,12.8,0.244,2.06,icon_d2
2026-10-05,W1495,52.47342,11.0904,0.0,,12.4,12.5,0.278,12.8,0.244,2.05,icon_d2
2026-10-05,W1496,52.47342,11.11997,0.0,,12.3,12.5,0.278,12.8,0.244,2.05,icon_d2
2026-10-05,W1497,52.47342,11.14953,0.0,,12.5,12.9,0.248,12.8,0.207,2.06,icon_d2
2026-10-05,W1498,52.49144,10.11478,0.0,,13.6,12.2,0.195,11.6,0.164,1.95,icon_d2
2026-10-05,W1499,52.49144,10.14435,0.0,,13.5,12.1,0.185,11.5,0.141,1.93,icon_d2
2026-10-05,W1500,52.49144,10.17391,0.0,,13.3,12.1,0.185,11.5,0.141,1.9,icon_d2
2026-10-05,W1501,52.49144,10.20347,0.0,,13.3,12.1,0.185,11.5,0.141,1.91,icon_d2
2026-10-05,W1502,52.49144,10.23304,0.0,,13.4,12.1,0.185,11.5,0.141,1.95,icon_d2
2026-10-05,W1503,52.49144,10.2626,0.0,,13.3,12.1,0.185,11.5,0.141,1.94,icon_d2
2026-10-05,W1504,52.49144,10.29217,0.0,,13.4,12.1,0.268,11.8,0.218,1.95,icon_d2
2026-10-05,W1505,52.49144,10.32173,0.0,,13.4,12.1,0.268,11.8,0.218,1.95,icon_d2
2026-10-05,W1506,52.49144,10.3513,0.0,,13.4,12.1,0.268,11.8,0.218,1.96,icon_d2
2026-10-05,W1507,52.49144,10.38086,0.0,,13.3,12.1,0.268,11.8,0.218,1.95,icon_d2
2026-10-05,W1508,52.49144,10.41042,0.0,,13.4,12.1,0.268,11.8,0.218,1.96,icon_d2
2026-10-05,W1509,52.49144,10.43999,0.0,,13.2,12.1,0.268,11.8,0.218,1.96,icon_d2
2026-10-05,W1510,52.49144,10.46955,0.0,,13.3,12.7,0.239,12.7,0.188,1.96,icon_d2
2026-10-05,W1511,52.49144,10.49912,0.0,,13.3,12.7,0.239,12.7,0.188,2.0,icon_d2
2026-10-05,W1512,52.49144,10.52868,0.0,,13.3,12.7,0.239,12.7,0.188,2.01,icon_d2
2026-10-05,W1513,52.49144,10.55825,0.0,,13.6,12.7,0.239,12.7,0.188,2.01,icon_d2
2026-10-05,W1514,52.49144,10.58781,0.0,,13.4,12.7,0.239,12.7,0.188,2.02,icon_d2
2026-10-05,W1515,52.49144,10.61737,0.0,,13.3,12.7,0.239,12.7,0.188,2.01,icon_d2
2026-10-05,W1516,52.49144,10.64694,0.0,,13.3,12.4,0.234,12.4,0.182,2.04,icon_d2
2026-10-05,W1517,52.49144,10.6765,0.0,,13.4,12.4,0.234,12.4,0.182,2.06,icon_d2
2026-10-05,W1518,52.49144,10.70607,0.0,,13.4,12.4,0.234,12.4,0.182,2.06,icon_d2
2026-10-05,W1519,52.49144,10.73563,0.0,,13.2,12.4,0.234,12.4,0.182,2.06,icon_d2
2026-10-05,W1520,52.49144,10.76519,0.0,,13.3,12.4,0.234,12.4,0.182,2.06,icon_d2
2026-10-05,W1521,52.49144,10.79476,0.0,,12.7,12.9,0.228,13.1,0.158,2.05,icon_d2
2026-10-05,W1522,52.49144,10.82432,0.0,,12.7,12.9,0.228,13.1,0.158,2.05,icon_d2
2026-10-05,W1523,52.49144,10.85389,0.0,,12.7,12.9,0.228,13.1,0.158,2.0,icon_d2
2026-10-05,W1524,52.49144,10.88345,0.0,,12.8,12.9,0.228,13.1,0.158,2.01,icon_d2
2026-10-05,W1525,52.49144,10.91302,0.0,,12.6,12.9,0.228,13.1,0.158,2.02,icon_d2
2026-10-05,W1526,52.49144,10.94258,0.0,,12.6,12.9,0.228,13.1,0.158,2.01,icon_d2
2026-10-05,W1527,52.49144,10.97214,0.0,,12.4,12.5,0.278,12.8,0.244,2.01,icon_d2
2026-10-05,W1528,52.49144,11.00171,0.0,,12.4,12.5,0.278,12.8,0.244,2.03,icon_d2
2026-10-05,W1529,52.49144,11.03127,0.0,,12.4,12.5,0.278,12.8,0.244,2.05,icon_d2
2026-10-05,W1530,52.49144,11.06084,0.0,,12.4,12.5,0.278,12.8,0.244,2.07,icon_d2
2026-10-05,W1531,52.49144,11.0904,0.0,,12.4,12.5,0.278,12.8,0.244,2.05,icon_d2
2026-10-05,W1532,52.49144,11.11997,0.0,,12.4,12.5,0.278,12.8,0.244,2.06,icon_d2
2026-10-05,W1533,52.49144,11.14953,0.0,,12.3,12.9,0.248,12.8,0.207,2.05,icon_d2
2026-10-05,W0470,52.5005,10.1295,0.0,,13.6,12.1,0.185,11.5,0.141,1.95,icon_d2
2026-10-05,W0471,52.5005,10.1591,0.0,,13.5,12.1,0.185,11.5,0.141,1.93,icon_d2
2026-10-05,W0472,52.5005,10.1886,0.0,,13.4,12.1,0.185,11.5,0.141,1.9,icon_d2
2026-10-05,W1534,52.50946,10.20347,0.0,,13.3,12.1,0.185,11.5,0.141,1.91,icon_d2
2026-10-05,W0473,52.5005,10.2477,0.0,,13.4,12.1,0.185,11.5,0.141,1.94,icon_d2
2026-10-05,W0474,52.5005,10.2772,0.0,,13.5,11.5,0.186,11.2,0.135,1.96,icon_d2
2026-10-05,W0475,52.5005,10.3068,0.0,,13.4,12.1,0.268,11.8,0.218,1.95,icon_d2
2026-10-05,W1535,52.50946,10.32173,0.0,,13.4,12.1,0.268,11.8,0.218,1.95,icon_d2
2026-10-05,W1536,52.50946,10.3513,0.0,,13.5,12.1,0.268,11.8,0.218,1.96,icon_d2
2026-10-05,W0476,52.5005,10.3954,0.0,,13.4,12.1,0.268,11.8,0.218,1.96,icon_d2
2026-10-05,W0477,52.5005,10.4249,0.0,,13.4,12.1,0.268,11.8,0.218,1.96,icon_d2
2026-10-05,W0478,52.5005,10.4545,0.0,,13.2,11.5,0.181,11.3,0.13,1.95,icon_d2
2026-10-05,W0479,52.5005,10.484,0.0,,13.3,12.7,0.239,12.7,0.188,2.0,icon_d2
2026-10-05,W0480,52.5005,10.5135,0.0,,13.3,12.7,0.239,12.7,0.188,2.01,icon_d2
2026-10-05,W0481,52.5005,10.5431,0.0,,13.6,12.7,0.239,12.7,0.188,2.01,icon_d2
2026-10-05,W0482,52.5005,10.5726,0.0,,13.4,12.7,0.239,12.7,0.188,2.02,icon_d2
2026-10-05,W0483,52.5005,10.6021,0.0,,13.5,12.0,0.168,12.0,0.113,2.02,icon_d2
2026-10-05,W1537,52.50946,10.61737,0.0,,13.2,12.0,0.168,12.0,0.113,2.0,icon_d2
2026-10-05,W0484,52.5005,10.6612,0.0,,13.3,12.4,0.234,12.4,0.182,2.01,icon_d2
2026-10-05,W0485,52.5005,10.6908,0.0,,13.2,12.4,0.234,12.4,0.182,2.05,icon_d2
2026-10-05,W0486,52.5005,10.7203,0.0,,13.3,12.4,0.234,12.4,0.182,2.03,icon_d2
2026-10-05,W0487,52.5005,10.7498,0.0,,13.2,12.4,0.234,12.4,0.182,2.06,icon_d2
2026-10-05,W1538,52.50946,10.76519,0.0,,13.1,11.9,0.16,11.6,0.088,2.05,icon_d2
2026-10-05,W0488,52.5005,10.8089,0.0,,12.8,12.9,0.228,13.1,0.158,2.05,icon_d2
2026-10-05,W0489,52.5005,10.8384,0.0,,12.7,12.9,0.228,13.1,0.158,2.0,icon_d2
2026-10-05,W0490,52.5005,10.868,0.0,,12.7,12.9,0.228,13.1,0.158,2.0,icon_d2
2026-10-05,W0491,52.5005,10.8975,0.0,,12.5,12.9,0.228,13.1,0.158,2.01,icon_d2
2026-10-05,W0492,52.5005,10.9271,0.0,,12.5,12.9,0.228,13.1,0.158,2.01,icon_d2
2026-10-05,W0493,52.5005,10.9566,0.0,,12.5,12.7,0.242,12.7,0.147,2.0,icon_d2
2026-10-05,W0494,52.5005,10.9861,0.0,,12.5,12.5,0.278,12.8,0.244,2.02,icon_d2
2026-10-05,W1539,52.50946,11.00171,0.0,,12.4,12.5,0.278,12.8,0.244,2.03,icon_d2
2026-10-05,W1540,52.50946,11.03127,0.0,,12.4,12.5,0.278,12.8,0.244,2.05,icon_d2
2026-10-05,W1541,52.50946,11.06084,0.0,,12.4,12.5,0.278,12.8,0.244,2.07,icon_d2
2026-10-05,W0495,52.5005,11.1043,0.0,,12.4,12.7,0.255,12.9,0.207,2.05,icon_d2
2026-10-05,W1542,52.50946,11.11997,0.0,,12.3,12.7,0.255,12.9,0.207,2.05,icon_d2
2026-10-05,W1543,52.50946,11.14953,0.0,,12.3,12.9,0.248,12.8,0.207,2.05,icon_d2
2026-10-05,W0497,52.5185,10.1295,0.0,,13.7,11.9,0.199,11.5,0.155,1.94,icon_d2
2026-10-05,W0498,52.5185,10.1591,0.0,,13.3,12.1,0.185,11.5,0.141,1.92,icon_d2
2026-10-05,W1544,52.52748,10.17391,0.0,,13.4,11.5,0.186,11.2,0.135,1.92,icon_d2
2026-10-05,W1545,52.52748,10.20347,0.0,,13.4,11.5,0.186,11.2,0.135,1.93,icon_d2
2026-10-05,W0499,52.5185,10.2477,0.0,,13.3,11.5,0.186,11.2,0.135,1.93,icon_d2
2026-10-05,W0500,52.5185,10.2772,0.0,,13.4,11.5,0.186,11.2,0.135,1.94,icon_d2
2026-10-05,W0501,52.5185,10.3068,0.0,,13.4,12.1,0.268,11.8,0.218,1.96,icon_d2
2026-10-05,W1546,52.52748,10.32173,0.0,,13.4,12.1,0.268,11.8,0.218,1.96,icon_d2
2026-10-05,W1547,52.52748,10.3513,0.0,,13.4,11.5,0.181,11.3,0.13,1.96,icon_d2
2026-10-05,W0502,52.5185,10.3954,0.0,,13.1,11.5,0.181,11.3,0.13,1.93,icon_d2
2026-10-05,W0503,52.5185,10.4249,0.0,,13.1,11.5,0.181,11.3,0.13,1.93,icon_d2
2026-10-05,W0504,52.5185,10.4545,0.0,,13.1,11.5,0.181,11.3,0.13,1.96,icon_d2
2026-10-05,W1548,52.52748,10.46955,0.0,,13.0,11.5,0.181,11.3,0.13,1.96,icon_d2
2026-10-05,W0505,52.5185,10.5135,0.0,,13.3,12.7,0.239,12.7,0.188,2.01,icon_d2
2026-10-05,W0506,52.5185,10.5431,0.0,,13.4,12.0,0.168,12.0,0.113,2.01,icon_d2
2026-10-05,W0507,52.5185,10.5726,0.0,,13.1,12.0,0.168,12.0,0.113,1.99,icon_d2
2026-10-05,W0508,52.5185,10.6021,0.0,,12.8,12.0,0.168,12.0,0.113,1.98,icon_d2
2026-10-05,W0509,52.5185,10.6317,0.0,,12.9,12.0,0.168,12.0,0.113,1.97,icon_d2
2026-10-05,W0510,52.5185,10.6612,0.0,,13.1,12.4,0.234,12.4,0.182,1.97,icon_d2
2026-10-05,W0511,52.5185,10.6908,0.0,,13.0,12.4,0.234,12.4,0.182,1.97,icon_d2
2026-10-05,W0512,52.5185,10.7203,0.0,,13.0,11.9,0.16,11.6,0.088,1.99,icon_d2
2026-10-05,W0513,52.5185,10.7498,0.0,,13.3,11.9,0.16,11.6,0.088,2.03,icon_d2
2026-10-05,W0514,52.5185,10.7794,0.0,,13.0,11.9,0.16,11.6,0.088,2.04,icon_d2
2026-10-05,W1549,52.52748,10.79476,0.0,,13.1,11.9,0.16,11.6,0.088,2.05,icon_d2
2026-10-05,W0515,52.5185,10.8384,0.0,,12.6,12.9,0.228,13.1,0.158,1.99,icon_d2
2026-10-05,W0516,52.5185,10.868,0.0,,12.7,12.7,0.242,12.7,0.147,1.99,icon_d2
2026-10-05,W0517,52.5185,10.8975,0.0,,12.6,12.7,0.242,12.7,0.147,1.99,icon_d2
2026-10-05,W0518,52.5185,10.9271,0.0,,12.2,12.7,0.242,12.7,0.147,1.99,icon_d2
2026-10-05,W0519,52.5185,10.9566,0.0,,12.0,12.7,0.242,12.7,0.147,2.01,icon_d2
2026-10-05,W0520,52.5185,10.9861,0.0,,12.1,12.5,0.278,12.8,0.244,2.03,icon_d2
2026-10-05,W0521,52.5185,11.0157,0.0,,11.7,12.5,0.278,12.8,0.244,2.05,icon_d2
2026-10-05,W1550,52.52748,11.03127,0.0,,11.7,12.7,0.255,12.9,0.207,2.05,icon_d2
2026-10-05,W1551,52.52748,11.06084,0.0,,11.8,12.7,0.255,12.9,0.207,2.04,icon_d2
2026-10-05,W1552,52.52748,11.0904,0.0,,11.9,12.7,0.255,12.9,0.207,2.03,icon_d2
2026-10-05,W1553,52.52748,11.11997,0.0,,11.9,12.7,0.255,12.9,0.207,2.03,icon_d2
2026-10-05,W1554,52.52748,11.14953,0.0,,11.8,12.9,0.248,12.8,0.207,2.02,icon_d2
2026-10-05,W0523,52.5365,10.1295,0.0,,13.6,11.9,0.199,11.5,0.155,1.94,icon_d2
2026-10-05,W1555,52.5455,10.14435,0.0,,13.5,11.5,0.186,11.2,0.135,1.96,icon_d2
2026-10-05,W1556,52.5455,10.17391,0.0,,13.4,11.5,0.186,11.2,0.135,1.93,icon_d2
2026-10-05,W0524,52.5365,10.2182,0.0,,13.3,11.5,0.186,11.2,0.135,1.92,icon_d2
2026-10-05,W0525,52.5365,10.2477,0.0,,13.2,11.5,0.186,11.2,0.135,1.92,icon_d2
2026-10-05,W0526,52.5365,10.2772,0.0,,13.3,11.5,0.186,11.2,0.135,1.94,icon_d2
2026-10-05,W0527,52.5365,10.3068,0.0,,13.3,11.5,0.186,11.2,0.135,1.94,icon_d2
2026-10-05,W0547,52.5545,10.3363,0.0,,13.0,11.5,0.181,11.3,0.13,1.91,icon_d2
2026-10-05,W1557,52.5455,10.3513,0.0,,13.3,11.5,0.181,11.3,0.13,1.95,icon_d2
2026-10-05,W0548,52.5545,10.3954,0.0,,12.7,11.5,0.181,11.3,0.13,1.9,icon_d2
2026-10-05,W0549,52.5545,10.4249,0.0,,12.6,11.5,0.181,11.3,0.13,1.9,icon_d2
2026-10-05,W0528,52.5365,10.4545,0.0,,13.0,11.5,0.181,11.3,0.13,1.91,icon_d2
2026-10-05,W0529,52.5365,10.484,0.0,,13.2,12.0,0.168,12.0,0.113,1.94,icon_d2
2026-10-05,W0530,52.5365,10.5135,0.0,,13.1,12.0,0.168,12.0,0.113,1.94,icon_d2
2026-10-05,W0531,52.5365,10.5431,0.0,,13.3,12.0,0.168,12.0,0.113,1.98,icon_d2
2026-10-05,W0532,52.5365,10.5726,0.0,,12.9,12.0,0.168,12.0,0.113,1.98,icon_d2
2026-10-05,W0533,52.5365,10.6021,0.0,,12.8,12.0,0.168,12.0,0.113,1.98,icon_d2
2026-10-05,W0534,52.5365,10.6317,0.0,,13.2,12.0,0.168,12.0,0.113,1.95,icon_d2
2026-10-05,W0535,52.5365,10.6612,0.0,,12.9,11.9,0.16,11.6,0.088,1.93,icon_d2
2026-10-05,W0536,52.5365,10.6908,0.0,,13.2,11.9,0.16,11.6,0.088,1.98,icon_d2
2026-10-05,W0537,52.5365,10.7203,0.0,,13.2,11.9,0.16,11.6,0.088,1.98,icon_d2
2026-10-05,W0538,52.5365,10.7498,0.0,,12.9,11.9,0.16,11.6,0.088,1.99,icon_d2
2026-10-05,W0539,52.5365,10.7794,0.0,,12.6,11.9,0.16,11.6,0.088,2.0,icon_d2
2026-10-05,W0540,52.5365,10.8089,0.0,,12.7,11.9,0.16,11.6,0.088,2.05,icon_d2
2026-10-05,W0562,52.5545,10.8384,0.0,,12.2,12.7,0.242,12.7,0.147,1.98,icon_d2
2026-10-05,W0563,52.5545,10.868,0.0,,12.1,12.7,0.242,12.7,0.147,1.98,icon_d2
2026-10-05,W0564,52.5545,10.8975,0.0,,12.4,12.7,0.242,12.7,0.147,2.01,icon_d2
2026-10-05,W0541,52.5365,10.9271,0.0,,12.4,12.7,0.242,12.7,0.147,2.02,icon_d2
2026-10-05,W0542,52.5365,10.9566,0.0,,12.0,12.7,0.242,12.7,0.147,2.01,icon_d2
2026-10-05,W1558,52.5455,10.97214,0.0,,12.0,12.7,0.242,12.7,0.147,2.02,icon_d2
2026-10-05,W1559,52.5455,11.00171,0.0,,11.5,12.7,0.255,12.9,0.207,2.03,icon_d2
2026-10-05,W1560,52.5455,11.03127,0.0,,11.6,12.7,0.255,12.9,0.207,2.02,icon_d2
2026-10-05,W0543,52.5365,11.0747,0.0,,11.8,12.7,0.255,12.9,0.207,2.0,icon_d2
2026-10-05,W0544,52.5365,11.1043,0.0,,11.7,12.7,0.255,12.9,0.207,2.01,icon_d2
2026-10-05,W0567,52.5545,11.1338,0.0,,11.7,12.7,0.255,12.9,0.207,1.99,icon_d2
2026-10-05,W1561,52.5455,11.14953,0.0,,11.6,12.9,0.234,12.7,0.183,2.0,icon_d2
2026-10-05,W1562,52.56351,10.11478,0.0,,13.3,11.9,0.199,11.5,0.155,1.93,icon_d2
2026-10-05,W0568,52.5725,10.1591,0.0,,13.0,11.5,0.186,11.2,0.135,1.9,icon_d2
2026-10-05,W0569,52.5725,10.1886,0.0,,12.9,11.5,0.186,11.2,0.135,1.91,icon_d2
2026-10-05,W0570,52.5725,10.2182,0.0,,12.9,11.5,0.186,11.2,0.135,1.93,icon_d2
2026-10-05,W1563,52.56351,10.23304,0.0,,13.2,11.5,0.186,11.2,0.135,1.91,icon_d2
2026-10-05,W0571,52.5725,10.2772,0.0,,13.0,11.9,0.181,11.7,0.128,1.91,icon_d2
2026-10-05,W0572,52.5725,10.3068,0.0,,12.9,11.9,0.181,11.7,0.128,1.9,icon_d2
2026-10-05,W0573,52.5725,10.3363,0.0,,12.8,11.5,0.181,11.3,0.13,1.9,icon_d2
2026-10-05,W0574,52.5725,10.3658,0.0,,12.9,11.5,0.181,11.3,0.13,1.9,icon_d2
2026-10-05,W0575,52.5725,10.3954,0.0,,12.6,11.5,0.181,11.3,0.13,1.89,icon_d2
2026-10-05,W0576,52.5725,10.4249,0.0,,12.6,11.5,0.181,11.3,0.13,1.89,icon_d2
2026-10-05,W0577,52.5725,10.4545,0.0,,12.7,11.4,0.18,11.0,0.133,1.88,icon_d2
2026-10-05,W0578,52.5725,10.484,0.0,,12.8,12.0,0.168,12.0,0.112,1.89,icon_d2
2026-10-05,W0579,52.5725,10.5135,0.0,,13.0,12.0,0.168,12.0,0.112,1.93,icon_d2
2026-10-05,W0580,52.5725,10.5431,0.0,,12.8,12.0,0.168,12.0,0.112,1.92,icon_d2
2026-10-05,W0581,52.5725,10.5726,0.0,,12.4,12.0,0.168,12.0,0.112,1.9,icon_d2
2026-10-05,W0582,52.5725,10.6021,0.0,,12.4,12.0,0.168,12.0,0.112,1.9,icon_d2
2026-10-05,W0583,52.5725,10.6317,0.0,,12.2,11.8,0.166,11.7,0.105,1.9,icon_d2
2026-10-05,W0584,52.5725,10.6612,0.0,,12.4,11.9,0.16,11.6,0.088,1.89,icon_d2
2026-10-05,W0585,52.5725,10.6908,0.0,,13.1,11.9,0.16,11.6,0.088,1.91,icon_d2
2026-10-05,W0586,52.5725,10.7203,0.0,,13.1,11.9,0.16,11.6,0.088,1.91,icon_d2
2026-10-05,W0587,52.5725,10.7498,0.0,,13.0,11.9,0.16,11.6,0.088,1.96,icon_d2
2026-10-05,W0588,52.5725,10.7794,0.0,,12.3,12.1,0.183,11.8,0.124,1.92,icon_d2
2026-10-05,W0589,52.5725,10.8089,0.0,,12.9,12.1,0.183,11.8,0.124,1.93,icon_d2
2026-10-05,W0590,52.5725,10.8384,0.0,,12.6,12.7,0.242,12.7,0.147,1.97,icon_d2
2026-10-05,W0591,52.5725,10.868,0.0,,12.6,12.7,0.242,12.7,0.147,1.97,icon_d2
2026-10-05,W0592,52.5725,10.8975,0.0,,12.4,12.7,0.242,12.7,0.147,2.0,icon_d2
2026-10-05,W0593,52.5725,10.9271,0.0,,12.4,12.7,0.242,12.7,0.147,2.0,icon_d2
2026-10-05,W1564,52.56351,10.94258,0.0,,12.3,12.7,0.242,12.7,0.147,2.0,icon_d2
2026-10-05,W1565,52.56351,10.97214,0.0,,11.5,12.7,0.242,12.7,0.147,2.0,icon_d2
2026-10-05,W1566,52.56351,11.00171,0.0,,11.6,12.7,0.255,12.9,0.207,2.0,icon_d2
2026-10-05,W1567,52.56351,11.03127,0.0,,11.3,12.7,0.255,12.9,0.207,1.99,icon_d2
2026-10-05,W0594,52.5725,11.0747,0.0,,11.2,12.7,0.255,12.9,0.207,1.98,icon_d2
2026-10-05,W1568,52.56351,11.0904,0.0,,11.5,12.7,0.255,12.9,0.207,1.99,icon_d2
2026-10-05,W0595,52.5725,11.1338,0.0,,12.4,13.1,0.231,13.3,0.154,1.95,icon_d2
2026-10-05,W1569,52.56351,11.14953,0.0,,11.6,12.9,0.234,12.7,0.183,1.99,icon_d2
2026-10-05,W1570,52.58153,10.11478,0.0,,13.1,12.2,0.192,12.0,0.147,1.91,icon_d2
2026-10-05,W0596,52.5905,10.1591,0.0,,12.9,11.5,0.186,11.2,0.135,1.89,icon_d2
2026-10-05,W0597,52.5905,10.1886,0.0,,13.0,11.5,0.186,11.2,0.135,1.9,icon_d2
2026-10-05,W0598,52.5905,10.2182,0.0,,12.6,11.9,0.181,11.7,0.128,1.86,icon_d2
2026-10-05,W0599,52.5905,10.2477,0.0,,12.5,11.9,0.181,11.7,0.128,1.88,icon_d2
2026-10-05,W0600,52.5905,10.2772,0.0,,12.7,11.9,0.181,11.7,0.128,1.91,icon_d2
2026-10-05,W0601,52.5905,10.3068,0.0,,12.8,11.9,0.181,11.7,0.128,1.9,icon_d2
2026-10-05,W0602,52.5905,10.3363,0.0,,12.7,11.5,0.181,11.3,0.13,1.88,icon_d2
2026-10-05,W1571,52.58153,10.3513,0.0,,12.9,11.5,0.181,11.3,0.13,1.9,icon_d2
2026-10-05,W1572,52.58153,10.38086,0.0,,12.9,11.5,0.181,11.3,0.13,1.9,icon_d2
2026-10-05,W1573,52.58153,10.41042,0.0,,12.7,11.4,0.18,11.0,0.133,1.89,icon_d2
2026-10-05,W0603,52.5905,10.4545,0.0,,12.6,11.4,0.18,11.0,0.133,1.88,icon_d2
2026-10-05,W0604,52.5905,10.484,0.0,,12.5,11.4,0.18,11.0,0.133,1.87,icon_d2
2026-10-05,W0605,52.5905,10.5135,0.0,,13.0,12.0,0.168,12.0,0.112,1.93,icon_d2
2026-10-05,W0606,52.5905,10.5431,0.0,,12.7,12.0,0.168,12.0,0.112,1.91,icon_d2
2026-10-05,W0607,52.5905,10.5726,0.0,,12.4,11.8,0.166,11.7,0.105,1.91,icon_d2
2026-10-05,W1574,52.58153,10.58781,0.0,,12.4,11.8,0.166,11.7,0.105,1.9,icon_d2
2026-10-05,W0608,52.5905,10.6317,0.0,,12.0,11.8,0.166,11.7,0.105,1.87,icon_d2
2026-10-05,W0609,52.5905,10.6612,0.0,,12.3,11.9,0.16,11.6,0.088,1.87,icon_d2
2026-10-05,W0610,52.5905,10.6908,0.0,,12.1,11.9,0.16,11.6,0.088,1.88,icon_d2
2026-10-05,W0611,52.5905,10.7203,0.0,,12.7,12.1,0.183,11.8,0.124,1.89,icon_d2
2026-10-05,W0612,52.5905,10.7498,0.0,,12.7,12.1,0.183,11.8,0.124,1.9,icon_d2
2026-10-05,W0613,52.5905,10.7794,0.0,,12.7,12.1,0.183,11.8,0.124,1.91,icon_d2
2026-10-05,W0614,52.5905,10.8089,0.0,,12.6,12.1,0.183,11.8,0.124,1.9,icon_d2
2026-10-05,W0615,52.5905,10.8384,0.0,,13.1,12.7,0.242,12.7,0.147,1.93,icon_d2
2026-10-05,W0616,52.5905,10.868,0.0,,13.6,12.7,0.242,12.7,0.147,1.95,icon_d2
2026-10-05,W1742,52.58153,10.88345,0.0,,12.4,12.7,0.242,12.7,0.147,1.98,icon_d2
2026-10-05,W1743,52.58153,10.91302,0.0,,12.4,12.6,0.245,12.7,0.175,2.0,icon_d2
2026-10-05,W0617,52.5905,10.9566,0.0,,12.5,12.6,0.245,12.7,0.175,2.0,icon_d2
2026-10-05,W1744,52.58153,10.97214,0.0,,12.2,12.6,0.245,12.7,0.175,2.01,icon_d2
2026-10-05,W0618,52.5905,11.0157,0.0,,12.3,12.7,0.255,12.9,0.207,1.98,icon_d2
2026-10-05,W0619,52.5905,11.0452,0.0,,11.6,12.7,0.255,12.9,0.207,1.98,icon_d2
2026-10-05,W1745,52.58153,11.06084,0.0,,11.2,12.7,0.255,12.9,0.207,1.98,icon_d2
2026-10-05,W1746,52.58153,11.0904,0.0,,12.5,13.1,0.231,13.3,0.154,1.94,icon_d2
2026-10-05,W0620,52.5905,11.1338,0.0,,12.9,13.1,0.231,13.3,0.154,1.93,icon_d2
2026-10-05,W1747,52.58153,11.14953,0.0,,12.2,13.1,0.231,13.3,0.154,1.94,icon_d2
2026-10-05,W1748,52.59955,10.11478,0.0,,13.4,12.2,0.192,12.0,0.147,1.92,icon_d2
2026-10-05,W1749,52.59955,10.14435,0.0,,13.3,12.2,0.192,12.0,0.147,1.92,icon_d2
2026-10-05,W1750,52.59955,10.17391,0.0,,12.9,11.9,0.181,11.7,0.128,1.89,icon_d2
2026-10-05,W1751,52.59955,10.20347,0.0,,12.6,11.9,0.181,11.7,0.128,1.86,icon_d2
2026-10-05,W1752,52.59955,10.23304,0.0,,12.5,11.9,0.181,11.7,0.128,1.88,icon_d2
2026-10-05,W1753,52.59955,10.2626,0.0,,12.7,11.9,0.181,11.7,0.128,1.91,icon_d2
2026-10-05,W1754,52.59955,10.29217,0.0,,12.8,11.9,0.181,11.7,0.128,1.9,icon_d2
2026-10-05,W1755,52.59955,10.32173,0.0,,12.7,11.9,0.181,11.7,0.128,1.89,icon_d2
2026-10-05,W1756,52.59955,10.3513,0.0,,12.8,11.4,0.18,11.0,0.133,1.92,icon_d2
2026-10-05,W1757,52.59955,10.38086,0.0,,12.6,11.4,0.18,11.0,0.133,1.89,icon_d2
2026-10-05,W1758,52.59955,10.41042,0.0,,12.7,11.4,0.18,11.0,0.133,1.88,icon_d2
2026-10-05,W1759,52.59955,10.43999,0.0,,12.7,11.4,0.18,11.0,0.133,1.88,icon_d2
2026-10-05,W1760,52.59955,10.46955,0.0,,12.6,11.4,0.18,11.0,0.133,1.88,icon_d2
2026-10-05,W1761,52.59955,10.49912,0.0,,12.5,12.0,0.168,12.0,0.112,1.87,icon_d2
2026-10-05,W1762,52.59955,10.52868,0.0,,13.0,11.8,0.166,11.7,0.105,1.93,icon_d2
2026-10-05,W1763,52.59955,10.55825,0.0,,12.4,11.8,0.166,11.7,0.105,1.91,icon_d2
2026-10-05,W1764,52.59955,10.58781,0.0,,12.4,11.8,0.166,11.7,0.105,1.9,icon_d2
2026-10-05,W1765,52.59955,10.61737,0.0,,12.1,11.8,0.166,11.7,0.105,1.87,icon_d2
2026-10-05,W1599,52.59955,10.64694,0.0,,11.9,11.8,0.166,11.7,0.105,1.86,icon_d2
2026-10-05,W1600,52.59955,10.6765,0.0,,12.3,11.9,0.16,11.6,0.088,1.87,icon_d2
2026-10-05,W1601,52.59955,10.70607,0.0,,12.2,12.1,0.183,11.8,0.124,1.88,icon_d2
2026-10-05,W1610,52.59955,10.73563,0.0,,12.8,12.1,0.183,11.8,0.124,1.91,icon_d2
2026-10-05,W1602,52.59955,10.76519,0.0,,12.8,12.1,0.183,11.8,0.124,1.91,icon_d2
2026-10-05,W1603,52.59955,10.79476,0.0,,12.6,12.1,0.183,11.8,0.124,1.9,icon_d2
2026-10-05,W1611,52.59955,10.82432,0.0,,13.1,12.1,0.183,11.8,0.124,1.93,icon_d2
2026-10-05,W1604,52.59955,10.85389,0.0,,13.4,12.6,0.245,12.6,0.175,1.94,icon_d2
2026-10-05,W1605,52.59955,10.88345,0.0,,12.5,12.6,0.245,12.6,0.175,1.98,icon_d2
2026-10-05,W1766,52.59955,10.91302,0.0,,12.3,12.6,0.245,12.6,0.175,2.0,icon_d2
2026-10-05,W1767,52.59955,10.94258,0.0,,12.3,12.6,0.245,12.6,0.175,2.01,icon_d2
2026-10-05,W1608,52.59955,10.97214,0.0,,12.5,12.6,0.245,12.6,0.175,2.02,icon_d2
2026-10-05,W1768,52.59955,11.00171,0.0,,12.3,12.7,0.255,12.8,0.207,1.98,icon_d2
2026-10-05,W1769,52.59955,11.03127,0.0,,11.6,13.1,0.231,13.2,0.154,1.99,icon_d2
2026-10-05,W1770,52.59955,11.06084,0.0,,11.6,13.1,0.231,13.2,0.154,1.98,icon_d2
2026-10-05,W1612,52.59955,11.0904,0.0,,12.2,13.1,0.231,13.2,0.154,1.92,icon_d2
2026-10-05,W1613,52.59955,11.11997,0.0,,12.3,13.1,0.231,13.2,0.154,1.93,icon_d2
2026-10-05,W1614,52.59955,11.14953,0.0,,12.9,13.1,0.231,13.2,0.154,1.93,icon_d2
2026-10-05,W0621,52.6086,10.1295,0.0,,13.3,12.2,0.192,12.0,0.147,1.92,icon_d2
2026-10-05,W0622,52.6086,10.1591,0.0,,12.9,11.9,0.181,11.6,0.128,1.89,icon_d2
2026-10-05,W0623,52.6086,10.1886,0.0,,12.9,11.9,0.181,11.6,0.128,1.89,icon_d2
2026-10-05,W0624,52.6086,10.2182,0.0,,12.5,11.9,0.181,11.6,0.128,1.86,icon_d2
2026-10-05,W0625,52.6086,10.2477,0.0,,12.6,11.9,0.181,11.6,0.128,1.88,icon_d2
2026-10-05,W0626,52.6086,10.2772,0.0,,12.7,11.9,0.181,11.6,0.128,1.91,icon_d2
2026-10-05,W0627,52.6086,10.3068,0.0,,12.7,11.9,0.181,11.6,0.128,1.89,icon_d2
2026-10-05,W1615,52.61757,10.32173,0.0,,12.9,11.9,0.181,11.6,0.128,1.9,icon_d2
2026-10-05,W0628,52.6086,10.3658,0.0,,12.8,11.4,0.18,10.9,0.133,1.91,icon_d2
2026-10-05,W0629,52.6086,10.3954,0.0,,12.5,11.4,0.18,10.9,0.133,1.89,icon_d2
2026-10-05,W0630,52.6086,10.4249,0.0,,12.7,11.4,0.18,10.9,0.133,1.88,icon_d2
2026-10-05,W1616,52.61757,10.43999,0.0,,12.4,11.4,0.18,10.9,0.133,1.86,icon_d2
2026-10-05,W0631,52.6086,10.484,0.0,,12.5,11.4,0.18,10.9,0.133,1.87,icon_d2
2026-10-05,W0632,52.6086,10.5135,0.0,,13.0,11.8,0.166,11.6,0.105,1.93,icon_d2
2026-10-05,W0633,52.6086,10.5431,0.0,,12.6,11.8,0.166,11.6,0.105,1.91,icon_d2
2026-10-05,W1617,52.61757,10.55825,0.0,,12.5,11.8,0.166,11.6,0.105,1.9,icon_d2
2026-10-05,W0634,52.6086,10.6021,0.0,,12.2,11.8,0.166,11.6,0.105,1.88,icon_d2
2026-10-05,W0635,52.6086,10.6317,0.0,,12.1,11.8,0.166,11.6,0.105,1.87,icon_d2
2026-10-05,W0636,52.6086,10.6612,0.0,,12.3,11.8,0.166,11.6,0.105,1.87,icon_d2
2026-10-05,W0637,52.6086,10.6908,0.0,,12.2,12.1,0.183,11.8,0.124,1.89,icon_d2
2026-10-05,W0638,52.6086,10.7203,0.0,,12.9,12.1,0.183,11.8,0.124,1.9,icon_d2
2026-10-05,W0639,52.6086,10.7498,0.0,,12.7,12.1,0.183,11.8,0.124,1.9,icon_d2
2026-10-05,W0640,52.6086,10.7794,0.0,,12.6,12.1,0.183,11.8,0.124,1.9,icon_d2
2026-10-05,W0641,52.6086,10.8089,0.0,,12.6,12.1,0.183,11.8,0.124,1.9,icon_d2
2026-10-05,W0642,52.6086,10.8384,0.0,,13.1,12.6,0.245,12.6,0.175,1.93,icon_d2
2026-10-05,W0643,52.6086,10.868,0.0,,13.5,12.6,0.245,12.6,0.175,1.94,icon_d2
2026-10-05,W1618,52.61757,10.88345,0.0,,13.1,12.6,0.245,12.6,0.175,1.97,icon_d2
2026-10-05,W1619,52.61757,10.91302,0.0,,12.5,12.6,0.245,12.6,0.175,1.99,icon_d2
2026-10-05,W0644,52.6086,10.9566,0.0,,12.5,12.6,0.245,12.6,0.175,2.0,icon_d2
2026-10-05,W0645,52.6086,10.9861,0.0,,12.4,12.6,0.245,12.6,0.175,2.02,icon_d2
2026-10-05,W0646,52.6086,11.0157,0.0,,12.2,13.1,0.231,13.2,0.154,1.98,icon_d2
2026-10-05,W0647,52.6086,11.0452,0.0,,11.7,13.1,0.231,13.2,0.154,1.99,icon_d2
2026-10-05,W0648,52.6086,11.0747,0.0,,11.5,13.1,0.231,13.2,0.154,1.97,icon_d2
2026-10-05,W0649,52.6086,11.1043,0.0,,12.3,13.1,0.231,13.2,0.154,1.93,icon_d2
2026-10-05,W0650,52.6086,11.1338,0.0,,12.9,13.1,0.231,13.2,0.154,1.93,icon_d2
2026-10-05,W1620,52.61757,11.14953,0.0,,14.1,13.1,0.231,13.2,0.154,2.01,icon_d2
2026-10-05,W0652,52.6266,10.1295,0.0,,13.1,12.2,0.192,12.0,0.147,1.9,icon_d2
2026-10-05,W0653,52.6266,10.1591,0.0,,12.9,11.9,0.181,11.6,0.128,1.88,icon_d2
2026-10-05,W0654,52.6266,10.1886,0.0,,12.9,11.9,0.181,11.6,0.128,1.86,icon_d2
2026-10-05,W0655,52.6266,10.2182,0.0,,12.5,11.9,0.181,11.6,0.128,1.86,icon_d2
2026-10-05,W0656,52.6266,10.2477,0.0,,12.5,11.9,0.181,11.6,0.128,1.88,icon_d2
2026-10-05,W0657,52.6266,10.2772,0.0,,12.8,11.9,0.181,11.6,0.128,1.91,icon_d2
2026-10-05,W1621,52.63559,10.29217,0.0,,12.8,11.9,0.181,11.6,0.128,1.91,icon_d2
2026-10-05,W1622,52.63559,10.32173,0.0,,12.9,11.8,0.194,11.5,0.167,1.9,icon_d2
2026-10-05,W0658,52.6266,10.3658,0.0,,12.7,11.4,0.18,10.9,0.133,1.89,icon_d2
2026-10-05,W0659,52.6266,10.3954,0.0,,12.6,11.4,0.18,10.9,0.133,1.88,icon_d2
2026-10-05,W0660,52.6266,10.4249,0.0,,12.5,11.4,0.18,10.9,0.133,1.87,icon_d2
2026-10-05,W0661,52.6266,10.4545,0.0,,12.4,11.4,0.18,10.9,0.133,1.86,icon_d2
2026-10-05,W0662,52.6266,10.484,0.0,,12.4,11.4,0.18,10.9,0.133,1.87,icon_d2
2026-10-05,W0663,52.6266,10.5135,0.0,,12.3,11.8,0.166,11.6,0.105,1.88,icon_d2
2026-10-05,W1623,52.63559,10.52868,0.0,,12.5,11.8,0.166,11.6,0.105,1.88,icon_d2
2026-10-05,W0664,52.6266,10.5726,0.0,,12.5,11.8,0.166,11.6,0.105,1.9,icon_d2
2026-10-05,W0665,52.6266,10.6021,0.0,,12.4,11.8,0.166,11.6,0.105,1.88,icon_d2
2026-10-05,W0666,52.6266,10.6317,0.0,,12.1,11.8,0.166,11.6,0.105,1.85,icon_d2
2026-10-05,W0667,52.6266,10.6612,0.0,,12.1,11.8,0.166,11.6,0.105,1.85,icon_d2
2026-10-05,W0668,52.6266,10.6908,0.0,,12.6,12.1,0.183,11.8,0.124,1.88,icon_d2
2026-10-05,W0669,52.6266,10.7203,0.0,,12.9,12.1,0.183,11.8,0.124,1.88,icon_d2
2026-10-05,W0670,52.6266,10.7498,0.0,,13.0,12.1,0.183,11.8,0.124,1.89,icon_d2
2026-10-05,W0671,52.6266,10.7794,0.0,,13.2,12.1,0.183,11.8,0.124,1.9,icon_d2
2026-10-05,W0672,52.6266,10.8089,0.0,,13.4,12.1,0.183,11.8,0.124,1.92,icon_d2
2026-10-05,W0673,52.6266,10.8384,0.0,,13.8,12.6,0.245,12.6,0.175,1.95,icon_d2
2026-10-05,W0674,52.6266,10.868,0.0,,13.1,12.6,0.245,12.6,0.175,1.97,icon_d2
2026-10-05,W1624,52.63559,10.88345,0.0,,13.4,12.6,0.245,12.6,0.175,1.97,icon_d2
2026-10-05,W1625,52.63559,10.91302,0.0,,12.8,12.6,0.245,12.6,0.175,1.99,icon_d2
2026-10-05,W0675,52.6266,10.9566,0.0,,12.4,12.6,0.245,12.6,0.175,1.96,icon_d2
2026-10-05,W0676,52.6266,10.9861,0.0,,12.4,12.6,0.245,12.6,0.175,1.96,icon_d2
2026-10-05,W0677,52.6266,11.0157,0.0,,12.9,13.1,0.231,13.2,0.154,1.94,icon_d2
2026-10-05,W0678,52.6266,11.0452,0.0,,13.0,13.1,0.231,13.2,0.154,1.95,icon_d2
2026-10-05,W1626,52.63559,11.06084,0.0,,13.9,13.1,0.231,13.2,0.154,2.01,icon_d2
2026-10-05,W0679,52.6266,11.1043,0.0,,12.8,13.1,0.231,13.2,0.154,1.98,icon_d2
2026-10-05,W0680,52.6266,11.1338,0.0,,13.9,13.1,0.231,13.2,0.154,2.0,icon_d2
2026-10-05,W1627,52.63559,11.14953,0.0,,14.1,13.1,0.231,13.2,0.154,2.05,icon_d2
2026-10-05,W0707,52.6626,10.1,0.0,,13.4,12.2,0.226,12.2,0.215,1.91,icon_d2
2026-10-05,W0709,52.6626,10.1591,0.0,,13.3,12.2,0.226,12.2,0.215,1.89,icon_d2
2026-10-05,W0710,52.6626,10.1886,0.0,,13.1,11.9,0.181,11.6,0.128,1.89,icon_d2
2026-10-05,W0711,52.6626,10.2182,0.0,,12.7,11.9,0.181,11.6,0.128,1.89,icon_d2
2026-10-05,W1628,52.6536,10.23304,0.0,,12.7,11.9,0.181,11.6,0.128,1.88,icon_d2
2026-10-05,W0712,52.6626,10.2772,0.0,,12.7,11.8,0.194,11.5,0.167,1.89,icon_d2
2026-10-05,W0684,52.6446,10.3068,0.0,,12.8,11.8,0.194,11.5,0.167,1.91,icon_d2
2026-10-05,W0713,52.6626,10.3363,0.0,,12.9,11.8,0.194,11.5,0.167,1.88,icon_d2
2026-10-05,W0714,52.6626,10.3658,0.0,,12.9,11.4,0.18,10.9,0.133,1.88,icon_d2
2026-10-05,W0715,52.6626,10.3954,0.0,,12.9,11.4,0.192,10.8,0.159,1.85,icon_d2
2026-10-05,W0716,52.6626,10.4249,0.0,,12.8,11.4,0.192,10.8,0.159,1.85,icon_d2
2026-10-05,W0717,52.6626,10.4545,0.0,,12.8,11.4,0.192,10.8,0.159,1.87,icon_d2
2026-10-05,W1629,52.6536,10.46955,0.0,,12.8,11.4,0.192,10.8,0.159,1.88,icon_d2
2026-10-05,W0718,52.6626,10.5135,0.0,,12.6,11.8,0.166,11.6,0.105,1.87,icon_d2
2026-10-05,W0719,52.6626,10.5431,0.0,,12.6,11.8,0.166,11.6,0.105,1.86,icon_d2
2026-10-05,W0720,52.6626,10.5726,0.0,,12.6,11.6,0.177,11.1,0.122,1.84,icon_d2
2026-10-05,W0721,52.6626,10.6021,0.0,,12.5,11.6,0.177,11.1,0.122,1.83,icon_d2
2026-10-05,W0722,52.6626,10.6317,0.0,,12.3,11.6,0.177,11.1,0.122,1.82,icon_d2
2026-10-05,W0723,52.6626,10.6612,0.0,,12.4,11.6,0.177,11.1,0.122,1.83,icon_d2
2026-10-05,W0724,52.6626,10.6908,0.0,,12.9,12.1,0.183,11.8,0.124,1.84,icon_d2
2026-10-05,W0725,52.6626,10.7203,0.0,,12.6,12.1,0.183,11.8,0.124,1.83,icon_d2
2026-10-05,W0726,52.6626,10.7498,0.0,,13.0,11.8,0.173,11.4,0.109,1.87,icon_d2
2026-10-05,W0727,52.6626,10.7794,0.0,,13.1,11.8,0.173,11.4,0.109,1.88,icon_d2
2026-10-05,W0728,52.6626,10.8089,0.0,,13.3,11.8,0.173,11.4,0.109,1.96,icon_d2
2026-10-05,W0729,52.6626,10.8384,0.0,,13.1,11.8,0.173,11.4,0.109,1.99,icon_d2
2026-10-05,W0730,52.6626,10.868,0.0,,13.3,12.6,0.245,12.6,0.175,2.0,icon_d2
2026-10-05,W0731,52.6626,10.8975,0.0,,12.6,12.3,0.252,12.0,0.184,1.97,icon_d2
2026-10-05,W0732,52.6626,10.9271,0.0,,12.9,12.3,0.252,12.0,0.184,1.98,icon_d2
2026-10-05,W0733,52.6626,10.9566,0.0,,12.7,12.3,0.252,12.0,0.184,1.96,icon_d2
2026-10-05,W0734,52.6626,10.9861,0.0,,13.4,12.3,0.252,12.0,0.184,1.99,icon_d2
2026-10-05,W0735,52.6626,11.0157,0.0,,13.4,13.1,0.231,13.2,0.154,1.97,icon_d2
2026-10-05,W0736,52.6626,11.0452,0.0,,13.4,13.1,0.231,13.2,0.154,2.0,icon_d2
2026-10-05,W0737,52.6626,11.0747,0.0,,13.4,12.9,0.231,12.9,0.148,2.03,icon_d2
2026-10-05,W0705,52.6446,11.1043,0.0,,13.5,13.1,0.231,13.2,0.154,2.01,icon_d2
2026-10-05,W0738,52.6626,11.1338,0.0,,13.7,12.9,0.231,12.9,0.148,2.02,icon_d2
2026-10-05,W1630,52.6536,11.14953,0.0,,13.5,12.9,0.231,12.9,0.148,2.01,icon_d2
2026-10-05,W0740,52.6806,10.1295,0.0,,13.1,12.2,0.226,12.2,0.215,1.86,icon_d2
2026-10-05,W0741,52.6806,10.1591,0.0,,13.3,12.2,0.226,12.2,0.215,1.89,icon_d2
2026-10-05,W0742,52.6806,10.1886,0.0,,13.4,11.8,0.194,11.5,0.167,1.89,icon_d2
2026-10-05,W0743,52.6806,10.2182,0.0,,12.9,11.8,0.194,11.5,0.167,1.87,icon_d2
2026-10-05,W0744,52.6806,10.2477,0.0,,12.9,11.8,0.194,11.5,0.167,1.87,icon_d2
2026-10-05,W0745,52.6806,10.2772,0.0,,12.6,11.8,0.194,11.5,0.167,1.86,icon_d2
2026-10-05,W0746,52.6806,10.3068,0.0,,12.7,11.8,0.194,11.5,0.167,1.87,icon_d2
2026-10-05,W1631,52.67162,10.32173,0.0,,12.7,11.8,0.194,11.5,0.167,1.87,icon_d2
2026-10-05,W0747,52.6806,10.3658,0.0,,12.8,11.4,0.192,10.8,0.159,1.88,icon_d2
2026-10-05,W0748,52.6806,10.3954,0.0,,12.9,11.4,0.192,10.8,0.159,1.87,icon_d2
2026-10-05,W0749,52.6806,10.4249,0.0,,12.7,11.4,0.192,10.8,0.159,1.83,icon_d2
2026-10-05,W0750,52.6806,10.4545,0.0,,12.7,11.4,0.192,10.8,0.159,1.82,icon_d2
2026-10-05,W0751,52.6806,10.484,0.0,,12.7,11.4,0.192,10.8,0.159,1.82,icon_d2
2026-10-05,W0752,52.6806,10.5135,0.0,,12.8,11.4,0.192,10.8,0.159,1.86,icon_d2
2026-10-05,W1632,52.67162,10.52868,0.0,,12.9,11.6,0.177,11.1,0.122,1.86,icon_d2
2026-10-05,W0753,52.6806,10.5726,0.0,,12.8,11.6,0.177,11.1,0.122,1.84,icon_d2
2026-10-05,W0754,52.6806,10.6021,0.0,,12.7,11.6,0.177,11.1,0.122,1.82,icon_d2
2026-10-05,W0755,52.6806,10.6317,0.0,,12.2,11.6,0.177,11.1,0.122,1.82,icon_d2
2026-10-05,W0756,52.6806,10.6612,0.0,,12.1,11.6,0.177,11.1,0.122,1.82,icon_d2
2026-10-05,W0757,52.6806,10.6908,0.0,,12.5,11.8,0.173,11.4,0.109,1.84,icon_d2
2026-10-05,W0758,52.6806,10.7203,0.0,,12.7,11.8,0.173,11.4,0.109,1.83,icon_d2
2026-10-05,W0759,52.6806,10.7498,0.0,,13.3,11.8,0.173,11.4,0.109,1.87,icon_d2
2026-10-05,W0760,52.6806,10.7794,0.0,,12.9,11.8,0.173,11.4,0.109,1.9,icon_d2
2026-10-05,W0761,52.6806,10.8089,0.0,,13.2,11.8,0.173,11.4,0.109,1.94,icon_d2
2026-10-05,W1633,52.67162,10.82432,0.0,,13.0,11.8,0.173,11.4,0.109,2.0,icon_d2
2026-10-05,W1634,52.67162,10.85389,0.0,,12.8,12.6,0.245,12.6,0.175,2.0,icon_d2
2026-10-05,W0762,52.6806,10.8975,0.0,,12.6,12.3,0.252,12.1,0.184,2.01,icon_d2
2026-10-05,W0763,52.6806,10.9271,0.0,,12.7,12.3,0.252,12.1,0.184,2.0,icon_d2
2026-10-05,W0764,52.6806,10.9566,0.0,,13.6,12.3,0.252,12.1,0.184,1.99,icon_d2
2026-10-05,W0765,52.6806,10.9861,0.0,,13.5,12.3,0.252,12.1,0.184,1.99,icon_d2
2026-10-05,W1635,52.67162,11.00171,0.0,,13.9,12.3,0.252,12.1,0.184,2.03,icon_d2
2026-10-05,W0766,52.6806,11.0452,0.0,,13.9,12.9,0.231,12.9,0.148,2.06,icon_d2
2026-10-05,W1636,52.67162,11.06084,0.0,,13.8,12.9,0.231,12.9,0.148,2.06,icon_d2
2026-10-05,W1637,52.67162,11.0904,0.0,,12.8,12.9,0.231,12.9,0.148,2.02,icon_d2
2026-10-05,W1638,52.67162,11.11997,0.0,,12.8,12.9,0.231,12.9,0.148,2.02,icon_d2
2026-10-05,W1639,52.67162,11.14953,0.0,,13.8,12.9,0.231,12.9,0.148,2.03,icon_d2
2026-10-05,W0768,52.6986,10.1295,0.0,,13.2,12.2,0.226,12.3,0.215,1.86,icon_d2
2026-10-05,W0769,52.6986,10.1591,0.0,,13.2,12.2,0.226,12.3,0.215,1.86,icon_d2
2026-10-05,W0770,52.6986,10.1886,0.0,,13.1,11.8,0.194,11.6,0.167,1.88,icon_d2
2026-10-05,W0771,52.6986,10.2182,0.0,,13.2,11.8,0.194,11.6,0.167,1.9,icon_d2
2026-10-05,W0772,52.6986,10.2477,0.0,,13.0,11.8,0.194,11.6,0.167,1.88,icon_d2
2026-10-05,W0773,52.6986,10.2772,0.0,,12.4,11.8,0.194,11.6,0.167,1.85,icon_d2
2026-10-05,W0774,52.6986,10.3068,0.0,,12.6,11.8,0.194,11.6,0.167,1.85,icon_d2
2026-10-05,W1640,52.68964,10.32173,0.0,,12.7,11.8,0.194,11.6,0.167,1.87,icon_d2
2026-10-05,W0775,52.6986,10.3658,0.0,,12.7,11.4,0.192,10.9,0.159,1.85,icon_d2
2026-10-05,W0776,52.6986,10.3954,0.0,,12.8,11.4,0.192,10.9,0.159,1.86,icon_d2
2026-10-05,W0777,52.6986,10.4249,0.0,,12.8,11.4,0.192,10.9,0.159,1.86,icon_d2
2026-10-05,W0778,52.6986,10.4545,0.0,,12.8,11.4,0.192,10.9,0.159,1.83,icon_d2
2026-10-05,W0779,52.6986,10.484,0.0,,12.7,11.4,0.192,10.9,0.159,1.82,icon_d2
2026-10-05,W0780,52.6986,10.5135,0.0,,12.8,11.4,0.192,10.9,0.159,1.84,icon_d2
2026-10-05,W0781,52.6986,10.5431,0.0,,13.1,11.6,0.177,11.2,0.122,1.82,icon_d2
2026-10-05,W0782,52.6986,10.5726,0.0,,13.3,11.6,0.177,11.2,0.122,1.84,icon_d2
2026-10-05,W0783,52.6986,10.6021,0.0,,13.2,11.6,0.177,11.2,0.122,1.83,icon_d2
2026-10-05,W0784,52.6986,10.6317,0.0,,12.1,11.6,0.177,11.2,0.122,1.83,icon_d2
2026-10-05,W0785,52.6986,10.6612,0.0,,12.2,11.6,0.177,11.2,0.122,1.83,icon_d2
2026-10-05,W1641,52.68964,10.6765,0.0,,12.5,11.6,0.177,11.2,0.122,1.84,icon_d2
2026-10-05,W0786,52.6986,10.7203,0.0,,12.6,11.8,0.173,11.5,0.109,1.86,icon_d2
2026-10-05,W1642,52.68964,10.73563,0.0,,13.3,11.8,0.173,11.5,0.109,1.87,icon_d2
2026-10-05,W1643,52.68964,10.76519,0.0,,13.3,11.8,0.173,11.5,0.109,1.87,icon_d2
2026-10-05,W1644,52.68964,10.79476,0.0,,13.2,11.8,0.173,11.5,0.109,1.93,icon_d2
2026-10-05,W0787,52.6986,10.8384,0.0,,13.1,11.8,0.173,11.5,0.109,1.97,icon_d2
2026-10-05,W0788,52.6986,10.868,0.0,,12.6,12.3,0.252,12.1,0.184,1.96,icon_d2
2026-10-05,W0789,52.6986,10.8975,0.0,,13.1,12.3,0.252,12.1,0.184,2.01,icon_d2
2026-10-05,W0790,52.6986,10.9271,0.0,,13.0,12.3,0.252,12.1,0.184,2.0,icon_d2
2026-10-05,W0791,52.6986,10.9566,0.0,,13.5,12.3,0.252,12.1,0.184,2.02,icon_d2
2026-10-05,W0792,52.6986,10.9861,0.0,,13.8,12.3,0.252,12.1,0.184,2.04,icon_d2
2026-10-05,W1645,52.68964,11.00171,0.0,,14.0,12.3,0.252,12.1,0.184,2.04,icon_d2
2026-10-05,W0793,52.6986,11.0452,0.0,,12.9,12.9,0.231,12.9,0.148,2.05,icon_d2
2026-10-05,W0794,52.6986,11.0747,0.0,,12.8,12.9,0.231,12.9,0.148,2.02,icon_d2
2026-10-05,W0795,52.6986,11.1043,0.0,,12.8,12.9,0.231,12.9,0.148,2.02,icon_d2
2026-10-05,W0796,52.6986,11.1338,0.0,,13.4,12.9,0.231,12.9,0.148,2.01,icon_d2
2026-10-05,W1646,52.68964,11.14953,0.0,,13.9,12.9,0.231,12.9,0.148,2.04,icon_d2
2026-10-05,W1647,52.70766,10.11478,0.0,,13.2,12.2,0.226,12.3,0.215,1.86,icon_d2
2026-10-05,W1648,52.70766,10.14435,0.0,,13.1,12.2,0.226,12.3,0.215,1.86,icon_d2
2026-10-05,W1649,52.70766,10.17391,0.0,,13.1,12.3,0.247,12.4,0.243,1.88,icon_d2
2026-10-05,W1650,52.70766,10.20347,0.0,,13.1,11.8,0.194,11.6,0.167,1.87,icon_d2
2026-10-05,W1651,52.70766,10.23304,0.0,,13.0,11.8,0.194,11.5,0.167,1.88,icon_d2
2026-10-05,W1652,52.70766,10.2626,0.0,,12.9,11.8,0.194,11.5,0.167,1.87,icon_d2
2026-10-05,W1653,52.70766,10.29217,0.0,,12.5,11.8,0.194,11.5,0.167,1.85,icon_d2
2026-10-05,W1654,52.70766,10.32173,0.0,,12.7,11.8,0.194,11.5,0.167,1.87,icon_d2
2026-10-05,W1655,52.70766,10.3513,0.0,,12.8,11.4,0.192,10.8,0.159,1.86,icon_d2
2026-10-05,W1656,52.70766,10.38086,0.0,,12.9,11.4,0.192,10.8,0.159,1.87,icon_d2
2026-10-05,W1657,52.70766,10.41042,0.0,,12.8,11.4,0.192,10.8,0.159,1.86,icon_d2
2026-10-05,W1658,52.70766,10.43999,0.0,,12.7,11.4,0.192,10.8,0.159,1.84,icon_d2
2026-10-05,W1659,52.70766,10.46955,0.0,,12.8,11.4,0.192,10.8,0.159,1.83,icon_d2
2026-10-05,W1660,52.70766,10.49912,0.0,,12.8,12.0,0.214,11.5,0.193,1.84,icon_d2
2026-10-05,W1661,52.70766,10.52868,0.0,,12.7,11.6,0.177,11.1,0.122,1.83,icon_d2
2026-10-05,W1662,52.70766,10.55825,0.0,,12.9,11.6,0.177,11.1,0.122,1.82,icon_d2
2026-10-05,W1663,52.70766,10.58781,0.0,,13.3,11.6,0.177,11.1,0.122,1.84,icon_d2
2026-10-05,W1664,52.70766,10.61737,0.0,,13.2,11.6,0.177,11.1,0.122,1.83,icon_d2
2026-10-05,W1665,52.70766,10.64694,0.0,,12.1,11.6,0.177,11.1,0.122,1.83,icon_d2
2026-10-05,W1666,52.70766,10.6765,0.0,,12.1,11.5,0.174,10.7,0.108,1.84,icon_d2
2026-10-05,W1667,52.70766,10.70607,0.0,,12.4,11.8,0.173,11.4,0.109,1.84,icon_d2
2026-10-05,W1668,52.70766,10.73563,0.0,,12.6,11.8,0.173,11.4,0.109,1.86,icon_d2
2026-10-05,W1669,52.70766,10.76519,0.0,,13.3,11.8,0.173,11.4,0.109,1.93,icon_d2
2026-10-05,W1670,52.70766,10.79476,0.0,,13.3,11.8,0.173,11.4,0.109,1.94,icon_d2
2026-10-05,W1671,52.70766,10.82432,0.0,,13.1,11.8,0.173,11.4,0.109,1.97,icon_d2
2026-10-05,W1672,52.70766,10.85389,0.0,,12.7,12.3,0.252,12.0,0.184,1.96,icon_d2
2026-10-05,W1673,52.70766,10.88345,0.0,,12.5,12.3,0.252,12.0,0.184,1.96,icon_d2
2026-10-05,W1674,52.70766,10.91302,0.0,,13.1,12.3,0.252,12.0,0.184,2.01,icon_d2
2026-10-05,W1675,52.70766,10.94258,0.0,,13.6,12.3,0.252,12.0,0.184,2.02,icon_d2
2026-10-05,W1676,52.70766,10.97214,0.0,,13.7,12.3,0.252,12.0,0.184,2.03,icon_d2
2026-10-05,W1677,52.70766,11.00171,0.0,,13.5,12.4,0.233,12.0,0.152,2.05,icon_d2
2026-10-05,W1678,52.70766,11.03127,0.0,,13.0,12.9,0.231,12.9,0.148,2.05,icon_d2
2026-10-05,W1679,52.70766,11.06084,0.0,,13.3,12.9,0.231,12.9,0.148,2.05,icon_d2
2026-10-05,W1680,52.70766,11.0904,0.0,,12.8,12.9,0.231,12.9,0.148,2.02,icon_d2
2026-10-05,W1681,52.70766,11.11997,0.0,,13.6,12.9,0.231,12.9,0.148,2.02,icon_d2
2026-10-05,W1682,52.70766,11.14953,0.0,,13.5,12.9,0.231,12.9,0.148,2.02,icon_d2
2026-10-05,W0798,52.7167,10.1295,0.0,,13.3,12.2,0.226,12.2,0.215,1.87,icon_d2
2026-10-05,W0799,52.7167,10.1591,0.0,,13.0,12.3,0.247,12.4,0.243,1.85,icon_d2
2026-10-05,W0800,52.7167,10.1886,0.0,,13.0,11.8,0.194,11.5,0.167,1.84,icon_d2
2026-10-05,W0801,52.7167,10.2182,0.0,,13.2,11.8,0.194,11.5,0.167,1.9,icon_d2
2026-10-05,W0802,52.7167,10.2477,0.0,,13.1,11.8,0.194,11.5,0.167,1.89,icon_d2
2026-10-05,W0803,52.7167,10.2772,0.0,,12.9,11.8,0.194,11.5,0.167,1.86,icon_d2
2026-10-05,W0804,52.7167,10.3068,0.0,,12.6,12.0,0.238,11.7,0.235,1.84,icon_d2
2026-10-05,W0805,52.7167,10.3363,0.0,,12.4,12.0,0.238,11.7,0.235,1.83,icon_d2
2026-10-05,W0806,52.7167,10.3658,0.0,,12.5,11.4,0.192,10.8,0.159,1.84,icon_d2
2026-10-05,W0807,52.7167,10.3954,0.0,,12.5,11.4,0.192,10.8,0.159,1.83,icon_d2
2026-10-05,W0808,52.7167,10.4249,0.0,,12.8,11.4,0.192,10.8,0.159,1.83,icon_d2
2026-10-05,W0809,52.7167,10.4545,0.0,,12.8,11.4,0.192,10.8,0.159,1.83,icon_d2
2026-10-05,W0810,52.7167,10.484,0.0,,12.9,12.0,0.214,11.5,0.193,1.82,icon_d2
2026-10-05,W0811,52.7167,10.5135,0.0,,13.0,12.0,0.214,11.5,0.193,1.81,icon_d2
2026-10-05,W0812,52.7167,10.5431,0.0,,13.0,11.6,0.177,11.1,0.122,1.82,icon_d2
2026-10-05,W0813,52.7167,10.5726,0.0,,13.2,11.6,0.177,11.1,0.122,1.83,icon_d2
2026-10-05,W0814,52.7167,10.6021,0.0,,13.2,11.6,0.177,11.1,0.122,1.84,icon_d2
2026-10-05,W1683,52.72568,10.61737,0.0,,13.3,11.5,0.174,10.7,0.108,1.84,icon_d2
2026-10-05,W0815,52.7167,10.6612,0.0,,12.8,11.5,0.174,10.7,0.108,1.85,icon_d2
2026-10-05,W0816,52.7167,10.6908,0.0,,12.4,11.8,0.173,11.4,0.109,1.86,icon_d2
2026-10-05,W1684,52.72568,10.70607,0.0,,12.4,11.8,0.173,11.4,0.109,1.85,icon_d2
2026-10-05,W1685,52.72568,10.73563,0.0,,12.5,11.8,0.173,11.4,0.109,1.85,icon_d2
2026-10-05,W1686,52.72568,10.76519,0.0,,12.7,11.8,0.173,11.4,0.109,1.88,icon_d2
2026-10-05,W0817,52.7167,10.8089,0.0,,13.1,11.6,0.168,10.8,0.101,1.93,icon_d2
2026-10-05,W0818,52.7167,10.8384,0.0,,13.0,11.6,0.168,10.8,0.101,1.97,icon_d2
2026-10-05,W0819,52.7167,10.868,0.0,,13.0,12.3,0.252,12.0,0.184,1.96,icon_d2
2026-10-05,W0820,52.7167,10.8975,0.0,,13.3,12.3,0.252,12.0,0.184,2.0,icon_d2
2026-10-05,W0821,52.7167,10.9271,0.0,,13.5,12.3,0.252,12.0,0.184,2.0,icon_d2
2026-10-05,W1687,52.72568,10.94258,0.0,,13.5,12.4,0.233,12.0,0.152,2.03,icon_d2
2026-10-05,W1688,52.72568,10.97214,0.0,,13.2,12.4,0.233,12.0,0.152,2.06,icon_d2
2026-10-05,W1689,52.72568,11.00171,0.0,,13.3,12.4,0.233,12.0,0.152,2.06,icon_d2
2026-10-05,W1690,52.72568,11.03127,0.0,,13.2,12.9,0.231,12.9,0.148,2.08,icon_d2
2026-10-05,W0822,52.7167,11.0747,0.0,,12.9,12.9,0.231,12.9,0.148,2.05,icon_d2
2026-10-05,W1691,52.72568,11.0904,0.0,,13.0,12.9,0.231,12.9,0.148,2.03,icon_d2
2026-10-05,W0823,52.7167,11.1338,0.0,,13.4,12.9,0.231,12.9,0.148,2.03,icon_d2
2026-10-05,W1692,52.72568,11.14953,0.0,,13.4,13.0,0.204,12.9,0.133,2.03,icon_d2
2026-10-05,W0825,52.7347,10.1295,0.0,,13.2,12.3,0.247,12.4,0.243,1.87,icon_d2
2026-10-05,W0826,52.7347,10.1591,0.0,,13.0,12.3,0.247,12.4,0.243,1.86,icon_d2
2026-10-05,W0827,52.7347,10.1886,0.0,,13.0,12.3,0.247,12.4,0.243,1.86,icon_d2
2026-10-05,W0828,52.7347,10.2182,0.0,,12.9,11.8,0.194,11.5,0.167,1.86,icon_d2
2026-10-05,W0829,52.7347,10.2477,0.0,,13.1,12.0,0.238,11.7,0.235,1.89,icon_d2
2026-10-05,W0860,52.7527,10.2772,0.0,,12.5,12.0,0.238,11.7,0.235,1.82,icon_d2
2026-10-05,W0830,52.7347,10.3068,0.0,,12.5,12.0,0.238,11.7,0.235,1.83,icon_d2
2026-10-05,W0831,52.7347,10.3363,0.0,,12.4,12.0,0.238,11.7,0.235,1.83,icon_d2
2026-10-05,W0832,52.7347,10.3658,0.0,,12.4,11.4,0.192,10.8,0.159,1.83,icon_d2
2026-10-05,W0833,52.7347,10.3954,0.0,,12.5,11.4,0.192,10.8,0.159,1.81,icon_d2
2026-10-05,W0834,52.7347,10.4249,0.0,,12.4,12.0,0.214,11.5,0.193,1.8,icon_d2
2026-10-05,W0835,52.7347,10.4545,0.0,,12.8,12.0,0.214,11.5,0.193,1.82,icon_d2
2026-10-05,W0836,52.7347,10.484,0.0,,12.7,12.0,0.214,11.5,0.193,1.8,icon_d2
2026-10-05,W0837,52.7347,10.5135,0.0,,13.1,12.0,0.214,11.5,0.193,1.84,icon_d2
2026-10-05,W0838,52.7347,10.5431,0.0,,13.1,11.6,0.177,11.1,0.122,1.84,icon_d2
2026-10-05,W0839,52.7347,10.5726,0.0,,13.2,11.5,0.174,10.7,0.108,1.84,icon_d2
2026-10-05,W0840,52.7347,10.6021,0.0,,13.2,11.5,0.174,10.7,0.108,1.81,icon_d2
2026-10-05,W1694,52.74369,10.61737,0.0,,13.2,11.5,0.174,10.7,0.108,1.81,icon_d2
2026-10-05,W0841,52.7347,10.6612,0.0,,12.8,11.5,0.174,10.7,0.108,1.86,icon_d2
2026-10-05,W1695,52.74369,10.6765,0.0,,12.8,11.5,0.174,10.7,0.108,1.86,icon_d2
2026-10-05,W0872,52.7527,10.7203,0.0,,12.5,11.6,0.168,10.8,0.101,1.86,icon_d2
2026-10-05,W0873,52.7527,10.7498,0.0,,12.5,11.6,0.168,10.8,0.101,1.86,icon_d2
2026-10-05,W0874,52.7527,10.7794,0.0,,12.6,11.6,0.168,10.8,0.101,1.88,icon_d2
2026-10-05,W0842,52.7347,10.8089,0.0,,13.1,11.6,0.168,10.8,0.101,1.92,icon_d2
2026-10-05,W0843,52.7347,10.8384,0.0,,12.8,11.6,0.168,10.8,0.101,1.9,icon_d2
2026-10-05,W0844,52.7347,10.868,0.0,,12.8,12.3,0.252,12.0,0.184,1.91,icon_d2
2026-10-05,W0845,52.7347,10.8975,0.0,,13.5,12.3,0.252,12.0,0.184,1.96,icon_d2
2026-10-05,W0846,52.7347,10.9271,0.0,,13.4,12.4,0.233,12.0,0.152,2.0,icon_d2
2026-10-05,W0847,52.7347,10.9566,0.0,,13.3,12.4,0.233,12.0,0.152,2.01,icon_d2
2026-10-05,W0848,52.7347,10.9861,0.0,,12.8,12.4,0.233,12.0,0.152,1.94,icon_d2
2026-10-05,W0849,52.7347,11.0157,0.0,,13.4,12.4,0.233,12.0,0.152,2.02,icon_d2
2026-10-05,W0850,52.7347,11.0452,0.0,,13.4,12.9,0.231,12.9,0.148,2.01,icon_d2
2026-10-05,W0851,52.7347,11.0747,0.0,,13.2,12.9,0.231,12.9,0.148,2.06,icon_d2
2026-10-05,W0852,52.7347,11.1043,0.0,,13.0,13.0,0.204,12.9,0.133,2.06,icon_d2
2026-10-05,W0853,52.7347,11.1338,0.0,,13.2,13.0,0.204,12.9,0.133,2.07,icon_d2
2026-10-05,W1699,52.74369,11.14953,0.0,,13.2,13.0,0.204,12.9,0.133,2.07,icon_d2
2026-10-05,W0887,52.7707,10.1295,0.0,,12.4,12.3,0.247,12.4,0.243,1.84,icon_d2
2026-10-05,W0888,52.7707,10.1591,0.0,,13.2,12.3,0.247,12.4,0.243,1.84,icon_d2
2026-10-05,W0889,52.7707,10.1886,0.0,,12.8,12.3,0.247,12.4,0.243,1.81,icon_d2
2026-10-05,W0890,52.7707,10.2182,0.0,,13.0,12.0,0.238,11.7,0.235,1.82,icon_d2
2026-10-05,W0891,52.7707,10.2477,0.0,,12.8,12.0,0.238,11.7,0.235,1.82,icon_d2
2026-10-05,W0892,52.7707,10.2772,0.0,,12.6,12.0,0.238,11.7,0.235,1.82,icon_d2
2026-10-05,W0893,52.7707,10.3068,0.0,,12.5,12.0,0.238,11.7,0.235,1.82,icon_d2
2026-10-05,W0894,52.7707,10.3363,0.0,,12.4,12.0,0.238,11.7,0.235,1.83,icon_d2
2026-10-05,W0895,52.7707,10.3658,0.0,,12.7,12.0,0.214,11.5,0.193,1.83,icon_d2
2026-10-05,W0896,52.7707,10.3954,0.0,,12.8,12.0,0.214,11.5,0.193,1.8,icon_d2
2026-10-05,W0897,52.7707,10.4249,0.0,,12.7,12.0,0.214,11.5,0.193,1.8,icon_d2
2026-10-05,W0898,52.7707,10.4545,0.0,,13.0,12.0,0.214,11.5,0.193,1.81,icon_d2
2026-10-05,W0899,52.7707,10.484,0.0,,13.0,12.0,0.214,11.5,0.193,1.81,icon_d2
2026-10-05,W0900,52.7707,10.5135,0.0,,13.3,12.0,0.214,11.5,0.193,1.81,icon_d2
2026-10-05,W0901,52.7707,10.5431,0.0,,13.3,11.5,0.174,10.7,0.108,1.81,icon_d2
2026-10-05,W0902,52.7707,10.5726,0.0,,13.6,11.5,0.174,10.7,0.108,1.83,icon_d2
2026-10-05,W0903,52.7707,10.6021,0.0,,13.5,11.5,0.174,10.7,0.108,1.83,icon_d2
2026-10-05,W0904,52.7707,10.6317,0.0,,13.3,11.5,0.174,10.7,0.108,1.82,icon_d2
2026-10-05,W0905,52.7707,10.6612,0.0,,12.8,11.5,0.174,10.7,0.108,1.8,icon_d2
2026-10-05,W0906,52.7707,10.6908,0.0,,12.9,11.5,0.174,10.7,0.108,1.86,icon_d2
2026-10-05,W0907,52.7707,10.7203,0.0,,12.5,11.6,0.168,10.8,0.101,1.84,icon_d2
2026-10-05,W0908,52.7707,10.7498,0.0,,12.6,11.6,0.168,10.8,0.101,1.84,icon_d2
2026-10-05,W0909,52.7707,10.7794,0.0,,12.3,11.6,0.168,10.8,0.101,1.85,icon_d2
2026-10-05,W0910,52.7707,10.8089,0.0,,13.1,11.6,0.168,10.8,0.101,1.89,icon_d2
2026-10-05,W0911,52.7707,10.8384,0.0,,13.1,11.6,0.168,10.8,0.101,1.89,icon_d2
2026-10-05,W0912,52.7707,10.868,0.0,,13.4,11.6,0.168,10.8,0.101,1.91,icon_d2
2026-10-05,W0913,52.7707,10.8975,0.0,,13.3,12.4,0.233,12.0,0.152,1.92,icon_d2
2026-10-05,W0914,52.7707,10.9271,0.0,,13.5,12.4,0.233,12.0,0.152,1.95,icon_d2
2026-10-05,W0915,52.7707,10.9566,0.0,,13.4,12.4,0.233,12.0,0.152,1.98,icon_d2
2026-10-05,W0916,52.7707,10.9861,0.0,,13.4,12.4,0.233,12.0,0.152,1.98,icon_d2
2026-10-05,W0917,52.7707,11.0157,0.0,,14.0,12.4,0.233,12.0,0.152,1.99,icon_d2
2026-10-05,W0918,52.7707,11.0452,0.0,,13.6,13.0,0.204,12.9,0.133,2.0,icon_d2
2026-10-05,W1700,52.76171,11.06084,0.0,,13.5,13.0,0.204,12.9,0.133,2.01,icon_d2
2026-10-05,W1701,52.76171,11.0904,0.0,,13.0,13.0,0.204,12.9,0.133,2.06,icon_d2
2026-10-05,W1702,52.76171,11.11997,0.0,,13.0,13.0,0.204,12.9,0.133,2.06,icon_d2
2026-10-05,W1703,52.76171,11.14953,0.0,,12.8,13.0,0.204,12.9,0.133,2.06,icon_d2
2026-10-05,W0920,52.7887,10.1295,0.0,,12.4,12.3,0.247,12.4,0.243,1.84,icon_d2
2026-10-05,W0921,52.7887,10.1591,0.0,,13.2,12.2,0.226,12.0,0.208,1.84,icon_d2
2026-10-05,W0922,52.7887,10.1886,0.0,,12.8,12.2,0.226,12.0,0.208,1.81,icon_d2
2026-10-05,W0923,52.7887,10.2182,0.0,,12.8,12.0,0.238,11.7,0.235,1.81,icon_d2
2026-10-05,W0924,52.7887,10.2477,0.0,,12.7,12.0,0.238,11.7,0.235,1.81,icon_d2
2026-10-05,W0925,52.7887,10.2772,0.0,,12.6,12.0,0.238,11.7,0.235,1.82,icon_d2
2026-10-05,W0926,52.7887,10.3068,0.0,,12.5,12.0,0.238,11.7,0.235,1.82,icon_d2
2026-10-05,W0927,52.7887,10.3363,0.0,,12.2,12.4,0.24,11.9,0.232,1.82,icon_d2
2026-10-05,W0928,52.7887,10.3658,0.0,,12.6,12.4,0.24,11.9,0.232,1.83,icon_d2
2026-10-05,W0929,52.7887,10.3954,0.0,,12.8,12.0,0.214,11.5,0.193,1.8,icon_d2
2026-10-05,W0930,52.7887,10.4249,0.0,,12.7,12.0,0.214,11.5,0.193,1.8,icon_d2
2026-10-05,W0931,52.7887,10.4545,0.0,,12.8,12.0,0.214,11.5,0.193,1.8,icon_d2
2026-10-05,W0932,52.7887,10.484,0.0,,12.8,12.4,0.203,11.7,0.164,1.8,icon_d2
2026-10-05,W0933,52.7887,10.5135,0.0,,13.3,12.4,0.203,11.7,0.164,1.81,icon_d2
2026-10-05,W0934,52.7887,10.5431,0.0,,13.4,11.5,0.174,10.7,0.108,1.82,icon_d2
2026-10-05,W0935,52.7887,10.5726,0.0,,13.6,11.5,0.174,10.7,0.108,1.83,icon_d2
2026-10-05,W0936,52.7887,10.6021,0.0,,13.6,11.5,0.174,10.7,0.108,1.83,icon_d2
2026-10-05,W1704,52.77973,10.61737,0.0,,13.3,11.5,0.174,10.7,0.108,1.82,icon_d2
2026-10-05,W0937,52.7887,10.6612,0.0,,12.9,11.9,0.173,11.0,0.102,1.81,icon_d2
2026-10-05,W0938,52.7887,10.6908,0.0,,12.9,11.9,0.173,11.0,0.102,1.86,icon_d2
2026-10-05,W0939,52.7887,10.7203,0.0,,12.6,11.6,0.168,10.8,0.101,1.84,icon_d2
2026-10-05,W0940,52.7887,10.7498,0.0,,12.7,11.6,0.168,10.8,0.101,1.84,icon_d2
2026-10-05,W0941,52.7887,10.7794,0.0,,12.4,11.6,0.168,10.8,0.101,1.85,icon_d2
2026-10-05,W0942,52.7887,10.8089,0.0,,12.9,11.6,0.168,10.8,0.101,1.88,icon_d2
2026-10-05,W0943,52.7887,10.8384,0.0,,13.2,11.8,0.166,11.0,0.094,1.9,icon_d2
2026-10-05,W0944,52.7887,10.868,0.0,,13.5,11.8,0.166,11.0,0.094,1.91,icon_d2
2026-10-05,W0945,52.7887,10.8975,0.0,,13.5,12.4,0.233,12.0,0.152,1.93,icon_d2
2026-10-05,W0946,52.7887,10.9271,0.0,,13.3,12.4,0.233,12.0,0.152,1.94,icon_d2
2026-10-05,W0947,52.7887,10.9566,0.0,,13.3,12.4,0.233,12.0,0.152,1.97,icon_d2
2026-10-05,W1705,52.77973,10.97214,0.0,,13.6,12.4,0.233,12.0,0.152,1.99,icon_d2
2026-10-05,W0948,52.7887,11.0157,0.0,,14.0,12.3,0.243,11.9,0.18,1.99,icon_d2
2026-10-05,W0949,52.7887,11.0452,0.0,,13.8,12.3,0.243,11.9,0.18,2.01,icon_d2
2026-10-05,W0950,52.7887,11.0747,0.0,,13.5,13.0,0.204,12.9,0.133,2.03,icon_d2
2026-10-05,W0951,52.7887,11.1043,0.0,,13.5,13.0,0.204,12.9,0.133,2.0,icon_d2
2026-10-05,W0952,52.7887,11.1338,0.0,,13.0,13.0,0.204,12.9,0.133,2.04,icon_d2
2026-10-05,W1706,52.77973,11.14953,0.0,,13.0,13.0,0.204,12.9,0.133,2.04,icon_d2
2026-10-05,W1707,52.79775,10.11478,0.0,,13.3,12.2,0.226,12.0,0.208,1.85,icon_d2
2026-10-05,W1771,52.79775,10.14435,0.0,,13.0,12.2,0.226,12.0,0.208,1.84,icon_d2
2026-10-05,W1772,52.79775,10.17391,0.0,,13.0,12.2,0.226,12.0,0.208,1.82,icon_d2
2026-10-05,W1773,52.79775,10.20347,0.0,,12.9,12.2,0.226,12.0,0.208,1.82,icon_d2
2026-10-05,W1774,52.79775,10.23304,0.0,,12.9,12.0,0.238,11.7,0.235,1.82,icon_d2
2026-10-05,W1775,52.79775,10.2626,0.0,,12.9,12.0,0.238,11.7,0.235,1.82,icon_d2
2026-10-05,W1776,52.79775,10.29217,0.0,,13.3,12.4,0.24,11.9,0.232,1.85,icon_d2
2026-10-05,W1777,52.79775,10.32173,0.0,,12.9,12.4,0.24,11.9,0.232,1.83,icon_d2
2026-10-05,W1778,52.79775,10.3513,0.0,,12.6,12.4,0.24,11.9,0.232,1.81,icon_d2
2026-10-05,W1779,52.79775,10.38086,0.0,,13.1,12.0,0.214,11.5,0.193,1.82,icon_d2
2026-10-05,W1780,52.79775,10.41042,0.0,,12.8,12.0,0.214,11.5,0.193,1.8,icon_d2
2026-10-05,W1781,52.79775,10.43999,0.0,,13.0,12.0,0.214,11.5,0.193,1.8,icon_d2
2026-10-05,W1782,52.79775,10.46955,0.0,,12.9,12.4,0.203,11.7,0.164,1.8,icon_d2
2026-10-05,W1708,52.79775,10.49912,0.0,,13.0,12.4,0.203,11.7,0.164,1.8,icon_d2
2026-10-05,W1709,52.79775,10.52868,0.0,,13.5,12.4,0.203,11.7,0.164,1.82,icon_d2
2026-10-05,W1710,52.79775,10.55825,0.0,,13.4,11.5,0.174,10.7,0.108,1.83,icon_d2
2026-10-05,W1711,52.79775,10.58781,0.0,,13.5,11.5,0.174,10.7,0.108,1.83,icon_d2
2026-10-05,W1712,52.79775,10.61737,0.0,,13.2,11.9,0.173,11.0,0.102,1.85,icon_d2
2026-10-05,W1713,52.79775,10.64694,0.0,,13.2,11.9,0.173,11.0,0.102,1.85,icon_d2
2026-10-05,W1714,52.79775,10.6765,0.0,,12.9,11.9,0.173,11.0,0.102,1.85,icon_d2
2026-10-05,W1715,52.79775,10.70607,0.0,,12.8,11.9,0.173,11.0,0.102,1.84,icon_d2
2026-10-05,W1716,52.79775,10.73563,0.0,,12.9,11.6,0.168,10.8,0.101,1.84,icon_d2
2026-10-05,W1717,52.79775,10.76519,0.0,,13.0,11.6,0.168,10.8,0.101,1.84,icon_d2
2026-10-05,W1783,52.79775,10.79476,0.0,,13.0,11.8,0.166,11.0,0.094,1.82,icon_d2
2026-10-05,W1718,52.79775,10.82432,0.0,,13.2,11.8,0.166,11.0,0.094,1.83,icon_d2
2026-10-05,W1719,52.79775,10.85389,0.0,,13.1,11.8,0.166,11.0,0.094,1.89,icon_d2
2026-10-05,W1720,52.79775,10.88345,0.0,,13.2,12.4,0.233,12.0,0.152,1.93,icon_d2
2026-10-05,W1721,52.79775,10.91302,0.0,,13.0,12.4,0.233,12.0,0.152,1.95,icon_d2
2026-10-05,W1722,52.79775,10.94258,0.0,,13.2,12.4,0.233,12.0,0.152,1.98,icon_d2
2026-10-05,W1723,52.79775,10.97214,0.0,,13.1,12.3,0.243,11.9,0.18,1.99,icon_d2
2026-10-05,W1724,52.79775,11.00171,0.0,,13.1,12.3,0.243,11.9,0.18,1.99,icon_d2
2026-10-05,W1725,52.79775,11.03127,0.0,,13.7,12.3,0.243,11.9,0.18,2.03,icon_d2
2026-10-05,W1726,52.79775,11.06084,0.0,,13.5,13.0,0.204,12.9,0.133,2.03,icon_d2
2026-10-05,W1727,52.79775,11.0904,0.0,,13.8,13.0,0.204,12.9,0.133,2.03,icon_d2
2026-10-05,W1728,52.79775,11.11997,0.0,,13.8,13.0,0.204,12.9,0.133,2.03,icon_d2
2026-10-05,W1729,52.79775,11.14953,0.0,,13.8,12.9,0.211,12.7,0.132,2.03,icon_d2
2026-10-05,W0954,52.8068,10.1295,0.0,,13.2,12.2,0.226,12.0,0.208,1.85,icon_d2
2026-10-05,W0955,52.8068,10.1591,0.0,,13.0,12.2,0.226,12.0,0.208,1.82,icon_d2
2026-10-05,W0956,52.8068,10.1886,0.0,,13.0,12.2,0.226,12.0,0.208,1.83,icon_d2
2026-10-05,W0957,52.8068,10.2182,0.0,,13.1,12.0,0.238,11.7,0.235,1.83,icon_d2
2026-10-05,W0958,52.8068,10.2477,0.0,,13.0,12.4,0.24,11.9,0.232,1.82,icon_d2
2026-10-05,W0959,52.8068,10.2772,0.0,,13.0,12.4,0.24,11.9,0.232,1.82,icon_d2
2026-10-05,W0960,52.8068,10.3068,0.0,,13.1,12.4,0.24,11.9,0.232,1.84,icon_d2
2026-10-05,W0961,52.8068,10.3363,0.0,,12.9,12.4,0.24,11.9,0.232,1.82,icon_d2
2026-10-05,W0962,52.8068,10.3658,0.0,,12.6,12.4,0.24,11.9,0.232,1.81,icon_d2
2026-10-05,W0963,52.8068,10.3954,0.0,,13.0,12.0,0.214,11.5,0.193,1.82,icon_d2
2026-10-05,W0964,52.8068,10.4249,0.0,,12.8,12.4,0.203,11.7,0.164,1.79,icon_d2
2026-10-05,W0965,52.8068,10.4545,0.0,,12.9,12.4,0.203,11.7,0.164,1.8,icon_d2
2026-10-05,W0966,52.8068,10.484,0.0,,12.9,12.4,0.203,11.7,0.164,1.8,icon_d2
2026-10-05,W0967,52.8068,10.5135,0.0,,13.6,12.4,0.203,11.7,0.164,1.83,icon_d2
2026-10-05,W0968,52.8068,10.5431,0.0,,13.9,12.4,0.203,11.7,0.164,1.88,icon_d2
2026-10-05,W0969,52.8068,10.5726,0.0,,13.6,11.5,0.174,10.7,0.108,1.83,icon_d2
2026-10-05,W0970,52.8068,10.6021,0.0,,13.5,11.9,0.173,11.0,0.102,1.83,icon_d2
2026-10-05,W0971,52.8068,10.6317,0.0,,13.1,11.9,0.173,11.0,0.102,1.84,icon_d2
2026-10-05,W0972,52.8068,10.6612,0.0,,13.0,11.9,0.173,11.0,0.102,1.85,icon_d2
2026-10-05,W0973,52.8068,10.6908,0.0,,12.8,11.9,0.173,11.0,0.102,1.84,icon_d2
2026-10-05,W0974,52.8068,10.7203,0.0,,12.7,11.6,0.168,10.8,0.101,1.84,icon_d2
2026-10-05,W0975,52.8068,10.7498,0.0,,12.9,11.6,0.168,10.8,0.101,1.83,icon_d2
2026-10-05,W0976,52.8068,10.7794,0.0,,12.8,11.8,0.166,11.0,0.094,1.83,icon_d2
2026-10-05,W0977,52.8068,10.8089,0.0,,13.0,11.8,0.166,11.0,0.094,1.82,icon_d2
2026-10-05,W1730,52.81577,10.82432,0.0,,13.2,11.8,0.166,11.0,0.094,1.85,icon_d2
2026-10-05,W0978,52.8068,10.868,0.0,,13.0,11.8,0.166,11.0,0.094,1.89,icon_d2
2026-10-05,W0979,52.8068,10.8975,0.0,,13.2,12.4,0.233,12.0,0.152,1.93,icon_d2
2026-10-05,W1731,52.81577,10.91302,0.0,,13.1,12.3,0.243,11.9,0.18,1.94,icon_d2
2026-10-05,W0980,52.8068,10.9566,0.0,,13.3,12.3,0.243,11.9,0.18,1.98,icon_d2
2026-10-05,W1732,52.81577,10.97214,0.0,,12.9,12.3,0.243,11.9,0.18,1.97,icon_d2
2026-10-05,W1733,52.81577,11.00171,0.0,,12.8,12.3,0.243,11.9,0.18,1.98,icon_d2
2026-10-05,W0981,52.8068,11.0452,0.0,,13.7,12.3,0.243,11.9,0.18,2.02,icon_d2
2026-10-05,W0982,52.8068,11.0747,0.0,,13.6,13.0,0.204,12.9,0.133,2.03,icon_d2
2026-10-05,W0983,52.8068,11.1043,0.0,,13.6,12.9,0.211,12.7,0.132,2.02,icon_d2
2026-10-05,W0984,52.8068,11.1338,0.0,,13.8,12.9,0.211,12.7,0.132,2.03,icon_d2
2026-10-05,W1734,52.81577,11.14953,0.0,,13.7,12.9,0.211,12.7,0.132,2.06,icon_d2
2026-10-05,W0986,52.8248,10.1295,0.0,,12.8,12.2,0.226,12.0,0.208,1.83,icon_d2
2026-10-05,W0987,52.8248,10.1591,0.0,,13.2,12.2,0.226,12.0,0.208,1.83,icon_d2
2026-10-05,W0988,52.8248,10.1886,0.0,,12.9,12.2,0.226,12.0,0.208,1.81,icon_d2
2026-10-05,W0989,52.8248,10.2182,0.0,,13.1,12.4,0.24,11.9,0.232,1.82,icon_d2
2026-10-05,W0990,52.8248,10.2477,0.0,,12.9,12.4,0.24,11.9,0.232,1.82,icon_d2
2026-10-05,W0991,52.8248,10.2772,0.0,,13.1,12.4,0.24,11.9,0.232,1.83,icon_d2
2026-10-05,W0992,52.8248,10.3068,0.0,,13.2,12.4,0.24,11.9,0.232,1.83,icon_d2
2026-10-05,W0993,52.8248,10.3363,0.0,,13.1,12.4,0.24,11.9,0.232,1.82,icon_d2
2026-10-05,W0994,52.8248,10.3658,0.0,,13.0,12.4,0.24,11.9,0.232,1.81,icon_d2
2026-10-05,W0995,52.8248,10.3954,0.0,,13.1,12.4,0.203,11.7,0.164,1.81,icon_d2
2026-10-05,W0996,52.8248,10.4249,0.0,,13.1,12.4,0.203,11.7,0.164,1.81,icon_d2
2026-10-05,W0997,52.8248,10.4545,0.0,,13.2,12.4,0.203,11.7,0.164,1.8,icon_d2
2026-10-05,W0998,52.8248,10.484,0.0,,13.1,12.4,0.203,11.7,0.164,1.8,icon_d2
2026-10-05,W0999,52.8248,10.5135,0.0,,13.4,12.4,0.203,11.7,0.164,1.82,icon_d2
2026-10-05,W1000,52.8248,10.5431,0.0,,13.8,12.4,0.203,11.7,0.164,1.87,icon_d2
2026-10-05,W1001,52.8248,10.5726,0.0,,13.4,11.9,0.173,11.0,0.102,1.83,icon_d2
2026-10-05,W1002,52.8248,10.6021,0.0,,13.4,11.9,0.173,11.0,0.102,1.86,icon_d2
2026-10-05,W1003,52.8248,10.6317,0.0,,13.4,11.9,0.173,11.0,0.102,1.88,icon_d2
2026-10-05,W1735,52.83378,10.64694,0.0,,13.4,11.9,0.173,11.0,0.102,1.88,icon_d2
2026-10-05,W1736,52.83378,10.6765,0.0,,13.0,11.9,0.173,11.0,0.102,1.88,icon_d2
2026-10-05,W1004,52.8248,10.7203,0.0,,12.8,11.9,0.173,11.0,0.102,1.83,icon_d2
2026-10-05,W1005,52.8248,10.7498,0.0,,12.8,11.8,0.166,11.0,0.094,1.83,icon_d2
2026-10-05,W1006,52.8248,10.7794,0.0,,12.9,11.8,0.166,11.0,0.094,1.84,icon_d2
2026-10-05,W1007,52.8248,10.8089,0.0,,12.9,11.8,0.166,11.0,0.094,1.84,icon_d2
2026-10-05,W1737,52.83378,10.82432,0.0,,13.6,11.8,0.166,11.0,0.094,1.85,icon_d2
2026-10-05,W1008,52.8248,10.868,0.0,,13.1,11.8,0.166,11.0,0.094,1.89,icon_d2
2026-10-05,W1009,52.8248,10.8975,0.0,,12.9,12.3,0.243,11.9,0.18,1.9,icon_d2
2026-10-05,W1010,52.8248,10.9271,0.0,,13.1,12.3,0.243,11.9,0.18,1.93,icon_d2
2026-10-05,W1011,52.8248,10.9566,0.0,,12.8,12.3,0.243,11.9,0.18,1.97,icon_d2
2026-10-05,W1012,52.8248,10.9861,0.0,,12.9,12.3,0.243,11.9,0.18,1.97,icon_d2
2026-10-05,W1738,52.83378,11.00171,0.0,,12.6,12.3,0.243,11.9,0.18,1.95,icon_d2
2026-10-05,W1013,52.8248,11.0452,0.0,,12.8,12.3,0.243,11.9,0.18,1.99,icon_d2
2026-10-05,W1739,52.83378,11.06084,0.0,,13.2,12.9,0.211,12.7,0.132,2.0,icon_d2
2026-10-05,W1014,52.8248,11.1043,0.0,,13.3,12.9,0.211,12.7,0.132,2.04,icon_d2
2026-10-05,W1015,52.8248,11.1338,0.0,,13.8,12.9,0.211,12.7,0.132,2.06,icon_d2
2026-10-05,W1740,52.83378,11.14953,0.0,,13.0,12.9,0.211,12.7,0.132,2.02,icon_d2
2026-10-05,W1017,52.8428,10.1295,0.0,,12.4,12.2,0.226,12.0,0.208,1.84,icon_d2
2026-10-05,W1018,52.8428,10.1591,0.0,,13.1,12.2,0.226,12.0,0.208,1.85,icon_d2
2026-10-05,W1019,52.8428,10.1886,0.0,,13.0,12.2,0.226,12.0,0.208,1.85,icon_d2
2026-10-05,W1020,52.8428,10.2182,0.0,,13.1,12.4,0.24,11.9,0.232,1.83,icon_d2
2026-10-05,W1021,52.8428,10.2477,0.0,,13.1,12.4,0.24,11.9,0.232,1.82,icon_d2
2026-10-05,W1022,52.8428,10.2772,0.0,,13.4,12.4,0.24,11.9,0.232,1.84,icon_d2
2026-10-05,W1023,52.8428,10.3068,0.0,,13.4,12.4,0.24,11.9,0.232,1.85,icon_d2
2026-10-05,W1024,52.8428,10.3363,0.0,,13.5,12.4,0.24,11.9,0.232,1.84,icon_d2
2026-10-05,W1025,52.8428,10.3658,0.0,,13.4,12.4,0.24,11.9,0.232,1.82,icon_d2
2026-10-05,W1026,52.8428,10.3954,0.0,,13.4,12.4,0.203,11.7,0.164,1.84,icon_d2
2026-10-05,W1027,52.8428,10.4249,0.0,,13.4,12.4,0.203,11.7,0.164,1.83,icon_d2
2026-10-05,W1028,52.8428,10.4545,0.0,,13.8,12.4,0.203,11.7,0.164,1.84,icon_d2
2026-10-05,W1029,52.8428,10.484,0.0,,13.8,12.4,0.203,11.7,0.164,1.84,icon_d2
2026-10-05,W1030,52.8428,10.5135,0.0,,13.5,12.4,0.203,11.7,0.164,1.81,icon_d2
2026-10-05,W1031,52.8428,10.5431,0.0,,13.8,12.4,0.203,11.7,0.164,1.83,icon_d2
2026-10-05,W1032,52.8428,10.5726,0.0,,13.2,11.9,0.173,11.0,0.102,1.83,icon_d2
2026-10-05,W1033,52.8428,10.6021,0.0,,13.2,11.9,0.173,11.0,0.102,1.82,icon_d2
2026-10-05,W1034,52.8428,10.6317,0.0,,13.2,11.9,0.173,11.0,0.102,1.87,icon_d2
2026-10-05,W1035,52.8428,10.6612,0.0,,13.5,11.9,0.173,11.0,0.102,1.86,icon_d2
2026-10-05,W1036,52.8428,10.7203,0.0,,13.1,11.9,0.173,11.0,0.102,1.89,icon_d2
2026-10-05,W1037,52.8428,10.7498,0.0,,12.8,11.8,0.166,11.0,0.094,1.84,icon_d2
2026-10-05,W1038,52.8428,10.7794,0.0,,12.8,11.8,0.166,11.0,0.094,1.82,icon_d2
2026-10-05,W1039,52.8428,10.8089,0.0,,12.5,11.8,0.166,11.0,0.094,1.81,icon_d2
2026-10-05,W1040,52.8428,10.8384,0.0,,13.5,11.8,0.166,11.0,0.094,1.88,icon_d2
2026-10-05,W1041,52.8428,10.868,0.0,,13.5,11.8,0.166,11.0,0.094,1.91,icon_d2
2026-10-05,W1042,52.8428,10.8975,0.0,,12.9,12.3,0.243,11.9,0.18,1.92,icon_d2
2026-10-05,W1043,52.8428,10.9271,0.0,,13.0,12.3,0.243,11.9,0.18,1.92,icon_d2
2026-10-05,W1044,52.8428,10.9566,0.0,,13.0,12.3,0.243,11.9,0.18,1.96,icon_d2
2026-10-05,W1045,52.8428,10.9861,0.0,,12.9,12.3,0.243,11.9,0.18,1.95,icon_d2
2026-10-05,W1741,52.8428,11.0747,0.0,,13.4,12.9,0.211,12.7,0.132,2.02,icon_d2
2026-10-05,W1784,52.8518,10.6765,0.0,,13.4,11.9,0.173,11.0,0.102,1.87,icon_d2
2026-10-05,W1785,52.8518,11.00171,0.0,,12.6,12.3,0.243,11.9,0.18,1.95,icon_d2
2026-10-05,W1786,52.8518,11.03127,0.0,,12.8,12.5,0.156,12.2,0.078,1.93,icon_d2
2026-10-05,W1787,52.8518,11.0904,0.0,,13.6,12.9,0.211,12.7,0.132,2.01,icon_d2
2026-10-05,W1788,52.8518,11.11997,0.0,,13.3,12.9,0.211,12.7,0.132,2.03,icon_d2
2026-10-05,W1789,52.8518,11.14953,0.0,,13.3,12.9,0.211,12.7,0.132,2.03,icon_d2
2026-10-05,W1790,52.59955,10.73563,0.0,,12.8,12.1,0.183,11.8,0.124,1.91,icon_d2
2026-10-05,W1791,52.61757,10.88345,0.0,,13.1,12.6,0.245,12.6,0.175,1.97,icon_d2
2026-10-05,W1792,52.61757,10.91302,0.0,,12.5,12.6,0.245,12.6,0.175,1.99,icon_d2
2026-10-05,W1793,52.61757,11.14953,0.0,,14.1,13.1,0.231,13.2,0.154,2.01,icon_d2
2026-10-05,W1794,52.63559,10.29217,0.0,,12.8,11.9,0.181,11.6,0.128,1.91,icon_d2
2026-10-05,W1795,52.63559,10.32173,0.0,,12.9,11.8,0.194,11.5,0.167,1.9,icon_d2
2026-10-05,W1796,52.63559,10.52868,0.0,,12.5,11.8,0.166,11.6,0.105,1.88,icon_d2
2026-10-05,W1797,52.63559,10.88345,0.0,,13.4,12.6,0.245,12.6,0.175,1.97,icon_d2
2026-10-05,W1798,52.63559,10.91302,0.0,,12.8,12.6,0.245,12.6,0.175,1.99,icon_d2
2026-10-05,W1799,52.63559,11.06084,0.0,,13.9,13.1,0.231,13.2,0.154,2.01,icon_d2
2026-10-05,W1800,52.63559,11.14953,0.0,,14.1,13.1,0.231,13.2,0.154,2.05,icon_d2
2026-10-05,W1801,52.6536,10.23304,0.0,,12.7,11.9,0.181,11.6,0.128,1.88,icon_d2
2026-10-06,W0013,52.068,10.1295,0.0,,13.8,12.8,0.264,12.3,0.247,1.75,icon_d2
2026-10-06,W0014,52.068,10.1591,0.0,,14.2,12.8,0.264,12.3,0.247,1.74,icon_d2
2026-10-06,W0015,52.068,10.1886,0.0,,14.9,14.1,0.248,13.6,0.205,1.79,icon_d2
2026-10-06,W0016,52.068,10.2182,0.0,,14.8,14.1,0.248,13.6,0.205,1.82,icon_d2
2026-10-06,W0005,52.05,10.2477,0.0,,15.4,14.1,0.248,13.6,0.205,1.86,icon_d2
2026-10-06,W1046,52.05901,10.2626,0.0,,15.6,14.1,0.248,13.6,0.205,1.87,icon_d2
2026-10-06,W1047,52.05901,10.29217,0.0,,14.9,14.1,0.248,13.6,0.205,1.84,icon_d2
2026-10-06,W0017,52.068,10.3363,0.0,,14.7,14.1,0.248,13.6,0.205,1.8,icon_d2
2026-10-06,W0018,52.068,10.3658,0.0,,15.1,13.7,0.23,12.9,0.172,1.82,icon_d2
2026-10-06,W0019,52.068,10.3954,0.0,,15.6,14.4,0.23,13.6,0.172,1.88,icon_d2
2026-10-06,W0020,52.068,10.4249,0.0,,15.4,14.4,0.23,13.6,0.172,1.84,icon_d2
2026-10-06,W1048,52.05901,10.43999,0.0,,15.6,14.4,0.23,13.6,0.172,1.85,icon_d2
2026-10-06,W1049,52.05901,10.46955,0.0,,15.1,14.4,0.23,13.6,0.172,1.81,icon_d2
2026-10-06,W0021,52.068,10.5135,0.0,,14.8,14.3,0.238,13.6,0.19,1.8,icon_d2
2026-10-06,W0022,52.068,10.5431,0.0,,14.9,14.3,0.238,13.6,0.19,1.83,icon_d2
2026-10-06,W1050,52.05901,10.55825,0.0,,14.6,14.3,0.238,13.6,0.19,1.85,icon_d2
2026-10-06,W1051,52.05901,10.58781,0.0,,14.3,14.3,0.238,13.6,0.19,1.84,icon_d2
2026-10-06,W0010,52.05,10.6317,0.0,,14.7,14.3,0.238,13.6,0.19,1.86,icon_d2
2026-10-06,W1053,52.05901,10.64694,0.0,,14.3,14.3,0.238,13.6,0.19,1.87,icon_d2
2026-10-06,W1054,52.05901,10.6765,0.0,,14.1,13.6,0.247,12.8,0.202,1.9,icon_d2
2026-10-06,W1055,52.05901,10.70607,0.0,,14.1,13.6,0.247,12.8,0.202,1.86,icon_d2
2026-10-06,W1056,52.05901,10.73563,0.0,,13.9,13.6,0.247,12.8,0.202,1.84,icon_d2
2026-10-06,W1057,52.05901,10.76519,0.0,,14.3,13.6,0.247,12.8,0.202,1.84,icon_d2
2026-10-06,W0011,52.05,10.8089,0.0,,14.4,13.6,0.247,12.8,0.202,1.9,icon_d2
2026-10-06,W1059,52.05901,10.82432,0.0,,13.4,13.6,0.247,12.8,0.202,1.86,icon_d2
2026-10-06,W1060,52.05901,10.85389,0.0,,13.9,13.5,0.269,12.6,0.237,1.86,icon_d2
2026-10-06,W1061,52.05901,10.88345,0.0,,13.9,13.5,0.269,12.6,0.237,1.86,icon_d2
2026-10-06,W1062,52.05901,10.91302,0.0,,14.2,13.5,0.269,12.6,0.237,1.87,icon_d2
2026-10-06,W1063,52.05901,10.94258,0.0,,13.7,13.5,0.269,12.6,0.237,1.83,icon_d2
2026-10-06,W1064,52.05901,10.97214,0.0,,13.7,13.5,0.269,12.6,0.237,1.83,icon_d2
2026-10-06,W1065,52.05901,11.00171,0.0,,13.7,13.5,0.269,12.6,0.237,1.83,icon_d2
2026-10-06,W1066,52.05901,11.03127,0.0,,14.4,13.1,0.273,11.9,0.248,1.83,icon_d2
2026-10-06,W1067,52.05901,11.06084,0.0,,14.6,13.1,0.273,11.9,0.248,1.82,icon_d2
2026-10-06,W1068,52.05901,11.0904,0.0,,14.5,13.1,0.273,11.9,0.248,1.81,icon_d2
2026-10-06,W1069,52.05901,11.11997,0.0,,14.5,13.1,0.273,11.9,0.248,1.78,icon_d2
2026-10-06,W1070,52.05901,11.14953,0.0,,14.4,13.1,0.273,11.9,0.248,1.78,icon_d2
2026-10-06,W0024,52.086,10.1295,0.0,,13.6,13.8,0.245,13.4,0.221,1.7,icon_d2
2026-10-06,W1071,52.07703,10.14435,0.0,,14.0,12.8,0.264,12.3,0.247,1.74,icon_d2
2026-10-06,W0025,52.086,10.1886,0.0,,14.7,14.1,0.248,13.6,0.205,1.79,icon_d2
2026-10-06,W0026,52.086,10.2182,0.0,,14.8,14.1,0.248,13.6,0.205,1.81,icon_d2
2026-10-06,W1072,52.07703,10.23304,0.0,,14.9,14.1,0.248,13.6,0.205,1.82,icon_d2
2026-10-06,W1073,52.07703,10.2626,0.0,,14.6,14.1,0.248,13.6,0.205,1.83,icon_d2
2026-10-06,W1575,52.07703,10.29217,0.0,,15.2,14.1,0.248,13.6,0.205,1.84,icon_d2
2026-10-06,W0027,52.086,10.3363,0.0,,14.7,14.1,0.233,13.7,0.191,1.8,icon_d2
2026-10-06,W0028,52.086,10.3658,0.0,,14.9,13.8,0.23,12.9,0.172,1.86,icon_d2
2026-10-06,W0029,52.086,10.3954,0.0,,15.8,14.4,0.23,13.6,0.172,1.88,icon_d2
2026-10-06,W1074,52.07703,10.41042,0.0,,15.7,14.4,0.23,13.6,0.172,1.88,icon_d2
2026-10-06,W1075,52.07703,10.43999,0.0,,15.2,14.4,0.23,13.6,0.172,1.83,icon_d2
2026-10-06,W1076,52.07703,10.46955,0.0,,15.2,14.4,0.23,13.6,0.172,1.84,icon_d2
2026-10-06,W0030,52.086,10.5135,0.0,,15.1,13.8,0.223,13.2,0.18,1.8,icon_d2
2026-10-06,W0031,52.086,10.5431,0.0,,15.5,14.3,0.238,13.6,0.19,1.84,icon_d2
2026-10-06,W0032,52.086,10.5726,0.0,,15.2,14.3,0.238,13.6,0.19,1.79,icon_d2
2026-10-06,W1077,52.07703,10.58781,0.0,,15.0,14.3,0.238,13.6,0.19,1.8,icon_d2
2026-10-06,W1576,52.07703,10.61737,0.0,,14.4,14.3,0.238,13.6,0.19,1.81,icon_d2
2026-10-06,W1078,52.07703,10.64694,0.0,,14.5,14.3,0.238,13.6,0.19,1.84,icon_d2
2026-10-06,W1079,52.07703,10.6765,0.0,,14.3,13.6,0.247,12.8,0.202,1.83,icon_d2
2026-10-06,W1080,52.07703,10.70607,0.0,,14.2,13.6,0.247,12.8,0.202,1.83,icon_d2
2026-10-06,W1081,52.07703,10.73563,0.0,,14.2,13.6,0.247,12.8,0.202,1.84,icon_d2
2026-10-06,W1082,52.07703,10.76519,0.0,,14.7,13.6,0.247,12.8,0.202,1.82,icon_d2
2026-10-06,W1577,52.07703,10.79476,0.0,,14.1,13.6,0.247,12.8,0.202,1.8,icon_d2
2026-10-06,W1083,52.07703,10.82432,0.0,,14.2,13.7,0.237,12.9,0.201,1.81,icon_d2
2026-10-06,W1084,52.07703,10.85389,0.0,,14.7,13.5,0.269,12.6,0.237,1.84,icon_d2
2026-10-06,W1085,52.07703,10.88345,0.0,,14.6,13.5,0.269,12.6,0.237,1.82,icon_d2
2026-10-06,W1086,52.07703,10.91302,0.0,,14.2,13.5,0.269,12.6,0.237,1.85,icon_d2
2026-10-06,W1087,52.07703,10.94258,0.0,,14.2,13.5,0.269,12.6,0.237,1.82,icon_d2
2026-10-06,W1088,52.07703,10.97214,0.0,,13.6,13.5,0.269,12.6,0.237,1.81,icon_d2
2026-10-06,W1089,52.07703,11.00171,0.0,,13.7,13.9,0.213,12.8,0.182,1.84,icon_d2
2026-10-06,W1090,52.07703,11.03127,0.0,,14.1,13.1,0.273,11.9,0.248,1.83,icon_d2
2026-10-06,W1091,52.07703,11.06084,0.0,,14.4,13.1,0.273,11.9,0.248,1.82,icon_d2
2026-10-06,W1092,52.07703,11.0904,0.0,,15.1,13.1,0.273,11.9,0.248,1.82,icon_d2
2026-10-06,W0033,52.086,11.1338,0.0,,15.3,13.8,0.231,12.9,0.204,1.83,icon_d2
2026-10-06,W1093,52.07703,11.14953,0.0,,15.3,13.8,0.231,12.9,0.204,1.81,icon_d2
2026-10-06,W1094,52.09505,10.11478,0.0,,14.1,13.8,0.245,13.4,0.221,1.72,icon_d2
2026-10-06,W1095,52.09505,10.14435,0.0,,14.2,13.8,0.245,13.4,0.221,1.74,icon_d2
2026-10-06,W1096,52.09505,10.17391,0.0,,13.9,13.8,0.245,13.4,0.221,1.76,icon_d2
2026-10-06,W1097,52.09505,10.20347,0.0,,14.8,14.1,0.248,13.6,0.205,1.81,icon_d2
2026-10-06,W1098,52.09505,10.23304,0.0,,14.9,14.1,0.248,13.6,0.205,1.79,icon_d2
2026-10-06,W1099,52.09505,10.2626,0.0,,14.6,14.1,0.233,13.7,0.191,1.78,icon_d2
2026-10-06,W1100,52.09505,10.29217,0.0,,15.1,14.1,0.233,13.7,0.191,1.8,icon_d2
2026-10-06,W1101,52.09505,10.32173,0.0,,14.8,14.1,0.233,13.7,0.191,1.8,icon_d2
2026-10-06,W1578,52.09505,10.3513,0.0,,15.3,14.4,0.23,13.6,0.172,1.87,icon_d2
2026-10-06,W1102,52.09505,10.38086,0.0,,15.5,14.4,0.23,13.6,0.172,1.88,icon_d2
2026-10-06,W1103,52.09505,10.41042,0.0,,15.3,14.4,0.23,13.6,0.172,1.88,icon_d2
2026-10-06,W1104,52.09505,10.43999,0.0,,15.3,14.5,0.223,13.8,0.18,1.86,icon_d2
2026-10-06,W1105,52.09505,10.46955,0.0,,15.2,14.5,0.223,13.8,0.18,1.84,icon_d2
2026-10-06,W1106,52.09505,10.49912,0.0,,15.0,14.5,0.223,13.8,0.18,1.82,icon_d2
2026-10-06,W1107,52.09505,10.52868,0.0,,15.3,14.3,0.238,13.6,0.19,1.8,icon_d2
2026-10-06,W1108,52.09505,10.55825,0.0,,14.7,14.3,0.238,13.6,0.19,1.79,icon_d2
2026-10-06,W1109,52.09505,10.58781,0.0,,14.8,13.9,0.228,13.1,0.182,1.78,icon_d2
2026-10-06,W1110,52.09505,10.61737,0.0,,14.5,13.9,0.228,13.1,0.182,1.79,icon_d2
2026-10-06,W1111,52.09505,10.64694,0.0,,14.9,13.9,0.228,13.1,0.182,1.81,icon_d2
2026-10-06,W1112,52.09505,10.6765,0.0,,14.5,13.9,0.228,13.1,0.182,1.82,icon_d2
2026-10-06,W1113,52.09505,10.70607,0.0,,15.0,13.6,0.247,12.8,0.202,1.82,icon_d2
2026-10-06,W1114,52.09505,10.73563,0.0,,14.7,13.6,0.247,12.8,0.202,1.75,icon_d2
2026-10-06,W1115,52.09505,10.76519,0.0,,14.9,13.7,0.237,12.9,0.201,1.79,icon_d2
2026-10-06,W1579,52.09505,10.79476,0.0,,13.9,13.7,0.237,12.9,0.201,1.77,icon_d2
2026-10-06,W1116,52.09505,10.82432,0.0,,14.4,13.7,0.237,12.9,0.201,1.81,icon_d2
2026-10-06,W1117,52.09505,10.85389,0.0,,14.5,13.5,0.269,12.6,0.237,1.8,icon_d2
2026-10-06,W1580,52.09505,10.88345,0.0,,14.4,13.5,0.269,12.6,0.237,1.8,icon_d2
2026-10-06,W1118,52.09505,10.91302,0.0,,14.2,13.5,0.269,12.6,0.237,1.8,icon_d2
2026-10-06,W1581,52.09505,10.94258,0.0,,14.3,13.9,0.213,12.8,0.182,1.8,icon_d2
2026-10-06,W1119,52.09505,10.97214,0.0,,13.7,13.9,0.213,12.8,0.182,1.77,icon_d2
2026-10-06,W1120,52.09505,11.00171,0.0,,13.8,13.9,0.213,12.8,0.182,1.8,icon_d2
2026-10-06,W1121,52.09505,11.03127,0.0,,14.6,13.1,0.273,11.9,0.248,1.81,icon_d2
2026-10-06,W1122,52.09505,11.06084,0.0,,14.7,13.1,0.273,11.9,0.248,1.82,icon_d2
2026-10-06,W1123,52.09505,11.0904,0.0,,14.8,13.8,0.231,12.9,0.204,1.83,icon_d2
2026-10-06,W1124,52.09505,11.11997,0.0,,14.9,13.8,0.231,12.9,0.204,1.82,icon_d2
2026-10-06,W1125,52.09505,11.14953,0.0,,15.3,13.8,0.231,12.9,0.204,1.82,icon_d2
2026-10-06,W0034,52.1041,10.1295,0.0,,14.1,13.8,0.245,13.4,0.221,1.71,icon_d2
2026-10-06,W0035,52.1041,10.1591,0.0,,14.4,13.8,0.245,13.4,0.221,1.73,icon_d2
2026-10-06,W1126,52.11306,10.17391,0.0,,14.0,13.8,0.245,13.4,0.221,1.73,icon_d2
2026-10-06,W0036,52.1041,10.2182,0.0,,14.6,14.1,0.248,13.6,0.205,1.78,icon_d2
2026-10-06,W0037,52.1041,10.2477,0.0,,14.7,14.1,0.233,13.7,0.191,1.77,icon_d2
2026-10-06,W0038,52.1041,10.2772,0.0,,14.2,13.4,0.233,12.9,0.191,1.76,icon_d2
2026-10-06,W0039,52.1041,10.3068,0.0,,14.8,14.1,0.233,13.7,0.191,1.81,icon_d2
2026-10-06,W0040,52.1041,10.3363,0.0,,14.9,14.1,0.233,13.7,0.191,1.82,icon_d2
2026-10-06,W0041,52.1041,10.3658,0.0,,15.7,14.4,0.23,13.6,0.172,1.89,icon_d2
2026-10-06,W1127,52.11306,10.38086,0.0,,16.0,14.5,0.223,13.8,0.18,1.86,icon_d2
2026-10-06,W1128,52.11306,10.41042,0.0,,15.4,14.5,0.223,13.8,0.18,1.85,icon_d2
2026-10-06,W1129,52.11306,10.43999,0.0,,15.1,14.5,0.223,13.8,0.18,1.84,icon_d2
2026-10-06,W0042,52.1041,10.484,0.0,,15.5,14.5,0.223,13.8,0.18,1.8,icon_d2
2026-10-06,W0043,52.1041,10.5135,0.0,,15.2,13.7,0.223,13.1,0.18,1.8,icon_d2
2026-10-06,W0044,52.1041,10.5431,0.0,,15.7,14.3,0.238,13.6,0.19,1.82,icon_d2
2026-10-06,W1130,52.11306,10.55825,0.0,,15.8,13.9,0.228,13.1,0.182,1.81,icon_d2
2026-10-06,W1131,52.11306,10.58781,0.0,,15.2,13.9,0.228,13.1,0.182,1.76,icon_d2
2026-10-06,W1132,52.11306,10.61737,0.0,,14.8,13.9,0.228,13.1,0.182,1.77,icon_d2
2026-10-06,W1582,52.11306,10.64694,0.0,,15.3,13.9,0.228,13.1,0.182,1.8,icon_d2
2026-10-06,W1133,52.11306,10.6765,0.0,,15.5,13.9,0.228,13.1,0.182,1.79,icon_d2
2026-10-06,W1134,52.11306,10.70607,0.0,,15.2,13.7,0.237,12.9,0.201,1.76,icon_d2
2026-10-06,W1135,52.11306,10.73563,0.0,,14.7,13.7,0.237,12.9,0.201,1.73,icon_d2
2026-10-06,W1136,52.11306,10.76519,0.0,,13.8,13.7,0.237,12.9,0.201,1.74,icon_d2
2026-10-06,W1137,52.11306,10.79476,0.0,,14.0,13.7,0.237,12.9,0.201,1.77,icon_d2
2026-10-06,W1138,52.11306,10.82432,0.0,,14.5,13.7,0.237,12.9,0.201,1.79,icon_d2
2026-10-06,W1139,52.11306,10.85389,0.0,,14.6,13.7,0.237,12.9,0.201,1.79,icon_d2
2026-10-06,W1140,52.11306,10.88345,0.0,,14.7,13.9,0.213,12.8,0.182,1.81,icon_d2
2026-10-06,W1141,52.11306,10.91302,0.0,,15.7,13.9,0.213,12.8,0.182,1.85,icon_d2
2026-10-06,W1142,52.11306,10.94258,0.0,,15.8,13.9,0.213,12.8,0.182,1.77,icon_d2
2026-10-06,W1143,52.11306,10.97214,0.0,,14.4,13.9,0.213,12.8,0.182,1.8,icon_d2
2026-10-06,W1144,52.11306,11.00171,0.0,,13.8,13.9,0.213,12.8,0.182,1.79,icon_d2
2026-10-06,W1145,52.11306,11.03127,0.0,,14.0,13.8,0.231,12.9,0.204,1.79,icon_d2
2026-10-06,W1146,52.11306,11.06084,0.0,,14.6,13.8,0.231,12.9,0.204,1.79,icon_d2
2026-10-06,W1147,52.11306,11.0904,0.0,,14.9,13.8,0.231,12.9,0.204,1.8,icon_d2
2026-10-06,W1148,52.11306,11.11997,0.0,,15.2,13.8,0.231,12.9,0.204,1.8,icon_d2
2026-10-06,W1149,52.11306,11.14953,0.0,,14.9,13.8,0.231,12.9,0.204,1.81,icon_d2
2026-10-06,W0046,52.1221,10.1295,0.0,,13.9,13.8,0.245,13.4,0.221,1.7,icon_d2
2026-10-06,W0047,52.1221,10.1591,0.0,,13.7,13.8,0.245,13.4,0.221,1.69,icon_d2
2026-10-06,W0048,52.1221,10.1886,0.0,,14.0,13.8,0.245,13.4,0.221,1.74,icon_d2
2026-10-06,W0049,52.1221,10.2182,0.0,,14.3,14.1,0.233,13.7,0.191,1.74,icon_d2
2026-10-06,W0050,52.1221,10.2477,0.0,,14.9,14.1,0.233,13.7,0.191,1.8,icon_d2
2026-10-06,W0051,52.1221,10.2772,0.0,,14.8,14.1,0.233,13.7,0.191,1.81,icon_d2
2026-10-06,W0052,52.1221,10.3068,0.0,,14.9,14.1,0.233,13.7,0.191,1.8,icon_d2
2026-10-06,W0053,52.1221,10.3363,0.0,,15.6,14.1,0.233,13.7,0.191,1.88,icon_d2
2026-10-06,W1150,52.13108,10.3513,0.0,,15.6,14.1,0.233,13.7,0.191,1.89,icon_d2
2026-10-06,W0054,52.1221,10.3954,0.0,,16.1,14.5,0.223,13.8,0.18,1.87,icon_d2
2026-10-06,W1151,52.13108,10.41042,0.0,,15.5,14.5,0.223,13.8,0.18,1.85,icon_d2
2026-10-06,W1152,52.13108,10.43999,0.0,,15.1,14.5,0.223,13.8,0.18,1.81,icon_d2
2026-10-06,W0055,52.1221,10.484,0.0,,15.1,14.5,0.223,13.8,0.18,1.79,icon_d2
2026-10-06,W0056,52.1221,10.5135,0.0,,15.0,14.5,0.223,13.8,0.18,1.77,icon_d2
2026-10-06,W0057,52.1221,10.5431,0.0,,15.7,13.9,0.228,13.1,0.182,1.8,icon_d2
2026-10-06,W0058,52.1221,10.5726,0.0,,15.3,13.9,0.228,13.1,0.182,1.8,icon_d2
2026-10-06,W1153,52.13108,10.58781,0.0,,14.6,13.9,0.228,13.1,0.182,1.78,icon_d2
2026-10-06,W1583,52.13108,10.61737,0.0,,15.4,13.9,0.228,13.1,0.182,1.79,icon_d2
2026-10-06,W0059,52.1221,10.6612,0.0,,15.2,13.9,0.228,13.1,0.182,1.79,icon_d2
2026-10-06,W0060,52.1221,10.6908,0.0,,15.0,13.7,0.237,12.9,0.201,1.75,icon_d2
2026-10-06,W1154,52.13108,10.70607,0.0,,14.7,13.7,0.237,12.9,0.201,1.76,icon_d2
2026-10-06,W1155,52.13108,10.73563,0.0,,14.1,13.7,0.237,12.9,0.201,1.74,icon_d2
2026-10-06,W1584,52.13108,10.76519,0.0,,14.1,13.7,0.237,12.9,0.201,1.74,icon_d2
2026-10-06,W1156,52.13108,10.79476,0.0,,14.9,13.7,0.237,12.9,0.201,1.74,icon_d2
2026-10-06,W1157,52.13108,10.82432,0.0,,14.8,13.7,0.237,12.9,0.201,1.8,icon_d2
2026-10-06,W1158,52.13108,10.85389,0.0,,15.3,13.7,0.237,12.9,0.201,1.83,icon_d2
2026-10-06,W1159,52.13108,10.88345,0.0,,15.7,13.9,0.213,12.8,0.182,1.82,icon_d2
2026-10-06,W1160,52.13108,10.91302,0.0,,15.3,13.9,0.213,12.8,0.182,1.89,icon_d2
2026-10-06,W1161,52.13108,10.94258,0.0,,15.4,13.9,0.213,12.8,0.182,1.87,icon_d2
2026-10-06,W0061,52.1221,10.9861,0.0,,14.4,13.9,0.213,12.8,0.182,1.78,icon_d2
2026-10-06,W0062,52.1221,11.0157,0.0,,13.8,13.9,0.213,12.8,0.182,1.79,icon_d2
2026-10-06,W0063,52.1221,11.0452,0.0,,13.8,13.8,0.231,12.9,0.204,1.78,icon_d2
2026-10-06,W1162,52.13108,11.06084,0.0,,14.5,13.8,0.231,12.9,0.204,1.76,icon_d2
2026-10-06,W1163,52.13108,11.0904,0.0,,15.2,13.8,0.231,12.9,0.204,1.77,icon_d2
2026-10-06,W1164,52.13108,11.11997,0.0,,15.0,13.8,0.231,12.9,0.204,1.77,icon_d2
2026-10-06,W1165,52.13108,11.14953,0.0,,15.0,13.8,0.231,12.9,0.204,1.76,icon_d2
2026-10-06,W0065,52.1401,10.1295,0.0,,14.6,13.8,0.245,13.4,0.221,1.73,icon_d2
2026-10-06,W0066,52.1401,10.1591,0.0,,13.8,13.8,0.245,13.4,0.221,1.66,icon_d2
2026-10-06,W0067,52.1401,10.1886,0.0,,14.2,13.8,0.245,13.4,0.221,1.72,icon_d2
2026-10-06,W0068,52.1401,10.2182,0.0,,14.6,14.1,0.233,13.7,0.191,1.78,icon_d2
2026-10-06,W1166,52.1491,10.23304,0.0,,14.7,14.1,0.233,13.7,0.191,1.78,icon_d2
2026-10-06,W1167,52.1491,10.2626,0.0,,15.4,14.1,0.233,13.7,0.191,1.79,icon_d2
2026-10-06,W1168,52.1491,10.29217,0.0,,15.5,14.1,0.233,13.7,0.191,1.83,icon_d2
2026-10-06,W1169,52.1491,10.32173,0.0,,15.7,14.1,0.233,13.7,0.191,1.87,icon_d2
2026-10-06,W0069,52.1401,10.3658,0.0,,15.6,14.5,0.223,13.8,0.18,1.82,icon_d2
2026-10-06,W0084,52.1581,10.3954,0.0,,15.8,14.5,0.223,13.8,0.18,1.81,icon_d2
2026-10-06,W0085,52.1581,10.4249,0.0,,15.8,14.5,0.223,13.8,0.18,1.83,icon_d2
2026-10-06,W1170,52.1491,10.43999,0.0,,15.1,14.5,0.223,13.8,0.18,1.8,icon_d2
2026-10-06,W0070,52.1401,10.484,0.0,,15.5,14.5,0.223,13.8,0.18,1.8,icon_d2
2026-10-06,W0071,52.1401,10.5135,0.0,,15.5,14.5,0.223,13.8,0.18,1.8,icon_d2
2026-10-06,W0072,52.1401,10.5431,0.0,,15.7,13.9,0.228,13.1,0.182,1.82,icon_d2
2026-10-06,W0073,52.1401,10.5726,0.0,,14.8,13.9,0.228,13.1,0.182,1.79,icon_d2
2026-10-06,W1171,52.1491,10.58781,0.0,,14.8,13.9,0.228,13.1,0.182,1.79,icon_d2
2026-10-06,W0074,52.1401,10.6317,0.0,,14.6,13.2,0.228,12.4,0.182,1.73,icon_d2
2026-10-06,W0075,52.1401,10.6612,0.0,,14.0,13.1,0.228,12.3,0.182,1.76,icon_d2
2026-10-06,W0076,52.1401,10.6908,0.0,,15.1,13.7,0.237,12.9,0.201,1.76,icon_d2
2026-10-06,W0077,52.1401,10.7203,0.0,,14.2,13.7,0.237,12.9,0.201,1.73,icon_d2
2026-10-06,W1172,52.1491,10.73563,0.0,,14.2,13.7,0.237,12.9,0.201,1.73,icon_d2
2026-10-06,W1173,52.1491,10.76519,0.0,,14.1,13.7,0.237,12.9,0.201,1.73,icon_d2
2026-10-06,W1174,52.1491,10.79476,0.0,,14.8,13.7,0.237,12.9,0.201,1.8,icon_d2
2026-10-06,W0090,52.1581,10.8384,0.0,,14.5,13.9,0.21,13.2,0.149,1.76,icon_d2
2026-10-06,W0078,52.1401,10.868,0.0,,15.2,13.9,0.213,12.8,0.182,1.81,icon_d2
2026-10-06,W0079,52.1401,10.8975,0.0,,15.2,13.9,0.213,12.8,0.182,1.88,icon_d2
2026-10-06,W0080,52.1401,10.9271,0.0,,15.1,13.2,0.213,12.1,0.182,1.85,icon_d2
2026-10-06,W0081,52.1401,10.9566,0.0,,15.8,13.9,0.213,12.8,0.182,1.83,icon_d2
2026-10-06,W0095,52.1581,10.9861,0.0,,15.3,14.0,0.198,13.0,0.147,1.74,icon_d2
2026-10-06,W0096,52.1581,11.0157,0.0,,13.7,14.0,0.198,13.0,0.147,1.73,icon_d2
2026-10-06,W0082,52.1401,11.0452,0.0,,13.8,13.8,0.231,12.9,0.204,1.75,icon_d2
2026-10-06,W1175,52.1491,11.06084,0.0,,14.5,13.8,0.231,12.9,0.204,1.76,icon_d2
2026-10-06,W0098,52.1581,11.1043,0.0,,14.7,13.8,0.231,12.9,0.204,1.74,icon_d2
2026-10-06,W1176,52.1491,11.11997,0.0,,14.9,13.8,0.231,12.9,0.204,1.76,icon_d2
2026-10-06,W1177,52.1491,11.14953,0.0,,15.0,13.8,0.231,12.9,0.204,1.76,icon_d2
2026-10-06,W1585,52.16712,10.11478,0.0,,15.2,13.8,0.248,13.2,0.228,1.77,icon_d2
2026-10-06,W1178,52.16712,10.14435,0.0,,15.2,13.8,0.248,13.2,0.228,1.77,icon_d2
2026-10-06,W1179,52.16712,10.17391,0.0,,14.9,13.8,0.248,13.2,0.228,1.75,icon_d2
2026-10-06,W0099,52.1761,10.2182,0.0,,14.9,14.1,0.233,13.7,0.191,1.77,icon_d2
2026-10-06,W1180,52.16712,10.23304,0.0,,14.6,14.1,0.233,13.7,0.191,1.78,icon_d2
2026-10-06,W1181,52.16712,10.2626,0.0,,14.7,14.1,0.233,13.7,0.191,1.79,icon_d2
2026-10-06,W1182,52.16712,10.29217,0.0,,15.7,14.0,0.219,13.3,0.196,1.84,icon_d2
2026-10-06,W1183,52.16712,10.32173,0.0,,15.7,14.0,0.219,13.3,0.196,1.84,icon_d2
2026-10-06,W0100,52.1761,10.3658,0.0,,15.4,14.0,0.219,13.3,0.196,1.85,icon_d2
2026-10-06,W1184,52.16712,10.38086,0.0,,15.3,14.5,0.223,13.8,0.18,1.82,icon_d2
2026-10-06,W0101,52.1761,10.4249,0.0,,15.7,14.4,0.201,13.6,0.149,1.83,icon_d2
2026-10-06,W0102,52.1761,10.4545,0.0,,15.2,14.4,0.201,13.6,0.149,1.82,icon_d2
2026-10-06,W0103,52.1761,10.484,0.0,,15.3,14.4,0.201,13.6,0.149,1.83,icon_d2
2026-10-06,W1185,52.16712,10.49912,0.0,,15.6,14.4,0.201,13.6,0.149,1.81,icon_d2
2026-10-06,W0104,52.1761,10.5431,0.0,,15.4,13.9,0.228,13.1,0.182,1.79,icon_d2
2026-10-06,W1186,52.16712,10.55825,0.0,,14.9,13.9,0.228,13.1,0.182,1.77,icon_d2
2026-10-06,W1187,52.16712,10.58781,0.0,,14.8,13.9,0.228,13.1,0.182,1.77,icon_d2
2026-10-06,W1188,52.16712,10.61737,0.0,,15.0,13.5,0.206,12.5,0.163,1.72,icon_d2
2026-10-06,W1189,52.16712,10.64694,0.0,,15.4,13.5,0.206,12.5,0.163,1.74,icon_d2
2026-10-06,W1586,52.16712,10.6765,0.0,,14.9,13.5,0.206,12.5,0.163,1.73,icon_d2
2026-10-06,W1190,52.16712,10.70607,0.0,,14.5,13.7,0.237,12.9,0.201,1.74,icon_d2
2026-10-06,W1587,52.16712,10.73563,0.0,,14.7,13.7,0.237,12.9,0.201,1.79,icon_d2
2026-10-06,W0105,52.1761,10.7794,0.0,,15.1,13.9,0.21,13.2,0.149,1.81,icon_d2
2026-10-06,W0106,52.1761,10.8089,0.0,,14.9,13.9,0.21,13.2,0.149,1.75,icon_d2
2026-10-06,W0107,52.1761,10.8384,0.0,,14.8,13.9,0.21,13.2,0.149,1.73,icon_d2
2026-10-06,W0108,52.1761,10.868,0.0,,15.1,13.9,0.21,13.2,0.149,1.75,icon_d2
2026-10-06,W0109,52.1761,10.8975,0.0,,15.5,13.9,0.213,12.8,0.182,1.76,icon_d2
2026-10-06,W0110,52.1761,10.9271,0.0,,15.9,14.0,0.198,13.0,0.147,1.79,icon_d2
2026-10-06,W0111,52.1761,10.9566,0.0,,15.4,14.0,0.198,13.0,0.147,1.7,icon_d2
2026-10-06,W0112,52.1761,10.9861,0.0,,14.9,14.0,0.198,13.0,0.147,1.71,icon_d2
2026-10-06,W0113,52.1761,11.0157,0.0,,13.9,14.0,0.198,13.0,0.147,1.68,icon_d2
2026-10-06,W0114,52.1761,11.0452,0.0,,14.2,13.8,0.231,12.9,0.204,1.72,icon_d2
2026-10-06,W1191,52.16712,11.06084,0.0,,14.8,13.8,0.231,12.9,0.204,1.76,icon_d2
2026-10-06,W0115,52.1761,11.1043,0.0,,14.9,14.1,0.21,13.1,0.145,1.74,icon_d2
2026-10-06,W1192,52.16712,11.11997,0.0,,14.9,14.1,0.21,13.1,0.145,1.74,icon_d2
2026-10-06,W1193,52.16712,11.14953,0.0,,15.2,14.1,0.21,13.1,0.145,1.75,icon_d2
2026-10-06,W0116,52.1941,10.1,0.0,,15.1,13.8,0.248,13.2,0.228,1.74,icon_d2
2026-10-06,W1194,52.18514,10.14435,0.0,,15.1,13.8,0.248,13.2,0.228,1.73,icon_d2
2026-10-06,W1588,52.18514,10.17391,0.0,,15.2,13.8,0.248,13.2,0.228,1.76,icon_d2
2026-10-06,W1195,52.18514,10.20347,0.0,,15.4,13.8,0.248,13.2,0.228,1.78,icon_d2
2026-10-06,W1196,52.18514,10.23304,0.0,,15.2,14.0,0.219,13.3,0.196,1.8,icon_d2
2026-10-06,W1197,52.18514,10.2626,0.0,,14.7,14.0,0.219,13.3,0.196,1.78,icon_d2
2026-10-06,W0117,52.1941,10.3068,0.0,,14.9,14.0,0.219,13.3,0.196,1.79,icon_d2
2026-10-06,W0118,52.1941,10.3363,0.0,,15.0,14.0,0.219,13.3,0.196,1.81,icon_d2
2026-10-06,W1198,52.18514,10.3513,0.0,,15.5,14.0,0.219,13.3,0.196,1.85,icon_d2
2026-10-06,W1199,52.18514,10.38086,0.0,,15.4,14.4,0.201,13.6,0.149,1.84,icon_d2
2026-10-06,W1200,52.18514,10.41042,0.0,,15.7,14.4,0.201,13.6,0.149,1.83,icon_d2
2026-10-06,W1201,52.18514,10.43999,0.0,,15.7,14.4,0.201,13.6,0.149,1.84,icon_d2
2026-10-06,W1202,52.18514,10.46955,0.0,,15.3,14.4,0.201,13.6,0.149,1.83,icon_d2
2026-10-06,W1203,52.18514,10.49912,0.0,,15.3,14.4,0.201,13.6,0.149,1.83,icon_d2
2026-10-06,W0119,52.1941,10.5431,0.0,,15.2,14.4,0.201,13.6,0.149,1.75,icon_d2
2026-10-06,W1204,52.18514,10.55825,0.0,,14.9,13.5,0.206,12.5,0.163,1.74,icon_d2
2026-10-06,W1205,52.18514,10.58781,0.0,,15.2,13.5,0.206,12.5,0.163,1.73,icon_d2
2026-10-06,W0120,52.1941,10.6317,0.0,,14.4,13.5,0.206,12.5,0.163,1.72,icon_d2
2026-10-06,W1206,52.18514,10.64694,0.0,,14.2,13.5,0.206,12.5,0.163,1.72,icon_d2
2026-10-06,W0121,52.1941,10.6908,0.0,,15.0,13.5,0.206,12.5,0.163,1.77,icon_d2
2026-10-06,W0122,52.1941,10.7203,0.0,,15.0,13.9,0.21,13.2,0.149,1.77,icon_d2
2026-10-06,W0123,52.1941,10.7498,0.0,,14.4,12.7,0.21,12.0,0.149,1.73,icon_d2
2026-10-06,W0124,52.1941,10.7794,0.0,,14.8,13.1,0.21,12.4,0.149,1.75,icon_d2
2026-10-06,W0125,52.1941,10.8089,0.0,,14.5,13.0,0.21,12.2,0.149,1.71,icon_d2
2026-10-06,W0126,52.1941,10.8384,0.0,,15.0,13.9,0.21,13.2,0.149,1.72,icon_d2
2026-10-06,W0127,52.1941,10.868,0.0,,15.7,13.9,0.21,13.2,0.149,1.75,icon_d2
2026-10-06,W1589,52.18514,10.88345,0.0,,15.4,14.0,0.198,13.0,0.147,1.77,icon_d2
2026-10-06,W0128,52.1941,10.9271,0.0,,15.7,14.0,0.198,13.0,0.147,1.7,icon_d2
2026-10-06,W0129,52.1941,10.9566,0.0,,14.7,14.0,0.198,13.0,0.147,1.63,icon_d2
2026-10-06,W1590,52.18514,10.97214,0.0,,14.5,14.0,0.198,13.0,0.147,1.69,icon_d2
2026-10-06,W1207,52.18514,11.00171,0.0,,13.8,14.0,0.198,13.0,0.147,1.67,icon_d2
2026-10-06,W0130,52.1941,11.0452,0.0,,14.1,14.1,0.21,13.1,0.145,1.71,icon_d2
2026-10-06,W0131,52.1941,11.0747,0.0,,14.8,14.1,0.21,13.1,0.145,1.7,icon_d2
2026-10-06,W0132,52.1941,11.1043,0.0,,15.0,14.1,0.21,13.1,0.145,1.74,icon_d2
2026-10-06,W1208,52.18514,11.11997,0.0,,15.1,14.1,0.21,13.1,0.145,1.72,icon_d2
2026-10-06,W1209,52.18514,11.14953,0.0,,15.3,14.1,0.21,13.1,0.145,1.75,icon_d2
2026-10-06,W1210,52.20315,10.11478,0.0,,15.1,13.8,0.248,13.2,0.228,1.75,icon_d2
2026-10-06,W1211,52.20315,10.14435,0.0,,15.1,13.8,0.248,13.2,0.228,1.76,icon_d2
2026-10-06,W1212,52.20315,10.17391,0.0,,15.4,13.8,0.248,13.2,0.228,1.76,icon_d2
2026-10-06,W1591,52.20315,10.20347,0.0,,15.4,13.8,0.248,13.2,0.228,1.78,icon_d2
2026-10-06,W1213,52.20315,10.23304,0.0,,15.3,14.0,0.219,13.3,0.196,1.8,icon_d2
2026-10-06,W1214,52.20315,10.2626,0.0,,15.3,14.0,0.219,13.3,0.196,1.8,icon_d2
2026-10-06,W1215,52.20315,10.29217,0.0,,14.9,14.0,0.219,13.3,0.196,1.79,icon_d2
2026-10-06,W1216,52.20315,10.32173,0.0,,14.7,14.0,0.219,13.3,0.196,1.77,icon_d2
2026-10-06,W1217,52.20315,10.3513,0.0,,15.2,14.0,0.219,13.3,0.196,1.81,icon_d2
2026-10-06,W1218,52.20315,10.38086,0.0,,15.3,14.4,0.201,13.6,0.149,1.83,icon_d2
2026-10-06,W1219,52.20315,10.41042,0.0,,15.2,14.4,0.201,13.6,0.149,1.83,icon_d2
2026-10-06,W1220,52.20315,10.43999,0.0,,15.8,14.4,0.201,13.6,0.149,1.84,icon_d2
2026-10-06,W1221,52.20315,10.46955,0.0,,15.6,14.4,0.201,13.6,0.149,1.84,icon_d2
2026-10-06,W1222,52.20315,10.49912,0.0,,15.3,14.4,0.201,13.6,0.149,1.83,icon_d2
2026-10-06,W1223,52.20315,10.52868,0.0,,15.2,14.4,0.201,13.6,0.149,1.83,icon_d2
2026-10-06,W1224,52.20315,10.55825,0.0,,15.2,13.5,0.206,12.5,0.163,1.77,icon_d2
2026-10-06,W1225,52.20315,10.58781,0.0,,15.0,13.5,0.206,12.5,0.163,1.75,icon_d2
2026-10-06,W1226,52.20315,10.61737,0.0,,14.6,13.5,0.206,12.5,0.163,1.74,icon_d2
2026-10-06,W1227,52.20315,10.64694,0.0,,14.3,13.5,0.206,12.5,0.163,1.72,icon_d2
2026-10-06,W1228,52.20315,10.6765,0.0,,14.9,13.5,0.206,12.5,0.163,1.74,icon_d2
2026-10-06,W1229,52.20315,10.70607,0.0,,14.9,13.5,0.206,12.5,0.163,1.76,icon_d2
2026-10-06,W1592,52.20315,10.73563,0.0,,14.3,13.0,0.21,12.3,0.149,1.74,icon_d2
2026-10-06,W1230,52.20315,10.76519,0.0,,14.7,13.0,0.21,12.3,0.149,1.74,icon_d2
2026-10-06,W1593,52.20315,10.79476,0.0,,14.4,12.9,0.21,12.1,0.149,1.7,icon_d2
2026-10-06,W1594,52.20315,10.82432,0.0,,14.6,13.1,0.21,12.4,0.149,1.71,icon_d2
2026-10-06,W1595,52.20315,10.85389,0.0,,15.6,13.9,0.21,13.2,0.149,1.73,icon_d2
2026-10-06,W1231,52.20315,10.88345,0.0,,15.9,14.0,0.198,13.0,0.147,1.74,icon_d2
2026-10-06,W1232,52.20315,10.91302,0.0,,15.7,14.0,0.198,13.0,0.147,1.7,icon_d2
2026-10-06,W1233,52.20315,10.94258,0.0,,14.6,14.0,0.198,13.0,0.147,1.63,icon_d2
2026-10-06,W1234,52.20315,10.97214,0.0,,13.6,14.0,0.198,13.0,0.147,1.62,icon_d2
2026-10-06,W1235,52.20315,11.00171,0.0,,13.7,14.0,0.198,13.0,0.147,1.65,icon_d2
2026-10-06,W1236,52.20315,11.03127,0.0,,14.1,14.0,0.198,13.0,0.147,1.67,icon_d2
2026-10-06,W1237,52.20315,11.06084,0.0,,14.1,14.1,0.21,13.1,0.145,1.7,icon_d2
2026-10-06,W1238,52.20315,11.0904,0.0,,14.9,14.1,0.21,13.1,0.145,1.71,icon_d2
2026-10-06,W1239,52.20315,11.11997,0.0,,15.4,14.1,0.21,13.1,0.145,1.71,icon_d2
2026-10-06,W1240,52.20315,11.14953,0.0,,15.2,14.1,0.21,13.1,0.145,1.72,icon_d2
2026-10-06,W1596,52.22117,10.11478,0.0,,15.1,13.8,0.248,13.2,0.228,1.75,icon_d2
2026-10-06,W1241,52.22117,10.14435,0.0,,15.0,13.8,0.248,13.2,0.228,1.78,icon_d2
2026-10-06,W1597,52.22117,10.17391,0.0,,15.2,13.8,0.248,13.2,0.228,1.76,icon_d2
2026-10-06,W1242,52.22117,10.20347,0.0,,15.2,13.9,0.237,13.2,0.225,1.76,icon_d2
2026-10-06,W1243,52.22117,10.23304,0.0,,15.4,14.0,0.219,13.3,0.196,1.76,icon_d2
2026-10-06,W1244,52.22117,10.2626,0.0,,15.2,14.0,0.219,13.3,0.196,1.79,icon_d2
2026-10-06,W1245,52.22117,10.29217,0.0,,15.1,14.0,0.219,13.3,0.196,1.79,icon_d2
2026-10-06,W0133,52.2122,10.3363,0.0,,14.8,14.0,0.219,13.3,0.196,1.77,icon_d2
2026-10-06,W1246,52.22117,10.3513,0.0,,15.1,13.9,0.203,12.9,0.166,1.8,icon_d2
2026-10-06,W1247,52.22117,10.38086,0.0,,15.2,13.9,0.203,12.9,0.166,1.82,icon_d2
2026-10-06,W1248,52.22117,10.41042,0.0,,15.5,14.4,0.201,13.6,0.149,1.83,icon_d2
2026-10-06,W1249,52.22117,10.43999,0.0,,15.3,14.4,0.201,13.6,0.149,1.81,icon_d2
2026-10-06,W1250,52.22117,10.46955,0.0,,15.5,14.4,0.201,13.6,0.149,1.84,icon_d2
2026-10-06,W1251,52.22117,10.49912,0.0,,15.4,14.4,0.201,13.6,0.149,1.85,icon_d2
2026-10-06,W0134,52.2122,10.5431,0.0,,15.1,14.4,0.177,13.5,0.151,1.81,icon_d2
2026-10-06,W0135,52.2122,10.5726,0.0,,14.8,13.5,0.206,12.5,0.163,1.74,icon_d2
2026-10-06,W0136,52.2122,10.6021,0.0,,15.0,13.5,0.206,12.5,0.163,1.75,icon_d2
2026-10-06,W1252,52.22117,10.61737,0.0,,14.5,13.5,0.206,12.5,0.163,1.76,icon_d2
2026-10-06,W1253,52.22117,10.64694,0.0,,14.3,13.5,0.206,12.5,0.163,1.76,icon_d2
2026-10-06,W1254,52.22117,10.6765,0.0,,15.1,13.8,0.195,12.7,0.156,1.78,icon_d2
2026-10-06,W0137,52.2122,10.7203,0.0,,14.7,13.1,0.21,12.4,0.149,1.75,icon_d2
2026-10-06,W0138,52.2122,10.7498,0.0,,14.9,13.9,0.21,13.2,0.149,1.76,icon_d2
2026-10-06,W0139,52.2122,10.7794,0.0,,14.4,12.8,0.21,12.1,0.149,1.69,icon_d2
2026-10-06,W0140,52.2122,10.8089,0.0,,14.7,13.0,0.21,12.2,0.149,1.73,icon_d2
2026-10-06,W0141,52.2122,10.8384,0.0,,15.3,13.9,0.21,13.2,0.149,1.73,icon_d2
2026-10-06,W1598,52.22117,10.85389,0.0,,15.8,13.9,0.196,12.9,0.15,1.75,icon_d2
2026-10-06,W0142,52.2122,10.8975,0.0,,14.5,14.0,0.198,13.0,0.147,1.68,icon_d2
2026-10-06,W0143,52.2122,10.9271,0.0,,14.5,14.0,0.198,13.0,0.147,1.64,icon_d2
2026-10-06,W0144,52.2122,10.9566,0.0,,14.3,14.0,0.198,13.0,0.147,1.63,icon_d2
2026-10-06,W0145,52.2122,10.9861,0.0,,14.2,14.0,0.198,13.0,0.147,1.64,icon_d2
2026-10-06,W0146,52.2122,11.0157,0.0,,15.1,14.0,0.198,13.0,0.147,1.68,icon_d2
2026-10-06,W0147,52.2122,11.0452,0.0,,14.1,14.1,0.21,13.1,0.145,1.66,icon_d2
2026-10-06,W0148,52.2122,11.0747,0.0,,14.7,14.1,0.21,13.1,0.145,1.68,icon_d2
2026-10-06,W0149,52.2122,11.1043,0.0,,15.1,14.1,0.21,13.1,0.145,1.71,icon_d2
2026-10-06,W0150,52.2122,11.1338,0.0,,14.9,14.1,0.21,13.1,0.145,1.72,icon_d2
2026-10-06,W1255,52.22117,11.14953,0.0,,14.6,14.1,0.21,13.1,0.145,1.71,icon_d2
2026-10-06,W1256,52.23919,10.11478,0.0,,14.7,13.9,0.237,13.2,0.225,1.76,icon_d2
2026-10-06,W1257,52.23919,10.14435,0.0,,15.0,13.9,0.237,13.2,0.225,1.79,icon_d2
2026-10-06,W1258,52.23919,10.17391,0.0,,15.0,13.9,0.237,13.2,0.225,1.78,icon_d2
2026-10-06,W1259,52.23919,10.20347,0.0,,15.0,13.9,0.237,13.2,0.225,1.74,icon_d2
2026-10-06,W1260,52.23919,10.23304,0.0,,15.0,14.0,0.219,13.3,0.196,1.75,icon_d2
2026-10-06,W1261,52.23919,10.2626,0.0,,15.1,14.0,0.219,13.3,0.196,1.75,icon_d2
2026-10-06,W1262,52.23919,10.29217,0.0,,15.1,13.9,0.203,12.9,0.166,1.81,icon_d2
2026-10-06,W1263,52.23919,10.32173,0.0,,15.2,13.9,0.203,12.9,0.166,1.79,icon_d2
2026-10-06,W1264,52.23919,10.3513,0.0,,14.9,13.9,0.203,12.9,0.166,1.77,icon_d2
2026-10-06,W1265,52.23919,10.38086,0.0,,14.8,13.9,0.203,12.9,0.166,1.75,icon_d2
2026-10-06,W1266,52.23919,10.41042,0.0,,15.2,14.4,0.201,13.6,0.149,1.76,icon_d2
2026-10-06,W1267,52.23919,10.43999,0.0,,15.3,14.4,0.201,13.6,0.149,1.76,icon_d2
2026-10-06,W1268,52.23919,10.46955,0.0,,15.4,14.4,0.177,13.5,0.151,1.77,icon_d2
2026-10-06,W1269,52.23919,10.49912,0.0,,15.6,14.4,0.177,13.5,0.151,1.8,icon_d2
2026-10-06,W0151,52.2302,10.5431,0.0,,15.1,14.4,0.177,13.5,0.151,1.79,icon_d2
2026-10-06,W0152,52.2302,10.5726,0.0,,14.9,13.5,0.206,12.5,0.163,1.78,icon_d2
2026-10-06,W0153,52.2302,10.6021,0.0,,14.7,13.5,0.206,12.5,0.163,1.77,icon_d2
2026-10-06,W0154,52.2302,10.6317,0.0,,14.8,13.5,0.206,12.5,0.163,1.76,icon_d2
2026-10-06,W0155,52.2302,10.6612,0.0,,14.8,13.8,0.195,12.7,0.156,1.77,icon_d2
2026-10-06,W1270,52.23919,10.6765,0.0,,14.8,13.8,0.195,12.7,0.156,1.78,icon_d2
2026-10-06,W0156,52.2302,10.7203,0.0,,15.0,13.9,0.21,13.2,0.149,1.81,icon_d2
2026-10-06,W0157,52.2302,10.7498,0.0,,14.8,13.2,0.21,12.4,0.149,1.75,icon_d2
2026-10-06,W0158,52.2302,10.7794,0.0,,14.9,13.0,0.21,12.3,0.149,1.84,icon_d2
2026-10-06,W0159,52.2302,10.8089,0.0,,15.3,13.9,0.21,13.2,0.149,1.79,icon_d2
2026-10-06,W0160,52.2302,10.8384,0.0,,15.9,13.9,0.196,12.9,0.15,1.76,icon_d2
2026-10-06,W1271,52.23919,10.85389,0.0,,16.2,13.9,0.196,12.9,0.15,1.78,icon_d2
2026-10-06,W1272,52.23919,10.88345,0.0,,15.3,13.9,0.196,12.9,0.15,1.72,icon_d2
2026-10-06,W1273,52.23919,10.91302,0.0,,14.6,14.0,0.198,13.0,0.147,1.66,icon_d2
2026-10-06,W1274,52.23919,10.94258,0.0,,14.5,14.0,0.198,13.0,0.147,1.65,icon_d2
2026-10-06,W1275,52.23919,10.97214,0.0,,14.6,14.1,0.207,13.3,0.153,1.68,icon_d2
2026-10-06,W0161,52.2302,11.0157,0.0,,14.6,14.1,0.207,13.3,0.153,1.67,icon_d2
2026-10-06,W0162,52.2302,11.0452,0.0,,15.0,14.1,0.207,13.3,0.153,1.64,icon_d2
2026-10-06,W0163,52.2302,11.0747,0.0,,14.8,14.1,0.21,13.1,0.145,1.64,icon_d2
2026-10-06,W0164,52.2302,11.1043,0.0,,15.0,14.1,0.21,13.1,0.145,1.71,icon_d2
2026-10-06,W1276,52.23919,11.11997,0.0,,14.6,14.1,0.207,13.2,0.148,1.71,icon_d2
2026-10-06,W1277,52.23919,11.14953,0.0,,14.7,14.1,0.207,13.2,0.148,1.73,icon_d2
2026-10-06,W1278,52.25721,10.11478,0.0,,15.0,13.9,0.237,13.2,0.225,1.77,icon_d2
2026-10-06,W0165,52.2482,10.1591,0.0,,14.9,13.9,0.237,13.2,0.225,1.78,icon_d2
2026-10-06,W0181,52.2662,10.1886,0.0,,15.2,13.9,0.237,13.2,0.225,1.78,icon_d2
2026-10-06,W1279,52.25721,10.20347,0.0,,15.2,13.9,0.237,13.2,0.225,1.76,icon_d2
2026-10-06,W0182,52.2662,10.2477,0.0,,15.3,13.9,0.203,12.9,0.166,1.77,icon_d2
2026-10-06,W0183,52.2662,10.2772,0.0,,15.0,13.9,0.203,12.9,0.166,1.76,icon_d2
2026-10-06,W0184,52.2662,10.3068,0.0,,15.1,13.9,0.203,12.9,0.166,1.76,icon_d2
2026-10-06,W1280,52.25721,10.32173,0.0,,15.0,13.9,0.203,12.9,0.166,1.77,icon_d2
2026-10-06,W1281,52.25721,10.3513,0.0,,14.9,13.9,0.203,12.9,0.166,1.77,icon_d2
2026-10-06,W1282,52.25721,10.38086,0.0,,14.6,13.9,0.203,12.9,0.166,1.75,icon_d2
2026-10-06,W1283,52.25721,10.41042,0.0,,15.0,14.4,0.177,13.5,0.151,1.75,icon_d2
2026-10-06,W0166,52.2482,10.4545,0.0,,15.2,14.4,0.177,13.5,0.151,1.76,icon_d2
2026-10-06,W1285,52.25721,10.46955,0.0,,15.2,14.4,0.177,13.5,0.151,1.74,icon_d2
2026-10-06,W0167,52.2482,10.5135,0.0,,15.5,14.4,0.177,13.5,0.151,1.79,icon_d2
2026-10-06,W1287,52.25721,10.52868,0.0,,15.7,14.4,0.177,13.5,0.151,1.78,icon_d2
2026-10-06,W1288,52.25721,10.55825,0.0,,15.3,14.4,0.177,13.5,0.151,1.78,icon_d2
2026-10-06,W0185,52.2662,10.6021,0.0,,14.7,13.8,0.195,12.7,0.156,1.75,icon_d2
2026-10-06,W0186,52.2662,10.6317,0.0,,15.0,13.8,0.195,12.7,0.156,1.78,icon_d2
2026-10-06,W0187,52.2662,10.6612,0.0,,14.7,13.8,0.195,12.7,0.156,1.78,icon_d2
2026-10-06,W0170,52.2482,10.6908,0.0,,15.5,13.8,0.195,12.7,0.156,1.83,icon_d2
2026-10-06,W0188,52.2662,10.7203,0.0,,15.7,13.8,0.195,12.7,0.156,1.82,icon_d2
2026-10-06,W0171,52.2482,10.7498,0.0,,15.3,13.9,0.196,12.9,0.15,1.85,icon_d2
2026-10-06,W0172,52.2482,10.7794,0.0,,15.5,13.9,0.196,12.9,0.15,1.87,icon_d2
2026-10-06,W0173,52.2482,10.8089,0.0,,15.8,13.9,0.196,12.9,0.15,1.81,icon_d2
2026-10-06,W1293,52.25721,10.82432,0.0,,15.7,13.9,0.196,12.9,0.15,1.78,icon_d2
2026-10-06,W0189,52.2662,10.868,0.0,,14.2,13.9,0.196,12.9,0.15,1.76,icon_d2
2026-10-06,W0190,52.2662,10.8975,0.0,,13.2,14.1,0.207,13.3,0.153,1.74,icon_d2
2026-10-06,W1294,52.25721,10.91302,0.0,,13.4,14.1,0.207,13.3,0.153,1.74,icon_d2
2026-10-06,W0191,52.2662,10.9566,0.0,,14.0,14.1,0.207,13.3,0.153,1.73,icon_d2
2026-10-06,W0192,52.2662,10.9861,0.0,,14.2,14.1,0.207,13.3,0.153,1.69,icon_d2
2026-10-06,W0193,52.2662,11.0157,0.0,,15.0,14.1,0.207,13.3,0.153,1.69,icon_d2
2026-10-06,W0194,52.2662,11.0452,0.0,,15.0,14.1,0.207,13.3,0.153,1.66,icon_d2
2026-10-06,W0195,52.2662,11.0747,0.0,,15.1,14.1,0.207,13.2,0.148,1.64,icon_d2
2026-10-06,W0196,52.2662,11.1043,0.0,,14.7,14.1,0.207,13.2,0.148,1.66,icon_d2
2026-10-06,W0197,52.2662,11.1338,0.0,,14.1,14.1,0.207,13.2,0.148,1.64,icon_d2
2026-10-06,W1606,52.25721,11.14953,0.0,,14.1,14.1,0.207,13.2,0.148,1.69,icon_d2
2026-10-06,W0198,52.2842,10.1,0.0,,15.3,13.9,0.237,13.2,0.225,1.8,icon_d2
2026-10-06,W1295,52.27523,10.14435,0.0,,15.2,13.9,0.237,13.2,0.225,1.78,icon_d2
2026-10-06,W0199,52.2842,10.1886,0.0,,15.0,13.9,0.237,13.2,0.225,1.76,icon_d2
2026-10-06,W1296,52.27523,10.20347,0.0,,15.1,13.9,0.237,13.2,0.225,1.77,icon_d2
2026-10-06,W0200,52.2842,10.2477,0.0,,15.2,13.9,0.203,12.9,0.166,1.76,icon_d2
2026-10-06,W1297,52.27523,10.2626,0.0,,15.0,13.9,0.203,12.9,0.166,1.75,icon_d2
2026-10-06,W1298,52.27523,10.29217,0.0,,15.1,13.9,0.203,12.9,0.166,1.76,icon_d2
2026-10-06,W0201,52.2842,10.3363,0.0,,15.0,13.9,0.203,12.9,0.166,1.75,icon_d2
2026-10-06,W0202,52.2842,10.3658,0.0,,14.8,13.9,0.203,12.9,0.166,1.73,icon_d2
2026-10-06,W0203,52.2842,10.3954,0.0,,14.5,13.5,0.219,12.5,0.209,1.71,icon_d2
2026-10-06,W1299,52.27523,10.41042,0.0,,14.5,14.4,0.177,13.5,0.151,1.71,icon_d2
2026-10-06,W0204,52.2842,10.4545,0.0,,15.1,14.4,0.177,13.5,0.151,1.7,icon_d2
2026-10-06,W1300,52.27523,10.46955,0.0,,15.2,14.4,0.177,13.5,0.151,1.71,icon_d2
2026-10-06,W0205,52.2842,10.5135,0.0,,15.7,14.4,0.177,13.5,0.151,1.73,icon_d2
2026-10-06,W0206,52.2842,10.5431,0.0,,15.4,14.4,0.177,13.5,0.151,1.74,icon_d2
2026-10-06,W0207,52.2842,10.5726,0.0,,15.1,13.8,0.195,12.7,0.156,1.78,icon_d2
2026-10-06,W0208,52.2842,10.6021,0.0,,14.7,13.8,0.195,12.7,0.156,1.77,icon_d2
2026-10-06,W0209,52.2842,10.6317,0.0,,14.5,13.8,0.195,12.7,0.156,1.75,icon_d2
2026-10-06,W1301,52.27523,10.64694,0.0,,14.7,13.8,0.195,12.7,0.156,1.78,icon_d2
2026-10-06,W1302,52.27523,10.6765,0.0,,15.0,13.8,0.195,12.7,0.156,1.8,icon_d2
2026-10-06,W0210,52.2842,10.7203,0.0,,15.2,13.8,0.195,12.7,0.156,1.8,icon_d2
2026-10-06,W1303,52.27523,10.73563,0.0,,15.0,13.9,0.196,12.9,0.15,1.82,icon_d2
2026-10-06,W1304,52.27523,10.76519,0.0,,15.8,13.9,0.196,12.9,0.15,1.89,icon_d2
2026-10-06,W0211,52.2842,10.8089,0.0,,14.3,13.9,0.196,12.9,0.15,1.77,icon_d2
2026-10-06,W0212,52.2842,10.8384,0.0,,14.7,13.9,0.196,12.9,0.15,1.76,icon_d2
2026-10-06,W0213,52.2842,10.868,0.0,,13.5,13.9,0.196,12.9,0.15,1.74,icon_d2
2026-10-06,W0214,52.2842,10.8975,0.0,,13.8,13.6,0.213,12.5,0.182,1.75,icon_d2
2026-10-06,W1305,52.27523,10.91302,0.0,,13.5,14.1,0.207,13.3,0.153,1.74,icon_d2
2026-10-06,W1306,52.27523,10.94258,0.0,,14.1,14.1,0.207,13.3,0.153,1.77,icon_d2
2026-10-06,W1307,52.27523,10.97214,0.0,,14.8,14.1,0.207,13.3,0.153,1.72,icon_d2
2026-10-06,W0215,52.2842,11.0157,0.0,,14.9,14.1,0.207,13.3,0.153,1.69,icon_d2
2026-10-06,W0216,52.2842,11.0452,0.0,,15.3,14.1,0.207,13.3,0.153,1.74,icon_d2
2026-10-06,W0217,52.2842,11.0747,0.0,,14.8,14.1,0.207,13.2,0.148,1.68,icon_d2
2026-10-06,W0218,52.2842,11.1043,0.0,,14.9,14.1,0.207,13.2,0.148,1.7,icon_d2
2026-10-06,W0219,52.2842,11.1338,0.0,,15.3,14.1,0.207,13.2,0.148,1.71,icon_d2
2026-10-06,W1308,52.27523,11.14953,0.0,,15.1,14.1,0.207,13.2,0.148,1.7,icon_d2
2026-10-06,W1309,52.29324,10.11478,0.0,,15.3,13.9,0.237,13.2,0.225,1.8,icon_d2
2026-10-06,W1310,52.29324,10.14435,0.0,,15.3,13.9,0.237,13.2,0.225,1.8,icon_d2
2026-10-06,W1311,52.29324,10.17391,0.0,,15.1,13.9,0.237,13.2,0.225,1.77,icon_d2
2026-10-06,W1312,52.29324,10.20347,0.0,,15.2,13.9,0.214,13.1,0.181,1.77,icon_d2
2026-10-06,W1313,52.29324,10.23304,0.0,,15.1,13.9,0.214,13.1,0.181,1.74,icon_d2
2026-10-06,W1314,52.29324,10.2626,0.0,,14.9,13.9,0.203,12.9,0.166,1.75,icon_d2
2026-10-06,W1315,52.29324,10.29217,0.0,,15.0,13.9,0.203,12.9,0.166,1.73,icon_d2
2026-10-06,W1316,52.29324,10.32173,0.0,,15.1,13.9,0.203,12.9,0.166,1.74,icon_d2
2026-10-06,W1317,52.29324,10.3513,0.0,,14.7,13.9,0.203,12.9,0.166,1.69,icon_d2
2026-10-06,W1318,52.29324,10.38086,0.0,,14.9,13.5,0.219,12.5,0.209,1.71,icon_d2
2026-10-06,W1319,52.29324,10.41042,0.0,,14.9,14.4,0.177,13.5,0.151,1.72,icon_d2
2026-10-06,W1320,52.29324,10.43999,0.0,,14.7,14.4,0.177,13.5,0.151,1.7,icon_d2
2026-10-06,W1321,52.29324,10.46955,0.0,,14.8,14.4,0.177,13.5,0.151,1.7,icon_d2
2026-10-06,W1322,52.29324,10.49912,0.0,,15.3,14.4,0.177,13.5,0.151,1.71,icon_d2
2026-10-06,W1323,52.29324,10.52868,0.0,,15.0,13.9,0.201,12.9,0.185,1.73,icon_d2
2026-10-06,W1324,52.29324,10.55825,0.0,,14.9,13.9,0.201,12.9,0.185,1.78,icon_d2
2026-10-06,W1325,52.29324,10.58781,0.0,,14.9,13.8,0.195,12.7,0.156,1.78,icon_d2
2026-10-06,W1326,52.29324,10.61737,0.0,,14.7,13.8,0.195,12.7,0.156,1.73,icon_d2
2026-10-06,W1327,52.29324,10.64694,0.0,,14.6,13.8,0.195,12.7,0.156,1.73,icon_d2
2026-10-06,W1328,52.29324,10.6765,0.0,,14.8,13.8,0.195,12.7,0.156,1.77,icon_d2
2026-10-06,W1329,52.29324,10.70607,0.0,,14.6,13.8,0.209,12.8,0.186,1.75,icon_d2
2026-10-06,W1330,52.29324,10.73563,0.0,,14.9,13.8,0.209,12.8,0.186,1.8,icon_d2
2026-10-06,W1331,52.29324,10.76519,0.0,,14.9,13.9,0.196,12.9,0.15,1.8,icon_d2
2026-10-06,W1332,52.29324,10.79476,0.0,,14.6,13.9,0.196,12.9,0.15,1.78,icon_d2
2026-10-06,W1333,52.29324,10.82432,0.0,,14.6,13.9,0.196,12.9,0.15,1.77,icon_d2
2026-10-06,W1334,52.29324,10.85389,0.0,,14.1,13.9,0.196,12.9,0.15,1.76,icon_d2
2026-10-06,W1335,52.29324,10.88345,0.0,,14.5,13.6,0.213,12.5,0.182,1.75,icon_d2
2026-10-06,W1336,52.29324,10.91302,0.0,,14.2,14.1,0.207,13.3,0.153,1.79,icon_d2
2026-10-06,W1337,52.29324,10.94258,0.0,,14.4,14.1,0.207,13.3,0.153,1.78,icon_d2
2026-10-06,W1338,52.29324,10.97214,0.0,,14.8,14.1,0.207,13.3,0.153,1.72,icon_d2
2026-10-06,W1339,52.29324,11.00171,0.0,,14.6,14.1,0.207,13.3,0.153,1.71,icon_d2
2026-10-06,W1340,52.29324,11.03127,0.0,,14.9,13.7,0.226,12.8,0.196,1.73,icon_d2
2026-10-06,W1341,52.29324,11.06084,0.0,,15.3,13.7,0.226,12.8,0.196,1.74,icon_d2
2026-10-06,W1342,52.29324,11.0904,0.0,,14.8,14.1,0.207,13.2,0.148,1.68,icon_d2
2026-10-06,W1343,52.29324,11.11997,0.0,,14.8,14.1,0.207,13.2,0.148,1.7,icon_d2
2026-10-06,W1344,52.29324,11.14953,0.0,,15.2,14.1,0.207,13.2,0.148,1.74,icon_d2
2026-10-06,W1345,52.31126,10.11478,0.0,,15.2,13.9,0.237,13.2,0.225,1.72,icon_d2
2026-10-06,W1346,52.31126,10.14435,0.0,,15.3,13.9,0.214,13.1,0.181,1.76,icon_d2
2026-10-06,W0220,52.3023,10.1886,0.0,,15.1,13.9,0.214,13.1,0.181,1.74,icon_d2
2026-10-06,W1347,52.31126,10.20347,0.0,,15.1,13.9,0.214,13.1,0.181,1.7,icon_d2
2026-10-06,W1348,52.31126,10.23304,0.0,,15.2,13.9,0.214,13.1,0.181,1.72,icon_d2
2026-10-06,W0221,52.3023,10.2772,0.0,,15.0,13.9,0.203,12.9,0.166,1.73,icon_d2
2026-10-06,W0222,52.3023,10.3068,0.0,,15.0,13.9,0.203,12.9,0.166,1.73,icon_d2
2026-10-06,W0223,52.3023,10.3363,0.0,,14.6,13.5,0.219,12.5,0.209,1.69,icon_d2
2026-10-06,W0224,52.3023,10.3658,0.0,,14.8,13.5,0.219,12.5,0.209,1.71,icon_d2
2026-10-06,W1349,52.31126,10.38086,0.0,,14.9,13.5,0.219,12.5,0.209,1.75,icon_d2
2026-10-06,W0225,52.3023,10.4249,0.0,,14.8,14.4,0.177,13.5,0.151,1.7,icon_d2
2026-10-06,W1350,52.31126,10.43999,0.0,,14.7,14.4,0.177,13.5,0.151,1.72,icon_d2
2026-10-06,W1351,52.31126,10.46955,0.0,,14.9,13.9,0.201,12.9,0.185,1.73,icon_d2
2026-10-06,W1352,52.31126,10.49912,0.0,,15.3,13.9,0.201,12.9,0.185,1.72,icon_d2
2026-10-06,W0226,52.3023,10.5431,0.0,,15.1,13.9,0.201,12.9,0.185,1.71,icon_d2
2026-10-06,W0227,52.3023,10.5726,0.0,,14.8,13.9,0.201,12.9,0.185,1.75,icon_d2
2026-10-06,W1353,52.31126,10.58781,0.0,,14.8,13.8,0.195,12.7,0.156,1.75,icon_d2
2026-10-06,W0228,52.3023,10.6317,0.0,,14.7,13.8,0.195,12.7,0.156,1.73,icon_d2
2026-10-06,W0229,52.3023,10.6612,0.0,,14.5,13.8,0.209,12.8,0.186,1.73,icon_d2
2026-10-06,W0230,52.3023,10.6908,0.0,,14.4,13.8,0.209,12.8,0.186,1.75,icon_d2
2026-10-06,W0231,52.3023,10.7203,0.0,,14.5,13.8,0.209,12.8,0.186,1.75,icon_d2
2026-10-06,W1354,52.31126,10.73563,0.0,,14.6,13.8,0.209,12.8,0.186,1.73,icon_d2
2026-10-06,W1355,52.31126,10.76519,0.0,,14.6,13.9,0.196,12.9,0.15,1.76,icon_d2
2026-10-06,W0232,52.3023,10.8089,0.0,,14.6,13.9,0.196,12.9,0.15,1.76,icon_d2
2026-10-06,W0233,52.3023,10.8384,0.0,,14.1,13.6,0.213,12.5,0.182,1.76,icon_d2
2026-10-06,W0234,52.3023,10.868,0.0,,14.0,13.6,0.213,12.5,0.182,1.77,icon_d2
2026-10-06,W0235,52.3023,10.8975,0.0,,14.5,13.6,0.213,12.5,0.182,1.79,icon_d2
2026-10-06,W0236,52.3023,10.9271,0.0,,14.0,14.1,0.207,13.3,0.153,1.77,icon_d2
2026-10-06,W1356,52.31126,10.94258,0.0,,14.5,14.1,0.207,13.3,0.153,1.77,icon_d2
2026-10-06,W0237,52.3023,10.9861,0.0,,14.7,14.1,0.207,13.3,0.153,1.71,icon_d2
2026-10-06,W0238,52.3023,11.0157,0.0,,15.1,13.7,0.226,12.8,0.196,1.74,icon_d2
2026-10-06,W0239,52.3023,11.0452,0.0,,15.4,13.7,0.226,12.8,0.196,1.75,icon_d2
2026-10-06,W0240,52.3023,11.0747,0.0,,15.1,14.1,0.207,13.2,0.148,1.74,icon_d2
2026-10-06,W0241,52.3023,11.1043,0.0,,15.0,14.1,0.207,13.2,0.148,1.71,icon_d2
2026-10-06,W0242,52.3023,11.1338,0.0,,15.1,14.1,0.207,13.2,0.148,1.72,icon_d2
2026-10-06,W1357,52.31126,11.14953,0.0,,15.2,14.4,0.209,13.7,0.146,1.77,icon_d2
2026-10-06,W1358,52.32928,10.11478,0.0,,15.2,13.9,0.214,13.1,0.181,1.72,icon_d2
2026-10-06,W1359,52.32928,10.14435,0.0,,15.3,13.9,0.214,13.1,0.181,1.71,icon_d2
2026-10-06,W1360,52.32928,10.17391,0.0,,15.3,13.9,0.214,13.1,0.181,1.71,icon_d2
2026-10-06,W0243,52.3203,10.2182,0.0,,15.1,13.9,0.214,13.1,0.181,1.71,icon_d2
2026-10-06,W1361,52.32928,10.23304,0.0,,15.3,13.9,0.214,13.1,0.181,1.71,icon_d2
2026-10-06,W1362,52.32928,10.2626,0.0,,15.2,13.5,0.219,12.5,0.209,1.71,icon_d2
2026-10-06,W0244,52.3203,10.3068,0.0,,14.7,13.5,0.219,12.5,0.209,1.68,icon_d2
2026-10-06,W0245,52.3203,10.3363,0.0,,14.9,13.5,0.219,12.5,0.209,1.7,icon_d2
2026-10-06,W1363,52.32928,10.3513,0.0,,14.9,13.5,0.219,12.5,0.209,1.7,icon_d2
2026-10-06,W1364,52.32928,10.38086,0.0,,14.8,13.5,0.219,12.5,0.209,1.71,icon_d2
2026-10-06,W1365,52.32928,10.41042,0.0,,14.8,13.5,0.219,12.5,0.209,1.74,icon_d2
2026-10-06,W1366,52.32928,10.43999,0.0,,14.8,13.9,0.201,12.9,0.185,1.74,icon_d2
2026-10-06,W1367,52.32928,10.46955,0.0,,14.9,13.9,0.201,12.9,0.185,1.73,icon_d2
2026-10-06,W1368,52.32928,10.49912,0.0,,15.3,13.9,0.201,12.9,0.185,1.7,icon_d2
2026-10-06,W1369,52.32928,10.52868,0.0,,15.2,13.9,0.201,12.9,0.185,1.71,icon_d2
2026-10-06,W0246,52.3203,10.5726,0.0,,14.8,13.9,0.201,12.9,0.185,1.71,icon_d2
2026-10-06,W0247,52.3203,10.6021,0.0,,14.8,13.8,0.209,12.8,0.186,1.72,icon_d2
2026-10-06,W0248,52.3203,10.6317,0.0,,14.8,13.8,0.209,12.8,0.186,1.72,icon_d2
2026-10-06,W0249,52.3203,10.6612,0.0,,14.4,13.8,0.209,12.8,0.186,1.72,icon_d2
2026-10-06,W0250,52.3203,10.6908,0.0,,14.5,13.8,0.209,12.8,0.186,1.74,icon_d2
2026-10-06,W0251,52.3203,10.7203,0.0,,14.3,13.8,0.209,12.8,0.186,1.72,icon_d2
2026-10-06,W0252,52.3203,10.7498,0.0,,14.6,13.9,0.196,12.9,0.15,1.76,icon_d2
2026-10-06,W1370,52.32928,10.76519,0.0,,14.7,13.6,0.213,12.5,0.182,1.76,icon_d2
2026-10-06,W1371,52.32928,10.79476,0.0,,14.2,13.6,0.213,12.5,0.182,1.75,icon_d2
2026-10-06,W0253,52.3203,10.8384,0.0,,13.9,13.6,0.213,12.5,0.182,1.75,icon_d2
2026-10-06,W0254,52.3203,10.868,0.0,,14.4,13.6,0.213,12.5,0.182,1.77,icon_d2
2026-10-06,W1372,52.32928,10.88345,0.0,,14.4,13.6,0.213,12.5,0.182,1.78,icon_d2
2026-10-06,W0255,52.3203,10.9271,0.0,,14.4,14.1,0.207,13.3,0.153,1.75,icon_d2
2026-10-06,W0256,52.3203,10.9566,0.0,,14.7,13.7,0.226,12.8,0.196,1.76,icon_d2
2026-10-06,W0257,52.3203,10.9861,0.0,,14.9,13.7,0.226,12.8,0.196,1.77,icon_d2
2026-10-06,W1373,52.32928,11.00171,0.0,,15.1,13.7,0.226,12.8,0.196,1.78,icon_d2
2026-10-06,W0258,52.3203,11.0452,0.0,,15.0,13.7,0.226,12.8,0.196,1.79,icon_d2
2026-10-06,W1374,52.32928,11.06084,0.0,,14.9,13.7,0.226,12.8,0.196,1.8,icon_d2
2026-10-06,W1375,52.32928,11.0904,0.0,,15.1,14.4,0.209,13.7,0.146,1.8,icon_d2
2026-10-06,W1376,52.32928,11.11997,0.0,,15.0,14.4,0.209,13.7,0.146,1.82,icon_d2
2026-10-06,W1377,52.32928,11.14953,0.0,,15.3,14.4,0.209,13.7,0.146,1.8,icon_d2
2026-10-06,W0260,52.3383,10.1295,0.0,,15.1,13.9,0.214,13.1,0.181,1.67,icon_d2
2026-10-06,W1378,52.3473,10.14435,0.0,,15.3,13.9,0.214,13.1,0.181,1.68,icon_d2
2026-10-06,W1379,52.3473,10.17391,0.0,,15.4,13.9,0.214,13.1,0.181,1.7,icon_d2
2026-10-06,W1380,52.3473,10.20347,0.0,,15.4,13.9,0.214,13.1,0.181,1.7,icon_d2
2026-10-06,W1381,52.3473,10.23304,0.0,,15.4,13.9,0.214,13.1,0.181,1.71,icon_d2
2026-10-06,W0281,52.3563,10.2772,0.0,,15.2,13.5,0.219,12.5,0.209,1.7,icon_d2
2026-10-06,W0282,52.3563,10.3068,0.0,,15.0,13.5,0.219,12.5,0.209,1.7,icon_d2
2026-10-06,W0261,52.3383,10.3363,0.0,,14.9,13.5,0.219,12.5,0.209,1.7,icon_d2
2026-10-06,W0262,52.3383,10.3658,0.0,,15.0,13.5,0.219,12.5,0.209,1.72,icon_d2
2026-10-06,W1382,52.3473,10.38086,0.0,,14.9,13.5,0.219,12.5,0.209,1.72,icon_d2
2026-10-06,W0285,52.3563,10.4249,0.0,,14.9,13.9,0.201,12.9,0.185,1.7,icon_d2
2026-10-06,W1383,52.3473,10.43999,0.0,,14.8,13.9,0.201,12.9,0.185,1.73,icon_d2
2026-10-06,W0263,52.3383,10.484,0.0,,14.6,13.9,0.201,12.9,0.185,1.73,icon_d2
2026-10-06,W0264,52.3383,10.5135,0.0,,14.9,13.9,0.201,12.9,0.185,1.7,icon_d2
2026-10-06,W1384,52.3473,10.52868,0.0,,14.8,13.9,0.201,12.9,0.185,1.71,icon_d2
2026-10-06,W0265,52.3383,10.5726,0.0,,14.7,13.9,0.201,12.9,0.185,1.71,icon_d2
2026-10-06,W0266,52.3383,10.6021,0.0,,14.5,13.8,0.209,12.8,0.186,1.69,icon_d2
2026-10-06,W0267,52.3383,10.6317,0.0,,14.6,13.8,0.209,12.8,0.186,1.71,icon_d2
2026-10-06,W0268,52.3383,10.6612,0.0,,14.6,13.8,0.209,12.8,0.186,1.68,icon_d2
2026-10-06,W0269,52.3383,10.6908,0.0,,14.2,13.8,0.209,12.8,0.186,1.71,icon_d2
2026-10-06,W0270,52.3383,10.7203,0.0,,13.9,13.8,0.209,12.8,0.186,1.68,icon_d2
2026-10-06,W0271,52.3383,10.7498,0.0,,14.5,13.8,0.209,12.8,0.186,1.72,icon_d2
2026-10-06,W1385,52.3473,10.76519,0.0,,14.5,13.6,0.213,12.5,0.182,1.73,icon_d2
2026-10-06,W0293,52.3563,10.8089,0.0,,14.9,13.6,0.213,12.5,0.182,1.71,icon_d2
2026-10-06,W0294,52.3563,10.8384,0.0,,14.6,13.6,0.213,12.5,0.182,1.72,icon_d2
2026-10-06,W0272,52.3383,10.868,0.0,,14.3,13.6,0.213,12.5,0.182,1.75,icon_d2
2026-10-06,W0273,52.3383,10.8975,0.0,,14.9,13.6,0.213,12.5,0.182,1.79,icon_d2
2026-10-06,W0274,52.3383,10.9271,0.0,,15.0,13.7,0.226,12.8,0.196,1.79,icon_d2
2026-10-06,W0275,52.3383,10.9566,0.0,,15.3,13.7,0.226,12.8,0.196,1.78,icon_d2
2026-10-06,W0276,52.3383,10.9861,0.0,,15.1,13.7,0.226,12.8,0.196,1.83,icon_d2
2026-10-06,W0297,52.3563,11.0157,0.0,,15.0,13.7,0.226,12.8,0.196,1.82,icon_d2
2026-10-06,W0298,52.3563,11.0452,0.0,,15.0,13.7,0.226,12.8,0.196,1.82,icon_d2
2026-10-06,W0299,52.3563,11.0747,0.0,,14.6,14.3,0.211,13.7,0.163,1.77,icon_d2
2026-10-06,W0277,52.3383,11.1043,0.0,,14.9,14.4,0.209,13.7,0.146,1.79,icon_d2
2026-10-06,W0278,52.3383,11.1338,0.0,,15.4,14.4,0.209,13.7,0.146,1.81,icon_d2
2026-10-06,W1386,52.3473,11.14953,0.0,,15.2,14.4,0.209,13.7,0.146,1.8,icon_d2
2026-10-06,W0302,52.3743,10.1,0.0,,14.9,13.9,0.214,13.1,0.181,1.62,icon_d2
2026-10-06,W1387,52.36532,10.14435,0.0,,15.3,13.9,0.214,13.1,0.181,1.67,icon_d2
2026-10-06,W0303,52.3743,10.1886,0.0,,15.0,13.2,0.248,12.3,0.221,1.65,icon_d2
2026-10-06,W1388,52.36532,10.20347,0.0,,15.1,13.2,0.248,12.3,0.221,1.68,icon_d2
2026-10-06,W1389,52.36532,10.23304,0.0,,15.3,13.2,0.248,12.3,0.221,1.68,icon_d2
2026-10-06,W1390,52.36532,10.2626,0.0,,15.2,13.5,0.219,12.5,0.209,1.7,icon_d2
2026-10-06,W0304,52.3743,10.3068,0.0,,15.0,13.5,0.219,12.5,0.209,1.66,icon_d2
2026-10-06,W0305,52.3743,10.3363,0.0,,15.0,13.5,0.219,12.5,0.209,1.65,icon_d2
2026-10-06,W0306,52.3743,10.3658,0.0,,15.2,13.1,0.246,12.1,0.233,1.69,icon_d2
2026-10-06,W0307,52.3743,10.3954,0.0,,15.1,13.1,0.246,12.1,0.233,1.67,icon_d2
2026-10-06,W0308,52.3743,10.4249,0.0,,14.9,13.1,0.246,12.1,0.233,1.68,icon_d2
2026-10-06,W1391,52.36532,10.43999,0.0,,14.9,13.9,0.201,12.9,0.185,1.68,icon_d2
2026-10-06,W1392,52.36532,10.46955,0.0,,14.8,13.9,0.201,12.9,0.185,1.72,icon_d2
2026-10-06,W0309,52.3743,10.5135,0.0,,15.1,13.1,0.226,12.1,0.203,1.74,icon_d2
2026-10-06,W1393,52.36532,10.52868,0.0,,15.0,13.9,0.201,12.9,0.185,1.74,icon_d2
2026-10-06,W0310,52.3743,10.5726,0.0,,15.1,13.1,0.226,12.1,0.203,1.76,icon_d2
2026-10-06,W1394,52.36532,10.58781,0.0,,15.1,13.1,0.226,12.1,0.203,1.76,icon_d2
2026-10-06,W1395,52.36532,10.61737,0.0,,14.7,13.8,0.209,12.8,0.186,1.69,icon_d2
2026-10-06,W0311,52.3743,10.6612,0.0,,15.0,13.8,0.209,12.8,0.186,1.7,icon_d2
2026-10-06,W0312,52.3743,10.6908,0.0,,14.9,13.9,0.205,13.2,0.163,1.64,icon_d2
2026-10-06,W0313,52.3743,10.7203,0.0,,14.7,13.9,0.205,13.2,0.163,1.65,icon_d2
2026-10-06,W0314,52.3743,10.7498,0.0,,14.5,13.9,0.205,13.2,0.163,1.67,icon_d2
2026-10-06,W0315,52.3743,10.7794,0.0,,14.7,13.6,0.213,12.5,0.182,1.71,icon_d2
2026-10-06,W0316,52.3743,10.8089,0.0,,14.7,13.6,0.213,12.5,0.182,1.71,icon_d2
2026-10-06,W0317,52.3743,10.8384,0.0,,15.0,14.4,0.203,13.9,0.156,1.72,icon_d2
2026-10-06,W0318,52.3743,10.868,0.0,,14.9,14.4,0.203,13.9,0.156,1.74,icon_d2
2026-10-06,W0319,52.3743,10.8975,0.0,,15.4,14.4,0.203,13.9,0.156,1.81,icon_d2
2026-10-06,W1396,52.36532,10.91302,0.0,,15.2,14.4,0.203,13.9,0.156,1.82,icon_d2
2026-10-06,W1397,52.36532,10.94258,0.0,,15.4,13.7,0.226,12.8,0.196,1.83,icon_d2
2026-10-06,W0320,52.3743,10.9861,0.0,,15.3,13.7,0.226,12.8,0.196,1.79,icon_d2
2026-10-06,W0321,52.3743,11.0157,0.0,,14.9,14.3,0.211,13.7,0.163,1.75,icon_d2
2026-10-06,W0322,52.3743,11.0452,0.0,,15.1,14.3,0.211,13.7,0.163,1.77,icon_d2
2026-10-06,W0323,52.3743,11.0747,0.0,,14.7,14.3,0.211,13.7,0.163,1.75,icon_d2
2026-10-06,W1607,52.36532,11.0904,0.0,,14.9,14.4,0.209,13.7,0.146,1.78,icon_d2
2026-10-06,W1398,52.36532,11.11997,0.0,,15.3,14.4,0.209,13.7,0.146,1.81,icon_d2
2026-10-06,W1399,52.36532,11.14953,0.0,,15.3,14.4,0.209,13.7,0.146,1.79,icon_d2
2026-10-06,W1400,52.38333,10.11478,0.0,,14.9,13.9,0.214,13.1,0.181,1.59,icon_d2
2026-10-06,W1401,52.38333,10.14435,0.0,,14.9,13.2,0.248,12.3,0.221,1.59,icon_d2
2026-10-06,W1402,52.38333,10.17391,0.0,,15.0,13.2,0.248,12.3,0.221,1.61,icon_d2
2026-10-06,W0324,52.3923,10.2182,0.0,,14.9,13.2,0.248,12.3,0.221,1.61,icon_d2
2026-10-06,W0325,52.3923,10.2477,0.0,,15.0,13.2,0.248,12.3,0.221,1.62,icon_d2
2026-10-06,W1403,52.38333,10.2626,0.0,,15.0,13.2,0.248,12.3,0.221,1.62,icon_d2
2026-10-06,W1404,52.38333,10.29217,0.0,,15.1,13.5,0.219,12.5,0.209,1.64,icon_d2
2026-10-06,W0326,52.3923,10.3363,0.0,,15.1,13.1,0.246,12.1,0.233,1.58,icon_d2
2026-10-06,W0327,52.3923,10.3658,0.0,,15.0,13.1,0.246,12.1,0.233,1.58,icon_d2
2026-10-06,W0328,52.3923,10.3954,0.0,,15.0,13.1,0.246,12.1,0.233,1.61,icon_d2
2026-10-06,W1405,52.38333,10.41042,0.0,,15.0,13.1,0.246,12.1,0.233,1.61,icon_d2
2026-10-06,W0329,52.3923,10.4545,0.0,,14.8,13.1,0.226,12.1,0.203,1.65,icon_d2
2026-10-06,W0330,52.3923,10.484,0.0,,14.8,13.1,0.226,12.1,0.203,1.72,icon_d2
2026-10-06,W0331,52.3923,10.5135,0.0,,14.8,13.1,0.226,12.1,0.203,1.72,icon_d2
2026-10-06,W1406,52.38333,10.52868,0.0,,15.1,13.1,0.226,12.1,0.203,1.77,icon_d2
2026-10-06,W1407,52.38333,10.55825,0.0,,15.1,13.1,0.226,12.1,0.203,1.75,icon_d2
2026-10-06,W0332,52.3923,10.6021,0.0,,15.2,13.1,0.226,12.1,0.203,1.77,icon_d2
2026-10-06,W1408,52.38333,10.61737,0.0,,15.1,13.8,0.209,12.8,0.186,1.77,icon_d2
2026-10-06,W0333,52.3923,10.6612,0.0,,15.0,13.9,0.205,13.2,0.163,1.72,icon_d2
2026-10-06,W0334,52.3923,10.6908,0.0,,15.1,13.9,0.205,13.2,0.163,1.67,icon_d2
2026-10-06,W0335,52.3923,10.7203,0.0,,15.1,13.9,0.205,13.2,0.163,1.66,icon_d2
2026-10-06,W0336,52.3923,10.7498,0.0,,15.1,13.9,0.205,13.2,0.163,1.66,icon_d2
2026-10-06,W0337,52.3923,10.7794,0.0,,14.6,14.4,0.203,13.9,0.156,1.66,icon_d2
2026-10-06,W0338,52.3923,10.8089,0.0,,14.8,14.4,0.203,13.9,0.156,1.71,icon_d2
2026-10-06,W1409,52.38333,10.82432,0.0,,14.9,14.4,0.203,13.9,0.156,1.74,icon_d2
2026-10-06,W0339,52.3923,10.868,0.0,,15.1,14.4,0.203,13.9,0.156,1.77,icon_d2
2026-10-06,W0340,52.3923,10.8975,0.0,,15.1,14.4,0.203,13.9,0.156,1.81,icon_d2
2026-10-06,W1410,52.38333,10.91302,0.0,,15.4,14.4,0.203,13.9,0.156,1.79,icon_d2
2026-10-06,W1411,52.38333,10.94258,0.0,,15.3,13.7,0.226,12.8,0.196,1.81,icon_d2
2026-10-06,W1412,52.38333,10.97214,0.0,,15.3,13.7,0.226,12.8,0.196,1.79,icon_d2
2026-10-06,W0341,52.3923,11.0157,0.0,,14.9,14.3,0.211,13.7,0.163,1.73,icon_d2
2026-10-06,W0342,52.3923,11.0452,0.0,,14.9,14.3,0.211,13.7,0.163,1.72,icon_d2
2026-10-06,W0343,52.3923,11.0747,0.0,,14.7,14.3,0.211,13.7,0.163,1.73,icon_d2
2026-10-06,W1413,52.38333,11.0904,0.0,,14.8,14.3,0.211,13.7,0.163,1.73,icon_d2
2026-10-06,W1414,52.38333,11.11997,0.0,,14.8,14.4,0.209,13.7,0.146,1.74,icon_d2
2026-10-06,W1415,52.38333,11.14953,0.0,,15.1,14.0,0.22,13.3,0.147,1.77,icon_d2
2026-10-06,W1416,52.40135,10.11478,0.0,,14.8,13.2,0.248,12.3,0.221,1.56,icon_d2
2026-10-06,W1417,52.40135,10.14435,0.0,,14.9,13.2,0.248,12.3,0.221,1.58,icon_d2
2026-10-06,W1418,52.40135,10.17391,0.0,,14.9,13.2,0.248,12.3,0.221,1.53,icon_d2
2026-10-06,W1419,52.40135,10.20347,0.0,,14.9,13.2,0.248,12.3,0.221,1.51,icon_d2
2026-10-06,W1420,52.40135,10.23304,0.0,,14.8,13.2,0.248,12.3,0.221,1.5,icon_d2
2026-10-06,W1421,52.40135,10.2626,0.0,,15.0,13.2,0.248,12.3,0.221,1.55,icon_d2
2026-10-06,W1422,52.40135,10.29217,0.0,,15.0,13.1,0.246,12.1,0.233,1.58,icon_d2
2026-10-06,W1423,52.40135,10.32173,0.0,,15.0,13.1,0.246,12.1,0.233,1.56,icon_d2
2026-10-06,W1424,52.40135,10.3513,0.0,,15.0,13.1,0.246,12.1,0.233,1.58,icon_d2
2026-10-06,W1425,52.40135,10.38086,0.0,,15.0,13.1,0.246,12.1,0.233,1.57,icon_d2
2026-10-06,W1426,52.40135,10.41042,0.0,,15.0,13.1,0.246,12.1,0.233,1.62,icon_d2
2026-10-06,W1427,52.40135,10.43999,0.0,,15.0,13.1,0.226,12.1,0.203,1.63,icon_d2
2026-10-06,W1428,52.40135,10.46955,0.0,,14.8,13.1,0.226,12.1,0.203,1.65,icon_d2
2026-10-06,W1429,52.40135,10.49912,0.0,,14.8,13.1,0.226,12.1,0.203,1.69,icon_d2
2026-10-06,W1430,52.40135,10.52868,0.0,,14.9,13.1,0.226,12.1,0.203,1.69,icon_d2
2026-10-06,W1431,52.40135,10.55825,0.0,,15.1,13.1,0.226,12.1,0.203,1.73,icon_d2
2026-10-06,W1432,52.40135,10.58781,0.0,,15.1,13.1,0.226,12.1,0.203,1.7,icon_d2
2026-10-06,W1433,52.40135,10.61737,0.0,,15.1,13.9,0.205,13.2,0.163,1.74,icon_d2
2026-10-06,W1434,52.40135,10.64694,0.0,,15.1,13.9,0.205,13.2,0.163,1.73,icon_d2
2026-10-06,W1435,52.40135,10.6765,0.0,,15.0,13.9,0.205,13.2,0.163,1.68,icon_d2
2026-10-06,W1436,52.40135,10.70607,0.0,,14.9,13.9,0.205,13.2,0.163,1.66,icon_d2
2026-10-06,W1437,52.40135,10.73563,0.0,,15.0,13.9,0.205,13.2,0.163,1.65,icon_d2
2026-10-06,W1438,52.40135,10.76519,0.0,,14.6,13.9,0.205,13.2,0.163,1.66,icon_d2
2026-10-06,W1439,52.40135,10.79476,0.0,,14.6,14.4,0.203,13.9,0.156,1.66,icon_d2
2026-10-06,W1440,52.40135,10.82432,0.0,,15.3,14.4,0.203,13.9,0.156,1.73,icon_d2
2026-10-06,W1441,52.40135,10.85389,0.0,,15.1,14.4,0.203,13.9,0.156,1.73,icon_d2
2026-10-06,W1442,52.40135,10.88345,0.0,,14.9,14.4,0.203,13.9,0.156,1.69,icon_d2
2026-10-06,W1443,52.40135,10.91302,0.0,,15.4,14.4,0.203,13.9,0.156,1.75,icon_d2
2026-10-06,W1444,52.40135,10.94258,0.0,,15.5,14.3,0.211,13.7,0.163,1.75,icon_d2
2026-10-06,W1445,52.40135,10.97214,0.0,,15.2,14.3,0.211,13.7,0.163,1.77,icon_d2
2026-10-06,W1446,52.40135,11.00171,0.0,,14.9,14.3,0.211,13.7,0.163,1.73,icon_d2
2026-10-06,W1447,52.40135,11.03127,0.0,,14.8,14.3,0.211,13.7,0.163,1.72,icon_d2
2026-10-06,W1448,52.40135,11.06084,0.0,,14.8,14.3,0.211,13.7,0.163,1.72,icon_d2
2026-10-06,W1449,52.40135,11.0904,0.0,,14.9,14.3,0.211,13.7,0.163,1.73,icon_d2
2026-10-06,W1450,52.40135,11.11997,0.0,,14.7,14.0,0.22,13.3,0.147,1.74,icon_d2
2026-10-06,W1451,52.40135,11.14953,0.0,,14.8,14.0,0.22,13.3,0.147,1.71,icon_d2
2026-10-06,W0345,52.4104,10.1295,0.0,,14.7,13.2,0.248,12.3,0.221,1.51,icon_d2
2026-10-06,W1452,52.41937,10.14435,0.0,,14.8,13.2,0.248,12.3,0.221,1.5,icon_d2
2026-10-06,W0346,52.4104,10.1886,0.0,,14.8,13.2,0.248,12.3,0.221,1.48,icon_d2
2026-10-06,W0347,52.4104,10.2182,0.0,,14.9,13.2,0.248,12.3,0.221,1.51,icon_d2
2026-10-06,W0348,52.4104,10.2477,0.0,,14.9,13.2,0.248,12.3,0.221,1.5,icon_d2
2026-10-06,W0349,52.4104,10.2772,0.0,,15.0,13.1,0.246,12.1,0.233,1.57,icon_d2
2026-10-06,W1453,52.41937,10.29217,0.0,,14.9,13.1,0.246,12.1,0.233,1.52,icon_d2
2026-10-06,W0350,52.4104,10.3363,0.0,,14.9,13.1,0.246,12.1,0.233,1.56,icon_d2
2026-10-06,W0351,52.4104,10.3658,0.0,,14.7,13.1,0.246,12.1,0.233,1.57,icon_d2
2026-10-06,W1454,52.41937,10.38086,0.0,,15.0,13.1,0.246,12.1,0.233,1.54,icon_d2
2026-10-06,W0352,52.4104,10.4249,0.0,,14.9,13.1,0.246,12.1,0.233,1.58,icon_d2
2026-10-06,W0353,52.4104,10.4545,0.0,,14.8,13.1,0.226,12.1,0.203,1.59,icon_d2
2026-10-06,W0354,52.4104,10.484,0.0,,15.0,13.1,0.226,12.1,0.203,1.64,icon_d2
2026-10-06,W0355,52.4104,10.5135,0.0,,15.0,13.1,0.226,12.1,0.203,1.69,icon_d2
2026-10-06,W0356,52.4104,10.5431,0.0,,14.9,13.1,0.226,12.1,0.203,1.69,icon_d2
2026-10-06,W1455,52.41937,10.55825,0.0,,14.8,13.1,0.226,12.1,0.203,1.69,icon_d2
2026-10-06,W1456,52.41937,10.58781,0.0,,15.0,13.1,0.226,12.1,0.203,1.69,icon_d2
2026-10-06,W1457,52.41937,10.61737,0.0,,14.9,13.9,0.205,13.2,0.163,1.69,icon_d2
2026-10-06,W1458,52.41937,10.64694,0.0,,15.0,13.9,0.205,13.2,0.163,1.69,icon_d2
2026-10-06,W1459,52.41937,10.6765,0.0,,15.0,13.9,0.205,13.2,0.163,1.7,icon_d2
2026-10-06,W1460,52.41937,10.70607,0.0,,15.1,13.9,0.205,13.2,0.163,1.7,icon_d2
2026-10-06,W0357,52.4104,10.7498,0.0,,15.4,13.9,0.205,13.2,0.163,1.7,icon_d2
2026-10-06,W0358,52.4104,10.7794,0.0,,15.3,14.4,0.203,13.9,0.156,1.68,icon_d2
2026-10-06,W0359,52.4104,10.8089,0.0,,15.3,14.4,0.203,13.9,0.156,1.69,icon_d2
2026-10-06,W1461,52.41937,10.82432,0.0,,15.3,14.4,0.203,13.9,0.156,1.7,icon_d2
2026-10-06,W0360,52.4104,10.868,0.0,,15.2,14.4,0.203,13.9,0.156,1.73,icon_d2
2026-10-06,W0361,52.4104,10.8975,0.0,,14.7,14.4,0.203,13.9,0.156,1.71,icon_d2
2026-10-06,W0362,52.4104,10.9271,0.0,,14.8,14.4,0.203,13.9,0.156,1.75,icon_d2
2026-10-06,W0363,52.4104,10.9566,0.0,,14.8,14.3,0.211,13.7,0.163,1.75,icon_d2
2026-10-06,W1462,52.41937,10.97214,0.0,,14.8,14.3,0.211,13.7,0.163,1.69,icon_d2
2026-10-06,W1463,52.41937,11.00171,0.0,,14.8,14.3,0.211,13.7,0.163,1.73,icon_d2
2026-10-06,W0364,52.4104,11.0452,0.0,,14.5,14.3,0.211,13.7,0.163,1.69,icon_d2
2026-10-06,W1464,52.41937,11.06084,0.0,,14.6,14.3,0.211,13.7,0.163,1.7,icon_d2
2026-10-06,W1465,52.41937,11.0904,0.0,,14.9,14.3,0.211,13.7,0.163,1.74,icon_d2
2026-10-06,W1466,52.41937,11.11997,0.0,,14.7,14.0,0.22,13.3,0.147,1.72,icon_d2
2026-10-06,W1467,52.41937,11.14953,0.0,,14.6,14.0,0.22,13.3,0.147,1.71,icon_d2
2026-10-06,W0366,52.4284,10.1295,0.0,,14.7,13.2,0.248,12.3,0.221,1.5,icon_d2
2026-10-06,W0367,52.4284,10.1591,0.0,,14.8,13.2,0.248,12.3,0.221,1.45,icon_d2
2026-10-06,W0368,52.4284,10.1886,0.0,,14.8,13.2,0.248,12.3,0.221,1.47,icon_d2
2026-10-06,W0369,52.4284,10.2182,0.0,,15.0,13.2,0.248,12.3,0.221,1.45,icon_d2
2026-10-06,W0370,52.4284,10.2477,0.0,,15.0,13.2,0.248,12.3,0.221,1.46,icon_d2
2026-10-06,W0371,52.4284,10.2772,0.0,,15.0,13.1,0.246,12.1,0.233,1.52,icon_d2
2026-10-06,W0372,52.4284,10.3068,0.0,,15.0,13.1,0.246,12.1,0.233,1.52,icon_d2
2026-10-06,W0373,52.4284,10.3363,0.0,,14.9,13.1,0.246,12.1,0.233,1.51,icon_d2
2026-10-06,W0374,52.4284,10.3658,0.0,,14.8,13.1,0.246,12.1,0.233,1.52,icon_d2
2026-10-06,W1468,52.43739,10.38086,0.0,,14.9,13.1,0.246,12.1,0.233,1.54,icon_d2
2026-10-06,W1469,52.43739,10.41042,0.0,,14.9,13.3,0.247,12.3,0.215,1.55,icon_d2
2026-10-06,W0375,52.4284,10.4545,0.0,,14.9,13.1,0.226,12.1,0.203,1.59,icon_d2
2026-10-06,W0376,52.4284,10.484,0.0,,15.0,13.1,0.226,12.1,0.203,1.64,icon_d2
2026-10-06,W0377,52.4284,10.5135,0.0,,15.0,13.1,0.226,12.1,0.203,1.64,icon_d2
2026-10-06,W0378,52.4284,10.5431,0.0,,15.0,13.1,0.226,12.1,0.203,1.68,icon_d2
2026-10-06,W0379,52.4284,10.5726,0.0,,15.0,13.1,0.226,12.1,0.203,1.67,icon_d2
2026-10-06,W1470,52.43739,10.58781,0.0,,14.9,13.7,0.218,13.0,0.184,1.67,icon_d2
2026-10-06,W0380,52.4284,10.6317,0.0,,15.1,13.9,0.205,13.2,0.163,1.65,icon_d2
2026-10-06,W0381,52.4284,10.6612,0.0,,15.1,13.9,0.205,13.2,0.163,1.66,icon_d2
2026-10-06,W1471,52.43739,10.6765,0.0,,14.6,13.9,0.205,13.2,0.163,1.66,icon_d2
2026-10-06,W1472,52.43739,10.70607,0.0,,14.6,13.9,0.205,13.2,0.163,1.63,icon_d2
2026-10-06,W0382,52.4284,10.7498,0.0,,15.6,13.5,0.214,12.7,0.178,1.72,icon_d2
2026-10-06,W1473,52.43739,10.76519,0.0,,15.5,13.5,0.214,12.7,0.178,1.69,icon_d2
2026-10-06,W1474,52.43739,10.79476,0.0,,15.2,14.4,0.203,13.9,0.156,1.68,icon_d2
2026-10-06,W1475,52.43739,10.82432,0.0,,15.4,14.4,0.203,13.9,0.156,1.68,icon_d2
2026-10-06,W0383,52.4284,10.868,0.0,,15.4,14.4,0.203,13.9,0.156,1.71,icon_d2
2026-10-06,W0384,52.4284,10.8975,0.0,,14.9,14.4,0.203,13.9,0.156,1.68,icon_d2
2026-10-06,W0385,52.4284,10.9271,0.0,,15.0,14.0,0.206,13.4,0.154,1.68,icon_d2
2026-10-06,W0386,52.4284,10.9566,0.0,,14.9,14.3,0.211,13.7,0.163,1.7,icon_d2
2026-10-06,W1476,52.43739,10.97214,0.0,,14.5,14.3,0.211,13.7,0.163,1.73,icon_d2
2026-10-06,W0387,52.4284,11.0157,0.0,,14.6,14.3,0.211,13.7,0.163,1.71,icon_d2
2026-10-06,W0388,52.4284,11.0452,0.0,,14.6,14.3,0.211,13.7,0.163,1.71,icon_d2
2026-10-06,W1477,52.43739,11.06084,0.0,,14.2,13.5,0.263,13.0,0.239,1.74,icon_d2
2026-10-06,W1478,52.43739,11.0904,0.0,,13.9,13.5,0.263,13.0,0.239,1.72,icon_d2
2026-10-06,W0389,52.4284,11.1338,0.0,,14.7,14.0,0.22,13.3,0.147,1.71,icon_d2
2026-10-06,W1479,52.43739,11.14953,0.0,,14.2,14.0,0.22,13.3,0.147,1.73,icon_d2
2026-10-06,W0416,52.4644,10.1295,0.0,,14.8,13.4,0.164,12.4,0.14,1.44,icon_d2
2026-10-06,W0417,52.4644,10.1591,0.0,,14.8,13.4,0.164,12.4,0.14,1.44,icon_d2
2026-10-06,W0418,52.4644,10.1886,0.0,,14.9,13.4,0.164,12.4,0.14,1.49,icon_d2
2026-10-06,W0419,52.4644,10.2182,0.0,,14.9,13.4,0.164,12.4,0.14,1.48,icon_d2
2026-10-06,W0420,52.4644,10.2477,0.0,,14.9,13.4,0.164,12.4,0.14,1.49,icon_d2
2026-10-06,W0421,52.4644,10.2772,0.0,,14.9,13.4,0.164,12.4,0.14,1.47,icon_d2
2026-10-06,W0422,52.4644,10.3068,0.0,,14.8,13.3,0.247,12.3,0.215,1.49,icon_d2
2026-10-06,W0423,52.4644,10.3363,0.0,,14.9,13.3,0.247,12.3,0.215,1.55,icon_d2
2026-10-06,W0424,52.4644,10.3658,0.0,,14.9,13.3,0.247,12.3,0.215,1.55,icon_d2
2026-10-06,W0425,52.4644,10.3954,0.0,,14.5,13.3,0.247,12.3,0.215,1.55,icon_d2
2026-10-06,W0426,52.4644,10.4249,0.0,,14.7,13.3,0.247,12.3,0.215,1.57,icon_d2
2026-10-06,W0427,52.4644,10.4545,0.0,,14.6,13.3,0.247,12.3,0.215,1.57,icon_d2
2026-10-06,W0428,52.4644,10.484,0.0,,14.6,13.7,0.218,13.0,0.184,1.59,icon_d2
2026-10-06,W0429,52.4644,10.5135,0.0,,14.7,13.7,0.218,13.0,0.184,1.6,icon_d2
2026-10-06,W0430,52.4644,10.5431,0.0,,15.1,13.7,0.218,13.0,0.184,1.62,icon_d2
2026-10-06,W0431,52.4644,10.5726,0.0,,14.9,13.7,0.218,13.0,0.184,1.62,icon_d2
2026-10-06,W0432,52.4644,10.6021,0.0,,14.7,13.7,0.218,13.0,0.184,1.62,icon_d2
2026-10-06,W0433,52.4644,10.6317,0.0,,14.5,13.5,0.214,12.7,0.178,1.6,icon_d2
2026-10-06,W0434,52.4644,10.6612,0.0,,14.5,13.5,0.214,12.7,0.178,1.57,icon_d2
2026-10-06,W0435,52.4644,10.6908,0.0,,14.5,13.5,0.214,12.7,0.178,1.57,icon_d2
2026-10-06,W0408,52.4464,10.7203,0.0,,14.6,13.5,0.214,12.7,0.178,1.63,icon_d2
2026-10-06,W1481,52.45541,10.73563,0.0,,14.3,13.5,0.214,12.7,0.178,1.64,icon_d2
2026-10-06,W0436,52.4644,10.7794,0.0,,14.2,13.5,0.214,12.7,0.178,1.55,icon_d2
2026-10-06,W0437,52.4644,10.8089,0.0,,14.3,14.0,0.206,13.4,0.154,1.56,icon_d2
2026-10-06,W0438,52.4644,10.8384,0.0,,14.7,14.0,0.206,13.4,0.154,1.59,icon_d2
2026-10-06,W0439,52.4644,10.868,0.0,,14.7,14.0,0.206,13.4,0.154,1.63,icon_d2
2026-10-06,W0440,52.4644,10.8975,0.0,,14.4,14.0,0.206,13.4,0.154,1.64,icon_d2
2026-10-06,W0441,52.4644,10.9271,0.0,,14.2,14.0,0.206,13.4,0.154,1.65,icon_d2
2026-10-06,W0442,52.4644,10.9566,0.0,,14.2,14.0,0.206,13.4,0.154,1.69,icon_d2
2026-10-06,W1482,52.45541,10.97214,0.0,,14.2,14.3,0.211,13.7,0.163,1.69,icon_d2
2026-10-06,W1609,52.45541,11.00171,0.0,,14.3,13.5,0.263,13.0,0.239,1.72,icon_d2
2026-10-06,W0443,52.4644,11.0452,0.0,,13.8,13.5,0.263,13.0,0.239,1.69,icon_d2
2026-10-06,W1483,52.45541,11.06084,0.0,,14.1,13.5,0.263,13.0,0.239,1.74,icon_d2
2026-10-06,W0444,52.4644,11.1043,0.0,,13.9,13.5,0.263,13.0,0.239,1.69,icon_d2
2026-10-06,W0445,52.4644,11.1338,0.0,,13.9,13.8,0.231,13.2,0.201,1.71,icon_d2
2026-10-06,W1484,52.45541,11.14953,0.0,,13.9,14.0,0.22,13.3,0.147,1.71,icon_d2
2026-10-06,W0446,52.4824,10.1295,0.0,,14.7,13.4,0.164,12.4,0.14,1.44,icon_d2
2026-10-06,W0447,52.4824,10.1591,0.0,,14.8,13.4,0.164,12.4,0.14,1.44,icon_d2
2026-10-06,W0448,52.4824,10.1886,0.0,,14.6,13.4,0.164,12.4,0.14,1.44,icon_d2
2026-10-06,W1485,52.47342,10.20347,0.0,,14.8,13.4,0.164,12.4,0.14,1.49,icon_d2
2026-10-06,W0449,52.4824,10.2477,0.0,,14.8,13.4,0.164,12.4,0.14,1.48,icon_d2
2026-10-06,W0450,52.4824,10.2772,0.0,,14.8,13.4,0.164,12.4,0.14,1.49,icon_d2
2026-10-06,W0451,52.4824,10.3068,0.0,,14.8,13.3,0.247,12.3,0.215,1.48,icon_d2
2026-10-06,W1486,52.47342,10.32173,0.0,,14.8,13.3,0.247,12.3,0.215,1.53,icon_d2
2026-10-06,W1487,52.47342,10.3513,0.0,,14.8,13.3,0.247,12.3,0.215,1.55,icon_d2
2026-10-06,W0452,52.4824,10.3954,0.0,,14.6,13.3,0.247,12.3,0.215,1.56,icon_d2
2026-10-06,W0453,52.4824,10.4249,0.0,,14.5,13.3,0.247,12.3,0.215,1.58,icon_d2
2026-10-06,W0454,52.4824,10.4545,0.0,,14.6,13.3,0.247,12.3,0.215,1.57,icon_d2
2026-10-06,W0455,52.4824,10.484,0.0,,14.6,13.7,0.218,13.0,0.184,1.57,icon_d2
2026-10-06,W0456,52.4824,10.5135,0.0,,14.7,13.7,0.218,13.0,0.184,1.58,icon_d2
2026-10-06,W1488,52.47342,10.52868,0.0,,14.7,13.7,0.218,13.0,0.184,1.6,icon_d2
2026-10-06,W0457,52.4824,10.5726,0.0,,15.1,13.7,0.218,13.0,0.184,1.6,icon_d2
2026-10-06,W0458,52.4824,10.6021,0.0,,14.7,13.7,0.218,13.0,0.184,1.56,icon_d2
2026-10-06,W0459,52.4824,10.6317,0.0,,14.5,13.5,0.214,12.7,0.178,1.56,icon_d2
2026-10-06,W0460,52.4824,10.6612,0.0,,14.4,13.5,0.214,12.7,0.178,1.57,icon_d2
2026-10-06,W0461,52.4824,10.6908,0.0,,14.4,13.5,0.214,12.7,0.178,1.58,icon_d2
2026-10-06,W0462,52.4824,10.7203,0.0,,14.3,13.5,0.214,12.7,0.178,1.57,icon_d2
2026-10-06,W1489,52.47342,10.73563,0.0,,14.3,13.5,0.214,12.7,0.178,1.57,icon_d2
2026-10-06,W0463,52.4824,10.7794,0.0,,14.0,13.5,0.214,12.7,0.178,1.54,icon_d2
2026-10-06,W0464,52.4824,10.8089,0.0,,14.0,14.0,0.206,13.4,0.154,1.54,icon_d2
2026-10-06,W1490,52.47342,10.82432,0.0,,14.0,14.0,0.206,13.4,0.154,1.59,icon_d2
2026-10-06,W1491,52.47342,10.85389,0.0,,14.1,14.0,0.206,13.4,0.154,1.63,icon_d2
2026-10-06,W1492,52.47342,10.88345,0.0,,14.2,14.0,0.206,13.4,0.154,1.61,icon_d2
2026-10-06,W1493,52.47342,10.91302,0.0,,14.0,14.0,0.206,13.4,0.154,1.64,icon_d2
2026-10-06,W0465,52.4824,10.9566,0.0,,13.9,14.0,0.206,13.4,0.154,1.64,icon_d2
2026-10-06,W0466,52.4824,10.9861,0.0,,14.0,13.5,0.263,13.0,0.239,1.64,icon_d2
2026-10-06,W0467,52.4824,11.0157,0.0,,14.0,13.5,0.263,13.0,0.239,1.64,icon_d2
2026-10-06,W0468,52.4824,11.0452,0.0,,13.8,13.5,0.263,13.0,0.239,1.69,icon_d2
2026-10-06,W1494,52.47342,11.06084,0.0,,13.8,13.5,0.263,13.0,0.239,1.71,icon_d2
2026-10-06,W1495,52.47342,11.0904,0.0,,13.8,13.5,0.263,13.0,0.239,1.7,icon_d2
2026-10-06,W1496,52.47342,11.11997,0.0,,13.7,13.5,0.263,13.0,0.239,1.71,icon_d2
2026-10-06,W1497,52.47342,11.14953,0.0,,13.8,13.8,0.231,13.2,0.201,1.71,icon_d2
2026-10-06,W1498,52.49144,10.11478,0.0,,14.8,13.5,0.176,12.7,0.163,1.44,icon_d2
2026-10-06,W1499,52.49144,10.14435,0.0,,14.8,13.4,0.164,12.4,0.14,1.43,icon_d2
2026-10-06,W1500,52.49144,10.17391,0.0,,14.7,13.4,0.164,12.4,0.14,1.44,icon_d2
2026-10-06,W1501,52.49144,10.20347,0.0,,14.7,13.4,0.164,12.4,0.14,1.47,icon_d2
2026-10-06,W1502,52.49144,10.23304,0.0,,14.8,13.4,0.164,12.4,0.14,1.48,icon_d2
2026-10-06,W1503,52.49144,10.2626,0.0,,14.6,13.4,0.164,12.4,0.14,1.49,icon_d2
2026-10-06,W1504,52.49144,10.29217,0.0,,14.8,13.3,0.247,12.3,0.215,1.49,icon_d2
2026-10-06,W1505,52.49144,10.32173,0.0,,14.7,13.3,0.247,12.3,0.215,1.55,icon_d2
2026-10-06,W1506,52.49144,10.3513,0.0,,14.8,13.3,0.247,12.3,0.215,1.55,icon_d2
2026-10-06,W1507,52.49144,10.38086,0.0,,14.7,13.3,0.247,12.3,0.215,1.55,icon_d2
2026-10-06,W1508,52.49144,10.41042,0.0,,14.7,13.3,0.247,12.3,0.215,1.58,icon_d2
2026-10-06,W1509,52.49144,10.43999,0.0,,14.5,13.3,0.247,12.3,0.215,1.57,icon_d2
2026-10-06,W1510,52.49144,10.46955,0.0,,14.6,13.7,0.218,13.0,0.184,1.58,icon_d2
2026-10-06,W1511,52.49144,10.49912,0.0,,14.7,13.7,0.218,13.0,0.184,1.59,icon_d2
2026-10-06,W1512,52.49144,10.52868,0.0,,14.5,13.7,0.218,13.0,0.184,1.58,icon_d2
2026-10-06,W1513,52.49144,10.55825,0.0,,14.6,13.7,0.218,13.0,0.184,1.59,icon_d2
2026-10-06,W1514,52.49144,10.58781,0.0,,14.4,13.7,0.218,13.0,0.184,1.56,icon_d2
2026-10-06,W1515,52.49144,10.61737,0.0,,14.5,13.7,0.218,13.0,0.184,1.56,icon_d2
2026-10-06,W1516,52.49144,10.64694,0.0,,14.4,13.5,0.214,12.7,0.178,1.55,icon_d2
2026-10-06,W1517,52.49144,10.6765,0.0,,14.4,13.5,0.214,12.7,0.178,1.56,icon_d2
2026-10-06,W1518,52.49144,10.70607,0.0,,14.4,13.5,0.214,12.7,0.178,1.56,icon_d2
2026-10-06,W1519,52.49144,10.73563,0.0,,14.1,13.5,0.214,12.7,0.178,1.53,icon_d2
2026-10-06,W1520,52.49144,10.76519,0.0,,14.1,13.5,0.214,12.7,0.178,1.53,icon_d2
2026-10-06,W1521,52.49144,10.79476,0.0,,13.9,14.0,0.206,13.4,0.154,1.53,icon_d2
2026-10-06,W1522,52.49144,10.82432,0.0,,13.8,14.0,0.206,13.4,0.154,1.57,icon_d2
2026-10-06,W1523,52.49144,10.85389,0.0,,13.9,14.0,0.206,13.4,0.154,1.59,icon_d2
2026-10-06,W1524,52.49144,10.88345,0.0,,13.9,14.0,0.206,13.4,0.154,1.61,icon_d2
2026-10-06,W1525,52.49144,10.91302,0.0,,13.9,14.0,0.206,13.4,0.154,1.61,icon_d2
2026-10-06,W1526,52.49144,10.94258,0.0,,13.9,14.0,0.206,13.4,0.154,1.64,icon_d2
2026-10-06,W1527,52.49144,10.97214,0.0,,13.7,13.5,0.263,13.0,0.239,1.57,icon_d2
2026-10-06,W1528,52.49144,11.00171,0.0,,13.6,13.5,0.263,13.0,0.239,1.59,icon_d2
2026-10-06,W1529,52.49144,11.03127,0.0,,14.0,13.5,0.263,13.0,0.239,1.59,icon_d2
2026-10-06,W1530,52.49144,11.06084,0.0,,13.8,13.5,0.263,13.0,0.239,1.64,icon_d2
2026-10-06,W1531,52.49144,11.0904,0.0,,13.8,13.5,0.263,13.0,0.239,1.67,icon_d2
2026-10-06,W1532,52.49144,11.11997,0.0,,13.8,13.5,0.263,13.0,0.239,1.67,icon_d2
2026-10-06,W1533,52.49144,11.14953,0.0,,13.8,13.8,0.231,13.2,0.201,1.68,icon_d2
2026-10-06,W0470,52.5005,10.1295,0.0,,14.8,13.4,0.164,12.4,0.14,1.43,icon_d2
2026-10-06,W0471,52.5005,10.1591,0.0,,14.8,13.4,0.164,12.4,0.14,1.43,icon_d2
2026-10-06,W0472,52.5005,10.1886,0.0,,14.7,13.4,0.164,12.4,0.14,1.46,icon_d2
2026-10-06,W1534,52.50946,10.20347,0.0,,14.7,13.4,0.164,12.4,0.14,1.46,icon_d2
2026-10-06,W0473,52.5005,10.2477,0.0,,14.7,13.4,0.164,12.4,0.14,1.49,icon_d2
2026-10-06,W0474,52.5005,10.2772,0.0,,14.8,13.1,0.164,12.0,0.133,1.53,icon_d2
2026-10-06,W0475,52.5005,10.3068,0.0,,14.8,13.3,0.247,12.3,0.215,1.53,icon_d2
2026-10-06,W1535,52.50946,10.32173,0.0,,14.7,13.3,0.247,12.3,0.215,1.53,icon_d2
2026-10-06,W1536,52.50946,10.3513,0.0,,14.8,13.3,0.247,12.3,0.215,1.55,icon_d2
2026-10-06,W0476,52.5005,10.3954,0.0,,14.7,13.3,0.247,12.3,0.215,1.55,icon_d2
2026-10-06,W0477,52.5005,10.4249,0.0,,14.7,13.3,0.247,12.3,0.215,1.58,icon_d2
2026-10-06,W0478,52.5005,10.4545,0.0,,14.5,13.1,0.161,12.0,0.129,1.57,icon_d2
2026-10-06,W0479,52.5005,10.484,0.0,,14.7,13.7,0.218,13.0,0.184,1.59,icon_d2
2026-10-06,W0480,52.5005,10.5135,0.0,,14.6,13.7,0.218,13.0,0.184,1.58,icon_d2
2026-10-06,W0481,52.5005,10.5431,0.0,,14.5,13.7,0.218,13.0,0.184,1.57,icon_d2
2026-10-06,W0482,52.5005,10.5726,0.0,,14.4,13.7,0.218,13.0,0.184,1.54,icon_d2
2026-10-06,W0483,52.5005,10.6021,0.0,,14.5,13.4,0.149,12.6,0.11,1.55,icon_d2
2026-10-06,W1537,52.50946,10.61737,0.0,,14.4,13.4,0.149,12.6,0.11,1.54,icon_d2
2026-10-06,W0484,52.5005,10.6612,0.0,,14.3,13.5,0.214,12.7,0.178,1.53,icon_d2
2026-10-06,W0485,52.5005,10.6908,0.0,,14.2,13.5,0.214,12.7,0.178,1.56,icon_d2
2026-10-06,W0486,52.5005,10.7203,0.0,,14.2,13.5,0.214,12.7,0.178,1.53,icon_d2
2026-10-06,W0487,52.5005,10.7498,0.0,,14.2,13.5,0.214,12.7,0.178,1.53,icon_d2
2026-10-06,W1538,52.50946,10.76519,0.0,,14.0,13.3,0.141,12.1,0.086,1.54,icon_d2
2026-10-06,W0488,52.5005,10.8089,0.0,,13.9,14.0,0.206,13.4,0.154,1.54,icon_d2
2026-10-06,W0489,52.5005,10.8384,0.0,,13.8,14.0,0.206,13.4,0.154,1.54,icon_d2
2026-10-06,W0490,52.5005,10.868,0.0,,13.8,14.0,0.206,13.4,0.154,1.54,icon_d2
2026-10-06,W0491,52.5005,10.8975,0.0,,13.9,14.0,0.206,13.4,0.154,1.56,icon_d2
2026-10-06,W0492,52.5005,10.9271,0.0,,13.9,14.0,0.206,13.4,0.154,1.54,icon_d2
2026-10-06,W0493,52.5005,10.9566,0.0,,13.8,13.8,0.216,13.0,0.148,1.57,icon_d2
2026-10-06,W0494,52.5005,10.9861,0.0,,13.7,13.5,0.263,13.0,0.239,1.57,icon_d2
2026-10-06,W1539,52.50946,11.00171,0.0,,13.6,13.5,0.263,13.0,0.239,1.57,icon_d2
2026-10-06,W1540,52.50946,11.03127,0.0,,14.0,13.5,0.263,13.0,0.239,1.59,icon_d2
2026-10-06,W1541,52.50946,11.06084,0.0,,13.8,13.5,0.263,13.0,0.239,1.6,icon_d2
2026-10-06,W0495,52.5005,11.1043,0.0,,13.7,13.7,0.235,13.2,0.203,1.67,icon_d2
2026-10-06,W1542,52.50946,11.11997,0.0,,13.8,13.7,0.235,13.2,0.203,1.63,icon_d2
2026-10-06,W1543,52.50946,11.14953,0.0,,13.8,13.8,0.231,13.2,0.201,1.61,icon_d2
2026-10-06,W0497,52.5185,10.1295,0.0,,14.9,13.6,0.177,12.8,0.154,1.49,icon_d2
2026-10-06,W0498,52.5185,10.1591,0.0,,14.7,13.4,0.164,12.4,0.14,1.46,icon_d2
2026-10-06,W1544,52.52748,10.17391,0.0,,14.8,13.1,0.164,12.0,0.133,1.46,icon_d2
2026-10-06,W1545,52.52748,10.20347,0.0,,14.7,13.1,0.164,12.0,0.133,1.47,icon_d2
2026-10-06,W0499,52.5185,10.2477,0.0,,14.7,13.1,0.164,12.0,0.133,1.5,icon_d2
2026-10-06,W0500,52.5185,10.2772,0.0,,14.7,13.1,0.164,12.0,0.133,1.5,icon_d2
2026-10-06,W0501,52.5185,10.3068,0.0,,14.7,13.3,0.247,12.3,0.215,1.53,icon_d2
2026-10-06,W1546,52.52748,10.32173,0.0,,14.7,13.3,0.247,12.3,0.215,1.53,icon_d2
2026-10-06,W1547,52.52748,10.3513,0.0,,14.7,13.1,0.161,12.0,0.129,1.54,icon_d2
2026-10-06,W0502,52.5185,10.3954,0.0,,14.5,13.1,0.161,12.0,0.129,1.54,icon_d2
2026-10-06,W0503,52.5185,10.4249,0.0,,14.5,13.1,0.161,12.0,0.129,1.55,icon_d2
2026-10-06,W0504,52.5185,10.4545,0.0,,14.5,13.1,0.161,12.0,0.129,1.57,icon_d2
2026-10-06,W1548,52.52748,10.46955,0.0,,14.3,13.1,0.161,12.0,0.129,1.57,icon_d2
2026-10-06,W0505,52.5185,10.5135,0.0,,14.5,13.7,0.218,13.0,0.184,1.58,icon_d2
2026-10-06,W0506,52.5185,10.5431,0.0,,14.5,13.4,0.149,12.6,0.11,1.58,icon_d2
2026-10-06,W0507,52.5185,10.5726,0.0,,14.2,13.4,0.149,12.6,0.11,1.54,icon_d2
2026-10-06,W0508,52.5185,10.6021,0.0,,14.2,13.4,0.149,12.6,0.11,1.55,icon_d2
2026-10-06,W0509,52.5185,10.6317,0.0,,14.1,13.4,0.149,12.6,0.11,1.54,icon_d2
2026-10-06,W0510,52.5185,10.6612,0.0,,14.1,13.5,0.214,12.7,0.178,1.51,icon_d2
2026-10-06,W0511,52.5185,10.6908,0.0,,14.0,13.5,0.214,12.7,0.178,1.51,icon_d2
2026-10-06,W0512,52.5185,10.7203,0.0,,14.0,13.3,0.141,12.1,0.086,1.51,icon_d2
2026-10-06,W0513,52.5185,10.7498,0.0,,14.2,13.3,0.141,12.1,0.086,1.54,icon_d2
2026-10-06,W0514,52.5185,10.7794,0.0,,14.1,13.3,0.141,12.1,0.086,1.54,icon_d2
2026-10-06,W1549,52.52748,10.79476,0.0,,14.2,13.3,0.141,12.1,0.086,1.55,icon_d2
2026-10-06,W0515,52.5185,10.8384,0.0,,13.8,14.0,0.206,13.4,0.154,1.54,icon_d2
2026-10-06,W0516,52.5185,10.868,0.0,,13.8,13.8,0.216,13.0,0.148,1.54,icon_d2
2026-10-06,W0517,52.5185,10.8975,0.0,,13.8,13.8,0.216,13.0,0.148,1.55,icon_d2
2026-10-06,W0518,52.5185,10.9271,0.0,,13.7,13.8,0.216,13.0,0.148,1.54,icon_d2
2026-10-06,W0519,52.5185,10.9566,0.0,,13.7,13.8,0.216,13.0,0.148,1.54,icon_d2
2026-10-06,W0520,52.5185,10.9861,0.0,,13.7,13.5,0.263,13.0,0.239,1.55,icon_d2
2026-10-06,W0521,52.5185,11.0157,0.0,,13.8,13.5,0.263,13.0,0.239,1.54,icon_d2
2026-10-06,W1550,52.52748,11.03127,0.0,,13.8,13.7,0.235,13.2,0.203,1.57,icon_d2
2026-10-06,W1551,52.52748,11.06084,0.0,,13.6,13.7,0.235,13.2,0.203,1.57,icon_d2
2026-10-06,W1552,52.52748,11.0904,0.0,,13.6,13.7,0.235,13.2,0.203,1.6,icon_d2
2026-10-06,W1553,52.52748,11.11997,0.0,,13.6,13.7,0.235,13.2,0.203,1.52,icon_d2
2026-10-06,W1554,52.52748,11.14953,0.0,,13.5,13.8,0.231,13.2,0.201,1.55,icon_d2
2026-10-06,W0523,52.5365,10.1295,0.0,,14.8,13.6,0.177,12.8,0.154,1.46,icon_d2
2026-10-06,W1555,52.5455,10.14435,0.0,,14.9,13.1,0.164,12.0,0.133,1.47,icon_d2
2026-10-06,W1556,52.5455,10.17391,0.0,,14.7,13.1,0.164,12.0,0.133,1.46,icon_d2
2026-10-06,W0524,52.5365,10.2182,0.0,,14.7,13.1,0.164,12.0,0.133,1.47,icon_d2
2026-10-06,W0525,52.5365,10.2477,0.0,,14.5,13.1,0.164,12.0,0.133,1.47,icon_d2
2026-10-06,W0526,52.5365,10.2772,0.0,,14.6,13.1,0.164,12.0,0.133,1.5,icon_d2
2026-10-06,W0527,52.5365,10.3068,0.0,,14.6,13.1,0.164,12.0,0.133,1.5,icon_d2
2026-10-06,W0547,52.5545,10.3363,0.0,,14.3,13.1,0.161,12.0,0.129,1.48,icon_d2
2026-10-06,W1557,52.5455,10.3513,0.0,,14.6,13.1,0.161,12.0,0.129,1.51,icon_d2
2026-10-06,W0548,52.5545,10.3954,0.0,,14.3,13.1,0.161,12.0,0.129,1.53,icon_d2
2026-10-06,W0549,52.5545,10.4249,0.0,,14.2,13.1,0.161,12.0,0.129,1.52,icon_d2
2026-10-06,W0528,52.5365,10.4545,0.0,,14.3,13.1,0.161,12.0,0.129,1.54,icon_d2
2026-10-06,W0529,52.5365,10.484,0.0,,14.3,13.4,0.149,12.6,0.11,1.55,icon_d2
2026-10-06,W0530,52.5365,10.5135,0.0,,14.3,13.4,0.149,12.6,0.11,1.55,icon_d2
2026-10-06,W0531,52.5365,10.5431,0.0,,14.5,13.4,0.149,12.6,0.11,1.57,icon_d2
2026-10-06,W0532,52.5365,10.5726,0.0,,14.2,13.4,0.149,12.6,0.11,1.55,icon_d2
2026-10-06,W0533,52.5365,10.6021,0.0,,14.2,13.4,0.149,12.6,0.11,1.55,icon_d2
2026-10-06,W0534,52.5365,10.6317,0.0,,14.2,13.4,0.149,12.6,0.11,1.54,icon_d2
2026-10-06,W0535,52.5365,10.6612,0.0,,14.1,13.3,0.141,12.1,0.086,1.52,icon_d2
2026-10-06,W0536,52.5365,10.6908,0.0,,14.1,13.3,0.141,12.1,0.086,1.51,icon_d2
2026-10-06,W0537,52.5365,10.7203,0.0,,14.1,13.3,0.141,12.1,0.086,1.51,icon_d2
2026-10-06,W0538,52.5365,10.7498,0.0,,13.8,13.3,0.141,12.1,0.086,1.53,icon_d2
2026-10-06,W0539,52.5365,10.7794,0.0,,13.9,13.3,0.141,12.1,0.086,1.55,icon_d2
2026-10-06,W0540,52.5365,10.8089,0.0,,14.1,13.3,0.141,12.1,0.086,1.56,icon_d2
2026-10-06,W0562,52.5545,10.8384,0.0,,13.7,13.8,0.216,13.0,0.148,1.52,icon_d2
2026-10-06,W0563,52.5545,10.868,0.0,,13.6,13.8,0.216,13.0,0.148,1.52,icon_d2
2026-10-06,W0564,52.5545,10.8975,0.0,,13.8,13.8,0.216,13.0,0.148,1.51,icon_d2
2026-10-06,W0541,52.5365,10.9271,0.0,,13.9,13.8,0.216,13.0,0.148,1.55,icon_d2
2026-10-06,W0542,52.5365,10.9566,0.0,,13.7,13.8,0.216,13.0,0.148,1.55,icon_d2
2026-10-06,W1558,52.5455,10.97214,0.0,,13.9,13.8,0.216,13.0,0.148,1.53,icon_d2
2026-10-06,W1559,52.5455,11.00171,0.0,,13.6,13.7,0.235,13.2,0.203,1.52,icon_d2
2026-10-06,W1560,52.5455,11.03127,0.0,,13.5,13.7,0.235,13.2,0.203,1.51,icon_d2
2026-10-06,W0543,52.5365,11.0747,0.0,,13.4,13.7,0.235,13.2,0.203,1.54,icon_d2
2026-10-06,W0544,52.5365,11.1043,0.0,,13.5,13.7,0.235,13.2,0.203,1.52,icon_d2
2026-10-06,W0567,52.5545,11.1338,0.0,,13.4,13.7,0.235,13.2,0.203,1.5,icon_d2
2026-10-06,W1561,52.5455,11.14953,0.0,,13.4,13.8,0.218,13.0,0.181,1.52,icon_d2
2026-10-06,W1562,52.56351,10.11478,0.0,,14.7,13.6,0.177,12.8,0.154,1.37,icon_d2
2026-10-06,W0568,52.5725,10.1591,0.0,,14.5,13.1,0.164,12.0,0.133,1.39,icon_d2
2026-10-06,W0569,52.5725,10.1886,0.0,,14.5,13.1,0.164,12.0,0.133,1.39,icon_d2
2026-10-06,W0570,52.5725,10.2182,0.0,,14.5,13.1,0.164,12.0,0.133,1.41,icon_d2
2026-10-06,W1563,52.56351,10.23304,0.0,,14.5,13.1,0.164,12.0,0.133,1.41,icon_d2
2026-10-06,W0571,52.5725,10.2772,0.0,,14.4,13.4,0.161,12.5,0.126,1.43,icon_d2
2026-10-06,W0572,52.5725,10.3068,0.0,,14.4,13.4,0.161,12.5,0.126,1.44,icon_d2
2026-10-06,W0573,52.5725,10.3363,0.0,,14.4,13.1,0.161,12.0,0.129,1.46,icon_d2
2026-10-06,W0574,52.5725,10.3658,0.0,,14.4,13.1,0.161,12.0,0.129,1.48,icon_d2
2026-10-06,W0575,52.5725,10.3954,0.0,,14.3,13.1,0.161,12.0,0.129,1.48,icon_d2
2026-10-06,W0576,52.5725,10.4249,0.0,,14.2,13.1,0.161,12.0,0.129,1.5,icon_d2
2026-10-06,W0577,52.5725,10.4545,0.0,,14.2,12.9,0.161,11.8,0.132,1.48,icon_d2
2026-10-06,W0578,52.5725,10.484,0.0,,14.2,13.4,0.149,12.6,0.11,1.5,icon_d2
2026-10-06,W0579,52.5725,10.5135,0.0,,14.4,13.4,0.149,12.6,0.11,1.5,icon_d2
2026-10-06,W0580,52.5725,10.5431,0.0,,14.4,13.4,0.149,12.6,0.11,1.52,icon_d2
2026-10-06,W0581,52.5725,10.5726,0.0,,14.1,13.4,0.149,12.6,0.11,1.49,icon_d2
2026-10-06,W0582,52.5725,10.6021,0.0,,14.1,13.4,0.149,12.6,0.11,1.49,icon_d2
2026-10-06,W0583,52.5725,10.6317,0.0,,13.9,13.2,0.148,12.3,0.104,1.48,icon_d2
2026-10-06,W0584,52.5725,10.6612,0.0,,13.9,13.3,0.141,12.1,0.086,1.48,icon_d2
2026-10-06,W0585,52.5725,10.6908,0.0,,14.1,13.3,0.141,12.1,0.086,1.49,icon_d2
2026-10-06,W0586,52.5725,10.7203,0.0,,14.0,13.3,0.141,12.1,0.086,1.49,icon_d2
2026-10-06,W0587,52.5725,10.7498,0.0,,14.0,13.3,0.141,12.1,0.086,1.53,icon_d2
2026-10-06,W0588,52.5725,10.7794,0.0,,13.6,13.5,0.167,12.6,0.123,1.54,icon_d2
2026-10-06,W0589,52.5725,10.8089,0.0,,14.0,13.5,0.167,12.6,0.123,1.52,icon_d2
2026-10-06,W0590,52.5725,10.8384,0.0,,13.9,13.8,0.216,13.0,0.148,1.52,icon_d2
2026-10-06,W0591,52.5725,10.868,0.0,,13.9,13.8,0.216,13.0,0.148,1.52,icon_d2
2026-10-06,W0592,52.5725,10.8975,0.0,,13.8,13.8,0.216,13.0,0.148,1.5,icon_d2
2026-10-06,W0593,52.5725,10.9271,0.0,,13.9,13.8,0.216,13.0,0.148,1.51,icon_d2
2026-10-06,W1564,52.56351,10.94258,0.0,,14.0,13.8,0.216,13.0,0.148,1.52,icon_d2
2026-10-06,W1565,52.56351,10.97214,0.0,,13.6,13.8,0.216,13.0,0.148,1.52,icon_d2
2026-10-06,W1566,52.56351,11.00171,0.0,,13.6,13.7,0.235,13.2,0.203,1.49,icon_d2
2026-10-06,W1567,52.56351,11.03127,0.0,,13.6,13.7,0.235,13.2,0.203,1.5,icon_d2
2026-10-06,W0594,52.5725,11.0747,0.0,,13.6,13.7,0.235,13.2,0.203,1.51,icon_d2
2026-10-06,W1568,52.56351,11.0904,0.0,,13.5,13.7,0.235,13.2,0.203,1.51,icon_d2
2026-10-06,W0595,52.5725,11.1338,0.0,,14.0,14.3,0.21,13.7,0.151,1.5,icon_d2
2026-10-06,W1569,52.56351,11.14953,0.0,,13.4,13.8,0.218,13.0,0.181,1.5,icon_d2
2026-10-06,W1570,52.58153,10.11478,0.0,,14.6,13.8,0.169,13.0,0.145,1.34,icon_d2
2026-10-06,W0596,52.5905,10.1591,0.0,,14.5,13.1,0.164,12.0,0.133,1.38,icon_d2
2026-10-06,W0597,52.5905,10.1886,0.0,,14.5,13.1,0.164,12.0,0.133,1.4,icon_d2
2026-10-06,W0598,52.5905,10.2182,0.0,,14.3,13.4,0.161,12.5,0.126,1.4,icon_d2
2026-10-06,W0599,52.5905,10.2477,0.0,,14.3,13.4,0.161,12.5,0.126,1.41,icon_d2
2026-10-06,W0600,52.5905,10.2772,0.0,,14.4,13.4,0.161,12.5,0.126,1.41,icon_d2
2026-10-06,W0601,52.5905,10.3068,0.0,,14.4,13.4,0.161,12.5,0.126,1.44,icon_d2
2026-10-06,W0602,52.5905,10.3363,0.0,,14.2,13.1,0.161,12.0,0.129,1.44,icon_d2
2026-10-06,W1571,52.58153,10.3513,0.0,,14.4,13.1,0.161,12.0,0.129,1.46,icon_d2
2026-10-06,W1572,52.58153,10.38086,0.0,,14.4,13.1,0.161,12.0,0.129,1.48,icon_d2
2026-10-06,W1573,52.58153,10.41042,0.0,,14.3,12.9,0.161,11.8,0.132,1.48,icon_d2
2026-10-06,W0603,52.5905,10.4545,0.0,,14.2,12.9,0.161,11.8,0.132,1.44,icon_d2
2026-10-06,W0604,52.5905,10.484,0.0,,14.0,12.9,0.161,11.8,0.132,1.44,icon_d2
2026-10-06,W0605,52.5905,10.5135,0.0,,14.4,13.4,0.149,12.6,0.11,1.47,icon_d2
2026-10-06,W0606,52.5905,10.5431,0.0,,14.2,13.4,0.149,12.6,0.11,1.48,icon_d2
2026-10-06,W0607,52.5905,10.5726,0.0,,14.1,13.2,0.148,12.3,0.104,1.48,icon_d2
2026-10-06,W1574,52.58153,10.58781,0.0,,14.1,13.2,0.148,12.3,0.104,1.49,icon_d2
2026-10-06,W0608,52.5905,10.6317,0.0,,13.7,13.2,0.148,12.3,0.104,1.47,icon_d2
2026-10-06,W0609,52.5905,10.6612,0.0,,13.9,13.3,0.141,12.1,0.086,1.47,icon_d2
2026-10-06,W0610,52.5905,10.6908,0.0,,13.1,13.3,0.141,12.1,0.086,1.49,icon_d2
2026-10-06,W0611,52.5905,10.7203,0.0,,13.8,13.5,0.167,12.6,0.123,1.49,icon_d2
2026-10-06,W0612,52.5905,10.7498,0.0,,14.0,13.5,0.167,12.6,0.123,1.5,icon_d2
2026-10-06,W0613,52.5905,10.7794,0.0,,14.0,13.5,0.167,12.6,0.123,1.51,icon_d2
2026-10-06,W0614,52.5905,10.8089,0.0,,13.9,13.5,0.167,12.6,0.123,1.49,icon_d2
2026-10-06,W0615,52.5905,10.8384,0.0,,14.1,13.8,0.216,13.0,0.148,1.5,icon_d2
2026-10-06,W0616,52.5905,10.868,0.0,,14.4,13.8,0.216,13.0,0.148,1.5,icon_d2
2026-10-06,W1742,52.58153,10.88345,0.0,,13.9,13.8,0.216,13.0,0.148,1.5,icon_d2
2026-10-06,W1743,52.58153,10.91302,0.0,,13.8,13.9,0.222,13.3,0.173,1.5,icon_d2
2026-10-06,W0617,52.5905,10.9566,0.0,,14.3,13.9,0.222,13.3,0.173,1.51,icon_d2
2026-10-06,W1744,52.58153,10.97214,0.0,,14.2,13.9,0.222,13.3,0.173,1.49,icon_d2
2026-10-06,W0618,52.5905,11.0157,0.0,,14.5,13.7,0.235,13.2,0.203,1.5,icon_d2
2026-10-06,W0619,52.5905,11.0452,0.0,,14.0,13.7,0.235,13.2,0.203,1.5,icon_d2
2026-10-06,W1745,52.58153,11.06084,0.0,,13.5,13.7,0.235,13.2,0.203,1.51,icon_d2
2026-10-06,W1746,52.58153,11.0904,0.0,,14.2,14.3,0.21,13.7,0.151,1.52,icon_d2
2026-10-06,W0620,52.5905,11.1338,0.0,,14.0,14.3,0.21,13.7,0.151,1.49,icon_d2
2026-10-06,W1747,52.58153,11.14953,0.0,,13.8,14.3,0.21,13.7,0.151,1.48,icon_d2
2026-10-06,W1748,52.59955,10.11478,0.0,,14.8,13.8,0.169,13.0,0.145,1.34,icon_d2
2026-10-06,W1749,52.59955,10.14435,0.0,,14.8,13.8,0.169,13.0,0.145,1.35,icon_d2
2026-10-06,W1750,52.59955,10.17391,0.0,,14.5,13.4,0.161,12.5,0.126,1.38,icon_d2
2026-10-06,W1751,52.59955,10.20347,0.0,,14.3,13.4,0.161,12.5,0.126,1.36,icon_d2
2026-10-06,W1752,52.59955,10.23304,0.0,,14.2,13.4,0.161,12.5,0.126,1.36,icon_d2
2026-10-06,W1753,52.59955,10.2626,0.0,,14.3,13.4,0.161,12.5,0.126,1.39,icon_d2
2026-10-06,W1754,52.59955,10.29217,0.0,,14.4,13.4,0.161,12.5,0.126,1.4,icon_d2
2026-10-06,W1755,52.59955,10.32173,0.0,,14.3,13.4,0.161,12.5,0.126,1.44,icon_d2
2026-10-06,W1756,52.59955,10.3513,0.0,,14.4,12.9,0.161,11.8,0.132,1.44,icon_d2
2026-10-06,W1757,52.59955,10.38086,0.0,,14.2,12.9,0.161,11.8,0.132,1.43,icon_d2
2026-10-06,W1758,52.59955,10.41042,0.0,,14.2,12.9,0.161,11.8,0.132,1.45,icon_d2
2026-10-06,W1759,52.59955,10.43999,0.0,,14.2,12.9,0.161,11.8,0.132,1.42,icon_d2
2026-10-06,W1760,52.59955,10.46955,0.0,,14.1,12.9,0.161,11.8,0.132,1.45,icon_d2
2026-10-06,W1761,52.59955,10.49912,0.0,,14.1,13.4,0.149,12.6,0.11,1.44,icon_d2
2026-10-06,W1762,52.59955,10.52868,0.0,,14.4,13.2,0.148,12.3,0.104,1.45,icon_d2
2026-10-06,W1763,52.59955,10.55825,0.0,,14.2,13.2,0.148,12.3,0.104,1.46,icon_d2
2026-10-06,W1764,52.59955,10.58781,0.0,,14.1,13.2,0.148,12.3,0.104,1.46,icon_d2
2026-10-06,W1765,52.59955,10.61737,0.0,,13.9,13.2,0.148,12.3,0.104,1.46,icon_d2
2026-10-06,W1599,52.59955,10.64694,0.0,,13.7,13.2,0.148,12.3,0.104,1.46,icon_d2
2026-10-06,W1600,52.59955,10.6765,0.0,,13.9,13.3,0.141,12.1,0.086,1.47,icon_d2
2026-10-06,W1601,52.59955,10.70607,0.0,,13.1,13.5,0.167,12.6,0.123,1.49,icon_d2
2026-10-06,W1610,52.59955,10.73563,0.0,,14.1,13.5,0.167,12.6,0.123,1.5,icon_d2
2026-10-06,W1602,52.59955,10.76519,0.0,,14.1,13.5,0.167,12.6,0.123,1.51,icon_d2
2026-10-06,W1603,52.59955,10.79476,0.0,,13.9,13.5,0.167,12.6,0.123,1.49,icon_d2
2026-10-06,W1611,52.59955,10.82432,0.0,,14.0,13.5,0.167,12.6,0.123,1.5,icon_d2
2026-10-06,W1604,52.59955,10.85389,0.0,,14.3,13.9,0.222,13.3,0.173,1.53,icon_d2
2026-10-06,W1605,52.59955,10.88345,0.0,,14.2,13.9,0.222,13.3,0.173,1.52,icon_d2
2026-10-06,W1766,52.59955,10.91302,0.0,,13.9,13.9,0.222,13.3,0.173,1.52,icon_d2
2026-10-06,W1767,52.59955,10.94258,0.0,,14.0,13.9,0.222,13.3,0.173,1.52,icon_d2
2026-10-06,W1608,52.59955,10.97214,0.0,,14.5,13.9,0.222,13.3,0.173,1.5,icon_d2
2026-10-06,W1768,52.59955,11.00171,0.0,,14.5,13.7,0.235,13.2,0.203,1.49,icon_d2
2026-10-06,W1769,52.59955,11.03127,0.0,,14.0,14.3,0.21,13.7,0.151,1.5,icon_d2
2026-10-06,W1770,52.59955,11.06084,0.0,,13.9,14.3,0.21,13.7,0.151,1.51,icon_d2
2026-10-06,W1612,52.59955,11.0904,0.0,,13.9,14.3,0.21,13.7,0.151,1.48,icon_d2
2026-10-06,W1613,52.59955,11.11997,0.0,,14.0,14.3,0.21,13.7,0.151,1.49,icon_d2
2026-10-06,W1614,52.59955,11.14953,0.0,,14.0,14.3,0.21,13.7,0.151,1.49,icon_d2
2026-10-06,W0621,52.6086,10.1295,0.0,,14.8,13.8,0.169,13.0,0.145,1.36,icon_d2
2026-10-06,W0622,52.6086,10.1591,0.0,,14.5,13.4,0.161,12.5,0.126,1.37,icon_d2
2026-10-06,W0623,52.6086,10.1886,0.0,,14.5,13.4,0.161,12.5,0.126,1.36,icon_d2
2026-10-06,W0624,52.6086,10.2182,0.0,,14.3,13.4,0.161,12.5,0.126,1.36,icon_d2
2026-10-06,W0625,52.6086,10.2477,0.0,,14.3,13.4,0.161,12.5,0.126,1.35,icon_d2
2026-10-06,W0626,52.6086,10.2772,0.0,,14.4,13.4,0.161,12.5,0.126,1.4,icon_d2
2026-10-06,W0627,52.6086,10.3068,0.0,,14.3,13.4,0.161,12.5,0.126,1.44,icon_d2
2026-10-06,W1615,52.61757,10.32173,0.0,,14.3,13.4,0.161,12.5,0.126,1.39,icon_d2
2026-10-06,W0628,52.6086,10.3658,0.0,,14.4,12.9,0.161,11.8,0.132,1.42,icon_d2
2026-10-06,W0629,52.6086,10.3954,0.0,,14.1,12.9,0.161,11.8,0.132,1.42,icon_d2
2026-10-06,W0630,52.6086,10.4249,0.0,,14.2,12.9,0.161,11.8,0.132,1.41,icon_d2
2026-10-06,W1616,52.61757,10.43999,0.0,,13.9,12.9,0.161,11.8,0.132,1.41,icon_d2
2026-10-06,W0631,52.6086,10.484,0.0,,14.1,12.9,0.161,11.8,0.132,1.43,icon_d2
2026-10-06,W0632,52.6086,10.5135,0.0,,14.4,13.2,0.148,12.3,0.104,1.44,icon_d2
2026-10-06,W0633,52.6086,10.5431,0.0,,14.1,13.2,0.148,12.3,0.104,1.45,icon_d2
2026-10-06,W1617,52.61757,10.55825,0.0,,14.1,13.2,0.148,12.3,0.104,1.45,icon_d2
2026-10-06,W0634,52.6086,10.6021,0.0,,14.0,13.2,0.148,12.3,0.104,1.45,icon_d2
2026-10-06,W0635,52.6086,10.6317,0.0,,13.8,13.2,0.148,12.3,0.104,1.46,icon_d2
2026-10-06,W0636,52.6086,10.6612,0.0,,13.8,13.2,0.148,12.3,0.104,1.46,icon_d2
2026-10-06,W0637,52.6086,10.6908,0.0,,13.2,13.5,0.167,12.6,0.123,1.5,icon_d2
2026-10-06,W0638,52.6086,10.7203,0.0,,13.9,13.5,0.167,12.6,0.123,1.5,icon_d2
2026-10-06,W0639,52.6086,10.7498,0.0,,14.0,13.5,0.167,12.6,0.123,1.51,icon_d2
2026-10-06,W0640,52.6086,10.7794,0.0,,13.9,13.5,0.167,12.6,0.123,1.53,icon_d2
2026-10-06,W0641,52.6086,10.8089,0.0,,13.9,13.5,0.167,12.6,0.123,1.53,icon_d2
2026-10-06,W0642,52.6086,10.8384,0.0,,14.0,13.9,0.222,13.3,0.173,1.53,icon_d2
2026-10-06,W0643,52.6086,10.868,0.0,,14.4,13.9,0.222,13.3,0.173,1.53,icon_d2
2026-10-06,W1618,52.61757,10.88345,0.0,,14.4,13.9,0.222,13.3,0.173,1.53,icon_d2
2026-10-06,W1619,52.61757,10.91302,0.0,,14.2,13.9,0.222,13.3,0.173,1.53,icon_d2
2026-10-06,W0644,52.6086,10.9566,0.0,,14.3,13.9,0.222,13.3,0.173,1.49,icon_d2
2026-10-06,W0645,52.6086,10.9861,0.0,,14.5,13.9,0.222,13.3,0.173,1.5,icon_d2
2026-10-06,W0646,52.6086,11.0157,0.0,,14.4,14.3,0.21,13.7,0.151,1.48,icon_d2
2026-10-06,W0647,52.6086,11.0452,0.0,,14.1,14.3,0.21,13.7,0.151,1.51,icon_d2
2026-10-06,W0648,52.6086,11.0747,0.0,,13.8,14.3,0.21,13.7,0.151,1.5,icon_d2
2026-10-06,W0649,52.6086,11.1043,0.0,,13.9,14.3,0.21,13.7,0.151,1.49,icon_d2
2026-10-06,W0650,52.6086,11.1338,0.0,,14.0,14.3,0.21,13.7,0.151,1.53,icon_d2
2026-10-06,W1620,52.61757,11.14953,0.0,,15.0,14.3,0.21,13.7,0.151,1.54,icon_d2
2026-10-06,W0652,52.6266,10.1295,0.0,,14.6,13.8,0.169,13.0,0.145,1.36,icon_d2
2026-10-06,W0653,52.6266,10.1591,0.0,,14.4,13.4,0.161,12.5,0.126,1.33,icon_d2
2026-10-06,W0654,52.6266,10.1886,0.0,,14.5,13.4,0.161,12.5,0.126,1.33,icon_d2
2026-10-06,W0655,52.6266,10.2182,0.0,,14.3,13.4,0.161,12.5,0.126,1.33,icon_d2
2026-10-06,W0656,52.6266,10.2477,0.0,,14.2,13.4,0.161,12.5,0.126,1.34,icon_d2
2026-10-06,W0657,52.6266,10.2772,0.0,,14.4,13.4,0.161,12.5,0.126,1.35,icon_d2
2026-10-06,W1621,52.63559,10.29217,0.0,,14.4,13.4,0.161,12.5,0.126,1.38,icon_d2
2026-10-06,W1622,52.63559,10.32173,0.0,,14.3,13.0,0.179,12.2,0.165,1.37,icon_d2
2026-10-06,W0658,52.6266,10.3658,0.0,,14.3,12.9,0.161,11.8,0.132,1.39,icon_d2
2026-10-06,W0659,52.6266,10.3954,0.0,,14.2,12.9,0.161,11.8,0.132,1.4,icon_d2
2026-10-06,W0660,52.6266,10.4249,0.0,,14.2,12.9,0.161,11.8,0.132,1.41,icon_d2
2026-10-06,W0661,52.6266,10.4545,0.0,,14.1,12.9,0.161,11.8,0.132,1.41,icon_d2
2026-10-06,W0662,52.6266,10.484,0.0,,14.1,12.9,0.161,11.8,0.132,1.41,icon_d2
2026-10-06,W0663,52.6266,10.5135,0.0,,14.0,13.2,0.148,12.3,0.104,1.45,icon_d2
2026-10-06,W1623,52.63559,10.52868,0.0,,14.2,13.2,0.148,12.3,0.104,1.46,icon_d2
2026-10-06,W0664,52.6266,10.5726,0.0,,14.0,13.2,0.148,12.3,0.104,1.45,icon_d2
2026-10-06,W0665,52.6266,10.6021,0.0,,14.1,13.2,0.148,12.3,0.104,1.46,icon_d2
2026-10-06,W0666,52.6266,10.6317,0.0,,13.7,13.2,0.148,12.3,0.104,1.46,icon_d2
2026-10-06,W0667,52.6266,10.6612,0.0,,13.7,13.2,0.148,12.3,0.104,1.47,icon_d2
2026-10-06,W0668,52.6266,10.6908,0.0,,13.7,13.5,0.167,12.6,0.123,1.47,icon_d2
2026-10-06,W0669,52.6266,10.7203,0.0,,13.9,13.5,0.167,12.6,0.123,1.49,icon_d2
2026-10-06,W0670,52.6266,10.7498,0.0,,14.1,13.5,0.167,12.6,0.123,1.51,icon_d2
2026-10-06,W0671,52.6266,10.7794,0.0,,14.2,13.5,0.167,12.6,0.123,1.52,icon_d2
2026-10-06,W0672,52.6266,10.8089,0.0,,14.4,13.5,0.167,12.6,0.123,1.56,icon_d2
2026-10-06,W0673,52.6266,10.8384,0.0,,14.5,13.9,0.222,13.3,0.173,1.56,icon_d2
2026-10-06,W0674,52.6266,10.868,0.0,,14.4,13.9,0.222,13.3,0.173,1.54,icon_d2
2026-10-06,W1624,52.63559,10.88345,0.0,,14.6,13.9,0.222,13.3,0.173,1.54,icon_d2
2026-10-06,W1625,52.63559,10.91302,0.0,,14.5,13.9,0.222,13.3,0.173,1.54,icon_d2
2026-10-06,W0675,52.6266,10.9566,0.0,,14.1,13.9,0.222,13.3,0.173,1.47,icon_d2
2026-10-06,W0676,52.6266,10.9861,0.0,,14.1,13.9,0.222,13.3,0.173,1.47,icon_d2
2026-10-06,W0677,52.6266,11.0157,0.0,,14.4,14.3,0.21,13.7,0.151,1.47,icon_d2
2026-10-06,W0678,52.6266,11.0452,0.0,,14.6,14.3,0.21,13.7,0.151,1.49,icon_d2
2026-10-06,W1626,52.63559,11.06084,0.0,,15.1,14.3,0.21,13.7,0.151,1.55,icon_d2
2026-10-06,W0679,52.6266,11.1043,0.0,,14.4,14.3,0.21,13.7,0.151,1.51,icon_d2
2026-10-06,W0680,52.6266,11.1338,0.0,,14.8,14.3,0.21,13.7,0.151,1.53,icon_d2
2026-10-06,W1627,52.63559,11.14953,0.0,,15.2,14.3,0.21,13.7,0.151,1.56,icon_d2
2026-10-06,W0707,52.6626,10.1,0.0,,14.4,13.4,0.208,12.9,0.21,1.32,icon_d2
2026-10-06,W0709,52.6626,10.1591,0.0,,14.5,13.4,0.208,12.9,0.21,1.33,icon_d2
2026-10-06,W0710,52.6626,10.1886,0.0,,14.4,13.4,0.161,12.5,0.126,1.32,icon_d2
2026-10-06,W0711,52.6626,10.2182,0.0,,14.2,13.4,0.161,12.5,0.126,1.35,icon_d2
2026-10-06,W1628,52.6536,10.23304,0.0,,14.2,13.4,0.161,12.5,0.126,1.33,icon_d2
2026-10-06,W0712,52.6626,10.2772,0.0,,14.2,13.0,0.179,12.2,0.165,1.34,icon_d2
2026-10-06,W0684,52.6446,10.3068,0.0,,14.3,13.0,0.179,12.2,0.165,1.36,icon_d2
2026-10-06,W0713,52.6626,10.3363,0.0,,14.2,13.0,0.179,12.2,0.165,1.37,icon_d2
2026-10-06,W0714,52.6626,10.3658,0.0,,14.2,12.9,0.161,11.8,0.132,1.37,icon_d2
2026-10-06,W0715,52.6626,10.3954,0.0,,14.1,12.8,0.174,11.7,0.157,1.39,icon_d2
2026-10-06,W0716,52.6626,10.4249,0.0,,14.0,12.8,0.174,11.7,0.157,1.4,icon_d2
2026-10-06,W0717,52.6626,10.4545,0.0,,14.1,12.8,0.174,11.7,0.157,1.43,icon_d2
2026-10-06,W1629,52.6536,10.46955,0.0,,14.1,12.8,0.174,11.7,0.157,1.43,icon_d2
2026-10-06,W0718,52.6626,10.5135,0.0,,14.0,13.2,0.148,12.3,0.104,1.46,icon_d2
2026-10-06,W0719,52.6626,10.5431,0.0,,14.0,13.2,0.148,12.3,0.104,1.46,icon_d2
2026-10-06,W0720,52.6626,10.5726,0.0,,14.1,13.0,0.16,11.9,0.121,1.44,icon_d2
2026-10-06,W0721,52.6626,10.6021,0.0,,13.9,13.0,0.16,11.9,0.121,1.45,icon_d2
2026-10-06,W0722,52.6626,10.6317,0.0,,13.8,13.0,0.16,11.9,0.121,1.46,icon_d2
2026-10-06,W0723,52.6626,10.6612,0.0,,13.8,13.0,0.16,11.9,0.121,1.45,icon_d2
2026-10-06,W0724,52.6626,10.6908,0.0,,13.8,13.5,0.167,12.6,0.123,1.52,icon_d2
2026-10-06,W0725,52.6626,10.7203,0.0,,13.7,13.5,0.167,12.6,0.123,1.52,icon_d2
2026-10-06,W0726,52.6626,10.7498,0.0,,13.9,13.2,0.153,12.1,0.108,1.53,icon_d2
2026-10-06,W0727,52.6626,10.7794,0.0,,14.0,13.2,0.153,12.1,0.108,1.53,icon_d2
2026-10-06,W0728,52.6626,10.8089,0.0,,14.3,13.2,0.153,12.1,0.108,1.57,icon_d2
2026-10-06,W0729,52.6626,10.8384,0.0,,14.3,13.2,0.153,12.1,0.108,1.56,icon_d2
2026-10-06,W0730,52.6626,10.868,0.0,,14.6,13.9,0.222,13.3,0.173,1.58,icon_d2
2026-10-06,W0731,52.6626,10.8975,0.0,,14.4,13.6,0.23,12.7,0.182,1.55,icon_d2
2026-10-06,W0732,52.6626,10.9271,0.0,,14.4,13.6,0.23,12.7,0.182,1.52,icon_d2
2026-10-06,W0733,52.6626,10.9566,0.0,,14.1,13.6,0.23,12.7,0.182,1.5,icon_d2
2026-10-06,W0734,52.6626,10.9861,0.0,,14.5,13.6,0.23,12.7,0.182,1.51,icon_d2
2026-10-06,W0735,52.6626,11.0157,0.0,,14.5,14.3,0.21,13.7,0.151,1.54,icon_d2
2026-10-06,W0736,52.6626,11.0452,0.0,,14.7,14.3,0.21,13.7,0.151,1.54,icon_d2
2026-10-06,W0737,52.6626,11.0747,0.0,,14.9,14.2,0.211,13.4,0.149,1.54,icon_d2
2026-10-06,W0705,52.6446,11.1043,0.0,,14.9,14.3,0.21,13.7,0.151,1.53,icon_d2
2026-10-06,W0738,52.6626,11.1338,0.0,,15.0,14.2,0.211,13.4,0.149,1.52,icon_d2
2026-10-06,W1630,52.6536,11.14953,0.0,,14.9,14.2,0.211,13.4,0.149,1.55,icon_d2
2026-10-06,W0740,52.6806,10.1295,0.0,,14.2,13.4,0.208,12.9,0.21,1.33,icon_d2
2026-10-06,W0741,52.6806,10.1591,0.0,,14.5,13.4,0.208,12.9,0.21,1.34,icon_d2
2026-10-06,W0742,52.6806,10.1886,0.0,,14.6,13.0,0.179,12.2,0.165,1.36,icon_d2
2026-10-06,W0743,52.6806,10.2182,0.0,,14.2,13.0,0.179,12.2,0.165,1.36,icon_d2
2026-10-06,W0744,52.6806,10.2477,0.0,,14.2,13.0,0.179,12.2,0.165,1.36,icon_d2
2026-10-06,W0745,52.6806,10.2772,0.0,,14.1,13.0,0.179,12.2,0.165,1.36,icon_d2
2026-10-06,W0746,52.6806,10.3068,0.0,,14.2,13.0,0.179,12.2,0.165,1.36,icon_d2
2026-10-06,W1631,52.67162,10.32173,0.0,,14.2,13.0,0.179,12.2,0.165,1.36,icon_d2
2026-10-06,W0747,52.6806,10.3658,0.0,,14.2,12.8,0.174,11.7,0.157,1.39,icon_d2
2026-10-06,W0748,52.6806,10.3954,0.0,,14.2,12.8,0.174,11.7,0.157,1.39,icon_d2
2026-10-06,W0749,52.6806,10.4249,0.0,,14.0,12.8,0.174,11.7,0.157,1.41,icon_d2
2026-10-06,W0750,52.6806,10.4545,0.0,,13.9,12.8,0.174,11.7,0.157,1.42,icon_d2
2026-10-06,W0751,52.6806,10.484,0.0,,13.9,12.8,0.174,11.7,0.157,1.42,icon_d2
2026-10-06,W0752,52.6806,10.5135,0.0,,14.0,12.8,0.174,11.7,0.157,1.43,icon_d2
2026-10-06,W1632,52.67162,10.52868,0.0,,14.1,13.0,0.16,11.9,0.121,1.46,icon_d2
2026-10-06,W0753,52.6806,10.5726,0.0,,14.1,13.0,0.16,11.9,0.121,1.46,icon_d2
2026-10-06,W0754,52.6806,10.6021,0.0,,14.1,13.0,0.16,11.9,0.121,1.46,icon_d2
2026-10-06,W0755,52.6806,10.6317,0.0,,13.7,13.0,0.16,11.9,0.121,1.48,icon_d2
2026-10-06,W0756,52.6806,10.6612,0.0,,13.6,13.0,0.16,11.9,0.121,1.46,icon_d2
2026-10-06,W0757,52.6806,10.6908,0.0,,13.9,13.2,0.153,12.1,0.108,1.52,icon_d2
2026-10-06,W0758,52.6806,10.7203,0.0,,13.9,13.2,0.153,12.1,0.108,1.53,icon_d2
2026-10-06,W0759,52.6806,10.7498,0.0,,14.1,13.2,0.153,12.1,0.108,1.51,icon_d2
2026-10-06,W0760,52.6806,10.7794,0.0,,14.0,13.2,0.153,12.1,0.108,1.54,icon_d2
2026-10-06,W0761,52.6806,10.8089,0.0,,14.2,13.2,0.153,12.1,0.108,1.55,icon_d2
2026-10-06,W1633,52.67162,10.82432,0.0,,14.3,13.2,0.153,12.1,0.108,1.56,icon_d2
2026-10-06,W1634,52.67162,10.85389,0.0,,14.3,13.9,0.222,13.3,0.173,1.56,icon_d2
2026-10-06,W0762,52.6806,10.8975,0.0,,14.3,13.6,0.23,12.7,0.182,1.57,icon_d2
2026-10-06,W0763,52.6806,10.9271,0.0,,14.4,13.6,0.23,12.7,0.182,1.52,icon_d2
2026-10-06,W0764,52.6806,10.9566,0.0,,14.7,13.6,0.23,12.7,0.182,1.53,icon_d2
2026-10-06,W0765,52.6806,10.9861,0.0,,14.7,13.6,0.23,12.7,0.182,1.54,icon_d2
2026-10-06,W1635,52.67162,11.00171,0.0,,15.1,13.6,0.23,12.7,0.182,1.58,icon_d2
2026-10-06,W0766,52.6806,11.0452,0.0,,15.2,14.2,0.211,13.4,0.149,1.6,icon_d2
2026-10-06,W1636,52.67162,11.06084,0.0,,15.2,14.2,0.211,13.4,0.149,1.59,icon_d2
2026-10-06,W1637,52.67162,11.0904,0.0,,14.6,14.2,0.211,13.4,0.149,1.52,icon_d2
2026-10-06,W1638,52.67162,11.11997,0.0,,14.5,14.2,0.211,13.4,0.149,1.52,icon_d2
2026-10-06,W1639,52.67162,11.14953,0.0,,15.0,14.2,0.211,13.4,0.149,1.52,icon_d2
2026-10-06,W0768,52.6986,10.1295,0.0,,14.2,13.4,0.208,12.9,0.21,1.33,icon_d2
2026-10-06,W0769,52.6986,10.1591,0.0,,14.2,13.4,0.208,12.9,0.21,1.33,icon_d2
2026-10-06,W0770,52.6986,10.1886,0.0,,14.4,13.0,0.179,12.2,0.165,1.36,icon_d2
2026-10-06,W0771,52.6986,10.2182,0.0,,14.6,13.0,0.179,12.2,0.165,1.37,icon_d2
2026-10-06,W0772,52.6986,10.2477,0.0,,14.4,13.0,0.179,12.2,0.165,1.38,icon_d2
2026-10-06,W0773,52.6986,10.2772,0.0,,14.0,13.0,0.179,12.2,0.165,1.37,icon_d2
2026-10-06,W0774,52.6986,10.3068,0.0,,14.1,13.0,0.179,12.2,0.165,1.38,icon_d2
2026-10-06,W1640,52.68964,10.32173,0.0,,14.2,13.0,0.179,12.2,0.165,1.37,icon_d2
2026-10-06,W0775,52.6986,10.3658,0.0,,14.1,12.8,0.174,11.7,0.157,1.41,icon_d2
2026-10-06,W0776,52.6986,10.3954,0.0,,14.0,12.8,0.174,11.7,0.157,1.41,icon_d2
2026-10-06,W0777,52.6986,10.4249,0.0,,14.0,12.8,0.174,11.7,0.157,1.42,icon_d2
2026-10-06,W0778,52.6986,10.4545,0.0,,13.9,12.8,0.174,11.7,0.157,1.42,icon_d2
2026-10-06,W0779,52.6986,10.484,0.0,,13.8,12.8,0.174,11.7,0.157,1.42,icon_d2
2026-10-06,W0780,52.6986,10.5135,0.0,,13.9,12.8,0.174,11.7,0.157,1.43,icon_d2
2026-10-06,W0781,52.6986,10.5431,0.0,,14.1,13.0,0.16,11.9,0.121,1.43,icon_d2
2026-10-06,W0782,52.6986,10.5726,0.0,,14.2,13.0,0.16,11.9,0.121,1.43,icon_d2
2026-10-06,W0783,52.6986,10.6021,0.0,,14.1,13.0,0.16,11.9,0.121,1.45,icon_d2
2026-10-06,W0784,52.6986,10.6317,0.0,,13.7,13.0,0.16,11.9,0.121,1.44,icon_d2
2026-10-06,W0785,52.6986,10.6612,0.0,,13.7,13.0,0.16,11.9,0.121,1.46,icon_d2
2026-10-06,W1641,52.68964,10.6765,0.0,,14.0,13.0,0.16,11.9,0.121,1.52,icon_d2
2026-10-06,W0786,52.6986,10.7203,0.0,,13.9,13.2,0.153,12.1,0.108,1.5,icon_d2
2026-10-06,W1642,52.68964,10.73563,0.0,,14.1,13.2,0.153,12.1,0.108,1.51,icon_d2
2026-10-06,W1643,52.68964,10.76519,0.0,,14.1,13.2,0.153,12.1,0.108,1.53,icon_d2
2026-10-06,W1644,52.68964,10.79476,0.0,,14.2,13.2,0.153,12.1,0.108,1.54,icon_d2
2026-10-06,W0787,52.6986,10.8384,0.0,,14.3,13.2,0.153,12.1,0.108,1.54,icon_d2
2026-10-06,W0788,52.6986,10.868,0.0,,14.1,13.6,0.23,12.7,0.182,1.54,icon_d2
2026-10-06,W0789,52.6986,10.8975,0.0,,14.5,13.6,0.23,12.7,0.182,1.54,icon_d2
2026-10-06,W0790,52.6986,10.9271,0.0,,14.4,13.6,0.23,12.7,0.182,1.53,icon_d2
2026-10-06,W0791,52.6986,10.9566,0.0,,14.6,13.6,0.23,12.7,0.182,1.56,icon_d2
2026-10-06,W0792,52.6986,10.9861,0.0,,14.9,13.6,0.23,12.7,0.182,1.61,icon_d2
2026-10-06,W1645,52.68964,11.00171,0.0,,15.1,13.6,0.23,12.7,0.182,1.59,icon_d2
2026-10-06,W0793,52.6986,11.0452,0.0,,14.7,14.2,0.211,13.4,0.149,1.57,icon_d2
2026-10-06,W0794,52.6986,11.0747,0.0,,14.7,14.2,0.211,13.4,0.149,1.54,icon_d2
2026-10-06,W0795,52.6986,11.1043,0.0,,14.7,14.2,0.211,13.4,0.149,1.54,icon_d2
2026-10-06,W0796,52.6986,11.1338,0.0,,14.7,14.2,0.211,13.4,0.149,1.53,icon_d2
2026-10-06,W1646,52.68964,11.14953,0.0,,15.1,14.2,0.211,13.4,0.149,1.54,icon_d2
2026-10-06,W1647,52.70766,10.11478,0.0,,14.3,13.4,0.208,12.9,0.21,1.3,icon_d2
2026-10-06,W1648,52.70766,10.14435,0.0,,14.2,13.4,0.208,12.9,0.21,1.31,icon_d2
2026-10-06,W1649,52.70766,10.17391,0.0,,14.4,13.5,0.231,13.1,0.237,1.35,icon_d2
2026-10-06,W1650,52.70766,10.20347,0.0,,14.4,13.0,0.179,12.2,0.165,1.37,icon_d2
2026-10-06,W1651,52.70766,10.23304,0.0,,14.4,13.0,0.179,12.2,0.165,1.38,icon_d2
2026-10-06,W1652,52.70766,10.2626,0.0,,14.3,13.0,0.179,12.2,0.165,1.39,icon_d2
2026-10-06,W1653,52.70766,10.29217,0.0,,14.1,13.0,0.179,12.2,0.165,1.38,icon_d2
2026-10-06,W1654,52.70766,10.32173,0.0,,14.3,13.0,0.179,12.2,0.165,1.39,icon_d2
2026-10-06,W1655,52.70766,10.3513,0.0,,14.1,12.8,0.174,11.7,0.157,1.41,icon_d2
2026-10-06,W1656,52.70766,10.38086,0.0,,14.1,12.8,0.174,11.7,0.157,1.41,icon_d2
2026-10-06,W1657,52.70766,10.41042,0.0,,14.0,12.8,0.174,11.7,0.157,1.42,icon_d2
2026-10-06,W1658,52.70766,10.43999,0.0,,13.9,12.8,0.174,11.7,0.157,1.42,icon_d2
2026-10-06,W1659,52.70766,10.46955,0.0,,13.9,12.8,0.174,11.7,0.157,1.42,icon_d2
2026-10-06,W1660,52.70766,10.49912,0.0,,14.0,13.3,0.197,12.6,0.189,1.41,icon_d2
2026-10-06,W1661,52.70766,10.52868,0.0,,13.9,13.0,0.16,11.9,0.121,1.41,icon_d2
2026-10-06,W1662,52.70766,10.55825,0.0,,13.9,13.0,0.16,11.9,0.121,1.42,icon_d2
2026-10-06,W1663,52.70766,10.58781,0.0,,14.2,13.0,0.16,11.9,0.121,1.43,icon_d2
2026-10-06,W1664,52.70766,10.61737,0.0,,14.1,13.0,0.16,11.9,0.121,1.43,icon_d2
2026-10-06,W1665,52.70766,10.64694,0.0,,13.7,13.0,0.16,11.9,0.121,1.44,icon_d2
2026-10-06,W1666,52.70766,10.6765,0.0,,13.7,13.0,0.156,11.7,0.107,1.47,icon_d2
2026-10-06,W1667,52.70766,10.70607,0.0,,13.9,13.2,0.153,12.1,0.108,1.51,icon_d2
2026-10-06,W1668,52.70766,10.73563,0.0,,13.9,13.2,0.153,12.1,0.108,1.5,icon_d2
2026-10-06,W1669,52.70766,10.76519,0.0,,14.2,13.2,0.153,12.1,0.108,1.53,icon_d2
2026-10-06,W1670,52.70766,10.79476,0.0,,14.3,13.2,0.153,12.1,0.108,1.53,icon_d2
2026-10-06,W1671,52.70766,10.82432,0.0,,14.3,13.2,0.153,12.1,0.108,1.51,icon_d2
2026-10-06,W1672,52.70766,10.85389,0.0,,14.2,13.6,0.23,12.7,0.182,1.53,icon_d2
2026-10-06,W1673,52.70766,10.88345,0.0,,14.1,13.6,0.23,12.7,0.182,1.54,icon_d2
2026-10-06,W1674,52.70766,10.91302,0.0,,14.5,13.6,0.23,12.7,0.182,1.54,icon_d2
2026-10-06,W1675,52.70766,10.94258,0.0,,14.6,13.6,0.23,12.7,0.182,1.56,icon_d2
2026-10-06,W1676,52.70766,10.97214,0.0,,14.8,13.6,0.23,12.7,0.182,1.56,icon_d2
2026-10-06,W1677,52.70766,11.00171,0.0,,14.9,13.8,0.214,12.8,0.152,1.61,icon_d2
2026-10-06,W1678,52.70766,11.03127,0.0,,14.8,14.2,0.211,13.4,0.149,1.57,icon_d2
2026-10-06,W1679,52.70766,11.06084,0.0,,14.9,14.2,0.211,13.4,0.149,1.57,icon_d2
2026-10-06,W1680,52.70766,11.0904,0.0,,14.7,14.2,0.211,13.4,0.149,1.55,icon_d2
2026-10-06,W1681,52.70766,11.11997,0.0,,14.9,14.2,0.211,13.4,0.149,1.55,icon_d2
2026-10-06,W1682,52.70766,11.14953,0.0,,14.8,14.2,0.211,13.4,0.149,1.54,icon_d2
2026-10-06,W0798,52.7167,10.1295,0.0,,14.3,13.4,0.208,12.9,0.21,1.3,icon_d2
2026-10-06,W0799,52.7167,10.1591,0.0,,14.2,13.5,0.231,13.1,0.237,1.31,icon_d2
2026-10-06,W0800,52.7167,10.1886,0.0,,14.2,13.0,0.179,12.2,0.165,1.35,icon_d2
2026-10-06,W0801,52.7167,10.2182,0.0,,14.6,13.0,0.179,12.2,0.165,1.38,icon_d2
2026-10-06,W0802,52.7167,10.2477,0.0,,14.5,13.0,0.179,12.2,0.165,1.38,icon_d2
2026-10-06,W0803,52.7167,10.2772,0.0,,14.3,13.0,0.179,12.2,0.165,1.39,icon_d2
2026-10-06,W0804,52.7167,10.3068,0.0,,14.2,13.0,0.222,12.2,0.229,1.38,icon_d2
2026-10-06,W0805,52.7167,10.3363,0.0,,14.0,13.0,0.222,12.2,0.229,1.38,icon_d2
2026-10-06,W0806,52.7167,10.3658,0.0,,14.0,12.8,0.174,11.7,0.157,1.39,icon_d2
2026-10-06,W0807,52.7167,10.3954,0.0,,13.8,12.8,0.174,11.7,0.157,1.39,icon_d2
2026-10-06,W0808,52.7167,10.4249,0.0,,14.0,12.8,0.174,11.7,0.157,1.41,icon_d2
2026-10-06,W0809,52.7167,10.4545,0.0,,13.9,12.8,0.174,11.7,0.157,1.41,icon_d2
2026-10-06,W0810,52.7167,10.484,0.0,,13.9,13.3,0.197,12.6,0.189,1.41,icon_d2
2026-10-06,W0811,52.7167,10.5135,0.0,,14.0,13.3,0.197,12.6,0.189,1.41,icon_d2
2026-10-06,W0812,52.7167,10.5431,0.0,,14.0,13.0,0.16,11.9,0.121,1.41,icon_d2
2026-10-06,W0813,52.7167,10.5726,0.0,,14.0,13.0,0.16,11.9,0.121,1.43,icon_d2
2026-10-06,W0814,52.7167,10.6021,0.0,,14.1,13.0,0.16,11.9,0.121,1.43,icon_d2
2026-10-06,W1683,52.72568,10.61737,0.0,,14.2,13.0,0.156,11.7,0.107,1.43,icon_d2
2026-10-06,W0815,52.7167,10.6612,0.0,,14.1,13.0,0.156,11.7,0.107,1.46,icon_d2
2026-10-06,W0816,52.7167,10.6908,0.0,,13.9,13.2,0.153,12.1,0.108,1.46,icon_d2
2026-10-06,W1684,52.72568,10.70607,0.0,,13.9,13.2,0.153,12.1,0.108,1.47,icon_d2
2026-10-06,W1685,52.72568,10.73563,0.0,,13.8,13.2,0.153,12.1,0.108,1.5,icon_d2
2026-10-06,W1686,52.72568,10.76519,0.0,,13.9,13.2,0.153,12.1,0.108,1.5,icon_d2
2026-10-06,W0817,52.7167,10.8089,0.0,,14.1,13.2,0.151,11.9,0.1,1.5,icon_d2
2026-10-06,W0818,52.7167,10.8384,0.0,,14.3,13.2,0.151,11.9,0.1,1.53,icon_d2
2026-10-06,W0819,52.7167,10.868,0.0,,14.3,13.6,0.23,12.7,0.182,1.53,icon_d2
2026-10-06,W0820,52.7167,10.8975,0.0,,14.6,13.6,0.23,12.7,0.182,1.57,icon_d2
2026-10-06,W0821,52.7167,10.9271,0.0,,14.7,13.6,0.23,12.7,0.182,1.56,icon_d2
2026-10-06,W1687,52.72568,10.94258,0.0,,14.6,13.8,0.214,12.8,0.152,1.57,icon_d2
2026-10-06,W1688,52.72568,10.97214,0.0,,14.7,13.8,0.214,12.8,0.152,1.57,icon_d2
2026-10-06,W1689,52.72568,11.00171,0.0,,14.8,13.8,0.214,12.8,0.152,1.61,icon_d2
2026-10-06,W1690,52.72568,11.03127,0.0,,14.8,14.2,0.211,13.4,0.149,1.58,icon_d2
2026-10-06,W0822,52.7167,11.0747,0.0,,14.7,14.2,0.211,13.4,0.149,1.56,icon_d2
2026-10-06,W1691,52.72568,11.0904,0.0,,14.8,14.2,0.211,13.4,0.149,1.56,icon_d2
2026-10-06,W0823,52.7167,11.1338,0.0,,14.8,14.2,0.211,13.4,0.149,1.55,icon_d2
2026-10-06,W1692,52.72568,11.14953,0.0,,14.8,14.3,0.186,13.5,0.137,1.57,icon_d2
2026-10-06,W0825,52.7347,10.1295,0.0,,14.1,13.5,0.231,13.1,0.237,1.29,icon_d2
2026-10-06,W0826,52.7347,10.1591,0.0,,14.1,13.5,0.231,13.1,0.237,1.33,icon_d2
2026-10-06,W0827,52.7347,10.1886,0.0,,14.3,13.5,0.231,13.1,0.237,1.35,icon_d2
2026-10-06,W0828,52.7347,10.2182,0.0,,14.2,13.0,0.179,12.2,0.165,1.35,icon_d2
2026-10-06,W0829,52.7347,10.2477,0.0,,14.4,13.0,0.222,12.2,0.229,1.35,icon_d2
2026-10-06,W0860,52.7527,10.2772,0.0,,14.0,13.0,0.222,12.2,0.229,1.3,icon_d2
2026-10-06,W0830,52.7347,10.3068,0.0,,14.1,13.0,0.222,12.2,0.229,1.36,icon_d2
2026-10-06,W0831,52.7347,10.3363,0.0,,14.1,13.0,0.222,12.2,0.229,1.38,icon_d2
2026-10-06,W0832,52.7347,10.3658,0.0,,14.1,12.8,0.174,11.7,0.157,1.38,icon_d2
2026-10-06,W0833,52.7347,10.3954,0.0,,13.8,12.8,0.174,11.7,0.157,1.39,icon_d2
2026-10-06,W0834,52.7347,10.4249,0.0,,13.7,13.3,0.197,12.6,0.189,1.4,icon_d2
2026-10-06,W0835,52.7347,10.4545,0.0,,13.9,13.3,0.197,12.6,0.189,1.4,icon_d2
2026-10-06,W0836,52.7347,10.484,0.0,,13.8,13.3,0.197,12.6,0.189,1.4,icon_d2
2026-10-06,W0837,52.7347,10.5135,0.0,,14.2,13.3,0.197,12.6,0.189,1.45,icon_d2
2026-10-06,W0838,52.7347,10.5431,0.0,,14.1,13.0,0.16,11.9,0.121,1.44,icon_d2
2026-10-06,W0839,52.7347,10.5726,0.0,,14.1,13.0,0.156,11.7,0.107,1.42,icon_d2
2026-10-06,W0840,52.7347,10.6021,0.0,,14.1,13.0,0.156,11.7,0.107,1.43,icon_d2
2026-10-06,W1694,52.74369,10.61737,0.0,,14.2,13.0,0.156,11.7,0.107,1.44,icon_d2
2026-10-06,W0841,52.7347,10.6612,0.0,,14.2,13.0,0.156,11.7,0.107,1.46,icon_d2
2026-10-06,W1695,52.74369,10.6765,0.0,,14.2,13.0,0.156,11.7,0.107,1.46,icon_d2
2026-10-06,W0872,52.7527,10.7203,0.0,,14.0,13.2,0.151,11.9,0.1,1.46,icon_d2
2026-10-06,W0873,52.7527,10.7498,0.0,,14.0,13.2,0.151,11.9,0.1,1.47,icon_d2
2026-10-06,W0874,52.7527,10.7794,0.0,,14.1,13.2,0.151,11.9,0.1,1.46,icon_d2
2026-10-06,W0842,52.7347,10.8089,0.0,,14.3,13.2,0.151,11.9,0.1,1.48,icon_d2
2026-10-06,W0843,52.7347,10.8384,0.0,,14.1,13.2,0.151,11.9,0.1,1.46,icon_d2
2026-10-06,W0844,52.7347,10.868,0.0,,13.9,13.6,0.23,12.7,0.182,1.49,icon_d2
2026-10-06,W0845,52.7347,10.8975,0.0,,14.7,13.6,0.23,12.7,0.182,1.57,icon_d2
2026-10-06,W0846,52.7347,10.9271,0.0,,14.6,13.8,0.214,12.8,0.152,1.57,icon_d2
2026-10-06,W0847,52.7347,10.9566,0.0,,14.7,13.8,0.214,12.8,0.152,1.58,icon_d2
2026-10-06,W0848,52.7347,10.9861,0.0,,14.4,13.8,0.214,12.8,0.152,1.57,icon_d2
2026-10-06,W0849,52.7347,11.0157,0.0,,14.9,13.8,0.214,12.8,0.152,1.58,icon_d2
2026-10-06,W0850,52.7347,11.0452,0.0,,14.9,14.2,0.211,13.4,0.149,1.53,icon_d2
2026-10-06,W0851,52.7347,11.0747,0.0,,14.9,14.2,0.211,13.4,0.149,1.59,icon_d2
2026-10-06,W0852,52.7347,11.1043,0.0,,14.7,14.3,0.186,13.5,0.137,1.6,icon_d2
2026-10-06,W0853,52.7347,11.1338,0.0,,14.7,14.3,0.186,13.5,0.137,1.6,icon_d2
2026-10-06,W1699,52.74369,11.14953,0.0,,14.7,14.3,0.186,13.5,0.137,1.57,icon_d2
2026-10-06,W0887,52.7707,10.1295,0.0,,13.5,13.5,0.231,13.1,0.237,1.23,icon_d2
2026-10-06,W0888,52.7707,10.1591,0.0,,14.0,13.5,0.231,13.1,0.237,1.23,icon_d2
2026-10-06,W0889,52.7707,10.1886,0.0,,14.0,13.5,0.231,13.1,0.237,1.29,icon_d2
2026-10-06,W0890,52.7707,10.2182,0.0,,14.2,13.0,0.222,12.2,0.229,1.27,icon_d2
2026-10-06,W0891,52.7707,10.2477,0.0,,14.2,13.0,0.222,12.2,0.229,1.27,icon_d2
2026-10-06,W0892,52.7707,10.2772,0.0,,14.0,13.0,0.222,12.2,0.229,1.29,icon_d2
2026-10-06,W0893,52.7707,10.3068,0.0,,13.9,13.0,0.222,12.2,0.229,1.29,icon_d2
2026-10-06,W0894,52.7707,10.3363,0.0,,14.1,13.0,0.222,12.2,0.229,1.33,icon_d2
2026-10-06,W0895,52.7707,10.3658,0.0,,14.2,13.3,0.197,12.6,0.189,1.36,icon_d2
2026-10-06,W0896,52.7707,10.3954,0.0,,14.1,13.3,0.197,12.6,0.189,1.35,icon_d2
2026-10-06,W0897,52.7707,10.4249,0.0,,14.1,13.3,0.197,12.6,0.189,1.4,icon_d2
2026-10-06,W0898,52.7707,10.4545,0.0,,14.1,13.3,0.197,12.6,0.189,1.42,icon_d2
2026-10-06,W0899,52.7707,10.484,0.0,,14.1,13.3,0.197,12.6,0.189,1.42,icon_d2
2026-10-06,W0900,52.7707,10.5135,0.0,,14.4,13.3,0.197,12.6,0.189,1.48,icon_d2
2026-10-06,W0901,52.7707,10.5431,0.0,,14.2,13.0,0.156,11.7,0.107,1.47,icon_d2
2026-10-06,W0902,52.7707,10.5726,0.0,,14.7,13.0,0.156,11.7,0.107,1.48,icon_d2
2026-10-06,W0903,52.7707,10.6021,0.0,,14.6,13.0,0.156,11.7,0.107,1.45,icon_d2
2026-10-06,W0904,52.7707,10.6317,0.0,,14.6,13.0,0.156,11.7,0.107,1.45,icon_d2
2026-10-06,W0905,52.7707,10.6612,0.0,,14.2,13.0,0.156,11.7,0.107,1.44,icon_d2
2026-10-06,W0906,52.7707,10.6908,0.0,,14.3,13.0,0.156,11.7,0.107,1.42,icon_d2
2026-10-06,W0907,52.7707,10.7203,0.0,,14.0,13.2,0.151,11.9,0.1,1.41,icon_d2
2026-10-06,W0908,52.7707,10.7498,0.0,,14.2,13.2,0.151,11.9,0.1,1.45,icon_d2
2026-10-06,W0909,52.7707,10.7794,0.0,,14.0,13.2,0.151,11.9,0.1,1.4,icon_d2
2026-10-06,W0910,52.7707,10.8089,0.0,,14.5,13.2,0.151,11.9,0.1,1.45,icon_d2
2026-10-06,W0911,52.7707,10.8384,0.0,,14.5,13.2,0.151,11.9,0.1,1.48,icon_d2
2026-10-06,W0912,52.7707,10.868,0.0,,14.6,13.2,0.151,11.9,0.1,1.49,icon_d2
2026-10-06,W0913,52.7707,10.8975,0.0,,14.7,13.8,0.214,12.8,0.152,1.51,icon_d2
2026-10-06,W0914,52.7707,10.9271,0.0,,14.9,13.8,0.214,12.8,0.152,1.51,icon_d2
2026-10-06,W0915,52.7707,10.9566,0.0,,14.8,13.8,0.214,12.8,0.152,1.51,icon_d2
2026-10-06,W0916,52.7707,10.9861,0.0,,14.7,13.8,0.214,12.8,0.152,1.51,icon_d2
2026-10-06,W0917,52.7707,11.0157,0.0,,15.1,13.8,0.214,12.8,0.152,1.51,icon_d2
2026-10-06,W0918,52.7707,11.0452,0.0,,14.9,14.3,0.186,13.5,0.137,1.51,icon_d2
2026-10-06,W1700,52.76171,11.06084,0.0,,14.9,14.3,0.186,13.5,0.137,1.51,icon_d2
2026-10-06,W1701,52.76171,11.0904,0.0,,14.8,14.3,0.186,13.5,0.137,1.57,icon_d2
2026-10-06,W1702,52.76171,11.11997,0.0,,14.8,14.3,0.186,13.5,0.137,1.57,icon_d2
2026-10-06,W1703,52.76171,11.14953,0.0,,14.5,14.3,0.186,13.5,0.137,1.55,icon_d2
2026-10-06,W0920,52.7887,10.1295,0.0,,13.6,13.5,0.231,13.1,0.237,1.19,icon_d2
2026-10-06,W0921,52.7887,10.1591,0.0,,14.0,13.4,0.21,13.1,0.204,1.21,icon_d2
2026-10-06,W0922,52.7887,10.1886,0.0,,13.9,13.4,0.21,13.1,0.204,1.26,icon_d2
2026-10-06,W0923,52.7887,10.2182,0.0,,14.1,13.0,0.222,12.2,0.229,1.26,icon_d2
2026-10-06,W0924,52.7887,10.2477,0.0,,14.1,13.0,0.222,12.2,0.229,1.27,icon_d2
2026-10-06,W0925,52.7887,10.2772,0.0,,14.0,13.0,0.222,12.2,0.229,1.27,icon_d2
2026-10-06,W0926,52.7887,10.3068,0.0,,13.9,13.0,0.222,12.2,0.229,1.32,icon_d2
2026-10-06,W0927,52.7887,10.3363,0.0,,13.9,13.5,0.225,13.0,0.227,1.32,icon_d2
2026-10-06,W0928,52.7887,10.3658,0.0,,14.1,13.5,0.225,13.0,0.227,1.4,icon_d2
2026-10-06,W0929,52.7887,10.3954,0.0,,14.1,13.3,0.197,12.6,0.189,1.42,icon_d2
2026-10-06,W0930,52.7887,10.4249,0.0,,14.1,13.3,0.197,12.6,0.189,1.42,icon_d2
2026-10-06,W0931,52.7887,10.4545,0.0,,14.0,13.3,0.197,12.6,0.189,1.42,icon_d2
2026-10-06,W0932,52.7887,10.484,0.0,,14.0,13.8,0.186,13.2,0.163,1.44,icon_d2
2026-10-06,W0933,52.7887,10.5135,0.0,,14.4,13.8,0.186,13.2,0.163,1.48,icon_d2
2026-10-06,W0934,52.7887,10.5431,0.0,,14.4,13.0,0.156,11.7,0.107,1.48,icon_d2
2026-10-06,W0935,52.7887,10.5726,0.0,,14.6,13.0,0.156,11.7,0.107,1.44,icon_d2
2026-10-06,W0936,52.7887,10.6021,0.0,,14.7,13.0,0.156,11.7,0.107,1.45,icon_d2
2026-10-06,W1704,52.77973,10.61737,0.0,,14.6,13.0,0.156,11.7,0.107,1.44,icon_d2
2026-10-06,W0937,52.7887,10.6612,0.0,,14.3,13.6,0.156,12.4,0.102,1.42,icon_d2
2026-10-06,W0938,52.7887,10.6908,0.0,,14.3,13.6,0.156,12.4,0.102,1.41,icon_d2
2026-10-06,W0939,52.7887,10.7203,0.0,,14.2,13.2,0.151,11.9,0.1,1.41,icon_d2
2026-10-06,W0940,52.7887,10.7498,0.0,,14.2,13.2,0.151,11.9,0.1,1.41,icon_d2
2026-10-06,W0941,52.7887,10.7794,0.0,,14.1,13.2,0.151,11.9,0.1,1.4,icon_d2
2026-10-06,W0942,52.7887,10.8089,0.0,,14.3,13.2,0.151,11.9,0.1,1.4,icon_d2
2026-10-06,W0943,52.7887,10.8384,0.0,,14.6,13.6,0.149,12.3,0.093,1.48,icon_d2
2026-10-06,W0944,52.7887,10.868,0.0,,14.8,13.6,0.149,12.3,0.093,1.5,icon_d2
2026-10-06,W0945,52.7887,10.8975,0.0,,14.9,13.8,0.214,12.8,0.152,1.52,icon_d2
2026-10-06,W0946,52.7887,10.9271,0.0,,14.7,13.8,0.214,12.8,0.152,1.52,icon_d2
2026-10-06,W0947,52.7887,10.9566,0.0,,14.7,13.8,0.214,12.8,0.152,1.52,icon_d2
2026-10-06,W1705,52.77973,10.97214,0.0,,14.9,13.8,0.214,12.8,0.152,1.52,icon_d2
2026-10-06,W0948,52.7887,11.0157,0.0,,15.2,13.8,0.224,12.8,0.179,1.5,icon_d2
2026-10-06,W0949,52.7887,11.0452,0.0,,15.1,13.8,0.224,12.8,0.179,1.53,icon_d2
2026-10-06,W0950,52.7887,11.0747,0.0,,15.0,14.3,0.186,13.5,0.137,1.5,icon_d2
2026-10-06,W0951,52.7887,11.1043,0.0,,14.8,14.3,0.186,13.5,0.137,1.5,icon_d2
2026-10-06,W0952,52.7887,11.1338,0.0,,14.7,14.3,0.186,13.5,0.137,1.54,icon_d2
2026-10-06,W1706,52.77973,11.14953,0.0,,14.7,14.3,0.186,13.5,0.137,1.54,icon_d2
2026-10-06,W1707,52.79775,10.11478,0.0,,14.2,13.4,0.21,13.1,0.204,1.19,icon_d2
2026-10-06,W1771,52.79775,10.14435,0.0,,14.0,13.4,0.21,13.1,0.204,1.21,icon_d2
2026-10-06,W1772,52.79775,10.17391,0.0,,13.9,13.4,0.21,13.1,0.204,1.23,icon_d2
2026-10-06,W1773,52.79775,10.20347,0.0,,14.1,13.4,0.21,13.1,0.204,1.26,icon_d2
2026-10-06,W1774,52.79775,10.23304,0.0,,14.1,13.0,0.222,12.2,0.229,1.27,icon_d2
2026-10-06,W1775,52.79775,10.2626,0.0,,14.2,13.0,0.222,12.2,0.229,1.3,icon_d2
2026-10-06,W1776,52.79775,10.29217,0.0,,14.5,13.5,0.225,13.0,0.227,1.37,icon_d2
2026-10-06,W1777,52.79775,10.32173,0.0,,14.2,13.5,0.225,13.0,0.227,1.37,icon_d2
2026-10-06,W1778,52.79775,10.3513,0.0,,14.0,13.5,0.225,13.0,0.227,1.39,icon_d2
2026-10-06,W1779,52.79775,10.38086,0.0,,14.4,13.3,0.197,12.6,0.189,1.43,icon_d2
2026-10-06,W1780,52.79775,10.41042,0.0,,14.1,13.3,0.197,12.6,0.189,1.42,icon_d2
2026-10-06,W1781,52.79775,10.43999,0.0,,14.1,13.3,0.197,12.6,0.189,1.42,icon_d2
2026-10-06,W1782,52.79775,10.46955,0.0,,14.0,13.8,0.186,13.2,0.163,1.42,icon_d2
2026-10-06,W1708,52.79775,10.49912,0.0,,14.2,13.8,0.186,13.2,0.163,1.44,icon_d2
2026-10-06,W1709,52.79775,10.52868,0.0,,14.5,13.8,0.186,13.2,0.163,1.48,icon_d2
2026-10-06,W1710,52.79775,10.55825,0.0,,14.6,13.0,0.156,11.7,0.107,1.49,icon_d2
2026-10-06,W1711,52.79775,10.58781,0.0,,14.6,13.0,0.156,11.7,0.107,1.42,icon_d2
2026-10-06,W1712,52.79775,10.61737,0.0,,14.6,13.6,0.156,12.4,0.102,1.42,icon_d2
2026-10-06,W1713,52.79775,10.64694,0.0,,14.7,13.6,0.156,12.4,0.102,1.42,icon_d2
2026-10-06,W1714,52.79775,10.6765,0.0,,14.5,13.6,0.156,12.4,0.102,1.41,icon_d2
2026-10-06,W1715,52.79775,10.70607,0.0,,14.4,13.6,0.156,12.4,0.102,1.39,icon_d2
2026-10-06,W1716,52.79775,10.73563,0.0,,14.5,13.2,0.151,11.9,0.1,1.41,icon_d2
2026-10-06,W1717,52.79775,10.76519,0.0,,14.5,13.2,0.151,11.9,0.1,1.41,icon_d2
2026-10-06,W1783,52.79775,10.79476,0.0,,14.4,13.6,0.149,12.3,0.093,1.4,icon_d2
2026-10-06,W1718,52.79775,10.82432,0.0,,14.5,13.6,0.149,12.3,0.093,1.45,icon_d2
2026-10-06,W1719,52.79775,10.85389,0.0,,14.7,13.6,0.149,12.3,0.093,1.48,icon_d2
2026-10-06,W1720,52.79775,10.88345,0.0,,14.6,13.8,0.214,12.8,0.152,1.52,icon_d2
2026-10-06,W1721,52.79775,10.91302,0.0,,14.7,13.8,0.214,12.8,0.152,1.52,icon_d2
2026-10-06,W1722,52.79775,10.94258,0.0,,14.7,13.8,0.214,12.8,0.152,1.53,icon_d2
2026-10-06,W1723,52.79775,10.97214,0.0,,14.6,13.8,0.224,12.8,0.179,1.51,icon_d2
2026-10-06,W1724,52.79775,11.00171,0.0,,14.6,13.8,0.224,12.8,0.179,1.51,icon_d2
2026-10-06,W1725,52.79775,11.03127,0.0,,15.0,13.8,0.224,12.8,0.179,1.5,icon_d2
2026-10-06,W1726,52.79775,11.06084,0.0,,14.8,14.3,0.186,13.5,0.137,1.51,icon_d2
2026-10-06,W1727,52.79775,11.0904,0.0,,15.1,14.3,0.186,13.5,0.137,1.5,icon_d2
2026-10-06,W1728,52.79775,11.11997,0.0,,15.1,14.3,0.186,13.5,0.137,1.53,icon_d2
2026-10-06,W1729,52.79775,11.14953,0.0,,15.1,14.3,0.193,13.5,0.134,1.55,icon_d2
2026-10-06,W0954,52.8068,10.1295,0.0,,14.1,13.4,0.21,13.1,0.204,1.18,icon_d2
2026-10-06,W0955,52.8068,10.1591,0.0,,13.9,13.4,0.21,13.1,0.204,1.21,icon_d2
2026-10-06,W0956,52.8068,10.1886,0.0,,13.9,13.4,0.21,13.1,0.204,1.21,icon_d2
2026-10-06,W0957,52.8068,10.2182,0.0,,14.3,13.0,0.222,12.2,0.229,1.28,icon_d2
2026-10-06,W0958,52.8068,10.2477,0.0,,14.2,13.5,0.225,13.0,0.227,1.29,icon_d2
2026-10-06,W0959,52.8068,10.2772,0.0,,14.2,13.5,0.225,13.0,0.227,1.31,icon_d2
2026-10-06,W0960,52.8068,10.3068,0.0,,14.4,13.5,0.225,13.0,0.227,1.37,icon_d2
2026-10-06,W0961,52.8068,10.3363,0.0,,14.1,13.5,0.225,13.0,0.227,1.39,icon_d2
2026-10-06,W0962,52.8068,10.3658,0.0,,14.0,13.5,0.225,13.0,0.227,1.39,icon_d2
2026-10-06,W0963,52.8068,10.3954,0.0,,14.3,13.3,0.197,12.6,0.189,1.42,icon_d2
2026-10-06,W0964,52.8068,10.4249,0.0,,14.1,13.8,0.186,13.2,0.163,1.42,icon_d2
2026-10-06,W0965,52.8068,10.4545,0.0,,14.0,13.8,0.186,13.2,0.163,1.43,icon_d2
2026-10-06,W0966,52.8068,10.484,0.0,,14.0,13.8,0.186,13.2,0.163,1.43,icon_d2
2026-10-06,W0967,52.8068,10.5135,0.0,,14.5,13.8,0.186,13.2,0.163,1.46,icon_d2
2026-10-06,W0968,52.8068,10.5431,0.0,,14.8,13.8,0.186,13.2,0.163,1.49,icon_d2
2026-10-06,W0969,52.8068,10.5726,0.0,,14.7,13.0,0.156,11.7,0.107,1.42,icon_d2
2026-10-06,W0970,52.8068,10.6021,0.0,,14.6,13.6,0.156,12.4,0.102,1.41,icon_d2
2026-10-06,W0971,52.8068,10.6317,0.0,,14.5,13.6,0.156,12.4,0.102,1.42,icon_d2
2026-10-06,W0972,52.8068,10.6612,0.0,,14.6,13.6,0.156,12.4,0.102,1.4,icon_d2
2026-10-06,W0973,52.8068,10.6908,0.0,,14.4,13.6,0.156,12.4,0.102,1.39,icon_d2
2026-10-06,W0974,52.8068,10.7203,0.0,,14.4,13.2,0.151,11.9,0.1,1.39,icon_d2
2026-10-06,W0975,52.8068,10.7498,0.0,,14.4,13.2,0.151,11.9,0.1,1.41,icon_d2
2026-10-06,W0976,52.8068,10.7794,0.0,,14.3,13.6,0.149,12.3,0.093,1.41,icon_d2
2026-10-06,W0977,52.8068,10.8089,0.0,,14.3,13.6,0.149,12.3,0.093,1.42,icon_d2
2026-10-06,W1730,52.81577,10.82432,0.0,,14.7,13.6,0.149,12.3,0.093,1.48,icon_d2
2026-10-06,W0978,52.8068,10.868,0.0,,14.6,13.6,0.149,12.3,0.093,1.49,icon_d2
2026-10-06,W0979,52.8068,10.8975,0.0,,14.7,13.8,0.214,12.8,0.152,1.52,icon_d2
2026-10-06,W1731,52.81577,10.91302,0.0,,14.8,13.8,0.224,12.8,0.179,1.52,icon_d2
2026-10-06,W0980,52.8068,10.9566,0.0,,14.8,13.8,0.224,12.8,0.179,1.53,icon_d2
2026-10-06,W1732,52.81577,10.97214,0.0,,14.6,13.8,0.224,12.8,0.179,1.5,icon_d2
2026-10-06,W1733,52.81577,11.00171,0.0,,14.6,13.8,0.224,12.8,0.179,1.48,icon_d2
2026-10-06,W0981,52.8068,11.0452,0.0,,15.0,13.8,0.224,12.8,0.179,1.53,icon_d2
2026-10-06,W0982,52.8068,11.0747,0.0,,14.9,14.3,0.186,13.5,0.137,1.51,icon_d2
2026-10-06,W0983,52.8068,11.1043,0.0,,14.9,14.3,0.193,13.5,0.134,1.5,icon_d2
2026-10-06,W0984,52.8068,11.1338,0.0,,15.1,14.3,0.193,13.5,0.134,1.5,icon_d2
2026-10-06,W1734,52.81577,11.14953,0.0,,15.1,14.3,0.193,13.5,0.134,1.53,icon_d2
2026-10-06,W0986,52.8248,10.1295,0.0,,13.9,13.4,0.21,13.1,0.204,1.18,icon_d2
2026-10-06,W0987,52.8248,10.1591,0.0,,14.0,13.4,0.21,13.1,0.204,1.2,icon_d2
2026-10-06,W0988,52.8248,10.1886,0.0,,13.8,13.4,0.21,13.1,0.204,1.26,icon_d2
2026-10-06,W0989,52.8248,10.2182,0.0,,14.2,13.5,0.225,13.0,0.227,1.26,icon_d2
2026-10-06,W0990,52.8248,10.2477,0.0,,14.2,13.5,0.225,13.0,0.227,1.32,icon_d2
2026-10-06,W0991,52.8248,10.2772,0.0,,14.2,13.5,0.225,13.0,0.227,1.33,icon_d2
2026-10-06,W0992,52.8248,10.3068,0.0,,14.3,13.5,0.225,13.0,0.227,1.35,icon_d2
2026-10-06,W0993,52.8248,10.3363,0.0,,14.2,13.5,0.225,13.0,0.227,1.37,icon_d2
2026-10-06,W0994,52.8248,10.3658,0.0,,14.1,13.5,0.225,13.0,0.227,1.41,icon_d2
2026-10-06,W0995,52.8248,10.3954,0.0,,14.3,13.8,0.186,13.2,0.163,1.42,icon_d2
2026-10-06,W0996,52.8248,10.4249,0.0,,14.2,13.8,0.186,13.2,0.163,1.42,icon_d2
2026-10-06,W0997,52.8248,10.4545,0.0,,14.2,13.8,0.186,13.2,0.163,1.42,icon_d2
2026-10-06,W0998,52.8248,10.484,0.0,,14.1,13.8,0.186,13.2,0.163,1.42,icon_d2
2026-10-06,W0999,52.8248,10.5135,0.0,,14.4,13.8,0.186,13.2,0.163,1.46,icon_d2
2026-10-06,W1000,52.8248,10.5431,0.0,,14.7,13.8,0.186,13.2,0.163,1.45,icon_d2
2026-10-06,W1001,52.8248,10.5726,0.0,,14.6,13.6,0.156,12.4,0.102,1.4,icon_d2
2026-10-06,W1002,52.8248,10.6021,0.0,,14.6,13.6,0.156,12.4,0.102,1.42,icon_d2
2026-10-06,W1003,52.8248,10.6317,0.0,,14.7,13.6,0.156,12.4,0.102,1.42,icon_d2
2026-10-06,W1735,52.83378,10.64694,0.0,,14.7,13.6,0.156,12.4,0.102,1.4,icon_d2
2026-10-06,W1736,52.83378,10.6765,0.0,,14.7,13.6,0.156,12.4,0.102,1.4,icon_d2
2026-10-06,W1004,52.8248,10.7203,0.0,,14.4,13.6,0.156,12.4,0.102,1.37,icon_d2
2026-10-06,W1005,52.8248,10.7498,0.0,,14.5,13.6,0.149,12.3,0.093,1.39,icon_d2
2026-10-06,W1006,52.8248,10.7794,0.0,,14.5,13.6,0.149,12.3,0.093,1.42,icon_d2
2026-10-06,W1007,52.8248,10.8089,0.0,,14.5,13.6,0.149,12.3,0.093,1.43,icon_d2
2026-10-06,W1737,52.83378,10.82432,0.0,,15.0,13.6,0.149,12.3,0.093,1.52,icon_d2
2026-10-06,W1008,52.8248,10.868,0.0,,14.7,13.6,0.149,12.3,0.093,1.51,icon_d2
2026-10-06,W1009,52.8248,10.8975,0.0,,14.6,13.8,0.224,12.8,0.179,1.51,icon_d2
2026-10-06,W1010,52.8248,10.9271,0.0,,14.7,13.8,0.224,12.8,0.179,1.51,icon_d2
2026-10-06,W1011,52.8248,10.9566,0.0,,14.5,13.8,0.224,12.8,0.179,1.51,icon_d2
2026-10-06,W1012,52.8248,10.9861,0.0,,14.6,13.8,0.224,12.8,0.179,1.5,icon_d2
2026-10-06,W1738,52.83378,11.00171,0.0,,14.5,13.8,0.224,12.8,0.179,1.48,icon_d2
2026-10-06,W1013,52.8248,11.0452,0.0,,14.5,13.8,0.224,12.8,0.179,1.47,icon_d2
2026-10-06,W1739,52.83378,11.06084,0.0,,14.7,14.3,0.193,13.5,0.134,1.5,icon_d2
2026-10-06,W1014,52.8248,11.1043,0.0,,14.7,14.3,0.193,13.5,0.134,1.47,icon_d2
2026-10-06,W1015,52.8248,11.1338,0.0,,15.2,14.3,0.193,13.5,0.134,1.54,icon_d2
2026-10-06,W1740,52.83378,11.14953,0.0,,14.6,14.3,0.193,13.5,0.134,1.49,icon_d2
2026-10-06,W1017,52.8428,10.1295,0.0,,13.7,13.4,0.21,13.1,0.204,1.19,icon_d2
2026-10-06,W1018,52.8428,10.1591,0.0,,14.2,13.4,0.21,13.1,0.204,1.21,icon_d2
2026-10-06,W1019,52.8428,10.1886,0.0,,14.0,13.4,0.21,13.1,0.204,1.23,icon_d2
2026-10-06,W1020,52.8428,10.2182,0.0,,14.1,13.5,0.225,13.0,0.227,1.26,icon_d2
2026-10-06,W1021,52.8428,10.2477,0.0,,14.0,13.5,0.225,13.0,0.227,1.26,icon_d2
2026-10-06,W1022,52.8428,10.2772,0.0,,14.3,13.5,0.225,13.0,0.227,1.33,icon_d2
2026-10-06,W1023,52.8428,10.3068,0.0,,14.4,13.5,0.225,13.0,0.227,1.33,icon_d2
2026-10-06,W1024,52.8428,10.3363,0.0,,14.4,13.5,0.225,13.0,0.227,1.35,icon_d2
2026-10-06,W1025,52.8428,10.3658,0.0,,14.3,13.5,0.225,13.0,0.227,1.4,icon_d2
2026-10-06,W1026,52.8428,10.3954,0.0,,14.4,13.8,0.186,13.2,0.163,1.39,icon_d2
2026-10-06,W1027,52.8428,10.4249,0.0,,14.5,13.8,0.186,13.2,0.163,1.42,icon_d2
2026-10-06,W1028,52.8428,10.4545,0.0,,14.8,13.8,0.186,13.2,0.163,1.43,icon_d2
2026-10-06,W1029,52.8428,10.484,0.0,,14.7,13.8,0.186,13.2,0.163,1.46,icon_d2
2026-10-06,W1030,52.8428,10.5135,0.0,,14.5,13.8,0.186,13.2,0.163,1.45,icon_d2
2026-10-06,W1031,52.8428,10.5431,0.0,,14.9,13.8,0.186,13.2,0.163,1.42,icon_d2
2026-10-06,W1032,52.8428,10.5726,0.0,,14.6,13.6,0.156,12.4,0.102,1.4,icon_d2
2026-10-06,W1033,52.8428,10.6021,0.0,,14.6,13.6,0.156,12.4,0.102,1.4,icon_d2
2026-10-06,W1034,52.8428,10.6317,0.0,,14.5,13.6,0.156,12.4,0.102,1.41,icon_d2
2026-10-06,W1035,52.8428,10.6612,0.0,,14.8,13.6,0.156,12.4,0.102,1.41,icon_d2
2026-10-06,W1036,52.8428,10.7203,0.0,,14.6,13.6,0.156,12.4,0.102,1.39,icon_d2
2026-10-06,W1037,52.8428,10.7498,0.0,,14.4,13.6,0.149,12.3,0.093,1.39,icon_d2
2026-10-06,W1038,52.8428,10.7794,0.0,,14.4,13.6,0.149,12.3,0.093,1.4,icon_d2
2026-10-06,W1039,52.8428,10.8089,0.0,,14.2,13.6,0.149,12.3,0.093,1.47,icon_d2
2026-10-06,W1040,52.8428,10.8384,0.0,,14.9,13.6,0.149,12.3,0.093,1.52,icon_d2
2026-10-06,W1041,52.8428,10.868,0.0,,15.1,13.6,0.149,12.3,0.093,1.55,icon_d2
2026-10-06,W1042,52.8428,10.8975,0.0,,14.8,13.8,0.224,12.8,0.179,1.5,icon_d2
2026-10-06,W1043,52.8428,10.9271,0.0,,14.8,13.8,0.224,12.8,0.179,1.5,icon_d2
2026-10-06,W1044,52.8428,10.9566,0.0,,14.8,13.8,0.224,12.8,0.179,1.48,icon_d2
2026-10-06,W1045,52.8428,10.9861,0.0,,14.8,13.8,0.224,12.8,0.179,1.46,icon_d2
2026-10-06,W1741,52.8428,11.0747,0.0,,14.9,14.3,0.193,13.5,0.134,1.5,icon_d2
2026-10-06,W1784,52.8518,10.6765,0.0,,14.9,13.6,0.156,12.4,0.102,1.4,icon_d2
2026-10-06,W1785,52.8518,11.00171,0.0,,14.6,13.8,0.224,12.8,0.179,1.48,icon_d2
2026-10-06,W1786,52.8518,11.03127,0.0,,14.4,14.1,0.137,13.1,0.077,1.46,icon_d2
2026-10-06,W1787,52.8518,11.0904,0.0,,14.9,14.3,0.193,13.5,0.134,1.5,icon_d2
2026-10-06,W1788,52.8518,11.11997,0.0,,14.9,14.3,0.193,13.5,0.134,1.46,icon_d2
2026-10-06,W1789,52.8518,11.14953,0.0,,14.9,14.3,0.193,13.5,0.134,1.45,icon_d2
2026-10-06,W1790,52.59955,10.73563,0.0,,14.1,13.5,0.167,12.6,0.123,1.5,icon_d2
2026-10-06,W1791,52.61757,10.88345,0.0,,14.4,13.9,0.222,13.3,0.173,1.53,icon_d2
2026-10-06,W1792,52.61757,10.91302,0.0,,14.2,13.9,0.222,13.3,0.173,1.53,icon_d2
2026-10-06,W1793,52.61757,11.14953,0.0,,15.0,14.3,0.21,13.7,0.151,1.54,icon_d2
2026-10-06,W1794,52.63559,10.29217,0.0,,14.4,13.4,0.161,12.5,0.126,1.38,icon_d2
2026-10-06,W1795,52.63559,10.32173,0.0,,14.3,13.0,0.179,12.2,0.165,1.37,icon_d2
2026-10-06,W1796,52.63559,10.52868,0.0,,14.2,13.2,0.148,12.3,0.104,1.46,icon_d2
2026-10-06,W1797,52.63559,10.88345,0.0,,14.6,13.9,0.222,13.3,0.173,1.54,icon_d2
2026-10-06,W1798,52.63559,10.91302,0.0,,14.5,13.9,0.222,13.3,0.173,1.54,icon_d2
2026-10-06,W1799,52.63559,11.06084,0.0,,15.1,14.3,0.21,13.7,0.151,1.55,icon_d2
2026-10-06,W1800,52.63559,11.14953,0.0,,15.2,14.3,0.21,13.7,0.151,1.56,icon_d2
2026-10-06,W1801,52.6536,10.23304,0.0,,14.2,13.4,0.161,12.5,0.126,1.33,icon_d2
2026-10-07,W0013,52.068,10.1295,0.0,,13.5,12.9,0.25,12.6,0.246,1.96,icon_d2
2026-10-07,W0014,52.068,10.1591,0.0,,13.4,12.9,0.25,12.6,0.246,1.97,icon_d2
2026-10-07,W0015,52.068,10.1886,0.0,,14.7,13.7,0.229,13.6,0.202,2.04,icon_d2
2026-10-07,W0016,52.068,10.2182,0.0,,14.0,13.7,0.229,13.6,0.202,2.0,icon_d2
2026-10-07,W0005,52.05,10.2477,0.0,,14.7,13.7,0.229,13.6,0.202,2.02,icon_d2
2026-10-07,W1046,52.05901,10.2626,0.0,,14.5,13.7,0.229,13.6,0.202,2.04,icon_d2
2026-10-07,W1047,52.05901,10.29217,0.0,,13.5,13.7,0.229,13.6,0.202,2.02,icon_d2
2026-10-07,W0017,52.068,10.3363,0.0,,13.6,13.7,0.229,13.6,0.202,2.02,icon_d2
2026-10-07,W0018,52.068,10.3658,0.0,,14.8,13.0,0.208,13.0,0.167,2.01,icon_d2
2026-10-07,W0019,52.068,10.3954,0.0,,14.4,13.7,0.208,13.7,0.167,2.06,icon_d2
2026-10-07,W0020,52.068,10.4249,0.0,,14.0,13.7,0.208,13.7,0.167,2.08,icon_d2
2026-10-07,W1048,52.05901,10.43999,0.0,,14.1,13.7,0.208,13.7,0.167,2.09,icon_d2
2026-10-07,W1049,52.05901,10.46955,0.0,,14.2,13.7,0.208,13.7,0.167,2.16,icon_d2
2026-10-07,W0021,52.068,10.5135,0.0,,13.6,14.0,0.219,14.1,0.185,2.12,icon_d2
2026-10-07,W0022,52.068,10.5431,0.0,,13.8,14.0,0.219,14.1,0.185,2.15,icon_d2
2026-10-07,W1050,52.05901,10.55825,0.0,,13.4,14.0,0.219,14.1,0.185,2.18,icon_d2
2026-10-07,W1051,52.05901,10.58781,0.0,,13.5,14.0,0.219,14.1,0.185,2.18,icon_d2
2026-10-07,W0010,52.05,10.6317,0.0,,13.8,14.0,0.219,14.1,0.185,2.24,icon_d2
2026-10-07,W1053,52.05901,10.64694,0.0,,14.0,14.0,0.219,14.1,0.185,2.21,icon_d2
2026-10-07,W1054,52.05901,10.6765,0.0,,14.1,13.6,0.229,13.2,0.196,2.24,icon_d2
2026-10-07,W1055,52.05901,10.70607,0.0,,14.2,13.6,0.229,13.2,0.196,2.2,icon_d2
2026-10-07,W1056,52.05901,10.73563,0.0,,13.8,13.6,0.229,13.2,0.196,2.2,icon_d2
2026-10-07,W1057,52.05901,10.76519,0.0,,14.0,13.6,0.229,13.2,0.196,2.24,icon_d2
2026-10-07,W0011,52.05,10.8089,0.0,,14.1,13.6,0.229,13.2,0.196,2.28,icon_d2
2026-10-07,W1059,52.05901,10.82432,0.0,,13.6,13.6,0.229,13.2,0.196,2.2,icon_d2
2026-10-07,W1060,52.05901,10.85389,0.0,,13.9,13.2,0.251,12.8,0.233,2.2,icon_d2
2026-10-07,W1061,52.05901,10.88345,0.0,,13.6,13.2,0.251,12.8,0.233,2.18,icon_d2
2026-10-07,W1062,52.05901,10.91302,0.0,,13.5,13.2,0.251,12.8,0.233,2.17,icon_d2
2026-10-07,W1063,52.05901,10.94258,0.0,,13.3,13.2,0.251,12.8,0.233,2.15,icon_d2
2026-10-07,W1064,52.05901,10.97214,0.0,,13.3,13.2,0.251,12.8,0.233,2.23,icon_d2
2026-10-07,W1065,52.05901,11.00171,0.0,,13.2,13.2,0.251,12.8,0.233,2.22,icon_d2
2026-10-07,W1066,52.05901,11.03127,0.0,,14.3,12.7,0.255,12.1,0.245,2.34,icon_d2
2026-10-07,W1067,52.05901,11.06084,0.0,,14.7,12.7,0.255,12.1,0.245,2.37,icon_d2
2026-10-07,W1068,52.05901,11.0904,0.0,,14.4,12.7,0.255,12.1,0.245,2.34,icon_d2
2026-10-07,W1069,52.05901,11.11997,0.0,,14.7,12.7,0.255,12.1,0.245,2.29,icon_d2
2026-10-07,W1070,52.05901,11.14953,0.0,,14.6,12.7,0.255,12.1,0.245,2.28,icon_d2
2026-10-07,W0024,52.086,10.1295,0.0,,12.5,13.6,0.232,13.4,0.221,1.92,icon_d2
2026-10-07,W1071,52.07703,10.14435,0.0,,13.2,12.9,0.25,12.6,0.246,1.98,icon_d2
2026-10-07,W0025,52.086,10.1886,0.0,,13.8,13.7,0.229,13.6,0.202,2.02,icon_d2
2026-10-07,W0026,52.086,10.2182,0.0,,13.6,13.7,0.229,13.6,0.202,2.03,icon_d2
2026-10-07,W1072,52.07703,10.23304,0.0,,13.8,13.7,0.229,13.6,0.202,2.03,icon_d2
2026-10-07,W1073,52.07703,10.2626,0.0,,13.2,13.7,0.229,13.6,0.202,2.04,icon_d2
2026-10-07,W1575,52.07703,10.29217,0.0,,14.9,13.7,0.229,13.6,0.202,2.11,icon_d2
2026-10-07,W0027,52.086,10.3363,0.0,,14.7,13.9,0.214,13.7,0.19,2.09,icon_d2
2026-10-07,W0028,52.086,10.3658,0.0,,15.0,13.1,0.208,13.1,0.167,2.05,icon_d2
2026-10-07,W0029,52.086,10.3954,0.0,,14.6,13.7,0.208,13.7,0.167,2.07,icon_d2
2026-10-07,W1074,52.07703,10.41042,0.0,,14.6,13.7,0.208,13.7,0.167,2.07,icon_d2
2026-10-07,W1075,52.07703,10.43999,0.0,,14.5,13.7,0.208,13.7,0.167,2.19,icon_d2
2026-10-07,W1076,52.07703,10.46955,0.0,,14.4,13.7,0.208,13.7,0.167,2.19,icon_d2
2026-10-07,W0030,52.086,10.5135,0.0,,14.2,13.5,0.207,13.4,0.178,2.06,icon_d2
2026-10-07,W0031,52.086,10.5431,0.0,,14.3,14.0,0.219,14.1,0.185,2.12,icon_d2
2026-10-07,W0032,52.086,10.5726,0.0,,14.2,14.0,0.219,14.1,0.185,2.18,icon_d2
2026-10-07,W1077,52.07703,10.58781,0.0,,14.0,14.0,0.219,14.1,0.185,2.17,icon_d2
2026-10-07,W1576,52.07703,10.61737,0.0,,14.3,14.0,0.219,14.1,0.185,2.16,icon_d2
2026-10-07,W1078,52.07703,10.64694,0.0,,14.3,14.0,0.219,14.1,0.185,2.19,icon_d2
2026-10-07,W1079,52.07703,10.6765,0.0,,14.3,13.6,0.229,13.2,0.196,2.19,icon_d2
2026-10-07,W1080,52.07703,10.70607,0.0,,14.1,13.6,0.229,13.2,0.196,2.2,icon_d2
2026-10-07,W1081,52.07703,10.73563,0.0,,14.0,13.6,0.229,13.2,0.196,2.23,icon_d2
2026-10-07,W1082,52.07703,10.76519,0.0,,14.3,13.6,0.229,13.2,0.196,2.25,icon_d2
2026-10-07,W1577,52.07703,10.79476,0.0,,14.1,13.6,0.229,13.2,0.196,2.25,icon_d2
2026-10-07,W1083,52.07703,10.82432,0.0,,14.2,13.7,0.223,13.3,0.196,2.26,icon_d2
2026-10-07,W1084,52.07703,10.85389,0.0,,14.6,13.2,0.251,12.8,0.233,2.26,icon_d2
2026-10-07,W1085,52.07703,10.88345,0.0,,14.3,13.2,0.251,12.8,0.233,2.21,icon_d2
2026-10-07,W1086,52.07703,10.91302,0.0,,13.7,13.2,0.251,12.8,0.233,2.13,icon_d2
2026-10-07,W1087,52.07703,10.94258,0.0,,13.7,13.2,0.251,12.8,0.233,2.13,icon_d2
2026-10-07,W1088,52.07703,10.97214,0.0,,13.4,13.2,0.251,12.8,0.233,2.18,icon_d2
2026-10-07,W1089,52.07703,11.00171,0.0,,13.7,13.8,0.197,13.1,0.179,2.22,icon_d2
2026-10-07,W1090,52.07703,11.03127,0.0,,14.1,12.7,0.255,12.1,0.245,2.29,icon_d2
2026-10-07,W1091,52.07703,11.06084,0.0,,14.5,12.7,0.255,12.1,0.245,2.35,icon_d2
2026-10-07,W1092,52.07703,11.0904,0.0,,15.3,12.7,0.255,12.1,0.245,2.4,icon_d2
2026-10-07,W0033,52.086,11.1338,0.0,,15.6,13.8,0.213,13.5,0.199,2.39,icon_d2
2026-10-07,W1093,52.07703,11.14953,0.0,,15.7,13.8,0.213,13.5,0.199,2.39,icon_d2
2026-10-07,W1094,52.09505,10.11478,0.0,,13.0,13.6,0.232,13.4,0.221,1.94,icon_d2
2026-10-07,W1095,52.09505,10.14435,0.0,,13.1,13.6,0.232,13.4,0.221,1.94,icon_d2
2026-10-07,W1096,52.09505,10.17391,0.0,,13.3,13.6,0.232,13.4,0.221,2.0,icon_d2
2026-10-07,W1097,52.09505,10.20347,0.0,,14.2,13.7,0.229,13.6,0.202,2.07,icon_d2
2026-10-07,W1098,52.09505,10.23304,0.0,,15.0,13.7,0.229,13.6,0.202,2.08,icon_d2
2026-10-07,W1099,52.09505,10.2626,0.0,,14.5,13.9,0.214,13.7,0.19,2.05,icon_d2
2026-10-07,W1100,52.09505,10.29217,0.0,,15.2,13.9,0.214,13.7,0.19,2.09,icon_d2
2026-10-07,W1101,52.09505,10.32173,0.0,,14.7,13.9,0.214,13.7,0.19,2.04,icon_d2
2026-10-07,W1578,52.09505,10.3513,0.0,,15.1,13.7,0.208,13.7,0.167,2.09,icon_d2
2026-10-07,W1102,52.09505,10.38086,0.0,,14.6,13.7,0.208,13.7,0.167,2.08,icon_d2
2026-10-07,W1103,52.09505,10.41042,0.0,,14.3,13.7,0.208,13.7,0.167,2.19,icon_d2
2026-10-07,W1104,52.09505,10.43999,0.0,,14.4,14.1,0.207,14.0,0.178,2.19,icon_d2
2026-10-07,W1105,52.09505,10.46955,0.0,,14.5,14.1,0.207,14.0,0.178,2.19,icon_d2
2026-10-07,W1106,52.09505,10.49912,0.0,,15.1,14.1,0.207,14.0,0.178,2.19,icon_d2
2026-10-07,W1107,52.09505,10.52868,0.0,,14.8,14.0,0.219,14.1,0.185,2.09,icon_d2
2026-10-07,W1108,52.09505,10.55825,0.0,,13.9,14.0,0.219,14.1,0.185,2.17,icon_d2
2026-10-07,W1109,52.09505,10.58781,0.0,,13.9,13.9,0.214,13.4,0.177,2.17,icon_d2
2026-10-07,W1110,52.09505,10.61737,0.0,,14.6,13.9,0.214,13.4,0.177,2.22,icon_d2
2026-10-07,W1111,52.09505,10.64694,0.0,,15.1,13.9,0.214,13.4,0.177,2.29,icon_d2
2026-10-07,W1112,52.09505,10.6765,0.0,,14.8,13.9,0.214,13.4,0.177,2.24,icon_d2
2026-10-07,W1113,52.09505,10.70607,0.0,,15.1,13.6,0.229,13.2,0.196,2.29,icon_d2
2026-10-07,W1114,52.09505,10.73563,0.0,,14.4,13.6,0.229,13.2,0.196,2.25,icon_d2
2026-10-07,W1115,52.09505,10.76519,0.0,,14.6,13.7,0.223,13.3,0.196,2.26,icon_d2
2026-10-07,W1579,52.09505,10.79476,0.0,,14.0,13.7,0.223,13.3,0.196,2.25,icon_d2
2026-10-07,W1116,52.09505,10.82432,0.0,,14.4,13.7,0.223,13.3,0.196,2.27,icon_d2
2026-10-07,W1117,52.09505,10.85389,0.0,,14.7,13.2,0.251,12.8,0.233,2.24,icon_d2
2026-10-07,W1580,52.09505,10.88345,0.0,,14.4,13.2,0.251,12.8,0.233,2.22,icon_d2
2026-10-07,W1118,52.09505,10.91302,0.0,,13.9,13.2,0.251,12.8,0.233,2.15,icon_d2
2026-10-07,W1581,52.09505,10.94258,0.0,,13.9,13.8,0.197,13.1,0.179,2.15,icon_d2
2026-10-07,W1119,52.09505,10.97214,0.0,,13.6,13.8,0.197,13.1,0.179,2.19,icon_d2
2026-10-07,W1120,52.09505,11.00171,0.0,,13.8,13.8,0.197,13.1,0.179,2.23,icon_d2
2026-10-07,W1121,52.09505,11.03127,0.0,,14.6,12.7,0.255,12.1,0.245,2.34,icon_d2
2026-10-07,W1122,52.09505,11.06084,0.0,,14.7,12.7,0.255,12.1,0.245,2.35,icon_d2
2026-10-07,W1123,52.09505,11.0904,0.0,,15.1,13.8,0.213,13.5,0.199,2.4,icon_d2
2026-10-07,W1124,52.09505,11.11997,0.0,,15.2,13.8,0.213,13.5,0.199,2.41,icon_d2
2026-10-07,W1125,52.09505,11.14953,0.0,,15.6,13.8,0.213,13.5,0.199,2.36,icon_d2
2026-10-07,W0034,52.1041,10.1295,0.0,,13.0,13.6,0.232,13.4,0.221,1.94,icon_d2
2026-10-07,W0035,52.1041,10.1591,0.0,,13.6,13.6,0.232,13.4,0.221,2.0,icon_d2
2026-10-07,W1126,52.11306,10.17391,0.0,,13.4,13.6,0.232,13.4,0.221,2.0,icon_d2
2026-10-07,W0036,52.1041,10.2182,0.0,,14.0,13.7,0.229,13.6,0.202,2.06,icon_d2
2026-10-07,W0037,52.1041,10.2477,0.0,,14.8,13.9,0.214,13.7,0.19,2.07,icon_d2
2026-10-07,W0038,52.1041,10.2772,0.0,,14.1,13.1,0.214,12.9,0.19,2.03,icon_d2
2026-10-07,W0039,52.1041,10.3068,0.0,,15.0,13.9,0.214,13.7,0.19,2.08,icon_d2
2026-10-07,W0040,52.1041,10.3363,0.0,,15.0,13.9,0.214,13.7,0.19,2.09,icon_d2
2026-10-07,W0041,52.1041,10.3658,0.0,,15.5,13.7,0.208,13.7,0.167,2.12,icon_d2
2026-10-07,W1127,52.11306,10.38086,0.0,,14.9,14.1,0.207,14.0,0.178,2.07,icon_d2
2026-10-07,W1128,52.11306,10.41042,0.0,,14.0,14.1,0.207,14.0,0.178,2.15,icon_d2
2026-10-07,W1129,52.11306,10.43999,0.0,,14.3,14.1,0.207,14.0,0.178,2.21,icon_d2
2026-10-07,W0042,52.1041,10.484,0.0,,15.2,14.1,0.207,14.0,0.178,2.22,icon_d2
2026-10-07,W0043,52.1041,10.5135,0.0,,14.7,13.4,0.207,13.3,0.178,2.08,icon_d2
2026-10-07,W0044,52.1041,10.5431,0.0,,15.1,14.0,0.219,14.1,0.185,2.1,icon_d2
2026-10-07,W1130,52.11306,10.55825,0.0,,14.6,13.9,0.214,13.4,0.177,2.17,icon_d2
2026-10-07,W1131,52.11306,10.58781,0.0,,14.3,13.9,0.214,13.4,0.177,2.19,icon_d2
2026-10-07,W1132,52.11306,10.61737,0.0,,15.2,13.9,0.214,13.4,0.177,2.28,icon_d2
2026-10-07,W1582,52.11306,10.64694,0.0,,15.4,13.9,0.214,13.4,0.177,2.35,icon_d2
2026-10-07,W1133,52.11306,10.6765,0.0,,15.3,13.9,0.214,13.4,0.177,2.32,icon_d2
2026-10-07,W1134,52.11306,10.70607,0.0,,14.8,13.7,0.223,13.3,0.196,2.26,icon_d2
2026-10-07,W1135,52.11306,10.73563,0.0,,14.2,13.7,0.223,13.3,0.196,2.23,icon_d2
2026-10-07,W1136,52.11306,10.76519,0.0,,13.8,13.7,0.223,13.3,0.196,2.23,icon_d2
2026-10-07,W1137,52.11306,10.79476,0.0,,14.1,13.7,0.223,13.3,0.196,2.27,icon_d2
2026-10-07,W1138,52.11306,10.82432,0.0,,14.5,13.7,0.223,13.3,0.196,2.27,icon_d2
2026-10-07,W1139,52.11306,10.85389,0.0,,14.7,13.7,0.223,13.3,0.196,2.24,icon_d2
2026-10-07,W1140,52.11306,10.88345,0.0,,14.8,13.8,0.197,13.1,0.179,2.25,icon_d2
2026-10-07,W1141,52.11306,10.91302,0.0,,15.7,13.8,0.197,13.1,0.179,2.25,icon_d2
2026-10-07,W1142,52.11306,10.94258,0.0,,15.6,13.8,0.197,13.1,0.179,2.15,icon_d2
2026-10-07,W1143,52.11306,10.97214,0.0,,13.7,13.8,0.197,13.1,0.179,2.16,icon_d2
2026-10-07,W1144,52.11306,11.00171,0.0,,13.4,13.8,0.197,13.1,0.179,2.21,icon_d2
2026-10-07,W1145,52.11306,11.03127,0.0,,14.3,13.8,0.213,13.5,0.199,2.26,icon_d2
2026-10-07,W1146,52.11306,11.06084,0.0,,14.6,13.8,0.213,13.5,0.199,2.34,icon_d2
2026-10-07,W1147,52.11306,11.0904,0.0,,15.2,13.8,0.213,13.5,0.199,2.38,icon_d2
2026-10-07,W1148,52.11306,11.11997,0.0,,15.7,13.8,0.213,13.5,0.199,2.39,icon_d2
2026-10-07,W1149,52.11306,11.14953,0.0,,15.4,13.8,0.213,13.5,0.199,2.37,icon_d2
2026-10-07,W0046,52.1221,10.1295,0.0,,13.6,13.6,0.232,13.4,0.221,1.98,icon_d2
2026-10-07,W0047,52.1221,10.1591,0.0,,13.4,13.6,0.232,13.4,0.221,1.94,icon_d2
2026-10-07,W0048,52.1221,10.1886,0.0,,13.5,13.6,0.232,13.4,0.221,2.01,icon_d2
2026-10-07,W0049,52.1221,10.2182,0.0,,13.8,13.9,0.214,13.7,0.19,2.04,icon_d2
2026-10-07,W0050,52.1221,10.2477,0.0,,14.6,13.9,0.214,13.7,0.19,2.04,icon_d2
2026-10-07,W0051,52.1221,10.2772,0.0,,14.8,13.9,0.214,13.7,0.19,2.06,icon_d2
2026-10-07,W0052,52.1221,10.3068,0.0,,14.9,13.9,0.214,13.7,0.19,2.06,icon_d2
2026-10-07,W0053,52.1221,10.3363,0.0,,15.2,13.9,0.214,13.7,0.19,2.11,icon_d2
2026-10-07,W1150,52.13108,10.3513,0.0,,14.9,13.9,0.214,13.7,0.19,2.09,icon_d2
2026-10-07,W0054,52.1221,10.3954,0.0,,15.0,14.1,0.207,14.0,0.178,2.08,icon_d2
2026-10-07,W1151,52.13108,10.41042,0.0,,14.4,14.1,0.207,14.0,0.178,2.12,icon_d2
2026-10-07,W1152,52.13108,10.43999,0.0,,14.6,14.1,0.207,14.0,0.178,2.13,icon_d2
2026-10-07,W0055,52.1221,10.484,0.0,,14.9,14.1,0.207,14.0,0.178,2.2,icon_d2
2026-10-07,W0056,52.1221,10.5135,0.0,,15.2,14.1,0.207,14.0,0.178,2.16,icon_d2
2026-10-07,W0057,52.1221,10.5431,0.0,,14.5,13.9,0.214,13.4,0.177,2.17,icon_d2
2026-10-07,W0058,52.1221,10.5726,0.0,,14.5,13.9,0.214,13.4,0.177,2.21,icon_d2
2026-10-07,W1153,52.13108,10.58781,0.0,,14.5,13.9,0.214,13.4,0.177,2.21,icon_d2
2026-10-07,W1583,52.13108,10.61737,0.0,,15.8,13.9,0.214,13.4,0.177,2.4,icon_d2
2026-10-07,W0059,52.1221,10.6612,0.0,,15.3,13.9,0.214,13.4,0.177,2.34,icon_d2
2026-10-07,W0060,52.1221,10.6908,0.0,,14.6,13.7,0.223,13.3,0.196,2.25,icon_d2
2026-10-07,W1154,52.13108,10.70607,0.0,,14.6,13.7,0.223,13.3,0.196,2.27,icon_d2
2026-10-07,W1155,52.13108,10.73563,0.0,,14.5,13.7,0.223,13.3,0.196,2.21,icon_d2
2026-10-07,W1584,52.13108,10.76519,0.0,,14.8,13.7,0.223,13.3,0.196,2.23,icon_d2
2026-10-07,W1156,52.13108,10.79476,0.0,,15.8,13.7,0.223,13.3,0.196,2.38,icon_d2
2026-10-07,W1157,52.13108,10.82432,0.0,,15.5,13.7,0.223,13.3,0.196,2.38,icon_d2
2026-10-07,W1158,52.13108,10.85389,0.0,,15.9,13.7,0.223,13.3,0.196,2.42,icon_d2
2026-10-07,W1159,52.13108,10.88345,0.0,,15.9,13.8,0.197,13.1,0.179,2.33,icon_d2
2026-10-07,W1160,52.13108,10.91302,0.0,,15.4,13.8,0.197,13.1,0.179,2.23,icon_d2
2026-10-07,W1161,52.13108,10.94258,0.0,,15.2,13.8,0.197,13.1,0.179,2.13,icon_d2
2026-10-07,W0061,52.1221,10.9861,0.0,,13.7,13.8,0.197,13.1,0.179,2.16,icon_d2
2026-10-07,W0062,52.1221,11.0157,0.0,,13.4,13.8,0.197,13.1,0.179,2.21,icon_d2
2026-10-07,W0063,52.1221,11.0452,0.0,,14.1,13.8,0.213,13.5,0.199,2.24,icon_d2
2026-10-07,W1162,52.13108,11.06084,0.0,,15.0,13.8,0.213,13.5,0.199,2.27,icon_d2
2026-10-07,W1163,52.13108,11.0904,0.0,,15.7,13.8,0.213,13.5,0.199,2.34,icon_d2
2026-10-07,W1164,52.13108,11.11997,0.0,,15.6,13.8,0.213,13.5,0.199,2.33,icon_d2
2026-10-07,W1165,52.13108,11.14953,0.0,,15.3,13.8,0.213,13.5,0.199,2.3,icon_d2
2026-10-07,W0065,52.1401,10.1295,0.0,,14.4,13.6,0.232,13.4,0.221,2.02,icon_d2
2026-10-07,W0066,52.1401,10.1591,0.0,,13.8,13.6,0.232,13.4,0.221,1.95,icon_d2
2026-10-07,W0067,52.1401,10.1886,0.0,,14.1,13.6,0.232,13.4,0.221,1.96,icon_d2
2026-10-07,W0068,52.1401,10.2182,0.0,,13.9,13.9,0.214,13.7,0.19,2.0,icon_d2
2026-10-07,W1166,52.1491,10.23304,0.0,,14.0,13.9,0.214,13.7,0.19,2.01,icon_d2
2026-10-07,W1167,52.1491,10.2626,0.0,,14.9,13.9,0.214,13.7,0.19,2.06,icon_d2
2026-10-07,W1168,52.1491,10.29217,0.0,,15.0,13.9,0.214,13.7,0.19,2.06,icon_d2
2026-10-07,W1169,52.1491,10.32173,0.0,,15.1,13.9,0.214,13.7,0.19,2.07,icon_d2
2026-10-07,W0069,52.1401,10.3658,0.0,,14.8,14.1,0.207,14.0,0.178,2.08,icon_d2
2026-10-07,W0084,52.1581,10.3954,0.0,,15.4,14.1,0.207,14.0,0.178,2.11,icon_d2
2026-10-07,W0085,52.1581,10.4249,0.0,,15.4,14.1,0.207,14.0,0.178,2.11,icon_d2
2026-10-07,W1170,52.1491,10.43999,0.0,,14.7,14.1,0.207,14.0,0.178,2.14,icon_d2
2026-10-07,W0070,52.1401,10.484,0.0,,15.4,14.1,0.207,14.0,0.178,2.19,icon_d2
2026-10-07,W0071,52.1401,10.5135,0.0,,15.3,14.1,0.207,14.0,0.178,2.17,icon_d2
2026-10-07,W0072,52.1401,10.5431,0.0,,14.6,13.9,0.214,13.4,0.177,2.19,icon_d2
2026-10-07,W0073,52.1401,10.5726,0.0,,14.7,13.9,0.214,13.4,0.177,2.22,icon_d2
2026-10-07,W1171,52.1491,10.58781,0.0,,14.7,13.9,0.214,13.4,0.177,2.22,icon_d2
2026-10-07,W0074,52.1401,10.6317,0.0,,14.3,13.2,0.214,12.7,0.177,2.18,icon_d2
2026-10-07,W0075,52.1401,10.6612,0.0,,13.8,13.1,0.214,12.6,0.177,2.18,icon_d2
2026-10-07,W0076,52.1401,10.6908,0.0,,15.0,13.7,0.223,13.3,0.196,2.3,icon_d2
2026-10-07,W0077,52.1401,10.7203,0.0,,14.7,13.7,0.223,13.3,0.196,2.22,icon_d2
2026-10-07,W1172,52.1491,10.73563,0.0,,14.6,13.7,0.223,13.3,0.196,2.22,icon_d2
2026-10-07,W1173,52.1491,10.76519,0.0,,14.8,13.7,0.223,13.3,0.196,2.23,icon_d2
2026-10-07,W1174,52.1491,10.79476,0.0,,15.7,13.7,0.223,13.3,0.196,2.37,icon_d2
2026-10-07,W0090,52.1581,10.8384,0.0,,15.6,14.3,0.199,13.6,0.15,2.35,icon_d2
2026-10-07,W0078,52.1401,10.868,0.0,,15.8,13.8,0.197,13.1,0.179,2.41,icon_d2
2026-10-07,W0079,52.1401,10.8975,0.0,,15.4,13.8,0.197,13.1,0.179,2.29,icon_d2
2026-10-07,W0080,52.1401,10.9271,0.0,,15.1,13.0,0.197,12.4,0.179,2.21,icon_d2
2026-10-07,W0081,52.1401,10.9566,0.0,,15.2,13.8,0.197,13.1,0.179,2.15,icon_d2
2026-10-07,W0095,52.1581,10.9861,0.0,,14.8,14.2,0.185,13.4,0.148,2.16,icon_d2
2026-10-07,W0096,52.1581,11.0157,0.0,,14.2,14.2,0.185,13.4,0.148,2.16,icon_d2
2026-10-07,W0082,52.1401,11.0452,0.0,,14.2,13.8,0.213,13.5,0.199,2.22,icon_d2
2026-10-07,W1175,52.1491,11.06084,0.0,,15.0,13.8,0.213,13.5,0.199,2.26,icon_d2
2026-10-07,W0098,52.1581,11.1043,0.0,,15.2,13.8,0.213,13.5,0.199,2.28,icon_d2
2026-10-07,W1176,52.1491,11.11997,0.0,,15.4,13.8,0.213,13.5,0.199,2.33,icon_d2
2026-10-07,W1177,52.1491,11.14953,0.0,,15.4,13.8,0.213,13.5,0.199,2.31,icon_d2
2026-10-07,W1585,52.16712,10.11478,0.0,,14.6,13.5,0.236,13.1,0.228,2.06,icon_d2
2026-10-07,W1178,52.16712,10.14435,0.0,,14.9,13.5,0.236,13.1,0.228,2.06,icon_d2
2026-10-07,W1179,52.16712,10.17391,0.0,,14.6,13.5,0.236,13.1,0.228,2.01,icon_d2
2026-10-07,W0099,52.1761,10.2182,0.0,,14.2,13.9,0.214,13.7,0.19,1.98,icon_d2
2026-10-07,W1180,52.16712,10.23304,0.0,,13.6,13.9,0.214,13.7,0.19,1.96,icon_d2
2026-10-07,W1181,52.16712,10.2626,0.0,,13.8,13.9,0.214,13.7,0.19,1.98,icon_d2
2026-10-07,W1182,52.16712,10.29217,0.0,,15.4,13.8,0.205,13.3,0.195,2.05,icon_d2
2026-10-07,W1183,52.16712,10.32173,0.0,,15.4,13.8,0.205,13.3,0.195,2.05,icon_d2
2026-10-07,W0100,52.1761,10.3658,0.0,,15.0,13.8,0.205,13.3,0.195,2.09,icon_d2
2026-10-07,W1184,52.16712,10.38086,0.0,,15.1,14.1,0.207,14.0,0.178,2.09,icon_d2
2026-10-07,W0101,52.1761,10.4249,0.0,,15.1,14.4,0.187,13.8,0.149,2.11,icon_d2
2026-10-07,W0102,52.1761,10.4545,0.0,,15.0,14.4,0.187,13.8,0.149,2.19,icon_d2
2026-10-07,W0103,52.1761,10.484,0.0,,15.1,14.4,0.187,13.8,0.149,2.2,icon_d2
2026-10-07,W1185,52.16712,10.49912,0.0,,15.3,14.4,0.187,13.8,0.149,2.2,icon_d2
2026-10-07,W0104,52.1761,10.5431,0.0,,15.2,13.9,0.214,13.4,0.177,2.26,icon_d2
2026-10-07,W1186,52.16712,10.55825,0.0,,14.7,13.9,0.214,13.4,0.177,2.19,icon_d2
2026-10-07,W1187,52.16712,10.58781,0.0,,14.6,13.9,0.214,13.4,0.177,2.19,icon_d2
2026-10-07,W1188,52.16712,10.61737,0.0,,15.2,13.9,0.195,13.0,0.162,2.27,icon_d2
2026-10-07,W1189,52.16712,10.64694,0.0,,15.2,13.9,0.195,13.0,0.162,2.23,icon_d2
2026-10-07,W1586,52.16712,10.6765,0.0,,14.7,13.9,0.195,13.0,0.162,2.23,icon_d2
2026-10-07,W1190,52.16712,10.70607,0.0,,15.5,13.7,0.223,13.3,0.196,2.41,icon_d2
2026-10-07,W1587,52.16712,10.73563,0.0,,15.6,13.7,0.223,13.3,0.196,2.4,icon_d2
2026-10-07,W0105,52.1761,10.7794,0.0,,15.9,14.3,0.199,13.6,0.15,2.29,icon_d2
2026-10-07,W0106,52.1761,10.8089,0.0,,15.8,14.3,0.199,13.6,0.15,2.28,icon_d2
2026-10-07,W0107,52.1761,10.8384,0.0,,15.2,14.3,0.199,13.6,0.15,2.23,icon_d2
2026-10-07,W0108,52.1761,10.868,0.0,,15.5,14.3,0.199,13.6,0.15,2.28,icon_d2
2026-10-07,W0109,52.1761,10.8975,0.0,,15.2,13.8,0.197,13.1,0.179,2.29,icon_d2
2026-10-07,W0110,52.1761,10.9271,0.0,,15.6,14.2,0.185,13.4,0.148,2.32,icon_d2
2026-10-07,W0111,52.1761,10.9566,0.0,,14.7,14.2,0.185,13.4,0.148,2.2,icon_d2
2026-10-07,W0112,52.1761,10.9861,0.0,,14.9,14.2,0.185,13.4,0.148,2.19,icon_d2
2026-10-07,W0113,52.1761,11.0157,0.0,,14.3,14.2,0.185,13.4,0.148,2.16,icon_d2
2026-10-07,W0114,52.1761,11.0452,0.0,,14.8,13.8,0.213,13.5,0.199,2.22,icon_d2
2026-10-07,W1191,52.16712,11.06084,0.0,,15.4,13.8,0.213,13.5,0.199,2.31,icon_d2
2026-10-07,W0115,52.1761,11.1043,0.0,,15.0,14.2,0.191,13.6,0.146,2.22,icon_d2
2026-10-07,W1192,52.16712,11.11997,0.0,,15.3,14.2,0.191,13.6,0.146,2.28,icon_d2
2026-10-07,W1193,52.16712,11.14953,0.0,,15.2,14.2,0.191,13.6,0.146,2.24,icon_d2
2026-10-07,W0116,52.1941,10.1,0.0,,14.3,13.5,0.236,13.1,0.228,2.03,icon_d2
2026-10-07,W1194,52.18514,10.14435,0.0,,14.4,13.5,0.236,13.1,0.228,2.04,icon_d2
2026-10-07,W1588,52.18514,10.17391,0.0,,14.6,13.5,0.236,13.1,0.228,2.03,icon_d2
2026-10-07,W1195,52.18514,10.20347,0.0,,14.6,13.5,0.236,13.1,0.228,2.03,icon_d2
2026-10-07,W1196,52.18514,10.23304,0.0,,14.6,13.8,0.205,13.3,0.195,2.0,icon_d2
2026-10-07,W1197,52.18514,10.2626,0.0,,14.2,13.8,0.205,13.3,0.195,1.99,icon_d2
2026-10-07,W0117,52.1941,10.3068,0.0,,14.8,13.8,0.205,13.3,0.195,2.08,icon_d2
2026-10-07,W0118,52.1941,10.3363,0.0,,15.0,13.8,0.205,13.3,0.195,2.12,icon_d2
2026-10-07,W1198,52.18514,10.3513,0.0,,15.1,13.8,0.205,13.3,0.195,2.09,icon_d2
2026-10-07,W1199,52.18514,10.38086,0.0,,15.2,14.4,0.187,13.8,0.149,2.1,icon_d2
2026-10-07,W1200,52.18514,10.41042,0.0,,15.0,14.4,0.187,13.8,0.149,2.11,icon_d2
2026-10-07,W1201,52.18514,10.43999,0.0,,15.5,14.4,0.187,13.8,0.149,2.16,icon_d2
2026-10-07,W1202,52.18514,10.46955,0.0,,15.1,14.4,0.187,13.8,0.149,2.19,icon_d2
2026-10-07,W1203,52.18514,10.49912,0.0,,15.3,14.4,0.187,13.8,0.149,2.26,icon_d2
2026-10-07,W0119,52.1941,10.5431,0.0,,15.3,14.4,0.187,13.8,0.149,2.31,icon_d2
2026-10-07,W1204,52.18514,10.55825,0.0,,14.9,13.9,0.195,13.0,0.162,2.22,icon_d2
2026-10-07,W1205,52.18514,10.58781,0.0,,15.2,13.9,0.195,13.0,0.162,2.24,icon_d2
2026-10-07,W0120,52.1941,10.6317,0.0,,15.9,13.9,0.195,13.0,0.162,2.49,icon_d2
2026-10-07,W1206,52.18514,10.64694,0.0,,15.2,13.9,0.195,13.0,0.162,2.36,icon_d2
2026-10-07,W0121,52.1941,10.6908,0.0,,16.5,13.9,0.195,13.0,0.162,2.67,icon_d2
2026-10-07,W0122,52.1941,10.7203,0.0,,16.5,14.3,0.199,13.6,0.15,2.69,icon_d2
2026-10-07,W0123,52.1941,10.7498,0.0,,15.4,13.1,0.199,12.4,0.15,2.35,icon_d2
2026-10-07,W0124,52.1941,10.7794,0.0,,15.8,13.5,0.199,12.8,0.15,2.38,icon_d2
2026-10-07,W0125,52.1941,10.8089,0.0,,15.2,13.4,0.199,12.7,0.15,2.2,icon_d2
2026-10-07,W0126,52.1941,10.8384,0.0,,15.6,14.3,0.199,13.6,0.15,2.25,icon_d2
2026-10-07,W0127,52.1941,10.868,0.0,,15.5,14.3,0.199,13.6,0.15,2.29,icon_d2
2026-10-07,W1589,52.18514,10.88345,0.0,,15.7,14.2,0.185,13.4,0.148,2.33,icon_d2
2026-10-07,W0128,52.1941,10.9271,0.0,,14.9,14.2,0.185,13.4,0.148,2.25,icon_d2
2026-10-07,W0129,52.1941,10.9566,0.0,,14.2,14.2,0.185,13.4,0.148,2.16,icon_d2
2026-10-07,W1590,52.18514,10.97214,0.0,,14.4,14.2,0.185,13.4,0.148,2.17,icon_d2
2026-10-07,W1207,52.18514,11.00171,0.0,,14.2,14.2,0.185,13.4,0.148,2.15,icon_d2
2026-10-07,W0130,52.1941,11.0452,0.0,,14.5,14.2,0.191,13.6,0.146,2.16,icon_d2
2026-10-07,W0131,52.1941,11.0747,0.0,,15.1,14.2,0.191,13.6,0.146,2.22,icon_d2
2026-10-07,W0132,52.1941,11.1043,0.0,,15.3,14.2,0.191,13.6,0.146,2.23,icon_d2
2026-10-07,W1208,52.18514,11.11997,0.0,,14.7,14.2,0.191,13.6,0.146,2.21,icon_d2
2026-10-07,W1209,52.18514,11.14953,0.0,,15.0,14.2,0.191,13.6,0.146,2.23,icon_d2
2026-10-07,W1210,52.20315,10.11478,0.0,,14.3,13.5,0.236,13.1,0.228,2.03,icon_d2
2026-10-07,W1211,52.20315,10.14435,0.0,,14.5,13.5,0.236,13.1,0.228,2.03,icon_d2
2026-10-07,W1212,52.20315,10.17391,0.0,,14.8,13.5,0.236,13.1,0.228,2.05,icon_d2
2026-10-07,W1591,52.20315,10.20347,0.0,,14.8,13.5,0.236,13.1,0.228,2.05,icon_d2
2026-10-07,W1213,52.20315,10.23304,0.0,,14.9,13.8,0.205,13.3,0.195,2.05,icon_d2
2026-10-07,W1214,52.20315,10.2626,0.0,,14.9,13.8,0.205,13.3,0.195,2.05,icon_d2
2026-10-07,W1215,52.20315,10.29217,0.0,,14.8,13.8,0.205,13.3,0.195,2.08,icon_d2
2026-10-07,W1216,52.20315,10.32173,0.0,,14.6,13.8,0.205,13.3,0.195,2.06,icon_d2
2026-10-07,W1217,52.20315,10.3513,0.0,,15.1,13.8,0.205,13.3,0.195,2.12,icon_d2
2026-10-07,W1218,52.20315,10.38086,0.0,,15.2,14.4,0.187,13.8,0.149,2.13,icon_d2
2026-10-07,W1219,52.20315,10.41042,0.0,,15.1,14.4,0.187,13.8,0.149,2.12,icon_d2
2026-10-07,W1220,52.20315,10.43999,0.0,,15.5,14.4,0.187,13.8,0.149,2.16,icon_d2
2026-10-07,W1221,52.20315,10.46955,0.0,,15.2,14.4,0.187,13.8,0.149,2.18,icon_d2
2026-10-07,W1222,52.20315,10.49912,0.0,,15.3,14.4,0.187,13.8,0.149,2.26,icon_d2
2026-10-07,W1223,52.20315,10.52868,0.0,,15.3,14.4,0.187,13.8,0.149,2.3,icon_d2
2026-10-07,W1224,52.20315,10.55825,0.0,,15.4,13.9,0.195,13.0,0.162,2.31,icon_d2
2026-10-07,W1225,52.20315,10.58781,0.0,,15.1,13.9,0.195,13.0,0.162,2.31,icon_d2
2026-10-07,W1226,52.20315,10.61737,0.0,,15.0,13.9,0.195,13.0,0.162,2.31,icon_d2
2026-10-07,W1227,52.20315,10.64694,0.0,,15.9,13.9,0.195,13.0,0.162,2.49,icon_d2
2026-10-07,W1228,52.20315,10.6765,0.0,,16.4,13.9,0.195,13.0,0.162,2.62,icon_d2
2026-10-07,W1229,52.20315,10.70607,0.0,,16.4,13.9,0.195,13.0,0.162,2.67,icon_d2
2026-10-07,W1592,52.20315,10.73563,0.0,,15.8,13.5,0.199,12.7,0.15,2.63,icon_d2
2026-10-07,W1230,52.20315,10.76519,0.0,,15.7,13.4,0.199,12.7,0.15,2.37,icon_d2
2026-10-07,W1593,52.20315,10.79476,0.0,,15.1,13.3,0.199,12.6,0.15,2.2,icon_d2
2026-10-07,W1594,52.20315,10.82432,0.0,,15.3,13.6,0.199,12.8,0.15,2.21,icon_d2
2026-10-07,W1595,52.20315,10.85389,0.0,,15.4,14.3,0.199,13.6,0.15,2.28,icon_d2
2026-10-07,W1231,52.20315,10.88345,0.0,,15.7,14.2,0.185,13.4,0.148,2.3,icon_d2
2026-10-07,W1232,52.20315,10.91302,0.0,,15.0,14.2,0.185,13.4,0.148,2.26,icon_d2
2026-10-07,W1233,52.20315,10.94258,0.0,,14.1,14.2,0.185,13.4,0.148,2.19,icon_d2
2026-10-07,W1234,52.20315,10.97214,0.0,,13.5,14.2,0.185,13.4,0.148,2.14,icon_d2
2026-10-07,W1235,52.20315,11.00171,0.0,,14.2,14.2,0.185,13.4,0.148,2.16,icon_d2
2026-10-07,W1236,52.20315,11.03127,0.0,,14.6,14.2,0.185,13.4,0.148,2.17,icon_d2
2026-10-07,W1237,52.20315,11.06084,0.0,,14.8,14.2,0.191,13.6,0.146,2.2,icon_d2
2026-10-07,W1238,52.20315,11.0904,0.0,,15.2,14.2,0.191,13.6,0.146,2.23,icon_d2
2026-10-07,W1239,52.20315,11.11997,0.0,,15.0,14.2,0.191,13.6,0.146,2.23,icon_d2
2026-10-07,W1240,52.20315,11.14953,0.0,,14.8,14.2,0.191,13.6,0.146,2.23,icon_d2
2026-10-07,W1596,52.22117,10.11478,0.0,,14.7,13.5,0.236,13.1,0.228,2.02,icon_d2
2026-10-07,W1241,52.22117,10.14435,0.0,,14.6,13.5,0.236,13.1,0.228,2.02,icon_d2
2026-10-07,W1597,52.22117,10.17391,0.0,,14.6,13.5,0.236,13.1,0.228,2.03,icon_d2
2026-10-07,W1242,52.22117,10.20347,0.0,,14.7,13.9,0.229,13.5,0.226,2.03,icon_d2
2026-10-07,W1243,52.22117,10.23304,0.0,,15.0,13.8,0.205,13.3,0.195,2.08,icon_d2
2026-10-07,W1244,52.22117,10.2626,0.0,,14.8,13.8,0.205,13.3,0.195,2.1,icon_d2
2026-10-07,W1245,52.22117,10.29217,0.0,,14.8,13.8,0.205,13.3,0.195,2.14,icon_d2
2026-10-07,W0133,52.2122,10.3363,0.0,,14.8,13.8,0.205,13.3,0.195,2.13,icon_d2
2026-10-07,W1246,52.22117,10.3513,0.0,,15.1,13.8,0.193,13.1,0.168,2.13,icon_d2
2026-10-07,W1247,52.22117,10.38086,0.0,,15.2,13.8,0.193,13.1,0.168,2.14,icon_d2
2026-10-07,W1248,52.22117,10.41042,0.0,,15.2,14.4,0.187,13.8,0.149,2.16,icon_d2
2026-10-07,W1249,52.22117,10.43999,0.0,,15.1,14.4,0.187,13.8,0.149,2.21,icon_d2
2026-10-07,W1250,52.22117,10.46955,0.0,,15.2,14.4,0.187,13.8,0.149,2.22,icon_d2
2026-10-07,W1251,52.22117,10.49912,0.0,,15.0,14.4,0.187,13.8,0.149,2.25,icon_d2
2026-10-07,W0134,52.2122,10.5431,0.0,,15.3,14.8,0.165,14.0,0.15,2.3,icon_d2
2026-10-07,W0135,52.2122,10.5726,0.0,,15.3,13.9,0.195,13.0,0.162,2.32,icon_d2
2026-10-07,W0136,52.2122,10.6021,0.0,,15.5,13.9,0.195,13.0,0.162,2.33,icon_d2
2026-10-07,W1252,52.22117,10.61737,0.0,,16.0,13.9,0.195,13.0,0.162,2.45,icon_d2
2026-10-07,W1253,52.22117,10.64694,0.0,,15.8,13.9,0.195,13.0,0.162,2.44,icon_d2
2026-10-07,W1254,52.22117,10.6765,0.0,,16.9,14.2,0.185,13.2,0.156,2.68,icon_d2
2026-10-07,W0137,52.2122,10.7203,0.0,,16.3,13.6,0.199,12.8,0.15,2.68,icon_d2
2026-10-07,W0138,52.2122,10.7498,0.0,,16.4,14.3,0.199,13.6,0.15,2.7,icon_d2
2026-10-07,W0139,52.2122,10.7794,0.0,,15.3,13.3,0.199,12.5,0.15,2.32,icon_d2
2026-10-07,W0140,52.2122,10.8089,0.0,,15.5,13.4,0.199,12.7,0.15,2.31,icon_d2
2026-10-07,W0141,52.2122,10.8384,0.0,,15.2,14.3,0.199,13.6,0.15,2.26,icon_d2
2026-10-07,W1598,52.22117,10.85389,0.0,,15.7,14.3,0.185,13.4,0.15,2.29,icon_d2
2026-10-07,W0142,52.2122,10.8975,0.0,,13.8,14.2,0.185,13.4,0.148,2.24,icon_d2
2026-10-07,W0143,52.2122,10.9271,0.0,,14.2,14.2,0.185,13.4,0.148,2.26,icon_d2
2026-10-07,W0144,52.2122,10.9566,0.0,,14.0,14.2,0.185,13.4,0.148,2.22,icon_d2
2026-10-07,W0145,52.2122,10.9861,0.0,,14.5,14.2,0.185,13.4,0.148,2.2,icon_d2
2026-10-07,W0146,52.2122,11.0157,0.0,,15.5,14.2,0.185,13.4,0.148,2.21,icon_d2
2026-10-07,W0147,52.2122,11.0452,0.0,,14.5,14.2,0.191,13.6,0.146,2.11,icon_d2
2026-10-07,W0148,52.2122,11.0747,0.0,,14.8,14.2,0.191,13.6,0.146,2.14,icon_d2
2026-10-07,W0149,52.2122,11.1043,0.0,,14.6,14.2,0.191,13.6,0.146,2.19,icon_d2
2026-10-07,W0150,52.2122,11.1338,0.0,,14.6,14.2,0.191,13.6,0.146,2.22,icon_d2
2026-10-07,W1255,52.22117,11.14953,0.0,,14.3,14.2,0.191,13.6,0.146,2.2,icon_d2
2026-10-07,W1256,52.23919,10.11478,0.0,,14.6,13.9,0.229,13.5,0.226,2.01,icon_d2
2026-10-07,W1257,52.23919,10.14435,0.0,,14.7,13.9,0.229,13.5,0.226,2.04,icon_d2
2026-10-07,W1258,52.23919,10.17391,0.0,,14.6,13.9,0.229,13.5,0.226,2.05,icon_d2
2026-10-07,W1259,52.23919,10.20347,0.0,,14.8,13.9,0.229,13.5,0.226,2.09,icon_d2
2026-10-07,W1260,52.23919,10.23304,0.0,,14.7,13.8,0.205,13.3,0.195,2.07,icon_d2
2026-10-07,W1261,52.23919,10.2626,0.0,,14.7,13.8,0.205,13.3,0.195,2.09,icon_d2
2026-10-07,W1262,52.23919,10.29217,0.0,,14.9,13.8,0.193,13.1,0.168,2.14,icon_d2
2026-10-07,W1263,52.23919,10.32173,0.0,,15.0,13.8,0.193,13.1,0.168,2.18,icon_d2
2026-10-07,W1264,52.23919,10.3513,0.0,,15.1,13.8,0.193,13.1,0.168,2.21,icon_d2
2026-10-07,W1265,52.23919,10.38086,0.0,,15.0,13.8,0.193,13.1,0.168,2.21,icon_d2
2026-10-07,W1266,52.23919,10.41042,0.0,,15.5,14.4,0.187,13.8,0.149,2.27,icon_d2
2026-10-07,W1267,52.23919,10.43999,0.0,,15.3,14.4,0.187,13.8,0.149,2.24,icon_d2
2026-10-07,W1268,52.23919,10.46955,0.0,,15.4,14.8,0.165,14.0,0.15,2.24,icon_d2
2026-10-07,W1269,52.23919,10.49912,0.0,,15.2,14.8,0.165,14.0,0.15,2.25,icon_d2
2026-10-07,W0151,52.2302,10.5431,0.0,,15.3,14.8,0.165,14.0,0.15,2.26,icon_d2
2026-10-07,W0152,52.2302,10.5726,0.0,,15.4,13.9,0.195,13.0,0.162,2.31,icon_d2
2026-10-07,W0153,52.2302,10.6021,0.0,,15.8,13.9,0.195,13.0,0.162,2.39,icon_d2
2026-10-07,W0154,52.2302,10.6317,0.0,,15.9,13.9,0.195,13.0,0.162,2.41,icon_d2
2026-10-07,W0155,52.2302,10.6612,0.0,,16.3,14.2,0.185,13.2,0.156,2.48,icon_d2
2026-10-07,W1270,52.23919,10.6765,0.0,,16.3,14.2,0.185,13.2,0.156,2.48,icon_d2
2026-10-07,W0156,52.2302,10.7203,0.0,,16.8,14.3,0.199,13.6,0.15,2.71,icon_d2
2026-10-07,W0157,52.2302,10.7498,0.0,,16.3,13.6,0.199,12.9,0.15,2.64,icon_d2
2026-10-07,W0158,52.2302,10.7794,0.0,,15.6,13.4,0.199,12.7,0.15,2.4,icon_d2
2026-10-07,W0159,52.2302,10.8089,0.0,,15.7,14.3,0.199,13.6,0.15,2.34,icon_d2
2026-10-07,W0160,52.2302,10.8384,0.0,,15.5,14.3,0.185,13.4,0.15,2.31,icon_d2
2026-10-07,W1271,52.23919,10.85389,0.0,,15.5,14.3,0.185,13.4,0.15,2.3,icon_d2
2026-10-07,W1272,52.23919,10.88345,0.0,,14.2,14.3,0.185,13.4,0.15,2.24,icon_d2
2026-10-07,W1273,52.23919,10.91302,0.0,,14.3,14.2,0.185,13.4,0.148,2.26,icon_d2
2026-10-07,W1274,52.23919,10.94258,0.0,,14.2,14.2,0.185,13.4,0.148,2.25,icon_d2
2026-10-07,W1275,52.23919,10.97214,0.0,,15.0,14.4,0.196,13.6,0.153,2.25,icon_d2
2026-10-07,W0161,52.2302,11.0157,0.0,,15.4,14.4,0.196,13.6,0.153,2.18,icon_d2
2026-10-07,W0162,52.2302,11.0452,0.0,,15.0,14.4,0.196,13.6,0.153,2.13,icon_d2
2026-10-07,W0163,52.2302,11.0747,0.0,,14.7,14.2,0.191,13.6,0.146,2.1,icon_d2
2026-10-07,W0164,52.2302,11.1043,0.0,,14.3,14.2,0.191,13.6,0.146,2.15,icon_d2
2026-10-07,W1276,52.23919,11.11997,0.0,,14.3,14.4,0.189,13.8,0.149,2.2,icon_d2
2026-10-07,W1277,52.23919,11.14953,0.0,,14.9,14.4,0.189,13.8,0.149,2.21,icon_d2
2026-10-07,W1278,52.25721,10.11478,0.0,,15.1,13.9,0.229,13.5,0.226,2.07,icon_d2
2026-10-07,W0165,52.2482,10.1591,0.0,,14.6,13.9,0.229,13.5,0.226,2.04,icon_d2
2026-10-07,W0181,52.2662,10.1886,0.0,,15.3,13.9,0.229,13.5,0.226,2.08,icon_d2
2026-10-07,W1279,52.25721,10.20347,0.0,,15.4,13.9,0.229,13.5,0.226,2.12,icon_d2
2026-10-07,W0182,52.2662,10.2477,0.0,,15.3,13.8,0.193,13.1,0.168,2.15,icon_d2
2026-10-07,W0183,52.2662,10.2772,0.0,,14.9,13.8,0.193,13.1,0.168,2.16,icon_d2
2026-10-07,W0184,52.2662,10.3068,0.0,,15.1,13.8,0.193,13.1,0.168,2.16,icon_d2
2026-10-07,W1280,52.25721,10.32173,0.0,,15.1,13.8,0.193,13.1,0.168,2.22,icon_d2
2026-10-07,W1281,52.25721,10.3513,0.0,,15.1,13.8,0.193,13.1,0.168,2.21,icon_d2
2026-10-07,W1282,52.25721,10.38086,0.0,,15.0,13.8,0.193,13.1,0.168,2.22,icon_d2
2026-10-07,W1283,52.25721,10.41042,0.0,,15.7,14.8,0.165,14.0,0.15,2.33,icon_d2
2026-10-07,W0166,52.2482,10.4545,0.0,,15.2,14.8,0.165,14.0,0.15,2.23,icon_d2
2026-10-07,W1285,52.25721,10.46955,0.0,,15.8,14.8,0.165,14.0,0.15,2.28,icon_d2
2026-10-07,W0167,52.2482,10.5135,0.0,,15.6,14.8,0.165,14.0,0.15,2.27,icon_d2
2026-10-07,W1287,52.25721,10.52868,0.0,,16.0,14.8,0.165,14.0,0.15,2.28,icon_d2
2026-10-07,W1288,52.25721,10.55825,0.0,,15.8,14.8,0.165,14.0,0.15,2.29,icon_d2
2026-10-07,W0185,52.2662,10.6021,0.0,,15.5,14.2,0.185,13.2,0.156,2.28,icon_d2
2026-10-07,W0186,52.2662,10.6317,0.0,,16.1,14.2,0.185,13.2,0.156,2.43,icon_d2
2026-10-07,W0187,52.2662,10.6612,0.0,,15.9,14.2,0.185,13.2,0.156,2.41,icon_d2
2026-10-07,W0170,52.2482,10.6908,0.0,,17.2,14.2,0.185,13.2,0.156,2.75,icon_d2
2026-10-07,W0188,52.2662,10.7203,0.0,,16.5,14.2,0.185,13.2,0.156,2.5,icon_d2
2026-10-07,W0171,52.2482,10.7498,0.0,,16.7,14.3,0.185,13.4,0.15,2.67,icon_d2
2026-10-07,W0172,52.2482,10.7794,0.0,,16.2,14.3,0.185,13.4,0.15,2.45,icon_d2
2026-10-07,W0173,52.2482,10.8089,0.0,,16.3,14.3,0.185,13.4,0.15,2.38,icon_d2
2026-10-07,W1293,52.25721,10.82432,0.0,,14.9,14.3,0.185,13.4,0.15,2.25,icon_d2
2026-10-07,W0189,52.2662,10.868,0.0,,14.0,14.3,0.185,13.4,0.15,2.21,icon_d2
2026-10-07,W0190,52.2662,10.8975,0.0,,13.4,14.4,0.196,13.6,0.153,2.2,icon_d2
2026-10-07,W1294,52.25721,10.91302,0.0,,13.6,14.4,0.196,13.6,0.153,2.22,icon_d2
2026-10-07,W0191,52.2662,10.9566,0.0,,14.6,14.4,0.196,13.6,0.153,2.27,icon_d2
2026-10-07,W0192,52.2662,10.9861,0.0,,14.6,14.4,0.196,13.6,0.153,2.22,icon_d2
2026-10-07,W0193,52.2662,11.0157,0.0,,15.2,14.4,0.196,13.6,0.153,2.21,icon_d2
2026-10-07,W0194,52.2662,11.0452,0.0,,14.8,14.4,0.196,13.6,0.153,2.14,icon_d2
2026-10-07,W0195,52.2662,11.0747,0.0,,14.3,14.4,0.189,13.8,0.149,2.15,icon_d2
2026-10-07,W0196,52.2662,11.1043,0.0,,14.4,14.4,0.189,13.8,0.149,2.18,icon_d2
2026-10-07,W0197,52.2662,11.1338,0.0,,14.6,14.4,0.189,13.8,0.149,2.13,icon_d2
2026-10-07,W1606,52.25721,11.14953,0.0,,14.6,14.4,0.189,13.8,0.149,2.13,icon_d2
2026-10-07,W0198,52.2842,10.1,0.0,,15.2,13.9,0.229,13.5,0.226,2.08,icon_d2
2026-10-07,W1295,52.27523,10.14435,0.0,,15.3,13.9,0.229,13.5,0.226,2.14,icon_d2
2026-10-07,W0199,52.2842,10.1886,0.0,,15.1,13.9,0.229,13.5,0.226,2.09,icon_d2
2026-10-07,W1296,52.27523,10.20347,0.0,,15.1,13.9,0.229,13.5,0.226,2.1,icon_d2
2026-10-07,W0200,52.2842,10.2477,0.0,,15.2,13.8,0.193,13.1,0.168,2.17,icon_d2
2026-10-07,W1297,52.27523,10.2626,0.0,,14.9,13.8,0.193,13.1,0.168,2.17,icon_d2
2026-10-07,W1298,52.27523,10.29217,0.0,,15.1,13.8,0.193,13.1,0.168,2.21,icon_d2
2026-10-07,W0201,52.2842,10.3363,0.0,,15.0,13.8,0.193,13.1,0.168,2.24,icon_d2
2026-10-07,W0202,52.2842,10.3658,0.0,,15.0,13.8,0.193,13.1,0.168,2.21,icon_d2
2026-10-07,W0203,52.2842,10.3954,0.0,,15.4,13.4,0.212,12.8,0.21,2.28,icon_d2
2026-10-07,W1299,52.27523,10.41042,0.0,,15.5,14.8,0.165,14.0,0.15,2.29,icon_d2
2026-10-07,W0204,52.2842,10.4545,0.0,,15.9,14.8,0.165,14.0,0.15,2.27,icon_d2
2026-10-07,W1300,52.27523,10.46955,0.0,,16.0,14.8,0.165,14.0,0.15,2.27,icon_d2
2026-10-07,W0205,52.2842,10.5135,0.0,,16.4,14.8,0.165,14.0,0.15,2.33,icon_d2
2026-10-07,W0206,52.2842,10.5431,0.0,,15.8,14.8,0.165,14.0,0.15,2.26,icon_d2
2026-10-07,W0207,52.2842,10.5726,0.0,,15.4,14.2,0.185,13.2,0.156,2.24,icon_d2
2026-10-07,W0208,52.2842,10.6021,0.0,,15.3,14.2,0.185,13.2,0.156,2.23,icon_d2
2026-10-07,W0209,52.2842,10.6317,0.0,,15.4,14.2,0.185,13.2,0.156,2.27,icon_d2
2026-10-07,W1301,52.27523,10.64694,0.0,,15.5,14.2,0.185,13.2,0.156,2.28,icon_d2
2026-10-07,W1302,52.27523,10.6765,0.0,,15.7,14.2,0.185,13.2,0.156,2.37,icon_d2
2026-10-07,W0210,52.2842,10.7203,0.0,,16.0,14.2,0.185,13.2,0.156,2.38,icon_d2
2026-10-07,W1303,52.27523,10.73563,0.0,,15.8,14.3,0.185,13.4,0.15,2.37,icon_d2
2026-10-07,W1304,52.27523,10.76519,0.0,,15.8,14.3,0.185,13.4,0.15,2.36,icon_d2
2026-10-07,W0211,52.2842,10.8089,0.0,,14.4,14.3,0.185,13.4,0.15,2.21,icon_d2
2026-10-07,W0212,52.2842,10.8384,0.0,,14.6,14.3,0.185,13.4,0.15,2.23,icon_d2
2026-10-07,W0213,52.2842,10.868,0.0,,13.7,14.3,0.185,13.4,0.15,2.16,icon_d2
2026-10-07,W0214,52.2842,10.8975,0.0,,14.5,13.7,0.202,12.9,0.18,2.2,icon_d2
2026-10-07,W1305,52.27523,10.91302,0.0,,14.1,14.4,0.196,13.6,0.153,2.2,icon_d2
2026-10-07,W1306,52.27523,10.94258,0.0,,15.0,14.4,0.196,13.6,0.153,2.26,icon_d2
2026-10-07,W1307,52.27523,10.97214,0.0,,15.7,14.4,0.196,13.6,0.153,2.28,icon_d2
2026-10-07,W0215,52.2842,11.0157,0.0,,14.8,14.4,0.196,13.6,0.153,2.15,icon_d2
2026-10-07,W0216,52.2842,11.0452,0.0,,15.2,14.4,0.196,13.6,0.153,2.18,icon_d2
2026-10-07,W0217,52.2842,11.0747,0.0,,14.4,14.4,0.189,13.8,0.149,2.19,icon_d2
2026-10-07,W0218,52.2842,11.1043,0.0,,14.4,14.4,0.189,13.8,0.149,2.2,icon_d2
2026-10-07,W0219,52.2842,11.1338,0.0,,15.4,14.4,0.189,13.8,0.149,2.25,icon_d2
2026-10-07,W1308,52.27523,11.14953,0.0,,15.2,14.4,0.189,13.8,0.149,2.24,icon_d2
2026-10-07,W1309,52.29324,10.11478,0.0,,15.4,13.9,0.229,13.5,0.226,2.14,icon_d2
2026-10-07,W1310,52.29324,10.14435,0.0,,15.4,13.9,0.229,13.5,0.226,2.14,icon_d2
2026-10-07,W1311,52.29324,10.17391,0.0,,15.2,13.9,0.229,13.5,0.226,2.12,icon_d2
2026-10-07,W1312,52.29324,10.20347,0.0,,15.3,14.2,0.203,13.6,0.182,2.13,icon_d2
2026-10-07,W1313,52.29324,10.23304,0.0,,15.4,14.2,0.203,13.6,0.182,2.17,icon_d2
2026-10-07,W1314,52.29324,10.2626,0.0,,15.1,13.8,0.193,13.1,0.168,2.17,icon_d2
2026-10-07,W1315,52.29324,10.29217,0.0,,15.6,13.8,0.193,13.1,0.168,2.22,icon_d2
2026-10-07,W1316,52.29324,10.32173,0.0,,15.4,13.8,0.193,13.1,0.168,2.19,icon_d2
2026-10-07,W1317,52.29324,10.3513,0.0,,15.0,13.8,0.193,13.1,0.168,2.14,icon_d2
2026-10-07,W1318,52.29324,10.38086,0.0,,15.4,13.4,0.212,12.8,0.21,2.2,icon_d2
2026-10-07,W1319,52.29324,10.41042,0.0,,15.7,14.8,0.165,14.0,0.15,2.28,icon_d2
2026-10-07,W1320,52.29324,10.43999,0.0,,15.7,14.8,0.165,14.0,0.15,2.26,icon_d2
2026-10-07,W1321,52.29324,10.46955,0.0,,15.7,14.8,0.165,14.0,0.15,2.26,icon_d2
2026-10-07,W1322,52.29324,10.49912,0.0,,15.9,14.8,0.165,14.0,0.15,2.28,icon_d2
2026-10-07,W1323,52.29324,10.52868,0.0,,15.3,14.3,0.191,13.5,0.183,2.17,icon_d2
2026-10-07,W1324,52.29324,10.55825,0.0,,15.1,14.3,0.191,13.5,0.183,2.16,icon_d2
2026-10-07,W1325,52.29324,10.58781,0.0,,15.2,14.2,0.185,13.2,0.156,2.2,icon_d2
2026-10-07,W1326,52.29324,10.61737,0.0,,15.1,14.2,0.185,13.2,0.156,2.22,icon_d2
2026-10-07,W1327,52.29324,10.64694,0.0,,15.0,14.2,0.185,13.2,0.156,2.21,icon_d2
2026-10-07,W1328,52.29324,10.6765,0.0,,15.0,14.2,0.185,13.2,0.156,2.28,icon_d2
2026-10-07,W1329,52.29324,10.70607,0.0,,14.8,14.0,0.199,13.2,0.184,2.25,icon_d2
2026-10-07,W1330,52.29324,10.73563,0.0,,14.9,14.0,0.199,13.2,0.184,2.31,icon_d2
2026-10-07,W1331,52.29324,10.76519,0.0,,14.9,14.3,0.185,13.4,0.15,2.31,icon_d2
2026-10-07,W1332,52.29324,10.79476,0.0,,14.1,14.3,0.185,13.4,0.15,2.18,icon_d2
2026-10-07,W1333,52.29324,10.82432,0.0,,14.1,14.3,0.185,13.4,0.15,2.18,icon_d2
2026-10-07,W1334,52.29324,10.85389,0.0,,14.5,14.3,0.185,13.4,0.15,2.21,icon_d2
2026-10-07,W1335,52.29324,10.88345,0.0,,14.9,13.7,0.202,12.9,0.18,2.28,icon_d2
2026-10-07,W1336,52.29324,10.91302,0.0,,15.4,14.4,0.196,13.6,0.153,2.27,icon_d2
2026-10-07,W1337,52.29324,10.94258,0.0,,15.5,14.4,0.196,13.6,0.153,2.29,icon_d2
2026-10-07,W1338,52.29324,10.97214,0.0,,15.4,14.4,0.196,13.6,0.153,2.22,icon_d2
2026-10-07,W1339,52.29324,11.00171,0.0,,15.2,14.4,0.196,13.6,0.153,2.2,icon_d2
2026-10-07,W1340,52.29324,11.03127,0.0,,14.7,13.9,0.215,13.2,0.195,2.16,icon_d2
2026-10-07,W1341,52.29324,11.06084,0.0,,14.6,13.9,0.215,13.2,0.195,2.21,icon_d2
2026-10-07,W1342,52.29324,11.0904,0.0,,14.8,14.4,0.189,13.8,0.149,2.22,icon_d2
2026-10-07,W1343,52.29324,11.11997,0.0,,14.9,14.4,0.189,13.8,0.149,2.22,icon_d2
2026-10-07,W1344,52.29324,11.14953,0.0,,15.3,14.4,0.189,13.8,0.149,2.31,icon_d2
2026-10-07,W1345,52.31126,10.11478,0.0,,15.4,13.9,0.229,13.5,0.226,2.14,icon_d2
2026-10-07,W1346,52.31126,10.14435,0.0,,15.4,14.2,0.203,13.6,0.182,2.14,icon_d2
2026-10-07,W0220,52.3023,10.1886,0.0,,15.2,14.2,0.203,13.6,0.182,2.13,icon_d2
2026-10-07,W1347,52.31126,10.20347,0.0,,15.3,14.2,0.203,13.6,0.182,2.14,icon_d2
2026-10-07,W1348,52.31126,10.23304,0.0,,15.6,14.2,0.203,13.6,0.182,2.21,icon_d2
2026-10-07,W0221,52.3023,10.2772,0.0,,15.2,13.8,0.193,13.1,0.168,2.17,icon_d2
2026-10-07,W0222,52.3023,10.3068,0.0,,15.5,13.8,0.193,13.1,0.168,2.22,icon_d2
2026-10-07,W0223,52.3023,10.3363,0.0,,15.0,13.4,0.212,12.8,0.21,2.14,icon_d2
2026-10-07,W0224,52.3023,10.3658,0.0,,15.2,13.4,0.212,12.8,0.21,2.15,icon_d2
2026-10-07,W1349,52.31126,10.38086,0.0,,15.4,13.4,0.212,12.8,0.21,2.26,icon_d2
2026-10-07,W0225,52.3023,10.4249,0.0,,15.7,14.8,0.165,14.0,0.15,2.28,icon_d2
2026-10-07,W1350,52.31126,10.43999,0.0,,15.7,14.8,0.165,14.0,0.15,2.29,icon_d2
2026-10-07,W1351,52.31126,10.46955,0.0,,15.9,14.3,0.191,13.5,0.183,2.31,icon_d2
2026-10-07,W1352,52.31126,10.49912,0.0,,16.0,14.3,0.191,13.5,0.183,2.28,icon_d2
2026-10-07,W0226,52.3023,10.5431,0.0,,15.4,14.3,0.191,13.5,0.183,2.17,icon_d2
2026-10-07,W0227,52.3023,10.5726,0.0,,15.1,14.3,0.191,13.5,0.183,2.2,icon_d2
2026-10-07,W1353,52.31126,10.58781,0.0,,15.1,14.2,0.185,13.2,0.156,2.17,icon_d2
2026-10-07,W0228,52.3023,10.6317,0.0,,15.1,14.2,0.185,13.2,0.156,2.22,icon_d2
2026-10-07,W0229,52.3023,10.6612,0.0,,14.8,14.0,0.199,13.2,0.184,2.2,icon_d2
2026-10-07,W0230,52.3023,10.6908,0.0,,14.6,14.0,0.199,13.2,0.184,2.24,icon_d2
2026-10-07,W0231,52.3023,10.7203,0.0,,14.8,14.0,0.199,13.2,0.184,2.24,icon_d2
2026-10-07,W1354,52.31126,10.73563,0.0,,14.9,14.0,0.199,13.2,0.184,2.26,icon_d2
2026-10-07,W1355,52.31126,10.76519,0.0,,14.6,14.3,0.185,13.4,0.15,2.28,icon_d2
2026-10-07,W0232,52.3023,10.8089,0.0,,14.1,14.3,0.185,13.4,0.15,2.18,icon_d2
2026-10-07,W0233,52.3023,10.8384,0.0,,14.5,13.7,0.202,12.9,0.18,2.21,icon_d2
2026-10-07,W0234,52.3023,10.868,0.0,,14.4,13.7,0.202,12.9,0.18,2.2,icon_d2
2026-10-07,W0235,52.3023,10.8975,0.0,,15.0,13.7,0.202,12.9,0.18,2.28,icon_d2
2026-10-07,W0236,52.3023,10.9271,0.0,,15.2,14.4,0.196,13.6,0.153,2.26,icon_d2
2026-10-07,W1356,52.31126,10.94258,0.0,,14.9,14.4,0.196,13.6,0.153,2.2,icon_d2
2026-10-07,W0237,52.3023,10.9861,0.0,,15.2,14.4,0.196,13.6,0.153,2.21,icon_d2
2026-10-07,W0238,52.3023,11.0157,0.0,,15.1,13.9,0.215,13.2,0.195,2.2,icon_d2
2026-10-07,W0239,52.3023,11.0452,0.0,,15.1,13.9,0.215,13.2,0.195,2.19,icon_d2
2026-10-07,W0240,52.3023,11.0747,0.0,,14.4,14.4,0.189,13.8,0.149,2.19,icon_d2
2026-10-07,W0241,52.3023,11.1043,0.0,,15.1,14.4,0.189,13.8,0.149,2.24,icon_d2
2026-10-07,W0242,52.3023,11.1338,0.0,,15.2,14.4,0.189,13.8,0.149,2.31,icon_d2
2026-10-07,W1357,52.31126,11.14953,0.0,,15.3,14.6,0.194,14.0,0.147,2.34,icon_d2
2026-10-07,W1358,52.32928,10.11478,0.0,,15.5,14.2,0.203,13.6,0.182,2.14,icon_d2
2026-10-07,W1359,52.32928,10.14435,0.0,,15.4,14.2,0.203,13.6,0.182,2.14,icon_d2
2026-10-07,W1360,52.32928,10.17391,0.0,,15.4,14.2,0.203,13.6,0.182,2.14,icon_d2
2026-10-07,W0243,52.3203,10.2182,0.0,,15.4,14.2,0.203,13.6,0.182,2.15,icon_d2
2026-10-07,W1361,52.32928,10.23304,0.0,,15.6,14.2,0.203,13.6,0.182,2.21,icon_d2
2026-10-07,W1362,52.32928,10.2626,0.0,,15.4,13.4,0.212,12.8,0.21,2.18,icon_d2
2026-10-07,W0244,52.3203,10.3068,0.0,,15.3,13.4,0.212,12.8,0.21,2.17,icon_d2
2026-10-07,W0245,52.3203,10.3363,0.0,,15.2,13.4,0.212,12.8,0.21,2.18,icon_d2
2026-10-07,W1363,52.32928,10.3513,0.0,,15.2,13.4,0.212,12.8,0.21,2.18,icon_d2
2026-10-07,W1364,52.32928,10.38086,0.0,,15.4,13.4,0.212,12.8,0.21,2.26,icon_d2
2026-10-07,W1365,52.32928,10.41042,0.0,,15.5,13.4,0.212,12.8,0.21,2.28,icon_d2
2026-10-07,W1366,52.32928,10.43999,0.0,,15.7,14.3,0.191,13.5,0.183,2.29,icon_d2
2026-10-07,W1367,52.32928,10.46955,0.0,,15.9,14.3,0.191,13.5,0.183,2.31,icon_d2
2026-10-07,W1368,52.32928,10.49912,0.0,,16.0,14.3,0.191,13.5,0.183,2.29,icon_d2
2026-10-07,W1369,52.32928,10.52868,0.0,,15.5,14.3,0.191,13.5,0.183,2.21,icon_d2
2026-10-07,W0246,52.3203,10.5726,0.0,,15.1,14.3,0.191,13.5,0.183,2.17,icon_d2
2026-10-07,W0247,52.3203,10.6021,0.0,,15.3,14.0,0.199,13.2,0.184,2.24,icon_d2
2026-10-07,W0248,52.3203,10.6317,0.0,,15.2,14.0,0.199,13.2,0.184,2.2,icon_d2
2026-10-07,W0249,52.3203,10.6612,0.0,,14.7,14.0,0.199,13.2,0.184,2.18,icon_d2
2026-10-07,W0250,52.3203,10.6908,0.0,,15.0,14.0,0.199,13.2,0.184,2.24,icon_d2
2026-10-07,W0251,52.3203,10.7203,0.0,,14.8,14.0,0.199,13.2,0.184,2.23,icon_d2
2026-10-07,W0252,52.3203,10.7498,0.0,,14.8,14.3,0.185,13.4,0.15,2.26,icon_d2
2026-10-07,W1370,52.32928,10.76519,0.0,,14.7,13.7,0.202,12.9,0.18,2.29,icon_d2
2026-10-07,W1371,52.32928,10.79476,0.0,,14.4,13.7,0.202,12.9,0.18,2.25,icon_d2
2026-10-07,W0253,52.3203,10.8384,0.0,,14.7,13.7,0.202,12.9,0.18,2.24,icon_d2
2026-10-07,W0254,52.3203,10.868,0.0,,14.6,13.7,0.202,12.9,0.18,2.22,icon_d2
2026-10-07,W1372,52.32928,10.88345,0.0,,14.5,13.7,0.202,12.9,0.18,2.22,icon_d2
2026-10-07,W0255,52.3203,10.9271,0.0,,14.8,14.4,0.196,13.6,0.153,2.2,icon_d2
2026-10-07,W0256,52.3203,10.9566,0.0,,15.1,13.9,0.215,13.2,0.195,2.24,icon_d2
2026-10-07,W0257,52.3203,10.9861,0.0,,15.4,13.9,0.215,13.2,0.195,2.26,icon_d2
2026-10-07,W1373,52.32928,11.00171,0.0,,15.0,13.9,0.215,13.2,0.195,2.26,icon_d2
2026-10-07,W0258,52.3203,11.0452,0.0,,14.3,13.9,0.215,13.2,0.195,2.22,icon_d2
2026-10-07,W1374,52.32928,11.06084,0.0,,14.4,13.9,0.215,13.2,0.195,2.21,icon_d2
2026-10-07,W1375,52.32928,11.0904,0.0,,15.0,14.6,0.194,14.0,0.147,2.28,icon_d2
2026-10-07,W1376,52.32928,11.11997,0.0,,15.2,14.6,0.194,14.0,0.147,2.29,icon_d2
2026-10-07,W1377,52.32928,11.14953,0.0,,15.4,14.6,0.194,14.0,0.147,2.35,icon_d2
2026-10-07,W0260,52.3383,10.1295,0.0,,15.6,14.2,0.203,13.6,0.182,2.09,icon_d2
2026-10-07,W1378,52.3473,10.14435,0.0,,15.6,14.2,0.203,13.6,0.182,2.1,icon_d2
2026-10-07,W1379,52.3473,10.17391,0.0,,15.8,14.2,0.203,13.6,0.182,2.16,icon_d2
2026-10-07,W1380,52.3473,10.20347,0.0,,15.8,14.2,0.203,13.6,0.182,2.16,icon_d2
2026-10-07,W1381,52.3473,10.23304,0.0,,15.9,14.2,0.203,13.6,0.182,2.23,icon_d2
2026-10-07,W0281,52.3563,10.2772,0.0,,15.5,13.4,0.212,12.8,0.21,2.25,icon_d2
2026-10-07,W0282,52.3563,10.3068,0.0,,15.4,13.4,0.212,12.8,0.21,2.23,icon_d2
2026-10-07,W0261,52.3383,10.3363,0.0,,15.3,13.4,0.212,12.8,0.21,2.21,icon_d2
2026-10-07,W0262,52.3383,10.3658,0.0,,15.4,13.4,0.212,12.8,0.21,2.26,icon_d2
2026-10-07,W1382,52.3473,10.38086,0.0,,15.5,13.4,0.212,12.8,0.21,2.28,icon_d2
2026-10-07,W0285,52.3563,10.4249,0.0,,15.6,14.3,0.191,13.5,0.183,2.29,icon_d2
2026-10-07,W1383,52.3473,10.43999,0.0,,15.5,14.3,0.191,13.5,0.183,2.31,icon_d2
2026-10-07,W0263,52.3383,10.484,0.0,,15.7,14.3,0.191,13.5,0.183,2.31,icon_d2
2026-10-07,W0264,52.3383,10.5135,0.0,,15.6,14.3,0.191,13.5,0.183,2.24,icon_d2
2026-10-07,W1384,52.3473,10.52868,0.0,,15.5,14.3,0.191,13.5,0.183,2.23,icon_d2
2026-10-07,W0265,52.3383,10.5726,0.0,,15.2,14.3,0.191,13.5,0.183,2.2,icon_d2
2026-10-07,W0266,52.3383,10.6021,0.0,,15.0,14.0,0.199,13.2,0.184,2.19,icon_d2
2026-10-07,W0267,52.3383,10.6317,0.0,,14.9,14.0,0.199,13.2,0.184,2.16,icon_d2
2026-10-07,W0268,52.3383,10.6612,0.0,,15.0,14.0,0.199,13.2,0.184,2.17,icon_d2
2026-10-07,W0269,52.3383,10.6908,0.0,,14.8,14.0,0.199,13.2,0.184,2.22,icon_d2
2026-10-07,W0270,52.3383,10.7203,0.0,,14.7,14.0,0.199,13.2,0.184,2.21,icon_d2
2026-10-07,W0271,52.3383,10.7498,0.0,,14.8,14.0,0.199,13.2,0.184,2.25,icon_d2
2026-10-07,W1385,52.3473,10.76519,0.0,,14.8,13.7,0.202,12.9,0.18,2.29,icon_d2
2026-10-07,W0293,52.3563,10.8089,0.0,,16.1,13.7,0.202,12.9,0.18,2.32,icon_d2
2026-10-07,W0294,52.3563,10.8384,0.0,,15.5,13.7,0.202,12.9,0.18,2.23,icon_d2
2026-10-07,W0272,52.3383,10.868,0.0,,15.1,13.7,0.202,12.9,0.18,2.22,icon_d2
2026-10-07,W0273,52.3383,10.8975,0.0,,15.5,13.7,0.202,12.9,0.18,2.26,icon_d2
2026-10-07,W0274,52.3383,10.9271,0.0,,15.7,13.9,0.215,13.2,0.195,2.27,icon_d2
2026-10-07,W0275,52.3383,10.9566,0.0,,15.2,13.9,0.215,13.2,0.195,2.24,icon_d2
2026-10-07,W0276,52.3383,10.9861,0.0,,14.6,13.9,0.215,13.2,0.195,2.23,icon_d2
2026-10-07,W0297,52.3563,11.0157,0.0,,14.5,13.9,0.215,13.2,0.195,2.24,icon_d2
2026-10-07,W0298,52.3563,11.0452,0.0,,14.5,13.9,0.215,13.2,0.195,2.24,icon_d2
2026-10-07,W0299,52.3563,11.0747,0.0,,14.3,14.4,0.198,14.1,0.161,2.26,icon_d2
2026-10-07,W0277,52.3383,11.1043,0.0,,15.0,14.6,0.194,14.0,0.147,2.31,icon_d2
2026-10-07,W0278,52.3383,11.1338,0.0,,15.5,14.6,0.194,14.0,0.147,2.34,icon_d2
2026-10-07,W1386,52.3473,11.14953,0.0,,15.3,14.6,0.194,14.0,0.147,2.33,icon_d2
2026-10-07,W0302,52.3743,10.1,0.0,,15.4,14.2,0.203,13.6,0.182,2.04,icon_d2
2026-10-07,W1387,52.36532,10.14435,0.0,,15.6,14.2,0.203,13.6,0.182,2.13,icon_d2
2026-10-07,W0303,52.3743,10.1886,0.0,,15.5,13.4,0.234,12.7,0.22,2.17,icon_d2
2026-10-07,W1388,52.36532,10.20347,0.0,,15.6,13.4,0.234,12.7,0.22,2.19,icon_d2
2026-10-07,W1389,52.36532,10.23304,0.0,,15.8,13.4,0.234,12.7,0.22,2.25,icon_d2
2026-10-07,W1390,52.36532,10.2626,0.0,,15.5,13.4,0.212,12.8,0.21,2.25,icon_d2
2026-10-07,W0304,52.3743,10.3068,0.0,,15.8,13.4,0.212,12.8,0.21,2.26,icon_d2
2026-10-07,W0305,52.3743,10.3363,0.0,,15.3,13.4,0.212,12.8,0.21,2.22,icon_d2
2026-10-07,W0306,52.3743,10.3658,0.0,,15.5,13.1,0.241,12.4,0.236,2.23,icon_d2
2026-10-07,W0307,52.3743,10.3954,0.0,,15.5,13.1,0.241,12.4,0.236,2.28,icon_d2
2026-10-07,W0308,52.3743,10.4249,0.0,,15.8,13.1,0.241,12.4,0.236,2.34,icon_d2
2026-10-07,W1391,52.36532,10.43999,0.0,,15.8,14.3,0.191,13.5,0.183,2.34,icon_d2
2026-10-07,W1392,52.36532,10.46955,0.0,,15.8,14.3,0.191,13.5,0.183,2.35,icon_d2
2026-10-07,W0309,52.3743,10.5135,0.0,,15.6,13.5,0.216,12.7,0.202,2.35,icon_d2
2026-10-07,W1393,52.36532,10.52868,0.0,,15.7,14.3,0.191,13.5,0.183,2.26,icon_d2
2026-10-07,W0310,52.3743,10.5726,0.0,,15.5,13.5,0.216,12.7,0.202,2.36,icon_d2
2026-10-07,W1394,52.36532,10.58781,0.0,,15.4,13.5,0.216,12.7,0.202,2.34,icon_d2
2026-10-07,W1395,52.36532,10.61737,0.0,,15.0,14.0,0.199,13.2,0.184,2.21,icon_d2
2026-10-07,W0311,52.3743,10.6612,0.0,,15.6,14.0,0.199,13.2,0.184,2.38,icon_d2
2026-10-07,W0312,52.3743,10.6908,0.0,,15.5,14.4,0.194,13.7,0.16,2.26,icon_d2
2026-10-07,W0313,52.3743,10.7203,0.0,,15.3,14.4,0.194,13.7,0.16,2.25,icon_d2
2026-10-07,W0314,52.3743,10.7498,0.0,,15.3,14.4,0.194,13.7,0.16,2.29,icon_d2
2026-10-07,W0315,52.3743,10.7794,0.0,,15.5,13.7,0.202,12.9,0.18,2.25,icon_d2
2026-10-07,W0316,52.3743,10.8089,0.0,,15.5,13.7,0.202,12.9,0.18,2.25,icon_d2
2026-10-07,W0317,52.3743,10.8384,0.0,,15.5,14.6,0.191,14.3,0.154,2.29,icon_d2
2026-10-07,W0318,52.3743,10.868,0.0,,15.4,14.6,0.191,14.3,0.154,2.28,icon_d2
2026-10-07,W0319,52.3743,10.8975,0.0,,15.4,14.6,0.191,14.3,0.154,2.25,icon_d2
2026-10-07,W1396,52.36532,10.91302,0.0,,15.6,14.6,0.191,14.3,0.154,2.27,icon_d2
2026-10-07,W1397,52.36532,10.94258,0.0,,15.3,13.9,0.215,13.2,0.195,2.26,icon_d2
2026-10-07,W0320,52.3743,10.9861,0.0,,14.9,13.9,0.215,13.2,0.195,2.24,icon_d2
2026-10-07,W0321,52.3743,11.0157,0.0,,14.3,14.4,0.198,14.1,0.161,2.19,icon_d2
2026-10-07,W0322,52.3743,11.0452,0.0,,14.5,14.4,0.198,14.1,0.161,2.24,icon_d2
2026-10-07,W0323,52.3743,11.0747,0.0,,14.6,14.4,0.198,14.1,0.161,2.24,icon_d2
2026-10-07,W1607,52.36532,11.0904,0.0,,15.2,14.6,0.194,14.0,0.147,2.33,icon_d2
2026-10-07,W1398,52.36532,11.11997,0.0,,15.7,14.6,0.194,14.0,0.147,2.35,icon_d2
2026-10-07,W1399,52.36532,11.14953,0.0,,15.6,14.6,0.194,14.0,0.147,2.35,icon_d2
2026-10-07,W1400,52.38333,10.11478,0.0,,15.4,14.2,0.203,13.6,0.182,2.09,icon_d2
2026-10-07,W1401,52.38333,10.14435,0.0,,15.4,13.4,0.234,12.7,0.22,2.09,icon_d2
2026-10-07,W1402,52.38333,10.17391,0.0,,15.6,13.4,0.234,12.7,0.22,2.17,icon_d2
2026-10-07,W0324,52.3923,10.2182,0.0,,15.8,13.4,0.234,12.7,0.22,2.23,icon_d2
2026-10-07,W0325,52.3923,10.2477,0.0,,15.9,13.4,0.234,12.7,0.22,2.29,icon_d2
2026-10-07,W1403,52.38333,10.2626,0.0,,15.7,13.4,0.234,12.7,0.22,2.26,icon_d2
2026-10-07,W1404,52.38333,10.29217,0.0,,15.9,13.4,0.212,12.8,0.21,2.26,icon_d2
2026-10-07,W0326,52.3923,10.3363,0.0,,15.4,13.1,0.241,12.4,0.236,2.22,icon_d2
2026-10-07,W0327,52.3923,10.3658,0.0,,15.3,13.1,0.241,12.4,0.236,2.21,icon_d2
2026-10-07,W0328,52.3923,10.3954,0.0,,15.6,13.1,0.241,12.4,0.236,2.3,icon_d2
2026-10-07,W1405,52.38333,10.41042,0.0,,15.9,13.1,0.241,12.4,0.236,2.35,icon_d2
2026-10-07,W0329,52.3923,10.4545,0.0,,15.7,13.5,0.216,12.7,0.202,2.28,icon_d2
2026-10-07,W0330,52.3923,10.484,0.0,,15.7,13.5,0.216,12.7,0.202,2.28,icon_d2
2026-10-07,W0331,52.3923,10.5135,0.0,,15.5,13.5,0.216,12.7,0.202,2.28,icon_d2
2026-10-07,W1406,52.38333,10.52868,0.0,,15.6,13.5,0.216,12.7,0.202,2.35,icon_d2
2026-10-07,W1407,52.38333,10.55825,0.0,,15.5,13.5,0.216,12.7,0.202,2.35,icon_d2
2026-10-07,W0332,52.3923,10.6021,0.0,,15.7,13.5,0.216,12.7,0.202,2.4,icon_d2
2026-10-07,W1408,52.38333,10.61737,0.0,,15.5,14.0,0.199,13.2,0.184,2.41,icon_d2
2026-10-07,W0333,52.3923,10.6612,0.0,,15.7,14.4,0.194,13.7,0.16,2.42,icon_d2
2026-10-07,W0334,52.3923,10.6908,0.0,,15.8,14.4,0.194,13.7,0.16,2.37,icon_d2
2026-10-07,W0335,52.3923,10.7203,0.0,,15.6,14.4,0.194,13.7,0.16,2.28,icon_d2
2026-10-07,W0336,52.3923,10.7498,0.0,,15.6,14.4,0.194,13.7,0.16,2.28,icon_d2
2026-10-07,W0337,52.3923,10.7794,0.0,,15.4,14.6,0.191,14.3,0.154,2.21,icon_d2
2026-10-07,W0338,52.3923,10.8089,0.0,,15.6,14.6,0.191,14.3,0.154,2.22,icon_d2
2026-10-07,W1409,52.38333,10.82432,0.0,,15.7,14.6,0.191,14.3,0.154,2.26,icon_d2
2026-10-07,W0339,52.3923,10.868,0.0,,15.2,14.6,0.191,14.3,0.154,2.2,icon_d2
2026-10-07,W0340,52.3923,10.8975,0.0,,14.8,14.6,0.191,14.3,0.154,2.14,icon_d2
2026-10-07,W1410,52.38333,10.91302,0.0,,15.1,14.6,0.191,14.3,0.154,2.22,icon_d2
2026-10-07,W1411,52.38333,10.94258,0.0,,15.1,13.9,0.215,13.2,0.195,2.25,icon_d2
2026-10-07,W1412,52.38333,10.97214,0.0,,14.9,13.9,0.215,13.2,0.195,2.25,icon_d2
2026-10-07,W0341,52.3923,11.0157,0.0,,14.5,14.4,0.198,14.1,0.161,2.21,icon_d2
2026-10-07,W0342,52.3923,11.0452,0.0,,14.6,14.4,0.198,14.1,0.161,2.24,icon_d2
2026-10-07,W0343,52.3923,11.0747,0.0,,14.5,14.4,0.198,14.1,0.161,2.28,icon_d2
2026-10-07,W1413,52.38333,11.0904,0.0,,14.9,14.4,0.198,14.1,0.161,2.32,icon_d2
2026-10-07,W1414,52.38333,11.11997,0.0,,14.9,14.6,0.194,14.0,0.147,2.32,icon_d2
2026-10-07,W1415,52.38333,11.14953,0.0,,15.5,14.2,0.203,13.7,0.148,2.36,icon_d2
2026-10-07,W1416,52.40135,10.11478,0.0,,15.4,13.4,0.234,12.7,0.22,2.07,icon_d2
2026-10-07,W1417,52.40135,10.14435,0.0,,15.4,13.4,0.234,12.7,0.22,2.11,icon_d2
2026-10-07,W1418,52.40135,10.17391,0.0,,15.4,13.4,0.234,12.7,0.22,2.11,icon_d2
2026-10-07,W1419,52.40135,10.20347,0.0,,15.8,13.4,0.234,12.7,0.22,2.23,icon_d2
2026-10-07,W1420,52.40135,10.23304,0.0,,15.8,13.4,0.234,12.7,0.22,2.28,icon_d2
2026-10-07,W1421,52.40135,10.2626,0.0,,15.9,13.4,0.234,12.7,0.22,2.29,icon_d2
2026-10-07,W1422,52.40135,10.29217,0.0,,15.5,13.1,0.241,12.4,0.236,2.23,icon_d2
2026-10-07,W1423,52.40135,10.32173,0.0,,15.4,13.1,0.241,12.4,0.236,2.22,icon_d2
2026-10-07,W1424,52.40135,10.3513,0.0,,15.4,13.1,0.241,12.4,0.236,2.21,icon_d2
2026-10-07,W1425,52.40135,10.38086,0.0,,15.6,13.1,0.241,12.4,0.236,2.26,icon_d2
2026-10-07,W1426,52.40135,10.41042,0.0,,15.8,13.1,0.241,12.4,0.236,2.32,icon_d2
2026-10-07,W1427,52.40135,10.43999,0.0,,15.8,13.5,0.216,12.7,0.202,2.32,icon_d2
2026-10-07,W1428,52.40135,10.46955,0.0,,15.7,13.5,0.216,12.7,0.202,2.28,icon_d2
2026-10-07,W1429,52.40135,10.49912,0.0,,15.5,13.5,0.216,12.7,0.202,2.31,icon_d2
2026-10-07,W1430,52.40135,10.52868,0.0,,15.5,13.5,0.216,12.7,0.202,2.29,icon_d2
2026-10-07,W1431,52.40135,10.55825,0.0,,15.5,13.5,0.216,12.7,0.202,2.36,icon_d2
2026-10-07,W1432,52.40135,10.58781,0.0,,15.5,13.5,0.216,12.7,0.202,2.36,icon_d2
2026-10-07,W1433,52.40135,10.61737,0.0,,15.6,14.4,0.194,13.7,0.16,2.4,icon_d2
2026-10-07,W1434,52.40135,10.64694,0.0,,15.6,14.4,0.194,13.7,0.16,2.41,icon_d2
2026-10-07,W1435,52.40135,10.6765,0.0,,15.7,14.4,0.194,13.7,0.16,2.37,icon_d2
2026-10-07,W1436,52.40135,10.70607,0.0,,15.6,14.4,0.194,13.7,0.16,2.36,icon_d2
2026-10-07,W1437,52.40135,10.73563,0.0,,15.5,14.4,0.194,13.7,0.16,2.27,icon_d2
2026-10-07,W1438,52.40135,10.76519,0.0,,15.4,14.4,0.194,13.7,0.16,2.25,icon_d2
2026-10-07,W1439,52.40135,10.79476,0.0,,15.4,14.6,0.191,14.3,0.154,2.21,icon_d2
2026-10-07,W1440,52.40135,10.82432,0.0,,15.7,14.6,0.191,14.3,0.154,2.31,icon_d2
2026-10-07,W1441,52.40135,10.85389,0.0,,15.1,14.6,0.191,14.3,0.154,2.2,icon_d2
2026-10-07,W1442,52.40135,10.88345,0.0,,15.0,14.6,0.191,14.3,0.154,2.19,icon_d2
2026-10-07,W1443,52.40135,10.91302,0.0,,15.0,14.6,0.191,14.3,0.154,2.19,icon_d2
2026-10-07,W1444,52.40135,10.94258,0.0,,15.1,14.4,0.198,14.1,0.161,2.2,icon_d2
2026-10-07,W1445,52.40135,10.97214,0.0,,14.8,14.4,0.198,14.1,0.161,2.26,icon_d2
2026-10-07,W1446,52.40135,11.00171,0.0,,14.5,14.4,0.198,14.1,0.161,2.23,icon_d2
2026-10-07,W1447,52.40135,11.03127,0.0,,14.5,14.4,0.198,14.1,0.161,2.24,icon_d2
2026-10-07,W1448,52.40135,11.06084,0.0,,14.6,14.4,0.198,14.1,0.161,2.24,icon_d2
2026-10-07,W1449,52.40135,11.0904,0.0,,14.6,14.4,0.198,14.1,0.161,2.29,icon_d2
2026-10-07,W1450,52.40135,11.11997,0.0,,15.3,14.2,0.203,13.7,0.148,2.35,icon_d2
2026-10-07,W1451,52.40135,11.14953,0.0,,15.3,14.2,0.203,13.7,0.148,2.35,icon_d2
2026-10-07,W0345,52.4104,10.1295,0.0,,15.5,13.4,0.234,12.7,0.22,2.07,icon_d2
2026-10-07,W1452,52.41937,10.14435,0.0,,15.6,13.4,0.234,12.7,0.22,2.11,icon_d2
2026-10-07,W0346,52.4104,10.1886,0.0,,15.7,13.4,0.234,12.7,0.22,2.18,icon_d2
2026-10-07,W0347,52.4104,10.2182,0.0,,16.0,13.4,0.234,12.7,0.22,2.26,icon_d2
2026-10-07,W0348,52.4104,10.2477,0.0,,15.9,13.4,0.234,12.7,0.22,2.26,icon_d2
2026-10-07,W0349,52.4104,10.2772,0.0,,15.6,13.1,0.241,12.4,0.236,2.23,icon_d2
2026-10-07,W1453,52.41937,10.29217,0.0,,15.6,13.1,0.241,12.4,0.236,2.23,icon_d2
2026-10-07,W0350,52.4104,10.3363,0.0,,15.5,13.1,0.241,12.4,0.236,2.21,icon_d2
2026-10-07,W0351,52.4104,10.3658,0.0,,15.4,13.1,0.241,12.4,0.236,2.18,icon_d2
2026-10-07,W1454,52.41937,10.38086,0.0,,15.7,13.1,0.241,12.4,0.236,2.24,icon_d2
2026-10-07,W0352,52.4104,10.4249,0.0,,15.7,13.1,0.241,12.4,0.236,2.26,icon_d2
2026-10-07,W0353,52.4104,10.4545,0.0,,15.6,13.5,0.216,12.7,0.202,2.22,icon_d2
2026-10-07,W0354,52.4104,10.484,0.0,,15.7,13.5,0.216,12.7,0.202,2.24,icon_d2
2026-10-07,W0355,52.4104,10.5135,0.0,,15.4,13.5,0.216,12.7,0.202,2.22,icon_d2
2026-10-07,W0356,52.4104,10.5431,0.0,,15.5,13.5,0.216,12.7,0.202,2.33,icon_d2
2026-10-07,W1455,52.41937,10.55825,0.0,,15.4,13.5,0.216,12.7,0.202,2.32,icon_d2
2026-10-07,W1456,52.41937,10.58781,0.0,,15.5,13.5,0.216,12.7,0.202,2.32,icon_d2
2026-10-07,W1457,52.41937,10.61737,0.0,,15.4,14.4,0.194,13.7,0.16,2.24,icon_d2
2026-10-07,W1458,52.41937,10.64694,0.0,,15.6,14.4,0.194,13.7,0.16,2.32,icon_d2
2026-10-07,W1459,52.41937,10.6765,0.0,,15.7,14.4,0.194,13.7,0.16,2.33,icon_d2
2026-10-07,W1460,52.41937,10.70607,0.0,,15.8,14.4,0.194,13.7,0.16,2.33,icon_d2
2026-10-07,W0357,52.4104,10.7498,0.0,,15.9,14.4,0.194,13.7,0.16,2.29,icon_d2
2026-10-07,W0358,52.4104,10.7794,0.0,,15.4,14.6,0.191,14.3,0.154,2.19,icon_d2
2026-10-07,W0359,52.4104,10.8089,0.0,,15.2,14.6,0.191,14.3,0.154,2.21,icon_d2
2026-10-07,W1461,52.41937,10.82432,0.0,,15.2,14.6,0.191,14.3,0.154,2.21,icon_d2
2026-10-07,W0360,52.4104,10.868,0.0,,15.3,14.6,0.191,14.3,0.154,2.24,icon_d2
2026-10-07,W0361,52.4104,10.8975,0.0,,14.3,14.6,0.191,14.3,0.154,2.09,icon_d2
2026-10-07,W0362,52.4104,10.9271,0.0,,14.4,14.6,0.191,14.3,0.154,2.09,icon_d2
2026-10-07,W0363,52.4104,10.9566,0.0,,14.5,14.4,0.198,14.1,0.161,2.17,icon_d2
2026-10-07,W1462,52.41937,10.97214,0.0,,14.5,14.4,0.198,14.1,0.161,2.2,icon_d2
2026-10-07,W1463,52.41937,11.00171,0.0,,14.4,14.4,0.198,14.1,0.161,2.2,icon_d2
2026-10-07,W0364,52.4104,11.0452,0.0,,14.3,14.4,0.198,14.1,0.161,2.18,icon_d2
2026-10-07,W1464,52.41937,11.06084,0.0,,14.4,14.4,0.198,14.1,0.161,2.19,icon_d2
2026-10-07,W1465,52.41937,11.0904,0.0,,14.6,14.4,0.198,14.1,0.161,2.25,icon_d2
2026-10-07,W1466,52.41937,11.11997,0.0,,14.3,14.2,0.203,13.7,0.148,2.22,icon_d2
2026-10-07,W1467,52.41937,11.14953,0.0,,14.3,14.2,0.203,13.7,0.148,2.22,icon_d2
2026-10-07,W0366,52.4284,10.1295,0.0,,15.4,13.4,0.234,12.7,0.22,2.06,icon_d2
2026-10-07,W0367,52.4284,10.1591,0.0,,15.5,13.4,0.234,12.7,0.22,2.14,icon_d2
2026-10-07,W0368,52.4284,10.1886,0.0,,15.7,13.4,0.234,12.7,0.22,2.18,icon_d2
2026-10-07,W0369,52.4284,10.2182,0.0,,16.0,13.4,0.234,12.7,0.22,2.26,icon_d2
2026-10-07,W0370,52.4284,10.2477,0.0,,16.0,13.4,0.234,12.7,0.22,2.26,icon_d2
2026-10-07,W0371,52.4284,10.2772,0.0,,15.7,13.1,0.241,12.4,0.236,2.24,icon_d2
2026-10-07,W0372,52.4284,10.3068,0.0,,15.7,13.1,0.241,12.4,0.236,2.24,icon_d2
2026-10-07,W0373,52.4284,10.3363,0.0,,15.4,13.1,0.241,12.4,0.236,2.21,icon_d2
2026-10-07,W0374,52.4284,10.3658,0.0,,15.5,13.1,0.241,12.4,0.236,2.19,icon_d2
2026-10-07,W1468,52.43739,10.38086,0.0,,15.8,13.1,0.241,12.4,0.236,2.23,icon_d2
2026-10-07,W1469,52.43739,10.41042,0.0,,15.8,14.0,0.239,13.1,0.216,2.21,icon_d2
2026-10-07,W0375,52.4284,10.4545,0.0,,15.7,13.5,0.216,12.7,0.202,2.23,icon_d2
2026-10-07,W0376,52.4284,10.484,0.0,,15.8,13.5,0.216,12.7,0.202,2.25,icon_d2
2026-10-07,W0377,52.4284,10.5135,0.0,,15.4,13.5,0.216,12.7,0.202,2.22,icon_d2
2026-10-07,W0378,52.4284,10.5431,0.0,,15.5,13.5,0.216,12.7,0.202,2.33,icon_d2
2026-10-07,W0379,52.4284,10.5726,0.0,,15.5,13.5,0.216,12.7,0.202,2.32,icon_d2
2026-10-07,W1470,52.43739,10.58781,0.0,,15.5,14.5,0.208,13.8,0.183,2.29,icon_d2
2026-10-07,W0380,52.4284,10.6317,0.0,,15.7,14.4,0.194,13.7,0.16,2.32,icon_d2
2026-10-07,W0381,52.4284,10.6612,0.0,,15.7,14.4,0.194,13.7,0.16,2.32,icon_d2
2026-10-07,W1471,52.43739,10.6765,0.0,,15.0,14.4,0.194,13.7,0.16,2.15,icon_d2
2026-10-07,W1472,52.43739,10.70607,0.0,,15.0,14.4,0.194,13.7,0.16,2.16,icon_d2
2026-10-07,W0382,52.4284,10.7498,0.0,,16.1,13.9,0.204,13.4,0.176,2.3,icon_d2
2026-10-07,W1473,52.43739,10.76519,0.0,,15.9,13.9,0.204,13.4,0.176,2.26,icon_d2
2026-10-07,W1474,52.43739,10.79476,0.0,,15.3,14.6,0.191,14.3,0.154,2.18,icon_d2
2026-10-07,W1475,52.43739,10.82432,0.0,,15.3,14.6,0.191,14.3,0.154,2.17,icon_d2
2026-10-07,W0383,52.4284,10.868,0.0,,15.5,14.6,0.191,14.3,0.154,2.26,icon_d2
2026-10-07,W0384,52.4284,10.8975,0.0,,14.5,14.6,0.191,14.3,0.154,2.1,icon_d2
2026-10-07,W0385,52.4284,10.9271,0.0,,14.6,14.2,0.196,13.9,0.152,2.11,icon_d2
2026-10-07,W0386,52.4284,10.9566,0.0,,14.6,14.4,0.198,14.1,0.161,2.18,icon_d2
2026-10-07,W1476,52.43739,10.97214,0.0,,14.3,14.4,0.198,14.1,0.161,2.2,icon_d2
2026-10-07,W0387,52.4284,11.0157,0.0,,14.4,14.4,0.198,14.1,0.161,2.2,icon_d2
2026-10-07,W0388,52.4284,11.0452,0.0,,14.4,14.4,0.198,14.1,0.161,2.19,icon_d2
2026-10-07,W1477,52.43739,11.06084,0.0,,14.0,13.4,0.249,13.4,0.234,2.15,icon_d2
2026-10-07,W1478,52.43739,11.0904,0.0,,13.9,13.4,0.249,13.4,0.234,2.14,icon_d2
2026-10-07,W0389,52.4284,11.1338,0.0,,14.3,14.2,0.203,13.7,0.148,2.22,icon_d2
2026-10-07,W1479,52.43739,11.14953,0.0,,14.1,14.2,0.203,13.7,0.148,2.16,icon_d2
2026-10-07,W0416,52.4644,10.1295,0.0,,15.6,13.9,0.151,13.1,0.138,2.09,icon_d2
2026-10-07,W0417,52.4644,10.1591,0.0,,15.7,13.9,0.151,13.1,0.138,2.08,icon_d2
2026-10-07,W0418,52.4644,10.1886,0.0,,15.8,13.9,0.151,13.1,0.138,2.14,icon_d2
2026-10-07,W0419,52.4644,10.2182,0.0,,15.7,13.9,0.151,13.1,0.138,2.17,icon_d2
2026-10-07,W0420,52.4644,10.2477,0.0,,15.7,13.9,0.151,13.1,0.138,2.2,icon_d2
2026-10-07,W0421,52.4644,10.2772,0.0,,15.7,13.9,0.151,13.1,0.138,2.21,icon_d2
2026-10-07,W0422,52.4644,10.3068,0.0,,15.6,14.0,0.239,13.1,0.216,2.2,icon_d2
2026-10-07,W0423,52.4644,10.3363,0.0,,15.7,14.0,0.239,13.1,0.216,2.2,icon_d2
2026-10-07,W0424,52.4644,10.3658,0.0,,15.7,14.0,0.239,13.1,0.216,2.2,icon_d2
2026-10-07,W0425,52.4644,10.3954,0.0,,15.3,14.0,0.239,13.1,0.216,2.12,icon_d2
2026-10-07,W0426,52.4644,10.4249,0.0,,15.2,14.0,0.239,13.1,0.216,2.12,icon_d2
2026-10-07,W0427,52.4644,10.4545,0.0,,15.1,14.0,0.239,13.1,0.216,2.13,icon_d2
2026-10-07,W0428,52.4644,10.484,0.0,,15.2,14.5,0.208,13.8,0.183,2.15,icon_d2
2026-10-07,W0429,52.4644,10.5135,0.0,,15.5,14.5,0.208,13.8,0.183,2.18,icon_d2
2026-10-07,W0430,52.4644,10.5431,0.0,,15.7,14.5,0.208,13.8,0.183,2.22,icon_d2
2026-10-07,W0431,52.4644,10.5726,0.0,,15.3,14.5,0.208,13.8,0.183,2.19,icon_d2
2026-10-07,W0432,52.4644,10.6021,0.0,,15.0,14.5,0.208,13.8,0.183,2.13,icon_d2
2026-10-07,W0433,52.4644,10.6317,0.0,,14.7,13.9,0.204,13.4,0.176,2.11,icon_d2
2026-10-07,W0434,52.4644,10.6612,0.0,,14.7,13.9,0.204,13.4,0.176,2.11,icon_d2
2026-10-07,W0435,52.4644,10.6908,0.0,,14.9,13.9,0.204,13.4,0.176,2.16,icon_d2
2026-10-07,W0408,52.4464,10.7203,0.0,,15.4,13.9,0.204,13.4,0.176,2.21,icon_d2
2026-10-07,W1481,52.45541,10.73563,0.0,,14.7,13.9,0.204,13.4,0.176,2.2,icon_d2
2026-10-07,W0436,52.4644,10.7794,0.0,,14.4,13.9,0.204,13.4,0.176,2.14,icon_d2
2026-10-07,W0437,52.4644,10.8089,0.0,,14.4,14.2,0.196,13.9,0.152,2.1,icon_d2
2026-10-07,W0438,52.4644,10.8384,0.0,,14.4,14.2,0.196,13.9,0.152,2.15,icon_d2
2026-10-07,W0439,52.4644,10.868,0.0,,14.5,14.2,0.196,13.9,0.152,2.16,icon_d2
2026-10-07,W0440,52.4644,10.8975,0.0,,14.1,14.2,0.196,13.9,0.152,2.09,icon_d2
2026-10-07,W0441,52.4644,10.9271,0.0,,14.0,14.2,0.196,13.9,0.152,2.12,icon_d2
2026-10-07,W0442,52.4644,10.9566,0.0,,14.2,14.2,0.196,13.9,0.152,2.19,icon_d2
2026-10-07,W1482,52.45541,10.97214,0.0,,14.2,14.4,0.198,14.1,0.161,2.19,icon_d2
2026-10-07,W1609,52.45541,11.00171,0.0,,14.1,13.4,0.249,13.4,0.234,2.19,icon_d2
2026-10-07,W0443,52.4644,11.0452,0.0,,14.0,13.4,0.249,13.4,0.234,2.1,icon_d2
2026-10-07,W1483,52.45541,11.06084,0.0,,14.2,13.4,0.249,13.4,0.234,2.14,icon_d2
2026-10-07,W0444,52.4644,11.1043,0.0,,14.1,13.4,0.249,13.4,0.234,2.11,icon_d2
2026-10-07,W0445,52.4644,11.1338,0.0,,14.3,13.9,0.217,13.6,0.195,2.19,icon_d2
2026-10-07,W1484,52.45541,11.14953,0.0,,14.3,14.2,0.203,13.7,0.148,2.19,icon_d2
2026-10-07,W0446,52.4824,10.1295,0.0,,15.6,13.9,0.151,13.1,0.138,2.11,icon_d2
2026-10-07,W0447,52.4824,10.1591,0.0,,15.6,13.9,0.151,13.1,0.138,2.06,icon_d2
2026-10-07,W0448,52.4824,10.1886,0.0,,15.5,13.9,0.151,13.1,0.138,2.09,icon_d2
2026-10-07,W1485,52.47342,10.20347,0.0,,15.7,13.9,0.151,13.1,0.138,2.16,icon_d2
2026-10-07,W0449,52.4824,10.2477,0.0,,15.7,13.9,0.151,13.1,0.138,2.18,icon_d2
2026-10-07,W0450,52.4824,10.2772,0.0,,15.7,13.9,0.151,13.1,0.138,2.2,icon_d2
2026-10-07,W0451,52.4824,10.3068,0.0,,15.6,14.0,0.239,13.1,0.216,2.19,icon_d2
2026-10-07,W1486,52.47342,10.32173,0.0,,15.6,14.0,0.239,13.1,0.216,2.19,icon_d2
2026-10-07,W1487,52.47342,10.3513,0.0,,15.4,14.0,0.239,13.1,0.216,2.15,icon_d2
2026-10-07,W0452,52.4824,10.3954,0.0,,15.3,14.0,0.239,13.1,0.216,2.13,icon_d2
2026-10-07,W0453,52.4824,10.4249,0.0,,15.0,14.0,0.239,13.1,0.216,2.11,icon_d2
2026-10-07,W0454,52.4824,10.4545,0.0,,15.3,14.0,0.239,13.1,0.216,2.13,icon_d2
2026-10-07,W0455,52.4824,10.484,0.0,,15.3,14.5,0.208,13.8,0.183,2.14,icon_d2
2026-10-07,W0456,52.4824,10.5135,0.0,,15.7,14.5,0.208,13.8,0.183,2.18,icon_d2
2026-10-07,W1488,52.47342,10.52868,0.0,,15.7,14.5,0.208,13.8,0.183,2.18,icon_d2
2026-10-07,W0457,52.4824,10.5726,0.0,,15.4,14.5,0.208,13.8,0.183,2.14,icon_d2
2026-10-07,W0458,52.4824,10.6021,0.0,,14.7,14.5,0.208,13.8,0.183,2.09,icon_d2
2026-10-07,W0459,52.4824,10.6317,0.0,,14.7,13.9,0.204,13.4,0.176,2.13,icon_d2
2026-10-07,W0460,52.4824,10.6612,0.0,,14.7,13.9,0.204,13.4,0.176,2.14,icon_d2
2026-10-07,W0461,52.4824,10.6908,0.0,,14.8,13.9,0.204,13.4,0.176,2.19,icon_d2
2026-10-07,W0462,52.4824,10.7203,0.0,,14.7,13.9,0.204,13.4,0.176,2.22,icon_d2
2026-10-07,W1489,52.47342,10.73563,0.0,,14.7,13.9,0.204,13.4,0.176,2.22,icon_d2
2026-10-07,W0463,52.4824,10.7794,0.0,,14.3,13.9,0.204,13.4,0.176,2.14,icon_d2
2026-10-07,W0464,52.4824,10.8089,0.0,,14.3,14.2,0.196,13.9,0.152,2.14,icon_d2
2026-10-07,W1490,52.47342,10.82432,0.0,,14.4,14.2,0.196,13.9,0.152,2.19,icon_d2
2026-10-07,W1491,52.47342,10.85389,0.0,,14.4,14.2,0.196,13.9,0.152,2.19,icon_d2
2026-10-07,W1492,52.47342,10.88345,0.0,,14.2,14.2,0.196,13.9,0.152,2.15,icon_d2
2026-10-07,W1493,52.47342,10.91302,0.0,,14.0,14.2,0.196,13.9,0.152,2.13,icon_d2
2026-10-07,W0465,52.4824,10.9566,0.0,,14.1,14.2,0.196,13.9,0.152,2.12,icon_d2
2026-10-07,W0466,52.4824,10.9861,0.0,,14.1,13.4,0.249,13.4,0.234,2.17,icon_d2
2026-10-07,W0467,52.4824,11.0157,0.0,,14.1,13.4,0.249,13.4,0.234,2.15,icon_d2
2026-10-07,W0468,52.4824,11.0452,0.0,,14.0,13.4,0.249,13.4,0.234,2.11,icon_d2
2026-10-07,W1494,52.47342,11.06084,0.0,,14.0,13.4,0.249,13.4,0.234,2.11,icon_d2
2026-10-07,W1495,52.47342,11.0904,0.0,,14.2,13.4,0.249,13.4,0.234,2.15,icon_d2
2026-10-07,W1496,52.47342,11.11997,0.0,,14.2,13.4,0.249,13.4,0.234,2.19,icon_d2
2026-10-07,W1497,52.47342,11.14953,0.0,,14.3,13.9,0.217,13.6,0.195,2.2,icon_d2
2026-10-07,W1498,52.49144,10.11478,0.0,,15.7,13.9,0.156,13.2,0.159,2.11,icon_d2
2026-10-07,W1499,52.49144,10.14435,0.0,,15.6,13.9,0.151,13.1,0.138,2.07,icon_d2
2026-10-07,W1500,52.49144,10.17391,0.0,,15.6,13.9,0.151,13.1,0.138,2.1,icon_d2
2026-10-07,W1501,52.49144,10.20347,0.0,,15.6,13.9,0.151,13.1,0.138,2.13,icon_d2
2026-10-07,W1502,52.49144,10.23304,0.0,,15.7,13.9,0.151,13.1,0.138,2.16,icon_d2
2026-10-07,W1503,52.49144,10.2626,0.0,,15.6,13.9,0.151,13.1,0.138,2.17,icon_d2
2026-10-07,W1504,52.49144,10.29217,0.0,,15.7,14.0,0.239,13.1,0.216,2.19,icon_d2
2026-10-07,W1505,52.49144,10.32173,0.0,,15.6,14.0,0.239,13.1,0.216,2.19,icon_d2
2026-10-07,W1506,52.49144,10.3513,0.0,,15.5,14.0,0.239,13.1,0.216,2.17,icon_d2
2026-10-07,W1507,52.49144,10.38086,0.0,,15.3,14.0,0.239,13.1,0.216,2.13,icon_d2
2026-10-07,W1508,52.49144,10.41042,0.0,,15.3,14.0,0.239,13.1,0.216,2.11,icon_d2
2026-10-07,W1509,52.49144,10.43999,0.0,,15.3,14.0,0.239,13.1,0.216,2.12,icon_d2
2026-10-07,W1510,52.49144,10.46955,0.0,,15.3,14.5,0.208,13.8,0.183,2.12,icon_d2
2026-10-07,W1511,52.49144,10.49912,0.0,,15.6,14.5,0.208,13.8,0.183,2.19,icon_d2
2026-10-07,W1512,52.49144,10.52868,0.0,,15.4,14.5,0.208,13.8,0.183,2.21,icon_d2
2026-10-07,W1513,52.49144,10.55825,0.0,,15.3,14.5,0.208,13.8,0.183,2.16,icon_d2
2026-10-07,W1514,52.49144,10.58781,0.0,,15.0,14.5,0.208,13.8,0.183,2.12,icon_d2
2026-10-07,W1515,52.49144,10.61737,0.0,,15.4,14.5,0.208,13.8,0.183,2.2,icon_d2
2026-10-07,W1516,52.49144,10.64694,0.0,,15.3,13.9,0.204,13.4,0.176,2.22,icon_d2
2026-10-07,W1517,52.49144,10.6765,0.0,,14.8,13.9,0.204,13.4,0.176,2.16,icon_d2
2026-10-07,W1518,52.49144,10.70607,0.0,,14.8,13.9,0.204,13.4,0.176,2.16,icon_d2
2026-10-07,W1519,52.49144,10.73563,0.0,,14.5,13.9,0.204,13.4,0.176,2.16,icon_d2
2026-10-07,W1520,52.49144,10.76519,0.0,,14.5,13.9,0.204,13.4,0.176,2.15,icon_d2
2026-10-07,W1521,52.49144,10.79476,0.0,,14.4,14.2,0.196,13.9,0.152,2.18,icon_d2
2026-10-07,W1522,52.49144,10.82432,0.0,,14.3,14.2,0.196,13.9,0.152,2.18,icon_d2
2026-10-07,W1523,52.49144,10.85389,0.0,,14.3,14.2,0.196,13.9,0.152,2.08,icon_d2
2026-10-07,W1524,52.49144,10.88345,0.0,,14.3,14.2,0.196,13.9,0.152,2.09,icon_d2
2026-10-07,W1525,52.49144,10.91302,0.0,,14.3,14.2,0.196,13.9,0.152,2.08,icon_d2
2026-10-07,W1526,52.49144,10.94258,0.0,,14.1,14.2,0.196,13.9,0.152,2.05,icon_d2
2026-10-07,W1527,52.49144,10.97214,0.0,,13.9,13.4,0.249,13.4,0.234,2.07,icon_d2
2026-10-07,W1528,52.49144,11.00171,0.0,,14.2,13.4,0.249,13.4,0.234,2.1,icon_d2
2026-10-07,W1529,52.49144,11.03127,0.0,,14.4,13.4,0.249,13.4,0.234,2.14,icon_d2
2026-10-07,W1530,52.49144,11.06084,0.0,,14.2,13.4,0.249,13.4,0.234,2.17,icon_d2
2026-10-07,W1531,52.49144,11.0904,0.0,,14.2,13.4,0.249,13.4,0.234,2.15,icon_d2
2026-10-07,W1532,52.49144,11.11997,0.0,,14.3,13.4,0.249,13.4,0.234,2.19,icon_d2
2026-10-07,W1533,52.49144,11.14953,0.0,,14.2,13.9,0.217,13.6,0.195,2.19,icon_d2
2026-10-07,W0470,52.5005,10.1295,0.0,,15.7,13.9,0.151,13.1,0.138,2.11,icon_d2
2026-10-07,W0471,52.5005,10.1591,0.0,,15.6,13.9,0.151,13.1,0.138,2.07,icon_d2
2026-10-07,W0472,52.5005,10.1886,0.0,,15.6,13.9,0.151,13.1,0.138,2.1,icon_d2
2026-10-07,W1534,52.50946,10.20347,0.0,,15.6,13.9,0.151,13.1,0.138,2.13,icon_d2
2026-10-07,W0473,52.5005,10.2477,0.0,,15.6,13.9,0.151,13.1,0.138,2.16,icon_d2
2026-10-07,W0474,52.5005,10.2772,0.0,,15.7,13.8,0.151,12.9,0.132,2.2,icon_d2
2026-10-07,W0475,52.5005,10.3068,0.0,,15.7,14.0,0.239,13.1,0.216,2.19,icon_d2
2026-10-07,W1535,52.50946,10.32173,0.0,,15.6,14.0,0.239,13.1,0.216,2.19,icon_d2
2026-10-07,W1536,52.50946,10.3513,0.0,,15.5,14.0,0.239,13.1,0.216,2.17,icon_d2
2026-10-07,W0476,52.5005,10.3954,0.0,,15.3,14.0,0.239,13.1,0.216,2.11,icon_d2
2026-10-07,W0477,52.5005,10.4249,0.0,,15.4,14.0,0.239,13.1,0.216,2.11,icon_d2
2026-10-07,W0478,52.5005,10.4545,0.0,,15.3,13.9,0.154,12.8,0.13,2.12,icon_d2
2026-10-07,W0479,52.5005,10.484,0.0,,15.6,14.5,0.208,13.8,0.183,2.19,icon_d2
2026-10-07,W0480,52.5005,10.5135,0.0,,15.4,14.5,0.208,13.8,0.183,2.22,icon_d2
2026-10-07,W0481,52.5005,10.5431,0.0,,15.3,14.5,0.208,13.8,0.183,2.16,icon_d2
2026-10-07,W0482,52.5005,10.5726,0.0,,15.0,14.5,0.208,13.8,0.183,2.12,icon_d2
2026-10-07,W0483,52.5005,10.6021,0.0,,15.1,14.1,0.138,13.4,0.109,2.13,icon_d2
2026-10-07,W1537,52.50946,10.61737,0.0,,15.3,14.1,0.138,13.4,0.109,2.2,icon_d2
2026-10-07,W0484,52.5005,10.6612,0.0,,15.1,13.9,0.204,13.4,0.176,2.15,icon_d2
2026-10-07,W0485,52.5005,10.6908,0.0,,14.6,13.9,0.204,13.4,0.176,2.15,icon_d2
2026-10-07,W0486,52.5005,10.7203,0.0,,14.7,13.9,0.204,13.4,0.176,2.15,icon_d2
2026-10-07,W0487,52.5005,10.7498,0.0,,14.5,13.9,0.204,13.4,0.176,2.16,icon_d2
2026-10-07,W1538,52.50946,10.76519,0.0,,14.3,13.8,0.129,12.9,0.083,2.14,icon_d2
2026-10-07,W0488,52.5005,10.8089,0.0,,14.4,14.2,0.196,13.9,0.152,2.19,icon_d2
2026-10-07,W0489,52.5005,10.8384,0.0,,14.2,14.2,0.196,13.9,0.152,2.08,icon_d2
2026-10-07,W0490,52.5005,10.868,0.0,,14.2,14.2,0.196,13.9,0.152,2.08,icon_d2
2026-10-07,W0491,52.5005,10.8975,0.0,,14.2,14.2,0.196,13.9,0.152,2.08,icon_d2
2026-10-07,W0492,52.5005,10.9271,0.0,,14.2,14.2,0.196,13.9,0.152,2.08,icon_d2
2026-10-07,W0493,52.5005,10.9566,0.0,,14.0,14.1,0.201,13.6,0.149,2.05,icon_d2
2026-10-07,W0494,52.5005,10.9861,0.0,,14.0,13.4,0.249,13.4,0.234,2.07,icon_d2
2026-10-07,W1539,52.50946,11.00171,0.0,,14.2,13.4,0.249,13.4,0.234,2.1,icon_d2
2026-10-07,W1540,52.50946,11.03127,0.0,,14.4,13.4,0.249,13.4,0.234,2.14,icon_d2
2026-10-07,W1541,52.50946,11.06084,0.0,,14.2,13.4,0.249,13.4,0.234,2.17,icon_d2
2026-10-07,W0495,52.5005,11.1043,0.0,,14.1,13.8,0.222,13.7,0.199,2.15,icon_d2
2026-10-07,W1542,52.50946,11.11997,0.0,,14.3,13.8,0.222,13.7,0.199,2.19,icon_d2
2026-10-07,W1543,52.50946,11.14953,0.0,,14.2,13.9,0.217,13.6,0.195,2.19,icon_d2
2026-10-07,W0497,52.5185,10.1295,0.0,,15.9,14.1,0.161,13.5,0.152,2.06,icon_d2
2026-10-07,W0498,52.5185,10.1591,0.0,,15.6,13.9,0.151,13.1,0.138,2.1,icon_d2
2026-10-07,W1544,52.52748,10.17391,0.0,,15.7,13.8,0.151,12.9,0.132,2.11,icon_d2
2026-10-07,W1545,52.52748,10.20347,0.0,,15.7,13.8,0.151,12.9,0.132,2.15,icon_d2
2026-10-07,W0499,52.5185,10.2477,0.0,,15.7,13.8,0.151,12.9,0.132,2.15,icon_d2
2026-10-07,W0500,52.5185,10.2772,0.0,,15.7,13.8,0.151,12.9,0.132,2.15,icon_d2
2026-10-07,W0501,52.5185,10.3068,0.0,,15.7,14.0,0.239,13.1,0.216,2.19,icon_d2
2026-10-07,W1546,52.52748,10.32173,0.0,,15.7,14.0,0.239,13.1,0.216,2.19,icon_d2
2026-10-07,W1547,52.52748,10.3513,0.0,,15.5,13.9,0.154,12.8,0.13,2.18,icon_d2
2026-10-07,W0502,52.5185,10.3954,0.0,,15.2,13.9,0.154,12.8,0.13,2.1,icon_d2
2026-10-07,W0503,52.5185,10.4249,0.0,,15.3,13.9,0.154,12.8,0.13,2.11,icon_d2
2026-10-07,W0504,52.5185,10.4545,0.0,,15.4,13.9,0.154,12.8,0.13,2.15,icon_d2
2026-10-07,W1548,52.52748,10.46955,0.0,,15.2,13.9,0.154,12.8,0.13,2.14,icon_d2
2026-10-07,W0505,52.5185,10.5135,0.0,,15.3,14.5,0.208,13.8,0.183,2.19,icon_d2
2026-10-07,W0506,52.5185,10.5431,0.0,,15.3,14.1,0.138,13.4,0.109,2.19,icon_d2
2026-10-07,W0507,52.5185,10.5726,0.0,,14.8,14.1,0.138,13.4,0.109,2.1,icon_d2
2026-10-07,W0508,52.5185,10.6021,0.0,,15.1,14.1,0.138,13.4,0.109,2.14,icon_d2
2026-10-07,W0509,52.5185,10.6317,0.0,,15.1,14.1,0.138,13.4,0.109,2.14,icon_d2
2026-10-07,W0510,52.5185,10.6612,0.0,,14.6,13.9,0.204,13.4,0.176,2.1,icon_d2
2026-10-07,W0511,52.5185,10.6908,0.0,,14.7,13.9,0.204,13.4,0.176,2.14,icon_d2
2026-10-07,W0512,52.5185,10.7203,0.0,,14.7,13.8,0.129,12.9,0.083,2.15,icon_d2
2026-10-07,W0513,52.5185,10.7498,0.0,,14.9,13.8,0.129,12.9,0.083,2.18,icon_d2
2026-10-07,W0514,52.5185,10.7794,0.0,,14.3,13.8,0.129,12.9,0.083,2.13,icon_d2
2026-10-07,W1549,52.52748,10.79476,0.0,,14.4,13.8,0.129,12.9,0.083,2.14,icon_d2
2026-10-07,W0515,52.5185,10.8384,0.0,,14.3,14.2,0.196,13.9,0.152,2.09,icon_d2
2026-10-07,W0516,52.5185,10.868,0.0,,14.3,14.1,0.201,13.6,0.149,2.1,icon_d2
2026-10-07,W0517,52.5185,10.8975,0.0,,14.2,14.1,0.201,13.6,0.149,2.07,icon_d2
2026-10-07,W0518,52.5185,10.9271,0.0,,13.9,14.1,0.201,13.6,0.149,2.04,icon_d2
2026-10-07,W0519,52.5185,10.9566,0.0,,13.8,14.1,0.201,13.6,0.149,2.07,icon_d2
2026-10-07,W0520,52.5185,10.9861,0.0,,13.9,13.4,0.249,13.4,0.234,2.09,icon_d2
2026-10-07,W0521,52.5185,11.0157,0.0,,14.2,13.4,0.249,13.4,0.234,2.15,icon_d2
2026-10-07,W1550,52.52748,11.03127,0.0,,14.2,13.8,0.222,13.7,0.199,2.15,icon_d2
2026-10-07,W1551,52.52748,11.06084,0.0,,14.2,13.8,0.222,13.7,0.199,2.17,icon_d2
2026-10-07,W1552,52.52748,11.0904,0.0,,14.4,13.8,0.222,13.7,0.199,2.19,icon_d2
2026-10-07,W1553,52.52748,11.11997,0.0,,14.4,13.8,0.222,13.7,0.199,2.19,icon_d2
2026-10-07,W1554,52.52748,11.14953,0.0,,14.6,13.9,0.217,13.6,0.195,2.2,icon_d2
2026-10-07,W0523,52.5365,10.1295,0.0,,15.8,14.1,0.161,13.5,0.152,2.1,icon_d2
2026-10-07,W1555,52.5455,10.14435,0.0,,15.8,13.8,0.151,12.9,0.132,2.12,icon_d2
2026-10-07,W1556,52.5455,10.17391,0.0,,15.7,13.8,0.151,12.9,0.132,2.12,icon_d2
2026-10-07,W0524,52.5365,10.2182,0.0,,15.6,13.8,0.151,12.9,0.132,2.13,icon_d2
2026-10-07,W0525,52.5365,10.2477,0.0,,15.5,13.8,0.151,12.9,0.132,2.1,icon_d2
2026-10-07,W0526,52.5365,10.2772,0.0,,15.6,13.8,0.151,12.9,0.132,2.18,icon_d2
2026-10-07,W0527,52.5365,10.3068,0.0,,15.6,13.8,0.151,12.9,0.132,2.17,icon_d2
2026-10-07,W0547,52.5545,10.3363,0.0,,15.5,13.9,0.154,12.8,0.13,2.14,icon_d2
2026-10-07,W1557,52.5455,10.3513,0.0,,15.7,13.9,0.154,12.8,0.13,2.19,icon_d2
2026-10-07,W0548,52.5545,10.3954,0.0,,15.5,13.9,0.154,12.8,0.13,2.1,icon_d2
2026-10-07,W0549,52.5545,10.4249,0.0,,15.5,13.9,0.154,12.8,0.13,2.1,icon_d2
2026-10-07,W0528,52.5365,10.4545,0.0,,15.3,13.9,0.154,12.8,0.13,2.11,icon_d2
2026-10-07,W0529,52.5365,10.484,0.0,,15.3,14.1,0.138,13.4,0.109,2.13,icon_d2
2026-10-07,W0530,52.5365,10.5135,0.0,,15.2,14.1,0.138,13.4,0.109,2.1,icon_d2
2026-10-07,W0531,52.5365,10.5431,0.0,,15.3,14.1,0.138,13.4,0.109,2.15,icon_d2
2026-10-07,W0532,52.5365,10.5726,0.0,,15.0,14.1,0.138,13.4,0.109,2.1,icon_d2
2026-10-07,W0533,52.5365,10.6021,0.0,,15.1,14.1,0.138,13.4,0.109,2.14,icon_d2
2026-10-07,W0534,52.5365,10.6317,0.0,,15.1,14.1,0.138,13.4,0.109,2.11,icon_d2
2026-10-07,W0535,52.5365,10.6612,0.0,,15.0,13.8,0.129,12.9,0.083,2.11,icon_d2
2026-10-07,W0536,52.5365,10.6908,0.0,,14.7,13.8,0.129,12.9,0.083,2.15,icon_d2
2026-10-07,W0537,52.5365,10.7203,0.0,,14.7,13.8,0.129,12.9,0.083,2.15,icon_d2
2026-10-07,W0538,52.5365,10.7498,0.0,,14.2,13.8,0.129,12.9,0.083,2.09,icon_d2
2026-10-07,W0539,52.5365,10.7794,0.0,,14.2,13.8,0.129,12.9,0.083,2.1,icon_d2
2026-10-07,W0540,52.5365,10.8089,0.0,,14.3,13.8,0.129,12.9,0.083,2.14,icon_d2
2026-10-07,W0562,52.5545,10.8384,0.0,,14.3,14.1,0.201,13.6,0.149,2.07,icon_d2
2026-10-07,W0563,52.5545,10.868,0.0,,14.4,14.1,0.201,13.6,0.149,2.07,icon_d2
2026-10-07,W0564,52.5545,10.8975,0.0,,14.6,14.1,0.201,13.6,0.149,2.12,icon_d2
2026-10-07,W0541,52.5365,10.9271,0.0,,14.2,14.1,0.201,13.6,0.149,2.09,icon_d2
2026-10-07,W0542,52.5365,10.9566,0.0,,13.8,14.1,0.201,13.6,0.149,2.07,icon_d2
2026-10-07,W1558,52.5455,10.97214,0.0,,14.2,14.1,0.201,13.6,0.149,2.11,icon_d2
2026-10-07,W1559,52.5455,11.00171,0.0,,14.2,13.8,0.222,13.7,0.199,2.15,icon_d2
2026-10-07,W1560,52.5455,11.03127,0.0,,14.3,13.8,0.222,13.7,0.199,2.18,icon_d2
2026-10-07,W0543,52.5365,11.0747,0.0,,14.5,13.8,0.222,13.7,0.199,2.19,icon_d2
2026-10-07,W0544,52.5365,11.1043,0.0,,14.5,13.8,0.222,13.7,0.199,2.2,icon_d2
2026-10-07,W0567,52.5545,11.1338,0.0,,15.3,13.8,0.222,13.7,0.199,2.27,icon_d2
2026-10-07,W1561,52.5455,11.14953,0.0,,14.7,13.9,0.208,13.4,0.179,2.23,icon_d2
2026-10-07,W1562,52.56351,10.11478,0.0,,15.8,14.1,0.161,13.5,0.152,2.12,icon_d2
2026-10-07,W0568,52.5725,10.1591,0.0,,15.6,13.8,0.151,12.9,0.132,2.04,icon_d2
2026-10-07,W0569,52.5725,10.1886,0.0,,15.5,13.8,0.151,12.9,0.132,2.07,icon_d2
2026-10-07,W0570,52.5725,10.2182,0.0,,15.5,13.8,0.151,12.9,0.132,2.1,icon_d2
2026-10-07,W1563,52.56351,10.23304,0.0,,15.6,13.8,0.151,12.9,0.132,2.07,icon_d2
2026-10-07,W0571,52.5725,10.2772,0.0,,15.5,14.2,0.148,13.3,0.124,2.13,icon_d2
2026-10-07,W0572,52.5725,10.3068,0.0,,15.6,14.2,0.148,13.3,0.124,2.11,icon_d2
2026-10-07,W0573,52.5725,10.3363,0.0,,15.5,13.9,0.154,12.8,0.13,2.11,icon_d2
2026-10-07,W0574,52.5725,10.3658,0.0,,15.6,13.9,0.154,12.8,0.13,2.12,icon_d2
2026-10-07,W0575,52.5725,10.3954,0.0,,15.4,13.9,0.154,12.8,0.13,2.09,icon_d2
2026-10-07,W0576,52.5725,10.4249,0.0,,15.4,13.9,0.154,12.8,0.13,2.09,icon_d2
2026-10-07,W0577,52.5725,10.4545,0.0,,15.4,13.6,0.15,12.5,0.131,2.1,icon_d2
2026-10-07,W0578,52.5725,10.484,0.0,,15.3,14.1,0.138,13.4,0.109,2.09,icon_d2
2026-10-07,W0579,52.5725,10.5135,0.0,,15.4,14.1,0.138,13.4,0.109,2.14,icon_d2
2026-10-07,W0580,52.5725,10.5431,0.0,,15.2,14.1,0.138,13.4,0.109,2.1,icon_d2
2026-10-07,W0581,52.5725,10.5726,0.0,,15.0,14.1,0.138,13.4,0.109,2.08,icon_d2
2026-10-07,W0582,52.5725,10.6021,0.0,,15.1,14.1,0.138,13.4,0.109,2.08,icon_d2
2026-10-07,W0583,52.5725,10.6317,0.0,,15.1,14.0,0.135,13.0,0.102,2.09,icon_d2
2026-10-07,W0584,52.5725,10.6612,0.0,,15.3,13.8,0.129,12.9,0.083,2.12,icon_d2
2026-10-07,W0585,52.5725,10.6908,0.0,,14.5,13.8,0.129,12.9,0.083,2.05,icon_d2
2026-10-07,W0586,52.5725,10.7203,0.0,,14.5,13.8,0.129,12.9,0.083,2.05,icon_d2
2026-10-07,W0587,52.5725,10.7498,0.0,,14.5,13.8,0.129,12.9,0.083,2.09,icon_d2
2026-10-07,W0588,52.5725,10.7794,0.0,,14.8,14.2,0.154,13.4,0.121,2.07,icon_d2
2026-10-07,W0589,52.5725,10.8089,0.0,,15.1,14.2,0.154,13.4,0.121,2.06,icon_d2
2026-10-07,W0590,52.5725,10.8384,0.0,,14.4,14.1,0.201,13.6,0.149,2.05,icon_d2
2026-10-07,W0591,52.5725,10.868,0.0,,14.5,14.1,0.201,13.6,0.149,2.06,icon_d2
2026-10-07,W0592,52.5725,10.8975,0.0,,14.9,14.1,0.201,13.6,0.149,2.17,icon_d2
2026-10-07,W0593,52.5725,10.9271,0.0,,14.9,14.1,0.201,13.6,0.149,2.17,icon_d2
2026-10-07,W1564,52.56351,10.94258,0.0,,14.2,14.1,0.201,13.6,0.149,2.09,icon_d2
2026-10-07,W1565,52.56351,10.97214,0.0,,14.1,14.1,0.201,13.6,0.149,2.11,icon_d2
2026-10-07,W1566,52.56351,11.00171,0.0,,14.1,13.8,0.222,13.7,0.199,2.11,icon_d2
2026-10-07,W1567,52.56351,11.03127,0.0,,14.5,13.8,0.222,13.7,0.199,2.19,icon_d2
2026-10-07,W0594,52.5725,11.0747,0.0,,14.7,13.8,0.222,13.7,0.199,2.21,icon_d2
2026-10-07,W1568,52.56351,11.0904,0.0,,14.8,13.8,0.222,13.7,0.199,2.22,icon_d2
2026-10-07,W0595,52.5725,11.1338,0.0,,15.9,14.8,0.201,14.5,0.15,2.21,icon_d2
2026-10-07,W1569,52.56351,11.14953,0.0,,15.3,13.9,0.208,13.4,0.179,2.27,icon_d2
2026-10-07,W1570,52.58153,10.11478,0.0,,15.6,14.5,0.154,13.7,0.143,2.08,icon_d2
2026-10-07,W0596,52.5905,10.1591,0.0,,15.5,13.8,0.151,12.9,0.132,2.03,icon_d2
2026-10-07,W0597,52.5905,10.1886,0.0,,15.6,13.8,0.151,12.9,0.132,2.04,icon_d2
2026-10-07,W0598,52.5905,10.2182,0.0,,15.2,14.2,0.148,13.3,0.124,2.0,icon_d2
2026-10-07,W0599,52.5905,10.2477,0.0,,15.4,14.2,0.148,13.3,0.124,2.06,icon_d2
2026-10-07,W0600,52.5905,10.2772,0.0,,15.6,14.2,0.148,13.3,0.124,2.11,icon_d2
2026-10-07,W0601,52.5905,10.3068,0.0,,15.6,14.2,0.148,13.3,0.124,2.12,icon_d2
2026-10-07,W0602,52.5905,10.3363,0.0,,15.5,13.9,0.154,12.8,0.13,2.12,icon_d2
2026-10-07,W1571,52.58153,10.3513,0.0,,15.6,13.9,0.154,12.8,0.13,2.12,icon_d2
2026-10-07,W1572,52.58153,10.38086,0.0,,15.5,13.9,0.154,12.8,0.13,2.11,icon_d2
2026-10-07,W1573,52.58153,10.41042,0.0,,15.4,13.6,0.15,12.5,0.131,2.09,icon_d2
2026-10-07,W0603,52.5905,10.4545,0.0,,15.4,13.6,0.15,12.5,0.131,2.1,icon_d2
2026-10-07,W0604,52.5905,10.484,0.0,,15.2,13.6,0.15,12.5,0.131,2.07,icon_d2
2026-10-07,W0605,52.5905,10.5135,0.0,,15.5,14.1,0.138,13.4,0.109,2.14,icon_d2
2026-10-07,W0606,52.5905,10.5431,0.0,,15.4,14.1,0.138,13.4,0.109,2.12,icon_d2
2026-10-07,W0607,52.5905,10.5726,0.0,,15.3,14.0,0.135,13.0,0.102,2.14,icon_d2
2026-10-07,W1574,52.58153,10.58781,0.0,,15.1,14.0,0.135,13.0,0.102,2.08,icon_d2
2026-10-07,W0608,52.5905,10.6317,0.0,,15.5,14.0,0.135,13.0,0.102,2.13,icon_d2
2026-10-07,W0609,52.5905,10.6612,0.0,,15.6,13.8,0.129,12.9,0.083,2.13,icon_d2
2026-10-07,W0610,52.5905,10.6908,0.0,,15.0,13.8,0.129,12.9,0.083,2.09,icon_d2
2026-10-07,W0611,52.5905,10.7203,0.0,,14.7,14.2,0.154,13.4,0.121,2.06,icon_d2
2026-10-07,W0612,52.5905,10.7498,0.0,,15.1,14.2,0.154,13.4,0.121,2.09,icon_d2
2026-10-07,W0613,52.5905,10.7794,0.0,,15.3,14.2,0.154,13.4,0.121,2.09,icon_d2
2026-10-07,W0614,52.5905,10.8089,0.0,,15.2,14.2,0.154,13.4,0.121,2.08,icon_d2
2026-10-07,W0615,52.5905,10.8384,0.0,,14.5,14.1,0.201,13.6,0.149,2.03,icon_d2
2026-10-07,W0616,52.5905,10.868,0.0,,14.8,14.1,0.201,13.6,0.149,2.05,icon_d2
2026-10-07,W1742,52.58153,10.88345,0.0,,14.9,14.1,0.201,13.6,0.149,2.15,icon_d2
2026-10-07,W1743,52.58153,10.91302,0.0,,14.9,14.5,0.21,14.1,0.171,2.16,icon_d2
2026-10-07,W0617,52.5905,10.9566,0.0,,15.6,14.5,0.21,14.1,0.171,2.19,icon_d2
2026-10-07,W1744,52.58153,10.97214,0.0,,14.5,14.5,0.21,14.1,0.171,2.13,icon_d2
2026-10-07,W0618,52.5905,11.0157,0.0,,15.3,13.8,0.222,13.7,0.199,2.12,icon_d2
2026-10-07,W0619,52.5905,11.0452,0.0,,14.9,13.8,0.222,13.7,0.199,2.15,icon_d2
2026-10-07,W1745,52.58153,11.06084,0.0,,14.7,13.8,0.222,13.7,0.199,2.21,icon_d2
2026-10-07,W1746,52.58153,11.0904,0.0,,16.0,14.8,0.201,14.5,0.15,2.22,icon_d2
2026-10-07,W0620,52.5905,11.1338,0.0,,15.9,14.8,0.201,14.5,0.15,2.18,icon_d2
2026-10-07,W1747,52.58153,11.14953,0.0,,15.7,14.8,0.201,14.5,0.15,2.2,icon_d2
2026-10-07,W1748,52.59955,10.11478,0.0,,15.9,14.5,0.154,13.7,0.143,2.08,icon_d2
2026-10-07,W1749,52.59955,10.14435,0.0,,15.9,14.5,0.154,13.7,0.143,2.08,icon_d2
2026-10-07,W1750,52.59955,10.17391,0.0,,15.6,14.2,0.148,13.3,0.124,2.04,icon_d2
2026-10-07,W1751,52.59955,10.20347,0.0,,15.2,14.2,0.148,13.3,0.124,2.0,icon_d2
2026-10-07,W1752,52.59955,10.23304,0.0,,15.4,14.2,0.148,13.3,0.124,2.06,icon_d2
2026-10-07,W1753,52.59955,10.2626,0.0,,15.6,14.2,0.148,13.3,0.124,2.11,icon_d2
2026-10-07,W1754,52.59955,10.29217,0.0,,15.6,14.2,0.148,13.3,0.124,2.13,icon_d2
2026-10-07,W1755,52.59955,10.32173,0.0,,15.5,14.2,0.148,13.3,0.124,2.12,icon_d2
2026-10-07,W1756,52.59955,10.3513,0.0,,15.6,13.6,0.15,12.5,0.131,2.15,icon_d2
2026-10-07,W1757,52.59955,10.38086,0.0,,15.4,13.6,0.15,12.5,0.131,2.1,icon_d2
2026-10-07,W1758,52.59955,10.41042,0.0,,15.5,13.6,0.15,12.5,0.131,2.12,icon_d2
2026-10-07,W1759,52.59955,10.43999,0.0,,15.5,13.6,0.15,12.5,0.131,2.12,icon_d2
2026-10-07,W1760,52.59955,10.46955,0.0,,15.3,13.6,0.15,12.5,0.131,2.09,icon_d2
2026-10-07,W1761,52.59955,10.49912,0.0,,15.3,14.1,0.138,13.4,0.109,2.07,icon_d2
2026-10-07,W1762,52.59955,10.52868,0.0,,15.5,14.0,0.135,13.0,0.102,2.14,icon_d2
2026-10-07,W1763,52.59955,10.55825,0.0,,15.4,14.0,0.135,13.0,0.102,2.15,icon_d2
2026-10-07,W1764,52.59955,10.58781,0.0,,15.3,14.0,0.135,13.0,0.102,2.14,icon_d2
2026-10-07,W1765,52.59955,10.61737,0.0,,15.3,14.0,0.135,13.0,0.102,2.11,icon_d2
2026-10-07,W1599,52.59955,10.64694,0.0,,15.4,14.0,0.135,13.0,0.102,2.13,icon_d2
2026-10-07,W1600,52.59955,10.6765,0.0,,15.6,13.8,0.129,12.9,0.083,2.13,icon_d2
2026-10-07,W1601,52.59955,10.70607,0.0,,15.0,14.2,0.154,13.4,0.121,2.09,icon_d2
2026-10-07,W1610,52.59955,10.73563,0.0,,15.2,14.2,0.154,13.4,0.121,2.09,icon_d2
2026-10-07,W1602,52.59955,10.76519,0.0,,15.2,14.2,0.154,13.4,0.121,2.09,icon_d2
2026-10-07,W1603,52.59955,10.79476,0.0,,15.2,14.2,0.154,13.4,0.121,2.08,icon_d2
2026-10-07,W1611,52.59955,10.82432,0.0,,14.5,14.2,0.154,13.4,0.121,2.03,icon_d2
2026-10-07,W1604,52.59955,10.85389,0.0,,14.6,14.5,0.21,14.1,0.171,2.04,icon_d2
2026-10-07,W1605,52.59955,10.88345,0.0,,15.0,14.5,0.21,14.1,0.171,2.18,icon_d2
2026-10-07,W1766,52.59955,10.91302,0.0,,15.2,14.5,0.21,14.1,0.171,2.21,icon_d2
2026-10-07,W1767,52.59955,10.94258,0.0,,15.3,14.5,0.21,14.1,0.171,2.21,icon_d2
2026-10-07,W1608,52.59955,10.97214,0.0,,15.3,14.5,0.21,14.1,0.171,2.18,icon_d2
2026-10-07,W1768,52.59955,11.00171,0.0,,15.2,13.8,0.222,13.7,0.199,2.12,icon_d2
2026-10-07,W1769,52.59955,11.03127,0.0,,14.9,14.8,0.201,14.5,0.15,2.15,icon_d2
2026-10-07,W1770,52.59955,11.06084,0.0,,15.3,14.8,0.201,14.5,0.15,2.18,icon_d2
2026-10-07,W1612,52.59955,11.0904,0.0,,15.8,14.8,0.201,14.5,0.15,2.2,icon_d2
2026-10-07,W1613,52.59955,11.11997,0.0,,15.9,14.8,0.201,14.5,0.15,2.21,icon_d2
2026-10-07,W1614,52.59955,11.14953,0.0,,15.9,14.8,0.201,14.5,0.15,2.18,icon_d2
2026-10-07,W0621,52.6086,10.1295,0.0,,15.9,14.5,0.154,13.7,0.143,2.08,icon_d2
2026-10-07,W0622,52.6086,10.1591,0.0,,15.5,14.2,0.148,13.3,0.124,2.04,icon_d2
2026-10-07,W0623,52.6086,10.1886,0.0,,15.6,14.2,0.148,13.3,0.124,2.04,icon_d2
2026-10-07,W0624,52.6086,10.2182,0.0,,15.2,14.2,0.148,13.3,0.124,2.0,icon_d2
2026-10-07,W0625,52.6086,10.2477,0.0,,15.4,14.2,0.148,13.3,0.124,2.06,icon_d2
2026-10-07,W0626,52.6086,10.2772,0.0,,15.6,14.2,0.148,13.3,0.124,2.12,icon_d2
2026-10-07,W0627,52.6086,10.3068,0.0,,15.5,14.2,0.148,13.3,0.124,2.12,icon_d2
2026-10-07,W1615,52.61757,10.32173,0.0,,15.7,14.2,0.148,13.3,0.124,2.16,icon_d2
2026-10-07,W0628,52.6086,10.3658,0.0,,15.6,13.6,0.15,12.5,0.131,2.14,icon_d2
2026-10-07,W0629,52.6086,10.3954,0.0,,15.4,13.6,0.15,12.5,0.131,2.11,icon_d2
2026-10-07,W0630,52.6086,10.4249,0.0,,15.5,13.6,0.15,12.5,0.131,2.12,icon_d2
2026-10-07,W1616,52.61757,10.43999,0.0,,15.5,13.6,0.15,12.5,0.131,2.09,icon_d2
2026-10-07,W0631,52.6086,10.484,0.0,,15.3,13.6,0.15,12.5,0.131,2.07,icon_d2
2026-10-07,W0632,52.6086,10.5135,0.0,,15.5,14.0,0.135,13.0,0.102,2.14,icon_d2
2026-10-07,W0633,52.6086,10.5431,0.0,,15.3,14.0,0.135,13.0,0.102,2.11,icon_d2
2026-10-07,W1617,52.61757,10.55825,0.0,,15.4,14.0,0.135,13.0,0.102,2.16,icon_d2
2026-10-07,W0634,52.6086,10.6021,0.0,,15.4,14.0,0.135,13.0,0.102,2.14,icon_d2
2026-10-07,W0635,52.6086,10.6317,0.0,,15.6,14.0,0.135,13.0,0.102,2.13,icon_d2
2026-10-07,W0636,52.6086,10.6612,0.0,,15.5,14.0,0.135,13.0,0.102,2.13,icon_d2
2026-10-07,W0637,52.6086,10.6908,0.0,,15.1,14.2,0.154,13.4,0.121,2.1,icon_d2
2026-10-07,W0638,52.6086,10.7203,0.0,,14.9,14.2,0.154,13.4,0.121,2.07,icon_d2
2026-10-07,W0639,52.6086,10.7498,0.0,,15.1,14.2,0.154,13.4,0.121,2.09,icon_d2
2026-10-07,W0640,52.6086,10.7794,0.0,,15.3,14.2,0.154,13.4,0.121,2.08,icon_d2
2026-10-07,W0641,52.6086,10.8089,0.0,,15.2,14.2,0.154,13.4,0.121,2.08,icon_d2
2026-10-07,W0642,52.6086,10.8384,0.0,,14.5,14.5,0.21,14.1,0.171,2.02,icon_d2
2026-10-07,W0643,52.6086,10.868,0.0,,14.7,14.5,0.21,14.1,0.171,2.05,icon_d2
2026-10-07,W1618,52.61757,10.88345,0.0,,15.0,14.5,0.21,14.1,0.171,2.15,icon_d2
2026-10-07,W1619,52.61757,10.91302,0.0,,15.7,14.5,0.21,14.1,0.171,2.28,icon_d2
2026-10-07,W0644,52.6086,10.9566,0.0,,15.6,14.5,0.21,14.1,0.171,2.19,icon_d2
2026-10-07,W0645,52.6086,10.9861,0.0,,15.3,14.5,0.21,14.1,0.171,2.17,icon_d2
2026-10-07,W0646,52.6086,11.0157,0.0,,15.2,14.8,0.201,14.5,0.15,2.11,icon_d2
2026-10-07,W0647,52.6086,11.0452,0.0,,15.0,14.8,0.201,14.5,0.15,2.15,icon_d2
2026-10-07,W0648,52.6086,11.0747,0.0,,15.3,14.8,0.201,14.5,0.15,2.21,icon_d2
2026-10-07,W0649,52.6086,11.1043,0.0,,15.8,14.8,0.201,14.5,0.15,2.21,icon_d2
2026-10-07,W0650,52.6086,11.1338,0.0,,15.9,14.8,0.201,14.5,0.15,2.18,icon_d2
2026-10-07,W1620,52.61757,11.14953,0.0,,16.7,14.8,0.201,14.5,0.15,2.3,icon_d2
2026-10-07,W0652,52.6266,10.1295,0.0,,15.8,14.5,0.154,13.7,0.143,2.04,icon_d2
2026-10-07,W0653,52.6266,10.1591,0.0,,15.6,14.2,0.148,13.3,0.124,2.02,icon_d2
2026-10-07,W0654,52.6266,10.1886,0.0,,15.6,14.2,0.148,13.3,0.124,2.01,icon_d2
2026-10-07,W0655,52.6266,10.2182,0.0,,15.2,14.2,0.148,13.3,0.124,1.99,icon_d2
2026-10-07,W0656,52.6266,10.2477,0.0,,15.4,14.2,0.148,13.3,0.124,2.06,icon_d2
2026-10-07,W0657,52.6266,10.2772,0.0,,15.7,14.2,0.148,13.3,0.124,2.17,icon_d2
2026-10-07,W1621,52.63559,10.29217,0.0,,15.7,14.2,0.148,13.3,0.124,2.17,icon_d2
2026-10-07,W1622,52.63559,10.32173,0.0,,15.7,13.9,0.168,12.9,0.161,2.16,icon_d2
2026-10-07,W0658,52.6266,10.3658,0.0,,15.6,13.6,0.15,12.5,0.131,2.14,icon_d2
2026-10-07,W0659,52.6266,10.3954,0.0,,15.5,13.6,0.15,12.5,0.131,2.12,icon_d2
2026-10-07,W0660,52.6266,10.4249,0.0,,15.6,13.6,0.15,12.5,0.131,2.1,icon_d2
2026-10-07,W0661,52.6266,10.4545,0.0,,15.5,13.6,0.15,12.5,0.131,2.08,icon_d2
2026-10-07,W0662,52.6266,10.484,0.0,,15.1,13.6,0.15,12.5,0.131,2.05,icon_d2
2026-10-07,W0663,52.6266,10.5135,0.0,,15.3,14.0,0.135,13.0,0.102,2.09,icon_d2
2026-10-07,W1623,52.63559,10.52868,0.0,,15.6,14.0,0.135,13.0,0.102,2.12,icon_d2
2026-10-07,W0664,52.6266,10.5726,0.0,,15.3,14.0,0.135,13.0,0.102,2.15,icon_d2
2026-10-07,W0665,52.6266,10.6021,0.0,,15.4,14.0,0.135,13.0,0.102,2.13,icon_d2
2026-10-07,W0666,52.6266,10.6317,0.0,,15.6,14.0,0.135,13.0,0.102,2.16,icon_d2
2026-10-07,W0667,52.6266,10.6612,0.0,,15.6,14.0,0.135,13.0,0.102,2.16,icon_d2
2026-10-07,W0668,52.6266,10.6908,0.0,,15.7,14.2,0.154,13.4,0.121,2.14,icon_d2
2026-10-07,W0669,52.6266,10.7203,0.0,,15.5,14.2,0.154,13.4,0.121,2.12,icon_d2
2026-10-07,W0670,52.6266,10.7498,0.0,,15.6,14.2,0.154,13.4,0.121,2.13,icon_d2
2026-10-07,W0671,52.6266,10.7794,0.0,,15.7,14.2,0.154,13.4,0.121,2.12,icon_d2
2026-10-07,W0672,52.6266,10.8089,0.0,,15.6,14.2,0.154,13.4,0.121,2.12,icon_d2
2026-10-07,W0673,52.6266,10.8384,0.0,,15.2,14.5,0.21,14.1,0.171,2.09,icon_d2
2026-10-07,W0674,52.6266,10.868,0.0,,15.0,14.5,0.21,14.1,0.171,2.15,icon_d2
2026-10-07,W1624,52.63559,10.88345,0.0,,15.2,14.5,0.21,14.1,0.171,2.15,icon_d2
2026-10-07,W1625,52.63559,10.91302,0.0,,15.4,14.5,0.21,14.1,0.171,2.25,icon_d2
2026-10-07,W0675,52.6266,10.9566,0.0,,15.4,14.5,0.21,14.1,0.171,2.11,icon_d2
2026-10-07,W0676,52.6266,10.9861,0.0,,15.4,14.5,0.21,14.1,0.171,2.11,icon_d2
2026-10-07,W0677,52.6266,11.0157,0.0,,15.3,14.8,0.201,14.5,0.15,2.07,icon_d2
2026-10-07,W0678,52.6266,11.0452,0.0,,15.7,14.8,0.201,14.5,0.15,2.11,icon_d2
2026-10-07,W1626,52.63559,11.06084,0.0,,16.3,14.8,0.201,14.5,0.15,2.16,icon_d2
2026-10-07,W0679,52.6266,11.1043,0.0,,16.1,14.8,0.201,14.5,0.15,2.22,icon_d2
2026-10-07,W0680,52.6266,11.1338,0.0,,16.5,14.8,0.201,14.5,0.15,2.29,icon_d2
2026-10-07,W1627,52.63559,11.14953,0.0,,16.6,14.8,0.201,14.5,0.15,2.28,icon_d2
2026-10-07,W0707,52.6626,10.1,0.0,,15.7,14.1,0.199,13.3,0.205,2.08,icon_d2
2026-10-07,W0709,52.6626,10.1591,0.0,,15.7,14.1,0.199,13.3,0.205,2.03,icon_d2
2026-10-07,W0710,52.6626,10.1886,0.0,,15.4,14.2,0.148,13.3,0.124,2.01,icon_d2
2026-10-07,W0711,52.6626,10.2182,0.0,,15.6,14.2,0.148,13.3,0.124,2.07,icon_d2
2026-10-07,W1628,52.6536,10.23304,0.0,,15.5,14.2,0.148,13.3,0.124,2.06,icon_d2
2026-10-07,W0712,52.6626,10.2772,0.0,,15.6,13.9,0.168,12.9,0.161,2.14,icon_d2
2026-10-07,W0684,52.6446,10.3068,0.0,,15.7,13.9,0.168,12.9,0.161,2.16,icon_d2
2026-10-07,W0713,52.6626,10.3363,0.0,,15.7,13.9,0.168,12.9,0.161,2.15,icon_d2
2026-10-07,W0714,52.6626,10.3658,0.0,,15.7,13.6,0.15,12.5,0.131,2.15,icon_d2
2026-10-07,W0715,52.6626,10.3954,0.0,,15.7,13.6,0.166,12.4,0.155,2.12,icon_d2
2026-10-07,W0716,52.6626,10.4249,0.0,,15.6,13.6,0.166,12.4,0.155,2.12,icon_d2
2026-10-07,W0717,52.6626,10.4545,0.0,,15.7,13.6,0.166,12.4,0.155,2.19,icon_d2
2026-10-07,W1629,52.6536,10.46955,0.0,,15.8,13.6,0.166,12.4,0.155,2.19,icon_d2
2026-10-07,W0718,52.6626,10.5135,0.0,,15.8,14.0,0.135,13.0,0.102,2.17,icon_d2
2026-10-07,W0719,52.6626,10.5431,0.0,,15.8,14.0,0.135,13.0,0.102,2.15,icon_d2
2026-10-07,W0720,52.6626,10.5726,0.0,,15.8,13.7,0.151,12.6,0.121,2.06,icon_d2
2026-10-07,W0721,52.6626,10.6021,0.0,,15.5,13.7,0.151,12.6,0.121,2.05,icon_d2
2026-10-07,W0722,52.6626,10.6317,0.0,,16.0,13.7,0.151,12.6,0.121,2.11,icon_d2
2026-10-07,W0723,52.6626,10.6612,0.0,,15.9,13.7,0.151,12.6,0.121,2.12,icon_d2
2026-10-07,W0724,52.6626,10.6908,0.0,,15.8,14.2,0.154,13.4,0.121,2.14,icon_d2
2026-10-07,W0725,52.6626,10.7203,0.0,,15.7,14.2,0.154,13.4,0.121,2.15,icon_d2
2026-10-07,W0726,52.6626,10.7498,0.0,,15.2,13.9,0.141,12.9,0.107,2.11,icon_d2
2026-10-07,W0727,52.6626,10.7794,0.0,,15.3,13.9,0.141,12.9,0.107,2.12,icon_d2
2026-10-07,W0728,52.6626,10.8089,0.0,,15.6,13.9,0.141,12.9,0.107,2.22,icon_d2
2026-10-07,W0729,52.6626,10.8384,0.0,,15.4,13.9,0.141,12.9,0.107,2.26,icon_d2
2026-10-07,W0730,52.6626,10.868,0.0,,15.5,14.5,0.21,14.1,0.171,2.24,icon_d2
2026-10-07,W0731,52.6626,10.8975,0.0,,15.6,14.3,0.22,13.5,0.183,2.24,icon_d2
2026-10-07,W0732,52.6626,10.9271,0.0,,15.8,14.3,0.22,13.5,0.183,2.18,icon_d2
2026-10-07,W0733,52.6626,10.9566,0.0,,15.8,14.3,0.22,13.5,0.183,2.13,icon_d2
2026-10-07,W0734,52.6626,10.9861,0.0,,16.2,14.3,0.22,13.5,0.183,2.15,icon_d2
2026-10-07,W0735,52.6626,11.0157,0.0,,15.7,14.8,0.201,14.5,0.15,2.08,icon_d2
2026-10-07,W0736,52.6626,11.0452,0.0,,15.7,14.8,0.201,14.5,0.15,2.1,icon_d2
2026-10-07,W0737,52.6626,11.0747,0.0,,15.8,14.9,0.201,14.3,0.15,2.15,icon_d2
2026-10-07,W0705,52.6446,11.1043,0.0,,16.2,14.8,0.201,14.5,0.15,2.24,icon_d2
2026-10-07,W0738,52.6626,11.1338,0.0,,16.1,14.9,0.201,14.3,0.15,2.17,icon_d2
2026-10-07,W1630,52.6536,11.14953,0.0,,16.0,14.9,0.201,14.3,0.15,2.16,icon_d2
2026-10-07,W0740,52.6806,10.1295,0.0,,15.6,14.1,0.199,13.3,0.205,2.04,icon_d2
2026-10-07,W0741,52.6806,10.1591,0.0,,15.8,14.1,0.199,13.3,0.205,2.03,icon_d2
2026-10-07,W0742,52.6806,10.1886,0.0,,15.9,13.9,0.168,12.9,0.161,2.04,icon_d2
2026-10-07,W0743,52.6806,10.2182,0.0,,15.5,13.9,0.168,12.9,0.161,2.04,icon_d2
2026-10-07,W0744,52.6806,10.2477,0.0,,15.6,13.9,0.168,12.9,0.161,2.07,icon_d2
2026-10-07,W0745,52.6806,10.2772,0.0,,15.6,13.9,0.168,12.9,0.161,2.08,icon_d2
2026-10-07,W0746,52.6806,10.3068,0.0,,15.8,13.9,0.168,12.9,0.161,2.12,icon_d2
2026-10-07,W1631,52.67162,10.32173,0.0,,15.8,13.9,0.168,12.9,0.161,2.12,icon_d2
2026-10-07,W0747,52.6806,10.3658,0.0,,15.8,13.6,0.166,12.4,0.155,2.16,icon_d2
2026-10-07,W0748,52.6806,10.3954,0.0,,15.8,13.6,0.166,12.4,0.155,2.15,icon_d2
2026-10-07,W0749,52.6806,10.4249,0.0,,15.6,13.6,0.166,12.4,0.155,2.13,icon_d2
2026-10-07,W0750,52.6806,10.4545,0.0,,15.6,13.6,0.166,12.4,0.155,2.1,icon_d2
2026-10-07,W0751,52.6806,10.484,0.0,,15.6,13.6,0.166,12.4,0.155,2.1,icon_d2
2026-10-07,W0752,52.6806,10.5135,0.0,,15.8,13.6,0.166,12.4,0.155,2.17,icon_d2
2026-10-07,W1632,52.67162,10.52868,0.0,,15.9,13.7,0.151,12.6,0.121,2.18,icon_d2
2026-10-07,W0753,52.6806,10.5726,0.0,,15.8,13.7,0.151,12.6,0.121,2.07,icon_d2
2026-10-07,W0754,52.6806,10.6021,0.0,,15.6,13.7,0.151,12.6,0.121,2.01,icon_d2
2026-10-07,W0755,52.6806,10.6317,0.0,,15.3,13.7,0.151,12.6,0.121,2.04,icon_d2
2026-10-07,W0756,52.6806,10.6612,0.0,,15.3,13.7,0.151,12.6,0.121,2.04,icon_d2
2026-10-07,W0757,52.6806,10.6908,0.0,,15.8,13.9,0.141,12.9,0.107,2.16,icon_d2
2026-10-07,W0758,52.6806,10.7203,0.0,,15.8,13.9,0.141,12.9,0.107,2.16,icon_d2
2026-10-07,W0759,52.6806,10.7498,0.0,,15.7,13.9,0.141,12.9,0.107,2.15,icon_d2
2026-10-07,W0760,52.6806,10.7794,0.0,,15.4,13.9,0.141,12.9,0.107,2.19,icon_d2
2026-10-07,W0761,52.6806,10.8089,0.0,,15.5,13.9,0.141,12.9,0.107,2.26,icon_d2
2026-10-07,W1633,52.67162,10.82432,0.0,,15.5,13.9,0.141,12.9,0.107,2.27,icon_d2
2026-10-07,W1634,52.67162,10.85389,0.0,,15.6,14.5,0.21,14.1,0.171,2.28,icon_d2
2026-10-07,W0762,52.6806,10.8975,0.0,,15.7,14.3,0.22,13.5,0.183,2.26,icon_d2
2026-10-07,W0763,52.6806,10.9271,0.0,,16.4,14.3,0.22,13.5,0.183,2.26,icon_d2
2026-10-07,W0764,52.6806,10.9566,0.0,,15.9,14.3,0.22,13.5,0.183,2.14,icon_d2
2026-10-07,W0765,52.6806,10.9861,0.0,,15.9,14.3,0.22,13.5,0.183,2.1,icon_d2
2026-10-07,W1635,52.67162,11.00171,0.0,,16.1,14.3,0.22,13.5,0.183,2.13,icon_d2
2026-10-07,W0766,52.6806,11.0452,0.0,,16.0,14.9,0.201,14.3,0.15,2.15,icon_d2
2026-10-07,W1636,52.67162,11.06084,0.0,,15.9,14.9,0.201,14.3,0.15,2.14,icon_d2
2026-10-07,W1637,52.67162,11.0904,0.0,,16.0,14.9,0.201,14.3,0.15,2.19,icon_d2
2026-10-07,W1638,52.67162,11.11997,0.0,,16.0,14.9,0.201,14.3,0.15,2.18,icon_d2
2026-10-07,W1639,52.67162,11.14953,0.0,,16.3,14.9,0.201,14.3,0.15,2.17,icon_d2
2026-10-07,W0768,52.6986,10.1295,0.0,,15.6,14.1,0.199,13.3,0.205,2.04,icon_d2
2026-10-07,W0769,52.6986,10.1591,0.0,,15.7,14.1,0.199,13.3,0.205,2.03,icon_d2
2026-10-07,W0770,52.6986,10.1886,0.0,,15.4,13.9,0.168,12.9,0.161,2.01,icon_d2
2026-10-07,W0771,52.6986,10.2182,0.0,,15.7,13.9,0.168,12.9,0.161,2.09,icon_d2
2026-10-07,W0772,52.6986,10.2477,0.0,,15.8,13.9,0.168,12.9,0.161,2.1,icon_d2
2026-10-07,W0773,52.6986,10.2772,0.0,,15.6,13.9,0.168,12.9,0.161,2.08,icon_d2
2026-10-07,W0774,52.6986,10.3068,0.0,,15.7,13.9,0.168,12.9,0.161,2.09,icon_d2
2026-10-07,W1640,52.68964,10.32173,0.0,,15.8,13.9,0.168,12.9,0.161,2.12,icon_d2
2026-10-07,W0775,52.6986,10.3658,0.0,,15.8,13.6,0.166,12.4,0.155,2.14,icon_d2
2026-10-07,W0776,52.6986,10.3954,0.0,,15.6,13.6,0.166,12.4,0.155,2.13,icon_d2
2026-10-07,W0777,52.6986,10.4249,0.0,,15.7,13.6,0.166,12.4,0.155,2.13,icon_d2
2026-10-07,W0778,52.6986,10.4545,0.0,,15.5,13.6,0.166,12.4,0.155,2.08,icon_d2
2026-10-07,W0779,52.6986,10.484,0.0,,15.4,13.6,0.166,12.4,0.155,2.08,icon_d2
2026-10-07,W0780,52.6986,10.5135,0.0,,15.7,13.6,0.166,12.4,0.155,2.14,icon_d2
2026-10-07,W0781,52.6986,10.5431,0.0,,15.9,13.7,0.151,12.6,0.121,2.09,icon_d2
2026-10-07,W0782,52.6986,10.5726,0.0,,15.7,13.7,0.151,12.6,0.121,2.07,icon_d2
2026-10-07,W0783,52.6986,10.6021,0.0,,15.4,13.7,0.151,12.6,0.121,2.01,icon_d2
2026-10-07,W0784,52.6986,10.6317,0.0,,15.1,13.7,0.151,12.6,0.121,2.04,icon_d2
2026-10-07,W0785,52.6986,10.6612,0.0,,15.1,13.7,0.151,12.6,0.121,2.04,icon_d2
2026-10-07,W1641,52.68964,10.6765,0.0,,15.8,13.7,0.151,12.6,0.121,2.16,icon_d2
2026-10-07,W0786,52.6986,10.7203,0.0,,15.7,13.9,0.141,12.9,0.107,2.23,icon_d2
2026-10-07,W1642,52.68964,10.73563,0.0,,15.6,13.9,0.141,12.9,0.107,2.15,icon_d2
2026-10-07,W1643,52.68964,10.76519,0.0,,15.7,13.9,0.141,12.9,0.107,2.15,icon_d2
2026-10-07,W1644,52.68964,10.79476,0.0,,15.5,13.9,0.141,12.9,0.107,2.26,icon_d2
2026-10-07,W0787,52.6986,10.8384,0.0,,15.5,13.9,0.141,12.9,0.107,2.28,icon_d2
2026-10-07,W0788,52.6986,10.868,0.0,,15.7,14.3,0.22,13.5,0.183,2.22,icon_d2
2026-10-07,W0789,52.6986,10.8975,0.0,,16.3,14.3,0.22,13.5,0.183,2.24,icon_d2
2026-10-07,W0790,52.6986,10.9271,0.0,,16.2,14.3,0.22,13.5,0.183,2.24,icon_d2
2026-10-07,W0791,52.6986,10.9566,0.0,,15.7,14.3,0.22,13.5,0.183,2.14,icon_d2
2026-10-07,W0792,52.6986,10.9861,0.0,,15.9,14.3,0.22,13.5,0.183,2.15,icon_d2
2026-10-07,W1645,52.68964,11.00171,0.0,,16.2,14.3,0.22,13.5,0.183,2.13,icon_d2
2026-10-07,W0793,52.6986,11.0452,0.0,,15.5,14.9,0.201,14.3,0.15,2.14,icon_d2
2026-10-07,W0794,52.6986,11.0747,0.0,,15.6,14.9,0.201,14.3,0.15,2.13,icon_d2
2026-10-07,W0795,52.6986,11.1043,0.0,,15.6,14.9,0.201,14.3,0.15,2.13,icon_d2
2026-10-07,W0796,52.6986,11.1338,0.0,,16.2,14.9,0.201,14.3,0.15,2.16,icon_d2
2026-10-07,W1646,52.68964,11.14953,0.0,,16.4,14.9,0.201,14.3,0.15,2.17,icon_d2
2026-10-07,W1647,52.70766,10.11478,0.0,,15.7,14.1,0.199,13.3,0.205,2.04,icon_d2
2026-10-07,W1648,52.70766,10.14435,0.0,,15.7,14.1,0.199,13.3,0.205,2.03,icon_d2
2026-10-07,W1649,52.70766,10.17391,0.0,,15.3,14.3,0.223,13.5,0.23,2.01,icon_d2
2026-10-07,W1650,52.70766,10.20347,0.0,,15.7,13.9,0.168,12.9,0.161,2.04,icon_d2
2026-10-07,W1651,52.70766,10.23304,0.0,,15.7,13.9,0.168,12.9,0.161,2.09,icon_d2
2026-10-07,W1652,52.70766,10.2626,0.0,,15.7,13.9,0.168,12.9,0.161,2.09,icon_d2
2026-10-07,W1653,52.70766,10.29217,0.0,,15.7,13.9,0.168,12.9,0.161,2.08,icon_d2
2026-10-07,W1654,52.70766,10.32173,0.0,,15.9,13.9,0.168,12.9,0.161,2.12,icon_d2
2026-10-07,W1655,52.70766,10.3513,0.0,,15.8,13.6,0.166,12.4,0.155,2.15,icon_d2
2026-10-07,W1656,52.70766,10.38086,0.0,,15.8,13.6,0.166,12.4,0.155,2.16,icon_d2
2026-10-07,W1657,52.70766,10.41042,0.0,,15.7,13.6,0.166,12.4,0.155,2.13,icon_d2
2026-10-07,W1658,52.70766,10.43999,0.0,,15.5,13.6,0.166,12.4,0.155,2.1,icon_d2
2026-10-07,W1659,52.70766,10.46955,0.0,,15.6,13.6,0.166,12.4,0.155,2.08,icon_d2
2026-10-07,W1660,52.70766,10.49912,0.0,,15.7,13.9,0.193,13.0,0.189,2.14,icon_d2
2026-10-07,W1661,52.70766,10.52868,0.0,,15.6,13.7,0.151,12.6,0.121,2.13,icon_d2
2026-10-07,W1662,52.70766,10.55825,0.0,,15.7,13.7,0.151,12.6,0.121,2.09,icon_d2
2026-10-07,W1663,52.70766,10.58781,0.0,,15.7,13.7,0.151,12.6,0.121,2.07,icon_d2
2026-10-07,W1664,52.70766,10.61737,0.0,,15.4,13.7,0.151,12.6,0.121,2.01,icon_d2
2026-10-07,W1665,52.70766,10.64694,0.0,,15.1,13.7,0.151,12.6,0.121,2.04,icon_d2
2026-10-07,W1666,52.70766,10.6765,0.0,,15.4,13.5,0.152,12.2,0.109,2.13,icon_d2
2026-10-07,W1667,52.70766,10.70607,0.0,,15.7,13.9,0.141,12.9,0.107,2.19,icon_d2
2026-10-07,W1668,52.70766,10.73563,0.0,,15.6,13.9,0.141,12.9,0.107,2.22,icon_d2
2026-10-07,W1669,52.70766,10.76519,0.0,,15.6,13.9,0.141,12.9,0.107,2.29,icon_d2
2026-10-07,W1670,52.70766,10.79476,0.0,,15.5,13.9,0.141,12.9,0.107,2.26,icon_d2
2026-10-07,W1671,52.70766,10.82432,0.0,,15.5,13.9,0.141,12.9,0.107,2.28,icon_d2
2026-10-07,W1672,52.70766,10.85389,0.0,,15.8,14.3,0.22,13.5,0.183,2.23,icon_d2
2026-10-07,W1673,52.70766,10.88345,0.0,,15.6,14.3,0.22,13.5,0.183,2.22,icon_d2
2026-10-07,W1674,52.70766,10.91302,0.0,,16.3,14.3,0.22,13.5,0.183,2.24,icon_d2
2026-10-07,W1675,52.70766,10.94258,0.0,,16.1,14.3,0.22,13.5,0.183,2.18,icon_d2
2026-10-07,W1676,52.70766,10.97214,0.0,,15.8,14.3,0.22,13.5,0.183,2.14,icon_d2
2026-10-07,W1677,52.70766,11.00171,0.0,,15.6,14.6,0.207,13.6,0.157,2.18,icon_d2
2026-10-07,W1678,52.70766,11.03127,0.0,,15.6,14.9,0.201,14.3,0.15,2.15,icon_d2
2026-10-07,W1679,52.70766,11.06084,0.0,,15.7,14.9,0.201,14.3,0.15,2.14,icon_d2
2026-10-07,W1680,52.70766,11.0904,0.0,,15.6,14.9,0.201,14.3,0.15,2.13,icon_d2
2026-10-07,W1681,52.70766,11.11997,0.0,,16.4,14.9,0.201,14.3,0.15,2.17,icon_d2
2026-10-07,W1682,52.70766,11.14953,0.0,,16.3,14.9,0.201,14.3,0.15,2.16,icon_d2
2026-10-07,W0798,52.7167,10.1295,0.0,,15.5,14.1,0.199,13.3,0.205,2.03,icon_d2
2026-10-07,W0799,52.7167,10.1591,0.0,,15.7,14.3,0.223,13.5,0.23,2.03,icon_d2
2026-10-07,W0800,52.7167,10.1886,0.0,,15.6,13.9,0.168,12.9,0.161,2.03,icon_d2
2026-10-07,W0801,52.7167,10.2182,0.0,,15.7,13.9,0.168,12.9,0.161,2.09,icon_d2
2026-10-07,W0802,52.7167,10.2477,0.0,,15.6,13.9,0.168,12.9,0.161,2.08,icon_d2
2026-10-07,W0803,52.7167,10.2772,0.0,,15.9,13.9,0.168,12.9,0.161,2.11,icon_d2
2026-10-07,W0804,52.7167,10.3068,0.0,,15.8,13.9,0.216,12.8,0.225,2.07,icon_d2
2026-10-07,W0805,52.7167,10.3363,0.0,,15.6,13.9,0.216,12.8,0.225,2.07,icon_d2
2026-10-07,W0806,52.7167,10.3658,0.0,,15.8,13.6,0.166,12.4,0.155,2.11,icon_d2
2026-10-07,W0807,52.7167,10.3954,0.0,,15.8,13.6,0.166,12.4,0.155,2.1,icon_d2
2026-10-07,W0808,52.7167,10.4249,0.0,,15.8,13.6,0.166,12.4,0.155,2.11,icon_d2
2026-10-07,W0809,52.7167,10.4545,0.0,,15.5,13.6,0.166,12.4,0.155,2.07,icon_d2
2026-10-07,W0810,52.7167,10.484,0.0,,15.5,13.9,0.193,13.0,0.189,2.07,icon_d2
2026-10-07,W0811,52.7167,10.5135,0.0,,15.7,13.9,0.193,13.0,0.189,2.11,icon_d2
2026-10-07,W0812,52.7167,10.5431,0.0,,15.8,13.7,0.151,12.6,0.121,2.11,icon_d2
2026-10-07,W0813,52.7167,10.5726,0.0,,15.6,13.7,0.151,12.6,0.121,2.06,icon_d2
2026-10-07,W0814,52.7167,10.6021,0.0,,15.6,13.7,0.151,12.6,0.121,2.09,icon_d2
2026-10-07,W1683,52.72568,10.61737,0.0,,15.4,13.5,0.152,12.2,0.109,2.06,icon_d2
2026-10-07,W0815,52.7167,10.6612,0.0,,15.3,13.5,0.152,12.2,0.109,2.1,icon_d2
2026-10-07,W0816,52.7167,10.6908,0.0,,15.7,13.9,0.141,12.9,0.107,2.24,icon_d2
2026-10-07,W1684,52.72568,10.70607,0.0,,15.6,13.9,0.141,12.9,0.107,2.24,icon_d2
2026-10-07,W1685,52.72568,10.73563,0.0,,15.6,13.9,0.141,12.9,0.107,2.26,icon_d2
2026-10-07,W1686,52.72568,10.76519,0.0,,15.6,13.9,0.141,12.9,0.107,2.3,icon_d2
2026-10-07,W0817,52.7167,10.8089,0.0,,15.5,13.9,0.146,12.6,0.104,2.27,icon_d2
2026-10-07,W0818,52.7167,10.8384,0.0,,15.8,13.9,0.146,12.6,0.104,2.23,icon_d2
2026-10-07,W0819,52.7167,10.868,0.0,,15.7,14.3,0.22,13.5,0.183,2.23,icon_d2
2026-10-07,W0820,52.7167,10.8975,0.0,,16.5,14.3,0.22,13.5,0.183,2.26,icon_d2
2026-10-07,W0821,52.7167,10.9271,0.0,,16.2,14.3,0.22,13.5,0.183,2.2,icon_d2
2026-10-07,W1687,52.72568,10.94258,0.0,,16.0,14.6,0.207,13.6,0.157,2.23,icon_d2
2026-10-07,W1688,52.72568,10.97214,0.0,,15.8,14.6,0.207,13.6,0.157,2.21,icon_d2
2026-10-07,W1689,52.72568,11.00171,0.0,,15.8,14.6,0.207,13.6,0.157,2.21,icon_d2
2026-10-07,W1690,52.72568,11.03127,0.0,,15.9,14.9,0.201,14.3,0.15,2.16,icon_d2
2026-10-07,W0822,52.7167,11.0747,0.0,,15.8,14.9,0.201,14.3,0.15,2.11,icon_d2
2026-10-07,W1691,52.72568,11.0904,0.0,,15.9,14.9,0.201,14.3,0.15,2.14,icon_d2
2026-10-07,W0823,52.7167,11.1338,0.0,,16.3,14.9,0.201,14.3,0.15,2.17,icon_d2
2026-10-07,W1692,52.72568,11.14953,0.0,,16.3,15.3,0.182,14.5,0.142,2.17,icon_d2
2026-10-07,W0825,52.7347,10.1295,0.0,,15.5,14.3,0.223,13.5,0.23,2.05,icon_d2
2026-10-07,W0826,52.7347,10.1591,0.0,,15.5,14.3,0.223,13.5,0.23,2.04,icon_d2
2026-10-07,W0827,52.7347,10.1886,0.0,,15.7,14.3,0.223,13.5,0.23,2.06,icon_d2
2026-10-07,W0828,52.7347,10.2182,0.0,,15.7,13.9,0.168,12.9,0.161,2.1,icon_d2
2026-10-07,W0829,52.7347,10.2477,0.0,,15.9,13.9,0.216,12.8,0.225,2.14,icon_d2
2026-10-07,W0860,52.7527,10.2772,0.0,,16.0,13.9,0.216,12.8,0.225,2.06,icon_d2
2026-10-07,W0830,52.7347,10.3068,0.0,,15.7,13.9,0.216,12.8,0.225,2.06,icon_d2
2026-10-07,W0831,52.7347,10.3363,0.0,,15.6,13.9,0.216,12.8,0.225,2.04,icon_d2
2026-10-07,W0832,52.7347,10.3658,0.0,,15.6,13.6,0.166,12.4,0.155,2.04,icon_d2
2026-10-07,W0833,52.7347,10.3954,0.0,,15.2,13.6,0.166,12.4,0.155,2.01,icon_d2
2026-10-07,W0834,52.7347,10.4249,0.0,,15.3,13.9,0.193,13.0,0.189,2.03,icon_d2
2026-10-07,W0835,52.7347,10.4545,0.0,,15.4,13.9,0.193,13.0,0.189,2.04,icon_d2
2026-10-07,W0836,52.7347,10.484,0.0,,15.3,13.9,0.193,13.0,0.189,2.04,icon_d2
2026-10-07,W0837,52.7347,10.5135,0.0,,15.7,13.9,0.193,13.0,0.189,2.14,icon_d2
2026-10-07,W0838,52.7347,10.5431,0.0,,15.7,13.7,0.151,12.6,0.121,2.14,icon_d2
2026-10-07,W0839,52.7347,10.5726,0.0,,15.7,13.5,0.152,12.2,0.109,2.13,icon_d2
2026-10-07,W0840,52.7347,10.6021,0.0,,15.4,13.5,0.152,12.2,0.109,2.04,icon_d2
2026-10-07,W1694,52.74369,10.61737,0.0,,15.5,13.5,0.152,12.2,0.109,2.04,icon_d2
2026-10-07,W0841,52.7347,10.6612,0.0,,15.5,13.5,0.152,12.2,0.109,2.17,icon_d2
2026-10-07,W1695,52.74369,10.6765,0.0,,15.5,13.5,0.152,12.2,0.109,2.17,icon_d2
2026-10-07,W0872,52.7527,10.7203,0.0,,15.6,13.9,0.146,12.6,0.104,2.18,icon_d2
2026-10-07,W0873,52.7527,10.7498,0.0,,15.6,13.9,0.146,12.6,0.104,2.18,icon_d2
2026-10-07,W0874,52.7527,10.7794,0.0,,15.7,13.9,0.146,12.6,0.104,2.18,icon_d2
2026-10-07,W0842,52.7347,10.8089,0.0,,15.7,13.9,0.146,12.6,0.104,2.24,icon_d2
2026-10-07,W0843,52.7347,10.8384,0.0,,15.5,13.9,0.146,12.6,0.104,2.13,icon_d2
2026-10-07,W0844,52.7347,10.868,0.0,,15.6,14.3,0.22,13.5,0.183,2.14,icon_d2
2026-10-07,W0845,52.7347,10.8975,0.0,,16.4,14.3,0.22,13.5,0.183,2.17,icon_d2
2026-10-07,W0846,52.7347,10.9271,0.0,,15.9,14.6,0.207,13.6,0.157,2.21,icon_d2
2026-10-07,W0847,52.7347,10.9566,0.0,,15.9,14.6,0.207,13.6,0.157,2.21,icon_d2
2026-10-07,W0848,52.7347,10.9861,0.0,,15.9,14.6,0.207,13.6,0.157,2.13,icon_d2
2026-10-07,W0849,52.7347,11.0157,0.0,,16.0,14.6,0.207,13.6,0.157,2.12,icon_d2
2026-10-07,W0850,52.7347,11.0452,0.0,,16.0,14.9,0.201,14.3,0.15,2.12,icon_d2
2026-10-07,W0851,52.7347,11.0747,0.0,,15.8,14.9,0.201,14.3,0.15,2.1,icon_d2
2026-10-07,W0852,52.7347,11.1043,0.0,,15.6,15.3,0.182,14.5,0.142,2.14,icon_d2
2026-10-07,W0853,52.7347,11.1338,0.0,,15.8,15.3,0.182,14.5,0.142,2.2,icon_d2
2026-10-07,W1699,52.74369,11.14953,0.0,,15.8,15.3,0.182,14.5,0.142,2.2,icon_d2
2026-10-07,W0887,52.7707,10.1295,0.0,,15.6,14.3,0.223,13.5,0.23,2.04,icon_d2
2026-10-07,W0888,52.7707,10.1591,0.0,,15.7,14.3,0.223,13.5,0.23,2.05,icon_d2
2026-10-07,W0889,52.7707,10.1886,0.0,,15.9,14.3,0.223,13.5,0.23,2.08,icon_d2
2026-10-07,W0890,52.7707,10.2182,0.0,,16.2,13.9,0.216,12.8,0.225,2.08,icon_d2
2026-10-07,W0891,52.7707,10.2477,0.0,,16.0,13.9,0.216,12.8,0.225,2.05,icon_d2
2026-10-07,W0892,52.7707,10.2772,0.0,,15.9,13.9,0.216,12.8,0.225,2.04,icon_d2
2026-10-07,W0893,52.7707,10.3068,0.0,,15.8,13.9,0.216,12.8,0.225,2.04,icon_d2
2026-10-07,W0894,52.7707,10.3363,0.0,,15.7,13.9,0.216,12.8,0.225,2.03,icon_d2
2026-10-07,W0895,52.7707,10.3658,0.0,,15.9,13.9,0.193,13.0,0.189,2.04,icon_d2
2026-10-07,W0896,52.7707,10.3954,0.0,,15.7,13.9,0.193,13.0,0.189,2.03,icon_d2
2026-10-07,W0897,52.7707,10.4249,0.0,,15.7,13.9,0.193,13.0,0.189,2.03,icon_d2
2026-10-07,W0898,52.7707,10.4545,0.0,,15.7,13.9,0.193,13.0,0.189,2.05,icon_d2
2026-10-07,W0899,52.7707,10.484,0.0,,15.5,13.9,0.193,13.0,0.189,2.04,icon_d2
2026-10-07,W0900,52.7707,10.5135,0.0,,16.0,13.9,0.193,13.0,0.189,2.06,icon_d2
2026-10-07,W0901,52.7707,10.5431,0.0,,15.5,13.5,0.152,12.2,0.109,2.03,icon_d2
2026-10-07,W0902,52.7707,10.5726,0.0,,15.8,13.5,0.152,12.2,0.109,2.02,icon_d2
2026-10-07,W0903,52.7707,10.6021,0.0,,15.7,13.5,0.152,12.2,0.109,2.03,icon_d2
2026-10-07,W0904,52.7707,10.6317,0.0,,15.4,13.5,0.152,12.2,0.109,2.03,icon_d2
2026-10-07,W0905,52.7707,10.6612,0.0,,15.3,13.5,0.152,12.2,0.109,2.08,icon_d2
2026-10-07,W0906,52.7707,10.6908,0.0,,15.7,13.5,0.152,12.2,0.109,2.22,icon_d2
2026-10-07,W0907,52.7707,10.7203,0.0,,15.5,13.9,0.146,12.6,0.104,2.14,icon_d2
2026-10-07,W0908,52.7707,10.7498,0.0,,15.6,13.9,0.146,12.6,0.104,2.15,icon_d2
2026-10-07,W0909,52.7707,10.7794,0.0,,15.5,13.9,0.146,12.6,0.104,2.13,icon_d2
2026-10-07,W0910,52.7707,10.8089,0.0,,16.1,13.9,0.146,12.6,0.104,2.1,icon_d2
2026-10-07,W0911,52.7707,10.8384,0.0,,16.2,13.9,0.146,12.6,0.104,2.1,icon_d2
2026-10-07,W0912,52.7707,10.868,0.0,,16.1,13.9,0.146,12.6,0.104,2.09,icon_d2
2026-10-07,W0913,52.7707,10.8975,0.0,,16.0,14.6,0.207,13.6,0.157,2.09,icon_d2
2026-10-07,W0914,52.7707,10.9271,0.0,,16.2,14.6,0.207,13.6,0.157,2.12,icon_d2
2026-10-07,W0915,52.7707,10.9566,0.0,,16.2,14.6,0.207,13.6,0.157,2.12,icon_d2
2026-10-07,W0916,52.7707,10.9861,0.0,,16.2,14.6,0.207,13.6,0.157,2.12,icon_d2
2026-10-07,W0917,52.7707,11.0157,0.0,,16.5,14.6,0.207,13.6,0.157,2.15,icon_d2
2026-10-07,W0918,52.7707,11.0452,0.0,,16.1,15.3,0.182,14.5,0.142,2.13,icon_d2
2026-10-07,W1700,52.76171,11.06084,0.0,,16.1,15.3,0.182,14.5,0.142,2.13,icon_d2
2026-10-07,W1701,52.76171,11.0904,0.0,,15.5,15.3,0.182,14.5,0.142,2.13,icon_d2
2026-10-07,W1702,52.76171,11.11997,0.0,,15.5,15.3,0.182,14.5,0.142,2.13,icon_d2
2026-10-07,W1703,52.76171,11.14953,0.0,,15.6,15.3,0.182,14.5,0.142,2.2,icon_d2
2026-10-07,W0920,52.7887,10.1295,0.0,,15.7,14.3,0.223,13.5,0.23,2.04,icon_d2
2026-10-07,W0921,52.7887,10.1591,0.0,,15.7,14.4,0.2,13.6,0.2,2.05,icon_d2
2026-10-07,W0922,52.7887,10.1886,0.0,,15.8,14.4,0.2,13.6,0.2,2.08,icon_d2
2026-10-07,W0923,52.7887,10.2182,0.0,,16.1,13.9,0.216,12.8,0.225,2.07,icon_d2
2026-10-07,W0924,52.7887,10.2477,0.0,,15.9,13.9,0.216,12.8,0.225,2.04,icon_d2
2026-10-07,W0925,52.7887,10.2772,0.0,,15.8,13.9,0.216,12.8,0.225,2.04,icon_d2
2026-10-07,W0926,52.7887,10.3068,0.0,,15.8,13.9,0.216,12.8,0.225,2.04,icon_d2
2026-10-07,W0927,52.7887,10.3363,0.0,,15.5,14.4,0.22,13.4,0.224,2.03,icon_d2
2026-10-07,W0928,52.7887,10.3658,0.0,,15.8,14.4,0.22,13.4,0.224,2.04,icon_d2
2026-10-07,W0929,52.7887,10.3954,0.0,,15.7,13.9,0.193,13.0,0.189,2.03,icon_d2
2026-10-07,W0930,52.7887,10.4249,0.0,,15.7,13.9,0.193,13.0,0.189,2.03,icon_d2
2026-10-07,W0931,52.7887,10.4545,0.0,,15.6,13.9,0.193,13.0,0.189,2.05,icon_d2
2026-10-07,W0932,52.7887,10.484,0.0,,15.4,14.3,0.181,13.4,0.164,2.03,icon_d2
2026-10-07,W0933,52.7887,10.5135,0.0,,16.0,14.3,0.181,13.4,0.164,2.06,icon_d2
2026-10-07,W0934,52.7887,10.5431,0.0,,15.7,13.5,0.152,12.2,0.109,2.03,icon_d2
2026-10-07,W0935,52.7887,10.5726,0.0,,15.7,13.5,0.152,12.2,0.109,2.02,icon_d2
2026-10-07,W0936,52.7887,10.6021,0.0,,15.7,13.5,0.152,12.2,0.109,2.03,icon_d2
2026-10-07,W1704,52.77973,10.61737,0.0,,15.4,13.5,0.152,12.2,0.109,2.03,icon_d2
2026-10-07,W0937,52.7887,10.6612,0.0,,15.5,14.1,0.15,12.9,0.103,2.09,icon_d2
2026-10-07,W0938,52.7887,10.6908,0.0,,15.8,14.1,0.15,12.9,0.103,2.22,icon_d2
2026-10-07,W0939,52.7887,10.7203,0.0,,15.6,13.9,0.146,12.6,0.104,2.15,icon_d2
2026-10-07,W0940,52.7887,10.7498,0.0,,15.6,13.9,0.146,12.6,0.104,2.15,icon_d2
2026-10-07,W0941,52.7887,10.7794,0.0,,15.6,13.9,0.146,12.6,0.104,2.13,icon_d2
2026-10-07,W0942,52.7887,10.8089,0.0,,15.9,13.9,0.146,12.6,0.104,2.09,icon_d2
2026-10-07,W0943,52.7887,10.8384,0.0,,16.3,14.3,0.143,12.9,0.096,2.11,icon_d2
2026-10-07,W0944,52.7887,10.868,0.0,,16.2,14.3,0.143,12.9,0.096,2.1,icon_d2
2026-10-07,W0945,52.7887,10.8975,0.0,,16.2,14.6,0.207,13.6,0.157,2.11,icon_d2
2026-10-07,W0946,52.7887,10.9271,0.0,,16.1,14.6,0.207,13.6,0.157,2.11,icon_d2
2026-10-07,W0947,52.7887,10.9566,0.0,,16.1,14.6,0.207,13.6,0.157,2.11,icon_d2
2026-10-07,W1705,52.77973,10.97214,0.0,,16.4,14.6,0.207,13.6,0.157,2.13,icon_d2
2026-10-07,W0948,52.7887,11.0157,0.0,,16.5,14.6,0.218,13.6,0.185,2.15,icon_d2
2026-10-07,W0949,52.7887,11.0452,0.0,,16.2,14.6,0.218,13.6,0.185,2.14,icon_d2
2026-10-07,W0950,52.7887,11.0747,0.0,,15.8,15.3,0.182,14.5,0.142,2.12,icon_d2
2026-10-07,W0951,52.7887,11.1043,0.0,,15.9,15.3,0.182,14.5,0.142,2.11,icon_d2
2026-10-07,W0952,52.7887,11.1338,0.0,,15.5,15.3,0.182,14.5,0.142,2.13,icon_d2
2026-10-07,W1706,52.77973,11.14953,0.0,,15.5,15.3,0.182,14.5,0.142,2.13,icon_d2
2026-10-07,W1707,52.79775,10.11478,0.0,,16.0,14.4,0.2,13.6,0.2,2.07,icon_d2
2026-10-07,W1771,52.79775,10.14435,0.0,,15.7,14.4,0.2,13.6,0.2,2.05,icon_d2
2026-10-07,W1772,52.79775,10.17391,0.0,,15.7,14.4,0.2,13.6,0.2,2.07,icon_d2
2026-10-07,W1773,52.79775,10.20347,0.0,,16.0,14.4,0.2,13.6,0.2,2.07,icon_d2
2026-10-07,W1774,52.79775,10.23304,0.0,,16.1,13.9,0.216,12.8,0.225,2.07,icon_d2
2026-10-07,W1775,52.79775,10.2626,0.0,,16.1,13.9,0.216,12.8,0.225,2.06,icon_d2
2026-10-07,W1776,52.79775,10.29217,0.0,,16.4,14.4,0.22,13.4,0.224,2.09,icon_d2
2026-10-07,W1777,52.79775,10.32173,0.0,,15.8,14.4,0.22,13.4,0.224,2.05,icon_d2
2026-10-07,W1778,52.79775,10.3513,0.0,,15.8,14.4,0.22,13.4,0.224,2.03,icon_d2
2026-10-07,W1779,52.79775,10.38086,0.0,,15.8,13.9,0.193,13.0,0.189,2.04,icon_d2
2026-10-07,W1780,52.79775,10.41042,0.0,,15.4,13.9,0.193,13.0,0.189,2.01,icon_d2
2026-10-07,W1781,52.79775,10.43999,0.0,,15.6,13.9,0.193,13.0,0.189,2.03,icon_d2
2026-10-07,W1782,52.79775,10.46955,0.0,,15.4,14.3,0.181,13.4,0.164,2.03,icon_d2
2026-10-07,W1708,52.79775,10.49912,0.0,,15.7,14.3,0.181,13.4,0.164,2.05,icon_d2
2026-10-07,W1709,52.79775,10.52868,0.0,,15.7,14.3,0.181,13.4,0.164,2.03,icon_d2
2026-10-07,W1710,52.79775,10.55825,0.0,,15.7,13.5,0.152,12.2,0.109,2.02,icon_d2
2026-10-07,W1711,52.79775,10.58781,0.0,,15.7,13.5,0.152,12.2,0.109,2.01,icon_d2
2026-10-07,W1712,52.79775,10.61737,0.0,,15.4,14.1,0.15,12.9,0.103,2.03,icon_d2
2026-10-07,W1713,52.79775,10.64694,0.0,,15.4,14.1,0.15,12.9,0.103,2.03,icon_d2
2026-10-07,W1714,52.79775,10.6765,0.0,,15.9,14.1,0.15,12.9,0.103,2.17,icon_d2
2026-10-07,W1715,52.79775,10.70607,0.0,,16.2,14.1,0.15,12.9,0.103,2.17,icon_d2
2026-10-07,W1716,52.79775,10.73563,0.0,,16.0,13.9,0.146,12.6,0.104,2.09,icon_d2
2026-10-07,W1717,52.79775,10.76519,0.0,,16.1,13.9,0.146,12.6,0.104,2.09,icon_d2
2026-10-07,W1783,52.79775,10.79476,0.0,,15.9,14.3,0.143,12.9,0.096,2.06,icon_d2
2026-10-07,W1718,52.79775,10.82432,0.0,,16.1,14.3,0.143,12.9,0.096,2.07,icon_d2
2026-10-07,W1719,52.79775,10.85389,0.0,,15.9,14.3,0.143,12.9,0.096,2.1,icon_d2
2026-10-07,W1720,52.79775,10.88345,0.0,,15.9,14.6,0.207,13.6,0.157,2.11,icon_d2
2026-10-07,W1721,52.79775,10.91302,0.0,,15.9,14.6,0.207,13.6,0.157,2.13,icon_d2
2026-10-07,W1722,52.79775,10.94258,0.0,,16.0,14.6,0.207,13.6,0.157,2.13,icon_d2
2026-10-07,W1723,52.79775,10.97214,0.0,,15.8,14.6,0.218,13.6,0.185,2.14,icon_d2
2026-10-07,W1724,52.79775,11.00171,0.0,,15.9,14.6,0.218,13.6,0.185,2.14,icon_d2
2026-10-07,W1725,52.79775,11.03127,0.0,,16.2,14.6,0.218,13.6,0.185,2.17,icon_d2
2026-10-07,W1726,52.79775,11.06084,0.0,,15.9,15.3,0.182,14.5,0.142,2.13,icon_d2
2026-10-07,W1727,52.79775,11.0904,0.0,,15.7,15.3,0.182,14.5,0.142,2.1,icon_d2
2026-10-07,W1728,52.79775,11.11997,0.0,,15.7,15.3,0.182,14.5,0.142,2.1,icon_d2
2026-10-07,W1729,52.79775,11.14953,0.0,,15.8,15.4,0.193,14.5,0.14,2.11,icon_d2
2026-10-07,W0954,52.8068,10.1295,0.0,,15.9,14.4,0.2,13.6,0.2,2.06,icon_d2
2026-10-07,W0955,52.8068,10.1591,0.0,,15.7,14.4,0.2,13.6,0.2,2.07,icon_d2
2026-10-07,W0956,52.8068,10.1886,0.0,,15.7,14.4,0.2,13.6,0.2,2.07,icon_d2
2026-10-07,W0957,52.8068,10.2182,0.0,,16.2,13.9,0.216,12.8,0.225,2.08,icon_d2
2026-10-07,W0958,52.8068,10.2477,0.0,,16.1,14.4,0.22,13.4,0.224,2.07,icon_d2
2026-10-07,W0959,52.8068,10.2772,0.0,,16.2,14.4,0.22,13.4,0.224,2.06,icon_d2
2026-10-07,W0960,52.8068,10.3068,0.0,,16.2,14.4,0.22,13.4,0.224,2.08,icon_d2
2026-10-07,W0961,52.8068,10.3363,0.0,,15.8,14.4,0.22,13.4,0.224,2.04,icon_d2
2026-10-07,W0962,52.8068,10.3658,0.0,,15.8,14.4,0.22,13.4,0.224,2.03,icon_d2
2026-10-07,W0963,52.8068,10.3954,0.0,,15.7,13.9,0.193,13.0,0.189,2.03,icon_d2
2026-10-07,W0964,52.8068,10.4249,0.0,,15.4,14.3,0.181,13.4,0.164,2.01,icon_d2
2026-10-07,W0965,52.8068,10.4545,0.0,,15.4,14.3,0.181,13.4,0.164,2.03,icon_d2
2026-10-07,W0966,52.8068,10.484,0.0,,15.6,14.3,0.181,13.4,0.164,2.04,icon_d2
2026-10-07,W0967,52.8068,10.5135,0.0,,15.8,14.3,0.181,13.4,0.164,2.04,icon_d2
2026-10-07,W0968,52.8068,10.5431,0.0,,16.0,14.3,0.181,13.4,0.164,2.05,icon_d2
2026-10-07,W0969,52.8068,10.5726,0.0,,15.8,13.5,0.152,12.2,0.109,2.02,icon_d2
2026-10-07,W0970,52.8068,10.6021,0.0,,15.8,14.1,0.15,12.9,0.103,2.01,icon_d2
2026-10-07,W0971,52.8068,10.6317,0.0,,15.3,14.1,0.15,12.9,0.103,2.02,icon_d2
2026-10-07,W0972,52.8068,10.6612,0.0,,15.7,14.1,0.15,12.9,0.103,2.13,icon_d2
2026-10-07,W0973,52.8068,10.6908,0.0,,16.2,14.1,0.15,12.9,0.103,2.16,icon_d2
2026-10-07,W0974,52.8068,10.7203,0.0,,16.1,13.9,0.146,12.6,0.104,2.16,icon_d2
2026-10-07,W0975,52.8068,10.7498,0.0,,16.0,13.9,0.146,12.6,0.104,2.08,icon_d2
2026-10-07,W0976,52.8068,10.7794,0.0,,16.1,14.3,0.143,12.9,0.096,2.12,icon_d2
2026-10-07,W0977,52.8068,10.8089,0.0,,15.9,14.3,0.143,12.9,0.096,2.06,icon_d2
2026-10-07,W1730,52.81577,10.82432,0.0,,15.7,14.3,0.143,12.9,0.096,2.06,icon_d2
2026-10-07,W0978,52.8068,10.868,0.0,,15.8,14.3,0.143,12.9,0.096,2.09,icon_d2
2026-10-07,W0979,52.8068,10.8975,0.0,,15.9,14.6,0.207,13.6,0.157,2.11,icon_d2
2026-10-07,W1731,52.81577,10.91302,0.0,,15.9,14.6,0.218,13.6,0.185,2.13,icon_d2
2026-10-07,W0980,52.8068,10.9566,0.0,,16.1,14.6,0.218,13.6,0.185,2.13,icon_d2
2026-10-07,W1732,52.81577,10.97214,0.0,,15.8,14.6,0.218,13.6,0.185,2.17,icon_d2
2026-10-07,W1733,52.81577,11.00171,0.0,,15.8,14.6,0.218,13.6,0.185,2.2,icon_d2
2026-10-07,W0981,52.8068,11.0452,0.0,,16.2,14.6,0.218,13.6,0.185,2.17,icon_d2
2026-10-07,W0982,52.8068,11.0747,0.0,,16.0,15.3,0.182,14.5,0.142,2.14,icon_d2
2026-10-07,W0983,52.8068,11.1043,0.0,,15.5,15.4,0.193,14.5,0.14,2.09,icon_d2
2026-10-07,W0984,52.8068,11.1338,0.0,,15.7,15.4,0.193,14.5,0.14,2.1,icon_d2
2026-10-07,W1734,52.81577,11.14953,0.0,,15.5,15.4,0.193,14.5,0.14,2.12,icon_d2
2026-10-07,W0986,52.8248,10.1295,0.0,,15.9,14.4,0.2,13.6,0.2,2.06,icon_d2
2026-10-07,W0987,52.8248,10.1591,0.0,,15.8,14.4,0.2,13.6,0.2,2.06,icon_d2
2026-10-07,W0988,52.8248,10.1886,0.0,,15.7,14.4,0.2,13.6,0.2,2.05,icon_d2
2026-10-07,W0989,52.8248,10.2182,0.0,,16.3,14.4,0.22,13.4,0.224,2.08,icon_d2
2026-10-07,W0990,52.8248,10.2477,0.0,,16.0,14.4,0.22,13.4,0.224,2.05,icon_d2
2026-10-07,W0991,52.8248,10.2772,0.0,,15.7,14.4,0.22,13.4,0.224,2.05,icon_d2
2026-10-07,W0992,52.8248,10.3068,0.0,,15.8,14.4,0.22,13.4,0.224,2.05,icon_d2
2026-10-07,W0993,52.8248,10.3363,0.0,,15.8,14.4,0.22,13.4,0.224,2.06,icon_d2
2026-10-07,W0994,52.8248,10.3658,0.0,,15.7,14.4,0.22,13.4,0.224,2.05,icon_d2
2026-10-07,W0995,52.8248,10.3954,0.0,,15.6,14.3,0.181,13.4,0.164,2.01,icon_d2
2026-10-07,W0996,52.8248,10.4249,0.0,,15.5,14.3,0.181,13.4,0.164,2.03,icon_d2
2026-10-07,W0997,52.8248,10.4545,0.0,,15.7,14.3,0.181,13.4,0.164,2.05,icon_d2
2026-10-07,W0998,52.8248,10.484,0.0,,15.7,14.3,0.181,13.4,0.164,2.05,icon_d2
2026-10-07,W0999,52.8248,10.5135,0.0,,15.5,14.3,0.181,13.4,0.164,2.01,icon_d2
2026-10-07,W1000,52.8248,10.5431,0.0,,15.8,14.3,0.181,13.4,0.164,2.05,icon_d2
2026-10-07,W1001,52.8248,10.5726,0.0,,15.7,14.1,0.15,12.9,0.103,2.02,icon_d2
2026-10-07,W1002,52.8248,10.6021,0.0,,15.5,14.1,0.15,12.9,0.103,2.03,icon_d2
2026-10-07,W1003,52.8248,10.6317,0.0,,15.8,14.1,0.15,12.9,0.103,2.1,icon_d2
2026-10-07,W1735,52.83378,10.64694,0.0,,15.9,14.1,0.15,12.9,0.103,2.1,icon_d2
2026-10-07,W1736,52.83378,10.6765,0.0,,16.2,14.1,0.15,12.9,0.103,2.12,icon_d2
2026-10-07,W1004,52.8248,10.7203,0.0,,16.0,14.1,0.15,12.9,0.103,2.08,icon_d2
2026-10-07,W1005,52.8248,10.7498,0.0,,15.8,14.3,0.143,12.9,0.096,2.04,icon_d2
2026-10-07,W1006,52.8248,10.7794,0.0,,16.2,14.3,0.143,12.9,0.096,2.09,icon_d2
2026-10-07,W1007,52.8248,10.8089,0.0,,16.2,14.3,0.143,12.9,0.096,2.09,icon_d2
2026-10-07,W1737,52.83378,10.82432,0.0,,16.1,14.3,0.143,12.9,0.096,2.04,icon_d2
2026-10-07,W1008,52.8248,10.868,0.0,,15.9,14.3,0.143,12.9,0.096,2.1,icon_d2
2026-10-07,W1009,52.8248,10.8975,0.0,,15.7,14.6,0.218,13.6,0.185,2.11,icon_d2
2026-10-07,W1010,52.8248,10.9271,0.0,,15.8,14.6,0.218,13.6,0.185,2.13,icon_d2
2026-10-07,W1011,52.8248,10.9566,0.0,,15.7,14.6,0.218,13.6,0.185,2.16,icon_d2
2026-10-07,W1012,52.8248,10.9861,0.0,,15.8,14.6,0.218,13.6,0.185,2.17,icon_d2
2026-10-07,W1738,52.83378,11.00171,0.0,,16.0,14.6,0.218,13.6,0.185,2.2,icon_d2
2026-10-07,W1013,52.8248,11.0452,0.0,,15.8,14.6,0.218,13.6,0.185,2.2,icon_d2
2026-10-07,W1739,52.83378,11.06084,0.0,,16.2,15.4,0.193,14.5,0.14,2.18,icon_d2
2026-10-07,W1014,52.8248,11.1043,0.0,,16.1,15.4,0.193,14.5,0.14,2.18,icon_d2
2026-10-07,W1015,52.8248,11.1338,0.0,,15.6,15.4,0.193,14.5,0.14,2.13,icon_d2
2026-10-07,W1740,52.83378,11.14953,0.0,,15.8,15.4,0.193,14.5,0.14,2.16,icon_d2
2026-10-07,W1017,52.8428,10.1295,0.0,,15.9,14.4,0.2,13.6,0.2,2.06,icon_d2
2026-10-07,W1018,52.8428,10.1591,0.0,,16.1,14.4,0.2,13.6,0.2,2.1,icon_d2
2026-10-07,W1019,52.8428,10.1886,0.0,,16.1,14.4,0.2,13.6,0.2,2.07,icon_d2
2026-10-07,W1020,52.8428,10.2182,0.0,,16.0,14.4,0.22,13.4,0.224,2.05,icon_d2
2026-10-07,W1021,52.8428,10.2477,0.0,,16.0,14.4,0.22,13.4,0.224,2.05,icon_d2
2026-10-07,W1022,52.8428,10.2772,0.0,,15.8,14.4,0.22,13.4,0.224,2.04,icon_d2
2026-10-07,W1023,52.8428,10.3068,0.0,,15.9,14.4,0.22,13.4,0.224,2.05,icon_d2
2026-10-07,W1024,52.8428,10.3363,0.0,,15.7,14.4,0.22,13.4,0.224,2.04,icon_d2
2026-10-07,W1025,52.8428,10.3658,0.0,,15.8,14.4,0.22,13.4,0.224,2.01,icon_d2
2026-10-07,W1026,52.8428,10.3954,0.0,,15.7,14.3,0.181,13.4,0.164,2.03,icon_d2
2026-10-07,W1027,52.8428,10.4249,0.0,,15.8,14.3,0.181,13.4,0.164,2.04,icon_d2
2026-10-07,W1028,52.8428,10.4545,0.0,,16.1,14.3,0.181,13.4,0.164,2.08,icon_d2
2026-10-07,W1029,52.8428,10.484,0.0,,15.9,14.3,0.181,13.4,0.164,2.06,icon_d2
2026-10-07,W1030,52.8428,10.5135,0.0,,15.7,14.3,0.181,13.4,0.164,2.02,icon_d2
2026-10-07,W1031,52.8428,10.5431,0.0,,15.9,14.3,0.181,13.4,0.164,2.07,icon_d2
2026-10-07,W1032,52.8428,10.5726,0.0,,15.6,14.1,0.15,12.9,0.103,2.02,icon_d2
2026-10-07,W1033,52.8428,10.6021,0.0,,15.6,14.1,0.15,12.9,0.103,2.02,icon_d2
2026-10-07,W1034,52.8428,10.6317,0.0,,15.7,14.1,0.15,12.9,0.103,2.08,icon_d2
2026-10-07,W1035,52.8428,10.6612,0.0,,15.6,14.1,0.15,12.9,0.103,2.02,icon_d2
2026-10-07,W1036,52.8428,10.7203,0.0,,16.3,14.1,0.15,12.9,0.103,2.13,icon_d2
2026-10-07,W1037,52.8428,10.7498,0.0,,16.0,14.3,0.143,12.9,0.096,2.07,icon_d2
2026-10-07,W1038,52.8428,10.7794,0.0,,16.1,14.3,0.143,12.9,0.096,2.05,icon_d2
2026-10-07,W1039,52.8428,10.8089,0.0,,15.9,14.3,0.143,12.9,0.096,2.04,icon_d2
2026-10-07,W1040,52.8428,10.8384,0.0,,15.8,14.3,0.143,12.9,0.096,2.07,icon_d2
2026-10-07,W1041,52.8428,10.868,0.0,,15.9,14.3,0.143,12.9,0.096,2.1,icon_d2
2026-10-07,W1042,52.8428,10.8975,0.0,,16.0,14.6,0.218,13.6,0.185,2.14,icon_d2
2026-10-07,W1043,52.8428,10.9271,0.0,,16.0,14.6,0.218,13.6,0.185,2.14,icon_d2
2026-10-07,W1044,52.8428,10.9566,0.0,,15.7,14.6,0.218,13.6,0.185,2.15,icon_d2
2026-10-07,W1045,52.8428,10.9861,0.0,,15.6,14.6,0.218,13.6,0.185,2.14,icon_d2
2026-10-07,W1741,52.8428,11.0747,0.0,,16.1,15.4,0.193,14.5,0.14,2.17,icon_d2
2026-10-07,W1784,52.8518,10.6765,0.0,,16.1,14.1,0.15,12.9,0.103,2.1,icon_d2
2026-10-07,W1785,52.8518,11.00171,0.0,,15.8,14.6,0.218,13.6,0.185,2.18,icon_d2
2026-10-07,W1786,52.8518,11.03127,0.0,,15.9,15.0,0.129,13.7,0.079,2.1,icon_d2
2026-10-07,W1787,52.8518,11.0904,0.0,,16.1,15.4,0.193,14.5,0.14,2.16,icon_d2
2026-10-07,W1788,52.8518,11.11997,0.0,,16.2,15.4,0.193,14.5,0.14,2.17,icon_d2
2026-10-07,W1789,52.8518,11.14953,0.0,,16.2,15.4,0.193,14.5,0.14,2.17,icon_d2
2026-10-07,W1790,52.59955,10.73563,0.0,,15.2,14.2,0.154,13.4,0.121,2.09,icon_d2
2026-10-07,W1791,52.61757,10.88345,0.0,,15.0,14.5,0.21,14.1,0.171,2.15,icon_d2
2026-10-07,W1792,52.61757,10.91302,0.0,,15.7,14.5,0.21,14.1,0.171,2.28,icon_d2
2026-10-07,W1793,52.61757,11.14953,0.0,,16.7,14.8,0.201,14.5,0.15,2.3,icon_d2
2026-10-07,W1794,52.63559,10.29217,0.0,,15.7,14.2,0.148,13.3,0.124,2.17,icon_d2
2026-10-07,W1795,52.63559,10.32173,0.0,,15.7,13.9,0.168,12.9,0.161,2.16,icon_d2
2026-10-07,W1796,52.63559,10.52868,0.0,,15.6,14.0,0.135,13.0,0.102,2.12,icon_d2
2026-10-07,W1797,52.63559,10.88345,0.0,,15.2,14.5,0.21,14.1,0.171,2.15,icon_d2
2026-10-07,W1798,52.63559,10.91302,0.0,,15.4,14.5,0.21,14.1,0.171,2.25,icon_d2
2026-10-07,W1799,52.63559,11.06084,0.0,,16.3,14.8,0.201,14.5,0.15,2.16,icon_d2
2026-10-07,W1800,52.63559,11.14953,0.0,,16.6,14.8,0.201,14.5,0.15,2.28,icon_d2
2026-10-07,W1801,52.6536,10.23304,0.0,,15.5,14.2,0.148,13.3,0.124,2.06,icon_d2
