datum,ort,lat,lon,regen_icon,regen_era5,temperatur,bt07,bf07,bt728,bf728,et0,quelle
2026-04-28,W0001,52.05,10.1,,0.0,10.3,11.5,0.127,10.2,0.147,4.25,era5
2026-04-29,W0001,52.05,10.1,,0.0,9.2,11.1,0.115,10.5,0.147,4.17,era5
2026-04-30,W0001,52.05,10.1,,0.0,9.8,10.9,0.112,10.3,0.147,4.21,era5
2026-04-28,W0002,52.05,10.1591,,0.0,10.3,11.5,0.127,10.2,0.147,4.25,era5
2026-04-29,W0002,52.05,10.1591,,0.0,9.2,11.1,0.115,10.5,0.147,4.18,era5
2026-04-30,W0002,52.05,10.1591,,0.0,9.8,10.9,0.112,10.3,0.147,4.21,era5
2026-04-28,W0003,52.05,10.1886,,0.0,10.3,12.0,0.111,10.7,0.15,4.21,era5
2026-04-29,W0003,52.05,10.1886,,0.0,9.2,11.4,0.106,10.8,0.15,4.11,era5
2026-04-30,W0003,52.05,10.1886,,0.0,9.8,10.8,0.128,10.5,0.149,4.13,era5
2026-04-28,W0004,52.05,10.2182,,0.0,10.3,12.0,0.111,10.7,0.15,4.22,era5
2026-04-29,W0004,52.05,10.2182,,0.0,9.2,11.4,0.106,10.8,0.15,4.12,era5
2026-04-30,W0004,52.05,10.2182,,0.0,9.8,10.8,0.128,10.5,0.149,4.14,era5
2026-04-28,W0005,52.05,10.2477,,0.0,10.3,12.0,0.111,10.7,0.15,4.21,era5
2026-04-29,W0005,52.05,10.2477,,0.0,9.2,11.4,0.106,10.8,0.15,4.11,era5
2026-04-30,W0005,52.05,10.2477,,0.0,9.8,10.8,0.128,10.5,0.149,4.13,era5
2026-04-28,W0006,52.05,10.2772,,0.0,10.3,12.0,0.111,10.7,0.15,4.21,era5
2026-04-29,W0006,52.05,10.2772,,0.0,9.2,11.4,0.106,10.8,0.15,4.11,era5
2026-04-30,W0006,52.05,10.2772,,0.0,9.8,10.8,0.128,10.5,0.149,4.13,era5
2026-04-28,W0007,52.05,10.3363,,0.0,10.3,12.0,0.111,10.7,0.15,4.21,era5
2026-04-29,W0007,52.05,10.3363,,0.0,9.2,11.4,0.106,10.8,0.15,4.11,era5
2026-04-30,W0007,52.05,10.3363,,0.0,9.8,10.8,0.128,10.5,0.149,4.13,era5
2026-04-28,W0008,52.05,10.3658,,0.0,10.5,12.7,0.08,11.5,0.145,4.17,era5
2026-04-29,W0008,52.05,10.3658,,0.0,9.3,11.8,0.077,11.3,0.145,4.09,era5
2026-04-30,W0008,52.05,10.3658,,0.0,10.1,11.5,0.101,11.0,0.145,4.13,era5
2026-04-28,W0009,52.05,10.5135,,0.0,10.2,12.4,0.102,11.3,0.149,4.06,era5
2026-04-29,W0009,52.05,10.5135,,0.0,9.2,11.5,0.102,11.1,0.149,4.01,era5
2026-04-30,W0009,52.05,10.5135,,0.0,9.8,11.1,0.127,10.8,0.149,3.99,era5
2026-04-28,W0010,52.05,10.6317,,0.0,10.2,12.4,0.102,11.3,0.149,4.06,era5
2026-04-29,W0010,52.05,10.6317,,0.0,9.2,11.5,0.102,11.1,0.149,4.01,era5
2026-04-30,W0010,52.05,10.6317,,0.0,9.8,11.1,0.127,10.8,0.149,3.99,era5
2026-04-28,W0011,52.05,10.8089,,0.0,9.5,11.1,0.13,10.3,0.167,3.86,era5
2026-04-29,W0011,52.05,10.8089,,0.0,8.6,10.6,0.118,10.2,0.161,3.87,era5
2026-04-30,W0011,52.05,10.8089,,0.0,9.4,10.8,0.115,10.1,0.16,3.86,era5
2026-04-28,W0012,52.068,10.1,,0.0,10.3,11.5,0.127,10.2,0.147,4.25,era5
2026-04-29,W0012,52.068,10.1,,0.0,9.2,11.1,0.115,10.5,0.147,4.17,era5
2026-04-30,W0012,52.068,10.1,,0.0,9.8,10.9,0.112,10.3,0.147,4.21,era5
2026-04-28,W0013,52.068,10.1295,,0.0,10.3,11.5,0.127,10.2,0.147,4.24,era5
2026-04-29,W0013,52.068,10.1295,,0.0,9.2,11.1,0.115,10.5,0.147,4.17,era5
2026-04-30,W0013,52.068,10.1295,,0.0,9.8,10.9,0.112,10.3,0.147,4.21,era5
2026-04-28,W0014,52.068,10.1591,,0.0,10.3,11.5,0.127,10.2,0.147,4.24,era5
2026-04-29,W0014,52.068,10.1591,,0.0,9.2,11.1,0.115,10.5,0.147,4.17,era5
2026-04-30,W0014,52.068,10.1591,,0.0,9.8,10.9,0.112,10.3,0.147,4.21,era5
2026-04-28,W0015,52.068,10.1886,,0.0,10.3,12.0,0.111,10.7,0.15,4.21,era5
2026-04-29,W0015,52.068,10.1886,,0.0,9.2,11.4,0.106,10.8,0.15,4.11,era5
2026-04-30,W0015,52.068,10.1886,,0.0,9.8,10.8,0.128,10.5,0.149,4.13,era5
2026-04-28,W0016,52.068,10.2182,,0.0,10.3,12.0,0.111,10.7,0.15,4.22,era5
2026-04-29,W0016,52.068,10.2182,,0.0,9.2,11.4,0.106,10.8,0.15,4.12,era5
2026-04-30,W0016,52.068,10.2182,,0.0,9.8,10.8,0.128,10.5,0.149,4.14,era5
2026-04-28,W0017,52.068,10.3363,,0.0,10.3,12.0,0.111,10.7,0.15,4.21,era5
2026-04-29,W0017,52.068,10.3363,,0.0,9.2,11.4,0.106,10.8,0.15,4.11,era5
2026-04-30,W0017,52.068,10.3363,,0.0,9.8,10.8,0.128,10.5,0.149,4.14,era5
2026-04-28,W0018,52.068,10.3658,,0.0,9.8,12.0,0.08,10.9,0.145,4.07,era5
2026-04-29,W0018,52.068,10.3658,,0.0,8.7,11.1,0.077,10.6,0.145,3.99,era5
2026-04-30,W0018,52.068,10.3658,,0.0,9.4,10.8,0.101,10.3,0.145,4.03,era5
2026-04-28,W0019,52.068,10.3954,,0.0,10.5,12.7,0.08,11.5,0.145,4.17,era5
2026-04-29,W0019,52.068,10.3954,,0.0,9.3,11.8,0.077,11.3,0.145,4.09,era5
2026-04-30,W0019,52.068,10.3954,,0.0,10.1,11.5,0.101,11.0,0.145,4.12,era5
2026-04-28,W0020,52.068,10.4249,,0.0,10.5,12.7,0.08,11.5,0.145,4.17,era5
2026-04-29,W0020,52.068,10.4249,,0.0,9.3,11.8,0.077,11.3,0.145,4.09,era5
2026-04-30,W0020,52.068,10.4249,,0.0,10.1,11.5,0.101,11.0,0.145,4.12,era5
2026-04-28,W0021,52.068,10.5135,,0.0,10.2,12.4,0.102,11.3,0.149,4.06,era5
2026-04-29,W0021,52.068,10.5135,,0.0,9.2,11.5,0.102,11.1,0.149,4.02,era5
2026-04-30,W0021,52.068,10.5135,,0.0,9.8,11.1,0.127,10.8,0.149,3.99,era5
2026-04-28,W0022,52.068,10.5431,,0.0,10.2,12.4,0.102,11.3,0.149,4.06,era5
2026-04-29,W0022,52.068,10.5431,,0.0,9.2,11.5,0.102,11.1,0.149,4.01,era5
2026-04-30,W0022,52.068,10.5431,,0.0,9.8,11.1,0.127,10.8,0.149,3.99,era5
2026-04-28,W0023,52.086,10.1,,0.0,10.3,11.5,0.127,10.2,0.147,4.25,era5
2026-04-29,W0023,52.086,10.1,,0.0,9.2,11.1,0.115,10.5,0.147,4.17,era5
2026-04-30,W0023,52.086,10.1,,0.0,9.8,10.9,0.112,10.3,0.147,4.21,era5
2026-04-28,W0024,52.086,10.1295,,0.0,10.5,11.9,0.111,10.5,0.15,4.27,era5
2026-04-29,W0024,52.086,10.1295,,0.0,9.4,11.3,0.106,10.7,0.15,4.14,era5
2026-04-30,W0024,52.086,10.1295,,0.0,10.1,10.9,0.117,10.5,0.15,4.18,era5
2026-04-28,W0025,52.086,10.1886,,0.0,10.3,12.0,0.111,10.7,0.15,4.21,era5
2026-04-29,W0025,52.086,10.1886,,0.0,9.2,11.4,0.106,10.8,0.15,4.11,era5
2026-04-30,W0025,52.086,10.1886,,0.0,9.8,10.8,0.128,10.5,0.149,4.13,era5
2026-04-28,W0026,52.086,10.2182,,0.0,10.3,12.0,0.111,10.7,0.15,4.21,era5
2026-04-29,W0026,52.086,10.2182,,0.0,9.2,11.4,0.106,10.8,0.15,4.11,era5
2026-04-30,W0026,52.086,10.2182,,0.0,9.8,10.8,0.128,10.5,0.149,4.13,era5
2026-04-28,W0027,52.086,10.3363,,0.0,10.6,12.4,0.101,10.9,0.148,4.3,era5
2026-04-29,W0027,52.086,10.3363,,0.0,9.6,11.8,0.098,11.1,0.148,4.16,era5
2026-04-30,W0027,52.086,10.3363,,0.0,10.3,11.4,0.112,10.9,0.148,4.19,era5
2026-04-28,W0028,52.086,10.3658,,0.0,9.8,12.1,0.08,10.9,0.145,4.07,era5
2026-04-29,W0028,52.086,10.3658,,0.0,8.7,11.1,0.077,10.7,0.145,3.99,era5
2026-04-30,W0028,52.086,10.3658,,0.0,9.4,10.8,0.101,10.3,0.145,4.04,era5
2026-04-28,W0029,52.086,10.3954,,0.0,10.5,12.7,0.08,11.5,0.145,4.16,era5
2026-04-29,W0029,52.086,10.3954,,0.0,9.3,11.8,0.077,11.3,0.145,4.08,era5
2026-04-30,W0029,52.086,10.3954,,0.0,10.1,11.5,0.101,11.0,0.145,4.12,era5
2026-04-28,W0030,52.086,10.5135,,0.0,10.0,12.1,0.097,10.6,0.15,4.13,era5
2026-04-29,W0030,52.086,10.5135,,0.0,9.0,11.3,0.096,10.7,0.15,4.0,era5
2026-04-30,W0030,52.086,10.5135,,0.0,9.7,11.0,0.11,10.4,0.15,4.02,era5
2026-04-28,W0031,52.086,10.5431,,0.0,10.2,12.4,0.102,11.3,0.149,4.06,era5
2026-04-29,W0031,52.086,10.5431,,0.0,9.2,11.5,0.102,11.1,0.149,4.01,era5
2026-04-30,W0031,52.086,10.5431,,0.0,9.8,11.1,0.127,10.8,0.149,3.99,era5
2026-04-28,W0032,52.086,10.5726,,0.0,10.2,12.4,0.102,11.3,0.149,4.06,era5
2026-04-29,W0032,52.086,10.5726,,0.0,9.2,11.5,0.102,11.1,0.149,4.01,era5
2026-04-30,W0032,52.086,10.5726,,0.0,9.8,11.1,0.127,10.8,0.149,3.98,era5
2026-04-28,W0033,52.086,11.1338,,0.0,9.2,10.6,0.146,9.8,0.181,3.82,era5
2026-04-29,W0033,52.086,11.1338,,0.0,8.6,10.3,0.132,9.8,0.174,3.87,era5
2026-04-30,W0033,52.086,11.1338,,0.0,9.7,10.3,0.12,9.6,0.167,3.78,era5
2026-04-28,W0034,52.1041,10.1295,,0.0,10.5,11.9,0.111,10.5,0.15,4.27,era5
2026-04-29,W0034,52.1041,10.1295,,0.0,9.4,11.3,0.106,10.7,0.15,4.13,era5
2026-04-30,W0034,52.1041,10.1295,,0.0,10.1,10.9,0.117,10.5,0.15,4.17,era5
2026-04-28,W0035,52.1041,10.1591,,0.0,10.5,11.9,0.111,10.5,0.15,4.27,era5
2026-04-29,W0035,52.1041,10.1591,,0.0,9.4,11.3,0.106,10.7,0.15,4.13,era5
2026-04-30,W0035,52.1041,10.1591,,0.0,10.1,10.9,0.117,10.5,0.15,4.17,era5
2026-04-28,W0036,52.1041,10.2182,,0.0,10.3,12.0,0.111,10.7,0.15,4.21,era5
2026-04-29,W0036,52.1041,10.2182,,0.0,9.2,11.4,0.106,10.8,0.15,4.11,era5
2026-04-30,W0036,52.1041,10.2182,,0.0,9.8,10.8,0.128,10.5,0.149,4.13,era5
2026-04-28,W0037,52.1041,10.2477,,0.0,10.6,12.4,0.101,10.9,0.148,4.3,era5
2026-04-29,W0037,52.1041,10.2477,,0.0,9.6,11.8,0.098,11.1,0.148,4.15,era5
2026-04-30,W0037,52.1041,10.2477,,0.0,10.3,11.4,0.112,10.9,0.148,4.18,era5
2026-04-28,W0038,52.1041,10.2772,,0.0,9.9,11.6,0.101,10.1,0.148,4.19,era5
2026-04-29,W0038,52.1041,10.2772,,0.0,8.9,11.1,0.098,10.3,0.148,4.05,era5
2026-04-30,W0038,52.1041,10.2772,,0.0,9.5,10.7,0.112,10.1,0.148,4.08,era5
2026-04-28,W0039,52.1041,10.3068,,0.0,10.6,12.4,0.101,10.9,0.148,4.3,era5
2026-04-29,W0039,52.1041,10.3068,,0.0,9.6,11.8,0.098,11.1,0.148,4.15,era5
2026-04-30,W0039,52.1041,10.3068,,0.0,10.3,11.4,0.112,10.9,0.148,4.18,era5
2026-04-28,W0040,52.1041,10.3363,,0.0,10.6,12.4,0.101,10.9,0.148,4.3,era5
2026-04-29,W0040,52.1041,10.3363,,0.0,9.6,11.8,0.098,11.1,0.148,4.16,era5
2026-04-30,W0040,52.1041,10.3363,,0.0,10.3,11.4,0.112,10.9,0.148,4.19,era5
2026-04-28,W0041,52.1041,10.3658,,0.0,10.5,12.7,0.08,11.5,0.145,4.16,era5
2026-04-29,W0041,52.1041,10.3658,,0.0,9.3,11.8,0.077,11.3,0.145,4.09,era5
2026-04-30,W0041,52.1041,10.3658,,0.0,10.1,11.5,0.101,11.0,0.145,4.12,era5
2026-04-28,W0042,52.1041,10.484,,0.0,10.6,12.7,0.097,11.2,0.15,4.22,era5
2026-04-29,W0042,52.1041,10.484,,0.0,9.6,11.9,0.096,11.3,0.15,4.09,era5
2026-04-30,W0042,52.1041,10.484,,0.0,10.3,11.6,0.11,11.0,0.15,4.1,era5
2026-04-28,W0043,52.1041,10.5135,,0.0,9.9,11.9,0.097,10.5,0.15,4.11,era5
2026-04-29,W0043,52.1041,10.5135,,0.0,8.9,11.2,0.096,10.6,0.15,3.99,era5
2026-04-30,W0043,52.1041,10.5135,,0.0,9.6,10.9,0.11,10.3,0.15,4.01,era5
2026-04-28,W0044,52.1041,10.5431,,0.0,10.2,12.4,0.102,11.3,0.149,4.06,era5
2026-04-29,W0044,52.1041,10.5431,,0.0,9.2,11.5,0.102,11.1,0.149,4.01,era5
2026-04-30,W0044,52.1041,10.5431,,0.0,9.8,11.1,0.127,10.8,0.149,3.99,era5
2026-04-28,W0045,52.1221,10.1,,0.0,10.5,11.9,0.111,10.5,0.15,4.27,era5
2026-04-29,W0045,52.1221,10.1,,0.0,9.4,11.3,0.106,10.7,0.15,4.13,era5
2026-04-30,W0045,52.1221,10.1,,0.0,10.1,10.9,0.117,10.5,0.15,4.17,era5
2026-04-28,W0046,52.1221,10.1295,,0.0,10.5,11.9,0.111,10.5,0.15,4.27,era5
2026-04-29,W0046,52.1221,10.1295,,0.0,9.4,11.3,0.106,10.7,0.15,4.14,era5
2026-04-30,W0046,52.1221,10.1295,,0.0,10.1,10.9,0.117,10.5,0.15,4.18,era5
2026-04-28,W0047,52.1221,10.1591,,0.0,10.5,11.9,0.111,10.5,0.15,4.27,era5
2026-04-29,W0047,52.1221,10.1591,,0.0,9.4,11.3,0.106,10.7,0.15,4.13,era5
2026-04-30,W0047,52.1221,10.1591,,0.0,10.1,10.9,0.117,10.5,0.15,4.18,era5
2026-04-28,W0048,52.1221,10.1886,,0.0,10.5,11.9,0.111,10.5,0.15,4.27,era5
2026-04-29,W0048,52.1221,10.1886,,0.0,9.4,11.3,0.106,10.7,0.15,4.13,era5
2026-04-30,W0048,52.1221,10.1886,,0.0,10.1,10.9,0.117,10.5,0.15,4.17,era5
2026-04-28,W0049,52.1221,10.2182,,0.0,10.6,12.4,0.101,10.9,0.148,4.29,era5
2026-04-29,W0049,52.1221,10.2182,,0.0,9.6,11.8,0.098,11.1,0.148,4.15,era5
2026-04-30,W0049,52.1221,10.2182,,0.0,10.3,11.4,0.112,10.9,0.148,4.18,era5
2026-04-28,W0050,52.1221,10.2477,,0.0,10.6,12.4,0.101,10.9,0.148,4.3,era5
2026-04-29,W0050,52.1221,10.2477,,0.0,9.6,11.8,0.098,11.1,0.148,4.15,era5
2026-04-30,W0050,52.1221,10.2477,,0.0,10.3,11.4,0.112,10.9,0.148,4.18,era5
2026-04-28,W0051,52.1221,10.2772,,0.0,10.6,12.4,0.101,10.9,0.148,4.3,era5
2026-04-29,W0051,52.1221,10.2772,,0.0,9.6,11.8,0.098,11.1,0.148,4.16,era5
2026-04-30,W0051,52.1221,10.2772,,0.0,10.3,11.4,0.112,10.9,0.148,4.19,era5
2026-04-28,W0052,52.1221,10.3068,,0.0,10.6,12.4,0.101,10.9,0.148,4.3,era5
2026-04-29,W0052,52.1221,10.3068,,0.0,9.6,11.8,0.098,11.1,0.148,4.15,era5
2026-04-30,W0052,52.1221,10.3068,,0.0,10.3,11.4,0.112,10.9,0.148,4.18,era5
2026-04-28,W0053,52.1221,10.3363,,0.0,10.6,12.4,0.101,10.9,0.148,4.3,era5
2026-04-29,W0053,52.1221,10.3363,,0.0,9.6,11.8,0.098,11.1,0.148,4.15,era5
2026-04-30,W0053,52.1221,10.3363,,0.0,10.3,11.4,0.112,10.9,0.148,4.18,era5
2026-04-28,W0054,52.1221,10.3954,,0.0,10.6,12.7,0.097,11.2,0.15,4.21,era5
2026-04-29,W0054,52.1221,10.3954,,0.0,9.6,11.9,0.096,11.3,0.15,4.09,era5
2026-04-30,W0054,52.1221,10.3954,,0.0,10.3,11.6,0.11,11.0,0.15,4.1,era5
2026-04-28,W0055,52.1221,10.484,,0.0,10.6,12.7,0.097,11.2,0.15,4.22,era5
2026-04-29,W0055,52.1221,10.484,,0.0,9.6,11.9,0.096,11.3,0.15,4.09,era5
2026-04-30,W0055,52.1221,10.484,,0.0,10.3,11.6,0.11,11.0,0.15,4.1,era5
2026-04-28,W0056,52.1221,10.5135,,0.0,10.6,12.7,0.097,11.2,0.15,4.22,era5
2026-04-29,W0056,52.1221,10.5135,,0.0,9.6,11.9,0.096,11.3,0.15,4.09,era5
2026-04-30,W0056,52.1221,10.5135,,0.0,10.3,11.6,0.11,11.0,0.15,4.1,era5
2026-04-28,W0057,52.1221,10.5431,,0.0,10.0,12.0,0.109,10.7,0.147,4.09,era5
2026-04-29,W0057,52.1221,10.5431,,0.0,9.2,11.5,0.101,10.9,0.147,4.03,era5
2026-04-30,W0057,52.1221,10.5431,,0.0,10.1,11.6,0.109,10.8,0.147,4.06,era5
2026-04-28,W0058,52.1221,10.5726,,0.0,10.0,12.0,0.109,10.7,0.147,4.09,era5
2026-04-29,W0058,52.1221,10.5726,,0.0,9.2,11.5,0.101,10.9,0.147,4.03,era5
2026-04-30,W0058,52.1221,10.5726,,0.0,10.1,11.6,0.109,10.8,0.147,4.06,era5
2026-04-28,W0059,52.1221,10.6612,,0.0,10.0,12.0,0.109,10.7,0.147,4.09,era5
2026-04-29,W0059,52.1221,10.6612,,0.0,9.2,11.5,0.101,10.9,0.147,4.03,era5
2026-04-30,W0059,52.1221,10.6612,,0.0,10.1,11.6,0.109,10.8,0.147,4.06,era5
2026-04-28,W0060,52.1221,10.6908,,0.0,9.1,10.5,0.139,9.7,0.184,3.78,era5
2026-04-29,W0060,52.1221,10.6908,,0.0,8.5,10.2,0.124,9.7,0.176,3.82,era5
2026-04-30,W0060,52.1221,10.6908,,0.0,9.5,10.5,0.114,9.6,0.17,3.84,era5
2026-04-28,W0061,52.1221,10.9861,,0.0,9.2,10.7,0.141,9.9,0.181,3.87,era5
2026-04-29,W0061,52.1221,10.9861,,0.0,8.7,10.4,0.126,9.9,0.174,3.95,era5
2026-04-30,W0061,52.1221,10.9861,,0.0,9.7,10.6,0.114,9.8,0.168,3.82,era5
2026-04-28,W0062,52.1221,11.0157,,0.0,9.2,10.7,0.141,9.9,0.181,3.87,era5
2026-04-29,W0062,52.1221,11.0157,,0.0,8.7,10.4,0.126,9.9,0.174,3.95,era5
2026-04-30,W0062,52.1221,11.0157,,0.0,9.7,10.6,0.114,9.8,0.168,3.82,era5
2026-04-28,W0063,52.1221,11.0452,,0.0,9.2,10.6,0.146,9.8,0.181,3.82,era5
2026-04-29,W0063,52.1221,11.0452,,0.0,8.6,10.3,0.132,9.8,0.174,3.87,era5
2026-04-30,W0063,52.1221,11.0452,,0.0,9.7,10.3,0.12,9.6,0.167,3.78,era5
2026-04-28,W0064,52.1401,10.1,,0.0,10.5,11.9,0.111,10.5,0.15,4.27,era5
2026-04-29,W0064,52.1401,10.1,,0.0,9.4,11.3,0.106,10.7,0.15,4.14,era5
2026-04-30,W0064,52.1401,10.1,,0.0,10.1,10.9,0.117,10.5,0.15,4.18,era5
2026-04-28,W0065,52.1401,10.1295,,0.0,10.5,11.9,0.111,10.5,0.15,4.27,era5
2026-04-29,W0065,52.1401,10.1295,,0.0,9.4,11.3,0.106,10.7,0.15,4.13,era5
2026-04-30,W0065,52.1401,10.1295,,0.0,10.1,10.9,0.117,10.5,0.15,4.17,era5
2026-04-28,W0066,52.1401,10.1591,,0.0,10.5,11.9,0.111,10.5,0.15,4.27,era5
2026-04-29,W0066,52.1401,10.1591,,0.0,9.4,11.3,0.106,10.7,0.15,4.14,era5
2026-04-30,W0066,52.1401,10.1591,,0.0,10.1,10.9,0.117,10.5,0.15,4.18,era5
2026-04-28,W0067,52.1401,10.1886,,0.0,10.5,11.9,0.111,10.5,0.15,4.27,era5
2026-04-29,W0067,52.1401,10.1886,,0.0,9.4,11.3,0.106,10.7,0.15,4.13,era5
2026-04-30,W0067,52.1401,10.1886,,0.0,10.1,10.9,0.117,10.5,0.15,4.17,era5
2026-04-28,W0068,52.1401,10.2182,,0.0,10.6,12.4,0.101,10.9,0.148,4.3,era5
2026-04-29,W0068,52.1401,10.2182,,0.0,9.6,11.8,0.098,11.1,0.148,4.15,era5
2026-04-30,W0068,52.1401,10.2182,,0.0,10.3,11.4,0.112,10.9,0.148,4.18,era5
2026-04-28,W0069,52.1401,10.3658,,0.0,10.6,12.7,0.097,11.2,0.15,4.21,era5
2026-04-29,W0069,52.1401,10.3658,,0.0,9.6,11.9,0.096,11.3,0.15,4.09,era5
2026-04-30,W0069,52.1401,10.3658,,0.0,10.3,11.6,0.11,11.0,0.15,4.1,era5
2026-04-28,W0070,52.1401,10.484,,0.0,10.6,12.7,0.097,11.2,0.15,4.21,era5
2026-04-29,W0070,52.1401,10.484,,0.0,9.6,11.9,0.096,11.3,0.15,4.09,era5
2026-04-30,W0070,52.1401,10.484,,0.0,10.3,11.6,0.11,11.0,0.15,4.1,era5
2026-04-28,W0071,52.1401,10.5135,,0.0,10.6,12.7,0.097,11.2,0.15,4.21,era5
2026-04-29,W0071,52.1401,10.5135,,0.0,9.6,11.9,0.096,11.3,0.15,4.09,era5
2026-04-30,W0071,52.1401,10.5135,,0.0,10.3,11.6,0.11,11.0,0.15,4.1,era5
2026-04-28,W0072,52.1401,10.5431,,0.0,10.0,12.0,0.109,10.7,0.147,4.09,era5
2026-04-29,W0072,52.1401,10.5431,,0.0,9.2,11.5,0.101,10.9,0.147,4.03,era5
2026-04-30,W0072,52.1401,10.5431,,0.0,10.1,11.6,0.109,10.8,0.147,4.06,era5
2026-04-28,W0073,52.1401,10.5726,,0.0,10.0,12.0,0.109,10.7,0.147,4.09,era5
2026-04-29,W0073,52.1401,10.5726,,0.0,9.2,11.5,0.101,10.9,0.147,4.03,era5
2026-04-30,W0073,52.1401,10.5726,,0.0,10.1,11.6,0.109,10.8,0.147,4.06,era5
2026-04-28,W0074,52.1401,10.6317,,0.0,9.4,11.3,0.109,10.0,0.147,3.99,era5
2026-04-29,W0074,52.1401,10.6317,,0.0,8.5,10.9,0.101,10.2,0.147,3.93,era5
2026-04-30,W0074,52.1401,10.6317,,0.0,9.4,10.9,0.109,10.1,0.147,3.98,era5
2026-04-28,W0075,52.1401,10.6612,,0.0,9.3,11.2,0.109,10.0,0.147,3.98,era5
2026-04-29,W0075,52.1401,10.6612,,0.0,8.4,10.8,0.101,10.1,0.147,3.92,era5
2026-04-30,W0075,52.1401,10.6612,,0.0,9.3,10.8,0.109,10.0,0.147,3.97,era5
2026-04-28,W0076,52.1401,10.6908,,0.0,9.1,10.5,0.139,9.7,0.184,3.77,era5
2026-04-29,W0076,52.1401,10.6908,,0.0,8.5,10.2,0.124,9.7,0.176,3.81,era5
2026-04-30,W0076,52.1401,10.6908,,0.0,9.5,10.5,0.114,9.6,0.17,3.83,era5
2026-04-28,W0077,52.1401,10.7203,,0.0,9.1,10.5,0.139,9.7,0.184,3.78,era5
2026-04-29,W0077,52.1401,10.7203,,0.0,8.5,10.2,0.124,9.7,0.176,3.81,era5
2026-04-30,W0077,52.1401,10.7203,,0.0,9.5,10.5,0.114,9.6,0.17,3.83,era5
2026-04-28,W0078,52.1401,10.868,,0.0,9.2,10.7,0.141,9.9,0.181,3.88,era5
2026-04-29,W0078,52.1401,10.868,,0.0,8.7,10.4,0.126,9.9,0.174,3.96,era5
2026-04-30,W0078,52.1401,10.868,,0.0,9.7,10.6,0.114,9.8,0.168,3.83,era5
2026-04-28,W0079,52.1401,10.8975,,0.0,9.2,10.7,0.141,9.9,0.181,3.88,era5
2026-04-29,W0079,52.1401,10.8975,,0.0,8.7,10.4,0.126,9.9,0.174,3.96,era5
2026-04-30,W0079,52.1401,10.8975,,0.0,9.7,10.6,0.114,9.8,0.168,3.83,era5
2026-04-28,W0080,52.1401,10.9271,,0.0,8.5,10.0,0.141,9.2,0.181,3.78,era5
2026-04-29,W0080,52.1401,10.9271,,0.0,8.0,9.7,0.126,9.2,0.174,3.85,era5
2026-04-30,W0080,52.1401,10.9271,,0.0,9.0,9.9,0.114,9.1,0.168,3.74,era5
2026-04-28,W0081,52.1401,10.9566,,0.0,9.2,10.7,0.141,9.9,0.181,3.88,era5
2026-04-29,W0081,52.1401,10.9566,,0.0,8.7,10.4,0.126,9.9,0.174,3.96,era5
2026-04-30,W0081,52.1401,10.9566,,0.0,9.7,10.6,0.114,9.8,0.168,3.83,era5
2026-04-28,W0082,52.1401,11.0452,,0.0,9.2,10.6,0.146,9.8,0.181,3.82,era5
2026-04-29,W0082,52.1401,11.0452,,0.0,8.6,10.3,0.132,9.8,0.174,3.87,era5
2026-04-30,W0082,52.1401,11.0452,,0.0,9.7,10.3,0.12,9.6,0.167,3.78,era5
2026-04-28,W0083,52.1581,10.3658,,0.0,10.7,12.5,0.109,11.1,0.148,4.32,era5
2026-04-29,W0083,52.1581,10.3658,,0.0,9.8,12.1,0.104,11.3,0.147,4.17,era5
2026-04-30,W0083,52.1581,10.3658,,0.0,10.7,12.5,0.097,11.3,0.147,4.25,era5
2026-04-28,W0084,52.1581,10.3954,,0.0,10.6,12.7,0.097,11.2,0.15,4.21,era5
2026-04-29,W0084,52.1581,10.3954,,0.0,9.6,11.9,0.096,11.3,0.15,4.09,era5
2026-04-30,W0084,52.1581,10.3954,,0.0,10.3,11.6,0.11,11.0,0.15,4.1,era5
2026-04-28,W0085,52.1581,10.4249,,0.0,10.6,12.7,0.097,11.2,0.15,4.21,era5
2026-04-29,W0085,52.1581,10.4249,,0.0,9.6,11.9,0.096,11.3,0.15,4.09,era5
2026-04-30,W0085,52.1581,10.4249,,0.0,10.3,11.6,0.11,11.0,0.15,4.1,era5
2026-04-28,W0086,52.1581,10.484,,0.0,10.6,13.1,0.089,11.5,0.148,4.27,era5
2026-04-29,W0086,52.1581,10.484,,0.0,9.8,12.4,0.083,11.6,0.148,4.12,era5
2026-04-30,W0086,52.1581,10.484,,0.0,10.9,12.8,0.089,11.6,0.147,4.18,era5
2026-04-28,W0087,52.1581,10.5135,,0.0,10.6,13.1,0.089,11.5,0.148,4.27,era5
2026-04-29,W0087,52.1581,10.5135,,0.0,9.8,12.4,0.083,11.6,0.148,4.12,era5
2026-04-30,W0087,52.1581,10.5135,,0.0,10.9,12.8,0.089,11.6,0.147,4.18,era5
2026-04-28,W0088,52.1581,10.5431,,0.0,10.0,12.0,0.109,10.7,0.147,4.09,era5
2026-04-29,W0088,52.1581,10.5431,,0.0,9.2,11.5,0.101,10.9,0.147,4.03,era5
2026-04-30,W0088,52.1581,10.5431,,0.0,10.1,11.6,0.109,10.8,0.147,4.06,era5
2026-04-28,W0089,52.1581,10.6317,,0.0,9.8,11.3,0.121,10.1,0.154,4.01,era5
2026-04-29,W0089,52.1581,10.6317,,0.0,9.1,11.1,0.11,10.4,0.146,3.96,era5
2026-04-30,W0089,52.1581,10.6317,,0.0,10.2,11.3,0.114,10.4,0.146,4.02,era5
2026-04-28,W0090,52.1581,10.8384,,0.0,9.1,10.0,0.154,9.1,0.197,3.85,era5
2026-04-29,W0090,52.1581,10.8384,,0.0,8.6,9.7,0.141,9.2,0.19,3.86,era5
2026-04-30,W0090,52.1581,10.8384,,0.0,9.8,9.8,0.131,9.1,0.185,3.92,era5
2026-04-28,W0091,52.1581,10.868,,0.0,8.4,9.9,0.141,9.1,0.181,3.77,era5
2026-04-29,W0091,52.1581,10.868,,0.0,7.9,9.6,0.126,9.1,0.174,3.85,era5
2026-04-30,W0091,52.1581,10.868,,0.0,8.9,9.8,0.114,9.1,0.168,3.74,era5
2026-04-28,W0092,52.1581,10.8975,,0.0,8.2,9.7,0.141,8.9,0.181,3.74,era5
2026-04-29,W0092,52.1581,10.8975,,0.0,7.7,9.4,0.126,8.9,0.174,3.82,era5
2026-04-30,W0092,52.1581,10.8975,,0.0,8.7,9.6,0.114,8.9,0.168,3.71,era5
2026-04-28,W0093,52.1581,10.9271,,0.0,8.5,9.9,0.141,9.1,0.181,3.77,era5
2026-04-29,W0093,52.1581,10.9271,,0.0,7.9,9.6,0.126,9.1,0.174,3.85,era5
2026-04-30,W0093,52.1581,10.9271,,0.0,8.9,9.8,0.114,9.1,0.168,3.74,era5
2026-04-28,W0094,52.1581,10.9566,,0.0,9.2,10.7,0.141,9.9,0.181,3.87,era5
2026-04-29,W0094,52.1581,10.9566,,0.0,8.7,10.4,0.126,9.9,0.174,3.95,era5
2026-04-30,W0094,52.1581,10.9566,,0.0,9.7,10.6,0.114,9.8,0.168,3.82,era5
2026-04-28,W0095,52.1581,10.9861,,0.0,9.3,10.9,0.137,10.0,0.18,3.93,era5
2026-04-29,W0095,52.1581,10.9861,,0.0,8.8,10.7,0.118,10.1,0.17,3.94,era5
2026-04-30,W0095,52.1581,10.9861,,0.0,10.0,11.1,0.108,10.1,0.164,3.92,era5
2026-04-28,W0096,52.1581,11.0157,,0.0,9.3,10.9,0.137,10.0,0.18,3.94,era5
2026-04-29,W0096,52.1581,11.0157,,0.0,8.8,10.7,0.118,10.1,0.17,3.94,era5
2026-04-30,W0096,52.1581,11.0157,,0.0,10.0,11.1,0.108,10.1,0.164,3.92,era5
2026-04-28,W0097,52.1581,11.0452,,0.0,9.2,10.6,0.146,9.8,0.181,3.82,era5
2026-04-29,W0097,52.1581,11.0452,,0.0,8.6,10.3,0.132,9.8,0.174,3.87,era5
2026-04-30,W0097,52.1581,11.0452,,0.0,9.7,10.3,0.12,9.6,0.167,3.78,era5
2026-04-28,W0098,52.1581,11.1043,,0.0,9.2,10.6,0.146,9.8,0.181,3.83,era5
2026-04-29,W0098,52.1581,11.1043,,0.0,8.6,10.3,0.132,9.8,0.174,3.88,era5
2026-04-30,W0098,52.1581,11.1043,,0.0,9.7,10.3,0.12,9.6,0.167,3.79,era5
2026-04-28,W0099,52.1761,10.2182,,0.0,10.6,12.4,0.101,10.9,0.148,4.3,era5
2026-04-29,W0099,52.1761,10.2182,,0.0,9.6,11.8,0.098,11.1,0.148,4.15,era5
2026-04-30,W0099,52.1761,10.2182,,0.0,10.3,11.4,0.112,10.9,0.148,4.18,era5
2026-04-28,W0100,52.1761,10.3658,,0.0,10.7,12.5,0.109,11.1,0.148,4.32,era5
2026-04-29,W0100,52.1761,10.3658,,0.0,9.8,12.1,0.104,11.3,0.147,4.17,era5
2026-04-30,W0100,52.1761,10.3658,,0.0,10.7,12.5,0.097,11.3,0.147,4.25,era5
2026-04-28,W0101,52.1761,10.4249,,0.0,10.6,13.1,0.089,11.5,0.148,4.27,era5
2026-04-29,W0101,52.1761,10.4249,,0.0,9.8,12.4,0.083,11.6,0.148,4.12,era5
2026-04-30,W0101,52.1761,10.4249,,0.0,10.9,12.8,0.089,11.6,0.147,4.18,era5
2026-04-28,W0102,52.1761,10.4545,,0.0,10.6,13.1,0.089,11.5,0.148,4.28,era5
2026-04-29,W0102,52.1761,10.4545,,0.0,9.8,12.4,0.083,11.6,0.148,4.12,era5
2026-04-30,W0102,52.1761,10.4545,,0.0,10.9,12.8,0.089,11.6,0.147,4.18,era5
2026-04-28,W0103,52.1761,10.484,,0.0,10.6,13.1,0.089,11.5,0.148,4.27,era5
2026-04-29,W0103,52.1761,10.484,,0.0,9.8,12.4,0.083,11.6,0.148,4.12,era5
2026-04-30,W0103,52.1761,10.484,,0.0,10.9,12.8,0.089,11.6,0.147,4.18,era5
2026-04-28,W0104,52.1761,10.5431,,0.0,10.0,12.0,0.109,10.7,0.147,4.09,era5
2026-04-29,W0104,52.1761,10.5431,,0.0,9.2,11.5,0.101,10.9,0.147,4.03,era5
2026-04-30,W0104,52.1761,10.5431,,0.0,10.1,11.6,0.109,10.8,0.147,4.06,era5
2026-04-28,W0105,52.1761,10.7794,,0.0,9.1,10.0,0.154,9.1,0.197,3.85,era5
2026-04-29,W0105,52.1761,10.7794,,0.0,8.6,9.7,0.141,9.2,0.19,3.86,era5
2026-04-30,W0105,52.1761,10.7794,,0.0,9.8,9.8,0.131,9.1,0.185,3.92,era5
2026-04-28,W0106,52.1761,10.8089,,0.0,9.1,10.0,0.154,9.1,0.197,3.85,era5
2026-04-29,W0106,52.1761,10.8089,,0.0,8.6,9.7,0.141,9.2,0.19,3.86,era5
2026-04-30,W0106,52.1761,10.8089,,0.0,9.8,9.8,0.131,9.1,0.185,3.92,era5
2026-04-28,W0107,52.1761,10.8384,,0.0,9.1,10.0,0.154,9.1,0.197,3.85,era5
2026-04-29,W0107,52.1761,10.8384,,0.0,8.6,9.7,0.141,9.2,0.19,3.86,era5
2026-04-30,W0107,52.1761,10.8384,,0.0,9.8,9.8,0.131,9.1,0.185,3.92,era5
2026-04-28,W0108,52.1761,10.868,,0.0,9.1,10.0,0.154,9.1,0.197,3.85,era5
2026-04-29,W0108,52.1761,10.868,,0.0,8.6,9.7,0.141,9.2,0.19,3.86,era5
2026-04-30,W0108,52.1761,10.868,,0.0,9.8,9.8,0.131,9.1,0.185,3.92,era5
2026-04-28,W0109,52.1761,10.8975,,0.0,9.2,10.7,0.141,9.9,0.181,3.88,era5
2026-04-29,W0109,52.1761,10.8975,,0.0,8.7,10.4,0.126,9.9,0.174,3.96,era5
2026-04-30,W0109,52.1761,10.8975,,0.0,9.7,10.6,0.114,9.8,0.168,3.83,era5
2026-04-28,W0110,52.1761,10.9271,,0.0,9.3,10.9,0.137,10.0,0.18,3.94,era5
2026-04-29,W0110,52.1761,10.9271,,0.0,8.8,10.7,0.118,10.1,0.17,3.94,era5
2026-04-30,W0110,52.1761,10.9271,,0.0,10.0,11.1,0.108,10.1,0.164,3.92,era5
2026-04-28,W0111,52.1761,10.9566,,0.0,9.3,10.9,0.137,10.0,0.18,3.93,era5
2026-04-29,W0111,52.1761,10.9566,,0.0,8.8,10.7,0.118,10.1,0.17,3.93,era5
2026-04-30,W0111,52.1761,10.9566,,0.0,10.0,11.1,0.108,10.1,0.164,3.92,era5
2026-04-28,W0112,52.1761,10.9861,,0.0,9.3,10.9,0.137,10.0,0.18,3.93,era5
2026-04-29,W0112,52.1761,10.9861,,0.0,8.8,10.7,0.118,10.1,0.17,3.93,era5
2026-04-30,W0112,52.1761,10.9861,,0.0,10.0,11.1,0.108,10.1,0.164,3.91,era5
2026-04-28,W0113,52.1761,11.0157,,0.0,9.3,10.9,0.137,10.0,0.18,3.93,era5
2026-04-29,W0113,52.1761,11.0157,,0.0,8.8,10.7,0.118,10.1,0.17,3.93,era5
2026-04-30,W0113,52.1761,11.0157,,0.0,10.0,11.1,0.108,10.1,0.164,3.92,era5
2026-04-28,W0114,52.1761,11.0452,,0.0,9.2,10.6,0.146,9.8,0.181,3.82,era5
2026-04-29,W0114,52.1761,11.0452,,0.0,8.6,10.3,0.132,9.8,0.174,3.87,era5
2026-04-30,W0114,52.1761,11.0452,,0.0,9.7,10.3,0.12,9.6,0.167,3.78,era5
2026-04-28,W0115,52.1761,11.1043,,0.0,9.2,10.7,0.142,9.9,0.176,3.93,era5
2026-04-29,W0115,52.1761,11.1043,,0.0,8.6,10.4,0.128,9.9,0.169,3.87,era5
2026-04-30,W0115,52.1761,11.1043,,0.0,9.9,10.5,0.121,9.8,0.167,3.85,era5
2026-04-28,W0116,52.1941,10.1,,0.0,10.7,12.4,0.109,11.0,0.157,4.33,era5
2026-04-29,W0116,52.1941,10.1,,0.0,9.7,12.0,0.106,11.2,0.15,4.2,era5
2026-04-30,W0116,52.1941,10.1,,0.0,10.5,11.9,0.106,11.1,0.15,4.26,era5
2026-04-28,W0117,52.1941,10.3068,,0.0,10.7,12.5,0.109,11.1,0.148,4.32,era5
2026-04-29,W0117,52.1941,10.3068,,0.0,9.8,12.1,0.104,11.3,0.147,4.17,era5
2026-04-30,W0117,52.1941,10.3068,,0.0,10.7,12.5,0.097,11.3,0.147,4.25,era5
2026-04-28,W0118,52.1941,10.3363,,0.0,10.7,12.5,0.109,11.1,0.148,4.32,era5
2026-04-29,W0118,52.1941,10.3363,,0.0,9.8,12.1,0.104,11.3,0.147,4.17,era5
2026-04-30,W0118,52.1941,10.3363,,0.0,10.7,12.5,0.097,11.3,0.147,4.25,era5
2026-04-28,W0119,52.1941,10.5431,,0.0,10.6,13.1,0.089,11.5,0.148,4.28,era5
2026-04-29,W0119,52.1941,10.5431,,0.0,9.8,12.4,0.083,11.6,0.148,4.12,era5
2026-04-30,W0119,52.1941,10.5431,,0.0,10.9,12.8,0.089,11.6,0.147,4.18,era5
2026-04-28,W0120,52.1941,10.6317,,0.0,9.8,11.3,0.121,10.1,0.154,4.01,era5
2026-04-29,W0120,52.1941,10.6317,,0.0,9.1,11.1,0.11,10.4,0.146,3.96,era5
2026-04-30,W0120,52.1941,10.6317,,0.0,10.2,11.3,0.114,10.4,0.146,4.02,era5
2026-04-28,W0121,52.1941,10.6908,,0.0,9.8,11.3,0.121,10.1,0.154,4.01,era5
2026-04-29,W0121,52.1941,10.6908,,0.0,9.1,11.1,0.11,10.4,0.146,3.97,era5
2026-04-30,W0121,52.1941,10.6908,,0.0,10.2,11.3,0.114,10.4,0.146,4.02,era5
2026-04-28,W0122,52.1941,10.7203,,0.0,9.1,10.0,0.154,9.1,0.197,3.85,era5
2026-04-29,W0122,52.1941,10.7203,,0.0,8.6,9.7,0.141,9.2,0.19,3.86,era5
2026-04-30,W0122,52.1941,10.7203,,0.0,9.8,9.8,0.131,9.1,0.185,3.91,era5
2026-04-28,W0123,52.1941,10.7498,,0.0,7.9,8.8,0.154,7.9,0.197,3.69,era5
2026-04-29,W0123,52.1941,10.7498,,0.0,7.4,8.5,0.141,8.0,0.19,3.7,era5
2026-04-30,W0123,52.1941,10.7498,,0.0,8.6,8.6,0.131,7.9,0.185,3.77,era5
2026-04-28,W0124,52.1941,10.7794,,0.0,8.3,9.2,0.154,8.3,0.197,3.74,era5
2026-04-29,W0124,52.1941,10.7794,,0.0,7.8,8.9,0.141,8.4,0.19,3.75,era5
2026-04-30,W0124,52.1941,10.7794,,0.0,9.0,9.0,0.131,8.3,0.185,3.82,era5
2026-04-28,W0125,52.1941,10.8089,,0.0,8.2,9.1,0.154,8.2,0.197,3.72,era5
2026-04-29,W0125,52.1941,10.8089,,0.0,7.7,8.7,0.141,8.3,0.19,3.73,era5
2026-04-30,W0125,52.1941,10.8089,,0.0,8.9,8.8,0.131,8.2,0.185,3.8,era5
2026-04-28,W0126,52.1941,10.8384,,0.0,9.1,10.0,0.154,9.1,0.197,3.85,era5
2026-04-29,W0126,52.1941,10.8384,,0.0,8.6,9.7,0.141,9.2,0.19,3.86,era5
2026-04-30,W0126,52.1941,10.8384,,0.0,9.8,9.8,0.131,9.1,0.185,3.92,era5
2026-04-28,W0127,52.1941,10.868,,0.0,9.1,10.0,0.154,9.1,0.197,3.84,era5
2026-04-29,W0127,52.1941,10.868,,0.0,8.6,9.7,0.141,9.2,0.19,3.85,era5
2026-04-30,W0127,52.1941,10.868,,0.0,9.8,9.8,0.131,9.1,0.185,3.91,era5
2026-04-28,W0128,52.1941,10.9271,,0.0,9.3,10.9,0.137,10.0,0.18,3.93,era5
2026-04-29,W0128,52.1941,10.9271,,0.0,8.8,10.7,0.118,10.1,0.17,3.93,era5
2026-04-30,W0128,52.1941,10.9271,,0.0,10.0,11.1,0.108,10.1,0.164,3.92,era5
2026-04-28,W0129,52.1941,10.9566,,0.0,9.3,10.9,0.137,10.0,0.18,3.93,era5
2026-04-29,W0129,52.1941,10.9566,,0.0,8.8,10.7,0.118,10.1,0.17,3.94,era5
2026-04-30,W0129,52.1941,10.9566,,0.0,10.0,11.1,0.108,10.1,0.164,3.92,era5
2026-04-28,W0130,52.1941,11.0452,,0.0,9.2,10.7,0.142,9.9,0.176,3.92,era5
2026-04-29,W0130,52.1941,11.0452,,0.0,8.6,10.4,0.128,9.9,0.169,3.87,era5
2026-04-30,W0130,52.1941,11.0452,,0.0,9.9,10.5,0.121,9.8,0.167,3.84,era5
2026-04-28,W0131,52.1941,11.0747,,0.0,9.2,10.7,0.142,9.9,0.176,3.92,era5
2026-04-29,W0131,52.1941,11.0747,,0.0,8.6,10.4,0.128,9.9,0.169,3.87,era5
2026-04-30,W0131,52.1941,11.0747,,0.0,9.9,10.5,0.121,9.8,0.167,3.85,era5
2026-04-28,W0132,52.1941,11.1043,,0.0,9.2,10.7,0.142,9.9,0.176,3.92,era5
2026-04-29,W0132,52.1941,11.1043,,0.0,8.6,10.4,0.128,9.9,0.169,3.87,era5
2026-04-30,W0132,52.1941,11.1043,,0.0,9.9,10.5,0.121,9.8,0.167,3.84,era5
2026-04-28,W0133,52.2122,10.3363,,0.0,10.7,12.5,0.109,11.1,0.148,4.32,era5
2026-04-29,W0133,52.2122,10.3363,,0.0,9.8,12.1,0.104,11.3,0.147,4.17,era5
2026-04-30,W0133,52.2122,10.3363,,0.0,10.7,12.5,0.097,11.3,0.147,4.25,era5
2026-04-28,W0134,52.2122,10.5431,,0.0,10.7,13.3,0.067,11.6,0.148,4.41,era5
2026-04-29,W0134,52.2122,10.5431,,0.0,10.2,12.8,0.059,11.7,0.148,4.31,era5
2026-04-30,W0134,52.2122,10.5431,,0.0,11.7,13.4,0.055,11.8,0.148,4.34,era5
2026-04-28,W0135,52.2122,10.5726,,0.0,9.8,11.3,0.121,10.1,0.154,4.01,era5
2026-04-29,W0135,52.2122,10.5726,,0.0,9.1,11.1,0.11,10.4,0.146,3.96,era5
2026-04-30,W0135,52.2122,10.5726,,0.0,10.2,11.3,0.114,10.4,0.146,4.02,era5
2026-04-28,W0136,52.2122,10.6021,,0.0,9.8,11.3,0.121,10.1,0.154,4.01,era5
2026-04-29,W0136,52.2122,10.6021,,0.0,9.1,11.1,0.11,10.4,0.146,3.96,era5
2026-04-30,W0136,52.2122,10.6021,,0.0,10.2,11.3,0.114,10.4,0.146,4.02,era5
2026-04-28,W0137,52.2122,10.7203,,0.0,8.4,9.2,0.154,8.4,0.197,3.74,era5
2026-04-29,W0137,52.2122,10.7203,,0.0,7.8,8.9,0.141,8.5,0.19,3.75,era5
2026-04-30,W0137,52.2122,10.7203,,0.0,9.1,9.0,0.131,8.3,0.185,3.82,era5
2026-04-28,W0138,52.2122,10.7498,,0.0,9.1,10.0,0.154,9.1,0.197,3.85,era5
2026-04-29,W0138,52.2122,10.7498,,0.0,8.6,9.7,0.141,9.2,0.19,3.86,era5
2026-04-30,W0138,52.2122,10.7498,,0.0,9.8,9.8,0.131,9.1,0.185,3.92,era5
2026-04-28,W0139,52.2122,10.7794,,0.0,8.1,8.9,0.154,8.1,0.197,3.7,era5
2026-04-29,W0139,52.2122,10.7794,,0.0,7.5,8.6,0.141,8.2,0.19,3.71,era5
2026-04-30,W0139,52.2122,10.7794,,0.0,8.8,8.7,0.131,8.0,0.185,3.78,era5
2026-04-28,W0140,52.2122,10.8089,,0.0,8.2,9.0,0.154,8.2,0.197,3.72,era5
2026-04-29,W0140,52.2122,10.8089,,0.0,7.6,8.7,0.141,8.3,0.19,3.73,era5
2026-04-30,W0140,52.2122,10.8089,,0.0,8.9,8.8,0.131,8.2,0.185,3.8,era5
2026-04-28,W0141,52.2122,10.8384,,0.0,9.1,10.0,0.154,9.1,0.197,3.85,era5
2026-04-29,W0141,52.2122,10.8384,,0.0,8.6,9.7,0.141,9.2,0.19,3.86,era5
2026-04-30,W0141,52.2122,10.8384,,0.0,9.8,9.8,0.131,9.1,0.185,3.92,era5
2026-04-28,W0142,52.2122,10.8975,,0.0,9.3,10.9,0.137,10.0,0.18,3.94,era5
2026-04-29,W0142,52.2122,10.8975,,0.0,8.8,10.7,0.118,10.1,0.17,3.94,era5
2026-04-30,W0142,52.2122,10.8975,,0.0,10.0,11.1,0.108,10.1,0.164,3.92,era5
2026-04-28,W0143,52.2122,10.9271,,0.0,9.3,10.9,0.137,10.0,0.18,3.93,era5
2026-04-29,W0143,52.2122,10.9271,,0.0,8.8,10.7,0.118,10.1,0.17,3.93,era5
2026-04-30,W0143,52.2122,10.9271,,0.0,10.0,11.1,0.108,10.1,0.164,3.92,era5
2026-04-28,W0144,52.2122,10.9566,,0.0,9.3,10.9,0.137,10.0,0.18,3.94,era5
2026-04-29,W0144,52.2122,10.9566,,0.0,8.8,10.7,0.118,10.1,0.17,3.94,era5
2026-04-30,W0144,52.2122,10.9566,,0.0,10.0,11.1,0.108,10.1,0.164,3.92,era5
2026-04-28,W0145,52.2122,10.9861,,0.0,9.3,10.9,0.137,10.0,0.18,3.93,era5
2026-04-29,W0145,52.2122,10.9861,,0.0,8.8,10.7,0.118,10.1,0.17,3.93,era5
2026-04-30,W0145,52.2122,10.9861,,0.0,10.0,11.1,0.108,10.1,0.164,3.92,era5
2026-04-28,W0146,52.2122,11.0157,,0.0,9.3,10.9,0.137,10.0,0.18,3.93,era5
2026-04-29,W0146,52.2122,11.0157,,0.0,8.8,10.7,0.118,10.1,0.17,3.93,era5
2026-04-30,W0146,52.2122,11.0157,,0.0,10.0,11.1,0.108,10.1,0.164,3.91,era5
2026-04-28,W0147,52.2122,11.0452,,0.0,9.2,10.7,0.142,9.9,0.176,3.92,era5
2026-04-29,W0147,52.2122,11.0452,,0.0,8.6,10.4,0.128,9.9,0.169,3.87,era5
2026-04-30,W0147,52.2122,11.0452,,0.0,9.9,10.5,0.121,9.8,0.167,3.84,era5
2026-04-28,W0148,52.2122,11.0747,,0.0,9.2,10.7,0.142,9.9,0.176,3.92,era5
2026-04-29,W0148,52.2122,11.0747,,0.0,8.6,10.4,0.128,9.9,0.169,3.87,era5
2026-04-30,W0148,52.2122,11.0747,,0.0,9.9,10.5,0.121,9.8,0.167,3.84,era5
2026-04-28,W0149,52.2122,11.1043,,0.0,9.2,10.7,0.142,9.9,0.176,3.92,era5
2026-04-29,W0149,52.2122,11.1043,,0.0,8.6,10.4,0.128,9.9,0.169,3.87,era5
2026-04-30,W0149,52.2122,11.1043,,0.0,9.9,10.5,0.121,9.8,0.167,3.84,era5
2026-04-28,W0150,52.2122,11.1338,,0.0,9.2,10.7,0.142,9.9,0.176,3.92,era5
2026-04-29,W0150,52.2122,11.1338,,0.0,8.6,10.4,0.128,9.9,0.169,3.86,era5
2026-04-30,W0150,52.2122,11.1338,,0.0,9.9,10.5,0.121,9.8,0.167,3.84,era5
2026-04-28,W0151,52.2302,10.5431,,0.0,10.7,13.3,0.067,11.6,0.148,4.41,era5
2026-04-29,W0151,52.2302,10.5431,,0.0,10.2,12.8,0.059,11.7,0.148,4.31,era5
2026-04-30,W0151,52.2302,10.5431,,0.0,11.7,13.4,0.055,11.8,0.148,4.34,era5
2026-04-28,W0152,52.2302,10.5726,,0.0,9.8,11.3,0.121,10.1,0.154,4.01,era5
2026-04-29,W0152,52.2302,10.5726,,0.0,9.1,11.1,0.11,10.4,0.146,3.96,era5
2026-04-30,W0152,52.2302,10.5726,,0.0,10.2,11.3,0.114,10.4,0.146,4.02,era5
2026-04-28,W0153,52.2302,10.6021,,0.0,9.8,11.3,0.121,10.1,0.154,4.01,era5
2026-04-29,W0153,52.2302,10.6021,,0.0,9.1,11.1,0.11,10.4,0.146,3.96,era5
2026-04-30,W0153,52.2302,10.6021,,0.0,10.2,11.3,0.114,10.4,0.146,4.02,era5
2026-04-28,W0154,52.2302,10.6317,,0.0,9.8,11.3,0.121,10.1,0.154,4.01,era5
2026-04-29,W0154,52.2302,10.6317,,0.0,9.1,11.1,0.11,10.4,0.146,3.96,era5
2026-04-30,W0154,52.2302,10.6317,,0.0,10.2,11.3,0.114,10.4,0.146,4.02,era5
2026-04-28,W0155,52.2302,10.6612,,0.0,9.9,11.8,0.113,10.5,0.148,4.17,era5
2026-04-29,W0155,52.2302,10.6612,,0.0,9.3,11.7,0.103,10.8,0.148,4.07,era5
2026-04-30,W0155,52.2302,10.6612,,0.0,10.7,12.3,0.097,10.9,0.148,4.13,era5
2026-04-28,W0156,52.2302,10.7203,,0.0,9.1,10.0,0.154,9.1,0.197,3.85,era5
2026-04-29,W0156,52.2302,10.7203,,0.0,8.6,9.7,0.141,9.2,0.19,3.86,era5
2026-04-30,W0156,52.2302,10.7203,,0.0,9.8,9.8,0.131,9.1,0.185,3.91,era5
2026-04-28,W0157,52.2302,10.7498,,0.0,8.4,9.3,0.154,8.4,0.197,3.75,era5
2026-04-29,W0157,52.2302,10.7498,,0.0,7.9,9.0,0.141,8.5,0.19,3.76,era5
2026-04-30,W0157,52.2302,10.7498,,0.0,9.1,9.1,0.131,8.4,0.185,3.83,era5
2026-04-28,W0158,52.2302,10.7794,,0.0,8.2,9.1,0.154,8.2,0.197,3.72,era5
2026-04-29,W0158,52.2302,10.7794,,0.0,7.7,8.8,0.141,8.3,0.19,3.73,era5
2026-04-30,W0158,52.2302,10.7794,,0.0,8.9,8.9,0.131,8.2,0.185,3.8,era5
2026-04-28,W0159,52.2302,10.8089,,0.0,9.1,10.0,0.154,9.1,0.197,3.85,era5
2026-04-29,W0159,52.2302,10.8089,,0.0,8.6,9.7,0.141,9.2,0.19,3.86,era5
2026-04-30,W0159,52.2302,10.8089,,0.0,9.8,9.8,0.131,9.1,0.185,3.92,era5
2026-04-28,W0160,52.2302,10.8384,,0.0,9.1,9.8,0.181,9.2,0.235,3.78,era5
2026-04-29,W0160,52.2302,10.8384,,0.0,8.4,9.3,0.162,9.1,0.226,3.67,era5
2026-04-30,W0160,52.2302,10.8384,,0.0,9.7,9.6,0.148,8.9,0.219,3.82,era5
2026-04-28,W0161,52.2302,11.0157,,0.0,9.3,10.5,0.153,9.6,0.19,3.97,era5
2026-04-29,W0161,52.2302,11.0157,,0.0,8.7,10.1,0.141,9.6,0.185,3.81,era5
2026-04-30,W0161,52.2302,11.0157,,0.0,10.2,10.4,0.127,9.6,0.178,3.93,era5
2026-04-28,W0162,52.2302,11.0452,,0.0,9.3,10.5,0.153,9.6,0.19,3.98,era5
2026-04-29,W0162,52.2302,11.0452,,0.0,8.7,10.1,0.141,9.6,0.185,3.81,era5
2026-04-30,W0162,52.2302,11.0452,,0.0,10.2,10.4,0.127,9.6,0.178,3.94,era5
2026-04-28,W0163,52.2302,11.0747,,0.0,9.2,10.7,0.142,9.9,0.176,3.92,era5
2026-04-29,W0163,52.2302,11.0747,,0.0,8.6,10.4,0.128,9.9,0.169,3.87,era5
2026-04-30,W0163,52.2302,11.0747,,0.0,9.9,10.5,0.121,9.8,0.167,3.84,era5
2026-04-28,W0164,52.2302,11.1043,,0.0,9.2,10.7,0.142,9.9,0.176,3.92,era5
2026-04-29,W0164,52.2302,11.1043,,0.0,8.6,10.4,0.128,9.9,0.169,3.86,era5
2026-04-30,W0164,52.2302,11.1043,,0.0,9.9,10.5,0.121,9.8,0.167,3.83,era5
2026-04-28,W0165,52.2482,10.1591,,0.0,10.9,13.3,0.085,11.9,0.145,4.51,era5
2026-04-29,W0165,52.2482,10.1591,,0.0,10.1,12.7,0.082,11.9,0.145,4.39,era5
2026-04-30,W0165,52.2482,10.1591,,0.0,11.1,12.9,0.076,11.8,0.145,4.36,era5
2026-04-28,W0166,52.2482,10.4545,,0.0,10.7,13.3,0.067,11.6,0.148,4.41,era5
2026-04-29,W0166,52.2482,10.4545,,0.0,10.2,12.8,0.059,11.7,0.148,4.31,era5
2026-04-30,W0166,52.2482,10.4545,,0.0,11.7,13.4,0.055,11.8,0.148,4.34,era5
2026-04-28,W0167,52.2482,10.5135,,0.0,10.7,13.3,0.067,11.6,0.148,4.41,era5
2026-04-29,W0167,52.2482,10.5135,,0.0,10.2,12.8,0.059,11.7,0.148,4.31,era5
2026-04-30,W0167,52.2482,10.5135,,0.0,11.7,13.4,0.055,11.8,0.148,4.34,era5
2026-04-28,W0168,52.2482,10.6317,,0.0,9.9,11.8,0.113,10.5,0.148,4.16,era5
2026-04-29,W0168,52.2482,10.6317,,0.0,9.3,11.7,0.103,10.8,0.148,4.06,era5
2026-04-30,W0168,52.2482,10.6317,,0.0,10.7,12.3,0.097,10.9,0.148,4.12,era5
2026-04-28,W0169,52.2482,10.6612,,0.0,9.9,11.8,0.113,10.5,0.148,4.17,era5
2026-04-29,W0169,52.2482,10.6612,,0.0,9.3,11.7,0.103,10.8,0.148,4.07,era5
2026-04-30,W0169,52.2482,10.6612,,0.0,10.7,12.3,0.097,10.9,0.148,4.13,era5
2026-04-28,W0170,52.2482,10.6908,,0.0,9.9,11.8,0.113,10.5,0.148,4.17,era5
2026-04-29,W0170,52.2482,10.6908,,0.0,9.3,11.7,0.103,10.8,0.148,4.07,era5
2026-04-30,W0170,52.2482,10.6908,,0.0,10.7,12.3,0.097,10.9,0.148,4.13,era5
2026-04-28,W0171,52.2482,10.7498,,0.0,9.1,9.8,0.181,9.2,0.235,3.78,era5
2026-04-29,W0171,52.2482,10.7498,,0.0,8.4,9.3,0.162,9.1,0.226,3.68,era5
2026-04-30,W0171,52.2482,10.7498,,0.0,9.7,9.6,0.148,8.9,0.219,3.83,era5
2026-04-28,W0172,52.2482,10.7794,,0.0,9.1,9.8,0.181,9.2,0.235,3.78,era5
2026-04-29,W0172,52.2482,10.7794,,0.0,8.4,9.3,0.162,9.1,0.226,3.68,era5
2026-04-30,W0172,52.2482,10.7794,,0.0,9.7,9.6,0.148,8.9,0.219,3.83,era5
2026-04-28,W0173,52.2482,10.8089,,0.0,9.1,9.8,0.181,9.2,0.235,3.77,era5
2026-04-29,W0173,52.2482,10.8089,,0.0,8.4,9.3,0.162,9.1,0.226,3.67,era5
2026-04-30,W0173,52.2482,10.8089,,0.0,9.7,9.6,0.148,8.9,0.219,3.82,era5
2026-04-28,W0174,52.2482,10.9566,,0.0,9.3,10.5,0.153,9.6,0.19,3.97,era5
2026-04-29,W0174,52.2482,10.9566,,0.0,8.7,10.1,0.141,9.6,0.185,3.81,era5
2026-04-30,W0174,52.2482,10.9566,,0.0,10.2,10.4,0.127,9.6,0.178,3.93,era5
2026-04-28,W0175,52.2482,10.9861,,0.0,9.3,10.5,0.153,9.6,0.19,3.97,era5
2026-04-29,W0175,52.2482,10.9861,,0.0,8.7,10.1,0.141,9.6,0.185,3.81,era5
2026-04-30,W0175,52.2482,10.9861,,0.0,10.2,10.4,0.127,9.6,0.178,3.93,era5
2026-04-28,W0176,52.2482,11.0157,,0.0,9.3,10.5,0.153,9.6,0.19,3.97,era5
2026-04-29,W0176,52.2482,11.0157,,0.0,8.7,10.1,0.141,9.6,0.185,3.81,era5
2026-04-30,W0176,52.2482,11.0157,,0.0,10.2,10.4,0.127,9.6,0.178,3.94,era5
2026-04-28,W0177,52.2482,11.0452,,0.0,9.3,10.5,0.153,9.6,0.19,3.98,era5
2026-04-29,W0177,52.2482,11.0452,,0.0,8.7,10.1,0.141,9.6,0.185,3.81,era5
2026-04-30,W0177,52.2482,11.0452,,0.0,10.2,10.4,0.127,9.6,0.178,3.94,era5
2026-04-28,W0178,52.2482,11.0747,,0.0,9.2,10.7,0.142,9.9,0.176,3.92,era5
2026-04-29,W0178,52.2482,11.0747,,0.0,8.6,10.4,0.128,9.9,0.169,3.87,era5
2026-04-30,W0178,52.2482,11.0747,,0.0,9.9,10.5,0.121,9.8,0.167,3.84,era5
2026-04-28,W0179,52.2482,11.1043,,0.0,9.2,10.4,0.15,9.6,0.179,3.96,era5
2026-04-29,W0179,52.2482,11.1043,,0.0,8.6,10.1,0.136,9.6,0.172,3.81,era5
2026-04-30,W0179,52.2482,11.1043,,0.0,10.2,10.7,0.116,9.6,0.16,3.92,era5
2026-04-28,W0180,52.2482,11.1338,,0.0,9.2,10.4,0.15,9.6,0.179,3.97,era5
2026-04-29,W0180,52.2482,11.1338,,0.0,8.6,10.1,0.136,9.6,0.172,3.82,era5
2026-04-30,W0180,52.2482,11.1338,,0.0,10.2,10.7,0.116,9.6,0.16,3.92,era5
2026-04-28,W0181,52.2662,10.1886,,0.0,10.9,13.3,0.085,11.9,0.145,4.51,era5
2026-04-29,W0181,52.2662,10.1886,,0.0,10.1,12.7,0.082,11.9,0.145,4.39,era5
2026-04-30,W0181,52.2662,10.1886,,0.0,11.1,12.9,0.076,11.8,0.145,4.36,era5
2026-04-28,W0182,52.2662,10.2477,,0.0,10.8,13.0,0.097,11.6,0.146,4.39,era5
2026-04-29,W0182,52.2662,10.2477,,0.0,10.0,12.5,0.093,11.7,0.146,4.24,era5
2026-04-30,W0182,52.2662,10.2477,,0.0,11.1,12.6,0.08,11.6,0.146,4.22,era5
2026-04-28,W0183,52.2662,10.2772,,0.0,10.8,13.0,0.097,11.6,0.146,4.39,era5
2026-04-29,W0183,52.2662,10.2772,,0.0,10.0,12.5,0.093,11.7,0.146,4.24,era5
2026-04-30,W0183,52.2662,10.2772,,0.0,11.1,12.6,0.08,11.6,0.146,4.22,era5
2026-04-28,W0184,52.2662,10.3068,,0.0,10.8,13.0,0.097,11.6,0.146,4.39,era5
2026-04-29,W0184,52.2662,10.3068,,0.0,10.0,12.5,0.093,11.7,0.146,4.24,era5
2026-04-30,W0184,52.2662,10.3068,,0.0,11.1,12.6,0.08,11.6,0.146,4.22,era5
2026-04-28,W0185,52.2662,10.6021,,0.0,9.9,11.8,0.113,10.5,0.148,4.16,era5
2026-04-29,W0185,52.2662,10.6021,,0.0,9.3,11.7,0.103,10.8,0.148,4.06,era5
2026-04-30,W0185,52.2662,10.6021,,0.0,10.7,12.3,0.097,10.9,0.148,4.13,era5
2026-04-28,W0186,52.2662,10.6317,,0.0,9.9,11.8,0.113,10.5,0.148,4.16,era5
2026-04-29,W0186,52.2662,10.6317,,0.0,9.3,11.7,0.103,10.8,0.148,4.06,era5
2026-04-30,W0186,52.2662,10.6317,,0.0,10.7,12.3,0.097,10.9,0.148,4.12,era5
2026-04-28,W0187,52.2662,10.6612,,0.0,9.9,11.8,0.113,10.5,0.148,4.16,era5
2026-04-29,W0187,52.2662,10.6612,,0.0,9.3,11.7,0.103,10.8,0.148,4.07,era5
2026-04-30,W0187,52.2662,10.6612,,0.0,10.7,12.3,0.097,10.9,0.148,4.13,era5
2026-04-28,W0188,52.2662,10.7203,,0.0,9.9,11.8,0.113,10.5,0.148,4.17,era5
2026-04-29,W0188,52.2662,10.7203,,0.0,9.3,11.7,0.103,10.8,0.148,4.07,era5
2026-04-30,W0188,52.2662,10.7203,,0.0,10.7,12.3,0.097,10.9,0.148,4.13,era5
2026-04-28,W0189,52.2662,10.868,,0.0,9.1,9.8,0.181,9.2,0.235,3.77,era5
2026-04-29,W0189,52.2662,10.868,,0.0,8.4,9.3,0.162,9.1,0.226,3.67,era5
2026-04-30,W0189,52.2662,10.868,,0.0,9.7,9.6,0.148,8.9,0.219,3.81,era5
2026-04-28,W0190,52.2662,10.8975,,0.0,9.3,10.5,0.153,9.6,0.19,3.97,era5
2026-04-29,W0190,52.2662,10.8975,,0.0,8.7,10.1,0.141,9.6,0.185,3.81,era5
2026-04-30,W0190,52.2662,10.8975,,0.0,10.2,10.4,0.127,9.6,0.178,3.94,era5
2026-04-28,W0191,52.2662,10.9566,,0.0,9.3,10.5,0.153,9.6,0.19,3.97,era5
2026-04-29,W0191,52.2662,10.9566,,0.0,8.7,10.1,0.141,9.6,0.185,3.81,era5
2026-04-30,W0191,52.2662,10.9566,,0.0,10.2,10.4,0.127,9.6,0.178,3.93,era5
2026-04-28,W0192,52.2662,10.9861,,0.0,9.3,10.5,0.153,9.6,0.19,3.97,era5
2026-04-29,W0192,52.2662,10.9861,,0.0,8.7,10.1,0.141,9.6,0.185,3.81,era5
2026-04-30,W0192,52.2662,10.9861,,0.0,10.2,10.4,0.127,9.6,0.178,3.94,era5
2026-04-28,W0193,52.2662,11.0157,,0.0,9.3,10.5,0.153,9.6,0.19,3.97,era5
2026-04-29,W0193,52.2662,11.0157,,0.0,8.7,10.1,0.141,9.6,0.185,3.81,era5
2026-04-30,W0193,52.2662,11.0157,,0.0,10.2,10.4,0.127,9.6,0.178,3.94,era5
2026-04-28,W0194,52.2662,11.0452,,0.0,9.3,10.5,0.153,9.6,0.19,3.97,era5
2026-04-29,W0194,52.2662,11.0452,,0.0,8.7,10.1,0.141,9.6,0.185,3.81,era5
2026-04-30,W0194,52.2662,11.0452,,0.0,10.2,10.4,0.127,9.6,0.178,3.94,era5
2026-04-28,W0195,52.2662,11.0747,,0.0,9.2,10.4,0.15,9.6,0.179,3.97,era5
2026-04-29,W0195,52.2662,11.0747,,0.0,8.6,10.1,0.136,9.6,0.172,3.82,era5
2026-04-30,W0195,52.2662,11.0747,,0.0,10.2,10.7,0.116,9.6,0.16,3.92,era5
2026-04-28,W0196,52.2662,11.1043,,0.0,9.2,10.4,0.15,9.6,0.179,3.97,era5
2026-04-29,W0196,52.2662,11.1043,,0.0,8.6,10.1,0.136,9.6,0.172,3.82,era5
2026-04-30,W0196,52.2662,11.1043,,0.0,10.2,10.7,0.116,9.6,0.16,3.92,era5
2026-04-28,W0197,52.2662,11.1338,,0.0,9.2,10.4,0.15,9.6,0.179,3.97,era5
2026-04-29,W0197,52.2662,11.1338,,0.0,8.6,10.1,0.136,9.6,0.172,3.82,era5
2026-04-30,W0197,52.2662,11.1338,,0.0,10.2,10.7,0.116,9.6,0.16,3.93,era5
2026-04-28,W0198,52.2842,10.1,,0.0,10.9,13.3,0.085,11.9,0.145,4.51,era5
2026-04-29,W0198,52.2842,10.1,,0.0,10.1,12.7,0.082,11.9,0.145,4.39,era5
2026-04-30,W0198,52.2842,10.1,,0.0,11.1,12.9,0.076,11.8,0.145,4.36,era5
2026-04-28,W0199,52.2842,10.1886,,0.0,10.9,13.3,0.085,11.9,0.145,4.51,era5
2026-04-29,W0199,52.2842,10.1886,,0.0,10.1,12.7,0.082,11.9,0.145,4.39,era5
2026-04-30,W0199,52.2842,10.1886,,0.0,11.1,12.9,0.076,11.8,0.145,4.36,era5
2026-04-28,W0200,52.2842,10.2477,,0.0,10.8,13.0,0.097,11.6,0.146,4.39,era5
2026-04-29,W0200,52.2842,10.2477,,0.0,10.0,12.5,0.093,11.7,0.146,4.24,era5
2026-04-30,W0200,52.2842,10.2477,,0.0,11.1,12.6,0.08,11.6,0.146,4.22,era5
2026-04-28,W0201,52.2842,10.3363,,0.0,10.8,13.0,0.097,11.6,0.146,4.39,era5
2026-04-29,W0201,52.2842,10.3363,,0.0,10.0,12.5,0.093,11.7,0.146,4.24,era5
2026-04-30,W0201,52.2842,10.3363,,0.0,11.1,12.6,0.08,11.6,0.146,4.22,era5
2026-04-28,W0202,52.2842,10.3658,,0.0,10.8,13.0,0.097,11.6,0.146,4.39,era5
2026-04-29,W0202,52.2842,10.3658,,0.0,10.0,12.5,0.093,11.7,0.146,4.24,era5
2026-04-30,W0202,52.2842,10.3658,,0.0,11.1,12.6,0.08,11.6,0.146,4.22,era5
2026-04-28,W0203,52.2842,10.3954,,0.0,10.8,13.2,0.088,11.7,0.137,4.43,era5
2026-04-29,W0203,52.2842,10.3954,,0.0,10.1,12.7,0.08,11.8,0.137,4.29,era5
2026-04-30,W0203,52.2842,10.3954,,0.0,11.3,13.0,0.068,11.7,0.137,4.2,era5
2026-04-28,W0204,52.2842,10.4545,,0.0,10.7,13.3,0.067,11.6,0.148,4.41,era5
2026-04-29,W0204,52.2842,10.4545,,0.0,10.2,12.8,0.059,11.7,0.148,4.31,era5
2026-04-30,W0204,52.2842,10.4545,,0.0,11.7,13.4,0.055,11.8,0.148,4.34,era5
2026-04-28,W0205,52.2842,10.5135,,0.0,10.7,13.3,0.067,11.6,0.148,4.41,era5
2026-04-29,W0205,52.2842,10.5135,,0.0,10.2,12.8,0.059,11.7,0.148,4.31,era5
2026-04-30,W0205,52.2842,10.5135,,0.0,11.7,13.4,0.055,11.8,0.148,4.34,era5
2026-04-28,W0206,52.2842,10.5431,,0.0,10.7,13.3,0.067,11.6,0.148,4.41,era5
2026-04-29,W0206,52.2842,10.5431,,0.0,10.2,12.8,0.059,11.7,0.148,4.31,era5
2026-04-30,W0206,52.2842,10.5431,,0.0,11.7,13.4,0.055,11.8,0.148,4.34,era5
2026-04-28,W0207,52.2842,10.5726,,0.0,9.9,11.8,0.113,10.5,0.148,4.16,era5
2026-04-29,W0207,52.2842,10.5726,,0.0,9.3,11.7,0.103,10.8,0.148,4.06,era5
2026-04-30,W0207,52.2842,10.5726,,0.0,10.7,12.3,0.097,10.9,0.148,4.12,era5
2026-04-28,W0208,52.2842,10.6021,,0.0,9.9,11.8,0.113,10.5,0.148,4.16,era5
2026-04-29,W0208,52.2842,10.6021,,0.0,9.3,11.7,0.103,10.8,0.148,4.06,era5
2026-04-30,W0208,52.2842,10.6021,,0.0,10.7,12.3,0.097,10.9,0.148,4.12,era5
2026-04-28,W0209,52.2842,10.6317,,0.0,9.9,11.8,0.113,10.5,0.148,4.16,era5
2026-04-29,W0209,52.2842,10.6317,,0.0,9.3,11.7,0.103,10.8,0.148,4.06,era5
2026-04-30,W0209,52.2842,10.6317,,0.0,10.7,12.3,0.097,10.9,0.148,4.13,era5
2026-04-28,W0210,52.2842,10.7203,,0.0,9.9,11.8,0.113,10.5,0.148,4.16,era5
2026-04-29,W0210,52.2842,10.7203,,0.0,9.3,11.7,0.103,10.8,0.148,4.06,era5
2026-04-30,W0210,52.2842,10.7203,,0.0,10.7,12.3,0.097,10.9,0.148,4.13,era5
2026-04-28,W0211,52.2842,10.8089,,0.0,9.1,9.8,0.181,9.2,0.235,3.77,era5
2026-04-29,W0211,52.2842,10.8089,,0.0,8.4,9.3,0.162,9.1,0.226,3.67,era5
2026-04-30,W0211,52.2842,10.8089,,0.0,9.7,9.6,0.148,8.9,0.219,3.82,era5
2026-04-28,W0212,52.2842,10.8384,,0.0,9.1,9.8,0.181,9.2,0.235,3.77,era5
2026-04-29,W0212,52.2842,10.8384,,0.0,8.4,9.3,0.162,9.1,0.226,3.67,era5
2026-04-30,W0212,52.2842,10.8384,,0.0,9.7,9.6,0.148,8.9,0.219,3.81,era5
2026-04-28,W0213,52.2842,10.868,,0.0,9.1,9.8,0.181,9.2,0.235,3.78,era5
2026-04-29,W0213,52.2842,10.868,,0.0,8.4,9.3,0.162,9.1,0.226,3.67,era5
2026-04-30,W0213,52.2842,10.868,,0.0,9.7,9.6,0.148,8.9,0.219,3.82,era5
2026-04-28,W0214,52.2842,10.8975,,0.0,9.5,11.1,0.136,10.0,0.164,4.06,era5
2026-04-29,W0214,52.2842,10.8975,,0.0,8.9,10.7,0.125,10.1,0.16,3.89,era5
2026-04-30,W0214,52.2842,10.8975,,0.0,10.4,11.6,0.109,10.2,0.151,3.99,era5
2026-04-28,W0215,52.2842,11.0157,,0.0,9.3,10.5,0.153,9.6,0.19,3.98,era5
2026-04-29,W0215,52.2842,11.0157,,0.0,8.7,10.1,0.141,9.6,0.185,3.81,era5
2026-04-30,W0215,52.2842,11.0157,,0.0,10.2,10.4,0.127,9.6,0.178,3.94,era5
2026-04-28,W0216,52.2842,11.0452,,0.0,9.3,10.5,0.153,9.6,0.19,3.97,era5
2026-04-29,W0216,52.2842,11.0452,,0.0,8.7,10.1,0.141,9.6,0.185,3.81,era5
2026-04-30,W0216,52.2842,11.0452,,0.0,10.2,10.4,0.127,9.6,0.178,3.93,era5
2026-04-28,W0217,52.2842,11.0747,,0.0,9.2,10.4,0.15,9.6,0.179,3.97,era5
2026-04-29,W0217,52.2842,11.0747,,0.0,8.6,10.1,0.136,9.6,0.172,3.82,era5
2026-04-30,W0217,52.2842,11.0747,,0.0,10.2,10.7,0.116,9.6,0.16,3.92,era5
2026-04-28,W0218,52.2842,11.1043,,0.0,9.2,10.4,0.15,9.6,0.179,3.97,era5
2026-04-29,W0218,52.2842,11.1043,,0.0,8.6,10.1,0.136,9.6,0.172,3.82,era5
2026-04-30,W0218,52.2842,11.1043,,0.0,10.2,10.7,0.116,9.6,0.16,3.92,era5
2026-04-28,W0219,52.2842,11.1338,,0.0,9.2,10.4,0.15,9.6,0.179,3.97,era5
2026-04-29,W0219,52.2842,11.1338,,0.0,8.6,10.1,0.136,9.6,0.172,3.82,era5
2026-04-30,W0219,52.2842,11.1338,,0.0,10.2,10.7,0.116,9.6,0.16,3.92,era5
2026-04-28,W0220,52.3023,10.1886,,0.0,10.8,13.3,0.055,11.8,0.146,4.53,era5
2026-04-29,W0220,52.3023,10.1886,,0.0,10.2,12.7,0.05,11.8,0.146,4.42,era5
2026-04-30,W0220,52.3023,10.1886,,0.0,11.4,13.2,0.04,11.8,0.146,4.36,era5
2026-04-28,W0221,52.3023,10.2772,,0.0,10.8,13.0,0.097,11.6,0.146,4.39,era5
2026-04-29,W0221,52.3023,10.2772,,0.0,10.0,12.5,0.093,11.7,0.146,4.24,era5
2026-04-30,W0221,52.3023,10.2772,,0.0,11.1,12.6,0.08,11.6,0.146,4.22,era5
2026-04-28,W0222,52.3023,10.3068,,0.0,10.8,13.0,0.097,11.6,0.146,4.39,era5
2026-04-29,W0222,52.3023,10.3068,,0.0,10.0,12.5,0.093,11.7,0.146,4.24,era5
2026-04-30,W0222,52.3023,10.3068,,0.0,11.1,12.6,0.08,11.6,0.146,4.22,era5
2026-04-28,W0223,52.3023,10.3363,,0.0,10.8,13.2,0.088,11.7,0.137,4.43,era5
2026-04-29,W0223,52.3023,10.3363,,0.0,10.1,12.7,0.08,11.8,0.137,4.29,era5
2026-04-30,W0223,52.3023,10.3363,,0.0,11.3,13.0,0.068,11.7,0.137,4.21,era5
2026-04-28,W0224,52.3023,10.3658,,0.0,10.8,13.2,0.088,11.7,0.137,4.43,era5
2026-04-29,W0224,52.3023,10.3658,,0.0,10.1,12.7,0.08,11.8,0.137,4.29,era5
2026-04-30,W0224,52.3023,10.3658,,0.0,11.3,13.0,0.068,11.7,0.137,4.2,era5
2026-04-28,W0225,52.3023,10.4249,,0.0,10.7,13.3,0.067,11.6,0.148,4.41,era5
2026-04-29,W0225,52.3023,10.4249,,0.0,10.2,12.8,0.059,11.7,0.148,4.31,era5
2026-04-30,W0225,52.3023,10.4249,,0.0,11.7,13.4,0.055,11.8,0.148,4.34,era5
2026-04-28,W0226,52.3023,10.5431,,0.0,10.6,13.4,0.06,11.9,0.143,4.42,era5
2026-04-29,W0226,52.3023,10.5431,,0.0,10.1,12.8,0.05,11.9,0.143,4.28,era5
2026-04-30,W0226,52.3023,10.5431,,0.0,11.4,13.5,0.04,11.9,0.143,4.18,era5
2026-04-28,W0227,52.3023,10.5726,,0.0,10.6,13.4,0.06,11.9,0.143,4.42,era5
2026-04-29,W0227,52.3023,10.5726,,0.0,10.1,12.8,0.05,11.9,0.143,4.28,era5
2026-04-30,W0227,52.3023,10.5726,,0.0,11.4,13.5,0.04,11.9,0.143,4.18,era5
2026-04-28,W0228,52.3023,10.6317,,0.0,9.9,11.8,0.113,10.5,0.148,4.16,era5
2026-04-29,W0228,52.3023,10.6317,,0.0,9.3,11.7,0.103,10.8,0.148,4.06,era5
2026-04-30,W0228,52.3023,10.6317,,0.0,10.7,12.3,0.097,10.9,0.148,4.12,era5
2026-04-28,W0229,52.3023,10.6612,,0.0,9.9,11.6,0.119,10.3,0.153,4.19,era5
2026-04-29,W0229,52.3023,10.6612,,0.0,9.4,11.3,0.112,10.6,0.147,4.05,era5
2026-04-30,W0229,52.3023,10.6612,,0.0,10.7,11.8,0.105,10.6,0.147,4.02,era5
2026-04-28,W0230,52.3023,10.6908,,0.0,9.9,11.6,0.119,10.3,0.153,4.19,era5
2026-04-29,W0230,52.3023,10.6908,,0.0,9.4,11.3,0.112,10.6,0.147,4.06,era5
2026-04-30,W0230,52.3023,10.6908,,0.0,10.7,11.8,0.105,10.6,0.147,4.03,era5
2026-04-28,W0231,52.3023,10.7203,,0.0,9.9,11.6,0.119,10.3,0.153,4.19,era5
2026-04-29,W0231,52.3023,10.7203,,0.0,9.4,11.3,0.112,10.6,0.147,4.05,era5
2026-04-30,W0231,52.3023,10.7203,,0.0,10.7,11.8,0.105,10.6,0.147,4.02,era5
2026-04-28,W0232,52.3023,10.8089,,0.0,9.1,9.8,0.181,9.2,0.235,3.77,era5
2026-04-29,W0232,52.3023,10.8089,,0.0,8.4,9.3,0.162,9.1,0.226,3.67,era5
2026-04-30,W0232,52.3023,10.8089,,0.0,9.7,9.6,0.148,8.9,0.219,3.81,era5
2026-04-28,W0233,52.3023,10.8384,,0.0,9.5,11.1,0.136,10.0,0.164,4.06,era5
2026-04-29,W0233,52.3023,10.8384,,0.0,8.9,10.7,0.125,10.1,0.16,3.89,era5
2026-04-30,W0233,52.3023,10.8384,,0.0,10.4,11.6,0.109,10.2,0.151,3.99,era5
2026-04-28,W0234,52.3023,10.868,,0.0,9.5,11.1,0.136,10.0,0.164,4.06,era5
2026-04-29,W0234,52.3023,10.868,,0.0,8.9,10.7,0.125,10.1,0.16,3.89,era5
2026-04-30,W0234,52.3023,10.868,,0.0,10.4,11.6,0.109,10.2,0.151,3.99,era5
2026-04-28,W0235,52.3023,10.8975,,0.0,9.5,11.1,0.136,10.0,0.164,4.06,era5
2026-04-29,W0235,52.3023,10.8975,,0.0,8.9,10.7,0.125,10.1,0.16,3.89,era5
2026-04-30,W0235,52.3023,10.8975,,0.0,10.4,11.6,0.109,10.2,0.151,3.99,era5
2026-04-28,W0236,52.3023,10.9271,,0.0,9.3,10.5,0.153,9.6,0.19,3.97,era5
2026-04-29,W0236,52.3023,10.9271,,0.0,8.7,10.1,0.141,9.6,0.185,3.81,era5
2026-04-30,W0236,52.3023,10.9271,,0.0,10.2,10.4,0.127,9.6,0.178,3.94,era5
2026-04-28,W0237,52.3023,10.9861,,0.0,9.3,10.5,0.153,9.6,0.19,3.97,era5
2026-04-29,W0237,52.3023,10.9861,,0.0,8.7,10.1,0.141,9.6,0.185,3.81,era5
2026-04-30,W0237,52.3023,10.9861,,0.0,10.2,10.4,0.127,9.6,0.178,3.94,era5
2026-04-28,W0238,52.3023,11.0157,,0.0,9.6,11.2,0.13,10.1,0.159,4.12,era5
2026-04-29,W0238,52.3023,11.0157,,0.0,9.0,10.8,0.122,10.2,0.157,3.92,era5
2026-04-30,W0238,52.3023,11.0157,,0.0,10.6,11.8,0.105,10.4,0.15,4.02,era5
2026-04-28,W0239,52.3023,11.0452,,0.0,9.6,11.2,0.13,10.1,0.159,4.12,era5
2026-04-29,W0239,52.3023,11.0452,,0.0,9.0,10.8,0.122,10.2,0.157,3.92,era5
2026-04-30,W0239,52.3023,11.0452,,0.0,10.6,11.8,0.105,10.4,0.15,4.02,era5
2026-04-28,W0240,52.3023,11.0747,,0.0,9.2,10.4,0.15,9.6,0.179,3.97,era5
2026-04-29,W0240,52.3023,11.0747,,0.0,8.6,10.1,0.136,9.6,0.172,3.82,era5
2026-04-30,W0240,52.3023,11.0747,,0.0,10.2,10.7,0.116,9.6,0.16,3.92,era5
2026-04-28,W0241,52.3023,11.1043,,0.0,9.2,10.4,0.15,9.6,0.179,3.96,era5
2026-04-29,W0241,52.3023,11.1043,,0.0,8.6,10.1,0.136,9.6,0.172,3.81,era5
2026-04-30,W0241,52.3023,11.1043,,0.0,10.2,10.7,0.116,9.6,0.16,3.92,era5
2026-04-28,W0242,52.3023,11.1338,,0.0,9.2,10.4,0.15,9.6,0.179,3.97,era5
2026-04-29,W0242,52.3023,11.1338,,0.0,8.6,10.1,0.136,9.6,0.172,3.82,era5
2026-04-30,W0242,52.3023,11.1338,,0.0,10.2,10.7,0.116,9.6,0.16,3.93,era5
2026-04-28,W0243,52.3203,10.2182,,0.0,10.8,13.3,0.055,11.8,0.146,4.53,era5
2026-04-29,W0243,52.3203,10.2182,,0.0,10.2,12.7,0.05,11.8,0.146,4.42,era5
2026-04-30,W0243,52.3203,10.2182,,0.0,11.4,13.2,0.04,11.8,0.146,4.36,era5
2026-04-28,W0244,52.3203,10.3068,,0.0,10.8,13.2,0.088,11.7,0.137,4.43,era5
2026-04-29,W0244,52.3203,10.3068,,0.0,10.1,12.7,0.08,11.8,0.137,4.29,era5
2026-04-30,W0244,52.3203,10.3068,,0.0,11.3,13.0,0.068,11.7,0.137,4.21,era5
2026-04-28,W0245,52.3203,10.3363,,0.0,10.8,13.2,0.088,11.7,0.137,4.43,era5
2026-04-29,W0245,52.3203,10.3363,,0.0,10.1,12.7,0.08,11.8,0.137,4.29,era5
2026-04-30,W0245,52.3203,10.3363,,0.0,11.3,13.0,0.068,11.7,0.137,4.2,era5
2026-04-28,W0246,52.3203,10.5726,,0.0,10.6,13.4,0.06,11.9,0.143,4.42,era5
2026-04-29,W0246,52.3203,10.5726,,0.0,10.1,12.8,0.05,11.9,0.143,4.28,era5
2026-04-30,W0246,52.3203,10.5726,,0.0,11.4,13.5,0.04,11.9,0.143,4.18,era5
2026-04-28,W0247,52.3203,10.6021,,0.0,9.9,11.6,0.119,10.3,0.153,4.19,era5
2026-04-29,W0247,52.3203,10.6021,,0.0,9.4,11.3,0.112,10.6,0.147,4.05,era5
2026-04-30,W0247,52.3203,10.6021,,0.0,10.7,11.8,0.105,10.6,0.147,4.02,era5
2026-04-28,W0248,52.3203,10.6317,,0.0,9.9,11.6,0.119,10.3,0.153,4.19,era5
2026-04-29,W0248,52.3203,10.6317,,0.0,9.4,11.3,0.112,10.6,0.147,4.05,era5
2026-04-30,W0248,52.3203,10.6317,,0.0,10.7,11.8,0.105,10.6,0.147,4.02,era5
2026-04-28,W0249,52.3203,10.6612,,0.0,9.9,11.6,0.119,10.3,0.153,4.19,era5
2026-04-29,W0249,52.3203,10.6612,,0.0,9.4,11.3,0.112,10.6,0.147,4.05,era5
2026-04-30,W0249,52.3203,10.6612,,0.0,10.7,11.8,0.105,10.6,0.147,4.02,era5
2026-04-28,W0250,52.3203,10.6908,,0.0,9.9,11.6,0.119,10.3,0.153,4.19,era5
2026-04-29,W0250,52.3203,10.6908,,0.0,9.4,11.3,0.112,10.6,0.147,4.05,era5
2026-04-30,W0250,52.3203,10.6908,,0.0,10.7,11.8,0.105,10.6,0.147,4.02,era5
2026-04-28,W0251,52.3203,10.7203,,0.0,9.9,11.6,0.119,10.3,0.153,4.19,era5
2026-04-29,W0251,52.3203,10.7203,,0.0,9.4,11.3,0.112,10.6,0.147,4.06,era5
2026-04-30,W0251,52.3203,10.7203,,0.0,10.7,11.8,0.105,10.6,0.147,4.03,era5
2026-04-28,W0252,52.3203,10.7498,,0.0,9.1,9.8,0.181,9.2,0.235,3.77,era5
2026-04-29,W0252,52.3203,10.7498,,0.0,8.4,9.3,0.162,9.1,0.226,3.67,era5
2026-04-30,W0252,52.3203,10.7498,,0.0,9.7,9.6,0.148,8.9,0.219,3.81,era5
2026-04-28,W0253,52.3203,10.8384,,0.0,9.5,11.1,0.136,10.0,0.164,4.07,era5
2026-04-29,W0253,52.3203,10.8384,,0.0,8.9,10.7,0.125,10.1,0.16,3.89,era5
2026-04-30,W0253,52.3203,10.8384,,0.0,10.4,11.6,0.109,10.2,0.151,3.99,era5
2026-04-28,W0254,52.3203,10.868,,0.0,9.5,11.1,0.136,10.0,0.164,4.06,era5
2026-04-29,W0254,52.3203,10.868,,0.0,8.9,10.7,0.125,10.1,0.16,3.89,era5
2026-04-30,W0254,52.3203,10.868,,0.0,10.4,11.6,0.109,10.2,0.151,3.99,era5
2026-04-28,W0255,52.3203,10.9271,,0.0,9.3,10.5,0.153,9.6,0.19,3.97,era5
2026-04-29,W0255,52.3203,10.9271,,0.0,8.7,10.1,0.141,9.6,0.185,3.81,era5
2026-04-30,W0255,52.3203,10.9271,,0.0,10.2,10.4,0.127,9.6,0.178,3.94,era5
2026-04-28,W0256,52.3203,10.9566,,0.0,9.6,11.2,0.13,10.1,0.159,4.12,era5
2026-04-29,W0256,52.3203,10.9566,,0.0,9.0,10.8,0.122,10.2,0.157,3.93,era5
2026-04-30,W0256,52.3203,10.9566,,0.0,10.6,11.8,0.105,10.4,0.15,4.03,era5
2026-04-28,W0257,52.3203,10.9861,,0.0,9.6,11.2,0.13,10.1,0.159,4.12,era5
2026-04-29,W0257,52.3203,10.9861,,0.0,9.0,10.8,0.122,10.2,0.157,3.92,era5
2026-04-30,W0257,52.3203,10.9861,,0.0,10.6,11.8,0.105,10.4,0.15,4.03,era5
2026-04-28,W0258,52.3203,11.0452,,0.0,9.6,11.2,0.13,10.1,0.159,4.12,era5
2026-04-29,W0258,52.3203,11.0452,,0.0,9.0,10.8,0.122,10.2,0.157,3.92,era5
2026-04-30,W0258,52.3203,11.0452,,0.0,10.6,11.8,0.105,10.4,0.15,4.03,era5
2026-04-28,W0259,52.3383,10.1,,0.0,10.8,13.3,0.055,11.8,0.146,4.53,era5
2026-04-29,W0259,52.3383,10.1,,0.0,10.2,12.7,0.05,11.8,0.146,4.42,era5
2026-04-30,W0259,52.3383,10.1,,0.0,11.4,13.2,0.04,11.8,0.146,4.36,era5
2026-04-28,W0260,52.3383,10.1295,,0.0,10.8,13.3,0.055,11.8,0.146,4.53,era5
2026-04-29,W0260,52.3383,10.1295,,0.0,10.2,12.7,0.05,11.8,0.146,4.42,era5
2026-04-30,W0260,52.3383,10.1295,,0.0,11.4,13.2,0.04,11.8,0.146,4.36,era5
2026-04-28,W0261,52.3383,10.3363,,0.0,10.8,13.2,0.088,11.7,0.137,4.43,era5
2026-04-29,W0261,52.3383,10.3363,,0.0,10.1,12.7,0.08,11.8,0.137,4.29,era5
2026-04-30,W0261,52.3383,10.3363,,0.0,11.3,13.0,0.068,11.7,0.137,4.21,era5
2026-04-28,W0262,52.3383,10.3658,,0.0,10.8,13.2,0.088,11.7,0.137,4.43,era5
2026-04-29,W0262,52.3383,10.3658,,0.0,10.1,12.7,0.08,11.8,0.137,4.29,era5
2026-04-30,W0262,52.3383,10.3658,,0.0,11.3,13.0,0.068,11.7,0.137,4.2,era5
2026-04-28,W0263,52.3383,10.484,,0.0,10.6,13.4,0.06,11.9,0.143,4.42,era5
2026-04-29,W0263,52.3383,10.484,,0.0,10.1,12.8,0.05,11.9,0.143,4.28,era5
2026-04-30,W0263,52.3383,10.484,,0.0,11.4,13.5,0.04,11.9,0.143,4.18,era5
2026-04-28,W0264,52.3383,10.5135,,0.0,10.6,13.4,0.06,11.9,0.143,4.42,era5
2026-04-29,W0264,52.3383,10.5135,,0.0,10.1,12.8,0.05,11.9,0.143,4.28,era5
2026-04-30,W0264,52.3383,10.5135,,0.0,11.4,13.5,0.04,11.9,0.143,4.18,era5
2026-04-28,W0265,52.3383,10.5726,,0.0,10.6,13.4,0.06,11.9,0.143,4.42,era5
2026-04-29,W0265,52.3383,10.5726,,0.0,10.1,12.8,0.05,11.9,0.143,4.28,era5
2026-04-30,W0265,52.3383,10.5726,,0.0,11.4,13.5,0.04,11.9,0.143,4.18,era5
2026-04-28,W0266,52.3383,10.6021,,0.0,9.9,11.6,0.119,10.3,0.153,4.19,era5
2026-04-29,W0266,52.3383,10.6021,,0.0,9.4,11.3,0.112,10.6,0.147,4.06,era5
2026-04-30,W0266,52.3383,10.6021,,0.0,10.7,11.8,0.105,10.6,0.147,4.03,era5
2026-04-28,W0267,52.3383,10.6317,,0.0,9.9,11.6,0.119,10.3,0.153,4.19,era5
2026-04-29,W0267,52.3383,10.6317,,0.0,9.4,11.3,0.112,10.6,0.147,4.05,era5
2026-04-30,W0267,52.3383,10.6317,,0.0,10.7,11.8,0.105,10.6,0.147,4.02,era5
2026-04-28,W0268,52.3383,10.6612,,0.0,9.9,11.6,0.119,10.3,0.153,4.19,era5
2026-04-29,W0268,52.3383,10.6612,,0.0,9.4,11.3,0.112,10.6,0.147,4.05,era5
2026-04-30,W0268,52.3383,10.6612,,0.0,10.7,11.8,0.105,10.6,0.147,4.02,era5
2026-04-28,W0269,52.3383,10.6908,,0.0,9.9,11.6,0.119,10.3,0.153,4.19,era5
2026-04-29,W0269,52.3383,10.6908,,0.0,9.4,11.3,0.112,10.6,0.147,4.05,era5
2026-04-30,W0269,52.3383,10.6908,,0.0,10.7,11.8,0.105,10.6,0.147,4.02,era5
2026-04-28,W0270,52.3383,10.7203,,0.0,9.9,11.6,0.119,10.3,0.153,4.19,era5
2026-04-29,W0270,52.3383,10.7203,,0.0,9.4,11.3,0.112,10.6,0.147,4.06,era5
2026-04-30,W0270,52.3383,10.7203,,0.0,10.7,11.8,0.105,10.6,0.147,4.03,era5
2026-04-28,W0271,52.3383,10.7498,,0.0,9.9,11.6,0.119,10.3,0.153,4.19,era5
2026-04-29,W0271,52.3383,10.7498,,0.0,9.4,11.3,0.112,10.6,0.147,4.05,era5
2026-04-30,W0271,52.3383,10.7498,,0.0,10.7,11.8,0.105,10.6,0.147,4.02,era5
2026-04-28,W0272,52.3383,10.868,,0.0,9.5,11.1,0.136,10.0,0.164,4.07,era5
2026-04-29,W0272,52.3383,10.868,,0.0,8.9,10.7,0.125,10.1,0.16,3.89,era5
2026-04-30,W0272,52.3383,10.868,,0.0,10.4,11.6,0.109,10.2,0.151,3.99,era5
2026-04-28,W0273,52.3383,10.8975,,0.0,9.5,11.1,0.136,10.0,0.164,4.07,era5
2026-04-29,W0273,52.3383,10.8975,,0.0,8.9,10.7,0.125,10.1,0.16,3.89,era5
2026-04-30,W0273,52.3383,10.8975,,0.0,10.4,11.6,0.109,10.2,0.151,3.99,era5
2026-04-28,W0274,52.3383,10.9271,,0.0,9.6,11.2,0.13,10.1,0.159,4.12,era5
2026-04-29,W0274,52.3383,10.9271,,0.0,9.0,10.8,0.122,10.2,0.157,3.92,era5
2026-04-30,W0274,52.3383,10.9271,,0.0,10.6,11.8,0.105,10.4,0.15,4.03,era5
2026-04-28,W0275,52.3383,10.9566,,0.0,9.6,11.2,0.13,10.1,0.159,4.12,era5
2026-04-29,W0275,52.3383,10.9566,,0.0,9.0,10.8,0.122,10.2,0.157,3.92,era5
2026-04-30,W0275,52.3383,10.9566,,0.0,10.6,11.8,0.105,10.4,0.15,4.03,era5
2026-04-28,W0276,52.3383,10.9861,,0.0,9.6,11.2,0.13,10.1,0.159,4.12,era5
2026-04-29,W0276,52.3383,10.9861,,0.0,9.0,10.8,0.122,10.2,0.157,3.92,era5
2026-04-30,W0276,52.3383,10.9861,,0.0,10.6,11.8,0.105,10.4,0.15,4.03,era5
2026-04-28,W0277,52.3383,11.1043,,0.0,9.5,11.0,0.129,10.0,0.162,4.09,era5
2026-04-29,W0277,52.3383,11.1043,,0.0,9.0,10.7,0.121,10.1,0.158,3.94,era5
2026-04-30,W0277,52.3383,11.1043,,0.0,10.5,11.5,0.096,10.2,0.146,3.96,era5
2026-04-28,W0278,52.3383,11.1338,,0.0,9.5,11.0,0.129,10.0,0.162,4.09,era5
2026-04-29,W0278,52.3383,11.1338,,0.0,9.0,10.7,0.121,10.1,0.158,3.95,era5
2026-04-30,W0278,52.3383,11.1338,,0.0,10.5,11.5,0.096,10.2,0.146,3.96,era5
2026-04-28,W0279,52.3563,10.1,,0.0,10.8,13.3,0.055,11.8,0.146,4.53,era5
2026-04-29,W0279,52.3563,10.1,,0.0,10.2,12.7,0.05,11.8,0.146,4.42,era5
2026-04-30,W0279,52.3563,10.1,,0.0,11.4,13.2,0.04,11.8,0.146,4.36,era5
2026-04-28,W0280,52.3563,10.1295,,0.0,10.8,13.3,0.055,11.8,0.146,4.53,era5
2026-04-29,W0280,52.3563,10.1295,,0.0,10.2,12.7,0.05,11.8,0.146,4.42,era5
2026-04-30,W0280,52.3563,10.1295,,0.0,11.4,13.2,0.04,11.8,0.146,4.36,era5
2026-04-28,W0281,52.3563,10.2772,,0.0,10.8,13.2,0.088,11.7,0.137,4.43,era5
2026-04-29,W0281,52.3563,10.2772,,0.0,10.1,12.7,0.08,11.8,0.137,4.29,era5
2026-04-30,W0281,52.3563,10.2772,,0.0,11.3,13.0,0.068,11.7,0.137,4.2,era5
2026-04-28,W0282,52.3563,10.3068,,0.0,10.8,13.2,0.088,11.7,0.137,4.43,era5
2026-04-29,W0282,52.3563,10.3068,,0.0,10.1,12.7,0.08,11.8,0.137,4.29,era5
2026-04-30,W0282,52.3563,10.3068,,0.0,11.3,13.0,0.068,11.7,0.137,4.21,era5
2026-04-28,W0283,52.3563,10.3363,,0.0,10.8,13.2,0.088,11.7,0.137,4.43,era5
2026-04-29,W0283,52.3563,10.3363,,0.0,10.1,12.7,0.08,11.8,0.137,4.29,era5
2026-04-30,W0283,52.3563,10.3363,,0.0,11.3,13.0,0.068,11.7,0.137,4.2,era5
2026-04-28,W0284,52.3563,10.3658,,0.0,10.8,13.2,0.088,11.7,0.137,4.43,era5
2026-04-29,W0284,52.3563,10.3658,,0.0,10.1,12.7,0.08,11.8,0.137,4.29,era5
2026-04-30,W0284,52.3563,10.3658,,0.0,11.3,13.0,0.068,11.7,0.137,4.2,era5
2026-04-28,W0285,52.3563,10.4249,,0.0,10.6,13.4,0.06,11.9,0.143,4.42,era5
2026-04-29,W0285,52.3563,10.4249,,0.0,10.1,12.8,0.05,11.9,0.143,4.28,era5
2026-04-30,W0285,52.3563,10.4249,,0.0,11.4,13.5,0.04,11.9,0.143,4.18,era5
2026-04-28,W0286,52.3563,10.484,,0.0,10.6,13.4,0.06,11.9,0.143,4.42,era5
2026-04-29,W0286,52.3563,10.484,,0.0,10.1,12.8,0.05,11.9,0.143,4.28,era5
2026-04-30,W0286,52.3563,10.484,,0.0,11.4,13.5,0.04,11.9,0.143,4.18,era5
2026-04-28,W0287,52.3563,10.5135,,0.0,10.6,13.4,0.06,11.9,0.143,4.42,era5
2026-04-29,W0287,52.3563,10.5135,,0.0,10.1,12.8,0.05,11.9,0.143,4.29,era5
2026-04-30,W0287,52.3563,10.5135,,0.0,11.4,13.5,0.04,11.9,0.143,4.18,era5
2026-04-28,W0288,52.3563,10.5726,,0.0,10.1,11.4,0.118,10.2,0.174,4.14,era5
2026-04-29,W0288,52.3563,10.5726,,0.0,9.4,11.1,0.108,10.3,0.167,3.99,era5
2026-04-30,W0288,52.3563,10.5726,,0.0,10.7,11.5,0.103,10.4,0.162,3.94,era5
2026-04-28,W0289,52.3563,10.6021,,0.0,9.9,11.6,0.119,10.3,0.153,4.19,era5
2026-04-29,W0289,52.3563,10.6021,,0.0,9.4,11.3,0.112,10.6,0.147,4.05,era5
2026-04-30,W0289,52.3563,10.6021,,0.0,10.7,11.8,0.105,10.6,0.147,4.02,era5
2026-04-28,W0290,52.3563,10.6317,,0.0,9.9,11.6,0.119,10.3,0.153,4.19,era5
2026-04-29,W0290,52.3563,10.6317,,0.0,9.4,11.3,0.112,10.6,0.147,4.05,era5
2026-04-30,W0290,52.3563,10.6317,,0.0,10.7,11.8,0.105,10.6,0.147,4.02,era5
2026-04-28,W0291,52.3563,10.6612,,0.0,9.9,11.6,0.119,10.3,0.153,4.19,era5
2026-04-29,W0291,52.3563,10.6612,,0.0,9.4,11.3,0.112,10.6,0.147,4.05,era5
2026-04-30,W0291,52.3563,10.6612,,0.0,10.7,11.8,0.105,10.6,0.147,4.02,era5
2026-04-28,W0292,52.3563,10.6908,,0.0,9.9,11.6,0.119,10.3,0.153,4.19,era5
2026-04-29,W0292,52.3563,10.6908,,0.0,9.4,11.3,0.112,10.6,0.147,4.05,era5
2026-04-30,W0292,52.3563,10.6908,,0.0,10.7,11.8,0.105,10.6,0.147,4.02,era5
2026-04-28,W0293,52.3563,10.8089,,0.0,9.5,11.1,0.136,10.0,0.164,4.06,era5
2026-04-29,W0293,52.3563,10.8089,,0.0,8.9,10.7,0.125,10.1,0.16,3.89,era5
2026-04-30,W0293,52.3563,10.8089,,0.0,10.4,11.6,0.109,10.2,0.151,3.99,era5
2026-04-28,W0294,52.3563,10.8384,,0.0,9.5,11.1,0.136,10.0,0.164,4.06,era5
2026-04-29,W0294,52.3563,10.8384,,0.0,8.9,10.7,0.125,10.1,0.16,3.89,era5
2026-04-30,W0294,52.3563,10.8384,,0.0,10.4,11.6,0.109,10.2,0.151,3.99,era5
2026-04-28,W0295,52.3563,10.868,,0.0,9.5,11.1,0.136,10.0,0.164,4.07,era5
2026-04-29,W0295,52.3563,10.868,,0.0,8.9,10.7,0.125,10.1,0.16,3.89,era5
2026-04-30,W0295,52.3563,10.868,,0.0,10.4,11.6,0.109,10.2,0.151,3.99,era5
2026-04-28,W0296,52.3563,10.9861,,0.0,9.6,11.2,0.13,10.1,0.159,4.12,era5
2026-04-29,W0296,52.3563,10.9861,,0.0,9.0,10.8,0.122,10.2,0.157,3.92,era5
2026-04-30,W0296,52.3563,10.9861,,0.0,10.6,11.8,0.105,10.4,0.15,4.03,era5
2026-04-28,W0297,52.3563,11.0157,,0.0,9.6,11.2,0.13,10.1,0.159,4.12,era5
2026-04-29,W0297,52.3563,11.0157,,0.0,9.0,10.8,0.122,10.2,0.157,3.92,era5
2026-04-30,W0297,52.3563,11.0157,,0.0,10.6,11.8,0.105,10.4,0.15,4.02,era5
2026-04-28,W0298,52.3563,11.0452,,0.0,9.6,11.2,0.13,10.1,0.159,4.12,era5
2026-04-29,W0298,52.3563,11.0452,,0.0,9.0,10.8,0.122,10.2,0.157,3.92,era5
2026-04-30,W0298,52.3563,11.0452,,0.0,10.6,11.8,0.105,10.4,0.15,4.02,era5
2026-04-28,W0299,52.3563,11.0747,,0.0,9.7,11.3,0.131,10.3,0.157,4.12,era5
2026-04-29,W0299,52.3563,11.0747,,0.0,9.1,11.0,0.121,10.3,0.155,3.99,era5
2026-04-30,W0299,52.3563,11.0747,,0.0,10.6,12.0,0.101,10.5,0.146,3.93,era5
2026-04-28,W0300,52.3563,11.1043,,0.0,9.5,11.0,0.129,10.0,0.162,4.09,era5
2026-04-29,W0300,52.3563,11.1043,,0.0,9.0,10.7,0.121,10.1,0.158,3.94,era5
2026-04-30,W0300,52.3563,11.1043,,0.0,10.5,11.5,0.096,10.2,0.146,3.96,era5
2026-04-28,W0301,52.3563,11.1338,,0.0,9.5,11.0,0.129,10.0,0.162,4.09,era5
2026-04-29,W0301,52.3563,11.1338,,0.0,9.0,10.7,0.121,10.1,0.158,3.94,era5
2026-04-30,W0301,52.3563,11.1338,,0.0,10.5,11.5,0.096,10.2,0.146,3.96,era5
2026-04-28,W0302,52.3743,10.1,,0.0,10.8,13.3,0.055,11.8,0.146,4.53,era5
2026-04-29,W0302,52.3743,10.1,,0.0,10.2,12.7,0.05,11.8,0.146,4.42,era5
2026-04-30,W0302,52.3743,10.1,,0.0,11.4,13.2,0.04,11.8,0.146,4.35,era5
2026-04-28,W0303,52.3743,10.1886,,0.0,10.7,13.0,0.078,11.6,0.146,4.51,era5
2026-04-29,W0303,52.3743,10.1886,,0.0,10.1,12.5,0.069,11.6,0.145,4.32,era5
2026-04-30,W0303,52.3743,10.1886,,0.0,11.3,13.0,0.059,11.6,0.145,4.27,era5
2026-04-28,W0304,52.3743,10.3068,,0.0,10.8,13.2,0.088,11.7,0.137,4.43,era5
2026-04-29,W0304,52.3743,10.3068,,0.0,10.1,12.7,0.08,11.8,0.137,4.29,era5
2026-04-30,W0304,52.3743,10.3068,,0.0,11.3,13.0,0.068,11.7,0.137,4.2,era5
2026-04-28,W0305,52.3743,10.3363,,0.0,10.8,13.2,0.088,11.7,0.137,4.43,era5
2026-04-29,W0305,52.3743,10.3363,,0.0,10.1,12.7,0.08,11.8,0.137,4.29,era5
2026-04-30,W0305,52.3743,10.3363,,0.0,11.3,13.0,0.068,11.7,0.137,4.21,era5
2026-04-28,W0306,52.3743,10.3658,,0.0,10.5,12.7,0.098,11.2,0.145,4.36,era5
2026-04-29,W0306,52.3743,10.3658,,0.0,9.8,12.2,0.089,11.3,0.145,4.18,era5
2026-04-30,W0306,52.3743,10.3658,,0.0,11.2,12.7,0.08,11.3,0.145,4.12,era5
2026-04-28,W0307,52.3743,10.3954,,0.0,10.5,12.7,0.098,11.2,0.145,4.36,era5
2026-04-29,W0307,52.3743,10.3954,,0.0,9.8,12.2,0.089,11.3,0.145,4.18,era5
2026-04-30,W0307,52.3743,10.3954,,0.0,11.2,12.7,0.08,11.3,0.145,4.12,era5
2026-04-28,W0308,52.3743,10.4249,,0.0,10.5,12.7,0.098,11.2,0.145,4.36,era5
2026-04-29,W0308,52.3743,10.4249,,0.0,9.8,12.2,0.089,11.3,0.145,4.18,era5
2026-04-30,W0308,52.3743,10.4249,,0.0,11.2,12.7,0.08,11.3,0.145,4.12,era5
2026-04-28,W0309,52.3743,10.5135,,0.0,10.1,11.4,0.118,10.2,0.174,4.14,era5
2026-04-29,W0309,52.3743,10.5135,,0.0,9.4,11.1,0.108,10.3,0.167,3.99,era5
2026-04-30,W0309,52.3743,10.5135,,0.0,10.7,11.5,0.103,10.4,0.162,3.94,era5
2026-04-28,W0310,52.3743,10.5726,,0.0,10.1,11.4,0.118,10.2,0.174,4.14,era5
2026-04-29,W0310,52.3743,10.5726,,0.0,9.4,11.1,0.108,10.3,0.167,3.99,era5
2026-04-30,W0310,52.3743,10.5726,,0.0,10.7,11.5,0.103,10.4,0.162,3.94,era5
2026-04-28,W0311,52.3743,10.6612,,0.0,9.9,11.6,0.119,10.3,0.153,4.19,era5
2026-04-29,W0311,52.3743,10.6612,,0.0,9.4,11.3,0.112,10.6,0.147,4.05,era5
2026-04-30,W0311,52.3743,10.6612,,0.0,10.7,11.8,0.105,10.6,0.147,4.02,era5
2026-04-28,W0312,52.3743,10.6908,,0.0,9.9,11.8,0.106,10.5,0.167,4.16,era5
2026-04-29,W0312,52.3743,10.6908,,0.0,9.4,11.6,0.097,10.7,0.161,4.05,era5
2026-04-30,W0312,52.3743,10.6908,,0.0,10.8,12.5,0.093,11.0,0.158,3.94,era5
2026-04-28,W0313,52.3743,10.7203,,0.0,9.9,11.8,0.106,10.5,0.167,4.16,era5
2026-04-29,W0313,52.3743,10.7203,,0.0,9.4,11.6,0.097,10.7,0.161,4.06,era5
2026-04-30,W0313,52.3743,10.7203,,0.0,10.8,12.5,0.093,11.0,0.158,3.95,era5
2026-04-28,W0314,52.3743,10.7498,,0.0,9.9,11.8,0.106,10.5,0.167,4.16,era5
2026-04-29,W0314,52.3743,10.7498,,0.0,9.4,11.6,0.097,10.7,0.161,4.06,era5
2026-04-30,W0314,52.3743,10.7498,,0.0,10.8,12.5,0.093,11.0,0.158,3.95,era5
2026-04-28,W0315,52.3743,10.7794,,0.0,9.5,11.1,0.136,10.0,0.164,4.07,era5
2026-04-29,W0315,52.3743,10.7794,,0.0,8.9,10.7,0.125,10.1,0.16,3.89,era5
2026-04-30,W0315,52.3743,10.7794,,0.0,10.4,11.6,0.109,10.2,0.151,3.99,era5
2026-04-28,W0316,52.3743,10.8089,,0.0,9.5,11.1,0.136,10.0,0.164,4.07,era5
2026-04-29,W0316,52.3743,10.8089,,0.0,8.9,10.7,0.125,10.1,0.16,3.89,era5
2026-04-30,W0316,52.3743,10.8089,,0.0,10.4,11.6,0.109,10.2,0.151,3.99,era5
2026-04-28,W0317,52.3743,10.8384,,0.0,9.6,11.0,0.132,10.1,0.188,4.09,era5
2026-04-29,W0317,52.3743,10.8384,,0.0,9.1,10.8,0.118,10.1,0.183,3.98,era5
2026-04-30,W0317,52.3743,10.8384,,0.0,10.6,11.7,0.107,10.3,0.176,3.91,era5
2026-04-28,W0318,52.3743,10.868,,0.0,9.6,11.0,0.132,10.1,0.188,4.09,era5
2026-04-29,W0318,52.3743,10.868,,0.0,9.1,10.8,0.118,10.1,0.183,3.98,era5
2026-04-30,W0318,52.3743,10.868,,0.0,10.6,11.7,0.107,10.3,0.176,3.91,era5
2026-04-28,W0319,52.3743,10.8975,,0.0,9.6,11.0,0.132,10.1,0.188,4.08,era5
2026-04-29,W0319,52.3743,10.8975,,0.0,9.1,10.8,0.118,10.1,0.183,3.98,era5
2026-04-30,W0319,52.3743,10.8975,,0.0,10.6,11.7,0.107,10.3,0.176,3.91,era5
2026-04-28,W0320,52.3743,10.9861,,0.0,9.6,11.2,0.13,10.1,0.159,4.12,era5
2026-04-29,W0320,52.3743,10.9861,,0.0,9.0,10.8,0.122,10.2,0.157,3.92,era5
2026-04-30,W0320,52.3743,10.9861,,0.0,10.6,11.8,0.105,10.4,0.15,4.02,era5
2026-04-28,W0321,52.3743,11.0157,,0.0,9.7,11.3,0.131,10.3,0.157,4.12,era5
2026-04-29,W0321,52.3743,11.0157,,0.0,9.1,11.0,0.121,10.3,0.155,3.99,era5
2026-04-30,W0321,52.3743,11.0157,,0.0,10.6,12.0,0.101,10.5,0.146,3.93,era5
2026-04-28,W0322,52.3743,11.0452,,0.0,9.7,11.3,0.131,10.3,0.157,4.12,era5
2026-04-29,W0322,52.3743,11.0452,,0.0,9.1,11.0,0.121,10.3,0.155,3.99,era5
2026-04-30,W0322,52.3743,11.0452,,0.0,10.6,12.0,0.101,10.5,0.146,3.93,era5
2026-04-28,W0323,52.3743,11.0747,,0.0,9.7,11.3,0.131,10.3,0.157,4.12,era5
2026-04-29,W0323,52.3743,11.0747,,0.0,9.1,11.0,0.121,10.3,0.155,3.99,era5
2026-04-30,W0323,52.3743,11.0747,,0.0,10.6,12.0,0.101,10.5,0.146,3.93,era5
2026-04-28,W0324,52.3923,10.2182,,0.0,10.7,13.0,0.078,11.6,0.146,4.51,era5
2026-04-29,W0324,52.3923,10.2182,,0.0,10.1,12.5,0.069,11.6,0.145,4.32,era5
2026-04-30,W0324,52.3923,10.2182,,0.0,11.3,13.0,0.059,11.6,0.145,4.27,era5
2026-04-28,W0325,52.3923,10.2477,,0.0,10.7,13.0,0.078,11.6,0.146,4.51,era5
2026-04-29,W0325,52.3923,10.2477,,0.0,10.1,12.5,0.069,11.6,0.145,4.32,era5
2026-04-30,W0325,52.3923,10.2477,,0.0,11.3,13.0,0.059,11.6,0.145,4.27,era5
2026-04-28,W0326,52.3923,10.3363,,0.0,10.5,12.7,0.098,11.2,0.145,4.36,era5
2026-04-29,W0326,52.3923,10.3363,,0.0,9.8,12.2,0.089,11.3,0.145,4.18,era5
2026-04-30,W0326,52.3923,10.3363,,0.0,11.2,12.7,0.08,11.3,0.145,4.12,era5
2026-04-28,W0327,52.3923,10.3658,,0.0,10.5,12.7,0.098,11.2,0.145,4.37,era5
2026-04-29,W0327,52.3923,10.3658,,0.0,9.8,12.2,0.089,11.3,0.145,4.18,era5
2026-04-30,W0327,52.3923,10.3658,,0.0,11.2,12.7,0.08,11.3,0.145,4.12,era5
2026-04-28,W0328,52.3923,10.3954,,0.0,10.5,12.7,0.098,11.2,0.145,4.36,era5
2026-04-29,W0328,52.3923,10.3954,,0.0,9.8,12.2,0.089,11.3,0.145,4.18,era5
2026-04-30,W0328,52.3923,10.3954,,0.0,11.2,12.7,0.08,11.3,0.145,4.12,era5
2026-04-28,W0329,52.3923,10.4545,,0.0,10.1,11.4,0.118,10.2,0.174,4.14,era5
2026-04-29,W0329,52.3923,10.4545,,0.0,9.4,11.1,0.108,10.3,0.167,3.99,era5
2026-04-30,W0329,52.3923,10.4545,,0.0,10.7,11.5,0.103,10.4,0.162,3.94,era5
2026-04-28,W0330,52.3923,10.484,,0.0,10.1,11.4,0.118,10.2,0.174,4.14,era5
2026-04-29,W0330,52.3923,10.484,,0.0,9.4,11.1,0.108,10.3,0.167,3.99,era5
2026-04-30,W0330,52.3923,10.484,,0.0,10.7,11.5,0.103,10.4,0.162,3.94,era5
2026-04-28,W0331,52.3923,10.5135,,0.0,10.1,11.4,0.118,10.2,0.174,4.14,era5
2026-04-29,W0331,52.3923,10.5135,,0.0,9.4,11.1,0.108,10.3,0.167,3.99,era5
2026-04-30,W0331,52.3923,10.5135,,0.0,10.7,11.5,0.103,10.4,0.162,3.94,era5
2026-04-28,W0332,52.3923,10.6021,,0.0,10.1,11.4,0.118,10.2,0.174,4.14,era5
2026-04-29,W0332,52.3923,10.6021,,0.0,9.4,11.1,0.108,10.3,0.167,3.99,era5
2026-04-30,W0332,52.3923,10.6021,,0.0,10.7,11.5,0.103,10.4,0.162,3.94,era5
2026-04-28,W0333,52.3923,10.6612,,0.0,9.9,11.8,0.106,10.5,0.167,4.16,era5
2026-04-29,W0333,52.3923,10.6612,,0.0,9.4,11.6,0.097,10.7,0.161,4.05,era5
2026-04-30,W0333,52.3923,10.6612,,0.0,10.8,12.5,0.093,11.0,0.158,3.94,era5
2026-04-28,W0334,52.3923,10.6908,,0.0,9.9,11.8,0.106,10.5,0.167,4.16,era5
2026-04-29,W0334,52.3923,10.6908,,0.0,9.4,11.6,0.097,10.7,0.161,4.05,era5
2026-04-30,W0334,52.3923,10.6908,,0.0,10.8,12.5,0.093,11.0,0.158,3.94,era5
2026-04-28,W0335,52.3923,10.7203,,0.0,9.9,11.8,0.106,10.5,0.167,4.16,era5
2026-04-29,W0335,52.3923,10.7203,,0.0,9.4,11.6,0.097,10.7,0.161,4.05,era5
2026-04-30,W0335,52.3923,10.7203,,0.0,10.8,12.5,0.093,11.0,0.158,3.95,era5
2026-04-28,W0336,52.3923,10.7498,,0.0,9.9,11.8,0.106,10.5,0.167,4.16,era5
2026-04-29,W0336,52.3923,10.7498,,0.0,9.4,11.6,0.097,10.7,0.161,4.05,era5
2026-04-30,W0336,52.3923,10.7498,,0.0,10.8,12.5,0.093,11.0,0.158,3.95,era5
2026-04-28,W0337,52.3923,10.7794,,0.0,9.6,11.0,0.132,10.1,0.188,4.09,era5
2026-04-29,W0337,52.3923,10.7794,,0.0,9.1,10.8,0.118,10.1,0.183,3.98,era5
2026-04-30,W0337,52.3923,10.7794,,0.0,10.6,11.7,0.107,10.3,0.176,3.91,era5
2026-04-28,W0338,52.3923,10.8089,,0.0,9.6,11.0,0.132,10.1,0.188,4.08,era5
2026-04-29,W0338,52.3923,10.8089,,0.0,9.1,10.8,0.118,10.1,0.183,3.98,era5
2026-04-30,W0338,52.3923,10.8089,,0.0,10.6,11.7,0.107,10.3,0.176,3.91,era5
2026-04-28,W0339,52.3923,10.868,,0.0,9.6,11.0,0.132,10.1,0.188,4.08,era5
2026-04-29,W0339,52.3923,10.868,,0.0,9.1,10.8,0.118,10.1,0.183,3.98,era5
2026-04-30,W0339,52.3923,10.868,,0.0,10.6,11.7,0.107,10.3,0.176,3.91,era5
2026-04-28,W0340,52.3923,10.8975,,0.0,9.6,11.0,0.132,10.1,0.188,4.09,era5
2026-04-29,W0340,52.3923,10.8975,,0.0,9.1,10.8,0.118,10.1,0.183,3.98,era5
2026-04-30,W0340,52.3923,10.8975,,0.0,10.6,11.7,0.107,10.3,0.176,3.91,era5
2026-04-28,W0341,52.3923,11.0157,,0.0,9.7,11.3,0.131,10.3,0.157,4.12,era5
2026-04-29,W0341,52.3923,11.0157,,0.0,9.1,11.0,0.121,10.3,0.155,3.99,era5
2026-04-30,W0341,52.3923,11.0157,,0.0,10.6,12.0,0.101,10.5,0.146,3.92,era5
2026-04-28,W0342,52.3923,11.0452,,0.0,9.7,11.3,0.131,10.3,0.157,4.12,era5
2026-04-29,W0342,52.3923,11.0452,,0.0,9.1,11.0,0.121,10.3,0.155,3.99,era5
2026-04-30,W0342,52.3923,11.0452,,0.0,10.6,12.0,0.101,10.5,0.146,3.92,era5
2026-04-28,W0343,52.3923,11.0747,,0.0,9.7,11.3,0.131,10.3,0.157,4.12,era5
2026-04-29,W0343,52.3923,11.0747,,0.0,9.1,11.0,0.121,10.3,0.155,3.99,era5
2026-04-30,W0343,52.3923,11.0747,,0.0,10.6,12.0,0.101,10.5,0.146,3.93,era5
2026-04-28,W0344,52.4104,10.1,,0.0,10.6,11.8,0.112,10.4,0.184,4.34,era5
2026-04-29,W0344,52.4104,10.1,,0.0,9.9,11.6,0.106,10.7,0.178,4.16,era5
2026-04-30,W0344,52.4104,10.1,,0.0,11.0,12.0,0.095,10.8,0.17,4.13,era5
2026-04-28,W0345,52.4104,10.1295,,0.0,10.7,13.0,0.078,11.6,0.146,4.51,era5
2026-04-29,W0345,52.4104,10.1295,,0.0,10.1,12.5,0.069,11.6,0.145,4.32,era5
2026-04-30,W0345,52.4104,10.1295,,0.0,11.3,13.0,0.059,11.6,0.145,4.27,era5
2026-04-28,W0346,52.4104,10.1886,,0.0,10.7,13.0,0.078,11.6,0.146,4.51,era5
2026-04-29,W0346,52.4104,10.1886,,0.0,10.1,12.5,0.069,11.6,0.145,4.32,era5
2026-04-30,W0346,52.4104,10.1886,,0.0,11.3,13.0,0.059,11.6,0.145,4.27,era5
2026-04-28,W0347,52.4104,10.2182,,0.0,10.7,13.0,0.078,11.6,0.146,4.51,era5
2026-04-29,W0347,52.4104,10.2182,,0.0,10.1,12.5,0.069,11.6,0.145,4.32,era5
2026-04-30,W0347,52.4104,10.2182,,0.0,11.3,13.0,0.059,11.6,0.145,4.27,era5
2026-04-28,W0348,52.4104,10.2477,,0.0,10.7,13.0,0.078,11.6,0.146,4.51,era5
2026-04-29,W0348,52.4104,10.2477,,0.0,10.1,12.5,0.069,11.6,0.145,4.32,era5
2026-04-30,W0348,52.4104,10.2477,,0.0,11.3,13.0,0.059,11.6,0.145,4.27,era5
2026-04-28,W0349,52.4104,10.2772,,0.0,10.5,12.7,0.098,11.2,0.145,4.36,era5
2026-04-29,W0349,52.4104,10.2772,,0.0,9.8,12.2,0.089,11.3,0.145,4.18,era5
2026-04-30,W0349,52.4104,10.2772,,0.0,11.2,12.7,0.08,11.3,0.145,4.12,era5
2026-04-28,W0350,52.4104,10.3363,,0.0,10.5,12.7,0.098,11.2,0.145,4.36,era5
2026-04-29,W0350,52.4104,10.3363,,0.0,9.8,12.2,0.089,11.3,0.145,4.18,era5
2026-04-30,W0350,52.4104,10.3363,,0.0,11.2,12.7,0.08,11.3,0.145,4.12,era5
2026-04-28,W0351,52.4104,10.3658,,0.0,10.5,12.7,0.098,11.2,0.145,4.37,era5
2026-04-29,W0351,52.4104,10.3658,,0.0,9.8,12.2,0.089,11.3,0.145,4.18,era5
2026-04-30,W0351,52.4104,10.3658,,0.0,11.2,12.7,0.08,11.3,0.145,4.12,era5
2026-04-28,W0352,52.4104,10.4249,,0.0,10.5,12.7,0.098,11.2,0.145,4.36,era5
2026-04-29,W0352,52.4104,10.4249,,0.0,9.8,12.2,0.089,11.3,0.145,4.18,era5
2026-04-30,W0352,52.4104,10.4249,,0.0,11.2,12.7,0.08,11.3,0.145,4.12,era5
2026-04-28,W0353,52.4104,10.4545,,0.0,10.1,11.4,0.118,10.2,0.174,4.14,era5
2026-04-29,W0353,52.4104,10.4545,,0.0,9.4,11.1,0.108,10.3,0.167,3.99,era5
2026-04-30,W0353,52.4104,10.4545,,0.0,10.7,11.5,0.103,10.4,0.162,3.94,era5
2026-04-28,W0354,52.4104,10.484,,0.0,10.1,11.4,0.118,10.2,0.174,4.14,era5
2026-04-29,W0354,52.4104,10.484,,0.0,9.4,11.1,0.108,10.3,0.167,3.99,era5
2026-04-30,W0354,52.4104,10.484,,0.0,10.7,11.5,0.103,10.4,0.162,3.94,era5
2026-04-28,W0355,52.4104,10.5135,,0.0,10.1,11.4,0.118,10.2,0.174,4.14,era5
2026-04-29,W0355,52.4104,10.5135,,0.0,9.4,11.1,0.108,10.3,0.167,3.99,era5
2026-04-30,W0355,52.4104,10.5135,,0.0,10.7,11.5,0.103,10.4,0.162,3.94,era5
2026-04-28,W0356,52.4104,10.5431,,0.0,10.1,11.4,0.118,10.2,0.174,4.14,era5
2026-04-29,W0356,52.4104,10.5431,,0.0,9.4,11.1,0.108,10.3,0.167,3.99,era5
2026-04-30,W0356,52.4104,10.5431,,0.0,10.7,11.5,0.103,10.4,0.162,3.94,era5
2026-04-28,W0357,52.4104,10.7498,,0.0,9.9,11.8,0.106,10.5,0.167,4.16,era5
2026-04-29,W0357,52.4104,10.7498,,0.0,9.4,11.6,0.097,10.7,0.161,4.05,era5
2026-04-30,W0357,52.4104,10.7498,,0.0,10.8,12.5,0.093,11.0,0.158,3.94,era5
2026-04-28,W0358,52.4104,10.7794,,0.0,9.6,11.0,0.132,10.1,0.188,4.08,era5
2026-04-29,W0358,52.4104,10.7794,,0.0,9.1,10.8,0.118,10.1,0.183,3.98,era5
2026-04-30,W0358,52.4104,10.7794,,0.0,10.6,11.7,0.107,10.3,0.176,3.91,era5
2026-04-28,W0359,52.4104,10.8089,,0.0,9.6,11.0,0.132,10.1,0.188,4.08,era5
2026-04-29,W0359,52.4104,10.8089,,0.0,9.1,10.8,0.118,10.1,0.183,3.98,era5
2026-04-30,W0359,52.4104,10.8089,,0.0,10.6,11.7,0.107,10.3,0.176,3.91,era5
2026-04-28,W0360,52.4104,10.868,,0.0,9.6,11.0,0.132,10.1,0.188,4.08,era5
2026-04-29,W0360,52.4104,10.868,,0.0,9.1,10.8,0.118,10.1,0.183,3.98,era5
2026-04-30,W0360,52.4104,10.868,,0.0,10.6,11.7,0.107,10.3,0.176,3.91,era5
2026-04-28,W0361,52.4104,10.8975,,0.0,9.6,11.0,0.132,10.1,0.188,4.09,era5
2026-04-29,W0361,52.4104,10.8975,,0.0,9.1,10.8,0.118,10.1,0.183,3.98,era5
2026-04-30,W0361,52.4104,10.8975,,0.0,10.6,11.7,0.107,10.3,0.176,3.91,era5
2026-04-28,W0362,52.4104,10.9271,,0.0,9.6,11.0,0.132,10.1,0.188,4.08,era5
2026-04-29,W0362,52.4104,10.9271,,0.0,9.1,10.8,0.118,10.1,0.183,3.98,era5
2026-04-30,W0362,52.4104,10.9271,,0.0,10.6,11.7,0.107,10.3,0.176,3.91,era5
2026-04-28,W0363,52.4104,10.9566,,0.0,9.7,11.3,0.131,10.3,0.157,4.12,era5
2026-04-29,W0363,52.4104,10.9566,,0.0,9.1,11.0,0.121,10.3,0.155,3.99,era5
2026-04-30,W0363,52.4104,10.9566,,0.0,10.6,12.0,0.101,10.5,0.146,3.93,era5
2026-04-28,W0364,52.4104,11.0452,,0.0,9.7,11.3,0.131,10.3,0.157,4.12,era5
2026-04-29,W0364,52.4104,11.0452,,0.0,9.1,11.0,0.121,10.3,0.155,3.99,era5
2026-04-30,W0364,52.4104,11.0452,,0.0,10.6,12.0,0.101,10.5,0.146,3.93,era5
2026-04-28,W0365,52.4284,10.1,,0.0,10.9,13.2,0.011,11.1,0.057,4.59,era5
2026-04-29,W0365,52.4284,10.1,,0.0,10.2,12.6,0.017,11.3,0.057,4.31,era5
2026-04-30,W0365,52.4284,10.1,,0.0,11.5,13.3,0.01,11.4,0.057,4.33,era5
2026-04-28,W0366,52.4284,10.1295,,0.0,10.7,13.0,0.078,11.6,0.146,4.51,era5
2026-04-29,W0366,52.4284,10.1295,,0.0,10.1,12.5,0.069,11.6,0.145,4.32,era5
2026-04-30,W0366,52.4284,10.1295,,0.0,11.3,13.0,0.059,11.6,0.145,4.27,era5
2026-04-28,W0367,52.4284,10.1591,,0.0,10.7,13.0,0.078,11.6,0.146,4.51,era5
2026-04-29,W0367,52.4284,10.1591,,0.0,10.1,12.5,0.069,11.6,0.145,4.32,era5
2026-04-30,W0367,52.4284,10.1591,,0.0,11.3,13.0,0.059,11.6,0.145,4.27,era5
2026-04-28,W0368,52.4284,10.1886,,0.0,10.7,13.0,0.078,11.6,0.146,4.51,era5
2026-04-29,W0368,52.4284,10.1886,,0.0,10.1,12.5,0.069,11.6,0.145,4.32,era5
2026-04-30,W0368,52.4284,10.1886,,0.0,11.3,13.0,0.059,11.6,0.145,4.27,era5
2026-04-28,W0369,52.4284,10.2182,,0.0,10.7,13.0,0.078,11.6,0.146,4.51,era5
2026-04-29,W0369,52.4284,10.2182,,0.0,10.1,12.5,0.069,11.6,0.145,4.32,era5
2026-04-30,W0369,52.4284,10.2182,,0.0,11.3,13.0,0.059,11.6,0.145,4.27,era5
2026-04-28,W0370,52.4284,10.2477,,0.0,10.7,13.0,0.078,11.6,0.146,4.51,era5
2026-04-29,W0370,52.4284,10.2477,,0.0,10.1,12.5,0.069,11.6,0.145,4.32,era5
2026-04-30,W0370,52.4284,10.2477,,0.0,11.3,13.0,0.059,11.6,0.145,4.27,era5
2026-04-28,W0371,52.4284,10.2772,,0.0,10.5,12.7,0.098,11.2,0.145,4.36,era5
2026-04-29,W0371,52.4284,10.2772,,0.0,9.8,12.2,0.089,11.3,0.145,4.18,era5
2026-04-30,W0371,52.4284,10.2772,,0.0,11.2,12.7,0.08,11.3,0.145,4.12,era5
2026-04-28,W0372,52.4284,10.3068,,0.0,10.5,12.7,0.098,11.2,0.145,4.36,era5
2026-04-29,W0372,52.4284,10.3068,,0.0,9.8,12.2,0.089,11.3,0.145,4.18,era5
2026-04-30,W0372,52.4284,10.3068,,0.0,11.2,12.7,0.08,11.3,0.145,4.12,era5
2026-04-28,W0373,52.4284,10.3363,,0.0,10.5,12.7,0.098,11.2,0.145,4.36,era5
2026-04-29,W0373,52.4284,10.3363,,0.0,9.8,12.2,0.089,11.3,0.145,4.18,era5
2026-04-30,W0373,52.4284,10.3363,,0.0,11.2,12.7,0.08,11.3,0.145,4.12,era5
2026-04-28,W0374,52.4284,10.3658,,0.0,10.5,12.7,0.098,11.2,0.145,4.36,era5
2026-04-29,W0374,52.4284,10.3658,,0.0,9.8,12.2,0.089,11.3,0.145,4.17,era5
2026-04-30,W0374,52.4284,10.3658,,0.0,11.2,12.7,0.08,11.3,0.145,4.12,era5
2026-04-28,W0375,52.4284,10.4545,,0.0,10.1,11.4,0.118,10.2,0.174,4.14,era5
2026-04-29,W0375,52.4284,10.4545,,0.0,9.4,11.1,0.108,10.3,0.167,3.99,era5
2026-04-30,W0375,52.4284,10.4545,,0.0,10.7,11.5,0.103,10.4,0.162,3.94,era5
2026-04-28,W0376,52.4284,10.484,,0.0,10.1,11.4,0.118,10.2,0.174,4.14,era5
2026-04-29,W0376,52.4284,10.484,,0.0,9.4,11.1,0.108,10.3,0.167,3.99,era5
2026-04-30,W0376,52.4284,10.484,,0.0,10.7,11.5,0.103,10.4,0.162,3.93,era5
2026-04-28,W0377,52.4284,10.5135,,0.0,10.1,11.4,0.118,10.2,0.174,4.14,era5
2026-04-29,W0377,52.4284,10.5135,,0.0,9.4,11.1,0.108,10.3,0.167,3.99,era5
2026-04-30,W0377,52.4284,10.5135,,0.0,10.7,11.5,0.103,10.4,0.162,3.93,era5
2026-04-28,W0378,52.4284,10.5431,,0.0,10.1,11.4,0.118,10.2,0.174,4.14,era5
2026-04-29,W0378,52.4284,10.5431,,0.0,9.4,11.1,0.108,10.3,0.167,3.99,era5
2026-04-30,W0378,52.4284,10.5431,,0.0,10.7,11.5,0.103,10.4,0.162,3.94,era5
2026-04-28,W0379,52.4284,10.5726,,0.0,10.1,11.4,0.118,10.2,0.174,4.14,era5
2026-04-29,W0379,52.4284,10.5726,,0.0,9.4,11.1,0.108,10.3,0.167,3.99,era5
2026-04-30,W0379,52.4284,10.5726,,0.0,10.7,11.5,0.103,10.4,0.162,3.94,era5
2026-04-28,W0380,52.4284,10.6317,,0.0,9.9,11.8,0.106,10.5,0.167,4.16,era5
2026-04-29,W0380,52.4284,10.6317,,0.0,9.4,11.6,0.097,10.7,0.161,4.05,era5
2026-04-30,W0380,52.4284,10.6317,,0.0,10.8,12.5,0.093,11.0,0.158,3.94,era5
2026-04-28,W0381,52.4284,10.6612,,0.0,9.9,11.8,0.106,10.5,0.167,4.16,era5
2026-04-29,W0381,52.4284,10.6612,,0.0,9.4,11.6,0.097,10.7,0.161,4.05,era5
2026-04-30,W0381,52.4284,10.6612,,0.0,10.8,12.5,0.093,11.0,0.158,3.94,era5
2026-04-28,W0382,52.4284,10.7498,,0.0,9.6,10.2,0.185,9.5,0.242,3.95,era5
2026-04-29,W0382,52.4284,10.7498,,0.0,8.9,9.7,0.166,9.4,0.233,3.8,era5
2026-04-30,W0382,52.4284,10.7498,,0.0,10.3,10.0,0.153,9.3,0.225,3.75,era5
2026-04-28,W0383,52.4284,10.868,,0.0,9.6,11.0,0.132,10.1,0.188,4.08,era5
2026-04-29,W0383,52.4284,10.868,,0.0,9.1,10.8,0.118,10.1,0.183,3.98,era5
2026-04-30,W0383,52.4284,10.868,,0.0,10.6,11.7,0.107,10.3,0.176,3.91,era5
2026-04-28,W0384,52.4284,10.8975,,0.0,9.6,11.0,0.132,10.1,0.188,4.08,era5
2026-04-29,W0384,52.4284,10.8975,,0.0,9.1,10.8,0.118,10.1,0.183,3.98,era5
2026-04-30,W0384,52.4284,10.8975,,0.0,10.6,11.7,0.107,10.3,0.176,3.91,era5
2026-04-28,W0385,52.4284,10.9271,,0.0,9.6,10.7,0.141,9.8,0.186,4.03,era5
2026-04-29,W0385,52.4284,10.9271,,0.0,9.0,10.3,0.129,9.8,0.181,3.91,era5
2026-04-30,W0385,52.4284,10.9271,,0.0,10.3,10.9,0.118,9.8,0.175,3.77,era5
2026-04-28,W0386,52.4284,10.9566,,0.0,9.7,11.3,0.131,10.3,0.157,4.12,era5
2026-04-29,W0386,52.4284,10.9566,,0.0,9.1,11.0,0.121,10.3,0.155,3.99,era5
2026-04-30,W0386,52.4284,10.9566,,0.0,10.6,12.0,0.101,10.5,0.146,3.92,era5
2026-04-28,W0387,52.4284,11.0157,,0.0,9.7,11.3,0.131,10.3,0.157,4.12,era5
2026-04-29,W0387,52.4284,11.0157,,0.0,9.1,11.0,0.121,10.3,0.155,3.99,era5
2026-04-30,W0387,52.4284,11.0157,,0.0,10.6,12.0,0.101,10.5,0.146,3.92,era5
2026-04-28,W0388,52.4284,11.0452,,0.0,9.7,11.3,0.131,10.3,0.157,4.12,era5
2026-04-29,W0388,52.4284,11.0452,,0.0,9.1,11.0,0.121,10.3,0.155,3.99,era5
2026-04-30,W0388,52.4284,11.0452,,0.0,10.6,12.0,0.101,10.5,0.146,3.92,era5
2026-04-28,W0389,52.4284,11.1338,,0.0,9.6,11.1,0.151,10.1,0.178,4.0,era5
2026-04-29,W0389,52.4284,11.1338,,0.0,9.0,10.7,0.143,10.1,0.172,3.89,era5
2026-04-30,W0389,52.4284,11.1338,,0.0,10.4,11.5,0.124,10.2,0.159,3.83,era5
2026-04-28,W0390,52.4464,10.1,,0.0,10.9,13.2,0.011,11.1,0.057,4.59,era5
2026-04-29,W0390,52.4464,10.1,,0.0,10.2,12.6,0.017,11.3,0.057,4.31,era5
2026-04-30,W0390,52.4464,10.1,,0.0,11.5,13.3,0.01,11.4,0.057,4.33,era5
2026-04-28,W0391,52.4464,10.1295,,0.0,10.7,13.0,0.078,11.6,0.146,4.51,era5
2026-04-29,W0391,52.4464,10.1295,,0.0,10.1,12.5,0.069,11.6,0.145,4.32,era5
2026-04-30,W0391,52.4464,10.1295,,0.0,11.3,13.0,0.059,11.6,0.145,4.27,era5
2026-04-28,W0392,52.4464,10.1591,,0.0,10.7,13.0,0.078,11.6,0.146,4.51,era5
2026-04-29,W0392,52.4464,10.1591,,0.0,10.1,12.5,0.069,11.6,0.145,4.32,era5
2026-04-30,W0392,52.4464,10.1591,,0.0,11.3,13.0,0.059,11.6,0.145,4.27,era5
2026-04-28,W0393,52.4464,10.2477,,0.0,10.8,13.2,0.031,11.3,0.062,4.55,era5
2026-04-29,W0393,52.4464,10.2477,,0.0,10.1,12.6,0.02,11.4,0.057,4.29,era5
2026-04-30,W0393,52.4464,10.2477,,0.0,11.4,13.3,0.01,11.5,0.057,4.28,era5
2026-04-28,W0394,52.4464,10.2772,,0.0,10.8,13.2,0.031,11.3,0.062,4.55,era5
2026-04-29,W0394,52.4464,10.2772,,0.0,10.1,12.6,0.02,11.4,0.057,4.29,era5
2026-04-30,W0394,52.4464,10.2772,,0.0,11.4,13.3,0.01,11.5,0.057,4.28,era5
2026-04-28,W0395,52.4464,10.3068,,0.0,10.5,12.7,0.098,11.2,0.145,4.36,era5
2026-04-29,W0395,52.4464,10.3068,,0.0,9.8,12.2,0.089,11.3,0.145,4.17,era5
2026-04-30,W0395,52.4464,10.3068,,0.0,11.2,12.7,0.08,11.3,0.145,4.12,era5
2026-04-28,W0396,52.4464,10.3363,,0.0,10.5,12.7,0.098,11.2,0.145,4.36,era5
2026-04-29,W0396,52.4464,10.3363,,0.0,9.8,12.2,0.089,11.3,0.145,4.18,era5
2026-04-30,W0396,52.4464,10.3363,,0.0,11.2,12.7,0.08,11.3,0.145,4.12,era5
2026-04-28,W0397,52.4464,10.3658,,0.0,10.4,12.2,0.092,10.8,0.144,4.42,era5
2026-04-29,W0397,52.4464,10.3658,,0.0,9.8,11.7,0.08,10.9,0.144,4.19,era5
2026-04-30,W0397,52.4464,10.3658,,0.0,11.2,12.4,0.07,11.0,0.144,4.14,era5
2026-04-28,W0398,52.4464,10.3954,,0.0,10.4,12.2,0.092,10.8,0.144,4.42,era5
2026-04-29,W0398,52.4464,10.3954,,0.0,9.8,11.7,0.08,10.9,0.144,4.19,era5
2026-04-30,W0398,52.4464,10.3954,,0.0,11.2,12.4,0.07,11.0,0.144,4.14,era5
2026-04-28,W0399,52.4464,10.4545,,0.0,10.1,11.4,0.118,10.2,0.174,4.14,era5
2026-04-29,W0399,52.4464,10.4545,,0.0,9.4,11.1,0.108,10.3,0.167,3.99,era5
2026-04-30,W0399,52.4464,10.4545,,0.0,10.7,11.5,0.103,10.4,0.162,3.93,era5
2026-04-28,W0400,52.4464,10.484,,0.0,10.1,11.4,0.118,10.2,0.174,4.14,era5
2026-04-29,W0400,52.4464,10.484,,0.0,9.4,11.1,0.108,10.3,0.167,3.99,era5
2026-04-30,W0400,52.4464,10.484,,0.0,10.7,11.5,0.103,10.4,0.162,3.93,era5
2026-04-28,W0401,52.4464,10.5135,,0.0,10.1,11.4,0.118,10.2,0.174,4.14,era5
2026-04-29,W0401,52.4464,10.5135,,0.0,9.4,11.1,0.108,10.3,0.167,3.99,era5
2026-04-30,W0401,52.4464,10.5135,,0.0,10.7,11.5,0.103,10.4,0.162,3.93,era5
2026-04-28,W0402,52.4464,10.5431,,0.0,10.1,12.0,0.12,10.6,0.184,4.28,era5
2026-04-29,W0402,52.4464,10.5431,,0.0,9.6,11.7,0.11,10.8,0.175,4.11,era5
2026-04-30,W0402,52.4464,10.5431,,0.0,11.2,12.5,0.109,11.0,0.171,4.05,era5
2026-04-28,W0403,52.4464,10.5726,,0.0,10.1,12.0,0.12,10.6,0.184,4.28,era5
2026-04-29,W0403,52.4464,10.5726,,0.0,9.6,11.7,0.11,10.8,0.175,4.11,era5
2026-04-30,W0403,52.4464,10.5726,,0.0,11.2,12.5,0.109,11.0,0.171,4.05,era5
2026-04-28,W0404,52.4464,10.6021,,0.0,10.1,12.0,0.12,10.6,0.184,4.28,era5
2026-04-29,W0404,52.4464,10.6021,,0.0,9.6,11.7,0.11,10.8,0.175,4.11,era5
2026-04-30,W0404,52.4464,10.6021,,0.0,11.2,12.5,0.109,11.0,0.171,4.05,era5
2026-04-28,W0405,52.4464,10.6317,,0.0,9.9,11.8,0.106,10.5,0.167,4.16,era5
2026-04-29,W0405,52.4464,10.6317,,0.0,9.4,11.6,0.097,10.7,0.161,4.05,era5
2026-04-30,W0405,52.4464,10.6317,,0.0,10.8,12.5,0.093,11.0,0.158,3.94,era5
2026-04-28,W0406,52.4464,10.6612,,0.0,9.9,11.8,0.106,10.5,0.167,4.16,era5
2026-04-29,W0406,52.4464,10.6612,,0.0,9.4,11.6,0.097,10.7,0.161,4.05,era5
2026-04-30,W0406,52.4464,10.6612,,0.0,10.8,12.5,0.093,11.0,0.158,3.94,era5
2026-04-28,W0407,52.4464,10.6908,,0.0,9.6,10.2,0.185,9.5,0.242,3.95,era5
2026-04-29,W0407,52.4464,10.6908,,0.0,8.9,9.7,0.166,9.4,0.233,3.8,era5
2026-04-30,W0407,52.4464,10.6908,,0.0,10.3,10.0,0.153,9.3,0.225,3.75,era5
2026-04-28,W0408,52.4464,10.7203,,0.0,9.6,10.2,0.185,9.5,0.242,3.95,era5
2026-04-29,W0408,52.4464,10.7203,,0.0,8.9,9.7,0.166,9.4,0.233,3.8,era5
2026-04-30,W0408,52.4464,10.7203,,0.0,10.3,10.0,0.153,9.3,0.225,3.75,era5
2026-04-28,W0409,52.4464,10.7794,,0.0,9.6,10.2,0.185,9.5,0.242,3.95,era5
2026-04-29,W0409,52.4464,10.7794,,0.0,8.9,9.7,0.166,9.4,0.233,3.8,era5
2026-04-30,W0409,52.4464,10.7794,,0.0,10.3,10.0,0.153,9.3,0.225,3.75,era5
2026-04-28,W0410,52.4464,10.8089,,0.0,9.6,11.0,0.132,10.1,0.188,4.08,era5
2026-04-29,W0410,52.4464,10.8089,,0.0,9.1,10.8,0.118,10.1,0.183,3.98,era5
2026-04-30,W0410,52.4464,10.8089,,0.0,10.6,11.7,0.107,10.3,0.176,3.91,era5
2026-04-28,W0411,52.4464,10.8975,,0.0,9.6,10.7,0.141,9.8,0.186,4.03,era5
2026-04-29,W0411,52.4464,10.8975,,0.0,9.0,10.3,0.129,9.8,0.181,3.91,era5
2026-04-30,W0411,52.4464,10.8975,,0.0,10.3,10.9,0.118,9.8,0.175,3.77,era5
2026-04-28,W0412,52.4464,10.9271,,0.0,9.6,10.7,0.141,9.8,0.186,4.03,era5
2026-04-29,W0412,52.4464,10.9271,,0.0,9.0,10.3,0.129,9.8,0.181,3.91,era5
2026-04-30,W0412,52.4464,10.9271,,0.0,10.3,10.9,0.118,9.8,0.175,3.77,era5
2026-04-28,W0413,52.4464,11.1043,,0.0,9.7,11.4,0.149,10.3,0.172,4.13,era5
2026-04-29,W0413,52.4464,11.1043,,0.0,9.2,11.2,0.139,10.4,0.164,4.01,era5
2026-04-30,W0413,52.4464,11.1043,,0.0,10.6,12.1,0.129,10.6,0.157,3.86,era5
2026-04-28,W0414,52.4464,11.1338,,0.0,9.6,11.1,0.151,10.1,0.178,4.01,era5
2026-04-29,W0414,52.4464,11.1338,,0.0,9.0,10.7,0.143,10.1,0.172,3.89,era5
2026-04-30,W0414,52.4464,11.1338,,0.0,10.4,11.5,0.124,10.2,0.159,3.83,era5
2026-04-28,W0415,52.4644,10.1,,0.0,10.9,13.2,0.011,11.1,0.057,4.59,era5
2026-04-29,W0415,52.4644,10.1,,0.0,10.2,12.6,0.017,11.3,0.057,4.31,era5
2026-04-30,W0415,52.4644,10.1,,0.0,11.5,13.3,0.01,11.4,0.057,4.33,era5
2026-04-28,W0416,52.4644,10.1295,,0.0,10.8,13.2,0.031,11.3,0.062,4.55,era5
2026-04-29,W0416,52.4644,10.1295,,0.0,10.1,12.6,0.02,11.4,0.057,4.29,era5
2026-04-30,W0416,52.4644,10.1295,,0.0,11.4,13.3,0.01,11.5,0.057,4.28,era5
2026-04-28,W0417,52.4644,10.1591,,0.0,10.8,13.2,0.031,11.3,0.062,4.55,era5
2026-04-29,W0417,52.4644,10.1591,,0.0,10.1,12.6,0.02,11.4,0.057,4.29,era5
2026-04-30,W0417,52.4644,10.1591,,0.0,11.4,13.3,0.01,11.5,0.057,4.28,era5
2026-04-28,W0418,52.4644,10.1886,,0.0,10.8,13.2,0.031,11.3,0.062,4.55,era5
2026-04-29,W0418,52.4644,10.1886,,0.0,10.1,12.6,0.02,11.4,0.057,4.29,era5
2026-04-30,W0418,52.4644,10.1886,,0.0,11.4,13.3,0.01,11.5,0.057,4.28,era5
2026-04-28,W0419,52.4644,10.2182,,0.0,10.8,13.2,0.031,11.3,0.062,4.55,era5
2026-04-29,W0419,52.4644,10.2182,,0.0,10.1,12.6,0.02,11.4,0.057,4.29,era5
2026-04-30,W0419,52.4644,10.2182,,0.0,11.4,13.3,0.01,11.5,0.057,4.28,era5
2026-04-28,W0420,52.4644,10.2477,,0.0,10.8,13.2,0.031,11.3,0.062,4.55,era5
2026-04-29,W0420,52.4644,10.2477,,0.0,10.1,12.6,0.02,11.4,0.057,4.29,era5
2026-04-30,W0420,52.4644,10.2477,,0.0,11.4,13.3,0.01,11.5,0.057,4.28,era5
2026-04-28,W0421,52.4644,10.2772,,0.0,10.8,13.2,0.031,11.3,0.062,4.55,era5
2026-04-29,W0421,52.4644,10.2772,,0.0,10.1,12.6,0.02,11.4,0.057,4.29,era5
2026-04-30,W0421,52.4644,10.2772,,0.0,11.4,13.3,0.01,11.5,0.057,4.28,era5
2026-04-28,W0422,52.4644,10.3068,,0.0,10.4,12.2,0.092,10.8,0.144,4.43,era5
2026-04-29,W0422,52.4644,10.3068,,0.0,9.8,11.7,0.08,10.9,0.144,4.19,era5
2026-04-30,W0422,52.4644,10.3068,,0.0,11.2,12.4,0.07,11.0,0.144,4.14,era5
2026-04-28,W0423,52.4644,10.3363,,0.0,10.4,12.2,0.092,10.8,0.144,4.42,era5
2026-04-29,W0423,52.4644,10.3363,,0.0,9.8,11.7,0.08,10.9,0.144,4.19,era5
2026-04-30,W0423,52.4644,10.3363,,0.0,11.2,12.4,0.07,11.0,0.144,4.14,era5
2026-04-28,W0424,52.4644,10.3658,,0.0,10.4,12.2,0.092,10.8,0.144,4.42,era5
2026-04-29,W0424,52.4644,10.3658,,0.0,9.8,11.7,0.08,10.9,0.144,4.19,era5
2026-04-30,W0424,52.4644,10.3658,,0.0,11.2,12.4,0.07,11.0,0.144,4.14,era5
2026-04-28,W0425,52.4644,10.3954,,0.0,10.4,12.2,0.092,10.8,0.144,4.43,era5
2026-04-29,W0425,52.4644,10.3954,,0.0,9.8,11.7,0.08,10.9,0.144,4.19,era5
2026-04-30,W0425,52.4644,10.3954,,0.0,11.2,12.4,0.07,11.0,0.144,4.14,era5
2026-04-28,W0426,52.4644,10.4249,,0.0,10.4,12.2,0.092,10.8,0.144,4.42,era5
2026-04-29,W0426,52.4644,10.4249,,0.0,9.8,11.7,0.08,10.9,0.144,4.19,era5
2026-04-30,W0426,52.4644,10.4249,,0.0,11.2,12.4,0.07,11.0,0.144,4.14,era5
2026-04-28,W0427,52.4644,10.4545,,0.0,10.4,12.2,0.092,10.8,0.144,4.42,era5
2026-04-29,W0427,52.4644,10.4545,,0.0,9.8,11.7,0.08,10.9,0.144,4.19,era5
2026-04-30,W0427,52.4644,10.4545,,0.0,11.2,12.4,0.07,11.0,0.144,4.14,era5
2026-04-28,W0428,52.4644,10.484,,0.0,10.1,12.0,0.12,10.6,0.184,4.28,era5
2026-04-29,W0428,52.4644,10.484,,0.0,9.6,11.7,0.11,10.8,0.175,4.11,era5
2026-04-30,W0428,52.4644,10.484,,0.0,11.2,12.5,0.109,11.0,0.171,4.05,era5
2026-04-28,W0429,52.4644,10.5135,,0.0,10.1,12.0,0.12,10.6,0.184,4.28,era5
2026-04-29,W0429,52.4644,10.5135,,0.0,9.6,11.7,0.11,10.8,0.175,4.11,era5
2026-04-30,W0429,52.4644,10.5135,,0.0,11.2,12.5,0.109,11.0,0.171,4.05,era5
2026-04-28,W0430,52.4644,10.5431,,0.0,10.1,12.0,0.12,10.6,0.184,4.28,era5
2026-04-29,W0430,52.4644,10.5431,,0.0,9.6,11.7,0.11,10.8,0.175,4.11,era5
2026-04-30,W0430,52.4644,10.5431,,0.0,11.2,12.5,0.109,11.0,0.171,4.05,era5
2026-04-28,W0431,52.4644,10.5726,,0.0,10.1,12.0,0.12,10.6,0.184,4.28,era5
2026-04-29,W0431,52.4644,10.5726,,0.0,9.6,11.7,0.11,10.8,0.175,4.11,era5
2026-04-30,W0431,52.4644,10.5726,,0.0,11.2,12.5,0.109,11.0,0.171,4.05,era5
2026-04-28,W0432,52.4644,10.6021,,0.0,10.1,12.0,0.12,10.6,0.184,4.28,era5
2026-04-29,W0432,52.4644,10.6021,,0.0,9.6,11.7,0.11,10.8,0.175,4.11,era5
2026-04-30,W0432,52.4644,10.6021,,0.0,11.2,12.5,0.109,11.0,0.171,4.05,era5
2026-04-28,W0433,52.4644,10.6317,,0.0,9.6,10.2,0.185,9.5,0.242,3.95,era5
2026-04-29,W0433,52.4644,10.6317,,0.0,8.9,9.7,0.166,9.4,0.233,3.8,era5
2026-04-30,W0433,52.4644,10.6317,,0.0,10.3,10.0,0.153,9.3,0.225,3.75,era5
2026-04-28,W0434,52.4644,10.6612,,0.0,9.6,10.2,0.185,9.5,0.242,3.95,era5
2026-04-29,W0434,52.4644,10.6612,,0.0,8.9,9.7,0.166,9.4,0.233,3.8,era5
2026-04-30,W0434,52.4644,10.6612,,0.0,10.3,10.0,0.153,9.3,0.225,3.75,era5
2026-04-28,W0435,52.4644,10.6908,,0.0,9.6,10.2,0.185,9.5,0.242,3.95,era5
2026-04-29,W0435,52.4644,10.6908,,0.0,8.9,9.7,0.166,9.4,0.233,3.8,era5
2026-04-30,W0435,52.4644,10.6908,,0.0,10.3,10.0,0.153,9.3,0.225,3.75,era5
2026-04-28,W0436,52.4644,10.7794,,0.0,9.6,10.2,0.185,9.5,0.242,3.95,era5
2026-04-29,W0436,52.4644,10.7794,,0.0,8.9,9.7,0.166,9.4,0.233,3.8,era5
2026-04-30,W0436,52.4644,10.7794,,0.0,10.3,10.0,0.153,9.3,0.225,3.75,era5
2026-04-28,W0437,52.4644,10.8089,,0.0,9.6,10.7,0.141,9.8,0.186,4.03,era5
2026-04-29,W0437,52.4644,10.8089,,0.0,9.0,10.3,0.129,9.8,0.181,3.91,era5
2026-04-30,W0437,52.4644,10.8089,,0.0,10.3,10.9,0.118,9.8,0.175,3.77,era5
2026-04-28,W0438,52.4644,10.8384,,0.0,9.6,10.7,0.141,9.8,0.186,4.03,era5
2026-04-29,W0438,52.4644,10.8384,,0.0,9.0,10.3,0.129,9.8,0.181,3.91,era5
2026-04-30,W0438,52.4644,10.8384,,0.0,10.3,10.9,0.118,9.8,0.175,3.77,era5
2026-04-28,W0439,52.4644,10.868,,0.0,9.6,10.7,0.141,9.8,0.186,4.03,era5
2026-04-29,W0439,52.4644,10.868,,0.0,9.0,10.3,0.129,9.8,0.181,3.91,era5
2026-04-30,W0439,52.4644,10.868,,0.0,10.3,10.9,0.118,9.8,0.175,3.77,era5
2026-04-28,W0440,52.4644,10.8975,,0.0,9.6,10.7,0.141,9.8,0.186,4.03,era5
2026-04-29,W0440,52.4644,10.8975,,0.0,9.0,10.3,0.129,9.8,0.181,3.91,era5
2026-04-30,W0440,52.4644,10.8975,,0.0,10.3,10.9,0.118,9.8,0.175,3.77,era5
2026-04-28,W0441,52.4644,10.9271,,0.0,9.6,10.7,0.141,9.8,0.186,4.03,era5
2026-04-29,W0441,52.4644,10.9271,,0.0,9.0,10.3,0.129,9.8,0.181,3.91,era5
2026-04-30,W0441,52.4644,10.9271,,0.0,10.3,10.9,0.118,9.8,0.175,3.77,era5
2026-04-28,W0442,52.4644,10.9566,,0.0,9.6,10.7,0.141,9.8,0.186,4.03,era5
2026-04-29,W0442,52.4644,10.9566,,0.0,9.0,10.3,0.129,9.8,0.181,3.91,era5
2026-04-30,W0442,52.4644,10.9566,,0.0,10.3,10.9,0.118,9.8,0.175,3.77,era5
2026-04-28,W0443,52.4644,11.0452,,0.0,9.7,11.4,0.149,10.3,0.172,4.13,era5
2026-04-29,W0443,52.4644,11.0452,,0.0,9.2,11.2,0.139,10.4,0.164,4.01,era5
2026-04-30,W0443,52.4644,11.0452,,0.0,10.6,12.1,0.129,10.6,0.157,3.86,era5
2026-04-28,W0444,52.4644,11.1043,,0.0,9.7,11.4,0.149,10.3,0.172,4.13,era5
2026-04-29,W0444,52.4644,11.1043,,0.0,9.2,11.2,0.139,10.4,0.164,4.01,era5
2026-04-30,W0444,52.4644,11.1043,,0.0,10.6,12.1,0.129,10.6,0.157,3.86,era5
2026-04-28,W0445,52.4644,11.1338,,0.0,9.6,10.9,0.131,9.9,0.183,4.06,era5
2026-04-29,W0445,52.4644,11.1338,,0.0,9.1,10.8,0.116,10.0,0.174,3.93,era5
2026-04-30,W0445,52.4644,11.1338,,0.0,10.4,11.6,0.104,10.2,0.164,3.79,era5
2026-04-28,W0446,52.4824,10.1295,,0.0,10.8,13.2,0.031,11.3,0.062,4.55,era5
2026-04-29,W0446,52.4824,10.1295,,0.0,10.1,12.6,0.02,11.4,0.057,4.29,era5
2026-04-30,W0446,52.4824,10.1295,,0.0,11.4,13.3,0.01,11.5,0.057,4.28,era5
2026-04-28,W0447,52.4824,10.1591,,0.0,10.8,13.2,0.031,11.3,0.062,4.55,era5
2026-04-29,W0447,52.4824,10.1591,,0.0,10.1,12.6,0.02,11.4,0.057,4.29,era5
2026-04-30,W0447,52.4824,10.1591,,0.0,11.4,13.3,0.01,11.5,0.057,4.28,era5
2026-04-28,W0448,52.4824,10.1886,,0.0,10.8,13.2,0.031,11.3,0.062,4.55,era5
2026-04-29,W0448,52.4824,10.1886,,0.0,10.1,12.6,0.02,11.4,0.057,4.29,era5
2026-04-30,W0448,52.4824,10.1886,,0.0,11.4,13.3,0.01,11.5,0.057,4.28,era5
2026-04-28,W0449,52.4824,10.2477,,0.0,10.8,13.2,0.031,11.3,0.062,4.55,era5
2026-04-29,W0449,52.4824,10.2477,,0.0,10.1,12.6,0.02,11.4,0.057,4.29,era5
2026-04-30,W0449,52.4824,10.2477,,0.0,11.4,13.3,0.01,11.5,0.057,4.28,era5
2026-04-28,W0450,52.4824,10.2772,,0.0,10.8,13.2,0.031,11.3,0.062,4.55,era5
2026-04-29,W0450,52.4824,10.2772,,0.0,10.1,12.6,0.02,11.4,0.057,4.29,era5
2026-04-30,W0450,52.4824,10.2772,,0.0,11.4,13.3,0.01,11.5,0.057,4.28,era5
2026-04-28,W0451,52.4824,10.3068,,0.0,10.4,12.2,0.092,10.8,0.144,4.42,era5
2026-04-29,W0451,52.4824,10.3068,,0.0,9.8,11.7,0.08,10.9,0.144,4.19,era5
2026-04-30,W0451,52.4824,10.3068,,0.0,11.2,12.4,0.07,11.0,0.144,4.14,era5
2026-04-28,W0452,52.4824,10.3954,,0.0,10.4,12.2,0.092,10.8,0.144,4.42,era5
2026-04-29,W0452,52.4824,10.3954,,0.0,9.8,11.7,0.08,10.9,0.144,4.19,era5
2026-04-30,W0452,52.4824,10.3954,,0.0,11.2,12.4,0.07,11.0,0.144,4.14,era5
2026-04-28,W0453,52.4824,10.4249,,0.0,10.4,12.2,0.092,10.8,0.144,4.43,era5
2026-04-29,W0453,52.4824,10.4249,,0.0,9.8,11.7,0.08,10.9,0.144,4.19,era5
2026-04-30,W0453,52.4824,10.4249,,0.0,11.2,12.4,0.07,11.0,0.144,4.14,era5
2026-04-28,W0454,52.4824,10.4545,,0.0,10.4,12.2,0.092,10.8,0.144,4.42,era5
2026-04-29,W0454,52.4824,10.4545,,0.0,9.8,11.7,0.08,10.9,0.144,4.19,era5
2026-04-30,W0454,52.4824,10.4545,,0.0,11.2,12.4,0.07,11.0,0.144,4.14,era5
2026-04-28,W0455,52.4824,10.484,,0.0,10.1,12.0,0.12,10.6,0.184,4.28,era5
2026-04-29,W0455,52.4824,10.484,,0.0,9.6,11.7,0.11,10.8,0.175,4.11,era5
2026-04-30,W0455,52.4824,10.484,,0.0,11.2,12.5,0.109,11.0,0.171,4.05,era5
2026-04-28,W0456,52.4824,10.5135,,0.0,10.1,12.0,0.12,10.6,0.184,4.28,era5
2026-04-29,W0456,52.4824,10.5135,,0.0,9.6,11.7,0.11,10.8,0.175,4.11,era5
2026-04-30,W0456,52.4824,10.5135,,0.0,11.2,12.5,0.109,11.0,0.171,4.05,era5
2026-04-28,W0457,52.4824,10.5726,,0.0,10.1,12.0,0.12,10.6,0.184,4.28,era5
2026-04-29,W0457,52.4824,10.5726,,0.0,9.6,11.7,0.11,10.8,0.175,4.11,era5
2026-04-30,W0457,52.4824,10.5726,,0.0,11.2,12.5,0.109,11.0,0.171,4.05,era5
2026-04-28,W0458,52.4824,10.6021,,0.0,10.1,12.0,0.12,10.6,0.184,4.28,era5
2026-04-29,W0458,52.4824,10.6021,,0.0,9.6,11.7,0.11,10.8,0.175,4.11,era5
2026-04-30,W0458,52.4824,10.6021,,0.0,11.2,12.5,0.109,11.0,0.171,4.05,era5
2026-04-28,W0459,52.4824,10.6317,,0.0,9.6,10.2,0.185,9.5,0.242,3.95,era5
2026-04-29,W0459,52.4824,10.6317,,0.0,8.9,9.7,0.166,9.4,0.233,3.8,era5
2026-04-30,W0459,52.4824,10.6317,,0.0,10.3,10.0,0.153,9.3,0.225,3.75,era5
2026-04-28,W0460,52.4824,10.6612,,0.0,9.6,10.2,0.185,9.5,0.242,3.95,era5
2026-04-29,W0460,52.4824,10.6612,,0.0,8.9,9.7,0.166,9.4,0.233,3.8,era5
2026-04-30,W0460,52.4824,10.6612,,0.0,10.3,10.0,0.153,9.3,0.225,3.75,era5
2026-04-28,W0461,52.4824,10.6908,,0.0,9.6,10.2,0.185,9.5,0.242,3.95,era5
2026-04-29,W0461,52.4824,10.6908,,0.0,8.9,9.7,0.166,9.4,0.233,3.8,era5
2026-04-30,W0461,52.4824,10.6908,,0.0,10.3,10.0,0.153,9.3,0.225,3.75,era5
2026-04-28,W0462,52.4824,10.7203,,0.0,9.6,10.2,0.185,9.5,0.242,3.95,era5
2026-04-29,W0462,52.4824,10.7203,,0.0,8.9,9.7,0.166,9.4,0.233,3.8,era5
2026-04-30,W0462,52.4824,10.7203,,0.0,10.3,10.0,0.153,9.3,0.225,3.75,era5
2026-04-28,W0463,52.4824,10.7794,,0.0,9.6,10.2,0.185,9.5,0.242,3.95,era5
2026-04-29,W0463,52.4824,10.7794,,0.0,8.9,9.7,0.166,9.4,0.233,3.8,era5
2026-04-30,W0463,52.4824,10.7794,,0.0,10.3,10.0,0.153,9.3,0.225,3.75,era5
2026-04-28,W0464,52.4824,10.8089,,0.0,9.6,10.7,0.141,9.8,0.186,4.03,era5
2026-04-29,W0464,52.4824,10.8089,,0.0,9.0,10.3,0.129,9.8,0.181,3.91,era5
2026-04-30,W0464,52.4824,10.8089,,0.0,10.3,10.9,0.118,9.8,0.175,3.77,era5
2026-04-28,W0465,52.4824,10.9566,,0.0,9.6,10.7,0.141,9.8,0.186,4.03,era5
2026-04-29,W0465,52.4824,10.9566,,0.0,9.0,10.3,0.129,9.8,0.181,3.91,era5
2026-04-30,W0465,52.4824,10.9566,,0.0,10.3,10.9,0.118,9.8,0.175,3.77,era5
2026-04-28,W0466,52.4824,10.9861,,0.0,9.7,11.4,0.149,10.3,0.172,4.13,era5
2026-04-29,W0466,52.4824,10.9861,,0.0,9.2,11.2,0.139,10.4,0.164,4.01,era5
2026-04-30,W0466,52.4824,10.9861,,0.0,10.6,12.1,0.129,10.6,0.157,3.86,era5
2026-04-28,W0467,52.4824,11.0157,,0.0,9.7,11.4,0.149,10.3,0.172,4.13,era5
2026-04-29,W0467,52.4824,11.0157,,0.0,9.2,11.2,0.139,10.4,0.164,4.01,era5
2026-04-30,W0467,52.4824,11.0157,,0.0,10.6,12.1,0.129,10.6,0.157,3.86,era5
2026-04-28,W0468,52.4824,11.0452,,0.0,9.7,11.4,0.149,10.3,0.172,4.13,era5
2026-04-29,W0468,52.4824,11.0452,,0.0,9.2,11.2,0.139,10.4,0.164,4.01,era5
2026-04-30,W0468,52.4824,11.0452,,0.0,10.6,12.1,0.129,10.6,0.157,3.86,era5
2026-04-28,W0469,52.5005,10.1,,0.0,11.0,13.2,0.012,11.0,0.058,4.64,era5
2026-04-29,W0469,52.5005,10.1,,0.0,10.4,12.6,0.018,11.2,0.058,4.35,era5
2026-04-30,W0469,52.5005,10.1,,0.0,11.7,13.3,0.01,11.4,0.058,4.36,era5
2026-04-28,W0470,52.5005,10.1295,,0.0,10.8,13.2,0.031,11.3,0.062,4.55,era5
2026-04-29,W0470,52.5005,10.1295,,0.0,10.1,12.6,0.02,11.4,0.057,4.29,era5
2026-04-30,W0470,52.5005,10.1295,,0.0,11.4,13.3,0.01,11.5,0.057,4.28,era5
2026-04-28,W0471,52.5005,10.1591,,0.0,10.8,13.2,0.031,11.3,0.062,4.55,era5
2026-04-29,W0471,52.5005,10.1591,,0.0,10.1,12.6,0.02,11.4,0.057,4.29,era5
2026-04-30,W0471,52.5005,10.1591,,0.0,11.4,13.3,0.01,11.5,0.057,4.28,era5
2026-04-28,W0472,52.5005,10.1886,,0.0,10.8,13.2,0.031,11.3,0.062,4.55,era5
2026-04-29,W0472,52.5005,10.1886,,0.0,10.1,12.6,0.02,11.4,0.057,4.29,era5
2026-04-30,W0472,52.5005,10.1886,,0.0,11.4,13.3,0.01,11.5,0.057,4.28,era5
2026-04-28,W0473,52.5005,10.2477,,0.0,10.8,13.2,0.031,11.3,0.062,4.55,era5
2026-04-29,W0473,52.5005,10.2477,,0.0,10.1,12.6,0.02,11.4,0.057,4.29,era5
2026-04-30,W0473,52.5005,10.2477,,0.0,11.4,13.3,0.01,11.5,0.057,4.28,era5
2026-04-28,W0474,52.5005,10.2772,,0.0,10.8,13.0,0.031,10.9,0.059,4.58,era5
2026-04-29,W0474,52.5005,10.2772,,0.0,10.1,12.4,0.023,11.0,0.059,4.27,era5
2026-04-30,W0474,52.5005,10.2772,,0.0,11.3,13.1,0.011,11.1,0.059,4.22,era5
2026-04-28,W0475,52.5005,10.3068,,0.0,10.4,12.2,0.092,10.8,0.144,4.42,era5
2026-04-29,W0475,52.5005,10.3068,,0.0,9.8,11.7,0.08,10.9,0.144,4.19,era5
2026-04-30,W0475,52.5005,10.3068,,0.0,11.2,12.4,0.07,11.0,0.144,4.14,era5
2026-04-28,W0476,52.5005,10.3954,,0.0,10.4,12.2,0.092,10.8,0.144,4.42,era5
2026-04-29,W0476,52.5005,10.3954,,0.0,9.8,11.7,0.08,10.9,0.144,4.19,era5
2026-04-30,W0476,52.5005,10.3954,,0.0,11.2,12.4,0.07,11.0,0.144,4.14,era5
2026-04-28,W0477,52.5005,10.4249,,0.0,10.4,12.2,0.092,10.8,0.144,4.42,era5
2026-04-29,W0477,52.5005,10.4249,,0.0,9.8,11.7,0.08,10.9,0.144,4.19,era5
2026-04-30,W0477,52.5005,10.4249,,0.0,11.2,12.4,0.07,11.0,0.144,4.14,era5
2026-04-28,W0478,52.5005,10.4545,,0.0,10.4,12.2,0.011,10.4,0.075,4.45,era5
2026-04-29,W0478,52.5005,10.4545,,0.0,9.8,11.7,0.013,10.5,0.065,4.19,era5
2026-04-30,W0478,52.5005,10.4545,,0.0,11.1,12.3,0.01,10.6,0.058,4.13,era5
2026-04-28,W0479,52.5005,10.484,,0.0,10.1,12.0,0.12,10.6,0.184,4.28,era5
2026-04-29,W0479,52.5005,10.484,,0.0,9.6,11.7,0.11,10.8,0.175,4.11,era5
2026-04-30,W0479,52.5005,10.484,,0.0,11.2,12.5,0.109,11.0,0.171,4.05,era5
2026-04-28,W0480,52.5005,10.5135,,0.0,10.1,12.0,0.12,10.6,0.184,4.28,era5
2026-04-29,W0480,52.5005,10.5135,,0.0,9.6,11.7,0.11,10.8,0.175,4.11,era5
2026-04-30,W0480,52.5005,10.5135,,0.0,11.2,12.5,0.109,11.0,0.171,4.05,era5
2026-04-28,W0481,52.5005,10.5431,,0.0,10.1,12.0,0.12,10.6,0.184,4.28,era5
2026-04-29,W0481,52.5005,10.5431,,0.0,9.6,11.7,0.11,10.8,0.175,4.11,era5
2026-04-30,W0481,52.5005,10.5431,,0.0,11.2,12.5,0.109,11.0,0.171,4.05,era5
2026-04-28,W0482,52.5005,10.5726,,0.0,10.1,12.0,0.12,10.6,0.184,4.28,era5
2026-04-29,W0482,52.5005,10.5726,,0.0,9.6,11.7,0.11,10.8,0.175,4.11,era5
2026-04-30,W0482,52.5005,10.5726,,0.0,11.2,12.5,0.109,11.0,0.171,4.05,era5
2026-04-28,W0483,52.5005,10.6021,,0.0,10.1,11.9,0.029,10.3,0.103,4.3,era5
2026-04-29,W0483,52.5005,10.6021,,0.0,9.5,11.3,0.017,10.4,0.091,4.07,era5
2026-04-30,W0483,52.5005,10.6021,,0.0,10.9,11.8,0.015,10.3,0.085,3.99,era5
2026-04-28,W0484,52.5005,10.6612,,0.0,9.6,10.2,0.185,9.5,0.242,3.95,era5
2026-04-29,W0484,52.5005,10.6612,,0.0,8.9,9.7,0.166,9.4,0.233,3.8,era5
2026-04-30,W0484,52.5005,10.6612,,0.0,10.3,10.0,0.153,9.3,0.225,3.75,era5
2026-04-28,W0485,52.5005,10.6908,,0.0,9.6,10.2,0.185,9.5,0.242,3.95,era5
2026-04-29,W0485,52.5005,10.6908,,0.0,8.9,9.7,0.166,9.4,0.233,3.8,era5
2026-04-30,W0485,52.5005,10.6908,,0.0,10.3,10.0,0.153,9.3,0.225,3.75,era5
2026-04-28,W0486,52.5005,10.7203,,0.0,9.6,10.2,0.185,9.5,0.242,3.95,era5
2026-04-29,W0486,52.5005,10.7203,,0.0,8.9,9.7,0.166,9.4,0.233,3.8,era5
2026-04-30,W0486,52.5005,10.7203,,0.0,10.3,10.0,0.153,9.3,0.225,3.75,era5
2026-04-28,W0487,52.5005,10.7498,,0.0,9.6,10.2,0.185,9.5,0.242,3.95,era5
2026-04-29,W0487,52.5005,10.7498,,0.0,8.9,9.7,0.166,9.4,0.233,3.8,era5
2026-04-30,W0487,52.5005,10.7498,,0.0,10.3,10.0,0.153,9.3,0.225,3.75,era5
2026-04-28,W0488,52.5005,10.8089,,0.0,9.6,10.7,0.141,9.8,0.186,4.03,era5
2026-04-29,W0488,52.5005,10.8089,,0.0,9.0,10.3,0.129,9.8,0.181,3.91,era5
2026-04-30,W0488,52.5005,10.8089,,0.0,10.3,10.9,0.118,9.8,0.175,3.77,era5
2026-04-28,W0489,52.5005,10.8384,,0.0,9.6,10.7,0.141,9.8,0.186,4.03,era5
2026-04-29,W0489,52.5005,10.8384,,0.0,9.0,10.3,0.129,9.8,0.181,3.91,era5
2026-04-30,W0489,52.5005,10.8384,,0.0,10.3,10.9,0.118,9.8,0.175,3.77,era5
2026-04-28,W0490,52.5005,10.868,,0.0,9.6,10.7,0.141,9.8,0.186,4.03,era5
2026-04-29,W0490,52.5005,10.868,,0.0,9.0,10.3,0.129,9.8,0.181,3.91,era5
2026-04-30,W0490,52.5005,10.868,,0.0,10.3,10.9,0.118,9.8,0.175,3.77,era5
2026-04-28,W0491,52.5005,10.8975,,0.0,9.6,10.7,0.141,9.8,0.186,4.03,era5
2026-04-29,W0491,52.5005,10.8975,,0.0,9.0,10.3,0.129,9.8,0.181,3.91,era5
2026-04-30,W0491,52.5005,10.8975,,0.0,10.3,10.9,0.118,9.8,0.175,3.77,era5
2026-04-28,W0492,52.5005,10.9271,,0.0,9.6,10.7,0.141,9.8,0.186,4.03,era5
2026-04-29,W0492,52.5005,10.9271,,0.0,9.0,10.3,0.129,9.8,0.181,3.91,era5
2026-04-30,W0492,52.5005,10.9271,,0.0,10.3,10.9,0.118,9.8,0.175,3.77,era5
2026-04-28,W0493,52.5005,10.9566,,0.0,9.7,11.0,0.143,10.0,0.182,4.12,era5
2026-04-29,W0493,52.5005,10.9566,,0.0,9.2,10.7,0.129,10.1,0.174,3.98,era5
2026-04-30,W0493,52.5005,10.9566,,0.0,10.6,11.4,0.119,10.2,0.169,3.83,era5
2026-04-28,W0494,52.5005,10.9861,,0.0,9.7,11.4,0.149,10.3,0.172,4.13,era5
2026-04-29,W0494,52.5005,10.9861,,0.0,9.2,11.2,0.139,10.4,0.164,4.01,era5
2026-04-30,W0494,52.5005,10.9861,,0.0,10.6,12.1,0.129,10.6,0.157,3.86,era5
2026-04-28,W0495,52.5005,11.1043,,0.0,9.7,11.4,0.128,10.3,0.168,4.18,era5
2026-04-29,W0495,52.5005,11.1043,,0.0,9.2,11.4,0.112,10.4,0.158,4.02,era5
2026-04-30,W0495,52.5005,11.1043,,0.0,10.7,12.3,0.105,10.8,0.154,3.85,era5
2026-04-28,W0496,52.5185,10.1,,0.0,11.0,13.2,0.012,11.0,0.058,4.64,era5
2026-04-29,W0496,52.5185,10.1,,0.0,10.4,12.6,0.018,11.2,0.058,4.35,era5
2026-04-30,W0496,52.5185,10.1,,0.0,11.7,13.3,0.01,11.4,0.058,4.36,era5
2026-04-28,W0497,52.5185,10.1295,,0.0,11.0,13.2,0.012,11.0,0.058,4.64,era5
2026-04-29,W0497,52.5185,10.1295,,0.0,10.4,12.6,0.018,11.2,0.058,4.35,era5
2026-04-30,W0497,52.5185,10.1295,,0.0,11.7,13.3,0.01,11.4,0.058,4.36,era5
2026-04-28,W0498,52.5185,10.1591,,0.0,10.8,13.2,0.031,11.3,0.062,4.55,era5
2026-04-29,W0498,52.5185,10.1591,,0.0,10.1,12.6,0.02,11.4,0.057,4.29,era5
2026-04-30,W0498,52.5185,10.1591,,0.0,11.4,13.3,0.01,11.5,0.057,4.28,era5
2026-04-28,W0499,52.5185,10.2477,,0.0,10.8,13.0,0.031,10.9,0.059,4.58,era5
2026-04-29,W0499,52.5185,10.2477,,0.0,10.1,12.4,0.023,11.0,0.059,4.27,era5
2026-04-30,W0499,52.5185,10.2477,,0.0,11.3,13.1,0.011,11.1,0.059,4.22,era5
2026-04-28,W0500,52.5185,10.2772,,0.0,10.8,13.0,0.031,10.9,0.059,4.58,era5
2026-04-29,W0500,52.5185,10.2772,,0.0,10.1,12.4,0.023,11.0,0.059,4.27,era5
2026-04-30,W0500,52.5185,10.2772,,0.0,11.3,13.1,0.011,11.1,0.059,4.22,era5
2026-04-28,W0501,52.5185,10.3068,,0.0,10.4,12.2,0.092,10.8,0.144,4.42,era5
2026-04-29,W0501,52.5185,10.3068,,0.0,9.8,11.7,0.08,10.9,0.144,4.19,era5
2026-04-30,W0501,52.5185,10.3068,,0.0,11.2,12.4,0.07,11.0,0.144,4.14,era5
2026-04-28,W0502,52.5185,10.3954,,0.0,10.4,12.2,0.011,10.4,0.075,4.45,era5
2026-04-29,W0502,52.5185,10.3954,,0.0,9.8,11.7,0.013,10.5,0.065,4.19,era5
2026-04-30,W0502,52.5185,10.3954,,0.0,11.1,12.3,0.01,10.6,0.058,4.13,era5
2026-04-28,W0503,52.5185,10.4249,,0.0,10.4,12.2,0.011,10.4,0.075,4.45,era5
2026-04-29,W0503,52.5185,10.4249,,0.0,9.8,11.7,0.013,10.5,0.065,4.19,era5
2026-04-30,W0503,52.5185,10.4249,,0.0,11.1,12.3,0.01,10.6,0.058,4.13,era5
2026-04-28,W0504,52.5185,10.4545,,0.0,10.4,12.2,0.011,10.4,0.075,4.45,era5
2026-04-29,W0504,52.5185,10.4545,,0.0,9.8,11.7,0.013,10.5,0.065,4.18,era5
2026-04-30,W0504,52.5185,10.4545,,0.0,11.1,12.3,0.01,10.6,0.058,4.13,era5
2026-04-28,W0505,52.5185,10.5135,,0.0,10.1,12.0,0.12,10.6,0.184,4.28,era5
2026-04-29,W0505,52.5185,10.5135,,0.0,9.6,11.7,0.11,10.8,0.175,4.11,era5
2026-04-30,W0505,52.5185,10.5135,,0.0,11.2,12.5,0.109,11.0,0.171,4.05,era5
2026-04-28,W0506,52.5185,10.5431,,0.0,10.1,11.9,0.029,10.3,0.103,4.3,era5
2026-04-29,W0506,52.5185,10.5431,,0.0,9.5,11.3,0.017,10.4,0.091,4.07,era5
2026-04-30,W0506,52.5185,10.5431,,0.0,10.9,11.8,0.015,10.3,0.085,3.99,era5
2026-04-28,W0507,52.5185,10.5726,,0.0,10.1,11.9,0.029,10.3,0.103,4.3,era5
2026-04-29,W0507,52.5185,10.5726,,0.0,9.5,11.3,0.017,10.4,0.091,4.07,era5
2026-04-30,W0507,52.5185,10.5726,,0.0,10.9,11.8,0.015,10.3,0.085,3.99,era5
2026-04-28,W0508,52.5185,10.6021,,0.0,10.1,11.9,0.029,10.3,0.103,4.3,era5
2026-04-29,W0508,52.5185,10.6021,,0.0,9.5,11.3,0.017,10.4,0.091,4.07,era5
2026-04-30,W0508,52.5185,10.6021,,0.0,10.9,11.8,0.015,10.3,0.085,3.99,era5
2026-04-28,W0509,52.5185,10.6317,,0.0,10.1,11.9,0.029,10.3,0.103,4.3,era5
2026-04-29,W0509,52.5185,10.6317,,0.0,9.5,11.3,0.017,10.4,0.091,4.07,era5
2026-04-30,W0509,52.5185,10.6317,,0.0,10.9,11.8,0.015,10.3,0.085,3.99,era5
2026-04-28,W0510,52.5185,10.6612,,0.0,9.6,10.2,0.185,9.5,0.242,3.95,era5
2026-04-29,W0510,52.5185,10.6612,,0.0,8.9,9.7,0.166,9.4,0.233,3.8,era5
2026-04-30,W0510,52.5185,10.6612,,0.0,10.3,10.0,0.153,9.3,0.225,3.75,era5
2026-04-28,W0511,52.5185,10.6908,,0.0,9.6,10.2,0.185,9.5,0.242,3.95,era5
2026-04-29,W0511,52.5185,10.6908,,0.0,8.9,9.7,0.166,9.4,0.233,3.8,era5
2026-04-30,W0511,52.5185,10.6908,,0.0,10.3,10.0,0.153,9.3,0.225,3.75,era5
2026-04-28,W0512,52.5185,10.7203,,0.0,9.9,11.3,0.057,9.9,0.108,4.19,era5
2026-04-29,W0512,52.5185,10.7203,,0.0,9.4,11.0,0.044,10.1,0.098,4.03,era5
2026-04-30,W0512,52.5185,10.7203,,0.0,10.7,11.5,0.039,10.2,0.091,3.89,era5
2026-04-28,W0513,52.5185,10.7498,,0.0,9.9,11.3,0.057,9.9,0.108,4.19,era5
2026-04-29,W0513,52.5185,10.7498,,0.0,9.4,11.0,0.044,10.1,0.098,4.03,era5
2026-04-30,W0513,52.5185,10.7498,,0.0,10.7,11.5,0.039,10.2,0.091,3.89,era5
2026-04-28,W0514,52.5185,10.7794,,0.0,9.9,11.3,0.057,9.9,0.108,4.19,era5
2026-04-29,W0514,52.5185,10.7794,,0.0,9.4,11.0,0.044,10.1,0.098,4.03,era5
2026-04-30,W0514,52.5185,10.7794,,0.0,10.7,11.5,0.039,10.2,0.091,3.89,era5
2026-04-28,W0515,52.5185,10.8384,,0.0,9.6,10.7,0.141,9.8,0.186,4.03,era5
2026-04-29,W0515,52.5185,10.8384,,0.0,9.0,10.3,0.129,9.8,0.181,3.91,era5
2026-04-30,W0515,52.5185,10.8384,,0.0,10.3,10.9,0.118,9.8,0.175,3.77,era5
2026-04-28,W0516,52.5185,10.868,,0.0,9.7,11.0,0.143,10.0,0.182,4.12,era5
2026-04-29,W0516,52.5185,10.868,,0.0,9.2,10.7,0.129,10.1,0.174,3.98,era5
2026-04-30,W0516,52.5185,10.868,,0.0,10.6,11.4,0.119,10.2,0.169,3.83,era5
2026-04-28,W0517,52.5185,10.8975,,0.0,9.7,11.0,0.143,10.0,0.182,4.12,era5
2026-04-29,W0517,52.5185,10.8975,,0.0,9.2,10.7,0.129,10.1,0.174,3.98,era5
2026-04-30,W0517,52.5185,10.8975,,0.0,10.6,11.4,0.119,10.2,0.169,3.83,era5
2026-04-28,W0518,52.5185,10.9271,,0.0,9.7,11.0,0.143,10.0,0.182,4.12,era5
2026-04-29,W0518,52.5185,10.9271,,0.0,9.2,10.7,0.129,10.1,0.174,3.98,era5
2026-04-30,W0518,52.5185,10.9271,,0.0,10.6,11.4,0.119,10.2,0.169,3.83,era5
2026-04-28,W0519,52.5185,10.9566,,0.0,9.7,11.0,0.143,10.0,0.182,4.12,era5
2026-04-29,W0519,52.5185,10.9566,,0.0,9.2,10.7,0.129,10.1,0.174,3.98,era5
2026-04-30,W0519,52.5185,10.9566,,0.0,10.6,11.4,0.119,10.2,0.169,3.83,era5
2026-04-28,W0520,52.5185,10.9861,,0.0,9.7,11.4,0.149,10.3,0.172,4.13,era5
2026-04-29,W0520,52.5185,10.9861,,0.0,9.2,11.2,0.139,10.4,0.164,4.01,era5
2026-04-30,W0520,52.5185,10.9861,,0.0,10.6,12.1,0.129,10.6,0.157,3.86,era5
2026-04-28,W0521,52.5185,11.0157,,0.0,9.7,11.4,0.149,10.3,0.172,4.13,era5
2026-04-29,W0521,52.5185,11.0157,,0.0,9.2,11.2,0.139,10.4,0.164,4.01,era5
2026-04-30,W0521,52.5185,11.0157,,0.0,10.6,12.1,0.129,10.6,0.157,3.86,era5
2026-04-28,W0522,52.5365,10.1,,0.0,11.0,13.2,0.012,11.0,0.058,4.64,era5
2026-04-29,W0522,52.5365,10.1,,0.0,10.4,12.6,0.018,11.2,0.058,4.35,era5
2026-04-30,W0522,52.5365,10.1,,0.0,11.7,13.3,0.01,11.4,0.058,4.36,era5
2026-04-28,W0523,52.5365,10.1295,,0.0,11.0,13.2,0.012,11.0,0.058,4.64,era5
2026-04-29,W0523,52.5365,10.1295,,0.0,10.4,12.6,0.018,11.2,0.058,4.35,era5
2026-04-30,W0523,52.5365,10.1295,,0.0,11.7,13.3,0.01,11.4,0.058,4.36,era5
2026-04-28,W0524,52.5365,10.2182,,0.0,10.8,13.0,0.031,10.9,0.059,4.58,era5
2026-04-29,W0524,52.5365,10.2182,,0.0,10.1,12.4,0.023,11.0,0.059,4.27,era5
2026-04-30,W0524,52.5365,10.2182,,0.0,11.3,13.1,0.011,11.1,0.059,4.22,era5
2026-04-28,W0525,52.5365,10.2477,,0.0,10.8,13.0,0.031,10.9,0.059,4.58,era5
2026-04-29,W0525,52.5365,10.2477,,0.0,10.1,12.4,0.023,11.0,0.059,4.27,era5
2026-04-30,W0525,52.5365,10.2477,,0.0,11.3,13.1,0.011,11.1,0.059,4.23,era5
2026-04-28,W0526,52.5365,10.2772,,0.0,10.8,13.0,0.031,10.9,0.059,4.58,era5
2026-04-29,W0526,52.5365,10.2772,,0.0,10.1,12.4,0.023,11.0,0.059,4.27,era5
2026-04-30,W0526,52.5365,10.2772,,0.0,11.3,13.1,0.011,11.1,0.059,4.22,era5
2026-04-28,W0527,52.5365,10.3068,,0.0,10.8,13.0,0.031,10.9,0.059,4.58,era5
2026-04-29,W0527,52.5365,10.3068,,0.0,10.1,12.4,0.023,11.0,0.059,4.27,era5
2026-04-30,W0527,52.5365,10.3068,,0.0,11.3,13.1,0.011,11.1,0.059,4.22,era5
2026-04-28,W0528,52.5365,10.4545,,0.0,10.4,12.2,0.011,10.4,0.075,4.45,era5
2026-04-29,W0528,52.5365,10.4545,,0.0,9.8,11.7,0.013,10.5,0.065,4.19,era5
2026-04-30,W0528,52.5365,10.4545,,0.0,11.1,12.3,0.01,10.6,0.058,4.13,era5
2026-04-28,W0529,52.5365,10.484,,0.0,10.1,11.9,0.029,10.3,0.103,4.3,era5
2026-04-29,W0529,52.5365,10.484,,0.0,9.5,11.3,0.017,10.4,0.091,4.07,era5
2026-04-30,W0529,52.5365,10.484,,0.0,10.9,11.8,0.015,10.3,0.085,3.99,era5
2026-04-28,W0530,52.5365,10.5135,,0.0,10.1,11.9,0.029,10.3,0.103,4.3,era5
2026-04-29,W0530,52.5365,10.5135,,0.0,9.5,11.3,0.017,10.4,0.091,4.07,era5
2026-04-30,W0530,52.5365,10.5135,,0.0,10.9,11.8,0.015,10.3,0.085,3.99,era5
2026-04-28,W0531,52.5365,10.5431,,0.0,10.1,11.9,0.029,10.3,0.103,4.3,era5
2026-04-29,W0531,52.5365,10.5431,,0.0,9.5,11.3,0.017,10.4,0.091,4.07,era5
2026-04-30,W0531,52.5365,10.5431,,0.0,10.9,11.8,0.015,10.3,0.085,3.99,era5
2026-04-28,W0532,52.5365,10.5726,,0.0,10.1,11.9,0.029,10.3,0.103,4.3,era5
2026-04-29,W0532,52.5365,10.5726,,0.0,9.5,11.3,0.017,10.4,0.091,4.07,era5
2026-04-30,W0532,52.5365,10.5726,,0.0,10.9,11.8,0.015,10.3,0.085,3.99,era5
2026-04-28,W0533,52.5365,10.6021,,0.0,10.1,11.9,0.029,10.3,0.103,4.3,era5
2026-04-29,W0533,52.5365,10.6021,,0.0,9.5,11.3,0.017,10.4,0.091,4.07,era5
2026-04-30,W0533,52.5365,10.6021,,0.0,10.9,11.8,0.015,10.3,0.085,3.99,era5
2026-04-28,W0534,52.5365,10.6317,,0.0,10.1,11.9,0.029,10.3,0.103,4.3,era5
2026-04-29,W0534,52.5365,10.6317,,0.0,9.5,11.3,0.017,10.4,0.091,4.07,era5
2026-04-30,W0534,52.5365,10.6317,,0.0,10.9,11.8,0.015,10.3,0.085,3.99,era5
2026-04-28,W0535,52.5365,10.6612,,0.0,9.9,11.3,0.057,9.9,0.108,4.19,era5
2026-04-29,W0535,52.5365,10.6612,,0.0,9.4,11.0,0.044,10.1,0.098,4.03,era5
2026-04-30,W0535,52.5365,10.6612,,0.0,10.7,11.5,0.039,10.2,0.091,3.89,era5
2026-04-28,W0536,52.5365,10.6908,,0.0,9.9,11.3,0.057,9.9,0.108,4.19,era5
2026-04-29,W0536,52.5365,10.6908,,0.0,9.4,11.0,0.044,10.1,0.098,4.03,era5
2026-04-30,W0536,52.5365,10.6908,,0.0,10.7,11.5,0.039,10.2,0.091,3.89,era5
2026-04-28,W0537,52.5365,10.7203,,0.0,9.9,11.3,0.057,9.9,0.108,4.19,era5
2026-04-29,W0537,52.5365,10.7203,,0.0,9.4,11.0,0.044,10.1,0.098,4.03,era5
2026-04-30,W0537,52.5365,10.7203,,0.0,10.7,11.5,0.039,10.2,0.091,3.89,era5
2026-04-28,W0538,52.5365,10.7498,,0.0,9.9,11.3,0.057,9.9,0.108,4.19,era5
2026-04-29,W0538,52.5365,10.7498,,0.0,9.4,11.0,0.044,10.1,0.098,4.03,era5
2026-04-30,W0538,52.5365,10.7498,,0.0,10.7,11.5,0.039,10.2,0.091,3.89,era5
2026-04-28,W0539,52.5365,10.7794,,0.0,9.9,11.3,0.057,9.9,0.108,4.19,era5
2026-04-29,W0539,52.5365,10.7794,,0.0,9.4,11.0,0.044,10.1,0.098,4.03,era5
2026-04-30,W0539,52.5365,10.7794,,0.0,10.7,11.5,0.039,10.2,0.091,3.89,era5
2026-04-28,W0540,52.5365,10.8089,,0.0,9.9,11.3,0.057,9.9,0.108,4.19,era5
2026-04-29,W0540,52.5365,10.8089,,0.0,9.4,11.0,0.044,10.1,0.098,4.03,era5
2026-04-30,W0540,52.5365,10.8089,,0.0,10.7,11.5,0.039,10.2,0.091,3.89,era5
2026-04-28,W0541,52.5365,10.9271,,0.0,9.7,11.0,0.143,10.0,0.182,4.12,era5
2026-04-29,W0541,52.5365,10.9271,,0.0,9.2,10.7,0.129,10.1,0.174,3.98,era5
2026-04-30,W0541,52.5365,10.9271,,0.0,10.6,11.4,0.119,10.2,0.169,3.83,era5
2026-04-28,W0542,52.5365,10.9566,,0.0,9.7,11.0,0.143,10.0,0.182,4.12,era5
2026-04-29,W0542,52.5365,10.9566,,0.0,9.2,10.7,0.129,10.1,0.174,3.98,era5
2026-04-30,W0542,52.5365,10.9566,,0.0,10.6,11.4,0.119,10.2,0.169,3.83,era5
2026-04-28,W0543,52.5365,11.0747,,0.0,9.7,11.4,0.128,10.3,0.168,4.18,era5
2026-04-29,W0543,52.5365,11.0747,,0.0,9.2,11.4,0.112,10.4,0.158,4.02,era5
2026-04-30,W0543,52.5365,11.0747,,0.0,10.7,12.3,0.105,10.8,0.154,3.85,era5
2026-04-28,W0544,52.5365,11.1043,,0.0,9.7,11.4,0.128,10.3,0.168,4.18,era5
2026-04-29,W0544,52.5365,11.1043,,0.0,9.2,11.4,0.112,10.4,0.158,4.02,era5
2026-04-30,W0544,52.5365,11.1043,,0.0,10.7,12.3,0.105,10.8,0.154,3.85,era5
2026-04-28,W0545,52.5545,10.2182,,0.0,10.8,13.0,0.031,10.9,0.059,4.58,era5
2026-04-29,W0545,52.5545,10.2182,,0.0,10.1,12.4,0.023,11.0,0.059,4.27,era5
2026-04-30,W0545,52.5545,10.2182,,0.0,11.3,13.1,0.011,11.1,0.059,4.23,era5
2026-04-28,W0546,52.5545,10.2477,,0.0,10.8,13.0,0.031,10.9,0.059,4.58,era5
2026-04-29,W0546,52.5545,10.2477,,0.0,10.1,12.4,0.023,11.0,0.059,4.27,era5
2026-04-30,W0546,52.5545,10.2477,,0.0,11.3,13.1,0.011,11.1,0.059,4.22,era5
2026-04-28,W0547,52.5545,10.3363,,0.0,10.4,12.2,0.011,10.4,0.075,4.45,era5
2026-04-29,W0547,52.5545,10.3363,,0.0,9.8,11.7,0.013,10.5,0.065,4.19,era5
2026-04-30,W0547,52.5545,10.3363,,0.0,11.1,12.3,0.01,10.6,0.058,4.13,era5
2026-04-28,W0548,52.5545,10.3954,,0.0,10.4,12.2,0.011,10.4,0.075,4.45,era5
2026-04-29,W0548,52.5545,10.3954,,0.0,9.8,11.7,0.013,10.5,0.065,4.18,era5
2026-04-30,W0548,52.5545,10.3954,,0.0,11.1,12.3,0.01,10.6,0.058,4.13,era5
2026-04-28,W0549,52.5545,10.4249,,0.0,10.4,12.2,0.011,10.4,0.075,4.45,era5
2026-04-29,W0549,52.5545,10.4249,,0.0,9.8,11.7,0.013,10.5,0.065,4.18,era5
2026-04-30,W0549,52.5545,10.4249,,0.0,11.1,12.3,0.01,10.6,0.058,4.13,era5
2026-04-28,W0550,52.5545,10.4545,,0.0,10.4,12.2,0.011,10.4,0.075,4.45,era5
2026-04-29,W0550,52.5545,10.4545,,0.0,9.8,11.7,0.013,10.5,0.065,4.19,era5
2026-04-30,W0550,52.5545,10.4545,,0.0,11.1,12.3,0.01,10.6,0.058,4.13,era5
2026-04-28,W0551,52.5545,10.484,,0.0,10.1,11.9,0.029,10.3,0.103,4.3,era5
2026-04-29,W0551,52.5545,10.484,,0.0,9.5,11.3,0.017,10.4,0.091,4.07,era5
2026-04-30,W0551,52.5545,10.484,,0.0,10.9,11.8,0.015,10.3,0.085,3.99,era5
2026-04-28,W0552,52.5545,10.5135,,0.0,10.1,11.9,0.029,10.3,0.103,4.3,era5
2026-04-29,W0552,52.5545,10.5135,,0.0,9.5,11.3,0.017,10.4,0.091,4.07,era5
2026-04-30,W0552,52.5545,10.5135,,0.0,10.9,11.8,0.015,10.3,0.085,3.99,era5
2026-04-28,W0553,52.5545,10.5431,,0.0,10.1,11.9,0.029,10.3,0.103,4.3,era5
2026-04-29,W0553,52.5545,10.5431,,0.0,9.5,11.3,0.017,10.4,0.091,4.07,era5
2026-04-30,W0553,52.5545,10.5431,,0.0,10.9,11.8,0.015,10.3,0.085,3.99,era5
2026-04-28,W0554,52.5545,10.5726,,0.0,10.1,11.9,0.029,10.3,0.103,4.3,era5
2026-04-29,W0554,52.5545,10.5726,,0.0,9.5,11.3,0.017,10.4,0.091,4.07,era5
2026-04-30,W0554,52.5545,10.5726,,0.0,10.9,11.8,0.015,10.3,0.085,3.99,era5
2026-04-28,W0555,52.5545,10.6317,,0.0,10.1,11.9,0.029,10.3,0.103,4.3,era5
2026-04-29,W0555,52.5545,10.6317,,0.0,9.5,11.3,0.017,10.4,0.091,4.07,era5
2026-04-30,W0555,52.5545,10.6317,,0.0,10.9,11.8,0.015,10.3,0.085,3.99,era5
2026-04-28,W0556,52.5545,10.6612,,0.0,9.9,11.3,0.057,9.9,0.108,4.19,era5
2026-04-29,W0556,52.5545,10.6612,,0.0,9.4,11.0,0.044,10.1,0.098,4.03,era5
2026-04-30,W0556,52.5545,10.6612,,0.0,10.7,11.5,0.039,10.2,0.091,3.89,era5
2026-04-28,W0557,52.5545,10.6908,,0.0,9.9,11.3,0.057,9.9,0.108,4.19,era5
2026-04-29,W0557,52.5545,10.6908,,0.0,9.4,11.0,0.044,10.1,0.098,4.03,era5
2026-04-30,W0557,52.5545,10.6908,,0.0,10.7,11.5,0.039,10.2,0.091,3.89,era5
2026-04-28,W0558,52.5545,10.7203,,0.0,9.9,11.3,0.057,9.9,0.108,4.19,era5
2026-04-29,W0558,52.5545,10.7203,,0.0,9.4,11.0,0.044,10.1,0.098,4.03,era5
2026-04-30,W0558,52.5545,10.7203,,0.0,10.7,11.5,0.039,10.2,0.091,3.89,era5
2026-04-28,W0559,52.5545,10.7498,,0.0,9.9,11.3,0.057,9.9,0.108,4.19,era5
2026-04-29,W0559,52.5545,10.7498,,0.0,9.4,11.0,0.044,10.1,0.098,4.03,era5
2026-04-30,W0559,52.5545,10.7498,,0.0,10.7,11.5,0.039,10.2,0.091,3.89,era5
2026-04-28,W0560,52.5545,10.7794,,0.0,9.9,11.3,0.057,9.9,0.108,4.19,era5
2026-04-29,W0560,52.5545,10.7794,,0.0,9.4,11.0,0.044,10.1,0.098,4.03,era5
2026-04-30,W0560,52.5545,10.7794,,0.0,10.7,11.5,0.039,10.2,0.091,3.89,era5
2026-04-28,W0561,52.5545,10.8089,,0.0,9.9,11.3,0.057,9.9,0.108,4.19,era5
2026-04-29,W0561,52.5545,10.8089,,0.0,9.4,11.0,0.044,10.1,0.098,4.03,era5
2026-04-30,W0561,52.5545,10.8089,,0.0,10.7,11.5,0.039,10.2,0.091,3.89,era5
2026-04-28,W0562,52.5545,10.8384,,0.0,9.7,11.0,0.143,10.0,0.182,4.12,era5
2026-04-29,W0562,52.5545,10.8384,,0.0,9.2,10.7,0.129,10.1,0.174,3.98,era5
2026-04-30,W0562,52.5545,10.8384,,0.0,10.6,11.4,0.119,10.2,0.169,3.83,era5
2026-04-28,W0563,52.5545,10.868,,0.0,9.7,11.0,0.143,10.0,0.182,4.13,era5
2026-04-29,W0563,52.5545,10.868,,0.0,9.2,10.7,0.129,10.1,0.174,3.98,era5
2026-04-30,W0563,52.5545,10.868,,0.0,10.6,11.4,0.119,10.2,0.169,3.83,era5
2026-04-28,W0564,52.5545,10.8975,,0.0,9.7,11.0,0.143,10.0,0.182,4.12,era5
2026-04-29,W0564,52.5545,10.8975,,0.0,9.2,10.7,0.129,10.1,0.174,3.98,era5
2026-04-30,W0564,52.5545,10.8975,,0.0,10.6,11.4,0.119,10.2,0.169,3.83,era5
2026-04-28,W0565,52.5545,10.9271,,0.0,9.7,11.0,0.143,10.0,0.182,4.12,era5
2026-04-29,W0565,52.5545,10.9271,,0.0,9.2,10.7,0.129,10.1,0.174,3.98,era5
2026-04-30,W0565,52.5545,10.9271,,0.0,10.6,11.4,0.119,10.2,0.169,3.83,era5
2026-04-28,W0566,52.5545,11.0747,,0.0,9.7,11.4,0.128,10.3,0.168,4.18,era5
2026-04-29,W0566,52.5545,11.0747,,0.0,9.2,11.4,0.112,10.4,0.158,4.02,era5
2026-04-30,W0566,52.5545,11.0747,,0.0,10.7,12.3,0.105,10.8,0.154,3.85,era5
2026-04-28,W0567,52.5545,11.1338,,0.0,9.7,11.4,0.128,10.3,0.168,4.18,era5
2026-04-29,W0567,52.5545,11.1338,,0.0,9.2,11.4,0.112,10.4,0.158,4.02,era5
2026-04-30,W0567,52.5545,11.1338,,0.0,10.7,12.3,0.105,10.8,0.154,3.85,era5
2026-04-28,W0568,52.5725,10.1591,,0.0,10.8,13.0,0.031,10.9,0.059,4.58,era5
2026-04-29,W0568,52.5725,10.1591,,0.0,10.1,12.4,0.023,11.0,0.059,4.27,era5
2026-04-30,W0568,52.5725,10.1591,,0.0,11.3,13.1,0.011,11.1,0.059,4.22,era5
2026-04-28,W0569,52.5725,10.1886,,0.0,10.8,13.0,0.031,10.9,0.059,4.58,era5
2026-04-29,W0569,52.5725,10.1886,,0.0,10.1,12.4,0.023,11.0,0.059,4.27,era5
2026-04-30,W0569,52.5725,10.1886,,0.0,11.3,13.1,0.011,11.1,0.059,4.22,era5
2026-04-28,W0570,52.5725,10.2182,,0.0,10.8,13.0,0.031,10.9,0.059,4.58,era5
2026-04-29,W0570,52.5725,10.2182,,0.0,10.1,12.4,0.023,11.0,0.059,4.27,era5
2026-04-30,W0570,52.5725,10.2182,,0.0,11.3,13.1,0.011,11.1,0.059,4.22,era5
2026-04-28,W0571,52.5725,10.2772,,0.0,10.6,12.4,0.018,10.6,0.096,4.51,era5
2026-04-29,W0571,52.5725,10.2772,,0.0,10.1,12.1,0.016,10.8,0.089,4.26,era5
2026-04-30,W0571,52.5725,10.2772,,0.0,11.3,12.7,0.018,10.9,0.083,4.13,era5
2026-04-28,W0572,52.5725,10.3068,,0.0,10.6,12.4,0.018,10.6,0.096,4.51,era5
2026-04-29,W0572,52.5725,10.3068,,0.0,10.1,12.1,0.016,10.8,0.089,4.26,era5
2026-04-30,W0572,52.5725,10.3068,,0.0,11.3,12.7,0.018,10.9,0.083,4.13,era5
2026-04-28,W0573,52.5725,10.3363,,0.0,10.4,12.2,0.011,10.4,0.075,4.45,era5
2026-04-29,W0573,52.5725,10.3363,,0.0,9.8,11.7,0.013,10.5,0.065,4.19,era5
2026-04-30,W0573,52.5725,10.3363,,0.0,11.1,12.3,0.01,10.6,0.058,4.13,era5
2026-04-28,W0574,52.5725,10.3658,,0.0,10.4,12.2,0.011,10.4,0.075,4.45,era5
2026-04-29,W0574,52.5725,10.3658,,0.0,9.8,11.7,0.013,10.5,0.065,4.18,era5
2026-04-30,W0574,52.5725,10.3658,,0.0,11.1,12.3,0.01,10.6,0.058,4.13,era5
2026-04-28,W0575,52.5725,10.3954,,0.0,10.4,12.2,0.011,10.4,0.075,4.45,era5
2026-04-29,W0575,52.5725,10.3954,,0.0,9.8,11.7,0.013,10.5,0.065,4.19,era5
2026-04-30,W0575,52.5725,10.3954,,0.0,11.1,12.3,0.01,10.6,0.058,4.13,era5
2026-04-28,W0576,52.5725,10.4249,,0.0,10.4,12.2,0.011,10.4,0.075,4.45,era5
2026-04-29,W0576,52.5725,10.4249,,0.0,9.8,11.7,0.013,10.5,0.065,4.19,era5
2026-04-30,W0576,52.5725,10.4249,,0.0,11.1,12.3,0.01,10.6,0.058,4.13,era5
2026-04-28,W0577,52.5725,10.4545,,0.0,10.3,12.2,0.021,10.5,0.094,4.43,era5
2026-04-29,W0577,52.5725,10.4545,,0.0,9.7,11.8,0.015,10.6,0.085,4.16,era5
2026-04-30,W0577,52.5725,10.4545,,0.0,11.0,12.3,0.012,10.7,0.08,4.04,era5
2026-04-28,W0578,52.5725,10.484,,0.0,10.1,11.9,0.029,10.3,0.103,4.3,era5
2026-04-29,W0578,52.5725,10.484,,0.0,9.5,11.3,0.017,10.4,0.091,4.07,era5
2026-04-30,W0578,52.5725,10.484,,0.0,10.9,11.8,0.015,10.3,0.085,3.99,era5
2026-04-28,W0579,52.5725,10.5135,,0.0,10.1,11.9,0.029,10.3,0.103,4.3,era5
2026-04-29,W0579,52.5725,10.5135,,0.0,9.5,11.3,0.017,10.4,0.091,4.07,era5
2026-04-30,W0579,52.5725,10.5135,,0.0,10.9,11.8,0.015,10.3,0.085,3.99,era5
2026-04-28,W0580,52.5725,10.5431,,0.0,10.1,11.9,0.029,10.3,0.103,4.3,era5
2026-04-29,W0580,52.5725,10.5431,,0.0,9.5,11.3,0.017,10.4,0.091,4.07,era5
2026-04-30,W0580,52.5725,10.5431,,0.0,10.9,11.8,0.015,10.3,0.085,3.99,era5
2026-04-28,W0581,52.5725,10.5726,,0.0,10.1,11.9,0.029,10.3,0.103,4.3,era5
2026-04-29,W0581,52.5725,10.5726,,0.0,9.5,11.3,0.017,10.4,0.091,4.07,era5
2026-04-30,W0581,52.5725,10.5726,,0.0,10.9,11.8,0.015,10.3,0.085,3.99,era5
2026-04-28,W0582,52.5725,10.6021,,0.0,10.1,11.9,0.029,10.3,0.103,4.3,era5
2026-04-29,W0582,52.5725,10.6021,,0.0,9.5,11.3,0.017,10.4,0.091,4.07,era5
2026-04-30,W0582,52.5725,10.6021,,0.0,10.9,11.8,0.015,10.3,0.085,3.99,era5
2026-04-28,W0583,52.5725,10.6317,,0.0,10.2,12.1,0.025,10.6,0.085,4.4,era5
2026-04-29,W0583,52.5725,10.6317,,0.0,9.6,11.7,0.015,10.7,0.076,4.13,era5
2026-04-30,W0583,52.5725,10.6317,,0.0,11.0,12.4,0.013,10.8,0.071,4.02,era5
2026-04-28,W0584,52.5725,10.6612,,0.0,9.9,11.3,0.057,9.9,0.108,4.19,era5
2026-04-29,W0584,52.5725,10.6612,,0.0,9.4,11.0,0.044,10.1,0.098,4.03,era5
2026-04-30,W0584,52.5725,10.6612,,0.0,10.7,11.5,0.039,10.2,0.091,3.89,era5
2026-04-28,W0585,52.5725,10.6908,,0.0,9.9,11.3,0.057,9.9,0.108,4.19,era5
2026-04-29,W0585,52.5725,10.6908,,0.0,9.4,11.0,0.044,10.1,0.098,4.03,era5
2026-04-30,W0585,52.5725,10.6908,,0.0,10.7,11.5,0.039,10.2,0.091,3.89,era5
2026-04-28,W0586,52.5725,10.7203,,0.0,9.9,11.3,0.057,9.9,0.108,4.19,era5
2026-04-29,W0586,52.5725,10.7203,,0.0,9.4,11.0,0.044,10.1,0.098,4.03,era5
2026-04-30,W0586,52.5725,10.7203,,0.0,10.7,11.5,0.039,10.2,0.091,3.89,era5
2026-04-28,W0587,52.5725,10.7498,,0.0,9.9,11.3,0.057,9.9,0.108,4.19,era5
2026-04-29,W0587,52.5725,10.7498,,0.0,9.4,11.0,0.044,10.1,0.098,4.03,era5
2026-04-30,W0587,52.5725,10.7498,,0.0,10.7,11.5,0.039,10.2,0.091,3.89,era5
2026-04-28,W0588,52.5725,10.7794,,0.0,10.0,11.3,0.057,9.9,0.102,4.33,era5
2026-04-29,W0588,52.5725,10.7794,,0.0,9.5,10.9,0.048,10.1,0.094,4.09,era5
2026-04-30,W0588,52.5725,10.7794,,0.0,11.1,11.4,0.045,10.1,0.089,4.0,era5
2026-04-28,W0589,52.5725,10.8089,,0.0,10.0,11.3,0.057,9.9,0.102,4.33,era5
2026-04-29,W0589,52.5725,10.8089,,0.0,9.5,10.9,0.048,10.1,0.094,4.09,era5
2026-04-30,W0589,52.5725,10.8089,,0.0,11.1,11.4,0.045,10.1,0.089,4.0,era5
2026-04-28,W0590,52.5725,10.8384,,0.0,9.7,11.0,0.143,10.0,0.182,4.12,era5
2026-04-29,W0590,52.5725,10.8384,,0.0,9.2,10.7,0.129,10.1,0.174,3.98,era5
2026-04-30,W0590,52.5725,10.8384,,0.0,10.6,11.4,0.119,10.2,0.169,3.83,era5
2026-04-28,W0591,52.5725,10.868,,0.0,9.7,11.0,0.143,10.0,0.182,4.12,era5
2026-04-29,W0591,52.5725,10.868,,0.0,9.2,10.7,0.129,10.1,0.174,3.98,era5
2026-04-30,W0591,52.5725,10.868,,0.0,10.6,11.4,0.119,10.2,0.169,3.83,era5
2026-04-28,W0592,52.5725,10.8975,,0.0,9.7,11.0,0.143,10.0,0.182,4.12,era5
2026-04-29,W0592,52.5725,10.8975,,0.0,9.2,10.7,0.129,10.1,0.174,3.98,era5
2026-04-30,W0592,52.5725,10.8975,,0.0,10.6,11.4,0.119,10.2,0.169,3.83,era5
2026-04-28,W0593,52.5725,10.9271,,0.0,9.7,11.0,0.143,10.0,0.182,4.12,era5
2026-04-29,W0593,52.5725,10.9271,,0.0,9.2,10.7,0.129,10.1,0.174,3.98,era5
2026-04-30,W0593,52.5725,10.9271,,0.0,10.6,11.4,0.119,10.2,0.169,3.83,era5
2026-04-28,W0594,52.5725,11.0747,,0.0,9.7,11.4,0.128,10.3,0.168,4.18,era5
2026-04-29,W0594,52.5725,11.0747,,0.0,9.2,11.4,0.112,10.4,0.158,4.02,era5
2026-04-30,W0594,52.5725,11.0747,,0.0,10.7,12.3,0.105,10.8,0.154,3.85,era5
2026-04-28,W0595,52.5725,11.1338,,0.0,9.5,10.3,0.165,9.5,0.224,4.09,era5
2026-04-29,W0595,52.5725,11.1338,,0.0,9.0,10.1,0.143,9.6,0.21,3.88,era5
2026-04-30,W0595,52.5725,11.1338,,0.0,10.6,10.7,0.133,9.7,0.201,3.8,era5
2026-04-28,W0596,52.5905,10.1591,,0.0,10.8,13.0,0.031,10.9,0.059,4.58,era5
2026-04-29,W0596,52.5905,10.1591,,0.0,10.1,12.4,0.023,11.0,0.059,4.27,era5
2026-04-30,W0596,52.5905,10.1591,,0.0,11.3,13.1,0.011,11.1,0.059,4.22,era5
2026-04-28,W0597,52.5905,10.1886,,0.0,10.8,13.0,0.031,10.9,0.059,4.58,era5
2026-04-29,W0597,52.5905,10.1886,,0.0,10.1,12.4,0.023,11.0,0.059,4.27,era5
2026-04-30,W0597,52.5905,10.1886,,0.0,11.3,13.1,0.011,11.1,0.059,4.22,era5
2026-04-28,W0598,52.5905,10.2182,,0.0,10.6,12.4,0.018,10.6,0.096,4.51,era5
2026-04-29,W0598,52.5905,10.2182,,0.0,10.1,12.1,0.016,10.8,0.089,4.26,era5
2026-04-30,W0598,52.5905,10.2182,,0.0,11.3,12.7,0.018,10.9,0.083,4.13,era5
2026-04-28,W0599,52.5905,10.2477,,0.0,10.6,12.4,0.018,10.6,0.096,4.51,era5
2026-04-29,W0599,52.5905,10.2477,,0.0,10.1,12.1,0.016,10.8,0.089,4.26,era5
2026-04-30,W0599,52.5905,10.2477,,0.0,11.3,12.7,0.018,10.9,0.083,4.13,era5
2026-04-28,W0600,52.5905,10.2772,,0.0,10.6,12.4,0.018,10.6,0.096,4.51,era5
2026-04-29,W0600,52.5905,10.2772,,0.0,10.1,12.1,0.016,10.8,0.089,4.26,era5
2026-04-30,W0600,52.5905,10.2772,,0.0,11.3,12.7,0.018,10.9,0.083,4.13,era5
2026-04-28,W0601,52.5905,10.3068,,0.0,10.6,12.4,0.018,10.6,0.096,4.51,era5
2026-04-29,W0601,52.5905,10.3068,,0.0,10.1,12.1,0.016,10.8,0.089,4.26,era5
2026-04-30,W0601,52.5905,10.3068,,0.0,11.3,12.7,0.018,10.9,0.083,4.13,era5
2026-04-28,W0602,52.5905,10.3363,,0.0,10.4,12.2,0.011,10.4,0.075,4.45,era5
2026-04-29,W0602,52.5905,10.3363,,0.0,9.8,11.7,0.013,10.5,0.065,4.19,era5
2026-04-30,W0602,52.5905,10.3363,,0.0,11.1,12.3,0.01,10.6,0.058,4.13,era5
2026-04-28,W0603,52.5905,10.4545,,0.0,10.3,12.2,0.021,10.5,0.094,4.43,era5
2026-04-29,W0603,52.5905,10.4545,,0.0,9.7,11.8,0.015,10.6,0.085,4.16,era5
2026-04-30,W0603,52.5905,10.4545,,0.0,11.0,12.3,0.012,10.7,0.08,4.04,era5
2026-04-28,W0604,52.5905,10.484,,0.0,10.3,12.2,0.021,10.5,0.094,4.43,era5
2026-04-29,W0604,52.5905,10.484,,0.0,9.7,11.8,0.015,10.6,0.085,4.16,era5
2026-04-30,W0604,52.5905,10.484,,0.0,11.0,12.3,0.012,10.7,0.08,4.04,era5
2026-04-28,W0605,52.5905,10.5135,,0.0,10.1,11.9,0.029,10.3,0.103,4.3,era5
2026-04-29,W0605,52.5905,10.5135,,0.0,9.5,11.3,0.017,10.4,0.091,4.07,era5
2026-04-30,W0605,52.5905,10.5135,,0.0,10.9,11.8,0.015,10.3,0.085,3.99,era5
2026-04-28,W0606,52.5905,10.5431,,0.0,10.1,11.9,0.029,10.3,0.103,4.3,era5
2026-04-29,W0606,52.5905,10.5431,,0.0,9.5,11.3,0.017,10.4,0.091,4.07,era5
2026-04-30,W0606,52.5905,10.5431,,0.0,10.9,11.8,0.015,10.3,0.085,3.99,era5
2026-04-28,W0607,52.5905,10.5726,,0.0,10.2,12.1,0.025,10.6,0.085,4.4,era5
2026-04-29,W0607,52.5905,10.5726,,0.0,9.6,11.7,0.015,10.7,0.076,4.13,era5
2026-04-30,W0607,52.5905,10.5726,,0.0,11.0,12.4,0.013,10.8,0.071,4.02,era5
2026-04-28,W0608,52.5905,10.6317,,0.0,10.2,12.1,0.025,10.6,0.085,4.4,era5
2026-04-29,W0608,52.5905,10.6317,,0.0,9.6,11.7,0.015,10.7,0.076,4.13,era5
2026-04-30,W0608,52.5905,10.6317,,0.0,11.0,12.4,0.013,10.8,0.071,4.02,era5
2026-04-28,W0609,52.5905,10.6612,,0.0,9.9,11.3,0.057,9.9,0.108,4.19,era5
2026-04-29,W0609,52.5905,10.6612,,0.0,9.4,11.0,0.044,10.1,0.098,4.03,era5
2026-04-30,W0609,52.5905,10.6612,,0.0,10.7,11.5,0.039,10.2,0.091,3.89,era5
2026-04-28,W0610,52.5905,10.6908,,0.0,9.9,11.3,0.057,9.9,0.108,4.19,era5
2026-04-29,W0610,52.5905,10.6908,,0.0,9.4,11.0,0.044,10.1,0.098,4.03,era5
2026-04-30,W0610,52.5905,10.6908,,0.0,10.7,11.5,0.039,10.2,0.091,3.89,era5
2026-04-28,W0611,52.5905,10.7203,,0.0,10.0,11.3,0.057,9.9,0.102,4.33,era5
2026-04-29,W0611,52.5905,10.7203,,0.0,9.5,10.9,0.048,10.1,0.094,4.1,era5
2026-04-30,W0611,52.5905,10.7203,,0.0,11.1,11.4,0.045,10.1,0.089,4.0,era5
2026-04-28,W0612,52.5905,10.7498,,0.0,10.0,11.3,0.057,9.9,0.102,4.33,era5
2026-04-29,W0612,52.5905,10.7498,,0.0,9.5,10.9,0.048,10.1,0.094,4.1,era5
2026-04-30,W0612,52.5905,10.7498,,0.0,11.1,11.4,0.045,10.1,0.089,4.0,era5
2026-04-28,W0613,52.5905,10.7794,,0.0,10.0,11.3,0.057,9.9,0.102,4.33,era5
2026-04-29,W0613,52.5905,10.7794,,0.0,9.5,10.9,0.048,10.1,0.094,4.1,era5
2026-04-30,W0613,52.5905,10.7794,,0.0,11.1,11.4,0.045,10.1,0.089,4.0,era5
2026-04-28,W0614,52.5905,10.8089,,0.0,10.0,11.3,0.057,9.9,0.102,4.33,era5
2026-04-29,W0614,52.5905,10.8089,,0.0,9.5,10.9,0.048,10.1,0.094,4.1,era5
2026-04-30,W0614,52.5905,10.8089,,0.0,11.1,11.4,0.045,10.1,0.089,4.0,era5
2026-04-28,W0615,52.5905,10.8384,,0.0,9.7,11.0,0.143,10.0,0.182,4.13,era5
2026-04-29,W0615,52.5905,10.8384,,0.0,9.2,10.7,0.129,10.1,0.174,3.98,era5
2026-04-30,W0615,52.5905,10.8384,,0.0,10.6,11.4,0.119,10.2,0.169,3.84,era5
2026-04-28,W0616,52.5905,10.868,,0.0,9.7,11.0,0.143,10.0,0.182,4.12,era5
2026-04-29,W0616,52.5905,10.868,,0.0,9.2,10.7,0.129,10.1,0.174,3.98,era5
2026-04-30,W0616,52.5905,10.868,,0.0,10.6,11.4,0.119,10.2,0.169,3.83,era5
2026-04-28,W0617,52.5905,10.9566,,0.0,9.6,10.5,0.164,9.6,0.225,4.11,era5
2026-04-29,W0617,52.5905,10.9566,,0.0,9.0,10.2,0.144,9.7,0.212,3.89,era5
2026-04-30,W0617,52.5905,10.9566,,0.0,10.6,10.7,0.135,9.8,0.205,3.83,era5
2026-04-28,W0618,52.5905,11.0157,,0.0,9.7,11.4,0.128,10.3,0.168,4.18,era5
2026-04-29,W0618,52.5905,11.0157,,0.0,9.2,11.4,0.112,10.4,0.158,4.03,era5
2026-04-30,W0618,52.5905,11.0157,,0.0,10.7,12.3,0.105,10.8,0.154,3.86,era5
2026-04-28,W0619,52.5905,11.0452,,0.0,9.7,11.4,0.128,10.3,0.168,4.18,era5
2026-04-29,W0619,52.5905,11.0452,,0.0,9.2,11.4,0.112,10.4,0.158,4.03,era5
2026-04-30,W0619,52.5905,11.0452,,0.0,10.7,12.3,0.105,10.8,0.154,3.86,era5
2026-04-28,W0620,52.5905,11.1338,,0.0,9.5,10.3,0.165,9.5,0.224,4.09,era5
2026-04-29,W0620,52.5905,11.1338,,0.0,9.0,10.1,0.143,9.6,0.21,3.88,era5
2026-04-30,W0620,52.5905,11.1338,,0.0,10.6,10.7,0.133,9.7,0.201,3.81,era5
2026-04-28,W0621,52.6086,10.1295,,0.0,11.0,13.1,0.011,10.8,0.062,4.68,era5
2026-04-29,W0621,52.6086,10.1295,,0.0,10.7,12.7,0.018,11.0,0.06,4.47,era5
2026-04-30,W0621,52.6086,10.1295,,0.0,12.2,13.6,0.03,11.3,0.059,4.45,era5
2026-04-28,W0622,52.6086,10.1591,,0.0,10.6,12.4,0.018,10.6,0.096,4.51,era5
2026-04-29,W0622,52.6086,10.1591,,0.0,10.1,12.1,0.016,10.8,0.089,4.26,era5
2026-04-30,W0622,52.6086,10.1591,,0.0,11.3,12.7,0.018,10.9,0.083,4.13,era5
2026-04-28,W0623,52.6086,10.1886,,0.0,10.6,12.4,0.018,10.6,0.096,4.51,era5
2026-04-29,W0623,52.6086,10.1886,,0.0,10.1,12.1,0.016,10.8,0.089,4.26,era5
2026-04-30,W0623,52.6086,10.1886,,0.0,11.3,12.7,0.018,10.9,0.083,4.13,era5
2026-04-28,W0624,52.6086,10.2182,,0.0,10.6,12.4,0.018,10.6,0.096,4.51,era5
2026-04-29,W0624,52.6086,10.2182,,0.0,10.1,12.1,0.016,10.8,0.089,4.26,era5
2026-04-30,W0624,52.6086,10.2182,,0.0,11.3,12.7,0.018,10.9,0.083,4.13,era5
2026-04-28,W0625,52.6086,10.2477,,0.0,10.6,12.4,0.018,10.6,0.096,4.51,era5
2026-04-29,W0625,52.6086,10.2477,,0.0,10.1,12.1,0.016,10.8,0.089,4.26,era5
2026-04-30,W0625,52.6086,10.2477,,0.0,11.3,12.7,0.018,10.9,0.083,4.13,era5
2026-04-28,W0626,52.6086,10.2772,,0.0,10.6,12.4,0.018,10.6,0.096,4.51,era5
2026-04-29,W0626,52.6086,10.2772,,0.0,10.1,12.1,0.016,10.8,0.089,4.26,era5
2026-04-30,W0626,52.6086,10.2772,,0.0,11.3,12.7,0.018,10.9,0.083,4.13,era5
2026-04-28,W0627,52.6086,10.3068,,0.0,10.6,12.4,0.018,10.6,0.096,4.51,era5
2026-04-29,W0627,52.6086,10.3068,,0.0,10.1,12.1,0.016,10.8,0.089,4.26,era5
2026-04-30,W0627,52.6086,10.3068,,0.0,11.3,12.7,0.018,10.9,0.083,4.13,era5
2026-04-28,W0628,52.6086,10.3658,,0.0,10.3,12.2,0.021,10.5,0.094,4.43,era5
2026-04-29,W0628,52.6086,10.3658,,0.0,9.7,11.8,0.015,10.6,0.085,4.16,era5
2026-04-30,W0628,52.6086,10.3658,,0.0,11.0,12.3,0.012,10.7,0.08,4.04,era5
2026-04-28,W0629,52.6086,10.3954,,0.0,10.3,12.2,0.021,10.5,0.094,4.43,era5
2026-04-29,W0629,52.6086,10.3954,,0.0,9.7,11.8,0.015,10.6,0.085,4.16,era5
2026-04-30,W0629,52.6086,10.3954,,0.0,11.0,12.3,0.012,10.7,0.08,4.04,era5
2026-04-28,W0630,52.6086,10.4249,,0.0,10.3,12.2,0.021,10.5,0.094,4.43,era5
2026-04-29,W0630,52.6086,10.4249,,0.0,9.7,11.8,0.015,10.6,0.085,4.16,era5
2026-04-30,W0630,52.6086,10.4249,,0.0,11.0,12.3,0.012,10.7,0.08,4.04,era5
2026-04-28,W0631,52.6086,10.484,,0.0,10.3,12.2,0.021,10.5,0.094,4.43,era5
2026-04-29,W0631,52.6086,10.484,,0.0,9.7,11.8,0.015,10.6,0.085,4.16,era5
2026-04-30,W0631,52.6086,10.484,,0.0,11.0,12.3,0.012,10.7,0.08,4.04,era5
2026-04-28,W0632,52.6086,10.5135,,0.0,10.2,12.1,0.025,10.6,0.085,4.4,era5
2026-04-29,W0632,52.6086,10.5135,,0.0,9.6,11.7,0.015,10.7,0.076,4.13,era5
2026-04-30,W0632,52.6086,10.5135,,0.0,11.0,12.4,0.013,10.8,0.071,4.02,era5
2026-04-28,W0633,52.6086,10.5431,,0.0,10.2,12.1,0.025,10.6,0.085,4.4,era5
2026-04-29,W0633,52.6086,10.5431,,0.0,9.6,11.7,0.015,10.7,0.076,4.13,era5
2026-04-30,W0633,52.6086,10.5431,,0.0,11.0,12.4,0.013,10.8,0.071,4.02,era5
2026-04-28,W0634,52.6086,10.6021,,0.0,10.2,12.1,0.025,10.6,0.085,4.4,era5
2026-04-29,W0634,52.6086,10.6021,,0.0,9.6,11.7,0.015,10.7,0.076,4.13,era5
2026-04-30,W0634,52.6086,10.6021,,0.0,11.0,12.4,0.013,10.8,0.071,4.02,era5
2026-04-28,W0635,52.6086,10.6317,,0.0,10.2,12.1,0.025,10.6,0.085,4.4,era5
2026-04-29,W0635,52.6086,10.6317,,0.0,9.6,11.7,0.015,10.7,0.076,4.13,era5
2026-04-30,W0635,52.6086,10.6317,,0.0,11.0,12.4,0.013,10.8,0.071,4.02,era5
2026-04-28,W0636,52.6086,10.6612,,0.0,10.2,12.1,0.025,10.6,0.085,4.4,era5
2026-04-29,W0636,52.6086,10.6612,,0.0,9.6,11.7,0.015,10.7,0.076,4.13,era5
2026-04-30,W0636,52.6086,10.6612,,0.0,11.0,12.4,0.013,10.8,0.071,4.02,era5
2026-04-28,W0637,52.6086,10.6908,,0.0,10.0,11.3,0.057,9.9,0.102,4.33,era5
2026-04-29,W0637,52.6086,10.6908,,0.0,9.5,10.9,0.048,10.1,0.094,4.09,era5
2026-04-30,W0637,52.6086,10.6908,,0.0,11.1,11.4,0.045,10.1,0.089,4.0,era5
2026-04-28,W0638,52.6086,10.7203,,0.0,10.0,11.3,0.057,9.9,0.102,4.33,era5
2026-04-29,W0638,52.6086,10.7203,,0.0,9.5,10.9,0.048,10.1,0.094,4.09,era5
2026-04-30,W0638,52.6086,10.7203,,0.0,11.1,11.4,0.045,10.1,0.089,4.0,era5
2026-04-28,W0639,52.6086,10.7498,,0.0,10.0,11.3,0.057,9.9,0.102,4.33,era5
2026-04-29,W0639,52.6086,10.7498,,0.0,9.5,10.9,0.048,10.1,0.094,4.1,era5
2026-04-30,W0639,52.6086,10.7498,,0.0,11.1,11.4,0.045,10.1,0.089,4.0,era5
2026-04-28,W0640,52.6086,10.7794,,0.0,10.0,11.3,0.057,9.9,0.102,4.33,era5
2026-04-29,W0640,52.6086,10.7794,,0.0,9.5,10.9,0.048,10.1,0.094,4.1,era5
2026-04-30,W0640,52.6086,10.7794,,0.0,11.1,11.4,0.045,10.1,0.089,4.0,era5
2026-04-28,W0641,52.6086,10.8089,,0.0,10.0,11.3,0.057,9.9,0.102,4.33,era5
2026-04-29,W0641,52.6086,10.8089,,0.0,9.5,10.9,0.048,10.1,0.094,4.1,era5
2026-04-30,W0641,52.6086,10.8089,,0.0,11.1,11.4,0.045,10.1,0.089,4.0,era5
2026-04-28,W0642,52.6086,10.8384,,0.0,9.6,10.5,0.164,9.6,0.225,4.12,era5
2026-04-29,W0642,52.6086,10.8384,,0.0,9.0,10.2,0.144,9.7,0.212,3.89,era5
2026-04-30,W0642,52.6086,10.8384,,0.0,10.6,10.7,0.135,9.8,0.205,3.84,era5
2026-04-28,W0643,52.6086,10.868,,0.0,9.6,10.5,0.164,9.6,0.225,4.12,era5
2026-04-29,W0643,52.6086,10.868,,0.0,9.0,10.2,0.144,9.7,0.212,3.89,era5
2026-04-30,W0643,52.6086,10.868,,0.0,10.6,10.7,0.135,9.8,0.205,3.83,era5
2026-04-28,W0644,52.6086,10.9566,,0.0,9.6,10.5,0.164,9.6,0.225,4.11,era5
2026-04-29,W0644,52.6086,10.9566,,0.0,9.0,10.2,0.144,9.7,0.212,3.89,era5
2026-04-30,W0644,52.6086,10.9566,,0.0,10.6,10.7,0.135,9.8,0.205,3.83,era5
2026-04-28,W0645,52.6086,10.9861,,0.0,9.6,10.5,0.164,9.6,0.225,4.11,era5
2026-04-29,W0645,52.6086,10.9861,,0.0,9.0,10.2,0.144,9.7,0.212,3.89,era5
2026-04-30,W0645,52.6086,10.9861,,0.0,10.6,10.7,0.135,9.8,0.205,3.83,era5
2026-04-28,W0646,52.6086,11.0157,,0.0,9.5,10.3,0.165,9.5,0.224,4.09,era5
2026-04-29,W0646,52.6086,11.0157,,0.0,9.0,10.1,0.143,9.6,0.21,3.88,era5
2026-04-30,W0646,52.6086,11.0157,,0.0,10.6,10.7,0.133,9.7,0.201,3.81,era5
2026-04-28,W0647,52.6086,11.0452,,0.0,9.5,10.3,0.165,9.5,0.224,4.09,era5
2026-04-29,W0647,52.6086,11.0452,,0.0,9.0,10.1,0.143,9.6,0.21,3.88,era5
2026-04-30,W0647,52.6086,11.0452,,0.0,10.6,10.7,0.133,9.7,0.201,3.8,era5
2026-04-28,W0648,52.6086,11.0747,,0.0,9.5,10.3,0.165,9.5,0.224,4.09,era5
2026-04-29,W0648,52.6086,11.0747,,0.0,9.0,10.1,0.143,9.6,0.21,3.88,era5
2026-04-30,W0648,52.6086,11.0747,,0.0,10.6,10.7,0.133,9.7,0.201,3.81,era5
2026-04-28,W0649,52.6086,11.1043,,0.0,9.5,10.3,0.165,9.5,0.224,4.09,era5
2026-04-29,W0649,52.6086,11.1043,,0.0,9.0,10.1,0.143,9.6,0.21,3.88,era5
2026-04-30,W0649,52.6086,11.1043,,0.0,10.6,10.7,0.133,9.7,0.201,3.81,era5
2026-04-28,W0650,52.6086,11.1338,,0.0,9.5,10.3,0.165,9.5,0.224,4.09,era5
2026-04-29,W0650,52.6086,11.1338,,0.0,9.0,10.1,0.143,9.6,0.21,3.88,era5
2026-04-30,W0650,52.6086,11.1338,,0.0,10.6,10.7,0.133,9.7,0.201,3.81,era5
2026-04-28,W0651,52.6266,10.1,,0.0,11.0,13.1,0.011,10.8,0.062,4.68,era5
2026-04-29,W0651,52.6266,10.1,,0.0,10.7,12.7,0.018,11.0,0.06,4.47,era5
2026-04-30,W0651,52.6266,10.1,,0.0,12.2,13.6,0.03,11.3,0.059,4.45,era5
2026-04-28,W0652,52.6266,10.1295,,0.0,11.0,13.1,0.011,10.8,0.062,4.68,era5
2026-04-29,W0652,52.6266,10.1295,,0.0,10.7,12.7,0.018,11.0,0.06,4.47,era5
2026-04-30,W0652,52.6266,10.1295,,0.0,12.2,13.6,0.03,11.3,0.059,4.45,era5
2026-04-28,W0653,52.6266,10.1591,,0.0,10.6,12.4,0.018,10.6,0.096,4.51,era5
2026-04-29,W0653,52.6266,10.1591,,0.0,10.1,12.1,0.016,10.8,0.089,4.26,era5
2026-04-30,W0653,52.6266,10.1591,,0.0,11.3,12.7,0.018,10.9,0.083,4.13,era5
2026-04-28,W0654,52.6266,10.1886,,0.0,10.6,12.4,0.018,10.6,0.096,4.51,era5
2026-04-29,W0654,52.6266,10.1886,,0.0,10.1,12.1,0.016,10.8,0.089,4.26,era5
2026-04-30,W0654,52.6266,10.1886,,0.0,11.3,12.7,0.018,10.9,0.083,4.13,era5
2026-04-28,W0655,52.6266,10.2182,,0.0,10.6,12.4,0.018,10.6,0.096,4.51,era5
2026-04-29,W0655,52.6266,10.2182,,0.0,10.1,12.1,0.016,10.8,0.089,4.26,era5
2026-04-30,W0655,52.6266,10.2182,,0.0,11.3,12.7,0.018,10.9,0.083,4.13,era5
2026-04-28,W0656,52.6266,10.2477,,0.0,10.6,12.4,0.018,10.6,0.096,4.51,era5
2026-04-29,W0656,52.6266,10.2477,,0.0,10.1,12.1,0.016,10.8,0.089,4.26,era5
2026-04-30,W0656,52.6266,10.2477,,0.0,11.3,12.7,0.018,10.9,0.083,4.13,era5
2026-04-28,W0657,52.6266,10.2772,,0.0,10.6,12.4,0.018,10.6,0.096,4.51,era5
2026-04-29,W0657,52.6266,10.2772,,0.0,10.1,12.1,0.016,10.8,0.089,4.26,era5
2026-04-30,W0657,52.6266,10.2772,,0.0,11.3,12.7,0.018,10.9,0.083,4.13,era5
2026-04-28,W0658,52.6266,10.3658,,0.0,10.3,12.2,0.021,10.5,0.094,4.43,era5
2026-04-29,W0658,52.6266,10.3658,,0.0,9.7,11.8,0.015,10.6,0.085,4.16,era5
2026-04-30,W0658,52.6266,10.3658,,0.0,11.0,12.3,0.012,10.7,0.08,4.04,era5
2026-04-28,W0659,52.6266,10.3954,,0.0,10.3,12.2,0.021,10.5,0.094,4.43,era5
2026-04-29,W0659,52.6266,10.3954,,0.0,9.7,11.8,0.015,10.6,0.085,4.16,era5
2026-04-30,W0659,52.6266,10.3954,,0.0,11.0,12.3,0.012,10.7,0.08,4.04,era5
2026-04-28,W0660,52.6266,10.4249,,0.0,10.3,12.2,0.021,10.5,0.094,4.43,era5
2026-04-29,W0660,52.6266,10.4249,,0.0,9.7,11.8,0.015,10.6,0.085,4.16,era5
2026-04-30,W0660,52.6266,10.4249,,0.0,11.0,12.3,0.012,10.7,0.08,4.04,era5
2026-04-28,W0661,52.6266,10.4545,,0.0,10.3,12.2,0.021,10.5,0.094,4.43,era5
2026-04-29,W0661,52.6266,10.4545,,0.0,9.7,11.8,0.015,10.6,0.085,4.17,era5
2026-04-30,W0661,52.6266,10.4545,,0.0,11.0,12.3,0.012,10.7,0.08,4.04,era5
2026-04-28,W0662,52.6266,10.484,,0.0,10.3,12.2,0.021,10.5,0.094,4.43,era5
2026-04-29,W0662,52.6266,10.484,,0.0,9.7,11.8,0.015,10.6,0.085,4.17,era5
2026-04-30,W0662,52.6266,10.484,,0.0,11.0,12.3,0.012,10.7,0.08,4.04,era5
2026-04-28,W0663,52.6266,10.5135,,0.0,10.2,12.1,0.025,10.6,0.085,4.4,era5
2026-04-29,W0663,52.6266,10.5135,,0.0,9.6,11.7,0.015,10.7,0.076,4.13,era5
2026-04-30,W0663,52.6266,10.5135,,0.0,11.0,12.4,0.013,10.8,0.071,4.02,era5
2026-04-28,W0664,52.6266,10.5726,,0.0,10.2,12.1,0.025,10.6,0.085,4.4,era5
2026-04-29,W0664,52.6266,10.5726,,0.0,9.6,11.7,0.015,10.7,0.076,4.13,era5
2026-04-30,W0664,52.6266,10.5726,,0.0,11.0,12.4,0.013,10.8,0.071,4.02,era5
2026-04-28,W0665,52.6266,10.6021,,0.0,10.2,12.1,0.025,10.6,0.085,4.4,era5
2026-04-29,W0665,52.6266,10.6021,,0.0,9.6,11.7,0.015,10.7,0.076,4.13,era5
2026-04-30,W0665,52.6266,10.6021,,0.0,11.0,12.4,0.013,10.8,0.071,4.02,era5
2026-04-28,W0666,52.6266,10.6317,,0.0,10.2,12.1,0.025,10.6,0.085,4.4,era5
2026-04-29,W0666,52.6266,10.6317,,0.0,9.6,11.7,0.015,10.7,0.076,4.13,era5
2026-04-30,W0666,52.6266,10.6317,,0.0,11.0,12.4,0.013,10.8,0.071,4.02,era5
2026-04-28,W0667,52.6266,10.6612,,0.0,10.2,12.1,0.025,10.6,0.085,4.4,era5
2026-04-29,W0667,52.6266,10.6612,,0.0,9.6,11.7,0.015,10.7,0.076,4.13,era5
2026-04-30,W0667,52.6266,10.6612,,0.0,11.0,12.4,0.013,10.8,0.071,4.02,era5
2026-04-28,W0668,52.6266,10.6908,,0.0,10.0,11.3,0.057,9.9,0.102,4.33,era5
2026-04-29,W0668,52.6266,10.6908,,0.0,9.5,10.9,0.048,10.1,0.094,4.09,era5
2026-04-30,W0668,52.6266,10.6908,,0.0,11.1,11.4,0.045,10.1,0.089,4.0,era5
2026-04-28,W0669,52.6266,10.7203,,0.0,10.0,11.3,0.057,9.9,0.102,4.33,era5
2026-04-29,W0669,52.6266,10.7203,,0.0,9.5,10.9,0.048,10.1,0.094,4.1,era5
2026-04-30,W0669,52.6266,10.7203,,0.0,11.1,11.4,0.045,10.1,0.089,4.0,era5
2026-04-28,W0670,52.6266,10.7498,,0.0,10.0,11.3,0.057,9.9,0.102,4.33,era5
2026-04-29,W0670,52.6266,10.7498,,0.0,9.5,10.9,0.048,10.1,0.094,4.1,era5
2026-04-30,W0670,52.6266,10.7498,,0.0,11.1,11.4,0.045,10.1,0.089,4.0,era5
2026-04-28,W0671,52.6266,10.7794,,0.0,10.0,11.3,0.057,9.9,0.102,4.33,era5
2026-04-29,W0671,52.6266,10.7794,,0.0,9.5,10.9,0.048,10.1,0.094,4.1,era5
2026-04-30,W0671,52.6266,10.7794,,0.0,11.1,11.4,0.045,10.1,0.089,4.0,era5
2026-04-28,W0672,52.6266,10.8089,,0.0,10.0,11.3,0.057,9.9,0.102,4.33,era5
2026-04-29,W0672,52.6266,10.8089,,0.0,9.5,10.9,0.048,10.1,0.094,4.1,era5
2026-04-30,W0672,52.6266,10.8089,,0.0,11.1,11.4,0.045,10.1,0.089,4.0,era5
2026-04-28,W0673,52.6266,10.8384,,0.0,9.6,10.5,0.164,9.6,0.225,4.12,era5
2026-04-29,W0673,52.6266,10.8384,,0.0,9.0,10.2,0.144,9.7,0.212,3.89,era5
2026-04-30,W0673,52.6266,10.8384,,0.0,10.6,10.7,0.135,9.8,0.205,3.84,era5
2026-04-28,W0674,52.6266,10.868,,0.0,9.6,10.5,0.164,9.6,0.225,4.12,era5
2026-04-29,W0674,52.6266,10.868,,0.0,9.0,10.2,0.144,9.7,0.212,3.89,era5
2026-04-30,W0674,52.6266,10.868,,0.0,10.6,10.7,0.135,9.8,0.205,3.83,era5
2026-04-28,W0675,52.6266,10.9566,,0.0,9.6,10.5,0.164,9.6,0.225,4.12,era5
2026-04-29,W0675,52.6266,10.9566,,0.0,9.0,10.2,0.144,9.7,0.212,3.89,era5
2026-04-30,W0675,52.6266,10.9566,,0.0,10.6,10.7,0.135,9.8,0.205,3.84,era5
2026-04-28,W0676,52.6266,10.9861,,0.0,9.6,10.5,0.164,9.6,0.225,4.12,era5
2026-04-29,W0676,52.6266,10.9861,,0.0,9.0,10.2,0.144,9.7,0.212,3.89,era5
2026-04-30,W0676,52.6266,10.9861,,0.0,10.6,10.7,0.135,9.8,0.205,3.84,era5
2026-04-28,W0677,52.6266,11.0157,,0.0,9.5,10.3,0.165,9.5,0.224,4.09,era5
2026-04-29,W0677,52.6266,11.0157,,0.0,9.0,10.1,0.143,9.6,0.21,3.88,era5
2026-04-30,W0677,52.6266,11.0157,,0.0,10.6,10.7,0.133,9.7,0.201,3.81,era5
2026-04-28,W0678,52.6266,11.0452,,0.0,9.5,10.3,0.165,9.5,0.224,4.09,era5
2026-04-29,W0678,52.6266,11.0452,,0.0,9.0,10.1,0.143,9.6,0.21,3.88,era5
2026-04-30,W0678,52.6266,11.0452,,0.0,10.6,10.7,0.133,9.7,0.201,3.81,era5
2026-04-28,W0679,52.6266,11.1043,,0.0,9.5,10.3,0.165,9.5,0.224,4.09,era5
2026-04-29,W0679,52.6266,11.1043,,0.0,9.0,10.1,0.143,9.6,0.21,3.88,era5
2026-04-30,W0679,52.6266,11.1043,,0.0,10.6,10.7,0.133,9.7,0.201,3.81,era5
2026-04-28,W0680,52.6266,11.1338,,0.0,9.5,10.3,0.165,9.5,0.224,4.09,era5
2026-04-29,W0680,52.6266,11.1338,,0.0,9.0,10.1,0.143,9.6,0.21,3.88,era5
2026-04-30,W0680,52.6266,11.1338,,0.0,10.6,10.7,0.133,9.7,0.201,3.81,era5
2026-04-28,W0681,52.6446,10.1886,,0.0,10.6,12.4,0.018,10.6,0.096,4.51,era5
2026-04-29,W0681,52.6446,10.1886,,0.0,10.1,12.1,0.016,10.8,0.089,4.26,era5
2026-04-30,W0681,52.6446,10.1886,,0.0,11.3,12.7,0.018,10.9,0.083,4.13,era5
2026-04-28,W0682,52.6446,10.2182,,0.0,10.6,12.4,0.018,10.6,0.096,4.51,era5
2026-04-29,W0682,52.6446,10.2182,,0.0,10.1,12.1,0.016,10.8,0.089,4.26,era5
2026-04-30,W0682,52.6446,10.2182,,0.0,11.3,12.7,0.018,10.9,0.083,4.13,era5
2026-04-28,W0683,52.6446,10.2772,,0.0,10.6,12.4,0.018,10.6,0.096,4.51,era5
2026-04-29,W0683,52.6446,10.2772,,0.0,10.1,12.1,0.016,10.8,0.089,4.26,era5
2026-04-30,W0683,52.6446,10.2772,,0.0,11.3,12.7,0.018,10.9,0.083,4.13,era5
2026-04-28,W0684,52.6446,10.3068,,0.0,10.2,12.0,0.015,10.2,0.083,4.45,era5
2026-04-29,W0684,52.6446,10.3068,,0.0,9.9,11.8,0.013,10.4,0.075,4.27,era5
2026-04-30,W0684,52.6446,10.3068,,0.0,11.3,12.3,0.02,10.6,0.073,4.11,era5
2026-04-28,W0685,52.6446,10.3954,,0.0,10.3,12.2,0.021,10.5,0.094,4.43,era5
2026-04-29,W0685,52.6446,10.3954,,0.0,9.7,11.8,0.015,10.6,0.085,4.16,era5
2026-04-30,W0685,52.6446,10.3954,,0.0,11.0,12.3,0.012,10.7,0.08,4.04,era5
2026-04-28,W0686,52.6446,10.4249,,0.0,10.3,12.2,0.021,10.5,0.094,4.43,era5
2026-04-29,W0686,52.6446,10.4249,,0.0,9.7,11.8,0.015,10.6,0.085,4.16,era5
2026-04-30,W0686,52.6446,10.4249,,0.0,11.0,12.3,0.012,10.7,0.08,4.04,era5
2026-04-28,W0687,52.6446,10.5135,,0.0,10.2,12.1,0.025,10.6,0.085,4.4,era5
2026-04-29,W0687,52.6446,10.5135,,0.0,9.6,11.7,0.015,10.7,0.076,4.13,era5
2026-04-30,W0687,52.6446,10.5135,,0.0,11.0,12.4,0.013,10.8,0.071,4.02,era5
2026-04-28,W0688,52.6446,10.5431,,0.0,10.2,12.1,0.025,10.6,0.085,4.4,era5
2026-04-29,W0688,52.6446,10.5431,,0.0,9.6,11.7,0.015,10.7,0.076,4.13,era5
2026-04-30,W0688,52.6446,10.5431,,0.0,11.0,12.4,0.013,10.8,0.071,4.02,era5
2026-04-28,W0689,52.6446,10.5726,,0.0,10.2,12.1,0.025,10.6,0.085,4.4,era5
2026-04-29,W0689,52.6446,10.5726,,0.0,9.6,11.7,0.015,10.7,0.076,4.13,era5
2026-04-30,W0689,52.6446,10.5726,,0.0,11.0,12.4,0.013,10.8,0.071,4.02,era5
2026-04-28,W0690,52.6446,10.6021,,0.0,10.2,12.1,0.025,10.6,0.085,4.4,era5
2026-04-29,W0690,52.6446,10.6021,,0.0,9.6,11.7,0.015,10.7,0.076,4.13,era5
2026-04-30,W0690,52.6446,10.6021,,0.0,11.0,12.4,0.013,10.8,0.071,4.02,era5
2026-04-28,W0691,52.6446,10.6317,,0.0,10.0,11.8,0.042,10.0,0.067,4.41,era5
2026-04-29,W0691,52.6446,10.6317,,0.0,9.6,11.5,0.028,10.2,0.059,4.22,era5
2026-04-30,W0691,52.6446,10.6317,,0.0,11.3,12.3,0.019,10.4,0.059,4.08,era5
2026-04-28,W0692,52.6446,10.6908,,0.0,10.0,11.3,0.057,9.9,0.102,4.33,era5
2026-04-29,W0692,52.6446,10.6908,,0.0,9.5,10.9,0.048,10.1,0.094,4.1,era5
2026-04-30,W0692,52.6446,10.6908,,0.0,11.1,11.4,0.045,10.1,0.089,4.0,era5
2026-04-28,W0693,52.6446,10.7203,,0.0,10.0,11.3,0.057,9.9,0.102,4.33,era5
2026-04-29,W0693,52.6446,10.7203,,0.0,9.5,10.9,0.048,10.1,0.094,4.1,era5
2026-04-30,W0693,52.6446,10.7203,,0.0,11.1,11.4,0.045,10.1,0.089,4.0,era5
2026-04-28,W0694,52.6446,10.7498,,0.0,10.0,11.3,0.057,9.9,0.102,4.34,era5
2026-04-29,W0694,52.6446,10.7498,,0.0,9.5,10.9,0.048,10.1,0.094,4.1,era5
2026-04-30,W0694,52.6446,10.7498,,0.0,11.1,11.4,0.045,10.1,0.089,4.0,era5
2026-04-28,W0695,52.6446,10.7794,,0.0,10.0,11.3,0.057,9.9,0.102,4.33,era5
2026-04-29,W0695,52.6446,10.7794,,0.0,9.5,10.9,0.048,10.1,0.094,4.1,era5
2026-04-30,W0695,52.6446,10.7794,,0.0,11.1,11.4,0.045,10.1,0.089,4.0,era5
2026-04-28,W0696,52.6446,10.8089,,0.0,9.8,11.8,0.037,10.1,0.087,4.31,era5
2026-04-29,W0696,52.6446,10.8089,,0.0,9.3,11.4,0.026,10.3,0.078,4.07,era5
2026-04-30,W0696,52.6446,10.8089,,0.0,11.2,12.6,0.016,10.5,0.069,4.03,era5
2026-04-28,W0697,52.6446,10.8384,,0.0,9.6,10.5,0.164,9.6,0.225,4.12,era5
2026-04-29,W0697,52.6446,10.8384,,0.0,9.0,10.2,0.144,9.7,0.212,3.89,era5
2026-04-30,W0697,52.6446,10.8384,,0.0,10.6,10.7,0.135,9.8,0.205,3.83,era5
2026-04-28,W0698,52.6446,10.868,,0.0,9.6,10.5,0.164,9.6,0.225,4.12,era5
2026-04-29,W0698,52.6446,10.868,,0.0,9.0,10.2,0.144,9.7,0.212,3.89,era5
2026-04-30,W0698,52.6446,10.868,,0.0,10.6,10.7,0.135,9.8,0.205,3.83,era5
2026-04-28,W0699,52.6446,10.8975,,0.0,9.6,10.5,0.164,9.6,0.225,4.12,era5
2026-04-29,W0699,52.6446,10.8975,,0.0,9.0,10.2,0.144,9.7,0.212,3.89,era5
2026-04-30,W0699,52.6446,10.8975,,0.0,10.6,10.7,0.135,9.8,0.205,3.83,era5
2026-04-28,W0700,52.6446,10.9271,,0.0,9.6,10.5,0.164,9.6,0.225,4.12,era5
2026-04-29,W0700,52.6446,10.9271,,0.0,9.0,10.2,0.144,9.7,0.212,3.89,era5
2026-04-30,W0700,52.6446,10.9271,,0.0,10.6,10.7,0.135,9.8,0.205,3.83,era5
2026-04-28,W0701,52.6446,10.9566,,0.0,9.9,12.1,0.064,10.7,0.13,4.36,era5
2026-04-29,W0701,52.6446,10.9566,,0.0,9.4,11.7,0.044,10.7,0.13,4.09,era5
2026-04-30,W0701,52.6446,10.9566,,0.0,11.3,12.7,0.025,10.9,0.13,4.04,era5
2026-04-28,W0702,52.6446,10.9861,,0.0,9.9,12.1,0.064,10.7,0.13,4.36,era5
2026-04-29,W0702,52.6446,10.9861,,0.0,9.4,11.7,0.044,10.7,0.13,4.09,era5
2026-04-30,W0702,52.6446,10.9861,,0.0,11.3,12.7,0.025,10.9,0.13,4.04,era5
2026-04-28,W0703,52.6446,11.0157,,0.0,9.5,10.3,0.165,9.5,0.224,4.09,era5
2026-04-29,W0703,52.6446,11.0157,,0.0,9.0,10.1,0.143,9.6,0.21,3.88,era5
2026-04-30,W0703,52.6446,11.0157,,0.0,10.6,10.7,0.133,9.7,0.201,3.81,era5
2026-04-28,W0704,52.6446,11.0452,,0.0,9.5,10.3,0.165,9.5,0.224,4.09,era5
2026-04-29,W0704,52.6446,11.0452,,0.0,9.0,10.1,0.143,9.6,0.21,3.88,era5
2026-04-30,W0704,52.6446,11.0452,,0.0,10.6,10.7,0.133,9.7,0.201,3.81,era5
2026-04-28,W0705,52.6446,11.1043,,0.0,9.5,10.3,0.165,9.5,0.224,4.09,era5
2026-04-29,W0705,52.6446,11.1043,,0.0,9.0,10.1,0.143,9.6,0.21,3.88,era5
2026-04-30,W0705,52.6446,11.1043,,0.0,10.6,10.7,0.133,9.7,0.201,3.8,era5
2026-04-28,W0706,52.6446,11.1338,,0.0,9.8,11.5,0.103,10.1,0.16,4.24,era5
2026-04-29,W0706,52.6446,11.1338,,0.0,9.3,11.3,0.086,10.4,0.149,4.01,era5
2026-04-30,W0706,52.6446,11.1338,,0.0,11.2,12.5,0.077,10.7,0.149,3.96,era5
2026-04-28,W0707,52.6626,10.1,,0.0,10.3,11.1,0.067,9.7,0.145,4.38,era5
2026-04-29,W0707,52.6626,10.1,,0.0,10.1,11.1,0.06,10.1,0.137,4.2,era5
2026-04-30,W0707,52.6626,10.1,,0.0,11.3,11.3,0.06,10.2,0.136,4.07,era5
2026-04-28,W0710,52.6626,10.1886,,0.0,10.6,12.4,0.018,10.6,0.096,4.51,era5
2026-04-29,W0710,52.6626,10.1886,,0.0,10.1,12.1,0.016,10.8,0.089,4.26,era5
2026-04-30,W0710,52.6626,10.1886,,0.0,11.3,12.7,0.018,10.9,0.083,4.13,era5
2026-04-28,W0711,52.6626,10.2182,,0.0,10.6,12.4,0.018,10.6,0.096,4.51,era5
2026-04-29,W0711,52.6626,10.2182,,0.0,10.1,12.1,0.016,10.8,0.089,4.26,era5
2026-04-30,W0711,52.6626,10.2182,,0.0,11.3,12.7,0.018,10.9,0.083,4.13,era5
2026-04-28,W0712,52.6626,10.2772,,0.0,10.2,12.0,0.015,10.2,0.083,4.45,era5
2026-04-29,W0712,52.6626,10.2772,,0.0,9.9,11.8,0.013,10.4,0.075,4.27,era5
2026-04-30,W0712,52.6626,10.2772,,0.0,11.3,12.3,0.02,10.6,0.073,4.12,era5
2026-04-28,W0713,52.6626,10.3363,,0.0,10.2,12.0,0.015,10.2,0.083,4.45,era5
2026-04-29,W0713,52.6626,10.3363,,0.0,9.9,11.8,0.013,10.4,0.075,4.27,era5
2026-04-30,W0713,52.6626,10.3363,,0.0,11.3,12.3,0.02,10.6,0.073,4.12,era5
2026-04-28,W0714,52.6626,10.3658,,0.0,10.3,12.2,0.021,10.5,0.094,4.43,era5
2026-04-29,W0714,52.6626,10.3658,,0.0,9.7,11.8,0.015,10.6,0.085,4.17,era5
2026-04-30,W0714,52.6626,10.3658,,0.0,11.0,12.3,0.012,10.7,0.08,4.04,era5
2026-04-28,W0715,52.6626,10.3954,,0.0,10.0,11.6,0.038,10.1,0.106,4.38,era5
2026-04-29,W0715,52.6626,10.3954,,0.0,9.7,11.3,0.025,10.2,0.095,4.21,era5
2026-04-30,W0715,52.6626,10.3954,,0.0,11.2,12.0,0.026,10.4,0.092,4.04,era5
2026-04-28,W0716,52.6626,10.4249,,0.0,10.0,11.6,0.038,10.1,0.106,4.39,era5
2026-04-29,W0716,52.6626,10.4249,,0.0,9.7,11.3,0.025,10.2,0.095,4.21,era5
2026-04-30,W0716,52.6626,10.4249,,0.0,11.2,12.0,0.026,10.4,0.092,4.04,era5
2026-04-28,W0717,52.6626,10.4545,,0.0,10.0,11.6,0.038,10.1,0.106,4.39,era5
2026-04-29,W0717,52.6626,10.4545,,0.0,9.7,11.3,0.025,10.2,0.095,4.21,era5
2026-04-30,W0717,52.6626,10.4545,,0.0,11.2,12.0,0.026,10.4,0.092,4.04,era5
2026-04-28,W0718,52.6626,10.5135,,0.0,10.2,12.1,0.025,10.6,0.085,4.4,era5
2026-04-29,W0718,52.6626,10.5135,,0.0,9.6,11.7,0.015,10.7,0.076,4.13,era5
2026-04-30,W0718,52.6626,10.5135,,0.0,11.0,12.4,0.013,10.8,0.071,4.02,era5
2026-04-28,W0719,52.6626,10.5431,,0.0,10.2,12.1,0.025,10.6,0.085,4.4,era5
2026-04-29,W0719,52.6626,10.5431,,0.0,9.6,11.7,0.015,10.7,0.076,4.13,era5
2026-04-30,W0719,52.6626,10.5431,,0.0,11.0,12.4,0.013,10.8,0.071,4.02,era5
2026-04-28,W0720,52.6626,10.5726,,0.0,10.0,11.8,0.042,10.0,0.067,4.41,era5
2026-04-29,W0720,52.6626,10.5726,,0.0,9.6,11.5,0.028,10.2,0.059,4.22,era5
2026-04-30,W0720,52.6626,10.5726,,0.0,11.3,12.3,0.019,10.4,0.059,4.08,era5
2026-04-28,W0721,52.6626,10.6021,,0.0,10.0,11.8,0.042,10.0,0.067,4.41,era5
2026-04-29,W0721,52.6626,10.6021,,0.0,9.6,11.5,0.028,10.2,0.059,4.22,era5
2026-04-30,W0721,52.6626,10.6021,,0.0,11.3,12.3,0.019,10.4,0.059,4.08,era5
2026-04-28,W0722,52.6626,10.6317,,0.0,10.0,11.8,0.042,10.0,0.067,4.41,era5
2026-04-29,W0722,52.6626,10.6317,,0.0,9.6,11.5,0.028,10.2,0.059,4.22,era5
2026-04-30,W0722,52.6626,10.6317,,0.0,11.3,12.3,0.019,10.4,0.059,4.08,era5
2026-04-28,W0723,52.6626,10.6612,,0.0,10.0,11.8,0.042,10.0,0.067,4.41,era5
2026-04-29,W0723,52.6626,10.6612,,0.0,9.6,11.5,0.028,10.2,0.059,4.22,era5
2026-04-30,W0723,52.6626,10.6612,,0.0,11.3,12.3,0.019,10.4,0.059,4.08,era5
2026-04-28,W0724,52.6626,10.6908,,0.0,10.0,11.3,0.057,9.9,0.102,4.33,era5
2026-04-29,W0724,52.6626,10.6908,,0.0,9.5,10.9,0.048,10.1,0.094,4.09,era5
2026-04-30,W0724,52.6626,10.6908,,0.0,11.1,11.4,0.045,10.1,0.089,4.0,era5
2026-04-28,W0725,52.6626,10.7203,,0.0,10.0,11.3,0.057,9.9,0.102,4.33,era5
2026-04-29,W0725,52.6626,10.7203,,0.0,9.5,10.9,0.048,10.1,0.094,4.1,era5
2026-04-30,W0725,52.6626,10.7203,,0.0,11.1,11.4,0.045,10.1,0.089,4.0,era5
2026-04-28,W0726,52.6626,10.7498,,0.0,9.8,11.8,0.037,10.1,0.087,4.31,era5
2026-04-29,W0726,52.6626,10.7498,,0.0,9.3,11.4,0.026,10.3,0.078,4.08,era5
2026-04-30,W0726,52.6626,10.7498,,0.0,11.2,12.6,0.016,10.5,0.069,4.04,era5
2026-04-28,W0727,52.6626,10.7794,,0.0,9.8,11.8,0.037,10.1,0.087,4.31,era5
2026-04-29,W0727,52.6626,10.7794,,0.0,9.3,11.4,0.026,10.3,0.078,4.07,era5
2026-04-30,W0727,52.6626,10.7794,,0.0,11.2,12.6,0.016,10.5,0.069,4.04,era5
2026-04-28,W0728,52.6626,10.8089,,0.0,9.8,11.8,0.037,10.1,0.087,4.31,era5
2026-04-29,W0728,52.6626,10.8089,,0.0,9.3,11.4,0.026,10.3,0.078,4.07,era5
2026-04-30,W0728,52.6626,10.8089,,0.0,11.2,12.6,0.016,10.5,0.069,4.04,era5
2026-04-28,W0729,52.6626,10.8384,,0.0,9.8,11.8,0.037,10.1,0.087,4.31,era5
2026-04-29,W0729,52.6626,10.8384,,0.0,9.3,11.4,0.026,10.3,0.078,4.07,era5
2026-04-30,W0729,52.6626,10.8384,,0.0,11.2,12.6,0.016,10.5,0.069,4.04,era5
2026-04-28,W0730,52.6626,10.868,,0.0,9.6,10.5,0.164,9.6,0.225,4.11,era5
2026-04-29,W0730,52.6626,10.868,,0.0,9.0,10.2,0.144,9.7,0.212,3.89,era5
2026-04-30,W0730,52.6626,10.868,,0.0,10.6,10.7,0.135,9.8,0.205,3.83,era5
2026-04-28,W0731,52.6626,10.8975,,0.0,9.9,12.1,0.064,10.7,0.13,4.36,era5
2026-04-29,W0731,52.6626,10.8975,,0.0,9.4,11.7,0.044,10.7,0.13,4.09,era5
2026-04-30,W0731,52.6626,10.8975,,0.0,11.3,12.7,0.025,10.9,0.13,4.04,era5
2026-04-28,W0732,52.6626,10.9271,,0.0,9.9,12.1,0.064,10.7,0.13,4.36,era5
2026-04-29,W0732,52.6626,10.9271,,0.0,9.4,11.7,0.044,10.7,0.13,4.09,era5
2026-04-30,W0732,52.6626,10.9271,,0.0,11.3,12.7,0.025,10.9,0.13,4.04,era5
2026-04-28,W0733,52.6626,10.9566,,0.0,9.9,12.1,0.064,10.7,0.13,4.36,era5
2026-04-29,W0733,52.6626,10.9566,,0.0,9.4,11.7,0.044,10.7,0.13,4.09,era5
2026-04-30,W0733,52.6626,10.9566,,0.0,11.3,12.7,0.025,10.9,0.13,4.04,era5
2026-04-28,W0734,52.6626,10.9861,,0.0,9.9,12.1,0.064,10.7,0.13,4.36,era5
2026-04-29,W0734,52.6626,10.9861,,0.0,9.4,11.7,0.044,10.7,0.13,4.09,era5
2026-04-30,W0734,52.6626,10.9861,,0.0,11.3,12.7,0.025,10.9,0.13,4.04,era5
2026-04-28,W0735,52.6626,11.0157,,0.0,9.5,10.3,0.165,9.5,0.224,4.09,era5
2026-04-29,W0735,52.6626,11.0157,,0.0,9.0,10.1,0.143,9.6,0.21,3.88,era5
2026-04-30,W0735,52.6626,11.0157,,0.0,10.6,10.7,0.133,9.7,0.201,3.81,era5
2026-04-28,W0736,52.6626,11.0452,,0.0,9.5,10.3,0.165,9.5,0.224,4.09,era5
2026-04-29,W0736,52.6626,11.0452,,0.0,9.0,10.1,0.143,9.6,0.21,3.88,era5
2026-04-30,W0736,52.6626,11.0452,,0.0,10.6,10.7,0.133,9.7,0.201,3.81,era5
2026-04-28,W0737,52.6626,11.0747,,0.0,9.8,11.5,0.103,10.1,0.16,4.24,era5
2026-04-29,W0737,52.6626,11.0747,,0.0,9.3,11.3,0.086,10.4,0.149,4.01,era5
2026-04-30,W0737,52.6626,11.0747,,0.0,11.2,12.5,0.077,10.7,0.149,3.96,era5
2026-04-28,W0738,52.6626,11.1338,,0.0,9.8,11.5,0.103,10.1,0.16,4.24,era5
2026-04-29,W0738,52.6626,11.1338,,0.0,9.3,11.3,0.086,10.4,0.149,4.01,era5
2026-04-30,W0738,52.6626,11.1338,,0.0,11.2,12.5,0.077,10.7,0.149,3.96,era5
2026-04-28,W0739,52.6806,10.1,,0.0,10.3,11.1,0.067,9.7,0.145,4.38,era5
2026-04-29,W0739,52.6806,10.1,,0.0,10.1,11.1,0.06,10.1,0.137,4.2,era5
2026-04-30,W0739,52.6806,10.1,,0.0,11.3,11.3,0.06,10.2,0.136,4.07,era5
2026-04-28,W0740,52.6806,10.1295,,0.0,10.3,11.1,0.067,9.7,0.145,4.38,era5
2026-04-29,W0740,52.6806,10.1295,,0.0,10.1,11.1,0.06,10.1,0.137,4.2,era5
2026-04-30,W0740,52.6806,10.1295,,0.0,11.3,11.3,0.06,10.2,0.136,4.07,era5
2026-04-28,W0741,52.6806,10.1591,,0.0,10.3,11.1,0.067,9.7,0.145,4.38,era5
2026-04-29,W0741,52.6806,10.1591,,0.0,10.1,11.1,0.06,10.1,0.137,4.2,era5
2026-04-30,W0741,52.6806,10.1591,,0.0,11.3,11.3,0.06,10.2,0.136,4.07,era5
2026-04-28,W0742,52.6806,10.1886,,0.0,10.2,12.0,0.015,10.2,0.083,4.45,era5
2026-04-29,W0742,52.6806,10.1886,,0.0,9.9,11.8,0.013,10.4,0.075,4.27,era5
2026-04-30,W0742,52.6806,10.1886,,0.0,11.3,12.3,0.02,10.6,0.073,4.11,era5
2026-04-28,W0743,52.6806,10.2182,,0.0,10.2,12.0,0.015,10.2,0.083,4.45,era5
2026-04-29,W0743,52.6806,10.2182,,0.0,9.9,11.8,0.013,10.4,0.075,4.27,era5
2026-04-30,W0743,52.6806,10.2182,,0.0,11.3,12.3,0.02,10.6,0.073,4.12,era5
2026-04-28,W0744,52.6806,10.2477,,0.0,10.2,12.0,0.015,10.2,0.083,4.45,era5
2026-04-29,W0744,52.6806,10.2477,,0.0,9.9,11.8,0.013,10.4,0.075,4.27,era5
2026-04-30,W0744,52.6806,10.2477,,0.0,11.3,12.3,0.02,10.6,0.073,4.11,era5
2026-04-28,W0745,52.6806,10.2772,,0.0,10.2,12.0,0.015,10.2,0.083,4.45,era5
2026-04-29,W0745,52.6806,10.2772,,0.0,9.9,11.8,0.013,10.4,0.075,4.27,era5
2026-04-30,W0745,52.6806,10.2772,,0.0,11.3,12.3,0.02,10.6,0.073,4.12,era5
2026-04-28,W0746,52.6806,10.3068,,0.0,10.2,12.0,0.015,10.2,0.083,4.45,era5
2026-04-29,W0746,52.6806,10.3068,,0.0,9.9,11.8,0.013,10.4,0.075,4.27,era5
2026-04-30,W0746,52.6806,10.3068,,0.0,11.3,12.3,0.02,10.6,0.073,4.12,era5
2026-04-28,W0747,52.6806,10.3658,,0.0,10.0,11.6,0.038,10.1,0.106,4.38,era5
2026-04-29,W0747,52.6806,10.3658,,0.0,9.7,11.3,0.025,10.2,0.095,4.21,era5
2026-04-30,W0747,52.6806,10.3658,,0.0,11.2,12.0,0.026,10.4,0.092,4.04,era5
2026-04-28,W0748,52.6806,10.3954,,0.0,10.0,11.6,0.038,10.1,0.106,4.38,era5
2026-04-29,W0748,52.6806,10.3954,,0.0,9.7,11.3,0.025,10.2,0.095,4.21,era5
2026-04-30,W0748,52.6806,10.3954,,0.0,11.2,12.0,0.026,10.4,0.092,4.04,era5
2026-04-28,W0749,52.6806,10.4249,,0.0,10.0,11.6,0.038,10.1,0.106,4.39,era5
2026-04-29,W0749,52.6806,10.4249,,0.0,9.7,11.3,0.025,10.2,0.095,4.21,era5
2026-04-30,W0749,52.6806,10.4249,,0.0,11.2,12.0,0.026,10.4,0.092,4.04,era5
2026-04-28,W0750,52.6806,10.4545,,0.0,10.0,11.6,0.038,10.1,0.106,4.39,era5
2026-04-29,W0750,52.6806,10.4545,,0.0,9.7,11.3,0.025,10.2,0.095,4.21,era5
2026-04-30,W0750,52.6806,10.4545,,0.0,11.2,12.0,0.026,10.4,0.092,4.04,era5
2026-04-28,W0751,52.6806,10.484,,0.0,10.0,11.6,0.038,10.1,0.106,4.39,era5
2026-04-29,W0751,52.6806,10.484,,0.0,9.7,11.3,0.025,10.2,0.095,4.21,era5
2026-04-30,W0751,52.6806,10.484,,0.0,11.2,12.0,0.026,10.4,0.092,4.04,era5
2026-04-28,W0752,52.6806,10.5135,,0.0,10.0,11.6,0.038,10.1,0.106,4.39,era5
2026-04-29,W0752,52.6806,10.5135,,0.0,9.7,11.3,0.025,10.2,0.095,4.21,era5
2026-04-30,W0752,52.6806,10.5135,,0.0,11.2,12.0,0.026,10.4,0.092,4.04,era5
2026-04-28,W0753,52.6806,10.5726,,0.0,10.0,11.8,0.042,10.0,0.067,4.42,era5
2026-04-29,W0753,52.6806,10.5726,,0.0,9.6,11.5,0.028,10.2,0.059,4.22,era5
2026-04-30,W0753,52.6806,10.5726,,0.0,11.3,12.3,0.019,10.4,0.059,4.08,era5
2026-04-28,W0754,52.6806,10.6021,,0.0,10.0,11.8,0.042,10.0,0.067,4.41,era5
2026-04-29,W0754,52.6806,10.6021,,0.0,9.6,11.5,0.028,10.2,0.059,4.22,era5
2026-04-30,W0754,52.6806,10.6021,,0.0,11.3,12.3,0.019,10.4,0.059,4.08,era5
2026-04-28,W0755,52.6806,10.6317,,0.0,10.0,11.8,0.042,10.0,0.067,4.41,era5
2026-04-29,W0755,52.6806,10.6317,,0.0,9.6,11.5,0.028,10.2,0.059,4.22,era5
2026-04-30,W0755,52.6806,10.6317,,0.0,11.3,12.3,0.019,10.4,0.059,4.08,era5
2026-04-28,W0756,52.6806,10.6612,,0.0,10.0,11.8,0.042,10.0,0.067,4.41,era5
2026-04-29,W0756,52.6806,10.6612,,0.0,9.6,11.5,0.028,10.2,0.059,4.22,era5
2026-04-30,W0756,52.6806,10.6612,,0.0,11.3,12.3,0.019,10.4,0.059,4.08,era5
2026-04-28,W0757,52.6806,10.6908,,0.0,9.8,11.8,0.037,10.1,0.087,4.31,era5
2026-04-29,W0757,52.6806,10.6908,,0.0,9.3,11.4,0.026,10.3,0.078,4.07,era5
2026-04-30,W0757,52.6806,10.6908,,0.0,11.2,12.6,0.016,10.5,0.069,4.03,era5
2026-04-28,W0758,52.6806,10.7203,,0.0,9.8,11.8,0.037,10.1,0.087,4.31,era5
2026-04-29,W0758,52.6806,10.7203,,0.0,9.3,11.4,0.026,10.3,0.078,4.07,era5
2026-04-30,W0758,52.6806,10.7203,,0.0,11.2,12.6,0.016,10.5,0.069,4.03,era5
2026-04-28,W0759,52.6806,10.7498,,0.0,9.8,11.8,0.037,10.1,0.087,4.31,era5
2026-04-29,W0759,52.6806,10.7498,,0.0,9.3,11.4,0.026,10.3,0.078,4.07,era5
2026-04-30,W0759,52.6806,10.7498,,0.0,11.2,12.6,0.016,10.5,0.069,4.04,era5
2026-04-28,W0760,52.6806,10.7794,,0.0,9.8,11.8,0.037,10.1,0.087,4.31,era5
2026-04-29,W0760,52.6806,10.7794,,0.0,9.3,11.4,0.026,10.3,0.078,4.08,era5
2026-04-30,W0760,52.6806,10.7794,,0.0,11.2,12.6,0.016,10.5,0.069,4.04,era5
2026-04-28,W0761,52.6806,10.8089,,0.0,9.8,11.8,0.037,10.1,0.087,4.31,era5
2026-04-29,W0761,52.6806,10.8089,,0.0,9.3,11.4,0.026,10.3,0.078,4.07,era5
2026-04-30,W0761,52.6806,10.8089,,0.0,11.2,12.6,0.016,10.5,0.069,4.03,era5
2026-04-28,W0762,52.6806,10.8975,,0.0,9.9,12.1,0.064,10.7,0.13,4.36,era5
2026-04-29,W0762,52.6806,10.8975,,0.0,9.4,11.7,0.044,10.7,0.13,4.09,era5
2026-04-30,W0762,52.6806,10.8975,,0.0,11.3,12.7,0.025,10.9,0.13,4.04,era5
2026-04-28,W0763,52.6806,10.9271,,0.0,9.9,12.1,0.064,10.7,0.13,4.36,era5
2026-04-29,W0763,52.6806,10.9271,,0.0,9.4,11.7,0.044,10.7,0.13,4.09,era5
2026-04-30,W0763,52.6806,10.9271,,0.0,11.3,12.7,0.025,10.9,0.13,4.04,era5
2026-04-28,W0764,52.6806,10.9566,,0.0,9.9,12.1,0.064,10.7,0.13,4.36,era5
2026-04-29,W0764,52.6806,10.9566,,0.0,9.4,11.7,0.044,10.7,0.13,4.09,era5
2026-04-30,W0764,52.6806,10.9566,,0.0,11.3,12.7,0.025,10.9,0.13,4.04,era5
2026-04-28,W0765,52.6806,10.9861,,0.0,9.9,12.1,0.064,10.7,0.13,4.36,era5
2026-04-29,W0765,52.6806,10.9861,,0.0,9.4,11.7,0.044,10.7,0.13,4.09,era5
2026-04-30,W0765,52.6806,10.9861,,0.0,11.3,12.7,0.025,10.9,0.13,4.04,era5
2026-04-28,W0766,52.6806,11.0452,,0.0,9.8,11.5,0.103,10.1,0.16,4.24,era5
2026-04-29,W0766,52.6806,11.0452,,0.0,9.3,11.3,0.086,10.4,0.149,4.01,era5
2026-04-30,W0766,52.6806,11.0452,,0.0,11.2,12.5,0.077,10.7,0.149,3.96,era5
2026-04-28,W0767,52.6986,10.1,,0.0,10.3,11.1,0.067,9.7,0.145,4.38,era5
2026-04-29,W0767,52.6986,10.1,,0.0,10.1,11.1,0.06,10.1,0.137,4.2,era5
2026-04-30,W0767,52.6986,10.1,,0.0,11.3,11.3,0.06,10.2,0.136,4.07,era5
2026-04-28,W0768,52.6986,10.1295,,0.0,10.3,11.1,0.067,9.7,0.145,4.38,era5
2026-04-29,W0768,52.6986,10.1295,,0.0,10.1,11.1,0.06,10.1,0.137,4.2,era5
2026-04-30,W0768,52.6986,10.1295,,0.0,11.3,11.3,0.06,10.2,0.136,4.07,era5
2026-04-28,W0769,52.6986,10.1591,,0.0,10.3,11.1,0.067,9.7,0.145,4.38,era5
2026-04-29,W0769,52.6986,10.1591,,0.0,10.1,11.1,0.06,10.1,0.137,4.2,era5
2026-04-30,W0769,52.6986,10.1591,,0.0,11.3,11.3,0.06,10.2,0.136,4.07,era5
2026-04-28,W0770,52.6986,10.1886,,0.0,10.2,12.0,0.015,10.2,0.083,4.45,era5
2026-04-29,W0770,52.6986,10.1886,,0.0,9.9,11.8,0.013,10.4,0.075,4.27,era5
2026-04-30,W0770,52.6986,10.1886,,0.0,11.3,12.3,0.02,10.6,0.073,4.12,era5
2026-04-28,W0771,52.6986,10.2182,,0.0,10.2,12.0,0.015,10.2,0.083,4.45,era5
2026-04-29,W0771,52.6986,10.2182,,0.0,9.9,11.8,0.013,10.4,0.075,4.27,era5
2026-04-30,W0771,52.6986,10.2182,,0.0,11.3,12.3,0.02,10.6,0.073,4.12,era5
2026-04-28,W0772,52.6986,10.2477,,0.0,10.2,12.0,0.015,10.2,0.083,4.45,era5
2026-04-29,W0772,52.6986,10.2477,,0.0,9.9,11.8,0.013,10.4,0.075,4.27,era5
2026-04-30,W0772,52.6986,10.2477,,0.0,11.3,12.3,0.02,10.6,0.073,4.12,era5
2026-04-28,W0773,52.6986,10.2772,,0.0,10.2,12.0,0.015,10.2,0.083,4.45,era5
2026-04-29,W0773,52.6986,10.2772,,0.0,9.9,11.8,0.013,10.4,0.075,4.27,era5
2026-04-30,W0773,52.6986,10.2772,,0.0,11.3,12.3,0.02,10.6,0.073,4.12,era5
2026-04-28,W0774,52.6986,10.3068,,0.0,10.2,12.0,0.015,10.2,0.083,4.45,era5
2026-04-29,W0774,52.6986,10.3068,,0.0,9.9,11.8,0.013,10.4,0.075,4.27,era5
2026-04-30,W0774,52.6986,10.3068,,0.0,11.3,12.3,0.02,10.6,0.073,4.12,era5
2026-04-28,W0775,52.6986,10.3658,,0.0,10.0,11.6,0.038,10.1,0.106,4.38,era5
2026-04-29,W0775,52.6986,10.3658,,0.0,9.7,11.3,0.025,10.2,0.095,4.21,era5
2026-04-30,W0775,52.6986,10.3658,,0.0,11.2,12.0,0.026,10.4,0.092,4.04,era5
2026-04-28,W0776,52.6986,10.3954,,0.0,10.0,11.6,0.038,10.1,0.106,4.39,era5
2026-04-29,W0776,52.6986,10.3954,,0.0,9.7,11.3,0.025,10.2,0.095,4.21,era5
2026-04-30,W0776,52.6986,10.3954,,0.0,11.2,12.0,0.026,10.4,0.092,4.04,era5
2026-04-28,W0777,52.6986,10.4249,,0.0,10.0,11.6,0.038,10.1,0.106,4.39,era5
2026-04-29,W0777,52.6986,10.4249,,0.0,9.7,11.3,0.025,10.2,0.095,4.21,era5
2026-04-30,W0777,52.6986,10.4249,,0.0,11.2,12.0,0.026,10.4,0.092,4.04,era5
2026-04-28,W0778,52.6986,10.4545,,0.0,10.0,11.6,0.038,10.1,0.106,4.39,era5
2026-04-29,W0778,52.6986,10.4545,,0.0,9.7,11.3,0.025,10.2,0.095,4.21,era5
2026-04-30,W0778,52.6986,10.4545,,0.0,11.2,12.0,0.026,10.4,0.092,4.04,era5
2026-04-28,W0779,52.6986,10.484,,0.0,10.0,11.6,0.038,10.1,0.106,4.39,era5
2026-04-29,W0779,52.6986,10.484,,0.0,9.7,11.3,0.025,10.2,0.095,4.21,era5
2026-04-30,W0779,52.6986,10.484,,0.0,11.2,12.0,0.026,10.4,0.092,4.04,era5
2026-04-28,W0780,52.6986,10.5135,,0.0,10.0,11.6,0.038,10.1,0.106,4.39,era5
2026-04-29,W0780,52.6986,10.5135,,0.0,9.7,11.3,0.025,10.2,0.095,4.21,era5
2026-04-30,W0780,52.6986,10.5135,,0.0,11.2,12.0,0.026,10.4,0.092,4.04,era5
2026-04-28,W0781,52.6986,10.5431,,0.0,10.0,11.8,0.042,10.0,0.067,4.42,era5
2026-04-29,W0781,52.6986,10.5431,,0.0,9.6,11.5,0.028,10.2,0.059,4.23,era5
2026-04-30,W0781,52.6986,10.5431,,0.0,11.3,12.3,0.019,10.4,0.059,4.08,era5
2026-04-28,W0782,52.6986,10.5726,,0.0,10.0,11.8,0.042,10.0,0.067,4.42,era5
2026-04-29,W0782,52.6986,10.5726,,0.0,9.6,11.5,0.028,10.2,0.059,4.23,era5
2026-04-30,W0782,52.6986,10.5726,,0.0,11.3,12.3,0.019,10.4,0.059,4.08,era5
2026-04-28,W0783,52.6986,10.6021,,0.0,10.0,11.8,0.042,10.0,0.067,4.42,era5
2026-04-29,W0783,52.6986,10.6021,,0.0,9.6,11.5,0.028,10.2,0.059,4.23,era5
2026-04-30,W0783,52.6986,10.6021,,0.0,11.3,12.3,0.019,10.4,0.059,4.08,era5
2026-04-28,W0784,52.6986,10.6317,,0.0,10.0,11.8,0.042,10.0,0.067,4.41,era5
2026-04-29,W0784,52.6986,10.6317,,0.0,9.6,11.5,0.028,10.2,0.059,4.22,era5
2026-04-30,W0784,52.6986,10.6317,,0.0,11.3,12.3,0.019,10.4,0.059,4.08,era5
2026-04-28,W0785,52.6986,10.6612,,0.0,10.0,11.8,0.042,10.0,0.067,4.41,era5
2026-04-29,W0785,52.6986,10.6612,,0.0,9.6,11.5,0.028,10.2,0.059,4.22,era5
2026-04-30,W0785,52.6986,10.6612,,0.0,11.3,12.3,0.019,10.4,0.059,4.08,era5
2026-04-28,W0786,52.6986,10.7203,,0.0,9.8,11.8,0.037,10.1,0.087,4.31,era5
2026-04-29,W0786,52.6986,10.7203,,0.0,9.3,11.4,0.026,10.3,0.078,4.07,era5
2026-04-30,W0786,52.6986,10.7203,,0.0,11.2,12.6,0.016,10.5,0.069,4.03,era5
2026-04-28,W0787,52.6986,10.8384,,0.0,9.8,11.8,0.037,10.1,0.087,4.31,era5
2026-04-29,W0787,52.6986,10.8384,,0.0,9.3,11.4,0.026,10.3,0.078,4.07,era5
2026-04-30,W0787,52.6986,10.8384,,0.0,11.2,12.6,0.016,10.5,0.069,4.03,era5
2026-04-28,W0788,52.6986,10.868,,0.0,9.9,12.1,0.064,10.7,0.13,4.36,era5
2026-04-29,W0788,52.6986,10.868,,0.0,9.4,11.7,0.044,10.7,0.13,4.09,era5
2026-04-30,W0788,52.6986,10.868,,0.0,11.3,12.7,0.025,10.9,0.13,4.04,era5
2026-04-28,W0789,52.6986,10.8975,,0.0,9.9,12.1,0.064,10.7,0.13,4.36,era5
2026-04-29,W0789,52.6986,10.8975,,0.0,9.4,11.7,0.044,10.7,0.13,4.09,era5
2026-04-30,W0789,52.6986,10.8975,,0.0,11.3,12.7,0.025,10.9,0.13,4.04,era5
2026-04-28,W0790,52.6986,10.9271,,0.0,9.9,12.1,0.064,10.7,0.13,4.36,era5
2026-04-29,W0790,52.6986,10.9271,,0.0,9.4,11.7,0.044,10.7,0.13,4.09,era5
2026-04-30,W0790,52.6986,10.9271,,0.0,11.3,12.7,0.025,10.9,0.13,4.04,era5
2026-04-28,W0791,52.6986,10.9566,,0.0,9.9,12.1,0.064,10.7,0.13,4.36,era5
2026-04-29,W0791,52.6986,10.9566,,0.0,9.4,11.7,0.044,10.7,0.13,4.09,era5
2026-04-30,W0791,52.6986,10.9566,,0.0,11.3,12.7,0.025,10.9,0.13,4.04,era5
2026-04-28,W0792,52.6986,10.9861,,0.0,9.9,12.1,0.064,10.7,0.13,4.36,era5
2026-04-29,W0792,52.6986,10.9861,,0.0,9.4,11.7,0.044,10.7,0.13,4.09,era5
2026-04-30,W0792,52.6986,10.9861,,0.0,11.3,12.7,0.025,10.9,0.13,4.04,era5
2026-04-28,W0793,52.6986,11.0452,,0.0,9.8,11.5,0.103,10.1,0.16,4.24,era5
2026-04-29,W0793,52.6986,11.0452,,0.0,9.3,11.3,0.086,10.4,0.149,4.01,era5
2026-04-30,W0793,52.6986,11.0452,,0.0,11.2,12.5,0.077,10.7,0.149,3.96,era5
2026-04-28,W0794,52.6986,11.0747,,0.0,9.8,11.5,0.103,10.1,0.16,4.24,era5
2026-04-29,W0794,52.6986,11.0747,,0.0,9.3,11.3,0.086,10.4,0.149,4.0,era5
2026-04-30,W0794,52.6986,11.0747,,0.0,11.2,12.5,0.077,10.7,0.149,3.96,era5
2026-04-28,W0795,52.6986,11.1043,,0.0,9.8,11.5,0.103,10.1,0.16,4.24,era5
2026-04-29,W0795,52.6986,11.1043,,0.0,9.3,11.3,0.086,10.4,0.149,4.0,era5
2026-04-30,W0795,52.6986,11.1043,,0.0,11.2,12.5,0.077,10.7,0.149,3.95,era5
2026-04-28,W0796,52.6986,11.1338,,0.0,9.8,11.5,0.103,10.1,0.16,4.24,era5
2026-04-29,W0796,52.6986,11.1338,,0.0,9.3,11.3,0.086,10.4,0.149,4.01,era5
2026-04-30,W0796,52.6986,11.1338,,0.0,11.2,12.5,0.077,10.7,0.149,3.96,era5
2026-04-28,W0797,52.7167,10.1,,0.0,10.3,11.1,0.067,9.7,0.145,4.38,era5
2026-04-29,W0797,52.7167,10.1,,0.0,10.1,11.1,0.06,10.1,0.137,4.2,era5
2026-04-30,W0797,52.7167,10.1,,0.0,11.3,11.3,0.06,10.2,0.136,4.07,era5
2026-04-28,W0798,52.7167,10.1295,,0.0,10.3,11.1,0.067,9.7,0.145,4.38,era5
2026-04-29,W0798,52.7167,10.1295,,0.0,10.1,11.1,0.06,10.1,0.137,4.2,era5
2026-04-30,W0798,52.7167,10.1295,,0.0,11.3,11.3,0.06,10.2,0.136,4.07,era5
2026-04-28,W0799,52.7167,10.1591,,0.0,10.0,11.2,0.036,9.6,0.109,4.38,era5
2026-04-29,W0799,52.7167,10.1591,,0.0,9.9,11.0,0.029,9.8,0.102,4.21,era5
2026-04-30,W0799,52.7167,10.1591,,0.0,11.6,11.6,0.02,10.0,0.093,4.15,era5
2026-04-28,W0800,52.7167,10.1886,,0.0,10.2,12.0,0.015,10.2,0.083,4.45,era5
2026-04-29,W0800,52.7167,10.1886,,0.0,9.9,11.8,0.013,10.4,0.075,4.27,era5
2026-04-30,W0800,52.7167,10.1886,,0.0,11.3,12.3,0.02,10.6,0.073,4.12,era5
2026-04-28,W0801,52.7167,10.2182,,0.0,10.2,12.0,0.015,10.2,0.083,4.45,era5
2026-04-29,W0801,52.7167,10.2182,,0.0,9.9,11.8,0.013,10.4,0.075,4.27,era5
2026-04-30,W0801,52.7167,10.2182,,0.0,11.3,12.3,0.02,10.6,0.073,4.12,era5
2026-04-28,W0802,52.7167,10.2477,,0.0,10.2,12.0,0.015,10.2,0.083,4.45,era5
2026-04-29,W0802,52.7167,10.2477,,0.0,9.9,11.8,0.013,10.4,0.075,4.27,era5
2026-04-30,W0802,52.7167,10.2477,,0.0,11.3,12.3,0.02,10.6,0.073,4.12,era5
2026-04-28,W0803,52.7167,10.2772,,0.0,10.2,12.0,0.015,10.2,0.083,4.45,era5
2026-04-29,W0803,52.7167,10.2772,,0.0,9.9,11.8,0.013,10.4,0.075,4.27,era5
2026-04-30,W0803,52.7167,10.2772,,0.0,11.3,12.3,0.02,10.6,0.073,4.12,era5
2026-04-28,W0804,52.7167,10.3068,,0.0,9.8,11.0,0.023,9.5,0.112,4.3,era5
2026-04-29,W0804,52.7167,10.3068,,0.0,9.6,10.8,0.016,9.7,0.105,4.16,era5
2026-04-30,W0804,52.7167,10.3068,,0.0,11.4,11.5,0.029,9.9,0.108,4.09,era5
2026-04-28,W0805,52.7167,10.3363,,0.0,9.8,11.0,0.023,9.5,0.112,4.3,era5
2026-04-29,W0805,52.7167,10.3363,,0.0,9.6,10.8,0.016,9.7,0.105,4.16,era5
2026-04-30,W0805,52.7167,10.3363,,0.0,11.4,11.5,0.029,9.9,0.108,4.09,era5
2026-04-28,W0806,52.7167,10.3658,,0.0,10.0,11.6,0.038,10.1,0.106,4.38,era5
2026-04-29,W0806,52.7167,10.3658,,0.0,9.7,11.3,0.025,10.2,0.095,4.21,era5
2026-04-30,W0806,52.7167,10.3658,,0.0,11.2,12.0,0.026,10.4,0.092,4.04,era5
2026-04-28,W0807,52.7167,10.3954,,0.0,10.0,11.6,0.038,10.1,0.106,4.39,era5
2026-04-29,W0807,52.7167,10.3954,,0.0,9.7,11.3,0.025,10.2,0.095,4.21,era5
2026-04-30,W0807,52.7167,10.3954,,0.0,11.2,12.0,0.026,10.4,0.092,4.04,era5
2026-04-28,W0808,52.7167,10.4249,,0.0,10.0,11.6,0.038,10.1,0.106,4.39,era5
2026-04-29,W0808,52.7167,10.4249,,0.0,9.7,11.3,0.025,10.2,0.095,4.21,era5
2026-04-30,W0808,52.7167,10.4249,,0.0,11.2,12.0,0.026,10.4,0.092,4.04,era5
2026-04-28,W0809,52.7167,10.4545,,0.0,10.0,11.6,0.038,10.1,0.106,4.39,era5
2026-04-29,W0809,52.7167,10.4545,,0.0,9.7,11.3,0.025,10.2,0.095,4.21,era5
2026-04-30,W0809,52.7167,10.4545,,0.0,11.2,12.0,0.026,10.4,0.092,4.04,era5
2026-04-28,W0810,52.7167,10.484,,0.0,9.7,10.9,0.053,9.5,0.131,4.27,era5
2026-04-29,W0810,52.7167,10.484,,0.0,9.4,10.7,0.039,9.7,0.117,4.12,era5
2026-04-30,W0810,52.7167,10.484,,0.0,11.4,11.6,0.032,9.9,0.109,4.07,era5
2026-04-28,W0811,52.7167,10.5135,,0.0,9.7,10.9,0.053,9.5,0.131,4.27,era5
2026-04-29,W0811,52.7167,10.5135,,0.0,9.4,10.7,0.039,9.7,0.117,4.12,era5
2026-04-30,W0811,52.7167,10.5135,,0.0,11.4,11.6,0.032,9.9,0.109,4.07,era5
2026-04-28,W0812,52.7167,10.5431,,0.0,10.0,11.8,0.042,10.0,0.067,4.42,era5
2026-04-29,W0812,52.7167,10.5431,,0.0,9.6,11.5,0.028,10.2,0.059,4.23,era5
2026-04-30,W0812,52.7167,10.5431,,0.0,11.3,12.3,0.019,10.4,0.059,4.08,era5
2026-04-28,W0813,52.7167,10.5726,,0.0,10.0,11.8,0.042,10.0,0.067,4.42,era5
2026-04-29,W0813,52.7167,10.5726,,0.0,9.6,11.5,0.028,10.2,0.059,4.23,era5
2026-04-30,W0813,52.7167,10.5726,,0.0,11.3,12.3,0.019,10.4,0.059,4.08,era5
2026-04-28,W0814,52.7167,10.6021,,0.0,10.0,11.8,0.042,10.0,0.067,4.42,era5
2026-04-29,W0814,52.7167,10.6021,,0.0,9.6,11.5,0.028,10.2,0.059,4.23,era5
2026-04-30,W0814,52.7167,10.6021,,0.0,11.3,12.3,0.019,10.4,0.059,4.08,era5
2026-04-28,W0815,52.7167,10.6612,,0.0,9.7,11.5,0.037,9.9,0.103,4.28,era5
2026-04-29,W0815,52.7167,10.6612,,0.0,9.3,11.2,0.026,10.1,0.093,4.05,era5
2026-04-30,W0815,52.7167,10.6612,,0.0,11.3,12.3,0.02,10.4,0.086,4.04,era5
2026-04-28,W0816,52.7167,10.6908,,0.0,9.8,11.8,0.037,10.1,0.087,4.31,era5
2026-04-29,W0816,52.7167,10.6908,,0.0,9.3,11.4,0.026,10.3,0.078,4.07,era5
2026-04-30,W0816,52.7167,10.6908,,0.0,11.2,12.6,0.016,10.5,0.069,4.03,era5
2026-04-28,W0817,52.7167,10.8089,,0.0,9.7,11.5,0.043,10.0,0.097,4.28,era5
2026-04-29,W0817,52.7167,10.8089,,0.0,9.3,11.1,0.029,10.2,0.086,4.04,era5
2026-04-30,W0817,52.7167,10.8089,,0.0,11.3,12.3,0.017,10.4,0.077,4.05,era5
2026-04-28,W0818,52.7167,10.8384,,0.0,9.7,11.5,0.043,10.0,0.097,4.27,era5
2026-04-29,W0818,52.7167,10.8384,,0.0,9.3,11.1,0.029,10.2,0.086,4.04,era5
2026-04-30,W0818,52.7167,10.8384,,0.0,11.3,12.3,0.017,10.4,0.077,4.04,era5
2026-04-28,W0819,52.7167,10.868,,0.0,9.9,12.1,0.064,10.7,0.13,4.36,era5
2026-04-29,W0819,52.7167,10.868,,0.0,9.4,11.7,0.044,10.7,0.13,4.09,era5
2026-04-30,W0819,52.7167,10.868,,0.0,11.3,12.7,0.025,10.9,0.13,4.04,era5
2026-04-28,W0820,52.7167,10.8975,,0.0,9.9,12.1,0.064,10.7,0.13,4.36,era5
2026-04-29,W0820,52.7167,10.8975,,0.0,9.4,11.7,0.044,10.7,0.13,4.09,era5
2026-04-30,W0820,52.7167,10.8975,,0.0,11.3,12.7,0.025,10.9,0.13,4.04,era5
2026-04-28,W0821,52.7167,10.9271,,0.0,9.9,12.1,0.064,10.7,0.13,4.36,era5
2026-04-29,W0821,52.7167,10.9271,,0.0,9.4,11.7,0.044,10.7,0.13,4.09,era5
2026-04-30,W0821,52.7167,10.9271,,0.0,11.3,12.7,0.025,10.9,0.13,4.04,era5
2026-04-28,W0822,52.7167,11.0747,,0.0,9.8,11.5,0.103,10.1,0.16,4.24,era5
2026-04-29,W0822,52.7167,11.0747,,0.0,9.3,11.3,0.086,10.4,0.149,4.0,era5
2026-04-30,W0822,52.7167,11.0747,,0.0,11.2,12.5,0.077,10.7,0.149,3.95,era5
2026-04-28,W0823,52.7167,11.1338,,0.0,9.8,11.5,0.103,10.1,0.16,4.24,era5
2026-04-29,W0823,52.7167,11.1338,,0.0,9.3,11.3,0.086,10.4,0.149,4.01,era5
2026-04-30,W0823,52.7167,11.1338,,0.0,11.2,12.5,0.077,10.7,0.149,3.96,era5
2026-04-28,W0824,52.7347,10.1,,0.0,10.0,11.2,0.036,9.6,0.109,4.38,era5
2026-04-29,W0824,52.7347,10.1,,0.0,9.9,11.0,0.029,9.8,0.102,4.21,era5
2026-04-30,W0824,52.7347,10.1,,0.0,11.6,11.6,0.02,10.0,0.093,4.15,era5
2026-04-28,W0825,52.7347,10.1295,,0.0,10.0,11.2,0.036,9.6,0.109,4.38,era5
2026-04-29,W0825,52.7347,10.1295,,0.0,9.9,11.0,0.029,9.8,0.102,4.21,era5
2026-04-30,W0825,52.7347,10.1295,,0.0,11.6,11.6,0.02,10.0,0.093,4.15,era5
2026-04-28,W0826,52.7347,10.1591,,0.0,10.0,11.2,0.036,9.6,0.109,4.38,era5
2026-04-29,W0826,52.7347,10.1591,,0.0,9.9,11.0,0.029,9.8,0.102,4.21,era5
2026-04-30,W0826,52.7347,10.1591,,0.0,11.6,11.6,0.02,10.0,0.093,4.15,era5
2026-04-28,W0827,52.7347,10.1886,,0.0,10.0,11.2,0.036,9.6,0.109,4.38,era5
2026-04-29,W0827,52.7347,10.1886,,0.0,9.9,11.0,0.029,9.8,0.102,4.21,era5
2026-04-30,W0827,52.7347,10.1886,,0.0,11.6,11.6,0.02,10.0,0.093,4.15,era5
2026-04-28,W0828,52.7347,10.2182,,0.0,10.2,12.0,0.015,10.2,0.083,4.45,era5
2026-04-29,W0828,52.7347,10.2182,,0.0,9.9,11.8,0.013,10.4,0.075,4.27,era5
2026-04-30,W0828,52.7347,10.2182,,0.0,11.3,12.3,0.02,10.6,0.073,4.12,era5
2026-04-28,W0829,52.7347,10.2477,,0.0,9.8,11.0,0.023,9.5,0.112,4.3,era5
2026-04-29,W0829,52.7347,10.2477,,0.0,9.6,10.8,0.016,9.7,0.105,4.16,era5
2026-04-30,W0829,52.7347,10.2477,,0.0,11.4,11.5,0.029,9.9,0.108,4.09,era5
2026-04-28,W0830,52.7347,10.3068,,0.0,9.8,11.0,0.023,9.5,0.112,4.3,era5
2026-04-29,W0830,52.7347,10.3068,,0.0,9.6,10.8,0.016,9.7,0.105,4.16,era5
2026-04-30,W0830,52.7347,10.3068,,0.0,11.4,11.5,0.029,9.9,0.108,4.09,era5
2026-04-28,W0831,52.7347,10.3363,,0.0,9.8,11.0,0.023,9.5,0.112,4.3,era5
2026-04-29,W0831,52.7347,10.3363,,0.0,9.6,10.8,0.016,9.7,0.105,4.16,era5
2026-04-30,W0831,52.7347,10.3363,,0.0,11.4,11.5,0.029,9.9,0.108,4.09,era5
2026-04-28,W0832,52.7347,10.3658,,0.0,10.0,11.6,0.038,10.1,0.106,4.38,era5
2026-04-29,W0832,52.7347,10.3658,,0.0,9.7,11.3,0.025,10.2,0.095,4.21,era5
2026-04-30,W0832,52.7347,10.3658,,0.0,11.2,12.0,0.026,10.4,0.092,4.04,era5
2026-04-28,W0833,52.7347,10.3954,,0.0,10.0,11.6,0.038,10.1,0.106,4.39,era5
2026-04-29,W0833,52.7347,10.3954,,0.0,9.7,11.3,0.025,10.2,0.095,4.21,era5
2026-04-30,W0833,52.7347,10.3954,,0.0,11.2,12.0,0.026,10.4,0.092,4.04,era5
2026-04-28,W0834,52.7347,10.4249,,0.0,9.7,10.9,0.053,9.5,0.131,4.27,era5
2026-04-29,W0834,52.7347,10.4249,,0.0,9.4,10.7,0.039,9.7,0.117,4.12,era5
2026-04-30,W0834,52.7347,10.4249,,0.0,11.4,11.6,0.032,9.9,0.109,4.07,era5
2026-04-28,W0835,52.7347,10.4545,,0.0,9.7,10.9,0.053,9.5,0.131,4.27,era5
2026-04-29,W0835,52.7347,10.4545,,0.0,9.4,10.7,0.039,9.7,0.117,4.12,era5
2026-04-30,W0835,52.7347,10.4545,,0.0,11.4,11.6,0.032,9.9,0.109,4.06,era5
2026-04-28,W0836,52.7347,10.484,,0.0,9.7,10.9,0.053,9.5,0.131,4.27,era5
2026-04-29,W0836,52.7347,10.484,,0.0,9.4,10.7,0.039,9.7,0.117,4.12,era5
2026-04-30,W0836,52.7347,10.484,,0.0,11.4,11.6,0.032,9.9,0.109,4.07,era5
2026-04-28,W0837,52.7347,10.5135,,0.0,9.7,10.9,0.053,9.5,0.131,4.27,era5
2026-04-29,W0837,52.7347,10.5135,,0.0,9.4,10.7,0.039,9.7,0.117,4.12,era5
2026-04-30,W0837,52.7347,10.5135,,0.0,11.4,11.6,0.032,9.9,0.109,4.07,era5
2026-04-28,W0838,52.7347,10.5431,,0.0,10.0,11.8,0.042,10.0,0.067,4.42,era5
2026-04-29,W0838,52.7347,10.5431,,0.0,9.6,11.5,0.028,10.2,0.059,4.23,era5
2026-04-30,W0838,52.7347,10.5431,,0.0,11.3,12.3,0.019,10.4,0.059,4.08,era5
2026-04-28,W0839,52.7347,10.5726,,0.0,9.7,11.5,0.037,9.9,0.103,4.28,era5
2026-04-29,W0839,52.7347,10.5726,,0.0,9.3,11.2,0.026,10.1,0.093,4.06,era5
2026-04-30,W0839,52.7347,10.5726,,0.0,11.3,12.3,0.02,10.4,0.086,4.05,era5
2026-04-28,W0840,52.7347,10.6021,,0.0,9.7,11.5,0.037,9.9,0.103,4.28,era5
2026-04-29,W0840,52.7347,10.6021,,0.0,9.3,11.2,0.026,10.1,0.093,4.06,era5
2026-04-30,W0840,52.7347,10.6021,,0.0,11.3,12.3,0.02,10.4,0.086,4.05,era5
2026-04-28,W0841,52.7347,10.6612,,0.0,9.7,11.5,0.037,9.9,0.103,4.28,era5
2026-04-29,W0841,52.7347,10.6612,,0.0,9.3,11.2,0.026,10.1,0.093,4.05,era5
2026-04-30,W0841,52.7347,10.6612,,0.0,11.3,12.3,0.02,10.4,0.086,4.04,era5
2026-04-28,W0842,52.7347,10.8089,,0.0,9.7,11.5,0.043,10.0,0.097,4.27,era5
2026-04-29,W0842,52.7347,10.8089,,0.0,9.3,11.1,0.029,10.2,0.086,4.04,era5
2026-04-30,W0842,52.7347,10.8089,,0.0,11.3,12.3,0.017,10.4,0.077,4.05,era5
2026-04-28,W0843,52.7347,10.8384,,0.0,9.7,11.5,0.043,10.0,0.097,4.28,era5
2026-04-29,W0843,52.7347,10.8384,,0.0,9.3,11.1,0.029,10.2,0.086,4.04,era5
2026-04-30,W0843,52.7347,10.8384,,0.0,11.3,12.3,0.017,10.4,0.077,4.05,era5
2026-04-28,W0844,52.7347,10.868,,0.0,9.9,12.1,0.064,10.7,0.13,4.37,era5
2026-04-29,W0844,52.7347,10.868,,0.0,9.4,11.7,0.044,10.7,0.13,4.09,era5
2026-04-30,W0844,52.7347,10.868,,0.0,11.3,12.7,0.025,10.9,0.13,4.04,era5
2026-04-28,W0845,52.7347,10.8975,,0.0,9.9,12.1,0.064,10.7,0.13,4.36,era5
2026-04-29,W0845,52.7347,10.8975,,0.0,9.4,11.7,0.044,10.7,0.13,4.09,era5
2026-04-30,W0845,52.7347,10.8975,,0.0,11.3,12.7,0.025,10.9,0.13,4.04,era5
2026-04-28,W0846,52.7347,10.9271,,0.0,9.9,12.0,0.054,10.4,0.118,4.34,era5
2026-04-29,W0846,52.7347,10.9271,,0.0,9.5,11.5,0.032,10.5,0.118,4.08,era5
2026-04-30,W0846,52.7347,10.9271,,0.0,11.5,12.7,0.011,10.7,0.118,4.04,era5
2026-04-28,W0847,52.7347,10.9566,,0.0,9.9,12.0,0.054,10.4,0.118,4.34,era5
2026-04-29,W0847,52.7347,10.9566,,0.0,9.5,11.5,0.032,10.5,0.118,4.08,era5
2026-04-30,W0847,52.7347,10.9566,,0.0,11.5,12.7,0.011,10.7,0.118,4.03,era5
2026-04-28,W0848,52.7347,10.9861,,0.0,9.9,12.0,0.054,10.4,0.118,4.34,era5
2026-04-29,W0848,52.7347,10.9861,,0.0,9.5,11.5,0.032,10.5,0.118,4.08,era5
2026-04-30,W0848,52.7347,10.9861,,0.0,11.5,12.7,0.011,10.7,0.118,4.04,era5
2026-04-28,W0849,52.7347,11.0157,,0.0,9.9,12.0,0.054,10.4,0.118,4.34,era5
2026-04-29,W0849,52.7347,11.0157,,0.0,9.5,11.5,0.032,10.5,0.118,4.08,era5
2026-04-30,W0849,52.7347,11.0157,,0.0,11.5,12.7,0.011,10.7,0.118,4.03,era5
2026-04-28,W0850,52.7347,11.0452,,0.0,9.8,11.5,0.103,10.1,0.16,4.24,era5
2026-04-29,W0850,52.7347,11.0452,,0.0,9.3,11.3,0.086,10.4,0.149,4.01,era5
2026-04-30,W0850,52.7347,11.0452,,0.0,11.2,12.5,0.077,10.7,0.149,3.96,era5
2026-04-28,W0851,52.7347,11.0747,,0.0,9.8,11.5,0.103,10.1,0.16,4.24,era5
2026-04-29,W0851,52.7347,11.0747,,0.0,9.3,11.3,0.086,10.4,0.149,4.0,era5
2026-04-30,W0851,52.7347,11.0747,,0.0,11.2,12.5,0.077,10.7,0.149,3.96,era5
2026-04-28,W0852,52.7347,11.1043,,0.0,10.0,12.6,0.041,11.0,0.132,4.32,era5
2026-04-29,W0852,52.7347,11.1043,,0.0,9.5,12.1,0.018,11.0,0.132,4.05,era5
2026-04-30,W0852,52.7347,11.1043,,0.0,11.5,13.4,0.01,11.2,0.132,4.01,era5
2026-04-28,W0853,52.7347,11.1338,,0.0,10.0,12.6,0.041,11.0,0.132,4.32,era5
2026-04-29,W0853,52.7347,11.1338,,0.0,9.5,12.1,0.018,11.0,0.132,4.05,era5
2026-04-30,W0853,52.7347,11.1338,,0.0,11.5,13.4,0.01,11.2,0.132,4.01,era5
2026-04-28,W0854,52.7527,10.1,,0.0,10.0,11.2,0.036,9.6,0.109,4.38,era5
2026-04-29,W0854,52.7527,10.1,,0.0,9.9,11.0,0.029,9.8,0.102,4.21,era5
2026-04-30,W0854,52.7527,10.1,,0.0,11.6,11.6,0.02,10.0,0.093,4.15,era5
2026-04-28,W0855,52.7527,10.1295,,0.0,10.0,11.2,0.036,9.6,0.109,4.38,era5
2026-04-29,W0855,52.7527,10.1295,,0.0,9.9,11.0,0.029,9.8,0.102,4.21,era5
2026-04-30,W0855,52.7527,10.1295,,0.0,11.6,11.6,0.02,10.0,0.093,4.15,era5
2026-04-28,W0856,52.7527,10.1591,,0.0,10.0,11.2,0.036,9.6,0.109,4.38,era5
2026-04-29,W0856,52.7527,10.1591,,0.0,9.9,11.0,0.029,9.8,0.102,4.21,era5
2026-04-30,W0856,52.7527,10.1591,,0.0,11.6,11.6,0.02,10.0,0.093,4.15,era5
2026-04-28,W0857,52.7527,10.1886,,0.0,10.0,11.2,0.036,9.6,0.109,4.38,era5
2026-04-29,W0857,52.7527,10.1886,,0.0,9.9,11.0,0.029,9.8,0.102,4.21,era5
2026-04-30,W0857,52.7527,10.1886,,0.0,11.6,11.6,0.02,10.0,0.093,4.15,era5
2026-04-28,W0858,52.7527,10.2182,,0.0,9.8,11.0,0.023,9.5,0.112,4.3,era5
2026-04-29,W0858,52.7527,10.2182,,0.0,9.6,10.8,0.016,9.7,0.105,4.16,era5
2026-04-30,W0858,52.7527,10.2182,,0.0,11.4,11.5,0.029,9.9,0.108,4.09,era5
2026-04-28,W0859,52.7527,10.2477,,0.0,9.8,11.0,0.023,9.5,0.112,4.3,era5
2026-04-29,W0859,52.7527,10.2477,,0.0,9.6,10.8,0.016,9.7,0.105,4.16,era5
2026-04-30,W0859,52.7527,10.2477,,0.0,11.4,11.5,0.029,9.9,0.108,4.09,era5
2026-04-28,W0860,52.7527,10.2772,,0.0,9.8,11.0,0.023,9.5,0.112,4.3,era5
2026-04-29,W0860,52.7527,10.2772,,0.0,9.6,10.8,0.016,9.7,0.105,4.16,era5
2026-04-30,W0860,52.7527,10.2772,,0.0,11.4,11.5,0.029,9.9,0.108,4.09,era5
2026-04-28,W0861,52.7527,10.3068,,0.0,9.8,11.0,0.023,9.5,0.112,4.3,era5
2026-04-29,W0861,52.7527,10.3068,,0.0,9.6,10.8,0.016,9.7,0.105,4.16,era5
2026-04-30,W0861,52.7527,10.3068,,0.0,11.4,11.5,0.029,9.9,0.108,4.09,era5
2026-04-28,W0862,52.7527,10.3363,,0.0,9.8,11.0,0.023,9.5,0.112,4.3,era5
2026-04-29,W0862,52.7527,10.3363,,0.0,9.6,10.8,0.016,9.7,0.105,4.16,era5
2026-04-30,W0862,52.7527,10.3363,,0.0,11.4,11.5,0.029,9.9,0.108,4.09,era5
2026-04-28,W0863,52.7527,10.3658,,0.0,9.7,10.9,0.053,9.5,0.131,4.27,era5
2026-04-29,W0863,52.7527,10.3658,,0.0,9.4,10.7,0.039,9.7,0.117,4.12,era5
2026-04-30,W0863,52.7527,10.3658,,0.0,11.4,11.6,0.032,9.9,0.109,4.06,era5
2026-04-28,W0864,52.7527,10.3954,,0.0,9.7,10.9,0.053,9.5,0.131,4.27,era5
2026-04-29,W0864,52.7527,10.3954,,0.0,9.4,10.7,0.039,9.7,0.117,4.12,era5
2026-04-30,W0864,52.7527,10.3954,,0.0,11.4,11.6,0.032,9.9,0.109,4.07,era5
2026-04-28,W0865,52.7527,10.4249,,0.0,9.7,10.9,0.053,9.5,0.131,4.27,era5
2026-04-29,W0865,52.7527,10.4249,,0.0,9.4,10.7,0.039,9.7,0.117,4.12,era5
2026-04-30,W0865,52.7527,10.4249,,0.0,11.4,11.6,0.032,9.9,0.109,4.07,era5
2026-04-28,W0866,52.7527,10.4545,,0.0,9.7,10.9,0.053,9.5,0.131,4.27,era5
2026-04-29,W0866,52.7527,10.4545,,0.0,9.4,10.7,0.039,9.7,0.117,4.12,era5
2026-04-30,W0866,52.7527,10.4545,,0.0,11.4,11.6,0.032,9.9,0.109,4.07,era5
2026-04-28,W0867,52.7527,10.484,,0.0,9.7,10.9,0.053,9.5,0.131,4.27,era5
2026-04-29,W0867,52.7527,10.484,,0.0,9.4,10.7,0.039,9.7,0.117,4.12,era5
2026-04-30,W0867,52.7527,10.484,,0.0,11.4,11.6,0.032,9.9,0.109,4.07,era5
2026-04-28,W0868,52.7527,10.5135,,0.0,9.7,10.9,0.053,9.5,0.131,4.27,era5
2026-04-29,W0868,52.7527,10.5135,,0.0,9.4,10.7,0.039,9.7,0.117,4.12,era5
2026-04-30,W0868,52.7527,10.5135,,0.0,11.4,11.6,0.032,9.9,0.109,4.07,era5
2026-04-28,W0869,52.7527,10.5431,,0.0,9.7,11.5,0.037,9.9,0.103,4.28,era5
2026-04-29,W0869,52.7527,10.5431,,0.0,9.3,11.2,0.026,10.1,0.093,4.06,era5
2026-04-30,W0869,52.7527,10.5431,,0.0,11.3,12.3,0.02,10.4,0.086,4.05,era5
2026-04-28,W0870,52.7527,10.5726,,0.0,9.7,11.5,0.037,9.9,0.103,4.28,era5
2026-04-29,W0870,52.7527,10.5726,,0.0,9.3,11.2,0.026,10.1,0.093,4.06,era5
2026-04-30,W0870,52.7527,10.5726,,0.0,11.3,12.3,0.02,10.4,0.086,4.05,era5
2026-04-28,W0871,52.7527,10.6021,,0.0,9.7,11.5,0.037,9.9,0.103,4.28,era5
2026-04-29,W0871,52.7527,10.6021,,0.0,9.3,11.2,0.026,10.1,0.093,4.06,era5
2026-04-30,W0871,52.7527,10.6021,,0.0,11.3,12.3,0.02,10.4,0.086,4.05,era5
2026-04-28,W0872,52.7527,10.7203,,0.0,9.7,11.5,0.043,10.0,0.097,4.27,era5
2026-04-29,W0872,52.7527,10.7203,,0.0,9.3,11.1,0.029,10.2,0.086,4.04,era5
2026-04-30,W0872,52.7527,10.7203,,0.0,11.3,12.3,0.017,10.4,0.077,4.04,era5
2026-04-28,W0873,52.7527,10.7498,,0.0,9.7,11.5,0.043,10.0,0.097,4.27,era5
2026-04-29,W0873,52.7527,10.7498,,0.0,9.3,11.1,0.029,10.2,0.086,4.04,era5
2026-04-30,W0873,52.7527,10.7498,,0.0,11.3,12.3,0.017,10.4,0.077,4.04,era5
2026-04-28,W0874,52.7527,10.7794,,0.0,9.7,11.5,0.043,10.0,0.097,4.27,era5
2026-04-29,W0874,52.7527,10.7794,,0.0,9.3,11.1,0.029,10.2,0.086,4.04,era5
2026-04-30,W0874,52.7527,10.7794,,0.0,11.3,12.3,0.017,10.4,0.077,4.04,era5
2026-04-28,W0875,52.7527,10.8089,,0.0,9.7,11.5,0.043,10.0,0.097,4.28,era5
2026-04-29,W0875,52.7527,10.8089,,0.0,9.3,11.1,0.029,10.2,0.086,4.04,era5
2026-04-30,W0875,52.7527,10.8089,,0.0,11.3,12.3,0.017,10.4,0.077,4.05,era5
2026-04-28,W0876,52.7527,10.8384,,0.0,9.7,11.5,0.043,10.0,0.097,4.28,era5
2026-04-29,W0876,52.7527,10.8384,,0.0,9.3,11.1,0.029,10.2,0.086,4.04,era5
2026-04-30,W0876,52.7527,10.8384,,0.0,11.3,12.3,0.017,10.4,0.077,4.05,era5
2026-04-28,W0877,52.7527,10.868,,0.0,9.7,11.5,0.043,10.0,0.097,4.27,era5
2026-04-29,W0877,52.7527,10.868,,0.0,9.3,11.1,0.029,10.2,0.086,4.04,era5
2026-04-30,W0877,52.7527,10.868,,0.0,11.3,12.3,0.017,10.4,0.077,4.04,era5
2026-04-28,W0878,52.7527,10.8975,,0.0,9.9,12.0,0.054,10.4,0.118,4.34,era5
2026-04-29,W0878,52.7527,10.8975,,0.0,9.5,11.5,0.032,10.5,0.118,4.08,era5
2026-04-30,W0878,52.7527,10.8975,,0.0,11.5,12.7,0.011,10.7,0.118,4.03,era5
2026-04-28,W0879,52.7527,10.9271,,0.0,9.9,12.0,0.054,10.4,0.118,4.34,era5
2026-04-29,W0879,52.7527,10.9271,,0.0,9.5,11.5,0.032,10.5,0.118,4.08,era5
2026-04-30,W0879,52.7527,10.9271,,0.0,11.5,12.7,0.011,10.7,0.118,4.03,era5
2026-04-28,W0880,52.7527,10.9566,,0.0,9.9,12.0,0.054,10.4,0.118,4.34,era5
2026-04-29,W0880,52.7527,10.9566,,0.0,9.5,11.5,0.032,10.5,0.118,4.08,era5
2026-04-30,W0880,52.7527,10.9566,,0.0,11.5,12.7,0.011,10.7,0.118,4.03,era5
2026-04-28,W0881,52.7527,10.9861,,0.0,9.9,12.0,0.054,10.4,0.118,4.34,era5
2026-04-29,W0881,52.7527,10.9861,,0.0,9.5,11.5,0.032,10.5,0.118,4.08,era5
2026-04-30,W0881,52.7527,10.9861,,0.0,11.5,12.7,0.011,10.7,0.118,4.04,era5
2026-04-28,W0882,52.7527,11.0157,,0.0,9.9,12.0,0.054,10.4,0.118,4.34,era5
2026-04-29,W0882,52.7527,11.0157,,0.0,9.5,11.5,0.032,10.5,0.118,4.09,era5
2026-04-30,W0882,52.7527,11.0157,,0.0,11.5,12.7,0.011,10.7,0.118,4.04,era5
2026-04-28,W0883,52.7527,11.0452,,0.0,10.0,12.6,0.041,11.0,0.132,4.32,era5
2026-04-29,W0883,52.7527,11.0452,,0.0,9.5,12.1,0.018,11.0,0.132,4.05,era5
2026-04-30,W0883,52.7527,11.0452,,0.0,11.5,13.4,0.01,11.2,0.132,4.02,era5
2026-04-28,W0884,52.7527,11.0747,,0.0,10.0,12.6,0.041,11.0,0.132,4.32,era5
2026-04-29,W0884,52.7527,11.0747,,0.0,9.5,12.1,0.018,11.0,0.132,4.05,era5
2026-04-30,W0884,52.7527,11.0747,,0.0,11.5,13.4,0.01,11.2,0.132,4.01,era5
2026-04-28,W0885,52.7527,11.1338,,0.0,10.0,12.6,0.041,11.0,0.132,4.32,era5
2026-04-29,W0885,52.7527,11.1338,,0.0,9.5,12.1,0.018,11.0,0.132,4.05,era5
2026-04-30,W0885,52.7527,11.1338,,0.0,11.5,13.4,0.01,11.2,0.132,4.01,era5
2026-04-28,W0886,52.7707,10.1,,0.0,10.0,11.2,0.036,9.6,0.109,4.38,era5
2026-04-29,W0886,52.7707,10.1,,0.0,9.9,11.0,0.029,9.8,0.102,4.21,era5
2026-04-30,W0886,52.7707,10.1,,0.0,11.6,11.6,0.02,10.0,0.093,4.15,era5
2026-04-28,W0887,52.7707,10.1295,,0.0,10.0,11.2,0.036,9.6,0.109,4.38,era5
2026-04-29,W0887,52.7707,10.1295,,0.0,9.9,11.0,0.029,9.8,0.102,4.21,era5
2026-04-30,W0887,52.7707,10.1295,,0.0,11.6,11.6,0.02,10.0,0.093,4.15,era5
2026-04-28,W0888,52.7707,10.1591,,0.0,10.0,11.2,0.036,9.6,0.109,4.38,era5
2026-04-29,W0888,52.7707,10.1591,,0.0,9.9,11.0,0.029,9.8,0.102,4.21,era5
2026-04-30,W0888,52.7707,10.1591,,0.0,11.6,11.6,0.02,10.0,0.093,4.16,era5
2026-04-28,W0889,52.7707,10.1886,,0.0,10.0,11.2,0.036,9.6,0.109,4.38,era5
2026-04-29,W0889,52.7707,10.1886,,0.0,9.9,11.0,0.029,9.8,0.102,4.21,era5
2026-04-30,W0889,52.7707,10.1886,,0.0,11.6,11.6,0.02,10.0,0.093,4.15,era5
2026-04-28,W0890,52.7707,10.2182,,0.0,9.8,11.0,0.023,9.5,0.112,4.3,era5
2026-04-29,W0890,52.7707,10.2182,,0.0,9.6,10.8,0.016,9.7,0.105,4.16,era5
2026-04-30,W0890,52.7707,10.2182,,0.0,11.4,11.5,0.029,9.9,0.108,4.09,era5
2026-04-28,W0891,52.7707,10.2477,,0.0,9.8,11.0,0.023,9.5,0.112,4.3,era5
2026-04-29,W0891,52.7707,10.2477,,0.0,9.6,10.8,0.016,9.7,0.105,4.16,era5
2026-04-30,W0891,52.7707,10.2477,,0.0,11.4,11.5,0.029,9.9,0.108,4.09,era5
2026-04-28,W0892,52.7707,10.2772,,0.0,9.8,11.0,0.023,9.5,0.112,4.3,era5
2026-04-29,W0892,52.7707,10.2772,,0.0,9.6,10.8,0.016,9.7,0.105,4.16,era5
2026-04-30,W0892,52.7707,10.2772,,0.0,11.4,11.5,0.029,9.9,0.108,4.09,era5
2026-04-28,W0893,52.7707,10.3068,,0.0,9.8,11.0,0.023,9.5,0.112,4.3,era5
2026-04-29,W0893,52.7707,10.3068,,0.0,9.6,10.8,0.016,9.7,0.105,4.16,era5
2026-04-30,W0893,52.7707,10.3068,,0.0,11.4,11.5,0.029,9.9,0.108,4.09,era5
2026-04-28,W0894,52.7707,10.3363,,0.0,9.8,11.0,0.023,9.5,0.112,4.3,era5
2026-04-29,W0894,52.7707,10.3363,,0.0,9.6,10.8,0.016,9.7,0.105,4.16,era5
2026-04-30,W0894,52.7707,10.3363,,0.0,11.4,11.5,0.029,9.9,0.108,4.09,era5
2026-04-28,W0895,52.7707,10.3658,,0.0,9.7,10.9,0.053,9.5,0.131,4.27,era5
2026-04-29,W0895,52.7707,10.3658,,0.0,9.4,10.7,0.039,9.7,0.117,4.12,era5
2026-04-30,W0895,52.7707,10.3658,,0.0,11.4,11.6,0.032,9.9,0.109,4.06,era5
2026-04-28,W0896,52.7707,10.3954,,0.0,9.7,10.9,0.053,9.5,0.131,4.27,era5
2026-04-29,W0896,52.7707,10.3954,,0.0,9.4,10.7,0.039,9.7,0.117,4.12,era5
2026-04-30,W0896,52.7707,10.3954,,0.0,11.4,11.6,0.032,9.9,0.109,4.07,era5
2026-04-28,W0897,52.7707,10.4249,,0.0,9.7,10.9,0.053,9.5,0.131,4.27,era5
2026-04-29,W0897,52.7707,10.4249,,0.0,9.4,10.7,0.039,9.7,0.117,4.12,era5
2026-04-30,W0897,52.7707,10.4249,,0.0,11.4,11.6,0.032,9.9,0.109,4.07,era5
2026-04-28,W0898,52.7707,10.4545,,0.0,9.7,10.9,0.053,9.5,0.131,4.27,era5
2026-04-29,W0898,52.7707,10.4545,,0.0,9.4,10.7,0.039,9.7,0.117,4.12,era5
2026-04-30,W0898,52.7707,10.4545,,0.0,11.4,11.6,0.032,9.9,0.109,4.07,era5
2026-04-28,W0899,52.7707,10.484,,0.0,9.7,10.9,0.053,9.5,0.131,4.27,era5
2026-04-29,W0899,52.7707,10.484,,0.0,9.4,10.7,0.039,9.7,0.117,4.12,era5
2026-04-30,W0899,52.7707,10.484,,0.0,11.4,11.6,0.032,9.9,0.109,4.07,era5
2026-04-28,W0900,52.7707,10.5135,,0.0,9.7,10.9,0.053,9.5,0.131,4.27,era5
2026-04-29,W0900,52.7707,10.5135,,0.0,9.4,10.7,0.039,9.7,0.117,4.12,era5
2026-04-30,W0900,52.7707,10.5135,,0.0,11.4,11.6,0.032,9.9,0.109,4.07,era5
2026-04-28,W0901,52.7707,10.5431,,0.0,9.7,11.5,0.037,9.9,0.103,4.28,era5
2026-04-29,W0901,52.7707,10.5431,,0.0,9.3,11.2,0.026,10.1,0.093,4.06,era5
2026-04-30,W0901,52.7707,10.5431,,0.0,11.3,12.3,0.02,10.4,0.086,4.05,era5
2026-04-28,W0902,52.7707,10.5726,,0.0,9.7,11.5,0.037,9.9,0.103,4.28,era5
2026-04-29,W0902,52.7707,10.5726,,0.0,9.3,11.2,0.026,10.1,0.093,4.06,era5
2026-04-30,W0902,52.7707,10.5726,,0.0,11.3,12.3,0.02,10.4,0.086,4.05,era5
2026-04-28,W0903,52.7707,10.6021,,0.0,9.7,11.5,0.037,9.9,0.103,4.28,era5
2026-04-29,W0903,52.7707,10.6021,,0.0,9.3,11.2,0.026,10.1,0.093,4.06,era5
2026-04-30,W0903,52.7707,10.6021,,0.0,11.3,12.3,0.02,10.4,0.086,4.05,era5
2026-04-28,W0904,52.7707,10.6317,,0.0,9.7,11.5,0.037,9.9,0.103,4.28,era5
2026-04-29,W0904,52.7707,10.6317,,0.0,9.3,11.2,0.026,10.1,0.093,4.05,era5
2026-04-30,W0904,52.7707,10.6317,,0.0,11.3,12.3,0.02,10.4,0.086,4.04,era5
2026-04-28,W0905,52.7707,10.6612,,0.0,9.7,11.5,0.037,9.9,0.103,4.28,era5
2026-04-29,W0905,52.7707,10.6612,,0.0,9.3,11.2,0.026,10.1,0.093,4.06,era5
2026-04-30,W0905,52.7707,10.6612,,0.0,11.3,12.3,0.02,10.4,0.086,4.05,era5
2026-04-28,W0906,52.7707,10.6908,,0.0,9.7,11.5,0.037,9.9,0.103,4.28,era5
2026-04-29,W0906,52.7707,10.6908,,0.0,9.3,11.2,0.026,10.1,0.093,4.05,era5
2026-04-30,W0906,52.7707,10.6908,,0.0,11.3,12.3,0.02,10.4,0.086,4.04,era5
2026-04-28,W0907,52.7707,10.7203,,0.0,9.7,11.5,0.043,10.0,0.097,4.28,era5
2026-04-29,W0907,52.7707,10.7203,,0.0,9.3,11.1,0.029,10.2,0.086,4.04,era5
2026-04-30,W0907,52.7707,10.7203,,0.0,11.3,12.3,0.017,10.4,0.077,4.05,era5
2026-04-28,W0908,52.7707,10.7498,,0.0,9.7,11.5,0.043,10.0,0.097,4.27,era5
2026-04-29,W0908,52.7707,10.7498,,0.0,9.3,11.1,0.029,10.2,0.086,4.04,era5
2026-04-30,W0908,52.7707,10.7498,,0.0,11.3,12.3,0.017,10.4,0.077,4.04,era5
2026-04-28,W0909,52.7707,10.7794,,0.0,9.7,11.5,0.043,10.0,0.097,4.28,era5
2026-04-29,W0909,52.7707,10.7794,,0.0,9.3,11.1,0.029,10.2,0.086,4.04,era5
2026-04-30,W0909,52.7707,10.7794,,0.0,11.3,12.3,0.017,10.4,0.077,4.05,era5
2026-04-28,W0910,52.7707,10.8089,,0.0,9.7,11.5,0.043,10.0,0.097,4.27,era5
2026-04-29,W0910,52.7707,10.8089,,0.0,9.3,11.1,0.029,10.2,0.086,4.04,era5
2026-04-30,W0910,52.7707,10.8089,,0.0,11.3,12.3,0.017,10.4,0.077,4.04,era5
2026-04-28,W0911,52.7707,10.8384,,0.0,9.7,11.5,0.043,10.0,0.097,4.27,era5
2026-04-29,W0911,52.7707,10.8384,,0.0,9.3,11.1,0.029,10.2,0.086,4.04,era5
2026-04-30,W0911,52.7707,10.8384,,0.0,11.3,12.3,0.017,10.4,0.077,4.04,era5
2026-04-28,W0912,52.7707,10.868,,0.0,9.7,11.5,0.043,10.0,0.097,4.27,era5
2026-04-29,W0912,52.7707,10.868,,0.0,9.3,11.1,0.029,10.2,0.086,4.04,era5
2026-04-30,W0912,52.7707,10.868,,0.0,11.3,12.3,0.017,10.4,0.077,4.04,era5
2026-04-28,W0913,52.7707,10.8975,,0.0,9.9,12.0,0.054,10.4,0.118,4.34,era5
2026-04-29,W0913,52.7707,10.8975,,0.0,9.5,11.5,0.032,10.5,0.118,4.08,era5
2026-04-30,W0913,52.7707,10.8975,,0.0,11.5,12.7,0.011,10.7,0.118,4.04,era5
2026-04-28,W0914,52.7707,10.9271,,0.0,9.9,12.0,0.054,10.4,0.118,4.34,era5
2026-04-29,W0914,52.7707,10.9271,,0.0,9.5,11.5,0.032,10.5,0.118,4.08,era5
2026-04-30,W0914,52.7707,10.9271,,0.0,11.5,12.7,0.011,10.7,0.118,4.03,era5
2026-04-28,W0915,52.7707,10.9566,,0.0,9.9,12.0,0.054,10.4,0.118,4.34,era5
2026-04-29,W0915,52.7707,10.9566,,0.0,9.5,11.5,0.032,10.5,0.118,4.08,era5
2026-04-30,W0915,52.7707,10.9566,,0.0,11.5,12.7,0.011,10.7,0.118,4.03,era5
2026-04-28,W0916,52.7707,10.9861,,0.0,9.9,12.0,0.054,10.4,0.118,4.34,era5
2026-04-29,W0916,52.7707,10.9861,,0.0,9.5,11.5,0.032,10.5,0.118,4.08,era5
2026-04-30,W0916,52.7707,10.9861,,0.0,11.5,12.7,0.011,10.7,0.118,4.04,era5
2026-04-28,W0917,52.7707,11.0157,,0.0,9.9,12.0,0.054,10.4,0.118,4.34,era5
2026-04-29,W0917,52.7707,11.0157,,0.0,9.5,11.5,0.032,10.5,0.118,4.08,era5
2026-04-30,W0917,52.7707,11.0157,,0.0,11.5,12.7,0.011,10.7,0.118,4.03,era5
2026-04-28,W0918,52.7707,11.0452,,0.0,10.0,12.6,0.041,11.0,0.132,4.32,era5
2026-04-29,W0918,52.7707,11.0452,,0.0,9.5,12.1,0.018,11.0,0.132,4.05,era5
2026-04-30,W0918,52.7707,11.0452,,0.0,11.5,13.4,0.01,11.2,0.132,4.02,era5
2026-04-28,W0919,52.7887,10.1,,0.0,10.0,11.2,0.036,9.6,0.109,4.38,era5
2026-04-29,W0919,52.7887,10.1,,0.0,9.9,11.0,0.029,9.8,0.102,4.21,era5
2026-04-30,W0919,52.7887,10.1,,0.0,11.6,11.6,0.02,10.0,0.093,4.15,era5
2026-04-28,W0920,52.7887,10.1295,,0.0,10.0,11.2,0.036,9.6,0.109,4.38,era5
2026-04-29,W0920,52.7887,10.1295,,0.0,9.9,11.0,0.029,9.8,0.102,4.21,era5
2026-04-30,W0920,52.7887,10.1295,,0.0,11.6,11.6,0.02,10.0,0.093,4.15,era5
2026-04-28,W0921,52.7887,10.1591,,0.0,9.7,11.0,0.044,9.4,0.13,4.27,era5
2026-04-29,W0921,52.7887,10.1591,,0.0,9.6,10.8,0.042,9.7,0.125,4.07,era5
2026-04-30,W0921,52.7887,10.1591,,0.0,11.5,11.8,0.044,10.1,0.123,4.06,era5
2026-04-28,W0922,52.7887,10.1886,,0.0,9.7,11.0,0.044,9.4,0.13,4.27,era5
2026-04-29,W0922,52.7887,10.1886,,0.0,9.6,10.8,0.042,9.7,0.125,4.07,era5
2026-04-30,W0922,52.7887,10.1886,,0.0,11.5,11.8,0.044,10.1,0.123,4.06,era5
2026-04-28,W0923,52.7887,10.2182,,0.0,9.8,11.0,0.023,9.5,0.112,4.31,era5
2026-04-29,W0923,52.7887,10.2182,,0.0,9.6,10.8,0.016,9.7,0.105,4.16,era5
2026-04-30,W0923,52.7887,10.2182,,0.0,11.4,11.5,0.029,9.9,0.108,4.1,era5
2026-04-28,W0924,52.7887,10.2477,,0.0,9.8,11.0,0.023,9.5,0.112,4.3,era5
2026-04-29,W0924,52.7887,10.2477,,0.0,9.6,10.8,0.016,9.7,0.105,4.16,era5
2026-04-30,W0924,52.7887,10.2477,,0.0,11.4,11.5,0.029,9.9,0.108,4.09,era5
2026-04-28,W0925,52.7887,10.2772,,0.0,9.8,11.0,0.023,9.5,0.112,4.3,era5
2026-04-29,W0925,52.7887,10.2772,,0.0,9.6,10.8,0.016,9.7,0.105,4.16,era5
2026-04-30,W0925,52.7887,10.2772,,0.0,11.4,11.5,0.029,9.9,0.108,4.09,era5
2026-04-28,W0926,52.7887,10.3068,,0.0,9.8,11.0,0.023,9.5,0.112,4.3,era5
2026-04-29,W0926,52.7887,10.3068,,0.0,9.6,10.8,0.016,9.7,0.105,4.16,era5
2026-04-30,W0926,52.7887,10.3068,,0.0,11.4,11.5,0.029,9.9,0.108,4.09,era5
2026-04-28,W0927,52.7887,10.3363,,0.0,9.6,10.7,0.051,9.3,0.112,4.28,era5
2026-04-29,W0927,52.7887,10.3363,,0.0,9.6,10.6,0.042,9.5,0.104,4.13,era5
2026-04-30,W0927,52.7887,10.3363,,0.0,11.8,11.7,0.027,9.8,0.093,4.18,era5
2026-04-28,W0928,52.7887,10.3658,,0.0,9.6,10.7,0.051,9.3,0.112,4.28,era5
2026-04-29,W0928,52.7887,10.3658,,0.0,9.6,10.6,0.042,9.5,0.104,4.13,era5
2026-04-30,W0928,52.7887,10.3658,,0.0,11.8,11.7,0.027,9.8,0.093,4.18,era5
2026-04-28,W0929,52.7887,10.3954,,0.0,9.7,10.9,0.053,9.5,0.131,4.27,era5
2026-04-29,W0929,52.7887,10.3954,,0.0,9.4,10.7,0.039,9.7,0.117,4.12,era5
2026-04-30,W0929,52.7887,10.3954,,0.0,11.4,11.6,0.032,9.9,0.109,4.07,era5
2026-04-28,W0930,52.7887,10.4249,,0.0,9.7,10.9,0.053,9.5,0.131,4.27,era5
2026-04-29,W0930,52.7887,10.4249,,0.0,9.4,10.7,0.039,9.7,0.117,4.12,era5
2026-04-30,W0930,52.7887,10.4249,,0.0,11.4,11.6,0.032,9.9,0.109,4.07,era5
2026-04-28,W0931,52.7887,10.4545,,0.0,9.7,10.9,0.053,9.5,0.131,4.27,era5
2026-04-29,W0931,52.7887,10.4545,,0.0,9.4,10.7,0.039,9.7,0.117,4.12,era5
2026-04-30,W0931,52.7887,10.4545,,0.0,11.4,11.6,0.032,9.9,0.109,4.07,era5
2026-04-28,W0932,52.7887,10.484,,0.0,9.5,10.1,0.094,9.1,0.144,4.17,era5
2026-04-29,W0932,52.7887,10.484,,0.0,9.2,9.9,0.077,9.3,0.136,3.96,era5
2026-04-30,W0932,52.7887,10.484,,0.0,11.4,10.7,0.069,9.5,0.131,4.07,era5
2026-04-28,W0933,52.7887,10.5135,,0.0,9.5,10.1,0.094,9.1,0.144,4.17,era5
2026-04-29,W0933,52.7887,10.5135,,0.0,9.2,9.9,0.077,9.3,0.136,3.96,era5
2026-04-30,W0933,52.7887,10.5135,,0.0,11.4,10.7,0.069,9.5,0.131,4.07,era5
2026-04-28,W0934,52.7887,10.5431,,0.0,9.7,11.5,0.037,9.9,0.103,4.28,era5
2026-04-29,W0934,52.7887,10.5431,,0.0,9.3,11.2,0.026,10.1,0.093,4.06,era5
2026-04-30,W0934,52.7887,10.5431,,0.0,11.3,12.3,0.02,10.4,0.086,4.05,era5
2026-04-28,W0935,52.7887,10.5726,,0.0,9.7,11.5,0.037,9.9,0.103,4.28,era5
2026-04-29,W0935,52.7887,10.5726,,0.0,9.3,11.2,0.026,10.1,0.093,4.06,era5
2026-04-30,W0935,52.7887,10.5726,,0.0,11.3,12.3,0.02,10.4,0.086,4.05,era5
2026-04-28,W0936,52.7887,10.6021,,0.0,9.7,11.5,0.037,9.9,0.103,4.28,era5
2026-04-29,W0936,52.7887,10.6021,,0.0,9.3,11.2,0.026,10.1,0.093,4.05,era5
2026-04-30,W0936,52.7887,10.6021,,0.0,11.3,12.3,0.02,10.4,0.086,4.04,era5
2026-04-28,W0937,52.7887,10.6612,,0.0,9.8,12.0,0.012,10.2,0.057,4.39,era5
2026-04-29,W0937,52.7887,10.6612,,0.0,9.5,11.6,0.016,10.4,0.057,4.11,era5
2026-04-30,W0937,52.7887,10.6612,,0.0,11.8,13.1,0.011,10.8,0.057,4.18,era5
2026-04-28,W0938,52.7887,10.6908,,0.0,9.8,12.0,0.012,10.2,0.057,4.39,era5
2026-04-29,W0938,52.7887,10.6908,,0.0,9.5,11.6,0.016,10.4,0.057,4.11,era5
2026-04-30,W0938,52.7887,10.6908,,0.0,11.8,13.1,0.011,10.8,0.057,4.18,era5
2026-04-28,W0939,52.7887,10.7203,,0.0,9.7,11.5,0.043,10.0,0.097,4.27,era5
2026-04-29,W0939,52.7887,10.7203,,0.0,9.3,11.1,0.029,10.2,0.086,4.04,era5
2026-04-30,W0939,52.7887,10.7203,,0.0,11.3,12.3,0.017,10.4,0.077,4.04,era5
2026-04-28,W0940,52.7887,10.7498,,0.0,9.7,11.5,0.043,10.0,0.097,4.27,era5
2026-04-29,W0940,52.7887,10.7498,,0.0,9.3,11.1,0.029,10.2,0.086,4.04,era5
2026-04-30,W0940,52.7887,10.7498,,0.0,11.3,12.3,0.017,10.4,0.077,4.04,era5
2026-04-28,W0941,52.7887,10.7794,,0.0,9.7,11.5,0.043,10.0,0.097,4.27,era5
2026-04-29,W0941,52.7887,10.7794,,0.0,9.3,11.1,0.029,10.2,0.086,4.04,era5
2026-04-30,W0941,52.7887,10.7794,,0.0,11.3,12.3,0.017,10.4,0.077,4.05,era5
2026-04-28,W0942,52.7887,10.8089,,0.0,9.7,11.5,0.043,10.0,0.097,4.28,era5
2026-04-29,W0942,52.7887,10.8089,,0.0,9.3,11.1,0.029,10.2,0.086,4.04,era5
2026-04-30,W0942,52.7887,10.8089,,0.0,11.3,12.3,0.017,10.4,0.077,4.05,era5
2026-04-28,W0943,52.7887,10.8384,,0.0,9.8,11.8,0.024,10.3,0.064,4.34,era5
2026-04-29,W0943,52.7887,10.8384,,0.0,9.5,11.4,0.011,10.5,0.057,4.08,era5
2026-04-30,W0943,52.7887,10.8384,,0.0,11.6,12.6,0.01,10.7,0.057,4.07,era5
2026-04-28,W0944,52.7887,10.868,,0.0,9.8,11.8,0.024,10.3,0.064,4.34,era5
2026-04-29,W0944,52.7887,10.868,,0.0,9.5,11.4,0.011,10.5,0.057,4.08,era5
2026-04-30,W0944,52.7887,10.868,,0.0,11.6,12.6,0.01,10.7,0.057,4.07,era5
2026-04-28,W0945,52.7887,10.8975,,0.0,9.9,12.0,0.054,10.4,0.118,4.34,era5
2026-04-29,W0945,52.7887,10.8975,,0.0,9.5,11.5,0.032,10.5,0.118,4.08,era5
2026-04-30,W0945,52.7887,10.8975,,0.0,11.5,12.7,0.011,10.7,0.118,4.03,era5
2026-04-28,W0946,52.7887,10.9271,,0.0,9.9,12.0,0.054,10.4,0.118,4.34,era5
2026-04-29,W0946,52.7887,10.9271,,0.0,9.5,11.5,0.032,10.5,0.118,4.08,era5
2026-04-30,W0946,52.7887,10.9271,,0.0,11.5,12.7,0.011,10.7,0.118,4.04,era5
2026-04-28,W0947,52.7887,10.9566,,0.0,9.9,12.0,0.054,10.4,0.118,4.34,era5
2026-04-29,W0947,52.7887,10.9566,,0.0,9.5,11.5,0.032,10.5,0.118,4.08,era5
2026-04-30,W0947,52.7887,10.9566,,0.0,11.5,12.7,0.011,10.7,0.118,4.04,era5
2026-04-28,W0948,52.7887,11.0157,,0.0,9.8,11.9,0.075,10.4,0.129,4.27,era5
2026-04-29,W0948,52.7887,11.0157,,0.0,9.4,11.6,0.052,10.5,0.129,3.99,era5
2026-04-30,W0948,52.7887,11.0157,,0.0,11.5,12.8,0.032,10.8,0.129,3.97,era5
2026-04-28,W0949,52.7887,11.0452,,0.0,9.8,11.9,0.075,10.4,0.129,4.27,era5
2026-04-29,W0949,52.7887,11.0452,,0.0,9.4,11.6,0.052,10.5,0.129,3.99,era5
2026-04-30,W0949,52.7887,11.0452,,0.0,11.5,12.8,0.032,10.8,0.129,3.97,era5
2026-04-28,W0950,52.7887,11.0747,,0.0,10.0,12.6,0.041,11.0,0.132,4.32,era5
2026-04-29,W0950,52.7887,11.0747,,0.0,9.5,12.1,0.018,11.0,0.132,4.05,era5
2026-04-30,W0950,52.7887,11.0747,,0.0,11.5,13.4,0.01,11.2,0.132,4.02,era5
2026-04-28,W0951,52.7887,11.1043,,0.0,10.0,12.6,0.041,11.0,0.132,4.32,era5
2026-04-29,W0951,52.7887,11.1043,,0.0,9.5,12.1,0.018,11.0,0.132,4.05,era5
2026-04-30,W0951,52.7887,11.1043,,0.0,11.5,13.4,0.01,11.2,0.132,4.01,era5
2026-04-28,W0952,52.7887,11.1338,,0.0,10.0,12.6,0.041,11.0,0.132,4.32,era5
2026-04-29,W0952,52.7887,11.1338,,0.0,9.5,12.1,0.018,11.0,0.132,4.05,era5
2026-04-30,W0952,52.7887,11.1338,,0.0,11.5,13.4,0.01,11.2,0.132,4.01,era5
2026-04-28,W0953,52.8068,10.1,,0.0,9.7,11.0,0.044,9.4,0.13,4.27,era5
2026-04-29,W0953,52.8068,10.1,,0.0,9.6,10.8,0.042,9.7,0.125,4.07,era5
2026-04-30,W0953,52.8068,10.1,,0.0,11.5,11.8,0.044,10.1,0.123,4.05,era5
2026-04-28,W0954,52.8068,10.1295,,0.0,9.7,11.0,0.044,9.4,0.13,4.27,era5
2026-04-29,W0954,52.8068,10.1295,,0.0,9.6,10.8,0.042,9.7,0.125,4.07,era5
2026-04-30,W0954,52.8068,10.1295,,0.0,11.5,11.8,0.044,10.1,0.123,4.05,era5
2026-04-28,W0955,52.8068,10.1591,,0.0,9.7,11.0,0.044,9.4,0.13,4.27,era5
2026-04-29,W0955,52.8068,10.1591,,0.0,9.6,10.8,0.042,9.7,0.125,4.08,era5
2026-04-30,W0955,52.8068,10.1591,,0.0,11.5,11.8,0.044,10.1,0.123,4.06,era5
2026-04-28,W0956,52.8068,10.1886,,0.0,9.7,11.0,0.044,9.4,0.13,4.27,era5
2026-04-29,W0956,52.8068,10.1886,,0.0,9.6,10.8,0.042,9.7,0.125,4.08,era5
2026-04-30,W0956,52.8068,10.1886,,0.0,11.5,11.8,0.044,10.1,0.123,4.06,era5
2026-04-28,W0957,52.8068,10.2182,,0.0,9.8,11.0,0.023,9.5,0.112,4.3,era5
2026-04-29,W0957,52.8068,10.2182,,0.0,9.6,10.8,0.016,9.7,0.105,4.16,era5
2026-04-30,W0957,52.8068,10.2182,,0.0,11.4,11.5,0.029,9.9,0.108,4.09,era5
2026-04-28,W0958,52.8068,10.2477,,0.0,9.6,10.7,0.051,9.3,0.112,4.28,era5
2026-04-29,W0958,52.8068,10.2477,,0.0,9.6,10.6,0.042,9.5,0.104,4.13,era5
2026-04-30,W0958,52.8068,10.2477,,0.0,11.8,11.7,0.027,9.8,0.093,4.18,era5
2026-04-28,W0959,52.8068,10.2772,,0.0,9.6,10.7,0.051,9.3,0.112,4.28,era5
2026-04-29,W0959,52.8068,10.2772,,0.0,9.6,10.6,0.042,9.5,0.104,4.13,era5
2026-04-30,W0959,52.8068,10.2772,,0.0,11.8,11.7,0.027,9.8,0.093,4.18,era5
2026-04-28,W0960,52.8068,10.3068,,0.0,9.6,10.7,0.051,9.3,0.112,4.28,era5
2026-04-29,W0960,52.8068,10.3068,,0.0,9.6,10.6,0.042,9.5,0.104,4.13,era5
2026-04-30,W0960,52.8068,10.3068,,0.0,11.8,11.7,0.027,9.8,0.093,4.18,era5
2026-04-28,W0961,52.8068,10.3363,,0.0,9.6,10.7,0.051,9.3,0.112,4.28,era5
2026-04-29,W0961,52.8068,10.3363,,0.0,9.6,10.6,0.042,9.5,0.104,4.13,era5
2026-04-30,W0961,52.8068,10.3363,,0.0,11.8,11.7,0.027,9.8,0.093,4.18,era5
2026-04-28,W0962,52.8068,10.3658,,0.0,9.6,10.7,0.051,9.3,0.112,4.28,era5
2026-04-29,W0962,52.8068,10.3658,,0.0,9.6,10.6,0.042,9.5,0.104,4.13,era5
2026-04-30,W0962,52.8068,10.3658,,0.0,11.8,11.7,0.027,9.8,0.093,4.18,era5
2026-04-28,W0963,52.8068,10.3954,,0.0,9.7,10.9,0.053,9.5,0.131,4.27,era5
2026-04-29,W0963,52.8068,10.3954,,0.0,9.4,10.7,0.039,9.7,0.117,4.12,era5
2026-04-30,W0963,52.8068,10.3954,,0.0,11.4,11.6,0.032,9.9,0.109,4.07,era5
2026-04-28,W0964,52.8068,10.4249,,0.0,9.5,10.1,0.094,9.1,0.144,4.17,era5
2026-04-29,W0964,52.8068,10.4249,,0.0,9.2,9.9,0.077,9.3,0.136,3.96,era5
2026-04-30,W0964,52.8068,10.4249,,0.0,11.4,10.7,0.069,9.5,0.131,4.07,era5
2026-04-28,W0965,52.8068,10.4545,,0.0,9.5,10.1,0.094,9.1,0.144,4.17,era5
2026-04-29,W0965,52.8068,10.4545,,0.0,9.2,9.9,0.077,9.3,0.136,3.96,era5
2026-04-30,W0965,52.8068,10.4545,,0.0,11.4,10.7,0.069,9.5,0.131,4.07,era5
2026-04-28,W0966,52.8068,10.484,,0.0,9.5,10.1,0.094,9.1,0.144,4.17,era5
2026-04-29,W0966,52.8068,10.484,,0.0,9.2,9.9,0.077,9.3,0.136,3.96,era5
2026-04-30,W0966,52.8068,10.484,,0.0,11.4,10.7,0.069,9.5,0.131,4.07,era5
2026-04-28,W0967,52.8068,10.5135,,0.0,9.5,10.1,0.094,9.1,0.144,4.17,era5
2026-04-29,W0967,52.8068,10.5135,,0.0,9.2,9.9,0.077,9.3,0.136,3.96,era5
2026-04-30,W0967,52.8068,10.5135,,0.0,11.4,10.7,0.069,9.5,0.131,4.07,era5
2026-04-28,W0968,52.8068,10.5431,,0.0,9.5,10.1,0.094,9.1,0.144,4.17,era5
2026-04-29,W0968,52.8068,10.5431,,0.0,9.2,9.9,0.077,9.3,0.136,3.96,era5
2026-04-30,W0968,52.8068,10.5431,,0.0,11.4,10.7,0.069,9.5,0.131,4.07,era5
2026-04-28,W0969,52.8068,10.5726,,0.0,9.7,11.5,0.037,9.9,0.103,4.28,era5
2026-04-29,W0969,52.8068,10.5726,,0.0,9.3,11.2,0.026,10.1,0.093,4.05,era5
2026-04-30,W0969,52.8068,10.5726,,0.0,11.3,12.3,0.02,10.4,0.086,4.04,era5
2026-04-28,W0970,52.8068,10.6021,,0.0,9.8,12.0,0.012,10.2,0.057,4.39,era5
2026-04-29,W0970,52.8068,10.6021,,0.0,9.5,11.6,0.016,10.4,0.057,4.11,era5
2026-04-30,W0970,52.8068,10.6021,,0.0,11.8,13.1,0.011,10.8,0.057,4.18,era5
2026-04-28,W0971,52.8068,10.6317,,0.0,9.8,12.0,0.012,10.2,0.057,4.39,era5
2026-04-29,W0971,52.8068,10.6317,,0.0,9.5,11.6,0.016,10.4,0.057,4.11,era5
2026-04-30,W0971,52.8068,10.6317,,0.0,11.8,13.1,0.011,10.8,0.057,4.18,era5
2026-04-28,W0972,52.8068,10.6612,,0.0,9.8,12.0,0.012,10.2,0.057,4.39,era5
2026-04-29,W0972,52.8068,10.6612,,0.0,9.5,11.6,0.016,10.4,0.057,4.11,era5
2026-04-30,W0972,52.8068,10.6612,,0.0,11.8,13.1,0.011,10.8,0.057,4.18,era5
2026-04-28,W0973,52.8068,10.6908,,0.0,9.8,12.0,0.012,10.2,0.057,4.39,era5
2026-04-29,W0973,52.8068,10.6908,,0.0,9.5,11.6,0.016,10.4,0.057,4.11,era5
2026-04-30,W0973,52.8068,10.6908,,0.0,11.8,13.1,0.011,10.8,0.057,4.18,era5
2026-04-28,W0974,52.8068,10.7203,,0.0,9.7,11.5,0.043,10.0,0.097,4.27,era5
2026-04-29,W0974,52.8068,10.7203,,0.0,9.3,11.1,0.029,10.2,0.086,4.04,era5
2026-04-30,W0974,52.8068,10.7203,,0.0,11.3,12.3,0.017,10.4,0.077,4.04,era5
2026-04-28,W0975,52.8068,10.7498,,0.0,9.7,11.5,0.043,10.0,0.097,4.27,era5
2026-04-29,W0975,52.8068,10.7498,,0.0,9.3,11.1,0.029,10.2,0.086,4.04,era5
2026-04-30,W0975,52.8068,10.7498,,0.0,11.3,12.3,0.017,10.4,0.077,4.05,era5
2026-04-28,W0976,52.8068,10.7794,,0.0,9.8,11.8,0.024,10.3,0.064,4.34,era5
2026-04-29,W0976,52.8068,10.7794,,0.0,9.5,11.4,0.011,10.5,0.057,4.08,era5
2026-04-30,W0976,52.8068,10.7794,,0.0,11.6,12.6,0.01,10.7,0.057,4.07,era5
2026-04-28,W0977,52.8068,10.8089,,0.0,9.8,11.8,0.024,10.3,0.064,4.35,era5
2026-04-29,W0977,52.8068,10.8089,,0.0,9.5,11.4,0.011,10.5,0.057,4.08,era5
2026-04-30,W0977,52.8068,10.8089,,0.0,11.6,12.6,0.01,10.7,0.057,4.08,era5
2026-04-28,W0978,52.8068,10.868,,0.0,9.8,11.8,0.024,10.3,0.064,4.34,era5
2026-04-29,W0978,52.8068,10.868,,0.0,9.5,11.4,0.011,10.5,0.057,4.08,era5
2026-04-30,W0978,52.8068,10.868,,0.0,11.6,12.6,0.01,10.7,0.057,4.07,era5
2026-04-28,W0979,52.8068,10.8975,,0.0,9.9,12.0,0.054,10.4,0.118,4.34,era5
2026-04-29,W0979,52.8068,10.8975,,0.0,9.5,11.5,0.032,10.5,0.118,4.08,era5
2026-04-30,W0979,52.8068,10.8975,,0.0,11.5,12.7,0.011,10.7,0.118,4.03,era5
2026-04-28,W0980,52.8068,10.9566,,0.0,9.8,11.9,0.075,10.4,0.129,4.27,era5
2026-04-29,W0980,52.8068,10.9566,,0.0,9.4,11.6,0.052,10.5,0.129,3.99,era5
2026-04-30,W0980,52.8068,10.9566,,0.0,11.5,12.8,0.032,10.8,0.129,3.97,era5
2026-04-28,W0981,52.8068,11.0452,,0.0,9.8,11.9,0.075,10.4,0.129,4.27,era5
2026-04-29,W0981,52.8068,11.0452,,0.0,9.4,11.6,0.052,10.5,0.129,3.99,era5
2026-04-30,W0981,52.8068,11.0452,,0.0,11.5,12.8,0.032,10.8,0.129,3.97,era5
2026-04-28,W0982,52.8068,11.0747,,0.0,10.0,12.6,0.041,11.0,0.132,4.32,era5
2026-04-29,W0982,52.8068,11.0747,,0.0,9.5,12.1,0.018,11.0,0.132,4.05,era5
2026-04-30,W0982,52.8068,11.0747,,0.0,11.5,13.4,0.01,11.2,0.132,4.01,era5
2026-04-28,W0983,52.8068,11.1043,,0.0,10.0,12.5,0.05,10.9,0.122,4.32,era5
2026-04-29,W0983,52.8068,11.1043,,0.0,9.5,12.2,0.024,11.0,0.122,4.04,era5
2026-04-30,W0983,52.8068,11.1043,,0.0,11.7,13.7,0.01,11.3,0.122,4.02,era5
2026-04-28,W0984,52.8068,11.1338,,0.0,10.0,12.5,0.05,10.9,0.122,4.32,era5
2026-04-29,W0984,52.8068,11.1338,,0.0,9.5,12.2,0.024,11.0,0.122,4.04,era5
2026-04-30,W0984,52.8068,11.1338,,0.0,11.7,13.7,0.01,11.3,0.122,4.02,era5
2026-04-28,W0985,52.8248,10.1,,0.0,9.7,11.0,0.044,9.4,0.13,4.26,era5
2026-04-29,W0985,52.8248,10.1,,0.0,9.6,10.8,0.042,9.7,0.125,4.07,era5
2026-04-30,W0985,52.8248,10.1,,0.0,11.5,11.8,0.044,10.1,0.123,4.05,era5
2026-04-28,W0986,52.8248,10.1295,,0.0,9.7,11.0,0.044,9.4,0.13,4.27,era5
2026-04-29,W0986,52.8248,10.1295,,0.0,9.6,10.8,0.042,9.7,0.125,4.07,era5
2026-04-30,W0986,52.8248,10.1295,,0.0,11.5,11.8,0.044,10.1,0.123,4.06,era5
2026-04-28,W0987,52.8248,10.1591,,0.0,9.7,11.0,0.044,9.4,0.13,4.27,era5
2026-04-29,W0987,52.8248,10.1591,,0.0,9.6,10.8,0.042,9.7,0.125,4.07,era5
2026-04-30,W0987,52.8248,10.1591,,0.0,11.5,11.8,0.044,10.1,0.123,4.06,era5
2026-04-28,W0988,52.8248,10.1886,,0.0,9.7,11.0,0.044,9.4,0.13,4.27,era5
2026-04-29,W0988,52.8248,10.1886,,0.0,9.6,10.8,0.042,9.7,0.125,4.08,era5
2026-04-30,W0988,52.8248,10.1886,,0.0,11.5,11.8,0.044,10.1,0.123,4.06,era5
2026-04-28,W0989,52.8248,10.2182,,0.0,9.6,10.7,0.051,9.3,0.112,4.28,era5
2026-04-29,W0989,52.8248,10.2182,,0.0,9.6,10.6,0.042,9.5,0.104,4.12,era5
2026-04-30,W0989,52.8248,10.2182,,0.0,11.8,11.7,0.027,9.8,0.093,4.18,era5
2026-04-28,W0990,52.8248,10.2477,,0.0,9.6,10.7,0.051,9.3,0.112,4.28,era5
2026-04-29,W0990,52.8248,10.2477,,0.0,9.6,10.6,0.042,9.5,0.104,4.13,era5
2026-04-30,W0990,52.8248,10.2477,,0.0,11.8,11.7,0.027,9.8,0.093,4.18,era5
2026-04-28,W0991,52.8248,10.2772,,0.0,9.6,10.7,0.051,9.3,0.112,4.28,era5
2026-04-29,W0991,52.8248,10.2772,,0.0,9.6,10.6,0.042,9.5,0.104,4.13,era5
2026-04-30,W0991,52.8248,10.2772,,0.0,11.8,11.7,0.027,9.8,0.093,4.18,era5
2026-04-28,W0992,52.8248,10.3068,,0.0,9.6,10.7,0.051,9.3,0.112,4.28,era5
2026-04-29,W0992,52.8248,10.3068,,0.0,9.6,10.6,0.042,9.5,0.104,4.13,era5
2026-04-30,W0992,52.8248,10.3068,,0.0,11.8,11.7,0.027,9.8,0.093,4.18,era5
2026-04-28,W0993,52.8248,10.3363,,0.0,9.6,10.7,0.051,9.3,0.112,4.28,era5
2026-04-29,W0993,52.8248,10.3363,,0.0,9.6,10.6,0.042,9.5,0.104,4.13,era5
2026-04-30,W0993,52.8248,10.3363,,0.0,11.8,11.7,0.027,9.8,0.093,4.18,era5
2026-04-28,W0994,52.8248,10.3658,,0.0,9.6,10.7,0.051,9.3,0.112,4.28,era5
2026-04-29,W0994,52.8248,10.3658,,0.0,9.6,10.6,0.042,9.5,0.104,4.13,era5
2026-04-30,W0994,52.8248,10.3658,,0.0,11.8,11.7,0.027,9.8,0.093,4.18,era5
2026-04-28,W0995,52.8248,10.3954,,0.0,9.5,10.1,0.094,9.1,0.144,4.17,era5
2026-04-29,W0995,52.8248,10.3954,,0.0,9.2,9.9,0.077,9.3,0.136,3.96,era5
2026-04-30,W0995,52.8248,10.3954,,0.0,11.4,10.7,0.069,9.5,0.131,4.07,era5
2026-04-28,W0996,52.8248,10.4249,,0.0,9.5,10.1,0.094,9.1,0.144,4.17,era5
2026-04-29,W0996,52.8248,10.4249,,0.0,9.2,9.9,0.077,9.3,0.136,3.96,era5
2026-04-30,W0996,52.8248,10.4249,,0.0,11.4,10.7,0.069,9.5,0.131,4.07,era5
2026-04-28,W0997,52.8248,10.4545,,0.0,9.5,10.1,0.094,9.1,0.144,4.17,era5
2026-04-29,W0997,52.8248,10.4545,,0.0,9.2,9.9,0.077,9.3,0.136,3.96,era5
2026-04-30,W0997,52.8248,10.4545,,0.0,11.4,10.7,0.069,9.5,0.131,4.07,era5
2026-04-28,W0998,52.8248,10.484,,0.0,9.5,10.1,0.094,9.1,0.144,4.17,era5
2026-04-29,W0998,52.8248,10.484,,0.0,9.2,9.9,0.077,9.3,0.136,3.96,era5
2026-04-30,W0998,52.8248,10.484,,0.0,11.4,10.7,0.069,9.5,0.131,4.07,era5
2026-04-28,W0999,52.8248,10.5135,,0.0,9.5,10.1,0.094,9.1,0.144,4.17,era5
2026-04-29,W0999,52.8248,10.5135,,0.0,9.2,9.9,0.077,9.3,0.136,3.96,era5
2026-04-30,W0999,52.8248,10.5135,,0.0,11.4,10.7,0.069,9.5,0.131,4.07,era5
2026-04-28,W1000,52.8248,10.5431,,0.0,9.5,10.1,0.094,9.1,0.144,4.17,era5
2026-04-29,W1000,52.8248,10.5431,,0.0,9.2,9.9,0.077,9.3,0.136,3.96,era5
2026-04-30,W1000,52.8248,10.5431,,0.0,11.4,10.7,0.069,9.5,0.131,4.07,era5
2026-04-28,W1001,52.8248,10.5726,,0.0,9.8,12.0,0.012,10.2,0.057,4.39,era5
2026-04-29,W1001,52.8248,10.5726,,0.0,9.5,11.6,0.016,10.4,0.057,4.11,era5
2026-04-30,W1001,52.8248,10.5726,,0.0,11.8,13.1,0.011,10.8,0.057,4.18,era5
2026-04-28,W1002,52.8248,10.6021,,0.0,9.8,12.0,0.012,10.2,0.057,4.39,era5
2026-04-29,W1002,52.8248,10.6021,,0.0,9.5,11.6,0.016,10.4,0.057,4.11,era5
2026-04-30,W1002,52.8248,10.6021,,0.0,11.8,13.1,0.011,10.8,0.057,4.18,era5
2026-04-28,W1003,52.8248,10.6317,,0.0,9.8,12.0,0.012,10.2,0.057,4.39,era5
2026-04-29,W1003,52.8248,10.6317,,0.0,9.5,11.6,0.016,10.4,0.057,4.11,era5
2026-04-30,W1003,52.8248,10.6317,,0.0,11.8,13.1,0.011,10.8,0.057,4.18,era5
2026-04-28,W1004,52.8248,10.7203,,0.0,9.8,12.0,0.012,10.2,0.057,4.39,era5
2026-04-29,W1004,52.8248,10.7203,,0.0,9.5,11.6,0.016,10.4,0.057,4.11,era5
2026-04-30,W1004,52.8248,10.7203,,0.0,11.8,13.1,0.011,10.8,0.057,4.18,era5
2026-04-28,W1005,52.8248,10.7498,,0.0,9.8,11.8,0.024,10.3,0.064,4.34,era5
2026-04-29,W1005,52.8248,10.7498,,0.0,9.5,11.4,0.011,10.5,0.057,4.08,era5
2026-04-30,W1005,52.8248,10.7498,,0.0,11.6,12.6,0.01,10.7,0.057,4.07,era5
2026-04-28,W1006,52.8248,10.7794,,0.0,9.8,11.8,0.024,10.3,0.064,4.34,era5
2026-04-29,W1006,52.8248,10.7794,,0.0,9.5,11.4,0.011,10.5,0.057,4.08,era5
2026-04-30,W1006,52.8248,10.7794,,0.0,11.6,12.6,0.01,10.7,0.057,4.07,era5
2026-04-28,W1007,52.8248,10.8089,,0.0,9.8,11.8,0.024,10.3,0.064,4.34,era5
2026-04-29,W1007,52.8248,10.8089,,0.0,9.5,11.4,0.011,10.5,0.057,4.08,era5
2026-04-30,W1007,52.8248,10.8089,,0.0,11.6,12.6,0.01,10.7,0.057,4.07,era5
2026-04-28,W1008,52.8248,10.868,,0.0,9.8,11.8,0.024,10.3,0.064,4.34,era5
2026-04-29,W1008,52.8248,10.868,,0.0,9.5,11.4,0.011,10.5,0.057,4.08,era5
2026-04-30,W1008,52.8248,10.868,,0.0,11.6,12.6,0.01,10.7,0.057,4.07,era5
2026-04-28,W1009,52.8248,10.8975,,0.0,9.8,11.9,0.075,10.4,0.129,4.27,era5
2026-04-29,W1009,52.8248,10.8975,,0.0,9.4,11.6,0.052,10.5,0.129,3.99,era5
2026-04-30,W1009,52.8248,10.8975,,0.0,11.5,12.8,0.032,10.8,0.129,3.98,era5
2026-04-28,W1010,52.8248,10.9271,,0.0,9.8,11.9,0.075,10.4,0.129,4.27,era5
2026-04-29,W1010,52.8248,10.9271,,0.0,9.4,11.6,0.052,10.5,0.129,3.99,era5
2026-04-30,W1010,52.8248,10.9271,,0.0,11.5,12.8,0.032,10.8,0.129,3.98,era5
2026-04-28,W1011,52.8248,10.9566,,0.0,9.8,11.9,0.075,10.4,0.129,4.27,era5
2026-04-29,W1011,52.8248,10.9566,,0.0,9.4,11.6,0.052,10.5,0.129,3.99,era5
2026-04-30,W1011,52.8248,10.9566,,0.0,11.5,12.8,0.032,10.8,0.129,3.98,era5
2026-04-28,W1012,52.8248,10.9861,,0.0,9.8,11.9,0.075,10.4,0.129,4.27,era5
2026-04-29,W1012,52.8248,10.9861,,0.0,9.4,11.6,0.052,10.5,0.129,3.99,era5
2026-04-30,W1012,52.8248,10.9861,,0.0,11.5,12.8,0.032,10.8,0.129,3.97,era5
2026-04-28,W1013,52.8248,11.0452,,0.0,9.8,11.9,0.075,10.4,0.129,4.27,era5
2026-04-29,W1013,52.8248,11.0452,,0.0,9.4,11.6,0.052,10.5,0.129,3.99,era5
2026-04-30,W1013,52.8248,11.0452,,0.0,11.5,12.8,0.032,10.8,0.129,3.98,era5
2026-04-28,W1014,52.8248,11.1043,,0.0,10.0,12.5,0.05,10.9,0.122,4.32,era5
2026-04-29,W1014,52.8248,11.1043,,0.0,9.5,12.2,0.024,11.0,0.122,4.04,era5
2026-04-30,W1014,52.8248,11.1043,,0.0,11.7,13.7,0.01,11.3,0.122,4.02,era5
2026-04-28,W1015,52.8248,11.1338,,0.0,10.0,12.5,0.05,10.9,0.122,4.32,era5
2026-04-29,W1015,52.8248,11.1338,,0.0,9.5,12.2,0.024,11.0,0.122,4.04,era5
2026-04-30,W1015,52.8248,11.1338,,0.0,11.7,13.7,0.01,11.3,0.122,4.01,era5
2026-04-28,W1016,52.8428,10.1,,0.0,9.7,11.0,0.044,9.4,0.13,4.26,era5
2026-04-29,W1016,52.8428,10.1,,0.0,9.6,10.8,0.042,9.7,0.125,4.07,era5
2026-04-30,W1016,52.8428,10.1,,0.0,11.5,11.8,0.044,10.1,0.123,4.05,era5
2026-04-28,W1017,52.8428,10.1295,,0.0,9.7,11.0,0.044,9.4,0.13,4.27,era5
2026-04-29,W1017,52.8428,10.1295,,0.0,9.6,10.8,0.042,9.7,0.125,4.07,era5
2026-04-30,W1017,52.8428,10.1295,,0.0,11.5,11.8,0.044,10.1,0.123,4.05,era5
2026-04-28,W1018,52.8428,10.1591,,0.0,9.7,11.0,0.044,9.4,0.13,4.27,era5
2026-04-29,W1018,52.8428,10.1591,,0.0,9.6,10.8,0.042,9.7,0.125,4.07,era5
2026-04-30,W1018,52.8428,10.1591,,0.0,11.5,11.8,0.044,10.1,0.123,4.06,era5
2026-04-28,W1019,52.8428,10.1886,,0.0,9.7,11.0,0.044,9.4,0.13,4.27,era5
2026-04-29,W1019,52.8428,10.1886,,0.0,9.6,10.8,0.042,9.7,0.125,4.07,era5
2026-04-30,W1019,52.8428,10.1886,,0.0,11.5,11.8,0.044,10.1,0.123,4.06,era5
2026-04-28,W1020,52.8428,10.2182,,0.0,9.6,10.7,0.051,9.3,0.112,4.28,era5
2026-04-29,W1020,52.8428,10.2182,,0.0,9.6,10.6,0.042,9.5,0.104,4.13,era5
2026-04-30,W1020,52.8428,10.2182,,0.0,11.8,11.7,0.027,9.8,0.093,4.18,era5
2026-04-28,W1021,52.8428,10.2477,,0.0,9.6,10.7,0.051,9.3,0.112,4.28,era5
2026-04-29,W1021,52.8428,10.2477,,0.0,9.6,10.6,0.042,9.5,0.104,4.13,era5
2026-04-30,W1021,52.8428,10.2477,,0.0,11.8,11.7,0.027,9.8,0.093,4.18,era5
2026-04-28,W1022,52.8428,10.2772,,0.0,9.6,10.7,0.051,9.3,0.112,4.28,era5
2026-04-29,W1022,52.8428,10.2772,,0.0,9.6,10.6,0.042,9.5,0.104,4.13,era5
2026-04-30,W1022,52.8428,10.2772,,0.0,11.8,11.7,0.027,9.8,0.093,4.18,era5
2026-04-28,W1023,52.8428,10.3068,,0.0,9.6,10.7,0.051,9.3,0.112,4.28,era5
2026-04-29,W1023,52.8428,10.3068,,0.0,9.6,10.6,0.042,9.5,0.104,4.13,era5
2026-04-30,W1023,52.8428,10.3068,,0.0,11.8,11.7,0.027,9.8,0.093,4.18,era5
2026-04-28,W1024,52.8428,10.3363,,0.0,9.6,10.7,0.051,9.3,0.112,4.28,era5
2026-04-29,W1024,52.8428,10.3363,,0.0,9.6,10.6,0.042,9.5,0.104,4.13,era5
2026-04-30,W1024,52.8428,10.3363,,0.0,11.8,11.7,0.027,9.8,0.093,4.18,era5
2026-04-28,W1025,52.8428,10.3658,,0.0,9.6,10.7,0.051,9.3,0.112,4.28,era5
2026-04-29,W1025,52.8428,10.3658,,0.0,9.6,10.6,0.042,9.5,0.104,4.13,era5
2026-04-30,W1025,52.8428,10.3658,,0.0,11.8,11.7,0.027,9.8,0.093,4.18,era5
2026-04-28,W1026,52.8428,10.3954,,0.0,9.5,10.1,0.094,9.1,0.144,4.17,era5
2026-04-29,W1026,52.8428,10.3954,,0.0,9.2,9.9,0.077,9.3,0.136,3.96,era5
2026-04-30,W1026,52.8428,10.3954,,0.0,11.4,10.7,0.069,9.5,0.131,4.07,era5
2026-04-28,W1027,52.8428,10.4249,,0.0,9.5,10.1,0.094,9.1,0.144,4.17,era5
2026-04-29,W1027,52.8428,10.4249,,0.0,9.2,9.9,0.077,9.3,0.136,3.96,era5
2026-04-30,W1027,52.8428,10.4249,,0.0,11.4,10.7,0.069,9.5,0.131,4.07,era5
2026-04-28,W1028,52.8428,10.4545,,0.0,9.5,10.1,0.094,9.1,0.144,4.17,era5
2026-04-29,W1028,52.8428,10.4545,,0.0,9.2,9.9,0.077,9.3,0.136,3.96,era5
2026-04-30,W1028,52.8428,10.4545,,0.0,11.4,10.7,0.069,9.5,0.131,4.07,era5
2026-04-28,W1029,52.8428,10.484,,0.0,9.5,10.1,0.094,9.1,0.144,4.17,era5
2026-04-29,W1029,52.8428,10.484,,0.0,9.2,9.9,0.077,9.3,0.136,3.96,era5
2026-04-30,W1029,52.8428,10.484,,0.0,11.4,10.7,0.069,9.5,0.131,4.07,era5
2026-04-28,W1030,52.8428,10.5135,,0.0,9.5,10.1,0.094,9.1,0.144,4.17,era5
2026-04-29,W1030,52.8428,10.5135,,0.0,9.2,9.9,0.077,9.3,0.136,3.96,era5
2026-04-30,W1030,52.8428,10.5135,,0.0,11.4,10.7,0.069,9.5,0.131,4.07,era5
2026-04-28,W1031,52.8428,10.5431,,0.0,9.5,10.1,0.094,9.1,0.144,4.17,era5
2026-04-29,W1031,52.8428,10.5431,,0.0,9.2,9.9,0.077,9.3,0.136,3.96,era5
2026-04-30,W1031,52.8428,10.5431,,0.0,11.4,10.7,0.069,9.5,0.131,4.07,era5
2026-04-28,W1032,52.8428,10.5726,,0.0,9.8,12.0,0.012,10.2,0.057,4.39,era5
2026-04-29,W1032,52.8428,10.5726,,0.0,9.5,11.6,0.016,10.4,0.057,4.11,era5
2026-04-30,W1032,52.8428,10.5726,,0.0,11.8,13.1,0.011,10.8,0.057,4.18,era5
2026-04-28,W1033,52.8428,10.6021,,0.0,9.8,12.0,0.012,10.2,0.057,4.39,era5
2026-04-29,W1033,52.8428,10.6021,,0.0,9.5,11.6,0.016,10.4,0.057,4.11,era5
2026-04-30,W1033,52.8428,10.6021,,0.0,11.8,13.1,0.011,10.8,0.057,4.18,era5
2026-04-28,W1034,52.8428,10.6317,,0.0,9.8,12.0,0.012,10.2,0.057,4.39,era5
2026-04-29,W1034,52.8428,10.6317,,0.0,9.5,11.6,0.016,10.4,0.057,4.11,era5
2026-04-30,W1034,52.8428,10.6317,,0.0,11.8,13.1,0.011,10.8,0.057,4.18,era5
2026-04-28,W1035,52.8428,10.6612,,0.0,9.8,12.0,0.012,10.2,0.057,4.39,era5
2026-04-29,W1035,52.8428,10.6612,,0.0,9.5,11.6,0.016,10.4,0.057,4.11,era5
2026-04-30,W1035,52.8428,10.6612,,0.0,11.8,13.1,0.011,10.8,0.057,4.18,era5
2026-04-28,W1036,52.8428,10.7203,,0.0,9.8,12.0,0.012,10.2,0.057,4.39,era5
2026-04-29,W1036,52.8428,10.7203,,0.0,9.5,11.6,0.016,10.4,0.057,4.11,era5
2026-04-30,W1036,52.8428,10.7203,,0.0,11.8,13.1,0.011,10.8,0.057,4.18,era5
2026-04-28,W1037,52.8428,10.7498,,0.0,9.8,11.8,0.024,10.3,0.064,4.34,era5
2026-04-29,W1037,52.8428,10.7498,,0.0,9.5,11.4,0.011,10.5,0.057,4.08,era5
2026-04-30,W1037,52.8428,10.7498,,0.0,11.6,12.6,0.01,10.7,0.057,4.07,era5
2026-04-28,W1038,52.8428,10.7794,,0.0,9.8,11.8,0.024,10.3,0.064,4.34,era5
2026-04-29,W1038,52.8428,10.7794,,0.0,9.5,11.4,0.011,10.5,0.057,4.08,era5
2026-04-30,W1038,52.8428,10.7794,,0.0,11.6,12.6,0.01,10.7,0.057,4.07,era5
2026-04-28,W1039,52.8428,10.8089,,0.0,9.8,11.8,0.024,10.3,0.064,4.35,era5
2026-04-29,W1039,52.8428,10.8089,,0.0,9.5,11.4,0.011,10.5,0.057,4.08,era5
2026-04-30,W1039,52.8428,10.8089,,0.0,11.6,12.6,0.01,10.7,0.057,4.08,era5
2026-04-28,W1040,52.8428,10.8384,,0.0,9.8,11.8,0.024,10.3,0.064,4.34,era5
2026-04-29,W1040,52.8428,10.8384,,0.0,9.5,11.4,0.011,10.5,0.057,4.08,era5
2026-04-30,W1040,52.8428,10.8384,,0.0,11.6,12.6,0.01,10.7,0.057,4.07,era5
2026-04-28,W1041,52.8428,10.868,,0.0,9.8,11.8,0.024,10.3,0.064,4.34,era5
2026-04-29,W1041,52.8428,10.868,,0.0,9.5,11.4,0.011,10.5,0.057,4.08,era5
2026-04-30,W1041,52.8428,10.868,,0.0,11.6,12.6,0.01,10.7,0.057,4.07,era5
2026-04-28,W1042,52.8428,10.8975,,0.0,9.8,11.9,0.075,10.4,0.129,4.27,era5
2026-04-29,W1042,52.8428,10.8975,,0.0,9.4,11.6,0.052,10.5,0.129,3.99,era5
2026-04-30,W1042,52.8428,10.8975,,0.0,11.5,12.8,0.032,10.8,0.129,3.98,era5
2026-04-28,W1043,52.8428,10.9271,,0.0,9.8,11.9,0.075,10.4,0.129,4.27,era5
2026-04-29,W1043,52.8428,10.9271,,0.0,9.4,11.6,0.052,10.5,0.129,3.99,era5
2026-04-30,W1043,52.8428,10.9271,,0.0,11.5,12.8,0.032,10.8,0.129,3.98,era5
2026-04-28,W1044,52.8428,10.9566,,0.0,9.8,11.9,0.075,10.4,0.129,4.27,era5
2026-04-29,W1044,52.8428,10.9566,,0.0,9.4,11.6,0.052,10.5,0.129,3.99,era5
2026-04-30,W1044,52.8428,10.9566,,0.0,11.5,12.8,0.032,10.8,0.129,3.97,era5
2026-04-28,W1045,52.8428,10.9861,,0.0,9.8,11.9,0.075,10.4,0.129,4.27,era5
2026-04-29,W1045,52.8428,10.9861,,0.0,9.4,11.6,0.052,10.5,0.129,3.99,era5
2026-04-30,W1045,52.8428,10.9861,,0.0,11.5,12.8,0.032,10.8,0.129,3.97,era5
2026-04-28,W1046,52.8428,11.0747,,0.0,10.0,12.5,0.05,10.9,0.122,4.32,era5
2026-04-29,W1046,52.8428,11.0747,,0.0,9.5,12.2,0.024,11.0,0.122,4.04,era5
2026-04-30,W1046,52.8428,11.0747,,0.0,11.7,13.7,0.01,11.3,0.122,4.01,era5
2026-04-30,W0709,52.6626,10.1591,0.0,,11.3,11.3,0.06,10.2,0.136,4.07,nachgefuellt
2026-04-30,W0708,52.6626,10.1295,0.0,,11.3,11.3,0.06,10.2,0.136,4.07,nachgefuellt
2026-04-30,W1047,52.05901,10.29217,0.0,,9.8,10.8,0.128,10.5,0.149,4.13,nachgefuellt
2026-04-30,W1048,52.05901,10.43999,0.0,,10.1,11.5,0.101,11.0,0.145,4.12,nachgefuellt
2026-04-30,W1049,52.05901,10.46955,0.0,,10.1,11.5,0.101,11.0,0.145,4.12,nachgefuellt
2026-04-30,W1050,52.05901,10.55825,0.0,,9.8,11.1,0.127,10.8,0.149,3.98,nachgefuellt
2026-04-30,W1051,52.05901,10.58781,0.0,,9.8,11.1,0.127,10.8,0.149,3.99,nachgefuellt
2026-04-30,W1052,52.05901,10.61737,0.0,,9.8,11.1,0.127,10.8,0.149,3.99,nachgefuellt
2026-04-30,W1053,52.05901,10.64694,0.0,,9.8,11.1,0.127,10.8,0.149,3.99,nachgefuellt
2026-04-30,W1054,52.05901,10.6765,0.0,,9.4,10.8,0.115,10.1,0.16,3.86,nachgefuellt
2026-04-30,W1055,52.05901,10.70607,0.0,,9.4,10.8,0.115,10.1,0.16,3.86,nachgefuellt
2026-04-30,W1056,52.05901,10.73563,0.0,,9.4,10.8,0.115,10.1,0.16,3.86,nachgefuellt
2026-04-30,W1057,52.05901,10.76519,0.0,,9.4,10.8,0.115,10.1,0.16,3.86,nachgefuellt
2026-04-30,W1058,52.05901,10.79476,0.0,,9.4,10.8,0.115,10.1,0.16,3.86,nachgefuellt
2026-04-30,W1059,52.05901,10.82432,0.0,,9.4,10.8,0.115,10.1,0.16,3.86,nachgefuellt
2026-04-30,W1060,52.05901,10.85389,0.0,,9.4,10.9,0.105,10.0,0.152,3.78,nachgefuellt
2026-04-30,W1061,52.05901,10.88345,0.0,,9.4,10.9,0.105,10.0,0.152,3.77,nachgefuellt
2026-04-30,W1062,52.05901,10.91302,0.0,,9.4,10.9,0.105,10.0,0.152,3.77,nachgefuellt
2026-04-30,W1063,52.05901,10.94258,0.0,,9.4,10.9,0.105,10.0,0.152,3.77,nachgefuellt
2026-04-30,W1064,52.05901,10.97214,0.0,,9.4,10.9,0.105,10.0,0.152,3.77,nachgefuellt
2026-04-30,W1065,52.05901,11.00171,0.0,,9.4,10.9,0.105,10.0,0.152,3.78,nachgefuellt
2026-04-30,W1066,52.05901,11.03127,0.0,,9.6,10.7,0.114,9.9,0.163,3.76,nachgefuellt
2026-04-30,W1067,52.05901,11.06084,0.0,,9.6,10.7,0.114,9.9,0.163,3.76,nachgefuellt
2026-04-30,W1068,52.05901,11.0904,0.0,,9.6,10.7,0.114,9.9,0.163,3.76,nachgefuellt
2026-04-30,W1069,52.05901,11.11997,0.0,,9.6,10.7,0.114,9.9,0.163,3.76,nachgefuellt
2026-04-30,W1070,52.05901,11.14953,0.0,,9.6,10.7,0.114,9.9,0.163,3.76,nachgefuellt
2026-04-30,W1071,52.07703,10.14435,0.0,,9.8,10.9,0.112,10.3,0.147,4.2,nachgefuellt
2026-04-30,W1072,52.07703,10.23304,0.0,,9.8,10.8,0.128,10.5,0.149,4.13,nachgefuellt
2026-04-30,W1073,52.07703,10.2626,0.0,,9.8,10.8,0.128,10.5,0.149,4.13,nachgefuellt
2026-04-30,W1074,52.07703,10.41042,0.0,,10.1,11.5,0.101,11.0,0.145,4.12,nachgefuellt
2026-04-30,W1075,52.07703,10.43999,0.0,,10.1,11.5,0.101,11.0,0.145,4.12,nachgefuellt
2026-04-30,W1076,52.07703,10.46955,0.0,,10.1,11.5,0.101,11.0,0.145,4.12,nachgefuellt
2026-04-30,W1077,52.07703,10.58781,0.0,,9.8,11.1,0.127,10.8,0.149,3.99,nachgefuellt
2026-04-30,W1078,52.07703,10.64694,0.0,,9.8,11.1,0.127,10.8,0.149,3.99,nachgefuellt
2026-04-30,W1079,52.07703,10.6765,0.0,,9.4,10.8,0.115,10.1,0.16,3.86,nachgefuellt
2026-04-30,W1080,52.07703,10.70607,0.0,,9.4,10.8,0.115,10.1,0.16,3.86,nachgefuellt
2026-04-30,W1081,52.07703,10.73563,0.0,,9.4,10.8,0.115,10.1,0.16,3.86,nachgefuellt
2026-04-30,W1082,52.07703,10.76519,0.0,,9.4,10.8,0.115,10.1,0.16,3.86,nachgefuellt
2026-04-30,W1083,52.07703,10.82432,0.0,,9.5,10.5,0.114,9.6,0.17,3.83,nachgefuellt
2026-04-30,W1084,52.07703,10.85389,0.0,,9.4,10.9,0.105,10.0,0.152,3.78,nachgefuellt
2026-04-30,W1085,52.07703,10.88345,0.0,,9.4,10.9,0.105,10.0,0.152,3.78,nachgefuellt
2026-04-30,W1086,52.07703,10.91302,0.0,,9.4,10.9,0.105,10.0,0.152,3.78,nachgefuellt
2026-04-30,W1087,52.07703,10.94258,0.0,,9.4,10.9,0.105,10.0,0.152,3.78,nachgefuellt
2026-04-30,W1088,52.07703,10.97214,0.0,,9.4,10.9,0.105,10.0,0.152,3.77,nachgefuellt
2026-04-30,W1089,52.07703,11.00171,0.0,,9.7,10.6,0.114,9.8,0.168,3.82,nachgefuellt
2026-04-30,W1090,52.07703,11.03127,0.0,,9.6,10.7,0.114,9.9,0.163,3.76,nachgefuellt
2026-04-30,W1091,52.07703,11.06084,0.0,,9.6,10.7,0.114,9.9,0.163,3.76,nachgefuellt
2026-04-30,W1092,52.07703,11.0904,0.0,,9.6,10.7,0.114,9.9,0.163,3.76,nachgefuellt
2026-04-30,W1093,52.07703,11.14953,0.0,,9.7,10.3,0.12,9.6,0.167,3.78,nachgefuellt
2026-04-30,W1094,52.09505,10.11478,0.0,,10.1,10.9,0.117,10.5,0.15,4.17,nachgefuellt
2026-04-30,W1095,52.09505,10.14435,0.0,,10.1,10.9,0.117,10.5,0.15,4.17,nachgefuellt
2026-04-30,W1096,52.09505,10.17391,0.0,,10.1,10.9,0.117,10.5,0.15,4.17,nachgefuellt
2026-04-30,W1097,52.09505,10.20347,0.0,,9.8,10.8,0.128,10.5,0.149,4.13,nachgefuellt
2026-04-30,W1098,52.09505,10.23304,0.0,,9.8,10.8,0.128,10.5,0.149,4.13,nachgefuellt
2026-04-30,W1099,52.09505,10.2626,0.0,,10.3,11.4,0.112,10.9,0.148,4.18,nachgefuellt
2026-04-30,W1100,52.09505,10.29217,0.0,,10.3,11.4,0.112,10.9,0.148,4.18,nachgefuellt
2026-04-30,W1101,52.09505,10.32173,0.0,,10.3,11.4,0.112,10.9,0.148,4.18,nachgefuellt
2026-04-30,W1102,52.09505,10.38086,0.0,,10.1,11.5,0.101,11.0,0.145,4.12,nachgefuellt
2026-04-30,W1103,52.09505,10.41042,0.0,,10.1,11.5,0.101,11.0,0.145,4.12,nachgefuellt
2026-04-30,W1104,52.09505,10.43999,0.0,,10.3,11.6,0.11,11.0,0.15,4.1,nachgefuellt
2026-04-30,W1105,52.09505,10.46955,0.0,,10.3,11.6,0.11,11.0,0.15,4.1,nachgefuellt
2026-04-30,W1106,52.09505,10.49912,0.0,,10.3,11.6,0.11,11.0,0.15,4.1,nachgefuellt
2026-04-30,W1107,52.09505,10.52868,0.0,,9.8,11.1,0.127,10.8,0.149,4.0,nachgefuellt
2026-04-30,W1108,52.09505,10.55825,0.0,,9.8,11.1,0.127,10.8,0.149,3.99,nachgefuellt
2026-04-30,W1109,52.09505,10.58781,0.0,,10.1,11.6,0.109,10.8,0.147,4.06,nachgefuellt
2026-04-30,W1110,52.09505,10.61737,0.0,,10.1,11.6,0.109,10.8,0.147,4.06,nachgefuellt
2026-04-30,W1111,52.09505,10.64694,0.0,,10.1,11.6,0.109,10.8,0.147,4.06,nachgefuellt
2026-04-30,W1112,52.09505,10.6765,0.0,,10.1,11.6,0.109,10.8,0.147,4.06,nachgefuellt
2026-04-30,W1113,52.09505,10.70607,0.0,,9.4,10.8,0.115,10.1,0.16,3.86,nachgefuellt
2026-04-30,W1114,52.09505,10.73563,0.0,,9.4,10.8,0.115,10.1,0.16,3.87,nachgefuellt
2026-04-30,W1115,52.09505,10.76519,0.0,,9.5,10.5,0.114,9.6,0.17,3.83,nachgefuellt
2026-04-30,W1140,52.11306,10.88345,0.0,,9.7,10.6,0.114,9.8,0.168,3.82,nachgefuellt
2026-04-30,W1141,52.11306,10.91302,0.0,,9.7,10.6,0.114,9.8,0.168,3.82,nachgefuellt
2026-04-30,W1142,52.11306,10.94258,0.0,,9.7,10.6,0.114,9.8,0.168,3.82,nachgefuellt
2026-04-30,W1143,52.11306,10.97214,0.0,,9.7,10.6,0.114,9.8,0.168,3.82,nachgefuellt
2026-04-30,W1144,52.11306,11.00171,0.0,,9.7,10.6,0.114,9.8,0.168,3.82,nachgefuellt
2026-04-30,W1145,52.11306,11.03127,0.0,,9.7,10.3,0.12,9.6,0.167,3.78,nachgefuellt
2026-04-30,W1146,52.11306,11.06084,0.0,,9.7,10.3,0.12,9.6,0.167,3.78,nachgefuellt
2026-04-30,W1147,52.11306,11.0904,0.0,,9.7,10.3,0.12,9.6,0.167,3.78,nachgefuellt
2026-04-30,W1148,52.11306,11.11997,0.0,,9.7,10.3,0.12,9.6,0.167,3.78,nachgefuellt
2026-04-30,W1149,52.11306,11.14953,0.0,,9.7,10.3,0.12,9.6,0.167,3.79,nachgefuellt
2026-04-30,W1150,52.13108,10.3513,0.0,,10.3,11.4,0.112,10.9,0.148,4.18,nachgefuellt
2026-04-30,W1151,52.13108,10.41042,0.0,,10.3,11.6,0.11,11.0,0.15,4.1,nachgefuellt
2026-04-30,W1128,52.11306,10.41042,0.0,,10.3,11.6,0.11,11.0,0.15,4.1,nachgefuellt
2026-04-30,W1129,52.11306,10.43999,0.0,,10.3,11.6,0.11,11.0,0.15,4.1,nachgefuellt
2026-04-30,W1130,52.11306,10.55825,0.0,,10.1,11.6,0.109,10.8,0.147,4.06,nachgefuellt
2026-04-30,W1131,52.11306,10.58781,0.0,,10.1,11.6,0.109,10.8,0.147,4.06,nachgefuellt
2026-04-30,W1132,52.11306,10.61737,0.0,,10.1,11.6,0.109,10.8,0.147,4.06,nachgefuellt
2026-04-30,W1133,52.11306,10.6765,0.0,,10.1,11.6,0.109,10.8,0.147,4.06,nachgefuellt
2026-04-30,W1134,52.11306,10.70607,0.0,,9.5,10.5,0.114,9.6,0.17,3.84,nachgefuellt
2026-04-30,W1135,52.11306,10.73563,0.0,,9.5,10.5,0.114,9.6,0.17,3.84,nachgefuellt
2026-04-30,W1136,52.11306,10.76519,0.0,,9.5,10.5,0.114,9.6,0.17,3.83,nachgefuellt
2026-04-30,W1137,52.11306,10.79476,0.0,,9.5,10.5,0.114,9.6,0.17,3.83,nachgefuellt
2026-04-30,W1138,52.11306,10.82432,0.0,,9.5,10.5,0.114,9.6,0.17,3.83,nachgefuellt
2026-04-30,W1139,52.11306,10.85389,0.0,,9.5,10.5,0.114,9.6,0.17,3.83,nachgefuellt
2026-04-30,W1116,52.09505,10.82432,0.0,,9.5,10.5,0.114,9.6,0.17,3.83,nachgefuellt
2026-04-30,W1117,52.09505,10.85389,0.0,,9.4,10.9,0.105,10.0,0.152,3.78,nachgefuellt
2026-04-30,W1118,52.09505,10.91302,0.0,,9.4,10.9,0.105,10.0,0.152,3.78,nachgefuellt
2026-04-30,W1119,52.09505,10.97214,0.0,,9.7,10.6,0.114,9.8,0.168,3.82,nachgefuellt
2026-04-30,W1120,52.09505,11.00171,0.0,,9.7,10.6,0.114,9.8,0.168,3.82,nachgefuellt
2026-04-30,W1121,52.09505,11.03127,0.0,,9.6,10.7,0.114,9.9,0.163,3.77,nachgefuellt
2026-04-30,W1122,52.09505,11.06084,0.0,,9.6,10.7,0.114,9.9,0.163,3.76,nachgefuellt
2026-04-30,W1123,52.09505,11.0904,0.0,,9.7,10.3,0.12,9.6,0.167,3.78,nachgefuellt
2026-04-30,W1124,52.09505,11.11997,0.0,,9.7,10.3,0.12,9.6,0.167,3.78,nachgefuellt
2026-04-30,W1125,52.09505,11.14953,0.0,,9.7,10.3,0.12,9.6,0.167,3.78,nachgefuellt
2026-04-30,W1126,52.11306,10.17391,0.0,,10.1,10.9,0.117,10.5,0.15,4.17,nachgefuellt
2026-04-30,W1127,52.11306,10.38086,0.0,,10.3,11.6,0.11,11.0,0.15,4.1,nachgefuellt
2026-04-30,W1404,52.38333,10.29217,0.0,,11.3,13.0,0.068,11.7,0.137,4.2,nachgefuellt
2026-04-30,W1405,52.38333,10.41042,0.0,,11.2,12.7,0.08,11.3,0.145,4.12,nachgefuellt
2026-04-30,W1406,52.38333,10.52868,0.0,,10.7,11.5,0.103,10.4,0.162,3.94,nachgefuellt
2026-04-30,W1407,52.38333,10.55825,0.0,,10.7,11.5,0.103,10.4,0.162,3.94,nachgefuellt
2026-04-30,W1408,52.38333,10.61737,0.0,,10.7,11.8,0.105,10.6,0.147,4.02,nachgefuellt
2026-04-30,W1409,52.38333,10.82432,0.0,,10.6,11.7,0.107,10.3,0.176,3.91,nachgefuellt
2026-04-30,W1410,52.38333,10.91302,0.0,,10.6,11.7,0.107,10.3,0.176,3.91,nachgefuellt
2026-04-30,W1411,52.38333,10.94258,0.0,,10.6,11.8,0.105,10.4,0.15,4.02,nachgefuellt
2026-04-30,W1412,52.38333,10.97214,0.0,,10.6,11.8,0.105,10.4,0.15,4.02,nachgefuellt
2026-04-30,W1413,52.38333,11.0904,0.0,,10.6,12.0,0.101,10.5,0.146,3.93,nachgefuellt
2026-04-30,W1414,52.38333,11.11997,0.0,,10.5,11.5,0.096,10.2,0.146,3.96,nachgefuellt
2026-04-30,W1415,52.38333,11.14953,0.0,,10.4,11.5,0.124,10.2,0.159,3.83,nachgefuellt
2026-04-30,W1380,52.3473,10.20347,0.0,,11.4,13.2,0.04,11.8,0.146,4.35,nachgefuellt
2026-04-30,W1381,52.3473,10.23304,0.0,,11.4,13.2,0.04,11.8,0.146,4.36,nachgefuellt
2026-04-30,W1382,52.3473,10.38086,0.0,,11.3,13.0,0.068,11.7,0.137,4.2,nachgefuellt
2026-04-30,W1383,52.3473,10.43999,0.0,,11.4,13.5,0.04,11.9,0.143,4.18,nachgefuellt
2026-04-30,W1384,52.3473,10.52868,0.0,,11.4,13.5,0.04,11.9,0.143,4.18,nachgefuellt
2026-04-30,W1385,52.3473,10.76519,0.0,,10.4,11.6,0.109,10.2,0.151,3.98,nachgefuellt
2026-04-30,W1386,52.3473,11.14953,0.0,,10.5,11.5,0.096,10.2,0.146,3.97,nachgefuellt
2026-04-30,W1387,52.36532,10.14435,0.0,,11.4,13.2,0.04,11.8,0.146,4.35,nachgefuellt
2026-04-30,W1388,52.36532,10.20347,0.0,,11.3,13.0,0.059,11.6,0.145,4.27,nachgefuellt
2026-04-30,W1389,52.36532,10.23304,0.0,,11.3,13.0,0.059,11.6,0.145,4.27,nachgefuellt
2026-04-30,W1390,52.36532,10.2626,0.0,,11.3,13.0,0.068,11.7,0.137,4.2,nachgefuellt
2026-04-30,W1391,52.36532,10.43999,0.0,,11.4,13.5,0.04,11.9,0.143,4.18,nachgefuellt
2026-04-30,W1392,52.36532,10.46955,0.0,,11.4,13.5,0.04,11.9,0.143,4.18,nachgefuellt
2026-04-30,W1393,52.36532,10.52868,0.0,,11.4,13.5,0.04,11.9,0.143,4.18,nachgefuellt
2026-04-30,W1394,52.36532,10.58781,0.0,,10.7,11.5,0.103,10.4,0.162,3.94,nachgefuellt
2026-04-30,W1395,52.36532,10.61737,0.0,,10.7,11.8,0.105,10.6,0.147,4.02,nachgefuellt
2026-04-30,W1396,52.36532,10.91302,0.0,,10.6,11.7,0.107,10.3,0.176,3.91,nachgefuellt
2026-04-30,W1397,52.36532,10.94258,0.0,,10.6,11.8,0.105,10.4,0.15,4.02,nachgefuellt
2026-04-30,W1398,52.36532,11.11997,0.0,,10.5,11.5,0.096,10.2,0.146,3.96,nachgefuellt
2026-04-30,W1399,52.36532,11.14953,0.0,,10.5,11.5,0.096,10.2,0.146,3.96,nachgefuellt
2026-04-30,W1400,52.38333,10.11478,0.0,,11.4,13.2,0.04,11.8,0.146,4.36,nachgefuellt
2026-04-30,W1401,52.38333,10.14435,0.0,,11.3,13.0,0.059,11.6,0.145,4.27,nachgefuellt
2026-04-30,W1402,52.38333,10.17391,0.0,,11.3,13.0,0.059,11.6,0.145,4.27,nachgefuellt
2026-04-30,W1403,52.38333,10.2626,0.0,,11.3,13.0,0.059,11.6,0.145,4.27,nachgefuellt
2026-04-30,W1416,52.40135,10.11478,0.0,,11.3,13.0,0.059,11.6,0.145,4.27,nachgefuellt
2026-04-30,W1417,52.40135,10.14435,0.0,,11.3,13.0,0.059,11.6,0.145,4.27,nachgefuellt
2026-04-30,W1418,52.40135,10.17391,0.0,,11.3,13.0,0.059,11.6,0.145,4.27,nachgefuellt
2026-04-30,W1419,52.40135,10.20347,0.0,,11.3,13.0,0.059,11.6,0.145,4.27,nachgefuellt
2026-04-30,W1420,52.40135,10.23304,0.0,,11.3,13.0,0.059,11.6,0.145,4.27,nachgefuellt
2026-04-30,W1421,52.40135,10.2626,0.0,,11.3,13.0,0.059,11.6,0.145,4.27,nachgefuellt
2026-04-30,W1422,52.40135,10.29217,0.0,,11.2,12.7,0.08,11.3,0.145,4.12,nachgefuellt
2026-04-30,W1423,52.40135,10.32173,0.0,,11.2,12.7,0.08,11.3,0.145,4.12,nachgefuellt
2026-04-30,W1424,52.40135,10.3513,0.0,,11.2,12.7,0.08,11.3,0.145,4.12,nachgefuellt
2026-04-30,W1425,52.40135,10.38086,0.0,,11.2,12.7,0.08,11.3,0.145,4.12,nachgefuellt
2026-04-30,W1426,52.40135,10.41042,0.0,,11.2,12.7,0.08,11.3,0.145,4.12,nachgefuellt
2026-04-30,W1427,52.40135,10.43999,0.0,,10.7,11.5,0.103,10.4,0.162,3.94,nachgefuellt
2026-04-30,W1440,52.40135,10.82432,0.0,,10.6,11.7,0.107,10.3,0.176,3.91,nachgefuellt
2026-04-30,W1441,52.40135,10.85389,0.0,,10.6,11.7,0.107,10.3,0.176,3.91,nachgefuellt
2026-04-30,W1442,52.40135,10.88345,0.0,,10.6,11.7,0.107,10.3,0.176,3.91,nachgefuellt
2026-04-30,W1443,52.40135,10.91302,0.0,,10.6,11.7,0.107,10.3,0.176,3.91,nachgefuellt
2026-04-30,W1444,52.40135,10.94258,0.0,,10.6,12.0,0.101,10.5,0.146,3.92,nachgefuellt
2026-04-30,W1445,52.40135,10.97214,0.0,,10.6,12.0,0.101,10.5,0.146,3.92,nachgefuellt
2026-04-30,W1446,52.40135,11.00171,0.0,,10.6,12.0,0.101,10.5,0.146,3.92,nachgefuellt
2026-04-30,W1447,52.40135,11.03127,0.0,,10.6,12.0,0.101,10.5,0.146,3.93,nachgefuellt
2026-04-30,W1448,52.40135,11.06084,0.0,,10.6,12.0,0.101,10.5,0.146,3.93,nachgefuellt
2026-04-30,W1449,52.40135,11.0904,0.0,,10.6,12.0,0.101,10.5,0.146,3.93,nachgefuellt
2026-04-30,W1450,52.40135,11.11997,0.0,,10.4,11.5,0.124,10.2,0.159,3.83,nachgefuellt
2026-04-30,W1451,52.40135,11.14953,0.0,,10.4,11.5,0.124,10.2,0.159,3.83,nachgefuellt
2026-04-30,W1428,52.40135,10.46955,0.0,,10.7,11.5,0.103,10.4,0.162,3.94,nachgefuellt
2026-04-30,W1429,52.40135,10.49912,0.0,,10.7,11.5,0.103,10.4,0.162,3.94,nachgefuellt
2026-04-30,W1430,52.40135,10.52868,0.0,,10.7,11.5,0.103,10.4,0.162,3.94,nachgefuellt
2026-04-30,W1431,52.40135,10.55825,0.0,,10.7,11.5,0.103,10.4,0.162,3.94,nachgefuellt
2026-04-30,W1432,52.40135,10.58781,0.0,,10.7,11.5,0.103,10.4,0.162,3.94,nachgefuellt
2026-04-30,W1433,52.40135,10.61737,0.0,,10.8,12.5,0.093,11.0,0.158,3.94,nachgefuellt
2026-04-30,W1434,52.40135,10.64694,0.0,,10.8,12.5,0.093,11.0,0.158,3.94,nachgefuellt
2026-04-30,W1435,52.40135,10.6765,0.0,,10.8,12.5,0.093,11.0,0.158,3.94,nachgefuellt
2026-04-30,W1436,52.40135,10.70607,0.0,,10.8,12.5,0.093,11.0,0.158,3.95,nachgefuellt
2026-04-30,W1437,52.40135,10.73563,0.0,,10.8,12.5,0.093,11.0,0.158,3.95,nachgefuellt
2026-04-30,W1438,52.40135,10.76519,0.0,,10.8,12.5,0.093,11.0,0.158,3.95,nachgefuellt
2026-04-30,W1439,52.40135,10.79476,0.0,,10.6,11.7,0.107,10.3,0.176,3.91,nachgefuellt
2026-04-30,W1452,52.41937,10.14435,0.0,,11.3,13.0,0.059,11.6,0.145,4.27,nachgefuellt
2026-04-30,W1453,52.41937,10.29217,0.0,,11.2,12.7,0.08,11.3,0.145,4.12,nachgefuellt
2026-04-30,W1454,52.41937,10.38086,0.0,,11.2,12.7,0.08,11.3,0.145,4.12,nachgefuellt
2026-04-30,W1455,52.41937,10.55825,0.0,,10.7,11.5,0.103,10.4,0.162,3.94,nachgefuellt
2026-04-30,W1456,52.41937,10.58781,0.0,,10.7,11.5,0.103,10.4,0.162,3.94,nachgefuellt
2026-04-30,W1457,52.41937,10.61737,0.0,,10.8,12.5,0.093,11.0,0.158,3.94,nachgefuellt
2026-04-30,W1458,52.41937,10.64694,0.0,,10.8,12.5,0.093,11.0,0.158,3.94,nachgefuellt
2026-04-30,W1459,52.41937,10.6765,0.0,,10.8,12.5,0.093,11.0,0.158,3.94,nachgefuellt
2026-04-30,W1460,52.41937,10.70607,0.0,,10.8,12.5,0.093,11.0,0.158,3.94,nachgefuellt
2026-04-30,W1461,52.41937,10.82432,0.0,,10.6,11.7,0.107,10.3,0.176,3.91,nachgefuellt
2026-04-30,W1462,52.41937,10.97214,0.0,,10.6,12.0,0.101,10.5,0.146,3.92,nachgefuellt
2026-04-30,W1463,52.41937,11.00171,0.0,,10.6,12.0,0.101,10.5,0.146,3.92,nachgefuellt
2026-04-30,W1464,52.41937,11.06084,0.0,,10.6,12.0,0.101,10.5,0.146,3.92,nachgefuellt
2026-04-30,W1465,52.41937,11.0904,0.0,,10.6,12.0,0.101,10.5,0.146,3.92,nachgefuellt
2026-04-30,W1466,52.41937,11.11997,0.0,,10.4,11.5,0.124,10.2,0.159,3.83,nachgefuellt
2026-04-30,W1467,52.41937,11.14953,0.0,,10.4,11.5,0.124,10.2,0.159,3.83,nachgefuellt
2026-04-30,W1468,52.43739,10.38086,0.0,,11.2,12.7,0.08,11.3,0.145,4.12,nachgefuellt
2026-04-30,W1469,52.43739,10.41042,0.0,,11.2,12.4,0.07,11.0,0.144,4.14,nachgefuellt
2026-04-30,W1470,52.43739,10.58781,0.0,,11.2,12.5,0.109,11.0,0.171,4.05,nachgefuellt
2026-04-30,W1471,52.43739,10.6765,0.0,,10.8,12.5,0.093,11.0,0.158,3.94,nachgefuellt
2026-04-30,W1472,52.43739,10.70607,0.0,,10.8,12.5,0.093,11.0,0.158,3.94,nachgefuellt
2026-04-30,W1473,52.43739,10.76519,0.0,,10.3,10.0,0.153,9.3,0.225,3.75,nachgefuellt
2026-04-30,W1474,52.43739,10.79476,0.0,,10.6,11.7,0.107,10.3,0.176,3.91,nachgefuellt
2026-04-30,W1475,52.43739,10.82432,0.0,,10.6,11.7,0.107,10.3,0.176,3.9,nachgefuellt
2026-04-30,W1476,52.43739,10.97214,0.0,,10.6,12.0,0.101,10.5,0.146,3.92,nachgefuellt
2026-04-30,W1477,52.43739,11.06084,0.0,,10.6,12.1,0.129,10.6,0.157,3.86,nachgefuellt
2026-04-30,W1478,52.43739,11.0904,0.0,,10.6,12.1,0.129,10.6,0.157,3.86,nachgefuellt
2026-04-30,W1479,52.43739,11.14953,0.0,,10.4,11.5,0.124,10.2,0.159,3.83,nachgefuellt
2026-04-30,W1480,52.45541,10.70607,0.0,,10.3,10.0,0.153,9.3,0.225,3.75,nachgefuellt
2026-04-30,W1481,52.45541,10.73563,0.0,,10.3,10.0,0.153,9.3,0.225,3.75,nachgefuellt
2026-04-30,W1482,52.45541,10.97214,0.0,,10.6,12.0,0.101,10.5,0.146,3.92,nachgefuellt
2026-04-30,W1483,52.45541,11.06084,0.0,,10.6,12.1,0.129,10.6,0.157,3.86,nachgefuellt
2026-04-30,W1484,52.45541,11.14953,0.0,,10.4,11.5,0.124,10.2,0.159,3.83,nachgefuellt
2026-04-30,W1485,52.47342,10.20347,0.0,,11.4,13.3,0.01,11.5,0.057,4.28,nachgefuellt
2026-04-30,W1486,52.47342,10.32173,0.0,,11.2,12.4,0.07,11.0,0.144,4.14,nachgefuellt
2026-04-30,W1487,52.47342,10.3513,0.0,,11.2,12.4,0.07,11.0,0.144,4.14,nachgefuellt
2026-04-30,W1500,52.49144,10.17391,0.0,,11.4,13.3,0.01,11.5,0.057,4.28,nachgefuellt
2026-04-30,W1501,52.49144,10.20347,0.0,,11.4,13.3,0.01,11.5,0.057,4.28,nachgefuellt
2026-04-30,W1502,52.49144,10.23304,0.0,,11.4,13.3,0.01,11.5,0.057,4.28,nachgefuellt
2026-04-30,W1503,52.49144,10.2626,0.0,,11.4,13.3,0.01,11.5,0.057,4.28,nachgefuellt
2026-04-30,W1504,52.49144,10.29217,0.0,,11.2,12.4,0.07,11.0,0.144,4.14,nachgefuellt
2026-04-30,W1505,52.49144,10.32173,0.0,,11.2,12.4,0.07,11.0,0.144,4.14,nachgefuellt
2026-04-30,W1506,52.49144,10.3513,0.0,,11.2,12.4,0.07,11.0,0.144,4.14,nachgefuellt
2026-04-30,W1507,52.49144,10.38086,0.0,,11.2,12.4,0.07,11.0,0.144,4.14,nachgefuellt
2026-04-30,W1508,52.49144,10.41042,0.0,,11.2,12.4,0.07,11.0,0.144,4.14,nachgefuellt
2026-04-30,W1509,52.49144,10.43999,0.0,,11.2,12.4,0.07,11.0,0.144,4.14,nachgefuellt
2026-04-30,W1510,52.49144,10.46955,0.0,,11.2,12.5,0.109,11.0,0.171,4.05,nachgefuellt
2026-04-30,W1511,52.49144,10.49912,0.0,,11.2,12.5,0.109,11.0,0.171,4.05,nachgefuellt
2026-04-30,W1512,52.49144,10.52868,0.0,,11.2,12.5,0.109,11.0,0.171,4.05,nachgefuellt
2026-04-30,W1513,52.49144,10.55825,0.0,,11.2,12.5,0.109,11.0,0.171,4.05,nachgefuellt
2026-04-30,W1514,52.49144,10.58781,0.0,,11.2,12.5,0.109,11.0,0.171,4.05,nachgefuellt
2026-04-30,W1515,52.49144,10.61737,0.0,,11.2,12.5,0.109,11.0,0.171,4.05,nachgefuellt
2026-04-30,W1516,52.49144,10.64694,0.0,,10.3,10.0,0.153,9.3,0.225,3.75,nachgefuellt
2026-04-30,W1517,52.49144,10.6765,0.0,,10.3,10.0,0.153,9.3,0.225,3.75,nachgefuellt
2026-04-30,W1518,52.49144,10.70607,0.0,,10.3,10.0,0.153,9.3,0.225,3.75,nachgefuellt
2026-04-30,W1519,52.49144,10.73563,0.0,,10.3,10.0,0.153,9.3,0.225,3.75,nachgefuellt
2026-04-30,W1520,52.49144,10.76519,0.0,,10.3,10.0,0.153,9.3,0.225,3.75,nachgefuellt
2026-04-30,W1521,52.49144,10.79476,0.0,,10.3,10.9,0.118,9.8,0.175,3.77,nachgefuellt
2026-04-30,W1522,52.49144,10.82432,0.0,,10.3,10.9,0.118,9.8,0.175,3.77,nachgefuellt
2026-04-30,W1523,52.49144,10.85389,0.0,,10.3,10.9,0.118,9.8,0.175,3.77,nachgefuellt
2026-04-30,W1488,52.47342,10.52868,0.0,,11.2,12.5,0.109,11.0,0.171,4.05,nachgefuellt
2026-04-30,W1489,52.47342,10.73563,0.0,,10.3,10.0,0.153,9.3,0.225,3.75,nachgefuellt
2026-04-30,W1490,52.47342,10.82432,0.0,,10.3,10.9,0.118,9.8,0.175,3.77,nachgefuellt
2026-04-30,W1491,52.47342,10.85389,0.0,,10.3,10.9,0.118,9.8,0.175,3.77,nachgefuellt
2026-04-30,W1492,52.47342,10.88345,0.0,,10.3,10.9,0.118,9.8,0.175,3.77,nachgefuellt
2026-04-30,W1493,52.47342,10.91302,0.0,,10.3,10.9,0.118,9.8,0.175,3.77,nachgefuellt
2026-04-30,W1494,52.47342,11.06084,0.0,,10.6,12.1,0.129,10.6,0.157,3.86,nachgefuellt
2026-04-30,W1495,52.47342,11.0904,0.0,,10.6,12.1,0.129,10.6,0.157,3.86,nachgefuellt
2026-04-30,W1496,52.47342,11.11997,0.0,,10.6,12.1,0.129,10.6,0.157,3.86,nachgefuellt
2026-04-30,W1497,52.47342,11.14953,0.0,,10.4,11.6,0.104,10.2,0.164,3.79,nachgefuellt
2026-04-30,W1498,52.49144,10.11478,0.0,,11.5,13.3,0.01,11.4,0.057,4.33,nachgefuellt
2026-04-30,W1499,52.49144,10.14435,0.0,,11.4,13.3,0.01,11.5,0.057,4.28,nachgefuellt
2026-04-30,W1524,52.49144,10.88345,0.0,,10.3,10.9,0.118,9.8,0.175,3.77,nachgefuellt
2026-04-30,W1525,52.49144,10.91302,0.0,,10.3,10.9,0.118,9.8,0.175,3.77,nachgefuellt
2026-04-30,W1526,52.49144,10.94258,0.0,,10.3,10.9,0.118,9.8,0.175,3.77,nachgefuellt
2026-04-30,W1527,52.49144,10.97214,0.0,,10.6,12.1,0.129,10.6,0.157,3.86,nachgefuellt
2026-04-30,W1528,52.49144,11.00171,0.0,,10.6,12.1,0.129,10.6,0.157,3.86,nachgefuellt
2026-04-30,W1529,52.49144,11.03127,0.0,,10.6,12.1,0.129,10.6,0.157,3.86,nachgefuellt
2026-04-30,W1530,52.49144,11.06084,0.0,,10.6,12.1,0.129,10.6,0.157,3.86,nachgefuellt
2026-04-30,W1531,52.49144,11.0904,0.0,,10.6,12.1,0.129,10.6,0.157,3.86,nachgefuellt
2026-04-30,W1532,52.49144,11.11997,0.0,,10.6,12.1,0.129,10.6,0.157,3.86,nachgefuellt
2026-04-30,W1533,52.49144,11.14953,0.0,,10.4,11.6,0.104,10.2,0.164,3.79,nachgefuellt
2026-04-30,W1534,52.50946,10.20347,0.0,,11.4,13.3,0.01,11.5,0.057,4.28,nachgefuellt
2026-04-30,W1535,52.50946,10.32173,0.0,,11.2,12.4,0.07,11.0,0.144,4.14,nachgefuellt
2026-04-30,W1536,52.50946,10.3513,0.0,,11.2,12.4,0.07,11.0,0.144,4.14,nachgefuellt
2026-04-30,W1537,52.50946,10.61737,0.0,,10.9,11.8,0.015,10.3,0.085,3.99,nachgefuellt
2026-04-30,W1538,52.50946,10.76519,0.0,,10.7,11.5,0.039,10.2,0.091,3.89,nachgefuellt
2026-04-30,W1539,52.50946,11.00171,0.0,,10.6,12.1,0.129,10.6,0.157,3.86,nachgefuellt
2026-04-30,W1540,52.50946,11.03127,0.0,,10.6,12.1,0.129,10.6,0.157,3.86,nachgefuellt
2026-04-30,W1541,52.50946,11.06084,0.0,,10.6,12.1,0.129,10.6,0.157,3.86,nachgefuellt
2026-04-30,W1542,52.50946,11.11997,0.0,,10.7,12.3,0.105,10.8,0.154,3.85,nachgefuellt
2026-04-30,W1543,52.50946,11.14953,0.0,,10.4,11.6,0.104,10.2,0.164,3.79,nachgefuellt
2026-04-30,W1544,52.52748,10.17391,0.0,,11.3,13.1,0.011,11.1,0.059,4.22,nachgefuellt
2026-04-30,W1545,52.52748,10.20347,0.0,,11.3,13.1,0.011,11.1,0.059,4.22,nachgefuellt
2026-04-30,W1546,52.52748,10.32173,0.0,,11.2,12.4,0.07,11.0,0.144,4.14,nachgefuellt
2026-04-30,W1547,52.52748,10.3513,0.0,,11.1,12.3,0.01,10.6,0.058,4.13,nachgefuellt
2026-04-30,W1548,52.52748,10.46955,0.0,,11.1,12.3,0.01,10.6,0.058,4.13,nachgefuellt
2026-04-30,W1549,52.52748,10.79476,0.0,,10.7,11.5,0.039,10.2,0.091,3.89,nachgefuellt
2026-04-30,W1550,52.52748,11.03127,0.0,,10.7,12.3,0.105,10.8,0.154,3.85,nachgefuellt
2026-04-30,W1551,52.52748,11.06084,0.0,,10.7,12.3,0.105,10.8,0.154,3.85,nachgefuellt
2026-04-30,W1552,52.52748,11.0904,0.0,,10.7,12.3,0.105,10.8,0.154,3.85,nachgefuellt
2026-04-30,W1553,52.52748,11.11997,0.0,,10.7,12.3,0.105,10.8,0.154,3.85,nachgefuellt
2026-04-30,W1554,52.52748,11.14953,0.0,,10.4,11.6,0.104,10.2,0.164,3.79,nachgefuellt
2026-04-30,W1555,52.5455,10.14435,0.0,,11.3,13.1,0.011,11.1,0.059,4.22,nachgefuellt
2026-04-30,W1556,52.5455,10.17391,0.0,,11.3,13.1,0.011,11.1,0.059,4.22,nachgefuellt
2026-04-30,W1557,52.5455,10.3513,0.0,,11.1,12.3,0.01,10.6,0.058,4.13,nachgefuellt
2026-04-30,W1558,52.5455,10.97214,0.0,,10.6,11.4,0.119,10.2,0.169,3.83,nachgefuellt
2026-04-30,W1559,52.5455,11.00171,0.0,,10.7,12.3,0.105,10.8,0.154,3.85,nachgefuellt
2026-04-30,W1560,52.5455,11.03127,0.0,,10.7,12.3,0.105,10.8,0.154,3.85,nachgefuellt
2026-04-30,W1561,52.5455,11.14953,0.0,,10.5,10.9,0.125,9.9,0.167,3.8,nachgefuellt
2026-04-30,W1562,52.56351,10.11478,0.0,,11.7,13.3,0.01,11.4,0.058,4.36,nachgefuellt
2026-04-30,W1563,52.56351,10.23304,0.0,,11.3,13.1,0.011,11.1,0.059,4.22,nachgefuellt
2026-04-30,W1564,52.56351,10.94258,0.0,,10.6,11.4,0.119,10.2,0.169,3.83,nachgefuellt
2026-04-30,W1565,52.56351,10.97214,0.0,,10.6,11.4,0.119,10.2,0.169,3.83,nachgefuellt
2026-04-30,W1566,52.56351,11.00171,0.0,,10.7,12.3,0.105,10.8,0.154,3.85,nachgefuellt
2026-04-30,W1567,52.56351,11.03127,0.0,,10.7,12.3,0.105,10.8,0.154,3.85,nachgefuellt
2026-04-30,W1568,52.56351,11.0904,0.0,,10.7,12.3,0.105,10.8,0.154,3.85,nachgefuellt
2026-04-30,W1569,52.56351,11.14953,0.0,,10.5,10.9,0.125,9.9,0.167,3.8,nachgefuellt
2026-04-30,W1570,52.58153,10.11478,0.0,,12.2,13.6,0.03,11.3,0.059,4.45,nachgefuellt
2026-04-30,W1571,52.58153,10.3513,0.0,,11.1,12.3,0.01,10.6,0.058,4.13,nachgefuellt
2026-04-30,W1584,52.59955,10.20347,0.0,,11.3,12.7,0.018,10.9,0.083,4.13,nachgefuellt
2026-04-30,W1585,52.59955,10.23304,0.0,,11.3,12.7,0.018,10.9,0.083,4.13,nachgefuellt
2026-04-30,W1586,52.59955,10.2626,0.0,,11.3,12.7,0.018,10.9,0.083,4.13,nachgefuellt
2026-04-30,W1587,52.59955,10.29217,0.0,,11.3,12.7,0.018,10.9,0.083,4.13,nachgefuellt
2026-04-30,W1588,52.59955,10.32173,0.0,,11.3,12.7,0.018,10.9,0.083,4.13,nachgefuellt
2026-04-30,W1589,52.59955,10.3513,0.0,,11.0,12.3,0.012,10.7,0.08,4.04,nachgefuellt
2026-04-30,W1590,52.59955,10.38086,0.0,,11.0,12.3,0.012,10.7,0.08,4.04,nachgefuellt
2026-04-30,W1591,52.59955,10.41042,0.0,,11.0,12.3,0.012,10.7,0.08,4.04,nachgefuellt
2026-04-30,W1592,52.59955,10.43999,0.0,,11.0,12.3,0.012,10.7,0.08,4.04,nachgefuellt
2026-04-30,W1593,52.59955,10.46955,0.0,,11.0,12.3,0.012,10.7,0.08,4.04,nachgefuellt
2026-04-30,W1594,52.59955,10.49912,0.0,,10.9,11.8,0.015,10.3,0.085,3.99,nachgefuellt
2026-04-30,W1595,52.59955,10.52868,0.0,,11.0,12.4,0.013,10.8,0.071,4.02,nachgefuellt
2026-04-30,W1572,52.58153,10.38086,0.0,,11.1,12.3,0.01,10.6,0.058,4.13,nachgefuellt
2026-04-30,W1573,52.58153,10.41042,0.0,,11.0,12.3,0.012,10.7,0.08,4.04,nachgefuellt
2026-04-30,W1574,52.58153,10.58781,0.0,,11.0,12.4,0.013,10.8,0.071,4.02,nachgefuellt
2026-04-30,W1575,52.58153,10.88345,0.0,,10.6,11.4,0.119,10.2,0.169,3.83,nachgefuellt
2026-04-30,W1576,52.58153,10.91302,0.0,,10.6,10.7,0.135,9.8,0.205,3.83,nachgefuellt
2026-04-30,W1577,52.58153,10.97214,0.0,,10.6,10.7,0.135,9.8,0.205,3.83,nachgefuellt
2026-04-30,W1578,52.58153,11.06084,0.0,,10.7,12.3,0.105,10.8,0.154,3.85,nachgefuellt
2026-04-30,W1579,52.58153,11.0904,0.0,,10.6,10.7,0.133,9.7,0.201,3.8,nachgefuellt
2026-04-30,W1580,52.58153,11.14953,0.0,,10.6,10.7,0.133,9.7,0.201,3.81,nachgefuellt
2026-04-30,W1581,52.59955,10.11478,0.0,,12.2,13.6,0.03,11.3,0.059,4.45,nachgefuellt
2026-04-30,W1582,52.59955,10.14435,0.0,,12.2,13.6,0.03,11.3,0.059,4.45,nachgefuellt
2026-04-30,W1583,52.59955,10.17391,0.0,,11.3,12.7,0.018,10.9,0.083,4.13,nachgefuellt
2026-04-30,W1596,52.59955,10.55825,0.0,,11.0,12.4,0.013,10.8,0.071,4.02,nachgefuellt
2026-04-30,W1597,52.59955,10.58781,0.0,,11.0,12.4,0.013,10.8,0.071,4.02,nachgefuellt
2026-04-30,W1598,52.59955,10.61737,0.0,,11.0,12.4,0.013,10.8,0.071,4.02,nachgefuellt
2026-04-30,W1599,52.59955,10.64694,0.0,,11.0,12.4,0.013,10.8,0.071,4.02,nachgefuellt
2026-04-30,W1600,52.59955,10.6765,0.0,,10.7,11.5,0.039,10.2,0.091,3.89,nachgefuellt
2026-04-30,W1601,52.59955,10.70607,0.0,,11.1,11.4,0.045,10.1,0.089,4.0,nachgefuellt
2026-04-30,W1602,52.59955,10.76519,0.0,,11.1,11.4,0.045,10.1,0.089,4.0,nachgefuellt
2026-04-30,W1603,52.59955,10.79476,0.0,,11.1,11.4,0.045,10.1,0.089,4.0,nachgefuellt
2026-04-30,W1604,52.59955,10.85389,0.0,,10.6,10.7,0.135,9.8,0.205,3.84,nachgefuellt
2026-04-30,W1605,52.59955,10.88345,0.0,,10.6,10.7,0.135,9.8,0.205,3.83,nachgefuellt
2026-04-30,W1606,52.59955,10.91302,0.0,,10.6,10.7,0.135,9.8,0.205,3.83,nachgefuellt
2026-04-30,W1607,52.59955,10.94258,0.0,,10.6,10.7,0.135,9.8,0.205,3.83,nachgefuellt
2026-04-30,W1608,52.59955,10.97214,0.0,,10.6,10.7,0.135,9.8,0.205,3.83,nachgefuellt
2026-04-30,W1609,52.59955,11.00171,0.0,,10.7,12.3,0.105,10.8,0.154,3.86,nachgefuellt
2026-04-30,W1610,52.59955,11.03127,0.0,,10.6,10.7,0.133,9.7,0.201,3.8,nachgefuellt
2026-04-30,W1611,52.59955,11.06084,0.0,,10.6,10.7,0.133,9.7,0.201,3.81,nachgefuellt
2026-04-30,W1612,52.59955,11.0904,0.0,,10.6,10.7,0.133,9.7,0.201,3.81,nachgefuellt
2026-04-30,W1613,52.59955,11.11997,0.0,,10.6,10.7,0.133,9.7,0.201,3.81,nachgefuellt
2026-04-30,W1614,52.59955,11.14953,0.0,,10.6,10.7,0.133,9.7,0.201,3.81,nachgefuellt
2026-04-30,W1615,52.61757,10.32173,0.0,,11.3,12.7,0.018,10.9,0.083,4.13,nachgefuellt
2026-04-30,W1616,52.61757,10.43999,0.0,,11.0,12.3,0.012,10.7,0.08,4.04,nachgefuellt
2026-04-30,W1617,52.61757,10.55825,0.0,,11.0,12.4,0.013,10.8,0.071,4.02,nachgefuellt
2026-04-30,W1618,52.61757,10.88345,0.0,,10.6,10.7,0.135,9.8,0.205,3.83,nachgefuellt
2026-04-30,W1619,52.61757,10.91302,0.0,,10.6,10.7,0.135,9.8,0.205,3.83,nachgefuellt
2026-04-30,W1620,52.61757,11.14953,0.0,,10.6,10.7,0.133,9.7,0.201,3.8,nachgefuellt
2026-04-30,W1621,52.63559,10.29217,0.0,,11.3,12.7,0.018,10.9,0.083,4.13,nachgefuellt
2026-04-30,W1622,52.63559,10.32173,0.0,,11.3,12.3,0.02,10.6,0.073,4.12,nachgefuellt
2026-04-30,W1623,52.63559,10.52868,0.0,,11.0,12.4,0.013,10.8,0.071,4.02,nachgefuellt
2026-04-30,W1624,52.63559,10.88345,0.0,,10.6,10.7,0.135,9.8,0.205,3.83,nachgefuellt
2026-04-30,W1625,52.63559,10.91302,0.0,,10.6,10.7,0.135,9.8,0.205,3.83,nachgefuellt
2026-04-30,W1626,52.63559,11.06084,0.0,,10.6,10.7,0.133,9.7,0.201,3.8,nachgefuellt
2026-04-30,W1627,52.63559,11.14953,0.0,,10.6,10.7,0.133,9.7,0.201,3.8,nachgefuellt
2026-04-30,W1628,52.6536,10.23304,0.0,,11.3,12.7,0.018,10.9,0.083,4.14,nachgefuellt
2026-04-30,W1629,52.6536,10.46955,0.0,,11.2,12.0,0.026,10.4,0.092,4.04,nachgefuellt
2026-04-30,W1630,52.6536,11.14953,0.0,,11.2,12.5,0.077,10.7,0.149,3.96,nachgefuellt
2026-04-30,W1631,52.67162,10.32173,0.0,,11.3,12.3,0.02,10.6,0.073,4.12,nachgefuellt
2026-04-30,W1632,52.67162,10.52868,0.0,,11.3,12.3,0.019,10.4,0.059,4.08,nachgefuellt
2026-04-30,W1633,52.67162,10.82432,0.0,,11.2,12.6,0.016,10.5,0.069,4.03,nachgefuellt
2026-04-30,W1634,52.67162,10.85389,0.0,,10.6,10.7,0.135,9.8,0.205,3.83,nachgefuellt
2026-04-30,W1635,52.67162,11.00171,0.0,,11.3,12.7,0.025,10.9,0.13,4.04,nachgefuellt
2026-04-30,W1636,52.67162,11.06084,0.0,,11.2,12.5,0.077,10.7,0.149,3.96,nachgefuellt
2026-04-30,W1637,52.67162,11.0904,0.0,,11.2,12.5,0.077,10.7,0.149,3.96,nachgefuellt
2026-04-30,W1638,52.67162,11.11997,0.0,,11.2,12.5,0.077,10.7,0.149,3.96,nachgefuellt
2026-04-30,W1639,52.67162,11.14953,0.0,,11.2,12.5,0.077,10.7,0.149,3.96,nachgefuellt
2026-04-30,W1640,52.68964,10.32173,0.0,,11.3,12.3,0.02,10.6,0.073,4.12,nachgefuellt
2026-04-30,W1641,52.68964,10.6765,0.0,,11.3,12.3,0.019,10.4,0.059,4.08,nachgefuellt
2026-04-30,W1642,52.68964,10.73563,0.0,,11.2,12.6,0.016,10.5,0.069,4.04,nachgefuellt
2026-04-30,W1643,52.68964,10.76519,0.0,,11.2,12.6,0.016,10.5,0.069,4.03,nachgefuellt
2026-04-30,W1644,52.68964,10.79476,0.0,,11.2,12.6,0.016,10.5,0.069,4.04,nachgefuellt
2026-04-30,W1645,52.68964,11.00171,0.0,,11.3,12.7,0.025,10.9,0.13,4.04,nachgefuellt
2026-04-30,W1646,52.68964,11.14953,0.0,,11.2,12.5,0.077,10.7,0.149,3.96,nachgefuellt
2026-04-30,W1647,52.70766,10.11478,0.0,,11.3,11.3,0.06,10.2,0.136,4.07,nachgefuellt
2026-04-30,W1648,52.70766,10.14435,0.0,,11.3,11.3,0.06,10.2,0.136,4.07,nachgefuellt
2026-04-30,W1649,52.70766,10.17391,0.0,,11.6,11.6,0.02,10.0,0.093,4.15,nachgefuellt
2026-04-30,W1650,52.70766,10.20347,0.0,,11.3,12.3,0.02,10.6,0.073,4.12,nachgefuellt
2026-04-30,W1651,52.70766,10.23304,0.0,,11.3,12.3,0.02,10.6,0.073,4.12,nachgefuellt
2026-04-30,W1652,52.70766,10.2626,0.0,,11.3,12.3,0.02,10.6,0.073,4.12,nachgefuellt
2026-04-30,W1653,52.70766,10.29217,0.0,,11.3,12.3,0.02,10.6,0.073,4.12,nachgefuellt
2026-04-30,W1654,52.70766,10.32173,0.0,,11.3,12.3,0.02,10.6,0.073,4.12,nachgefuellt
2026-04-30,W1655,52.70766,10.3513,0.0,,11.2,12.0,0.026,10.4,0.092,4.04,nachgefuellt
2026-04-30,W1656,52.70766,10.38086,0.0,,11.2,12.0,0.026,10.4,0.092,4.04,nachgefuellt
2026-04-30,W1657,52.70766,10.41042,0.0,,11.2,12.0,0.026,10.4,0.092,4.04,nachgefuellt
2026-04-30,W1658,52.70766,10.43999,0.0,,11.2,12.0,0.026,10.4,0.092,4.04,nachgefuellt
2026-04-30,W1659,52.70766,10.46955,0.0,,11.2,12.0,0.026,10.4,0.092,4.04,nachgefuellt
2026-04-30,W1660,52.70766,10.49912,0.0,,11.4,11.6,0.032,9.9,0.109,4.06,nachgefuellt
2026-04-30,W1661,52.70766,10.52868,0.0,,11.3,12.3,0.019,10.4,0.059,4.08,nachgefuellt
2026-04-30,W1662,52.70766,10.55825,0.0,,11.3,12.3,0.019,10.4,0.059,4.08,nachgefuellt
2026-04-30,W1663,52.70766,10.58781,0.0,,11.3,12.3,0.019,10.4,0.059,4.08,nachgefuellt
2026-04-30,W1664,52.70766,10.61737,0.0,,11.3,12.3,0.019,10.4,0.059,4.08,nachgefuellt
2026-04-30,W1665,52.70766,10.64694,0.0,,11.3,12.3,0.019,10.4,0.059,4.08,nachgefuellt
2026-04-30,W1666,52.70766,10.6765,0.0,,11.3,12.3,0.02,10.4,0.086,4.04,nachgefuellt
2026-04-30,W1667,52.70766,10.70607,0.0,,11.2,12.6,0.016,10.5,0.069,4.03,nachgefuellt
2026-04-30,W1668,52.70766,10.73563,0.0,,11.2,12.6,0.016,10.5,0.069,4.03,nachgefuellt
2026-04-30,W1669,52.70766,10.76519,0.0,,11.2,12.6,0.016,10.5,0.069,4.04,nachgefuellt
2026-04-30,W1670,52.70766,10.79476,0.0,,11.2,12.6,0.016,10.5,0.069,4.03,nachgefuellt
2026-04-30,W1671,52.70766,10.82432,0.0,,11.2,12.6,0.016,10.5,0.069,4.03,nachgefuellt
2026-04-30,W1672,52.70766,10.85389,0.0,,11.3,12.7,0.025,10.9,0.13,4.04,nachgefuellt
2026-04-30,W1673,52.70766,10.88345,0.0,,11.3,12.7,0.025,10.9,0.13,4.04,nachgefuellt
2026-04-30,W1674,52.70766,10.91302,0.0,,11.3,12.7,0.025,10.9,0.13,4.04,nachgefuellt
2026-04-30,W1675,52.70766,10.94258,0.0,,11.3,12.7,0.025,10.9,0.13,4.04,nachgefuellt
2026-04-30,W1676,52.70766,10.97214,0.0,,11.3,12.7,0.025,10.9,0.13,4.04,nachgefuellt
2026-04-30,W1677,52.70766,11.00171,0.0,,11.5,12.7,0.011,10.7,0.118,4.03,nachgefuellt
2026-04-30,W1678,52.70766,11.03127,0.0,,11.2,12.5,0.077,10.7,0.149,3.96,nachgefuellt
2026-04-30,W1679,52.70766,11.06084,0.0,,11.2,12.5,0.077,10.7,0.149,3.95,nachgefuellt
2026-04-30,W1680,52.70766,11.0904,0.0,,11.2,12.5,0.077,10.7,0.149,3.96,nachgefuellt
2026-04-30,W1681,52.70766,11.11997,0.0,,11.2,12.5,0.077,10.7,0.149,3.96,nachgefuellt
2026-04-30,W1682,52.70766,11.14953,0.0,,11.2,12.5,0.077,10.7,0.149,3.96,nachgefuellt
2026-04-30,W1683,52.72568,10.61737,0.0,,11.3,12.3,0.02,10.4,0.086,4.05,nachgefuellt
2026-04-30,W1684,52.72568,10.70607,0.0,,11.2,12.6,0.016,10.5,0.069,4.03,nachgefuellt
2026-04-30,W1685,52.72568,10.73563,0.0,,11.2,12.6,0.016,10.5,0.069,4.03,nachgefuellt
2026-04-30,W1686,52.72568,10.76519,0.0,,11.2,12.6,0.016,10.5,0.069,4.04,nachgefuellt
2026-04-30,W1687,52.72568,10.94258,0.0,,11.5,12.7,0.011,10.7,0.118,4.04,nachgefuellt
2026-04-30,W1688,52.72568,10.97214,0.0,,11.5,12.7,0.011,10.7,0.118,4.04,nachgefuellt
2026-04-30,W1689,52.72568,11.00171,0.0,,11.5,12.7,0.011,10.7,0.118,4.03,nachgefuellt
2026-04-30,W1690,52.72568,11.03127,0.0,,11.2,12.5,0.077,10.7,0.149,3.96,nachgefuellt
2026-04-30,W1691,52.72568,11.0904,0.0,,11.2,12.5,0.077,10.7,0.149,3.95,nachgefuellt
2026-04-30,W1692,52.72568,11.14953,0.0,,11.5,13.4,0.01,11.2,0.132,4.01,nachgefuellt
2026-04-30,W1693,52.74369,10.2626,0.0,,11.4,11.5,0.029,9.9,0.108,4.09,nachgefuellt
2026-04-30,W1694,52.74369,10.61737,0.0,,11.3,12.3,0.02,10.4,0.086,4.04,nachgefuellt
2026-04-30,W1695,52.74369,10.6765,0.0,,11.3,12.3,0.02,10.4,0.086,4.04,nachgefuellt
2026-04-30,W1696,52.74369,10.70607,0.0,,11.2,12.6,0.016,10.5,0.069,4.03,nachgefuellt
2026-04-30,W1697,52.74369,10.73563,0.0,,11.3,12.3,0.017,10.4,0.077,4.04,nachgefuellt
2026-04-30,W1698,52.74369,10.76519,0.0,,11.3,12.3,0.017,10.4,0.077,4.04,nachgefuellt
2026-04-30,W1699,52.74369,11.14953,0.0,,11.5,13.4,0.01,11.2,0.132,4.01,nachgefuellt
2026-04-30,W1700,52.76171,11.06084,0.0,,11.5,13.4,0.01,11.2,0.132,4.02,nachgefuellt
2026-04-30,W1701,52.76171,11.0904,0.0,,11.5,13.4,0.01,11.2,0.132,4.01,nachgefuellt
2026-04-30,W1702,52.76171,11.11997,0.0,,11.5,13.4,0.01,11.2,0.132,4.01,nachgefuellt
2026-04-30,W1703,52.76171,11.14953,0.0,,11.5,13.4,0.01,11.2,0.132,4.01,nachgefuellt
2026-04-30,W1704,52.77973,10.61737,0.0,,11.3,12.3,0.02,10.4,0.086,4.04,nachgefuellt
2026-04-30,W1705,52.77973,10.97214,0.0,,11.5,12.7,0.011,10.7,0.118,4.03,nachgefuellt
2026-04-30,W1706,52.77973,11.14953,0.0,,11.5,13.4,0.01,11.2,0.132,4.01,nachgefuellt
2026-04-30,W1707,52.79775,10.11478,0.0,,11.5,11.8,0.044,10.1,0.123,4.05,nachgefuellt
2026-04-30,W1708,52.79775,10.49912,0.0,,11.4,10.7,0.069,9.5,0.131,4.07,nachgefuellt
2026-04-30,W1709,52.79775,10.52868,0.0,,11.4,10.7,0.069,9.5,0.131,4.07,nachgefuellt
2026-04-30,W1710,52.79775,10.55825,0.0,,11.3,12.3,0.02,10.4,0.086,4.05,nachgefuellt
2026-04-30,W1711,52.79775,10.58781,0.0,,11.3,12.3,0.02,10.4,0.086,4.05,nachgefuellt
2026-04-30,W1712,52.79775,10.61737,0.0,,11.8,13.1,0.011,10.8,0.057,4.18,nachgefuellt
2026-04-30,W1713,52.79775,10.64694,0.0,,11.8,13.1,0.011,10.8,0.057,4.18,nachgefuellt
2026-04-30,W1714,52.79775,10.6765,0.0,,11.8,13.1,0.011,10.8,0.057,4.18,nachgefuellt
2026-04-30,W1715,52.79775,10.70607,0.0,,11.8,13.1,0.011,10.8,0.057,4.18,nachgefuellt
2026-04-30,W1716,52.79775,10.73563,0.0,,11.3,12.3,0.017,10.4,0.077,4.04,nachgefuellt
2026-04-30,W1717,52.79775,10.76519,0.0,,11.3,12.3,0.017,10.4,0.077,4.04,nachgefuellt
2026-04-30,W1718,52.79775,10.82432,0.0,,11.6,12.6,0.01,10.7,0.057,4.07,nachgefuellt
2026-04-30,W1719,52.79775,10.85389,0.0,,11.6,12.6,0.01,10.7,0.057,4.07,nachgefuellt
2026-04-30,W1720,52.79775,10.88345,0.0,,11.5,12.7,0.011,10.7,0.118,4.04,nachgefuellt
2026-04-30,W1721,52.79775,10.91302,0.0,,11.5,12.7,0.011,10.7,0.118,4.03,nachgefuellt
2026-04-30,W1722,52.79775,10.94258,0.0,,11.5,12.7,0.011,10.7,0.118,4.03,nachgefuellt
2026-04-30,W1723,52.79775,10.97214,0.0,,11.5,12.8,0.032,10.8,0.129,3.97,nachgefuellt
2026-04-30,W1724,52.79775,11.00171,0.0,,11.5,12.8,0.032,10.8,0.129,3.98,nachgefuellt
2026-04-30,W1725,52.79775,11.03127,0.0,,11.5,12.8,0.032,10.8,0.129,3.97,nachgefuellt
2026-04-30,W1726,52.79775,11.06084,0.0,,11.5,13.4,0.01,11.2,0.132,4.01,nachgefuellt
2026-04-30,W1727,52.79775,11.0904,0.0,,11.5,13.4,0.01,11.2,0.132,4.01,nachgefuellt
2026-04-30,W1728,52.79775,11.11997,0.0,,11.5,13.4,0.01,11.2,0.132,4.01,nachgefuellt
2026-04-30,W1729,52.79775,11.14953,0.0,,11.7,13.7,0.01,11.3,0.122,4.02,nachgefuellt
2026-04-30,W1730,52.81577,10.82432,0.0,,11.6,12.6,0.01,10.7,0.057,4.07,nachgefuellt
2026-04-30,W1731,52.81577,10.91302,0.0,,11.5,12.8,0.032,10.8,0.129,3.98,nachgefuellt
2026-04-30,W1732,52.81577,10.97214,0.0,,11.5,12.8,0.032,10.8,0.129,3.97,nachgefuellt
2026-04-30,W1733,52.81577,11.00171,0.0,,11.5,12.8,0.032,10.8,0.129,3.97,nachgefuellt
2026-04-30,W1734,52.81577,11.14953,0.0,,11.7,13.7,0.01,11.3,0.122,4.02,nachgefuellt
2026-04-30,W1735,52.83378,10.64694,0.0,,11.8,13.1,0.011,10.8,0.057,4.18,nachgefuellt
2026-04-30,W1736,52.83378,10.6765,0.0,,11.8,13.1,0.011,10.8,0.057,4.18,nachgefuellt
2026-04-30,W1737,52.83378,10.82432,0.0,,11.6,12.6,0.01,10.7,0.057,4.07,nachgefuellt
2026-04-30,W1738,52.83378,11.00171,0.0,,11.5,12.8,0.032,10.8,0.129,3.97,nachgefuellt
2026-04-30,W1739,52.83378,11.06084,0.0,,11.7,13.7,0.01,11.3,0.122,4.02,nachgefuellt
2026-04-30,W1740,52.83378,11.14953,0.0,,11.7,13.7,0.01,11.3,0.122,4.01,nachgefuellt
2026-04-30,W1152,52.13108,10.43999,0.0,,10.3,11.6,0.11,11.0,0.15,4.1,nachgefuellt
2026-04-30,W1153,52.13108,10.58781,0.0,,10.1,11.6,0.109,10.8,0.147,4.06,nachgefuellt
2026-04-30,W1154,52.13108,10.70607,0.0,,9.5,10.5,0.114,9.6,0.17,3.84,nachgefuellt
2026-04-30,W1155,52.13108,10.73563,0.0,,9.5,10.5,0.114,9.6,0.17,3.83,nachgefuellt
2026-04-30,W1156,52.13108,10.79476,0.0,,9.5,10.5,0.114,9.6,0.17,3.83,nachgefuellt
2026-04-30,W1157,52.13108,10.82432,0.0,,9.5,10.5,0.114,9.6,0.17,3.84,nachgefuellt
2026-04-30,W1158,52.13108,10.85389,0.0,,9.5,10.5,0.114,9.6,0.17,3.84,nachgefuellt
2026-04-30,W1159,52.13108,10.88345,0.0,,9.7,10.6,0.114,9.8,0.168,3.82,nachgefuellt
2026-04-30,W1160,52.13108,10.91302,0.0,,9.7,10.6,0.114,9.8,0.168,3.83,nachgefuellt
2026-04-30,W1161,52.13108,10.94258,0.0,,9.7,10.6,0.114,9.8,0.168,3.83,nachgefuellt
2026-04-30,W1162,52.13108,11.06084,0.0,,9.7,10.3,0.12,9.6,0.167,3.78,nachgefuellt
2026-04-30,W1163,52.13108,11.0904,0.0,,9.7,10.3,0.12,9.6,0.167,3.78,nachgefuellt
2026-04-30,W1176,52.1491,11.11997,0.0,,9.7,10.3,0.12,9.6,0.167,3.79,nachgefuellt
2026-04-30,W1177,52.1491,11.14953,0.0,,9.7,10.3,0.12,9.6,0.167,3.79,nachgefuellt
2026-04-30,W1178,52.16712,10.14435,0.0,,10.5,11.9,0.106,11.1,0.15,4.27,nachgefuellt
2026-04-30,W1179,52.16712,10.17391,0.0,,10.5,11.9,0.106,11.1,0.15,4.27,nachgefuellt
2026-04-30,W1180,52.16712,10.23304,0.0,,10.3,11.4,0.112,10.9,0.148,4.18,nachgefuellt
2026-04-30,W1181,52.16712,10.2626,0.0,,10.3,11.4,0.112,10.9,0.148,4.18,nachgefuellt
2026-04-30,W1182,52.16712,10.29217,0.0,,10.7,12.5,0.097,11.3,0.147,4.25,nachgefuellt
2026-04-30,W1183,52.16712,10.32173,0.0,,10.7,12.5,0.097,11.3,0.147,4.25,nachgefuellt
2026-04-30,W1184,52.16712,10.38086,0.0,,10.3,11.6,0.11,11.0,0.15,4.1,nachgefuellt
2026-04-30,W1185,52.16712,10.49912,0.0,,10.9,12.8,0.089,11.6,0.147,4.18,nachgefuellt
2026-04-30,W1186,52.16712,10.55825,0.0,,10.1,11.6,0.109,10.8,0.147,4.06,nachgefuellt
2026-04-30,W1187,52.16712,10.58781,0.0,,10.1,11.6,0.109,10.8,0.147,4.06,nachgefuellt
2026-04-30,W1164,52.13108,11.11997,0.0,,9.7,10.3,0.12,9.6,0.167,3.78,nachgefuellt
2026-04-30,W1165,52.13108,11.14953,0.0,,9.7,10.3,0.12,9.6,0.167,3.79,nachgefuellt
2026-04-30,W1166,52.1491,10.23304,0.0,,10.3,11.4,0.112,10.9,0.148,4.18,nachgefuellt
2026-04-30,W1167,52.1491,10.2626,0.0,,10.3,11.4,0.112,10.9,0.148,4.18,nachgefuellt
2026-04-30,W1168,52.1491,10.29217,0.0,,10.3,11.4,0.112,10.9,0.148,4.18,nachgefuellt
2026-04-30,W1169,52.1491,10.32173,0.0,,10.3,11.4,0.112,10.9,0.148,4.18,nachgefuellt
2026-04-30,W1170,52.1491,10.43999,0.0,,10.3,11.6,0.11,11.0,0.15,4.1,nachgefuellt
2026-04-30,W1171,52.1491,10.58781,0.0,,10.1,11.6,0.109,10.8,0.147,4.06,nachgefuellt
2026-04-30,W1172,52.1491,10.73563,0.0,,9.5,10.5,0.114,9.6,0.17,3.83,nachgefuellt
2026-04-30,W1173,52.1491,10.76519,0.0,,9.5,10.5,0.114,9.6,0.17,3.83,nachgefuellt
2026-04-30,W1174,52.1491,10.79476,0.0,,9.5,10.5,0.114,9.6,0.17,3.83,nachgefuellt
2026-04-30,W1175,52.1491,11.06084,0.0,,9.7,10.3,0.12,9.6,0.167,3.78,nachgefuellt
2026-04-30,W1212,52.20315,10.17391,0.0,,10.5,11.9,0.106,11.1,0.15,4.26,nachgefuellt
2026-04-30,W1213,52.20315,10.23304,0.0,,10.7,12.5,0.097,11.3,0.147,4.25,nachgefuellt
2026-04-30,W1214,52.20315,10.2626,0.0,,10.7,12.5,0.097,11.3,0.147,4.25,nachgefuellt
2026-04-30,W1215,52.20315,10.29217,0.0,,10.7,12.5,0.097,11.3,0.147,4.25,nachgefuellt
2026-04-30,W1216,52.20315,10.32173,0.0,,10.7,12.5,0.097,11.3,0.147,4.25,nachgefuellt
2026-04-30,W1217,52.20315,10.3513,0.0,,10.7,12.5,0.097,11.3,0.147,4.25,nachgefuellt
2026-04-30,W1218,52.20315,10.38086,0.0,,10.9,12.8,0.089,11.6,0.147,4.17,nachgefuellt
2026-04-30,W1219,52.20315,10.41042,0.0,,10.9,12.8,0.089,11.6,0.147,4.18,nachgefuellt
2026-04-30,W1220,52.20315,10.43999,0.0,,10.9,12.8,0.089,11.6,0.147,4.18,nachgefuellt
2026-04-30,W1221,52.20315,10.46955,0.0,,10.9,12.8,0.089,11.6,0.147,4.18,nachgefuellt
2026-04-30,W1222,52.20315,10.49912,0.0,,10.9,12.8,0.089,11.6,0.147,4.17,nachgefuellt
2026-04-30,W1223,52.20315,10.52868,0.0,,10.9,12.8,0.089,11.6,0.147,4.17,nachgefuellt
2026-04-30,W1200,52.18514,10.41042,0.0,,10.9,12.8,0.089,11.6,0.147,4.18,nachgefuellt
2026-04-30,W1201,52.18514,10.43999,0.0,,10.9,12.8,0.089,11.6,0.147,4.18,nachgefuellt
2026-04-30,W1202,52.18514,10.46955,0.0,,10.9,12.8,0.089,11.6,0.147,4.18,nachgefuellt
2026-04-30,W1203,52.18514,10.49912,0.0,,10.9,12.8,0.089,11.6,0.147,4.18,nachgefuellt
2026-04-30,W1204,52.18514,10.55825,0.0,,10.2,11.3,0.114,10.4,0.146,4.02,nachgefuellt
2026-04-30,W1205,52.18514,10.58781,0.0,,10.2,11.3,0.114,10.4,0.146,4.02,nachgefuellt
2026-04-30,W1206,52.18514,10.64694,0.0,,10.2,11.3,0.114,10.4,0.146,4.02,nachgefuellt
2026-04-30,W1207,52.18514,11.00171,0.0,,10.0,11.1,0.108,10.1,0.164,3.92,nachgefuellt
2026-04-30,W1208,52.18514,11.11997,0.0,,9.9,10.5,0.121,9.8,0.167,3.85,nachgefuellt
2026-04-30,W1209,52.18514,11.14953,0.0,,9.9,10.5,0.121,9.8,0.167,3.84,nachgefuellt
2026-04-30,W1210,52.20315,10.11478,0.0,,10.5,11.9,0.106,11.1,0.15,4.26,nachgefuellt
2026-04-30,W1211,52.20315,10.14435,0.0,,10.5,11.9,0.106,11.1,0.15,4.26,nachgefuellt
2026-04-30,W1188,52.16712,10.61737,0.0,,10.2,11.3,0.114,10.4,0.146,4.02,nachgefuellt
2026-04-30,W1189,52.16712,10.64694,0.0,,10.2,11.3,0.114,10.4,0.146,4.02,nachgefuellt
2026-04-30,W1190,52.16712,10.70607,0.0,,9.5,10.5,0.114,9.6,0.17,3.83,nachgefuellt
2026-04-30,W1191,52.16712,11.06084,0.0,,9.7,10.3,0.12,9.6,0.167,3.78,nachgefuellt
2026-04-30,W1192,52.16712,11.11997,0.0,,9.9,10.5,0.121,9.8,0.167,3.85,nachgefuellt
2026-04-30,W1193,52.16712,11.14953,0.0,,9.9,10.5,0.121,9.8,0.167,3.84,nachgefuellt
2026-04-30,W1194,52.18514,10.14435,0.0,,10.5,11.9,0.106,11.1,0.15,4.27,nachgefuellt
2026-04-30,W1195,52.18514,10.20347,0.0,,10.5,11.9,0.106,11.1,0.15,4.27,nachgefuellt
2026-04-30,W1196,52.18514,10.23304,0.0,,10.7,12.5,0.097,11.3,0.147,4.25,nachgefuellt
2026-04-30,W1197,52.18514,10.2626,0.0,,10.7,12.5,0.097,11.3,0.147,4.26,nachgefuellt
2026-04-30,W1198,52.18514,10.3513,0.0,,10.7,12.5,0.097,11.3,0.147,4.25,nachgefuellt
2026-04-30,W1199,52.18514,10.38086,0.0,,10.9,12.8,0.089,11.6,0.147,4.18,nachgefuellt
2026-04-30,W1248,52.22117,10.41042,0.0,,10.9,12.8,0.089,11.6,0.147,4.17,nachgefuellt
2026-04-30,W1249,52.22117,10.43999,0.0,,10.9,12.8,0.089,11.6,0.147,4.18,nachgefuellt
2026-04-30,W1250,52.22117,10.46955,0.0,,10.9,12.8,0.089,11.6,0.147,4.18,nachgefuellt
2026-04-30,W1251,52.22117,10.49912,0.0,,10.9,12.8,0.089,11.6,0.147,4.17,nachgefuellt
2026-04-30,W1252,52.22117,10.61737,0.0,,10.2,11.3,0.114,10.4,0.146,4.02,nachgefuellt
2026-04-30,W1253,52.22117,10.64694,0.0,,10.2,11.3,0.114,10.4,0.146,4.02,nachgefuellt
2026-04-30,W1254,52.22117,10.6765,0.0,,10.7,12.3,0.097,10.9,0.148,4.13,nachgefuellt
2026-04-30,W1255,52.22117,11.14953,0.0,,9.9,10.5,0.121,9.8,0.167,3.84,nachgefuellt
2026-04-30,W1256,52.23919,10.11478,0.0,,11.1,12.9,0.076,11.8,0.145,4.36,nachgefuellt
2026-04-30,W1257,52.23919,10.14435,0.0,,11.1,12.9,0.076,11.8,0.145,4.36,nachgefuellt
2026-04-30,W1258,52.23919,10.17391,0.0,,11.1,12.9,0.076,11.8,0.145,4.36,nachgefuellt
2026-04-30,W1259,52.23919,10.20347,0.0,,11.1,12.9,0.076,11.8,0.145,4.36,nachgefuellt
2026-04-30,W1224,52.20315,10.55825,0.0,,10.2,11.3,0.114,10.4,0.146,4.02,nachgefuellt
2026-04-30,W1225,52.20315,10.58781,0.0,,10.2,11.3,0.114,10.4,0.146,4.02,nachgefuellt
2026-04-30,W1226,52.20315,10.61737,0.0,,10.2,11.3,0.114,10.4,0.146,4.02,nachgefuellt
2026-04-30,W1227,52.20315,10.64694,0.0,,10.2,11.3,0.114,10.4,0.146,4.02,nachgefuellt
2026-04-30,W1228,52.20315,10.6765,0.0,,10.2,11.3,0.114,10.4,0.146,4.02,nachgefuellt
2026-04-30,W1229,52.20315,10.70607,0.0,,10.2,11.3,0.114,10.4,0.146,4.03,nachgefuellt
2026-04-30,W1230,52.20315,10.76519,0.0,,8.9,8.9,0.131,8.2,0.185,3.81,nachgefuellt
2026-04-30,W1231,52.20315,10.88345,0.0,,10.0,11.1,0.108,10.1,0.164,3.92,nachgefuellt
2026-04-30,W1232,52.20315,10.91302,0.0,,10.0,11.1,0.108,10.1,0.164,3.92,nachgefuellt
2026-04-30,W1233,52.20315,10.94258,0.0,,10.0,11.1,0.108,10.1,0.164,3.92,nachgefuellt
2026-04-30,W1234,52.20315,10.97214,0.0,,10.0,11.1,0.108,10.1,0.164,3.92,nachgefuellt
2026-04-30,W1235,52.20315,11.00171,0.0,,10.0,11.1,0.108,10.1,0.164,3.92,nachgefuellt
2026-04-30,W1236,52.20315,11.03127,0.0,,10.0,11.1,0.108,10.1,0.164,3.92,nachgefuellt
2026-04-30,W1237,52.20315,11.06084,0.0,,9.9,10.5,0.121,9.8,0.167,3.84,nachgefuellt
2026-04-30,W1238,52.20315,11.0904,0.0,,9.9,10.5,0.121,9.8,0.167,3.84,nachgefuellt
2026-04-30,W1239,52.20315,11.11997,0.0,,9.9,10.5,0.121,9.8,0.167,3.84,nachgefuellt
2026-04-30,W1240,52.20315,11.14953,0.0,,9.9,10.5,0.121,9.8,0.167,3.83,nachgefuellt
2026-04-30,W1241,52.22117,10.14435,0.0,,10.5,11.9,0.106,11.1,0.15,4.26,nachgefuellt
2026-04-30,W1242,52.22117,10.20347,0.0,,11.1,12.9,0.076,11.8,0.145,4.36,nachgefuellt
2026-04-30,W1243,52.22117,10.23304,0.0,,10.7,12.5,0.097,11.3,0.147,4.25,nachgefuellt
2026-04-30,W1244,52.22117,10.2626,0.0,,10.7,12.5,0.097,11.3,0.147,4.25,nachgefuellt
2026-04-30,W1245,52.22117,10.29217,0.0,,10.7,12.5,0.097,11.3,0.147,4.25,nachgefuellt
2026-04-30,W1246,52.22117,10.3513,0.0,,11.1,12.6,0.08,11.6,0.146,4.22,nachgefuellt
2026-04-30,W1247,52.22117,10.38086,0.0,,11.1,12.6,0.08,11.6,0.146,4.22,nachgefuellt
2026-04-30,W1260,52.23919,10.23304,0.0,,10.7,12.5,0.097,11.3,0.147,4.25,nachgefuellt
2026-04-30,W1261,52.23919,10.2626,0.0,,10.7,12.5,0.097,11.3,0.147,4.25,nachgefuellt
2026-04-30,W1262,52.23919,10.29217,0.0,,11.1,12.6,0.08,11.6,0.146,4.22,nachgefuellt
2026-04-30,W1263,52.23919,10.32173,0.0,,11.1,12.6,0.08,11.6,0.146,4.22,nachgefuellt
2026-04-30,W1264,52.23919,10.3513,0.0,,11.1,12.6,0.08,11.6,0.146,4.22,nachgefuellt
2026-04-30,W1265,52.23919,10.38086,0.0,,11.1,12.6,0.08,11.6,0.146,4.22,nachgefuellt
2026-04-30,W1266,52.23919,10.41042,0.0,,10.9,12.8,0.089,11.6,0.147,4.18,nachgefuellt
2026-04-30,W1267,52.23919,10.43999,0.0,,10.9,12.8,0.089,11.6,0.147,4.18,nachgefuellt
2026-04-30,W1268,52.23919,10.46955,0.0,,11.7,13.4,0.055,11.8,0.148,4.34,nachgefuellt
2026-04-30,W1269,52.23919,10.49912,0.0,,11.7,13.4,0.055,11.8,0.148,4.34,nachgefuellt
2026-04-30,W1270,52.23919,10.6765,0.0,,10.7,12.3,0.097,10.9,0.148,4.13,nachgefuellt
2026-04-30,W1271,52.23919,10.85389,0.0,,9.7,9.6,0.148,8.9,0.219,3.82,nachgefuellt
2026-04-30,W1272,52.23919,10.88345,0.0,,9.7,9.6,0.148,8.9,0.219,3.82,nachgefuellt
2026-04-30,W1273,52.23919,10.91302,0.0,,10.0,11.1,0.108,10.1,0.164,3.91,nachgefuellt
2026-04-30,W1274,52.23919,10.94258,0.0,,10.0,11.1,0.108,10.1,0.164,3.92,nachgefuellt
2026-04-30,W1275,52.23919,10.97214,0.0,,10.2,10.4,0.127,9.6,0.178,3.93,nachgefuellt
2026-04-30,W1276,52.23919,11.11997,0.0,,10.2,10.7,0.116,9.6,0.16,3.92,nachgefuellt
2026-04-30,W1277,52.23919,11.14953,0.0,,10.2,10.7,0.116,9.6,0.16,3.92,nachgefuellt
2026-04-30,W1278,52.25721,10.11478,0.0,,11.1,12.9,0.076,11.8,0.145,4.36,nachgefuellt
2026-04-30,W1279,52.25721,10.20347,0.0,,11.1,12.9,0.076,11.8,0.145,4.36,nachgefuellt
2026-04-30,W1280,52.25721,10.32173,0.0,,11.1,12.6,0.08,11.6,0.146,4.22,nachgefuellt
2026-04-30,W1281,52.25721,10.3513,0.0,,11.1,12.6,0.08,11.6,0.146,4.22,nachgefuellt
2026-04-30,W1282,52.25721,10.38086,0.0,,11.1,12.6,0.08,11.6,0.146,4.22,nachgefuellt
2026-04-30,W1283,52.25721,10.41042,0.0,,11.7,13.4,0.055,11.8,0.148,4.34,nachgefuellt
2026-04-30,W1284,52.25721,10.43999,0.0,,11.7,13.4,0.055,11.8,0.148,4.34,nachgefuellt
2026-04-30,W1285,52.25721,10.46955,0.0,,11.7,13.4,0.055,11.8,0.148,4.34,nachgefuellt
2026-04-30,W1286,52.25721,10.49912,0.0,,11.7,13.4,0.055,11.8,0.148,4.34,nachgefuellt
2026-04-30,W1287,52.25721,10.52868,0.0,,11.7,13.4,0.055,11.8,0.148,4.34,nachgefuellt
2026-04-30,W1288,52.25721,10.55825,0.0,,11.7,13.4,0.055,11.8,0.148,4.34,nachgefuellt
2026-04-30,W1289,52.25721,10.6765,0.0,,10.7,12.3,0.097,10.9,0.148,4.13,nachgefuellt
2026-04-30,W1290,52.25721,10.73563,0.0,,9.7,9.6,0.148,8.9,0.219,3.82,nachgefuellt
2026-04-30,W1291,52.25721,10.76519,0.0,,9.7,9.6,0.148,8.9,0.219,3.82,nachgefuellt
2026-04-30,W1292,52.25721,10.79476,0.0,,9.7,9.6,0.148,8.9,0.219,3.82,nachgefuellt
2026-04-30,W1293,52.25721,10.82432,0.0,,9.7,9.6,0.148,8.9,0.219,3.82,nachgefuellt
2026-04-30,W1294,52.25721,10.91302,0.0,,10.2,10.4,0.127,9.6,0.178,3.93,nachgefuellt
2026-04-30,W1295,52.27523,10.14435,0.0,,11.1,12.9,0.076,11.8,0.145,4.36,nachgefuellt
2026-04-30,W1296,52.27523,10.20347,0.0,,11.1,12.9,0.076,11.8,0.145,4.36,nachgefuellt
2026-04-30,W1297,52.27523,10.2626,0.0,,11.1,12.6,0.08,11.6,0.146,4.22,nachgefuellt
2026-04-30,W1298,52.27523,10.29217,0.0,,11.1,12.6,0.08,11.6,0.146,4.22,nachgefuellt
2026-04-30,W1299,52.27523,10.41042,0.0,,11.7,13.4,0.055,11.8,0.148,4.34,nachgefuellt
2026-04-30,W1300,52.27523,10.46955,0.0,,11.7,13.4,0.055,11.8,0.148,4.34,nachgefuellt
2026-04-30,W1301,52.27523,10.64694,0.0,,10.7,12.3,0.097,10.9,0.148,4.12,nachgefuellt
2026-04-30,W1302,52.27523,10.6765,0.0,,10.7,12.3,0.097,10.9,0.148,4.12,nachgefuellt
2026-04-30,W1303,52.27523,10.73563,0.0,,9.7,9.6,0.148,8.9,0.219,3.82,nachgefuellt
2026-04-30,W1304,52.27523,10.76519,0.0,,9.7,9.6,0.148,8.9,0.219,3.82,nachgefuellt
2026-04-30,W1305,52.27523,10.91302,0.0,,10.2,10.4,0.127,9.6,0.178,3.94,nachgefuellt
2026-04-30,W1306,52.27523,10.94258,0.0,,10.2,10.4,0.127,9.6,0.178,3.93,nachgefuellt
2026-04-30,W1307,52.27523,10.97214,0.0,,10.2,10.4,0.127,9.6,0.178,3.94,nachgefuellt
2026-04-30,W1308,52.27523,11.14953,0.0,,10.2,10.7,0.116,9.6,0.16,3.93,nachgefuellt
2026-04-30,W1309,52.29324,10.11478,0.0,,11.1,12.9,0.076,11.8,0.145,4.36,nachgefuellt
2026-04-30,W1310,52.29324,10.14435,0.0,,11.1,12.9,0.076,11.8,0.145,4.36,nachgefuellt
2026-04-30,W1311,52.29324,10.17391,0.0,,11.1,12.9,0.076,11.8,0.145,4.36,nachgefuellt
2026-04-30,W1312,52.29324,10.20347,0.0,,11.4,13.2,0.04,11.8,0.146,4.36,nachgefuellt
2026-04-30,W1313,52.29324,10.23304,0.0,,11.4,13.2,0.04,11.8,0.146,4.36,nachgefuellt
2026-04-30,W1314,52.29324,10.2626,0.0,,11.1,12.6,0.08,11.6,0.146,4.22,nachgefuellt
2026-04-30,W1315,52.29324,10.29217,0.0,,11.1,12.6,0.08,11.6,0.146,4.22,nachgefuellt
2026-04-30,W1316,52.29324,10.32173,0.0,,11.1,12.6,0.08,11.6,0.146,4.22,nachgefuellt
2026-04-30,W1317,52.29324,10.3513,0.0,,11.1,12.6,0.08,11.6,0.146,4.22,nachgefuellt
2026-04-30,W1318,52.29324,10.38086,0.0,,11.3,13.0,0.068,11.7,0.137,4.2,nachgefuellt
2026-04-30,W1319,52.29324,10.41042,0.0,,11.7,13.4,0.055,11.8,0.148,4.34,nachgefuellt
2026-04-30,W1320,52.29324,10.43999,0.0,,11.7,13.4,0.055,11.8,0.148,4.34,nachgefuellt
2026-04-30,W1321,52.29324,10.46955,0.0,,11.7,13.4,0.055,11.8,0.148,4.34,nachgefuellt
2026-04-30,W1322,52.29324,10.49912,0.0,,11.7,13.4,0.055,11.8,0.148,4.34,nachgefuellt
2026-04-30,W1323,52.29324,10.52868,0.0,,11.4,13.5,0.04,11.9,0.143,4.18,nachgefuellt
2026-04-30,W1324,52.29324,10.55825,0.0,,11.4,13.5,0.04,11.9,0.143,4.18,nachgefuellt
2026-04-30,W1325,52.29324,10.58781,0.0,,10.7,12.3,0.097,10.9,0.148,4.12,nachgefuellt
2026-04-30,W1326,52.29324,10.61737,0.0,,10.7,12.3,0.097,10.9,0.148,4.12,nachgefuellt
2026-04-30,W1327,52.29324,10.64694,0.0,,10.7,12.3,0.097,10.9,0.148,4.13,nachgefuellt
2026-04-30,W1328,52.29324,10.6765,0.0,,10.7,12.3,0.097,10.9,0.148,4.13,nachgefuellt
2026-04-30,W1329,52.29324,10.70607,0.0,,10.7,11.8,0.105,10.6,0.147,4.02,nachgefuellt
2026-04-30,W1330,52.29324,10.73563,0.0,,10.7,11.8,0.105,10.6,0.147,4.02,nachgefuellt
2026-04-30,W1331,52.29324,10.76519,0.0,,9.7,9.6,0.148,8.9,0.219,3.81,nachgefuellt
2026-04-30,W1332,52.29324,10.79476,0.0,,9.7,9.6,0.148,8.9,0.219,3.81,nachgefuellt
2026-04-30,W1333,52.29324,10.82432,0.0,,9.7,9.6,0.148,8.9,0.219,3.81,nachgefuellt
2026-04-30,W1334,52.29324,10.85389,0.0,,9.7,9.6,0.148,8.9,0.219,3.81,nachgefuellt
2026-04-30,W1335,52.29324,10.88345,0.0,,10.4,11.6,0.109,10.2,0.151,3.99,nachgefuellt
2026-04-30,W1336,52.29324,10.91302,0.0,,10.2,10.4,0.127,9.6,0.178,3.93,nachgefuellt
2026-04-30,W1337,52.29324,10.94258,0.0,,10.2,10.4,0.127,9.6,0.178,3.93,nachgefuellt
2026-04-30,W1338,52.29324,10.97214,0.0,,10.2,10.4,0.127,9.6,0.178,3.93,nachgefuellt
2026-04-30,W1339,52.29324,11.00171,0.0,,10.2,10.4,0.127,9.6,0.178,3.94,nachgefuellt
2026-04-30,W1340,52.29324,11.03127,0.0,,10.6,11.8,0.105,10.4,0.15,4.03,nachgefuellt
2026-04-30,W1341,52.29324,11.06084,0.0,,10.6,11.8,0.105,10.4,0.15,4.02,nachgefuellt
2026-04-30,W1342,52.29324,11.0904,0.0,,10.2,10.7,0.116,9.6,0.16,3.93,nachgefuellt
2026-04-30,W1343,52.29324,11.11997,0.0,,10.2,10.7,0.116,9.6,0.16,3.92,nachgefuellt
2026-04-30,W1356,52.31126,10.94258,0.0,,10.2,10.4,0.127,9.6,0.178,3.94,nachgefuellt
2026-04-30,W1357,52.31126,11.14953,0.0,,10.5,11.5,0.096,10.2,0.146,3.96,nachgefuellt
2026-04-30,W1358,52.32928,10.11478,0.0,,11.4,13.2,0.04,11.8,0.146,4.36,nachgefuellt
2026-04-30,W1359,52.32928,10.14435,0.0,,11.4,13.2,0.04,11.8,0.146,4.36,nachgefuellt
2026-04-30,W1360,52.32928,10.17391,0.0,,11.4,13.2,0.04,11.8,0.146,4.36,nachgefuellt
2026-04-30,W1361,52.32928,10.23304,0.0,,11.4,13.2,0.04,11.8,0.146,4.36,nachgefuellt
2026-04-30,W1362,52.32928,10.2626,0.0,,11.3,13.0,0.068,11.7,0.137,4.2,nachgefuellt
2026-04-30,W1363,52.32928,10.3513,0.0,,11.3,13.0,0.068,11.7,0.137,4.2,nachgefuellt
2026-04-30,W1364,52.32928,10.38086,0.0,,11.3,13.0,0.068,11.7,0.137,4.2,nachgefuellt
2026-04-30,W1365,52.32928,10.41042,0.0,,11.3,13.0,0.068,11.7,0.137,4.2,nachgefuellt
2026-04-30,W1366,52.32928,10.43999,0.0,,11.4,13.5,0.04,11.9,0.143,4.18,nachgefuellt
2026-04-30,W1367,52.32928,10.46955,0.0,,11.4,13.5,0.04,11.9,0.143,4.18,nachgefuellt
2026-04-30,W1344,52.29324,11.14953,0.0,,10.2,10.7,0.116,9.6,0.16,3.92,nachgefuellt
2026-04-30,W1345,52.31126,10.11478,0.0,,11.1,12.9,0.076,11.8,0.145,4.36,nachgefuellt
2026-04-30,W1346,52.31126,10.14435,0.0,,11.4,13.2,0.04,11.8,0.146,4.36,nachgefuellt
2026-04-30,W1347,52.31126,10.20347,0.0,,11.4,13.2,0.04,11.8,0.146,4.36,nachgefuellt
2026-04-30,W1348,52.31126,10.23304,0.0,,11.4,13.2,0.04,11.8,0.146,4.36,nachgefuellt
2026-04-30,W1349,52.31126,10.38086,0.0,,11.3,13.0,0.068,11.7,0.137,4.2,nachgefuellt
2026-04-30,W1350,52.31126,10.43999,0.0,,11.7,13.4,0.055,11.8,0.148,4.34,nachgefuellt
2026-04-30,W1351,52.31126,10.46955,0.0,,11.4,13.5,0.04,11.9,0.143,4.18,nachgefuellt
2026-04-30,W1352,52.31126,10.49912,0.0,,11.4,13.5,0.04,11.9,0.143,4.18,nachgefuellt
2026-04-30,W1353,52.31126,10.58781,0.0,,10.7,12.3,0.097,10.9,0.148,4.12,nachgefuellt
2026-04-30,W1354,52.31126,10.73563,0.0,,10.7,11.8,0.105,10.6,0.147,4.02,nachgefuellt
2026-04-30,W1355,52.31126,10.76519,0.0,,9.7,9.6,0.148,8.9,0.219,3.82,nachgefuellt
2026-04-30,W1368,52.32928,10.49912,0.0,,11.4,13.5,0.04,11.9,0.143,4.18,nachgefuellt
2026-04-30,W1369,52.32928,10.52868,0.0,,11.4,13.5,0.04,11.9,0.143,4.18,nachgefuellt
2026-04-30,W1370,52.32928,10.76519,0.0,,10.4,11.6,0.109,10.2,0.151,3.98,nachgefuellt
2026-04-30,W1371,52.32928,10.79476,0.0,,10.4,11.6,0.109,10.2,0.151,3.99,nachgefuellt
2026-04-30,W1372,52.32928,10.88345,0.0,,10.4,11.6,0.109,10.2,0.151,3.99,nachgefuellt
2026-04-30,W1373,52.32928,11.00171,0.0,,10.6,11.8,0.105,10.4,0.15,4.03,nachgefuellt
2026-04-30,W1374,52.32928,11.06084,0.0,,10.6,11.8,0.105,10.4,0.15,4.02,nachgefuellt
2026-04-30,W1375,52.32928,11.0904,0.0,,10.5,11.5,0.096,10.2,0.146,3.96,nachgefuellt
2026-04-30,W1376,52.32928,11.11997,0.0,,10.5,11.5,0.096,10.2,0.146,3.96,nachgefuellt
2026-04-30,W1377,52.32928,11.14953,0.0,,10.5,11.5,0.096,10.2,0.146,3.96,nachgefuellt
2026-04-30,W1378,52.3473,10.14435,0.0,,11.4,13.2,0.04,11.8,0.146,4.36,nachgefuellt
2026-04-30,W1379,52.3473,10.17391,0.0,,11.4,13.2,0.04,11.8,0.146,4.36,nachgefuellt
