datum,ort,lat,lon,regen_icon,regen_era5,temperatur,bt07,bf07,bt728,bf728,et0,quelle
2026-09-01,W0013,52.068,10.1295,0.3,,17.0,17.4,0.168,17.5,0.157,2.3,icon_d2
2026-09-01,W0014,52.068,10.1591,0.4,,16.9,17.4,0.168,17.5,0.157,2.26,icon_d2
2026-09-01,W0015,52.068,10.1886,0.4,,17.0,17.7,0.17,17.8,0.15,2.27,icon_d2
2026-09-01,W0016,52.068,10.2182,0.7,,16.5,17.7,0.17,17.8,0.15,2.32,icon_d2
2026-09-01,W0005,52.05,10.2477,0.5,,17.0,17.7,0.17,17.8,0.15,2.34,icon_d2
2026-09-01,W1046,52.05901,10.2626,0.8,,17.2,17.7,0.17,17.8,0.15,2.41,icon_d2
2026-09-01,W1047,52.05901,10.29217,0.9,,17.0,17.7,0.17,17.8,0.15,2.35,icon_d2
2026-09-01,W0017,52.068,10.3363,0.9,,16.7,17.7,0.17,17.8,0.15,2.29,icon_d2
2026-09-01,W0018,52.068,10.3658,0.6,,16.8,17.5,0.154,17.5,0.161,2.43,icon_d2
2026-09-01,W0019,52.068,10.3954,0.5,,17.2,18.2,0.154,18.2,0.161,2.48,icon_d2
2026-09-01,W0020,52.068,10.4249,0.6,,17.3,18.2,0.154,18.2,0.161,2.54,icon_d2
2026-09-01,W1048,52.05901,10.43999,0.6,,17.4,18.2,0.154,18.2,0.161,2.55,icon_d2
2026-09-01,W1049,52.05901,10.46955,0.6,,17.3,18.2,0.154,18.2,0.161,2.54,icon_d2
2026-09-01,W0021,52.068,10.5135,0.4,,17.0,18.5,0.159,18.5,0.167,2.53,icon_d2
2026-09-01,W0022,52.068,10.5431,0.4,,17.3,18.5,0.159,18.5,0.167,2.56,icon_d2
2026-09-01,W1050,52.05901,10.55825,0.5,,17.8,18.5,0.159,18.5,0.167,2.66,icon_d2
2026-09-01,W1051,52.05901,10.58781,0.3,,17.6,18.5,0.159,18.5,0.167,2.69,icon_d2
2026-09-01,W0010,52.05,10.6317,0.3,,17.7,18.5,0.159,18.5,0.167,2.78,icon_d2
2026-09-01,W1053,52.05901,10.64694,0.3,,17.7,18.5,0.159,18.5,0.167,2.74,icon_d2
2026-09-01,W1054,52.05901,10.6765,0.3,,17.8,18.2,0.197,18.2,0.187,2.75,icon_d2
2026-09-01,W1055,52.05901,10.70607,1.4,,17.7,18.2,0.197,18.2,0.187,2.72,icon_d2
2026-09-01,W1056,52.05901,10.73563,1.5,,17.5,18.2,0.197,18.2,0.187,2.74,icon_d2
2026-09-01,W1057,52.05901,10.76519,2.0,,17.7,18.2,0.197,18.2,0.187,2.69,icon_d2
2026-09-01,W0011,52.05,10.8089,0.0,,18.2,18.2,0.197,18.2,0.187,2.97,icon_d2
2026-09-01,W1059,52.05901,10.82432,0.5,,18.0,18.2,0.197,18.2,0.187,2.82,icon_d2
2026-09-01,W1060,52.05901,10.85389,0.7,,18.0,18.1,0.211,18.0,0.193,2.84,icon_d2
2026-09-01,W1061,52.05901,10.88345,0.3,,18.1,18.1,0.211,18.0,0.193,2.86,icon_d2
2026-09-01,W1062,52.05901,10.91302,0.1,,18.2,18.1,0.211,18.0,0.193,2.92,icon_d2
2026-09-01,W1063,52.05901,10.94258,0.1,,18.2,18.1,0.211,18.0,0.193,2.93,icon_d2
2026-09-01,W1064,52.05901,10.97214,0.1,,18.2,18.1,0.211,18.0,0.193,3.07,icon_d2
2026-09-01,W1065,52.05901,11.00171,0.1,,18.2,18.1,0.211,18.0,0.193,3.06,icon_d2
2026-09-01,W1066,52.05901,11.03127,0.1,,18.1,18.4,0.188,18.3,0.184,3.04,icon_d2
2026-09-01,W1067,52.05901,11.06084,0.1,,18.0,18.4,0.188,18.3,0.184,3.0,icon_d2
2026-09-01,W1068,52.05901,11.0904,0.0,,17.9,18.4,0.188,18.3,0.184,2.99,icon_d2
2026-09-01,W1069,52.05901,11.11997,0.0,,17.9,18.4,0.188,18.3,0.184,3.02,icon_d2
2026-09-01,W1070,52.05901,11.14953,0.0,,17.9,18.4,0.188,18.3,0.184,3.01,icon_d2
2026-09-01,W0024,52.086,10.1295,0.2,,16.7,18.0,0.166,18.1,0.155,2.31,icon_d2
2026-09-01,W1071,52.07703,10.14435,0.2,,17.3,17.4,0.168,17.5,0.157,2.38,icon_d2
2026-09-01,W0025,52.086,10.1886,0.4,,17.1,17.7,0.17,17.8,0.15,2.32,icon_d2
2026-09-01,W0026,52.086,10.2182,0.6,,17.2,17.7,0.17,17.8,0.15,2.35,icon_d2
2026-09-01,W1072,52.07703,10.23304,0.5,,17.0,17.7,0.17,17.8,0.15,2.35,icon_d2
2026-09-01,W1073,52.07703,10.2626,0.8,,17.0,17.7,0.17,17.8,0.15,2.32,icon_d2
2026-09-01,W1575,52.07703,10.29217,0.9,,17.1,17.7,0.17,17.8,0.15,2.3,icon_d2
2026-09-01,W0027,52.086,10.3363,0.7,,16.5,18.4,0.138,18.5,0.148,2.23,icon_d2
2026-09-01,W0028,52.086,10.3658,0.8,,16.4,17.5,0.154,17.5,0.161,2.2,icon_d2
2026-09-01,W0029,52.086,10.3954,0.5,,17.4,18.2,0.154,18.2,0.161,2.5,icon_d2
2026-09-01,W1074,52.07703,10.41042,0.5,,17.3,18.2,0.154,18.2,0.161,2.49,icon_d2
2026-09-01,W1075,52.07703,10.43999,1.0,,17.4,18.2,0.154,18.2,0.161,2.47,icon_d2
2026-09-01,W1076,52.07703,10.46955,1.0,,17.3,18.2,0.154,18.2,0.161,2.47,icon_d2
2026-09-01,W0030,52.086,10.5135,1.0,,16.7,18.0,0.129,18.0,0.151,2.29,icon_d2
2026-09-01,W0031,52.086,10.5431,0.3,,17.5,18.5,0.159,18.5,0.167,2.5,icon_d2
2026-09-01,W0032,52.086,10.5726,0.6,,17.6,18.5,0.159,18.5,0.167,2.56,icon_d2
2026-09-01,W1077,52.07703,10.58781,0.6,,17.4,18.5,0.159,18.5,0.167,2.55,icon_d2
2026-09-01,W1576,52.07703,10.61737,0.9,,17.6,18.5,0.159,18.5,0.167,2.61,icon_d2
2026-09-01,W1078,52.07703,10.64694,0.4,,17.7,18.5,0.159,18.5,0.167,2.66,icon_d2
2026-09-01,W1079,52.07703,10.6765,1.8,,17.6,18.2,0.197,18.2,0.187,2.65,icon_d2
2026-09-01,W1080,52.07703,10.70607,2.5,,17.5,18.2,0.197,18.2,0.187,2.7,icon_d2
2026-09-01,W1081,52.07703,10.73563,2.0,,17.6,18.2,0.197,18.2,0.187,2.69,icon_d2
2026-09-01,W1082,52.07703,10.76519,3.3,,17.6,18.2,0.197,18.2,0.187,2.64,icon_d2
2026-09-01,W1577,52.07703,10.79476,2.8,,17.6,18.2,0.197,18.2,0.187,2.67,icon_d2
2026-09-01,W1083,52.07703,10.82432,2.8,,17.7,18.1,0.167,18.1,0.177,2.67,icon_d2
2026-09-01,W1084,52.07703,10.85389,2.1,,17.8,18.1,0.211,18.0,0.193,2.77,icon_d2
2026-09-01,W1085,52.07703,10.88345,2.3,,17.5,18.1,0.211,18.0,0.193,2.73,icon_d2
2026-09-01,W1086,52.07703,10.91302,1.6,,17.9,18.1,0.211,18.0,0.193,2.7,icon_d2
2026-09-01,W1087,52.07703,10.94258,1.6,,17.8,18.1,0.211,18.0,0.193,2.7,icon_d2
2026-09-01,W1088,52.07703,10.97214,0.8,,18.1,18.1,0.211,18.0,0.193,2.81,icon_d2
2026-09-01,W1089,52.07703,11.00171,0.3,,18.1,18.6,0.141,18.7,0.161,2.94,icon_d2
2026-09-01,W1090,52.07703,11.03127,0.2,,17.9,18.4,0.188,18.3,0.184,2.98,icon_d2
2026-09-01,W1091,52.07703,11.06084,0.1,,17.8,18.4,0.188,18.3,0.184,2.98,icon_d2
2026-09-01,W1092,52.07703,11.0904,0.0,,17.8,18.4,0.188,18.3,0.184,2.91,icon_d2
2026-09-01,W0033,52.086,11.1338,0.0,,17.6,18.5,0.182,18.4,0.18,2.78,icon_d2
2026-09-01,W1093,52.07703,11.14953,0.0,,17.6,18.5,0.182,18.4,0.18,2.79,icon_d2
2026-09-01,W1094,52.09505,10.11478,0.2,,17.2,18.0,0.166,18.1,0.155,2.34,icon_d2
2026-09-01,W1095,52.09505,10.14435,0.2,,17.3,18.0,0.166,18.1,0.155,2.35,icon_d2
2026-09-01,W1096,52.09505,10.17391,0.5,,17.0,18.0,0.166,18.1,0.155,2.23,icon_d2
2026-09-01,W1097,52.09505,10.20347,1.9,,17.1,17.7,0.17,17.8,0.15,2.18,icon_d2
2026-09-01,W1098,52.09505,10.23304,3.4,,16.8,17.7,0.17,17.8,0.15,2.1,icon_d2
2026-09-01,W1099,52.09505,10.2626,3.3,,16.6,18.4,0.138,18.5,0.148,2.12,icon_d2
2026-09-01,W1100,52.09505,10.29217,4.8,,16.8,18.4,0.138,18.5,0.148,2.15,icon_d2
2026-09-01,W1101,52.09505,10.32173,3.5,,16.6,18.4,0.138,18.5,0.148,2.16,icon_d2
2026-09-01,W1578,52.09505,10.3513,2.5,,16.6,18.2,0.154,18.2,0.161,2.21,icon_d2
2026-09-01,W1102,52.09505,10.38086,3.2,,17.2,18.2,0.154,18.2,0.161,2.39,icon_d2
2026-09-01,W1103,52.09505,10.41042,2.3,,17.3,18.2,0.154,18.2,0.161,2.47,icon_d2
2026-09-01,W1104,52.09505,10.43999,2.3,,17.4,18.6,0.129,18.6,0.151,2.47,icon_d2
2026-09-01,W1105,52.09505,10.46955,1.0,,17.4,18.6,0.129,18.6,0.151,2.45,icon_d2
2026-09-01,W1106,52.09505,10.49912,4.4,,16.9,18.6,0.129,18.6,0.151,2.24,icon_d2
2026-09-01,W1107,52.09505,10.52868,3.3,,16.7,18.5,0.159,18.5,0.167,2.25,icon_d2
2026-09-01,W1108,52.09505,10.55825,2.8,,17.6,18.5,0.159,18.5,0.167,2.53,icon_d2
2026-09-01,W1109,52.09505,10.58781,2.8,,17.6,18.2,0.158,18.2,0.182,2.53,icon_d2
2026-09-01,W1110,52.09505,10.61737,3.0,,17.5,18.2,0.158,18.2,0.182,2.57,icon_d2
2026-09-01,W1111,52.09505,10.64694,3.8,,17.5,18.2,0.158,18.2,0.182,2.49,icon_d2
2026-09-01,W1112,52.09505,10.6765,3.6,,17.5,18.2,0.158,18.2,0.182,2.58,icon_d2
2026-09-01,W1113,52.09505,10.70607,3.9,,17.4,18.2,0.197,18.2,0.187,2.59,icon_d2
2026-09-01,W1114,52.09505,10.73563,3.6,,17.3,18.2,0.197,18.2,0.187,2.61,icon_d2
2026-09-01,W1115,52.09505,10.76519,3.6,,17.5,18.1,0.167,18.1,0.177,2.63,icon_d2
2026-09-01,W1579,52.09505,10.79476,3.4,,17.6,18.1,0.167,18.1,0.177,2.59,icon_d2
2026-09-01,W1116,52.09505,10.82432,3.0,,17.5,18.1,0.167,18.1,0.177,2.55,icon_d2
2026-09-01,W1117,52.09505,10.85389,3.1,,17.3,18.1,0.211,18.0,0.193,2.53,icon_d2
2026-09-01,W1580,52.09505,10.88345,3.0,,17.6,18.1,0.211,18.0,0.193,2.64,icon_d2
2026-09-01,W1118,52.09505,10.91302,2.7,,17.8,18.1,0.211,18.0,0.193,2.64,icon_d2
2026-09-01,W1581,52.09505,10.94258,2.7,,17.8,18.6,0.141,18.7,0.161,2.65,icon_d2
2026-09-01,W1119,52.09505,10.97214,1.7,,17.8,18.6,0.141,18.7,0.161,2.73,icon_d2
2026-09-01,W1120,52.09505,11.00171,1.1,,17.6,18.6,0.141,18.7,0.161,2.76,icon_d2
2026-09-01,W1121,52.09505,11.03127,0.2,,17.6,18.4,0.188,18.3,0.184,2.82,icon_d2
2026-09-01,W1122,52.09505,11.06084,0.2,,17.8,18.4,0.188,18.3,0.184,2.83,icon_d2
2026-09-01,W1123,52.09505,11.0904,0.0,,17.6,18.5,0.182,18.4,0.18,2.83,icon_d2
2026-09-01,W1124,52.09505,11.11997,0.0,,17.7,18.5,0.182,18.4,0.18,2.84,icon_d2
2026-09-01,W1125,52.09505,11.14953,0.6,,17.4,18.5,0.182,18.4,0.18,2.62,icon_d2
2026-09-01,W0034,52.1041,10.1295,0.2,,17.2,18.0,0.166,18.1,0.155,2.34,icon_d2
2026-09-01,W0035,52.1041,10.1591,0.2,,17.4,18.0,0.166,18.1,0.155,2.34,icon_d2
2026-09-01,W1126,52.11306,10.17391,0.5,,17.1,18.0,0.166,18.1,0.155,2.24,icon_d2
2026-09-01,W0036,52.1041,10.2182,1.9,,16.9,17.7,0.17,17.8,0.15,2.17,icon_d2
2026-09-01,W0037,52.1041,10.2477,3.4,,16.7,18.4,0.138,18.5,0.148,2.09,icon_d2
2026-09-01,W0038,52.1041,10.2772,3.3,,16.2,17.7,0.138,17.8,0.148,2.09,icon_d2
2026-09-01,W0039,52.1041,10.3068,4.8,,16.6,18.4,0.138,18.5,0.148,2.13,icon_d2
2026-09-01,W0040,52.1041,10.3363,4.2,,16.3,18.4,0.138,18.5,0.148,2.15,icon_d2
2026-09-01,W0041,52.1041,10.3658,2.5,,17.0,18.2,0.154,18.2,0.161,2.24,icon_d2
2026-09-01,W1127,52.11306,10.38086,6.0,,17.4,18.6,0.129,18.6,0.151,2.37,icon_d2
2026-09-01,W1128,52.11306,10.41042,6.5,,17.4,18.6,0.129,18.6,0.151,2.4,icon_d2
2026-09-01,W1129,52.11306,10.43999,5.5,,17.3,18.6,0.129,18.6,0.151,2.41,icon_d2
2026-09-01,W0042,52.1041,10.484,1.4,,17.2,18.6,0.129,18.6,0.151,2.3,icon_d2
2026-09-01,W0043,52.1041,10.5135,3.3,,16.6,17.9,0.129,17.9,0.151,2.25,icon_d2
2026-09-01,W0044,52.1041,10.5431,3.3,,17.1,18.5,0.159,18.5,0.167,2.28,icon_d2
2026-09-01,W1130,52.11306,10.55825,3.9,,17.6,18.2,0.158,18.2,0.182,2.5,icon_d2
2026-09-01,W1131,52.11306,10.58781,6.2,,17.4,18.2,0.158,18.2,0.182,2.44,icon_d2
2026-09-01,W1132,52.11306,10.61737,5.8,,17.6,18.2,0.158,18.2,0.182,2.5,icon_d2
2026-09-01,W1582,52.11306,10.64694,4.9,,17.2,18.2,0.158,18.2,0.182,2.41,icon_d2
2026-09-01,W1133,52.11306,10.6765,4.4,,17.2,18.2,0.158,18.2,0.182,2.39,icon_d2
2026-09-01,W1134,52.11306,10.70607,3.9,,17.1,18.1,0.167,18.1,0.177,2.44,icon_d2
2026-09-01,W1135,52.11306,10.73563,3.1,,17.2,18.1,0.167,18.1,0.177,2.54,icon_d2
2026-09-01,W1136,52.11306,10.76519,2.6,,17.5,18.1,0.167,18.1,0.177,2.53,icon_d2
2026-09-01,W1137,52.11306,10.79476,2.9,,17.5,18.1,0.167,18.1,0.177,2.53,icon_d2
2026-09-01,W1138,52.11306,10.82432,2.7,,17.3,18.1,0.167,18.1,0.177,2.4,icon_d2
2026-09-01,W1139,52.11306,10.85389,3.1,,17.4,18.1,0.167,18.1,0.177,2.53,icon_d2
2026-09-01,W1140,52.11306,10.88345,3.1,,17.5,18.6,0.141,18.7,0.161,2.54,icon_d2
2026-09-01,W1141,52.11306,10.91302,1.8,,17.4,18.6,0.141,18.7,0.161,2.5,icon_d2
2026-09-01,W1142,52.11306,10.94258,2.0,,17.4,18.6,0.141,18.7,0.161,2.5,icon_d2
2026-09-01,W1143,52.11306,10.97214,3.3,,17.8,18.6,0.141,18.7,0.161,2.77,icon_d2
2026-09-01,W1144,52.11306,11.00171,2.3,,17.8,18.6,0.141,18.7,0.161,2.78,icon_d2
2026-09-01,W1145,52.11306,11.03127,3.2,,17.8,18.5,0.182,18.4,0.18,2.77,icon_d2
2026-09-01,W1146,52.11306,11.06084,1.6,,17.6,18.5,0.182,18.4,0.18,2.72,icon_d2
2026-09-01,W1147,52.11306,11.0904,1.0,,17.4,18.5,0.182,18.4,0.18,2.67,icon_d2
2026-09-01,W1148,52.11306,11.11997,1.3,,17.4,18.5,0.182,18.4,0.18,2.63,icon_d2
2026-09-01,W1149,52.11306,11.14953,1.3,,17.2,18.5,0.182,18.4,0.18,2.61,icon_d2
2026-09-01,W0046,52.1221,10.1295,0.6,,16.6,18.0,0.166,18.1,0.155,2.17,icon_d2
2026-09-01,W0047,52.1221,10.1591,0.6,,16.7,18.0,0.166,18.1,0.155,2.16,icon_d2
2026-09-01,W0048,52.1221,10.1886,0.5,,17.1,18.0,0.166,18.1,0.155,2.24,icon_d2
2026-09-01,W0049,52.1221,10.2182,1.3,,17.1,18.4,0.138,18.5,0.148,2.22,icon_d2
2026-09-01,W0050,52.1221,10.2477,2.8,,16.9,18.4,0.138,18.5,0.148,2.12,icon_d2
2026-09-01,W0051,52.1221,10.2772,4.9,,16.5,18.4,0.138,18.5,0.148,2.14,icon_d2
2026-09-01,W0052,52.1221,10.3068,4.9,,16.6,18.4,0.138,18.5,0.148,2.15,icon_d2
2026-09-01,W0053,52.1221,10.3363,5.8,,17.0,18.4,0.138,18.5,0.148,2.26,icon_d2
2026-09-01,W1150,52.13108,10.3513,4.2,,17.4,18.4,0.138,18.5,0.148,2.3,icon_d2
2026-09-01,W0054,52.1221,10.3954,6.0,,17.5,18.6,0.129,18.6,0.151,2.37,icon_d2
2026-09-01,W1151,52.13108,10.41042,5.1,,17.6,18.6,0.129,18.6,0.151,2.42,icon_d2
2026-09-01,W1152,52.13108,10.43999,4.9,,17.4,18.6,0.129,18.6,0.151,2.41,icon_d2
2026-09-01,W0055,52.1221,10.484,5.9,,17.1,18.6,0.129,18.6,0.151,2.31,icon_d2
2026-09-01,W0056,52.1221,10.5135,4.9,,16.6,18.6,0.129,18.6,0.151,2.16,icon_d2
2026-09-01,W0057,52.1221,10.5431,3.9,,17.5,18.2,0.158,18.2,0.182,2.49,icon_d2
2026-09-01,W0058,52.1221,10.5726,6.2,,17.6,18.2,0.158,18.2,0.182,2.45,icon_d2
2026-09-01,W1153,52.13108,10.58781,6.2,,17.4,18.2,0.158,18.2,0.182,2.47,icon_d2
2026-09-01,W1583,52.13108,10.61737,5.4,,17.5,18.2,0.158,18.2,0.182,2.45,icon_d2
2026-09-01,W0059,52.1221,10.6612,4.9,,17.1,18.2,0.158,18.2,0.182,2.4,icon_d2
2026-09-01,W0060,52.1221,10.6908,3.9,,16.8,18.1,0.167,18.1,0.177,2.43,icon_d2
2026-09-01,W1154,52.13108,10.70607,4.1,,17.2,18.1,0.167,18.1,0.177,2.43,icon_d2
2026-09-01,W1155,52.13108,10.73563,3.0,,17.4,18.1,0.167,18.1,0.177,2.51,icon_d2
2026-09-01,W1584,52.13108,10.76519,2.5,,17.6,18.1,0.167,18.1,0.177,2.5,icon_d2
2026-09-01,W1156,52.13108,10.79476,1.9,,17.4,18.1,0.167,18.1,0.177,2.37,icon_d2
2026-09-01,W1157,52.13108,10.82432,1.9,,17.1,18.1,0.167,18.1,0.177,2.35,icon_d2
2026-09-01,W1158,52.13108,10.85389,1.6,,17.1,18.1,0.167,18.1,0.177,2.34,icon_d2
2026-09-01,W1159,52.13108,10.88345,1.5,,17.2,18.6,0.141,18.7,0.161,2.39,icon_d2
2026-09-01,W1160,52.13108,10.91302,1.8,,17.0,18.6,0.141,18.7,0.161,2.47,icon_d2
2026-09-01,W1161,52.13108,10.94258,2.0,,17.0,18.6,0.141,18.7,0.161,2.47,icon_d2
2026-09-01,W0061,52.1221,10.9861,3.3,,17.8,18.6,0.141,18.7,0.161,2.77,icon_d2
2026-09-01,W0062,52.1221,11.0157,2.3,,17.8,18.6,0.141,18.7,0.161,2.77,icon_d2
2026-09-01,W0063,52.1221,11.0452,3.2,,17.6,18.5,0.182,18.4,0.18,2.75,icon_d2
2026-09-01,W1162,52.13108,11.06084,5.0,,17.8,18.5,0.182,18.4,0.18,2.67,icon_d2
2026-09-01,W1163,52.13108,11.0904,5.4,,17.5,18.5,0.182,18.4,0.18,2.61,icon_d2
2026-09-01,W1164,52.13108,11.11997,5.4,,17.3,18.5,0.182,18.4,0.18,2.6,icon_d2
2026-09-01,W1165,52.13108,11.14953,4.5,,17.2,18.5,0.182,18.4,0.18,2.54,icon_d2
2026-09-01,W0065,52.1401,10.1295,2.2,,16.9,18.0,0.166,18.1,0.155,2.17,icon_d2
2026-09-01,W0066,52.1401,10.1591,1.6,,16.4,18.0,0.166,18.1,0.155,2.08,icon_d2
2026-09-01,W0067,52.1401,10.1886,1.6,,16.8,18.0,0.166,18.1,0.155,2.19,icon_d2
2026-09-01,W0068,52.1401,10.2182,1.7,,17.1,18.4,0.138,18.5,0.148,2.26,icon_d2
2026-09-01,W1166,52.1491,10.23304,1.7,,17.1,18.4,0.138,18.5,0.148,2.27,icon_d2
2026-09-01,W1167,52.1491,10.2626,3.4,,17.2,18.4,0.138,18.5,0.148,2.21,icon_d2
2026-09-01,W1168,52.1491,10.29217,3.4,,17.2,18.4,0.138,18.5,0.148,2.21,icon_d2
2026-09-01,W1169,52.1491,10.32173,3.0,,17.4,18.4,0.138,18.5,0.148,2.31,icon_d2
2026-09-01,W0069,52.1401,10.3658,4.2,,17.3,18.6,0.129,18.6,0.151,2.29,icon_d2
2026-09-01,W0084,52.1581,10.3954,1.9,,17.6,18.6,0.129,18.6,0.151,2.37,icon_d2
2026-09-01,W0085,52.1581,10.4249,1.9,,17.6,18.6,0.129,18.6,0.151,2.37,icon_d2
2026-09-01,W1170,52.1491,10.43999,4.9,,17.4,18.6,0.129,18.6,0.151,2.41,icon_d2
2026-09-01,W0070,52.1401,10.484,6.2,,17.3,18.6,0.129,18.6,0.151,2.37,icon_d2
2026-09-01,W0071,52.1401,10.5135,6.6,,17.2,18.6,0.129,18.6,0.151,2.35,icon_d2
2026-09-01,W0072,52.1401,10.5431,6.5,,17.5,18.2,0.158,18.2,0.182,2.39,icon_d2
2026-09-01,W0073,52.1401,10.5726,6.2,,17.6,18.2,0.158,18.2,0.182,2.48,icon_d2
2026-09-01,W1171,52.1491,10.58781,6.2,,17.6,18.2,0.158,18.2,0.182,2.49,icon_d2
2026-09-01,W0074,52.1401,10.6317,5.0,,16.7,17.5,0.158,17.5,0.182,2.36,icon_d2
2026-09-01,W0075,52.1401,10.6612,4.3,,16.7,17.5,0.158,17.4,0.182,2.42,icon_d2
2026-09-01,W0076,52.1401,10.6908,4.1,,17.6,18.1,0.167,18.1,0.177,2.46,icon_d2
2026-09-01,W0077,52.1401,10.7203,3.0,,17.6,18.1,0.167,18.1,0.177,2.52,icon_d2
2026-09-01,W1172,52.1491,10.73563,3.0,,17.6,18.1,0.167,18.1,0.177,2.52,icon_d2
2026-09-01,W1173,52.1491,10.76519,2.5,,17.6,18.1,0.167,18.1,0.177,2.5,icon_d2
2026-09-01,W1174,52.1491,10.79476,1.9,,17.3,18.1,0.167,18.1,0.177,2.37,icon_d2
2026-09-01,W0090,52.1581,10.8384,1.5,,16.4,18.3,0.129,18.5,0.152,2.24,icon_d2
2026-09-01,W0078,52.1401,10.868,1.6,,17.0,18.6,0.141,18.7,0.161,2.34,icon_d2
2026-09-01,W0079,52.1401,10.8975,1.5,,16.7,18.6,0.141,18.7,0.161,2.35,icon_d2
2026-09-01,W0080,52.1401,10.9271,1.2,,16.4,17.8,0.141,18.0,0.161,2.38,icon_d2
2026-09-01,W0081,52.1401,10.9566,1.7,,17.0,18.6,0.141,18.7,0.161,2.5,icon_d2
2026-09-01,W0095,52.1581,10.9861,1.5,,17.6,18.8,0.12,18.8,0.146,2.77,icon_d2
2026-09-01,W0096,52.1581,11.0157,0.7,,17.5,18.8,0.12,18.8,0.146,2.71,icon_d2
2026-09-01,W0082,52.1401,11.0452,4.3,,17.8,18.5,0.182,18.4,0.18,2.74,icon_d2
2026-09-01,W1175,52.1491,11.06084,5.0,,17.8,18.5,0.182,18.4,0.18,2.67,icon_d2
2026-09-01,W0098,52.1581,11.1043,0.4,,17.0,18.5,0.182,18.4,0.18,2.57,icon_d2
2026-09-01,W1176,52.1491,11.11997,5.4,,17.2,18.5,0.182,18.4,0.18,2.59,icon_d2
2026-09-01,W1177,52.1491,11.14953,4.5,,17.2,18.5,0.182,18.4,0.18,2.54,icon_d2
2026-09-01,W1585,52.16712,10.11478,5.2,,17.1,18.4,0.156,18.4,0.159,2.28,icon_d2
2026-09-01,W1178,52.16712,10.14435,4.4,,17.2,18.4,0.156,18.4,0.159,2.29,icon_d2
2026-09-01,W1179,52.16712,10.17391,3.6,,17.1,18.4,0.156,18.4,0.159,2.24,icon_d2
2026-09-01,W0099,52.1761,10.2182,4.3,,16.8,18.4,0.138,18.5,0.148,2.2,icon_d2
2026-09-01,W1180,52.16712,10.23304,3.0,,17.1,18.4,0.138,18.5,0.148,2.25,icon_d2
2026-09-01,W1181,52.16712,10.2626,3.1,,17.2,18.4,0.138,18.5,0.148,2.23,icon_d2
2026-09-01,W1182,52.16712,10.29217,2.7,,17.5,18.5,0.158,18.5,0.15,2.3,icon_d2
2026-09-01,W1183,52.16712,10.32173,2.7,,17.5,18.5,0.158,18.5,0.15,2.3,icon_d2
2026-09-01,W0100,52.1761,10.3658,2.6,,17.4,18.5,0.158,18.5,0.15,2.35,icon_d2
2026-09-01,W1184,52.16712,10.38086,1.8,,17.2,18.6,0.129,18.6,0.151,2.34,icon_d2
2026-09-01,W0101,52.1761,10.4249,1.4,,17.6,18.6,0.133,18.7,0.15,2.37,icon_d2
2026-09-01,W0102,52.1761,10.4545,1.4,,17.3,18.6,0.133,18.7,0.15,2.43,icon_d2
2026-09-01,W0103,52.1761,10.484,1.4,,17.5,18.6,0.133,18.7,0.15,2.44,icon_d2
2026-09-01,W1185,52.16712,10.49912,3.2,,17.5,18.6,0.133,18.7,0.15,2.43,icon_d2
2026-09-01,W0104,52.1761,10.5431,1.5,,17.7,18.2,0.158,18.2,0.182,2.49,icon_d2
2026-09-01,W1186,52.16712,10.55825,4.0,,17.5,18.2,0.158,18.2,0.182,2.42,icon_d2
2026-09-01,W1187,52.16712,10.58781,4.0,,17.4,18.2,0.158,18.2,0.182,2.41,icon_d2
2026-09-01,W1188,52.16712,10.61737,4.5,,17.5,18.0,0.158,17.9,0.163,2.5,icon_d2
2026-09-01,W1189,52.16712,10.64694,5.0,,17.5,18.0,0.158,17.9,0.163,2.42,icon_d2
2026-09-01,W1586,52.16712,10.6765,4.3,,17.6,18.0,0.158,17.9,0.163,2.49,icon_d2
2026-09-01,W1190,52.16712,10.70607,2.4,,17.3,18.1,0.167,18.1,0.177,2.42,icon_d2
2026-09-01,W1587,52.16712,10.73563,2.3,,17.1,18.1,0.167,18.1,0.177,2.4,icon_d2
2026-09-01,W0105,52.1761,10.7794,1.2,,16.3,18.3,0.129,18.5,0.152,2.13,icon_d2
2026-09-01,W0106,52.1761,10.8089,1.2,,16.2,18.3,0.129,18.5,0.152,2.12,icon_d2
2026-09-01,W0107,52.1761,10.8384,1.1,,16.4,18.3,0.129,18.5,0.152,2.24,icon_d2
2026-09-01,W0108,52.1761,10.868,0.9,,16.5,18.3,0.129,18.5,0.152,2.42,icon_d2
2026-09-01,W0109,52.1761,10.8975,0.8,,16.7,18.6,0.141,18.7,0.161,2.52,icon_d2
2026-09-01,W0110,52.1761,10.9271,0.8,,17.1,18.8,0.12,18.8,0.146,2.55,icon_d2
2026-09-01,W0111,52.1761,10.9566,0.8,,17.5,18.8,0.12,18.8,0.146,2.7,icon_d2
2026-09-01,W0112,52.1761,10.9861,0.7,,17.8,18.8,0.12,18.8,0.146,2.76,icon_d2
2026-09-01,W0113,52.1761,11.0157,0.4,,17.6,18.8,0.12,18.8,0.146,2.73,icon_d2
2026-09-01,W0114,52.1761,11.0452,0.1,,17.5,18.5,0.182,18.4,0.18,2.67,icon_d2
2026-09-01,W1191,52.16712,11.06084,1.4,,17.7,18.5,0.182,18.4,0.18,2.67,icon_d2
2026-09-01,W0115,52.1761,11.1043,0.0,,16.9,18.7,0.149,18.8,0.144,2.65,icon_d2
2026-09-01,W1192,52.16712,11.11997,2.0,,16.9,18.7,0.149,18.8,0.144,2.54,icon_d2
2026-09-01,W1193,52.16712,11.14953,1.2,,17.1,18.7,0.149,18.8,0.144,2.73,icon_d2
2026-09-01,W0116,52.1941,10.1,3.3,,17.1,18.4,0.156,18.4,0.159,2.25,icon_d2
2026-09-01,W1194,52.18514,10.14435,3.9,,17.1,18.4,0.156,18.4,0.159,2.26,icon_d2
2026-09-01,W1588,52.18514,10.17391,4.2,,17.1,18.4,0.156,18.4,0.159,2.25,icon_d2
2026-09-01,W1195,52.18514,10.20347,3.9,,17.1,18.4,0.156,18.4,0.159,2.25,icon_d2
2026-09-01,W1196,52.18514,10.23304,3.8,,17.1,18.5,0.158,18.5,0.15,2.27,icon_d2
2026-09-01,W1197,52.18514,10.2626,3.7,,17.0,18.5,0.158,18.5,0.15,2.26,icon_d2
2026-09-01,W0117,52.1941,10.3068,2.5,,17.3,18.5,0.158,18.5,0.15,2.31,icon_d2
2026-09-01,W0118,52.1941,10.3363,2.3,,17.3,18.5,0.158,18.5,0.15,2.38,icon_d2
2026-09-01,W1198,52.18514,10.3513,2.6,,17.4,18.5,0.158,18.5,0.15,2.36,icon_d2
2026-09-01,W1199,52.18514,10.38086,1.8,,17.3,18.6,0.133,18.7,0.15,2.35,icon_d2
2026-09-01,W1200,52.18514,10.41042,1.4,,17.6,18.6,0.133,18.7,0.15,2.37,icon_d2
2026-09-01,W1201,52.18514,10.43999,1.5,,17.6,18.6,0.133,18.7,0.15,2.39,icon_d2
2026-09-01,W1202,52.18514,10.46955,1.4,,17.4,18.6,0.133,18.7,0.15,2.43,icon_d2
2026-09-01,W1203,52.18514,10.49912,1.2,,17.6,18.6,0.133,18.7,0.15,2.5,icon_d2
2026-09-01,W0119,52.1941,10.5431,1.1,,17.4,18.6,0.133,18.7,0.15,2.49,icon_d2
2026-09-01,W1204,52.18514,10.55825,1.0,,17.3,18.0,0.158,17.9,0.163,2.43,icon_d2
2026-09-01,W1205,52.18514,10.58781,2.1,,17.6,18.0,0.158,17.9,0.163,2.49,icon_d2
2026-09-01,W0120,52.1941,10.6317,1.0,,17.6,18.0,0.158,17.9,0.163,2.46,icon_d2
2026-09-01,W1206,52.18514,10.64694,1.9,,17.5,18.0,0.158,17.9,0.163,2.47,icon_d2
2026-09-01,W0121,52.1941,10.6908,1.2,,17.2,18.0,0.158,17.9,0.163,2.33,icon_d2
2026-09-01,W0122,52.1941,10.7203,1.1,,16.7,18.3,0.129,18.5,0.152,2.2,icon_d2
2026-09-01,W0123,52.1941,10.7498,1.1,,15.5,17.1,0.129,17.3,0.152,2.05,icon_d2
2026-09-01,W0124,52.1941,10.7794,1.1,,15.9,17.5,0.129,17.7,0.152,2.08,icon_d2
2026-09-01,W0125,52.1941,10.8089,1.1,,15.8,17.4,0.129,17.6,0.152,2.1,icon_d2
2026-09-01,W0126,52.1941,10.8384,0.8,,16.2,18.3,0.129,18.5,0.152,2.14,icon_d2
2026-09-01,W0127,52.1941,10.868,0.5,,17.1,18.3,0.129,18.5,0.152,2.55,icon_d2
2026-09-01,W1589,52.18514,10.88345,1.0,,16.8,18.8,0.12,18.8,0.146,2.42,icon_d2
2026-09-01,W0128,52.1941,10.9271,0.4,,17.4,18.8,0.12,18.8,0.146,2.6,icon_d2
2026-09-01,W0129,52.1941,10.9566,0.5,,17.4,18.8,0.12,18.8,0.146,2.61,icon_d2
2026-09-01,W1590,52.18514,10.97214,0.7,,17.4,18.8,0.12,18.8,0.146,2.72,icon_d2
2026-09-01,W1207,52.18514,11.00171,0.4,,17.5,18.8,0.12,18.8,0.146,2.72,icon_d2
2026-09-01,W0130,52.1941,11.0452,0.2,,17.5,18.7,0.149,18.8,0.144,2.65,icon_d2
2026-09-01,W0131,52.1941,11.0747,0.2,,17.0,18.7,0.149,18.8,0.144,2.61,icon_d2
2026-09-01,W0132,52.1941,11.1043,0.2,,17.2,18.7,0.149,18.8,0.144,2.63,icon_d2
2026-09-01,W1208,52.18514,11.11997,0.1,,17.1,18.7,0.149,18.8,0.144,2.67,icon_d2
2026-09-01,W1209,52.18514,11.14953,0.1,,17.4,18.7,0.149,18.8,0.144,2.79,icon_d2
2026-09-01,W1210,52.20315,10.11478,3.3,,17.1,18.4,0.156,18.4,0.159,2.26,icon_d2
2026-09-01,W1211,52.20315,10.14435,3.8,,17.1,18.4,0.156,18.4,0.159,2.25,icon_d2
2026-09-01,W1212,52.20315,10.17391,2.4,,17.2,18.4,0.156,18.4,0.159,2.3,icon_d2
2026-09-01,W1591,52.20315,10.20347,2.4,,17.3,18.4,0.156,18.4,0.159,2.31,icon_d2
2026-09-01,W1213,52.20315,10.23304,2.5,,17.3,18.5,0.158,18.5,0.15,2.32,icon_d2
2026-09-01,W1214,52.20315,10.2626,2.5,,17.3,18.5,0.158,18.5,0.15,2.32,icon_d2
2026-09-01,W1215,52.20315,10.29217,2.5,,17.3,18.5,0.158,18.5,0.15,2.31,icon_d2
2026-09-01,W1216,52.20315,10.32173,2.1,,17.3,18.5,0.158,18.5,0.15,2.4,icon_d2
2026-09-01,W1217,52.20315,10.3513,1.9,,17.3,18.5,0.158,18.5,0.15,2.41,icon_d2
2026-09-01,W1218,52.20315,10.38086,1.9,,17.5,18.6,0.133,18.7,0.15,2.42,icon_d2
2026-09-01,W1219,52.20315,10.41042,1.7,,17.3,18.6,0.133,18.7,0.15,2.35,icon_d2
2026-09-01,W1220,52.20315,10.43999,1.5,,17.6,18.6,0.133,18.7,0.15,2.4,icon_d2
2026-09-01,W1221,52.20315,10.46955,1.3,,17.4,18.6,0.133,18.7,0.15,2.4,icon_d2
2026-09-01,W1222,52.20315,10.49912,1.2,,17.6,18.6,0.133,18.7,0.15,2.5,icon_d2
2026-09-01,W1223,52.20315,10.52868,1.2,,17.6,18.6,0.133,18.7,0.15,2.53,icon_d2
2026-09-01,W1224,52.20315,10.55825,1.1,,17.5,18.0,0.158,17.9,0.163,2.49,icon_d2
2026-09-01,W1225,52.20315,10.58781,1.0,,17.6,18.0,0.158,17.9,0.163,2.55,icon_d2
2026-09-01,W1226,52.20315,10.61737,1.1,,17.6,18.0,0.158,17.9,0.163,2.55,icon_d2
2026-09-01,W1227,52.20315,10.64694,1.0,,17.5,18.0,0.158,17.9,0.163,2.46,icon_d2
2026-09-01,W1228,52.20315,10.6765,1.1,,17.3,18.0,0.158,17.9,0.163,2.37,icon_d2
2026-09-01,W1229,52.20315,10.70607,1.2,,17.1,18.0,0.158,17.9,0.163,2.32,icon_d2
2026-09-01,W1592,52.20315,10.73563,1.1,,16.0,17.4,0.129,17.7,0.152,2.16,icon_d2
2026-09-01,W1230,52.20315,10.76519,1.1,,15.8,17.4,0.129,17.6,0.152,2.07,icon_d2
2026-09-01,W1593,52.20315,10.79476,1.1,,15.7,17.3,0.129,17.5,0.152,2.1,icon_d2
2026-09-01,W1594,52.20315,10.82432,1.1,,16.0,17.6,0.129,17.8,0.152,2.11,icon_d2
2026-09-01,W1595,52.20315,10.85389,0.5,,17.0,18.3,0.129,18.5,0.152,2.55,icon_d2
2026-09-01,W1231,52.20315,10.88345,0.5,,17.3,18.8,0.12,18.8,0.146,2.57,icon_d2
2026-09-01,W1232,52.20315,10.91302,0.4,,17.5,18.8,0.12,18.8,0.146,2.61,icon_d2
2026-09-01,W1233,52.20315,10.94258,0.4,,17.2,18.8,0.12,18.8,0.146,2.55,icon_d2
2026-09-01,W1234,52.20315,10.97214,0.3,,17.1,18.8,0.12,18.8,0.146,2.59,icon_d2
2026-09-01,W1235,52.20315,11.00171,0.3,,17.6,18.8,0.12,18.8,0.146,2.7,icon_d2
2026-09-01,W1236,52.20315,11.03127,0.2,,17.5,18.8,0.12,18.8,0.146,2.66,icon_d2
2026-09-01,W1237,52.20315,11.06084,0.1,,17.1,18.7,0.149,18.8,0.144,2.63,icon_d2
2026-09-01,W1238,52.20315,11.0904,0.2,,17.1,18.7,0.149,18.8,0.144,2.62,icon_d2
2026-09-01,W1239,52.20315,11.11997,0.1,,17.4,18.7,0.149,18.8,0.144,2.7,icon_d2
2026-09-01,W1240,52.20315,11.14953,0.1,,17.7,18.7,0.149,18.8,0.144,2.74,icon_d2
2026-09-01,W1596,52.22117,10.11478,2.0,,17.2,18.4,0.156,18.4,0.159,2.3,icon_d2
2026-09-01,W1241,52.22117,10.14435,2.0,,17.1,18.4,0.156,18.4,0.159,2.3,icon_d2
2026-09-01,W1597,52.22117,10.17391,2.0,,17.2,18.4,0.156,18.4,0.159,2.32,icon_d2
2026-09-01,W1242,52.22117,10.20347,2.0,,17.3,18.6,0.149,18.7,0.159,2.32,icon_d2
2026-09-01,W1243,52.22117,10.23304,2.0,,17.3,18.5,0.158,18.5,0.15,2.33,icon_d2
2026-09-01,W1244,52.22117,10.2626,1.6,,17.3,18.5,0.158,18.5,0.15,2.36,icon_d2
2026-09-01,W1245,52.22117,10.29217,1.0,,17.3,18.5,0.158,18.5,0.15,2.45,icon_d2
2026-09-01,W0133,52.2122,10.3363,1.3,,17.2,18.5,0.158,18.5,0.15,2.45,icon_d2
2026-09-01,W1246,52.22117,10.3513,1.3,,17.4,19.0,0.128,18.9,0.14,2.42,icon_d2
2026-09-01,W1247,52.22117,10.38086,1.3,,17.4,19.0,0.128,18.9,0.14,2.43,icon_d2
2026-09-01,W1248,52.22117,10.41042,1.4,,17.5,18.6,0.133,18.7,0.15,2.39,icon_d2
2026-09-01,W1249,52.22117,10.43999,1.4,,17.5,18.6,0.133,18.7,0.15,2.41,icon_d2
2026-09-01,W1250,52.22117,10.46955,1.3,,17.5,18.6,0.133,18.7,0.15,2.45,icon_d2
2026-09-01,W1251,52.22117,10.49912,1.5,,17.6,18.6,0.133,18.7,0.15,2.52,icon_d2
2026-09-01,W0134,52.2122,10.5431,1.1,,17.5,19.5,0.095,19.7,0.149,2.55,icon_d2
2026-09-01,W0135,52.2122,10.5726,0.9,,17.5,18.0,0.158,17.9,0.163,2.46,icon_d2
2026-09-01,W0136,52.2122,10.6021,0.9,,17.6,18.0,0.158,17.9,0.163,2.48,icon_d2
2026-09-01,W1252,52.22117,10.61737,1.0,,17.6,18.0,0.158,17.9,0.163,2.44,icon_d2
2026-09-01,W1253,52.22117,10.64694,1.0,,17.5,18.0,0.158,17.9,0.163,2.43,icon_d2
2026-09-01,W1254,52.22117,10.6765,0.8,,17.3,18.4,0.153,18.7,0.149,2.31,icon_d2
2026-09-01,W0137,52.2122,10.7203,0.8,,16.0,17.5,0.129,17.7,0.152,2.09,icon_d2
2026-09-01,W0138,52.2122,10.7498,0.8,,16.2,18.3,0.129,18.5,0.152,2.11,icon_d2
2026-09-01,W0139,52.2122,10.7794,0.8,,15.6,17.2,0.129,17.4,0.152,1.96,icon_d2
2026-09-01,W0140,52.2122,10.8089,0.7,,15.8,17.4,0.129,17.6,0.152,2.05,icon_d2
2026-09-01,W0141,52.2122,10.8384,0.6,,16.5,18.3,0.129,18.5,0.152,2.45,icon_d2
2026-09-01,W1598,52.22117,10.85389,0.6,,17.1,18.5,0.139,18.8,0.15,2.49,icon_d2
2026-09-01,W0142,52.2122,10.8975,0.2,,17.3,18.8,0.12,18.8,0.146,2.61,icon_d2
2026-09-01,W0143,52.2122,10.9271,0.2,,17.4,18.8,0.12,18.8,0.146,2.57,icon_d2
2026-09-01,W0144,52.2122,10.9566,0.1,,17.2,18.8,0.12,18.8,0.146,2.53,icon_d2
2026-09-01,W0145,52.2122,10.9861,0.2,,17.5,18.8,0.12,18.8,0.146,2.56,icon_d2
2026-09-01,W0146,52.2122,11.0157,0.2,,17.9,18.8,0.12,18.8,0.146,2.57,icon_d2
2026-09-01,W0147,52.2122,11.0452,0.2,,17.1,18.7,0.149,18.8,0.144,2.52,icon_d2
2026-09-01,W0148,52.2122,11.0747,0.1,,17.1,18.7,0.149,18.8,0.144,2.6,icon_d2
2026-09-01,W0149,52.2122,11.1043,0.1,,17.5,18.7,0.149,18.8,0.144,2.64,icon_d2
2026-09-01,W0150,52.2122,11.1338,0.1,,17.7,18.7,0.149,18.8,0.144,2.71,icon_d2
2026-09-01,W1255,52.22117,11.14953,0.1,,17.3,18.7,0.149,18.8,0.144,2.68,icon_d2
2026-09-01,W1256,52.23919,10.11478,1.2,,17.1,18.6,0.149,18.7,0.159,2.28,icon_d2
2026-09-01,W1257,52.23919,10.14435,1.5,,17.2,18.6,0.149,18.7,0.159,2.3,icon_d2
2026-09-01,W1258,52.23919,10.17391,1.7,,17.2,18.6,0.149,18.7,0.159,2.33,icon_d2
2026-09-01,W1259,52.23919,10.20347,1.7,,17.2,18.6,0.149,18.7,0.159,2.31,icon_d2
2026-09-01,W1260,52.23919,10.23304,1.7,,17.1,18.5,0.158,18.5,0.15,2.31,icon_d2
2026-09-01,W1261,52.23919,10.2626,1.4,,17.2,18.5,0.158,18.5,0.15,2.33,icon_d2
2026-09-01,W1262,52.23919,10.29217,1.0,,17.3,19.0,0.128,18.9,0.14,2.45,icon_d2
2026-09-01,W1263,52.23919,10.32173,0.9,,17.3,19.0,0.128,18.9,0.14,2.41,icon_d2
2026-09-01,W1264,52.23919,10.3513,0.3,,17.3,19.0,0.128,18.9,0.14,2.43,icon_d2
2026-09-01,W1265,52.23919,10.38086,0.3,,17.4,19.0,0.128,18.9,0.14,2.41,icon_d2
2026-09-01,W1266,52.23919,10.41042,0.6,,17.4,18.6,0.133,18.7,0.15,2.42,icon_d2
2026-09-01,W1267,52.23919,10.43999,0.8,,17.4,18.6,0.133,18.7,0.15,2.44,icon_d2
2026-09-01,W1268,52.23919,10.46955,0.8,,17.5,19.5,0.095,19.7,0.149,2.44,icon_d2
2026-09-01,W1269,52.23919,10.49912,1.1,,17.7,19.5,0.095,19.7,0.149,2.53,icon_d2
2026-09-01,W0151,52.2302,10.5431,1.1,,17.6,19.5,0.095,19.7,0.149,2.54,icon_d2
2026-09-01,W0152,52.2302,10.5726,1.1,,17.5,18.0,0.158,17.9,0.163,2.5,icon_d2
2026-09-01,W0153,52.2302,10.6021,0.8,,17.7,18.0,0.158,17.9,0.163,2.44,icon_d2
2026-09-01,W0154,52.2302,10.6317,0.4,,17.4,18.0,0.158,17.9,0.163,2.43,icon_d2
2026-09-01,W0155,52.2302,10.6612,0.7,,17.2,18.4,0.153,18.7,0.149,2.38,icon_d2
2026-09-01,W1270,52.23919,10.6765,0.7,,17.2,18.4,0.153,18.7,0.149,2.38,icon_d2
2026-09-01,W0156,52.2302,10.7203,0.8,,16.7,18.3,0.129,18.5,0.152,2.28,icon_d2
2026-09-01,W0157,52.2302,10.7498,0.7,,16.2,17.6,0.129,17.8,0.152,2.23,icon_d2
2026-09-01,W0158,52.2302,10.7794,0.7,,16.0,17.4,0.129,17.6,0.152,2.19,icon_d2
2026-09-01,W0159,52.2302,10.8089,0.6,,16.4,18.3,0.129,18.5,0.152,2.19,icon_d2
2026-09-01,W0160,52.2302,10.8384,0.4,,17.0,18.5,0.139,18.8,0.15,2.5,icon_d2
2026-09-01,W1271,52.23919,10.85389,0.4,,17.4,18.5,0.139,18.8,0.15,2.58,icon_d2
2026-09-01,W1272,52.23919,10.88345,0.2,,17.5,18.5,0.139,18.8,0.15,2.65,icon_d2
2026-09-01,W1273,52.23919,10.91302,0.2,,17.6,18.8,0.12,18.8,0.146,2.58,icon_d2
2026-09-01,W1274,52.23919,10.94258,0.2,,17.5,18.8,0.12,18.8,0.146,2.57,icon_d2
2026-09-01,W1275,52.23919,10.97214,0.1,,17.6,18.1,0.173,18.6,0.148,2.45,icon_d2
2026-09-01,W0161,52.2302,11.0157,0.1,,17.3,18.1,0.173,18.6,0.148,2.38,icon_d2
2026-09-01,W0162,52.2302,11.0452,0.1,,16.9,18.1,0.173,18.6,0.148,2.38,icon_d2
2026-09-01,W0163,52.2302,11.0747,0.2,,17.1,18.7,0.149,18.8,0.144,2.48,icon_d2
2026-09-01,W0164,52.2302,11.1043,0.1,,17.6,18.7,0.149,18.8,0.144,2.58,icon_d2
2026-09-01,W1276,52.23919,11.11997,0.1,,17.6,17.8,0.213,18.0,0.149,2.61,icon_d2
2026-09-01,W1277,52.23919,11.14953,0.0,,17.6,17.8,0.213,18.0,0.149,2.59,icon_d2
2026-09-01,W1278,52.25721,10.11478,0.9,,17.1,18.6,0.149,18.7,0.159,2.29,icon_d2
2026-09-01,W0165,52.2482,10.1591,1.5,,17.1,18.6,0.149,18.7,0.159,2.29,icon_d2
2026-09-01,W0181,52.2662,10.1886,0.8,,17.3,18.6,0.149,18.7,0.159,2.31,icon_d2
2026-09-01,W1279,52.25721,10.20347,0.8,,17.3,18.6,0.149,18.7,0.159,2.38,icon_d2
2026-09-01,W0182,52.2662,10.2477,1.3,,17.3,19.0,0.128,18.9,0.14,2.37,icon_d2
2026-09-01,W0183,52.2662,10.2772,1.3,,17.1,19.0,0.128,18.9,0.14,2.34,icon_d2
2026-09-01,W0184,52.2662,10.3068,1.3,,17.3,19.0,0.128,18.9,0.14,2.35,icon_d2
2026-09-01,W1280,52.25721,10.32173,0.4,,17.3,19.0,0.128,18.9,0.14,2.4,icon_d2
2026-09-01,W1281,52.25721,10.3513,0.3,,17.3,19.0,0.128,18.9,0.14,2.43,icon_d2
2026-09-01,W1282,52.25721,10.38086,0.5,,17.3,19.0,0.128,18.9,0.14,2.37,icon_d2
2026-09-01,W1283,52.25721,10.41042,0.3,,17.4,19.5,0.095,19.7,0.149,2.42,icon_d2
2026-09-01,W0166,52.2482,10.4545,0.8,,17.4,19.5,0.095,19.7,0.149,2.43,icon_d2
2026-09-01,W1285,52.25721,10.46955,0.3,,17.4,19.5,0.095,19.7,0.149,2.41,icon_d2
2026-09-01,W0167,52.2482,10.5135,1.1,,17.9,19.5,0.095,19.7,0.149,2.55,icon_d2
2026-09-01,W1287,52.25721,10.52868,0.5,,17.9,19.5,0.095,19.7,0.149,2.57,icon_d2
2026-09-01,W1288,52.25721,10.55825,0.4,,17.8,19.5,0.095,19.7,0.149,2.52,icon_d2
2026-09-01,W0185,52.2662,10.6021,0.4,,17.5,18.4,0.153,18.7,0.149,2.44,icon_d2
2026-09-01,W0186,52.2662,10.6317,0.4,,17.6,18.4,0.153,18.7,0.149,2.44,icon_d2
2026-09-01,W0187,52.2662,10.6612,0.4,,17.4,18.4,0.153,18.7,0.149,2.43,icon_d2
2026-09-01,W0170,52.2482,10.6908,0.8,,17.1,18.4,0.153,18.7,0.149,2.31,icon_d2
2026-09-01,W0188,52.2662,10.7203,0.3,,17.2,18.4,0.153,18.7,0.149,2.41,icon_d2
2026-09-01,W0171,52.2482,10.7498,0.7,,16.7,18.5,0.139,18.8,0.15,2.26,icon_d2
2026-09-01,W0172,52.2482,10.7794,0.7,,16.6,18.5,0.139,18.8,0.15,2.23,icon_d2
2026-09-01,W0173,52.2482,10.8089,0.6,,17.0,18.5,0.139,18.8,0.15,2.23,icon_d2
2026-09-01,W1293,52.25721,10.82432,0.4,,17.4,18.5,0.139,18.8,0.15,2.5,icon_d2
2026-09-01,W0189,52.2662,10.868,0.3,,17.6,18.5,0.139,18.8,0.15,2.49,icon_d2
2026-09-01,W0190,52.2662,10.8975,0.2,,17.3,18.1,0.173,18.6,0.148,2.49,icon_d2
2026-09-01,W1294,52.25721,10.91302,0.2,,17.5,18.1,0.173,18.6,0.148,2.5,icon_d2
2026-09-01,W0191,52.2662,10.9566,0.2,,17.5,18.1,0.173,18.6,0.148,2.42,icon_d2
2026-09-01,W0192,52.2662,10.9861,0.1,,17.2,18.1,0.173,18.6,0.148,2.42,icon_d2
2026-09-01,W0193,52.2662,11.0157,0.1,,16.9,18.1,0.173,18.6,0.148,2.28,icon_d2
2026-09-01,W0194,52.2662,11.0452,0.1,,17.0,18.1,0.173,18.6,0.148,2.37,icon_d2
2026-09-01,W0195,52.2662,11.0747,0.1,,17.4,17.8,0.213,18.0,0.149,2.51,icon_d2
2026-09-01,W0196,52.2662,11.1043,0.1,,17.5,17.8,0.213,18.0,0.149,2.52,icon_d2
2026-09-01,W0197,52.2662,11.1338,0.0,,17.0,17.8,0.213,18.0,0.149,2.39,icon_d2
2026-09-01,W1606,52.25721,11.14953,0.0,,17.0,17.8,0.213,18.0,0.149,2.39,icon_d2
2026-09-01,W0198,52.2842,10.1,0.4,,17.2,18.6,0.149,18.7,0.159,2.29,icon_d2
2026-09-01,W1295,52.27523,10.14435,0.5,,17.2,18.6,0.149,18.7,0.159,2.35,icon_d2
2026-09-01,W0199,52.2842,10.1886,0.6,,17.2,18.6,0.149,18.7,0.159,2.33,icon_d2
2026-09-01,W1296,52.27523,10.20347,0.5,,17.3,18.6,0.149,18.7,0.159,2.36,icon_d2
2026-09-01,W0200,52.2842,10.2477,0.7,,17.3,19.0,0.128,18.9,0.14,2.37,icon_d2
2026-09-01,W1297,52.27523,10.2626,0.5,,17.2,19.0,0.128,18.9,0.14,2.33,icon_d2
2026-09-01,W1298,52.27523,10.29217,0.8,,17.3,19.0,0.128,18.9,0.14,2.36,icon_d2
2026-09-01,W0201,52.2842,10.3363,0.3,,17.2,19.0,0.128,18.9,0.14,2.37,icon_d2
2026-09-01,W0202,52.2842,10.3658,0.4,,17.3,19.0,0.128,18.9,0.14,2.36,icon_d2
2026-09-01,W0203,52.2842,10.3954,0.4,,17.3,19.1,0.114,19.0,0.158,2.35,icon_d2
2026-09-01,W1299,52.27523,10.41042,0.4,,17.3,19.5,0.095,19.7,0.149,2.36,icon_d2
2026-09-01,W0204,52.2842,10.4545,0.2,,17.4,19.5,0.095,19.7,0.149,2.41,icon_d2
2026-09-01,W1300,52.27523,10.46955,0.2,,17.4,19.5,0.095,19.7,0.149,2.41,icon_d2
2026-09-01,W0205,52.2842,10.5135,0.2,,17.8,19.5,0.095,19.7,0.149,2.54,icon_d2
2026-09-01,W0206,52.2842,10.5431,0.2,,17.9,19.5,0.095,19.7,0.149,2.59,icon_d2
2026-09-01,W0207,52.2842,10.5726,0.2,,17.8,18.4,0.153,18.7,0.149,2.54,icon_d2
2026-09-01,W0208,52.2842,10.6021,0.3,,17.6,18.4,0.153,18.7,0.149,2.46,icon_d2
2026-09-01,W0209,52.2842,10.6317,0.3,,17.4,18.4,0.153,18.7,0.149,2.42,icon_d2
2026-09-01,W1341,52.29324,11.06084,1.1,,17.3,18.3,0.171,18.8,0.149,2.37,icon_d2
2026-09-01,W1342,52.29324,11.0904,0.9,,17.1,17.8,0.213,18.0,0.149,2.41,icon_d2
2026-09-01,W1343,52.29324,11.11997,0.9,,17.1,17.8,0.213,18.0,0.149,2.41,icon_d2
2026-09-01,W1344,52.29324,11.14953,2.2,,17.0,17.8,0.213,18.0,0.149,2.36,icon_d2
2026-09-01,W1345,52.31126,10.11478,0.5,,17.3,18.6,0.149,18.7,0.159,2.38,icon_d2
2026-09-01,W1346,52.31126,10.14435,0.5,,17.2,19.2,0.104,19.1,0.146,2.38,icon_d2
2026-09-01,W0220,52.3023,10.1886,0.5,,17.2,19.2,0.104,19.1,0.146,2.34,icon_d2
2026-09-01,W1347,52.31126,10.20347,0.6,,17.2,19.2,0.104,19.1,0.146,2.28,icon_d2
2026-09-01,W1348,52.31126,10.23304,0.6,,17.5,19.2,0.104,19.1,0.146,2.31,icon_d2
2026-09-01,W0221,52.3023,10.2772,0.6,,17.3,19.0,0.128,18.9,0.14,2.33,icon_d2
2026-09-01,W0222,52.3023,10.3068,0.5,,17.3,19.0,0.128,18.9,0.14,2.35,icon_d2
2026-09-01,W0223,52.3023,10.3363,0.4,,17.2,19.1,0.114,19.0,0.158,2.3,icon_d2
2026-09-01,W0224,52.3023,10.3658,0.4,,17.3,19.1,0.114,19.0,0.158,2.31,icon_d2
2026-09-01,W1349,52.31126,10.38086,0.2,,17.4,19.1,0.114,19.0,0.158,2.38,icon_d2
2026-09-01,W0225,52.3023,10.4249,0.2,,17.3,19.5,0.095,19.7,0.149,2.36,icon_d2
2026-09-01,W1350,52.31126,10.43999,0.2,,17.3,19.5,0.095,19.7,0.149,2.43,icon_d2
2026-09-01,W1351,52.31126,10.46955,0.2,,17.5,19.5,0.099,19.7,0.143,2.49,icon_d2
2026-09-01,W1352,52.31126,10.49912,0.2,,17.6,19.5,0.099,19.7,0.143,2.49,icon_d2
2026-09-01,W0226,52.3023,10.5431,0.2,,17.6,19.5,0.099,19.7,0.143,2.44,icon_d2
2026-09-01,W0227,52.3023,10.5726,0.2,,17.5,19.5,0.099,19.7,0.143,2.46,icon_d2
2026-09-01,W1353,52.31126,10.58781,0.2,,17.4,18.4,0.153,18.7,0.149,2.31,icon_d2
2026-09-01,W0228,52.3023,10.6317,0.2,,17.5,18.4,0.153,18.7,0.149,2.37,icon_d2
2026-09-01,W0229,52.3023,10.6612,0.1,,17.4,18.5,0.153,18.7,0.148,2.34,icon_d2
2026-09-01,W0230,52.3023,10.6908,0.2,,17.2,18.5,0.153,18.7,0.148,2.39,icon_d2
2026-09-01,W0231,52.3023,10.7203,0.2,,17.4,18.5,0.153,18.7,0.148,2.39,icon_d2
2026-09-01,W1354,52.31126,10.73563,0.1,,17.4,18.5,0.153,18.7,0.148,2.35,icon_d2
2026-09-01,W1355,52.31126,10.76519,0.1,,17.3,18.5,0.139,18.8,0.15,2.39,icon_d2
2026-09-01,W0232,52.3023,10.8089,0.2,,17.4,18.5,0.139,18.8,0.15,2.4,icon_d2
2026-09-01,W0233,52.3023,10.8384,0.1,,17.3,18.4,0.166,18.8,0.146,2.31,icon_d2
2026-09-01,W0234,52.3023,10.868,0.1,,17.2,18.4,0.166,18.8,0.146,2.3,icon_d2
2026-09-01,W0235,52.3023,10.8975,0.2,,17.2,18.4,0.166,18.8,0.146,2.27,icon_d2
2026-09-01,W0236,52.3023,10.9271,0.5,,16.9,18.1,0.173,18.6,0.148,2.21,icon_d2
2026-09-01,W1356,52.31126,10.94258,0.5,,16.8,18.1,0.173,18.6,0.148,2.15,icon_d2
2026-09-01,W0237,52.3023,10.9861,0.6,,16.9,18.1,0.173,18.6,0.148,2.22,icon_d2
2026-09-01,W0238,52.3023,11.0157,1.2,,17.2,18.3,0.171,18.8,0.149,2.25,icon_d2
2026-09-01,W0239,52.3023,11.0452,0.7,,17.3,18.3,0.171,18.8,0.149,2.27,icon_d2
2026-09-01,W0240,52.3023,11.0747,1.1,,17.2,17.8,0.213,18.0,0.149,2.36,icon_d2
2026-09-01,W0241,52.3023,11.1043,0.9,,17.4,17.8,0.213,18.0,0.149,2.43,icon_d2
2026-09-01,W0242,52.3023,11.1338,2.2,,16.9,17.8,0.213,18.0,0.149,2.35,icon_d2
2026-09-01,W1357,52.31126,11.14953,2.9,,17.0,18.6,0.17,19.0,0.15,2.34,icon_d2
2026-09-01,W1358,52.32928,10.11478,0.5,,17.3,19.2,0.104,19.1,0.146,2.38,icon_d2
2026-09-01,W1359,52.32928,10.14435,0.5,,17.2,19.2,0.104,19.1,0.146,2.38,icon_d2
2026-09-01,W1360,52.32928,10.17391,0.4,,17.3,19.2,0.104,19.1,0.146,2.41,icon_d2
2026-09-01,W0243,52.3203,10.2182,0.6,,17.2,19.2,0.104,19.1,0.146,2.29,icon_d2
2026-09-01,W1361,52.32928,10.23304,0.6,,17.5,19.2,0.104,19.1,0.146,2.31,icon_d2
2026-09-01,W1362,52.32928,10.2626,0.3,,17.4,19.1,0.114,19.0,0.158,2.32,icon_d2
2026-09-01,W0244,52.3203,10.3068,0.3,,17.2,19.1,0.114,19.0,0.158,2.33,icon_d2
2026-09-01,W0245,52.3203,10.3363,0.3,,17.3,19.1,0.114,19.0,0.158,2.36,icon_d2
2026-09-01,W1363,52.32928,10.3513,0.3,,17.3,19.1,0.114,19.0,0.158,2.36,icon_d2
2026-09-01,W1364,52.32928,10.38086,0.2,,17.3,19.1,0.114,19.0,0.158,2.38,icon_d2
2026-09-01,W0294,52.3563,10.8384,0.9,,17.1,18.4,0.166,18.8,0.146,2.22,icon_d2
2026-09-01,W0272,52.3383,10.868,0.4,,17.1,18.4,0.166,18.8,0.146,2.25,icon_d2
2026-09-01,W0273,52.3383,10.8975,0.4,,17.0,18.4,0.166,18.8,0.146,2.21,icon_d2
2026-09-01,W0274,52.3383,10.9271,0.4,,17.1,18.3,0.171,18.8,0.149,2.22,icon_d2
2026-09-01,W0275,52.3383,10.9566,0.5,,17.3,18.3,0.171,18.8,0.149,2.31,icon_d2
2026-09-01,W0276,52.3383,10.9861,0.5,,17.2,18.3,0.171,18.8,0.149,2.29,icon_d2
2026-09-01,W0297,52.3563,11.0157,1.1,,17.4,18.3,0.171,18.8,0.149,2.39,icon_d2
2026-09-01,W0298,52.3563,11.0452,1.1,,17.4,18.3,0.171,18.8,0.149,2.39,icon_d2
2026-09-01,W0299,52.3563,11.0747,1.0,,17.3,18.5,0.161,19.2,0.139,2.4,icon_d2
2026-09-01,W0277,52.3383,11.1043,1.2,,17.3,18.6,0.17,19.0,0.15,2.38,icon_d2
2026-09-01,W0278,52.3383,11.1338,1.7,,17.1,18.6,0.17,19.0,0.15,2.27,icon_d2
2026-09-01,W1386,52.3473,11.14953,1.7,,17.0,18.6,0.17,19.0,0.15,2.26,icon_d2
2026-09-01,W0302,52.3743,10.1,2.1,,17.3,19.2,0.104,19.1,0.146,2.19,icon_d2
2026-09-01,W1387,52.36532,10.14435,0.6,,17.5,19.2,0.104,19.1,0.146,2.37,icon_d2
2026-09-01,W0303,52.3743,10.1886,0.9,,17.3,18.4,0.137,18.6,0.151,2.26,icon_d2
2026-09-01,W1388,52.36532,10.20347,0.3,,17.4,18.4,0.137,18.6,0.151,2.41,icon_d2
2026-09-01,W1389,52.36532,10.23304,0.1,,17.6,18.4,0.137,18.6,0.151,2.4,icon_d2
2026-09-01,W1390,52.36532,10.2626,0.1,,17.4,19.1,0.114,19.0,0.158,2.35,icon_d2
2026-09-01,W0304,52.3743,10.3068,0.8,,17.3,19.1,0.114,19.0,0.158,2.27,icon_d2
2026-09-01,W0305,52.3743,10.3363,0.4,,17.3,19.1,0.114,19.0,0.158,2.25,icon_d2
2026-09-01,W0306,52.3743,10.3658,0.4,,17.4,18.0,0.169,18.1,0.173,2.27,icon_d2
2026-09-01,W0307,52.3743,10.3954,0.2,,17.4,18.0,0.169,18.1,0.173,2.31,icon_d2
2026-09-01,W0308,52.3743,10.4249,0.2,,17.4,18.0,0.169,18.1,0.173,2.34,icon_d2
2026-09-01,W1391,52.36532,10.43999,0.2,,17.4,19.5,0.099,19.7,0.143,2.34,icon_d2
2026-09-01,W1392,52.36532,10.46955,0.1,,17.3,19.5,0.099,19.7,0.143,2.42,icon_d2
2026-09-01,W0309,52.3743,10.5135,0.4,,17.3,18.4,0.166,18.5,0.149,2.38,icon_d2
2026-09-01,W1393,52.36532,10.52868,0.2,,17.2,19.5,0.099,19.7,0.143,2.3,icon_d2
2026-09-01,W0310,52.3743,10.5726,0.7,,17.3,18.4,0.166,18.5,0.149,2.28,icon_d2
2026-09-01,W1394,52.36532,10.58781,0.5,,17.2,18.4,0.166,18.5,0.149,2.27,icon_d2
2026-09-01,W1395,52.36532,10.61737,0.5,,17.1,18.5,0.153,18.7,0.148,2.18,icon_d2
2026-09-01,W0311,52.3743,10.6612,0.9,,17.2,18.5,0.153,18.7,0.148,2.28,icon_d2
2026-09-01,W0312,52.3743,10.6908,0.9,,17.3,18.7,0.134,19.2,0.15,2.19,icon_d2
2026-09-01,W0313,52.3743,10.7203,0.9,,17.1,18.7,0.134,19.2,0.15,2.17,icon_d2
2026-09-01,W0314,52.3743,10.7498,1.0,,17.1,18.7,0.134,19.2,0.15,2.21,icon_d2
2026-09-01,W0315,52.3743,10.7794,1.6,,17.0,18.4,0.166,18.8,0.146,2.22,icon_d2
2026-09-01,W0316,52.3743,10.8089,1.6,,17.0,18.4,0.166,18.8,0.146,2.22,icon_d2
2026-09-01,W0317,52.3743,10.8384,1.6,,17.1,18.6,0.149,19.4,0.148,2.3,icon_d2
2026-09-01,W0318,52.3743,10.868,1.6,,17.0,18.6,0.149,19.4,0.148,2.29,icon_d2
2026-09-01,W0319,52.3743,10.8975,1.6,,17.4,18.6,0.149,19.4,0.148,2.34,icon_d2
2026-09-01,W1396,52.36532,10.91302,0.5,,17.2,18.6,0.149,19.4,0.148,2.29,icon_d2
2026-09-01,W1397,52.36532,10.94258,0.6,,17.4,18.3,0.171,18.8,0.149,2.34,icon_d2
2026-09-01,W0320,52.3743,10.9861,1.6,,17.4,18.3,0.171,18.8,0.149,2.41,icon_d2
2026-09-01,W0321,52.3743,11.0157,1.5,,17.3,18.5,0.161,19.2,0.139,2.35,icon_d2
2026-09-01,W0322,52.3743,11.0452,1.1,,17.4,18.5,0.161,19.2,0.139,2.39,icon_d2
2026-09-01,W0323,52.3743,11.0747,1.4,,17.4,18.5,0.161,19.2,0.139,2.41,icon_d2
2026-09-01,W1607,52.36532,11.0904,1.2,,17.4,18.6,0.17,19.0,0.15,2.32,icon_d2
2026-09-01,W1398,52.36532,11.11997,1.0,,17.4,18.6,0.17,19.0,0.15,2.29,icon_d2
2026-09-01,W1399,52.36532,11.14953,1.0,,17.3,18.6,0.17,19.0,0.15,2.29,icon_d2
2026-09-01,W1400,52.38333,10.11478,1.9,,17.3,19.2,0.104,19.1,0.146,2.19,icon_d2
2026-09-01,W1401,52.38333,10.14435,1.9,,17.3,18.4,0.137,18.6,0.151,2.19,icon_d2
2026-09-01,W1402,52.38333,10.17391,0.9,,17.4,18.4,0.137,18.6,0.151,2.27,icon_d2
2026-09-01,W0324,52.3923,10.2182,1.8,,17.2,18.4,0.137,18.6,0.151,2.15,icon_d2
2026-09-01,W0325,52.3923,10.2477,3.0,,17.1,18.4,0.137,18.6,0.151,2.16,icon_d2
2026-09-01,W1403,52.38333,10.2626,1.3,,17.2,18.4,0.137,18.6,0.151,2.22,icon_d2
2026-09-01,W1404,52.38333,10.29217,0.8,,17.3,19.1,0.114,19.0,0.158,2.27,icon_d2
2026-09-01,W0326,52.3923,10.3363,1.8,,17.4,18.0,0.169,18.1,0.173,2.28,icon_d2
2026-09-01,W0327,52.3923,10.3658,1.8,,17.3,18.0,0.169,18.1,0.173,2.28,icon_d2
2026-09-01,W0328,52.3923,10.3954,0.9,,17.4,18.0,0.169,18.1,0.173,2.31,icon_d2
2026-09-01,W1405,52.38333,10.41042,0.2,,17.5,18.0,0.169,18.1,0.173,2.35,icon_d2
2026-09-01,W0329,52.3923,10.4545,0.8,,17.3,18.4,0.166,18.5,0.149,2.3,icon_d2
2026-09-01,W0330,52.3923,10.484,0.8,,17.3,18.4,0.166,18.5,0.149,2.3,icon_d2
2026-09-01,W0331,52.3923,10.5135,1.0,,17.2,18.4,0.166,18.5,0.149,2.3,icon_d2
2026-09-01,W1406,52.38333,10.52868,0.4,,17.3,18.4,0.166,18.5,0.149,2.38,icon_d2
2026-09-01,W1407,52.38333,10.55825,0.7,,17.3,18.4,0.166,18.5,0.149,2.4,icon_d2
2026-09-01,W0332,52.3923,10.6021,0.7,,17.3,18.4,0.166,18.5,0.149,2.31,icon_d2
2026-09-01,W1408,52.38333,10.61737,0.8,,17.2,18.5,0.153,18.7,0.148,2.27,icon_d2
2026-09-01,W0333,52.3923,10.6612,1.0,,17.2,18.7,0.134,19.2,0.15,2.34,icon_d2
2026-09-01,W0334,52.3923,10.6908,0.8,,17.3,18.7,0.134,19.2,0.15,2.32,icon_d2
2026-09-01,W0335,52.3923,10.7203,0.9,,17.3,18.7,0.134,19.2,0.15,2.21,icon_d2
2026-09-01,W0336,52.3923,10.7498,0.9,,17.3,18.7,0.134,19.2,0.15,2.22,icon_d2
2026-09-01,W0337,52.3923,10.7794,1.7,,17.0,18.6,0.149,19.4,0.148,2.15,icon_d2
2026-09-01,W0338,52.3923,10.8089,1.7,,17.2,18.6,0.149,19.4,0.148,2.17,icon_d2
2026-09-01,W1409,52.38333,10.82432,1.6,,17.2,18.6,0.149,19.4,0.148,2.23,icon_d2
2026-09-01,W0339,52.3923,10.868,4.9,,17.3,18.6,0.149,19.4,0.148,2.3,icon_d2
2026-09-01,W0340,52.3923,10.8975,5.9,,17.1,18.6,0.149,19.4,0.148,2.23,icon_d2
2026-09-01,W1410,52.38333,10.91302,1.9,,17.4,18.6,0.149,19.4,0.148,2.37,icon_d2
2026-09-01,W1411,52.38333,10.94258,1.3,,17.4,18.3,0.171,18.8,0.149,2.37,icon_d2
2026-09-01,W1412,52.38333,10.97214,1.6,,17.5,18.3,0.171,18.8,0.149,2.42,icon_d2
2026-09-01,W0341,52.3923,11.0157,2.7,,17.5,18.5,0.161,19.2,0.139,2.42,icon_d2
2026-09-01,W0342,52.3923,11.0452,3.1,,17.5,18.5,0.161,19.2,0.139,2.4,icon_d2
2026-09-01,W0343,52.3923,11.0747,2.5,,17.3,18.5,0.161,19.2,0.139,2.4,icon_d2
2026-09-01,W1413,52.38333,11.0904,2.1,,17.4,18.5,0.161,19.2,0.139,2.38,icon_d2
2026-09-01,W1414,52.38333,11.11997,2.1,,17.4,18.6,0.17,19.0,0.15,2.38,icon_d2
2026-09-01,W1415,52.38333,11.14953,1.9,,17.3,18.1,0.236,18.6,0.179,2.39,icon_d2
2026-09-01,W1416,52.40135,10.11478,2.7,,17.3,18.4,0.137,18.6,0.151,2.14,icon_d2
2026-09-01,W1417,52.40135,10.14435,1.6,,17.3,18.4,0.137,18.6,0.151,2.2,icon_d2
2026-09-01,W1418,52.40135,10.17391,1.6,,17.3,18.4,0.137,18.6,0.151,2.2,icon_d2
2026-09-01,W1419,52.40135,10.20347,1.8,,17.2,18.4,0.137,18.6,0.151,2.15,icon_d2
2026-09-01,W1420,52.40135,10.23304,3.0,,17.0,18.4,0.137,18.6,0.151,2.15,icon_d2
2026-09-01,W1421,52.40135,10.2626,3.0,,17.1,18.4,0.137,18.6,0.151,2.16,icon_d2
2026-09-01,W1422,52.40135,10.29217,2.8,,17.3,18.0,0.169,18.1,0.173,2.27,icon_d2
2026-09-01,W1423,52.40135,10.32173,3.1,,17.3,18.0,0.169,18.1,0.173,2.26,icon_d2
2026-09-01,W1424,52.40135,10.3513,1.8,,17.3,18.0,0.169,18.1,0.173,2.28,icon_d2
2026-09-01,W1425,52.40135,10.38086,1.8,,17.4,18.0,0.169,18.1,0.173,2.25,icon_d2
2026-09-01,W1426,52.40135,10.41042,1.2,,17.3,18.0,0.169,18.1,0.173,2.31,icon_d2
2026-09-01,W1427,52.40135,10.43999,1.2,,17.3,18.4,0.166,18.5,0.149,2.31,icon_d2
2026-09-01,W1428,52.40135,10.46955,0.8,,17.3,18.4,0.166,18.5,0.149,2.3,icon_d2
2026-09-01,W1429,52.40135,10.49912,0.6,,17.2,18.4,0.166,18.5,0.149,2.35,icon_d2
2026-09-01,W1430,52.40135,10.52868,1.0,,17.3,18.4,0.166,18.5,0.149,2.31,icon_d2
2026-09-01,W1431,52.40135,10.55825,0.9,,17.3,18.4,0.166,18.5,0.149,2.38,icon_d2
2026-09-01,W1432,52.40135,10.58781,0.9,,17.4,18.4,0.166,18.5,0.149,2.35,icon_d2
2026-09-01,W1433,52.40135,10.61737,0.7,,17.2,18.7,0.134,19.2,0.15,2.31,icon_d2
2026-09-01,W1434,52.40135,10.64694,0.7,,17.2,18.7,0.134,19.2,0.15,2.35,icon_d2
2026-09-01,W1435,52.40135,10.6765,0.8,,17.2,18.7,0.134,19.2,0.15,2.32,icon_d2
2026-09-01,W1436,52.40135,10.70607,0.8,,17.1,18.7,0.134,19.2,0.15,2.31,icon_d2
2026-09-01,W1437,52.40135,10.73563,0.9,,17.1,18.7,0.134,19.2,0.15,2.21,icon_d2
2026-09-01,W1438,52.40135,10.76519,1.1,,17.0,18.7,0.134,19.2,0.15,2.18,icon_d2
2026-09-01,W1439,52.40135,10.79476,1.7,,17.0,18.6,0.149,19.4,0.148,2.16,icon_d2
2026-09-01,W1440,52.40135,10.82432,2.2,,17.3,18.6,0.149,19.4,0.148,2.32,icon_d2
2026-09-01,W1441,52.40135,10.85389,4.9,,17.3,18.6,0.149,19.4,0.148,2.3,icon_d2
2026-09-01,W1442,52.40135,10.88345,4.9,,17.2,18.6,0.149,19.4,0.148,2.29,icon_d2
2026-09-01,W1443,52.40135,10.91302,4.4,,17.4,18.6,0.149,19.4,0.148,2.33,icon_d2
2026-09-01,W1444,52.40135,10.94258,4.4,,17.5,18.5,0.161,19.2,0.139,2.34,icon_d2
2026-09-01,W1445,52.40135,10.97214,3.6,,17.5,18.5,0.161,19.2,0.139,2.45,icon_d2
2026-09-01,W1446,52.40135,11.00171,3.9,,17.5,18.5,0.161,19.2,0.139,2.48,icon_d2
2026-09-01,W1447,52.40135,11.03127,3.1,,17.4,18.5,0.161,19.2,0.139,2.4,icon_d2
2026-09-01,W1448,52.40135,11.06084,3.1,,17.4,18.5,0.161,19.2,0.139,2.4,icon_d2
2026-09-01,W1449,52.40135,11.0904,2.5,,17.4,18.5,0.161,19.2,0.139,2.41,icon_d2
2026-09-01,W1450,52.40135,11.11997,2.5,,17.4,18.1,0.236,18.6,0.179,2.39,icon_d2
2026-09-01,W1451,52.40135,11.14953,2.5,,17.4,18.1,0.236,18.6,0.179,2.39,icon_d2
2026-09-01,W0345,52.4104,10.1295,1.7,,17.2,18.4,0.137,18.6,0.151,2.12,icon_d2
2026-09-01,W1452,52.41937,10.14435,1.2,,17.2,18.4,0.137,18.6,0.151,2.12,icon_d2
2026-09-01,W0346,52.4104,10.1886,1.6,,17.2,18.4,0.137,18.6,0.151,2.15,icon_d2
2026-09-01,W0347,52.4104,10.2182,2.9,,17.2,18.4,0.137,18.6,0.151,2.14,icon_d2
2026-09-01,W0348,52.4104,10.2477,2.9,,17.1,18.4,0.137,18.6,0.151,2.14,icon_d2
2026-09-01,W0349,52.4104,10.2772,2.4,,17.2,18.0,0.169,18.1,0.173,2.22,icon_d2
2026-09-01,W1453,52.41937,10.29217,2.4,,17.2,18.0,0.169,18.1,0.173,2.22,icon_d2
2026-09-01,W0350,52.4104,10.3363,3.1,,17.3,18.0,0.169,18.1,0.173,2.27,icon_d2
2026-09-01,W0351,52.4104,10.3658,3.5,,17.2,18.0,0.169,18.1,0.173,2.19,icon_d2
2026-09-01,W1454,52.41937,10.38086,3.3,,17.3,18.0,0.169,18.1,0.173,2.22,icon_d2
2026-09-01,W0352,52.4104,10.4249,2.9,,17.2,18.0,0.169,18.1,0.173,2.24,icon_d2
2026-09-01,W0353,52.4104,10.4545,2.8,,17.2,18.4,0.166,18.5,0.149,2.19,icon_d2
2026-09-01,W0354,52.4104,10.484,1.7,,17.4,18.4,0.166,18.5,0.149,2.23,icon_d2
2026-09-01,W0355,52.4104,10.5135,1.9,,17.3,18.4,0.166,18.5,0.149,2.22,icon_d2
2026-09-01,W0356,52.4104,10.5431,1.1,,17.3,18.4,0.166,18.5,0.149,2.34,icon_d2
2026-09-01,W1455,52.41937,10.55825,1.1,,17.2,18.4,0.166,18.5,0.149,2.33,icon_d2
2026-09-01,W1456,52.41937,10.58781,2.0,,17.4,18.4,0.166,18.5,0.149,2.31,icon_d2
2026-09-01,W1457,52.41937,10.61737,2.1,,17.4,18.7,0.134,19.2,0.15,2.26,icon_d2
2026-09-01,W1458,52.41937,10.64694,1.4,,17.4,18.7,0.134,19.2,0.15,2.32,icon_d2
2026-09-01,W1459,52.41937,10.6765,1.2,,17.4,18.7,0.134,19.2,0.15,2.34,icon_d2
2026-09-01,W1460,52.41937,10.70607,1.2,,17.5,18.7,0.134,19.2,0.15,2.34,icon_d2
2026-09-01,W0357,52.4104,10.7498,1.5,,17.4,18.7,0.134,19.2,0.15,2.26,icon_d2
2026-09-01,W0358,52.4104,10.7794,3.0,,17.4,18.6,0.149,19.4,0.148,2.2,icon_d2
2026-09-01,W0359,52.4104,10.8089,4.7,,17.6,18.6,0.149,19.4,0.148,2.31,icon_d2
2026-09-01,W1461,52.41937,10.82432,4.7,,17.6,18.6,0.149,19.4,0.148,2.31,icon_d2
2026-09-01,W0360,52.4104,10.868,6.0,,17.3,18.6,0.149,19.4,0.148,2.34,icon_d2
2026-09-01,W0361,52.4104,10.8975,6.2,,17.1,18.6,0.149,19.4,0.148,2.24,icon_d2
2026-09-01,W0362,52.4104,10.9271,6.2,,17.2,18.6,0.149,19.4,0.148,2.24,icon_d2
2026-09-01,W0363,52.4104,10.9566,6.1,,17.3,18.5,0.161,19.2,0.139,2.34,icon_d2
2026-09-01,W1462,52.41937,10.97214,5.9,,17.5,18.5,0.161,19.2,0.139,2.45,icon_d2
2026-09-01,W1463,52.41937,11.00171,5.2,,17.5,18.5,0.161,19.2,0.139,2.44,icon_d2
2026-09-01,W0364,52.4104,11.0452,4.0,,17.3,18.5,0.161,19.2,0.139,2.38,icon_d2
2026-09-01,W1464,52.41937,11.06084,4.0,,17.4,18.5,0.161,19.2,0.139,2.4,icon_d2
2026-09-01,W1465,52.41937,11.0904,2.9,,17.6,18.5,0.161,19.2,0.139,2.46,icon_d2
2026-09-01,W1466,52.41937,11.11997,2.4,,17.6,18.1,0.236,18.6,0.179,2.43,icon_d2
2026-09-01,W1467,52.41937,11.14953,2.4,,17.5,18.1,0.236,18.6,0.179,2.43,icon_d2
2026-09-01,W0366,52.4284,10.1295,1.7,,17.1,18.4,0.137,18.6,0.151,2.12,icon_d2
2026-09-01,W0367,52.4284,10.1591,1.3,,17.2,18.4,0.137,18.6,0.151,2.15,icon_d2
2026-09-01,W0368,52.4284,10.1886,1.6,,17.2,18.4,0.137,18.6,0.151,2.15,icon_d2
2026-09-01,W0369,52.4284,10.2182,2.9,,17.2,18.4,0.137,18.6,0.151,2.15,icon_d2
2026-09-01,W0370,52.4284,10.2477,2.9,,17.2,18.4,0.137,18.6,0.151,2.15,icon_d2
2026-09-01,W0371,52.4284,10.2772,2.4,,17.3,18.0,0.169,18.1,0.173,2.23,icon_d2
2026-09-01,W0372,52.4284,10.3068,2.4,,17.3,18.0,0.169,18.1,0.173,2.22,icon_d2
2026-09-01,W0373,52.4284,10.3363,3.1,,17.3,18.0,0.169,18.1,0.173,2.27,icon_d2
2026-09-01,W0374,52.4284,10.3658,3.5,,17.3,18.0,0.169,18.1,0.173,2.2,icon_d2
2026-09-01,W1468,52.43739,10.38086,1.9,,17.3,18.0,0.169,18.1,0.173,2.21,icon_d2
2026-09-01,W1469,52.43739,10.41042,3.1,,17.3,18.2,0.142,18.2,0.17,2.23,icon_d2
2026-09-01,W0375,52.4284,10.4545,2.8,,17.3,18.4,0.166,18.5,0.149,2.2,icon_d2
2026-09-01,W0376,52.4284,10.484,1.7,,17.4,18.4,0.166,18.5,0.149,2.23,icon_d2
2026-09-01,W0377,52.4284,10.5135,1.9,,17.4,18.4,0.166,18.5,0.149,2.22,icon_d2
2026-09-01,W0378,52.4284,10.5431,1.1,,17.3,18.4,0.166,18.5,0.149,2.34,icon_d2
2026-09-01,W0379,52.4284,10.5726,2.0,,17.4,18.4,0.166,18.5,0.149,2.31,icon_d2
2026-09-01,W1470,52.43739,10.58781,3.0,,17.4,18.7,0.12,18.7,0.153,2.31,icon_d2
2026-09-01,W0380,52.4284,10.6317,1.4,,17.5,18.7,0.134,19.2,0.15,2.33,icon_d2
2026-09-01,W0381,52.4284,10.6612,1.4,,17.5,18.7,0.134,19.2,0.15,2.33,icon_d2
2026-09-01,W1471,52.43739,10.6765,3.1,,17.4,18.7,0.134,19.2,0.15,2.21,icon_d2
2026-09-01,W1472,52.43739,10.70607,2.8,,17.4,18.7,0.134,19.2,0.15,2.26,icon_d2
2026-09-01,W0382,52.4284,10.7498,1.5,,17.6,18.5,0.118,18.6,0.15,2.28,icon_d2
2026-09-01,W1473,52.43739,10.76519,2.8,,17.8,18.5,0.118,18.6,0.15,2.36,icon_d2
2026-09-01,W1474,52.43739,10.79476,2.9,,17.7,18.6,0.149,19.4,0.148,2.35,icon_d2
2026-09-01,W1475,52.43739,10.82432,4.0,,17.8,18.6,0.149,19.4,0.148,2.37,icon_d2
2026-09-01,W0383,52.4284,10.868,6.0,,17.5,18.6,0.149,19.4,0.148,2.36,icon_d2
2026-09-01,W0384,52.4284,10.8975,6.2,,17.3,18.6,0.149,19.4,0.148,2.25,icon_d2
2026-09-01,W0385,52.4284,10.9271,6.2,,17.4,17.9,0.225,18.5,0.148,2.26,icon_d2
2026-09-01,W0386,52.4284,10.9566,6.1,,17.5,18.5,0.161,19.2,0.139,2.35,icon_d2
2026-09-01,W1476,52.43739,10.97214,4.9,,17.6,18.5,0.161,19.2,0.139,2.41,icon_d2
2026-09-01,W0387,52.4284,11.0157,4.8,,17.5,18.5,0.161,19.2,0.139,2.43,icon_d2
2026-09-01,W0388,52.4284,11.0452,4.0,,17.4,18.5,0.161,19.2,0.139,2.39,icon_d2
2026-09-01,W1477,52.43739,11.06084,5.8,,17.6,17.5,0.319,17.9,0.218,2.42,icon_d2
2026-09-01,W1478,52.43739,11.0904,5.9,,17.4,17.5,0.319,17.9,0.218,2.41,icon_d2
2026-09-01,W0389,52.4284,11.1338,2.4,,17.6,18.1,0.236,18.6,0.179,2.43,icon_d2
2026-09-01,W1479,52.43739,11.14953,5.0,,17.5,18.1,0.236,18.6,0.179,2.37,icon_d2
2026-09-01,W0416,52.4644,10.1295,1.7,,17.2,18.4,0.074,18.7,0.069,2.12,icon_d2
2026-09-01,W0417,52.4644,10.1591,1.5,,17.3,18.4,0.074,18.7,0.069,2.12,icon_d2
2026-09-01,W0418,52.4644,10.1886,1.1,,17.3,18.4,0.074,18.7,0.069,2.17,icon_d2
2026-09-01,W0419,52.4644,10.2182,0.8,,17.3,18.4,0.074,18.7,0.069,2.25,icon_d2
2026-09-01,W0420,52.4644,10.2477,0.6,,17.4,18.4,0.074,18.7,0.069,2.28,icon_d2
2026-09-01,W0421,52.4644,10.2772,0.7,,17.3,18.4,0.074,18.7,0.069,2.26,icon_d2
2026-09-01,W0422,52.4644,10.3068,0.6,,17.2,18.2,0.142,18.2,0.17,2.26,icon_d2
2026-09-01,W0423,52.4644,10.3363,0.7,,17.3,18.2,0.142,18.2,0.17,2.22,icon_d2
2026-09-01,W0424,52.4644,10.3658,0.7,,17.3,18.2,0.142,18.2,0.17,2.22,icon_d2
2026-09-01,W0425,52.4644,10.3954,1.0,,17.2,18.2,0.142,18.2,0.17,2.19,icon_d2
2026-09-01,W0426,52.4644,10.4249,1.7,,17.3,18.2,0.142,18.2,0.17,2.17,icon_d2
2026-09-01,W0427,52.4644,10.4545,1.3,,17.3,18.2,0.142,18.2,0.17,2.14,icon_d2
2026-09-01,W0428,52.4644,10.484,2.8,,17.2,18.7,0.12,18.7,0.153,2.13,icon_d2
2026-09-01,W0429,52.4644,10.5135,2.8,,17.3,18.7,0.12,18.7,0.153,2.18,icon_d2
2026-09-01,W0430,52.4644,10.5431,3.6,,17.6,18.7,0.12,18.7,0.153,2.29,icon_d2
2026-09-01,W0431,52.4644,10.5726,4.0,,17.5,18.7,0.12,18.7,0.153,2.27,icon_d2
2026-09-01,W0432,52.4644,10.6021,4.3,,17.5,18.7,0.12,18.7,0.153,2.21,icon_d2
2026-09-01,W0433,52.4644,10.6317,3.5,,17.4,18.5,0.118,18.6,0.15,2.16,icon_d2
2026-09-01,W0434,52.4644,10.6612,3.5,,17.3,18.5,0.118,18.6,0.15,2.16,icon_d2
2026-09-01,W0435,52.4644,10.6908,2.8,,17.3,18.5,0.118,18.6,0.15,2.25,icon_d2
2026-09-01,W0408,52.4464,10.7203,2.4,,17.4,18.5,0.118,18.6,0.15,2.27,icon_d2
2026-09-01,W1481,52.45541,10.73563,3.6,,17.4,18.5,0.118,18.6,0.15,2.3,icon_d2
2026-09-01,W0436,52.4644,10.7794,4.4,,17.3,18.5,0.118,18.6,0.15,2.3,icon_d2
2026-09-01,W0437,52.4644,10.8089,3.4,,17.3,17.9,0.225,18.5,0.148,2.26,icon_d2
2026-09-01,W0438,52.4644,10.8384,3.2,,17.6,17.9,0.225,18.5,0.148,2.39,icon_d2
2026-09-01,W0439,52.4644,10.868,3.2,,17.6,17.9,0.225,18.5,0.148,2.39,icon_d2
2026-09-01,W0440,52.4644,10.8975,3.2,,17.5,17.9,0.225,18.5,0.148,2.29,icon_d2
2026-09-01,W0441,52.4644,10.9271,2.6,,17.5,17.9,0.225,18.5,0.148,2.32,icon_d2
2026-09-01,W0442,52.4644,10.9566,3.8,,17.5,17.9,0.225,18.5,0.148,2.45,icon_d2
2026-09-01,W1482,52.45541,10.97214,3.8,,17.5,18.5,0.161,19.2,0.139,2.44,icon_d2
2026-09-01,W1609,52.45541,11.00171,5.5,,17.5,17.5,0.319,17.9,0.218,2.4,icon_d2
2026-09-01,W0443,52.4644,11.0452,3.9,,17.4,17.5,0.319,17.9,0.218,2.35,icon_d2
2026-09-01,W1483,52.45541,11.06084,4.7,,17.5,17.5,0.319,17.9,0.218,2.41,icon_d2
2026-09-01,W0444,52.4644,11.1043,5.1,,17.4,17.5,0.319,17.9,0.218,2.36,icon_d2
2026-09-01,W0445,52.4644,11.1338,5.1,,17.4,17.8,0.314,18.4,0.204,2.35,icon_d2
2026-09-01,W1484,52.45541,11.14953,5.1,,17.4,18.1,0.236,18.6,0.179,2.35,icon_d2
2026-09-01,W0446,52.4824,10.1295,2.4,,17.1,18.4,0.074,18.7,0.069,2.1,icon_d2
2026-09-01,W0447,52.4824,10.1591,2.2,,17.2,18.4,0.074,18.7,0.069,2.09,icon_d2
2026-09-01,W0448,52.4824,10.1886,2.6,,17.2,18.4,0.074,18.7,0.069,2.11,icon_d2
2026-09-01,W1485,52.47342,10.20347,1.9,,17.3,18.4,0.074,18.7,0.069,2.22,icon_d2
2026-09-01,W0449,52.4824,10.2477,1.3,,17.3,18.4,0.074,18.7,0.069,2.24,icon_d2
2026-09-01,W0450,52.4824,10.2772,1.6,,17.3,18.4,0.074,18.7,0.069,2.24,icon_d2
2026-09-01,W0451,52.4824,10.3068,1.0,,17.3,18.2,0.142,18.2,0.17,2.26,icon_d2
2026-09-01,W1486,52.47342,10.32173,1.1,,17.3,18.2,0.142,18.2,0.17,2.24,icon_d2
2026-09-01,W1487,52.47342,10.3513,1.0,,17.4,18.2,0.142,18.2,0.17,2.22,icon_d2
2026-09-01,W0452,52.4824,10.3954,1.0,,17.3,18.2,0.142,18.2,0.17,2.19,icon_d2
2026-09-01,W0453,52.4824,10.4249,0.9,,17.2,18.2,0.142,18.2,0.17,2.17,icon_d2
2026-09-01,W0454,52.4824,10.4545,1.3,,17.3,18.2,0.142,18.2,0.17,2.15,icon_d2
2026-09-01,W0455,52.4824,10.484,1.3,,17.3,18.7,0.12,18.7,0.153,2.15,icon_d2
2026-09-01,W0456,52.4824,10.5135,1.9,,17.3,18.7,0.12,18.7,0.153,2.14,icon_d2
2026-09-01,W1488,52.47342,10.52868,1.9,,17.3,18.7,0.12,18.7,0.153,2.14,icon_d2
2026-09-01,W0457,52.4824,10.5726,3.0,,17.7,18.7,0.12,18.7,0.153,2.34,icon_d2
2026-09-01,W0458,52.4824,10.6021,3.7,,17.5,18.7,0.12,18.7,0.153,2.29,icon_d2
2026-09-01,W0459,52.4824,10.6317,4.5,,17.4,18.5,0.118,18.6,0.15,2.2,icon_d2
2026-09-01,W0460,52.4824,10.6612,4.2,,17.3,18.5,0.118,18.6,0.15,2.17,icon_d2
2026-09-01,W0461,52.4824,10.6908,4.8,,17.3,18.5,0.118,18.6,0.15,2.23,icon_d2
2026-09-01,W0462,52.4824,10.7203,4.7,,17.3,18.5,0.118,18.6,0.15,2.29,icon_d2
2026-09-01,W1489,52.47342,10.73563,4.7,,17.3,18.5,0.118,18.6,0.15,2.28,icon_d2
2026-09-01,W0463,52.4824,10.7794,6.0,,17.3,18.5,0.118,18.6,0.15,2.31,icon_d2
2026-09-01,W0464,52.4824,10.8089,6.0,,17.3,17.9,0.225,18.5,0.148,2.31,icon_d2
2026-09-01,W1490,52.47342,10.82432,6.0,,17.4,17.9,0.225,18.5,0.148,2.39,icon_d2
2026-09-01,W1491,52.47342,10.85389,6.6,,17.4,17.9,0.225,18.5,0.148,2.45,icon_d2
2026-09-01,W1492,52.47342,10.88345,5.3,,17.5,17.9,0.225,18.5,0.148,2.46,icon_d2
2026-09-01,W1493,52.47342,10.91302,4.8,,17.5,17.9,0.225,18.5,0.148,2.39,icon_d2
2026-09-01,W0465,52.4824,10.9566,5.1,,17.5,17.9,0.225,18.5,0.148,2.48,icon_d2
2026-09-01,W0466,52.4824,10.9861,4.1,,17.5,17.5,0.319,17.9,0.218,2.49,icon_d2
2026-09-01,W0467,52.4824,11.0157,4.2,,17.4,17.5,0.319,17.9,0.218,2.37,icon_d2
2026-09-01,W0468,52.4824,11.0452,3.9,,17.4,17.5,0.319,17.9,0.218,2.35,icon_d2
2026-09-01,W1494,52.47342,11.06084,3.9,,17.4,17.5,0.319,17.9,0.218,2.35,icon_d2
2026-09-01,W1495,52.47342,11.0904,5.4,,17.4,17.5,0.319,17.9,0.218,2.42,icon_d2
2026-09-01,W1496,52.47342,11.11997,4.9,,17.4,17.5,0.319,17.9,0.218,2.46,icon_d2
2026-09-01,W1497,52.47342,11.14953,5.0,,17.4,17.8,0.314,18.4,0.204,2.44,icon_d2
2026-09-01,W1498,52.49144,10.11478,2.4,,17.2,18.1,0.121,19.0,0.076,2.11,icon_d2
2026-09-01,W1499,52.49144,10.14435,2.4,,17.2,18.4,0.074,18.7,0.069,2.07,icon_d2
2026-09-01,W1500,52.49144,10.17391,2.6,,17.3,18.4,0.074,18.7,0.069,2.12,icon_d2
2026-09-01,W1501,52.49144,10.20347,2.1,,17.2,18.4,0.074,18.7,0.069,2.12,icon_d2
2026-09-01,W1502,52.49144,10.23304,2.0,,17.3,18.4,0.074,18.7,0.069,2.18,icon_d2
2026-09-01,W1503,52.49144,10.2626,2.1,,17.2,18.4,0.074,18.7,0.069,2.18,icon_d2
2026-09-01,W1504,52.49144,10.29217,2.0,,17.3,18.2,0.142,18.2,0.17,2.22,icon_d2
2026-09-01,W1505,52.49144,10.32173,1.7,,17.3,18.2,0.142,18.2,0.17,2.26,icon_d2
2026-09-01,W1506,52.49144,10.3513,1.9,,17.4,18.2,0.142,18.2,0.17,2.27,icon_d2
2026-09-01,W1507,52.49144,10.38086,1.6,,17.3,18.2,0.142,18.2,0.17,2.24,icon_d2
2026-09-01,W1508,52.49144,10.41042,1.8,,17.4,18.2,0.142,18.2,0.17,2.24,icon_d2
2026-09-01,W1509,52.49144,10.43999,1.6,,17.3,18.2,0.142,18.2,0.17,2.16,icon_d2
2026-09-01,W1510,52.49144,10.46955,1.6,,17.4,18.7,0.12,18.7,0.153,2.17,icon_d2
2026-09-01,W1511,52.49144,10.49912,1.6,,17.4,18.7,0.12,18.7,0.153,2.18,icon_d2
2026-09-01,W1512,52.49144,10.52868,1.8,,17.3,18.7,0.12,18.7,0.153,2.24,icon_d2
2026-09-01,W1513,52.49144,10.55825,2.7,,17.4,18.7,0.12,18.7,0.153,2.25,icon_d2
2026-09-01,W1514,52.49144,10.58781,4.0,,17.4,18.7,0.12,18.7,0.153,2.27,icon_d2
2026-09-01,W1515,52.49144,10.61737,4.0,,17.4,18.7,0.12,18.7,0.153,2.25,icon_d2
2026-09-01,W1516,52.49144,10.64694,4.7,,17.4,18.5,0.118,18.6,0.15,2.22,icon_d2
2026-09-01,W1517,52.49144,10.6765,5.0,,17.3,18.5,0.118,18.6,0.15,2.2,icon_d2
2026-09-01,W1518,52.49144,10.70607,5.0,,17.3,18.5,0.118,18.6,0.15,2.2,icon_d2
2026-09-01,W1519,52.49144,10.73563,5.6,,17.1,18.5,0.118,18.6,0.15,2.22,icon_d2
2026-09-01,W1520,52.49144,10.76519,5.9,,17.3,18.5,0.118,18.6,0.15,2.29,icon_d2
2026-09-01,W1521,52.49144,10.79476,6.7,,17.2,17.9,0.225,18.5,0.148,2.34,icon_d2
2026-09-01,W1522,52.49144,10.82432,6.7,,17.2,17.9,0.225,18.5,0.148,2.34,icon_d2
2026-09-01,W1523,52.49144,10.85389,4.8,,17.3,17.9,0.225,18.5,0.148,2.3,icon_d2
2026-09-01,W1524,52.49144,10.88345,4.8,,17.3,17.9,0.225,18.5,0.148,2.3,icon_d2
2026-09-01,W1525,52.49144,10.91302,5.6,,17.4,17.9,0.225,18.5,0.148,2.33,icon_d2
2026-09-01,W1526,52.49144,10.94258,5.7,,17.4,17.9,0.225,18.5,0.148,2.36,icon_d2
2026-09-01,W1527,52.49144,10.97214,5.7,,17.4,17.5,0.319,17.9,0.218,2.33,icon_d2
2026-09-01,W1528,52.49144,11.00171,5.6,,17.4,17.5,0.319,17.9,0.218,2.36,icon_d2
2026-09-01,W1529,52.49144,11.03127,5.9,,17.5,17.5,0.319,17.9,0.218,2.38,icon_d2
2026-09-01,W1530,52.49144,11.06084,5.5,,17.5,17.5,0.319,17.9,0.218,2.44,icon_d2
2026-09-01,W1531,52.49144,11.0904,5.4,,17.4,17.5,0.319,17.9,0.218,2.42,icon_d2
2026-09-01,W1532,52.49144,11.11997,4.9,,17.5,17.5,0.319,17.9,0.218,2.46,icon_d2
2026-09-01,W1533,52.49144,11.14953,4.9,,17.4,17.8,0.314,18.4,0.204,2.46,icon_d2
2026-09-01,W0470,52.5005,10.1295,2.4,,17.2,18.4,0.074,18.7,0.069,2.11,icon_d2
2026-09-01,W0471,52.5005,10.1591,2.4,,17.2,18.4,0.074,18.7,0.069,2.07,icon_d2
2026-09-01,W0472,52.5005,10.1886,2.6,,17.3,18.4,0.074,18.7,0.069,2.12,icon_d2
2026-09-01,W1534,52.50946,10.20347,2.1,,17.2,18.4,0.074,18.7,0.069,2.12,icon_d2
2026-09-01,W0473,52.5005,10.2477,2.0,,17.3,18.4,0.074,18.7,0.069,2.18,icon_d2
2026-09-01,W0474,52.5005,10.2772,2.0,,17.3,18.0,0.099,18.6,0.06,2.21,icon_d2
2026-09-01,W0475,52.5005,10.3068,2.0,,17.3,18.2,0.142,18.2,0.17,2.22,icon_d2
2026-09-01,W1535,52.50946,10.32173,1.7,,17.3,18.2,0.142,18.2,0.17,2.26,icon_d2
2026-09-01,W1536,52.50946,10.3513,1.9,,17.4,18.2,0.142,18.2,0.17,2.27,icon_d2
2026-09-01,W0476,52.5005,10.3954,1.8,,17.4,18.2,0.142,18.2,0.17,2.24,icon_d2
2026-09-01,W0477,52.5005,10.4249,1.8,,17.5,18.2,0.142,18.2,0.17,2.24,icon_d2
2026-09-01,W0478,52.5005,10.4545,1.6,,17.3,17.3,0.178,17.6,0.082,2.16,icon_d2
2026-09-01,W0479,52.5005,10.484,1.6,,17.3,18.7,0.12,18.7,0.153,2.18,icon_d2
2026-09-01,W0480,52.5005,10.5135,1.8,,17.3,18.7,0.12,18.7,0.153,2.24,icon_d2
2026-09-01,W0481,52.5005,10.5431,2.7,,17.4,18.7,0.12,18.7,0.153,2.24,icon_d2
2026-09-01,W0482,52.5005,10.5726,4.0,,17.4,18.7,0.12,18.7,0.153,2.27,icon_d2
2026-09-01,W0483,52.5005,10.6021,4.0,,17.4,17.4,0.169,17.6,0.061,2.27,icon_d2
2026-09-01,W1537,52.50946,10.61737,4.0,,17.3,17.4,0.169,17.6,0.061,2.25,icon_d2
2026-09-01,W0484,52.5005,10.6612,4.6,,17.2,18.5,0.118,18.6,0.15,2.2,icon_d2
2026-09-01,W0485,52.5005,10.6908,5.0,,17.1,18.5,0.118,18.6,0.15,2.19,icon_d2
2026-09-01,W0486,52.5005,10.7203,5.3,,17.2,18.5,0.118,18.6,0.15,2.24,icon_d2
2026-09-01,W0487,52.5005,10.7498,5.6,,17.2,18.5,0.118,18.6,0.15,2.23,icon_d2
2026-09-01,W1538,52.50946,10.76519,5.9,,17.2,17.5,0.176,17.9,0.065,2.28,icon_d2
2026-09-01,W0488,52.5005,10.8089,6.7,,17.3,17.9,0.225,18.5,0.148,2.35,icon_d2
2026-09-01,W0489,52.5005,10.8384,4.8,,17.2,17.9,0.225,18.5,0.148,2.29,icon_d2
2026-09-01,W0490,52.5005,10.868,4.8,,17.2,17.9,0.225,18.5,0.148,2.29,icon_d2
2026-09-01,W0491,52.5005,10.8975,5.6,,17.3,17.9,0.225,18.5,0.148,2.32,icon_d2
2026-09-01,W0492,52.5005,10.9271,5.6,,17.3,17.9,0.225,18.5,0.148,2.32,icon_d2
2026-09-01,W0493,52.5005,10.9566,5.7,,17.3,17.6,0.286,18.1,0.159,2.35,icon_d2
2026-09-01,W0494,52.5005,10.9861,5.7,,17.4,17.5,0.319,17.9,0.218,2.34,icon_d2
2026-09-01,W1539,52.50946,11.00171,5.6,,17.4,17.5,0.319,17.9,0.218,2.36,icon_d2
2026-09-01,W1540,52.50946,11.03127,5.9,,17.5,17.5,0.319,17.9,0.218,2.38,icon_d2
2026-09-01,W1541,52.50946,11.06084,5.5,,17.4,17.5,0.319,17.9,0.218,2.44,icon_d2
2026-09-01,W0495,52.5005,11.1043,5.4,,17.4,17.5,0.308,17.9,0.191,2.41,icon_d2
2026-09-01,W1542,52.50946,11.11997,4.9,,17.4,17.5,0.308,17.9,0.191,2.46,icon_d2
2026-09-01,W1543,52.50946,11.14953,4.9,,17.4,17.8,0.314,18.4,0.204,2.46,icon_d2
2026-09-01,W0497,52.5185,10.1295,2.5,,17.2,17.8,0.151,18.9,0.058,2.05,icon_d2
2026-09-01,W0498,52.5185,10.1591,2.2,,17.2,18.4,0.074,18.7,0.069,2.07,icon_d2
2026-09-01,W1544,52.52748,10.17391,2.2,,17.2,18.0,0.099,18.6,0.06,2.08,icon_d2
2026-09-01,W1545,52.52748,10.20347,2.3,,17.3,18.0,0.099,18.6,0.06,2.17,icon_d2
2026-09-01,W0499,52.5185,10.2477,2.3,,17.3,18.0,0.099,18.6,0.06,2.17,icon_d2
2026-09-01,W0500,52.5185,10.2772,2.8,,17.3,18.0,0.099,18.6,0.06,2.19,icon_d2
2026-09-01,W0501,52.5185,10.3068,2.8,,17.4,18.2,0.142,18.2,0.17,2.27,icon_d2
2026-09-01,W1546,52.52748,10.32173,2.8,,17.3,18.2,0.142,18.2,0.17,2.27,icon_d2
2026-09-01,W1547,52.52748,10.3513,2.8,,17.4,17.3,0.178,17.6,0.082,2.28,icon_d2
2026-09-01,W0502,52.5185,10.3954,2.5,,17.3,17.3,0.178,17.6,0.082,2.2,icon_d2
2026-09-01,W0503,52.5185,10.4249,2.5,,17.3,17.3,0.178,17.6,0.082,2.2,icon_d2
2026-09-01,W0504,52.5185,10.4545,2.2,,17.3,17.3,0.178,17.6,0.082,2.17,icon_d2
2026-09-01,W1548,52.52748,10.46955,2.2,,17.2,17.3,0.178,17.6,0.082,2.16,icon_d2
2026-09-01,W0505,52.5185,10.5135,2.3,,17.3,18.7,0.12,18.7,0.153,2.26,icon_d2
2026-09-01,W0506,52.5185,10.5431,2.3,,17.3,17.4,0.169,17.6,0.061,2.26,icon_d2
2026-09-01,W0507,52.5185,10.5726,3.5,,17.3,17.4,0.169,17.6,0.061,2.27,icon_d2
2026-09-01,W0508,52.5185,10.6021,3.0,,17.4,17.4,0.169,17.6,0.061,2.24,icon_d2
2026-09-01,W0509,52.5185,10.6317,2.6,,17.3,17.4,0.169,17.6,0.061,2.17,icon_d2
2026-09-01,W0510,52.5185,10.6612,2.4,,17.2,18.5,0.118,18.6,0.15,2.12,icon_d2
2026-09-01,W0511,52.5185,10.6908,2.2,,17.1,18.5,0.118,18.6,0.15,2.18,icon_d2
2026-09-01,W0512,52.5185,10.7203,2.6,,17.1,17.5,0.176,17.9,0.065,2.23,icon_d2
2026-09-01,W0513,52.5185,10.7498,2.2,,17.3,17.5,0.176,17.9,0.065,2.34,icon_d2
2026-09-01,W0514,52.5185,10.7794,2.7,,17.3,17.5,0.176,17.9,0.065,2.32,icon_d2
2026-09-01,W1549,52.52748,10.79476,2.7,,17.4,17.5,0.176,17.9,0.065,2.33,icon_d2
2026-09-01,W0515,52.5185,10.8384,3.7,,17.2,17.9,0.225,18.5,0.148,2.28,icon_d2
2026-09-01,W0516,52.5185,10.868,3.7,,17.2,17.6,0.286,18.1,0.159,2.29,icon_d2
2026-09-01,W0517,52.5185,10.8975,4.6,,17.2,17.6,0.286,18.1,0.159,2.27,icon_d2
2026-09-01,W0518,52.5185,10.9271,2.9,,17.2,17.6,0.286,18.1,0.159,2.34,icon_d2
2026-09-01,W0519,52.5185,10.9566,3.0,,17.3,17.6,0.286,18.1,0.159,2.4,icon_d2
2026-09-01,W0520,52.5185,10.9861,3.2,,17.4,17.5,0.319,17.9,0.218,2.36,icon_d2
2026-09-01,W0521,52.5185,11.0157,3.3,,17.5,17.5,0.319,17.9,0.218,2.43,icon_d2
2026-09-01,W1550,52.52748,11.03127,3.3,,17.5,17.5,0.308,17.9,0.191,2.43,icon_d2
2026-09-01,W1551,52.52748,11.06084,3.2,,17.4,17.5,0.308,17.9,0.191,2.44,icon_d2
2026-09-01,W1552,52.52748,11.0904,3.6,,17.4,17.5,0.308,17.9,0.191,2.47,icon_d2
2026-09-01,W1553,52.52748,11.11997,3.6,,17.4,17.5,0.308,17.9,0.191,2.47,icon_d2
2026-09-01,W1554,52.52748,11.14953,4.0,,17.4,17.8,0.314,18.4,0.204,2.46,icon_d2
2026-09-01,W0523,52.5365,10.1295,2.7,,17.2,17.8,0.151,18.9,0.058,2.11,icon_d2
2026-09-01,W1555,52.5455,10.14435,2.8,,17.3,18.0,0.099,18.6,0.06,2.17,icon_d2
2026-09-01,W1556,52.5455,10.17391,2.9,,17.2,18.0,0.099,18.6,0.06,2.11,icon_d2
2026-09-01,W0524,52.5365,10.2182,2.8,,17.3,18.0,0.099,18.6,0.06,2.14,icon_d2
2026-09-01,W0525,52.5365,10.2477,3.1,,17.2,18.0,0.099,18.6,0.06,2.14,icon_d2
2026-09-01,W0526,52.5365,10.2772,3.1,,17.3,18.0,0.099,18.6,0.06,2.24,icon_d2
2026-09-01,W0527,52.5365,10.3068,3.1,,17.3,18.0,0.099,18.6,0.06,2.24,icon_d2
2026-09-01,W0547,52.5545,10.3363,3.6,,17.2,17.3,0.178,17.6,0.082,2.23,icon_d2
2026-09-01,W1557,52.5455,10.3513,3.6,,17.4,17.3,0.178,17.6,0.082,2.32,icon_d2
2026-09-01,W0548,52.5545,10.3954,2.7,,17.3,17.3,0.178,17.6,0.082,2.15,icon_d2
2026-09-01,W0549,52.5545,10.4249,2.7,,17.2,17.3,0.178,17.6,0.082,2.15,icon_d2
2026-09-01,W0528,52.5365,10.4545,3.7,,17.2,17.3,0.178,17.6,0.082,2.19,icon_d2
2026-09-01,W0529,52.5365,10.484,3.2,,17.2,17.4,0.169,17.6,0.061,2.16,icon_d2
2026-09-01,W0530,52.5365,10.5135,3.4,,17.2,17.4,0.169,17.6,0.061,2.18,icon_d2
2026-09-01,W0531,52.5365,10.5431,2.9,,17.3,17.4,0.169,17.6,0.061,2.24,icon_d2
2026-09-01,W0532,52.5365,10.5726,3.2,,17.3,17.4,0.169,17.6,0.061,2.24,icon_d2
2026-09-01,W0533,52.5365,10.6021,3.0,,17.4,17.4,0.169,17.6,0.061,2.24,icon_d2
2026-09-01,W0534,52.5365,10.6317,2.4,,17.3,17.4,0.169,17.6,0.061,2.16,icon_d2
2026-09-01,W0535,52.5365,10.6612,2.9,,17.2,17.5,0.176,17.9,0.065,2.18,icon_d2
2026-09-01,W0536,52.5365,10.6908,3.6,,17.3,17.5,0.176,17.9,0.065,2.24,icon_d2
2026-09-01,W0537,52.5365,10.7203,3.6,,17.3,17.5,0.176,17.9,0.065,2.25,icon_d2
2026-09-01,W0538,52.5365,10.7498,3.8,,17.1,17.5,0.176,17.9,0.065,2.29,icon_d2
2026-09-01,W0539,52.5365,10.7794,4.4,,17.3,17.5,0.176,17.9,0.065,2.33,icon_d2
2026-09-01,W0540,52.5365,10.8089,3.5,,17.4,17.5,0.176,17.9,0.065,2.35,icon_d2
2026-09-01,W0562,52.5545,10.8384,3.6,,17.2,17.6,0.286,18.1,0.159,2.28,icon_d2
2026-09-01,W0563,52.5545,10.868,3.2,,17.2,17.6,0.286,18.1,0.159,2.3,icon_d2
2026-09-01,W0564,52.5545,10.8975,2.9,,17.3,17.6,0.286,18.1,0.159,2.31,icon_d2
2026-09-01,W0541,52.5365,10.9271,3.3,,17.4,17.6,0.286,18.1,0.159,2.4,icon_d2
2026-09-01,W0542,52.5365,10.9566,3.0,,17.3,17.6,0.286,18.1,0.159,2.4,icon_d2
2026-09-01,W1558,52.5455,10.97214,3.0,,17.4,17.6,0.286,18.1,0.159,2.41,icon_d2
2026-09-01,W1559,52.5455,11.00171,2.8,,17.4,17.5,0.308,17.9,0.191,2.44,icon_d2
2026-09-01,W1560,52.5455,11.03127,2.6,,17.4,17.5,0.308,17.9,0.191,2.48,icon_d2
2026-09-01,W0543,52.5365,11.0747,2.3,,17.4,17.5,0.308,17.9,0.191,2.43,icon_d2
2026-09-01,W0544,52.5365,11.1043,2.8,,17.4,17.5,0.308,17.9,0.191,2.47,icon_d2
2026-09-01,W0567,52.5545,11.1338,1.3,,17.4,17.5,0.308,17.9,0.191,2.47,icon_d2
2026-09-01,W1561,52.5455,11.14953,2.4,,17.4,17.3,0.28,17.5,0.153,2.47,icon_d2
2026-09-01,W1562,52.56351,10.11478,2.3,,17.3,17.8,0.151,18.9,0.058,2.23,icon_d2
2026-09-01,W0568,52.5725,10.1591,2.2,,17.4,18.0,0.099,18.6,0.06,2.27,icon_d2
2026-09-01,W0569,52.5725,10.1886,2.1,,17.2,18.0,0.099,18.6,0.06,2.24,icon_d2
2026-09-01,W0570,52.5725,10.2182,2.4,,17.2,18.0,0.099,18.6,0.06,2.23,icon_d2
2026-09-01,W1563,52.56351,10.23304,3.0,,17.2,18.0,0.099,18.6,0.06,2.16,icon_d2
2026-09-01,W0571,52.5725,10.2772,2.5,,17.2,17.2,0.189,18.0,0.056,2.2,icon_d2
2026-09-01,W0572,52.5725,10.3068,2.3,,17.3,17.2,0.189,18.0,0.056,2.19,icon_d2
2026-09-01,W0573,52.5725,10.3363,2.3,,17.1,17.3,0.178,17.6,0.082,2.19,icon_d2
2026-09-01,W0574,52.5725,10.3658,2.3,,17.2,17.3,0.178,17.6,0.082,2.2,icon_d2
2026-09-01,W0575,52.5725,10.3954,2.0,,17.2,17.3,0.178,17.6,0.082,2.19,icon_d2
2026-09-01,W0576,52.5725,10.4249,2.0,,17.2,17.3,0.178,17.6,0.082,2.19,icon_d2
2026-09-01,W0577,52.5725,10.4545,1.9,,17.2,17.0,0.196,17.5,0.051,2.24,icon_d2
2026-09-01,W0578,52.5725,10.484,1.4,,17.1,17.4,0.169,17.6,0.061,2.19,icon_d2
2026-09-01,W0579,52.5725,10.5135,1.2,,17.3,17.4,0.169,17.6,0.061,2.35,icon_d2
2026-09-01,W0580,52.5725,10.5431,1.3,,17.3,17.4,0.169,17.6,0.061,2.29,icon_d2
2026-09-01,W0581,52.5725,10.5726,1.3,,17.3,17.4,0.169,17.6,0.061,2.27,icon_d2
2026-09-01,W0582,52.5725,10.6021,1.3,,17.3,17.4,0.169,17.6,0.061,2.27,icon_d2
2026-09-01,W0583,52.5725,10.6317,1.9,,17.3,17.2,0.176,17.6,0.057,2.28,icon_d2
2026-09-01,W0584,52.5725,10.6612,1.7,,17.3,17.5,0.176,17.9,0.065,2.25,icon_d2
2026-09-01,W0585,52.5725,10.6908,2.1,,17.1,17.5,0.176,17.9,0.065,2.19,icon_d2
2026-09-01,W0586,52.5725,10.7203,2.1,,17.1,17.5,0.176,17.9,0.065,2.18,icon_d2
2026-09-01,W0587,52.5725,10.7498,3.2,,17.1,17.5,0.176,17.9,0.065,2.2,icon_d2
2026-09-01,W0588,52.5725,10.7794,0.8,,17.1,17.2,0.193,17.6,0.078,2.21,icon_d2
2026-09-01,W0589,52.5725,10.8089,1.0,,17.2,17.2,0.193,17.6,0.078,2.28,icon_d2
2026-09-01,W0590,52.5725,10.8384,1.0,,17.3,17.6,0.286,18.1,0.159,2.35,icon_d2
2026-09-01,W0591,52.5725,10.868,1.0,,17.3,17.6,0.286,18.1,0.159,2.35,icon_d2
2026-09-01,W0592,52.5725,10.8975,1.0,,17.3,17.6,0.286,18.1,0.159,2.38,icon_d2
2026-09-01,W0593,52.5725,10.9271,1.0,,17.3,17.6,0.286,18.1,0.159,2.38,icon_d2
2026-09-01,W1564,52.56351,10.94258,2.7,,17.4,17.6,0.286,18.1,0.159,2.38,icon_d2
2026-09-01,W1565,52.56351,10.97214,2.6,,17.3,17.6,0.286,18.1,0.159,2.4,icon_d2
2026-09-01,W1566,52.56351,11.00171,2.6,,17.3,17.5,0.308,17.9,0.191,2.4,icon_d2
2026-09-01,W1567,52.56351,11.03127,1.2,,17.4,17.5,0.308,17.9,0.191,2.49,icon_d2
2026-09-01,W0594,52.5725,11.0747,0.8,,17.3,17.5,0.308,17.9,0.191,2.45,icon_d2
2026-09-01,W1568,52.56351,11.0904,1.2,,17.3,17.5,0.308,17.9,0.191,2.45,icon_d2
2026-09-01,W0595,52.5725,11.1338,0.4,,17.4,17.7,0.221,18.1,0.147,2.44,icon_d2
2026-09-01,W1569,52.56351,11.14953,1.3,,17.3,17.3,0.28,17.5,0.153,2.47,icon_d2
2026-09-01,W1570,52.58153,10.11478,2.2,,17.2,17.5,0.18,18.3,0.061,2.26,icon_d2
2026-09-01,W0596,52.5905,10.1591,2.2,,17.3,18.0,0.099,18.6,0.06,2.27,icon_d2
2026-09-01,W0597,52.5905,10.1886,2.2,,17.4,18.0,0.099,18.6,0.06,2.27,icon_d2
2026-09-01,W0598,52.5905,10.2182,2.2,,17.2,17.2,0.189,18.0,0.056,2.15,icon_d2
2026-09-01,W0599,52.5905,10.2477,2.0,,17.2,17.2,0.189,18.0,0.056,2.24,icon_d2
2026-09-01,W0600,52.5905,10.2772,1.9,,17.2,17.2,0.189,18.0,0.056,2.29,icon_d2
2026-09-01,W0601,52.5905,10.3068,2.0,,17.2,17.2,0.189,18.0,0.056,2.25,icon_d2
2026-09-01,W0602,52.5905,10.3363,1.9,,17.0,17.3,0.178,17.6,0.082,2.17,icon_d2
2026-09-01,W1571,52.58153,10.3513,2.3,,17.2,17.3,0.178,17.6,0.082,2.2,icon_d2
2026-09-01,W1572,52.58153,10.38086,2.6,,17.2,17.3,0.178,17.6,0.082,2.21,icon_d2
2026-09-01,W1573,52.58153,10.41042,2.0,,17.3,17.0,0.196,17.5,0.051,2.2,icon_d2
2026-09-01,W0603,52.5905,10.4545,1.9,,17.2,17.0,0.196,17.5,0.051,2.24,icon_d2
2026-09-01,W0604,52.5905,10.484,1.4,,17.1,17.0,0.196,17.5,0.051,2.21,icon_d2
2026-09-01,W0605,52.5905,10.5135,1.2,,17.3,17.4,0.169,17.6,0.061,2.36,icon_d2
2026-09-01,W0606,52.5905,10.5431,1.0,,17.2,17.4,0.169,17.6,0.061,2.33,icon_d2
2026-09-01,W0607,52.5905,10.5726,0.6,,17.3,17.2,0.176,17.6,0.057,2.39,icon_d2
2026-09-01,W1574,52.58153,10.58781,1.3,,17.3,17.2,0.176,17.6,0.057,2.27,icon_d2
2026-09-01,W0608,52.5905,10.6317,0.6,,17.2,17.2,0.176,17.6,0.057,2.31,icon_d2
2026-09-01,W0609,52.5905,10.6612,0.6,,17.4,17.5,0.176,17.9,0.065,2.3,icon_d2
2026-09-01,W0610,52.5905,10.6908,0.6,,17.2,17.5,0.176,17.9,0.065,2.25,icon_d2
2026-09-01,W0611,52.5905,10.7203,1.0,,17.1,17.2,0.193,17.6,0.078,2.22,icon_d2
2026-09-01,W0612,52.5905,10.7498,0.3,,17.1,17.2,0.193,17.6,0.078,2.24,icon_d2
2026-09-01,W0613,52.5905,10.7794,0.3,,17.2,17.2,0.193,17.6,0.078,2.27,icon_d2
2026-09-01,W0614,52.5905,10.8089,0.3,,17.0,17.2,0.193,17.6,0.078,2.26,icon_d2
2026-09-01,W0615,52.5905,10.8384,0.4,,17.1,17.6,0.286,18.1,0.159,2.32,icon_d2
2026-09-01,W0616,52.5905,10.868,0.2,,17.3,17.6,0.286,18.1,0.159,2.33,icon_d2
2026-09-01,W1742,52.58153,10.88345,0.3,,17.3,17.6,0.286,18.1,0.159,2.38,icon_d2
2026-09-01,W1743,52.58153,10.91302,1.0,,17.3,17.4,0.237,17.9,0.16,2.38,icon_d2
2026-09-01,W0617,52.5905,10.9566,0.3,,17.6,17.4,0.237,17.9,0.16,2.6,icon_d2
2026-09-01,W1744,52.58153,10.97214,0.7,,17.4,17.4,0.237,17.9,0.16,2.48,icon_d2
2026-09-01,W0618,52.5905,11.0157,0.4,,17.6,17.5,0.308,17.9,0.191,2.51,icon_d2
2026-09-01,W0619,52.5905,11.0452,0.4,,17.5,17.5,0.308,17.9,0.191,2.54,icon_d2
2026-09-01,W1745,52.58153,11.06084,0.8,,17.3,17.5,0.308,17.9,0.191,2.44,icon_d2
2026-09-01,W1746,52.58153,11.0904,0.4,,17.5,17.7,0.221,18.1,0.147,2.49,icon_d2
2026-09-01,W0620,52.5905,11.1338,0.4,,17.3,17.7,0.221,18.1,0.147,2.33,icon_d2
2026-09-01,W1747,52.58153,11.14953,0.4,,17.2,17.7,0.221,18.1,0.147,2.42,icon_d2
2026-09-01,W1748,52.59955,10.11478,1.8,,17.5,17.5,0.18,18.3,0.061,2.27,icon_d2
2026-09-01,W1749,52.59955,10.14435,1.8,,17.5,17.5,0.18,18.3,0.061,2.27,icon_d2
2026-09-01,W1750,52.59955,10.17391,2.2,,17.4,17.2,0.189,18.0,0.056,2.27,icon_d2
2026-09-01,W1751,52.59955,10.20347,2.2,,17.2,17.2,0.189,18.0,0.056,2.15,icon_d2
2026-09-01,W1752,52.59955,10.23304,2.0,,17.1,17.2,0.189,18.0,0.056,2.24,icon_d2
2026-09-01,W1753,52.59955,10.2626,1.9,,17.2,17.2,0.189,18.0,0.056,2.29,icon_d2
2026-09-01,W1754,52.59955,10.29217,2.0,,17.2,17.2,0.189,18.0,0.056,2.25,icon_d2
2026-09-01,W1755,52.59955,10.32173,2.0,,17.1,17.2,0.189,18.0,0.056,2.25,icon_d2
2026-09-01,W1756,52.59955,10.3513,2.0,,17.2,17.0,0.196,17.5,0.051,2.2,icon_d2
2026-09-01,W1757,52.59955,10.38086,1.9,,17.1,17.0,0.196,17.5,0.051,2.22,icon_d2
2026-09-01,W1758,52.59955,10.41042,1.8,,17.2,17.0,0.196,17.5,0.051,2.29,icon_d2
2026-09-01,W1759,52.59955,10.43999,1.8,,17.1,17.0,0.196,17.5,0.051,2.29,icon_d2
2026-09-01,W1760,52.59955,10.46955,1.9,,17.2,17.0,0.196,17.5,0.051,2.24,icon_d2
2026-09-01,W1761,52.59955,10.49912,1.4,,17.1,17.4,0.169,17.6,0.061,2.21,icon_d2
2026-09-01,W1762,52.59955,10.52868,1.2,,17.4,17.2,0.176,17.6,0.057,2.36,icon_d2
2026-09-01,W1763,52.59955,10.55825,0.6,,17.3,17.2,0.176,17.6,0.057,2.39,icon_d2
2026-09-01,W1764,52.59955,10.58781,0.6,,17.3,17.2,0.176,17.6,0.057,2.39,icon_d2
2026-09-01,W1765,52.59955,10.61737,0.8,,17.3,17.2,0.176,17.6,0.057,2.33,icon_d2
2026-09-01,W1599,52.59955,10.64694,0.6,,17.2,17.2,0.176,17.6,0.057,2.31,icon_d2
2026-09-01,W1600,52.59955,10.6765,0.6,,17.4,17.5,0.176,17.9,0.065,2.3,icon_d2
2026-09-01,W1601,52.59955,10.70607,0.6,,17.2,17.2,0.193,17.6,0.078,2.25,icon_d2
2026-09-01,W1610,52.59955,10.73563,0.3,,17.2,17.2,0.193,17.6,0.078,2.25,icon_d2
2026-09-01,W1602,52.59955,10.76519,0.3,,17.2,17.2,0.193,17.6,0.078,2.25,icon_d2
2026-09-01,W1603,52.59955,10.79476,0.3,,17.0,17.2,0.193,17.6,0.078,2.26,icon_d2
2026-09-01,W1611,52.59955,10.82432,0.4,,17.1,17.2,0.193,17.6,0.078,2.32,icon_d2
2026-09-01,W1604,52.59955,10.85389,0.2,,17.1,17.4,0.237,17.9,0.16,2.32,icon_d2
2026-09-01,W1605,52.59955,10.88345,0.3,,17.4,17.4,0.237,17.9,0.16,2.51,icon_d2
2026-09-01,W1766,52.59955,10.91302,0.3,,17.4,17.4,0.237,17.9,0.16,2.6,icon_d2
2026-09-01,W1767,52.59955,10.94258,0.3,,17.5,17.4,0.237,17.9,0.16,2.61,icon_d2
2026-09-01,W1608,52.59955,10.97214,0.4,,17.6,17.4,0.237,17.9,0.16,2.52,icon_d2
2026-09-01,W1768,52.59955,11.00171,0.4,,17.6,17.5,0.308,17.9,0.191,2.51,icon_d2
2026-09-01,W1769,52.59955,11.03127,0.4,,17.5,17.7,0.221,18.1,0.147,2.54,icon_d2
2026-09-01,W1770,52.59955,11.06084,0.3,,17.5,17.7,0.221,18.1,0.147,2.61,icon_d2
2026-09-01,W1612,52.59955,11.0904,0.4,,17.2,17.7,0.221,18.1,0.147,2.47,icon_d2
2026-09-01,W1613,52.59955,11.11997,0.4,,17.3,17.7,0.221,18.1,0.147,2.47,icon_d2
2026-09-01,W1614,52.59955,11.14953,0.4,,17.3,17.7,0.221,18.1,0.147,2.33,icon_d2
2026-09-01,W0621,52.6086,10.1295,1.8,,17.5,17.5,0.18,18.3,0.061,2.27,icon_d2
2026-09-01,W0622,52.6086,10.1591,2.2,,17.3,17.2,0.189,18.0,0.056,2.27,icon_d2
2026-09-01,W0623,52.6086,10.1886,2.2,,17.4,17.2,0.189,18.0,0.056,2.27,icon_d2
2026-09-01,W0624,52.6086,10.2182,2.2,,17.2,17.2,0.189,18.0,0.056,2.15,icon_d2
2026-09-01,W0625,52.6086,10.2477,2.0,,17.2,17.2,0.189,18.0,0.056,2.24,icon_d2
2026-09-01,W0626,52.6086,10.2772,1.9,,17.2,17.2,0.189,18.0,0.056,2.29,icon_d2
2026-09-01,W0627,52.6086,10.3068,2.0,,17.1,17.2,0.189,18.0,0.056,2.25,icon_d2
2026-09-01,W1615,52.61757,10.32173,2.2,,17.1,17.2,0.189,18.0,0.056,2.27,icon_d2
2026-09-01,W0628,52.6086,10.3658,2.0,,17.1,17.0,0.196,17.5,0.051,2.2,icon_d2
2026-09-01,W0629,52.6086,10.3954,1.9,,17.1,17.0,0.196,17.5,0.051,2.25,icon_d2
2026-09-01,W0630,52.6086,10.4249,1.8,,17.2,17.0,0.196,17.5,0.051,2.3,icon_d2
2026-09-01,W1616,52.61757,10.43999,2.0,,17.0,17.0,0.196,17.5,0.051,2.26,icon_d2
2026-09-01,W0631,52.6086,10.484,1.4,,17.1,17.0,0.196,17.5,0.051,2.21,icon_d2
2026-09-01,W0632,52.6086,10.5135,1.2,,17.4,17.2,0.176,17.6,0.057,2.36,icon_d2
2026-09-01,W0633,52.6086,10.5431,1.0,,17.1,17.2,0.176,17.6,0.057,2.32,icon_d2
2026-09-01,W1617,52.61757,10.55825,0.7,,17.2,17.2,0.176,17.6,0.057,2.38,icon_d2
2026-09-01,W0634,52.6086,10.6021,0.7,,17.4,17.2,0.176,17.6,0.057,2.42,icon_d2
2026-09-01,W0635,52.6086,10.6317,0.6,,17.3,17.2,0.176,17.6,0.057,2.32,icon_d2
2026-09-01,W0636,52.6086,10.6612,0.6,,17.3,17.2,0.176,17.6,0.057,2.29,icon_d2
2026-09-01,W0637,52.6086,10.6908,0.6,,17.3,17.2,0.193,17.6,0.078,2.26,icon_d2
2026-09-01,W0638,52.6086,10.7203,1.0,,17.2,17.2,0.193,17.6,0.078,2.22,icon_d2
2026-09-01,W0639,52.6086,10.7498,0.3,,17.1,17.2,0.193,17.6,0.078,2.24,icon_d2
2026-09-01,W0640,52.6086,10.7794,0.3,,17.1,17.2,0.193,17.6,0.078,2.26,icon_d2
2026-09-01,W0641,52.6086,10.8089,0.3,,17.0,17.2,0.193,17.6,0.078,2.26,icon_d2
2026-09-01,W0642,52.6086,10.8384,0.4,,17.1,17.4,0.237,17.9,0.16,2.32,icon_d2
2026-09-01,W0643,52.6086,10.868,0.2,,17.2,17.4,0.237,17.9,0.16,2.33,icon_d2
2026-09-01,W1618,52.61757,10.88345,0.5,,17.3,17.4,0.237,17.9,0.16,2.46,icon_d2
2026-09-01,W1619,52.61757,10.91302,0.5,,17.6,17.4,0.237,17.9,0.16,2.61,icon_d2
2026-09-01,W0644,52.6086,10.9566,0.3,,17.6,17.4,0.237,17.9,0.16,2.6,icon_d2
2026-09-01,W0645,52.6086,10.9861,0.4,,17.6,17.4,0.237,17.9,0.16,2.52,icon_d2
2026-09-01,W0646,52.6086,11.0157,0.4,,17.5,17.7,0.221,18.1,0.147,2.5,icon_d2
2026-09-01,W0647,52.6086,11.0452,0.4,,17.6,17.7,0.221,18.1,0.147,2.55,icon_d2
2026-09-01,W0648,52.6086,11.0747,0.4,,17.4,17.7,0.221,18.1,0.147,2.53,icon_d2
2026-09-01,W0649,52.6086,11.1043,0.4,,17.3,17.7,0.221,18.1,0.147,2.47,icon_d2
2026-09-01,W0650,52.6086,11.1338,0.4,,17.3,17.7,0.221,18.1,0.147,2.33,icon_d2
2026-09-01,W1620,52.61757,11.14953,0.7,,17.7,17.7,0.221,18.1,0.147,2.5,icon_d2
2026-09-01,W0652,52.6266,10.1295,2.1,,17.4,17.5,0.18,18.3,0.061,2.24,icon_d2
2026-09-01,W0653,52.6266,10.1591,2.0,,17.2,17.2,0.189,18.0,0.056,2.21,icon_d2
2026-09-01,W0654,52.6266,10.1886,2.1,,17.3,17.2,0.189,18.0,0.056,2.16,icon_d2
2026-09-01,W0655,52.6266,10.2182,2.2,,17.1,17.2,0.189,18.0,0.056,2.15,icon_d2
2026-09-01,W0656,52.6266,10.2477,2.0,,17.1,17.2,0.189,18.0,0.056,2.24,icon_d2
2026-09-01,W0657,52.6266,10.2772,2.1,,17.2,17.2,0.189,18.0,0.056,2.35,icon_d2
2026-09-01,W1621,52.63559,10.29217,2.1,,17.2,17.2,0.189,18.0,0.056,2.35,icon_d2
2026-09-01,W1622,52.63559,10.32173,2.2,,17.1,16.8,0.206,17.4,0.065,2.27,icon_d2
2026-09-01,W0658,52.6266,10.3658,2.2,,17.0,17.0,0.196,17.5,0.051,2.18,icon_d2
2026-09-01,W0659,52.6266,10.3954,2.1,,17.0,17.0,0.196,17.5,0.051,2.22,icon_d2
2026-09-01,W0660,52.6266,10.4249,2.2,,17.1,17.0,0.196,17.5,0.051,2.29,icon_d2
2026-09-01,W0661,52.6266,10.4545,1.9,,17.0,17.0,0.196,17.5,0.051,2.28,icon_d2
2026-09-01,W0662,52.6266,10.484,1.8,,17.1,17.0,0.196,17.5,0.051,2.22,icon_d2
2026-09-01,W0663,52.6266,10.5135,1.4,,17.0,17.2,0.176,17.6,0.057,2.27,icon_d2
2026-09-01,W1623,52.63559,10.52868,1.8,,17.1,17.2,0.176,17.6,0.057,2.24,icon_d2
2026-09-01,W0664,52.6266,10.5726,0.7,,17.2,17.2,0.176,17.6,0.057,2.38,icon_d2
2026-09-01,W0665,52.6266,10.6021,1.1,,17.4,17.2,0.176,17.6,0.057,2.51,icon_d2
2026-09-01,W0666,52.6266,10.6317,0.9,,17.4,17.2,0.176,17.6,0.057,2.44,icon_d2
2026-09-01,W0667,52.6266,10.6612,0.9,,17.3,17.2,0.176,17.6,0.057,2.41,icon_d2
2026-09-01,W0668,52.6266,10.6908,0.7,,17.3,17.2,0.193,17.6,0.078,2.33,icon_d2
2026-09-01,W0669,52.6266,10.7203,0.7,,17.1,17.2,0.193,17.6,0.078,2.35,icon_d2
2026-09-01,W0670,52.6266,10.7498,0.4,,17.2,17.2,0.193,17.6,0.078,2.37,icon_d2
2026-09-01,W0671,52.6266,10.7794,0.4,,17.1,17.2,0.193,17.6,0.078,2.39,icon_d2
2026-09-01,W0672,52.6266,10.8089,0.3,,17.2,17.2,0.193,17.6,0.078,2.33,icon_d2
2026-09-01,W0673,52.6266,10.8384,0.2,,17.1,17.4,0.237,17.9,0.16,2.36,icon_d2
2026-09-01,W0674,52.6266,10.868,0.5,,17.3,17.4,0.237,17.9,0.16,2.46,icon_d2
2026-09-01,W1624,52.63559,10.88345,0.5,,17.5,17.4,0.237,17.9,0.16,2.48,icon_d2
2026-09-01,W1625,52.63559,10.91302,0.7,,17.5,17.4,0.237,17.9,0.16,2.57,icon_d2
2026-09-01,W0675,52.6266,10.9566,0.3,,17.4,17.4,0.237,17.9,0.16,2.54,icon_d2
2026-09-01,W0676,52.6266,10.9861,0.3,,17.4,17.4,0.237,17.9,0.16,2.54,icon_d2
2026-09-01,W0677,52.6266,11.0157,0.4,,17.3,17.7,0.221,18.1,0.147,2.46,icon_d2
2026-09-01,W0678,52.6266,11.0452,0.6,,17.4,17.7,0.221,18.1,0.147,2.56,icon_d2
2026-09-01,W1626,52.63559,11.06084,0.6,,17.6,17.7,0.221,18.1,0.147,2.56,icon_d2
2026-09-01,W0679,52.6266,11.1043,0.6,,17.4,17.7,0.221,18.1,0.147,2.63,icon_d2
2026-09-01,W0680,52.6266,11.1338,0.7,,17.5,17.7,0.221,18.1,0.147,2.49,icon_d2
2026-09-01,W1627,52.63559,11.14953,0.6,,17.7,17.7,0.221,18.1,0.147,2.65,icon_d2
2026-09-01,W0707,52.6626,10.1,2.1,,17.1,16.9,0.175,17.6,0.08,2.21,icon_d2
2026-09-01,W0709,52.6626,10.1591,2.5,,17.2,16.9,0.175,17.6,0.08,2.21,icon_d2
2026-09-01,W0710,52.6626,10.1886,2.5,,17.2,17.2,0.189,18.0,0.056,2.21,icon_d2
2026-09-01,W0711,52.6626,10.2182,2.4,,17.1,17.2,0.189,18.0,0.056,2.25,icon_d2
2026-09-01,W1628,52.6536,10.23304,2.4,,17.1,17.2,0.189,18.0,0.056,2.25,icon_d2
2026-09-01,W0712,52.6626,10.2772,2.4,,17.1,16.8,0.206,17.4,0.065,2.27,icon_d2
2026-09-01,W0684,52.6446,10.3068,2.1,,17.2,16.8,0.206,17.4,0.065,2.35,icon_d2
2026-09-01,W0713,52.6626,10.3363,2.3,,17.0,16.8,0.206,17.4,0.065,2.25,icon_d2
2026-09-01,W0714,52.6626,10.3658,2.3,,17.0,17.0,0.196,17.5,0.051,2.25,icon_d2
2026-09-01,W0715,52.6626,10.3954,1.8,,17.0,16.8,0.195,17.4,0.063,2.12,icon_d2
2026-09-01,W0716,52.6626,10.4249,1.8,,16.9,16.8,0.195,17.4,0.063,2.11,icon_d2
2026-09-01,W0717,52.6626,10.4545,1.7,,16.9,16.8,0.195,17.4,0.063,2.23,icon_d2
2026-09-01,W1629,52.6536,10.46955,1.7,,17.0,16.8,0.195,17.4,0.063,2.23,icon_d2
2026-09-01,W0718,52.6626,10.5135,1.3,,16.9,17.2,0.176,17.6,0.057,2.19,icon_d2
2026-09-01,W0719,52.6626,10.5431,1.4,,17.0,17.2,0.176,17.6,0.057,2.21,icon_d2
2026-09-01,W0720,52.6626,10.5726,1.5,,17.1,16.9,0.14,17.5,0.058,2.22,icon_d2
2026-09-01,W0721,52.6626,10.6021,1.3,,17.2,16.9,0.14,17.5,0.058,2.3,icon_d2
2026-09-01,W0722,52.6626,10.6317,1.3,,17.4,16.9,0.14,17.5,0.058,2.39,icon_d2
2026-09-01,W0723,52.6626,10.6612,1.4,,17.4,16.9,0.14,17.5,0.058,2.3,icon_d2
2026-09-01,W0724,52.6626,10.6908,1.4,,17.3,17.2,0.193,17.6,0.078,2.28,icon_d2
2026-09-01,W0725,52.6626,10.7203,1.3,,17.1,17.2,0.193,17.6,0.078,2.27,icon_d2
2026-09-01,W0726,52.6626,10.7498,1.1,,17.0,17.2,0.158,17.9,0.049,2.34,icon_d2
2026-09-01,W0727,52.6626,10.7794,1.1,,17.1,17.2,0.158,17.9,0.049,2.34,icon_d2
2026-09-01,W0728,52.6626,10.8089,0.9,,17.3,17.2,0.158,17.9,0.049,2.47,icon_d2
2026-09-01,W0729,52.6626,10.8384,1.2,,17.3,17.2,0.158,17.9,0.049,2.56,icon_d2
2026-09-01,W0730,52.6626,10.868,0.8,,17.4,17.4,0.237,17.9,0.16,2.58,icon_d2
2026-09-01,W0731,52.6626,10.8975,0.8,,17.4,17.6,0.207,18.2,0.133,2.51,icon_d2
2026-09-01,W0732,52.6626,10.9271,0.8,,17.3,17.6,0.207,18.2,0.133,2.44,icon_d2
2026-09-01,W0733,52.6626,10.9566,0.6,,17.3,17.6,0.207,18.2,0.133,2.53,icon_d2
2026-09-01,W0734,52.6626,10.9861,0.6,,17.4,17.6,0.207,18.2,0.133,2.55,icon_d2
2026-09-01,W0735,52.6626,11.0157,0.6,,17.4,17.7,0.221,18.1,0.147,2.51,icon_d2
2026-09-01,W0736,52.6626,11.0452,0.5,,17.5,17.7,0.221,18.1,0.147,2.59,icon_d2
2026-09-01,W0737,52.6626,11.0747,0.5,,17.8,18.1,0.167,18.9,0.149,2.72,icon_d2
2026-09-01,W0705,52.6446,11.1043,0.5,,17.7,17.7,0.221,18.1,0.147,2.66,icon_d2
2026-09-01,W0738,52.6626,11.1338,0.3,,17.9,18.1,0.167,18.9,0.149,2.72,icon_d2
2026-09-01,W1630,52.6536,11.14953,0.3,,17.7,18.1,0.167,18.9,0.149,2.71,icon_d2
2026-09-01,W0740,52.6806,10.1295,2.4,,17.0,16.9,0.175,17.6,0.08,2.21,icon_d2
2026-09-01,W0741,52.6806,10.1591,2.5,,17.1,16.9,0.175,17.6,0.08,2.18,icon_d2
2026-09-01,W0742,52.6806,10.1886,2.5,,17.2,16.8,0.206,17.4,0.065,2.18,icon_d2
2026-09-01,W0743,52.6806,10.2182,2.5,,17.1,16.8,0.206,17.4,0.065,2.2,icon_d2
2026-09-01,W0744,52.6806,10.2477,2.5,,17.1,16.8,0.206,17.4,0.065,2.23,icon_d2
2026-09-01,W0745,52.6806,10.2772,2.3,,17.1,16.8,0.206,17.4,0.065,2.19,icon_d2
2026-09-01,W0746,52.6806,10.3068,2.3,,17.1,16.8,0.206,17.4,0.065,2.22,icon_d2
2026-09-01,W1631,52.67162,10.32173,2.3,,17.1,16.8,0.206,17.4,0.065,2.22,icon_d2
2026-09-01,W0747,52.6806,10.3658,2.0,,17.0,16.8,0.195,17.4,0.063,2.23,icon_d2
2026-09-01,W0748,52.6806,10.3954,2.0,,17.1,16.8,0.195,17.4,0.063,2.14,icon_d2
2026-09-01,W0749,52.6806,10.4249,1.7,,16.9,16.8,0.195,17.4,0.063,2.11,icon_d2
2026-09-01,W0750,52.6806,10.4545,1.2,,16.9,16.8,0.195,17.4,0.063,2.1,icon_d2
2026-09-01,W0751,52.6806,10.484,1.2,,16.9,16.8,0.195,17.4,0.063,2.1,icon_d2
2026-09-01,W0752,52.6806,10.5135,1.3,,16.8,16.8,0.195,17.4,0.063,2.14,icon_d2
2026-09-01,W1632,52.67162,10.52868,1.3,,17.0,16.9,0.14,17.5,0.058,2.15,icon_d2
2026-09-01,W0753,52.6806,10.5726,1.1,,17.0,16.9,0.14,17.5,0.058,2.19,icon_d2
2026-09-01,W0754,52.6806,10.6021,0.9,,17.2,16.9,0.14,17.5,0.058,2.24,icon_d2
2026-09-01,W0755,52.6806,10.6317,1.0,,17.2,16.9,0.14,17.5,0.058,2.29,icon_d2
2026-09-01,W0756,52.6806,10.6612,1.0,,17.2,16.9,0.14,17.5,0.058,2.29,icon_d2
2026-09-01,W0757,52.6806,10.6908,1.1,,17.3,17.2,0.158,17.9,0.049,2.33,icon_d2
2026-09-01,W0758,52.6806,10.7203,1.3,,17.2,17.2,0.158,17.9,0.049,2.27,icon_d2
2026-09-01,W0759,52.6806,10.7498,1.0,,17.2,17.2,0.158,17.9,0.049,2.34,icon_d2
2026-09-01,W0760,52.6806,10.7794,1.1,,17.1,17.2,0.158,17.9,0.049,2.43,icon_d2
2026-09-01,W0761,52.6806,10.8089,0.9,,17.3,17.2,0.158,17.9,0.049,2.5,icon_d2
2026-09-01,W1633,52.67162,10.82432,0.9,,17.4,17.2,0.158,17.9,0.049,2.6,icon_d2
2026-09-01,W1634,52.67162,10.85389,0.7,,17.4,17.4,0.237,17.9,0.16,2.61,icon_d2
2026-09-01,W0762,52.6806,10.8975,0.8,,17.4,17.6,0.207,18.2,0.133,2.61,icon_d2
2026-09-01,W0763,52.6806,10.9271,1.0,,17.4,17.6,0.207,18.2,0.133,2.53,icon_d2
2026-09-01,W0764,52.6806,10.9566,0.7,,17.5,17.6,0.207,18.2,0.133,2.46,icon_d2
2026-09-01,W0765,52.6806,10.9861,0.7,,17.5,17.6,0.207,18.2,0.133,2.53,icon_d2
2026-09-01,W1635,52.67162,11.00171,0.5,,17.9,17.6,0.207,18.2,0.133,2.66,icon_d2
2026-09-01,W0766,52.6806,11.0452,0.5,,18.0,18.1,0.167,18.9,0.149,2.73,icon_d2
2026-09-01,W1636,52.67162,11.06084,0.5,,17.9,18.1,0.167,18.9,0.149,2.72,icon_d2
2026-09-01,W1637,52.67162,11.0904,0.4,,17.8,18.1,0.167,18.9,0.149,2.69,icon_d2
2026-09-01,W1638,52.67162,11.11997,0.4,,17.8,18.1,0.167,18.9,0.149,2.69,icon_d2
2026-09-01,W1639,52.67162,11.14953,0.3,,17.8,18.1,0.167,18.9,0.149,2.63,icon_d2
2026-09-01,W0768,52.6986,10.1295,2.6,,17.0,16.9,0.175,17.6,0.08,2.19,icon_d2
2026-09-01,W0769,52.6986,10.1591,2.6,,17.0,16.9,0.175,17.6,0.08,2.19,icon_d2
2026-09-01,W0770,52.6986,10.1886,2.5,,17.1,16.8,0.206,17.4,0.065,2.17,icon_d2
2026-09-01,W0771,52.6986,10.2182,2.2,,17.2,16.8,0.206,17.4,0.065,2.25,icon_d2
2026-09-01,W0772,52.6986,10.2477,2.1,,17.1,16.8,0.206,17.4,0.065,2.26,icon_d2
2026-09-01,W0773,52.6986,10.2772,2.2,,16.9,16.8,0.206,17.4,0.065,2.23,icon_d2
2026-09-01,W0774,52.6986,10.3068,2.2,,17.1,16.8,0.206,17.4,0.065,2.24,icon_d2
2026-09-01,W1640,52.68964,10.32173,2.3,,17.1,16.8,0.206,17.4,0.065,2.22,icon_d2
2026-09-01,W0775,52.6986,10.3658,1.4,,17.1,16.8,0.195,17.4,0.063,2.22,icon_d2
2026-09-01,W0776,52.6986,10.3954,1.4,,17.0,16.8,0.195,17.4,0.063,2.18,icon_d2
2026-09-01,W0777,52.6986,10.4249,1.4,,17.0,16.8,0.195,17.4,0.063,2.18,icon_d2
2026-09-01,W0778,52.6986,10.4545,1.3,,16.9,16.8,0.195,17.4,0.063,2.08,icon_d2
2026-09-01,W0779,52.6986,10.484,1.3,,16.8,16.8,0.195,17.4,0.063,2.08,icon_d2
2026-09-01,W0780,52.6986,10.5135,1.2,,16.8,16.8,0.195,17.4,0.063,2.1,icon_d2
2026-09-01,W0781,52.6986,10.5431,1.2,,16.9,16.9,0.14,17.5,0.058,2.13,icon_d2
2026-09-01,W0782,52.6986,10.5726,1.5,,16.8,16.9,0.14,17.5,0.058,2.17,icon_d2
2026-09-01,W0783,52.6986,10.6021,1.3,,16.9,16.9,0.14,17.5,0.058,2.22,icon_d2
2026-09-01,W0784,52.6986,10.6317,1.1,,17.2,16.9,0.14,17.5,0.058,2.33,icon_d2
2026-09-01,W0785,52.6986,10.6612,1.1,,17.3,16.9,0.14,17.5,0.058,2.33,icon_d2
2026-09-01,W1641,52.68964,10.6765,1.1,,17.3,16.9,0.14,17.5,0.058,2.35,icon_d2
2026-09-01,W0786,52.6986,10.7203,0.9,,17.2,17.2,0.158,17.9,0.049,2.4,icon_d2
2026-09-01,W1642,52.68964,10.73563,1.0,,17.2,17.2,0.158,17.9,0.049,2.34,icon_d2
2026-09-01,W1643,52.68964,10.76519,1.0,,17.2,17.2,0.158,17.9,0.049,2.34,icon_d2
2026-09-01,W1644,52.68964,10.79476,0.9,,17.2,17.2,0.158,17.9,0.049,2.5,icon_d2
2026-09-01,W0787,52.6986,10.8384,0.7,,17.4,17.2,0.158,17.9,0.049,2.59,icon_d2
2026-09-01,W0788,52.6986,10.868,0.6,,17.2,17.6,0.207,18.2,0.133,2.53,icon_d2
2026-09-01,W0789,52.6986,10.8975,0.7,,17.4,17.6,0.207,18.2,0.133,2.57,icon_d2
2026-09-01,W0790,52.6986,10.9271,0.7,,17.3,17.6,0.207,18.2,0.133,2.57,icon_d2
2026-09-01,W0791,52.6986,10.9566,0.6,,17.5,17.6,0.207,18.2,0.133,2.58,icon_d2
2026-09-01,W0792,52.6986,10.9861,0.6,,17.8,17.6,0.207,18.2,0.133,2.6,icon_d2
2026-09-01,W1645,52.68964,11.00171,0.5,,17.9,17.6,0.207,18.2,0.133,2.67,icon_d2
2026-09-01,W0793,52.6986,11.0452,0.3,,17.8,18.1,0.167,18.9,0.149,2.75,icon_d2
2026-09-01,W0794,52.6986,11.0747,0.3,,17.9,18.1,0.167,18.9,0.149,2.71,icon_d2
2026-09-01,W0795,52.6986,11.1043,0.3,,17.9,18.1,0.167,18.9,0.149,2.71,icon_d2
2026-09-01,W0796,52.6986,11.1338,0.3,,17.8,18.1,0.167,18.9,0.149,2.64,icon_d2
2026-09-01,W1646,52.68964,11.14953,0.3,,17.9,18.1,0.167,18.9,0.149,2.63,icon_d2
2026-09-01,W1647,52.70766,10.11478,2.6,,17.0,16.9,0.175,17.6,0.08,2.19,icon_d2
2026-09-01,W1648,52.70766,10.14435,2.6,,16.9,16.9,0.175,17.6,0.08,2.18,icon_d2
2026-09-01,W1649,52.70766,10.17391,2.5,,17.0,16.5,0.211,17.3,0.091,2.17,icon_d2
2026-09-01,W1650,52.70766,10.20347,2.3,,17.0,16.8,0.206,17.4,0.065,2.19,icon_d2
2026-09-01,W1651,52.70766,10.23304,2.1,,17.1,16.8,0.206,17.4,0.065,2.26,icon_d2
2026-09-01,W1652,52.70766,10.2626,2.1,,17.0,16.8,0.206,17.4,0.065,2.25,icon_d2
2026-09-01,W1653,52.70766,10.29217,2.2,,17.0,16.8,0.206,17.4,0.065,2.24,icon_d2
2026-09-01,W1654,52.70766,10.32173,1.9,,17.1,16.8,0.206,17.4,0.065,2.26,icon_d2
2026-09-01,W1655,52.70766,10.3513,1.4,,17.1,16.8,0.195,17.4,0.063,2.22,icon_d2
2026-09-01,W1656,52.70766,10.38086,1.6,,17.1,16.8,0.195,17.4,0.063,2.21,icon_d2
2026-09-01,W1657,52.70766,10.41042,1.4,,17.0,16.8,0.195,17.4,0.063,2.18,icon_d2
2026-09-01,W1658,52.70766,10.43999,1.1,,16.9,16.8,0.195,17.4,0.063,2.13,icon_d2
2026-09-01,W1659,52.70766,10.46955,1.3,,16.9,16.8,0.195,17.4,0.063,2.08,icon_d2
2026-09-01,W1660,52.70766,10.49912,1.2,,16.9,16.6,0.202,17.4,0.064,2.1,icon_d2
2026-09-01,W1661,52.70766,10.52868,1.2,,16.7,16.9,0.14,17.5,0.058,2.1,icon_d2
2026-09-01,W1662,52.70766,10.55825,1.2,,16.7,16.9,0.14,17.5,0.058,2.12,icon_d2
2026-09-01,W1663,52.70766,10.58781,1.5,,16.8,16.9,0.14,17.5,0.058,2.17,icon_d2
2026-09-01,W1664,52.70766,10.61737,1.3,,16.9,16.9,0.14,17.5,0.058,2.22,icon_d2
2026-09-01,W1665,52.70766,10.64694,1.1,,17.2,16.9,0.14,17.5,0.058,2.33,icon_d2
2026-09-01,W1666,52.70766,10.6765,1.1,,17.2,17.1,0.108,17.6,0.043,2.41,icon_d2
2026-09-01,W1667,52.70766,10.70607,1.0,,17.3,17.2,0.158,17.9,0.049,2.4,icon_d2
2026-09-01,W1668,52.70766,10.73563,0.9,,17.2,17.2,0.158,17.9,0.049,2.4,icon_d2
2026-09-01,W1669,52.70766,10.76519,0.9,,17.2,17.2,0.158,17.9,0.049,2.46,icon_d2
2026-09-01,W1670,52.70766,10.79476,0.9,,17.3,17.2,0.158,17.9,0.049,2.5,icon_d2
2026-09-01,W1671,52.70766,10.82432,0.7,,17.4,17.2,0.158,17.9,0.049,2.59,icon_d2
2026-09-01,W1672,52.70766,10.85389,0.6,,17.3,17.6,0.207,18.2,0.133,2.53,icon_d2
2026-09-01,W1673,52.70766,10.88345,0.6,,17.2,17.6,0.207,18.2,0.133,2.52,icon_d2
2026-09-01,W1674,52.70766,10.91302,0.7,,17.4,17.6,0.207,18.2,0.133,2.57,icon_d2
2026-09-01,W1675,52.70766,10.94258,0.5,,17.6,17.6,0.207,18.2,0.133,2.64,icon_d2
2026-09-01,W1676,52.70766,10.97214,0.6,,17.6,17.6,0.207,18.2,0.133,2.6,icon_d2
2026-09-01,W1677,52.70766,11.00171,0.4,,17.9,18.0,0.164,18.8,0.129,2.74,icon_d2
2026-09-01,W1678,52.70766,11.03127,0.3,,18.0,18.1,0.167,18.9,0.149,2.76,icon_d2
2026-09-01,W1679,52.70766,11.06084,0.5,,18.0,18.1,0.167,18.9,0.149,2.73,icon_d2
2026-09-01,W1680,52.70766,11.0904,0.3,,17.9,18.1,0.167,18.9,0.149,2.71,icon_d2
2026-09-01,W1681,52.70766,11.11997,0.3,,18.0,18.1,0.167,18.9,0.149,2.65,icon_d2
2026-09-01,W1682,52.70766,11.14953,0.3,,17.9,18.1,0.167,18.9,0.149,2.64,icon_d2
2026-09-01,W0798,52.7167,10.1295,2.6,,16.9,16.9,0.175,17.6,0.08,2.22,icon_d2
2026-09-01,W0799,52.7167,10.1591,2.3,,16.9,16.5,0.211,17.3,0.091,2.21,icon_d2
2026-09-01,W0800,52.7167,10.1886,2.3,,16.9,16.8,0.206,17.4,0.065,2.21,icon_d2
2026-09-01,W0801,52.7167,10.2182,2.2,,17.1,16.8,0.206,17.4,0.065,2.25,icon_d2
2026-09-01,W0802,52.7167,10.2477,2.2,,17.1,16.8,0.206,17.4,0.065,2.25,icon_d2
2026-09-01,W0803,52.7167,10.2772,1.9,,17.0,16.8,0.206,17.4,0.065,2.29,icon_d2
2026-09-01,W0804,52.7167,10.3068,1.9,,17.0,16.4,0.219,17.2,0.073,2.28,icon_d2
2026-09-01,W0805,52.7167,10.3363,1.6,,17.1,16.4,0.219,17.2,0.073,2.23,icon_d2
2026-09-01,W0806,52.7167,10.3658,1.6,,17.1,16.8,0.195,17.4,0.063,2.2,icon_d2
2026-09-01,W0807,52.7167,10.3954,1.4,,16.9,16.8,0.195,17.4,0.063,2.18,icon_d2
2026-09-01,W0808,52.7167,10.4249,1.3,,16.9,16.8,0.195,17.4,0.063,2.16,icon_d2
2026-09-01,W0809,52.7167,10.4545,1.5,,16.8,16.8,0.195,17.4,0.063,2.09,icon_d2
2026-09-01,W0810,52.7167,10.484,1.2,,16.8,16.6,0.202,17.4,0.064,2.14,icon_d2
2026-09-01,W0811,52.7167,10.5135,1.1,,16.8,16.6,0.202,17.4,0.064,2.13,icon_d2
2026-09-01,W0812,52.7167,10.5431,1.1,,16.8,16.9,0.14,17.5,0.058,2.13,icon_d2
2026-09-01,W0813,52.7167,10.5726,1.5,,16.7,16.9,0.14,17.5,0.058,2.16,icon_d2
2026-09-01,W0814,52.7167,10.6021,1.3,,16.8,16.9,0.14,17.5,0.058,2.23,icon_d2
2026-09-01,W1683,52.72568,10.61737,1.3,,17.1,17.1,0.108,17.6,0.043,2.47,icon_d2
2026-09-01,W0815,52.7167,10.6612,1.1,,17.2,17.1,0.108,17.6,0.043,2.51,icon_d2
2026-09-01,W0816,52.7167,10.6908,0.9,,17.3,17.2,0.158,17.9,0.049,2.5,icon_d2
2026-09-01,W1684,52.72568,10.70607,0.9,,17.3,17.2,0.158,17.9,0.049,2.5,icon_d2
2026-09-01,W1685,52.72568,10.73563,0.9,,17.2,17.2,0.158,17.9,0.049,2.41,icon_d2
2026-09-01,W1686,52.72568,10.76519,0.8,,17.2,17.2,0.158,17.9,0.049,2.45,icon_d2
2026-09-01,W0817,52.7167,10.8089,0.8,,17.2,17.4,0.091,18.0,0.051,2.58,icon_d2
2026-09-01,W0818,52.7167,10.8384,0.6,,17.3,17.4,0.091,18.0,0.051,2.55,icon_d2
2026-09-01,W0819,52.7167,10.868,0.6,,17.3,17.6,0.207,18.2,0.133,2.55,icon_d2
2026-09-01,W0820,52.7167,10.8975,0.6,,17.5,17.6,0.207,18.2,0.133,2.6,icon_d2
2026-09-01,W0821,52.7167,10.9271,0.4,,17.5,17.6,0.207,18.2,0.133,2.63,icon_d2
2026-09-01,W1687,52.72568,10.94258,0.4,,17.6,18.0,0.164,18.8,0.129,2.72,icon_d2
2026-09-01,W1688,52.72568,10.97214,0.4,,17.7,18.0,0.164,18.8,0.129,2.77,icon_d2
2026-09-01,W1689,52.72568,11.00171,0.4,,17.8,18.0,0.164,18.8,0.129,2.78,icon_d2
2026-09-01,W1690,52.72568,11.03127,0.3,,17.9,18.1,0.167,18.9,0.149,2.75,icon_d2
2026-09-01,W0822,52.7167,11.0747,0.1,,18.2,18.1,0.167,18.9,0.149,2.77,icon_d2
2026-09-01,W1691,52.72568,11.0904,0.2,,18.0,18.1,0.167,18.9,0.149,2.68,icon_d2
2026-09-01,W0823,52.7167,11.1338,0.2,,18.0,18.1,0.167,18.9,0.149,2.64,icon_d2
2026-09-01,W1692,52.72568,11.14953,0.2,,18.0,18.1,0.185,18.9,0.119,2.65,icon_d2
2026-09-01,W0825,52.7347,10.1295,2.9,,16.8,16.5,0.211,17.3,0.091,2.22,icon_d2
2026-09-01,W0826,52.7347,10.1591,2.6,,16.8,16.5,0.211,17.3,0.091,2.15,icon_d2
2026-09-01,W0827,52.7347,10.1886,2.5,,16.9,16.5,0.211,17.3,0.091,2.2,icon_d2
2026-09-01,W0828,52.7347,10.2182,2.4,,16.9,16.8,0.206,17.4,0.065,2.21,icon_d2
2026-09-01,W0829,52.7347,10.2477,1.8,,17.0,16.4,0.219,17.2,0.073,2.32,icon_d2
2026-09-01,W0860,52.7527,10.2772,2.0,,16.8,16.4,0.219,17.2,0.073,2.21,icon_d2
2026-09-01,W0830,52.7347,10.3068,1.9,,17.0,16.4,0.219,17.2,0.073,2.28,icon_d2
2026-09-01,W0831,52.7347,10.3363,1.6,,17.2,16.4,0.219,17.2,0.073,2.24,icon_d2
2026-09-01,W0832,52.7347,10.3658,1.6,,17.2,16.8,0.195,17.4,0.063,2.24,icon_d2
2026-09-01,W0833,52.7347,10.3954,1.8,,16.9,16.8,0.195,17.4,0.063,2.17,icon_d2
2026-09-01,W0834,52.7347,10.4249,1.7,,16.8,16.6,0.202,17.4,0.064,2.09,icon_d2
2026-09-01,W0835,52.7347,10.4545,1.6,,16.9,16.6,0.202,17.4,0.064,2.16,icon_d2
2026-09-01,W0836,52.7347,10.484,1.5,,16.7,16.6,0.202,17.4,0.064,2.16,icon_d2
2026-09-01,W0837,52.7347,10.5135,1.5,,16.9,16.6,0.202,17.4,0.064,2.22,icon_d2
2026-09-01,W0838,52.7347,10.5431,1.3,,16.9,16.9,0.14,17.5,0.058,2.22,icon_d2
2026-09-01,W0839,52.7347,10.5726,1.4,,16.9,17.1,0.108,17.6,0.043,2.26,icon_d2
2026-09-01,W0840,52.7347,10.6021,1.3,,17.0,17.1,0.108,17.6,0.043,2.32,icon_d2
2026-09-01,W1694,52.74369,10.61737,1.3,,17.0,17.1,0.108,17.6,0.043,2.33,icon_d2
2026-09-01,W0841,52.7347,10.6612,1.0,,17.4,17.1,0.108,17.6,0.043,2.57,icon_d2
2026-09-01,W1695,52.74369,10.6765,1.0,,17.4,17.1,0.108,17.6,0.043,2.57,icon_d2
2026-09-01,W0872,52.7527,10.7203,0.6,,17.3,17.4,0.091,18.0,0.051,2.39,icon_d2
2026-09-01,W0873,52.7527,10.7498,0.6,,17.3,17.4,0.091,18.0,0.051,2.39,icon_d2
2026-09-01,W0874,52.7527,10.7794,0.5,,17.3,17.4,0.091,18.0,0.051,2.43,icon_d2
2026-09-01,W0842,52.7347,10.8089,0.6,,17.3,17.4,0.091,18.0,0.051,2.53,icon_d2
2026-09-01,W0843,52.7347,10.8384,0.5,,17.1,17.4,0.091,18.0,0.051,2.45,icon_d2
2026-09-01,W0844,52.7347,10.868,0.6,,17.0,17.6,0.207,18.2,0.133,2.47,icon_d2
2026-09-01,W0845,52.7347,10.8975,0.8,,17.6,17.6,0.207,18.2,0.133,2.59,icon_d2
2026-09-01,W0846,52.7347,10.9271,0.4,,17.6,18.0,0.164,18.8,0.129,2.68,icon_d2
2026-09-01,W0847,52.7347,10.9566,0.3,,17.8,18.0,0.164,18.8,0.129,2.72,icon_d2
2026-09-01,W0848,52.7347,10.9861,0.4,,17.6,18.0,0.164,18.8,0.129,2.54,icon_d2
2026-09-01,W0849,52.7347,11.0157,0.1,,17.9,18.0,0.164,18.8,0.129,2.59,icon_d2
2026-09-01,W0850,52.7347,11.0452,0.1,,17.9,18.1,0.167,18.9,0.149,2.59,icon_d2
2026-09-01,W0851,52.7347,11.0747,0.1,,18.1,18.1,0.167,18.9,0.149,2.73,icon_d2
2026-09-01,W0852,52.7347,11.1043,0.1,,18.0,18.1,0.185,18.9,0.119,2.69,icon_d2
2026-09-01,W0853,52.7347,11.1338,0.1,,17.9,18.1,0.185,18.9,0.119,2.73,icon_d2
2026-09-01,W1699,52.74369,11.14953,0.1,,17.9,18.1,0.185,18.9,0.119,2.73,icon_d2
2026-09-01,W0887,52.7707,10.1295,6.1,,16.8,16.5,0.211,17.3,0.091,2.12,icon_d2
2026-09-01,W0888,52.7707,10.1591,2.8,,16.7,16.5,0.211,17.3,0.091,2.08,icon_d2
2026-09-01,W0889,52.7707,10.1886,2.1,,16.6,16.5,0.211,17.3,0.091,2.03,icon_d2
2026-09-01,W0890,52.7707,10.2182,2.2,,16.7,16.4,0.219,17.2,0.073,2.01,icon_d2
2026-09-01,W0891,52.7707,10.2477,2.1,,16.8,16.4,0.219,17.2,0.073,2.08,icon_d2
2026-09-01,W0892,52.7707,10.2772,2.2,,16.9,16.4,0.219,17.2,0.073,2.16,icon_d2
2026-09-01,W0893,52.7707,10.3068,2.2,,16.8,16.4,0.219,17.2,0.073,2.15,icon_d2
2026-09-01,W0894,52.7707,10.3363,2.4,,16.9,16.4,0.219,17.2,0.073,2.14,icon_d2
2026-09-01,W0895,52.7707,10.3658,2.0,,16.8,16.6,0.202,17.4,0.064,2.11,icon_d2
2026-09-01,W0896,52.7707,10.3954,1.8,,16.8,16.6,0.202,17.4,0.064,2.04,icon_d2
2026-09-01,W0897,52.7707,10.4249,1.8,,16.8,16.6,0.202,17.4,0.064,2.04,icon_d2
2026-09-01,W0898,52.7707,10.4545,1.6,,16.9,16.6,0.202,17.4,0.064,2.09,icon_d2
2026-09-01,W0899,52.7707,10.484,1.5,,16.7,16.6,0.202,17.4,0.064,2.11,icon_d2
2026-09-01,W0900,52.7707,10.5135,1.3,,16.9,16.6,0.202,17.4,0.064,2.12,icon_d2
2026-09-01,W0901,52.7707,10.5431,1.1,,16.8,17.1,0.108,17.6,0.043,2.18,icon_d2
2026-09-01,W0902,52.7707,10.5726,1.1,,17.2,17.1,0.108,17.6,0.043,2.32,icon_d2
2026-09-01,W0903,52.7707,10.6021,1.1,,17.3,17.1,0.108,17.6,0.043,2.35,icon_d2
2026-09-01,W0904,52.7707,10.6317,0.9,,17.4,17.1,0.108,17.6,0.043,2.39,icon_d2
2026-09-01,W0905,52.7707,10.6612,0.8,,17.2,17.1,0.108,17.6,0.043,2.42,icon_d2
2026-09-01,W0906,52.7707,10.6908,0.6,,17.4,17.1,0.108,17.6,0.043,2.49,icon_d2
2026-09-01,W0907,52.7707,10.7203,0.5,,17.2,17.4,0.091,18.0,0.051,2.4,icon_d2
2026-09-01,W0908,52.7707,10.7498,0.5,,17.4,17.4,0.091,18.0,0.051,2.41,icon_d2
2026-09-01,W0909,52.7707,10.7794,0.4,,17.2,17.4,0.091,18.0,0.051,2.4,icon_d2
2026-09-01,W0910,52.7707,10.8089,0.2,,17.5,17.4,0.091,18.0,0.051,2.48,icon_d2
2026-09-01,W0911,52.7707,10.8384,0.2,,17.5,17.4,0.091,18.0,0.051,2.48,icon_d2
2026-09-01,W0912,52.7707,10.868,0.2,,17.5,17.4,0.091,18.0,0.051,2.47,icon_d2
2026-09-01,W0913,52.7707,10.8975,0.1,,17.5,18.0,0.164,18.8,0.129,2.46,icon_d2
2026-09-01,W0914,52.7707,10.9271,0.1,,17.8,18.0,0.164,18.8,0.129,2.51,icon_d2
2026-09-01,W0915,52.7707,10.9566,0.3,,17.8,18.0,0.164,18.8,0.129,2.54,icon_d2
2026-09-01,W0916,52.7707,10.9861,0.1,,17.6,18.0,0.164,18.8,0.129,2.57,icon_d2
2026-09-01,W0917,52.7707,11.0157,0.1,,17.8,18.0,0.164,18.8,0.129,2.5,icon_d2
2026-09-01,W0918,52.7707,11.0452,0.1,,17.7,18.1,0.185,18.9,0.119,2.47,icon_d2
2026-09-01,W1700,52.76171,11.06084,0.2,,17.7,18.1,0.185,18.9,0.119,2.49,icon_d2
2026-09-01,W1701,52.76171,11.0904,0.1,,18.0,18.1,0.185,18.9,0.119,2.71,icon_d2
2026-09-01,W1702,52.76171,11.11997,0.1,,18.0,18.1,0.185,18.9,0.119,2.71,icon_d2
2026-09-01,W1703,52.76171,11.14953,0.2,,17.9,18.1,0.185,18.9,0.119,2.73,icon_d2
2026-09-01,W0920,52.7887,10.1295,6.1,,16.8,16.5,0.211,17.3,0.091,2.13,icon_d2
2026-09-01,W0921,52.7887,10.1591,2.8,,16.7,16.5,0.207,17.2,0.068,2.08,icon_d2
2026-09-01,W0922,52.7887,10.1886,2.1,,16.5,16.5,0.207,17.2,0.068,2.03,icon_d2
2026-09-01,W0923,52.7887,10.2182,2.2,,16.6,16.4,0.219,17.2,0.073,2.01,icon_d2
2026-09-01,W0924,52.7887,10.2477,2.1,,16.7,16.4,0.219,17.2,0.073,2.07,icon_d2
2026-09-01,W0925,52.7887,10.2772,2.2,,16.9,16.4,0.219,17.2,0.073,2.15,icon_d2
2026-09-01,W0926,52.7887,10.3068,2.2,,16.8,16.4,0.219,17.2,0.073,2.15,icon_d2
2026-09-01,W0927,52.7887,10.3363,2.4,,16.7,16.4,0.218,17.1,0.07,2.14,icon_d2
2026-09-01,W0928,52.7887,10.3658,2.0,,16.8,16.4,0.218,17.1,0.07,2.1,icon_d2
2026-09-01,W0929,52.7887,10.3954,1.8,,16.8,16.6,0.202,17.4,0.064,2.04,icon_d2
2026-09-01,W0930,52.7887,10.4249,1.8,,16.7,16.6,0.202,17.4,0.064,2.04,icon_d2
2026-09-01,W0931,52.7887,10.4545,1.6,,16.7,16.6,0.202,17.4,0.064,2.09,icon_d2
2026-09-01,W0932,52.7887,10.484,1.5,,16.6,16.5,0.154,17.3,0.079,2.1,icon_d2
2026-09-01,W0933,52.7887,10.5135,1.3,,16.9,16.5,0.154,17.3,0.079,2.12,icon_d2
2026-09-01,W0934,52.7887,10.5431,1.1,,16.9,17.1,0.108,17.6,0.043,2.19,icon_d2
2026-09-01,W0935,52.7887,10.5726,1.1,,17.1,17.1,0.108,17.6,0.043,2.32,icon_d2
2026-09-01,W0936,52.7887,10.6021,1.1,,17.3,17.1,0.108,17.6,0.043,2.36,icon_d2
2026-09-01,W1704,52.77973,10.61737,0.9,,17.4,17.1,0.108,17.6,0.043,2.39,icon_d2
2026-09-01,W0937,52.7887,10.6612,0.8,,17.4,17.1,0.092,18.2,0.038,2.43,icon_d2
2026-09-01,W0938,52.7887,10.6908,0.6,,17.4,17.1,0.092,18.2,0.038,2.5,icon_d2
2026-09-01,W0939,52.7887,10.7203,0.5,,17.3,17.4,0.091,18.0,0.051,2.41,icon_d2
2026-09-01,W0940,52.7887,10.7498,0.5,,17.4,17.4,0.091,18.0,0.051,2.41,icon_d2
2026-09-01,W0941,52.7887,10.7794,0.4,,17.3,17.4,0.091,18.0,0.051,2.41,icon_d2
2026-09-01,W0942,52.7887,10.8089,0.2,,17.3,17.4,0.091,18.0,0.051,2.46,icon_d2
2026-09-01,W0943,52.7887,10.8384,0.2,,17.6,17.5,0.081,18.3,0.053,2.48,icon_d2
2026-09-01,W0944,52.7887,10.868,0.2,,17.7,17.5,0.081,18.3,0.053,2.48,icon_d2
2026-09-01,W0945,52.7887,10.8975,0.1,,17.7,18.0,0.164,18.8,0.129,2.48,icon_d2
2026-09-01,W0946,52.7887,10.9271,0.1,,17.7,18.0,0.164,18.8,0.129,2.49,icon_d2
2026-09-01,W0947,52.7887,10.9566,0.3,,17.7,18.0,0.164,18.8,0.129,2.53,icon_d2
2026-09-01,W1705,52.77973,10.97214,0.1,,17.8,18.0,0.164,18.8,0.129,2.58,icon_d2
2026-09-01,W0948,52.7887,11.0157,0.1,,17.9,18.3,0.144,19.0,0.132,2.51,icon_d2
2026-09-01,W0949,52.7887,11.0452,0.1,,17.9,18.3,0.144,19.0,0.132,2.48,icon_d2
2026-09-01,W0950,52.7887,11.0747,0.1,,17.8,18.1,0.185,18.9,0.119,2.54,icon_d2
2026-09-01,W0951,52.7887,11.1043,0.1,,17.7,18.1,0.185,18.9,0.119,2.45,icon_d2
2026-09-01,W0952,52.7887,11.1338,0.2,,17.9,18.1,0.185,18.9,0.119,2.6,icon_d2
2026-09-01,W1706,52.77973,11.14953,0.2,,17.9,18.1,0.185,18.9,0.119,2.6,icon_d2
2026-09-01,W1707,52.79775,10.11478,2.9,,16.9,16.5,0.207,17.2,0.068,2.09,icon_d2
2026-09-01,W1771,52.79775,10.14435,2.9,,16.7,16.5,0.207,17.2,0.068,2.08,icon_d2
2026-09-01,W1772,52.79775,10.17391,2.6,,16.5,16.5,0.207,17.2,0.068,2.01,icon_d2
2026-09-01,W1773,52.79775,10.20347,2.5,,16.5,16.5,0.207,17.2,0.068,1.99,icon_d2
2026-09-01,W1774,52.79775,10.23304,2.5,,16.5,16.4,0.219,17.2,0.073,1.99,icon_d2
2026-09-01,W1775,52.79775,10.2626,2.3,,16.6,16.4,0.219,17.2,0.073,2.0,icon_d2
2026-09-01,W1776,52.79775,10.29217,2.2,,16.8,16.4,0.218,17.1,0.07,2.02,icon_d2
2026-09-01,W1777,52.79775,10.32173,2.4,,16.6,16.4,0.218,17.1,0.07,2.02,icon_d2
2026-09-01,W1778,52.79775,10.3513,2.3,,16.5,16.4,0.218,17.1,0.07,2.02,icon_d2
2026-09-01,W1779,52.79775,10.38086,2.0,,16.8,16.6,0.202,17.4,0.064,2.04,icon_d2
2026-09-01,W1780,52.79775,10.41042,1.8,,16.7,16.6,0.202,17.4,0.064,2.08,icon_d2
2026-09-01,W1781,52.79775,10.43999,1.8,,16.6,16.6,0.202,17.4,0.064,2.1,icon_d2
2026-09-01,W1782,52.79775,10.46955,1.5,,16.6,16.5,0.154,17.3,0.079,2.1,icon_d2
2026-09-01,W1708,52.79775,10.49912,1.4,,16.7,16.5,0.154,17.3,0.079,2.15,icon_d2
2026-09-01,W1709,52.79775,10.52868,1.3,,16.9,16.5,0.154,17.3,0.079,2.18,icon_d2
2026-09-01,W1710,52.79775,10.55825,0.9,,17.1,17.1,0.108,17.6,0.043,2.33,icon_d2
2026-09-01,W1711,52.79775,10.58781,0.9,,17.2,17.1,0.108,17.6,0.043,2.31,icon_d2
2026-09-01,W1712,52.79775,10.61737,0.7,,17.4,17.1,0.092,18.2,0.038,2.43,icon_d2
2026-09-01,W1713,52.79775,10.64694,0.7,,17.4,17.1,0.092,18.2,0.038,2.43,icon_d2
2026-09-01,W1714,52.79775,10.6765,0.5,,17.5,17.1,0.092,18.2,0.038,2.52,icon_d2
2026-09-01,W1715,52.79775,10.70607,0.3,,17.4,17.1,0.092,18.2,0.038,2.5,icon_d2
2026-09-01,W1716,52.79775,10.73563,0.2,,17.4,17.4,0.091,18.0,0.051,2.37,icon_d2
2026-09-01,W1717,52.79775,10.76519,0.2,,17.4,17.4,0.091,18.0,0.051,2.37,icon_d2
2026-09-01,W1783,52.79775,10.79476,0.2,,17.2,17.5,0.081,18.3,0.053,2.35,icon_d2
2026-09-01,W1718,52.79775,10.82432,0.2,,17.3,17.5,0.081,18.3,0.053,2.36,icon_d2
2026-09-01,W1719,52.79775,10.85389,0.2,,17.6,17.5,0.081,18.3,0.053,2.54,icon_d2
2026-09-01,W1720,52.79775,10.88345,0.2,,17.5,18.0,0.164,18.8,0.129,2.53,icon_d2
2026-09-01,W1721,52.79775,10.91302,0.1,,17.6,18.0,0.164,18.8,0.129,2.6,icon_d2
2026-09-01,W1722,52.79775,10.94258,0.1,,17.6,18.0,0.164,18.8,0.129,2.63,icon_d2
2026-09-01,W1723,52.79775,10.97214,0.0,,17.7,18.3,0.144,19.0,0.132,2.66,icon_d2
2026-09-01,W1724,52.79775,11.00171,0.2,,17.7,18.3,0.144,19.0,0.132,2.62,icon_d2
2026-09-01,W1725,52.79775,11.03127,0.1,,17.8,18.3,0.144,19.0,0.132,2.51,icon_d2
2026-09-01,W1726,52.79775,11.06084,0.1,,17.7,18.1,0.185,18.9,0.119,2.48,icon_d2
2026-09-01,W1727,52.79775,11.0904,0.2,,17.8,18.1,0.185,18.9,0.119,2.47,icon_d2
2026-09-01,W1728,52.79775,11.11997,0.2,,17.8,18.1,0.185,18.9,0.119,2.47,icon_d2
2026-09-01,W1729,52.79775,11.14953,0.2,,17.9,18.7,0.127,19.6,0.131,2.48,icon_d2
2026-09-01,W0954,52.8068,10.1295,2.9,,16.8,16.5,0.207,17.2,0.068,2.09,icon_d2
2026-09-01,W0955,52.8068,10.1591,2.6,,16.5,16.5,0.207,17.2,0.068,2.01,icon_d2
2026-09-01,W0956,52.8068,10.1886,2.6,,16.5,16.5,0.207,17.2,0.068,2.01,icon_d2
2026-09-01,W0957,52.8068,10.2182,2.5,,16.6,16.4,0.219,17.2,0.073,2.0,icon_d2
2026-09-01,W0958,52.8068,10.2477,2.5,,16.5,16.4,0.218,17.1,0.07,1.99,icon_d2
2026-09-01,W0959,52.8068,10.2772,2.3,,16.7,16.4,0.218,17.1,0.07,2.0,icon_d2
2026-09-01,W0960,52.8068,10.3068,2.2,,16.6,16.4,0.218,17.1,0.07,2.01,icon_d2
2026-09-01,W0961,52.8068,10.3363,2.4,,16.5,16.4,0.218,17.1,0.07,2.0,icon_d2
2026-09-01,W0962,52.8068,10.3658,2.3,,16.5,16.4,0.218,17.1,0.07,2.02,icon_d2
2026-09-01,W0963,52.8068,10.3954,2.0,,16.6,16.6,0.202,17.4,0.064,2.03,icon_d2
2026-09-01,W0964,52.8068,10.4249,1.8,,16.6,16.5,0.154,17.3,0.079,2.07,icon_d2
2026-09-01,W0965,52.8068,10.4545,1.5,,16.6,16.5,0.154,17.3,0.079,2.1,icon_d2
2026-09-01,W0966,52.8068,10.484,1.4,,16.6,16.5,0.154,17.3,0.079,2.14,icon_d2
2026-09-01,W0967,52.8068,10.5135,1.3,,17.0,16.5,0.154,17.3,0.079,2.18,icon_d2
2026-09-01,W0968,52.8068,10.5431,0.9,,17.2,16.5,0.154,17.3,0.079,2.31,icon_d2
2026-09-01,W0969,52.8068,10.5726,0.9,,17.3,17.1,0.108,17.6,0.043,2.31,icon_d2
2026-09-01,W0970,52.8068,10.6021,0.9,,17.2,17.1,0.092,18.2,0.038,2.31,icon_d2
2026-09-01,W0971,52.8068,10.6317,0.7,,17.3,17.1,0.092,18.2,0.038,2.43,icon_d2
2026-09-01,W0972,52.8068,10.6612,0.4,,17.4,17.1,0.092,18.2,0.038,2.5,icon_d2
2026-09-01,W0973,52.8068,10.6908,0.3,,17.4,17.1,0.092,18.2,0.038,2.5,icon_d2
2026-09-01,W0974,52.8068,10.7203,0.3,,17.3,17.4,0.091,18.0,0.051,2.5,icon_d2
2026-09-01,W0975,52.8068,10.7498,0.2,,17.3,17.4,0.091,18.0,0.051,2.37,icon_d2
2026-09-01,W0976,52.8068,10.7794,0.2,,17.4,17.5,0.081,18.3,0.053,2.34,icon_d2
2026-09-01,W0977,52.8068,10.8089,0.2,,17.1,17.5,0.081,18.3,0.053,2.35,icon_d2
2026-09-01,W1730,52.81577,10.82432,0.2,,17.4,17.5,0.081,18.3,0.053,2.48,icon_d2
2026-09-01,W0978,52.8068,10.868,0.2,,17.4,17.5,0.081,18.3,0.053,2.53,icon_d2
2026-09-01,W0979,52.8068,10.8975,0.2,,17.5,18.0,0.164,18.8,0.129,2.54,icon_d2
2026-09-01,W1731,52.81577,10.91302,0.5,,17.7,18.3,0.144,19.0,0.132,2.62,icon_d2
2026-09-01,W0980,52.8068,10.9566,0.1,,17.7,18.3,0.144,19.0,0.132,2.64,icon_d2
2026-09-01,W1732,52.81577,10.97214,0.1,,17.9,18.3,0.144,19.0,0.132,2.68,icon_d2
2026-09-01,W1733,52.81577,11.00171,0.1,,17.9,18.3,0.144,19.0,0.132,2.65,icon_d2
2026-09-01,W0981,52.8068,11.0452,0.1,,17.8,18.3,0.144,19.0,0.132,2.51,icon_d2
2026-09-01,W0982,52.8068,11.0747,0.1,,17.7,18.1,0.185,18.9,0.119,2.48,icon_d2
2026-09-01,W0983,52.8068,11.1043,0.2,,17.6,18.7,0.127,19.6,0.131,2.46,icon_d2
2026-09-01,W0984,52.8068,11.1338,0.2,,17.8,18.7,0.127,19.6,0.131,2.47,icon_d2
2026-09-01,W1734,52.81577,11.14953,0.1,,18.0,18.7,0.127,19.6,0.131,2.54,icon_d2
2026-09-01,W0986,52.8248,10.1295,2.5,,16.7,16.5,0.207,17.2,0.068,2.09,icon_d2
2026-09-01,W0987,52.8248,10.1591,2.6,,16.5,16.5,0.207,17.2,0.068,1.97,icon_d2
2026-09-01,W0988,52.8248,10.1886,2.4,,16.4,16.5,0.207,17.2,0.068,1.94,icon_d2
2026-09-01,W0989,52.8248,10.2182,2.3,,16.7,16.4,0.218,17.1,0.07,2.05,icon_d2
2026-09-01,W0990,52.8248,10.2477,2.4,,16.6,16.4,0.218,17.1,0.07,1.99,icon_d2
2026-09-01,W0991,52.8248,10.2772,2.6,,16.3,16.4,0.218,17.1,0.07,1.97,icon_d2
2026-09-01,W0992,52.8248,10.3068,2.6,,16.4,16.4,0.218,17.1,0.07,1.98,icon_d2
2026-09-01,W0993,52.8248,10.3363,2.2,,16.3,16.4,0.218,17.1,0.07,1.95,icon_d2
2026-09-01,W0994,52.8248,10.3658,2.2,,16.2,16.4,0.218,17.1,0.07,1.95,icon_d2
2026-09-01,W0995,52.8248,10.3954,1.9,,16.4,16.5,0.154,17.3,0.079,2.0,icon_d2
2026-09-01,W0996,52.8248,10.4249,1.5,,16.5,16.5,0.154,17.3,0.079,2.04,icon_d2
2026-09-01,W0997,52.8248,10.4545,1.4,,16.5,16.5,0.154,17.3,0.079,2.13,icon_d2
2026-09-01,W0998,52.8248,10.484,1.4,,16.5,16.5,0.154,17.3,0.079,2.13,icon_d2
2026-09-01,W0999,52.8248,10.5135,1.0,,16.8,16.5,0.154,17.3,0.079,2.23,icon_d2
2026-09-01,W1000,52.8248,10.5431,0.9,,17.1,16.5,0.154,17.3,0.079,2.3,icon_d2
2026-09-01,W1001,52.8248,10.5726,0.9,,17.1,17.1,0.092,18.2,0.038,2.33,icon_d2
2026-09-01,W1002,52.8248,10.6021,1.1,,17.2,17.1,0.092,18.2,0.038,2.38,icon_d2
2026-09-01,W1003,52.8248,10.6317,1.4,,17.4,17.1,0.092,18.2,0.038,2.43,icon_d2
2026-09-01,W1735,52.83378,10.64694,1.4,,17.4,17.1,0.092,18.2,0.038,2.43,icon_d2
2026-09-01,W1736,52.83378,10.6765,3.7,,17.4,17.1,0.092,18.2,0.038,2.5,icon_d2
2026-09-01,W1004,52.8248,10.7203,0.4,,17.4,17.1,0.092,18.2,0.038,2.44,icon_d2
2026-09-01,W1005,52.8248,10.7498,0.3,,17.3,17.5,0.081,18.3,0.053,2.37,icon_d2
2026-09-01,W1006,52.8248,10.7794,0.2,,17.3,17.5,0.081,18.3,0.053,2.44,icon_d2
2026-09-01,W1007,52.8248,10.8089,0.2,,17.3,17.5,0.081,18.3,0.053,2.44,icon_d2
2026-09-01,W1737,52.83378,10.82432,3.1,,17.5,17.5,0.081,18.3,0.053,2.38,icon_d2
2026-09-01,W1008,52.8248,10.868,0.2,,17.5,17.5,0.081,18.3,0.053,2.54,icon_d2
2026-09-01,W1009,52.8248,10.8975,0.2,,17.5,18.3,0.144,19.0,0.132,2.53,icon_d2
2026-09-01,W1010,52.8248,10.9271,0.5,,17.7,18.3,0.144,19.0,0.132,2.62,icon_d2
2026-09-01,W1011,52.8248,10.9566,0.1,,17.8,18.3,0.144,19.0,0.132,2.68,icon_d2
2026-09-01,W1012,52.8248,10.9861,0.1,,17.9,18.3,0.144,19.0,0.132,2.68,icon_d2
2026-09-01,W1738,52.83378,11.00171,2.5,,17.9,18.3,0.144,19.0,0.132,2.54,icon_d2
2026-09-01,W1013,52.8248,11.0452,0.2,,17.7,18.3,0.144,19.0,0.132,2.61,icon_d2
2026-09-01,W1739,52.83378,11.06084,1.1,,18.0,18.7,0.127,19.6,0.131,2.58,icon_d2
2026-09-01,W1014,52.8248,11.1043,0.1,,17.8,18.7,0.127,19.6,0.131,2.57,icon_d2
2026-09-01,W1015,52.8248,11.1338,0.1,,18.1,18.7,0.127,19.6,0.131,2.55,icon_d2
2026-09-01,W1740,52.83378,11.14953,0.1,,17.9,18.7,0.127,19.6,0.131,2.56,icon_d2
2026-09-01,W1017,52.8428,10.1295,2.5,,16.7,16.5,0.207,17.2,0.068,2.09,icon_d2
2026-09-01,W1018,52.8428,10.1591,2.6,,16.6,16.5,0.207,17.2,0.068,1.99,icon_d2
2026-09-01,W1019,52.8428,10.1886,2.5,,16.5,16.5,0.207,17.2,0.068,2.02,icon_d2
2026-09-01,W1020,52.8428,10.2182,2.6,,16.5,16.4,0.218,17.1,0.07,2.02,icon_d2
2026-09-01,W1021,52.8428,10.2477,2.6,,16.4,16.4,0.218,17.1,0.07,2.02,icon_d2
2026-09-01,W1022,52.8428,10.2772,2.6,,16.5,16.4,0.218,17.1,0.07,1.97,icon_d2
2026-09-01,W1023,52.8428,10.3068,2.6,,16.6,16.4,0.218,17.1,0.07,1.98,icon_d2
2026-09-01,W1024,52.8428,10.3363,2.2,,16.4,16.4,0.218,17.1,0.07,1.97,icon_d2
2026-09-01,W1025,52.8428,10.3658,2.1,,16.5,16.4,0.218,17.1,0.07,2.02,icon_d2
2026-09-01,W1026,52.8428,10.3954,2.0,,16.6,16.5,0.154,17.3,0.079,2.11,icon_d2
2026-09-01,W1027,52.8428,10.4249,1.8,,16.7,16.5,0.154,17.3,0.079,2.11,icon_d2
2026-09-01,W1028,52.8428,10.4545,1.7,,16.8,16.5,0.154,17.3,0.079,2.17,icon_d2
2026-09-01,W1029,52.8428,10.484,1.4,,16.8,16.5,0.154,17.3,0.079,2.19,icon_d2
2026-09-01,W1030,52.8428,10.5135,1.1,,16.8,16.5,0.154,17.3,0.079,2.23,icon_d2
2026-09-01,W1031,52.8428,10.5431,1.5,,17.1,16.5,0.154,17.3,0.079,2.36,icon_d2
2026-09-01,W1032,52.8428,10.5726,1.8,,17.2,17.1,0.092,18.2,0.038,2.36,icon_d2
2026-09-01,W1033,52.8428,10.6021,1.8,,17.2,17.1,0.092,18.2,0.038,2.36,icon_d2
2026-09-01,W1034,52.8428,10.6317,1.4,,17.2,17.1,0.092,18.2,0.038,2.42,icon_d2
2026-09-01,W1035,52.8428,10.6612,3.9,,17.2,17.1,0.092,18.2,0.038,2.36,icon_d2
2026-09-01,W1036,52.8428,10.7203,4.7,,17.3,17.1,0.092,18.2,0.038,2.4,icon_d2
2026-09-01,W1037,52.8428,10.7498,3.3,,17.2,17.5,0.081,18.3,0.053,2.34,icon_d2
2026-09-01,W1038,52.8428,10.7794,2.4,,17.3,17.5,0.081,18.3,0.053,2.37,icon_d2
2026-09-01,W1039,52.8428,10.8089,2.4,,17.1,17.5,0.081,18.3,0.053,2.36,icon_d2
2026-09-01,W1040,52.8428,10.8384,1.6,,17.4,17.5,0.081,18.3,0.053,2.48,icon_d2
2026-09-01,W1041,52.8428,10.868,2.0,,17.7,17.5,0.081,18.3,0.053,2.51,icon_d2
2026-09-01,W1042,52.8428,10.8975,1.1,,17.6,18.3,0.144,19.0,0.132,2.58,icon_d2
2026-09-01,W1043,52.8428,10.9271,1.1,,17.7,18.3,0.144,19.0,0.132,2.58,icon_d2
2026-09-01,W1044,52.8428,10.9566,0.2,,17.9,18.3,0.144,19.0,0.132,2.7,icon_d2
2026-09-01,W1045,52.8428,10.9861,3.6,,17.9,18.3,0.144,19.0,0.132,2.64,icon_d2
2026-09-01,W1741,52.8428,11.0747,0.8,,18.1,18.7,0.127,19.6,0.131,2.61,icon_d2
2026-09-01,W1784,52.8518,10.6765,4.8,,17.5,17.1,0.092,18.2,0.038,2.45,icon_d2
2026-09-01,W1785,52.8518,11.00171,4.3,,17.9,18.3,0.144,19.0,0.132,2.54,icon_d2
2026-09-01,W1786,52.8518,11.03127,2.5,,17.7,18.0,0.08,18.8,0.055,2.45,icon_d2
2026-09-01,W1787,52.8518,11.0904,1.0,,18.0,18.7,0.127,19.6,0.131,2.58,icon_d2
2026-09-01,W1788,52.8518,11.11997,0.1,,18.1,18.7,0.127,19.6,0.131,2.54,icon_d2
2026-09-01,W1789,52.8518,11.14953,0.1,,18.2,18.7,0.127,19.6,0.131,2.55,icon_d2
2026-09-01,W1790,52.59955,10.73563,0.3,,17.2,17.2,0.193,17.6,0.078,2.25,icon_d2
2026-09-01,W1791,52.61757,10.88345,0.5,,17.3,17.4,0.237,17.9,0.16,2.46,icon_d2
2026-09-01,W1792,52.61757,10.91302,0.5,,17.6,17.4,0.237,17.9,0.16,2.61,icon_d2
2026-09-01,W1793,52.61757,11.14953,0.7,,17.7,17.7,0.221,18.1,0.147,2.5,icon_d2
2026-09-01,W1794,52.63559,10.29217,2.1,,17.2,17.2,0.189,18.0,0.056,2.35,icon_d2
2026-09-01,W1795,52.63559,10.32173,2.2,,17.1,16.8,0.206,17.4,0.065,2.27,icon_d2
2026-09-01,W1796,52.63559,10.52868,1.8,,17.1,17.2,0.176,17.6,0.057,2.24,icon_d2
2026-09-01,W1797,52.63559,10.88345,0.5,,17.5,17.4,0.237,17.9,0.16,2.48,icon_d2
2026-09-01,W1798,52.63559,10.91302,0.7,,17.5,17.4,0.237,17.9,0.16,2.57,icon_d2
2026-09-01,W1799,52.63559,11.06084,0.6,,17.6,17.7,0.221,18.1,0.147,2.56,icon_d2
2026-09-01,W1800,52.63559,11.14953,0.6,,17.7,17.7,0.221,18.1,0.147,2.65,icon_d2
2026-09-01,W1801,52.6536,10.23304,2.4,,17.1,17.2,0.189,18.0,0.056,2.25,icon_d2
2026-09-02,W0013,52.068,10.1295,0.0,,15.7,16.4,0.185,16.6,0.159,2.4,icon_d2
2026-09-02,W0014,52.068,10.1591,0.0,,15.9,16.4,0.185,16.6,0.159,2.39,icon_d2
2026-09-02,W0015,52.068,10.1886,0.0,,16.2,16.8,0.196,16.9,0.15,2.41,icon_d2
2026-09-02,W0016,52.068,10.2182,0.0,,15.8,16.8,0.196,16.9,0.15,2.42,icon_d2
2026-09-02,W0005,52.05,10.2477,0.0,,16.5,16.8,0.196,16.9,0.15,2.43,icon_d2
2026-09-02,W1046,52.05901,10.2626,0.0,,16.5,16.8,0.196,16.9,0.15,2.45,icon_d2
2026-09-02,W1047,52.05901,10.29217,0.0,,15.9,16.8,0.196,16.9,0.15,2.39,icon_d2
2026-09-02,W0017,52.068,10.3363,0.0,,15.8,16.8,0.196,16.9,0.15,2.34,icon_d2
2026-09-02,W0018,52.068,10.3658,0.0,,15.9,16.5,0.176,16.6,0.161,2.42,icon_d2
2026-09-02,W0019,52.068,10.3954,0.0,,16.6,17.2,0.176,17.3,0.161,2.49,icon_d2
2026-09-02,W0020,52.068,10.4249,0.0,,16.3,17.2,0.176,17.3,0.161,2.45,icon_d2
2026-09-02,W1048,52.05901,10.43999,0.0,,16.4,17.2,0.176,17.3,0.161,2.46,icon_d2
2026-09-02,W1049,52.05901,10.46955,0.0,,16.1,17.2,0.176,17.3,0.161,2.33,icon_d2
2026-09-02,W0021,52.068,10.5135,0.0,,15.9,17.4,0.167,17.6,0.166,2.36,icon_d2
2026-09-02,W0022,52.068,10.5431,0.0,,16.0,17.4,0.167,17.6,0.166,2.39,icon_d2
2026-09-02,W1050,52.05901,10.55825,0.0,,16.3,17.4,0.167,17.6,0.166,2.41,icon_d2
2026-09-02,W1051,52.05901,10.58781,0.0,,16.1,17.4,0.167,17.6,0.166,2.38,icon_d2
2026-09-02,W0010,52.05,10.6317,0.0,,16.5,17.4,0.167,17.6,0.166,2.55,icon_d2
2026-09-02,W1053,52.05901,10.64694,0.0,,16.3,17.4,0.167,17.6,0.166,2.43,icon_d2
2026-09-02,W1054,52.05901,10.6765,0.0,,16.4,16.9,0.203,17.2,0.185,2.51,icon_d2
2026-09-02,W1055,52.05901,10.70607,0.0,,16.4,16.9,0.203,17.2,0.185,2.42,icon_d2
2026-09-02,W1056,52.05901,10.73563,0.0,,16.0,16.9,0.203,17.2,0.185,2.41,icon_d2
2026-09-02,W1057,52.05901,10.76519,0.0,,16.3,16.9,0.203,17.2,0.185,2.43,icon_d2
2026-09-02,W0011,52.05,10.8089,0.0,,16.6,16.9,0.203,17.2,0.185,2.44,icon_d2
2026-09-02,W1059,52.05901,10.82432,0.0,,16.3,16.9,0.203,17.2,0.185,2.37,icon_d2
2026-09-02,W1060,52.05901,10.85389,0.0,,16.4,16.8,0.207,17.1,0.19,2.43,icon_d2
2026-09-02,W1061,52.05901,10.88345,0.0,,16.4,16.8,0.207,17.1,0.19,2.44,icon_d2
2026-09-02,W1062,52.05901,10.91302,0.0,,16.5,16.8,0.207,17.1,0.19,2.48,icon_d2
2026-09-02,W1063,52.05901,10.94258,0.0,,16.4,16.8,0.207,17.1,0.19,2.44,icon_d2
2026-09-02,W1064,52.05901,10.97214,0.0,,16.5,16.8,0.207,17.1,0.19,2.53,icon_d2
2026-09-02,W1065,52.05901,11.00171,0.0,,16.4,16.8,0.207,17.1,0.19,2.52,icon_d2
2026-09-02,W1066,52.05901,11.03127,0.0,,16.4,17.3,0.181,17.5,0.175,2.53,icon_d2
2026-09-02,W1067,52.05901,11.06084,0.0,,16.4,17.3,0.181,17.5,0.175,2.52,icon_d2
2026-09-02,W1068,52.05901,11.0904,0.0,,16.3,17.3,0.181,17.5,0.175,2.53,icon_d2
2026-09-02,W1069,52.05901,11.11997,0.0,,16.3,17.3,0.181,17.5,0.175,2.49,icon_d2
2026-09-02,W1070,52.05901,11.14953,0.0,,16.3,17.3,0.181,17.5,0.175,2.48,icon_d2
2026-09-02,W0024,52.086,10.1295,0.0,,15.4,16.9,0.204,17.3,0.159,2.46,icon_d2
2026-09-02,W1071,52.07703,10.14435,0.0,,15.9,16.4,0.185,16.6,0.159,2.48,icon_d2
2026-09-02,W0025,52.086,10.1886,0.0,,16.0,16.8,0.196,16.9,0.15,2.44,icon_d2
2026-09-02,W0026,52.086,10.2182,0.0,,16.1,16.8,0.196,16.9,0.15,2.44,icon_d2
2026-09-02,W1072,52.07703,10.23304,0.0,,16.1,16.8,0.196,16.9,0.15,2.44,icon_d2
2026-09-02,W1073,52.07703,10.2626,0.0,,16.0,16.8,0.196,16.9,0.15,2.44,icon_d2
2026-09-02,W1575,52.07703,10.29217,0.0,,16.3,16.8,0.196,16.9,0.15,2.41,icon_d2
2026-09-02,W0027,52.086,10.3363,0.0,,15.8,17.2,0.176,17.6,0.149,2.34,icon_d2
2026-09-02,W0028,52.086,10.3658,0.0,,15.9,16.5,0.176,16.6,0.161,2.35,icon_d2
2026-09-02,W0029,52.086,10.3954,0.0,,16.8,17.2,0.176,17.3,0.161,2.5,icon_d2
2026-09-02,W1074,52.07703,10.41042,0.0,,16.7,17.2,0.176,17.3,0.161,2.49,icon_d2
2026-09-02,W1075,52.07703,10.43999,0.0,,16.3,17.2,0.176,17.3,0.161,2.41,icon_d2
2026-09-02,W1076,52.07703,10.46955,0.0,,16.3,17.2,0.176,17.3,0.161,2.41,icon_d2
2026-09-02,W0030,52.086,10.5135,0.0,,16.0,16.7,0.172,17.0,0.151,2.37,icon_d2
2026-09-02,W0031,52.086,10.5431,0.0,,16.4,17.4,0.167,17.6,0.166,2.42,icon_d2
2026-09-02,W0032,52.086,10.5726,0.0,,16.3,17.4,0.167,17.6,0.166,2.44,icon_d2
2026-09-02,W1077,52.07703,10.58781,0.0,,16.1,17.4,0.167,17.6,0.166,2.43,icon_d2
2026-09-02,W1576,52.07703,10.61737,0.0,,16.3,17.4,0.167,17.6,0.166,2.32,icon_d2
2026-09-02,W1078,52.07703,10.64694,0.0,,16.4,17.4,0.167,17.6,0.166,2.32,icon_d2
2026-09-02,W1079,52.07703,10.6765,0.0,,16.4,16.9,0.203,17.2,0.185,2.35,icon_d2
2026-09-02,W1080,52.07703,10.70607,0.0,,16.2,16.9,0.203,17.2,0.185,2.4,icon_d2
2026-09-02,W1081,52.07703,10.73563,0.0,,16.3,16.9,0.203,17.2,0.185,2.43,icon_d2
2026-09-02,W1082,52.07703,10.76519,0.0,,16.4,16.9,0.203,17.2,0.185,2.45,icon_d2
2026-09-02,W1577,52.07703,10.79476,0.0,,16.2,16.9,0.203,17.2,0.185,2.38,icon_d2
2026-09-02,W1083,52.07703,10.82432,0.0,,16.3,16.7,0.178,17.0,0.18,2.38,icon_d2
2026-09-02,W1084,52.07703,10.85389,0.0,,16.5,16.8,0.207,17.1,0.19,2.43,icon_d2
2026-09-02,W1085,52.07703,10.88345,0.0,,16.2,16.8,0.207,17.1,0.19,2.42,icon_d2
2026-09-02,W1086,52.07703,10.91302,0.0,,16.3,16.8,0.207,17.1,0.19,2.38,icon_d2
2026-09-02,W1087,52.07703,10.94258,0.0,,16.3,16.8,0.207,17.1,0.19,2.38,icon_d2
2026-09-02,W1088,52.07703,10.97214,0.0,,16.5,16.8,0.207,17.1,0.19,2.39,icon_d2
2026-09-02,W1089,52.07703,11.00171,0.0,,16.4,17.2,0.151,17.7,0.166,2.44,icon_d2
2026-09-02,W1090,52.07703,11.03127,0.0,,16.2,17.3,0.181,17.5,0.175,2.48,icon_d2
2026-09-02,W1091,52.07703,11.06084,0.0,,16.2,17.3,0.181,17.5,0.175,2.51,icon_d2
2026-09-02,W1092,52.07703,11.0904,0.0,,16.4,17.3,0.181,17.5,0.175,2.49,icon_d2
2026-09-02,W0033,52.086,11.1338,0.0,,16.4,17.3,0.168,17.6,0.176,2.45,icon_d2
2026-09-02,W1093,52.07703,11.14953,0.0,,16.4,17.3,0.168,17.6,0.176,2.46,icon_d2
2026-09-02,W1094,52.09505,10.11478,0.0,,16.0,16.9,0.204,17.3,0.159,2.5,icon_d2
2026-09-02,W1095,52.09505,10.14435,0.0,,16.1,16.9,0.204,17.3,0.159,2.5,icon_d2
2026-09-02,W1096,52.09505,10.17391,0.0,,15.8,16.9,0.204,17.3,0.159,2.49,icon_d2
2026-09-02,W1097,52.09505,10.20347,0.0,,16.1,16.8,0.196,16.9,0.15,2.41,icon_d2
2026-09-02,W1098,52.09505,10.23304,0.0,,16.1,16.8,0.196,16.9,0.15,2.4,icon_d2
2026-09-02,W1099,52.09505,10.2626,0.0,,15.8,17.2,0.176,17.6,0.149,2.38,icon_d2
2026-09-02,W1100,52.09505,10.29217,0.0,,16.2,17.2,0.176,17.6,0.149,2.42,icon_d2
2026-09-02,W1101,52.09505,10.32173,0.0,,15.9,17.2,0.176,17.6,0.149,2.39,icon_d2
2026-09-02,W1578,52.09505,10.3513,0.0,,16.2,17.2,0.176,17.3,0.161,2.43,icon_d2
2026-09-02,W1102,52.09505,10.38086,0.0,,16.6,17.2,0.176,17.3,0.161,2.48,icon_d2
2026-09-02,W1103,52.09505,10.41042,0.0,,16.3,17.2,0.176,17.3,0.161,2.43,icon_d2
2026-09-02,W1104,52.09505,10.43999,0.0,,16.3,17.3,0.172,17.6,0.151,2.44,icon_d2
2026-09-02,W1105,52.09505,10.46955,0.0,,16.3,17.3,0.172,17.6,0.151,2.41,icon_d2
2026-09-02,W1106,52.09505,10.49912,0.0,,16.1,17.3,0.172,17.6,0.151,2.39,icon_d2
2026-09-02,W1107,52.09505,10.52868,0.0,,16.1,17.4,0.167,17.6,0.166,2.41,icon_d2
2026-09-02,W1108,52.09505,10.55825,0.0,,16.2,17.4,0.167,17.6,0.166,2.43,icon_d2
2026-09-02,W1109,52.09505,10.58781,0.0,,16.2,16.9,0.186,17.2,0.185,2.43,icon_d2
2026-09-02,W1110,52.09505,10.61737,0.0,,16.3,16.9,0.186,17.2,0.185,2.31,icon_d2
2026-09-02,W1111,52.09505,10.64694,0.0,,16.4,16.9,0.186,17.2,0.185,2.33,icon_d2
2026-09-02,W1112,52.09505,10.6765,0.0,,16.3,16.9,0.186,17.2,0.185,2.35,icon_d2
2026-09-02,W1113,52.09505,10.70607,0.0,,16.4,16.9,0.203,17.2,0.185,2.39,icon_d2
2026-09-02,W1114,52.09505,10.73563,0.0,,16.2,16.9,0.203,17.2,0.185,2.47,icon_d2
2026-09-02,W1115,52.09505,10.76519,0.0,,16.4,16.7,0.178,17.0,0.18,2.48,icon_d2
2026-09-02,W1579,52.09505,10.79476,0.0,,16.2,16.7,0.178,17.0,0.18,2.42,icon_d2
2026-09-02,W1116,52.09505,10.82432,0.0,,16.1,16.7,0.178,17.0,0.18,2.38,icon_d2
2026-09-02,W1117,52.09505,10.85389,0.0,,16.0,16.8,0.207,17.1,0.19,2.37,icon_d2
2026-09-02,W1580,52.09505,10.88345,0.0,,16.2,16.8,0.207,17.1,0.19,2.38,icon_d2
2026-09-02,W1118,52.09505,10.91302,0.0,,16.3,16.8,0.207,17.1,0.19,2.43,icon_d2
2026-09-02,W1581,52.09505,10.94258,0.0,,16.3,17.2,0.151,17.7,0.166,2.44,icon_d2
2026-09-02,W1119,52.09505,10.97214,0.0,,16.3,17.2,0.151,17.7,0.166,2.42,icon_d2
2026-09-02,W1120,52.09505,11.00171,0.0,,16.3,17.2,0.151,17.7,0.166,2.41,icon_d2
2026-09-02,W1121,52.09505,11.03127,0.0,,16.3,17.3,0.181,17.5,0.175,2.48,icon_d2
2026-09-02,W1122,52.09505,11.06084,0.0,,16.4,17.3,0.181,17.5,0.175,2.49,icon_d2
2026-09-02,W1123,52.09505,11.0904,0.0,,16.3,17.3,0.168,17.6,0.176,2.51,icon_d2
2026-09-02,W1124,52.09505,11.11997,0.0,,16.4,17.3,0.168,17.6,0.176,2.52,icon_d2
2026-09-02,W1125,52.09505,11.14953,0.0,,16.4,17.3,0.168,17.6,0.176,2.45,icon_d2
2026-09-02,W0034,52.1041,10.1295,0.0,,15.9,16.9,0.204,17.3,0.159,2.49,icon_d2
2026-09-02,W0035,52.1041,10.1591,0.0,,16.1,16.9,0.204,17.3,0.159,2.49,icon_d2
2026-09-02,W1126,52.11306,10.17391,0.0,,15.9,16.9,0.204,17.3,0.159,2.49,icon_d2
2026-09-02,W0036,52.1041,10.2182,0.0,,15.9,16.8,0.196,16.9,0.15,2.4,icon_d2
2026-09-02,W0037,52.1041,10.2477,0.0,,16.0,17.2,0.176,17.6,0.149,2.39,icon_d2
2026-09-02,W0038,52.1041,10.2772,0.0,,15.4,16.5,0.176,16.9,0.149,2.35,icon_d2
2026-09-02,W0039,52.1041,10.3068,0.0,,16.0,17.2,0.176,17.6,0.149,2.41,icon_d2
2026-09-02,W0040,52.1041,10.3363,0.0,,15.9,17.2,0.176,17.6,0.149,2.41,icon_d2
2026-09-02,W0041,52.1041,10.3658,0.0,,16.7,17.2,0.176,17.3,0.161,2.46,icon_d2
2026-09-02,W1127,52.11306,10.38086,0.0,,17.2,17.3,0.172,17.6,0.151,2.52,icon_d2
2026-09-02,W1128,52.11306,10.41042,0.0,,16.6,17.3,0.172,17.6,0.151,2.5,icon_d2
2026-09-02,W1129,52.11306,10.43999,0.0,,16.2,17.3,0.172,17.6,0.151,2.41,icon_d2
2026-09-02,W0042,52.1041,10.484,0.0,,16.5,17.3,0.172,17.6,0.151,2.41,icon_d2
2026-09-02,W0043,52.1041,10.5135,0.0,,15.9,16.6,0.172,16.9,0.151,2.4,icon_d2
2026-09-02,W0044,52.1041,10.5431,0.0,,16.4,17.4,0.167,17.6,0.166,2.43,icon_d2
2026-09-02,W1130,52.11306,10.55825,0.0,,16.6,16.9,0.186,17.2,0.185,2.49,icon_d2
2026-09-02,W1131,52.11306,10.58781,0.0,,16.1,16.9,0.186,17.2,0.185,2.37,icon_d2
2026-09-02,W1132,52.11306,10.61737,0.0,,16.5,16.9,0.186,17.2,0.185,2.41,icon_d2
2026-09-02,W1582,52.11306,10.64694,0.0,,16.3,16.9,0.186,17.2,0.185,2.37,icon_d2
2026-09-02,W1133,52.11306,10.6765,0.0,,16.4,16.9,0.186,17.2,0.185,2.39,icon_d2
2026-09-02,W1134,52.11306,10.70607,0.0,,16.1,16.7,0.178,17.0,0.18,2.37,icon_d2
2026-09-02,W1135,52.11306,10.73563,0.0,,16.1,16.7,0.178,17.0,0.18,2.38,icon_d2
2026-09-02,W1136,52.11306,10.76519,0.0,,15.9,16.7,0.178,17.0,0.18,2.35,icon_d2
2026-09-02,W1137,52.11306,10.79476,0.0,,16.0,16.7,0.178,17.0,0.18,2.36,icon_d2
2026-09-02,W1138,52.11306,10.82432,0.0,,16.0,16.7,0.178,17.0,0.18,2.34,icon_d2
2026-09-02,W1139,52.11306,10.85389,0.0,,16.1,16.7,0.178,17.0,0.18,2.38,icon_d2
2026-09-02,W1140,52.11306,10.88345,0.0,,16.2,17.2,0.151,17.7,0.166,2.38,icon_d2
2026-09-02,W1141,52.11306,10.91302,0.0,,16.6,17.2,0.151,17.7,0.166,2.46,icon_d2
2026-09-02,W1142,52.11306,10.94258,0.0,,16.6,17.2,0.151,17.7,0.166,2.49,icon_d2
2026-09-02,W1143,52.11306,10.97214,0.0,,16.5,17.2,0.151,17.7,0.166,2.43,icon_d2
2026-09-02,W1144,52.11306,11.00171,0.0,,16.5,17.2,0.151,17.7,0.166,2.42,icon_d2
2026-09-02,W1145,52.11306,11.03127,0.0,,16.4,17.3,0.168,17.6,0.176,2.43,icon_d2
2026-09-02,W1146,52.11306,11.06084,0.0,,16.3,17.3,0.168,17.6,0.176,2.45,icon_d2
2026-09-02,W1147,52.11306,11.0904,0.0,,16.2,17.3,0.168,17.6,0.176,2.45,icon_d2
2026-09-02,W1148,52.11306,11.11997,0.0,,16.4,17.3,0.168,17.6,0.176,2.44,icon_d2
2026-09-02,W1149,52.11306,11.14953,0.0,,16.2,17.3,0.168,17.6,0.176,2.43,icon_d2
2026-09-02,W0046,52.1221,10.1295,0.0,,15.5,16.9,0.204,17.3,0.159,2.41,icon_d2
2026-09-02,W0047,52.1221,10.1591,0.0,,15.6,16.9,0.204,17.3,0.159,2.48,icon_d2
2026-09-02,W0048,52.1221,10.1886,0.0,,15.9,16.9,0.204,17.3,0.159,2.5,icon_d2
2026-09-02,W0049,52.1221,10.2182,0.0,,15.9,17.2,0.176,17.6,0.149,2.48,icon_d2
2026-09-02,W0050,52.1221,10.2477,0.0,,16.2,17.2,0.176,17.6,0.149,2.45,icon_d2
2026-09-02,W0051,52.1221,10.2772,0.0,,15.9,17.2,0.176,17.6,0.149,2.45,icon_d2
2026-09-02,W0052,52.1221,10.3068,0.0,,16.1,17.2,0.176,17.6,0.149,2.46,icon_d2
2026-09-02,W0053,52.1221,10.3363,0.0,,16.5,17.2,0.176,17.6,0.149,2.49,icon_d2
2026-09-02,W1150,52.13108,10.3513,0.0,,16.8,17.2,0.176,17.6,0.149,2.52,icon_d2
2026-09-02,W0054,52.1221,10.3954,0.0,,17.3,17.3,0.172,17.6,0.151,2.53,icon_d2
2026-09-02,W1151,52.13108,10.41042,0.0,,16.9,17.3,0.172,17.6,0.151,2.57,icon_d2
2026-09-02,W1152,52.13108,10.43999,0.0,,16.5,17.3,0.172,17.6,0.151,2.49,icon_d2
2026-09-02,W0055,52.1221,10.484,0.0,,16.2,17.3,0.172,17.6,0.151,2.41,icon_d2
2026-09-02,W0056,52.1221,10.5135,0.0,,16.1,17.3,0.172,17.6,0.151,2.41,icon_d2
2026-09-02,W0057,52.1221,10.5431,0.0,,16.5,16.9,0.186,17.2,0.185,2.48,icon_d2
2026-09-02,W0058,52.1221,10.5726,0.0,,16.2,16.9,0.186,17.2,0.185,2.38,icon_d2
2026-09-02,W1153,52.13108,10.58781,0.0,,16.2,16.9,0.186,17.2,0.185,2.39,icon_d2
2026-09-02,W1583,52.13108,10.61737,0.0,,16.6,16.9,0.186,17.2,0.185,2.42,icon_d2
2026-09-02,W0059,52.1221,10.6612,0.0,,16.2,16.9,0.186,17.2,0.185,2.36,icon_d2
2026-09-02,W0060,52.1221,10.6908,0.0,,15.9,16.7,0.178,17.0,0.18,2.36,icon_d2
2026-09-02,W1154,52.13108,10.70607,0.0,,16.0,16.7,0.178,17.0,0.18,2.39,icon_d2
2026-09-02,W1155,52.13108,10.73563,0.0,,16.1,16.7,0.178,17.0,0.18,2.34,icon_d2
2026-09-02,W1584,52.13108,10.76519,0.0,,16.1,16.7,0.178,17.0,0.18,2.33,icon_d2
2026-09-02,W1156,52.13108,10.79476,0.0,,16.4,16.7,0.178,17.0,0.18,2.37,icon_d2
2026-09-02,W1157,52.13108,10.82432,0.0,,16.0,16.7,0.178,17.0,0.18,2.35,icon_d2
2026-09-02,W1158,52.13108,10.85389,0.0,,16.2,16.7,0.178,17.0,0.18,2.38,icon_d2
2026-09-02,W1159,52.13108,10.88345,0.0,,16.5,17.2,0.151,17.7,0.166,2.43,icon_d2
2026-09-02,W1160,52.13108,10.91302,0.0,,16.2,17.2,0.151,17.7,0.166,2.44,icon_d2
2026-09-02,W1161,52.13108,10.94258,0.0,,16.2,17.2,0.151,17.7,0.166,2.46,icon_d2
2026-09-02,W0061,52.1221,10.9861,0.0,,16.5,17.2,0.151,17.7,0.166,2.43,icon_d2
2026-09-02,W0062,52.1221,11.0157,0.0,,16.5,17.2,0.151,17.7,0.166,2.42,icon_d2
2026-09-02,W0063,52.1221,11.0452,0.0,,16.2,17.3,0.168,17.6,0.176,2.42,icon_d2
2026-09-02,W1162,52.13108,11.06084,0.0,,16.6,17.3,0.168,17.6,0.176,2.42,icon_d2
2026-09-02,W1163,52.13108,11.0904,0.0,,16.4,17.3,0.168,17.6,0.176,2.41,icon_d2
2026-09-02,W1164,52.13108,11.11997,0.0,,16.3,17.3,0.168,17.6,0.176,2.4,icon_d2
2026-09-02,W1165,52.13108,11.14953,0.0,,16.2,17.3,0.168,17.6,0.176,2.39,icon_d2
2026-09-02,W0065,52.1401,10.1295,0.0,,16.0,16.9,0.204,17.3,0.159,2.45,icon_d2
2026-09-02,W0066,52.1401,10.1591,0.0,,15.5,16.9,0.204,17.3,0.159,2.44,icon_d2
2026-09-02,W0067,52.1401,10.1886,0.0,,16.0,16.9,0.204,17.3,0.159,2.54,icon_d2
2026-09-02,W0068,52.1401,10.2182,0.0,,16.1,17.2,0.176,17.6,0.149,2.53,icon_d2
2026-09-02,W1166,52.1491,10.23304,0.0,,16.2,17.2,0.176,17.6,0.149,2.54,icon_d2
2026-09-02,W1167,52.1491,10.2626,0.0,,16.6,17.2,0.176,17.6,0.149,2.51,icon_d2
2026-09-02,W1168,52.1491,10.29217,0.0,,16.6,17.2,0.176,17.6,0.149,2.51,icon_d2
2026-09-02,W1169,52.1491,10.32173,0.0,,16.8,17.2,0.176,17.6,0.149,2.58,icon_d2
2026-09-02,W0069,52.1401,10.3658,0.0,,16.8,17.3,0.172,17.6,0.151,2.52,icon_d2
2026-09-02,W0084,52.1581,10.3954,0.0,,17.1,17.3,0.172,17.6,0.151,2.55,icon_d2
2026-09-02,W0085,52.1581,10.4249,0.0,,17.1,17.3,0.172,17.6,0.151,2.55,icon_d2
2026-09-02,W1170,52.1491,10.43999,0.0,,16.5,17.3,0.172,17.6,0.151,2.5,icon_d2
2026-09-02,W0070,52.1401,10.484,0.0,,16.5,17.3,0.172,17.6,0.151,2.44,icon_d2
2026-09-02,W0071,52.1401,10.5135,0.0,,16.5,17.3,0.172,17.6,0.151,2.44,icon_d2
2026-09-02,W0072,52.1401,10.5431,0.0,,16.5,16.9,0.186,17.2,0.185,2.43,icon_d2
2026-09-02,W0073,52.1401,10.5726,0.0,,16.4,16.9,0.186,17.2,0.185,2.41,icon_d2
2026-09-02,W1171,52.1491,10.58781,0.0,,16.4,16.9,0.186,17.2,0.185,2.41,icon_d2
2026-09-02,W0074,52.1401,10.6317,0.0,,15.8,16.2,0.186,16.5,0.185,2.38,icon_d2
2026-09-02,W0075,52.1401,10.6612,0.0,,15.5,16.1,0.186,16.4,0.185,2.38,icon_d2
2026-09-02,W0076,52.1401,10.6908,0.0,,16.4,16.7,0.178,17.0,0.18,2.41,icon_d2
2026-09-02,W0077,52.1401,10.7203,0.0,,16.2,16.7,0.178,17.0,0.18,2.35,icon_d2
2026-09-02,W1172,52.1491,10.73563,0.0,,16.2,16.7,0.178,17.0,0.18,2.34,icon_d2
2026-09-02,W1173,52.1491,10.76519,0.0,,16.1,16.7,0.178,17.0,0.18,2.33,icon_d2
2026-09-02,W1174,52.1491,10.79476,0.0,,16.3,16.7,0.178,17.0,0.18,2.36,icon_d2
2026-09-02,W0090,52.1581,10.8384,0.0,,15.6,16.7,0.163,17.2,0.164,2.33,icon_d2
2026-09-02,W0078,52.1401,10.868,0.0,,16.2,17.2,0.151,17.7,0.166,2.38,icon_d2
2026-09-02,W0079,52.1401,10.8975,0.0,,16.0,17.2,0.151,17.7,0.166,2.39,icon_d2
2026-09-02,W0080,52.1401,10.9271,0.0,,15.9,16.5,0.151,17.0,0.166,2.48,icon_d2
2026-09-02,W0081,52.1401,10.9566,0.0,,16.4,17.2,0.151,17.7,0.166,2.55,icon_d2
2026-09-02,W0095,52.1581,10.9861,0.0,,16.7,17.2,0.138,17.6,0.146,2.49,icon_d2
2026-09-02,W0096,52.1581,11.0157,0.0,,16.1,17.2,0.138,17.6,0.146,2.4,icon_d2
2026-09-02,W0082,52.1401,11.0452,0.0,,16.4,17.3,0.168,17.6,0.176,2.43,icon_d2
2026-09-02,W1175,52.1491,11.06084,0.0,,16.6,17.3,0.168,17.6,0.176,2.42,icon_d2
2026-09-02,W0098,52.1581,11.1043,0.0,,15.9,17.3,0.168,17.6,0.176,2.41,icon_d2
2026-09-02,W1176,52.1491,11.11997,0.0,,16.2,17.3,0.168,17.6,0.176,2.39,icon_d2
2026-09-02,W1177,52.1491,11.14953,0.0,,16.2,17.3,0.168,17.6,0.176,2.39,icon_d2
2026-09-02,W1585,52.16712,10.11478,0.0,,16.4,17.0,0.198,17.3,0.16,2.62,icon_d2
2026-09-02,W1178,52.16712,10.14435,0.0,,16.4,17.0,0.198,17.3,0.16,2.57,icon_d2
2026-09-02,W1179,52.16712,10.17391,0.0,,16.3,17.0,0.198,17.3,0.16,2.55,icon_d2
2026-09-02,W0099,52.1761,10.2182,0.0,,16.1,17.2,0.176,17.6,0.149,2.53,icon_d2
2026-09-02,W1180,52.16712,10.23304,0.0,,16.2,17.2,0.176,17.6,0.149,2.54,icon_d2
2026-09-02,W1181,52.16712,10.2626,0.0,,16.2,17.2,0.176,17.6,0.149,2.49,icon_d2
2026-09-02,W1182,52.16712,10.29217,0.0,,16.9,17.1,0.2,17.4,0.15,2.57,icon_d2
2026-09-02,W1183,52.16712,10.32173,0.0,,16.9,17.1,0.2,17.4,0.15,2.57,icon_d2
2026-09-02,W0100,52.1761,10.3658,0.0,,16.7,17.1,0.2,17.4,0.15,2.54,icon_d2
2026-09-02,W1184,52.16712,10.38086,0.0,,16.5,17.3,0.172,17.6,0.151,2.49,icon_d2
2026-09-02,W0101,52.1761,10.4249,0.0,,17.0,17.3,0.177,17.6,0.15,2.53,icon_d2
2026-09-02,W0102,52.1761,10.4545,0.0,,16.5,17.3,0.177,17.6,0.15,2.51,icon_d2
2026-09-02,W0103,52.1761,10.484,0.0,,16.6,17.3,0.177,17.6,0.15,2.52,icon_d2
2026-09-02,W1185,52.16712,10.49912,0.0,,16.6,17.3,0.177,17.6,0.15,2.47,icon_d2
2026-09-02,W0104,52.1761,10.5431,0.0,,16.7,16.9,0.186,17.2,0.185,2.46,icon_d2
2026-09-02,W1186,52.16712,10.55825,0.0,,16.3,16.9,0.186,17.2,0.185,2.4,icon_d2
2026-09-02,W1187,52.16712,10.58781,0.0,,16.2,16.9,0.186,17.2,0.185,2.4,icon_d2
2026-09-02,W1188,52.16712,10.61737,0.0,,16.4,16.6,0.199,16.8,0.169,2.45,icon_d2
2026-09-02,W1189,52.16712,10.64694,0.0,,16.6,16.6,0.199,16.8,0.169,2.43,icon_d2
2026-09-02,W1586,52.16712,10.6765,0.0,,16.4,16.6,0.199,16.8,0.169,2.43,icon_d2
2026-09-02,W1190,52.16712,10.70607,0.0,,16.1,16.7,0.178,17.0,0.18,2.34,icon_d2
2026-09-02,W1587,52.16712,10.73563,0.0,,15.9,16.7,0.178,17.0,0.18,2.35,icon_d2
2026-09-02,W0105,52.1761,10.7794,0.0,,15.8,16.7,0.163,17.2,0.164,2.29,icon_d2
2026-09-02,W0106,52.1761,10.8089,0.0,,15.6,16.7,0.163,17.2,0.164,2.28,icon_d2
2026-09-02,W0107,52.1761,10.8384,0.0,,15.9,16.7,0.163,17.2,0.164,2.35,icon_d2
2026-09-02,W0108,52.1761,10.868,0.0,,16.0,16.7,0.163,17.2,0.164,2.37,icon_d2
2026-09-02,W0109,52.1761,10.8975,0.0,,16.1,17.2,0.151,17.7,0.166,2.44,icon_d2
2026-09-02,W0110,52.1761,10.9271,0.0,,16.5,17.2,0.138,17.6,0.146,2.46,icon_d2
2026-09-02,W0111,52.1761,10.9566,0.0,,16.4,17.2,0.138,17.6,0.146,2.45,icon_d2
2026-09-02,W0112,52.1761,10.9861,0.0,,16.7,17.2,0.138,17.6,0.146,2.45,icon_d2
2026-09-02,W0113,52.1761,11.0157,0.0,,16.4,17.2,0.138,17.6,0.146,2.38,icon_d2
2026-09-02,W0114,52.1761,11.0452,0.0,,16.1,17.3,0.168,17.6,0.176,2.4,icon_d2
2026-09-02,W1191,52.16712,11.06084,0.0,,16.5,17.3,0.168,17.6,0.176,2.42,icon_d2
2026-09-02,W0115,52.1761,11.1043,0.0,,16.0,17.5,0.146,17.8,0.144,2.43,icon_d2
2026-09-02,W1192,52.16712,11.11997,0.0,,15.9,17.5,0.146,17.8,0.144,2.38,icon_d2
2026-09-02,W1193,52.16712,11.14953,0.0,,16.2,17.5,0.146,17.8,0.144,2.47,icon_d2
2026-09-02,W0116,52.1941,10.1,0.0,,16.3,17.0,0.198,17.3,0.16,2.65,icon_d2
2026-09-02,W1194,52.18514,10.14435,0.0,,16.3,17.0,0.198,17.3,0.16,2.63,icon_d2
2026-09-02,W1588,52.18514,10.17391,0.0,,16.3,17.0,0.198,17.3,0.16,2.53,icon_d2
2026-09-02,W1195,52.18514,10.20347,0.0,,16.4,17.0,0.198,17.3,0.16,2.54,icon_d2
2026-09-02,W1196,52.18514,10.23304,0.0,,16.4,17.1,0.2,17.4,0.15,2.55,icon_d2
2026-09-02,W1197,52.18514,10.2626,0.0,,16.2,17.1,0.2,17.4,0.15,2.5,icon_d2
2026-09-02,W0117,52.1941,10.3068,0.0,,16.5,17.1,0.2,17.4,0.15,2.57,icon_d2
2026-09-02,W0118,52.1941,10.3363,0.0,,16.4,17.1,0.2,17.4,0.15,2.52,icon_d2
2026-09-02,W1198,52.18514,10.3513,0.0,,16.8,17.1,0.2,17.4,0.15,2.55,icon_d2
2026-09-02,W1199,52.18514,10.38086,0.0,,16.7,17.3,0.177,17.6,0.15,2.49,icon_d2
2026-09-02,W1200,52.18514,10.41042,0.0,,17.0,17.3,0.177,17.6,0.15,2.53,icon_d2
2026-09-02,W1201,52.18514,10.43999,0.0,,17.0,17.3,0.177,17.6,0.15,2.53,icon_d2
2026-09-02,W1202,52.18514,10.46955,0.0,,16.5,17.3,0.177,17.6,0.15,2.52,icon_d2
2026-09-02,W1203,52.18514,10.49912,0.0,,16.6,17.3,0.177,17.6,0.15,2.51,icon_d2
2026-09-02,W0119,52.1941,10.5431,0.0,,16.4,17.3,0.177,17.6,0.15,2.43,icon_d2
2026-09-02,W1204,52.18514,10.55825,0.0,,16.2,16.6,0.199,16.8,0.169,2.4,icon_d2
2026-09-02,W1205,52.18514,10.58781,0.0,,16.5,16.6,0.199,16.8,0.169,2.42,icon_d2
2026-09-02,W0120,52.1941,10.6317,0.0,,16.3,16.6,0.199,16.8,0.169,2.38,icon_d2
2026-09-02,W1206,52.18514,10.64694,0.0,,16.2,16.6,0.199,16.8,0.169,2.4,icon_d2
2026-09-02,W0121,52.1941,10.6908,0.0,,16.4,16.6,0.199,16.8,0.169,2.3,icon_d2
2026-09-02,W0122,52.1941,10.7203,0.0,,16.1,16.7,0.163,17.2,0.164,2.27,icon_d2
2026-09-02,W0123,52.1941,10.7498,0.0,,15.1,15.5,0.163,16.0,0.164,2.26,icon_d2
2026-09-02,W0124,52.1941,10.7794,0.0,,15.5,15.9,0.163,16.4,0.164,2.28,icon_d2
2026-09-02,W0125,52.1941,10.8089,0.0,,15.4,15.8,0.163,16.2,0.164,2.32,icon_d2
2026-09-02,W0126,52.1941,10.8384,0.0,,15.8,16.7,0.163,17.2,0.164,2.43,icon_d2
2026-09-02,W0127,52.1941,10.868,0.0,,16.4,16.7,0.163,17.2,0.164,2.46,icon_d2
2026-09-02,W1589,52.18514,10.88345,0.0,,16.3,17.2,0.138,17.6,0.146,2.41,icon_d2
2026-09-02,W0128,52.1941,10.9271,0.0,,16.5,17.2,0.138,17.6,0.146,2.43,icon_d2
2026-09-02,W0129,52.1941,10.9566,0.0,,16.1,17.2,0.138,17.6,0.146,2.38,icon_d2
2026-09-02,W1590,52.18514,10.97214,0.0,,16.3,17.2,0.138,17.6,0.146,2.43,icon_d2
2026-09-02,W1207,52.18514,11.00171,0.0,,16.2,17.2,0.138,17.6,0.146,2.38,icon_d2
2026-09-02,W0130,52.1941,11.0452,0.0,,16.2,17.5,0.146,17.8,0.144,2.45,icon_d2
2026-09-02,W0131,52.1941,11.0747,0.0,,16.0,17.5,0.146,17.8,0.144,2.42,icon_d2
2026-09-02,W0132,52.1941,11.1043,0.0,,16.2,17.5,0.146,17.8,0.144,2.44,icon_d2
2026-09-02,W1208,52.18514,11.11997,0.0,,16.2,17.5,0.146,17.8,0.144,2.5,icon_d2
2026-09-02,W1209,52.18514,11.14953,0.0,,16.5,17.5,0.146,17.8,0.144,2.52,icon_d2
2026-09-02,W1210,52.20315,10.11478,0.0,,16.3,17.0,0.198,17.3,0.16,2.66,icon_d2
2026-09-02,W1211,52.20315,10.14435,0.0,,16.2,17.0,0.198,17.3,0.16,2.56,icon_d2
2026-09-02,W1212,52.20315,10.17391,0.0,,16.4,17.0,0.198,17.3,0.16,2.55,icon_d2
2026-09-02,W1591,52.20315,10.20347,0.0,,16.5,17.0,0.198,17.3,0.16,2.56,icon_d2
2026-09-02,W1213,52.20315,10.23304,0.0,,16.5,17.1,0.2,17.4,0.15,2.57,icon_d2
2026-09-02,W1214,52.20315,10.2626,0.0,,16.5,17.1,0.2,17.4,0.15,2.57,icon_d2
2026-09-02,W1215,52.20315,10.29217,0.0,,16.5,17.1,0.2,17.4,0.15,2.57,icon_d2
2026-09-02,W1216,52.20315,10.32173,0.0,,16.3,17.1,0.2,17.4,0.15,2.59,icon_d2
2026-09-02,W1217,52.20315,10.3513,0.0,,16.4,17.1,0.2,17.4,0.15,2.49,icon_d2
2026-09-02,W1218,52.20315,10.38086,0.0,,16.5,17.3,0.177,17.6,0.15,2.5,icon_d2
2026-09-02,W1219,52.20315,10.41042,0.0,,16.5,17.3,0.177,17.6,0.15,2.5,icon_d2
2026-09-02,W1220,52.20315,10.43999,0.0,,17.0,17.3,0.177,17.6,0.15,2.53,icon_d2
2026-09-02,W1221,52.20315,10.46955,0.0,,16.8,17.3,0.177,17.6,0.15,2.52,icon_d2
2026-09-02,W1222,52.20315,10.49912,0.0,,16.6,17.3,0.177,17.6,0.15,2.51,icon_d2
2026-09-02,W1223,52.20315,10.52868,0.0,,16.5,17.3,0.177,17.6,0.15,2.53,icon_d2
2026-09-02,W1224,52.20315,10.55825,0.0,,16.4,16.6,0.199,16.8,0.169,2.43,icon_d2
2026-09-02,W1225,52.20315,10.58781,0.0,,16.4,16.6,0.199,16.8,0.169,2.4,icon_d2
2026-09-02,W1226,52.20315,10.61737,0.0,,16.3,16.6,0.199,16.8,0.169,2.4,icon_d2
2026-09-02,W1227,52.20315,10.64694,0.0,,16.2,16.6,0.199,16.8,0.169,2.38,icon_d2
2026-09-02,W1228,52.20315,10.6765,0.0,,16.3,16.6,0.199,16.8,0.169,2.32,icon_d2
2026-09-02,W1229,52.20315,10.70607,0.0,,16.3,16.6,0.199,16.8,0.169,2.29,icon_d2
2026-09-02,W1592,52.20315,10.73563,0.0,,15.5,15.8,0.163,16.3,0.164,2.24,icon_d2
2026-09-02,W1230,52.20315,10.76519,0.0,,15.4,15.8,0.163,16.3,0.164,2.27,icon_d2
2026-09-02,W1593,52.20315,10.79476,0.0,,15.3,15.7,0.163,16.1,0.164,2.31,icon_d2
2026-09-02,W1594,52.20315,10.82432,0.0,,15.6,15.9,0.163,16.4,0.164,2.33,icon_d2
2026-09-02,W1595,52.20315,10.85389,0.0,,16.3,16.7,0.163,17.2,0.164,2.46,icon_d2
2026-09-02,W1231,52.20315,10.88345,0.0,,16.6,17.2,0.138,17.6,0.146,2.48,icon_d2
2026-09-02,W1232,52.20315,10.91302,0.0,,16.6,17.2,0.138,17.6,0.146,2.44,icon_d2
2026-09-02,W1233,52.20315,10.94258,0.0,,16.1,17.2,0.138,17.6,0.146,2.4,icon_d2
2026-09-02,W1234,52.20315,10.97214,0.0,,15.8,17.2,0.138,17.6,0.146,2.38,icon_d2
2026-09-02,W1235,52.20315,11.00171,0.0,,16.2,17.2,0.138,17.6,0.146,2.41,icon_d2
2026-09-02,W1236,52.20315,11.03127,0.0,,16.2,17.2,0.138,17.6,0.146,2.45,icon_d2
2026-09-02,W1237,52.20315,11.06084,0.0,,15.8,17.5,0.146,17.8,0.144,2.39,icon_d2
2026-09-02,W1238,52.20315,11.0904,0.0,,16.1,17.5,0.146,17.8,0.144,2.43,icon_d2
2026-09-02,W1239,52.20315,11.11997,0.0,,16.5,17.5,0.146,17.8,0.144,2.52,icon_d2
2026-09-02,W1240,52.20315,11.14953,0.0,,16.6,17.5,0.146,17.8,0.144,2.54,icon_d2
2026-09-02,W1596,52.22117,10.11478,0.0,,16.4,17.0,0.198,17.3,0.16,2.69,icon_d2
2026-09-02,W1241,52.22117,10.14435,0.0,,16.3,17.0,0.198,17.3,0.16,2.69,icon_d2
2026-09-02,W1597,52.22117,10.17391,0.0,,16.4,17.0,0.198,17.3,0.16,2.59,icon_d2
2026-09-02,W1242,52.22117,10.20347,0.0,,16.4,17.2,0.201,17.6,0.169,2.59,icon_d2
2026-09-02,W1243,52.22117,10.23304,0.0,,16.4,17.1,0.2,17.4,0.15,2.59,icon_d2
2026-09-02,W1244,52.22117,10.2626,0.0,,16.4,17.1,0.2,17.4,0.15,2.63,icon_d2
2026-09-02,W1245,52.22117,10.29217,0.0,,16.4,17.1,0.2,17.4,0.15,2.66,icon_d2
2026-09-02,W0133,52.2122,10.3363,0.0,,16.3,17.1,0.2,17.4,0.15,2.62,icon_d2
2026-09-02,W1246,52.22117,10.3513,0.0,,16.5,17.2,0.203,17.6,0.141,2.5,icon_d2
2026-09-02,W1247,52.22117,10.38086,0.0,,16.5,17.2,0.203,17.6,0.141,2.51,icon_d2
2026-09-02,W1248,52.22117,10.41042,0.0,,16.7,17.3,0.177,17.6,0.15,2.56,icon_d2
2026-09-02,W1249,52.22117,10.43999,0.0,,16.6,17.3,0.177,17.6,0.15,2.57,icon_d2
2026-09-02,W1250,52.22117,10.46955,0.0,,16.7,17.3,0.177,17.6,0.15,2.54,icon_d2
2026-09-02,W1251,52.22117,10.49912,0.0,,16.6,17.3,0.177,17.6,0.15,2.54,icon_d2
2026-09-02,W0134,52.2122,10.5431,0.0,,16.3,17.7,0.162,18.6,0.149,2.51,icon_d2
2026-09-02,W0135,52.2122,10.5726,0.0,,16.2,16.6,0.199,16.8,0.169,2.45,icon_d2
2026-09-02,W0136,52.2122,10.6021,0.0,,16.4,16.6,0.199,16.8,0.169,2.46,icon_d2
2026-09-02,W1252,52.22117,10.61737,0.0,,16.3,16.6,0.199,16.8,0.169,2.41,icon_d2
2026-09-02,W1253,52.22117,10.64694,0.0,,16.2,16.6,0.199,16.8,0.169,2.4,icon_d2
2026-09-02,W1254,52.22117,10.6765,0.0,,16.4,16.7,0.218,17.3,0.149,2.39,icon_d2
2026-09-02,W0137,52.2122,10.7203,0.0,,15.5,15.9,0.163,16.4,0.164,2.27,icon_d2
2026-09-02,W0138,52.2122,10.7498,0.0,,15.7,16.7,0.163,17.2,0.164,2.28,icon_d2
2026-09-02,W0139,52.2122,10.7794,0.0,,15.2,15.6,0.163,16.1,0.164,2.33,icon_d2
2026-09-02,W0140,52.2122,10.8089,0.0,,15.5,15.8,0.163,16.2,0.164,2.41,icon_d2
2026-09-02,W0141,52.2122,10.8384,0.0,,15.9,16.7,0.163,17.2,0.164,2.46,icon_d2
2026-09-02,W1598,52.22117,10.85389,0.0,,16.4,16.9,0.172,17.5,0.15,2.49,icon_d2
2026-09-02,W0142,52.2122,10.8975,0.0,,16.2,17.2,0.138,17.6,0.146,2.46,icon_d2
2026-09-02,W0143,52.2122,10.9271,0.0,,16.2,17.2,0.138,17.6,0.146,2.44,icon_d2
2026-09-02,W0144,52.2122,10.9566,0.0,,16.0,17.2,0.138,17.6,0.146,2.4,icon_d2
2026-09-02,W0145,52.2122,10.9861,0.0,,16.2,17.2,0.138,17.6,0.146,2.41,icon_d2
2026-09-02,W0146,52.2122,11.0157,0.0,,16.9,17.2,0.138,17.6,0.146,2.51,icon_d2
2026-09-02,W0147,52.2122,11.0452,0.0,,16.0,17.5,0.146,17.8,0.144,2.45,icon_d2
2026-09-02,W0148,52.2122,11.0747,0.0,,16.0,17.5,0.146,17.8,0.144,2.45,icon_d2
2026-09-02,W0149,52.2122,11.1043,0.0,,16.4,17.5,0.146,17.8,0.144,2.52,icon_d2
2026-09-02,W0150,52.2122,11.1338,0.0,,16.6,17.5,0.146,17.8,0.144,2.52,icon_d2
2026-09-02,W1255,52.22117,11.14953,0.0,,16.3,17.5,0.146,17.8,0.144,2.5,icon_d2
2026-09-02,W1256,52.23919,10.11478,0.0,,16.2,17.2,0.201,17.6,0.169,2.69,icon_d2
2026-09-02,W1257,52.23919,10.14435,0.0,,16.4,17.2,0.201,17.6,0.169,2.69,icon_d2
2026-09-02,W1258,52.23919,10.17391,0.0,,16.3,17.2,0.201,17.6,0.169,2.62,icon_d2
2026-09-02,W1259,52.23919,10.20347,0.0,,16.3,17.2,0.201,17.6,0.169,2.61,icon_d2
2026-09-02,W1260,52.23919,10.23304,0.0,,16.2,17.1,0.2,17.4,0.15,2.61,icon_d2
2026-09-02,W1261,52.23919,10.2626,0.0,,16.3,17.1,0.2,17.4,0.15,2.62,icon_d2
2026-09-02,W1262,52.23919,10.29217,0.0,,16.4,17.2,0.203,17.6,0.141,2.66,icon_d2
2026-09-02,W1263,52.23919,10.32173,0.0,,16.4,17.2,0.203,17.6,0.141,2.6,icon_d2
2026-09-02,W1264,52.23919,10.3513,0.0,,16.3,17.2,0.203,17.6,0.141,2.55,icon_d2
2026-09-02,W1265,52.23919,10.38086,0.0,,16.4,17.2,0.203,17.6,0.141,2.6,icon_d2
2026-09-02,W1266,52.23919,10.41042,0.0,,16.5,17.3,0.177,17.6,0.15,2.61,icon_d2
2026-09-02,W1267,52.23919,10.43999,0.0,,16.5,17.3,0.177,17.6,0.15,2.6,icon_d2
2026-09-02,W1268,52.23919,10.46955,0.0,,16.6,17.7,0.162,18.6,0.149,2.6,icon_d2
2026-09-02,W1269,52.23919,10.49912,0.0,,16.6,17.7,0.162,18.6,0.149,2.56,icon_d2
2026-09-02,W0151,52.2302,10.5431,0.0,,16.5,17.7,0.162,18.6,0.149,2.53,icon_d2
2026-09-02,W0152,52.2302,10.5726,0.0,,16.3,16.6,0.199,16.8,0.169,2.52,icon_d2
2026-09-02,W0153,52.2302,10.6021,0.0,,16.5,16.6,0.199,16.8,0.169,2.45,icon_d2
2026-09-02,W0154,52.2302,10.6317,0.0,,16.3,16.6,0.199,16.8,0.169,2.54,icon_d2
2026-09-02,W0155,52.2302,10.6612,0.0,,16.2,16.7,0.218,17.3,0.149,2.5,icon_d2
2026-09-02,W1270,52.23919,10.6765,0.0,,16.2,16.7,0.218,17.3,0.149,2.5,icon_d2
2026-09-02,W0156,52.2302,10.7203,0.0,,16.1,16.7,0.163,17.2,0.164,2.47,icon_d2
2026-09-02,W0157,52.2302,10.7498,0.0,,15.8,16.0,0.163,16.5,0.164,2.45,icon_d2
2026-09-02,W0158,52.2302,10.7794,0.0,,15.6,15.8,0.163,16.3,0.164,2.44,icon_d2
2026-09-02,W0159,52.2302,10.8089,0.0,,16.0,16.7,0.163,17.2,0.164,2.51,icon_d2
2026-09-02,W0160,52.2302,10.8384,0.0,,16.3,16.9,0.172,17.5,0.15,2.51,icon_d2
2026-09-02,W1271,52.23919,10.85389,0.0,,16.7,16.9,0.172,17.5,0.15,2.52,icon_d2
2026-09-02,W1272,52.23919,10.88345,0.0,,16.5,16.9,0.172,17.5,0.15,2.48,icon_d2
2026-09-02,W1273,52.23919,10.91302,0.0,,16.3,17.2,0.138,17.6,0.146,2.45,icon_d2
2026-09-02,W1274,52.23919,10.94258,0.0,,16.2,17.2,0.138,17.6,0.146,2.44,icon_d2
2026-09-02,W1275,52.23919,10.97214,0.0,,16.4,17.0,0.168,17.4,0.148,2.4,icon_d2
2026-09-02,W0161,52.2302,11.0157,0.0,,16.3,17.0,0.168,17.4,0.148,2.45,icon_d2
2026-09-02,W0162,52.2302,11.0452,0.0,,16.1,17.0,0.168,17.4,0.148,2.46,icon_d2
2026-09-02,W0163,52.2302,11.0747,0.0,,16.1,17.5,0.146,17.8,0.144,2.49,icon_d2
2026-09-02,W0164,52.2302,11.1043,0.0,,16.5,17.5,0.146,17.8,0.144,2.53,icon_d2
2026-09-02,W1276,52.23919,11.11997,0.0,,16.4,16.8,0.203,17.1,0.15,2.52,icon_d2
2026-09-02,W1277,52.23919,11.14953,0.0,,16.4,16.8,0.203,17.1,0.15,2.5,icon_d2
2026-09-02,W1278,52.25721,10.11478,0.0,,16.3,17.2,0.201,17.6,0.169,2.65,icon_d2
2026-09-02,W0165,52.2482,10.1591,0.0,,16.3,17.2,0.201,17.6,0.169,2.65,icon_d2
2026-09-02,W0181,52.2662,10.1886,0.0,,16.5,17.2,0.201,17.6,0.169,2.59,icon_d2
2026-09-02,W1279,52.25721,10.20347,0.0,,16.6,17.2,0.201,17.6,0.169,2.63,icon_d2
2026-09-02,W0182,52.2662,10.2477,0.0,,16.6,17.2,0.203,17.6,0.141,2.64,icon_d2
2026-09-02,W0183,52.2662,10.2772,0.0,,16.3,17.2,0.203,17.6,0.141,2.63,icon_d2
2026-09-02,W0184,52.2662,10.3068,0.0,,16.5,17.2,0.203,17.6,0.141,2.64,icon_d2
2026-09-02,W1280,52.25721,10.32173,0.0,,16.4,17.2,0.203,17.6,0.141,2.58,icon_d2
2026-09-02,W1281,52.25721,10.3513,0.0,,16.3,17.2,0.203,17.6,0.141,2.55,icon_d2
2026-09-02,W1282,52.25721,10.38086,0.0,,16.2,17.2,0.203,17.6,0.141,2.57,icon_d2
2026-09-02,W1283,52.25721,10.41042,0.0,,16.3,17.7,0.162,18.6,0.149,2.59,icon_d2
2026-09-02,W0166,52.2482,10.4545,0.0,,16.4,17.7,0.162,18.6,0.149,2.59,icon_d2
2026-09-02,W1285,52.25721,10.46955,0.0,,16.5,17.7,0.162,18.6,0.149,2.58,icon_d2
2026-09-02,W0167,52.2482,10.5135,0.0,,16.9,17.7,0.162,18.6,0.149,2.58,icon_d2
2026-09-02,W1287,52.25721,10.52868,0.0,,17.1,17.7,0.162,18.6,0.149,2.61,icon_d2
2026-09-02,W1288,52.25721,10.55825,0.0,,16.9,17.7,0.162,18.6,0.149,2.61,icon_d2
2026-09-02,W0185,52.2662,10.6021,0.0,,16.4,16.7,0.218,17.3,0.149,2.51,icon_d2
2026-09-02,W0186,52.2662,10.6317,0.0,,16.5,16.7,0.218,17.3,0.149,2.55,icon_d2
2026-09-02,W0187,52.2662,10.6612,0.0,,16.3,16.7,0.218,17.3,0.149,2.54,icon_d2
2026-09-02,W0170,52.2482,10.6908,0.0,,16.6,16.7,0.218,17.3,0.149,2.5,icon_d2
2026-09-02,W0188,52.2662,10.7203,0.0,,16.7,16.7,0.218,17.3,0.149,2.59,icon_d2
2026-09-02,W0171,52.2482,10.7498,0.0,,16.2,16.9,0.172,17.5,0.15,2.48,icon_d2
2026-09-02,W0172,52.2482,10.7794,0.0,,16.2,16.9,0.172,17.5,0.15,2.48,icon_d2
2026-09-02,W0173,52.2482,10.8089,0.0,,16.6,16.9,0.172,17.5,0.15,2.55,icon_d2
2026-09-02,W1293,52.25721,10.82432,0.0,,16.6,16.9,0.172,17.5,0.15,2.52,icon_d2
2026-09-02,W0189,52.2662,10.868,0.0,,16.5,16.9,0.172,17.5,0.15,2.46,icon_d2
2026-09-02,W0190,52.2662,10.8975,0.0,,16.2,17.0,0.168,17.4,0.148,2.43,icon_d2
2026-09-02,W1294,52.25721,10.91302,0.0,,16.4,17.0,0.168,17.4,0.148,2.44,icon_d2
2026-09-02,W0191,52.2662,10.9566,0.0,,16.2,17.0,0.168,17.4,0.148,2.4,icon_d2
2026-09-02,W0192,52.2662,10.9861,0.0,,16.0,17.0,0.168,17.4,0.148,2.38,icon_d2
2026-09-02,W0193,52.2662,11.0157,0.0,,16.1,17.0,0.168,17.4,0.148,2.37,icon_d2
2026-09-02,W0194,52.2662,11.0452,0.0,,16.1,17.0,0.168,17.4,0.148,2.44,icon_d2
2026-09-02,W0195,52.2662,11.0747,0.0,,16.3,16.8,0.203,17.1,0.15,2.45,icon_d2
2026-09-02,W0196,52.2662,11.1043,0.0,,16.3,16.8,0.203,17.1,0.15,2.47,icon_d2
2026-09-02,W0197,52.2662,11.1338,0.0,,15.9,16.8,0.203,17.1,0.15,2.42,icon_d2
2026-09-02,W1606,52.25721,11.14953,0.0,,15.9,16.8,0.203,17.1,0.15,2.42,icon_d2
2026-09-02,W0198,52.2842,10.1,0.0,,16.4,17.2,0.201,17.6,0.169,2.71,icon_d2
2026-09-02,W1295,52.27523,10.14435,0.0,,16.4,17.2,0.201,17.6,0.169,2.64,icon_d2
2026-09-02,W0199,52.2842,10.1886,0.0,,16.4,17.2,0.201,17.6,0.169,2.62,icon_d2
2026-09-02,W1296,52.27523,10.20347,0.0,,16.5,17.2,0.201,17.6,0.169,2.63,icon_d2
2026-09-02,W0200,52.2842,10.2477,0.0,,16.6,17.2,0.203,17.6,0.141,2.66,icon_d2
2026-09-02,W1297,52.27523,10.2626,0.0,,16.4,17.2,0.203,17.6,0.141,2.65,icon_d2
2026-09-02,W1298,52.27523,10.29217,0.0,,16.4,17.2,0.203,17.6,0.141,2.64,icon_d2
2026-09-02,W0201,52.2842,10.3363,0.0,,16.3,17.2,0.203,17.6,0.141,2.56,icon_d2
2026-09-02,W0202,52.2842,10.3658,0.0,,16.3,17.2,0.203,17.6,0.141,2.55,icon_d2
2026-09-02,W0203,52.2842,10.3954,0.0,,16.2,17.4,0.185,17.8,0.163,2.55,icon_d2
2026-09-02,W1299,52.27523,10.41042,0.0,,16.2,17.7,0.162,18.6,0.149,2.55,icon_d2
2026-09-02,W0204,52.2842,10.4545,0.0,,16.6,17.7,0.162,18.6,0.149,2.54,icon_d2
2026-09-02,W1300,52.27523,10.46955,0.0,,16.7,17.7,0.162,18.6,0.149,2.55,icon_d2
2026-09-02,W0205,52.2842,10.5135,0.0,,17.1,17.7,0.162,18.6,0.149,2.6,icon_d2
2026-09-02,W0206,52.2842,10.5431,0.0,,17.0,17.7,0.162,18.6,0.149,2.63,icon_d2
2026-09-02,W0207,52.2842,10.5726,0.0,,16.8,16.7,0.218,17.3,0.149,2.62,icon_d2
2026-09-02,W0208,52.2842,10.6021,0.0,,16.4,16.7,0.218,17.3,0.149,2.55,icon_d2
2026-09-02,W0209,52.2842,10.6317,0.0,,16.2,16.7,0.218,17.3,0.149,2.51,icon_d2
2026-09-02,W1301,52.27523,10.64694,0.0,,16.3,16.7,0.218,17.3,0.149,2.51,icon_d2
2026-09-02,W1302,52.27523,10.6765,0.0,,16.4,16.7,0.218,17.3,0.149,2.51,icon_d2
2026-09-02,W0210,52.2842,10.7203,0.0,,16.4,16.7,0.218,17.3,0.149,2.5,icon_d2
2026-09-02,W1303,52.27523,10.73563,0.0,,16.2,16.9,0.172,17.5,0.15,2.49,icon_d2
2026-09-02,W1304,52.27523,10.76519,0.0,,16.7,16.9,0.172,17.5,0.15,2.57,icon_d2
2026-09-02,W0211,52.2842,10.8089,0.0,,16.0,16.9,0.172,17.5,0.15,2.43,icon_d2
2026-09-02,W0212,52.2842,10.8384,0.0,,16.3,16.9,0.172,17.5,0.15,2.4,icon_d2
2026-09-02,W0213,52.2842,10.868,0.0,,15.8,16.9,0.172,17.5,0.15,2.37,icon_d2
2026-09-02,W0214,52.2842,10.8975,0.0,,16.1,17.0,0.179,17.5,0.146,2.38,icon_d2
2026-09-02,W1305,52.27523,10.91302,0.0,,16.0,17.0,0.168,17.4,0.148,2.37,icon_d2
2026-09-02,W1306,52.27523,10.94258,0.0,,16.2,17.0,0.168,17.4,0.148,2.37,icon_d2
2026-09-02,W1307,52.27523,10.97214,0.0,,16.1,17.0,0.168,17.4,0.148,2.34,icon_d2
2026-09-02,W0215,52.2842,11.0157,0.0,,15.9,17.0,0.168,17.4,0.148,2.38,icon_d2
2026-09-02,W0216,52.2842,11.0452,0.0,,16.4,17.0,0.168,17.4,0.148,2.4,icon_d2
2026-09-02,W0217,52.2842,11.0747,0.0,,16.1,16.8,0.203,17.1,0.15,2.4,icon_d2
2026-09-02,W0218,52.2842,11.1043,0.0,,16.2,16.8,0.203,17.1,0.15,2.4,icon_d2
2026-09-02,W0219,52.2842,11.1338,0.0,,16.5,16.8,0.203,17.1,0.15,2.48,icon_d2
2026-09-02,W1308,52.27523,11.14953,0.0,,16.3,16.8,0.203,17.1,0.15,2.46,icon_d2
2026-09-02,W1309,52.29324,10.11478,0.0,,16.5,17.2,0.201,17.6,0.169,2.75,icon_d2
2026-09-02,W1310,52.29324,10.14435,0.0,,16.4,17.2,0.201,17.6,0.169,2.75,icon_d2
2026-09-02,W1311,52.29324,10.17391,0.0,,16.3,17.2,0.201,17.6,0.169,2.63,icon_d2
2026-09-02,W1312,52.29324,10.20347,0.0,,16.4,17.7,0.153,18.2,0.146,2.64,icon_d2
2026-09-02,W1313,52.29324,10.23304,0.0,,16.4,17.7,0.153,18.2,0.146,2.57,icon_d2
2026-09-02,W1314,52.29324,10.2626,0.0,,16.3,17.2,0.203,17.6,0.141,2.57,icon_d2
2026-09-02,W1315,52.29324,10.29217,0.0,,16.4,17.2,0.203,17.6,0.141,2.56,icon_d2
2026-09-02,W1316,52.29324,10.32173,0.0,,16.5,17.2,0.203,17.6,0.141,2.55,icon_d2
2026-09-02,W1317,52.29324,10.3513,0.0,,16.3,17.2,0.203,17.6,0.141,2.53,icon_d2
2026-09-02,W1318,52.29324,10.38086,0.0,,16.4,17.4,0.185,17.8,0.163,2.5,icon_d2
2026-09-02,W1319,52.29324,10.41042,0.0,,16.4,17.7,0.162,18.6,0.149,2.47,icon_d2
2026-09-02,W1320,52.29324,10.43999,0.0,,16.3,17.7,0.162,18.6,0.149,2.5,icon_d2
2026-09-02,W1321,52.29324,10.46955,0.0,,16.3,17.7,0.162,18.6,0.149,2.5,icon_d2
2026-09-02,W1322,52.29324,10.49912,0.0,,16.6,17.7,0.162,18.6,0.149,2.51,icon_d2
2026-09-02,W1323,52.29324,10.52868,0.0,,16.7,17.7,0.17,18.4,0.143,2.52,icon_d2
2026-09-02,W1324,52.29324,10.55825,0.0,,16.5,17.7,0.17,18.4,0.143,2.5,icon_d2
2026-09-02,W1325,52.29324,10.58781,0.0,,16.5,16.7,0.218,17.3,0.149,2.56,icon_d2
2026-09-02,W1326,52.29324,10.61737,0.0,,16.4,16.7,0.218,17.3,0.149,2.5,icon_d2
2026-09-02,W1327,52.29324,10.64694,0.0,,16.3,16.7,0.218,17.3,0.149,2.49,icon_d2
2026-09-02,W1328,52.29324,10.6765,0.0,,16.3,16.7,0.218,17.3,0.149,2.48,icon_d2
2026-09-02,W1329,52.29324,10.70607,0.0,,16.2,16.9,0.196,17.4,0.148,2.48,icon_d2
2026-09-02,W1330,52.29324,10.73563,0.0,,16.2,16.9,0.196,17.4,0.148,2.5,icon_d2
2026-09-02,W1331,52.29324,10.76519,0.0,,16.3,16.9,0.172,17.5,0.15,2.5,icon_d2
2026-09-02,W1332,52.29324,10.79476,0.0,,16.2,16.9,0.172,17.5,0.15,2.48,icon_d2
2026-09-02,W1333,52.29324,10.82432,0.0,,16.2,16.9,0.172,17.5,0.15,2.48,icon_d2
2026-09-02,W1334,52.29324,10.85389,0.0,,16.2,16.9,0.172,17.5,0.15,2.43,icon_d2
2026-09-02,W1335,52.29324,10.88345,0.0,,15.9,17.0,0.179,17.5,0.146,2.37,icon_d2
2026-09-02,W1336,52.29324,10.91302,0.0,,15.9,17.0,0.168,17.4,0.148,2.34,icon_d2
2026-09-02,W1337,52.29324,10.94258,0.0,,16.0,17.0,0.168,17.4,0.148,2.33,icon_d2
2026-09-02,W1338,52.29324,10.97214,0.0,,16.2,17.0,0.168,17.4,0.148,2.35,icon_d2
2026-09-02,W1339,52.29324,11.00171,0.0,,16.0,17.0,0.168,17.4,0.148,2.34,icon_d2
2026-09-02,W1340,52.29324,11.03127,0.0,,15.9,17.2,0.161,17.6,0.149,2.37,icon_d2
2026-09-02,W1341,52.29324,11.06084,0.0,,16.4,17.2,0.161,17.6,0.149,2.42,icon_d2
2026-09-02,W1342,52.29324,11.0904,0.0,,16.1,16.8,0.203,17.1,0.15,2.42,icon_d2
2026-09-02,W1343,52.29324,11.11997,0.0,,16.1,16.8,0.203,17.1,0.15,2.42,icon_d2
2026-09-02,W1344,52.29324,11.14953,0.0,,16.1,16.8,0.203,17.1,0.15,2.47,icon_d2
2026-09-02,W1345,52.31126,10.11478,0.0,,16.4,17.2,0.201,17.6,0.169,2.68,icon_d2
2026-09-02,W1346,52.31126,10.14435,0.0,,16.4,17.7,0.153,18.2,0.146,2.7,icon_d2
2026-09-02,W0220,52.3023,10.1886,0.0,,16.4,17.7,0.153,18.2,0.146,2.64,icon_d2
2026-09-02,W1347,52.31126,10.20347,0.0,,16.3,17.7,0.153,18.2,0.146,2.59,icon_d2
2026-09-02,W1348,52.31126,10.23304,0.0,,16.7,17.7,0.153,18.2,0.146,2.62,icon_d2
2026-09-02,W0221,52.3023,10.2772,0.0,,16.4,17.2,0.203,17.6,0.141,2.58,icon_d2
2026-09-02,W0222,52.3023,10.3068,0.0,,16.4,17.2,0.203,17.6,0.141,2.56,icon_d2
2026-09-02,W0223,52.3023,10.3363,0.0,,16.3,17.4,0.185,17.8,0.163,2.53,icon_d2
2026-09-02,W0224,52.3023,10.3658,0.0,,16.4,17.4,0.185,17.8,0.163,2.54,icon_d2
2026-09-02,W1349,52.31126,10.38086,0.0,,16.4,17.4,0.185,17.8,0.163,2.59,icon_d2
2026-09-02,W0225,52.3023,10.4249,0.0,,16.4,17.7,0.162,18.6,0.149,2.46,icon_d2
2026-09-02,W1350,52.31126,10.43999,0.0,,16.3,17.7,0.162,18.6,0.149,2.5,icon_d2
2026-09-02,W1351,52.31126,10.46955,0.0,,16.5,17.7,0.17,18.4,0.143,2.51,icon_d2
2026-09-02,W1352,52.31126,10.49912,0.0,,16.7,17.7,0.17,18.4,0.143,2.55,icon_d2
2026-09-02,W0226,52.3023,10.5431,0.0,,16.7,17.7,0.17,18.4,0.143,2.52,icon_d2
2026-09-02,W0227,52.3023,10.5726,0.0,,16.5,17.7,0.17,18.4,0.143,2.56,icon_d2
2026-09-02,W1353,52.31126,10.58781,0.0,,16.4,16.7,0.218,17.3,0.149,2.46,icon_d2
2026-09-02,W0228,52.3023,10.6317,0.0,,16.4,16.7,0.218,17.3,0.149,2.49,icon_d2
2026-09-02,W0229,52.3023,10.6612,0.0,,16.3,16.9,0.196,17.4,0.148,2.49,icon_d2
2026-09-02,W0230,52.3023,10.6908,0.0,,16.1,16.9,0.196,17.4,0.148,2.47,icon_d2
2026-09-02,W0231,52.3023,10.7203,0.0,,16.2,16.9,0.196,17.4,0.148,2.47,icon_d2
2026-09-02,W1354,52.31126,10.73563,0.0,,16.4,16.9,0.196,17.4,0.148,2.5,icon_d2
2026-09-02,W1355,52.31126,10.76519,0.0,,16.2,16.9,0.172,17.5,0.15,2.54,icon_d2
2026-09-02,W0232,52.3023,10.8089,0.0,,16.2,16.9,0.172,17.5,0.15,2.48,icon_d2
2026-09-02,W0233,52.3023,10.8384,0.0,,16.2,17.0,0.179,17.5,0.146,2.43,icon_d2
2026-09-02,W0234,52.3023,10.868,0.0,,16.1,17.0,0.179,17.5,0.146,2.42,icon_d2
2026-09-02,W0235,52.3023,10.8975,0.0,,16.0,17.0,0.179,17.5,0.146,2.38,icon_d2
2026-09-02,W0236,52.3023,10.9271,0.0,,15.7,17.0,0.168,17.4,0.148,2.33,icon_d2
2026-09-02,W1356,52.31126,10.94258,0.0,,15.9,17.0,0.168,17.4,0.148,2.36,icon_d2
2026-09-02,W0237,52.3023,10.9861,0.0,,16.1,17.0,0.168,17.4,0.148,2.34,icon_d2
2026-09-02,W0238,52.3023,11.0157,0.0,,16.3,17.2,0.161,17.6,0.149,2.37,icon_d2
2026-09-02,W0239,52.3023,11.0452,0.0,,16.4,17.2,0.161,17.6,0.149,2.4,icon_d2
2026-09-02,W0240,52.3023,11.0747,0.0,,16.2,16.8,0.203,17.1,0.15,2.41,icon_d2
2026-09-02,W0241,52.3023,11.1043,0.0,,16.4,16.8,0.203,17.1,0.15,2.44,icon_d2
2026-09-02,W0242,52.3023,11.1338,0.0,,15.9,16.8,0.203,17.1,0.15,2.46,icon_d2
2026-09-02,W1357,52.31126,11.14953,0.0,,16.2,17.6,0.155,18.1,0.15,2.47,icon_d2
2026-09-02,W1358,52.32928,10.11478,0.0,,16.4,17.7,0.153,18.2,0.146,2.68,icon_d2
2026-09-02,W1359,52.32928,10.14435,0.0,,16.4,17.7,0.153,18.2,0.146,2.7,icon_d2
2026-09-02,W1360,52.32928,10.17391,0.0,,16.5,17.7,0.153,18.2,0.146,2.69,icon_d2
2026-09-02,W0243,52.3203,10.2182,0.0,,16.4,17.7,0.153,18.2,0.146,2.59,icon_d2
2026-09-02,W1361,52.32928,10.23304,0.0,,16.7,17.7,0.153,18.2,0.146,2.62,icon_d2
2026-09-02,W1362,52.32928,10.2626,0.0,,16.6,17.4,0.185,17.8,0.163,2.64,icon_d2
2026-09-02,W0244,52.3203,10.3068,0.0,,16.3,17.4,0.185,17.8,0.163,2.54,icon_d2
2026-09-02,W0245,52.3203,10.3363,0.0,,16.4,17.4,0.185,17.8,0.163,2.58,icon_d2
2026-09-02,W1363,52.32928,10.3513,0.0,,16.4,17.4,0.185,17.8,0.163,2.58,icon_d2
2026-09-02,W1364,52.32928,10.38086,0.0,,16.4,17.4,0.185,17.8,0.163,2.59,icon_d2
2026-09-02,W1365,52.32928,10.41042,0.0,,16.3,17.4,0.185,17.8,0.163,2.53,icon_d2
2026-09-02,W1366,52.32928,10.43999,0.0,,16.4,17.7,0.17,18.4,0.143,2.51,icon_d2
2026-09-02,W1367,52.32928,10.46955,0.0,,16.5,17.7,0.17,18.4,0.143,2.51,icon_d2
2026-09-02,W1368,52.32928,10.49912,0.0,,16.7,17.7,0.17,18.4,0.143,2.55,icon_d2
2026-09-02,W1369,52.32928,10.52868,0.0,,16.7,17.7,0.17,18.4,0.143,2.54,icon_d2
2026-09-02,W0246,52.3203,10.5726,0.0,,16.3,17.7,0.17,18.4,0.143,2.46,icon_d2
2026-09-02,W0247,52.3203,10.6021,0.0,,16.2,16.9,0.196,17.4,0.148,2.48,icon_d2
2026-09-02,W0248,52.3203,10.6317,0.0,,16.4,16.9,0.196,17.4,0.148,2.51,icon_d2
2026-09-02,W0249,52.3203,10.6612,0.0,,16.2,16.9,0.196,17.4,0.148,2.52,icon_d2
2026-09-02,W0250,52.3203,10.6908,0.0,,16.4,16.9,0.196,17.4,0.148,2.48,icon_d2
2026-09-02,W0251,52.3203,10.7203,0.0,,16.2,16.9,0.196,17.4,0.148,2.46,icon_d2
2026-09-02,W0252,52.3203,10.7498,0.0,,16.4,16.9,0.172,17.5,0.15,2.5,icon_d2
2026-09-02,W1370,52.32928,10.76519,0.0,,16.4,17.0,0.179,17.5,0.146,2.55,icon_d2
2026-09-02,W1371,52.32928,10.79476,0.0,,16.1,17.0,0.179,17.5,0.146,2.53,icon_d2
2026-09-02,W0253,52.3203,10.8384,0.0,,15.9,17.0,0.179,17.5,0.146,2.46,icon_d2
2026-09-02,W0254,52.3203,10.868,0.0,,15.9,17.0,0.179,17.5,0.146,2.38,icon_d2
2026-09-02,W1372,52.32928,10.88345,0.0,,15.9,17.0,0.179,17.5,0.146,2.38,icon_d2
2026-09-02,W0255,52.3203,10.9271,0.0,,15.8,17.0,0.168,17.4,0.148,2.35,icon_d2
2026-09-02,W0256,52.3203,10.9566,0.0,,15.9,17.2,0.161,17.6,0.149,2.34,icon_d2
2026-09-02,W0257,52.3203,10.9861,0.0,,16.1,17.2,0.161,17.6,0.149,2.35,icon_d2
2026-09-02,W1373,52.32928,11.00171,0.0,,16.2,17.2,0.161,17.6,0.149,2.36,icon_d2
2026-09-02,W0258,52.3203,11.0452,0.0,,16.2,17.2,0.161,17.6,0.149,2.42,icon_d2
2026-09-02,W1374,52.32928,11.06084,0.0,,16.3,17.2,0.161,17.6,0.149,2.41,icon_d2
2026-09-02,W1375,52.32928,11.0904,0.0,,16.4,17.6,0.155,18.1,0.15,2.42,icon_d2
2026-09-02,W1376,52.32928,11.11997,0.0,,16.3,17.6,0.155,18.1,0.15,2.45,icon_d2
2026-09-02,W1377,52.32928,11.14953,0.0,,16.3,17.6,0.155,18.1,0.15,2.47,icon_d2
2026-09-02,W0260,52.3383,10.1295,0.0,,16.5,17.7,0.153,18.2,0.146,2.6,icon_d2
2026-09-02,W1378,52.3473,10.14435,0.0,,16.7,17.7,0.153,18.2,0.146,2.67,icon_d2
2026-09-02,W1379,52.3473,10.17391,0.0,,16.7,17.7,0.153,18.2,0.146,2.7,icon_d2
2026-09-02,W1380,52.3473,10.20347,0.0,,16.7,17.7,0.153,18.2,0.146,2.7,icon_d2
2026-09-02,W1381,52.3473,10.23304,0.0,,16.8,17.7,0.153,18.2,0.146,2.67,icon_d2
2026-09-02,W0281,52.3563,10.2772,0.0,,16.5,17.4,0.185,17.8,0.163,2.71,icon_d2
2026-09-02,W0282,52.3563,10.3068,0.0,,16.4,17.4,0.185,17.8,0.163,2.64,icon_d2
2026-09-02,W0261,52.3383,10.3363,0.0,,16.3,17.4,0.185,17.8,0.163,2.62,icon_d2
2026-09-02,W0262,52.3383,10.3658,0.0,,16.4,17.4,0.185,17.8,0.163,2.62,icon_d2
2026-09-02,W1382,52.3473,10.38086,0.0,,16.4,17.4,0.185,17.8,0.163,2.62,icon_d2
2026-09-02,W0285,52.3563,10.4249,0.0,,16.4,17.7,0.17,18.4,0.143,2.6,icon_d2
2026-09-02,W1383,52.3473,10.43999,0.0,,16.3,17.7,0.17,18.4,0.143,2.49,icon_d2
2026-09-02,W0263,52.3383,10.484,0.0,,16.3,17.7,0.17,18.4,0.143,2.44,icon_d2
2026-09-02,W0264,52.3383,10.5135,0.0,,16.5,17.7,0.17,18.4,0.143,2.52,icon_d2
2026-09-02,W1384,52.3473,10.52868,0.0,,16.4,17.7,0.17,18.4,0.143,2.51,icon_d2
2026-09-02,W0265,52.3383,10.5726,0.0,,16.2,17.7,0.17,18.4,0.143,2.47,icon_d2
2026-09-02,W0266,52.3383,10.6021,0.0,,16.0,16.9,0.196,17.4,0.148,2.46,icon_d2
2026-09-02,W0267,52.3383,10.6317,0.0,,16.1,16.9,0.196,17.4,0.148,2.48,icon_d2
2026-09-02,W0268,52.3383,10.6612,0.0,,16.2,16.9,0.196,17.4,0.148,2.49,icon_d2
2026-09-02,W0269,52.3383,10.6908,0.0,,16.2,16.9,0.196,17.4,0.148,2.49,icon_d2
2026-09-02,W0270,52.3383,10.7203,0.0,,16.0,16.9,0.196,17.4,0.148,2.44,icon_d2
2026-09-02,W0271,52.3383,10.7498,0.0,,16.3,16.9,0.196,17.4,0.148,2.49,icon_d2
2026-09-02,W1385,52.3473,10.76519,0.0,,16.1,17.0,0.179,17.5,0.146,2.54,icon_d2
2026-09-02,W0293,52.3563,10.8089,0.0,,16.3,17.0,0.179,17.5,0.146,2.43,icon_d2
2026-09-02,W1402,52.38333,10.17391,0.0,,16.4,17.6,0.152,17.8,0.151,2.66,icon_d2
2026-09-02,W0324,52.3923,10.2182,0.0,,16.2,17.6,0.152,17.8,0.151,2.57,icon_d2
2026-09-02,W0325,52.3923,10.2477,0.0,,16.2,17.6,0.152,17.8,0.151,2.59,icon_d2
2026-09-02,W1403,52.38333,10.2626,0.0,,16.3,17.6,0.152,17.8,0.151,2.67,icon_d2
2026-09-02,W1404,52.38333,10.29217,0.0,,16.4,17.4,0.185,17.8,0.163,2.64,icon_d2
2026-09-02,W0326,52.3923,10.3363,0.0,,16.4,16.9,0.181,17.1,0.172,2.57,icon_d2
2026-09-02,W0327,52.3923,10.3658,0.0,,16.3,16.9,0.181,17.1,0.172,2.56,icon_d2
2026-09-02,W0328,52.3923,10.3954,0.0,,16.4,16.9,0.181,17.1,0.172,2.6,icon_d2
2026-09-02,W1405,52.38333,10.41042,0.0,,16.4,16.9,0.181,17.1,0.172,2.58,icon_d2
2026-09-02,W0329,52.3923,10.4545,0.0,,16.3,17.1,0.168,17.5,0.149,2.54,icon_d2
2026-09-02,W0330,52.3923,10.484,0.0,,16.3,17.1,0.168,17.5,0.149,2.55,icon_d2
2026-09-02,W0331,52.3923,10.5135,0.0,,16.2,17.1,0.168,17.5,0.149,2.51,icon_d2
2026-09-02,W1406,52.38333,10.52868,0.0,,16.4,17.1,0.168,17.5,0.149,2.57,icon_d2
2026-09-02,W1407,52.38333,10.55825,0.0,,16.3,17.1,0.168,17.5,0.149,2.55,icon_d2
2026-09-02,W0332,52.3923,10.6021,0.0,,16.2,17.1,0.168,17.5,0.149,2.48,icon_d2
2026-09-02,W1408,52.38333,10.61737,0.0,,16.2,16.9,0.196,17.4,0.148,2.48,icon_d2
2026-09-02,W0333,52.3923,10.6612,0.0,,16.1,17.7,0.123,18.1,0.15,2.49,icon_d2
2026-09-02,W0334,52.3923,10.6908,0.0,,16.2,17.7,0.123,18.1,0.15,2.46,icon_d2
2026-09-02,W0335,52.3923,10.7203,0.0,,16.2,17.7,0.123,18.1,0.15,2.46,icon_d2
2026-09-02,W0336,52.3923,10.7498,0.0,,16.2,17.7,0.123,18.1,0.15,2.46,icon_d2
2026-09-02,W0337,52.3923,10.7794,0.0,,15.9,17.7,0.132,18.3,0.148,2.38,icon_d2
2026-09-02,W0338,52.3923,10.8089,0.0,,16.1,17.7,0.132,18.3,0.148,2.39,icon_d2
2026-09-02,W1409,52.38333,10.82432,0.0,,16.2,17.7,0.132,18.3,0.148,2.41,icon_d2
2026-09-02,W0339,52.3923,10.868,0.0,,16.5,17.7,0.132,18.3,0.148,2.46,icon_d2
2026-09-02,W0340,52.3923,10.8975,0.0,,16.4,17.7,0.132,18.3,0.148,2.52,icon_d2
2026-09-02,W1410,52.38333,10.91302,0.0,,16.6,17.7,0.132,18.3,0.148,2.58,icon_d2
2026-09-02,W1411,52.38333,10.94258,0.0,,16.4,17.2,0.161,17.6,0.149,2.55,icon_d2
2026-09-02,W1412,52.38333,10.97214,0.0,,16.4,17.2,0.161,17.6,0.149,2.56,icon_d2
2026-09-02,W0341,52.3923,11.0157,0.0,,16.4,17.7,0.14,18.1,0.139,2.53,icon_d2
2026-09-02,W0342,52.3923,11.0452,0.0,,16.3,17.7,0.14,18.1,0.139,2.52,icon_d2
2026-09-02,W0343,52.3923,11.0747,0.0,,16.2,17.7,0.14,18.1,0.139,2.51,icon_d2
2026-09-02,W1413,52.38333,11.0904,0.0,,16.3,17.7,0.14,18.1,0.139,2.51,icon_d2
2026-09-02,W1414,52.38333,11.11997,0.0,,16.3,17.6,0.155,18.1,0.15,2.51,icon_d2
2026-09-02,W1415,52.38333,11.14953,0.0,,16.4,16.9,0.215,17.5,0.17,2.52,icon_d2
2026-09-02,W1416,52.40135,10.11478,0.1,,16.3,17.6,0.152,17.8,0.151,2.61,icon_d2
2026-09-02,W1417,52.40135,10.14435,0.0,,16.3,17.6,0.152,17.8,0.151,2.63,icon_d2
2026-09-02,W1418,52.40135,10.17391,0.0,,16.3,17.6,0.152,17.8,0.151,2.63,icon_d2
2026-09-02,W1419,52.40135,10.20347,0.0,,16.2,17.6,0.152,17.8,0.151,2.57,icon_d2
2026-09-02,W1420,52.40135,10.23304,0.0,,16.0,17.6,0.152,17.8,0.151,2.58,icon_d2
2026-09-02,W1421,52.40135,10.2626,0.0,,16.2,17.6,0.152,17.8,0.151,2.59,icon_d2
2026-09-02,W1422,52.40135,10.29217,0.0,,16.3,16.9,0.181,17.1,0.172,2.65,icon_d2
2026-09-02,W1423,52.40135,10.32173,0.0,,16.3,16.9,0.181,17.1,0.172,2.61,icon_d2
2026-09-02,W1424,52.40135,10.3513,0.0,,16.3,16.9,0.181,17.1,0.172,2.57,icon_d2
2026-09-02,W1425,52.40135,10.38086,0.0,,16.3,16.9,0.181,17.1,0.172,2.58,icon_d2
2026-09-02,W1426,52.40135,10.41042,0.0,,16.4,16.9,0.181,17.1,0.172,2.57,icon_d2
2026-09-02,W1427,52.40135,10.43999,0.0,,16.4,17.1,0.168,17.5,0.149,2.57,icon_d2
2026-09-02,W1428,52.40135,10.46955,0.0,,16.4,17.1,0.168,17.5,0.149,2.55,icon_d2
2026-09-02,W1429,52.40135,10.49912,0.0,,16.3,17.1,0.168,17.5,0.149,2.56,icon_d2
2026-09-02,W1430,52.40135,10.52868,0.0,,16.3,17.1,0.168,17.5,0.149,2.51,icon_d2
2026-09-02,W1431,52.40135,10.55825,0.0,,16.3,17.1,0.168,17.5,0.149,2.54,icon_d2
2026-09-02,W1432,52.40135,10.58781,0.0,,16.3,17.1,0.168,17.5,0.149,2.54,icon_d2
2026-09-02,W1433,52.40135,10.61737,0.0,,16.1,17.7,0.123,18.1,0.15,2.48,icon_d2
2026-09-02,W1434,52.40135,10.64694,0.0,,16.1,17.7,0.123,18.1,0.15,2.5,icon_d2
2026-09-02,W1435,52.40135,10.6765,0.0,,16.1,17.7,0.123,18.1,0.15,2.45,icon_d2
2026-09-02,W1436,52.40135,10.70607,0.0,,16.1,17.7,0.123,18.1,0.15,2.45,icon_d2
2026-09-02,W1437,52.40135,10.73563,0.0,,16.1,17.7,0.123,18.1,0.15,2.45,icon_d2
2026-09-02,W1438,52.40135,10.76519,0.0,,16.0,17.7,0.123,18.1,0.15,2.4,icon_d2
2026-09-02,W1439,52.40135,10.79476,0.0,,15.9,17.7,0.132,18.3,0.148,2.38,icon_d2
2026-09-02,W1440,52.40135,10.82432,0.0,,16.4,17.7,0.132,18.3,0.148,2.49,icon_d2
2026-09-02,W1441,52.40135,10.85389,0.0,,16.4,17.7,0.132,18.3,0.148,2.46,icon_d2
2026-09-02,W1442,52.40135,10.88345,0.0,,16.3,17.7,0.132,18.3,0.148,2.45,icon_d2
2026-09-02,W1443,52.40135,10.91302,0.0,,16.7,17.7,0.132,18.3,0.148,2.55,icon_d2
2026-09-02,W1444,52.40135,10.94258,0.0,,16.8,17.7,0.14,18.1,0.139,2.56,icon_d2
2026-09-02,W1445,52.40135,10.97214,0.0,,16.5,17.7,0.14,18.1,0.139,2.57,icon_d2
2026-09-02,W1446,52.40135,11.00171,0.0,,16.4,17.7,0.14,18.1,0.139,2.57,icon_d2
2026-09-02,W1447,52.40135,11.03127,0.0,,16.3,17.7,0.14,18.1,0.139,2.52,icon_d2
2026-09-02,W1448,52.40135,11.06084,0.0,,16.3,17.7,0.14,18.1,0.139,2.52,icon_d2
2026-09-02,W1449,52.40135,11.0904,0.0,,16.3,17.7,0.14,18.1,0.139,2.52,icon_d2
2026-09-02,W1450,52.40135,11.11997,0.0,,16.3,16.9,0.215,17.5,0.17,2.5,icon_d2
2026-09-02,W1451,52.40135,11.14953,0.0,,16.3,16.9,0.215,17.5,0.17,2.51,icon_d2
2026-09-02,W0345,52.4104,10.1295,0.1,,16.3,17.6,0.152,17.8,0.151,2.6,icon_d2
2026-09-02,W1452,52.41937,10.14435,0.1,,16.2,17.6,0.152,17.8,0.151,2.59,icon_d2
2026-09-02,W0346,52.4104,10.1886,0.0,,16.2,17.6,0.152,17.8,0.151,2.59,icon_d2
2026-09-02,W0347,52.4104,10.2182,0.0,,16.2,17.6,0.152,17.8,0.151,2.58,icon_d2
2026-09-02,W0348,52.4104,10.2477,0.0,,16.1,17.6,0.152,17.8,0.151,2.58,icon_d2
2026-09-02,W0349,52.4104,10.2772,0.0,,16.4,16.9,0.181,17.1,0.172,2.69,icon_d2
2026-09-02,W1453,52.41937,10.29217,0.0,,16.4,16.9,0.181,17.1,0.172,2.69,icon_d2
2026-09-02,W0350,52.4104,10.3363,0.0,,16.3,16.9,0.181,17.1,0.172,2.66,icon_d2
2026-09-02,W0351,52.4104,10.3658,0.0,,16.1,16.9,0.181,17.1,0.172,2.59,icon_d2
2026-09-02,W1454,52.41937,10.38086,0.0,,16.3,16.9,0.181,17.1,0.172,2.58,icon_d2
2026-09-02,W0352,52.4104,10.4249,0.0,,16.2,16.9,0.181,17.1,0.172,2.53,icon_d2
2026-09-02,W0353,52.4104,10.4545,0.0,,16.2,17.1,0.168,17.5,0.149,2.48,icon_d2
2026-09-02,W0354,52.4104,10.484,0.0,,16.5,17.1,0.168,17.5,0.149,2.49,icon_d2
2026-09-02,W0355,52.4104,10.5135,0.0,,16.3,17.1,0.168,17.5,0.149,2.48,icon_d2
2026-09-02,W0356,52.4104,10.5431,0.0,,16.3,17.1,0.168,17.5,0.149,2.53,icon_d2
2026-09-02,W1455,52.41937,10.55825,0.0,,16.1,17.1,0.168,17.5,0.149,2.53,icon_d2
2026-09-02,W1456,52.41937,10.58781,0.0,,16.3,17.1,0.168,17.5,0.149,2.58,icon_d2
2026-09-02,W1457,52.41937,10.61737,0.0,,16.3,17.7,0.123,18.1,0.15,2.55,icon_d2
2026-09-02,W1458,52.41937,10.64694,0.0,,16.2,17.7,0.123,18.1,0.15,2.56,icon_d2
2026-09-02,W1459,52.41937,10.6765,0.0,,16.2,17.7,0.123,18.1,0.15,2.51,icon_d2
2026-09-02,W1460,52.41937,10.70607,0.0,,16.3,17.7,0.123,18.1,0.15,2.51,icon_d2
2026-09-02,W0357,52.4104,10.7498,0.0,,16.5,17.7,0.123,18.1,0.15,2.53,icon_d2
2026-09-02,W0358,52.4104,10.7794,0.0,,16.5,17.7,0.132,18.3,0.148,2.47,icon_d2
2026-09-02,W0359,52.4104,10.8089,0.0,,16.7,17.7,0.132,18.3,0.148,2.54,icon_d2
2026-09-02,W1461,52.41937,10.82432,0.0,,16.7,17.7,0.132,18.3,0.148,2.54,icon_d2
2026-09-02,W0360,52.4104,10.868,0.0,,16.3,17.7,0.132,18.3,0.148,2.49,icon_d2
2026-09-02,W0361,52.4104,10.8975,0.0,,16.3,17.7,0.132,18.3,0.148,2.55,icon_d2
2026-09-02,W0362,52.4104,10.9271,0.0,,16.3,17.7,0.132,18.3,0.148,2.55,icon_d2
2026-09-02,W0363,52.4104,10.9566,0.0,,16.4,17.7,0.14,18.1,0.139,2.52,icon_d2
2026-09-02,W1462,52.41937,10.97214,0.0,,16.4,17.7,0.14,18.1,0.139,2.59,icon_d2
2026-09-02,W1463,52.41937,11.00171,0.0,,16.3,17.7,0.14,18.1,0.139,2.57,icon_d2
2026-09-02,W0364,52.4104,11.0452,0.0,,16.1,17.7,0.14,18.1,0.139,2.52,icon_d2
2026-09-02,W1464,52.41937,11.06084,0.0,,16.3,17.7,0.14,18.1,0.139,2.53,icon_d2
2026-09-02,W1465,52.41937,11.0904,0.0,,16.6,17.7,0.14,18.1,0.139,2.54,icon_d2
2026-09-02,W1466,52.41937,11.11997,0.0,,16.4,16.9,0.215,17.5,0.17,2.52,icon_d2
2026-09-02,W1467,52.41937,11.14953,0.0,,16.4,16.9,0.215,17.5,0.17,2.52,icon_d2
2026-09-02,W0366,52.4284,10.1295,0.1,,16.2,17.6,0.152,17.8,0.151,2.6,icon_d2
2026-09-02,W0367,52.4284,10.1591,0.0,,16.2,17.6,0.152,17.8,0.151,2.6,icon_d2
2026-09-02,W0368,52.4284,10.1886,0.0,,16.2,17.6,0.152,17.8,0.151,2.59,icon_d2
2026-09-02,W0369,52.4284,10.2182,0.0,,16.2,17.6,0.152,17.8,0.151,2.58,icon_d2
2026-09-02,W0370,52.4284,10.2477,0.0,,16.2,17.6,0.152,17.8,0.151,2.58,icon_d2
2026-09-02,W0371,52.4284,10.2772,0.0,,16.5,16.9,0.181,17.1,0.172,2.69,icon_d2
2026-09-02,W0372,52.4284,10.3068,0.0,,16.5,16.9,0.181,17.1,0.172,2.69,icon_d2
2026-09-02,W0373,52.4284,10.3363,0.0,,16.3,16.9,0.181,17.1,0.172,2.66,icon_d2
2026-09-02,W0374,52.4284,10.3658,0.0,,16.2,16.9,0.181,17.1,0.172,2.6,icon_d2
2026-09-02,W1468,52.43739,10.38086,0.0,,16.3,16.9,0.181,17.1,0.172,2.63,icon_d2
2026-09-02,W1469,52.43739,10.41042,0.0,,16.3,17.3,0.14,17.5,0.168,2.6,icon_d2
2026-09-02,W0375,52.4284,10.4545,0.0,,16.3,17.1,0.168,17.5,0.149,2.48,icon_d2
2026-09-02,W0376,52.4284,10.484,0.0,,16.5,17.1,0.168,17.5,0.149,2.5,icon_d2
2026-09-02,W0377,52.4284,10.5135,0.0,,16.4,17.1,0.168,17.5,0.149,2.48,icon_d2
2026-09-02,W0378,52.4284,10.5431,0.0,,16.3,17.1,0.168,17.5,0.149,2.54,icon_d2
2026-09-02,W0379,52.4284,10.5726,0.0,,16.3,17.1,0.168,17.5,0.149,2.58,icon_d2
2026-09-02,W1470,52.43739,10.58781,0.0,,16.3,18.0,0.1,18.1,0.15,2.56,icon_d2
2026-09-02,W0380,52.4284,10.6317,0.0,,16.3,17.7,0.123,18.1,0.15,2.56,icon_d2
2026-09-02,W0381,52.4284,10.6612,0.0,,16.3,17.7,0.123,18.1,0.15,2.57,icon_d2
2026-09-02,W1471,52.43739,10.6765,0.0,,16.3,17.7,0.123,18.1,0.15,2.48,icon_d2
2026-09-02,W1472,52.43739,10.70607,0.0,,16.2,17.7,0.123,18.1,0.15,2.48,icon_d2
2026-09-02,W0382,52.4284,10.7498,0.0,,16.7,17.8,0.076,17.8,0.15,2.55,icon_d2
2026-09-02,W1473,52.43739,10.76519,0.0,,17.0,17.8,0.076,17.8,0.15,2.61,icon_d2
2026-09-02,W1474,52.43739,10.79476,0.0,,16.9,17.7,0.132,18.3,0.148,2.65,icon_d2
2026-09-02,W1475,52.43739,10.82432,0.0,,16.9,17.7,0.132,18.3,0.148,2.61,icon_d2
2026-09-02,W0383,52.4284,10.868,0.0,,16.6,17.7,0.132,18.3,0.148,2.51,icon_d2
2026-09-02,W0384,52.4284,10.8975,0.0,,16.4,17.7,0.132,18.3,0.148,2.56,icon_d2
2026-09-02,W0385,52.4284,10.9271,0.0,,16.6,17.1,0.182,17.5,0.147,2.57,icon_d2
2026-09-02,W0386,52.4284,10.9566,0.0,,16.5,17.7,0.14,18.1,0.139,2.53,icon_d2
2026-09-02,W1476,52.43739,10.97214,0.0,,16.5,17.7,0.14,18.1,0.139,2.64,icon_d2
2026-09-02,W0387,52.4284,11.0157,0.0,,16.3,17.7,0.14,18.1,0.139,2.58,icon_d2
2026-09-02,W0388,52.4284,11.0452,0.0,,16.2,17.7,0.14,18.1,0.139,2.53,icon_d2
2026-09-02,W1477,52.43739,11.06084,0.0,,16.3,16.4,0.269,16.8,0.222,2.62,icon_d2
2026-09-02,W1478,52.43739,11.0904,0.0,,16.1,16.4,0.269,16.8,0.222,2.51,icon_d2
2026-09-02,W0389,52.4284,11.1338,0.0,,16.4,16.9,0.215,17.5,0.17,2.52,icon_d2
2026-09-02,W1479,52.43739,11.14953,0.0,,16.2,16.9,0.215,17.5,0.17,2.51,icon_d2
2026-09-02,W0416,52.4644,10.1295,0.0,,16.2,17.5,0.063,18.1,0.066,2.58,icon_d2
2026-09-02,W0417,52.4644,10.1591,0.0,,16.3,17.5,0.063,18.1,0.066,2.59,icon_d2
2026-09-02,W0418,52.4644,10.1886,0.0,,16.3,17.5,0.063,18.1,0.066,2.63,icon_d2
2026-09-02,W0419,52.4644,10.2182,0.0,,16.3,17.5,0.063,18.1,0.066,2.71,icon_d2
2026-09-02,W0420,52.4644,10.2477,0.0,,16.3,17.5,0.063,18.1,0.066,2.73,icon_d2
2026-09-02,W0421,52.4644,10.2772,0.0,,16.3,17.5,0.063,18.1,0.066,2.71,icon_d2
2026-09-02,W0422,52.4644,10.3068,0.0,,16.2,17.3,0.14,17.5,0.168,2.68,icon_d2
2026-09-02,W0423,52.4644,10.3363,0.0,,16.3,17.3,0.14,17.5,0.168,2.64,icon_d2
2026-09-02,W0424,52.4644,10.3658,0.0,,16.3,17.3,0.14,17.5,0.168,2.64,icon_d2
2026-09-02,W0425,52.4644,10.3954,0.0,,16.2,17.3,0.14,17.5,0.168,2.59,icon_d2
2026-09-02,W0426,52.4644,10.4249,0.0,,16.2,17.3,0.14,17.5,0.168,2.51,icon_d2
2026-09-02,W0427,52.4644,10.4545,0.0,,16.1,17.3,0.14,17.5,0.168,2.48,icon_d2
2026-09-02,W0428,52.4644,10.484,0.0,,16.0,18.0,0.1,18.1,0.15,2.47,icon_d2
2026-09-02,W0429,52.4644,10.5135,0.0,,16.1,18.0,0.1,18.1,0.15,2.49,icon_d2
2026-09-02,W0430,52.4644,10.5431,0.0,,16.5,18.0,0.1,18.1,0.15,2.55,icon_d2
2026-09-02,W0431,52.4644,10.5726,0.0,,16.3,18.0,0.1,18.1,0.15,2.55,icon_d2
2026-09-02,W0432,52.4644,10.6021,0.0,,16.3,18.0,0.1,18.1,0.15,2.52,icon_d2
2026-09-02,W0433,52.4644,10.6317,0.0,,16.2,17.8,0.076,17.8,0.15,2.5,icon_d2
2026-09-02,W0434,52.4644,10.6612,0.0,,16.2,17.8,0.076,17.8,0.15,2.5,icon_d2
2026-09-02,W0435,52.4644,10.6908,0.0,,16.1,17.8,0.076,17.8,0.15,2.48,icon_d2
2026-09-02,W0408,52.4464,10.7203,0.0,,16.2,17.8,0.076,17.8,0.15,2.49,icon_d2
2026-09-02,W1481,52.45541,10.73563,0.0,,16.2,17.8,0.076,17.8,0.15,2.49,icon_d2
2026-09-02,W0436,52.4644,10.7794,0.0,,16.2,17.8,0.076,17.8,0.15,2.51,icon_d2
2026-09-02,W0437,52.4644,10.8089,0.0,,16.3,17.1,0.182,17.5,0.147,2.51,icon_d2
2026-09-02,W0438,52.4644,10.8384,0.0,,16.5,17.1,0.182,17.5,0.147,2.6,icon_d2
2026-09-02,W0439,52.4644,10.868,0.0,,16.6,17.1,0.182,17.5,0.147,2.61,icon_d2
2026-09-02,W0440,52.4644,10.8975,0.0,,16.4,17.1,0.182,17.5,0.147,2.6,icon_d2
2026-09-02,W0441,52.4644,10.9271,0.0,,16.4,17.1,0.182,17.5,0.147,2.61,icon_d2
2026-09-02,W0442,52.4644,10.9566,0.0,,16.3,17.1,0.182,17.5,0.147,2.64,icon_d2
2026-09-02,W1482,52.45541,10.97214,0.0,,16.3,17.7,0.14,18.1,0.139,2.63,icon_d2
2026-09-02,W1609,52.45541,11.00171,0.0,,16.3,16.4,0.269,16.8,0.222,2.62,icon_d2
2026-09-02,W0443,52.4644,11.0452,0.0,,16.1,16.4,0.269,16.8,0.222,2.58,icon_d2
2026-09-02,W1483,52.45541,11.06084,0.0,,16.2,16.4,0.269,16.8,0.222,2.59,icon_d2
2026-09-02,W0444,52.4644,11.1043,0.0,,16.1,16.4,0.269,16.8,0.222,2.49,icon_d2
2026-09-02,W0445,52.4644,11.1338,0.0,,16.1,16.7,0.27,17.2,0.202,2.52,icon_d2
2026-09-02,W1484,52.45541,11.14953,0.0,,16.1,16.9,0.215,17.5,0.17,2.52,icon_d2
2026-09-02,W0446,52.4824,10.1295,0.0,,16.2,17.5,0.063,18.1,0.066,2.61,icon_d2
2026-09-02,W0447,52.4824,10.1591,0.0,,16.3,17.5,0.063,18.1,0.066,2.59,icon_d2
2026-09-02,W0448,52.4824,10.1886,0.0,,16.2,17.5,0.063,18.1,0.066,2.61,icon_d2
2026-09-02,W1485,52.47342,10.20347,0.0,,16.3,17.5,0.063,18.1,0.066,2.66,icon_d2
2026-09-02,W0449,52.4824,10.2477,0.0,,16.3,17.5,0.063,18.1,0.066,2.69,icon_d2
2026-09-02,W0450,52.4824,10.2772,0.0,,16.3,17.5,0.063,18.1,0.066,2.67,icon_d2
2026-09-02,W0451,52.4824,10.3068,0.0,,16.2,17.3,0.14,17.5,0.168,2.67,icon_d2
2026-09-02,W1486,52.47342,10.32173,0.0,,16.3,17.3,0.14,17.5,0.168,2.64,icon_d2
2026-09-02,W1487,52.47342,10.3513,0.0,,16.3,17.3,0.14,17.5,0.168,2.64,icon_d2
2026-09-02,W0452,52.4824,10.3954,0.0,,16.2,17.3,0.14,17.5,0.168,2.59,icon_d2
2026-09-02,W0453,52.4824,10.4249,0.0,,16.1,17.3,0.14,17.5,0.168,2.52,icon_d2
2026-09-02,W0454,52.4824,10.4545,0.0,,16.2,17.3,0.14,17.5,0.168,2.51,icon_d2
2026-09-02,W0455,52.4824,10.484,0.0,,16.2,18.0,0.1,18.1,0.15,2.51,icon_d2
2026-09-02,W0456,52.4824,10.5135,0.0,,16.2,18.0,0.1,18.1,0.15,2.5,icon_d2
2026-09-02,W1488,52.47342,10.52868,0.0,,16.1,18.0,0.1,18.1,0.15,2.5,icon_d2
2026-09-02,W0457,52.4824,10.5726,0.0,,16.8,18.0,0.1,18.1,0.15,2.65,icon_d2
2026-09-02,W0458,52.4824,10.6021,0.0,,16.5,18.0,0.1,18.1,0.15,2.58,icon_d2
2026-09-02,W0459,52.4824,10.6317,0.0,,16.2,17.8,0.076,17.8,0.15,2.55,icon_d2
2026-09-02,W0460,52.4824,10.6612,0.0,,16.1,17.8,0.076,17.8,0.15,2.52,icon_d2
2026-09-02,W0461,52.4824,10.6908,0.0,,16.1,17.8,0.076,17.8,0.15,2.52,icon_d2
2026-09-02,W0462,52.4824,10.7203,0.0,,16.1,17.8,0.076,17.8,0.15,2.52,icon_d2
2026-09-02,W1489,52.47342,10.73563,0.0,,16.1,17.8,0.076,17.8,0.15,2.52,icon_d2
2026-09-02,W0463,52.4824,10.7794,0.0,,16.1,17.8,0.076,17.8,0.15,2.54,icon_d2
2026-09-02,W0464,52.4824,10.8089,0.0,,16.1,17.1,0.182,17.5,0.147,2.54,icon_d2
2026-09-02,W1490,52.47342,10.82432,0.0,,16.2,17.1,0.182,17.5,0.147,2.57,icon_d2
2026-09-02,W1491,52.47342,10.85389,0.0,,16.3,17.1,0.182,17.5,0.147,2.61,icon_d2
2026-09-02,W1492,52.47342,10.88345,0.0,,16.3,17.1,0.182,17.5,0.147,2.64,icon_d2
2026-09-02,W1493,52.47342,10.91302,0.0,,16.3,17.1,0.182,17.5,0.147,2.63,icon_d2
2026-09-02,W0465,52.4824,10.9566,0.0,,16.3,17.1,0.182,17.5,0.147,2.61,icon_d2
2026-09-02,W0466,52.4824,10.9861,0.0,,16.3,16.4,0.269,16.8,0.222,2.62,icon_d2
2026-09-02,W0467,52.4824,11.0157,0.0,,16.2,16.4,0.269,16.8,0.222,2.6,icon_d2
2026-09-02,W0468,52.4824,11.0452,0.0,,16.2,16.4,0.269,16.8,0.222,2.58,icon_d2
2026-09-02,W1494,52.47342,11.06084,0.0,,16.2,16.4,0.269,16.8,0.222,2.58,icon_d2
2026-09-02,W1495,52.47342,11.0904,0.0,,16.1,16.4,0.269,16.8,0.222,2.56,icon_d2
2026-09-02,W1496,52.47342,11.11997,0.0,,16.1,16.4,0.269,16.8,0.222,2.54,icon_d2
2026-09-02,W1497,52.47342,11.14953,0.0,,16.1,16.7,0.27,17.2,0.202,2.55,icon_d2
2026-09-02,W1498,52.49144,10.11478,0.0,,16.3,17.1,0.105,17.6,0.076,2.61,icon_d2
2026-09-02,W1499,52.49144,10.14435,0.0,,16.3,17.5,0.063,18.1,0.066,2.6,icon_d2
2026-09-02,W1500,52.49144,10.17391,0.0,,16.3,17.5,0.063,18.1,0.066,2.62,icon_d2
2026-09-02,W1501,52.49144,10.20347,0.0,,16.2,17.5,0.063,18.1,0.066,2.61,icon_d2
2026-09-02,W1502,52.49144,10.23304,0.0,,16.3,17.5,0.063,18.1,0.066,2.64,icon_d2
2026-09-02,W1503,52.49144,10.2626,0.0,,16.1,17.5,0.063,18.1,0.066,2.62,icon_d2
2026-09-02,W1504,52.49144,10.29217,0.0,,16.3,17.3,0.14,17.5,0.168,2.67,icon_d2
2026-09-02,W1505,52.49144,10.32173,0.0,,16.3,17.3,0.14,17.5,0.168,2.69,icon_d2
2026-09-02,W1506,52.49144,10.3513,0.0,,16.3,17.3,0.14,17.5,0.168,2.68,icon_d2
2026-09-02,W1507,52.49144,10.38086,0.0,,16.2,17.3,0.14,17.5,0.168,2.65,icon_d2
2026-09-02,W1508,52.49144,10.41042,0.0,,16.3,17.3,0.14,17.5,0.168,2.58,icon_d2
2026-09-02,W1509,52.49144,10.43999,0.0,,16.2,17.3,0.14,17.5,0.168,2.52,icon_d2
2026-09-02,W1510,52.49144,10.46955,0.0,,16.3,18.0,0.1,18.1,0.15,2.52,icon_d2
2026-09-02,W1511,52.49144,10.49912,0.0,,16.2,18.0,0.1,18.1,0.15,2.55,icon_d2
2026-09-02,W1512,52.49144,10.52868,0.0,,16.2,18.0,0.1,18.1,0.15,2.62,icon_d2
2026-09-02,W1513,52.49144,10.55825,0.0,,16.3,18.0,0.1,18.1,0.15,2.61,icon_d2
2026-09-02,W1514,52.49144,10.58781,0.0,,16.3,18.0,0.1,18.1,0.15,2.6,icon_d2
2026-09-02,W1515,52.49144,10.61737,0.0,,16.3,18.0,0.1,18.1,0.15,2.6,icon_d2
2026-09-02,W1516,52.49144,10.64694,0.0,,16.2,17.8,0.076,17.8,0.15,2.58,icon_d2
2026-09-02,W1517,52.49144,10.6765,0.0,,16.2,17.8,0.076,17.8,0.15,2.53,icon_d2
2026-09-02,W1518,52.49144,10.70607,0.0,,16.2,17.8,0.076,17.8,0.15,2.53,icon_d2
2026-09-02,W1519,52.49144,10.73563,0.0,,16.0,17.8,0.076,17.8,0.15,2.51,icon_d2
2026-09-02,W1520,52.49144,10.76519,0.0,,16.1,17.8,0.076,17.8,0.15,2.53,icon_d2
2026-09-02,W1521,52.49144,10.79476,0.0,,16.1,17.1,0.182,17.5,0.147,2.56,icon_d2
2026-09-02,W1522,52.49144,10.82432,0.0,,16.1,17.1,0.182,17.5,0.147,2.56,icon_d2
2026-09-02,W1523,52.49144,10.85389,0.0,,16.1,17.1,0.182,17.5,0.147,2.51,icon_d2
2026-09-02,W1524,52.49144,10.88345,0.0,,16.2,17.1,0.182,17.5,0.147,2.51,icon_d2
2026-09-02,W1525,52.49144,10.91302,0.0,,16.2,17.1,0.182,17.5,0.147,2.49,icon_d2
2026-09-02,W1526,52.49144,10.94258,0.0,,16.2,17.1,0.182,17.5,0.147,2.53,icon_d2
2026-09-02,W1527,52.49144,10.97214,0.0,,16.1,16.4,0.269,16.8,0.222,2.53,icon_d2
2026-09-02,W1528,52.49144,11.00171,0.0,,16.1,16.4,0.269,16.8,0.222,2.55,icon_d2
2026-09-02,W1529,52.49144,11.03127,0.0,,16.3,16.4,0.269,16.8,0.222,2.57,icon_d2
2026-09-02,W1530,52.49144,11.06084,0.0,,16.2,16.4,0.269,16.8,0.222,2.61,icon_d2
2026-09-02,W1531,52.49144,11.0904,0.0,,16.1,16.4,0.269,16.8,0.222,2.56,icon_d2
2026-09-02,W1532,52.49144,11.11997,0.0,,16.1,16.4,0.269,16.8,0.222,2.54,icon_d2
2026-09-02,W1533,52.49144,11.14953,0.0,,16.1,16.7,0.27,17.2,0.202,2.54,icon_d2
2026-09-02,W0470,52.5005,10.1295,0.0,,16.3,17.5,0.063,18.1,0.066,2.61,icon_d2
2026-09-02,W0471,52.5005,10.1591,0.0,,16.3,17.5,0.063,18.1,0.066,2.6,icon_d2
2026-09-02,W0472,52.5005,10.1886,0.0,,16.3,17.5,0.063,18.1,0.066,2.62,icon_d2
2026-09-02,W1534,52.50946,10.20347,0.0,,16.3,17.5,0.063,18.1,0.066,2.61,icon_d2
2026-09-02,W0473,52.5005,10.2477,0.0,,16.2,17.5,0.063,18.1,0.066,2.64,icon_d2
2026-09-02,W0474,52.5005,10.2772,0.0,,16.3,17.1,0.084,17.7,0.055,2.64,icon_d2
2026-09-02,W0475,52.5005,10.3068,0.0,,16.3,17.3,0.14,17.5,0.168,2.67,icon_d2
2026-09-02,W1535,52.50946,10.32173,0.0,,16.3,17.3,0.14,17.5,0.168,2.69,icon_d2
2026-09-02,W1536,52.50946,10.3513,0.0,,16.3,17.3,0.14,17.5,0.168,2.68,icon_d2
2026-09-02,W0476,52.5005,10.3954,0.0,,16.3,17.3,0.14,17.5,0.168,2.58,icon_d2
2026-09-02,W0477,52.5005,10.4249,0.0,,16.3,17.3,0.14,17.5,0.168,2.58,icon_d2
2026-09-02,W0478,52.5005,10.4545,0.0,,16.2,16.1,0.152,16.5,0.08,2.52,icon_d2
2026-09-02,W0479,52.5005,10.484,0.0,,16.2,18.0,0.1,18.1,0.15,2.55,icon_d2
2026-09-02,W0480,52.5005,10.5135,0.0,,16.2,18.0,0.1,18.1,0.15,2.62,icon_d2
2026-09-02,W0481,52.5005,10.5431,0.0,,16.3,18.0,0.1,18.1,0.15,2.6,icon_d2
2026-09-02,W0482,52.5005,10.5726,0.0,,16.3,18.0,0.1,18.1,0.15,2.6,icon_d2
2026-09-02,W0483,52.5005,10.6021,0.0,,16.3,16.2,0.137,16.6,0.052,2.6,icon_d2
2026-09-02,W1537,52.50946,10.61737,0.0,,16.2,16.2,0.137,16.6,0.052,2.59,icon_d2
2026-09-02,W0484,52.5005,10.6612,0.0,,16.2,17.8,0.076,17.8,0.15,2.56,icon_d2
2026-09-02,W0485,52.5005,10.6908,0.0,,16.0,17.8,0.076,17.8,0.15,2.52,icon_d2
2026-09-02,W0486,52.5005,10.7203,0.0,,16.1,17.8,0.076,17.8,0.15,2.53,icon_d2
2026-09-02,W0487,52.5005,10.7498,0.0,,16.0,17.8,0.076,17.8,0.15,2.51,icon_d2
2026-09-02,W1538,52.50946,10.76519,0.0,,16.0,16.6,0.127,17.0,0.069,2.52,icon_d2
2026-09-02,W0488,52.5005,10.8089,0.0,,16.1,17.1,0.182,17.5,0.147,2.57,icon_d2
2026-09-02,W0489,52.5005,10.8384,0.0,,16.1,17.1,0.182,17.5,0.147,2.5,icon_d2
2026-09-02,W0490,52.5005,10.868,0.0,,16.1,17.1,0.182,17.5,0.147,2.5,icon_d2
2026-09-02,W0491,52.5005,10.8975,0.0,,16.2,17.1,0.182,17.5,0.147,2.49,icon_d2
2026-09-02,W0492,52.5005,10.9271,0.0,,16.1,17.1,0.182,17.5,0.147,2.49,icon_d2
2026-09-02,W0493,52.5005,10.9566,0.0,,16.1,16.8,0.227,17.1,0.166,2.52,icon_d2
2026-09-02,W0494,52.5005,10.9861,0.0,,16.1,16.4,0.269,16.8,0.222,2.54,icon_d2
2026-09-02,W1539,52.50946,11.00171,0.0,,16.1,16.4,0.269,16.8,0.222,2.55,icon_d2
2026-09-02,W1540,52.50946,11.03127,0.0,,16.3,16.4,0.269,16.8,0.222,2.57,icon_d2
2026-09-02,W1541,52.50946,11.06084,0.0,,16.2,16.4,0.269,16.8,0.222,2.61,icon_d2
2026-09-02,W0495,52.5005,11.1043,0.0,,16.1,16.6,0.258,16.9,0.208,2.56,icon_d2
2026-09-02,W1542,52.50946,11.11997,0.0,,16.1,16.6,0.258,16.9,0.208,2.54,icon_d2
2026-09-02,W1543,52.50946,11.14953,0.0,,16.1,16.7,0.27,17.2,0.202,2.54,icon_d2
2026-09-02,W0497,52.5185,10.1295,0.0,,16.5,16.8,0.132,17.3,0.061,2.6,icon_d2
2026-09-02,W0498,52.5185,10.1591,0.0,,16.2,17.5,0.063,18.1,0.066,2.59,icon_d2
2026-09-02,W1544,52.52748,10.17391,0.0,,16.2,17.1,0.084,17.7,0.055,2.6,icon_d2
2026-09-02,W1545,52.52748,10.20347,0.0,,16.3,17.1,0.084,17.7,0.055,2.59,icon_d2
2026-09-02,W0499,52.5185,10.2477,0.0,,16.2,17.1,0.084,17.7,0.055,2.59,icon_d2
2026-09-02,W0500,52.5185,10.2772,0.0,,16.2,17.1,0.084,17.7,0.055,2.59,icon_d2
2026-09-02,W0501,52.5185,10.3068,0.0,,16.3,17.3,0.14,17.5,0.168,2.65,icon_d2
2026-09-02,W1546,52.52748,10.32173,0.0,,16.3,17.3,0.14,17.5,0.168,2.65,icon_d2
2026-09-02,W1547,52.52748,10.3513,0.0,,16.3,16.1,0.152,16.5,0.08,2.68,icon_d2
2026-09-02,W0502,52.5185,10.3954,0.0,,16.1,16.1,0.152,16.5,0.08,2.56,icon_d2
2026-09-02,W0503,52.5185,10.4249,0.0,,16.1,16.1,0.152,16.5,0.08,2.56,icon_d2
2026-09-02,W0504,52.5185,10.4545,0.0,,16.2,16.1,0.152,16.5,0.08,2.54,icon_d2
2026-09-02,W1548,52.52748,10.46955,0.0,,16.1,16.1,0.152,16.5,0.08,2.53,icon_d2
2026-09-02,W0505,52.5185,10.5135,0.0,,16.2,18.0,0.1,18.1,0.15,2.63,icon_d2
2026-09-02,W0506,52.5185,10.5431,0.0,,16.2,16.2,0.137,16.6,0.052,2.63,icon_d2
2026-09-02,W0507,52.5185,10.5726,0.0,,16.2,16.2,0.137,16.6,0.052,2.6,icon_d2
2026-09-02,W0508,52.5185,10.6021,0.0,,16.2,16.2,0.137,16.6,0.052,2.62,icon_d2
2026-09-02,W0509,52.5185,10.6317,0.0,,16.1,16.2,0.137,16.6,0.052,2.58,icon_d2
2026-09-02,W0510,52.5185,10.6612,0.0,,16.1,17.8,0.076,17.8,0.15,2.52,icon_d2
2026-09-02,W0511,52.5185,10.6908,0.0,,16.0,17.8,0.076,17.8,0.15,2.56,icon_d2
2026-09-02,W0512,52.5185,10.7203,0.0,,16.0,16.6,0.127,17.0,0.069,2.59,icon_d2
2026-09-02,W0513,52.5185,10.7498,0.0,,16.1,16.6,0.127,17.0,0.069,2.62,icon_d2
2026-09-02,W0514,52.5185,10.7794,0.0,,16.1,16.6,0.127,17.0,0.069,2.57,icon_d2
2026-09-02,W1549,52.52748,10.79476,0.0,,16.2,16.6,0.127,17.0,0.069,2.58,icon_d2
2026-09-02,W0515,52.5185,10.8384,0.0,,16.0,17.1,0.182,17.5,0.147,2.56,icon_d2
2026-09-02,W0516,52.5185,10.868,0.0,,16.1,16.8,0.227,17.1,0.166,2.56,icon_d2
2026-09-02,W0517,52.5185,10.8975,0.0,,16.1,16.8,0.227,17.1,0.166,2.48,icon_d2
2026-09-02,W0518,52.5185,10.9271,0.0,,16.0,16.8,0.227,17.1,0.166,2.51,icon_d2
2026-09-02,W0519,52.5185,10.9566,0.0,,16.0,16.8,0.227,17.1,0.166,2.55,icon_d2
2026-09-02,W0520,52.5185,10.9861,0.0,,16.1,16.4,0.269,16.8,0.222,2.57,icon_d2
2026-09-02,W0521,52.5185,11.0157,0.0,,16.3,16.4,0.269,16.8,0.222,2.64,icon_d2
2026-09-02,W1550,52.52748,11.03127,0.0,,16.3,16.6,0.258,16.9,0.208,2.64,icon_d2
2026-09-02,W1551,52.52748,11.06084,0.0,,16.2,16.6,0.258,16.9,0.208,2.66,icon_d2
2026-09-02,W1552,52.52748,11.0904,0.0,,16.1,16.6,0.258,16.9,0.208,2.58,icon_d2
2026-09-02,W1553,52.52748,11.11997,0.0,,16.1,16.6,0.258,16.9,0.208,2.58,icon_d2
2026-09-02,W1554,52.52748,11.14953,0.0,,16.0,16.7,0.27,17.2,0.202,2.55,icon_d2
2026-09-02,W0523,52.5365,10.1295,0.0,,16.3,16.8,0.132,17.3,0.061,2.6,icon_d2
2026-09-02,W1555,52.5455,10.14435,0.0,,16.3,17.1,0.084,17.7,0.055,2.64,icon_d2
2026-09-02,W1556,52.5455,10.17391,0.0,,16.2,17.1,0.084,17.7,0.055,2.62,icon_d2
2026-09-02,W0524,52.5365,10.2182,0.0,,16.2,17.1,0.084,17.7,0.055,2.57,icon_d2
2026-09-02,W0525,52.5365,10.2477,0.0,,16.1,17.1,0.084,17.7,0.055,2.56,icon_d2
2026-09-02,W0526,52.5365,10.2772,0.0,,16.2,17.1,0.084,17.7,0.055,2.61,icon_d2
2026-09-02,W0527,52.5365,10.3068,0.0,,16.2,17.1,0.084,17.7,0.055,2.61,icon_d2
2026-09-02,W0547,52.5545,10.3363,0.0,,16.0,16.1,0.152,16.5,0.08,2.59,icon_d2
2026-09-02,W1557,52.5455,10.3513,0.0,,16.2,16.1,0.152,16.5,0.08,2.64,icon_d2
2026-09-02,W0548,52.5545,10.3954,0.0,,16.1,16.1,0.152,16.5,0.08,2.61,icon_d2
2026-09-02,W0549,52.5545,10.4249,0.0,,16.0,16.1,0.152,16.5,0.08,2.61,icon_d2
2026-09-02,W0528,52.5365,10.4545,0.0,,16.0,16.1,0.152,16.5,0.08,2.51,icon_d2
2026-09-02,W0529,52.5365,10.484,0.0,,16.1,16.2,0.137,16.6,0.052,2.57,icon_d2
2026-09-02,W0530,52.5365,10.5135,0.0,,16.0,16.2,0.137,16.6,0.052,2.58,icon_d2
2026-09-02,W0531,52.5365,10.5431,0.0,,16.2,16.2,0.137,16.6,0.052,2.63,icon_d2
2026-09-02,W0532,52.5365,10.5726,0.0,,16.1,16.2,0.137,16.6,0.052,2.61,icon_d2
2026-09-02,W0533,52.5365,10.6021,0.0,,16.1,16.2,0.137,16.6,0.052,2.62,icon_d2
2026-09-02,W0534,52.5365,10.6317,0.0,,16.2,16.2,0.137,16.6,0.052,2.54,icon_d2
2026-09-02,W0535,52.5365,10.6612,0.0,,16.1,16.6,0.127,17.0,0.069,2.54,icon_d2
2026-09-02,W0536,52.5365,10.6908,0.0,,16.2,16.6,0.127,17.0,0.069,2.62,icon_d2
2026-09-02,W0537,52.5365,10.7203,0.0,,16.2,16.6,0.127,17.0,0.069,2.62,icon_d2
2026-09-02,W0538,52.5365,10.7498,0.0,,16.0,16.6,0.127,17.0,0.069,2.6,icon_d2
2026-09-02,W0539,52.5365,10.7794,0.0,,16.1,16.6,0.127,17.0,0.069,2.62,icon_d2
2026-09-02,W0540,52.5365,10.8089,0.0,,16.2,16.6,0.127,17.0,0.069,2.64,icon_d2
2026-09-02,W0562,52.5545,10.8384,0.0,,15.9,16.8,0.227,17.1,0.166,2.58,icon_d2
2026-09-02,W0563,52.5545,10.868,0.0,,15.8,16.8,0.227,17.1,0.166,2.59,icon_d2
2026-09-02,W0564,52.5545,10.8975,0.0,,16.0,16.8,0.227,17.1,0.166,2.62,icon_d2
2026-09-02,W0541,52.5365,10.9271,0.0,,16.1,16.8,0.227,17.1,0.166,2.55,icon_d2
2026-09-02,W0542,52.5365,10.9566,0.0,,16.0,16.8,0.227,17.1,0.166,2.55,icon_d2
2026-09-02,W1558,52.5455,10.97214,0.0,,16.1,16.8,0.227,17.1,0.166,2.59,icon_d2
2026-09-02,W1559,52.5455,11.00171,0.0,,16.0,16.6,0.258,16.9,0.208,2.71,icon_d2
2026-09-02,W1560,52.5455,11.03127,0.0,,16.0,16.6,0.258,16.9,0.208,2.73,icon_d2
2026-09-02,W0543,52.5365,11.0747,0.0,,16.0,16.6,0.258,16.9,0.208,2.68,icon_d2
2026-09-02,W0544,52.5365,11.1043,0.0,,16.0,16.6,0.258,16.9,0.208,2.65,icon_d2
2026-09-02,W0567,52.5545,11.1338,0.0,,16.0,16.6,0.258,16.9,0.208,2.64,icon_d2
2026-09-02,W1561,52.5455,11.14953,0.0,,16.0,16.6,0.244,16.7,0.163,2.63,icon_d2
2026-09-02,W1562,52.56351,10.11478,0.0,,16.2,16.8,0.132,17.3,0.061,2.61,icon_d2
2026-09-02,W0568,52.5725,10.1591,0.0,,16.1,17.1,0.084,17.7,0.055,2.52,icon_d2
2026-09-02,W0569,52.5725,10.1886,0.0,,16.0,17.1,0.084,17.7,0.055,2.52,icon_d2
2026-09-02,W0570,52.5725,10.2182,0.0,,16.0,17.1,0.084,17.7,0.055,2.57,icon_d2
2026-09-02,W1563,52.56351,10.23304,0.0,,16.1,17.1,0.084,17.7,0.055,2.56,icon_d2
2026-09-02,W0571,52.5725,10.2772,0.0,,16.0,16.1,0.163,16.7,0.054,2.55,icon_d2
2026-09-02,W0572,52.5725,10.3068,0.0,,16.0,16.1,0.163,16.7,0.054,2.52,icon_d2
2026-09-02,W0573,52.5725,10.3363,0.0,,15.9,16.1,0.152,16.5,0.08,2.53,icon_d2
2026-09-02,W0574,52.5725,10.3658,0.0,,16.0,16.1,0.152,16.5,0.08,2.53,icon_d2
2026-09-02,W0575,52.5725,10.3954,0.0,,16.0,16.1,0.152,16.5,0.08,2.58,icon_d2
2026-09-02,W0576,52.5725,10.4249,0.0,,15.9,16.1,0.152,16.5,0.08,2.58,icon_d2
2026-09-02,W0577,52.5725,10.4545,0.0,,15.9,15.9,0.159,16.4,0.056,2.57,icon_d2
2026-09-02,W0578,52.5725,10.484,0.0,,15.9,16.2,0.137,16.6,0.052,2.59,icon_d2
2026-09-02,W0579,52.5725,10.5135,0.0,,16.0,16.2,0.137,16.6,0.052,2.59,icon_d2
2026-09-02,W0580,52.5725,10.5431,0.0,,16.0,16.2,0.137,16.6,0.052,2.57,icon_d2
2026-09-02,W0581,52.5725,10.5726,0.0,,15.9,16.2,0.137,16.6,0.052,2.56,icon_d2
2026-09-02,W0582,52.5725,10.6021,0.0,,15.9,16.2,0.137,16.6,0.052,2.56,icon_d2
2026-09-02,W0583,52.5725,10.6317,0.0,,16.0,16.0,0.149,16.5,0.05,2.53,icon_d2
2026-09-02,W0584,52.5725,10.6612,0.0,,16.0,16.6,0.127,17.0,0.069,2.51,icon_d2
2026-09-02,W0585,52.5725,10.6908,0.0,,16.0,16.6,0.127,17.0,0.069,2.48,icon_d2
2026-09-02,W0586,52.5725,10.7203,0.0,,15.9,16.6,0.127,17.0,0.069,2.47,icon_d2
2026-09-02,W0587,52.5725,10.7498,0.0,,16.0,16.6,0.127,17.0,0.069,2.55,icon_d2
2026-09-02,W0588,52.5725,10.7794,0.0,,15.8,16.5,0.157,16.8,0.08,2.5,icon_d2
2026-09-02,W0589,52.5725,10.8089,0.0,,15.9,16.5,0.157,16.8,0.08,2.55,icon_d2
2026-09-02,W0590,52.5725,10.8384,0.0,,15.9,16.8,0.227,17.1,0.166,2.61,icon_d2
2026-09-02,W0591,52.5725,10.868,0.0,,16.0,16.8,0.227,17.1,0.166,2.61,icon_d2
2026-09-02,W0592,52.5725,10.8975,0.0,,15.9,16.8,0.227,17.1,0.166,2.66,icon_d2
2026-09-02,W0593,52.5725,10.9271,0.0,,15.9,16.8,0.227,17.1,0.166,2.66,icon_d2
2026-09-02,W1564,52.56351,10.94258,0.0,,16.0,16.8,0.227,17.1,0.166,2.59,icon_d2
2026-09-02,W1565,52.56351,10.97214,0.0,,15.9,16.8,0.227,17.1,0.166,2.66,icon_d2
2026-09-02,W1566,52.56351,11.00171,0.0,,15.9,16.6,0.258,16.9,0.208,2.66,icon_d2
2026-09-02,W1567,52.56351,11.03127,0.0,,15.9,16.6,0.258,16.9,0.208,2.73,icon_d2
2026-09-02,W0594,52.5725,11.0747,0.0,,15.8,16.6,0.258,16.9,0.208,2.69,icon_d2
2026-09-02,W1568,52.56351,11.0904,0.0,,15.9,16.6,0.258,16.9,0.208,2.7,icon_d2
2026-09-02,W0595,52.5725,11.1338,0.0,,16.1,17.1,0.202,17.3,0.148,2.64,icon_d2
2026-09-02,W1569,52.56351,11.14953,0.0,,15.9,16.6,0.244,16.7,0.163,2.64,icon_d2
2026-09-02,W1570,52.58153,10.11478,0.0,,16.1,16.4,0.165,17.1,0.066,2.6,icon_d2
2026-09-02,W0596,52.5905,10.1591,0.0,,16.0,17.1,0.084,17.7,0.055,2.52,icon_d2
2026-09-02,W0597,52.5905,10.1886,0.0,,16.1,17.1,0.084,17.7,0.055,2.52,icon_d2
2026-09-02,W0598,52.5905,10.2182,0.0,,16.0,16.1,0.163,16.7,0.054,2.48,icon_d2
2026-09-02,W0599,52.5905,10.2477,0.0,,15.9,16.1,0.163,16.7,0.054,2.53,icon_d2
2026-09-02,W0600,52.5905,10.2772,0.0,,15.9,16.1,0.163,16.7,0.054,2.54,icon_d2
2026-09-02,W0601,52.5905,10.3068,0.0,,15.9,16.1,0.163,16.7,0.054,2.51,icon_d2
2026-09-02,W0602,52.5905,10.3363,0.0,,15.7,16.1,0.152,16.5,0.08,2.49,icon_d2
2026-09-02,W1571,52.58153,10.3513,0.0,,16.0,16.1,0.152,16.5,0.08,2.53,icon_d2
2026-09-02,W1572,52.58153,10.38086,0.0,,16.0,16.1,0.152,16.5,0.08,2.58,icon_d2
2026-09-02,W1573,52.58153,10.41042,0.0,,16.0,15.9,0.159,16.4,0.056,2.58,icon_d2
2026-09-02,W0603,52.5905,10.4545,0.0,,15.9,15.9,0.159,16.4,0.056,2.57,icon_d2
2026-09-02,W0604,52.5905,10.484,0.0,,15.8,15.9,0.159,16.4,0.056,2.57,icon_d2
2026-09-02,W0605,52.5905,10.5135,0.0,,16.0,16.2,0.137,16.6,0.052,2.6,icon_d2
2026-09-02,W0606,52.5905,10.5431,0.0,,15.9,16.2,0.137,16.6,0.052,2.56,icon_d2
2026-09-02,W0607,52.5905,10.5726,0.0,,15.8,16.0,0.149,16.5,0.05,2.61,icon_d2
2026-09-02,W1574,52.58153,10.58781,0.0,,15.9,16.0,0.149,16.5,0.05,2.56,icon_d2
2026-09-02,W0608,52.5905,10.6317,0.0,,15.7,16.0,0.149,16.5,0.05,2.52,icon_d2
2026-09-02,W0609,52.5905,10.6612,0.0,,16.0,16.6,0.127,17.0,0.069,2.5,icon_d2
2026-09-02,W0610,52.5905,10.6908,0.0,,15.7,16.6,0.127,17.0,0.069,2.44,icon_d2
2026-09-02,W0611,52.5905,10.7203,0.0,,15.8,16.5,0.157,16.8,0.08,2.44,icon_d2
2026-09-02,W0612,52.5905,10.7498,0.0,,15.9,16.5,0.157,16.8,0.08,2.45,icon_d2
2026-09-02,W0613,52.5905,10.7794,0.0,,15.9,16.5,0.157,16.8,0.08,2.53,icon_d2
2026-09-02,W0614,52.5905,10.8089,0.0,,15.8,16.5,0.157,16.8,0.08,2.52,icon_d2
2026-09-02,W0615,52.5905,10.8384,0.0,,15.9,16.8,0.227,17.1,0.166,2.56,icon_d2
2026-09-02,W0616,52.5905,10.868,0.0,,16.1,16.8,0.227,17.1,0.166,2.55,icon_d2
2026-09-02,W1742,52.58153,10.88345,0.0,,15.9,16.8,0.227,17.1,0.166,2.66,icon_d2
2026-09-02,W1743,52.58153,10.91302,0.0,,15.9,16.7,0.209,16.9,0.164,2.66,icon_d2
2026-09-02,W0617,52.5905,10.9566,0.0,,16.0,16.7,0.209,16.9,0.164,2.65,icon_d2
2026-09-02,W1744,52.58153,10.97214,0.0,,16.0,16.7,0.209,16.9,0.164,2.67,icon_d2
2026-09-02,W0618,52.5905,11.0157,0.0,,16.1,16.6,0.258,16.9,0.208,2.63,icon_d2
2026-09-02,W0619,52.5905,11.0452,0.0,,15.9,16.6,0.258,16.9,0.208,2.65,icon_d2
2026-09-02,W1745,52.58153,11.06084,0.0,,15.8,16.6,0.258,16.9,0.208,2.69,icon_d2
2026-09-02,W1746,52.58153,11.0904,0.0,,16.1,17.1,0.202,17.3,0.148,2.64,icon_d2
2026-09-02,W0620,52.5905,11.1338,0.0,,15.9,17.1,0.202,17.3,0.148,2.56,icon_d2
2026-09-02,W1747,52.58153,11.14953,0.0,,15.9,17.1,0.202,17.3,0.148,2.63,icon_d2
2026-09-02,W1748,52.59955,10.11478,0.0,,16.4,16.4,0.165,17.1,0.066,2.61,icon_d2
2026-09-02,W1749,52.59955,10.14435,0.0,,16.3,16.4,0.165,17.1,0.066,2.61,icon_d2
2026-09-02,W1750,52.59955,10.17391,0.0,,16.1,16.1,0.163,16.7,0.054,2.52,icon_d2
2026-09-02,W1751,52.59955,10.20347,0.0,,16.0,16.1,0.163,16.7,0.054,2.48,icon_d2
2026-09-02,W1752,52.59955,10.23304,0.0,,15.9,16.1,0.163,16.7,0.054,2.53,icon_d2
2026-09-02,W1753,52.59955,10.2626,0.0,,15.9,16.1,0.163,16.7,0.054,2.54,icon_d2
2026-09-02,W1754,52.59955,10.29217,0.0,,15.9,16.1,0.163,16.7,0.054,2.51,icon_d2
2026-09-02,W1755,52.59955,10.32173,0.0,,15.8,16.1,0.163,16.7,0.054,2.5,icon_d2
2026-09-02,W1756,52.59955,10.3513,0.0,,15.8,15.9,0.159,16.4,0.056,2.56,icon_d2
2026-09-02,W1757,52.59955,10.38086,0.0,,15.7,15.9,0.159,16.4,0.056,2.53,icon_d2
2026-09-02,W1758,52.59955,10.41042,0.0,,15.8,15.9,0.159,16.4,0.056,2.52,icon_d2
2026-09-02,W1759,52.59955,10.43999,0.0,,15.8,15.9,0.159,16.4,0.056,2.52,icon_d2
2026-09-02,W1760,52.59955,10.46955,0.0,,15.8,15.9,0.159,16.4,0.056,2.57,icon_d2
2026-09-02,W1761,52.59955,10.49912,0.0,,15.8,16.2,0.137,16.6,0.052,2.57,icon_d2
2026-09-02,W1762,52.59955,10.52868,0.0,,16.1,16.0,0.149,16.5,0.05,2.6,icon_d2
2026-09-02,W1763,52.59955,10.55825,0.0,,15.8,16.0,0.149,16.5,0.05,2.61,icon_d2
2026-09-02,W1764,52.59955,10.58781,0.0,,15.8,16.0,0.149,16.5,0.05,2.61,icon_d2
2026-09-02,W1765,52.59955,10.61737,0.0,,15.8,16.0,0.149,16.5,0.05,2.54,icon_d2
2026-09-02,W1599,52.59955,10.64694,0.0,,15.7,16.0,0.149,16.5,0.05,2.51,icon_d2
2026-09-02,W1600,52.59955,10.6765,0.0,,16.0,16.6,0.127,17.0,0.069,2.5,icon_d2
2026-09-02,W1601,52.59955,10.70607,0.0,,15.8,16.5,0.157,16.8,0.08,2.44,icon_d2
2026-09-02,W1610,52.59955,10.73563,0.0,,15.9,16.5,0.157,16.8,0.08,2.45,icon_d2
2026-09-02,W1602,52.59955,10.76519,0.0,,15.9,16.5,0.157,16.8,0.08,2.45,icon_d2
2026-09-02,W1603,52.59955,10.79476,0.0,,15.8,16.5,0.157,16.8,0.08,2.52,icon_d2
2026-09-02,W1611,52.59955,10.82432,0.0,,15.9,16.5,0.157,16.8,0.08,2.55,icon_d2
2026-09-02,W1604,52.59955,10.85389,0.0,,15.9,16.7,0.209,16.9,0.164,2.54,icon_d2
2026-09-02,W1605,52.59955,10.88345,0.0,,15.9,16.7,0.209,16.9,0.164,2.67,icon_d2
2026-09-02,W1766,52.59955,10.91302,0.0,,15.9,16.7,0.209,16.9,0.164,2.69,icon_d2
2026-09-02,W1767,52.59955,10.94258,0.0,,16.0,16.7,0.209,16.9,0.164,2.69,icon_d2
2026-09-02,W1608,52.59955,10.97214,0.0,,16.1,16.7,0.209,16.9,0.164,2.66,icon_d2
2026-09-02,W1768,52.59955,11.00171,0.0,,16.1,16.6,0.258,16.9,0.208,2.63,icon_d2
2026-09-02,W1769,52.59955,11.03127,0.0,,15.9,17.1,0.202,17.3,0.148,2.65,icon_d2
2026-09-02,W1770,52.59955,11.06084,0.0,,15.9,17.1,0.202,17.3,0.148,2.62,icon_d2
2026-09-02,W1612,52.59955,11.0904,0.0,,15.8,17.1,0.202,17.3,0.148,2.62,icon_d2
2026-09-02,W1613,52.59955,11.11997,0.0,,15.9,17.1,0.202,17.3,0.148,2.63,icon_d2
2026-09-02,W1614,52.59955,11.14953,0.0,,15.9,17.1,0.202,17.3,0.148,2.56,icon_d2
2026-09-02,W0621,52.6086,10.1295,0.0,,16.3,16.4,0.165,17.1,0.066,2.61,icon_d2
2026-09-02,W0622,52.6086,10.1591,0.0,,16.1,16.1,0.163,16.7,0.054,2.52,icon_d2
2026-09-02,W0623,52.6086,10.1886,0.0,,16.1,16.1,0.163,16.7,0.054,2.52,icon_d2
2026-09-02,W0624,52.6086,10.2182,0.0,,16.0,16.1,0.163,16.7,0.054,2.48,icon_d2
2026-09-02,W0625,52.6086,10.2477,0.0,,15.9,16.1,0.163,16.7,0.054,2.53,icon_d2
2026-09-02,W0626,52.6086,10.2772,0.0,,15.9,16.1,0.163,16.7,0.054,2.54,icon_d2
2026-09-02,W0627,52.6086,10.3068,0.0,,15.8,16.1,0.163,16.7,0.054,2.5,icon_d2
2026-09-02,W1615,52.61757,10.32173,0.0,,15.8,16.1,0.163,16.7,0.054,2.5,icon_d2
2026-09-02,W0628,52.6086,10.3658,0.0,,15.8,15.9,0.159,16.4,0.056,2.56,icon_d2
2026-09-02,W0629,52.6086,10.3954,0.0,,15.7,15.9,0.159,16.4,0.056,2.54,icon_d2
2026-09-02,W0630,52.6086,10.4249,0.0,,15.8,15.9,0.159,16.4,0.056,2.52,icon_d2
2026-09-02,W1616,52.61757,10.43999,0.0,,15.5,15.9,0.159,16.4,0.056,2.44,icon_d2
2026-09-02,W0631,52.6086,10.484,0.0,,15.8,15.9,0.159,16.4,0.056,2.57,icon_d2
2026-09-02,W0632,52.6086,10.5135,0.0,,16.1,16.0,0.149,16.5,0.05,2.6,icon_d2
2026-09-02,W0633,52.6086,10.5431,0.0,,15.7,16.0,0.149,16.5,0.05,2.55,icon_d2
2026-09-02,W1617,52.61757,10.55825,0.0,,15.7,16.0,0.149,16.5,0.05,2.59,icon_d2
2026-09-02,W0634,52.6086,10.6021,0.0,,15.8,16.0,0.149,16.5,0.05,2.6,icon_d2
2026-09-02,W0635,52.6086,10.6317,0.0,,15.8,16.0,0.149,16.5,0.05,2.52,icon_d2
2026-09-02,W0636,52.6086,10.6612,0.0,,16.0,16.0,0.149,16.5,0.05,2.5,icon_d2
2026-09-02,W0637,52.6086,10.6908,0.0,,15.8,16.5,0.157,16.8,0.08,2.44,icon_d2
2026-09-02,W0638,52.6086,10.7203,0.0,,16.0,16.5,0.157,16.8,0.08,2.45,icon_d2
2026-09-02,W0639,52.6086,10.7498,0.0,,15.8,16.5,0.157,16.8,0.08,2.44,icon_d2
2026-09-02,W0640,52.6086,10.7794,0.0,,15.8,16.5,0.157,16.8,0.08,2.52,icon_d2
2026-09-02,W0641,52.6086,10.8089,0.0,,15.7,16.5,0.157,16.8,0.08,2.52,icon_d2
2026-09-02,W0642,52.6086,10.8384,0.0,,15.8,16.7,0.209,16.9,0.164,2.55,icon_d2
2026-09-02,W0643,52.6086,10.868,0.0,,16.1,16.7,0.209,16.9,0.164,2.55,icon_d2
2026-09-02,W1618,52.61757,10.88345,0.0,,16.0,16.7,0.209,16.9,0.164,2.61,icon_d2
2026-09-02,W1619,52.61757,10.91302,0.0,,16.0,16.7,0.209,16.9,0.164,2.67,icon_d2
2026-09-02,W0644,52.6086,10.9566,0.0,,16.0,16.7,0.209,16.9,0.164,2.65,icon_d2
2026-09-02,W0645,52.6086,10.9861,0.0,,16.1,16.7,0.209,16.9,0.164,2.66,icon_d2
2026-09-02,W0646,52.6086,11.0157,0.0,,16.0,17.1,0.202,17.3,0.148,2.62,icon_d2
2026-09-02,W0647,52.6086,11.0452,0.0,,16.0,17.1,0.202,17.3,0.148,2.66,icon_d2
2026-09-02,W0648,52.6086,11.0747,0.0,,15.9,17.1,0.202,17.3,0.148,2.67,icon_d2
2026-09-02,W0649,52.6086,11.1043,0.0,,15.9,17.1,0.202,17.3,0.148,2.63,icon_d2
2026-09-02,W0650,52.6086,11.1338,0.0,,15.9,17.1,0.202,17.3,0.148,2.56,icon_d2
2026-09-02,W1620,52.61757,11.14953,0.0,,16.6,17.1,0.202,17.3,0.148,2.65,icon_d2
2026-09-02,W0652,52.6266,10.1295,0.0,,16.2,16.4,0.165,17.1,0.066,2.55,icon_d2
2026-09-02,W0653,52.6266,10.1591,0.0,,15.9,16.1,0.163,16.7,0.054,2.44,icon_d2
2026-09-02,W0654,52.6266,10.1886,0.0,,16.1,16.1,0.163,16.7,0.054,2.47,icon_d2
2026-09-02,W0655,52.6266,10.2182,0.0,,15.9,16.1,0.163,16.7,0.054,2.48,icon_d2
2026-09-02,W0656,52.6266,10.2477,0.0,,15.9,16.1,0.163,16.7,0.054,2.53,icon_d2
2026-09-02,W0657,52.6266,10.2772,0.0,,15.8,16.1,0.163,16.7,0.054,2.54,icon_d2
2026-09-02,W1621,52.63559,10.29217,0.0,,15.8,16.1,0.163,16.7,0.054,2.54,icon_d2
2026-09-02,W1622,52.63559,10.32173,0.0,,15.7,16.0,0.176,16.4,0.073,2.5,icon_d2
2026-09-02,W0658,52.6266,10.3658,0.0,,15.6,15.9,0.159,16.4,0.056,2.47,icon_d2
2026-09-02,W0659,52.6266,10.3954,0.0,,15.6,15.9,0.159,16.4,0.056,2.49,icon_d2
2026-09-02,W0660,52.6266,10.4249,0.0,,15.6,15.9,0.159,16.4,0.056,2.42,icon_d2
2026-09-02,W0661,52.6266,10.4545,0.0,,15.6,15.9,0.159,16.4,0.056,2.45,icon_d2
2026-09-02,W0662,52.6266,10.484,0.0,,15.7,15.9,0.159,16.4,0.056,2.55,icon_d2
2026-09-02,W0663,52.6266,10.5135,0.0,,15.6,16.0,0.149,16.5,0.05,2.52,icon_d2
2026-09-02,W1623,52.63559,10.52868,0.0,,15.7,16.0,0.149,16.5,0.05,2.52,icon_d2
2026-09-02,W0664,52.6266,10.5726,0.0,,15.7,16.0,0.149,16.5,0.05,2.58,icon_d2
2026-09-02,W0665,52.6266,10.6021,0.0,,15.8,16.0,0.149,16.5,0.05,2.63,icon_d2
2026-09-02,W0666,52.6266,10.6317,0.0,,15.8,16.0,0.149,16.5,0.05,2.53,icon_d2
2026-09-02,W0667,52.6266,10.6612,0.0,,15.8,16.0,0.149,16.5,0.05,2.53,icon_d2
2026-09-02,W0668,52.6266,10.6908,0.0,,15.9,16.5,0.157,16.8,0.08,2.46,icon_d2
2026-09-02,W0669,52.6266,10.7203,0.0,,15.8,16.5,0.157,16.8,0.08,2.42,icon_d2
2026-09-02,W0670,52.6266,10.7498,0.0,,15.8,16.5,0.157,16.8,0.08,2.43,icon_d2
2026-09-02,W0671,52.6266,10.7794,0.1,,15.9,16.5,0.157,16.8,0.08,2.43,icon_d2
2026-09-02,W0672,52.6266,10.8089,0.0,,16.1,16.5,0.157,16.8,0.08,2.5,icon_d2
2026-09-02,W0673,52.6266,10.8384,0.0,,16.1,16.7,0.209,16.9,0.164,2.52,icon_d2
2026-09-02,W0674,52.6266,10.868,0.0,,16.0,16.7,0.209,16.9,0.164,2.61,icon_d2
2026-09-02,W1624,52.63559,10.88345,0.0,,16.1,16.7,0.209,16.9,0.164,2.6,icon_d2
2026-09-02,W1625,52.63559,10.91302,0.0,,16.0,16.7,0.209,16.9,0.164,2.62,icon_d2
2026-09-02,W0675,52.6266,10.9566,0.0,,15.8,16.7,0.209,16.9,0.164,2.59,icon_d2
2026-09-02,W0676,52.6266,10.9861,0.0,,15.8,16.7,0.209,16.9,0.164,2.59,icon_d2
2026-09-02,W0677,52.6266,11.0157,0.0,,15.9,17.1,0.202,17.3,0.148,2.53,icon_d2
2026-09-02,W0678,52.6266,11.0452,0.0,,16.1,17.1,0.202,17.3,0.148,2.54,icon_d2
2026-09-02,W1626,52.63559,11.06084,0.0,,16.4,17.1,0.202,17.3,0.148,2.58,icon_d2
2026-09-02,W0679,52.6266,11.1043,0.0,,16.1,17.1,0.202,17.3,0.148,2.6,icon_d2
2026-09-02,W0680,52.6266,11.1338,0.0,,16.4,17.1,0.202,17.3,0.148,2.64,icon_d2
2026-09-02,W1627,52.63559,11.14953,0.0,,16.6,17.1,0.202,17.3,0.148,2.67,icon_d2
2026-09-02,W0707,52.6626,10.1,0.0,,16.0,16.1,0.167,16.5,0.082,2.52,icon_d2
2026-09-02,W0709,52.6626,10.1591,0.0,,15.8,16.1,0.167,16.5,0.082,2.42,icon_d2
2026-09-02,W0710,52.6626,10.1886,0.0,,15.9,16.1,0.163,16.7,0.054,2.41,icon_d2
2026-09-02,W0711,52.6626,10.2182,0.0,,15.8,16.1,0.163,16.7,0.054,2.47,icon_d2
2026-09-02,W1628,52.6536,10.23304,0.0,,15.7,16.1,0.163,16.7,0.054,2.46,icon_d2
2026-09-02,W0712,52.6626,10.2772,0.0,,15.7,16.0,0.176,16.4,0.073,2.48,icon_d2
2026-09-02,W0684,52.6446,10.3068,0.0,,15.8,16.0,0.176,16.4,0.073,2.54,icon_d2
2026-09-02,W0713,52.6626,10.3363,0.0,,15.6,16.0,0.176,16.4,0.073,2.41,icon_d2
2026-09-02,W0714,52.6626,10.3658,0.0,,15.6,15.9,0.159,16.4,0.056,2.41,icon_d2
2026-09-02,W0715,52.6626,10.3954,0.0,,15.5,16.1,0.169,16.3,0.063,2.28,icon_d2
2026-09-02,W0716,52.6626,10.4249,0.0,,15.4,16.1,0.169,16.3,0.063,2.27,icon_d2
2026-09-02,W0717,52.6626,10.4545,0.0,,15.4,16.1,0.169,16.3,0.063,2.39,icon_d2
2026-09-02,W1629,52.6536,10.46955,0.0,,15.4,16.1,0.169,16.3,0.063,2.39,icon_d2
2026-09-02,W0718,52.6626,10.5135,0.0,,15.3,16.0,0.149,16.5,0.05,2.44,icon_d2
2026-09-02,W0719,52.6626,10.5431,0.0,,15.4,16.0,0.149,16.5,0.05,2.5,icon_d2
2026-09-02,W0720,52.6626,10.5726,0.0,,15.6,16.4,0.116,16.4,0.059,2.47,icon_d2
2026-09-02,W0721,52.6626,10.6021,0.0,,15.6,16.4,0.116,16.4,0.059,2.52,icon_d2
2026-09-02,W0722,52.6626,10.6317,0.0,,15.7,16.4,0.116,16.4,0.059,2.48,icon_d2
2026-09-02,W0723,52.6626,10.6612,0.0,,15.8,16.4,0.116,16.4,0.059,2.47,icon_d2
2026-09-02,W0724,52.6626,10.6908,0.0,,15.9,16.5,0.157,16.8,0.08,2.46,icon_d2
2026-09-02,W0725,52.6626,10.7203,0.0,,15.7,16.5,0.157,16.8,0.08,2.51,icon_d2
2026-09-02,W0726,52.6626,10.7498,0.1,,15.7,16.4,0.132,16.6,0.05,2.46,icon_d2
2026-09-02,W0727,52.6626,10.7794,0.1,,15.8,16.4,0.132,16.6,0.05,2.47,icon_d2
2026-09-02,W0728,52.6626,10.8089,0.1,,16.0,16.4,0.132,16.6,0.05,2.63,icon_d2
2026-09-02,W0729,52.6626,10.8384,0.0,,16.0,16.4,0.132,16.6,0.05,2.68,icon_d2
2026-09-02,W0730,52.6626,10.868,0.0,,16.1,16.7,0.209,16.9,0.164,2.65,icon_d2
2026-09-02,W0731,52.6626,10.8975,0.0,,15.9,17.1,0.188,17.2,0.119,2.54,icon_d2
2026-09-02,W0732,52.6626,10.9271,0.0,,15.8,17.1,0.188,17.2,0.119,2.55,icon_d2
2026-09-02,W0733,52.6626,10.9566,0.0,,15.8,17.1,0.188,17.2,0.119,2.57,icon_d2
2026-09-02,W0734,52.6626,10.9861,0.0,,16.1,17.1,0.188,17.2,0.119,2.58,icon_d2
2026-09-02,W0735,52.6626,11.0157,0.0,,16.1,17.1,0.202,17.3,0.148,2.56,icon_d2
2026-09-02,W0736,52.6626,11.0452,0.0,,16.2,17.1,0.202,17.3,0.148,2.61,icon_d2
2026-09-02,W0737,52.6626,11.0747,0.0,,16.3,17.9,0.146,18.0,0.149,2.66,icon_d2
2026-09-02,W0705,52.6446,11.1043,0.0,,16.4,17.1,0.202,17.3,0.148,2.62,icon_d2
2026-09-02,W0738,52.6626,11.1338,0.0,,16.5,17.9,0.146,18.0,0.149,2.67,icon_d2
2026-09-02,W1630,52.6536,11.14953,0.0,,16.3,17.9,0.146,18.0,0.149,2.66,icon_d2
2026-09-02,W0740,52.6806,10.1295,0.0,,15.8,16.1,0.167,16.5,0.082,2.49,icon_d2
2026-09-02,W0741,52.6806,10.1591,0.0,,15.9,16.1,0.167,16.5,0.082,2.41,icon_d2
2026-09-02,W0742,52.6806,10.1886,0.0,,16.0,16.0,0.176,16.4,0.073,2.41,icon_d2
2026-09-02,W0743,52.6806,10.2182,0.0,,15.6,16.0,0.176,16.4,0.073,2.38,icon_d2
2026-09-02,W0744,52.6806,10.2477,0.1,,15.7,16.0,0.176,16.4,0.073,2.38,icon_d2
2026-09-02,W0745,52.6806,10.2772,0.0,,15.6,16.0,0.176,16.4,0.073,2.36,icon_d2
2026-09-02,W0746,52.6806,10.3068,0.0,,15.7,16.0,0.176,16.4,0.073,2.37,icon_d2
2026-09-02,W1631,52.67162,10.32173,0.0,,15.7,16.0,0.176,16.4,0.073,2.37,icon_d2
2026-09-02,W0747,52.6806,10.3658,0.0,,15.6,16.1,0.169,16.3,0.063,2.38,icon_d2
2026-09-02,W0748,52.6806,10.3954,0.0,,15.6,16.1,0.169,16.3,0.063,2.3,icon_d2
2026-09-02,W0749,52.6806,10.4249,0.0,,15.4,16.1,0.169,16.3,0.063,2.31,icon_d2
2026-09-02,W0750,52.6806,10.4545,0.0,,15.4,16.1,0.169,16.3,0.063,2.34,icon_d2
2026-09-02,W0751,52.6806,10.484,0.0,,15.4,16.1,0.169,16.3,0.063,2.34,icon_d2
2026-09-02,W0752,52.6806,10.5135,0.0,,15.3,16.1,0.169,16.3,0.063,2.37,icon_d2
2026-09-02,W1632,52.67162,10.52868,0.0,,15.4,16.4,0.116,16.4,0.059,2.38,icon_d2
2026-09-02,W0753,52.6806,10.5726,0.0,,15.5,16.4,0.116,16.4,0.059,2.36,icon_d2
2026-09-02,W0754,52.6806,10.6021,0.0,,15.6,16.4,0.116,16.4,0.059,2.35,icon_d2
2026-09-02,W0755,52.6806,10.6317,0.0,,15.5,16.4,0.116,16.4,0.059,2.4,icon_d2
2026-09-02,W0756,52.6806,10.6612,0.0,,15.5,16.4,0.116,16.4,0.059,2.4,icon_d2
2026-09-02,W0757,52.6806,10.6908,0.0,,15.8,16.4,0.132,16.6,0.05,2.52,icon_d2
2026-09-02,W0758,52.6806,10.7203,0.0,,15.8,16.4,0.132,16.6,0.05,2.51,icon_d2
2026-09-02,W0759,52.6806,10.7498,0.1,,16.0,16.4,0.132,16.6,0.05,2.52,icon_d2
2026-09-02,W0760,52.6806,10.7794,0.1,,15.8,16.4,0.132,16.6,0.05,2.57,icon_d2
2026-09-02,W0761,52.6806,10.8089,0.1,,15.9,16.4,0.132,16.6,0.05,2.65,icon_d2
2026-09-02,W1633,52.67162,10.82432,0.0,,16.0,16.4,0.132,16.6,0.05,2.7,icon_d2
2026-09-02,W1634,52.67162,10.85389,0.0,,15.9,16.7,0.209,16.9,0.164,2.69,icon_d2
2026-09-02,W0762,52.6806,10.8975,0.0,,15.8,17.1,0.188,17.2,0.119,2.64,icon_d2
2026-09-02,W0763,52.6806,10.9271,0.0,,15.9,17.1,0.188,17.2,0.119,2.6,icon_d2
2026-09-02,W0764,52.6806,10.9566,0.0,,16.2,17.1,0.188,17.2,0.119,2.55,icon_d2
2026-09-02,W0765,52.6806,10.9861,0.0,,16.2,17.1,0.188,17.2,0.119,2.58,icon_d2
2026-09-02,W1635,52.67162,11.00171,0.0,,16.6,17.1,0.188,17.2,0.119,2.69,icon_d2
2026-09-02,W0766,52.6806,11.0452,0.0,,16.7,17.9,0.146,18.0,0.149,2.71,icon_d2
2026-09-02,W1636,52.67162,11.06084,0.0,,16.6,17.9,0.146,18.0,0.149,2.71,icon_d2
2026-09-02,W1637,52.67162,11.0904,0.0,,16.1,17.9,0.146,18.0,0.149,2.69,icon_d2
2026-09-02,W1638,52.67162,11.11997,0.0,,16.0,17.9,0.146,18.0,0.149,2.69,icon_d2
2026-09-02,W1639,52.67162,11.14953,0.0,,16.4,17.9,0.146,18.0,0.149,2.66,icon_d2
2026-09-02,W0768,52.6986,10.1295,0.0,,15.8,16.1,0.167,16.5,0.082,2.48,icon_d2
2026-09-02,W0769,52.6986,10.1591,0.0,,15.8,16.1,0.167,16.5,0.082,2.42,icon_d2
2026-09-02,W0770,52.6986,10.1886,0.0,,15.7,16.0,0.176,16.4,0.073,2.36,icon_d2
2026-09-02,W0771,52.6986,10.2182,0.0,,15.8,16.0,0.176,16.4,0.073,2.44,icon_d2
2026-09-02,W0772,52.6986,10.2477,0.0,,15.7,16.0,0.176,16.4,0.073,2.41,icon_d2
2026-09-02,W0773,52.6986,10.2772,0.0,,15.4,16.0,0.176,16.4,0.073,2.34,icon_d2
2026-09-02,W0774,52.6986,10.3068,0.0,,15.6,16.0,0.176,16.4,0.073,2.35,icon_d2
2026-09-02,W1640,52.68964,10.32173,0.0,,15.7,16.0,0.176,16.4,0.073,2.37,icon_d2
2026-09-02,W0775,52.6986,10.3658,0.0,,15.6,16.1,0.169,16.3,0.063,2.35,icon_d2
2026-09-02,W0776,52.6986,10.3954,0.0,,15.5,16.1,0.169,16.3,0.063,2.34,icon_d2
2026-09-02,W0777,52.6986,10.4249,0.0,,15.5,16.1,0.169,16.3,0.063,2.35,icon_d2
2026-09-02,W0778,52.6986,10.4545,0.0,,15.4,16.1,0.169,16.3,0.063,2.3,icon_d2
2026-09-02,W0779,52.6986,10.484,0.0,,15.3,16.1,0.169,16.3,0.063,2.29,icon_d2
2026-09-02,W0780,52.6986,10.5135,0.0,,15.3,16.1,0.169,16.3,0.063,2.33,icon_d2
2026-09-02,W0781,52.6986,10.5431,0.0,,15.5,16.4,0.116,16.4,0.059,2.32,icon_d2
2026-09-02,W0782,52.6986,10.5726,0.0,,15.5,16.4,0.116,16.4,0.059,2.33,icon_d2
2026-09-02,W0783,52.6986,10.6021,0.0,,15.6,16.4,0.116,16.4,0.059,2.32,icon_d2
2026-09-02,W0784,52.6986,10.6317,0.0,,15.5,16.4,0.116,16.4,0.059,2.37,icon_d2
2026-09-02,W0785,52.6986,10.6612,0.0,,15.6,16.4,0.116,16.4,0.059,2.37,icon_d2
2026-09-02,W1641,52.68964,10.6765,0.0,,15.8,16.4,0.116,16.4,0.059,2.52,icon_d2
2026-09-02,W0786,52.6986,10.7203,0.1,,15.7,16.4,0.132,16.6,0.05,2.56,icon_d2
2026-09-02,W1642,52.68964,10.73563,0.1,,16.0,16.4,0.132,16.6,0.05,2.52,icon_d2
2026-09-02,W1643,52.68964,10.76519,0.1,,16.0,16.4,0.132,16.6,0.05,2.53,icon_d2
2026-09-02,W1644,52.68964,10.79476,0.1,,15.9,16.4,0.132,16.6,0.05,2.64,icon_d2
2026-09-02,W0787,52.6986,10.8384,0.1,,16.0,16.4,0.132,16.6,0.05,2.71,icon_d2
2026-09-02,W0788,52.6986,10.868,0.0,,15.6,17.1,0.188,17.2,0.119,2.61,icon_d2
2026-09-02,W0789,52.6986,10.8975,0.0,,16.0,17.1,0.188,17.2,0.119,2.63,icon_d2
2026-09-02,W0790,52.6986,10.9271,0.0,,15.9,17.1,0.188,17.2,0.119,2.62,icon_d2
2026-09-02,W0791,52.6986,10.9566,0.0,,16.2,17.1,0.188,17.2,0.119,2.62,icon_d2
2026-09-02,W0792,52.6986,10.9861,0.0,,16.5,17.1,0.188,17.2,0.119,2.64,icon_d2
2026-09-02,W1645,52.68964,11.00171,0.0,,16.7,17.1,0.188,17.2,0.119,2.7,icon_d2
2026-09-02,W0793,52.6986,11.0452,0.0,,16.2,17.9,0.146,18.0,0.149,2.72,icon_d2
2026-09-02,W0794,52.6986,11.0747,0.0,,16.2,17.9,0.146,18.0,0.149,2.68,icon_d2
2026-09-02,W0795,52.6986,11.1043,0.0,,16.2,17.9,0.146,18.0,0.149,2.68,icon_d2
2026-09-02,W0796,52.6986,11.1338,0.0,,16.3,17.9,0.146,18.0,0.149,2.66,icon_d2
2026-09-02,W1646,52.68964,11.14953,0.0,,16.5,17.9,0.146,18.0,0.149,2.66,icon_d2
2026-09-02,W1647,52.70766,10.11478,0.0,,15.9,16.1,0.167,16.5,0.082,2.48,icon_d2
2026-09-02,W1648,52.70766,10.14435,0.0,,15.8,16.1,0.167,16.5,0.082,2.42,icon_d2
2026-09-02,W1649,52.70766,10.17391,0.0,,15.7,16.2,0.185,16.6,0.099,2.36,icon_d2
2026-09-02,W1650,52.70766,10.20347,0.0,,15.8,16.0,0.176,16.4,0.073,2.4,icon_d2
2026-09-02,W1651,52.70766,10.23304,0.0,,15.6,16.0,0.176,16.4,0.073,2.41,icon_d2
2026-09-02,W1652,52.70766,10.2626,0.0,,15.6,16.0,0.176,16.4,0.073,2.41,icon_d2
2026-09-02,W1653,52.70766,10.29217,0.0,,15.5,16.0,0.176,16.4,0.073,2.35,icon_d2
2026-09-02,W1654,52.70766,10.32173,0.0,,15.6,16.0,0.176,16.4,0.073,2.35,icon_d2
2026-09-02,W1655,52.70766,10.3513,0.0,,15.6,16.1,0.169,16.3,0.063,2.36,icon_d2
2026-09-02,W1656,52.70766,10.38086,0.0,,15.6,16.1,0.169,16.3,0.063,2.34,icon_d2
2026-09-02,W1657,52.70766,10.41042,0.0,,15.5,16.1,0.169,16.3,0.063,2.35,icon_d2
2026-09-02,W1658,52.70766,10.43999,0.0,,15.5,16.1,0.169,16.3,0.063,2.31,icon_d2
2026-09-02,W1659,52.70766,10.46955,0.0,,15.4,16.1,0.169,16.3,0.063,2.3,icon_d2
2026-09-02,W1660,52.70766,10.49912,0.0,,15.3,16.4,0.174,16.6,0.071,2.33,icon_d2
2026-09-02,W1661,52.70766,10.52868,0.0,,15.2,16.4,0.116,16.4,0.059,2.33,icon_d2
2026-09-02,W1662,52.70766,10.55825,0.0,,15.3,16.4,0.116,16.4,0.059,2.31,icon_d2
2026-09-02,W1663,52.70766,10.58781,0.0,,15.5,16.4,0.116,16.4,0.059,2.33,icon_d2
2026-09-02,W1664,52.70766,10.61737,0.0,,15.6,16.4,0.116,16.4,0.059,2.32,icon_d2
2026-09-02,W1665,52.70766,10.64694,0.0,,15.5,16.4,0.116,16.4,0.059,2.37,icon_d2
2026-09-02,W1666,52.70766,10.6765,0.1,,15.5,17.0,0.086,16.8,0.043,2.42,icon_d2
2026-09-02,W1667,52.70766,10.70607,0.0,,15.6,16.4,0.132,16.6,0.05,2.53,icon_d2
2026-09-02,W1668,52.70766,10.73563,0.1,,15.7,16.4,0.132,16.6,0.05,2.56,icon_d2
2026-09-02,W1669,52.70766,10.76519,0.1,,15.9,16.4,0.132,16.6,0.05,2.6,icon_d2
2026-09-02,W1670,52.70766,10.79476,0.1,,16.0,16.4,0.132,16.6,0.05,2.65,icon_d2
2026-09-02,W1671,52.70766,10.82432,0.1,,16.0,16.4,0.132,16.6,0.05,2.71,icon_d2
2026-09-02,W1672,52.70766,10.85389,0.0,,15.7,17.1,0.188,17.2,0.119,2.61,icon_d2
2026-09-02,W1673,52.70766,10.88345,0.0,,15.6,17.1,0.188,17.2,0.119,2.6,icon_d2
2026-09-02,W1674,52.70766,10.91302,0.0,,16.0,17.1,0.188,17.2,0.119,2.63,icon_d2
2026-09-02,W1675,52.70766,10.94258,0.0,,16.3,17.1,0.188,17.2,0.119,2.64,icon_d2
2026-09-02,W1676,52.70766,10.97214,0.0,,16.4,17.1,0.188,17.2,0.119,2.63,icon_d2
2026-09-02,W1677,52.70766,11.00171,0.0,,16.4,17.9,0.137,18.0,0.129,2.7,icon_d2
2026-09-02,W1678,52.70766,11.03127,0.0,,16.4,17.9,0.146,18.0,0.149,2.72,icon_d2
2026-09-02,W1679,52.70766,11.06084,0.0,,16.5,17.9,0.146,18.0,0.149,2.71,icon_d2
2026-09-02,W1680,52.70766,11.0904,0.0,,16.2,17.9,0.146,18.0,0.149,2.68,icon_d2
2026-09-02,W1681,52.70766,11.11997,0.0,,16.4,17.9,0.146,18.0,0.149,2.67,icon_d2
2026-09-02,W1682,52.70766,11.14953,0.0,,16.4,17.9,0.146,18.0,0.149,2.67,icon_d2
2026-09-02,W0798,52.7167,10.1295,0.0,,15.9,16.1,0.167,16.5,0.082,2.48,icon_d2
2026-09-02,W0799,52.7167,10.1591,0.0,,15.7,16.2,0.185,16.6,0.099,2.41,icon_d2
2026-09-02,W0800,52.7167,10.1886,0.0,,15.7,16.0,0.176,16.4,0.073,2.41,icon_d2
2026-09-02,W0801,52.7167,10.2182,0.0,,15.8,16.0,0.176,16.4,0.073,2.43,icon_d2
2026-09-02,W0802,52.7167,10.2477,0.0,,15.8,16.0,0.176,16.4,0.073,2.43,icon_d2
2026-09-02,W0803,52.7167,10.2772,0.0,,15.5,16.0,0.176,16.4,0.073,2.37,icon_d2
2026-09-02,W0804,52.7167,10.3068,0.0,,15.4,16.3,0.186,16.6,0.084,2.3,icon_d2
2026-09-02,W0805,52.7167,10.3363,0.0,,15.4,16.3,0.186,16.6,0.084,2.34,icon_d2
2026-09-02,W0806,52.7167,10.3658,0.0,,15.5,16.1,0.169,16.3,0.063,2.33,icon_d2
2026-09-02,W0807,52.7167,10.3954,0.0,,15.3,16.1,0.169,16.3,0.063,2.31,icon_d2
2026-09-02,W0808,52.7167,10.4249,0.0,,15.4,16.1,0.169,16.3,0.063,2.32,icon_d2
2026-09-02,W0809,52.7167,10.4545,0.0,,15.3,16.1,0.169,16.3,0.063,2.29,icon_d2
2026-09-02,W0810,52.7167,10.484,0.0,,15.3,16.4,0.174,16.6,0.071,2.31,icon_d2
2026-09-02,W0811,52.7167,10.5135,0.0,,15.4,16.4,0.174,16.6,0.071,2.33,icon_d2
2026-09-02,W0812,52.7167,10.5431,0.0,,15.4,16.4,0.116,16.4,0.059,2.33,icon_d2
2026-09-02,W0813,52.7167,10.5726,0.0,,15.3,16.4,0.116,16.4,0.059,2.32,icon_d2
2026-09-02,W0814,52.7167,10.6021,0.1,,15.4,16.4,0.116,16.4,0.059,2.4,icon_d2
2026-09-02,W1683,52.72568,10.61737,0.1,,15.7,17.0,0.086,16.8,0.043,2.35,icon_d2
2026-09-02,W0815,52.7167,10.6612,0.2,,15.7,17.0,0.086,16.8,0.043,2.38,icon_d2
2026-09-02,W0816,52.7167,10.6908,0.4,,15.7,16.4,0.132,16.6,0.05,2.49,icon_d2
2026-09-02,W1684,52.72568,10.70607,0.4,,15.6,16.4,0.132,16.6,0.05,2.49,icon_d2
2026-09-02,W1685,52.72568,10.73563,0.4,,15.6,16.4,0.132,16.6,0.05,2.56,icon_d2
2026-09-02,W1686,52.72568,10.76519,0.4,,15.6,16.4,0.132,16.6,0.05,2.57,icon_d2
2026-09-02,W0817,52.7167,10.8089,0.2,,15.7,17.5,0.064,17.2,0.051,2.56,icon_d2
2026-09-02,W0818,52.7167,10.8384,0.2,,15.8,17.5,0.064,17.2,0.051,2.61,icon_d2
2026-09-02,W0819,52.7167,10.868,0.2,,15.8,17.1,0.188,17.2,0.119,2.61,icon_d2
2026-09-02,W0820,52.7167,10.8975,0.0,,16.1,17.1,0.188,17.2,0.119,2.61,icon_d2
2026-09-02,W0821,52.7167,10.9271,0.0,,16.2,17.1,0.188,17.2,0.119,2.62,icon_d2
2026-09-02,W1687,52.72568,10.94258,0.0,,16.3,17.9,0.137,18.0,0.129,2.68,icon_d2
2026-09-02,W1688,52.72568,10.97214,0.0,,16.2,17.9,0.137,18.0,0.129,2.7,icon_d2
2026-09-02,W1689,52.72568,11.00171,0.0,,16.3,17.9,0.137,18.0,0.129,2.7,icon_d2
2026-09-02,W1690,52.72568,11.03127,0.0,,16.5,17.9,0.146,18.0,0.149,2.72,icon_d2
2026-09-02,W0822,52.7167,11.0747,0.0,,16.5,17.9,0.146,18.0,0.149,2.73,icon_d2
2026-09-02,W1691,52.72568,11.0904,0.0,,16.3,17.9,0.146,18.0,0.149,2.67,icon_d2
2026-09-02,W0823,52.7167,11.1338,0.0,,16.4,17.9,0.146,18.0,0.149,2.69,icon_d2
2026-09-02,W1692,52.72568,11.14953,0.0,,16.4,17.8,0.161,18.0,0.119,2.69,icon_d2
2026-09-02,W0825,52.7347,10.1295,0.0,,15.7,16.2,0.185,16.6,0.099,2.48,icon_d2
2026-09-02,W0826,52.7347,10.1591,0.0,,15.6,16.2,0.185,16.6,0.099,2.4,icon_d2
2026-09-02,W0827,52.7347,10.1886,0.0,,15.7,16.2,0.185,16.6,0.099,2.44,icon_d2
2026-09-02,W0828,52.7347,10.2182,0.0,,15.6,16.0,0.176,16.4,0.073,2.48,icon_d2
2026-09-02,W0829,52.7347,10.2477,0.0,,15.6,16.3,0.186,16.6,0.084,2.43,icon_d2
2026-09-02,W0860,52.7527,10.2772,0.0,,15.3,16.3,0.186,16.6,0.084,2.33,icon_d2
2026-09-02,W0830,52.7347,10.3068,0.0,,15.3,16.3,0.186,16.6,0.084,2.3,icon_d2
2026-09-02,W0831,52.7347,10.3363,0.0,,15.4,16.3,0.186,16.6,0.084,2.3,icon_d2
2026-09-02,W0832,52.7347,10.3658,0.0,,15.4,16.1,0.169,16.3,0.063,2.3,icon_d2
2026-09-02,W0833,52.7347,10.3954,0.0,,15.4,16.1,0.169,16.3,0.063,2.3,icon_d2
2026-09-02,W0834,52.7347,10.4249,0.0,,15.3,16.4,0.174,16.6,0.071,2.35,icon_d2
2026-09-02,W0835,52.7347,10.4545,0.0,,15.5,16.4,0.174,16.6,0.071,2.36,icon_d2
2026-09-02,W0836,52.7347,10.484,0.0,,15.3,16.4,0.174,16.6,0.071,2.35,icon_d2
2026-09-02,W0837,52.7347,10.5135,0.0,,15.5,16.4,0.174,16.6,0.071,2.4,icon_d2
2026-09-02,W0838,52.7347,10.5431,0.0,,15.4,16.4,0.116,16.4,0.059,2.38,icon_d2
2026-09-02,W0839,52.7347,10.5726,0.1,,15.4,17.0,0.086,16.8,0.043,2.43,icon_d2
2026-09-02,W0840,52.7347,10.6021,0.1,,15.5,17.0,0.086,16.8,0.043,2.43,icon_d2
2026-09-02,W1694,52.74369,10.61737,0.1,,15.6,17.0,0.086,16.8,0.043,2.44,icon_d2
2026-09-02,W0841,52.7347,10.6612,0.4,,15.7,17.0,0.086,16.8,0.043,2.45,icon_d2
2026-09-02,W1695,52.74369,10.6765,0.4,,15.7,17.0,0.086,16.8,0.043,2.45,icon_d2
2026-09-02,W0872,52.7527,10.7203,0.4,,15.6,17.5,0.064,17.2,0.051,2.64,icon_d2
2026-09-02,W0873,52.7527,10.7498,0.4,,15.6,17.5,0.064,17.2,0.051,2.64,icon_d2
2026-09-02,W0874,52.7527,10.7794,0.2,,15.7,17.5,0.064,17.2,0.051,2.65,icon_d2
2026-09-02,W0842,52.7347,10.8089,0.3,,15.8,17.5,0.064,17.2,0.051,2.55,icon_d2
2026-09-02,W0843,52.7347,10.8384,0.2,,15.6,17.5,0.064,17.2,0.051,2.5,icon_d2
2026-09-02,W0844,52.7347,10.868,0.1,,15.4,17.1,0.188,17.2,0.119,2.54,icon_d2
2026-09-02,W0845,52.7347,10.8975,0.0,,16.1,17.1,0.188,17.2,0.119,2.59,icon_d2
2026-09-02,W0846,52.7347,10.9271,0.0,,16.2,17.9,0.137,18.0,0.129,2.66,icon_d2
2026-09-02,W0847,52.7347,10.9566,0.0,,16.2,17.9,0.137,18.0,0.129,2.64,icon_d2
2026-09-02,W0848,52.7347,10.9861,0.0,,16.0,17.9,0.137,18.0,0.129,2.49,icon_d2
2026-09-02,W0849,52.7347,11.0157,0.0,,16.3,17.9,0.137,18.0,0.129,2.55,icon_d2
2026-09-02,W0850,52.7347,11.0452,0.0,,16.3,17.9,0.146,18.0,0.149,2.55,icon_d2
2026-09-02,W0851,52.7347,11.0747,0.0,,16.7,17.9,0.146,18.0,0.149,2.75,icon_d2
2026-09-02,W0852,52.7347,11.1043,0.0,,16.4,17.8,0.161,18.0,0.119,2.72,icon_d2
2026-09-02,W0853,52.7347,11.1338,0.0,,16.3,17.8,0.161,18.0,0.119,2.75,icon_d2
2026-09-02,W1699,52.74369,11.14953,0.0,,16.3,17.8,0.161,18.0,0.119,2.75,icon_d2
2026-09-02,W0887,52.7707,10.1295,0.0,,15.3,16.2,0.185,16.6,0.099,2.38,icon_d2
2026-09-02,W0888,52.7707,10.1591,0.0,,15.7,16.2,0.185,16.6,0.099,2.41,icon_d2
2026-09-02,W0889,52.7707,10.1886,0.0,,15.4,16.2,0.185,16.6,0.099,2.45,icon_d2
2026-09-02,W0890,52.7707,10.2182,0.0,,15.5,16.3,0.186,16.6,0.084,2.45,icon_d2
2026-09-02,W0891,52.7707,10.2477,0.0,,15.5,16.3,0.186,16.6,0.084,2.43,icon_d2
2026-09-02,W0892,52.7707,10.2772,0.0,,15.5,16.3,0.186,16.6,0.084,2.35,icon_d2
2026-09-02,W0893,52.7707,10.3068,0.0,,15.4,16.3,0.186,16.6,0.084,2.34,icon_d2
2026-09-02,W0894,52.7707,10.3363,0.0,,15.4,16.3,0.186,16.6,0.084,2.33,icon_d2
2026-09-02,W0895,52.7707,10.3658,0.0,,15.4,16.4,0.174,16.6,0.071,2.35,icon_d2
2026-09-02,W0896,52.7707,10.3954,0.0,,15.5,16.4,0.174,16.6,0.071,2.36,icon_d2
2026-09-02,W0897,52.7707,10.4249,0.0,,15.5,16.4,0.174,16.6,0.071,2.36,icon_d2
2026-09-02,W0898,52.7707,10.4545,0.0,,15.6,16.4,0.174,16.6,0.071,2.4,icon_d2
2026-09-02,W0899,52.7707,10.484,0.0,,15.5,16.4,0.174,16.6,0.071,2.39,icon_d2
2026-09-02,W0900,52.7707,10.5135,0.0,,15.7,16.4,0.174,16.6,0.071,2.41,icon_d2
2026-09-02,W0901,52.7707,10.5431,0.1,,15.8,17.0,0.086,16.8,0.043,2.43,icon_d2
2026-09-02,W0902,52.7707,10.5726,0.0,,16.3,17.0,0.086,16.8,0.043,2.5,icon_d2
2026-09-02,W0903,52.7707,10.6021,0.1,,16.2,17.0,0.086,16.8,0.043,2.5,icon_d2
2026-09-02,W0904,52.7707,10.6317,0.1,,16.1,17.0,0.086,16.8,0.043,2.51,icon_d2
2026-09-02,W0905,52.7707,10.6612,0.2,,15.7,17.0,0.086,16.8,0.043,2.51,icon_d2
2026-09-02,W0906,52.7707,10.6908,0.4,,15.7,17.0,0.086,16.8,0.043,2.6,icon_d2
2026-09-02,W0907,52.7707,10.7203,0.4,,15.5,17.5,0.064,17.2,0.051,2.61,icon_d2
2026-09-02,W0908,52.7707,10.7498,0.4,,15.7,17.5,0.064,17.2,0.051,2.62,icon_d2
2026-09-02,W0909,52.7707,10.7794,0.3,,15.6,17.5,0.064,17.2,0.051,2.65,icon_d2
2026-09-02,W0910,52.7707,10.8089,0.1,,16.2,17.5,0.064,17.2,0.051,2.72,icon_d2
2026-09-02,W0911,52.7707,10.8384,0.1,,16.2,17.5,0.064,17.2,0.051,2.72,icon_d2
2026-09-02,W0912,52.7707,10.868,0.1,,16.2,17.5,0.064,17.2,0.051,2.6,icon_d2
2026-09-02,W0913,52.7707,10.8975,0.0,,16.3,17.9,0.137,18.0,0.129,2.58,icon_d2
2026-09-02,W0914,52.7707,10.9271,0.0,,16.4,17.9,0.137,18.0,0.129,2.59,icon_d2
2026-09-02,W0915,52.7707,10.9566,0.0,,16.3,17.9,0.137,18.0,0.129,2.64,icon_d2
2026-09-02,W0916,52.7707,10.9861,0.1,,16.3,17.9,0.137,18.0,0.129,2.63,icon_d2
2026-09-02,W0917,52.7707,11.0157,0.0,,16.5,17.9,0.137,18.0,0.129,2.53,icon_d2
2026-09-02,W0918,52.7707,11.0452,0.0,,16.3,17.8,0.161,18.0,0.119,2.57,icon_d2
2026-09-02,W1700,52.76171,11.06084,0.0,,16.3,17.8,0.161,18.0,0.119,2.58,icon_d2
2026-09-02,W1701,52.76171,11.0904,0.0,,16.4,17.8,0.161,18.0,0.119,2.72,icon_d2
2026-09-02,W1702,52.76171,11.11997,0.0,,16.4,17.8,0.161,18.0,0.119,2.72,icon_d2
2026-09-02,W1703,52.76171,11.14953,0.0,,16.2,17.8,0.161,18.0,0.119,2.77,icon_d2
2026-09-02,W0920,52.7887,10.1295,0.0,,15.3,16.2,0.185,16.6,0.099,2.38,icon_d2
2026-09-02,W0921,52.7887,10.1591,0.0,,15.7,16.2,0.165,16.6,0.07,2.41,icon_d2
2026-09-02,W0922,52.7887,10.1886,0.0,,15.3,16.2,0.165,16.6,0.07,2.44,icon_d2
2026-09-02,W0923,52.7887,10.2182,0.0,,15.4,16.3,0.186,16.6,0.084,2.44,icon_d2
2026-09-02,W0924,52.7887,10.2477,0.0,,15.4,16.3,0.186,16.6,0.084,2.42,icon_d2
2026-09-02,W0925,52.7887,10.2772,0.0,,15.4,16.3,0.186,16.6,0.084,2.34,icon_d2
2026-09-02,W0926,52.7887,10.3068,0.0,,15.4,16.3,0.186,16.6,0.084,2.34,icon_d2
2026-09-02,W0927,52.7887,10.3363,0.0,,15.3,16.2,0.181,16.3,0.08,2.32,icon_d2
2026-09-02,W0928,52.7887,10.3658,0.0,,15.3,16.2,0.181,16.3,0.08,2.35,icon_d2
2026-09-02,W0929,52.7887,10.3954,0.0,,15.5,16.4,0.174,16.6,0.071,2.36,icon_d2
2026-09-02,W0930,52.7887,10.4249,0.0,,15.5,16.4,0.174,16.6,0.071,2.36,icon_d2
2026-09-02,W0931,52.7887,10.4545,0.0,,15.5,16.4,0.174,16.6,0.071,2.39,icon_d2
2026-09-02,W0932,52.7887,10.484,0.0,,15.4,16.4,0.146,16.6,0.082,2.38,icon_d2
2026-09-02,W0933,52.7887,10.5135,0.0,,15.7,16.4,0.146,16.6,0.082,2.41,icon_d2
2026-09-02,W0934,52.7887,10.5431,0.1,,16.0,17.0,0.086,16.8,0.043,2.43,icon_d2
2026-09-02,W0935,52.7887,10.5726,0.0,,16.2,17.0,0.086,16.8,0.043,2.5,icon_d2
2026-09-02,W0936,52.7887,10.6021,0.1,,16.2,17.0,0.086,16.8,0.043,2.5,icon_d2
2026-09-02,W1704,52.77973,10.61737,0.1,,16.1,17.0,0.086,16.8,0.043,2.51,icon_d2
2026-09-02,W0937,52.7887,10.6612,0.2,,15.8,17.1,0.092,17.3,0.038,2.52,icon_d2
2026-09-02,W0938,52.7887,10.6908,0.4,,15.8,17.1,0.092,17.3,0.038,2.6,icon_d2
2026-09-02,W0939,52.7887,10.7203,0.4,,15.7,17.5,0.064,17.2,0.051,2.62,icon_d2
2026-09-02,W0940,52.7887,10.7498,0.4,,15.7,17.5,0.064,17.2,0.051,2.62,icon_d2
2026-09-02,W0941,52.7887,10.7794,0.3,,15.7,17.5,0.064,17.2,0.051,2.65,icon_d2
2026-09-02,W0942,52.7887,10.8089,0.1,,16.0,17.5,0.064,17.2,0.051,2.71,icon_d2
2026-09-02,W0943,52.7887,10.8384,0.1,,16.3,17.5,0.08,17.4,0.053,2.73,icon_d2
2026-09-02,W0944,52.7887,10.868,0.1,,16.4,17.5,0.08,17.4,0.053,2.61,icon_d2
2026-09-02,W0945,52.7887,10.8975,0.0,,16.5,17.9,0.137,18.0,0.129,2.59,icon_d2
2026-09-02,W0946,52.7887,10.9271,0.0,,16.2,17.9,0.137,18.0,0.129,2.58,icon_d2
2026-09-02,W0947,52.7887,10.9566,0.0,,16.2,17.9,0.137,18.0,0.129,2.63,icon_d2
2026-09-02,W1705,52.77973,10.97214,0.1,,16.5,17.9,0.137,18.0,0.129,2.64,icon_d2
2026-09-02,W0948,52.7887,11.0157,0.0,,16.5,18.2,0.14,18.2,0.132,2.53,icon_d2
2026-09-02,W0949,52.7887,11.0452,0.0,,16.5,18.2,0.14,18.2,0.132,2.58,icon_d2
2026-09-02,W0950,52.7887,11.0747,0.0,,16.5,17.8,0.161,18.0,0.119,2.64,icon_d2
2026-09-02,W0951,52.7887,11.1043,0.0,,16.4,17.8,0.161,18.0,0.119,2.56,icon_d2
2026-09-02,W0952,52.7887,11.1338,0.0,,16.4,17.8,0.161,18.0,0.119,2.75,icon_d2
2026-09-02,W1706,52.77973,11.14953,0.0,,16.4,17.8,0.161,18.0,0.119,2.75,icon_d2
2026-09-02,W1707,52.79775,10.11478,0.0,,15.7,16.2,0.165,16.6,0.07,2.42,icon_d2
2026-09-02,W1771,52.79775,10.14435,0.0,,15.5,16.2,0.165,16.6,0.07,2.41,icon_d2
2026-09-02,W1772,52.79775,10.17391,0.0,,15.4,16.2,0.165,16.6,0.07,2.43,icon_d2
2026-09-02,W1773,52.79775,10.20347,0.0,,15.3,16.2,0.165,16.6,0.07,2.45,icon_d2
2026-09-02,W1774,52.79775,10.23304,0.0,,15.4,16.3,0.186,16.6,0.084,2.45,icon_d2
2026-09-02,W1775,52.79775,10.2626,0.0,,15.5,16.3,0.186,16.6,0.084,2.46,icon_d2
2026-09-02,W1776,52.79775,10.29217,0.0,,15.9,16.2,0.181,16.3,0.08,2.52,icon_d2
2026-09-02,W1777,52.79775,10.32173,0.0,,15.5,16.2,0.181,16.3,0.08,2.44,icon_d2
2026-09-02,W1778,52.79775,10.3513,0.0,,15.2,16.2,0.181,16.3,0.08,2.43,icon_d2
2026-09-02,W1779,52.79775,10.38086,0.0,,15.6,16.4,0.174,16.6,0.071,2.44,icon_d2
2026-09-02,W1780,52.79775,10.41042,0.0,,15.4,16.4,0.174,16.6,0.071,2.39,icon_d2
2026-09-02,W1781,52.79775,10.43999,0.0,,15.5,16.4,0.174,16.6,0.071,2.42,icon_d2
2026-09-02,W1782,52.79775,10.46955,0.0,,15.4,16.4,0.146,16.6,0.082,2.38,icon_d2
2026-09-02,W1708,52.79775,10.49912,0.0,,15.4,16.4,0.146,16.6,0.082,2.44,icon_d2
2026-09-02,W1709,52.79775,10.52868,0.0,,16.0,16.4,0.146,16.6,0.082,2.45,icon_d2
2026-09-02,W1710,52.79775,10.55825,0.0,,16.0,17.0,0.086,16.8,0.043,2.51,icon_d2
2026-09-02,W1711,52.79775,10.58781,0.0,,16.3,17.0,0.086,16.8,0.043,2.5,icon_d2
2026-09-02,W1712,52.79775,10.61737,0.1,,16.1,17.1,0.092,17.3,0.038,2.55,icon_d2
2026-09-02,W1713,52.79775,10.64694,0.1,,16.1,17.1,0.092,17.3,0.038,2.55,icon_d2
2026-09-02,W1714,52.79775,10.6765,0.1,,15.9,17.1,0.092,17.3,0.038,2.62,icon_d2
2026-09-02,W1715,52.79775,10.70607,0.2,,15.8,17.1,0.092,17.3,0.038,2.61,icon_d2
2026-09-02,W1716,52.79775,10.73563,0.1,,15.9,17.5,0.064,17.2,0.051,2.59,icon_d2
2026-09-02,W1717,52.79775,10.76519,0.1,,15.9,17.5,0.064,17.2,0.051,2.59,icon_d2
2026-09-02,W1783,52.79775,10.79476,0.1,,16.0,17.5,0.08,17.4,0.053,2.62,icon_d2
2026-09-02,W1718,52.79775,10.82432,0.1,,16.1,17.5,0.08,17.4,0.053,2.63,icon_d2
2026-09-02,W1719,52.79775,10.85389,0.1,,16.1,17.5,0.08,17.4,0.053,2.72,icon_d2
2026-09-02,W1720,52.79775,10.88345,0.0,,16.1,17.9,0.137,18.0,0.129,2.74,icon_d2
2026-09-02,W1721,52.79775,10.91302,0.0,,16.1,17.9,0.137,18.0,0.129,2.8,icon_d2
2026-09-02,W1722,52.79775,10.94258,0.0,,16.2,17.9,0.137,18.0,0.129,2.77,icon_d2
2026-09-02,W1723,52.79775,10.97214,0.0,,16.1,18.2,0.14,18.2,0.132,2.78,icon_d2
2026-09-02,W1724,52.79775,11.00171,0.0,,16.1,18.2,0.14,18.2,0.132,2.73,icon_d2
2026-09-02,W1725,52.79775,11.03127,0.0,,16.5,18.2,0.14,18.2,0.132,2.63,icon_d2
2026-09-02,W1726,52.79775,11.06084,0.0,,16.3,17.8,0.161,18.0,0.119,2.64,icon_d2
2026-09-02,W1727,52.79775,11.0904,0.0,,16.6,17.8,0.161,18.0,0.119,2.65,icon_d2
2026-09-02,W1728,52.79775,11.11997,0.0,,16.6,17.8,0.161,18.0,0.119,2.65,icon_d2
2026-09-02,W1729,52.79775,11.14953,0.0,,16.7,18.5,0.123,18.6,0.131,2.65,icon_d2
2026-09-02,W0954,52.8068,10.1295,0.0,,15.6,16.2,0.165,16.6,0.07,2.42,icon_d2
2026-09-02,W0955,52.8068,10.1591,0.0,,15.4,16.2,0.165,16.6,0.07,2.43,icon_d2
2026-09-02,W0956,52.8068,10.1886,0.0,,15.5,16.2,0.165,16.6,0.07,2.43,icon_d2
2026-09-02,W0957,52.8068,10.2182,0.0,,15.5,16.3,0.186,16.6,0.084,2.46,icon_d2
2026-09-02,W0958,52.8068,10.2477,0.0,,15.4,16.2,0.181,16.3,0.08,2.45,icon_d2
2026-09-02,W0959,52.8068,10.2772,0.0,,15.5,16.2,0.181,16.3,0.08,2.47,icon_d2
2026-09-02,W0960,52.8068,10.3068,0.0,,15.7,16.2,0.181,16.3,0.08,2.51,icon_d2
2026-09-02,W0961,52.8068,10.3363,0.0,,15.4,16.2,0.181,16.3,0.08,2.45,icon_d2
2026-09-02,W0962,52.8068,10.3658,0.0,,15.2,16.2,0.181,16.3,0.08,2.43,icon_d2
2026-09-02,W0963,52.8068,10.3954,0.0,,15.4,16.4,0.174,16.6,0.071,2.43,icon_d2
2026-09-02,W0964,52.8068,10.4249,0.0,,15.4,16.4,0.146,16.6,0.082,2.39,icon_d2
2026-09-02,W0965,52.8068,10.4545,0.0,,15.4,16.4,0.146,16.6,0.082,2.38,icon_d2
2026-09-02,W0966,52.8068,10.484,0.0,,15.3,16.4,0.146,16.6,0.082,2.44,icon_d2
2026-09-02,W0967,52.8068,10.5135,0.0,,16.1,16.4,0.146,16.6,0.082,2.45,icon_d2
2026-09-02,W0968,52.8068,10.5431,0.0,,16.2,16.4,0.146,16.6,0.082,2.53,icon_d2
2026-09-02,W0969,52.8068,10.5726,0.0,,16.4,17.0,0.086,16.8,0.043,2.51,icon_d2
2026-09-02,W0970,52.8068,10.6021,0.0,,16.3,17.1,0.092,17.3,0.038,2.5,icon_d2
2026-09-02,W0971,52.8068,10.6317,0.1,,16.0,17.1,0.092,17.3,0.038,2.54,icon_d2
2026-09-02,W0972,52.8068,10.6612,0.1,,15.9,17.1,0.092,17.3,0.038,2.59,icon_d2
2026-09-02,W0973,52.8068,10.6908,0.2,,15.8,17.1,0.092,17.3,0.038,2.61,icon_d2
2026-09-02,W0974,52.8068,10.7203,0.2,,15.7,17.5,0.064,17.2,0.051,2.61,icon_d2
2026-09-02,W0975,52.8068,10.7498,0.1,,15.8,17.5,0.064,17.2,0.051,2.58,icon_d2
2026-09-02,W0976,52.8068,10.7794,0.1,,15.9,17.5,0.08,17.4,0.053,2.6,icon_d2
2026-09-02,W0977,52.8068,10.8089,0.1,,15.9,17.5,0.08,17.4,0.053,2.62,icon_d2
2026-09-02,W1730,52.81577,10.82432,0.1,,16.0,17.5,0.08,17.4,0.053,2.65,icon_d2
2026-09-02,W0978,52.8068,10.868,0.1,,16.0,17.5,0.08,17.4,0.053,2.71,icon_d2
2026-09-02,W0979,52.8068,10.8975,0.0,,16.1,17.9,0.137,18.0,0.129,2.74,icon_d2
2026-09-02,W1731,52.81577,10.91302,0.0,,16.4,18.2,0.14,18.2,0.132,2.83,icon_d2
2026-09-02,W0980,52.8068,10.9566,0.0,,16.3,18.2,0.14,18.2,0.132,2.77,icon_d2
2026-09-02,W1732,52.81577,10.97214,0.1,,16.2,18.2,0.14,18.2,0.132,2.83,icon_d2
2026-09-02,W1733,52.81577,11.00171,0.0,,16.2,18.2,0.14,18.2,0.132,2.81,icon_d2
2026-09-02,W0981,52.8068,11.0452,0.0,,16.5,18.2,0.14,18.2,0.132,2.62,icon_d2
2026-09-02,W0982,52.8068,11.0747,0.0,,16.4,17.8,0.161,18.0,0.119,2.65,icon_d2
2026-09-02,W0983,52.8068,11.1043,0.0,,16.4,18.5,0.123,18.6,0.131,2.63,icon_d2
2026-09-02,W0984,52.8068,11.1338,0.0,,16.6,18.5,0.123,18.6,0.131,2.65,icon_d2
2026-09-02,W1734,52.81577,11.14953,0.1,,16.7,18.5,0.123,18.6,0.131,2.75,icon_d2
2026-09-02,W0986,52.8248,10.1295,0.0,,15.5,16.2,0.165,16.6,0.07,2.44,icon_d2
2026-09-02,W0987,52.8248,10.1591,0.1,,15.5,16.2,0.165,16.6,0.07,2.43,icon_d2
2026-09-02,W0988,52.8248,10.1886,0.0,,15.3,16.2,0.165,16.6,0.07,2.42,icon_d2
2026-09-02,W0989,52.8248,10.2182,0.0,,15.5,16.2,0.181,16.3,0.08,2.41,icon_d2
2026-09-02,W0990,52.8248,10.2477,0.0,,15.4,16.2,0.181,16.3,0.08,2.45,icon_d2
2026-09-02,W0991,52.8248,10.2772,0.1,,15.5,16.2,0.181,16.3,0.08,2.47,icon_d2
2026-09-02,W0992,52.8248,10.3068,0.1,,15.6,16.2,0.181,16.3,0.08,2.47,icon_d2
2026-09-02,W0993,52.8248,10.3363,0.1,,15.4,16.2,0.181,16.3,0.08,2.46,icon_d2
2026-09-02,W0994,52.8248,10.3658,0.1,,15.3,16.2,0.181,16.3,0.08,2.46,icon_d2
2026-09-02,W0995,52.8248,10.3954,0.0,,15.5,16.4,0.146,16.6,0.082,2.43,icon_d2
2026-09-02,W0996,52.8248,10.4249,0.0,,15.4,16.4,0.146,16.6,0.082,2.43,icon_d2
2026-09-02,W0997,52.8248,10.4545,0.0,,15.3,16.4,0.146,16.6,0.082,2.44,icon_d2
2026-09-02,W0998,52.8248,10.484,0.0,,15.3,16.4,0.146,16.6,0.082,2.44,icon_d2
2026-09-02,W0999,52.8248,10.5135,0.0,,15.7,16.4,0.146,16.6,0.082,2.5,icon_d2
2026-09-02,W1000,52.8248,10.5431,0.0,,16.1,16.4,0.146,16.6,0.082,2.52,icon_d2
2026-09-02,W1001,52.8248,10.5726,0.0,,16.0,17.1,0.092,17.3,0.038,2.51,icon_d2
2026-09-02,W1002,52.8248,10.6021,0.0,,16.2,17.1,0.092,17.3,0.038,2.5,icon_d2
2026-09-02,W1003,52.8248,10.6317,0.0,,16.1,17.1,0.092,17.3,0.038,2.58,icon_d2
2026-09-02,W1735,52.83378,10.64694,0.0,,16.1,17.1,0.092,17.3,0.038,2.58,icon_d2
2026-09-02,W1736,52.83378,10.6765,0.0,,15.9,17.1,0.092,17.3,0.038,2.6,icon_d2
2026-09-02,W1004,52.8248,10.7203,0.1,,15.8,17.1,0.092,17.3,0.038,2.52,icon_d2
2026-09-02,W1005,52.8248,10.7498,0.1,,15.8,17.5,0.08,17.4,0.053,2.51,icon_d2
2026-09-02,W1006,52.8248,10.7794,0.1,,15.8,17.5,0.08,17.4,0.053,2.61,icon_d2
2026-09-02,W1007,52.8248,10.8089,0.1,,15.8,17.5,0.08,17.4,0.053,2.61,icon_d2
2026-09-02,W1737,52.83378,10.82432,0.0,,16.4,17.5,0.08,17.4,0.053,2.61,icon_d2
2026-09-02,W1008,52.8248,10.868,0.1,,16.1,17.5,0.08,17.4,0.053,2.72,icon_d2
2026-09-02,W1009,52.8248,10.8975,0.0,,15.9,18.2,0.14,18.2,0.132,2.74,icon_d2
2026-09-02,W1010,52.8248,10.9271,0.0,,16.3,18.2,0.14,18.2,0.132,2.82,icon_d2
2026-09-02,W1011,52.8248,10.9566,0.1,,16.1,18.2,0.14,18.2,0.132,2.82,icon_d2
2026-09-02,W1012,52.8248,10.9861,0.1,,16.2,18.2,0.14,18.2,0.132,2.83,icon_d2
2026-09-02,W1738,52.83378,11.00171,0.0,,16.1,18.2,0.14,18.2,0.132,2.73,icon_d2
2026-09-02,W1013,52.8248,11.0452,0.0,,16.0,18.2,0.14,18.2,0.132,2.77,icon_d2
2026-09-02,W1739,52.83378,11.06084,0.0,,16.3,18.5,0.123,18.6,0.131,2.77,icon_d2
2026-09-02,W1014,52.8248,11.1043,0.0,,16.3,18.5,0.123,18.6,0.131,2.79,icon_d2
2026-09-02,W1015,52.8248,11.1338,0.1,,16.8,18.5,0.123,18.6,0.131,2.76,icon_d2
2026-09-02,W1740,52.83378,11.14953,0.0,,16.2,18.5,0.123,18.6,0.131,2.85,icon_d2
2026-09-02,W1017,52.8428,10.1295,0.0,,15.4,16.2,0.165,16.6,0.07,2.45,icon_d2
2026-09-02,W1018,52.8428,10.1591,0.0,,15.5,16.2,0.165,16.6,0.07,2.43,icon_d2
2026-09-02,W1019,52.8428,10.1886,0.0,,15.5,16.2,0.165,16.6,0.07,2.33,icon_d2
2026-09-02,W1020,52.8428,10.2182,0.0,,15.5,16.2,0.181,16.3,0.08,2.34,icon_d2
2026-09-02,W1021,52.8428,10.2477,0.0,,15.4,16.2,0.181,16.3,0.08,2.34,icon_d2
2026-09-02,W1022,52.8428,10.2772,0.0,,15.6,16.2,0.181,16.3,0.08,2.44,icon_d2
2026-09-02,W1023,52.8428,10.3068,0.0,,15.7,16.2,0.181,16.3,0.08,2.44,icon_d2
2026-09-02,W1024,52.8428,10.3363,0.0,,15.6,16.2,0.181,16.3,0.08,2.41,icon_d2
2026-09-02,W1025,52.8428,10.3658,0.0,,15.6,16.2,0.181,16.3,0.08,2.45,icon_d2
2026-09-02,W1026,52.8428,10.3954,0.0,,15.6,16.4,0.146,16.6,0.082,2.5,icon_d2
2026-09-02,W1027,52.8428,10.4249,0.0,,15.7,16.4,0.146,16.6,0.082,2.49,icon_d2
2026-09-02,W1028,52.8428,10.4545,0.0,,15.9,16.4,0.146,16.6,0.082,2.51,icon_d2
2026-09-02,W1029,52.8428,10.484,0.0,,15.9,16.4,0.146,16.6,0.082,2.51,icon_d2
2026-09-02,W1030,52.8428,10.5135,0.0,,15.9,16.4,0.146,16.6,0.082,2.52,icon_d2
2026-09-02,W1031,52.8428,10.5431,0.0,,16.2,16.4,0.146,16.6,0.082,2.57,icon_d2
2026-09-02,W1032,52.8428,10.5726,0.0,,16.0,17.1,0.092,17.3,0.038,2.5,icon_d2
2026-09-02,W1033,52.8428,10.6021,0.0,,16.0,17.1,0.092,17.3,0.038,2.5,icon_d2
2026-09-02,W1034,52.8428,10.6317,0.0,,15.9,17.1,0.092,17.3,0.038,2.57,icon_d2
2026-09-02,W1035,52.8428,10.6612,0.0,,16.3,17.1,0.092,17.3,0.038,2.58,icon_d2
2026-09-02,W1036,52.8428,10.7203,0.0,,15.8,17.1,0.092,17.3,0.038,2.6,icon_d2
2026-09-02,W1037,52.8428,10.7498,0.0,,15.8,17.5,0.08,17.4,0.053,2.53,icon_d2
2026-09-02,W1038,52.8428,10.7794,0.0,,15.8,17.5,0.08,17.4,0.053,2.53,icon_d2
2026-09-02,W1039,52.8428,10.8089,0.0,,15.6,17.5,0.08,17.4,0.053,2.52,icon_d2
2026-09-02,W1040,52.8428,10.8384,0.0,,16.3,17.5,0.08,17.4,0.053,2.7,icon_d2
2026-09-02,W1041,52.8428,10.868,0.0,,16.5,17.5,0.08,17.4,0.053,2.75,icon_d2
2026-09-02,W1042,52.8428,10.8975,0.0,,16.1,18.2,0.14,18.2,0.132,2.8,icon_d2
2026-09-02,W1043,52.8428,10.9271,0.0,,16.1,18.2,0.14,18.2,0.132,2.8,icon_d2
2026-09-02,W1044,52.8428,10.9566,0.1,,16.5,18.2,0.14,18.2,0.132,2.86,icon_d2
2026-09-02,W1045,52.8428,10.9861,0.0,,16.4,18.2,0.14,18.2,0.132,2.84,icon_d2
2026-09-02,W1741,52.8428,11.0747,0.1,,16.7,18.5,0.123,18.6,0.131,2.86,icon_d2
2026-09-02,W1784,52.8518,10.6765,0.0,,16.2,17.1,0.092,17.3,0.038,2.64,icon_d2
2026-09-02,W1785,52.8518,11.00171,0.0,,16.3,18.2,0.14,18.2,0.132,2.78,icon_d2
2026-09-02,W1786,52.8518,11.03127,0.0,,16.1,17.6,0.098,17.8,0.055,2.74,icon_d2
2026-09-02,W1787,52.8518,11.0904,0.0,,16.8,18.5,0.123,18.6,0.131,2.89,icon_d2
2026-09-02,W1788,52.8518,11.11997,0.0,,16.7,18.5,0.123,18.6,0.131,2.87,icon_d2
2026-09-02,W1789,52.8518,11.14953,0.0,,16.8,18.5,0.123,18.6,0.131,2.88,icon_d2
2026-09-02,W1790,52.59955,10.73563,0.0,,15.9,16.5,0.157,16.8,0.08,2.45,icon_d2
2026-09-02,W1791,52.61757,10.88345,0.0,,16.0,16.7,0.209,16.9,0.164,2.61,icon_d2
2026-09-02,W1792,52.61757,10.91302,0.0,,16.0,16.7,0.209,16.9,0.164,2.67,icon_d2
2026-09-02,W1793,52.61757,11.14953,0.0,,16.6,17.1,0.202,17.3,0.148,2.65,icon_d2
2026-09-02,W1794,52.63559,10.29217,0.0,,15.8,16.1,0.163,16.7,0.054,2.54,icon_d2
2026-09-02,W1795,52.63559,10.32173,0.0,,15.7,16.0,0.176,16.4,0.073,2.5,icon_d2
2026-09-02,W1796,52.63559,10.52868,0.0,,15.7,16.0,0.149,16.5,0.05,2.52,icon_d2
2026-09-02,W1797,52.63559,10.88345,0.0,,16.1,16.7,0.209,16.9,0.164,2.6,icon_d2
2026-09-02,W1798,52.63559,10.91302,0.0,,16.0,16.7,0.209,16.9,0.164,2.62,icon_d2
2026-09-02,W1799,52.63559,11.06084,0.0,,16.4,17.1,0.202,17.3,0.148,2.58,icon_d2
2026-09-02,W1800,52.63559,11.14953,0.0,,16.6,17.1,0.202,17.3,0.148,2.67,icon_d2
2026-09-02,W1801,52.6536,10.23304,0.0,,15.7,16.1,0.163,16.7,0.054,2.46,icon_d2
2026-09-02,W0294,52.3563,10.8384,0.0,,16.1,17.0,0.179,17.5,0.146,2.45,icon_d2
2026-09-02,W0272,52.3383,10.868,0.0,,16.0,17.0,0.179,17.5,0.146,2.44,icon_d2
2026-09-02,W0273,52.3383,10.8975,0.0,,16.1,17.0,0.179,17.5,0.146,2.41,icon_d2
2026-09-02,W0274,52.3383,10.9271,0.0,,16.2,17.2,0.161,17.6,0.149,2.42,icon_d2
2026-09-02,W0275,52.3383,10.9566,0.0,,16.3,17.2,0.161,17.6,0.149,2.43,icon_d2
2026-09-02,W0276,52.3383,10.9861,0.0,,16.2,17.2,0.161,17.6,0.149,2.43,icon_d2
2026-09-02,W0297,52.3563,11.0157,0.0,,16.3,17.2,0.161,17.6,0.149,2.5,icon_d2
2026-09-02,W0298,52.3563,11.0452,0.0,,16.3,17.2,0.161,17.6,0.149,2.5,icon_d2
2026-09-02,W0299,52.3563,11.0747,0.0,,16.2,17.7,0.14,18.1,0.139,2.44,icon_d2
2026-09-02,W0277,52.3383,11.1043,0.0,,16.2,17.6,0.155,18.1,0.15,2.42,icon_d2
2026-09-02,W0278,52.3383,11.1338,0.0,,16.3,17.6,0.155,18.1,0.15,2.48,icon_d2
2026-09-02,W1386,52.3473,11.14953,0.0,,16.1,17.6,0.155,18.1,0.15,2.47,icon_d2
2026-09-02,W0302,52.3743,10.1,0.0,,16.4,17.7,0.153,18.2,0.146,2.57,icon_d2
2026-09-02,W1387,52.36532,10.14435,0.0,,16.6,17.7,0.153,18.2,0.146,2.68,icon_d2
2026-09-02,W0303,52.3743,10.1886,0.0,,16.3,17.6,0.152,17.8,0.151,2.66,icon_d2
2026-09-02,W1388,52.36532,10.20347,0.0,,16.4,17.6,0.152,17.8,0.151,2.68,icon_d2
2026-09-02,W1389,52.36532,10.23304,0.0,,16.7,17.6,0.152,17.8,0.151,2.74,icon_d2
2026-09-02,W1390,52.36532,10.2626,0.0,,16.5,17.4,0.185,17.8,0.163,2.71,icon_d2
2026-09-02,W0304,52.3743,10.3068,0.0,,16.4,17.4,0.185,17.8,0.163,2.64,icon_d2
2026-09-02,W0305,52.3743,10.3363,0.0,,16.3,17.4,0.185,17.8,0.163,2.55,icon_d2
2026-09-02,W0306,52.3743,10.3658,0.0,,16.5,16.9,0.181,17.1,0.172,2.56,icon_d2
2026-09-02,W0307,52.3743,10.3954,0.0,,16.4,16.9,0.181,17.1,0.172,2.63,icon_d2
2026-09-02,W0308,52.3743,10.4249,0.0,,16.3,16.9,0.181,17.1,0.172,2.58,icon_d2
2026-09-02,W1391,52.36532,10.43999,0.0,,16.3,17.7,0.17,18.4,0.143,2.58,icon_d2
2026-09-02,W1392,52.36532,10.46955,0.0,,16.3,17.7,0.17,18.4,0.143,2.49,icon_d2
2026-09-02,W0309,52.3743,10.5135,0.0,,16.4,17.1,0.168,17.5,0.149,2.57,icon_d2
2026-09-02,W1393,52.36532,10.52868,0.0,,16.3,17.7,0.17,18.4,0.143,2.53,icon_d2
2026-09-02,W0310,52.3743,10.5726,0.0,,16.2,17.1,0.168,17.5,0.149,2.51,icon_d2
2026-09-02,W1394,52.36532,10.58781,0.0,,16.3,17.1,0.168,17.5,0.149,2.49,icon_d2
2026-09-02,W1395,52.36532,10.61737,0.0,,16.1,16.9,0.196,17.4,0.148,2.43,icon_d2
2026-09-02,W0311,52.3743,10.6612,0.0,,16.1,16.9,0.196,17.4,0.148,2.45,icon_d2
2026-09-02,W0312,52.3743,10.6908,0.0,,16.3,17.7,0.123,18.1,0.15,2.39,icon_d2
2026-09-02,W0313,52.3743,10.7203,0.0,,16.1,17.7,0.123,18.1,0.15,2.38,icon_d2
2026-09-02,W0314,52.3743,10.7498,0.0,,16.0,17.7,0.123,18.1,0.15,2.41,icon_d2
2026-09-02,W0315,52.3743,10.7794,0.0,,16.0,17.0,0.179,17.5,0.146,2.4,icon_d2
2026-09-02,W0316,52.3743,10.8089,0.0,,16.0,17.0,0.179,17.5,0.146,2.4,icon_d2
2026-09-02,W0317,52.3743,10.8384,0.0,,16.2,17.7,0.132,18.3,0.148,2.47,icon_d2
2026-09-02,W0318,52.3743,10.868,0.0,,16.0,17.7,0.132,18.3,0.148,2.47,icon_d2
2026-09-02,W0319,52.3743,10.8975,0.0,,16.5,17.7,0.132,18.3,0.148,2.54,icon_d2
2026-09-02,W1396,52.36532,10.91302,0.0,,16.3,17.7,0.132,18.3,0.148,2.49,icon_d2
2026-09-02,W1397,52.36532,10.94258,0.0,,16.4,17.2,0.161,17.6,0.149,2.51,icon_d2
2026-09-02,W0320,52.3743,10.9861,0.0,,16.4,17.2,0.161,17.6,0.149,2.56,icon_d2
2026-09-02,W0321,52.3743,11.0157,0.0,,16.4,17.7,0.14,18.1,0.139,2.51,icon_d2
2026-09-02,W0322,52.3743,11.0452,0.0,,16.3,17.7,0.14,18.1,0.139,2.5,icon_d2
2026-09-02,W0323,52.3743,11.0747,0.0,,16.2,17.7,0.14,18.1,0.139,2.49,icon_d2
2026-09-02,W1607,52.36532,11.0904,0.0,,16.4,17.6,0.155,18.1,0.15,2.5,icon_d2
2026-09-02,W1398,52.36532,11.11997,0.0,,16.6,17.6,0.155,18.1,0.15,2.51,icon_d2
2026-09-02,W1399,52.36532,11.14953,0.0,,16.5,17.6,0.155,18.1,0.15,2.51,icon_d2
2026-09-02,W1400,52.38333,10.11478,0.0,,16.3,17.7,0.153,18.2,0.146,2.61,icon_d2
2026-09-02,W1401,52.38333,10.14435,0.0,,16.3,17.6,0.152,17.8,0.151,2.61,icon_d2
2026-09-03,W0013,52.068,10.1295,0.1,,17.1,17.3,0.179,16.9,0.157,1.91,icon_d2
2026-09-03,W0014,52.068,10.1591,0.0,,17.3,17.3,0.179,16.9,0.157,1.98,icon_d2
2026-09-03,W0015,52.068,10.1886,0.1,,17.6,17.6,0.19,17.2,0.151,2.05,icon_d2
2026-09-03,W0016,52.068,10.2182,0.0,,17.1,17.6,0.19,17.2,0.151,2.11,icon_d2
2026-09-03,W0005,52.05,10.2477,0.0,,17.6,17.6,0.19,17.2,0.151,2.2,icon_d2
2026-09-03,W1046,52.05901,10.2626,0.0,,17.8,17.6,0.19,17.2,0.151,2.26,icon_d2
2026-09-03,W1047,52.05901,10.29217,0.0,,17.5,17.6,0.19,17.2,0.151,2.19,icon_d2
2026-09-03,W0017,52.068,10.3363,0.2,,17.2,17.6,0.19,17.2,0.151,2.01,icon_d2
2026-09-03,W0018,52.068,10.3658,0.0,,17.5,17.4,0.172,16.9,0.159,2.2,icon_d2
2026-09-03,W0019,52.068,10.3954,0.0,,17.9,18.0,0.172,17.5,0.159,2.32,icon_d2
2026-09-03,W0020,52.068,10.4249,0.0,,18.0,18.0,0.172,17.5,0.159,2.31,icon_d2
2026-09-03,W1048,52.05901,10.43999,0.0,,18.2,18.0,0.172,17.5,0.159,2.32,icon_d2
2026-09-03,W1049,52.05901,10.46955,0.0,,17.9,18.0,0.172,17.5,0.159,2.24,icon_d2
2026-09-03,W0021,52.068,10.5135,0.0,,17.6,18.3,0.164,17.8,0.166,2.28,icon_d2
2026-09-03,W0022,52.068,10.5431,0.0,,17.8,18.3,0.164,17.8,0.166,2.31,icon_d2
2026-09-03,W1050,52.05901,10.55825,0.0,,18.2,18.3,0.164,17.8,0.166,2.34,icon_d2
2026-09-03,W1051,52.05901,10.58781,0.0,,17.9,18.3,0.164,17.8,0.166,2.2,icon_d2
2026-09-03,W0010,52.05,10.6317,0.1,,18.1,18.3,0.164,17.8,0.166,2.42,icon_d2
2026-09-03,W1053,52.05901,10.64694,0.0,,17.9,18.3,0.164,17.8,0.166,2.24,icon_d2
2026-09-03,W1054,52.05901,10.6765,0.0,,18.1,17.6,0.208,17.2,0.19,2.39,icon_d2
2026-09-03,W1055,52.05901,10.70607,0.2,,18.0,17.6,0.208,17.2,0.19,2.29,icon_d2
2026-09-03,W1056,52.05901,10.73563,0.1,,18.0,17.6,0.208,17.2,0.19,2.32,icon_d2
2026-09-03,W1057,52.05901,10.76519,0.2,,18.1,17.6,0.208,17.2,0.19,2.22,icon_d2
2026-09-03,W0011,52.05,10.8089,0.2,,18.6,17.6,0.208,17.2,0.19,2.42,icon_d2
2026-09-03,W1059,52.05901,10.82432,0.3,,18.1,17.6,0.208,17.2,0.19,2.15,icon_d2
2026-09-03,W1060,52.05901,10.85389,0.2,,18.1,17.4,0.205,17.1,0.198,2.13,icon_d2
2026-09-03,W1061,52.05901,10.88345,0.3,,18.2,17.4,0.205,17.1,0.198,2.22,icon_d2
2026-09-03,W1062,52.05901,10.91302,0.2,,18.3,17.4,0.205,17.1,0.198,2.36,icon_d2
2026-09-03,W1063,52.05901,10.94258,0.1,,18.2,17.4,0.205,17.1,0.198,2.35,icon_d2
2026-09-03,W1064,52.05901,10.97214,0.1,,18.1,17.4,0.205,17.1,0.198,2.35,icon_d2
2026-09-03,W1065,52.05901,11.00171,0.1,,18.0,17.4,0.205,17.1,0.198,2.35,icon_d2
2026-09-03,W1066,52.05901,11.03127,0.1,,17.9,17.7,0.172,17.5,0.179,2.32,icon_d2
2026-09-03,W1067,52.05901,11.06084,0.0,,17.9,17.7,0.172,17.5,0.179,2.32,icon_d2
2026-09-03,W1068,52.05901,11.0904,0.0,,17.7,17.7,0.172,17.5,0.179,2.33,icon_d2
2026-09-03,W1069,52.05901,11.11997,0.0,,17.7,17.7,0.172,17.5,0.179,2.27,icon_d2
2026-09-03,W1070,52.05901,11.14953,0.0,,17.6,17.7,0.172,17.5,0.179,2.27,icon_d2
2026-09-03,W0024,52.086,10.1295,0.1,,17.1,17.7,0.194,17.4,0.157,2.0,icon_d2
2026-09-03,W1071,52.07703,10.14435,0.0,,17.5,17.3,0.179,16.9,0.157,2.07,icon_d2
2026-09-03,W0025,52.086,10.1886,0.0,,17.6,17.6,0.19,17.2,0.151,2.12,icon_d2
2026-09-03,W0026,52.086,10.2182,0.1,,17.7,17.6,0.19,17.2,0.151,2.06,icon_d2
2026-09-03,W1072,52.07703,10.23304,0.0,,17.6,17.6,0.19,17.2,0.151,2.1,icon_d2
2026-09-03,W1073,52.07703,10.2626,0.0,,17.6,17.6,0.19,17.2,0.151,2.06,icon_d2
2026-09-03,W1575,52.07703,10.29217,0.0,,17.6,17.6,0.19,17.2,0.151,2.09,icon_d2
2026-09-03,W0027,52.086,10.3363,0.0,,17.1,18.0,0.162,17.7,0.149,1.99,icon_d2
2026-09-03,W0028,52.086,10.3658,0.1,,17.1,17.4,0.172,16.9,0.159,2.01,icon_d2
2026-09-03,W0029,52.086,10.3954,0.0,,18.1,18.0,0.172,17.5,0.159,2.34,icon_d2
2026-09-03,W1074,52.07703,10.41042,0.0,,18.1,18.0,0.172,17.5,0.159,2.33,icon_d2
2026-09-03,W1075,52.07703,10.43999,0.0,,17.9,18.0,0.172,17.5,0.159,2.2,icon_d2
2026-09-03,W1076,52.07703,10.46955,0.0,,17.9,18.0,0.172,17.5,0.159,2.2,icon_d2
2026-09-03,W0030,52.086,10.5135,0.0,,17.5,17.5,0.164,17.1,0.151,2.17,icon_d2
2026-09-03,W0031,52.086,10.5431,0.1,,18.0,18.3,0.164,17.8,0.166,2.31,icon_d2
2026-09-03,W0032,52.086,10.5726,0.0,,18.1,18.3,0.164,17.8,0.166,2.33,icon_d2
2026-09-03,W1077,52.07703,10.58781,0.0,,17.9,18.3,0.164,17.8,0.166,2.31,icon_d2
2026-09-03,W1576,52.07703,10.61737,0.0,,17.9,18.3,0.164,17.8,0.166,2.17,icon_d2
2026-09-03,W1078,52.07703,10.64694,0.0,,18.0,18.3,0.164,17.8,0.166,2.17,icon_d2
2026-09-03,W1079,52.07703,10.6765,0.1,,18.0,17.6,0.208,17.2,0.19,2.19,icon_d2
2026-09-03,W1080,52.07703,10.70607,0.2,,17.8,17.6,0.208,17.2,0.19,2.24,icon_d2
2026-09-03,W1081,52.07703,10.73563,0.2,,18.1,17.6,0.208,17.2,0.19,2.22,icon_d2
2026-09-03,W1082,52.07703,10.76519,0.5,,18.1,17.6,0.208,17.2,0.19,2.18,icon_d2
2026-09-03,W1577,52.07703,10.79476,0.5,,17.8,17.6,0.208,17.2,0.19,2.05,icon_d2
2026-09-03,W1083,52.07703,10.82432,0.5,,17.9,17.5,0.183,17.1,0.182,2.06,icon_d2
2026-09-03,W1084,52.07703,10.85389,0.4,,18.0,17.4,0.205,17.1,0.198,2.09,icon_d2
2026-09-03,W1085,52.07703,10.88345,0.2,,17.7,17.4,0.205,17.1,0.198,2.08,icon_d2
2026-09-03,W1086,52.07703,10.91302,0.4,,17.8,17.4,0.205,17.1,0.198,2.19,icon_d2
2026-09-03,W1087,52.07703,10.94258,0.4,,17.7,17.4,0.205,17.1,0.198,2.18,icon_d2
2026-09-03,W1088,52.07703,10.97214,0.1,,18.0,17.4,0.205,17.1,0.198,2.22,icon_d2
2026-09-03,W1089,52.07703,11.00171,0.2,,18.0,18.0,0.148,17.7,0.168,2.26,icon_d2
2026-09-03,W1090,52.07703,11.03127,0.1,,17.8,17.7,0.172,17.5,0.179,2.26,icon_d2
2026-09-03,W1091,52.07703,11.06084,0.0,,17.7,17.7,0.172,17.5,0.179,2.31,icon_d2
2026-09-03,W1092,52.07703,11.0904,0.0,,17.8,17.7,0.172,17.5,0.179,2.34,icon_d2
2026-09-03,W0033,52.086,11.1338,0.0,,17.7,17.8,0.166,17.6,0.181,2.28,icon_d2
2026-09-03,W1093,52.07703,11.14953,0.0,,17.7,17.8,0.166,17.6,0.181,2.29,icon_d2
2026-09-03,W1094,52.09505,10.11478,0.1,,17.6,17.7,0.194,17.4,0.157,2.03,icon_d2
2026-09-03,W1095,52.09505,10.14435,0.1,,17.7,17.7,0.194,17.4,0.157,2.04,icon_d2
2026-09-03,W1096,52.09505,10.17391,0.1,,17.3,17.7,0.194,17.4,0.157,1.99,icon_d2
2026-09-03,W1097,52.09505,10.20347,0.1,,17.7,17.6,0.19,17.2,0.151,1.97,icon_d2
2026-09-03,W1098,52.09505,10.23304,0.1,,17.6,17.6,0.19,17.2,0.151,1.99,icon_d2
2026-09-03,W1099,52.09505,10.2626,0.1,,17.2,18.0,0.162,17.7,0.149,1.97,icon_d2
2026-09-03,W1100,52.09505,10.29217,0.0,,17.5,18.0,0.162,17.7,0.149,2.13,icon_d2
2026-09-03,W1101,52.09505,10.32173,0.0,,17.3,18.0,0.162,17.7,0.149,2.11,icon_d2
2026-09-03,W1578,52.09505,10.3513,0.0,,17.4,18.0,0.172,17.5,0.159,2.22,icon_d2
2026-09-03,W1102,52.09505,10.38086,0.0,,17.9,18.0,0.172,17.5,0.159,2.33,icon_d2
2026-09-03,W1103,52.09505,10.41042,0.0,,17.9,18.0,0.172,17.5,0.159,2.27,icon_d2
2026-09-03,W1104,52.09505,10.43999,0.0,,18.0,18.1,0.164,17.7,0.151,2.27,icon_d2
2026-09-03,W1105,52.09505,10.46955,0.0,,17.9,18.1,0.164,17.7,0.151,2.2,icon_d2
2026-09-03,W1106,52.09505,10.49912,0.0,,17.6,18.1,0.164,17.7,0.151,2.09,icon_d2
2026-09-03,W1107,52.09505,10.52868,0.0,,17.6,18.3,0.164,17.8,0.166,2.21,icon_d2
2026-09-03,W1108,52.09505,10.55825,0.0,,17.8,18.3,0.164,17.8,0.166,2.26,icon_d2
2026-09-03,W1109,52.09505,10.58781,0.0,,17.8,17.6,0.19,17.2,0.183,2.26,icon_d2
2026-09-03,W1110,52.09505,10.61737,0.2,,17.8,17.6,0.19,17.2,0.183,2.17,icon_d2
2026-09-03,W1111,52.09505,10.64694,0.1,,17.9,17.6,0.19,17.2,0.183,2.08,icon_d2
2026-09-03,W1112,52.09505,10.6765,0.3,,17.9,17.6,0.19,17.2,0.183,2.12,icon_d2
2026-09-03,W1113,52.09505,10.70607,0.3,,17.9,17.6,0.208,17.2,0.19,2.14,icon_d2
2026-09-03,W1114,52.09505,10.73563,0.5,,17.8,17.6,0.208,17.2,0.19,2.22,icon_d2
2026-09-03,W1115,52.09505,10.76519,0.5,,18.0,17.5,0.183,17.1,0.182,2.23,icon_d2
2026-09-03,W1579,52.09505,10.79476,0.4,,18.0,17.5,0.183,17.1,0.182,2.11,icon_d2
2026-09-03,W1116,52.09505,10.82432,0.3,,17.7,17.5,0.183,17.1,0.182,1.99,icon_d2
2026-09-03,W1117,52.09505,10.85389,0.2,,17.5,17.4,0.205,17.1,0.198,1.98,icon_d2
2026-09-03,W1580,52.09505,10.88345,0.2,,17.7,17.4,0.205,17.1,0.198,2.07,icon_d2
2026-09-03,W1118,52.09505,10.91302,0.1,,17.7,17.4,0.205,17.1,0.198,2.13,icon_d2
2026-09-03,W1581,52.09505,10.94258,0.1,,17.7,18.0,0.148,17.7,0.168,2.13,icon_d2
2026-09-03,W1119,52.09505,10.97214,0.1,,17.8,18.0,0.148,17.7,0.168,2.17,icon_d2
2026-09-03,W1120,52.09505,11.00171,0.0,,17.6,18.0,0.148,17.7,0.168,2.15,icon_d2
2026-09-03,W1121,52.09505,11.03127,0.1,,17.6,17.7,0.172,17.5,0.179,2.26,icon_d2
2026-09-03,W1122,52.09505,11.06084,0.1,,17.7,17.7,0.172,17.5,0.179,2.27,icon_d2
2026-09-03,W1123,52.09505,11.0904,0.1,,17.6,17.8,0.166,17.6,0.181,2.33,icon_d2
2026-09-03,W1124,52.09505,11.11997,0.1,,17.7,17.8,0.166,17.6,0.181,2.34,icon_d2
2026-09-03,W1125,52.09505,11.14953,0.0,,17.6,17.8,0.166,17.6,0.181,2.26,icon_d2
2026-09-03,W0034,52.1041,10.1295,0.1,,17.5,17.7,0.194,17.4,0.157,2.03,icon_d2
2026-09-03,W0035,52.1041,10.1591,0.1,,17.7,17.7,0.194,17.4,0.157,2.12,icon_d2
2026-09-03,W1126,52.11306,10.17391,0.1,,17.4,17.7,0.194,17.4,0.157,2.0,icon_d2
2026-09-03,W0036,52.1041,10.2182,0.1,,17.5,17.6,0.19,17.2,0.151,1.96,icon_d2
2026-09-03,W0037,52.1041,10.2477,0.1,,17.4,18.0,0.162,17.7,0.149,1.97,icon_d2
2026-09-03,W0038,52.1041,10.2772,0.1,,16.8,17.3,0.162,17.0,0.149,1.94,icon_d2
2026-09-03,W0039,52.1041,10.3068,0.0,,17.3,18.0,0.162,17.7,0.149,2.11,icon_d2
2026-09-03,W0040,52.1041,10.3363,0.0,,17.2,18.0,0.162,17.7,0.149,2.17,icon_d2
2026-09-03,W0041,52.1041,10.3658,0.0,,17.9,18.0,0.172,17.5,0.159,2.25,icon_d2
2026-09-03,W1127,52.11306,10.38086,0.0,,18.3,18.1,0.164,17.7,0.151,2.32,icon_d2
2026-09-03,W1128,52.11306,10.41042,0.0,,18.0,18.1,0.164,17.7,0.151,2.23,icon_d2
2026-09-03,W1129,52.11306,10.43999,0.0,,17.8,18.1,0.164,17.7,0.151,2.19,icon_d2
2026-09-03,W0042,52.1041,10.484,0.0,,17.9,18.1,0.164,17.7,0.151,2.14,icon_d2
2026-09-03,W0043,52.1041,10.5135,0.0,,17.5,17.4,0.164,17.0,0.151,2.2,icon_d2
2026-09-03,W0044,52.1041,10.5431,0.0,,17.9,18.3,0.164,17.8,0.166,2.23,icon_d2
2026-09-03,W1130,52.11306,10.55825,0.1,,18.3,17.6,0.19,17.2,0.183,2.33,icon_d2
2026-09-03,W1131,52.11306,10.58781,0.1,,17.9,17.6,0.19,17.2,0.183,2.13,icon_d2
2026-09-03,W1132,52.11306,10.61737,0.1,,17.9,17.6,0.19,17.2,0.183,2.07,icon_d2
2026-09-03,W1582,52.11306,10.64694,0.2,,17.7,17.6,0.19,17.2,0.183,2.05,icon_d2
2026-09-03,W1133,52.11306,10.6765,0.3,,17.8,17.6,0.19,17.2,0.183,2.09,icon_d2
2026-09-03,W1134,52.11306,10.70607,0.3,,17.6,17.5,0.183,17.1,0.182,2.1,icon_d2
2026-09-03,W1135,52.11306,10.73563,0.5,,17.7,17.5,0.183,17.1,0.182,2.16,icon_d2
2026-09-03,W1136,52.11306,10.76519,0.3,,17.8,17.5,0.183,17.1,0.182,2.1,icon_d2
2026-09-03,W1137,52.11306,10.79476,0.3,,17.8,17.5,0.183,17.1,0.182,2.08,icon_d2
2026-09-03,W1138,52.11306,10.82432,0.4,,17.6,17.5,0.183,17.1,0.182,1.94,icon_d2
2026-09-03,W1139,52.11306,10.85389,0.2,,17.6,17.5,0.183,17.1,0.182,1.99,icon_d2
2026-09-03,W1140,52.11306,10.88345,0.2,,17.7,18.0,0.148,17.7,0.168,1.99,icon_d2
2026-09-03,W1141,52.11306,10.91302,0.1,,17.8,18.0,0.148,17.7,0.168,2.07,icon_d2
2026-09-03,W1142,52.11306,10.94258,0.0,,17.8,18.0,0.148,17.7,0.168,2.12,icon_d2
2026-09-03,W1143,52.11306,10.97214,0.0,,17.9,18.0,0.148,17.7,0.168,2.11,icon_d2
2026-09-03,W1144,52.11306,11.00171,0.0,,17.9,18.0,0.148,17.7,0.168,2.14,icon_d2
2026-09-03,W1145,52.11306,11.03127,0.0,,17.8,17.8,0.166,17.6,0.181,2.13,icon_d2
2026-09-03,W1146,52.11306,11.06084,0.0,,17.6,17.8,0.166,17.6,0.181,2.2,icon_d2
2026-09-03,W1147,52.11306,11.0904,0.1,,17.4,17.8,0.166,17.6,0.181,2.24,icon_d2
2026-09-03,W1148,52.11306,11.11997,0.1,,17.7,17.8,0.166,17.6,0.181,2.25,icon_d2
2026-09-03,W1149,52.11306,11.14953,0.1,,17.4,17.8,0.166,17.6,0.181,2.23,icon_d2
2026-09-03,W0046,52.1221,10.1295,0.0,,17.2,17.7,0.194,17.4,0.157,1.9,icon_d2
2026-09-03,W0047,52.1221,10.1591,0.0,,17.1,17.7,0.194,17.4,0.157,1.89,icon_d2
2026-09-03,W0048,52.1221,10.1886,0.1,,17.4,17.7,0.194,17.4,0.157,2.0,icon_d2
2026-09-03,W0049,52.1221,10.2182,0.1,,17.5,18.0,0.162,17.7,0.149,2.04,icon_d2
2026-09-03,W0050,52.1221,10.2477,0.1,,17.7,18.0,0.162,17.7,0.149,2.09,icon_d2
2026-09-03,W0051,52.1221,10.2772,0.1,,17.3,18.0,0.162,17.7,0.149,2.19,icon_d2
2026-09-03,W0052,52.1221,10.3068,0.1,,17.5,18.0,0.162,17.7,0.149,2.2,icon_d2
2026-09-03,W0053,52.1221,10.3363,0.0,,17.9,18.0,0.162,17.7,0.149,2.35,icon_d2
2026-09-03,W1150,52.13108,10.3513,0.0,,18.2,18.0,0.162,17.7,0.149,2.2,icon_d2
2026-09-03,W0054,52.1221,10.3954,0.0,,18.4,18.1,0.164,17.7,0.151,2.33,icon_d2
2026-09-03,W1151,52.13108,10.41042,0.0,,18.2,18.1,0.164,17.7,0.151,2.21,icon_d2
2026-09-03,W1152,52.13108,10.43999,0.1,,17.9,18.1,0.164,17.7,0.151,2.18,icon_d2
2026-09-03,W0055,52.1221,10.484,0.0,,17.6,18.1,0.164,17.7,0.151,2.15,icon_d2
2026-09-03,W0056,52.1221,10.5135,0.0,,17.5,18.1,0.164,17.7,0.151,2.1,icon_d2
2026-09-03,W0057,52.1221,10.5431,0.1,,18.2,17.6,0.19,17.2,0.183,2.32,icon_d2
2026-09-03,W0058,52.1221,10.5726,0.1,,18.0,17.6,0.19,17.2,0.183,2.15,icon_d2
2026-09-03,W1153,52.13108,10.58781,0.0,,17.8,17.6,0.19,17.2,0.183,2.1,icon_d2
2026-09-03,W1583,52.13108,10.61737,0.0,,17.9,17.6,0.19,17.2,0.183,2.07,icon_d2
2026-09-03,W0059,52.1221,10.6612,0.2,,17.6,17.6,0.19,17.2,0.183,2.05,icon_d2
2026-09-03,W0060,52.1221,10.6908,0.3,,17.4,17.5,0.183,17.1,0.182,2.09,icon_d2
2026-09-03,W1154,52.13108,10.70607,0.1,,17.7,17.5,0.183,17.1,0.182,2.12,icon_d2
2026-09-03,W1155,52.13108,10.73563,0.2,,17.8,17.5,0.183,17.1,0.182,2.08,icon_d2
2026-09-03,W1584,52.13108,10.76519,0.1,,17.8,17.5,0.183,17.1,0.182,2.03,icon_d2
2026-09-03,W1156,52.13108,10.79476,0.1,,17.8,17.5,0.183,17.1,0.182,1.89,icon_d2
2026-09-03,W1157,52.13108,10.82432,0.2,,17.5,17.5,0.183,17.1,0.182,1.88,icon_d2
2026-09-03,W1158,52.13108,10.85389,0.1,,17.5,17.5,0.183,17.1,0.182,1.85,icon_d2
2026-09-03,W1159,52.13108,10.88345,0.1,,17.7,18.0,0.148,17.7,0.168,1.98,icon_d2
2026-09-03,W1160,52.13108,10.91302,0.1,,17.5,18.0,0.148,17.7,0.168,2.04,icon_d2
2026-09-03,W1161,52.13108,10.94258,0.0,,17.4,18.0,0.148,17.7,0.168,2.09,icon_d2
2026-09-03,W0061,52.1221,10.9861,0.0,,17.9,18.0,0.148,17.7,0.168,2.11,icon_d2
2026-09-03,W0062,52.1221,11.0157,0.0,,17.8,18.0,0.148,17.7,0.168,2.14,icon_d2
2026-09-03,W0063,52.1221,11.0452,0.0,,17.6,17.8,0.166,17.6,0.181,2.12,icon_d2
2026-09-03,W1162,52.13108,11.06084,0.0,,17.8,17.8,0.166,17.6,0.181,2.12,icon_d2
2026-09-03,W1163,52.13108,11.0904,0.0,,17.7,17.8,0.166,17.6,0.181,2.19,icon_d2
2026-09-03,W1164,52.13108,11.11997,0.0,,17.5,17.8,0.166,17.6,0.181,2.18,icon_d2
2026-09-03,W1165,52.13108,11.14953,0.0,,17.5,17.8,0.166,17.6,0.181,2.18,icon_d2
2026-09-03,W0065,52.1401,10.1295,0.0,,17.6,17.7,0.194,17.4,0.157,1.96,icon_d2
2026-09-03,W0066,52.1401,10.1591,0.1,,16.9,17.7,0.194,17.4,0.157,1.87,icon_d2
2026-09-03,W0067,52.1401,10.1886,0.0,,17.4,17.7,0.194,17.4,0.157,2.0,icon_d2
2026-09-03,W0068,52.1401,10.2182,0.0,,17.6,18.0,0.162,17.7,0.149,2.1,icon_d2
2026-09-03,W1166,52.1491,10.23304,0.0,,17.7,18.0,0.162,17.7,0.149,2.1,icon_d2
2026-09-03,W1167,52.1491,10.2626,0.0,,18.0,18.0,0.162,17.7,0.149,2.28,icon_d2
2026-09-03,W1168,52.1491,10.29217,0.0,,18.0,18.0,0.162,17.7,0.149,2.28,icon_d2
2026-09-03,W1169,52.1491,10.32173,0.0,,18.3,18.0,0.162,17.7,0.149,2.33,icon_d2
2026-09-03,W0069,52.1401,10.3658,0.0,,18.2,18.1,0.164,17.7,0.151,2.19,icon_d2
2026-09-03,W0084,52.1581,10.3954,0.0,,18.4,18.1,0.164,17.7,0.151,2.17,icon_d2
2026-09-03,W0085,52.1581,10.4249,0.0,,18.4,18.1,0.164,17.7,0.151,2.17,icon_d2
2026-09-03,W1170,52.1491,10.43999,0.1,,18.0,18.1,0.164,17.7,0.151,2.19,icon_d2
2026-09-03,W0070,52.1401,10.484,0.1,,18.0,18.1,0.164,17.7,0.151,2.21,icon_d2
2026-09-03,W0071,52.1401,10.5135,0.0,,18.0,18.1,0.164,17.7,0.151,2.24,icon_d2
2026-09-03,W0072,52.1401,10.5431,0.1,,18.2,17.6,0.19,17.2,0.183,2.22,icon_d2
2026-09-03,W0073,52.1401,10.5726,0.0,,18.0,17.6,0.19,17.2,0.183,2.11,icon_d2
2026-09-03,W1171,52.1491,10.58781,0.0,,18.0,17.6,0.19,17.2,0.183,2.11,icon_d2
2026-09-03,W0074,52.1401,10.6317,0.3,,17.3,16.9,0.19,16.6,0.183,1.99,icon_d2
2026-09-03,W0075,52.1401,10.6612,0.1,,17.2,16.9,0.19,16.5,0.183,2.0,icon_d2
2026-09-03,W0076,52.1401,10.6908,0.1,,18.1,17.5,0.183,17.1,0.182,2.15,icon_d2
2026-09-03,W0077,52.1401,10.7203,0.2,,17.9,17.5,0.183,17.1,0.182,2.09,icon_d2
2026-09-03,W1172,52.1491,10.73563,0.2,,17.9,17.5,0.183,17.1,0.182,2.08,icon_d2
2026-09-03,W1173,52.1491,10.76519,0.1,,17.8,17.5,0.183,17.1,0.182,2.03,icon_d2
2026-09-03,W1174,52.1491,10.79476,0.1,,17.7,17.5,0.183,17.1,0.182,1.88,icon_d2
2026-09-03,W0090,52.1581,10.8384,0.1,,16.9,17.6,0.17,17.3,0.165,1.78,icon_d2
2026-09-03,W0078,52.1401,10.868,0.1,,17.4,18.0,0.148,17.7,0.168,1.84,icon_d2
2026-09-03,W0079,52.1401,10.8975,0.1,,17.2,18.0,0.148,17.7,0.168,1.95,icon_d2
2026-09-03,W0080,52.1401,10.9271,0.0,,17.2,17.2,0.148,17.0,0.168,2.1,icon_d2
2026-09-03,W0081,52.1401,10.9566,0.2,,17.8,18.0,0.148,17.7,0.168,2.17,icon_d2
2026-09-03,W0095,52.1581,10.9861,0.0,,18.1,18.0,0.14,17.7,0.146,2.22,icon_d2
2026-09-03,W0096,52.1581,11.0157,0.1,,17.4,18.0,0.14,17.7,0.146,2.03,icon_d2
2026-09-03,W0082,52.1401,11.0452,0.0,,17.7,17.8,0.166,17.6,0.181,2.09,icon_d2
2026-09-03,W1175,52.1491,11.06084,0.0,,17.8,17.8,0.166,17.6,0.181,2.11,icon_d2
2026-09-03,W0098,52.1581,11.1043,0.0,,17.2,17.8,0.166,17.6,0.181,2.06,icon_d2
2026-09-03,W1176,52.1491,11.11997,0.0,,17.4,17.8,0.166,17.6,0.181,2.17,icon_d2
2026-09-03,W1177,52.1491,11.14953,0.0,,17.5,17.8,0.166,17.6,0.181,2.18,icon_d2
2026-09-03,W1585,52.16712,10.11478,0.0,,17.9,17.9,0.19,17.5,0.16,2.22,icon_d2
2026-09-03,W1178,52.16712,10.14435,0.0,,17.9,17.9,0.19,17.5,0.16,2.19,icon_d2
2026-09-03,W1179,52.16712,10.17391,0.0,,17.7,17.9,0.19,17.5,0.16,2.07,icon_d2
2026-09-03,W0099,52.1761,10.2182,0.0,,17.5,18.0,0.162,17.7,0.149,2.06,icon_d2
2026-09-03,W1180,52.16712,10.23304,0.0,,17.6,18.0,0.162,17.7,0.149,2.07,icon_d2
2026-09-03,W1181,52.16712,10.2626,0.0,,17.8,18.0,0.162,17.7,0.149,2.12,icon_d2
2026-09-03,W1182,52.16712,10.29217,0.0,,18.3,17.9,0.189,17.6,0.151,2.3,icon_d2
2026-09-03,W1183,52.16712,10.32173,0.0,,18.4,17.9,0.189,17.6,0.151,2.3,icon_d2
2026-09-03,W0100,52.1761,10.3658,0.0,,18.2,17.9,0.189,17.6,0.151,2.24,icon_d2
2026-09-03,W1184,52.16712,10.38086,0.0,,18.0,18.1,0.164,17.7,0.151,2.17,icon_d2
2026-09-03,W0101,52.1761,10.4249,0.2,,18.4,18.0,0.165,17.7,0.15,2.15,icon_d2
2026-09-03,W0102,52.1761,10.4545,0.1,,17.9,18.0,0.165,17.7,0.15,2.12,icon_d2
2026-09-03,W0103,52.1761,10.484,0.1,,18.0,18.0,0.165,17.7,0.15,2.13,icon_d2
2026-09-03,W1185,52.16712,10.49912,0.1,,18.1,18.0,0.165,17.7,0.15,2.25,icon_d2
2026-09-03,W0104,52.1761,10.5431,0.2,,18.3,17.6,0.19,17.2,0.183,2.17,icon_d2
2026-09-03,W1186,52.16712,10.55825,0.2,,17.9,17.6,0.19,17.2,0.183,2.1,icon_d2
2026-09-03,W1187,52.16712,10.58781,0.2,,17.8,17.6,0.19,17.2,0.183,2.09,icon_d2
2026-09-03,W1188,52.16712,10.61737,0.1,,17.9,17.4,0.192,16.8,0.171,2.07,icon_d2
2026-09-03,W1189,52.16712,10.64694,0.3,,18.1,17.4,0.192,16.8,0.171,2.05,icon_d2
2026-09-03,W1586,52.16712,10.6765,0.1,,18.1,17.4,0.192,16.8,0.171,2.06,icon_d2
2026-09-03,W1190,52.16712,10.70607,0.1,,17.6,17.5,0.183,17.1,0.182,1.93,icon_d2
2026-09-03,W1587,52.16712,10.73563,0.1,,17.5,17.5,0.183,17.1,0.182,1.89,icon_d2
2026-09-03,W0105,52.1761,10.7794,0.1,,17.0,17.6,0.17,17.3,0.165,1.7,icon_d2
2026-09-03,W0106,52.1761,10.8089,0.1,,16.9,17.6,0.17,17.3,0.165,1.69,icon_d2
2026-09-03,W0107,52.1761,10.8384,0.3,,17.1,17.6,0.17,17.3,0.165,1.85,icon_d2
2026-09-03,W0108,52.1761,10.868,0.0,,17.3,17.6,0.17,17.3,0.165,2.17,icon_d2
2026-09-03,W0109,52.1761,10.8975,0.0,,17.6,18.0,0.148,17.7,0.168,2.31,icon_d2
2026-09-03,W0110,52.1761,10.9271,0.0,,18.0,18.0,0.14,17.7,0.146,2.34,icon_d2
2026-09-03,W0111,52.1761,10.9566,0.0,,18.2,18.0,0.14,17.7,0.146,2.22,icon_d2
2026-09-03,W0112,52.1761,10.9861,0.1,,18.3,18.0,0.14,17.7,0.146,2.16,icon_d2
2026-09-03,W0113,52.1761,11.0157,0.1,,17.8,18.0,0.14,17.7,0.146,2.09,icon_d2
2026-09-03,W0114,52.1761,11.0452,0.0,,17.4,17.8,0.166,17.6,0.181,2.04,icon_d2
2026-09-03,W1191,52.16712,11.06084,0.0,,17.7,17.8,0.166,17.6,0.181,2.08,icon_d2
2026-09-03,W0115,52.1761,11.1043,0.1,,17.2,18.2,0.144,17.9,0.144,2.09,icon_d2
2026-09-03,W1192,52.16712,11.11997,0.1,,17.2,18.2,0.144,17.9,0.144,2.12,icon_d2
2026-09-03,W1193,52.16712,11.14953,0.1,,17.5,18.2,0.144,17.9,0.144,2.25,icon_d2
2026-09-03,W0116,52.1941,10.1,0.0,,18.0,17.9,0.19,17.5,0.16,2.22,icon_d2
2026-09-03,W1194,52.18514,10.14435,0.0,,17.9,17.9,0.19,17.5,0.16,2.22,icon_d2
2026-09-03,W1588,52.18514,10.17391,0.0,,17.8,17.9,0.19,17.5,0.16,2.18,icon_d2
2026-09-03,W1195,52.18514,10.20347,0.0,,17.8,17.9,0.19,17.5,0.16,2.18,icon_d2
2026-09-03,W1196,52.18514,10.23304,0.0,,17.8,17.9,0.189,17.6,0.151,2.14,icon_d2
2026-09-03,W1197,52.18514,10.2626,0.0,,17.6,17.9,0.189,17.6,0.151,2.14,icon_d2
2026-09-03,W0117,52.1941,10.3068,0.0,,18.0,17.9,0.189,17.6,0.151,2.23,icon_d2
2026-09-03,W0118,52.1941,10.3363,0.0,,18.1,17.9,0.189,17.6,0.151,2.24,icon_d2
2026-09-03,W1198,52.18514,10.3513,0.0,,18.3,17.9,0.189,17.6,0.151,2.25,icon_d2
2026-09-03,W1199,52.18514,10.38086,0.0,,18.1,18.0,0.165,17.7,0.15,2.18,icon_d2
2026-09-03,W1200,52.18514,10.41042,0.2,,18.4,18.0,0.165,17.7,0.15,2.15,icon_d2
2026-09-03,W1201,52.18514,10.43999,0.0,,18.4,18.0,0.165,17.7,0.15,2.17,icon_d2
2026-09-03,W1202,52.18514,10.46955,0.1,,18.0,18.0,0.165,17.7,0.15,2.12,icon_d2
2026-09-03,W1203,52.18514,10.49912,0.1,,18.2,18.0,0.165,17.7,0.15,2.2,icon_d2
2026-09-03,W0119,52.1941,10.5431,0.2,,18.0,18.0,0.165,17.7,0.15,2.12,icon_d2
2026-09-03,W1204,52.18514,10.55825,0.2,,17.8,17.4,0.192,16.8,0.171,2.06,icon_d2
2026-09-03,W1205,52.18514,10.58781,0.2,,18.0,17.4,0.192,16.8,0.171,2.1,icon_d2
2026-09-03,W0120,52.1941,10.6317,0.0,,17.9,17.4,0.192,16.8,0.171,1.97,icon_d2
2026-09-03,W1206,52.18514,10.64694,0.2,,17.8,17.4,0.192,16.8,0.171,1.99,icon_d2
2026-09-03,W0121,52.1941,10.6908,0.1,,17.6,17.4,0.192,16.8,0.171,1.85,icon_d2
2026-09-03,W0122,52.1941,10.7203,0.1,,17.4,17.6,0.17,17.3,0.165,1.8,icon_d2
2026-09-03,W0123,52.1941,10.7498,0.1,,16.3,16.5,0.17,16.1,0.165,1.69,icon_d2
2026-09-03,W0124,52.1941,10.7794,0.1,,16.7,16.8,0.17,16.5,0.165,1.72,icon_d2
2026-09-03,W0125,52.1941,10.8089,0.1,,16.6,16.7,0.17,16.4,0.165,1.78,icon_d2
2026-09-03,W0126,52.1941,10.8384,0.2,,17.0,17.6,0.17,17.3,0.165,2.02,icon_d2
2026-09-03,W0127,52.1941,10.868,0.0,,17.8,17.6,0.17,17.3,0.165,2.35,icon_d2
2026-09-03,W1589,52.18514,10.88345,0.1,,17.6,18.0,0.14,17.7,0.146,2.21,icon_d2
2026-09-03,W0128,52.1941,10.9271,0.0,,18.1,18.0,0.14,17.7,0.146,2.26,icon_d2
2026-09-03,W0129,52.1941,10.9566,0.1,,18.0,18.0,0.14,17.7,0.146,2.04,icon_d2
2026-09-03,W1590,52.18514,10.97214,0.1,,17.9,18.0,0.14,17.7,0.146,2.13,icon_d2
2026-09-03,W1207,52.18514,11.00171,0.1,,17.7,18.0,0.14,17.7,0.146,2.08,icon_d2
2026-09-03,W0130,52.1941,11.0452,0.0,,17.5,18.2,0.144,17.9,0.144,2.03,icon_d2
2026-09-03,W0131,52.1941,11.0747,0.1,,17.2,18.2,0.144,17.9,0.144,2.01,icon_d2
2026-09-03,W0132,52.1941,11.1043,0.1,,17.5,18.2,0.144,17.9,0.144,2.02,icon_d2
2026-09-03,W1208,52.18514,11.11997,0.0,,17.5,18.2,0.144,17.9,0.144,2.21,icon_d2
2026-09-03,W1209,52.18514,11.14953,0.0,,17.9,18.2,0.144,17.9,0.144,2.32,icon_d2
2026-09-03,W1210,52.20315,10.11478,0.0,,18.0,17.9,0.19,17.5,0.16,2.22,icon_d2
2026-09-03,W1211,52.20315,10.14435,0.0,,17.8,17.9,0.19,17.5,0.16,2.19,icon_d2
2026-09-03,W1212,52.20315,10.17391,0.0,,17.9,17.9,0.19,17.5,0.16,2.22,icon_d2
2026-09-03,W1591,52.20315,10.20347,0.0,,18.0,17.9,0.19,17.5,0.16,2.22,icon_d2
2026-09-03,W1213,52.20315,10.23304,0.0,,18.0,17.9,0.189,17.6,0.151,2.22,icon_d2
2026-09-03,W1214,52.20315,10.2626,0.0,,18.0,17.9,0.189,17.6,0.151,2.22,icon_d2
2026-09-03,W1215,52.20315,10.29217,0.0,,18.0,17.9,0.189,17.6,0.151,2.23,icon_d2
2026-09-03,W1216,52.20315,10.32173,0.0,,17.9,17.9,0.189,17.6,0.151,2.25,icon_d2
2026-09-03,W1217,52.20315,10.3513,0.0,,18.0,17.9,0.189,17.6,0.151,2.23,icon_d2
2026-09-03,W1218,52.20315,10.38086,0.0,,18.2,18.0,0.165,17.7,0.15,2.24,icon_d2
2026-09-03,W1219,52.20315,10.41042,0.1,,18.1,18.0,0.165,17.7,0.15,2.16,icon_d2
2026-09-03,W1220,52.20315,10.43999,0.0,,18.5,18.0,0.165,17.7,0.15,2.17,icon_d2
2026-09-03,W1221,52.20315,10.46955,0.0,,18.3,18.0,0.165,17.7,0.15,2.16,icon_d2
2026-09-03,W1222,52.20315,10.49912,0.1,,18.2,18.0,0.165,17.7,0.15,2.2,icon_d2
2026-09-03,W1223,52.20315,10.52868,0.0,,18.2,18.0,0.165,17.7,0.15,2.2,icon_d2
2026-09-03,W1224,52.20315,10.55825,0.2,,18.0,17.4,0.192,16.8,0.171,2.13,icon_d2
2026-09-03,W1225,52.20315,10.58781,0.1,,18.0,17.4,0.192,16.8,0.171,2.07,icon_d2
2026-09-03,W1226,52.20315,10.61737,0.2,,17.8,17.4,0.192,16.8,0.171,2.07,icon_d2
2026-09-03,W1227,52.20315,10.64694,0.0,,17.8,17.4,0.192,16.8,0.171,1.97,icon_d2
2026-09-03,W1228,52.20315,10.6765,0.0,,17.7,17.4,0.192,16.8,0.171,1.9,icon_d2
2026-09-03,W1229,52.20315,10.70607,0.1,,17.5,17.4,0.192,16.8,0.171,1.85,icon_d2
2026-09-03,W1592,52.20315,10.73563,0.1,,16.7,16.8,0.17,16.4,0.165,1.76,icon_d2
2026-09-03,W1230,52.20315,10.76519,0.1,,16.6,16.8,0.17,16.4,0.165,1.71,icon_d2
2026-09-03,W1593,52.20315,10.79476,0.1,,16.5,16.6,0.17,16.3,0.165,1.77,icon_d2
2026-09-03,W1594,52.20315,10.82432,0.1,,16.7,16.9,0.17,16.5,0.165,1.79,icon_d2
2026-09-03,W1595,52.20315,10.85389,0.0,,17.8,17.6,0.17,17.3,0.165,2.35,icon_d2
2026-09-03,W1231,52.20315,10.88345,0.0,,18.0,18.0,0.14,17.7,0.146,2.37,icon_d2
2026-09-03,W1232,52.20315,10.91302,0.0,,18.2,18.0,0.14,17.7,0.146,2.26,icon_d2
2026-09-03,W1233,52.20315,10.94258,0.0,,17.9,18.0,0.14,17.7,0.146,2.06,icon_d2
2026-09-03,W1234,52.20315,10.97214,0.1,,17.4,18.0,0.14,17.7,0.146,1.96,icon_d2
2026-09-03,W1235,52.20315,11.00171,0.0,,17.6,18.0,0.14,17.7,0.146,2.05,icon_d2
2026-09-03,W1236,52.20315,11.03127,0.0,,17.5,18.0,0.14,17.7,0.146,2.04,icon_d2
2026-09-03,W1237,52.20315,11.06084,0.0,,17.2,18.2,0.144,17.9,0.144,1.97,icon_d2
2026-09-03,W1238,52.20315,11.0904,0.1,,17.4,18.2,0.144,17.9,0.144,2.01,icon_d2
2026-09-03,W1239,52.20315,11.11997,0.0,,17.8,18.2,0.144,17.9,0.144,2.24,icon_d2
2026-09-03,W1240,52.20315,11.14953,0.0,,18.1,18.2,0.144,17.9,0.144,2.25,icon_d2
2026-09-03,W1596,52.22117,10.11478,0.0,,18.0,17.9,0.19,17.5,0.16,2.21,icon_d2
2026-09-03,W1241,52.22117,10.14435,0.0,,18.0,17.9,0.19,17.5,0.16,2.21,icon_d2
2026-09-03,W1597,52.22117,10.17391,0.0,,17.9,17.9,0.19,17.5,0.16,2.2,icon_d2
2026-09-03,W1242,52.22117,10.20347,0.0,,18.0,18.1,0.195,17.8,0.171,2.21,icon_d2
2026-09-03,W1243,52.22117,10.23304,0.0,,18.0,17.9,0.189,17.6,0.151,2.2,icon_d2
2026-09-03,W1244,52.22117,10.2626,0.0,,17.9,17.9,0.189,17.6,0.151,2.26,icon_d2
2026-09-03,W1245,52.22117,10.29217,0.0,,17.9,17.9,0.189,17.6,0.151,2.29,icon_d2
2026-09-03,W0133,52.2122,10.3363,0.0,,17.9,17.9,0.189,17.6,0.151,2.28,icon_d2
2026-09-03,W1246,52.22117,10.3513,0.0,,18.1,18.1,0.198,17.7,0.142,2.22,icon_d2
2026-09-03,W1247,52.22117,10.38086,0.0,,18.2,18.1,0.198,17.7,0.142,2.23,icon_d2
2026-09-03,W1248,52.22117,10.41042,0.0,,18.3,18.0,0.165,17.7,0.15,2.2,icon_d2
2026-09-03,W1249,52.22117,10.43999,0.1,,18.2,18.0,0.165,17.7,0.15,2.16,icon_d2
2026-09-03,W1250,52.22117,10.46955,0.0,,18.3,18.0,0.165,17.7,0.15,2.21,icon_d2
2026-09-03,W1251,52.22117,10.49912,0.0,,18.2,18.0,0.165,17.7,0.15,2.2,icon_d2
2026-09-03,W0134,52.2122,10.5431,0.0,,18.0,18.1,0.165,18.1,0.149,2.18,icon_d2
2026-09-03,W0135,52.2122,10.5726,0.0,,17.9,17.4,0.192,16.8,0.171,2.0,icon_d2
2026-09-03,W0136,52.2122,10.6021,0.0,,18.1,17.4,0.192,16.8,0.171,2.02,icon_d2
2026-09-03,W1252,52.22117,10.61737,0.0,,17.8,17.4,0.192,16.8,0.171,1.99,icon_d2
2026-09-03,W1253,52.22117,10.64694,0.0,,17.6,17.4,0.192,16.8,0.171,1.98,icon_d2
2026-09-03,W1254,52.22117,10.6765,0.0,,17.8,17.6,0.212,17.2,0.15,1.94,icon_d2
2026-09-03,W0137,52.2122,10.7203,0.2,,16.8,16.9,0.17,16.5,0.165,1.79,icon_d2
2026-09-03,W0138,52.2122,10.7498,0.2,,17.0,17.6,0.17,17.3,0.165,1.8,icon_d2
2026-09-03,W0139,52.2122,10.7794,0.3,,16.4,16.6,0.17,16.2,0.165,1.79,icon_d2
2026-09-03,W0140,52.2122,10.8089,0.0,,16.7,16.7,0.17,16.4,0.165,1.96,icon_d2
2026-09-03,W0141,52.2122,10.8384,0.0,,17.4,17.6,0.17,17.3,0.165,2.28,icon_d2
2026-09-03,W1598,52.22117,10.85389,0.0,,17.9,17.8,0.174,17.5,0.15,2.32,icon_d2
2026-09-03,W0142,52.2122,10.8975,0.0,,17.9,18.0,0.14,17.7,0.146,2.22,icon_d2
2026-09-03,W0143,52.2122,10.9271,0.0,,17.9,18.0,0.14,17.7,0.146,2.08,icon_d2
2026-09-03,W0144,52.2122,10.9566,0.0,,17.7,18.0,0.14,17.7,0.146,2.0,icon_d2
2026-09-03,W0145,52.2122,10.9861,0.0,,17.6,18.0,0.14,17.7,0.146,1.93,icon_d2
2026-09-03,W0146,52.2122,11.0157,0.0,,18.1,18.0,0.14,17.7,0.146,2.02,icon_d2
2026-09-03,W0147,52.2122,11.0452,0.0,,17.3,18.2,0.144,17.9,0.144,1.95,icon_d2
2026-09-03,W0148,52.2122,11.0747,0.0,,17.4,18.2,0.144,17.9,0.144,2.03,icon_d2
2026-09-03,W0149,52.2122,11.1043,0.0,,17.9,18.2,0.144,17.9,0.144,2.13,icon_d2
2026-09-03,W0150,52.2122,11.1338,0.0,,18.0,18.2,0.144,17.9,0.144,2.2,icon_d2
2026-09-03,W1255,52.22117,11.14953,0.0,,17.7,18.2,0.144,17.9,0.144,2.18,icon_d2
2026-09-03,W1256,52.23919,10.11478,0.0,,17.9,18.1,0.195,17.8,0.171,2.19,icon_d2
2026-09-03,W1257,52.23919,10.14435,0.0,,18.0,18.1,0.195,17.8,0.171,2.22,icon_d2
2026-09-03,W1258,52.23919,10.17391,0.0,,18.0,18.1,0.195,17.8,0.171,2.21,icon_d2
2026-09-03,W1259,52.23919,10.20347,0.0,,17.9,18.1,0.195,17.8,0.171,2.14,icon_d2
2026-09-03,W1260,52.23919,10.23304,0.0,,17.8,17.9,0.189,17.6,0.151,2.18,icon_d2
2026-09-03,W1261,52.23919,10.2626,0.0,,17.8,17.9,0.189,17.6,0.151,2.2,icon_d2
2026-09-03,W1262,52.23919,10.29217,0.0,,18.0,18.1,0.198,17.7,0.142,2.29,icon_d2
2026-09-03,W1263,52.23919,10.32173,0.0,,18.0,18.1,0.198,17.7,0.142,2.27,icon_d2
2026-09-03,W1264,52.23919,10.3513,0.0,,17.9,18.1,0.198,17.7,0.142,2.25,icon_d2
2026-09-03,W1265,52.23919,10.38086,0.0,,18.0,18.1,0.198,17.7,0.142,2.22,icon_d2
2026-09-03,W1266,52.23919,10.41042,0.0,,18.2,18.0,0.165,17.7,0.15,2.19,icon_d2
2026-09-03,W1267,52.23919,10.43999,0.1,,18.1,18.0,0.165,17.7,0.15,2.15,icon_d2
2026-09-03,W1268,52.23919,10.46955,0.1,,18.2,18.1,0.165,18.1,0.149,2.15,icon_d2
2026-09-03,W1269,52.23919,10.49912,0.0,,18.3,18.1,0.165,18.1,0.149,2.2,icon_d2
2026-09-03,W0151,52.2302,10.5431,0.0,,18.1,18.1,0.165,18.1,0.149,2.17,icon_d2
2026-09-03,W0152,52.2302,10.5726,0.0,,17.9,17.4,0.192,16.8,0.171,2.06,icon_d2
2026-09-03,W0153,52.2302,10.6021,0.0,,18.0,17.4,0.192,16.8,0.171,2.0,icon_d2
2026-09-03,W0154,52.2302,10.6317,0.0,,17.7,17.4,0.192,16.8,0.171,2.06,icon_d2
2026-09-03,W0155,52.2302,10.6612,0.0,,17.7,17.6,0.212,17.2,0.15,2.07,icon_d2
2026-09-03,W1270,52.23919,10.6765,0.0,,17.7,17.6,0.212,17.2,0.15,2.07,icon_d2
2026-09-03,W0156,52.2302,10.7203,0.0,,17.4,17.6,0.17,17.3,0.165,2.1,icon_d2
2026-09-03,W0157,52.2302,10.7498,0.1,,17.1,16.9,0.17,16.6,0.165,2.12,icon_d2
2026-09-03,W0158,52.2302,10.7794,0.2,,17.0,16.7,0.17,16.4,0.165,2.12,icon_d2
2026-09-03,W0159,52.2302,10.8089,0.1,,17.4,17.6,0.17,17.3,0.165,2.19,icon_d2
2026-09-03,W0160,52.2302,10.8384,0.1,,17.9,17.8,0.174,17.5,0.15,2.35,icon_d2
2026-09-03,W1271,52.23919,10.85389,0.0,,18.3,17.8,0.174,17.5,0.15,2.38,icon_d2
2026-09-03,W1272,52.23919,10.88345,0.0,,18.2,17.8,0.174,17.5,0.15,2.32,icon_d2
2026-09-03,W1273,52.23919,10.91302,0.0,,18.0,18.0,0.14,17.7,0.146,2.09,icon_d2
2026-09-03,W1274,52.23919,10.94258,0.0,,17.9,18.0,0.14,17.7,0.146,2.08,icon_d2
2026-09-03,W1275,52.23919,10.97214,0.1,,17.9,17.8,0.17,17.4,0.148,1.9,icon_d2
2026-09-03,W0161,52.2302,11.0157,0.0,,17.6,17.8,0.17,17.4,0.148,1.88,icon_d2
2026-09-03,W0162,52.2302,11.0452,0.0,,17.4,17.8,0.17,17.4,0.148,1.91,icon_d2
2026-09-03,W0163,52.2302,11.0747,0.0,,17.4,18.2,0.144,17.9,0.144,1.97,icon_d2
2026-09-03,W0164,52.2302,11.1043,0.0,,18.0,18.2,0.144,17.9,0.144,2.07,icon_d2
2026-09-03,W1276,52.23919,11.11997,0.0,,17.9,17.5,0.206,17.1,0.15,2.11,icon_d2
2026-09-03,W1277,52.23919,11.14953,0.0,,17.8,17.5,0.206,17.1,0.15,2.07,icon_d2
2026-09-03,W1278,52.25721,10.11478,0.0,,17.9,18.1,0.195,17.8,0.171,2.24,icon_d2
2026-09-03,W0165,52.2482,10.1591,0.0,,17.9,18.1,0.195,17.8,0.171,2.19,icon_d2
2026-09-03,W0181,52.2662,10.1886,0.1,,18.1,18.1,0.195,17.8,0.171,2.27,icon_d2
2026-09-03,W1279,52.25721,10.20347,0.0,,18.1,18.1,0.195,17.8,0.171,2.26,icon_d2
2026-09-03,W0182,52.2662,10.2477,0.0,,18.1,18.1,0.198,17.7,0.142,2.24,icon_d2
2026-09-03,W0183,52.2662,10.2772,0.0,,17.8,18.1,0.198,17.7,0.142,2.24,icon_d2
2026-09-03,W0184,52.2662,10.3068,0.0,,18.0,18.1,0.198,17.7,0.142,2.25,icon_d2
2026-09-03,W1280,52.25721,10.32173,0.0,,18.0,18.1,0.198,17.7,0.142,2.26,icon_d2
2026-09-03,W1281,52.25721,10.3513,0.0,,17.9,18.1,0.198,17.7,0.142,2.24,icon_d2
2026-09-03,W1282,52.25721,10.38086,0.0,,18.0,18.1,0.198,17.7,0.142,2.18,icon_d2
2026-09-03,W1283,52.25721,10.41042,0.0,,18.1,18.1,0.165,18.1,0.149,2.16,icon_d2
2026-09-03,W0166,52.2482,10.4545,0.1,,18.0,18.1,0.165,18.1,0.149,2.14,icon_d2
2026-09-03,W1285,52.25721,10.46955,0.1,,18.1,18.1,0.165,18.1,0.149,2.17,icon_d2
2026-09-03,W0167,52.2482,10.5135,0.0,,18.4,18.1,0.165,18.1,0.149,2.19,icon_d2
2026-09-03,W1287,52.25721,10.52868,0.0,,18.6,18.1,0.165,18.1,0.149,2.2,icon_d2
2026-09-03,W1288,52.25721,10.55825,0.0,,18.3,18.1,0.165,18.1,0.149,2.13,icon_d2
2026-09-03,W0185,52.2662,10.6021,0.0,,17.9,17.6,0.212,17.2,0.15,2.03,icon_d2
2026-09-03,W0186,52.2662,10.6317,0.0,,17.9,17.6,0.212,17.2,0.15,2.07,icon_d2
2026-09-03,W0187,52.2662,10.6612,0.0,,17.7,17.6,0.212,17.2,0.15,2.06,icon_d2
2026-09-03,W0170,52.2482,10.6908,0.0,,17.9,17.6,0.212,17.2,0.15,2.14,icon_d2
2026-09-03,W0188,52.2662,10.7203,0.1,,18.0,17.6,0.212,17.2,0.15,2.35,icon_d2
2026-09-03,W0171,52.2482,10.7498,0.1,,17.5,17.8,0.174,17.5,0.15,2.16,icon_d2
2026-09-03,W0172,52.2482,10.7794,0.2,,17.6,17.8,0.174,17.5,0.15,2.16,icon_d2
2026-09-03,W0173,52.2482,10.8089,0.1,,18.0,17.8,0.174,17.5,0.15,2.23,icon_d2
2026-09-03,W1293,52.25721,10.82432,0.1,,18.4,17.8,0.174,17.5,0.15,2.33,icon_d2
2026-09-03,W0189,52.2662,10.868,0.1,,18.3,17.8,0.174,17.5,0.15,2.15,icon_d2
2026-09-03,W0190,52.2662,10.8975,0.1,,17.7,17.8,0.17,17.4,0.148,1.98,icon_d2
2026-09-03,W1294,52.25721,10.91302,0.1,,18.0,17.8,0.17,17.4,0.148,2.0,icon_d2
2026-09-03,W0191,52.2662,10.9566,0.0,,17.8,17.8,0.17,17.4,0.148,1.94,icon_d2
2026-09-03,W0192,52.2662,10.9861,0.1,,17.5,17.8,0.17,17.4,0.148,1.88,icon_d2
2026-09-03,W0193,52.2662,11.0157,0.0,,17.5,17.8,0.17,17.4,0.148,1.85,icon_d2
2026-09-03,W0194,52.2662,11.0452,0.0,,17.6,17.8,0.17,17.4,0.148,1.95,icon_d2
2026-09-03,W0195,52.2662,11.0747,0.0,,17.9,17.5,0.206,17.1,0.15,2.04,icon_d2
2026-09-03,W0196,52.2662,11.1043,0.0,,17.9,17.5,0.206,17.1,0.15,2.02,icon_d2
2026-09-03,W0197,52.2662,11.1338,0.0,,17.4,17.5,0.206,17.1,0.15,1.93,icon_d2
2026-09-03,W1606,52.25721,11.14953,0.0,,17.3,17.5,0.206,17.1,0.15,1.93,icon_d2
2026-09-03,W0198,52.2842,10.1,0.0,,18.1,18.1,0.195,17.8,0.171,2.22,icon_d2
2026-09-03,W1295,52.27523,10.14435,0.0,,18.0,18.1,0.195,17.8,0.171,2.31,icon_d2
2026-09-03,W0199,52.2842,10.1886,0.0,,18.0,18.1,0.195,17.8,0.171,2.27,icon_d2
2026-09-03,W1296,52.27523,10.20347,0.0,,18.1,18.1,0.195,17.8,0.171,2.28,icon_d2
2026-09-03,W0200,52.2842,10.2477,0.0,,18.1,18.1,0.198,17.7,0.142,2.28,icon_d2
2026-09-03,W1297,52.27523,10.2626,0.0,,18.0,18.1,0.198,17.7,0.142,2.24,icon_d2
2026-09-03,W1298,52.27523,10.29217,0.0,,18.0,18.1,0.198,17.7,0.142,2.26,icon_d2
2026-09-03,W0201,52.2842,10.3363,0.0,,17.9,18.1,0.198,17.7,0.142,2.23,icon_d2
2026-09-03,W0202,52.2842,10.3658,0.0,,18.0,18.1,0.198,17.7,0.142,2.2,icon_d2
2026-09-03,W0203,52.2842,10.3954,0.1,,17.9,18.1,0.193,17.8,0.163,2.15,icon_d2
2026-09-03,W1299,52.27523,10.41042,0.1,,18.0,18.1,0.165,18.1,0.149,2.16,icon_d2
2026-09-03,W0204,52.2842,10.4545,0.0,,18.1,18.1,0.165,18.1,0.149,2.17,icon_d2
2026-09-03,W1300,52.27523,10.46955,0.0,,18.2,18.1,0.165,18.1,0.149,2.18,icon_d2
2026-09-03,W0205,52.2842,10.5135,0.0,,18.6,18.1,0.165,18.1,0.149,2.24,icon_d2
2026-09-03,W0206,52.2842,10.5431,0.1,,18.5,18.1,0.165,18.1,0.149,2.21,icon_d2
2026-09-03,W0207,52.2842,10.5726,0.0,,18.3,17.6,0.212,17.2,0.15,2.21,icon_d2
2026-09-03,W0208,52.2842,10.6021,0.0,,18.0,17.6,0.212,17.2,0.15,2.11,icon_d2
2026-09-03,W0209,52.2842,10.6317,0.0,,17.8,17.6,0.212,17.2,0.15,2.06,icon_d2
2026-09-03,W1301,52.27523,10.64694,0.0,,17.9,17.6,0.212,17.2,0.15,2.07,icon_d2
2026-09-03,W1302,52.27523,10.6765,0.0,,17.9,17.6,0.212,17.2,0.15,2.17,icon_d2
2026-09-03,W0210,52.2842,10.7203,0.0,,18.0,17.6,0.212,17.2,0.15,2.26,icon_d2
2026-09-03,W1303,52.27523,10.73563,0.0,,17.8,17.8,0.174,17.5,0.15,2.25,icon_d2
2026-09-03,W1304,52.27523,10.76519,0.2,,18.2,17.8,0.174,17.5,0.15,2.33,icon_d2
2026-09-03,W0211,52.2842,10.8089,0.1,,18.1,17.8,0.174,17.5,0.15,2.16,icon_d2
2026-09-03,W0212,52.2842,10.8384,0.0,,18.2,17.8,0.174,17.5,0.15,2.08,icon_d2
2026-09-03,W0213,52.2842,10.868,0.0,,17.7,17.8,0.174,17.5,0.15,1.97,icon_d2
2026-09-03,W0214,52.2842,10.8975,0.0,,17.9,17.9,0.177,17.4,0.146,1.96,icon_d2
2026-09-03,W1305,52.27523,10.91302,0.0,,17.6,17.8,0.17,17.4,0.148,1.93,icon_d2
2026-09-03,W1306,52.27523,10.94258,0.0,,17.7,17.8,0.17,17.4,0.148,1.95,icon_d2
2026-09-03,W1307,52.27523,10.97214,0.0,,17.6,17.8,0.17,17.4,0.148,1.89,icon_d2
2026-09-03,W0215,52.2842,11.0157,0.0,,17.4,17.8,0.17,17.4,0.148,1.9,icon_d2
2026-09-03,W0216,52.2842,11.0452,0.0,,17.8,17.8,0.17,17.4,0.148,1.92,icon_d2
2026-09-03,W0217,52.2842,11.0747,0.0,,17.8,17.5,0.206,17.1,0.15,2.01,icon_d2
2026-09-03,W0218,52.2842,11.1043,0.0,,17.8,17.5,0.206,17.1,0.15,2.02,icon_d2
2026-09-03,W0219,52.2842,11.1338,0.1,,17.9,17.5,0.206,17.1,0.15,2.04,icon_d2
2026-09-03,W1308,52.27523,11.14953,0.1,,17.7,17.5,0.206,17.1,0.15,2.03,icon_d2
2026-09-03,W1309,52.29324,10.11478,0.0,,18.1,18.1,0.195,17.8,0.171,2.28,icon_d2
2026-09-03,W1310,52.29324,10.14435,0.0,,18.1,18.1,0.195,17.8,0.171,2.28,icon_d2
2026-09-03,W1311,52.29324,10.17391,0.0,,18.0,18.1,0.195,17.8,0.171,2.27,icon_d2
2026-09-03,W1312,52.29324,10.20347,0.0,,18.2,18.5,0.156,18.3,0.146,2.28,icon_d2
2026-09-03,W1313,52.29324,10.23304,0.0,,18.2,18.5,0.156,18.3,0.146,2.24,icon_d2
2026-09-03,W1314,52.29324,10.2626,0.0,,18.0,18.1,0.198,17.7,0.142,2.17,icon_d2
2026-09-03,W1315,52.29324,10.29217,0.0,,18.0,18.1,0.198,17.7,0.142,2.15,icon_d2
2026-09-03,W1316,52.29324,10.32173,0.0,,18.0,18.1,0.198,17.7,0.142,2.15,icon_d2
2026-09-03,W1317,52.29324,10.3513,0.1,,17.9,18.1,0.198,17.7,0.142,2.11,icon_d2
2026-09-03,W1318,52.29324,10.38086,0.0,,18.1,18.1,0.193,17.8,0.163,2.16,icon_d2
2026-09-03,W1319,52.29324,10.41042,0.0,,18.0,18.1,0.165,18.1,0.149,2.14,icon_d2
2026-09-03,W1320,52.29324,10.43999,0.1,,17.9,18.1,0.165,18.1,0.149,2.14,icon_d2
2026-09-03,W1321,52.29324,10.46955,0.1,,17.9,18.1,0.165,18.1,0.149,2.14,icon_d2
2026-09-03,W1322,52.29324,10.49912,0.0,,18.2,18.1,0.165,18.1,0.149,2.15,icon_d2
2026-09-03,W1323,52.29324,10.52868,0.1,,18.2,18.2,0.185,18.1,0.144,2.11,icon_d2
2026-09-03,W1324,52.29324,10.55825,0.1,,18.2,18.2,0.185,18.1,0.144,2.08,icon_d2
2026-09-03,W1325,52.29324,10.58781,0.2,,18.1,17.6,0.212,17.2,0.15,2.18,icon_d2
2026-09-03,W1326,52.29324,10.61737,0.0,,18.0,17.6,0.212,17.2,0.15,2.08,icon_d2
2026-09-03,W1327,52.29324,10.64694,0.0,,17.9,17.6,0.212,17.2,0.15,2.07,icon_d2
2026-09-03,W1328,52.29324,10.6765,0.1,,17.8,17.6,0.212,17.2,0.15,2.13,icon_d2
2026-09-03,W1329,52.29324,10.70607,0.0,,17.8,17.8,0.195,17.4,0.149,2.14,icon_d2
2026-09-03,W1330,52.29324,10.73563,0.0,,17.9,17.8,0.195,17.4,0.149,2.26,icon_d2
2026-09-03,W1331,52.29324,10.76519,0.0,,18.0,17.8,0.174,17.5,0.15,2.26,icon_d2
2026-09-03,W1332,52.29324,10.79476,0.0,,18.2,17.8,0.174,17.5,0.15,2.2,icon_d2
2026-09-03,W1333,52.29324,10.82432,0.0,,18.2,17.8,0.174,17.5,0.15,2.2,icon_d2
2026-09-03,W1334,52.29324,10.85389,0.1,,18.1,17.8,0.174,17.5,0.15,2.0,icon_d2
2026-09-03,W1335,52.29324,10.88345,0.1,,17.7,17.9,0.177,17.4,0.146,1.96,icon_d2
2026-09-03,W1336,52.29324,10.91302,0.1,,17.6,17.8,0.17,17.4,0.148,1.94,icon_d2
2026-09-03,W1337,52.29324,10.94258,0.0,,17.6,17.8,0.17,17.4,0.148,1.97,icon_d2
2026-09-03,W1338,52.29324,10.97214,0.0,,17.6,17.8,0.17,17.4,0.148,1.91,icon_d2
2026-09-03,W1339,52.29324,11.00171,0.0,,17.4,17.8,0.17,17.4,0.148,1.9,icon_d2
2026-09-03,W1340,52.29324,11.03127,0.0,,17.6,17.9,0.158,17.4,0.149,1.97,icon_d2
2026-09-03,W1341,52.29324,11.06084,0.1,,18.1,17.9,0.158,17.4,0.149,2.09,icon_d2
2026-09-03,W1342,52.29324,11.0904,0.0,,17.7,17.5,0.206,17.1,0.15,2.02,icon_d2
2026-09-03,W1343,52.29324,11.11997,0.0,,17.7,17.5,0.206,17.1,0.15,2.02,icon_d2
2026-09-03,W1344,52.29324,11.14953,0.3,,17.5,17.5,0.206,17.1,0.15,2.01,icon_d2
2026-09-03,W1345,52.31126,10.11478,0.0,,18.1,18.1,0.195,17.8,0.171,2.16,icon_d2
2026-09-03,W1346,52.31126,10.14435,0.0,,18.1,18.5,0.156,18.3,0.146,2.23,icon_d2
2026-09-03,W0220,52.3023,10.1886,0.0,,18.1,18.5,0.156,18.3,0.146,2.28,icon_d2
2026-09-03,W1347,52.31126,10.20347,0.0,,18.1,18.5,0.156,18.3,0.146,2.23,icon_d2
2026-09-03,W1348,52.31126,10.23304,0.0,,18.3,18.5,0.156,18.3,0.146,2.22,icon_d2
2026-09-03,W0221,52.3023,10.2772,0.0,,18.1,18.1,0.198,17.7,0.142,2.18,icon_d2
2026-09-03,W0222,52.3023,10.3068,0.0,,18.0,18.1,0.198,17.7,0.142,2.15,icon_d2
2026-09-03,W0223,52.3023,10.3363,0.1,,17.9,18.1,0.193,17.8,0.163,2.11,icon_d2
2026-09-03,W0224,52.3023,10.3658,0.1,,18.1,18.1,0.193,17.8,0.163,2.12,icon_d2
2026-09-03,W1349,52.31126,10.38086,0.0,,18.0,18.1,0.193,17.8,0.163,2.18,icon_d2
2026-09-03,W0225,52.3023,10.4249,0.0,,18.0,18.1,0.165,18.1,0.149,2.14,icon_d2
2026-09-03,W1350,52.31126,10.43999,0.1,,18.0,18.1,0.165,18.1,0.149,2.17,icon_d2
2026-09-03,W1351,52.31126,10.46955,0.1,,18.2,18.2,0.185,18.1,0.144,2.18,icon_d2
2026-09-03,W1352,52.31126,10.49912,0.1,,18.3,18.2,0.185,18.1,0.144,2.19,icon_d2
2026-09-03,W0226,52.3023,10.5431,0.1,,18.3,18.2,0.185,18.1,0.144,2.11,icon_d2
2026-09-03,W0227,52.3023,10.5726,0.2,,18.1,18.2,0.185,18.1,0.144,2.18,icon_d2
2026-09-03,W1353,52.31126,10.58781,0.2,,18.0,17.6,0.212,17.2,0.15,2.1,icon_d2
2026-09-03,W0228,52.3023,10.6317,0.0,,18.0,17.6,0.212,17.2,0.15,2.08,icon_d2
2026-09-03,W0229,52.3023,10.6612,0.0,,17.9,17.8,0.195,17.4,0.149,2.07,icon_d2
2026-09-03,W0230,52.3023,10.6908,0.0,,17.6,17.8,0.195,17.4,0.149,2.13,icon_d2
2026-09-03,W0231,52.3023,10.7203,0.0,,17.8,17.8,0.195,17.4,0.149,2.14,icon_d2
2026-09-03,W1354,52.31126,10.73563,0.1,,17.9,17.8,0.195,17.4,0.149,2.12,icon_d2
2026-09-03,W1355,52.31126,10.76519,0.1,,17.8,17.8,0.174,17.5,0.15,2.21,icon_d2
2026-09-03,W0232,52.3023,10.8089,0.0,,18.2,17.8,0.174,17.5,0.15,2.2,icon_d2
2026-09-03,W0233,52.3023,10.8384,0.1,,18.1,17.9,0.177,17.4,0.146,2.0,icon_d2
2026-09-03,W0234,52.3023,10.868,0.1,,18.0,17.9,0.177,17.4,0.146,2.0,icon_d2
2026-09-03,W0235,52.3023,10.8975,0.1,,17.7,17.9,0.177,17.4,0.146,1.96,icon_d2
2026-09-03,W0236,52.3023,10.9271,0.1,,17.4,17.8,0.17,17.4,0.148,1.93,icon_d2
2026-09-03,W1356,52.31126,10.94258,0.1,,17.4,17.8,0.17,17.4,0.148,1.9,icon_d2
2026-09-03,W0237,52.3023,10.9861,0.0,,17.5,17.8,0.17,17.4,0.148,1.9,icon_d2
2026-09-03,W0238,52.3023,11.0157,0.0,,17.9,17.9,0.158,17.4,0.149,1.98,icon_d2
2026-09-03,W0239,52.3023,11.0452,0.0,,18.1,17.9,0.158,17.4,0.149,1.99,icon_d2
2026-09-03,W0240,52.3023,11.0747,0.1,,17.9,17.5,0.206,17.1,0.15,2.08,icon_d2
2026-09-03,W0241,52.3023,11.1043,0.0,,18.0,17.5,0.206,17.1,0.15,2.04,icon_d2
2026-09-03,W0242,52.3023,11.1338,0.3,,17.4,17.5,0.206,17.1,0.15,2.0,icon_d2
2026-09-03,W1357,52.31126,11.14953,0.2,,17.7,18.1,0.164,17.7,0.15,2.02,icon_d2
2026-09-03,W1358,52.32928,10.11478,0.0,,18.1,18.5,0.156,18.3,0.146,2.16,icon_d2
2026-09-03,W1359,52.32928,10.14435,0.0,,18.1,18.5,0.156,18.3,0.146,2.23,icon_d2
2026-09-03,W1360,52.32928,10.17391,0.0,,18.1,18.5,0.156,18.3,0.146,2.23,icon_d2
2026-09-03,W0243,52.3203,10.2182,0.0,,18.1,18.5,0.156,18.3,0.146,2.23,icon_d2
2026-09-03,W1361,52.32928,10.23304,0.0,,18.3,18.5,0.156,18.3,0.146,2.23,icon_d2
2026-09-03,W1362,52.32928,10.2626,0.0,,18.3,18.1,0.193,17.8,0.163,2.22,icon_d2
2026-09-03,W0244,52.3203,10.3068,0.1,,17.9,18.1,0.193,17.8,0.163,2.09,icon_d2
2026-09-03,W0245,52.3203,10.3363,0.0,,18.0,18.1,0.193,17.8,0.163,2.16,icon_d2
2026-09-03,W1363,52.32928,10.3513,0.0,,18.0,18.1,0.193,17.8,0.163,2.16,icon_d2
2026-09-03,W1364,52.32928,10.38086,0.0,,18.0,18.1,0.193,17.8,0.163,2.18,icon_d2
2026-09-03,W0294,52.3563,10.8384,0.1,,17.7,17.9,0.177,17.4,0.146,1.9,icon_d2
2026-09-03,W0272,52.3383,10.868,0.1,,17.7,17.9,0.177,17.4,0.146,1.89,icon_d2
2026-09-03,W0273,52.3383,10.8975,0.1,,17.6,17.9,0.177,17.4,0.146,1.92,icon_d2
2026-09-03,W0274,52.3383,10.9271,0.1,,17.8,17.9,0.158,17.4,0.149,1.93,icon_d2
2026-09-03,W0275,52.3383,10.9566,0.2,,17.9,17.9,0.158,17.4,0.149,2.01,icon_d2
2026-09-03,W0276,52.3383,10.9861,0.2,,17.8,17.9,0.158,17.4,0.149,2.0,icon_d2
2026-09-03,W0297,52.3563,11.0157,0.1,,18.0,17.9,0.158,17.4,0.149,2.11,icon_d2
2026-09-03,W0298,52.3563,11.0452,0.1,,18.0,17.9,0.158,17.4,0.149,2.11,icon_d2
2026-09-03,W0299,52.3563,11.0747,0.1,,18.0,18.2,0.152,18.0,0.139,2.12,icon_d2
2026-09-03,W0277,52.3383,11.1043,0.3,,18.0,18.1,0.164,17.7,0.15,2.12,icon_d2
2026-09-03,W0278,52.3383,11.1338,0.2,,17.7,18.1,0.164,17.7,0.15,2.04,icon_d2
2026-09-03,W1386,52.3473,11.14953,0.2,,17.6,18.1,0.164,17.7,0.15,2.02,icon_d2
2026-09-03,W0302,52.3743,10.1,0.0,,18.3,18.5,0.156,18.3,0.146,2.07,icon_d2
2026-09-03,W1387,52.36532,10.14435,0.0,,18.3,18.5,0.156,18.3,0.146,2.18,icon_d2
2026-09-03,W0303,52.3743,10.1886,0.0,,18.2,18.4,0.164,18.0,0.151,2.15,icon_d2
2026-09-03,W1388,52.36532,10.20347,0.0,,18.2,18.4,0.164,18.0,0.151,2.16,icon_d2
2026-09-03,W1389,52.36532,10.23304,0.0,,18.3,18.4,0.164,18.0,0.151,2.2,icon_d2
2026-09-03,W1390,52.36532,10.2626,0.0,,18.2,18.1,0.193,17.8,0.163,2.22,icon_d2
2026-09-03,W0304,52.3743,10.3068,0.0,,18.1,18.1,0.193,17.8,0.163,2.2,icon_d2
2026-09-03,W0305,52.3743,10.3363,0.1,,18.1,18.1,0.193,17.8,0.163,2.16,icon_d2
2026-09-03,W0306,52.3743,10.3658,0.1,,18.2,17.7,0.193,17.3,0.176,2.17,icon_d2
2026-09-03,W0307,52.3743,10.3954,0.0,,18.1,17.7,0.193,17.3,0.176,2.23,icon_d2
2026-09-03,W0308,52.3743,10.4249,0.1,,18.0,17.7,0.193,17.3,0.176,2.18,icon_d2
2026-09-03,W1391,52.36532,10.43999,0.1,,18.0,18.2,0.185,18.1,0.144,2.18,icon_d2
2026-09-03,W1392,52.36532,10.46955,0.1,,17.9,18.2,0.185,18.1,0.144,2.13,icon_d2
2026-09-03,W0309,52.3743,10.5135,0.1,,18.0,18.0,0.172,17.5,0.15,2.12,icon_d2
2026-09-03,W1393,52.36532,10.52868,0.2,,17.9,18.2,0.185,18.1,0.144,2.06,icon_d2
2026-09-03,W0310,52.3743,10.5726,0.1,,17.9,18.0,0.172,17.5,0.15,2.13,icon_d2
2026-09-03,W1394,52.36532,10.58781,0.3,,17.9,18.0,0.172,17.5,0.15,2.1,icon_d2
2026-09-03,W1395,52.36532,10.61737,0.2,,17.8,17.8,0.195,17.4,0.149,2.03,icon_d2
2026-09-03,W0311,52.3743,10.6612,0.2,,17.8,17.8,0.195,17.4,0.149,2.09,icon_d2
2026-09-03,W0312,52.3743,10.6908,0.1,,17.9,18.5,0.121,18.1,0.15,1.98,icon_d2
2026-09-03,W0313,52.3743,10.7203,0.1,,17.7,18.5,0.121,18.1,0.15,1.96,icon_d2
2026-09-03,W0314,52.3743,10.7498,0.1,,17.6,18.5,0.121,18.1,0.15,1.99,icon_d2
2026-09-03,W0315,52.3743,10.7794,0.1,,17.7,17.9,0.177,17.4,0.146,2.06,icon_d2
2026-09-03,W0316,52.3743,10.8089,0.1,,17.7,17.9,0.177,17.4,0.146,2.06,icon_d2
2026-09-03,W0317,52.3743,10.8384,0.1,,17.8,18.4,0.135,18.2,0.148,2.03,icon_d2
2026-09-03,W0318,52.3743,10.868,0.1,,17.7,18.4,0.135,18.2,0.148,2.02,icon_d2
2026-09-03,W0319,52.3743,10.8975,0.1,,18.1,18.4,0.135,18.2,0.148,2.06,icon_d2
2026-09-03,W1396,52.36532,10.91302,0.2,,17.8,18.4,0.135,18.2,0.148,2.01,icon_d2
2026-09-03,W1397,52.36532,10.94258,0.1,,18.0,17.9,0.158,17.4,0.149,2.05,icon_d2
2026-09-03,W0320,52.3743,10.9861,0.1,,18.0,17.9,0.158,17.4,0.149,2.16,icon_d2
2026-09-03,W0321,52.3743,11.0157,0.1,,18.0,18.2,0.152,18.0,0.139,2.03,icon_d2
2026-09-03,W0322,52.3743,11.0452,0.1,,18.0,18.2,0.152,18.0,0.139,2.11,icon_d2
2026-09-03,W0323,52.3743,11.0747,0.1,,18.0,18.2,0.152,18.0,0.139,2.1,icon_d2
2026-09-03,W1607,52.36532,11.0904,0.1,,18.1,18.1,0.164,17.7,0.15,2.18,icon_d2
2026-09-03,W1398,52.36532,11.11997,0.1,,18.2,18.1,0.164,17.7,0.15,2.16,icon_d2
2026-09-03,W1399,52.36532,11.14953,0.1,,18.1,18.1,0.164,17.7,0.15,2.15,icon_d2
2026-09-03,W1400,52.38333,10.11478,0.0,,18.2,18.5,0.156,18.3,0.146,2.14,icon_d2
2026-09-03,W1401,52.38333,10.14435,0.0,,18.2,18.4,0.164,18.0,0.151,2.15,icon_d2
2026-09-03,W1402,52.38333,10.17391,0.0,,18.3,18.4,0.164,18.0,0.151,2.15,icon_d2
2026-09-03,W0324,52.3923,10.2182,0.0,,18.2,18.4,0.164,18.0,0.151,2.09,icon_d2
2026-09-03,W0325,52.3923,10.2477,0.0,,18.1,18.4,0.164,18.0,0.151,2.12,icon_d2
2026-09-03,W1403,52.38333,10.2626,0.0,,18.1,18.4,0.164,18.0,0.151,2.13,icon_d2
2026-09-03,W1404,52.38333,10.29217,0.0,,18.2,18.1,0.193,17.8,0.163,2.2,icon_d2
2026-09-03,W0326,52.3923,10.3363,0.0,,18.2,17.7,0.193,17.3,0.176,2.16,icon_d2
2026-09-03,W0327,52.3923,10.3658,0.0,,18.1,17.7,0.193,17.3,0.176,2.15,icon_d2
2026-09-03,W0328,52.3923,10.3954,0.0,,18.1,17.7,0.193,17.3,0.176,2.19,icon_d2
2026-09-03,W1405,52.38333,10.41042,0.1,,18.1,17.7,0.193,17.3,0.176,2.19,icon_d2
2026-09-03,W0329,52.3923,10.4545,0.1,,17.9,18.0,0.172,17.5,0.15,2.09,icon_d2
2026-09-03,W0330,52.3923,10.484,0.1,,18.0,18.0,0.172,17.5,0.15,2.09,icon_d2
2026-09-03,W0331,52.3923,10.5135,0.0,,17.9,18.0,0.172,17.5,0.15,2.08,icon_d2
2026-09-03,W1406,52.38333,10.52868,0.1,,18.0,18.0,0.172,17.5,0.15,2.12,icon_d2
2026-09-03,W1407,52.38333,10.55825,0.0,,17.9,18.0,0.172,17.5,0.15,2.13,icon_d2
2026-09-03,W0332,52.3923,10.6021,0.0,,17.9,18.0,0.172,17.5,0.15,2.16,icon_d2
2026-09-03,W1408,52.38333,10.61737,0.1,,17.8,17.8,0.195,17.4,0.149,2.14,icon_d2
2026-09-03,W0333,52.3923,10.6612,0.0,,17.8,18.5,0.121,18.1,0.15,2.16,icon_d2
2026-09-03,W0334,52.3923,10.6908,0.0,,17.9,18.5,0.121,18.1,0.15,2.14,icon_d2
2026-09-03,W0335,52.3923,10.7203,0.0,,17.8,18.5,0.121,18.1,0.15,2.08,icon_d2
2026-09-03,W0336,52.3923,10.7498,0.0,,17.8,18.5,0.121,18.1,0.15,2.08,icon_d2
2026-09-03,W0337,52.3923,10.7794,0.0,,17.7,18.4,0.135,18.2,0.148,2.01,icon_d2
2026-09-03,W0338,52.3923,10.8089,0.0,,17.8,18.4,0.135,18.2,0.148,2.02,icon_d2
2026-09-03,W1409,52.38333,10.82432,0.1,,17.8,18.4,0.135,18.2,0.148,2.07,icon_d2
2026-09-03,W0339,52.3923,10.868,0.1,,18.2,18.4,0.135,18.2,0.148,2.06,icon_d2
2026-09-03,W0340,52.3923,10.8975,0.0,,18.1,18.4,0.135,18.2,0.148,2.11,icon_d2
2026-09-03,W1410,52.38333,10.91302,0.1,,18.1,18.4,0.135,18.2,0.148,2.15,icon_d2
2026-09-03,W1411,52.38333,10.94258,0.1,,18.0,17.9,0.158,17.4,0.149,2.12,icon_d2
2026-09-03,W1412,52.38333,10.97214,0.1,,18.0,17.9,0.158,17.4,0.149,2.16,icon_d2
2026-09-03,W0341,52.3923,11.0157,0.1,,18.2,18.2,0.152,18.0,0.139,2.08,icon_d2
2026-09-03,W0342,52.3923,11.0452,0.1,,18.1,18.2,0.152,18.0,0.139,2.12,icon_d2
2026-09-03,W0343,52.3923,11.0747,0.1,,17.9,18.2,0.152,18.0,0.139,2.14,icon_d2
2026-09-03,W1413,52.38333,11.0904,0.1,,18.0,18.2,0.152,18.0,0.139,2.26,icon_d2
2026-09-03,W1414,52.38333,11.11997,0.1,,18.0,18.1,0.164,17.7,0.15,2.26,icon_d2
2026-09-03,W1415,52.38333,11.14953,0.1,,18.2,17.5,0.232,17.1,0.158,2.28,icon_d2
2026-09-03,W1416,52.40135,10.11478,0.0,,18.2,18.4,0.164,18.0,0.151,2.13,icon_d2
2026-09-03,W1417,52.40135,10.14435,0.0,,18.2,18.4,0.164,18.0,0.151,2.17,icon_d2
2026-09-03,W1418,52.40135,10.17391,0.0,,18.2,18.4,0.164,18.0,0.151,2.17,icon_d2
2026-09-03,W1419,52.40135,10.20347,0.0,,18.2,18.4,0.164,18.0,0.151,2.09,icon_d2
2026-09-03,W1420,52.40135,10.23304,0.0,,17.9,18.4,0.164,18.0,0.151,2.11,icon_d2
2026-09-03,W1421,52.40135,10.2626,0.0,,18.1,18.4,0.164,18.0,0.151,2.12,icon_d2
2026-09-03,W1422,52.40135,10.29217,0.0,,18.1,17.7,0.193,17.3,0.176,2.17,icon_d2
2026-09-03,W1423,52.40135,10.32173,0.0,,18.1,17.7,0.193,17.3,0.176,2.15,icon_d2
2026-09-03,W1424,52.40135,10.3513,0.0,,18.1,17.7,0.193,17.3,0.176,2.15,icon_d2
2026-09-03,W1425,52.40135,10.38086,0.0,,18.2,17.7,0.193,17.3,0.176,2.17,icon_d2
2026-09-03,W1426,52.40135,10.41042,0.0,,18.0,17.7,0.193,17.3,0.176,2.16,icon_d2
2026-09-03,W1427,52.40135,10.43999,0.0,,18.1,18.0,0.172,17.5,0.15,2.16,icon_d2
2026-09-03,W1428,52.40135,10.46955,0.1,,18.0,18.0,0.172,17.5,0.15,2.09,icon_d2
2026-09-03,W1429,52.40135,10.49912,0.0,,17.8,18.0,0.172,17.5,0.15,2.11,icon_d2
2026-09-03,W1430,52.40135,10.52868,0.0,,18.0,18.0,0.172,17.5,0.15,2.09,icon_d2
2026-09-03,W1431,52.40135,10.55825,0.0,,18.0,18.0,0.172,17.5,0.15,2.15,icon_d2
2026-09-03,W1432,52.40135,10.58781,0.0,,18.0,18.0,0.172,17.5,0.15,2.15,icon_d2
2026-09-03,W1433,52.40135,10.61737,0.0,,17.8,18.5,0.121,18.1,0.15,2.15,icon_d2
2026-09-03,W1434,52.40135,10.64694,0.1,,17.8,18.5,0.121,18.1,0.15,2.15,icon_d2
2026-09-03,W1435,52.40135,10.6765,0.0,,17.8,18.5,0.121,18.1,0.15,2.13,icon_d2
2026-09-03,W1436,52.40135,10.70607,0.0,,17.7,18.5,0.121,18.1,0.15,2.13,icon_d2
2026-09-03,W1437,52.40135,10.73563,0.0,,17.7,18.5,0.121,18.1,0.15,2.07,icon_d2
2026-09-03,W1438,52.40135,10.76519,0.1,,17.6,18.5,0.121,18.1,0.15,2.0,icon_d2
2026-09-03,W1439,52.40135,10.79476,0.0,,17.7,18.4,0.135,18.2,0.148,2.01,icon_d2
2026-09-03,W1440,52.40135,10.82432,0.1,,18.0,18.4,0.135,18.2,0.148,2.11,icon_d2
2026-09-03,W1441,52.40135,10.85389,0.1,,18.1,18.4,0.135,18.2,0.148,2.05,icon_d2
2026-09-03,W1442,52.40135,10.88345,0.1,,18.0,18.4,0.135,18.2,0.148,2.04,icon_d2
2026-09-03,W1443,52.40135,10.91302,0.1,,18.2,18.4,0.135,18.2,0.148,2.24,icon_d2
2026-09-03,W1444,52.40135,10.94258,0.1,,18.3,18.2,0.152,18.0,0.139,2.25,icon_d2
2026-09-03,W1445,52.40135,10.97214,0.1,,18.2,18.2,0.152,18.0,0.139,2.25,icon_d2
2026-09-03,W1446,52.40135,11.00171,0.1,,18.1,18.2,0.152,18.0,0.139,2.14,icon_d2
2026-09-03,W1447,52.40135,11.03127,0.1,,18.1,18.2,0.152,18.0,0.139,2.12,icon_d2
2026-09-03,W1448,52.40135,11.06084,0.1,,18.1,18.2,0.152,18.0,0.139,2.12,icon_d2
2026-09-03,W1449,52.40135,11.0904,0.1,,18.0,18.2,0.152,18.0,0.139,2.15,icon_d2
2026-09-03,W1450,52.40135,11.11997,0.1,,18.0,17.5,0.232,17.1,0.158,2.27,icon_d2
2026-09-03,W1451,52.40135,11.14953,0.1,,18.0,17.5,0.232,17.1,0.158,2.27,icon_d2
2026-09-03,W0345,52.4104,10.1295,0.0,,18.3,18.4,0.164,18.0,0.151,2.09,icon_d2
2026-09-03,W1452,52.41937,10.14435,0.0,,18.2,18.4,0.164,18.0,0.151,2.04,icon_d2
2026-09-03,W0346,52.4104,10.1886,0.0,,18.2,18.4,0.164,18.0,0.151,2.07,icon_d2
2026-09-03,W0347,52.4104,10.2182,0.0,,18.2,18.4,0.164,18.0,0.151,2.1,icon_d2
2026-09-03,W0348,52.4104,10.2477,0.0,,18.1,18.4,0.164,18.0,0.151,2.1,icon_d2
2026-09-03,W0349,52.4104,10.2772,0.0,,18.2,17.7,0.193,17.3,0.176,2.13,icon_d2
2026-09-03,W1453,52.41937,10.29217,0.0,,18.1,17.7,0.193,17.3,0.176,2.13,icon_d2
2026-09-03,W0350,52.4104,10.3363,0.0,,18.2,17.7,0.193,17.3,0.176,2.15,icon_d2
2026-09-03,W0351,52.4104,10.3658,0.0,,18.0,17.7,0.193,17.3,0.176,2.08,icon_d2
2026-09-03,W1454,52.41937,10.38086,0.0,,18.1,17.7,0.193,17.3,0.176,2.12,icon_d2
2026-09-03,W0352,52.4104,10.4249,0.0,,18.0,17.7,0.193,17.3,0.176,2.11,icon_d2
2026-09-03,W0353,52.4104,10.4545,0.0,,18.0,18.0,0.172,17.5,0.15,2.09,icon_d2
2026-09-03,W0354,52.4104,10.484,0.0,,18.1,18.0,0.172,17.5,0.15,2.07,icon_d2
2026-09-03,W0355,52.4104,10.5135,0.0,,18.1,18.0,0.172,17.5,0.15,2.06,icon_d2
2026-09-03,W0356,52.4104,10.5431,0.0,,18.0,18.0,0.172,17.5,0.15,2.13,icon_d2
2026-09-03,W1455,52.41937,10.55825,0.0,,17.9,18.0,0.172,17.5,0.15,2.12,icon_d2
2026-09-03,W1456,52.41937,10.58781,0.0,,18.0,18.0,0.172,17.5,0.15,2.14,icon_d2
2026-09-03,W1457,52.41937,10.61737,0.0,,18.1,18.5,0.121,18.1,0.15,2.11,icon_d2
2026-09-03,W1458,52.41937,10.64694,0.0,,18.0,18.5,0.121,18.1,0.15,2.19,icon_d2
2026-09-03,W1459,52.41937,10.6765,0.0,,18.0,18.5,0.121,18.1,0.15,2.18,icon_d2
2026-09-03,W1460,52.41937,10.70607,0.0,,18.0,18.5,0.121,18.1,0.15,2.19,icon_d2
2026-09-03,W0357,52.4104,10.7498,0.0,,18.1,18.5,0.121,18.1,0.15,2.17,icon_d2
2026-09-03,W0358,52.4104,10.7794,0.0,,18.1,18.4,0.135,18.2,0.148,2.06,icon_d2
2026-09-03,W0359,52.4104,10.8089,0.0,,18.3,18.4,0.135,18.2,0.148,2.13,icon_d2
2026-09-03,W1461,52.41937,10.82432,0.0,,18.3,18.4,0.135,18.2,0.148,2.13,icon_d2
2026-09-03,W0360,52.4104,10.868,0.0,,18.0,18.4,0.135,18.2,0.148,2.18,icon_d2
2026-09-03,W0361,52.4104,10.8975,0.0,,18.1,18.4,0.135,18.2,0.148,2.17,icon_d2
2026-09-03,W0362,52.4104,10.9271,0.0,,18.1,18.4,0.135,18.2,0.148,2.18,icon_d2
2026-09-03,W0363,52.4104,10.9566,0.0,,18.2,18.2,0.152,18.0,0.139,2.2,icon_d2
2026-09-03,W1462,52.41937,10.97214,0.0,,18.2,18.2,0.152,18.0,0.139,2.14,icon_d2
2026-09-03,W1463,52.41937,11.00171,0.0,,18.1,18.2,0.152,18.0,0.139,2.11,icon_d2
2026-09-03,W0364,52.4104,11.0452,0.2,,17.9,18.2,0.152,18.0,0.139,2.09,icon_d2
2026-09-03,W1464,52.41937,11.06084,0.2,,18.1,18.2,0.152,18.0,0.139,2.1,icon_d2
2026-09-03,W1465,52.41937,11.0904,0.1,,18.2,18.2,0.152,18.0,0.139,2.22,icon_d2
2026-09-03,W1466,52.41937,11.11997,0.1,,18.1,17.5,0.232,17.1,0.158,2.2,icon_d2
2026-09-03,W1467,52.41937,11.14953,0.1,,18.1,17.5,0.232,17.1,0.158,2.2,icon_d2
2026-09-03,W0366,52.4284,10.1295,0.0,,18.2,18.4,0.164,18.0,0.151,2.08,icon_d2
2026-09-03,W0367,52.4284,10.1591,0.0,,18.2,18.4,0.164,18.0,0.151,2.09,icon_d2
2026-09-03,W0368,52.4284,10.1886,0.0,,18.1,18.4,0.164,18.0,0.151,2.07,icon_d2
2026-09-03,W0369,52.4284,10.2182,0.0,,18.2,18.4,0.164,18.0,0.151,2.1,icon_d2
2026-09-03,W0370,52.4284,10.2477,0.0,,18.2,18.4,0.164,18.0,0.151,2.1,icon_d2
2026-09-03,W0371,52.4284,10.2772,0.0,,18.2,17.7,0.193,17.3,0.176,2.14,icon_d2
2026-09-03,W0372,52.4284,10.3068,0.0,,18.2,17.7,0.193,17.3,0.176,2.14,icon_d2
2026-09-03,W0373,52.4284,10.3363,0.0,,18.1,17.7,0.193,17.3,0.176,2.15,icon_d2
2026-09-03,W0374,52.4284,10.3658,0.0,,18.1,17.7,0.193,17.3,0.176,2.09,icon_d2
2026-09-03,W1468,52.43739,10.38086,0.0,,18.1,17.7,0.193,17.3,0.176,2.03,icon_d2
2026-09-03,W1469,52.43739,10.41042,0.0,,18.1,18.1,0.153,17.7,0.167,2.07,icon_d2
2026-09-03,W0375,52.4284,10.4545,0.0,,18.0,18.0,0.172,17.5,0.15,2.09,icon_d2
2026-09-03,W0376,52.4284,10.484,0.0,,18.1,18.0,0.172,17.5,0.15,2.07,icon_d2
2026-09-03,W0377,52.4284,10.5135,0.0,,18.1,18.0,0.172,17.5,0.15,2.07,icon_d2
2026-09-03,W0378,52.4284,10.5431,0.0,,18.0,18.0,0.172,17.5,0.15,2.13,icon_d2
2026-09-03,W0379,52.4284,10.5726,0.0,,18.1,18.0,0.172,17.5,0.15,2.15,icon_d2
2026-09-03,W1470,52.43739,10.58781,0.1,,18.0,18.8,0.115,18.4,0.15,2.13,icon_d2
2026-09-03,W0380,52.4284,10.6317,0.0,,18.1,18.5,0.121,18.1,0.15,2.2,icon_d2
2026-09-03,W0381,52.4284,10.6612,0.0,,18.1,18.5,0.121,18.1,0.15,2.2,icon_d2
2026-09-03,W1471,52.43739,10.6765,0.0,,18.1,18.5,0.121,18.1,0.15,2.08,icon_d2
2026-09-03,W1472,52.43739,10.70607,0.0,,18.1,18.5,0.121,18.1,0.15,2.1,icon_d2
2026-09-03,W0382,52.4284,10.7498,0.0,,18.3,18.8,0.081,18.0,0.15,2.18,icon_d2
2026-09-03,W1473,52.43739,10.76519,0.1,,18.6,18.8,0.081,18.0,0.15,2.23,icon_d2
2026-09-03,W1474,52.43739,10.79476,0.0,,18.5,18.4,0.135,18.2,0.148,2.19,icon_d2
2026-09-03,W1475,52.43739,10.82432,0.0,,18.5,18.4,0.135,18.2,0.148,2.18,icon_d2
2026-09-03,W0383,52.4284,10.868,0.0,,18.3,18.4,0.135,18.2,0.148,2.2,icon_d2
2026-09-03,W0384,52.4284,10.8975,0.0,,18.3,18.4,0.135,18.2,0.148,2.19,icon_d2
2026-09-03,W0385,52.4284,10.9271,0.0,,18.4,17.8,0.17,17.3,0.147,2.2,icon_d2
2026-09-03,W0386,52.4284,10.9566,0.0,,18.3,18.2,0.152,18.0,0.139,2.21,icon_d2
2026-09-03,W1476,52.43739,10.97214,0.4,,18.3,18.2,0.152,18.0,0.139,2.13,icon_d2
2026-09-03,W0387,52.4284,11.0157,0.1,,18.0,18.2,0.152,18.0,0.139,2.06,icon_d2
2026-09-03,W0388,52.4284,11.0452,0.2,,18.0,18.2,0.152,18.0,0.139,2.09,icon_d2
2026-09-03,W1477,52.43739,11.06084,0.4,,18.0,16.9,0.269,16.6,0.23,2.08,icon_d2
2026-09-03,W1478,52.43739,11.0904,0.4,,17.9,16.9,0.269,16.6,0.23,2.11,icon_d2
2026-09-03,W0389,52.4284,11.1338,0.1,,18.1,17.5,0.232,17.1,0.158,2.2,icon_d2
2026-09-03,W1479,52.43739,11.14953,0.3,,18.0,17.5,0.232,17.1,0.158,2.13,icon_d2
2026-09-03,W0416,52.4644,10.1295,0.0,,18.2,18.5,0.074,18.2,0.063,2.0,icon_d2
2026-09-03,W0417,52.4644,10.1591,0.0,,18.3,18.5,0.074,18.2,0.063,2.0,icon_d2
2026-09-03,W0418,52.4644,10.1886,0.0,,18.3,18.5,0.074,18.2,0.063,2.03,icon_d2
2026-09-03,W0419,52.4644,10.2182,0.0,,18.2,18.5,0.074,18.2,0.063,2.06,icon_d2
2026-09-03,W0420,52.4644,10.2477,0.0,,18.2,18.5,0.074,18.2,0.063,2.08,icon_d2
2026-09-03,W0421,52.4644,10.2772,0.0,,18.2,18.5,0.074,18.2,0.063,2.12,icon_d2
2026-09-03,W0422,52.4644,10.3068,0.0,,18.1,18.1,0.153,17.7,0.167,2.09,icon_d2
2026-09-03,W0423,52.4644,10.3363,0.0,,18.2,18.1,0.153,17.7,0.167,2.08,icon_d2
2026-09-03,W0424,52.4644,10.3658,0.0,,18.2,18.1,0.153,17.7,0.167,2.08,icon_d2
2026-09-03,W0425,52.4644,10.3954,0.1,,18.1,18.1,0.153,17.7,0.167,1.96,icon_d2
2026-09-03,W0426,52.4644,10.4249,0.1,,18.2,18.1,0.153,17.7,0.167,1.99,icon_d2
2026-09-03,W0427,52.4644,10.4545,0.0,,18.1,18.1,0.153,17.7,0.167,1.98,icon_d2
2026-09-03,W0428,52.4644,10.484,0.0,,18.0,18.8,0.115,18.4,0.15,1.98,icon_d2
2026-09-03,W0429,52.4644,10.5135,0.0,,18.1,18.8,0.115,18.4,0.15,2.02,icon_d2
2026-09-03,W0430,52.4644,10.5431,0.0,,18.3,18.8,0.115,18.4,0.15,2.12,icon_d2
2026-09-03,W0431,52.4644,10.5726,0.1,,18.1,18.8,0.115,18.4,0.15,2.07,icon_d2
2026-09-03,W0432,52.4644,10.6021,0.0,,18.1,18.8,0.115,18.4,0.15,2.03,icon_d2
2026-09-03,W0433,52.4644,10.6317,0.0,,18.1,18.8,0.081,18.0,0.15,2.01,icon_d2
2026-09-03,W0434,52.4644,10.6612,0.0,,18.1,18.8,0.081,18.0,0.15,2.01,icon_d2
2026-09-03,W0435,52.4644,10.6908,0.0,,18.0,18.8,0.081,18.0,0.15,2.09,icon_d2
2026-09-03,W0408,52.4464,10.7203,0.0,,18.1,18.8,0.081,18.0,0.15,2.13,icon_d2
2026-09-03,W1481,52.45541,10.73563,0.0,,18.0,18.8,0.081,18.0,0.15,2.12,icon_d2
2026-09-03,W0436,52.4644,10.7794,0.1,,18.0,18.8,0.081,18.0,0.15,2.09,icon_d2
2026-09-03,W0437,52.4644,10.8089,0.0,,18.1,17.8,0.17,17.3,0.147,2.11,icon_d2
2026-09-03,W0438,52.4644,10.8384,0.1,,18.3,17.8,0.17,17.3,0.147,2.19,icon_d2
2026-09-03,W0439,52.4644,10.868,0.1,,18.3,17.8,0.17,17.3,0.147,2.19,icon_d2
2026-09-03,W0440,52.4644,10.8975,0.3,,18.3,17.8,0.17,17.3,0.147,2.18,icon_d2
2026-09-03,W0441,52.4644,10.9271,0.6,,18.3,17.8,0.17,17.3,0.147,2.2,icon_d2
2026-09-03,W0442,52.4644,10.9566,0.8,,18.2,17.8,0.17,17.3,0.147,2.17,icon_d2
2026-09-03,W1482,52.45541,10.97214,0.8,,18.2,18.2,0.152,18.0,0.139,2.17,icon_d2
2026-09-03,W1609,52.45541,11.00171,0.5,,18.1,16.9,0.269,16.6,0.23,2.08,icon_d2
2026-09-03,W0443,52.4644,11.0452,0.8,,17.9,16.9,0.269,16.6,0.23,1.99,icon_d2
2026-09-03,W1483,52.45541,11.06084,0.6,,17.9,16.9,0.269,16.6,0.23,2.04,icon_d2
2026-09-03,W0444,52.4644,11.1043,0.4,,17.9,16.9,0.269,16.6,0.23,2.07,icon_d2
2026-09-03,W0445,52.4644,11.1338,0.5,,17.9,17.2,0.266,16.8,0.197,2.14,icon_d2
2026-09-03,W1484,52.45541,11.14953,0.5,,17.9,17.5,0.232,17.1,0.158,2.14,icon_d2
2026-09-03,W0446,52.4824,10.1295,0.1,,18.2,18.5,0.074,18.2,0.063,2.1,icon_d2
2026-09-03,W0447,52.4824,10.1591,0.0,,18.3,18.5,0.074,18.2,0.063,1.99,icon_d2
2026-09-03,W0448,52.4824,10.1886,0.0,,18.2,18.5,0.074,18.2,0.063,2.0,icon_d2
2026-09-03,W1485,52.47342,10.20347,0.0,,18.3,18.5,0.074,18.2,0.063,2.05,icon_d2
2026-09-03,W0449,52.4824,10.2477,0.0,,18.2,18.5,0.074,18.2,0.063,2.07,icon_d2
2026-09-03,W0450,52.4824,10.2772,0.1,,18.2,18.5,0.074,18.2,0.063,2.09,icon_d2
2026-09-03,W0451,52.4824,10.3068,0.0,,18.2,18.1,0.153,17.7,0.167,2.1,icon_d2
2026-09-03,W1486,52.47342,10.32173,0.1,,18.2,18.1,0.153,17.7,0.167,2.07,icon_d2
2026-09-03,W1487,52.47342,10.3513,0.1,,18.2,18.1,0.153,17.7,0.167,1.99,icon_d2
2026-09-03,W0452,52.4824,10.3954,0.1,,18.1,18.1,0.153,17.7,0.167,1.97,icon_d2
2026-09-03,W0453,52.4824,10.4249,0.1,,18.1,18.1,0.153,17.7,0.167,1.95,icon_d2
2026-09-03,W0454,52.4824,10.4545,0.0,,18.1,18.1,0.153,17.7,0.167,1.94,icon_d2
2026-09-03,W0455,52.4824,10.484,0.0,,18.1,18.8,0.115,18.4,0.15,1.95,icon_d2
2026-09-03,W0456,52.4824,10.5135,0.0,,18.1,18.8,0.115,18.4,0.15,2.0,icon_d2
2026-09-03,W1488,52.47342,10.52868,0.0,,18.1,18.8,0.115,18.4,0.15,2.0,icon_d2
2026-09-03,W0457,52.4824,10.5726,0.0,,18.4,18.8,0.115,18.4,0.15,2.12,icon_d2
2026-09-03,W0458,52.4824,10.6021,0.0,,18.2,18.8,0.115,18.4,0.15,2.04,icon_d2
2026-09-03,W0459,52.4824,10.6317,0.0,,18.1,18.8,0.081,18.0,0.15,2.04,icon_d2
2026-09-03,W0460,52.4824,10.6612,0.0,,18.1,18.8,0.081,18.0,0.15,2.05,icon_d2
2026-09-03,W0461,52.4824,10.6908,0.0,,18.0,18.8,0.081,18.0,0.15,2.12,icon_d2
2026-09-03,W0462,52.4824,10.7203,0.0,,17.9,18.8,0.081,18.0,0.15,2.13,icon_d2
2026-09-03,W1489,52.47342,10.73563,0.0,,17.9,18.8,0.081,18.0,0.15,2.13,icon_d2
2026-09-03,W0463,52.4824,10.7794,0.3,,18.0,18.8,0.081,18.0,0.15,2.09,icon_d2
2026-09-03,W0464,52.4824,10.8089,0.3,,17.9,17.8,0.17,17.3,0.147,2.09,icon_d2
2026-09-03,W1490,52.47342,10.82432,0.6,,18.1,17.8,0.17,17.3,0.147,2.15,icon_d2
2026-09-03,W1491,52.47342,10.85389,1.0,,18.1,17.8,0.17,17.3,0.147,2.11,icon_d2
2026-09-03,W1492,52.47342,10.88345,1.0,,18.2,17.8,0.17,17.3,0.147,2.17,icon_d2
2026-09-03,W1493,52.47342,10.91302,1.3,,18.2,17.8,0.17,17.3,0.147,2.17,icon_d2
2026-09-03,W0465,52.4824,10.9566,1.4,,18.2,17.8,0.17,17.3,0.147,2.13,icon_d2
2026-09-03,W0466,52.4824,10.9861,1.2,,18.2,16.9,0.269,16.6,0.23,2.16,icon_d2
2026-09-03,W0467,52.4824,11.0157,0.9,,18.0,16.9,0.269,16.6,0.23,2.03,icon_d2
2026-09-03,W0468,52.4824,11.0452,0.8,,18.0,16.9,0.269,16.6,0.23,1.99,icon_d2
2026-09-03,W1494,52.47342,11.06084,0.8,,18.0,16.9,0.269,16.6,0.23,1.99,icon_d2
2026-09-03,W1495,52.47342,11.0904,0.7,,17.9,16.9,0.269,16.6,0.23,2.1,icon_d2
2026-09-03,W1496,52.47342,11.11997,0.6,,17.9,16.9,0.269,16.6,0.23,2.2,icon_d2
2026-09-03,W1497,52.47342,11.14953,0.5,,17.9,17.2,0.266,16.8,0.197,2.2,icon_d2
2026-09-03,W1498,52.49144,10.11478,0.1,,18.3,18.0,0.109,17.8,0.075,2.1,icon_d2
2026-09-03,W1499,52.49144,10.14435,0.0,,18.3,18.5,0.074,18.2,0.063,2.03,icon_d2
2026-09-03,W1500,52.49144,10.17391,0.0,,18.3,18.5,0.074,18.2,0.063,2.01,icon_d2
2026-09-03,W1501,52.49144,10.20347,0.1,,18.3,18.5,0.074,18.2,0.063,2.03,icon_d2
2026-09-03,W1502,52.49144,10.23304,0.1,,18.3,18.5,0.074,18.2,0.063,2.1,icon_d2
2026-09-03,W1503,52.49144,10.2626,0.2,,18.1,18.5,0.074,18.2,0.063,2.09,icon_d2
2026-09-03,W1504,52.49144,10.29217,0.2,,18.2,18.1,0.153,17.7,0.167,2.06,icon_d2
2026-09-03,W1505,52.49144,10.32173,0.2,,18.1,18.1,0.153,17.7,0.167,2.04,icon_d2
2026-09-03,W1506,52.49144,10.3513,0.2,,18.1,18.1,0.153,17.7,0.167,2.01,icon_d2
2026-09-03,W1507,52.49144,10.38086,0.1,,18.1,18.1,0.153,17.7,0.167,1.96,icon_d2
2026-09-03,W1508,52.49144,10.41042,0.1,,18.2,18.1,0.153,17.7,0.167,1.94,icon_d2
2026-09-03,W1509,52.49144,10.43999,0.1,,18.1,18.1,0.153,17.7,0.167,1.92,icon_d2
2026-09-03,W1510,52.49144,10.46955,0.1,,18.1,18.8,0.115,18.4,0.15,1.92,icon_d2
2026-09-03,W1511,52.49144,10.49912,0.0,,18.1,18.8,0.115,18.4,0.15,2.02,icon_d2
2026-09-03,W1512,52.49144,10.52868,0.1,,18.0,18.8,0.115,18.4,0.15,2.07,icon_d2
2026-09-03,W1513,52.49144,10.55825,0.0,,18.2,18.8,0.115,18.4,0.15,2.04,icon_d2
2026-09-03,W1514,52.49144,10.58781,0.0,,18.1,18.8,0.115,18.4,0.15,2.01,icon_d2
2026-09-03,W1515,52.49144,10.61737,0.1,,18.1,18.8,0.115,18.4,0.15,2.0,icon_d2
2026-09-03,W1516,52.49144,10.64694,0.1,,18.0,18.8,0.081,18.0,0.15,2.04,icon_d2
2026-09-03,W1517,52.49144,10.6765,0.1,,18.0,18.8,0.081,18.0,0.15,2.09,icon_d2
2026-09-03,W1518,52.49144,10.70607,0.1,,18.0,18.8,0.081,18.0,0.15,2.09,icon_d2
2026-09-03,W1519,52.49144,10.73563,0.2,,17.8,18.8,0.081,18.0,0.15,2.11,icon_d2
2026-09-03,W1520,52.49144,10.76519,0.4,,17.9,18.8,0.081,18.0,0.15,2.08,icon_d2
2026-09-03,W1521,52.49144,10.79476,0.5,,17.9,17.8,0.17,17.3,0.147,2.09,icon_d2
2026-09-03,W1522,52.49144,10.82432,0.5,,17.9,17.8,0.17,17.3,0.147,2.09,icon_d2
2026-09-03,W1523,52.49144,10.85389,0.9,,18.0,17.8,0.17,17.3,0.147,2.02,icon_d2
2026-09-03,W1524,52.49144,10.88345,0.9,,18.0,17.8,0.17,17.3,0.147,2.02,icon_d2
2026-09-03,W1525,52.49144,10.91302,1.3,,18.0,17.8,0.17,17.3,0.147,2.04,icon_d2
2026-09-03,W1526,52.49144,10.94258,1.4,,18.1,17.8,0.17,17.3,0.147,2.09,icon_d2
2026-09-03,W1527,52.49144,10.97214,1.4,,18.0,16.9,0.269,16.6,0.23,2.09,icon_d2
2026-09-03,W1528,52.49144,11.00171,1.1,,18.1,16.9,0.269,16.6,0.23,2.11,icon_d2
2026-09-03,W1529,52.49144,11.03127,1.1,,18.2,16.9,0.269,16.6,0.23,2.15,icon_d2
2026-09-03,W1530,52.49144,11.06084,0.8,,18.0,16.9,0.269,16.6,0.23,2.16,icon_d2
2026-09-03,W1531,52.49144,11.0904,0.7,,17.9,16.9,0.269,16.6,0.23,2.1,icon_d2
2026-09-03,W1532,52.49144,11.11997,0.6,,17.9,16.9,0.269,16.6,0.23,2.2,icon_d2
2026-09-03,W1533,52.49144,11.14953,0.6,,17.9,17.2,0.266,16.8,0.197,2.2,icon_d2
2026-09-03,W0470,52.5005,10.1295,0.1,,18.4,18.5,0.074,18.2,0.063,2.1,icon_d2
2026-09-03,W0471,52.5005,10.1591,0.0,,18.3,18.5,0.074,18.2,0.063,2.03,icon_d2
2026-09-03,W0472,52.5005,10.1886,0.0,,18.3,18.5,0.074,18.2,0.063,2.01,icon_d2
2026-09-03,W1534,52.50946,10.20347,0.1,,18.3,18.5,0.074,18.2,0.063,2.03,icon_d2
2026-09-03,W0473,52.5005,10.2477,0.1,,18.2,18.5,0.074,18.2,0.063,2.1,icon_d2
2026-09-03,W0474,52.5005,10.2772,0.1,,18.2,18.1,0.083,17.8,0.055,2.1,icon_d2
2026-09-03,W0475,52.5005,10.3068,0.2,,18.2,18.1,0.153,17.7,0.167,2.06,icon_d2
2026-09-03,W1535,52.50946,10.32173,0.2,,18.1,18.1,0.153,17.7,0.167,2.04,icon_d2
2026-09-03,W1536,52.50946,10.3513,0.2,,18.2,18.1,0.153,17.7,0.167,2.01,icon_d2
2026-09-03,W0476,52.5005,10.3954,0.1,,18.2,18.1,0.153,17.7,0.167,1.94,icon_d2
2026-09-03,W0477,52.5005,10.4249,0.1,,18.2,18.1,0.153,17.7,0.167,1.94,icon_d2
2026-09-03,W0478,52.5005,10.4545,0.1,,18.1,17.2,0.148,16.7,0.081,1.92,icon_d2
2026-09-03,W0479,52.5005,10.484,0.0,,18.1,18.8,0.115,18.4,0.15,2.02,icon_d2
2026-09-03,W0480,52.5005,10.5135,0.1,,18.0,18.8,0.115,18.4,0.15,2.07,icon_d2
2026-09-03,W0481,52.5005,10.5431,0.0,,18.1,18.8,0.115,18.4,0.15,2.03,icon_d2
2026-09-03,W0482,52.5005,10.5726,0.0,,18.1,18.8,0.115,18.4,0.15,2.01,icon_d2
2026-09-03,W0483,52.5005,10.6021,0.0,,18.2,17.4,0.129,16.7,0.052,2.02,icon_d2
2026-09-03,W1537,52.50946,10.61737,0.1,,18.0,17.4,0.129,16.7,0.052,1.99,icon_d2
2026-09-03,W0484,52.5005,10.6612,0.2,,17.9,18.8,0.081,18.0,0.15,2.06,icon_d2
2026-09-03,W0485,52.5005,10.6908,0.1,,17.8,18.8,0.081,18.0,0.15,2.08,icon_d2
2026-09-03,W0486,52.5005,10.7203,0.4,,17.9,18.8,0.081,18.0,0.15,2.12,icon_d2
2026-09-03,W0487,52.5005,10.7498,0.2,,17.8,18.8,0.081,18.0,0.15,2.11,icon_d2
2026-09-03,W1538,52.50946,10.76519,0.4,,17.8,17.5,0.107,16.8,0.072,2.07,icon_d2
2026-09-03,W0488,52.5005,10.8089,0.5,,17.9,17.8,0.17,17.3,0.147,2.1,icon_d2
2026-09-03,W0489,52.5005,10.8384,0.9,,17.9,17.8,0.17,17.3,0.147,2.01,icon_d2
2026-09-03,W0490,52.5005,10.868,0.9,,17.9,17.8,0.17,17.3,0.147,2.01,icon_d2
2026-09-03,W0491,52.5005,10.8975,1.3,,18.0,17.8,0.17,17.3,0.147,2.04,icon_d2
2026-09-03,W0492,52.5005,10.9271,1.3,,18.0,17.8,0.17,17.3,0.147,2.04,icon_d2
2026-09-03,W0493,52.5005,10.9566,1.4,,18.0,17.5,0.208,17.0,0.164,2.08,icon_d2
2026-09-03,W0494,52.5005,10.9861,1.4,,18.1,16.9,0.269,16.6,0.23,2.09,icon_d2
2026-09-03,W1539,52.50946,11.00171,1.1,,18.1,16.9,0.269,16.6,0.23,2.11,icon_d2
2026-09-03,W1540,52.50946,11.03127,1.1,,18.2,16.9,0.269,16.6,0.23,2.15,icon_d2
2026-09-03,W1541,52.50946,11.06084,0.8,,17.9,16.9,0.269,16.6,0.23,2.16,icon_d2
2026-09-03,W0495,52.5005,11.1043,0.7,,17.9,17.1,0.249,16.7,0.206,2.1,icon_d2
2026-09-03,W1542,52.50946,11.11997,0.6,,17.9,17.1,0.249,16.7,0.206,2.2,icon_d2
2026-09-03,W1543,52.50946,11.14953,0.6,,17.9,17.2,0.266,16.8,0.197,2.2,icon_d2
2026-09-03,W0497,52.5185,10.1295,0.0,,18.4,17.7,0.129,17.4,0.062,2.05,icon_d2
2026-09-03,W0498,52.5185,10.1591,0.1,,18.2,18.5,0.074,18.2,0.063,2.02,icon_d2
2026-09-03,W1544,52.52748,10.17391,0.1,,18.3,18.1,0.083,17.8,0.055,2.02,icon_d2
2026-09-03,W1545,52.52748,10.20347,0.1,,18.3,18.1,0.083,17.8,0.055,2.06,icon_d2
2026-09-03,W0499,52.5185,10.2477,0.1,,18.2,18.1,0.083,17.8,0.055,2.06,icon_d2
2026-09-03,W0500,52.5185,10.2772,0.0,,18.2,18.1,0.083,17.8,0.055,2.1,icon_d2
2026-09-03,W0501,52.5185,10.3068,0.0,,18.2,18.1,0.153,17.7,0.167,2.06,icon_d2
2026-09-03,W1546,52.52748,10.32173,0.0,,18.2,18.1,0.153,17.7,0.167,2.06,icon_d2
2026-09-03,W1547,52.52748,10.3513,0.0,,18.1,17.2,0.148,16.7,0.081,2.01,icon_d2
2026-09-03,W0502,52.5185,10.3954,0.0,,18.1,17.2,0.148,16.7,0.081,1.94,icon_d2
2026-09-03,W0503,52.5185,10.4249,0.0,,18.1,17.2,0.148,16.7,0.081,1.94,icon_d2
2026-09-03,W0504,52.5185,10.4545,0.0,,18.1,17.2,0.148,16.7,0.081,1.94,icon_d2
2026-09-03,W1548,52.52748,10.46955,0.0,,18.0,17.2,0.148,16.7,0.081,1.93,icon_d2
2026-09-03,W0505,52.5185,10.5135,0.0,,18.0,18.8,0.115,18.4,0.15,2.09,icon_d2
2026-09-03,W0506,52.5185,10.5431,0.0,,18.0,17.4,0.129,16.7,0.052,2.1,icon_d2
2026-09-03,W0507,52.5185,10.5726,0.1,,18.0,17.4,0.129,16.7,0.052,1.98,icon_d2
2026-09-03,W0508,52.5185,10.6021,0.1,,18.1,17.4,0.129,16.7,0.052,1.99,icon_d2
2026-09-03,W0509,52.5185,10.6317,0.1,,18.0,17.4,0.129,16.7,0.052,1.94,icon_d2
2026-09-03,W0510,52.5185,10.6612,0.2,,17.9,18.8,0.081,18.0,0.15,1.99,icon_d2
2026-09-03,W0511,52.5185,10.6908,0.2,,17.8,18.8,0.081,18.0,0.15,2.04,icon_d2
2026-09-03,W0512,52.5185,10.7203,0.4,,17.8,17.5,0.107,16.8,0.072,2.1,icon_d2
2026-09-03,W0513,52.5185,10.7498,0.4,,17.9,17.5,0.107,16.8,0.072,2.15,icon_d2
2026-09-03,W0514,52.5185,10.7794,0.5,,17.9,17.5,0.107,16.8,0.072,2.11,icon_d2
2026-09-03,W1549,52.52748,10.79476,0.5,,18.0,17.5,0.107,16.8,0.072,2.12,icon_d2
2026-09-03,W0515,52.5185,10.8384,0.6,,17.8,17.8,0.17,17.3,0.147,2.04,icon_d2
2026-09-03,W0516,52.5185,10.868,0.6,,17.9,17.5,0.208,17.0,0.164,2.04,icon_d2
2026-09-03,W0517,52.5185,10.8975,1.0,,17.9,17.5,0.208,17.0,0.164,2.01,icon_d2
2026-09-03,W0518,52.5185,10.9271,1.1,,17.9,17.5,0.208,17.0,0.164,2.0,icon_d2
2026-09-03,W0519,52.5185,10.9566,0.8,,17.9,17.5,0.208,17.0,0.164,2.06,icon_d2
2026-09-03,W0520,52.5185,10.9861,1.0,,18.0,16.9,0.269,16.6,0.23,2.12,icon_d2
2026-09-03,W0521,52.5185,11.0157,0.9,,18.1,16.9,0.269,16.6,0.23,2.19,icon_d2
2026-09-03,W1550,52.52748,11.03127,0.9,,18.1,17.1,0.249,16.7,0.206,2.19,icon_d2
2026-09-03,W1551,52.52748,11.06084,0.6,,18.0,17.1,0.249,16.7,0.206,2.19,icon_d2
2026-09-03,W1552,52.52748,11.0904,0.4,,17.8,17.1,0.249,16.7,0.206,2.18,icon_d2
2026-09-03,W1553,52.52748,11.11997,0.4,,17.8,17.1,0.249,16.7,0.206,2.18,icon_d2
2026-09-03,W1554,52.52748,11.14953,0.4,,17.8,17.2,0.266,16.8,0.197,2.17,icon_d2
2026-09-03,W0523,52.5365,10.1295,0.0,,18.4,17.7,0.129,17.4,0.062,2.08,icon_d2
2026-09-03,W1555,52.5455,10.14435,0.0,,18.4,18.1,0.083,17.8,0.055,2.1,icon_d2
2026-09-03,W1556,52.5455,10.17391,0.0,,18.3,18.1,0.083,17.8,0.055,2.06,icon_d2
2026-09-03,W0524,52.5365,10.2182,0.0,,18.3,18.1,0.083,17.8,0.055,2.04,icon_d2
2026-09-03,W0525,52.5365,10.2477,0.0,,18.2,18.1,0.083,17.8,0.055,2.04,icon_d2
2026-09-03,W0526,52.5365,10.2772,0.0,,18.2,18.1,0.083,17.8,0.055,2.07,icon_d2
2026-09-03,W0527,52.5365,10.3068,0.0,,18.2,18.1,0.083,17.8,0.055,2.07,icon_d2
2026-09-03,W0547,52.5545,10.3363,0.0,,18.1,17.2,0.148,16.7,0.081,1.96,icon_d2
2026-09-03,W1557,52.5455,10.3513,0.0,,18.2,17.2,0.148,16.7,0.081,2.01,icon_d2
2026-09-03,W0548,52.5545,10.3954,0.0,,18.1,17.2,0.148,16.7,0.081,1.93,icon_d2
2026-09-03,W0549,52.5545,10.4249,0.0,,18.1,17.2,0.148,16.7,0.081,1.93,icon_d2
2026-09-03,W0528,52.5365,10.4545,0.0,,18.0,17.2,0.148,16.7,0.081,1.92,icon_d2
2026-09-03,W0529,52.5365,10.484,0.0,,18.0,17.4,0.129,16.7,0.052,1.97,icon_d2
2026-09-03,W0530,52.5365,10.5135,0.0,,18.0,17.4,0.129,16.7,0.052,1.98,icon_d2
2026-09-03,W0531,52.5365,10.5431,0.0,,18.0,17.4,0.129,16.7,0.052,2.06,icon_d2
2026-09-03,W0532,52.5365,10.5726,0.0,,18.0,17.4,0.129,16.7,0.052,1.97,icon_d2
2026-09-03,W0533,52.5365,10.6021,0.1,,18.0,17.4,0.129,16.7,0.052,1.98,icon_d2
2026-09-03,W0534,52.5365,10.6317,0.1,,18.0,17.4,0.129,16.7,0.052,1.97,icon_d2
2026-09-03,W0535,52.5365,10.6612,0.1,,17.9,17.5,0.107,16.8,0.072,1.99,icon_d2
2026-09-03,W0536,52.5365,10.6908,0.2,,17.9,17.5,0.107,16.8,0.072,2.06,icon_d2
2026-09-03,W0537,52.5365,10.7203,0.2,,18.0,17.5,0.107,16.8,0.072,2.07,icon_d2
2026-09-03,W0538,52.5365,10.7498,0.2,,17.8,17.5,0.107,16.8,0.072,2.07,icon_d2
2026-09-03,W0539,52.5365,10.7794,0.1,,18.0,17.5,0.107,16.8,0.072,2.05,icon_d2
2026-09-03,W0540,52.5365,10.8089,0.3,,18.0,17.5,0.107,16.8,0.072,2.17,icon_d2
2026-09-03,W0562,52.5545,10.8384,0.1,,17.8,17.5,0.208,17.0,0.164,1.96,icon_d2
2026-09-03,W0563,52.5545,10.868,0.0,,17.7,17.5,0.208,17.0,0.164,1.97,icon_d2
2026-09-03,W0564,52.5545,10.8975,0.1,,17.8,17.5,0.208,17.0,0.164,2.01,icon_d2
2026-09-03,W0541,52.5365,10.9271,0.7,,17.9,17.5,0.208,17.0,0.164,2.04,icon_d2
2026-09-03,W0542,52.5365,10.9566,0.8,,17.9,17.5,0.208,17.0,0.164,2.06,icon_d2
2026-09-03,W1558,52.5455,10.97214,0.3,,17.9,17.5,0.208,17.0,0.164,2.05,icon_d2
2026-09-03,W1559,52.5455,11.00171,0.2,,17.9,17.1,0.249,16.7,0.206,2.14,icon_d2
2026-09-03,W1560,52.5455,11.03127,0.2,,17.9,17.1,0.249,16.7,0.206,2.16,icon_d2
2026-09-03,W0543,52.5365,11.0747,0.1,,17.9,17.1,0.249,16.7,0.206,2.15,icon_d2
2026-09-03,W0544,52.5365,11.1043,0.2,,17.8,17.1,0.249,16.7,0.206,2.15,icon_d2
2026-09-03,W0567,52.5545,11.1338,0.4,,17.7,17.1,0.249,16.7,0.206,2.09,icon_d2
2026-09-03,W1561,52.5455,11.14953,0.1,,17.8,17.4,0.234,16.7,0.163,2.14,icon_d2
2026-09-03,W1562,52.56351,10.11478,0.0,,18.3,17.7,0.129,17.4,0.062,2.13,icon_d2
2026-09-03,W0568,52.5725,10.1591,0.0,,18.2,18.1,0.083,17.8,0.055,1.99,icon_d2
2026-09-03,W0569,52.5725,10.1886,0.0,,18.2,18.1,0.083,17.8,0.055,2.0,icon_d2
2026-09-03,W0570,52.5725,10.2182,0.0,,18.1,18.1,0.083,17.8,0.055,2.02,icon_d2
2026-09-03,W1563,52.56351,10.23304,0.0,,18.2,18.1,0.083,17.8,0.055,2.0,icon_d2
2026-09-03,W0571,52.5725,10.2772,0.0,,18.1,17.3,0.141,17.0,0.055,2.04,icon_d2
2026-09-03,W0572,52.5725,10.3068,0.0,,18.1,17.3,0.141,17.0,0.055,1.98,icon_d2
2026-09-03,W0573,52.5725,10.3363,0.0,,18.0,17.2,0.148,16.7,0.081,1.91,icon_d2
2026-09-03,W0574,52.5725,10.3658,0.0,,18.1,17.2,0.148,16.7,0.081,1.91,icon_d2
2026-09-03,W0575,52.5725,10.3954,0.0,,18.0,17.2,0.148,16.7,0.081,1.91,icon_d2
2026-09-03,W0576,52.5725,10.4249,0.0,,18.0,17.2,0.148,16.7,0.081,1.9,icon_d2
2026-09-03,W0577,52.5725,10.4545,0.0,,18.0,17.1,0.139,16.6,0.057,1.91,icon_d2
2026-09-03,W0578,52.5725,10.484,0.0,,17.9,17.4,0.129,16.7,0.052,1.92,icon_d2
2026-09-03,W0579,52.5725,10.5135,0.0,,18.0,17.4,0.129,16.7,0.052,1.95,icon_d2
2026-09-03,W0580,52.5725,10.5431,0.0,,18.0,17.4,0.129,16.7,0.052,1.92,icon_d2
2026-09-03,W0581,52.5725,10.5726,0.0,,17.9,17.4,0.129,16.7,0.052,1.91,icon_d2
2026-09-03,W0582,52.5725,10.6021,0.0,,17.9,17.4,0.129,16.7,0.052,1.91,icon_d2
2026-09-03,W0583,52.5725,10.6317,0.0,,17.9,17.2,0.13,16.6,0.05,1.97,icon_d2
2026-09-03,W0584,52.5725,10.6612,0.0,,17.9,17.5,0.107,16.8,0.072,1.96,icon_d2
2026-09-03,W0585,52.5725,10.6908,0.0,,17.8,17.5,0.107,16.8,0.072,1.92,icon_d2
2026-09-03,W0586,52.5725,10.7203,0.0,,17.8,17.5,0.107,16.8,0.072,1.91,icon_d2
2026-09-03,W0587,52.5725,10.7498,0.0,,17.9,17.5,0.107,16.8,0.072,1.99,icon_d2
2026-09-03,W0588,52.5725,10.7794,0.1,,17.8,17.6,0.136,17.0,0.074,1.87,icon_d2
2026-09-03,W0589,52.5725,10.8089,0.4,,17.7,17.6,0.136,17.0,0.074,1.8,icon_d2
2026-09-03,W0590,52.5725,10.8384,0.8,,17.7,17.5,0.208,17.0,0.164,1.92,icon_d2
2026-09-03,W0591,52.5725,10.868,0.8,,17.8,17.5,0.208,17.0,0.164,1.93,icon_d2
2026-09-03,W0592,52.5725,10.8975,0.8,,17.7,17.5,0.208,17.0,0.164,2.02,icon_d2
2026-09-03,W0593,52.5725,10.9271,0.8,,17.7,17.5,0.208,17.0,0.164,2.02,icon_d2
2026-09-03,W1564,52.56351,10.94258,0.2,,17.9,17.5,0.208,17.0,0.164,2.0,icon_d2
2026-09-03,W1565,52.56351,10.97214,0.2,,17.8,17.5,0.208,17.0,0.164,2.06,icon_d2
2026-09-03,W1566,52.56351,11.00171,0.2,,17.8,17.1,0.249,16.7,0.206,2.06,icon_d2
2026-09-03,W1567,52.56351,11.03127,0.6,,17.8,17.1,0.249,16.7,0.206,2.09,icon_d2
2026-09-03,W0594,52.5725,11.0747,0.8,,17.7,17.1,0.249,16.7,0.206,2.09,icon_d2
2026-09-03,W1568,52.56351,11.0904,0.6,,17.8,17.1,0.249,16.7,0.206,2.13,icon_d2
2026-09-03,W0595,52.5725,11.1338,0.5,,17.8,17.9,0.176,17.5,0.149,2.01,icon_d2
2026-09-03,W1569,52.56351,11.14953,0.4,,17.6,17.4,0.234,16.7,0.163,2.09,icon_d2
2026-09-03,W1570,52.58153,10.11478,0.0,,18.2,17.5,0.146,17.4,0.066,2.09,icon_d2
2026-09-03,W0596,52.5905,10.1591,0.0,,18.2,18.1,0.083,17.8,0.055,1.98,icon_d2
2026-09-03,W0597,52.5905,10.1886,0.0,,18.2,18.1,0.083,17.8,0.055,1.99,icon_d2
2026-09-03,W0598,52.5905,10.2182,0.0,,18.1,17.3,0.141,17.0,0.055,1.86,icon_d2
2026-09-03,W0599,52.5905,10.2477,0.0,,18.1,17.3,0.141,17.0,0.055,1.9,icon_d2
2026-09-03,W0600,52.5905,10.2772,0.0,,18.1,17.3,0.141,17.0,0.055,2.02,icon_d2
2026-09-03,W0601,52.5905,10.3068,0.0,,18.0,17.3,0.141,17.0,0.055,1.97,icon_d2
2026-09-03,W0602,52.5905,10.3363,0.0,,17.9,17.2,0.148,16.7,0.081,1.9,icon_d2
2026-09-03,W1571,52.58153,10.3513,0.0,,18.1,17.2,0.148,16.7,0.081,1.91,icon_d2
2026-09-03,W1572,52.58153,10.38086,0.0,,18.1,17.2,0.148,16.7,0.081,1.92,icon_d2
2026-09-03,W1573,52.58153,10.41042,0.0,,18.1,17.1,0.139,16.6,0.057,1.91,icon_d2
2026-09-03,W0603,52.5905,10.4545,0.0,,17.9,17.1,0.139,16.6,0.057,1.91,icon_d2
2026-09-03,W0604,52.5905,10.484,0.1,,17.8,17.1,0.139,16.6,0.057,1.89,icon_d2
2026-09-03,W0605,52.5905,10.5135,0.0,,18.0,17.4,0.129,16.7,0.052,1.95,icon_d2
2026-09-03,W0606,52.5905,10.5431,0.0,,17.9,17.4,0.129,16.7,0.052,1.91,icon_d2
2026-09-03,W0607,52.5905,10.5726,0.0,,17.8,17.2,0.13,16.6,0.05,1.94,icon_d2
2026-09-03,W1574,52.58153,10.58781,0.0,,17.9,17.2,0.13,16.6,0.05,1.91,icon_d2
2026-09-03,W0608,52.5905,10.6317,0.1,,17.8,17.2,0.13,16.6,0.05,1.89,icon_d2
2026-09-03,W0609,52.5905,10.6612,0.0,,17.9,17.5,0.107,16.8,0.072,1.92,icon_d2
2026-09-03,W0610,52.5905,10.6908,0.0,,17.7,17.5,0.107,16.8,0.072,1.83,icon_d2
2026-09-03,W0611,52.5905,10.7203,0.0,,17.7,17.6,0.136,17.0,0.074,1.86,icon_d2
2026-09-03,W0612,52.5905,10.7498,0.2,,17.7,17.6,0.136,17.0,0.074,1.84,icon_d2
2026-09-03,W0613,52.5905,10.7794,0.6,,17.7,17.6,0.136,17.0,0.074,1.76,icon_d2
2026-09-03,W0614,52.5905,10.8089,0.6,,17.6,17.6,0.136,17.0,0.074,1.75,icon_d2
2026-09-03,W0615,52.5905,10.8384,1.1,,17.6,17.5,0.208,17.0,0.164,1.79,icon_d2
2026-09-03,W0616,52.5905,10.868,0.8,,17.8,17.5,0.208,17.0,0.164,1.87,icon_d2
2026-09-03,W1742,52.58153,10.88345,1.3,,17.7,17.5,0.208,17.0,0.164,2.0,icon_d2
2026-09-03,W1743,52.58153,10.91302,0.8,,17.7,17.6,0.183,17.1,0.151,2.02,icon_d2
2026-09-03,W0617,52.5905,10.9566,0.6,,17.9,17.6,0.183,17.1,0.151,2.03,icon_d2
2026-09-03,W1744,52.58153,10.97214,1.1,,17.8,17.6,0.183,17.1,0.151,2.01,icon_d2
2026-09-03,W0618,52.5905,11.0157,0.5,,17.9,17.1,0.249,16.7,0.206,1.96,icon_d2
2026-09-03,W0619,52.5905,11.0452,0.7,,17.7,17.1,0.249,16.7,0.206,1.99,icon_d2
2026-09-03,W1745,52.58153,11.06084,0.8,,17.7,17.1,0.249,16.7,0.206,2.09,icon_d2
2026-09-03,W1746,52.58153,11.0904,0.4,,17.8,17.9,0.176,17.5,0.149,2.01,icon_d2
2026-09-03,W0620,52.5905,11.1338,0.3,,17.7,17.9,0.176,17.5,0.149,1.93,icon_d2
2026-09-03,W1747,52.58153,11.14953,0.5,,17.6,17.9,0.176,17.5,0.149,2.0,icon_d2
2026-09-03,W1748,52.59955,10.11478,0.0,,18.4,17.5,0.146,17.4,0.066,2.11,icon_d2
2026-09-03,W1749,52.59955,10.14435,0.0,,18.4,17.5,0.146,17.4,0.066,2.11,icon_d2
2026-09-03,W1750,52.59955,10.17391,0.0,,18.2,17.3,0.141,17.0,0.055,1.99,icon_d2
2026-09-03,W1751,52.59955,10.20347,0.0,,18.1,17.3,0.141,17.0,0.055,1.86,icon_d2
2026-09-03,W1752,52.59955,10.23304,0.0,,18.0,17.3,0.141,17.0,0.055,1.9,icon_d2
2026-09-03,W1753,52.59955,10.2626,0.0,,18.0,17.3,0.141,17.0,0.055,2.02,icon_d2
2026-09-03,W1754,52.59955,10.29217,0.0,,18.0,17.3,0.141,17.0,0.055,1.97,icon_d2
2026-09-03,W1755,52.59955,10.32173,0.0,,18.0,17.3,0.141,17.0,0.055,1.97,icon_d2
2026-09-03,W1756,52.59955,10.3513,0.0,,18.0,17.1,0.139,16.6,0.057,1.94,icon_d2
2026-09-03,W1757,52.59955,10.38086,0.0,,17.9,17.1,0.139,16.6,0.057,1.9,icon_d2
2026-09-03,W1758,52.59955,10.41042,0.0,,17.9,17.1,0.139,16.6,0.057,1.86,icon_d2
2026-09-03,W1759,52.59955,10.43999,0.0,,17.9,17.1,0.139,16.6,0.057,1.86,icon_d2
2026-09-03,W1760,52.59955,10.46955,0.0,,17.9,17.1,0.139,16.6,0.057,1.91,icon_d2
2026-09-03,W1761,52.59955,10.49912,0.1,,17.9,17.4,0.129,16.7,0.052,1.89,icon_d2
2026-09-03,W1762,52.59955,10.52868,0.0,,18.0,17.2,0.13,16.6,0.05,1.95,icon_d2
2026-09-03,W1763,52.59955,10.55825,0.0,,17.9,17.2,0.13,16.6,0.05,1.94,icon_d2
2026-09-03,W1764,52.59955,10.58781,0.0,,17.8,17.2,0.13,16.6,0.05,1.94,icon_d2
2026-09-03,W1765,52.59955,10.61737,0.0,,17.9,17.2,0.13,16.6,0.05,1.89,icon_d2
2026-09-03,W1599,52.59955,10.64694,0.1,,17.7,17.2,0.13,16.6,0.05,1.88,icon_d2
2026-09-03,W1600,52.59955,10.6765,0.0,,17.9,17.5,0.107,16.8,0.072,1.92,icon_d2
2026-09-03,W1601,52.59955,10.70607,0.0,,17.7,17.6,0.136,17.0,0.074,1.83,icon_d2
2026-09-03,W1610,52.59955,10.73563,0.2,,17.8,17.6,0.136,17.0,0.074,1.85,icon_d2
2026-09-03,W1602,52.59955,10.76519,0.2,,17.8,17.6,0.136,17.0,0.074,1.85,icon_d2
2026-09-03,W1603,52.59955,10.79476,0.6,,17.6,17.6,0.136,17.0,0.074,1.75,icon_d2
2026-09-03,W1611,52.59955,10.82432,1.1,,17.6,17.6,0.136,17.0,0.074,1.79,icon_d2
2026-09-03,W1604,52.59955,10.85389,0.8,,17.6,17.6,0.183,17.1,0.151,1.86,icon_d2
2026-09-03,W1605,52.59955,10.88345,0.8,,17.7,17.6,0.183,17.1,0.151,2.05,icon_d2
2026-09-03,W1766,52.59955,10.91302,0.8,,17.7,17.6,0.183,17.1,0.151,2.09,icon_d2
2026-09-03,W1767,52.59955,10.94258,0.8,,17.8,17.6,0.183,17.1,0.151,2.1,icon_d2
2026-09-03,W1608,52.59955,10.97214,0.8,,18.0,17.6,0.183,17.1,0.151,2.0,icon_d2
2026-09-03,W1768,52.59955,11.00171,0.5,,17.9,17.1,0.249,16.7,0.206,1.96,icon_d2
2026-09-03,W1769,52.59955,11.03127,0.7,,17.7,17.9,0.176,17.5,0.149,1.99,icon_d2
2026-09-03,W1770,52.59955,11.06084,0.5,,17.7,17.9,0.176,17.5,0.149,2.07,icon_d2
2026-09-03,W1612,52.59955,11.0904,0.4,,17.6,17.9,0.176,17.5,0.149,1.99,icon_d2
2026-09-03,W1613,52.59955,11.11997,0.4,,17.7,17.9,0.176,17.5,0.149,2.0,icon_d2
2026-09-03,W1614,52.59955,11.14953,0.3,,17.7,17.9,0.176,17.5,0.149,1.93,icon_d2
2026-09-03,W0621,52.6086,10.1295,0.0,,18.4,17.5,0.146,17.4,0.066,2.11,icon_d2
2026-09-03,W0622,52.6086,10.1591,0.0,,18.2,17.3,0.141,17.0,0.055,1.99,icon_d2
2026-09-03,W0623,52.6086,10.1886,0.0,,18.2,17.3,0.141,17.0,0.055,1.99,icon_d2
2026-09-03,W0624,52.6086,10.2182,0.0,,18.1,17.3,0.141,17.0,0.055,1.85,icon_d2
2026-09-03,W0625,52.6086,10.2477,0.0,,18.1,17.3,0.141,17.0,0.055,1.91,icon_d2
2026-09-03,W0626,52.6086,10.2772,0.0,,18.1,17.3,0.141,17.0,0.055,2.02,icon_d2
2026-09-03,W0627,52.6086,10.3068,0.0,,18.0,17.3,0.141,17.0,0.055,1.97,icon_d2
2026-09-03,W1615,52.61757,10.32173,0.2,,17.9,17.3,0.141,17.0,0.055,1.94,icon_d2
2026-09-03,W0628,52.6086,10.3658,0.0,,17.9,17.1,0.139,16.6,0.057,1.94,icon_d2
2026-09-03,W0629,52.6086,10.3954,0.0,,17.8,17.1,0.139,16.6,0.057,1.91,icon_d2
2026-09-03,W0630,52.6086,10.4249,0.0,,17.9,17.1,0.139,16.6,0.057,1.86,icon_d2
2026-09-03,W1616,52.61757,10.43999,0.0,,17.7,17.1,0.139,16.6,0.057,1.78,icon_d2
2026-09-03,W0631,52.6086,10.484,0.1,,17.9,17.1,0.139,16.6,0.057,1.89,icon_d2
2026-09-03,W0632,52.6086,10.5135,0.0,,18.0,17.2,0.13,16.6,0.05,1.95,icon_d2
2026-09-03,W0633,52.6086,10.5431,0.0,,17.8,17.2,0.13,16.6,0.05,1.9,icon_d2
2026-09-03,W1617,52.61757,10.55825,0.0,,17.7,17.2,0.13,16.6,0.05,1.92,icon_d2
2026-09-03,W0634,52.6086,10.6021,0.0,,17.8,17.2,0.13,16.6,0.05,1.93,icon_d2
2026-09-03,W0635,52.6086,10.6317,0.1,,17.9,17.2,0.13,16.6,0.05,1.89,icon_d2
2026-09-03,W0636,52.6086,10.6612,0.0,,17.9,17.2,0.13,16.6,0.05,1.92,icon_d2
2026-09-03,W0637,52.6086,10.6908,0.0,,17.8,17.6,0.136,17.0,0.074,1.84,icon_d2
2026-09-03,W0638,52.6086,10.7203,0.0,,17.8,17.6,0.136,17.0,0.074,1.87,icon_d2
2026-09-03,W0639,52.6086,10.7498,0.2,,17.7,17.6,0.136,17.0,0.074,1.84,icon_d2
2026-09-03,W0640,52.6086,10.7794,0.6,,17.6,17.6,0.136,17.0,0.074,1.76,icon_d2
2026-09-03,W0641,52.6086,10.8089,0.6,,17.5,17.6,0.136,17.0,0.074,1.75,icon_d2
2026-09-03,W0642,52.6086,10.8384,1.1,,17.5,17.6,0.183,17.1,0.151,1.79,icon_d2
2026-09-03,W0643,52.6086,10.868,0.8,,17.8,17.6,0.183,17.1,0.151,1.87,icon_d2
2026-09-03,W1618,52.61757,10.88345,0.4,,17.7,17.6,0.183,17.1,0.151,1.99,icon_d2
2026-09-03,W1619,52.61757,10.91302,0.2,,17.8,17.6,0.183,17.1,0.151,2.06,icon_d2
2026-09-03,W0644,52.6086,10.9566,0.6,,17.9,17.6,0.183,17.1,0.151,2.03,icon_d2
2026-09-03,W0645,52.6086,10.9861,0.8,,18.0,17.6,0.183,17.1,0.151,2.0,icon_d2
2026-09-03,W0646,52.6086,11.0157,0.5,,17.8,17.9,0.176,17.5,0.149,1.95,icon_d2
2026-09-03,W0647,52.6086,11.0452,0.7,,17.8,17.9,0.176,17.5,0.149,1.99,icon_d2
2026-09-03,W0648,52.6086,11.0747,0.7,,17.7,17.9,0.176,17.5,0.149,2.05,icon_d2
2026-09-03,W0649,52.6086,11.1043,0.4,,17.6,17.9,0.176,17.5,0.149,1.99,icon_d2
2026-09-03,W0650,52.6086,11.1338,0.3,,17.7,17.9,0.176,17.5,0.149,1.93,icon_d2
2026-09-03,W1620,52.61757,11.14953,0.1,,18.2,17.9,0.176,17.5,0.149,2.13,icon_d2
2026-09-03,W0652,52.6266,10.1295,0.0,,18.3,17.5,0.146,17.4,0.066,1.99,icon_d2
2026-09-03,W0653,52.6266,10.1591,0.0,,18.2,17.3,0.141,17.0,0.055,1.93,icon_d2
2026-09-03,W0654,52.6266,10.1886,0.0,,18.3,17.3,0.141,17.0,0.055,1.85,icon_d2
2026-09-03,W0655,52.6266,10.2182,0.0,,18.1,17.3,0.141,17.0,0.055,1.85,icon_d2
2026-09-03,W0656,52.6266,10.2477,0.0,,18.1,17.3,0.141,17.0,0.055,1.9,icon_d2
2026-09-03,W0657,52.6266,10.2772,0.1,,18.0,17.3,0.141,17.0,0.055,1.98,icon_d2
2026-09-03,W1621,52.63559,10.29217,0.1,,18.0,17.3,0.141,17.0,0.055,1.98,icon_d2
2026-09-03,W1622,52.63559,10.32173,0.2,,17.8,17.0,0.154,16.8,0.07,1.94,icon_d2
2026-09-03,W0658,52.6266,10.3658,0.1,,17.8,17.1,0.139,16.6,0.057,1.86,icon_d2
2026-09-03,W0659,52.6266,10.3954,0.1,,17.8,17.1,0.139,16.6,0.057,1.84,icon_d2
2026-09-03,W0660,52.6266,10.4249,0.2,,17.8,17.1,0.139,16.6,0.057,1.79,icon_d2
2026-09-03,W0661,52.6266,10.4545,0.0,,17.7,17.1,0.139,16.6,0.057,1.77,icon_d2
2026-09-03,W0662,52.6266,10.484,0.0,,17.7,17.1,0.139,16.6,0.057,1.83,icon_d2
2026-09-03,W0663,52.6266,10.5135,0.0,,17.7,17.2,0.13,16.6,0.05,1.83,icon_d2
2026-09-03,W1623,52.63559,10.52868,0.0,,17.7,17.2,0.13,16.6,0.05,1.85,icon_d2
2026-09-03,W0664,52.6266,10.5726,0.0,,17.7,17.2,0.13,16.6,0.05,1.91,icon_d2
2026-09-03,W0665,52.6266,10.6021,0.0,,17.8,17.2,0.13,16.6,0.05,1.96,icon_d2
2026-09-03,W0666,52.6266,10.6317,0.0,,17.8,17.2,0.13,16.6,0.05,1.91,icon_d2
2026-09-03,W0667,52.6266,10.6612,0.0,,17.8,17.2,0.13,16.6,0.05,1.91,icon_d2
2026-09-03,W0668,52.6266,10.6908,0.0,,17.9,17.6,0.136,17.0,0.074,1.84,icon_d2
2026-09-03,W0669,52.6266,10.7203,0.1,,17.6,17.6,0.136,17.0,0.074,1.82,icon_d2
2026-09-03,W0670,52.6266,10.7498,0.2,,17.7,17.6,0.136,17.0,0.074,1.84,icon_d2
2026-09-03,W0671,52.6266,10.7794,0.2,,17.7,17.6,0.136,17.0,0.074,1.84,icon_d2
2026-09-03,W0672,52.6266,10.8089,0.5,,17.8,17.6,0.136,17.0,0.074,1.83,icon_d2
2026-09-03,W0673,52.6266,10.8384,0.3,,17.6,17.6,0.183,17.1,0.151,1.87,icon_d2
2026-09-03,W0674,52.6266,10.868,0.4,,17.7,17.6,0.183,17.1,0.151,1.99,icon_d2
2026-09-03,W1624,52.63559,10.88345,0.1,,17.9,17.6,0.183,17.1,0.151,2.0,icon_d2
2026-09-03,W1625,52.63559,10.91302,0.1,,17.8,17.6,0.183,17.1,0.151,2.05,icon_d2
2026-09-03,W0675,52.6266,10.9566,0.2,,17.7,17.6,0.183,17.1,0.151,1.95,icon_d2
2026-09-03,W0676,52.6266,10.9861,0.2,,17.7,17.6,0.183,17.1,0.151,1.95,icon_d2
2026-09-03,W0677,52.6266,11.0157,0.2,,17.8,17.9,0.176,17.5,0.149,1.89,icon_d2
2026-09-03,W0678,52.6266,11.0452,0.1,,17.9,17.9,0.176,17.5,0.149,2.01,icon_d2
2026-09-03,W1626,52.63559,11.06084,0.2,,18.2,17.9,0.176,17.5,0.149,2.09,icon_d2
2026-09-03,W0679,52.6266,11.1043,0.1,,17.8,17.9,0.176,17.5,0.149,2.11,icon_d2
2026-09-03,W0680,52.6266,11.1338,0.1,,18.0,17.9,0.176,17.5,0.149,2.12,icon_d2
2026-09-03,W1627,52.63559,11.14953,0.2,,18.2,17.9,0.176,17.5,0.149,2.25,icon_d2
2026-09-03,W0707,52.6626,10.1,0.0,,18.2,17.1,0.154,16.9,0.081,1.97,icon_d2
2026-09-03,W0709,52.6626,10.1591,0.0,,18.2,17.1,0.154,16.9,0.081,1.94,icon_d2
2026-09-03,W0710,52.6626,10.1886,0.0,,18.2,17.3,0.141,17.0,0.055,1.93,icon_d2
2026-09-03,W0711,52.6626,10.2182,0.1,,18.1,17.3,0.141,17.0,0.055,1.92,icon_d2
2026-09-03,W1628,52.6536,10.23304,0.1,,18.0,17.3,0.141,17.0,0.055,1.91,icon_d2
2026-09-03,W0712,52.6626,10.2772,0.0,,17.9,17.0,0.154,16.8,0.07,1.91,icon_d2
2026-09-03,W0684,52.6446,10.3068,0.1,,17.9,17.0,0.154,16.8,0.07,1.97,icon_d2
2026-09-03,W0713,52.6626,10.3363,0.1,,17.7,17.0,0.154,16.8,0.07,1.88,icon_d2
2026-09-03,W0714,52.6626,10.3658,0.1,,17.8,17.1,0.139,16.6,0.057,1.88,icon_d2
2026-09-03,W0715,52.6626,10.3954,0.0,,17.7,17.1,0.146,16.6,0.058,1.81,icon_d2
2026-09-03,W0716,52.6626,10.4249,0.0,,17.7,17.1,0.146,16.6,0.058,1.81,icon_d2
2026-09-03,W0717,52.6626,10.4545,0.0,,17.5,17.1,0.146,16.6,0.058,1.85,icon_d2
2026-09-03,W1629,52.6536,10.46955,0.0,,17.6,17.1,0.146,16.6,0.058,1.86,icon_d2
2026-09-03,W0718,52.6626,10.5135,0.0,,17.4,17.2,0.13,16.6,0.05,1.8,icon_d2
2026-09-03,W0719,52.6626,10.5431,0.0,,17.5,17.2,0.13,16.6,0.05,1.78,icon_d2
2026-09-03,W0720,52.6626,10.5726,0.0,,17.7,17.3,0.099,16.7,0.059,1.7,icon_d2
2026-09-03,W0721,52.6626,10.6021,0.0,,17.7,17.3,0.099,16.7,0.059,1.75,icon_d2
2026-09-03,W0722,52.6626,10.6317,0.1,,17.7,17.3,0.099,16.7,0.059,1.84,icon_d2
2026-09-03,W0723,52.6626,10.6612,0.1,,17.6,17.3,0.099,16.7,0.059,1.78,icon_d2
2026-09-03,W0724,52.6626,10.6908,0.2,,17.7,17.6,0.136,17.0,0.074,1.79,icon_d2
2026-09-03,W0725,52.6626,10.7203,0.2,,17.5,17.6,0.136,17.0,0.074,1.75,icon_d2
2026-09-03,W0726,52.6626,10.7498,0.4,,17.5,17.2,0.121,16.8,0.05,1.84,icon_d2
2026-09-03,W0727,52.6626,10.7794,0.4,,17.6,17.2,0.121,16.8,0.05,1.85,icon_d2
2026-09-03,W0728,52.6626,10.8089,0.3,,17.7,17.2,0.121,16.8,0.05,2.01,icon_d2
2026-09-03,W0729,52.6626,10.8384,0.4,,17.7,17.2,0.121,16.8,0.05,2.03,icon_d2
2026-09-03,W0730,52.6626,10.868,0.3,,17.9,17.6,0.183,17.1,0.151,1.99,icon_d2
2026-09-03,W0731,52.6626,10.8975,0.3,,17.7,17.9,0.169,17.6,0.118,1.95,icon_d2
2026-09-03,W0732,52.6626,10.9271,0.3,,17.7,17.9,0.169,17.6,0.118,1.93,icon_d2
2026-09-03,W0733,52.6626,10.9566,0.2,,17.6,17.9,0.169,17.6,0.118,1.97,icon_d2
2026-09-03,W0734,52.6626,10.9861,0.4,,17.7,17.9,0.169,17.6,0.118,2.02,icon_d2
2026-09-03,W0735,52.6626,11.0157,0.3,,17.9,17.9,0.176,17.5,0.149,2.02,icon_d2
2026-09-03,W0736,52.6626,11.0452,0.7,,18.0,17.9,0.176,17.5,0.149,2.13,icon_d2
2026-09-03,W0737,52.6626,11.0747,0.7,,18.3,18.7,0.13,18.3,0.149,2.24,icon_d2
2026-09-03,W0705,52.6446,11.1043,0.2,,18.1,17.9,0.176,17.5,0.149,2.18,icon_d2
2026-09-03,W0738,52.6626,11.1338,0.7,,18.3,18.7,0.13,18.3,0.149,2.18,icon_d2
2026-09-03,W1630,52.6536,11.14953,0.7,,18.1,18.7,0.13,18.3,0.149,2.17,icon_d2
2026-09-03,W0740,52.6806,10.1295,0.0,,18.1,17.1,0.154,16.9,0.081,1.97,icon_d2
2026-09-03,W0741,52.6806,10.1591,0.0,,18.2,17.1,0.154,16.9,0.081,1.94,icon_d2
2026-09-03,W0742,52.6806,10.1886,0.0,,18.3,17.0,0.154,16.8,0.07,1.95,icon_d2
2026-09-03,W0743,52.6806,10.2182,0.0,,18.0,17.0,0.154,16.8,0.07,1.89,icon_d2
2026-09-03,W0744,52.6806,10.2477,0.0,,18.1,17.0,0.154,16.8,0.07,1.87,icon_d2
2026-09-03,W0745,52.6806,10.2772,0.0,,18.0,17.0,0.154,16.8,0.07,1.88,icon_d2
2026-09-03,W0746,52.6806,10.3068,0.0,,17.9,17.0,0.154,16.8,0.07,1.9,icon_d2
2026-09-03,W1631,52.67162,10.32173,0.0,,17.9,17.0,0.154,16.8,0.07,1.9,icon_d2
2026-09-03,W0747,52.6806,10.3658,0.0,,17.8,17.1,0.146,16.6,0.058,1.9,icon_d2
2026-09-03,W0748,52.6806,10.3954,0.0,,17.9,17.1,0.146,16.6,0.058,1.87,icon_d2
2026-09-03,W0749,52.6806,10.4249,0.0,,17.7,17.1,0.146,16.6,0.058,1.81,icon_d2
2026-09-03,W0750,52.6806,10.4545,0.0,,17.6,17.1,0.146,16.6,0.058,1.79,icon_d2
2026-09-03,W0751,52.6806,10.484,0.0,,17.6,17.1,0.146,16.6,0.058,1.79,icon_d2
2026-09-03,W0752,52.6806,10.5135,0.0,,17.4,17.1,0.146,16.6,0.058,1.8,icon_d2
2026-09-03,W1632,52.67162,10.52868,0.0,,17.5,17.3,0.099,16.7,0.059,1.81,icon_d2
2026-09-03,W0753,52.6806,10.5726,0.1,,17.6,17.3,0.099,16.7,0.059,1.73,icon_d2
2026-09-03,W0754,52.6806,10.6021,0.4,,17.7,17.3,0.099,16.7,0.059,1.74,icon_d2
2026-09-03,W0755,52.6806,10.6317,0.4,,17.6,17.3,0.099,16.7,0.059,1.71,icon_d2
2026-09-03,W0756,52.6806,10.6612,0.4,,17.6,17.3,0.099,16.7,0.059,1.71,icon_d2
2026-09-03,W0757,52.6806,10.6908,0.4,,17.6,17.2,0.121,16.8,0.05,1.79,icon_d2
2026-09-03,W0758,52.6806,10.7203,0.2,,17.7,17.2,0.121,16.8,0.05,1.76,icon_d2
2026-09-03,W0759,52.6806,10.7498,0.5,,17.7,17.2,0.121,16.8,0.05,1.83,icon_d2
2026-09-03,W0760,52.6806,10.7794,0.5,,17.6,17.2,0.121,16.8,0.05,1.97,icon_d2
2026-09-03,W0761,52.6806,10.8089,0.7,,17.7,17.2,0.121,16.8,0.05,2.04,icon_d2
2026-09-03,W1633,52.67162,10.82432,0.6,,17.8,17.2,0.121,16.8,0.05,2.05,icon_d2
2026-09-03,W1634,52.67162,10.85389,0.8,,17.7,17.6,0.183,17.1,0.151,2.02,icon_d2
2026-09-03,W0762,52.6806,10.8975,0.6,,17.7,17.9,0.169,17.6,0.118,2.0,icon_d2
2026-09-03,W0763,52.6806,10.9271,0.9,,17.7,17.9,0.169,17.6,0.118,2.04,icon_d2
2026-09-03,W0764,52.6806,10.9566,0.8,,18.0,17.9,0.169,17.6,0.118,2.0,icon_d2
2026-09-03,W0765,52.6806,10.9861,0.5,,17.9,17.9,0.169,17.6,0.118,2.02,icon_d2
2026-09-03,W1635,52.67162,11.00171,0.7,,18.3,17.9,0.169,17.6,0.118,2.21,icon_d2
2026-09-03,W0766,52.6806,11.0452,0.8,,18.5,18.7,0.13,18.3,0.149,2.3,icon_d2
2026-09-03,W1636,52.67162,11.06084,0.8,,18.4,18.7,0.13,18.3,0.149,2.29,icon_d2
2026-09-03,W1637,52.67162,11.0904,0.7,,18.2,18.7,0.13,18.3,0.149,2.22,icon_d2
2026-09-03,W1638,52.67162,11.11997,0.7,,18.2,18.7,0.13,18.3,0.149,2.22,icon_d2
2026-09-03,W1639,52.67162,11.14953,0.5,,18.2,18.7,0.13,18.3,0.149,2.18,icon_d2
2026-09-03,W0768,52.6986,10.1295,0.0,,18.1,17.1,0.154,16.9,0.081,1.97,icon_d2
2026-09-03,W0769,52.6986,10.1591,0.1,,18.2,17.1,0.154,16.9,0.081,2.0,icon_d2
2026-09-03,W0770,52.6986,10.1886,0.0,,18.1,17.0,0.154,16.8,0.07,1.9,icon_d2
2026-09-03,W0771,52.6986,10.2182,0.1,,18.2,17.0,0.154,16.8,0.07,1.92,icon_d2
2026-09-03,W0772,52.6986,10.2477,0.0,,18.1,17.0,0.154,16.8,0.07,1.89,icon_d2
2026-09-03,W0773,52.6986,10.2772,0.0,,17.8,17.0,0.154,16.8,0.07,1.9,icon_d2
2026-09-03,W0774,52.6986,10.3068,0.0,,18.0,17.0,0.154,16.8,0.07,1.91,icon_d2
2026-09-03,W1640,52.68964,10.32173,0.0,,17.9,17.0,0.154,16.8,0.07,1.9,icon_d2
2026-09-03,W0775,52.6986,10.3658,0.0,,17.9,17.1,0.146,16.6,0.058,1.84,icon_d2
2026-09-03,W0776,52.6986,10.3954,0.0,,17.7,17.1,0.146,16.6,0.058,1.78,icon_d2
2026-09-03,W0777,52.6986,10.4249,0.0,,17.7,17.1,0.146,16.6,0.058,1.78,icon_d2
2026-09-03,W0778,52.6986,10.4545,0.0,,17.7,17.1,0.146,16.6,0.058,1.77,icon_d2
2026-09-03,W0779,52.6986,10.484,0.0,,17.6,17.1,0.146,16.6,0.058,1.76,icon_d2
2026-09-03,W0780,52.6986,10.5135,0.0,,17.5,17.1,0.146,16.6,0.058,1.8,icon_d2
2026-09-03,W0781,52.6986,10.5431,0.6,,17.6,17.3,0.099,16.7,0.059,1.8,icon_d2
2026-09-03,W0782,52.6986,10.5726,0.8,,17.5,17.3,0.099,16.7,0.059,1.82,icon_d2
2026-09-03,W0783,52.6986,10.6021,0.8,,17.6,17.3,0.099,16.7,0.059,1.76,icon_d2
2026-09-03,W0784,52.6986,10.6317,0.8,,17.6,17.3,0.099,16.7,0.059,1.73,icon_d2
2026-09-03,W0785,52.6986,10.6612,0.8,,17.6,17.3,0.099,16.7,0.059,1.73,icon_d2
2026-09-03,W1641,52.68964,10.6765,0.4,,17.6,17.3,0.099,16.7,0.059,1.8,icon_d2
2026-09-03,W0786,52.6986,10.7203,0.9,,17.6,17.2,0.121,16.8,0.05,1.94,icon_d2
2026-09-03,W1642,52.68964,10.73563,0.5,,17.6,17.2,0.121,16.8,0.05,1.83,icon_d2
2026-09-03,W1643,52.68964,10.76519,0.5,,17.7,17.2,0.121,16.8,0.05,1.83,icon_d2
2026-09-03,W1644,52.68964,10.79476,0.7,,17.7,17.2,0.121,16.8,0.05,2.04,icon_d2
2026-09-03,W0787,52.6986,10.8384,1.0,,17.8,17.2,0.121,16.8,0.05,2.06,icon_d2
2026-09-03,W0788,52.6986,10.868,0.7,,17.6,17.9,0.169,17.6,0.118,1.99,icon_d2
2026-09-03,W0789,52.6986,10.8975,0.7,,17.7,17.9,0.169,17.6,0.118,2.13,icon_d2
2026-09-03,W0790,52.6986,10.9271,0.7,,17.7,17.9,0.169,17.6,0.118,2.13,icon_d2
2026-09-03,W0791,52.6986,10.9566,0.6,,18.0,17.9,0.169,17.6,0.118,2.17,icon_d2
2026-09-03,W0792,52.6986,10.9861,0.6,,18.2,17.9,0.169,17.6,0.118,2.19,icon_d2
2026-09-03,W1645,52.68964,11.00171,0.7,,18.4,17.9,0.169,17.6,0.118,2.22,icon_d2
2026-09-03,W0793,52.6986,11.0452,0.5,,18.2,18.7,0.13,18.3,0.149,2.32,icon_d2
2026-09-03,W0794,52.6986,11.0747,0.6,,18.4,18.7,0.13,18.3,0.149,2.3,icon_d2
2026-09-03,W0795,52.6986,11.1043,0.6,,18.4,18.7,0.13,18.3,0.149,2.3,icon_d2
2026-09-03,W0796,52.6986,11.1338,0.5,,18.2,18.7,0.13,18.3,0.149,2.2,icon_d2
2026-09-03,W1646,52.68964,11.14953,0.5,,18.3,18.7,0.13,18.3,0.149,2.18,icon_d2
2026-09-03,W1647,52.70766,10.11478,0.0,,18.2,17.1,0.154,16.9,0.081,1.98,icon_d2
2026-09-03,W1648,52.70766,10.14435,0.1,,18.1,17.1,0.154,16.9,0.081,1.99,icon_d2
2026-09-03,W1649,52.70766,10.17391,0.0,,18.1,17.0,0.176,17.0,0.099,1.9,icon_d2
2026-09-03,W1650,52.70766,10.20347,0.1,,18.1,17.0,0.154,16.8,0.07,1.89,icon_d2
2026-09-03,W1651,52.70766,10.23304,0.0,,18.0,17.0,0.154,16.8,0.07,1.88,icon_d2
2026-09-03,W1652,52.70766,10.2626,0.0,,18.0,17.0,0.154,16.8,0.07,1.88,icon_d2
2026-09-03,W1653,52.70766,10.29217,0.0,,17.9,17.0,0.154,16.8,0.07,1.9,icon_d2
2026-09-03,W1654,52.70766,10.32173,0.0,,18.0,17.0,0.154,16.8,0.07,1.91,icon_d2
2026-09-03,W1655,52.70766,10.3513,0.0,,17.9,17.1,0.146,16.6,0.058,1.84,icon_d2
2026-09-03,W1656,52.70766,10.38086,0.0,,17.8,17.1,0.146,16.6,0.058,1.83,icon_d2
2026-09-03,W1657,52.70766,10.41042,0.0,,17.7,17.1,0.146,16.6,0.058,1.78,icon_d2
2026-09-03,W1658,52.70766,10.43999,0.0,,17.7,17.1,0.146,16.6,0.058,1.75,icon_d2
2026-09-03,W1659,52.70766,10.46955,0.0,,17.7,17.1,0.146,16.6,0.058,1.77,icon_d2
2026-09-03,W1660,52.70766,10.49912,0.0,,17.5,17.1,0.161,17.0,0.069,1.8,icon_d2
2026-09-03,W1661,52.70766,10.52868,0.0,,17.4,17.3,0.099,16.7,0.059,1.8,icon_d2
2026-09-03,W1662,52.70766,10.55825,0.6,,17.4,17.3,0.099,16.7,0.059,1.79,icon_d2
2026-09-03,W1663,52.70766,10.58781,0.8,,17.5,17.3,0.099,16.7,0.059,1.82,icon_d2
2026-09-03,W1664,52.70766,10.61737,0.8,,17.6,17.3,0.099,16.7,0.059,1.76,icon_d2
2026-09-03,W1665,52.70766,10.64694,0.8,,17.6,17.3,0.099,16.7,0.059,1.73,icon_d2
2026-09-03,W1666,52.70766,10.6765,1.0,,17.5,17.6,0.076,16.9,0.043,1.81,icon_d2
2026-09-03,W1667,52.70766,10.70607,0.8,,17.6,17.2,0.121,16.8,0.05,1.84,icon_d2
2026-09-03,W1668,52.70766,10.73563,0.9,,17.6,17.2,0.121,16.8,0.05,1.94,icon_d2
2026-09-03,W1669,52.70766,10.76519,0.9,,17.7,17.2,0.121,16.8,0.05,2.05,icon_d2
2026-09-03,W1670,52.70766,10.79476,0.7,,17.8,17.2,0.121,16.8,0.05,2.05,icon_d2
2026-09-03,W1671,52.70766,10.82432,1.0,,17.8,17.2,0.121,16.8,0.05,2.06,icon_d2
2026-09-03,W1672,52.70766,10.85389,0.7,,17.6,17.9,0.169,17.6,0.118,1.99,icon_d2
2026-09-03,W1673,52.70766,10.88345,0.7,,17.5,17.9,0.169,17.6,0.118,1.98,icon_d2
2026-09-03,W1674,52.70766,10.91302,0.7,,17.7,17.9,0.169,17.6,0.118,2.13,icon_d2
2026-09-03,W1675,52.70766,10.94258,0.5,,17.9,17.9,0.169,17.6,0.118,2.21,icon_d2
2026-09-03,W1676,52.70766,10.97214,0.6,,18.1,17.9,0.169,17.6,0.118,2.18,icon_d2
2026-09-03,W1677,52.70766,11.00171,0.5,,18.3,18.5,0.129,18.3,0.129,2.33,icon_d2
2026-09-03,W1678,52.70766,11.03127,0.5,,18.4,18.7,0.13,18.3,0.149,2.33,icon_d2
2026-09-03,W1679,52.70766,11.06084,0.7,,18.5,18.7,0.13,18.3,0.149,2.31,icon_d2
2026-09-03,W1680,52.70766,11.0904,0.6,,18.3,18.7,0.13,18.3,0.149,2.3,icon_d2
2026-09-03,W1681,52.70766,11.11997,0.5,,18.4,18.7,0.13,18.3,0.149,2.21,icon_d2
2026-09-03,W1682,52.70766,11.14953,0.5,,18.3,18.7,0.13,18.3,0.149,2.2,icon_d2
2026-09-03,W0798,52.7167,10.1295,0.2,,18.1,17.1,0.154,16.9,0.081,1.95,icon_d2
2026-09-03,W0799,52.7167,10.1591,0.1,,18.1,17.0,0.176,17.0,0.099,1.92,icon_d2
2026-09-03,W0800,52.7167,10.1886,0.1,,18.0,17.0,0.154,16.8,0.07,1.92,icon_d2
2026-09-03,W0801,52.7167,10.2182,0.1,,18.1,17.0,0.154,16.8,0.07,1.92,icon_d2
2026-09-03,W0802,52.7167,10.2477,0.1,,18.1,17.0,0.154,16.8,0.07,1.91,icon_d2
2026-09-03,W0803,52.7167,10.2772,0.0,,17.9,17.0,0.154,16.8,0.07,1.87,icon_d2
2026-09-03,W0804,52.7167,10.3068,0.1,,17.9,17.1,0.167,17.0,0.084,1.83,icon_d2
2026-09-03,W0805,52.7167,10.3363,0.0,,17.9,17.1,0.167,17.0,0.084,1.84,icon_d2
2026-09-03,W0806,52.7167,10.3658,0.1,,17.9,17.1,0.146,16.6,0.058,1.81,icon_d2
2026-09-03,W0807,52.7167,10.3954,0.1,,17.7,17.1,0.146,16.6,0.058,1.77,icon_d2
2026-09-03,W0808,52.7167,10.4249,0.0,,17.7,17.1,0.146,16.6,0.058,1.74,icon_d2
2026-09-03,W0809,52.7167,10.4545,0.0,,17.6,17.1,0.146,16.6,0.058,1.74,icon_d2
2026-09-03,W0810,52.7167,10.484,0.1,,17.5,17.1,0.161,17.0,0.069,1.79,icon_d2
2026-09-03,W0811,52.7167,10.5135,0.4,,17.5,17.1,0.161,17.0,0.069,1.84,icon_d2
2026-09-03,W0812,52.7167,10.5431,0.4,,17.6,17.3,0.099,16.7,0.059,1.84,icon_d2
2026-09-03,W0813,52.7167,10.5726,0.8,,17.4,17.3,0.099,16.7,0.059,1.82,icon_d2
2026-09-03,W0814,52.7167,10.6021,0.9,,17.5,17.3,0.099,16.7,0.059,1.9,icon_d2
2026-09-03,W1683,52.72568,10.61737,0.9,,17.7,17.6,0.076,16.9,0.043,1.91,icon_d2
2026-09-03,W0815,52.7167,10.6612,0.7,,17.8,17.6,0.076,16.9,0.043,1.92,icon_d2
2026-09-03,W0816,52.7167,10.6908,0.7,,17.7,17.2,0.121,16.8,0.05,2.04,icon_d2
2026-09-03,W1684,52.72568,10.70607,0.7,,17.7,17.2,0.121,16.8,0.05,2.04,icon_d2
2026-09-03,W1685,52.72568,10.73563,0.8,,17.6,17.2,0.121,16.8,0.05,2.06,icon_d2
2026-09-03,W1686,52.72568,10.76519,0.7,,17.6,17.2,0.121,16.8,0.05,2.11,icon_d2
2026-09-03,W0817,52.7167,10.8089,0.7,,17.6,18.1,0.061,17.4,0.051,2.1,icon_d2
2026-09-03,W0818,52.7167,10.8384,0.7,,17.7,18.1,0.061,17.4,0.051,2.03,icon_d2
2026-09-03,W0819,52.7167,10.868,0.7,,17.7,17.9,0.169,17.6,0.118,2.02,icon_d2
2026-09-03,W0820,52.7167,10.8975,0.6,,17.8,17.9,0.169,17.6,0.118,2.14,icon_d2
2026-09-03,W0821,52.7167,10.9271,0.5,,17.9,17.9,0.169,17.6,0.118,2.21,icon_d2
2026-09-03,W1687,52.72568,10.94258,0.3,,18.1,18.5,0.129,18.3,0.129,2.33,icon_d2
2026-09-03,W1688,52.72568,10.97214,0.3,,18.2,18.5,0.129,18.3,0.129,2.35,icon_d2
2026-09-03,W1689,52.72568,11.00171,0.3,,18.3,18.5,0.129,18.3,0.129,2.35,icon_d2
2026-09-03,W1690,52.72568,11.03127,0.3,,18.4,18.7,0.13,18.3,0.149,2.37,icon_d2
2026-09-03,W0822,52.7167,11.0747,0.2,,18.5,18.7,0.13,18.3,0.149,2.41,icon_d2
2026-09-03,W1691,52.72568,11.0904,0.4,,18.4,18.7,0.13,18.3,0.149,2.32,icon_d2
2026-09-03,W0823,52.7167,11.1338,0.2,,18.3,18.7,0.13,18.3,0.149,2.24,icon_d2
2026-09-03,W1692,52.72568,11.14953,0.2,,18.3,18.6,0.147,18.3,0.119,2.24,icon_d2
2026-09-03,W0825,52.7347,10.1295,0.2,,18.1,17.0,0.176,17.0,0.099,1.94,icon_d2
2026-09-03,W0826,52.7347,10.1591,0.2,,18.0,17.0,0.176,17.0,0.099,1.94,icon_d2
2026-09-03,W0827,52.7347,10.1886,0.1,,18.1,17.0,0.176,17.0,0.099,1.95,icon_d2
2026-09-03,W0828,52.7347,10.2182,0.1,,18.0,17.0,0.154,16.8,0.07,1.95,icon_d2
2026-09-03,W0829,52.7347,10.2477,0.1,,18.0,17.1,0.167,17.0,0.084,1.92,icon_d2
2026-09-03,W0860,52.7527,10.2772,0.2,,17.8,17.1,0.167,17.0,0.084,1.77,icon_d2
2026-09-03,W0830,52.7347,10.3068,0.1,,17.9,17.1,0.167,17.0,0.084,1.82,icon_d2
2026-09-03,W0831,52.7347,10.3363,0.1,,18.0,17.1,0.167,17.0,0.084,1.81,icon_d2
2026-09-03,W0832,52.7347,10.3658,0.1,,18.0,17.1,0.146,16.6,0.058,1.81,icon_d2
2026-09-03,W0833,52.7347,10.3954,0.1,,17.7,17.1,0.146,16.6,0.058,1.8,icon_d2
2026-09-03,W0834,52.7347,10.4249,0.2,,17.5,17.1,0.161,17.0,0.069,1.75,icon_d2
2026-09-03,W0835,52.7347,10.4545,0.1,,17.7,17.1,0.161,17.0,0.069,1.72,icon_d2
2026-09-03,W0836,52.7347,10.484,0.1,,17.5,17.1,0.161,17.0,0.069,1.73,icon_d2
2026-09-03,W0837,52.7347,10.5135,0.3,,17.6,17.1,0.161,17.0,0.069,1.91,icon_d2
2026-09-03,W0838,52.7347,10.5431,0.5,,17.6,17.3,0.099,16.7,0.059,1.92,icon_d2
2026-09-03,W0839,52.7347,10.5726,0.6,,17.5,17.6,0.076,16.9,0.043,1.97,icon_d2
2026-09-03,W0840,52.7347,10.6021,0.9,,17.6,17.6,0.076,16.9,0.043,1.96,icon_d2
2026-09-03,W1694,52.74369,10.61737,0.9,,17.7,17.6,0.076,16.9,0.043,1.96,icon_d2
2026-09-03,W0841,52.7347,10.6612,0.4,,17.8,17.6,0.076,16.9,0.043,2.01,icon_d2
2026-09-03,W1695,52.74369,10.6765,0.4,,17.8,17.6,0.076,16.9,0.043,2.01,icon_d2
2026-09-03,W0872,52.7527,10.7203,0.2,,17.7,18.1,0.061,17.4,0.051,2.02,icon_d2
2026-09-03,W0873,52.7527,10.7498,0.2,,17.7,18.1,0.061,17.4,0.051,2.02,icon_d2
2026-09-03,W0874,52.7527,10.7794,0.3,,17.8,18.1,0.061,17.4,0.051,2.1,icon_d2
2026-09-03,W0842,52.7347,10.8089,0.3,,17.8,18.1,0.061,17.4,0.051,2.07,icon_d2
2026-09-03,W0843,52.7347,10.8384,0.2,,17.6,18.1,0.061,17.4,0.051,2.0,icon_d2
2026-09-03,W0844,52.7347,10.868,0.3,,17.5,17.9,0.169,17.6,0.118,1.98,icon_d2
2026-09-03,W0845,52.7347,10.8975,0.2,,18.0,17.9,0.169,17.6,0.118,2.14,icon_d2
2026-09-03,W0846,52.7347,10.9271,0.3,,18.0,18.5,0.129,18.3,0.129,2.29,icon_d2
2026-09-03,W0847,52.7347,10.9566,0.1,,18.2,18.5,0.129,18.3,0.129,2.27,icon_d2
2026-09-03,W0848,52.7347,10.9861,0.1,,18.0,18.5,0.129,18.3,0.129,2.09,icon_d2
2026-09-03,W0849,52.7347,11.0157,0.3,,18.3,18.5,0.129,18.3,0.129,2.21,icon_d2
2026-09-03,W0850,52.7347,11.0452,0.3,,18.3,18.7,0.13,18.3,0.149,2.21,icon_d2
2026-09-03,W0851,52.7347,11.0747,0.0,,18.6,18.7,0.13,18.3,0.149,2.44,icon_d2
2026-09-03,W0852,52.7347,11.1043,0.1,,18.4,18.6,0.147,18.3,0.119,2.4,icon_d2
2026-09-03,W0853,52.7347,11.1338,0.0,,18.4,18.6,0.147,18.3,0.119,2.39,icon_d2
2026-09-03,W1699,52.74369,11.14953,0.0,,18.4,18.6,0.147,18.3,0.119,2.4,icon_d2
2026-09-03,W0887,52.7707,10.1295,0.3,,18.0,17.0,0.176,17.0,0.099,1.76,icon_d2
2026-09-03,W0888,52.7707,10.1591,0.2,,17.8,17.0,0.176,17.0,0.099,1.81,icon_d2
2026-09-03,W0889,52.7707,10.1886,0.1,,17.8,17.0,0.176,17.0,0.099,1.84,icon_d2
2026-09-03,W0890,52.7707,10.2182,0.2,,17.9,17.1,0.167,17.0,0.084,1.8,icon_d2
2026-09-03,W0891,52.7707,10.2477,0.2,,17.9,17.1,0.167,17.0,0.084,1.8,icon_d2
2026-09-03,W0892,52.7707,10.2772,0.2,,17.8,17.1,0.167,17.0,0.084,1.75,icon_d2
2026-09-03,W0893,52.7707,10.3068,0.2,,17.7,17.1,0.167,17.0,0.084,1.74,icon_d2
2026-09-03,W0894,52.7707,10.3363,0.1,,17.7,17.1,0.167,17.0,0.084,1.75,icon_d2
2026-09-03,W0895,52.7707,10.3658,0.1,,17.7,17.1,0.161,17.0,0.069,1.77,icon_d2
2026-09-03,W0896,52.7707,10.3954,0.2,,17.6,17.1,0.161,17.0,0.069,1.73,icon_d2
2026-09-03,W0897,52.7707,10.4249,0.2,,17.6,17.1,0.161,17.0,0.069,1.73,icon_d2
2026-09-03,W0898,52.7707,10.4545,0.3,,17.6,17.1,0.161,17.0,0.069,1.74,icon_d2
2026-09-03,W0899,52.7707,10.484,0.2,,17.6,17.1,0.161,17.0,0.069,1.73,icon_d2
2026-09-03,W0900,52.7707,10.5135,0.1,,17.7,17.1,0.161,17.0,0.069,1.8,icon_d2
2026-09-03,W0901,52.7707,10.5431,0.1,,17.5,17.6,0.076,16.9,0.043,1.93,icon_d2
2026-09-03,W0902,52.7707,10.5726,0.3,,17.9,17.6,0.076,16.9,0.043,2.0,icon_d2
2026-09-03,W0903,52.7707,10.6021,0.1,,17.9,17.6,0.076,16.9,0.043,1.96,icon_d2
2026-09-03,W0904,52.7707,10.6317,0.1,,18.0,17.6,0.076,16.9,0.043,1.96,icon_d2
2026-09-03,W0905,52.7707,10.6612,0.2,,17.8,17.6,0.076,16.9,0.043,1.92,icon_d2
2026-09-03,W0906,52.7707,10.6908,0.1,,17.8,17.6,0.076,16.9,0.043,2.02,icon_d2
2026-09-03,W0907,52.7707,10.7203,0.2,,17.6,18.1,0.061,17.4,0.051,1.98,icon_d2
2026-09-03,W0908,52.7707,10.7498,0.2,,17.8,18.1,0.061,17.4,0.051,1.99,icon_d2
2026-09-03,W0909,52.7707,10.7794,0.1,,17.6,18.1,0.061,17.4,0.051,2.02,icon_d2
2026-09-03,W0910,52.7707,10.8089,0.4,,17.9,18.1,0.061,17.4,0.051,2.15,icon_d2
2026-09-03,W0911,52.7707,10.8384,0.4,,17.9,18.1,0.061,17.4,0.051,2.15,icon_d2
2026-09-03,W0912,52.7707,10.868,0.3,,18.0,18.1,0.061,17.4,0.051,2.09,icon_d2
2026-09-03,W0913,52.7707,10.8975,0.3,,18.1,18.5,0.129,18.3,0.129,2.12,icon_d2
2026-09-03,W0914,52.7707,10.9271,0.2,,18.3,18.5,0.129,18.3,0.129,2.18,icon_d2
2026-09-03,W0915,52.7707,10.9566,0.1,,18.2,18.5,0.129,18.3,0.129,2.24,icon_d2
2026-09-03,W0916,52.7707,10.9861,0.2,,18.1,18.5,0.129,18.3,0.129,2.26,icon_d2
2026-09-03,W0917,52.7707,11.0157,0.2,,18.4,18.5,0.129,18.3,0.129,2.21,icon_d2
2026-09-03,W0918,52.7707,11.0452,0.2,,18.3,18.6,0.147,18.3,0.119,2.26,icon_d2
2026-09-03,W1700,52.76171,11.06084,0.2,,18.3,18.6,0.147,18.3,0.119,2.26,icon_d2
2026-09-03,W1701,52.76171,11.0904,0.1,,18.4,18.6,0.147,18.3,0.119,2.38,icon_d2
2026-09-03,W1702,52.76171,11.11997,0.1,,18.4,18.6,0.147,18.3,0.119,2.38,icon_d2
2026-09-03,W1703,52.76171,11.14953,0.1,,18.3,18.6,0.147,18.3,0.119,2.39,icon_d2
2026-09-03,W0920,52.7887,10.1295,0.3,,18.0,17.0,0.176,17.0,0.099,1.76,icon_d2
2026-09-03,W0921,52.7887,10.1591,0.2,,17.8,17.1,0.152,16.9,0.07,1.81,icon_d2
2026-09-03,W0922,52.7887,10.1886,0.1,,17.7,17.1,0.152,16.9,0.07,1.83,icon_d2
2026-09-03,W0923,52.7887,10.2182,0.2,,17.8,17.1,0.167,17.0,0.084,1.8,icon_d2
2026-09-03,W0924,52.7887,10.2477,0.2,,17.8,17.1,0.167,17.0,0.084,1.8,icon_d2
2026-09-03,W0925,52.7887,10.2772,0.2,,17.8,17.1,0.167,17.0,0.084,1.74,icon_d2
2026-09-03,W0926,52.7887,10.3068,0.2,,17.7,17.1,0.167,17.0,0.084,1.74,icon_d2
2026-09-03,W0927,52.7887,10.3363,0.1,,17.6,17.1,0.164,16.8,0.081,1.74,icon_d2
2026-09-03,W0928,52.7887,10.3658,0.1,,17.6,17.1,0.164,16.8,0.081,1.76,icon_d2
2026-09-03,W0929,52.7887,10.3954,0.2,,17.6,17.1,0.161,17.0,0.069,1.74,icon_d2
2026-09-03,W0930,52.7887,10.4249,0.2,,17.5,17.1,0.161,17.0,0.069,1.73,icon_d2
2026-09-03,W0931,52.7887,10.4545,0.3,,17.5,17.1,0.161,17.0,0.069,1.73,icon_d2
2026-09-03,W0932,52.7887,10.484,0.2,,17.5,17.2,0.14,17.1,0.082,1.72,icon_d2
2026-09-03,W0933,52.7887,10.5135,0.1,,17.7,17.2,0.14,17.1,0.082,1.8,icon_d2
2026-09-03,W0934,52.7887,10.5431,0.1,,17.7,17.6,0.076,16.9,0.043,1.93,icon_d2
2026-09-03,W0935,52.7887,10.5726,0.3,,17.9,17.6,0.076,16.9,0.043,2.0,icon_d2
2026-09-03,W0936,52.7887,10.6021,0.1,,18.0,17.6,0.076,16.9,0.043,1.97,icon_d2
2026-09-03,W1704,52.77973,10.61737,0.1,,18.0,17.6,0.076,16.9,0.043,1.96,icon_d2
2026-09-03,W0937,52.7887,10.6612,0.2,,17.9,17.7,0.086,17.5,0.038,1.93,icon_d2
2026-09-03,W0938,52.7887,10.6908,0.1,,17.8,17.7,0.086,17.5,0.038,2.02,icon_d2
2026-09-03,W0939,52.7887,10.7203,0.2,,17.7,18.1,0.061,17.4,0.051,1.99,icon_d2
2026-09-03,W0940,52.7887,10.7498,0.2,,17.8,18.1,0.061,17.4,0.051,1.99,icon_d2
2026-09-03,W0941,52.7887,10.7794,0.1,,17.7,18.1,0.061,17.4,0.051,2.02,icon_d2
2026-09-03,W0942,52.7887,10.8089,0.4,,17.7,18.1,0.061,17.4,0.051,2.14,icon_d2
2026-09-03,W0943,52.7887,10.8384,0.4,,18.0,18.2,0.071,17.6,0.053,2.16,icon_d2
2026-09-03,W0944,52.7887,10.868,0.3,,18.2,18.2,0.071,17.6,0.053,2.1,icon_d2
2026-09-03,W0945,52.7887,10.8975,0.3,,18.3,18.5,0.129,18.3,0.129,2.14,icon_d2
2026-09-03,W0946,52.7887,10.9271,0.2,,18.1,18.5,0.129,18.3,0.129,2.17,icon_d2
2026-09-03,W0947,52.7887,10.9566,0.1,,18.1,18.5,0.129,18.3,0.129,2.23,icon_d2
2026-09-03,W1705,52.77973,10.97214,0.2,,18.3,18.5,0.129,18.3,0.129,2.27,icon_d2
2026-09-03,W0948,52.7887,11.0157,0.2,,18.4,18.7,0.129,18.5,0.132,2.21,icon_d2
2026-09-03,W0949,52.7887,11.0452,0.2,,18.4,18.7,0.129,18.5,0.132,2.27,icon_d2
2026-09-03,W0950,52.7887,11.0747,0.2,,18.3,18.6,0.147,18.3,0.119,2.3,icon_d2
2026-09-03,W0951,52.7887,11.1043,0.4,,18.4,18.6,0.147,18.3,0.119,2.21,icon_d2
2026-09-03,W0952,52.7887,11.1338,0.5,,18.3,18.6,0.147,18.3,0.119,2.29,icon_d2
2026-09-03,W1706,52.77973,11.14953,0.5,,18.3,18.6,0.147,18.3,0.119,2.29,icon_d2
2026-09-03,W1707,52.79775,10.11478,0.2,,18.1,17.1,0.152,16.9,0.07,1.78,icon_d2
2026-09-03,W1771,52.79775,10.14435,0.2,,17.8,17.1,0.152,16.9,0.07,1.77,icon_d2
2026-09-03,W1772,52.79775,10.17391,0.1,,17.6,17.1,0.152,16.9,0.07,1.83,icon_d2
2026-09-03,W1773,52.79775,10.20347,0.2,,17.7,17.1,0.152,16.9,0.07,1.73,icon_d2
2026-09-03,W1774,52.79775,10.23304,0.2,,17.8,17.1,0.167,17.0,0.084,1.73,icon_d2
2026-09-03,W1775,52.79775,10.2626,0.1,,17.7,17.1,0.167,17.0,0.084,1.7,icon_d2
2026-09-03,W1776,52.79775,10.29217,0.2,,17.9,17.1,0.164,16.8,0.081,1.71,icon_d2
2026-09-03,W1777,52.79775,10.32173,0.2,,17.7,17.1,0.164,16.8,0.081,1.71,icon_d2
2026-09-03,W1778,52.79775,10.3513,0.2,,17.5,17.1,0.164,16.8,0.081,1.74,icon_d2
2026-09-03,W1779,52.79775,10.38086,0.1,,17.8,17.1,0.161,17.0,0.069,1.79,icon_d2
2026-09-03,W1780,52.79775,10.41042,0.2,,17.6,17.1,0.161,17.0,0.069,1.73,icon_d2
2026-09-03,W1781,52.79775,10.43999,0.1,,17.5,17.1,0.161,17.0,0.069,1.74,icon_d2
2026-09-03,W1782,52.79775,10.46955,0.2,,17.5,17.2,0.14,17.1,0.082,1.72,icon_d2
2026-09-03,W1708,52.79775,10.49912,0.1,,17.5,17.2,0.14,17.1,0.082,1.74,icon_d2
2026-09-03,W1709,52.79775,10.52868,0.1,,17.7,17.2,0.14,17.1,0.082,1.9,icon_d2
2026-09-03,W1710,52.79775,10.55825,0.7,,17.9,17.6,0.076,16.9,0.043,2.02,icon_d2
2026-09-03,W1711,52.79775,10.58781,0.6,,18.0,17.6,0.076,16.9,0.043,1.98,icon_d2
2026-09-03,W1712,52.79775,10.61737,0.5,,18.1,17.7,0.086,17.5,0.038,1.98,icon_d2
2026-09-03,W1713,52.79775,10.64694,0.5,,18.1,17.7,0.086,17.5,0.038,1.98,icon_d2
2026-09-03,W1714,52.79775,10.6765,0.5,,18.0,17.7,0.086,17.5,0.038,2.05,icon_d2
2026-09-03,W1715,52.79775,10.70607,0.7,,17.9,17.7,0.086,17.5,0.038,2.02,icon_d2
2026-09-03,W1716,52.79775,10.73563,0.4,,17.9,18.1,0.061,17.4,0.051,2.02,icon_d2
2026-09-03,W1717,52.79775,10.76519,0.4,,17.9,18.1,0.061,17.4,0.051,2.02,icon_d2
2026-09-03,W1783,52.79775,10.79476,0.6,,17.7,18.2,0.071,17.6,0.053,2.0,icon_d2
2026-09-03,W1718,52.79775,10.82432,0.6,,17.8,18.2,0.071,17.6,0.053,2.01,icon_d2
2026-09-03,W1719,52.79775,10.85389,0.6,,18.0,18.2,0.071,17.6,0.053,2.21,icon_d2
2026-09-03,W1720,52.79775,10.88345,0.6,,18.1,18.5,0.129,18.3,0.129,2.21,icon_d2
2026-09-03,W1721,52.79775,10.91302,0.7,,18.1,18.5,0.129,18.3,0.129,2.24,icon_d2
2026-09-03,W1722,52.79775,10.94258,0.5,,18.1,18.5,0.129,18.3,0.129,2.26,icon_d2
2026-09-03,W1723,52.79775,10.97214,0.7,,18.2,18.7,0.129,18.5,0.132,2.31,icon_d2
2026-09-03,W1724,52.79775,11.00171,0.5,,18.2,18.7,0.129,18.5,0.132,2.31,icon_d2
2026-09-03,W1725,52.79775,11.03127,0.5,,18.5,18.7,0.129,18.5,0.132,2.33,icon_d2
2026-09-03,W1726,52.79775,11.06084,0.6,,18.3,18.6,0.147,18.3,0.119,2.3,icon_d2
2026-09-03,W1727,52.79775,11.0904,0.6,,18.4,18.6,0.147,18.3,0.119,2.18,icon_d2
2026-09-03,W1728,52.79775,11.11997,0.6,,18.4,18.6,0.147,18.3,0.119,2.18,icon_d2
2026-09-03,W1729,52.79775,11.14953,0.6,,18.5,19.1,0.113,18.9,0.131,2.19,icon_d2
2026-09-03,W0954,52.8068,10.1295,0.2,,18.0,17.1,0.152,16.9,0.07,1.78,icon_d2
2026-09-03,W0955,52.8068,10.1591,0.1,,17.6,17.1,0.152,16.9,0.07,1.83,icon_d2
2026-09-03,W0956,52.8068,10.1886,0.1,,17.7,17.1,0.152,16.9,0.07,1.83,icon_d2
2026-09-03,W0957,52.8068,10.2182,0.2,,17.9,17.1,0.167,17.0,0.084,1.74,icon_d2
2026-09-03,W0958,52.8068,10.2477,0.2,,17.8,17.1,0.164,16.8,0.081,1.73,icon_d2
2026-09-03,W0959,52.8068,10.2772,0.1,,17.8,17.1,0.164,16.8,0.081,1.7,icon_d2
2026-09-03,W0960,52.8068,10.3068,0.2,,17.7,17.1,0.164,16.8,0.081,1.7,icon_d2
2026-09-03,W0961,52.8068,10.3363,0.1,,17.6,17.1,0.164,16.8,0.081,1.74,icon_d2
2026-09-03,W0962,52.8068,10.3658,0.2,,17.5,17.1,0.164,16.8,0.081,1.74,icon_d2
2026-09-03,W0963,52.8068,10.3954,0.1,,17.7,17.1,0.161,17.0,0.069,1.78,icon_d2
2026-09-03,W0964,52.8068,10.4249,0.2,,17.5,17.2,0.14,17.1,0.082,1.73,icon_d2
2026-09-03,W0965,52.8068,10.4545,0.2,,17.5,17.2,0.14,17.1,0.082,1.72,icon_d2
2026-09-03,W0966,52.8068,10.484,0.1,,17.4,17.2,0.14,17.1,0.082,1.74,icon_d2
2026-09-03,W0967,52.8068,10.5135,0.1,,17.8,17.2,0.14,17.1,0.082,1.91,icon_d2
2026-09-03,W0968,52.8068,10.5431,0.3,,17.9,17.2,0.14,17.1,0.082,1.97,icon_d2
2026-09-03,W0969,52.8068,10.5726,0.6,,18.1,17.6,0.076,16.9,0.043,1.99,icon_d2
2026-09-03,W0970,52.8068,10.6021,0.6,,18.0,17.7,0.086,17.5,0.038,1.98,icon_d2
2026-09-03,W0971,52.8068,10.6317,0.5,,18.0,17.7,0.086,17.5,0.038,1.97,icon_d2
2026-09-03,W0972,52.8068,10.6612,0.7,,18.0,17.7,0.086,17.5,0.038,2.05,icon_d2
2026-09-03,W0973,52.8068,10.6908,0.7,,17.9,17.7,0.086,17.5,0.038,2.02,icon_d2
2026-09-03,W0974,52.8068,10.7203,0.7,,17.8,18.1,0.061,17.4,0.051,2.02,icon_d2
2026-09-03,W0975,52.8068,10.7498,0.4,,17.8,18.1,0.061,17.4,0.051,2.01,icon_d2
2026-09-03,W0976,52.8068,10.7794,0.3,,17.8,18.2,0.071,17.6,0.053,1.98,icon_d2
2026-09-03,W0977,52.8068,10.8089,0.6,,17.7,18.2,0.071,17.6,0.053,2.0,icon_d2
2026-09-03,W1730,52.81577,10.82432,0.7,,17.9,18.2,0.071,17.6,0.053,2.15,icon_d2
2026-09-03,W0978,52.8068,10.868,0.6,,17.9,18.2,0.071,17.6,0.053,2.2,icon_d2
2026-09-03,W0979,52.8068,10.8975,0.6,,18.1,18.5,0.129,18.3,0.129,2.21,icon_d2
2026-09-03,W1731,52.81577,10.91302,1.1,,18.3,18.7,0.129,18.5,0.132,2.31,icon_d2
2026-09-03,W0980,52.8068,10.9566,0.5,,18.2,18.7,0.129,18.5,0.132,2.27,icon_d2
2026-09-03,W1732,52.81577,10.97214,0.8,,18.2,18.7,0.129,18.5,0.132,2.31,icon_d2
2026-09-03,W1733,52.81577,11.00171,0.7,,18.2,18.7,0.129,18.5,0.132,2.33,icon_d2
2026-09-03,W0981,52.8068,11.0452,0.5,,18.4,18.7,0.129,18.5,0.132,2.32,icon_d2
2026-09-03,W0982,52.8068,11.0747,0.6,,18.4,18.6,0.147,18.3,0.119,2.3,icon_d2
2026-09-03,W0983,52.8068,11.1043,0.6,,18.2,19.1,0.113,18.9,0.131,2.17,icon_d2
2026-09-03,W0984,52.8068,11.1338,0.6,,18.4,19.1,0.113,18.9,0.131,2.18,icon_d2
2026-09-03,W1734,52.81577,11.14953,0.7,,18.4,19.1,0.113,18.9,0.131,2.22,icon_d2
2026-09-03,W0986,52.8248,10.1295,0.5,,17.9,17.1,0.152,16.9,0.07,1.8,icon_d2
2026-09-03,W0987,52.8248,10.1591,0.2,,17.8,17.1,0.152,16.9,0.07,1.76,icon_d2
2026-09-03,W0988,52.8248,10.1886,0.1,,17.6,17.1,0.152,16.9,0.07,1.77,icon_d2
2026-09-03,W0989,52.8248,10.2182,0.4,,17.9,17.1,0.164,16.8,0.081,1.78,icon_d2
2026-09-03,W0990,52.8248,10.2477,0.3,,17.7,17.1,0.164,16.8,0.081,1.7,icon_d2
2026-09-03,W0991,52.8248,10.2772,0.2,,17.6,17.1,0.164,16.8,0.081,1.73,icon_d2
2026-09-03,W0992,52.8248,10.3068,0.2,,17.6,17.1,0.164,16.8,0.081,1.74,icon_d2
2026-09-03,W0993,52.8248,10.3363,0.2,,17.5,17.1,0.164,16.8,0.081,1.75,icon_d2
2026-09-03,W0994,52.8248,10.3658,0.2,,17.5,17.1,0.164,16.8,0.081,1.74,icon_d2
2026-09-03,W0995,52.8248,10.3954,0.2,,17.6,17.2,0.14,17.1,0.082,1.82,icon_d2
2026-09-03,W0996,52.8248,10.4249,0.1,,17.6,17.2,0.14,17.1,0.082,1.84,icon_d2
2026-09-03,W0997,52.8248,10.4545,0.1,,17.4,17.2,0.14,17.1,0.082,1.75,icon_d2
2026-09-03,W0998,52.8248,10.484,0.1,,17.4,17.2,0.14,17.1,0.082,1.75,icon_d2
2026-09-03,W0999,52.8248,10.5135,0.3,,17.6,17.2,0.14,17.1,0.082,1.85,icon_d2
2026-09-03,W1000,52.8248,10.5431,0.3,,17.8,17.2,0.14,17.1,0.082,1.96,icon_d2
2026-09-03,W1001,52.8248,10.5726,0.7,,17.9,17.7,0.086,17.5,0.038,2.02,icon_d2
2026-09-03,W1002,52.8248,10.6021,0.8,,17.9,17.7,0.086,17.5,0.038,1.98,icon_d2
2026-09-03,W1003,52.8248,10.6317,0.9,,18.0,17.7,0.086,17.5,0.038,2.03,icon_d2
2026-09-03,W1735,52.83378,10.64694,0.9,,18.0,17.7,0.086,17.5,0.038,2.04,icon_d2
2026-09-03,W1736,52.83378,10.6765,0.7,,17.9,17.7,0.086,17.5,0.038,2.09,icon_d2
2026-09-03,W1004,52.8248,10.7203,0.5,,17.9,17.7,0.086,17.5,0.038,2.0,icon_d2
2026-09-03,W1005,52.8248,10.7498,0.5,,17.9,18.2,0.071,17.6,0.053,2.0,icon_d2
2026-09-03,W1006,52.8248,10.7794,0.6,,17.8,18.2,0.071,17.6,0.053,2.04,icon_d2
2026-09-03,W1007,52.8248,10.8089,0.6,,17.8,18.2,0.071,17.6,0.053,2.04,icon_d2
2026-09-03,W1737,52.83378,10.82432,0.9,,18.1,18.2,0.071,17.6,0.053,2.11,icon_d2
2026-09-03,W1008,52.8248,10.868,0.6,,18.0,18.2,0.071,17.6,0.053,2.21,icon_d2
2026-09-03,W1009,52.8248,10.8975,0.9,,18.0,18.7,0.129,18.5,0.132,2.2,icon_d2
2026-09-03,W1010,52.8248,10.9271,1.1,,18.2,18.7,0.129,18.5,0.132,2.31,icon_d2
2026-09-03,W1011,52.8248,10.9566,0.8,,18.1,18.7,0.129,18.5,0.132,2.31,icon_d2
2026-09-03,W1012,52.8248,10.9861,0.8,,18.2,18.7,0.129,18.5,0.132,2.31,icon_d2
2026-09-03,W1738,52.83378,11.00171,0.8,,18.2,18.7,0.129,18.5,0.132,2.23,icon_d2
2026-09-03,W1013,52.8248,11.0452,0.7,,18.1,18.7,0.129,18.5,0.132,2.35,icon_d2
2026-09-03,W1739,52.83378,11.06084,0.6,,18.3,19.1,0.113,18.9,0.131,2.31,icon_d2
2026-09-03,W1014,52.8248,11.1043,0.7,,18.3,19.1,0.113,18.9,0.131,2.37,icon_d2
2026-09-03,W1015,52.8248,11.1338,0.7,,18.5,19.1,0.113,18.9,0.131,2.23,icon_d2
2026-09-03,W1740,52.83378,11.14953,0.8,,18.3,19.1,0.113,18.9,0.131,2.32,icon_d2
2026-09-03,W1017,52.8428,10.1295,0.4,,17.8,17.1,0.152,16.9,0.07,1.78,icon_d2
2026-09-03,W1018,52.8428,10.1591,0.3,,17.8,17.1,0.152,16.9,0.07,1.76,icon_d2
2026-09-03,W1019,52.8428,10.1886,0.4,,17.8,17.1,0.152,16.9,0.07,1.78,icon_d2
2026-09-03,W1020,52.8428,10.2182,0.4,,17.7,17.1,0.164,16.8,0.081,1.77,icon_d2
2026-09-03,W1021,52.8428,10.2477,0.4,,17.6,17.1,0.164,16.8,0.081,1.77,icon_d2
2026-09-03,W1022,52.8428,10.2772,0.3,,17.7,17.1,0.164,16.8,0.081,1.75,icon_d2
2026-09-03,W1023,52.8428,10.3068,0.3,,17.8,17.1,0.164,16.8,0.081,1.75,icon_d2
2026-09-03,W1024,52.8428,10.3363,0.3,,17.7,17.1,0.164,16.8,0.081,1.83,icon_d2
2026-09-03,W1025,52.8428,10.3658,0.2,,17.7,17.1,0.164,16.8,0.081,1.87,icon_d2
2026-09-03,W1026,52.8428,10.3954,0.1,,17.8,17.2,0.14,17.1,0.082,1.95,icon_d2
2026-09-03,W1027,52.8428,10.4249,0.2,,17.8,17.2,0.14,17.1,0.082,1.92,icon_d2
2026-09-03,W1028,52.8428,10.4545,0.1,,17.9,17.2,0.14,17.1,0.082,1.93,icon_d2
2026-09-03,W1029,52.8428,10.484,0.1,,17.7,17.2,0.14,17.1,0.082,1.89,icon_d2
2026-09-03,W1030,52.8428,10.5135,0.4,,17.7,17.2,0.14,17.1,0.082,1.94,icon_d2
2026-09-03,W1031,52.8428,10.5431,0.4,,18.1,17.2,0.14,17.1,0.082,2.06,icon_d2
2026-09-03,W1032,52.8428,10.5726,0.7,,17.9,17.7,0.086,17.5,0.038,1.93,icon_d2
2026-09-03,W1033,52.8428,10.6021,0.7,,17.9,17.7,0.086,17.5,0.038,1.93,icon_d2
2026-09-03,W1034,52.8428,10.6317,0.9,,17.8,17.7,0.086,17.5,0.038,2.02,icon_d2
2026-09-03,W1035,52.8428,10.6612,0.6,,18.0,17.7,0.086,17.5,0.038,1.98,icon_d2
2026-09-03,W1036,52.8428,10.7203,0.6,,17.8,17.7,0.086,17.5,0.038,2.08,icon_d2
2026-09-03,W1037,52.8428,10.7498,0.5,,17.8,18.2,0.071,17.6,0.053,1.98,icon_d2
2026-09-03,W1038,52.8428,10.7794,0.7,,17.8,18.2,0.071,17.6,0.053,2.0,icon_d2
2026-09-03,W1039,52.8428,10.8089,0.7,,17.6,18.2,0.071,17.6,0.053,1.99,icon_d2
2026-09-03,W1040,52.8428,10.8384,0.9,,18.0,18.2,0.071,17.6,0.053,2.21,icon_d2
2026-09-03,W1041,52.8428,10.868,1.2,,18.2,18.2,0.071,17.6,0.053,2.28,icon_d2
2026-09-03,W1042,52.8428,10.8975,1.1,,18.1,18.7,0.129,18.5,0.132,2.26,icon_d2
2026-09-03,W1043,52.8428,10.9271,1.1,,18.1,18.7,0.129,18.5,0.132,2.26,icon_d2
2026-09-03,W1044,52.8428,10.9566,0.8,,18.3,18.7,0.129,18.5,0.132,2.37,icon_d2
2026-09-03,W1045,52.8428,10.9861,0.8,,18.4,18.7,0.129,18.5,0.132,2.4,icon_d2
2026-09-03,W1741,52.8428,11.0747,0.8,,18.5,19.1,0.113,18.9,0.131,2.36,icon_d2
2026-09-03,W1784,52.8518,10.6765,0.6,,18.1,17.7,0.086,17.5,0.038,2.06,icon_d2
2026-09-03,W1785,52.8518,11.00171,0.8,,18.3,18.7,0.129,18.5,0.132,2.27,icon_d2
2026-09-03,W1786,52.8518,11.03127,0.6,,18.1,18.3,0.082,17.9,0.055,2.15,icon_d2
2026-09-03,W1787,52.8518,11.0904,0.6,,18.5,19.1,0.113,18.9,0.131,2.34,icon_d2
2026-09-03,W1788,52.8518,11.11997,0.6,,18.6,19.1,0.113,18.9,0.131,2.3,icon_d2
2026-09-03,W1789,52.8518,11.14953,0.6,,18.6,19.1,0.113,18.9,0.131,2.3,icon_d2
2026-09-03,W1790,52.59955,10.73563,0.2,,17.8,17.6,0.136,17.0,0.074,1.85,icon_d2
2026-09-03,W1791,52.61757,10.88345,0.4,,17.7,17.6,0.183,17.1,0.151,1.99,icon_d2
2026-09-03,W1792,52.61757,10.91302,0.2,,17.8,17.6,0.183,17.1,0.151,2.06,icon_d2
2026-09-03,W1793,52.61757,11.14953,0.1,,18.2,17.9,0.176,17.5,0.149,2.13,icon_d2
2026-09-03,W1794,52.63559,10.29217,0.1,,18.0,17.3,0.141,17.0,0.055,1.98,icon_d2
2026-09-03,W1795,52.63559,10.32173,0.2,,17.8,17.0,0.154,16.8,0.07,1.94,icon_d2
2026-09-03,W1796,52.63559,10.52868,0.0,,17.7,17.2,0.13,16.6,0.05,1.85,icon_d2
2026-09-03,W1797,52.63559,10.88345,0.1,,17.9,17.6,0.183,17.1,0.151,2.0,icon_d2
2026-09-03,W1798,52.63559,10.91302,0.1,,17.8,17.6,0.183,17.1,0.151,2.05,icon_d2
2026-09-03,W1799,52.63559,11.06084,0.2,,18.2,17.9,0.176,17.5,0.149,2.09,icon_d2
2026-09-03,W1800,52.63559,11.14953,0.2,,18.2,17.9,0.176,17.5,0.149,2.25,icon_d2
2026-09-03,W1801,52.6536,10.23304,0.1,,18.0,17.3,0.141,17.0,0.055,1.91,icon_d2
2026-09-03,W1365,52.32928,10.41042,0.1,,18.0,18.1,0.193,17.8,0.163,2.18,icon_d2
2026-09-03,W1366,52.32928,10.43999,0.1,,18.0,18.2,0.185,18.1,0.144,2.17,icon_d2
2026-09-03,W1367,52.32928,10.46955,0.1,,18.1,18.2,0.185,18.1,0.144,2.17,icon_d2
2026-09-03,W1368,52.32928,10.49912,0.1,,18.3,18.2,0.185,18.1,0.144,2.19,icon_d2
2026-09-03,W1369,52.32928,10.52868,0.2,,18.3,18.2,0.185,18.1,0.144,2.15,icon_d2
2026-09-03,W0246,52.3203,10.5726,0.2,,18.0,18.2,0.185,18.1,0.144,2.09,icon_d2
2026-09-03,W0247,52.3203,10.6021,0.2,,17.9,17.8,0.195,17.4,0.149,2.08,icon_d2
2026-09-03,W0248,52.3203,10.6317,0.2,,18.0,17.8,0.195,17.4,0.149,2.07,icon_d2
2026-09-03,W0249,52.3203,10.6612,0.2,,17.9,17.8,0.195,17.4,0.149,2.09,icon_d2
2026-09-03,W0250,52.3203,10.6908,0.1,,18.0,17.8,0.195,17.4,0.149,2.13,icon_d2
2026-09-03,W0251,52.3203,10.7203,0.1,,17.8,17.8,0.195,17.4,0.149,2.11,icon_d2
2026-09-03,W0252,52.3203,10.7498,0.1,,17.9,17.8,0.174,17.5,0.15,2.11,icon_d2
2026-09-03,W1370,52.32928,10.76519,0.1,,18.0,17.9,0.177,17.4,0.146,2.22,icon_d2
2026-09-03,W1371,52.32928,10.79476,0.1,,18.0,17.9,0.177,17.4,0.146,2.09,icon_d2
2026-09-03,W0253,52.3203,10.8384,0.1,,17.8,17.9,0.177,17.4,0.146,2.0,icon_d2
2026-09-03,W0254,52.3203,10.868,0.1,,17.7,17.9,0.177,17.4,0.146,1.91,icon_d2
2026-09-03,W1372,52.32928,10.88345,0.1,,17.6,17.9,0.177,17.4,0.146,1.9,icon_d2
2026-09-03,W0255,52.3203,10.9271,0.1,,17.3,17.8,0.17,17.4,0.148,1.89,icon_d2
2026-09-03,W0256,52.3203,10.9566,0.2,,17.5,17.9,0.158,17.4,0.149,1.96,icon_d2
2026-09-03,W0257,52.3203,10.9861,0.2,,17.7,17.9,0.158,17.4,0.149,1.98,icon_d2
2026-09-03,W1373,52.32928,11.00171,0.2,,17.8,17.9,0.158,17.4,0.149,2.03,icon_d2
2026-09-03,W0258,52.3203,11.0452,0.2,,17.9,17.9,0.158,17.4,0.149,2.11,icon_d2
2026-09-03,W1374,52.32928,11.06084,0.1,,18.1,17.9,0.158,17.4,0.149,2.09,icon_d2
2026-09-03,W1375,52.32928,11.0904,0.3,,18.1,18.1,0.164,17.7,0.15,2.11,icon_d2
2026-09-03,W1376,52.32928,11.11997,0.2,,17.9,18.1,0.164,17.7,0.15,2.04,icon_d2
2026-09-03,W1377,52.32928,11.14953,0.2,,17.7,18.1,0.164,17.7,0.15,2.02,icon_d2
2026-09-03,W0260,52.3383,10.1295,0.0,,18.2,18.5,0.156,18.3,0.146,2.1,icon_d2
2026-09-03,W1378,52.3473,10.14435,0.0,,18.3,18.5,0.156,18.3,0.146,2.11,icon_d2
2026-09-03,W1379,52.3473,10.17391,0.0,,18.4,18.5,0.156,18.3,0.146,2.22,icon_d2
2026-09-03,W1380,52.3473,10.20347,0.0,,18.4,18.5,0.156,18.3,0.146,2.22,icon_d2
2026-09-03,W1381,52.3473,10.23304,0.0,,18.4,18.5,0.156,18.3,0.146,2.23,icon_d2
2026-09-03,W0281,52.3563,10.2772,0.0,,18.2,18.1,0.193,17.8,0.163,2.22,icon_d2
2026-09-03,W0282,52.3563,10.3068,0.0,,18.0,18.1,0.193,17.8,0.163,2.18,icon_d2
2026-09-03,W0261,52.3383,10.3363,0.0,,18.0,18.1,0.193,17.8,0.163,2.15,icon_d2
2026-09-03,W0262,52.3383,10.3658,0.1,,18.1,18.1,0.193,17.8,0.163,2.19,icon_d2
2026-09-03,W1382,52.3473,10.38086,0.1,,18.1,18.1,0.193,17.8,0.163,2.2,icon_d2
2026-09-03,W0285,52.3563,10.4249,0.1,,18.1,18.2,0.185,18.1,0.144,2.17,icon_d2
2026-09-03,W1383,52.3473,10.43999,0.2,,18.0,18.2,0.185,18.1,0.144,2.17,icon_d2
2026-09-03,W0263,52.3383,10.484,0.2,,18.0,18.2,0.185,18.1,0.144,2.1,icon_d2
2026-09-03,W0264,52.3383,10.5135,0.2,,18.2,18.2,0.185,18.1,0.144,2.14,icon_d2
2026-09-03,W1384,52.3473,10.52868,0.2,,18.1,18.2,0.185,18.1,0.144,2.13,icon_d2
2026-09-03,W0265,52.3383,10.5726,0.3,,17.9,18.2,0.185,18.1,0.144,2.03,icon_d2
2026-09-03,W0266,52.3383,10.6021,0.3,,17.7,17.8,0.195,17.4,0.149,2.02,icon_d2
2026-09-03,W0267,52.3383,10.6317,0.3,,17.8,17.8,0.195,17.4,0.149,2.03,icon_d2
2026-09-03,W0268,52.3383,10.6612,0.3,,17.9,17.8,0.195,17.4,0.149,2.03,icon_d2
2026-09-03,W0269,52.3383,10.6908,0.2,,17.9,17.8,0.195,17.4,0.149,2.04,icon_d2
2026-09-03,W0270,52.3383,10.7203,0.2,,17.7,17.8,0.195,17.4,0.149,2.01,icon_d2
2026-09-03,W0271,52.3383,10.7498,0.3,,17.9,17.8,0.195,17.4,0.149,2.08,icon_d2
2026-09-03,W1385,52.3473,10.76519,0.2,,17.8,17.9,0.177,17.4,0.146,2.03,icon_d2
2026-09-03,W0293,52.3563,10.8089,0.1,,17.8,17.9,0.177,17.4,0.146,2.02,icon_d2
2026-09-04,W0013,52.068,10.1295,9.8,,18.9,19.0,0.186,18.1,0.156,1.79,icon_d2
2026-09-04,W0014,52.068,10.1591,11.4,,18.8,19.0,0.186,18.1,0.156,1.79,icon_d2
2026-09-04,W0015,52.068,10.1886,11.6,,18.9,19.2,0.193,18.2,0.148,1.86,icon_d2
2026-09-04,W0016,52.068,10.2182,12.3,,18.4,19.2,0.193,18.2,0.148,1.89,icon_d2
2026-09-04,W0005,52.05,10.2477,10.1,,18.9,19.2,0.193,18.2,0.148,1.9,icon_d2
2026-09-04,W1046,52.05901,10.2626,11.7,,19.1,19.2,0.193,18.2,0.148,1.99,icon_d2
2026-09-04,W1047,52.05901,10.29217,11.7,,18.9,19.2,0.193,18.2,0.148,1.97,icon_d2
2026-09-04,W0017,52.068,10.3363,10.9,,18.6,19.2,0.193,18.2,0.148,1.88,icon_d2
2026-09-04,W0018,52.068,10.3658,10.4,,18.6,18.9,0.176,17.8,0.157,1.98,icon_d2
2026-09-04,W0019,52.068,10.3954,10.9,,18.9,19.5,0.176,18.5,0.157,2.01,icon_d2
2026-09-04,W0020,52.068,10.4249,10.4,,19.1,19.5,0.176,18.5,0.157,2.13,icon_d2
2026-09-04,W1048,52.05901,10.43999,10.4,,19.3,19.5,0.176,18.5,0.157,2.14,icon_d2
2026-09-04,W1049,52.05901,10.46955,9.7,,19.2,19.5,0.176,18.5,0.157,2.2,icon_d2
2026-09-04,W0021,52.068,10.5135,9.0,,18.9,19.7,0.175,18.6,0.166,2.23,icon_d2
2026-09-04,W0022,52.068,10.5431,8.8,,19.2,19.7,0.175,18.6,0.166,2.25,icon_d2
2026-09-04,W1050,52.05901,10.55825,8.0,,19.7,19.7,0.175,18.6,0.166,2.39,icon_d2
2026-09-04,W1051,52.05901,10.58781,8.3,,19.4,19.7,0.175,18.6,0.166,2.22,icon_d2
2026-09-04,W0010,52.05,10.6317,6.7,,19.5,19.7,0.175,18.6,0.166,2.36,icon_d2
2026-09-04,W1053,52.05901,10.64694,7.4,,19.4,19.7,0.175,18.6,0.166,2.23,icon_d2
2026-09-04,W1054,52.05901,10.6765,6.9,,19.5,19.1,0.236,18.1,0.196,2.35,icon_d2
2026-09-04,W1055,52.05901,10.70607,7.9,,19.4,19.1,0.236,18.1,0.196,2.17,icon_d2
2026-09-04,W1056,52.05901,10.73563,7.8,,19.3,19.1,0.236,18.1,0.196,2.17,icon_d2
2026-09-04,W1057,52.05901,10.76519,8.3,,19.4,19.1,0.236,18.1,0.196,2.23,icon_d2
2026-09-04,W0011,52.05,10.8089,5.0,,20.0,19.1,0.236,18.1,0.196,2.64,icon_d2
2026-09-04,W1059,52.05901,10.82432,7.3,,19.8,19.1,0.236,18.1,0.196,2.43,icon_d2
2026-09-04,W1060,52.05901,10.85389,7.7,,19.7,19.0,0.221,18.0,0.205,2.41,icon_d2
2026-09-04,W1061,52.05901,10.88345,7.1,,19.8,19.0,0.221,18.0,0.205,2.47,icon_d2
2026-09-04,W1062,52.05901,10.91302,6.9,,20.0,19.0,0.221,18.0,0.205,2.59,icon_d2
2026-09-04,W1063,52.05901,10.94258,7.6,,20.0,19.0,0.221,18.0,0.205,2.55,icon_d2
2026-09-04,W1064,52.05901,10.97214,7.3,,20.1,19.0,0.221,18.0,0.205,2.64,icon_d2
2026-09-04,W1065,52.05901,11.00171,7.3,,20.0,19.0,0.221,18.0,0.205,2.63,icon_d2
2026-09-04,W1066,52.05901,11.03127,8.3,,19.8,19.4,0.194,18.3,0.18,2.41,icon_d2
2026-09-04,W1067,52.05901,11.06084,8.3,,19.7,19.4,0.194,18.3,0.18,2.3,icon_d2
2026-09-04,W1068,52.05901,11.0904,8.2,,19.6,19.4,0.194,18.3,0.18,2.34,icon_d2
2026-09-04,W1069,52.05901,11.11997,8.1,,19.7,19.4,0.194,18.3,0.18,2.26,icon_d2
2026-09-04,W1070,52.05901,11.14953,8.1,,19.6,19.4,0.194,18.3,0.18,2.25,icon_d2
2026-09-04,W0024,52.086,10.1295,7.8,,18.7,19.1,0.196,18.4,0.152,1.87,icon_d2
2026-09-04,W1071,52.07703,10.14435,8.9,,19.2,19.0,0.186,18.1,0.156,1.91,icon_d2
2026-09-04,W0025,52.086,10.1886,10.0,,18.9,19.2,0.193,18.2,0.148,1.92,icon_d2
2026-09-04,W0026,52.086,10.2182,9.9,,19.0,19.2,0.193,18.2,0.148,1.95,icon_d2
2026-09-04,W1072,52.07703,10.23304,10.4,,18.9,19.2,0.193,18.2,0.148,1.96,icon_d2
2026-09-04,W1073,52.07703,10.2626,10.2,,18.9,19.2,0.193,18.2,0.148,1.96,icon_d2
2026-09-04,W1575,52.07703,10.29217,10.9,,19.0,19.2,0.193,18.2,0.148,1.93,icon_d2
2026-09-04,W0027,52.086,10.3363,11.8,,18.4,19.3,0.179,18.5,0.149,1.81,icon_d2
2026-09-04,W0028,52.086,10.3658,11.3,,18.3,18.9,0.176,17.8,0.157,1.74,icon_d2
2026-09-04,W0029,52.086,10.3954,10.9,,19.1,19.5,0.176,18.5,0.157,2.03,icon_d2
2026-09-04,W1074,52.07703,10.41042,10.9,,19.1,19.5,0.176,18.5,0.157,2.02,icon_d2
2026-09-04,W1075,52.07703,10.43999,9.7,,19.2,19.5,0.176,18.5,0.157,2.03,icon_d2
2026-09-04,W1076,52.07703,10.46955,9.7,,19.1,19.5,0.176,18.5,0.157,2.03,icon_d2
2026-09-04,W0030,52.086,10.5135,9.6,,18.6,18.8,0.176,17.9,0.15,1.89,icon_d2
2026-09-04,W0031,52.086,10.5431,9.4,,19.3,19.7,0.175,18.6,0.166,2.14,icon_d2
2026-09-04,W0032,52.086,10.5726,8.8,,19.5,19.7,0.175,18.6,0.166,2.17,icon_d2
2026-09-04,W1077,52.07703,10.58781,8.8,,19.3,19.7,0.175,18.6,0.166,2.15,icon_d2
2026-09-04,W1576,52.07703,10.61737,8.4,,19.4,19.7,0.175,18.6,0.166,2.13,icon_d2
2026-09-04,W1078,52.07703,10.64694,8.1,,19.4,19.7,0.175,18.6,0.166,2.14,icon_d2
2026-09-04,W1079,52.07703,10.6765,8.4,,19.4,19.1,0.236,18.1,0.196,2.14,icon_d2
2026-09-04,W1080,52.07703,10.70607,8.5,,19.3,19.1,0.236,18.1,0.196,2.1,icon_d2
2026-09-04,W1081,52.07703,10.73563,8.3,,19.4,19.1,0.236,18.1,0.196,2.23,icon_d2
2026-09-04,W1082,52.07703,10.76519,8.7,,19.3,19.1,0.236,18.1,0.196,2.15,icon_d2
2026-09-04,W1577,52.07703,10.79476,8.9,,19.4,19.1,0.236,18.1,0.196,2.22,icon_d2
2026-09-04,W1083,52.07703,10.82432,8.9,,19.4,18.8,0.217,17.9,0.186,2.23,icon_d2
2026-09-04,W1084,52.07703,10.85389,9.0,,19.6,19.0,0.221,18.0,0.205,2.33,icon_d2
2026-09-04,W1085,52.07703,10.88345,9.4,,19.3,19.0,0.221,18.0,0.205,2.3,icon_d2
2026-09-04,W1086,52.07703,10.91302,9.3,,19.6,19.0,0.221,18.0,0.205,2.28,icon_d2
2026-09-04,W1087,52.07703,10.94258,9.3,,19.6,19.0,0.221,18.0,0.205,2.27,icon_d2
2026-09-04,W1088,52.07703,10.97214,9.0,,19.8,19.0,0.221,18.0,0.205,2.31,icon_d2
2026-09-04,W1089,52.07703,11.00171,8.8,,19.8,19.4,0.166,18.5,0.167,2.42,icon_d2
2026-09-04,W1090,52.07703,11.03127,8.7,,19.6,19.4,0.194,18.3,0.18,2.32,icon_d2
2026-09-04,W1091,52.07703,11.06084,8.3,,19.5,19.4,0.194,18.3,0.18,2.29,icon_d2
2026-09-04,W1092,52.07703,11.0904,7.7,,19.5,19.4,0.194,18.3,0.18,2.24,icon_d2
2026-09-04,W0033,52.086,11.1338,7.2,,19.3,19.3,0.187,18.4,0.18,2.2,icon_d2
2026-09-04,W1093,52.07703,11.14953,7.2,,19.4,19.3,0.187,18.4,0.18,2.2,icon_d2
2026-09-04,W1094,52.09505,10.11478,7.8,,19.2,19.1,0.196,18.4,0.152,1.9,icon_d2
2026-09-04,W1095,52.09505,10.14435,7.8,,19.3,19.1,0.196,18.4,0.152,1.91,icon_d2
2026-09-04,W1096,52.09505,10.17391,8.2,,18.9,19.1,0.196,18.4,0.152,1.85,icon_d2
2026-09-04,W1097,52.09505,10.20347,8.5,,19.0,19.2,0.193,18.2,0.148,1.85,icon_d2
2026-09-04,W1098,52.09505,10.23304,8.9,,18.8,19.2,0.193,18.2,0.148,1.78,icon_d2
2026-09-04,W1099,52.09505,10.2626,9.3,,18.5,19.3,0.179,18.5,0.149,1.79,icon_d2
2026-09-04,W1100,52.09505,10.29217,9.6,,18.8,19.3,0.179,18.5,0.149,1.83,icon_d2
2026-09-04,W1101,52.09505,10.32173,10.1,,18.5,19.3,0.179,18.5,0.149,1.82,icon_d2
2026-09-04,W1578,52.09505,10.3513,10.2,,18.5,19.5,0.176,18.5,0.157,1.82,icon_d2
2026-09-04,W1102,52.09505,10.38086,10.3,,19.1,19.5,0.176,18.5,0.157,1.99,icon_d2
2026-09-04,W1103,52.09505,10.41042,10.2,,19.1,19.5,0.176,18.5,0.157,2.03,icon_d2
2026-09-04,W1104,52.09505,10.43999,10.2,,19.1,19.4,0.176,18.5,0.15,2.04,icon_d2
2026-09-04,W1105,52.09505,10.46955,9.7,,19.2,19.4,0.176,18.5,0.15,2.03,icon_d2
2026-09-04,W1106,52.09505,10.49912,11.3,,18.7,19.4,0.176,18.5,0.15,1.83,icon_d2
2026-09-04,W1107,52.09505,10.52868,11.1,,18.6,19.7,0.175,18.6,0.166,1.87,icon_d2
2026-09-04,W1108,52.09505,10.55825,10.2,,19.4,19.7,0.175,18.6,0.166,2.14,icon_d2
2026-09-04,W1109,52.09505,10.58781,10.2,,19.4,19.0,0.229,18.0,0.184,2.14,icon_d2
2026-09-04,W1110,52.09505,10.61737,9.0,,19.3,19.0,0.229,18.0,0.184,2.1,icon_d2
2026-09-04,W1111,52.09505,10.64694,9.0,,19.3,19.0,0.229,18.0,0.184,2.07,icon_d2
2026-09-04,W1112,52.09505,10.6765,8.8,,19.3,19.0,0.229,18.0,0.184,2.09,icon_d2
2026-09-04,W1113,52.09505,10.70607,8.7,,19.2,19.1,0.236,18.1,0.196,2.07,icon_d2
2026-09-04,W1114,52.09505,10.73563,8.7,,19.0,19.1,0.236,18.1,0.196,2.11,icon_d2
2026-09-04,W1115,52.09505,10.76519,8.7,,19.2,18.8,0.217,17.9,0.186,2.12,icon_d2
2026-09-04,W1579,52.09505,10.79476,8.8,,19.3,18.8,0.217,17.9,0.186,2.16,icon_d2
2026-09-04,W1116,52.09505,10.82432,7.9,,19.2,18.8,0.217,17.9,0.186,2.15,icon_d2
2026-09-04,W1117,52.09505,10.85389,7.6,,19.2,19.0,0.221,18.0,0.205,2.13,icon_d2
2026-09-04,W1580,52.09505,10.88345,8.5,,19.4,19.0,0.221,18.0,0.205,2.24,icon_d2
2026-09-04,W1118,52.09505,10.91302,8.6,,19.6,19.0,0.221,18.0,0.205,2.26,icon_d2
2026-09-04,W1581,52.09505,10.94258,8.6,,19.6,19.4,0.166,18.5,0.167,2.26,icon_d2
2026-09-04,W1119,52.09505,10.97214,8.4,,19.5,19.4,0.166,18.5,0.167,2.24,icon_d2
2026-09-04,W1120,52.09505,11.00171,7.9,,19.3,19.4,0.166,18.5,0.167,2.2,icon_d2
2026-09-04,W1121,52.09505,11.03127,7.6,,19.3,19.4,0.194,18.3,0.18,2.21,icon_d2
2026-09-04,W1122,52.09505,11.06084,7.6,,19.4,19.4,0.194,18.3,0.18,2.22,icon_d2
2026-09-04,W1123,52.09505,11.0904,7.7,,19.3,19.3,0.187,18.4,0.18,2.18,icon_d2
2026-09-04,W1124,52.09505,11.11997,7.7,,19.3,19.3,0.187,18.4,0.18,2.19,icon_d2
2026-09-04,W1125,52.09505,11.14953,5.9,,19.2,19.3,0.187,18.4,0.18,2.18,icon_d2
2026-09-04,W0034,52.1041,10.1295,7.8,,19.2,19.1,0.196,18.4,0.152,1.9,icon_d2
2026-09-04,W0035,52.1041,10.1591,8.4,,19.2,19.1,0.196,18.4,0.152,1.93,icon_d2
2026-09-04,W1126,52.11306,10.17391,8.2,,19.0,19.1,0.196,18.4,0.152,1.86,icon_d2
2026-09-04,W0036,52.1041,10.2182,8.5,,18.8,19.2,0.193,18.2,0.148,1.83,icon_d2
2026-09-04,W0037,52.1041,10.2477,8.9,,18.6,19.3,0.179,18.5,0.149,1.77,icon_d2
2026-09-04,W0038,52.1041,10.2772,9.3,,18.1,18.6,0.179,17.8,0.149,1.77,icon_d2
2026-09-04,W0039,52.1041,10.3068,9.6,,18.6,19.3,0.179,18.5,0.149,1.82,icon_d2
2026-09-04,W0040,52.1041,10.3363,10.2,,18.3,19.3,0.179,18.5,0.149,1.79,icon_d2
2026-09-04,W0041,52.1041,10.3658,10.2,,18.9,19.5,0.176,18.5,0.157,1.85,icon_d2
2026-09-04,W1127,52.11306,10.38086,12.2,,19.3,19.4,0.176,18.5,0.15,2.02,icon_d2
2026-09-04,W1128,52.11306,10.41042,12.2,,19.3,19.4,0.176,18.5,0.15,2.02,icon_d2
2026-09-04,W1129,52.11306,10.43999,11.3,,19.1,19.4,0.176,18.5,0.15,1.98,icon_d2
2026-09-04,W0042,52.1041,10.484,10.2,,19.0,19.4,0.176,18.5,0.15,1.93,icon_d2
2026-09-04,W0043,52.1041,10.5135,11.1,,18.5,18.7,0.176,17.8,0.15,1.86,icon_d2
2026-09-04,W0044,52.1041,10.5431,11.1,,19.0,19.7,0.175,18.6,0.166,1.89,icon_d2
2026-09-04,W1130,52.11306,10.55825,10.9,,19.5,19.0,0.229,18.0,0.184,2.14,icon_d2
2026-09-04,W1131,52.11306,10.58781,11.1,,19.3,19.0,0.229,18.0,0.184,2.06,icon_d2
2026-09-04,W1132,52.11306,10.61737,10.0,,19.4,19.0,0.229,18.0,0.184,2.11,icon_d2
2026-09-04,W1582,52.11306,10.64694,8.9,,19.1,19.0,0.229,18.0,0.184,2.0,icon_d2
2026-09-04,W1133,52.11306,10.6765,8.3,,19.0,19.0,0.229,18.0,0.184,1.98,icon_d2
2026-09-04,W1134,52.11306,10.70607,8.7,,18.9,18.8,0.217,17.9,0.186,2.02,icon_d2
2026-09-04,W1135,52.11306,10.73563,8.3,,19.0,18.8,0.217,17.9,0.186,2.09,icon_d2
2026-09-04,W1136,52.11306,10.76519,7.6,,19.3,18.8,0.217,17.9,0.186,2.1,icon_d2
2026-09-04,W1137,52.11306,10.79476,8.2,,19.3,18.8,0.217,17.9,0.186,2.14,icon_d2
2026-09-04,W1138,52.11306,10.82432,7.6,,19.1,18.8,0.217,17.9,0.186,2.09,icon_d2
2026-09-04,W1139,52.11306,10.85389,7.6,,19.2,18.8,0.217,17.9,0.186,2.14,icon_d2
2026-09-04,W1140,52.11306,10.88345,7.6,,19.3,19.4,0.166,18.5,0.167,2.15,icon_d2
2026-09-04,W1141,52.11306,10.91302,6.8,,19.3,19.4,0.166,18.5,0.167,2.19,icon_d2
2026-09-04,W1142,52.11306,10.94258,6.4,,19.3,19.4,0.166,18.5,0.167,2.16,icon_d2
2026-09-04,W1143,52.11306,10.97214,5.9,,19.6,19.4,0.166,18.5,0.167,2.22,icon_d2
2026-09-04,W1144,52.11306,11.00171,6.5,,19.5,19.4,0.166,18.5,0.167,2.2,icon_d2
2026-09-04,W1145,52.11306,11.03127,5.7,,19.4,19.3,0.187,18.4,0.18,2.16,icon_d2
2026-09-04,W1146,52.11306,11.06084,6.4,,19.2,19.3,0.187,18.4,0.18,2.13,icon_d2
2026-09-04,W1147,52.11306,11.0904,6.4,,19.0,19.3,0.187,18.4,0.18,2.06,icon_d2
2026-09-04,W1148,52.11306,11.11997,5.4,,19.1,19.3,0.187,18.4,0.18,2.08,icon_d2
2026-09-04,W1149,52.11306,11.14953,5.4,,18.9,19.3,0.187,18.4,0.18,2.06,icon_d2
2026-09-04,W0046,52.1221,10.1295,9.3,,18.8,19.1,0.196,18.4,0.152,1.81,icon_d2
2026-09-04,W0047,52.1221,10.1591,8.9,,18.8,19.1,0.196,18.4,0.152,1.77,icon_d2
2026-09-04,W0048,52.1221,10.1886,8.2,,19.0,19.1,0.196,18.4,0.152,1.86,icon_d2
2026-09-04,W0049,52.1221,10.2182,8.3,,19.0,19.3,0.179,18.5,0.149,1.91,icon_d2
2026-09-04,W0050,52.1221,10.2477,10.3,,18.9,19.3,0.179,18.5,0.149,1.86,icon_d2
2026-09-04,W0051,52.1221,10.2772,10.8,,18.5,19.3,0.179,18.5,0.149,1.84,icon_d2
2026-09-04,W0052,52.1221,10.3068,10.8,,18.6,19.3,0.179,18.5,0.149,1.85,icon_d2
2026-09-04,W0053,52.1221,10.3363,11.5,,19.0,19.3,0.179,18.5,0.149,1.91,icon_d2
2026-09-04,W1150,52.13108,10.3513,12.3,,19.4,19.3,0.179,18.5,0.149,1.93,icon_d2
2026-09-04,W0054,52.1221,10.3954,12.2,,19.4,19.4,0.176,18.5,0.15,2.02,icon_d2
2026-09-04,W1151,52.13108,10.41042,12.6,,19.5,19.4,0.176,18.5,0.15,2.04,icon_d2
2026-09-04,W1152,52.13108,10.43999,12.2,,19.3,19.4,0.176,18.5,0.15,2.03,icon_d2
2026-09-04,W0055,52.1221,10.484,12.2,,18.9,19.4,0.176,18.5,0.15,1.92,icon_d2
2026-09-04,W0056,52.1221,10.5135,11.6,,18.5,19.4,0.176,18.5,0.15,1.77,icon_d2
2026-09-04,W0057,52.1221,10.5431,10.9,,19.4,19.0,0.229,18.0,0.184,2.13,icon_d2
2026-09-04,W0058,52.1221,10.5726,11.1,,19.5,19.0,0.229,18.0,0.184,2.07,icon_d2
2026-09-04,W1153,52.13108,10.58781,10.2,,19.2,19.0,0.229,18.0,0.184,2.09,icon_d2
2026-09-04,W1583,52.13108,10.61737,9.2,,19.3,19.0,0.229,18.0,0.184,2.03,icon_d2
2026-09-04,W0059,52.1221,10.6612,8.9,,19.0,19.0,0.229,18.0,0.184,2.0,icon_d2
2026-09-04,W0060,52.1221,10.6908,8.7,,18.7,18.8,0.217,17.9,0.186,2.0,icon_d2
2026-09-04,W1154,52.13108,10.70607,8.6,,19.0,18.8,0.217,17.9,0.186,2.02,icon_d2
2026-09-04,W1155,52.13108,10.73563,7.6,,19.2,18.8,0.217,17.9,0.186,2.03,icon_d2
2026-09-04,W1584,52.13108,10.76519,7.1,,19.4,18.8,0.217,17.9,0.186,1.98,icon_d2
2026-09-04,W1156,52.13108,10.79476,6.4,,19.2,18.8,0.217,17.9,0.186,1.99,icon_d2
2026-09-04,W1157,52.13108,10.82432,6.8,,18.9,18.8,0.217,17.9,0.186,2.0,icon_d2
2026-09-04,W1158,52.13108,10.85389,6.5,,18.9,18.8,0.217,17.9,0.186,1.99,icon_d2
2026-09-04,W1159,52.13108,10.88345,6.4,,19.0,19.4,0.166,18.5,0.167,2.06,icon_d2
2026-09-04,W1160,52.13108,10.91302,6.8,,18.9,19.4,0.166,18.5,0.167,2.16,icon_d2
2026-09-04,W1161,52.13108,10.94258,6.4,,18.9,19.4,0.166,18.5,0.167,2.13,icon_d2
2026-09-04,W0061,52.1221,10.9861,5.9,,19.5,19.4,0.166,18.5,0.167,2.22,icon_d2
2026-09-04,W0062,52.1221,11.0157,6.5,,19.5,19.4,0.166,18.5,0.167,2.2,icon_d2
2026-09-04,W0063,52.1221,11.0452,5.7,,19.2,19.3,0.187,18.4,0.18,2.15,icon_d2
2026-09-04,W1162,52.13108,11.06084,4.5,,19.4,19.3,0.187,18.4,0.18,1.98,icon_d2
2026-09-04,W1163,52.13108,11.0904,4.6,,19.1,19.3,0.187,18.4,0.18,2.03,icon_d2
2026-09-04,W1164,52.13108,11.11997,4.6,,19.0,19.3,0.187,18.4,0.18,2.02,icon_d2
2026-09-04,W1165,52.13108,11.14953,4.7,,18.9,19.3,0.187,18.4,0.18,2.0,icon_d2
2026-09-04,W0065,52.1401,10.1295,11.5,,19.0,19.1,0.196,18.4,0.152,1.84,icon_d2
2026-09-04,W0066,52.1401,10.1591,11.2,,18.5,19.1,0.196,18.4,0.152,1.74,icon_d2
2026-09-04,W0067,52.1401,10.1886,11.8,,18.9,19.1,0.196,18.4,0.152,1.9,icon_d2
2026-09-04,W0068,52.1401,10.2182,11.3,,19.0,19.3,0.179,18.5,0.149,2.0,icon_d2
2026-09-04,W1166,52.1491,10.23304,11.3,,19.1,19.3,0.179,18.5,0.149,2.01,icon_d2
2026-09-04,W1167,52.1491,10.2626,11.2,,19.1,19.3,0.179,18.5,0.149,1.92,icon_d2
2026-09-04,W1168,52.1491,10.29217,11.2,,19.2,19.3,0.179,18.5,0.149,1.92,icon_d2
2026-09-04,W1169,52.1491,10.32173,11.7,,19.4,19.3,0.179,18.5,0.149,1.95,icon_d2
2026-09-04,W0069,52.1401,10.3658,12.3,,19.3,19.4,0.176,18.5,0.15,1.92,icon_d2
2026-09-04,W0084,52.1581,10.3954,10.9,,19.5,19.4,0.176,18.5,0.15,1.98,icon_d2
2026-09-04,W0085,52.1581,10.4249,10.9,,19.5,19.4,0.176,18.5,0.15,1.98,icon_d2
2026-09-04,W1170,52.1491,10.43999,12.2,,19.4,19.4,0.176,18.5,0.15,2.03,icon_d2
2026-09-04,W0070,52.1401,10.484,11.6,,19.2,19.4,0.176,18.5,0.15,1.91,icon_d2
2026-09-04,W0071,52.1401,10.5135,11.7,,19.1,19.4,0.176,18.5,0.15,1.86,icon_d2
2026-09-04,W0072,52.1401,10.5431,11.0,,19.4,19.0,0.229,18.0,0.184,2.01,icon_d2
2026-09-04,W0073,52.1401,10.5726,10.2,,19.5,19.0,0.229,18.0,0.184,2.11,icon_d2
2026-09-04,W1171,52.1491,10.58781,10.2,,19.5,19.0,0.229,18.0,0.184,2.11,icon_d2
2026-09-04,W0074,52.1401,10.6317,8.8,,18.6,18.3,0.229,17.4,0.184,1.92,icon_d2
2026-09-04,W0075,52.1401,10.6612,8.7,,18.6,18.2,0.229,17.3,0.184,1.96,icon_d2
2026-09-04,W0076,52.1401,10.6908,8.6,,19.4,18.8,0.217,17.9,0.186,2.05,icon_d2
2026-09-04,W0077,52.1401,10.7203,7.6,,19.4,18.8,0.217,17.9,0.186,2.04,icon_d2
2026-09-04,W1172,52.1491,10.73563,7.6,,19.4,18.8,0.217,17.9,0.186,2.03,icon_d2
2026-09-04,W1173,52.1491,10.76519,7.1,,19.4,18.8,0.217,17.9,0.186,1.98,icon_d2
2026-09-04,W1174,52.1491,10.79476,6.4,,19.1,18.8,0.217,17.9,0.186,1.99,icon_d2
2026-09-04,W0090,52.1581,10.8384,6.1,,18.2,18.8,0.216,18.1,0.169,1.71,icon_d2
2026-09-04,W0078,52.1401,10.868,6.5,,18.8,19.4,0.166,18.5,0.167,1.98,icon_d2
2026-09-04,W0079,52.1401,10.8975,6.4,,18.5,19.4,0.166,18.5,0.167,2.03,icon_d2
2026-09-04,W0080,52.1401,10.9271,5.7,,18.3,18.6,0.166,17.8,0.167,1.93,icon_d2
2026-09-04,W0081,52.1401,10.9566,5.6,,18.9,19.4,0.166,18.5,0.167,2.1,icon_d2
2026-09-04,W0095,52.1581,10.9861,5.1,,19.4,19.2,0.184,18.3,0.147,2.21,icon_d2
2026-09-04,W0096,52.1581,11.0157,5.1,,19.1,19.2,0.184,18.3,0.147,2.05,icon_d2
2026-09-04,W0082,52.1401,11.0452,4.7,,19.4,19.3,0.187,18.4,0.18,2.11,icon_d2
2026-09-04,W1175,52.1491,11.06084,4.5,,19.4,19.3,0.187,18.4,0.18,1.98,icon_d2
2026-09-04,W0098,52.1581,11.1043,5.0,,18.5,19.3,0.187,18.4,0.18,1.83,icon_d2
2026-09-04,W1176,52.1491,11.11997,4.6,,18.9,19.3,0.187,18.4,0.18,2.01,icon_d2
2026-09-04,W1177,52.1491,11.14953,4.7,,18.9,19.3,0.187,18.4,0.18,2.01,icon_d2
2026-09-04,W1585,52.16712,10.11478,11.4,,19.3,18.9,0.222,18.2,0.161,2.13,icon_d2
2026-09-04,W1178,52.16712,10.14435,11.7,,19.3,18.9,0.222,18.2,0.161,2.11,icon_d2
2026-09-04,W1179,52.16712,10.17391,11.5,,19.2,18.9,0.222,18.2,0.161,2.03,icon_d2
2026-09-04,W0099,52.1761,10.2182,10.0,,18.9,19.3,0.179,18.5,0.149,1.95,icon_d2
2026-09-04,W1180,52.16712,10.23304,11.4,,19.1,19.3,0.179,18.5,0.149,1.96,icon_d2
2026-09-04,W1181,52.16712,10.2626,11.1,,19.2,19.3,0.179,18.5,0.149,1.91,icon_d2
2026-09-04,W1182,52.16712,10.29217,11.2,,19.4,19.0,0.22,18.3,0.151,1.96,icon_d2
2026-09-04,W1183,52.16712,10.32173,11.2,,19.4,19.0,0.22,18.3,0.151,1.96,icon_d2
2026-09-04,W0100,52.1761,10.3658,10.1,,19.4,19.0,0.22,18.3,0.151,2.01,icon_d2
2026-09-04,W1184,52.16712,10.38086,9.8,,19.2,19.4,0.176,18.5,0.15,1.99,icon_d2
2026-09-04,W0101,52.1761,10.4249,10.6,,19.6,19.1,0.205,18.3,0.15,2.05,icon_d2
2026-09-04,W0102,52.1761,10.4545,9.1,,19.3,19.1,0.205,18.3,0.15,2.09,icon_d2
2026-09-04,W0103,52.1761,10.484,9.1,,19.4,19.1,0.205,18.3,0.15,2.1,icon_d2
2026-09-04,W1185,52.16712,10.49912,10.7,,19.4,19.1,0.205,18.3,0.15,2.02,icon_d2
2026-09-04,W0104,52.1761,10.5431,8.9,,19.5,19.0,0.229,18.0,0.184,2.04,icon_d2
2026-09-04,W1186,52.16712,10.55825,10.2,,19.4,19.0,0.229,18.0,0.184,2.04,icon_d2
2026-09-04,W1187,52.16712,10.58781,10.2,,19.3,19.0,0.229,18.0,0.184,2.03,icon_d2
2026-09-04,W1188,52.16712,10.61737,9.3,,19.4,18.6,0.239,17.5,0.175,2.08,icon_d2
2026-09-04,W1189,52.16712,10.64694,8.8,,19.5,18.6,0.239,17.5,0.175,1.98,icon_d2
2026-09-04,W1586,52.16712,10.6765,8.7,,19.5,18.6,0.239,17.5,0.175,2.02,icon_d2
2026-09-04,W1190,52.16712,10.70607,7.1,,19.1,18.8,0.217,17.9,0.186,1.88,icon_d2
2026-09-04,W1587,52.16712,10.73563,6.7,,18.9,18.8,0.217,17.9,0.186,1.85,icon_d2
2026-09-04,W0105,52.1761,10.7794,7.3,,18.3,18.8,0.216,18.1,0.169,1.52,icon_d2
2026-09-04,W0106,52.1761,10.8089,7.3,,18.1,18.8,0.216,18.1,0.169,1.51,icon_d2
2026-09-04,W0107,52.1761,10.8384,6.7,,18.3,18.8,0.216,18.1,0.169,1.68,icon_d2
2026-09-04,W0108,52.1761,10.868,6.7,,18.4,18.8,0.216,18.1,0.169,1.92,icon_d2
2026-09-04,W0109,52.1761,10.8975,6.4,,18.6,19.4,0.166,18.5,0.167,2.09,icon_d2
2026-09-04,W0110,52.1761,10.9271,6.4,,19.1,19.2,0.184,18.3,0.147,2.12,icon_d2
2026-09-04,W0111,52.1761,10.9566,5.8,,19.4,19.2,0.184,18.3,0.147,2.12,icon_d2
2026-09-04,W0112,52.1761,10.9861,5.3,,19.7,19.2,0.184,18.3,0.147,2.16,icon_d2
2026-09-04,W0113,52.1761,11.0157,5.4,,19.3,19.2,0.184,18.3,0.147,2.08,icon_d2
2026-09-04,W0114,52.1761,11.0452,5.0,,19.0,19.3,0.187,18.4,0.18,1.9,icon_d2
2026-09-04,W1191,52.16712,11.06084,4.7,,19.2,19.3,0.187,18.4,0.18,1.93,icon_d2
2026-09-04,W0115,52.1761,11.1043,4.7,,18.5,19.3,0.17,18.5,0.144,1.83,icon_d2
2026-09-04,W1192,52.16712,11.11997,4.7,,18.6,19.3,0.17,18.5,0.144,1.93,icon_d2
2026-09-04,W1193,52.16712,11.14953,4.7,,18.8,19.3,0.17,18.5,0.144,2.04,icon_d2
2026-09-04,W0116,52.1941,10.1,9.5,,19.3,18.9,0.222,18.2,0.161,2.09,icon_d2
2026-09-04,W1194,52.18514,10.14435,10.1,,19.3,18.9,0.222,18.2,0.161,2.11,icon_d2
2026-09-04,W1588,52.18514,10.17391,10.1,,19.3,18.9,0.222,18.2,0.161,2.05,icon_d2
2026-09-04,W1195,52.18514,10.20347,9.7,,19.2,18.9,0.222,18.2,0.161,2.02,icon_d2
2026-09-04,W1196,52.18514,10.23304,9.9,,19.2,19.0,0.22,18.3,0.151,2.01,icon_d2
2026-09-04,W1197,52.18514,10.2626,9.8,,19.0,19.0,0.22,18.3,0.151,1.97,icon_d2
2026-09-04,W0117,52.1941,10.3068,8.2,,19.3,19.0,0.22,18.3,0.151,1.98,icon_d2
2026-09-04,W0118,52.1941,10.3363,8.3,,19.2,19.0,0.22,18.3,0.151,2.0,icon_d2
2026-09-04,W1198,52.18514,10.3513,10.1,,19.4,19.0,0.22,18.3,0.151,2.01,icon_d2
2026-09-04,W1199,52.18514,10.38086,9.8,,19.3,19.1,0.205,18.3,0.15,1.99,icon_d2
2026-09-04,W1200,52.18514,10.41042,10.6,,19.6,19.1,0.205,18.3,0.15,2.05,icon_d2
2026-09-04,W1201,52.18514,10.43999,8.9,,19.5,19.1,0.205,18.3,0.15,2.06,icon_d2
2026-09-04,W1202,52.18514,10.46955,9.1,,19.3,19.1,0.205,18.3,0.15,2.09,icon_d2
2026-09-04,W1203,52.18514,10.49912,8.3,,19.5,19.1,0.205,18.3,0.15,2.12,icon_d2
2026-09-04,W0119,52.1941,10.5431,7.7,,19.3,19.1,0.205,18.3,0.15,2.02,icon_d2
2026-09-04,W1204,52.18514,10.55825,8.3,,19.2,18.6,0.239,17.5,0.175,1.97,icon_d2
2026-09-04,W1205,52.18514,10.58781,8.5,,19.5,18.6,0.239,17.5,0.175,2.03,icon_d2
2026-09-04,W0120,52.1941,10.6317,7.6,,19.4,18.6,0.239,17.5,0.175,1.93,icon_d2
2026-09-04,W1206,52.18514,10.64694,7.6,,19.3,18.6,0.239,17.5,0.175,1.95,icon_d2
2026-09-04,W0121,52.1941,10.6908,7.4,,19.0,18.6,0.239,17.5,0.175,1.77,icon_d2
2026-09-04,W0122,52.1941,10.7203,7.5,,18.5,18.8,0.216,18.1,0.169,1.64,icon_d2
2026-09-04,W0123,52.1941,10.7498,7.8,,17.4,17.6,0.216,16.9,0.169,1.47,icon_d2
2026-09-04,W0124,52.1941,10.7794,7.8,,17.8,18.0,0.216,17.3,0.169,1.49,icon_d2
2026-09-04,W0125,52.1941,10.8089,7.3,,17.8,17.9,0.216,17.1,0.169,1.55,icon_d2
2026-09-04,W0126,52.1941,10.8384,6.6,,18.2,18.8,0.216,18.1,0.169,1.7,icon_d2
2026-09-04,W0127,52.1941,10.868,6.1,,19.0,18.8,0.216,18.1,0.169,2.19,icon_d2
2026-09-04,W1589,52.18514,10.88345,6.4,,18.7,19.2,0.184,18.3,0.147,1.96,icon_d2
2026-09-04,W0128,52.1941,10.9271,5.6,,19.3,19.2,0.184,18.3,0.147,2.2,icon_d2
2026-09-04,W0129,52.1941,10.9566,5.4,,19.2,19.2,0.184,18.3,0.147,1.97,icon_d2
2026-09-04,W1590,52.18514,10.97214,5.3,,19.2,19.2,0.184,18.3,0.147,2.13,icon_d2
2026-09-04,W1207,52.18514,11.00171,5.4,,19.2,19.2,0.184,18.3,0.147,2.07,icon_d2
2026-09-04,W0130,52.1941,11.0452,5.2,,19.1,19.3,0.17,18.5,0.144,1.9,icon_d2
2026-09-04,W0131,52.1941,11.0747,4.9,,18.6,19.3,0.17,18.5,0.144,1.8,icon_d2
2026-09-04,W0132,52.1941,11.1043,4.9,,18.8,19.3,0.17,18.5,0.144,1.82,icon_d2
2026-09-04,W1208,52.18514,11.11997,4.8,,18.7,19.3,0.17,18.5,0.144,1.98,icon_d2
2026-09-04,W1209,52.18514,11.14953,4.6,,19.0,19.3,0.17,18.5,0.144,2.12,icon_d2
2026-09-04,W1210,52.20315,10.11478,9.5,,19.3,18.9,0.222,18.2,0.161,2.1,icon_d2
2026-09-04,W1211,52.20315,10.14435,10.3,,19.3,18.9,0.222,18.2,0.161,2.02,icon_d2
2026-09-04,W1212,52.20315,10.17391,9.9,,19.3,18.9,0.222,18.2,0.161,2.03,icon_d2
2026-09-04,W1591,52.20315,10.20347,9.9,,19.3,18.9,0.222,18.2,0.161,2.03,icon_d2
2026-09-04,W1213,52.20315,10.23304,8.7,,19.4,19.0,0.22,18.3,0.151,2.06,icon_d2
2026-09-04,W1214,52.20315,10.2626,8.7,,19.4,19.0,0.22,18.3,0.151,2.06,icon_d2
2026-09-04,W1215,52.20315,10.29217,8.2,,19.3,19.0,0.22,18.3,0.151,1.98,icon_d2
2026-09-04,W1216,52.20315,10.32173,8.4,,19.2,19.0,0.22,18.3,0.151,1.96,icon_d2
2026-09-04,W1217,52.20315,10.3513,7.9,,19.2,19.0,0.22,18.3,0.151,2.02,icon_d2
2026-09-04,W1218,52.20315,10.38086,7.9,,19.4,19.1,0.205,18.3,0.15,2.03,icon_d2
2026-09-04,W1219,52.20315,10.41042,8.1,,19.3,19.1,0.205,18.3,0.15,2.02,icon_d2
2026-09-04,W1220,52.20315,10.43999,8.9,,19.6,19.1,0.205,18.3,0.15,2.07,icon_d2
2026-09-04,W1221,52.20315,10.46955,9.1,,19.4,19.1,0.205,18.3,0.15,2.08,icon_d2
2026-09-04,W1222,52.20315,10.49912,8.3,,19.5,19.1,0.205,18.3,0.15,2.12,icon_d2
2026-09-04,W1223,52.20315,10.52868,8.0,,19.5,19.1,0.205,18.3,0.15,2.13,icon_d2
2026-09-04,W1224,52.20315,10.55825,7.7,,19.3,18.6,0.239,17.5,0.175,2.02,icon_d2
2026-09-04,W1225,52.20315,10.58781,7.6,,19.5,18.6,0.239,17.5,0.175,2.02,icon_d2
2026-09-04,W1226,52.20315,10.61737,7.7,,19.4,18.6,0.239,17.5,0.175,2.03,icon_d2
2026-09-04,W1227,52.20315,10.64694,7.6,,19.3,18.6,0.239,17.5,0.175,1.93,icon_d2
2026-09-04,W1228,52.20315,10.6765,7.5,,19.1,18.6,0.239,17.5,0.175,1.83,icon_d2
2026-09-04,W1229,52.20315,10.70607,7.4,,18.9,18.6,0.239,17.5,0.175,1.77,icon_d2
2026-09-04,W1592,52.20315,10.73563,7.5,,17.9,17.9,0.216,17.2,0.169,1.6,icon_d2
2026-09-04,W1230,52.20315,10.76519,7.8,,17.8,17.9,0.216,17.2,0.169,1.49,icon_d2
2026-09-04,W1593,52.20315,10.79476,7.3,,17.7,17.8,0.216,17.0,0.169,1.54,icon_d2
2026-09-04,W1594,52.20315,10.82432,7.3,,17.9,18.0,0.216,17.3,0.169,1.56,icon_d2
2026-09-04,W1595,52.20315,10.85389,6.1,,18.9,18.8,0.216,18.1,0.169,2.19,icon_d2
2026-09-04,W1231,52.20315,10.88345,6.1,,19.2,19.2,0.184,18.3,0.147,2.21,icon_d2
2026-09-04,W1232,52.20315,10.91302,5.6,,19.4,19.2,0.184,18.3,0.147,2.2,icon_d2
2026-09-04,W1233,52.20315,10.94258,5.4,,19.1,19.2,0.184,18.3,0.147,1.98,icon_d2
2026-09-04,W1234,52.20315,10.97214,5.2,,18.9,19.2,0.184,18.3,0.147,1.92,icon_d2
2026-09-04,W1235,52.20315,11.00171,5.0,,19.2,19.2,0.184,18.3,0.147,1.98,icon_d2
2026-09-04,W1236,52.20315,11.03127,5.2,,19.2,19.2,0.184,18.3,0.147,1.9,icon_d2
2026-09-04,W1237,52.20315,11.06084,4.9,,18.7,19.3,0.17,18.5,0.144,1.79,icon_d2
2026-09-04,W1238,52.20315,11.0904,4.9,,18.7,19.3,0.17,18.5,0.144,1.81,icon_d2
2026-09-04,W1239,52.20315,11.11997,4.8,,19.0,19.3,0.17,18.5,0.144,2.0,icon_d2
2026-09-04,W1240,52.20315,11.14953,4.7,,19.3,19.3,0.17,18.5,0.144,2.08,icon_d2
2026-09-04,W1596,52.22117,10.11478,9.9,,19.3,18.9,0.222,18.2,0.161,2.0,icon_d2
2026-09-04,W1241,52.22117,10.14435,9.9,,19.3,18.9,0.222,18.2,0.161,1.99,icon_d2
2026-09-04,W1597,52.22117,10.17391,9.3,,19.3,18.9,0.222,18.2,0.161,1.99,icon_d2
2026-09-04,W1242,52.22117,10.20347,9.3,,19.4,18.9,0.24,18.5,0.174,1.99,icon_d2
2026-09-04,W1243,52.22117,10.23304,8.6,,19.3,19.0,0.22,18.3,0.151,2.02,icon_d2
2026-09-04,W1244,52.22117,10.2626,7.9,,19.3,19.0,0.22,18.3,0.151,2.02,icon_d2
2026-09-04,W1245,52.22117,10.29217,7.1,,19.2,19.0,0.22,18.3,0.151,2.01,icon_d2
2026-09-04,W0133,52.2122,10.3363,7.7,,19.1,19.0,0.22,18.3,0.151,2.01,icon_d2
2026-09-04,W1246,52.22117,10.3513,6.9,,19.3,18.9,0.261,18.3,0.147,1.99,icon_d2
2026-09-04,W1247,52.22117,10.38086,6.9,,19.4,18.9,0.261,18.3,0.147,2.0,icon_d2
2026-09-04,W1248,52.22117,10.41042,7.6,,19.5,19.1,0.205,18.3,0.15,2.04,icon_d2
2026-09-04,W1249,52.22117,10.43999,7.1,,19.4,19.1,0.205,18.3,0.15,2.01,icon_d2
2026-09-04,W1250,52.22117,10.46955,7.5,,19.4,19.1,0.205,18.3,0.15,2.09,icon_d2
2026-09-04,W1251,52.22117,10.49912,7.4,,19.5,19.1,0.205,18.3,0.15,2.1,icon_d2
2026-09-04,W0134,52.2122,10.5431,7.6,,19.4,19.1,0.225,18.7,0.15,2.09,icon_d2
2026-09-04,W0135,52.2122,10.5726,6.2,,19.3,18.6,0.239,17.5,0.175,1.94,icon_d2
2026-09-04,W0136,52.2122,10.6021,6.2,,19.5,18.6,0.239,17.5,0.175,1.96,icon_d2
2026-09-04,W1252,52.22117,10.61737,6.5,,19.4,18.6,0.239,17.5,0.175,1.95,icon_d2
2026-09-04,W1253,52.22117,10.64694,6.5,,19.2,18.6,0.239,17.5,0.175,1.94,icon_d2
2026-09-04,W1254,52.22117,10.6765,6.0,,19.1,18.7,0.248,18.0,0.152,1.84,icon_d2
2026-09-04,W0137,52.2122,10.7203,6.5,,17.9,18.0,0.216,17.3,0.169,1.58,icon_d2
2026-09-04,W0138,52.2122,10.7498,6.5,,18.1,18.8,0.216,18.1,0.169,1.59,icon_d2
2026-09-04,W0139,52.2122,10.7794,6.8,,17.5,17.7,0.216,17.0,0.169,1.49,icon_d2
2026-09-04,W0140,52.2122,10.8089,6.6,,17.8,17.9,0.216,17.1,0.169,1.62,icon_d2
2026-09-04,W0141,52.2122,10.8384,6.1,,18.5,18.8,0.216,18.1,0.169,2.03,icon_d2
2026-09-04,W1598,52.22117,10.85389,6.1,,19.0,18.8,0.214,18.2,0.151,2.07,icon_d2
2026-09-04,W0142,52.2122,10.8975,5.4,,19.1,19.2,0.184,18.3,0.147,2.21,icon_d2
2026-09-04,W0143,52.2122,10.9271,5.9,,19.3,19.2,0.184,18.3,0.147,2.09,icon_d2
2026-09-04,W0144,52.2122,10.9566,5.5,,19.1,19.2,0.184,18.3,0.147,1.95,icon_d2
2026-09-04,W0145,52.2122,10.9861,5.8,,19.2,19.2,0.184,18.3,0.147,1.86,icon_d2
2026-09-04,W0146,52.2122,11.0157,5.5,,19.6,19.2,0.184,18.3,0.147,1.9,icon_d2
2026-09-04,W0147,52.2122,11.0452,5.5,,18.9,19.3,0.17,18.5,0.144,1.81,icon_d2
2026-09-04,W0148,52.2122,11.0747,5.0,,18.7,19.3,0.17,18.5,0.144,1.8,icon_d2
2026-09-04,W0149,52.2122,11.1043,4.9,,19.2,19.3,0.17,18.5,0.144,1.96,icon_d2
2026-09-04,W0150,52.2122,11.1338,4.4,,19.3,19.3,0.17,18.5,0.144,2.11,icon_d2
2026-09-04,W1255,52.22117,11.14953,4.4,,19.0,19.3,0.17,18.5,0.144,2.09,icon_d2
2026-09-04,W1256,52.23919,10.11478,6.8,,19.2,18.9,0.24,18.5,0.174,1.95,icon_d2
2026-09-04,W1257,52.23919,10.14435,7.6,,19.3,18.9,0.24,18.5,0.174,2.0,icon_d2
2026-09-04,W1258,52.23919,10.17391,7.7,,19.3,18.9,0.24,18.5,0.174,1.99,icon_d2
2026-09-04,W1259,52.23919,10.20347,7.5,,19.2,18.9,0.24,18.5,0.174,1.94,icon_d2
2026-09-04,W1260,52.23919,10.23304,8.0,,19.1,19.0,0.22,18.3,0.151,1.97,icon_d2
2026-09-04,W1261,52.23919,10.2626,7.2,,19.2,19.0,0.22,18.3,0.151,1.97,icon_d2
2026-09-04,W1262,52.23919,10.29217,7.1,,19.3,18.9,0.261,18.3,0.147,2.01,icon_d2
2026-09-04,W1263,52.23919,10.32173,5.8,,19.3,18.9,0.261,18.3,0.147,2.01,icon_d2
2026-09-04,W1264,52.23919,10.3513,6.3,,19.2,18.9,0.261,18.3,0.147,1.98,icon_d2
2026-09-04,W1265,52.23919,10.38086,5.3,,19.3,18.9,0.261,18.3,0.147,1.96,icon_d2
2026-09-04,W1266,52.23919,10.41042,5.3,,19.3,19.1,0.205,18.3,0.15,1.95,icon_d2
2026-09-04,W1267,52.23919,10.43999,5.7,,19.3,19.1,0.205,18.3,0.15,1.93,icon_d2
2026-09-04,W1268,52.23919,10.46955,5.7,,19.4,19.1,0.225,18.7,0.15,1.94,icon_d2
2026-09-04,W1269,52.23919,10.49912,6.2,,19.5,19.1,0.225,18.7,0.15,2.02,icon_d2
2026-09-04,W0151,52.2302,10.5431,6.6,,19.4,19.1,0.225,18.7,0.15,2.06,icon_d2
2026-09-04,W0152,52.2302,10.5726,5.7,,19.3,18.6,0.239,17.5,0.175,2.0,icon_d2
2026-09-04,W0153,52.2302,10.6021,5.7,,19.5,18.6,0.239,17.5,0.175,1.94,icon_d2
2026-09-04,W0154,52.2302,10.6317,5.4,,19.2,18.6,0.239,17.5,0.175,1.97,icon_d2
2026-09-04,W0155,52.2302,10.6612,5.5,,19.1,18.7,0.248,18.0,0.152,1.93,icon_d2
2026-09-04,W1270,52.23919,10.6765,5.5,,19.1,18.7,0.248,18.0,0.152,1.93,icon_d2
2026-09-04,W0156,52.2302,10.7203,5.6,,18.6,18.8,0.216,18.1,0.169,1.86,icon_d2
2026-09-04,W0157,52.2302,10.7498,5.8,,18.1,18.1,0.216,17.4,0.169,1.8,icon_d2
2026-09-04,W0158,52.2302,10.7794,5.9,,18.0,17.9,0.216,17.2,0.169,1.73,icon_d2
2026-09-04,W0159,52.2302,10.8089,6.1,,18.4,18.8,0.216,18.1,0.169,1.82,icon_d2
2026-09-04,W0160,52.2302,10.8384,5.7,,19.0,18.8,0.214,18.2,0.151,2.1,icon_d2
2026-09-04,W1271,52.23919,10.85389,5.9,,19.4,18.8,0.214,18.2,0.151,2.19,icon_d2
2026-09-04,W1272,52.23919,10.88345,5.8,,19.5,18.8,0.214,18.2,0.151,2.25,icon_d2
2026-09-04,W1273,52.23919,10.91302,5.9,,19.4,19.2,0.184,18.3,0.147,2.1,icon_d2
2026-09-04,W1274,52.23919,10.94258,5.9,,19.3,19.2,0.184,18.3,0.147,2.09,icon_d2
2026-09-04,W1275,52.23919,10.97214,6.2,,19.4,18.9,0.206,18.1,0.149,1.89,icon_d2
2026-09-04,W0161,52.2302,11.0157,6.6,,19.1,18.9,0.206,18.1,0.149,1.78,icon_d2
2026-09-04,W0162,52.2302,11.0452,6.0,,18.8,18.9,0.206,18.1,0.149,1.76,icon_d2
2026-09-04,W0163,52.2302,11.0747,5.6,,18.9,19.3,0.17,18.5,0.144,1.83,icon_d2
2026-09-04,W0164,52.2302,11.1043,5.4,,19.4,19.3,0.17,18.5,0.144,1.93,icon_d2
2026-09-04,W1276,52.23919,11.11997,5.1,,19.4,18.7,0.219,17.9,0.151,2.02,icon_d2
2026-09-04,W1277,52.23919,11.14953,5.0,,19.3,18.7,0.219,17.9,0.151,2.03,icon_d2
2026-09-04,W1278,52.25721,10.11478,5.3,,19.2,18.9,0.24,18.5,0.174,1.98,icon_d2
2026-09-04,W0165,52.2482,10.1591,6.7,,19.2,18.9,0.24,18.5,0.174,1.97,icon_d2
2026-09-04,W0181,52.2662,10.1886,5.1,,19.4,18.9,0.24,18.5,0.174,2.02,icon_d2
2026-09-04,W1279,52.25721,10.20347,4.8,,19.4,18.9,0.24,18.5,0.174,1.98,icon_d2
2026-09-04,W0182,52.2662,10.2477,5.3,,19.4,18.9,0.261,18.3,0.147,1.96,icon_d2
2026-09-04,W0183,52.2662,10.2772,5.3,,19.2,18.9,0.261,18.3,0.147,1.95,icon_d2
2026-09-04,W0184,52.2662,10.3068,5.3,,19.3,18.9,0.261,18.3,0.147,1.96,icon_d2
2026-09-04,W1280,52.25721,10.32173,6.1,,19.3,18.9,0.261,18.3,0.147,1.99,icon_d2
2026-09-04,W1281,52.25721,10.3513,6.3,,19.2,18.9,0.261,18.3,0.147,1.98,icon_d2
2026-09-04,W1282,52.25721,10.38086,5.1,,19.3,18.9,0.261,18.3,0.147,1.95,icon_d2
2026-09-04,W1283,52.25721,10.41042,5.2,,19.3,19.1,0.225,18.7,0.15,1.94,icon_d2
2026-09-04,W0166,52.2482,10.4545,5.7,,19.2,19.1,0.225,18.7,0.15,1.93,icon_d2
2026-09-04,W1285,52.25721,10.46955,5.1,,19.3,19.1,0.225,18.7,0.15,1.93,icon_d2
2026-09-04,W0167,52.2482,10.5135,5.8,,19.7,19.1,0.225,18.7,0.15,2.03,icon_d2
2026-09-04,W1287,52.25721,10.52868,5.2,,19.7,19.1,0.225,18.7,0.15,2.01,icon_d2
2026-09-04,W1288,52.25721,10.55825,5.1,,19.6,19.1,0.225,18.7,0.15,1.95,icon_d2
2026-09-04,W0185,52.2662,10.6021,5.1,,19.3,18.7,0.248,18.0,0.152,1.91,icon_d2
2026-09-04,W0186,52.2662,10.6317,5.4,,19.4,18.7,0.248,18.0,0.152,1.98,icon_d2
2026-09-04,W0187,52.2662,10.6612,5.4,,19.2,18.7,0.248,18.0,0.152,1.97,icon_d2
2026-09-04,W0170,52.2482,10.6908,5.6,,19.0,18.7,0.248,18.0,0.152,1.89,icon_d2
2026-09-04,W0188,52.2662,10.7203,6.0,,19.1,18.7,0.248,18.0,0.152,1.98,icon_d2
2026-09-04,W0171,52.2482,10.7498,5.8,,18.6,18.8,0.214,18.2,0.151,1.83,icon_d2
2026-09-04,W0172,52.2482,10.7794,5.9,,18.6,18.8,0.214,18.2,0.151,1.77,icon_d2
2026-09-04,W0173,52.2482,10.8089,6.1,,19.0,18.8,0.214,18.2,0.151,1.86,icon_d2
2026-09-04,W1293,52.25721,10.82432,6.4,,19.4,18.8,0.214,18.2,0.151,2.07,icon_d2
2026-09-04,W0189,52.2662,10.868,6.4,,19.6,18.8,0.214,18.2,0.151,2.12,icon_d2
2026-09-04,W0190,52.2662,10.8975,6.3,,19.2,18.9,0.206,18.1,0.149,2.0,icon_d2
2026-09-04,W1294,52.25721,10.91302,6.3,,19.4,18.9,0.206,18.1,0.149,2.02,icon_d2
2026-09-04,W0191,52.2662,10.9566,6.1,,19.3,18.9,0.206,18.1,0.149,1.92,icon_d2
2026-09-04,W0192,52.2662,10.9861,6.2,,19.0,18.9,0.206,18.1,0.149,1.87,icon_d2
2026-09-04,W0193,52.2662,11.0157,6.9,,18.8,18.9,0.206,18.1,0.149,1.7,icon_d2
2026-09-04,W0194,52.2662,11.0452,6.6,,18.9,18.9,0.206,18.1,0.149,1.77,icon_d2
2026-09-04,W0195,52.2662,11.0747,6.6,,19.2,18.7,0.219,17.9,0.151,1.83,icon_d2
2026-09-04,W0196,52.2662,11.1043,6.0,,19.3,18.7,0.219,17.9,0.151,1.87,icon_d2
2026-09-04,W0197,52.2662,11.1338,5.3,,18.8,18.7,0.219,17.9,0.151,1.82,icon_d2
2026-09-04,W1606,52.25721,11.14953,5.3,,18.8,18.7,0.219,17.9,0.151,1.82,icon_d2
2026-09-04,W0198,52.2842,10.1,5.1,,19.4,18.9,0.24,18.5,0.174,2.0,icon_d2
2026-09-04,W1295,52.27523,10.14435,5.1,,19.3,18.9,0.24,18.5,0.174,2.04,icon_d2
2026-09-04,W0199,52.2842,10.1886,4.7,,19.3,18.9,0.24,18.5,0.174,1.98,icon_d2
2026-09-04,W1296,52.27523,10.20347,4.7,,19.4,18.9,0.24,18.5,0.174,2.0,icon_d2
2026-09-04,W0200,52.2842,10.2477,4.7,,19.4,18.9,0.261,18.3,0.147,1.96,icon_d2
2026-09-04,W1297,52.27523,10.2626,4.8,,19.3,18.9,0.261,18.3,0.147,1.98,icon_d2
2026-09-04,W1298,52.27523,10.29217,4.8,,19.3,18.9,0.261,18.3,0.147,1.99,icon_d2
2026-09-04,W0201,52.2842,10.3363,5.1,,19.2,18.9,0.261,18.3,0.147,1.99,icon_d2
2026-09-04,W0202,52.2842,10.3658,5.4,,19.3,18.9,0.261,18.3,0.147,1.97,icon_d2
2026-09-04,W0203,52.2842,10.3954,5.4,,19.2,19.0,0.242,18.5,0.162,1.94,icon_d2
2026-09-04,W1299,52.27523,10.41042,5.4,,19.3,19.1,0.225,18.7,0.15,1.95,icon_d2
2026-09-04,W0204,52.2842,10.4545,4.8,,19.3,19.1,0.225,18.7,0.15,1.93,icon_d2
2026-09-04,W1300,52.27523,10.46955,4.8,,19.4,19.1,0.225,18.7,0.15,1.94,icon_d2
2026-09-04,W0205,52.2842,10.5135,5.0,,19.7,19.1,0.225,18.7,0.15,1.99,icon_d2
2026-09-04,W0206,52.2842,10.5431,4.7,,19.7,19.1,0.225,18.7,0.15,1.94,icon_d2
2026-09-04,W0207,52.2842,10.5726,5.1,,19.6,18.7,0.248,18.0,0.152,1.98,icon_d2
2026-09-04,W0208,52.2842,10.6021,4.7,,19.4,18.7,0.248,18.0,0.152,1.91,icon_d2
2026-09-04,W0209,52.2842,10.6317,5.5,,19.2,18.7,0.248,18.0,0.152,1.99,icon_d2
2026-09-04,W1301,52.27523,10.64694,5.5,,19.4,18.7,0.248,18.0,0.152,2.0,icon_d2
2026-09-04,W1302,52.27523,10.6765,5.6,,19.4,18.7,0.248,18.0,0.152,2.02,icon_d2
2026-09-04,W0210,52.2842,10.7203,6.1,,19.3,18.7,0.248,18.0,0.152,1.95,icon_d2
2026-09-04,W1303,52.27523,10.73563,6.1,,19.1,18.8,0.214,18.2,0.151,1.93,icon_d2
2026-09-04,W1304,52.27523,10.76519,6.2,,19.3,18.8,0.214,18.2,0.151,1.99,icon_d2
2026-09-04,W0211,52.2842,10.8089,6.2,,19.3,18.8,0.214,18.2,0.151,1.96,icon_d2
2026-09-04,W0212,52.2842,10.8384,6.2,,19.4,18.8,0.214,18.2,0.151,2.0,icon_d2
2026-09-04,W0213,52.2842,10.868,6.2,,18.9,18.8,0.214,18.2,0.151,1.92,icon_d2
2026-09-04,W0214,52.2842,10.8975,6.6,,19.2,18.9,0.207,18.2,0.147,1.92,icon_d2
2026-09-04,W1305,52.27523,10.91302,6.6,,19.1,18.9,0.206,18.1,0.149,1.89,icon_d2
2026-09-04,W1306,52.27523,10.94258,6.7,,19.3,18.9,0.206,18.1,0.149,1.92,icon_d2
2026-09-04,W1307,52.27523,10.97214,7.0,,19.0,18.9,0.206,18.1,0.149,1.76,icon_d2
2026-09-04,W0215,52.2842,11.0157,7.0,,18.7,18.9,0.206,18.1,0.149,1.69,icon_d2
2026-09-04,W0216,52.2842,11.0452,7.0,,19.1,18.9,0.206,18.1,0.149,1.72,icon_d2
2026-09-04,W0217,52.2842,11.0747,6.7,,19.1,18.7,0.219,17.9,0.151,1.83,icon_d2
2026-09-04,W0218,52.2842,11.1043,6.7,,19.2,18.7,0.219,17.9,0.151,1.84,icon_d2
2026-09-04,W0219,52.2842,11.1338,6.2,,19.2,18.7,0.219,17.9,0.151,1.87,icon_d2
2026-09-04,W1308,52.27523,11.14953,6.2,,19.0,18.7,0.219,17.9,0.151,1.86,icon_d2
2026-09-04,W1309,52.29324,10.11478,5.2,,19.4,18.9,0.24,18.5,0.174,2.06,icon_d2
2026-09-04,W1310,52.29324,10.14435,5.2,,19.4,18.9,0.24,18.5,0.174,2.06,icon_d2
2026-09-04,W1311,52.29324,10.17391,5.0,,19.3,18.9,0.24,18.5,0.174,2.03,icon_d2
2026-09-04,W1312,52.29324,10.20347,5.0,,19.4,19.1,0.219,18.7,0.147,2.04,icon_d2
2026-09-04,W1313,52.29324,10.23304,5.2,,19.5,19.1,0.219,18.7,0.147,1.94,icon_d2
2026-09-04,W1314,52.29324,10.2626,5.0,,19.3,18.9,0.261,18.3,0.147,1.97,icon_d2
2026-09-04,W1315,52.29324,10.29217,4.8,,19.4,18.9,0.261,18.3,0.147,1.96,icon_d2
2026-09-04,W1316,52.29324,10.32173,4.7,,19.4,18.9,0.261,18.3,0.147,1.92,icon_d2
2026-09-04,W1317,52.29324,10.3513,5.5,,19.3,18.9,0.261,18.3,0.147,1.84,icon_d2
2026-09-04,W1318,52.29324,10.38086,5.5,,19.4,19.0,0.242,18.5,0.162,1.93,icon_d2
2026-09-04,W1319,52.29324,10.41042,4.7,,19.4,19.1,0.225,18.7,0.15,1.94,icon_d2
2026-09-04,W1320,52.29324,10.43999,4.7,,19.3,19.1,0.225,18.7,0.15,1.92,icon_d2
2026-09-04,W1321,52.29324,10.46955,4.7,,19.3,19.1,0.225,18.7,0.15,1.92,icon_d2
2026-09-04,W1322,52.29324,10.49912,5.0,,19.5,19.1,0.225,18.7,0.15,1.94,icon_d2
2026-09-04,W1323,52.29324,10.52868,5.3,,19.5,19.1,0.229,18.6,0.145,1.9,icon_d2
2026-09-04,W1324,52.29324,10.55825,5.5,,19.5,19.1,0.229,18.6,0.145,1.88,icon_d2
2026-09-04,W1325,52.29324,10.58781,5.2,,19.5,18.7,0.248,18.0,0.152,1.97,icon_d2
2026-09-04,W1326,52.29324,10.61737,5.3,,19.5,18.7,0.248,18.0,0.152,1.97,icon_d2
2026-09-04,W1327,52.29324,10.64694,5.3,,19.3,18.7,0.248,18.0,0.152,1.96,icon_d2
2026-09-04,W1328,52.29324,10.6765,5.7,,19.3,18.7,0.248,18.0,0.152,2.0,icon_d2
2026-09-04,W1329,52.29324,10.70607,5.9,,19.3,18.9,0.216,18.3,0.149,1.95,icon_d2
2026-09-04,W1330,52.29324,10.73563,6.1,,19.2,18.9,0.216,18.3,0.149,1.99,icon_d2
2026-09-04,W1331,52.29324,10.76519,6.1,,19.2,18.8,0.214,18.2,0.151,1.99,icon_d2
2026-09-04,W1332,52.29324,10.79476,6.2,,19.3,18.8,0.214,18.2,0.151,1.95,icon_d2
2026-09-04,W1333,52.29324,10.82432,6.2,,19.4,18.8,0.214,18.2,0.151,1.96,icon_d2
2026-09-04,W1334,52.29324,10.85389,5.8,,19.4,18.8,0.214,18.2,0.151,1.98,icon_d2
2026-09-04,W1335,52.29324,10.88345,6.1,,19.2,18.9,0.207,18.2,0.147,1.93,icon_d2
2026-09-04,W1336,52.29324,10.91302,6.3,,19.2,18.9,0.206,18.1,0.149,1.87,icon_d2
2026-09-04,W1337,52.29324,10.94258,6.6,,19.1,18.9,0.206,18.1,0.149,1.86,icon_d2
2026-09-04,W1338,52.29324,10.97214,6.7,,19.0,18.9,0.206,18.1,0.149,1.75,icon_d2
2026-09-04,W1339,52.29324,11.00171,6.7,,18.8,18.9,0.206,18.1,0.149,1.74,icon_d2
2026-09-04,W1340,52.29324,11.03127,6.7,,18.9,19.0,0.184,18.2,0.149,1.76,icon_d2
2026-09-04,W1341,52.29324,11.06084,6.9,,19.3,19.0,0.184,18.2,0.149,1.86,icon_d2
2026-09-04,W1342,52.29324,11.0904,7.0,,19.0,18.7,0.219,17.9,0.151,1.83,icon_d2
2026-09-04,W1343,52.29324,11.11997,7.0,,19.1,18.7,0.219,17.9,0.151,1.83,icon_d2
2026-09-04,W1344,52.29324,11.14953,6.8,,19.0,18.7,0.219,17.9,0.151,1.77,icon_d2
2026-09-04,W1345,52.31126,10.11478,5.2,,19.4,18.9,0.24,18.5,0.174,2.04,icon_d2
2026-09-04,W1346,52.31126,10.14435,5.3,,19.4,19.1,0.219,18.7,0.147,2.08,icon_d2
2026-09-04,W0220,52.3023,10.1886,5.0,,19.4,19.1,0.219,18.7,0.147,2.03,icon_d2
2026-09-04,W1347,52.31126,10.20347,5.1,,19.4,19.1,0.219,18.7,0.147,1.96,icon_d2
2026-09-04,W1348,52.31126,10.23304,5.0,,19.6,19.1,0.219,18.7,0.147,1.97,icon_d2
2026-09-04,W0221,52.3023,10.2772,5.0,,19.4,18.9,0.261,18.3,0.147,1.98,icon_d2
2026-09-04,W0222,52.3023,10.3068,4.8,,19.4,18.9,0.261,18.3,0.147,1.96,icon_d2
2026-09-04,W0223,52.3023,10.3363,5.5,,19.3,19.0,0.242,18.5,0.162,1.84,icon_d2
2026-09-04,W0224,52.3023,10.3658,5.5,,19.4,19.0,0.242,18.5,0.162,1.85,icon_d2
2026-09-04,W1349,52.31126,10.38086,4.5,,19.5,19.0,0.242,18.5,0.162,2.02,icon_d2
2026-09-04,W0225,52.3023,10.4249,4.7,,19.3,19.1,0.225,18.7,0.15,1.94,icon_d2
2026-09-04,W1350,52.31126,10.43999,4.5,,19.3,19.1,0.225,18.7,0.15,1.99,icon_d2
2026-09-04,W1351,52.31126,10.46955,5.0,,19.5,19.1,0.229,18.6,0.145,2.0,icon_d2
2026-09-04,W1352,52.31126,10.49912,5.1,,19.6,19.1,0.229,18.6,0.145,1.99,icon_d2
2026-09-04,W0226,52.3023,10.5431,5.3,,19.5,19.1,0.229,18.6,0.145,1.91,icon_d2
2026-09-04,W0227,52.3023,10.5726,5.2,,19.4,19.1,0.229,18.6,0.145,1.97,icon_d2
2026-09-04,W1353,52.31126,10.58781,5.5,,19.4,18.7,0.248,18.0,0.152,1.88,icon_d2
2026-09-04,W0228,52.3023,10.6317,5.3,,19.4,18.7,0.248,18.0,0.152,1.97,icon_d2
2026-09-04,W0229,52.3023,10.6612,6.0,,19.4,18.9,0.216,18.3,0.149,1.96,icon_d2
2026-09-04,W0230,52.3023,10.6908,5.9,,19.1,18.9,0.216,18.3,0.149,1.94,icon_d2
2026-09-04,W0231,52.3023,10.7203,5.9,,19.2,18.9,0.216,18.3,0.149,1.95,icon_d2
2026-09-04,W1354,52.31126,10.73563,6.2,,19.3,18.9,0.216,18.3,0.149,1.98,icon_d2
2026-09-04,W1355,52.31126,10.76519,6.3,,19.2,18.8,0.214,18.2,0.151,2.04,icon_d2
2026-09-04,W0232,52.3023,10.8089,6.2,,19.4,18.8,0.214,18.2,0.151,1.96,icon_d2
2026-09-04,W0233,52.3023,10.8384,5.8,,19.4,18.9,0.207,18.2,0.147,1.98,icon_d2
2026-09-04,W0234,52.3023,10.868,5.8,,19.3,18.9,0.207,18.2,0.147,1.97,icon_d2
2026-09-04,W0235,52.3023,10.8975,6.1,,19.3,18.9,0.207,18.2,0.147,1.93,icon_d2
2026-09-04,W0236,52.3023,10.9271,6.3,,19.1,18.9,0.206,18.1,0.149,1.85,icon_d2
2026-09-04,W1356,52.31126,10.94258,6.1,,19.0,18.9,0.206,18.1,0.149,1.8,icon_d2
2026-09-04,W0237,52.3023,10.9861,6.7,,18.9,18.9,0.206,18.1,0.149,1.74,icon_d2
2026-09-04,W0238,52.3023,11.0157,6.7,,19.2,19.0,0.184,18.2,0.149,1.77,icon_d2
2026-09-04,W0239,52.3023,11.0452,6.7,,19.4,19.0,0.184,18.2,0.149,1.79,icon_d2
2026-09-04,W0240,52.3023,11.0747,6.9,,19.2,18.7,0.219,17.9,0.151,1.84,icon_d2
2026-09-04,W0241,52.3023,11.1043,7.0,,19.3,18.7,0.219,17.9,0.151,1.85,icon_d2
2026-09-04,W0242,52.3023,11.1338,6.8,,18.8,18.7,0.219,17.9,0.151,1.76,icon_d2
2026-09-04,W1357,52.31126,11.14953,6.8,,19.1,19.2,0.19,18.4,0.15,1.8,icon_d2
2026-09-04,W1358,52.32928,10.11478,5.2,,19.4,19.1,0.219,18.7,0.147,2.04,icon_d2
2026-09-04,W1359,52.32928,10.14435,5.3,,19.4,19.1,0.219,18.7,0.147,2.08,icon_d2
2026-09-04,W1360,52.32928,10.17391,5.2,,19.5,19.1,0.219,18.7,0.147,2.06,icon_d2
2026-09-04,W0243,52.3203,10.2182,5.1,,19.4,19.1,0.219,18.7,0.147,1.97,icon_d2
2026-09-04,W1361,52.32928,10.23304,5.0,,19.6,19.1,0.219,18.7,0.147,1.97,icon_d2
2026-09-04,W1362,52.32928,10.2626,5.1,,19.6,19.0,0.242,18.5,0.162,1.99,icon_d2
2026-09-04,W0244,52.3203,10.3068,4.7,,19.3,19.0,0.242,18.5,0.162,1.91,icon_d2
2026-09-04,W0245,52.3203,10.3363,5.2,,19.4,19.0,0.242,18.5,0.162,1.96,icon_d2
2026-09-04,W1363,52.32928,10.3513,5.2,,19.4,19.0,0.242,18.5,0.162,1.95,icon_d2
2026-09-04,W1364,52.32928,10.38086,4.5,,19.4,19.0,0.242,18.5,0.162,2.02,icon_d2
2026-09-04,W1365,52.32928,10.41042,4.4,,19.4,19.0,0.242,18.5,0.162,2.02,icon_d2
2026-09-04,W1366,52.32928,10.43999,4.5,,19.4,19.1,0.229,18.6,0.145,1.99,icon_d2
2026-09-04,W1367,52.32928,10.46955,5.0,,19.5,19.1,0.229,18.6,0.145,2.0,icon_d2
2026-09-04,W1368,52.32928,10.49912,5.1,,19.6,19.1,0.229,18.6,0.145,1.99,icon_d2
2026-09-04,W1369,52.32928,10.52868,5.5,,19.6,19.1,0.229,18.6,0.145,1.98,icon_d2
2026-09-04,W0246,52.3203,10.5726,5.5,,19.3,19.1,0.229,18.6,0.145,1.88,icon_d2
2026-09-04,W0247,52.3203,10.6021,5.8,,19.3,18.9,0.216,18.3,0.149,1.96,icon_d2
2026-09-04,W0248,52.3203,10.6317,6.1,,19.4,18.9,0.216,18.3,0.149,1.95,icon_d2
2026-09-04,W0249,52.3203,10.6612,5.9,,19.3,18.9,0.216,18.3,0.149,1.93,icon_d2
2026-09-04,W0250,52.3203,10.6908,5.9,,19.3,18.9,0.216,18.3,0.149,1.96,icon_d2
2026-09-04,W0251,52.3203,10.7203,5.9,,19.1,18.9,0.216,18.3,0.149,1.95,icon_d2
2026-09-04,W0252,52.3203,10.7498,6.2,,19.3,18.8,0.214,18.2,0.151,1.98,icon_d2
2026-09-04,W1370,52.32928,10.76519,6.3,,19.3,18.9,0.207,18.2,0.147,2.05,icon_d2
2026-09-04,W1371,52.32928,10.79476,6.2,,19.3,18.9,0.207,18.2,0.147,2.0,icon_d2
2026-09-04,W0253,52.3203,10.8384,6.1,,19.1,18.9,0.207,18.2,0.147,1.97,icon_d2
2026-09-04,W0254,52.3203,10.868,5.9,,19.2,18.9,0.207,18.2,0.147,1.93,icon_d2
2026-09-04,W1372,52.32928,10.88345,5.9,,19.2,18.9,0.207,18.2,0.147,1.93,icon_d2
2026-09-04,W0255,52.3203,10.9271,6.1,,18.9,18.9,0.206,18.1,0.149,1.79,icon_d2
2026-09-04,W0256,52.3203,10.9566,6.5,,18.9,19.0,0.184,18.2,0.149,1.82,icon_d2
2026-09-04,W0257,52.3203,10.9861,6.5,,19.1,19.0,0.184,18.2,0.149,1.83,icon_d2
2026-09-04,W1373,52.32928,11.00171,6.3,,19.1,19.0,0.184,18.2,0.149,1.88,icon_d2
2026-09-04,W0258,52.3203,11.0452,6.5,,19.1,19.0,0.184,18.2,0.149,1.81,icon_d2
2026-09-04,W1374,52.32928,11.06084,6.7,,19.3,19.0,0.184,18.2,0.149,1.82,icon_d2
2026-09-04,W1375,52.32928,11.0904,6.6,,19.5,19.2,0.19,18.4,0.15,1.85,icon_d2
2026-09-04,W1376,52.32928,11.11997,6.7,,19.3,19.2,0.19,18.4,0.15,1.83,icon_d2
2026-09-04,W1377,52.32928,11.14953,6.8,,19.1,19.2,0.19,18.4,0.15,1.81,icon_d2
2026-09-04,W0260,52.3383,10.1295,5.2,,19.4,19.1,0.219,18.7,0.147,1.94,icon_d2
2026-09-04,W1378,52.3473,10.14435,4.8,,19.6,19.1,0.219,18.7,0.147,1.97,icon_d2
2026-09-04,W1379,52.3473,10.17391,4.8,,19.7,19.1,0.219,18.7,0.147,2.04,icon_d2
2026-09-04,W1380,52.3473,10.20347,4.8,,19.7,19.1,0.219,18.7,0.147,2.04,icon_d2
2026-09-04,W1381,52.3473,10.23304,5.1,,19.7,19.1,0.219,18.7,0.147,1.98,icon_d2
2026-09-04,W0281,52.3563,10.2772,4.6,,19.5,19.0,0.242,18.5,0.162,2.03,icon_d2
2026-09-04,W0282,52.3563,10.3068,4.9,,19.4,19.0,0.242,18.5,0.162,2.06,icon_d2
2026-09-04,W0261,52.3383,10.3363,5.0,,19.4,19.0,0.242,18.5,0.162,2.04,icon_d2
2026-09-04,W0262,52.3383,10.3658,4.6,,19.5,19.0,0.242,18.5,0.162,2.08,icon_d2
2026-09-04,W1382,52.3473,10.38086,4.4,,19.5,19.0,0.242,18.5,0.162,2.06,icon_d2
2026-09-04,W0285,52.3563,10.4249,4.8,,19.5,19.1,0.229,18.6,0.145,2.02,icon_d2
2026-09-04,W1383,52.3473,10.43999,4.4,,19.4,19.1,0.229,18.6,0.145,2.06,icon_d2
2026-09-04,W0263,52.3383,10.484,4.2,,19.3,19.1,0.229,18.6,0.145,1.98,icon_d2
2026-09-04,W0264,52.3383,10.5135,4.9,,19.4,19.1,0.229,18.6,0.145,1.94,icon_d2
2026-09-04,W1384,52.3473,10.52868,4.9,,19.3,19.1,0.229,18.6,0.145,1.93,icon_d2
2026-09-04,W0265,52.3383,10.5726,5.6,,19.3,19.1,0.229,18.6,0.145,1.91,icon_d2
2026-09-04,W0266,52.3383,10.6021,5.6,,19.1,18.9,0.216,18.3,0.149,1.9,icon_d2
2026-09-04,W0267,52.3383,10.6317,5.5,,19.2,18.9,0.216,18.3,0.149,1.88,icon_d2
2026-09-04,W0268,52.3383,10.6612,5.5,,19.3,18.9,0.216,18.3,0.149,1.89,icon_d2
2026-09-04,W0269,52.3383,10.6908,5.9,,19.4,18.9,0.216,18.3,0.149,1.96,icon_d2
2026-09-04,W0270,52.3383,10.7203,6.2,,19.2,18.9,0.216,18.3,0.149,1.93,icon_d2
2026-09-04,W0271,52.3383,10.7498,6.3,,19.3,18.9,0.216,18.3,0.149,2.0,icon_d2
2026-09-04,W1385,52.3473,10.76519,6.2,,19.4,18.9,0.207,18.2,0.147,1.98,icon_d2
2026-09-04,W0293,52.3563,10.8089,7.9,,19.2,18.9,0.207,18.2,0.147,1.84,icon_d2
2026-09-04,W0294,52.3563,10.8384,7.7,,19.1,18.9,0.207,18.2,0.147,1.76,icon_d2
2026-09-04,W0272,52.3383,10.868,6.3,,19.1,18.9,0.207,18.2,0.147,1.9,icon_d2
2026-09-04,W0273,52.3383,10.8975,6.3,,19.1,18.9,0.207,18.2,0.147,1.89,icon_d2
2026-09-04,W0274,52.3383,10.9271,6.3,,19.2,19.0,0.184,18.2,0.149,1.9,icon_d2
2026-09-04,W0275,52.3383,10.9566,6.9,,19.3,19.0,0.184,18.2,0.149,1.95,icon_d2
2026-09-04,W0276,52.3383,10.9861,7.3,,19.3,19.0,0.184,18.2,0.149,1.93,icon_d2
2026-09-04,W0297,52.3563,11.0157,7.7,,19.4,19.0,0.184,18.2,0.149,1.97,icon_d2
2026-09-04,W0298,52.3563,11.0452,7.7,,19.4,19.0,0.184,18.2,0.149,1.97,icon_d2
2026-09-04,W0299,52.3563,11.0747,7.5,,19.3,19.3,0.192,18.6,0.139,1.88,icon_d2
2026-09-04,W0277,52.3383,11.1043,6.7,,19.3,19.2,0.19,18.4,0.15,1.86,icon_d2
2026-09-04,W0278,52.3383,11.1338,6.9,,19.1,19.2,0.19,18.4,0.15,1.73,icon_d2
2026-09-04,W1386,52.3473,11.14953,6.9,,18.9,19.2,0.19,18.4,0.15,1.72,icon_d2
2026-09-04,W0302,52.3743,10.1,5.8,,19.3,19.1,0.219,18.7,0.147,1.83,icon_d2
2026-09-04,W1387,52.36532,10.14435,5.4,,19.6,19.1,0.219,18.7,0.147,2.05,icon_d2
2026-09-04,W0303,52.3743,10.1886,6.4,,19.4,19.0,0.224,18.7,0.152,2.03,icon_d2
2026-09-04,W1388,52.36532,10.20347,4.9,,19.5,19.0,0.224,18.7,0.152,2.05,icon_d2
2026-09-04,W1389,52.36532,10.23304,4.8,,19.6,19.0,0.224,18.7,0.152,2.0,icon_d2
2026-09-04,W1390,52.36532,10.2626,4.6,,19.5,19.0,0.242,18.5,0.162,2.03,icon_d2
2026-09-04,W0304,52.3743,10.3068,6.5,,19.4,19.0,0.242,18.5,0.162,2.02,icon_d2
2026-09-04,W0305,52.3743,10.3363,6.1,,19.4,19.0,0.242,18.5,0.162,1.99,icon_d2
2026-09-04,W0306,52.3743,10.3658,6.1,,19.5,18.7,0.237,18.1,0.178,2.01,icon_d2
2026-09-04,W0307,52.3743,10.3954,5.3,,19.5,18.7,0.237,18.1,0.178,2.05,icon_d2
2026-09-04,W0308,52.3743,10.4249,4.8,,19.4,18.7,0.237,18.1,0.178,2.01,icon_d2
2026-09-04,W1391,52.36532,10.43999,4.8,,19.4,19.1,0.229,18.6,0.145,2.01,icon_d2
2026-09-04,W1392,52.36532,10.46955,4.3,,19.3,19.1,0.229,18.6,0.145,2.01,icon_d2
2026-09-04,W0309,52.3743,10.5135,7.5,,19.3,19.0,0.206,18.3,0.15,2.03,icon_d2
2026-09-04,W1393,52.36532,10.52868,4.0,,19.3,19.1,0.229,18.6,0.145,1.95,icon_d2
2026-09-04,W0310,52.3743,10.5726,7.0,,19.3,19.0,0.206,18.3,0.15,2.07,icon_d2
2026-09-04,W1394,52.36532,10.58781,4.6,,19.3,19.0,0.206,18.3,0.15,2.03,icon_d2
2026-09-04,W1395,52.36532,10.61737,5.7,,19.2,18.9,0.216,18.3,0.149,1.96,icon_d2
2026-09-04,W0311,52.3743,10.6612,8.0,,19.2,18.9,0.216,18.3,0.149,2.02,icon_d2
2026-09-04,W0312,52.3743,10.6908,8.0,,19.4,19.4,0.171,18.9,0.15,1.93,icon_d2
2026-09-04,W0313,52.3743,10.7203,8.0,,19.2,19.4,0.171,18.9,0.15,1.91,icon_d2
2026-09-04,W0314,52.3743,10.7498,8.1,,19.1,19.4,0.171,18.9,0.15,1.89,icon_d2
2026-09-04,W0315,52.3743,10.7794,8.7,,19.0,18.9,0.207,18.2,0.147,1.82,icon_d2
2026-09-04,W0316,52.3743,10.8089,8.7,,19.0,18.9,0.207,18.2,0.147,1.82,icon_d2
2026-09-04,W0317,52.3743,10.8384,8.8,,19.1,19.4,0.178,18.9,0.148,1.88,icon_d2
2026-09-04,W0318,52.3743,10.868,8.8,,19.0,19.4,0.178,18.9,0.148,1.87,icon_d2
2026-09-04,W0319,52.3743,10.8975,8.4,,19.3,19.4,0.178,18.9,0.148,1.96,icon_d2
2026-09-04,W1396,52.36532,10.91302,7.0,,19.2,19.4,0.178,18.9,0.148,1.94,icon_d2
2026-09-04,W1397,52.36532,10.94258,7.3,,19.4,19.0,0.184,18.2,0.149,1.98,icon_d2
2026-09-04,W0320,52.3743,10.9861,8.1,,19.4,19.0,0.184,18.2,0.149,2.09,icon_d2
2026-09-04,W0321,52.3743,11.0157,7.8,,19.4,19.3,0.192,18.6,0.139,1.92,icon_d2
2026-09-04,W0322,52.3743,11.0452,7.7,,19.4,19.3,0.192,18.6,0.139,1.97,icon_d2
2026-09-04,W0323,52.3743,11.0747,7.5,,19.4,19.3,0.192,18.6,0.139,1.95,icon_d2
2026-09-04,W1607,52.36532,11.0904,7.2,,19.4,19.2,0.19,18.4,0.15,1.86,icon_d2
2026-09-04,W1398,52.36532,11.11997,7.0,,19.4,19.2,0.19,18.4,0.15,1.8,icon_d2
2026-09-04,W1399,52.36532,11.14953,7.0,,19.3,19.2,0.19,18.4,0.15,1.8,icon_d2
2026-09-04,W1400,52.38333,10.11478,6.9,,19.4,19.1,0.219,18.7,0.147,1.92,icon_d2
2026-09-04,W1401,52.38333,10.14435,6.9,,19.4,19.0,0.224,18.7,0.152,1.92,icon_d2
2026-09-04,W1402,52.38333,10.17391,6.4,,19.5,19.0,0.224,18.7,0.152,2.04,icon_d2
2026-09-04,W0324,52.3923,10.2182,8.7,,19.3,19.0,0.224,18.7,0.152,1.9,icon_d2
2026-09-04,W0325,52.3923,10.2477,8.6,,19.3,19.0,0.224,18.7,0.152,1.9,icon_d2
2026-09-04,W1403,52.38333,10.2626,6.7,,19.4,19.0,0.224,18.7,0.152,1.96,icon_d2
2026-09-04,W1404,52.38333,10.29217,6.5,,19.5,19.0,0.242,18.5,0.162,2.02,icon_d2
2026-09-04,W0326,52.3923,10.3363,8.4,,19.4,18.7,0.237,18.1,0.178,1.96,icon_d2
2026-09-04,W0327,52.3923,10.3658,8.4,,19.4,18.7,0.237,18.1,0.178,1.95,icon_d2
2026-09-04,W0328,52.3923,10.3954,8.0,,19.5,18.7,0.237,18.1,0.178,2.01,icon_d2
2026-09-04,W1405,52.38333,10.41042,4.8,,19.5,18.7,0.237,18.1,0.178,2.01,icon_d2
2026-09-04,W0329,52.3923,10.4545,8.2,,19.3,19.0,0.206,18.3,0.15,1.94,icon_d2
2026-09-04,W0330,52.3923,10.484,8.2,,19.3,19.0,0.206,18.3,0.15,1.94,icon_d2
2026-09-04,W0331,52.3923,10.5135,8.2,,19.2,19.0,0.206,18.3,0.15,1.95,icon_d2
2026-09-04,W1406,52.38333,10.52868,7.5,,19.3,19.0,0.206,18.3,0.15,2.03,icon_d2
2026-09-04,W1407,52.38333,10.55825,7.9,,19.3,19.0,0.206,18.3,0.15,2.07,icon_d2
2026-09-04,W0332,52.3923,10.6021,8.1,,19.3,19.0,0.206,18.3,0.15,2.06,icon_d2
2026-09-04,W1408,52.38333,10.61737,7.7,,19.3,18.9,0.216,18.3,0.149,2.06,icon_d2
2026-09-04,W0333,52.3923,10.6612,8.3,,19.3,19.4,0.171,18.9,0.15,2.06,icon_d2
2026-09-04,W0334,52.3923,10.6908,8.3,,19.3,19.4,0.171,18.9,0.15,2.02,icon_d2
2026-09-04,W0335,52.3923,10.7203,8.9,,19.3,19.4,0.171,18.9,0.15,1.96,icon_d2
2026-09-04,W0336,52.3923,10.7498,8.9,,19.3,19.4,0.171,18.9,0.15,1.96,icon_d2
2026-09-04,W0337,52.3923,10.7794,8.9,,19.1,19.4,0.178,18.9,0.148,1.82,icon_d2
2026-09-04,W0338,52.3923,10.8089,8.9,,19.3,19.4,0.178,18.9,0.148,1.83,icon_d2
2026-09-04,W1409,52.38333,10.82432,8.7,,19.2,19.4,0.178,18.9,0.148,1.83,icon_d2
2026-09-04,W0339,52.3923,10.868,8.3,,19.4,19.4,0.178,18.9,0.148,1.88,icon_d2
2026-09-04,W0340,52.3923,10.8975,8.1,,19.2,19.4,0.178,18.9,0.148,1.9,icon_d2
2026-09-04,W1410,52.38333,10.91302,8.5,,19.4,19.4,0.178,18.9,0.148,2.04,icon_d2
2026-09-04,W1411,52.38333,10.94258,7.9,,19.4,19.0,0.184,18.2,0.149,2.04,icon_d2
2026-09-04,W1412,52.38333,10.97214,8.1,,19.4,19.0,0.184,18.2,0.149,2.1,icon_d2
2026-09-04,W0341,52.3923,11.0157,7.5,,19.5,19.3,0.192,18.6,0.139,2.07,icon_d2
2026-09-04,W0342,52.3923,11.0452,7.1,,19.5,19.3,0.192,18.6,0.139,2.06,icon_d2
2026-09-04,W0343,52.3923,11.0747,6.8,,19.3,19.3,0.192,18.6,0.139,1.96,icon_d2
2026-09-04,W1413,52.38333,11.0904,6.6,,19.4,19.3,0.192,18.6,0.139,1.94,icon_d2
2026-09-04,W1414,52.38333,11.11997,6.6,,19.4,19.2,0.19,18.4,0.15,1.94,icon_d2
2026-09-04,W1415,52.38333,11.14953,6.1,,19.4,18.9,0.259,18.1,0.156,1.93,icon_d2
2026-09-04,W1416,52.40135,10.11478,7.6,,19.3,19.0,0.224,18.7,0.152,1.83,icon_d2
2026-09-04,W1417,52.40135,10.14435,7.6,,19.4,19.0,0.224,18.7,0.152,1.94,icon_d2
2026-09-04,W1418,52.40135,10.17391,7.6,,19.4,19.0,0.224,18.7,0.152,1.94,icon_d2
2026-09-04,W1419,52.40135,10.20347,8.7,,19.3,19.0,0.224,18.7,0.152,1.9,icon_d2
2026-09-04,W1420,52.40135,10.23304,8.6,,19.1,19.0,0.224,18.7,0.152,1.89,icon_d2
2026-09-04,W1421,52.40135,10.2626,8.6,,19.3,19.0,0.224,18.7,0.152,1.9,icon_d2
2026-09-04,W1422,52.40135,10.29217,8.7,,19.3,18.7,0.237,18.1,0.178,1.97,icon_d2
2026-09-04,W1423,52.40135,10.32173,9.1,,19.3,18.7,0.237,18.1,0.178,1.95,icon_d2
2026-09-04,W1424,52.40135,10.3513,8.4,,19.4,18.7,0.237,18.1,0.178,1.95,icon_d2
2026-09-04,W1425,52.40135,10.38086,9.0,,19.4,18.7,0.237,18.1,0.178,1.98,icon_d2
2026-09-04,W1426,52.40135,10.41042,8.7,,19.4,18.7,0.237,18.1,0.178,1.96,icon_d2
2026-09-04,W1427,52.40135,10.43999,8.7,,19.4,19.0,0.206,18.3,0.15,1.96,icon_d2
2026-09-04,W1428,52.40135,10.46955,8.2,,19.3,19.0,0.206,18.3,0.15,1.94,icon_d2
2026-09-04,W1429,52.40135,10.49912,8.3,,19.1,19.0,0.206,18.3,0.15,2.0,icon_d2
2026-09-04,W1430,52.40135,10.52868,8.2,,19.3,19.0,0.206,18.3,0.15,1.96,icon_d2
2026-09-04,W1431,52.40135,10.55825,8.2,,19.3,19.0,0.206,18.3,0.15,2.06,icon_d2
2026-09-04,W1432,52.40135,10.58781,8.2,,19.3,19.0,0.206,18.3,0.15,2.06,icon_d2
2026-09-04,W1433,52.40135,10.61737,8.1,,19.2,19.4,0.171,18.9,0.15,2.05,icon_d2
2026-09-04,W1434,52.40135,10.64694,8.2,,19.2,19.4,0.171,18.9,0.15,2.03,icon_d2
2026-09-04,W1435,52.40135,10.6765,8.3,,19.2,19.4,0.171,18.9,0.15,2.02,icon_d2
2026-09-04,W1436,52.40135,10.70607,8.3,,19.1,19.4,0.171,18.9,0.15,2.01,icon_d2
2026-09-04,W1437,52.40135,10.73563,8.9,,19.2,19.4,0.171,18.9,0.15,1.95,icon_d2
2026-09-04,W1438,52.40135,10.76519,8.6,,19.1,19.4,0.171,18.9,0.15,1.87,icon_d2
2026-09-04,W1439,52.40135,10.79476,8.9,,19.1,19.4,0.178,18.9,0.148,1.82,icon_d2
2026-09-04,W1440,52.40135,10.82432,8.7,,19.3,19.4,0.178,18.9,0.148,1.92,icon_d2
2026-09-04,W1441,52.40135,10.85389,8.3,,19.3,19.4,0.178,18.9,0.148,1.88,icon_d2
2026-09-04,W1442,52.40135,10.88345,8.3,,19.2,19.4,0.178,18.9,0.148,1.87,icon_d2
2026-09-04,W1443,52.40135,10.91302,8.1,,19.4,19.4,0.178,18.9,0.148,2.04,icon_d2
2026-09-04,W1444,52.40135,10.94258,8.1,,19.5,19.3,0.192,18.6,0.139,2.05,icon_d2
2026-09-04,W1445,52.40135,10.97214,7.8,,19.5,19.3,0.192,18.6,0.139,2.16,icon_d2
2026-09-04,W1446,52.40135,11.00171,7.5,,19.5,19.3,0.192,18.6,0.139,2.14,icon_d2
2026-09-04,W1447,52.40135,11.03127,7.1,,19.4,19.3,0.192,18.6,0.139,2.06,icon_d2
2026-09-04,W1448,52.40135,11.06084,7.1,,19.4,19.3,0.192,18.6,0.139,2.06,icon_d2
2026-09-04,W1449,52.40135,11.0904,6.8,,19.4,19.3,0.192,18.6,0.139,1.97,icon_d2
2026-09-04,W1450,52.40135,11.11997,6.4,,19.4,18.9,0.259,18.1,0.156,1.95,icon_d2
2026-09-04,W1451,52.40135,11.14953,6.4,,19.4,18.9,0.259,18.1,0.156,1.95,icon_d2
2026-09-04,W0345,52.4104,10.1295,8.5,,19.2,19.0,0.224,18.7,0.152,1.76,icon_d2
2026-09-04,W1452,52.41937,10.14435,8.8,,19.2,19.0,0.224,18.7,0.152,1.77,icon_d2
2026-09-04,W0346,52.4104,10.1886,9.0,,19.2,19.0,0.224,18.7,0.152,1.86,icon_d2
2026-09-04,W0347,52.4104,10.2182,9.0,,19.3,19.0,0.224,18.7,0.152,1.89,icon_d2
2026-09-04,W0348,52.4104,10.2477,9.0,,19.2,19.0,0.224,18.7,0.152,1.88,icon_d2
2026-09-04,W0349,52.4104,10.2772,7.9,,19.3,18.7,0.237,18.1,0.178,1.94,icon_d2
2026-09-04,W1453,52.41937,10.29217,7.9,,19.2,18.7,0.237,18.1,0.178,1.93,icon_d2
2026-09-04,W0350,52.4104,10.3363,8.4,,19.4,18.7,0.237,18.1,0.178,1.93,icon_d2
2026-09-04,W0351,52.4104,10.3658,7.2,,19.2,18.7,0.237,18.1,0.178,1.87,icon_d2
2026-09-04,W1454,52.41937,10.38086,8.4,,19.4,18.7,0.237,18.1,0.178,1.92,icon_d2
2026-09-04,W0352,52.4104,10.4249,7.9,,19.3,18.7,0.237,18.1,0.178,1.87,icon_d2
2026-09-04,W0353,52.4104,10.4545,7.5,,19.3,19.0,0.206,18.3,0.15,1.84,icon_d2
2026-09-04,W0354,52.4104,10.484,8.2,,19.4,19.0,0.206,18.3,0.15,1.86,icon_d2
2026-09-04,W0355,52.4104,10.5135,7.9,,19.4,19.0,0.206,18.3,0.15,1.89,icon_d2
2026-09-04,W0356,52.4104,10.5431,7.8,,19.3,19.0,0.206,18.3,0.15,2.0,icon_d2
2026-09-04,W1455,52.41937,10.55825,7.8,,19.2,19.0,0.206,18.3,0.15,1.99,icon_d2
2026-09-04,W1456,52.41937,10.58781,7.4,,19.3,19.0,0.206,18.3,0.15,2.04,icon_d2
2026-09-04,W1457,52.41937,10.61737,6.7,,19.4,19.4,0.171,18.9,0.15,2.01,icon_d2
2026-09-04,W1458,52.41937,10.64694,7.5,,19.4,19.4,0.171,18.9,0.15,2.05,icon_d2
2026-09-04,W1459,52.41937,10.6765,7.9,,19.4,19.4,0.171,18.9,0.15,2.03,icon_d2
2026-09-04,W1460,52.41937,10.70607,7.9,,19.4,19.4,0.171,18.9,0.15,2.04,icon_d2
2026-09-04,W0357,52.4104,10.7498,8.5,,19.4,19.4,0.171,18.9,0.15,2.02,icon_d2
2026-09-04,W0358,52.4104,10.7794,8.1,,19.5,19.4,0.178,18.9,0.148,1.88,icon_d2
2026-09-04,W0359,52.4104,10.8089,8.0,,19.6,19.4,0.178,18.9,0.148,1.99,icon_d2
2026-09-04,W1461,52.41937,10.82432,8.0,,19.6,19.4,0.178,18.9,0.148,1.99,icon_d2
2026-09-04,W0360,52.4104,10.868,8.0,,19.3,19.4,0.178,18.9,0.148,1.99,icon_d2
2026-09-04,W0361,52.4104,10.8975,7.4,,19.2,19.4,0.178,18.9,0.148,1.98,icon_d2
2026-09-04,W0362,52.4104,10.9271,7.4,,19.3,19.4,0.178,18.9,0.148,1.98,icon_d2
2026-09-04,W0363,52.4104,10.9566,7.4,,19.4,19.3,0.192,18.6,0.139,2.06,icon_d2
2026-09-04,W1462,52.41937,10.97214,6.9,,19.6,19.3,0.192,18.6,0.139,2.12,icon_d2
2026-09-04,W1463,52.41937,11.00171,7.3,,19.5,19.3,0.192,18.6,0.139,2.13,icon_d2
2026-09-04,W0364,52.4104,11.0452,7.5,,19.3,19.3,0.192,18.6,0.139,2.06,icon_d2
2026-09-04,W1464,52.41937,11.06084,7.5,,19.5,19.3,0.192,18.6,0.139,2.07,icon_d2
2026-09-04,W1465,52.41937,11.0904,6.9,,19.6,19.3,0.192,18.6,0.139,2.05,icon_d2
2026-09-04,W1466,52.41937,11.11997,6.5,,19.5,18.9,0.259,18.1,0.156,2.0,icon_d2
2026-09-04,W1467,52.41937,11.14953,6.5,,19.5,18.9,0.259,18.1,0.156,2.0,icon_d2
2026-09-04,W0366,52.4284,10.1295,8.5,,19.1,19.0,0.224,18.7,0.152,1.76,icon_d2
2026-09-04,W0367,52.4284,10.1591,8.7,,19.2,19.0,0.224,18.7,0.152,1.85,icon_d2
2026-09-04,W0368,52.4284,10.1886,9.0,,19.2,19.0,0.224,18.7,0.152,1.86,icon_d2
2026-09-04,W0369,52.4284,10.2182,9.0,,19.3,19.0,0.224,18.7,0.152,1.89,icon_d2
2026-09-04,W0370,52.4284,10.2477,9.0,,19.3,19.0,0.224,18.7,0.152,1.89,icon_d2
2026-09-04,W0371,52.4284,10.2772,7.9,,19.4,18.7,0.237,18.1,0.178,1.94,icon_d2
2026-09-04,W0372,52.4284,10.3068,7.9,,19.3,18.7,0.237,18.1,0.178,1.94,icon_d2
2026-09-04,W0373,52.4284,10.3363,8.4,,19.3,18.7,0.237,18.1,0.178,1.93,icon_d2
2026-09-04,W0374,52.4284,10.3658,7.2,,19.3,18.7,0.237,18.1,0.178,1.88,icon_d2
2026-09-04,W1468,52.43739,10.38086,5.3,,19.3,18.7,0.237,18.1,0.178,1.85,icon_d2
2026-09-04,W1469,52.43739,10.41042,5.6,,19.3,19.0,0.204,18.5,0.166,1.88,icon_d2
2026-09-04,W0375,52.4284,10.4545,7.5,,19.3,19.0,0.206,18.3,0.15,1.85,icon_d2
2026-09-04,W0376,52.4284,10.484,8.2,,19.4,19.0,0.206,18.3,0.15,1.86,icon_d2
2026-09-04,W0377,52.4284,10.5135,7.9,,19.4,19.0,0.206,18.3,0.15,1.89,icon_d2
2026-09-04,W0378,52.4284,10.5431,7.8,,19.3,19.0,0.206,18.3,0.15,2.0,icon_d2
2026-09-04,W0379,52.4284,10.5726,7.4,,19.4,19.0,0.206,18.3,0.15,2.05,icon_d2
2026-09-04,W1470,52.43739,10.58781,6.5,,19.3,19.4,0.179,19.0,0.15,2.01,icon_d2
2026-09-04,W0380,52.4284,10.6317,7.5,,19.4,19.4,0.171,18.9,0.15,2.06,icon_d2
2026-09-04,W0381,52.4284,10.6612,7.5,,19.4,19.4,0.171,18.9,0.15,2.06,icon_d2
2026-09-04,W1471,52.43739,10.6765,6.3,,19.4,19.4,0.171,18.9,0.15,1.9,icon_d2
2026-09-04,W1472,52.43739,10.70607,6.4,,19.4,19.4,0.171,18.9,0.15,1.91,icon_d2
2026-09-04,W0382,52.4284,10.7498,8.5,,19.6,19.4,0.142,18.7,0.149,2.03,icon_d2
2026-09-04,W1473,52.43739,10.76519,7.2,,19.7,19.4,0.142,18.7,0.149,2.07,icon_d2
2026-09-04,W1474,52.43739,10.79476,7.1,,19.6,19.4,0.178,18.9,0.148,2.06,icon_d2
2026-09-04,W1475,52.43739,10.82432,7.4,,19.7,19.4,0.178,18.9,0.148,2.06,icon_d2
2026-09-04,W0383,52.4284,10.868,8.0,,19.5,19.4,0.178,18.9,0.148,2.01,icon_d2
2026-09-04,W0384,52.4284,10.8975,7.4,,19.4,19.4,0.178,18.9,0.148,1.99,icon_d2
2026-09-04,W0385,52.4284,10.9271,7.4,,19.5,19.0,0.206,18.3,0.147,2.0,icon_d2
2026-09-04,W0386,52.4284,10.9566,7.4,,19.6,19.3,0.192,18.6,0.139,2.07,icon_d2
2026-09-04,W1476,52.43739,10.97214,6.6,,19.5,19.3,0.192,18.6,0.139,2.11,icon_d2
2026-09-04,W0387,52.4284,11.0157,7.0,,19.5,19.3,0.192,18.6,0.139,2.12,icon_d2
2026-09-04,W0388,52.4284,11.0452,7.5,,19.4,19.3,0.192,18.6,0.139,2.06,icon_d2
2026-09-04,W1477,52.43739,11.06084,6.2,,19.5,18.4,0.298,17.7,0.226,2.11,icon_d2
2026-09-04,W1478,52.43739,11.0904,6.0,,19.4,18.4,0.298,17.7,0.226,1.96,icon_d2
2026-09-04,W0389,52.4284,11.1338,6.5,,19.5,18.9,0.259,18.1,0.156,2.0,icon_d2
2026-09-04,W1479,52.43739,11.14953,5.7,,19.4,18.9,0.259,18.1,0.156,1.92,icon_d2
2026-09-04,W0416,52.4644,10.1295,4.8,,19.2,19.2,0.128,18.8,0.063,1.76,icon_d2
2026-09-04,W0417,52.4644,10.1591,4.2,,19.2,19.2,0.128,18.8,0.063,1.71,icon_d2
2026-09-04,W0418,52.4644,10.1886,4.8,,19.2,19.2,0.128,18.8,0.063,1.71,icon_d2
2026-09-04,W0419,52.4644,10.2182,4.9,,19.3,19.2,0.128,18.8,0.063,1.8,icon_d2
2026-09-04,W0420,52.4644,10.2477,4.1,,19.3,19.2,0.128,18.8,0.063,1.85,icon_d2
2026-09-04,W0421,52.4644,10.2772,5.0,,19.3,19.2,0.128,18.8,0.063,1.91,icon_d2
2026-09-04,W0422,52.4644,10.3068,4.5,,19.2,19.0,0.204,18.5,0.166,1.88,icon_d2
2026-09-04,W0423,52.4644,10.3363,4.3,,19.3,19.0,0.204,18.5,0.166,1.86,icon_d2
2026-09-04,W0424,52.4644,10.3658,4.3,,19.3,19.0,0.204,18.5,0.166,1.86,icon_d2
2026-09-04,W0425,52.4644,10.3954,3.6,,19.2,19.0,0.204,18.5,0.166,1.73,icon_d2
2026-09-04,W0426,52.4644,10.4249,3.7,,19.4,19.0,0.204,18.5,0.166,1.77,icon_d2
2026-09-04,W0427,52.4644,10.4545,3.6,,19.3,19.0,0.204,18.5,0.166,1.75,icon_d2
2026-09-04,W0428,52.4644,10.484,4.2,,19.3,19.4,0.179,19.0,0.15,1.77,icon_d2
2026-09-04,W0429,52.4644,10.5135,3.9,,19.3,19.4,0.179,19.0,0.15,1.79,icon_d2
2026-09-04,W0430,52.4644,10.5431,4.5,,19.5,19.4,0.179,19.0,0.15,1.91,icon_d2
2026-09-04,W0431,52.4644,10.5726,5.3,,19.4,19.4,0.179,19.0,0.15,1.92,icon_d2
2026-09-04,W0432,52.4644,10.6021,5.0,,19.4,19.4,0.179,19.0,0.15,1.89,icon_d2
2026-09-04,W0433,52.4644,10.6317,5.5,,19.3,19.4,0.142,18.7,0.149,1.86,icon_d2
2026-09-04,W0434,52.4644,10.6612,5.5,,19.3,19.4,0.142,18.7,0.149,1.85,icon_d2
2026-09-04,W0435,52.4644,10.6908,6.4,,19.3,19.4,0.142,18.7,0.149,1.9,icon_d2
2026-09-04,W0408,52.4464,10.7203,6.4,,19.3,19.4,0.142,18.7,0.149,1.95,icon_d2
2026-09-04,W1481,52.45541,10.73563,6.5,,19.3,19.4,0.142,18.7,0.149,1.92,icon_d2
2026-09-04,W0436,52.4644,10.7794,6.5,,19.2,19.4,0.142,18.7,0.149,1.91,icon_d2
2026-09-04,W0437,52.4644,10.8089,6.9,,19.2,19.0,0.206,18.3,0.147,1.9,icon_d2
2026-09-04,W0438,52.4644,10.8384,6.6,,19.5,19.0,0.206,18.3,0.147,1.99,icon_d2
2026-09-04,W0439,52.4644,10.868,6.6,,19.5,19.0,0.206,18.3,0.147,2.0,icon_d2
2026-09-04,W0440,52.4644,10.8975,6.7,,19.5,19.0,0.206,18.3,0.147,1.99,icon_d2
2026-09-04,W0441,52.4644,10.9271,6.5,,19.5,19.0,0.206,18.3,0.147,2.0,icon_d2
2026-09-04,W0442,52.4644,10.9566,6.6,,19.5,19.0,0.206,18.3,0.147,2.06,icon_d2
2026-09-04,W1482,52.45541,10.97214,6.6,,19.5,19.3,0.192,18.6,0.139,2.06,icon_d2
2026-09-04,W1609,52.45541,11.00171,6.3,,19.5,18.4,0.298,17.7,0.226,2.1,icon_d2
2026-09-04,W0443,52.4644,11.0452,5.7,,19.3,18.4,0.298,17.7,0.226,1.97,icon_d2
2026-09-04,W1483,52.45541,11.06084,5.9,,19.4,18.4,0.298,17.7,0.226,2.04,icon_d2
2026-09-04,W0444,52.4644,11.1043,5.7,,19.4,18.4,0.298,17.7,0.226,1.91,icon_d2
2026-09-04,W0445,52.4644,11.1338,5.1,,19.4,18.7,0.277,17.9,0.194,1.9,icon_d2
2026-09-04,W1484,52.45541,11.14953,5.1,,19.4,18.9,0.259,18.1,0.156,1.9,icon_d2
2026-09-04,W0446,52.4824,10.1295,4.5,,19.1,19.2,0.128,18.8,0.063,1.76,icon_d2
2026-09-04,W0447,52.4824,10.1591,4.4,,19.3,19.2,0.128,18.8,0.063,1.69,icon_d2
2026-09-04,W0448,52.4824,10.1886,4.3,,19.2,19.2,0.128,18.8,0.063,1.69,icon_d2
2026-09-04,W1485,52.47342,10.20347,3.8,,19.3,19.2,0.128,18.8,0.063,1.73,icon_d2
2026-09-04,W0449,52.4824,10.2477,3.9,,19.3,19.2,0.128,18.8,0.063,1.81,icon_d2
2026-09-04,W0450,52.4824,10.2772,3.4,,19.3,19.2,0.128,18.8,0.063,1.85,icon_d2
2026-09-04,W0451,52.4824,10.3068,3.8,,19.3,19.0,0.204,18.5,0.166,1.88,icon_d2
2026-09-04,W1486,52.47342,10.32173,3.3,,19.3,19.0,0.204,18.5,0.166,1.85,icon_d2
2026-09-04,W1487,52.47342,10.3513,3.3,,19.3,19.0,0.204,18.5,0.166,1.8,icon_d2
2026-09-04,W0452,52.4824,10.3954,3.6,,19.3,19.0,0.204,18.5,0.166,1.73,icon_d2
2026-09-04,W0453,52.4824,10.4249,3.9,,19.2,19.0,0.204,18.5,0.166,1.72,icon_d2
2026-09-04,W0454,52.4824,10.4545,4.4,,19.3,19.0,0.204,18.5,0.166,1.7,icon_d2
2026-09-04,W0455,52.4824,10.484,4.4,,19.3,19.4,0.179,19.0,0.15,1.7,icon_d2
2026-09-04,W0456,52.4824,10.5135,4.7,,19.3,19.4,0.179,19.0,0.15,1.74,icon_d2
2026-09-04,W1488,52.47342,10.52868,4.7,,19.3,19.4,0.179,19.0,0.15,1.74,icon_d2
2026-09-04,W0457,52.4824,10.5726,5.1,,19.6,19.4,0.179,19.0,0.15,1.88,icon_d2
2026-09-04,W0458,52.4824,10.6021,6.1,,19.3,19.4,0.179,19.0,0.15,1.77,icon_d2
2026-09-04,W0459,52.4824,10.6317,6.0,,19.3,19.4,0.142,18.7,0.149,1.76,icon_d2
2026-09-04,W0460,52.4824,10.6612,5.8,,19.2,19.4,0.142,18.7,0.149,1.79,icon_d2
2026-09-04,W0461,52.4824,10.6908,6.6,,19.2,19.4,0.142,18.7,0.149,1.8,icon_d2
2026-09-04,W0462,52.4824,10.7203,6.4,,19.2,19.4,0.142,18.7,0.149,1.89,icon_d2
2026-09-04,W1489,52.47342,10.73563,6.4,,19.2,19.4,0.142,18.7,0.149,1.89,icon_d2
2026-09-04,W0463,52.4824,10.7794,6.6,,19.2,19.4,0.142,18.7,0.149,1.88,icon_d2
2026-09-04,W0464,52.4824,10.8089,6.6,,19.2,19.0,0.206,18.3,0.147,1.87,icon_d2
2026-09-04,W1490,52.47342,10.82432,6.8,,19.3,19.0,0.206,18.3,0.147,1.93,icon_d2
2026-09-04,W1491,52.47342,10.85389,6.6,,19.3,19.0,0.206,18.3,0.147,1.93,icon_d2
2026-09-04,W1492,52.47342,10.88345,6.4,,19.4,19.0,0.206,18.3,0.147,1.99,icon_d2
2026-09-04,W1493,52.47342,10.91302,6.2,,19.4,19.0,0.206,18.3,0.147,1.98,icon_d2
2026-09-04,W0465,52.4824,10.9566,6.0,,19.4,19.0,0.206,18.3,0.147,1.92,icon_d2
2026-09-04,W0466,52.4824,10.9861,6.3,,19.4,18.4,0.298,17.7,0.226,2.01,icon_d2
2026-09-04,W0467,52.4824,11.0157,6.2,,19.3,18.4,0.298,17.7,0.226,2.0,icon_d2
2026-09-04,W0468,52.4824,11.0452,5.7,,19.4,18.4,0.298,17.7,0.226,1.97,icon_d2
2026-09-04,W1494,52.47342,11.06084,5.7,,19.4,18.4,0.298,17.7,0.226,1.97,icon_d2
2026-09-04,W1495,52.47342,11.0904,5.4,,19.3,18.4,0.298,17.7,0.226,1.91,icon_d2
2026-09-04,W1496,52.47342,11.11997,5.2,,19.3,18.4,0.298,17.7,0.226,1.94,icon_d2
2026-09-04,W1497,52.47342,11.14953,4.8,,19.3,18.7,0.277,17.9,0.194,1.94,icon_d2
2026-09-04,W1498,52.49144,10.11478,4.5,,19.2,18.9,0.159,18.6,0.074,1.76,icon_d2
2026-09-04,W1499,52.49144,10.14435,4.4,,19.3,19.2,0.128,18.8,0.063,1.71,icon_d2
2026-09-04,W1500,52.49144,10.17391,4.3,,19.3,19.2,0.128,18.8,0.063,1.7,icon_d2
2026-09-04,W1501,52.49144,10.20347,5.1,,19.2,19.2,0.128,18.8,0.063,1.72,icon_d2
2026-09-04,W1502,52.49144,10.23304,5.2,,19.2,19.2,0.128,18.8,0.063,1.72,icon_d2
2026-09-04,W1503,52.49144,10.2626,5.9,,19.1,19.2,0.128,18.8,0.063,1.74,icon_d2
2026-09-04,W1504,52.49144,10.29217,5.2,,19.2,19.0,0.204,18.5,0.166,1.79,icon_d2
2026-09-04,W1505,52.49144,10.32173,4.2,,19.2,19.0,0.204,18.5,0.166,1.83,icon_d2
2026-09-04,W1506,52.49144,10.3513,4.8,,19.2,19.0,0.204,18.5,0.166,1.81,icon_d2
2026-09-04,W1507,52.49144,10.38086,3.9,,19.2,19.0,0.204,18.5,0.166,1.75,icon_d2
2026-09-04,W1508,52.49144,10.41042,4.9,,19.3,19.0,0.204,18.5,0.166,1.71,icon_d2
2026-09-04,W1509,52.49144,10.43999,5.0,,19.2,19.0,0.204,18.5,0.166,1.66,icon_d2
2026-09-04,W1510,52.49144,10.46955,5.0,,19.3,19.4,0.179,19.0,0.15,1.66,icon_d2
2026-09-04,W1511,52.49144,10.49912,5.3,,19.3,19.4,0.179,19.0,0.15,1.68,icon_d2
2026-09-04,W1512,52.49144,10.52868,6.3,,19.1,19.4,0.179,19.0,0.15,1.72,icon_d2
2026-09-04,W1513,52.49144,10.55825,6.4,,19.3,19.4,0.179,19.0,0.15,1.73,icon_d2
2026-09-04,W1514,52.49144,10.58781,6.8,,19.2,19.4,0.179,19.0,0.15,1.73,icon_d2
2026-09-04,W1515,52.49144,10.61737,7.0,,19.2,19.4,0.179,19.0,0.15,1.71,icon_d2
2026-09-04,W1516,52.49144,10.64694,6.9,,19.2,19.4,0.142,18.7,0.149,1.71,icon_d2
2026-09-04,W1517,52.49144,10.6765,7.0,,19.1,19.4,0.142,18.7,0.149,1.7,icon_d2
2026-09-04,W1518,52.49144,10.70607,7.0,,19.1,19.4,0.142,18.7,0.149,1.7,icon_d2
2026-09-04,W1519,52.49144,10.73563,6.9,,19.0,19.4,0.142,18.7,0.149,1.79,icon_d2
2026-09-04,W1520,52.49144,10.76519,7.0,,19.2,19.4,0.142,18.7,0.149,1.85,icon_d2
2026-09-04,W1521,52.49144,10.79476,6.8,,19.1,19.0,0.206,18.3,0.147,1.87,icon_d2
2026-09-04,W1522,52.49144,10.82432,6.8,,19.1,19.0,0.206,18.3,0.147,1.87,icon_d2
2026-09-04,W1523,52.49144,10.85389,6.6,,19.2,19.0,0.206,18.3,0.147,1.78,icon_d2
2026-09-04,W1524,52.49144,10.88345,6.6,,19.2,19.0,0.206,18.3,0.147,1.78,icon_d2
2026-09-04,W1525,52.49144,10.91302,6.1,,19.3,19.0,0.206,18.3,0.147,1.81,icon_d2
2026-09-04,W1526,52.49144,10.94258,6.0,,19.3,19.0,0.206,18.3,0.147,1.78,icon_d2
2026-09-04,W1527,52.49144,10.97214,6.1,,19.3,18.4,0.298,17.7,0.226,1.82,icon_d2
2026-09-04,W1528,52.49144,11.00171,5.8,,19.3,18.4,0.298,17.7,0.226,1.86,icon_d2
2026-09-04,W1529,52.49144,11.03127,5.8,,19.4,18.4,0.298,17.7,0.226,1.96,icon_d2
2026-09-04,W1530,52.49144,11.06084,5.7,,19.3,18.4,0.298,17.7,0.226,1.96,icon_d2
2026-09-04,W1531,52.49144,11.0904,5.4,,19.3,18.4,0.298,17.7,0.226,1.91,icon_d2
2026-09-04,W1532,52.49144,11.11997,5.2,,19.4,18.4,0.298,17.7,0.226,1.95,icon_d2
2026-09-04,W1533,52.49144,11.14953,5.2,,19.3,18.7,0.277,17.9,0.194,1.95,icon_d2
2026-09-04,W0470,52.5005,10.1295,4.5,,19.3,19.2,0.128,18.8,0.063,1.76,icon_d2
2026-09-04,W0471,52.5005,10.1591,4.4,,19.3,19.2,0.128,18.8,0.063,1.71,icon_d2
2026-09-04,W0472,52.5005,10.1886,4.3,,19.3,19.2,0.128,18.8,0.063,1.7,icon_d2
2026-09-04,W1534,52.50946,10.20347,5.1,,19.2,19.2,0.128,18.8,0.063,1.72,icon_d2
2026-09-04,W0473,52.5005,10.2477,5.2,,19.2,19.2,0.128,18.8,0.063,1.72,icon_d2
2026-09-04,W0474,52.5005,10.2772,4.6,,19.2,19.1,0.138,18.7,0.057,1.78,icon_d2
2026-09-04,W0475,52.5005,10.3068,5.2,,19.2,19.0,0.204,18.5,0.166,1.79,icon_d2
2026-09-04,W1535,52.50946,10.32173,4.2,,19.2,19.0,0.204,18.5,0.166,1.83,icon_d2
2026-09-04,W1536,52.50946,10.3513,4.8,,19.3,19.0,0.204,18.5,0.166,1.81,icon_d2
2026-09-04,W0476,52.5005,10.3954,4.9,,19.3,19.0,0.204,18.5,0.166,1.71,icon_d2
2026-09-04,W0477,52.5005,10.4249,4.9,,19.3,19.0,0.204,18.5,0.166,1.71,icon_d2
2026-09-04,W0478,52.5005,10.4545,5.0,,19.2,18.6,0.175,18.0,0.078,1.66,icon_d2
2026-09-04,W0479,52.5005,10.484,5.3,,19.2,19.4,0.179,19.0,0.15,1.68,icon_d2
2026-09-04,W0480,52.5005,10.5135,6.3,,19.1,19.4,0.179,19.0,0.15,1.72,icon_d2
2026-09-04,W0481,52.5005,10.5431,6.4,,19.2,19.4,0.179,19.0,0.15,1.72,icon_d2
2026-09-04,W0482,52.5005,10.5726,6.8,,19.2,19.4,0.179,19.0,0.15,1.73,icon_d2
2026-09-04,W0483,52.5005,10.6021,6.8,,19.3,18.7,0.154,17.8,0.053,1.73,icon_d2
2026-09-04,W1537,52.50946,10.61737,7.0,,19.2,18.7,0.154,17.8,0.053,1.71,icon_d2
2026-09-04,W0484,52.5005,10.6612,7.0,,19.0,19.4,0.142,18.7,0.149,1.64,icon_d2
2026-09-04,W0485,52.5005,10.6908,7.0,,19.0,19.4,0.142,18.7,0.149,1.69,icon_d2
2026-09-04,W0486,52.5005,10.7203,6.9,,19.1,19.4,0.142,18.7,0.149,1.69,icon_d2
2026-09-04,W0487,52.5005,10.7498,6.9,,19.1,19.4,0.142,18.7,0.149,1.8,icon_d2
2026-09-04,W1538,52.50946,10.76519,7.0,,19.1,18.8,0.142,18.0,0.07,1.84,icon_d2
2026-09-04,W0488,52.5005,10.8089,6.8,,19.2,19.0,0.206,18.3,0.147,1.88,icon_d2
2026-09-04,W0489,52.5005,10.8384,6.6,,19.1,19.0,0.206,18.3,0.147,1.77,icon_d2
2026-09-04,W0490,52.5005,10.868,6.6,,19.1,19.0,0.206,18.3,0.147,1.77,icon_d2
2026-09-04,W0491,52.5005,10.8975,6.1,,19.3,19.0,0.206,18.3,0.147,1.8,icon_d2
2026-09-04,W0492,52.5005,10.9271,6.1,,19.2,19.0,0.206,18.3,0.147,1.8,icon_d2
2026-09-04,W0493,52.5005,10.9566,6.0,,19.2,18.7,0.23,18.0,0.155,1.78,icon_d2
2026-09-04,W0494,52.5005,10.9861,6.1,,19.3,18.4,0.298,17.7,0.226,1.82,icon_d2
2026-09-04,W1539,52.50946,11.00171,5.8,,19.3,18.4,0.298,17.7,0.226,1.86,icon_d2
2026-09-04,W1540,52.50946,11.03127,5.8,,19.4,18.4,0.298,17.7,0.226,1.96,icon_d2
2026-09-04,W1541,52.50946,11.06084,5.7,,19.3,18.4,0.298,17.7,0.226,1.96,icon_d2
2026-09-04,W0495,52.5005,11.1043,5.4,,19.3,18.5,0.27,17.8,0.199,1.91,icon_d2
2026-09-04,W1542,52.50946,11.11997,5.2,,19.3,18.5,0.27,17.8,0.199,1.95,icon_d2
2026-09-04,W1543,52.50946,11.14953,5.2,,19.3,18.7,0.277,17.9,0.194,1.95,icon_d2
2026-09-04,W0497,52.5185,10.1295,5.1,,19.2,18.8,0.168,18.3,0.06,1.62,icon_d2
2026-09-04,W0498,52.5185,10.1591,5.7,,19.2,19.2,0.128,18.8,0.063,1.67,icon_d2
2026-09-04,W1544,52.52748,10.17391,5.7,,19.2,19.1,0.138,18.7,0.057,1.68,icon_d2
2026-09-04,W1545,52.52748,10.20347,5.5,,19.2,19.1,0.138,18.7,0.057,1.73,icon_d2
2026-09-04,W0499,52.5185,10.2477,5.5,,19.2,19.1,0.138,18.7,0.057,1.73,icon_d2
2026-09-04,W0500,52.5185,10.2772,6.4,,19.2,19.1,0.138,18.7,0.057,1.73,icon_d2
2026-09-04,W0501,52.5185,10.3068,6.3,,19.2,19.0,0.204,18.5,0.166,1.79,icon_d2
2026-09-04,W1546,52.52748,10.32173,6.3,,19.2,19.0,0.204,18.5,0.166,1.79,icon_d2
2026-09-04,W1547,52.52748,10.3513,6.2,,19.2,18.6,0.175,18.0,0.078,1.79,icon_d2
2026-09-04,W0502,52.5185,10.3954,6.1,,19.1,18.6,0.175,18.0,0.078,1.63,icon_d2
2026-09-04,W0503,52.5185,10.4249,6.1,,19.1,18.6,0.175,18.0,0.078,1.63,icon_d2
2026-09-04,W0504,52.5185,10.4545,6.2,,19.2,18.6,0.175,18.0,0.078,1.62,icon_d2
2026-09-04,W1548,52.52748,10.46955,6.2,,19.1,18.6,0.175,18.0,0.078,1.62,icon_d2
2026-09-04,W0505,52.5185,10.5135,6.8,,19.1,19.4,0.179,19.0,0.15,1.73,icon_d2
2026-09-04,W0506,52.5185,10.5431,6.8,,19.1,18.7,0.154,17.8,0.053,1.73,icon_d2
2026-09-04,W0507,52.5185,10.5726,7.0,,19.1,18.7,0.154,17.8,0.053,1.69,icon_d2
2026-09-04,W0508,52.5185,10.6021,6.4,,19.2,18.7,0.154,17.8,0.053,1.78,icon_d2
2026-09-04,W0509,52.5185,10.6317,6.6,,19.2,18.7,0.154,17.8,0.053,1.7,icon_d2
2026-09-04,W0510,52.5185,10.6612,6.9,,19.0,19.4,0.142,18.7,0.149,1.55,icon_d2
2026-09-04,W0511,52.5185,10.6908,6.4,,18.9,19.4,0.142,18.7,0.149,1.57,icon_d2
2026-09-04,W0512,52.5185,10.7203,6.8,,18.9,18.8,0.142,18.0,0.07,1.63,icon_d2
2026-09-04,W0513,52.5185,10.7498,6.5,,19.0,18.8,0.142,18.0,0.07,1.71,icon_d2
2026-09-04,W0514,52.5185,10.7794,6.6,,19.1,18.8,0.142,18.0,0.07,1.78,icon_d2
2026-09-04,W1549,52.52748,10.79476,6.6,,19.2,18.8,0.142,18.0,0.07,1.79,icon_d2
2026-09-04,W0515,52.5185,10.8384,6.4,,19.1,19.0,0.206,18.3,0.147,1.76,icon_d2
2026-09-04,W0516,52.5185,10.868,6.4,,19.1,18.7,0.23,18.0,0.155,1.76,icon_d2
2026-09-04,W0517,52.5185,10.8975,6.4,,19.2,18.7,0.23,18.0,0.155,1.76,icon_d2
2026-09-04,W0518,52.5185,10.9271,6.2,,19.1,18.7,0.23,18.0,0.155,1.72,icon_d2
2026-09-04,W0519,52.5185,10.9566,6.3,,19.2,18.7,0.23,18.0,0.155,1.77,icon_d2
2026-09-04,W0520,52.5185,10.9861,6.1,,19.3,18.4,0.298,17.7,0.226,1.85,icon_d2
2026-09-04,W0521,52.5185,11.0157,6.2,,19.3,18.4,0.298,17.7,0.226,1.96,icon_d2
2026-09-04,W1550,52.52748,11.03127,6.2,,19.3,18.5,0.27,17.8,0.199,1.96,icon_d2
2026-09-04,W1551,52.52748,11.06084,6.3,,19.3,18.5,0.27,17.8,0.199,1.98,icon_d2
2026-09-04,W1552,52.52748,11.0904,6.3,,19.2,18.5,0.27,17.8,0.199,1.9,icon_d2
2026-09-04,W1553,52.52748,11.11997,6.3,,19.2,18.5,0.27,17.8,0.199,1.9,icon_d2
2026-09-04,W1554,52.52748,11.14953,6.5,,19.2,18.7,0.277,17.9,0.194,1.88,icon_d2
2026-09-04,W0523,52.5365,10.1295,6.2,,19.2,18.8,0.168,18.3,0.06,1.63,icon_d2
2026-09-04,W1555,52.5455,10.14435,6.4,,19.2,19.1,0.138,18.7,0.057,1.67,icon_d2
2026-09-04,W1556,52.5455,10.17391,6.2,,19.2,19.1,0.138,18.7,0.057,1.7,icon_d2
2026-09-04,W0524,52.5365,10.2182,6.3,,19.2,19.1,0.138,18.7,0.057,1.67,icon_d2
2026-09-04,W0525,52.5365,10.2477,6.9,,19.1,19.1,0.138,18.7,0.057,1.65,icon_d2
2026-09-04,W0526,52.5365,10.2772,6.6,,19.1,19.1,0.138,18.7,0.057,1.76,icon_d2
2026-09-04,W0527,52.5365,10.3068,6.6,,19.1,19.1,0.138,18.7,0.057,1.76,icon_d2
2026-09-04,W0547,52.5545,10.3363,5.6,,19.0,18.6,0.175,18.0,0.078,1.62,icon_d2
2026-09-04,W1557,52.5455,10.3513,5.8,,19.1,18.6,0.175,18.0,0.078,1.72,icon_d2
2026-09-04,W0548,52.5545,10.3954,4.6,,19.0,18.6,0.175,18.0,0.078,1.58,icon_d2
2026-09-04,W0549,52.5545,10.4249,4.6,,19.0,18.6,0.175,18.0,0.078,1.57,icon_d2
2026-09-04,W0528,52.5365,10.4545,5.5,,19.1,18.6,0.175,18.0,0.078,1.59,icon_d2
2026-09-04,W0529,52.5365,10.484,6.0,,19.1,18.7,0.154,17.8,0.053,1.63,icon_d2
2026-09-04,W0530,52.5365,10.5135,6.1,,19.1,18.7,0.154,17.8,0.053,1.66,icon_d2
2026-09-04,W0531,52.5365,10.5431,6.5,,19.1,18.7,0.154,17.8,0.053,1.76,icon_d2
2026-09-04,W0532,52.5365,10.5726,6.4,,19.1,18.7,0.154,17.8,0.053,1.76,icon_d2
2026-09-04,W0533,52.5365,10.6021,6.4,,19.2,18.7,0.154,17.8,0.053,1.78,icon_d2
2026-09-04,W0534,52.5365,10.6317,6.6,,19.1,18.7,0.154,17.8,0.053,1.63,icon_d2
2026-09-04,W0535,52.5365,10.6612,5.6,,19.0,18.8,0.142,18.0,0.07,1.64,icon_d2
2026-09-04,W0536,52.5365,10.6908,5.8,,19.0,18.8,0.142,18.0,0.07,1.64,icon_d2
2026-09-04,W0537,52.5365,10.7203,5.8,,19.1,18.8,0.142,18.0,0.07,1.64,icon_d2
2026-09-04,W0538,52.5365,10.7498,5.9,,18.9,18.8,0.142,18.0,0.07,1.63,icon_d2
2026-09-04,W0539,52.5365,10.7794,5.7,,19.1,18.8,0.142,18.0,0.07,1.67,icon_d2
2026-09-04,W0540,52.5365,10.8089,5.8,,19.2,18.8,0.142,18.0,0.07,1.79,icon_d2
2026-09-04,W0562,52.5545,10.8384,5.0,,19.0,18.7,0.23,18.0,0.155,1.67,icon_d2
2026-09-04,W0563,52.5545,10.868,4.8,,18.9,18.7,0.23,18.0,0.155,1.66,icon_d2
2026-09-04,W0564,52.5545,10.8975,5.2,,19.0,18.7,0.23,18.0,0.155,1.7,icon_d2
2026-09-04,W0541,52.5365,10.9271,5.8,,19.2,18.7,0.23,18.0,0.155,1.8,icon_d2
2026-09-04,W0542,52.5365,10.9566,6.3,,19.1,18.7,0.23,18.0,0.155,1.77,icon_d2
2026-09-04,W1558,52.5455,10.97214,5.7,,19.1,18.7,0.23,18.0,0.155,1.75,icon_d2
2026-09-04,W1559,52.5455,11.00171,6.0,,19.2,18.5,0.27,17.8,0.199,1.86,icon_d2
2026-09-04,W1560,52.5455,11.03127,5.8,,19.2,18.5,0.27,17.8,0.199,1.88,icon_d2
2026-09-04,W0543,52.5365,11.0747,6.6,,19.2,18.5,0.27,17.8,0.199,1.85,icon_d2
2026-09-04,W0544,52.5365,11.1043,6.3,,19.2,18.5,0.27,17.8,0.199,1.85,icon_d2
2026-09-04,W0567,52.5545,11.1338,5.5,,19.1,18.5,0.27,17.8,0.199,1.8,icon_d2
2026-09-04,W1561,52.5455,11.14953,6.4,,19.2,18.7,0.258,17.8,0.159,1.85,icon_d2
2026-09-04,W1562,52.56351,10.11478,5.6,,19.1,18.8,0.168,18.3,0.06,1.68,icon_d2
2026-09-04,W0568,52.5725,10.1591,5.1,,19.1,19.1,0.138,18.7,0.057,1.64,icon_d2
2026-09-04,W0569,52.5725,10.1886,5.2,,19.0,19.1,0.138,18.7,0.057,1.63,icon_d2
2026-09-04,W0570,52.5725,10.2182,5.2,,19.0,19.1,0.138,18.7,0.057,1.68,icon_d2
2026-09-04,W1563,52.56351,10.23304,5.8,,19.1,19.1,0.138,18.7,0.057,1.6,icon_d2
2026-09-04,W0571,52.5725,10.2772,5.4,,19.0,18.6,0.17,18.1,0.057,1.68,icon_d2
2026-09-04,W0572,52.5725,10.3068,4.9,,19.0,18.6,0.17,18.1,0.057,1.61,icon_d2
2026-09-04,W0573,52.5725,10.3363,4.9,,18.9,18.6,0.175,18.0,0.078,1.55,icon_d2
2026-09-04,W0574,52.5725,10.3658,4.9,,19.0,18.6,0.175,18.0,0.078,1.56,icon_d2
2026-09-04,W0575,52.5725,10.3954,4.9,,18.9,18.6,0.175,18.0,0.078,1.55,icon_d2
2026-09-04,W0576,52.5725,10.4249,4.9,,18.9,18.6,0.175,18.0,0.078,1.55,icon_d2
2026-09-04,W0577,52.5725,10.4545,4.3,,18.9,18.4,0.173,17.8,0.06,1.56,icon_d2
2026-09-04,W0578,52.5725,10.484,4.1,,18.9,18.7,0.154,17.8,0.053,1.54,icon_d2
2026-09-04,W0579,52.5725,10.5135,4.5,,19.0,18.7,0.154,17.8,0.053,1.68,icon_d2
2026-09-04,W0580,52.5725,10.5431,4.3,,19.1,18.7,0.154,17.8,0.053,1.68,icon_d2
2026-09-04,W0581,52.5725,10.5726,4.2,,19.0,18.7,0.154,17.8,0.053,1.66,icon_d2
2026-09-04,W0582,52.5725,10.6021,4.2,,19.0,18.7,0.154,17.8,0.053,1.66,icon_d2
2026-09-04,W0583,52.5725,10.6317,4.7,,19.0,18.4,0.148,17.6,0.051,1.61,icon_d2
2026-09-04,W0584,52.5725,10.6612,3.9,,19.0,18.8,0.142,18.0,0.07,1.55,icon_d2
2026-09-04,W0585,52.5725,10.6908,4.7,,18.9,18.8,0.142,18.0,0.07,1.51,icon_d2
2026-09-04,W0586,52.5725,10.7203,4.7,,18.9,18.8,0.142,18.0,0.07,1.51,icon_d2
2026-09-04,W0587,52.5725,10.7498,4.6,,19.0,18.8,0.142,18.0,0.07,1.56,icon_d2
2026-09-04,W0588,52.5725,10.7794,4.2,,18.9,18.8,0.151,18.2,0.072,1.47,icon_d2
2026-09-04,W0589,52.5725,10.8089,4.1,,18.9,18.8,0.151,18.2,0.072,1.51,icon_d2
2026-09-04,W0590,52.5725,10.8384,4.6,,19.0,18.7,0.23,18.0,0.155,1.63,icon_d2
2026-09-04,W0591,52.5725,10.868,4.6,,19.0,18.7,0.23,18.0,0.155,1.64,icon_d2
2026-09-04,W0592,52.5725,10.8975,3.9,,18.9,18.7,0.23,18.0,0.155,1.72,icon_d2
2026-09-04,W0593,52.5725,10.9271,3.9,,18.9,18.7,0.23,18.0,0.155,1.72,icon_d2
2026-09-04,W1564,52.56351,10.94258,5.5,,19.1,18.7,0.23,18.0,0.155,1.69,icon_d2
2026-09-04,W1565,52.56351,10.97214,6.0,,19.0,18.7,0.23,18.0,0.155,1.72,icon_d2
2026-09-04,W1566,52.56351,11.00171,6.0,,19.0,18.5,0.27,17.8,0.199,1.72,icon_d2
2026-09-04,W1567,52.56351,11.03127,5.1,,19.1,18.5,0.27,17.8,0.199,1.79,icon_d2
2026-09-04,W0594,52.5725,11.0747,4.5,,19.0,18.5,0.27,17.8,0.199,1.77,icon_d2
2026-09-04,W1568,52.56351,11.0904,5.0,,19.1,18.5,0.27,17.8,0.199,1.8,icon_d2
2026-09-04,W0595,52.5725,11.1338,3.7,,19.0,19.1,0.192,18.5,0.149,1.67,icon_d2
2026-09-04,W1569,52.56351,11.14953,5.5,,19.1,18.7,0.258,17.8,0.159,1.79,icon_d2
2026-09-04,W1570,52.58153,10.11478,5.6,,19.0,18.7,0.173,18.4,0.063,1.66,icon_d2
2026-09-04,W0596,52.5905,10.1591,5.1,,19.0,19.1,0.138,18.7,0.057,1.64,icon_d2
2026-09-04,W0597,52.5905,10.1886,5.1,,19.1,19.1,0.138,18.7,0.057,1.64,icon_d2
2026-09-04,W0598,52.5905,10.2182,5.2,,19.0,18.6,0.17,18.1,0.057,1.46,icon_d2
2026-09-04,W0599,52.5905,10.2477,5.2,,18.9,18.6,0.17,18.1,0.057,1.5,icon_d2
2026-09-04,W0600,52.5905,10.2772,5.0,,18.9,18.6,0.17,18.1,0.057,1.64,icon_d2
2026-09-04,W0601,52.5905,10.3068,5.1,,18.9,18.6,0.17,18.1,0.057,1.58,icon_d2
2026-09-04,W0602,52.5905,10.3363,4.7,,18.7,18.6,0.175,18.0,0.078,1.5,icon_d2
2026-09-04,W1571,52.58153,10.3513,4.9,,19.0,18.6,0.175,18.0,0.078,1.56,icon_d2
2026-09-04,W1572,52.58153,10.38086,4.9,,19.0,18.6,0.175,18.0,0.078,1.58,icon_d2
2026-09-04,W1573,52.58153,10.41042,4.9,,19.0,18.4,0.173,17.8,0.06,1.56,icon_d2
2026-09-04,W0603,52.5905,10.4545,4.3,,18.9,18.4,0.173,17.8,0.06,1.55,icon_d2
2026-09-04,W0604,52.5905,10.484,4.1,,18.8,18.4,0.173,17.8,0.06,1.52,icon_d2
2026-09-04,W0605,52.5905,10.5135,4.5,,19.0,18.7,0.154,17.8,0.053,1.68,icon_d2
2026-09-04,W0606,52.5905,10.5431,4.5,,18.9,18.7,0.154,17.8,0.053,1.61,icon_d2
2026-09-04,W0607,52.5905,10.5726,4.1,,18.9,18.4,0.148,17.6,0.051,1.68,icon_d2
2026-09-04,W1574,52.58153,10.58781,4.2,,19.0,18.4,0.148,17.6,0.051,1.67,icon_d2
2026-09-04,W0608,52.5905,10.6317,3.8,,18.9,18.4,0.148,17.6,0.051,1.53,icon_d2
2026-09-04,W0609,52.5905,10.6612,4.2,,19.0,18.8,0.142,18.0,0.07,1.53,icon_d2
2026-09-04,W0610,52.5905,10.6908,4.0,,18.8,18.8,0.142,18.0,0.07,1.47,icon_d2
2026-09-04,W0611,52.5905,10.7203,3.8,,18.8,18.8,0.151,18.2,0.072,1.47,icon_d2
2026-09-04,W0612,52.5905,10.7498,3.7,,18.8,18.8,0.151,18.2,0.072,1.46,icon_d2
2026-09-04,W0613,52.5905,10.7794,4.0,,18.9,18.8,0.151,18.2,0.072,1.46,icon_d2
2026-09-04,W0614,52.5905,10.8089,4.0,,18.8,18.8,0.151,18.2,0.072,1.45,icon_d2
2026-09-04,W0615,52.5905,10.8384,3.5,,18.8,18.7,0.23,18.0,0.155,1.52,icon_d2
2026-09-04,W0616,52.5905,10.868,3.4,,18.9,18.7,0.23,18.0,0.155,1.54,icon_d2
2026-09-04,W1742,52.58153,10.88345,3.7,,18.9,18.7,0.23,18.0,0.155,1.7,icon_d2
2026-09-04,W1743,52.58153,10.91302,3.9,,18.9,18.8,0.189,18.1,0.148,1.72,icon_d2
2026-09-04,W0617,52.5905,10.9566,3.2,,19.0,18.8,0.189,18.1,0.148,1.71,icon_d2
2026-09-04,W1744,52.58153,10.97214,4.0,,19.0,18.8,0.189,18.1,0.148,1.7,icon_d2
2026-09-04,W0618,52.5905,11.0157,3.7,,19.0,18.5,0.27,17.8,0.199,1.64,icon_d2
2026-09-04,W0619,52.5905,11.0452,4.1,,18.9,18.5,0.27,17.8,0.199,1.68,icon_d2
2026-09-04,W1745,52.58153,11.06084,4.5,,19.0,18.5,0.27,17.8,0.199,1.76,icon_d2
2026-09-04,W1746,52.58153,11.0904,3.3,,19.0,19.1,0.192,18.5,0.149,1.65,icon_d2
2026-09-04,W0620,52.5905,11.1338,3.2,,18.9,19.1,0.192,18.5,0.149,1.55,icon_d2
2026-09-04,W1747,52.58153,11.14953,3.7,,18.8,19.1,0.192,18.5,0.149,1.66,icon_d2
2026-09-04,W1748,52.59955,10.11478,5.6,,19.2,18.7,0.173,18.4,0.063,1.71,icon_d2
2026-09-04,W1749,52.59955,10.14435,5.6,,19.2,18.7,0.173,18.4,0.063,1.71,icon_d2
2026-09-04,W1750,52.59955,10.17391,5.1,,19.1,18.6,0.17,18.1,0.057,1.64,icon_d2
2026-09-04,W1751,52.59955,10.20347,5.2,,19.0,18.6,0.17,18.1,0.057,1.46,icon_d2
2026-09-04,W1752,52.59955,10.23304,5.2,,18.9,18.6,0.17,18.1,0.057,1.5,icon_d2
2026-09-04,W1753,52.59955,10.2626,5.0,,18.9,18.6,0.17,18.1,0.057,1.64,icon_d2
2026-09-04,W1754,52.59955,10.29217,5.1,,18.9,18.6,0.17,18.1,0.057,1.58,icon_d2
2026-09-04,W1755,52.59955,10.32173,5.1,,18.9,18.6,0.17,18.1,0.057,1.58,icon_d2
2026-09-04,W1756,52.59955,10.3513,4.7,,18.9,18.4,0.173,17.8,0.06,1.56,icon_d2
2026-09-04,W1757,52.59955,10.38086,4.8,,18.8,18.4,0.173,17.8,0.06,1.53,icon_d2
2026-09-04,W1758,52.59955,10.41042,4.5,,18.8,18.4,0.173,17.8,0.06,1.58,icon_d2
2026-09-04,W1759,52.59955,10.43999,4.5,,18.8,18.4,0.173,17.8,0.06,1.58,icon_d2
2026-09-04,W1760,52.59955,10.46955,4.3,,18.8,18.4,0.173,17.8,0.06,1.55,icon_d2
2026-09-04,W1761,52.59955,10.49912,4.1,,18.8,18.7,0.154,17.8,0.053,1.52,icon_d2
2026-09-04,W1762,52.59955,10.52868,4.5,,19.0,18.4,0.148,17.6,0.051,1.68,icon_d2
2026-09-04,W1763,52.59955,10.55825,4.1,,18.9,18.4,0.148,17.6,0.051,1.68,icon_d2
2026-09-04,W1764,52.59955,10.58781,4.1,,18.9,18.4,0.148,17.6,0.051,1.68,icon_d2
2026-09-04,W1765,52.59955,10.61737,4.0,,19.0,18.4,0.148,17.6,0.051,1.58,icon_d2
2026-09-04,W1599,52.59955,10.64694,3.8,,18.8,18.4,0.148,17.6,0.051,1.53,icon_d2
2026-09-04,W1600,52.59955,10.6765,4.2,,19.0,18.8,0.142,18.0,0.07,1.53,icon_d2
2026-09-04,W1601,52.59955,10.70607,4.0,,18.9,18.8,0.151,18.2,0.072,1.47,icon_d2
2026-09-04,W1610,52.59955,10.73563,3.7,,18.9,18.8,0.151,18.2,0.072,1.47,icon_d2
2026-09-04,W1602,52.59955,10.76519,3.7,,18.9,18.8,0.151,18.2,0.072,1.47,icon_d2
2026-09-04,W1603,52.59955,10.79476,4.0,,18.8,18.8,0.151,18.2,0.072,1.45,icon_d2
2026-09-04,W1611,52.59955,10.82432,3.5,,18.8,18.8,0.151,18.2,0.072,1.51,icon_d2
2026-09-04,W1604,52.59955,10.85389,3.4,,18.7,18.8,0.189,18.1,0.148,1.53,icon_d2
2026-09-04,W1605,52.59955,10.88345,3.4,,18.9,18.8,0.189,18.1,0.148,1.76,icon_d2
2026-09-04,W1766,52.59955,10.91302,3.3,,18.9,18.8,0.189,18.1,0.148,1.75,icon_d2
2026-09-04,W1767,52.59955,10.94258,3.3,,19.0,18.8,0.189,18.1,0.148,1.76,icon_d2
2026-09-04,W1608,52.59955,10.97214,3.4,,19.1,18.8,0.189,18.1,0.148,1.69,icon_d2
2026-09-04,W1768,52.59955,11.00171,3.7,,19.0,18.5,0.27,17.8,0.199,1.64,icon_d2
2026-09-04,W1769,52.59955,11.03127,4.1,,19.0,19.1,0.192,18.5,0.149,1.69,icon_d2
2026-09-04,W1770,52.59955,11.06084,3.2,,18.9,19.1,0.192,18.5,0.149,1.72,icon_d2
2026-09-04,W1612,52.59955,11.0904,3.3,,18.8,19.1,0.192,18.5,0.149,1.64,icon_d2
2026-09-04,W1613,52.59955,11.11997,3.3,,18.9,19.1,0.192,18.5,0.149,1.64,icon_d2
2026-09-04,W1614,52.59955,11.14953,3.2,,18.9,19.1,0.192,18.5,0.149,1.55,icon_d2
2026-09-04,W0621,52.6086,10.1295,5.6,,19.2,18.7,0.173,18.4,0.063,1.71,icon_d2
2026-09-04,W0622,52.6086,10.1591,5.1,,19.1,18.6,0.17,18.1,0.057,1.64,icon_d2
2026-09-04,W0623,52.6086,10.1886,5.1,,19.1,18.6,0.17,18.1,0.057,1.64,icon_d2
2026-09-04,W0624,52.6086,10.2182,5.2,,18.9,18.6,0.17,18.1,0.057,1.46,icon_d2
2026-09-04,W0625,52.6086,10.2477,5.2,,18.9,18.6,0.17,18.1,0.057,1.5,icon_d2
2026-09-04,W0626,52.6086,10.2772,5.0,,19.0,18.6,0.17,18.1,0.057,1.64,icon_d2
2026-09-04,W0627,52.6086,10.3068,5.1,,18.9,18.6,0.17,18.1,0.057,1.58,icon_d2
2026-09-04,W1615,52.61757,10.32173,6.1,,18.8,18.6,0.17,18.1,0.057,1.59,icon_d2
2026-09-04,W0628,52.6086,10.3658,4.7,,18.8,18.4,0.173,17.8,0.06,1.56,icon_d2
2026-09-04,W0629,52.6086,10.3954,4.5,,18.7,18.4,0.173,17.8,0.06,1.56,icon_d2
2026-09-04,W0630,52.6086,10.4249,4.5,,18.8,18.4,0.173,17.8,0.06,1.58,icon_d2
2026-09-04,W1616,52.61757,10.43999,5.2,,18.7,18.4,0.173,17.8,0.06,1.48,icon_d2
2026-09-04,W0631,52.6086,10.484,4.1,,18.8,18.4,0.173,17.8,0.06,1.52,icon_d2
2026-09-04,W0632,52.6086,10.5135,4.5,,19.0,18.4,0.148,17.6,0.051,1.68,icon_d2
2026-09-04,W0633,52.6086,10.5431,4.5,,18.8,18.4,0.148,17.6,0.051,1.6,icon_d2
2026-09-04,W1617,52.61757,10.55825,4.3,,18.8,18.4,0.148,17.6,0.051,1.64,icon_d2
2026-09-04,W0634,52.6086,10.6021,3.8,,18.9,18.4,0.148,17.6,0.051,1.67,icon_d2
2026-09-04,W0635,52.6086,10.6317,3.8,,19.0,18.4,0.148,17.6,0.051,1.54,icon_d2
2026-09-04,W0636,52.6086,10.6612,4.2,,19.0,18.4,0.148,17.6,0.051,1.52,icon_d2
2026-09-04,W0637,52.6086,10.6908,4.0,,18.9,18.8,0.151,18.2,0.072,1.47,icon_d2
2026-09-04,W0638,52.6086,10.7203,3.8,,19.0,18.8,0.151,18.2,0.072,1.48,icon_d2
2026-09-04,W0639,52.6086,10.7498,3.7,,18.8,18.8,0.151,18.2,0.072,1.46,icon_d2
2026-09-04,W0640,52.6086,10.7794,4.0,,18.8,18.8,0.151,18.2,0.072,1.46,icon_d2
2026-09-04,W0641,52.6086,10.8089,4.0,,18.7,18.8,0.151,18.2,0.072,1.45,icon_d2
2026-09-04,W0642,52.6086,10.8384,3.5,,18.7,18.8,0.189,18.1,0.148,1.51,icon_d2
2026-09-04,W0643,52.6086,10.868,3.4,,18.9,18.8,0.189,18.1,0.148,1.53,icon_d2
2026-09-04,W1618,52.61757,10.88345,3.6,,18.9,18.8,0.189,18.1,0.148,1.69,icon_d2
2026-09-04,W1619,52.61757,10.91302,3.4,,19.0,18.8,0.189,18.1,0.148,1.78,icon_d2
2026-09-04,W0644,52.6086,10.9566,3.2,,19.0,18.8,0.189,18.1,0.148,1.71,icon_d2
2026-09-04,W0645,52.6086,10.9861,3.4,,19.1,18.8,0.189,18.1,0.148,1.69,icon_d2
2026-09-04,W0646,52.6086,11.0157,3.7,,18.9,19.1,0.192,18.5,0.149,1.64,icon_d2
2026-09-04,W0647,52.6086,11.0452,4.1,,19.0,19.1,0.192,18.5,0.149,1.69,icon_d2
2026-09-04,W0648,52.6086,11.0747,3.8,,19.0,19.1,0.192,18.5,0.149,1.7,icon_d2
2026-09-04,W0649,52.6086,11.1043,3.3,,18.8,19.1,0.192,18.5,0.149,1.64,icon_d2
2026-09-04,W0650,52.6086,11.1338,3.2,,18.9,19.1,0.192,18.5,0.149,1.55,icon_d2
2026-09-04,W1620,52.61757,11.14953,2.9,,19.2,19.1,0.192,18.5,0.149,1.71,icon_d2
2026-09-04,W0652,52.6266,10.1295,5.5,,19.2,18.7,0.173,18.4,0.063,1.57,icon_d2
2026-09-04,W0653,52.6266,10.1591,5.8,,19.0,18.6,0.17,18.1,0.057,1.5,icon_d2
2026-09-04,W0654,52.6266,10.1886,5.6,,19.0,18.6,0.17,18.1,0.057,1.44,icon_d2
2026-09-04,W0655,52.6266,10.2182,5.2,,18.9,18.6,0.17,18.1,0.057,1.46,icon_d2
2026-09-04,W0656,52.6266,10.2477,5.2,,18.9,18.6,0.17,18.1,0.057,1.5,icon_d2
2026-09-04,W0657,52.6266,10.2772,6.4,,18.8,18.6,0.17,18.1,0.057,1.62,icon_d2
2026-09-04,W1621,52.63559,10.29217,6.4,,18.8,18.6,0.17,18.1,0.057,1.62,icon_d2
2026-09-04,W1622,52.63559,10.32173,6.1,,18.7,18.3,0.167,17.9,0.067,1.59,icon_d2
2026-09-04,W0658,52.6266,10.3658,5.9,,18.7,18.4,0.173,17.8,0.06,1.51,icon_d2
2026-09-04,W0659,52.6266,10.3954,5.1,,18.7,18.4,0.173,17.8,0.06,1.5,icon_d2
2026-09-04,W0660,52.6266,10.4249,5.6,,18.7,18.4,0.173,17.8,0.06,1.5,icon_d2
2026-09-04,W0661,52.6266,10.4545,5.0,,18.6,18.4,0.173,17.8,0.06,1.46,icon_d2
2026-09-04,W0662,52.6266,10.484,4.5,,18.7,18.4,0.173,17.8,0.06,1.5,icon_d2
2026-09-04,W0663,52.6266,10.5135,4.5,,18.7,18.4,0.148,17.6,0.051,1.49,icon_d2
2026-09-04,W1623,52.63559,10.52868,6.0,,18.7,18.4,0.148,17.6,0.051,1.48,icon_d2
2026-09-04,W0664,52.6266,10.5726,4.3,,18.7,18.4,0.148,17.6,0.051,1.64,icon_d2
2026-09-04,W0665,52.6266,10.6021,4.5,,18.9,18.4,0.148,17.6,0.051,1.65,icon_d2
2026-09-04,W0666,52.6266,10.6317,4.4,,18.9,18.4,0.148,17.6,0.051,1.57,icon_d2
2026-09-04,W0667,52.6266,10.6612,4.4,,18.8,18.4,0.148,17.6,0.051,1.57,icon_d2
2026-09-04,W0668,52.6266,10.6908,4.3,,18.8,18.8,0.151,18.2,0.072,1.44,icon_d2
2026-09-04,W0669,52.6266,10.7203,4.2,,18.6,18.8,0.151,18.2,0.072,1.4,icon_d2
2026-09-04,W0670,52.6266,10.7498,4.1,,18.7,18.8,0.151,18.2,0.072,1.42,icon_d2
2026-09-04,W0671,52.6266,10.7794,3.9,,18.7,18.8,0.151,18.2,0.072,1.45,icon_d2
2026-09-04,W0672,52.6266,10.8089,3.8,,18.8,18.8,0.151,18.2,0.072,1.44,icon_d2
2026-09-04,W0673,52.6266,10.8384,3.7,,18.6,18.8,0.189,18.1,0.148,1.5,icon_d2
2026-09-04,W0674,52.6266,10.868,3.6,,18.9,18.8,0.189,18.1,0.148,1.69,icon_d2
2026-09-04,W1624,52.63559,10.88345,3.8,,19.0,18.8,0.189,18.1,0.148,1.71,icon_d2
2026-09-04,W1625,52.63559,10.91302,3.7,,18.9,18.8,0.189,18.1,0.148,1.78,icon_d2
2026-09-04,W0675,52.6266,10.9566,3.5,,18.8,18.8,0.189,18.1,0.148,1.6,icon_d2
2026-09-04,W0676,52.6266,10.9861,3.5,,18.8,18.8,0.189,18.1,0.148,1.6,icon_d2
2026-09-04,W0677,52.6266,11.0157,3.6,,18.8,19.1,0.192,18.5,0.149,1.57,icon_d2
2026-09-04,W0678,52.6266,11.0452,3.5,,18.9,19.1,0.192,18.5,0.149,1.64,icon_d2
2026-09-04,W1626,52.63559,11.06084,4.0,,19.1,19.1,0.192,18.5,0.149,1.72,icon_d2
2026-09-04,W0679,52.6266,11.1043,3.0,,18.8,19.1,0.192,18.5,0.149,1.73,icon_d2
2026-09-04,W0680,52.6266,11.1338,2.9,,19.0,19.1,0.192,18.5,0.149,1.7,icon_d2
2026-09-04,W1627,52.63559,11.14953,2.9,,19.1,19.1,0.192,18.5,0.149,1.75,icon_d2
2026-09-04,W0707,52.6626,10.1,5.8,,18.9,18.3,0.171,17.8,0.079,1.52,icon_d2
2026-09-04,W0709,52.6626,10.1591,6.1,,18.9,18.3,0.171,17.8,0.079,1.46,icon_d2
2026-09-04,W0710,52.6626,10.1886,6.3,,18.9,18.6,0.17,18.1,0.057,1.49,icon_d2
2026-09-04,W0711,52.6626,10.2182,6.8,,18.8,18.6,0.17,18.1,0.057,1.47,icon_d2
2026-09-04,W1628,52.6536,10.23304,6.8,,18.7,18.6,0.17,18.1,0.057,1.46,icon_d2
2026-09-04,W0712,52.6626,10.2772,6.9,,18.7,18.3,0.167,17.9,0.067,1.51,icon_d2
2026-09-04,W0684,52.6446,10.3068,6.4,,18.8,18.3,0.167,17.9,0.067,1.62,icon_d2
2026-09-04,W0713,52.6626,10.3363,7.4,,18.6,18.3,0.167,17.9,0.067,1.52,icon_d2
2026-09-04,W0714,52.6626,10.3658,7.4,,18.6,18.4,0.173,17.8,0.06,1.52,icon_d2
2026-09-04,W0715,52.6626,10.3954,6.5,,18.6,18.2,0.161,17.7,0.059,1.42,icon_d2
2026-09-04,W0716,52.6626,10.4249,6.5,,18.5,18.2,0.161,17.7,0.059,1.42,icon_d2
2026-09-04,W0717,52.6626,10.4545,6.5,,18.4,18.2,0.161,17.7,0.059,1.45,icon_d2
2026-09-04,W1629,52.6536,10.46955,6.5,,18.5,18.2,0.161,17.7,0.059,1.45,icon_d2
2026-09-04,W0718,52.6626,10.5135,6.3,,18.4,18.4,0.148,17.6,0.051,1.41,icon_d2
2026-09-04,W0719,52.6626,10.5431,6.4,,18.5,18.4,0.148,17.6,0.051,1.41,icon_d2
2026-09-04,W0720,52.6626,10.5726,6.6,,18.6,18.4,0.115,17.5,0.059,1.39,icon_d2
2026-09-04,W0721,52.6626,10.6021,6.2,,18.7,18.4,0.115,17.5,0.059,1.44,icon_d2
2026-09-04,W0722,52.6626,10.6317,5.9,,18.8,18.4,0.115,17.5,0.059,1.51,icon_d2
2026-09-04,W0723,52.6626,10.6612,5.9,,18.7,18.4,0.115,17.5,0.059,1.48,icon_d2
2026-09-04,W0724,52.6626,10.6908,5.7,,18.7,18.8,0.151,18.2,0.072,1.43,icon_d2
2026-09-04,W0725,52.6626,10.7203,6.0,,18.5,18.8,0.151,18.2,0.072,1.4,icon_d2
2026-09-04,W0726,52.6626,10.7498,5.8,,18.5,18.5,0.124,17.7,0.051,1.44,icon_d2
2026-09-04,W0727,52.6626,10.7794,5.8,,18.5,18.5,0.124,17.7,0.051,1.45,icon_d2
2026-09-04,W0728,52.6626,10.8089,5.4,,18.7,18.5,0.124,17.7,0.051,1.63,icon_d2
2026-09-04,W0729,52.6626,10.8384,5.1,,18.7,18.5,0.124,17.7,0.051,1.69,icon_d2
2026-09-04,W0730,52.6626,10.868,4.8,,18.9,18.8,0.189,18.1,0.148,1.71,icon_d2
2026-09-04,W0731,52.6626,10.8975,4.6,,18.8,19.0,0.171,18.4,0.119,1.69,icon_d2
2026-09-04,W0732,52.6626,10.9271,4.5,,18.7,19.0,0.171,18.4,0.119,1.67,icon_d2
2026-09-04,W0733,52.6626,10.9566,4.2,,18.7,19.0,0.171,18.4,0.119,1.65,icon_d2
2026-09-04,W0734,52.6626,10.9861,4.5,,18.7,19.0,0.171,18.4,0.119,1.67,icon_d2
2026-09-04,W0735,52.6626,11.0157,4.2,,18.9,19.1,0.192,18.5,0.149,1.64,icon_d2
2026-09-04,W0736,52.6626,11.0452,4.6,,18.8,19.1,0.192,18.5,0.149,1.72,icon_d2
2026-09-04,W0737,52.6626,11.0747,4.7,,19.2,19.5,0.137,19.1,0.149,1.85,icon_d2
2026-09-04,W0705,52.6446,11.1043,3.2,,19.1,19.1,0.192,18.5,0.149,1.78,icon_d2
2026-09-04,W0738,52.6626,11.1338,4.6,,19.2,19.5,0.137,19.1,0.149,1.71,icon_d2
2026-09-04,W1630,52.6536,11.14953,4.6,,19.0,19.5,0.137,19.1,0.149,1.7,icon_d2
2026-09-04,W0740,52.6806,10.1295,5.7,,18.8,18.3,0.171,17.8,0.079,1.46,icon_d2
2026-09-04,W0741,52.6806,10.1591,5.9,,18.8,18.3,0.171,17.8,0.079,1.43,icon_d2
2026-09-04,W0742,52.6806,10.1886,5.9,,18.9,18.3,0.167,17.9,0.067,1.44,icon_d2
2026-09-04,W0743,52.6806,10.2182,5.9,,18.7,18.3,0.167,17.9,0.067,1.4,icon_d2
2026-09-04,W0744,52.6806,10.2477,5.5,,18.7,18.3,0.167,17.9,0.067,1.4,icon_d2
2026-09-04,W0745,52.6806,10.2772,5.5,,18.7,18.3,0.167,17.9,0.067,1.42,icon_d2
2026-09-04,W0746,52.6806,10.3068,6.0,,18.7,18.3,0.167,17.9,0.067,1.48,icon_d2
2026-09-04,W1631,52.67162,10.32173,6.0,,18.7,18.3,0.167,17.9,0.067,1.48,icon_d2
2026-09-04,W0747,52.6806,10.3658,6.0,,18.6,18.2,0.161,17.7,0.059,1.5,icon_d2
2026-09-04,W0748,52.6806,10.3954,5.8,,18.7,18.2,0.161,17.7,0.059,1.47,icon_d2
2026-09-04,W0749,52.6806,10.4249,5.9,,18.5,18.2,0.161,17.7,0.059,1.41,icon_d2
2026-09-04,W0750,52.6806,10.4545,5.5,,18.4,18.2,0.161,17.7,0.059,1.36,icon_d2
2026-09-04,W0751,52.6806,10.484,5.5,,18.4,18.2,0.161,17.7,0.059,1.36,icon_d2
2026-09-04,W0752,52.6806,10.5135,5.4,,18.3,18.2,0.161,17.7,0.059,1.39,icon_d2
2026-09-04,W1632,52.67162,10.52868,5.4,,18.4,18.4,0.115,17.5,0.059,1.4,icon_d2
2026-09-04,W0753,52.6806,10.5726,5.5,,18.4,18.4,0.115,17.5,0.059,1.36,icon_d2
2026-09-04,W0754,52.6806,10.6021,5.5,,18.6,18.4,0.115,17.5,0.059,1.38,icon_d2
2026-09-04,W0755,52.6806,10.6317,5.8,,18.6,18.4,0.115,17.5,0.059,1.42,icon_d2
2026-09-04,W0756,52.6806,10.6612,5.8,,18.6,18.4,0.115,17.5,0.059,1.42,icon_d2
2026-09-04,W0757,52.6806,10.6908,5.6,,18.7,18.5,0.124,17.7,0.051,1.49,icon_d2
2026-09-04,W0758,52.6806,10.7203,6.0,,18.6,18.5,0.124,17.7,0.051,1.41,icon_d2
2026-09-04,W0759,52.6806,10.7498,5.8,,18.6,18.5,0.124,17.7,0.051,1.44,icon_d2
2026-09-04,W0760,52.6806,10.7794,5.4,,18.5,18.5,0.124,17.7,0.051,1.56,icon_d2
2026-09-04,W0761,52.6806,10.8089,5.5,,18.6,18.5,0.124,17.7,0.051,1.63,icon_d2
2026-09-04,W1633,52.67162,10.82432,5.2,,18.7,18.5,0.124,17.7,0.051,1.7,icon_d2
2026-09-04,W1634,52.67162,10.85389,4.8,,18.7,18.8,0.189,18.1,0.148,1.7,icon_d2
2026-09-04,W0762,52.6806,10.8975,5.0,,18.7,19.0,0.171,18.4,0.119,1.73,icon_d2
2026-09-04,W0763,52.6806,10.9271,4.6,,18.7,19.0,0.171,18.4,0.119,1.74,icon_d2
2026-09-04,W0764,52.6806,10.9566,4.8,,18.8,19.0,0.171,18.4,0.119,1.65,icon_d2
2026-09-04,W0765,52.6806,10.9861,4.6,,18.8,19.0,0.171,18.4,0.119,1.64,icon_d2
2026-09-04,W1635,52.67162,11.00171,5.0,,19.1,19.0,0.171,18.4,0.119,1.8,icon_d2
2026-09-04,W0766,52.6806,11.0452,5.0,,19.3,19.5,0.137,19.1,0.149,1.87,icon_d2
2026-09-04,W1636,52.67162,11.06084,5.0,,19.2,19.5,0.137,19.1,0.149,1.86,icon_d2
2026-09-04,W1637,52.67162,11.0904,4.4,,19.1,19.5,0.137,19.1,0.149,1.77,icon_d2
2026-09-04,W1638,52.67162,11.11997,4.4,,19.1,19.5,0.137,19.1,0.149,1.77,icon_d2
2026-09-04,W1639,52.67162,11.14953,4.6,,19.0,19.5,0.137,19.1,0.149,1.68,icon_d2
2026-09-04,W0768,52.6986,10.1295,6.3,,18.8,18.3,0.171,17.8,0.079,1.42,icon_d2
2026-09-04,W0769,52.6986,10.1591,6.0,,18.8,18.3,0.171,17.8,0.079,1.41,icon_d2
2026-09-04,W0770,52.6986,10.1886,5.8,,18.8,18.3,0.167,17.9,0.067,1.4,icon_d2
2026-09-04,W0771,52.6986,10.2182,6.6,,18.8,18.3,0.167,17.9,0.067,1.47,icon_d2
2026-09-04,W0772,52.6986,10.2477,6.4,,18.7,18.3,0.167,17.9,0.067,1.45,icon_d2
2026-09-04,W0773,52.6986,10.2772,6.0,,18.5,18.3,0.167,17.9,0.067,1.4,icon_d2
2026-09-04,W0774,52.6986,10.3068,6.0,,18.7,18.3,0.167,17.9,0.067,1.41,icon_d2
2026-09-04,W1640,52.68964,10.32173,6.0,,18.7,18.3,0.167,17.9,0.067,1.48,icon_d2
2026-09-04,W0775,52.6986,10.3658,6.0,,18.6,18.2,0.161,17.7,0.059,1.43,icon_d2
2026-09-04,W0776,52.6986,10.3954,5.6,,18.5,18.2,0.161,17.7,0.059,1.43,icon_d2
2026-09-04,W0777,52.6986,10.4249,5.6,,18.5,18.2,0.161,17.7,0.059,1.43,icon_d2
2026-09-04,W0778,52.6986,10.4545,5.7,,18.5,18.2,0.161,17.7,0.059,1.37,icon_d2
2026-09-04,W0779,52.6986,10.484,5.7,,18.4,18.2,0.161,17.7,0.059,1.37,icon_d2
2026-09-04,W0780,52.6986,10.5135,5.4,,18.3,18.2,0.161,17.7,0.059,1.38,icon_d2
2026-09-04,W0781,52.6986,10.5431,6.1,,18.4,18.4,0.115,17.5,0.059,1.38,icon_d2
2026-09-04,W0782,52.6986,10.5726,6.1,,18.3,18.4,0.115,17.5,0.059,1.42,icon_d2
2026-09-04,W0783,52.6986,10.6021,6.0,,18.4,18.4,0.115,17.5,0.059,1.38,icon_d2
2026-09-04,W0784,52.6986,10.6317,5.6,,18.6,18.4,0.115,17.5,0.059,1.46,icon_d2
2026-09-04,W0785,52.6986,10.6612,5.6,,18.6,18.4,0.115,17.5,0.059,1.46,icon_d2
2026-09-04,W1641,52.68964,10.6765,5.6,,18.7,18.4,0.115,17.5,0.059,1.49,icon_d2
2026-09-04,W0786,52.6986,10.7203,5.5,,18.5,18.5,0.124,17.7,0.051,1.58,icon_d2
2026-09-04,W1642,52.68964,10.73563,5.8,,18.5,18.5,0.124,17.7,0.051,1.44,icon_d2
2026-09-04,W1643,52.68964,10.76519,5.8,,18.6,18.5,0.124,17.7,0.051,1.44,icon_d2
2026-09-04,W1644,52.68964,10.79476,5.5,,18.6,18.5,0.124,17.7,0.051,1.63,icon_d2
2026-09-04,W0787,52.6986,10.8384,5.1,,18.7,18.5,0.124,17.7,0.051,1.67,icon_d2
2026-09-04,W0788,52.6986,10.868,4.4,,18.5,19.0,0.171,18.4,0.119,1.59,icon_d2
2026-09-04,W0789,52.6986,10.8975,4.3,,18.7,19.0,0.171,18.4,0.119,1.73,icon_d2
2026-09-04,W0790,52.6986,10.9271,4.3,,18.6,19.0,0.171,18.4,0.119,1.72,icon_d2
2026-09-04,W0791,52.6986,10.9566,4.3,,18.8,19.0,0.171,18.4,0.119,1.74,icon_d2
2026-09-04,W0792,52.6986,10.9861,4.3,,19.1,19.0,0.171,18.4,0.119,1.75,icon_d2
2026-09-04,W1645,52.68964,11.00171,5.0,,19.2,19.0,0.171,18.4,0.119,1.8,icon_d2
2026-09-04,W0793,52.6986,11.0452,4.3,,19.1,19.5,0.137,19.1,0.149,1.86,icon_d2
2026-09-04,W0794,52.6986,11.0747,4.4,,19.2,19.5,0.137,19.1,0.149,1.8,icon_d2
2026-09-04,W0795,52.6986,11.1043,4.4,,19.2,19.5,0.137,19.1,0.149,1.8,icon_d2
2026-09-04,W0796,52.6986,11.1338,4.4,,19.1,19.5,0.137,19.1,0.149,1.73,icon_d2
2026-09-04,W1646,52.68964,11.14953,4.6,,19.1,19.5,0.137,19.1,0.149,1.69,icon_d2
2026-09-04,W1647,52.70766,10.11478,6.3,,18.8,18.3,0.171,17.8,0.079,1.42,icon_d2
2026-09-04,W1648,52.70766,10.14435,6.0,,18.7,18.3,0.171,17.8,0.079,1.4,icon_d2
2026-09-04,W1649,52.70766,10.17391,5.8,,18.7,18.2,0.193,17.8,0.101,1.4,icon_d2
2026-09-04,W1650,52.70766,10.20347,6.6,,18.8,18.3,0.167,17.9,0.067,1.4,icon_d2
2026-09-04,W1651,52.70766,10.23304,6.4,,18.7,18.3,0.167,17.9,0.067,1.44,icon_d2
2026-09-04,W1652,52.70766,10.2626,6.4,,18.6,18.3,0.167,17.9,0.067,1.44,icon_d2
2026-09-04,W1653,52.70766,10.29217,6.0,,18.6,18.3,0.167,17.9,0.067,1.41,icon_d2
2026-09-04,W1654,52.70766,10.32173,6.2,,18.7,18.3,0.167,17.9,0.067,1.45,icon_d2
2026-09-04,W1655,52.70766,10.3513,6.0,,18.6,18.2,0.161,17.7,0.059,1.44,icon_d2
2026-09-04,W1656,52.70766,10.38086,5.7,,18.6,18.2,0.161,17.7,0.059,1.45,icon_d2
2026-09-04,W1657,52.70766,10.41042,5.6,,18.5,18.2,0.161,17.7,0.059,1.43,icon_d2
2026-09-04,W1658,52.70766,10.43999,5.6,,18.5,18.2,0.161,17.7,0.059,1.39,icon_d2
2026-09-04,W1659,52.70766,10.46955,5.7,,18.5,18.2,0.161,17.7,0.059,1.37,icon_d2
2026-09-04,W1660,52.70766,10.49912,5.4,,18.4,18.2,0.163,17.8,0.066,1.38,icon_d2
2026-09-04,W1661,52.70766,10.52868,5.4,,18.3,18.4,0.115,17.5,0.059,1.37,icon_d2
2026-09-04,W1662,52.70766,10.55825,6.1,,18.2,18.4,0.115,17.5,0.059,1.37,icon_d2
2026-09-04,W1663,52.70766,10.58781,6.1,,18.3,18.4,0.115,17.5,0.059,1.42,icon_d2
2026-09-04,W1664,52.70766,10.61737,6.0,,18.4,18.4,0.115,17.5,0.059,1.38,icon_d2
2026-09-04,W1665,52.70766,10.64694,5.6,,18.6,18.4,0.115,17.5,0.059,1.45,icon_d2
2026-09-04,W1666,52.70766,10.6765,5.6,,18.6,18.5,0.089,17.5,0.043,1.54,icon_d2
2026-09-04,W1667,52.70766,10.70607,5.6,,18.6,18.5,0.124,17.7,0.051,1.54,icon_d2
2026-09-04,W1668,52.70766,10.73563,5.5,,18.5,18.5,0.124,17.7,0.051,1.58,icon_d2
2026-09-04,W1669,52.70766,10.76519,5.3,,18.6,18.5,0.124,17.7,0.051,1.62,icon_d2
2026-09-04,W1670,52.70766,10.79476,5.5,,18.7,18.5,0.124,17.7,0.051,1.63,icon_d2
2026-09-04,W1671,52.70766,10.82432,5.1,,18.7,18.5,0.124,17.7,0.051,1.67,icon_d2
2026-09-04,W1672,52.70766,10.85389,4.4,,18.6,19.0,0.171,18.4,0.119,1.59,icon_d2
2026-09-04,W1673,52.70766,10.88345,4.4,,18.5,19.0,0.171,18.4,0.119,1.59,icon_d2
2026-09-04,W1674,52.70766,10.91302,4.3,,18.7,19.0,0.171,18.4,0.119,1.73,icon_d2
2026-09-04,W1675,52.70766,10.94258,3.9,,18.8,19.0,0.171,18.4,0.119,1.76,icon_d2
2026-09-04,W1676,52.70766,10.97214,4.3,,19.0,19.0,0.171,18.4,0.119,1.75,icon_d2
2026-09-04,W1677,52.70766,11.00171,4.0,,19.1,19.1,0.134,18.7,0.129,1.85,icon_d2
2026-09-04,W1678,52.70766,11.03127,4.3,,19.2,19.5,0.137,19.1,0.149,1.87,icon_d2
2026-09-04,W1679,52.70766,11.06084,4.5,,19.3,19.5,0.137,19.1,0.149,1.84,icon_d2
2026-09-04,W1680,52.70766,11.0904,4.4,,19.2,19.5,0.137,19.1,0.149,1.8,icon_d2
2026-09-04,W1681,52.70766,11.11997,4.4,,19.3,19.5,0.137,19.1,0.149,1.74,icon_d2
2026-09-04,W1682,52.70766,11.14953,4.4,,19.2,19.5,0.137,19.1,0.149,1.73,icon_d2
2026-09-04,W0798,52.7167,10.1295,7.1,,18.7,18.3,0.171,17.8,0.079,1.36,icon_d2
2026-09-04,W0799,52.7167,10.1591,7.1,,18.7,18.2,0.193,17.8,0.101,1.41,icon_d2
2026-09-04,W0800,52.7167,10.1886,7.1,,18.7,18.3,0.167,17.9,0.067,1.4,icon_d2
2026-09-04,W0801,52.7167,10.2182,6.6,,18.7,18.3,0.167,17.9,0.067,1.47,icon_d2
2026-09-04,W0802,52.7167,10.2477,6.6,,18.7,18.3,0.167,17.9,0.067,1.47,icon_d2
2026-09-04,W0803,52.7167,10.2772,6.9,,18.6,18.3,0.167,17.9,0.067,1.46,icon_d2
2026-09-04,W0804,52.7167,10.3068,7.1,,18.6,18.1,0.182,17.7,0.085,1.38,icon_d2
2026-09-04,W0805,52.7167,10.3363,7.0,,18.6,18.1,0.182,17.7,0.085,1.4,icon_d2
2026-09-04,W0806,52.7167,10.3658,6.8,,18.6,18.2,0.161,17.7,0.059,1.4,icon_d2
2026-09-04,W0807,52.7167,10.3954,6.9,,18.4,18.2,0.161,17.7,0.059,1.39,icon_d2
2026-09-04,W0808,52.7167,10.4249,6.6,,18.4,18.2,0.161,17.7,0.059,1.39,icon_d2
2026-09-04,W0809,52.7167,10.4545,6.4,,18.4,18.2,0.161,17.7,0.059,1.36,icon_d2
2026-09-04,W0810,52.7167,10.484,6.6,,18.3,18.2,0.163,17.8,0.066,1.38,icon_d2
2026-09-04,W0811,52.7167,10.5135,6.4,,18.3,18.2,0.163,17.8,0.066,1.41,icon_d2
2026-09-04,W0812,52.7167,10.5431,6.4,,18.3,18.4,0.115,17.5,0.059,1.42,icon_d2
2026-09-04,W0813,52.7167,10.5726,6.1,,18.2,18.4,0.115,17.5,0.059,1.41,icon_d2
2026-09-04,W0814,52.7167,10.6021,5.9,,18.2,18.4,0.115,17.5,0.059,1.5,icon_d2
2026-09-04,W1683,52.72568,10.61737,5.9,,18.5,18.5,0.089,17.5,0.043,1.61,icon_d2
2026-09-04,W0815,52.7167,10.6612,5.6,,18.6,18.5,0.089,17.5,0.043,1.61,icon_d2
2026-09-04,W0816,52.7167,10.6908,5.3,,18.6,18.5,0.124,17.7,0.051,1.64,icon_d2
2026-09-04,W1684,52.72568,10.70607,5.3,,18.6,18.5,0.124,17.7,0.051,1.63,icon_d2
2026-09-04,W1685,52.72568,10.73563,5.3,,18.5,18.5,0.124,17.7,0.051,1.59,icon_d2
2026-09-04,W1686,52.72568,10.76519,4.9,,18.5,18.5,0.124,17.7,0.051,1.6,icon_d2
2026-09-04,W0817,52.7167,10.8089,4.6,,18.4,18.8,0.078,17.8,0.051,1.6,icon_d2
2026-09-04,W0818,52.7167,10.8384,4.3,,18.6,18.8,0.078,17.8,0.051,1.61,icon_d2
2026-09-04,W0819,52.7167,10.868,4.3,,18.6,19.0,0.171,18.4,0.119,1.61,icon_d2
2026-09-04,W0820,52.7167,10.8975,4.0,,18.8,19.0,0.171,18.4,0.119,1.68,icon_d2
2026-09-04,W0821,52.7167,10.9271,3.4,,18.8,19.0,0.171,18.4,0.119,1.75,icon_d2
2026-09-04,W1687,52.72568,10.94258,3.4,,18.9,19.1,0.134,18.7,0.129,1.84,icon_d2
2026-09-04,W1688,52.72568,10.97214,3.5,,19.0,19.1,0.134,18.7,0.129,1.87,icon_d2
2026-09-04,W1689,52.72568,11.00171,3.5,,19.1,19.1,0.134,18.7,0.129,1.87,icon_d2
2026-09-04,W1690,52.72568,11.03127,3.5,,19.2,19.5,0.137,19.1,0.149,1.9,icon_d2
2026-09-04,W0822,52.7167,11.0747,3.6,,19.3,19.5,0.137,19.1,0.149,1.86,icon_d2
2026-09-04,W1691,52.72568,11.0904,3.8,,19.3,19.5,0.137,19.1,0.149,1.79,icon_d2
2026-09-04,W0823,52.7167,11.1338,4.1,,19.2,19.5,0.137,19.1,0.149,1.73,icon_d2
2026-09-04,W1692,52.72568,11.14953,4.1,,19.2,19.4,0.139,18.9,0.119,1.73,icon_d2
2026-09-04,W0825,52.7347,10.1295,7.3,,18.7,18.2,0.193,17.8,0.101,1.37,icon_d2
2026-09-04,W0826,52.7347,10.1591,7.5,,18.6,18.2,0.193,17.8,0.101,1.42,icon_d2
2026-09-04,W0827,52.7347,10.1886,7.1,,18.7,18.2,0.193,17.8,0.101,1.44,icon_d2
2026-09-04,W0828,52.7347,10.2182,7.1,,18.6,18.3,0.167,17.9,0.067,1.51,icon_d2
2026-09-04,W0829,52.7347,10.2477,6.9,,18.6,18.1,0.182,17.7,0.085,1.54,icon_d2
2026-09-04,W0860,52.7527,10.2772,6.9,,18.4,18.1,0.182,17.7,0.085,1.35,icon_d2
2026-09-04,W0830,52.7347,10.3068,7.1,,18.5,18.1,0.182,17.7,0.085,1.38,icon_d2
2026-09-04,W0831,52.7347,10.3363,6.6,,18.6,18.1,0.182,17.7,0.085,1.35,icon_d2
2026-09-04,W0832,52.7347,10.3658,6.6,,18.6,18.2,0.161,17.7,0.059,1.35,icon_d2
2026-09-04,W0833,52.7347,10.3954,6.7,,18.3,18.2,0.161,17.7,0.059,1.36,icon_d2
2026-09-04,W0834,52.7347,10.4249,6.4,,18.2,18.2,0.163,17.8,0.066,1.37,icon_d2
2026-09-04,W0835,52.7347,10.4545,6.6,,18.4,18.2,0.163,17.8,0.066,1.35,icon_d2
2026-09-04,W0836,52.7347,10.484,6.5,,18.2,18.2,0.163,17.8,0.066,1.36,icon_d2
2026-09-04,W0837,52.7347,10.5135,6.3,,18.3,18.2,0.163,17.8,0.066,1.5,icon_d2
2026-09-04,W0838,52.7347,10.5431,6.4,,18.3,18.4,0.115,17.5,0.059,1.49,icon_d2
2026-09-04,W0839,52.7347,10.5726,6.1,,18.3,18.5,0.089,17.5,0.043,1.54,icon_d2
2026-09-04,W0840,52.7347,10.6021,5.8,,18.4,18.5,0.089,17.5,0.043,1.57,icon_d2
2026-09-04,W1694,52.74369,10.61737,5.8,,18.5,18.5,0.089,17.5,0.043,1.57,icon_d2
2026-09-04,W0841,52.7347,10.6612,5.1,,18.6,18.5,0.089,17.5,0.043,1.66,icon_d2
2026-09-04,W1695,52.74369,10.6765,5.1,,18.6,18.5,0.089,17.5,0.043,1.66,icon_d2
2026-09-04,W0872,52.7527,10.7203,3.4,,18.5,18.8,0.078,17.8,0.051,1.54,icon_d2
2026-09-04,W0873,52.7527,10.7498,3.4,,18.5,18.8,0.078,17.8,0.051,1.54,icon_d2
2026-09-04,W0874,52.7527,10.7794,3.3,,18.5,18.8,0.078,17.8,0.051,1.57,icon_d2
2026-09-04,W0842,52.7347,10.8089,3.9,,18.5,18.8,0.078,17.8,0.051,1.58,icon_d2
2026-09-04,W0843,52.7347,10.8384,3.6,,18.5,18.8,0.078,17.8,0.051,1.52,icon_d2
2026-09-04,W0844,52.7347,10.868,3.8,,18.4,19.0,0.171,18.4,0.119,1.54,icon_d2
2026-09-04,W0845,52.7347,10.8975,3.5,,18.9,19.0,0.171,18.4,0.119,1.69,icon_d2
2026-09-04,W0846,52.7347,10.9271,3.3,,18.9,19.1,0.134,18.7,0.129,1.81,icon_d2
2026-09-04,W0847,52.7347,10.9566,3.4,,19.0,19.1,0.134,18.7,0.129,1.8,icon_d2
2026-09-04,W0848,52.7347,10.9861,2.7,,18.9,19.1,0.134,18.7,0.129,1.6,icon_d2
2026-09-04,W0849,52.7347,11.0157,3.0,,19.1,19.1,0.134,18.7,0.129,1.65,icon_d2
2026-09-04,W0850,52.7347,11.0452,3.0,,19.0,19.5,0.137,19.1,0.149,1.65,icon_d2
2026-09-04,W0851,52.7347,11.0747,3.1,,19.3,19.5,0.137,19.1,0.149,1.86,icon_d2
2026-09-04,W0852,52.7347,11.1043,3.3,,19.3,19.4,0.139,18.9,0.119,1.84,icon_d2
2026-09-04,W0853,52.7347,11.1338,3.4,,19.3,19.4,0.139,18.9,0.119,1.86,icon_d2
2026-09-04,W1699,52.74369,11.14953,3.4,,19.3,19.4,0.139,18.9,0.119,1.86,icon_d2
2026-09-04,W0887,52.7707,10.1295,6.8,,18.6,18.2,0.193,17.8,0.101,1.35,icon_d2
2026-09-04,W0888,52.7707,10.1591,6.5,,18.4,18.2,0.193,17.8,0.101,1.35,icon_d2
2026-09-04,W0889,52.7707,10.1886,6.8,,18.4,18.2,0.193,17.8,0.101,1.33,icon_d2
2026-09-04,W0890,52.7707,10.2182,6.8,,18.4,18.1,0.182,17.7,0.085,1.31,icon_d2
2026-09-04,W0891,52.7707,10.2477,6.7,,18.5,18.1,0.182,17.7,0.085,1.33,icon_d2
2026-09-04,W0892,52.7707,10.2772,6.1,,18.4,18.1,0.182,17.7,0.085,1.33,icon_d2
2026-09-04,W0893,52.7707,10.3068,6.1,,18.3,18.1,0.182,17.7,0.085,1.33,icon_d2
2026-09-04,W0894,52.7707,10.3363,6.1,,18.3,18.1,0.182,17.7,0.085,1.29,icon_d2
2026-09-04,W0895,52.7707,10.3658,6.2,,18.3,18.2,0.163,17.8,0.066,1.3,icon_d2
2026-09-04,W0896,52.7707,10.3954,5.6,,18.2,18.2,0.163,17.8,0.066,1.35,icon_d2
2026-09-04,W0897,52.7707,10.4249,5.6,,18.2,18.2,0.163,17.8,0.066,1.35,icon_d2
2026-09-04,W0898,52.7707,10.4545,5.4,,18.3,18.2,0.163,17.8,0.066,1.4,icon_d2
2026-09-04,W0899,52.7707,10.484,5.1,,18.2,18.2,0.163,17.8,0.066,1.38,icon_d2
2026-09-04,W0900,52.7707,10.5135,5.2,,18.3,18.2,0.163,17.8,0.066,1.39,icon_d2
2026-09-04,W0901,52.7707,10.5431,4.7,,18.2,18.5,0.089,17.5,0.043,1.42,icon_d2
2026-09-04,W0902,52.7707,10.5726,4.6,,18.5,18.5,0.089,17.5,0.043,1.49,icon_d2
2026-09-04,W0903,52.7707,10.6021,4.6,,18.5,18.5,0.089,17.5,0.043,1.55,icon_d2
2026-09-04,W0904,52.7707,10.6317,4.3,,18.6,18.5,0.089,17.5,0.043,1.55,icon_d2
2026-09-04,W0905,52.7707,10.6612,4.2,,18.5,18.5,0.089,17.5,0.043,1.56,icon_d2
2026-09-04,W0906,52.7707,10.6908,3.7,,18.6,18.5,0.089,17.5,0.043,1.59,icon_d2
2026-09-04,W0907,52.7707,10.7203,3.4,,18.4,18.8,0.078,17.8,0.051,1.54,icon_d2
2026-09-04,W0908,52.7707,10.7498,3.4,,18.6,18.8,0.078,17.8,0.051,1.55,icon_d2
2026-09-04,W0909,52.7707,10.7794,3.1,,18.5,18.8,0.078,17.8,0.051,1.55,icon_d2
2026-09-04,W0910,52.7707,10.8089,2.7,,18.6,18.8,0.078,17.8,0.051,1.66,icon_d2
2026-09-04,W0911,52.7707,10.8384,2.7,,18.7,18.8,0.078,17.8,0.051,1.66,icon_d2
2026-09-04,W0912,52.7707,10.868,2.3,,18.8,18.8,0.078,17.8,0.051,1.66,icon_d2
2026-09-04,W0913,52.7707,10.8975,2.3,,18.8,19.1,0.134,18.7,0.129,1.71,icon_d2
2026-09-04,W0914,52.7707,10.9271,2.5,,19.1,19.1,0.134,18.7,0.129,1.72,icon_d2
2026-09-04,W0915,52.7707,10.9566,2.5,,19.0,19.1,0.134,18.7,0.129,1.72,icon_d2
2026-09-04,W0916,52.7707,10.9861,2.7,,18.9,19.1,0.134,18.7,0.129,1.74,icon_d2
2026-09-04,W0917,52.7707,11.0157,2.6,,19.1,19.1,0.134,18.7,0.129,1.63,icon_d2
2026-09-04,W0918,52.7707,11.0452,2.6,,19.0,19.4,0.139,18.9,0.119,1.66,icon_d2
2026-09-04,W1700,52.76171,11.06084,2.7,,19.1,19.4,0.139,18.9,0.119,1.66,icon_d2
2026-09-04,W1701,52.76171,11.0904,3.0,,19.2,19.4,0.139,18.9,0.119,1.81,icon_d2
2026-09-04,W1702,52.76171,11.11997,3.0,,19.2,19.4,0.139,18.9,0.119,1.81,icon_d2
2026-09-04,W1703,52.76171,11.14953,3.2,,19.1,19.4,0.139,18.9,0.119,1.83,icon_d2
2026-09-04,W0920,52.7887,10.1295,6.8,,18.6,18.2,0.193,17.8,0.101,1.35,icon_d2
2026-09-04,W0921,52.7887,10.1591,6.5,,18.4,18.1,0.167,17.7,0.065,1.35,icon_d2
2026-09-04,W0922,52.7887,10.1886,6.8,,18.3,18.1,0.167,17.7,0.065,1.32,icon_d2
2026-09-04,W0923,52.7887,10.2182,6.8,,18.2,18.1,0.182,17.7,0.085,1.31,icon_d2
2026-09-04,W0924,52.7887,10.2477,6.7,,18.3,18.1,0.182,17.7,0.085,1.32,icon_d2
2026-09-04,W0925,52.7887,10.2772,6.1,,18.4,18.1,0.182,17.7,0.085,1.33,icon_d2
2026-09-04,W0926,52.7887,10.3068,6.1,,18.3,18.1,0.182,17.7,0.085,1.33,icon_d2
2026-09-04,W0927,52.7887,10.3363,6.1,,18.2,18.1,0.169,17.6,0.076,1.29,icon_d2
2026-09-04,W0928,52.7887,10.3658,6.2,,18.2,18.1,0.169,17.6,0.076,1.3,icon_d2
2026-09-04,W0929,52.7887,10.3954,5.6,,18.2,18.2,0.163,17.8,0.066,1.35,icon_d2
2026-09-04,W0930,52.7887,10.4249,5.6,,18.2,18.2,0.163,17.8,0.066,1.35,icon_d2
2026-09-04,W0931,52.7887,10.4545,5.4,,18.2,18.2,0.163,17.8,0.066,1.4,icon_d2
2026-09-04,W0932,52.7887,10.484,5.1,,18.1,18.3,0.143,17.9,0.075,1.38,icon_d2
2026-09-04,W0933,52.7887,10.5135,5.2,,18.3,18.3,0.143,17.9,0.075,1.39,icon_d2
2026-09-04,W0934,52.7887,10.5431,4.7,,18.3,18.5,0.089,17.5,0.043,1.43,icon_d2
2026-09-04,W0935,52.7887,10.5726,4.6,,18.5,18.5,0.089,17.5,0.043,1.49,icon_d2
2026-09-04,W0936,52.7887,10.6021,4.6,,18.6,18.5,0.089,17.5,0.043,1.55,icon_d2
2026-09-04,W1704,52.77973,10.61737,4.3,,18.6,18.5,0.089,17.5,0.043,1.55,icon_d2
2026-09-04,W0937,52.7887,10.6612,4.2,,18.6,18.6,0.097,17.9,0.038,1.57,icon_d2
2026-09-04,W0938,52.7887,10.6908,3.7,,18.6,18.6,0.097,17.9,0.038,1.59,icon_d2
2026-09-04,W0939,52.7887,10.7203,3.4,,18.5,18.8,0.078,17.8,0.051,1.54,icon_d2
2026-09-04,W0940,52.7887,10.7498,3.4,,18.6,18.8,0.078,17.8,0.051,1.55,icon_d2
2026-09-04,W0941,52.7887,10.7794,3.1,,18.5,18.8,0.078,17.8,0.051,1.55,icon_d2
2026-09-04,W0942,52.7887,10.8089,2.7,,18.4,18.8,0.078,17.8,0.051,1.65,icon_d2
2026-09-04,W0943,52.7887,10.8384,2.7,,18.8,18.8,0.086,18.0,0.053,1.67,icon_d2
2026-09-04,W0944,52.7887,10.868,2.3,,18.9,18.8,0.086,18.0,0.053,1.67,icon_d2
2026-09-04,W0945,52.7887,10.8975,2.3,,19.0,19.1,0.134,18.7,0.129,1.72,icon_d2
2026-09-04,W0946,52.7887,10.9271,2.5,,18.9,19.1,0.134,18.7,0.129,1.71,icon_d2
2026-09-04,W0947,52.7887,10.9566,2.5,,18.9,19.1,0.134,18.7,0.129,1.71,icon_d2
2026-09-04,W1705,52.77973,10.97214,2.7,,19.1,19.1,0.134,18.7,0.129,1.76,icon_d2
2026-09-04,W0948,52.7887,11.0157,2.6,,19.2,19.3,0.139,18.8,0.132,1.64,icon_d2
2026-09-04,W0949,52.7887,11.0452,2.6,,19.2,19.3,0.139,18.8,0.132,1.67,icon_d2
2026-09-04,W0950,52.7887,11.0747,3.0,,19.0,19.4,0.139,18.9,0.119,1.69,icon_d2
2026-09-04,W0951,52.7887,11.1043,2.7,,19.1,19.4,0.139,18.9,0.119,1.62,icon_d2
2026-09-04,W0952,52.7887,11.1338,2.8,,19.1,19.4,0.139,18.9,0.119,1.79,icon_d2
2026-09-04,W1706,52.77973,11.14953,2.8,,19.1,19.4,0.139,18.9,0.119,1.8,icon_d2
2026-09-04,W1707,52.79775,10.11478,6.4,,18.6,18.1,0.167,17.7,0.065,1.33,icon_d2
2026-09-04,W1771,52.79775,10.14435,6.4,,18.4,18.1,0.167,17.7,0.065,1.32,icon_d2
2026-09-04,W1772,52.79775,10.17391,6.7,,18.2,18.1,0.167,17.7,0.065,1.32,icon_d2
2026-09-04,W1773,52.79775,10.20347,6.2,,18.2,18.1,0.167,17.7,0.065,1.27,icon_d2
2026-09-04,W1774,52.79775,10.23304,6.2,,18.2,18.1,0.182,17.7,0.085,1.28,icon_d2
2026-09-04,W1775,52.79775,10.2626,6.6,,18.3,18.1,0.182,17.7,0.085,1.27,icon_d2
2026-09-04,W1776,52.79775,10.29217,5.5,,18.4,18.1,0.169,17.6,0.076,1.32,icon_d2
2026-09-04,W1777,52.79775,10.32173,6.3,,18.2,18.1,0.169,17.6,0.076,1.3,icon_d2
2026-09-04,W1778,52.79775,10.3513,5.7,,18.0,18.1,0.169,17.6,0.076,1.3,icon_d2
2026-09-04,W1779,52.79775,10.38086,5.5,,18.2,18.2,0.163,17.8,0.066,1.33,icon_d2
2026-09-04,W1780,52.79775,10.41042,5.6,,18.1,18.2,0.163,17.8,0.066,1.32,icon_d2
2026-09-04,W1781,52.79775,10.43999,5.3,,18.0,18.2,0.163,17.8,0.066,1.36,icon_d2
2026-09-04,W1782,52.79775,10.46955,5.1,,18.1,18.3,0.143,17.9,0.075,1.38,icon_d2
2026-09-04,W1708,52.79775,10.49912,5.1,,18.2,18.3,0.143,17.9,0.075,1.4,icon_d2
2026-09-04,W1709,52.79775,10.52868,4.9,,18.3,18.3,0.143,17.9,0.075,1.43,icon_d2
2026-09-04,W1710,52.79775,10.55825,4.2,,18.4,18.5,0.089,17.5,0.043,1.51,icon_d2
2026-09-04,W1711,52.79775,10.58781,4.2,,18.5,18.5,0.089,17.5,0.043,1.48,icon_d2
2026-09-04,W1712,52.79775,10.61737,4.0,,18.7,18.6,0.097,17.9,0.038,1.59,icon_d2
2026-09-04,W1713,52.79775,10.64694,4.0,,18.7,18.6,0.097,17.9,0.038,1.59,icon_d2
2026-09-04,W1714,52.79775,10.6765,3.5,,18.7,18.6,0.097,17.9,0.038,1.66,icon_d2
2026-09-04,W1715,52.79775,10.70607,3.1,,18.6,18.6,0.097,17.9,0.038,1.64,icon_d2
2026-09-04,W1716,52.79775,10.73563,2.5,,18.6,18.8,0.078,17.8,0.051,1.52,icon_d2
2026-09-04,W1717,52.79775,10.76519,2.5,,18.6,18.8,0.078,17.8,0.051,1.52,icon_d2
2026-09-04,W1783,52.79775,10.79476,2.4,,18.4,18.8,0.086,18.0,0.053,1.51,icon_d2
2026-09-04,W1718,52.79775,10.82432,2.4,,18.6,18.8,0.086,18.0,0.053,1.51,icon_d2
2026-09-04,W1719,52.79775,10.85389,2.1,,18.8,18.8,0.086,18.0,0.053,1.74,icon_d2
2026-09-04,W1720,52.79775,10.88345,2.2,,18.8,19.1,0.134,18.7,0.129,1.8,icon_d2
2026-09-04,W1721,52.79775,10.91302,1.7,,18.9,19.1,0.134,18.7,0.129,1.83,icon_d2
2026-09-04,W1722,52.79775,10.94258,1.9,,18.9,19.1,0.134,18.7,0.129,1.81,icon_d2
2026-09-04,W1723,52.79775,10.97214,1.9,,19.0,19.3,0.139,18.8,0.132,1.83,icon_d2
2026-09-04,W1724,52.79775,11.00171,2.2,,19.0,19.3,0.139,18.8,0.132,1.8,icon_d2
2026-09-04,W1725,52.79775,11.03127,2.4,,19.2,19.3,0.139,18.8,0.132,1.76,icon_d2
2026-09-04,W1726,52.79775,11.06084,2.3,,19.0,19.4,0.139,18.9,0.119,1.71,icon_d2
2026-09-04,W1727,52.79775,11.0904,2.6,,19.1,19.4,0.139,18.9,0.119,1.67,icon_d2
2026-09-04,W1728,52.79775,11.11997,2.6,,19.1,19.4,0.139,18.9,0.119,1.67,icon_d2
2026-09-04,W1729,52.79775,11.14953,2.6,,19.2,19.8,0.114,19.3,0.131,1.67,icon_d2
2026-09-04,W0954,52.8068,10.1295,6.4,,18.5,18.1,0.167,17.7,0.065,1.33,icon_d2
2026-09-04,W0955,52.8068,10.1591,6.7,,18.2,18.1,0.167,17.7,0.065,1.32,icon_d2
2026-09-04,W0956,52.8068,10.1886,6.7,,18.2,18.1,0.167,17.7,0.065,1.32,icon_d2
2026-09-04,W0957,52.8068,10.2182,6.2,,18.4,18.1,0.182,17.7,0.085,1.28,icon_d2
2026-09-04,W0958,52.8068,10.2477,6.2,,18.2,18.1,0.169,17.6,0.076,1.28,icon_d2
2026-09-04,W0959,52.8068,10.2772,6.6,,18.3,18.1,0.169,17.6,0.076,1.27,icon_d2
2026-09-04,W0960,52.8068,10.3068,5.5,,18.2,18.1,0.169,17.6,0.076,1.31,icon_d2
2026-09-04,W0961,52.8068,10.3363,6.0,,18.1,18.1,0.169,17.6,0.076,1.3,icon_d2
2026-09-04,W0962,52.8068,10.3658,5.7,,18.0,18.1,0.169,17.6,0.076,1.3,icon_d2
2026-09-04,W0963,52.8068,10.3954,5.5,,18.1,18.2,0.163,17.8,0.066,1.32,icon_d2
2026-09-04,W0964,52.8068,10.4249,5.6,,18.1,18.3,0.143,17.9,0.075,1.32,icon_d2
2026-09-04,W0965,52.8068,10.4545,5.1,,18.1,18.3,0.143,17.9,0.075,1.38,icon_d2
2026-09-04,W0966,52.8068,10.484,5.1,,18.0,18.3,0.143,17.9,0.075,1.4,icon_d2
2026-09-04,W0967,52.8068,10.5135,4.9,,18.4,18.3,0.143,17.9,0.075,1.43,icon_d2
2026-09-04,W0968,52.8068,10.5431,4.5,,18.5,18.3,0.143,17.9,0.075,1.53,icon_d2
2026-09-04,W0969,52.8068,10.5726,4.2,,18.6,18.5,0.089,17.5,0.043,1.49,icon_d2
2026-09-04,W0970,52.8068,10.6021,4.2,,18.6,18.6,0.097,17.9,0.038,1.49,icon_d2
2026-09-04,W0971,52.8068,10.6317,4.0,,18.6,18.6,0.097,17.9,0.038,1.59,icon_d2
2026-09-04,W0972,52.8068,10.6612,3.7,,18.6,18.6,0.097,17.9,0.038,1.67,icon_d2
2026-09-04,W0973,52.8068,10.6908,3.1,,18.6,18.6,0.097,17.9,0.038,1.64,icon_d2
2026-09-04,W0974,52.8068,10.7203,3.1,,18.5,18.8,0.078,17.8,0.051,1.64,icon_d2
2026-09-04,W0975,52.8068,10.7498,2.5,,18.6,18.8,0.078,17.8,0.051,1.52,icon_d2
2026-09-04,W0976,52.8068,10.7794,2.5,,18.6,18.8,0.086,18.0,0.053,1.5,icon_d2
2026-09-04,W0977,52.8068,10.8089,2.4,,18.4,18.8,0.086,18.0,0.053,1.51,icon_d2
2026-09-04,W1730,52.81577,10.82432,1.8,,18.6,18.8,0.086,18.0,0.053,1.64,icon_d2
2026-09-04,W0978,52.8068,10.868,2.1,,18.7,18.8,0.086,18.0,0.053,1.74,icon_d2
2026-09-04,W0979,52.8068,10.8975,2.2,,18.9,19.1,0.134,18.7,0.129,1.8,icon_d2
2026-09-04,W1731,52.81577,10.91302,1.5,,18.9,19.3,0.139,18.8,0.132,1.86,icon_d2
2026-09-04,W0980,52.8068,10.9566,1.9,,19.0,19.3,0.139,18.8,0.132,1.81,icon_d2
2026-09-04,W1732,52.81577,10.97214,1.9,,19.0,19.3,0.139,18.8,0.132,1.85,icon_d2
2026-09-04,W1733,52.81577,11.00171,1.7,,19.0,19.3,0.139,18.8,0.132,1.82,icon_d2
2026-09-04,W0981,52.8068,11.0452,2.4,,19.2,19.3,0.139,18.8,0.132,1.75,icon_d2
2026-09-04,W0982,52.8068,11.0747,2.3,,19.1,19.4,0.139,18.9,0.119,1.71,icon_d2
2026-09-04,W0983,52.8068,11.1043,2.6,,18.9,19.8,0.114,19.3,0.131,1.66,icon_d2
2026-09-04,W0984,52.8068,11.1338,2.6,,19.1,19.8,0.114,19.3,0.131,1.67,icon_d2
2026-09-04,W1734,52.81577,11.14953,2.2,,19.1,19.8,0.114,19.3,0.131,1.72,icon_d2
2026-09-04,W0986,52.8248,10.1295,5.7,,18.4,18.1,0.167,17.7,0.065,1.32,icon_d2
2026-09-04,W0987,52.8248,10.1591,5.7,,18.2,18.1,0.167,17.7,0.065,1.26,icon_d2
2026-09-04,W0988,52.8248,10.1886,5.8,,18.1,18.1,0.167,17.7,0.065,1.29,icon_d2
2026-09-04,W0989,52.8248,10.2182,5.9,,18.4,18.1,0.169,17.6,0.076,1.28,icon_d2
2026-09-04,W0990,52.8248,10.2477,5.8,,18.2,18.1,0.169,17.6,0.076,1.26,icon_d2
2026-09-04,W0991,52.8248,10.2772,6.0,,18.0,18.1,0.169,17.6,0.076,1.32,icon_d2
2026-09-04,W0992,52.8248,10.3068,6.0,,18.1,18.1,0.169,17.6,0.076,1.32,icon_d2
2026-09-04,W0993,52.8248,10.3363,5.4,,18.0,18.1,0.169,17.6,0.076,1.3,icon_d2
2026-09-04,W0994,52.8248,10.3658,5.4,,17.9,18.1,0.169,17.6,0.076,1.3,icon_d2
2026-09-04,W0995,52.8248,10.3954,5.8,,18.0,18.3,0.143,17.9,0.075,1.34,icon_d2
2026-09-04,W0996,52.8248,10.4249,5.1,,18.0,18.3,0.143,17.9,0.075,1.35,icon_d2
2026-09-04,W0997,52.8248,10.4545,4.9,,18.0,18.3,0.143,17.9,0.075,1.35,icon_d2
2026-09-04,W0998,52.8248,10.484,4.9,,17.9,18.3,0.143,17.9,0.075,1.35,icon_d2
2026-09-04,W0999,52.8248,10.5135,4.6,,18.1,18.3,0.143,17.9,0.075,1.39,icon_d2
2026-09-04,W1000,52.8248,10.5431,4.5,,18.3,18.3,0.143,17.9,0.075,1.52,icon_d2
2026-09-04,W1001,52.8248,10.5726,4.2,,18.4,18.6,0.097,17.9,0.038,1.51,icon_d2
2026-09-04,W1002,52.8248,10.6021,3.7,,18.5,18.6,0.097,17.9,0.038,1.56,icon_d2
2026-09-04,W1003,52.8248,10.6317,3.5,,18.6,18.6,0.097,17.9,0.038,1.63,icon_d2
2026-09-04,W1735,52.83378,10.64694,3.5,,18.6,18.6,0.097,17.9,0.038,1.63,icon_d2
2026-09-04,W1736,52.83378,10.6765,3.0,,18.6,18.6,0.097,17.9,0.038,1.66,icon_d2
2026-09-04,W1004,52.8248,10.7203,2.8,,18.6,18.6,0.097,17.9,0.038,1.59,icon_d2
2026-09-04,W1005,52.8248,10.7498,2.3,,18.6,18.8,0.086,18.0,0.053,1.55,icon_d2
2026-09-04,W1006,52.8248,10.7794,1.9,,18.6,18.8,0.086,18.0,0.053,1.59,icon_d2
2026-09-04,W1007,52.8248,10.8089,1.9,,18.6,18.8,0.086,18.0,0.053,1.59,icon_d2
2026-09-04,W1737,52.83378,10.82432,2.0,,18.7,18.8,0.086,18.0,0.053,1.49,icon_d2
2026-09-04,W1008,52.8248,10.868,2.1,,18.8,18.8,0.086,18.0,0.053,1.74,icon_d2
2026-09-04,W1009,52.8248,10.8975,2.0,,18.8,19.3,0.139,18.8,0.132,1.78,icon_d2
2026-09-04,W1010,52.8248,10.9271,1.5,,18.9,19.3,0.139,18.8,0.132,1.85,icon_d2
2026-09-04,W1011,52.8248,10.9566,1.9,,18.9,19.3,0.139,18.8,0.132,1.85,icon_d2
2026-09-04,W1012,52.8248,10.9861,1.9,,19.0,19.3,0.139,18.8,0.132,1.85,icon_d2
2026-09-04,W1738,52.83378,11.00171,1.6,,19.0,19.3,0.139,18.8,0.132,1.76,icon_d2
2026-09-04,W1013,52.8248,11.0452,1.8,,18.9,19.3,0.139,18.8,0.132,1.81,icon_d2
2026-09-04,W1739,52.83378,11.06084,1.8,,19.1,19.8,0.114,19.3,0.131,1.74,icon_d2
2026-09-04,W1014,52.8248,11.1043,2.1,,19.0,19.8,0.114,19.3,0.131,1.78,icon_d2
2026-09-04,W1015,52.8248,11.1338,2.2,,19.2,19.8,0.114,19.3,0.131,1.72,icon_d2
2026-09-04,W1740,52.83378,11.14953,2.1,,19.1,19.8,0.114,19.3,0.131,1.75,icon_d2
2026-09-04,W1017,52.8428,10.1295,5.0,,18.3,18.1,0.167,17.7,0.065,1.31,icon_d2
2026-09-04,W1018,52.8428,10.1591,6.0,,18.2,18.1,0.167,17.7,0.065,1.24,icon_d2
2026-09-04,W1019,52.8428,10.1886,5.2,,18.2,18.1,0.167,17.7,0.065,1.25,icon_d2
2026-09-04,W1020,52.8428,10.2182,5.5,,18.1,18.1,0.169,17.6,0.076,1.24,icon_d2
2026-09-04,W1021,52.8428,10.2477,5.5,,18.1,18.1,0.169,17.6,0.076,1.23,icon_d2
2026-09-04,W1022,52.8428,10.2772,5.5,,18.1,18.1,0.169,17.6,0.076,1.32,icon_d2
2026-09-04,W1023,52.8428,10.3068,5.5,,18.2,18.1,0.169,17.6,0.076,1.33,icon_d2
2026-09-04,W1024,52.8428,10.3363,4.8,,18.1,18.1,0.169,17.6,0.076,1.39,icon_d2
2026-09-04,W1025,52.8428,10.3658,5.3,,18.2,18.1,0.169,17.6,0.076,1.41,icon_d2
2026-09-04,W1026,52.8428,10.3954,5.1,,18.2,18.3,0.143,17.9,0.075,1.45,icon_d2
2026-09-04,W1027,52.8428,10.4249,5.0,,18.2,18.3,0.143,17.9,0.075,1.37,icon_d2
2026-09-04,W1028,52.8428,10.4545,5.0,,18.2,18.3,0.143,17.9,0.075,1.36,icon_d2
2026-09-04,W1029,52.8428,10.484,4.9,,18.1,18.3,0.143,17.9,0.075,1.34,icon_d2
2026-09-04,W1030,52.8428,10.5135,4.7,,18.2,18.3,0.143,17.9,0.075,1.35,icon_d2
2026-09-04,W1031,52.8428,10.5431,4.4,,18.5,18.3,0.143,17.9,0.075,1.44,icon_d2
2026-09-04,W1032,52.8428,10.5726,3.8,,18.5,18.6,0.097,17.9,0.038,1.48,icon_d2
2026-09-04,W1033,52.8428,10.6021,3.8,,18.5,18.6,0.097,17.9,0.038,1.48,icon_d2
2026-09-04,W1034,52.8428,10.6317,3.5,,18.4,18.6,0.097,17.9,0.038,1.62,icon_d2
2026-09-04,W1035,52.8428,10.6612,3.6,,18.5,18.6,0.097,17.9,0.038,1.51,icon_d2
2026-09-04,W1036,52.8428,10.7203,2.7,,18.5,18.6,0.097,17.9,0.038,1.64,icon_d2
2026-09-04,W1037,52.8428,10.7498,2.6,,18.5,18.8,0.086,18.0,0.053,1.52,icon_d2
2026-09-04,W1038,52.8428,10.7794,1.9,,18.5,18.8,0.086,18.0,0.053,1.47,icon_d2
2026-09-04,W1039,52.8428,10.8089,1.9,,18.3,18.8,0.086,18.0,0.053,1.46,icon_d2
2026-09-04,W1040,52.8428,10.8384,1.7,,18.6,18.8,0.086,18.0,0.053,1.65,icon_d2
2026-09-04,W1041,52.8428,10.868,1.7,,18.9,18.8,0.086,18.0,0.053,1.7,icon_d2
2026-09-04,W1042,52.8428,10.8975,1.8,,18.8,19.3,0.139,18.8,0.132,1.8,icon_d2
2026-09-04,W1043,52.8428,10.9271,1.8,,18.8,19.3,0.139,18.8,0.132,1.8,icon_d2
2026-09-04,W1044,52.8428,10.9566,1.5,,19.0,19.3,0.139,18.8,0.132,1.87,icon_d2
2026-09-04,W1045,52.8428,10.9861,1.7,,19.1,19.3,0.139,18.8,0.132,1.85,icon_d2
2026-09-04,W1741,52.8428,11.0747,1.9,,19.2,19.8,0.114,19.3,0.131,1.77,icon_d2
2026-09-04,W1784,52.8518,10.6765,3.4,,18.7,18.6,0.097,17.9,0.038,1.58,icon_d2
2026-09-04,W1785,52.8518,11.00171,1.7,,19.0,19.3,0.139,18.8,0.132,1.78,icon_d2
2026-09-04,W1786,52.8518,11.03127,1.9,,18.8,19.2,0.091,18.4,0.055,1.61,icon_d2
2026-09-04,W1787,52.8518,11.0904,2.1,,19.1,19.8,0.114,19.3,0.131,1.72,icon_d2
2026-09-04,W1788,52.8518,11.11997,2.2,,19.3,19.8,0.114,19.3,0.131,1.77,icon_d2
2026-09-04,W1789,52.8518,11.14953,2.2,,19.3,19.8,0.114,19.3,0.131,1.77,icon_d2
2026-09-04,W1790,52.59955,10.73563,3.7,,18.9,18.8,0.151,18.2,0.072,1.47,icon_d2
2026-09-04,W1791,52.61757,10.88345,3.6,,18.9,18.8,0.189,18.1,0.148,1.69,icon_d2
2026-09-04,W1792,52.61757,10.91302,3.4,,19.0,18.8,0.189,18.1,0.148,1.78,icon_d2
2026-09-04,W1793,52.61757,11.14953,2.9,,19.2,19.1,0.192,18.5,0.149,1.71,icon_d2
2026-09-04,W1794,52.63559,10.29217,6.4,,18.8,18.6,0.17,18.1,0.057,1.62,icon_d2
2026-09-04,W1795,52.63559,10.32173,6.1,,18.7,18.3,0.167,17.9,0.067,1.59,icon_d2
2026-09-04,W1796,52.63559,10.52868,6.0,,18.7,18.4,0.148,17.6,0.051,1.48,icon_d2
2026-09-04,W1797,52.63559,10.88345,3.8,,19.0,18.8,0.189,18.1,0.148,1.71,icon_d2
2026-09-04,W1798,52.63559,10.91302,3.7,,18.9,18.8,0.189,18.1,0.148,1.78,icon_d2
2026-09-04,W1799,52.63559,11.06084,4.0,,19.1,19.1,0.192,18.5,0.149,1.72,icon_d2
2026-09-04,W1800,52.63559,11.14953,2.9,,19.1,19.1,0.192,18.5,0.149,1.75,icon_d2
2026-09-04,W1801,52.6536,10.23304,6.8,,18.7,18.6,0.17,18.1,0.057,1.46,icon_d2
2026-09-05,W0013,52.068,10.1295,0.4,,16.1,17.1,0.203,17.6,0.158,2.57,icon_d2
2026-09-05,W0014,52.068,10.1591,0.3,,16.1,17.1,0.203,17.6,0.158,2.61,icon_d2
2026-09-05,W0015,52.068,10.1886,0.5,,16.2,17.3,0.201,17.6,0.149,2.64,icon_d2
2026-09-05,W0016,52.068,10.2182,0.5,,15.6,17.3,0.201,17.6,0.149,2.63,icon_d2
2026-09-05,W0005,52.05,10.2477,0.3,,16.0,17.3,0.201,17.6,0.149,2.56,icon_d2
2026-09-05,W1046,52.05901,10.2626,0.6,,16.2,17.3,0.201,17.6,0.149,2.69,icon_d2
2026-09-05,W1047,52.05901,10.29217,0.6,,16.0,17.3,0.201,17.6,0.149,2.64,icon_d2
2026-09-05,W0017,52.068,10.3363,0.7,,15.8,17.3,0.201,17.6,0.149,2.6,icon_d2
2026-09-05,W0018,52.068,10.3658,0.6,,15.8,16.7,0.224,17.2,0.161,2.7,icon_d2
2026-09-05,W0019,52.068,10.3954,0.6,,16.1,17.4,0.224,17.9,0.161,2.71,icon_d2
2026-09-05,W0020,52.068,10.4249,0.5,,16.2,17.4,0.224,17.9,0.161,2.82,icon_d2
2026-09-05,W1048,52.05901,10.43999,0.5,,16.4,17.4,0.224,17.9,0.161,2.84,icon_d2
2026-09-05,W1049,52.05901,10.46955,0.6,,16.3,17.4,0.224,17.9,0.161,2.85,icon_d2
2026-09-05,W0021,52.068,10.5135,0.5,,16.0,17.6,0.228,18.1,0.17,2.77,icon_d2
2026-09-05,W0022,52.068,10.5431,0.5,,16.2,17.6,0.228,18.1,0.17,2.78,icon_d2
2026-09-05,W1050,52.05901,10.55825,0.5,,16.7,17.6,0.228,18.1,0.17,2.93,icon_d2
2026-09-05,W1051,52.05901,10.58781,0.6,,16.5,17.6,0.228,18.1,0.17,2.87,icon_d2
2026-09-05,W0010,52.05,10.6317,0.5,,16.5,17.6,0.228,18.1,0.17,2.96,icon_d2
2026-09-05,W1053,52.05901,10.64694,0.6,,16.5,17.6,0.228,18.1,0.17,2.93,icon_d2
2026-09-05,W1054,52.05901,10.6765,0.6,,16.5,17.3,0.268,17.7,0.201,2.88,icon_d2
2026-09-05,W1055,52.05901,10.70607,1.1,,16.5,17.3,0.268,17.7,0.201,2.81,icon_d2
2026-09-05,W1056,52.05901,10.73563,0.8,,16.2,17.3,0.268,17.7,0.201,2.74,icon_d2
2026-09-05,W1057,52.05901,10.76519,0.7,,16.4,17.3,0.268,17.7,0.201,2.74,icon_d2
2026-09-05,W0011,52.05,10.8089,0.7,,16.8,17.3,0.268,17.7,0.201,3.15,icon_d2
2026-09-05,W1059,52.05901,10.82432,0.6,,16.6,17.3,0.268,17.7,0.201,2.92,icon_d2
2026-09-05,W1060,52.05901,10.85389,0.4,,16.5,17.3,0.238,17.5,0.208,2.91,icon_d2
2026-09-05,W1061,52.05901,10.88345,0.4,,16.6,17.3,0.238,17.5,0.208,2.95,icon_d2
2026-09-05,W1062,52.05901,10.91302,0.4,,16.7,17.3,0.238,17.5,0.208,3.03,icon_d2
2026-09-05,W1063,52.05901,10.94258,0.2,,16.6,17.3,0.238,17.5,0.208,2.95,icon_d2
2026-09-05,W1064,52.05901,10.97214,0.2,,16.6,17.3,0.238,17.5,0.208,2.89,icon_d2
2026-09-05,W1065,52.05901,11.00171,0.2,,16.6,17.3,0.238,17.5,0.208,2.89,icon_d2
2026-09-05,W1066,52.05901,11.03127,0.3,,16.3,17.5,0.228,17.8,0.184,2.7,icon_d2
2026-09-05,W1067,52.05901,11.06084,0.3,,16.2,17.5,0.228,17.8,0.184,2.65,icon_d2
2026-09-05,W1068,52.05901,11.0904,0.3,,16.2,17.5,0.228,17.8,0.184,2.74,icon_d2
2026-09-05,W1069,52.05901,11.11997,0.1,,16.2,17.5,0.228,17.8,0.184,2.79,icon_d2
2026-09-05,W1070,52.05901,11.14953,0.1,,16.1,17.5,0.228,17.8,0.184,2.78,icon_d2
2026-09-05,W0024,52.086,10.1295,0.6,,15.8,17.3,0.226,17.8,0.153,2.66,icon_d2
2026-09-05,W1071,52.07703,10.14435,0.6,,16.4,17.1,0.203,17.6,0.158,2.75,icon_d2
2026-09-05,W0025,52.086,10.1886,0.5,,16.1,17.3,0.201,17.6,0.149,2.71,icon_d2
2026-09-05,W0026,52.086,10.2182,0.6,,16.2,17.3,0.201,17.6,0.149,2.71,icon_d2
2026-09-05,W1072,52.07703,10.23304,0.7,,16.1,17.3,0.201,17.6,0.149,2.73,icon_d2
2026-09-05,W1073,52.07703,10.2626,0.5,,16.2,17.3,0.201,17.6,0.149,2.75,icon_d2
2026-09-05,W1575,52.07703,10.29217,0.6,,16.2,17.3,0.201,17.6,0.149,2.61,icon_d2
2026-09-05,W0027,52.086,10.3363,0.7,,15.5,17.3,0.22,17.9,0.15,2.49,icon_d2
2026-09-05,W0028,52.086,10.3658,0.6,,15.4,16.7,0.224,17.2,0.161,2.41,icon_d2
2026-09-05,W0029,52.086,10.3954,0.6,,16.3,17.4,0.224,17.9,0.161,2.73,icon_d2
2026-09-05,W1074,52.07703,10.41042,0.6,,16.2,17.4,0.224,17.9,0.161,2.72,icon_d2
2026-09-05,W1075,52.07703,10.43999,0.4,,16.3,17.4,0.224,17.9,0.161,2.81,icon_d2
2026-09-05,W1076,52.07703,10.46955,0.4,,16.3,17.4,0.224,17.9,0.161,2.81,icon_d2
2026-09-05,W0030,52.086,10.5135,1.0,,15.6,16.8,0.22,17.3,0.153,2.5,icon_d2
2026-09-05,W0031,52.086,10.5431,0.9,,16.4,17.6,0.228,18.1,0.17,2.71,icon_d2
2026-09-05,W0032,52.086,10.5726,1.2,,16.5,17.6,0.228,18.1,0.17,2.71,icon_d2
2026-09-05,W1077,52.07703,10.58781,1.2,,16.3,17.6,0.228,18.1,0.17,2.69,icon_d2
2026-09-05,W1576,52.07703,10.61737,1.1,,16.4,17.6,0.228,18.1,0.17,2.77,icon_d2
2026-09-05,W1078,52.07703,10.64694,1.0,,16.5,17.6,0.228,18.1,0.17,2.81,icon_d2
2026-09-05,W1079,52.07703,10.6765,1.2,,16.4,17.3,0.268,17.7,0.201,2.82,icon_d2
2026-09-05,W1080,52.07703,10.70607,0.9,,16.3,17.3,0.268,17.7,0.201,2.75,icon_d2
2026-09-05,W1081,52.07703,10.73563,0.7,,16.3,17.3,0.268,17.7,0.201,2.74,icon_d2
2026-09-05,W1082,52.07703,10.76519,0.6,,16.3,17.3,0.268,17.7,0.201,2.72,icon_d2
2026-09-05,W1577,52.07703,10.79476,0.5,,16.2,17.3,0.268,17.7,0.201,2.74,icon_d2
2026-09-05,W1083,52.07703,10.82432,0.5,,16.3,17.0,0.264,17.4,0.191,2.75,icon_d2
2026-09-05,W1084,52.07703,10.85389,0.3,,16.4,17.3,0.238,17.5,0.208,2.84,icon_d2
2026-09-05,W1085,52.07703,10.88345,0.3,,16.1,17.3,0.238,17.5,0.208,2.82,icon_d2
2026-09-05,W1086,52.07703,10.91302,0.4,,16.4,17.3,0.238,17.5,0.208,2.8,icon_d2
2026-09-05,W1087,52.07703,10.94258,0.4,,16.3,17.3,0.238,17.5,0.208,2.8,icon_d2
2026-09-05,W1088,52.07703,10.97214,0.4,,16.5,17.3,0.238,17.5,0.208,2.74,icon_d2
2026-09-05,W1089,52.07703,11.00171,0.4,,16.4,17.4,0.204,17.9,0.17,2.73,icon_d2
2026-09-05,W1090,52.07703,11.03127,0.4,,16.1,17.5,0.228,17.8,0.184,2.61,icon_d2
2026-09-05,W1091,52.07703,11.06084,0.3,,16.1,17.5,0.228,17.8,0.184,2.63,icon_d2
2026-09-05,W1092,52.07703,11.0904,0.3,,16.1,17.5,0.228,17.8,0.184,2.68,icon_d2
2026-09-05,W0033,52.086,11.1338,0.2,,15.9,17.5,0.218,17.9,0.184,2.64,icon_d2
2026-09-05,W1093,52.07703,11.14953,0.2,,16.0,17.5,0.218,17.9,0.184,2.65,icon_d2
2026-09-05,W1094,52.09505,10.11478,0.6,,16.3,17.3,0.226,17.8,0.153,2.71,icon_d2
2026-09-05,W1095,52.09505,10.14435,0.6,,16.4,17.3,0.226,17.8,0.153,2.72,icon_d2
2026-09-05,W1096,52.09505,10.17391,0.2,,16.1,17.3,0.226,17.8,0.153,2.63,icon_d2
2026-09-05,W1097,52.09505,10.20347,0.2,,16.2,17.3,0.201,17.6,0.149,2.64,icon_d2
2026-09-05,W1098,52.09505,10.23304,0.2,,16.0,17.3,0.201,17.6,0.149,2.58,icon_d2
2026-09-05,W1099,52.09505,10.2626,0.2,,15.8,17.3,0.22,17.9,0.15,2.59,icon_d2
2026-09-05,W1100,52.09505,10.29217,0.2,,16.1,17.3,0.22,17.9,0.15,2.56,icon_d2
2026-09-05,W1101,52.09505,10.32173,0.3,,15.7,17.3,0.22,17.9,0.15,2.5,icon_d2
2026-09-05,W1578,52.09505,10.3513,0.4,,15.7,17.4,0.224,17.9,0.161,2.46,icon_d2
2026-09-05,W1102,52.09505,10.38086,0.3,,16.2,17.4,0.224,17.9,0.161,2.66,icon_d2
2026-09-05,W1103,52.09505,10.41042,0.4,,16.2,17.4,0.224,17.9,0.161,2.78,icon_d2
2026-09-05,W1104,52.09505,10.43999,0.4,,16.3,17.4,0.22,17.9,0.153,2.78,icon_d2
2026-09-05,W1105,52.09505,10.46955,0.4,,16.3,17.4,0.22,17.9,0.153,2.81,icon_d2
2026-09-05,W1106,52.09505,10.49912,1.7,,15.8,17.4,0.22,17.9,0.153,2.52,icon_d2
2026-09-05,W1107,52.09505,10.52868,1.7,,15.6,17.6,0.228,18.1,0.17,2.44,icon_d2
2026-09-05,W1108,52.09505,10.55825,1.6,,16.4,17.6,0.228,18.1,0.17,2.62,icon_d2
2026-09-05,W1109,52.09505,10.58781,1.6,,16.4,17.1,0.276,17.5,0.189,2.62,icon_d2
2026-09-05,W1110,52.09505,10.61737,1.4,,16.2,17.1,0.276,17.5,0.189,2.69,icon_d2
2026-09-05,W1111,52.09505,10.64694,1.2,,16.2,17.1,0.276,17.5,0.189,2.7,icon_d2
2026-09-05,W1112,52.09505,10.6765,1.1,,16.3,17.1,0.276,17.5,0.189,2.75,icon_d2
2026-09-05,W1113,52.09505,10.70607,1.0,,16.2,17.3,0.268,17.7,0.201,2.72,icon_d2
2026-09-05,W1114,52.09505,10.73563,0.8,,16.0,17.3,0.268,17.7,0.201,2.68,icon_d2
2026-09-05,W1115,52.09505,10.76519,0.8,,16.2,17.0,0.264,17.4,0.191,2.69,icon_d2
2026-09-05,W1579,52.09505,10.79476,0.6,,16.3,17.0,0.264,17.4,0.191,2.7,icon_d2
2026-09-05,W1116,52.09505,10.82432,0.6,,16.1,17.0,0.264,17.4,0.191,2.72,icon_d2
2026-09-05,W1117,52.09505,10.85389,0.6,,16.0,17.3,0.238,17.5,0.208,2.68,icon_d2
2026-09-05,W1580,52.09505,10.88345,0.7,,16.2,17.3,0.238,17.5,0.208,2.76,icon_d2
2026-09-05,W1118,52.09505,10.91302,0.6,,16.4,17.3,0.238,17.5,0.208,2.75,icon_d2
2026-09-05,W1581,52.09505,10.94258,0.6,,16.4,17.4,0.204,17.9,0.17,2.75,icon_d2
2026-09-05,W1119,52.09505,10.97214,0.6,,16.2,17.4,0.204,17.9,0.17,2.65,icon_d2
2026-09-05,W1120,52.09505,11.00171,0.5,,16.0,17.4,0.204,17.9,0.17,2.58,icon_d2
2026-09-05,W1121,52.09505,11.03127,0.5,,15.9,17.5,0.228,17.8,0.184,2.58,icon_d2
2026-09-05,W1122,52.09505,11.06084,0.5,,16.0,17.5,0.228,17.8,0.184,2.59,icon_d2
2026-09-05,W1123,52.09505,11.0904,0.4,,15.9,17.5,0.218,17.9,0.184,2.63,icon_d2
2026-09-05,W1124,52.09505,11.11997,0.4,,16.0,17.5,0.218,17.9,0.184,2.64,icon_d2
2026-09-05,W1125,52.09505,11.14953,0.1,,15.8,17.5,0.218,17.9,0.184,2.58,icon_d2
2026-09-05,W0034,52.1041,10.1295,0.6,,16.3,17.3,0.226,17.8,0.153,2.71,icon_d2
2026-09-05,W0035,52.1041,10.1591,0.5,,16.4,17.3,0.226,17.8,0.153,2.77,icon_d2
2026-09-05,W1126,52.11306,10.17391,0.2,,16.2,17.3,0.226,17.8,0.153,2.64,icon_d2
2026-09-05,W0036,52.1041,10.2182,0.2,,16.0,17.3,0.201,17.6,0.149,2.62,icon_d2
2026-09-05,W0037,52.1041,10.2477,0.2,,15.8,17.3,0.22,17.9,0.15,2.56,icon_d2
2026-09-05,W0038,52.1041,10.2772,0.2,,15.4,16.6,0.22,17.1,0.15,2.55,icon_d2
2026-09-05,W0039,52.1041,10.3068,0.2,,15.8,17.3,0.22,17.9,0.15,2.54,icon_d2
2026-09-05,W0040,52.1041,10.3363,0.2,,15.5,17.3,0.22,17.9,0.15,2.45,icon_d2
2026-09-05,W0041,52.1041,10.3658,0.4,,16.1,17.4,0.224,17.9,0.161,2.5,icon_d2
2026-09-05,W1127,52.11306,10.38086,0.8,,16.5,17.4,0.22,17.9,0.153,2.69,icon_d2
2026-09-05,W1128,52.11306,10.41042,1.3,,16.4,17.4,0.22,17.9,0.153,2.72,icon_d2
2026-09-05,W1129,52.11306,10.43999,1.2,,16.3,17.4,0.22,17.9,0.153,2.74,icon_d2
2026-09-05,W0042,52.1041,10.484,0.8,,16.2,17.4,0.22,17.9,0.153,2.64,icon_d2
2026-09-05,W0043,52.1041,10.5135,1.7,,15.5,16.7,0.22,17.2,0.153,2.43,icon_d2
2026-09-05,W0044,52.1041,10.5431,1.7,,15.9,17.6,0.228,18.1,0.17,2.46,icon_d2
2026-09-05,W1130,52.11306,10.55825,1.7,,16.4,17.1,0.276,17.5,0.189,2.59,icon_d2
2026-09-05,W1131,52.11306,10.58781,1.0,,16.1,17.1,0.276,17.5,0.189,2.52,icon_d2
2026-09-05,W1132,52.11306,10.61737,1.0,,16.3,17.1,0.276,17.5,0.189,2.53,icon_d2
2026-09-05,W1582,52.11306,10.64694,0.7,,15.9,17.1,0.276,17.5,0.189,2.51,icon_d2
2026-09-05,W1133,52.11306,10.6765,0.5,,15.9,17.1,0.276,17.5,0.189,2.51,icon_d2
2026-09-05,W1134,52.11306,10.70607,0.8,,15.8,17.0,0.264,17.4,0.191,2.58,icon_d2
2026-09-05,W1135,52.11306,10.73563,0.7,,15.9,17.0,0.264,17.4,0.191,2.65,icon_d2
2026-09-05,W1136,52.11306,10.76519,0.5,,16.2,17.0,0.264,17.4,0.191,2.69,icon_d2
2026-09-05,W1137,52.11306,10.79476,0.5,,16.2,17.0,0.264,17.4,0.191,2.68,icon_d2
2026-09-05,W1138,52.11306,10.82432,0.6,,16.0,17.0,0.264,17.4,0.191,2.62,icon_d2
2026-09-05,W1139,52.11306,10.85389,0.6,,16.1,17.0,0.264,17.4,0.191,2.69,icon_d2
2026-09-05,W1140,52.11306,10.88345,0.6,,16.2,17.4,0.204,17.9,0.17,2.7,icon_d2
2026-09-05,W1141,52.11306,10.91302,1.0,,16.0,17.4,0.204,17.9,0.17,2.63,icon_d2
2026-09-05,W1142,52.11306,10.94258,0.6,,16.0,17.4,0.204,17.9,0.17,2.56,icon_d2
2026-09-05,W1143,52.11306,10.97214,0.3,,16.3,17.4,0.204,17.9,0.17,2.63,icon_d2
2026-09-05,W1144,52.11306,11.00171,0.3,,16.3,17.4,0.204,17.9,0.17,2.61,icon_d2
2026-09-05,W1145,52.11306,11.03127,0.2,,16.1,17.5,0.218,17.9,0.184,2.58,icon_d2
2026-09-05,W1146,52.11306,11.06084,0.3,,15.9,17.5,0.218,17.9,0.184,2.55,icon_d2
2026-09-05,W1147,52.11306,11.0904,0.2,,15.7,17.5,0.218,17.9,0.184,2.53,icon_d2
2026-09-05,W1148,52.11306,11.11997,0.2,,15.8,17.5,0.218,17.9,0.184,2.54,icon_d2
2026-09-05,W1149,52.11306,11.14953,0.2,,15.6,17.5,0.218,17.9,0.184,2.52,icon_d2
2026-09-05,W0046,52.1221,10.1295,0.4,,15.8,17.3,0.226,17.8,0.153,2.51,icon_d2
2026-09-05,W0047,52.1221,10.1591,0.3,,15.9,17.3,0.226,17.8,0.153,2.53,icon_d2
2026-09-05,W0048,52.1221,10.1886,0.2,,16.3,17.3,0.226,17.8,0.153,2.65,icon_d2
2026-09-05,W0049,52.1221,10.2182,0.3,,16.3,17.3,0.22,17.9,0.15,2.67,icon_d2
2026-09-05,W0050,52.1221,10.2477,0.3,,16.1,17.3,0.22,17.9,0.15,2.61,icon_d2
2026-09-05,W0051,52.1221,10.2772,0.4,,15.7,17.3,0.22,17.9,0.15,2.55,icon_d2
2026-09-05,W0052,52.1221,10.3068,0.4,,15.8,17.3,0.22,17.9,0.15,2.56,icon_d2
2026-09-05,W0053,52.1221,10.3363,0.5,,16.2,17.3,0.22,17.9,0.15,2.59,icon_d2
2026-09-05,W1150,52.13108,10.3513,0.7,,16.5,17.3,0.22,17.9,0.15,2.61,icon_d2
2026-09-05,W0054,52.1221,10.3954,0.8,,16.6,17.4,0.22,17.9,0.153,2.7,icon_d2
2026-09-05,W1151,52.13108,10.41042,1.0,,16.7,17.4,0.22,17.9,0.153,2.71,icon_d2
2026-09-05,W1152,52.13108,10.43999,1.1,,16.4,17.4,0.22,17.9,0.153,2.66,icon_d2
2026-09-05,W0055,52.1221,10.484,1.6,,16.1,17.4,0.22,17.9,0.153,2.64,icon_d2
2026-09-05,W0056,52.1221,10.5135,1.9,,15.5,17.4,0.22,17.9,0.153,2.41,icon_d2
2026-09-05,W0057,52.1221,10.5431,1.7,,16.3,17.1,0.276,17.5,0.189,2.58,icon_d2
2026-09-05,W0058,52.1221,10.5726,1.0,,16.3,17.1,0.276,17.5,0.189,2.53,icon_d2
2026-09-05,W1153,52.13108,10.58781,0.8,,16.1,17.1,0.276,17.5,0.189,2.52,icon_d2
2026-09-05,W1583,52.13108,10.61737,0.7,,16.2,17.1,0.276,17.5,0.189,2.51,icon_d2
2026-09-05,W0059,52.1221,10.6612,0.7,,15.8,17.1,0.276,17.5,0.189,2.5,icon_d2
2026-09-05,W0060,52.1221,10.6908,0.8,,15.6,17.0,0.264,17.4,0.191,2.56,icon_d2
2026-09-05,W1154,52.13108,10.70607,0.5,,15.9,17.0,0.264,17.4,0.191,2.55,icon_d2
2026-09-05,W1155,52.13108,10.73563,0.5,,16.1,17.0,0.264,17.4,0.191,2.61,icon_d2
2026-09-05,W1584,52.13108,10.76519,0.7,,16.2,17.0,0.264,17.4,0.191,2.59,icon_d2
2026-09-05,W1156,52.13108,10.79476,0.9,,16.1,17.0,0.264,17.4,0.191,2.58,icon_d2
2026-09-05,W1157,52.13108,10.82432,0.9,,15.8,17.0,0.264,17.4,0.191,2.58,icon_d2
2026-09-05,W1158,52.13108,10.85389,1.0,,15.8,17.0,0.264,17.4,0.191,2.53,icon_d2
2026-09-05,W1159,52.13108,10.88345,0.9,,15.8,17.4,0.204,17.9,0.17,2.56,icon_d2
2026-09-05,W1160,52.13108,10.91302,1.0,,15.7,17.4,0.204,17.9,0.17,2.6,icon_d2
2026-09-05,W1161,52.13108,10.94258,0.6,,15.6,17.4,0.204,17.9,0.17,2.53,icon_d2
2026-09-05,W0061,52.1221,10.9861,0.3,,16.3,17.4,0.204,17.9,0.17,2.63,icon_d2
2026-09-05,W0062,52.1221,11.0157,0.3,,16.2,17.4,0.204,17.9,0.17,2.6,icon_d2
2026-09-05,W0063,52.1221,11.0452,0.2,,16.0,17.5,0.218,17.9,0.184,2.56,icon_d2
2026-09-05,W1162,52.13108,11.06084,0.5,,16.2,17.5,0.218,17.9,0.184,2.6,icon_d2
2026-09-05,W1163,52.13108,11.0904,0.6,,15.9,17.5,0.218,17.9,0.184,2.55,icon_d2
2026-09-05,W1164,52.13108,11.11997,0.6,,15.8,17.5,0.218,17.9,0.184,2.54,icon_d2
2026-09-05,W1165,52.13108,11.14953,0.5,,15.6,17.5,0.218,17.9,0.184,2.48,icon_d2
2026-09-05,W0065,52.1401,10.1295,0.5,,16.1,17.3,0.226,17.8,0.153,2.51,icon_d2
2026-09-05,W0066,52.1401,10.1591,0.3,,15.6,17.3,0.226,17.8,0.153,2.45,icon_d2
2026-09-05,W0067,52.1401,10.1886,0.4,,16.0,17.3,0.226,17.8,0.153,2.59,icon_d2
2026-09-05,W0068,52.1401,10.2182,0.3,,16.2,17.3,0.22,17.9,0.15,2.69,icon_d2
2026-09-05,W1166,52.1491,10.23304,0.3,,16.3,17.3,0.22,17.9,0.15,2.7,icon_d2
2026-09-05,W1167,52.1491,10.2626,0.4,,16.4,17.3,0.22,17.9,0.15,2.65,icon_d2
2026-09-05,W1168,52.1491,10.29217,0.4,,16.4,17.3,0.22,17.9,0.15,2.65,icon_d2
2026-09-05,W1169,52.1491,10.32173,0.7,,16.6,17.3,0.22,17.9,0.15,2.71,icon_d2
2026-09-05,W0069,52.1401,10.3658,0.7,,16.5,17.4,0.22,17.9,0.153,2.6,icon_d2
2026-09-05,W0084,52.1581,10.3954,0.8,,16.6,17.4,0.22,17.9,0.153,2.58,icon_d2
2026-09-05,W0085,52.1581,10.4249,0.8,,16.6,17.4,0.22,17.9,0.153,2.58,icon_d2
2026-09-05,W1170,52.1491,10.43999,1.1,,16.4,17.4,0.22,17.9,0.153,2.66,icon_d2
2026-09-05,W0070,52.1401,10.484,1.2,,16.2,17.4,0.22,17.9,0.153,2.58,icon_d2
2026-09-05,W0071,52.1401,10.5135,1.2,,16.1,17.4,0.22,17.9,0.153,2.55,icon_d2
2026-09-05,W0072,52.1401,10.5431,1.0,,16.3,17.1,0.276,17.5,0.189,2.62,icon_d2
2026-09-05,W0073,52.1401,10.5726,0.8,,16.3,17.1,0.276,17.5,0.189,2.54,icon_d2
2026-09-05,W1171,52.1491,10.58781,0.8,,16.3,17.1,0.276,17.5,0.189,2.54,icon_d2
2026-09-05,W0074,52.1401,10.6317,0.5,,15.4,16.5,0.276,16.8,0.189,2.45,icon_d2
2026-09-05,W0075,52.1401,10.6612,0.3,,15.4,16.4,0.276,16.8,0.189,2.51,icon_d2
2026-09-05,W0076,52.1401,10.6908,0.5,,16.2,17.0,0.264,17.4,0.191,2.59,icon_d2
2026-09-05,W0077,52.1401,10.7203,0.5,,16.3,17.0,0.264,17.4,0.191,2.62,icon_d2
2026-09-05,W1172,52.1491,10.73563,0.5,,16.2,17.0,0.264,17.4,0.191,2.62,icon_d2
2026-09-05,W1173,52.1491,10.76519,0.7,,16.3,17.0,0.264,17.4,0.191,2.59,icon_d2
2026-09-05,W1174,52.1491,10.79476,0.9,,16.0,17.0,0.264,17.4,0.191,2.57,icon_d2
2026-09-05,W0090,52.1581,10.8384,0.6,,15.1,17.0,0.259,17.4,0.172,2.34,icon_d2
2026-09-05,W0078,52.1401,10.868,1.0,,15.7,17.4,0.204,17.9,0.17,2.53,icon_d2
2026-09-05,W0079,52.1401,10.8975,0.9,,15.3,17.4,0.204,17.9,0.17,2.52,icon_d2
2026-09-05,W0080,52.1401,10.9271,0.6,,15.0,16.7,0.204,17.1,0.17,2.39,icon_d2
2026-09-05,W0081,52.1401,10.9566,0.4,,15.6,17.4,0.204,17.9,0.17,2.51,icon_d2
2026-09-05,W0095,52.1581,10.9861,0.4,,16.2,17.2,0.214,17.6,0.147,2.7,icon_d2
2026-09-05,W0096,52.1581,11.0157,0.5,,15.9,17.2,0.214,17.6,0.147,2.59,icon_d2
2026-09-05,W0082,52.1401,11.0452,0.2,,16.2,17.5,0.218,17.9,0.184,2.61,icon_d2
2026-09-05,W1175,52.1491,11.06084,0.5,,16.2,17.5,0.218,17.9,0.184,2.6,icon_d2
2026-09-05,W0098,52.1581,11.1043,0.9,,15.3,17.5,0.218,17.9,0.184,2.42,icon_d2
2026-09-05,W1176,52.1491,11.11997,0.6,,15.7,17.5,0.218,17.9,0.184,2.53,icon_d2
2026-09-05,W1177,52.1491,11.14953,0.5,,15.6,17.5,0.218,17.9,0.184,2.48,icon_d2
2026-09-05,W1585,52.16712,10.11478,0.5,,16.2,17.2,0.257,17.6,0.164,2.66,icon_d2
2026-09-05,W1178,52.16712,10.14435,0.5,,16.3,17.2,0.257,17.6,0.164,2.69,icon_d2
2026-09-05,W1179,52.16712,10.17391,0.5,,16.2,17.2,0.257,17.6,0.164,2.64,icon_d2
2026-09-05,W0099,52.1761,10.2182,0.9,,15.9,17.3,0.22,17.9,0.15,2.55,icon_d2
2026-09-05,W1180,52.16712,10.23304,0.4,,16.3,17.3,0.22,17.9,0.15,2.65,icon_d2
2026-09-05,W1181,52.16712,10.2626,0.4,,16.4,17.3,0.22,17.9,0.15,2.68,icon_d2
2026-09-05,W1182,52.16712,10.29217,0.6,,16.7,17.2,0.266,17.7,0.155,2.71,icon_d2
2026-09-05,W1183,52.16712,10.32173,0.6,,16.7,17.2,0.266,17.7,0.155,2.72,icon_d2
2026-09-05,W0100,52.1761,10.3658,0.7,,16.5,17.2,0.266,17.7,0.155,2.65,icon_d2
2026-09-05,W1184,52.16712,10.38086,0.9,,16.3,17.4,0.22,17.9,0.153,2.57,icon_d2
2026-09-05,W0101,52.1761,10.4249,0.8,,16.6,17.2,0.247,17.8,0.153,2.58,icon_d2
2026-09-05,W0102,52.1761,10.4545,0.9,,16.3,17.2,0.247,17.8,0.153,2.6,icon_d2
2026-09-05,W0103,52.1761,10.484,0.9,,16.4,17.2,0.247,17.8,0.153,2.61,icon_d2
2026-09-05,W1185,52.16712,10.49912,0.9,,16.4,17.2,0.247,17.8,0.153,2.67,icon_d2
2026-09-05,W0104,52.1761,10.5431,0.6,,16.5,17.1,0.276,17.5,0.189,2.64,icon_d2
2026-09-05,W1186,52.16712,10.55825,0.6,,16.3,17.1,0.276,17.5,0.189,2.61,icon_d2
2026-09-05,W1187,52.16712,10.58781,0.6,,16.3,17.1,0.276,17.5,0.189,2.61,icon_d2
2026-09-05,W1188,52.16712,10.61737,0.4,,16.3,16.8,0.28,17.0,0.18,2.59,icon_d2
2026-09-05,W1189,52.16712,10.64694,0.5,,16.3,16.8,0.28,17.0,0.18,2.52,icon_d2
2026-09-05,W1586,52.16712,10.6765,0.3,,16.3,16.8,0.28,17.0,0.18,2.59,icon_d2
2026-09-05,W1190,52.16712,10.70607,0.7,,15.9,17.0,0.264,17.4,0.191,2.44,icon_d2
2026-09-05,W1587,52.16712,10.73563,0.8,,15.7,17.0,0.264,17.4,0.191,2.42,icon_d2
2026-09-05,W0105,52.1761,10.7794,0.5,,15.0,17.0,0.259,17.4,0.172,2.13,icon_d2
2026-09-05,W0106,52.1761,10.8089,0.5,,14.9,17.0,0.259,17.4,0.172,2.11,icon_d2
2026-09-05,W0107,52.1761,10.8384,0.6,,15.1,17.0,0.259,17.4,0.172,2.31,icon_d2
2026-09-05,W0108,52.1761,10.868,0.8,,15.2,17.0,0.259,17.4,0.172,2.49,icon_d2
2026-09-05,W0109,52.1761,10.8975,1.0,,15.4,17.4,0.204,17.9,0.17,2.55,icon_d2
2026-09-05,W0110,52.1761,10.9271,1.0,,15.8,17.2,0.214,17.6,0.147,2.58,icon_d2
2026-09-05,W0111,52.1761,10.9566,0.9,,16.0,17.2,0.214,17.6,0.147,2.6,icon_d2
2026-09-05,W0112,52.1761,10.9861,0.6,,16.4,17.2,0.214,17.6,0.147,2.68,icon_d2
2026-09-05,W0113,52.1761,11.0157,0.8,,16.0,17.2,0.214,17.6,0.147,2.6,icon_d2
2026-09-05,W0114,52.1761,11.0452,0.8,,15.8,17.5,0.218,17.9,0.184,2.5,icon_d2
2026-09-05,W1191,52.16712,11.06084,0.8,,16.0,17.5,0.218,17.9,0.184,2.53,icon_d2
2026-09-05,W0115,52.1761,11.1043,0.9,,15.2,17.4,0.2,17.8,0.144,2.39,icon_d2
2026-09-05,W1192,52.16712,11.11997,0.9,,15.3,17.4,0.2,17.8,0.144,2.45,icon_d2
2026-09-05,W1193,52.16712,11.14953,0.9,,15.5,17.4,0.2,17.8,0.144,2.54,icon_d2
2026-09-05,W0116,52.1941,10.1,0.9,,16.1,17.2,0.257,17.6,0.164,2.57,icon_d2
2026-09-05,W1194,52.18514,10.14435,0.7,,16.1,17.2,0.257,17.6,0.164,2.6,icon_d2
2026-09-05,W1588,52.18514,10.17391,0.8,,16.2,17.2,0.257,17.6,0.164,2.59,icon_d2
2026-09-05,W1195,52.18514,10.20347,0.9,,16.0,17.2,0.257,17.6,0.164,2.58,icon_d2
2026-09-05,W1196,52.18514,10.23304,1.0,,16.2,17.2,0.266,17.7,0.155,2.68,icon_d2
2026-09-05,W1197,52.18514,10.2626,0.7,,16.1,17.2,0.266,17.7,0.155,2.7,icon_d2
2026-09-05,W0117,52.1941,10.3068,0.8,,16.4,17.2,0.266,17.7,0.155,2.67,icon_d2
2026-09-05,W0118,52.1941,10.3363,0.9,,16.3,17.2,0.266,17.7,0.155,2.66,icon_d2
2026-09-05,W1198,52.18514,10.3513,0.7,,16.5,17.2,0.266,17.7,0.155,2.66,icon_d2
2026-09-05,W1199,52.18514,10.38086,0.9,,16.4,17.2,0.247,17.8,0.153,2.58,icon_d2
2026-09-05,W1200,52.18514,10.41042,0.8,,16.6,17.2,0.247,17.8,0.153,2.58,icon_d2
2026-09-05,W1201,52.18514,10.43999,1.0,,16.6,17.2,0.247,17.8,0.153,2.62,icon_d2
2026-09-05,W1202,52.18514,10.46955,0.9,,16.4,17.2,0.247,17.8,0.153,2.61,icon_d2
2026-09-05,W1203,52.18514,10.49912,0.6,,16.5,17.2,0.247,17.8,0.153,2.66,icon_d2
2026-09-05,W0119,52.1941,10.5431,0.4,,16.2,17.2,0.247,17.8,0.153,2.54,icon_d2
2026-09-05,W1204,52.18514,10.55825,0.5,,16.1,16.8,0.28,17.0,0.18,2.53,icon_d2
2026-09-05,W1205,52.18514,10.58781,0.5,,16.4,16.8,0.28,17.0,0.18,2.59,icon_d2
2026-09-05,W0120,52.1941,10.6317,0.6,,16.2,16.8,0.28,17.0,0.18,2.53,icon_d2
2026-09-05,W1206,52.18514,10.64694,0.5,,16.2,16.8,0.28,17.0,0.18,2.55,icon_d2
2026-09-05,W0121,52.1941,10.6908,0.6,,15.8,16.8,0.28,17.0,0.18,2.34,icon_d2
2026-09-05,W0122,52.1941,10.7203,0.6,,15.3,17.0,0.259,17.4,0.172,2.19,icon_d2
2026-09-05,W0123,52.1941,10.7498,0.6,,14.2,15.8,0.259,16.2,0.172,2.02,icon_d2
2026-09-05,W0124,52.1941,10.7794,0.6,,14.6,16.2,0.259,16.6,0.172,2.05,icon_d2
2026-09-05,W0125,52.1941,10.8089,0.6,,14.6,16.0,0.259,16.5,0.172,2.15,icon_d2
2026-09-05,W0126,52.1941,10.8384,1.0,,14.9,17.0,0.259,17.4,0.172,2.29,icon_d2
2026-09-05,W0127,52.1941,10.868,1.2,,15.7,17.0,0.259,17.4,0.172,2.64,icon_d2
2026-09-05,W1589,52.18514,10.88345,0.7,,15.5,17.2,0.214,17.6,0.147,2.48,icon_d2
2026-09-05,W0128,52.1941,10.9271,1.3,,16.0,17.2,0.214,17.6,0.147,2.65,icon_d2
2026-09-05,W0129,52.1941,10.9566,1.0,,15.9,17.2,0.214,17.6,0.147,2.48,icon_d2
2026-09-05,W1590,52.18514,10.97214,0.6,,16.0,17.2,0.214,17.6,0.147,2.64,icon_d2
2026-09-05,W1207,52.18514,11.00171,0.8,,15.9,17.2,0.214,17.6,0.147,2.58,icon_d2
2026-09-05,W0130,52.1941,11.0452,0.9,,15.8,17.4,0.2,17.8,0.144,2.44,icon_d2
2026-09-05,W0131,52.1941,11.0747,0.9,,15.3,17.4,0.2,17.8,0.144,2.35,icon_d2
2026-09-05,W0132,52.1941,11.1043,0.9,,15.5,17.4,0.2,17.8,0.144,2.37,icon_d2
2026-09-05,W1208,52.18514,11.11997,0.6,,15.4,17.4,0.2,17.8,0.144,2.52,icon_d2
2026-09-05,W1209,52.18514,11.14953,0.6,,15.8,17.4,0.2,17.8,0.144,2.61,icon_d2
2026-09-05,W1210,52.20315,10.11478,0.9,,16.1,17.2,0.257,17.6,0.164,2.57,icon_d2
2026-09-05,W1211,52.20315,10.14435,0.9,,16.0,17.2,0.257,17.6,0.164,2.54,icon_d2
2026-09-05,W1212,52.20315,10.17391,0.9,,16.1,17.2,0.257,17.6,0.164,2.63,icon_d2
2026-09-05,W1591,52.20315,10.20347,0.9,,16.2,17.2,0.257,17.6,0.164,2.63,icon_d2
2026-09-05,W1213,52.20315,10.23304,0.9,,16.3,17.2,0.266,17.7,0.155,2.7,icon_d2
2026-09-05,W1214,52.20315,10.2626,0.9,,16.3,17.2,0.266,17.7,0.155,2.7,icon_d2
2026-09-05,W1215,52.20315,10.29217,0.8,,16.3,17.2,0.266,17.7,0.155,2.67,icon_d2
2026-09-05,W1216,52.20315,10.32173,0.9,,16.3,17.2,0.266,17.7,0.155,2.65,icon_d2
2026-09-05,W1217,52.20315,10.3513,1.0,,16.3,17.2,0.266,17.7,0.155,2.66,icon_d2
2026-09-05,W1218,52.20315,10.38086,1.0,,16.5,17.2,0.247,17.8,0.153,2.68,icon_d2
2026-09-05,W1219,52.20315,10.41042,1.0,,16.3,17.2,0.247,17.8,0.153,2.59,icon_d2
2026-09-05,W1220,52.20315,10.43999,1.0,,16.6,17.2,0.247,17.8,0.153,2.62,icon_d2
2026-09-05,W1221,52.20315,10.46955,0.8,,16.4,17.2,0.247,17.8,0.153,2.61,icon_d2
2026-09-05,W1222,52.20315,10.49912,0.6,,16.6,17.2,0.247,17.8,0.153,2.66,icon_d2
2026-09-05,W1223,52.20315,10.52868,0.4,,16.5,17.2,0.247,17.8,0.153,2.67,icon_d2
2026-09-05,W1224,52.20315,10.55825,0.4,,16.3,16.8,0.28,17.0,0.18,2.54,icon_d2
2026-09-05,W1225,52.20315,10.58781,0.5,,16.4,16.8,0.28,17.0,0.18,2.58,icon_d2
2026-09-05,W1226,52.20315,10.61737,0.6,,16.3,16.8,0.28,17.0,0.18,2.57,icon_d2
2026-09-05,W1227,52.20315,10.64694,0.6,,16.2,16.8,0.28,17.0,0.18,2.53,icon_d2
2026-09-05,W1228,52.20315,10.6765,0.7,,16.0,16.8,0.28,17.0,0.18,2.4,icon_d2
2026-09-05,W1229,52.20315,10.70607,0.6,,15.8,16.8,0.28,17.0,0.18,2.34,icon_d2
2026-09-05,W1592,52.20315,10.73563,0.6,,14.7,16.1,0.259,16.5,0.172,2.14,icon_d2
2026-09-05,W1230,52.20315,10.76519,0.6,,14.5,16.1,0.259,16.5,0.172,2.04,icon_d2
2026-09-05,W1593,52.20315,10.79476,0.6,,14.5,15.9,0.259,16.4,0.172,2.14,icon_d2
2026-09-05,W1594,52.20315,10.82432,0.6,,14.7,16.2,0.259,16.6,0.172,2.16,icon_d2
2026-09-05,W1595,52.20315,10.85389,1.2,,15.7,17.0,0.259,17.4,0.172,2.64,icon_d2
2026-09-05,W1231,52.20315,10.88345,1.2,,16.0,17.2,0.214,17.6,0.147,2.66,icon_d2
2026-09-05,W1232,52.20315,10.91302,1.3,,16.1,17.2,0.214,17.6,0.147,2.65,icon_d2
2026-09-05,W1233,52.20315,10.94258,1.3,,15.8,17.2,0.214,17.6,0.147,2.47,icon_d2
2026-09-05,W1234,52.20315,10.97214,1.0,,15.6,17.2,0.214,17.6,0.147,2.44,icon_d2
2026-09-05,W1235,52.20315,11.00171,1.0,,15.9,17.2,0.214,17.6,0.147,2.5,icon_d2
2026-09-05,W1236,52.20315,11.03127,0.9,,15.8,17.2,0.214,17.6,0.147,2.45,icon_d2
2026-09-05,W1237,52.20315,11.06084,1.0,,15.4,17.4,0.2,17.8,0.144,2.35,icon_d2
2026-09-05,W1238,52.20315,11.0904,0.9,,15.4,17.4,0.2,17.8,0.144,2.36,icon_d2
2026-09-05,W1239,52.20315,11.11997,0.6,,15.7,17.4,0.2,17.8,0.144,2.54,icon_d2
2026-09-05,W1240,52.20315,11.14953,0.4,,16.0,17.4,0.2,17.8,0.144,2.61,icon_d2
2026-09-05,W1596,52.22117,10.11478,1.1,,16.1,17.2,0.257,17.6,0.164,2.66,icon_d2
2026-09-05,W1241,52.22117,10.14435,1.1,,16.1,17.2,0.257,17.6,0.164,2.65,icon_d2
2026-09-05,W1597,52.22117,10.17391,1.0,,16.1,17.2,0.257,17.6,0.164,2.63,icon_d2
2026-09-05,W1242,52.22117,10.20347,1.0,,16.2,17.3,0.268,17.8,0.179,2.64,icon_d2
2026-09-05,W1243,52.22117,10.23304,0.7,,16.2,17.2,0.266,17.7,0.155,2.63,icon_d2
2026-09-05,W1244,52.22117,10.2626,1.1,,16.2,17.2,0.266,17.7,0.155,2.62,icon_d2
2026-09-05,W1245,52.22117,10.29217,1.1,,16.1,17.2,0.266,17.7,0.155,2.63,icon_d2
2026-09-05,W0133,52.2122,10.3363,1.0,,16.1,17.2,0.266,17.7,0.155,2.64,icon_d2
2026-09-05,W1246,52.22117,10.3513,0.9,,16.3,17.4,0.263,17.7,0.148,2.62,icon_d2
2026-09-05,W1247,52.22117,10.38086,0.9,,16.4,17.4,0.263,17.7,0.148,2.63,icon_d2
2026-09-05,W1248,52.22117,10.41042,0.7,,16.5,17.2,0.247,17.8,0.153,2.63,icon_d2
2026-09-05,W1249,52.22117,10.43999,0.5,,16.4,17.2,0.247,17.8,0.153,2.59,icon_d2
2026-09-05,W1250,52.22117,10.46955,0.5,,16.4,17.2,0.247,17.8,0.153,2.64,icon_d2
2026-09-05,W1251,52.22117,10.49912,0.5,,16.4,17.2,0.247,17.8,0.153,2.66,icon_d2
2026-09-05,W0134,52.2122,10.5431,0.4,,16.4,17.2,0.255,18.0,0.153,2.64,icon_d2
2026-09-05,W0135,52.2122,10.5726,0.4,,16.3,16.8,0.28,17.0,0.18,2.58,icon_d2
2026-09-05,W0136,52.2122,10.6021,0.4,,16.4,16.8,0.28,17.0,0.18,2.6,icon_d2
2026-09-05,W1252,52.22117,10.61737,0.5,,16.4,16.8,0.28,17.0,0.18,2.59,icon_d2
2026-09-05,W1253,52.22117,10.64694,0.5,,16.2,16.8,0.28,17.0,0.18,2.57,icon_d2
2026-09-05,W1254,52.22117,10.6765,0.6,,16.0,17.1,0.274,17.4,0.155,2.41,icon_d2
2026-09-05,W0137,52.2122,10.7203,0.5,,14.7,16.2,0.259,16.6,0.172,2.11,icon_d2
2026-09-05,W0138,52.2122,10.7498,0.5,,14.9,17.0,0.259,17.4,0.172,2.13,icon_d2
2026-09-05,W0139,52.2122,10.7794,0.7,,14.3,15.9,0.259,16.3,0.172,2.07,icon_d2
2026-09-05,W0140,52.2122,10.8089,1.0,,14.5,16.0,0.259,16.4,0.172,2.19,icon_d2
2026-09-05,W0141,52.2122,10.8384,1.2,,15.2,17.0,0.259,17.4,0.172,2.51,icon_d2
2026-09-05,W1598,52.22117,10.85389,1.2,,15.7,17.1,0.244,17.5,0.152,2.56,icon_d2
2026-09-05,W0142,52.2122,10.8975,1.3,,15.9,17.2,0.214,17.6,0.147,2.69,icon_d2
2026-09-05,W0143,52.2122,10.9271,1.3,,16.1,17.2,0.214,17.6,0.147,2.58,icon_d2
2026-09-05,W0144,52.2122,10.9566,1.1,,15.8,17.2,0.214,17.6,0.147,2.48,icon_d2
2026-09-05,W0145,52.2122,10.9861,1.0,,15.9,17.2,0.214,17.6,0.147,2.48,icon_d2
2026-09-05,W0146,52.2122,11.0157,0.7,,16.4,17.2,0.214,17.6,0.147,2.56,icon_d2
2026-09-05,W0147,52.2122,11.0452,0.7,,15.5,17.4,0.2,17.8,0.144,2.4,icon_d2
2026-09-05,W0148,52.2122,11.0747,0.6,,15.5,17.4,0.2,17.8,0.144,2.38,icon_d2
2026-09-05,W0149,52.2122,11.1043,0.6,,15.9,17.4,0.2,17.8,0.144,2.53,icon_d2
2026-09-05,W0150,52.2122,11.1338,0.5,,16.0,17.4,0.2,17.8,0.144,2.62,icon_d2
2026-09-05,W1255,52.22117,11.14953,0.5,,15.7,17.4,0.2,17.8,0.144,2.59,icon_d2
2026-09-05,W1256,52.23919,10.11478,1.9,,16.0,17.3,0.268,17.8,0.179,2.66,icon_d2
2026-09-05,W1257,52.23919,10.14435,1.4,,16.1,17.3,0.268,17.8,0.179,2.67,icon_d2
2026-09-05,W1258,52.23919,10.17391,1.3,,16.1,17.3,0.268,17.8,0.179,2.67,icon_d2
2026-09-05,W1259,52.23919,10.20347,1.2,,16.1,17.3,0.268,17.8,0.179,2.59,icon_d2
2026-09-05,W1260,52.23919,10.23304,1.1,,16.0,17.2,0.266,17.7,0.155,2.58,icon_d2
2026-09-05,W1261,52.23919,10.2626,1.3,,16.0,17.2,0.266,17.7,0.155,2.56,icon_d2
2026-09-05,W1262,52.23919,10.29217,1.1,,16.2,17.4,0.263,17.7,0.148,2.63,icon_d2
2026-09-05,W1263,52.23919,10.32173,1.2,,16.2,17.4,0.263,17.7,0.148,2.7,icon_d2
2026-09-05,W1264,52.23919,10.3513,0.8,,16.2,17.4,0.263,17.7,0.148,2.71,icon_d2
2026-09-05,W1265,52.23919,10.38086,0.8,,16.3,17.4,0.263,17.7,0.148,2.68,icon_d2
2026-09-05,W1266,52.23919,10.41042,0.5,,16.4,17.2,0.247,17.8,0.153,2.62,icon_d2
2026-09-05,W1267,52.23919,10.43999,0.6,,16.3,17.2,0.247,17.8,0.153,2.57,icon_d2
2026-09-05,W1268,52.23919,10.46955,0.6,,16.4,17.2,0.255,18.0,0.153,2.58,icon_d2
2026-09-05,W1269,52.23919,10.49912,0.5,,16.5,17.2,0.255,18.0,0.153,2.64,icon_d2
2026-09-05,W0151,52.2302,10.5431,0.4,,16.5,17.2,0.255,18.0,0.153,2.68,icon_d2
2026-09-05,W0152,52.2302,10.5726,0.4,,16.3,16.8,0.28,17.0,0.18,2.66,icon_d2
2026-09-05,W0153,52.2302,10.6021,0.4,,16.5,16.8,0.28,17.0,0.18,2.6,icon_d2
2026-09-05,W0154,52.2302,10.6317,0.7,,16.2,16.8,0.28,17.0,0.18,2.62,icon_d2
2026-09-05,W0155,52.2302,10.6612,0.5,,16.0,17.1,0.274,17.4,0.155,2.56,icon_d2
2026-09-05,W1270,52.23919,10.6765,0.5,,16.0,17.1,0.274,17.4,0.155,2.56,icon_d2
2026-09-05,W0156,52.2302,10.7203,0.8,,15.4,17.0,0.259,17.4,0.172,2.34,icon_d2
2026-09-05,W0157,52.2302,10.7498,0.9,,14.9,16.3,0.259,16.7,0.172,2.23,icon_d2
2026-09-05,W0158,52.2302,10.7794,1.1,,14.7,16.1,0.259,16.5,0.172,2.21,icon_d2
2026-09-05,W0159,52.2302,10.8089,1.1,,15.1,17.0,0.259,17.4,0.172,2.36,icon_d2
2026-09-05,W0160,52.2302,10.8384,1.3,,15.6,17.1,0.244,17.5,0.152,2.61,icon_d2
2026-09-05,W1271,52.23919,10.85389,1.3,,16.0,17.1,0.244,17.5,0.152,2.66,icon_d2
2026-09-05,W1272,52.23919,10.88345,1.3,,16.1,17.1,0.244,17.5,0.152,2.73,icon_d2
2026-09-05,W1273,52.23919,10.91302,1.3,,16.2,17.2,0.214,17.6,0.147,2.59,icon_d2
2026-09-05,W1274,52.23919,10.94258,1.3,,16.1,17.2,0.214,17.6,0.147,2.58,icon_d2
2026-09-05,W1275,52.23919,10.97214,1.2,,16.2,17.1,0.24,17.4,0.151,2.58,icon_d2
2026-09-05,W0161,52.2302,11.0157,1.0,,15.8,17.1,0.24,17.4,0.151,2.44,icon_d2
2026-09-05,W0162,52.2302,11.0452,1.0,,15.5,17.1,0.24,17.4,0.151,2.4,icon_d2
2026-09-05,W0163,52.2302,11.0747,0.7,,15.6,17.4,0.2,17.8,0.144,2.42,icon_d2
2026-09-05,W0164,52.2302,11.1043,0.6,,16.1,17.4,0.2,17.8,0.144,2.49,icon_d2
2026-09-05,W1276,52.23919,11.11997,0.6,,16.1,17.0,0.244,17.2,0.153,2.54,icon_d2
2026-09-05,W1277,52.23919,11.14953,0.5,,16.0,17.0,0.244,17.2,0.153,2.56,icon_d2
2026-09-05,W1278,52.25721,10.11478,2.1,,16.1,17.3,0.268,17.8,0.179,2.65,icon_d2
2026-09-05,W0165,52.2482,10.1591,1.5,,16.1,17.3,0.268,17.8,0.179,2.7,icon_d2
2026-09-05,W0181,52.2662,10.1886,2.1,,16.3,17.3,0.268,17.8,0.179,2.71,icon_d2
2026-09-05,W1279,52.25721,10.20347,1.7,,16.3,17.3,0.268,17.8,0.179,2.72,icon_d2
2026-09-05,W0182,52.2662,10.2477,1.4,,16.3,17.4,0.263,17.7,0.148,2.68,icon_d2
2026-09-05,W0183,52.2662,10.2772,1.3,,16.1,17.4,0.263,17.7,0.148,2.65,icon_d2
2026-09-05,W0184,52.2662,10.3068,1.3,,16.3,17.4,0.263,17.7,0.148,2.67,icon_d2
2026-09-05,W1280,52.25721,10.32173,1.1,,16.2,17.4,0.263,17.7,0.148,2.72,icon_d2
2026-09-05,W1281,52.25721,10.3513,0.8,,16.2,17.4,0.263,17.7,0.148,2.7,icon_d2
2026-09-05,W1282,52.25721,10.38086,0.6,,16.3,17.4,0.263,17.7,0.148,2.69,icon_d2
2026-09-05,W1283,52.25721,10.41042,0.6,,16.3,17.2,0.255,18.0,0.153,2.63,icon_d2
2026-09-05,W0166,52.2482,10.4545,0.6,,16.3,17.2,0.255,18.0,0.153,2.57,icon_d2
2026-09-05,W1285,52.25721,10.46955,0.7,,16.4,17.2,0.255,18.0,0.153,2.6,icon_d2
2026-09-05,W0167,52.2482,10.5135,0.5,,16.7,17.2,0.255,18.0,0.153,2.71,icon_d2
2026-09-05,W1287,52.25721,10.52868,0.5,,16.8,17.2,0.255,18.0,0.153,2.71,icon_d2
2026-09-05,W1288,52.25721,10.55825,0.7,,16.7,17.2,0.255,18.0,0.153,2.7,icon_d2
2026-09-05,W0185,52.2662,10.6021,0.6,,16.3,17.1,0.274,17.4,0.155,2.62,icon_d2
2026-09-05,W0186,52.2662,10.6317,0.7,,16.4,17.1,0.274,17.4,0.155,2.64,icon_d2
2026-09-05,W0187,52.2662,10.6612,0.7,,16.2,17.1,0.274,17.4,0.155,2.62,icon_d2
2026-09-05,W0170,52.2482,10.6908,0.8,,15.8,17.1,0.274,17.4,0.155,2.38,icon_d2
2026-09-05,W0188,52.2662,10.7203,1.8,,15.9,17.1,0.274,17.4,0.155,2.5,icon_d2
2026-09-05,W0171,52.2482,10.7498,0.9,,15.3,17.1,0.244,17.5,0.152,2.27,icon_d2
2026-09-05,W0172,52.2482,10.7794,1.1,,15.3,17.1,0.244,17.5,0.152,2.26,icon_d2
2026-09-05,W0173,52.2482,10.8089,1.1,,15.7,17.1,0.244,17.5,0.152,2.4,icon_d2
2026-09-05,W1293,52.25721,10.82432,2.3,,16.1,17.1,0.244,17.5,0.152,2.61,icon_d2
2026-09-05,W0189,52.2662,10.868,1.8,,16.2,17.1,0.244,17.5,0.152,2.63,icon_d2
2026-09-05,W0190,52.2662,10.8975,1.7,,15.9,17.1,0.24,17.4,0.151,2.55,icon_d2
2026-09-05,W1294,52.25721,10.91302,1.7,,16.1,17.1,0.24,17.4,0.151,2.58,icon_d2
2026-09-05,W0191,52.2662,10.9566,1.3,,16.1,17.1,0.24,17.4,0.151,2.57,icon_d2
2026-09-05,W0192,52.2662,10.9861,1.2,,15.8,17.1,0.24,17.4,0.151,2.55,icon_d2
2026-09-05,W0193,52.2662,11.0157,1.3,,15.7,17.1,0.24,17.4,0.151,2.48,icon_d2
2026-09-05,W0194,52.2662,11.0452,0.8,,15.7,17.1,0.24,17.4,0.151,2.48,icon_d2
2026-09-05,W0195,52.2662,11.0747,0.4,,16.1,17.0,0.244,17.2,0.153,2.55,icon_d2
2026-09-05,W0196,52.2662,11.1043,0.6,,16.1,17.0,0.244,17.2,0.153,2.52,icon_d2
2026-09-05,W0197,52.2662,11.1338,0.4,,15.5,17.0,0.244,17.2,0.153,2.43,icon_d2
2026-09-05,W1606,52.25721,11.14953,0.4,,15.5,17.0,0.244,17.2,0.153,2.43,icon_d2
2026-09-05,W0198,52.2842,10.1,2.1,,16.2,17.3,0.268,17.8,0.179,2.68,icon_d2
2026-09-05,W1295,52.27523,10.14435,0.8,,16.2,17.3,0.268,17.8,0.179,2.72,icon_d2
2026-09-05,W0199,52.2842,10.1886,0.6,,16.2,17.3,0.268,17.8,0.179,2.73,icon_d2
2026-09-05,W1296,52.27523,10.20347,0.8,,16.3,17.3,0.268,17.8,0.179,2.74,icon_d2
2026-09-05,W0200,52.2842,10.2477,0.6,,16.3,17.4,0.263,17.7,0.148,2.68,icon_d2
2026-09-05,W1297,52.27523,10.2626,0.5,,16.2,17.4,0.263,17.7,0.148,2.65,icon_d2
2026-09-05,W1298,52.27523,10.29217,0.5,,16.3,17.4,0.263,17.7,0.148,2.67,icon_d2
2026-09-05,W0201,52.2842,10.3363,0.5,,16.2,17.4,0.263,17.7,0.148,2.73,icon_d2
2026-09-05,W0202,52.2842,10.3658,0.5,,16.3,17.4,0.263,17.7,0.148,2.69,icon_d2
2026-09-05,W0203,52.2842,10.3954,0.6,,16.3,17.3,0.301,17.7,0.174,2.66,icon_d2
2026-09-05,W1299,52.27523,10.41042,0.6,,16.4,17.2,0.255,18.0,0.153,2.67,icon_d2
2026-09-05,W0204,52.2842,10.4545,1.5,,16.5,17.2,0.255,18.0,0.153,2.67,icon_d2
2026-09-05,W1300,52.27523,10.46955,1.5,,16.6,17.2,0.255,18.0,0.153,2.68,icon_d2
2026-09-05,W0205,52.2842,10.5135,1.6,,16.9,17.2,0.255,18.0,0.153,2.73,icon_d2
2026-09-05,W0206,52.2842,10.5431,1.6,,16.8,17.2,0.255,18.0,0.153,2.69,icon_d2
2026-09-05,W0207,52.2842,10.5726,2.1,,16.7,17.1,0.274,17.4,0.155,2.71,icon_d2
2026-09-05,W0208,52.2842,10.6021,1.6,,16.4,17.1,0.274,17.4,0.155,2.65,icon_d2
2026-09-05,W0209,52.2842,10.6317,2.1,,16.3,17.1,0.274,17.4,0.155,2.69,icon_d2
2026-09-05,W1301,52.27523,10.64694,2.1,,16.4,17.1,0.274,17.4,0.155,2.71,icon_d2
2026-09-05,W1302,52.27523,10.6765,2.2,,16.3,17.1,0.274,17.4,0.155,2.66,icon_d2
2026-09-05,W0210,52.2842,10.7203,2.3,,16.1,17.1,0.274,17.4,0.155,2.58,icon_d2
2026-09-05,W1303,52.27523,10.73563,2.3,,15.9,17.1,0.244,17.5,0.152,2.56,icon_d2
2026-09-05,W1304,52.27523,10.76519,2.1,,16.0,17.1,0.244,17.5,0.152,2.52,icon_d2
2026-09-05,W0211,52.2842,10.8089,2.6,,16.0,17.1,0.244,17.5,0.152,2.52,icon_d2
2026-09-05,W0212,52.2842,10.8384,2.1,,16.0,17.1,0.244,17.5,0.152,2.56,icon_d2
2026-09-05,W0213,52.2842,10.868,2.4,,15.5,17.1,0.244,17.5,0.152,2.46,icon_d2
2026-09-05,W0214,52.2842,10.8975,2.1,,15.9,17.1,0.276,17.6,0.152,2.45,icon_d2
2026-09-05,W1305,52.27523,10.91302,2.2,,15.8,17.1,0.24,17.4,0.151,2.46,icon_d2
2026-09-05,W1306,52.27523,10.94258,1.8,,16.0,17.1,0.24,17.4,0.151,2.53,icon_d2
2026-09-05,W1307,52.27523,10.97214,1.3,,15.9,17.1,0.24,17.4,0.151,2.53,icon_d2
2026-09-05,W0215,52.2842,11.0157,0.8,,15.5,17.1,0.24,17.4,0.151,2.49,icon_d2
2026-09-05,W0216,52.2842,11.0452,0.8,,16.0,17.1,0.24,17.4,0.151,2.53,icon_d2
2026-09-05,W0217,52.2842,11.0747,0.3,,16.0,17.0,0.244,17.2,0.153,2.65,icon_d2
2026-09-05,W0218,52.2842,11.1043,0.3,,16.1,17.0,0.244,17.2,0.153,2.65,icon_d2
2026-09-05,W0219,52.2842,11.1338,0.2,,16.1,17.0,0.244,17.2,0.153,2.65,icon_d2
2026-09-05,W1308,52.27523,11.14953,0.2,,15.9,17.0,0.244,17.2,0.153,2.63,icon_d2
2026-09-05,W1309,52.29324,10.11478,0.6,,16.3,17.3,0.268,17.8,0.179,2.75,icon_d2
2026-09-05,W1310,52.29324,10.14435,0.6,,16.3,17.3,0.268,17.8,0.179,2.75,icon_d2
2026-09-05,W1311,52.29324,10.17391,0.8,,16.2,17.3,0.268,17.8,0.179,2.75,icon_d2
2026-09-05,W1312,52.29324,10.20347,0.8,,16.3,17.3,0.269,17.9,0.151,2.76,icon_d2
2026-09-05,W1313,52.29324,10.23304,0.7,,16.4,17.3,0.269,17.9,0.151,2.75,icon_d2
2026-09-05,W1314,52.29324,10.2626,0.9,,16.3,17.4,0.263,17.7,0.148,2.72,icon_d2
2026-09-05,W1315,52.29324,10.29217,1.3,,16.4,17.4,0.263,17.7,0.148,2.72,icon_d2
2026-09-05,W1316,52.29324,10.32173,0.9,,16.4,17.4,0.263,17.7,0.148,2.69,icon_d2
2026-09-05,W1317,52.29324,10.3513,1.5,,16.3,17.4,0.263,17.7,0.148,2.64,icon_d2
2026-09-05,W1318,52.29324,10.38086,1.2,,16.5,17.3,0.301,17.7,0.174,2.71,icon_d2
2026-09-05,W1319,52.29324,10.41042,1.4,,16.5,17.2,0.255,18.0,0.153,2.71,icon_d2
2026-09-05,W1320,52.29324,10.43999,2.0,,16.4,17.2,0.255,18.0,0.153,2.67,icon_d2
2026-09-05,W1321,52.29324,10.46955,2.0,,16.4,17.2,0.255,18.0,0.153,2.67,icon_d2
2026-09-05,W1322,52.29324,10.49912,2.1,,16.6,17.2,0.255,18.0,0.153,2.67,icon_d2
2026-09-05,W1323,52.29324,10.52868,2.9,,16.5,17.3,0.283,17.8,0.152,2.63,icon_d2
2026-09-05,W1324,52.29324,10.55825,2.8,,16.5,17.3,0.283,17.8,0.152,2.62,icon_d2
2026-09-05,W1325,52.29324,10.58781,2.7,,16.5,17.1,0.274,17.4,0.155,2.62,icon_d2
2026-09-05,W1326,52.29324,10.61737,3.0,,16.5,17.1,0.274,17.4,0.155,2.67,icon_d2
2026-09-05,W1327,52.29324,10.64694,3.0,,16.3,17.1,0.274,17.4,0.155,2.66,icon_d2
2026-09-05,W1328,52.29324,10.6765,2.9,,16.2,17.1,0.274,17.4,0.155,2.63,icon_d2
2026-09-05,W1329,52.29324,10.70607,2.7,,16.2,17.2,0.271,17.6,0.153,2.6,icon_d2
2026-09-05,W1330,52.29324,10.73563,2.8,,16.0,17.2,0.271,17.6,0.153,2.56,icon_d2
2026-09-05,W1331,52.29324,10.76519,2.8,,16.0,17.1,0.244,17.5,0.152,2.56,icon_d2
2026-09-05,W1332,52.29324,10.79476,2.5,,16.1,17.1,0.244,17.5,0.152,2.56,icon_d2
2026-09-05,W1333,52.29324,10.82432,2.5,,16.1,17.1,0.244,17.5,0.152,2.56,icon_d2
2026-09-05,W1334,52.29324,10.85389,1.0,,16.2,17.1,0.244,17.5,0.152,2.62,icon_d2
2026-09-05,W1335,52.29324,10.88345,1.0,,15.9,17.1,0.276,17.6,0.152,2.53,icon_d2
2026-09-05,W1336,52.29324,10.91302,0.4,,16.0,17.1,0.24,17.4,0.151,2.58,icon_d2
2026-09-05,W1337,52.29324,10.94258,0.7,,15.9,17.1,0.24,17.4,0.151,2.58,icon_d2
2026-09-05,W1338,52.29324,10.97214,0.6,,15.9,17.1,0.24,17.4,0.151,2.57,icon_d2
2026-09-05,W1339,52.29324,11.00171,0.6,,15.7,17.1,0.24,17.4,0.151,2.55,icon_d2
2026-09-05,W1340,52.29324,11.03127,0.3,,15.8,17.1,0.249,17.5,0.152,2.59,icon_d2
2026-09-05,W1341,52.29324,11.06084,0.2,,16.2,17.1,0.249,17.5,0.152,2.73,icon_d2
2026-09-05,W1342,52.29324,11.0904,0.2,,16.0,17.0,0.244,17.2,0.153,2.65,icon_d2
2026-09-05,W1343,52.29324,11.11997,0.2,,16.0,17.0,0.244,17.2,0.153,2.66,icon_d2
2026-09-05,W1344,52.29324,11.14953,0.0,,16.0,17.0,0.244,17.2,0.153,2.67,icon_d2
2026-09-05,W1345,52.31126,10.11478,1.0,,16.3,17.3,0.268,17.8,0.179,2.72,icon_d2
2026-09-05,W1346,52.31126,10.14435,0.8,,16.3,17.3,0.269,17.9,0.151,2.73,icon_d2
2026-09-05,W0220,52.3023,10.1886,0.8,,16.3,17.3,0.269,17.9,0.151,2.76,icon_d2
2026-09-05,W1347,52.31126,10.20347,1.1,,16.3,17.3,0.269,17.9,0.151,2.73,icon_d2
2026-09-05,W1348,52.31126,10.23304,1.1,,16.6,17.3,0.269,17.9,0.151,2.82,icon_d2
2026-09-05,W0221,52.3023,10.2772,0.9,,16.4,17.4,0.263,17.7,0.148,2.72,icon_d2
2026-09-05,W0222,52.3023,10.3068,1.3,,16.4,17.4,0.263,17.7,0.148,2.72,icon_d2
2026-09-05,W0223,52.3023,10.3363,1.5,,16.3,17.3,0.301,17.7,0.174,2.64,icon_d2
2026-09-05,W0224,52.3023,10.3658,1.5,,16.5,17.3,0.301,17.7,0.174,2.65,icon_d2
2026-09-05,W1349,52.31126,10.38086,2.9,,16.4,17.3,0.301,17.7,0.174,2.79,icon_d2
2026-09-05,W0225,52.3023,10.4249,1.4,,16.4,17.2,0.255,18.0,0.153,2.7,icon_d2
2026-09-05,W1350,52.31126,10.43999,3.0,,16.4,17.2,0.255,18.0,0.153,2.76,icon_d2
2026-09-05,W1351,52.31126,10.46955,2.8,,16.6,17.3,0.283,17.8,0.152,2.8,icon_d2
2026-09-05,W1352,52.31126,10.49912,2.9,,16.7,17.3,0.283,17.8,0.152,2.77,icon_d2
2026-09-05,W0226,52.3023,10.5431,2.9,,16.6,17.3,0.283,17.8,0.152,2.64,icon_d2
2026-09-05,W0227,52.3023,10.5726,2.7,,16.4,17.3,0.283,17.8,0.152,2.62,icon_d2
2026-09-05,W1353,52.31126,10.58781,1.0,,16.3,17.1,0.274,17.4,0.155,2.71,icon_d2
2026-09-05,W0228,52.3023,10.6317,3.0,,16.4,17.1,0.274,17.4,0.155,2.67,icon_d2
2026-09-05,W0229,52.3023,10.6612,2.8,,16.3,17.2,0.271,17.6,0.153,2.65,icon_d2
2026-09-05,W0230,52.3023,10.6908,2.7,,16.0,17.2,0.271,17.6,0.153,2.59,icon_d2
2026-09-05,W0231,52.3023,10.7203,2.7,,16.2,17.2,0.271,17.6,0.153,2.6,icon_d2
2026-09-05,W1354,52.31126,10.73563,0.7,,16.3,17.2,0.271,17.6,0.153,2.61,icon_d2
2026-09-05,W1355,52.31126,10.76519,1.2,,16.1,17.1,0.244,17.5,0.152,2.58,icon_d2
2026-09-05,W0232,52.3023,10.8089,2.5,,16.1,17.1,0.244,17.5,0.152,2.56,icon_d2
2026-09-05,W0233,52.3023,10.8384,1.0,,16.1,17.1,0.276,17.6,0.152,2.62,icon_d2
2026-09-05,W0234,52.3023,10.868,1.0,,16.1,17.1,0.276,17.6,0.152,2.61,icon_d2
2026-09-05,W0235,52.3023,10.8975,1.0,,15.9,17.1,0.276,17.6,0.152,2.53,icon_d2
2026-09-05,W0236,52.3023,10.9271,0.4,,15.8,17.1,0.24,17.4,0.151,2.56,icon_d2
2026-09-05,W1356,52.31126,10.94258,0.1,,15.8,17.1,0.24,17.4,0.151,2.58,icon_d2
2026-09-05,W0237,52.3023,10.9861,0.6,,15.8,17.1,0.24,17.4,0.151,2.56,icon_d2
2026-09-05,W0238,52.3023,11.0157,0.2,,16.1,17.1,0.249,17.5,0.152,2.62,icon_d2
2026-09-05,W0239,52.3023,11.0452,0.3,,16.2,17.1,0.249,17.5,0.152,2.63,icon_d2
2026-09-05,W0240,52.3023,11.0747,0.2,,16.1,17.0,0.244,17.2,0.153,2.71,icon_d2
2026-09-05,W0241,52.3023,11.1043,0.2,,16.3,17.0,0.244,17.2,0.153,2.68,icon_d2
2026-09-05,W0242,52.3023,11.1338,0.0,,15.9,17.0,0.244,17.2,0.153,2.66,icon_d2
2026-09-05,W1357,52.31126,11.14953,0.1,,16.1,17.3,0.249,17.7,0.153,2.68,icon_d2
2026-09-05,W1358,52.32928,10.11478,1.0,,16.3,17.3,0.269,17.9,0.151,2.73,icon_d2
2026-09-05,W1359,52.32928,10.14435,0.8,,16.3,17.3,0.269,17.9,0.151,2.73,icon_d2
2026-09-05,W1360,52.32928,10.17391,1.1,,16.3,17.3,0.269,17.9,0.151,2.76,icon_d2
2026-09-05,W0243,52.3203,10.2182,1.1,,16.3,17.3,0.269,17.9,0.151,2.74,icon_d2
2026-09-05,W1361,52.32928,10.23304,1.1,,16.6,17.3,0.269,17.9,0.151,2.82,icon_d2
2026-09-05,W1362,52.32928,10.2626,2.3,,16.6,17.3,0.301,17.7,0.174,2.87,icon_d2
2026-09-05,W0244,52.3203,10.3068,2.4,,16.4,17.3,0.301,17.7,0.174,2.72,icon_d2
2026-09-05,W0245,52.3203,10.3363,2.7,,16.5,17.3,0.301,17.7,0.174,2.76,icon_d2
2026-09-05,W1363,52.32928,10.3513,2.7,,16.4,17.3,0.301,17.7,0.174,2.75,icon_d2
2026-09-05,W1364,52.32928,10.38086,2.9,,16.4,17.3,0.301,17.7,0.174,2.79,icon_d2
2026-09-05,W1365,52.32928,10.41042,2.8,,16.4,17.3,0.301,17.7,0.174,2.81,icon_d2
2026-09-05,W1366,52.32928,10.43999,3.0,,16.4,17.3,0.283,17.8,0.152,2.76,icon_d2
2026-09-05,W1367,52.32928,10.46955,2.8,,16.5,17.3,0.283,17.8,0.152,2.8,icon_d2
2026-09-05,W1368,52.32928,10.49912,2.9,,16.7,17.3,0.283,17.8,0.152,2.78,icon_d2
2026-09-05,W1369,52.32928,10.52868,3.0,,16.7,17.3,0.283,17.8,0.152,2.72,icon_d2
2026-09-05,W0246,52.3203,10.5726,1.0,,16.3,17.3,0.283,17.8,0.152,2.7,icon_d2
2026-09-05,W0247,52.3203,10.6021,1.1,,16.2,17.2,0.271,17.6,0.153,2.64,icon_d2
2026-09-05,W0248,52.3203,10.6317,0.6,,16.4,17.2,0.271,17.6,0.153,2.66,icon_d2
2026-09-05,W0249,52.3203,10.6612,1.0,,16.3,17.2,0.271,17.6,0.153,2.62,icon_d2
2026-09-05,W0250,52.3203,10.6908,1.1,,16.3,17.2,0.271,17.6,0.153,2.59,icon_d2
2026-09-05,W0251,52.3203,10.7203,1.1,,16.1,17.2,0.271,17.6,0.153,2.57,icon_d2
2026-09-05,W0252,52.3203,10.7498,0.7,,16.2,17.1,0.244,17.5,0.152,2.6,icon_d2
2026-09-05,W1370,52.32928,10.76519,1.2,,16.2,17.1,0.276,17.6,0.152,2.6,icon_d2
2026-09-05,W1371,52.32928,10.79476,1.0,,16.1,17.1,0.276,17.6,0.152,2.65,icon_d2
2026-09-05,W0253,52.3203,10.8384,0.6,,16.0,17.1,0.276,17.6,0.152,2.63,icon_d2
2026-09-05,W0254,52.3203,10.868,0.5,,16.0,17.1,0.276,17.6,0.152,2.57,icon_d2
2026-09-05,W1372,52.32928,10.88345,0.5,,16.0,17.1,0.276,17.6,0.152,2.57,icon_d2
2026-09-05,W0255,52.3203,10.9271,0.1,,15.7,17.1,0.24,17.4,0.151,2.57,icon_d2
2026-09-05,W0256,52.3203,10.9566,0.2,,15.8,17.1,0.249,17.5,0.152,2.66,icon_d2
2026-09-05,W0257,52.3203,10.9861,0.2,,16.0,17.1,0.249,17.5,0.152,2.68,icon_d2
2026-09-05,W1373,52.32928,11.00171,0.1,,16.0,17.1,0.249,17.5,0.152,2.72,icon_d2
2026-09-05,W0258,52.3203,11.0452,0.2,,16.1,17.1,0.249,17.5,0.152,2.73,icon_d2
2026-09-05,W1374,52.32928,11.06084,0.2,,16.3,17.1,0.249,17.5,0.152,2.74,icon_d2
2026-09-05,W1375,52.32928,11.0904,0.1,,16.5,17.3,0.249,17.7,0.153,2.77,icon_d2
2026-09-05,W1376,52.32928,11.11997,0.1,,16.3,17.3,0.249,17.7,0.153,2.73,icon_d2
2026-09-05,W1377,52.32928,11.14953,0.1,,16.2,17.3,0.249,17.7,0.153,2.69,icon_d2
2026-09-05,W0260,52.3383,10.1295,1.9,,16.3,17.3,0.269,17.9,0.151,2.64,icon_d2
2026-09-05,W1378,52.3473,10.14435,2.1,,16.4,17.3,0.269,17.9,0.151,2.7,icon_d2
2026-09-05,W1379,52.3473,10.17391,2.1,,16.6,17.3,0.269,17.9,0.151,2.81,icon_d2
2026-09-05,W1380,52.3473,10.20347,2.1,,16.6,17.3,0.269,17.9,0.151,2.82,icon_d2
2026-09-05,W1381,52.3473,10.23304,2.4,,16.7,17.3,0.269,17.9,0.151,2.91,icon_d2
2026-09-05,W0281,52.3563,10.2772,1.1,,16.4,17.3,0.301,17.7,0.174,2.87,icon_d2
2026-09-05,W0282,52.3563,10.3068,0.9,,16.3,17.3,0.301,17.7,0.174,2.81,icon_d2
2026-09-05,W0261,52.3383,10.3363,1.6,,16.3,17.3,0.301,17.7,0.174,2.76,icon_d2
2026-09-05,W0262,52.3383,10.3658,0.8,,16.4,17.3,0.301,17.7,0.174,2.78,icon_d2
2026-09-05,W1382,52.3473,10.38086,1.4,,16.4,17.3,0.301,17.7,0.174,2.78,icon_d2
2026-09-05,W0285,52.3563,10.4249,0.3,,16.4,17.3,0.283,17.8,0.152,2.77,icon_d2
2026-09-05,W1383,52.3473,10.43999,1.2,,16.4,17.3,0.283,17.8,0.152,2.84,icon_d2
2026-09-05,W0263,52.3383,10.484,1.2,,16.4,17.3,0.283,17.8,0.152,2.78,icon_d2
2026-09-05,W0264,52.3383,10.5135,1.1,,16.4,17.3,0.283,17.8,0.152,2.75,icon_d2
2026-09-05,W1384,52.3473,10.52868,1.1,,16.3,17.3,0.283,17.8,0.152,2.74,icon_d2
2026-09-05,W0265,52.3383,10.5726,0.5,,16.2,17.3,0.283,17.8,0.152,2.68,icon_d2
2026-09-05,W0266,52.3383,10.6021,0.5,,16.1,17.2,0.271,17.6,0.153,2.67,icon_d2
2026-09-05,W0267,52.3383,10.6317,0.4,,16.2,17.2,0.271,17.6,0.153,2.61,icon_d2
2026-09-05,W0268,52.3383,10.6612,0.4,,16.2,17.2,0.271,17.6,0.153,2.61,icon_d2
2026-09-05,W0269,52.3383,10.6908,0.4,,16.3,17.2,0.271,17.6,0.153,2.65,icon_d2
2026-09-05,W0270,52.3383,10.7203,0.2,,16.1,17.2,0.271,17.6,0.153,2.63,icon_d2
2026-09-05,W0271,52.3383,10.7498,0.4,,16.2,17.2,0.271,17.6,0.153,2.63,icon_d2
2026-09-05,W1385,52.3473,10.76519,0.3,,16.3,17.1,0.276,17.6,0.152,2.64,icon_d2
2026-09-05,W0293,52.3563,10.8089,0.2,,16.2,17.1,0.276,17.6,0.152,2.61,icon_d2
2026-09-05,W0294,52.3563,10.8384,0.2,,16.1,17.1,0.276,17.6,0.152,2.56,icon_d2
2026-09-05,W0272,52.3383,10.868,0.1,,16.0,17.1,0.276,17.6,0.152,2.63,icon_d2
2026-09-05,W0273,52.3383,10.8975,0.1,,15.9,17.1,0.276,17.6,0.152,2.61,icon_d2
2026-09-05,W0274,52.3383,10.9271,0.1,,16.1,17.1,0.249,17.5,0.152,2.62,icon_d2
2026-09-05,W0275,52.3383,10.9566,0.2,,16.2,17.1,0.249,17.5,0.152,2.69,icon_d2
2026-09-05,W0276,52.3383,10.9861,0.3,,16.2,17.1,0.249,17.5,0.152,2.68,icon_d2
2026-09-05,W0297,52.3563,11.0157,0.3,,16.4,17.1,0.249,17.5,0.152,2.81,icon_d2
2026-09-05,W0298,52.3563,11.0452,0.3,,16.4,17.1,0.249,17.5,0.152,2.81,icon_d2
2026-09-05,W0299,52.3563,11.0747,0.2,,16.4,17.2,0.303,17.9,0.15,2.71,icon_d2
2026-09-05,W0277,52.3383,11.1043,0.2,,16.3,17.3,0.249,17.7,0.153,2.68,icon_d2
2026-09-05,W0278,52.3383,11.1338,0.1,,16.1,17.3,0.249,17.7,0.153,2.63,icon_d2
2026-09-05,W1386,52.3473,11.14953,0.1,,16.0,17.3,0.249,17.7,0.153,2.61,icon_d2
2026-09-05,W0302,52.3743,10.1,1.1,,16.3,17.3,0.269,17.9,0.151,2.75,icon_d2
2026-09-05,W1387,52.36532,10.14435,1.7,,16.4,17.3,0.269,17.9,0.151,2.83,icon_d2
2026-09-05,W0303,52.3743,10.1886,0.2,,16.3,17.2,0.315,17.6,0.171,2.79,icon_d2
2026-09-05,W1388,52.36532,10.20347,1.6,,16.3,17.2,0.315,17.6,0.171,2.82,icon_d2
2026-09-05,W1389,52.36532,10.23304,1.5,,16.6,17.2,0.315,17.6,0.171,2.91,icon_d2
2026-09-05,W1390,52.36532,10.2626,1.1,,16.4,17.3,0.301,17.7,0.174,2.87,icon_d2
2026-09-05,W0304,52.3743,10.3068,0.0,,16.3,17.3,0.301,17.7,0.174,2.77,icon_d2
2026-09-05,W0305,52.3743,10.3363,0.1,,16.2,17.3,0.301,17.7,0.174,2.71,icon_d2
2026-09-05,W0306,52.3743,10.3658,0.1,,16.4,17.0,0.323,17.2,0.194,2.73,icon_d2
2026-09-05,W0307,52.3743,10.3954,0.0,,16.4,17.0,0.323,17.2,0.194,2.77,icon_d2
2026-09-05,W0308,52.3743,10.4249,0.1,,16.3,17.0,0.323,17.2,0.194,2.77,icon_d2
2026-09-05,W1391,52.36532,10.43999,0.1,,16.3,17.3,0.283,17.8,0.152,2.77,icon_d2
2026-09-05,W1392,52.36532,10.46955,0.4,,16.2,17.3,0.283,17.8,0.152,2.76,icon_d2
2026-09-05,W0309,52.3743,10.5135,0.1,,16.3,17.2,0.29,17.6,0.158,2.76,icon_d2
2026-09-05,W1393,52.36532,10.52868,0.3,,16.2,17.3,0.283,17.8,0.152,2.7,icon_d2
2026-09-05,W0310,52.3743,10.5726,0.1,,16.2,17.2,0.29,17.6,0.158,2.74,icon_d2
2026-09-05,W1394,52.36532,10.58781,0.2,,16.2,17.2,0.29,17.6,0.158,2.74,icon_d2
2026-09-05,W1395,52.36532,10.61737,0.2,,16.1,17.2,0.271,17.6,0.153,2.63,icon_d2
2026-09-05,W0311,52.3743,10.6612,0.1,,16.1,17.2,0.271,17.6,0.153,2.64,icon_d2
2026-09-05,W0312,52.3743,10.6908,0.1,,16.3,17.2,0.265,18.0,0.154,2.62,icon_d2
2026-09-05,W0313,52.3743,10.7203,0.1,,16.1,17.2,0.265,18.0,0.154,2.6,icon_d2
2026-09-05,W0314,52.3743,10.7498,0.2,,16.1,17.2,0.265,18.0,0.154,2.63,icon_d2
2026-09-05,W0315,52.3743,10.7794,0.2,,16.0,17.1,0.276,17.6,0.152,2.63,icon_d2
2026-09-05,W0316,52.3743,10.8089,0.2,,16.0,17.1,0.276,17.6,0.152,2.63,icon_d2
2026-09-05,W0317,52.3743,10.8384,0.3,,16.1,17.2,0.284,18.1,0.155,2.66,icon_d2
2026-09-05,W0318,52.3743,10.868,0.3,,16.0,17.2,0.284,18.1,0.155,2.65,icon_d2
2026-09-05,W0319,52.3743,10.8975,0.4,,16.4,17.2,0.284,18.1,0.155,2.77,icon_d2
2026-09-05,W1396,52.36532,10.91302,0.2,,16.1,17.2,0.284,18.1,0.155,2.69,icon_d2
2026-09-05,W1397,52.36532,10.94258,0.3,,16.3,17.1,0.249,17.5,0.152,2.75,icon_d2
2026-09-05,W0320,52.3743,10.9861,0.5,,16.4,17.1,0.249,17.5,0.152,2.85,icon_d2
2026-09-05,W0321,52.3743,11.0157,0.4,,16.4,17.2,0.303,17.9,0.15,2.8,icon_d2
2026-09-05,W0322,52.3743,11.0452,0.3,,16.5,17.2,0.303,17.9,0.15,2.82,icon_d2
2026-09-05,W0323,52.3743,11.0747,0.3,,16.5,17.2,0.303,17.9,0.15,2.82,icon_d2
2026-09-05,W1607,52.36532,11.0904,0.2,,16.5,17.3,0.249,17.7,0.153,2.73,icon_d2
2026-09-05,W1398,52.36532,11.11997,0.1,,16.4,17.3,0.249,17.7,0.153,2.68,icon_d2
2026-09-05,W1399,52.36532,11.14953,0.1,,16.3,17.3,0.249,17.7,0.153,2.67,icon_d2
2026-09-05,W1400,52.38333,10.11478,0.2,,16.3,17.3,0.269,17.9,0.151,2.79,icon_d2
2026-09-05,W1401,52.38333,10.14435,0.2,,16.3,17.2,0.315,17.6,0.171,2.79,icon_d2
2026-09-05,W1402,52.38333,10.17391,0.2,,16.4,17.2,0.315,17.6,0.171,2.79,icon_d2
2026-09-05,W0324,52.3923,10.2182,0.0,,16.2,17.2,0.315,17.6,0.171,2.66,icon_d2
2026-09-05,W0325,52.3923,10.2477,0.0,,16.1,17.2,0.315,17.6,0.171,2.67,icon_d2
2026-09-05,W1403,52.38333,10.2626,0.0,,16.3,17.2,0.315,17.6,0.171,2.76,icon_d2
2026-09-05,W1404,52.38333,10.29217,0.0,,16.3,17.3,0.301,17.7,0.174,2.77,icon_d2
2026-09-05,W0326,52.3923,10.3363,0.0,,16.3,17.0,0.323,17.2,0.194,2.73,icon_d2
2026-09-05,W0327,52.3923,10.3658,0.0,,16.2,17.0,0.323,17.2,0.194,2.72,icon_d2
2026-09-05,W0328,52.3923,10.3954,0.0,,16.3,17.0,0.323,17.2,0.194,2.76,icon_d2
2026-09-05,W1405,52.38333,10.41042,0.1,,16.4,17.0,0.323,17.2,0.194,2.78,icon_d2
2026-09-05,W0329,52.3923,10.4545,0.1,,16.2,17.2,0.29,17.6,0.158,2.63,icon_d2
2026-09-05,W0330,52.3923,10.484,0.1,,16.2,17.2,0.29,17.6,0.158,2.64,icon_d2
2026-09-05,W0331,52.3923,10.5135,0.1,,16.2,17.2,0.29,17.6,0.158,2.69,icon_d2
2026-09-05,W1406,52.38333,10.52868,0.1,,16.2,17.2,0.29,17.6,0.158,2.76,icon_d2
2026-09-05,W1407,52.38333,10.55825,0.1,,16.2,17.2,0.29,17.6,0.158,2.78,icon_d2
2026-09-05,W0332,52.3923,10.6021,0.1,,16.3,17.2,0.29,17.6,0.158,2.75,icon_d2
2026-09-05,W1408,52.38333,10.61737,0.1,,16.2,17.2,0.271,17.6,0.153,2.71,icon_d2
2026-09-05,W0333,52.3923,10.6612,0.0,,16.2,17.2,0.265,18.0,0.154,2.73,icon_d2
2026-09-05,W0334,52.3923,10.6908,0.2,,16.3,17.2,0.265,18.0,0.154,2.71,icon_d2
2026-09-05,W0335,52.3923,10.7203,0.2,,16.3,17.2,0.265,18.0,0.154,2.72,icon_d2
2026-09-05,W0336,52.3923,10.7498,0.2,,16.3,17.2,0.265,18.0,0.154,2.72,icon_d2
2026-09-05,W0337,52.3923,10.7794,0.3,,16.1,17.2,0.284,18.1,0.155,2.63,icon_d2
2026-09-05,W0338,52.3923,10.8089,0.3,,16.3,17.2,0.284,18.1,0.155,2.64,icon_d2
2026-09-05,W1409,52.38333,10.82432,0.2,,16.2,17.2,0.284,18.1,0.155,2.64,icon_d2
2026-09-05,W0339,52.3923,10.868,0.5,,16.5,17.2,0.284,18.1,0.155,2.75,icon_d2
2026-09-05,W0340,52.3923,10.8975,0.4,,16.4,17.2,0.284,18.1,0.155,2.74,icon_d2
2026-09-05,W1410,52.38333,10.91302,0.4,,16.5,17.2,0.284,18.1,0.155,2.89,icon_d2
2026-09-05,W1411,52.38333,10.94258,0.4,,16.4,17.1,0.249,17.5,0.152,2.85,icon_d2
2026-09-05,W1412,52.38333,10.97214,0.5,,16.5,17.1,0.249,17.5,0.152,2.86,icon_d2
2026-09-05,W0341,52.3923,11.0157,0.4,,16.6,17.2,0.303,17.9,0.15,2.84,icon_d2
2026-09-05,W0342,52.3923,11.0452,0.2,,16.5,17.2,0.303,17.9,0.15,2.83,icon_d2
2026-09-05,W0343,52.3923,11.0747,0.1,,16.4,17.2,0.303,17.9,0.15,2.86,icon_d2
2026-09-05,W1413,52.38333,11.0904,0.1,,16.5,17.2,0.303,17.9,0.15,2.87,icon_d2
2026-09-05,W1414,52.38333,11.11997,0.1,,16.5,17.3,0.249,17.7,0.153,2.88,icon_d2
2026-09-05,W1415,52.38333,11.14953,0.0,,16.4,17.2,0.313,17.5,0.172,2.83,icon_d2
2026-09-05,W1416,52.40135,10.11478,0.0,,16.2,17.2,0.315,17.6,0.171,2.78,icon_d2
2026-09-05,W1417,52.40135,10.14435,0.0,,16.3,17.2,0.315,17.6,0.171,2.75,icon_d2
2026-09-05,W1418,52.40135,10.17391,0.0,,16.3,17.2,0.315,17.6,0.171,2.76,icon_d2
2026-09-05,W1419,52.40135,10.20347,0.0,,16.2,17.2,0.315,17.6,0.171,2.66,icon_d2
2026-09-05,W1420,52.40135,10.23304,0.0,,16.0,17.2,0.315,17.6,0.171,2.66,icon_d2
2026-09-05,W1421,52.40135,10.2626,0.0,,16.2,17.2,0.315,17.6,0.171,2.67,icon_d2
2026-09-05,W1422,52.40135,10.29217,0.1,,16.3,17.0,0.323,17.2,0.194,2.75,icon_d2
2026-09-05,W1423,52.40135,10.32173,0.0,,16.2,17.0,0.323,17.2,0.194,2.73,icon_d2
2026-09-05,W1424,52.40135,10.3513,0.0,,16.3,17.0,0.323,17.2,0.194,2.72,icon_d2
2026-09-05,W1425,52.40135,10.38086,0.0,,16.3,17.0,0.323,17.2,0.194,2.72,icon_d2
2026-09-05,W1426,52.40135,10.41042,0.1,,16.3,17.0,0.323,17.2,0.194,2.7,icon_d2
2026-09-05,W1427,52.40135,10.43999,0.1,,16.3,17.2,0.29,17.6,0.158,2.7,icon_d2
2026-09-05,W1428,52.40135,10.46955,0.1,,16.2,17.2,0.29,17.6,0.158,2.64,icon_d2
2026-09-05,W1429,52.40135,10.49912,0.1,,16.1,17.2,0.29,17.6,0.158,2.7,icon_d2
2026-09-05,W1430,52.40135,10.52868,0.1,,16.3,17.2,0.29,17.6,0.158,2.7,icon_d2
2026-09-05,W1431,52.40135,10.55825,0.1,,16.3,17.2,0.29,17.6,0.158,2.78,icon_d2
2026-09-05,W1432,52.40135,10.58781,0.1,,16.3,17.2,0.29,17.6,0.158,2.78,icon_d2
2026-09-05,W1433,52.40135,10.61737,0.1,,16.2,17.2,0.265,18.0,0.154,2.74,icon_d2
2026-09-05,W1434,52.40135,10.64694,0.1,,16.2,17.2,0.265,18.0,0.154,2.73,icon_d2
2026-09-05,W1435,52.40135,10.6765,0.2,,16.2,17.2,0.265,18.0,0.154,2.7,icon_d2
2026-09-05,W1436,52.40135,10.70607,0.2,,16.1,17.2,0.265,18.0,0.154,2.69,icon_d2
2026-09-05,W1437,52.40135,10.73563,0.2,,16.2,17.2,0.265,18.0,0.154,2.71,icon_d2
2026-09-05,W1438,52.40135,10.76519,0.2,,16.1,17.2,0.265,18.0,0.154,2.64,icon_d2
2026-09-05,W1439,52.40135,10.79476,0.3,,16.1,17.2,0.284,18.1,0.155,2.63,icon_d2
2026-09-05,W1440,52.40135,10.82432,0.3,,16.3,17.2,0.284,18.1,0.155,2.7,icon_d2
2026-09-05,W1441,52.40135,10.85389,0.5,,16.5,17.2,0.284,18.1,0.155,2.74,icon_d2
2026-09-05,W1442,52.40135,10.88345,0.5,,16.3,17.2,0.284,18.1,0.155,2.73,icon_d2
2026-09-05,W1443,52.40135,10.91302,0.5,,16.5,17.2,0.284,18.1,0.155,2.85,icon_d2
2026-09-05,W1444,52.40135,10.94258,0.5,,16.6,17.2,0.303,17.9,0.15,2.87,icon_d2
2026-09-05,W1445,52.40135,10.97214,0.4,,16.6,17.2,0.303,17.9,0.15,2.93,icon_d2
2026-09-05,W1446,52.40135,11.00171,0.3,,16.6,17.2,0.303,17.9,0.15,2.89,icon_d2
2026-09-05,W1447,52.40135,11.03127,0.2,,16.5,17.2,0.303,17.9,0.15,2.83,icon_d2
2026-09-05,W1448,52.40135,11.06084,0.2,,16.5,17.2,0.303,17.9,0.15,2.83,icon_d2
2026-09-05,W1449,52.40135,11.0904,0.1,,16.5,17.2,0.303,17.9,0.15,2.87,icon_d2
2026-09-05,W1450,52.40135,11.11997,0.0,,16.5,17.2,0.313,17.5,0.172,2.87,icon_d2
2026-09-05,W1451,52.40135,11.14953,0.0,,16.5,17.2,0.313,17.5,0.172,2.87,icon_d2
2026-09-05,W0345,52.4104,10.1295,0.0,,16.2,17.2,0.315,17.6,0.171,2.66,icon_d2
2026-09-05,W1452,52.41937,10.14435,0.0,,16.1,17.2,0.315,17.6,0.171,2.61,icon_d2
2026-09-05,W0346,52.4104,10.1886,0.0,,16.1,17.2,0.315,17.6,0.171,2.62,icon_d2
2026-09-05,W0347,52.4104,10.2182,0.0,,16.2,17.2,0.315,17.6,0.171,2.65,icon_d2
2026-09-05,W0348,52.4104,10.2477,0.0,,16.1,17.2,0.315,17.6,0.171,2.64,icon_d2
2026-09-05,W0349,52.4104,10.2772,0.0,,16.2,17.0,0.323,17.2,0.194,2.73,icon_d2
2026-09-05,W1453,52.41937,10.29217,0.0,,16.2,17.0,0.323,17.2,0.194,2.72,icon_d2
2026-09-05,W0350,52.4104,10.3363,0.0,,16.3,17.0,0.323,17.2,0.194,2.74,icon_d2
2026-09-05,W0351,52.4104,10.3658,0.0,,16.1,17.0,0.323,17.2,0.194,2.62,icon_d2
2026-09-05,W1454,52.41937,10.38086,0.0,,16.2,17.0,0.323,17.2,0.194,2.64,icon_d2
2026-09-05,W0352,52.4104,10.4249,0.0,,16.2,17.0,0.323,17.2,0.194,2.6,icon_d2
2026-09-05,W0353,52.4104,10.4545,0.0,,16.1,17.2,0.29,17.6,0.158,2.55,icon_d2
2026-09-05,W0354,52.4104,10.484,0.1,,16.3,17.2,0.29,17.6,0.158,2.59,icon_d2
2026-09-05,W0355,52.4104,10.5135,0.1,,16.3,17.2,0.29,17.6,0.158,2.62,icon_d2
2026-09-05,W0356,52.4104,10.5431,0.1,,16.3,17.2,0.29,17.6,0.158,2.76,icon_d2
2026-09-05,W1455,52.41937,10.55825,0.1,,16.2,17.2,0.29,17.6,0.158,2.75,icon_d2
2026-09-05,W1456,52.41937,10.58781,0.2,,16.4,17.2,0.29,17.6,0.158,2.81,icon_d2
2026-09-05,W1457,52.41937,10.61737,0.3,,16.5,17.2,0.265,18.0,0.154,2.75,icon_d2
2026-09-05,W1458,52.41937,10.64694,0.2,,16.4,17.2,0.265,18.0,0.154,2.8,icon_d2
2026-09-05,W1459,52.41937,10.6765,0.3,,16.5,17.2,0.265,18.0,0.154,2.79,icon_d2
2026-09-05,W1460,52.41937,10.70607,0.3,,16.5,17.2,0.265,18.0,0.154,2.79,icon_d2
2026-09-05,W0357,52.4104,10.7498,0.3,,16.5,17.2,0.265,18.0,0.154,2.79,icon_d2
2026-09-05,W0358,52.4104,10.7794,0.4,,16.5,17.2,0.284,18.1,0.155,2.75,icon_d2
2026-09-05,W0359,52.4104,10.8089,0.4,,16.8,17.2,0.284,18.1,0.155,2.83,icon_d2
2026-09-05,W1461,52.41937,10.82432,0.4,,16.8,17.2,0.284,18.1,0.155,2.83,icon_d2
2026-09-05,W0360,52.4104,10.868,0.4,,16.4,17.2,0.284,18.1,0.155,2.84,icon_d2
2026-09-05,W0361,52.4104,10.8975,0.3,,16.4,17.2,0.284,18.1,0.155,2.79,icon_d2
2026-09-05,W0362,52.4104,10.9271,0.3,,16.4,17.2,0.284,18.1,0.155,2.79,icon_d2
2026-09-05,W0363,52.4104,10.9566,0.1,,16.5,17.2,0.303,17.9,0.15,2.85,icon_d2
2026-09-05,W1462,52.41937,10.97214,0.1,,16.7,17.2,0.303,17.9,0.15,2.93,icon_d2
2026-09-05,W1463,52.41937,11.00171,0.1,,16.6,17.2,0.303,17.9,0.15,2.91,icon_d2
2026-09-05,W0364,52.4104,11.0452,0.1,,16.4,17.2,0.303,17.9,0.15,2.83,icon_d2
2026-09-05,W1464,52.41937,11.06084,0.1,,16.6,17.2,0.303,17.9,0.15,2.84,icon_d2
2026-09-05,W1465,52.41937,11.0904,0.0,,16.7,17.2,0.303,17.9,0.15,2.89,icon_d2
2026-09-05,W1466,52.41937,11.11997,0.0,,16.6,17.2,0.313,17.5,0.172,2.83,icon_d2
2026-09-05,W1467,52.41937,11.14953,0.0,,16.6,17.2,0.313,17.5,0.172,2.83,icon_d2
2026-09-05,W0366,52.4284,10.1295,0.0,,16.1,17.2,0.315,17.6,0.171,2.66,icon_d2
2026-09-05,W0367,52.4284,10.1591,0.0,,16.2,17.2,0.315,17.6,0.171,2.64,icon_d2
2026-09-05,W0368,52.4284,10.1886,0.0,,16.1,17.2,0.315,17.6,0.171,2.62,icon_d2
2026-09-05,W0369,52.4284,10.2182,0.0,,16.2,17.2,0.315,17.6,0.171,2.65,icon_d2
2026-09-05,W0370,52.4284,10.2477,0.0,,16.2,17.2,0.315,17.6,0.171,2.65,icon_d2
2026-09-05,W0371,52.4284,10.2772,0.0,,16.3,17.0,0.323,17.2,0.194,2.73,icon_d2
2026-09-05,W0372,52.4284,10.3068,0.0,,16.3,17.0,0.323,17.2,0.194,2.73,icon_d2
2026-09-05,W0373,52.4284,10.3363,0.0,,16.3,17.0,0.323,17.2,0.194,2.74,icon_d2
2026-09-05,W0374,52.4284,10.3658,0.0,,16.2,17.0,0.323,17.2,0.194,2.63,icon_d2
2026-09-05,W1468,52.43739,10.38086,0.0,,16.2,17.0,0.323,17.2,0.194,2.55,icon_d2
2026-09-05,W1469,52.43739,10.41042,0.0,,16.2,17.2,0.302,17.5,0.175,2.58,icon_d2
2026-09-05,W0375,52.4284,10.4545,0.0,,16.2,17.2,0.29,17.6,0.158,2.56,icon_d2
2026-09-05,W0376,52.4284,10.484,0.1,,16.3,17.2,0.29,17.6,0.158,2.59,icon_d2
2026-09-05,W0377,52.4284,10.5135,0.1,,16.4,17.2,0.29,17.6,0.158,2.63,icon_d2
2026-09-05,W0378,52.4284,10.5431,0.1,,16.3,17.2,0.29,17.6,0.158,2.76,icon_d2
2026-09-05,W0379,52.4284,10.5726,0.2,,16.4,17.2,0.29,17.6,0.158,2.82,icon_d2
2026-09-05,W1470,52.43739,10.58781,0.2,,16.4,17.3,0.302,17.9,0.161,2.78,icon_d2
2026-09-05,W0380,52.4284,10.6317,0.2,,16.5,17.2,0.265,18.0,0.154,2.81,icon_d2
2026-09-05,W0381,52.4284,10.6612,0.2,,16.5,17.2,0.265,18.0,0.154,2.81,icon_d2
2026-09-05,W1471,52.43739,10.6765,0.5,,16.5,17.2,0.265,18.0,0.154,2.67,icon_d2
2026-09-05,W1472,52.43739,10.70607,0.5,,16.5,17.2,0.265,18.0,0.154,2.64,icon_d2
2026-09-05,W0382,52.4284,10.7498,0.3,,16.7,17.2,0.316,17.7,0.164,2.81,icon_d2
2026-09-05,W1473,52.43739,10.76519,0.4,,16.9,17.2,0.316,17.7,0.164,2.89,icon_d2
2026-09-05,W1474,52.43739,10.79476,0.4,,16.7,17.2,0.284,18.1,0.155,2.88,icon_d2
2026-09-05,W1475,52.43739,10.82432,0.4,,16.9,17.2,0.284,18.1,0.155,2.89,icon_d2
2026-09-05,W0383,52.4284,10.868,0.4,,16.7,17.2,0.284,18.1,0.155,2.86,icon_d2
2026-09-05,W0384,52.4284,10.8975,0.3,,16.5,17.2,0.284,18.1,0.155,2.8,icon_d2
2026-09-05,W0385,52.4284,10.9271,0.3,,16.7,17.1,0.307,17.5,0.161,2.82,icon_d2
2026-09-05,W0386,52.4284,10.9566,0.1,,16.7,17.2,0.303,17.9,0.15,2.86,icon_d2
2026-09-05,W1476,52.43739,10.97214,0.1,,16.6,17.2,0.303,17.9,0.15,2.93,icon_d2
2026-09-05,W0387,52.4284,11.0157,0.1,,16.6,17.2,0.303,17.9,0.15,2.9,icon_d2
2026-09-05,W0388,52.4284,11.0452,0.1,,16.5,17.2,0.303,17.9,0.15,2.84,icon_d2
2026-09-05,W1477,52.43739,11.06084,0.1,,16.5,16.8,0.326,17.1,0.245,2.77,icon_d2
2026-09-05,W1478,52.43739,11.0904,0.0,,16.4,16.8,0.326,17.1,0.245,2.69,icon_d2
2026-09-05,W0389,52.4284,11.1338,0.0,,16.6,17.2,0.313,17.5,0.172,2.83,icon_d2
2026-09-05,W1479,52.43739,11.14953,0.1,,16.5,17.2,0.313,17.5,0.172,2.73,icon_d2
2026-09-05,W0416,52.4644,10.1295,0.1,,16.1,17.1,0.208,17.7,0.076,2.54,icon_d2
2026-09-05,W0417,52.4644,10.1591,0.1,,16.2,17.1,0.208,17.7,0.076,2.52,icon_d2
2026-09-05,W0418,52.4644,10.1886,0.1,,16.2,17.1,0.208,17.7,0.076,2.53,icon_d2
2026-09-05,W0419,52.4644,10.2182,0.1,,16.2,17.1,0.208,17.7,0.076,2.6,icon_d2
2026-09-05,W0420,52.4644,10.2477,0.0,,16.2,17.1,0.208,17.7,0.076,2.62,icon_d2
2026-09-05,W0421,52.4644,10.2772,0.0,,16.2,17.1,0.208,17.7,0.076,2.63,icon_d2
2026-09-05,W0422,52.4644,10.3068,0.0,,16.1,17.2,0.302,17.5,0.175,2.62,icon_d2
2026-09-05,W0423,52.4644,10.3363,0.0,,16.2,17.2,0.302,17.5,0.175,2.57,icon_d2
2026-09-05,W0424,52.4644,10.3658,0.0,,16.2,17.2,0.302,17.5,0.175,2.57,icon_d2
2026-09-05,W0425,52.4644,10.3954,0.1,,16.2,17.2,0.302,17.5,0.175,2.49,icon_d2
2026-09-05,W0426,52.4644,10.4249,0.1,,16.3,17.2,0.302,17.5,0.175,2.49,icon_d2
2026-09-05,W0427,52.4644,10.4545,0.4,,16.2,17.2,0.302,17.5,0.175,2.48,icon_d2
2026-09-05,W0428,52.4644,10.484,0.3,,16.2,17.3,0.302,17.9,0.161,2.55,icon_d2
2026-09-05,W0429,52.4644,10.5135,0.5,,16.3,17.3,0.302,17.9,0.161,2.57,icon_d2
2026-09-05,W0430,52.4644,10.5431,0.4,,16.5,17.3,0.302,17.9,0.161,2.7,icon_d2
2026-09-05,W0431,52.4644,10.5726,0.5,,16.4,17.3,0.302,17.9,0.161,2.7,icon_d2
2026-09-05,W0432,52.4644,10.6021,0.6,,16.4,17.3,0.302,17.9,0.161,2.64,icon_d2
2026-09-05,W0433,52.4644,10.6317,0.5,,16.4,17.2,0.316,17.7,0.164,2.61,icon_d2
2026-09-05,W0434,52.4644,10.6612,0.5,,16.4,17.2,0.316,17.7,0.164,2.61,icon_d2
2026-09-05,W0435,52.4644,10.6908,0.5,,16.4,17.2,0.316,17.7,0.164,2.63,icon_d2
2026-09-05,W0408,52.4464,10.7203,0.5,,16.4,17.2,0.316,17.7,0.164,2.68,icon_d2
2026-09-05,W1481,52.45541,10.73563,0.3,,16.3,17.2,0.316,17.7,0.164,2.65,icon_d2
2026-09-05,W0436,52.4644,10.7794,0.3,,16.2,17.2,0.316,17.7,0.164,2.68,icon_d2
2026-09-05,W0437,52.4644,10.8089,0.4,,16.3,17.1,0.307,17.5,0.161,2.71,icon_d2
2026-09-05,W0438,52.4644,10.8384,0.3,,16.5,17.1,0.307,17.5,0.161,2.82,icon_d2
2026-09-05,W0439,52.4644,10.868,0.3,,16.6,17.1,0.307,17.5,0.161,2.83,icon_d2
2026-09-05,W0440,52.4644,10.8975,0.2,,16.6,17.1,0.307,17.5,0.161,2.83,icon_d2
2026-09-05,W0441,52.4644,10.9271,0.3,,16.6,17.1,0.307,17.5,0.161,2.85,icon_d2
2026-09-05,W0442,52.4644,10.9566,0.1,,16.6,17.1,0.307,17.5,0.161,2.89,icon_d2
2026-09-05,W1482,52.45541,10.97214,0.1,,16.5,17.2,0.303,17.9,0.15,2.89,icon_d2
2026-09-05,W1609,52.45541,11.00171,0.1,,16.5,16.8,0.326,17.1,0.245,2.84,icon_d2
2026-09-05,W0443,52.4644,11.0452,0.2,,16.3,16.8,0.326,17.1,0.245,2.61,icon_d2
2026-09-05,W1483,52.45541,11.06084,0.1,,16.4,16.8,0.326,17.1,0.245,2.65,icon_d2
2026-09-05,W0444,52.4644,11.1043,0.1,,16.4,16.8,0.326,17.1,0.245,2.61,icon_d2
2026-09-05,W0445,52.4644,11.1338,0.2,,16.4,17.1,0.294,17.4,0.204,2.65,icon_d2
2026-09-05,W1484,52.45541,11.14953,0.2,,16.4,17.2,0.313,17.5,0.172,2.66,icon_d2
2026-09-05,W0446,52.4824,10.1295,0.1,,16.2,17.1,0.208,17.7,0.076,2.63,icon_d2
2026-09-05,W0447,52.4824,10.1591,0.0,,16.3,17.1,0.208,17.7,0.076,2.52,icon_d2
2026-09-05,W0448,52.4824,10.1886,0.0,,16.2,17.1,0.208,17.7,0.076,2.53,icon_d2
2026-09-05,W1485,52.47342,10.20347,0.0,,16.3,17.1,0.208,17.7,0.076,2.57,icon_d2
2026-09-05,W0449,52.4824,10.2477,0.0,,16.3,17.1,0.208,17.7,0.076,2.62,icon_d2
2026-09-05,W0450,52.4824,10.2772,0.0,,16.3,17.1,0.208,17.7,0.076,2.64,icon_d2
2026-09-05,W0451,52.4824,10.3068,0.0,,16.2,17.2,0.302,17.5,0.175,2.62,icon_d2
2026-09-05,W1486,52.47342,10.32173,0.1,,16.2,17.2,0.302,17.5,0.175,2.6,icon_d2
2026-09-05,W1487,52.47342,10.3513,0.1,,16.3,17.2,0.302,17.5,0.175,2.54,icon_d2
2026-09-05,W0452,52.4824,10.3954,0.1,,16.2,17.2,0.302,17.5,0.175,2.5,icon_d2
2026-09-05,W0453,52.4824,10.4249,0.2,,16.2,17.2,0.302,17.5,0.175,2.47,icon_d2
2026-09-05,W0454,52.4824,10.4545,0.7,,16.2,17.2,0.302,17.5,0.175,2.51,icon_d2
2026-09-05,W0455,52.4824,10.484,0.7,,16.2,17.3,0.302,17.9,0.161,2.52,icon_d2
2026-09-05,W0456,52.4824,10.5135,0.8,,16.2,17.3,0.302,17.9,0.161,2.51,icon_d2
2026-09-05,W1488,52.47342,10.52868,0.8,,16.2,17.3,0.302,17.9,0.161,2.51,icon_d2
2026-09-05,W0457,52.4824,10.5726,0.7,,16.6,17.3,0.302,17.9,0.161,2.71,icon_d2
2026-09-05,W0458,52.4824,10.6021,0.6,,16.4,17.3,0.302,17.9,0.161,2.66,icon_d2
2026-09-05,W0459,52.4824,10.6317,0.4,,16.4,17.2,0.316,17.7,0.164,2.67,icon_d2
2026-09-05,W0460,52.4824,10.6612,0.3,,16.4,17.2,0.316,17.7,0.164,2.68,icon_d2
2026-09-05,W0461,52.4824,10.6908,0.2,,16.3,17.2,0.316,17.7,0.164,2.68,icon_d2
2026-09-05,W0462,52.4824,10.7203,0.1,,16.2,17.2,0.316,17.7,0.164,2.67,icon_d2
2026-09-05,W1489,52.47342,10.73563,0.1,,16.2,17.2,0.316,17.7,0.164,2.67,icon_d2
2026-09-05,W0463,52.4824,10.7794,0.5,,16.3,17.2,0.316,17.7,0.164,2.67,icon_d2
2026-09-05,W0464,52.4824,10.8089,0.5,,16.2,17.1,0.307,17.5,0.161,2.66,icon_d2
2026-09-05,W1490,52.47342,10.82432,0.5,,16.3,17.1,0.307,17.5,0.161,2.74,icon_d2
2026-09-05,W1491,52.47342,10.85389,0.5,,16.3,17.1,0.307,17.5,0.161,2.72,icon_d2
2026-09-05,W1492,52.47342,10.88345,0.5,,16.4,17.1,0.307,17.5,0.161,2.77,icon_d2
2026-09-05,W1493,52.47342,10.91302,0.2,,16.5,17.1,0.307,17.5,0.161,2.79,icon_d2
2026-09-05,W0465,52.4824,10.9566,0.3,,16.4,17.1,0.307,17.5,0.161,2.75,icon_d2
2026-09-05,W0466,52.4824,10.9861,0.2,,16.5,16.8,0.326,17.1,0.245,2.8,icon_d2
2026-09-05,W0467,52.4824,11.0157,0.1,,16.3,16.8,0.326,17.1,0.245,2.7,icon_d2
2026-09-05,W0468,52.4824,11.0452,0.2,,16.3,16.8,0.326,17.1,0.245,2.61,icon_d2
2026-09-05,W1494,52.47342,11.06084,0.2,,16.3,16.8,0.326,17.1,0.245,2.61,icon_d2
2026-09-05,W1495,52.47342,11.0904,0.3,,16.3,16.8,0.326,17.1,0.245,2.55,icon_d2
2026-09-05,W1496,52.47342,11.11997,0.3,,16.3,16.8,0.326,17.1,0.245,2.59,icon_d2
2026-09-05,W1497,52.47342,11.14953,0.3,,16.3,17.1,0.294,17.4,0.204,2.65,icon_d2
2026-09-05,W1498,52.49144,10.11478,0.1,,16.3,17.0,0.216,17.4,0.097,2.64,icon_d2
2026-09-05,W1499,52.49144,10.14435,0.0,,16.3,17.1,0.208,17.7,0.076,2.56,icon_d2
2026-09-05,W1500,52.49144,10.17391,0.0,,16.3,17.1,0.208,17.7,0.076,2.54,icon_d2
2026-09-05,W1501,52.49144,10.20347,0.0,,16.4,17.1,0.208,17.7,0.076,2.66,icon_d2
2026-09-05,W1502,52.49144,10.23304,0.0,,16.4,17.1,0.208,17.7,0.076,2.66,icon_d2
2026-09-05,W1503,52.49144,10.2626,0.2,,16.2,17.1,0.208,17.7,0.076,2.63,icon_d2
2026-09-05,W1504,52.49144,10.29217,0.4,,16.3,17.2,0.302,17.5,0.175,2.65,icon_d2
2026-09-05,W1505,52.49144,10.32173,0.3,,16.2,17.2,0.302,17.5,0.175,2.66,icon_d2
2026-09-05,W1506,52.49144,10.3513,0.5,,16.3,17.2,0.302,17.5,0.175,2.66,icon_d2
2026-09-05,W1507,52.49144,10.38086,0.5,,16.2,17.2,0.302,17.5,0.175,2.61,icon_d2
2026-09-05,W1508,52.49144,10.41042,0.6,,16.3,17.2,0.302,17.5,0.175,2.59,icon_d2
2026-09-05,W1509,52.49144,10.43999,0.8,,16.2,17.2,0.302,17.5,0.175,2.53,icon_d2
2026-09-05,W1510,52.49144,10.46955,0.8,,16.3,17.3,0.302,17.9,0.161,2.53,icon_d2
2026-09-05,W1511,52.49144,10.49912,0.9,,16.2,17.3,0.302,17.9,0.161,2.54,icon_d2
2026-09-05,W1512,52.49144,10.52868,0.7,,16.2,17.3,0.302,17.9,0.161,2.61,icon_d2
2026-09-05,W1513,52.49144,10.55825,0.6,,16.3,17.3,0.302,17.9,0.161,2.59,icon_d2
2026-09-05,W1514,52.49144,10.58781,0.6,,16.3,17.3,0.302,17.9,0.161,2.67,icon_d2
2026-09-05,W1515,52.49144,10.61737,0.6,,16.3,17.3,0.302,17.9,0.161,2.69,icon_d2
2026-09-05,W1516,52.49144,10.64694,0.4,,16.3,17.2,0.316,17.7,0.164,2.67,icon_d2
2026-09-05,W1517,52.49144,10.6765,0.4,,16.2,17.2,0.316,17.7,0.164,2.6,icon_d2
2026-09-05,W1518,52.49144,10.70607,0.4,,16.2,17.2,0.316,17.7,0.164,2.6,icon_d2
2026-09-05,W1519,52.49144,10.73563,0.5,,16.1,17.2,0.316,17.7,0.164,2.6,icon_d2
2026-09-05,W1520,52.49144,10.76519,0.5,,16.2,17.2,0.316,17.7,0.164,2.63,icon_d2
2026-09-05,W1521,52.49144,10.79476,0.6,,16.1,17.1,0.307,17.5,0.161,2.66,icon_d2
2026-09-05,W1522,52.49144,10.82432,0.6,,16.1,17.1,0.307,17.5,0.161,2.66,icon_d2
2026-09-05,W1523,52.49144,10.85389,0.7,,16.1,17.1,0.307,17.5,0.161,2.56,icon_d2
2026-09-05,W1524,52.49144,10.88345,0.7,,16.1,17.1,0.307,17.5,0.161,2.56,icon_d2
2026-09-05,W1525,52.49144,10.91302,0.5,,16.2,17.1,0.307,17.5,0.161,2.56,icon_d2
2026-09-05,W1526,52.49144,10.94258,0.5,,16.2,17.1,0.307,17.5,0.161,2.57,icon_d2
2026-09-05,W1527,52.49144,10.97214,0.5,,16.2,16.8,0.326,17.1,0.245,2.52,icon_d2
2026-09-05,W1528,52.49144,11.00171,0.3,,16.3,16.8,0.326,17.1,0.245,2.55,icon_d2
2026-09-05,W1529,52.49144,11.03127,0.4,,16.3,16.8,0.326,17.1,0.245,2.54,icon_d2
2026-09-05,W1530,52.49144,11.06084,0.3,,16.3,16.8,0.326,17.1,0.245,2.55,icon_d2
2026-09-05,W1531,52.49144,11.0904,0.3,,16.3,16.8,0.326,17.1,0.245,2.55,icon_d2
2026-09-05,W1532,52.49144,11.11997,0.3,,16.3,16.8,0.326,17.1,0.245,2.6,icon_d2
2026-09-05,W1533,52.49144,11.14953,0.3,,16.3,17.1,0.294,17.4,0.204,2.6,icon_d2
2026-09-05,W0470,52.5005,10.1295,0.1,,16.3,17.1,0.208,17.7,0.076,2.64,icon_d2
2026-09-05,W0471,52.5005,10.1591,0.0,,16.3,17.1,0.208,17.7,0.076,2.56,icon_d2
2026-09-05,W0472,52.5005,10.1886,0.0,,16.3,17.1,0.208,17.7,0.076,2.54,icon_d2
2026-09-05,W1534,52.50946,10.20347,0.0,,16.4,17.1,0.208,17.7,0.076,2.66,icon_d2
2026-09-05,W0473,52.5005,10.2477,0.0,,16.3,17.1,0.208,17.7,0.076,2.66,icon_d2
2026-09-05,W0474,52.5005,10.2772,0.2,,16.3,17.1,0.191,17.7,0.065,2.62,icon_d2
2026-09-05,W0475,52.5005,10.3068,0.4,,16.3,17.2,0.302,17.5,0.175,2.65,icon_d2
2026-09-05,W1535,52.50946,10.32173,0.3,,16.2,17.2,0.302,17.5,0.175,2.66,icon_d2
2026-09-05,W1536,52.50946,10.3513,0.5,,16.3,17.2,0.302,17.5,0.175,2.66,icon_d2
2026-09-05,W0476,52.5005,10.3954,0.6,,16.3,17.2,0.302,17.5,0.175,2.59,icon_d2
2026-09-05,W0477,52.5005,10.4249,0.6,,16.3,17.2,0.302,17.5,0.175,2.6,icon_d2
2026-09-05,W0478,52.5005,10.4545,0.8,,16.2,16.9,0.21,17.1,0.099,2.52,icon_d2
2026-09-05,W0479,52.5005,10.484,0.9,,16.2,17.3,0.302,17.9,0.161,2.54,icon_d2
2026-09-05,W0480,52.5005,10.5135,0.7,,16.2,17.3,0.302,17.9,0.161,2.61,icon_d2
2026-09-05,W0481,52.5005,10.5431,0.6,,16.3,17.3,0.302,17.9,0.161,2.58,icon_d2
2026-09-05,W0482,52.5005,10.5726,0.6,,16.3,17.3,0.302,17.9,0.161,2.67,icon_d2
2026-09-05,W0483,52.5005,10.6021,0.6,,16.4,16.9,0.203,17.1,0.073,2.68,icon_d2
2026-09-05,W1537,52.50946,10.61737,0.6,,16.3,16.9,0.203,17.1,0.073,2.68,icon_d2
2026-09-05,W0484,52.5005,10.6612,0.4,,16.2,17.2,0.316,17.7,0.164,2.61,icon_d2
2026-09-05,W0485,52.5005,10.6908,0.4,,16.1,17.2,0.316,17.7,0.164,2.59,icon_d2
2026-09-05,W0486,52.5005,10.7203,0.5,,16.2,17.2,0.316,17.7,0.164,2.59,icon_d2
2026-09-05,W0487,52.5005,10.7498,0.5,,16.1,17.2,0.316,17.7,0.164,2.61,icon_d2
2026-09-05,W1538,52.50946,10.76519,0.5,,16.1,17.0,0.191,17.2,0.077,2.61,icon_d2
2026-09-05,W0488,52.5005,10.8089,0.6,,16.2,17.1,0.307,17.5,0.161,2.67,icon_d2
2026-09-05,W0489,52.5005,10.8384,0.7,,16.0,17.1,0.307,17.5,0.161,2.55,icon_d2
2026-09-05,W0490,52.5005,10.868,0.7,,16.0,17.1,0.307,17.5,0.161,2.55,icon_d2
2026-09-05,W0491,52.5005,10.8975,0.5,,16.1,17.1,0.307,17.5,0.161,2.55,icon_d2
2026-09-05,W0492,52.5005,10.9271,0.5,,16.1,17.1,0.307,17.5,0.161,2.55,icon_d2
2026-09-05,W0493,52.5005,10.9566,0.5,,16.1,17.0,0.261,17.3,0.156,2.56,icon_d2
2026-09-05,W0494,52.5005,10.9861,0.5,,16.2,16.8,0.326,17.1,0.245,2.53,icon_d2
2026-09-05,W1539,52.50946,11.00171,0.3,,16.3,16.8,0.326,17.1,0.245,2.55,icon_d2
2026-09-05,W1540,52.50946,11.03127,0.4,,16.3,16.8,0.326,17.1,0.245,2.54,icon_d2
2026-09-05,W1541,52.50946,11.06084,0.3,,16.3,16.8,0.326,17.1,0.245,2.54,icon_d2
2026-09-05,W0495,52.5005,11.1043,0.3,,16.3,16.8,0.286,17.2,0.2,2.55,icon_d2
2026-09-05,W1542,52.50946,11.11997,0.3,,16.3,16.8,0.286,17.2,0.2,2.6,icon_d2
2026-09-05,W1543,52.50946,11.14953,0.3,,16.3,17.1,0.294,17.4,0.204,2.6,icon_d2
2026-09-05,W0497,52.5185,10.1295,0.0,,16.4,17.0,0.205,17.4,0.075,2.63,icon_d2
2026-09-05,W0498,52.5185,10.1591,0.0,,16.3,17.1,0.208,17.7,0.076,2.66,icon_d2
2026-09-05,W1544,52.52748,10.17391,0.0,,16.4,17.1,0.191,17.7,0.065,2.66,icon_d2
2026-09-05,W1545,52.52748,10.20347,0.1,,16.4,17.1,0.191,17.7,0.065,2.7,icon_d2
2026-09-05,W0499,52.5185,10.2477,0.1,,16.4,17.1,0.191,17.7,0.065,2.7,icon_d2
2026-09-05,W0500,52.5185,10.2772,0.8,,16.4,17.1,0.191,17.7,0.065,2.68,icon_d2
2026-09-05,W0501,52.5185,10.3068,0.9,,16.4,17.2,0.302,17.5,0.175,2.7,icon_d2
2026-09-05,W1546,52.52748,10.32173,0.9,,16.4,17.2,0.302,17.5,0.175,2.7,icon_d2
2026-09-05,W1547,52.52748,10.3513,1.0,,16.3,16.9,0.21,17.1,0.099,2.73,icon_d2
2026-09-05,W0502,52.5185,10.3954,0.9,,16.2,16.9,0.21,17.1,0.099,2.6,icon_d2
2026-09-05,W0503,52.5185,10.4249,0.9,,16.3,16.9,0.21,17.1,0.099,2.61,icon_d2
2026-09-05,W0504,52.5185,10.4545,0.8,,16.3,16.9,0.21,17.1,0.099,2.58,icon_d2
2026-09-05,W1548,52.52748,10.46955,0.8,,16.2,16.9,0.21,17.1,0.099,2.57,icon_d2
2026-09-05,W0505,52.5185,10.5135,0.9,,16.2,17.3,0.302,17.9,0.161,2.59,icon_d2
2026-09-05,W0506,52.5185,10.5431,0.9,,16.2,16.9,0.203,17.1,0.073,2.59,icon_d2
2026-09-05,W0507,52.5185,10.5726,0.7,,16.2,16.9,0.203,17.1,0.073,2.64,icon_d2
2026-09-05,W0508,52.5185,10.6021,1.0,,16.3,16.9,0.203,17.1,0.073,2.58,icon_d2
2026-09-05,W0509,52.5185,10.6317,1.0,,16.3,16.9,0.203,17.1,0.073,2.56,icon_d2
2026-09-05,W0510,52.5185,10.6612,1.0,,16.1,17.2,0.316,17.7,0.164,2.48,icon_d2
2026-09-05,W0511,52.5185,10.6908,1.0,,16.0,17.2,0.316,17.7,0.164,2.45,icon_d2
2026-09-05,W0512,52.5185,10.7203,0.9,,16.0,17.0,0.191,17.2,0.077,2.49,icon_d2
2026-09-05,W0513,52.5185,10.7498,1.0,,16.1,17.0,0.191,17.2,0.077,2.51,icon_d2
2026-09-05,W0514,52.5185,10.7794,0.9,,16.1,17.0,0.191,17.2,0.077,2.56,icon_d2
2026-09-05,W1549,52.52748,10.79476,0.9,,16.2,17.0,0.191,17.2,0.077,2.57,icon_d2
2026-09-05,W0515,52.5185,10.8384,0.9,,16.0,17.1,0.307,17.5,0.161,2.5,icon_d2
2026-09-05,W0516,52.5185,10.868,0.9,,16.0,17.0,0.261,17.3,0.156,2.5,icon_d2
2026-09-05,W0517,52.5185,10.8975,0.8,,16.0,17.0,0.261,17.3,0.156,2.5,icon_d2
2026-09-05,W0518,52.5185,10.9271,0.8,,15.9,17.0,0.261,17.3,0.156,2.46,icon_d2
2026-09-05,W0519,52.5185,10.9566,0.7,,16.0,17.0,0.261,17.3,0.156,2.49,icon_d2
2026-09-05,W0520,52.5185,10.9861,0.6,,16.1,16.8,0.326,17.1,0.245,2.52,icon_d2
2026-09-05,W0521,52.5185,11.0157,0.6,,16.2,16.8,0.326,17.1,0.245,2.54,icon_d2
2026-09-05,W1550,52.52748,11.03127,0.6,,16.2,16.8,0.286,17.2,0.2,2.54,icon_d2
2026-09-05,W1551,52.52748,11.06084,0.5,,16.2,16.8,0.286,17.2,0.2,2.52,icon_d2
2026-09-05,W1552,52.52748,11.0904,0.4,,16.2,16.8,0.286,17.2,0.2,2.55,icon_d2
2026-09-05,W1553,52.52748,11.11997,0.4,,16.2,16.8,0.286,17.2,0.2,2.55,icon_d2
2026-09-05,W1554,52.52748,11.14953,0.3,,16.2,17.1,0.294,17.4,0.204,2.59,icon_d2
2026-09-05,W0523,52.5365,10.1295,0.1,,16.4,17.0,0.205,17.4,0.075,2.66,icon_d2
2026-09-05,W1555,52.5455,10.14435,0.4,,16.4,17.1,0.191,17.7,0.065,2.72,icon_d2
2026-09-05,W1556,52.5455,10.17391,0.3,,16.4,17.1,0.191,17.7,0.065,2.71,icon_d2
2026-09-05,W0524,52.5365,10.2182,0.5,,16.4,17.1,0.191,17.7,0.065,2.7,icon_d2
2026-09-05,W0525,52.5365,10.2477,0.8,,16.3,17.1,0.191,17.7,0.065,2.72,icon_d2
2026-09-05,W0526,52.5365,10.2772,1.1,,16.4,17.1,0.191,17.7,0.065,2.68,icon_d2
2026-09-05,W0527,52.5365,10.3068,1.1,,16.4,17.1,0.191,17.7,0.065,2.68,icon_d2
2026-09-05,W0547,52.5545,10.3363,1.3,,16.3,16.9,0.21,17.1,0.099,2.67,icon_d2
2026-09-05,W1557,52.5455,10.3513,1.1,,16.4,16.9,0.21,17.1,0.099,2.7,icon_d2
2026-09-05,W0548,52.5545,10.3954,1.4,,16.4,16.9,0.21,17.1,0.099,2.63,icon_d2
2026-09-05,W0549,52.5545,10.4249,1.4,,16.4,16.9,0.21,17.1,0.099,2.63,icon_d2
2026-09-05,W0528,52.5365,10.4545,1.3,,16.3,16.9,0.21,17.1,0.099,2.64,icon_d2
2026-09-05,W0529,52.5365,10.484,1.3,,16.3,16.9,0.203,17.1,0.073,2.61,icon_d2
2026-09-05,W0530,52.5365,10.5135,1.3,,16.2,16.9,0.203,17.1,0.073,2.58,icon_d2
2026-09-05,W0531,52.5365,10.5431,1.2,,16.3,16.9,0.203,17.1,0.073,2.6,icon_d2
2026-09-05,W0532,52.5365,10.5726,1.1,,16.2,16.9,0.203,17.1,0.073,2.6,icon_d2
2026-09-05,W0533,52.5365,10.6021,1.0,,16.3,16.9,0.203,17.1,0.073,2.58,icon_d2
2026-09-05,W0534,52.5365,10.6317,1.0,,16.2,16.9,0.203,17.1,0.073,2.5,icon_d2
2026-09-05,W0535,52.5365,10.6612,1.1,,16.1,17.0,0.191,17.2,0.077,2.47,icon_d2
2026-09-05,W0536,52.5365,10.6908,1.2,,16.1,17.0,0.191,17.2,0.077,2.48,icon_d2
2026-09-05,W0537,52.5365,10.7203,1.2,,16.2,17.0,0.191,17.2,0.077,2.48,icon_d2
2026-09-05,W0538,52.5365,10.7498,1.2,,16.0,17.0,0.191,17.2,0.077,2.47,icon_d2
2026-09-05,W0539,52.5365,10.7794,1.2,,16.1,17.0,0.191,17.2,0.077,2.5,icon_d2
2026-09-05,W0540,52.5365,10.8089,1.2,,16.2,17.0,0.191,17.2,0.077,2.57,icon_d2
2026-09-05,W0562,52.5545,10.8384,0.9,,15.9,17.0,0.261,17.3,0.156,2.41,icon_d2
2026-09-05,W0563,52.5545,10.868,0.5,,15.9,17.0,0.261,17.3,0.156,2.44,icon_d2
2026-09-05,W0564,52.5545,10.8975,0.4,,15.9,17.0,0.261,17.3,0.156,2.49,icon_d2
2026-09-05,W0541,52.5365,10.9271,0.9,,16.0,17.0,0.261,17.3,0.156,2.48,icon_d2
2026-09-05,W0542,52.5365,10.9566,0.7,,16.0,17.0,0.261,17.3,0.156,2.49,icon_d2
2026-09-05,W1558,52.5455,10.97214,0.2,,16.0,17.0,0.261,17.3,0.156,2.48,icon_d2
2026-09-05,W1559,52.5455,11.00171,0.2,,16.1,16.8,0.286,17.2,0.2,2.52,icon_d2
2026-09-05,W1560,52.5455,11.03127,0.2,,16.1,16.8,0.286,17.2,0.2,2.55,icon_d2
2026-09-05,W0543,52.5365,11.0747,0.3,,16.1,16.8,0.286,17.2,0.2,2.56,icon_d2
2026-09-05,W0544,52.5365,11.1043,0.2,,16.1,16.8,0.286,17.2,0.2,2.56,icon_d2
2026-09-05,W0567,52.5545,11.1338,0.9,,16.0,16.8,0.286,17.2,0.2,2.5,icon_d2
2026-09-05,W1561,52.5455,11.14953,0.5,,16.1,17.0,0.293,17.1,0.169,2.56,icon_d2
2026-09-05,W1562,52.56351,10.11478,0.6,,16.4,17.0,0.205,17.4,0.075,2.74,icon_d2
2026-09-05,W0568,52.5725,10.1591,1.7,,16.5,17.1,0.191,17.7,0.065,2.75,icon_d2
2026-09-05,W0569,52.5725,10.1886,1.6,,16.4,17.1,0.191,17.7,0.065,2.77,icon_d2
2026-09-05,W0570,52.5725,10.2182,1.6,,16.4,17.1,0.191,17.7,0.065,2.84,icon_d2
2026-09-05,W1563,52.56351,10.23304,1.3,,16.4,17.1,0.191,17.7,0.065,2.76,icon_d2
2026-09-05,W0571,52.5725,10.2772,1.9,,16.4,16.9,0.196,17.3,0.068,2.81,icon_d2
2026-09-05,W0572,52.5725,10.3068,1.8,,16.5,16.9,0.196,17.3,0.068,2.72,icon_d2
2026-09-05,W0573,52.5725,10.3363,1.7,,16.3,16.9,0.21,17.1,0.099,2.56,icon_d2
2026-09-05,W0574,52.5725,10.3658,1.7,,16.4,16.9,0.21,17.1,0.099,2.57,icon_d2
2026-09-05,W0575,52.5725,10.3954,1.4,,16.3,16.9,0.21,17.1,0.099,2.58,icon_d2
2026-09-05,W0576,52.5725,10.4249,1.4,,16.3,16.9,0.21,17.1,0.099,2.58,icon_d2
2026-09-05,W0577,52.5725,10.4545,1.4,,16.2,16.7,0.201,17.0,0.075,2.53,icon_d2
2026-09-05,W0578,52.5725,10.484,1.5,,16.1,16.9,0.203,17.1,0.073,2.53,icon_d2
2026-09-05,W0579,52.5725,10.5135,1.7,,16.1,16.9,0.203,17.1,0.073,2.59,icon_d2
2026-09-05,W0580,52.5725,10.5431,1.8,,16.2,16.9,0.203,17.1,0.073,2.54,icon_d2
2026-09-05,W0581,52.5725,10.5726,1.7,,16.0,16.9,0.203,17.1,0.073,2.46,icon_d2
2026-09-05,W0582,52.5725,10.6021,1.7,,16.0,16.9,0.203,17.1,0.073,2.46,icon_d2
2026-09-05,W0583,52.5725,10.6317,1.6,,16.1,16.8,0.183,17.0,0.058,2.39,icon_d2
2026-09-05,W0584,52.5725,10.6612,1.4,,16.0,17.0,0.191,17.2,0.077,2.35,icon_d2
2026-09-05,W0585,52.5725,10.6908,1.3,,15.9,17.0,0.191,17.2,0.077,2.38,icon_d2
2026-09-05,W0586,52.5725,10.7203,1.3,,15.8,17.0,0.191,17.2,0.077,2.38,icon_d2
2026-09-05,W0587,52.5725,10.7498,1.4,,16.0,17.0,0.191,17.2,0.077,2.47,icon_d2
2026-09-05,W0588,52.5725,10.7794,0.1,,15.9,16.9,0.194,17.2,0.076,2.43,icon_d2
2026-09-05,W0589,52.5725,10.8089,0.0,,15.9,16.9,0.194,17.2,0.076,2.39,icon_d2
2026-09-05,W0590,52.5725,10.8384,0.0,,16.0,17.0,0.261,17.3,0.156,2.47,icon_d2
2026-09-05,W0591,52.5725,10.868,0.0,,16.0,17.0,0.261,17.3,0.156,2.47,icon_d2
2026-09-05,W0592,52.5725,10.8975,0.0,,15.9,17.0,0.261,17.3,0.156,2.53,icon_d2
2026-09-05,W0593,52.5725,10.9271,0.0,,15.9,17.0,0.261,17.3,0.156,2.53,icon_d2
2026-09-05,W1564,52.56351,10.94258,0.2,,16.0,17.0,0.261,17.3,0.156,2.47,icon_d2
2026-09-05,W1565,52.56351,10.97214,0.2,,15.9,17.0,0.261,17.3,0.156,2.46,icon_d2
2026-09-05,W1566,52.56351,11.00171,0.2,,15.9,16.8,0.286,17.2,0.2,2.46,icon_d2
2026-09-05,W1567,52.56351,11.03127,0.4,,16.0,16.8,0.286,17.2,0.2,2.5,icon_d2
2026-09-05,W0594,52.5725,11.0747,0.6,,16.0,16.8,0.286,17.2,0.2,2.47,icon_d2
2026-09-05,W1568,52.56351,11.0904,0.6,,16.0,16.8,0.286,17.2,0.2,2.51,icon_d2
2026-09-05,W0595,52.5725,11.1338,0.6,,16.0,17.2,0.235,17.7,0.145,2.34,icon_d2
2026-09-05,W1569,52.56351,11.14953,0.9,,16.0,17.0,0.293,17.1,0.169,2.5,icon_d2
2026-09-05,W1570,52.58153,10.11478,1.0,,16.3,16.9,0.198,17.6,0.073,2.75,icon_d2
2026-09-05,W0596,52.5905,10.1591,1.7,,16.4,17.1,0.191,17.7,0.065,2.75,icon_d2
2026-09-05,W0597,52.5905,10.1886,1.7,,16.5,17.1,0.191,17.7,0.065,2.75,icon_d2
2026-09-05,W0598,52.5905,10.2182,1.8,,16.4,16.9,0.196,17.3,0.068,2.6,icon_d2
2026-09-05,W0599,52.5905,10.2477,1.4,,16.4,16.9,0.196,17.3,0.068,2.7,icon_d2
2026-09-05,W0600,52.5905,10.2772,1.6,,16.5,16.9,0.196,17.3,0.068,2.83,icon_d2
2026-09-05,W0601,52.5905,10.3068,1.3,,16.4,16.9,0.196,17.3,0.068,2.72,icon_d2
2026-09-05,W0602,52.5905,10.3363,1.3,,16.2,16.9,0.21,17.1,0.099,2.58,icon_d2
2026-09-05,W1571,52.58153,10.3513,1.7,,16.4,16.9,0.21,17.1,0.099,2.57,icon_d2
2026-09-05,W1572,52.58153,10.38086,1.6,,16.4,16.9,0.21,17.1,0.099,2.62,icon_d2
2026-09-05,W1573,52.58153,10.41042,1.4,,16.4,16.7,0.201,17.0,0.075,2.59,icon_d2
2026-09-05,W0603,52.5905,10.4545,1.4,,16.2,16.7,0.201,17.0,0.075,2.53,icon_d2
2026-09-05,W0604,52.5905,10.484,1.6,,16.0,16.7,0.201,17.0,0.075,2.48,icon_d2
2026-09-05,W0605,52.5905,10.5135,1.7,,16.2,16.9,0.203,17.1,0.073,2.59,icon_d2
2026-09-05,W0606,52.5905,10.5431,1.1,,16.0,16.9,0.203,17.1,0.073,2.48,icon_d2
2026-09-05,W0607,52.5905,10.5726,0.9,,15.9,16.8,0.183,17.0,0.058,2.47,icon_d2
2026-09-05,W1574,52.58153,10.58781,1.7,,16.1,16.8,0.183,17.0,0.058,2.46,icon_d2
2026-09-05,W0608,52.5905,10.6317,0.4,,15.8,16.8,0.183,17.0,0.058,2.3,icon_d2
2026-09-05,W0609,52.5905,10.6612,0.4,,16.0,17.0,0.191,17.2,0.077,2.33,icon_d2
2026-09-05,W0610,52.5905,10.6908,0.1,,15.7,17.0,0.191,17.2,0.077,2.28,icon_d2
2026-09-05,W0611,52.5905,10.7203,0.3,,15.7,16.9,0.194,17.2,0.076,2.31,icon_d2
2026-09-05,W0612,52.5905,10.7498,0.0,,15.7,16.9,0.194,17.2,0.076,2.34,icon_d2
2026-09-05,W0613,52.5905,10.7794,0.0,,15.8,16.9,0.194,17.2,0.076,2.39,icon_d2
2026-09-05,W0614,52.5905,10.8089,0.0,,15.7,16.9,0.194,17.2,0.076,2.38,icon_d2
2026-09-05,W0615,52.5905,10.8384,0.0,,15.8,17.0,0.261,17.3,0.156,2.39,icon_d2
2026-09-05,W0616,52.5905,10.868,0.0,,15.9,17.0,0.261,17.3,0.156,2.5,icon_d2
2026-09-05,W1742,52.58153,10.88345,0.0,,16.0,17.0,0.261,17.3,0.156,2.55,icon_d2
2026-09-05,W1743,52.58153,10.91302,0.0,,15.9,17.0,0.261,17.5,0.152,2.53,icon_d2
2026-09-05,W0617,52.5905,10.9566,0.1,,16.0,17.0,0.261,17.5,0.152,2.48,icon_d2
2026-09-05,W1744,52.58153,10.97214,0.0,,15.9,17.0,0.261,17.5,0.152,2.49,icon_d2
2026-09-05,W0618,52.5905,11.0157,0.3,,16.0,16.8,0.286,17.2,0.2,2.5,icon_d2
2026-09-05,W0619,52.5905,11.0452,0.3,,16.0,16.8,0.286,17.2,0.2,2.51,icon_d2
2026-09-05,W1745,52.58153,11.06084,0.6,,15.9,16.8,0.286,17.2,0.2,2.47,icon_d2
2026-09-05,W1746,52.58153,11.0904,0.4,,16.1,17.2,0.235,17.7,0.145,2.37,icon_d2
2026-09-05,W0620,52.5905,11.1338,0.4,,15.9,17.2,0.235,17.7,0.145,2.27,icon_d2
2026-09-05,W1747,52.58153,11.14953,0.6,,15.8,17.2,0.235,17.7,0.145,2.33,icon_d2
2026-09-05,W1748,52.59955,10.11478,1.6,,16.6,16.9,0.198,17.6,0.073,2.81,icon_d2
2026-09-05,W1749,52.59955,10.14435,1.6,,16.6,16.9,0.198,17.6,0.073,2.81,icon_d2
2026-09-05,W1750,52.59955,10.17391,1.7,,16.5,16.9,0.196,17.3,0.068,2.75,icon_d2
2026-09-05,W1751,52.59955,10.20347,1.8,,16.4,16.9,0.196,17.3,0.068,2.6,icon_d2
2026-09-05,W1752,52.59955,10.23304,1.4,,16.4,16.9,0.196,17.3,0.068,2.69,icon_d2
2026-09-05,W1753,52.59955,10.2626,1.6,,16.4,16.9,0.196,17.3,0.068,2.82,icon_d2
2026-09-05,W1754,52.59955,10.29217,1.3,,16.4,16.9,0.196,17.3,0.068,2.73,icon_d2
2026-09-05,W1755,52.59955,10.32173,1.3,,16.3,16.9,0.196,17.3,0.068,2.72,icon_d2
2026-09-05,W1756,52.59955,10.3513,1.3,,16.2,16.7,0.201,17.0,0.075,2.52,icon_d2
2026-09-05,W1757,52.59955,10.38086,1.5,,16.1,16.7,0.201,17.0,0.075,2.44,icon_d2
2026-09-05,W1758,52.59955,10.41042,1.6,,16.1,16.7,0.201,17.0,0.075,2.46,icon_d2
2026-09-05,W1759,52.59955,10.43999,1.6,,16.0,16.7,0.201,17.0,0.075,2.46,icon_d2
2026-09-05,W1760,52.59955,10.46955,1.4,,16.1,16.7,0.201,17.0,0.075,2.53,icon_d2
2026-09-05,W1761,52.59955,10.49912,1.6,,16.1,16.9,0.203,17.1,0.073,2.48,icon_d2
2026-09-05,W1762,52.59955,10.52868,1.7,,16.2,16.8,0.183,17.0,0.058,2.59,icon_d2
2026-09-05,W1763,52.59955,10.55825,0.9,,16.0,16.8,0.183,17.0,0.058,2.48,icon_d2
2026-09-05,W1764,52.59955,10.58781,0.9,,15.9,16.8,0.183,17.0,0.058,2.47,icon_d2
2026-09-05,W1765,52.59955,10.61737,0.7,,15.9,16.8,0.183,17.0,0.058,2.33,icon_d2
2026-09-05,W1599,52.59955,10.64694,0.4,,15.7,16.8,0.183,17.0,0.058,2.29,icon_d2
2026-09-05,W1600,52.59955,10.6765,0.4,,16.0,17.0,0.191,17.2,0.077,2.33,icon_d2
2026-09-05,W1601,52.59955,10.70607,0.1,,15.8,16.9,0.194,17.2,0.076,2.28,icon_d2
2026-09-05,W1610,52.59955,10.73563,0.0,,15.8,16.9,0.194,17.2,0.076,2.34,icon_d2
2026-09-05,W1602,52.59955,10.76519,0.0,,15.8,16.9,0.194,17.2,0.076,2.34,icon_d2
2026-09-05,W1603,52.59955,10.79476,0.0,,15.7,16.9,0.194,17.2,0.076,2.38,icon_d2
2026-09-05,W1611,52.59955,10.82432,0.0,,15.8,16.9,0.194,17.2,0.076,2.38,icon_d2
2026-09-05,W1604,52.59955,10.85389,0.0,,15.8,17.0,0.261,17.5,0.152,2.48,icon_d2
2026-09-05,W1605,52.59955,10.88345,0.1,,15.9,17.0,0.261,17.5,0.152,2.56,icon_d2
2026-09-05,W1766,52.59955,10.91302,0.1,,15.9,17.0,0.261,17.5,0.152,2.51,icon_d2
2026-09-05,W1767,52.59955,10.94258,0.1,,16.0,17.0,0.261,17.5,0.152,2.52,icon_d2
2026-09-05,W1608,52.59955,10.97214,0.1,,16.1,17.0,0.261,17.5,0.152,2.5,icon_d2
2026-09-05,W1768,52.59955,11.00171,0.3,,16.0,16.8,0.286,17.2,0.2,2.5,icon_d2
2026-09-05,W1769,52.59955,11.03127,0.3,,16.0,17.2,0.235,17.7,0.145,2.51,icon_d2
2026-09-05,W1770,52.59955,11.06084,0.3,,16.0,17.2,0.235,17.7,0.145,2.52,icon_d2
2026-09-05,W1612,52.59955,11.0904,0.4,,15.8,17.2,0.235,17.7,0.145,2.35,icon_d2
2026-09-05,W1613,52.59955,11.11997,0.4,,15.9,17.2,0.235,17.7,0.145,2.36,icon_d2
2026-09-05,W1614,52.59955,11.14953,0.4,,15.9,17.2,0.235,17.7,0.145,2.27,icon_d2
2026-09-05,W0621,52.6086,10.1295,1.6,,16.6,16.9,0.198,17.6,0.073,2.81,icon_d2
2026-09-05,W0622,52.6086,10.1591,1.7,,16.5,16.9,0.196,17.3,0.068,2.75,icon_d2
2026-09-05,W0623,52.6086,10.1886,1.7,,16.5,16.9,0.196,17.3,0.068,2.75,icon_d2
2026-09-05,W0624,52.6086,10.2182,1.8,,16.4,16.9,0.196,17.3,0.068,2.6,icon_d2
2026-09-05,W0625,52.6086,10.2477,1.4,,16.4,16.9,0.196,17.3,0.068,2.7,icon_d2
2026-09-05,W0626,52.6086,10.2772,1.6,,16.5,16.9,0.196,17.3,0.068,2.83,icon_d2
2026-09-05,W0627,52.6086,10.3068,1.3,,16.3,16.9,0.196,17.3,0.068,2.72,icon_d2
2026-09-05,W1615,52.61757,10.32173,1.7,,16.2,16.9,0.196,17.3,0.068,2.6,icon_d2
2026-09-05,W0628,52.6086,10.3658,1.3,,16.2,16.7,0.201,17.0,0.075,2.52,icon_d2
2026-09-05,W0629,52.6086,10.3954,1.3,,16.0,16.7,0.201,17.0,0.075,2.45,icon_d2
2026-09-05,W0630,52.6086,10.4249,1.6,,16.1,16.7,0.201,17.0,0.075,2.46,icon_d2
2026-09-05,W1616,52.61757,10.43999,1.5,,15.9,16.7,0.201,17.0,0.075,2.34,icon_d2
2026-09-05,W0631,52.6086,10.484,1.6,,16.1,16.7,0.201,17.0,0.075,2.48,icon_d2
2026-09-05,W0632,52.6086,10.5135,1.7,,16.2,16.8,0.183,17.0,0.058,2.59,icon_d2
2026-09-05,W0633,52.6086,10.5431,1.1,,15.9,16.8,0.183,17.0,0.058,2.47,icon_d2
2026-09-05,W1617,52.61757,10.55825,0.7,,15.8,16.8,0.183,17.0,0.058,2.46,icon_d2
2026-09-05,W0634,52.6086,10.6021,0.4,,15.9,16.8,0.183,17.0,0.058,2.38,icon_d2
2026-09-05,W0635,52.6086,10.6317,0.4,,15.9,16.8,0.183,17.0,0.058,2.3,icon_d2
2026-09-05,W0636,52.6086,10.6612,0.4,,15.9,16.8,0.183,17.0,0.058,2.33,icon_d2
2026-09-05,W0637,52.6086,10.6908,0.1,,15.8,16.9,0.194,17.2,0.076,2.28,icon_d2
2026-09-05,W0638,52.6086,10.7203,0.3,,15.9,16.9,0.194,17.2,0.076,2.32,icon_d2
2026-09-05,W0639,52.6086,10.7498,0.0,,15.7,16.9,0.194,17.2,0.076,2.33,icon_d2
2026-09-05,W0640,52.6086,10.7794,0.0,,15.8,16.9,0.194,17.2,0.076,2.38,icon_d2
2026-09-05,W0641,52.6086,10.8089,0.0,,15.7,16.9,0.194,17.2,0.076,2.38,icon_d2
2026-09-05,W0642,52.6086,10.8384,0.0,,15.7,17.0,0.261,17.5,0.152,2.38,icon_d2
2026-09-05,W0643,52.6086,10.868,0.0,,15.9,17.0,0.261,17.5,0.152,2.49,icon_d2
2026-09-05,W1618,52.61757,10.88345,0.1,,15.9,17.0,0.261,17.5,0.152,2.56,icon_d2
2026-09-05,W1619,52.61757,10.91302,0.1,,16.0,17.0,0.261,17.5,0.152,2.53,icon_d2
2026-09-05,W0644,52.6086,10.9566,0.1,,16.0,17.0,0.261,17.5,0.152,2.48,icon_d2
2026-09-05,W0645,52.6086,10.9861,0.1,,16.0,17.0,0.261,17.5,0.152,2.5,icon_d2
2026-09-05,W0646,52.6086,11.0157,0.3,,15.9,17.2,0.235,17.7,0.145,2.49,icon_d2
2026-09-05,W0647,52.6086,11.0452,0.3,,16.1,17.2,0.235,17.7,0.145,2.52,icon_d2
2026-09-05,W0648,52.6086,11.0747,0.4,,16.0,17.2,0.235,17.7,0.145,2.47,icon_d2
2026-09-05,W0649,52.6086,11.1043,0.4,,15.9,17.2,0.235,17.7,0.145,2.36,icon_d2
2026-09-05,W0650,52.6086,11.1338,0.4,,15.9,17.2,0.235,17.7,0.145,2.27,icon_d2
2026-09-05,W1620,52.61757,11.14953,0.6,,16.2,17.2,0.235,17.7,0.145,2.39,icon_d2
2026-09-05,W0652,52.6266,10.1295,2.1,,16.6,16.9,0.198,17.6,0.073,2.68,icon_d2
2026-09-05,W0653,52.6266,10.1591,1.8,,16.5,16.9,0.196,17.3,0.068,2.6,icon_d2
2026-09-05,W0654,52.6266,10.1886,1.6,,16.5,16.9,0.196,17.3,0.068,2.56,icon_d2
2026-09-05,W0655,52.6266,10.2182,1.8,,16.4,16.9,0.196,17.3,0.068,2.59,icon_d2
2026-09-05,W0656,52.6266,10.2477,1.4,,16.4,16.9,0.196,17.3,0.068,2.69,icon_d2
2026-09-05,W0657,52.6266,10.2772,1.7,,16.3,16.9,0.196,17.3,0.068,2.69,icon_d2
2026-09-05,W1621,52.63559,10.29217,1.7,,16.3,16.9,0.196,17.3,0.068,2.69,icon_d2
2026-09-05,W1622,52.63559,10.32173,1.7,,16.2,16.7,0.204,17.1,0.081,2.6,icon_d2
2026-09-05,W0658,52.6266,10.3658,1.7,,16.1,16.7,0.201,17.0,0.075,2.46,icon_d2
2026-09-05,W0659,52.6266,10.3954,1.8,,16.0,16.7,0.201,17.0,0.075,2.35,icon_d2
2026-09-05,W0660,52.6266,10.4249,1.4,,15.9,16.7,0.201,17.0,0.075,2.34,icon_d2
2026-09-05,W0661,52.6266,10.4545,1.1,,15.8,16.7,0.201,17.0,0.075,2.33,icon_d2
2026-09-05,W0662,52.6266,10.484,1.3,,15.9,16.7,0.201,17.0,0.075,2.4,icon_d2
2026-09-05,W0663,52.6266,10.5135,0.9,,15.8,16.8,0.183,17.0,0.058,2.44,icon_d2
2026-09-05,W1623,52.63559,10.52868,0.0,,15.8,16.8,0.183,17.0,0.058,2.38,icon_d2
2026-09-05,W0664,52.6266,10.5726,0.7,,15.8,16.8,0.183,17.0,0.058,2.46,icon_d2
2026-09-05,W0665,52.6266,10.6021,0.0,,15.9,16.8,0.183,17.0,0.058,2.47,icon_d2
2026-09-05,W0666,52.6266,10.6317,0.0,,15.9,16.8,0.183,17.0,0.058,2.4,icon_d2
2026-09-05,W0667,52.6266,10.6612,0.0,,15.9,16.8,0.183,17.0,0.058,2.4,icon_d2
2026-09-05,W0668,52.6266,10.6908,0.0,,15.8,16.9,0.194,17.2,0.076,2.24,icon_d2
2026-09-05,W0669,52.6266,10.7203,0.0,,15.5,16.9,0.194,17.2,0.076,2.22,icon_d2
2026-09-05,W0670,52.6266,10.7498,0.0,,15.6,16.9,0.194,17.2,0.076,2.27,icon_d2
2026-09-05,W0671,52.6266,10.7794,0.0,,15.7,16.9,0.194,17.2,0.076,2.32,icon_d2
2026-09-05,W0672,52.6266,10.8089,0.0,,15.8,16.9,0.194,17.2,0.076,2.42,icon_d2
2026-09-05,W0673,52.6266,10.8384,0.0,,15.7,17.0,0.261,17.5,0.152,2.47,icon_d2
2026-09-05,W0674,52.6266,10.868,0.1,,15.9,17.0,0.261,17.5,0.152,2.56,icon_d2
2026-09-05,W1624,52.63559,10.88345,0.1,,16.1,17.0,0.261,17.5,0.152,2.58,icon_d2
2026-09-05,W1625,52.63559,10.91302,0.2,,16.0,17.0,0.261,17.5,0.152,2.58,icon_d2
2026-09-05,W0675,52.6266,10.9566,0.2,,15.8,17.0,0.261,17.5,0.152,2.39,icon_d2
2026-09-05,W0676,52.6266,10.9861,0.2,,15.8,17.0,0.261,17.5,0.152,2.39,icon_d2
2026-09-05,W0677,52.6266,11.0157,0.5,,15.8,17.2,0.235,17.7,0.145,2.41,icon_d2
2026-09-05,W0678,52.6266,11.0452,0.6,,15.9,17.2,0.235,17.7,0.145,2.48,icon_d2
2026-09-05,W1626,52.63559,11.06084,0.5,,16.1,17.2,0.235,17.7,0.145,2.54,icon_d2
2026-09-05,W0679,52.6266,11.1043,0.6,,15.9,17.2,0.235,17.7,0.145,2.49,icon_d2
2026-09-05,W0680,52.6266,11.1338,0.6,,16.0,17.2,0.235,17.7,0.145,2.38,icon_d2
2026-09-05,W1627,52.63559,11.14953,0.5,,16.1,17.2,0.235,17.7,0.145,2.43,icon_d2
2026-09-05,W0707,52.6626,10.1,0.4,,16.4,16.8,0.21,17.1,0.097,2.7,icon_d2
2026-09-05,W0709,52.6626,10.1591,0.3,,16.3,16.8,0.21,17.1,0.097,2.52,icon_d2
2026-09-05,W0710,52.6626,10.1886,0.5,,16.3,16.9,0.196,17.3,0.068,2.49,icon_d2
2026-09-05,W0711,52.6626,10.2182,0.6,,16.2,16.9,0.196,17.3,0.068,2.52,icon_d2
2026-09-05,W1628,52.6536,10.23304,0.6,,16.2,16.9,0.196,17.3,0.068,2.51,icon_d2
2026-09-05,W0712,52.6626,10.2772,0.6,,16.1,16.7,0.204,17.1,0.081,2.56,icon_d2
2026-09-05,W0684,52.6446,10.3068,1.7,,16.3,16.7,0.204,17.1,0.081,2.69,icon_d2
2026-09-05,W0713,52.6626,10.3363,0.1,,15.9,16.7,0.204,17.1,0.081,2.47,icon_d2
2026-09-05,W0714,52.6626,10.3658,0.1,,15.9,16.7,0.201,17.0,0.075,2.47,icon_d2
2026-09-05,W0715,52.6626,10.3954,0.0,,15.9,16.6,0.191,16.9,0.071,2.4,icon_d2
2026-09-05,W0716,52.6626,10.4249,0.0,,15.8,16.6,0.191,16.9,0.071,2.4,icon_d2
2026-09-05,W0717,52.6626,10.4545,0.0,,15.7,16.6,0.191,16.9,0.071,2.36,icon_d2
2026-09-05,W1629,52.6536,10.46955,0.0,,15.7,16.6,0.191,16.9,0.071,2.36,icon_d2
2026-09-05,W0718,52.6626,10.5135,0.0,,15.5,16.8,0.183,17.0,0.058,2.32,icon_d2
2026-09-05,W0719,52.6626,10.5431,0.0,,15.7,16.8,0.183,17.0,0.058,2.36,icon_d2
2026-09-05,W0720,52.6626,10.5726,0.0,,15.7,16.6,0.16,16.8,0.061,2.42,icon_d2
2026-09-05,W0721,52.6626,10.6021,0.0,,15.8,16.6,0.16,16.8,0.061,2.43,icon_d2
2026-09-05,W0722,52.6626,10.6317,0.1,,15.9,16.6,0.16,16.8,0.061,2.4,icon_d2
2026-09-05,W0723,52.6626,10.6612,0.2,,15.8,16.6,0.16,16.8,0.061,2.3,icon_d2
2026-09-05,W0724,52.6626,10.6908,0.2,,15.7,16.9,0.194,17.2,0.076,2.22,icon_d2
2026-09-05,W0725,52.6626,10.7203,0.2,,15.5,16.9,0.194,17.2,0.076,2.15,icon_d2
2026-09-05,W0726,52.6626,10.7498,0.2,,15.5,16.7,0.161,16.8,0.056,2.28,icon_d2
2026-09-05,W0727,52.6626,10.7794,0.2,,15.6,16.7,0.161,16.8,0.056,2.29,icon_d2
2026-09-05,W0728,52.6626,10.8089,0.1,,15.7,16.7,0.161,16.8,0.056,2.48,icon_d2
2026-09-05,W0729,52.6626,10.8384,0.0,,15.7,16.7,0.161,16.8,0.056,2.6,icon_d2
2026-09-05,W0730,52.6626,10.868,0.1,,15.9,17.0,0.261,17.5,0.152,2.6,icon_d2
2026-09-05,W0731,52.6626,10.8975,0.1,,15.8,17.2,0.217,17.6,0.12,2.51,icon_d2
2026-09-05,W0732,52.6626,10.9271,0.2,,15.7,17.2,0.217,17.6,0.12,2.43,icon_d2
2026-09-05,W0733,52.6626,10.9566,0.2,,15.7,17.2,0.217,17.6,0.12,2.36,icon_d2
2026-09-05,W0734,52.6626,10.9861,0.3,,15.7,17.2,0.217,17.6,0.12,2.4,icon_d2
2026-09-05,W0735,52.6626,11.0157,0.5,,15.8,17.2,0.235,17.7,0.145,2.49,icon_d2
2026-09-05,W0736,52.6626,11.0452,0.9,,15.8,17.2,0.235,17.7,0.145,2.53,icon_d2
2026-09-05,W0737,52.6626,11.0747,0.9,,16.2,17.4,0.219,18.1,0.149,2.58,icon_d2
2026-09-05,W0705,52.6446,11.1043,0.5,,16.1,17.2,0.235,17.7,0.145,2.52,icon_d2
2026-09-05,W0738,52.6626,11.1338,0.9,,16.2,17.4,0.219,18.1,0.149,2.4,icon_d2
2026-09-05,W1630,52.6536,11.14953,0.9,,16.0,17.4,0.219,18.1,0.149,2.39,icon_d2
2026-09-05,W0740,52.6806,10.1295,0.2,,16.3,16.8,0.21,17.1,0.097,2.57,icon_d2
2026-09-05,W0741,52.6806,10.1591,0.1,,16.3,16.8,0.21,17.1,0.097,2.51,icon_d2
2026-09-05,W0742,52.6806,10.1886,0.1,,16.4,16.7,0.204,17.1,0.081,2.51,icon_d2
2026-09-05,W0743,52.6806,10.2182,0.1,,16.1,16.7,0.204,17.1,0.081,2.45,icon_d2
2026-09-05,W0744,52.6806,10.2477,0.1,,16.2,16.7,0.204,17.1,0.081,2.49,icon_d2
2026-09-05,W0745,52.6806,10.2772,0.1,,16.1,16.7,0.204,17.1,0.081,2.54,icon_d2
2026-09-05,W0746,52.6806,10.3068,0.0,,16.1,16.7,0.204,17.1,0.081,2.54,icon_d2
2026-09-05,W1631,52.67162,10.32173,0.0,,16.1,16.7,0.204,17.1,0.081,2.54,icon_d2
2026-09-05,W0747,52.6806,10.3658,0.0,,16.0,16.6,0.191,16.9,0.071,2.5,icon_d2
2026-09-05,W0748,52.6806,10.3954,0.0,,16.0,16.6,0.191,16.9,0.071,2.47,icon_d2
2026-09-05,W0749,52.6806,10.4249,0.0,,15.8,16.6,0.191,16.9,0.071,2.37,icon_d2
2026-09-05,W0750,52.6806,10.4545,0.1,,15.6,16.6,0.191,16.9,0.071,2.25,icon_d2
2026-09-05,W0751,52.6806,10.484,0.1,,15.6,16.6,0.191,16.9,0.071,2.25,icon_d2
2026-09-05,W0752,52.6806,10.5135,0.1,,15.5,16.6,0.191,16.9,0.071,2.3,icon_d2
2026-09-05,W1632,52.67162,10.52868,0.1,,15.6,16.6,0.16,16.8,0.061,2.31,icon_d2
2026-09-05,W0753,52.6806,10.5726,0.3,,15.6,16.6,0.16,16.8,0.061,2.43,icon_d2
2026-09-05,W0754,52.6806,10.6021,0.3,,15.8,16.6,0.16,16.8,0.061,2.46,icon_d2
2026-09-05,W0755,52.6806,10.6317,0.2,,15.8,16.6,0.16,16.8,0.061,2.41,icon_d2
2026-09-05,W0756,52.6806,10.6612,0.2,,15.8,16.6,0.16,16.8,0.061,2.4,icon_d2
2026-09-05,W0757,52.6806,10.6908,0.2,,15.7,16.7,0.161,16.8,0.056,2.25,icon_d2
2026-09-05,W0758,52.6806,10.7203,0.2,,15.7,16.7,0.161,16.8,0.056,2.16,icon_d2
2026-09-05,W0759,52.6806,10.7498,0.2,,15.6,16.7,0.161,16.8,0.056,2.23,icon_d2
2026-09-05,W0760,52.6806,10.7794,0.2,,15.5,16.7,0.161,16.8,0.056,2.39,icon_d2
2026-09-05,W0761,52.6806,10.8089,0.1,,15.6,16.7,0.161,16.8,0.056,2.44,icon_d2
2026-09-05,W1633,52.67162,10.82432,0.1,,15.7,16.7,0.161,16.8,0.056,2.58,icon_d2
2026-09-05,W1634,52.67162,10.85389,0.5,,15.7,17.0,0.261,17.5,0.152,2.52,icon_d2
2026-09-05,W0762,52.6806,10.8975,0.3,,15.7,17.2,0.217,17.6,0.12,2.55,icon_d2
2026-09-05,W0763,52.6806,10.9271,0.7,,15.7,17.2,0.217,17.6,0.12,2.47,icon_d2
2026-09-05,W0764,52.6806,10.9566,0.9,,15.8,17.2,0.217,17.6,0.12,2.41,icon_d2
2026-09-05,W0765,52.6806,10.9861,0.6,,15.8,17.2,0.217,17.6,0.12,2.41,icon_d2
2026-09-05,W1635,52.67162,11.00171,1.0,,16.1,17.2,0.217,17.6,0.12,2.58,icon_d2
2026-09-05,W0766,52.6806,11.0452,1.1,,16.3,17.4,0.219,18.1,0.149,2.64,icon_d2
2026-09-05,W1636,52.67162,11.06084,1.1,,16.2,17.4,0.219,18.1,0.149,2.64,icon_d2
2026-09-05,W1637,52.67162,11.0904,1.5,,16.2,17.4,0.219,18.1,0.149,2.45,icon_d2
2026-09-05,W1638,52.67162,11.11997,1.5,,16.2,17.4,0.219,18.1,0.149,2.44,icon_d2
2026-09-05,W1639,52.67162,11.14953,1.0,,16.1,17.4,0.219,18.1,0.149,2.41,icon_d2
2026-09-05,W0768,52.6986,10.1295,0.1,,16.3,16.8,0.21,17.1,0.097,2.54,icon_d2
2026-09-05,W0769,52.6986,10.1591,0.1,,16.3,16.8,0.21,17.1,0.097,2.51,icon_d2
2026-09-05,W0770,52.6986,10.1886,0.1,,16.2,16.7,0.204,17.1,0.081,2.44,icon_d2
2026-09-05,W0771,52.6986,10.2182,0.2,,16.2,16.7,0.204,17.1,0.081,2.54,icon_d2
2026-09-05,W0772,52.6986,10.2477,0.2,,16.2,16.7,0.204,17.1,0.081,2.53,icon_d2
2026-09-05,W0773,52.6986,10.2772,0.2,,15.9,16.7,0.204,17.1,0.081,2.47,icon_d2
2026-09-05,W0774,52.6986,10.3068,0.2,,16.1,16.7,0.204,17.1,0.081,2.49,icon_d2
2026-09-05,W1640,52.68964,10.32173,0.0,,16.1,16.7,0.204,17.1,0.081,2.54,icon_d2
2026-09-05,W0775,52.6986,10.3658,0.1,,16.0,16.6,0.191,16.9,0.071,2.51,icon_d2
2026-09-05,W0776,52.6986,10.3954,0.1,,15.8,16.6,0.191,16.9,0.071,2.43,icon_d2
2026-09-05,W0777,52.6986,10.4249,0.1,,15.8,16.6,0.191,16.9,0.071,2.44,icon_d2
2026-09-05,W0778,52.6986,10.4545,0.1,,15.7,16.6,0.191,16.9,0.071,2.27,icon_d2
2026-09-05,W0779,52.6986,10.484,0.1,,15.6,16.6,0.191,16.9,0.071,2.26,icon_d2
2026-09-05,W0780,52.6986,10.5135,0.2,,15.5,16.6,0.191,16.9,0.071,2.28,icon_d2
2026-09-05,W0781,52.6986,10.5431,0.5,,15.6,16.6,0.16,16.8,0.061,2.38,icon_d2
2026-09-05,W0782,52.6986,10.5726,0.5,,15.6,16.6,0.16,16.8,0.061,2.39,icon_d2
2026-09-05,W0783,52.6986,10.6021,0.4,,15.6,16.6,0.16,16.8,0.061,2.45,icon_d2
2026-09-05,W0784,52.6986,10.6317,0.3,,15.8,16.6,0.16,16.8,0.061,2.45,icon_d2
2026-09-05,W0785,52.6986,10.6612,0.3,,15.8,16.6,0.16,16.8,0.061,2.45,icon_d2
2026-09-05,W1641,52.68964,10.6765,0.2,,15.7,16.6,0.16,16.8,0.061,2.25,icon_d2
2026-09-05,W0786,52.6986,10.7203,0.2,,15.6,16.7,0.161,16.8,0.056,2.31,icon_d2
2026-09-05,W1642,52.68964,10.73563,0.2,,15.6,16.7,0.161,16.8,0.056,2.23,icon_d2
2026-09-05,W1643,52.68964,10.76519,0.2,,15.6,16.7,0.161,16.8,0.056,2.24,icon_d2
2026-09-05,W1644,52.68964,10.79476,0.1,,15.6,16.7,0.161,16.8,0.056,2.43,icon_d2
2026-09-05,W0787,52.6986,10.8384,0.2,,15.7,16.7,0.161,16.8,0.056,2.53,icon_d2
2026-09-05,W0788,52.6986,10.868,1.8,,15.6,17.2,0.217,17.6,0.12,2.32,icon_d2
2026-09-05,W0789,52.6986,10.8975,2.1,,15.7,17.2,0.217,17.6,0.12,2.44,icon_d2
2026-09-05,W0790,52.6986,10.9271,2.1,,15.6,17.2,0.217,17.6,0.12,2.43,icon_d2
2026-09-05,W0791,52.6986,10.9566,2.3,,15.8,17.2,0.217,17.6,0.12,2.51,icon_d2
2026-09-05,W0792,52.6986,10.9861,2.3,,16.1,17.2,0.217,17.6,0.12,2.53,icon_d2
2026-09-05,W1645,52.68964,11.00171,1.0,,16.2,17.2,0.217,17.6,0.12,2.59,icon_d2
2026-09-05,W0793,52.6986,11.0452,2.3,,16.1,17.4,0.219,18.1,0.149,2.6,icon_d2
2026-09-05,W0794,52.6986,11.0747,2.1,,16.2,17.4,0.219,18.1,0.149,2.45,icon_d2
2026-09-05,W0795,52.6986,11.1043,2.1,,16.2,17.4,0.219,18.1,0.149,2.45,icon_d2
2026-09-05,W0796,52.6986,11.1338,1.6,,16.1,17.4,0.219,18.1,0.149,2.42,icon_d2
2026-09-05,W1646,52.68964,11.14953,1.0,,16.2,17.4,0.219,18.1,0.149,2.42,icon_d2
2026-09-05,W1647,52.70766,10.11478,0.1,,16.3,16.8,0.21,17.1,0.097,2.55,icon_d2
2026-09-05,W1648,52.70766,10.14435,0.1,,16.2,16.8,0.21,17.1,0.097,2.5,icon_d2
2026-09-05,W1649,52.70766,10.17391,0.1,,16.1,16.7,0.225,17.0,0.125,2.44,icon_d2
2026-09-05,W1650,52.70766,10.20347,0.2,,16.2,16.7,0.204,17.1,0.081,2.5,icon_d2
2026-09-05,W1651,52.70766,10.23304,0.2,,16.1,16.7,0.204,17.1,0.081,2.52,icon_d2
2026-09-05,W1652,52.70766,10.2626,0.2,,16.1,16.7,0.204,17.1,0.081,2.52,icon_d2
2026-09-05,W1653,52.70766,10.29217,0.2,,16.0,16.7,0.204,17.1,0.081,2.48,icon_d2
2026-09-05,W1654,52.70766,10.32173,0.2,,16.1,16.7,0.204,17.1,0.081,2.48,icon_d2
2026-09-05,W1655,52.70766,10.3513,0.1,,16.0,16.6,0.191,16.9,0.071,2.51,icon_d2
2026-09-05,W1656,52.70766,10.38086,0.0,,15.9,16.6,0.191,16.9,0.071,2.51,icon_d2
2026-09-05,W1657,52.70766,10.41042,0.1,,15.8,16.6,0.191,16.9,0.071,2.44,icon_d2
2026-09-05,W1658,52.70766,10.43999,0.1,,15.7,16.6,0.191,16.9,0.071,2.38,icon_d2
2026-09-05,W1659,52.70766,10.46955,0.1,,15.7,16.6,0.191,16.9,0.071,2.27,icon_d2
2026-09-05,W1660,52.70766,10.49912,0.2,,15.6,16.7,0.203,17.0,0.077,2.28,icon_d2
2026-09-05,W1661,52.70766,10.52868,0.2,,15.5,16.6,0.16,16.8,0.061,2.28,icon_d2
2026-09-05,W1662,52.70766,10.55825,0.5,,15.5,16.6,0.16,16.8,0.061,2.36,icon_d2
2026-09-05,W1663,52.70766,10.58781,0.5,,15.6,16.6,0.16,16.8,0.061,2.39,icon_d2
2026-09-05,W1664,52.70766,10.61737,0.4,,15.6,16.6,0.16,16.8,0.061,2.45,icon_d2
2026-09-05,W1665,52.70766,10.64694,0.3,,15.8,16.6,0.16,16.8,0.061,2.44,icon_d2
2026-09-05,W1666,52.70766,10.6765,0.4,,15.7,16.6,0.149,16.8,0.044,2.42,icon_d2
2026-09-05,W1667,52.70766,10.70607,0.2,,15.7,16.7,0.161,16.8,0.056,2.3,icon_d2
2026-09-05,W1668,52.70766,10.73563,0.2,,15.6,16.7,0.161,16.8,0.056,2.31,icon_d2
2026-09-05,W1669,52.70766,10.76519,0.2,,15.6,16.7,0.161,16.8,0.056,2.36,icon_d2
2026-09-05,W1670,52.70766,10.79476,0.1,,15.7,16.7,0.161,16.8,0.056,2.44,icon_d2
2026-09-05,W1671,52.70766,10.82432,0.2,,15.7,16.7,0.161,16.8,0.056,2.53,icon_d2
2026-09-05,W1672,52.70766,10.85389,1.8,,15.6,17.2,0.217,17.6,0.12,2.33,icon_d2
2026-09-05,W1673,52.70766,10.88345,1.8,,15.5,17.2,0.217,17.6,0.12,2.32,icon_d2
2026-09-05,W1674,52.70766,10.91302,2.1,,15.7,17.2,0.217,17.6,0.12,2.44,icon_d2
2026-09-05,W1675,52.70766,10.94258,2.7,,15.8,17.2,0.217,17.6,0.12,2.48,icon_d2
2026-09-05,W1676,52.70766,10.97214,2.3,,16.0,17.2,0.217,17.6,0.12,2.52,icon_d2
2026-09-05,W1677,52.70766,11.00171,2.6,,16.2,17.4,0.187,17.8,0.129,2.62,icon_d2
2026-09-05,W1678,52.70766,11.03127,2.3,,16.3,17.4,0.219,18.1,0.149,2.61,icon_d2
2026-09-05,W1679,52.70766,11.06084,1.9,,16.3,17.4,0.219,18.1,0.149,2.61,icon_d2
2026-09-05,W1680,52.70766,11.0904,2.1,,16.2,17.4,0.219,18.1,0.149,2.45,icon_d2
2026-09-05,W1681,52.70766,11.11997,1.6,,16.3,17.4,0.219,18.1,0.149,2.44,icon_d2
2026-09-05,W1682,52.70766,11.14953,1.6,,16.2,17.4,0.219,18.1,0.149,2.43,icon_d2
2026-09-05,W0798,52.7167,10.1295,0.3,,16.2,16.8,0.21,17.1,0.097,2.52,icon_d2
2026-09-05,W0799,52.7167,10.1591,0.3,,16.1,16.7,0.225,17.0,0.125,2.52,icon_d2
2026-09-05,W0800,52.7167,10.1886,0.3,,16.1,16.7,0.204,17.1,0.081,2.51,icon_d2
2026-09-05,W0801,52.7167,10.2182,0.2,,16.2,16.7,0.204,17.1,0.081,2.54,icon_d2
2026-09-05,W0802,52.7167,10.2477,0.2,,16.1,16.7,0.204,17.1,0.081,2.53,icon_d2
2026-09-05,W0803,52.7167,10.2772,0.2,,16.0,16.7,0.204,17.1,0.081,2.48,icon_d2
2026-09-05,W0804,52.7167,10.3068,0.1,,15.9,16.6,0.219,16.9,0.104,2.39,icon_d2
2026-09-05,W0805,52.7167,10.3363,0.0,,15.9,16.6,0.219,16.9,0.104,2.43,icon_d2
2026-09-05,W0806,52.7167,10.3658,0.1,,15.9,16.6,0.191,16.9,0.071,2.43,icon_d2
2026-09-05,W0807,52.7167,10.3954,0.1,,15.7,16.6,0.191,16.9,0.071,2.37,icon_d2
2026-09-05,W0808,52.7167,10.4249,0.2,,15.7,16.6,0.191,16.9,0.071,2.39,icon_d2
2026-09-05,W0809,52.7167,10.4545,0.4,,15.5,16.6,0.191,16.9,0.071,2.22,icon_d2
2026-09-05,W0810,52.7167,10.484,0.4,,15.5,16.7,0.203,17.0,0.077,2.21,icon_d2
2026-09-05,W0811,52.7167,10.5135,0.5,,15.6,16.7,0.203,17.0,0.077,2.35,icon_d2
2026-09-05,W0812,52.7167,10.5431,0.5,,15.6,16.6,0.16,16.8,0.061,2.35,icon_d2
2026-09-05,W0813,52.7167,10.5726,0.5,,15.4,16.6,0.16,16.8,0.061,2.38,icon_d2
2026-09-05,W0814,52.7167,10.6021,0.6,,15.5,16.6,0.16,16.8,0.061,2.38,icon_d2
2026-09-05,W1683,52.72568,10.61737,0.5,,15.7,16.6,0.149,16.8,0.044,2.46,icon_d2
2026-09-05,W0815,52.7167,10.6612,0.7,,15.8,16.6,0.149,16.8,0.044,2.44,icon_d2
2026-09-05,W0816,52.7167,10.6908,0.8,,15.8,16.7,0.161,16.8,0.056,2.42,icon_d2
2026-09-05,W1684,52.72568,10.70607,0.8,,15.8,16.7,0.161,16.8,0.056,2.41,icon_d2
2026-09-05,W1685,52.72568,10.73563,0.7,,15.6,16.7,0.161,16.8,0.056,2.36,icon_d2
2026-09-05,W1686,52.72568,10.76519,1.1,,15.6,16.7,0.161,16.8,0.056,2.39,icon_d2
2026-09-05,W0817,52.7167,10.8089,1.6,,15.5,16.7,0.146,16.9,0.052,2.38,icon_d2
2026-09-05,W0818,52.7167,10.8384,2.1,,15.6,16.7,0.146,16.9,0.052,2.33,icon_d2
2026-09-05,W0819,52.7167,10.868,2.1,,15.6,17.2,0.217,17.6,0.12,2.33,icon_d2
2026-09-05,W0820,52.7167,10.8975,2.6,,15.8,17.2,0.217,17.6,0.12,2.36,icon_d2
2026-09-05,W0821,52.7167,10.9271,2.5,,15.8,17.2,0.217,17.6,0.12,2.39,icon_d2
2026-09-05,W1687,52.72568,10.94258,2.5,,15.9,17.4,0.187,17.8,0.129,2.49,icon_d2
2026-09-05,W1688,52.72568,10.97214,2.7,,16.0,17.4,0.187,17.8,0.129,2.51,icon_d2
2026-09-05,W1689,52.72568,11.00171,2.7,,16.0,17.4,0.187,17.8,0.129,2.52,icon_d2
2026-09-05,W1690,52.72568,11.03127,2.6,,16.2,17.4,0.219,18.1,0.149,2.53,icon_d2
2026-09-05,W0822,52.7167,11.0747,2.5,,16.3,17.4,0.219,18.1,0.149,2.45,icon_d2
2026-09-05,W1691,52.72568,11.0904,2.8,,16.3,17.4,0.219,18.1,0.149,2.42,icon_d2
2026-09-05,W0823,52.7167,11.1338,2.9,,16.3,17.4,0.219,18.1,0.149,2.38,icon_d2
2026-09-05,W1692,52.72568,11.14953,2.9,,16.3,17.5,0.195,17.9,0.12,2.38,icon_d2
2026-09-05,W0825,52.7347,10.1295,0.2,,16.2,16.7,0.225,17.0,0.125,2.53,icon_d2
2026-09-05,W0826,52.7347,10.1591,0.2,,16.0,16.7,0.225,17.0,0.125,2.47,icon_d2
2026-09-05,W0827,52.7347,10.1886,0.2,,16.1,16.7,0.225,17.0,0.125,2.53,icon_d2
2026-09-05,W0828,52.7347,10.2182,0.2,,16.0,16.7,0.204,17.1,0.081,2.52,icon_d2
2026-09-05,W0829,52.7347,10.2477,0.2,,16.0,16.6,0.219,16.9,0.104,2.52,icon_d2
2026-09-05,W0860,52.7527,10.2772,0.1,,15.7,16.6,0.219,16.9,0.104,2.27,icon_d2
2026-09-05,W0830,52.7347,10.3068,0.1,,15.9,16.6,0.219,16.9,0.104,2.39,icon_d2
2026-09-05,W0831,52.7347,10.3363,0.1,,15.9,16.6,0.219,16.9,0.104,2.32,icon_d2
2026-09-05,W0832,52.7347,10.3658,0.1,,15.9,16.6,0.191,16.9,0.071,2.32,icon_d2
2026-09-05,W0833,52.7347,10.3954,0.2,,15.6,16.6,0.191,16.9,0.071,2.27,icon_d2
2026-09-05,W0834,52.7347,10.4249,0.4,,15.5,16.7,0.203,17.0,0.077,2.23,icon_d2
2026-09-05,W0835,52.7347,10.4545,0.4,,15.6,16.7,0.203,17.0,0.077,2.19,icon_d2
2026-09-05,W0836,52.7347,10.484,0.5,,15.4,16.7,0.203,17.0,0.077,2.19,icon_d2
2026-09-05,W0837,52.7347,10.5135,0.6,,15.6,16.7,0.203,17.0,0.077,2.33,icon_d2
2026-09-05,W0838,52.7347,10.5431,0.6,,15.6,16.6,0.16,16.8,0.061,2.38,icon_d2
2026-09-05,W0839,52.7347,10.5726,0.8,,15.6,16.6,0.149,16.8,0.044,2.42,icon_d2
2026-09-05,W0840,52.7347,10.6021,0.6,,15.6,16.6,0.149,16.8,0.044,2.42,icon_d2
2026-09-05,W1694,52.74369,10.61737,0.6,,15.7,16.6,0.149,16.8,0.044,2.43,icon_d2
2026-09-05,W0841,52.7347,10.6612,0.8,,15.9,16.6,0.149,16.8,0.044,2.47,icon_d2
2026-09-05,W1695,52.74369,10.6765,0.8,,15.8,16.6,0.149,16.8,0.044,2.47,icon_d2
2026-09-05,W0872,52.7527,10.7203,0.2,,15.7,16.7,0.146,16.9,0.052,2.41,icon_d2
2026-09-05,W0873,52.7527,10.7498,0.2,,15.7,16.7,0.146,16.9,0.052,2.4,icon_d2
2026-09-05,W0874,52.7527,10.7794,0.3,,15.7,16.7,0.146,16.9,0.052,2.4,icon_d2
2026-09-05,W0842,52.7347,10.8089,1.7,,15.6,16.7,0.146,16.9,0.052,2.36,icon_d2
2026-09-05,W0843,52.7347,10.8384,1.8,,15.5,16.7,0.146,16.9,0.052,2.29,icon_d2
2026-09-05,W0844,52.7347,10.868,2.1,,15.4,17.2,0.217,17.6,0.12,2.22,icon_d2
2026-09-05,W0845,52.7347,10.8975,2.2,,15.9,17.2,0.217,17.6,0.12,2.37,icon_d2
2026-09-05,W0846,52.7347,10.9271,2.2,,15.8,17.4,0.187,17.8,0.129,2.43,icon_d2
2026-09-05,W0847,52.7347,10.9566,2.2,,16.0,17.4,0.187,17.8,0.129,2.46,icon_d2
2026-09-05,W0848,52.7347,10.9861,0.2,,15.9,17.4,0.187,17.8,0.129,2.37,icon_d2
2026-09-05,W0849,52.7347,11.0157,0.3,,16.1,17.4,0.187,17.8,0.129,2.42,icon_d2
2026-09-05,W0850,52.7347,11.0452,0.3,,16.1,17.4,0.219,18.1,0.149,2.42,icon_d2
2026-09-05,W0851,52.7347,11.0747,0.3,,16.4,17.4,0.219,18.1,0.149,2.53,icon_d2
2026-09-05,W0852,52.7347,11.1043,0.0,,16.3,17.5,0.195,17.9,0.12,2.57,icon_d2
2026-09-05,W0853,52.7347,11.1338,0.1,,16.3,17.5,0.195,17.9,0.12,2.55,icon_d2
2026-09-05,W1699,52.74369,11.14953,0.1,,16.3,17.5,0.195,17.9,0.12,2.55,icon_d2
2026-09-05,W0887,52.7707,10.1295,0.3,,15.9,16.7,0.225,17.0,0.125,2.32,icon_d2
2026-09-05,W0888,52.7707,10.1591,0.2,,15.6,16.7,0.225,17.0,0.125,2.15,icon_d2
2026-09-05,W0889,52.7707,10.1886,0.0,,15.5,16.7,0.225,17.0,0.125,2.12,icon_d2
2026-09-05,W0890,52.7707,10.2182,0.1,,15.5,16.6,0.219,16.9,0.104,2.12,icon_d2
2026-09-05,W0891,52.7707,10.2477,0.1,,15.6,16.6,0.219,16.9,0.104,2.18,icon_d2
2026-09-05,W0892,52.7707,10.2772,0.2,,15.6,16.6,0.219,16.9,0.104,2.23,icon_d2
2026-09-05,W0893,52.7707,10.3068,0.2,,15.5,16.6,0.219,16.9,0.104,2.22,icon_d2
2026-09-05,W0894,52.7707,10.3363,0.3,,15.6,16.6,0.219,16.9,0.104,2.23,icon_d2
2026-09-05,W0895,52.7707,10.3658,0.6,,15.6,16.7,0.203,17.0,0.077,2.22,icon_d2
2026-09-05,W0896,52.7707,10.3954,0.7,,15.5,16.7,0.203,17.0,0.077,2.18,icon_d2
2026-09-05,W0897,52.7707,10.4249,0.7,,15.4,16.7,0.203,17.0,0.077,2.18,icon_d2
2026-09-05,W0898,52.7707,10.4545,0.8,,15.5,16.7,0.203,17.0,0.077,2.18,icon_d2
2026-09-05,W0899,52.7707,10.484,0.4,,15.4,16.7,0.203,17.0,0.077,2.17,icon_d2
2026-09-05,W0900,52.7707,10.5135,0.4,,15.5,16.7,0.203,17.0,0.077,2.26,icon_d2
2026-09-05,W0901,52.7707,10.5431,0.3,,15.5,16.6,0.149,16.8,0.044,2.31,icon_d2
2026-09-05,W0902,52.7707,10.5726,0.2,,15.8,16.6,0.149,16.8,0.044,2.41,icon_d2
2026-09-05,W0903,52.7707,10.6021,0.2,,15.9,16.6,0.149,16.8,0.044,2.44,icon_d2
2026-09-05,W0904,52.7707,10.6317,0.1,,16.0,16.6,0.149,16.8,0.044,2.47,icon_d2
2026-09-05,W0905,52.7707,10.6612,0.3,,15.8,16.6,0.149,16.8,0.044,2.45,icon_d2
2026-09-05,W0906,52.7707,10.6908,0.2,,15.8,16.6,0.149,16.8,0.044,2.49,icon_d2
2026-09-05,W0907,52.7707,10.7203,0.0,,15.7,16.7,0.146,16.9,0.052,2.45,icon_d2
2026-09-05,W0908,52.7707,10.7498,0.0,,15.8,16.7,0.146,16.9,0.052,2.46,icon_d2
2026-09-05,W0909,52.7707,10.7794,0.0,,15.7,16.7,0.146,16.9,0.052,2.41,icon_d2
2026-09-05,W0910,52.7707,10.8089,0.1,,15.9,16.7,0.146,16.9,0.052,2.52,icon_d2
2026-09-05,W0911,52.7707,10.8384,0.1,,15.9,16.7,0.146,16.9,0.052,2.52,icon_d2
2026-09-05,W0912,52.7707,10.868,0.0,,16.0,16.7,0.146,16.9,0.052,2.63,icon_d2
2026-09-05,W0913,52.7707,10.8975,0.1,,16.0,17.4,0.187,17.8,0.129,2.67,icon_d2
2026-09-05,W0914,52.7707,10.9271,0.1,,16.2,17.4,0.187,17.8,0.129,2.57,icon_d2
2026-09-05,W0915,52.7707,10.9566,0.2,,16.2,17.4,0.187,17.8,0.129,2.5,icon_d2
2026-09-05,W0916,52.7707,10.9861,0.1,,16.1,17.4,0.187,17.8,0.129,2.55,icon_d2
2026-09-05,W0917,52.7707,11.0157,0.1,,16.3,17.4,0.187,17.8,0.129,2.47,icon_d2
2026-09-05,W0918,52.7707,11.0452,0.2,,16.1,17.5,0.195,17.9,0.12,2.44,icon_d2
2026-09-05,W1700,52.76171,11.06084,0.2,,16.2,17.5,0.195,17.9,0.12,2.44,icon_d2
2026-09-05,W1701,52.76171,11.0904,0.2,,16.3,17.5,0.195,17.9,0.12,2.63,icon_d2
2026-09-05,W1702,52.76171,11.11997,0.2,,16.3,17.5,0.195,17.9,0.12,2.63,icon_d2
2026-09-05,W1703,52.76171,11.14953,0.2,,16.2,17.5,0.195,17.9,0.12,2.61,icon_d2
2026-09-05,W0920,52.7887,10.1295,0.3,,16.0,16.7,0.225,17.0,0.125,2.32,icon_d2
2026-09-05,W0921,52.7887,10.1591,0.2,,15.6,16.6,0.201,17.1,0.078,2.15,icon_d2
2026-09-05,W0922,52.7887,10.1886,0.0,,15.4,16.6,0.201,17.1,0.078,2.11,icon_d2
2026-09-05,W0923,52.7887,10.2182,0.1,,15.4,16.6,0.219,16.9,0.104,2.11,icon_d2
2026-09-05,W0924,52.7887,10.2477,0.1,,15.5,16.6,0.219,16.9,0.104,2.17,icon_d2
2026-09-05,W0925,52.7887,10.2772,0.2,,15.6,16.6,0.219,16.9,0.104,2.22,icon_d2
2026-09-05,W0926,52.7887,10.3068,0.2,,15.6,16.6,0.219,16.9,0.104,2.22,icon_d2
2026-09-05,W0927,52.7887,10.3363,0.3,,15.4,16.7,0.206,17.1,0.084,2.22,icon_d2
2026-09-05,W0928,52.7887,10.3658,0.6,,15.5,16.7,0.206,17.1,0.084,2.22,icon_d2
2026-09-05,W0929,52.7887,10.3954,0.7,,15.5,16.7,0.203,17.0,0.077,2.18,icon_d2
2026-09-05,W0930,52.7887,10.4249,0.7,,15.4,16.7,0.203,17.0,0.077,2.18,icon_d2
2026-09-05,W0931,52.7887,10.4545,0.8,,15.4,16.7,0.203,17.0,0.077,2.17,icon_d2
2026-09-05,W0932,52.7887,10.484,0.4,,15.3,16.7,0.188,17.1,0.08,2.16,icon_d2
2026-09-05,W0933,52.7887,10.5135,0.4,,15.5,16.7,0.188,17.1,0.08,2.26,icon_d2
2026-09-05,W0934,52.7887,10.5431,0.3,,15.6,16.6,0.149,16.8,0.044,2.32,icon_d2
2026-09-05,W0935,52.7887,10.5726,0.2,,15.8,16.6,0.149,16.8,0.044,2.41,icon_d2
2026-09-05,W0936,52.7887,10.6021,0.2,,15.9,16.6,0.149,16.8,0.044,2.45,icon_d2
2026-09-05,W1704,52.77973,10.61737,0.1,,16.0,16.6,0.149,16.8,0.044,2.47,icon_d2
2026-09-05,W0937,52.7887,10.6612,0.3,,15.9,16.7,0.154,17.1,0.039,2.46,icon_d2
2026-09-05,W0938,52.7887,10.6908,0.2,,15.9,16.7,0.154,17.1,0.039,2.49,icon_d2
2026-09-05,W0939,52.7887,10.7203,0.0,,15.8,16.7,0.146,16.9,0.052,2.46,icon_d2
2026-09-05,W0940,52.7887,10.7498,0.0,,15.8,16.7,0.146,16.9,0.052,2.46,icon_d2
2026-09-05,W0941,52.7887,10.7794,0.0,,15.8,16.7,0.146,16.9,0.052,2.42,icon_d2
2026-09-05,W0942,52.7887,10.8089,0.1,,15.7,16.7,0.146,16.9,0.052,2.5,icon_d2
2026-09-05,W0943,52.7887,10.8384,0.1,,16.0,16.8,0.141,17.2,0.053,2.53,icon_d2
2026-09-05,W0944,52.7887,10.868,0.0,,16.2,16.8,0.141,17.2,0.053,2.64,icon_d2
2026-09-05,W0945,52.7887,10.8975,0.1,,16.3,17.4,0.187,17.8,0.129,2.69,icon_d2
2026-09-05,W0946,52.7887,10.9271,0.1,,16.0,17.4,0.187,17.8,0.129,2.56,icon_d2
2026-09-05,W0947,52.7887,10.9566,0.2,,16.0,17.4,0.187,17.8,0.129,2.49,icon_d2
2026-09-05,W1705,52.77973,10.97214,0.1,,16.3,17.4,0.187,17.8,0.129,2.56,icon_d2
2026-09-05,W0948,52.7887,11.0157,0.1,,16.3,17.3,0.195,17.8,0.132,2.47,icon_d2
2026-09-05,W0949,52.7887,11.0452,0.2,,16.3,17.3,0.195,17.8,0.132,2.46,icon_d2
2026-09-05,W0950,52.7887,11.0747,0.2,,16.1,17.5,0.195,17.9,0.12,2.5,icon_d2
2026-09-05,W0951,52.7887,11.1043,0.1,,16.3,17.5,0.195,17.9,0.12,2.46,icon_d2
2026-09-05,W0952,52.7887,11.1338,0.2,,16.3,17.5,0.195,17.9,0.12,2.7,icon_d2
2026-09-05,W1706,52.77973,11.14953,0.2,,16.4,17.5,0.195,17.9,0.12,2.71,icon_d2
2026-09-05,W1707,52.79775,10.11478,0.4,,15.8,16.6,0.201,17.1,0.078,2.15,icon_d2
2026-09-05,W1771,52.79775,10.14435,0.4,,15.6,16.6,0.201,17.1,0.078,2.14,icon_d2
2026-09-05,W1772,52.79775,10.17391,0.1,,15.3,16.6,0.201,17.1,0.078,2.06,icon_d2
2026-09-05,W1773,52.79775,10.20347,0.3,,15.3,16.6,0.201,17.1,0.078,2.11,icon_d2
2026-09-05,W1774,52.79775,10.23304,0.3,,15.3,16.6,0.219,16.9,0.104,2.11,icon_d2
2026-09-05,W1775,52.79775,10.2626,0.5,,15.4,16.6,0.219,16.9,0.104,2.15,icon_d2
2026-09-05,W1776,52.79775,10.29217,0.4,,15.6,16.7,0.206,17.1,0.084,2.21,icon_d2
2026-09-05,W1777,52.79775,10.32173,0.7,,15.4,16.7,0.206,17.1,0.084,2.18,icon_d2
2026-09-05,W1778,52.79775,10.3513,0.7,,15.3,16.7,0.206,17.1,0.084,2.17,icon_d2
2026-09-05,W1779,52.79775,10.38086,0.4,,15.6,16.7,0.203,17.0,0.077,2.21,icon_d2
2026-09-05,W1780,52.79775,10.41042,0.6,,15.4,16.7,0.203,17.0,0.077,2.15,icon_d2
2026-09-05,W1781,52.79775,10.43999,0.4,,15.3,16.7,0.203,17.0,0.077,2.18,icon_d2
2026-09-05,W1782,52.79775,10.46955,0.4,,15.3,16.7,0.188,17.1,0.08,2.16,icon_d2
2026-09-05,W1708,52.79775,10.49912,0.4,,15.5,16.7,0.188,17.1,0.08,2.29,icon_d2
2026-09-05,W1709,52.79775,10.52868,0.3,,15.6,16.7,0.188,17.1,0.08,2.31,icon_d2
2026-09-05,W1710,52.79775,10.55825,0.2,,15.8,16.6,0.149,16.8,0.044,2.46,icon_d2
2026-09-05,W1711,52.79775,10.58781,0.2,,15.9,16.6,0.149,16.8,0.044,2.44,icon_d2
2026-09-05,W1712,52.79775,10.61737,0.1,,16.0,16.7,0.154,17.1,0.039,2.49,icon_d2
2026-09-05,W1713,52.79775,10.64694,0.1,,16.0,16.7,0.154,17.1,0.039,2.49,icon_d2
2026-09-05,W1714,52.79775,10.6765,0.1,,16.0,16.7,0.154,17.1,0.039,2.59,icon_d2
2026-09-05,W1715,52.79775,10.70607,0.2,,15.9,16.7,0.154,17.1,0.039,2.56,icon_d2
2026-09-05,W1716,52.79775,10.73563,0.2,,15.9,16.7,0.146,16.9,0.052,2.39,icon_d2
2026-09-05,W1717,52.79775,10.76519,0.2,,16.0,16.7,0.146,16.9,0.052,2.39,icon_d2
2026-09-05,W1783,52.79775,10.79476,0.2,,15.7,16.8,0.141,17.2,0.053,2.39,icon_d2
2026-09-05,W1718,52.79775,10.82432,0.2,,15.8,16.8,0.141,17.2,0.053,2.4,icon_d2
2026-09-05,W1719,52.79775,10.85389,0.1,,16.1,16.8,0.141,17.2,0.053,2.66,icon_d2
2026-09-05,W1720,52.79775,10.88345,0.1,,16.1,17.4,0.187,17.8,0.129,2.7,icon_d2
2026-09-05,W1721,52.79775,10.91302,0.1,,16.2,17.4,0.187,17.8,0.129,2.74,icon_d2
2026-09-05,W1722,52.79775,10.94258,0.1,,16.1,17.4,0.187,17.8,0.129,2.68,icon_d2
2026-09-05,W1723,52.79775,10.97214,0.2,,16.2,17.3,0.195,17.8,0.132,2.66,icon_d2
2026-09-05,W1724,52.79775,11.00171,0.2,,16.2,17.3,0.195,17.8,0.132,2.62,icon_d2
2026-09-05,W1725,52.79775,11.03127,0.1,,16.4,17.3,0.195,17.8,0.132,2.48,icon_d2
2026-09-05,W1726,52.79775,11.06084,0.2,,16.2,17.5,0.195,17.9,0.12,2.46,icon_d2
2026-09-05,W1727,52.79775,11.0904,0.1,,16.3,17.5,0.195,17.9,0.12,2.56,icon_d2
2026-09-05,W1728,52.79775,11.11997,0.1,,16.3,17.5,0.195,17.9,0.12,2.57,icon_d2
2026-09-05,W1729,52.79775,11.14953,0.1,,16.4,17.4,0.188,18.1,0.131,2.57,icon_d2
2026-09-05,W0954,52.8068,10.1295,0.4,,15.7,16.6,0.201,17.1,0.078,2.15,icon_d2
2026-09-05,W0955,52.8068,10.1591,0.1,,15.3,16.6,0.201,17.1,0.078,2.06,icon_d2
2026-09-05,W0956,52.8068,10.1886,0.1,,15.3,16.6,0.201,17.1,0.078,2.06,icon_d2
2026-09-05,W0957,52.8068,10.2182,0.3,,15.5,16.6,0.219,16.9,0.104,2.12,icon_d2
2026-09-05,W0958,52.8068,10.2477,0.3,,15.3,16.7,0.206,17.1,0.084,2.11,icon_d2
2026-09-05,W0959,52.8068,10.2772,0.5,,15.5,16.7,0.206,17.1,0.084,2.16,icon_d2
2026-09-05,W0960,52.8068,10.3068,0.4,,15.4,16.7,0.206,17.1,0.084,2.2,icon_d2
2026-09-05,W0961,52.8068,10.3363,0.5,,15.3,16.7,0.206,17.1,0.084,2.17,icon_d2
2026-09-05,W0962,52.8068,10.3658,0.7,,15.3,16.7,0.206,17.1,0.084,2.17,icon_d2
2026-09-05,W0963,52.8068,10.3954,0.4,,15.4,16.7,0.203,17.0,0.077,2.2,icon_d2
2026-09-05,W0964,52.8068,10.4249,0.6,,15.4,16.7,0.188,17.1,0.08,2.14,icon_d2
2026-09-05,W0965,52.8068,10.4545,0.4,,15.3,16.7,0.188,17.1,0.08,2.16,icon_d2
2026-09-05,W0966,52.8068,10.484,0.4,,15.3,16.7,0.188,17.1,0.08,2.28,icon_d2
2026-09-05,W0967,52.8068,10.5135,0.3,,15.7,16.7,0.188,17.1,0.08,2.32,icon_d2
2026-09-05,W0968,52.8068,10.5431,0.1,,15.8,16.7,0.188,17.1,0.08,2.42,icon_d2
2026-09-05,W0969,52.8068,10.5726,0.2,,16.0,16.6,0.149,16.8,0.044,2.45,icon_d2
2026-09-05,W0970,52.8068,10.6021,0.2,,15.9,16.7,0.154,17.1,0.039,2.44,icon_d2
2026-09-05,W0971,52.8068,10.6317,0.1,,15.9,16.7,0.154,17.1,0.039,2.48,icon_d2
2026-09-05,W0972,52.8068,10.6612,0.2,,16.0,16.7,0.154,17.1,0.039,2.59,icon_d2
2026-09-05,W0973,52.8068,10.6908,0.2,,15.9,16.7,0.154,17.1,0.039,2.56,icon_d2
2026-09-05,W0974,52.8068,10.7203,0.2,,15.8,16.7,0.146,16.9,0.052,2.55,icon_d2
2026-09-05,W0975,52.8068,10.7498,0.2,,15.9,16.7,0.146,16.9,0.052,2.38,icon_d2
2026-09-05,W0976,52.8068,10.7794,0.2,,15.9,16.8,0.141,17.2,0.053,2.39,icon_d2
2026-09-05,W0977,52.8068,10.8089,0.2,,15.7,16.8,0.141,17.2,0.053,2.39,icon_d2
2026-09-05,W1730,52.81577,10.82432,0.2,,15.9,16.8,0.141,17.2,0.053,2.51,icon_d2
2026-09-05,W0978,52.8068,10.868,0.1,,16.0,16.8,0.141,17.2,0.053,2.65,icon_d2
2026-09-05,W0979,52.8068,10.8975,0.1,,16.1,17.4,0.187,17.8,0.129,2.71,icon_d2
2026-09-05,W1731,52.81577,10.91302,0.2,,16.2,17.3,0.195,17.8,0.132,2.7,icon_d2
2026-09-05,W0980,52.8068,10.9566,0.1,,16.2,17.3,0.195,17.8,0.132,2.69,icon_d2
2026-09-05,W1732,52.81577,10.97214,0.3,,16.3,17.3,0.195,17.8,0.132,2.68,icon_d2
2026-09-05,W1733,52.81577,11.00171,0.1,,16.2,17.3,0.195,17.8,0.132,2.55,icon_d2
2026-09-05,W0981,52.8068,11.0452,0.1,,16.3,17.3,0.195,17.8,0.132,2.48,icon_d2
2026-09-05,W0982,52.8068,11.0747,0.2,,16.2,17.5,0.195,17.9,0.12,2.47,icon_d2
2026-09-05,W0983,52.8068,11.1043,0.1,,16.1,17.4,0.188,18.1,0.131,2.55,icon_d2
2026-09-05,W0984,52.8068,11.1338,0.1,,16.3,17.4,0.188,18.1,0.131,2.57,icon_d2
2026-09-05,W1734,52.81577,11.14953,0.3,,16.2,17.4,0.188,18.1,0.131,2.57,icon_d2
2026-09-05,W0986,52.8248,10.1295,0.5,,15.5,16.6,0.201,17.1,0.078,2.11,icon_d2
2026-09-05,W0987,52.8248,10.1591,0.3,,15.3,16.6,0.201,17.1,0.078,2.0,icon_d2
2026-09-05,W0988,52.8248,10.1886,0.1,,15.2,16.6,0.201,17.1,0.078,1.97,icon_d2
2026-09-05,W0989,52.8248,10.2182,0.4,,15.5,16.7,0.206,17.1,0.084,2.1,icon_d2
2026-09-05,W0990,52.8248,10.2477,0.4,,15.4,16.7,0.206,17.1,0.084,2.13,icon_d2
2026-09-05,W0991,52.8248,10.2772,0.3,,15.2,16.7,0.206,17.1,0.084,2.19,icon_d2
2026-09-05,W0992,52.8248,10.3068,0.3,,15.3,16.7,0.206,17.1,0.084,2.2,icon_d2
2026-09-05,W0993,52.8248,10.3363,0.4,,15.3,16.7,0.206,17.1,0.084,2.18,icon_d2
2026-09-05,W0994,52.8248,10.3658,0.4,,15.2,16.7,0.206,17.1,0.084,2.17,icon_d2
2026-09-05,W0995,52.8248,10.3954,0.3,,15.3,16.7,0.188,17.1,0.08,2.23,icon_d2
2026-09-05,W0996,52.8248,10.4249,0.3,,15.4,16.7,0.188,17.1,0.08,2.27,icon_d2
2026-09-05,W0997,52.8248,10.4545,0.3,,15.3,16.7,0.188,17.1,0.08,2.28,icon_d2
2026-09-05,W0998,52.8248,10.484,0.3,,15.3,16.7,0.188,17.1,0.08,2.27,icon_d2
2026-09-05,W0999,52.8248,10.5135,0.2,,15.5,16.7,0.188,17.1,0.08,2.36,icon_d2
2026-09-05,W1000,52.8248,10.5431,0.1,,15.7,16.7,0.188,17.1,0.08,2.41,icon_d2
2026-09-05,W1001,52.8248,10.5726,0.2,,15.8,16.7,0.154,17.1,0.039,2.46,icon_d2
2026-09-05,W1002,52.8248,10.6021,0.3,,15.9,16.7,0.154,17.1,0.039,2.5,icon_d2
2026-09-05,W1003,52.8248,10.6317,0.5,,16.0,16.7,0.154,17.1,0.039,2.54,icon_d2
2026-09-05,W1735,52.83378,10.64694,0.5,,16.0,16.7,0.154,17.1,0.039,2.55,icon_d2
2026-09-05,W1736,52.83378,10.6765,0.5,,16.0,16.7,0.154,17.1,0.039,2.6,icon_d2
2026-09-05,W1004,52.8248,10.7203,0.4,,16.0,16.7,0.154,17.1,0.039,2.59,icon_d2
2026-09-05,W1005,52.8248,10.7498,0.4,,16.0,16.8,0.141,17.2,0.053,2.5,icon_d2
2026-09-05,W1006,52.8248,10.7794,0.4,,15.9,16.8,0.141,17.2,0.053,2.44,icon_d2
2026-09-05,W1007,52.8248,10.8089,0.4,,15.9,16.8,0.141,17.2,0.053,2.44,icon_d2
2026-09-05,W1737,52.83378,10.82432,0.3,,16.0,16.8,0.141,17.2,0.053,2.39,icon_d2
2026-09-05,W1008,52.8248,10.868,0.1,,16.1,16.8,0.141,17.2,0.053,2.66,icon_d2
2026-09-05,W1009,52.8248,10.8975,0.0,,16.1,17.3,0.195,17.8,0.132,2.68,icon_d2
2026-09-05,W1010,52.8248,10.9271,0.2,,16.1,17.3,0.195,17.8,0.132,2.69,icon_d2
2026-09-05,W1011,52.8248,10.9566,0.3,,16.2,17.3,0.195,17.8,0.132,2.67,icon_d2
2026-09-05,W1012,52.8248,10.9861,0.3,,16.3,17.3,0.195,17.8,0.132,2.68,icon_d2
2026-09-05,W1738,52.83378,11.00171,0.4,,16.2,17.3,0.195,17.8,0.132,2.52,icon_d2
2026-09-05,W1013,52.8248,11.0452,0.1,,16.1,17.3,0.195,17.8,0.132,2.5,icon_d2
2026-09-05,W1739,52.83378,11.06084,0.4,,16.2,17.4,0.188,18.1,0.131,2.5,icon_d2
2026-09-05,W1014,52.8248,11.1043,0.3,,16.1,17.4,0.188,18.1,0.131,2.51,icon_d2
2026-09-05,W1015,52.8248,11.1338,0.3,,16.3,17.4,0.188,18.1,0.131,2.58,icon_d2
2026-09-05,W1740,52.83378,11.14953,0.8,,16.2,17.4,0.188,18.1,0.131,2.49,icon_d2
2026-09-05,W1017,52.8428,10.1295,0.5,,15.4,16.6,0.201,17.1,0.078,2.06,icon_d2
2026-09-05,W1018,52.8428,10.1591,0.4,,15.3,16.6,0.201,17.1,0.078,1.95,icon_d2
2026-09-05,W1019,52.8428,10.1886,0.5,,15.2,16.6,0.201,17.1,0.078,1.96,icon_d2
2026-09-05,W1020,52.8428,10.2182,0.5,,15.2,16.7,0.206,17.1,0.084,2.05,icon_d2
2026-09-05,W1021,52.8428,10.2477,0.5,,15.1,16.7,0.206,17.1,0.084,2.04,icon_d2
2026-09-05,W1022,52.8428,10.2772,0.5,,15.3,16.7,0.206,17.1,0.084,2.19,icon_d2
2026-09-05,W1023,52.8428,10.3068,0.5,,15.4,16.7,0.206,17.1,0.084,2.2,icon_d2
2026-09-05,W1024,52.8428,10.3363,0.5,,15.3,16.7,0.206,17.1,0.084,2.2,icon_d2
2026-09-05,W1025,52.8428,10.3658,0.5,,15.4,16.7,0.206,17.1,0.084,2.3,icon_d2
2026-09-05,W1026,52.8428,10.3954,0.5,,15.5,16.7,0.188,17.1,0.08,2.39,icon_d2
2026-09-05,W1027,52.8428,10.4249,0.5,,15.5,16.7,0.188,17.1,0.08,2.38,icon_d2
2026-09-05,W1028,52.8428,10.4545,0.4,,15.6,16.7,0.188,17.1,0.08,2.43,icon_d2
2026-09-05,W1029,52.8428,10.484,0.4,,15.5,16.7,0.188,17.1,0.08,2.31,icon_d2
2026-09-05,W1030,52.8428,10.5135,0.6,,15.6,16.7,0.188,17.1,0.08,2.31,icon_d2
2026-09-05,W1031,52.8428,10.5431,0.5,,15.9,16.7,0.188,17.1,0.08,2.41,icon_d2
2026-09-05,W1032,52.8428,10.5726,0.7,,15.9,16.7,0.154,17.1,0.039,2.44,icon_d2
2026-09-05,W1033,52.8428,10.6021,0.7,,15.9,16.7,0.154,17.1,0.039,2.43,icon_d2
2026-09-05,W1034,52.8428,10.6317,0.5,,15.8,16.7,0.154,17.1,0.039,2.53,icon_d2
2026-09-05,W1035,52.8428,10.6612,0.7,,15.9,16.7,0.154,17.1,0.039,2.46,icon_d2
2026-09-05,W1036,52.8428,10.7203,0.5,,16.0,16.7,0.154,17.1,0.039,2.55,icon_d2
2026-09-05,W1037,52.8428,10.7498,0.5,,15.8,16.8,0.141,17.2,0.053,2.45,icon_d2
2026-09-05,W1038,52.8428,10.7794,0.4,,15.9,16.8,0.141,17.2,0.053,2.37,icon_d2
2026-09-05,W1039,52.8428,10.8089,0.4,,15.7,16.8,0.141,17.2,0.053,2.35,icon_d2
2026-09-05,W1040,52.8428,10.8384,0.2,,15.9,16.8,0.141,17.2,0.053,2.5,icon_d2
2026-09-05,W1041,52.8428,10.868,0.1,,16.2,16.8,0.141,17.2,0.053,2.59,icon_d2
2026-09-05,W1042,52.8428,10.8975,0.2,,16.2,17.3,0.195,17.8,0.132,2.68,icon_d2
2026-09-05,W1043,52.8428,10.9271,0.2,,16.2,17.3,0.195,17.8,0.132,2.68,icon_d2
2026-09-05,W1044,52.8428,10.9566,0.3,,16.3,17.3,0.195,17.8,0.132,2.7,icon_d2
2026-09-05,W1045,52.8428,10.9861,0.5,,16.4,17.3,0.195,17.8,0.132,2.68,icon_d2
2026-09-05,W1741,52.8428,11.0747,0.6,,16.3,17.4,0.188,18.1,0.131,2.53,icon_d2
2026-09-05,W1784,52.8518,10.6765,0.6,,16.1,16.7,0.154,17.1,0.039,2.55,icon_d2
2026-09-05,W1785,52.8518,11.00171,0.5,,16.3,17.3,0.195,17.8,0.132,2.56,icon_d2
2026-09-05,W1786,52.8518,11.03127,0.8,,16.0,16.8,0.118,17.4,0.055,2.43,icon_d2
2026-09-05,W1787,52.8518,11.0904,1.1,,16.2,17.4,0.188,18.1,0.131,2.51,icon_d2
2026-09-05,W1788,52.8518,11.11997,1.5,,16.4,17.4,0.188,18.1,0.131,2.49,icon_d2
2026-09-05,W1789,52.8518,11.14953,1.5,,16.4,17.4,0.188,18.1,0.131,2.5,icon_d2
2026-09-05,W1790,52.59955,10.73563,0.0,,15.8,16.9,0.194,17.2,0.076,2.34,icon_d2
2026-09-05,W1791,52.61757,10.88345,0.1,,15.9,17.0,0.261,17.5,0.152,2.56,icon_d2
2026-09-05,W1792,52.61757,10.91302,0.1,,16.0,17.0,0.261,17.5,0.152,2.53,icon_d2
2026-09-05,W1793,52.61757,11.14953,0.6,,16.2,17.2,0.235,17.7,0.145,2.39,icon_d2
2026-09-05,W1794,52.63559,10.29217,1.7,,16.3,16.9,0.196,17.3,0.068,2.69,icon_d2
2026-09-05,W1795,52.63559,10.32173,1.7,,16.2,16.7,0.204,17.1,0.081,2.6,icon_d2
2026-09-05,W1796,52.63559,10.52868,0.0,,15.8,16.8,0.183,17.0,0.058,2.38,icon_d2
2026-09-05,W1797,52.63559,10.88345,0.1,,16.1,17.0,0.261,17.5,0.152,2.58,icon_d2
2026-09-05,W1798,52.63559,10.91302,0.2,,16.0,17.0,0.261,17.5,0.152,2.58,icon_d2
2026-09-05,W1799,52.63559,11.06084,0.5,,16.1,17.2,0.235,17.7,0.145,2.54,icon_d2
2026-09-05,W1800,52.63559,11.14953,0.5,,16.1,17.2,0.235,17.7,0.145,2.43,icon_d2
2026-09-05,W1801,52.6536,10.23304,0.6,,16.2,16.9,0.196,17.3,0.068,2.51,icon_d2
